Initializing UnifiedLLMW4A16Impl_base
Using NPU config struct.
Configuring NPU (Base):
  Heterogeneity: gpu
  GPU Count: 1
  Debug Verbosity: 1
  Dummy Weights: false
  Warmup: false
  Preload MoE: true
  Minimal PDI: true
[GPU SELECT] Free VRAM ranking: gpu0=28.00/28.00 GiB
[GPU SELECT] Selected GPUs for gpu-count=1: [0]
[GPU MAP] Single-GPU placement on gpu0
UnifiedLLMW4A16 moved to device: cuda:0
Preloading MoE kernels...
MoE kernels preloaded.
UnifiedLLMW4A16 initialized on device: cuda:0 with w4a16 quantization
Loading non-quantized weights from safetensors (mmap): /home/michael/heteroPredict/py/unified_llm_w4a16/model_weights/Qwen3-30B-A3B-AWQ.safetensors
Loaded 243 non-quantized parameters, skipped 0
Loading quantized weights from bins: /home/michael/heteroPredict/py/unified_llm_w4a16/model_weights/Qwen3-30B-A3B-AWQ_unpacked
Pre-warming 24 experts for all layers...
Layer 0: Pre-warming 24 experts.
Layer 0: using packed expert format.
[MoE I/O] Expert weight reads require O_DIRECT (no buffered fallback).
Layer 1: Pre-warming 24 experts.
Layer 1: using packed expert format.
Layer 2: Pre-warming 24 experts.
Layer 2: using packed expert format.
Layer 3: Pre-warming 24 experts.
Layer 3: using packed expert format.
Prewarmed experts for layer 4/48
Layer 4: Pre-warming 24 experts.
Layer 4: using packed expert format.
Layer 5: Pre-warming 24 experts.
Layer 5: using packed expert format.
Layer 6: Pre-warming 24 experts.
Layer 6: using packed expert format.
Layer 7: Pre-warming 24 experts.
Layer 7: using packed expert format.
Prewarmed experts for layer 8/48
Layer 8: Pre-warming 24 experts.
Layer 8: using packed expert format.
Layer 9: Pre-warming 24 experts.
Layer 9: using packed expert format.
Layer 10: Pre-warming 24 experts.
Layer 10: using packed expert format.
Layer 11: Pre-warming 24 experts.
Layer 11: using packed expert format.
Prewarmed experts for layer 12/48
Layer 12: Pre-warming 24 experts.
Layer 12: using packed expert format.
Layer 13: Pre-warming 24 experts.
Layer 13: using packed expert format.
Layer 14: Pre-warming 24 experts.
Layer 14: using packed expert format.
Layer 15: Pre-warming 24 experts.
Layer 15: using packed expert format.
Prewarmed experts for layer 16/48
Layer 16: Pre-warming 24 experts.
Layer 16: using packed expert format.
Layer 17: Pre-warming 24 experts.
Layer 17: using packed expert format.
Layer 18: Pre-warming 24 experts.
Layer 18: using packed expert format.
Layer 19: Pre-warming 24 experts.
Layer 19: using packed expert format.
Prewarmed experts for layer 20/48
Layer 20: Pre-warming 24 experts.
Layer 20: using packed expert format.
Layer 21: Pre-warming 24 experts.
Layer 21: using packed expert format.
Layer 22: Pre-warming 24 experts.
Layer 22: using packed expert format.
Layer 23: Pre-warming 24 experts.
Layer 23: using packed expert format.
Prewarmed experts for layer 24/48
Layer 24: Pre-warming 24 experts.
Layer 24: using packed expert format.
Layer 25: Pre-warming 24 experts.
Layer 25: using packed expert format.
Layer 26: Pre-warming 24 experts.
Layer 26: using packed expert format.
Layer 27: Pre-warming 24 experts.
Layer 27: using packed expert format.
Prewarmed experts for layer 28/48
Layer 28: Pre-warming 24 experts.
Layer 28: using packed expert format.
Layer 29: Pre-warming 24 experts.
Layer 29: using packed expert format.
Layer 30: Pre-warming 24 experts.
Layer 30: using packed expert format.
Layer 31: Pre-warming 24 experts.
Layer 31: using packed expert format.
Prewarmed experts for layer 32/48
Layer 32: Pre-warming 24 experts.
Layer 32: using packed expert format.
Layer 33: Pre-warming 24 experts.
Layer 33: using packed expert format.
Layer 34: Pre-warming 24 experts.
Layer 34: using packed expert format.
Layer 35: Pre-warming 24 experts.
Layer 35: using packed expert format.
Prewarmed experts for layer 36/48
Layer 36: Pre-warming 24 experts.
Layer 36: using packed expert format.
Layer 37: Pre-warming 24 experts.
Layer 37: using packed expert format.
Layer 38: Pre-warming 24 experts.
Layer 38: using packed expert format.
Layer 39: Pre-warming 24 experts.
Layer 39: using packed expert format.
Prewarmed experts for layer 40/48
Layer 40: Pre-warming 24 experts.
Layer 40: using packed expert format.
Layer 41: Pre-warming 24 experts.
Layer 41: using packed expert format.
Layer 42: Pre-warming 24 experts.
Layer 42: using packed expert format.
Layer 43: Pre-warming 24 experts.
Layer 43: using packed expert format.
Prewarmed experts for layer 44/48
Layer 44: Pre-warming 24 experts.
Layer 44: using packed expert format.
Layer 45: Pre-warming 24 experts.
Layer 45: using packed expert format.
Layer 46: Pre-warming 24 experts.
Layer 46: using packed expert format.
Layer 47: Pre-warming 24 experts.
Layer 47: using packed expert format.
Prewarmed experts for layer 48/48
Libtorch input_ids shape: [1, 712]
Skipping warmup.
Prefill time: 20.3351 seconds
Generation phase
[MoE] Layer 0: loading 7 expert(s)
[MoE] Layer 1: loading 7 expert(s)
[MoE] Layer 2: loading 7 expert(s)
[MoE] Layer 3: loading 6 expert(s)
[MoE] Layer 4: loading 8 expert(s)
[MoE] Layer 5: loading 6 expert(s)
[MoE] Layer 6: loading 7 expert(s)
[MoE] Layer 7: loading 5 expert(s)
[MoE] Layer 8: loading 5 expert(s)
[MoE] Layer 9: loading 5 expert(s)
[MoE] Layer 10: loading 5 expert(s)
[MoE] Layer 11: loading 7 expert(s)
[MoE] Layer 12: loading 5 expert(s)
[MoE] Layer 13: loading 7 expert(s)
[MoE] Layer 14: loading 7 expert(s)
[MoE] Layer 15: loading 5 expert(s)
[MoE] Layer 16: loading 4 expert(s)
[MoE] Layer 17: loading 8 expert(s)
[MoE] Layer 18: loading 6 expert(s)
[MoE] Layer 19: loading 5 expert(s)
[MoE] Layer 20: loading 5 expert(s)
[MoE] Layer 21: loading 4 expert(s)
[MoE] Layer 22: loading 7 expert(s)
[MoE] Layer 23: loading 7 expert(s)
[MoE] Layer 24: loading 7 expert(s)
[MoE] Layer 25: loading 8 expert(s)
[MoE] Layer 26: loading 7 expert(s)
[MoE] Layer 27: loading 6 expert(s)
[MoE] Layer 28: loading 4 expert(s)
[MoE] Layer 29: loading 8 expert(s)
[MoE] Layer 30: loading 6 expert(s)
[MoE] Layer 31: loading 6 expert(s)
[MoE] Layer 32: loading 5 expert(s)
[MoE] Layer 33: loading 4 expert(s)
[MoE] Layer 34: loading 5 expert(s)
[MoE] Layer 35: loading 7 expert(s)
[MoE] Layer 36: loading 6 expert(s)
[MoE] Layer 37: loading 5 expert(s)
[MoE] Layer 38: loading 6 expert(s)
[MoE] Layer 39: loading 3 expert(s)
[MoE] Layer 40: loading 4 expert(s)
[MoE] Layer 41: loading 7 expert(s)
[MoE] Layer 42: loading 6 expert(s)
[MoE] Layer 43: loading 6 expert(s)
[MoE] Layer 44: loading 5 expert(s)
[MoE] Layer 45: loading 7 expert(s)
[MoE] Layer 46: loading 5 expert(s)
[MoE] Layer 47: loading 5 expert(s)
[MoE] Layer 0: loading 7 expert(s)
[MoE] Layer 1: loading 4 expert(s)
[MoE] Layer 2: loading 5 expert(s)
[MoE] Layer 3: loading 3 expert(s)
[MoE] Layer 4: loading 6 expert(s)
[MoE] Layer 5: loading 3 expert(s)
[MoE] Layer 6: loading 3 expert(s)
[MoE] Layer 7: loading 4 expert(s)
[MoE] Layer 8: loading 6 expert(s)
[MoE] Layer 9: loading 3 expert(s)
[MoE] Layer 10: loading 4 expert(s)
[MoE] Layer 11: loading 5 expert(s)
[MoE] Layer 12: loading 2 expert(s)
[MoE] Layer 13: loading 3 expert(s)
[MoE] Layer 14: loading 5 expert(s)
[MoE] Layer 15: loading 2 expert(s)
[MoE] Layer 16: loading 4 expert(s)
[MoE] Layer 17: loading 1 expert(s)
[MoE] Layer 18: loading 2 expert(s)
[MoE] Layer 19: loading 4 expert(s)
[MoE] Layer 20: loading 4 expert(s)
[MoE] Layer 21: loading 4 expert(s)
[MoE] Layer 22: loading 4 expert(s)
[MoE] Layer 23: loading 4 expert(s)
[MoE] Layer 24: loading 4 expert(s)
[MoE] Layer 25: loading 5 expert(s)
[MoE] Layer 26: loading 4 expert(s)
[MoE] Layer 27: loading 3 expert(s)
[MoE] Layer 28: loading 5 expert(s)
[MoE] Layer 29: loading 4 expert(s)
[MoE] Layer 30: loading 2 expert(s)
[MoE] Layer 31: loading 3 expert(s)
[MoE] Layer 32: loading 2 expert(s)
[MoE] Layer 33: loading 4 expert(s)
[MoE] Layer 34: loading 2 expert(s)
[MoE] Layer 35: loading 3 expert(s)
[MoE] Layer 36: loading 4 expert(s)
[MoE] Layer 37: loading 5 expert(s)
[MoE] Layer 38: loading 6 expert(s)
[MoE] Layer 39: loading 1 expert(s)
[MoE] Layer 40: loading 3 expert(s)
[MoE] Layer 41: loading 7 expert(s)
[MoE] Layer 42: loading 5 expert(s)
[MoE] Layer 43: loading 1 expert(s)
[MoE] Layer 44: loading 5 expert(s)
[MoE] Layer 45: loading 3 expert(s)
[MoE] Layer 46: loading 3 expert(s)
[MoE] Layer 47: loading 5 expert(s)
[MoE] Layer 0: loading 6 expert(s)
[MoE] Layer 1: loading 4 expert(s)
[MoE] Layer 2: loading 2 expert(s)
[MoE] Layer 3: loading 3 expert(s)
[MoE] Layer 5: loading 1 expert(s)
[MoE] Layer 6: loading 1 expert(s)
[MoE] Layer 7: loading 1 expert(s)
[MoE] Layer 8: loading 2 expert(s)
[MoE] Layer 10: loading 2 expert(s)
[MoE] Layer 11: loading 2 expert(s)
[MoE] Layer 12: loading 2 expert(s)
[MoE] Layer 13: loading 4 expert(s)
[MoE] Layer 14: loading 1 expert(s)
[MoE] Layer 16: loading 2 expert(s)
[MoE] Layer 17: loading 1 expert(s)
[MoE] Layer 18: loading 1 expert(s)
[MoE] Layer 19: loading 1 expert(s)
[MoE] Layer 20: loading 1 expert(s)
[MoE] Layer 21: loading 1 expert(s)
[MoE] Layer 23: loading 4 expert(s)
[MoE] Layer 24: loading 1 expert(s)
[MoE] Layer 25: loading 2 expert(s)
[MoE] Layer 26: loading 3 expert(s)
[MoE] Layer 27: loading 2 expert(s)
[MoE] Layer 28: loading 3 expert(s)
[MoE] Layer 29: loading 1 expert(s)
[MoE] Layer 30: loading 2 expert(s)
[MoE] Layer 31: loading 2 expert(s)
[MoE] Layer 32: loading 4 expert(s)
[MoE] Layer 33: loading 2 expert(s)
[MoE] Layer 34: loading 1 expert(s)
[MoE] Layer 35: loading 1 expert(s)
[MoE] Layer 36: loading 1 expert(s)
[MoE] Layer 37: loading 2 expert(s)
[MoE] Layer 38: loading 3 expert(s)
[MoE] Layer 39: loading 2 expert(s)
[MoE] Layer 40: loading 1 expert(s)
[MoE] Layer 42: loading 3 expert(s)
[MoE] Layer 43: loading 1 expert(s)
[MoE] Layer 44: loading 3 expert(s)
[MoE] Layer 45: loading 4 expert(s)
[MoE] Layer 46: loading 2 expert(s)
[MoE] Layer 47: loading 2 expert(s)
[MoE] Layer 0: loading 6 expert(s)
[MoE] Layer 1: loading 4 expert(s)
[MoE] Layer 2: loading 1 expert(s)
[MoE] Layer 3: loading 2 expert(s)
[MoE] Layer 4: loading 2 expert(s)
[MoE] Layer 5: loading 3 expert(s)
[MoE] Layer 6: loading 2 expert(s)
[MoE] Layer 7: loading 2 expert(s)
[MoE] Layer 8: loading 3 expert(s)
[MoE] Layer 9: loading 1 expert(s)
[MoE] Layer 10: loading 2 expert(s)
[MoE] Layer 11: loading 1 expert(s)
[MoE] Layer 12: loading 1 expert(s)
[MoE] Layer 13: loading 2 expert(s)
[MoE] Layer 14: loading 6 expert(s)
[MoE] Layer 15: loading 3 expert(s)
[MoE] Layer 16: loading 2 expert(s)
[MoE] Layer 17: loading 3 expert(s)
[MoE] Layer 18: loading 2 expert(s)
[MoE] Layer 19: loading 2 expert(s)
[MoE] Layer 20: loading 2 expert(s)
[MoE] Layer 21: loading 1 expert(s)
[MoE] Layer 22: loading 4 expert(s)
[MoE] Layer 23: loading 2 expert(s)
[MoE] Layer 24: loading 2 expert(s)
[MoE] Layer 25: loading 3 expert(s)
[MoE] Layer 26: loading 5 expert(s)
[MoE] Layer 27: loading 3 expert(s)
[MoE] Layer 28: loading 3 expert(s)
[MoE] Layer 29: loading 4 expert(s)
[MoE] Layer 30: loading 4 expert(s)
[MoE] Layer 31: loading 3 expert(s)
[MoE] Layer 32: loading 4 expert(s)
[MoE] Layer 33: loading 4 expert(s)
[MoE] Layer 34: loading 4 expert(s)
[MoE] Layer 35: loading 3 expert(s)
[MoE] Layer 36: loading 3 expert(s)
[MoE] Layer 37: loading 4 expert(s)
[MoE] Layer 38: loading 6 expert(s)
[MoE] Layer 39: loading 4 expert(s)
[MoE] Layer 40: loading 5 expert(s)
[MoE] Layer 41: loading 5 expert(s)
[MoE] Layer 42: loading 5 expert(s)
[MoE] Layer 43: loading 6 expert(s)
[MoE] Layer 44: loading 6 expert(s)
[MoE] Layer 45: loading 5 expert(s)
[MoE] Layer 46: loading 3 expert(s)
[MoE] Layer 47: loading 6 expert(s)
[MoE] Layer 0: loading 6 expert(s)
[MoE] Layer 1: loading 3 expert(s)
[MoE] Layer 2: loading 4 expert(s)
[MoE] Layer 3: loading 5 expert(s)
[MoE] Layer 4: loading 3 expert(s)
[MoE] Layer 5: loading 4 expert(s)
[MoE] Layer 6: loading 3 expert(s)
[MoE] Layer 7: loading 1 expert(s)
[MoE] Layer 8: loading 3 expert(s)
[MoE] Layer 9: loading 4 expert(s)
[MoE] Layer 10: loading 3 expert(s)
[MoE] Layer 11: loading 4 expert(s)
[MoE] Layer 12: loading 5 expert(s)
[MoE] Layer 13: loading 4 expert(s)
[MoE] Layer 14: loading 2 expert(s)
[MoE] Layer 15: loading 1 expert(s)
[MoE] Layer 16: loading 4 expert(s)
[MoE] Layer 17: loading 5 expert(s)
[MoE] Layer 18: loading 1 expert(s)
[MoE] Layer 19: loading 1 expert(s)
[MoE] Layer 20: loading 3 expert(s)
[MoE] Layer 21: loading 2 expert(s)
[MoE] Layer 22: loading 2 expert(s)
[MoE] Layer 23: loading 3 expert(s)
[MoE] Layer 24: loading 2 expert(s)
[MoE] Layer 25: loading 4 expert(s)
[MoE] Layer 26: loading 2 expert(s)
[MoE] Layer 27: loading 4 expert(s)
[MoE] Layer 28: loading 3 expert(s)
[MoE] Layer 29: loading 4 expert(s)
[MoE] Layer 30: loading 2 expert(s)
[MoE] Layer 31: loading 3 expert(s)
[MoE] Layer 32: loading 1 expert(s)
[MoE] Layer 33: loading 1 expert(s)
[MoE] Layer 34: loading 2 expert(s)
[MoE] Layer 35: loading 2 expert(s)
[MoE] Layer 36: loading 3 expert(s)
[MoE] Layer 37: loading 4 expert(s)
[MoE] Layer 38: loading 1 expert(s)
[MoE] Layer 39: loading 2 expert(s)
[MoE] Layer 40: loading 5 expert(s)
[MoE] Layer 41: loading 5 expert(s)
[MoE] Layer 42: loading 3 expert(s)
[MoE] Layer 43: loading 2 expert(s)
[MoE] Layer 44: loading 4 expert(s)
[MoE] Layer 45: loading 4 expert(s)
[MoE] Layer 46: loading 1 expert(s)
[MoE] Layer 47: loading 5 expert(s)
[gen 5/99] elapsed=2.1s  TPS=2.363
[MoE] Layer 0: loading 7 expert(s)
[MoE] Layer 1: loading 5 expert(s)
[MoE] Layer 2: loading 1 expert(s)
[MoE] Layer 3: loading 4 expert(s)
[MoE] Layer 4: loading 5 expert(s)
[MoE] Layer 5: loading 4 expert(s)
[MoE] Layer 6: loading 2 expert(s)
[MoE] Layer 7: loading 2 expert(s)
[MoE] Layer 8: loading 3 expert(s)
[MoE] Layer 10: loading 2 expert(s)
[MoE] Layer 11: loading 3 expert(s)
[MoE] Layer 12: loading 2 expert(s)
[MoE] Layer 13: loading 2 expert(s)
[MoE] Layer 14: loading 4 expert(s)
[MoE] Layer 15: loading 2 expert(s)
[MoE] Layer 16: loading 2 expert(s)
[MoE] Layer 17: loading 5 expert(s)
[MoE] Layer 18: loading 3 expert(s)
[MoE] Layer 19: loading 3 expert(s)
[MoE] Layer 20: loading 3 expert(s)
[MoE] Layer 21: loading 2 expert(s)
[MoE] Layer 22: loading 1 expert(s)
[MoE] Layer 23: loading 3 expert(s)
[MoE] Layer 24: loading 3 expert(s)
[MoE] Layer 25: loading 3 expert(s)
[MoE] Layer 26: loading 5 expert(s)
[MoE] Layer 27: loading 1 expert(s)
[MoE] Layer 28: loading 3 expert(s)
[MoE] Layer 29: loading 5 expert(s)
[MoE] Layer 30: loading 2 expert(s)
[MoE] Layer 31: loading 1 expert(s)
[MoE] Layer 32: loading 1 expert(s)
[MoE] Layer 33: loading 1 expert(s)
[MoE] Layer 34: loading 2 expert(s)
[MoE] Layer 35: loading 4 expert(s)
[MoE] Layer 37: loading 1 expert(s)
[MoE] Layer 38: loading 3 expert(s)
[MoE] Layer 39: loading 3 expert(s)
[MoE] Layer 40: loading 3 expert(s)
[MoE] Layer 41: loading 3 expert(s)
[MoE] Layer 42: loading 3 expert(s)
[MoE] Layer 43: loading 3 expert(s)
[MoE] Layer 44: loading 2 expert(s)
[MoE] Layer 46: loading 4 expert(s)
[MoE] Layer 47: loading 2 expert(s)
[MoE] Layer 0: loading 7 expert(s)
[MoE] Layer 1: loading 5 expert(s)
[MoE] Layer 2: loading 5 expert(s)
[MoE] Layer 3: loading 4 expert(s)
[MoE] Layer 4: loading 5 expert(s)
[MoE] Layer 5: loading 4 expert(s)
[MoE] Layer 6: loading 1 expert(s)
[MoE] Layer 7: loading 1 expert(s)
[MoE] Layer 8: loading 5 expert(s)
[MoE] Layer 9: loading 3 expert(s)
[MoE] Layer 10: loading 4 expert(s)
[MoE] Layer 11: loading 4 expert(s)
[MoE] Layer 12: loading 3 expert(s)
[MoE] Layer 13: loading 5 expert(s)
[MoE] Layer 14: loading 3 expert(s)
[MoE] Layer 15: loading 3 expert(s)
[MoE] Layer 16: loading 3 expert(s)
[MoE] Layer 17: loading 4 expert(s)
[MoE] Layer 18: loading 1 expert(s)
[MoE] Layer 19: loading 2 expert(s)
[MoE] Layer 20: loading 2 expert(s)
[MoE] Layer 21: loading 5 expert(s)
[MoE] Layer 22: loading 3 expert(s)
[MoE] Layer 23: loading 4 expert(s)
[MoE] Layer 24: loading 3 expert(s)
[MoE] Layer 25: loading 4 expert(s)
[MoE] Layer 26: loading 2 expert(s)
[MoE] Layer 27: loading 3 expert(s)
[MoE] Layer 28: loading 5 expert(s)
[MoE] Layer 29: loading 4 expert(s)
[MoE] Layer 30: loading 3 expert(s)
[MoE] Layer 31: loading 1 expert(s)
[MoE] Layer 33: loading 2 expert(s)
[MoE] Layer 34: loading 4 expert(s)
[MoE] Layer 35: loading 4 expert(s)
[MoE] Layer 36: loading 1 expert(s)
[MoE] Layer 37: loading 3 expert(s)
[MoE] Layer 38: loading 3 expert(s)
[MoE] Layer 39: loading 4 expert(s)
[MoE] Layer 40: loading 4 expert(s)
[MoE] Layer 41: loading 4 expert(s)
[MoE] Layer 42: loading 4 expert(s)
[MoE] Layer 43: loading 3 expert(s)
[MoE] Layer 44: loading 4 expert(s)
[MoE] Layer 45: loading 4 expert(s)
[MoE] Layer 46: loading 5 expert(s)
[MoE] Layer 47: loading 8 expert(s)
[MoE] Layer 0: loading 8 expert(s)
[MoE] Layer 1: loading 4 expert(s)
[MoE] Layer 2: loading 3 expert(s)
[MoE] Layer 3: loading 3 expert(s)
[MoE] Layer 4: loading 3 expert(s)
[MoE] Layer 5: loading 1 expert(s)
[MoE] Layer 6: loading 1 expert(s)
[MoE] Layer 7: loading 1 expert(s)
[MoE] Layer 8: loading 3 expert(s)
[MoE] Layer 9: loading 2 expert(s)
[MoE] Layer 10: loading 1 expert(s)
[MoE] Layer 11: loading 4 expert(s)
[MoE] Layer 12: loading 1 expert(s)
[MoE] Layer 13: loading 5 expert(s)
[MoE] Layer 14: loading 3 expert(s)
[MoE] Layer 15: loading 1 expert(s)
[MoE] Layer 16: loading 1 expert(s)
[MoE] Layer 17: loading 4 expert(s)
[MoE] Layer 19: loading 1 expert(s)
[MoE] Layer 20: loading 1 expert(s)
[MoE] Layer 21: loading 2 expert(s)
[MoE] Layer 22: loading 1 expert(s)
[MoE] Layer 23: loading 3 expert(s)
[MoE] Layer 24: loading 2 expert(s)
[MoE] Layer 25: loading 3 expert(s)
[MoE] Layer 26: loading 2 expert(s)
[MoE] Layer 27: loading 2 expert(s)
[MoE] Layer 28: loading 4 expert(s)
[MoE] Layer 29: loading 4 expert(s)
[MoE] Layer 30: loading 3 expert(s)
[MoE] Layer 31: loading 1 expert(s)
[MoE] Layer 32: loading 1 expert(s)
[MoE] Layer 33: loading 3 expert(s)
[MoE] Layer 34: loading 4 expert(s)
[MoE] Layer 35: loading 6 expert(s)
[MoE] Layer 36: loading 1 expert(s)
[MoE] Layer 37: loading 3 expert(s)
[MoE] Layer 38: loading 3 expert(s)
[MoE] Layer 39: loading 2 expert(s)
[MoE] Layer 40: loading 4 expert(s)
[MoE] Layer 41: loading 2 expert(s)
[MoE] Layer 42: loading 4 expert(s)
[MoE] Layer 43: loading 4 expert(s)
[MoE] Layer 44: loading 2 expert(s)
[MoE] Layer 45: loading 2 expert(s)
[MoE] Layer 46: loading 1 expert(s)
[MoE] Layer 47: loading 5 expert(s)
[MoE] Layer 0: loading 3 expert(s)
[MoE] Layer 1: loading 3 expert(s)
[MoE] Layer 2: loading 3 expert(s)
[MoE] Layer 3: loading 3 expert(s)
[MoE] Layer 4: loading 2 expert(s)
[MoE] Layer 5: loading 1 expert(s)
[MoE] Layer 6: loading 1 expert(s)
[MoE] Layer 7: loading 2 expert(s)
[MoE] Layer 8: loading 3 expert(s)
[MoE] Layer 9: loading 1 expert(s)
[MoE] Layer 10: loading 1 expert(s)
[MoE] Layer 11: loading 5 expert(s)
[MoE] Layer 12: loading 1 expert(s)
[MoE] Layer 13: loading 2 expert(s)
[MoE] Layer 14: loading 2 expert(s)
[MoE] Layer 15: loading 1 expert(s)
[MoE] Layer 16: loading 2 expert(s)
[MoE] Layer 17: loading 2 expert(s)
[MoE] Layer 18: loading 1 expert(s)
[MoE] Layer 20: loading 2 expert(s)
[MoE] Layer 21: loading 2 expert(s)
[MoE] Layer 22: loading 1 expert(s)
[MoE] Layer 23: loading 5 expert(s)
[MoE] Layer 24: loading 1 expert(s)
[MoE] Layer 25: loading 1 expert(s)
[MoE] Layer 27: loading 2 expert(s)
[MoE] Layer 28: loading 1 expert(s)
[MoE] Layer 29: loading 1 expert(s)
[MoE] Layer 30: loading 1 expert(s)
[MoE] Layer 31: loading 2 expert(s)
[MoE] Layer 32: loading 4 expert(s)
[MoE] Layer 33: loading 1 expert(s)
[MoE] Layer 34: loading 3 expert(s)
[MoE] Layer 35: loading 2 expert(s)
[MoE] Layer 36: loading 1 expert(s)
[MoE] Layer 37: loading 1 expert(s)
[MoE] Layer 38: loading 1 expert(s)
[MoE] Layer 40: loading 1 expert(s)
[MoE] Layer 41: loading 3 expert(s)
[MoE] Layer 42: loading 4 expert(s)
[MoE] Layer 43: loading 1 expert(s)
[MoE] Layer 44: loading 1 expert(s)
[MoE] Layer 45: loading 1 expert(s)
[MoE] Layer 46: loading 1 expert(s)
[MoE] Layer 47: loading 4 expert(s)
[MoE] Layer 0: loading 6 expert(s)
[MoE] Layer 1: loading 5 expert(s)
[MoE] Layer 2: loading 8 expert(s)
[MoE] Layer 3: loading 4 expert(s)
[MoE] Layer 4: loading 4 expert(s)
[MoE] Layer 5: loading 5 expert(s)
[MoE] Layer 6: loading 2 expert(s)
[MoE] Layer 7: loading 2 expert(s)
[MoE] Layer 8: loading 4 expert(s)
[MoE] Layer 9: loading 4 expert(s)
[MoE] Layer 10: loading 6 expert(s)
[MoE] Layer 11: loading 5 expert(s)
[MoE] Layer 12: loading 4 expert(s)
[MoE] Layer 13: loading 5 expert(s)
[MoE] Layer 14: loading 4 expert(s)
[MoE] Layer 15: loading 3 expert(s)
[MoE] Layer 16: loading 4 expert(s)
[MoE] Layer 17: loading 3 expert(s)
[MoE] Layer 18: loading 5 expert(s)
[MoE] Layer 19: loading 6 expert(s)
[MoE] Layer 20: loading 6 expert(s)
[MoE] Layer 21: loading 4 expert(s)
[MoE] Layer 22: loading 6 expert(s)
[MoE] Layer 23: loading 5 expert(s)
[MoE] Layer 24: loading 5 expert(s)
[MoE] Layer 25: loading 6 expert(s)
[MoE] Layer 26: loading 3 expert(s)
[MoE] Layer 27: loading 5 expert(s)
[MoE] Layer 28: loading 3 expert(s)
[MoE] Layer 29: loading 5 expert(s)
[MoE] Layer 30: loading 6 expert(s)
[MoE] Layer 31: loading 2 expert(s)
[MoE] Layer 32: loading 2 expert(s)
[MoE] Layer 33: loading 3 expert(s)
[MoE] Layer 34: loading 3 expert(s)
[MoE] Layer 35: loading 6 expert(s)
[MoE] Layer 36: loading 3 expert(s)
[MoE] Layer 37: loading 6 expert(s)
[MoE] Layer 38: loading 3 expert(s)
[MoE] Layer 39: loading 4 expert(s)
[MoE] Layer 40: loading 4 expert(s)
[MoE] Layer 41: loading 5 expert(s)
[MoE] Layer 42: loading 3 expert(s)
[MoE] Layer 43: loading 2 expert(s)
[MoE] Layer 44: loading 2 expert(s)
[MoE] Layer 45: loading 2 expert(s)
[MoE] Layer 46: loading 1 expert(s)
[MoE] Layer 47: loading 5 expert(s)
[gen 10/99] elapsed=4.0s  TPS=2.503
[MoE] Layer 0: loading 5 expert(s)
[MoE] Layer 1: loading 3 expert(s)
[MoE] Layer 2: loading 3 expert(s)
[MoE] Layer 3: loading 4 expert(s)
[MoE] Layer 4: loading 1 expert(s)
[MoE] Layer 5: loading 3 expert(s)
[MoE] Layer 7: loading 2 expert(s)
[MoE] Layer 8: loading 2 expert(s)
[MoE] Layer 10: loading 1 expert(s)
[MoE] Layer 11: loading 4 expert(s)
[MoE] Layer 12: loading 3 expert(s)
[MoE] Layer 13: loading 2 expert(s)
[MoE] Layer 14: loading 2 expert(s)
[MoE] Layer 15: loading 1 expert(s)
[MoE] Layer 16: loading 3 expert(s)
[MoE] Layer 17: loading 3 expert(s)
[MoE] Layer 18: loading 1 expert(s)
[MoE] Layer 20: loading 1 expert(s)
[MoE] Layer 21: loading 1 expert(s)
[MoE] Layer 22: loading 1 expert(s)
[MoE] Layer 23: loading 5 expert(s)
[MoE] Layer 24: loading 3 expert(s)
[MoE] Layer 25: loading 2 expert(s)
[MoE] Layer 26: loading 1 expert(s)
[MoE] Layer 27: loading 3 expert(s)
[MoE] Layer 28: loading 4 expert(s)
[MoE] Layer 29: loading 4 expert(s)
[MoE] Layer 30: loading 2 expert(s)
[MoE] Layer 32: loading 2 expert(s)
[MoE] Layer 33: loading 1 expert(s)
[MoE] Layer 34: loading 2 expert(s)
[MoE] Layer 35: loading 2 expert(s)
[MoE] Layer 36: loading 1 expert(s)
[MoE] Layer 37: loading 2 expert(s)
[MoE] Layer 38: loading 4 expert(s)
[MoE] Layer 39: loading 3 expert(s)
[MoE] Layer 40: loading 4 expert(s)
[MoE] Layer 41: loading 5 expert(s)
[MoE] Layer 42: loading 3 expert(s)
[MoE] Layer 43: loading 2 expert(s)
[MoE] Layer 44: loading 2 expert(s)
[MoE] Layer 45: loading 4 expert(s)
[MoE] Layer 46: loading 5 expert(s)
[MoE] Layer 47: loading 5 expert(s)
[MoE] Layer 0: loading 7 expert(s)
[MoE] Layer 1: loading 7 expert(s)
[MoE] Layer 2: loading 6 expert(s)
[MoE] Layer 3: loading 7 expert(s)
[MoE] Layer 4: loading 5 expert(s)
[MoE] Layer 5: loading 4 expert(s)
[MoE] Layer 6: loading 2 expert(s)
[MoE] Layer 7: loading 2 expert(s)
[MoE] Layer 8: loading 4 expert(s)
[MoE] Layer 9: loading 1 expert(s)
[MoE] Layer 10: loading 4 expert(s)
[MoE] Layer 11: loading 7 expert(s)
[MoE] Layer 12: loading 3 expert(s)
[MoE] Layer 13: loading 4 expert(s)
[MoE] Layer 14: loading 2 expert(s)
[MoE] Layer 15: loading 3 expert(s)
[MoE] Layer 16: loading 5 expert(s)
[MoE] Layer 17: loading 6 expert(s)
[MoE] Layer 18: loading 3 expert(s)
[MoE] Layer 19: loading 1 expert(s)
[MoE] Layer 20: loading 3 expert(s)
[MoE] Layer 21: loading 1 expert(s)
[MoE] Layer 22: loading 3 expert(s)
[MoE] Layer 23: loading 4 expert(s)
[MoE] Layer 24: loading 2 expert(s)
[MoE] Layer 25: loading 2 expert(s)
[MoE] Layer 26: loading 4 expert(s)
[MoE] Layer 27: loading 1 expert(s)
[MoE] Layer 28: loading 4 expert(s)
[MoE] Layer 29: loading 4 expert(s)
[MoE] Layer 30: loading 1 expert(s)
[MoE] Layer 31: loading 2 expert(s)
[MoE] Layer 32: loading 1 expert(s)
[MoE] Layer 33: loading 3 expert(s)
[MoE] Layer 34: loading 4 expert(s)
[MoE] Layer 35: loading 5 expert(s)
[MoE] Layer 36: loading 4 expert(s)
[MoE] Layer 37: loading 4 expert(s)
[MoE] Layer 38: loading 1 expert(s)
[MoE] Layer 40: loading 4 expert(s)
[MoE] Layer 41: loading 3 expert(s)
[MoE] Layer 42: loading 4 expert(s)
[MoE] Layer 43: loading 2 expert(s)
[MoE] Layer 44: loading 4 expert(s)
[MoE] Layer 45: loading 1 expert(s)
[MoE] Layer 46: loading 3 expert(s)
[MoE] Layer 47: loading 6 expert(s)
[MoE] Layer 0: loading 7 expert(s)
[MoE] Layer 1: loading 6 expert(s)
[MoE] Layer 2: loading 4 expert(s)
[MoE] Layer 3: loading 1 expert(s)
[MoE] Layer 4: loading 2 expert(s)
[MoE] Layer 5: loading 4 expert(s)
[MoE] Layer 6: loading 2 expert(s)
[MoE] Layer 7: loading 1 expert(s)
[MoE] Layer 8: loading 2 expert(s)
[MoE] Layer 9: loading 1 expert(s)
[MoE] Layer 10: loading 3 expert(s)
[MoE] Layer 11: loading 3 expert(s)
[MoE] Layer 12: loading 1 expert(s)
[MoE] Layer 13: loading 4 expert(s)
[MoE] Layer 14: loading 2 expert(s)
[MoE] Layer 15: loading 1 expert(s)
[MoE] Layer 16: loading 2 expert(s)
[MoE] Layer 17: loading 2 expert(s)
[MoE] Layer 18: loading 2 expert(s)
[MoE] Layer 19: loading 1 expert(s)
[MoE] Layer 20: loading 2 expert(s)
[MoE] Layer 21: loading 4 expert(s)
[MoE] Layer 22: loading 2 expert(s)
[MoE] Layer 23: loading 3 expert(s)
[MoE] Layer 24: loading 5 expert(s)
[MoE] Layer 25: loading 5 expert(s)
[MoE] Layer 26: loading 3 expert(s)
[MoE] Layer 27: loading 2 expert(s)
[MoE] Layer 28: loading 2 expert(s)
[MoE] Layer 29: loading 4 expert(s)
[MoE] Layer 30: loading 2 expert(s)
[MoE] Layer 31: loading 1 expert(s)
[MoE] Layer 32: loading 3 expert(s)
[MoE] Layer 33: loading 3 expert(s)
[MoE] Layer 34: loading 3 expert(s)
[MoE] Layer 35: loading 2 expert(s)
[MoE] Layer 36: loading 2 expert(s)
[MoE] Layer 37: loading 3 expert(s)
[MoE] Layer 38: loading 2 expert(s)
[MoE] Layer 39: loading 1 expert(s)
[MoE] Layer 40: loading 1 expert(s)
[MoE] Layer 41: loading 1 expert(s)
[MoE] Layer 44: loading 2 expert(s)
[MoE] Layer 45: loading 2 expert(s)
[MoE] Layer 46: loading 1 expert(s)
[MoE] Layer 47: loading 5 expert(s)
[MoE] Layer 0: loading 6 expert(s)
[MoE] Layer 1: loading 4 expert(s)
[MoE] Layer 2: loading 4 expert(s)
[MoE] Layer 3: loading 5 expert(s)
[MoE] Layer 4: loading 1 expert(s)
[MoE] Layer 5: loading 3 expert(s)
[MoE] Layer 7: loading 2 expert(s)
[MoE] Layer 8: loading 2 expert(s)
[MoE] Layer 9: loading 2 expert(s)
[MoE] Layer 10: loading 2 expert(s)
[MoE] Layer 12: loading 4 expert(s)
[MoE] Layer 13: loading 3 expert(s)
[MoE] Layer 14: loading 4 expert(s)
[MoE] Layer 15: loading 1 expert(s)
[MoE] Layer 16: loading 3 expert(s)
[MoE] Layer 17: loading 3 expert(s)
[MoE] Layer 20: loading 1 expert(s)
[MoE] Layer 22: loading 3 expert(s)
[MoE] Layer 23: loading 3 expert(s)
[MoE] Layer 24: loading 3 expert(s)
[MoE] Layer 25: loading 2 expert(s)
[MoE] Layer 26: loading 2 expert(s)
[MoE] Layer 27: loading 1 expert(s)
[MoE] Layer 28: loading 2 expert(s)
[MoE] Layer 29: loading 3 expert(s)
[MoE] Layer 31: loading 1 expert(s)
[MoE] Layer 32: loading 1 expert(s)
[MoE] Layer 33: loading 2 expert(s)
[MoE] Layer 34: loading 2 expert(s)
[MoE] Layer 35: loading 3 expert(s)
[MoE] Layer 36: loading 1 expert(s)
[MoE] Layer 37: loading 2 expert(s)
[MoE] Layer 38: loading 4 expert(s)
[MoE] Layer 39: loading 2 expert(s)
[MoE] Layer 40: loading 2 expert(s)
[MoE] Layer 41: loading 3 expert(s)
[MoE] Layer 42: loading 1 expert(s)
[MoE] Layer 43: loading 1 expert(s)
[MoE] Layer 44: loading 3 expert(s)
[MoE] Layer 45: loading 1 expert(s)
[MoE] Layer 46: loading 1 expert(s)
[MoE] Layer 47: loading 4 expert(s)
[MoE] Layer 0: loading 7 expert(s)
[MoE] Layer 1: loading 4 expert(s)
[MoE] Layer 2: loading 2 expert(s)
[MoE] Layer 3: loading 3 expert(s)
[MoE] Layer 4: loading 1 expert(s)
[MoE] Layer 7: loading 2 expert(s)
[MoE] Layer 8: loading 2 expert(s)
[MoE] Layer 9: loading 1 expert(s)
[MoE] Layer 10: loading 1 expert(s)
[MoE] Layer 11: loading 1 expert(s)
[MoE] Layer 12: loading 2 expert(s)
[MoE] Layer 13: loading 1 expert(s)
[MoE] Layer 14: loading 3 expert(s)
[MoE] Layer 15: loading 2 expert(s)
[MoE] Layer 16: loading 3 expert(s)
[MoE] Layer 17: loading 1 expert(s)
[MoE] Layer 18: loading 2 expert(s)
[MoE] Layer 19: loading 2 expert(s)
[MoE] Layer 21: loading 1 expert(s)
[MoE] Layer 22: loading 3 expert(s)
[MoE] Layer 23: loading 2 expert(s)
[MoE] Layer 24: loading 5 expert(s)
[MoE] Layer 25: loading 3 expert(s)
[MoE] Layer 26: loading 1 expert(s)
[MoE] Layer 27: loading 2 expert(s)
[MoE] Layer 28: loading 3 expert(s)
[MoE] Layer 29: loading 4 expert(s)
[MoE] Layer 30: loading 2 expert(s)
[MoE] Layer 31: loading 2 expert(s)
[MoE] Layer 32: loading 2 expert(s)
[MoE] Layer 33: loading 1 expert(s)
[MoE] Layer 34: loading 2 expert(s)
[MoE] Layer 35: loading 3 expert(s)
[MoE] Layer 36: loading 2 expert(s)
[MoE] Layer 37: loading 3 expert(s)
[MoE] Layer 38: loading 3 expert(s)
[MoE] Layer 39: loading 2 expert(s)
[MoE] Layer 40: loading 3 expert(s)
[MoE] Layer 41: loading 4 expert(s)
[MoE] Layer 42: loading 3 expert(s)
[MoE] Layer 43: loading 1 expert(s)
[MoE] Layer 44: loading 2 expert(s)
[MoE] Layer 45: loading 3 expert(s)
[MoE] Layer 46: loading 2 expert(s)
[MoE] Layer 47: loading 7 expert(s)
[gen 15/99] elapsed=5.7s  TPS=2.629
[MoE] Layer 0: loading 5 expert(s)
[MoE] Layer 1: loading 2 expert(s)
[MoE] Layer 2: loading 2 expert(s)
[MoE] Layer 3: loading 1 expert(s)
[MoE] Layer 4: loading 3 expert(s)
[MoE] Layer 5: loading 2 expert(s)
[MoE] Layer 6: loading 3 expert(s)
[MoE] Layer 8: loading 1 expert(s)
[MoE] Layer 9: loading 2 expert(s)
[MoE] Layer 10: loading 2 expert(s)
[MoE] Layer 11: loading 2 expert(s)
[MoE] Layer 12: loading 3 expert(s)
[MoE] Layer 13: loading 1 expert(s)
[MoE] Layer 14: loading 2 expert(s)
[MoE] Layer 15: loading 1 expert(s)
[MoE] Layer 16: loading 1 expert(s)
[MoE] Layer 17: loading 2 expert(s)
[MoE] Layer 18: loading 1 expert(s)
[MoE] Layer 19: loading 1 expert(s)
[MoE] Layer 20: loading 3 expert(s)
[MoE] Layer 21: loading 1 expert(s)
[MoE] Layer 22: loading 4 expert(s)
[MoE] Layer 23: loading 3 expert(s)
[MoE] Layer 24: loading 5 expert(s)
[MoE] Layer 25: loading 4 expert(s)
[MoE] Layer 26: loading 3 expert(s)
[MoE] Layer 27: loading 5 expert(s)
[MoE] Layer 28: loading 2 expert(s)
[MoE] Layer 29: loading 5 expert(s)
[MoE] Layer 30: loading 1 expert(s)
[MoE] Layer 31: loading 2 expert(s)
[MoE] Layer 32: loading 3 expert(s)
[MoE] Layer 33: loading 2 expert(s)
[MoE] Layer 34: loading 6 expert(s)
[MoE] Layer 35: loading 6 expert(s)
[MoE] Layer 36: loading 5 expert(s)
[MoE] Layer 37: loading 4 expert(s)
[MoE] Layer 38: loading 1 expert(s)
[MoE] Layer 39: loading 3 expert(s)
[MoE] Layer 40: loading 3 expert(s)
[MoE] Layer 41: loading 1 expert(s)
[MoE] Layer 42: loading 3 expert(s)
[MoE] Layer 43: loading 1 expert(s)
[MoE] Layer 44: loading 1 expert(s)
[MoE] Layer 47: loading 3 expert(s)
[MoE] Layer 0: loading 6 expert(s)
[MoE] Layer 1: loading 5 expert(s)
[MoE] Layer 2: loading 5 expert(s)
[MoE] Layer 3: loading 4 expert(s)
[MoE] Layer 4: loading 3 expert(s)
[MoE] Layer 5: loading 2 expert(s)
[MoE] Layer 8: loading 2 expert(s)
[MoE] Layer 10: loading 2 expert(s)
[MoE] Layer 11: loading 5 expert(s)
[MoE] Layer 12: loading 1 expert(s)
[MoE] Layer 13: loading 1 expert(s)
[MoE] Layer 14: loading 2 expert(s)
[MoE] Layer 15: loading 2 expert(s)
[MoE] Layer 16: loading 3 expert(s)
[MoE] Layer 17: loading 2 expert(s)
[MoE] Layer 18: loading 1 expert(s)
[MoE] Layer 19: loading 2 expert(s)
[MoE] Layer 20: loading 2 expert(s)
[MoE] Layer 22: loading 1 expert(s)
[MoE] Layer 23: loading 4 expert(s)
[MoE] Layer 24: loading 3 expert(s)
[MoE] Layer 25: loading 3 expert(s)
[MoE] Layer 26: loading 3 expert(s)
[MoE] Layer 27: loading 2 expert(s)
[MoE] Layer 28: loading 4 expert(s)
[MoE] Layer 29: loading 2 expert(s)
[MoE] Layer 30: loading 1 expert(s)
[MoE] Layer 31: loading 2 expert(s)
[MoE] Layer 32: loading 3 expert(s)
[MoE] Layer 33: loading 4 expert(s)
[MoE] Layer 34: loading 4 expert(s)
[MoE] Layer 35: loading 3 expert(s)
[MoE] Layer 36: loading 5 expert(s)
[MoE] Layer 37: loading 2 expert(s)
[MoE] Layer 38: loading 2 expert(s)
[MoE] Layer 39: loading 1 expert(s)
[MoE] Layer 40: loading 2 expert(s)
[MoE] Layer 41: loading 2 expert(s)
[MoE] Layer 42: loading 3 expert(s)
[MoE] Layer 43: loading 2 expert(s)
[MoE] Layer 44: loading 2 expert(s)
[MoE] Layer 45: loading 1 expert(s)
[MoE] Layer 46: loading 2 expert(s)
[MoE] Layer 47: loading 6 expert(s)
[MoE] Layer 0: loading 2 expert(s)
[MoE] Layer 1: loading 5 expert(s)
[MoE] Layer 2: loading 1 expert(s)
[MoE] Layer 3: loading 1 expert(s)
[MoE] Layer 4: loading 1 expert(s)
[MoE] Layer 5: loading 1 expert(s)
[MoE] Layer 8: loading 2 expert(s)
[MoE] Layer 9: loading 1 expert(s)
[MoE] Layer 10: loading 2 expert(s)
[MoE] Layer 11: loading 2 expert(s)
[MoE] Layer 12: loading 1 expert(s)
[MoE] Layer 13: loading 2 expert(s)
[MoE] Layer 14: loading 2 expert(s)
[MoE] Layer 15: loading 2 expert(s)
[MoE] Layer 16: loading 2 expert(s)
[MoE] Layer 17: loading 2 expert(s)
[MoE] Layer 18: loading 2 expert(s)
[MoE] Layer 22: loading 2 expert(s)
[MoE] Layer 23: loading 2 expert(s)
[MoE] Layer 24: loading 1 expert(s)
[MoE] Layer 25: loading 2 expert(s)
[MoE] Layer 26: loading 2 expert(s)
[MoE] Layer 27: loading 2 expert(s)
[MoE] Layer 28: loading 1 expert(s)
[MoE] Layer 29: loading 1 expert(s)
[MoE] Layer 30: loading 1 expert(s)
[MoE] Layer 31: loading 2 expert(s)
[MoE] Layer 32: loading 3 expert(s)
[MoE] Layer 33: loading 3 expert(s)
[MoE] Layer 34: loading 2 expert(s)
[MoE] Layer 35: loading 4 expert(s)
[MoE] Layer 36: loading 1 expert(s)
[MoE] Layer 37: loading 1 expert(s)
[MoE] Layer 38: loading 1 expert(s)
[MoE] Layer 39: loading 2 expert(s)
[MoE] Layer 40: loading 1 expert(s)
[MoE] Layer 41: loading 2 expert(s)
[MoE] Layer 42: loading 2 expert(s)
[MoE] Layer 43: loading 1 expert(s)
[MoE] Layer 44: loading 2 expert(s)
[MoE] Layer 45: loading 1 expert(s)
[MoE] Layer 46: loading 1 expert(s)
[MoE] Layer 47: loading 3 expert(s)
[MoE] Layer 0: loading 3 expert(s)
[MoE] Layer 1: loading 4 expert(s)
[MoE] Layer 2: loading 3 expert(s)
[MoE] Layer 3: loading 4 expert(s)
[MoE] Layer 5: loading 1 expert(s)
[MoE] Layer 6: loading 2 expert(s)
[MoE] Layer 7: loading 1 expert(s)
[MoE] Layer 9: loading 3 expert(s)
[MoE] Layer 10: loading 2 expert(s)
[MoE] Layer 11: loading 1 expert(s)
[MoE] Layer 12: loading 1 expert(s)
[MoE] Layer 13: loading 1 expert(s)
[MoE] Layer 14: loading 2 expert(s)
[MoE] Layer 15: loading 1 expert(s)
[MoE] Layer 16: loading 2 expert(s)
[MoE] Layer 17: loading 5 expert(s)
[MoE] Layer 21: loading 1 expert(s)
[MoE] Layer 22: loading 2 expert(s)
[MoE] Layer 23: loading 1 expert(s)
[MoE] Layer 24: loading 3 expert(s)
[MoE] Layer 25: loading 3 expert(s)
[MoE] Layer 26: loading 2 expert(s)
[MoE] Layer 27: loading 2 expert(s)
[MoE] Layer 28: loading 4 expert(s)
[MoE] Layer 29: loading 4 expert(s)
[MoE] Layer 30: loading 3 expert(s)
[MoE] Layer 31: loading 1 expert(s)
[MoE] Layer 32: loading 2 expert(s)
[MoE] Layer 33: loading 2 expert(s)
[MoE] Layer 34: loading 2 expert(s)
[MoE] Layer 35: loading 1 expert(s)
[MoE] Layer 36: loading 2 expert(s)
[MoE] Layer 37: loading 4 expert(s)
[MoE] Layer 39: loading 2 expert(s)
[MoE] Layer 40: loading 3 expert(s)
[MoE] Layer 41: loading 2 expert(s)
[MoE] Layer 42: loading 5 expert(s)
[MoE] Layer 43: loading 2 expert(s)
[MoE] Layer 44: loading 2 expert(s)
[MoE] Layer 45: loading 4 expert(s)
[MoE] Layer 46: loading 5 expert(s)
[MoE] Layer 47: loading 2 expert(s)
[MoE] Layer 0: loading 7 expert(s)
[MoE] Layer 1: loading 7 expert(s)
[MoE] Layer 2: loading 7 expert(s)
[MoE] Layer 3: loading 5 expert(s)
[MoE] Layer 4: loading 7 expert(s)
[MoE] Layer 5: loading 7 expert(s)
[MoE] Layer 6: loading 5 expert(s)
[MoE] Layer 7: loading 4 expert(s)
[MoE] Layer 8: loading 7 expert(s)
[MoE] Layer 9: loading 5 expert(s)
[MoE] Layer 10: loading 7 expert(s)
[MoE] Layer 11: loading 6 expert(s)
[MoE] Layer 12: loading 4 expert(s)
[MoE] Layer 13: loading 7 expert(s)
[MoE] Layer 14: loading 6 expert(s)
[MoE] Layer 15: loading 6 expert(s)
[MoE] Layer 16: loading 7 expert(s)
[MoE] Layer 17: loading 6 expert(s)
[MoE] Layer 18: loading 6 expert(s)
[MoE] Layer 19: loading 6 expert(s)
[MoE] Layer 20: loading 5 expert(s)
[MoE] Layer 21: loading 7 expert(s)
[MoE] Layer 22: loading 6 expert(s)
[MoE] Layer 23: loading 7 expert(s)
[MoE] Layer 24: loading 5 expert(s)
[MoE] Layer 25: loading 7 expert(s)
[MoE] Layer 26: loading 6 expert(s)
[MoE] Layer 27: loading 5 expert(s)
[MoE] Layer 28: loading 6 expert(s)
[MoE] Layer 29: loading 8 expert(s)
[MoE] Layer 30: loading 5 expert(s)
[MoE] Layer 31: loading 5 expert(s)
[MoE] Layer 32: loading 5 expert(s)
[MoE] Layer 33: loading 7 expert(s)
[MoE] Layer 34: loading 6 expert(s)
[MoE] Layer 35: loading 7 expert(s)
[MoE] Layer 36: loading 6 expert(s)
[MoE] Layer 37: loading 8 expert(s)
[MoE] Layer 38: loading 7 expert(s)
[MoE] Layer 39: loading 6 expert(s)
[MoE] Layer 40: loading 7 expert(s)
[MoE] Layer 41: loading 7 expert(s)
[MoE] Layer 42: loading 6 expert(s)
[MoE] Layer 43: loading 7 expert(s)
[MoE] Layer 44: loading 7 expert(s)
[MoE] Layer 45: loading 7 expert(s)
[MoE] Layer 46: loading 5 expert(s)
[MoE] Layer 47: loading 8 expert(s)
[gen 20/99] elapsed=7.6s  TPS=2.642
[MoE] Layer 0: loading 7 expert(s)
[MoE] Layer 1: loading 7 expert(s)
[MoE] Layer 2: loading 2 expert(s)
[MoE] Layer 3: loading 6 expert(s)
[MoE] Layer 4: loading 3 expert(s)
[MoE] Layer 5: loading 3 expert(s)
[MoE] Layer 6: loading 2 expert(s)
[MoE] Layer 7: loading 2 expert(s)
[MoE] Layer 8: loading 5 expert(s)
[MoE] Layer 9: loading 4 expert(s)
[MoE] Layer 10: loading 5 expert(s)
[MoE] Layer 11: loading 6 expert(s)
[MoE] Layer 12: loading 4 expert(s)
[MoE] Layer 13: loading 2 expert(s)
[MoE] Layer 14: loading 3 expert(s)
[MoE] Layer 15: loading 4 expert(s)
[MoE] Layer 16: loading 6 expert(s)
[MoE] Layer 17: loading 4 expert(s)
[MoE] Layer 18: loading 4 expert(s)
[MoE] Layer 19: loading 3 expert(s)
[MoE] Layer 20: loading 2 expert(s)
[MoE] Layer 21: loading 2 expert(s)
[MoE] Layer 22: loading 3 expert(s)
[MoE] Layer 23: loading 4 expert(s)
[MoE] Layer 24: loading 1 expert(s)
[MoE] Layer 25: loading 2 expert(s)
[MoE] Layer 26: loading 3 expert(s)
[MoE] Layer 27: loading 1 expert(s)
[MoE] Layer 28: loading 5 expert(s)
[MoE] Layer 29: loading 3 expert(s)
[MoE] Layer 30: loading 3 expert(s)
[MoE] Layer 31: loading 3 expert(s)
[MoE] Layer 32: loading 4 expert(s)
[MoE] Layer 33: loading 4 expert(s)
[MoE] Layer 34: loading 4 expert(s)
[MoE] Layer 35: loading 4 expert(s)
[MoE] Layer 36: loading 5 expert(s)
[MoE] Layer 37: loading 5 expert(s)
[MoE] Layer 38: loading 2 expert(s)
[MoE] Layer 39: loading 3 expert(s)
[MoE] Layer 40: loading 4 expert(s)
[MoE] Layer 41: loading 6 expert(s)
[MoE] Layer 42: loading 3 expert(s)
[MoE] Layer 43: loading 3 expert(s)
[MoE] Layer 44: loading 1 expert(s)
[MoE] Layer 45: loading 2 expert(s)
[MoE] Layer 46: loading 3 expert(s)
[MoE] Layer 47: loading 4 expert(s)
[MoE] Layer 0: loading 5 expert(s)
[MoE] Layer 1: loading 6 expert(s)
[MoE] Layer 2: loading 4 expert(s)
[MoE] Layer 3: loading 5 expert(s)
[MoE] Layer 4: loading 4 expert(s)
[MoE] Layer 5: loading 5 expert(s)
[MoE] Layer 6: loading 2 expert(s)
[MoE] Layer 7: loading 3 expert(s)
[MoE] Layer 8: loading 3 expert(s)
[MoE] Layer 9: loading 3 expert(s)
[MoE] Layer 10: loading 6 expert(s)
[MoE] Layer 11: loading 3 expert(s)
[MoE] Layer 12: loading 3 expert(s)
[MoE] Layer 13: loading 4 expert(s)
[MoE] Layer 14: loading 5 expert(s)
[MoE] Layer 15: loading 3 expert(s)
[MoE] Layer 16: loading 6 expert(s)
[MoE] Layer 17: loading 3 expert(s)
[MoE] Layer 18: loading 1 expert(s)
[MoE] Layer 19: loading 1 expert(s)
[MoE] Layer 20: loading 2 expert(s)
[MoE] Layer 21: loading 1 expert(s)
[MoE] Layer 22: loading 3 expert(s)
[MoE] Layer 23: loading 5 expert(s)
[MoE] Layer 24: loading 3 expert(s)
[MoE] Layer 25: loading 4 expert(s)
[MoE] Layer 26: loading 2 expert(s)
[MoE] Layer 27: loading 3 expert(s)
[MoE] Layer 28: loading 5 expert(s)
[MoE] Layer 29: loading 7 expert(s)
[MoE] Layer 30: loading 3 expert(s)
[MoE] Layer 31: loading 3 expert(s)
[MoE] Layer 32: loading 2 expert(s)
[MoE] Layer 33: loading 3 expert(s)
[MoE] Layer 34: loading 5 expert(s)
[MoE] Layer 35: loading 4 expert(s)
[MoE] Layer 36: loading 3 expert(s)
[MoE] Layer 37: loading 5 expert(s)
[MoE] Layer 38: loading 4 expert(s)
[MoE] Layer 39: loading 6 expert(s)
[MoE] Layer 40: loading 3 expert(s)
[MoE] Layer 41: loading 6 expert(s)
[MoE] Layer 42: loading 4 expert(s)
[MoE] Layer 43: loading 4 expert(s)
[MoE] Layer 44: loading 5 expert(s)
[MoE] Layer 45: loading 1 expert(s)
[MoE] Layer 46: loading 7 expert(s)
[MoE] Layer 47: loading 8 expert(s)
[MoE] Layer 0: loading 7 expert(s)
[MoE] Layer 1: loading 5 expert(s)
[MoE] Layer 2: loading 3 expert(s)
[MoE] Layer 3: loading 6 expert(s)
[MoE] Layer 4: loading 2 expert(s)
[MoE] Layer 5: loading 1 expert(s)
[MoE] Layer 6: loading 1 expert(s)
[MoE] Layer 7: loading 1 expert(s)
[MoE] Layer 8: loading 2 expert(s)
[MoE] Layer 9: loading 2 expert(s)
[MoE] Layer 10: loading 1 expert(s)
[MoE] Layer 11: loading 2 expert(s)
[MoE] Layer 12: loading 2 expert(s)
[MoE] Layer 13: loading 3 expert(s)
[MoE] Layer 14: loading 1 expert(s)
[MoE] Layer 15: loading 2 expert(s)
[MoE] Layer 16: loading 3 expert(s)
[MoE] Layer 17: loading 3 expert(s)
[MoE] Layer 18: loading 4 expert(s)
[MoE] Layer 19: loading 2 expert(s)
[MoE] Layer 20: loading 2 expert(s)
[MoE] Layer 21: loading 3 expert(s)
[MoE] Layer 22: loading 4 expert(s)
[MoE] Layer 23: loading 3 expert(s)
[MoE] Layer 24: loading 1 expert(s)
[MoE] Layer 25: loading 2 expert(s)
[MoE] Layer 26: loading 2 expert(s)
[MoE] Layer 27: loading 3 expert(s)
[MoE] Layer 28: loading 3 expert(s)
[MoE] Layer 29: loading 5 expert(s)
[MoE] Layer 30: loading 3 expert(s)
[MoE] Layer 31: loading 2 expert(s)
[MoE] Layer 32: loading 3 expert(s)
[MoE] Layer 33: loading 3 expert(s)
[MoE] Layer 34: loading 3 expert(s)
[MoE] Layer 35: loading 4 expert(s)
[MoE] Layer 36: loading 3 expert(s)
[MoE] Layer 37: loading 4 expert(s)
[MoE] Layer 38: loading 3 expert(s)
[MoE] Layer 39: loading 3 expert(s)
[MoE] Layer 40: loading 6 expert(s)
[MoE] Layer 41: loading 5 expert(s)
[MoE] Layer 42: loading 4 expert(s)
[MoE] Layer 43: loading 3 expert(s)
[MoE] Layer 44: loading 5 expert(s)
[MoE] Layer 45: loading 5 expert(s)
[MoE] Layer 46: loading 2 expert(s)
[MoE] Layer 47: loading 7 expert(s)
[MoE] Layer 0: loading 5 expert(s)
[MoE] Layer 1: loading 2 expert(s)
[MoE] Layer 2: loading 2 expert(s)
[MoE] Layer 3: loading 4 expert(s)
[MoE] Layer 4: loading 3 expert(s)
[MoE] Layer 5: loading 2 expert(s)
[MoE] Layer 6: loading 2 expert(s)
[MoE] Layer 7: loading 2 expert(s)
[MoE] Layer 8: loading 4 expert(s)
[MoE] Layer 9: loading 2 expert(s)
[MoE] Layer 10: loading 2 expert(s)
[MoE] Layer 11: loading 2 expert(s)
[MoE] Layer 12: loading 5 expert(s)
[MoE] Layer 13: loading 5 expert(s)
[MoE] Layer 14: loading 3 expert(s)
[MoE] Layer 15: loading 4 expert(s)
[MoE] Layer 16: loading 3 expert(s)
[MoE] Layer 17: loading 6 expert(s)
[MoE] Layer 18: loading 4 expert(s)
[MoE] Layer 19: loading 2 expert(s)
[MoE] Layer 20: loading 5 expert(s)
[MoE] Layer 21: loading 3 expert(s)
[MoE] Layer 22: loading 5 expert(s)
[MoE] Layer 23: loading 4 expert(s)
[MoE] Layer 24: loading 3 expert(s)
[MoE] Layer 25: loading 5 expert(s)
[MoE] Layer 26: loading 4 expert(s)
[MoE] Layer 27: loading 4 expert(s)
[MoE] Layer 28: loading 3 expert(s)
[MoE] Layer 29: loading 6 expert(s)
[MoE] Layer 30: loading 3 expert(s)
[MoE] Layer 31: loading 3 expert(s)
[MoE] Layer 32: loading 3 expert(s)
[MoE] Layer 33: loading 5 expert(s)
[MoE] Layer 34: loading 3 expert(s)
[MoE] Layer 35: loading 4 expert(s)
[MoE] Layer 36: loading 4 expert(s)
[MoE] Layer 37: loading 4 expert(s)
[MoE] Layer 38: loading 2 expert(s)
[MoE] Layer 39: loading 3 expert(s)
[MoE] Layer 40: loading 1 expert(s)
[MoE] Layer 41: loading 2 expert(s)
[MoE] Layer 42: loading 2 expert(s)
[MoE] Layer 43: loading 1 expert(s)
[MoE] Layer 44: loading 1 expert(s)
[MoE] Layer 45: loading 2 expert(s)
[MoE] Layer 46: loading 2 expert(s)
[MoE] Layer 47: loading 2 expert(s)
[MoE] Layer 0: loading 5 expert(s)
[MoE] Layer 1: loading 6 expert(s)
[MoE] Layer 2: loading 6 expert(s)
[MoE] Layer 3: loading 4 expert(s)
[MoE] Layer 4: loading 2 expert(s)
[MoE] Layer 5: loading 3 expert(s)
[MoE] Layer 7: loading 2 expert(s)
[MoE] Layer 8: loading 3 expert(s)
[MoE] Layer 9: loading 2 expert(s)
[MoE] Layer 10: loading 1 expert(s)
[MoE] Layer 11: loading 6 expert(s)
[MoE] Layer 12: loading 4 expert(s)
[MoE] Layer 13: loading 4 expert(s)
[MoE] Layer 14: loading 2 expert(s)
[MoE] Layer 15: loading 2 expert(s)
[MoE] Layer 16: loading 3 expert(s)
[MoE] Layer 17: loading 5 expert(s)
[MoE] Layer 18: loading 2 expert(s)
[MoE] Layer 19: loading 2 expert(s)
[MoE] Layer 20: loading 1 expert(s)
[MoE] Layer 21: loading 2 expert(s)
[MoE] Layer 22: loading 3 expert(s)
[MoE] Layer 23: loading 3 expert(s)
[MoE] Layer 24: loading 2 expert(s)
[MoE] Layer 25: loading 4 expert(s)
[MoE] Layer 26: loading 4 expert(s)
[MoE] Layer 27: loading 2 expert(s)
[MoE] Layer 28: loading 1 expert(s)
[MoE] Layer 29: loading 5 expert(s)
[MoE] Layer 30: loading 2 expert(s)
[MoE] Layer 31: loading 4 expert(s)
[MoE] Layer 32: loading 5 expert(s)
[MoE] Layer 33: loading 3 expert(s)
[MoE] Layer 34: loading 3 expert(s)
[MoE] Layer 35: loading 4 expert(s)
[MoE] Layer 36: loading 3 expert(s)
[MoE] Layer 37: loading 5 expert(s)
[MoE] Layer 38: loading 2 expert(s)
[MoE] Layer 39: loading 2 expert(s)
[MoE] Layer 40: loading 2 expert(s)
[MoE] Layer 41: loading 2 expert(s)
[MoE] Layer 42: loading 4 expert(s)
[MoE] Layer 43: loading 1 expert(s)
[MoE] Layer 44: loading 2 expert(s)
[MoE] Layer 45: loading 2 expert(s)
[MoE] Layer 46: loading 1 expert(s)
[MoE] Layer 47: loading 4 expert(s)
[gen 25/99] elapsed=9.6s  TPS=2.607
[MoE] Layer 0: loading 4 expert(s)
[MoE] Layer 1: loading 3 expert(s)
[MoE] Layer 2: loading 2 expert(s)
[MoE] Layer 3: loading 4 expert(s)
[MoE] Layer 4: loading 1 expert(s)
[MoE] Layer 5: loading 1 expert(s)
[MoE] Layer 7: loading 1 expert(s)
[MoE] Layer 8: loading 2 expert(s)
[MoE] Layer 9: loading 2 expert(s)
[MoE] Layer 10: loading 2 expert(s)
[MoE] Layer 11: loading 4 expert(s)
[MoE] Layer 13: loading 2 expert(s)
[MoE] Layer 14: loading 2 expert(s)
[MoE] Layer 16: loading 3 expert(s)
[MoE] Layer 17: loading 2 expert(s)
[MoE] Layer 18: loading 2 expert(s)
[MoE] Layer 20: loading 1 expert(s)
[MoE] Layer 21: loading 3 expert(s)
[MoE] Layer 22: loading 1 expert(s)
[MoE] Layer 23: loading 3 expert(s)
[MoE] Layer 24: loading 3 expert(s)
[MoE] Layer 26: loading 3 expert(s)
[MoE] Layer 27: loading 1 expert(s)
[MoE] Layer 28: loading 3 expert(s)
[MoE] Layer 29: loading 1 expert(s)
[MoE] Layer 30: loading 2 expert(s)
[MoE] Layer 32: loading 1 expert(s)
[MoE] Layer 33: loading 3 expert(s)
[MoE] Layer 34: loading 2 expert(s)
[MoE] Layer 35: loading 3 expert(s)
[MoE] Layer 36: loading 1 expert(s)
[MoE] Layer 37: loading 2 expert(s)
[MoE] Layer 38: loading 1 expert(s)
[MoE] Layer 39: loading 3 expert(s)
[MoE] Layer 40: loading 3 expert(s)
[MoE] Layer 41: loading 4 expert(s)
[MoE] Layer 42: loading 1 expert(s)
[MoE] Layer 44: loading 4 expert(s)
[MoE] Layer 45: loading 2 expert(s)
[MoE] Layer 47: loading 2 expert(s)
[MoE] Layer 0: loading 7 expert(s)
[MoE] Layer 1: loading 6 expert(s)
[MoE] Layer 2: loading 7 expert(s)
[MoE] Layer 3: loading 8 expert(s)
[MoE] Layer 4: loading 6 expert(s)
[MoE] Layer 5: loading 1 expert(s)
[MoE] Layer 6: loading 2 expert(s)
[MoE] Layer 7: loading 3 expert(s)
[MoE] Layer 8: loading 3 expert(s)
[MoE] Layer 9: loading 3 expert(s)
[MoE] Layer 10: loading 3 expert(s)
[MoE] Layer 11: loading 6 expert(s)
[MoE] Layer 12: loading 2 expert(s)
[MoE] Layer 13: loading 5 expert(s)
[MoE] Layer 14: loading 6 expert(s)
[MoE] Layer 15: loading 1 expert(s)
[MoE] Layer 16: loading 5 expert(s)
[MoE] Layer 17: loading 4 expert(s)
[MoE] Layer 18: loading 2 expert(s)
[MoE] Layer 19: loading 1 expert(s)
[MoE] Layer 20: loading 1 expert(s)
[MoE] Layer 21: loading 4 expert(s)
[MoE] Layer 22: loading 3 expert(s)
[MoE] Layer 23: loading 1 expert(s)
[MoE] Layer 24: loading 4 expert(s)
[MoE] Layer 25: loading 3 expert(s)
[MoE] Layer 26: loading 3 expert(s)
[MoE] Layer 27: loading 1 expert(s)
[MoE] Layer 28: loading 3 expert(s)
[MoE] Layer 29: loading 2 expert(s)
[MoE] Layer 31: loading 1 expert(s)
[MoE] Layer 32: loading 4 expert(s)
[MoE] Layer 33: loading 5 expert(s)
[MoE] Layer 34: loading 4 expert(s)
[MoE] Layer 35: loading 5 expert(s)
[MoE] Layer 36: loading 3 expert(s)
[MoE] Layer 37: loading 3 expert(s)
[MoE] Layer 38: loading 2 expert(s)
[MoE] Layer 39: loading 2 expert(s)
[MoE] Layer 40: loading 4 expert(s)
[MoE] Layer 41: loading 2 expert(s)
[MoE] Layer 42: loading 3 expert(s)
[MoE] Layer 43: loading 1 expert(s)
[MoE] Layer 44: loading 2 expert(s)
[MoE] Layer 45: loading 2 expert(s)
[MoE] Layer 46: loading 2 expert(s)
[MoE] Layer 47: loading 5 expert(s)
[MoE] Layer 0: loading 5 expert(s)
[MoE] Layer 1: loading 5 expert(s)
[MoE] Layer 2: loading 3 expert(s)
[MoE] Layer 3: loading 4 expert(s)
[MoE] Layer 4: loading 4 expert(s)
[MoE] Layer 5: loading 2 expert(s)
[MoE] Layer 6: loading 2 expert(s)
[MoE] Layer 7: loading 3 expert(s)
[MoE] Layer 8: loading 3 expert(s)
[MoE] Layer 9: loading 2 expert(s)
[MoE] Layer 10: loading 4 expert(s)
[MoE] Layer 11: loading 3 expert(s)
[MoE] Layer 12: loading 3 expert(s)
[MoE] Layer 13: loading 2 expert(s)
[MoE] Layer 14: loading 5 expert(s)
[MoE] Layer 15: loading 2 expert(s)
[MoE] Layer 16: loading 3 expert(s)
[MoE] Layer 17: loading 1 expert(s)
[MoE] Layer 18: loading 1 expert(s)
[MoE] Layer 19: loading 1 expert(s)
[MoE] Layer 21: loading 2 expert(s)
[MoE] Layer 22: loading 3 expert(s)
[MoE] Layer 23: loading 4 expert(s)
[MoE] Layer 24: loading 1 expert(s)
[MoE] Layer 25: loading 2 expert(s)
[MoE] Layer 26: loading 2 expert(s)
[MoE] Layer 27: loading 2 expert(s)
[MoE] Layer 28: loading 3 expert(s)
[MoE] Layer 29: loading 2 expert(s)
[MoE] Layer 30: loading 3 expert(s)
[MoE] Layer 31: loading 2 expert(s)
[MoE] Layer 32: loading 2 expert(s)
[MoE] Layer 33: loading 2 expert(s)
[MoE] Layer 34: loading 3 expert(s)
[MoE] Layer 35: loading 3 expert(s)
[MoE] Layer 36: loading 3 expert(s)
[MoE] Layer 37: loading 6 expert(s)
[MoE] Layer 38: loading 2 expert(s)
[MoE] Layer 39: loading 3 expert(s)
[MoE] Layer 40: loading 3 expert(s)
[MoE] Layer 41: loading 2 expert(s)
[MoE] Layer 42: loading 2 expert(s)
[MoE] Layer 43: loading 1 expert(s)
[MoE] Layer 44: loading 3 expert(s)
[MoE] Layer 45: loading 1 expert(s)
[MoE] Layer 46: loading 1 expert(s)
[MoE] Layer 47: loading 2 expert(s)
[MoE] Layer 0: loading 5 expert(s)
[MoE] Layer 1: loading 4 expert(s)
[MoE] Layer 2: loading 4 expert(s)
[MoE] Layer 3: loading 4 expert(s)
[MoE] Layer 4: loading 2 expert(s)
[MoE] Layer 5: loading 2 expert(s)
[MoE] Layer 8: loading 3 expert(s)
[MoE] Layer 9: loading 2 expert(s)
[MoE] Layer 10: loading 1 expert(s)
[MoE] Layer 11: loading 2 expert(s)
[MoE] Layer 12: loading 2 expert(s)
[MoE] Layer 13: loading 5 expert(s)
[MoE] Layer 14: loading 5 expert(s)
[MoE] Layer 15: loading 3 expert(s)
[MoE] Layer 16: loading 2 expert(s)
[MoE] Layer 17: loading 1 expert(s)
[MoE] Layer 18: loading 1 expert(s)
[MoE] Layer 19: loading 2 expert(s)
[MoE] Layer 20: loading 1 expert(s)
[MoE] Layer 21: loading 2 expert(s)
[MoE] Layer 22: loading 3 expert(s)
[MoE] Layer 23: loading 4 expert(s)
[MoE] Layer 24: loading 4 expert(s)
[MoE] Layer 25: loading 4 expert(s)
[MoE] Layer 26: loading 4 expert(s)
[MoE] Layer 27: loading 1 expert(s)
[MoE] Layer 28: loading 5 expert(s)
[MoE] Layer 29: loading 3 expert(s)
[MoE] Layer 30: loading 1 expert(s)
[MoE] Layer 31: loading 1 expert(s)
[MoE] Layer 32: loading 2 expert(s)
[MoE] Layer 33: loading 3 expert(s)
[MoE] Layer 34: loading 3 expert(s)
[MoE] Layer 35: loading 1 expert(s)
[MoE] Layer 36: loading 4 expert(s)
[MoE] Layer 37: loading 3 expert(s)
[MoE] Layer 38: loading 2 expert(s)
[MoE] Layer 39: loading 3 expert(s)
[MoE] Layer 40: loading 5 expert(s)
[MoE] Layer 41: loading 3 expert(s)
[MoE] Layer 42: loading 2 expert(s)
[MoE] Layer 43: loading 2 expert(s)
[MoE] Layer 44: loading 2 expert(s)
[MoE] Layer 45: loading 3 expert(s)
[MoE] Layer 46: loading 3 expert(s)
[MoE] Layer 47: loading 6 expert(s)
[MoE] Layer 0: loading 7 expert(s)
[MoE] Layer 1: loading 2 expert(s)
[MoE] Layer 2: loading 2 expert(s)
[MoE] Layer 3: loading 3 expert(s)
[MoE] Layer 4: loading 1 expert(s)
[MoE] Layer 5: loading 1 expert(s)
[MoE] Layer 6: loading 1 expert(s)
[MoE] Layer 7: loading 1 expert(s)
[MoE] Layer 8: loading 1 expert(s)
[MoE] Layer 9: loading 2 expert(s)
[MoE] Layer 10: loading 3 expert(s)
[MoE] Layer 11: loading 1 expert(s)
[MoE] Layer 12: loading 4 expert(s)
[MoE] Layer 13: loading 6 expert(s)
[MoE] Layer 14: loading 2 expert(s)
[MoE] Layer 15: loading 1 expert(s)
[MoE] Layer 16: loading 1 expert(s)
[MoE] Layer 17: loading 4 expert(s)
[MoE] Layer 18: loading 3 expert(s)
[MoE] Layer 19: loading 3 expert(s)
[MoE] Layer 20: loading 3 expert(s)
[MoE] Layer 21: loading 5 expert(s)
[MoE] Layer 22: loading 4 expert(s)
[MoE] Layer 23: loading 3 expert(s)
[MoE] Layer 24: loading 8 expert(s)
[MoE] Layer 25: loading 5 expert(s)
[MoE] Layer 26: loading 5 expert(s)
[MoE] Layer 27: loading 5 expert(s)
[MoE] Layer 28: loading 3 expert(s)
[MoE] Layer 29: loading 5 expert(s)
[MoE] Layer 30: loading 3 expert(s)
[MoE] Layer 31: loading 4 expert(s)
[MoE] Layer 32: loading 2 expert(s)
[MoE] Layer 33: loading 6 expert(s)
[MoE] Layer 34: loading 4 expert(s)
[MoE] Layer 35: loading 4 expert(s)
[MoE] Layer 36: loading 6 expert(s)
[MoE] Layer 37: loading 5 expert(s)
[MoE] Layer 39: loading 3 expert(s)
[MoE] Layer 40: loading 4 expert(s)
[MoE] Layer 41: loading 3 expert(s)
[MoE] Layer 42: loading 3 expert(s)
[MoE] Layer 43: loading 2 expert(s)
[MoE] Layer 44: loading 1 expert(s)
[MoE] Layer 45: loading 3 expert(s)
[MoE] Layer 46: loading 4 expert(s)
[MoE] Layer 47: loading 4 expert(s)
[gen 30/99] elapsed=11.4s  TPS=2.642
[MoE] Layer 0: loading 8 expert(s)
[MoE] Layer 1: loading 1 expert(s)
[MoE] Layer 2: loading 3 expert(s)
[MoE] Layer 3: loading 3 expert(s)
[MoE] Layer 4: loading 4 expert(s)
[MoE] Layer 6: loading 2 expert(s)
[MoE] Layer 8: loading 3 expert(s)
[MoE] Layer 9: loading 4 expert(s)
[MoE] Layer 10: loading 5 expert(s)
[MoE] Layer 11: loading 4 expert(s)
[MoE] Layer 12: loading 5 expert(s)
[MoE] Layer 13: loading 4 expert(s)
[MoE] Layer 14: loading 4 expert(s)
[MoE] Layer 15: loading 4 expert(s)
[MoE] Layer 16: loading 4 expert(s)
[MoE] Layer 17: loading 5 expert(s)
[MoE] Layer 18: loading 5 expert(s)
[MoE] Layer 19: loading 7 expert(s)
[MoE] Layer 20: loading 5 expert(s)
[MoE] Layer 21: loading 5 expert(s)
[MoE] Layer 22: loading 4 expert(s)
[MoE] Layer 23: loading 4 expert(s)
[MoE] Layer 24: loading 6 expert(s)
[MoE] Layer 25: loading 7 expert(s)
[MoE] Layer 26: loading 6 expert(s)
[MoE] Layer 27: loading 5 expert(s)
[MoE] Layer 28: loading 7 expert(s)
[MoE] Layer 29: loading 6 expert(s)
[MoE] Layer 30: loading 4 expert(s)
[MoE] Layer 31: loading 5 expert(s)
[MoE] Layer 32: loading 7 expert(s)
[MoE] Layer 33: loading 6 expert(s)
[MoE] Layer 34: loading 6 expert(s)
[MoE] Layer 35: loading 5 expert(s)
[MoE] Layer 36: loading 4 expert(s)
[MoE] Layer 37: loading 4 expert(s)
[MoE] Layer 38: loading 5 expert(s)
[MoE] Layer 39: loading 3 expert(s)
[MoE] Layer 40: loading 5 expert(s)
[MoE] Layer 41: loading 3 expert(s)
[MoE] Layer 42: loading 3 expert(s)
[MoE] Layer 43: loading 1 expert(s)
[MoE] Layer 45: loading 2 expert(s)
[MoE] Layer 46: loading 2 expert(s)
[MoE] Layer 47: loading 4 expert(s)
[MoE] Layer 0: loading 6 expert(s)
[MoE] Layer 1: loading 5 expert(s)
[MoE] Layer 2: loading 4 expert(s)
[MoE] Layer 3: loading 6 expert(s)
[MoE] Layer 4: loading 3 expert(s)
[MoE] Layer 5: loading 2 expert(s)
[MoE] Layer 6: loading 1 expert(s)
[MoE] Layer 7: loading 1 expert(s)
[MoE] Layer 8: loading 1 expert(s)
[MoE] Layer 9: loading 1 expert(s)
[MoE] Layer 10: loading 2 expert(s)
[MoE] Layer 11: loading 3 expert(s)
[MoE] Layer 12: loading 2 expert(s)
[MoE] Layer 13: loading 3 expert(s)
[MoE] Layer 14: loading 3 expert(s)
[MoE] Layer 15: loading 4 expert(s)
[MoE] Layer 16: loading 2 expert(s)
[MoE] Layer 17: loading 4 expert(s)
[MoE] Layer 18: loading 5 expert(s)
[MoE] Layer 19: loading 3 expert(s)
[MoE] Layer 20: loading 2 expert(s)
[MoE] Layer 21: loading 2 expert(s)
[MoE] Layer 22: loading 5 expert(s)
[MoE] Layer 23: loading 5 expert(s)
[MoE] Layer 24: loading 5 expert(s)
[MoE] Layer 25: loading 4 expert(s)
[MoE] Layer 26: loading 4 expert(s)
[MoE] Layer 27: loading 2 expert(s)
[MoE] Layer 28: loading 5 expert(s)
[MoE] Layer 29: loading 6 expert(s)
[MoE] Layer 30: loading 4 expert(s)
[MoE] Layer 31: loading 4 expert(s)
[MoE] Layer 32: loading 3 expert(s)
[MoE] Layer 33: loading 5 expert(s)
[MoE] Layer 34: loading 6 expert(s)
[MoE] Layer 35: loading 4 expert(s)
[MoE] Layer 36: loading 5 expert(s)
[MoE] Layer 37: loading 2 expert(s)
[MoE] Layer 38: loading 2 expert(s)
[MoE] Layer 39: loading 1 expert(s)
[MoE] Layer 40: loading 2 expert(s)
[MoE] Layer 41: loading 4 expert(s)
[MoE] Layer 42: loading 4 expert(s)
[MoE] Layer 43: loading 4 expert(s)
[MoE] Layer 44: loading 1 expert(s)
[MoE] Layer 46: loading 3 expert(s)
[MoE] Layer 47: loading 4 expert(s)
[MoE] Layer 0: loading 2 expert(s)
[MoE] Layer 1: loading 4 expert(s)
[MoE] Layer 2: loading 1 expert(s)
[MoE] Layer 3: loading 2 expert(s)
[MoE] Layer 4: loading 1 expert(s)
[MoE] Layer 5: loading 1 expert(s)
[MoE] Layer 6: loading 1 expert(s)
[MoE] Layer 8: loading 2 expert(s)
[MoE] Layer 9: loading 2 expert(s)
[MoE] Layer 10: loading 2 expert(s)
[MoE] Layer 11: loading 2 expert(s)
[MoE] Layer 12: loading 2 expert(s)
[MoE] Layer 13: loading 1 expert(s)
[MoE] Layer 14: loading 1 expert(s)
[MoE] Layer 16: loading 1 expert(s)
[MoE] Layer 17: loading 2 expert(s)
[MoE] Layer 18: loading 2 expert(s)
[MoE] Layer 19: loading 2 expert(s)
[MoE] Layer 20: loading 1 expert(s)
[MoE] Layer 21: loading 1 expert(s)
[MoE] Layer 23: loading 3 expert(s)
[MoE] Layer 24: loading 3 expert(s)
[MoE] Layer 25: loading 2 expert(s)
[MoE] Layer 26: loading 2 expert(s)
[MoE] Layer 28: loading 1 expert(s)
[MoE] Layer 29: loading 3 expert(s)
[MoE] Layer 30: loading 1 expert(s)
[MoE] Layer 31: loading 3 expert(s)
[MoE] Layer 32: loading 4 expert(s)
[MoE] Layer 33: loading 2 expert(s)
[MoE] Layer 34: loading 1 expert(s)
[MoE] Layer 35: loading 2 expert(s)
[MoE] Layer 36: loading 2 expert(s)
[MoE] Layer 37: loading 2 expert(s)
[MoE] Layer 39: loading 4 expert(s)
[MoE] Layer 40: loading 3 expert(s)
[MoE] Layer 41: loading 2 expert(s)
[MoE] Layer 42: loading 2 expert(s)
[MoE] Layer 44: loading 1 expert(s)
[MoE] Layer 45: loading 2 expert(s)
[MoE] Layer 47: loading 4 expert(s)
[MoE] Layer 0: loading 3 expert(s)
[MoE] Layer 1: loading 3 expert(s)
[MoE] Layer 2: loading 1 expert(s)
[MoE] Layer 3: loading 4 expert(s)
[MoE] Layer 5: loading 1 expert(s)
[MoE] Layer 7: loading 1 expert(s)
[MoE] Layer 8: loading 1 expert(s)
[MoE] Layer 9: loading 2 expert(s)
[MoE] Layer 10: loading 1 expert(s)
[MoE] Layer 11: loading 1 expert(s)
[MoE] Layer 12: loading 3 expert(s)
[MoE] Layer 13: loading 3 expert(s)
[MoE] Layer 14: loading 2 expert(s)
[MoE] Layer 15: loading 1 expert(s)
[MoE] Layer 16: loading 3 expert(s)
[MoE] Layer 17: loading 2 expert(s)
[MoE] Layer 18: loading 1 expert(s)
[MoE] Layer 20: loading 4 expert(s)
[MoE] Layer 21: loading 2 expert(s)
[MoE] Layer 22: loading 3 expert(s)
[MoE] Layer 23: loading 2 expert(s)
[MoE] Layer 24: loading 6 expert(s)
[MoE] Layer 25: loading 2 expert(s)
[MoE] Layer 26: loading 6 expert(s)
[MoE] Layer 27: loading 1 expert(s)
[MoE] Layer 28: loading 3 expert(s)
[MoE] Layer 29: loading 5 expert(s)
[MoE] Layer 30: loading 2 expert(s)
[MoE] Layer 31: loading 5 expert(s)
[MoE] Layer 32: loading 5 expert(s)
[MoE] Layer 33: loading 6 expert(s)
[MoE] Layer 34: loading 5 expert(s)
[MoE] Layer 35: loading 3 expert(s)
[MoE] Layer 36: loading 4 expert(s)
[MoE] Layer 37: loading 5 expert(s)
[MoE] Layer 38: loading 3 expert(s)
[MoE] Layer 39: loading 5 expert(s)
[MoE] Layer 40: loading 5 expert(s)
[MoE] Layer 41: loading 3 expert(s)
[MoE] Layer 42: loading 5 expert(s)
[MoE] Layer 43: loading 1 expert(s)
[MoE] Layer 44: loading 3 expert(s)
[MoE] Layer 45: loading 2 expert(s)
[MoE] Layer 46: loading 4 expert(s)
[MoE] Layer 47: loading 4 expert(s)
[MoE] Layer 0: loading 5 expert(s)
[MoE] Layer 1: loading 5 expert(s)
[MoE] Layer 2: loading 5 expert(s)
[MoE] Layer 3: loading 6 expert(s)
[MoE] Layer 4: loading 6 expert(s)
[MoE] Layer 5: loading 6 expert(s)
[MoE] Layer 6: loading 7 expert(s)
[MoE] Layer 7: loading 3 expert(s)
[MoE] Layer 8: loading 4 expert(s)
[MoE] Layer 9: loading 7 expert(s)
[MoE] Layer 10: loading 5 expert(s)
[MoE] Layer 11: loading 5 expert(s)
[MoE] Layer 12: loading 7 expert(s)
[MoE] Layer 13: loading 8 expert(s)
[MoE] Layer 14: loading 6 expert(s)
[MoE] Layer 15: loading 2 expert(s)
[MoE] Layer 16: loading 3 expert(s)
[MoE] Layer 17: loading 4 expert(s)
[MoE] Layer 18: loading 4 expert(s)
[MoE] Layer 19: loading 3 expert(s)
[MoE] Layer 20: loading 1 expert(s)
[MoE] Layer 21: loading 4 expert(s)
[MoE] Layer 22: loading 4 expert(s)
[MoE] Layer 23: loading 7 expert(s)
[MoE] Layer 24: loading 8 expert(s)
[MoE] Layer 25: loading 1 expert(s)
[MoE] Layer 26: loading 6 expert(s)
[MoE] Layer 27: loading 4 expert(s)
[MoE] Layer 28: loading 5 expert(s)
[MoE] Layer 29: loading 1 expert(s)
[MoE] Layer 30: loading 1 expert(s)
[MoE] Layer 31: loading 2 expert(s)
[MoE] Layer 32: loading 5 expert(s)
[MoE] Layer 33: loading 5 expert(s)
[MoE] Layer 34: loading 5 expert(s)
[MoE] Layer 35: loading 6 expert(s)
[MoE] Layer 36: loading 5 expert(s)
[MoE] Layer 37: loading 6 expert(s)
[MoE] Layer 38: loading 5 expert(s)
[MoE] Layer 39: loading 5 expert(s)
[MoE] Layer 40: loading 5 expert(s)
[MoE] Layer 41: loading 3 expert(s)
[MoE] Layer 42: loading 4 expert(s)
[MoE] Layer 43: loading 4 expert(s)
[MoE] Layer 44: loading 3 expert(s)
[MoE] Layer 45: loading 4 expert(s)
[MoE] Layer 46: loading 1 expert(s)
[MoE] Layer 47: loading 4 expert(s)
[gen 35/99] elapsed=13.3s  TPS=2.627
[MoE] Layer 0: loading 4 expert(s)
[MoE] Layer 1: loading 5 expert(s)
[MoE] Layer 2: loading 3 expert(s)
[MoE] Layer 3: loading 5 expert(s)
[MoE] Layer 4: loading 3 expert(s)
[MoE] Layer 5: loading 3 expert(s)
[MoE] Layer 6: loading 1 expert(s)
[MoE] Layer 7: loading 1 expert(s)
[MoE] Layer 8: loading 3 expert(s)
[MoE] Layer 9: loading 3 expert(s)
[MoE] Layer 10: loading 4 expert(s)
[MoE] Layer 11: loading 3 expert(s)
[MoE] Layer 12: loading 3 expert(s)
[MoE] Layer 13: loading 2 expert(s)
[MoE] Layer 14: loading 2 expert(s)
[MoE] Layer 15: loading 1 expert(s)
[MoE] Layer 16: loading 2 expert(s)
[MoE] Layer 17: loading 3 expert(s)
[MoE] Layer 18: loading 2 expert(s)
[MoE] Layer 20: loading 3 expert(s)
[MoE] Layer 21: loading 2 expert(s)
[MoE] Layer 22: loading 3 expert(s)
[MoE] Layer 23: loading 2 expert(s)
[MoE] Layer 24: loading 2 expert(s)
[MoE] Layer 25: loading 3 expert(s)
[MoE] Layer 26: loading 4 expert(s)
[MoE] Layer 27: loading 1 expert(s)
[MoE] Layer 28: loading 3 expert(s)
[MoE] Layer 29: loading 2 expert(s)
[MoE] Layer 30: loading 2 expert(s)
[MoE] Layer 31: loading 2 expert(s)
[MoE] Layer 32: loading 5 expert(s)
[MoE] Layer 33: loading 4 expert(s)
[MoE] Layer 34: loading 3 expert(s)
[MoE] Layer 35: loading 2 expert(s)
[MoE] Layer 36: loading 1 expert(s)
[MoE] Layer 37: loading 4 expert(s)
[MoE] Layer 38: loading 2 expert(s)
[MoE] Layer 39: loading 4 expert(s)
[MoE] Layer 40: loading 2 expert(s)
[MoE] Layer 41: loading 5 expert(s)
[MoE] Layer 42: loading 4 expert(s)
[MoE] Layer 43: loading 1 expert(s)
[MoE] Layer 44: loading 2 expert(s)
[MoE] Layer 46: loading 2 expert(s)
[MoE] Layer 47: loading 2 expert(s)
[MoE] Layer 0: loading 4 expert(s)
[MoE] Layer 1: loading 4 expert(s)
[MoE] Layer 2: loading 3 expert(s)
[MoE] Layer 3: loading 8 expert(s)
[MoE] Layer 4: loading 4 expert(s)
[MoE] Layer 5: loading 3 expert(s)
[MoE] Layer 6: loading 3 expert(s)
[MoE] Layer 7: loading 1 expert(s)
[MoE] Layer 8: loading 2 expert(s)
[MoE] Layer 9: loading 1 expert(s)
[MoE] Layer 10: loading 3 expert(s)
[MoE] Layer 11: loading 4 expert(s)
[MoE] Layer 12: loading 5 expert(s)
[MoE] Layer 13: loading 4 expert(s)
[MoE] Layer 14: loading 1 expert(s)
[MoE] Layer 15: loading 2 expert(s)
[MoE] Layer 16: loading 1 expert(s)
[MoE] Layer 17: loading 4 expert(s)
[MoE] Layer 18: loading 4 expert(s)
[MoE] Layer 19: loading 3 expert(s)
[MoE] Layer 20: loading 1 expert(s)
[MoE] Layer 22: loading 2 expert(s)
[MoE] Layer 23: loading 3 expert(s)
[MoE] Layer 24: loading 3 expert(s)
[MoE] Layer 25: loading 2 expert(s)
[MoE] Layer 26: loading 1 expert(s)
[MoE] Layer 27: loading 4 expert(s)
[MoE] Layer 29: loading 3 expert(s)
[MoE] Layer 32: loading 1 expert(s)
[MoE] Layer 33: loading 1 expert(s)
[MoE] Layer 35: loading 2 expert(s)
[MoE] Layer 36: loading 2 expert(s)
[MoE] Layer 37: loading 4 expert(s)
[MoE] Layer 38: loading 2 expert(s)
[MoE] Layer 39: loading 4 expert(s)
[MoE] Layer 41: loading 3 expert(s)
[MoE] Layer 42: loading 1 expert(s)
[MoE] Layer 43: loading 1 expert(s)
[MoE] Layer 44: loading 4 expert(s)
[MoE] Layer 45: loading 2 expert(s)
[MoE] Layer 47: loading 4 expert(s)
[MoE] Layer 0: loading 7 expert(s)
[MoE] Layer 1: loading 4 expert(s)
[MoE] Layer 2: loading 4 expert(s)
[MoE] Layer 3: loading 5 expert(s)
[MoE] Layer 4: loading 4 expert(s)
[MoE] Layer 5: loading 1 expert(s)
[MoE] Layer 6: loading 2 expert(s)
[MoE] Layer 7: loading 2 expert(s)
[MoE] Layer 8: loading 3 expert(s)
[MoE] Layer 9: loading 1 expert(s)
[MoE] Layer 10: loading 2 expert(s)
[MoE] Layer 11: loading 2 expert(s)
[MoE] Layer 12: loading 1 expert(s)
[MoE] Layer 13: loading 4 expert(s)
[MoE] Layer 14: loading 2 expert(s)
[MoE] Layer 16: loading 2 expert(s)
[MoE] Layer 17: loading 3 expert(s)
[MoE] Layer 19: loading 3 expert(s)
[MoE] Layer 20: loading 2 expert(s)
[MoE] Layer 21: loading 1 expert(s)
[MoE] Layer 22: loading 2 expert(s)
[MoE] Layer 23: loading 1 expert(s)
[MoE] Layer 24: loading 1 expert(s)
[MoE] Layer 25: loading 3 expert(s)
[MoE] Layer 26: loading 3 expert(s)
[MoE] Layer 27: loading 2 expert(s)
[MoE] Layer 28: loading 2 expert(s)
[MoE] Layer 29: loading 4 expert(s)
[MoE] Layer 31: loading 1 expert(s)
[MoE] Layer 32: loading 5 expert(s)
[MoE] Layer 33: loading 1 expert(s)
[MoE] Layer 34: loading 4 expert(s)
[MoE] Layer 35: loading 3 expert(s)
[MoE] Layer 36: loading 1 expert(s)
[MoE] Layer 37: loading 3 expert(s)
[MoE] Layer 38: loading 1 expert(s)
[MoE] Layer 39: loading 3 expert(s)
[MoE] Layer 40: loading 3 expert(s)
[MoE] Layer 41: loading 3 expert(s)
[MoE] Layer 42: loading 3 expert(s)
[MoE] Layer 43: loading 3 expert(s)
[MoE] Layer 44: loading 4 expert(s)
[MoE] Layer 45: loading 2 expert(s)
[MoE] Layer 46: loading 1 expert(s)
[MoE] Layer 47: loading 2 expert(s)
[MoE] Layer 0: loading 5 expert(s)
[MoE] Layer 1: loading 5 expert(s)
[MoE] Layer 2: loading 2 expert(s)
[MoE] Layer 3: loading 3 expert(s)
[MoE] Layer 4: loading 2 expert(s)
[MoE] Layer 5: loading 1 expert(s)
[MoE] Layer 6: loading 2 expert(s)
[MoE] Layer 7: loading 2 expert(s)
[MoE] Layer 8: loading 2 expert(s)
[MoE] Layer 9: loading 3 expert(s)
[MoE] Layer 10: loading 2 expert(s)
[MoE] Layer 11: loading 2 expert(s)
[MoE] Layer 12: loading 2 expert(s)
[MoE] Layer 13: loading 2 expert(s)
[MoE] Layer 14: loading 3 expert(s)
[MoE] Layer 15: loading 1 expert(s)
[MoE] Layer 16: loading 3 expert(s)
[MoE] Layer 17: loading 4 expert(s)
[MoE] Layer 19: loading 1 expert(s)
[MoE] Layer 20: loading 2 expert(s)
[MoE] Layer 21: loading 2 expert(s)
[MoE] Layer 22: loading 5 expert(s)
[MoE] Layer 23: loading 3 expert(s)
[MoE] Layer 24: loading 3 expert(s)
[MoE] Layer 25: loading 5 expert(s)
[MoE] Layer 26: loading 3 expert(s)
[MoE] Layer 27: loading 1 expert(s)
[MoE] Layer 28: loading 2 expert(s)
[MoE] Layer 29: loading 2 expert(s)
[MoE] Layer 30: loading 1 expert(s)
[MoE] Layer 31: loading 1 expert(s)
[MoE] Layer 32: loading 3 expert(s)
[MoE] Layer 33: loading 2 expert(s)
[MoE] Layer 34: loading 1 expert(s)
[MoE] Layer 35: loading 5 expert(s)
[MoE] Layer 36: loading 2 expert(s)
[MoE] Layer 37: loading 4 expert(s)
[MoE] Layer 38: loading 2 expert(s)
[MoE] Layer 39: loading 2 expert(s)
[MoE] Layer 40: loading 4 expert(s)
[MoE] Layer 41: loading 2 expert(s)
[MoE] Layer 42: loading 3 expert(s)
[MoE] Layer 43: loading 3 expert(s)
[MoE] Layer 44: loading 2 expert(s)
[MoE] Layer 45: loading 1 expert(s)
[MoE] Layer 46: loading 1 expert(s)
[MoE] Layer 47: loading 5 expert(s)
[MoE] Layer 0: loading 6 expert(s)
[MoE] Layer 1: loading 5 expert(s)
[MoE] Layer 2: loading 4 expert(s)
[MoE] Layer 3: loading 6 expert(s)
[MoE] Layer 4: loading 5 expert(s)
[MoE] Layer 5: loading 2 expert(s)
[MoE] Layer 6: loading 4 expert(s)
[MoE] Layer 7: loading 2 expert(s)
[MoE] Layer 8: loading 4 expert(s)
[MoE] Layer 9: loading 1 expert(s)
[MoE] Layer 10: loading 6 expert(s)
[MoE] Layer 11: loading 3 expert(s)
[MoE] Layer 12: loading 2 expert(s)
[MoE] Layer 13: loading 4 expert(s)
[MoE] Layer 14: loading 3 expert(s)
[MoE] Layer 15: loading 3 expert(s)
[MoE] Layer 16: loading 1 expert(s)
[MoE] Layer 17: loading 4 expert(s)
[MoE] Layer 18: loading 1 expert(s)
[MoE] Layer 19: loading 1 expert(s)
[MoE] Layer 21: loading 3 expert(s)
[MoE] Layer 22: loading 4 expert(s)
[MoE] Layer 23: loading 6 expert(s)
[MoE] Layer 24: loading 2 expert(s)
[MoE] Layer 25: loading 3 expert(s)
[MoE] Layer 26: loading 5 expert(s)
[MoE] Layer 27: loading 3 expert(s)
[MoE] Layer 28: loading 1 expert(s)
[MoE] Layer 29: loading 4 expert(s)
[MoE] Layer 31: loading 1 expert(s)
[MoE] Layer 33: loading 1 expert(s)
[MoE] Layer 34: loading 3 expert(s)
[MoE] Layer 35: loading 5 expert(s)
[MoE] Layer 36: loading 2 expert(s)
[MoE] Layer 37: loading 2 expert(s)
[MoE] Layer 38: loading 1 expert(s)
[MoE] Layer 39: loading 4 expert(s)
[MoE] Layer 40: loading 4 expert(s)
[MoE] Layer 41: loading 2 expert(s)
[MoE] Layer 42: loading 4 expert(s)
[MoE] Layer 43: loading 2 expert(s)
[MoE] Layer 44: loading 3 expert(s)
[MoE] Layer 45: loading 4 expert(s)
[MoE] Layer 46: loading 2 expert(s)
[MoE] Layer 47: loading 4 expert(s)
[gen 40/99] elapsed=15.0s  TPS=2.663
[MoE] Layer 0: loading 4 expert(s)
[MoE] Layer 1: loading 7 expert(s)
[MoE] Layer 2: loading 4 expert(s)
[MoE] Layer 3: loading 5 expert(s)
[MoE] Layer 6: loading 1 expert(s)
[MoE] Layer 7: loading 1 expert(s)
[MoE] Layer 8: loading 2 expert(s)
[MoE] Layer 9: loading 1 expert(s)
[MoE] Layer 10: loading 2 expert(s)
[MoE] Layer 11: loading 1 expert(s)
[MoE] Layer 13: loading 2 expert(s)
[MoE] Layer 14: loading 3 expert(s)
[MoE] Layer 15: loading 1 expert(s)
[MoE] Layer 16: loading 1 expert(s)
[MoE] Layer 17: loading 1 expert(s)
[MoE] Layer 18: loading 1 expert(s)
[MoE] Layer 19: loading 2 expert(s)
[MoE] Layer 20: loading 1 expert(s)
[MoE] Layer 21: loading 1 expert(s)
[MoE] Layer 22: loading 2 expert(s)
[MoE] Layer 23: loading 1 expert(s)
[MoE] Layer 25: loading 3 expert(s)
[MoE] Layer 26: loading 1 expert(s)
[MoE] Layer 29: loading 1 expert(s)
[MoE] Layer 31: loading 1 expert(s)
[MoE] Layer 32: loading 1 expert(s)
[MoE] Layer 33: loading 2 expert(s)
[MoE] Layer 34: loading 1 expert(s)
[MoE] Layer 35: loading 3 expert(s)
[MoE] Layer 36: loading 1 expert(s)
[MoE] Layer 37: loading 2 expert(s)
[MoE] Layer 38: loading 1 expert(s)
[MoE] Layer 39: loading 2 expert(s)
[MoE] Layer 42: loading 2 expert(s)
[MoE] Layer 43: loading 1 expert(s)
[MoE] Layer 44: loading 1 expert(s)
[MoE] Layer 45: loading 3 expert(s)
[MoE] Layer 46: loading 1 expert(s)
[MoE] Layer 47: loading 2 expert(s)
[MoE] Layer 0: loading 6 expert(s)
[MoE] Layer 1: loading 4 expert(s)
[MoE] Layer 3: loading 3 expert(s)
[MoE] Layer 4: loading 1 expert(s)
[MoE] Layer 5: loading 2 expert(s)
[MoE] Layer 6: loading 1 expert(s)
[MoE] Layer 8: loading 2 expert(s)
[MoE] Layer 9: loading 1 expert(s)
[MoE] Layer 10: loading 1 expert(s)
[MoE] Layer 11: loading 3 expert(s)
[MoE] Layer 12: loading 1 expert(s)
[MoE] Layer 13: loading 1 expert(s)
[MoE] Layer 14: loading 2 expert(s)
[MoE] Layer 15: loading 1 expert(s)
[MoE] Layer 16: loading 1 expert(s)
[MoE] Layer 17: loading 1 expert(s)
[MoE] Layer 18: loading 2 expert(s)
[MoE] Layer 19: loading 1 expert(s)
[MoE] Layer 21: loading 1 expert(s)
[MoE] Layer 22: loading 1 expert(s)
[MoE] Layer 23: loading 3 expert(s)
[MoE] Layer 24: loading 1 expert(s)
[MoE] Layer 25: loading 1 expert(s)
[MoE] Layer 27: loading 1 expert(s)
[MoE] Layer 28: loading 2 expert(s)
[MoE] Layer 29: loading 1 expert(s)
[MoE] Layer 32: loading 1 expert(s)
[MoE] Layer 34: loading 1 expert(s)
[MoE] Layer 35: loading 2 expert(s)
[MoE] Layer 36: loading 1 expert(s)
[MoE] Layer 37: loading 1 expert(s)
[MoE] Layer 39: loading 3 expert(s)
[MoE] Layer 40: loading 2 expert(s)
[MoE] Layer 41: loading 2 expert(s)
[MoE] Layer 42: loading 2 expert(s)
[MoE] Layer 43: loading 2 expert(s)
[MoE] Layer 44: loading 1 expert(s)
[MoE] Layer 45: loading 2 expert(s)
[MoE] Layer 47: loading 3 expert(s)
[MoE] Layer 0: loading 5 expert(s)
[MoE] Layer 1: loading 4 expert(s)
[MoE] Layer 2: loading 2 expert(s)
[MoE] Layer 3: loading 4 expert(s)
[MoE] Layer 4: loading 4 expert(s)
[MoE] Layer 5: loading 3 expert(s)
[MoE] Layer 6: loading 1 expert(s)
[MoE] Layer 7: loading 1 expert(s)
[MoE] Layer 8: loading 3 expert(s)
[MoE] Layer 10: loading 3 expert(s)
[MoE] Layer 11: loading 5 expert(s)
[MoE] Layer 12: loading 2 expert(s)
[MoE] Layer 13: loading 2 expert(s)
[MoE] Layer 14: loading 2 expert(s)
[MoE] Layer 15: loading 2 expert(s)
[MoE] Layer 16: loading 2 expert(s)
[MoE] Layer 17: loading 4 expert(s)
[MoE] Layer 19: loading 1 expert(s)
[MoE] Layer 20: loading 1 expert(s)
[MoE] Layer 21: loading 1 expert(s)
[MoE] Layer 22: loading 4 expert(s)
[MoE] Layer 23: loading 1 expert(s)
[MoE] Layer 25: loading 2 expert(s)
[MoE] Layer 26: loading 2 expert(s)
[MoE] Layer 27: loading 4 expert(s)
[MoE] Layer 28: loading 3 expert(s)
[MoE] Layer 29: loading 3 expert(s)
[MoE] Layer 30: loading 1 expert(s)
[MoE] Layer 32: loading 2 expert(s)
[MoE] Layer 33: loading 1 expert(s)
[MoE] Layer 34: loading 3 expert(s)
[MoE] Layer 35: loading 5 expert(s)
[MoE] Layer 36: loading 3 expert(s)
[MoE] Layer 37: loading 5 expert(s)
[MoE] Layer 38: loading 4 expert(s)
[MoE] Layer 39: loading 3 expert(s)
[MoE] Layer 40: loading 3 expert(s)
[MoE] Layer 41: loading 5 expert(s)
[MoE] Layer 42: loading 4 expert(s)
[MoE] Layer 43: loading 2 expert(s)
[MoE] Layer 44: loading 3 expert(s)
[MoE] Layer 45: loading 3 expert(s)
[MoE] Layer 46: loading 2 expert(s)
[MoE] Layer 47: loading 3 expert(s)
[MoE] Layer 0: loading 5 expert(s)
[MoE] Layer 1: loading 3 expert(s)
[MoE] Layer 2: loading 2 expert(s)
[MoE] Layer 3: loading 3 expert(s)
[MoE] Layer 4: loading 2 expert(s)
[MoE] Layer 5: loading 1 expert(s)
[MoE] Layer 6: loading 1 expert(s)
[MoE] Layer 7: loading 1 expert(s)
[MoE] Layer 8: loading 1 expert(s)
[MoE] Layer 9: loading 1 expert(s)
[MoE] Layer 10: loading 2 expert(s)
[MoE] Layer 11: loading 4 expert(s)
[MoE] Layer 12: loading 4 expert(s)
[MoE] Layer 13: loading 3 expert(s)
[MoE] Layer 14: loading 2 expert(s)
[MoE] Layer 15: loading 2 expert(s)
[MoE] Layer 17: loading 2 expert(s)
[MoE] Layer 18: loading 1 expert(s)
[MoE] Layer 19: loading 2 expert(s)
[MoE] Layer 20: loading 1 expert(s)
[MoE] Layer 21: loading 1 expert(s)
[MoE] Layer 22: loading 2 expert(s)
[MoE] Layer 23: loading 2 expert(s)
[MoE] Layer 24: loading 3 expert(s)
[MoE] Layer 25: loading 2 expert(s)
[MoE] Layer 26: loading 1 expert(s)
[MoE] Layer 27: loading 1 expert(s)
[MoE] Layer 28: loading 2 expert(s)
[MoE] Layer 29: loading 4 expert(s)
[MoE] Layer 31: loading 1 expert(s)
[MoE] Layer 32: loading 1 expert(s)
[MoE] Layer 34: loading 1 expert(s)
[MoE] Layer 36: loading 2 expert(s)
[MoE] Layer 37: loading 3 expert(s)
[MoE] Layer 39: loading 6 expert(s)
[MoE] Layer 40: loading 1 expert(s)
[MoE] Layer 41: loading 2 expert(s)
[MoE] Layer 42: loading 2 expert(s)
[MoE] Layer 43: loading 1 expert(s)
[MoE] Layer 44: loading 2 expert(s)
[MoE] Layer 45: loading 3 expert(s)
[MoE] Layer 47: loading 2 expert(s)
[MoE] Layer 0: loading 3 expert(s)
[MoE] Layer 1: loading 5 expert(s)
[MoE] Layer 2: loading 4 expert(s)
[MoE] Layer 3: loading 4 expert(s)
[MoE] Layer 4: loading 4 expert(s)
[MoE] Layer 5: loading 2 expert(s)
[MoE] Layer 6: loading 1 expert(s)
[MoE] Layer 7: loading 2 expert(s)
[MoE] Layer 8: loading 4 expert(s)
[MoE] Layer 9: loading 2 expert(s)
[MoE] Layer 10: loading 5 expert(s)
[MoE] Layer 11: loading 4 expert(s)
[MoE] Layer 12: loading 2 expert(s)
[MoE] Layer 13: loading 4 expert(s)
[MoE] Layer 14: loading 2 expert(s)
[MoE] Layer 15: loading 2 expert(s)
[MoE] Layer 16: loading 2 expert(s)
[MoE] Layer 17: loading 2 expert(s)
[MoE] Layer 18: loading 1 expert(s)
[MoE] Layer 19: loading 2 expert(s)
[MoE] Layer 20: loading 3 expert(s)
[MoE] Layer 21: loading 4 expert(s)
[MoE] Layer 22: loading 3 expert(s)
[MoE] Layer 23: loading 4 expert(s)
[MoE] Layer 24: loading 4 expert(s)
[MoE] Layer 25: loading 3 expert(s)
[MoE] Layer 26: loading 1 expert(s)
[MoE] Layer 27: loading 3 expert(s)
[MoE] Layer 28: loading 4 expert(s)
[MoE] Layer 29: loading 4 expert(s)
[MoE] Layer 30: loading 2 expert(s)
[MoE] Layer 31: loading 1 expert(s)
[MoE] Layer 32: loading 1 expert(s)
[MoE] Layer 33: loading 1 expert(s)
[MoE] Layer 34: loading 2 expert(s)
[MoE] Layer 35: loading 4 expert(s)
[MoE] Layer 36: loading 3 expert(s)
[MoE] Layer 37: loading 3 expert(s)
[MoE] Layer 38: loading 2 expert(s)
[MoE] Layer 39: loading 2 expert(s)
[MoE] Layer 40: loading 2 expert(s)
[MoE] Layer 41: loading 3 expert(s)
[MoE] Layer 42: loading 4 expert(s)
[MoE] Layer 43: loading 2 expert(s)
[MoE] Layer 44: loading 2 expert(s)
[MoE] Layer 47: loading 2 expert(s)
[gen 45/99] elapsed=16.5s  TPS=2.728
[MoE] Layer 0: loading 4 expert(s)
[MoE] Layer 1: loading 4 expert(s)
[MoE] Layer 2: loading 4 expert(s)
[MoE] Layer 3: loading 7 expert(s)
[MoE] Layer 4: loading 2 expert(s)
[MoE] Layer 5: loading 1 expert(s)
[MoE] Layer 7: loading 1 expert(s)
[MoE] Layer 8: loading 1 expert(s)
[MoE] Layer 9: loading 3 expert(s)
[MoE] Layer 10: loading 2 expert(s)
[MoE] Layer 11: loading 3 expert(s)
[MoE] Layer 12: loading 4 expert(s)
[MoE] Layer 13: loading 3 expert(s)
[MoE] Layer 14: loading 2 expert(s)
[MoE] Layer 15: loading 3 expert(s)
[MoE] Layer 16: loading 2 expert(s)
[MoE] Layer 17: loading 3 expert(s)
[MoE] Layer 18: loading 1 expert(s)
[MoE] Layer 20: loading 1 expert(s)
[MoE] Layer 21: loading 3 expert(s)
[MoE] Layer 22: loading 2 expert(s)
[MoE] Layer 23: loading 4 expert(s)
[MoE] Layer 25: loading 2 expert(s)
[MoE] Layer 28: loading 1 expert(s)
[MoE] Layer 29: loading 2 expert(s)
[MoE] Layer 31: loading 1 expert(s)
[MoE] Layer 32: loading 3 expert(s)
[MoE] Layer 33: loading 1 expert(s)
[MoE] Layer 34: loading 3 expert(s)
[MoE] Layer 35: loading 2 expert(s)
[MoE] Layer 37: loading 4 expert(s)
[MoE] Layer 38: loading 1 expert(s)
[MoE] Layer 39: loading 3 expert(s)
[MoE] Layer 40: loading 1 expert(s)
[MoE] Layer 41: loading 2 expert(s)
[MoE] Layer 42: loading 5 expert(s)
[MoE] Layer 43: loading 3 expert(s)
[MoE] Layer 44: loading 1 expert(s)
[MoE] Layer 45: loading 1 expert(s)
[MoE] Layer 47: loading 3 expert(s)
[MoE] Layer 0: loading 5 expert(s)
[MoE] Layer 1: loading 5 expert(s)
[MoE] Layer 2: loading 3 expert(s)
[MoE] Layer 3: loading 5 expert(s)
[MoE] Layer 4: loading 3 expert(s)
[MoE] Layer 5: loading 3 expert(s)
[MoE] Layer 8: loading 2 expert(s)
[MoE] Layer 9: loading 3 expert(s)
[MoE] Layer 10: loading 3 expert(s)
[MoE] Layer 11: loading 3 expert(s)
[MoE] Layer 13: loading 3 expert(s)
[MoE] Layer 14: loading 3 expert(s)
[MoE] Layer 15: loading 1 expert(s)
[MoE] Layer 16: loading 2 expert(s)
[MoE] Layer 17: loading 5 expert(s)
[MoE] Layer 19: loading 1 expert(s)
[MoE] Layer 20: loading 2 expert(s)
[MoE] Layer 21: loading 3 expert(s)
[MoE] Layer 22: loading 3 expert(s)
[MoE] Layer 23: loading 2 expert(s)
[MoE] Layer 24: loading 3 expert(s)
[MoE] Layer 25: loading 4 expert(s)
[MoE] Layer 26: loading 1 expert(s)
[MoE] Layer 27: loading 1 expert(s)
[MoE] Layer 29: loading 3 expert(s)
[MoE] Layer 31: loading 1 expert(s)
[MoE] Layer 32: loading 2 expert(s)
[MoE] Layer 33: loading 1 expert(s)
[MoE] Layer 34: loading 2 expert(s)
[MoE] Layer 35: loading 2 expert(s)
[MoE] Layer 36: loading 3 expert(s)
[MoE] Layer 37: loading 3 expert(s)
[MoE] Layer 38: loading 1 expert(s)
[MoE] Layer 39: loading 1 expert(s)
[MoE] Layer 41: loading 2 expert(s)
[MoE] Layer 42: loading 2 expert(s)
[MoE] Layer 44: loading 1 expert(s)
[MoE] Layer 45: loading 1 expert(s)
[MoE] Layer 46: loading 2 expert(s)
[MoE] Layer 47: loading 3 expert(s)
[MoE] Layer 0: loading 6 expert(s)
[MoE] Layer 1: loading 3 expert(s)
[MoE] Layer 2: loading 1 expert(s)
[MoE] Layer 3: loading 2 expert(s)
[MoE] Layer 4: loading 3 expert(s)
[MoE] Layer 8: loading 1 expert(s)
[MoE] Layer 9: loading 1 expert(s)
[MoE] Layer 11: loading 1 expert(s)
[MoE] Layer 12: loading 1 expert(s)
[MoE] Layer 13: loading 1 expert(s)
[MoE] Layer 14: loading 2 expert(s)
[MoE] Layer 15: loading 2 expert(s)
[MoE] Layer 16: loading 1 expert(s)
[MoE] Layer 17: loading 2 expert(s)
[MoE] Layer 18: loading 1 expert(s)
[MoE] Layer 20: loading 2 expert(s)
[MoE] Layer 21: loading 1 expert(s)
[MoE] Layer 22: loading 3 expert(s)
[MoE] Layer 25: loading 1 expert(s)
[MoE] Layer 26: loading 1 expert(s)
[MoE] Layer 27: loading 1 expert(s)
[MoE] Layer 29: loading 2 expert(s)
[MoE] Layer 30: loading 2 expert(s)
[MoE] Layer 31: loading 1 expert(s)
[MoE] Layer 32: loading 1 expert(s)
[MoE] Layer 33: loading 1 expert(s)
[MoE] Layer 35: loading 1 expert(s)
[MoE] Layer 37: loading 2 expert(s)
[MoE] Layer 38: loading 1 expert(s)
[MoE] Layer 39: loading 2 expert(s)
[MoE] Layer 40: loading 1 expert(s)
[MoE] Layer 41: loading 5 expert(s)
[MoE] Layer 42: loading 4 expert(s)
[MoE] Layer 44: loading 2 expert(s)
[MoE] Layer 45: loading 2 expert(s)
[MoE] Layer 46: loading 1 expert(s)
[MoE] Layer 47: loading 3 expert(s)
[MoE] Layer 0: loading 7 expert(s)
[MoE] Layer 1: loading 6 expert(s)
[MoE] Layer 2: loading 6 expert(s)
[MoE] Layer 3: loading 4 expert(s)
[MoE] Layer 4: loading 2 expert(s)
[MoE] Layer 5: loading 4 expert(s)
[MoE] Layer 6: loading 1 expert(s)
[MoE] Layer 7: loading 1 expert(s)
[MoE] Layer 8: loading 4 expert(s)
[MoE] Layer 9: loading 1 expert(s)
[MoE] Layer 10: loading 3 expert(s)
[MoE] Layer 11: loading 6 expert(s)
[MoE] Layer 12: loading 4 expert(s)
[MoE] Layer 13: loading 5 expert(s)
[MoE] Layer 14: loading 3 expert(s)
[MoE] Layer 16: loading 3 expert(s)
[MoE] Layer 17: loading 3 expert(s)
[MoE] Layer 18: loading 2 expert(s)
[MoE] Layer 19: loading 2 expert(s)
[MoE] Layer 20: loading 6 expert(s)
[MoE] Layer 21: loading 1 expert(s)
[MoE] Layer 22: loading 2 expert(s)
[MoE] Layer 23: loading 4 expert(s)
[MoE] Layer 24: loading 3 expert(s)
[MoE] Layer 25: loading 3 expert(s)
[MoE] Layer 26: loading 4 expert(s)
[MoE] Layer 27: loading 3 expert(s)
[MoE] Layer 28: loading 3 expert(s)
[MoE] Layer 29: loading 3 expert(s)
[MoE] Layer 31: loading 1 expert(s)
[MoE] Layer 32: loading 2 expert(s)
[MoE] Layer 34: loading 1 expert(s)
[MoE] Layer 35: loading 5 expert(s)
[MoE] Layer 36: loading 2 expert(s)
[MoE] Layer 37: loading 6 expert(s)
[MoE] Layer 38: loading 3 expert(s)
[MoE] Layer 39: loading 3 expert(s)
[MoE] Layer 40: loading 2 expert(s)
[MoE] Layer 41: loading 2 expert(s)
[MoE] Layer 42: loading 1 expert(s)
[MoE] Layer 43: loading 1 expert(s)
[MoE] Layer 44: loading 1 expert(s)
[MoE] Layer 45: loading 2 expert(s)
[MoE] Layer 46: loading 1 expert(s)
[MoE] Layer 47: loading 4 expert(s)
[MoE] Layer 0: loading 3 expert(s)
[MoE] Layer 1: loading 3 expert(s)
[MoE] Layer 2: loading 3 expert(s)
[MoE] Layer 3: loading 3 expert(s)
[MoE] Layer 4: loading 1 expert(s)
[MoE] Layer 5: loading 1 expert(s)
[MoE] Layer 7: loading 1 expert(s)
[MoE] Layer 8: loading 1 expert(s)
[MoE] Layer 9: loading 3 expert(s)
[MoE] Layer 10: loading 1 expert(s)
[MoE] Layer 11: loading 4 expert(s)
[MoE] Layer 13: loading 2 expert(s)
[MoE] Layer 14: loading 1 expert(s)
[MoE] Layer 15: loading 1 expert(s)
[MoE] Layer 16: loading 2 expert(s)
[MoE] Layer 17: loading 2 expert(s)
[MoE] Layer 21: loading 2 expert(s)
[MoE] Layer 22: loading 1 expert(s)
[MoE] Layer 23: loading 3 expert(s)
[MoE] Layer 24: loading 1 expert(s)
[MoE] Layer 25: loading 3 expert(s)
[MoE] Layer 26: loading 2 expert(s)
[MoE] Layer 28: loading 4 expert(s)
[MoE] Layer 29: loading 3 expert(s)
[MoE] Layer 32: loading 1 expert(s)
[MoE] Layer 33: loading 2 expert(s)
[MoE] Layer 34: loading 2 expert(s)
[MoE] Layer 35: loading 2 expert(s)
[MoE] Layer 36: loading 1 expert(s)
[MoE] Layer 37: loading 4 expert(s)
[MoE] Layer 39: loading 2 expert(s)
[MoE] Layer 40: loading 2 expert(s)
[MoE] Layer 41: loading 2 expert(s)
[MoE] Layer 42: loading 2 expert(s)
[MoE] Layer 44: loading 1 expert(s)
[MoE] Layer 46: loading 3 expert(s)
[MoE] Layer 47: loading 3 expert(s)
[gen 50/99] elapsed=17.9s  TPS=2.786
[MoE] Layer 0: loading 6 expert(s)
[MoE] Layer 1: loading 3 expert(s)
[MoE] Layer 2: loading 7 expert(s)
[MoE] Layer 3: loading 7 expert(s)
[MoE] Layer 4: loading 7 expert(s)
[MoE] Layer 5: loading 6 expert(s)
[MoE] Layer 6: loading 6 expert(s)
[MoE] Layer 7: loading 5 expert(s)
[MoE] Layer 8: loading 7 expert(s)
[MoE] Layer 9: loading 4 expert(s)
[MoE] Layer 10: loading 6 expert(s)
[MoE] Layer 11: loading 6 expert(s)
[MoE] Layer 12: loading 6 expert(s)
[MoE] Layer 13: loading 7 expert(s)
[MoE] Layer 14: loading 6 expert(s)
[MoE] Layer 15: loading 5 expert(s)
[MoE] Layer 16: loading 5 expert(s)
[MoE] Layer 17: loading 7 expert(s)
[MoE] Layer 18: loading 6 expert(s)
[MoE] Layer 19: loading 6 expert(s)
[MoE] Layer 20: loading 5 expert(s)
[MoE] Layer 21: loading 5 expert(s)
[MoE] Layer 22: loading 4 expert(s)
[MoE] Layer 23: loading 6 expert(s)
[MoE] Layer 24: loading 3 expert(s)
[MoE] Layer 25: loading 6 expert(s)
[MoE] Layer 26: loading 6 expert(s)
[MoE] Layer 27: loading 6 expert(s)
[MoE] Layer 28: loading 5 expert(s)
[MoE] Layer 29: loading 8 expert(s)
[MoE] Layer 30: loading 3 expert(s)
[MoE] Layer 31: loading 5 expert(s)
[MoE] Layer 32: loading 3 expert(s)
[MoE] Layer 33: loading 6 expert(s)
[MoE] Layer 34: loading 6 expert(s)
[MoE] Layer 35: loading 7 expert(s)
[MoE] Layer 36: loading 8 expert(s)
[MoE] Layer 37: loading 6 expert(s)
[MoE] Layer 38: loading 4 expert(s)
[MoE] Layer 39: loading 5 expert(s)
[MoE] Layer 40: loading 4 expert(s)
[MoE] Layer 41: loading 7 expert(s)
[MoE] Layer 42: loading 4 expert(s)
[MoE] Layer 43: loading 2 expert(s)
[MoE] Layer 44: loading 4 expert(s)
[MoE] Layer 45: loading 3 expert(s)
[MoE] Layer 46: loading 3 expert(s)
[MoE] Layer 47: loading 7 expert(s)
[MoE] Layer 0: loading 6 expert(s)
[MoE] Layer 1: loading 6 expert(s)
[MoE] Layer 2: loading 4 expert(s)
[MoE] Layer 3: loading 6 expert(s)
[MoE] Layer 4: loading 7 expert(s)
[MoE] Layer 5: loading 5 expert(s)
[MoE] Layer 6: loading 2 expert(s)
[MoE] Layer 7: loading 4 expert(s)
[MoE] Layer 8: loading 4 expert(s)
[MoE] Layer 9: loading 4 expert(s)
[MoE] Layer 10: loading 5 expert(s)
[MoE] Layer 11: loading 6 expert(s)
[MoE] Layer 12: loading 3 expert(s)
[MoE] Layer 13: loading 6 expert(s)
[MoE] Layer 14: loading 6 expert(s)
[MoE] Layer 15: loading 3 expert(s)
[MoE] Layer 16: loading 4 expert(s)
[MoE] Layer 17: loading 5 expert(s)
[MoE] Layer 18: loading 2 expert(s)
[MoE] Layer 19: loading 3 expert(s)
[MoE] Layer 20: loading 3 expert(s)
[MoE] Layer 21: loading 3 expert(s)
[MoE] Layer 22: loading 3 expert(s)
[MoE] Layer 23: loading 4 expert(s)
[MoE] Layer 24: loading 5 expert(s)
[MoE] Layer 25: loading 2 expert(s)
[MoE] Layer 26: loading 5 expert(s)
[MoE] Layer 27: loading 5 expert(s)
[MoE] Layer 28: loading 4 expert(s)
[MoE] Layer 29: loading 4 expert(s)
[MoE] Layer 30: loading 2 expert(s)
[MoE] Layer 31: loading 4 expert(s)
[MoE] Layer 32: loading 5 expert(s)
[MoE] Layer 33: loading 4 expert(s)
[MoE] Layer 34: loading 7 expert(s)
[MoE] Layer 35: loading 6 expert(s)
[MoE] Layer 36: loading 2 expert(s)
[MoE] Layer 37: loading 7 expert(s)
[MoE] Layer 38: loading 2 expert(s)
[MoE] Layer 39: loading 5 expert(s)
[MoE] Layer 40: loading 2 expert(s)
[MoE] Layer 41: loading 3 expert(s)
[MoE] Layer 42: loading 2 expert(s)
[MoE] Layer 43: loading 3 expert(s)
[MoE] Layer 44: loading 2 expert(s)
[MoE] Layer 45: loading 1 expert(s)
[MoE] Layer 46: loading 2 expert(s)
[MoE] Layer 47: loading 5 expert(s)
[MoE] Layer 0: loading 5 expert(s)
[MoE] Layer 1: loading 6 expert(s)
[MoE] Layer 2: loading 4 expert(s)
[MoE] Layer 3: loading 6 expert(s)
[MoE] Layer 4: loading 4 expert(s)
[MoE] Layer 5: loading 3 expert(s)
[MoE] Layer 6: loading 1 expert(s)
[MoE] Layer 7: loading 1 expert(s)
[MoE] Layer 8: loading 2 expert(s)
[MoE] Layer 9: loading 1 expert(s)
[MoE] Layer 10: loading 2 expert(s)
[MoE] Layer 11: loading 2 expert(s)
[MoE] Layer 13: loading 4 expert(s)
[MoE] Layer 14: loading 3 expert(s)
[MoE] Layer 15: loading 3 expert(s)
[MoE] Layer 16: loading 3 expert(s)
[MoE] Layer 17: loading 3 expert(s)
[MoE] Layer 18: loading 1 expert(s)
[MoE] Layer 19: loading 1 expert(s)
[MoE] Layer 20: loading 3 expert(s)
[MoE] Layer 21: loading 3 expert(s)
[MoE] Layer 22: loading 1 expert(s)
[MoE] Layer 23: loading 1 expert(s)
[MoE] Layer 24: loading 1 expert(s)
[MoE] Layer 25: loading 1 expert(s)
[MoE] Layer 26: loading 1 expert(s)
[MoE] Layer 27: loading 3 expert(s)
[MoE] Layer 28: loading 2 expert(s)
[MoE] Layer 29: loading 3 expert(s)
[MoE] Layer 31: loading 1 expert(s)
[MoE] Layer 33: loading 1 expert(s)
[MoE] Layer 34: loading 1 expert(s)
[MoE] Layer 35: loading 3 expert(s)
[MoE] Layer 36: loading 3 expert(s)
[MoE] Layer 37: loading 1 expert(s)
[MoE] Layer 38: loading 2 expert(s)
[MoE] Layer 39: loading 4 expert(s)
[MoE] Layer 40: loading 3 expert(s)
[MoE] Layer 41: loading 3 expert(s)
[MoE] Layer 42: loading 1 expert(s)
[MoE] Layer 43: loading 1 expert(s)
[MoE] Layer 44: loading 1 expert(s)
[MoE] Layer 46: loading 1 expert(s)
[MoE] Layer 47: loading 4 expert(s)
[MoE] Layer 0: loading 6 expert(s)
[MoE] Layer 1: loading 2 expert(s)
[MoE] Layer 2: loading 2 expert(s)
[MoE] Layer 3: loading 7 expert(s)
[MoE] Layer 4: loading 2 expert(s)
[MoE] Layer 5: loading 3 expert(s)
[MoE] Layer 6: loading 2 expert(s)
[MoE] Layer 8: loading 2 expert(s)
[MoE] Layer 9: loading 2 expert(s)
[MoE] Layer 10: loading 3 expert(s)
[MoE] Layer 11: loading 3 expert(s)
[MoE] Layer 12: loading 3 expert(s)
[MoE] Layer 13: loading 4 expert(s)
[MoE] Layer 14: loading 2 expert(s)
[MoE] Layer 15: loading 2 expert(s)
[MoE] Layer 16: loading 2 expert(s)
[MoE] Layer 17: loading 3 expert(s)
[MoE] Layer 19: loading 2 expert(s)
[MoE] Layer 20: loading 3 expert(s)
[MoE] Layer 21: loading 3 expert(s)
[MoE] Layer 22: loading 3 expert(s)
[MoE] Layer 23: loading 4 expert(s)
[MoE] Layer 24: loading 3 expert(s)
[MoE] Layer 26: loading 2 expert(s)
[MoE] Layer 27: loading 3 expert(s)
[MoE] Layer 28: loading 1 expert(s)
[MoE] Layer 29: loading 2 expert(s)
[MoE] Layer 32: loading 5 expert(s)
[MoE] Layer 33: loading 1 expert(s)
[MoE] Layer 34: loading 1 expert(s)
[MoE] Layer 36: loading 1 expert(s)
[MoE] Layer 37: loading 1 expert(s)
[MoE] Layer 38: loading 2 expert(s)
[MoE] Layer 39: loading 2 expert(s)
[MoE] Layer 42: loading 1 expert(s)
[MoE] Layer 43: loading 2 expert(s)
[MoE] Layer 47: loading 1 expert(s)
[MoE] Layer 0: loading 5 expert(s)
[MoE] Layer 1: loading 4 expert(s)
[MoE] Layer 2: loading 5 expert(s)
[MoE] Layer 3: loading 2 expert(s)
[MoE] Layer 4: loading 6 expert(s)
[MoE] Layer 5: loading 3 expert(s)
[MoE] Layer 6: loading 1 expert(s)
[MoE] Layer 7: loading 2 expert(s)
[MoE] Layer 8: loading 2 expert(s)
[MoE] Layer 9: loading 2 expert(s)
[MoE] Layer 10: loading 3 expert(s)
[MoE] Layer 11: loading 3 expert(s)
[MoE] Layer 12: loading 2 expert(s)
[MoE] Layer 13: loading 2 expert(s)
[MoE] Layer 14: loading 3 expert(s)
[MoE] Layer 15: loading 1 expert(s)
[MoE] Layer 16: loading 2 expert(s)
[MoE] Layer 17: loading 1 expert(s)
[MoE] Layer 20: loading 1 expert(s)
[MoE] Layer 21: loading 1 expert(s)
[MoE] Layer 22: loading 2 expert(s)
[MoE] Layer 23: loading 3 expert(s)
[MoE] Layer 24: loading 2 expert(s)
[MoE] Layer 25: loading 4 expert(s)
[MoE] Layer 26: loading 2 expert(s)
[MoE] Layer 27: loading 2 expert(s)
[MoE] Layer 28: loading 2 expert(s)
[MoE] Layer 30: loading 1 expert(s)
[MoE] Layer 31: loading 1 expert(s)
[MoE] Layer 32: loading 2 expert(s)
[MoE] Layer 33: loading 1 expert(s)
[MoE] Layer 34: loading 3 expert(s)
[MoE] Layer 35: loading 3 expert(s)
[MoE] Layer 36: loading 1 expert(s)
[MoE] Layer 37: loading 1 expert(s)
[MoE] Layer 38: loading 4 expert(s)
[MoE] Layer 39: loading 1 expert(s)
[MoE] Layer 40: loading 3 expert(s)
[MoE] Layer 41: loading 1 expert(s)
[MoE] Layer 42: loading 2 expert(s)
[MoE] Layer 43: loading 2 expert(s)
[MoE] Layer 44: loading 1 expert(s)
[MoE] Layer 46: loading 1 expert(s)
[MoE] Layer 47: loading 2 expert(s)
[gen 55/99] elapsed=19.9s  TPS=2.771
[MoE] Layer 0: loading 7 expert(s)
[MoE] Layer 1: loading 3 expert(s)
[MoE] Layer 2: loading 4 expert(s)
[MoE] Layer 3: loading 5 expert(s)
[MoE] Layer 4: loading 3 expert(s)
[MoE] Layer 5: loading 2 expert(s)
[MoE] Layer 6: loading 1 expert(s)
[MoE] Layer 7: loading 2 expert(s)
[MoE] Layer 8: loading 2 expert(s)
[MoE] Layer 9: loading 2 expert(s)
[MoE] Layer 10: loading 3 expert(s)
[MoE] Layer 11: loading 7 expert(s)
[MoE] Layer 12: loading 2 expert(s)
[MoE] Layer 13: loading 2 expert(s)
[MoE] Layer 14: loading 2 expert(s)
[MoE] Layer 15: loading 3 expert(s)
[MoE] Layer 16: loading 2 expert(s)
[MoE] Layer 17: loading 3 expert(s)
[MoE] Layer 19: loading 1 expert(s)
[MoE] Layer 20: loading 3 expert(s)
[MoE] Layer 21: loading 1 expert(s)
[MoE] Layer 22: loading 2 expert(s)
[MoE] Layer 23: loading 3 expert(s)
[MoE] Layer 24: loading 2 expert(s)
[MoE] Layer 25: loading 3 expert(s)
[MoE] Layer 26: loading 5 expert(s)
[MoE] Layer 27: loading 1 expert(s)
[MoE] Layer 28: loading 2 expert(s)
[MoE] Layer 29: loading 2 expert(s)
[MoE] Layer 30: loading 1 expert(s)
[MoE] Layer 33: loading 2 expert(s)
[MoE] Layer 34: loading 3 expert(s)
[MoE] Layer 35: loading 4 expert(s)
[MoE] Layer 36: loading 4 expert(s)
[MoE] Layer 37: loading 5 expert(s)
[MoE] Layer 38: loading 3 expert(s)
[MoE] Layer 39: loading 4 expert(s)
[MoE] Layer 40: loading 4 expert(s)
[MoE] Layer 41: loading 4 expert(s)
[MoE] Layer 42: loading 5 expert(s)
[MoE] Layer 43: loading 2 expert(s)
[MoE] Layer 45: loading 1 expert(s)
[MoE] Layer 46: loading 2 expert(s)
[MoE] Layer 47: loading 6 expert(s)
[MoE] Layer 0: loading 7 expert(s)
[MoE] Layer 1: loading 4 expert(s)
[MoE] Layer 2: loading 1 expert(s)
[MoE] Layer 3: loading 6 expert(s)
[MoE] Layer 4: loading 2 expert(s)
[MoE] Layer 5: loading 1 expert(s)
[MoE] Layer 6: loading 2 expert(s)
[MoE] Layer 7: loading 2 expert(s)
[MoE] Layer 8: loading 2 expert(s)
[MoE] Layer 9: loading 3 expert(s)
[MoE] Layer 10: loading 4 expert(s)
[MoE] Layer 11: loading 3 expert(s)
[MoE] Layer 13: loading 2 expert(s)
[MoE] Layer 14: loading 3 expert(s)
[MoE] Layer 15: loading 3 expert(s)
[MoE] Layer 16: loading 1 expert(s)
[MoE] Layer 17: loading 2 expert(s)
[MoE] Layer 19: loading 2 expert(s)
[MoE] Layer 21: loading 1 expert(s)
[MoE] Layer 22: loading 2 expert(s)
[MoE] Layer 23: loading 2 expert(s)
[MoE] Layer 24: loading 2 expert(s)
[MoE] Layer 25: loading 5 expert(s)
[MoE] Layer 26: loading 2 expert(s)
[MoE] Layer 27: loading 1 expert(s)
[MoE] Layer 28: loading 2 expert(s)
[MoE] Layer 29: loading 2 expert(s)
[MoE] Layer 30: loading 1 expert(s)
[MoE] Layer 31: loading 1 expert(s)
[MoE] Layer 32: loading 2 expert(s)
[MoE] Layer 33: loading 1 expert(s)
[MoE] Layer 34: loading 1 expert(s)
[MoE] Layer 35: loading 4 expert(s)
[MoE] Layer 36: loading 4 expert(s)
[MoE] Layer 37: loading 4 expert(s)
[MoE] Layer 38: loading 1 expert(s)
[MoE] Layer 39: loading 3 expert(s)
[MoE] Layer 40: loading 3 expert(s)
[MoE] Layer 41: loading 1 expert(s)
[MoE] Layer 43: loading 1 expert(s)
[MoE] Layer 44: loading 1 expert(s)
[MoE] Layer 47: loading 3 expert(s)
[MoE] Layer 0: loading 6 expert(s)
[MoE] Layer 1: loading 4 expert(s)
[MoE] Layer 2: loading 5 expert(s)
[MoE] Layer 3: loading 5 expert(s)
[MoE] Layer 4: loading 5 expert(s)
[MoE] Layer 5: loading 4 expert(s)
[MoE] Layer 6: loading 2 expert(s)
[MoE] Layer 7: loading 2 expert(s)
[MoE] Layer 8: loading 4 expert(s)
[MoE] Layer 9: loading 2 expert(s)
[MoE] Layer 10: loading 4 expert(s)
[MoE] Layer 11: loading 4 expert(s)
[MoE] Layer 12: loading 3 expert(s)
[MoE] Layer 13: loading 3 expert(s)
[MoE] Layer 14: loading 3 expert(s)
[MoE] Layer 15: loading 1 expert(s)
[MoE] Layer 16: loading 2 expert(s)
[MoE] Layer 17: loading 4 expert(s)
[MoE] Layer 18: loading 1 expert(s)
[MoE] Layer 20: loading 4 expert(s)
[MoE] Layer 22: loading 4 expert(s)
[MoE] Layer 23: loading 4 expert(s)
[MoE] Layer 24: loading 3 expert(s)
[MoE] Layer 25: loading 3 expert(s)
[MoE] Layer 26: loading 1 expert(s)
[MoE] Layer 27: loading 2 expert(s)
[MoE] Layer 28: loading 2 expert(s)
[MoE] Layer 29: loading 3 expert(s)
[MoE] Layer 31: loading 1 expert(s)
[MoE] Layer 32: loading 3 expert(s)
[MoE] Layer 34: loading 5 expert(s)
[MoE] Layer 35: loading 3 expert(s)
[MoE] Layer 36: loading 3 expert(s)
[MoE] Layer 37: loading 4 expert(s)
[MoE] Layer 39: loading 4 expert(s)
[MoE] Layer 40: loading 2 expert(s)
[MoE] Layer 41: loading 3 expert(s)
[MoE] Layer 42: loading 3 expert(s)
[MoE] Layer 43: loading 2 expert(s)
[MoE] Layer 45: loading 1 expert(s)
[MoE] Layer 47: loading 3 expert(s)
[MoE] Layer 0: loading 7 expert(s)
[MoE] Layer 1: loading 6 expert(s)
[MoE] Layer 2: loading 5 expert(s)
[MoE] Layer 3: loading 4 expert(s)
[MoE] Layer 4: loading 4 expert(s)
[MoE] Layer 5: loading 4 expert(s)
[MoE] Layer 6: loading 1 expert(s)
[MoE] Layer 7: loading 1 expert(s)
[MoE] Layer 8: loading 2 expert(s)
[MoE] Layer 9: loading 3 expert(s)
[MoE] Layer 10: loading 1 expert(s)
[MoE] Layer 11: loading 2 expert(s)
[MoE] Layer 12: loading 2 expert(s)
[MoE] Layer 13: loading 5 expert(s)
[MoE] Layer 14: loading 4 expert(s)
[MoE] Layer 15: loading 2 expert(s)
[MoE] Layer 16: loading 3 expert(s)
[MoE] Layer 17: loading 3 expert(s)
[MoE] Layer 18: loading 1 expert(s)
[MoE] Layer 20: loading 1 expert(s)
[MoE] Layer 21: loading 2 expert(s)
[MoE] Layer 22: loading 3 expert(s)
[MoE] Layer 23: loading 3 expert(s)
[MoE] Layer 24: loading 4 expert(s)
[MoE] Layer 25: loading 5 expert(s)
[MoE] Layer 26: loading 1 expert(s)
[MoE] Layer 27: loading 3 expert(s)
[MoE] Layer 28: loading 3 expert(s)
[MoE] Layer 29: loading 1 expert(s)
[MoE] Layer 31: loading 1 expert(s)
[MoE] Layer 32: loading 1 expert(s)
[MoE] Layer 33: loading 1 expert(s)
[MoE] Layer 34: loading 2 expert(s)
[MoE] Layer 35: loading 2 expert(s)
[MoE] Layer 36: loading 2 expert(s)
[MoE] Layer 37: loading 4 expert(s)
[MoE] Layer 38: loading 1 expert(s)
[MoE] Layer 39: loading 2 expert(s)
[MoE] Layer 40: loading 1 expert(s)
[MoE] Layer 41: loading 1 expert(s)
[MoE] Layer 42: loading 2 expert(s)
[MoE] Layer 45: loading 1 expert(s)
[MoE] Layer 47: loading 3 expert(s)
[MoE] Layer 0: loading 5 expert(s)
[MoE] Layer 1: loading 4 expert(s)
[MoE] Layer 2: loading 3 expert(s)
[MoE] Layer 3: loading 6 expert(s)
[MoE] Layer 4: loading 4 expert(s)
[MoE] Layer 5: loading 3 expert(s)
[MoE] Layer 6: loading 2 expert(s)
[MoE] Layer 7: loading 1 expert(s)
[MoE] Layer 8: loading 3 expert(s)
[MoE] Layer 9: loading 3 expert(s)
[MoE] Layer 10: loading 1 expert(s)
[MoE] Layer 11: loading 3 expert(s)
[MoE] Layer 12: loading 1 expert(s)
[MoE] Layer 13: loading 4 expert(s)
[MoE] Layer 15: loading 2 expert(s)
[MoE] Layer 16: loading 2 expert(s)
[MoE] Layer 17: loading 1 expert(s)
[MoE] Layer 19: loading 1 expert(s)
[MoE] Layer 20: loading 1 expert(s)
[MoE] Layer 21: loading 3 expert(s)
[MoE] Layer 22: loading 1 expert(s)
[MoE] Layer 23: loading 4 expert(s)
[MoE] Layer 24: loading 4 expert(s)
[MoE] Layer 25: loading 4 expert(s)
[MoE] Layer 26: loading 1 expert(s)
[MoE] Layer 27: loading 2 expert(s)
[MoE] Layer 28: loading 1 expert(s)
[MoE] Layer 29: loading 1 expert(s)
[MoE] Layer 31: loading 1 expert(s)
[MoE] Layer 32: loading 1 expert(s)
[MoE] Layer 33: loading 2 expert(s)
[MoE] Layer 34: loading 1 expert(s)
[MoE] Layer 35: loading 2 expert(s)
[MoE] Layer 37: loading 1 expert(s)
[MoE] Layer 38: loading 1 expert(s)
[MoE] Layer 39: loading 1 expert(s)
[MoE] Layer 40: loading 2 expert(s)
[MoE] Layer 41: loading 1 expert(s)
[MoE] Layer 42: loading 1 expert(s)
[MoE] Layer 45: loading 1 expert(s)
[gen 60/99] elapsed=21.4s  TPS=2.800
[MoE] Layer 0: loading 3 expert(s)
[MoE] Layer 1: loading 2 expert(s)
[MoE] Layer 2: loading 4 expert(s)
[MoE] Layer 4: loading 5 expert(s)
[MoE] Layer 5: loading 4 expert(s)
[MoE] Layer 6: loading 1 expert(s)
[MoE] Layer 8: loading 3 expert(s)
[MoE] Layer 9: loading 2 expert(s)
[MoE] Layer 10: loading 1 expert(s)
[MoE] Layer 13: loading 6 expert(s)
[MoE] Layer 14: loading 1 expert(s)
[MoE] Layer 15: loading 1 expert(s)
[MoE] Layer 16: loading 3 expert(s)
[MoE] Layer 17: loading 2 expert(s)
[MoE] Layer 19: loading 1 expert(s)
[MoE] Layer 21: loading 3 expert(s)
[MoE] Layer 22: loading 1 expert(s)
[MoE] Layer 23: loading 2 expert(s)
[MoE] Layer 24: loading 2 expert(s)
[MoE] Layer 25: loading 5 expert(s)
[MoE] Layer 26: loading 1 expert(s)
[MoE] Layer 27: loading 1 expert(s)
[MoE] Layer 29: loading 2 expert(s)
[MoE] Layer 30: loading 2 expert(s)
[MoE] Layer 34: loading 1 expert(s)
[MoE] Layer 35: loading 1 expert(s)
[MoE] Layer 37: loading 2 expert(s)
[MoE] Layer 39: loading 2 expert(s)
[MoE] Layer 40: loading 2 expert(s)
[MoE] Layer 41: loading 1 expert(s)
[MoE] Layer 42: loading 2 expert(s)
[MoE] Layer 45: loading 1 expert(s)
[MoE] Layer 47: loading 1 expert(s)
[MoE] Layer 0: loading 3 expert(s)
[MoE] Layer 1: loading 2 expert(s)
[MoE] Layer 2: loading 4 expert(s)
[MoE] Layer 3: loading 3 expert(s)
[MoE] Layer 4: loading 5 expert(s)
[MoE] Layer 5: loading 2 expert(s)
[MoE] Layer 6: loading 1 expert(s)
[MoE] Layer 7: loading 2 expert(s)
[MoE] Layer 8: loading 1 expert(s)
[MoE] Layer 9: loading 4 expert(s)
[MoE] Layer 10: loading 5 expert(s)
[MoE] Layer 11: loading 4 expert(s)
[MoE] Layer 12: loading 4 expert(s)
[MoE] Layer 13: loading 2 expert(s)
[MoE] Layer 14: loading 3 expert(s)
[MoE] Layer 15: loading 3 expert(s)
[MoE] Layer 16: loading 2 expert(s)
[MoE] Layer 17: loading 3 expert(s)
[MoE] Layer 18: loading 1 expert(s)
[MoE] Layer 20: loading 2 expert(s)
[MoE] Layer 21: loading 2 expert(s)
[MoE] Layer 22: loading 3 expert(s)
[MoE] Layer 23: loading 4 expert(s)
[MoE] Layer 24: loading 4 expert(s)
[MoE] Layer 25: loading 2 expert(s)
[MoE] Layer 26: loading 3 expert(s)
[MoE] Layer 27: loading 2 expert(s)
[MoE] Layer 28: loading 2 expert(s)
[MoE] Layer 29: loading 4 expert(s)
[MoE] Layer 30: loading 1 expert(s)
[MoE] Layer 32: loading 1 expert(s)
[MoE] Layer 33: loading 2 expert(s)
[MoE] Layer 34: loading 4 expert(s)
[MoE] Layer 35: loading 2 expert(s)
[MoE] Layer 36: loading 5 expert(s)
[MoE] Layer 37: loading 5 expert(s)
[MoE] Layer 38: loading 4 expert(s)
[MoE] Layer 39: loading 3 expert(s)
[MoE] Layer 40: loading 2 expert(s)
[MoE] Layer 41: loading 3 expert(s)
[MoE] Layer 42: loading 4 expert(s)
[MoE] Layer 43: loading 3 expert(s)
[MoE] Layer 44: loading 1 expert(s)
[MoE] Layer 45: loading 2 expert(s)
[MoE] Layer 47: loading 3 expert(s)
[MoE] Layer 0: loading 7 expert(s)
[MoE] Layer 1: loading 5 expert(s)
[MoE] Layer 2: loading 4 expert(s)
[MoE] Layer 3: loading 3 expert(s)
[MoE] Layer 4: loading 3 expert(s)
[MoE] Layer 5: loading 2 expert(s)
[MoE] Layer 7: loading 1 expert(s)
[MoE] Layer 8: loading 3 expert(s)
[MoE] Layer 9: loading 1 expert(s)
[MoE] Layer 10: loading 2 expert(s)
[MoE] Layer 11: loading 3 expert(s)
[MoE] Layer 12: loading 1 expert(s)
[MoE] Layer 14: loading 2 expert(s)
[MoE] Layer 15: loading 3 expert(s)
[MoE] Layer 17: loading 2 expert(s)
[MoE] Layer 18: loading 1 expert(s)
[MoE] Layer 19: loading 2 expert(s)
[MoE] Layer 20: loading 1 expert(s)
[MoE] Layer 21: loading 2 expert(s)
[MoE] Layer 22: loading 4 expert(s)
[MoE] Layer 23: loading 2 expert(s)
[MoE] Layer 24: loading 3 expert(s)
[MoE] Layer 25: loading 3 expert(s)
[MoE] Layer 26: loading 2 expert(s)
[MoE] Layer 27: loading 1 expert(s)
[MoE] Layer 28: loading 1 expert(s)
[MoE] Layer 29: loading 2 expert(s)
[MoE] Layer 32: loading 1 expert(s)
[MoE] Layer 33: loading 2 expert(s)
[MoE] Layer 34: loading 3 expert(s)
[MoE] Layer 35: loading 4 expert(s)
[MoE] Layer 36: loading 2 expert(s)
[MoE] Layer 37: loading 2 expert(s)
[MoE] Layer 38: loading 4 expert(s)
[MoE] Layer 39: loading 1 expert(s)
[MoE] Layer 40: loading 3 expert(s)
[MoE] Layer 41: loading 4 expert(s)
[MoE] Layer 43: loading 2 expert(s)
[MoE] Layer 44: loading 1 expert(s)
[MoE] Layer 45: loading 1 expert(s)
[MoE] Layer 47: loading 1 expert(s)
[MoE] Layer 0: loading 5 expert(s)
[MoE] Layer 1: loading 5 expert(s)
[MoE] Layer 2: loading 4 expert(s)
[MoE] Layer 3: loading 4 expert(s)
[MoE] Layer 4: loading 6 expert(s)
[MoE] Layer 5: loading 3 expert(s)
[MoE] Layer 7: loading 1 expert(s)
[MoE] Layer 8: loading 4 expert(s)
[MoE] Layer 10: loading 5 expert(s)
[MoE] Layer 11: loading 6 expert(s)
[MoE] Layer 12: loading 3 expert(s)
[MoE] Layer 13: loading 5 expert(s)
[MoE] Layer 14: loading 3 expert(s)
[MoE] Layer 15: loading 2 expert(s)
[MoE] Layer 16: loading 3 expert(s)
[MoE] Layer 17: loading 5 expert(s)
[MoE] Layer 18: loading 1 expert(s)
[MoE] Layer 19: loading 1 expert(s)
[MoE] Layer 20: loading 2 expert(s)
[MoE] Layer 21: loading 2 expert(s)
[MoE] Layer 22: loading 5 expert(s)
[MoE] Layer 23: loading 5 expert(s)
[MoE] Layer 24: loading 4 expert(s)
[MoE] Layer 25: loading 5 expert(s)
[MoE] Layer 26: loading 4 expert(s)
[MoE] Layer 27: loading 2 expert(s)
[MoE] Layer 28: loading 2 expert(s)
[MoE] Layer 29: loading 4 expert(s)
[MoE] Layer 31: loading 1 expert(s)
[MoE] Layer 32: loading 2 expert(s)
[MoE] Layer 33: loading 1 expert(s)
[MoE] Layer 34: loading 4 expert(s)
[MoE] Layer 35: loading 5 expert(s)
[MoE] Layer 36: loading 3 expert(s)
[MoE] Layer 37: loading 4 expert(s)
[MoE] Layer 38: loading 3 expert(s)
[MoE] Layer 39: loading 4 expert(s)
[MoE] Layer 40: loading 3 expert(s)
[MoE] Layer 41: loading 4 expert(s)
[MoE] Layer 42: loading 6 expert(s)
[MoE] Layer 43: loading 4 expert(s)
[MoE] Layer 44: loading 4 expert(s)
[MoE] Layer 45: loading 1 expert(s)
[MoE] Layer 46: loading 2 expert(s)
[MoE] Layer 47: loading 5 expert(s)
[MoE] Layer 0: loading 2 expert(s)
[MoE] Layer 1: loading 7 expert(s)
[MoE] Layer 2: loading 3 expert(s)
[MoE] Layer 3: loading 3 expert(s)
[MoE] Layer 4: loading 2 expert(s)
[MoE] Layer 5: loading 1 expert(s)
[MoE] Layer 7: loading 1 expert(s)
[MoE] Layer 9: loading 2 expert(s)
[MoE] Layer 10: loading 2 expert(s)
[MoE] Layer 11: loading 1 expert(s)
[MoE] Layer 12: loading 2 expert(s)
[MoE] Layer 13: loading 3 expert(s)
[MoE] Layer 14: loading 3 expert(s)
[MoE] Layer 15: loading 1 expert(s)
[MoE] Layer 16: loading 1 expert(s)
[MoE] Layer 17: loading 4 expert(s)
[MoE] Layer 21: loading 1 expert(s)
[MoE] Layer 22: loading 1 expert(s)
[MoE] Layer 23: loading 2 expert(s)
[MoE] Layer 24: loading 2 expert(s)
[MoE] Layer 25: loading 1 expert(s)
[MoE] Layer 26: loading 3 expert(s)
[MoE] Layer 28: loading 2 expert(s)
[MoE] Layer 29: loading 3 expert(s)
[MoE] Layer 32: loading 1 expert(s)
[MoE] Layer 33: loading 3 expert(s)
[MoE] Layer 34: loading 1 expert(s)
[MoE] Layer 35: loading 3 expert(s)
[MoE] Layer 36: loading 2 expert(s)
[MoE] Layer 37: loading 1 expert(s)
[MoE] Layer 38: loading 2 expert(s)
[MoE] Layer 39: loading 1 expert(s)
[MoE] Layer 40: loading 3 expert(s)
[MoE] Layer 41: loading 2 expert(s)
[MoE] Layer 42: loading 2 expert(s)
[MoE] Layer 43: loading 3 expert(s)
[MoE] Layer 44: loading 1 expert(s)
[MoE] Layer 45: loading 2 expert(s)
[MoE] Layer 46: loading 2 expert(s)
[MoE] Layer 47: loading 3 expert(s)
[gen 65/99] elapsed=23.0s  TPS=2.831
[MoE] Layer 0: loading 8 expert(s)
[MoE] Layer 1: loading 5 expert(s)
[MoE] Layer 2: loading 5 expert(s)
[MoE] Layer 3: loading 5 expert(s)
[MoE] Layer 4: loading 5 expert(s)
[MoE] Layer 5: loading 6 expert(s)
[MoE] Layer 6: loading 1 expert(s)
[MoE] Layer 7: loading 3 expert(s)
[MoE] Layer 8: loading 3 expert(s)
[MoE] Layer 9: loading 3 expert(s)
[MoE] Layer 10: loading 5 expert(s)
[MoE] Layer 11: loading 6 expert(s)
[MoE] Layer 12: loading 4 expert(s)
[MoE] Layer 13: loading 5 expert(s)
[MoE] Layer 14: loading 6 expert(s)
[MoE] Layer 15: loading 3 expert(s)
[MoE] Layer 16: loading 3 expert(s)
[MoE] Layer 17: loading 6 expert(s)
[MoE] Layer 18: loading 1 expert(s)
[MoE] Layer 19: loading 1 expert(s)
[MoE] Layer 20: loading 2 expert(s)
[MoE] Layer 21: loading 4 expert(s)
[MoE] Layer 22: loading 4 expert(s)
[MoE] Layer 23: loading 6 expert(s)
[MoE] Layer 24: loading 4 expert(s)
[MoE] Layer 25: loading 5 expert(s)
[MoE] Layer 26: loading 4 expert(s)
[MoE] Layer 27: loading 4 expert(s)
[MoE] Layer 28: loading 1 expert(s)
[MoE] Layer 29: loading 6 expert(s)
[MoE] Layer 30: loading 1 expert(s)
[MoE] Layer 31: loading 1 expert(s)
[MoE] Layer 32: loading 1 expert(s)
[MoE] Layer 33: loading 1 expert(s)
[MoE] Layer 34: loading 4 expert(s)
[MoE] Layer 35: loading 6 expert(s)
[MoE] Layer 36: loading 2 expert(s)
[MoE] Layer 37: loading 4 expert(s)
[MoE] Layer 38: loading 3 expert(s)
[MoE] Layer 39: loading 2 expert(s)
[MoE] Layer 40: loading 1 expert(s)
[MoE] Layer 41: loading 4 expert(s)
[MoE] Layer 42: loading 3 expert(s)
[MoE] Layer 44: loading 1 expert(s)
[MoE] Layer 45: loading 2 expert(s)
[MoE] Layer 46: loading 1 expert(s)
[MoE] Layer 47: loading 4 expert(s)
[MoE] Layer 0: loading 4 expert(s)
[MoE] Layer 1: loading 4 expert(s)
[MoE] Layer 2: loading 3 expert(s)
[MoE] Layer 3: loading 4 expert(s)
[MoE] Layer 4: loading 5 expert(s)
[MoE] Layer 5: loading 3 expert(s)
[MoE] Layer 7: loading 1 expert(s)
[MoE] Layer 8: loading 3 expert(s)
[MoE] Layer 9: loading 4 expert(s)
[MoE] Layer 10: loading 6 expert(s)
[MoE] Layer 11: loading 3 expert(s)
[MoE] Layer 12: loading 3 expert(s)
[MoE] Layer 13: loading 3 expert(s)
[MoE] Layer 14: loading 4 expert(s)
[MoE] Layer 15: loading 3 expert(s)
[MoE] Layer 16: loading 2 expert(s)
[MoE] Layer 17: loading 5 expert(s)
[MoE] Layer 18: loading 1 expert(s)
[MoE] Layer 19: loading 1 expert(s)
[MoE] Layer 20: loading 1 expert(s)
[MoE] Layer 21: loading 2 expert(s)
[MoE] Layer 22: loading 2 expert(s)
[MoE] Layer 23: loading 5 expert(s)
[MoE] Layer 24: loading 3 expert(s)
[MoE] Layer 25: loading 3 expert(s)
[MoE] Layer 26: loading 3 expert(s)
[MoE] Layer 27: loading 3 expert(s)
[MoE] Layer 28: loading 2 expert(s)
[MoE] Layer 29: loading 2 expert(s)
[MoE] Layer 31: loading 2 expert(s)
[MoE] Layer 32: loading 1 expert(s)
[MoE] Layer 33: loading 2 expert(s)
[MoE] Layer 34: loading 3 expert(s)
[MoE] Layer 35: loading 7 expert(s)
[MoE] Layer 36: loading 6 expert(s)
[MoE] Layer 37: loading 2 expert(s)
[MoE] Layer 38: loading 1 expert(s)
[MoE] Layer 39: loading 1 expert(s)
[MoE] Layer 41: loading 4 expert(s)
[MoE] Layer 42: loading 3 expert(s)
[MoE] Layer 43: loading 1 expert(s)
[MoE] Layer 44: loading 1 expert(s)
[MoE] Layer 45: loading 1 expert(s)
[MoE] Layer 46: loading 2 expert(s)
[MoE] Layer 47: loading 3 expert(s)
[MoE] Layer 0: loading 4 expert(s)
[MoE] Layer 1: loading 3 expert(s)
[MoE] Layer 2: loading 2 expert(s)
[MoE] Layer 3: loading 6 expert(s)
[MoE] Layer 4: loading 4 expert(s)
[MoE] Layer 5: loading 2 expert(s)
[MoE] Layer 7: loading 1 expert(s)
[MoE] Layer 8: loading 3 expert(s)
[MoE] Layer 9: loading 1 expert(s)
[MoE] Layer 10: loading 2 expert(s)
[MoE] Layer 11: loading 5 expert(s)
[MoE] Layer 12: loading 2 expert(s)
[MoE] Layer 13: loading 2 expert(s)
[MoE] Layer 14: loading 2 expert(s)
[MoE] Layer 15: loading 2 expert(s)
[MoE] Layer 16: loading 2 expert(s)
[MoE] Layer 17: loading 2 expert(s)
[MoE] Layer 18: loading 1 expert(s)
[MoE] Layer 19: loading 1 expert(s)
[MoE] Layer 20: loading 2 expert(s)
[MoE] Layer 21: loading 1 expert(s)
[MoE] Layer 22: loading 1 expert(s)
[MoE] Layer 23: loading 2 expert(s)
[MoE] Layer 24: loading 3 expert(s)
[MoE] Layer 25: loading 2 expert(s)
[MoE] Layer 26: loading 3 expert(s)
[MoE] Layer 27: loading 2 expert(s)
[MoE] Layer 28: loading 2 expert(s)
[MoE] Layer 29: loading 3 expert(s)
[MoE] Layer 30: loading 1 expert(s)
[MoE] Layer 31: loading 1 expert(s)
[MoE] Layer 32: loading 2 expert(s)
[MoE] Layer 33: loading 1 expert(s)
[MoE] Layer 34: loading 3 expert(s)
[MoE] Layer 35: loading 4 expert(s)
[MoE] Layer 36: loading 3 expert(s)
[MoE] Layer 37: loading 3 expert(s)
[MoE] Layer 38: loading 3 expert(s)
[MoE] Layer 39: loading 3 expert(s)
[MoE] Layer 41: loading 4 expert(s)
[MoE] Layer 42: loading 2 expert(s)
[MoE] Layer 43: loading 3 expert(s)
[MoE] Layer 45: loading 2 expert(s)
[MoE] Layer 46: loading 2 expert(s)
[MoE] Layer 47: loading 4 expert(s)
[MoE] Layer 0: loading 4 expert(s)
[MoE] Layer 1: loading 5 expert(s)
[MoE] Layer 2: loading 3 expert(s)
[MoE] Layer 3: loading 3 expert(s)
[MoE] Layer 4: loading 4 expert(s)
[MoE] Layer 5: loading 2 expert(s)
[MoE] Layer 7: loading 1 expert(s)
[MoE] Layer 8: loading 3 expert(s)
[MoE] Layer 9: loading 2 expert(s)
[MoE] Layer 10: loading 4 expert(s)
[MoE] Layer 11: loading 6 expert(s)
[MoE] Layer 12: loading 1 expert(s)
[MoE] Layer 13: loading 1 expert(s)
[MoE] Layer 14: loading 3 expert(s)
[MoE] Layer 15: loading 2 expert(s)
[MoE] Layer 16: loading 2 expert(s)
[MoE] Layer 17: loading 2 expert(s)
[MoE] Layer 18: loading 1 expert(s)
[MoE] Layer 20: loading 1 expert(s)
[MoE] Layer 21: loading 1 expert(s)
[MoE] Layer 22: loading 2 expert(s)
[MoE] Layer 23: loading 2 expert(s)
[MoE] Layer 24: loading 3 expert(s)
[MoE] Layer 25: loading 3 expert(s)
[MoE] Layer 26: loading 2 expert(s)
[MoE] Layer 27: loading 4 expert(s)
[MoE] Layer 28: loading 1 expert(s)
[MoE] Layer 29: loading 4 expert(s)
[MoE] Layer 30: loading 1 expert(s)
[MoE] Layer 32: loading 2 expert(s)
[MoE] Layer 33: loading 1 expert(s)
[MoE] Layer 34: loading 5 expert(s)
[MoE] Layer 35: loading 3 expert(s)
[MoE] Layer 37: loading 3 expert(s)
[MoE] Layer 38: loading 2 expert(s)
[MoE] Layer 39: loading 3 expert(s)
[MoE] Layer 42: loading 4 expert(s)
[MoE] Layer 43: loading 3 expert(s)
[MoE] Layer 44: loading 2 expert(s)
[MoE] Layer 45: loading 1 expert(s)
[MoE] Layer 46: loading 4 expert(s)
[MoE] Layer 47: loading 7 expert(s)
[MoE] Layer 0: loading 4 expert(s)
[MoE] Layer 1: loading 3 expert(s)
[MoE] Layer 2: loading 3 expert(s)
[MoE] Layer 3: loading 4 expert(s)
[MoE] Layer 4: loading 5 expert(s)
[MoE] Layer 5: loading 5 expert(s)
[MoE] Layer 6: loading 2 expert(s)
[MoE] Layer 7: loading 1 expert(s)
[MoE] Layer 8: loading 4 expert(s)
[MoE] Layer 9: loading 4 expert(s)
[MoE] Layer 10: loading 4 expert(s)
[MoE] Layer 11: loading 5 expert(s)
[MoE] Layer 12: loading 4 expert(s)
[MoE] Layer 13: loading 3 expert(s)
[MoE] Layer 14: loading 3 expert(s)
[MoE] Layer 15: loading 2 expert(s)
[MoE] Layer 16: loading 4 expert(s)
[MoE] Layer 17: loading 5 expert(s)
[MoE] Layer 18: loading 2 expert(s)
[MoE] Layer 19: loading 3 expert(s)
[MoE] Layer 20: loading 4 expert(s)
[MoE] Layer 21: loading 4 expert(s)
[MoE] Layer 22: loading 2 expert(s)
[MoE] Layer 23: loading 5 expert(s)
[MoE] Layer 24: loading 6 expert(s)
[MoE] Layer 25: loading 3 expert(s)
[MoE] Layer 26: loading 7 expert(s)
[MoE] Layer 27: loading 6 expert(s)
[MoE] Layer 28: loading 4 expert(s)
[MoE] Layer 29: loading 7 expert(s)
[MoE] Layer 30: loading 3 expert(s)
[MoE] Layer 31: loading 4 expert(s)
[MoE] Layer 32: loading 5 expert(s)
[MoE] Layer 33: loading 6 expert(s)
[MoE] Layer 34: loading 5 expert(s)
[MoE] Layer 35: loading 6 expert(s)
[MoE] Layer 36: loading 5 expert(s)
[MoE] Layer 37: loading 3 expert(s)
[MoE] Layer 38: loading 3 expert(s)
[MoE] Layer 39: loading 4 expert(s)
[MoE] Layer 40: loading 1 expert(s)
[MoE] Layer 41: loading 5 expert(s)
[MoE] Layer 42: loading 3 expert(s)
[MoE] Layer 43: loading 1 expert(s)
[MoE] Layer 44: loading 2 expert(s)
[MoE] Layer 46: loading 3 expert(s)
[MoE] Layer 47: loading 7 expert(s)
[gen 70/99] elapsed=24.8s  TPS=2.823
[MoE] Layer 0: loading 3 expert(s)
[MoE] Layer 1: loading 3 expert(s)
[MoE] Layer 2: loading 1 expert(s)
[MoE] Layer 3: loading 4 expert(s)
[MoE] Layer 4: loading 2 expert(s)
[MoE] Layer 5: loading 2 expert(s)
[MoE] Layer 6: loading 2 expert(s)
[MoE] Layer 7: loading 1 expert(s)
[MoE] Layer 8: loading 2 expert(s)
[MoE] Layer 10: loading 1 expert(s)
[MoE] Layer 11: loading 1 expert(s)
[MoE] Layer 12: loading 2 expert(s)
[MoE] Layer 13: loading 2 expert(s)
[MoE] Layer 14: loading 1 expert(s)
[MoE] Layer 15: loading 1 expert(s)
[MoE] Layer 16: loading 2 expert(s)
[MoE] Layer 17: loading 3 expert(s)
[MoE] Layer 18: loading 2 expert(s)
[MoE] Layer 19: loading 6 expert(s)
[MoE] Layer 20: loading 1 expert(s)
[MoE] Layer 22: loading 3 expert(s)
[MoE] Layer 23: loading 5 expert(s)
[MoE] Layer 24: loading 4 expert(s)
[MoE] Layer 25: loading 2 expert(s)
[MoE] Layer 26: loading 4 expert(s)
[MoE] Layer 27: loading 2 expert(s)
[MoE] Layer 28: loading 2 expert(s)
[MoE] Layer 29: loading 4 expert(s)
[MoE] Layer 30: loading 2 expert(s)
[MoE] Layer 31: loading 3 expert(s)
[MoE] Layer 32: loading 2 expert(s)
[MoE] Layer 34: loading 4 expert(s)
[MoE] Layer 35: loading 3 expert(s)
[MoE] Layer 36: loading 2 expert(s)
[MoE] Layer 37: loading 2 expert(s)
[MoE] Layer 38: loading 1 expert(s)
[MoE] Layer 39: loading 1 expert(s)
[MoE] Layer 40: loading 1 expert(s)
[MoE] Layer 41: loading 3 expert(s)
[MoE] Layer 42: loading 3 expert(s)
[MoE] Layer 44: loading 2 expert(s)
[MoE] Layer 45: loading 2 expert(s)
[MoE] Layer 46: loading 1 expert(s)
[MoE] Layer 47: loading 1 expert(s)
[MoE] Layer 0: loading 2 expert(s)
[MoE] Layer 1: loading 3 expert(s)
[MoE] Layer 2: loading 2 expert(s)
[MoE] Layer 3: loading 5 expert(s)
[MoE] Layer 4: loading 2 expert(s)
[MoE] Layer 5: loading 3 expert(s)
[MoE] Layer 6: loading 1 expert(s)
[MoE] Layer 9: loading 2 expert(s)
[MoE] Layer 11: loading 3 expert(s)
[MoE] Layer 12: loading 3 expert(s)
[MoE] Layer 13: loading 2 expert(s)
[MoE] Layer 14: loading 3 expert(s)
[MoE] Layer 17: loading 1 expert(s)
[MoE] Layer 18: loading 2 expert(s)
[MoE] Layer 19: loading 3 expert(s)
[MoE] Layer 20: loading 2 expert(s)
[MoE] Layer 21: loading 2 expert(s)
[MoE] Layer 23: loading 2 expert(s)
[MoE] Layer 24: loading 5 expert(s)
[MoE] Layer 25: loading 2 expert(s)
[MoE] Layer 26: loading 2 expert(s)
[MoE] Layer 27: loading 2 expert(s)
[MoE] Layer 28: loading 4 expert(s)
[MoE] Layer 29: loading 6 expert(s)
[MoE] Layer 30: loading 1 expert(s)
[MoE] Layer 31: loading 2 expert(s)
[MoE] Layer 32: loading 2 expert(s)
[MoE] Layer 33: loading 2 expert(s)
[MoE] Layer 34: loading 5 expert(s)
[MoE] Layer 35: loading 4 expert(s)
[MoE] Layer 36: loading 3 expert(s)
[MoE] Layer 37: loading 4 expert(s)
[MoE] Layer 38: loading 2 expert(s)
[MoE] Layer 39: loading 1 expert(s)
[MoE] Layer 40: loading 2 expert(s)
[MoE] Layer 41: loading 3 expert(s)
[MoE] Layer 42: loading 3 expert(s)
[MoE] Layer 44: loading 1 expert(s)
[MoE] Layer 45: loading 1 expert(s)
[MoE] Layer 46: loading 4 expert(s)
[MoE] Layer 47: loading 6 expert(s)
[MoE] Layer 0: loading 6 expert(s)
[MoE] Layer 1: loading 4 expert(s)
[MoE] Layer 2: loading 2 expert(s)
[MoE] Layer 3: loading 1 expert(s)
[MoE] Layer 4: loading 4 expert(s)
[MoE] Layer 5: loading 2 expert(s)
[MoE] Layer 6: loading 2 expert(s)
[MoE] Layer 7: loading 1 expert(s)
[MoE] Layer 9: loading 2 expert(s)
[MoE] Layer 10: loading 2 expert(s)
[MoE] Layer 11: loading 4 expert(s)
[MoE] Layer 12: loading 3 expert(s)
[MoE] Layer 13: loading 2 expert(s)
[MoE] Layer 14: loading 3 expert(s)
[MoE] Layer 15: loading 1 expert(s)
[MoE] Layer 16: loading 2 expert(s)
[MoE] Layer 17: loading 4 expert(s)
[MoE] Layer 18: loading 2 expert(s)
[MoE] Layer 19: loading 1 expert(s)
[MoE] Layer 20: loading 2 expert(s)
[MoE] Layer 21: loading 2 expert(s)
[MoE] Layer 22: loading 3 expert(s)
[MoE] Layer 23: loading 4 expert(s)
[MoE] Layer 24: loading 3 expert(s)
[MoE] Layer 25: loading 2 expert(s)
[MoE] Layer 26: loading 5 expert(s)
[MoE] Layer 27: loading 4 expert(s)
[MoE] Layer 28: loading 3 expert(s)
[MoE] Layer 29: loading 4 expert(s)
[MoE] Layer 30: loading 2 expert(s)
[MoE] Layer 31: loading 1 expert(s)
[MoE] Layer 32: loading 3 expert(s)
[MoE] Layer 33: loading 4 expert(s)
[MoE] Layer 34: loading 3 expert(s)
[MoE] Layer 35: loading 2 expert(s)
[MoE] Layer 36: loading 3 expert(s)
[MoE] Layer 37: loading 3 expert(s)
[MoE] Layer 38: loading 3 expert(s)
[MoE] Layer 39: loading 3 expert(s)
[MoE] Layer 40: loading 3 expert(s)
[MoE] Layer 41: loading 2 expert(s)
[MoE] Layer 42: loading 4 expert(s)
[MoE] Layer 43: loading 2 expert(s)
[MoE] Layer 44: loading 1 expert(s)
[MoE] Layer 45: loading 2 expert(s)
[MoE] Layer 46: loading 2 expert(s)
[MoE] Layer 47: loading 6 expert(s)
[MoE] Layer 0: loading 8 expert(s)
[MoE] Layer 1: loading 5 expert(s)
[MoE] Layer 2: loading 3 expert(s)
[MoE] Layer 3: loading 4 expert(s)
[MoE] Layer 4: loading 2 expert(s)
[MoE] Layer 5: loading 3 expert(s)
[MoE] Layer 6: loading 1 expert(s)
[MoE] Layer 8: loading 1 expert(s)
[MoE] Layer 9: loading 2 expert(s)
[MoE] Layer 10: loading 2 expert(s)
[MoE] Layer 11: loading 3 expert(s)
[MoE] Layer 13: loading 3 expert(s)
[MoE] Layer 14: loading 3 expert(s)
[MoE] Layer 15: loading 1 expert(s)
[MoE] Layer 16: loading 2 expert(s)
[MoE] Layer 17: loading 5 expert(s)
[MoE] Layer 19: loading 1 expert(s)
[MoE] Layer 20: loading 2 expert(s)
[MoE] Layer 22: loading 3 expert(s)
[MoE] Layer 23: loading 4 expert(s)
[MoE] Layer 24: loading 2 expert(s)
[MoE] Layer 25: loading 4 expert(s)
[MoE] Layer 26: loading 4 expert(s)
[MoE] Layer 27: loading 1 expert(s)
[MoE] Layer 28: loading 4 expert(s)
[MoE] Layer 29: loading 3 expert(s)
[MoE] Layer 30: loading 1 expert(s)
[MoE] Layer 31: loading 1 expert(s)
[MoE] Layer 32: loading 1 expert(s)
[MoE] Layer 33: loading 1 expert(s)
[MoE] Layer 34: loading 3 expert(s)
[MoE] Layer 35: loading 2 expert(s)
[MoE] Layer 37: loading 3 expert(s)
[MoE] Layer 38: loading 2 expert(s)
[MoE] Layer 40: loading 2 expert(s)
[MoE] Layer 41: loading 3 expert(s)
[MoE] Layer 42: loading 3 expert(s)
[MoE] Layer 43: loading 2 expert(s)
[MoE] Layer 44: loading 1 expert(s)
[MoE] Layer 45: loading 1 expert(s)
[MoE] Layer 47: loading 3 expert(s)
[MoE] Layer 0: loading 5 expert(s)
[MoE] Layer 1: loading 5 expert(s)
[MoE] Layer 2: loading 3 expert(s)
[MoE] Layer 3: loading 5 expert(s)
[MoE] Layer 4: loading 4 expert(s)
[MoE] Layer 5: loading 3 expert(s)
[MoE] Layer 7: loading 1 expert(s)
[MoE] Layer 8: loading 3 expert(s)
[MoE] Layer 9: loading 2 expert(s)
[MoE] Layer 10: loading 5 expert(s)
[MoE] Layer 11: loading 6 expert(s)
[MoE] Layer 12: loading 3 expert(s)
[MoE] Layer 13: loading 2 expert(s)
[MoE] Layer 14: loading 3 expert(s)
[MoE] Layer 15: loading 2 expert(s)
[MoE] Layer 16: loading 3 expert(s)
[MoE] Layer 17: loading 3 expert(s)
[MoE] Layer 18: loading 1 expert(s)
[MoE] Layer 20: loading 3 expert(s)
[MoE] Layer 21: loading 1 expert(s)
[MoE] Layer 22: loading 3 expert(s)
[MoE] Layer 23: loading 3 expert(s)
[MoE] Layer 24: loading 2 expert(s)
[MoE] Layer 25: loading 5 expert(s)
[MoE] Layer 26: loading 2 expert(s)
[MoE] Layer 27: loading 2 expert(s)
[MoE] Layer 28: loading 3 expert(s)
[MoE] Layer 29: loading 4 expert(s)
[MoE] Layer 32: loading 2 expert(s)
[MoE] Layer 33: loading 1 expert(s)
[MoE] Layer 34: loading 3 expert(s)
[MoE] Layer 35: loading 4 expert(s)
[MoE] Layer 36: loading 1 expert(s)
[MoE] Layer 37: loading 4 expert(s)
[MoE] Layer 38: loading 2 expert(s)
[MoE] Layer 39: loading 3 expert(s)
[MoE] Layer 40: loading 4 expert(s)
[MoE] Layer 41: loading 1 expert(s)
[MoE] Layer 42: loading 2 expert(s)
[MoE] Layer 43: loading 1 expert(s)
[MoE] Layer 44: loading 1 expert(s)
[MoE] Layer 45: loading 1 expert(s)
[MoE] Layer 46: loading 1 expert(s)
[MoE] Layer 47: loading 5 expert(s)
[gen 75/99] elapsed=26.4s  TPS=2.840
[MoE] Layer 0: loading 6 expert(s)
[MoE] Layer 1: loading 5 expert(s)
[MoE] Layer 2: loading 4 expert(s)
[MoE] Layer 3: loading 4 expert(s)
[MoE] Layer 4: loading 2 expert(s)
[MoE] Layer 5: loading 1 expert(s)
[MoE] Layer 8: loading 1 expert(s)
[MoE] Layer 9: loading 1 expert(s)
[MoE] Layer 10: loading 4 expert(s)
[MoE] Layer 11: loading 1 expert(s)
[MoE] Layer 12: loading 4 expert(s)
[MoE] Layer 13: loading 1 expert(s)
[MoE] Layer 14: loading 3 expert(s)
[MoE] Layer 15: loading 1 expert(s)
[MoE] Layer 16: loading 1 expert(s)
[MoE] Layer 17: loading 2 expert(s)
[MoE] Layer 18: loading 1 expert(s)
[MoE] Layer 19: loading 1 expert(s)
[MoE] Layer 20: loading 3 expert(s)
[MoE] Layer 21: loading 1 expert(s)
[MoE] Layer 22: loading 3 expert(s)
[MoE] Layer 23: loading 5 expert(s)
[MoE] Layer 24: loading 1 expert(s)
[MoE] Layer 25: loading 3 expert(s)
[MoE] Layer 26: loading 4 expert(s)
[MoE] Layer 27: loading 1 expert(s)
[MoE] Layer 28: loading 1 expert(s)
[MoE] Layer 29: loading 2 expert(s)
[MoE] Layer 32: loading 2 expert(s)
[MoE] Layer 33: loading 2 expert(s)
[MoE] Layer 34: loading 1 expert(s)
[MoE] Layer 35: loading 6 expert(s)
[MoE] Layer 36: loading 2 expert(s)
[MoE] Layer 37: loading 2 expert(s)
[MoE] Layer 38: loading 1 expert(s)
[MoE] Layer 39: loading 2 expert(s)
[MoE] Layer 40: loading 2 expert(s)
[MoE] Layer 41: loading 1 expert(s)
[MoE] Layer 45: loading 1 expert(s)
[MoE] Layer 46: loading 1 expert(s)
[MoE] Layer 47: loading 3 expert(s)
[MoE] Layer 0: loading 3 expert(s)
[MoE] Layer 1: loading 4 expert(s)
[MoE] Layer 2: loading 1 expert(s)
[MoE] Layer 3: loading 3 expert(s)
[MoE] Layer 4: loading 2 expert(s)
[MoE] Layer 7: loading 1 expert(s)
[MoE] Layer 8: loading 2 expert(s)
[MoE] Layer 9: loading 1 expert(s)
[MoE] Layer 10: loading 2 expert(s)
[MoE] Layer 11: loading 3 expert(s)
[MoE] Layer 12: loading 1 expert(s)
[MoE] Layer 13: loading 3 expert(s)
[MoE] Layer 14: loading 1 expert(s)
[MoE] Layer 16: loading 4 expert(s)
[MoE] Layer 17: loading 1 expert(s)
[MoE] Layer 20: loading 1 expert(s)
[MoE] Layer 23: loading 3 expert(s)
[MoE] Layer 24: loading 3 expert(s)
[MoE] Layer 25: loading 2 expert(s)
[MoE] Layer 26: loading 1 expert(s)
[MoE] Layer 27: loading 1 expert(s)
[MoE] Layer 28: loading 4 expert(s)
[MoE] Layer 29: loading 4 expert(s)
[MoE] Layer 30: loading 1 expert(s)
[MoE] Layer 31: loading 1 expert(s)
[MoE] Layer 32: loading 1 expert(s)
[MoE] Layer 33: loading 1 expert(s)
[MoE] Layer 34: loading 2 expert(s)
[MoE] Layer 35: loading 4 expert(s)
[MoE] Layer 36: loading 1 expert(s)
[MoE] Layer 37: loading 4 expert(s)
[MoE] Layer 38: loading 1 expert(s)
[MoE] Layer 39: loading 3 expert(s)
[MoE] Layer 40: loading 3 expert(s)
[MoE] Layer 41: loading 4 expert(s)
[MoE] Layer 42: loading 2 expert(s)
[MoE] Layer 43: loading 1 expert(s)
[MoE] Layer 46: loading 1 expert(s)
[MoE] Layer 47: loading 5 expert(s)
[MoE] Layer 0: loading 7 expert(s)
[MoE] Layer 1: loading 3 expert(s)
[MoE] Layer 2: loading 7 expert(s)
[MoE] Layer 3: loading 3 expert(s)
[MoE] Layer 4: loading 6 expert(s)
[MoE] Layer 5: loading 5 expert(s)
[MoE] Layer 6: loading 2 expert(s)
[MoE] Layer 7: loading 1 expert(s)
[MoE] Layer 8: loading 2 expert(s)
[MoE] Layer 9: loading 4 expert(s)
[MoE] Layer 10: loading 6 expert(s)
[MoE] Layer 11: loading 6 expert(s)
[MoE] Layer 12: loading 4 expert(s)
[MoE] Layer 13: loading 6 expert(s)
[MoE] Layer 14: loading 7 expert(s)
[MoE] Layer 15: loading 4 expert(s)
[MoE] Layer 16: loading 4 expert(s)
[MoE] Layer 17: loading 7 expert(s)
[MoE] Layer 18: loading 1 expert(s)
[MoE] Layer 19: loading 3 expert(s)
[MoE] Layer 20: loading 3 expert(s)
[MoE] Layer 21: loading 1 expert(s)
[MoE] Layer 22: loading 3 expert(s)
[MoE] Layer 23: loading 7 expert(s)
[MoE] Layer 24: loading 5 expert(s)
[MoE] Layer 25: loading 4 expert(s)
[MoE] Layer 26: loading 6 expert(s)
[MoE] Layer 27: loading 3 expert(s)
[MoE] Layer 28: loading 3 expert(s)
[MoE] Layer 29: loading 8 expert(s)
[MoE] Layer 32: loading 2 expert(s)
[MoE] Layer 33: loading 3 expert(s)
[MoE] Layer 34: loading 7 expert(s)
[MoE] Layer 35: loading 7 expert(s)
[MoE] Layer 36: loading 4 expert(s)
[MoE] Layer 37: loading 5 expert(s)
[MoE] Layer 38: loading 1 expert(s)
[MoE] Layer 39: loading 5 expert(s)
[MoE] Layer 40: loading 3 expert(s)
[MoE] Layer 41: loading 4 expert(s)
[MoE] Layer 42: loading 1 expert(s)
[MoE] Layer 43: loading 3 expert(s)
[MoE] Layer 44: loading 1 expert(s)
[MoE] Layer 45: loading 2 expert(s)
[MoE] Layer 46: loading 1 expert(s)
[MoE] Layer 47: loading 5 expert(s)
[MoE] Layer 0: loading 4 expert(s)
[MoE] Layer 1: loading 6 expert(s)
[MoE] Layer 2: loading 5 expert(s)
[MoE] Layer 3: loading 5 expert(s)
[MoE] Layer 4: loading 2 expert(s)
[MoE] Layer 5: loading 2 expert(s)
[MoE] Layer 6: loading 1 expert(s)
[MoE] Layer 7: loading 1 expert(s)
[MoE] Layer 8: loading 1 expert(s)
[MoE] Layer 9: loading 2 expert(s)
[MoE] Layer 10: loading 3 expert(s)
[MoE] Layer 11: loading 4 expert(s)
[MoE] Layer 12: loading 4 expert(s)
[MoE] Layer 13: loading 4 expert(s)
[MoE] Layer 14: loading 3 expert(s)
[MoE] Layer 15: loading 2 expert(s)
[MoE] Layer 16: loading 2 expert(s)
[MoE] Layer 17: loading 3 expert(s)
[MoE] Layer 19: loading 2 expert(s)
[MoE] Layer 20: loading 2 expert(s)
[MoE] Layer 21: loading 2 expert(s)
[MoE] Layer 22: loading 1 expert(s)
[MoE] Layer 23: loading 5 expert(s)
[MoE] Layer 24: loading 3 expert(s)
[MoE] Layer 25: loading 3 expert(s)
[MoE] Layer 26: loading 3 expert(s)
[MoE] Layer 27: loading 3 expert(s)
[MoE] Layer 28: loading 2 expert(s)
[MoE] Layer 29: loading 5 expert(s)
[MoE] Layer 31: loading 1 expert(s)
[MoE] Layer 32: loading 1 expert(s)
[MoE] Layer 33: loading 2 expert(s)
[MoE] Layer 34: loading 4 expert(s)
[MoE] Layer 35: loading 5 expert(s)
[MoE] Layer 36: loading 3 expert(s)
[MoE] Layer 37: loading 3 expert(s)
[MoE] Layer 39: loading 4 expert(s)
[MoE] Layer 40: loading 2 expert(s)
[MoE] Layer 41: loading 1 expert(s)
[MoE] Layer 42: loading 3 expert(s)
[MoE] Layer 43: loading 1 expert(s)
[MoE] Layer 44: loading 1 expert(s)
[MoE] Layer 45: loading 3 expert(s)
[MoE] Layer 46: loading 2 expert(s)
[MoE] Layer 47: loading 4 expert(s)
[MoE] Layer 0: loading 5 expert(s)
[MoE] Layer 1: loading 5 expert(s)
[MoE] Layer 2: loading 3 expert(s)
[MoE] Layer 3: loading 4 expert(s)
[MoE] Layer 4: loading 3 expert(s)
[MoE] Layer 5: loading 3 expert(s)
[MoE] Layer 6: loading 1 expert(s)
[MoE] Layer 7: loading 3 expert(s)
[MoE] Layer 8: loading 3 expert(s)
[MoE] Layer 9: loading 2 expert(s)
[MoE] Layer 10: loading 5 expert(s)
[MoE] Layer 11: loading 5 expert(s)
[MoE] Layer 12: loading 2 expert(s)
[MoE] Layer 13: loading 4 expert(s)
[MoE] Layer 14: loading 3 expert(s)
[MoE] Layer 15: loading 1 expert(s)
[MoE] Layer 16: loading 2 expert(s)
[MoE] Layer 17: loading 6 expert(s)
[MoE] Layer 18: loading 1 expert(s)
[MoE] Layer 19: loading 2 expert(s)
[MoE] Layer 20: loading 4 expert(s)
[MoE] Layer 21: loading 1 expert(s)
[MoE] Layer 22: loading 3 expert(s)
[MoE] Layer 23: loading 2 expert(s)
[MoE] Layer 24: loading 4 expert(s)
[MoE] Layer 25: loading 5 expert(s)
[MoE] Layer 26: loading 5 expert(s)
[MoE] Layer 27: loading 3 expert(s)
[MoE] Layer 28: loading 2 expert(s)
[MoE] Layer 29: loading 4 expert(s)
[MoE] Layer 31: loading 1 expert(s)
[MoE] Layer 33: loading 1 expert(s)
[MoE] Layer 34: loading 3 expert(s)
[MoE] Layer 35: loading 7 expert(s)
[MoE] Layer 36: loading 3 expert(s)
[MoE] Layer 37: loading 3 expert(s)
[MoE] Layer 38: loading 2 expert(s)
[MoE] Layer 39: loading 1 expert(s)
[MoE] Layer 40: loading 3 expert(s)
[MoE] Layer 41: loading 3 expert(s)
[MoE] Layer 42: loading 3 expert(s)
[MoE] Layer 43: loading 3 expert(s)
[MoE] Layer 44: loading 2 expert(s)
[MoE] Layer 45: loading 1 expert(s)
[MoE] Layer 46: loading 3 expert(s)
[MoE] Layer 47: loading 6 expert(s)
[gen 80/99] elapsed=28.1s  TPS=2.844
[MoE] Layer 0: loading 3 expert(s)
[MoE] Layer 1: loading 4 expert(s)
[MoE] Layer 2: loading 1 expert(s)
[MoE] Layer 3: loading 3 expert(s)
[MoE] Layer 4: loading 2 expert(s)
[MoE] Layer 5: loading 1 expert(s)
[MoE] Layer 7: loading 2 expert(s)
[MoE] Layer 8: loading 1 expert(s)
[MoE] Layer 9: loading 1 expert(s)
[MoE] Layer 10: loading 2 expert(s)
[MoE] Layer 11: loading 5 expert(s)
[MoE] Layer 12: loading 4 expert(s)
[MoE] Layer 13: loading 4 expert(s)
[MoE] Layer 14: loading 1 expert(s)
[MoE] Layer 15: loading 2 expert(s)
[MoE] Layer 16: loading 5 expert(s)
[MoE] Layer 17: loading 3 expert(s)
[MoE] Layer 19: loading 1 expert(s)
[MoE] Layer 20: loading 1 expert(s)
[MoE] Layer 22: loading 4 expert(s)
[MoE] Layer 23: loading 3 expert(s)
[MoE] Layer 24: loading 2 expert(s)
[MoE] Layer 25: loading 3 expert(s)
[MoE] Layer 26: loading 3 expert(s)
[MoE] Layer 27: loading 2 expert(s)
[MoE] Layer 28: loading 5 expert(s)
[MoE] Layer 29: loading 2 expert(s)
[MoE] Layer 30: loading 1 expert(s)
[MoE] Layer 31: loading 1 expert(s)
[MoE] Layer 32: loading 1 expert(s)
[MoE] Layer 34: loading 3 expert(s)
[MoE] Layer 35: loading 2 expert(s)
[MoE] Layer 36: loading 3 expert(s)
[MoE] Layer 37: loading 3 expert(s)
[MoE] Layer 38: loading 3 expert(s)
[MoE] Layer 39: loading 3 expert(s)
[MoE] Layer 40: loading 1 expert(s)
[MoE] Layer 41: loading 1 expert(s)
[MoE] Layer 43: loading 2 expert(s)
[MoE] Layer 44: loading 1 expert(s)
[MoE] Layer 45: loading 2 expert(s)
[MoE] Layer 46: loading 1 expert(s)
[MoE] Layer 47: loading 2 expert(s)
[MoE] Layer 0: loading 4 expert(s)
[MoE] Layer 1: loading 2 expert(s)
[MoE] Layer 2: loading 3 expert(s)
[MoE] Layer 3: loading 2 expert(s)
[MoE] Layer 4: loading 4 expert(s)
[MoE] Layer 5: loading 3 expert(s)
[MoE] Layer 7: loading 1 expert(s)
[MoE] Layer 8: loading 1 expert(s)
[MoE] Layer 9: loading 2 expert(s)
[MoE] Layer 10: loading 2 expert(s)
[MoE] Layer 11: loading 2 expert(s)
[MoE] Layer 12: loading 3 expert(s)
[MoE] Layer 13: loading 2 expert(s)
[MoE] Layer 15: loading 2 expert(s)
[MoE] Layer 16: loading 2 expert(s)
[MoE] Layer 17: loading 4 expert(s)
[MoE] Layer 20: loading 2 expert(s)
[MoE] Layer 21: loading 2 expert(s)
[MoE] Layer 22: loading 2 expert(s)
[MoE] Layer 23: loading 3 expert(s)
[MoE] Layer 24: loading 2 expert(s)
[MoE] Layer 25: loading 3 expert(s)
[MoE] Layer 26: loading 3 expert(s)
[MoE] Layer 28: loading 3 expert(s)
[MoE] Layer 29: loading 2 expert(s)
[MoE] Layer 30: loading 1 expert(s)
[MoE] Layer 31: loading 1 expert(s)
[MoE] Layer 32: loading 2 expert(s)
[MoE] Layer 33: loading 2 expert(s)
[MoE] Layer 34: loading 2 expert(s)
[MoE] Layer 35: loading 4 expert(s)
[MoE] Layer 36: loading 6 expert(s)
[MoE] Layer 37: loading 5 expert(s)
[MoE] Layer 39: loading 4 expert(s)
[MoE] Layer 41: loading 1 expert(s)
[MoE] Layer 42: loading 1 expert(s)
[MoE] Layer 43: loading 1 expert(s)
[MoE] Layer 46: loading 1 expert(s)
[MoE] Layer 47: loading 2 expert(s)
[MoE] Layer 0: loading 5 expert(s)
[MoE] Layer 1: loading 5 expert(s)
[MoE] Layer 2: loading 4 expert(s)
[MoE] Layer 3: loading 3 expert(s)
[MoE] Layer 4: loading 3 expert(s)
[MoE] Layer 5: loading 4 expert(s)
[MoE] Layer 6: loading 3 expert(s)
[MoE] Layer 7: loading 2 expert(s)
[MoE] Layer 8: loading 2 expert(s)
[MoE] Layer 9: loading 3 expert(s)
[MoE] Layer 10: loading 2 expert(s)
[MoE] Layer 11: loading 4 expert(s)
[MoE] Layer 12: loading 2 expert(s)
[MoE] Layer 13: loading 1 expert(s)
[MoE] Layer 14: loading 2 expert(s)
[MoE] Layer 15: loading 2 expert(s)
[MoE] Layer 16: loading 4 expert(s)
[MoE] Layer 17: loading 2 expert(s)
[MoE] Layer 18: loading 1 expert(s)
[MoE] Layer 19: loading 1 expert(s)
[MoE] Layer 20: loading 3 expert(s)
[MoE] Layer 21: loading 2 expert(s)
[MoE] Layer 22: loading 3 expert(s)
[MoE] Layer 23: loading 2 expert(s)
[MoE] Layer 24: loading 2 expert(s)
[MoE] Layer 25: loading 4 expert(s)
[MoE] Layer 26: loading 3 expert(s)
[MoE] Layer 27: loading 2 expert(s)
[MoE] Layer 28: loading 1 expert(s)
[MoE] Layer 29: loading 2 expert(s)
[MoE] Layer 30: loading 1 expert(s)
[MoE] Layer 32: loading 3 expert(s)
[MoE] Layer 33: loading 2 expert(s)
[MoE] Layer 34: loading 2 expert(s)
[MoE] Layer 35: loading 3 expert(s)
[MoE] Layer 36: loading 2 expert(s)
[MoE] Layer 37: loading 4 expert(s)
[MoE] Layer 38: loading 2 expert(s)
[MoE] Layer 39: loading 3 expert(s)
[MoE] Layer 40: loading 2 expert(s)
[MoE] Layer 41: loading 2 expert(s)
[MoE] Layer 42: loading 3 expert(s)
[MoE] Layer 43: loading 2 expert(s)
[MoE] Layer 44: loading 2 expert(s)
[MoE] Layer 45: loading 4 expert(s)
[MoE] Layer 46: loading 4 expert(s)
[MoE] Layer 47: loading 3 expert(s)
[MoE] Layer 0: loading 5 expert(s)
[MoE] Layer 1: loading 6 expert(s)
[MoE] Layer 2: loading 4 expert(s)
[MoE] Layer 3: loading 5 expert(s)
[MoE] Layer 4: loading 2 expert(s)
[MoE] Layer 5: loading 4 expert(s)
[MoE] Layer 6: loading 3 expert(s)
[MoE] Layer 7: loading 2 expert(s)
[MoE] Layer 8: loading 3 expert(s)
[MoE] Layer 9: loading 3 expert(s)
[MoE] Layer 10: loading 2 expert(s)
[MoE] Layer 11: loading 3 expert(s)
[MoE] Layer 12: loading 3 expert(s)
[MoE] Layer 13: loading 2 expert(s)
[MoE] Layer 14: loading 1 expert(s)
[MoE] Layer 15: loading 1 expert(s)
[MoE] Layer 16: loading 1 expert(s)
[MoE] Layer 17: loading 3 expert(s)
[MoE] Layer 18: loading 1 expert(s)
[MoE] Layer 19: loading 2 expert(s)
[MoE] Layer 20: loading 2 expert(s)
[MoE] Layer 21: loading 3 expert(s)
[MoE] Layer 22: loading 3 expert(s)
[MoE] Layer 23: loading 5 expert(s)
[MoE] Layer 24: loading 2 expert(s)
[MoE] Layer 25: loading 4 expert(s)
[MoE] Layer 26: loading 1 expert(s)
[MoE] Layer 27: loading 1 expert(s)
[MoE] Layer 28: loading 2 expert(s)
[MoE] Layer 29: loading 5 expert(s)
[MoE] Layer 30: loading 2 expert(s)
[MoE] Layer 31: loading 1 expert(s)
[MoE] Layer 32: loading 3 expert(s)
[MoE] Layer 33: loading 3 expert(s)
[MoE] Layer 34: loading 3 expert(s)
[MoE] Layer 35: loading 5 expert(s)
[MoE] Layer 36: loading 4 expert(s)
[MoE] Layer 37: loading 4 expert(s)
[MoE] Layer 38: loading 3 expert(s)
[MoE] Layer 39: loading 1 expert(s)
[MoE] Layer 40: loading 4 expert(s)
[MoE] Layer 41: loading 5 expert(s)
[MoE] Layer 42: loading 2 expert(s)
[MoE] Layer 43: loading 4 expert(s)
[MoE] Layer 44: loading 2 expert(s)
[MoE] Layer 45: loading 3 expert(s)
[MoE] Layer 46: loading 4 expert(s)
[MoE] Layer 47: loading 5 expert(s)
[MoE] Layer 0: loading 7 expert(s)
[MoE] Layer 1: loading 3 expert(s)
[MoE] Layer 2: loading 4 expert(s)
[MoE] Layer 3: loading 3 expert(s)
[MoE] Layer 4: loading 2 expert(s)
[MoE] Layer 5: loading 3 expert(s)
[MoE] Layer 6: loading 1 expert(s)
[MoE] Layer 7: loading 2 expert(s)
[MoE] Layer 8: loading 4 expert(s)
[MoE] Layer 10: loading 2 expert(s)
[MoE] Layer 11: loading 5 expert(s)
[MoE] Layer 12: loading 3 expert(s)
[MoE] Layer 13: loading 3 expert(s)
[MoE] Layer 14: loading 4 expert(s)
[MoE] Layer 15: loading 3 expert(s)
[MoE] Layer 16: loading 6 expert(s)
[MoE] Layer 17: loading 3 expert(s)
[MoE] Layer 18: loading 1 expert(s)
[MoE] Layer 19: loading 1 expert(s)
[MoE] Layer 20: loading 5 expert(s)
[MoE] Layer 21: loading 5 expert(s)
[MoE] Layer 22: loading 7 expert(s)
[MoE] Layer 23: loading 5 expert(s)
[MoE] Layer 24: loading 4 expert(s)
[MoE] Layer 25: loading 4 expert(s)
[MoE] Layer 26: loading 6 expert(s)
[MoE] Layer 27: loading 5 expert(s)
[MoE] Layer 28: loading 7 expert(s)
[MoE] Layer 29: loading 7 expert(s)
[MoE] Layer 30: loading 4 expert(s)
[MoE] Layer 31: loading 4 expert(s)
[MoE] Layer 32: loading 5 expert(s)
[MoE] Layer 33: loading 7 expert(s)
[MoE] Layer 34: loading 6 expert(s)
[MoE] Layer 35: loading 7 expert(s)
[MoE] Layer 36: loading 6 expert(s)
[MoE] Layer 37: loading 5 expert(s)
[MoE] Layer 38: loading 4 expert(s)
[MoE] Layer 39: loading 2 expert(s)
[MoE] Layer 40: loading 4 expert(s)
[MoE] Layer 41: loading 3 expert(s)
[MoE] Layer 42: loading 4 expert(s)
[MoE] Layer 43: loading 3 expert(s)
[MoE] Layer 44: loading 3 expert(s)
[MoE] Layer 45: loading 2 expert(s)
[MoE] Layer 46: loading 3 expert(s)
[MoE] Layer 47: loading 7 expert(s)
[gen 85/99] elapsed=29.9s  TPS=2.845
[MoE] Layer 0: loading 5 expert(s)
[MoE] Layer 1: loading 4 expert(s)
[MoE] Layer 2: loading 1 expert(s)
[MoE] Layer 3: loading 1 expert(s)
[MoE] Layer 4: loading 2 expert(s)
[MoE] Layer 5: loading 6 expert(s)
[MoE] Layer 6: loading 4 expert(s)
[MoE] Layer 7: loading 4 expert(s)
[MoE] Layer 8: loading 7 expert(s)
[MoE] Layer 9: loading 6 expert(s)
[MoE] Layer 10: loading 5 expert(s)
[MoE] Layer 11: loading 5 expert(s)
[MoE] Layer 12: loading 3 expert(s)
[MoE] Layer 13: loading 2 expert(s)
[MoE] Layer 14: loading 2 expert(s)
[MoE] Layer 15: loading 2 expert(s)
[MoE] Layer 16: loading 2 expert(s)
[MoE] Layer 17: loading 3 expert(s)
[MoE] Layer 18: loading 3 expert(s)
[MoE] Layer 19: loading 2 expert(s)
[MoE] Layer 20: loading 2 expert(s)
[MoE] Layer 21: loading 1 expert(s)
[MoE] Layer 23: loading 1 expert(s)
[MoE] Layer 24: loading 1 expert(s)
[MoE] Layer 25: loading 1 expert(s)
[MoE] Layer 26: loading 1 expert(s)
[MoE] Layer 27: loading 1 expert(s)
[MoE] Layer 28: loading 2 expert(s)
[MoE] Layer 29: loading 1 expert(s)
[MoE] Layer 30: loading 4 expert(s)
[MoE] Layer 31: loading 2 expert(s)
[MoE] Layer 32: loading 2 expert(s)
[MoE] Layer 33: loading 1 expert(s)
[MoE] Layer 34: loading 1 expert(s)
[MoE] Layer 35: loading 2 expert(s)
[MoE] Layer 36: loading 2 expert(s)
[MoE] Layer 37: loading 5 expert(s)
[MoE] Layer 38: loading 6 expert(s)
[MoE] Layer 39: loading 8 expert(s)
[MoE] Layer 40: loading 5 expert(s)
[MoE] Layer 41: loading 7 expert(s)
[MoE] Layer 42: loading 8 expert(s)
[MoE] Layer 43: loading 5 expert(s)
[MoE] Layer 44: loading 4 expert(s)
[MoE] Layer 45: loading 3 expert(s)
[MoE] Layer 46: loading 2 expert(s)
[MoE] Layer 47: loading 2 expert(s)
[MoE] Layer 0: loading 6 expert(s)
[MoE] Layer 1: loading 1 expert(s)
[MoE] Layer 2: loading 3 expert(s)
[MoE] Layer 3: loading 4 expert(s)
[MoE] Layer 4: loading 3 expert(s)
[MoE] Layer 5: loading 3 expert(s)
[MoE] Layer 6: loading 3 expert(s)
[MoE] Layer 7: loading 2 expert(s)
[MoE] Layer 8: loading 3 expert(s)
[MoE] Layer 9: loading 2 expert(s)
[MoE] Layer 10: loading 3 expert(s)
[MoE] Layer 11: loading 5 expert(s)
[MoE] Layer 12: loading 3 expert(s)
[MoE] Layer 13: loading 6 expert(s)
[MoE] Layer 14: loading 2 expert(s)
[MoE] Layer 15: loading 4 expert(s)
[MoE] Layer 17: loading 2 expert(s)
[MoE] Layer 18: loading 4 expert(s)
[MoE] Layer 19: loading 5 expert(s)
[MoE] Layer 20: loading 5 expert(s)
[MoE] Layer 21: loading 4 expert(s)
[MoE] Layer 22: loading 4 expert(s)
[MoE] Layer 23: loading 3 expert(s)
[MoE] Layer 24: loading 2 expert(s)
[MoE] Layer 25: loading 4 expert(s)
[MoE] Layer 26: loading 3 expert(s)
[MoE] Layer 27: loading 4 expert(s)
[MoE] Layer 28: loading 2 expert(s)
[MoE] Layer 29: loading 5 expert(s)
[MoE] Layer 30: loading 4 expert(s)
[MoE] Layer 31: loading 5 expert(s)
[MoE] Layer 32: loading 3 expert(s)
[MoE] Layer 33: loading 3 expert(s)
[MoE] Layer 34: loading 3 expert(s)
[MoE] Layer 35: loading 3 expert(s)
[MoE] Layer 36: loading 4 expert(s)
[MoE] Layer 37: loading 3 expert(s)
[MoE] Layer 38: loading 2 expert(s)
[MoE] Layer 39: loading 3 expert(s)
[MoE] Layer 40: loading 2 expert(s)
[MoE] Layer 41: loading 5 expert(s)
[MoE] Layer 42: loading 4 expert(s)
[MoE] Layer 43: loading 2 expert(s)
[MoE] Layer 44: loading 4 expert(s)
[MoE] Layer 45: loading 1 expert(s)
[MoE] Layer 46: loading 2 expert(s)
[MoE] Layer 47: loading 3 expert(s)
[MoE] Layer 0: loading 6 expert(s)
[MoE] Layer 1: loading 3 expert(s)
[MoE] Layer 2: loading 4 expert(s)
[MoE] Layer 3: loading 2 expert(s)
[MoE] Layer 4: loading 3 expert(s)
[MoE] Layer 6: loading 2 expert(s)
[MoE] Layer 7: loading 1 expert(s)
[MoE] Layer 8: loading 3 expert(s)
[MoE] Layer 9: loading 2 expert(s)
[MoE] Layer 10: loading 3 expert(s)
[MoE] Layer 11: loading 4 expert(s)
[MoE] Layer 12: loading 2 expert(s)
[MoE] Layer 13: loading 2 expert(s)
[MoE] Layer 14: loading 3 expert(s)
[MoE] Layer 15: loading 4 expert(s)
[MoE] Layer 16: loading 4 expert(s)
[MoE] Layer 17: loading 5 expert(s)
[MoE] Layer 18: loading 3 expert(s)
[MoE] Layer 19: loading 1 expert(s)
[MoE] Layer 20: loading 4 expert(s)
[MoE] Layer 21: loading 2 expert(s)
[MoE] Layer 22: loading 1 expert(s)
[MoE] Layer 23: loading 4 expert(s)
[MoE] Layer 24: loading 2 expert(s)
[MoE] Layer 25: loading 2 expert(s)
[MoE] Layer 26: loading 2 expert(s)
[MoE] Layer 27: loading 3 expert(s)
[MoE] Layer 28: loading 3 expert(s)
[MoE] Layer 29: loading 4 expert(s)
[MoE] Layer 30: loading 2 expert(s)
[MoE] Layer 31: loading 3 expert(s)
[MoE] Layer 32: loading 5 expert(s)
[MoE] Layer 33: loading 2 expert(s)
[MoE] Layer 34: loading 3 expert(s)
[MoE] Layer 35: loading 4 expert(s)
[MoE] Layer 36: loading 4 expert(s)
[MoE] Layer 37: loading 4 expert(s)
[MoE] Layer 38: loading 3 expert(s)
[MoE] Layer 39: loading 1 expert(s)
[MoE] Layer 40: loading 2 expert(s)
[MoE] Layer 41: loading 3 expert(s)
[MoE] Layer 42: loading 3 expert(s)
[MoE] Layer 43: loading 1 expert(s)
[MoE] Layer 44: loading 2 expert(s)
[MoE] Layer 45: loading 3 expert(s)
[MoE] Layer 46: loading 3 expert(s)
[MoE] Layer 47: loading 5 expert(s)
[MoE] Layer 0: loading 5 expert(s)
[MoE] Layer 1: loading 5 expert(s)
[MoE] Layer 2: loading 2 expert(s)
[MoE] Layer 3: loading 3 expert(s)
[MoE] Layer 4: loading 1 expert(s)
[MoE] Layer 5: loading 4 expert(s)
[MoE] Layer 6: loading 4 expert(s)
[MoE] Layer 7: loading 5 expert(s)
[MoE] Layer 8: loading 5 expert(s)
[MoE] Layer 9: loading 3 expert(s)
[MoE] Layer 10: loading 2 expert(s)
[MoE] Layer 11: loading 3 expert(s)
[MoE] Layer 12: loading 2 expert(s)
[MoE] Layer 13: loading 2 expert(s)
[MoE] Layer 15: loading 4 expert(s)
[MoE] Layer 16: loading 1 expert(s)
[MoE] Layer 17: loading 4 expert(s)
[MoE] Layer 18: loading 2 expert(s)
[MoE] Layer 19: loading 2 expert(s)
[MoE] Layer 20: loading 2 expert(s)
[MoE] Layer 21: loading 1 expert(s)
[MoE] Layer 22: loading 1 expert(s)
[MoE] Layer 23: loading 2 expert(s)
[MoE] Layer 24: loading 2 expert(s)
[MoE] Layer 25: loading 1 expert(s)
[MoE] Layer 26: loading 1 expert(s)
[MoE] Layer 27: loading 2 expert(s)
[MoE] Layer 28: loading 1 expert(s)
[MoE] Layer 29: loading 3 expert(s)
[MoE] Layer 30: loading 3 expert(s)
[MoE] Layer 31: loading 1 expert(s)
[MoE] Layer 32: loading 2 expert(s)
[MoE] Layer 33: loading 1 expert(s)
[MoE] Layer 34: loading 3 expert(s)
[MoE] Layer 35: loading 3 expert(s)
[MoE] Layer 36: loading 2 expert(s)
[MoE] Layer 37: loading 2 expert(s)
[MoE] Layer 38: loading 3 expert(s)
[MoE] Layer 39: loading 2 expert(s)
[MoE] Layer 40: loading 5 expert(s)
[MoE] Layer 41: loading 1 expert(s)
[MoE] Layer 42: loading 3 expert(s)
[MoE] Layer 43: loading 3 expert(s)
[MoE] Layer 44: loading 5 expert(s)
[MoE] Layer 45: loading 4 expert(s)
[MoE] Layer 46: loading 2 expert(s)
[MoE] Layer 47: loading 1 expert(s)
[MoE] Layer 0: loading 5 expert(s)
[MoE] Layer 1: loading 3 expert(s)
[MoE] Layer 2: loading 2 expert(s)
[MoE] Layer 3: loading 4 expert(s)
[MoE] Layer 4: loading 1 expert(s)
[MoE] Layer 5: loading 1 expert(s)
[MoE] Layer 6: loading 1 expert(s)
[MoE] Layer 7: loading 1 expert(s)
[MoE] Layer 8: loading 2 expert(s)
[MoE] Layer 9: loading 1 expert(s)
[MoE] Layer 10: loading 1 expert(s)
[MoE] Layer 11: loading 3 expert(s)
[MoE] Layer 12: loading 3 expert(s)
[MoE] Layer 13: loading 4 expert(s)
[MoE] Layer 14: loading 2 expert(s)
[MoE] Layer 15: loading 3 expert(s)
[MoE] Layer 16: loading 4 expert(s)
[MoE] Layer 17: loading 3 expert(s)
[MoE] Layer 18: loading 1 expert(s)
[MoE] Layer 19: loading 2 expert(s)
[MoE] Layer 20: loading 1 expert(s)
[MoE] Layer 21: loading 1 expert(s)
[MoE] Layer 22: loading 2 expert(s)
[MoE] Layer 23: loading 2 expert(s)
[MoE] Layer 24: loading 6 expert(s)
[MoE] Layer 25: loading 4 expert(s)
[MoE] Layer 26: loading 5 expert(s)
[MoE] Layer 27: loading 3 expert(s)
[MoE] Layer 28: loading 3 expert(s)
[MoE] Layer 29: loading 3 expert(s)
[MoE] Layer 30: loading 3 expert(s)
[MoE] Layer 31: loading 2 expert(s)
[MoE] Layer 32: loading 2 expert(s)
[MoE] Layer 33: loading 4 expert(s)
[MoE] Layer 34: loading 3 expert(s)
[MoE] Layer 35: loading 5 expert(s)
[MoE] Layer 36: loading 4 expert(s)
[MoE] Layer 37: loading 4 expert(s)
[MoE] Layer 38: loading 2 expert(s)
[MoE] Layer 39: loading 1 expert(s)
[MoE] Layer 40: loading 4 expert(s)
[MoE] Layer 41: loading 1 expert(s)
[MoE] Layer 42: loading 2 expert(s)
[MoE] Layer 43: loading 3 expert(s)
[MoE] Layer 44: loading 2 expert(s)
[MoE] Layer 45: loading 1 expert(s)
[MoE] Layer 46: loading 1 expert(s)
[MoE] Layer 47: loading 3 expert(s)
[gen 90/99] elapsed=31.7s  TPS=2.837
[MoE] Layer 0: loading 5 expert(s)
[MoE] Layer 1: loading 2 expert(s)
[MoE] Layer 2: loading 3 expert(s)
[MoE] Layer 3: loading 4 expert(s)
[MoE] Layer 4: loading 3 expert(s)
[MoE] Layer 5: loading 5 expert(s)
[MoE] Layer 6: loading 2 expert(s)
[MoE] Layer 7: loading 2 expert(s)
[MoE] Layer 8: loading 3 expert(s)
[MoE] Layer 9: loading 2 expert(s)
[MoE] Layer 10: loading 5 expert(s)
[MoE] Layer 11: loading 5 expert(s)
[MoE] Layer 12: loading 5 expert(s)
[MoE] Layer 13: loading 5 expert(s)
[MoE] Layer 14: loading 5 expert(s)
[MoE] Layer 15: loading 4 expert(s)
[MoE] Layer 16: loading 4 expert(s)
[MoE] Layer 17: loading 6 expert(s)
[MoE] Layer 18: loading 4 expert(s)
[MoE] Layer 19: loading 1 expert(s)
[MoE] Layer 20: loading 2 expert(s)
[MoE] Layer 21: loading 3 expert(s)
[MoE] Layer 22: loading 4 expert(s)
[MoE] Layer 23: loading 5 expert(s)
[MoE] Layer 24: loading 5 expert(s)
[MoE] Layer 25: loading 3 expert(s)
[MoE] Layer 26: loading 4 expert(s)
[MoE] Layer 27: loading 3 expert(s)
[MoE] Layer 28: loading 3 expert(s)
[MoE] Layer 29: loading 2 expert(s)
[MoE] Layer 30: loading 2 expert(s)
[MoE] Layer 31: loading 4 expert(s)
[MoE] Layer 32: loading 3 expert(s)
[MoE] Layer 33: loading 4 expert(s)
[MoE] Layer 34: loading 4 expert(s)
[MoE] Layer 35: loading 4 expert(s)
[MoE] Layer 36: loading 4 expert(s)
[MoE] Layer 37: loading 6 expert(s)
[MoE] Layer 38: loading 4 expert(s)
[MoE] Layer 39: loading 4 expert(s)
[MoE] Layer 40: loading 3 expert(s)
[MoE] Layer 41: loading 3 expert(s)
[MoE] Layer 42: loading 5 expert(s)
[MoE] Layer 43: loading 4 expert(s)
[MoE] Layer 44: loading 2 expert(s)
[MoE] Layer 45: loading 5 expert(s)
[MoE] Layer 46: loading 1 expert(s)
[MoE] Layer 47: loading 1 expert(s)
[MoE] Layer 0: loading 2 expert(s)
[MoE] Layer 1: loading 3 expert(s)
[MoE] Layer 3: loading 1 expert(s)
[MoE] Layer 4: loading 1 expert(s)
[MoE] Layer 5: loading 3 expert(s)
[MoE] Layer 6: loading 3 expert(s)
[MoE] Layer 7: loading 1 expert(s)
[MoE] Layer 8: loading 1 expert(s)
[MoE] Layer 9: loading 4 expert(s)
[MoE] Layer 10: loading 1 expert(s)
[MoE] Layer 11: loading 3 expert(s)
[MoE] Layer 12: loading 3 expert(s)
[MoE] Layer 13: loading 4 expert(s)
[MoE] Layer 14: loading 4 expert(s)
[MoE] Layer 15: loading 3 expert(s)
[MoE] Layer 16: loading 2 expert(s)
[MoE] Layer 17: loading 1 expert(s)
[MoE] Layer 18: loading 3 expert(s)
[MoE] Layer 19: loading 1 expert(s)
[MoE] Layer 21: loading 3 expert(s)
[MoE] Layer 22: loading 2 expert(s)
[MoE] Layer 23: loading 3 expert(s)
[MoE] Layer 24: loading 4 expert(s)
[MoE] Layer 25: loading 1 expert(s)
[MoE] Layer 26: loading 3 expert(s)
[MoE] Layer 27: loading 3 expert(s)
[MoE] Layer 28: loading 2 expert(s)
[MoE] Layer 29: loading 1 expert(s)
[MoE] Layer 30: loading 2 expert(s)
[MoE] Layer 31: loading 2 expert(s)
[MoE] Layer 32: loading 3 expert(s)
[MoE] Layer 33: loading 4 expert(s)
[MoE] Layer 34: loading 2 expert(s)
[MoE] Layer 35: loading 5 expert(s)
[MoE] Layer 36: loading 3 expert(s)
[MoE] Layer 37: loading 3 expert(s)
[MoE] Layer 38: loading 3 expert(s)
[MoE] Layer 39: loading 1 expert(s)
[MoE] Layer 40: loading 2 expert(s)
[MoE] Layer 41: loading 2 expert(s)
[MoE] Layer 42: loading 3 expert(s)
[MoE] Layer 44: loading 3 expert(s)
[MoE] Layer 45: loading 3 expert(s)
[MoE] Layer 0: loading 1 expert(s)
[MoE] Layer 1: loading 1 expert(s)
[MoE] Layer 2: loading 1 expert(s)
[MoE] Layer 3: loading 1 expert(s)
[MoE] Layer 5: loading 1 expert(s)
[MoE] Layer 6: loading 1 expert(s)
[MoE] Layer 7: loading 2 expert(s)
[MoE] Layer 8: loading 2 expert(s)
[MoE] Layer 9: loading 1 expert(s)
[MoE] Layer 11: loading 3 expert(s)
[MoE] Layer 12: loading 2 expert(s)
[MoE] Layer 13: loading 2 expert(s)
[MoE] Layer 14: loading 2 expert(s)
[MoE] Layer 15: loading 1 expert(s)
[MoE] Layer 16: loading 2 expert(s)
[MoE] Layer 17: loading 3 expert(s)
[MoE] Layer 20: loading 1 expert(s)
[MoE] Layer 21: loading 2 expert(s)
[MoE] Layer 22: loading 3 expert(s)
[MoE] Layer 23: loading 4 expert(s)
[MoE] Layer 24: loading 1 expert(s)
[MoE] Layer 25: loading 4 expert(s)
[MoE] Layer 26: loading 2 expert(s)
[MoE] Layer 27: loading 3 expert(s)
[MoE] Layer 28: loading 3 expert(s)
[MoE] Layer 29: loading 5 expert(s)
[MoE] Layer 30: loading 1 expert(s)
[MoE] Layer 31: loading 1 expert(s)
[MoE] Layer 32: loading 3 expert(s)
[MoE] Layer 33: loading 3 expert(s)
[MoE] Layer 34: loading 5 expert(s)
[MoE] Layer 35: loading 2 expert(s)
[MoE] Layer 36: loading 5 expert(s)
[MoE] Layer 37: loading 3 expert(s)
[MoE] Layer 38: loading 3 expert(s)
[MoE] Layer 39: loading 4 expert(s)
[MoE] Layer 40: loading 4 expert(s)
[MoE] Layer 41: loading 5 expert(s)
[MoE] Layer 42: loading 2 expert(s)
[MoE] Layer 43: loading 5 expert(s)
[MoE] Layer 44: loading 3 expert(s)
[MoE] Layer 45: loading 5 expert(s)
[MoE] Layer 46: loading 4 expert(s)
[MoE] Layer 47: loading 4 expert(s)
[MoE] Layer 0: loading 5 expert(s)
[MoE] Layer 1: loading 5 expert(s)
[MoE] Layer 2: loading 7 expert(s)
[MoE] Layer 3: loading 4 expert(s)
[MoE] Layer 4: loading 4 expert(s)
[MoE] Layer 5: loading 1 expert(s)
[MoE] Layer 6: loading 3 expert(s)
[MoE] Layer 7: loading 4 expert(s)
[MoE] Layer 8: loading 2 expert(s)
[MoE] Layer 9: loading 6 expert(s)
[MoE] Layer 10: loading 2 expert(s)
[MoE] Layer 11: loading 4 expert(s)
[MoE] Layer 12: loading 2 expert(s)
[MoE] Layer 13: loading 3 expert(s)
[MoE] Layer 14: loading 4 expert(s)
[MoE] Layer 15: loading 5 expert(s)
[MoE] Layer 16: loading 4 expert(s)
[MoE] Layer 17: loading 5 expert(s)
[MoE] Layer 18: loading 3 expert(s)
[MoE] Layer 19: loading 2 expert(s)
[MoE] Layer 20: loading 2 expert(s)
[MoE] Layer 21: loading 4 expert(s)
[MoE] Layer 22: loading 6 expert(s)
[MoE] Layer 23: loading 5 expert(s)
[MoE] Layer 24: loading 5 expert(s)
[MoE] Layer 25: loading 3 expert(s)
[MoE] Layer 26: loading 5 expert(s)
[MoE] Layer 27: loading 4 expert(s)
[MoE] Layer 28: loading 3 expert(s)
[MoE] Layer 29: loading 4 expert(s)
[MoE] Layer 30: loading 3 expert(s)
[MoE] Layer 31: loading 2 expert(s)
[MoE] Layer 32: loading 4 expert(s)
[MoE] Layer 33: loading 2 expert(s)
[MoE] Layer 34: loading 4 expert(s)
[MoE] Layer 35: loading 5 expert(s)
[MoE] Layer 36: loading 8 expert(s)
[MoE] Layer 37: loading 6 expert(s)
[MoE] Layer 38: loading 5 expert(s)
[MoE] Layer 39: loading 5 expert(s)
[MoE] Layer 40: loading 5 expert(s)
[MoE] Layer 41: loading 8 expert(s)
[MoE] Layer 42: loading 6 expert(s)
[MoE] Layer 43: loading 5 expert(s)
[MoE] Layer 44: loading 6 expert(s)
[MoE] Layer 45: loading 3 expert(s)
[MoE] Layer 46: loading 7 expert(s)
[MoE] Layer 47: loading 7 expert(s)
[MoE] Layer 0: loading 7 expert(s)
[MoE] Layer 1: loading 7 expert(s)
[MoE] Layer 2: loading 3 expert(s)
[MoE] Layer 3: loading 6 expert(s)
[MoE] Layer 4: loading 6 expert(s)
[MoE] Layer 5: loading 8 expert(s)
[MoE] Layer 6: loading 1 expert(s)
[MoE] Layer 7: loading 2 expert(s)
[MoE] Layer 8: loading 5 expert(s)
[MoE] Layer 9: loading 3 expert(s)
[MoE] Layer 10: loading 6 expert(s)
[MoE] Layer 11: loading 6 expert(s)
[MoE] Layer 12: loading 3 expert(s)
[MoE] Layer 13: loading 6 expert(s)
[MoE] Layer 14: loading 4 expert(s)
[MoE] Layer 15: loading 4 expert(s)
[MoE] Layer 16: loading 5 expert(s)
[MoE] Layer 17: loading 6 expert(s)
[MoE] Layer 19: loading 2 expert(s)
[MoE] Layer 20: loading 2 expert(s)
[MoE] Layer 21: loading 6 expert(s)
[MoE] Layer 22: loading 4 expert(s)
[MoE] Layer 23: loading 5 expert(s)
[MoE] Layer 24: loading 5 expert(s)
[MoE] Layer 25: loading 4 expert(s)
[MoE] Layer 26: loading 7 expert(s)
[MoE] Layer 27: loading 3 expert(s)
[MoE] Layer 28: loading 4 expert(s)
[MoE] Layer 29: loading 6 expert(s)
[MoE] Layer 30: loading 2 expert(s)
[MoE] Layer 31: loading 2 expert(s)
[MoE] Layer 32: loading 5 expert(s)
[MoE] Layer 33: loading 3 expert(s)
[MoE] Layer 34: loading 3 expert(s)
[MoE] Layer 35: loading 8 expert(s)
[MoE] Layer 36: loading 7 expert(s)
[MoE] Layer 37: loading 4 expert(s)
[MoE] Layer 38: loading 3 expert(s)
[MoE] Layer 39: loading 6 expert(s)
[MoE] Layer 40: loading 5 expert(s)
[MoE] Layer 41: loading 7 expert(s)
[MoE] Layer 42: loading 5 expert(s)
[MoE] Layer 43: loading 5 expert(s)
[MoE] Layer 44: loading 4 expert(s)
[MoE] Layer 45: loading 5 expert(s)
[MoE] Layer 46: loading 3 expert(s)
[MoE] Layer 47: loading 7 expert(s)
[gen 95/99] elapsed=33.8s  TPS=2.814
[MoE] Layer 0: loading 8 expert(s)
[MoE] Layer 1: loading 7 expert(s)
[MoE] Layer 2: loading 6 expert(s)
[MoE] Layer 3: loading 7 expert(s)
[MoE] Layer 4: loading 5 expert(s)
[MoE] Layer 5: loading 5 expert(s)
[MoE] Layer 6: loading 2 expert(s)
[MoE] Layer 7: loading 2 expert(s)
[MoE] Layer 8: loading 4 expert(s)
[MoE] Layer 9: loading 3 expert(s)
[MoE] Layer 10: loading 6 expert(s)
[MoE] Layer 11: loading 4 expert(s)
[MoE] Layer 12: loading 1 expert(s)
[MoE] Layer 13: loading 4 expert(s)
[MoE] Layer 14: loading 3 expert(s)
[MoE] Layer 15: loading 3 expert(s)
[MoE] Layer 16: loading 4 expert(s)
[MoE] Layer 17: loading 3 expert(s)
[MoE] Layer 18: loading 1 expert(s)
[MoE] Layer 21: loading 2 expert(s)
[MoE] Layer 22: loading 4 expert(s)
[MoE] Layer 23: loading 3 expert(s)
[MoE] Layer 24: loading 2 expert(s)
[MoE] Layer 25: loading 2 expert(s)
[MoE] Layer 26: loading 3 expert(s)
[MoE] Layer 27: loading 1 expert(s)
[MoE] Layer 28: loading 2 expert(s)
[MoE] Layer 29: loading 4 expert(s)
[MoE] Layer 31: loading 2 expert(s)
[MoE] Layer 33: loading 2 expert(s)
[MoE] Layer 34: loading 1 expert(s)
[MoE] Layer 35: loading 2 expert(s)
[MoE] Layer 36: loading 5 expert(s)
[MoE] Layer 37: loading 5 expert(s)
[MoE] Layer 38: loading 4 expert(s)
[MoE] Layer 39: loading 3 expert(s)
[MoE] Layer 40: loading 3 expert(s)
[MoE] Layer 41: loading 4 expert(s)
[MoE] Layer 42: loading 1 expert(s)
[MoE] Layer 43: loading 3 expert(s)
[MoE] Layer 44: loading 2 expert(s)
[MoE] Layer 45: loading 3 expert(s)
[MoE] Layer 46: loading 5 expert(s)
[MoE] Layer 47: loading 6 expert(s)
[MoE] Layer 0: loading 8 expert(s)
[MoE] Layer 1: loading 6 expert(s)
[MoE] Layer 2: loading 5 expert(s)
[MoE] Layer 3: loading 4 expert(s)
[MoE] Layer 4: loading 3 expert(s)
[MoE] Layer 5: loading 2 expert(s)
[MoE] Layer 6: loading 2 expert(s)
[MoE] Layer 7: loading 3 expert(s)
[MoE] Layer 8: loading 3 expert(s)
[MoE] Layer 9: loading 2 expert(s)
[MoE] Layer 10: loading 5 expert(s)
[MoE] Layer 11: loading 2 expert(s)
[MoE] Layer 12: loading 4 expert(s)
[MoE] Layer 13: loading 3 expert(s)
[MoE] Layer 14: loading 1 expert(s)
[MoE] Layer 16: loading 4 expert(s)
[MoE] Layer 17: loading 4 expert(s)
[MoE] Layer 18: loading 2 expert(s)
[MoE] Layer 19: loading 1 expert(s)
[MoE] Layer 20: loading 3 expert(s)
[MoE] Layer 21: loading 1 expert(s)
[MoE] Layer 22: loading 1 expert(s)
[MoE] Layer 23: loading 3 expert(s)
[MoE] Layer 24: loading 3 expert(s)
[MoE] Layer 25: loading 4 expert(s)
[MoE] Layer 26: loading 2 expert(s)
[MoE] Layer 28: loading 3 expert(s)
[MoE] Layer 29: loading 1 expert(s)
[MoE] Layer 31: loading 1 expert(s)
[MoE] Layer 32: loading 2 expert(s)
[MoE] Layer 33: loading 1 expert(s)
[MoE] Layer 34: loading 4 expert(s)
[MoE] Layer 35: loading 2 expert(s)
[MoE] Layer 36: loading 1 expert(s)
[MoE] Layer 37: loading 3 expert(s)
[MoE] Layer 38: loading 2 expert(s)
[MoE] Layer 39: loading 1 expert(s)
[MoE] Layer 40: loading 4 expert(s)
[MoE] Layer 41: loading 2 expert(s)
[MoE] Layer 42: loading 3 expert(s)
[MoE] Layer 43: loading 3 expert(s)
[MoE] Layer 44: loading 2 expert(s)
[MoE] Layer 45: loading 1 expert(s)
[MoE] Layer 46: loading 3 expert(s)
[MoE] Layer 47: loading 4 expert(s)
[MoE] Layer 0: loading 7 expert(s)
[MoE] Layer 1: loading 5 expert(s)
[MoE] Layer 2: loading 8 expert(s)
[MoE] Layer 3: loading 4 expert(s)
[MoE] Layer 4: loading 1 expert(s)
[MoE] Layer 5: loading 3 expert(s)
[MoE] Layer 6: loading 2 expert(s)
[MoE] Layer 8: loading 2 expert(s)
[MoE] Layer 9: loading 3 expert(s)
[MoE] Layer 10: loading 3 expert(s)
[MoE] Layer 11: loading 2 expert(s)
[MoE] Layer 12: loading 1 expert(s)
[MoE] Layer 13: loading 5 expert(s)
[MoE] Layer 14: loading 3 expert(s)
[MoE] Layer 15: loading 2 expert(s)
[MoE] Layer 16: loading 2 expert(s)
[MoE] Layer 17: loading 4 expert(s)
[MoE] Layer 18: loading 2 expert(s)
[MoE] Layer 20: loading 3 expert(s)
[MoE] Layer 21: loading 3 expert(s)
[MoE] Layer 22: loading 4 expert(s)
[MoE] Layer 23: loading 2 expert(s)
[MoE] Layer 24: loading 2 expert(s)
[MoE] Layer 25: loading 4 expert(s)
[MoE] Layer 26: loading 3 expert(s)
[MoE] Layer 27: loading 2 expert(s)
[MoE] Layer 28: loading 4 expert(s)
[MoE] Layer 29: loading 1 expert(s)
[MoE] Layer 30: loading 2 expert(s)
[MoE] Layer 32: loading 2 expert(s)
[MoE] Layer 33: loading 1 expert(s)
[MoE] Layer 34: loading 1 expert(s)
[MoE] Layer 35: loading 2 expert(s)
[MoE] Layer 36: loading 2 expert(s)
[MoE] Layer 37: loading 4 expert(s)
[MoE] Layer 38: loading 4 expert(s)
[MoE] Layer 39: loading 3 expert(s)
[MoE] Layer 40: loading 4 expert(s)
[MoE] Layer 41: loading 2 expert(s)
[MoE] Layer 42: loading 4 expert(s)
[MoE] Layer 43: loading 3 expert(s)
[MoE] Layer 44: loading 1 expert(s)
[MoE] Layer 45: loading 3 expert(s)
[MoE] Layer 46: loading 1 expert(s)
[MoE] Layer 47: loading 3 expert(s)
[MoE] Layer 0: loading 6 expert(s)
[MoE] Layer 1: loading 6 expert(s)
[MoE] Layer 2: loading 4 expert(s)
[MoE] Layer 3: loading 4 expert(s)
[MoE] Layer 4: loading 2 expert(s)
[MoE] Layer 5: loading 2 expert(s)
[MoE] Layer 6: loading 3 expert(s)
[MoE] Layer 7: loading 2 expert(s)
[MoE] Layer 8: loading 4 expert(s)
[MoE] Layer 9: loading 2 expert(s)
[MoE] Layer 10: loading 2 expert(s)
[MoE] Layer 11: loading 2 expert(s)
[MoE] Layer 12: loading 2 expert(s)
[MoE] Layer 13: loading 4 expert(s)
[MoE] Layer 14: loading 2 expert(s)
[MoE] Layer 15: loading 2 expert(s)
[MoE] Layer 16: loading 2 expert(s)
[MoE] Layer 17: loading 3 expert(s)
[MoE] Layer 18: loading 2 expert(s)
[MoE] Layer 19: loading 1 expert(s)
[MoE] Layer 20: loading 2 expert(s)
[MoE] Layer 21: loading 4 expert(s)
[MoE] Layer 22: loading 3 expert(s)
[MoE] Layer 23: loading 4 expert(s)
[MoE] Layer 24: loading 1 expert(s)
[MoE] Layer 25: loading 2 expert(s)
[MoE] Layer 26: loading 2 expert(s)
[MoE] Layer 28: loading 2 expert(s)
[MoE] Layer 29: loading 3 expert(s)
[MoE] Layer 30: loading 1 expert(s)
[MoE] Layer 32: loading 3 expert(s)
[MoE] Layer 33: loading 2 expert(s)
[MoE] Layer 34: loading 2 expert(s)
[MoE] Layer 35: loading 3 expert(s)
[MoE] Layer 36: loading 3 expert(s)
[MoE] Layer 37: loading 2 expert(s)
[MoE] Layer 38: loading 1 expert(s)
[MoE] Layer 39: loading 2 expert(s)
[MoE] Layer 40: loading 3 expert(s)
[MoE] Layer 41: loading 4 expert(s)
[MoE] Layer 42: loading 4 expert(s)
[MoE] Layer 43: loading 4 expert(s)
[MoE] Layer 44: loading 2 expert(s)
[MoE] Layer 45: loading 2 expert(s)
[MoE] Layer 46: loading 4 expert(s)
[MoE] Layer 47: loading 4 expert(s)
Prefill time (summary): 20.335 seconds
Total Generation Time: 35.180 seconds
Average Time per Token: 0.355 seconds

Expert Cache Statistics:
Layer 0: Hits=266, Misses=526, HitRate=33.59%
    Bandwidth: MissLoads=526, AvgLoadTime=1.98ms
Layer 1: Hits=366, Misses=426, HitRate=46.21%
    Bandwidth: MissLoads=426, AvgLoadTime=1.97ms
Layer 2: Hits=451, Misses=341, HitRate=56.94%
    Bandwidth: MissLoads=341, AvgLoadTime=2.02ms
Layer 3: Hits=392, Misses=400, HitRate=49.49%
    Bandwidth: MissLoads=400, AvgLoadTime=2.02ms
Layer 4: Hits=483, Misses=309, HitRate=60.98%
    Bandwidth: MissLoads=309, AvgLoadTime=2.18ms
Layer 5: Hits=528, Misses=264, HitRate=66.67%
    Bandwidth: MissLoads=264, AvgLoadTime=2.30ms
Layer 6: Hits=639, Misses=153, HitRate=80.68%
    Bandwidth: MissLoads=153, AvgLoadTime=2.62ms
Layer 7: Hits=637, Misses=155, HitRate=80.43%
    Bandwidth: MissLoads=155, AvgLoadTime=2.60ms
Layer 8: Hits=527, Misses=265, HitRate=66.54%
    Bandwidth: MissLoads=265, AvgLoadTime=2.44ms
Layer 9: Hits=572, Misses=220, HitRate=72.22%
    Bandwidth: MissLoads=220, AvgLoadTime=2.46ms
Layer 10: Hits=502, Misses=290, HitRate=63.38%
    Bandwidth: MissLoads=290, AvgLoadTime=2.27ms
Layer 11: Hits=439, Misses=353, HitRate=55.43%
    Bandwidth: MissLoads=353, AvgLoadTime=2.05ms
Layer 12: Hits=541, Misses=251, HitRate=68.31%
    Bandwidth: MissLoads=251, AvgLoadTime=2.32ms
Layer 13: Hits=466, Misses=326, HitRate=58.84%
    Bandwidth: MissLoads=326, AvgLoadTime=2.21ms
Layer 14: Hits=508, Misses=284, HitRate=64.14%
    Bandwidth: MissLoads=284, AvgLoadTime=2.29ms
Layer 15: Hits=585, Misses=207, HitRate=73.86%
    Bandwidth: MissLoads=207, AvgLoadTime=2.52ms
Layer 16: Hits=532, Misses=260, HitRate=67.17%
    Bandwidth: MissLoads=260, AvgLoadTime=2.30ms
Layer 17: Hits=461, Misses=331, HitRate=58.21%
    Bandwidth: MissLoads=331, AvgLoadTime=2.24ms
Layer 18: Hits=632, Misses=160, HitRate=79.80%
    Bandwidth: MissLoads=160, AvgLoadTime=2.51ms
Layer 19: Hits=633, Misses=159, HitRate=79.92%
    Bandwidth: MissLoads=159, AvgLoadTime=2.58ms
Layer 20: Hits=586, Misses=206, HitRate=73.99%
    Bandwidth: MissLoads=206, AvgLoadTime=2.45ms
Layer 21: Hits=579, Misses=213, HitRate=73.11%
    Bandwidth: MissLoads=213, AvgLoadTime=2.51ms
Layer 22: Hits=519, Misses=273, HitRate=65.53%
    Bandwidth: MissLoads=273, AvgLoadTime=2.25ms
Layer 23: Hits=451, Misses=341, HitRate=56.94%
    Bandwidth: MissLoads=341, AvgLoadTime=2.15ms
Layer 24: Hits=495, Misses=297, HitRate=62.50%
    Bandwidth: MissLoads=297, AvgLoadTime=2.23ms
Layer 25: Hits=479, Misses=313, HitRate=60.48%
    Bandwidth: MissLoads=313, AvgLoadTime=2.21ms
Layer 26: Hits=494, Misses=298, HitRate=62.37%
    Bandwidth: MissLoads=298, AvgLoadTime=2.17ms
Layer 27: Hits=559, Misses=233, HitRate=70.58%
    Bandwidth: MissLoads=233, AvgLoadTime=2.37ms
Layer 28: Hits=520, Misses=272, HitRate=65.66%
    Bandwidth: MissLoads=272, AvgLoadTime=2.31ms
Layer 29: Hits=444, Misses=348, HitRate=56.06%
    Bandwidth: MissLoads=348, AvgLoadTime=2.20ms
Layer 30: Hits=638, Misses=154, HitRate=80.56%
    Bandwidth: MissLoads=154, AvgLoadTime=2.46ms
Layer 31: Hits=628, Misses=164, HitRate=79.29%
    Bandwidth: MissLoads=164, AvgLoadTime=2.54ms
Layer 32: Hits=555, Misses=237, HitRate=70.08%
    Bandwidth: MissLoads=237, AvgLoadTime=2.36ms
Layer 33: Hits=558, Misses=234, HitRate=70.45%
    Bandwidth: MissLoads=234, AvgLoadTime=2.29ms
Layer 34: Hits=492, Misses=300, HitRate=62.12%
    Bandwidth: MissLoads=300, AvgLoadTime=2.14ms
Layer 35: Hits=429, Misses=363, HitRate=54.17%
    Bandwidth: MissLoads=363, AvgLoadTime=2.02ms
Layer 36: Hits=508, Misses=284, HitRate=64.14%
    Bandwidth: MissLoads=284, AvgLoadTime=2.24ms
Layer 37: Hits=443, Misses=349, HitRate=55.93%
    Bandwidth: MissLoads=349, AvgLoadTime=2.17ms
Layer 38: Hits=559, Misses=233, HitRate=70.58%
    Bandwidth: MissLoads=233, AvgLoadTime=2.34ms
Layer 39: Hits=517, Misses=275, HitRate=65.28%
    Bandwidth: MissLoads=275, AvgLoadTime=2.30ms
Layer 40: Hits=520, Misses=272, HitRate=65.66%
    Bandwidth: MissLoads=272, AvgLoadTime=2.28ms
Layer 41: Hits=485, Misses=307, HitRate=61.24%
    Bandwidth: MissLoads=307, AvgLoadTime=2.29ms
Layer 42: Hits=496, Misses=296, HitRate=62.63%
    Bandwidth: MissLoads=296, AvgLoadTime=2.22ms
Layer 43: Hits=588, Misses=204, HitRate=74.24%
    Bandwidth: MissLoads=204, AvgLoadTime=2.47ms
Layer 44: Hits=585, Misses=207, HitRate=73.86%
    Bandwidth: MissLoads=207, AvgLoadTime=2.41ms
Layer 45: Hits=589, Misses=203, HitRate=74.37%
    Bandwidth: MissLoads=203, AvgLoadTime=2.37ms
Layer 46: Hits=598, Misses=194, HitRate=75.51%
    Bandwidth: MissLoads=194, AvgLoadTime=2.42ms
Layer 47: Hits=402, Misses=390, HitRate=50.76%
    Bandwidth: MissLoads=390, AvgLoadTime=2.17ms
============================================================
============================================================
Initializing Qwen3 30B-A3B AWQ w4a16 quantized model...
============================================================
Loading quantized weights from QuixiAI/Qwen3-30B-A3B-AWQ...
Using saved safetensors: /home/michael/heteroPredict/py/unified_llm_w4a16/model_weights/Qwen3-30B-A3B-AWQ.safetensors
Expert weights dir: /home/michael/heteroPredict/py/unified_llm_w4a16/model_weights/Qwen3-30B-A3B-AWQ_packed  (format: packed)
Using existing attention weights in /home/michael/heteroPredict/py/unified_llm_w4a16/model_weights/Qwen3-30B-A3B-AWQ_unpacked
Weights loaded (expert dir override) in 0.32 seconds
Pre-warming expert cache with 24 experts...
Model initialized successfully!
Set expert cache policy to RANDOM.

Running sweep using prompts from JSON: /tmp/tmptok_nu3p.json
Loaded 1 prompts for sweeping.

Processing Prompt 1/1...

============================================================
Generated text only:
============================================================
 

Question: What is the significance of the Palestinian Authority becoming a member of the International Criminal Court?

The significance of the Palestinian Authority becoming a member of the International Criminal Court is that it allows the court to have jurisdiction over alleged crimes committed in Palestinian territories. This means that the ICC can investigate and potentially prosecute individuals for war crimes, crimes against humanity, and genocide in the occupied Palestinian territories, including East Jerusalem, since June 13, 2014. This move is significant because it
============================================================

============================================================
Sweep Complete.
Average Time per Token: 0.555216
End-to-End TPS: 1.8011
Cache Stats: Hits=24876, Misses=13140, HitRate=65.44%
Initializing UnifiedLLMW4A16Impl_base
Using NPU config struct.
Configuring NPU (Base):
  Heterogeneity: gpu
  GPU Count: 1
  Debug Verbosity: 1
  Dummy Weights: false
  Warmup: false
  Preload MoE: true
  Minimal PDI: true
[GPU SELECT] Free VRAM ranking: gpu0=28.00/28.00 GiB
[GPU SELECT] Selected GPUs for gpu-count=1: [0]
[GPU MAP] Single-GPU placement on gpu0
UnifiedLLMW4A16 moved to device: cuda:0
Preloading MoE kernels...
MoE kernels preloaded.
UnifiedLLMW4A16 initialized on device: cuda:0 with w4a16 quantization
Loading non-quantized weights from safetensors (mmap): /home/michael/heteroPredict/py/unified_llm_w4a16/model_weights/Qwen3-30B-A3B-AWQ.safetensors
Loaded 243 non-quantized parameters, skipped 0
Loading quantized weights from bins: /home/michael/heteroPredict/py/unified_llm_w4a16/model_weights/Qwen3-30B-A3B-AWQ_unpacked
Pre-warming 24 experts for all layers...
Layer 0: Pre-warming 24 experts.
Layer 0: using packed expert format.
[MoE I/O] Expert weight reads require O_DIRECT (no buffered fallback).
Layer 1: Pre-warming 24 experts.
Layer 1: using packed expert format.
Layer 2: Pre-warming 24 experts.
Layer 2: using packed expert format.
Layer 3: Pre-warming 24 experts.
Layer 3: using packed expert format.
Prewarmed experts for layer 4/48
Layer 4: Pre-warming 24 experts.
Layer 4: using packed expert format.
Layer 5: Pre-warming 24 experts.
Layer 5: using packed expert format.
Layer 6: Pre-warming 24 experts.
Layer 6: using packed expert format.
Layer 7: Pre-warming 24 experts.
Layer 7: using packed expert format.
Prewarmed experts for layer 8/48
Layer 8: Pre-warming 24 experts.
Layer 8: using packed expert format.
Layer 9: Pre-warming 24 experts.
Layer 9: using packed expert format.
Layer 10: Pre-warming 24 experts.
Layer 10: using packed expert format.
Layer 11: Pre-warming 24 experts.
Layer 11: using packed expert format.
Prewarmed experts for layer 12/48
Layer 12: Pre-warming 24 experts.
Layer 12: using packed expert format.
Layer 13: Pre-warming 24 experts.
Layer 13: using packed expert format.
Layer 14: Pre-warming 24 experts.
Layer 14: using packed expert format.
Layer 15: Pre-warming 24 experts.
Layer 15: using packed expert format.
Prewarmed experts for layer 16/48
Layer 16: Pre-warming 24 experts.
Layer 16: using packed expert format.
Layer 17: Pre-warming 24 experts.
Layer 17: using packed expert format.
Layer 18: Pre-warming 24 experts.
Layer 18: using packed expert format.
Layer 19: Pre-warming 24 experts.
Layer 19: using packed expert format.
Prewarmed experts for layer 20/48
Layer 20: Pre-warming 24 experts.
Layer 20: using packed expert format.
Layer 21: Pre-warming 24 experts.
Layer 21: using packed expert format.
Layer 22: Pre-warming 24 experts.
Layer 22: using packed expert format.
Layer 23: Pre-warming 24 experts.
Layer 23: using packed expert format.
Prewarmed experts for layer 24/48
Layer 24: Pre-warming 24 experts.
Layer 24: using packed expert format.
Layer 25: Pre-warming 24 experts.
Layer 25: using packed expert format.
Layer 26: Pre-warming 24 experts.
Layer 26: using packed expert format.
Layer 27: Pre-warming 24 experts.
Layer 27: using packed expert format.
Prewarmed experts for layer 28/48
Layer 28: Pre-warming 24 experts.
Layer 28: using packed expert format.
Layer 29: Pre-warming 24 experts.
Layer 29: using packed expert format.
Layer 30: Pre-warming 24 experts.
Layer 30: using packed expert format.
Layer 31: Pre-warming 24 experts.
Layer 31: using packed expert format.
Prewarmed experts for layer 32/48
Layer 32: Pre-warming 24 experts.
Layer 32: using packed expert format.
Layer 33: Pre-warming 24 experts.
Layer 33: using packed expert format.
Layer 34: Pre-warming 24 experts.
Layer 34: using packed expert format.
Layer 35: Pre-warming 24 experts.
Layer 35: using packed expert format.
Prewarmed experts for layer 36/48
Layer 36: Pre-warming 24 experts.
Layer 36: using packed expert format.
Layer 37: Pre-warming 24 experts.
Layer 37: using packed expert format.
Layer 38: Pre-warming 24 experts.
Layer 38: using packed expert format.
Layer 39: Pre-warming 24 experts.
Layer 39: using packed expert format.
Prewarmed experts for layer 40/48
Layer 40: Pre-warming 24 experts.
Layer 40: using packed expert format.
Layer 41: Pre-warming 24 experts.
Layer 41: using packed expert format.
Layer 42: Pre-warming 24 experts.
Layer 42: using packed expert format.
Layer 43: Pre-warming 24 experts.
Layer 43: using packed expert format.
Prewarmed experts for layer 44/48
Layer 44: Pre-warming 24 experts.
Layer 44: using packed expert format.
Layer 45: Pre-warming 24 experts.
Layer 45: using packed expert format.
Layer 46: Pre-warming 24 experts.
Layer 46: using packed expert format.
Layer 47: Pre-warming 24 experts.
Layer 47: using packed expert format.
Prewarmed experts for layer 48/48
Libtorch input_ids shape: [1, 505]
Skipping warmup.
Prefill time: 18.9006 seconds
Generation phase
[MoE] Layer 0: loading 7 expert(s)
[MoE] Layer 1: loading 8 expert(s)
[MoE] Layer 2: loading 5 expert(s)
[MoE] Layer 3: loading 3 expert(s)
[MoE] Layer 4: loading 6 expert(s)
[MoE] Layer 5: loading 5 expert(s)
[MoE] Layer 6: loading 6 expert(s)
[MoE] Layer 7: loading 6 expert(s)
[MoE] Layer 8: loading 8 expert(s)
[MoE] Layer 9: loading 5 expert(s)
[MoE] Layer 10: loading 6 expert(s)
[MoE] Layer 11: loading 6 expert(s)
[MoE] Layer 12: loading 7 expert(s)
[MoE] Layer 13: loading 7 expert(s)
[MoE] Layer 14: loading 7 expert(s)
[MoE] Layer 15: loading 5 expert(s)
[MoE] Layer 16: loading 6 expert(s)
[MoE] Layer 17: loading 5 expert(s)
[MoE] Layer 18: loading 7 expert(s)
[MoE] Layer 19: loading 4 expert(s)
[MoE] Layer 20: loading 6 expert(s)
[MoE] Layer 21: loading 6 expert(s)
[MoE] Layer 22: loading 7 expert(s)
[MoE] Layer 23: loading 7 expert(s)
[MoE] Layer 24: loading 7 expert(s)
[MoE] Layer 25: loading 7 expert(s)
[MoE] Layer 26: loading 6 expert(s)
[MoE] Layer 27: loading 4 expert(s)
[MoE] Layer 28: loading 6 expert(s)
[MoE] Layer 29: loading 6 expert(s)
[MoE] Layer 30: loading 6 expert(s)
[MoE] Layer 31: loading 6 expert(s)
[MoE] Layer 32: loading 7 expert(s)
[MoE] Layer 33: loading 4 expert(s)
[MoE] Layer 34: loading 7 expert(s)
[MoE] Layer 35: loading 6 expert(s)
[MoE] Layer 36: loading 6 expert(s)
[MoE] Layer 37: loading 6 expert(s)
[MoE] Layer 38: loading 5 expert(s)
[MoE] Layer 39: loading 6 expert(s)
[MoE] Layer 40: loading 6 expert(s)
[MoE] Layer 41: loading 6 expert(s)
[MoE] Layer 42: loading 6 expert(s)
[MoE] Layer 43: loading 7 expert(s)
[MoE] Layer 44: loading 5 expert(s)
[MoE] Layer 45: loading 6 expert(s)
[MoE] Layer 46: loading 7 expert(s)
[MoE] Layer 47: loading 5 expert(s)
[MoE] Layer 0: loading 6 expert(s)
[MoE] Layer 1: loading 4 expert(s)
[MoE] Layer 2: loading 6 expert(s)
[MoE] Layer 3: loading 5 expert(s)
[MoE] Layer 4: loading 3 expert(s)
[MoE] Layer 5: loading 4 expert(s)
[MoE] Layer 6: loading 5 expert(s)
[MoE] Layer 7: loading 5 expert(s)
[MoE] Layer 8: loading 4 expert(s)
[MoE] Layer 9: loading 4 expert(s)
[MoE] Layer 10: loading 5 expert(s)
[MoE] Layer 11: loading 7 expert(s)
[MoE] Layer 12: loading 4 expert(s)
[MoE] Layer 13: loading 6 expert(s)
[MoE] Layer 14: loading 7 expert(s)
[MoE] Layer 15: loading 5 expert(s)
[MoE] Layer 16: loading 4 expert(s)
[MoE] Layer 17: loading 2 expert(s)
[MoE] Layer 18: loading 3 expert(s)
[MoE] Layer 19: loading 2 expert(s)
[MoE] Layer 20: loading 4 expert(s)
[MoE] Layer 21: loading 3 expert(s)
[MoE] Layer 22: loading 6 expert(s)
[MoE] Layer 23: loading 7 expert(s)
[MoE] Layer 24: loading 4 expert(s)
[MoE] Layer 25: loading 5 expert(s)
[MoE] Layer 26: loading 5 expert(s)
[MoE] Layer 27: loading 5 expert(s)
[MoE] Layer 28: loading 7 expert(s)
[MoE] Layer 29: loading 4 expert(s)
[MoE] Layer 30: loading 7 expert(s)
[MoE] Layer 31: loading 3 expert(s)
[MoE] Layer 32: loading 3 expert(s)
[MoE] Layer 33: loading 5 expert(s)
[MoE] Layer 34: loading 5 expert(s)
[MoE] Layer 35: loading 7 expert(s)
[MoE] Layer 36: loading 4 expert(s)
[MoE] Layer 37: loading 5 expert(s)
[MoE] Layer 38: loading 4 expert(s)
[MoE] Layer 39: loading 4 expert(s)
[MoE] Layer 40: loading 5 expert(s)
[MoE] Layer 41: loading 4 expert(s)
[MoE] Layer 42: loading 7 expert(s)
[MoE] Layer 43: loading 7 expert(s)
[MoE] Layer 44: loading 3 expert(s)
[MoE] Layer 45: loading 3 expert(s)
[MoE] Layer 46: loading 4 expert(s)
[MoE] Layer 47: loading 7 expert(s)
[MoE] Layer 0: loading 6 expert(s)
[MoE] Layer 1: loading 6 expert(s)
[MoE] Layer 2: loading 4 expert(s)
[MoE] Layer 3: loading 5 expert(s)
[MoE] Layer 4: loading 4 expert(s)
[MoE] Layer 5: loading 2 expert(s)
[MoE] Layer 7: loading 2 expert(s)
[MoE] Layer 8: loading 1 expert(s)
[MoE] Layer 9: loading 3 expert(s)
[MoE] Layer 10: loading 4 expert(s)
[MoE] Layer 11: loading 2 expert(s)
[MoE] Layer 12: loading 2 expert(s)
[MoE] Layer 13: loading 3 expert(s)
[MoE] Layer 14: loading 3 expert(s)
[MoE] Layer 15: loading 4 expert(s)
[MoE] Layer 16: loading 4 expert(s)
[MoE] Layer 17: loading 3 expert(s)
[MoE] Layer 18: loading 2 expert(s)
[MoE] Layer 19: loading 2 expert(s)
[MoE] Layer 20: loading 6 expert(s)
[MoE] Layer 21: loading 3 expert(s)
[MoE] Layer 22: loading 4 expert(s)
[MoE] Layer 23: loading 2 expert(s)
[MoE] Layer 24: loading 3 expert(s)
[MoE] Layer 25: loading 4 expert(s)
[MoE] Layer 26: loading 3 expert(s)
[MoE] Layer 27: loading 4 expert(s)
[MoE] Layer 28: loading 5 expert(s)
[MoE] Layer 29: loading 4 expert(s)
[MoE] Layer 30: loading 4 expert(s)
[MoE] Layer 31: loading 4 expert(s)
[MoE] Layer 32: loading 4 expert(s)
[MoE] Layer 33: loading 2 expert(s)
[MoE] Layer 34: loading 3 expert(s)
[MoE] Layer 35: loading 5 expert(s)
[MoE] Layer 36: loading 2 expert(s)
[MoE] Layer 37: loading 3 expert(s)
[MoE] Layer 38: loading 3 expert(s)
[MoE] Layer 39: loading 4 expert(s)
[MoE] Layer 40: loading 2 expert(s)
[MoE] Layer 41: loading 2 expert(s)
[MoE] Layer 42: loading 4 expert(s)
[MoE] Layer 43: loading 3 expert(s)
[MoE] Layer 44: loading 2 expert(s)
[MoE] Layer 45: loading 3 expert(s)
[MoE] Layer 46: loading 4 expert(s)
[MoE] Layer 47: loading 1 expert(s)
[MoE] Layer 0: loading 6 expert(s)
[MoE] Layer 1: loading 3 expert(s)
[MoE] Layer 2: loading 4 expert(s)
[MoE] Layer 3: loading 4 expert(s)
[MoE] Layer 4: loading 5 expert(s)
[MoE] Layer 5: loading 5 expert(s)
[MoE] Layer 6: loading 2 expert(s)
[MoE] Layer 7: loading 2 expert(s)
[MoE] Layer 8: loading 4 expert(s)
[MoE] Layer 9: loading 1 expert(s)
[MoE] Layer 10: loading 3 expert(s)
[MoE] Layer 11: loading 5 expert(s)
[MoE] Layer 13: loading 1 expert(s)
[MoE] Layer 14: loading 3 expert(s)
[MoE] Layer 15: loading 2 expert(s)
[MoE] Layer 16: loading 4 expert(s)
[MoE] Layer 17: loading 3 expert(s)
[MoE] Layer 18: loading 5 expert(s)
[MoE] Layer 19: loading 3 expert(s)
[MoE] Layer 20: loading 2 expert(s)
[MoE] Layer 21: loading 3 expert(s)
[MoE] Layer 22: loading 4 expert(s)
[MoE] Layer 23: loading 7 expert(s)
[MoE] Layer 24: loading 4 expert(s)
[MoE] Layer 25: loading 4 expert(s)
[MoE] Layer 26: loading 3 expert(s)
[MoE] Layer 27: loading 4 expert(s)
[MoE] Layer 28: loading 2 expert(s)
[MoE] Layer 29: loading 3 expert(s)
[MoE] Layer 30: loading 1 expert(s)
[MoE] Layer 31: loading 5 expert(s)
[MoE] Layer 32: loading 2 expert(s)
[MoE] Layer 33: loading 2 expert(s)
[MoE] Layer 34: loading 4 expert(s)
[MoE] Layer 35: loading 4 expert(s)
[MoE] Layer 36: loading 3 expert(s)
[MoE] Layer 37: loading 3 expert(s)
[MoE] Layer 38: loading 3 expert(s)
[MoE] Layer 39: loading 3 expert(s)
[MoE] Layer 40: loading 4 expert(s)
[MoE] Layer 41: loading 4 expert(s)
[MoE] Layer 42: loading 5 expert(s)
[MoE] Layer 43: loading 2 expert(s)
[MoE] Layer 44: loading 4 expert(s)
[MoE] Layer 45: loading 2 expert(s)
[MoE] Layer 46: loading 2 expert(s)
[MoE] Layer 47: loading 1 expert(s)
[MoE] Layer 0: loading 6 expert(s)
[MoE] Layer 1: loading 4 expert(s)
[MoE] Layer 2: loading 5 expert(s)
[MoE] Layer 3: loading 6 expert(s)
[MoE] Layer 4: loading 3 expert(s)
[MoE] Layer 5: loading 5 expert(s)
[MoE] Layer 6: loading 4 expert(s)
[MoE] Layer 7: loading 2 expert(s)
[MoE] Layer 8: loading 2 expert(s)
[MoE] Layer 9: loading 2 expert(s)
[MoE] Layer 10: loading 2 expert(s)
[MoE] Layer 11: loading 5 expert(s)
[MoE] Layer 12: loading 3 expert(s)
[MoE] Layer 13: loading 4 expert(s)
[MoE] Layer 14: loading 2 expert(s)
[MoE] Layer 15: loading 1 expert(s)
[MoE] Layer 16: loading 3 expert(s)
[MoE] Layer 17: loading 3 expert(s)
[MoE] Layer 18: loading 1 expert(s)
[MoE] Layer 19: loading 2 expert(s)
[MoE] Layer 20: loading 3 expert(s)
[MoE] Layer 21: loading 1 expert(s)
[MoE] Layer 22: loading 2 expert(s)
[MoE] Layer 23: loading 2 expert(s)
[MoE] Layer 24: loading 2 expert(s)
[MoE] Layer 25: loading 4 expert(s)
[MoE] Layer 26: loading 2 expert(s)
[MoE] Layer 27: loading 2 expert(s)
[MoE] Layer 28: loading 2 expert(s)
[MoE] Layer 30: loading 1 expert(s)
[MoE] Layer 31: loading 3 expert(s)
[MoE] Layer 32: loading 2 expert(s)
[MoE] Layer 33: loading 4 expert(s)
[MoE] Layer 34: loading 4 expert(s)
[MoE] Layer 35: loading 3 expert(s)
[MoE] Layer 36: loading 4 expert(s)
[MoE] Layer 37: loading 4 expert(s)
[MoE] Layer 38: loading 2 expert(s)
[MoE] Layer 39: loading 1 expert(s)
[MoE] Layer 40: loading 3 expert(s)
[MoE] Layer 41: loading 3 expert(s)
[MoE] Layer 42: loading 3 expert(s)
[MoE] Layer 43: loading 3 expert(s)
[MoE] Layer 44: loading 4 expert(s)
[MoE] Layer 45: loading 3 expert(s)
[MoE] Layer 46: loading 2 expert(s)
[MoE] Layer 47: loading 4 expert(s)
[gen 5/99] elapsed=2.3s  TPS=2.217
[MoE] Layer 0: loading 5 expert(s)
[MoE] Layer 1: loading 2 expert(s)
[MoE] Layer 2: loading 3 expert(s)
[MoE] Layer 3: loading 6 expert(s)
[MoE] Layer 4: loading 5 expert(s)
[MoE] Layer 5: loading 2 expert(s)
[MoE] Layer 7: loading 2 expert(s)
[MoE] Layer 8: loading 2 expert(s)
[MoE] Layer 9: loading 3 expert(s)
[MoE] Layer 10: loading 2 expert(s)
[MoE] Layer 11: loading 2 expert(s)
[MoE] Layer 12: loading 2 expert(s)
[MoE] Layer 13: loading 2 expert(s)
[MoE] Layer 14: loading 3 expert(s)
[MoE] Layer 15: loading 1 expert(s)
[MoE] Layer 16: loading 2 expert(s)
[MoE] Layer 17: loading 1 expert(s)
[MoE] Layer 18: loading 2 expert(s)
[MoE] Layer 19: loading 2 expert(s)
[MoE] Layer 20: loading 2 expert(s)
[MoE] Layer 21: loading 2 expert(s)
[MoE] Layer 22: loading 3 expert(s)
[MoE] Layer 23: loading 3 expert(s)
[MoE] Layer 24: loading 3 expert(s)
[MoE] Layer 25: loading 3 expert(s)
[MoE] Layer 26: loading 2 expert(s)
[MoE] Layer 27: loading 2 expert(s)
[MoE] Layer 28: loading 5 expert(s)
[MoE] Layer 29: loading 2 expert(s)
[MoE] Layer 30: loading 4 expert(s)
[MoE] Layer 32: loading 1 expert(s)
[MoE] Layer 33: loading 1 expert(s)
[MoE] Layer 35: loading 5 expert(s)
[MoE] Layer 36: loading 2 expert(s)
[MoE] Layer 37: loading 3 expert(s)
[MoE] Layer 38: loading 5 expert(s)
[MoE] Layer 39: loading 2 expert(s)
[MoE] Layer 40: loading 3 expert(s)
[MoE] Layer 41: loading 4 expert(s)
[MoE] Layer 42: loading 3 expert(s)
[MoE] Layer 43: loading 3 expert(s)
[MoE] Layer 44: loading 1 expert(s)
[MoE] Layer 45: loading 4 expert(s)
[MoE] Layer 46: loading 1 expert(s)
[MoE] Layer 47: loading 1 expert(s)
[MoE] Layer 0: loading 8 expert(s)
[MoE] Layer 1: loading 7 expert(s)
[MoE] Layer 2: loading 5 expert(s)
[MoE] Layer 3: loading 3 expert(s)
[MoE] Layer 4: loading 1 expert(s)
[MoE] Layer 5: loading 2 expert(s)
[MoE] Layer 6: loading 3 expert(s)
[MoE] Layer 7: loading 1 expert(s)
[MoE] Layer 8: loading 1 expert(s)
[MoE] Layer 10: loading 2 expert(s)
[MoE] Layer 11: loading 3 expert(s)
[MoE] Layer 12: loading 4 expert(s)
[MoE] Layer 13: loading 6 expert(s)
[MoE] Layer 14: loading 4 expert(s)
[MoE] Layer 15: loading 3 expert(s)
[MoE] Layer 16: loading 4 expert(s)
[MoE] Layer 17: loading 4 expert(s)
[MoE] Layer 18: loading 4 expert(s)
[MoE] Layer 19: loading 4 expert(s)
[MoE] Layer 20: loading 4 expert(s)
[MoE] Layer 21: loading 4 expert(s)
[MoE] Layer 22: loading 3 expert(s)
[MoE] Layer 23: loading 6 expert(s)
[MoE] Layer 24: loading 5 expert(s)
[MoE] Layer 25: loading 4 expert(s)
[MoE] Layer 26: loading 2 expert(s)
[MoE] Layer 27: loading 5 expert(s)
[MoE] Layer 28: loading 2 expert(s)
[MoE] Layer 29: loading 4 expert(s)
[MoE] Layer 30: loading 5 expert(s)
[MoE] Layer 31: loading 3 expert(s)
[MoE] Layer 32: loading 5 expert(s)
[MoE] Layer 33: loading 5 expert(s)
[MoE] Layer 34: loading 4 expert(s)
[MoE] Layer 35: loading 6 expert(s)
[MoE] Layer 36: loading 3 expert(s)
[MoE] Layer 37: loading 2 expert(s)
[MoE] Layer 38: loading 3 expert(s)
[MoE] Layer 39: loading 3 expert(s)
[MoE] Layer 41: loading 1 expert(s)
[MoE] Layer 42: loading 2 expert(s)
[MoE] Layer 44: loading 2 expert(s)
[MoE] Layer 45: loading 1 expert(s)
[MoE] Layer 47: loading 1 expert(s)
[MoE] Layer 0: loading 6 expert(s)
[MoE] Layer 1: loading 2 expert(s)
[MoE] Layer 2: loading 2 expert(s)
[MoE] Layer 3: loading 6 expert(s)
[MoE] Layer 4: loading 1 expert(s)
[MoE] Layer 5: loading 1 expert(s)
[MoE] Layer 6: loading 2 expert(s)
[MoE] Layer 8: loading 1 expert(s)
[MoE] Layer 9: loading 1 expert(s)
[MoE] Layer 10: loading 2 expert(s)
[MoE] Layer 11: loading 2 expert(s)
[MoE] Layer 12: loading 3 expert(s)
[MoE] Layer 13: loading 3 expert(s)
[MoE] Layer 14: loading 3 expert(s)
[MoE] Layer 15: loading 4 expert(s)
[MoE] Layer 16: loading 6 expert(s)
[MoE] Layer 17: loading 2 expert(s)
[MoE] Layer 18: loading 1 expert(s)
[MoE] Layer 19: loading 2 expert(s)
[MoE] Layer 20: loading 3 expert(s)
[MoE] Layer 21: loading 2 expert(s)
[MoE] Layer 22: loading 1 expert(s)
[MoE] Layer 23: loading 4 expert(s)
[MoE] Layer 24: loading 2 expert(s)
[MoE] Layer 25: loading 5 expert(s)
[MoE] Layer 26: loading 3 expert(s)
[MoE] Layer 27: loading 3 expert(s)
[MoE] Layer 28: loading 2 expert(s)
[MoE] Layer 29: loading 3 expert(s)
[MoE] Layer 30: loading 4 expert(s)
[MoE] Layer 32: loading 3 expert(s)
[MoE] Layer 33: loading 1 expert(s)
[MoE] Layer 34: loading 3 expert(s)
[MoE] Layer 35: loading 4 expert(s)
[MoE] Layer 36: loading 4 expert(s)
[MoE] Layer 37: loading 3 expert(s)
[MoE] Layer 38: loading 3 expert(s)
[MoE] Layer 39: loading 1 expert(s)
[MoE] Layer 40: loading 3 expert(s)
[MoE] Layer 41: loading 3 expert(s)
[MoE] Layer 42: loading 4 expert(s)
[MoE] Layer 43: loading 1 expert(s)
[MoE] Layer 44: loading 2 expert(s)
[MoE] Layer 45: loading 4 expert(s)
[MoE] Layer 46: loading 5 expert(s)
[MoE] Layer 47: loading 5 expert(s)
[MoE] Layer 0: loading 5 expert(s)
[MoE] Layer 1: loading 3 expert(s)
[MoE] Layer 2: loading 3 expert(s)
[MoE] Layer 3: loading 2 expert(s)
[MoE] Layer 4: loading 2 expert(s)
[MoE] Layer 5: loading 1 expert(s)
[MoE] Layer 6: loading 2 expert(s)
[MoE] Layer 7: loading 2 expert(s)
[MoE] Layer 9: loading 1 expert(s)
[MoE] Layer 10: loading 2 expert(s)
[MoE] Layer 11: loading 2 expert(s)
[MoE] Layer 12: loading 1 expert(s)
[MoE] Layer 13: loading 3 expert(s)
[MoE] Layer 14: loading 2 expert(s)
[MoE] Layer 15: loading 1 expert(s)
[MoE] Layer 16: loading 4 expert(s)
[MoE] Layer 17: loading 2 expert(s)
[MoE] Layer 18: loading 1 expert(s)
[MoE] Layer 20: loading 2 expert(s)
[MoE] Layer 21: loading 2 expert(s)
[MoE] Layer 22: loading 2 expert(s)
[MoE] Layer 23: loading 3 expert(s)
[MoE] Layer 24: loading 4 expert(s)
[MoE] Layer 25: loading 3 expert(s)
[MoE] Layer 26: loading 4 expert(s)
[MoE] Layer 27: loading 1 expert(s)
[MoE] Layer 29: loading 2 expert(s)
[MoE] Layer 30: loading 1 expert(s)
[MoE] Layer 31: loading 2 expert(s)
[MoE] Layer 32: loading 2 expert(s)
[MoE] Layer 33: loading 1 expert(s)
[MoE] Layer 34: loading 2 expert(s)
[MoE] Layer 35: loading 4 expert(s)
[MoE] Layer 36: loading 5 expert(s)
[MoE] Layer 37: loading 3 expert(s)
[MoE] Layer 38: loading 3 expert(s)
[MoE] Layer 40: loading 2 expert(s)
[MoE] Layer 41: loading 3 expert(s)
[MoE] Layer 42: loading 2 expert(s)
[MoE] Layer 43: loading 1 expert(s)
[MoE] Layer 44: loading 1 expert(s)
[MoE] Layer 45: loading 1 expert(s)
[MoE] Layer 46: loading 2 expert(s)
[MoE] Layer 47: loading 4 expert(s)
[MoE] Layer 0: loading 5 expert(s)
[MoE] Layer 1: loading 4 expert(s)
[MoE] Layer 2: loading 3 expert(s)
[MoE] Layer 3: loading 7 expert(s)
[MoE] Layer 4: loading 5 expert(s)
[MoE] Layer 5: loading 4 expert(s)
[MoE] Layer 6: loading 2 expert(s)
[MoE] Layer 7: loading 3 expert(s)
[MoE] Layer 8: loading 2 expert(s)
[MoE] Layer 9: loading 2 expert(s)
[MoE] Layer 10: loading 4 expert(s)
[MoE] Layer 11: loading 5 expert(s)
[MoE] Layer 12: loading 3 expert(s)
[MoE] Layer 13: loading 2 expert(s)
[MoE] Layer 14: loading 4 expert(s)
[MoE] Layer 15: loading 2 expert(s)
[MoE] Layer 16: loading 3 expert(s)
[MoE] Layer 17: loading 3 expert(s)
[MoE] Layer 18: loading 2 expert(s)
[MoE] Layer 20: loading 2 expert(s)
[MoE] Layer 21: loading 1 expert(s)
[MoE] Layer 22: loading 1 expert(s)
[MoE] Layer 23: loading 3 expert(s)
[MoE] Layer 24: loading 3 expert(s)
[MoE] Layer 25: loading 2 expert(s)
[MoE] Layer 26: loading 2 expert(s)
[MoE] Layer 27: loading 2 expert(s)
[MoE] Layer 28: loading 2 expert(s)
[MoE] Layer 29: loading 2 expert(s)
[MoE] Layer 30: loading 1 expert(s)
[MoE] Layer 31: loading 1 expert(s)
[MoE] Layer 32: loading 1 expert(s)
[MoE] Layer 33: loading 1 expert(s)
[MoE] Layer 34: loading 1 expert(s)
[MoE] Layer 35: loading 4 expert(s)
[MoE] Layer 36: loading 2 expert(s)
[MoE] Layer 37: loading 4 expert(s)
[MoE] Layer 38: loading 2 expert(s)
[MoE] Layer 39: loading 1 expert(s)
[MoE] Layer 40: loading 1 expert(s)
[MoE] Layer 41: loading 2 expert(s)
[MoE] Layer 42: loading 2 expert(s)
[MoE] Layer 43: loading 3 expert(s)
[MoE] Layer 46: loading 3 expert(s)
[MoE] Layer 47: loading 2 expert(s)
[gen 10/99] elapsed=4.0s  TPS=2.527
[MoE] Layer 0: loading 5 expert(s)
[MoE] Layer 1: loading 5 expert(s)
[MoE] Layer 2: loading 3 expert(s)
[MoE] Layer 3: loading 3 expert(s)
[MoE] Layer 4: loading 3 expert(s)
[MoE] Layer 5: loading 3 expert(s)
[MoE] Layer 6: loading 1 expert(s)
[MoE] Layer 7: loading 2 expert(s)
[MoE] Layer 9: loading 3 expert(s)
[MoE] Layer 10: loading 3 expert(s)
[MoE] Layer 11: loading 3 expert(s)
[MoE] Layer 12: loading 5 expert(s)
[MoE] Layer 13: loading 1 expert(s)
[MoE] Layer 14: loading 3 expert(s)
[MoE] Layer 15: loading 2 expert(s)
[MoE] Layer 16: loading 1 expert(s)
[MoE] Layer 17: loading 3 expert(s)
[MoE] Layer 18: loading 2 expert(s)
[MoE] Layer 19: loading 2 expert(s)
[MoE] Layer 20: loading 2 expert(s)
[MoE] Layer 21: loading 4 expert(s)
[MoE] Layer 22: loading 5 expert(s)
[MoE] Layer 23: loading 3 expert(s)
[MoE] Layer 24: loading 5 expert(s)
[MoE] Layer 25: loading 3 expert(s)
[MoE] Layer 26: loading 2 expert(s)
[MoE] Layer 27: loading 2 expert(s)
[MoE] Layer 29: loading 2 expert(s)
[MoE] Layer 30: loading 3 expert(s)
[MoE] Layer 31: loading 1 expert(s)
[MoE] Layer 32: loading 2 expert(s)
[MoE] Layer 33: loading 4 expert(s)
[MoE] Layer 34: loading 4 expert(s)
[MoE] Layer 35: loading 1 expert(s)
[MoE] Layer 36: loading 2 expert(s)
[MoE] Layer 37: loading 1 expert(s)
[MoE] Layer 38: loading 2 expert(s)
[MoE] Layer 40: loading 1 expert(s)
[MoE] Layer 41: loading 2 expert(s)
[MoE] Layer 42: loading 1 expert(s)
[MoE] Layer 43: loading 3 expert(s)
[MoE] Layer 44: loading 2 expert(s)
[MoE] Layer 45: loading 3 expert(s)
[MoE] Layer 46: loading 4 expert(s)
[MoE] Layer 47: loading 3 expert(s)
[MoE] Layer 0: loading 6 expert(s)
[MoE] Layer 1: loading 6 expert(s)
[MoE] Layer 2: loading 2 expert(s)
[MoE] Layer 3: loading 1 expert(s)
[MoE] Layer 4: loading 2 expert(s)
[MoE] Layer 5: loading 2 expert(s)
[MoE] Layer 6: loading 2 expert(s)
[MoE] Layer 7: loading 1 expert(s)
[MoE] Layer 8: loading 2 expert(s)
[MoE] Layer 9: loading 3 expert(s)
[MoE] Layer 10: loading 3 expert(s)
[MoE] Layer 11: loading 4 expert(s)
[MoE] Layer 12: loading 4 expert(s)
[MoE] Layer 13: loading 3 expert(s)
[MoE] Layer 14: loading 4 expert(s)
[MoE] Layer 15: loading 3 expert(s)
[MoE] Layer 16: loading 4 expert(s)
[MoE] Layer 17: loading 4 expert(s)
[MoE] Layer 18: loading 3 expert(s)
[MoE] Layer 19: loading 2 expert(s)
[MoE] Layer 20: loading 4 expert(s)
[MoE] Layer 21: loading 2 expert(s)
[MoE] Layer 22: loading 4 expert(s)
[MoE] Layer 23: loading 6 expert(s)
[MoE] Layer 24: loading 7 expert(s)
[MoE] Layer 25: loading 6 expert(s)
[MoE] Layer 26: loading 7 expert(s)
[MoE] Layer 27: loading 6 expert(s)
[MoE] Layer 28: loading 7 expert(s)
[MoE] Layer 29: loading 6 expert(s)
[MoE] Layer 30: loading 4 expert(s)
[MoE] Layer 31: loading 2 expert(s)
[MoE] Layer 32: loading 6 expert(s)
[MoE] Layer 33: loading 5 expert(s)
[MoE] Layer 34: loading 6 expert(s)
[MoE] Layer 35: loading 7 expert(s)
[MoE] Layer 36: loading 2 expert(s)
[MoE] Layer 37: loading 6 expert(s)
[MoE] Layer 38: loading 5 expert(s)
[MoE] Layer 39: loading 4 expert(s)
[MoE] Layer 40: loading 5 expert(s)
[MoE] Layer 41: loading 6 expert(s)
[MoE] Layer 42: loading 4 expert(s)
[MoE] Layer 43: loading 3 expert(s)
[MoE] Layer 44: loading 3 expert(s)
[MoE] Layer 45: loading 3 expert(s)
[MoE] Layer 46: loading 3 expert(s)
[MoE] Layer 47: loading 5 expert(s)
[MoE] Layer 0: loading 5 expert(s)
[MoE] Layer 1: loading 3 expert(s)
[MoE] Layer 2: loading 6 expert(s)
[MoE] Layer 3: loading 2 expert(s)
[MoE] Layer 4: loading 2 expert(s)
[MoE] Layer 6: loading 3 expert(s)
[MoE] Layer 8: loading 1 expert(s)
[MoE] Layer 9: loading 2 expert(s)
[MoE] Layer 10: loading 4 expert(s)
[MoE] Layer 11: loading 4 expert(s)
[MoE] Layer 12: loading 3 expert(s)
[MoE] Layer 13: loading 3 expert(s)
[MoE] Layer 14: loading 3 expert(s)
[MoE] Layer 15: loading 2 expert(s)
[MoE] Layer 16: loading 3 expert(s)
[MoE] Layer 17: loading 3 expert(s)
[MoE] Layer 18: loading 1 expert(s)
[MoE] Layer 19: loading 2 expert(s)
[MoE] Layer 21: loading 2 expert(s)
[MoE] Layer 22: loading 3 expert(s)
[MoE] Layer 23: loading 3 expert(s)
[MoE] Layer 24: loading 2 expert(s)
[MoE] Layer 25: loading 5 expert(s)
[MoE] Layer 26: loading 5 expert(s)
[MoE] Layer 27: loading 4 expert(s)
[MoE] Layer 28: loading 3 expert(s)
[MoE] Layer 29: loading 2 expert(s)
[MoE] Layer 30: loading 4 expert(s)
[MoE] Layer 31: loading 2 expert(s)
[MoE] Layer 32: loading 2 expert(s)
[MoE] Layer 33: loading 1 expert(s)
[MoE] Layer 34: loading 3 expert(s)
[MoE] Layer 35: loading 3 expert(s)
[MoE] Layer 36: loading 3 expert(s)
[MoE] Layer 37: loading 4 expert(s)
[MoE] Layer 38: loading 4 expert(s)
[MoE] Layer 39: loading 3 expert(s)
[MoE] Layer 40: loading 1 expert(s)
[MoE] Layer 41: loading 3 expert(s)
[MoE] Layer 42: loading 2 expert(s)
[MoE] Layer 43: loading 2 expert(s)
[MoE] Layer 44: loading 3 expert(s)
[MoE] Layer 45: loading 4 expert(s)
[MoE] Layer 46: loading 3 expert(s)
[MoE] Layer 47: loading 3 expert(s)
[MoE] Layer 0: loading 7 expert(s)
[MoE] Layer 1: loading 6 expert(s)
[MoE] Layer 2: loading 5 expert(s)
[MoE] Layer 3: loading 4 expert(s)
[MoE] Layer 4: loading 5 expert(s)
[MoE] Layer 5: loading 4 expert(s)
[MoE] Layer 6: loading 4 expert(s)
[MoE] Layer 7: loading 4 expert(s)
[MoE] Layer 8: loading 2 expert(s)
[MoE] Layer 9: loading 1 expert(s)
[MoE] Layer 10: loading 2 expert(s)
[MoE] Layer 11: loading 3 expert(s)
[MoE] Layer 12: loading 1 expert(s)
[MoE] Layer 13: loading 3 expert(s)
[MoE] Layer 14: loading 4 expert(s)
[MoE] Layer 15: loading 2 expert(s)
[MoE] Layer 16: loading 2 expert(s)
[MoE] Layer 17: loading 3 expert(s)
[MoE] Layer 18: loading 4 expert(s)
[MoE] Layer 19: loading 2 expert(s)
[MoE] Layer 20: loading 1 expert(s)
[MoE] Layer 21: loading 1 expert(s)
[MoE] Layer 22: loading 3 expert(s)
[MoE] Layer 23: loading 3 expert(s)
[MoE] Layer 24: loading 3 expert(s)
[MoE] Layer 25: loading 4 expert(s)
[MoE] Layer 26: loading 4 expert(s)
[MoE] Layer 27: loading 2 expert(s)
[MoE] Layer 28: loading 3 expert(s)
[MoE] Layer 29: loading 3 expert(s)
[MoE] Layer 30: loading 1 expert(s)
[MoE] Layer 32: loading 1 expert(s)
[MoE] Layer 33: loading 1 expert(s)
[MoE] Layer 34: loading 2 expert(s)
[MoE] Layer 35: loading 5 expert(s)
[MoE] Layer 36: loading 5 expert(s)
[MoE] Layer 37: loading 6 expert(s)
[MoE] Layer 38: loading 3 expert(s)
[MoE] Layer 39: loading 4 expert(s)
[MoE] Layer 40: loading 3 expert(s)
[MoE] Layer 41: loading 7 expert(s)
[MoE] Layer 42: loading 4 expert(s)
[MoE] Layer 43: loading 3 expert(s)
[MoE] Layer 44: loading 5 expert(s)
[MoE] Layer 45: loading 3 expert(s)
[MoE] Layer 46: loading 3 expert(s)
[MoE] Layer 47: loading 6 expert(s)
[MoE] Layer 0: loading 7 expert(s)
[MoE] Layer 1: loading 7 expert(s)
[MoE] Layer 2: loading 3 expert(s)
[MoE] Layer 3: loading 5 expert(s)
[MoE] Layer 4: loading 2 expert(s)
[MoE] Layer 5: loading 2 expert(s)
[MoE] Layer 7: loading 1 expert(s)
[MoE] Layer 8: loading 1 expert(s)
[MoE] Layer 9: loading 1 expert(s)
[MoE] Layer 10: loading 2 expert(s)
[MoE] Layer 11: loading 3 expert(s)
[MoE] Layer 12: loading 4 expert(s)
[MoE] Layer 13: loading 2 expert(s)
[MoE] Layer 14: loading 3 expert(s)
[MoE] Layer 15: loading 3 expert(s)
[MoE] Layer 16: loading 2 expert(s)
[MoE] Layer 17: loading 2 expert(s)
[MoE] Layer 22: loading 1 expert(s)
[MoE] Layer 23: loading 2 expert(s)
[MoE] Layer 25: loading 1 expert(s)
[MoE] Layer 26: loading 3 expert(s)
[MoE] Layer 27: loading 2 expert(s)
[MoE] Layer 28: loading 1 expert(s)
[MoE] Layer 29: loading 1 expert(s)
[MoE] Layer 30: loading 1 expert(s)
[MoE] Layer 31: loading 1 expert(s)
[MoE] Layer 32: loading 2 expert(s)
[MoE] Layer 33: loading 1 expert(s)
[MoE] Layer 35: loading 1 expert(s)
[MoE] Layer 37: loading 2 expert(s)
[MoE] Layer 38: loading 2 expert(s)
[MoE] Layer 39: loading 1 expert(s)
[MoE] Layer 40: loading 2 expert(s)
[MoE] Layer 41: loading 3 expert(s)
[MoE] Layer 42: loading 4 expert(s)
[MoE] Layer 43: loading 1 expert(s)
[MoE] Layer 44: loading 2 expert(s)
[MoE] Layer 45: loading 1 expert(s)
[MoE] Layer 46: loading 3 expert(s)
[MoE] Layer 47: loading 4 expert(s)
[gen 15/99] elapsed=5.8s  TPS=2.594
[MoE] Layer 0: loading 5 expert(s)
[MoE] Layer 1: loading 2 expert(s)
[MoE] Layer 2: loading 2 expert(s)
[MoE] Layer 3: loading 4 expert(s)
[MoE] Layer 4: loading 4 expert(s)
[MoE] Layer 5: loading 3 expert(s)
[MoE] Layer 7: loading 2 expert(s)
[MoE] Layer 8: loading 3 expert(s)
[MoE] Layer 9: loading 4 expert(s)
[MoE] Layer 10: loading 3 expert(s)
[MoE] Layer 11: loading 3 expert(s)
[MoE] Layer 12: loading 2 expert(s)
[MoE] Layer 13: loading 2 expert(s)
[MoE] Layer 14: loading 1 expert(s)
[MoE] Layer 16: loading 5 expert(s)
[MoE] Layer 17: loading 4 expert(s)
[MoE] Layer 18: loading 3 expert(s)
[MoE] Layer 19: loading 2 expert(s)
[MoE] Layer 20: loading 1 expert(s)
[MoE] Layer 21: loading 3 expert(s)
[MoE] Layer 22: loading 4 expert(s)
[MoE] Layer 23: loading 4 expert(s)
[MoE] Layer 24: loading 3 expert(s)
[MoE] Layer 25: loading 4 expert(s)
[MoE] Layer 26: loading 5 expert(s)
[MoE] Layer 27: loading 2 expert(s)
[MoE] Layer 28: loading 3 expert(s)
[MoE] Layer 29: loading 3 expert(s)
[MoE] Layer 30: loading 3 expert(s)
[MoE] Layer 31: loading 1 expert(s)
[MoE] Layer 33: loading 2 expert(s)
[MoE] Layer 34: loading 3 expert(s)
[MoE] Layer 35: loading 2 expert(s)
[MoE] Layer 36: loading 3 expert(s)
[MoE] Layer 37: loading 1 expert(s)
[MoE] Layer 38: loading 2 expert(s)
[MoE] Layer 39: loading 2 expert(s)
[MoE] Layer 40: loading 3 expert(s)
[MoE] Layer 41: loading 2 expert(s)
[MoE] Layer 42: loading 4 expert(s)
[MoE] Layer 43: loading 4 expert(s)
[MoE] Layer 44: loading 2 expert(s)
[MoE] Layer 45: loading 2 expert(s)
[MoE] Layer 46: loading 2 expert(s)
[MoE] Layer 47: loading 3 expert(s)
[MoE] Layer 0: loading 7 expert(s)
[MoE] Layer 1: loading 4 expert(s)
[MoE] Layer 2: loading 5 expert(s)
[MoE] Layer 3: loading 5 expert(s)
[MoE] Layer 4: loading 5 expert(s)
[MoE] Layer 5: loading 4 expert(s)
[MoE] Layer 6: loading 4 expert(s)
[MoE] Layer 7: loading 4 expert(s)
[MoE] Layer 8: loading 2 expert(s)
[MoE] Layer 9: loading 3 expert(s)
[MoE] Layer 10: loading 4 expert(s)
[MoE] Layer 11: loading 4 expert(s)
[MoE] Layer 12: loading 4 expert(s)
[MoE] Layer 13: loading 4 expert(s)
[MoE] Layer 14: loading 2 expert(s)
[MoE] Layer 15: loading 1 expert(s)
[MoE] Layer 16: loading 6 expert(s)
[MoE] Layer 17: loading 4 expert(s)
[MoE] Layer 18: loading 2 expert(s)
[MoE] Layer 20: loading 1 expert(s)
[MoE] Layer 21: loading 3 expert(s)
[MoE] Layer 22: loading 2 expert(s)
[MoE] Layer 23: loading 2 expert(s)
[MoE] Layer 24: loading 2 expert(s)
[MoE] Layer 25: loading 4 expert(s)
[MoE] Layer 26: loading 3 expert(s)
[MoE] Layer 27: loading 2 expert(s)
[MoE] Layer 28: loading 6 expert(s)
[MoE] Layer 29: loading 4 expert(s)
[MoE] Layer 31: loading 1 expert(s)
[MoE] Layer 32: loading 1 expert(s)
[MoE] Layer 33: loading 2 expert(s)
[MoE] Layer 34: loading 5 expert(s)
[MoE] Layer 35: loading 3 expert(s)
[MoE] Layer 36: loading 3 expert(s)
[MoE] Layer 37: loading 4 expert(s)
[MoE] Layer 38: loading 4 expert(s)
[MoE] Layer 39: loading 2 expert(s)
[MoE] Layer 40: loading 5 expert(s)
[MoE] Layer 41: loading 2 expert(s)
[MoE] Layer 42: loading 3 expert(s)
[MoE] Layer 43: loading 2 expert(s)
[MoE] Layer 45: loading 3 expert(s)
[MoE] Layer 46: loading 2 expert(s)
[MoE] Layer 47: loading 4 expert(s)
[MoE] Layer 0: loading 6 expert(s)
[MoE] Layer 1: loading 5 expert(s)
[MoE] Layer 2: loading 4 expert(s)
[MoE] Layer 3: loading 7 expert(s)
[MoE] Layer 4: loading 4 expert(s)
[MoE] Layer 5: loading 2 expert(s)
[MoE] Layer 6: loading 2 expert(s)
[MoE] Layer 7: loading 2 expert(s)
[MoE] Layer 8: loading 4 expert(s)
[MoE] Layer 9: loading 3 expert(s)
[MoE] Layer 10: loading 2 expert(s)
[MoE] Layer 11: loading 2 expert(s)
[MoE] Layer 12: loading 3 expert(s)
[MoE] Layer 13: loading 2 expert(s)
[MoE] Layer 15: loading 2 expert(s)
[MoE] Layer 16: loading 2 expert(s)
[MoE] Layer 17: loading 2 expert(s)
[MoE] Layer 18: loading 2 expert(s)
[MoE] Layer 19: loading 2 expert(s)
[MoE] Layer 20: loading 2 expert(s)
[MoE] Layer 21: loading 3 expert(s)
[MoE] Layer 22: loading 3 expert(s)
[MoE] Layer 23: loading 3 expert(s)
[MoE] Layer 24: loading 1 expert(s)
[MoE] Layer 25: loading 1 expert(s)
[MoE] Layer 26: loading 2 expert(s)
[MoE] Layer 27: loading 2 expert(s)
[MoE] Layer 28: loading 2 expert(s)
[MoE] Layer 29: loading 3 expert(s)
[MoE] Layer 30: loading 3 expert(s)
[MoE] Layer 31: loading 1 expert(s)
[MoE] Layer 33: loading 3 expert(s)
[MoE] Layer 34: loading 2 expert(s)
[MoE] Layer 35: loading 3 expert(s)
[MoE] Layer 36: loading 1 expert(s)
[MoE] Layer 37: loading 3 expert(s)
[MoE] Layer 38: loading 1 expert(s)
[MoE] Layer 39: loading 1 expert(s)
[MoE] Layer 41: loading 4 expert(s)
[MoE] Layer 42: loading 2 expert(s)
[MoE] Layer 43: loading 1 expert(s)
[MoE] Layer 44: loading 1 expert(s)
[MoE] Layer 45: loading 2 expert(s)
[MoE] Layer 46: loading 3 expert(s)
[MoE] Layer 47: loading 1 expert(s)
[MoE] Layer 0: loading 6 expert(s)
[MoE] Layer 1: loading 7 expert(s)
[MoE] Layer 2: loading 2 expert(s)
[MoE] Layer 3: loading 4 expert(s)
[MoE] Layer 4: loading 6 expert(s)
[MoE] Layer 5: loading 3 expert(s)
[MoE] Layer 6: loading 1 expert(s)
[MoE] Layer 7: loading 2 expert(s)
[MoE] Layer 8: loading 1 expert(s)
[MoE] Layer 9: loading 4 expert(s)
[MoE] Layer 10: loading 2 expert(s)
[MoE] Layer 11: loading 2 expert(s)
[MoE] Layer 12: loading 3 expert(s)
[MoE] Layer 13: loading 3 expert(s)
[MoE] Layer 14: loading 1 expert(s)
[MoE] Layer 15: loading 2 expert(s)
[MoE] Layer 16: loading 5 expert(s)
[MoE] Layer 17: loading 3 expert(s)
[MoE] Layer 18: loading 1 expert(s)
[MoE] Layer 19: loading 1 expert(s)
[MoE] Layer 20: loading 1 expert(s)
[MoE] Layer 21: loading 1 expert(s)
[MoE] Layer 22: loading 2 expert(s)
[MoE] Layer 23: loading 2 expert(s)
[MoE] Layer 24: loading 2 expert(s)
[MoE] Layer 25: loading 4 expert(s)
[MoE] Layer 26: loading 2 expert(s)
[MoE] Layer 27: loading 3 expert(s)
[MoE] Layer 28: loading 3 expert(s)
[MoE] Layer 29: loading 3 expert(s)
[MoE] Layer 31: loading 2 expert(s)
[MoE] Layer 32: loading 2 expert(s)
[MoE] Layer 33: loading 2 expert(s)
[MoE] Layer 34: loading 2 expert(s)
[MoE] Layer 35: loading 2 expert(s)
[MoE] Layer 36: loading 2 expert(s)
[MoE] Layer 37: loading 3 expert(s)
[MoE] Layer 38: loading 4 expert(s)
[MoE] Layer 39: loading 1 expert(s)
[MoE] Layer 40: loading 4 expert(s)
[MoE] Layer 41: loading 4 expert(s)
[MoE] Layer 42: loading 4 expert(s)
[MoE] Layer 43: loading 3 expert(s)
[MoE] Layer 44: loading 1 expert(s)
[MoE] Layer 45: loading 2 expert(s)
[MoE] Layer 46: loading 2 expert(s)
[MoE] Layer 47: loading 4 expert(s)
[MoE] Layer 0: loading 4 expert(s)
[MoE] Layer 1: loading 2 expert(s)
[MoE] Layer 2: loading 6 expert(s)
[MoE] Layer 3: loading 4 expert(s)
[MoE] Layer 4: loading 4 expert(s)
[MoE] Layer 5: loading 4 expert(s)
[MoE] Layer 6: loading 2 expert(s)
[MoE] Layer 7: loading 2 expert(s)
[MoE] Layer 8: loading 1 expert(s)
[MoE] Layer 9: loading 2 expert(s)
[MoE] Layer 10: loading 2 expert(s)
[MoE] Layer 11: loading 3 expert(s)
[MoE] Layer 13: loading 1 expert(s)
[MoE] Layer 14: loading 2 expert(s)
[MoE] Layer 15: loading 2 expert(s)
[MoE] Layer 16: loading 2 expert(s)
[MoE] Layer 17: loading 3 expert(s)
[MoE] Layer 18: loading 1 expert(s)
[MoE] Layer 19: loading 2 expert(s)
[MoE] Layer 20: loading 1 expert(s)
[MoE] Layer 21: loading 3 expert(s)
[MoE] Layer 22: loading 3 expert(s)
[MoE] Layer 23: loading 4 expert(s)
[MoE] Layer 24: loading 3 expert(s)
[MoE] Layer 25: loading 3 expert(s)
[MoE] Layer 26: loading 4 expert(s)
[MoE] Layer 28: loading 3 expert(s)
[MoE] Layer 29: loading 3 expert(s)
[MoE] Layer 30: loading 2 expert(s)
[MoE] Layer 31: loading 1 expert(s)
[MoE] Layer 33: loading 1 expert(s)
[MoE] Layer 34: loading 2 expert(s)
[MoE] Layer 35: loading 1 expert(s)
[MoE] Layer 36: loading 1 expert(s)
[MoE] Layer 37: loading 1 expert(s)
[MoE] Layer 38: loading 2 expert(s)
[MoE] Layer 39: loading 2 expert(s)
[MoE] Layer 40: loading 4 expert(s)
[MoE] Layer 41: loading 2 expert(s)
[MoE] Layer 43: loading 1 expert(s)
[MoE] Layer 44: loading 1 expert(s)
[MoE] Layer 47: loading 1 expert(s)
[gen 20/99] elapsed=7.5s  TPS=2.677
[MoE] Layer 0: loading 4 expert(s)
[MoE] Layer 1: loading 5 expert(s)
[MoE] Layer 2: loading 6 expert(s)
[MoE] Layer 3: loading 4 expert(s)
[MoE] Layer 4: loading 3 expert(s)
[MoE] Layer 5: loading 5 expert(s)
[MoE] Layer 6: loading 2 expert(s)
[MoE] Layer 7: loading 1 expert(s)
[MoE] Layer 8: loading 1 expert(s)
[MoE] Layer 9: loading 3 expert(s)
[MoE] Layer 10: loading 1 expert(s)
[MoE] Layer 11: loading 3 expert(s)
[MoE] Layer 12: loading 3 expert(s)
[MoE] Layer 13: loading 4 expert(s)
[MoE] Layer 14: loading 4 expert(s)
[MoE] Layer 15: loading 2 expert(s)
[MoE] Layer 16: loading 2 expert(s)
[MoE] Layer 17: loading 2 expert(s)
[MoE] Layer 18: loading 1 expert(s)
[MoE] Layer 19: loading 1 expert(s)
[MoE] Layer 20: loading 1 expert(s)
[MoE] Layer 21: loading 1 expert(s)
[MoE] Layer 22: loading 1 expert(s)
[MoE] Layer 23: loading 3 expert(s)
[MoE] Layer 24: loading 3 expert(s)
[MoE] Layer 25: loading 2 expert(s)
[MoE] Layer 26: loading 3 expert(s)
[MoE] Layer 27: loading 1 expert(s)
[MoE] Layer 28: loading 3 expert(s)
[MoE] Layer 29: loading 4 expert(s)
[MoE] Layer 30: loading 3 expert(s)
[MoE] Layer 31: loading 1 expert(s)
[MoE] Layer 32: loading 1 expert(s)
[MoE] Layer 33: loading 3 expert(s)
[MoE] Layer 34: loading 2 expert(s)
[MoE] Layer 35: loading 3 expert(s)
[MoE] Layer 36: loading 3 expert(s)
[MoE] Layer 37: loading 4 expert(s)
[MoE] Layer 38: loading 2 expert(s)
[MoE] Layer 39: loading 3 expert(s)
[MoE] Layer 40: loading 3 expert(s)
[MoE] Layer 41: loading 3 expert(s)
[MoE] Layer 42: loading 5 expert(s)
[MoE] Layer 43: loading 2 expert(s)
[MoE] Layer 44: loading 1 expert(s)
[MoE] Layer 45: loading 2 expert(s)
[MoE] Layer 46: loading 4 expert(s)
[MoE] Layer 47: loading 4 expert(s)
[MoE] Layer 0: loading 6 expert(s)
[MoE] Layer 1: loading 4 expert(s)
[MoE] Layer 2: loading 5 expert(s)
[MoE] Layer 3: loading 3 expert(s)
[MoE] Layer 4: loading 3 expert(s)
[MoE] Layer 5: loading 3 expert(s)
[MoE] Layer 6: loading 1 expert(s)
[MoE] Layer 8: loading 1 expert(s)
[MoE] Layer 9: loading 2 expert(s)
[MoE] Layer 10: loading 5 expert(s)
[MoE] Layer 11: loading 2 expert(s)
[MoE] Layer 12: loading 3 expert(s)
[MoE] Layer 13: loading 5 expert(s)
[MoE] Layer 14: loading 3 expert(s)
[MoE] Layer 15: loading 1 expert(s)
[MoE] Layer 16: loading 2 expert(s)
[MoE] Layer 17: loading 3 expert(s)
[MoE] Layer 18: loading 2 expert(s)
[MoE] Layer 21: loading 3 expert(s)
[MoE] Layer 22: loading 2 expert(s)
[MoE] Layer 23: loading 4 expert(s)
[MoE] Layer 24: loading 1 expert(s)
[MoE] Layer 25: loading 3 expert(s)
[MoE] Layer 26: loading 1 expert(s)
[MoE] Layer 27: loading 1 expert(s)
[MoE] Layer 28: loading 2 expert(s)
[MoE] Layer 29: loading 4 expert(s)
[MoE] Layer 30: loading 4 expert(s)
[MoE] Layer 31: loading 1 expert(s)
[MoE] Layer 32: loading 1 expert(s)
[MoE] Layer 33: loading 2 expert(s)
[MoE] Layer 34: loading 4 expert(s)
[MoE] Layer 35: loading 3 expert(s)
[MoE] Layer 36: loading 3 expert(s)
[MoE] Layer 37: loading 1 expert(s)
[MoE] Layer 39: loading 1 expert(s)
[MoE] Layer 40: loading 1 expert(s)
[MoE] Layer 41: loading 2 expert(s)
[MoE] Layer 42: loading 3 expert(s)
[MoE] Layer 43: loading 1 expert(s)
[MoE] Layer 44: loading 2 expert(s)
[MoE] Layer 45: loading 1 expert(s)
[MoE] Layer 46: loading 1 expert(s)
[MoE] Layer 47: loading 1 expert(s)
[MoE] Layer 0: loading 8 expert(s)
[MoE] Layer 1: loading 5 expert(s)
[MoE] Layer 2: loading 6 expert(s)
[MoE] Layer 3: loading 5 expert(s)
[MoE] Layer 4: loading 5 expert(s)
[MoE] Layer 5: loading 3 expert(s)
[MoE] Layer 6: loading 3 expert(s)
[MoE] Layer 7: loading 2 expert(s)
[MoE] Layer 8: loading 3 expert(s)
[MoE] Layer 9: loading 1 expert(s)
[MoE] Layer 10: loading 5 expert(s)
[MoE] Layer 11: loading 4 expert(s)
[MoE] Layer 12: loading 3 expert(s)
[MoE] Layer 13: loading 4 expert(s)
[MoE] Layer 14: loading 4 expert(s)
[MoE] Layer 15: loading 3 expert(s)
[MoE] Layer 16: loading 5 expert(s)
[MoE] Layer 17: loading 4 expert(s)
[MoE] Layer 18: loading 1 expert(s)
[MoE] Layer 19: loading 1 expert(s)
[MoE] Layer 21: loading 1 expert(s)
[MoE] Layer 22: loading 3 expert(s)
[MoE] Layer 23: loading 4 expert(s)
[MoE] Layer 24: loading 2 expert(s)
[MoE] Layer 25: loading 6 expert(s)
[MoE] Layer 26: loading 3 expert(s)
[MoE] Layer 27: loading 3 expert(s)
[MoE] Layer 28: loading 3 expert(s)
[MoE] Layer 29: loading 2 expert(s)
[MoE] Layer 31: loading 2 expert(s)
[MoE] Layer 32: loading 2 expert(s)
[MoE] Layer 33: loading 2 expert(s)
[MoE] Layer 34: loading 6 expert(s)
[MoE] Layer 35: loading 6 expert(s)
[MoE] Layer 36: loading 2 expert(s)
[MoE] Layer 37: loading 6 expert(s)
[MoE] Layer 38: loading 4 expert(s)
[MoE] Layer 39: loading 4 expert(s)
[MoE] Layer 40: loading 5 expert(s)
[MoE] Layer 41: loading 6 expert(s)
[MoE] Layer 42: loading 5 expert(s)
[MoE] Layer 43: loading 4 expert(s)
[MoE] Layer 44: loading 6 expert(s)
[MoE] Layer 45: loading 5 expert(s)
[MoE] Layer 46: loading 7 expert(s)
[MoE] Layer 47: loading 7 expert(s)
[MoE] Layer 0: loading 7 expert(s)
[MoE] Layer 1: loading 5 expert(s)
[MoE] Layer 2: loading 3 expert(s)
[MoE] Layer 3: loading 4 expert(s)
[MoE] Layer 4: loading 3 expert(s)
[MoE] Layer 5: loading 4 expert(s)
[MoE] Layer 6: loading 4 expert(s)
[MoE] Layer 7: loading 4 expert(s)
[MoE] Layer 8: loading 3 expert(s)
[MoE] Layer 9: loading 2 expert(s)
[MoE] Layer 10: loading 5 expert(s)
[MoE] Layer 11: loading 7 expert(s)
[MoE] Layer 12: loading 4 expert(s)
[MoE] Layer 13: loading 3 expert(s)
[MoE] Layer 14: loading 5 expert(s)
[MoE] Layer 15: loading 4 expert(s)
[MoE] Layer 16: loading 4 expert(s)
[MoE] Layer 17: loading 5 expert(s)
[MoE] Layer 18: loading 3 expert(s)
[MoE] Layer 19: loading 3 expert(s)
[MoE] Layer 20: loading 2 expert(s)
[MoE] Layer 21: loading 5 expert(s)
[MoE] Layer 22: loading 4 expert(s)
[MoE] Layer 23: loading 6 expert(s)
[MoE] Layer 24: loading 4 expert(s)
[MoE] Layer 25: loading 4 expert(s)
[MoE] Layer 26: loading 5 expert(s)
[MoE] Layer 27: loading 4 expert(s)
[MoE] Layer 28: loading 6 expert(s)
[MoE] Layer 29: loading 6 expert(s)
[MoE] Layer 30: loading 5 expert(s)
[MoE] Layer 31: loading 3 expert(s)
[MoE] Layer 32: loading 2 expert(s)
[MoE] Layer 33: loading 6 expert(s)
[MoE] Layer 34: loading 4 expert(s)
[MoE] Layer 35: loading 6 expert(s)
[MoE] Layer 36: loading 5 expert(s)
[MoE] Layer 37: loading 5 expert(s)
[MoE] Layer 38: loading 4 expert(s)
[MoE] Layer 39: loading 7 expert(s)
[MoE] Layer 40: loading 6 expert(s)
[MoE] Layer 41: loading 7 expert(s)
[MoE] Layer 42: loading 6 expert(s)
[MoE] Layer 43: loading 7 expert(s)
[MoE] Layer 44: loading 6 expert(s)
[MoE] Layer 45: loading 7 expert(s)
[MoE] Layer 46: loading 6 expert(s)
[MoE] Layer 47: loading 4 expert(s)
[MoE] Layer 0: loading 4 expert(s)
[MoE] Layer 1: loading 2 expert(s)
[MoE] Layer 2: loading 4 expert(s)
[MoE] Layer 3: loading 1 expert(s)
[MoE] Layer 4: loading 2 expert(s)
[MoE] Layer 5: loading 5 expert(s)
[MoE] Layer 6: loading 4 expert(s)
[MoE] Layer 7: loading 1 expert(s)
[MoE] Layer 8: loading 3 expert(s)
[MoE] Layer 9: loading 3 expert(s)
[MoE] Layer 10: loading 2 expert(s)
[MoE] Layer 11: loading 3 expert(s)
[MoE] Layer 12: loading 3 expert(s)
[MoE] Layer 13: loading 2 expert(s)
[MoE] Layer 14: loading 2 expert(s)
[MoE] Layer 15: loading 3 expert(s)
[MoE] Layer 17: loading 1 expert(s)
[MoE] Layer 19: loading 2 expert(s)
[MoE] Layer 20: loading 1 expert(s)
[MoE] Layer 21: loading 2 expert(s)
[MoE] Layer 22: loading 3 expert(s)
[MoE] Layer 23: loading 4 expert(s)
[MoE] Layer 24: loading 3 expert(s)
[MoE] Layer 25: loading 1 expert(s)
[MoE] Layer 26: loading 4 expert(s)
[MoE] Layer 27: loading 4 expert(s)
[MoE] Layer 28: loading 5 expert(s)
[MoE] Layer 29: loading 2 expert(s)
[MoE] Layer 31: loading 3 expert(s)
[MoE] Layer 32: loading 2 expert(s)
[MoE] Layer 33: loading 3 expert(s)
[MoE] Layer 34: loading 4 expert(s)
[MoE] Layer 35: loading 3 expert(s)
[MoE] Layer 36: loading 3 expert(s)
[MoE] Layer 37: loading 1 expert(s)
[MoE] Layer 38: loading 1 expert(s)
[MoE] Layer 39: loading 3 expert(s)
[MoE] Layer 40: loading 1 expert(s)
[MoE] Layer 41: loading 2 expert(s)
[MoE] Layer 42: loading 2 expert(s)
[MoE] Layer 43: loading 3 expert(s)
[MoE] Layer 45: loading 4 expert(s)
[MoE] Layer 46: loading 3 expert(s)
[MoE] Layer 47: loading 4 expert(s)
[gen 25/99] elapsed=9.4s  TPS=2.655
[MoE] Layer 0: loading 7 expert(s)
[MoE] Layer 1: loading 4 expert(s)
[MoE] Layer 2: loading 4 expert(s)
[MoE] Layer 3: loading 2 expert(s)
[MoE] Layer 4: loading 5 expert(s)
[MoE] Layer 5: loading 4 expert(s)
[MoE] Layer 6: loading 4 expert(s)
[MoE] Layer 7: loading 3 expert(s)
[MoE] Layer 8: loading 5 expert(s)
[MoE] Layer 9: loading 2 expert(s)
[MoE] Layer 10: loading 2 expert(s)
[MoE] Layer 11: loading 3 expert(s)
[MoE] Layer 12: loading 3 expert(s)
[MoE] Layer 13: loading 1 expert(s)
[MoE] Layer 14: loading 3 expert(s)
[MoE] Layer 15: loading 3 expert(s)
[MoE] Layer 16: loading 2 expert(s)
[MoE] Layer 17: loading 2 expert(s)
[MoE] Layer 18: loading 3 expert(s)
[MoE] Layer 19: loading 4 expert(s)
[MoE] Layer 20: loading 2 expert(s)
[MoE] Layer 21: loading 3 expert(s)
[MoE] Layer 22: loading 4 expert(s)
[MoE] Layer 23: loading 3 expert(s)
[MoE] Layer 24: loading 3 expert(s)
[MoE] Layer 25: loading 5 expert(s)
[MoE] Layer 26: loading 6 expert(s)
[MoE] Layer 27: loading 4 expert(s)
[MoE] Layer 28: loading 6 expert(s)
[MoE] Layer 29: loading 5 expert(s)
[MoE] Layer 30: loading 3 expert(s)
[MoE] Layer 31: loading 6 expert(s)
[MoE] Layer 32: loading 4 expert(s)
[MoE] Layer 33: loading 5 expert(s)
[MoE] Layer 34: loading 4 expert(s)
[MoE] Layer 35: loading 5 expert(s)
[MoE] Layer 36: loading 4 expert(s)
[MoE] Layer 37: loading 4 expert(s)
[MoE] Layer 38: loading 5 expert(s)
[MoE] Layer 39: loading 5 expert(s)
[MoE] Layer 40: loading 4 expert(s)
[MoE] Layer 41: loading 3 expert(s)
[MoE] Layer 42: loading 3 expert(s)
[MoE] Layer 43: loading 4 expert(s)
[MoE] Layer 44: loading 5 expert(s)
[MoE] Layer 45: loading 4 expert(s)
[MoE] Layer 46: loading 2 expert(s)
[MoE] Layer 47: loading 1 expert(s)
[MoE] Layer 0: loading 1 expert(s)
[MoE] Layer 1: loading 5 expert(s)
[MoE] Layer 2: loading 4 expert(s)
[MoE] Layer 3: loading 3 expert(s)
[MoE] Layer 4: loading 2 expert(s)
[MoE] Layer 5: loading 3 expert(s)
[MoE] Layer 6: loading 4 expert(s)
[MoE] Layer 7: loading 2 expert(s)
[MoE] Layer 8: loading 4 expert(s)
[MoE] Layer 9: loading 3 expert(s)
[MoE] Layer 10: loading 4 expert(s)
[MoE] Layer 11: loading 4 expert(s)
[MoE] Layer 12: loading 3 expert(s)
[MoE] Layer 13: loading 3 expert(s)
[MoE] Layer 14: loading 4 expert(s)
[MoE] Layer 15: loading 4 expert(s)
[MoE] Layer 16: loading 3 expert(s)
[MoE] Layer 17: loading 4 expert(s)
[MoE] Layer 18: loading 4 expert(s)
[MoE] Layer 19: loading 1 expert(s)
[MoE] Layer 20: loading 4 expert(s)
[MoE] Layer 21: loading 4 expert(s)
[MoE] Layer 22: loading 6 expert(s)
[MoE] Layer 23: loading 4 expert(s)
[MoE] Layer 24: loading 6 expert(s)
[MoE] Layer 25: loading 7 expert(s)
[MoE] Layer 26: loading 4 expert(s)
[MoE] Layer 27: loading 5 expert(s)
[MoE] Layer 28: loading 7 expert(s)
[MoE] Layer 29: loading 3 expert(s)
[MoE] Layer 30: loading 5 expert(s)
[MoE] Layer 31: loading 1 expert(s)
[MoE] Layer 32: loading 1 expert(s)
[MoE] Layer 33: loading 5 expert(s)
[MoE] Layer 34: loading 5 expert(s)
[MoE] Layer 35: loading 5 expert(s)
[MoE] Layer 36: loading 3 expert(s)
[MoE] Layer 37: loading 7 expert(s)
[MoE] Layer 38: loading 6 expert(s)
[MoE] Layer 39: loading 3 expert(s)
[MoE] Layer 40: loading 6 expert(s)
[MoE] Layer 41: loading 3 expert(s)
[MoE] Layer 42: loading 4 expert(s)
[MoE] Layer 43: loading 1 expert(s)
[MoE] Layer 45: loading 2 expert(s)
[MoE] Layer 46: loading 1 expert(s)
[MoE] Layer 47: loading 3 expert(s)
[MoE] Layer 1: loading 1 expert(s)
[MoE] Layer 2: loading 5 expert(s)
[MoE] Layer 3: loading 5 expert(s)
[MoE] Layer 4: loading 5 expert(s)
[MoE] Layer 5: loading 4 expert(s)
[MoE] Layer 6: loading 3 expert(s)
[MoE] Layer 7: loading 1 expert(s)
[MoE] Layer 8: loading 3 expert(s)
[MoE] Layer 9: loading 5 expert(s)
[MoE] Layer 10: loading 4 expert(s)
[MoE] Layer 11: loading 3 expert(s)
[MoE] Layer 12: loading 2 expert(s)
[MoE] Layer 13: loading 4 expert(s)
[MoE] Layer 14: loading 3 expert(s)
[MoE] Layer 15: loading 4 expert(s)
[MoE] Layer 16: loading 5 expert(s)
[MoE] Layer 17: loading 3 expert(s)
[MoE] Layer 18: loading 3 expert(s)
[MoE] Layer 19: loading 3 expert(s)
[MoE] Layer 20: loading 3 expert(s)
[MoE] Layer 21: loading 3 expert(s)
[MoE] Layer 22: loading 2 expert(s)
[MoE] Layer 23: loading 2 expert(s)
[MoE] Layer 24: loading 6 expert(s)
[MoE] Layer 25: loading 5 expert(s)
[MoE] Layer 26: loading 4 expert(s)
[MoE] Layer 27: loading 3 expert(s)
[MoE] Layer 28: loading 4 expert(s)
[MoE] Layer 29: loading 6 expert(s)
[MoE] Layer 30: loading 4 expert(s)
[MoE] Layer 31: loading 2 expert(s)
[MoE] Layer 32: loading 3 expert(s)
[MoE] Layer 33: loading 6 expert(s)
[MoE] Layer 34: loading 3 expert(s)
[MoE] Layer 35: loading 4 expert(s)
[MoE] Layer 36: loading 4 expert(s)
[MoE] Layer 37: loading 4 expert(s)
[MoE] Layer 38: loading 5 expert(s)
[MoE] Layer 39: loading 3 expert(s)
[MoE] Layer 40: loading 5 expert(s)
[MoE] Layer 41: loading 4 expert(s)
[MoE] Layer 42: loading 4 expert(s)
[MoE] Layer 43: loading 2 expert(s)
[MoE] Layer 44: loading 2 expert(s)
[MoE] Layer 45: loading 4 expert(s)
[MoE] Layer 46: loading 4 expert(s)
[MoE] Layer 47: loading 3 expert(s)
[MoE] Layer 0: loading 1 expert(s)
[MoE] Layer 1: loading 1 expert(s)
[MoE] Layer 2: loading 2 expert(s)
[MoE] Layer 3: loading 3 expert(s)
[MoE] Layer 4: loading 4 expert(s)
[MoE] Layer 5: loading 2 expert(s)
[MoE] Layer 6: loading 4 expert(s)
[MoE] Layer 7: loading 1 expert(s)
[MoE] Layer 8: loading 4 expert(s)
[MoE] Layer 9: loading 4 expert(s)
[MoE] Layer 10: loading 2 expert(s)
[MoE] Layer 11: loading 4 expert(s)
[MoE] Layer 12: loading 2 expert(s)
[MoE] Layer 13: loading 4 expert(s)
[MoE] Layer 14: loading 3 expert(s)
[MoE] Layer 15: loading 2 expert(s)
[MoE] Layer 16: loading 5 expert(s)
[MoE] Layer 17: loading 5 expert(s)
[MoE] Layer 18: loading 3 expert(s)
[MoE] Layer 19: loading 3 expert(s)
[MoE] Layer 20: loading 2 expert(s)
[MoE] Layer 21: loading 1 expert(s)
[MoE] Layer 22: loading 5 expert(s)
[MoE] Layer 23: loading 4 expert(s)
[MoE] Layer 24: loading 4 expert(s)
[MoE] Layer 25: loading 5 expert(s)
[MoE] Layer 26: loading 5 expert(s)
[MoE] Layer 27: loading 2 expert(s)
[MoE] Layer 28: loading 3 expert(s)
[MoE] Layer 29: loading 1 expert(s)
[MoE] Layer 30: loading 5 expert(s)
[MoE] Layer 31: loading 2 expert(s)
[MoE] Layer 32: loading 2 expert(s)
[MoE] Layer 33: loading 4 expert(s)
[MoE] Layer 34: loading 4 expert(s)
[MoE] Layer 35: loading 4 expert(s)
[MoE] Layer 36: loading 4 expert(s)
[MoE] Layer 37: loading 4 expert(s)
[MoE] Layer 38: loading 3 expert(s)
[MoE] Layer 39: loading 2 expert(s)
[MoE] Layer 40: loading 4 expert(s)
[MoE] Layer 41: loading 5 expert(s)
[MoE] Layer 42: loading 6 expert(s)
[MoE] Layer 43: loading 5 expert(s)
[MoE] Layer 44: loading 5 expert(s)
[MoE] Layer 45: loading 8 expert(s)
[MoE] Layer 46: loading 5 expert(s)
[MoE] Layer 47: loading 6 expert(s)
[MoE] Layer 0: loading 6 expert(s)
[MoE] Layer 1: loading 1 expert(s)
[MoE] Layer 2: loading 6 expert(s)
[MoE] Layer 3: loading 4 expert(s)
[MoE] Layer 4: loading 3 expert(s)
[MoE] Layer 5: loading 4 expert(s)
[MoE] Layer 6: loading 3 expert(s)
[MoE] Layer 7: loading 3 expert(s)
[MoE] Layer 8: loading 2 expert(s)
[MoE] Layer 9: loading 3 expert(s)
[MoE] Layer 10: loading 3 expert(s)
[MoE] Layer 11: loading 4 expert(s)
[MoE] Layer 12: loading 2 expert(s)
[MoE] Layer 13: loading 2 expert(s)
[MoE] Layer 14: loading 2 expert(s)
[MoE] Layer 15: loading 3 expert(s)
[MoE] Layer 16: loading 5 expert(s)
[MoE] Layer 17: loading 4 expert(s)
[MoE] Layer 18: loading 2 expert(s)
[MoE] Layer 19: loading 1 expert(s)
[MoE] Layer 20: loading 2 expert(s)
[MoE] Layer 21: loading 3 expert(s)
[MoE] Layer 22: loading 1 expert(s)
[MoE] Layer 23: loading 2 expert(s)
[MoE] Layer 24: loading 1 expert(s)
[MoE] Layer 25: loading 3 expert(s)
[MoE] Layer 26: loading 2 expert(s)
[MoE] Layer 27: loading 4 expert(s)
[MoE] Layer 28: loading 6 expert(s)
[MoE] Layer 29: loading 6 expert(s)
[MoE] Layer 30: loading 2 expert(s)
[MoE] Layer 31: loading 1 expert(s)
[MoE] Layer 32: loading 1 expert(s)
[MoE] Layer 33: loading 4 expert(s)
[MoE] Layer 34: loading 4 expert(s)
[MoE] Layer 35: loading 3 expert(s)
[MoE] Layer 36: loading 1 expert(s)
[MoE] Layer 37: loading 6 expert(s)
[MoE] Layer 38: loading 4 expert(s)
[MoE] Layer 39: loading 3 expert(s)
[MoE] Layer 40: loading 7 expert(s)
[MoE] Layer 41: loading 7 expert(s)
[MoE] Layer 42: loading 6 expert(s)
[MoE] Layer 43: loading 3 expert(s)
[MoE] Layer 44: loading 7 expert(s)
[MoE] Layer 45: loading 6 expert(s)
[MoE] Layer 46: loading 6 expert(s)
[MoE] Layer 47: loading 4 expert(s)
[gen 30/99] elapsed=11.5s  TPS=2.603
[MoE] Layer 0: loading 6 expert(s)
[MoE] Layer 1: loading 5 expert(s)
[MoE] Layer 2: loading 5 expert(s)
[MoE] Layer 3: loading 5 expert(s)
[MoE] Layer 4: loading 7 expert(s)
[MoE] Layer 5: loading 4 expert(s)
[MoE] Layer 6: loading 4 expert(s)
[MoE] Layer 7: loading 1 expert(s)
[MoE] Layer 8: loading 2 expert(s)
[MoE] Layer 9: loading 3 expert(s)
[MoE] Layer 10: loading 2 expert(s)
[MoE] Layer 11: loading 2 expert(s)
[MoE] Layer 12: loading 2 expert(s)
[MoE] Layer 13: loading 1 expert(s)
[MoE] Layer 14: loading 3 expert(s)
[MoE] Layer 15: loading 4 expert(s)
[MoE] Layer 16: loading 6 expert(s)
[MoE] Layer 17: loading 4 expert(s)
[MoE] Layer 18: loading 1 expert(s)
[MoE] Layer 19: loading 2 expert(s)
[MoE] Layer 20: loading 1 expert(s)
[MoE] Layer 21: loading 4 expert(s)
[MoE] Layer 22: loading 2 expert(s)
[MoE] Layer 23: loading 3 expert(s)
[MoE] Layer 24: loading 2 expert(s)
[MoE] Layer 25: loading 3 expert(s)
[MoE] Layer 27: loading 2 expert(s)
[MoE] Layer 28: loading 6 expert(s)
[MoE] Layer 29: loading 3 expert(s)
[MoE] Layer 30: loading 4 expert(s)
[MoE] Layer 31: loading 1 expert(s)
[MoE] Layer 32: loading 2 expert(s)
[MoE] Layer 33: loading 5 expert(s)
[MoE] Layer 34: loading 2 expert(s)
[MoE] Layer 35: loading 5 expert(s)
[MoE] Layer 36: loading 2 expert(s)
[MoE] Layer 37: loading 5 expert(s)
[MoE] Layer 38: loading 6 expert(s)
[MoE] Layer 39: loading 6 expert(s)
[MoE] Layer 40: loading 6 expert(s)
[MoE] Layer 41: loading 5 expert(s)
[MoE] Layer 42: loading 6 expert(s)
[MoE] Layer 43: loading 6 expert(s)
[MoE] Layer 44: loading 5 expert(s)
[MoE] Layer 45: loading 3 expert(s)
[MoE] Layer 46: loading 6 expert(s)
[MoE] Layer 47: loading 6 expert(s)
[MoE] Layer 0: loading 7 expert(s)
[MoE] Layer 1: loading 6 expert(s)
[MoE] Layer 2: loading 6 expert(s)
[MoE] Layer 3: loading 5 expert(s)
[MoE] Layer 4: loading 5 expert(s)
[MoE] Layer 5: loading 6 expert(s)
[MoE] Layer 6: loading 3 expert(s)
[MoE] Layer 7: loading 3 expert(s)
[MoE] Layer 8: loading 5 expert(s)
[MoE] Layer 9: loading 1 expert(s)
[MoE] Layer 10: loading 3 expert(s)
[MoE] Layer 11: loading 3 expert(s)
[MoE] Layer 12: loading 3 expert(s)
[MoE] Layer 13: loading 4 expert(s)
[MoE] Layer 14: loading 2 expert(s)
[MoE] Layer 15: loading 4 expert(s)
[MoE] Layer 16: loading 4 expert(s)
[MoE] Layer 17: loading 4 expert(s)
[MoE] Layer 18: loading 1 expert(s)
[MoE] Layer 20: loading 2 expert(s)
[MoE] Layer 21: loading 3 expert(s)
[MoE] Layer 22: loading 3 expert(s)
[MoE] Layer 23: loading 6 expert(s)
[MoE] Layer 24: loading 4 expert(s)
[MoE] Layer 25: loading 4 expert(s)
[MoE] Layer 26: loading 3 expert(s)
[MoE] Layer 27: loading 4 expert(s)
[MoE] Layer 28: loading 6 expert(s)
[MoE] Layer 29: loading 4 expert(s)
[MoE] Layer 30: loading 4 expert(s)
[MoE] Layer 31: loading 2 expert(s)
[MoE] Layer 32: loading 5 expert(s)
[MoE] Layer 33: loading 1 expert(s)
[MoE] Layer 34: loading 2 expert(s)
[MoE] Layer 35: loading 4 expert(s)
[MoE] Layer 36: loading 5 expert(s)
[MoE] Layer 37: loading 5 expert(s)
[MoE] Layer 38: loading 4 expert(s)
[MoE] Layer 39: loading 5 expert(s)
[MoE] Layer 40: loading 4 expert(s)
[MoE] Layer 41: loading 4 expert(s)
[MoE] Layer 42: loading 6 expert(s)
[MoE] Layer 43: loading 4 expert(s)
[MoE] Layer 44: loading 2 expert(s)
[MoE] Layer 45: loading 3 expert(s)
[MoE] Layer 46: loading 2 expert(s)
[MoE] Layer 47: loading 3 expert(s)
[MoE] Layer 0: loading 4 expert(s)
[MoE] Layer 1: loading 5 expert(s)
[MoE] Layer 2: loading 4 expert(s)
[MoE] Layer 3: loading 6 expert(s)
[MoE] Layer 4: loading 3 expert(s)
[MoE] Layer 5: loading 5 expert(s)
[MoE] Layer 6: loading 5 expert(s)
[MoE] Layer 7: loading 4 expert(s)
[MoE] Layer 8: loading 6 expert(s)
[MoE] Layer 9: loading 1 expert(s)
[MoE] Layer 10: loading 3 expert(s)
[MoE] Layer 11: loading 8 expert(s)
[MoE] Layer 12: loading 3 expert(s)
[MoE] Layer 13: loading 4 expert(s)
[MoE] Layer 14: loading 4 expert(s)
[MoE] Layer 15: loading 5 expert(s)
[MoE] Layer 16: loading 6 expert(s)
[MoE] Layer 17: loading 5 expert(s)
[MoE] Layer 18: loading 3 expert(s)
[MoE] Layer 19: loading 3 expert(s)
[MoE] Layer 20: loading 6 expert(s)
[MoE] Layer 21: loading 1 expert(s)
[MoE] Layer 22: loading 6 expert(s)
[MoE] Layer 23: loading 5 expert(s)
[MoE] Layer 24: loading 4 expert(s)
[MoE] Layer 25: loading 2 expert(s)
[MoE] Layer 26: loading 4 expert(s)
[MoE] Layer 27: loading 3 expert(s)
[MoE] Layer 28: loading 7 expert(s)
[MoE] Layer 29: loading 2 expert(s)
[MoE] Layer 30: loading 3 expert(s)
[MoE] Layer 32: loading 4 expert(s)
[MoE] Layer 33: loading 3 expert(s)
[MoE] Layer 34: loading 2 expert(s)
[MoE] Layer 35: loading 3 expert(s)
[MoE] Layer 36: loading 2 expert(s)
[MoE] Layer 37: loading 4 expert(s)
[MoE] Layer 38: loading 5 expert(s)
[MoE] Layer 39: loading 5 expert(s)
[MoE] Layer 40: loading 6 expert(s)
[MoE] Layer 41: loading 7 expert(s)
[MoE] Layer 42: loading 5 expert(s)
[MoE] Layer 43: loading 8 expert(s)
[MoE] Layer 44: loading 6 expert(s)
[MoE] Layer 45: loading 3 expert(s)
[MoE] Layer 46: loading 6 expert(s)
[MoE] Layer 47: loading 6 expert(s)
[MoE] Layer 0: loading 7 expert(s)
[MoE] Layer 1: loading 5 expert(s)
[MoE] Layer 2: loading 4 expert(s)
[MoE] Layer 3: loading 5 expert(s)
[MoE] Layer 4: loading 2 expert(s)
[MoE] Layer 5: loading 3 expert(s)
[MoE] Layer 6: loading 2 expert(s)
[MoE] Layer 7: loading 3 expert(s)
[MoE] Layer 8: loading 2 expert(s)
[MoE] Layer 9: loading 2 expert(s)
[MoE] Layer 10: loading 3 expert(s)
[MoE] Layer 11: loading 4 expert(s)
[MoE] Layer 12: loading 2 expert(s)
[MoE] Layer 14: loading 1 expert(s)
[MoE] Layer 15: loading 2 expert(s)
[MoE] Layer 16: loading 3 expert(s)
[MoE] Layer 17: loading 2 expert(s)
[MoE] Layer 18: loading 3 expert(s)
[MoE] Layer 19: loading 1 expert(s)
[MoE] Layer 20: loading 1 expert(s)
[MoE] Layer 22: loading 2 expert(s)
[MoE] Layer 23: loading 1 expert(s)
[MoE] Layer 24: loading 2 expert(s)
[MoE] Layer 25: loading 2 expert(s)
[MoE] Layer 26: loading 3 expert(s)
[MoE] Layer 27: loading 2 expert(s)
[MoE] Layer 28: loading 2 expert(s)
[MoE] Layer 29: loading 3 expert(s)
[MoE] Layer 30: loading 2 expert(s)
[MoE] Layer 31: loading 2 expert(s)
[MoE] Layer 32: loading 1 expert(s)
[MoE] Layer 33: loading 1 expert(s)
[MoE] Layer 34: loading 1 expert(s)
[MoE] Layer 35: loading 1 expert(s)
[MoE] Layer 36: loading 1 expert(s)
[MoE] Layer 37: loading 2 expert(s)
[MoE] Layer 38: loading 1 expert(s)
[MoE] Layer 39: loading 3 expert(s)
[MoE] Layer 40: loading 2 expert(s)
[MoE] Layer 41: loading 2 expert(s)
[MoE] Layer 42: loading 4 expert(s)
[MoE] Layer 43: loading 4 expert(s)
[MoE] Layer 44: loading 4 expert(s)
[MoE] Layer 45: loading 3 expert(s)
[MoE] Layer 46: loading 3 expert(s)
[MoE] Layer 47: loading 2 expert(s)
[MoE] Layer 0: loading 7 expert(s)
[MoE] Layer 1: loading 4 expert(s)
[MoE] Layer 2: loading 2 expert(s)
[MoE] Layer 3: loading 4 expert(s)
[MoE] Layer 4: loading 4 expert(s)
[MoE] Layer 5: loading 5 expert(s)
[MoE] Layer 6: loading 2 expert(s)
[MoE] Layer 7: loading 3 expert(s)
[MoE] Layer 8: loading 4 expert(s)
[MoE] Layer 9: loading 1 expert(s)
[MoE] Layer 10: loading 2 expert(s)
[MoE] Layer 11: loading 4 expert(s)
[MoE] Layer 12: loading 1 expert(s)
[MoE] Layer 13: loading 4 expert(s)
[MoE] Layer 14: loading 3 expert(s)
[MoE] Layer 15: loading 1 expert(s)
[MoE] Layer 16: loading 2 expert(s)
[MoE] Layer 17: loading 1 expert(s)
[MoE] Layer 18: loading 1 expert(s)
[MoE] Layer 19: loading 2 expert(s)
[MoE] Layer 20: loading 3 expert(s)
[MoE] Layer 21: loading 1 expert(s)
[MoE] Layer 22: loading 1 expert(s)
[MoE] Layer 23: loading 5 expert(s)
[MoE] Layer 24: loading 1 expert(s)
[MoE] Layer 25: loading 2 expert(s)
[MoE] Layer 26: loading 3 expert(s)
[MoE] Layer 27: loading 2 expert(s)
[MoE] Layer 28: loading 4 expert(s)
[MoE] Layer 29: loading 3 expert(s)
[MoE] Layer 30: loading 3 expert(s)
[MoE] Layer 31: loading 2 expert(s)
[MoE] Layer 32: loading 2 expert(s)
[MoE] Layer 33: loading 4 expert(s)
[MoE] Layer 35: loading 3 expert(s)
[MoE] Layer 37: loading 2 expert(s)
[MoE] Layer 38: loading 1 expert(s)
[MoE] Layer 39: loading 4 expert(s)
[MoE] Layer 40: loading 1 expert(s)
[MoE] Layer 41: loading 3 expert(s)
[MoE] Layer 42: loading 6 expert(s)
[MoE] Layer 43: loading 3 expert(s)
[MoE] Layer 44: loading 2 expert(s)
[MoE] Layer 45: loading 1 expert(s)
[MoE] Layer 47: loading 1 expert(s)
[gen 35/99] elapsed=13.5s  TPS=2.586
[MoE] Layer 0: loading 6 expert(s)
[MoE] Layer 1: loading 4 expert(s)
[MoE] Layer 2: loading 6 expert(s)
[MoE] Layer 3: loading 6 expert(s)
[MoE] Layer 4: loading 4 expert(s)
[MoE] Layer 5: loading 4 expert(s)
[MoE] Layer 6: loading 3 expert(s)
[MoE] Layer 7: loading 3 expert(s)
[MoE] Layer 8: loading 2 expert(s)
[MoE] Layer 9: loading 2 expert(s)
[MoE] Layer 10: loading 2 expert(s)
[MoE] Layer 11: loading 5 expert(s)
[MoE] Layer 12: loading 2 expert(s)
[MoE] Layer 13: loading 4 expert(s)
[MoE] Layer 14: loading 2 expert(s)
[MoE] Layer 15: loading 3 expert(s)
[MoE] Layer 16: loading 4 expert(s)
[MoE] Layer 17: loading 2 expert(s)
[MoE] Layer 18: loading 2 expert(s)
[MoE] Layer 19: loading 2 expert(s)
[MoE] Layer 20: loading 1 expert(s)
[MoE] Layer 21: loading 2 expert(s)
[MoE] Layer 22: loading 4 expert(s)
[MoE] Layer 23: loading 4 expert(s)
[MoE] Layer 24: loading 5 expert(s)
[MoE] Layer 25: loading 2 expert(s)
[MoE] Layer 26: loading 5 expert(s)
[MoE] Layer 27: loading 3 expert(s)
[MoE] Layer 28: loading 3 expert(s)
[MoE] Layer 29: loading 5 expert(s)
[MoE] Layer 30: loading 1 expert(s)
[MoE] Layer 31: loading 2 expert(s)
[MoE] Layer 32: loading 3 expert(s)
[MoE] Layer 33: loading 3 expert(s)
[MoE] Layer 34: loading 1 expert(s)
[MoE] Layer 35: loading 4 expert(s)
[MoE] Layer 36: loading 3 expert(s)
[MoE] Layer 37: loading 2 expert(s)
[MoE] Layer 38: loading 2 expert(s)
[MoE] Layer 39: loading 1 expert(s)
[MoE] Layer 40: loading 5 expert(s)
[MoE] Layer 41: loading 3 expert(s)
[MoE] Layer 42: loading 3 expert(s)
[MoE] Layer 43: loading 3 expert(s)
[MoE] Layer 44: loading 3 expert(s)
[MoE] Layer 45: loading 2 expert(s)
[MoE] Layer 47: loading 4 expert(s)
[MoE] Layer 0: loading 5 expert(s)
[MoE] Layer 1: loading 2 expert(s)
[MoE] Layer 2: loading 4 expert(s)
[MoE] Layer 3: loading 6 expert(s)
[MoE] Layer 4: loading 6 expert(s)
[MoE] Layer 5: loading 2 expert(s)
[MoE] Layer 6: loading 1 expert(s)
[MoE] Layer 7: loading 2 expert(s)
[MoE] Layer 8: loading 1 expert(s)
[MoE] Layer 9: loading 1 expert(s)
[MoE] Layer 10: loading 1 expert(s)
[MoE] Layer 11: loading 3 expert(s)
[MoE] Layer 13: loading 1 expert(s)
[MoE] Layer 14: loading 3 expert(s)
[MoE] Layer 15: loading 1 expert(s)
[MoE] Layer 16: loading 3 expert(s)
[MoE] Layer 17: loading 3 expert(s)
[MoE] Layer 20: loading 1 expert(s)
[MoE] Layer 22: loading 2 expert(s)
[MoE] Layer 23: loading 3 expert(s)
[MoE] Layer 24: loading 3 expert(s)
[MoE] Layer 25: loading 4 expert(s)
[MoE] Layer 26: loading 4 expert(s)
[MoE] Layer 27: loading 3 expert(s)
[MoE] Layer 28: loading 2 expert(s)
[MoE] Layer 29: loading 4 expert(s)
[MoE] Layer 30: loading 1 expert(s)
[MoE] Layer 31: loading 1 expert(s)
[MoE] Layer 32: loading 2 expert(s)
[MoE] Layer 33: loading 1 expert(s)
[MoE] Layer 34: loading 2 expert(s)
[MoE] Layer 35: loading 2 expert(s)
[MoE] Layer 36: loading 2 expert(s)
[MoE] Layer 37: loading 4 expert(s)
[MoE] Layer 38: loading 5 expert(s)
[MoE] Layer 39: loading 3 expert(s)
[MoE] Layer 40: loading 4 expert(s)
[MoE] Layer 41: loading 3 expert(s)
[MoE] Layer 42: loading 4 expert(s)
[MoE] Layer 43: loading 2 expert(s)
[MoE] Layer 44: loading 2 expert(s)
[MoE] Layer 45: loading 4 expert(s)
[MoE] Layer 46: loading 2 expert(s)
[MoE] Layer 47: loading 3 expert(s)
[MoE] Layer 0: loading 7 expert(s)
[MoE] Layer 1: loading 5 expert(s)
[MoE] Layer 2: loading 4 expert(s)
[MoE] Layer 3: loading 3 expert(s)
[MoE] Layer 4: loading 3 expert(s)
[MoE] Layer 5: loading 4 expert(s)
[MoE] Layer 6: loading 3 expert(s)
[MoE] Layer 7: loading 3 expert(s)
[MoE] Layer 8: loading 2 expert(s)
[MoE] Layer 10: loading 2 expert(s)
[MoE] Layer 11: loading 3 expert(s)
[MoE] Layer 12: loading 2 expert(s)
[MoE] Layer 13: loading 4 expert(s)
[MoE] Layer 14: loading 2 expert(s)
[MoE] Layer 15: loading 5 expert(s)
[MoE] Layer 16: loading 5 expert(s)
[MoE] Layer 17: loading 3 expert(s)
[MoE] Layer 18: loading 3 expert(s)
[MoE] Layer 19: loading 3 expert(s)
[MoE] Layer 20: loading 5 expert(s)
[MoE] Layer 21: loading 2 expert(s)
[MoE] Layer 22: loading 2 expert(s)
[MoE] Layer 23: loading 4 expert(s)
[MoE] Layer 24: loading 6 expert(s)
[MoE] Layer 25: loading 6 expert(s)
[MoE] Layer 26: loading 2 expert(s)
[MoE] Layer 27: loading 2 expert(s)
[MoE] Layer 28: loading 6 expert(s)
[MoE] Layer 29: loading 4 expert(s)
[MoE] Layer 30: loading 4 expert(s)
[MoE] Layer 31: loading 2 expert(s)
[MoE] Layer 32: loading 2 expert(s)
[MoE] Layer 33: loading 3 expert(s)
[MoE] Layer 34: loading 3 expert(s)
[MoE] Layer 35: loading 5 expert(s)
[MoE] Layer 36: loading 4 expert(s)
[MoE] Layer 37: loading 6 expert(s)
[MoE] Layer 38: loading 2 expert(s)
[MoE] Layer 39: loading 3 expert(s)
[MoE] Layer 40: loading 5 expert(s)
[MoE] Layer 41: loading 7 expert(s)
[MoE] Layer 42: loading 5 expert(s)
[MoE] Layer 43: loading 4 expert(s)
[MoE] Layer 44: loading 4 expert(s)
[MoE] Layer 45: loading 6 expert(s)
[MoE] Layer 46: loading 3 expert(s)
[MoE] Layer 47: loading 5 expert(s)
[MoE] Layer 0: loading 4 expert(s)
[MoE] Layer 1: loading 3 expert(s)
[MoE] Layer 2: loading 3 expert(s)
[MoE] Layer 3: loading 5 expert(s)
[MoE] Layer 4: loading 5 expert(s)
[MoE] Layer 5: loading 5 expert(s)
[MoE] Layer 6: loading 2 expert(s)
[MoE] Layer 8: loading 1 expert(s)
[MoE] Layer 9: loading 1 expert(s)
[MoE] Layer 10: loading 1 expert(s)
[MoE] Layer 11: loading 2 expert(s)
[MoE] Layer 12: loading 3 expert(s)
[MoE] Layer 13: loading 3 expert(s)
[MoE] Layer 14: loading 1 expert(s)
[MoE] Layer 15: loading 3 expert(s)
[MoE] Layer 16: loading 5 expert(s)
[MoE] Layer 17: loading 1 expert(s)
[MoE] Layer 18: loading 1 expert(s)
[MoE] Layer 19: loading 1 expert(s)
[MoE] Layer 20: loading 3 expert(s)
[MoE] Layer 21: loading 2 expert(s)
[MoE] Layer 22: loading 3 expert(s)
[MoE] Layer 23: loading 5 expert(s)
[MoE] Layer 24: loading 4 expert(s)
[MoE] Layer 25: loading 4 expert(s)
[MoE] Layer 26: loading 5 expert(s)
[MoE] Layer 27: loading 2 expert(s)
[MoE] Layer 28: loading 6 expert(s)
[MoE] Layer 29: loading 4 expert(s)
[MoE] Layer 30: loading 3 expert(s)
[MoE] Layer 31: loading 2 expert(s)
[MoE] Layer 32: loading 3 expert(s)
[MoE] Layer 33: loading 3 expert(s)
[MoE] Layer 34: loading 2 expert(s)
[MoE] Layer 35: loading 5 expert(s)
[MoE] Layer 36: loading 5 expert(s)
[MoE] Layer 37: loading 4 expert(s)
[MoE] Layer 38: loading 3 expert(s)
[MoE] Layer 39: loading 4 expert(s)
[MoE] Layer 40: loading 3 expert(s)
[MoE] Layer 41: loading 5 expert(s)
[MoE] Layer 42: loading 7 expert(s)
[MoE] Layer 43: loading 3 expert(s)
[MoE] Layer 44: loading 4 expert(s)
[MoE] Layer 45: loading 5 expert(s)
[MoE] Layer 46: loading 5 expert(s)
[MoE] Layer 47: loading 5 expert(s)
[MoE] Layer 0: loading 7 expert(s)
[MoE] Layer 1: loading 3 expert(s)
[MoE] Layer 2: loading 2 expert(s)
[MoE] Layer 3: loading 3 expert(s)
[MoE] Layer 4: loading 3 expert(s)
[MoE] Layer 5: loading 1 expert(s)
[MoE] Layer 6: loading 1 expert(s)
[MoE] Layer 7: loading 1 expert(s)
[MoE] Layer 9: loading 1 expert(s)
[MoE] Layer 10: loading 3 expert(s)
[MoE] Layer 11: loading 4 expert(s)
[MoE] Layer 12: loading 1 expert(s)
[MoE] Layer 13: loading 4 expert(s)
[MoE] Layer 14: loading 2 expert(s)
[MoE] Layer 16: loading 4 expert(s)
[MoE] Layer 17: loading 1 expert(s)
[MoE] Layer 18: loading 1 expert(s)
[MoE] Layer 19: loading 2 expert(s)
[MoE] Layer 20: loading 1 expert(s)
[MoE] Layer 21: loading 3 expert(s)
[MoE] Layer 23: loading 5 expert(s)
[MoE] Layer 24: loading 2 expert(s)
[MoE] Layer 25: loading 3 expert(s)
[MoE] Layer 26: loading 6 expert(s)
[MoE] Layer 27: loading 1 expert(s)
[MoE] Layer 28: loading 2 expert(s)
[MoE] Layer 29: loading 2 expert(s)
[MoE] Layer 30: loading 4 expert(s)
[MoE] Layer 31: loading 1 expert(s)
[MoE] Layer 32: loading 4 expert(s)
[MoE] Layer 33: loading 2 expert(s)
[MoE] Layer 34: loading 3 expert(s)
[MoE] Layer 35: loading 5 expert(s)
[MoE] Layer 36: loading 4 expert(s)
[MoE] Layer 37: loading 2 expert(s)
[MoE] Layer 38: loading 3 expert(s)
[MoE] Layer 39: loading 1 expert(s)
[MoE] Layer 40: loading 2 expert(s)
[MoE] Layer 41: loading 3 expert(s)
[MoE] Layer 42: loading 5 expert(s)
[MoE] Layer 43: loading 2 expert(s)
[MoE] Layer 44: loading 2 expert(s)
[MoE] Layer 45: loading 3 expert(s)
[MoE] Layer 46: loading 3 expert(s)
[MoE] Layer 47: loading 5 expert(s)
[gen 40/99] elapsed=15.4s  TPS=2.596
[MoE] Layer 0: loading 4 expert(s)
[MoE] Layer 1: loading 2 expert(s)
[MoE] Layer 2: loading 3 expert(s)
[MoE] Layer 3: loading 6 expert(s)
[MoE] Layer 4: loading 5 expert(s)
[MoE] Layer 5: loading 3 expert(s)
[MoE] Layer 6: loading 2 expert(s)
[MoE] Layer 8: loading 1 expert(s)
[MoE] Layer 9: loading 2 expert(s)
[MoE] Layer 10: loading 2 expert(s)
[MoE] Layer 11: loading 2 expert(s)
[MoE] Layer 13: loading 4 expert(s)
[MoE] Layer 14: loading 2 expert(s)
[MoE] Layer 15: loading 1 expert(s)
[MoE] Layer 16: loading 3 expert(s)
[MoE] Layer 17: loading 1 expert(s)
[MoE] Layer 18: loading 2 expert(s)
[MoE] Layer 19: loading 1 expert(s)
[MoE] Layer 20: loading 1 expert(s)
[MoE] Layer 21: loading 3 expert(s)
[MoE] Layer 22: loading 4 expert(s)
[MoE] Layer 23: loading 6 expert(s)
[MoE] Layer 24: loading 6 expert(s)
[MoE] Layer 25: loading 4 expert(s)
[MoE] Layer 26: loading 3 expert(s)
[MoE] Layer 27: loading 1 expert(s)
[MoE] Layer 28: loading 5 expert(s)
[MoE] Layer 29: loading 5 expert(s)
[MoE] Layer 30: loading 2 expert(s)
[MoE] Layer 31: loading 2 expert(s)
[MoE] Layer 32: loading 3 expert(s)
[MoE] Layer 33: loading 1 expert(s)
[MoE] Layer 34: loading 5 expert(s)
[MoE] Layer 35: loading 4 expert(s)
[MoE] Layer 36: loading 4 expert(s)
[MoE] Layer 37: loading 3 expert(s)
[MoE] Layer 38: loading 3 expert(s)
[MoE] Layer 39: loading 3 expert(s)
[MoE] Layer 40: loading 2 expert(s)
[MoE] Layer 41: loading 4 expert(s)
[MoE] Layer 42: loading 4 expert(s)
[MoE] Layer 43: loading 5 expert(s)
[MoE] Layer 44: loading 4 expert(s)
[MoE] Layer 45: loading 2 expert(s)
[MoE] Layer 46: loading 6 expert(s)
[MoE] Layer 47: loading 4 expert(s)
[MoE] Layer 0: loading 5 expert(s)
[MoE] Layer 1: loading 4 expert(s)
[MoE] Layer 2: loading 6 expert(s)
[MoE] Layer 3: loading 1 expert(s)
[MoE] Layer 4: loading 1 expert(s)
[MoE] Layer 5: loading 4 expert(s)
[MoE] Layer 7: loading 2 expert(s)
[MoE] Layer 8: loading 1 expert(s)
[MoE] Layer 9: loading 3 expert(s)
[MoE] Layer 10: loading 3 expert(s)
[MoE] Layer 11: loading 4 expert(s)
[MoE] Layer 12: loading 1 expert(s)
[MoE] Layer 13: loading 3 expert(s)
[MoE] Layer 14: loading 1 expert(s)
[MoE] Layer 15: loading 1 expert(s)
[MoE] Layer 16: loading 2 expert(s)
[MoE] Layer 17: loading 4 expert(s)
[MoE] Layer 18: loading 2 expert(s)
[MoE] Layer 19: loading 2 expert(s)
[MoE] Layer 20: loading 3 expert(s)
[MoE] Layer 21: loading 3 expert(s)
[MoE] Layer 22: loading 3 expert(s)
[MoE] Layer 23: loading 7 expert(s)
[MoE] Layer 24: loading 5 expert(s)
[MoE] Layer 25: loading 3 expert(s)
[MoE] Layer 26: loading 4 expert(s)
[MoE] Layer 27: loading 1 expert(s)
[MoE] Layer 28: loading 3 expert(s)
[MoE] Layer 29: loading 6 expert(s)
[MoE] Layer 30: loading 4 expert(s)
[MoE] Layer 31: loading 1 expert(s)
[MoE] Layer 32: loading 4 expert(s)
[MoE] Layer 33: loading 4 expert(s)
[MoE] Layer 34: loading 3 expert(s)
[MoE] Layer 35: loading 4 expert(s)
[MoE] Layer 36: loading 4 expert(s)
[MoE] Layer 37: loading 4 expert(s)
[MoE] Layer 38: loading 3 expert(s)
[MoE] Layer 39: loading 4 expert(s)
[MoE] Layer 40: loading 2 expert(s)
[MoE] Layer 41: loading 2 expert(s)
[MoE] Layer 42: loading 4 expert(s)
[MoE] Layer 43: loading 2 expert(s)
[MoE] Layer 44: loading 4 expert(s)
[MoE] Layer 45: loading 3 expert(s)
[MoE] Layer 46: loading 4 expert(s)
[MoE] Layer 47: loading 3 expert(s)
[MoE] Layer 0: loading 7 expert(s)
[MoE] Layer 1: loading 6 expert(s)
[MoE] Layer 2: loading 3 expert(s)
[MoE] Layer 3: loading 2 expert(s)
[MoE] Layer 4: loading 6 expert(s)
[MoE] Layer 5: loading 1 expert(s)
[MoE] Layer 6: loading 2 expert(s)
[MoE] Layer 7: loading 1 expert(s)
[MoE] Layer 8: loading 2 expert(s)
[MoE] Layer 9: loading 2 expert(s)
[MoE] Layer 10: loading 3 expert(s)
[MoE] Layer 11: loading 2 expert(s)
[MoE] Layer 12: loading 2 expert(s)
[MoE] Layer 13: loading 5 expert(s)
[MoE] Layer 15: loading 1 expert(s)
[MoE] Layer 16: loading 2 expert(s)
[MoE] Layer 20: loading 1 expert(s)
[MoE] Layer 21: loading 3 expert(s)
[MoE] Layer 22: loading 2 expert(s)
[MoE] Layer 23: loading 3 expert(s)
[MoE] Layer 24: loading 5 expert(s)
[MoE] Layer 25: loading 4 expert(s)
[MoE] Layer 26: loading 2 expert(s)
[MoE] Layer 27: loading 2 expert(s)
[MoE] Layer 28: loading 2 expert(s)
[MoE] Layer 29: loading 4 expert(s)
[MoE] Layer 30: loading 3 expert(s)
[MoE] Layer 31: loading 1 expert(s)
[MoE] Layer 32: loading 2 expert(s)
[MoE] Layer 33: loading 2 expert(s)
[MoE] Layer 34: loading 2 expert(s)
[MoE] Layer 35: loading 4 expert(s)
[MoE] Layer 36: loading 4 expert(s)
[MoE] Layer 37: loading 3 expert(s)
[MoE] Layer 38: loading 3 expert(s)
[MoE] Layer 39: loading 2 expert(s)
[MoE] Layer 40: loading 2 expert(s)
[MoE] Layer 41: loading 6 expert(s)
[MoE] Layer 42: loading 4 expert(s)
[MoE] Layer 43: loading 6 expert(s)
[MoE] Layer 44: loading 2 expert(s)
[MoE] Layer 45: loading 4 expert(s)
[MoE] Layer 46: loading 3 expert(s)
[MoE] Layer 47: loading 5 expert(s)
[MoE] Layer 0: loading 4 expert(s)
[MoE] Layer 1: loading 4 expert(s)
[MoE] Layer 2: loading 6 expert(s)
[MoE] Layer 3: loading 2 expert(s)
[MoE] Layer 4: loading 3 expert(s)
[MoE] Layer 5: loading 2 expert(s)
[MoE] Layer 6: loading 3 expert(s)
[MoE] Layer 9: loading 2 expert(s)
[MoE] Layer 10: loading 3 expert(s)
[MoE] Layer 11: loading 1 expert(s)
[MoE] Layer 12: loading 3 expert(s)
[MoE] Layer 13: loading 5 expert(s)
[MoE] Layer 14: loading 1 expert(s)
[MoE] Layer 16: loading 1 expert(s)
[MoE] Layer 17: loading 1 expert(s)
[MoE] Layer 18: loading 1 expert(s)
[MoE] Layer 19: loading 3 expert(s)
[MoE] Layer 20: loading 2 expert(s)
[MoE] Layer 21: loading 1 expert(s)
[MoE] Layer 22: loading 2 expert(s)
[MoE] Layer 23: loading 4 expert(s)
[MoE] Layer 24: loading 3 expert(s)
[MoE] Layer 25: loading 3 expert(s)
[MoE] Layer 26: loading 5 expert(s)
[MoE] Layer 27: loading 3 expert(s)
[MoE] Layer 28: loading 5 expert(s)
[MoE] Layer 29: loading 5 expert(s)
[MoE] Layer 30: loading 2 expert(s)
[MoE] Layer 31: loading 1 expert(s)
[MoE] Layer 32: loading 3 expert(s)
[MoE] Layer 33: loading 3 expert(s)
[MoE] Layer 34: loading 6 expert(s)
[MoE] Layer 35: loading 7 expert(s)
[MoE] Layer 36: loading 3 expert(s)
[MoE] Layer 37: loading 4 expert(s)
[MoE] Layer 38: loading 3 expert(s)
[MoE] Layer 39: loading 4 expert(s)
[MoE] Layer 40: loading 4 expert(s)
[MoE] Layer 41: loading 6 expert(s)
[MoE] Layer 42: loading 6 expert(s)
[MoE] Layer 43: loading 4 expert(s)
[MoE] Layer 44: loading 3 expert(s)
[MoE] Layer 45: loading 3 expert(s)
[MoE] Layer 46: loading 5 expert(s)
[MoE] Layer 47: loading 5 expert(s)
[MoE] Layer 0: loading 7 expert(s)
[MoE] Layer 1: loading 7 expert(s)
[MoE] Layer 2: loading 6 expert(s)
[MoE] Layer 3: loading 3 expert(s)
[MoE] Layer 4: loading 7 expert(s)
[MoE] Layer 5: loading 6 expert(s)
[MoE] Layer 6: loading 3 expert(s)
[MoE] Layer 7: loading 2 expert(s)
[MoE] Layer 8: loading 5 expert(s)
[MoE] Layer 9: loading 5 expert(s)
[MoE] Layer 10: loading 2 expert(s)
[MoE] Layer 11: loading 7 expert(s)
[MoE] Layer 12: loading 3 expert(s)
[MoE] Layer 13: loading 5 expert(s)
[MoE] Layer 14: loading 4 expert(s)
[MoE] Layer 15: loading 3 expert(s)
[MoE] Layer 16: loading 2 expert(s)
[MoE] Layer 17: loading 2 expert(s)
[MoE] Layer 18: loading 1 expert(s)
[MoE] Layer 19: loading 3 expert(s)
[MoE] Layer 20: loading 3 expert(s)
[MoE] Layer 21: loading 3 expert(s)
[MoE] Layer 22: loading 4 expert(s)
[MoE] Layer 23: loading 5 expert(s)
[MoE] Layer 24: loading 4 expert(s)
[MoE] Layer 25: loading 4 expert(s)
[MoE] Layer 26: loading 3 expert(s)
[MoE] Layer 27: loading 3 expert(s)
[MoE] Layer 28: loading 2 expert(s)
[MoE] Layer 29: loading 5 expert(s)
[MoE] Layer 30: loading 1 expert(s)
[MoE] Layer 31: loading 1 expert(s)
[MoE] Layer 32: loading 4 expert(s)
[MoE] Layer 33: loading 3 expert(s)
[MoE] Layer 34: loading 4 expert(s)
[MoE] Layer 35: loading 3 expert(s)
[MoE] Layer 36: loading 3 expert(s)
[MoE] Layer 37: loading 4 expert(s)
[MoE] Layer 38: loading 2 expert(s)
[MoE] Layer 39: loading 3 expert(s)
[MoE] Layer 40: loading 1 expert(s)
[MoE] Layer 41: loading 5 expert(s)
[MoE] Layer 42: loading 3 expert(s)
[MoE] Layer 43: loading 5 expert(s)
[MoE] Layer 44: loading 4 expert(s)
[MoE] Layer 45: loading 4 expert(s)
[MoE] Layer 46: loading 4 expert(s)
[MoE] Layer 47: loading 6 expert(s)
[gen 45/99] elapsed=17.3s  TPS=2.596
[MoE] Layer 0: loading 7 expert(s)
[MoE] Layer 1: loading 7 expert(s)
[MoE] Layer 2: loading 4 expert(s)
[MoE] Layer 3: loading 5 expert(s)
[MoE] Layer 4: loading 2 expert(s)
[MoE] Layer 5: loading 2 expert(s)
[MoE] Layer 6: loading 1 expert(s)
[MoE] Layer 7: loading 2 expert(s)
[MoE] Layer 8: loading 3 expert(s)
[MoE] Layer 9: loading 2 expert(s)
[MoE] Layer 11: loading 1 expert(s)
[MoE] Layer 12: loading 3 expert(s)
[MoE] Layer 13: loading 1 expert(s)
[MoE] Layer 14: loading 3 expert(s)
[MoE] Layer 15: loading 2 expert(s)
[MoE] Layer 16: loading 3 expert(s)
[MoE] Layer 17: loading 2 expert(s)
[MoE] Layer 18: loading 2 expert(s)
[MoE] Layer 19: loading 3 expert(s)
[MoE] Layer 20: loading 2 expert(s)
[MoE] Layer 21: loading 4 expert(s)
[MoE] Layer 22: loading 3 expert(s)
[MoE] Layer 23: loading 3 expert(s)
[MoE] Layer 24: loading 2 expert(s)
[MoE] Layer 25: loading 4 expert(s)
[MoE] Layer 26: loading 3 expert(s)
[MoE] Layer 27: loading 3 expert(s)
[MoE] Layer 28: loading 2 expert(s)
[MoE] Layer 29: loading 2 expert(s)
[MoE] Layer 30: loading 2 expert(s)
[MoE] Layer 31: loading 2 expert(s)
[MoE] Layer 32: loading 4 expert(s)
[MoE] Layer 33: loading 2 expert(s)
[MoE] Layer 34: loading 3 expert(s)
[MoE] Layer 35: loading 2 expert(s)
[MoE] Layer 36: loading 2 expert(s)
[MoE] Layer 37: loading 4 expert(s)
[MoE] Layer 38: loading 3 expert(s)
[MoE] Layer 39: loading 3 expert(s)
[MoE] Layer 40: loading 5 expert(s)
[MoE] Layer 41: loading 4 expert(s)
[MoE] Layer 42: loading 4 expert(s)
[MoE] Layer 43: loading 3 expert(s)
[MoE] Layer 44: loading 3 expert(s)
[MoE] Layer 45: loading 3 expert(s)
[MoE] Layer 46: loading 5 expert(s)
[MoE] Layer 47: loading 2 expert(s)
[MoE] Layer 0: loading 7 expert(s)
[MoE] Layer 1: loading 3 expert(s)
[MoE] Layer 2: loading 2 expert(s)
[MoE] Layer 3: loading 2 expert(s)
[MoE] Layer 4: loading 4 expert(s)
[MoE] Layer 5: loading 4 expert(s)
[MoE] Layer 6: loading 4 expert(s)
[MoE] Layer 7: loading 1 expert(s)
[MoE] Layer 8: loading 3 expert(s)
[MoE] Layer 9: loading 4 expert(s)
[MoE] Layer 10: loading 4 expert(s)
[MoE] Layer 11: loading 2 expert(s)
[MoE] Layer 12: loading 1 expert(s)
[MoE] Layer 13: loading 4 expert(s)
[MoE] Layer 14: loading 2 expert(s)
[MoE] Layer 15: loading 2 expert(s)
[MoE] Layer 16: loading 3 expert(s)
[MoE] Layer 17: loading 2 expert(s)
[MoE] Layer 18: loading 3 expert(s)
[MoE] Layer 19: loading 1 expert(s)
[MoE] Layer 20: loading 2 expert(s)
[MoE] Layer 21: loading 2 expert(s)
[MoE] Layer 22: loading 3 expert(s)
[MoE] Layer 23: loading 5 expert(s)
[MoE] Layer 24: loading 4 expert(s)
[MoE] Layer 25: loading 6 expert(s)
[MoE] Layer 26: loading 5 expert(s)
[MoE] Layer 27: loading 4 expert(s)
[MoE] Layer 28: loading 4 expert(s)
[MoE] Layer 29: loading 4 expert(s)
[MoE] Layer 30: loading 4 expert(s)
[MoE] Layer 31: loading 3 expert(s)
[MoE] Layer 32: loading 4 expert(s)
[MoE] Layer 33: loading 4 expert(s)
[MoE] Layer 34: loading 7 expert(s)
[MoE] Layer 35: loading 4 expert(s)
[MoE] Layer 36: loading 3 expert(s)
[MoE] Layer 37: loading 3 expert(s)
[MoE] Layer 38: loading 3 expert(s)
[MoE] Layer 39: loading 1 expert(s)
[MoE] Layer 40: loading 4 expert(s)
[MoE] Layer 41: loading 2 expert(s)
[MoE] Layer 42: loading 2 expert(s)
[MoE] Layer 44: loading 3 expert(s)
[MoE] Layer 45: loading 2 expert(s)
[MoE] Layer 46: loading 5 expert(s)
[MoE] Layer 47: loading 4 expert(s)
[MoE] Layer 0: loading 7 expert(s)
[MoE] Layer 1: loading 3 expert(s)
[MoE] Layer 2: loading 6 expert(s)
[MoE] Layer 3: loading 4 expert(s)
[MoE] Layer 4: loading 4 expert(s)
[MoE] Layer 5: loading 3 expert(s)
[MoE] Layer 6: loading 6 expert(s)
[MoE] Layer 7: loading 3 expert(s)
[MoE] Layer 8: loading 3 expert(s)
[MoE] Layer 9: loading 3 expert(s)
[MoE] Layer 10: loading 4 expert(s)
[MoE] Layer 11: loading 6 expert(s)
[MoE] Layer 12: loading 3 expert(s)
[MoE] Layer 13: loading 4 expert(s)
[MoE] Layer 14: loading 3 expert(s)
[MoE] Layer 15: loading 2 expert(s)
[MoE] Layer 16: loading 2 expert(s)
[MoE] Layer 17: loading 3 expert(s)
[MoE] Layer 18: loading 2 expert(s)
[MoE] Layer 19: loading 1 expert(s)
[MoE] Layer 20: loading 2 expert(s)
[MoE] Layer 21: loading 2 expert(s)
[MoE] Layer 22: loading 3 expert(s)
[MoE] Layer 23: loading 2 expert(s)
[MoE] Layer 24: loading 3 expert(s)
[MoE] Layer 25: loading 4 expert(s)
[MoE] Layer 26: loading 1 expert(s)
[MoE] Layer 27: loading 1 expert(s)
[MoE] Layer 28: loading 2 expert(s)
[MoE] Layer 29: loading 3 expert(s)
[MoE] Layer 30: loading 1 expert(s)
[MoE] Layer 31: loading 1 expert(s)
[MoE] Layer 32: loading 1 expert(s)
[MoE] Layer 33: loading 2 expert(s)
[MoE] Layer 34: loading 1 expert(s)
[MoE] Layer 35: loading 2 expert(s)
[MoE] Layer 36: loading 3 expert(s)
[MoE] Layer 37: loading 2 expert(s)
[MoE] Layer 38: loading 3 expert(s)
[MoE] Layer 39: loading 1 expert(s)
[MoE] Layer 40: loading 1 expert(s)
[MoE] Layer 41: loading 2 expert(s)
[MoE] Layer 43: loading 4 expert(s)
[MoE] Layer 44: loading 6 expert(s)
[MoE] Layer 45: loading 2 expert(s)
[MoE] Layer 46: loading 4 expert(s)
[MoE] Layer 47: loading 5 expert(s)
[MoE] Layer 0: loading 5 expert(s)
[MoE] Layer 1: loading 5 expert(s)
[MoE] Layer 2: loading 4 expert(s)
[MoE] Layer 3: loading 6 expert(s)
[MoE] Layer 4: loading 4 expert(s)
[MoE] Layer 5: loading 2 expert(s)
[MoE] Layer 6: loading 3 expert(s)
[MoE] Layer 7: loading 2 expert(s)
[MoE] Layer 8: loading 2 expert(s)
[MoE] Layer 9: loading 3 expert(s)
[MoE] Layer 10: loading 2 expert(s)
[MoE] Layer 11: loading 4 expert(s)
[MoE] Layer 12: loading 2 expert(s)
[MoE] Layer 13: loading 4 expert(s)
[MoE] Layer 14: loading 3 expert(s)
[MoE] Layer 15: loading 1 expert(s)
[MoE] Layer 16: loading 2 expert(s)
[MoE] Layer 17: loading 4 expert(s)
[MoE] Layer 18: loading 3 expert(s)
[MoE] Layer 19: loading 1 expert(s)
[MoE] Layer 20: loading 2 expert(s)
[MoE] Layer 21: loading 4 expert(s)
[MoE] Layer 22: loading 3 expert(s)
[MoE] Layer 23: loading 3 expert(s)
[MoE] Layer 24: loading 2 expert(s)
[MoE] Layer 25: loading 1 expert(s)
[MoE] Layer 26: loading 1 expert(s)
[MoE] Layer 27: loading 2 expert(s)
[MoE] Layer 28: loading 5 expert(s)
[MoE] Layer 29: loading 2 expert(s)
[MoE] Layer 30: loading 2 expert(s)
[MoE] Layer 31: loading 2 expert(s)
[MoE] Layer 32: loading 3 expert(s)
[MoE] Layer 33: loading 6 expert(s)
[MoE] Layer 34: loading 3 expert(s)
[MoE] Layer 35: loading 5 expert(s)
[MoE] Layer 36: loading 3 expert(s)
[MoE] Layer 37: loading 2 expert(s)
[MoE] Layer 38: loading 1 expert(s)
[MoE] Layer 39: loading 1 expert(s)
[MoE] Layer 40: loading 3 expert(s)
[MoE] Layer 41: loading 5 expert(s)
[MoE] Layer 42: loading 4 expert(s)
[MoE] Layer 43: loading 3 expert(s)
[MoE] Layer 44: loading 4 expert(s)
[MoE] Layer 45: loading 2 expert(s)
[MoE] Layer 46: loading 3 expert(s)
[MoE] Layer 47: loading 3 expert(s)
[MoE] Layer 0: loading 6 expert(s)
[MoE] Layer 1: loading 5 expert(s)
[MoE] Layer 2: loading 4 expert(s)
[MoE] Layer 3: loading 5 expert(s)
[MoE] Layer 4: loading 6 expert(s)
[MoE] Layer 5: loading 5 expert(s)
[MoE] Layer 6: loading 2 expert(s)
[MoE] Layer 7: loading 4 expert(s)
[MoE] Layer 8: loading 2 expert(s)
[MoE] Layer 9: loading 4 expert(s)
[MoE] Layer 10: loading 3 expert(s)
[MoE] Layer 11: loading 4 expert(s)
[MoE] Layer 12: loading 2 expert(s)
[MoE] Layer 13: loading 4 expert(s)
[MoE] Layer 14: loading 3 expert(s)
[MoE] Layer 15: loading 2 expert(s)
[MoE] Layer 16: loading 4 expert(s)
[MoE] Layer 17: loading 2 expert(s)
[MoE] Layer 18: loading 2 expert(s)
[MoE] Layer 19: loading 2 expert(s)
[MoE] Layer 20: loading 1 expert(s)
[MoE] Layer 21: loading 3 expert(s)
[MoE] Layer 22: loading 3 expert(s)
[MoE] Layer 23: loading 7 expert(s)
[MoE] Layer 24: loading 5 expert(s)
[MoE] Layer 25: loading 4 expert(s)
[MoE] Layer 26: loading 5 expert(s)
[MoE] Layer 27: loading 3 expert(s)
[MoE] Layer 28: loading 3 expert(s)
[MoE] Layer 29: loading 4 expert(s)
[MoE] Layer 30: loading 5 expert(s)
[MoE] Layer 31: loading 5 expert(s)
[MoE] Layer 32: loading 4 expert(s)
[MoE] Layer 33: loading 5 expert(s)
[MoE] Layer 34: loading 6 expert(s)
[MoE] Layer 35: loading 6 expert(s)
[MoE] Layer 36: loading 2 expert(s)
[MoE] Layer 37: loading 2 expert(s)
[MoE] Layer 38: loading 3 expert(s)
[MoE] Layer 39: loading 2 expert(s)
[MoE] Layer 40: loading 3 expert(s)
[MoE] Layer 41: loading 3 expert(s)
[MoE] Layer 42: loading 4 expert(s)
[MoE] Layer 43: loading 5 expert(s)
[MoE] Layer 44: loading 3 expert(s)
[MoE] Layer 45: loading 3 expert(s)
[MoE] Layer 46: loading 3 expert(s)
[MoE] Layer 47: loading 2 expert(s)
[gen 50/99] elapsed=19.3s  TPS=2.596
[MoE] Layer 0: loading 6 expert(s)
[MoE] Layer 1: loading 4 expert(s)
[MoE] Layer 2: loading 4 expert(s)
[MoE] Layer 3: loading 5 expert(s)
[MoE] Layer 4: loading 2 expert(s)
[MoE] Layer 5: loading 4 expert(s)
[MoE] Layer 6: loading 3 expert(s)
[MoE] Layer 7: loading 4 expert(s)
[MoE] Layer 8: loading 2 expert(s)
[MoE] Layer 9: loading 2 expert(s)
[MoE] Layer 11: loading 1 expert(s)
[MoE] Layer 12: loading 3 expert(s)
[MoE] Layer 13: loading 3 expert(s)
[MoE] Layer 14: loading 2 expert(s)
[MoE] Layer 15: loading 1 expert(s)
[MoE] Layer 16: loading 3 expert(s)
[MoE] Layer 17: loading 1 expert(s)
[MoE] Layer 18: loading 3 expert(s)
[MoE] Layer 19: loading 2 expert(s)
[MoE] Layer 20: loading 1 expert(s)
[MoE] Layer 21: loading 5 expert(s)
[MoE] Layer 22: loading 3 expert(s)
[MoE] Layer 23: loading 6 expert(s)
[MoE] Layer 24: loading 5 expert(s)
[MoE] Layer 25: loading 2 expert(s)
[MoE] Layer 26: loading 2 expert(s)
[MoE] Layer 27: loading 2 expert(s)
[MoE] Layer 28: loading 5 expert(s)
[MoE] Layer 29: loading 4 expert(s)
[MoE] Layer 30: loading 2 expert(s)
[MoE] Layer 31: loading 3 expert(s)
[MoE] Layer 32: loading 4 expert(s)
[MoE] Layer 33: loading 4 expert(s)
[MoE] Layer 34: loading 2 expert(s)
[MoE] Layer 35: loading 3 expert(s)
[MoE] Layer 36: loading 4 expert(s)
[MoE] Layer 37: loading 3 expert(s)
[MoE] Layer 38: loading 4 expert(s)
[MoE] Layer 39: loading 3 expert(s)
[MoE] Layer 40: loading 1 expert(s)
[MoE] Layer 41: loading 3 expert(s)
[MoE] Layer 42: loading 6 expert(s)
[MoE] Layer 43: loading 3 expert(s)
[MoE] Layer 44: loading 3 expert(s)
[MoE] Layer 45: loading 3 expert(s)
[MoE] Layer 46: loading 3 expert(s)
[MoE] Layer 47: loading 3 expert(s)
[MoE] Layer 0: loading 5 expert(s)
[MoE] Layer 1: loading 5 expert(s)
[MoE] Layer 2: loading 5 expert(s)
[MoE] Layer 3: loading 4 expert(s)
[MoE] Layer 4: loading 3 expert(s)
[MoE] Layer 5: loading 4 expert(s)
[MoE] Layer 6: loading 2 expert(s)
[MoE] Layer 8: loading 4 expert(s)
[MoE] Layer 9: loading 1 expert(s)
[MoE] Layer 10: loading 1 expert(s)
[MoE] Layer 11: loading 3 expert(s)
[MoE] Layer 12: loading 3 expert(s)
[MoE] Layer 13: loading 3 expert(s)
[MoE] Layer 14: loading 3 expert(s)
[MoE] Layer 15: loading 3 expert(s)
[MoE] Layer 16: loading 3 expert(s)
[MoE] Layer 17: loading 4 expert(s)
[MoE] Layer 18: loading 1 expert(s)
[MoE] Layer 19: loading 1 expert(s)
[MoE] Layer 20: loading 2 expert(s)
[MoE] Layer 22: loading 1 expert(s)
[MoE] Layer 23: loading 2 expert(s)
[MoE] Layer 24: loading 2 expert(s)
[MoE] Layer 25: loading 3 expert(s)
[MoE] Layer 26: loading 5 expert(s)
[MoE] Layer 27: loading 3 expert(s)
[MoE] Layer 28: loading 5 expert(s)
[MoE] Layer 29: loading 4 expert(s)
[MoE] Layer 30: loading 1 expert(s)
[MoE] Layer 31: loading 4 expert(s)
[MoE] Layer 32: loading 2 expert(s)
[MoE] Layer 33: loading 2 expert(s)
[MoE] Layer 34: loading 2 expert(s)
[MoE] Layer 35: loading 4 expert(s)
[MoE] Layer 36: loading 3 expert(s)
[MoE] Layer 37: loading 4 expert(s)
[MoE] Layer 38: loading 4 expert(s)
[MoE] Layer 39: loading 3 expert(s)
[MoE] Layer 40: loading 5 expert(s)
[MoE] Layer 41: loading 4 expert(s)
[MoE] Layer 42: loading 4 expert(s)
[MoE] Layer 43: loading 4 expert(s)
[MoE] Layer 44: loading 5 expert(s)
[MoE] Layer 45: loading 4 expert(s)
[MoE] Layer 46: loading 4 expert(s)
[MoE] Layer 47: loading 3 expert(s)
[MoE] Layer 0: loading 5 expert(s)
[MoE] Layer 1: loading 5 expert(s)
[MoE] Layer 2: loading 4 expert(s)
[MoE] Layer 3: loading 2 expert(s)
[MoE] Layer 4: loading 5 expert(s)
[MoE] Layer 5: loading 2 expert(s)
[MoE] Layer 6: loading 1 expert(s)
[MoE] Layer 7: loading 1 expert(s)
[MoE] Layer 8: loading 2 expert(s)
[MoE] Layer 9: loading 1 expert(s)
[MoE] Layer 10: loading 2 expert(s)
[MoE] Layer 11: loading 1 expert(s)
[MoE] Layer 12: loading 2 expert(s)
[MoE] Layer 13: loading 4 expert(s)
[MoE] Layer 14: loading 4 expert(s)
[MoE] Layer 15: loading 1 expert(s)
[MoE] Layer 16: loading 4 expert(s)
[MoE] Layer 17: loading 1 expert(s)
[MoE] Layer 18: loading 3 expert(s)
[MoE] Layer 19: loading 1 expert(s)
[MoE] Layer 20: loading 3 expert(s)
[MoE] Layer 21: loading 1 expert(s)
[MoE] Layer 22: loading 2 expert(s)
[MoE] Layer 23: loading 2 expert(s)
[MoE] Layer 24: loading 5 expert(s)
[MoE] Layer 25: loading 4 expert(s)
[MoE] Layer 26: loading 5 expert(s)
[MoE] Layer 27: loading 3 expert(s)
[MoE] Layer 28: loading 4 expert(s)
[MoE] Layer 29: loading 3 expert(s)
[MoE] Layer 30: loading 3 expert(s)
[MoE] Layer 31: loading 4 expert(s)
[MoE] Layer 32: loading 5 expert(s)
[MoE] Layer 33: loading 4 expert(s)
[MoE] Layer 34: loading 4 expert(s)
[MoE] Layer 35: loading 3 expert(s)
[MoE] Layer 36: loading 4 expert(s)
[MoE] Layer 37: loading 4 expert(s)
[MoE] Layer 38: loading 4 expert(s)
[MoE] Layer 39: loading 5 expert(s)
[MoE] Layer 40: loading 3 expert(s)
[MoE] Layer 41: loading 4 expert(s)
[MoE] Layer 42: loading 4 expert(s)
[MoE] Layer 43: loading 2 expert(s)
[MoE] Layer 44: loading 4 expert(s)
[MoE] Layer 45: loading 4 expert(s)
[MoE] Layer 46: loading 3 expert(s)
[MoE] Layer 47: loading 6 expert(s)
[MoE] Layer 0: loading 6 expert(s)
[MoE] Layer 1: loading 5 expert(s)
[MoE] Layer 2: loading 8 expert(s)
[MoE] Layer 3: loading 6 expert(s)
[MoE] Layer 4: loading 7 expert(s)
[MoE] Layer 5: loading 4 expert(s)
[MoE] Layer 6: loading 1 expert(s)
[MoE] Layer 7: loading 1 expert(s)
[MoE] Layer 8: loading 2 expert(s)
[MoE] Layer 9: loading 3 expert(s)
[MoE] Layer 10: loading 3 expert(s)
[MoE] Layer 11: loading 4 expert(s)
[MoE] Layer 12: loading 3 expert(s)
[MoE] Layer 13: loading 4 expert(s)
[MoE] Layer 14: loading 2 expert(s)
[MoE] Layer 15: loading 2 expert(s)
[MoE] Layer 16: loading 3 expert(s)
[MoE] Layer 17: loading 2 expert(s)
[MoE] Layer 18: loading 4 expert(s)
[MoE] Layer 19: loading 2 expert(s)
[MoE] Layer 21: loading 1 expert(s)
[MoE] Layer 22: loading 3 expert(s)
[MoE] Layer 23: loading 4 expert(s)
[MoE] Layer 24: loading 3 expert(s)
[MoE] Layer 25: loading 3 expert(s)
[MoE] Layer 26: loading 2 expert(s)
[MoE] Layer 27: loading 4 expert(s)
[MoE] Layer 28: loading 2 expert(s)
[MoE] Layer 29: loading 4 expert(s)
[MoE] Layer 30: loading 2 expert(s)
[MoE] Layer 31: loading 3 expert(s)
[MoE] Layer 32: loading 2 expert(s)
[MoE] Layer 33: loading 1 expert(s)
[MoE] Layer 34: loading 1 expert(s)
[MoE] Layer 35: loading 2 expert(s)
[MoE] Layer 36: loading 1 expert(s)
[MoE] Layer 37: loading 3 expert(s)
[MoE] Layer 38: loading 4 expert(s)
[MoE] Layer 39: loading 3 expert(s)
[MoE] Layer 40: loading 1 expert(s)
[MoE] Layer 41: loading 2 expert(s)
[MoE] Layer 42: loading 2 expert(s)
[MoE] Layer 43: loading 5 expert(s)
[MoE] Layer 44: loading 5 expert(s)
[MoE] Layer 45: loading 4 expert(s)
[MoE] Layer 46: loading 4 expert(s)
[MoE] Layer 47: loading 6 expert(s)
[MoE] Layer 0: loading 7 expert(s)
[MoE] Layer 1: loading 3 expert(s)
[MoE] Layer 2: loading 3 expert(s)
[MoE] Layer 3: loading 6 expert(s)
[MoE] Layer 4: loading 3 expert(s)
[MoE] Layer 5: loading 5 expert(s)
[MoE] Layer 6: loading 5 expert(s)
[MoE] Layer 7: loading 3 expert(s)
[MoE] Layer 8: loading 4 expert(s)
[MoE] Layer 9: loading 5 expert(s)
[MoE] Layer 10: loading 4 expert(s)
[MoE] Layer 11: loading 6 expert(s)
[MoE] Layer 12: loading 4 expert(s)
[MoE] Layer 13: loading 3 expert(s)
[MoE] Layer 14: loading 2 expert(s)
[MoE] Layer 15: loading 3 expert(s)
[MoE] Layer 16: loading 2 expert(s)
[MoE] Layer 17: loading 2 expert(s)
[MoE] Layer 18: loading 2 expert(s)
[MoE] Layer 19: loading 2 expert(s)
[MoE] Layer 20: loading 2 expert(s)
[MoE] Layer 22: loading 1 expert(s)
[MoE] Layer 23: loading 2 expert(s)
[MoE] Layer 24: loading 3 expert(s)
[MoE] Layer 25: loading 4 expert(s)
[MoE] Layer 26: loading 2 expert(s)
[MoE] Layer 27: loading 4 expert(s)
[MoE] Layer 29: loading 3 expert(s)
[MoE] Layer 30: loading 1 expert(s)
[MoE] Layer 31: loading 2 expert(s)
[MoE] Layer 32: loading 1 expert(s)
[MoE] Layer 33: loading 1 expert(s)
[MoE] Layer 34: loading 1 expert(s)
[MoE] Layer 35: loading 1 expert(s)
[MoE] Layer 36: loading 3 expert(s)
[MoE] Layer 37: loading 2 expert(s)
[MoE] Layer 38: loading 3 expert(s)
[MoE] Layer 39: loading 4 expert(s)
[MoE] Layer 40: loading 2 expert(s)
[MoE] Layer 41: loading 1 expert(s)
[MoE] Layer 42: loading 2 expert(s)
[MoE] Layer 43: loading 4 expert(s)
[MoE] Layer 44: loading 3 expert(s)
[MoE] Layer 45: loading 5 expert(s)
[MoE] Layer 46: loading 3 expert(s)
[MoE] Layer 47: loading 3 expert(s)
[gen 55/99] elapsed=21.2s  TPS=2.600
[MoE] Layer 0: loading 4 expert(s)
[MoE] Layer 1: loading 3 expert(s)
[MoE] Layer 2: loading 3 expert(s)
[MoE] Layer 3: loading 3 expert(s)
[MoE] Layer 4: loading 1 expert(s)
[MoE] Layer 5: loading 4 expert(s)
[MoE] Layer 6: loading 2 expert(s)
[MoE] Layer 7: loading 2 expert(s)
[MoE] Layer 8: loading 3 expert(s)
[MoE] Layer 9: loading 4 expert(s)
[MoE] Layer 10: loading 3 expert(s)
[MoE] Layer 11: loading 3 expert(s)
[MoE] Layer 12: loading 2 expert(s)
[MoE] Layer 13: loading 3 expert(s)
[MoE] Layer 15: loading 2 expert(s)
[MoE] Layer 19: loading 1 expert(s)
[MoE] Layer 21: loading 1 expert(s)
[MoE] Layer 22: loading 2 expert(s)
[MoE] Layer 23: loading 3 expert(s)
[MoE] Layer 25: loading 3 expert(s)
[MoE] Layer 26: loading 4 expert(s)
[MoE] Layer 27: loading 2 expert(s)
[MoE] Layer 28: loading 2 expert(s)
[MoE] Layer 30: loading 1 expert(s)
[MoE] Layer 31: loading 3 expert(s)
[MoE] Layer 32: loading 4 expert(s)
[MoE] Layer 33: loading 1 expert(s)
[MoE] Layer 34: loading 4 expert(s)
[MoE] Layer 35: loading 2 expert(s)
[MoE] Layer 36: loading 3 expert(s)
[MoE] Layer 37: loading 2 expert(s)
[MoE] Layer 38: loading 3 expert(s)
[MoE] Layer 39: loading 3 expert(s)
[MoE] Layer 41: loading 1 expert(s)
[MoE] Layer 43: loading 2 expert(s)
[MoE] Layer 44: loading 2 expert(s)
[MoE] Layer 45: loading 3 expert(s)
[MoE] Layer 46: loading 4 expert(s)
[MoE] Layer 47: loading 4 expert(s)
[MoE] Layer 0: loading 6 expert(s)
[MoE] Layer 1: loading 5 expert(s)
[MoE] Layer 2: loading 6 expert(s)
[MoE] Layer 3: loading 3 expert(s)
[MoE] Layer 4: loading 5 expert(s)
[MoE] Layer 5: loading 5 expert(s)
[MoE] Layer 6: loading 1 expert(s)
[MoE] Layer 7: loading 3 expert(s)
[MoE] Layer 8: loading 3 expert(s)
[MoE] Layer 9: loading 4 expert(s)
[MoE] Layer 10: loading 3 expert(s)
[MoE] Layer 11: loading 3 expert(s)
[MoE] Layer 12: loading 1 expert(s)
[MoE] Layer 13: loading 4 expert(s)
[MoE] Layer 14: loading 3 expert(s)
[MoE] Layer 15: loading 2 expert(s)
[MoE] Layer 16: loading 3 expert(s)
[MoE] Layer 17: loading 3 expert(s)
[MoE] Layer 18: loading 2 expert(s)
[MoE] Layer 19: loading 2 expert(s)
[MoE] Layer 20: loading 4 expert(s)
[MoE] Layer 21: loading 2 expert(s)
[MoE] Layer 22: loading 2 expert(s)
[MoE] Layer 23: loading 3 expert(s)
[MoE] Layer 24: loading 3 expert(s)
[MoE] Layer 25: loading 1 expert(s)
[MoE] Layer 26: loading 2 expert(s)
[MoE] Layer 27: loading 3 expert(s)
[MoE] Layer 28: loading 2 expert(s)
[MoE] Layer 29: loading 3 expert(s)
[MoE] Layer 30: loading 1 expert(s)
[MoE] Layer 31: loading 1 expert(s)
[MoE] Layer 33: loading 2 expert(s)
[MoE] Layer 34: loading 1 expert(s)
[MoE] Layer 35: loading 1 expert(s)
[MoE] Layer 36: loading 2 expert(s)
[MoE] Layer 37: loading 3 expert(s)
[MoE] Layer 38: loading 4 expert(s)
[MoE] Layer 39: loading 1 expert(s)
[MoE] Layer 41: loading 2 expert(s)
[MoE] Layer 42: loading 2 expert(s)
[MoE] Layer 43: loading 3 expert(s)
[MoE] Layer 44: loading 2 expert(s)
[MoE] Layer 45: loading 6 expert(s)
[MoE] Layer 46: loading 2 expert(s)
[MoE] Layer 47: loading 3 expert(s)
[MoE] Layer 0: loading 2 expert(s)
[MoE] Layer 1: loading 4 expert(s)
[MoE] Layer 2: loading 5 expert(s)
[MoE] Layer 3: loading 2 expert(s)
[MoE] Layer 4: loading 3 expert(s)
[MoE] Layer 5: loading 3 expert(s)
[MoE] Layer 6: loading 4 expert(s)
[MoE] Layer 7: loading 1 expert(s)
[MoE] Layer 8: loading 1 expert(s)
[MoE] Layer 9: loading 1 expert(s)
[MoE] Layer 10: loading 4 expert(s)
[MoE] Layer 11: loading 1 expert(s)
[MoE] Layer 12: loading 4 expert(s)
[MoE] Layer 13: loading 1 expert(s)
[MoE] Layer 14: loading 5 expert(s)
[MoE] Layer 15: loading 2 expert(s)
[MoE] Layer 16: loading 4 expert(s)
[MoE] Layer 17: loading 4 expert(s)
[MoE] Layer 18: loading 2 expert(s)
[MoE] Layer 19: loading 1 expert(s)
[MoE] Layer 20: loading 4 expert(s)
[MoE] Layer 21: loading 6 expert(s)
[MoE] Layer 22: loading 3 expert(s)
[MoE] Layer 23: loading 4 expert(s)
[MoE] Layer 24: loading 4 expert(s)
[MoE] Layer 25: loading 4 expert(s)
[MoE] Layer 26: loading 6 expert(s)
[MoE] Layer 27: loading 1 expert(s)
[MoE] Layer 28: loading 4 expert(s)
[MoE] Layer 29: loading 4 expert(s)
[MoE] Layer 30: loading 4 expert(s)
[MoE] Layer 31: loading 2 expert(s)
[MoE] Layer 32: loading 2 expert(s)
[MoE] Layer 33: loading 1 expert(s)
[MoE] Layer 34: loading 2 expert(s)
[MoE] Layer 35: loading 2 expert(s)
[MoE] Layer 36: loading 1 expert(s)
[MoE] Layer 37: loading 3 expert(s)
[MoE] Layer 38: loading 3 expert(s)
[MoE] Layer 39: loading 3 expert(s)
[MoE] Layer 40: loading 1 expert(s)
[MoE] Layer 41: loading 3 expert(s)
[MoE] Layer 42: loading 1 expert(s)
[MoE] Layer 43: loading 3 expert(s)
[MoE] Layer 44: loading 4 expert(s)
[MoE] Layer 45: loading 3 expert(s)
[MoE] Layer 46: loading 2 expert(s)
[MoE] Layer 47: loading 1 expert(s)
[MoE] Layer 0: loading 1 expert(s)
[MoE] Layer 1: loading 1 expert(s)
[MoE] Layer 2: loading 4 expert(s)
[MoE] Layer 3: loading 4 expert(s)
[MoE] Layer 4: loading 4 expert(s)
[MoE] Layer 5: loading 4 expert(s)
[MoE] Layer 6: loading 2 expert(s)
[MoE] Layer 7: loading 1 expert(s)
[MoE] Layer 8: loading 2 expert(s)
[MoE] Layer 10: loading 2 expert(s)
[MoE] Layer 11: loading 2 expert(s)
[MoE] Layer 13: loading 3 expert(s)
[MoE] Layer 14: loading 2 expert(s)
[MoE] Layer 15: loading 3 expert(s)
[MoE] Layer 16: loading 2 expert(s)
[MoE] Layer 17: loading 3 expert(s)
[MoE] Layer 18: loading 2 expert(s)
[MoE] Layer 19: loading 1 expert(s)
[MoE] Layer 20: loading 2 expert(s)
[MoE] Layer 21: loading 2 expert(s)
[MoE] Layer 22: loading 1 expert(s)
[MoE] Layer 23: loading 5 expert(s)
[MoE] Layer 24: loading 4 expert(s)
[MoE] Layer 25: loading 2 expert(s)
[MoE] Layer 26: loading 3 expert(s)
[MoE] Layer 27: loading 2 expert(s)
[MoE] Layer 28: loading 3 expert(s)
[MoE] Layer 29: loading 3 expert(s)
[MoE] Layer 30: loading 4 expert(s)
[MoE] Layer 31: loading 3 expert(s)
[MoE] Layer 32: loading 3 expert(s)
[MoE] Layer 33: loading 3 expert(s)
[MoE] Layer 34: loading 4 expert(s)
[MoE] Layer 35: loading 4 expert(s)
[MoE] Layer 36: loading 4 expert(s)
[MoE] Layer 37: loading 4 expert(s)
[MoE] Layer 38: loading 5 expert(s)
[MoE] Layer 39: loading 1 expert(s)
[MoE] Layer 40: loading 1 expert(s)
[MoE] Layer 41: loading 3 expert(s)
[MoE] Layer 43: loading 1 expert(s)
[MoE] Layer 44: loading 4 expert(s)
[MoE] Layer 45: loading 2 expert(s)
[MoE] Layer 46: loading 2 expert(s)
[MoE] Layer 47: loading 2 expert(s)
[MoE] Layer 0: loading 1 expert(s)
[MoE] Layer 1: loading 2 expert(s)
[MoE] Layer 2: loading 3 expert(s)
[MoE] Layer 3: loading 5 expert(s)
[MoE] Layer 4: loading 1 expert(s)
[MoE] Layer 5: loading 2 expert(s)
[MoE] Layer 6: loading 3 expert(s)
[MoE] Layer 7: loading 1 expert(s)
[MoE] Layer 8: loading 1 expert(s)
[MoE] Layer 9: loading 3 expert(s)
[MoE] Layer 10: loading 2 expert(s)
[MoE] Layer 11: loading 2 expert(s)
[MoE] Layer 12: loading 4 expert(s)
[MoE] Layer 13: loading 1 expert(s)
[MoE] Layer 14: loading 5 expert(s)
[MoE] Layer 15: loading 3 expert(s)
[MoE] Layer 16: loading 4 expert(s)
[MoE] Layer 17: loading 3 expert(s)
[MoE] Layer 18: loading 3 expert(s)
[MoE] Layer 19: loading 2 expert(s)
[MoE] Layer 20: loading 3 expert(s)
[MoE] Layer 21: loading 4 expert(s)
[MoE] Layer 22: loading 3 expert(s)
[MoE] Layer 23: loading 5 expert(s)
[MoE] Layer 24: loading 5 expert(s)
[MoE] Layer 25: loading 5 expert(s)
[MoE] Layer 26: loading 5 expert(s)
[MoE] Layer 27: loading 5 expert(s)
[MoE] Layer 28: loading 3 expert(s)
[MoE] Layer 29: loading 5 expert(s)
[MoE] Layer 30: loading 4 expert(s)
[MoE] Layer 31: loading 4 expert(s)
[MoE] Layer 32: loading 2 expert(s)
[MoE] Layer 33: loading 6 expert(s)
[MoE] Layer 34: loading 5 expert(s)
[MoE] Layer 35: loading 3 expert(s)
[MoE] Layer 36: loading 4 expert(s)
[MoE] Layer 37: loading 6 expert(s)
[MoE] Layer 38: loading 5 expert(s)
[MoE] Layer 39: loading 2 expert(s)
[MoE] Layer 40: loading 1 expert(s)
[MoE] Layer 41: loading 2 expert(s)
[MoE] Layer 42: loading 3 expert(s)
[MoE] Layer 43: loading 3 expert(s)
[MoE] Layer 44: loading 4 expert(s)
[MoE] Layer 45: loading 5 expert(s)
[MoE] Layer 46: loading 6 expert(s)
[MoE] Layer 47: loading 5 expert(s)
[gen 60/99] elapsed=22.9s  TPS=2.620
[MoE] Layer 0: loading 7 expert(s)
[MoE] Layer 1: loading 3 expert(s)
[MoE] Layer 2: loading 6 expert(s)
[MoE] Layer 3: loading 3 expert(s)
[MoE] Layer 4: loading 3 expert(s)
[MoE] Layer 5: loading 3 expert(s)
[MoE] Layer 6: loading 3 expert(s)
[MoE] Layer 7: loading 2 expert(s)
[MoE] Layer 8: loading 1 expert(s)
[MoE] Layer 9: loading 3 expert(s)
[MoE] Layer 10: loading 1 expert(s)
[MoE] Layer 11: loading 1 expert(s)
[MoE] Layer 12: loading 2 expert(s)
[MoE] Layer 13: loading 3 expert(s)
[MoE] Layer 14: loading 3 expert(s)
[MoE] Layer 15: loading 1 expert(s)
[MoE] Layer 16: loading 5 expert(s)
[MoE] Layer 17: loading 4 expert(s)
[MoE] Layer 19: loading 1 expert(s)
[MoE] Layer 20: loading 4 expert(s)
[MoE] Layer 21: loading 2 expert(s)
[MoE] Layer 22: loading 2 expert(s)
[MoE] Layer 23: loading 6 expert(s)
[MoE] Layer 24: loading 3 expert(s)
[MoE] Layer 25: loading 5 expert(s)
[MoE] Layer 26: loading 2 expert(s)
[MoE] Layer 27: loading 3 expert(s)
[MoE] Layer 28: loading 5 expert(s)
[MoE] Layer 29: loading 6 expert(s)
[MoE] Layer 30: loading 7 expert(s)
[MoE] Layer 31: loading 3 expert(s)
[MoE] Layer 32: loading 3 expert(s)
[MoE] Layer 33: loading 4 expert(s)
[MoE] Layer 34: loading 4 expert(s)
[MoE] Layer 35: loading 4 expert(s)
[MoE] Layer 36: loading 4 expert(s)
[MoE] Layer 37: loading 5 expert(s)
[MoE] Layer 38: loading 6 expert(s)
[MoE] Layer 39: loading 4 expert(s)
[MoE] Layer 40: loading 5 expert(s)
[MoE] Layer 41: loading 5 expert(s)
[MoE] Layer 42: loading 7 expert(s)
[MoE] Layer 43: loading 6 expert(s)
[MoE] Layer 44: loading 6 expert(s)
[MoE] Layer 45: loading 6 expert(s)
[MoE] Layer 46: loading 7 expert(s)
[MoE] Layer 47: loading 7 expert(s)
[MoE] Layer 0: loading 7 expert(s)
[MoE] Layer 1: loading 5 expert(s)
[MoE] Layer 2: loading 7 expert(s)
[MoE] Layer 3: loading 7 expert(s)
[MoE] Layer 4: loading 5 expert(s)
[MoE] Layer 5: loading 4 expert(s)
[MoE] Layer 6: loading 4 expert(s)
[MoE] Layer 7: loading 2 expert(s)
[MoE] Layer 8: loading 2 expert(s)
[MoE] Layer 9: loading 4 expert(s)
[MoE] Layer 10: loading 3 expert(s)
[MoE] Layer 11: loading 5 expert(s)
[MoE] Layer 12: loading 3 expert(s)
[MoE] Layer 13: loading 1 expert(s)
[MoE] Layer 14: loading 3 expert(s)
[MoE] Layer 15: loading 1 expert(s)
[MoE] Layer 16: loading 5 expert(s)
[MoE] Layer 17: loading 3 expert(s)
[MoE] Layer 18: loading 1 expert(s)
[MoE] Layer 19: loading 3 expert(s)
[MoE] Layer 20: loading 1 expert(s)
[MoE] Layer 21: loading 1 expert(s)
[MoE] Layer 22: loading 1 expert(s)
[MoE] Layer 23: loading 4 expert(s)
[MoE] Layer 24: loading 3 expert(s)
[MoE] Layer 25: loading 2 expert(s)
[MoE] Layer 26: loading 2 expert(s)
[MoE] Layer 27: loading 2 expert(s)
[MoE] Layer 28: loading 2 expert(s)
[MoE] Layer 29: loading 5 expert(s)
[MoE] Layer 30: loading 2 expert(s)
[MoE] Layer 31: loading 2 expert(s)
[MoE] Layer 32: loading 1 expert(s)
[MoE] Layer 33: loading 3 expert(s)
[MoE] Layer 34: loading 1 expert(s)
[MoE] Layer 35: loading 3 expert(s)
[MoE] Layer 36: loading 2 expert(s)
[MoE] Layer 37: loading 5 expert(s)
[MoE] Layer 38: loading 4 expert(s)
[MoE] Layer 39: loading 3 expert(s)
[MoE] Layer 40: loading 4 expert(s)
[MoE] Layer 41: loading 5 expert(s)
[MoE] Layer 42: loading 6 expert(s)
[MoE] Layer 43: loading 6 expert(s)
[MoE] Layer 44: loading 5 expert(s)
[MoE] Layer 45: loading 5 expert(s)
[MoE] Layer 46: loading 6 expert(s)
[MoE] Layer 47: loading 8 expert(s)
[MoE] Layer 0: loading 7 expert(s)
[MoE] Layer 1: loading 6 expert(s)
[MoE] Layer 2: loading 7 expert(s)
[MoE] Layer 3: loading 6 expert(s)
[MoE] Layer 4: loading 5 expert(s)
[MoE] Layer 5: loading 7 expert(s)
[MoE] Layer 6: loading 3 expert(s)
[MoE] Layer 7: loading 5 expert(s)
[MoE] Layer 8: loading 3 expert(s)
[MoE] Layer 9: loading 3 expert(s)
[MoE] Layer 10: loading 1 expert(s)
[MoE] Layer 11: loading 4 expert(s)
[MoE] Layer 12: loading 4 expert(s)
[MoE] Layer 13: loading 5 expert(s)
[MoE] Layer 14: loading 5 expert(s)
[MoE] Layer 15: loading 2 expert(s)
[MoE] Layer 16: loading 4 expert(s)
[MoE] Layer 17: loading 2 expert(s)
[MoE] Layer 18: loading 1 expert(s)
[MoE] Layer 20: loading 3 expert(s)
[MoE] Layer 21: loading 2 expert(s)
[MoE] Layer 22: loading 2 expert(s)
[MoE] Layer 23: loading 4 expert(s)
[MoE] Layer 24: loading 5 expert(s)
[MoE] Layer 25: loading 4 expert(s)
[MoE] Layer 26: loading 4 expert(s)
[MoE] Layer 27: loading 2 expert(s)
[MoE] Layer 28: loading 2 expert(s)
[MoE] Layer 29: loading 3 expert(s)
[MoE] Layer 30: loading 2 expert(s)
[MoE] Layer 31: loading 1 expert(s)
[MoE] Layer 32: loading 3 expert(s)
[MoE] Layer 33: loading 1 expert(s)
[MoE] Layer 34: loading 3 expert(s)
[MoE] Layer 35: loading 5 expert(s)
[MoE] Layer 36: loading 4 expert(s)
[MoE] Layer 37: loading 4 expert(s)
[MoE] Layer 38: loading 5 expert(s)
[MoE] Layer 39: loading 4 expert(s)
[MoE] Layer 40: loading 5 expert(s)
[MoE] Layer 41: loading 7 expert(s)
[MoE] Layer 42: loading 7 expert(s)
[MoE] Layer 43: loading 6 expert(s)
[MoE] Layer 44: loading 6 expert(s)
[MoE] Layer 45: loading 4 expert(s)
[MoE] Layer 46: loading 4 expert(s)
[MoE] Layer 47: loading 6 expert(s)
[MoE] Layer 0: loading 7 expert(s)
[MoE] Layer 1: loading 4 expert(s)
[MoE] Layer 2: loading 6 expert(s)
[MoE] Layer 3: loading 5 expert(s)
[MoE] Layer 4: loading 5 expert(s)
[MoE] Layer 5: loading 6 expert(s)
[MoE] Layer 6: loading 6 expert(s)
[MoE] Layer 7: loading 5 expert(s)
[MoE] Layer 8: loading 5 expert(s)
[MoE] Layer 9: loading 5 expert(s)
[MoE] Layer 10: loading 5 expert(s)
[MoE] Layer 11: loading 6 expert(s)
[MoE] Layer 12: loading 4 expert(s)
[MoE] Layer 13: loading 4 expert(s)
[MoE] Layer 14: loading 4 expert(s)
[MoE] Layer 15: loading 5 expert(s)
[MoE] Layer 16: loading 5 expert(s)
[MoE] Layer 17: loading 3 expert(s)
[MoE] Layer 18: loading 2 expert(s)
[MoE] Layer 19: loading 4 expert(s)
[MoE] Layer 20: loading 3 expert(s)
[MoE] Layer 21: loading 1 expert(s)
[MoE] Layer 22: loading 3 expert(s)
[MoE] Layer 23: loading 4 expert(s)
[MoE] Layer 24: loading 3 expert(s)
[MoE] Layer 25: loading 2 expert(s)
[MoE] Layer 26: loading 4 expert(s)
[MoE] Layer 27: loading 2 expert(s)
[MoE] Layer 28: loading 2 expert(s)
[MoE] Layer 29: loading 4 expert(s)
[MoE] Layer 30: loading 1 expert(s)
[MoE] Layer 31: loading 1 expert(s)
[MoE] Layer 32: loading 3 expert(s)
[MoE] Layer 33: loading 1 expert(s)
[MoE] Layer 34: loading 2 expert(s)
[MoE] Layer 35: loading 3 expert(s)
[MoE] Layer 36: loading 3 expert(s)
[MoE] Layer 37: loading 2 expert(s)
[MoE] Layer 38: loading 3 expert(s)
[MoE] Layer 39: loading 3 expert(s)
[MoE] Layer 40: loading 4 expert(s)
[MoE] Layer 41: loading 7 expert(s)
[MoE] Layer 42: loading 4 expert(s)
[MoE] Layer 43: loading 7 expert(s)
[MoE] Layer 44: loading 5 expert(s)
[MoE] Layer 45: loading 3 expert(s)
[MoE] Layer 46: loading 6 expert(s)
[MoE] Layer 47: loading 7 expert(s)
[MoE] Layer 0: loading 7 expert(s)
[MoE] Layer 1: loading 5 expert(s)
[MoE] Layer 2: loading 3 expert(s)
[MoE] Layer 3: loading 6 expert(s)
[MoE] Layer 4: loading 3 expert(s)
[MoE] Layer 5: loading 5 expert(s)
[MoE] Layer 6: loading 3 expert(s)
[MoE] Layer 7: loading 1 expert(s)
[MoE] Layer 8: loading 2 expert(s)
[MoE] Layer 9: loading 2 expert(s)
[MoE] Layer 10: loading 4 expert(s)
[MoE] Layer 11: loading 2 expert(s)
[MoE] Layer 12: loading 2 expert(s)
[MoE] Layer 13: loading 2 expert(s)
[MoE] Layer 14: loading 1 expert(s)
[MoE] Layer 15: loading 3 expert(s)
[MoE] Layer 16: loading 2 expert(s)
[MoE] Layer 17: loading 2 expert(s)
[MoE] Layer 18: loading 1 expert(s)
[MoE] Layer 19: loading 1 expert(s)
[MoE] Layer 20: loading 3 expert(s)
[MoE] Layer 21: loading 1 expert(s)
[MoE] Layer 22: loading 1 expert(s)
[MoE] Layer 23: loading 2 expert(s)
[MoE] Layer 24: loading 2 expert(s)
[MoE] Layer 25: loading 1 expert(s)
[MoE] Layer 26: loading 3 expert(s)
[MoE] Layer 27: loading 1 expert(s)
[MoE] Layer 28: loading 1 expert(s)
[MoE] Layer 29: loading 2 expert(s)
[MoE] Layer 31: loading 1 expert(s)
[MoE] Layer 32: loading 2 expert(s)
[MoE] Layer 33: loading 1 expert(s)
[MoE] Layer 34: loading 5 expert(s)
[MoE] Layer 35: loading 3 expert(s)
[MoE] Layer 36: loading 2 expert(s)
[MoE] Layer 37: loading 1 expert(s)
[MoE] Layer 38: loading 1 expert(s)
[MoE] Layer 39: loading 3 expert(s)
[MoE] Layer 40: loading 2 expert(s)
[MoE] Layer 41: loading 5 expert(s)
[MoE] Layer 42: loading 2 expert(s)
[MoE] Layer 43: loading 5 expert(s)
[MoE] Layer 44: loading 1 expert(s)
[MoE] Layer 45: loading 1 expert(s)
[MoE] Layer 46: loading 3 expert(s)
[MoE] Layer 47: loading 3 expert(s)
[gen 65/99] elapsed=25.0s  TPS=2.600
[MoE] Layer 0: loading 6 expert(s)
[MoE] Layer 1: loading 4 expert(s)
[MoE] Layer 2: loading 4 expert(s)
[MoE] Layer 3: loading 3 expert(s)
[MoE] Layer 4: loading 4 expert(s)
[MoE] Layer 5: loading 4 expert(s)
[MoE] Layer 6: loading 3 expert(s)
[MoE] Layer 7: loading 1 expert(s)
[MoE] Layer 8: loading 3 expert(s)
[MoE] Layer 9: loading 3 expert(s)
[MoE] Layer 10: loading 4 expert(s)
[MoE] Layer 11: loading 4 expert(s)
[MoE] Layer 12: loading 2 expert(s)
[MoE] Layer 13: loading 3 expert(s)
[MoE] Layer 14: loading 3 expert(s)
[MoE] Layer 15: loading 1 expert(s)
[MoE] Layer 16: loading 3 expert(s)
[MoE] Layer 17: loading 4 expert(s)
[MoE] Layer 18: loading 1 expert(s)
[MoE] Layer 19: loading 2 expert(s)
[MoE] Layer 20: loading 5 expert(s)
[MoE] Layer 21: loading 3 expert(s)
[MoE] Layer 22: loading 2 expert(s)
[MoE] Layer 23: loading 3 expert(s)
[MoE] Layer 24: loading 3 expert(s)
[MoE] Layer 25: loading 3 expert(s)
[MoE] Layer 26: loading 4 expert(s)
[MoE] Layer 27: loading 1 expert(s)
[MoE] Layer 28: loading 3 expert(s)
[MoE] Layer 29: loading 3 expert(s)
[MoE] Layer 30: loading 1 expert(s)
[MoE] Layer 31: loading 3 expert(s)
[MoE] Layer 32: loading 3 expert(s)
[MoE] Layer 33: loading 2 expert(s)
[MoE] Layer 34: loading 2 expert(s)
[MoE] Layer 35: loading 3 expert(s)
[MoE] Layer 36: loading 3 expert(s)
[MoE] Layer 37: loading 3 expert(s)
[MoE] Layer 38: loading 4 expert(s)
[MoE] Layer 39: loading 3 expert(s)
[MoE] Layer 40: loading 3 expert(s)
[MoE] Layer 41: loading 3 expert(s)
[MoE] Layer 42: loading 3 expert(s)
[MoE] Layer 43: loading 5 expert(s)
[MoE] Layer 44: loading 3 expert(s)
[MoE] Layer 46: loading 3 expert(s)
[MoE] Layer 47: loading 2 expert(s)
[MoE] Layer 0: loading 6 expert(s)
[MoE] Layer 1: loading 4 expert(s)
[MoE] Layer 2: loading 5 expert(s)
[MoE] Layer 3: loading 5 expert(s)
[MoE] Layer 4: loading 4 expert(s)
[MoE] Layer 5: loading 6 expert(s)
[MoE] Layer 6: loading 2 expert(s)
[MoE] Layer 7: loading 1 expert(s)
[MoE] Layer 8: loading 2 expert(s)
[MoE] Layer 9: loading 1 expert(s)
[MoE] Layer 10: loading 3 expert(s)
[MoE] Layer 11: loading 4 expert(s)
[MoE] Layer 12: loading 3 expert(s)
[MoE] Layer 13: loading 4 expert(s)
[MoE] Layer 14: loading 4 expert(s)
[MoE] Layer 15: loading 4 expert(s)
[MoE] Layer 16: loading 4 expert(s)
[MoE] Layer 17: loading 4 expert(s)
[MoE] Layer 19: loading 4 expert(s)
[MoE] Layer 20: loading 1 expert(s)
[MoE] Layer 21: loading 4 expert(s)
[MoE] Layer 22: loading 1 expert(s)
[MoE] Layer 23: loading 2 expert(s)
[MoE] Layer 24: loading 2 expert(s)
[MoE] Layer 25: loading 3 expert(s)
[MoE] Layer 26: loading 2 expert(s)
[MoE] Layer 27: loading 2 expert(s)
[MoE] Layer 28: loading 1 expert(s)
[MoE] Layer 29: loading 1 expert(s)
[MoE] Layer 30: loading 1 expert(s)
[MoE] Layer 31: loading 4 expert(s)
[MoE] Layer 32: loading 4 expert(s)
[MoE] Layer 33: loading 3 expert(s)
[MoE] Layer 34: loading 3 expert(s)
[MoE] Layer 35: loading 3 expert(s)
[MoE] Layer 36: loading 4 expert(s)
[MoE] Layer 37: loading 5 expert(s)
[MoE] Layer 38: loading 1 expert(s)
[MoE] Layer 39: loading 1 expert(s)
[MoE] Layer 40: loading 3 expert(s)
[MoE] Layer 41: loading 5 expert(s)
[MoE] Layer 42: loading 5 expert(s)
[MoE] Layer 43: loading 3 expert(s)
[MoE] Layer 44: loading 4 expert(s)
[MoE] Layer 45: loading 2 expert(s)
[MoE] Layer 46: loading 2 expert(s)
[MoE] Layer 47: loading 3 expert(s)
[MoE] Layer 0: loading 6 expert(s)
[MoE] Layer 1: loading 3 expert(s)
[MoE] Layer 2: loading 4 expert(s)
[MoE] Layer 3: loading 6 expert(s)
[MoE] Layer 4: loading 5 expert(s)
[MoE] Layer 5: loading 3 expert(s)
[MoE] Layer 6: loading 3 expert(s)
[MoE] Layer 7: loading 3 expert(s)
[MoE] Layer 8: loading 3 expert(s)
[MoE] Layer 10: loading 1 expert(s)
[MoE] Layer 11: loading 2 expert(s)
[MoE] Layer 12: loading 2 expert(s)
[MoE] Layer 13: loading 2 expert(s)
[MoE] Layer 14: loading 3 expert(s)
[MoE] Layer 15: loading 1 expert(s)
[MoE] Layer 16: loading 5 expert(s)
[MoE] Layer 17: loading 1 expert(s)
[MoE] Layer 18: loading 1 expert(s)
[MoE] Layer 19: loading 1 expert(s)
[MoE] Layer 20: loading 1 expert(s)
[MoE] Layer 21: loading 1 expert(s)
[MoE] Layer 22: loading 2 expert(s)
[MoE] Layer 23: loading 2 expert(s)
[MoE] Layer 24: loading 4 expert(s)
[MoE] Layer 25: loading 3 expert(s)
[MoE] Layer 26: loading 6 expert(s)
[MoE] Layer 27: loading 4 expert(s)
[MoE] Layer 28: loading 2 expert(s)
[MoE] Layer 29: loading 2 expert(s)
[MoE] Layer 30: loading 2 expert(s)
[MoE] Layer 31: loading 4 expert(s)
[MoE] Layer 32: loading 5 expert(s)
[MoE] Layer 33: loading 3 expert(s)
[MoE] Layer 34: loading 6 expert(s)
[MoE] Layer 35: loading 5 expert(s)
[MoE] Layer 36: loading 4 expert(s)
[MoE] Layer 37: loading 4 expert(s)
[MoE] Layer 38: loading 3 expert(s)
[MoE] Layer 39: loading 3 expert(s)
[MoE] Layer 40: loading 3 expert(s)
[MoE] Layer 41: loading 4 expert(s)
[MoE] Layer 42: loading 5 expert(s)
[MoE] Layer 43: loading 7 expert(s)
[MoE] Layer 44: loading 6 expert(s)
[MoE] Layer 45: loading 5 expert(s)
[MoE] Layer 46: loading 5 expert(s)
[MoE] Layer 47: loading 8 expert(s)
[MoE] Layer 0: loading 6 expert(s)
[MoE] Layer 1: loading 4 expert(s)
[MoE] Layer 2: loading 4 expert(s)
[MoE] Layer 3: loading 3 expert(s)
[MoE] Layer 4: loading 4 expert(s)
[MoE] Layer 5: loading 3 expert(s)
[MoE] Layer 6: loading 1 expert(s)
[MoE] Layer 7: loading 1 expert(s)
[MoE] Layer 8: loading 2 expert(s)
[MoE] Layer 9: loading 2 expert(s)
[MoE] Layer 10: loading 2 expert(s)
[MoE] Layer 11: loading 2 expert(s)
[MoE] Layer 12: loading 3 expert(s)
[MoE] Layer 13: loading 3 expert(s)
[MoE] Layer 14: loading 3 expert(s)
[MoE] Layer 15: loading 3 expert(s)
[MoE] Layer 16: loading 4 expert(s)
[MoE] Layer 17: loading 5 expert(s)
[MoE] Layer 18: loading 4 expert(s)
[MoE] Layer 19: loading 3 expert(s)
[MoE] Layer 20: loading 4 expert(s)
[MoE] Layer 21: loading 5 expert(s)
[MoE] Layer 22: loading 5 expert(s)
[MoE] Layer 23: loading 6 expert(s)
[MoE] Layer 24: loading 6 expert(s)
[MoE] Layer 25: loading 6 expert(s)
[MoE] Layer 26: loading 5 expert(s)
[MoE] Layer 27: loading 5 expert(s)
[MoE] Layer 28: loading 4 expert(s)
[MoE] Layer 29: loading 6 expert(s)
[MoE] Layer 30: loading 6 expert(s)
[MoE] Layer 31: loading 5 expert(s)
[MoE] Layer 32: loading 4 expert(s)
[MoE] Layer 33: loading 8 expert(s)
[MoE] Layer 34: loading 5 expert(s)
[MoE] Layer 35: loading 6 expert(s)
[MoE] Layer 36: loading 5 expert(s)
[MoE] Layer 37: loading 7 expert(s)
[MoE] Layer 38: loading 4 expert(s)
[MoE] Layer 39: loading 5 expert(s)
[MoE] Layer 40: loading 4 expert(s)
[MoE] Layer 41: loading 5 expert(s)
[MoE] Layer 42: loading 2 expert(s)
[MoE] Layer 43: loading 5 expert(s)
[MoE] Layer 44: loading 5 expert(s)
[MoE] Layer 45: loading 4 expert(s)
[MoE] Layer 46: loading 4 expert(s)
[MoE] Layer 47: loading 5 expert(s)
[MoE] Layer 0: loading 5 expert(s)
[MoE] Layer 1: loading 1 expert(s)
[MoE] Layer 2: loading 3 expert(s)
[MoE] Layer 3: loading 6 expert(s)
[MoE] Layer 4: loading 5 expert(s)
[MoE] Layer 5: loading 4 expert(s)
[MoE] Layer 6: loading 2 expert(s)
[MoE] Layer 7: loading 2 expert(s)
[MoE] Layer 8: loading 2 expert(s)
[MoE] Layer 9: loading 1 expert(s)
[MoE] Layer 10: loading 1 expert(s)
[MoE] Layer 11: loading 2 expert(s)
[MoE] Layer 12: loading 2 expert(s)
[MoE] Layer 13: loading 2 expert(s)
[MoE] Layer 14: loading 3 expert(s)
[MoE] Layer 16: loading 5 expert(s)
[MoE] Layer 17: loading 4 expert(s)
[MoE] Layer 18: loading 3 expert(s)
[MoE] Layer 19: loading 2 expert(s)
[MoE] Layer 20: loading 2 expert(s)
[MoE] Layer 21: loading 1 expert(s)
[MoE] Layer 22: loading 5 expert(s)
[MoE] Layer 23: loading 3 expert(s)
[MoE] Layer 24: loading 4 expert(s)
[MoE] Layer 25: loading 3 expert(s)
[MoE] Layer 26: loading 6 expert(s)
[MoE] Layer 27: loading 3 expert(s)
[MoE] Layer 28: loading 5 expert(s)
[MoE] Layer 29: loading 3 expert(s)
[MoE] Layer 30: loading 2 expert(s)
[MoE] Layer 31: loading 6 expert(s)
[MoE] Layer 32: loading 4 expert(s)
[MoE] Layer 33: loading 4 expert(s)
[MoE] Layer 34: loading 5 expert(s)
[MoE] Layer 35: loading 3 expert(s)
[MoE] Layer 36: loading 4 expert(s)
[MoE] Layer 37: loading 5 expert(s)
[MoE] Layer 38: loading 5 expert(s)
[MoE] Layer 39: loading 4 expert(s)
[MoE] Layer 40: loading 4 expert(s)
[MoE] Layer 41: loading 6 expert(s)
[MoE] Layer 42: loading 5 expert(s)
[MoE] Layer 43: loading 4 expert(s)
[MoE] Layer 44: loading 4 expert(s)
[MoE] Layer 45: loading 3 expert(s)
[MoE] Layer 46: loading 3 expert(s)
[MoE] Layer 47: loading 4 expert(s)
[gen 70/99] elapsed=27.0s  TPS=2.589
[MoE] Layer 0: loading 6 expert(s)
[MoE] Layer 1: loading 4 expert(s)
[MoE] Layer 2: loading 3 expert(s)
[MoE] Layer 3: loading 3 expert(s)
[MoE] Layer 4: loading 2 expert(s)
[MoE] Layer 5: loading 1 expert(s)
[MoE] Layer 6: loading 2 expert(s)
[MoE] Layer 7: loading 1 expert(s)
[MoE] Layer 8: loading 1 expert(s)
[MoE] Layer 9: loading 2 expert(s)
[MoE] Layer 10: loading 2 expert(s)
[MoE] Layer 11: loading 2 expert(s)
[MoE] Layer 12: loading 1 expert(s)
[MoE] Layer 13: loading 4 expert(s)
[MoE] Layer 14: loading 3 expert(s)
[MoE] Layer 15: loading 1 expert(s)
[MoE] Layer 16: loading 5 expert(s)
[MoE] Layer 17: loading 3 expert(s)
[MoE] Layer 19: loading 1 expert(s)
[MoE] Layer 20: loading 2 expert(s)
[MoE] Layer 21: loading 4 expert(s)
[MoE] Layer 22: loading 2 expert(s)
[MoE] Layer 23: loading 3 expert(s)
[MoE] Layer 24: loading 1 expert(s)
[MoE] Layer 25: loading 4 expert(s)
[MoE] Layer 26: loading 2 expert(s)
[MoE] Layer 27: loading 3 expert(s)
[MoE] Layer 28: loading 2 expert(s)
[MoE] Layer 29: loading 1 expert(s)
[MoE] Layer 30: loading 3 expert(s)
[MoE] Layer 31: loading 3 expert(s)
[MoE] Layer 32: loading 6 expert(s)
[MoE] Layer 33: loading 5 expert(s)
[MoE] Layer 34: loading 5 expert(s)
[MoE] Layer 35: loading 7 expert(s)
[MoE] Layer 36: loading 4 expert(s)
[MoE] Layer 37: loading 4 expert(s)
[MoE] Layer 38: loading 5 expert(s)
[MoE] Layer 39: loading 6 expert(s)
[MoE] Layer 40: loading 2 expert(s)
[MoE] Layer 41: loading 2 expert(s)
[MoE] Layer 42: loading 5 expert(s)
[MoE] Layer 43: loading 3 expert(s)
[MoE] Layer 44: loading 1 expert(s)
[MoE] Layer 45: loading 4 expert(s)
[MoE] Layer 46: loading 3 expert(s)
[MoE] Layer 47: loading 4 expert(s)
[MoE] Layer 0: loading 5 expert(s)
[MoE] Layer 1: loading 4 expert(s)
[MoE] Layer 2: loading 5 expert(s)
[MoE] Layer 3: loading 5 expert(s)
[MoE] Layer 4: loading 4 expert(s)
[MoE] Layer 5: loading 4 expert(s)
[MoE] Layer 6: loading 1 expert(s)
[MoE] Layer 7: loading 1 expert(s)
[MoE] Layer 9: loading 4 expert(s)
[MoE] Layer 10: loading 1 expert(s)
[MoE] Layer 11: loading 4 expert(s)
[MoE] Layer 12: loading 3 expert(s)
[MoE] Layer 13: loading 3 expert(s)
[MoE] Layer 14: loading 2 expert(s)
[MoE] Layer 15: loading 1 expert(s)
[MoE] Layer 16: loading 2 expert(s)
[MoE] Layer 17: loading 2 expert(s)
[MoE] Layer 18: loading 1 expert(s)
[MoE] Layer 19: loading 3 expert(s)
[MoE] Layer 21: loading 3 expert(s)
[MoE] Layer 22: loading 4 expert(s)
[MoE] Layer 23: loading 4 expert(s)
[MoE] Layer 24: loading 2 expert(s)
[MoE] Layer 25: loading 2 expert(s)
[MoE] Layer 26: loading 5 expert(s)
[MoE] Layer 27: loading 1 expert(s)
[MoE] Layer 28: loading 3 expert(s)
[MoE] Layer 29: loading 4 expert(s)
[MoE] Layer 30: loading 1 expert(s)
[MoE] Layer 31: loading 2 expert(s)
[MoE] Layer 32: loading 5 expert(s)
[MoE] Layer 33: loading 5 expert(s)
[MoE] Layer 34: loading 4 expert(s)
[MoE] Layer 35: loading 3 expert(s)
[MoE] Layer 36: loading 3 expert(s)
[MoE] Layer 37: loading 3 expert(s)
[MoE] Layer 38: loading 4 expert(s)
[MoE] Layer 39: loading 3 expert(s)
[MoE] Layer 40: loading 3 expert(s)
[MoE] Layer 41: loading 5 expert(s)
[MoE] Layer 42: loading 2 expert(s)
[MoE] Layer 43: loading 3 expert(s)
[MoE] Layer 44: loading 4 expert(s)
[MoE] Layer 45: loading 2 expert(s)
[MoE] Layer 46: loading 5 expert(s)
[MoE] Layer 47: loading 1 expert(s)
[MoE] Layer 0: loading 6 expert(s)
[MoE] Layer 1: loading 5 expert(s)
[MoE] Layer 2: loading 5 expert(s)
[MoE] Layer 3: loading 1 expert(s)
[MoE] Layer 4: loading 2 expert(s)
[MoE] Layer 5: loading 2 expert(s)
[MoE] Layer 6: loading 1 expert(s)
[MoE] Layer 7: loading 1 expert(s)
[MoE] Layer 8: loading 2 expert(s)
[MoE] Layer 9: loading 3 expert(s)
[MoE] Layer 10: loading 2 expert(s)
[MoE] Layer 11: loading 4 expert(s)
[MoE] Layer 12: loading 1 expert(s)
[MoE] Layer 13: loading 3 expert(s)
[MoE] Layer 14: loading 2 expert(s)
[MoE] Layer 15: loading 1 expert(s)
[MoE] Layer 16: loading 3 expert(s)
[MoE] Layer 17: loading 4 expert(s)
[MoE] Layer 18: loading 1 expert(s)
[MoE] Layer 19: loading 3 expert(s)
[MoE] Layer 20: loading 3 expert(s)
[MoE] Layer 21: loading 4 expert(s)
[MoE] Layer 22: loading 3 expert(s)
[MoE] Layer 23: loading 4 expert(s)
[MoE] Layer 24: loading 5 expert(s)
[MoE] Layer 25: loading 2 expert(s)
[MoE] Layer 26: loading 6 expert(s)
[MoE] Layer 27: loading 3 expert(s)
[MoE] Layer 28: loading 4 expert(s)
[MoE] Layer 29: loading 4 expert(s)
[MoE] Layer 30: loading 5 expert(s)
[MoE] Layer 31: loading 8 expert(s)
[MoE] Layer 32: loading 4 expert(s)
[MoE] Layer 33: loading 3 expert(s)
[MoE] Layer 34: loading 5 expert(s)
[MoE] Layer 35: loading 5 expert(s)
[MoE] Layer 36: loading 5 expert(s)
[MoE] Layer 37: loading 4 expert(s)
[MoE] Layer 38: loading 4 expert(s)
[MoE] Layer 39: loading 3 expert(s)
[MoE] Layer 40: loading 1 expert(s)
[MoE] Layer 41: loading 3 expert(s)
[MoE] Layer 42: loading 4 expert(s)
[MoE] Layer 43: loading 3 expert(s)
[MoE] Layer 44: loading 1 expert(s)
[MoE] Layer 45: loading 1 expert(s)
[MoE] Layer 46: loading 1 expert(s)
[MoE] Layer 47: loading 3 expert(s)
[MoE] Layer 0: loading 7 expert(s)
[MoE] Layer 1: loading 7 expert(s)
[MoE] Layer 2: loading 3 expert(s)
[MoE] Layer 3: loading 3 expert(s)
[MoE] Layer 4: loading 5 expert(s)
[MoE] Layer 5: loading 2 expert(s)
[MoE] Layer 6: loading 1 expert(s)
[MoE] Layer 7: loading 2 expert(s)
[MoE] Layer 8: loading 4 expert(s)
[MoE] Layer 9: loading 2 expert(s)
[MoE] Layer 10: loading 1 expert(s)
[MoE] Layer 11: loading 3 expert(s)
[MoE] Layer 12: loading 3 expert(s)
[MoE] Layer 13: loading 3 expert(s)
[MoE] Layer 14: loading 5 expert(s)
[MoE] Layer 15: loading 1 expert(s)
[MoE] Layer 16: loading 2 expert(s)
[MoE] Layer 17: loading 1 expert(s)
[MoE] Layer 18: loading 1 expert(s)
[MoE] Layer 20: loading 4 expert(s)
[MoE] Layer 21: loading 1 expert(s)
[MoE] Layer 22: loading 3 expert(s)
[MoE] Layer 24: loading 3 expert(s)
[MoE] Layer 25: loading 2 expert(s)
[MoE] Layer 26: loading 3 expert(s)
[MoE] Layer 27: loading 2 expert(s)
[MoE] Layer 28: loading 4 expert(s)
[MoE] Layer 29: loading 3 expert(s)
[MoE] Layer 30: loading 4 expert(s)
[MoE] Layer 31: loading 4 expert(s)
[MoE] Layer 32: loading 4 expert(s)
[MoE] Layer 33: loading 3 expert(s)
[MoE] Layer 34: loading 3 expert(s)
[MoE] Layer 35: loading 4 expert(s)
[MoE] Layer 36: loading 3 expert(s)
[MoE] Layer 37: loading 1 expert(s)
[MoE] Layer 38: loading 4 expert(s)
[MoE] Layer 39: loading 2 expert(s)
[MoE] Layer 40: loading 1 expert(s)
[MoE] Layer 41: loading 2 expert(s)
[MoE] Layer 42: loading 2 expert(s)
[MoE] Layer 43: loading 1 expert(s)
[MoE] Layer 44: loading 2 expert(s)
[MoE] Layer 45: loading 2 expert(s)
[MoE] Layer 46: loading 4 expert(s)
[MoE] Layer 47: loading 4 expert(s)
[MoE] Layer 0: loading 4 expert(s)
[MoE] Layer 1: loading 2 expert(s)
[MoE] Layer 2: loading 4 expert(s)
[MoE] Layer 3: loading 4 expert(s)
[MoE] Layer 4: loading 3 expert(s)
[MoE] Layer 5: loading 1 expert(s)
[MoE] Layer 6: loading 3 expert(s)
[MoE] Layer 7: loading 1 expert(s)
[MoE] Layer 8: loading 3 expert(s)
[MoE] Layer 9: loading 1 expert(s)
[MoE] Layer 10: loading 3 expert(s)
[MoE] Layer 12: loading 3 expert(s)
[MoE] Layer 13: loading 3 expert(s)
[MoE] Layer 14: loading 3 expert(s)
[MoE] Layer 15: loading 1 expert(s)
[MoE] Layer 16: loading 3 expert(s)
[MoE] Layer 17: loading 1 expert(s)
[MoE] Layer 18: loading 1 expert(s)
[MoE] Layer 19: loading 3 expert(s)
[MoE] Layer 20: loading 1 expert(s)
[MoE] Layer 21: loading 2 expert(s)
[MoE] Layer 22: loading 3 expert(s)
[MoE] Layer 23: loading 5 expert(s)
[MoE] Layer 24: loading 4 expert(s)
[MoE] Layer 25: loading 3 expert(s)
[MoE] Layer 26: loading 5 expert(s)
[MoE] Layer 27: loading 6 expert(s)
[MoE] Layer 28: loading 4 expert(s)
[MoE] Layer 29: loading 5 expert(s)
[MoE] Layer 30: loading 2 expert(s)
[MoE] Layer 31: loading 6 expert(s)
[MoE] Layer 32: loading 5 expert(s)
[MoE] Layer 33: loading 5 expert(s)
[MoE] Layer 34: loading 6 expert(s)
[MoE] Layer 35: loading 3 expert(s)
[MoE] Layer 36: loading 6 expert(s)
[MoE] Layer 37: loading 5 expert(s)
[MoE] Layer 38: loading 5 expert(s)
[MoE] Layer 39: loading 4 expert(s)
[MoE] Layer 40: loading 4 expert(s)
[MoE] Layer 41: loading 4 expert(s)
[MoE] Layer 42: loading 4 expert(s)
[MoE] Layer 43: loading 4 expert(s)
[MoE] Layer 44: loading 5 expert(s)
[MoE] Layer 45: loading 4 expert(s)
[MoE] Layer 46: loading 5 expert(s)
[MoE] Layer 47: loading 6 expert(s)
[gen 75/99] elapsed=28.9s  TPS=2.592
[MoE] Layer 0: loading 6 expert(s)
[MoE] Layer 1: loading 7 expert(s)
[MoE] Layer 2: loading 7 expert(s)
[MoE] Layer 3: loading 3 expert(s)
[MoE] Layer 4: loading 5 expert(s)
[MoE] Layer 5: loading 5 expert(s)
[MoE] Layer 6: loading 3 expert(s)
[MoE] Layer 7: loading 3 expert(s)
[MoE] Layer 8: loading 3 expert(s)
[MoE] Layer 9: loading 5 expert(s)
[MoE] Layer 10: loading 2 expert(s)
[MoE] Layer 11: loading 3 expert(s)
[MoE] Layer 12: loading 5 expert(s)
[MoE] Layer 13: loading 7 expert(s)
[MoE] Layer 14: loading 4 expert(s)
[MoE] Layer 15: loading 4 expert(s)
[MoE] Layer 16: loading 2 expert(s)
[MoE] Layer 17: loading 2 expert(s)
[MoE] Layer 18: loading 4 expert(s)
[MoE] Layer 19: loading 1 expert(s)
[MoE] Layer 20: loading 2 expert(s)
[MoE] Layer 21: loading 1 expert(s)
[MoE] Layer 22: loading 3 expert(s)
[MoE] Layer 23: loading 4 expert(s)
[MoE] Layer 24: loading 2 expert(s)
[MoE] Layer 25: loading 3 expert(s)
[MoE] Layer 26: loading 2 expert(s)
[MoE] Layer 27: loading 3 expert(s)
[MoE] Layer 28: loading 4 expert(s)
[MoE] Layer 29: loading 6 expert(s)
[MoE] Layer 30: loading 2 expert(s)
[MoE] Layer 31: loading 2 expert(s)
[MoE] Layer 32: loading 4 expert(s)
[MoE] Layer 33: loading 4 expert(s)
[MoE] Layer 34: loading 3 expert(s)
[MoE] Layer 35: loading 5 expert(s)
[MoE] Layer 36: loading 4 expert(s)
[MoE] Layer 37: loading 4 expert(s)
[MoE] Layer 38: loading 3 expert(s)
[MoE] Layer 39: loading 3 expert(s)
[MoE] Layer 41: loading 3 expert(s)
[MoE] Layer 42: loading 4 expert(s)
[MoE] Layer 43: loading 4 expert(s)
[MoE] Layer 44: loading 4 expert(s)
[MoE] Layer 46: loading 5 expert(s)
[MoE] Layer 47: loading 4 expert(s)
[MoE] Layer 0: loading 8 expert(s)
[MoE] Layer 1: loading 6 expert(s)
[MoE] Layer 2: loading 4 expert(s)
[MoE] Layer 3: loading 5 expert(s)
[MoE] Layer 4: loading 2 expert(s)
[MoE] Layer 5: loading 1 expert(s)
[MoE] Layer 6: loading 2 expert(s)
[MoE] Layer 7: loading 3 expert(s)
[MoE] Layer 8: loading 3 expert(s)
[MoE] Layer 9: loading 3 expert(s)
[MoE] Layer 11: loading 2 expert(s)
[MoE] Layer 12: loading 1 expert(s)
[MoE] Layer 13: loading 2 expert(s)
[MoE] Layer 14: loading 3 expert(s)
[MoE] Layer 15: loading 4 expert(s)
[MoE] Layer 16: loading 4 expert(s)
[MoE] Layer 17: loading 1 expert(s)
[MoE] Layer 18: loading 1 expert(s)
[MoE] Layer 19: loading 1 expert(s)
[MoE] Layer 20: loading 2 expert(s)
[MoE] Layer 21: loading 3 expert(s)
[MoE] Layer 22: loading 1 expert(s)
[MoE] Layer 23: loading 3 expert(s)
[MoE] Layer 24: loading 2 expert(s)
[MoE] Layer 25: loading 3 expert(s)
[MoE] Layer 26: loading 3 expert(s)
[MoE] Layer 27: loading 2 expert(s)
[MoE] Layer 28: loading 2 expert(s)
[MoE] Layer 29: loading 5 expert(s)
[MoE] Layer 30: loading 2 expert(s)
[MoE] Layer 31: loading 2 expert(s)
[MoE] Layer 32: loading 4 expert(s)
[MoE] Layer 33: loading 4 expert(s)
[MoE] Layer 34: loading 2 expert(s)
[MoE] Layer 35: loading 1 expert(s)
[MoE] Layer 36: loading 4 expert(s)
[MoE] Layer 37: loading 4 expert(s)
[MoE] Layer 38: loading 3 expert(s)
[MoE] Layer 39: loading 3 expert(s)
[MoE] Layer 40: loading 3 expert(s)
[MoE] Layer 41: loading 2 expert(s)
[MoE] Layer 42: loading 3 expert(s)
[MoE] Layer 43: loading 5 expert(s)
[MoE] Layer 44: loading 3 expert(s)
[MoE] Layer 45: loading 3 expert(s)
[MoE] Layer 46: loading 4 expert(s)
[MoE] Layer 47: loading 2 expert(s)
[MoE] Layer 0: loading 7 expert(s)
[MoE] Layer 1: loading 2 expert(s)
[MoE] Layer 2: loading 3 expert(s)
[MoE] Layer 3: loading 4 expert(s)
[MoE] Layer 4: loading 4 expert(s)
[MoE] Layer 5: loading 5 expert(s)
[MoE] Layer 6: loading 2 expert(s)
[MoE] Layer 7: loading 2 expert(s)
[MoE] Layer 8: loading 2 expert(s)
[MoE] Layer 9: loading 4 expert(s)
[MoE] Layer 10: loading 4 expert(s)
[MoE] Layer 11: loading 2 expert(s)
[MoE] Layer 12: loading 2 expert(s)
[MoE] Layer 13: loading 4 expert(s)
[MoE] Layer 14: loading 2 expert(s)
[MoE] Layer 15: loading 3 expert(s)
[MoE] Layer 16: loading 2 expert(s)
[MoE] Layer 18: loading 2 expert(s)
[MoE] Layer 20: loading 3 expert(s)
[MoE] Layer 21: loading 3 expert(s)
[MoE] Layer 22: loading 1 expert(s)
[MoE] Layer 23: loading 3 expert(s)
[MoE] Layer 24: loading 1 expert(s)
[MoE] Layer 25: loading 2 expert(s)
[MoE] Layer 26: loading 4 expert(s)
[MoE] Layer 27: loading 3 expert(s)
[MoE] Layer 28: loading 4 expert(s)
[MoE] Layer 29: loading 4 expert(s)
[MoE] Layer 30: loading 4 expert(s)
[MoE] Layer 31: loading 3 expert(s)
[MoE] Layer 32: loading 4 expert(s)
[MoE] Layer 33: loading 1 expert(s)
[MoE] Layer 34: loading 4 expert(s)
[MoE] Layer 35: loading 5 expert(s)
[MoE] Layer 36: loading 2 expert(s)
[MoE] Layer 37: loading 3 expert(s)
[MoE] Layer 38: loading 3 expert(s)
[MoE] Layer 39: loading 3 expert(s)
[MoE] Layer 40: loading 4 expert(s)
[MoE] Layer 41: loading 4 expert(s)
[MoE] Layer 42: loading 4 expert(s)
[MoE] Layer 43: loading 4 expert(s)
[MoE] Layer 44: loading 2 expert(s)
[MoE] Layer 45: loading 2 expert(s)
[MoE] Layer 46: loading 5 expert(s)
[MoE] Layer 47: loading 2 expert(s)
[MoE] Layer 0: loading 7 expert(s)
[MoE] Layer 1: loading 5 expert(s)
[MoE] Layer 2: loading 6 expert(s)
[MoE] Layer 3: loading 6 expert(s)
[MoE] Layer 4: loading 4 expert(s)
[MoE] Layer 5: loading 3 expert(s)
[MoE] Layer 6: loading 4 expert(s)
[MoE] Layer 7: loading 4 expert(s)
[MoE] Layer 8: loading 3 expert(s)
[MoE] Layer 9: loading 5 expert(s)
[MoE] Layer 10: loading 4 expert(s)
[MoE] Layer 11: loading 2 expert(s)
[MoE] Layer 12: loading 2 expert(s)
[MoE] Layer 13: loading 3 expert(s)
[MoE] Layer 14: loading 3 expert(s)
[MoE] Layer 16: loading 2 expert(s)
[MoE] Layer 17: loading 4 expert(s)
[MoE] Layer 18: loading 3 expert(s)
[MoE] Layer 19: loading 2 expert(s)
[MoE] Layer 20: loading 3 expert(s)
[MoE] Layer 21: loading 4 expert(s)
[MoE] Layer 22: loading 3 expert(s)
[MoE] Layer 23: loading 6 expert(s)
[MoE] Layer 24: loading 2 expert(s)
[MoE] Layer 25: loading 3 expert(s)
[MoE] Layer 26: loading 4 expert(s)
[MoE] Layer 27: loading 2 expert(s)
[MoE] Layer 28: loading 3 expert(s)
[MoE] Layer 29: loading 4 expert(s)
[MoE] Layer 30: loading 1 expert(s)
[MoE] Layer 31: loading 2 expert(s)
[MoE] Layer 32: loading 1 expert(s)
[MoE] Layer 33: loading 3 expert(s)
[MoE] Layer 34: loading 3 expert(s)
[MoE] Layer 35: loading 3 expert(s)
[MoE] Layer 36: loading 2 expert(s)
[MoE] Layer 37: loading 3 expert(s)
[MoE] Layer 38: loading 4 expert(s)
[MoE] Layer 39: loading 1 expert(s)
[MoE] Layer 40: loading 2 expert(s)
[MoE] Layer 41: loading 1 expert(s)
[MoE] Layer 42: loading 2 expert(s)
[MoE] Layer 43: loading 2 expert(s)
[MoE] Layer 44: loading 1 expert(s)
[MoE] Layer 45: loading 3 expert(s)
[MoE] Layer 46: loading 3 expert(s)
[MoE] Layer 47: loading 4 expert(s)
[MoE] Layer 0: loading 6 expert(s)
[MoE] Layer 1: loading 4 expert(s)
[MoE] Layer 2: loading 4 expert(s)
[MoE] Layer 3: loading 7 expert(s)
[MoE] Layer 4: loading 4 expert(s)
[MoE] Layer 5: loading 2 expert(s)
[MoE] Layer 6: loading 2 expert(s)
[MoE] Layer 7: loading 3 expert(s)
[MoE] Layer 8: loading 2 expert(s)
[MoE] Layer 9: loading 2 expert(s)
[MoE] Layer 11: loading 4 expert(s)
[MoE] Layer 13: loading 4 expert(s)
[MoE] Layer 14: loading 1 expert(s)
[MoE] Layer 15: loading 2 expert(s)
[MoE] Layer 16: loading 4 expert(s)
[MoE] Layer 17: loading 2 expert(s)
[MoE] Layer 18: loading 1 expert(s)
[MoE] Layer 19: loading 1 expert(s)
[MoE] Layer 20: loading 3 expert(s)
[MoE] Layer 21: loading 5 expert(s)
[MoE] Layer 22: loading 1 expert(s)
[MoE] Layer 23: loading 4 expert(s)
[MoE] Layer 24: loading 3 expert(s)
[MoE] Layer 25: loading 3 expert(s)
[MoE] Layer 27: loading 1 expert(s)
[MoE] Layer 28: loading 5 expert(s)
[MoE] Layer 29: loading 3 expert(s)
[MoE] Layer 30: loading 4 expert(s)
[MoE] Layer 31: loading 2 expert(s)
[MoE] Layer 32: loading 2 expert(s)
[MoE] Layer 33: loading 4 expert(s)
[MoE] Layer 34: loading 3 expert(s)
[MoE] Layer 35: loading 4 expert(s)
[MoE] Layer 36: loading 6 expert(s)
[MoE] Layer 37: loading 2 expert(s)
[MoE] Layer 38: loading 4 expert(s)
[MoE] Layer 39: loading 3 expert(s)
[MoE] Layer 40: loading 4 expert(s)
[MoE] Layer 41: loading 5 expert(s)
[MoE] Layer 42: loading 2 expert(s)
[MoE] Layer 43: loading 5 expert(s)
[MoE] Layer 44: loading 5 expert(s)
[MoE] Layer 45: loading 5 expert(s)
[MoE] Layer 46: loading 5 expert(s)
[MoE] Layer 47: loading 1 expert(s)
[gen 80/99] elapsed=30.8s  TPS=2.593
[MoE] Layer 0: loading 7 expert(s)
[MoE] Layer 1: loading 7 expert(s)
[MoE] Layer 2: loading 4 expert(s)
[MoE] Layer 3: loading 6 expert(s)
[MoE] Layer 4: loading 6 expert(s)
[MoE] Layer 5: loading 3 expert(s)
[MoE] Layer 6: loading 1 expert(s)
[MoE] Layer 7: loading 4 expert(s)
[MoE] Layer 8: loading 4 expert(s)
[MoE] Layer 9: loading 5 expert(s)
[MoE] Layer 10: loading 2 expert(s)
[MoE] Layer 11: loading 4 expert(s)
[MoE] Layer 12: loading 1 expert(s)
[MoE] Layer 13: loading 4 expert(s)
[MoE] Layer 14: loading 2 expert(s)
[MoE] Layer 15: loading 2 expert(s)
[MoE] Layer 16: loading 4 expert(s)
[MoE] Layer 17: loading 1 expert(s)
[MoE] Layer 18: loading 3 expert(s)
[MoE] Layer 20: loading 2 expert(s)
[MoE] Layer 21: loading 2 expert(s)
[MoE] Layer 22: loading 2 expert(s)
[MoE] Layer 23: loading 4 expert(s)
[MoE] Layer 24: loading 1 expert(s)
[MoE] Layer 25: loading 2 expert(s)
[MoE] Layer 26: loading 3 expert(s)
[MoE] Layer 27: loading 1 expert(s)
[MoE] Layer 28: loading 3 expert(s)
[MoE] Layer 29: loading 3 expert(s)
[MoE] Layer 30: loading 2 expert(s)
[MoE] Layer 31: loading 6 expert(s)
[MoE] Layer 32: loading 3 expert(s)
[MoE] Layer 33: loading 4 expert(s)
[MoE] Layer 34: loading 3 expert(s)
[MoE] Layer 35: loading 2 expert(s)
[MoE] Layer 36: loading 3 expert(s)
[MoE] Layer 37: loading 2 expert(s)
[MoE] Layer 38: loading 3 expert(s)
[MoE] Layer 39: loading 1 expert(s)
[MoE] Layer 40: loading 3 expert(s)
[MoE] Layer 41: loading 4 expert(s)
[MoE] Layer 42: loading 1 expert(s)
[MoE] Layer 43: loading 2 expert(s)
[MoE] Layer 44: loading 2 expert(s)
[MoE] Layer 45: loading 3 expert(s)
[MoE] Layer 46: loading 6 expert(s)
[MoE] Layer 47: loading 5 expert(s)
[MoE] Layer 0: loading 5 expert(s)
[MoE] Layer 1: loading 4 expert(s)
[MoE] Layer 2: loading 5 expert(s)
[MoE] Layer 3: loading 5 expert(s)
[MoE] Layer 4: loading 3 expert(s)
[MoE] Layer 5: loading 4 expert(s)
[MoE] Layer 6: loading 1 expert(s)
[MoE] Layer 7: loading 1 expert(s)
[MoE] Layer 8: loading 3 expert(s)
[MoE] Layer 9: loading 3 expert(s)
[MoE] Layer 10: loading 1 expert(s)
[MoE] Layer 11: loading 3 expert(s)
[MoE] Layer 12: loading 3 expert(s)
[MoE] Layer 13: loading 3 expert(s)
[MoE] Layer 14: loading 3 expert(s)
[MoE] Layer 15: loading 1 expert(s)
[MoE] Layer 16: loading 3 expert(s)
[MoE] Layer 17: loading 1 expert(s)
[MoE] Layer 18: loading 3 expert(s)
[MoE] Layer 19: loading 3 expert(s)
[MoE] Layer 20: loading 2 expert(s)
[MoE] Layer 21: loading 4 expert(s)
[MoE] Layer 22: loading 1 expert(s)
[MoE] Layer 23: loading 3 expert(s)
[MoE] Layer 24: loading 4 expert(s)
[MoE] Layer 25: loading 3 expert(s)
[MoE] Layer 26: loading 2 expert(s)
[MoE] Layer 27: loading 3 expert(s)
[MoE] Layer 28: loading 2 expert(s)
[MoE] Layer 29: loading 3 expert(s)
[MoE] Layer 30: loading 1 expert(s)
[MoE] Layer 31: loading 5 expert(s)
[MoE] Layer 32: loading 4 expert(s)
[MoE] Layer 33: loading 3 expert(s)
[MoE] Layer 34: loading 1 expert(s)
[MoE] Layer 35: loading 3 expert(s)
[MoE] Layer 36: loading 5 expert(s)
[MoE] Layer 37: loading 3 expert(s)
[MoE] Layer 38: loading 3 expert(s)
[MoE] Layer 39: loading 1 expert(s)
[MoE] Layer 40: loading 4 expert(s)
[MoE] Layer 41: loading 2 expert(s)
[MoE] Layer 42: loading 5 expert(s)
[MoE] Layer 43: loading 5 expert(s)
[MoE] Layer 44: loading 3 expert(s)
[MoE] Layer 45: loading 4 expert(s)
[MoE] Layer 46: loading 3 expert(s)
[MoE] Layer 47: loading 4 expert(s)
[MoE] Layer 0: loading 5 expert(s)
[MoE] Layer 1: loading 6 expert(s)
[MoE] Layer 2: loading 3 expert(s)
[MoE] Layer 3: loading 3 expert(s)
[MoE] Layer 4: loading 3 expert(s)
[MoE] Layer 5: loading 4 expert(s)
[MoE] Layer 6: loading 3 expert(s)
[MoE] Layer 7: loading 2 expert(s)
[MoE] Layer 8: loading 4 expert(s)
[MoE] Layer 9: loading 3 expert(s)
[MoE] Layer 10: loading 1 expert(s)
[MoE] Layer 11: loading 2 expert(s)
[MoE] Layer 12: loading 4 expert(s)
[MoE] Layer 13: loading 2 expert(s)
[MoE] Layer 14: loading 3 expert(s)
[MoE] Layer 15: loading 2 expert(s)
[MoE] Layer 16: loading 2 expert(s)
[MoE] Layer 17: loading 5 expert(s)
[MoE] Layer 18: loading 1 expert(s)
[MoE] Layer 20: loading 2 expert(s)
[MoE] Layer 21: loading 4 expert(s)
[MoE] Layer 22: loading 2 expert(s)
[MoE] Layer 23: loading 4 expert(s)
[MoE] Layer 24: loading 2 expert(s)
[MoE] Layer 25: loading 3 expert(s)
[MoE] Layer 26: loading 4 expert(s)
[MoE] Layer 27: loading 4 expert(s)
[MoE] Layer 28: loading 2 expert(s)
[MoE] Layer 29: loading 4 expert(s)
[MoE] Layer 30: loading 3 expert(s)
[MoE] Layer 32: loading 1 expert(s)
[MoE] Layer 33: loading 1 expert(s)
[MoE] Layer 34: loading 4 expert(s)
[MoE] Layer 35: loading 2 expert(s)
[MoE] Layer 36: loading 2 expert(s)
[MoE] Layer 37: loading 4 expert(s)
[MoE] Layer 38: loading 2 expert(s)
[MoE] Layer 39: loading 1 expert(s)
[MoE] Layer 40: loading 2 expert(s)
[MoE] Layer 41: loading 4 expert(s)
[MoE] Layer 42: loading 3 expert(s)
[MoE] Layer 43: loading 2 expert(s)
[MoE] Layer 44: loading 3 expert(s)
[MoE] Layer 45: loading 3 expert(s)
[MoE] Layer 46: loading 4 expert(s)
[MoE] Layer 47: loading 6 expert(s)
[MoE] Layer 0: loading 5 expert(s)
[MoE] Layer 1: loading 4 expert(s)
[MoE] Layer 2: loading 3 expert(s)
[MoE] Layer 3: loading 4 expert(s)
[MoE] Layer 4: loading 4 expert(s)
[MoE] Layer 5: loading 2 expert(s)
[MoE] Layer 6: loading 2 expert(s)
[MoE] Layer 7: loading 2 expert(s)
[MoE] Layer 8: loading 4 expert(s)
[MoE] Layer 9: loading 4 expert(s)
[MoE] Layer 10: loading 1 expert(s)
[MoE] Layer 11: loading 2 expert(s)
[MoE] Layer 12: loading 3 expert(s)
[MoE] Layer 13: loading 4 expert(s)
[MoE] Layer 14: loading 2 expert(s)
[MoE] Layer 15: loading 1 expert(s)
[MoE] Layer 16: loading 5 expert(s)
[MoE] Layer 17: loading 2 expert(s)
[MoE] Layer 18: loading 1 expert(s)
[MoE] Layer 19: loading 2 expert(s)
[MoE] Layer 20: loading 1 expert(s)
[MoE] Layer 21: loading 2 expert(s)
[MoE] Layer 22: loading 1 expert(s)
[MoE] Layer 23: loading 2 expert(s)
[MoE] Layer 24: loading 3 expert(s)
[MoE] Layer 25: loading 1 expert(s)
[MoE] Layer 26: loading 2 expert(s)
[MoE] Layer 27: loading 3 expert(s)
[MoE] Layer 28: loading 2 expert(s)
[MoE] Layer 29: loading 4 expert(s)
[MoE] Layer 30: loading 3 expert(s)
[MoE] Layer 31: loading 2 expert(s)
[MoE] Layer 32: loading 4 expert(s)
[MoE] Layer 33: loading 4 expert(s)
[MoE] Layer 34: loading 3 expert(s)
[MoE] Layer 35: loading 3 expert(s)
[MoE] Layer 36: loading 5 expert(s)
[MoE] Layer 37: loading 4 expert(s)
[MoE] Layer 38: loading 4 expert(s)
[MoE] Layer 39: loading 4 expert(s)
[MoE] Layer 40: loading 1 expert(s)
[MoE] Layer 42: loading 4 expert(s)
[MoE] Layer 43: loading 2 expert(s)
[MoE] Layer 44: loading 3 expert(s)
[MoE] Layer 45: loading 3 expert(s)
[MoE] Layer 46: loading 3 expert(s)
[MoE] Layer 47: loading 3 expert(s)
[MoE] Layer 0: loading 7 expert(s)
[MoE] Layer 1: loading 5 expert(s)
[MoE] Layer 2: loading 5 expert(s)
[MoE] Layer 3: loading 6 expert(s)
[MoE] Layer 4: loading 6 expert(s)
[MoE] Layer 5: loading 5 expert(s)
[MoE] Layer 8: loading 2 expert(s)
[MoE] Layer 9: loading 2 expert(s)
[MoE] Layer 10: loading 1 expert(s)
[MoE] Layer 11: loading 3 expert(s)
[MoE] Layer 12: loading 2 expert(s)
[MoE] Layer 13: loading 3 expert(s)
[MoE] Layer 14: loading 2 expert(s)
[MoE] Layer 15: loading 2 expert(s)
[MoE] Layer 16: loading 3 expert(s)
[MoE] Layer 17: loading 1 expert(s)
[MoE] Layer 18: loading 1 expert(s)
[MoE] Layer 21: loading 1 expert(s)
[MoE] Layer 23: loading 3 expert(s)
[MoE] Layer 24: loading 3 expert(s)
[MoE] Layer 25: loading 3 expert(s)
[MoE] Layer 26: loading 2 expert(s)
[MoE] Layer 27: loading 2 expert(s)
[MoE] Layer 28: loading 2 expert(s)
[MoE] Layer 31: loading 1 expert(s)
[MoE] Layer 33: loading 1 expert(s)
[MoE] Layer 34: loading 2 expert(s)
[MoE] Layer 35: loading 1 expert(s)
[MoE] Layer 36: loading 4 expert(s)
[MoE] Layer 37: loading 2 expert(s)
[MoE] Layer 38: loading 3 expert(s)
[MoE] Layer 39: loading 5 expert(s)
[MoE] Layer 40: loading 3 expert(s)
[MoE] Layer 41: loading 2 expert(s)
[MoE] Layer 42: loading 7 expert(s)
[MoE] Layer 43: loading 2 expert(s)
[MoE] Layer 44: loading 4 expert(s)
[MoE] Layer 45: loading 5 expert(s)
[MoE] Layer 46: loading 6 expert(s)
[MoE] Layer 47: loading 7 expert(s)
[gen 85/99] elapsed=32.7s  TPS=2.603
[MoE] Layer 0: loading 7 expert(s)
[MoE] Layer 1: loading 4 expert(s)
[MoE] Layer 2: loading 3 expert(s)
[MoE] Layer 3: loading 5 expert(s)
[MoE] Layer 4: loading 4 expert(s)
[MoE] Layer 5: loading 3 expert(s)
[MoE] Layer 6: loading 5 expert(s)
[MoE] Layer 7: loading 1 expert(s)
[MoE] Layer 8: loading 5 expert(s)
[MoE] Layer 9: loading 6 expert(s)
[MoE] Layer 10: loading 3 expert(s)
[MoE] Layer 11: loading 5 expert(s)
[MoE] Layer 12: loading 3 expert(s)
[MoE] Layer 13: loading 5 expert(s)
[MoE] Layer 14: loading 5 expert(s)
[MoE] Layer 15: loading 2 expert(s)
[MoE] Layer 16: loading 4 expert(s)
[MoE] Layer 17: loading 5 expert(s)
[MoE] Layer 18: loading 3 expert(s)
[MoE] Layer 20: loading 2 expert(s)
[MoE] Layer 21: loading 1 expert(s)
[MoE] Layer 22: loading 2 expert(s)
[MoE] Layer 23: loading 2 expert(s)
[MoE] Layer 24: loading 4 expert(s)
[MoE] Layer 25: loading 4 expert(s)
[MoE] Layer 26: loading 2 expert(s)
[MoE] Layer 27: loading 4 expert(s)
[MoE] Layer 28: loading 4 expert(s)
[MoE] Layer 29: loading 3 expert(s)
[MoE] Layer 30: loading 4 expert(s)
[MoE] Layer 31: loading 3 expert(s)
[MoE] Layer 32: loading 3 expert(s)
[MoE] Layer 33: loading 3 expert(s)
[MoE] Layer 34: loading 1 expert(s)
[MoE] Layer 35: loading 4 expert(s)
[MoE] Layer 36: loading 5 expert(s)
[MoE] Layer 37: loading 6 expert(s)
[MoE] Layer 38: loading 4 expert(s)
[MoE] Layer 39: loading 3 expert(s)
[MoE] Layer 40: loading 3 expert(s)
[MoE] Layer 41: loading 2 expert(s)
[MoE] Layer 42: loading 3 expert(s)
[MoE] Layer 43: loading 3 expert(s)
[MoE] Layer 44: loading 6 expert(s)
[MoE] Layer 45: loading 3 expert(s)
[MoE] Layer 46: loading 4 expert(s)
[MoE] Layer 47: loading 5 expert(s)
[MoE] Layer 0: loading 4 expert(s)
[MoE] Layer 1: loading 3 expert(s)
[MoE] Layer 2: loading 3 expert(s)
[MoE] Layer 3: loading 2 expert(s)
[MoE] Layer 4: loading 3 expert(s)
[MoE] Layer 5: loading 2 expert(s)
[MoE] Layer 6: loading 1 expert(s)
[MoE] Layer 7: loading 1 expert(s)
[MoE] Layer 8: loading 3 expert(s)
[MoE] Layer 9: loading 2 expert(s)
[MoE] Layer 10: loading 3 expert(s)
[MoE] Layer 11: loading 4 expert(s)
[MoE] Layer 12: loading 2 expert(s)
[MoE] Layer 13: loading 3 expert(s)
[MoE] Layer 14: loading 2 expert(s)
[MoE] Layer 15: loading 1 expert(s)
[MoE] Layer 16: loading 1 expert(s)
[MoE] Layer 17: loading 2 expert(s)
[MoE] Layer 18: loading 2 expert(s)
[MoE] Layer 20: loading 1 expert(s)
[MoE] Layer 22: loading 2 expert(s)
[MoE] Layer 23: loading 1 expert(s)
[MoE] Layer 24: loading 2 expert(s)
[MoE] Layer 25: loading 2 expert(s)
[MoE] Layer 26: loading 3 expert(s)
[MoE] Layer 27: loading 2 expert(s)
[MoE] Layer 28: loading 6 expert(s)
[MoE] Layer 29: loading 2 expert(s)
[MoE] Layer 31: loading 2 expert(s)
[MoE] Layer 32: loading 1 expert(s)
[MoE] Layer 33: loading 3 expert(s)
[MoE] Layer 34: loading 2 expert(s)
[MoE] Layer 35: loading 5 expert(s)
[MoE] Layer 36: loading 3 expert(s)
[MoE] Layer 37: loading 1 expert(s)
[MoE] Layer 38: loading 3 expert(s)
[MoE] Layer 39: loading 4 expert(s)
[MoE] Layer 40: loading 4 expert(s)
[MoE] Layer 41: loading 3 expert(s)
[MoE] Layer 42: loading 1 expert(s)
[MoE] Layer 43: loading 3 expert(s)
[MoE] Layer 44: loading 2 expert(s)
[MoE] Layer 45: loading 4 expert(s)
[MoE] Layer 46: loading 4 expert(s)
[MoE] Layer 47: loading 3 expert(s)
[MoE] Layer 0: loading 7 expert(s)
[MoE] Layer 1: loading 5 expert(s)
[MoE] Layer 2: loading 5 expert(s)
[MoE] Layer 3: loading 4 expert(s)
[MoE] Layer 4: loading 6 expert(s)
[MoE] Layer 5: loading 2 expert(s)
[MoE] Layer 6: loading 1 expert(s)
[MoE] Layer 7: loading 3 expert(s)
[MoE] Layer 8: loading 2 expert(s)
[MoE] Layer 10: loading 4 expert(s)
[MoE] Layer 11: loading 2 expert(s)
[MoE] Layer 12: loading 1 expert(s)
[MoE] Layer 13: loading 2 expert(s)
[MoE] Layer 14: loading 3 expert(s)
[MoE] Layer 15: loading 1 expert(s)
[MoE] Layer 16: loading 2 expert(s)
[MoE] Layer 17: loading 3 expert(s)
[MoE] Layer 18: loading 2 expert(s)
[MoE] Layer 19: loading 2 expert(s)
[MoE] Layer 20: loading 3 expert(s)
[MoE] Layer 23: loading 2 expert(s)
[MoE] Layer 24: loading 2 expert(s)
[MoE] Layer 25: loading 3 expert(s)
[MoE] Layer 26: loading 3 expert(s)
[MoE] Layer 27: loading 1 expert(s)
[MoE] Layer 28: loading 3 expert(s)
[MoE] Layer 29: loading 2 expert(s)
[MoE] Layer 30: loading 2 expert(s)
[MoE] Layer 31: loading 3 expert(s)
[MoE] Layer 33: loading 2 expert(s)
[MoE] Layer 34: loading 2 expert(s)
[MoE] Layer 35: loading 4 expert(s)
[MoE] Layer 36: loading 2 expert(s)
[MoE] Layer 37: loading 3 expert(s)
[MoE] Layer 38: loading 1 expert(s)
[MoE] Layer 39: loading 3 expert(s)
[MoE] Layer 40: loading 2 expert(s)
[MoE] Layer 41: loading 3 expert(s)
[MoE] Layer 42: loading 2 expert(s)
[MoE] Layer 43: loading 1 expert(s)
[MoE] Layer 44: loading 5 expert(s)
[MoE] Layer 45: loading 4 expert(s)
[MoE] Layer 46: loading 1 expert(s)
[MoE] Layer 47: loading 3 expert(s)
[MoE] Layer 0: loading 3 expert(s)
[MoE] Layer 1: loading 4 expert(s)
[MoE] Layer 2: loading 4 expert(s)
[MoE] Layer 3: loading 3 expert(s)
[MoE] Layer 4: loading 3 expert(s)
[MoE] Layer 5: loading 3 expert(s)
[MoE] Layer 6: loading 2 expert(s)
[MoE] Layer 7: loading 3 expert(s)
[MoE] Layer 8: loading 2 expert(s)
[MoE] Layer 9: loading 2 expert(s)
[MoE] Layer 10: loading 2 expert(s)
[MoE] Layer 11: loading 4 expert(s)
[MoE] Layer 12: loading 3 expert(s)
[MoE] Layer 13: loading 1 expert(s)
[MoE] Layer 14: loading 3 expert(s)
[MoE] Layer 15: loading 3 expert(s)
[MoE] Layer 16: loading 4 expert(s)
[MoE] Layer 17: loading 3 expert(s)
[MoE] Layer 18: loading 5 expert(s)
[MoE] Layer 19: loading 1 expert(s)
[MoE] Layer 20: loading 5 expert(s)
[MoE] Layer 21: loading 5 expert(s)
[MoE] Layer 22: loading 3 expert(s)
[MoE] Layer 23: loading 3 expert(s)
[MoE] Layer 24: loading 4 expert(s)
[MoE] Layer 25: loading 3 expert(s)
[MoE] Layer 26: loading 4 expert(s)
[MoE] Layer 27: loading 4 expert(s)
[MoE] Layer 28: loading 5 expert(s)
[MoE] Layer 29: loading 2 expert(s)
[MoE] Layer 30: loading 3 expert(s)
[MoE] Layer 31: loading 3 expert(s)
[MoE] Layer 32: loading 2 expert(s)
[MoE] Layer 33: loading 3 expert(s)
[MoE] Layer 34: loading 2 expert(s)
[MoE] Layer 35: loading 3 expert(s)
[MoE] Layer 36: loading 1 expert(s)
[MoE] Layer 37: loading 2 expert(s)
[MoE] Layer 38: loading 2 expert(s)
[MoE] Layer 39: loading 2 expert(s)
[MoE] Layer 40: loading 2 expert(s)
[MoE] Layer 41: loading 1 expert(s)
[MoE] Layer 42: loading 1 expert(s)
[MoE] Layer 43: loading 1 expert(s)
[MoE] Layer 44: loading 3 expert(s)
[MoE] Layer 45: loading 3 expert(s)
[MoE] Layer 46: loading 4 expert(s)
[MoE] Layer 47: loading 2 expert(s)
[MoE] Layer 0: loading 1 expert(s)
[MoE] Layer 1: loading 1 expert(s)
[MoE] Layer 2: loading 4 expert(s)
[MoE] Layer 3: loading 4 expert(s)
[MoE] Layer 4: loading 6 expert(s)
[MoE] Layer 5: loading 1 expert(s)
[MoE] Layer 6: loading 1 expert(s)
[MoE] Layer 7: loading 1 expert(s)
[MoE] Layer 8: loading 2 expert(s)
[MoE] Layer 9: loading 1 expert(s)
[MoE] Layer 10: loading 1 expert(s)
[MoE] Layer 11: loading 2 expert(s)
[MoE] Layer 13: loading 2 expert(s)
[MoE] Layer 14: loading 2 expert(s)
[MoE] Layer 15: loading 2 expert(s)
[MoE] Layer 16: loading 3 expert(s)
[MoE] Layer 17: loading 2 expert(s)
[MoE] Layer 18: loading 3 expert(s)
[MoE] Layer 19: loading 1 expert(s)
[MoE] Layer 20: loading 3 expert(s)
[MoE] Layer 21: loading 3 expert(s)
[MoE] Layer 22: loading 3 expert(s)
[MoE] Layer 23: loading 4 expert(s)
[MoE] Layer 24: loading 3 expert(s)
[MoE] Layer 25: loading 1 expert(s)
[MoE] Layer 26: loading 2 expert(s)
[MoE] Layer 27: loading 2 expert(s)
[MoE] Layer 28: loading 1 expert(s)
[MoE] Layer 29: loading 2 expert(s)
[MoE] Layer 30: loading 1 expert(s)
[MoE] Layer 31: loading 3 expert(s)
[MoE] Layer 33: loading 1 expert(s)
[MoE] Layer 34: loading 1 expert(s)
[MoE] Layer 35: loading 1 expert(s)
[MoE] Layer 36: loading 1 expert(s)
[MoE] Layer 37: loading 1 expert(s)
[MoE] Layer 38: loading 1 expert(s)
[MoE] Layer 39: loading 2 expert(s)
[MoE] Layer 41: loading 2 expert(s)
[MoE] Layer 42: loading 1 expert(s)
[MoE] Layer 43: loading 1 expert(s)
[MoE] Layer 44: loading 2 expert(s)
[MoE] Layer 45: loading 3 expert(s)
[MoE] Layer 46: loading 2 expert(s)
[MoE] Layer 47: loading 2 expert(s)
[gen 90/99] elapsed=34.4s  TPS=2.618
[MoE] Layer 0: loading 1 expert(s)
[MoE] Layer 1: loading 1 expert(s)
[MoE] Layer 2: loading 5 expert(s)
[MoE] Layer 3: loading 3 expert(s)
[MoE] Layer 4: loading 4 expert(s)
[MoE] Layer 5: loading 2 expert(s)
[MoE] Layer 6: loading 2 expert(s)
[MoE] Layer 7: loading 3 expert(s)
[MoE] Layer 8: loading 1 expert(s)
[MoE] Layer 9: loading 4 expert(s)
[MoE] Layer 10: loading 5 expert(s)
[MoE] Layer 11: loading 3 expert(s)
[MoE] Layer 12: loading 3 expert(s)
[MoE] Layer 13: loading 1 expert(s)
[MoE] Layer 14: loading 3 expert(s)
[MoE] Layer 15: loading 1 expert(s)
[MoE] Layer 16: loading 3 expert(s)
[MoE] Layer 17: loading 3 expert(s)
[MoE] Layer 18: loading 4 expert(s)
[MoE] Layer 19: loading 1 expert(s)
[MoE] Layer 20: loading 3 expert(s)
[MoE] Layer 21: loading 2 expert(s)
[MoE] Layer 22: loading 4 expert(s)
[MoE] Layer 23: loading 4 expert(s)
[MoE] Layer 24: loading 4 expert(s)
[MoE] Layer 25: loading 4 expert(s)
[MoE] Layer 26: loading 1 expert(s)
[MoE] Layer 27: loading 3 expert(s)
[MoE] Layer 28: loading 3 expert(s)
[MoE] Layer 29: loading 3 expert(s)
[MoE] Layer 30: loading 6 expert(s)
[MoE] Layer 31: loading 6 expert(s)
[MoE] Layer 32: loading 4 expert(s)
[MoE] Layer 33: loading 8 expert(s)
[MoE] Layer 34: loading 6 expert(s)
[MoE] Layer 35: loading 4 expert(s)
[MoE] Layer 36: loading 5 expert(s)
[MoE] Layer 37: loading 4 expert(s)
[MoE] Layer 38: loading 4 expert(s)
[MoE] Layer 39: loading 5 expert(s)
[MoE] Layer 40: loading 5 expert(s)
[MoE] Layer 41: loading 5 expert(s)
[MoE] Layer 42: loading 6 expert(s)
[MoE] Layer 43: loading 5 expert(s)
[MoE] Layer 44: loading 5 expert(s)
[MoE] Layer 45: loading 6 expert(s)
[MoE] Layer 46: loading 6 expert(s)
[MoE] Layer 47: loading 3 expert(s)
[MoE] Layer 0: loading 6 expert(s)
[MoE] Layer 1: loading 3 expert(s)
[MoE] Layer 2: loading 6 expert(s)
[MoE] Layer 3: loading 3 expert(s)
[MoE] Layer 4: loading 4 expert(s)
[MoE] Layer 5: loading 4 expert(s)
[MoE] Layer 6: loading 4 expert(s)
[MoE] Layer 7: loading 2 expert(s)
[MoE] Layer 8: loading 1 expert(s)
[MoE] Layer 9: loading 4 expert(s)
[MoE] Layer 10: loading 2 expert(s)
[MoE] Layer 11: loading 2 expert(s)
[MoE] Layer 12: loading 3 expert(s)
[MoE] Layer 13: loading 4 expert(s)
[MoE] Layer 14: loading 2 expert(s)
[MoE] Layer 15: loading 1 expert(s)
[MoE] Layer 16: loading 4 expert(s)
[MoE] Layer 17: loading 3 expert(s)
[MoE] Layer 18: loading 1 expert(s)
[MoE] Layer 19: loading 1 expert(s)
[MoE] Layer 20: loading 2 expert(s)
[MoE] Layer 21: loading 2 expert(s)
[MoE] Layer 22: loading 2 expert(s)
[MoE] Layer 23: loading 3 expert(s)
[MoE] Layer 24: loading 2 expert(s)
[MoE] Layer 25: loading 4 expert(s)
[MoE] Layer 26: loading 4 expert(s)
[MoE] Layer 27: loading 2 expert(s)
[MoE] Layer 28: loading 4 expert(s)
[MoE] Layer 29: loading 4 expert(s)
[MoE] Layer 30: loading 4 expert(s)
[MoE] Layer 31: loading 5 expert(s)
[MoE] Layer 32: loading 4 expert(s)
[MoE] Layer 33: loading 6 expert(s)
[MoE] Layer 34: loading 5 expert(s)
[MoE] Layer 35: loading 5 expert(s)
[MoE] Layer 36: loading 6 expert(s)
[MoE] Layer 37: loading 4 expert(s)
[MoE] Layer 38: loading 4 expert(s)
[MoE] Layer 39: loading 3 expert(s)
[MoE] Layer 40: loading 4 expert(s)
[MoE] Layer 41: loading 4 expert(s)
[MoE] Layer 42: loading 6 expert(s)
[MoE] Layer 43: loading 3 expert(s)
[MoE] Layer 44: loading 4 expert(s)
[MoE] Layer 45: loading 7 expert(s)
[MoE] Layer 46: loading 6 expert(s)
[MoE] Layer 47: loading 8 expert(s)
[MoE] Layer 0: loading 6 expert(s)
[MoE] Layer 1: loading 5 expert(s)
[MoE] Layer 2: loading 8 expert(s)
[MoE] Layer 3: loading 5 expert(s)
[MoE] Layer 4: loading 5 expert(s)
[MoE] Layer 5: loading 4 expert(s)
[MoE] Layer 6: loading 4 expert(s)
[MoE] Layer 7: loading 2 expert(s)
[MoE] Layer 8: loading 2 expert(s)
[MoE] Layer 9: loading 2 expert(s)
[MoE] Layer 10: loading 5 expert(s)
[MoE] Layer 11: loading 1 expert(s)
[MoE] Layer 12: loading 3 expert(s)
[MoE] Layer 13: loading 2 expert(s)
[MoE] Layer 14: loading 4 expert(s)
[MoE] Layer 15: loading 2 expert(s)
[MoE] Layer 16: loading 3 expert(s)
[MoE] Layer 17: loading 2 expert(s)
[MoE] Layer 18: loading 3 expert(s)
[MoE] Layer 19: loading 2 expert(s)
[MoE] Layer 20: loading 5 expert(s)
[MoE] Layer 21: loading 2 expert(s)
[MoE] Layer 22: loading 2 expert(s)
[MoE] Layer 23: loading 1 expert(s)
[MoE] Layer 24: loading 1 expert(s)
[MoE] Layer 25: loading 3 expert(s)
[MoE] Layer 26: loading 4 expert(s)
[MoE] Layer 27: loading 4 expert(s)
[MoE] Layer 28: loading 1 expert(s)
[MoE] Layer 29: loading 4 expert(s)
[MoE] Layer 30: loading 2 expert(s)
[MoE] Layer 31: loading 3 expert(s)
[MoE] Layer 32: loading 2 expert(s)
[MoE] Layer 33: loading 1 expert(s)
[MoE] Layer 34: loading 3 expert(s)
[MoE] Layer 35: loading 5 expert(s)
[MoE] Layer 36: loading 5 expert(s)
[MoE] Layer 37: loading 6 expert(s)
[MoE] Layer 38: loading 5 expert(s)
[MoE] Layer 39: loading 4 expert(s)
[MoE] Layer 40: loading 5 expert(s)
[MoE] Layer 41: loading 7 expert(s)
[MoE] Layer 42: loading 6 expert(s)
[MoE] Layer 43: loading 7 expert(s)
[MoE] Layer 44: loading 4 expert(s)
[MoE] Layer 45: loading 6 expert(s)
[MoE] Layer 46: loading 6 expert(s)
[MoE] Layer 47: loading 7 expert(s)
[MoE] Layer 0: loading 6 expert(s)
[MoE] Layer 1: loading 5 expert(s)
[MoE] Layer 2: loading 6 expert(s)
[MoE] Layer 3: loading 6 expert(s)
[MoE] Layer 4: loading 3 expert(s)
[MoE] Layer 5: loading 7 expert(s)
[MoE] Layer 6: loading 3 expert(s)
[MoE] Layer 7: loading 3 expert(s)
[MoE] Layer 8: loading 4 expert(s)
[MoE] Layer 9: loading 3 expert(s)
[MoE] Layer 10: loading 2 expert(s)
[MoE] Layer 11: loading 5 expert(s)
[MoE] Layer 12: loading 3 expert(s)
[MoE] Layer 13: loading 3 expert(s)
[MoE] Layer 14: loading 3 expert(s)
[MoE] Layer 15: loading 2 expert(s)
[MoE] Layer 16: loading 2 expert(s)
[MoE] Layer 17: loading 3 expert(s)
[MoE] Layer 18: loading 1 expert(s)
[MoE] Layer 20: loading 3 expert(s)
[MoE] Layer 21: loading 1 expert(s)
[MoE] Layer 22: loading 2 expert(s)
[MoE] Layer 23: loading 4 expert(s)
[MoE] Layer 24: loading 2 expert(s)
[MoE] Layer 25: loading 4 expert(s)
[MoE] Layer 26: loading 4 expert(s)
[MoE] Layer 27: loading 2 expert(s)
[MoE] Layer 28: loading 3 expert(s)
[MoE] Layer 29: loading 4 expert(s)
[MoE] Layer 30: loading 1 expert(s)
[MoE] Layer 31: loading 1 expert(s)
[MoE] Layer 32: loading 4 expert(s)
[MoE] Layer 33: loading 2 expert(s)
[MoE] Layer 34: loading 2 expert(s)
[MoE] Layer 35: loading 3 expert(s)
[MoE] Layer 36: loading 2 expert(s)
[MoE] Layer 37: loading 5 expert(s)
[MoE] Layer 38: loading 3 expert(s)
[MoE] Layer 39: loading 3 expert(s)
[MoE] Layer 40: loading 3 expert(s)
[MoE] Layer 41: loading 6 expert(s)
[MoE] Layer 42: loading 6 expert(s)
[MoE] Layer 43: loading 5 expert(s)
[MoE] Layer 44: loading 7 expert(s)
[MoE] Layer 45: loading 3 expert(s)
[MoE] Layer 46: loading 4 expert(s)
[MoE] Layer 47: loading 7 expert(s)
[MoE] Layer 0: loading 5 expert(s)
[MoE] Layer 1: loading 3 expert(s)
[MoE] Layer 2: loading 5 expert(s)
[MoE] Layer 3: loading 3 expert(s)
[MoE] Layer 4: loading 5 expert(s)
[MoE] Layer 5: loading 6 expert(s)
[MoE] Layer 6: loading 6 expert(s)
[MoE] Layer 7: loading 5 expert(s)
[MoE] Layer 8: loading 4 expert(s)
[MoE] Layer 9: loading 5 expert(s)
[MoE] Layer 10: loading 3 expert(s)
[MoE] Layer 11: loading 6 expert(s)
[MoE] Layer 12: loading 4 expert(s)
[MoE] Layer 13: loading 4 expert(s)
[MoE] Layer 14: loading 6 expert(s)
[MoE] Layer 15: loading 4 expert(s)
[MoE] Layer 16: loading 4 expert(s)
[MoE] Layer 17: loading 3 expert(s)
[MoE] Layer 19: loading 3 expert(s)
[MoE] Layer 20: loading 1 expert(s)
[MoE] Layer 21: loading 2 expert(s)
[MoE] Layer 22: loading 5 expert(s)
[MoE] Layer 23: loading 3 expert(s)
[MoE] Layer 24: loading 3 expert(s)
[MoE] Layer 25: loading 2 expert(s)
[MoE] Layer 26: loading 3 expert(s)
[MoE] Layer 27: loading 1 expert(s)
[MoE] Layer 29: loading 4 expert(s)
[MoE] Layer 30: loading 3 expert(s)
[MoE] Layer 31: loading 2 expert(s)
[MoE] Layer 32: loading 2 expert(s)
[MoE] Layer 33: loading 3 expert(s)
[MoE] Layer 34: loading 4 expert(s)
[MoE] Layer 35: loading 3 expert(s)
[MoE] Layer 36: loading 5 expert(s)
[MoE] Layer 37: loading 2 expert(s)
[MoE] Layer 38: loading 3 expert(s)
[MoE] Layer 39: loading 4 expert(s)
[MoE] Layer 40: loading 2 expert(s)
[MoE] Layer 41: loading 6 expert(s)
[MoE] Layer 42: loading 6 expert(s)
[MoE] Layer 43: loading 6 expert(s)
[MoE] Layer 44: loading 7 expert(s)
[MoE] Layer 45: loading 4 expert(s)
[MoE] Layer 46: loading 6 expert(s)
[MoE] Layer 47: loading 8 expert(s)
[gen 95/99] elapsed=36.5s  TPS=2.601
[MoE] Layer 0: loading 5 expert(s)
[MoE] Layer 1: loading 5 expert(s)
[MoE] Layer 2: loading 4 expert(s)
[MoE] Layer 3: loading 5 expert(s)
[MoE] Layer 4: loading 2 expert(s)
[MoE] Layer 5: loading 3 expert(s)
[MoE] Layer 6: loading 1 expert(s)
[MoE] Layer 7: loading 4 expert(s)
[MoE] Layer 10: loading 1 expert(s)
[MoE] Layer 11: loading 2 expert(s)
[MoE] Layer 12: loading 1 expert(s)
[MoE] Layer 13: loading 1 expert(s)
[MoE] Layer 14: loading 4 expert(s)
[MoE] Layer 15: loading 4 expert(s)
[MoE] Layer 16: loading 2 expert(s)
[MoE] Layer 17: loading 1 expert(s)
[MoE] Layer 18: loading 1 expert(s)
[MoE] Layer 19: loading 1 expert(s)
[MoE] Layer 20: loading 1 expert(s)
[MoE] Layer 22: loading 1 expert(s)
[MoE] Layer 23: loading 4 expert(s)
[MoE] Layer 24: loading 3 expert(s)
[MoE] Layer 25: loading 1 expert(s)
[MoE] Layer 26: loading 1 expert(s)
[MoE] Layer 27: loading 1 expert(s)
[MoE] Layer 29: loading 1 expert(s)
[MoE] Layer 30: loading 1 expert(s)
[MoE] Layer 33: loading 2 expert(s)
[MoE] Layer 34: loading 6 expert(s)
[MoE] Layer 35: loading 1 expert(s)
[MoE] Layer 36: loading 4 expert(s)
[MoE] Layer 37: loading 3 expert(s)
[MoE] Layer 38: loading 2 expert(s)
[MoE] Layer 39: loading 1 expert(s)
[MoE] Layer 40: loading 2 expert(s)
[MoE] Layer 41: loading 4 expert(s)
[MoE] Layer 42: loading 5 expert(s)
[MoE] Layer 43: loading 3 expert(s)
[MoE] Layer 44: loading 3 expert(s)
[MoE] Layer 45: loading 2 expert(s)
[MoE] Layer 46: loading 3 expert(s)
[MoE] Layer 47: loading 5 expert(s)
[MoE] Layer 0: loading 6 expert(s)
[MoE] Layer 1: loading 4 expert(s)
[MoE] Layer 2: loading 5 expert(s)
[MoE] Layer 3: loading 2 expert(s)
[MoE] Layer 4: loading 4 expert(s)
[MoE] Layer 5: loading 5 expert(s)
[MoE] Layer 6: loading 2 expert(s)
[MoE] Layer 7: loading 1 expert(s)
[MoE] Layer 8: loading 3 expert(s)
[MoE] Layer 10: loading 4 expert(s)
[MoE] Layer 11: loading 4 expert(s)
[MoE] Layer 12: loading 1 expert(s)
[MoE] Layer 13: loading 3 expert(s)
[MoE] Layer 14: loading 4 expert(s)
[MoE] Layer 15: loading 1 expert(s)
[MoE] Layer 16: loading 3 expert(s)
[MoE] Layer 17: loading 2 expert(s)
[MoE] Layer 18: loading 2 expert(s)
[MoE] Layer 19: loading 2 expert(s)
[MoE] Layer 20: loading 5 expert(s)
[MoE] Layer 21: loading 3 expert(s)
[MoE] Layer 22: loading 3 expert(s)
[MoE] Layer 23: loading 4 expert(s)
[MoE] Layer 24: loading 4 expert(s)
[MoE] Layer 25: loading 3 expert(s)
[MoE] Layer 26: loading 3 expert(s)
[MoE] Layer 27: loading 2 expert(s)
[MoE] Layer 28: loading 5 expert(s)
[MoE] Layer 29: loading 4 expert(s)
[MoE] Layer 30: loading 2 expert(s)
[MoE] Layer 31: loading 2 expert(s)
[MoE] Layer 32: loading 4 expert(s)
[MoE] Layer 33: loading 3 expert(s)
[MoE] Layer 34: loading 3 expert(s)
[MoE] Layer 35: loading 4 expert(s)
[MoE] Layer 36: loading 2 expert(s)
[MoE] Layer 37: loading 3 expert(s)
[MoE] Layer 38: loading 4 expert(s)
[MoE] Layer 39: loading 2 expert(s)
[MoE] Layer 40: loading 4 expert(s)
[MoE] Layer 41: loading 4 expert(s)
[MoE] Layer 42: loading 5 expert(s)
[MoE] Layer 43: loading 3 expert(s)
[MoE] Layer 44: loading 3 expert(s)
[MoE] Layer 45: loading 2 expert(s)
[MoE] Layer 47: loading 2 expert(s)
[MoE] Layer 0: loading 6 expert(s)
[MoE] Layer 1: loading 4 expert(s)
[MoE] Layer 2: loading 6 expert(s)
[MoE] Layer 3: loading 5 expert(s)
[MoE] Layer 4: loading 3 expert(s)
[MoE] Layer 5: loading 5 expert(s)
[MoE] Layer 6: loading 3 expert(s)
[MoE] Layer 7: loading 2 expert(s)
[MoE] Layer 8: loading 3 expert(s)
[MoE] Layer 9: loading 4 expert(s)
[MoE] Layer 10: loading 3 expert(s)
[MoE] Layer 11: loading 4 expert(s)
[MoE] Layer 12: loading 1 expert(s)
[MoE] Layer 13: loading 3 expert(s)
[MoE] Layer 14: loading 4 expert(s)
[MoE] Layer 15: loading 2 expert(s)
[MoE] Layer 16: loading 1 expert(s)
[MoE] Layer 17: loading 1 expert(s)
[MoE] Layer 19: loading 1 expert(s)
[MoE] Layer 20: loading 1 expert(s)
[MoE] Layer 21: loading 3 expert(s)
[MoE] Layer 22: loading 2 expert(s)
[MoE] Layer 23: loading 2 expert(s)
[MoE] Layer 24: loading 2 expert(s)
[MoE] Layer 25: loading 1 expert(s)
[MoE] Layer 26: loading 2 expert(s)
[MoE] Layer 27: loading 1 expert(s)
[MoE] Layer 28: loading 2 expert(s)
[MoE] Layer 29: loading 4 expert(s)
[MoE] Layer 30: loading 1 expert(s)
[MoE] Layer 31: loading 5 expert(s)
[MoE] Layer 32: loading 4 expert(s)
[MoE] Layer 33: loading 3 expert(s)
[MoE] Layer 34: loading 1 expert(s)
[MoE] Layer 35: loading 4 expert(s)
[MoE] Layer 36: loading 1 expert(s)
[MoE] Layer 37: loading 3 expert(s)
[MoE] Layer 38: loading 3 expert(s)
[MoE] Layer 39: loading 3 expert(s)
[MoE] Layer 40: loading 4 expert(s)
[MoE] Layer 41: loading 4 expert(s)
[MoE] Layer 42: loading 4 expert(s)
[MoE] Layer 43: loading 3 expert(s)
[MoE] Layer 44: loading 2 expert(s)
[MoE] Layer 45: loading 2 expert(s)
[MoE] Layer 46: loading 1 expert(s)
[MoE] Layer 47: loading 3 expert(s)
[MoE] Layer 0: loading 6 expert(s)
[MoE] Layer 1: loading 3 expert(s)
[MoE] Layer 2: loading 5 expert(s)
[MoE] Layer 3: loading 6 expert(s)
[MoE] Layer 4: loading 4 expert(s)
[MoE] Layer 5: loading 2 expert(s)
[MoE] Layer 6: loading 4 expert(s)
[MoE] Layer 7: loading 3 expert(s)
[MoE] Layer 8: loading 2 expert(s)
[MoE] Layer 9: loading 2 expert(s)
[MoE] Layer 10: loading 2 expert(s)
[MoE] Layer 11: loading 4 expert(s)
[MoE] Layer 12: loading 1 expert(s)
[MoE] Layer 13: loading 4 expert(s)
[MoE] Layer 14: loading 4 expert(s)
[MoE] Layer 15: loading 1 expert(s)
[MoE] Layer 16: loading 3 expert(s)
[MoE] Layer 17: loading 1 expert(s)
[MoE] Layer 18: loading 2 expert(s)
[MoE] Layer 20: loading 1 expert(s)
[MoE] Layer 21: loading 3 expert(s)
[MoE] Layer 22: loading 2 expert(s)
[MoE] Layer 23: loading 1 expert(s)
[MoE] Layer 24: loading 5 expert(s)
[MoE] Layer 25: loading 3 expert(s)
[MoE] Layer 26: loading 4 expert(s)
[MoE] Layer 27: loading 3 expert(s)
[MoE] Layer 28: loading 2 expert(s)
[MoE] Layer 29: loading 4 expert(s)
[MoE] Layer 30: loading 2 expert(s)
[MoE] Layer 31: loading 1 expert(s)
[MoE] Layer 32: loading 3 expert(s)
[MoE] Layer 33: loading 1 expert(s)
[MoE] Layer 34: loading 4 expert(s)
[MoE] Layer 35: loading 5 expert(s)
[MoE] Layer 36: loading 4 expert(s)
[MoE] Layer 37: loading 4 expert(s)
[MoE] Layer 38: loading 5 expert(s)
[MoE] Layer 39: loading 3 expert(s)
[MoE] Layer 40: loading 2 expert(s)
[MoE] Layer 41: loading 5 expert(s)
[MoE] Layer 42: loading 4 expert(s)
[MoE] Layer 43: loading 3 expert(s)
[MoE] Layer 44: loading 7 expert(s)
[MoE] Layer 45: loading 4 expert(s)
[MoE] Layer 46: loading 6 expert(s)
[MoE] Layer 47: loading 8 expert(s)
Prefill time (summary): 18.901 seconds
Total Generation Time: 37.960 seconds
Average Time per Token: 0.383 seconds

Expert Cache Statistics:
Layer 0: Hits=244, Misses=548, HitRate=30.81%
    Bandwidth: MissLoads=548, AvgLoadTime=1.96ms
Layer 1: Hits=383, Misses=409, HitRate=48.36%
    Bandwidth: MissLoads=409, AvgLoadTime=1.94ms
Layer 2: Hits=358, Misses=434, HitRate=45.20%
    Bandwidth: MissLoads=434, AvgLoadTime=1.91ms
Layer 3: Hits=377, Misses=415, HitRate=47.60%
    Bandwidth: MissLoads=415, AvgLoadTime=2.01ms
Layer 4: Hits=411, Misses=381, HitRate=51.89%
    Bandwidth: MissLoads=381, AvgLoadTime=2.06ms
Layer 5: Hits=451, Misses=341, HitRate=56.94%
    Bandwidth: MissLoads=341, AvgLoadTime=2.17ms
Layer 6: Hits=542, Misses=250, HitRate=68.43%
    Bandwidth: MissLoads=250, AvgLoadTime=2.45ms
Layer 7: Hits=585, Misses=207, HitRate=73.86%
    Bandwidth: MissLoads=207, AvgLoadTime=2.43ms
Layer 8: Hits=551, Misses=241, HitRate=69.57%
    Bandwidth: MissLoads=241, AvgLoadTime=2.44ms
Layer 9: Hits=542, Misses=250, HitRate=68.43%
    Bandwidth: MissLoads=250, AvgLoadTime=2.40ms
Layer 10: Hits=538, Misses=254, HitRate=67.93%
    Bandwidth: MissLoads=254, AvgLoadTime=2.35ms
Layer 11: Hits=468, Misses=324, HitRate=59.09%
    Bandwidth: MissLoads=324, AvgLoadTime=2.12ms
Layer 12: Hits=551, Misses=241, HitRate=69.57%
    Bandwidth: MissLoads=241, AvgLoadTime=2.34ms
Layer 13: Hits=483, Misses=309, HitRate=60.98%
    Bandwidth: MissLoads=309, AvgLoadTime=2.20ms
Layer 14: Hits=504, Misses=288, HitRate=63.64%
    Bandwidth: MissLoads=288, AvgLoadTime=2.28ms
Layer 15: Hits=577, Misses=215, HitRate=72.85%
    Bandwidth: MissLoads=215, AvgLoadTime=2.51ms
Layer 16: Hits=466, Misses=326, HitRate=58.84%
    Bandwidth: MissLoads=326, AvgLoadTime=2.18ms
Layer 17: Hits=534, Misses=258, HitRate=67.42%
    Bandwidth: MissLoads=258, AvgLoadTime=2.31ms
Layer 18: Hits=600, Misses=192, HitRate=75.76%
    Bandwidth: MissLoads=192, AvgLoadTime=2.57ms
Layer 19: Hits=633, Misses=159, HitRate=79.92%
    Bandwidth: MissLoads=159, AvgLoadTime=2.62ms
Layer 20: Hits=571, Misses=221, HitRate=72.10%
    Bandwidth: MissLoads=221, AvgLoadTime=2.41ms
Layer 21: Hits=558, Misses=234, HitRate=70.45%
    Bandwidth: MissLoads=234, AvgLoadTime=2.41ms
Layer 22: Hits=535, Misses=257, HitRate=67.55%
    Bandwidth: MissLoads=257, AvgLoadTime=2.35ms
Layer 23: Hits=432, Misses=360, HitRate=54.55%
    Bandwidth: MissLoads=360, AvgLoadTime=2.10ms
Layer 24: Hits=474, Misses=318, HitRate=59.85%
    Bandwidth: MissLoads=318, AvgLoadTime=2.18ms
Layer 25: Hits=466, Misses=326, HitRate=58.84%
    Bandwidth: MissLoads=326, AvgLoadTime=2.22ms
Layer 26: Hits=458, Misses=334, HitRate=57.83%
    Bandwidth: MissLoads=334, AvgLoadTime=2.13ms
Layer 27: Hits=532, Misses=260, HitRate=67.17%
    Bandwidth: MissLoads=260, AvgLoadTime=2.31ms
Layer 28: Hits=464, Misses=328, HitRate=58.59%
    Bandwidth: MissLoads=328, AvgLoadTime=2.15ms
Layer 29: Hits=455, Misses=337, HitRate=57.45%
    Bandwidth: MissLoads=337, AvgLoadTime=2.15ms
Layer 30: Hits=535, Misses=257, HitRate=67.55%
    Bandwidth: MissLoads=257, AvgLoadTime=2.27ms
Layer 31: Hits=551, Misses=241, HitRate=69.57%
    Bandwidth: MissLoads=241, AvgLoadTime=2.32ms
Layer 32: Hits=526, Misses=266, HitRate=66.41%
    Bandwidth: MissLoads=266, AvgLoadTime=2.23ms
Layer 33: Hits=500, Misses=292, HitRate=63.13%
    Bandwidth: MissLoads=292, AvgLoadTime=2.17ms
Layer 34: Hits=477, Misses=315, HitRate=60.23%
    Bandwidth: MissLoads=315, AvgLoadTime=2.11ms
Layer 35: Hits=431, Misses=361, HitRate=54.42%
    Bandwidth: MissLoads=361, AvgLoadTime=2.03ms
Layer 36: Hits=476, Misses=316, HitRate=60.10%
    Bandwidth: MissLoads=316, AvgLoadTime=2.16ms
Layer 37: Hits=446, Misses=346, HitRate=56.31%
    Bandwidth: MissLoads=346, AvgLoadTime=2.20ms
Layer 38: Hits=464, Misses=328, HitRate=58.59%
    Bandwidth: MissLoads=328, AvgLoadTime=2.20ms
Layer 39: Hits=508, Misses=284, HitRate=64.14%
    Bandwidth: MissLoads=284, AvgLoadTime=2.28ms
Layer 40: Hits=497, Misses=295, HitRate=62.75%
    Bandwidth: MissLoads=295, AvgLoadTime=2.26ms
Layer 41: Hits=426, Misses=366, HitRate=53.79%
    Bandwidth: MissLoads=366, AvgLoadTime=2.20ms
Layer 42: Hits=418, Misses=374, HitRate=52.78%
    Bandwidth: MissLoads=374, AvgLoadTime=2.13ms
Layer 43: Hits=453, Misses=339, HitRate=57.20%
    Bandwidth: MissLoads=339, AvgLoadTime=2.15ms
Layer 44: Hits=460, Misses=332, HitRate=58.08%
    Bandwidth: MissLoads=332, AvgLoadTime=2.11ms
Layer 45: Hits=469, Misses=323, HitRate=59.22%
    Bandwidth: MissLoads=323, AvgLoadTime=2.09ms
Layer 46: Hits=435, Misses=357, HitRate=54.92%
    Bandwidth: MissLoads=357, AvgLoadTime=2.09ms
Layer 47: Hits=400, Misses=392, HitRate=50.51%
    Bandwidth: MissLoads=392, AvgLoadTime=2.14ms
============================================================
============================================================
Initializing Qwen3 30B-A3B AWQ w4a16 quantized model...
============================================================
Loading quantized weights from QuixiAI/Qwen3-30B-A3B-AWQ...
Using saved safetensors: /home/michael/heteroPredict/py/unified_llm_w4a16/model_weights/Qwen3-30B-A3B-AWQ.safetensors
Expert weights dir: /home/michael/heteroPredict/py/unified_llm_w4a16/model_weights/Qwen3-30B-A3B-AWQ_packed  (format: packed)
Using existing attention weights in /home/michael/heteroPredict/py/unified_llm_w4a16/model_weights/Qwen3-30B-A3B-AWQ_unpacked
Weights loaded (expert dir override) in 0.32 seconds
Pre-warming expert cache with 24 experts...
Model initialized successfully!
Set expert cache policy to RANDOM.

Running sweep using prompts from JSON: /tmp/tmpkyl876v9.json
Loaded 1 prompts for sweeping.

Processing Prompt 1/1...

============================================================
Generated text only:
============================================================
 Theia's story has captured the attention of people around the world, and the fundraising page has already surpassed the $10,000 target. Theia's story has captured the attention of people around the world, and the fundraising page has already surpassed the $10,000 target. Theia's story has captured the attention of people around the world, and the fundraising page has already surpassed the $10,000 target. Theia's story has captured the
============================================================

============================================================
Sweep Complete.
Average Time per Token: 0.568669
End-to-End TPS: 1.7585
Cache Stats: Hits=23215, Misses=14801, HitRate=61.07%
Initializing UnifiedLLMW4A16Impl_base
Using NPU config struct.
Configuring NPU (Base):
  Heterogeneity: gpu
  GPU Count: 1
  Debug Verbosity: 1
  Dummy Weights: false
  Warmup: false
  Preload MoE: true
  Minimal PDI: true
[GPU SELECT] Free VRAM ranking: gpu0=28.00/28.00 GiB
[GPU SELECT] Selected GPUs for gpu-count=1: [0]
[GPU MAP] Single-GPU placement on gpu0
UnifiedLLMW4A16 moved to device: cuda:0
Preloading MoE kernels...
MoE kernels preloaded.
UnifiedLLMW4A16 initialized on device: cuda:0 with w4a16 quantization
Loading non-quantized weights from safetensors (mmap): /home/michael/heteroPredict/py/unified_llm_w4a16/model_weights/Qwen3-30B-A3B-AWQ.safetensors
Loaded 243 non-quantized parameters, skipped 0
Loading quantized weights from bins: /home/michael/heteroPredict/py/unified_llm_w4a16/model_weights/Qwen3-30B-A3B-AWQ_unpacked
Pre-warming 24 experts for all layers...
Layer 0: Pre-warming 24 experts.
Layer 0: using packed expert format.
[MoE I/O] Expert weight reads require O_DIRECT (no buffered fallback).
Layer 1: Pre-warming 24 experts.
Layer 1: using packed expert format.
Layer 2: Pre-warming 24 experts.
Layer 2: using packed expert format.
Layer 3: Pre-warming 24 experts.
Layer 3: using packed expert format.
Prewarmed experts for layer 4/48
Layer 4: Pre-warming 24 experts.
Layer 4: using packed expert format.
Layer 5: Pre-warming 24 experts.
Layer 5: using packed expert format.
Layer 6: Pre-warming 24 experts.
Layer 6: using packed expert format.
Layer 7: Pre-warming 24 experts.
Layer 7: using packed expert format.
Prewarmed experts for layer 8/48
Layer 8: Pre-warming 24 experts.
Layer 8: using packed expert format.
Layer 9: Pre-warming 24 experts.
Layer 9: using packed expert format.
Layer 10: Pre-warming 24 experts.
Layer 10: using packed expert format.
Layer 11: Pre-warming 24 experts.
Layer 11: using packed expert format.
Prewarmed experts for layer 12/48
Layer 12: Pre-warming 24 experts.
Layer 12: using packed expert format.
Layer 13: Pre-warming 24 experts.
Layer 13: using packed expert format.
Layer 14: Pre-warming 24 experts.
Layer 14: using packed expert format.
Layer 15: Pre-warming 24 experts.
Layer 15: using packed expert format.
Prewarmed experts for layer 16/48
Layer 16: Pre-warming 24 experts.
Layer 16: using packed expert format.
Layer 17: Pre-warming 24 experts.
Layer 17: using packed expert format.
Layer 18: Pre-warming 24 experts.
Layer 18: using packed expert format.
Layer 19: Pre-warming 24 experts.
Layer 19: using packed expert format.
Prewarmed experts for layer 20/48
Layer 20: Pre-warming 24 experts.
Layer 20: using packed expert format.
Layer 21: Pre-warming 24 experts.
Layer 21: using packed expert format.
Layer 22: Pre-warming 24 experts.
Layer 22: using packed expert format.
Layer 23: Pre-warming 24 experts.
Layer 23: using packed expert format.
Prewarmed experts for layer 24/48
Layer 24: Pre-warming 24 experts.
Layer 24: using packed expert format.
Layer 25: Pre-warming 24 experts.
Layer 25: using packed expert format.
Layer 26: Pre-warming 24 experts.
Layer 26: using packed expert format.
Layer 27: Pre-warming 24 experts.
Layer 27: using packed expert format.
Prewarmed experts for layer 28/48
Layer 28: Pre-warming 24 experts.
Layer 28: using packed expert format.
Layer 29: Pre-warming 24 experts.
Layer 29: using packed expert format.
Layer 30: Pre-warming 24 experts.
Layer 30: using packed expert format.
Layer 31: Pre-warming 24 experts.
Layer 31: using packed expert format.
Prewarmed experts for layer 32/48
Layer 32: Pre-warming 24 experts.
Layer 32: using packed expert format.
Layer 33: Pre-warming 24 experts.
Layer 33: using packed expert format.
Layer 34: Pre-warming 24 experts.
Layer 34: using packed expert format.
Layer 35: Pre-warming 24 experts.
Layer 35: using packed expert format.
Prewarmed experts for layer 36/48
Layer 36: Pre-warming 24 experts.
Layer 36: using packed expert format.
Layer 37: Pre-warming 24 experts.
Layer 37: using packed expert format.
Layer 38: Pre-warming 24 experts.
Layer 38: using packed expert format.
Layer 39: Pre-warming 24 experts.
Layer 39: using packed expert format.
Prewarmed experts for layer 40/48
Layer 40: Pre-warming 24 experts.
Layer 40: using packed expert format.
Layer 41: Pre-warming 24 experts.
Layer 41: using packed expert format.
Layer 42: Pre-warming 24 experts.
Layer 42: using packed expert format.
Layer 43: Pre-warming 24 experts.
Layer 43: using packed expert format.
Prewarmed experts for layer 44/48
Layer 44: Pre-warming 24 experts.
Layer 44: using packed expert format.
Layer 45: Pre-warming 24 experts.
Layer 45: using packed expert format.
Layer 46: Pre-warming 24 experts.
Layer 46: using packed expert format.
Layer 47: Pre-warming 24 experts.
Layer 47: using packed expert format.
Prewarmed experts for layer 48/48
Libtorch input_ids shape: [1, 925]
Skipping warmup.
Prefill time: 22.6793 seconds
Generation phase
[MoE] Layer 0: loading 7 expert(s)
[MoE] Layer 1: loading 8 expert(s)
[MoE] Layer 2: loading 7 expert(s)
[MoE] Layer 3: loading 7 expert(s)
[MoE] Layer 4: loading 5 expert(s)
[MoE] Layer 5: loading 6 expert(s)
[MoE] Layer 6: loading 8 expert(s)
[MoE] Layer 7: loading 7 expert(s)
[MoE] Layer 8: loading 6 expert(s)
[MoE] Layer 9: loading 7 expert(s)
[MoE] Layer 10: loading 6 expert(s)
[MoE] Layer 11: loading 7 expert(s)
[MoE] Layer 12: loading 7 expert(s)
[MoE] Layer 13: loading 7 expert(s)
[MoE] Layer 14: loading 8 expert(s)
[MoE] Layer 15: loading 7 expert(s)
[MoE] Layer 16: loading 5 expert(s)
[MoE] Layer 17: loading 7 expert(s)
[MoE] Layer 18: loading 6 expert(s)
[MoE] Layer 19: loading 7 expert(s)
[MoE] Layer 20: loading 6 expert(s)
[MoE] Layer 21: loading 6 expert(s)
[MoE] Layer 22: loading 6 expert(s)
[MoE] Layer 23: loading 5 expert(s)
[MoE] Layer 24: loading 8 expert(s)
[MoE] Layer 25: loading 5 expert(s)
[MoE] Layer 26: loading 7 expert(s)
[MoE] Layer 27: loading 7 expert(s)
[MoE] Layer 28: loading 6 expert(s)
[MoE] Layer 29: loading 7 expert(s)
[MoE] Layer 30: loading 4 expert(s)
[MoE] Layer 31: loading 6 expert(s)
[MoE] Layer 32: loading 6 expert(s)
[MoE] Layer 33: loading 7 expert(s)
[MoE] Layer 34: loading 7 expert(s)
[MoE] Layer 35: loading 6 expert(s)
[MoE] Layer 36: loading 7 expert(s)
[MoE] Layer 37: loading 5 expert(s)
[MoE] Layer 38: loading 5 expert(s)
[MoE] Layer 39: loading 6 expert(s)
[MoE] Layer 40: loading 7 expert(s)
[MoE] Layer 41: loading 5 expert(s)
[MoE] Layer 42: loading 7 expert(s)
[MoE] Layer 43: loading 6 expert(s)
[MoE] Layer 44: loading 6 expert(s)
[MoE] Layer 45: loading 5 expert(s)
[MoE] Layer 46: loading 6 expert(s)
[MoE] Layer 47: loading 5 expert(s)
[MoE] Layer 0: loading 4 expert(s)
[MoE] Layer 1: loading 4 expert(s)
[MoE] Layer 2: loading 2 expert(s)
[MoE] Layer 3: loading 4 expert(s)
[MoE] Layer 4: loading 5 expert(s)
[MoE] Layer 5: loading 4 expert(s)
[MoE] Layer 6: loading 2 expert(s)
[MoE] Layer 7: loading 3 expert(s)
[MoE] Layer 8: loading 6 expert(s)
[MoE] Layer 9: loading 5 expert(s)
[MoE] Layer 10: loading 4 expert(s)
[MoE] Layer 11: loading 3 expert(s)
[MoE] Layer 12: loading 2 expert(s)
[MoE] Layer 13: loading 2 expert(s)
[MoE] Layer 14: loading 4 expert(s)
[MoE] Layer 15: loading 2 expert(s)
[MoE] Layer 16: loading 3 expert(s)
[MoE] Layer 17: loading 4 expert(s)
[MoE] Layer 18: loading 5 expert(s)
[MoE] Layer 19: loading 3 expert(s)
[MoE] Layer 20: loading 4 expert(s)
[MoE] Layer 21: loading 2 expert(s)
[MoE] Layer 22: loading 3 expert(s)
[MoE] Layer 23: loading 3 expert(s)
[MoE] Layer 24: loading 2 expert(s)
[MoE] Layer 25: loading 3 expert(s)
[MoE] Layer 26: loading 5 expert(s)
[MoE] Layer 27: loading 5 expert(s)
[MoE] Layer 28: loading 2 expert(s)
[MoE] Layer 29: loading 4 expert(s)
[MoE] Layer 30: loading 7 expert(s)
[MoE] Layer 31: loading 2 expert(s)
[MoE] Layer 32: loading 6 expert(s)
[MoE] Layer 33: loading 7 expert(s)
[MoE] Layer 34: loading 4 expert(s)
[MoE] Layer 35: loading 5 expert(s)
[MoE] Layer 36: loading 7 expert(s)
[MoE] Layer 37: loading 3 expert(s)
[MoE] Layer 38: loading 6 expert(s)
[MoE] Layer 39: loading 7 expert(s)
[MoE] Layer 40: loading 4 expert(s)
[MoE] Layer 41: loading 5 expert(s)
[MoE] Layer 42: loading 2 expert(s)
[MoE] Layer 43: loading 6 expert(s)
[MoE] Layer 44: loading 7 expert(s)
[MoE] Layer 45: loading 5 expert(s)
[MoE] Layer 46: loading 2 expert(s)
[MoE] Layer 47: loading 8 expert(s)
[MoE] Layer 0: loading 7 expert(s)
[MoE] Layer 1: loading 6 expert(s)
[MoE] Layer 2: loading 6 expert(s)
[MoE] Layer 3: loading 6 expert(s)
[MoE] Layer 4: loading 7 expert(s)
[MoE] Layer 5: loading 4 expert(s)
[MoE] Layer 6: loading 7 expert(s)
[MoE] Layer 7: loading 4 expert(s)
[MoE] Layer 8: loading 6 expert(s)
[MoE] Layer 9: loading 6 expert(s)
[MoE] Layer 10: loading 4 expert(s)
[MoE] Layer 11: loading 5 expert(s)
[MoE] Layer 12: loading 5 expert(s)
[MoE] Layer 13: loading 5 expert(s)
[MoE] Layer 14: loading 3 expert(s)
[MoE] Layer 15: loading 4 expert(s)
[MoE] Layer 16: loading 5 expert(s)
[MoE] Layer 17: loading 5 expert(s)
[MoE] Layer 18: loading 4 expert(s)
[MoE] Layer 19: loading 4 expert(s)
[MoE] Layer 20: loading 3 expert(s)
[MoE] Layer 21: loading 4 expert(s)
[MoE] Layer 22: loading 3 expert(s)
[MoE] Layer 23: loading 4 expert(s)
[MoE] Layer 24: loading 5 expert(s)
[MoE] Layer 25: loading 6 expert(s)
[MoE] Layer 26: loading 4 expert(s)
[MoE] Layer 27: loading 4 expert(s)
[MoE] Layer 28: loading 4 expert(s)
[MoE] Layer 29: loading 4 expert(s)
[MoE] Layer 30: loading 3 expert(s)
[MoE] Layer 31: loading 1 expert(s)
[MoE] Layer 32: loading 2 expert(s)
[MoE] Layer 33: loading 3 expert(s)
[MoE] Layer 34: loading 2 expert(s)
[MoE] Layer 35: loading 6 expert(s)
[MoE] Layer 36: loading 3 expert(s)
[MoE] Layer 37: loading 5 expert(s)
[MoE] Layer 38: loading 2 expert(s)
[MoE] Layer 39: loading 3 expert(s)
[MoE] Layer 40: loading 5 expert(s)
[MoE] Layer 41: loading 2 expert(s)
[MoE] Layer 42: loading 3 expert(s)
[MoE] Layer 43: loading 4 expert(s)
[MoE] Layer 44: loading 4 expert(s)
[MoE] Layer 45: loading 2 expert(s)
[MoE] Layer 46: loading 4 expert(s)
[MoE] Layer 47: loading 5 expert(s)
[MoE] Layer 0: loading 7 expert(s)
[MoE] Layer 1: loading 5 expert(s)
[MoE] Layer 2: loading 7 expert(s)
[MoE] Layer 3: loading 5 expert(s)
[MoE] Layer 4: loading 3 expert(s)
[MoE] Layer 5: loading 6 expert(s)
[MoE] Layer 6: loading 3 expert(s)
[MoE] Layer 7: loading 2 expert(s)
[MoE] Layer 8: loading 3 expert(s)
[MoE] Layer 9: loading 2 expert(s)
[MoE] Layer 10: loading 4 expert(s)
[MoE] Layer 11: loading 5 expert(s)
[MoE] Layer 12: loading 4 expert(s)
[MoE] Layer 13: loading 6 expert(s)
[MoE] Layer 14: loading 5 expert(s)
[MoE] Layer 15: loading 4 expert(s)
[MoE] Layer 16: loading 5 expert(s)
[MoE] Layer 17: loading 5 expert(s)
[MoE] Layer 18: loading 4 expert(s)
[MoE] Layer 19: loading 3 expert(s)
[MoE] Layer 20: loading 3 expert(s)
[MoE] Layer 21: loading 4 expert(s)
[MoE] Layer 22: loading 5 expert(s)
[MoE] Layer 23: loading 6 expert(s)
[MoE] Layer 24: loading 3 expert(s)
[MoE] Layer 25: loading 6 expert(s)
[MoE] Layer 26: loading 8 expert(s)
[MoE] Layer 27: loading 4 expert(s)
[MoE] Layer 28: loading 4 expert(s)
[MoE] Layer 29: loading 6 expert(s)
[MoE] Layer 30: loading 6 expert(s)
[MoE] Layer 31: loading 6 expert(s)
[MoE] Layer 32: loading 4 expert(s)
[MoE] Layer 33: loading 6 expert(s)
[MoE] Layer 34: loading 7 expert(s)
[MoE] Layer 35: loading 7 expert(s)
[MoE] Layer 36: loading 5 expert(s)
[MoE] Layer 37: loading 8 expert(s)
[MoE] Layer 38: loading 7 expert(s)
[MoE] Layer 39: loading 6 expert(s)
[MoE] Layer 40: loading 5 expert(s)
[MoE] Layer 41: loading 6 expert(s)
[MoE] Layer 42: loading 7 expert(s)
[MoE] Layer 43: loading 5 expert(s)
[MoE] Layer 44: loading 6 expert(s)
[MoE] Layer 45: loading 2 expert(s)
[MoE] Layer 46: loading 4 expert(s)
[MoE] Layer 47: loading 6 expert(s)
[MoE] Layer 0: loading 7 expert(s)
[MoE] Layer 1: loading 4 expert(s)
[MoE] Layer 2: loading 4 expert(s)
[MoE] Layer 3: loading 4 expert(s)
[MoE] Layer 4: loading 4 expert(s)
[MoE] Layer 5: loading 5 expert(s)
[MoE] Layer 6: loading 2 expert(s)
[MoE] Layer 7: loading 2 expert(s)
[MoE] Layer 8: loading 2 expert(s)
[MoE] Layer 9: loading 5 expert(s)
[MoE] Layer 10: loading 3 expert(s)
[MoE] Layer 11: loading 3 expert(s)
[MoE] Layer 12: loading 3 expert(s)
[MoE] Layer 13: loading 4 expert(s)
[MoE] Layer 14: loading 4 expert(s)
[MoE] Layer 15: loading 2 expert(s)
[MoE] Layer 16: loading 2 expert(s)
[MoE] Layer 17: loading 2 expert(s)
[MoE] Layer 18: loading 3 expert(s)
[MoE] Layer 19: loading 3 expert(s)
[MoE] Layer 20: loading 2 expert(s)
[MoE] Layer 21: loading 3 expert(s)
[MoE] Layer 22: loading 1 expert(s)
[MoE] Layer 23: loading 1 expert(s)
[MoE] Layer 24: loading 2 expert(s)
[MoE] Layer 25: loading 2 expert(s)
[MoE] Layer 26: loading 4 expert(s)
[MoE] Layer 27: loading 3 expert(s)
[MoE] Layer 28: loading 1 expert(s)
[MoE] Layer 29: loading 3 expert(s)
[MoE] Layer 30: loading 2 expert(s)
[MoE] Layer 31: loading 2 expert(s)
[MoE] Layer 32: loading 2 expert(s)
[MoE] Layer 33: loading 4 expert(s)
[MoE] Layer 34: loading 2 expert(s)
[MoE] Layer 35: loading 4 expert(s)
[MoE] Layer 36: loading 4 expert(s)
[MoE] Layer 37: loading 6 expert(s)
[MoE] Layer 38: loading 4 expert(s)
[MoE] Layer 39: loading 3 expert(s)
[MoE] Layer 40: loading 3 expert(s)
[MoE] Layer 41: loading 5 expert(s)
[MoE] Layer 42: loading 3 expert(s)
[MoE] Layer 43: loading 5 expert(s)
[MoE] Layer 45: loading 2 expert(s)
[MoE] Layer 46: loading 3 expert(s)
[MoE] Layer 47: loading 1 expert(s)
[gen 5/99] elapsed=2.5s  TPS=2.034
[MoE] Layer 0: loading 7 expert(s)
[MoE] Layer 1: loading 5 expert(s)
[MoE] Layer 2: loading 2 expert(s)
[MoE] Layer 3: loading 4 expert(s)
[MoE] Layer 4: loading 2 expert(s)
[MoE] Layer 5: loading 3 expert(s)
[MoE] Layer 6: loading 4 expert(s)
[MoE] Layer 7: loading 2 expert(s)
[MoE] Layer 8: loading 2 expert(s)
[MoE] Layer 9: loading 2 expert(s)
[MoE] Layer 10: loading 2 expert(s)
[MoE] Layer 11: loading 4 expert(s)
[MoE] Layer 12: loading 2 expert(s)
[MoE] Layer 13: loading 3 expert(s)
[MoE] Layer 14: loading 3 expert(s)
[MoE] Layer 15: loading 2 expert(s)
[MoE] Layer 16: loading 3 expert(s)
[MoE] Layer 17: loading 2 expert(s)
[MoE] Layer 18: loading 3 expert(s)
[MoE] Layer 20: loading 2 expert(s)
[MoE] Layer 21: loading 2 expert(s)
[MoE] Layer 22: loading 3 expert(s)
[MoE] Layer 23: loading 1 expert(s)
[MoE] Layer 24: loading 4 expert(s)
[MoE] Layer 25: loading 2 expert(s)
[MoE] Layer 26: loading 3 expert(s)
[MoE] Layer 27: loading 1 expert(s)
[MoE] Layer 28: loading 2 expert(s)
[MoE] Layer 29: loading 3 expert(s)
[MoE] Layer 30: loading 3 expert(s)
[MoE] Layer 31: loading 1 expert(s)
[MoE] Layer 32: loading 3 expert(s)
[MoE] Layer 33: loading 2 expert(s)
[MoE] Layer 34: loading 4 expert(s)
[MoE] Layer 35: loading 1 expert(s)
[MoE] Layer 36: loading 1 expert(s)
[MoE] Layer 37: loading 1 expert(s)
[MoE] Layer 38: loading 1 expert(s)
[MoE] Layer 39: loading 2 expert(s)
[MoE] Layer 40: loading 2 expert(s)
[MoE] Layer 41: loading 1 expert(s)
[MoE] Layer 42: loading 2 expert(s)
[MoE] Layer 43: loading 2 expert(s)
[MoE] Layer 44: loading 1 expert(s)
[MoE] Layer 46: loading 2 expert(s)
[MoE] Layer 47: loading 1 expert(s)
[MoE] Layer 0: loading 7 expert(s)
[MoE] Layer 1: loading 3 expert(s)
[MoE] Layer 2: loading 5 expert(s)
[MoE] Layer 3: loading 2 expert(s)
[MoE] Layer 4: loading 3 expert(s)
[MoE] Layer 5: loading 3 expert(s)
[MoE] Layer 8: loading 1 expert(s)
[MoE] Layer 9: loading 3 expert(s)
[MoE] Layer 10: loading 2 expert(s)
[MoE] Layer 11: loading 1 expert(s)
[MoE] Layer 13: loading 1 expert(s)
[MoE] Layer 14: loading 4 expert(s)
[MoE] Layer 15: loading 3 expert(s)
[MoE] Layer 16: loading 5 expert(s)
[MoE] Layer 17: loading 5 expert(s)
[MoE] Layer 18: loading 4 expert(s)
[MoE] Layer 19: loading 2 expert(s)
[MoE] Layer 20: loading 2 expert(s)
[MoE] Layer 21: loading 5 expert(s)
[MoE] Layer 22: loading 3 expert(s)
[MoE] Layer 23: loading 4 expert(s)
[MoE] Layer 24: loading 5 expert(s)
[MoE] Layer 25: loading 6 expert(s)
[MoE] Layer 26: loading 4 expert(s)
[MoE] Layer 27: loading 3 expert(s)
[MoE] Layer 28: loading 5 expert(s)
[MoE] Layer 29: loading 6 expert(s)
[MoE] Layer 30: loading 2 expert(s)
[MoE] Layer 31: loading 2 expert(s)
[MoE] Layer 32: loading 3 expert(s)
[MoE] Layer 33: loading 2 expert(s)
[MoE] Layer 34: loading 3 expert(s)
[MoE] Layer 35: loading 5 expert(s)
[MoE] Layer 36: loading 3 expert(s)
[MoE] Layer 37: loading 5 expert(s)
[MoE] Layer 38: loading 2 expert(s)
[MoE] Layer 39: loading 4 expert(s)
[MoE] Layer 40: loading 3 expert(s)
[MoE] Layer 41: loading 7 expert(s)
[MoE] Layer 42: loading 4 expert(s)
[MoE] Layer 43: loading 5 expert(s)
[MoE] Layer 44: loading 3 expert(s)
[MoE] Layer 45: loading 2 expert(s)
[MoE] Layer 46: loading 2 expert(s)
[MoE] Layer 47: loading 5 expert(s)
[MoE] Layer 0: loading 6 expert(s)
[MoE] Layer 1: loading 5 expert(s)
[MoE] Layer 2: loading 6 expert(s)
[MoE] Layer 3: loading 3 expert(s)
[MoE] Layer 4: loading 5 expert(s)
[MoE] Layer 5: loading 3 expert(s)
[MoE] Layer 6: loading 3 expert(s)
[MoE] Layer 7: loading 1 expert(s)
[MoE] Layer 8: loading 2 expert(s)
[MoE] Layer 9: loading 1 expert(s)
[MoE] Layer 10: loading 2 expert(s)
[MoE] Layer 11: loading 3 expert(s)
[MoE] Layer 13: loading 1 expert(s)
[MoE] Layer 14: loading 3 expert(s)
[MoE] Layer 15: loading 1 expert(s)
[MoE] Layer 16: loading 2 expert(s)
[MoE] Layer 17: loading 3 expert(s)
[MoE] Layer 18: loading 2 expert(s)
[MoE] Layer 19: loading 2 expert(s)
[MoE] Layer 20: loading 1 expert(s)
[MoE] Layer 21: loading 3 expert(s)
[MoE] Layer 22: loading 1 expert(s)
[MoE] Layer 23: loading 3 expert(s)
[MoE] Layer 25: loading 3 expert(s)
[MoE] Layer 26: loading 3 expert(s)
[MoE] Layer 27: loading 3 expert(s)
[MoE] Layer 28: loading 3 expert(s)
[MoE] Layer 29: loading 3 expert(s)
[MoE] Layer 30: loading 2 expert(s)
[MoE] Layer 31: loading 1 expert(s)
[MoE] Layer 32: loading 2 expert(s)
[MoE] Layer 33: loading 2 expert(s)
[MoE] Layer 34: loading 2 expert(s)
[MoE] Layer 35: loading 5 expert(s)
[MoE] Layer 36: loading 1 expert(s)
[MoE] Layer 37: loading 3 expert(s)
[MoE] Layer 38: loading 2 expert(s)
[MoE] Layer 39: loading 3 expert(s)
[MoE] Layer 40: loading 3 expert(s)
[MoE] Layer 41: loading 4 expert(s)
[MoE] Layer 42: loading 5 expert(s)
[MoE] Layer 43: loading 5 expert(s)
[MoE] Layer 44: loading 8 expert(s)
[MoE] Layer 45: loading 5 expert(s)
[MoE] Layer 46: loading 6 expert(s)
[MoE] Layer 47: loading 4 expert(s)
[MoE] Layer 0: loading 8 expert(s)
[MoE] Layer 1: loading 4 expert(s)
[MoE] Layer 2: loading 2 expert(s)
[MoE] Layer 3: loading 3 expert(s)
[MoE] Layer 4: loading 1 expert(s)
[MoE] Layer 5: loading 2 expert(s)
[MoE] Layer 6: loading 1 expert(s)
[MoE] Layer 7: loading 1 expert(s)
[MoE] Layer 8: loading 2 expert(s)
[MoE] Layer 9: loading 2 expert(s)
[MoE] Layer 10: loading 1 expert(s)
[MoE] Layer 11: loading 1 expert(s)
[MoE] Layer 12: loading 1 expert(s)
[MoE] Layer 13: loading 3 expert(s)
[MoE] Layer 14: loading 1 expert(s)
[MoE] Layer 15: loading 1 expert(s)
[MoE] Layer 16: loading 2 expert(s)
[MoE] Layer 17: loading 3 expert(s)
[MoE] Layer 18: loading 1 expert(s)
[MoE] Layer 19: loading 3 expert(s)
[MoE] Layer 20: loading 1 expert(s)
[MoE] Layer 21: loading 1 expert(s)
[MoE] Layer 22: loading 1 expert(s)
[MoE] Layer 23: loading 3 expert(s)
[MoE] Layer 24: loading 1 expert(s)
[MoE] Layer 25: loading 2 expert(s)
[MoE] Layer 26: loading 2 expert(s)
[MoE] Layer 27: loading 2 expert(s)
[MoE] Layer 28: loading 3 expert(s)
[MoE] Layer 29: loading 3 expert(s)
[MoE] Layer 30: loading 2 expert(s)
[MoE] Layer 31: loading 1 expert(s)
[MoE] Layer 32: loading 2 expert(s)
[MoE] Layer 33: loading 2 expert(s)
[MoE] Layer 34: loading 1 expert(s)
[MoE] Layer 35: loading 1 expert(s)
[MoE] Layer 36: loading 3 expert(s)
[MoE] Layer 37: loading 6 expert(s)
[MoE] Layer 38: loading 2 expert(s)
[MoE] Layer 39: loading 3 expert(s)
[MoE] Layer 40: loading 1 expert(s)
[MoE] Layer 41: loading 4 expert(s)
[MoE] Layer 42: loading 4 expert(s)
[MoE] Layer 43: loading 4 expert(s)
[MoE] Layer 44: loading 4 expert(s)
[MoE] Layer 45: loading 2 expert(s)
[MoE] Layer 46: loading 3 expert(s)
[MoE] Layer 47: loading 4 expert(s)
[MoE] Layer 0: loading 6 expert(s)
[MoE] Layer 1: loading 3 expert(s)
[MoE] Layer 2: loading 1 expert(s)
[MoE] Layer 3: loading 2 expert(s)
[MoE] Layer 4: loading 3 expert(s)
[MoE] Layer 5: loading 2 expert(s)
[MoE] Layer 6: loading 4 expert(s)
[MoE] Layer 7: loading 1 expert(s)
[MoE] Layer 8: loading 2 expert(s)
[MoE] Layer 9: loading 1 expert(s)
[MoE] Layer 10: loading 1 expert(s)
[MoE] Layer 11: loading 1 expert(s)
[MoE] Layer 12: loading 1 expert(s)
[MoE] Layer 13: loading 1 expert(s)
[MoE] Layer 14: loading 2 expert(s)
[MoE] Layer 17: loading 2 expert(s)
[MoE] Layer 18: loading 1 expert(s)
[MoE] Layer 19: loading 1 expert(s)
[MoE] Layer 20: loading 1 expert(s)
[MoE] Layer 21: loading 1 expert(s)
[MoE] Layer 22: loading 1 expert(s)
[MoE] Layer 23: loading 4 expert(s)
[MoE] Layer 24: loading 2 expert(s)
[MoE] Layer 25: loading 2 expert(s)
[MoE] Layer 26: loading 2 expert(s)
[MoE] Layer 27: loading 1 expert(s)
[MoE] Layer 28: loading 2 expert(s)
[MoE] Layer 29: loading 2 expert(s)
[MoE] Layer 30: loading 3 expert(s)
[MoE] Layer 31: loading 1 expert(s)
[MoE] Layer 32: loading 1 expert(s)
[MoE] Layer 33: loading 1 expert(s)
[MoE] Layer 35: loading 3 expert(s)
[MoE] Layer 36: loading 3 expert(s)
[MoE] Layer 37: loading 4 expert(s)
[MoE] Layer 38: loading 4 expert(s)
[MoE] Layer 39: loading 1 expert(s)
[MoE] Layer 40: loading 1 expert(s)
[MoE] Layer 41: loading 2 expert(s)
[MoE] Layer 42: loading 3 expert(s)
[MoE] Layer 43: loading 1 expert(s)
[MoE] Layer 44: loading 1 expert(s)
[MoE] Layer 45: loading 2 expert(s)
[MoE] Layer 46: loading 2 expert(s)
[MoE] Layer 47: loading 3 expert(s)
[gen 10/99] elapsed=4.2s  TPS=2.390
[MoE] Layer 0: loading 6 expert(s)
[MoE] Layer 1: loading 3 expert(s)
[MoE] Layer 2: loading 2 expert(s)
[MoE] Layer 3: loading 1 expert(s)
[MoE] Layer 4: loading 2 expert(s)
[MoE] Layer 6: loading 2 expert(s)
[MoE] Layer 7: loading 1 expert(s)
[MoE] Layer 8: loading 1 expert(s)
[MoE] Layer 9: loading 1 expert(s)
[MoE] Layer 11: loading 1 expert(s)
[MoE] Layer 13: loading 1 expert(s)
[MoE] Layer 14: loading 2 expert(s)
[MoE] Layer 15: loading 1 expert(s)
[MoE] Layer 16: loading 2 expert(s)
[MoE] Layer 17: loading 1 expert(s)
[MoE] Layer 18: loading 1 expert(s)
[MoE] Layer 19: loading 1 expert(s)
[MoE] Layer 23: loading 2 expert(s)
[MoE] Layer 25: loading 1 expert(s)
[MoE] Layer 26: loading 2 expert(s)
[MoE] Layer 27: loading 1 expert(s)
[MoE] Layer 32: loading 1 expert(s)
[MoE] Layer 34: loading 2 expert(s)
[MoE] Layer 35: loading 1 expert(s)
[MoE] Layer 36: loading 2 expert(s)
[MoE] Layer 37: loading 1 expert(s)
[MoE] Layer 38: loading 3 expert(s)
[MoE] Layer 39: loading 1 expert(s)
[MoE] Layer 40: loading 2 expert(s)
[MoE] Layer 41: loading 2 expert(s)
[MoE] Layer 42: loading 1 expert(s)
[MoE] Layer 43: loading 2 expert(s)
[MoE] Layer 44: loading 2 expert(s)
[MoE] Layer 45: loading 2 expert(s)
[MoE] Layer 46: loading 1 expert(s)
[MoE] Layer 47: loading 2 expert(s)
[MoE] Layer 0: loading 5 expert(s)
[MoE] Layer 1: loading 2 expert(s)
[MoE] Layer 2: loading 3 expert(s)
[MoE] Layer 3: loading 4 expert(s)
[MoE] Layer 4: loading 3 expert(s)
[MoE] Layer 5: loading 2 expert(s)
[MoE] Layer 6: loading 1 expert(s)
[MoE] Layer 8: loading 2 expert(s)
[MoE] Layer 9: loading 1 expert(s)
[MoE] Layer 10: loading 1 expert(s)
[MoE] Layer 11: loading 2 expert(s)
[MoE] Layer 12: loading 2 expert(s)
[MoE] Layer 14: loading 1 expert(s)
[MoE] Layer 17: loading 3 expert(s)
[MoE] Layer 18: loading 3 expert(s)
[MoE] Layer 20: loading 2 expert(s)
[MoE] Layer 21: loading 1 expert(s)
[MoE] Layer 22: loading 1 expert(s)
[MoE] Layer 23: loading 1 expert(s)
[MoE] Layer 24: loading 2 expert(s)
[MoE] Layer 25: loading 3 expert(s)
[MoE] Layer 26: loading 4 expert(s)
[MoE] Layer 27: loading 2 expert(s)
[MoE] Layer 28: loading 1 expert(s)
[MoE] Layer 29: loading 2 expert(s)
[MoE] Layer 30: loading 4 expert(s)
[MoE] Layer 31: loading 1 expert(s)
[MoE] Layer 32: loading 1 expert(s)
[MoE] Layer 34: loading 1 expert(s)
[MoE] Layer 35: loading 1 expert(s)
[MoE] Layer 36: loading 3 expert(s)
[MoE] Layer 37: loading 2 expert(s)
[MoE] Layer 38: loading 3 expert(s)
[MoE] Layer 39: loading 2 expert(s)
[MoE] Layer 40: loading 2 expert(s)
[MoE] Layer 41: loading 3 expert(s)
[MoE] Layer 43: loading 2 expert(s)
[MoE] Layer 44: loading 1 expert(s)
[MoE] Layer 45: loading 1 expert(s)
[MoE] Layer 46: loading 1 expert(s)
[MoE] Layer 47: loading 1 expert(s)
[MoE] Layer 0: loading 2 expert(s)
[MoE] Layer 1: loading 4 expert(s)
[MoE] Layer 2: loading 2 expert(s)
[MoE] Layer 3: loading 2 expert(s)
[MoE] Layer 4: loading 3 expert(s)
[MoE] Layer 5: loading 1 expert(s)
[MoE] Layer 6: loading 1 expert(s)
[MoE] Layer 7: loading 2 expert(s)
[MoE] Layer 8: loading 2 expert(s)
[MoE] Layer 9: loading 1 expert(s)
[MoE] Layer 10: loading 2 expert(s)
[MoE] Layer 11: loading 2 expert(s)
[MoE] Layer 13: loading 2 expert(s)
[MoE] Layer 14: loading 3 expert(s)
[MoE] Layer 15: loading 2 expert(s)
[MoE] Layer 16: loading 1 expert(s)
[MoE] Layer 17: loading 3 expert(s)
[MoE] Layer 18: loading 4 expert(s)
[MoE] Layer 20: loading 3 expert(s)
[MoE] Layer 21: loading 3 expert(s)
[MoE] Layer 22: loading 1 expert(s)
[MoE] Layer 23: loading 3 expert(s)
[MoE] Layer 25: loading 2 expert(s)
[MoE] Layer 26: loading 2 expert(s)
[MoE] Layer 27: loading 1 expert(s)
[MoE] Layer 29: loading 5 expert(s)
[MoE] Layer 30: loading 1 expert(s)
[MoE] Layer 31: loading 2 expert(s)
[MoE] Layer 34: loading 2 expert(s)
[MoE] Layer 35: loading 3 expert(s)
[MoE] Layer 36: loading 1 expert(s)
[MoE] Layer 37: loading 3 expert(s)
[MoE] Layer 38: loading 1 expert(s)
[MoE] Layer 39: loading 3 expert(s)
[MoE] Layer 40: loading 2 expert(s)
[MoE] Layer 41: loading 4 expert(s)
[MoE] Layer 42: loading 6 expert(s)
[MoE] Layer 43: loading 3 expert(s)
[MoE] Layer 44: loading 3 expert(s)
[MoE] Layer 45: loading 3 expert(s)
[MoE] Layer 46: loading 1 expert(s)
[MoE] Layer 47: loading 1 expert(s)
[MoE] Layer 0: loading 8 expert(s)
[MoE] Layer 1: loading 4 expert(s)
[MoE] Layer 2: loading 1 expert(s)
[MoE] Layer 3: loading 4 expert(s)
[MoE] Layer 4: loading 3 expert(s)
[MoE] Layer 5: loading 3 expert(s)
[MoE] Layer 6: loading 2 expert(s)
[MoE] Layer 7: loading 2 expert(s)
[MoE] Layer 8: loading 3 expert(s)
[MoE] Layer 9: loading 2 expert(s)
[MoE] Layer 10: loading 4 expert(s)
[MoE] Layer 11: loading 5 expert(s)
[MoE] Layer 12: loading 4 expert(s)
[MoE] Layer 13: loading 2 expert(s)
[MoE] Layer 14: loading 6 expert(s)
[MoE] Layer 15: loading 4 expert(s)
[MoE] Layer 16: loading 2 expert(s)
[MoE] Layer 17: loading 2 expert(s)
[MoE] Layer 18: loading 4 expert(s)
[MoE] Layer 19: loading 4 expert(s)
[MoE] Layer 20: loading 4 expert(s)
[MoE] Layer 21: loading 3 expert(s)
[MoE] Layer 22: loading 1 expert(s)
[MoE] Layer 23: loading 2 expert(s)
[MoE] Layer 24: loading 2 expert(s)
[MoE] Layer 25: loading 2 expert(s)
[MoE] Layer 26: loading 4 expert(s)
[MoE] Layer 27: loading 1 expert(s)
[MoE] Layer 28: loading 1 expert(s)
[MoE] Layer 29: loading 1 expert(s)
[MoE] Layer 30: loading 1 expert(s)
[MoE] Layer 31: loading 1 expert(s)
[MoE] Layer 32: loading 2 expert(s)
[MoE] Layer 33: loading 1 expert(s)
[MoE] Layer 34: loading 3 expert(s)
[MoE] Layer 35: loading 2 expert(s)
[MoE] Layer 36: loading 2 expert(s)
[MoE] Layer 37: loading 2 expert(s)
[MoE] Layer 38: loading 3 expert(s)
[MoE] Layer 39: loading 1 expert(s)
[MoE] Layer 40: loading 2 expert(s)
[MoE] Layer 41: loading 1 expert(s)
[MoE] Layer 42: loading 3 expert(s)
[MoE] Layer 43: loading 1 expert(s)
[MoE] Layer 45: loading 1 expert(s)
[MoE] Layer 46: loading 1 expert(s)
[MoE] Layer 47: loading 2 expert(s)
[MoE] Layer 0: loading 5 expert(s)
[MoE] Layer 1: loading 5 expert(s)
[MoE] Layer 2: loading 3 expert(s)
[MoE] Layer 3: loading 4 expert(s)
[MoE] Layer 4: loading 2 expert(s)
[MoE] Layer 5: loading 3 expert(s)
[MoE] Layer 6: loading 1 expert(s)
[MoE] Layer 7: loading 1 expert(s)
[MoE] Layer 8: loading 1 expert(s)
[MoE] Layer 9: loading 2 expert(s)
[MoE] Layer 10: loading 2 expert(s)
[MoE] Layer 11: loading 4 expert(s)
[MoE] Layer 12: loading 3 expert(s)
[MoE] Layer 13: loading 3 expert(s)
[MoE] Layer 14: loading 3 expert(s)
[MoE] Layer 15: loading 2 expert(s)
[MoE] Layer 16: loading 2 expert(s)
[MoE] Layer 17: loading 3 expert(s)
[MoE] Layer 18: loading 2 expert(s)
[MoE] Layer 19: loading 2 expert(s)
[MoE] Layer 20: loading 2 expert(s)
[MoE] Layer 22: loading 3 expert(s)
[MoE] Layer 23: loading 5 expert(s)
[MoE] Layer 24: loading 3 expert(s)
[MoE] Layer 25: loading 3 expert(s)
[MoE] Layer 26: loading 1 expert(s)
[MoE] Layer 27: loading 1 expert(s)
[MoE] Layer 28: loading 4 expert(s)
[MoE] Layer 29: loading 3 expert(s)
[MoE] Layer 30: loading 2 expert(s)
[MoE] Layer 31: loading 1 expert(s)
[MoE] Layer 32: loading 2 expert(s)
[MoE] Layer 33: loading 3 expert(s)
[MoE] Layer 34: loading 3 expert(s)
[MoE] Layer 35: loading 5 expert(s)
[MoE] Layer 36: loading 4 expert(s)
[MoE] Layer 37: loading 3 expert(s)
[MoE] Layer 38: loading 4 expert(s)
[MoE] Layer 39: loading 2 expert(s)
[MoE] Layer 40: loading 4 expert(s)
[MoE] Layer 41: loading 4 expert(s)
[MoE] Layer 42: loading 4 expert(s)
[MoE] Layer 43: loading 3 expert(s)
[MoE] Layer 44: loading 2 expert(s)
[MoE] Layer 45: loading 1 expert(s)
[MoE] Layer 46: loading 3 expert(s)
[MoE] Layer 47: loading 7 expert(s)
[gen 15/99] elapsed=5.7s  TPS=2.635
[MoE] Layer 0: loading 7 expert(s)
[MoE] Layer 1: loading 1 expert(s)
[MoE] Layer 2: loading 2 expert(s)
[MoE] Layer 3: loading 2 expert(s)
[MoE] Layer 4: loading 3 expert(s)
[MoE] Layer 5: loading 2 expert(s)
[MoE] Layer 6: loading 1 expert(s)
[MoE] Layer 7: loading 1 expert(s)
[MoE] Layer 8: loading 2 expert(s)
[MoE] Layer 9: loading 3 expert(s)
[MoE] Layer 10: loading 2 expert(s)
[MoE] Layer 11: loading 3 expert(s)
[MoE] Layer 12: loading 3 expert(s)
[MoE] Layer 13: loading 4 expert(s)
[MoE] Layer 14: loading 5 expert(s)
[MoE] Layer 15: loading 1 expert(s)
[MoE] Layer 16: loading 2 expert(s)
[MoE] Layer 17: loading 5 expert(s)
[MoE] Layer 18: loading 1 expert(s)
[MoE] Layer 19: loading 1 expert(s)
[MoE] Layer 20: loading 1 expert(s)
[MoE] Layer 21: loading 3 expert(s)
[MoE] Layer 22: loading 2 expert(s)
[MoE] Layer 23: loading 3 expert(s)
[MoE] Layer 24: loading 3 expert(s)
[MoE] Layer 25: loading 2 expert(s)
[MoE] Layer 26: loading 5 expert(s)
[MoE] Layer 27: loading 3 expert(s)
[MoE] Layer 28: loading 2 expert(s)
[MoE] Layer 29: loading 4 expert(s)
[MoE] Layer 30: loading 1 expert(s)
[MoE] Layer 31: loading 1 expert(s)
[MoE] Layer 32: loading 1 expert(s)
[MoE] Layer 33: loading 3 expert(s)
[MoE] Layer 34: loading 3 expert(s)
[MoE] Layer 35: loading 2 expert(s)
[MoE] Layer 36: loading 3 expert(s)
[MoE] Layer 37: loading 3 expert(s)
[MoE] Layer 38: loading 4 expert(s)
[MoE] Layer 39: loading 4 expert(s)
[MoE] Layer 40: loading 3 expert(s)
[MoE] Layer 41: loading 5 expert(s)
[MoE] Layer 42: loading 4 expert(s)
[MoE] Layer 43: loading 3 expert(s)
[MoE] Layer 44: loading 3 expert(s)
[MoE] Layer 45: loading 2 expert(s)
[MoE] Layer 46: loading 2 expert(s)
[MoE] Layer 47: loading 5 expert(s)
[MoE] Layer 0: loading 6 expert(s)
[MoE] Layer 1: loading 2 expert(s)
[MoE] Layer 2: loading 2 expert(s)
[MoE] Layer 3: loading 2 expert(s)
[MoE] Layer 4: loading 2 expert(s)
[MoE] Layer 5: loading 3 expert(s)
[MoE] Layer 6: loading 4 expert(s)
[MoE] Layer 7: loading 1 expert(s)
[MoE] Layer 9: loading 1 expert(s)
[MoE] Layer 10: loading 3 expert(s)
[MoE] Layer 11: loading 3 expert(s)
[MoE] Layer 12: loading 1 expert(s)
[MoE] Layer 13: loading 2 expert(s)
[MoE] Layer 14: loading 3 expert(s)
[MoE] Layer 15: loading 3 expert(s)
[MoE] Layer 16: loading 2 expert(s)
[MoE] Layer 17: loading 1 expert(s)
[MoE] Layer 18: loading 1 expert(s)
[MoE] Layer 20: loading 2 expert(s)
[MoE] Layer 21: loading 2 expert(s)
[MoE] Layer 22: loading 3 expert(s)
[MoE] Layer 24: loading 3 expert(s)
[MoE] Layer 25: loading 2 expert(s)
[MoE] Layer 26: loading 4 expert(s)
[MoE] Layer 27: loading 1 expert(s)
[MoE] Layer 28: loading 3 expert(s)
[MoE] Layer 29: loading 2 expert(s)
[MoE] Layer 30: loading 2 expert(s)
[MoE] Layer 31: loading 2 expert(s)
[MoE] Layer 32: loading 2 expert(s)
[MoE] Layer 33: loading 2 expert(s)
[MoE] Layer 34: loading 2 expert(s)
[MoE] Layer 35: loading 1 expert(s)
[MoE] Layer 36: loading 3 expert(s)
[MoE] Layer 37: loading 2 expert(s)
[MoE] Layer 38: loading 2 expert(s)
[MoE] Layer 39: loading 2 expert(s)
[MoE] Layer 40: loading 4 expert(s)
[MoE] Layer 41: loading 3 expert(s)
[MoE] Layer 42: loading 3 expert(s)
[MoE] Layer 45: loading 1 expert(s)
[MoE] Layer 46: loading 3 expert(s)
[MoE] Layer 47: loading 5 expert(s)
[MoE] Layer 0: loading 5 expert(s)
[MoE] Layer 1: loading 3 expert(s)
[MoE] Layer 2: loading 4 expert(s)
[MoE] Layer 3: loading 4 expert(s)
[MoE] Layer 4: loading 3 expert(s)
[MoE] Layer 5: loading 5 expert(s)
[MoE] Layer 6: loading 2 expert(s)
[MoE] Layer 7: loading 1 expert(s)
[MoE] Layer 8: loading 3 expert(s)
[MoE] Layer 9: loading 3 expert(s)
[MoE] Layer 10: loading 2 expert(s)
[MoE] Layer 11: loading 6 expert(s)
[MoE] Layer 12: loading 3 expert(s)
[MoE] Layer 13: loading 4 expert(s)
[MoE] Layer 14: loading 5 expert(s)
[MoE] Layer 15: loading 1 expert(s)
[MoE] Layer 16: loading 5 expert(s)
[MoE] Layer 17: loading 4 expert(s)
[MoE] Layer 18: loading 2 expert(s)
[MoE] Layer 19: loading 2 expert(s)
[MoE] Layer 20: loading 2 expert(s)
[MoE] Layer 21: loading 1 expert(s)
[MoE] Layer 23: loading 2 expert(s)
[MoE] Layer 24: loading 2 expert(s)
[MoE] Layer 25: loading 4 expert(s)
[MoE] Layer 26: loading 3 expert(s)
[MoE] Layer 27: loading 1 expert(s)
[MoE] Layer 28: loading 4 expert(s)
[MoE] Layer 29: loading 1 expert(s)
[MoE] Layer 30: loading 2 expert(s)
[MoE] Layer 32: loading 1 expert(s)
[MoE] Layer 33: loading 2 expert(s)
[MoE] Layer 34: loading 3 expert(s)
[MoE] Layer 35: loading 3 expert(s)
[MoE] Layer 36: loading 2 expert(s)
[MoE] Layer 37: loading 1 expert(s)
[MoE] Layer 38: loading 2 expert(s)
[MoE] Layer 39: loading 3 expert(s)
[MoE] Layer 40: loading 5 expert(s)
[MoE] Layer 41: loading 3 expert(s)
[MoE] Layer 42: loading 5 expert(s)
[MoE] Layer 43: loading 1 expert(s)
[MoE] Layer 44: loading 2 expert(s)
[MoE] Layer 45: loading 4 expert(s)
[MoE] Layer 46: loading 1 expert(s)
[MoE] Layer 47: loading 3 expert(s)
[MoE] Layer 0: loading 6 expert(s)
[MoE] Layer 1: loading 5 expert(s)
[MoE] Layer 2: loading 5 expert(s)
[MoE] Layer 3: loading 5 expert(s)
[MoE] Layer 4: loading 6 expert(s)
[MoE] Layer 5: loading 5 expert(s)
[MoE] Layer 6: loading 3 expert(s)
[MoE] Layer 7: loading 2 expert(s)
[MoE] Layer 8: loading 4 expert(s)
[MoE] Layer 9: loading 3 expert(s)
[MoE] Layer 10: loading 4 expert(s)
[MoE] Layer 11: loading 5 expert(s)
[MoE] Layer 12: loading 4 expert(s)
[MoE] Layer 13: loading 6 expert(s)
[MoE] Layer 14: loading 4 expert(s)
[MoE] Layer 15: loading 4 expert(s)
[MoE] Layer 16: loading 3 expert(s)
[MoE] Layer 17: loading 6 expert(s)
[MoE] Layer 18: loading 3 expert(s)
[MoE] Layer 20: loading 2 expert(s)
[MoE] Layer 21: loading 3 expert(s)
[MoE] Layer 22: loading 3 expert(s)
[MoE] Layer 23: loading 3 expert(s)
[MoE] Layer 24: loading 2 expert(s)
[MoE] Layer 25: loading 4 expert(s)
[MoE] Layer 26: loading 4 expert(s)
[MoE] Layer 27: loading 2 expert(s)
[MoE] Layer 28: loading 3 expert(s)
[MoE] Layer 29: loading 5 expert(s)
[MoE] Layer 30: loading 2 expert(s)
[MoE] Layer 31: loading 1 expert(s)
[MoE] Layer 32: loading 4 expert(s)
[MoE] Layer 33: loading 3 expert(s)
[MoE] Layer 34: loading 5 expert(s)
[MoE] Layer 35: loading 7 expert(s)
[MoE] Layer 36: loading 5 expert(s)
[MoE] Layer 37: loading 3 expert(s)
[MoE] Layer 38: loading 6 expert(s)
[MoE] Layer 39: loading 4 expert(s)
[MoE] Layer 40: loading 4 expert(s)
[MoE] Layer 41: loading 4 expert(s)
[MoE] Layer 42: loading 6 expert(s)
[MoE] Layer 43: loading 3 expert(s)
[MoE] Layer 44: loading 7 expert(s)
[MoE] Layer 45: loading 3 expert(s)
[MoE] Layer 46: loading 5 expert(s)
[MoE] Layer 47: loading 3 expert(s)
[MoE] Layer 0: loading 7 expert(s)
[MoE] Layer 1: loading 6 expert(s)
[MoE] Layer 2: loading 6 expert(s)
[MoE] Layer 3: loading 7 expert(s)
[MoE] Layer 4: loading 3 expert(s)
[MoE] Layer 5: loading 4 expert(s)
[MoE] Layer 6: loading 2 expert(s)
[MoE] Layer 7: loading 1 expert(s)
[MoE] Layer 8: loading 5 expert(s)
[MoE] Layer 9: loading 2 expert(s)
[MoE] Layer 10: loading 2 expert(s)
[MoE] Layer 11: loading 4 expert(s)
[MoE] Layer 12: loading 3 expert(s)
[MoE] Layer 13: loading 4 expert(s)
[MoE] Layer 14: loading 4 expert(s)
[MoE] Layer 15: loading 3 expert(s)
[MoE] Layer 16: loading 3 expert(s)
[MoE] Layer 17: loading 4 expert(s)
[MoE] Layer 18: loading 2 expert(s)
[MoE] Layer 19: loading 2 expert(s)
[MoE] Layer 20: loading 3 expert(s)
[MoE] Layer 21: loading 3 expert(s)
[MoE] Layer 22: loading 2 expert(s)
[MoE] Layer 23: loading 2 expert(s)
[MoE] Layer 24: loading 3 expert(s)
[MoE] Layer 25: loading 5 expert(s)
[MoE] Layer 26: loading 4 expert(s)
[MoE] Layer 27: loading 2 expert(s)
[MoE] Layer 28: loading 2 expert(s)
[MoE] Layer 29: loading 3 expert(s)
[MoE] Layer 30: loading 1 expert(s)
[MoE] Layer 31: loading 2 expert(s)
[MoE] Layer 32: loading 3 expert(s)
[MoE] Layer 33: loading 4 expert(s)
[MoE] Layer 34: loading 4 expert(s)
[MoE] Layer 35: loading 3 expert(s)
[MoE] Layer 36: loading 4 expert(s)
[MoE] Layer 37: loading 4 expert(s)
[MoE] Layer 38: loading 1 expert(s)
[MoE] Layer 39: loading 3 expert(s)
[MoE] Layer 40: loading 3 expert(s)
[MoE] Layer 41: loading 5 expert(s)
[MoE] Layer 42: loading 4 expert(s)
[MoE] Layer 43: loading 2 expert(s)
[MoE] Layer 44: loading 2 expert(s)
[MoE] Layer 45: loading 4 expert(s)
[MoE] Layer 46: loading 5 expert(s)
[MoE] Layer 47: loading 3 expert(s)
[gen 20/99] elapsed=7.5s  TPS=2.649
[MoE] Layer 0: loading 6 expert(s)
[MoE] Layer 1: loading 5 expert(s)
[MoE] Layer 2: loading 1 expert(s)
[MoE] Layer 3: loading 3 expert(s)
[MoE] Layer 5: loading 3 expert(s)
[MoE] Layer 6: loading 1 expert(s)
[MoE] Layer 7: loading 1 expert(s)
[MoE] Layer 8: loading 4 expert(s)
[MoE] Layer 10: loading 3 expert(s)
[MoE] Layer 11: loading 1 expert(s)
[MoE] Layer 12: loading 5 expert(s)
[MoE] Layer 13: loading 3 expert(s)
[MoE] Layer 14: loading 1 expert(s)
[MoE] Layer 15: loading 2 expert(s)
[MoE] Layer 16: loading 2 expert(s)
[MoE] Layer 17: loading 2 expert(s)
[MoE] Layer 18: loading 2 expert(s)
[MoE] Layer 20: loading 1 expert(s)
[MoE] Layer 21: loading 3 expert(s)
[MoE] Layer 22: loading 3 expert(s)
[MoE] Layer 23: loading 6 expert(s)
[MoE] Layer 24: loading 4 expert(s)
[MoE] Layer 25: loading 4 expert(s)
[MoE] Layer 26: loading 2 expert(s)
[MoE] Layer 27: loading 2 expert(s)
[MoE] Layer 28: loading 1 expert(s)
[MoE] Layer 29: loading 2 expert(s)
[MoE] Layer 30: loading 1 expert(s)
[MoE] Layer 31: loading 1 expert(s)
[MoE] Layer 32: loading 2 expert(s)
[MoE] Layer 33: loading 3 expert(s)
[MoE] Layer 34: loading 4 expert(s)
[MoE] Layer 35: loading 5 expert(s)
[MoE] Layer 36: loading 4 expert(s)
[MoE] Layer 37: loading 3 expert(s)
[MoE] Layer 38: loading 3 expert(s)
[MoE] Layer 39: loading 3 expert(s)
[MoE] Layer 40: loading 2 expert(s)
[MoE] Layer 41: loading 3 expert(s)
[MoE] Layer 42: loading 4 expert(s)
[MoE] Layer 43: loading 1 expert(s)
[MoE] Layer 44: loading 4 expert(s)
[MoE] Layer 45: loading 2 expert(s)
[MoE] Layer 46: loading 2 expert(s)
[MoE] Layer 47: loading 2 expert(s)
[MoE] Layer 0: loading 6 expert(s)
[MoE] Layer 1: loading 4 expert(s)
[MoE] Layer 2: loading 3 expert(s)
[MoE] Layer 3: loading 2 expert(s)
[MoE] Layer 4: loading 4 expert(s)
[MoE] Layer 5: loading 1 expert(s)
[MoE] Layer 6: loading 2 expert(s)
[MoE] Layer 7: loading 1 expert(s)
[MoE] Layer 8: loading 2 expert(s)
[MoE] Layer 9: loading 2 expert(s)
[MoE] Layer 10: loading 4 expert(s)
[MoE] Layer 11: loading 4 expert(s)
[MoE] Layer 12: loading 2 expert(s)
[MoE] Layer 13: loading 2 expert(s)
[MoE] Layer 14: loading 3 expert(s)
[MoE] Layer 15: loading 4 expert(s)
[MoE] Layer 16: loading 3 expert(s)
[MoE] Layer 17: loading 4 expert(s)
[MoE] Layer 18: loading 3 expert(s)
[MoE] Layer 19: loading 2 expert(s)
[MoE] Layer 20: loading 1 expert(s)
[MoE] Layer 21: loading 3 expert(s)
[MoE] Layer 22: loading 2 expert(s)
[MoE] Layer 23: loading 4 expert(s)
[MoE] Layer 24: loading 3 expert(s)
[MoE] Layer 25: loading 5 expert(s)
[MoE] Layer 26: loading 5 expert(s)
[MoE] Layer 27: loading 5 expert(s)
[MoE] Layer 28: loading 2 expert(s)
[MoE] Layer 29: loading 4 expert(s)
[MoE] Layer 30: loading 3 expert(s)
[MoE] Layer 31: loading 3 expert(s)
[MoE] Layer 32: loading 3 expert(s)
[MoE] Layer 33: loading 3 expert(s)
[MoE] Layer 34: loading 4 expert(s)
[MoE] Layer 35: loading 1 expert(s)
[MoE] Layer 36: loading 2 expert(s)
[MoE] Layer 37: loading 6 expert(s)
[MoE] Layer 38: loading 4 expert(s)
[MoE] Layer 39: loading 2 expert(s)
[MoE] Layer 40: loading 4 expert(s)
[MoE] Layer 41: loading 4 expert(s)
[MoE] Layer 42: loading 5 expert(s)
[MoE] Layer 43: loading 2 expert(s)
[MoE] Layer 44: loading 2 expert(s)
[MoE] Layer 45: loading 3 expert(s)
[MoE] Layer 46: loading 2 expert(s)
[MoE] Layer 47: loading 4 expert(s)
[MoE] Layer 0: loading 5 expert(s)
[MoE] Layer 1: loading 4 expert(s)
[MoE] Layer 2: loading 7 expert(s)
[MoE] Layer 3: loading 4 expert(s)
[MoE] Layer 4: loading 6 expert(s)
[MoE] Layer 5: loading 7 expert(s)
[MoE] Layer 6: loading 5 expert(s)
[MoE] Layer 7: loading 5 expert(s)
[MoE] Layer 8: loading 4 expert(s)
[MoE] Layer 9: loading 4 expert(s)
[MoE] Layer 10: loading 6 expert(s)
[MoE] Layer 11: loading 4 expert(s)
[MoE] Layer 12: loading 5 expert(s)
[MoE] Layer 13: loading 5 expert(s)
[MoE] Layer 14: loading 6 expert(s)
[MoE] Layer 15: loading 4 expert(s)
[MoE] Layer 16: loading 5 expert(s)
[MoE] Layer 17: loading 4 expert(s)
[MoE] Layer 18: loading 3 expert(s)
[MoE] Layer 19: loading 4 expert(s)
[MoE] Layer 20: loading 6 expert(s)
[MoE] Layer 21: loading 4 expert(s)
[MoE] Layer 22: loading 4 expert(s)
[MoE] Layer 23: loading 4 expert(s)
[MoE] Layer 24: loading 5 expert(s)
[MoE] Layer 25: loading 4 expert(s)
[MoE] Layer 26: loading 3 expert(s)
[MoE] Layer 27: loading 4 expert(s)
[MoE] Layer 28: loading 3 expert(s)
[MoE] Layer 29: loading 3 expert(s)
[MoE] Layer 30: loading 5 expert(s)
[MoE] Layer 31: loading 4 expert(s)
[MoE] Layer 32: loading 5 expert(s)
[MoE] Layer 33: loading 2 expert(s)
[MoE] Layer 34: loading 5 expert(s)
[MoE] Layer 35: loading 5 expert(s)
[MoE] Layer 36: loading 4 expert(s)
[MoE] Layer 37: loading 5 expert(s)
[MoE] Layer 38: loading 3 expert(s)
[MoE] Layer 39: loading 4 expert(s)
[MoE] Layer 40: loading 2 expert(s)
[MoE] Layer 41: loading 2 expert(s)
[MoE] Layer 42: loading 1 expert(s)
[MoE] Layer 43: loading 4 expert(s)
[MoE] Layer 44: loading 1 expert(s)
[MoE] Layer 45: loading 2 expert(s)
[MoE] Layer 46: loading 1 expert(s)
[MoE] Layer 47: loading 5 expert(s)
[MoE] Layer 0: loading 3 expert(s)
[MoE] Layer 1: loading 4 expert(s)
[MoE] Layer 2: loading 3 expert(s)
[MoE] Layer 3: loading 5 expert(s)
[MoE] Layer 5: loading 3 expert(s)
[MoE] Layer 6: loading 1 expert(s)
[MoE] Layer 7: loading 2 expert(s)
[MoE] Layer 8: loading 2 expert(s)
[MoE] Layer 9: loading 3 expert(s)
[MoE] Layer 10: loading 4 expert(s)
[MoE] Layer 11: loading 4 expert(s)
[MoE] Layer 12: loading 1 expert(s)
[MoE] Layer 13: loading 3 expert(s)
[MoE] Layer 14: loading 3 expert(s)
[MoE] Layer 15: loading 2 expert(s)
[MoE] Layer 16: loading 2 expert(s)
[MoE] Layer 17: loading 3 expert(s)
[MoE] Layer 18: loading 3 expert(s)
[MoE] Layer 19: loading 2 expert(s)
[MoE] Layer 20: loading 4 expert(s)
[MoE] Layer 21: loading 4 expert(s)
[MoE] Layer 22: loading 3 expert(s)
[MoE] Layer 23: loading 1 expert(s)
[MoE] Layer 24: loading 3 expert(s)
[MoE] Layer 25: loading 5 expert(s)
[MoE] Layer 26: loading 2 expert(s)
[MoE] Layer 27: loading 4 expert(s)
[MoE] Layer 28: loading 2 expert(s)
[MoE] Layer 29: loading 2 expert(s)
[MoE] Layer 30: loading 1 expert(s)
[MoE] Layer 31: loading 1 expert(s)
[MoE] Layer 32: loading 2 expert(s)
[MoE] Layer 33: loading 3 expert(s)
[MoE] Layer 34: loading 4 expert(s)
[MoE] Layer 35: loading 2 expert(s)
[MoE] Layer 36: loading 2 expert(s)
[MoE] Layer 37: loading 1 expert(s)
[MoE] Layer 38: loading 4 expert(s)
[MoE] Layer 39: loading 2 expert(s)
[MoE] Layer 40: loading 3 expert(s)
[MoE] Layer 41: loading 3 expert(s)
[MoE] Layer 42: loading 2 expert(s)
[MoE] Layer 43: loading 3 expert(s)
[MoE] Layer 44: loading 2 expert(s)
[MoE] Layer 45: loading 2 expert(s)
[MoE] Layer 46: loading 2 expert(s)
[MoE] Layer 47: loading 3 expert(s)
[MoE] Layer 0: loading 2 expert(s)
[MoE] Layer 1: loading 3 expert(s)
[MoE] Layer 2: loading 2 expert(s)
[MoE] Layer 3: loading 3 expert(s)
[MoE] Layer 4: loading 3 expert(s)
[MoE] Layer 5: loading 2 expert(s)
[MoE] Layer 6: loading 2 expert(s)
[MoE] Layer 8: loading 2 expert(s)
[MoE] Layer 9: loading 2 expert(s)
[MoE] Layer 10: loading 3 expert(s)
[MoE] Layer 11: loading 2 expert(s)
[MoE] Layer 12: loading 1 expert(s)
[MoE] Layer 13: loading 2 expert(s)
[MoE] Layer 14: loading 2 expert(s)
[MoE] Layer 15: loading 1 expert(s)
[MoE] Layer 16: loading 4 expert(s)
[MoE] Layer 17: loading 3 expert(s)
[MoE] Layer 18: loading 2 expert(s)
[MoE] Layer 21: loading 2 expert(s)
[MoE] Layer 22: loading 2 expert(s)
[MoE] Layer 24: loading 3 expert(s)
[MoE] Layer 25: loading 5 expert(s)
[MoE] Layer 26: loading 1 expert(s)
[MoE] Layer 27: loading 2 expert(s)
[MoE] Layer 28: loading 3 expert(s)
[MoE] Layer 29: loading 3 expert(s)
[MoE] Layer 30: loading 2 expert(s)
[MoE] Layer 31: loading 2 expert(s)
[MoE] Layer 32: loading 3 expert(s)
[MoE] Layer 33: loading 3 expert(s)
[MoE] Layer 35: loading 2 expert(s)
[MoE] Layer 37: loading 4 expert(s)
[MoE] Layer 38: loading 4 expert(s)
[MoE] Layer 39: loading 1 expert(s)
[MoE] Layer 40: loading 1 expert(s)
[MoE] Layer 41: loading 3 expert(s)
[MoE] Layer 42: loading 3 expert(s)
[MoE] Layer 43: loading 4 expert(s)
[MoE] Layer 45: loading 3 expert(s)
[MoE] Layer 46: loading 2 expert(s)
[MoE] Layer 47: loading 4 expert(s)
[gen 25/99] elapsed=9.4s  TPS=2.661
[MoE] Layer 0: loading 7 expert(s)
[MoE] Layer 1: loading 5 expert(s)
[MoE] Layer 2: loading 6 expert(s)
[MoE] Layer 3: loading 3 expert(s)
[MoE] Layer 4: loading 3 expert(s)
[MoE] Layer 5: loading 5 expert(s)
[MoE] Layer 6: loading 2 expert(s)
[MoE] Layer 7: loading 4 expert(s)
[MoE] Layer 8: loading 2 expert(s)
[MoE] Layer 9: loading 4 expert(s)
[MoE] Layer 10: loading 4 expert(s)
[MoE] Layer 11: loading 2 expert(s)
[MoE] Layer 12: loading 1 expert(s)
[MoE] Layer 13: loading 4 expert(s)
[MoE] Layer 14: loading 5 expert(s)
[MoE] Layer 15: loading 2 expert(s)
[MoE] Layer 16: loading 3 expert(s)
[MoE] Layer 17: loading 5 expert(s)
[MoE] Layer 18: loading 3 expert(s)
[MoE] Layer 19: loading 2 expert(s)
[MoE] Layer 20: loading 3 expert(s)
[MoE] Layer 21: loading 3 expert(s)
[MoE] Layer 22: loading 3 expert(s)
[MoE] Layer 23: loading 3 expert(s)
[MoE] Layer 24: loading 2 expert(s)
[MoE] Layer 25: loading 4 expert(s)
[MoE] Layer 26: loading 2 expert(s)
[MoE] Layer 27: loading 1 expert(s)
[MoE] Layer 28: loading 2 expert(s)
[MoE] Layer 29: loading 4 expert(s)
[MoE] Layer 30: loading 1 expert(s)
[MoE] Layer 31: loading 1 expert(s)
[MoE] Layer 32: loading 1 expert(s)
[MoE] Layer 33: loading 3 expert(s)
[MoE] Layer 34: loading 2 expert(s)
[MoE] Layer 35: loading 3 expert(s)
[MoE] Layer 36: loading 2 expert(s)
[MoE] Layer 37: loading 4 expert(s)
[MoE] Layer 38: loading 4 expert(s)
[MoE] Layer 39: loading 1 expert(s)
[MoE] Layer 40: loading 3 expert(s)
[MoE] Layer 41: loading 4 expert(s)
[MoE] Layer 42: loading 5 expert(s)
[MoE] Layer 43: loading 3 expert(s)
[MoE] Layer 44: loading 1 expert(s)
[MoE] Layer 45: loading 1 expert(s)
[MoE] Layer 46: loading 3 expert(s)
[MoE] Layer 47: loading 5 expert(s)
[MoE] Layer 0: loading 7 expert(s)
[MoE] Layer 1: loading 3 expert(s)
[MoE] Layer 2: loading 3 expert(s)
[MoE] Layer 3: loading 1 expert(s)
[MoE] Layer 4: loading 1 expert(s)
[MoE] Layer 5: loading 2 expert(s)
[MoE] Layer 6: loading 2 expert(s)
[MoE] Layer 7: loading 1 expert(s)
[MoE] Layer 9: loading 2 expert(s)
[MoE] Layer 10: loading 2 expert(s)
[MoE] Layer 11: loading 2 expert(s)
[MoE] Layer 12: loading 1 expert(s)
[MoE] Layer 13: loading 4 expert(s)
[MoE] Layer 14: loading 1 expert(s)
[MoE] Layer 15: loading 1 expert(s)
[MoE] Layer 16: loading 1 expert(s)
[MoE] Layer 18: loading 1 expert(s)
[MoE] Layer 20: loading 1 expert(s)
[MoE] Layer 22: loading 2 expert(s)
[MoE] Layer 23: loading 1 expert(s)
[MoE] Layer 25: loading 3 expert(s)
[MoE] Layer 26: loading 2 expert(s)
[MoE] Layer 27: loading 1 expert(s)
[MoE] Layer 28: loading 2 expert(s)
[MoE] Layer 29: loading 1 expert(s)
[MoE] Layer 30: loading 1 expert(s)
[MoE] Layer 32: loading 1 expert(s)
[MoE] Layer 33: loading 1 expert(s)
[MoE] Layer 34: loading 2 expert(s)
[MoE] Layer 35: loading 1 expert(s)
[MoE] Layer 36: loading 3 expert(s)
[MoE] Layer 37: loading 3 expert(s)
[MoE] Layer 38: loading 2 expert(s)
[MoE] Layer 39: loading 1 expert(s)
[MoE] Layer 40: loading 2 expert(s)
[MoE] Layer 41: loading 3 expert(s)
[MoE] Layer 42: loading 1 expert(s)
[MoE] Layer 43: loading 3 expert(s)
[MoE] Layer 44: loading 3 expert(s)
[MoE] Layer 45: loading 1 expert(s)
[MoE] Layer 46: loading 1 expert(s)
[MoE] Layer 47: loading 4 expert(s)
[MoE] Layer 0: loading 7 expert(s)
[MoE] Layer 1: loading 5 expert(s)
[MoE] Layer 2: loading 4 expert(s)
[MoE] Layer 3: loading 2 expert(s)
[MoE] Layer 4: loading 4 expert(s)
[MoE] Layer 5: loading 4 expert(s)
[MoE] Layer 6: loading 5 expert(s)
[MoE] Layer 7: loading 3 expert(s)
[MoE] Layer 8: loading 2 expert(s)
[MoE] Layer 9: loading 4 expert(s)
[MoE] Layer 11: loading 3 expert(s)
[MoE] Layer 12: loading 2 expert(s)
[MoE] Layer 13: loading 4 expert(s)
[MoE] Layer 14: loading 2 expert(s)
[MoE] Layer 15: loading 1 expert(s)
[MoE] Layer 16: loading 1 expert(s)
[MoE] Layer 17: loading 1 expert(s)
[MoE] Layer 18: loading 2 expert(s)
[MoE] Layer 19: loading 1 expert(s)
[MoE] Layer 21: loading 2 expert(s)
[MoE] Layer 22: loading 2 expert(s)
[MoE] Layer 23: loading 2 expert(s)
[MoE] Layer 24: loading 2 expert(s)
[MoE] Layer 25: loading 2 expert(s)
[MoE] Layer 26: loading 3 expert(s)
[MoE] Layer 27: loading 3 expert(s)
[MoE] Layer 29: loading 1 expert(s)
[MoE] Layer 31: loading 2 expert(s)
[MoE] Layer 32: loading 1 expert(s)
[MoE] Layer 33: loading 2 expert(s)
[MoE] Layer 35: loading 2 expert(s)
[MoE] Layer 36: loading 2 expert(s)
[MoE] Layer 37: loading 4 expert(s)
[MoE] Layer 38: loading 2 expert(s)
[MoE] Layer 39: loading 2 expert(s)
[MoE] Layer 41: loading 2 expert(s)
[MoE] Layer 42: loading 1 expert(s)
[MoE] Layer 43: loading 1 expert(s)
[MoE] Layer 44: loading 1 expert(s)
[MoE] Layer 45: loading 1 expert(s)
[MoE] Layer 46: loading 1 expert(s)
[MoE] Layer 47: loading 4 expert(s)
[MoE] Layer 0: loading 8 expert(s)
[MoE] Layer 1: loading 4 expert(s)
[MoE] Layer 2: loading 3 expert(s)
[MoE] Layer 3: loading 2 expert(s)
[MoE] Layer 4: loading 1 expert(s)
[MoE] Layer 5: loading 3 expert(s)
[MoE] Layer 6: loading 1 expert(s)
[MoE] Layer 7: loading 2 expert(s)
[MoE] Layer 8: loading 1 expert(s)
[MoE] Layer 9: loading 1 expert(s)
[MoE] Layer 10: loading 3 expert(s)
[MoE] Layer 11: loading 2 expert(s)
[MoE] Layer 12: loading 2 expert(s)
[MoE] Layer 13: loading 2 expert(s)
[MoE] Layer 14: loading 2 expert(s)
[MoE] Layer 15: loading 2 expert(s)
[MoE] Layer 16: loading 1 expert(s)
[MoE] Layer 19: loading 2 expert(s)
[MoE] Layer 20: loading 2 expert(s)
[MoE] Layer 21: loading 2 expert(s)
[MoE] Layer 22: loading 2 expert(s)
[MoE] Layer 23: loading 2 expert(s)
[MoE] Layer 24: loading 1 expert(s)
[MoE] Layer 25: loading 3 expert(s)
[MoE] Layer 26: loading 1 expert(s)
[MoE] Layer 27: loading 3 expert(s)
[MoE] Layer 28: loading 2 expert(s)
[MoE] Layer 29: loading 1 expert(s)
[MoE] Layer 30: loading 1 expert(s)
[MoE] Layer 32: loading 2 expert(s)
[MoE] Layer 33: loading 1 expert(s)
[MoE] Layer 34: loading 2 expert(s)
[MoE] Layer 35: loading 2 expert(s)
[MoE] Layer 36: loading 2 expert(s)
[MoE] Layer 37: loading 1 expert(s)
[MoE] Layer 38: loading 2 expert(s)
[MoE] Layer 39: loading 2 expert(s)
[MoE] Layer 40: loading 2 expert(s)
[MoE] Layer 41: loading 1 expert(s)
[MoE] Layer 42: loading 1 expert(s)
[MoE] Layer 43: loading 3 expert(s)
[MoE] Layer 46: loading 1 expert(s)
[MoE] Layer 0: loading 5 expert(s)
[MoE] Layer 1: loading 4 expert(s)
[MoE] Layer 2: loading 3 expert(s)
[MoE] Layer 3: loading 1 expert(s)
[MoE] Layer 4: loading 3 expert(s)
[MoE] Layer 5: loading 2 expert(s)
[MoE] Layer 6: loading 1 expert(s)
[MoE] Layer 7: loading 1 expert(s)
[MoE] Layer 10: loading 3 expert(s)
[MoE] Layer 11: loading 1 expert(s)
[MoE] Layer 13: loading 1 expert(s)
[MoE] Layer 14: loading 2 expert(s)
[MoE] Layer 15: loading 2 expert(s)
[MoE] Layer 16: loading 2 expert(s)
[MoE] Layer 17: loading 1 expert(s)
[MoE] Layer 22: loading 1 expert(s)
[MoE] Layer 23: loading 1 expert(s)
[MoE] Layer 25: loading 2 expert(s)
[MoE] Layer 26: loading 3 expert(s)
[MoE] Layer 28: loading 2 expert(s)
[MoE] Layer 29: loading 1 expert(s)
[MoE] Layer 32: loading 2 expert(s)
[MoE] Layer 34: loading 1 expert(s)
[MoE] Layer 35: loading 1 expert(s)
[MoE] Layer 36: loading 1 expert(s)
[MoE] Layer 37: loading 4 expert(s)
[MoE] Layer 38: loading 2 expert(s)
[MoE] Layer 39: loading 4 expert(s)
[MoE] Layer 40: loading 4 expert(s)
[MoE] Layer 41: loading 6 expert(s)
[MoE] Layer 42: loading 4 expert(s)
[MoE] Layer 43: loading 3 expert(s)
[MoE] Layer 44: loading 3 expert(s)
[MoE] Layer 45: loading 3 expert(s)
[MoE] Layer 46: loading 5 expert(s)
[MoE] Layer 47: loading 5 expert(s)
[gen 30/99] elapsed=10.9s  TPS=2.751
[MoE] Layer 0: loading 6 expert(s)
[MoE] Layer 1: loading 5 expert(s)
[MoE] Layer 2: loading 6 expert(s)
[MoE] Layer 3: loading 3 expert(s)
[MoE] Layer 4: loading 6 expert(s)
[MoE] Layer 5: loading 6 expert(s)
[MoE] Layer 6: loading 3 expert(s)
[MoE] Layer 7: loading 3 expert(s)
[MoE] Layer 8: loading 2 expert(s)
[MoE] Layer 9: loading 4 expert(s)
[MoE] Layer 10: loading 3 expert(s)
[MoE] Layer 11: loading 3 expert(s)
[MoE] Layer 12: loading 3 expert(s)
[MoE] Layer 13: loading 5 expert(s)
[MoE] Layer 14: loading 1 expert(s)
[MoE] Layer 15: loading 1 expert(s)
[MoE] Layer 16: loading 3 expert(s)
[MoE] Layer 17: loading 4 expert(s)
[MoE] Layer 18: loading 2 expert(s)
[MoE] Layer 19: loading 1 expert(s)
[MoE] Layer 20: loading 5 expert(s)
[MoE] Layer 21: loading 4 expert(s)
[MoE] Layer 22: loading 3 expert(s)
[MoE] Layer 23: loading 5 expert(s)
[MoE] Layer 24: loading 4 expert(s)
[MoE] Layer 25: loading 7 expert(s)
[MoE] Layer 26: loading 5 expert(s)
[MoE] Layer 27: loading 4 expert(s)
[MoE] Layer 28: loading 4 expert(s)
[MoE] Layer 29: loading 5 expert(s)
[MoE] Layer 30: loading 3 expert(s)
[MoE] Layer 31: loading 2 expert(s)
[MoE] Layer 32: loading 3 expert(s)
[MoE] Layer 33: loading 4 expert(s)
[MoE] Layer 34: loading 4 expert(s)
[MoE] Layer 35: loading 3 expert(s)
[MoE] Layer 36: loading 6 expert(s)
[MoE] Layer 37: loading 7 expert(s)
[MoE] Layer 38: loading 6 expert(s)
[MoE] Layer 39: loading 6 expert(s)
[MoE] Layer 40: loading 6 expert(s)
[MoE] Layer 41: loading 5 expert(s)
[MoE] Layer 42: loading 6 expert(s)
[MoE] Layer 43: loading 5 expert(s)
[MoE] Layer 44: loading 4 expert(s)
[MoE] Layer 45: loading 3 expert(s)
[MoE] Layer 46: loading 6 expert(s)
[MoE] Layer 47: loading 5 expert(s)
[MoE] Layer 0: loading 7 expert(s)
[MoE] Layer 1: loading 7 expert(s)
[MoE] Layer 2: loading 4 expert(s)
[MoE] Layer 3: loading 5 expert(s)
[MoE] Layer 4: loading 4 expert(s)
[MoE] Layer 5: loading 3 expert(s)
[MoE] Layer 6: loading 4 expert(s)
[MoE] Layer 7: loading 4 expert(s)
[MoE] Layer 8: loading 3 expert(s)
[MoE] Layer 9: loading 4 expert(s)
[MoE] Layer 10: loading 4 expert(s)
[MoE] Layer 11: loading 3 expert(s)
[MoE] Layer 12: loading 2 expert(s)
[MoE] Layer 13: loading 3 expert(s)
[MoE] Layer 14: loading 6 expert(s)
[MoE] Layer 15: loading 5 expert(s)
[MoE] Layer 16: loading 4 expert(s)
[MoE] Layer 17: loading 2 expert(s)
[MoE] Layer 18: loading 3 expert(s)
[MoE] Layer 19: loading 2 expert(s)
[MoE] Layer 20: loading 2 expert(s)
[MoE] Layer 21: loading 1 expert(s)
[MoE] Layer 22: loading 2 expert(s)
[MoE] Layer 23: loading 2 expert(s)
[MoE] Layer 24: loading 3 expert(s)
[MoE] Layer 25: loading 3 expert(s)
[MoE] Layer 26: loading 4 expert(s)
[MoE] Layer 27: loading 2 expert(s)
[MoE] Layer 28: loading 2 expert(s)
[MoE] Layer 29: loading 3 expert(s)
[MoE] Layer 30: loading 2 expert(s)
[MoE] Layer 31: loading 2 expert(s)
[MoE] Layer 32: loading 3 expert(s)
[MoE] Layer 34: loading 2 expert(s)
[MoE] Layer 35: loading 2 expert(s)
[MoE] Layer 36: loading 1 expert(s)
[MoE] Layer 37: loading 4 expert(s)
[MoE] Layer 38: loading 1 expert(s)
[MoE] Layer 39: loading 2 expert(s)
[MoE] Layer 40: loading 3 expert(s)
[MoE] Layer 41: loading 3 expert(s)
[MoE] Layer 42: loading 3 expert(s)
[MoE] Layer 43: loading 5 expert(s)
[MoE] Layer 44: loading 2 expert(s)
[MoE] Layer 45: loading 3 expert(s)
[MoE] Layer 46: loading 5 expert(s)
[MoE] Layer 47: loading 5 expert(s)
[MoE] Layer 0: loading 5 expert(s)
[MoE] Layer 1: loading 2 expert(s)
[MoE] Layer 2: loading 2 expert(s)
[MoE] Layer 3: loading 6 expert(s)
[MoE] Layer 4: loading 1 expert(s)
[MoE] Layer 5: loading 3 expert(s)
[MoE] Layer 6: loading 1 expert(s)
[MoE] Layer 7: loading 3 expert(s)
[MoE] Layer 8: loading 4 expert(s)
[MoE] Layer 9: loading 1 expert(s)
[MoE] Layer 10: loading 4 expert(s)
[MoE] Layer 11: loading 5 expert(s)
[MoE] Layer 13: loading 5 expert(s)
[MoE] Layer 14: loading 1 expert(s)
[MoE] Layer 15: loading 2 expert(s)
[MoE] Layer 16: loading 3 expert(s)
[MoE] Layer 17: loading 3 expert(s)
[MoE] Layer 18: loading 1 expert(s)
[MoE] Layer 19: loading 1 expert(s)
[MoE] Layer 21: loading 2 expert(s)
[MoE] Layer 22: loading 2 expert(s)
[MoE] Layer 23: loading 3 expert(s)
[MoE] Layer 24: loading 1 expert(s)
[MoE] Layer 25: loading 3 expert(s)
[MoE] Layer 26: loading 1 expert(s)
[MoE] Layer 27: loading 1 expert(s)
[MoE] Layer 28: loading 1 expert(s)
[MoE] Layer 29: loading 2 expert(s)
[MoE] Layer 30: loading 1 expert(s)
[MoE] Layer 31: loading 1 expert(s)
[MoE] Layer 32: loading 2 expert(s)
[MoE] Layer 34: loading 3 expert(s)
[MoE] Layer 35: loading 5 expert(s)
[MoE] Layer 36: loading 1 expert(s)
[MoE] Layer 37: loading 4 expert(s)
[MoE] Layer 38: loading 2 expert(s)
[MoE] Layer 39: loading 4 expert(s)
[MoE] Layer 40: loading 3 expert(s)
[MoE] Layer 41: loading 4 expert(s)
[MoE] Layer 42: loading 5 expert(s)
[MoE] Layer 43: loading 2 expert(s)
[MoE] Layer 44: loading 2 expert(s)
[MoE] Layer 45: loading 3 expert(s)
[MoE] Layer 46: loading 3 expert(s)
[MoE] Layer 47: loading 5 expert(s)
[MoE] Layer 0: loading 7 expert(s)
[MoE] Layer 1: loading 4 expert(s)
[MoE] Layer 2: loading 3 expert(s)
[MoE] Layer 3: loading 3 expert(s)
[MoE] Layer 4: loading 2 expert(s)
[MoE] Layer 5: loading 3 expert(s)
[MoE] Layer 6: loading 2 expert(s)
[MoE] Layer 7: loading 3 expert(s)
[MoE] Layer 8: loading 2 expert(s)
[MoE] Layer 9: loading 2 expert(s)
[MoE] Layer 10: loading 2 expert(s)
[MoE] Layer 11: loading 3 expert(s)
[MoE] Layer 12: loading 2 expert(s)
[MoE] Layer 13: loading 2 expert(s)
[MoE] Layer 14: loading 3 expert(s)
[MoE] Layer 15: loading 1 expert(s)
[MoE] Layer 16: loading 2 expert(s)
[MoE] Layer 17: loading 2 expert(s)
[MoE] Layer 18: loading 2 expert(s)
[MoE] Layer 19: loading 2 expert(s)
[MoE] Layer 20: loading 3 expert(s)
[MoE] Layer 21: loading 1 expert(s)
[MoE] Layer 22: loading 2 expert(s)
[MoE] Layer 23: loading 4 expert(s)
[MoE] Layer 24: loading 3 expert(s)
[MoE] Layer 25: loading 2 expert(s)
[MoE] Layer 26: loading 4 expert(s)
[MoE] Layer 27: loading 3 expert(s)
[MoE] Layer 28: loading 3 expert(s)
[MoE] Layer 29: loading 2 expert(s)
[MoE] Layer 30: loading 4 expert(s)
[MoE] Layer 31: loading 2 expert(s)
[MoE] Layer 32: loading 3 expert(s)
[MoE] Layer 33: loading 2 expert(s)
[MoE] Layer 34: loading 2 expert(s)
[MoE] Layer 35: loading 3 expert(s)
[MoE] Layer 36: loading 4 expert(s)
[MoE] Layer 37: loading 4 expert(s)
[MoE] Layer 38: loading 2 expert(s)
[MoE] Layer 39: loading 4 expert(s)
[MoE] Layer 40: loading 4 expert(s)
[MoE] Layer 41: loading 3 expert(s)
[MoE] Layer 42: loading 3 expert(s)
[MoE] Layer 43: loading 3 expert(s)
[MoE] Layer 44: loading 1 expert(s)
[MoE] Layer 45: loading 1 expert(s)
[MoE] Layer 46: loading 2 expert(s)
[MoE] Layer 47: loading 5 expert(s)
[MoE] Layer 0: loading 5 expert(s)
[MoE] Layer 1: loading 3 expert(s)
[MoE] Layer 2: loading 5 expert(s)
[MoE] Layer 3: loading 4 expert(s)
[MoE] Layer 4: loading 3 expert(s)
[MoE] Layer 5: loading 5 expert(s)
[MoE] Layer 6: loading 1 expert(s)
[MoE] Layer 7: loading 4 expert(s)
[MoE] Layer 8: loading 5 expert(s)
[MoE] Layer 9: loading 4 expert(s)
[MoE] Layer 10: loading 7 expert(s)
[MoE] Layer 11: loading 4 expert(s)
[MoE] Layer 12: loading 5 expert(s)
[MoE] Layer 13: loading 3 expert(s)
[MoE] Layer 14: loading 1 expert(s)
[MoE] Layer 15: loading 3 expert(s)
[MoE] Layer 16: loading 3 expert(s)
[MoE] Layer 17: loading 3 expert(s)
[MoE] Layer 18: loading 2 expert(s)
[MoE] Layer 19: loading 2 expert(s)
[MoE] Layer 20: loading 3 expert(s)
[MoE] Layer 21: loading 3 expert(s)
[MoE] Layer 22: loading 4 expert(s)
[MoE] Layer 23: loading 6 expert(s)
[MoE] Layer 24: loading 3 expert(s)
[MoE] Layer 25: loading 3 expert(s)
[MoE] Layer 26: loading 2 expert(s)
[MoE] Layer 27: loading 2 expert(s)
[MoE] Layer 28: loading 3 expert(s)
[MoE] Layer 29: loading 1 expert(s)
[MoE] Layer 30: loading 4 expert(s)
[MoE] Layer 31: loading 3 expert(s)
[MoE] Layer 32: loading 1 expert(s)
[MoE] Layer 34: loading 1 expert(s)
[MoE] Layer 35: loading 3 expert(s)
[MoE] Layer 36: loading 3 expert(s)
[MoE] Layer 37: loading 4 expert(s)
[MoE] Layer 38: loading 3 expert(s)
[MoE] Layer 39: loading 2 expert(s)
[MoE] Layer 40: loading 4 expert(s)
[MoE] Layer 41: loading 3 expert(s)
[MoE] Layer 42: loading 3 expert(s)
[MoE] Layer 43: loading 2 expert(s)
[MoE] Layer 44: loading 1 expert(s)
[MoE] Layer 45: loading 1 expert(s)
[MoE] Layer 46: loading 1 expert(s)
[MoE] Layer 47: loading 5 expert(s)
[gen 35/99] elapsed=12.8s  TPS=2.726
[MoE] Layer 0: loading 2 expert(s)
[MoE] Layer 1: loading 3 expert(s)
[MoE] Layer 2: loading 2 expert(s)
[MoE] Layer 3: loading 2 expert(s)
[MoE] Layer 4: loading 2 expert(s)
[MoE] Layer 5: loading 3 expert(s)
[MoE] Layer 6: loading 1 expert(s)
[MoE] Layer 7: loading 2 expert(s)
[MoE] Layer 8: loading 1 expert(s)
[MoE] Layer 9: loading 3 expert(s)
[MoE] Layer 10: loading 3 expert(s)
[MoE] Layer 11: loading 4 expert(s)
[MoE] Layer 12: loading 3 expert(s)
[MoE] Layer 13: loading 4 expert(s)
[MoE] Layer 14: loading 2 expert(s)
[MoE] Layer 15: loading 3 expert(s)
[MoE] Layer 16: loading 1 expert(s)
[MoE] Layer 17: loading 2 expert(s)
[MoE] Layer 20: loading 1 expert(s)
[MoE] Layer 21: loading 3 expert(s)
[MoE] Layer 22: loading 3 expert(s)
[MoE] Layer 23: loading 4 expert(s)
[MoE] Layer 24: loading 3 expert(s)
[MoE] Layer 25: loading 5 expert(s)
[MoE] Layer 26: loading 3 expert(s)
[MoE] Layer 27: loading 2 expert(s)
[MoE] Layer 28: loading 4 expert(s)
[MoE] Layer 29: loading 3 expert(s)
[MoE] Layer 30: loading 1 expert(s)
[MoE] Layer 31: loading 1 expert(s)
[MoE] Layer 32: loading 3 expert(s)
[MoE] Layer 33: loading 4 expert(s)
[MoE] Layer 34: loading 3 expert(s)
[MoE] Layer 35: loading 4 expert(s)
[MoE] Layer 36: loading 4 expert(s)
[MoE] Layer 37: loading 1 expert(s)
[MoE] Layer 38: loading 1 expert(s)
[MoE] Layer 39: loading 1 expert(s)
[MoE] Layer 40: loading 1 expert(s)
[MoE] Layer 41: loading 4 expert(s)
[MoE] Layer 42: loading 1 expert(s)
[MoE] Layer 43: loading 3 expert(s)
[MoE] Layer 45: loading 2 expert(s)
[MoE] Layer 46: loading 1 expert(s)
[MoE] Layer 47: loading 3 expert(s)
[MoE] Layer 0: loading 2 expert(s)
[MoE] Layer 1: loading 4 expert(s)
[MoE] Layer 2: loading 2 expert(s)
[MoE] Layer 3: loading 4 expert(s)
[MoE] Layer 4: loading 3 expert(s)
[MoE] Layer 5: loading 2 expert(s)
[MoE] Layer 6: loading 1 expert(s)
[MoE] Layer 9: loading 1 expert(s)
[MoE] Layer 10: loading 2 expert(s)
[MoE] Layer 11: loading 2 expert(s)
[MoE] Layer 12: loading 1 expert(s)
[MoE] Layer 13: loading 2 expert(s)
[MoE] Layer 14: loading 1 expert(s)
[MoE] Layer 15: loading 1 expert(s)
[MoE] Layer 16: loading 1 expert(s)
[MoE] Layer 17: loading 2 expert(s)
[MoE] Layer 18: loading 2 expert(s)
[MoE] Layer 19: loading 2 expert(s)
[MoE] Layer 21: loading 1 expert(s)
[MoE] Layer 22: loading 2 expert(s)
[MoE] Layer 23: loading 1 expert(s)
[MoE] Layer 25: loading 4 expert(s)
[MoE] Layer 26: loading 3 expert(s)
[MoE] Layer 27: loading 2 expert(s)
[MoE] Layer 28: loading 3 expert(s)
[MoE] Layer 29: loading 2 expert(s)
[MoE] Layer 30: loading 3 expert(s)
[MoE] Layer 31: loading 2 expert(s)
[MoE] Layer 33: loading 2 expert(s)
[MoE] Layer 34: loading 1 expert(s)
[MoE] Layer 35: loading 3 expert(s)
[MoE] Layer 36: loading 2 expert(s)
[MoE] Layer 37: loading 3 expert(s)
[MoE] Layer 38: loading 3 expert(s)
[MoE] Layer 39: loading 4 expert(s)
[MoE] Layer 40: loading 2 expert(s)
[MoE] Layer 41: loading 5 expert(s)
[MoE] Layer 42: loading 4 expert(s)
[MoE] Layer 43: loading 3 expert(s)
[MoE] Layer 44: loading 3 expert(s)
[MoE] Layer 45: loading 1 expert(s)
[MoE] Layer 46: loading 3 expert(s)
[MoE] Layer 47: loading 6 expert(s)
[MoE] Layer 0: loading 7 expert(s)
[MoE] Layer 1: loading 6 expert(s)
[MoE] Layer 2: loading 3 expert(s)
[MoE] Layer 3: loading 4 expert(s)
[MoE] Layer 4: loading 3 expert(s)
[MoE] Layer 5: loading 3 expert(s)
[MoE] Layer 6: loading 3 expert(s)
[MoE] Layer 7: loading 1 expert(s)
[MoE] Layer 8: loading 3 expert(s)
[MoE] Layer 9: loading 3 expert(s)
[MoE] Layer 10: loading 4 expert(s)
[MoE] Layer 11: loading 4 expert(s)
[MoE] Layer 12: loading 2 expert(s)
[MoE] Layer 13: loading 4 expert(s)
[MoE] Layer 14: loading 3 expert(s)
[MoE] Layer 15: loading 3 expert(s)
[MoE] Layer 16: loading 2 expert(s)
[MoE] Layer 17: loading 1 expert(s)
[MoE] Layer 18: loading 2 expert(s)
[MoE] Layer 19: loading 2 expert(s)
[MoE] Layer 21: loading 2 expert(s)
[MoE] Layer 22: loading 3 expert(s)
[MoE] Layer 23: loading 2 expert(s)
[MoE] Layer 24: loading 4 expert(s)
[MoE] Layer 25: loading 3 expert(s)
[MoE] Layer 26: loading 2 expert(s)
[MoE] Layer 27: loading 3 expert(s)
[MoE] Layer 28: loading 1 expert(s)
[MoE] Layer 29: loading 3 expert(s)
[MoE] Layer 30: loading 1 expert(s)
[MoE] Layer 31: loading 2 expert(s)
[MoE] Layer 32: loading 1 expert(s)
[MoE] Layer 33: loading 2 expert(s)
[MoE] Layer 34: loading 3 expert(s)
[MoE] Layer 35: loading 2 expert(s)
[MoE] Layer 36: loading 3 expert(s)
[MoE] Layer 37: loading 3 expert(s)
[MoE] Layer 38: loading 3 expert(s)
[MoE] Layer 39: loading 1 expert(s)
[MoE] Layer 40: loading 3 expert(s)
[MoE] Layer 41: loading 3 expert(s)
[MoE] Layer 42: loading 1 expert(s)
[MoE] Layer 43: loading 3 expert(s)
[MoE] Layer 44: loading 4 expert(s)
[MoE] Layer 45: loading 1 expert(s)
[MoE] Layer 46: loading 3 expert(s)
[MoE] Layer 47: loading 4 expert(s)
[MoE] Layer 0: loading 5 expert(s)
[MoE] Layer 1: loading 2 expert(s)
[MoE] Layer 2: loading 2 expert(s)
[MoE] Layer 3: loading 2 expert(s)
[MoE] Layer 4: loading 1 expert(s)
[MoE] Layer 5: loading 1 expert(s)
[MoE] Layer 6: loading 2 expert(s)
[MoE] Layer 7: loading 2 expert(s)
[MoE] Layer 8: loading 1 expert(s)
[MoE] Layer 9: loading 1 expert(s)
[MoE] Layer 12: loading 1 expert(s)
[MoE] Layer 13: loading 4 expert(s)
[MoE] Layer 14: loading 1 expert(s)
[MoE] Layer 15: loading 2 expert(s)
[MoE] Layer 16: loading 2 expert(s)
[MoE] Layer 18: loading 1 expert(s)
[MoE] Layer 19: loading 2 expert(s)
[MoE] Layer 20: loading 1 expert(s)
[MoE] Layer 21: loading 1 expert(s)
[MoE] Layer 22: loading 1 expert(s)
[MoE] Layer 23: loading 1 expert(s)
[MoE] Layer 24: loading 2 expert(s)
[MoE] Layer 25: loading 2 expert(s)
[MoE] Layer 26: loading 1 expert(s)
[MoE] Layer 28: loading 2 expert(s)
[MoE] Layer 29: loading 1 expert(s)
[MoE] Layer 31: loading 1 expert(s)
[MoE] Layer 32: loading 1 expert(s)
[MoE] Layer 33: loading 1 expert(s)
[MoE] Layer 34: loading 1 expert(s)
[MoE] Layer 36: loading 2 expert(s)
[MoE] Layer 37: loading 4 expert(s)
[MoE] Layer 38: loading 1 expert(s)
[MoE] Layer 39: loading 1 expert(s)
[MoE] Layer 40: loading 3 expert(s)
[MoE] Layer 41: loading 2 expert(s)
[MoE] Layer 42: loading 2 expert(s)
[MoE] Layer 43: loading 3 expert(s)
[MoE] Layer 44: loading 2 expert(s)
[MoE] Layer 45: loading 2 expert(s)
[MoE] Layer 46: loading 1 expert(s)
[MoE] Layer 47: loading 4 expert(s)
[MoE] Layer 0: loading 8 expert(s)
[MoE] Layer 1: loading 5 expert(s)
[MoE] Layer 2: loading 4 expert(s)
[MoE] Layer 3: loading 4 expert(s)
[MoE] Layer 4: loading 3 expert(s)
[MoE] Layer 5: loading 4 expert(s)
[MoE] Layer 6: loading 1 expert(s)
[MoE] Layer 7: loading 2 expert(s)
[MoE] Layer 9: loading 4 expert(s)
[MoE] Layer 10: loading 2 expert(s)
[MoE] Layer 11: loading 4 expert(s)
[MoE] Layer 12: loading 3 expert(s)
[MoE] Layer 13: loading 4 expert(s)
[MoE] Layer 14: loading 2 expert(s)
[MoE] Layer 15: loading 1 expert(s)
[MoE] Layer 16: loading 1 expert(s)
[MoE] Layer 18: loading 1 expert(s)
[MoE] Layer 20: loading 1 expert(s)
[MoE] Layer 21: loading 2 expert(s)
[MoE] Layer 22: loading 2 expert(s)
[MoE] Layer 23: loading 1 expert(s)
[MoE] Layer 24: loading 3 expert(s)
[MoE] Layer 25: loading 3 expert(s)
[MoE] Layer 26: loading 3 expert(s)
[MoE] Layer 27: loading 1 expert(s)
[MoE] Layer 28: loading 1 expert(s)
[MoE] Layer 29: loading 1 expert(s)
[MoE] Layer 31: loading 1 expert(s)
[MoE] Layer 32: loading 1 expert(s)
[MoE] Layer 33: loading 1 expert(s)
[MoE] Layer 36: loading 2 expert(s)
[MoE] Layer 37: loading 1 expert(s)
[MoE] Layer 38: loading 2 expert(s)
[MoE] Layer 39: loading 2 expert(s)
[MoE] Layer 41: loading 1 expert(s)
[MoE] Layer 42: loading 1 expert(s)
[MoE] Layer 43: loading 1 expert(s)
[MoE] Layer 44: loading 1 expert(s)
[MoE] Layer 45: loading 1 expert(s)
[MoE] Layer 47: loading 3 expert(s)
[gen 40/99] elapsed=14.4s  TPS=2.781
[MoE] Layer 0: loading 7 expert(s)
[MoE] Layer 1: loading 4 expert(s)
[MoE] Layer 2: loading 3 expert(s)
[MoE] Layer 3: loading 2 expert(s)
[MoE] Layer 4: loading 2 expert(s)
[MoE] Layer 5: loading 4 expert(s)
[MoE] Layer 6: loading 1 expert(s)
[MoE] Layer 7: loading 2 expert(s)
[MoE] Layer 8: loading 1 expert(s)
[MoE] Layer 9: loading 1 expert(s)
[MoE] Layer 11: loading 3 expert(s)
[MoE] Layer 12: loading 3 expert(s)
[MoE] Layer 13: loading 1 expert(s)
[MoE] Layer 14: loading 4 expert(s)
[MoE] Layer 15: loading 5 expert(s)
[MoE] Layer 16: loading 1 expert(s)
[MoE] Layer 17: loading 2 expert(s)
[MoE] Layer 18: loading 1 expert(s)
[MoE] Layer 19: loading 2 expert(s)
[MoE] Layer 20: loading 1 expert(s)
[MoE] Layer 22: loading 2 expert(s)
[MoE] Layer 24: loading 2 expert(s)
[MoE] Layer 25: loading 3 expert(s)
[MoE] Layer 26: loading 3 expert(s)
[MoE] Layer 27: loading 1 expert(s)
[MoE] Layer 28: loading 1 expert(s)
[MoE] Layer 30: loading 2 expert(s)
[MoE] Layer 31: loading 1 expert(s)
[MoE] Layer 32: loading 2 expert(s)
[MoE] Layer 34: loading 1 expert(s)
[MoE] Layer 35: loading 2 expert(s)
[MoE] Layer 36: loading 3 expert(s)
[MoE] Layer 37: loading 3 expert(s)
[MoE] Layer 38: loading 1 expert(s)
[MoE] Layer 40: loading 1 expert(s)
[MoE] Layer 43: loading 2 expert(s)
[MoE] Layer 44: loading 2 expert(s)
[MoE] Layer 45: loading 1 expert(s)
[MoE] Layer 46: loading 1 expert(s)
[MoE] Layer 47: loading 2 expert(s)
[MoE] Layer 0: loading 5 expert(s)
[MoE] Layer 1: loading 5 expert(s)
[MoE] Layer 2: loading 5 expert(s)
[MoE] Layer 4: loading 1 expert(s)
[MoE] Layer 5: loading 3 expert(s)
[MoE] Layer 6: loading 1 expert(s)
[MoE] Layer 7: loading 1 expert(s)
[MoE] Layer 9: loading 1 expert(s)
[MoE] Layer 10: loading 2 expert(s)
[MoE] Layer 11: loading 1 expert(s)
[MoE] Layer 12: loading 2 expert(s)
[MoE] Layer 13: loading 5 expert(s)
[MoE] Layer 14: loading 3 expert(s)
[MoE] Layer 15: loading 2 expert(s)
[MoE] Layer 16: loading 3 expert(s)
[MoE] Layer 17: loading 2 expert(s)
[MoE] Layer 19: loading 1 expert(s)
[MoE] Layer 20: loading 2 expert(s)
[MoE] Layer 22: loading 1 expert(s)
[MoE] Layer 23: loading 2 expert(s)
[MoE] Layer 24: loading 1 expert(s)
[MoE] Layer 25: loading 2 expert(s)
[MoE] Layer 26: loading 2 expert(s)
[MoE] Layer 27: loading 1 expert(s)
[MoE] Layer 28: loading 4 expert(s)
[MoE] Layer 29: loading 1 expert(s)
[MoE] Layer 31: loading 4 expert(s)
[MoE] Layer 32: loading 2 expert(s)
[MoE] Layer 33: loading 1 expert(s)
[MoE] Layer 34: loading 1 expert(s)
[MoE] Layer 35: loading 2 expert(s)
[MoE] Layer 36: loading 2 expert(s)
[MoE] Layer 37: loading 3 expert(s)
[MoE] Layer 38: loading 3 expert(s)
[MoE] Layer 39: loading 5 expert(s)
[MoE] Layer 40: loading 2 expert(s)
[MoE] Layer 41: loading 5 expert(s)
[MoE] Layer 42: loading 4 expert(s)
[MoE] Layer 43: loading 5 expert(s)
[MoE] Layer 44: loading 3 expert(s)
[MoE] Layer 45: loading 2 expert(s)
[MoE] Layer 46: loading 3 expert(s)
[MoE] Layer 47: loading 5 expert(s)
[MoE] Layer 0: loading 7 expert(s)
[MoE] Layer 1: loading 5 expert(s)
[MoE] Layer 2: loading 7 expert(s)
[MoE] Layer 3: loading 3 expert(s)
[MoE] Layer 4: loading 7 expert(s)
[MoE] Layer 5: loading 6 expert(s)
[MoE] Layer 6: loading 2 expert(s)
[MoE] Layer 7: loading 3 expert(s)
[MoE] Layer 8: loading 3 expert(s)
[MoE] Layer 9: loading 3 expert(s)
[MoE] Layer 10: loading 6 expert(s)
[MoE] Layer 11: loading 5 expert(s)
[MoE] Layer 12: loading 4 expert(s)
[MoE] Layer 13: loading 5 expert(s)
[MoE] Layer 14: loading 3 expert(s)
[MoE] Layer 16: loading 4 expert(s)
[MoE] Layer 17: loading 2 expert(s)
[MoE] Layer 18: loading 3 expert(s)
[MoE] Layer 19: loading 2 expert(s)
[MoE] Layer 20: loading 2 expert(s)
[MoE] Layer 21: loading 2 expert(s)
[MoE] Layer 22: loading 1 expert(s)
[MoE] Layer 23: loading 6 expert(s)
[MoE] Layer 24: loading 4 expert(s)
[MoE] Layer 25: loading 5 expert(s)
[MoE] Layer 26: loading 4 expert(s)
[MoE] Layer 27: loading 4 expert(s)
[MoE] Layer 28: loading 3 expert(s)
[MoE] Layer 29: loading 7 expert(s)
[MoE] Layer 30: loading 3 expert(s)
[MoE] Layer 31: loading 1 expert(s)
[MoE] Layer 32: loading 1 expert(s)
[MoE] Layer 33: loading 4 expert(s)
[MoE] Layer 34: loading 6 expert(s)
[MoE] Layer 35: loading 4 expert(s)
[MoE] Layer 36: loading 5 expert(s)
[MoE] Layer 37: loading 4 expert(s)
[MoE] Layer 38: loading 4 expert(s)
[MoE] Layer 39: loading 6 expert(s)
[MoE] Layer 40: loading 5 expert(s)
[MoE] Layer 41: loading 7 expert(s)
[MoE] Layer 42: loading 7 expert(s)
[MoE] Layer 43: loading 6 expert(s)
[MoE] Layer 44: loading 4 expert(s)
[MoE] Layer 45: loading 6 expert(s)
[MoE] Layer 46: loading 6 expert(s)
[MoE] Layer 47: loading 5 expert(s)
[MoE] Layer 0: loading 5 expert(s)
[MoE] Layer 1: loading 7 expert(s)
[MoE] Layer 2: loading 3 expert(s)
[MoE] Layer 3: loading 5 expert(s)
[MoE] Layer 4: loading 3 expert(s)
[MoE] Layer 5: loading 3 expert(s)
[MoE] Layer 6: loading 1 expert(s)
[MoE] Layer 7: loading 2 expert(s)
[MoE] Layer 8: loading 5 expert(s)
[MoE] Layer 9: loading 3 expert(s)
[MoE] Layer 10: loading 5 expert(s)
[MoE] Layer 11: loading 6 expert(s)
[MoE] Layer 12: loading 5 expert(s)
[MoE] Layer 13: loading 3 expert(s)
[MoE] Layer 14: loading 6 expert(s)
[MoE] Layer 15: loading 4 expert(s)
[MoE] Layer 16: loading 2 expert(s)
[MoE] Layer 17: loading 3 expert(s)
[MoE] Layer 18: loading 2 expert(s)
[MoE] Layer 19: loading 1 expert(s)
[MoE] Layer 20: loading 4 expert(s)
[MoE] Layer 21: loading 1 expert(s)
[MoE] Layer 22: loading 4 expert(s)
[MoE] Layer 23: loading 1 expert(s)
[MoE] Layer 24: loading 3 expert(s)
[MoE] Layer 25: loading 2 expert(s)
[MoE] Layer 26: loading 6 expert(s)
[MoE] Layer 27: loading 2 expert(s)
[MoE] Layer 28: loading 2 expert(s)
[MoE] Layer 29: loading 3 expert(s)
[MoE] Layer 30: loading 2 expert(s)
[MoE] Layer 31: loading 3 expert(s)
[MoE] Layer 32: loading 3 expert(s)
[MoE] Layer 33: loading 2 expert(s)
[MoE] Layer 34: loading 3 expert(s)
[MoE] Layer 35: loading 3 expert(s)
[MoE] Layer 36: loading 3 expert(s)
[MoE] Layer 37: loading 3 expert(s)
[MoE] Layer 38: loading 2 expert(s)
[MoE] Layer 39: loading 1 expert(s)
[MoE] Layer 40: loading 2 expert(s)
[MoE] Layer 41: loading 2 expert(s)
[MoE] Layer 42: loading 5 expert(s)
[MoE] Layer 43: loading 5 expert(s)
[MoE] Layer 44: loading 3 expert(s)
[MoE] Layer 45: loading 3 expert(s)
[MoE] Layer 46: loading 5 expert(s)
[MoE] Layer 47: loading 4 expert(s)
[MoE] Layer 0: loading 3 expert(s)
[MoE] Layer 1: loading 2 expert(s)
[MoE] Layer 2: loading 3 expert(s)
[MoE] Layer 3: loading 5 expert(s)
[MoE] Layer 5: loading 3 expert(s)
[MoE] Layer 6: loading 1 expert(s)
[MoE] Layer 7: loading 2 expert(s)
[MoE] Layer 8: loading 2 expert(s)
[MoE] Layer 9: loading 1 expert(s)
[MoE] Layer 10: loading 4 expert(s)
[MoE] Layer 11: loading 3 expert(s)
[MoE] Layer 12: loading 1 expert(s)
[MoE] Layer 13: loading 3 expert(s)
[MoE] Layer 14: loading 4 expert(s)
[MoE] Layer 15: loading 1 expert(s)
[MoE] Layer 16: loading 1 expert(s)
[MoE] Layer 17: loading 3 expert(s)
[MoE] Layer 18: loading 1 expert(s)
[MoE] Layer 19: loading 1 expert(s)
[MoE] Layer 20: loading 2 expert(s)
[MoE] Layer 21: loading 1 expert(s)
[MoE] Layer 23: loading 4 expert(s)
[MoE] Layer 24: loading 2 expert(s)
[MoE] Layer 25: loading 2 expert(s)
[MoE] Layer 26: loading 3 expert(s)
[MoE] Layer 27: loading 1 expert(s)
[MoE] Layer 28: loading 2 expert(s)
[MoE] Layer 29: loading 4 expert(s)
[MoE] Layer 30: loading 1 expert(s)
[MoE] Layer 31: loading 2 expert(s)
[MoE] Layer 32: loading 2 expert(s)
[MoE] Layer 33: loading 3 expert(s)
[MoE] Layer 34: loading 6 expert(s)
[MoE] Layer 35: loading 5 expert(s)
[MoE] Layer 36: loading 2 expert(s)
[MoE] Layer 37: loading 2 expert(s)
[MoE] Layer 38: loading 2 expert(s)
[MoE] Layer 39: loading 4 expert(s)
[MoE] Layer 40: loading 5 expert(s)
[MoE] Layer 41: loading 6 expert(s)
[MoE] Layer 42: loading 3 expert(s)
[MoE] Layer 43: loading 5 expert(s)
[MoE] Layer 44: loading 5 expert(s)
[MoE] Layer 45: loading 4 expert(s)
[MoE] Layer 46: loading 2 expert(s)
[MoE] Layer 47: loading 3 expert(s)
[gen 45/99] elapsed=16.2s  TPS=2.782
[MoE] Layer 0: loading 6 expert(s)
[MoE] Layer 1: loading 3 expert(s)
[MoE] Layer 2: loading 4 expert(s)
[MoE] Layer 3: loading 3 expert(s)
[MoE] Layer 4: loading 3 expert(s)
[MoE] Layer 5: loading 4 expert(s)
[MoE] Layer 6: loading 1 expert(s)
[MoE] Layer 7: loading 2 expert(s)
[MoE] Layer 8: loading 3 expert(s)
[MoE] Layer 9: loading 2 expert(s)
[MoE] Layer 10: loading 3 expert(s)
[MoE] Layer 11: loading 4 expert(s)
[MoE] Layer 12: loading 1 expert(s)
[MoE] Layer 13: loading 6 expert(s)
[MoE] Layer 14: loading 2 expert(s)
[MoE] Layer 16: loading 4 expert(s)
[MoE] Layer 17: loading 5 expert(s)
[MoE] Layer 18: loading 2 expert(s)
[MoE] Layer 19: loading 2 expert(s)
[MoE] Layer 20: loading 3 expert(s)
[MoE] Layer 21: loading 1 expert(s)
[MoE] Layer 22: loading 4 expert(s)
[MoE] Layer 23: loading 1 expert(s)
[MoE] Layer 24: loading 2 expert(s)
[MoE] Layer 25: loading 6 expert(s)
[MoE] Layer 26: loading 3 expert(s)
[MoE] Layer 27: loading 4 expert(s)
[MoE] Layer 28: loading 3 expert(s)
[MoE] Layer 29: loading 2 expert(s)
[MoE] Layer 30: loading 3 expert(s)
[MoE] Layer 31: loading 3 expert(s)
[MoE] Layer 32: loading 2 expert(s)
[MoE] Layer 33: loading 3 expert(s)
[MoE] Layer 34: loading 5 expert(s)
[MoE] Layer 35: loading 5 expert(s)
[MoE] Layer 36: loading 5 expert(s)
[MoE] Layer 37: loading 3 expert(s)
[MoE] Layer 38: loading 4 expert(s)
[MoE] Layer 39: loading 4 expert(s)
[MoE] Layer 40: loading 4 expert(s)
[MoE] Layer 41: loading 3 expert(s)
[MoE] Layer 42: loading 4 expert(s)
[MoE] Layer 43: loading 6 expert(s)
[MoE] Layer 44: loading 4 expert(s)
[MoE] Layer 45: loading 1 expert(s)
[MoE] Layer 46: loading 3 expert(s)
[MoE] Layer 47: loading 3 expert(s)
[MoE] Layer 0: loading 4 expert(s)
[MoE] Layer 1: loading 4 expert(s)
[MoE] Layer 2: loading 5 expert(s)
[MoE] Layer 3: loading 7 expert(s)
[MoE] Layer 4: loading 2 expert(s)
[MoE] Layer 5: loading 5 expert(s)
[MoE] Layer 6: loading 3 expert(s)
[MoE] Layer 7: loading 1 expert(s)
[MoE] Layer 8: loading 2 expert(s)
[MoE] Layer 9: loading 2 expert(s)
[MoE] Layer 10: loading 1 expert(s)
[MoE] Layer 11: loading 5 expert(s)
[MoE] Layer 12: loading 4 expert(s)
[MoE] Layer 13: loading 3 expert(s)
[MoE] Layer 14: loading 3 expert(s)
[MoE] Layer 15: loading 2 expert(s)
[MoE] Layer 16: loading 3 expert(s)
[MoE] Layer 17: loading 2 expert(s)
[MoE] Layer 18: loading 2 expert(s)
[MoE] Layer 19: loading 3 expert(s)
[MoE] Layer 20: loading 1 expert(s)
[MoE] Layer 21: loading 2 expert(s)
[MoE] Layer 22: loading 4 expert(s)
[MoE] Layer 23: loading 3 expert(s)
[MoE] Layer 24: loading 4 expert(s)
[MoE] Layer 25: loading 4 expert(s)
[MoE] Layer 26: loading 4 expert(s)
[MoE] Layer 27: loading 2 expert(s)
[MoE] Layer 28: loading 5 expert(s)
[MoE] Layer 29: loading 5 expert(s)
[MoE] Layer 30: loading 1 expert(s)
[MoE] Layer 31: loading 3 expert(s)
[MoE] Layer 32: loading 5 expert(s)
[MoE] Layer 33: loading 2 expert(s)
[MoE] Layer 34: loading 5 expert(s)
[MoE] Layer 35: loading 5 expert(s)
[MoE] Layer 36: loading 4 expert(s)
[MoE] Layer 37: loading 4 expert(s)
[MoE] Layer 38: loading 3 expert(s)
[MoE] Layer 39: loading 2 expert(s)
[MoE] Layer 40: loading 4 expert(s)
[MoE] Layer 41: loading 5 expert(s)
[MoE] Layer 42: loading 5 expert(s)
[MoE] Layer 43: loading 2 expert(s)
[MoE] Layer 44: loading 3 expert(s)
[MoE] Layer 45: loading 1 expert(s)
[MoE] Layer 46: loading 2 expert(s)
[MoE] Layer 47: loading 5 expert(s)
[MoE] Layer 0: loading 3 expert(s)
[MoE] Layer 1: loading 4 expert(s)
[MoE] Layer 2: loading 3 expert(s)
[MoE] Layer 3: loading 4 expert(s)
[MoE] Layer 4: loading 1 expert(s)
[MoE] Layer 5: loading 3 expert(s)
[MoE] Layer 6: loading 2 expert(s)
[MoE] Layer 7: loading 1 expert(s)
[MoE] Layer 9: loading 2 expert(s)
[MoE] Layer 10: loading 4 expert(s)
[MoE] Layer 11: loading 3 expert(s)
[MoE] Layer 12: loading 2 expert(s)
[MoE] Layer 13: loading 4 expert(s)
[MoE] Layer 14: loading 4 expert(s)
[MoE] Layer 15: loading 2 expert(s)
[MoE] Layer 16: loading 1 expert(s)
[MoE] Layer 17: loading 1 expert(s)
[MoE] Layer 19: loading 1 expert(s)
[MoE] Layer 21: loading 3 expert(s)
[MoE] Layer 22: loading 3 expert(s)
[MoE] Layer 23: loading 5 expert(s)
[MoE] Layer 24: loading 5 expert(s)
[MoE] Layer 25: loading 3 expert(s)
[MoE] Layer 26: loading 3 expert(s)
[MoE] Layer 27: loading 2 expert(s)
[MoE] Layer 28: loading 3 expert(s)
[MoE] Layer 29: loading 2 expert(s)
[MoE] Layer 30: loading 1 expert(s)
[MoE] Layer 31: loading 2 expert(s)
[MoE] Layer 32: loading 5 expert(s)
[MoE] Layer 33: loading 3 expert(s)
[MoE] Layer 34: loading 5 expert(s)
[MoE] Layer 35: loading 5 expert(s)
[MoE] Layer 36: loading 4 expert(s)
[MoE] Layer 37: loading 2 expert(s)
[MoE] Layer 38: loading 2 expert(s)
[MoE] Layer 39: loading 3 expert(s)
[MoE] Layer 40: loading 4 expert(s)
[MoE] Layer 41: loading 5 expert(s)
[MoE] Layer 42: loading 5 expert(s)
[MoE] Layer 43: loading 4 expert(s)
[MoE] Layer 44: loading 4 expert(s)
[MoE] Layer 45: loading 3 expert(s)
[MoE] Layer 46: loading 5 expert(s)
[MoE] Layer 47: loading 5 expert(s)
[MoE] Layer 0: loading 2 expert(s)
[MoE] Layer 1: loading 4 expert(s)
[MoE] Layer 2: loading 2 expert(s)
[MoE] Layer 3: loading 2 expert(s)
[MoE] Layer 4: loading 1 expert(s)
[MoE] Layer 5: loading 1 expert(s)
[MoE] Layer 8: loading 1 expert(s)
[MoE] Layer 9: loading 1 expert(s)
[MoE] Layer 10: loading 3 expert(s)
[MoE] Layer 11: loading 3 expert(s)
[MoE] Layer 12: loading 2 expert(s)
[MoE] Layer 13: loading 2 expert(s)
[MoE] Layer 14: loading 2 expert(s)
[MoE] Layer 16: loading 1 expert(s)
[MoE] Layer 17: loading 2 expert(s)
[MoE] Layer 18: loading 3 expert(s)
[MoE] Layer 20: loading 1 expert(s)
[MoE] Layer 21: loading 1 expert(s)
[MoE] Layer 22: loading 2 expert(s)
[MoE] Layer 23: loading 4 expert(s)
[MoE] Layer 24: loading 4 expert(s)
[MoE] Layer 25: loading 2 expert(s)
[MoE] Layer 26: loading 2 expert(s)
[MoE] Layer 27: loading 1 expert(s)
[MoE] Layer 28: loading 3 expert(s)
[MoE] Layer 29: loading 3 expert(s)
[MoE] Layer 30: loading 1 expert(s)
[MoE] Layer 32: loading 2 expert(s)
[MoE] Layer 33: loading 1 expert(s)
[MoE] Layer 34: loading 3 expert(s)
[MoE] Layer 35: loading 3 expert(s)
[MoE] Layer 36: loading 2 expert(s)
[MoE] Layer 37: loading 3 expert(s)
[MoE] Layer 38: loading 3 expert(s)
[MoE] Layer 39: loading 2 expert(s)
[MoE] Layer 40: loading 3 expert(s)
[MoE] Layer 41: loading 4 expert(s)
[MoE] Layer 42: loading 5 expert(s)
[MoE] Layer 43: loading 4 expert(s)
[MoE] Layer 44: loading 3 expert(s)
[MoE] Layer 45: loading 3 expert(s)
[MoE] Layer 46: loading 5 expert(s)
[MoE] Layer 47: loading 6 expert(s)
[MoE] Layer 0: loading 7 expert(s)
[MoE] Layer 1: loading 4 expert(s)
[MoE] Layer 2: loading 5 expert(s)
[MoE] Layer 3: loading 3 expert(s)
[MoE] Layer 4: loading 2 expert(s)
[MoE] Layer 5: loading 4 expert(s)
[MoE] Layer 6: loading 2 expert(s)
[MoE] Layer 7: loading 3 expert(s)
[MoE] Layer 8: loading 2 expert(s)
[MoE] Layer 9: loading 5 expert(s)
[MoE] Layer 10: loading 6 expert(s)
[MoE] Layer 11: loading 4 expert(s)
[MoE] Layer 12: loading 1 expert(s)
[MoE] Layer 13: loading 3 expert(s)
[MoE] Layer 14: loading 3 expert(s)
[MoE] Layer 15: loading 1 expert(s)
[MoE] Layer 16: loading 4 expert(s)
[MoE] Layer 18: loading 2 expert(s)
[MoE] Layer 19: loading 2 expert(s)
[MoE] Layer 21: loading 3 expert(s)
[MoE] Layer 22: loading 1 expert(s)
[MoE] Layer 23: loading 1 expert(s)
[MoE] Layer 24: loading 3 expert(s)
[MoE] Layer 26: loading 2 expert(s)
[MoE] Layer 27: loading 1 expert(s)
[MoE] Layer 28: loading 2 expert(s)
[MoE] Layer 29: loading 2 expert(s)
[MoE] Layer 30: loading 1 expert(s)
[MoE] Layer 31: loading 2 expert(s)
[MoE] Layer 32: loading 1 expert(s)
[MoE] Layer 33: loading 2 expert(s)
[MoE] Layer 34: loading 2 expert(s)
[MoE] Layer 35: loading 5 expert(s)
[MoE] Layer 36: loading 2 expert(s)
[MoE] Layer 37: loading 3 expert(s)
[MoE] Layer 38: loading 3 expert(s)
[MoE] Layer 39: loading 3 expert(s)
[MoE] Layer 40: loading 3 expert(s)
[MoE] Layer 41: loading 4 expert(s)
[MoE] Layer 42: loading 3 expert(s)
[MoE] Layer 43: loading 2 expert(s)
[MoE] Layer 44: loading 4 expert(s)
[MoE] Layer 46: loading 3 expert(s)
[MoE] Layer 47: loading 4 expert(s)
[gen 50/99] elapsed=18.0s  TPS=2.774
[MoE] Layer 0: loading 6 expert(s)
[MoE] Layer 1: loading 3 expert(s)
[MoE] Layer 2: loading 3 expert(s)
[MoE] Layer 3: loading 2 expert(s)
[MoE] Layer 4: loading 1 expert(s)
[MoE] Layer 5: loading 3 expert(s)
[MoE] Layer 7: loading 2 expert(s)
[MoE] Layer 8: loading 1 expert(s)
[MoE] Layer 9: loading 1 expert(s)
[MoE] Layer 10: loading 1 expert(s)
[MoE] Layer 11: loading 1 expert(s)
[MoE] Layer 12: loading 1 expert(s)
[MoE] Layer 13: loading 2 expert(s)
[MoE] Layer 14: loading 1 expert(s)
[MoE] Layer 15: loading 1 expert(s)
[MoE] Layer 16: loading 5 expert(s)
[MoE] Layer 17: loading 1 expert(s)
[MoE] Layer 18: loading 1 expert(s)
[MoE] Layer 20: loading 1 expert(s)
[MoE] Layer 21: loading 1 expert(s)
[MoE] Layer 22: loading 1 expert(s)
[MoE] Layer 23: loading 2 expert(s)
[MoE] Layer 24: loading 1 expert(s)
[MoE] Layer 25: loading 2 expert(s)
[MoE] Layer 26: loading 1 expert(s)
[MoE] Layer 27: loading 2 expert(s)
[MoE] Layer 28: loading 2 expert(s)
[MoE] Layer 29: loading 1 expert(s)
[MoE] Layer 31: loading 1 expert(s)
[MoE] Layer 32: loading 1 expert(s)
[MoE] Layer 34: loading 1 expert(s)
[MoE] Layer 35: loading 1 expert(s)
[MoE] Layer 36: loading 2 expert(s)
[MoE] Layer 37: loading 3 expert(s)
[MoE] Layer 38: loading 1 expert(s)
[MoE] Layer 40: loading 3 expert(s)
[MoE] Layer 41: loading 3 expert(s)
[MoE] Layer 42: loading 4 expert(s)
[MoE] Layer 43: loading 3 expert(s)
[MoE] Layer 44: loading 1 expert(s)
[MoE] Layer 45: loading 1 expert(s)
[MoE] Layer 46: loading 1 expert(s)
[MoE] Layer 47: loading 6 expert(s)
[MoE] Layer 0: loading 8 expert(s)
[MoE] Layer 1: loading 5 expert(s)
[MoE] Layer 2: loading 5 expert(s)
[MoE] Layer 3: loading 2 expert(s)
[MoE] Layer 4: loading 2 expert(s)
[MoE] Layer 5: loading 1 expert(s)
[MoE] Layer 6: loading 2 expert(s)
[MoE] Layer 7: loading 3 expert(s)
[MoE] Layer 8: loading 1 expert(s)
[MoE] Layer 9: loading 3 expert(s)
[MoE] Layer 10: loading 2 expert(s)
[MoE] Layer 11: loading 2 expert(s)
[MoE] Layer 12: loading 3 expert(s)
[MoE] Layer 13: loading 2 expert(s)
[MoE] Layer 14: loading 3 expert(s)
[MoE] Layer 15: loading 2 expert(s)
[MoE] Layer 16: loading 1 expert(s)
[MoE] Layer 17: loading 2 expert(s)
[MoE] Layer 18: loading 2 expert(s)
[MoE] Layer 20: loading 1 expert(s)
[MoE] Layer 21: loading 1 expert(s)
[MoE] Layer 22: loading 1 expert(s)
[MoE] Layer 24: loading 1 expert(s)
[MoE] Layer 25: loading 2 expert(s)
[MoE] Layer 26: loading 1 expert(s)
[MoE] Layer 28: loading 1 expert(s)
[MoE] Layer 29: loading 1 expert(s)
[MoE] Layer 31: loading 1 expert(s)
[MoE] Layer 33: loading 2 expert(s)
[MoE] Layer 35: loading 3 expert(s)
[MoE] Layer 36: loading 1 expert(s)
[MoE] Layer 37: loading 1 expert(s)
[MoE] Layer 38: loading 2 expert(s)
[MoE] Layer 39: loading 1 expert(s)
[MoE] Layer 40: loading 1 expert(s)
[MoE] Layer 41: loading 2 expert(s)
[MoE] Layer 42: loading 1 expert(s)
[MoE] Layer 43: loading 1 expert(s)
[MoE] Layer 44: loading 2 expert(s)
[MoE] Layer 47: loading 3 expert(s)
[MoE] Layer 0: loading 4 expert(s)
[MoE] Layer 1: loading 4 expert(s)
[MoE] Layer 2: loading 2 expert(s)
[MoE] Layer 3: loading 2 expert(s)
[MoE] Layer 4: loading 1 expert(s)
[MoE] Layer 5: loading 4 expert(s)
[MoE] Layer 7: loading 2 expert(s)
[MoE] Layer 8: loading 2 expert(s)
[MoE] Layer 9: loading 1 expert(s)
[MoE] Layer 10: loading 2 expert(s)
[MoE] Layer 11: loading 4 expert(s)
[MoE] Layer 12: loading 4 expert(s)
[MoE] Layer 13: loading 2 expert(s)
[MoE] Layer 14: loading 4 expert(s)
[MoE] Layer 15: loading 3 expert(s)
[MoE] Layer 16: loading 2 expert(s)
[MoE] Layer 17: loading 3 expert(s)
[MoE] Layer 18: loading 1 expert(s)
[MoE] Layer 19: loading 1 expert(s)
[MoE] Layer 20: loading 1 expert(s)
[MoE] Layer 22: loading 2 expert(s)
[MoE] Layer 23: loading 3 expert(s)
[MoE] Layer 24: loading 4 expert(s)
[MoE] Layer 25: loading 3 expert(s)
[MoE] Layer 26: loading 2 expert(s)
[MoE] Layer 27: loading 2 expert(s)
[MoE] Layer 28: loading 3 expert(s)
[MoE] Layer 29: loading 4 expert(s)
[MoE] Layer 30: loading 2 expert(s)
[MoE] Layer 31: loading 1 expert(s)
[MoE] Layer 32: loading 2 expert(s)
[MoE] Layer 33: loading 2 expert(s)
[MoE] Layer 34: loading 4 expert(s)
[MoE] Layer 35: loading 4 expert(s)
[MoE] Layer 36: loading 4 expert(s)
[MoE] Layer 37: loading 4 expert(s)
[MoE] Layer 38: loading 3 expert(s)
[MoE] Layer 39: loading 4 expert(s)
[MoE] Layer 40: loading 1 expert(s)
[MoE] Layer 41: loading 2 expert(s)
[MoE] Layer 42: loading 3 expert(s)
[MoE] Layer 43: loading 3 expert(s)
[MoE] Layer 44: loading 2 expert(s)
[MoE] Layer 45: loading 1 expert(s)
[MoE] Layer 46: loading 2 expert(s)
[MoE] Layer 47: loading 2 expert(s)
[MoE] Layer 0: loading 4 expert(s)
[MoE] Layer 1: loading 4 expert(s)
[MoE] Layer 2: loading 3 expert(s)
[MoE] Layer 3: loading 2 expert(s)
[MoE] Layer 4: loading 2 expert(s)
[MoE] Layer 5: loading 4 expert(s)
[MoE] Layer 6: loading 1 expert(s)
[MoE] Layer 7: loading 2 expert(s)
[MoE] Layer 8: loading 2 expert(s)
[MoE] Layer 9: loading 3 expert(s)
[MoE] Layer 10: loading 2 expert(s)
[MoE] Layer 11: loading 5 expert(s)
[MoE] Layer 12: loading 2 expert(s)
[MoE] Layer 13: loading 1 expert(s)
[MoE] Layer 14: loading 3 expert(s)
[MoE] Layer 15: loading 3 expert(s)
[MoE] Layer 16: loading 3 expert(s)
[MoE] Layer 17: loading 3 expert(s)
[MoE] Layer 18: loading 1 expert(s)
[MoE] Layer 20: loading 1 expert(s)
[MoE] Layer 22: loading 2 expert(s)
[MoE] Layer 23: loading 2 expert(s)
[MoE] Layer 24: loading 3 expert(s)
[MoE] Layer 25: loading 3 expert(s)
[MoE] Layer 26: loading 1 expert(s)
[MoE] Layer 27: loading 3 expert(s)
[MoE] Layer 28: loading 3 expert(s)
[MoE] Layer 29: loading 5 expert(s)
[MoE] Layer 30: loading 3 expert(s)
[MoE] Layer 31: loading 1 expert(s)
[MoE] Layer 32: loading 1 expert(s)
[MoE] Layer 33: loading 2 expert(s)
[MoE] Layer 34: loading 3 expert(s)
[MoE] Layer 35: loading 2 expert(s)
[MoE] Layer 36: loading 1 expert(s)
[MoE] Layer 37: loading 2 expert(s)
[MoE] Layer 38: loading 3 expert(s)
[MoE] Layer 39: loading 3 expert(s)
[MoE] Layer 40: loading 2 expert(s)
[MoE] Layer 41: loading 5 expert(s)
[MoE] Layer 42: loading 6 expert(s)
[MoE] Layer 43: loading 6 expert(s)
[MoE] Layer 44: loading 3 expert(s)
[MoE] Layer 45: loading 3 expert(s)
[MoE] Layer 46: loading 5 expert(s)
[MoE] Layer 47: loading 4 expert(s)
[MoE] Layer 0: loading 6 expert(s)
[MoE] Layer 1: loading 6 expert(s)
[MoE] Layer 2: loading 6 expert(s)
[MoE] Layer 3: loading 3 expert(s)
[MoE] Layer 4: loading 4 expert(s)
[MoE] Layer 5: loading 5 expert(s)
[MoE] Layer 6: loading 4 expert(s)
[MoE] Layer 7: loading 3 expert(s)
[MoE] Layer 8: loading 3 expert(s)
[MoE] Layer 9: loading 2 expert(s)
[MoE] Layer 10: loading 4 expert(s)
[MoE] Layer 11: loading 2 expert(s)
[MoE] Layer 12: loading 4 expert(s)
[MoE] Layer 13: loading 4 expert(s)
[MoE] Layer 14: loading 4 expert(s)
[MoE] Layer 15: loading 2 expert(s)
[MoE] Layer 16: loading 2 expert(s)
[MoE] Layer 17: loading 2 expert(s)
[MoE] Layer 18: loading 1 expert(s)
[MoE] Layer 19: loading 2 expert(s)
[MoE] Layer 20: loading 6 expert(s)
[MoE] Layer 21: loading 4 expert(s)
[MoE] Layer 22: loading 4 expert(s)
[MoE] Layer 23: loading 2 expert(s)
[MoE] Layer 24: loading 2 expert(s)
[MoE] Layer 25: loading 1 expert(s)
[MoE] Layer 26: loading 4 expert(s)
[MoE] Layer 28: loading 5 expert(s)
[MoE] Layer 29: loading 6 expert(s)
[MoE] Layer 30: loading 5 expert(s)
[MoE] Layer 31: loading 2 expert(s)
[MoE] Layer 32: loading 4 expert(s)
[MoE] Layer 33: loading 2 expert(s)
[MoE] Layer 34: loading 6 expert(s)
[MoE] Layer 35: loading 4 expert(s)
[MoE] Layer 36: loading 3 expert(s)
[MoE] Layer 37: loading 7 expert(s)
[MoE] Layer 38: loading 4 expert(s)
[MoE] Layer 39: loading 5 expert(s)
[MoE] Layer 40: loading 5 expert(s)
[MoE] Layer 41: loading 5 expert(s)
[MoE] Layer 42: loading 8 expert(s)
[MoE] Layer 43: loading 7 expert(s)
[MoE] Layer 44: loading 4 expert(s)
[MoE] Layer 45: loading 5 expert(s)
[MoE] Layer 46: loading 3 expert(s)
[MoE] Layer 47: loading 5 expert(s)
[gen 55/99] elapsed=19.7s  TPS=2.791
[MoE] Layer 0: loading 6 expert(s)
[MoE] Layer 1: loading 7 expert(s)
[MoE] Layer 2: loading 3 expert(s)
[MoE] Layer 3: loading 6 expert(s)
[MoE] Layer 4: loading 3 expert(s)
[MoE] Layer 5: loading 4 expert(s)
[MoE] Layer 6: loading 2 expert(s)
[MoE] Layer 7: loading 1 expert(s)
[MoE] Layer 8: loading 5 expert(s)
[MoE] Layer 9: loading 4 expert(s)
[MoE] Layer 10: loading 4 expert(s)
[MoE] Layer 11: loading 5 expert(s)
[MoE] Layer 12: loading 5 expert(s)
[MoE] Layer 13: loading 5 expert(s)
[MoE] Layer 14: loading 5 expert(s)
[MoE] Layer 15: loading 5 expert(s)
[MoE] Layer 16: loading 4 expert(s)
[MoE] Layer 17: loading 2 expert(s)
[MoE] Layer 18: loading 3 expert(s)
[MoE] Layer 19: loading 2 expert(s)
[MoE] Layer 20: loading 3 expert(s)
[MoE] Layer 21: loading 3 expert(s)
[MoE] Layer 22: loading 7 expert(s)
[MoE] Layer 23: loading 5 expert(s)
[MoE] Layer 24: loading 2 expert(s)
[MoE] Layer 25: loading 4 expert(s)
[MoE] Layer 26: loading 5 expert(s)
[MoE] Layer 27: loading 3 expert(s)
[MoE] Layer 28: loading 2 expert(s)
[MoE] Layer 29: loading 6 expert(s)
[MoE] Layer 30: loading 3 expert(s)
[MoE] Layer 31: loading 4 expert(s)
[MoE] Layer 32: loading 4 expert(s)
[MoE] Layer 33: loading 3 expert(s)
[MoE] Layer 34: loading 6 expert(s)
[MoE] Layer 35: loading 4 expert(s)
[MoE] Layer 36: loading 4 expert(s)
[MoE] Layer 37: loading 3 expert(s)
[MoE] Layer 38: loading 3 expert(s)
[MoE] Layer 39: loading 1 expert(s)
[MoE] Layer 40: loading 2 expert(s)
[MoE] Layer 41: loading 2 expert(s)
[MoE] Layer 42: loading 3 expert(s)
[MoE] Layer 43: loading 3 expert(s)
[MoE] Layer 44: loading 2 expert(s)
[MoE] Layer 45: loading 5 expert(s)
[MoE] Layer 46: loading 4 expert(s)
[MoE] Layer 47: loading 6 expert(s)
[MoE] Layer 0: loading 3 expert(s)
[MoE] Layer 1: loading 1 expert(s)
[MoE] Layer 2: loading 2 expert(s)
[MoE] Layer 3: loading 6 expert(s)
[MoE] Layer 4: loading 1 expert(s)
[MoE] Layer 5: loading 3 expert(s)
[MoE] Layer 6: loading 1 expert(s)
[MoE] Layer 7: loading 3 expert(s)
[MoE] Layer 8: loading 3 expert(s)
[MoE] Layer 9: loading 3 expert(s)
[MoE] Layer 10: loading 3 expert(s)
[MoE] Layer 11: loading 5 expert(s)
[MoE] Layer 13: loading 3 expert(s)
[MoE] Layer 14: loading 4 expert(s)
[MoE] Layer 15: loading 2 expert(s)
[MoE] Layer 16: loading 2 expert(s)
[MoE] Layer 17: loading 1 expert(s)
[MoE] Layer 18: loading 1 expert(s)
[MoE] Layer 20: loading 2 expert(s)
[MoE] Layer 21: loading 1 expert(s)
[MoE] Layer 22: loading 3 expert(s)
[MoE] Layer 23: loading 1 expert(s)
[MoE] Layer 24: loading 1 expert(s)
[MoE] Layer 26: loading 1 expert(s)
[MoE] Layer 27: loading 1 expert(s)
[MoE] Layer 28: loading 2 expert(s)
[MoE] Layer 29: loading 4 expert(s)
[MoE] Layer 30: loading 2 expert(s)
[MoE] Layer 31: loading 1 expert(s)
[MoE] Layer 32: loading 2 expert(s)
[MoE] Layer 33: loading 1 expert(s)
[MoE] Layer 34: loading 1 expert(s)
[MoE] Layer 35: loading 2 expert(s)
[MoE] Layer 36: loading 3 expert(s)
[MoE] Layer 37: loading 2 expert(s)
[MoE] Layer 38: loading 2 expert(s)
[MoE] Layer 39: loading 1 expert(s)
[MoE] Layer 40: loading 5 expert(s)
[MoE] Layer 41: loading 3 expert(s)
[MoE] Layer 42: loading 5 expert(s)
[MoE] Layer 43: loading 3 expert(s)
[MoE] Layer 44: loading 5 expert(s)
[MoE] Layer 45: loading 6 expert(s)
[MoE] Layer 46: loading 5 expert(s)
[MoE] Layer 47: loading 7 expert(s)
[MoE] Layer 0: loading 5 expert(s)
[MoE] Layer 1: loading 3 expert(s)
[MoE] Layer 2: loading 5 expert(s)
[MoE] Layer 3: loading 2 expert(s)
[MoE] Layer 4: loading 3 expert(s)
[MoE] Layer 5: loading 4 expert(s)
[MoE] Layer 6: loading 1 expert(s)
[MoE] Layer 7: loading 3 expert(s)
[MoE] Layer 8: loading 1 expert(s)
[MoE] Layer 9: loading 2 expert(s)
[MoE] Layer 10: loading 3 expert(s)
[MoE] Layer 11: loading 3 expert(s)
[MoE] Layer 12: loading 3 expert(s)
[MoE] Layer 13: loading 3 expert(s)
[MoE] Layer 14: loading 5 expert(s)
[MoE] Layer 15: loading 1 expert(s)
[MoE] Layer 16: loading 3 expert(s)
[MoE] Layer 17: loading 2 expert(s)
[MoE] Layer 18: loading 2 expert(s)
[MoE] Layer 19: loading 2 expert(s)
[MoE] Layer 20: loading 3 expert(s)
[MoE] Layer 21: loading 3 expert(s)
[MoE] Layer 22: loading 7 expert(s)
[MoE] Layer 23: loading 4 expert(s)
[MoE] Layer 24: loading 4 expert(s)
[MoE] Layer 25: loading 4 expert(s)
[MoE] Layer 26: loading 4 expert(s)
[MoE] Layer 27: loading 3 expert(s)
[MoE] Layer 28: loading 4 expert(s)
[MoE] Layer 29: loading 7 expert(s)
[MoE] Layer 30: loading 2 expert(s)
[MoE] Layer 31: loading 1 expert(s)
[MoE] Layer 32: loading 3 expert(s)
[MoE] Layer 33: loading 2 expert(s)
[MoE] Layer 34: loading 6 expert(s)
[MoE] Layer 35: loading 4 expert(s)
[MoE] Layer 36: loading 6 expert(s)
[MoE] Layer 37: loading 5 expert(s)
[MoE] Layer 38: loading 5 expert(s)
[MoE] Layer 39: loading 3 expert(s)
[MoE] Layer 40: loading 5 expert(s)
[MoE] Layer 41: loading 3 expert(s)
[MoE] Layer 42: loading 7 expert(s)
[MoE] Layer 43: loading 3 expert(s)
[MoE] Layer 44: loading 4 expert(s)
[MoE] Layer 45: loading 1 expert(s)
[MoE] Layer 46: loading 2 expert(s)
[MoE] Layer 47: loading 6 expert(s)
[MoE] Layer 0: loading 5 expert(s)
[MoE] Layer 1: loading 5 expert(s)
[MoE] Layer 2: loading 4 expert(s)
[MoE] Layer 3: loading 5 expert(s)
[MoE] Layer 4: loading 2 expert(s)
[MoE] Layer 5: loading 5 expert(s)
[MoE] Layer 6: loading 3 expert(s)
[MoE] Layer 7: loading 2 expert(s)
[MoE] Layer 8: loading 3 expert(s)
[MoE] Layer 9: loading 4 expert(s)
[MoE] Layer 10: loading 5 expert(s)
[MoE] Layer 11: loading 5 expert(s)
[MoE] Layer 12: loading 4 expert(s)
[MoE] Layer 13: loading 4 expert(s)
[MoE] Layer 14: loading 4 expert(s)
[MoE] Layer 15: loading 2 expert(s)
[MoE] Layer 16: loading 5 expert(s)
[MoE] Layer 17: loading 3 expert(s)
[MoE] Layer 18: loading 4 expert(s)
[MoE] Layer 19: loading 2 expert(s)
[MoE] Layer 20: loading 2 expert(s)
[MoE] Layer 21: loading 4 expert(s)
[MoE] Layer 22: loading 6 expert(s)
[MoE] Layer 23: loading 4 expert(s)
[MoE] Layer 24: loading 5 expert(s)
[MoE] Layer 25: loading 4 expert(s)
[MoE] Layer 26: loading 4 expert(s)
[MoE] Layer 27: loading 4 expert(s)
[MoE] Layer 28: loading 2 expert(s)
[MoE] Layer 29: loading 5 expert(s)
[MoE] Layer 30: loading 3 expert(s)
[MoE] Layer 31: loading 3 expert(s)
[MoE] Layer 32: loading 5 expert(s)
[MoE] Layer 33: loading 6 expert(s)
[MoE] Layer 34: loading 8 expert(s)
[MoE] Layer 35: loading 5 expert(s)
[MoE] Layer 36: loading 7 expert(s)
[MoE] Layer 37: loading 4 expert(s)
[MoE] Layer 38: loading 3 expert(s)
[MoE] Layer 39: loading 4 expert(s)
[MoE] Layer 40: loading 6 expert(s)
[MoE] Layer 41: loading 4 expert(s)
[MoE] Layer 42: loading 5 expert(s)
[MoE] Layer 43: loading 3 expert(s)
[MoE] Layer 44: loading 3 expert(s)
[MoE] Layer 45: loading 3 expert(s)
[MoE] Layer 46: loading 3 expert(s)
[MoE] Layer 47: loading 6 expert(s)
[MoE] Layer 0: loading 1 expert(s)
[MoE] Layer 1: loading 4 expert(s)
[MoE] Layer 2: loading 4 expert(s)
[MoE] Layer 3: loading 4 expert(s)
[MoE] Layer 4: loading 2 expert(s)
[MoE] Layer 5: loading 3 expert(s)
[MoE] Layer 6: loading 1 expert(s)
[MoE] Layer 7: loading 2 expert(s)
[MoE] Layer 8: loading 2 expert(s)
[MoE] Layer 9: loading 2 expert(s)
[MoE] Layer 10: loading 2 expert(s)
[MoE] Layer 11: loading 2 expert(s)
[MoE] Layer 12: loading 4 expert(s)
[MoE] Layer 13: loading 5 expert(s)
[MoE] Layer 14: loading 3 expert(s)
[MoE] Layer 15: loading 2 expert(s)
[MoE] Layer 16: loading 2 expert(s)
[MoE] Layer 17: loading 3 expert(s)
[MoE] Layer 18: loading 1 expert(s)
[MoE] Layer 20: loading 2 expert(s)
[MoE] Layer 21: loading 3 expert(s)
[MoE] Layer 22: loading 2 expert(s)
[MoE] Layer 23: loading 4 expert(s)
[MoE] Layer 24: loading 5 expert(s)
[MoE] Layer 25: loading 4 expert(s)
[MoE] Layer 26: loading 4 expert(s)
[MoE] Layer 27: loading 3 expert(s)
[MoE] Layer 28: loading 4 expert(s)
[MoE] Layer 29: loading 2 expert(s)
[MoE] Layer 30: loading 4 expert(s)
[MoE] Layer 31: loading 2 expert(s)
[MoE] Layer 32: loading 2 expert(s)
[MoE] Layer 33: loading 3 expert(s)
[MoE] Layer 34: loading 5 expert(s)
[MoE] Layer 35: loading 4 expert(s)
[MoE] Layer 37: loading 4 expert(s)
[MoE] Layer 38: loading 1 expert(s)
[MoE] Layer 39: loading 3 expert(s)
[MoE] Layer 40: loading 4 expert(s)
[MoE] Layer 41: loading 5 expert(s)
[MoE] Layer 42: loading 2 expert(s)
[MoE] Layer 43: loading 4 expert(s)
[MoE] Layer 44: loading 4 expert(s)
[MoE] Layer 45: loading 3 expert(s)
[MoE] Layer 46: loading 4 expert(s)
[MoE] Layer 47: loading 4 expert(s)
[gen 60/99] elapsed=21.7s  TPS=2.761
[MoE] Layer 0: loading 1 expert(s)
[MoE] Layer 1: loading 4 expert(s)
[MoE] Layer 2: loading 3 expert(s)
[MoE] Layer 3: loading 3 expert(s)
[MoE] Layer 5: loading 1 expert(s)
[MoE] Layer 7: loading 1 expert(s)
[MoE] Layer 8: loading 2 expert(s)
[MoE] Layer 9: loading 1 expert(s)
[MoE] Layer 10: loading 2 expert(s)
[MoE] Layer 11: loading 1 expert(s)
[MoE] Layer 12: loading 2 expert(s)
[MoE] Layer 13: loading 4 expert(s)
[MoE] Layer 14: loading 2 expert(s)
[MoE] Layer 16: loading 2 expert(s)
[MoE] Layer 17: loading 3 expert(s)
[MoE] Layer 18: loading 1 expert(s)
[MoE] Layer 20: loading 2 expert(s)
[MoE] Layer 21: loading 2 expert(s)
[MoE] Layer 22: loading 1 expert(s)
[MoE] Layer 23: loading 3 expert(s)
[MoE] Layer 24: loading 3 expert(s)
[MoE] Layer 25: loading 3 expert(s)
[MoE] Layer 26: loading 3 expert(s)
[MoE] Layer 27: loading 1 expert(s)
[MoE] Layer 28: loading 3 expert(s)
[MoE] Layer 29: loading 3 expert(s)
[MoE] Layer 30: loading 2 expert(s)
[MoE] Layer 31: loading 2 expert(s)
[MoE] Layer 32: loading 3 expert(s)
[MoE] Layer 33: loading 3 expert(s)
[MoE] Layer 34: loading 5 expert(s)
[MoE] Layer 35: loading 5 expert(s)
[MoE] Layer 36: loading 3 expert(s)
[MoE] Layer 37: loading 2 expert(s)
[MoE] Layer 38: loading 1 expert(s)
[MoE] Layer 39: loading 2 expert(s)
[MoE] Layer 40: loading 5 expert(s)
[MoE] Layer 41: loading 5 expert(s)
[MoE] Layer 42: loading 7 expert(s)
[MoE] Layer 43: loading 4 expert(s)
[MoE] Layer 44: loading 2 expert(s)
[MoE] Layer 45: loading 5 expert(s)
[MoE] Layer 46: loading 5 expert(s)
[MoE] Layer 47: loading 6 expert(s)
[MoE] Layer 0: loading 7 expert(s)
[MoE] Layer 1: loading 5 expert(s)
[MoE] Layer 2: loading 4 expert(s)
[MoE] Layer 3: loading 3 expert(s)
[MoE] Layer 4: loading 4 expert(s)
[MoE] Layer 5: loading 3 expert(s)
[MoE] Layer 6: loading 2 expert(s)
[MoE] Layer 7: loading 1 expert(s)
[MoE] Layer 8: loading 2 expert(s)
[MoE] Layer 9: loading 1 expert(s)
[MoE] Layer 10: loading 4 expert(s)
[MoE] Layer 11: loading 4 expert(s)
[MoE] Layer 12: loading 3 expert(s)
[MoE] Layer 13: loading 3 expert(s)
[MoE] Layer 14: loading 4 expert(s)
[MoE] Layer 15: loading 2 expert(s)
[MoE] Layer 16: loading 4 expert(s)
[MoE] Layer 17: loading 1 expert(s)
[MoE] Layer 18: loading 2 expert(s)
[MoE] Layer 19: loading 1 expert(s)
[MoE] Layer 20: loading 2 expert(s)
[MoE] Layer 21: loading 3 expert(s)
[MoE] Layer 22: loading 2 expert(s)
[MoE] Layer 23: loading 2 expert(s)
[MoE] Layer 24: loading 3 expert(s)
[MoE] Layer 25: loading 3 expert(s)
[MoE] Layer 26: loading 3 expert(s)
[MoE] Layer 27: loading 2 expert(s)
[MoE] Layer 28: loading 2 expert(s)
[MoE] Layer 29: loading 3 expert(s)
[MoE] Layer 30: loading 2 expert(s)
[MoE] Layer 31: loading 3 expert(s)
[MoE] Layer 32: loading 2 expert(s)
[MoE] Layer 33: loading 5 expert(s)
[MoE] Layer 34: loading 2 expert(s)
[MoE] Layer 35: loading 4 expert(s)
[MoE] Layer 36: loading 4 expert(s)
[MoE] Layer 37: loading 3 expert(s)
[MoE] Layer 38: loading 2 expert(s)
[MoE] Layer 39: loading 3 expert(s)
[MoE] Layer 40: loading 3 expert(s)
[MoE] Layer 41: loading 5 expert(s)
[MoE] Layer 42: loading 3 expert(s)
[MoE] Layer 43: loading 4 expert(s)
[MoE] Layer 44: loading 3 expert(s)
[MoE] Layer 45: loading 3 expert(s)
[MoE] Layer 46: loading 4 expert(s)
[MoE] Layer 47: loading 4 expert(s)
[MoE] Layer 0: loading 5 expert(s)
[MoE] Layer 1: loading 2 expert(s)
[MoE] Layer 2: loading 4 expert(s)
[MoE] Layer 3: loading 2 expert(s)
[MoE] Layer 4: loading 2 expert(s)
[MoE] Layer 5: loading 1 expert(s)
[MoE] Layer 7: loading 3 expert(s)
[MoE] Layer 8: loading 1 expert(s)
[MoE] Layer 9: loading 2 expert(s)
[MoE] Layer 10: loading 2 expert(s)
[MoE] Layer 11: loading 1 expert(s)
[MoE] Layer 12: loading 2 expert(s)
[MoE] Layer 13: loading 4 expert(s)
[MoE] Layer 15: loading 2 expert(s)
[MoE] Layer 16: loading 3 expert(s)
[MoE] Layer 17: loading 1 expert(s)
[MoE] Layer 19: loading 3 expert(s)
[MoE] Layer 20: loading 2 expert(s)
[MoE] Layer 21: loading 2 expert(s)
[MoE] Layer 22: loading 2 expert(s)
[MoE] Layer 23: loading 1 expert(s)
[MoE] Layer 24: loading 3 expert(s)
[MoE] Layer 25: loading 3 expert(s)
[MoE] Layer 26: loading 2 expert(s)
[MoE] Layer 27: loading 2 expert(s)
[MoE] Layer 28: loading 4 expert(s)
[MoE] Layer 29: loading 2 expert(s)
[MoE] Layer 30: loading 4 expert(s)
[MoE] Layer 31: loading 3 expert(s)
[MoE] Layer 32: loading 3 expert(s)
[MoE] Layer 33: loading 1 expert(s)
[MoE] Layer 34: loading 4 expert(s)
[MoE] Layer 35: loading 1 expert(s)
[MoE] Layer 36: loading 4 expert(s)
[MoE] Layer 37: loading 3 expert(s)
[MoE] Layer 40: loading 2 expert(s)
[MoE] Layer 41: loading 2 expert(s)
[MoE] Layer 42: loading 3 expert(s)
[MoE] Layer 43: loading 3 expert(s)
[MoE] Layer 44: loading 3 expert(s)
[MoE] Layer 45: loading 2 expert(s)
[MoE] Layer 46: loading 2 expert(s)
[MoE] Layer 47: loading 5 expert(s)
[MoE] Layer 0: loading 7 expert(s)
[MoE] Layer 1: loading 4 expert(s)
[MoE] Layer 2: loading 5 expert(s)
[MoE] Layer 3: loading 3 expert(s)
[MoE] Layer 4: loading 1 expert(s)
[MoE] Layer 5: loading 4 expert(s)
[MoE] Layer 6: loading 1 expert(s)
[MoE] Layer 7: loading 1 expert(s)
[MoE] Layer 8: loading 1 expert(s)
[MoE] Layer 9: loading 4 expert(s)
[MoE] Layer 10: loading 2 expert(s)
[MoE] Layer 11: loading 4 expert(s)
[MoE] Layer 12: loading 3 expert(s)
[MoE] Layer 13: loading 2 expert(s)
[MoE] Layer 14: loading 3 expert(s)
[MoE] Layer 15: loading 1 expert(s)
[MoE] Layer 16: loading 2 expert(s)
[MoE] Layer 17: loading 2 expert(s)
[MoE] Layer 18: loading 3 expert(s)
[MoE] Layer 19: loading 1 expert(s)
[MoE] Layer 21: loading 2 expert(s)
[MoE] Layer 22: loading 2 expert(s)
[MoE] Layer 23: loading 3 expert(s)
[MoE] Layer 24: loading 2 expert(s)
[MoE] Layer 25: loading 1 expert(s)
[MoE] Layer 26: loading 2 expert(s)
[MoE] Layer 28: loading 2 expert(s)
[MoE] Layer 30: loading 1 expert(s)
[MoE] Layer 31: loading 1 expert(s)
[MoE] Layer 33: loading 2 expert(s)
[MoE] Layer 34: loading 1 expert(s)
[MoE] Layer 35: loading 2 expert(s)
[MoE] Layer 36: loading 1 expert(s)
[MoE] Layer 37: loading 2 expert(s)
[MoE] Layer 38: loading 3 expert(s)
[MoE] Layer 39: loading 1 expert(s)
[MoE] Layer 40: loading 1 expert(s)
[MoE] Layer 41: loading 1 expert(s)
[MoE] Layer 43: loading 3 expert(s)
[MoE] Layer 44: loading 2 expert(s)
[MoE] Layer 45: loading 1 expert(s)
[MoE] Layer 47: loading 4 expert(s)
[MoE] Layer 0: loading 8 expert(s)
[MoE] Layer 1: loading 3 expert(s)
[MoE] Layer 2: loading 2 expert(s)
[MoE] Layer 3: loading 1 expert(s)
[MoE] Layer 4: loading 1 expert(s)
[MoE] Layer 5: loading 3 expert(s)
[MoE] Layer 7: loading 1 expert(s)
[MoE] Layer 8: loading 1 expert(s)
[MoE] Layer 9: loading 3 expert(s)
[MoE] Layer 10: loading 3 expert(s)
[MoE] Layer 11: loading 3 expert(s)
[MoE] Layer 12: loading 3 expert(s)
[MoE] Layer 13: loading 2 expert(s)
[MoE] Layer 14: loading 3 expert(s)
[MoE] Layer 15: loading 4 expert(s)
[MoE] Layer 16: loading 1 expert(s)
[MoE] Layer 17: loading 1 expert(s)
[MoE] Layer 18: loading 1 expert(s)
[MoE] Layer 19: loading 1 expert(s)
[MoE] Layer 20: loading 2 expert(s)
[MoE] Layer 21: loading 2 expert(s)
[MoE] Layer 22: loading 4 expert(s)
[MoE] Layer 23: loading 4 expert(s)
[MoE] Layer 24: loading 6 expert(s)
[MoE] Layer 25: loading 4 expert(s)
[MoE] Layer 26: loading 2 expert(s)
[MoE] Layer 27: loading 2 expert(s)
[MoE] Layer 28: loading 3 expert(s)
[MoE] Layer 29: loading 2 expert(s)
[MoE] Layer 31: loading 3 expert(s)
[MoE] Layer 32: loading 3 expert(s)
[MoE] Layer 33: loading 1 expert(s)
[MoE] Layer 34: loading 2 expert(s)
[MoE] Layer 35: loading 3 expert(s)
[MoE] Layer 36: loading 3 expert(s)
[MoE] Layer 37: loading 3 expert(s)
[MoE] Layer 38: loading 1 expert(s)
[MoE] Layer 39: loading 4 expert(s)
[MoE] Layer 40: loading 1 expert(s)
[MoE] Layer 41: loading 2 expert(s)
[MoE] Layer 42: loading 2 expert(s)
[MoE] Layer 43: loading 4 expert(s)
[MoE] Layer 44: loading 3 expert(s)
[MoE] Layer 45: loading 1 expert(s)
[MoE] Layer 46: loading 1 expert(s)
[MoE] Layer 47: loading 5 expert(s)
[gen 65/99] elapsed=23.4s  TPS=2.779
[MoE] Layer 0: loading 5 expert(s)
[MoE] Layer 1: loading 4 expert(s)
[MoE] Layer 2: loading 3 expert(s)
[MoE] Layer 3: loading 2 expert(s)
[MoE] Layer 4: loading 2 expert(s)
[MoE] Layer 5: loading 2 expert(s)
[MoE] Layer 6: loading 1 expert(s)
[MoE] Layer 8: loading 2 expert(s)
[MoE] Layer 9: loading 1 expert(s)
[MoE] Layer 10: loading 1 expert(s)
[MoE] Layer 11: loading 2 expert(s)
[MoE] Layer 12: loading 2 expert(s)
[MoE] Layer 13: loading 3 expert(s)
[MoE] Layer 14: loading 1 expert(s)
[MoE] Layer 15: loading 3 expert(s)
[MoE] Layer 16: loading 3 expert(s)
[MoE] Layer 17: loading 1 expert(s)
[MoE] Layer 20: loading 2 expert(s)
[MoE] Layer 23: loading 1 expert(s)
[MoE] Layer 24: loading 3 expert(s)
[MoE] Layer 25: loading 2 expert(s)
[MoE] Layer 26: loading 2 expert(s)
[MoE] Layer 27: loading 3 expert(s)
[MoE] Layer 28: loading 5 expert(s)
[MoE] Layer 29: loading 6 expert(s)
[MoE] Layer 30: loading 1 expert(s)
[MoE] Layer 31: loading 3 expert(s)
[MoE] Layer 32: loading 2 expert(s)
[MoE] Layer 33: loading 3 expert(s)
[MoE] Layer 34: loading 3 expert(s)
[MoE] Layer 35: loading 2 expert(s)
[MoE] Layer 36: loading 4 expert(s)
[MoE] Layer 37: loading 4 expert(s)
[MoE] Layer 38: loading 1 expert(s)
[MoE] Layer 39: loading 4 expert(s)
[MoE] Layer 40: loading 1 expert(s)
[MoE] Layer 41: loading 6 expert(s)
[MoE] Layer 42: loading 5 expert(s)
[MoE] Layer 43: loading 5 expert(s)
[MoE] Layer 44: loading 4 expert(s)
[MoE] Layer 45: loading 6 expert(s)
[MoE] Layer 46: loading 6 expert(s)
[MoE] Layer 47: loading 4 expert(s)
[MoE] Layer 0: loading 7 expert(s)
[MoE] Layer 1: loading 8 expert(s)
[MoE] Layer 2: loading 8 expert(s)
[MoE] Layer 3: loading 6 expert(s)
[MoE] Layer 4: loading 5 expert(s)
[MoE] Layer 5: loading 8 expert(s)
[MoE] Layer 6: loading 4 expert(s)
[MoE] Layer 7: loading 5 expert(s)
[MoE] Layer 8: loading 6 expert(s)
[MoE] Layer 9: loading 5 expert(s)
[MoE] Layer 10: loading 7 expert(s)
[MoE] Layer 11: loading 6 expert(s)
[MoE] Layer 12: loading 3 expert(s)
[MoE] Layer 13: loading 6 expert(s)
[MoE] Layer 14: loading 7 expert(s)
[MoE] Layer 15: loading 6 expert(s)
[MoE] Layer 16: loading 4 expert(s)
[MoE] Layer 17: loading 4 expert(s)
[MoE] Layer 18: loading 4 expert(s)
[MoE] Layer 19: loading 2 expert(s)
[MoE] Layer 20: loading 4 expert(s)
[MoE] Layer 21: loading 5 expert(s)
[MoE] Layer 22: loading 5 expert(s)
[MoE] Layer 23: loading 4 expert(s)
[MoE] Layer 24: loading 3 expert(s)
[MoE] Layer 25: loading 4 expert(s)
[MoE] Layer 26: loading 5 expert(s)
[MoE] Layer 27: loading 4 expert(s)
[MoE] Layer 28: loading 4 expert(s)
[MoE] Layer 29: loading 7 expert(s)
[MoE] Layer 30: loading 3 expert(s)
[MoE] Layer 31: loading 3 expert(s)
[MoE] Layer 32: loading 7 expert(s)
[MoE] Layer 33: loading 6 expert(s)
[MoE] Layer 34: loading 5 expert(s)
[MoE] Layer 35: loading 5 expert(s)
[MoE] Layer 36: loading 6 expert(s)
[MoE] Layer 37: loading 6 expert(s)
[MoE] Layer 38: loading 5 expert(s)
[MoE] Layer 39: loading 3 expert(s)
[MoE] Layer 40: loading 4 expert(s)
[MoE] Layer 41: loading 6 expert(s)
[MoE] Layer 42: loading 6 expert(s)
[MoE] Layer 43: loading 5 expert(s)
[MoE] Layer 44: loading 5 expert(s)
[MoE] Layer 45: loading 5 expert(s)
[MoE] Layer 46: loading 5 expert(s)
[MoE] Layer 47: loading 6 expert(s)
[MoE] Layer 0: loading 7 expert(s)
[MoE] Layer 1: loading 4 expert(s)
[MoE] Layer 2: loading 4 expert(s)
[MoE] Layer 3: loading 5 expert(s)
[MoE] Layer 4: loading 2 expert(s)
[MoE] Layer 5: loading 4 expert(s)
[MoE] Layer 6: loading 2 expert(s)
[MoE] Layer 7: loading 2 expert(s)
[MoE] Layer 8: loading 5 expert(s)
[MoE] Layer 9: loading 2 expert(s)
[MoE] Layer 10: loading 4 expert(s)
[MoE] Layer 11: loading 5 expert(s)
[MoE] Layer 12: loading 5 expert(s)
[MoE] Layer 13: loading 6 expert(s)
[MoE] Layer 14: loading 6 expert(s)
[MoE] Layer 15: loading 1 expert(s)
[MoE] Layer 16: loading 4 expert(s)
[MoE] Layer 17: loading 5 expert(s)
[MoE] Layer 18: loading 4 expert(s)
[MoE] Layer 19: loading 4 expert(s)
[MoE] Layer 20: loading 6 expert(s)
[MoE] Layer 21: loading 2 expert(s)
[MoE] Layer 22: loading 6 expert(s)
[MoE] Layer 23: loading 6 expert(s)
[MoE] Layer 24: loading 7 expert(s)
[MoE] Layer 25: loading 6 expert(s)
[MoE] Layer 26: loading 5 expert(s)
[MoE] Layer 27: loading 2 expert(s)
[MoE] Layer 28: loading 5 expert(s)
[MoE] Layer 29: loading 5 expert(s)
[MoE] Layer 30: loading 5 expert(s)
[MoE] Layer 31: loading 3 expert(s)
[MoE] Layer 32: loading 5 expert(s)
[MoE] Layer 33: loading 5 expert(s)
[MoE] Layer 34: loading 5 expert(s)
[MoE] Layer 35: loading 5 expert(s)
[MoE] Layer 36: loading 4 expert(s)
[MoE] Layer 37: loading 4 expert(s)
[MoE] Layer 38: loading 4 expert(s)
[MoE] Layer 39: loading 3 expert(s)
[MoE] Layer 40: loading 3 expert(s)
[MoE] Layer 41: loading 6 expert(s)
[MoE] Layer 42: loading 6 expert(s)
[MoE] Layer 43: loading 5 expert(s)
[MoE] Layer 44: loading 5 expert(s)
[MoE] Layer 45: loading 4 expert(s)
[MoE] Layer 46: loading 5 expert(s)
[MoE] Layer 47: loading 5 expert(s)
[MoE] Layer 0: loading 6 expert(s)
[MoE] Layer 1: loading 4 expert(s)
[MoE] Layer 2: loading 1 expert(s)
[MoE] Layer 3: loading 3 expert(s)
[MoE] Layer 4: loading 1 expert(s)
[MoE] Layer 5: loading 1 expert(s)
[MoE] Layer 6: loading 1 expert(s)
[MoE] Layer 7: loading 3 expert(s)
[MoE] Layer 8: loading 2 expert(s)
[MoE] Layer 9: loading 3 expert(s)
[MoE] Layer 10: loading 2 expert(s)
[MoE] Layer 11: loading 2 expert(s)
[MoE] Layer 12: loading 4 expert(s)
[MoE] Layer 13: loading 3 expert(s)
[MoE] Layer 14: loading 2 expert(s)
[MoE] Layer 15: loading 2 expert(s)
[MoE] Layer 16: loading 3 expert(s)
[MoE] Layer 17: loading 1 expert(s)
[MoE] Layer 19: loading 2 expert(s)
[MoE] Layer 20: loading 1 expert(s)
[MoE] Layer 21: loading 2 expert(s)
[MoE] Layer 22: loading 3 expert(s)
[MoE] Layer 23: loading 2 expert(s)
[MoE] Layer 24: loading 2 expert(s)
[MoE] Layer 25: loading 1 expert(s)
[MoE] Layer 26: loading 1 expert(s)
[MoE] Layer 27: loading 2 expert(s)
[MoE] Layer 28: loading 1 expert(s)
[MoE] Layer 29: loading 1 expert(s)
[MoE] Layer 30: loading 3 expert(s)
[MoE] Layer 32: loading 2 expert(s)
[MoE] Layer 33: loading 3 expert(s)
[MoE] Layer 34: loading 1 expert(s)
[MoE] Layer 35: loading 3 expert(s)
[MoE] Layer 36: loading 1 expert(s)
[MoE] Layer 37: loading 2 expert(s)
[MoE] Layer 38: loading 1 expert(s)
[MoE] Layer 39: loading 3 expert(s)
[MoE] Layer 40: loading 2 expert(s)
[MoE] Layer 41: loading 3 expert(s)
[MoE] Layer 42: loading 3 expert(s)
[MoE] Layer 43: loading 3 expert(s)
[MoE] Layer 44: loading 3 expert(s)
[MoE] Layer 45: loading 3 expert(s)
[MoE] Layer 46: loading 1 expert(s)
[MoE] Layer 47: loading 3 expert(s)
[MoE] Layer 0: loading 5 expert(s)
[MoE] Layer 1: loading 5 expert(s)
[MoE] Layer 2: loading 2 expert(s)
[MoE] Layer 3: loading 5 expert(s)
[MoE] Layer 4: loading 4 expert(s)
[MoE] Layer 5: loading 5 expert(s)
[MoE] Layer 6: loading 3 expert(s)
[MoE] Layer 7: loading 3 expert(s)
[MoE] Layer 8: loading 4 expert(s)
[MoE] Layer 9: loading 3 expert(s)
[MoE] Layer 10: loading 4 expert(s)
[MoE] Layer 11: loading 4 expert(s)
[MoE] Layer 12: loading 3 expert(s)
[MoE] Layer 13: loading 2 expert(s)
[MoE] Layer 14: loading 5 expert(s)
[MoE] Layer 15: loading 3 expert(s)
[MoE] Layer 16: loading 3 expert(s)
[MoE] Layer 17: loading 3 expert(s)
[MoE] Layer 18: loading 5 expert(s)
[MoE] Layer 19: loading 3 expert(s)
[MoE] Layer 20: loading 3 expert(s)
[MoE] Layer 21: loading 3 expert(s)
[MoE] Layer 22: loading 5 expert(s)
[MoE] Layer 23: loading 4 expert(s)
[MoE] Layer 24: loading 3 expert(s)
[MoE] Layer 25: loading 3 expert(s)
[MoE] Layer 26: loading 4 expert(s)
[MoE] Layer 27: loading 1 expert(s)
[MoE] Layer 28: loading 2 expert(s)
[MoE] Layer 29: loading 4 expert(s)
[MoE] Layer 30: loading 1 expert(s)
[MoE] Layer 31: loading 1 expert(s)
[MoE] Layer 32: loading 3 expert(s)
[MoE] Layer 33: loading 4 expert(s)
[MoE] Layer 34: loading 4 expert(s)
[MoE] Layer 35: loading 4 expert(s)
[MoE] Layer 36: loading 3 expert(s)
[MoE] Layer 37: loading 3 expert(s)
[MoE] Layer 38: loading 4 expert(s)
[MoE] Layer 39: loading 1 expert(s)
[MoE] Layer 40: loading 3 expert(s)
[MoE] Layer 41: loading 4 expert(s)
[MoE] Layer 42: loading 2 expert(s)
[MoE] Layer 43: loading 3 expert(s)
[MoE] Layer 44: loading 2 expert(s)
[MoE] Layer 45: loading 2 expert(s)
[MoE] Layer 46: loading 1 expert(s)
[MoE] Layer 47: loading 1 expert(s)
[gen 70/99] elapsed=25.5s  TPS=2.749
[MoE] Layer 0: loading 6 expert(s)
[MoE] Layer 1: loading 4 expert(s)
[MoE] Layer 2: loading 2 expert(s)
[MoE] Layer 3: loading 3 expert(s)
[MoE] Layer 4: loading 2 expert(s)
[MoE] Layer 5: loading 3 expert(s)
[MoE] Layer 6: loading 3 expert(s)
[MoE] Layer 8: loading 3 expert(s)
[MoE] Layer 9: loading 3 expert(s)
[MoE] Layer 10: loading 1 expert(s)
[MoE] Layer 11: loading 1 expert(s)
[MoE] Layer 12: loading 2 expert(s)
[MoE] Layer 14: loading 2 expert(s)
[MoE] Layer 15: loading 1 expert(s)
[MoE] Layer 16: loading 2 expert(s)
[MoE] Layer 17: loading 2 expert(s)
[MoE] Layer 19: loading 2 expert(s)
[MoE] Layer 20: loading 3 expert(s)
[MoE] Layer 21: loading 2 expert(s)
[MoE] Layer 22: loading 1 expert(s)
[MoE] Layer 23: loading 3 expert(s)
[MoE] Layer 24: loading 2 expert(s)
[MoE] Layer 25: loading 1 expert(s)
[MoE] Layer 26: loading 1 expert(s)
[MoE] Layer 27: loading 2 expert(s)
[MoE] Layer 29: loading 1 expert(s)
[MoE] Layer 31: loading 1 expert(s)
[MoE] Layer 32: loading 1 expert(s)
[MoE] Layer 33: loading 3 expert(s)
[MoE] Layer 34: loading 2 expert(s)
[MoE] Layer 35: loading 3 expert(s)
[MoE] Layer 36: loading 2 expert(s)
[MoE] Layer 37: loading 2 expert(s)
[MoE] Layer 38: loading 2 expert(s)
[MoE] Layer 39: loading 1 expert(s)
[MoE] Layer 40: loading 1 expert(s)
[MoE] Layer 41: loading 3 expert(s)
[MoE] Layer 42: loading 3 expert(s)
[MoE] Layer 43: loading 4 expert(s)
[MoE] Layer 44: loading 2 expert(s)
[MoE] Layer 45: loading 3 expert(s)
[MoE] Layer 46: loading 5 expert(s)
[MoE] Layer 47: loading 2 expert(s)
[MoE] Layer 0: loading 7 expert(s)
[MoE] Layer 1: loading 4 expert(s)
[MoE] Layer 2: loading 6 expert(s)
[MoE] Layer 3: loading 2 expert(s)
[MoE] Layer 4: loading 4 expert(s)
[MoE] Layer 5: loading 4 expert(s)
[MoE] Layer 6: loading 5 expert(s)
[MoE] Layer 7: loading 3 expert(s)
[MoE] Layer 8: loading 5 expert(s)
[MoE] Layer 9: loading 3 expert(s)
[MoE] Layer 10: loading 3 expert(s)
[MoE] Layer 11: loading 2 expert(s)
[MoE] Layer 12: loading 4 expert(s)
[MoE] Layer 13: loading 4 expert(s)
[MoE] Layer 14: loading 4 expert(s)
[MoE] Layer 15: loading 3 expert(s)
[MoE] Layer 16: loading 4 expert(s)
[MoE] Layer 17: loading 2 expert(s)
[MoE] Layer 18: loading 1 expert(s)
[MoE] Layer 19: loading 1 expert(s)
[MoE] Layer 20: loading 3 expert(s)
[MoE] Layer 21: loading 2 expert(s)
[MoE] Layer 22: loading 4 expert(s)
[MoE] Layer 23: loading 3 expert(s)
[MoE] Layer 24: loading 3 expert(s)
[MoE] Layer 25: loading 4 expert(s)
[MoE] Layer 26: loading 4 expert(s)
[MoE] Layer 27: loading 2 expert(s)
[MoE] Layer 28: loading 3 expert(s)
[MoE] Layer 29: loading 5 expert(s)
[MoE] Layer 30: loading 2 expert(s)
[MoE] Layer 31: loading 2 expert(s)
[MoE] Layer 32: loading 4 expert(s)
[MoE] Layer 33: loading 4 expert(s)
[MoE] Layer 34: loading 4 expert(s)
[MoE] Layer 35: loading 4 expert(s)
[MoE] Layer 36: loading 3 expert(s)
[MoE] Layer 37: loading 3 expert(s)
[MoE] Layer 38: loading 5 expert(s)
[MoE] Layer 39: loading 4 expert(s)
[MoE] Layer 40: loading 2 expert(s)
[MoE] Layer 41: loading 5 expert(s)
[MoE] Layer 42: loading 2 expert(s)
[MoE] Layer 43: loading 4 expert(s)
[MoE] Layer 44: loading 4 expert(s)
[MoE] Layer 45: loading 5 expert(s)
[MoE] Layer 46: loading 2 expert(s)
[MoE] Layer 47: loading 6 expert(s)
[MoE] Layer 0: loading 6 expert(s)
[MoE] Layer 1: loading 5 expert(s)
[MoE] Layer 2: loading 6 expert(s)
[MoE] Layer 3: loading 7 expert(s)
[MoE] Layer 4: loading 3 expert(s)
[MoE] Layer 5: loading 4 expert(s)
[MoE] Layer 6: loading 6 expert(s)
[MoE] Layer 7: loading 6 expert(s)
[MoE] Layer 8: loading 4 expert(s)
[MoE] Layer 9: loading 4 expert(s)
[MoE] Layer 10: loading 5 expert(s)
[MoE] Layer 11: loading 3 expert(s)
[MoE] Layer 12: loading 6 expert(s)
[MoE] Layer 13: loading 4 expert(s)
[MoE] Layer 14: loading 6 expert(s)
[MoE] Layer 15: loading 4 expert(s)
[MoE] Layer 16: loading 4 expert(s)
[MoE] Layer 17: loading 6 expert(s)
[MoE] Layer 18: loading 4 expert(s)
[MoE] Layer 19: loading 5 expert(s)
[MoE] Layer 20: loading 3 expert(s)
[MoE] Layer 21: loading 3 expert(s)
[MoE] Layer 22: loading 5 expert(s)
[MoE] Layer 23: loading 5 expert(s)
[MoE] Layer 24: loading 5 expert(s)
[MoE] Layer 25: loading 6 expert(s)
[MoE] Layer 26: loading 4 expert(s)
[MoE] Layer 27: loading 5 expert(s)
[MoE] Layer 28: loading 4 expert(s)
[MoE] Layer 29: loading 5 expert(s)
[MoE] Layer 30: loading 2 expert(s)
[MoE] Layer 31: loading 4 expert(s)
[MoE] Layer 32: loading 5 expert(s)
[MoE] Layer 33: loading 5 expert(s)
[MoE] Layer 34: loading 5 expert(s)
[MoE] Layer 35: loading 4 expert(s)
[MoE] Layer 36: loading 4 expert(s)
[MoE] Layer 37: loading 4 expert(s)
[MoE] Layer 38: loading 5 expert(s)
[MoE] Layer 39: loading 4 expert(s)
[MoE] Layer 40: loading 4 expert(s)
[MoE] Layer 41: loading 4 expert(s)
[MoE] Layer 42: loading 3 expert(s)
[MoE] Layer 43: loading 2 expert(s)
[MoE] Layer 44: loading 3 expert(s)
[MoE] Layer 45: loading 2 expert(s)
[MoE] Layer 46: loading 1 expert(s)
[MoE] Layer 47: loading 2 expert(s)
[MoE] Layer 0: loading 2 expert(s)
[MoE] Layer 1: loading 3 expert(s)
[MoE] Layer 2: loading 4 expert(s)
[MoE] Layer 3: loading 3 expert(s)
[MoE] Layer 4: loading 1 expert(s)
[MoE] Layer 5: loading 3 expert(s)
[MoE] Layer 6: loading 1 expert(s)
[MoE] Layer 7: loading 1 expert(s)
[MoE] Layer 8: loading 3 expert(s)
[MoE] Layer 9: loading 2 expert(s)
[MoE] Layer 10: loading 1 expert(s)
[MoE] Layer 11: loading 3 expert(s)
[MoE] Layer 12: loading 4 expert(s)
[MoE] Layer 13: loading 3 expert(s)
[MoE] Layer 14: loading 1 expert(s)
[MoE] Layer 15: loading 1 expert(s)
[MoE] Layer 16: loading 2 expert(s)
[MoE] Layer 17: loading 3 expert(s)
[MoE] Layer 18: loading 1 expert(s)
[MoE] Layer 19: loading 2 expert(s)
[MoE] Layer 20: loading 1 expert(s)
[MoE] Layer 21: loading 2 expert(s)
[MoE] Layer 22: loading 5 expert(s)
[MoE] Layer 23: loading 1 expert(s)
[MoE] Layer 24: loading 3 expert(s)
[MoE] Layer 25: loading 6 expert(s)
[MoE] Layer 26: loading 3 expert(s)
[MoE] Layer 27: loading 2 expert(s)
[MoE] Layer 28: loading 2 expert(s)
[MoE] Layer 29: loading 3 expert(s)
[MoE] Layer 31: loading 2 expert(s)
[MoE] Layer 32: loading 2 expert(s)
[MoE] Layer 33: loading 3 expert(s)
[MoE] Layer 34: loading 4 expert(s)
[MoE] Layer 35: loading 4 expert(s)
[MoE] Layer 36: loading 7 expert(s)
[MoE] Layer 37: loading 6 expert(s)
[MoE] Layer 38: loading 4 expert(s)
[MoE] Layer 39: loading 4 expert(s)
[MoE] Layer 40: loading 6 expert(s)
[MoE] Layer 41: loading 5 expert(s)
[MoE] Layer 42: loading 7 expert(s)
[MoE] Layer 43: loading 7 expert(s)
[MoE] Layer 44: loading 4 expert(s)
[MoE] Layer 45: loading 3 expert(s)
[MoE] Layer 46: loading 3 expert(s)
[MoE] Layer 47: loading 3 expert(s)
[MoE] Layer 0: loading 3 expert(s)
[MoE] Layer 1: loading 4 expert(s)
[MoE] Layer 2: loading 2 expert(s)
[MoE] Layer 3: loading 4 expert(s)
[MoE] Layer 4: loading 2 expert(s)
[MoE] Layer 5: loading 1 expert(s)
[MoE] Layer 6: loading 1 expert(s)
[MoE] Layer 7: loading 2 expert(s)
[MoE] Layer 8: loading 3 expert(s)
[MoE] Layer 10: loading 3 expert(s)
[MoE] Layer 11: loading 3 expert(s)
[MoE] Layer 12: loading 1 expert(s)
[MoE] Layer 13: loading 3 expert(s)
[MoE] Layer 15: loading 2 expert(s)
[MoE] Layer 16: loading 3 expert(s)
[MoE] Layer 17: loading 3 expert(s)
[MoE] Layer 18: loading 1 expert(s)
[MoE] Layer 20: loading 2 expert(s)
[MoE] Layer 22: loading 4 expert(s)
[MoE] Layer 23: loading 3 expert(s)
[MoE] Layer 24: loading 4 expert(s)
[MoE] Layer 25: loading 2 expert(s)
[MoE] Layer 26: loading 4 expert(s)
[MoE] Layer 27: loading 2 expert(s)
[MoE] Layer 28: loading 3 expert(s)
[MoE] Layer 29: loading 2 expert(s)
[MoE] Layer 30: loading 5 expert(s)
[MoE] Layer 31: loading 2 expert(s)
[MoE] Layer 32: loading 3 expert(s)
[MoE] Layer 33: loading 3 expert(s)
[MoE] Layer 34: loading 2 expert(s)
[MoE] Layer 35: loading 4 expert(s)
[MoE] Layer 36: loading 4 expert(s)
[MoE] Layer 37: loading 4 expert(s)
[MoE] Layer 38: loading 4 expert(s)
[MoE] Layer 39: loading 3 expert(s)
[MoE] Layer 40: loading 3 expert(s)
[MoE] Layer 41: loading 4 expert(s)
[MoE] Layer 42: loading 2 expert(s)
[MoE] Layer 43: loading 3 expert(s)
[MoE] Layer 44: loading 1 expert(s)
[MoE] Layer 45: loading 2 expert(s)
[MoE] Layer 46: loading 4 expert(s)
[MoE] Layer 47: loading 3 expert(s)
[gen 75/99] elapsed=27.4s  TPS=2.739
[MoE] Layer 0: loading 6 expert(s)
[MoE] Layer 1: loading 5 expert(s)
[MoE] Layer 2: loading 6 expert(s)
[MoE] Layer 3: loading 3 expert(s)
[MoE] Layer 4: loading 2 expert(s)
[MoE] Layer 5: loading 3 expert(s)
[MoE] Layer 6: loading 3 expert(s)
[MoE] Layer 7: loading 3 expert(s)
[MoE] Layer 8: loading 2 expert(s)
[MoE] Layer 9: loading 2 expert(s)
[MoE] Layer 10: loading 5 expert(s)
[MoE] Layer 11: loading 3 expert(s)
[MoE] Layer 12: loading 5 expert(s)
[MoE] Layer 13: loading 3 expert(s)
[MoE] Layer 14: loading 1 expert(s)
[MoE] Layer 15: loading 2 expert(s)
[MoE] Layer 16: loading 4 expert(s)
[MoE] Layer 17: loading 3 expert(s)
[MoE] Layer 18: loading 4 expert(s)
[MoE] Layer 19: loading 3 expert(s)
[MoE] Layer 20: loading 2 expert(s)
[MoE] Layer 21: loading 2 expert(s)
[MoE] Layer 22: loading 4 expert(s)
[MoE] Layer 23: loading 3 expert(s)
[MoE] Layer 24: loading 5 expert(s)
[MoE] Layer 25: loading 5 expert(s)
[MoE] Layer 26: loading 4 expert(s)
[MoE] Layer 27: loading 5 expert(s)
[MoE] Layer 28: loading 3 expert(s)
[MoE] Layer 29: loading 2 expert(s)
[MoE] Layer 30: loading 4 expert(s)
[MoE] Layer 31: loading 4 expert(s)
[MoE] Layer 32: loading 4 expert(s)
[MoE] Layer 33: loading 5 expert(s)
[MoE] Layer 34: loading 5 expert(s)
[MoE] Layer 35: loading 4 expert(s)
[MoE] Layer 36: loading 5 expert(s)
[MoE] Layer 37: loading 4 expert(s)
[MoE] Layer 38: loading 4 expert(s)
[MoE] Layer 39: loading 2 expert(s)
[MoE] Layer 40: loading 2 expert(s)
[MoE] Layer 41: loading 5 expert(s)
[MoE] Layer 42: loading 5 expert(s)
[MoE] Layer 43: loading 4 expert(s)
[MoE] Layer 44: loading 3 expert(s)
[MoE] Layer 45: loading 5 expert(s)
[MoE] Layer 46: loading 6 expert(s)
[MoE] Layer 47: loading 4 expert(s)
[MoE] Layer 0: loading 6 expert(s)
[MoE] Layer 1: loading 4 expert(s)
[MoE] Layer 2: loading 3 expert(s)
[MoE] Layer 3: loading 1 expert(s)
[MoE] Layer 4: loading 3 expert(s)
[MoE] Layer 5: loading 1 expert(s)
[MoE] Layer 6: loading 2 expert(s)
[MoE] Layer 7: loading 3 expert(s)
[MoE] Layer 8: loading 2 expert(s)
[MoE] Layer 9: loading 1 expert(s)
[MoE] Layer 10: loading 2 expert(s)
[MoE] Layer 11: loading 3 expert(s)
[MoE] Layer 12: loading 1 expert(s)
[MoE] Layer 13: loading 3 expert(s)
[MoE] Layer 14: loading 4 expert(s)
[MoE] Layer 15: loading 1 expert(s)
[MoE] Layer 16: loading 4 expert(s)
[MoE] Layer 17: loading 2 expert(s)
[MoE] Layer 18: loading 1 expert(s)
[MoE] Layer 19: loading 1 expert(s)
[MoE] Layer 20: loading 3 expert(s)
[MoE] Layer 21: loading 2 expert(s)
[MoE] Layer 22: loading 3 expert(s)
[MoE] Layer 23: loading 3 expert(s)
[MoE] Layer 24: loading 3 expert(s)
[MoE] Layer 25: loading 1 expert(s)
[MoE] Layer 26: loading 1 expert(s)
[MoE] Layer 27: loading 1 expert(s)
[MoE] Layer 28: loading 3 expert(s)
[MoE] Layer 29: loading 2 expert(s)
[MoE] Layer 30: loading 2 expert(s)
[MoE] Layer 31: loading 1 expert(s)
[MoE] Layer 32: loading 2 expert(s)
[MoE] Layer 33: loading 3 expert(s)
[MoE] Layer 34: loading 3 expert(s)
[MoE] Layer 35: loading 4 expert(s)
[MoE] Layer 36: loading 4 expert(s)
[MoE] Layer 37: loading 5 expert(s)
[MoE] Layer 38: loading 2 expert(s)
[MoE] Layer 39: loading 3 expert(s)
[MoE] Layer 40: loading 2 expert(s)
[MoE] Layer 41: loading 3 expert(s)
[MoE] Layer 42: loading 3 expert(s)
[MoE] Layer 43: loading 3 expert(s)
[MoE] Layer 44: loading 2 expert(s)
[MoE] Layer 45: loading 3 expert(s)
[MoE] Layer 46: loading 3 expert(s)
[MoE] Layer 47: loading 4 expert(s)
[MoE] Layer 0: loading 8 expert(s)
[MoE] Layer 1: loading 4 expert(s)
[MoE] Layer 2: loading 6 expert(s)
[MoE] Layer 3: loading 5 expert(s)
[MoE] Layer 4: loading 4 expert(s)
[MoE] Layer 5: loading 5 expert(s)
[MoE] Layer 6: loading 3 expert(s)
[MoE] Layer 7: loading 2 expert(s)
[MoE] Layer 8: loading 1 expert(s)
[MoE] Layer 9: loading 3 expert(s)
[MoE] Layer 10: loading 4 expert(s)
[MoE] Layer 11: loading 4 expert(s)
[MoE] Layer 12: loading 1 expert(s)
[MoE] Layer 13: loading 1 expert(s)
[MoE] Layer 14: loading 2 expert(s)
[MoE] Layer 15: loading 2 expert(s)
[MoE] Layer 16: loading 2 expert(s)
[MoE] Layer 17: loading 2 expert(s)
[MoE] Layer 22: loading 1 expert(s)
[MoE] Layer 23: loading 4 expert(s)
[MoE] Layer 24: loading 3 expert(s)
[MoE] Layer 25: loading 3 expert(s)
[MoE] Layer 26: loading 2 expert(s)
[MoE] Layer 27: loading 1 expert(s)
[MoE] Layer 28: loading 3 expert(s)
[MoE] Layer 30: loading 3 expert(s)
[MoE] Layer 31: loading 3 expert(s)
[MoE] Layer 32: loading 2 expert(s)
[MoE] Layer 33: loading 2 expert(s)
[MoE] Layer 34: loading 4 expert(s)
[MoE] Layer 35: loading 1 expert(s)
[MoE] Layer 36: loading 2 expert(s)
[MoE] Layer 37: loading 3 expert(s)
[MoE] Layer 38: loading 3 expert(s)
[MoE] Layer 39: loading 2 expert(s)
[MoE] Layer 40: loading 2 expert(s)
[MoE] Layer 41: loading 1 expert(s)
[MoE] Layer 42: loading 4 expert(s)
[MoE] Layer 43: loading 5 expert(s)
[MoE] Layer 44: loading 3 expert(s)
[MoE] Layer 45: loading 2 expert(s)
[MoE] Layer 46: loading 2 expert(s)
[MoE] Layer 47: loading 3 expert(s)
[MoE] Layer 0: loading 6 expert(s)
[MoE] Layer 1: loading 5 expert(s)
[MoE] Layer 2: loading 4 expert(s)
[MoE] Layer 3: loading 2 expert(s)
[MoE] Layer 4: loading 2 expert(s)
[MoE] Layer 5: loading 4 expert(s)
[MoE] Layer 6: loading 1 expert(s)
[MoE] Layer 7: loading 1 expert(s)
[MoE] Layer 8: loading 2 expert(s)
[MoE] Layer 9: loading 2 expert(s)
[MoE] Layer 10: loading 5 expert(s)
[MoE] Layer 11: loading 4 expert(s)
[MoE] Layer 12: loading 4 expert(s)
[MoE] Layer 13: loading 3 expert(s)
[MoE] Layer 14: loading 2 expert(s)
[MoE] Layer 15: loading 2 expert(s)
[MoE] Layer 17: loading 2 expert(s)
[MoE] Layer 18: loading 3 expert(s)
[MoE] Layer 19: loading 1 expert(s)
[MoE] Layer 20: loading 1 expert(s)
[MoE] Layer 21: loading 3 expert(s)
[MoE] Layer 22: loading 2 expert(s)
[MoE] Layer 23: loading 4 expert(s)
[MoE] Layer 24: loading 5 expert(s)
[MoE] Layer 25: loading 5 expert(s)
[MoE] Layer 26: loading 4 expert(s)
[MoE] Layer 27: loading 2 expert(s)
[MoE] Layer 28: loading 3 expert(s)
[MoE] Layer 29: loading 2 expert(s)
[MoE] Layer 30: loading 1 expert(s)
[MoE] Layer 31: loading 3 expert(s)
[MoE] Layer 33: loading 3 expert(s)
[MoE] Layer 34: loading 3 expert(s)
[MoE] Layer 35: loading 4 expert(s)
[MoE] Layer 36: loading 3 expert(s)
[MoE] Layer 37: loading 1 expert(s)
[MoE] Layer 38: loading 1 expert(s)
[MoE] Layer 39: loading 2 expert(s)
[MoE] Layer 40: loading 2 expert(s)
[MoE] Layer 41: loading 2 expert(s)
[MoE] Layer 42: loading 2 expert(s)
[MoE] Layer 43: loading 4 expert(s)
[MoE] Layer 44: loading 3 expert(s)
[MoE] Layer 46: loading 3 expert(s)
[MoE] Layer 47: loading 4 expert(s)
[MoE] Layer 0: loading 5 expert(s)
[MoE] Layer 1: loading 5 expert(s)
[MoE] Layer 2: loading 1 expert(s)
[MoE] Layer 3: loading 2 expert(s)
[MoE] Layer 4: loading 1 expert(s)
[MoE] Layer 5: loading 2 expert(s)
[MoE] Layer 6: loading 1 expert(s)
[MoE] Layer 7: loading 1 expert(s)
[MoE] Layer 8: loading 1 expert(s)
[MoE] Layer 9: loading 2 expert(s)
[MoE] Layer 10: loading 3 expert(s)
[MoE] Layer 11: loading 3 expert(s)
[MoE] Layer 12: loading 4 expert(s)
[MoE] Layer 13: loading 1 expert(s)
[MoE] Layer 14: loading 2 expert(s)
[MoE] Layer 16: loading 4 expert(s)
[MoE] Layer 17: loading 3 expert(s)
[MoE] Layer 19: loading 2 expert(s)
[MoE] Layer 20: loading 3 expert(s)
[MoE] Layer 21: loading 5 expert(s)
[MoE] Layer 22: loading 4 expert(s)
[MoE] Layer 23: loading 5 expert(s)
[MoE] Layer 24: loading 4 expert(s)
[MoE] Layer 25: loading 5 expert(s)
[MoE] Layer 26: loading 2 expert(s)
[MoE] Layer 28: loading 4 expert(s)
[MoE] Layer 29: loading 3 expert(s)
[MoE] Layer 30: loading 4 expert(s)
[MoE] Layer 31: loading 2 expert(s)
[MoE] Layer 32: loading 4 expert(s)
[MoE] Layer 33: loading 3 expert(s)
[MoE] Layer 34: loading 5 expert(s)
[MoE] Layer 35: loading 4 expert(s)
[MoE] Layer 36: loading 6 expert(s)
[MoE] Layer 37: loading 6 expert(s)
[MoE] Layer 38: loading 6 expert(s)
[MoE] Layer 39: loading 5 expert(s)
[MoE] Layer 40: loading 4 expert(s)
[MoE] Layer 41: loading 3 expert(s)
[MoE] Layer 42: loading 6 expert(s)
[MoE] Layer 43: loading 5 expert(s)
[MoE] Layer 44: loading 4 expert(s)
[MoE] Layer 45: loading 6 expert(s)
[MoE] Layer 46: loading 7 expert(s)
[MoE] Layer 47: loading 6 expert(s)
[gen 80/99] elapsed=29.2s  TPS=2.737
[MoE] Layer 0: loading 7 expert(s)
[MoE] Layer 1: loading 8 expert(s)
[MoE] Layer 2: loading 7 expert(s)
[MoE] Layer 3: loading 5 expert(s)
[MoE] Layer 4: loading 5 expert(s)
[MoE] Layer 5: loading 6 expert(s)
[MoE] Layer 6: loading 3 expert(s)
[MoE] Layer 7: loading 5 expert(s)
[MoE] Layer 8: loading 7 expert(s)
[MoE] Layer 9: loading 4 expert(s)
[MoE] Layer 10: loading 5 expert(s)
[MoE] Layer 11: loading 4 expert(s)
[MoE] Layer 12: loading 4 expert(s)
[MoE] Layer 13: loading 6 expert(s)
[MoE] Layer 14: loading 4 expert(s)
[MoE] Layer 15: loading 6 expert(s)
[MoE] Layer 16: loading 4 expert(s)
[MoE] Layer 17: loading 7 expert(s)
[MoE] Layer 18: loading 5 expert(s)
[MoE] Layer 19: loading 3 expert(s)
[MoE] Layer 20: loading 4 expert(s)
[MoE] Layer 21: loading 1 expert(s)
[MoE] Layer 22: loading 3 expert(s)
[MoE] Layer 23: loading 3 expert(s)
[MoE] Layer 24: loading 3 expert(s)
[MoE] Layer 25: loading 5 expert(s)
[MoE] Layer 26: loading 6 expert(s)
[MoE] Layer 27: loading 5 expert(s)
[MoE] Layer 28: loading 5 expert(s)
[MoE] Layer 29: loading 6 expert(s)
[MoE] Layer 30: loading 5 expert(s)
[MoE] Layer 31: loading 3 expert(s)
[MoE] Layer 32: loading 4 expert(s)
[MoE] Layer 33: loading 4 expert(s)
[MoE] Layer 34: loading 5 expert(s)
[MoE] Layer 35: loading 5 expert(s)
[MoE] Layer 36: loading 5 expert(s)
[MoE] Layer 37: loading 6 expert(s)
[MoE] Layer 38: loading 3 expert(s)
[MoE] Layer 39: loading 3 expert(s)
[MoE] Layer 40: loading 6 expert(s)
[MoE] Layer 41: loading 6 expert(s)
[MoE] Layer 42: loading 5 expert(s)
[MoE] Layer 43: loading 5 expert(s)
[MoE] Layer 44: loading 6 expert(s)
[MoE] Layer 45: loading 5 expert(s)
[MoE] Layer 46: loading 4 expert(s)
[MoE] Layer 47: loading 6 expert(s)
[MoE] Layer 0: loading 7 expert(s)
[MoE] Layer 1: loading 5 expert(s)
[MoE] Layer 2: loading 4 expert(s)
[MoE] Layer 3: loading 4 expert(s)
[MoE] Layer 4: loading 4 expert(s)
[MoE] Layer 5: loading 5 expert(s)
[MoE] Layer 6: loading 2 expert(s)
[MoE] Layer 7: loading 1 expert(s)
[MoE] Layer 8: loading 3 expert(s)
[MoE] Layer 9: loading 3 expert(s)
[MoE] Layer 10: loading 4 expert(s)
[MoE] Layer 11: loading 4 expert(s)
[MoE] Layer 12: loading 4 expert(s)
[MoE] Layer 13: loading 5 expert(s)
[MoE] Layer 14: loading 2 expert(s)
[MoE] Layer 15: loading 3 expert(s)
[MoE] Layer 16: loading 3 expert(s)
[MoE] Layer 17: loading 4 expert(s)
[MoE] Layer 18: loading 2 expert(s)
[MoE] Layer 19: loading 1 expert(s)
[MoE] Layer 20: loading 2 expert(s)
[MoE] Layer 21: loading 4 expert(s)
[MoE] Layer 22: loading 1 expert(s)
[MoE] Layer 23: loading 4 expert(s)
[MoE] Layer 24: loading 4 expert(s)
[MoE] Layer 25: loading 4 expert(s)
[MoE] Layer 26: loading 3 expert(s)
[MoE] Layer 27: loading 2 expert(s)
[MoE] Layer 28: loading 3 expert(s)
[MoE] Layer 29: loading 3 expert(s)
[MoE] Layer 30: loading 2 expert(s)
[MoE] Layer 31: loading 3 expert(s)
[MoE] Layer 32: loading 2 expert(s)
[MoE] Layer 33: loading 4 expert(s)
[MoE] Layer 34: loading 4 expert(s)
[MoE] Layer 35: loading 4 expert(s)
[MoE] Layer 36: loading 4 expert(s)
[MoE] Layer 37: loading 5 expert(s)
[MoE] Layer 38: loading 6 expert(s)
[MoE] Layer 39: loading 6 expert(s)
[MoE] Layer 40: loading 6 expert(s)
[MoE] Layer 41: loading 5 expert(s)
[MoE] Layer 42: loading 6 expert(s)
[MoE] Layer 43: loading 6 expert(s)
[MoE] Layer 44: loading 4 expert(s)
[MoE] Layer 45: loading 2 expert(s)
[MoE] Layer 46: loading 7 expert(s)
[MoE] Layer 47: loading 6 expert(s)
[MoE] Layer 0: loading 5 expert(s)
[MoE] Layer 1: loading 7 expert(s)
[MoE] Layer 2: loading 4 expert(s)
[MoE] Layer 3: loading 5 expert(s)
[MoE] Layer 4: loading 3 expert(s)
[MoE] Layer 5: loading 5 expert(s)
[MoE] Layer 6: loading 2 expert(s)
[MoE] Layer 7: loading 2 expert(s)
[MoE] Layer 8: loading 4 expert(s)
[MoE] Layer 9: loading 1 expert(s)
[MoE] Layer 10: loading 5 expert(s)
[MoE] Layer 11: loading 3 expert(s)
[MoE] Layer 12: loading 5 expert(s)
[MoE] Layer 13: loading 5 expert(s)
[MoE] Layer 14: loading 3 expert(s)
[MoE] Layer 15: loading 4 expert(s)
[MoE] Layer 16: loading 4 expert(s)
[MoE] Layer 17: loading 8 expert(s)
[MoE] Layer 18: loading 2 expert(s)
[MoE] Layer 19: loading 2 expert(s)
[MoE] Layer 20: loading 2 expert(s)
[MoE] Layer 21: loading 2 expert(s)
[MoE] Layer 22: loading 3 expert(s)
[MoE] Layer 23: loading 5 expert(s)
[MoE] Layer 24: loading 5 expert(s)
[MoE] Layer 25: loading 4 expert(s)
[MoE] Layer 26: loading 3 expert(s)
[MoE] Layer 27: loading 4 expert(s)
[MoE] Layer 28: loading 3 expert(s)
[MoE] Layer 29: loading 6 expert(s)
[MoE] Layer 30: loading 1 expert(s)
[MoE] Layer 31: loading 2 expert(s)
[MoE] Layer 32: loading 2 expert(s)
[MoE] Layer 33: loading 3 expert(s)
[MoE] Layer 34: loading 1 expert(s)
[MoE] Layer 35: loading 6 expert(s)
[MoE] Layer 36: loading 2 expert(s)
[MoE] Layer 37: loading 3 expert(s)
[MoE] Layer 38: loading 2 expert(s)
[MoE] Layer 39: loading 3 expert(s)
[MoE] Layer 40: loading 4 expert(s)
[MoE] Layer 41: loading 5 expert(s)
[MoE] Layer 42: loading 6 expert(s)
[MoE] Layer 43: loading 4 expert(s)
[MoE] Layer 44: loading 4 expert(s)
[MoE] Layer 45: loading 3 expert(s)
[MoE] Layer 46: loading 4 expert(s)
[MoE] Layer 47: loading 6 expert(s)
[MoE] Layer 0: loading 6 expert(s)
[MoE] Layer 1: loading 5 expert(s)
[MoE] Layer 2: loading 4 expert(s)
[MoE] Layer 3: loading 5 expert(s)
[MoE] Layer 4: loading 6 expert(s)
[MoE] Layer 5: loading 3 expert(s)
[MoE] Layer 6: loading 2 expert(s)
[MoE] Layer 7: loading 1 expert(s)
[MoE] Layer 8: loading 2 expert(s)
[MoE] Layer 9: loading 2 expert(s)
[MoE] Layer 10: loading 2 expert(s)
[MoE] Layer 11: loading 3 expert(s)
[MoE] Layer 12: loading 3 expert(s)
[MoE] Layer 13: loading 2 expert(s)
[MoE] Layer 14: loading 4 expert(s)
[MoE] Layer 15: loading 4 expert(s)
[MoE] Layer 16: loading 3 expert(s)
[MoE] Layer 17: loading 5 expert(s)
[MoE] Layer 19: loading 1 expert(s)
[MoE] Layer 20: loading 2 expert(s)
[MoE] Layer 22: loading 3 expert(s)
[MoE] Layer 23: loading 3 expert(s)
[MoE] Layer 24: loading 3 expert(s)
[MoE] Layer 25: loading 6 expert(s)
[MoE] Layer 26: loading 6 expert(s)
[MoE] Layer 27: loading 2 expert(s)
[MoE] Layer 28: loading 4 expert(s)
[MoE] Layer 29: loading 5 expert(s)
[MoE] Layer 30: loading 2 expert(s)
[MoE] Layer 31: loading 1 expert(s)
[MoE] Layer 32: loading 2 expert(s)
[MoE] Layer 33: loading 2 expert(s)
[MoE] Layer 34: loading 3 expert(s)
[MoE] Layer 35: loading 4 expert(s)
[MoE] Layer 36: loading 5 expert(s)
[MoE] Layer 37: loading 7 expert(s)
[MoE] Layer 38: loading 5 expert(s)
[MoE] Layer 39: loading 3 expert(s)
[MoE] Layer 40: loading 5 expert(s)
[MoE] Layer 41: loading 4 expert(s)
[MoE] Layer 42: loading 6 expert(s)
[MoE] Layer 43: loading 4 expert(s)
[MoE] Layer 44: loading 3 expert(s)
[MoE] Layer 45: loading 2 expert(s)
[MoE] Layer 47: loading 5 expert(s)
[MoE] Layer 0: loading 6 expert(s)
[MoE] Layer 1: loading 3 expert(s)
[MoE] Layer 2: loading 5 expert(s)
[MoE] Layer 3: loading 2 expert(s)
[MoE] Layer 4: loading 2 expert(s)
[MoE] Layer 5: loading 1 expert(s)
[MoE] Layer 6: loading 2 expert(s)
[MoE] Layer 7: loading 1 expert(s)
[MoE] Layer 8: loading 2 expert(s)
[MoE] Layer 9: loading 2 expert(s)
[MoE] Layer 10: loading 3 expert(s)
[MoE] Layer 11: loading 1 expert(s)
[MoE] Layer 12: loading 4 expert(s)
[MoE] Layer 13: loading 3 expert(s)
[MoE] Layer 14: loading 1 expert(s)
[MoE] Layer 15: loading 1 expert(s)
[MoE] Layer 16: loading 4 expert(s)
[MoE] Layer 17: loading 3 expert(s)
[MoE] Layer 18: loading 2 expert(s)
[MoE] Layer 19: loading 1 expert(s)
[MoE] Layer 20: loading 2 expert(s)
[MoE] Layer 22: loading 2 expert(s)
[MoE] Layer 23: loading 2 expert(s)
[MoE] Layer 24: loading 4 expert(s)
[MoE] Layer 25: loading 4 expert(s)
[MoE] Layer 26: loading 3 expert(s)
[MoE] Layer 28: loading 2 expert(s)
[MoE] Layer 29: loading 1 expert(s)
[MoE] Layer 30: loading 1 expert(s)
[MoE] Layer 31: loading 1 expert(s)
[MoE] Layer 32: loading 4 expert(s)
[MoE] Layer 33: loading 2 expert(s)
[MoE] Layer 34: loading 2 expert(s)
[MoE] Layer 35: loading 2 expert(s)
[MoE] Layer 36: loading 3 expert(s)
[MoE] Layer 37: loading 4 expert(s)
[MoE] Layer 38: loading 1 expert(s)
[MoE] Layer 39: loading 1 expert(s)
[MoE] Layer 40: loading 2 expert(s)
[MoE] Layer 41: loading 2 expert(s)
[MoE] Layer 42: loading 3 expert(s)
[MoE] Layer 43: loading 1 expert(s)
[MoE] Layer 44: loading 2 expert(s)
[MoE] Layer 45: loading 2 expert(s)
[MoE] Layer 46: loading 1 expert(s)
[MoE] Layer 47: loading 3 expert(s)
[gen 85/99] elapsed=31.3s  TPS=2.713
[MoE] Layer 0: loading 4 expert(s)
[MoE] Layer 1: loading 5 expert(s)
[MoE] Layer 2: loading 7 expert(s)
[MoE] Layer 3: loading 4 expert(s)
[MoE] Layer 4: loading 3 expert(s)
[MoE] Layer 5: loading 2 expert(s)
[MoE] Layer 6: loading 3 expert(s)
[MoE] Layer 7: loading 3 expert(s)
[MoE] Layer 8: loading 2 expert(s)
[MoE] Layer 9: loading 4 expert(s)
[MoE] Layer 10: loading 2 expert(s)
[MoE] Layer 11: loading 5 expert(s)
[MoE] Layer 12: loading 4 expert(s)
[MoE] Layer 13: loading 4 expert(s)
[MoE] Layer 14: loading 2 expert(s)
[MoE] Layer 15: loading 3 expert(s)
[MoE] Layer 16: loading 1 expert(s)
[MoE] Layer 17: loading 3 expert(s)
[MoE] Layer 18: loading 1 expert(s)
[MoE] Layer 20: loading 3 expert(s)
[MoE] Layer 21: loading 3 expert(s)
[MoE] Layer 22: loading 1 expert(s)
[MoE] Layer 23: loading 3 expert(s)
[MoE] Layer 24: loading 3 expert(s)
[MoE] Layer 25: loading 6 expert(s)
[MoE] Layer 26: loading 3 expert(s)
[MoE] Layer 27: loading 2 expert(s)
[MoE] Layer 28: loading 3 expert(s)
[MoE] Layer 29: loading 3 expert(s)
[MoE] Layer 30: loading 3 expert(s)
[MoE] Layer 31: loading 4 expert(s)
[MoE] Layer 32: loading 1 expert(s)
[MoE] Layer 33: loading 1 expert(s)
[MoE] Layer 34: loading 2 expert(s)
[MoE] Layer 35: loading 4 expert(s)
[MoE] Layer 36: loading 5 expert(s)
[MoE] Layer 37: loading 4 expert(s)
[MoE] Layer 38: loading 6 expert(s)
[MoE] Layer 39: loading 5 expert(s)
[MoE] Layer 40: loading 4 expert(s)
[MoE] Layer 41: loading 5 expert(s)
[MoE] Layer 42: loading 4 expert(s)
[MoE] Layer 43: loading 6 expert(s)
[MoE] Layer 44: loading 3 expert(s)
[MoE] Layer 45: loading 2 expert(s)
[MoE] Layer 46: loading 7 expert(s)
[MoE] Layer 47: loading 7 expert(s)
[MoE] Layer 0: loading 6 expert(s)
[MoE] Layer 1: loading 3 expert(s)
[MoE] Layer 2: loading 4 expert(s)
[MoE] Layer 3: loading 6 expert(s)
[MoE] Layer 4: loading 7 expert(s)
[MoE] Layer 5: loading 3 expert(s)
[MoE] Layer 6: loading 2 expert(s)
[MoE] Layer 7: loading 3 expert(s)
[MoE] Layer 8: loading 2 expert(s)
[MoE] Layer 9: loading 3 expert(s)
[MoE] Layer 10: loading 4 expert(s)
[MoE] Layer 11: loading 3 expert(s)
[MoE] Layer 12: loading 1 expert(s)
[MoE] Layer 13: loading 6 expert(s)
[MoE] Layer 14: loading 4 expert(s)
[MoE] Layer 15: loading 2 expert(s)
[MoE] Layer 16: loading 2 expert(s)
[MoE] Layer 17: loading 6 expert(s)
[MoE] Layer 18: loading 1 expert(s)
[MoE] Layer 19: loading 2 expert(s)
[MoE] Layer 20: loading 5 expert(s)
[MoE] Layer 21: loading 3 expert(s)
[MoE] Layer 22: loading 4 expert(s)
[MoE] Layer 23: loading 6 expert(s)
[MoE] Layer 24: loading 7 expert(s)
[MoE] Layer 25: loading 7 expert(s)
[MoE] Layer 26: loading 6 expert(s)
[MoE] Layer 27: loading 4 expert(s)
[MoE] Layer 28: loading 4 expert(s)
[MoE] Layer 29: loading 5 expert(s)
[MoE] Layer 30: loading 2 expert(s)
[MoE] Layer 31: loading 4 expert(s)
[MoE] Layer 32: loading 4 expert(s)
[MoE] Layer 33: loading 3 expert(s)
[MoE] Layer 34: loading 5 expert(s)
[MoE] Layer 35: loading 3 expert(s)
[MoE] Layer 36: loading 5 expert(s)
[MoE] Layer 37: loading 6 expert(s)
[MoE] Layer 38: loading 3 expert(s)
[MoE] Layer 39: loading 1 expert(s)
[MoE] Layer 40: loading 6 expert(s)
[MoE] Layer 41: loading 8 expert(s)
[MoE] Layer 42: loading 4 expert(s)
[MoE] Layer 43: loading 6 expert(s)
[MoE] Layer 44: loading 7 expert(s)
[MoE] Layer 45: loading 5 expert(s)
[MoE] Layer 46: loading 6 expert(s)
[MoE] Layer 47: loading 3 expert(s)
[MoE] Layer 0: loading 4 expert(s)
[MoE] Layer 1: loading 2 expert(s)
[MoE] Layer 2: loading 4 expert(s)
[MoE] Layer 3: loading 6 expert(s)
[MoE] Layer 4: loading 4 expert(s)
[MoE] Layer 5: loading 1 expert(s)
[MoE] Layer 6: loading 2 expert(s)
[MoE] Layer 7: loading 1 expert(s)
[MoE] Layer 8: loading 4 expert(s)
[MoE] Layer 10: loading 2 expert(s)
[MoE] Layer 11: loading 4 expert(s)
[MoE] Layer 12: loading 2 expert(s)
[MoE] Layer 13: loading 3 expert(s)
[MoE] Layer 14: loading 3 expert(s)
[MoE] Layer 15: loading 2 expert(s)
[MoE] Layer 16: loading 3 expert(s)
[MoE] Layer 17: loading 2 expert(s)
[MoE] Layer 18: loading 1 expert(s)
[MoE] Layer 19: loading 1 expert(s)
[MoE] Layer 20: loading 4 expert(s)
[MoE] Layer 21: loading 3 expert(s)
[MoE] Layer 22: loading 3 expert(s)
[MoE] Layer 23: loading 5 expert(s)
[MoE] Layer 24: loading 4 expert(s)
[MoE] Layer 25: loading 4 expert(s)
[MoE] Layer 26: loading 5 expert(s)
[MoE] Layer 27: loading 4 expert(s)
[MoE] Layer 28: loading 4 expert(s)
[MoE] Layer 29: loading 4 expert(s)
[MoE] Layer 30: loading 1 expert(s)
[MoE] Layer 31: loading 2 expert(s)
[MoE] Layer 32: loading 2 expert(s)
[MoE] Layer 33: loading 5 expert(s)
[MoE] Layer 34: loading 5 expert(s)
[MoE] Layer 35: loading 5 expert(s)
[MoE] Layer 36: loading 5 expert(s)
[MoE] Layer 37: loading 4 expert(s)
[MoE] Layer 38: loading 3 expert(s)
[MoE] Layer 39: loading 4 expert(s)
[MoE] Layer 40: loading 3 expert(s)
[MoE] Layer 41: loading 4 expert(s)
[MoE] Layer 42: loading 5 expert(s)
[MoE] Layer 43: loading 2 expert(s)
[MoE] Layer 44: loading 4 expert(s)
[MoE] Layer 45: loading 2 expert(s)
[MoE] Layer 46: loading 4 expert(s)
[MoE] Layer 47: loading 3 expert(s)
[MoE] Layer 0: loading 5 expert(s)
[MoE] Layer 1: loading 4 expert(s)
[MoE] Layer 2: loading 5 expert(s)
[MoE] Layer 3: loading 3 expert(s)
[MoE] Layer 4: loading 6 expert(s)
[MoE] Layer 5: loading 5 expert(s)
[MoE] Layer 6: loading 2 expert(s)
[MoE] Layer 7: loading 1 expert(s)
[MoE] Layer 8: loading 3 expert(s)
[MoE] Layer 9: loading 1 expert(s)
[MoE] Layer 10: loading 2 expert(s)
[MoE] Layer 11: loading 3 expert(s)
[MoE] Layer 12: loading 1 expert(s)
[MoE] Layer 13: loading 2 expert(s)
[MoE] Layer 14: loading 2 expert(s)
[MoE] Layer 16: loading 5 expert(s)
[MoE] Layer 17: loading 5 expert(s)
[MoE] Layer 18: loading 1 expert(s)
[MoE] Layer 20: loading 1 expert(s)
[MoE] Layer 22: loading 4 expert(s)
[MoE] Layer 23: loading 2 expert(s)
[MoE] Layer 24: loading 3 expert(s)
[MoE] Layer 25: loading 3 expert(s)
[MoE] Layer 26: loading 2 expert(s)
[MoE] Layer 27: loading 3 expert(s)
[MoE] Layer 28: loading 3 expert(s)
[MoE] Layer 29: loading 4 expert(s)
[MoE] Layer 30: loading 2 expert(s)
[MoE] Layer 31: loading 1 expert(s)
[MoE] Layer 32: loading 2 expert(s)
[MoE] Layer 33: loading 1 expert(s)
[MoE] Layer 34: loading 2 expert(s)
[MoE] Layer 35: loading 2 expert(s)
[MoE] Layer 36: loading 2 expert(s)
[MoE] Layer 37: loading 5 expert(s)
[MoE] Layer 38: loading 3 expert(s)
[MoE] Layer 39: loading 2 expert(s)
[MoE] Layer 40: loading 3 expert(s)
[MoE] Layer 41: loading 6 expert(s)
[MoE] Layer 42: loading 4 expert(s)
[MoE] Layer 43: loading 5 expert(s)
[MoE] Layer 44: loading 6 expert(s)
[MoE] Layer 45: loading 7 expert(s)
[MoE] Layer 46: loading 7 expert(s)
[MoE] Layer 47: loading 6 expert(s)
[MoE] Layer 0: loading 4 expert(s)
[MoE] Layer 1: loading 3 expert(s)
[MoE] Layer 2: loading 2 expert(s)
[MoE] Layer 3: loading 4 expert(s)
[MoE] Layer 4: loading 2 expert(s)
[MoE] Layer 5: loading 2 expert(s)
[MoE] Layer 6: loading 1 expert(s)
[MoE] Layer 8: loading 3 expert(s)
[MoE] Layer 9: loading 3 expert(s)
[MoE] Layer 10: loading 1 expert(s)
[MoE] Layer 11: loading 3 expert(s)
[MoE] Layer 12: loading 1 expert(s)
[MoE] Layer 13: loading 5 expert(s)
[MoE] Layer 14: loading 3 expert(s)
[MoE] Layer 15: loading 2 expert(s)
[MoE] Layer 16: loading 3 expert(s)
[MoE] Layer 17: loading 4 expert(s)
[MoE] Layer 18: loading 1 expert(s)
[MoE] Layer 19: loading 2 expert(s)
[MoE] Layer 20: loading 2 expert(s)
[MoE] Layer 21: loading 2 expert(s)
[MoE] Layer 22: loading 3 expert(s)
[MoE] Layer 23: loading 5 expert(s)
[MoE] Layer 24: loading 2 expert(s)
[MoE] Layer 25: loading 3 expert(s)
[MoE] Layer 26: loading 3 expert(s)
[MoE] Layer 27: loading 2 expert(s)
[MoE] Layer 28: loading 4 expert(s)
[MoE] Layer 29: loading 3 expert(s)
[MoE] Layer 30: loading 1 expert(s)
[MoE] Layer 31: loading 2 expert(s)
[MoE] Layer 32: loading 3 expert(s)
[MoE] Layer 33: loading 2 expert(s)
[MoE] Layer 34: loading 5 expert(s)
[MoE] Layer 35: loading 6 expert(s)
[MoE] Layer 36: loading 3 expert(s)
[MoE] Layer 37: loading 5 expert(s)
[MoE] Layer 38: loading 3 expert(s)
[MoE] Layer 39: loading 5 expert(s)
[MoE] Layer 40: loading 4 expert(s)
[MoE] Layer 41: loading 5 expert(s)
[MoE] Layer 42: loading 5 expert(s)
[MoE] Layer 43: loading 6 expert(s)
[MoE] Layer 44: loading 5 expert(s)
[MoE] Layer 45: loading 5 expert(s)
[MoE] Layer 46: loading 4 expert(s)
[MoE] Layer 47: loading 7 expert(s)
[gen 90/99] elapsed=33.4s  TPS=2.697
[MoE] Layer 0: loading 6 expert(s)
[MoE] Layer 1: loading 5 expert(s)
[MoE] Layer 2: loading 5 expert(s)
[MoE] Layer 3: loading 7 expert(s)
[MoE] Layer 4: loading 7 expert(s)
[MoE] Layer 5: loading 5 expert(s)
[MoE] Layer 6: loading 6 expert(s)
[MoE] Layer 7: loading 4 expert(s)
[MoE] Layer 8: loading 5 expert(s)
[MoE] Layer 9: loading 6 expert(s)
[MoE] Layer 10: loading 6 expert(s)
[MoE] Layer 11: loading 5 expert(s)
[MoE] Layer 12: loading 4 expert(s)
[MoE] Layer 13: loading 6 expert(s)
[MoE] Layer 14: loading 3 expert(s)
[MoE] Layer 15: loading 5 expert(s)
[MoE] Layer 16: loading 4 expert(s)
[MoE] Layer 17: loading 4 expert(s)
[MoE] Layer 18: loading 2 expert(s)
[MoE] Layer 19: loading 4 expert(s)
[MoE] Layer 20: loading 3 expert(s)
[MoE] Layer 21: loading 2 expert(s)
[MoE] Layer 22: loading 4 expert(s)
[MoE] Layer 23: loading 7 expert(s)
[MoE] Layer 24: loading 5 expert(s)
[MoE] Layer 25: loading 6 expert(s)
[MoE] Layer 26: loading 4 expert(s)
[MoE] Layer 27: loading 6 expert(s)
[MoE] Layer 28: loading 4 expert(s)
[MoE] Layer 29: loading 6 expert(s)
[MoE] Layer 30: loading 2 expert(s)
[MoE] Layer 31: loading 3 expert(s)
[MoE] Layer 32: loading 4 expert(s)
[MoE] Layer 33: loading 3 expert(s)
[MoE] Layer 34: loading 3 expert(s)
[MoE] Layer 35: loading 6 expert(s)
[MoE] Layer 36: loading 4 expert(s)
[MoE] Layer 37: loading 5 expert(s)
[MoE] Layer 38: loading 4 expert(s)
[MoE] Layer 39: loading 4 expert(s)
[MoE] Layer 40: loading 5 expert(s)
[MoE] Layer 41: loading 5 expert(s)
[MoE] Layer 42: loading 4 expert(s)
[MoE] Layer 43: loading 1 expert(s)
[MoE] Layer 44: loading 3 expert(s)
[MoE] Layer 45: loading 3 expert(s)
[MoE] Layer 46: loading 3 expert(s)
[MoE] Layer 47: loading 4 expert(s)
[MoE] Layer 0: loading 3 expert(s)
[MoE] Layer 1: loading 3 expert(s)
[MoE] Layer 2: loading 3 expert(s)
[MoE] Layer 3: loading 5 expert(s)
[MoE] Layer 4: loading 3 expert(s)
[MoE] Layer 5: loading 1 expert(s)
[MoE] Layer 7: loading 1 expert(s)
[MoE] Layer 8: loading 3 expert(s)
[MoE] Layer 9: loading 2 expert(s)
[MoE] Layer 10: loading 2 expert(s)
[MoE] Layer 11: loading 2 expert(s)
[MoE] Layer 12: loading 3 expert(s)
[MoE] Layer 13: loading 3 expert(s)
[MoE] Layer 14: loading 2 expert(s)
[MoE] Layer 16: loading 2 expert(s)
[MoE] Layer 17: loading 1 expert(s)
[MoE] Layer 18: loading 2 expert(s)
[MoE] Layer 21: loading 1 expert(s)
[MoE] Layer 22: loading 2 expert(s)
[MoE] Layer 23: loading 2 expert(s)
[MoE] Layer 24: loading 2 expert(s)
[MoE] Layer 25: loading 3 expert(s)
[MoE] Layer 26: loading 2 expert(s)
[MoE] Layer 27: loading 2 expert(s)
[MoE] Layer 28: loading 2 expert(s)
[MoE] Layer 29: loading 5 expert(s)
[MoE] Layer 30: loading 4 expert(s)
[MoE] Layer 31: loading 1 expert(s)
[MoE] Layer 32: loading 1 expert(s)
[MoE] Layer 33: loading 2 expert(s)
[MoE] Layer 34: loading 3 expert(s)
[MoE] Layer 35: loading 1 expert(s)
[MoE] Layer 36: loading 2 expert(s)
[MoE] Layer 37: loading 2 expert(s)
[MoE] Layer 38: loading 2 expert(s)
[MoE] Layer 39: loading 2 expert(s)
[MoE] Layer 40: loading 2 expert(s)
[MoE] Layer 41: loading 3 expert(s)
[MoE] Layer 42: loading 2 expert(s)
[MoE] Layer 43: loading 1 expert(s)
[MoE] Layer 45: loading 4 expert(s)
[MoE] Layer 46: loading 6 expert(s)
[MoE] Layer 47: loading 1 expert(s)
[MoE] Layer 0: loading 4 expert(s)
[MoE] Layer 1: loading 4 expert(s)
[MoE] Layer 2: loading 3 expert(s)
[MoE] Layer 3: loading 4 expert(s)
[MoE] Layer 4: loading 4 expert(s)
[MoE] Layer 5: loading 3 expert(s)
[MoE] Layer 6: loading 2 expert(s)
[MoE] Layer 7: loading 4 expert(s)
[MoE] Layer 8: loading 4 expert(s)
[MoE] Layer 9: loading 1 expert(s)
[MoE] Layer 10: loading 4 expert(s)
[MoE] Layer 11: loading 3 expert(s)
[MoE] Layer 12: loading 3 expert(s)
[MoE] Layer 13: loading 5 expert(s)
[MoE] Layer 14: loading 3 expert(s)
[MoE] Layer 15: loading 2 expert(s)
[MoE] Layer 16: loading 2 expert(s)
[MoE] Layer 17: loading 3 expert(s)
[MoE] Layer 18: loading 2 expert(s)
[MoE] Layer 19: loading 2 expert(s)
[MoE] Layer 20: loading 6 expert(s)
[MoE] Layer 21: loading 4 expert(s)
[MoE] Layer 22: loading 5 expert(s)
[MoE] Layer 23: loading 3 expert(s)
[MoE] Layer 24: loading 4 expert(s)
[MoE] Layer 25: loading 6 expert(s)
[MoE] Layer 26: loading 3 expert(s)
[MoE] Layer 27: loading 3 expert(s)
[MoE] Layer 28: loading 3 expert(s)
[MoE] Layer 29: loading 2 expert(s)
[MoE] Layer 30: loading 1 expert(s)
[MoE] Layer 31: loading 2 expert(s)
[MoE] Layer 32: loading 2 expert(s)
[MoE] Layer 33: loading 3 expert(s)
[MoE] Layer 34: loading 1 expert(s)
[MoE] Layer 35: loading 3 expert(s)
[MoE] Layer 36: loading 3 expert(s)
[MoE] Layer 37: loading 1 expert(s)
[MoE] Layer 38: loading 1 expert(s)
[MoE] Layer 40: loading 2 expert(s)
[MoE] Layer 41: loading 2 expert(s)
[MoE] Layer 42: loading 2 expert(s)
[MoE] Layer 43: loading 1 expert(s)
[MoE] Layer 44: loading 1 expert(s)
[MoE] Layer 45: loading 2 expert(s)
[MoE] Layer 46: loading 2 expert(s)
[MoE] Layer 0: loading 1 expert(s)
[MoE] Layer 1: loading 1 expert(s)
[MoE] Layer 3: loading 2 expert(s)
[MoE] Layer 4: loading 1 expert(s)
[MoE] Layer 5: loading 2 expert(s)
[MoE] Layer 7: loading 1 expert(s)
[MoE] Layer 9: loading 1 expert(s)
[MoE] Layer 11: loading 3 expert(s)
[MoE] Layer 12: loading 2 expert(s)
[MoE] Layer 14: loading 2 expert(s)
[MoE] Layer 16: loading 3 expert(s)
[MoE] Layer 17: loading 2 expert(s)
[MoE] Layer 19: loading 1 expert(s)
[MoE] Layer 20: loading 2 expert(s)
[MoE] Layer 21: loading 3 expert(s)
[MoE] Layer 22: loading 2 expert(s)
[MoE] Layer 23: loading 2 expert(s)
[MoE] Layer 24: loading 3 expert(s)
[MoE] Layer 25: loading 2 expert(s)
[MoE] Layer 26: loading 2 expert(s)
[MoE] Layer 27: loading 2 expert(s)
[MoE] Layer 28: loading 3 expert(s)
[MoE] Layer 29: loading 3 expert(s)
[MoE] Layer 30: loading 1 expert(s)
[MoE] Layer 31: loading 1 expert(s)
[MoE] Layer 32: loading 2 expert(s)
[MoE] Layer 33: loading 2 expert(s)
[MoE] Layer 34: loading 1 expert(s)
[MoE] Layer 35: loading 1 expert(s)
[MoE] Layer 36: loading 2 expert(s)
[MoE] Layer 38: loading 1 expert(s)
[MoE] Layer 39: loading 2 expert(s)
[MoE] Layer 40: loading 1 expert(s)
[MoE] Layer 41: loading 1 expert(s)
[MoE] Layer 42: loading 2 expert(s)
[MoE] Layer 43: loading 2 expert(s)
[MoE] Layer 44: loading 1 expert(s)
[MoE] Layer 45: loading 1 expert(s)
[MoE] Layer 46: loading 2 expert(s)
[MoE] Layer 47: loading 1 expert(s)
[MoE] Layer 0: loading 4 expert(s)
[MoE] Layer 1: loading 3 expert(s)
[MoE] Layer 2: loading 2 expert(s)
[MoE] Layer 3: loading 3 expert(s)
[MoE] Layer 4: loading 4 expert(s)
[MoE] Layer 5: loading 1 expert(s)
[MoE] Layer 6: loading 2 expert(s)
[MoE] Layer 7: loading 1 expert(s)
[MoE] Layer 8: loading 2 expert(s)
[MoE] Layer 9: loading 1 expert(s)
[MoE] Layer 10: loading 2 expert(s)
[MoE] Layer 11: loading 2 expert(s)
[MoE] Layer 12: loading 2 expert(s)
[MoE] Layer 13: loading 1 expert(s)
[MoE] Layer 15: loading 1 expert(s)
[MoE] Layer 16: loading 2 expert(s)
[MoE] Layer 17: loading 3 expert(s)
[MoE] Layer 18: loading 1 expert(s)
[MoE] Layer 19: loading 2 expert(s)
[MoE] Layer 20: loading 2 expert(s)
[MoE] Layer 21: loading 3 expert(s)
[MoE] Layer 22: loading 2 expert(s)
[MoE] Layer 24: loading 1 expert(s)
[MoE] Layer 25: loading 1 expert(s)
[MoE] Layer 26: loading 3 expert(s)
[MoE] Layer 27: loading 3 expert(s)
[MoE] Layer 28: loading 2 expert(s)
[MoE] Layer 29: loading 3 expert(s)
[MoE] Layer 30: loading 1 expert(s)
[MoE] Layer 32: loading 2 expert(s)
[MoE] Layer 33: loading 2 expert(s)
[MoE] Layer 34: loading 2 expert(s)
[MoE] Layer 35: loading 2 expert(s)
[MoE] Layer 36: loading 1 expert(s)
[MoE] Layer 37: loading 5 expert(s)
[MoE] Layer 38: loading 2 expert(s)
[MoE] Layer 39: loading 2 expert(s)
[MoE] Layer 40: loading 4 expert(s)
[MoE] Layer 41: loading 4 expert(s)
[MoE] Layer 42: loading 5 expert(s)
[MoE] Layer 43: loading 1 expert(s)
[MoE] Layer 44: loading 4 expert(s)
[MoE] Layer 45: loading 2 expert(s)
[MoE] Layer 46: loading 5 expert(s)
[MoE] Layer 47: loading 6 expert(s)
[gen 95/99] elapsed=35.1s  TPS=2.709
[MoE] Layer 0: loading 5 expert(s)
[MoE] Layer 1: loading 5 expert(s)
[MoE] Layer 2: loading 8 expert(s)
[MoE] Layer 3: loading 7 expert(s)
[MoE] Layer 4: loading 5 expert(s)
[MoE] Layer 5: loading 6 expert(s)
[MoE] Layer 6: loading 4 expert(s)
[MoE] Layer 7: loading 3 expert(s)
[MoE] Layer 8: loading 6 expert(s)
[MoE] Layer 9: loading 6 expert(s)
[MoE] Layer 10: loading 5 expert(s)
[MoE] Layer 11: loading 8 expert(s)
[MoE] Layer 12: loading 2 expert(s)
[MoE] Layer 13: loading 5 expert(s)
[MoE] Layer 14: loading 3 expert(s)
[MoE] Layer 15: loading 2 expert(s)
[MoE] Layer 16: loading 2 expert(s)
[MoE] Layer 17: loading 8 expert(s)
[MoE] Layer 18: loading 4 expert(s)
[MoE] Layer 19: loading 3 expert(s)
[MoE] Layer 20: loading 5 expert(s)
[MoE] Layer 21: loading 5 expert(s)
[MoE] Layer 22: loading 2 expert(s)
[MoE] Layer 23: loading 5 expert(s)
[MoE] Layer 24: loading 4 expert(s)
[MoE] Layer 25: loading 7 expert(s)
[MoE] Layer 26: loading 5 expert(s)
[MoE] Layer 27: loading 3 expert(s)
[MoE] Layer 28: loading 6 expert(s)
[MoE] Layer 29: loading 6 expert(s)
[MoE] Layer 30: loading 3 expert(s)
[MoE] Layer 31: loading 3 expert(s)
[MoE] Layer 32: loading 3 expert(s)
[MoE] Layer 33: loading 4 expert(s)
[MoE] Layer 34: loading 4 expert(s)
[MoE] Layer 35: loading 6 expert(s)
[MoE] Layer 36: loading 5 expert(s)
[MoE] Layer 37: loading 6 expert(s)
[MoE] Layer 38: loading 4 expert(s)
[MoE] Layer 39: loading 5 expert(s)
[MoE] Layer 40: loading 5 expert(s)
[MoE] Layer 41: loading 6 expert(s)
[MoE] Layer 42: loading 3 expert(s)
[MoE] Layer 43: loading 3 expert(s)
[MoE] Layer 44: loading 6 expert(s)
[MoE] Layer 45: loading 4 expert(s)
[MoE] Layer 46: loading 3 expert(s)
[MoE] Layer 47: loading 5 expert(s)
[MoE] Layer 0: loading 8 expert(s)
[MoE] Layer 1: loading 7 expert(s)
[MoE] Layer 2: loading 7 expert(s)
[MoE] Layer 3: loading 6 expert(s)
[MoE] Layer 4: loading 4 expert(s)
[MoE] Layer 5: loading 4 expert(s)
[MoE] Layer 6: loading 3 expert(s)
[MoE] Layer 7: loading 2 expert(s)
[MoE] Layer 8: loading 4 expert(s)
[MoE] Layer 9: loading 3 expert(s)
[MoE] Layer 10: loading 2 expert(s)
[MoE] Layer 11: loading 4 expert(s)
[MoE] Layer 12: loading 4 expert(s)
[MoE] Layer 13: loading 6 expert(s)
[MoE] Layer 14: loading 5 expert(s)
[MoE] Layer 15: loading 2 expert(s)
[MoE] Layer 16: loading 5 expert(s)
[MoE] Layer 17: loading 5 expert(s)
[MoE] Layer 18: loading 2 expert(s)
[MoE] Layer 19: loading 3 expert(s)
[MoE] Layer 20: loading 2 expert(s)
[MoE] Layer 21: loading 3 expert(s)
[MoE] Layer 22: loading 3 expert(s)
[MoE] Layer 23: loading 5 expert(s)
[MoE] Layer 24: loading 3 expert(s)
[MoE] Layer 25: loading 8 expert(s)
[MoE] Layer 26: loading 4 expert(s)
[MoE] Layer 27: loading 3 expert(s)
[MoE] Layer 28: loading 3 expert(s)
[MoE] Layer 29: loading 5 expert(s)
[MoE] Layer 30: loading 1 expert(s)
[MoE] Layer 32: loading 3 expert(s)
[MoE] Layer 33: loading 4 expert(s)
[MoE] Layer 34: loading 3 expert(s)
[MoE] Layer 35: loading 5 expert(s)
[MoE] Layer 36: loading 4 expert(s)
[MoE] Layer 37: loading 6 expert(s)
[MoE] Layer 38: loading 5 expert(s)
[MoE] Layer 39: loading 3 expert(s)
[MoE] Layer 40: loading 4 expert(s)
[MoE] Layer 41: loading 5 expert(s)
[MoE] Layer 42: loading 6 expert(s)
[MoE] Layer 43: loading 5 expert(s)
[MoE] Layer 44: loading 4 expert(s)
[MoE] Layer 45: loading 4 expert(s)
[MoE] Layer 46: loading 3 expert(s)
[MoE] Layer 47: loading 5 expert(s)
[MoE] Layer 0: loading 6 expert(s)
[MoE] Layer 1: loading 8 expert(s)
[MoE] Layer 2: loading 5 expert(s)
[MoE] Layer 3: loading 4 expert(s)
[MoE] Layer 4: loading 3 expert(s)
[MoE] Layer 5: loading 3 expert(s)
[MoE] Layer 6: loading 4 expert(s)
[MoE] Layer 7: loading 1 expert(s)
[MoE] Layer 8: loading 2 expert(s)
[MoE] Layer 9: loading 3 expert(s)
[MoE] Layer 10: loading 2 expert(s)
[MoE] Layer 11: loading 2 expert(s)
[MoE] Layer 12: loading 4 expert(s)
[MoE] Layer 13: loading 5 expert(s)
[MoE] Layer 14: loading 3 expert(s)
[MoE] Layer 15: loading 2 expert(s)
[MoE] Layer 16: loading 4 expert(s)
[MoE] Layer 17: loading 3 expert(s)
[MoE] Layer 18: loading 3 expert(s)
[MoE] Layer 19: loading 2 expert(s)
[MoE] Layer 20: loading 3 expert(s)
[MoE] Layer 21: loading 1 expert(s)
[MoE] Layer 22: loading 2 expert(s)
[MoE] Layer 23: loading 4 expert(s)
[MoE] Layer 24: loading 2 expert(s)
[MoE] Layer 25: loading 4 expert(s)
[MoE] Layer 26: loading 2 expert(s)
[MoE] Layer 27: loading 2 expert(s)
[MoE] Layer 28: loading 1 expert(s)
[MoE] Layer 29: loading 3 expert(s)
[MoE] Layer 30: loading 1 expert(s)
[MoE] Layer 31: loading 1 expert(s)
[MoE] Layer 33: loading 2 expert(s)
[MoE] Layer 34: loading 2 expert(s)
[MoE] Layer 35: loading 2 expert(s)
[MoE] Layer 36: loading 3 expert(s)
[MoE] Layer 37: loading 2 expert(s)
[MoE] Layer 38: loading 2 expert(s)
[MoE] Layer 39: loading 3 expert(s)
[MoE] Layer 40: loading 2 expert(s)
[MoE] Layer 41: loading 1 expert(s)
[MoE] Layer 42: loading 1 expert(s)
[MoE] Layer 44: loading 1 expert(s)
[MoE] Layer 46: loading 1 expert(s)
[MoE] Layer 47: loading 1 expert(s)
[MoE] Layer 0: loading 6 expert(s)
[MoE] Layer 1: loading 5 expert(s)
[MoE] Layer 2: loading 4 expert(s)
[MoE] Layer 3: loading 2 expert(s)
[MoE] Layer 4: loading 6 expert(s)
[MoE] Layer 5: loading 4 expert(s)
[MoE] Layer 6: loading 2 expert(s)
[MoE] Layer 8: loading 3 expert(s)
[MoE] Layer 10: loading 4 expert(s)
[MoE] Layer 11: loading 3 expert(s)
[MoE] Layer 12: loading 2 expert(s)
[MoE] Layer 13: loading 2 expert(s)
[MoE] Layer 14: loading 3 expert(s)
[MoE] Layer 15: loading 3 expert(s)
[MoE] Layer 16: loading 1 expert(s)
[MoE] Layer 17: loading 2 expert(s)
[MoE] Layer 18: loading 2 expert(s)
[MoE] Layer 19: loading 1 expert(s)
[MoE] Layer 20: loading 3 expert(s)
[MoE] Layer 22: loading 3 expert(s)
[MoE] Layer 23: loading 2 expert(s)
[MoE] Layer 24: loading 1 expert(s)
[MoE] Layer 25: loading 4 expert(s)
[MoE] Layer 26: loading 3 expert(s)
[MoE] Layer 27: loading 2 expert(s)
[MoE] Layer 28: loading 2 expert(s)
[MoE] Layer 29: loading 2 expert(s)
[MoE] Layer 31: loading 2 expert(s)
[MoE] Layer 32: loading 1 expert(s)
[MoE] Layer 33: loading 1 expert(s)
[MoE] Layer 34: loading 3 expert(s)
[MoE] Layer 35: loading 2 expert(s)
[MoE] Layer 36: loading 2 expert(s)
[MoE] Layer 37: loading 2 expert(s)
[MoE] Layer 38: loading 2 expert(s)
[MoE] Layer 39: loading 1 expert(s)
[MoE] Layer 40: loading 2 expert(s)
[MoE] Layer 41: loading 3 expert(s)
[MoE] Layer 42: loading 4 expert(s)
[MoE] Layer 43: loading 2 expert(s)
[MoE] Layer 44: loading 1 expert(s)
[MoE] Layer 47: loading 2 expert(s)
Prefill time (summary): 22.679 seconds
Total Generation Time: 36.679 seconds
Average Time per Token: 0.370 seconds

Expert Cache Statistics:
Layer 0: Hits=252, Misses=540, HitRate=31.82%
    Bandwidth: MissLoads=540, AvgLoadTime=1.92ms
Layer 1: Hits=372, Misses=420, HitRate=46.97%
    Bandwidth: MissLoads=420, AvgLoadTime=1.94ms
Layer 2: Hits=416, Misses=376, HitRate=52.53%
    Bandwidth: MissLoads=376, AvgLoadTime=1.99ms
Layer 3: Hits=437, Misses=355, HitRate=55.18%
    Bandwidth: MissLoads=355, AvgLoadTime=2.08ms
Layer 4: Hits=503, Misses=289, HitRate=63.51%
    Bandwidth: MissLoads=289, AvgLoadTime=2.18ms
Layer 5: Hits=465, Misses=327, HitRate=58.71%
    Bandwidth: MissLoads=327, AvgLoadTime=2.20ms
Layer 6: Hits=585, Misses=207, HitRate=73.86%
    Bandwidth: MissLoads=207, AvgLoadTime=2.51ms
Layer 7: Hits=596, Misses=196, HitRate=75.25%
    Bandwidth: MissLoads=196, AvgLoadTime=2.55ms
Layer 8: Hits=542, Misses=250, HitRate=68.43%
    Bandwidth: MissLoads=250, AvgLoadTime=2.34ms
Layer 9: Hits=551, Misses=241, HitRate=69.57%
    Bandwidth: MissLoads=241, AvgLoadTime=2.43ms
Layer 10: Hits=496, Misses=296, HitRate=62.63%
    Bandwidth: MissLoads=296, AvgLoadTime=2.24ms
Layer 11: Hits=470, Misses=322, HitRate=59.34%
    Bandwidth: MissLoads=322, AvgLoadTime=2.10ms
Layer 12: Hits=530, Misses=262, HitRate=66.92%
    Bandwidth: MissLoads=262, AvgLoadTime=2.33ms
Layer 13: Hits=465, Misses=327, HitRate=58.71%
    Bandwidth: MissLoads=327, AvgLoadTime=2.22ms
Layer 14: Hits=492, Misses=300, HitRate=62.12%
    Bandwidth: MissLoads=300, AvgLoadTime=2.20ms
Layer 15: Hits=576, Misses=216, HitRate=72.73%
    Bandwidth: MissLoads=216, AvgLoadTime=2.45ms
Layer 16: Hits=524, Misses=268, HitRate=66.16%
    Bandwidth: MissLoads=268, AvgLoadTime=2.32ms
Layer 17: Hits=508, Misses=284, HitRate=64.14%
    Bandwidth: MissLoads=284, AvgLoadTime=2.25ms
Layer 18: Hits=599, Misses=193, HitRate=75.63%
    Bandwidth: MissLoads=193, AvgLoadTime=2.49ms
Layer 19: Hits=636, Misses=156, HitRate=80.30%
    Bandwidth: MissLoads=156, AvgLoadTime=2.61ms
Layer 20: Hits=576, Misses=216, HitRate=72.73%
    Bandwidth: MissLoads=216, AvgLoadTime=2.42ms
Layer 21: Hits=581, Misses=211, HitRate=73.36%
    Bandwidth: MissLoads=211, AvgLoadTime=2.52ms
Layer 22: Hits=529, Misses=263, HitRate=66.79%
    Bandwidth: MissLoads=263, AvgLoadTime=2.26ms
Layer 23: Hits=496, Misses=296, HitRate=62.63%
    Bandwidth: MissLoads=296, AvgLoadTime=2.18ms
Layer 24: Hits=498, Misses=294, HitRate=62.88%
    Bandwidth: MissLoads=294, AvgLoadTime=2.22ms
Layer 25: Hits=444, Misses=348, HitRate=56.06%
    Bandwidth: MissLoads=348, AvgLoadTime=2.16ms
Layer 26: Hits=480, Misses=312, HitRate=60.61%
    Bandwidth: MissLoads=312, AvgLoadTime=2.12ms
Layer 27: Hits=564, Misses=228, HitRate=71.21%
    Bandwidth: MissLoads=228, AvgLoadTime=2.39ms
Layer 28: Hits=521, Misses=271, HitRate=65.78%
    Bandwidth: MissLoads=271, AvgLoadTime=2.32ms
Layer 29: Hits=477, Misses=315, HitRate=60.23%
    Bandwidth: MissLoads=315, AvgLoadTime=2.21ms
Layer 30: Hits=590, Misses=202, HitRate=74.49%
    Bandwidth: MissLoads=202, AvgLoadTime=2.41ms
Layer 31: Hits=607, Misses=185, HitRate=76.64%
    Bandwidth: MissLoads=185, AvgLoadTime=2.49ms
Layer 32: Hits=554, Misses=238, HitRate=69.95%
    Bandwidth: MissLoads=238, AvgLoadTime=2.36ms
Layer 33: Hits=540, Misses=252, HitRate=68.18%
    Bandwidth: MissLoads=252, AvgLoadTime=2.21ms
Layer 34: Hits=486, Misses=306, HitRate=61.36%
    Bandwidth: MissLoads=306, AvgLoadTime=2.14ms
Layer 35: Hits=461, Misses=331, HitRate=58.21%
    Bandwidth: MissLoads=331, AvgLoadTime=2.03ms
Layer 36: Hits=475, Misses=317, HitRate=59.97%
    Bandwidth: MissLoads=317, AvgLoadTime=2.22ms
Layer 37: Hits=439, Misses=353, HitRate=55.43%
    Bandwidth: MissLoads=353, AvgLoadTime=2.19ms
Layer 38: Hits=504, Misses=288, HitRate=63.64%
    Bandwidth: MissLoads=288, AvgLoadTime=2.29ms
Layer 39: Hits=516, Misses=276, HitRate=65.15%
    Bandwidth: MissLoads=276, AvgLoadTime=2.36ms
Layer 40: Hits=485, Misses=307, HitRate=61.24%
    Bandwidth: MissLoads=307, AvgLoadTime=2.20ms
Layer 41: Hits=423, Misses=369, HitRate=53.41%
    Bandwidth: MissLoads=369, AvgLoadTime=2.21ms
Layer 42: Hits=424, Misses=368, HitRate=53.54%
    Bandwidth: MissLoads=368, AvgLoadTime=2.08ms
Layer 43: Hits=454, Misses=338, HitRate=57.32%
    Bandwidth: MissLoads=338, AvgLoadTime=2.18ms
Layer 44: Hits=502, Misses=290, HitRate=63.38%
    Bandwidth: MissLoads=290, AvgLoadTime=2.12ms
Layer 45: Hits=537, Misses=255, HitRate=67.80%
    Bandwidth: MissLoads=255, AvgLoadTime=2.26ms
Layer 46: Hits=491, Misses=301, HitRate=61.99%
    Bandwidth: MissLoads=301, AvgLoadTime=2.20ms
Layer 47: Hits=389, Misses=403, HitRate=49.12%
    Bandwidth: MissLoads=403, AvgLoadTime=2.15ms
============================================================
============================================================
Initializing Qwen3 30B-A3B AWQ w4a16 quantized model...
============================================================
Loading quantized weights from QuixiAI/Qwen3-30B-A3B-AWQ...
Using saved safetensors: /home/michael/heteroPredict/py/unified_llm_w4a16/model_weights/Qwen3-30B-A3B-AWQ.safetensors
Expert weights dir: /home/michael/heteroPredict/py/unified_llm_w4a16/model_weights/Qwen3-30B-A3B-AWQ_packed  (format: packed)
Using existing attention weights in /home/michael/heteroPredict/py/unified_llm_w4a16/model_weights/Qwen3-30B-A3B-AWQ_unpacked
Weights loaded (expert dir override) in 0.32 seconds
Pre-warming expert cache with 24 experts...
Model initialized successfully!
Set expert cache policy to RANDOM.

Running sweep using prompts from JSON: /tmp/tmpqi1r9lhr.json
Loaded 1 prompts for sweeping.

Processing Prompt 1/1...

============================================================
Generated text only:
============================================================
gle in April. So, the question is, what is the main idea of this article? A. The Iranian Foreign Minister is a very popular person. B. The Iranian Foreign Minister is a very complicated person. C. The Iranian Foreign Minister is a very intelligent person. D. The Iranian Foreign Minister is a very charming person.

Answer: B. The Iranian Foreign Minister is a very complicated person.

The article presents a multifaceted portrait of Mohammad Javad Zarif, highlighting both his public
============================================================

============================================================
Sweep Complete.
Average Time per Token: 0.593646
End-to-End TPS: 1.6845
Cache Stats: Hits=24058, Misses=13958, HitRate=63.28%
Initializing UnifiedLLMW4A16Impl_base
Using NPU config struct.
Configuring NPU (Base):
  Heterogeneity: gpu
  GPU Count: 1
  Debug Verbosity: 1
  Dummy Weights: false
  Warmup: false
  Preload MoE: true
  Minimal PDI: true
[GPU SELECT] Free VRAM ranking: gpu0=28.00/28.00 GiB
[GPU SELECT] Selected GPUs for gpu-count=1: [0]
[GPU MAP] Single-GPU placement on gpu0
UnifiedLLMW4A16 moved to device: cuda:0
Preloading MoE kernels...
MoE kernels preloaded.
UnifiedLLMW4A16 initialized on device: cuda:0 with w4a16 quantization
Loading non-quantized weights from safetensors (mmap): /home/michael/heteroPredict/py/unified_llm_w4a16/model_weights/Qwen3-30B-A3B-AWQ.safetensors
Loaded 243 non-quantized parameters, skipped 0
Loading quantized weights from bins: /home/michael/heteroPredict/py/unified_llm_w4a16/model_weights/Qwen3-30B-A3B-AWQ_unpacked
Pre-warming 24 experts for all layers...
Layer 0: Pre-warming 24 experts.
Layer 0: using packed expert format.
[MoE I/O] Expert weight reads require O_DIRECT (no buffered fallback).
Layer 1: Pre-warming 24 experts.
Layer 1: using packed expert format.
Layer 2: Pre-warming 24 experts.
Layer 2: using packed expert format.
Layer 3: Pre-warming 24 experts.
Layer 3: using packed expert format.
Prewarmed experts for layer 4/48
Layer 4: Pre-warming 24 experts.
Layer 4: using packed expert format.
Layer 5: Pre-warming 24 experts.
Layer 5: using packed expert format.
Layer 6: Pre-warming 24 experts.
Layer 6: using packed expert format.
Layer 7: Pre-warming 24 experts.
Layer 7: using packed expert format.
Prewarmed experts for layer 8/48
Layer 8: Pre-warming 24 experts.
Layer 8: using packed expert format.
Layer 9: Pre-warming 24 experts.
Layer 9: using packed expert format.
Layer 10: Pre-warming 24 experts.
Layer 10: using packed expert format.
Layer 11: Pre-warming 24 experts.
Layer 11: using packed expert format.
Prewarmed experts for layer 12/48
Layer 12: Pre-warming 24 experts.
Layer 12: using packed expert format.
Layer 13: Pre-warming 24 experts.
Layer 13: using packed expert format.
Layer 14: Pre-warming 24 experts.
Layer 14: using packed expert format.
Layer 15: Pre-warming 24 experts.
Layer 15: using packed expert format.
Prewarmed experts for layer 16/48
Layer 16: Pre-warming 24 experts.
Layer 16: using packed expert format.
Layer 17: Pre-warming 24 experts.
Layer 17: using packed expert format.
Layer 18: Pre-warming 24 experts.
Layer 18: using packed expert format.
Layer 19: Pre-warming 24 experts.
Layer 19: using packed expert format.
Prewarmed experts for layer 20/48
Layer 20: Pre-warming 24 experts.
Layer 20: using packed expert format.
Layer 21: Pre-warming 24 experts.
Layer 21: using packed expert format.
Layer 22: Pre-warming 24 experts.
Layer 22: using packed expert format.
Layer 23: Pre-warming 24 experts.
Layer 23: using packed expert format.
Prewarmed experts for layer 24/48
Layer 24: Pre-warming 24 experts.
Layer 24: using packed expert format.
Layer 25: Pre-warming 24 experts.
Layer 25: using packed expert format.
Layer 26: Pre-warming 24 experts.
Layer 26: using packed expert format.
Layer 27: Pre-warming 24 experts.
Layer 27: using packed expert format.
Prewarmed experts for layer 28/48
Layer 28: Pre-warming 24 experts.
Layer 28: using packed expert format.
Layer 29: Pre-warming 24 experts.
Layer 29: using packed expert format.
Layer 30: Pre-warming 24 experts.
Layer 30: using packed expert format.
Layer 31: Pre-warming 24 experts.
Layer 31: using packed expert format.
Prewarmed experts for layer 32/48
Layer 32: Pre-warming 24 experts.
Layer 32: using packed expert format.
Layer 33: Pre-warming 24 experts.
Layer 33: using packed expert format.
Layer 34: Pre-warming 24 experts.
Layer 34: using packed expert format.
Layer 35: Pre-warming 24 experts.
Layer 35: using packed expert format.
Prewarmed experts for layer 36/48
Layer 36: Pre-warming 24 experts.
Layer 36: using packed expert format.
Layer 37: Pre-warming 24 experts.
Layer 37: using packed expert format.
Layer 38: Pre-warming 24 experts.
Layer 38: using packed expert format.
Layer 39: Pre-warming 24 experts.
Layer 39: using packed expert format.
Prewarmed experts for layer 40/48
Layer 40: Pre-warming 24 experts.
Layer 40: using packed expert format.
Layer 41: Pre-warming 24 experts.
Layer 41: using packed expert format.
Layer 42: Pre-warming 24 experts.
Layer 42: using packed expert format.
Layer 43: Pre-warming 24 experts.
Layer 43: using packed expert format.
Prewarmed experts for layer 44/48
Layer 44: Pre-warming 24 experts.
Layer 44: using packed expert format.
Layer 45: Pre-warming 24 experts.
Layer 45: using packed expert format.
Layer 46: Pre-warming 24 experts.
Layer 46: using packed expert format.
Layer 47: Pre-warming 24 experts.
Layer 47: using packed expert format.
Prewarmed experts for layer 48/48
Libtorch input_ids shape: [1, 241]
Skipping warmup.
Prefill time: 15.902 seconds
Generation phase
[MoE] Layer 0: loading 7 expert(s)
[MoE] Layer 1: loading 7 expert(s)
[MoE] Layer 2: loading 5 expert(s)
[MoE] Layer 3: loading 6 expert(s)
[MoE] Layer 4: loading 7 expert(s)
[MoE] Layer 5: loading 5 expert(s)
[MoE] Layer 6: loading 4 expert(s)
[MoE] Layer 7: loading 6 expert(s)
[MoE] Layer 8: loading 3 expert(s)
[MoE] Layer 9: loading 8 expert(s)
[MoE] Layer 10: loading 6 expert(s)
[MoE] Layer 11: loading 5 expert(s)
[MoE] Layer 12: loading 6 expert(s)
[MoE] Layer 13: loading 7 expert(s)
[MoE] Layer 14: loading 4 expert(s)
[MoE] Layer 15: loading 7 expert(s)
[MoE] Layer 16: loading 2 expert(s)
[MoE] Layer 17: loading 7 expert(s)
[MoE] Layer 18: loading 6 expert(s)
[MoE] Layer 19: loading 6 expert(s)
[MoE] Layer 20: loading 3 expert(s)
[MoE] Layer 21: loading 5 expert(s)
[MoE] Layer 22: loading 7 expert(s)
[MoE] Layer 23: loading 5 expert(s)
[MoE] Layer 24: loading 8 expert(s)
[MoE] Layer 25: loading 8 expert(s)
[MoE] Layer 26: loading 6 expert(s)
[MoE] Layer 27: loading 6 expert(s)
[MoE] Layer 28: loading 6 expert(s)
[MoE] Layer 29: loading 6 expert(s)
[MoE] Layer 30: loading 3 expert(s)
[MoE] Layer 31: loading 4 expert(s)
[MoE] Layer 32: loading 6 expert(s)
[MoE] Layer 33: loading 6 expert(s)
[MoE] Layer 34: loading 3 expert(s)
[MoE] Layer 35: loading 4 expert(s)
[MoE] Layer 36: loading 4 expert(s)
[MoE] Layer 37: loading 4 expert(s)
[MoE] Layer 38: loading 6 expert(s)
[MoE] Layer 39: loading 7 expert(s)
[MoE] Layer 40: loading 5 expert(s)
[MoE] Layer 41: loading 7 expert(s)
[MoE] Layer 42: loading 7 expert(s)
[MoE] Layer 43: loading 6 expert(s)
[MoE] Layer 44: loading 4 expert(s)
[MoE] Layer 45: loading 7 expert(s)
[MoE] Layer 46: loading 5 expert(s)
[MoE] Layer 47: loading 3 expert(s)
[MoE] Layer 0: loading 7 expert(s)
[MoE] Layer 1: loading 6 expert(s)
[MoE] Layer 2: loading 5 expert(s)
[MoE] Layer 3: loading 4 expert(s)
[MoE] Layer 4: loading 6 expert(s)
[MoE] Layer 5: loading 5 expert(s)
[MoE] Layer 6: loading 3 expert(s)
[MoE] Layer 7: loading 4 expert(s)
[MoE] Layer 8: loading 4 expert(s)
[MoE] Layer 9: loading 4 expert(s)
[MoE] Layer 10: loading 4 expert(s)
[MoE] Layer 11: loading 5 expert(s)
[MoE] Layer 12: loading 4 expert(s)
[MoE] Layer 13: loading 4 expert(s)
[MoE] Layer 14: loading 4 expert(s)
[MoE] Layer 15: loading 2 expert(s)
[MoE] Layer 16: loading 5 expert(s)
[MoE] Layer 17: loading 5 expert(s)
[MoE] Layer 18: loading 3 expert(s)
[MoE] Layer 19: loading 5 expert(s)
[MoE] Layer 20: loading 2 expert(s)
[MoE] Layer 21: loading 6 expert(s)
[MoE] Layer 22: loading 6 expert(s)
[MoE] Layer 23: loading 7 expert(s)
[MoE] Layer 24: loading 5 expert(s)
[MoE] Layer 25: loading 4 expert(s)
[MoE] Layer 26: loading 4 expert(s)
[MoE] Layer 27: loading 3 expert(s)
[MoE] Layer 28: loading 6 expert(s)
[MoE] Layer 29: loading 6 expert(s)
[MoE] Layer 30: loading 1 expert(s)
[MoE] Layer 31: loading 6 expert(s)
[MoE] Layer 32: loading 3 expert(s)
[MoE] Layer 33: loading 4 expert(s)
[MoE] Layer 34: loading 3 expert(s)
[MoE] Layer 35: loading 4 expert(s)
[MoE] Layer 36: loading 3 expert(s)
[MoE] Layer 37: loading 4 expert(s)
[MoE] Layer 38: loading 3 expert(s)
[MoE] Layer 39: loading 3 expert(s)
[MoE] Layer 40: loading 4 expert(s)
[MoE] Layer 41: loading 3 expert(s)
[MoE] Layer 42: loading 5 expert(s)
[MoE] Layer 43: loading 5 expert(s)
[MoE] Layer 44: loading 5 expert(s)
[MoE] Layer 45: loading 4 expert(s)
[MoE] Layer 46: loading 4 expert(s)
[MoE] Layer 47: loading 4 expert(s)
[MoE] Layer 0: loading 7 expert(s)
[MoE] Layer 1: loading 4 expert(s)
[MoE] Layer 2: loading 4 expert(s)
[MoE] Layer 3: loading 4 expert(s)
[MoE] Layer 4: loading 6 expert(s)
[MoE] Layer 5: loading 5 expert(s)
[MoE] Layer 6: loading 1 expert(s)
[MoE] Layer 7: loading 5 expert(s)
[MoE] Layer 8: loading 6 expert(s)
[MoE] Layer 9: loading 4 expert(s)
[MoE] Layer 10: loading 4 expert(s)
[MoE] Layer 11: loading 2 expert(s)
[MoE] Layer 12: loading 4 expert(s)
[MoE] Layer 13: loading 3 expert(s)
[MoE] Layer 14: loading 3 expert(s)
[MoE] Layer 15: loading 1 expert(s)
[MoE] Layer 16: loading 3 expert(s)
[MoE] Layer 17: loading 3 expert(s)
[MoE] Layer 18: loading 1 expert(s)
[MoE] Layer 19: loading 2 expert(s)
[MoE] Layer 20: loading 2 expert(s)
[MoE] Layer 21: loading 4 expert(s)
[MoE] Layer 22: loading 2 expert(s)
[MoE] Layer 23: loading 2 expert(s)
[MoE] Layer 24: loading 3 expert(s)
[MoE] Layer 25: loading 3 expert(s)
[MoE] Layer 26: loading 3 expert(s)
[MoE] Layer 27: loading 2 expert(s)
[MoE] Layer 28: loading 2 expert(s)
[MoE] Layer 29: loading 3 expert(s)
[MoE] Layer 30: loading 1 expert(s)
[MoE] Layer 31: loading 3 expert(s)
[MoE] Layer 32: loading 4 expert(s)
[MoE] Layer 33: loading 2 expert(s)
[MoE] Layer 34: loading 2 expert(s)
[MoE] Layer 35: loading 1 expert(s)
[MoE] Layer 36: loading 4 expert(s)
[MoE] Layer 37: loading 3 expert(s)
[MoE] Layer 38: loading 2 expert(s)
[MoE] Layer 39: loading 1 expert(s)
[MoE] Layer 40: loading 3 expert(s)
[MoE] Layer 41: loading 1 expert(s)
[MoE] Layer 42: loading 3 expert(s)
[MoE] Layer 43: loading 1 expert(s)
[MoE] Layer 44: loading 1 expert(s)
[MoE] Layer 46: loading 1 expert(s)
[MoE] Layer 47: loading 3 expert(s)
[MoE] Layer 0: loading 5 expert(s)
[MoE] Layer 1: loading 3 expert(s)
[MoE] Layer 2: loading 2 expert(s)
[MoE] Layer 3: loading 5 expert(s)
[MoE] Layer 4: loading 2 expert(s)
[MoE] Layer 5: loading 2 expert(s)
[MoE] Layer 6: loading 1 expert(s)
[MoE] Layer 7: loading 2 expert(s)
[MoE] Layer 8: loading 1 expert(s)
[MoE] Layer 9: loading 2 expert(s)
[MoE] Layer 10: loading 2 expert(s)
[MoE] Layer 11: loading 2 expert(s)
[MoE] Layer 12: loading 3 expert(s)
[MoE] Layer 13: loading 1 expert(s)
[MoE] Layer 15: loading 1 expert(s)
[MoE] Layer 16: loading 2 expert(s)
[MoE] Layer 17: loading 2 expert(s)
[MoE] Layer 18: loading 2 expert(s)
[MoE] Layer 19: loading 1 expert(s)
[MoE] Layer 20: loading 1 expert(s)
[MoE] Layer 21: loading 3 expert(s)
[MoE] Layer 22: loading 2 expert(s)
[MoE] Layer 23: loading 1 expert(s)
[MoE] Layer 24: loading 1 expert(s)
[MoE] Layer 25: loading 1 expert(s)
[MoE] Layer 26: loading 2 expert(s)
[MoE] Layer 27: loading 1 expert(s)
[MoE] Layer 28: loading 2 expert(s)
[MoE] Layer 29: loading 1 expert(s)
[MoE] Layer 31: loading 2 expert(s)
[MoE] Layer 32: loading 1 expert(s)
[MoE] Layer 33: loading 2 expert(s)
[MoE] Layer 35: loading 1 expert(s)
[MoE] Layer 36: loading 2 expert(s)
[MoE] Layer 37: loading 1 expert(s)
[MoE] Layer 40: loading 1 expert(s)
[MoE] Layer 41: loading 1 expert(s)
[MoE] Layer 42: loading 2 expert(s)
[MoE] Layer 43: loading 2 expert(s)
[MoE] Layer 44: loading 3 expert(s)
[MoE] Layer 45: loading 2 expert(s)
[MoE] Layer 46: loading 3 expert(s)
[MoE] Layer 47: loading 5 expert(s)
[MoE] Layer 0: loading 7 expert(s)
[MoE] Layer 1: loading 3 expert(s)
[MoE] Layer 2: loading 6 expert(s)
[MoE] Layer 3: loading 4 expert(s)
[MoE] Layer 4: loading 4 expert(s)
[MoE] Layer 5: loading 2 expert(s)
[MoE] Layer 6: loading 2 expert(s)
[MoE] Layer 7: loading 1 expert(s)
[MoE] Layer 8: loading 2 expert(s)
[MoE] Layer 10: loading 4 expert(s)
[MoE] Layer 11: loading 2 expert(s)
[MoE] Layer 12: loading 2 expert(s)
[MoE] Layer 13: loading 3 expert(s)
[MoE] Layer 14: loading 3 expert(s)
[MoE] Layer 15: loading 3 expert(s)
[MoE] Layer 16: loading 4 expert(s)
[MoE] Layer 17: loading 3 expert(s)
[MoE] Layer 18: loading 1 expert(s)
[MoE] Layer 19: loading 1 expert(s)
[MoE] Layer 21: loading 2 expert(s)
[MoE] Layer 22: loading 1 expert(s)
[MoE] Layer 23: loading 1 expert(s)
[MoE] Layer 24: loading 1 expert(s)
[MoE] Layer 25: loading 3 expert(s)
[MoE] Layer 26: loading 1 expert(s)
[MoE] Layer 27: loading 1 expert(s)
[MoE] Layer 28: loading 1 expert(s)
[MoE] Layer 29: loading 3 expert(s)
[MoE] Layer 30: loading 3 expert(s)
[MoE] Layer 32: loading 2 expert(s)
[MoE] Layer 33: loading 1 expert(s)
[MoE] Layer 35: loading 2 expert(s)
[MoE] Layer 36: loading 1 expert(s)
[MoE] Layer 37: loading 3 expert(s)
[MoE] Layer 38: loading 4 expert(s)
[MoE] Layer 39: loading 1 expert(s)
[MoE] Layer 40: loading 4 expert(s)
[MoE] Layer 41: loading 5 expert(s)
[MoE] Layer 42: loading 6 expert(s)
[MoE] Layer 43: loading 2 expert(s)
[MoE] Layer 44: loading 2 expert(s)
[MoE] Layer 45: loading 2 expert(s)
[MoE] Layer 46: loading 3 expert(s)
[MoE] Layer 47: loading 4 expert(s)
[gen 5/99] elapsed=3.8s  TPS=1.317
[MoE] Layer 0: loading 5 expert(s)
[MoE] Layer 1: loading 7 expert(s)
[MoE] Layer 2: loading 3 expert(s)
[MoE] Layer 3: loading 4 expert(s)
[MoE] Layer 4: loading 4 expert(s)
[MoE] Layer 5: loading 3 expert(s)
[MoE] Layer 6: loading 1 expert(s)
[MoE] Layer 7: loading 1 expert(s)
[MoE] Layer 9: loading 1 expert(s)
[MoE] Layer 10: loading 2 expert(s)
[MoE] Layer 11: loading 2 expert(s)
[MoE] Layer 12: loading 4 expert(s)
[MoE] Layer 13: loading 2 expert(s)
[MoE] Layer 14: loading 1 expert(s)
[MoE] Layer 15: loading 2 expert(s)
[MoE] Layer 16: loading 1 expert(s)
[MoE] Layer 17: loading 1 expert(s)
[MoE] Layer 18: loading 2 expert(s)
[MoE] Layer 19: loading 2 expert(s)
[MoE] Layer 20: loading 1 expert(s)
[MoE] Layer 21: loading 2 expert(s)
[MoE] Layer 22: loading 3 expert(s)
[MoE] Layer 23: loading 2 expert(s)
[MoE] Layer 24: loading 2 expert(s)
[MoE] Layer 25: loading 3 expert(s)
[MoE] Layer 26: loading 2 expert(s)
[MoE] Layer 27: loading 4 expert(s)
[MoE] Layer 28: loading 1 expert(s)
[MoE] Layer 29: loading 2 expert(s)
[MoE] Layer 30: loading 2 expert(s)
[MoE] Layer 33: loading 1 expert(s)
[MoE] Layer 34: loading 1 expert(s)
[MoE] Layer 35: loading 3 expert(s)
[MoE] Layer 36: loading 3 expert(s)
[MoE] Layer 37: loading 3 expert(s)
[MoE] Layer 38: loading 2 expert(s)
[MoE] Layer 39: loading 3 expert(s)
[MoE] Layer 40: loading 1 expert(s)
[MoE] Layer 42: loading 1 expert(s)
[MoE] Layer 43: loading 1 expert(s)
[MoE] Layer 44: loading 1 expert(s)
[MoE] Layer 45: loading 1 expert(s)
[MoE] Layer 46: loading 1 expert(s)
[MoE] Layer 47: loading 1 expert(s)
[MoE] Layer 0: loading 4 expert(s)
[MoE] Layer 1: loading 5 expert(s)
[MoE] Layer 2: loading 3 expert(s)
[MoE] Layer 3: loading 3 expert(s)
[MoE] Layer 4: loading 2 expert(s)
[MoE] Layer 5: loading 2 expert(s)
[MoE] Layer 6: loading 3 expert(s)
[MoE] Layer 7: loading 1 expert(s)
[MoE] Layer 8: loading 1 expert(s)
[MoE] Layer 10: loading 1 expert(s)
[MoE] Layer 11: loading 3 expert(s)
[MoE] Layer 12: loading 4 expert(s)
[MoE] Layer 13: loading 6 expert(s)
[MoE] Layer 14: loading 2 expert(s)
[MoE] Layer 15: loading 3 expert(s)
[MoE] Layer 16: loading 4 expert(s)
[MoE] Layer 17: loading 3 expert(s)
[MoE] Layer 18: loading 2 expert(s)
[MoE] Layer 19: loading 1 expert(s)
[MoE] Layer 20: loading 2 expert(s)
[MoE] Layer 21: loading 2 expert(s)
[MoE] Layer 22: loading 2 expert(s)
[MoE] Layer 23: loading 2 expert(s)
[MoE] Layer 24: loading 2 expert(s)
[MoE] Layer 25: loading 5 expert(s)
[MoE] Layer 26: loading 2 expert(s)
[MoE] Layer 27: loading 3 expert(s)
[MoE] Layer 28: loading 3 expert(s)
[MoE] Layer 29: loading 3 expert(s)
[MoE] Layer 30: loading 2 expert(s)
[MoE] Layer 31: loading 1 expert(s)
[MoE] Layer 32: loading 2 expert(s)
[MoE] Layer 33: loading 3 expert(s)
[MoE] Layer 34: loading 2 expert(s)
[MoE] Layer 35: loading 5 expert(s)
[MoE] Layer 36: loading 2 expert(s)
[MoE] Layer 37: loading 4 expert(s)
[MoE] Layer 38: loading 2 expert(s)
[MoE] Layer 39: loading 3 expert(s)
[MoE] Layer 40: loading 2 expert(s)
[MoE] Layer 41: loading 4 expert(s)
[MoE] Layer 42: loading 4 expert(s)
[MoE] Layer 43: loading 3 expert(s)
[MoE] Layer 44: loading 4 expert(s)
[MoE] Layer 45: loading 3 expert(s)
[MoE] Layer 46: loading 2 expert(s)
[MoE] Layer 47: loading 4 expert(s)
[MoE] Layer 0: loading 7 expert(s)
[MoE] Layer 1: loading 4 expert(s)
[MoE] Layer 2: loading 3 expert(s)
[MoE] Layer 3: loading 2 expert(s)
[MoE] Layer 4: loading 4 expert(s)
[MoE] Layer 5: loading 3 expert(s)
[MoE] Layer 7: loading 1 expert(s)
[MoE] Layer 8: loading 3 expert(s)
[MoE] Layer 9: loading 2 expert(s)
[MoE] Layer 10: loading 1 expert(s)
[MoE] Layer 11: loading 2 expert(s)
[MoE] Layer 12: loading 3 expert(s)
[MoE] Layer 13: loading 4 expert(s)
[MoE] Layer 15: loading 2 expert(s)
[MoE] Layer 16: loading 3 expert(s)
[MoE] Layer 17: loading 3 expert(s)
[MoE] Layer 18: loading 1 expert(s)
[MoE] Layer 20: loading 3 expert(s)
[MoE] Layer 21: loading 1 expert(s)
[MoE] Layer 22: loading 2 expert(s)
[MoE] Layer 23: loading 2 expert(s)
[MoE] Layer 24: loading 3 expert(s)
[MoE] Layer 25: loading 3 expert(s)
[MoE] Layer 26: loading 2 expert(s)
[MoE] Layer 27: loading 2 expert(s)
[MoE] Layer 28: loading 1 expert(s)
[MoE] Layer 29: loading 2 expert(s)
[MoE] Layer 30: loading 3 expert(s)
[MoE] Layer 31: loading 1 expert(s)
[MoE] Layer 32: loading 2 expert(s)
[MoE] Layer 34: loading 1 expert(s)
[MoE] Layer 35: loading 3 expert(s)
[MoE] Layer 36: loading 1 expert(s)
[MoE] Layer 37: loading 6 expert(s)
[MoE] Layer 38: loading 2 expert(s)
[MoE] Layer 39: loading 3 expert(s)
[MoE] Layer 40: loading 3 expert(s)
[MoE] Layer 41: loading 4 expert(s)
[MoE] Layer 42: loading 2 expert(s)
[MoE] Layer 43: loading 3 expert(s)
[MoE] Layer 44: loading 1 expert(s)
[MoE] Layer 45: loading 1 expert(s)
[MoE] Layer 46: loading 1 expert(s)
[MoE] Layer 47: loading 7 expert(s)
[MoE] Layer 0: loading 8 expert(s)
[MoE] Layer 1: loading 4 expert(s)
[MoE] Layer 2: loading 5 expert(s)
[MoE] Layer 3: loading 4 expert(s)
[MoE] Layer 4: loading 2 expert(s)
[MoE] Layer 5: loading 2 expert(s)
[MoE] Layer 6: loading 1 expert(s)
[MoE] Layer 7: loading 2 expert(s)
[MoE] Layer 8: loading 2 expert(s)
[MoE] Layer 10: loading 1 expert(s)
[MoE] Layer 11: loading 2 expert(s)
[MoE] Layer 12: loading 3 expert(s)
[MoE] Layer 13: loading 3 expert(s)
[MoE] Layer 14: loading 2 expert(s)
[MoE] Layer 15: loading 3 expert(s)
[MoE] Layer 16: loading 2 expert(s)
[MoE] Layer 17: loading 3 expert(s)
[MoE] Layer 18: loading 1 expert(s)
[MoE] Layer 19: loading 2 expert(s)
[MoE] Layer 20: loading 1 expert(s)
[MoE] Layer 22: loading 2 expert(s)
[MoE] Layer 23: loading 2 expert(s)
[MoE] Layer 24: loading 2 expert(s)
[MoE] Layer 25: loading 6 expert(s)
[MoE] Layer 26: loading 2 expert(s)
[MoE] Layer 27: loading 1 expert(s)
[MoE] Layer 28: loading 2 expert(s)
[MoE] Layer 29: loading 2 expert(s)
[MoE] Layer 31: loading 1 expert(s)
[MoE] Layer 33: loading 2 expert(s)
[MoE] Layer 34: loading 2 expert(s)
[MoE] Layer 35: loading 3 expert(s)
[MoE] Layer 36: loading 2 expert(s)
[MoE] Layer 37: loading 5 expert(s)
[MoE] Layer 38: loading 3 expert(s)
[MoE] Layer 39: loading 2 expert(s)
[MoE] Layer 40: loading 2 expert(s)
[MoE] Layer 41: loading 2 expert(s)
[MoE] Layer 42: loading 3 expert(s)
[MoE] Layer 43: loading 1 expert(s)
[MoE] Layer 44: loading 2 expert(s)
[MoE] Layer 45: loading 1 expert(s)
[MoE] Layer 46: loading 2 expert(s)
[MoE] Layer 47: loading 5 expert(s)
[MoE] Layer 0: loading 7 expert(s)
[MoE] Layer 1: loading 4 expert(s)
[MoE] Layer 2: loading 4 expert(s)
[MoE] Layer 3: loading 4 expert(s)
[MoE] Layer 4: loading 2 expert(s)
[MoE] Layer 5: loading 2 expert(s)
[MoE] Layer 6: loading 1 expert(s)
[MoE] Layer 7: loading 1 expert(s)
[MoE] Layer 8: loading 1 expert(s)
[MoE] Layer 10: loading 1 expert(s)
[MoE] Layer 11: loading 2 expert(s)
[MoE] Layer 13: loading 2 expert(s)
[MoE] Layer 14: loading 1 expert(s)
[MoE] Layer 15: loading 2 expert(s)
[MoE] Layer 16: loading 2 expert(s)
[MoE] Layer 17: loading 2 expert(s)
[MoE] Layer 18: loading 1 expert(s)
[MoE] Layer 19: loading 2 expert(s)
[MoE] Layer 21: loading 2 expert(s)
[MoE] Layer 22: loading 3 expert(s)
[MoE] Layer 23: loading 1 expert(s)
[MoE] Layer 24: loading 2 expert(s)
[MoE] Layer 26: loading 1 expert(s)
[MoE] Layer 28: loading 1 expert(s)
[MoE] Layer 29: loading 2 expert(s)
[MoE] Layer 30: loading 1 expert(s)
[MoE] Layer 31: loading 1 expert(s)
[MoE] Layer 32: loading 2 expert(s)
[MoE] Layer 33: loading 1 expert(s)
[MoE] Layer 34: loading 2 expert(s)
[MoE] Layer 35: loading 2 expert(s)
[MoE] Layer 36: loading 1 expert(s)
[MoE] Layer 37: loading 2 expert(s)
[MoE] Layer 40: loading 1 expert(s)
[MoE] Layer 41: loading 2 expert(s)
[MoE] Layer 42: loading 3 expert(s)
[MoE] Layer 44: loading 2 expert(s)
[MoE] Layer 47: loading 1 expert(s)
[gen 10/99] elapsed=6.9s  TPS=1.458
[MoE] Layer 0: loading 3 expert(s)
[MoE] Layer 1: loading 4 expert(s)
[MoE] Layer 2: loading 4 expert(s)
[MoE] Layer 3: loading 3 expert(s)
[MoE] Layer 4: loading 1 expert(s)
[MoE] Layer 5: loading 4 expert(s)
[MoE] Layer 6: loading 1 expert(s)
[MoE] Layer 7: loading 1 expert(s)
[MoE] Layer 8: loading 2 expert(s)
[MoE] Layer 9: loading 1 expert(s)
[MoE] Layer 10: loading 1 expert(s)
[MoE] Layer 11: loading 4 expert(s)
[MoE] Layer 12: loading 1 expert(s)
[MoE] Layer 13: loading 1 expert(s)
[MoE] Layer 14: loading 1 expert(s)
[MoE] Layer 15: loading 1 expert(s)
[MoE] Layer 16: loading 1 expert(s)
[MoE] Layer 17: loading 2 expert(s)
[MoE] Layer 18: loading 1 expert(s)
[MoE] Layer 19: loading 1 expert(s)
[MoE] Layer 20: loading 2 expert(s)
[MoE] Layer 22: loading 2 expert(s)
[MoE] Layer 23: loading 1 expert(s)
[MoE] Layer 24: loading 1 expert(s)
[MoE] Layer 25: loading 3 expert(s)
[MoE] Layer 27: loading 3 expert(s)
[MoE] Layer 28: loading 2 expert(s)
[MoE] Layer 29: loading 3 expert(s)
[MoE] Layer 30: loading 1 expert(s)
[MoE] Layer 31: loading 1 expert(s)
[MoE] Layer 32: loading 2 expert(s)
[MoE] Layer 34: loading 3 expert(s)
[MoE] Layer 37: loading 3 expert(s)
[MoE] Layer 38: loading 2 expert(s)
[MoE] Layer 39: loading 1 expert(s)
[MoE] Layer 40: loading 2 expert(s)
[MoE] Layer 41: loading 4 expert(s)
[MoE] Layer 42: loading 5 expert(s)
[MoE] Layer 43: loading 2 expert(s)
[MoE] Layer 44: loading 1 expert(s)
[MoE] Layer 45: loading 1 expert(s)
[MoE] Layer 46: loading 1 expert(s)
[MoE] Layer 47: loading 4 expert(s)
[MoE] Layer 0: loading 6 expert(s)
[MoE] Layer 1: loading 8 expert(s)
[MoE] Layer 2: loading 2 expert(s)
[MoE] Layer 3: loading 4 expert(s)
[MoE] Layer 4: loading 2 expert(s)
[MoE] Layer 5: loading 2 expert(s)
[MoE] Layer 7: loading 3 expert(s)
[MoE] Layer 8: loading 4 expert(s)
[MoE] Layer 9: loading 2 expert(s)
[MoE] Layer 10: loading 4 expert(s)
[MoE] Layer 11: loading 3 expert(s)
[MoE] Layer 12: loading 2 expert(s)
[MoE] Layer 13: loading 6 expert(s)
[MoE] Layer 14: loading 3 expert(s)
[MoE] Layer 15: loading 3 expert(s)
[MoE] Layer 16: loading 3 expert(s)
[MoE] Layer 17: loading 4 expert(s)
[MoE] Layer 19: loading 1 expert(s)
[MoE] Layer 20: loading 1 expert(s)
[MoE] Layer 21: loading 3 expert(s)
[MoE] Layer 22: loading 1 expert(s)
[MoE] Layer 23: loading 3 expert(s)
[MoE] Layer 24: loading 3 expert(s)
[MoE] Layer 25: loading 3 expert(s)
[MoE] Layer 26: loading 3 expert(s)
[MoE] Layer 27: loading 6 expert(s)
[MoE] Layer 28: loading 7 expert(s)
[MoE] Layer 29: loading 5 expert(s)
[MoE] Layer 32: loading 1 expert(s)
[MoE] Layer 33: loading 3 expert(s)
[MoE] Layer 34: loading 3 expert(s)
[MoE] Layer 35: loading 5 expert(s)
[MoE] Layer 36: loading 4 expert(s)
[MoE] Layer 37: loading 2 expert(s)
[MoE] Layer 38: loading 3 expert(s)
[MoE] Layer 39: loading 3 expert(s)
[MoE] Layer 40: loading 2 expert(s)
[MoE] Layer 41: loading 5 expert(s)
[MoE] Layer 42: loading 4 expert(s)
[MoE] Layer 43: loading 2 expert(s)
[MoE] Layer 44: loading 2 expert(s)
[MoE] Layer 45: loading 3 expert(s)
[MoE] Layer 46: loading 3 expert(s)
[MoE] Layer 47: loading 5 expert(s)
[MoE] Layer 0: loading 8 expert(s)
[MoE] Layer 1: loading 7 expert(s)
[MoE] Layer 2: loading 8 expert(s)
[MoE] Layer 3: loading 5 expert(s)
[MoE] Layer 4: loading 8 expert(s)
[MoE] Layer 5: loading 7 expert(s)
[MoE] Layer 6: loading 4 expert(s)
[MoE] Layer 7: loading 4 expert(s)
[MoE] Layer 8: loading 5 expert(s)
[MoE] Layer 9: loading 3 expert(s)
[MoE] Layer 10: loading 4 expert(s)
[MoE] Layer 11: loading 5 expert(s)
[MoE] Layer 12: loading 4 expert(s)
[MoE] Layer 13: loading 5 expert(s)
[MoE] Layer 14: loading 4 expert(s)
[MoE] Layer 15: loading 3 expert(s)
[MoE] Layer 16: loading 4 expert(s)
[MoE] Layer 17: loading 4 expert(s)
[MoE] Layer 19: loading 1 expert(s)
[MoE] Layer 20: loading 6 expert(s)
[MoE] Layer 21: loading 4 expert(s)
[MoE] Layer 22: loading 3 expert(s)
[MoE] Layer 23: loading 3 expert(s)
[MoE] Layer 24: loading 4 expert(s)
[MoE] Layer 25: loading 6 expert(s)
[MoE] Layer 26: loading 4 expert(s)
[MoE] Layer 27: loading 5 expert(s)
[MoE] Layer 28: loading 3 expert(s)
[MoE] Layer 29: loading 6 expert(s)
[MoE] Layer 30: loading 4 expert(s)
[MoE] Layer 31: loading 4 expert(s)
[MoE] Layer 32: loading 4 expert(s)
[MoE] Layer 33: loading 5 expert(s)
[MoE] Layer 34: loading 6 expert(s)
[MoE] Layer 35: loading 6 expert(s)
[MoE] Layer 36: loading 6 expert(s)
[MoE] Layer 37: loading 8 expert(s)
[MoE] Layer 38: loading 6 expert(s)
[MoE] Layer 39: loading 6 expert(s)
[MoE] Layer 40: loading 4 expert(s)
[MoE] Layer 41: loading 6 expert(s)
[MoE] Layer 42: loading 5 expert(s)
[MoE] Layer 43: loading 5 expert(s)
[MoE] Layer 44: loading 5 expert(s)
[MoE] Layer 45: loading 4 expert(s)
[MoE] Layer 46: loading 5 expert(s)
[MoE] Layer 47: loading 7 expert(s)
[MoE] Layer 0: loading 8 expert(s)
[MoE] Layer 1: loading 6 expert(s)
[MoE] Layer 2: loading 4 expert(s)
[MoE] Layer 3: loading 4 expert(s)
[MoE] Layer 4: loading 5 expert(s)
[MoE] Layer 5: loading 5 expert(s)
[MoE] Layer 6: loading 2 expert(s)
[MoE] Layer 7: loading 6 expert(s)
[MoE] Layer 8: loading 5 expert(s)
[MoE] Layer 9: loading 5 expert(s)
[MoE] Layer 10: loading 3 expert(s)
[MoE] Layer 11: loading 7 expert(s)
[MoE] Layer 12: loading 6 expert(s)
[MoE] Layer 13: loading 4 expert(s)
[MoE] Layer 14: loading 3 expert(s)
[MoE] Layer 15: loading 2 expert(s)
[MoE] Layer 16: loading 5 expert(s)
[MoE] Layer 17: loading 6 expert(s)
[MoE] Layer 18: loading 3 expert(s)
[MoE] Layer 19: loading 4 expert(s)
[MoE] Layer 20: loading 3 expert(s)
[MoE] Layer 21: loading 3 expert(s)
[MoE] Layer 22: loading 4 expert(s)
[MoE] Layer 23: loading 4 expert(s)
[MoE] Layer 24: loading 4 expert(s)
[MoE] Layer 25: loading 4 expert(s)
[MoE] Layer 26: loading 3 expert(s)
[MoE] Layer 27: loading 4 expert(s)
[MoE] Layer 28: loading 6 expert(s)
[MoE] Layer 29: loading 6 expert(s)
[MoE] Layer 30: loading 3 expert(s)
[MoE] Layer 31: loading 3 expert(s)
[MoE] Layer 32: loading 2 expert(s)
[MoE] Layer 33: loading 2 expert(s)
[MoE] Layer 34: loading 2 expert(s)
[MoE] Layer 35: loading 2 expert(s)
[MoE] Layer 36: loading 3 expert(s)
[MoE] Layer 37: loading 3 expert(s)
[MoE] Layer 38: loading 4 expert(s)
[MoE] Layer 39: loading 3 expert(s)
[MoE] Layer 40: loading 3 expert(s)
[MoE] Layer 41: loading 5 expert(s)
[MoE] Layer 42: loading 5 expert(s)
[MoE] Layer 43: loading 1 expert(s)
[MoE] Layer 44: loading 1 expert(s)
[MoE] Layer 45: loading 1 expert(s)
[MoE] Layer 46: loading 2 expert(s)
[MoE] Layer 47: loading 4 expert(s)
[MoE] Layer 0: loading 8 expert(s)
[MoE] Layer 1: loading 5 expert(s)
[MoE] Layer 2: loading 6 expert(s)
[MoE] Layer 3: loading 4 expert(s)
[MoE] Layer 4: loading 7 expert(s)
[MoE] Layer 5: loading 4 expert(s)
[MoE] Layer 6: loading 2 expert(s)
[MoE] Layer 7: loading 3 expert(s)
[MoE] Layer 8: loading 3 expert(s)
[MoE] Layer 9: loading 2 expert(s)
[MoE] Layer 10: loading 3 expert(s)
[MoE] Layer 11: loading 4 expert(s)
[MoE] Layer 12: loading 5 expert(s)
[MoE] Layer 13: loading 5 expert(s)
[MoE] Layer 14: loading 3 expert(s)
[MoE] Layer 15: loading 4 expert(s)
[MoE] Layer 16: loading 5 expert(s)
[MoE] Layer 17: loading 5 expert(s)
[MoE] Layer 18: loading 3 expert(s)
[MoE] Layer 19: loading 3 expert(s)
[MoE] Layer 20: loading 4 expert(s)
[MoE] Layer 21: loading 4 expert(s)
[MoE] Layer 22: loading 5 expert(s)
[MoE] Layer 23: loading 5 expert(s)
[MoE] Layer 24: loading 6 expert(s)
[MoE] Layer 25: loading 7 expert(s)
[MoE] Layer 26: loading 5 expert(s)
[MoE] Layer 27: loading 6 expert(s)
[MoE] Layer 28: loading 5 expert(s)
[MoE] Layer 29: loading 4 expert(s)
[MoE] Layer 30: loading 3 expert(s)
[MoE] Layer 31: loading 3 expert(s)
[MoE] Layer 32: loading 5 expert(s)
[MoE] Layer 33: loading 2 expert(s)
[MoE] Layer 34: loading 3 expert(s)
[MoE] Layer 35: loading 5 expert(s)
[MoE] Layer 36: loading 3 expert(s)
[MoE] Layer 37: loading 7 expert(s)
[MoE] Layer 38: loading 4 expert(s)
[MoE] Layer 39: loading 5 expert(s)
[MoE] Layer 40: loading 6 expert(s)
[MoE] Layer 41: loading 5 expert(s)
[MoE] Layer 42: loading 7 expert(s)
[MoE] Layer 43: loading 6 expert(s)
[MoE] Layer 44: loading 5 expert(s)
[MoE] Layer 45: loading 4 expert(s)
[MoE] Layer 46: loading 7 expert(s)
[MoE] Layer 47: loading 8 expert(s)
[gen 15/99] elapsed=10.9s  TPS=1.378
[MoE] Layer 0: loading 6 expert(s)
[MoE] Layer 1: loading 4 expert(s)
[MoE] Layer 2: loading 3 expert(s)
[MoE] Layer 3: loading 3 expert(s)
[MoE] Layer 4: loading 3 expert(s)
[MoE] Layer 5: loading 2 expert(s)
[MoE] Layer 7: loading 2 expert(s)
[MoE] Layer 8: loading 1 expert(s)
[MoE] Layer 10: loading 1 expert(s)
[MoE] Layer 12: loading 2 expert(s)
[MoE] Layer 13: loading 3 expert(s)
[MoE] Layer 14: loading 1 expert(s)
[MoE] Layer 15: loading 1 expert(s)
[MoE] Layer 16: loading 1 expert(s)
[MoE] Layer 17: loading 2 expert(s)
[MoE] Layer 19: loading 1 expert(s)
[MoE] Layer 20: loading 1 expert(s)
[MoE] Layer 21: loading 1 expert(s)
[MoE] Layer 22: loading 2 expert(s)
[MoE] Layer 23: loading 2 expert(s)
[MoE] Layer 24: loading 3 expert(s)
[MoE] Layer 25: loading 2 expert(s)
[MoE] Layer 26: loading 4 expert(s)
[MoE] Layer 27: loading 4 expert(s)
[MoE] Layer 28: loading 4 expert(s)
[MoE] Layer 29: loading 1 expert(s)
[MoE] Layer 30: loading 1 expert(s)
[MoE] Layer 31: loading 1 expert(s)
[MoE] Layer 32: loading 1 expert(s)
[MoE] Layer 33: loading 1 expert(s)
[MoE] Layer 34: loading 2 expert(s)
[MoE] Layer 35: loading 2 expert(s)
[MoE] Layer 36: loading 3 expert(s)
[MoE] Layer 37: loading 3 expert(s)
[MoE] Layer 38: loading 3 expert(s)
[MoE] Layer 39: loading 3 expert(s)
[MoE] Layer 40: loading 2 expert(s)
[MoE] Layer 41: loading 4 expert(s)
[MoE] Layer 42: loading 5 expert(s)
[MoE] Layer 43: loading 2 expert(s)
[MoE] Layer 44: loading 1 expert(s)
[MoE] Layer 45: loading 2 expert(s)
[MoE] Layer 46: loading 3 expert(s)
[MoE] Layer 47: loading 6 expert(s)
[MoE] Layer 0: loading 5 expert(s)
[MoE] Layer 1: loading 2 expert(s)
[MoE] Layer 2: loading 6 expert(s)
[MoE] Layer 3: loading 3 expert(s)
[MoE] Layer 4: loading 2 expert(s)
[MoE] Layer 5: loading 1 expert(s)
[MoE] Layer 7: loading 1 expert(s)
[MoE] Layer 8: loading 2 expert(s)
[MoE] Layer 9: loading 3 expert(s)
[MoE] Layer 10: loading 3 expert(s)
[MoE] Layer 11: loading 3 expert(s)
[MoE] Layer 12: loading 3 expert(s)
[MoE] Layer 13: loading 4 expert(s)
[MoE] Layer 14: loading 1 expert(s)
[MoE] Layer 15: loading 3 expert(s)
[MoE] Layer 16: loading 2 expert(s)
[MoE] Layer 17: loading 3 expert(s)
[MoE] Layer 18: loading 1 expert(s)
[MoE] Layer 19: loading 2 expert(s)
[MoE] Layer 21: loading 2 expert(s)
[MoE] Layer 23: loading 1 expert(s)
[MoE] Layer 24: loading 1 expert(s)
[MoE] Layer 25: loading 5 expert(s)
[MoE] Layer 26: loading 1 expert(s)
[MoE] Layer 27: loading 1 expert(s)
[MoE] Layer 28: loading 1 expert(s)
[MoE] Layer 29: loading 2 expert(s)
[MoE] Layer 30: loading 1 expert(s)
[MoE] Layer 31: loading 2 expert(s)
[MoE] Layer 32: loading 1 expert(s)
[MoE] Layer 33: loading 2 expert(s)
[MoE] Layer 34: loading 2 expert(s)
[MoE] Layer 35: loading 2 expert(s)
[MoE] Layer 36: loading 2 expert(s)
[MoE] Layer 37: loading 3 expert(s)
[MoE] Layer 38: loading 2 expert(s)
[MoE] Layer 39: loading 2 expert(s)
[MoE] Layer 40: loading 2 expert(s)
[MoE] Layer 41: loading 1 expert(s)
[MoE] Layer 42: loading 2 expert(s)
[MoE] Layer 43: loading 1 expert(s)
[MoE] Layer 44: loading 2 expert(s)
[MoE] Layer 45: loading 2 expert(s)
[MoE] Layer 46: loading 3 expert(s)
[MoE] Layer 47: loading 4 expert(s)
[MoE] Layer 0: loading 6 expert(s)
[MoE] Layer 1: loading 4 expert(s)
[MoE] Layer 2: loading 4 expert(s)
[MoE] Layer 3: loading 7 expert(s)
[MoE] Layer 4: loading 4 expert(s)
[MoE] Layer 5: loading 2 expert(s)
[MoE] Layer 6: loading 2 expert(s)
[MoE] Layer 7: loading 4 expert(s)
[MoE] Layer 8: loading 2 expert(s)
[MoE] Layer 9: loading 2 expert(s)
[MoE] Layer 11: loading 2 expert(s)
[MoE] Layer 12: loading 3 expert(s)
[MoE] Layer 13: loading 6 expert(s)
[MoE] Layer 15: loading 3 expert(s)
[MoE] Layer 16: loading 4 expert(s)
[MoE] Layer 17: loading 3 expert(s)
[MoE] Layer 18: loading 2 expert(s)
[MoE] Layer 19: loading 2 expert(s)
[MoE] Layer 20: loading 1 expert(s)
[MoE] Layer 21: loading 2 expert(s)
[MoE] Layer 22: loading 5 expert(s)
[MoE] Layer 23: loading 3 expert(s)
[MoE] Layer 24: loading 2 expert(s)
[MoE] Layer 25: loading 4 expert(s)
[MoE] Layer 26: loading 2 expert(s)
[MoE] Layer 27: loading 1 expert(s)
[MoE] Layer 28: loading 4 expert(s)
[MoE] Layer 29: loading 2 expert(s)
[MoE] Layer 30: loading 3 expert(s)
[MoE] Layer 31: loading 1 expert(s)
[MoE] Layer 32: loading 1 expert(s)
[MoE] Layer 33: loading 1 expert(s)
[MoE] Layer 34: loading 2 expert(s)
[MoE] Layer 35: loading 3 expert(s)
[MoE] Layer 36: loading 3 expert(s)
[MoE] Layer 37: loading 5 expert(s)
[MoE] Layer 38: loading 3 expert(s)
[MoE] Layer 39: loading 1 expert(s)
[MoE] Layer 40: loading 2 expert(s)
[MoE] Layer 41: loading 5 expert(s)
[MoE] Layer 42: loading 3 expert(s)
[MoE] Layer 43: loading 4 expert(s)
[MoE] Layer 44: loading 2 expert(s)
[MoE] Layer 45: loading 2 expert(s)
[MoE] Layer 46: loading 5 expert(s)
[MoE] Layer 47: loading 5 expert(s)
[MoE] Layer 0: loading 4 expert(s)
[MoE] Layer 1: loading 6 expert(s)
[MoE] Layer 2: loading 6 expert(s)
[MoE] Layer 3: loading 3 expert(s)
[MoE] Layer 4: loading 3 expert(s)
[MoE] Layer 5: loading 3 expert(s)
[MoE] Layer 6: loading 1 expert(s)
[MoE] Layer 7: loading 2 expert(s)
[MoE] Layer 9: loading 2 expert(s)
[MoE] Layer 10: loading 2 expert(s)
[MoE] Layer 11: loading 3 expert(s)
[MoE] Layer 12: loading 2 expert(s)
[MoE] Layer 13: loading 5 expert(s)
[MoE] Layer 14: loading 3 expert(s)
[MoE] Layer 15: loading 3 expert(s)
[MoE] Layer 16: loading 4 expert(s)
[MoE] Layer 17: loading 3 expert(s)
[MoE] Layer 18: loading 1 expert(s)
[MoE] Layer 19: loading 2 expert(s)
[MoE] Layer 20: loading 1 expert(s)
[MoE] Layer 21: loading 1 expert(s)
[MoE] Layer 22: loading 3 expert(s)
[MoE] Layer 23: loading 4 expert(s)
[MoE] Layer 24: loading 3 expert(s)
[MoE] Layer 25: loading 6 expert(s)
[MoE] Layer 26: loading 3 expert(s)
[MoE] Layer 27: loading 3 expert(s)
[MoE] Layer 28: loading 2 expert(s)
[MoE] Layer 29: loading 3 expert(s)
[MoE] Layer 30: loading 2 expert(s)
[MoE] Layer 31: loading 1 expert(s)
[MoE] Layer 32: loading 1 expert(s)
[MoE] Layer 33: loading 3 expert(s)
[MoE] Layer 34: loading 3 expert(s)
[MoE] Layer 35: loading 4 expert(s)
[MoE] Layer 36: loading 2 expert(s)
[MoE] Layer 37: loading 3 expert(s)
[MoE] Layer 38: loading 3 expert(s)
[MoE] Layer 39: loading 4 expert(s)
[MoE] Layer 40: loading 3 expert(s)
[MoE] Layer 41: loading 3 expert(s)
[MoE] Layer 42: loading 5 expert(s)
[MoE] Layer 43: loading 2 expert(s)
[MoE] Layer 44: loading 1 expert(s)
[MoE] Layer 45: loading 3 expert(s)
[MoE] Layer 46: loading 3 expert(s)
[MoE] Layer 47: loading 6 expert(s)
[MoE] Layer 0: loading 6 expert(s)
[MoE] Layer 1: loading 6 expert(s)
[MoE] Layer 2: loading 1 expert(s)
[MoE] Layer 3: loading 2 expert(s)
[MoE] Layer 4: loading 3 expert(s)
[MoE] Layer 5: loading 4 expert(s)
[MoE] Layer 7: loading 2 expert(s)
[MoE] Layer 8: loading 1 expert(s)
[MoE] Layer 9: loading 3 expert(s)
[MoE] Layer 10: loading 3 expert(s)
[MoE] Layer 11: loading 3 expert(s)
[MoE] Layer 12: loading 4 expert(s)
[MoE] Layer 13: loading 4 expert(s)
[MoE] Layer 14: loading 2 expert(s)
[MoE] Layer 15: loading 2 expert(s)
[MoE] Layer 17: loading 3 expert(s)
[MoE] Layer 18: loading 2 expert(s)
[MoE] Layer 19: loading 4 expert(s)
[MoE] Layer 20: loading 3 expert(s)
[MoE] Layer 21: loading 4 expert(s)
[MoE] Layer 22: loading 6 expert(s)
[MoE] Layer 23: loading 5 expert(s)
[MoE] Layer 24: loading 4 expert(s)
[MoE] Layer 25: loading 5 expert(s)
[MoE] Layer 26: loading 2 expert(s)
[MoE] Layer 27: loading 6 expert(s)
[MoE] Layer 28: loading 4 expert(s)
[MoE] Layer 29: loading 3 expert(s)
[MoE] Layer 30: loading 2 expert(s)
[MoE] Layer 31: loading 5 expert(s)
[MoE] Layer 32: loading 5 expert(s)
[MoE] Layer 33: loading 5 expert(s)
[MoE] Layer 34: loading 6 expert(s)
[MoE] Layer 35: loading 5 expert(s)
[MoE] Layer 36: loading 3 expert(s)
[MoE] Layer 37: loading 4 expert(s)
[MoE] Layer 38: loading 1 expert(s)
[MoE] Layer 39: loading 2 expert(s)
[MoE] Layer 40: loading 1 expert(s)
[MoE] Layer 41: loading 1 expert(s)
[MoE] Layer 42: loading 2 expert(s)
[MoE] Layer 43: loading 2 expert(s)
[MoE] Layer 44: loading 3 expert(s)
[MoE] Layer 45: loading 4 expert(s)
[MoE] Layer 46: loading 2 expert(s)
[MoE] Layer 47: loading 5 expert(s)
[gen 20/99] elapsed=14.3s  TPS=1.403
[MoE] Layer 0: loading 5 expert(s)
[MoE] Layer 1: loading 3 expert(s)
[MoE] Layer 2: loading 4 expert(s)
[MoE] Layer 3: loading 1 expert(s)
[MoE] Layer 4: loading 2 expert(s)
[MoE] Layer 5: loading 2 expert(s)
[MoE] Layer 7: loading 1 expert(s)
[MoE] Layer 8: loading 4 expert(s)
[MoE] Layer 9: loading 3 expert(s)
[MoE] Layer 10: loading 4 expert(s)
[MoE] Layer 11: loading 2 expert(s)
[MoE] Layer 12: loading 3 expert(s)
[MoE] Layer 13: loading 5 expert(s)
[MoE] Layer 14: loading 3 expert(s)
[MoE] Layer 15: loading 5 expert(s)
[MoE] Layer 16: loading 2 expert(s)
[MoE] Layer 17: loading 3 expert(s)
[MoE] Layer 18: loading 2 expert(s)
[MoE] Layer 19: loading 3 expert(s)
[MoE] Layer 20: loading 3 expert(s)
[MoE] Layer 21: loading 2 expert(s)
[MoE] Layer 22: loading 6 expert(s)
[MoE] Layer 23: loading 3 expert(s)
[MoE] Layer 24: loading 4 expert(s)
[MoE] Layer 25: loading 4 expert(s)
[MoE] Layer 26: loading 2 expert(s)
[MoE] Layer 27: loading 3 expert(s)
[MoE] Layer 28: loading 3 expert(s)
[MoE] Layer 29: loading 3 expert(s)
[MoE] Layer 30: loading 2 expert(s)
[MoE] Layer 31: loading 2 expert(s)
[MoE] Layer 32: loading 4 expert(s)
[MoE] Layer 33: loading 1 expert(s)
[MoE] Layer 34: loading 5 expert(s)
[MoE] Layer 35: loading 4 expert(s)
[MoE] Layer 36: loading 2 expert(s)
[MoE] Layer 37: loading 4 expert(s)
[MoE] Layer 38: loading 2 expert(s)
[MoE] Layer 40: loading 2 expert(s)
[MoE] Layer 41: loading 3 expert(s)
[MoE] Layer 42: loading 3 expert(s)
[MoE] Layer 43: loading 1 expert(s)
[MoE] Layer 44: loading 1 expert(s)
[MoE] Layer 45: loading 3 expert(s)
[MoE] Layer 46: loading 1 expert(s)
[MoE] Layer 47: loading 3 expert(s)
[MoE] Layer 0: loading 5 expert(s)
[MoE] Layer 1: loading 5 expert(s)
[MoE] Layer 2: loading 5 expert(s)
[MoE] Layer 3: loading 4 expert(s)
[MoE] Layer 4: loading 4 expert(s)
[MoE] Layer 6: loading 1 expert(s)
[MoE] Layer 7: loading 1 expert(s)
[MoE] Layer 8: loading 1 expert(s)
[MoE] Layer 10: loading 1 expert(s)
[MoE] Layer 11: loading 1 expert(s)
[MoE] Layer 13: loading 3 expert(s)
[MoE] Layer 14: loading 1 expert(s)
[MoE] Layer 15: loading 2 expert(s)
[MoE] Layer 16: loading 2 expert(s)
[MoE] Layer 17: loading 1 expert(s)
[MoE] Layer 18: loading 1 expert(s)
[MoE] Layer 19: loading 1 expert(s)
[MoE] Layer 20: loading 1 expert(s)
[MoE] Layer 21: loading 1 expert(s)
[MoE] Layer 22: loading 2 expert(s)
[MoE] Layer 23: loading 3 expert(s)
[MoE] Layer 24: loading 2 expert(s)
[MoE] Layer 25: loading 4 expert(s)
[MoE] Layer 26: loading 1 expert(s)
[MoE] Layer 27: loading 1 expert(s)
[MoE] Layer 28: loading 1 expert(s)
[MoE] Layer 29: loading 3 expert(s)
[MoE] Layer 30: loading 2 expert(s)
[MoE] Layer 32: loading 1 expert(s)
[MoE] Layer 33: loading 1 expert(s)
[MoE] Layer 34: loading 1 expert(s)
[MoE] Layer 35: loading 2 expert(s)
[MoE] Layer 36: loading 3 expert(s)
[MoE] Layer 37: loading 3 expert(s)
[MoE] Layer 38: loading 2 expert(s)
[MoE] Layer 39: loading 2 expert(s)
[MoE] Layer 40: loading 3 expert(s)
[MoE] Layer 41: loading 3 expert(s)
[MoE] Layer 42: loading 5 expert(s)
[MoE] Layer 43: loading 4 expert(s)
[MoE] Layer 44: loading 3 expert(s)
[MoE] Layer 45: loading 2 expert(s)
[MoE] Layer 46: loading 3 expert(s)
[MoE] Layer 47: loading 4 expert(s)
[MoE] Layer 0: loading 6 expert(s)
[MoE] Layer 1: loading 4 expert(s)
[MoE] Layer 2: loading 6 expert(s)
[MoE] Layer 3: loading 5 expert(s)
[MoE] Layer 4: loading 6 expert(s)
[MoE] Layer 5: loading 5 expert(s)
[MoE] Layer 6: loading 3 expert(s)
[MoE] Layer 7: loading 4 expert(s)
[MoE] Layer 8: loading 3 expert(s)
[MoE] Layer 9: loading 4 expert(s)
[MoE] Layer 10: loading 3 expert(s)
[MoE] Layer 11: loading 4 expert(s)
[MoE] Layer 12: loading 4 expert(s)
[MoE] Layer 13: loading 4 expert(s)
[MoE] Layer 14: loading 3 expert(s)
[MoE] Layer 15: loading 2 expert(s)
[MoE] Layer 16: loading 2 expert(s)
[MoE] Layer 17: loading 3 expert(s)
[MoE] Layer 18: loading 1 expert(s)
[MoE] Layer 19: loading 3 expert(s)
[MoE] Layer 21: loading 2 expert(s)
[MoE] Layer 22: loading 6 expert(s)
[MoE] Layer 23: loading 5 expert(s)
[MoE] Layer 24: loading 6 expert(s)
[MoE] Layer 25: loading 7 expert(s)
[MoE] Layer 26: loading 4 expert(s)
[MoE] Layer 27: loading 2 expert(s)
[MoE] Layer 28: loading 2 expert(s)
[MoE] Layer 29: loading 6 expert(s)
[MoE] Layer 30: loading 3 expert(s)
[MoE] Layer 31: loading 4 expert(s)
[MoE] Layer 32: loading 3 expert(s)
[MoE] Layer 33: loading 3 expert(s)
[MoE] Layer 34: loading 3 expert(s)
[MoE] Layer 35: loading 6 expert(s)
[MoE] Layer 36: loading 5 expert(s)
[MoE] Layer 37: loading 7 expert(s)
[MoE] Layer 38: loading 4 expert(s)
[MoE] Layer 39: loading 3 expert(s)
[MoE] Layer 40: loading 6 expert(s)
[MoE] Layer 41: loading 5 expert(s)
[MoE] Layer 42: loading 6 expert(s)
[MoE] Layer 43: loading 4 expert(s)
[MoE] Layer 44: loading 3 expert(s)
[MoE] Layer 45: loading 4 expert(s)
[MoE] Layer 46: loading 6 expert(s)
[MoE] Layer 47: loading 6 expert(s)
[MoE] Layer 0: loading 7 expert(s)
[MoE] Layer 1: loading 6 expert(s)
[MoE] Layer 2: loading 5 expert(s)
[MoE] Layer 3: loading 6 expert(s)
[MoE] Layer 4: loading 6 expert(s)
[MoE] Layer 5: loading 4 expert(s)
[MoE] Layer 7: loading 2 expert(s)
[MoE] Layer 8: loading 4 expert(s)
[MoE] Layer 9: loading 2 expert(s)
[MoE] Layer 10: loading 4 expert(s)
[MoE] Layer 11: loading 3 expert(s)
[MoE] Layer 12: loading 4 expert(s)
[MoE] Layer 13: loading 4 expert(s)
[MoE] Layer 14: loading 2 expert(s)
[MoE] Layer 15: loading 2 expert(s)
[MoE] Layer 16: loading 3 expert(s)
[MoE] Layer 17: loading 3 expert(s)
[MoE] Layer 18: loading 2 expert(s)
[MoE] Layer 19: loading 2 expert(s)
[MoE] Layer 20: loading 1 expert(s)
[MoE] Layer 21: loading 3 expert(s)
[MoE] Layer 22: loading 3 expert(s)
[MoE] Layer 23: loading 2 expert(s)
[MoE] Layer 24: loading 2 expert(s)
[MoE] Layer 25: loading 3 expert(s)
[MoE] Layer 26: loading 4 expert(s)
[MoE] Layer 27: loading 4 expert(s)
[MoE] Layer 28: loading 3 expert(s)
[MoE] Layer 29: loading 5 expert(s)
[MoE] Layer 30: loading 1 expert(s)
[MoE] Layer 31: loading 3 expert(s)
[MoE] Layer 32: loading 3 expert(s)
[MoE] Layer 33: loading 3 expert(s)
[MoE] Layer 34: loading 2 expert(s)
[MoE] Layer 35: loading 4 expert(s)
[MoE] Layer 36: loading 2 expert(s)
[MoE] Layer 37: loading 6 expert(s)
[MoE] Layer 38: loading 3 expert(s)
[MoE] Layer 39: loading 4 expert(s)
[MoE] Layer 40: loading 6 expert(s)
[MoE] Layer 41: loading 3 expert(s)
[MoE] Layer 42: loading 3 expert(s)
[MoE] Layer 43: loading 3 expert(s)
[MoE] Layer 44: loading 4 expert(s)
[MoE] Layer 45: loading 2 expert(s)
[MoE] Layer 46: loading 2 expert(s)
[MoE] Layer 47: loading 4 expert(s)
[MoE] Layer 0: loading 7 expert(s)
[MoE] Layer 1: loading 4 expert(s)
[MoE] Layer 2: loading 5 expert(s)
[MoE] Layer 3: loading 6 expert(s)
[MoE] Layer 4: loading 5 expert(s)
[MoE] Layer 5: loading 6 expert(s)
[MoE] Layer 6: loading 2 expert(s)
[MoE] Layer 7: loading 4 expert(s)
[MoE] Layer 8: loading 3 expert(s)
[MoE] Layer 9: loading 5 expert(s)
[MoE] Layer 10: loading 5 expert(s)
[MoE] Layer 11: loading 4 expert(s)
[MoE] Layer 12: loading 3 expert(s)
[MoE] Layer 13: loading 4 expert(s)
[MoE] Layer 14: loading 4 expert(s)
[MoE] Layer 15: loading 4 expert(s)
[MoE] Layer 16: loading 4 expert(s)
[MoE] Layer 17: loading 6 expert(s)
[MoE] Layer 18: loading 1 expert(s)
[MoE] Layer 19: loading 3 expert(s)
[MoE] Layer 20: loading 3 expert(s)
[MoE] Layer 21: loading 2 expert(s)
[MoE] Layer 22: loading 6 expert(s)
[MoE] Layer 23: loading 6 expert(s)
[MoE] Layer 24: loading 4 expert(s)
[MoE] Layer 25: loading 3 expert(s)
[MoE] Layer 26: loading 2 expert(s)
[MoE] Layer 27: loading 3 expert(s)
[MoE] Layer 28: loading 3 expert(s)
[MoE] Layer 29: loading 5 expert(s)
[MoE] Layer 30: loading 2 expert(s)
[MoE] Layer 31: loading 3 expert(s)
[MoE] Layer 32: loading 5 expert(s)
[MoE] Layer 33: loading 3 expert(s)
[MoE] Layer 34: loading 5 expert(s)
[MoE] Layer 35: loading 7 expert(s)
[MoE] Layer 36: loading 4 expert(s)
[MoE] Layer 37: loading 5 expert(s)
[MoE] Layer 38: loading 5 expert(s)
[MoE] Layer 39: loading 5 expert(s)
[MoE] Layer 40: loading 6 expert(s)
[MoE] Layer 41: loading 5 expert(s)
[MoE] Layer 42: loading 3 expert(s)
[MoE] Layer 43: loading 4 expert(s)
[MoE] Layer 44: loading 2 expert(s)
[MoE] Layer 45: loading 2 expert(s)
[MoE] Layer 46: loading 4 expert(s)
[MoE] Layer 47: loading 6 expert(s)
[gen 25/99] elapsed=18.0s  TPS=1.392
[MoE] Layer 0: loading 8 expert(s)
[MoE] Layer 1: loading 8 expert(s)
[MoE] Layer 2: loading 6 expert(s)
[MoE] Layer 3: loading 7 expert(s)
[MoE] Layer 4: loading 7 expert(s)
[MoE] Layer 5: loading 2 expert(s)
[MoE] Layer 6: loading 1 expert(s)
[MoE] Layer 7: loading 3 expert(s)
[MoE] Layer 8: loading 5 expert(s)
[MoE] Layer 9: loading 2 expert(s)
[MoE] Layer 10: loading 4 expert(s)
[MoE] Layer 11: loading 5 expert(s)
[MoE] Layer 12: loading 4 expert(s)
[MoE] Layer 13: loading 3 expert(s)
[MoE] Layer 14: loading 4 expert(s)
[MoE] Layer 15: loading 4 expert(s)
[MoE] Layer 16: loading 4 expert(s)
[MoE] Layer 17: loading 2 expert(s)
[MoE] Layer 18: loading 2 expert(s)
[MoE] Layer 19: loading 1 expert(s)
[MoE] Layer 20: loading 5 expert(s)
[MoE] Layer 21: loading 1 expert(s)
[MoE] Layer 22: loading 3 expert(s)
[MoE] Layer 23: loading 5 expert(s)
[MoE] Layer 24: loading 2 expert(s)
[MoE] Layer 25: loading 4 expert(s)
[MoE] Layer 26: loading 3 expert(s)
[MoE] Layer 27: loading 2 expert(s)
[MoE] Layer 28: loading 2 expert(s)
[MoE] Layer 29: loading 3 expert(s)
[MoE] Layer 30: loading 1 expert(s)
[MoE] Layer 31: loading 3 expert(s)
[MoE] Layer 32: loading 3 expert(s)
[MoE] Layer 33: loading 2 expert(s)
[MoE] Layer 34: loading 5 expert(s)
[MoE] Layer 35: loading 5 expert(s)
[MoE] Layer 36: loading 1 expert(s)
[MoE] Layer 37: loading 3 expert(s)
[MoE] Layer 38: loading 4 expert(s)
[MoE] Layer 39: loading 3 expert(s)
[MoE] Layer 40: loading 3 expert(s)
[MoE] Layer 41: loading 4 expert(s)
[MoE] Layer 42: loading 4 expert(s)
[MoE] Layer 43: loading 2 expert(s)
[MoE] Layer 45: loading 1 expert(s)
[MoE] Layer 46: loading 1 expert(s)
[MoE] Layer 47: loading 5 expert(s)
[MoE] Layer 0: loading 5 expert(s)
[MoE] Layer 1: loading 4 expert(s)
[MoE] Layer 2: loading 4 expert(s)
[MoE] Layer 3: loading 3 expert(s)
[MoE] Layer 4: loading 2 expert(s)
[MoE] Layer 5: loading 2 expert(s)
[MoE] Layer 6: loading 1 expert(s)
[MoE] Layer 7: loading 3 expert(s)
[MoE] Layer 8: loading 3 expert(s)
[MoE] Layer 9: loading 2 expert(s)
[MoE] Layer 10: loading 4 expert(s)
[MoE] Layer 11: loading 2 expert(s)
[MoE] Layer 12: loading 2 expert(s)
[MoE] Layer 13: loading 3 expert(s)
[MoE] Layer 14: loading 2 expert(s)
[MoE] Layer 15: loading 2 expert(s)
[MoE] Layer 16: loading 3 expert(s)
[MoE] Layer 17: loading 4 expert(s)
[MoE] Layer 18: loading 2 expert(s)
[MoE] Layer 19: loading 2 expert(s)
[MoE] Layer 20: loading 2 expert(s)
[MoE] Layer 22: loading 5 expert(s)
[MoE] Layer 23: loading 3 expert(s)
[MoE] Layer 24: loading 3 expert(s)
[MoE] Layer 25: loading 3 expert(s)
[MoE] Layer 26: loading 3 expert(s)
[MoE] Layer 28: loading 3 expert(s)
[MoE] Layer 29: loading 2 expert(s)
[MoE] Layer 30: loading 1 expert(s)
[MoE] Layer 31: loading 4 expert(s)
[MoE] Layer 32: loading 2 expert(s)
[MoE] Layer 33: loading 1 expert(s)
[MoE] Layer 34: loading 2 expert(s)
[MoE] Layer 35: loading 4 expert(s)
[MoE] Layer 36: loading 1 expert(s)
[MoE] Layer 37: loading 2 expert(s)
[MoE] Layer 38: loading 2 expert(s)
[MoE] Layer 39: loading 2 expert(s)
[MoE] Layer 40: loading 3 expert(s)
[MoE] Layer 42: loading 2 expert(s)
[MoE] Layer 44: loading 1 expert(s)
[MoE] Layer 45: loading 1 expert(s)
[MoE] Layer 46: loading 1 expert(s)
[MoE] Layer 0: loading 4 expert(s)
[MoE] Layer 1: loading 5 expert(s)
[MoE] Layer 2: loading 3 expert(s)
[MoE] Layer 3: loading 3 expert(s)
[MoE] Layer 4: loading 3 expert(s)
[MoE] Layer 5: loading 3 expert(s)
[MoE] Layer 7: loading 2 expert(s)
[MoE] Layer 8: loading 2 expert(s)
[MoE] Layer 10: loading 4 expert(s)
[MoE] Layer 11: loading 2 expert(s)
[MoE] Layer 12: loading 2 expert(s)
[MoE] Layer 13: loading 2 expert(s)
[MoE] Layer 14: loading 3 expert(s)
[MoE] Layer 15: loading 2 expert(s)
[MoE] Layer 16: loading 1 expert(s)
[MoE] Layer 17: loading 3 expert(s)
[MoE] Layer 18: loading 1 expert(s)
[MoE] Layer 19: loading 2 expert(s)
[MoE] Layer 20: loading 1 expert(s)
[MoE] Layer 21: loading 2 expert(s)
[MoE] Layer 22: loading 1 expert(s)
[MoE] Layer 23: loading 1 expert(s)
[MoE] Layer 24: loading 1 expert(s)
[MoE] Layer 25: loading 1 expert(s)
[MoE] Layer 26: loading 2 expert(s)
[MoE] Layer 27: loading 1 expert(s)
[MoE] Layer 28: loading 2 expert(s)
[MoE] Layer 29: loading 1 expert(s)
[MoE] Layer 32: loading 2 expert(s)
[MoE] Layer 33: loading 2 expert(s)
[MoE] Layer 34: loading 2 expert(s)
[MoE] Layer 36: loading 2 expert(s)
[MoE] Layer 37: loading 3 expert(s)
[MoE] Layer 39: loading 2 expert(s)
[MoE] Layer 40: loading 1 expert(s)
[MoE] Layer 41: loading 2 expert(s)
[MoE] Layer 42: loading 2 expert(s)
[MoE] Layer 43: loading 3 expert(s)
[MoE] Layer 44: loading 3 expert(s)
[MoE] Layer 45: loading 2 expert(s)
[MoE] Layer 47: loading 2 expert(s)
[MoE] Layer 0: loading 7 expert(s)
[MoE] Layer 1: loading 4 expert(s)
[MoE] Layer 2: loading 4 expert(s)
[MoE] Layer 3: loading 6 expert(s)
[MoE] Layer 4: loading 6 expert(s)
[MoE] Layer 5: loading 4 expert(s)
[MoE] Layer 7: loading 2 expert(s)
[MoE] Layer 8: loading 2 expert(s)
[MoE] Layer 9: loading 3 expert(s)
[MoE] Layer 10: loading 3 expert(s)
[MoE] Layer 11: loading 4 expert(s)
[MoE] Layer 12: loading 2 expert(s)
[MoE] Layer 13: loading 3 expert(s)
[MoE] Layer 14: loading 4 expert(s)
[MoE] Layer 15: loading 2 expert(s)
[MoE] Layer 16: loading 3 expert(s)
[MoE] Layer 17: loading 5 expert(s)
[MoE] Layer 18: loading 2 expert(s)
[MoE] Layer 19: loading 1 expert(s)
[MoE] Layer 20: loading 1 expert(s)
[MoE] Layer 21: loading 1 expert(s)
[MoE] Layer 22: loading 2 expert(s)
[MoE] Layer 23: loading 2 expert(s)
[MoE] Layer 24: loading 3 expert(s)
[MoE] Layer 25: loading 3 expert(s)
[MoE] Layer 26: loading 2 expert(s)
[MoE] Layer 27: loading 2 expert(s)
[MoE] Layer 28: loading 3 expert(s)
[MoE] Layer 29: loading 3 expert(s)
[MoE] Layer 31: loading 1 expert(s)
[MoE] Layer 32: loading 2 expert(s)
[MoE] Layer 33: loading 1 expert(s)
[MoE] Layer 34: loading 2 expert(s)
[MoE] Layer 35: loading 2 expert(s)
[MoE] Layer 36: loading 2 expert(s)
[MoE] Layer 37: loading 5 expert(s)
[MoE] Layer 38: loading 3 expert(s)
[MoE] Layer 39: loading 2 expert(s)
[MoE] Layer 41: loading 2 expert(s)
[MoE] Layer 42: loading 3 expert(s)
[MoE] Layer 43: loading 3 expert(s)
[MoE] Layer 44: loading 1 expert(s)
[MoE] Layer 45: loading 4 expert(s)
[MoE] Layer 46: loading 3 expert(s)
[MoE] Layer 47: loading 6 expert(s)
[MoE] Layer 0: loading 6 expert(s)
[MoE] Layer 1: loading 7 expert(s)
[MoE] Layer 2: loading 3 expert(s)
[MoE] Layer 3: loading 4 expert(s)
[MoE] Layer 4: loading 1 expert(s)
[MoE] Layer 5: loading 2 expert(s)
[MoE] Layer 8: loading 2 expert(s)
[MoE] Layer 9: loading 3 expert(s)
[MoE] Layer 10: loading 1 expert(s)
[MoE] Layer 11: loading 3 expert(s)
[MoE] Layer 12: loading 3 expert(s)
[MoE] Layer 13: loading 3 expert(s)
[MoE] Layer 14: loading 1 expert(s)
[MoE] Layer 15: loading 2 expert(s)
[MoE] Layer 16: loading 3 expert(s)
[MoE] Layer 17: loading 3 expert(s)
[MoE] Layer 18: loading 1 expert(s)
[MoE] Layer 20: loading 1 expert(s)
[MoE] Layer 21: loading 2 expert(s)
[MoE] Layer 22: loading 3 expert(s)
[MoE] Layer 23: loading 4 expert(s)
[MoE] Layer 24: loading 2 expert(s)
[MoE] Layer 25: loading 5 expert(s)
[MoE] Layer 26: loading 2 expert(s)
[MoE] Layer 27: loading 3 expert(s)
[MoE] Layer 28: loading 4 expert(s)
[MoE] Layer 29: loading 4 expert(s)
[MoE] Layer 30: loading 1 expert(s)
[MoE] Layer 31: loading 2 expert(s)
[MoE] Layer 32: loading 1 expert(s)
[MoE] Layer 33: loading 2 expert(s)
[MoE] Layer 34: loading 1 expert(s)
[MoE] Layer 35: loading 5 expert(s)
[MoE] Layer 36: loading 4 expert(s)
[MoE] Layer 37: loading 3 expert(s)
[MoE] Layer 38: loading 3 expert(s)
[MoE] Layer 39: loading 1 expert(s)
[MoE] Layer 40: loading 4 expert(s)
[MoE] Layer 41: loading 3 expert(s)
[MoE] Layer 42: loading 3 expert(s)
[MoE] Layer 43: loading 2 expert(s)
[MoE] Layer 44: loading 1 expert(s)
[MoE] Layer 45: loading 2 expert(s)
[MoE] Layer 46: loading 2 expert(s)
[MoE] Layer 47: loading 2 expert(s)
[gen 30/99] elapsed=21.2s  TPS=1.415
[MoE] Layer 0: loading 7 expert(s)
[MoE] Layer 1: loading 2 expert(s)
[MoE] Layer 2: loading 3 expert(s)
[MoE] Layer 3: loading 4 expert(s)
[MoE] Layer 4: loading 2 expert(s)
[MoE] Layer 5: loading 2 expert(s)
[MoE] Layer 6: loading 1 expert(s)
[MoE] Layer 7: loading 2 expert(s)
[MoE] Layer 8: loading 1 expert(s)
[MoE] Layer 9: loading 2 expert(s)
[MoE] Layer 10: loading 1 expert(s)
[MoE] Layer 12: loading 1 expert(s)
[MoE] Layer 13: loading 3 expert(s)
[MoE] Layer 14: loading 2 expert(s)
[MoE] Layer 15: loading 1 expert(s)
[MoE] Layer 16: loading 4 expert(s)
[MoE] Layer 17: loading 1 expert(s)
[MoE] Layer 19: loading 1 expert(s)
[MoE] Layer 20: loading 1 expert(s)
[MoE] Layer 23: loading 1 expert(s)
[MoE] Layer 24: loading 2 expert(s)
[MoE] Layer 25: loading 3 expert(s)
[MoE] Layer 26: loading 3 expert(s)
[MoE] Layer 27: loading 3 expert(s)
[MoE] Layer 28: loading 3 expert(s)
[MoE] Layer 29: loading 4 expert(s)
[MoE] Layer 31: loading 1 expert(s)
[MoE] Layer 32: loading 2 expert(s)
[MoE] Layer 33: loading 2 expert(s)
[MoE] Layer 34: loading 2 expert(s)
[MoE] Layer 35: loading 3 expert(s)
[MoE] Layer 36: loading 1 expert(s)
[MoE] Layer 37: loading 2 expert(s)
[MoE] Layer 38: loading 1 expert(s)
[MoE] Layer 39: loading 1 expert(s)
[MoE] Layer 40: loading 1 expert(s)
[MoE] Layer 42: loading 1 expert(s)
[MoE] Layer 43: loading 2 expert(s)
[MoE] Layer 44: loading 1 expert(s)
[MoE] Layer 45: loading 2 expert(s)
[MoE] Layer 47: loading 3 expert(s)
[MoE] Layer 0: loading 6 expert(s)
[MoE] Layer 1: loading 5 expert(s)
[MoE] Layer 2: loading 2 expert(s)
[MoE] Layer 3: loading 5 expert(s)
[MoE] Layer 4: loading 6 expert(s)
[MoE] Layer 5: loading 4 expert(s)
[MoE] Layer 6: loading 1 expert(s)
[MoE] Layer 7: loading 3 expert(s)
[MoE] Layer 8: loading 2 expert(s)
[MoE] Layer 9: loading 2 expert(s)
[MoE] Layer 10: loading 6 expert(s)
[MoE] Layer 11: loading 3 expert(s)
[MoE] Layer 12: loading 3 expert(s)
[MoE] Layer 13: loading 2 expert(s)
[MoE] Layer 14: loading 2 expert(s)
[MoE] Layer 15: loading 4 expert(s)
[MoE] Layer 16: loading 4 expert(s)
[MoE] Layer 17: loading 3 expert(s)
[MoE] Layer 20: loading 2 expert(s)
[MoE] Layer 21: loading 3 expert(s)
[MoE] Layer 22: loading 3 expert(s)
[MoE] Layer 23: loading 5 expert(s)
[MoE] Layer 24: loading 3 expert(s)
[MoE] Layer 25: loading 3 expert(s)
[MoE] Layer 26: loading 3 expert(s)
[MoE] Layer 27: loading 2 expert(s)
[MoE] Layer 28: loading 3 expert(s)
[MoE] Layer 29: loading 3 expert(s)
[MoE] Layer 30: loading 1 expert(s)
[MoE] Layer 31: loading 2 expert(s)
[MoE] Layer 32: loading 2 expert(s)
[MoE] Layer 33: loading 1 expert(s)
[MoE] Layer 34: loading 2 expert(s)
[MoE] Layer 35: loading 5 expert(s)
[MoE] Layer 36: loading 3 expert(s)
[MoE] Layer 37: loading 5 expert(s)
[MoE] Layer 38: loading 2 expert(s)
[MoE] Layer 39: loading 4 expert(s)
[MoE] Layer 40: loading 3 expert(s)
[MoE] Layer 41: loading 4 expert(s)
[MoE] Layer 42: loading 3 expert(s)
[MoE] Layer 43: loading 1 expert(s)
[MoE] Layer 44: loading 3 expert(s)
[MoE] Layer 45: loading 1 expert(s)
[MoE] Layer 46: loading 1 expert(s)
[MoE] Layer 47: loading 3 expert(s)
[MoE] Layer 0: loading 4 expert(s)
[MoE] Layer 1: loading 4 expert(s)
[MoE] Layer 2: loading 3 expert(s)
[MoE] Layer 3: loading 6 expert(s)
[MoE] Layer 4: loading 1 expert(s)
[MoE] Layer 5: loading 3 expert(s)
[MoE] Layer 6: loading 1 expert(s)
[MoE] Layer 7: loading 1 expert(s)
[MoE] Layer 8: loading 1 expert(s)
[MoE] Layer 9: loading 2 expert(s)
[MoE] Layer 10: loading 3 expert(s)
[MoE] Layer 11: loading 2 expert(s)
[MoE] Layer 12: loading 2 expert(s)
[MoE] Layer 13: loading 3 expert(s)
[MoE] Layer 14: loading 4 expert(s)
[MoE] Layer 15: loading 2 expert(s)
[MoE] Layer 16: loading 2 expert(s)
[MoE] Layer 17: loading 3 expert(s)
[MoE] Layer 20: loading 1 expert(s)
[MoE] Layer 22: loading 4 expert(s)
[MoE] Layer 23: loading 2 expert(s)
[MoE] Layer 24: loading 4 expert(s)
[MoE] Layer 25: loading 5 expert(s)
[MoE] Layer 26: loading 1 expert(s)
[MoE] Layer 27: loading 3 expert(s)
[MoE] Layer 28: loading 3 expert(s)
[MoE] Layer 29: loading 5 expert(s)
[MoE] Layer 30: loading 1 expert(s)
[MoE] Layer 31: loading 2 expert(s)
[MoE] Layer 32: loading 2 expert(s)
[MoE] Layer 33: loading 2 expert(s)
[MoE] Layer 34: loading 3 expert(s)
[MoE] Layer 35: loading 5 expert(s)
[MoE] Layer 36: loading 2 expert(s)
[MoE] Layer 37: loading 5 expert(s)
[MoE] Layer 38: loading 3 expert(s)
[MoE] Layer 39: loading 3 expert(s)
[MoE] Layer 40: loading 6 expert(s)
[MoE] Layer 41: loading 4 expert(s)
[MoE] Layer 42: loading 5 expert(s)
[MoE] Layer 43: loading 3 expert(s)
[MoE] Layer 44: loading 2 expert(s)
[MoE] Layer 45: loading 2 expert(s)
[MoE] Layer 46: loading 1 expert(s)
[MoE] Layer 47: loading 3 expert(s)
[MoE] Layer 0: loading 5 expert(s)
[MoE] Layer 1: loading 1 expert(s)
[MoE] Layer 2: loading 2 expert(s)
[MoE] Layer 3: loading 4 expert(s)
[MoE] Layer 4: loading 4 expert(s)
[MoE] Layer 5: loading 2 expert(s)
[MoE] Layer 6: loading 1 expert(s)
[MoE] Layer 7: loading 1 expert(s)
[MoE] Layer 8: loading 1 expert(s)
[MoE] Layer 9: loading 2 expert(s)
[MoE] Layer 10: loading 2 expert(s)
[MoE] Layer 11: loading 4 expert(s)
[MoE] Layer 12: loading 2 expert(s)
[MoE] Layer 13: loading 3 expert(s)
[MoE] Layer 14: loading 3 expert(s)
[MoE] Layer 15: loading 3 expert(s)
[MoE] Layer 16: loading 2 expert(s)
[MoE] Layer 17: loading 3 expert(s)
[MoE] Layer 18: loading 1 expert(s)
[MoE] Layer 19: loading 3 expert(s)
[MoE] Layer 20: loading 1 expert(s)
[MoE] Layer 21: loading 2 expert(s)
[MoE] Layer 22: loading 1 expert(s)
[MoE] Layer 23: loading 4 expert(s)
[MoE] Layer 24: loading 2 expert(s)
[MoE] Layer 25: loading 4 expert(s)
[MoE] Layer 26: loading 3 expert(s)
[MoE] Layer 27: loading 2 expert(s)
[MoE] Layer 28: loading 1 expert(s)
[MoE] Layer 29: loading 3 expert(s)
[MoE] Layer 30: loading 1 expert(s)
[MoE] Layer 31: loading 1 expert(s)
[MoE] Layer 32: loading 1 expert(s)
[MoE] Layer 33: loading 4 expert(s)
[MoE] Layer 34: loading 3 expert(s)
[MoE] Layer 35: loading 5 expert(s)
[MoE] Layer 36: loading 2 expert(s)
[MoE] Layer 37: loading 3 expert(s)
[MoE] Layer 38: loading 4 expert(s)
[MoE] Layer 39: loading 3 expert(s)
[MoE] Layer 40: loading 3 expert(s)
[MoE] Layer 41: loading 4 expert(s)
[MoE] Layer 42: loading 6 expert(s)
[MoE] Layer 43: loading 2 expert(s)
[MoE] Layer 44: loading 1 expert(s)
[MoE] Layer 45: loading 1 expert(s)
[MoE] Layer 46: loading 2 expert(s)
[MoE] Layer 47: loading 6 expert(s)
[MoE] Layer 0: loading 7 expert(s)
[MoE] Layer 1: loading 3 expert(s)
[MoE] Layer 2: loading 2 expert(s)
[MoE] Layer 3: loading 3 expert(s)
[MoE] Layer 4: loading 3 expert(s)
[MoE] Layer 5: loading 3 expert(s)
[MoE] Layer 8: loading 4 expert(s)
[MoE] Layer 9: loading 1 expert(s)
[MoE] Layer 10: loading 1 expert(s)
[MoE] Layer 11: loading 2 expert(s)
[MoE] Layer 12: loading 1 expert(s)
[MoE] Layer 13: loading 1 expert(s)
[MoE] Layer 15: loading 1 expert(s)
[MoE] Layer 16: loading 1 expert(s)
[MoE] Layer 17: loading 2 expert(s)
[MoE] Layer 19: loading 1 expert(s)
[MoE] Layer 20: loading 1 expert(s)
[MoE] Layer 21: loading 1 expert(s)
[MoE] Layer 22: loading 2 expert(s)
[MoE] Layer 23: loading 2 expert(s)
[MoE] Layer 24: loading 2 expert(s)
[MoE] Layer 25: loading 5 expert(s)
[MoE] Layer 26: loading 4 expert(s)
[MoE] Layer 27: loading 2 expert(s)
[MoE] Layer 28: loading 2 expert(s)
[MoE] Layer 29: loading 3 expert(s)
[MoE] Layer 31: loading 3 expert(s)
[MoE] Layer 32: loading 2 expert(s)
[MoE] Layer 33: loading 1 expert(s)
[MoE] Layer 34: loading 3 expert(s)
[MoE] Layer 35: loading 4 expert(s)
[MoE] Layer 36: loading 1 expert(s)
[MoE] Layer 37: loading 4 expert(s)
[MoE] Layer 38: loading 1 expert(s)
[MoE] Layer 41: loading 2 expert(s)
[MoE] Layer 42: loading 1 expert(s)
[MoE] Layer 43: loading 1 expert(s)
[MoE] Layer 44: loading 1 expert(s)
[MoE] Layer 46: loading 1 expert(s)
[MoE] Layer 47: loading 1 expert(s)
[gen 35/99] elapsed=24.3s  TPS=1.438
[MoE] Layer 0: loading 5 expert(s)
[MoE] Layer 1: loading 4 expert(s)
[MoE] Layer 2: loading 6 expert(s)
[MoE] Layer 3: loading 4 expert(s)
[MoE] Layer 4: loading 4 expert(s)
[MoE] Layer 5: loading 4 expert(s)
[MoE] Layer 6: loading 4 expert(s)
[MoE] Layer 7: loading 6 expert(s)
[MoE] Layer 8: loading 7 expert(s)
[MoE] Layer 9: loading 4 expert(s)
[MoE] Layer 10: loading 6 expert(s)
[MoE] Layer 11: loading 8 expert(s)
[MoE] Layer 12: loading 6 expert(s)
[MoE] Layer 13: loading 7 expert(s)
[MoE] Layer 14: loading 5 expert(s)
[MoE] Layer 15: loading 6 expert(s)
[MoE] Layer 16: loading 3 expert(s)
[MoE] Layer 17: loading 6 expert(s)
[MoE] Layer 18: loading 5 expert(s)
[MoE] Layer 19: loading 5 expert(s)
[MoE] Layer 20: loading 6 expert(s)
[MoE] Layer 21: loading 5 expert(s)
[MoE] Layer 22: loading 8 expert(s)
[MoE] Layer 23: loading 8 expert(s)
[MoE] Layer 24: loading 6 expert(s)
[MoE] Layer 25: loading 7 expert(s)
[MoE] Layer 26: loading 7 expert(s)
[MoE] Layer 27: loading 6 expert(s)
[MoE] Layer 28: loading 7 expert(s)
[MoE] Layer 29: loading 4 expert(s)
[MoE] Layer 30: loading 6 expert(s)
[MoE] Layer 31: loading 5 expert(s)
[MoE] Layer 32: loading 4 expert(s)
[MoE] Layer 33: loading 6 expert(s)
[MoE] Layer 34: loading 8 expert(s)
[MoE] Layer 35: loading 8 expert(s)
[MoE] Layer 36: loading 5 expert(s)
[MoE] Layer 37: loading 5 expert(s)
[MoE] Layer 38: loading 6 expert(s)
[MoE] Layer 39: loading 5 expert(s)
[MoE] Layer 40: loading 6 expert(s)
[MoE] Layer 41: loading 7 expert(s)
[MoE] Layer 42: loading 5 expert(s)
[MoE] Layer 43: loading 3 expert(s)
[MoE] Layer 44: loading 4 expert(s)
[MoE] Layer 45: loading 4 expert(s)
[MoE] Layer 46: loading 5 expert(s)
[MoE] Layer 47: loading 5 expert(s)
[MoE] Layer 0: loading 2 expert(s)
[MoE] Layer 1: loading 3 expert(s)
[MoE] Layer 2: loading 3 expert(s)
[MoE] Layer 3: loading 4 expert(s)
[MoE] Layer 4: loading 1 expert(s)
[MoE] Layer 5: loading 4 expert(s)
[MoE] Layer 6: loading 1 expert(s)
[MoE] Layer 7: loading 3 expert(s)
[MoE] Layer 8: loading 3 expert(s)
[MoE] Layer 9: loading 1 expert(s)
[MoE] Layer 10: loading 2 expert(s)
[MoE] Layer 11: loading 5 expert(s)
[MoE] Layer 12: loading 4 expert(s)
[MoE] Layer 13: loading 4 expert(s)
[MoE] Layer 14: loading 3 expert(s)
[MoE] Layer 15: loading 2 expert(s)
[MoE] Layer 16: loading 3 expert(s)
[MoE] Layer 17: loading 4 expert(s)
[MoE] Layer 18: loading 3 expert(s)
[MoE] Layer 19: loading 3 expert(s)
[MoE] Layer 20: loading 3 expert(s)
[MoE] Layer 21: loading 2 expert(s)
[MoE] Layer 22: loading 3 expert(s)
[MoE] Layer 23: loading 3 expert(s)
[MoE] Layer 24: loading 1 expert(s)
[MoE] Layer 25: loading 4 expert(s)
[MoE] Layer 26: loading 4 expert(s)
[MoE] Layer 27: loading 1 expert(s)
[MoE] Layer 28: loading 3 expert(s)
[MoE] Layer 29: loading 4 expert(s)
[MoE] Layer 30: loading 1 expert(s)
[MoE] Layer 31: loading 3 expert(s)
[MoE] Layer 32: loading 1 expert(s)
[MoE] Layer 33: loading 3 expert(s)
[MoE] Layer 34: loading 4 expert(s)
[MoE] Layer 35: loading 3 expert(s)
[MoE] Layer 36: loading 3 expert(s)
[MoE] Layer 37: loading 6 expert(s)
[MoE] Layer 38: loading 4 expert(s)
[MoE] Layer 39: loading 3 expert(s)
[MoE] Layer 40: loading 3 expert(s)
[MoE] Layer 41: loading 3 expert(s)
[MoE] Layer 42: loading 4 expert(s)
[MoE] Layer 43: loading 1 expert(s)
[MoE] Layer 44: loading 1 expert(s)
[MoE] Layer 45: loading 2 expert(s)
[MoE] Layer 46: loading 1 expert(s)
[MoE] Layer 47: loading 3 expert(s)
[MoE] Layer 0: loading 7 expert(s)
[MoE] Layer 1: loading 6 expert(s)
[MoE] Layer 2: loading 5 expert(s)
[MoE] Layer 3: loading 3 expert(s)
[MoE] Layer 4: loading 4 expert(s)
[MoE] Layer 5: loading 5 expert(s)
[MoE] Layer 7: loading 4 expert(s)
[MoE] Layer 8: loading 2 expert(s)
[MoE] Layer 9: loading 3 expert(s)
[MoE] Layer 10: loading 4 expert(s)
[MoE] Layer 11: loading 4 expert(s)
[MoE] Layer 12: loading 4 expert(s)
[MoE] Layer 13: loading 4 expert(s)
[MoE] Layer 14: loading 5 expert(s)
[MoE] Layer 15: loading 3 expert(s)
[MoE] Layer 16: loading 3 expert(s)
[MoE] Layer 17: loading 6 expert(s)
[MoE] Layer 18: loading 1 expert(s)
[MoE] Layer 19: loading 2 expert(s)
[MoE] Layer 21: loading 1 expert(s)
[MoE] Layer 22: loading 1 expert(s)
[MoE] Layer 23: loading 1 expert(s)
[MoE] Layer 24: loading 6 expert(s)
[MoE] Layer 25: loading 7 expert(s)
[MoE] Layer 26: loading 4 expert(s)
[MoE] Layer 27: loading 3 expert(s)
[MoE] Layer 28: loading 4 expert(s)
[MoE] Layer 29: loading 3 expert(s)
[MoE] Layer 30: loading 1 expert(s)
[MoE] Layer 31: loading 4 expert(s)
[MoE] Layer 32: loading 2 expert(s)
[MoE] Layer 33: loading 2 expert(s)
[MoE] Layer 34: loading 4 expert(s)
[MoE] Layer 35: loading 4 expert(s)
[MoE] Layer 36: loading 4 expert(s)
[MoE] Layer 37: loading 5 expert(s)
[MoE] Layer 38: loading 3 expert(s)
[MoE] Layer 39: loading 3 expert(s)
[MoE] Layer 40: loading 2 expert(s)
[MoE] Layer 41: loading 6 expert(s)
[MoE] Layer 42: loading 5 expert(s)
[MoE] Layer 43: loading 4 expert(s)
[MoE] Layer 45: loading 3 expert(s)
[MoE] Layer 46: loading 3 expert(s)
[MoE] Layer 47: loading 6 expert(s)
[MoE] Layer 0: loading 5 expert(s)
[MoE] Layer 1: loading 5 expert(s)
[MoE] Layer 2: loading 6 expert(s)
[MoE] Layer 3: loading 6 expert(s)
[MoE] Layer 4: loading 4 expert(s)
[MoE] Layer 5: loading 2 expert(s)
[MoE] Layer 6: loading 1 expert(s)
[MoE] Layer 7: loading 2 expert(s)
[MoE] Layer 8: loading 2 expert(s)
[MoE] Layer 9: loading 2 expert(s)
[MoE] Layer 10: loading 3 expert(s)
[MoE] Layer 11: loading 1 expert(s)
[MoE] Layer 12: loading 2 expert(s)
[MoE] Layer 13: loading 4 expert(s)
[MoE] Layer 14: loading 3 expert(s)
[MoE] Layer 15: loading 2 expert(s)
[MoE] Layer 16: loading 2 expert(s)
[MoE] Layer 17: loading 2 expert(s)
[MoE] Layer 19: loading 1 expert(s)
[MoE] Layer 20: loading 1 expert(s)
[MoE] Layer 21: loading 1 expert(s)
[MoE] Layer 22: loading 1 expert(s)
[MoE] Layer 23: loading 1 expert(s)
[MoE] Layer 24: loading 3 expert(s)
[MoE] Layer 25: loading 4 expert(s)
[MoE] Layer 26: loading 2 expert(s)
[MoE] Layer 27: loading 2 expert(s)
[MoE] Layer 28: loading 4 expert(s)
[MoE] Layer 29: loading 2 expert(s)
[MoE] Layer 30: loading 1 expert(s)
[MoE] Layer 31: loading 1 expert(s)
[MoE] Layer 32: loading 3 expert(s)
[MoE] Layer 33: loading 1 expert(s)
[MoE] Layer 34: loading 3 expert(s)
[MoE] Layer 35: loading 2 expert(s)
[MoE] Layer 36: loading 2 expert(s)
[MoE] Layer 37: loading 4 expert(s)
[MoE] Layer 38: loading 4 expert(s)
[MoE] Layer 39: loading 3 expert(s)
[MoE] Layer 40: loading 2 expert(s)
[MoE] Layer 41: loading 3 expert(s)
[MoE] Layer 42: loading 3 expert(s)
[MoE] Layer 43: loading 4 expert(s)
[MoE] Layer 44: loading 3 expert(s)
[MoE] Layer 45: loading 2 expert(s)
[MoE] Layer 46: loading 4 expert(s)
[MoE] Layer 47: loading 4 expert(s)
[MoE] Layer 0: loading 8 expert(s)
[MoE] Layer 1: loading 5 expert(s)
[MoE] Layer 2: loading 6 expert(s)
[MoE] Layer 3: loading 5 expert(s)
[MoE] Layer 4: loading 6 expert(s)
[MoE] Layer 5: loading 5 expert(s)
[MoE] Layer 6: loading 4 expert(s)
[MoE] Layer 7: loading 5 expert(s)
[MoE] Layer 8: loading 1 expert(s)
[MoE] Layer 9: loading 1 expert(s)
[MoE] Layer 10: loading 3 expert(s)
[MoE] Layer 11: loading 3 expert(s)
[MoE] Layer 12: loading 1 expert(s)
[MoE] Layer 13: loading 1 expert(s)
[MoE] Layer 14: loading 3 expert(s)
[MoE] Layer 15: loading 3 expert(s)
[MoE] Layer 16: loading 4 expert(s)
[MoE] Layer 17: loading 4 expert(s)
[MoE] Layer 18: loading 1 expert(s)
[MoE] Layer 19: loading 1 expert(s)
[MoE] Layer 20: loading 1 expert(s)
[MoE] Layer 22: loading 1 expert(s)
[MoE] Layer 23: loading 1 expert(s)
[MoE] Layer 24: loading 4 expert(s)
[MoE] Layer 25: loading 5 expert(s)
[MoE] Layer 26: loading 5 expert(s)
[MoE] Layer 27: loading 3 expert(s)
[MoE] Layer 28: loading 4 expert(s)
[MoE] Layer 29: loading 5 expert(s)
[MoE] Layer 30: loading 2 expert(s)
[MoE] Layer 31: loading 1 expert(s)
[MoE] Layer 32: loading 2 expert(s)
[MoE] Layer 33: loading 3 expert(s)
[MoE] Layer 34: loading 4 expert(s)
[MoE] Layer 35: loading 3 expert(s)
[MoE] Layer 36: loading 3 expert(s)
[MoE] Layer 37: loading 5 expert(s)
[MoE] Layer 38: loading 5 expert(s)
[MoE] Layer 39: loading 5 expert(s)
[MoE] Layer 40: loading 5 expert(s)
[MoE] Layer 41: loading 6 expert(s)
[MoE] Layer 42: loading 6 expert(s)
[MoE] Layer 43: loading 3 expert(s)
[MoE] Layer 44: loading 5 expert(s)
[MoE] Layer 45: loading 5 expert(s)
[MoE] Layer 46: loading 5 expert(s)
[MoE] Layer 47: loading 7 expert(s)
[gen 40/99] elapsed=28.4s  TPS=1.409
[MoE] Layer 0: loading 5 expert(s)
[MoE] Layer 1: loading 5 expert(s)
[MoE] Layer 2: loading 4 expert(s)
[MoE] Layer 3: loading 6 expert(s)
[MoE] Layer 4: loading 7 expert(s)
[MoE] Layer 5: loading 4 expert(s)
[MoE] Layer 6: loading 1 expert(s)
[MoE] Layer 7: loading 4 expert(s)
[MoE] Layer 8: loading 2 expert(s)
[MoE] Layer 9: loading 3 expert(s)
[MoE] Layer 10: loading 3 expert(s)
[MoE] Layer 11: loading 3 expert(s)
[MoE] Layer 12: loading 2 expert(s)
[MoE] Layer 13: loading 3 expert(s)
[MoE] Layer 14: loading 2 expert(s)
[MoE] Layer 15: loading 1 expert(s)
[MoE] Layer 17: loading 3 expert(s)
[MoE] Layer 19: loading 1 expert(s)
[MoE] Layer 20: loading 2 expert(s)
[MoE] Layer 21: loading 1 expert(s)
[MoE] Layer 22: loading 1 expert(s)
[MoE] Layer 23: loading 1 expert(s)
[MoE] Layer 24: loading 2 expert(s)
[MoE] Layer 25: loading 2 expert(s)
[MoE] Layer 26: loading 2 expert(s)
[MoE] Layer 27: loading 3 expert(s)
[MoE] Layer 28: loading 6 expert(s)
[MoE] Layer 29: loading 5 expert(s)
[MoE] Layer 30: loading 2 expert(s)
[MoE] Layer 31: loading 1 expert(s)
[MoE] Layer 32: loading 5 expert(s)
[MoE] Layer 33: loading 2 expert(s)
[MoE] Layer 34: loading 4 expert(s)
[MoE] Layer 35: loading 6 expert(s)
[MoE] Layer 36: loading 4 expert(s)
[MoE] Layer 37: loading 4 expert(s)
[MoE] Layer 38: loading 3 expert(s)
[MoE] Layer 39: loading 6 expert(s)
[MoE] Layer 40: loading 6 expert(s)
[MoE] Layer 41: loading 3 expert(s)
[MoE] Layer 42: loading 5 expert(s)
[MoE] Layer 43: loading 1 expert(s)
[MoE] Layer 44: loading 3 expert(s)
[MoE] Layer 45: loading 1 expert(s)
[MoE] Layer 46: loading 2 expert(s)
[MoE] Layer 47: loading 6 expert(s)
[MoE] Layer 0: loading 6 expert(s)
[MoE] Layer 1: loading 5 expert(s)
[MoE] Layer 2: loading 6 expert(s)
[MoE] Layer 3: loading 5 expert(s)
[MoE] Layer 4: loading 3 expert(s)
[MoE] Layer 5: loading 4 expert(s)
[MoE] Layer 6: loading 2 expert(s)
[MoE] Layer 7: loading 3 expert(s)
[MoE] Layer 8: loading 4 expert(s)
[MoE] Layer 9: loading 2 expert(s)
[MoE] Layer 10: loading 4 expert(s)
[MoE] Layer 11: loading 4 expert(s)
[MoE] Layer 12: loading 4 expert(s)
[MoE] Layer 13: loading 5 expert(s)
[MoE] Layer 14: loading 4 expert(s)
[MoE] Layer 15: loading 3 expert(s)
[MoE] Layer 16: loading 4 expert(s)
[MoE] Layer 17: loading 5 expert(s)
[MoE] Layer 18: loading 3 expert(s)
[MoE] Layer 19: loading 3 expert(s)
[MoE] Layer 20: loading 3 expert(s)
[MoE] Layer 21: loading 4 expert(s)
[MoE] Layer 22: loading 4 expert(s)
[MoE] Layer 23: loading 5 expert(s)
[MoE] Layer 24: loading 4 expert(s)
[MoE] Layer 25: loading 7 expert(s)
[MoE] Layer 26: loading 3 expert(s)
[MoE] Layer 27: loading 2 expert(s)
[MoE] Layer 28: loading 2 expert(s)
[MoE] Layer 29: loading 5 expert(s)
[MoE] Layer 30: loading 2 expert(s)
[MoE] Layer 32: loading 4 expert(s)
[MoE] Layer 33: loading 4 expert(s)
[MoE] Layer 34: loading 4 expert(s)
[MoE] Layer 35: loading 3 expert(s)
[MoE] Layer 36: loading 3 expert(s)
[MoE] Layer 37: loading 3 expert(s)
[MoE] Layer 38: loading 4 expert(s)
[MoE] Layer 39: loading 2 expert(s)
[MoE] Layer 40: loading 3 expert(s)
[MoE] Layer 41: loading 5 expert(s)
[MoE] Layer 42: loading 4 expert(s)
[MoE] Layer 43: loading 2 expert(s)
[MoE] Layer 44: loading 2 expert(s)
[MoE] Layer 45: loading 4 expert(s)
[MoE] Layer 46: loading 1 expert(s)
[MoE] Layer 47: loading 2 expert(s)
[MoE] Layer 0: loading 6 expert(s)
[MoE] Layer 1: loading 3 expert(s)
[MoE] Layer 2: loading 4 expert(s)
[MoE] Layer 3: loading 2 expert(s)
[MoE] Layer 4: loading 5 expert(s)
[MoE] Layer 5: loading 3 expert(s)
[MoE] Layer 6: loading 1 expert(s)
[MoE] Layer 7: loading 2 expert(s)
[MoE] Layer 8: loading 2 expert(s)
[MoE] Layer 9: loading 3 expert(s)
[MoE] Layer 10: loading 1 expert(s)
[MoE] Layer 11: loading 4 expert(s)
[MoE] Layer 12: loading 2 expert(s)
[MoE] Layer 13: loading 4 expert(s)
[MoE] Layer 14: loading 3 expert(s)
[MoE] Layer 15: loading 2 expert(s)
[MoE] Layer 16: loading 3 expert(s)
[MoE] Layer 17: loading 3 expert(s)
[MoE] Layer 19: loading 2 expert(s)
[MoE] Layer 20: loading 1 expert(s)
[MoE] Layer 21: loading 4 expert(s)
[MoE] Layer 22: loading 3 expert(s)
[MoE] Layer 23: loading 3 expert(s)
[MoE] Layer 24: loading 3 expert(s)
[MoE] Layer 25: loading 2 expert(s)
[MoE] Layer 26: loading 2 expert(s)
[MoE] Layer 27: loading 2 expert(s)
[MoE] Layer 28: loading 6 expert(s)
[MoE] Layer 29: loading 3 expert(s)
[MoE] Layer 30: loading 2 expert(s)
[MoE] Layer 31: loading 3 expert(s)
[MoE] Layer 32: loading 2 expert(s)
[MoE] Layer 33: loading 1 expert(s)
[MoE] Layer 34: loading 3 expert(s)
[MoE] Layer 35: loading 1 expert(s)
[MoE] Layer 36: loading 2 expert(s)
[MoE] Layer 37: loading 3 expert(s)
[MoE] Layer 38: loading 2 expert(s)
[MoE] Layer 39: loading 1 expert(s)
[MoE] Layer 40: loading 2 expert(s)
[MoE] Layer 41: loading 2 expert(s)
[MoE] Layer 42: loading 2 expert(s)
[MoE] Layer 43: loading 2 expert(s)
[MoE] Layer 45: loading 3 expert(s)
[MoE] Layer 46: loading 5 expert(s)
[MoE] Layer 47: loading 2 expert(s)
[MoE] Layer 0: loading 8 expert(s)
[MoE] Layer 1: loading 4 expert(s)
[MoE] Layer 2: loading 4 expert(s)
[MoE] Layer 3: loading 5 expert(s)
[MoE] Layer 4: loading 5 expert(s)
[MoE] Layer 5: loading 5 expert(s)
[MoE] Layer 6: loading 2 expert(s)
[MoE] Layer 7: loading 1 expert(s)
[MoE] Layer 8: loading 2 expert(s)
[MoE] Layer 9: loading 2 expert(s)
[MoE] Layer 10: loading 3 expert(s)
[MoE] Layer 11: loading 1 expert(s)
[MoE] Layer 12: loading 1 expert(s)
[MoE] Layer 13: loading 5 expert(s)
[MoE] Layer 14: loading 1 expert(s)
[MoE] Layer 15: loading 3 expert(s)
[MoE] Layer 16: loading 2 expert(s)
[MoE] Layer 17: loading 3 expert(s)
[MoE] Layer 18: loading 1 expert(s)
[MoE] Layer 19: loading 2 expert(s)
[MoE] Layer 21: loading 1 expert(s)
[MoE] Layer 22: loading 4 expert(s)
[MoE] Layer 23: loading 2 expert(s)
[MoE] Layer 24: loading 1 expert(s)
[MoE] Layer 25: loading 3 expert(s)
[MoE] Layer 26: loading 2 expert(s)
[MoE] Layer 27: loading 3 expert(s)
[MoE] Layer 28: loading 2 expert(s)
[MoE] Layer 29: loading 1 expert(s)
[MoE] Layer 30: loading 1 expert(s)
[MoE] Layer 31: loading 2 expert(s)
[MoE] Layer 32: loading 4 expert(s)
[MoE] Layer 33: loading 2 expert(s)
[MoE] Layer 34: loading 3 expert(s)
[MoE] Layer 35: loading 3 expert(s)
[MoE] Layer 36: loading 2 expert(s)
[MoE] Layer 37: loading 3 expert(s)
[MoE] Layer 39: loading 1 expert(s)
[MoE] Layer 40: loading 4 expert(s)
[MoE] Layer 41: loading 2 expert(s)
[MoE] Layer 42: loading 2 expert(s)
[MoE] Layer 43: loading 3 expert(s)
[MoE] Layer 44: loading 2 expert(s)
[MoE] Layer 45: loading 1 expert(s)
[MoE] Layer 46: loading 3 expert(s)
[MoE] Layer 47: loading 3 expert(s)
[MoE] Layer 0: loading 8 expert(s)
[MoE] Layer 1: loading 5 expert(s)
[MoE] Layer 2: loading 5 expert(s)
[MoE] Layer 3: loading 4 expert(s)
[MoE] Layer 4: loading 5 expert(s)
[MoE] Layer 5: loading 2 expert(s)
[MoE] Layer 6: loading 1 expert(s)
[MoE] Layer 7: loading 3 expert(s)
[MoE] Layer 8: loading 4 expert(s)
[MoE] Layer 9: loading 3 expert(s)
[MoE] Layer 10: loading 5 expert(s)
[MoE] Layer 11: loading 3 expert(s)
[MoE] Layer 12: loading 1 expert(s)
[MoE] Layer 13: loading 3 expert(s)
[MoE] Layer 14: loading 3 expert(s)
[MoE] Layer 15: loading 4 expert(s)
[MoE] Layer 16: loading 5 expert(s)
[MoE] Layer 17: loading 3 expert(s)
[MoE] Layer 18: loading 1 expert(s)
[MoE] Layer 19: loading 2 expert(s)
[MoE] Layer 20: loading 1 expert(s)
[MoE] Layer 21: loading 3 expert(s)
[MoE] Layer 22: loading 5 expert(s)
[MoE] Layer 23: loading 2 expert(s)
[MoE] Layer 24: loading 3 expert(s)
[MoE] Layer 25: loading 3 expert(s)
[MoE] Layer 26: loading 2 expert(s)
[MoE] Layer 27: loading 4 expert(s)
[MoE] Layer 28: loading 3 expert(s)
[MoE] Layer 29: loading 2 expert(s)
[MoE] Layer 30: loading 2 expert(s)
[MoE] Layer 31: loading 1 expert(s)
[MoE] Layer 32: loading 2 expert(s)
[MoE] Layer 33: loading 3 expert(s)
[MoE] Layer 34: loading 3 expert(s)
[MoE] Layer 35: loading 3 expert(s)
[MoE] Layer 36: loading 2 expert(s)
[MoE] Layer 37: loading 3 expert(s)
[MoE] Layer 38: loading 3 expert(s)
[MoE] Layer 39: loading 2 expert(s)
[MoE] Layer 40: loading 4 expert(s)
[MoE] Layer 41: loading 3 expert(s)
[MoE] Layer 42: loading 2 expert(s)
[MoE] Layer 43: loading 2 expert(s)
[MoE] Layer 44: loading 3 expert(s)
[MoE] Layer 46: loading 1 expert(s)
[MoE] Layer 47: loading 2 expert(s)
[gen 45/99] elapsed=31.9s  TPS=1.411
[MoE] Layer 0: loading 7 expert(s)
[MoE] Layer 1: loading 5 expert(s)
[MoE] Layer 2: loading 6 expert(s)
[MoE] Layer 3: loading 2 expert(s)
[MoE] Layer 4: loading 3 expert(s)
[MoE] Layer 5: loading 3 expert(s)
[MoE] Layer 7: loading 2 expert(s)
[MoE] Layer 8: loading 2 expert(s)
[MoE] Layer 9: loading 2 expert(s)
[MoE] Layer 10: loading 2 expert(s)
[MoE] Layer 11: loading 4 expert(s)
[MoE] Layer 12: loading 2 expert(s)
[MoE] Layer 13: loading 3 expert(s)
[MoE] Layer 14: loading 4 expert(s)
[MoE] Layer 15: loading 4 expert(s)
[MoE] Layer 16: loading 3 expert(s)
[MoE] Layer 17: loading 4 expert(s)
[MoE] Layer 19: loading 2 expert(s)
[MoE] Layer 20: loading 2 expert(s)
[MoE] Layer 21: loading 3 expert(s)
[MoE] Layer 22: loading 1 expert(s)
[MoE] Layer 23: loading 4 expert(s)
[MoE] Layer 24: loading 1 expert(s)
[MoE] Layer 25: loading 5 expert(s)
[MoE] Layer 26: loading 3 expert(s)
[MoE] Layer 27: loading 1 expert(s)
[MoE] Layer 28: loading 1 expert(s)
[MoE] Layer 29: loading 5 expert(s)
[MoE] Layer 30: loading 1 expert(s)
[MoE] Layer 31: loading 1 expert(s)
[MoE] Layer 32: loading 2 expert(s)
[MoE] Layer 33: loading 4 expert(s)
[MoE] Layer 34: loading 2 expert(s)
[MoE] Layer 35: loading 3 expert(s)
[MoE] Layer 36: loading 2 expert(s)
[MoE] Layer 37: loading 7 expert(s)
[MoE] Layer 38: loading 3 expert(s)
[MoE] Layer 39: loading 3 expert(s)
[MoE] Layer 40: loading 5 expert(s)
[MoE] Layer 41: loading 5 expert(s)
[MoE] Layer 42: loading 5 expert(s)
[MoE] Layer 43: loading 5 expert(s)
[MoE] Layer 44: loading 3 expert(s)
[MoE] Layer 45: loading 2 expert(s)
[MoE] Layer 46: loading 4 expert(s)
[MoE] Layer 47: loading 5 expert(s)
[MoE] Layer 0: loading 4 expert(s)
[MoE] Layer 1: loading 5 expert(s)
[MoE] Layer 3: loading 3 expert(s)
[MoE] Layer 4: loading 3 expert(s)
[MoE] Layer 5: loading 1 expert(s)
[MoE] Layer 8: loading 2 expert(s)
[MoE] Layer 9: loading 2 expert(s)
[MoE] Layer 10: loading 1 expert(s)
[MoE] Layer 11: loading 3 expert(s)
[MoE] Layer 12: loading 3 expert(s)
[MoE] Layer 13: loading 3 expert(s)
[MoE] Layer 14: loading 1 expert(s)
[MoE] Layer 15: loading 1 expert(s)
[MoE] Layer 16: loading 2 expert(s)
[MoE] Layer 17: loading 2 expert(s)
[MoE] Layer 19: loading 2 expert(s)
[MoE] Layer 20: loading 1 expert(s)
[MoE] Layer 21: loading 2 expert(s)
[MoE] Layer 22: loading 1 expert(s)
[MoE] Layer 23: loading 4 expert(s)
[MoE] Layer 24: loading 1 expert(s)
[MoE] Layer 25: loading 5 expert(s)
[MoE] Layer 26: loading 2 expert(s)
[MoE] Layer 27: loading 1 expert(s)
[MoE] Layer 28: loading 2 expert(s)
[MoE] Layer 29: loading 2 expert(s)
[MoE] Layer 30: loading 2 expert(s)
[MoE] Layer 31: loading 4 expert(s)
[MoE] Layer 33: loading 2 expert(s)
[MoE] Layer 34: loading 2 expert(s)
[MoE] Layer 35: loading 3 expert(s)
[MoE] Layer 36: loading 1 expert(s)
[MoE] Layer 37: loading 1 expert(s)
[MoE] Layer 38: loading 2 expert(s)
[MoE] Layer 40: loading 2 expert(s)
[MoE] Layer 41: loading 4 expert(s)
[MoE] Layer 42: loading 1 expert(s)
[MoE] Layer 46: loading 1 expert(s)
[MoE] Layer 47: loading 1 expert(s)
[MoE] Layer 0: loading 7 expert(s)
[MoE] Layer 1: loading 3 expert(s)
[MoE] Layer 2: loading 6 expert(s)
[MoE] Layer 3: loading 7 expert(s)
[MoE] Layer 4: loading 6 expert(s)
[MoE] Layer 5: loading 3 expert(s)
[MoE] Layer 6: loading 2 expert(s)
[MoE] Layer 7: loading 2 expert(s)
[MoE] Layer 8: loading 4 expert(s)
[MoE] Layer 9: loading 5 expert(s)
[MoE] Layer 10: loading 4 expert(s)
[MoE] Layer 11: loading 4 expert(s)
[MoE] Layer 12: loading 5 expert(s)
[MoE] Layer 13: loading 6 expert(s)
[MoE] Layer 14: loading 1 expert(s)
[MoE] Layer 15: loading 4 expert(s)
[MoE] Layer 16: loading 2 expert(s)
[MoE] Layer 17: loading 4 expert(s)
[MoE] Layer 18: loading 3 expert(s)
[MoE] Layer 19: loading 2 expert(s)
[MoE] Layer 20: loading 3 expert(s)
[MoE] Layer 21: loading 4 expert(s)
[MoE] Layer 22: loading 4 expert(s)
[MoE] Layer 23: loading 4 expert(s)
[MoE] Layer 24: loading 3 expert(s)
[MoE] Layer 25: loading 3 expert(s)
[MoE] Layer 26: loading 3 expert(s)
[MoE] Layer 27: loading 3 expert(s)
[MoE] Layer 28: loading 2 expert(s)
[MoE] Layer 29: loading 3 expert(s)
[MoE] Layer 30: loading 2 expert(s)
[MoE] Layer 31: loading 2 expert(s)
[MoE] Layer 32: loading 2 expert(s)
[MoE] Layer 33: loading 1 expert(s)
[MoE] Layer 34: loading 4 expert(s)
[MoE] Layer 35: loading 5 expert(s)
[MoE] Layer 36: loading 3 expert(s)
[MoE] Layer 37: loading 4 expert(s)
[MoE] Layer 38: loading 3 expert(s)
[MoE] Layer 39: loading 5 expert(s)
[MoE] Layer 40: loading 2 expert(s)
[MoE] Layer 41: loading 3 expert(s)
[MoE] Layer 42: loading 5 expert(s)
[MoE] Layer 43: loading 2 expert(s)
[MoE] Layer 44: loading 2 expert(s)
[MoE] Layer 46: loading 1 expert(s)
[MoE] Layer 47: loading 4 expert(s)
[MoE] Layer 0: loading 6 expert(s)
[MoE] Layer 1: loading 4 expert(s)
[MoE] Layer 2: loading 3 expert(s)
[MoE] Layer 3: loading 4 expert(s)
[MoE] Layer 4: loading 4 expert(s)
[MoE] Layer 5: loading 1 expert(s)
[MoE] Layer 6: loading 1 expert(s)
[MoE] Layer 7: loading 2 expert(s)
[MoE] Layer 8: loading 2 expert(s)
[MoE] Layer 9: loading 1 expert(s)
[MoE] Layer 10: loading 4 expert(s)
[MoE] Layer 13: loading 2 expert(s)
[MoE] Layer 14: loading 2 expert(s)
[MoE] Layer 15: loading 1 expert(s)
[MoE] Layer 16: loading 2 expert(s)
[MoE] Layer 18: loading 2 expert(s)
[MoE] Layer 19: loading 3 expert(s)
[MoE] Layer 20: loading 4 expert(s)
[MoE] Layer 21: loading 4 expert(s)
[MoE] Layer 22: loading 2 expert(s)
[MoE] Layer 23: loading 3 expert(s)
[MoE] Layer 24: loading 1 expert(s)
[MoE] Layer 25: loading 3 expert(s)
[MoE] Layer 26: loading 1 expert(s)
[MoE] Layer 27: loading 2 expert(s)
[MoE] Layer 28: loading 4 expert(s)
[MoE] Layer 29: loading 2 expert(s)
[MoE] Layer 30: loading 1 expert(s)
[MoE] Layer 31: loading 2 expert(s)
[MoE] Layer 32: loading 3 expert(s)
[MoE] Layer 33: loading 2 expert(s)
[MoE] Layer 34: loading 2 expert(s)
[MoE] Layer 35: loading 3 expert(s)
[MoE] Layer 36: loading 2 expert(s)
[MoE] Layer 37: loading 2 expert(s)
[MoE] Layer 38: loading 2 expert(s)
[MoE] Layer 39: loading 3 expert(s)
[MoE] Layer 40: loading 2 expert(s)
[MoE] Layer 41: loading 4 expert(s)
[MoE] Layer 43: loading 1 expert(s)
[MoE] Layer 45: loading 2 expert(s)
[MoE] Layer 47: loading 1 expert(s)
[MoE] Layer 0: loading 4 expert(s)
[MoE] Layer 1: loading 3 expert(s)
[MoE] Layer 2: loading 2 expert(s)
[MoE] Layer 3: loading 3 expert(s)
[MoE] Layer 5: loading 3 expert(s)
[MoE] Layer 6: loading 1 expert(s)
[MoE] Layer 8: loading 1 expert(s)
[MoE] Layer 11: loading 1 expert(s)
[MoE] Layer 12: loading 1 expert(s)
[MoE] Layer 15: loading 1 expert(s)
[MoE] Layer 16: loading 2 expert(s)
[MoE] Layer 18: loading 1 expert(s)
[MoE] Layer 19: loading 2 expert(s)
[MoE] Layer 21: loading 2 expert(s)
[MoE] Layer 22: loading 1 expert(s)
[MoE] Layer 24: loading 1 expert(s)
[MoE] Layer 25: loading 3 expert(s)
[MoE] Layer 27: loading 2 expert(s)
[MoE] Layer 28: loading 1 expert(s)
[MoE] Layer 29: loading 1 expert(s)
[MoE] Layer 30: loading 1 expert(s)
[MoE] Layer 31: loading 2 expert(s)
[MoE] Layer 32: loading 2 expert(s)
[MoE] Layer 34: loading 1 expert(s)
[MoE] Layer 35: loading 3 expert(s)
[MoE] Layer 36: loading 2 expert(s)
[MoE] Layer 37: loading 3 expert(s)
[MoE] Layer 39: loading 2 expert(s)
[MoE] Layer 41: loading 2 expert(s)
[MoE] Layer 42: loading 3 expert(s)
[MoE] Layer 46: loading 1 expert(s)
[MoE] Layer 47: loading 1 expert(s)
[gen 50/99] elapsed=34.9s  TPS=1.432
[MoE] Layer 0: loading 7 expert(s)
[MoE] Layer 1: loading 5 expert(s)
[MoE] Layer 2: loading 5 expert(s)
[MoE] Layer 3: loading 3 expert(s)
[MoE] Layer 4: loading 2 expert(s)
[MoE] Layer 5: loading 4 expert(s)
[MoE] Layer 6: loading 2 expert(s)
[MoE] Layer 7: loading 1 expert(s)
[MoE] Layer 9: loading 2 expert(s)
[MoE] Layer 10: loading 1 expert(s)
[MoE] Layer 11: loading 4 expert(s)
[MoE] Layer 12: loading 2 expert(s)
[MoE] Layer 13: loading 5 expert(s)
[MoE] Layer 15: loading 2 expert(s)
[MoE] Layer 16: loading 3 expert(s)
[MoE] Layer 19: loading 1 expert(s)
[MoE] Layer 20: loading 1 expert(s)
[MoE] Layer 21: loading 2 expert(s)
[MoE] Layer 22: loading 2 expert(s)
[MoE] Layer 23: loading 2 expert(s)
[MoE] Layer 24: loading 3 expert(s)
[MoE] Layer 25: loading 2 expert(s)
[MoE] Layer 27: loading 1 expert(s)
[MoE] Layer 28: loading 2 expert(s)
[MoE] Layer 29: loading 1 expert(s)
[MoE] Layer 30: loading 2 expert(s)
[MoE] Layer 31: loading 1 expert(s)
[MoE] Layer 32: loading 2 expert(s)
[MoE] Layer 33: loading 1 expert(s)
[MoE] Layer 34: loading 1 expert(s)
[MoE] Layer 35: loading 2 expert(s)
[MoE] Layer 36: loading 2 expert(s)
[MoE] Layer 37: loading 1 expert(s)
[MoE] Layer 39: loading 3 expert(s)
[MoE] Layer 40: loading 1 expert(s)
[MoE] Layer 41: loading 1 expert(s)
[MoE] Layer 42: loading 2 expert(s)
[MoE] Layer 43: loading 1 expert(s)
[MoE] Layer 44: loading 1 expert(s)
[MoE] Layer 46: loading 1 expert(s)
[MoE] Layer 47: loading 2 expert(s)
[MoE] Layer 0: loading 5 expert(s)
[MoE] Layer 1: loading 4 expert(s)
[MoE] Layer 2: loading 4 expert(s)
[MoE] Layer 3: loading 2 expert(s)
[MoE] Layer 4: loading 2 expert(s)
[MoE] Layer 5: loading 2 expert(s)
[MoE] Layer 6: loading 2 expert(s)
[MoE] Layer 7: loading 1 expert(s)
[MoE] Layer 8: loading 2 expert(s)
[MoE] Layer 9: loading 3 expert(s)
[MoE] Layer 10: loading 4 expert(s)
[MoE] Layer 11: loading 3 expert(s)
[MoE] Layer 12: loading 1 expert(s)
[MoE] Layer 13: loading 3 expert(s)
[MoE] Layer 14: loading 1 expert(s)
[MoE] Layer 15: loading 1 expert(s)
[MoE] Layer 16: loading 3 expert(s)
[MoE] Layer 18: loading 1 expert(s)
[MoE] Layer 19: loading 2 expert(s)
[MoE] Layer 20: loading 2 expert(s)
[MoE] Layer 21: loading 3 expert(s)
[MoE] Layer 22: loading 4 expert(s)
[MoE] Layer 23: loading 3 expert(s)
[MoE] Layer 24: loading 3 expert(s)
[MoE] Layer 25: loading 1 expert(s)
[MoE] Layer 26: loading 3 expert(s)
[MoE] Layer 27: loading 2 expert(s)
[MoE] Layer 28: loading 2 expert(s)
[MoE] Layer 29: loading 1 expert(s)
[MoE] Layer 30: loading 1 expert(s)
[MoE] Layer 31: loading 2 expert(s)
[MoE] Layer 32: loading 2 expert(s)
[MoE] Layer 33: loading 4 expert(s)
[MoE] Layer 34: loading 3 expert(s)
[MoE] Layer 35: loading 3 expert(s)
[MoE] Layer 36: loading 2 expert(s)
[MoE] Layer 37: loading 3 expert(s)
[MoE] Layer 38: loading 1 expert(s)
[MoE] Layer 39: loading 3 expert(s)
[MoE] Layer 40: loading 3 expert(s)
[MoE] Layer 41: loading 1 expert(s)
[MoE] Layer 42: loading 2 expert(s)
[MoE] Layer 43: loading 2 expert(s)
[MoE] Layer 44: loading 2 expert(s)
[MoE] Layer 45: loading 1 expert(s)
[MoE] Layer 46: loading 1 expert(s)
[MoE] Layer 47: loading 3 expert(s)
[MoE] Layer 0: loading 2 expert(s)
[MoE] Layer 1: loading 4 expert(s)
[MoE] Layer 2: loading 3 expert(s)
[MoE] Layer 3: loading 3 expert(s)
[MoE] Layer 4: loading 2 expert(s)
[MoE] Layer 5: loading 2 expert(s)
[MoE] Layer 7: loading 1 expert(s)
[MoE] Layer 8: loading 4 expert(s)
[MoE] Layer 9: loading 2 expert(s)
[MoE] Layer 10: loading 1 expert(s)
[MoE] Layer 11: loading 3 expert(s)
[MoE] Layer 12: loading 3 expert(s)
[MoE] Layer 13: loading 4 expert(s)
[MoE] Layer 14: loading 1 expert(s)
[MoE] Layer 15: loading 2 expert(s)
[MoE] Layer 16: loading 2 expert(s)
[MoE] Layer 18: loading 1 expert(s)
[MoE] Layer 19: loading 1 expert(s)
[MoE] Layer 21: loading 3 expert(s)
[MoE] Layer 22: loading 3 expert(s)
[MoE] Layer 23: loading 3 expert(s)
[MoE] Layer 24: loading 1 expert(s)
[MoE] Layer 25: loading 2 expert(s)
[MoE] Layer 26: loading 1 expert(s)
[MoE] Layer 27: loading 1 expert(s)
[MoE] Layer 29: loading 1 expert(s)
[MoE] Layer 30: loading 1 expert(s)
[MoE] Layer 31: loading 2 expert(s)
[MoE] Layer 32: loading 3 expert(s)
[MoE] Layer 33: loading 3 expert(s)
[MoE] Layer 34: loading 4 expert(s)
[MoE] Layer 35: loading 2 expert(s)
[MoE] Layer 36: loading 2 expert(s)
[MoE] Layer 37: loading 1 expert(s)
[MoE] Layer 38: loading 1 expert(s)
[MoE] Layer 39: loading 2 expert(s)
[MoE] Layer 40: loading 3 expert(s)
[MoE] Layer 43: loading 1 expert(s)
[MoE] Layer 44: loading 2 expert(s)
[MoE] Layer 47: loading 1 expert(s)
[MoE] Layer 0: loading 2 expert(s)
[MoE] Layer 1: loading 4 expert(s)
[MoE] Layer 2: loading 5 expert(s)
[MoE] Layer 3: loading 3 expert(s)
[MoE] Layer 4: loading 2 expert(s)
[MoE] Layer 5: loading 1 expert(s)
[MoE] Layer 6: loading 1 expert(s)
[MoE] Layer 9: loading 2 expert(s)
[MoE] Layer 10: loading 2 expert(s)
[MoE] Layer 11: loading 1 expert(s)
[MoE] Layer 12: loading 2 expert(s)
[MoE] Layer 13: loading 2 expert(s)
[MoE] Layer 14: loading 1 expert(s)
[MoE] Layer 15: loading 2 expert(s)
[MoE] Layer 17: loading 1 expert(s)
[MoE] Layer 19: loading 1 expert(s)
[MoE] Layer 22: loading 2 expert(s)
[MoE] Layer 23: loading 3 expert(s)
[MoE] Layer 24: loading 1 expert(s)
[MoE] Layer 25: loading 1 expert(s)
[MoE] Layer 27: loading 1 expert(s)
[MoE] Layer 30: loading 1 expert(s)
[MoE] Layer 31: loading 1 expert(s)
[MoE] Layer 32: loading 1 expert(s)
[MoE] Layer 33: loading 1 expert(s)
[MoE] Layer 34: loading 1 expert(s)
[MoE] Layer 35: loading 2 expert(s)
[MoE] Layer 36: loading 1 expert(s)
[MoE] Layer 37: loading 1 expert(s)
[MoE] Layer 41: loading 2 expert(s)
[MoE] Layer 42: loading 1 expert(s)
[MoE] Layer 44: loading 1 expert(s)
[MoE] Layer 0: loading 3 expert(s)
[MoE] Layer 1: loading 2 expert(s)
[MoE] Layer 2: loading 4 expert(s)
[MoE] Layer 3: loading 3 expert(s)
[MoE] Layer 4: loading 3 expert(s)
[MoE] Layer 5: loading 2 expert(s)
[MoE] Layer 6: loading 1 expert(s)
[MoE] Layer 8: loading 3 expert(s)
[MoE] Layer 9: loading 2 expert(s)
[MoE] Layer 10: loading 2 expert(s)
[MoE] Layer 12: loading 1 expert(s)
[MoE] Layer 13: loading 4 expert(s)
[MoE] Layer 14: loading 2 expert(s)
[MoE] Layer 15: loading 1 expert(s)
[MoE] Layer 16: loading 1 expert(s)
[MoE] Layer 17: loading 3 expert(s)
[MoE] Layer 18: loading 1 expert(s)
[MoE] Layer 19: loading 1 expert(s)
[MoE] Layer 22: loading 2 expert(s)
[MoE] Layer 23: loading 2 expert(s)
[MoE] Layer 24: loading 1 expert(s)
[MoE] Layer 25: loading 3 expert(s)
[MoE] Layer 26: loading 3 expert(s)
[MoE] Layer 27: loading 1 expert(s)
[MoE] Layer 28: loading 1 expert(s)
[MoE] Layer 29: loading 2 expert(s)
[MoE] Layer 30: loading 3 expert(s)
[MoE] Layer 31: loading 2 expert(s)
[MoE] Layer 32: loading 1 expert(s)
[MoE] Layer 33: loading 3 expert(s)
[MoE] Layer 34: loading 3 expert(s)
[MoE] Layer 35: loading 1 expert(s)
[MoE] Layer 37: loading 3 expert(s)
[MoE] Layer 38: loading 1 expert(s)
[MoE] Layer 39: loading 4 expert(s)
[MoE] Layer 40: loading 1 expert(s)
[MoE] Layer 41: loading 1 expert(s)
[MoE] Layer 42: loading 3 expert(s)
[MoE] Layer 43: loading 4 expert(s)
[MoE] Layer 44: loading 3 expert(s)
[MoE] Layer 46: loading 2 expert(s)
[MoE] Layer 47: loading 3 expert(s)
[gen 55/99] elapsed=37.7s  TPS=1.460
[MoE] Layer 0: loading 6 expert(s)
[MoE] Layer 1: loading 5 expert(s)
[MoE] Layer 2: loading 6 expert(s)
[MoE] Layer 3: loading 5 expert(s)
[MoE] Layer 4: loading 6 expert(s)
[MoE] Layer 5: loading 6 expert(s)
[MoE] Layer 6: loading 1 expert(s)
[MoE] Layer 7: loading 2 expert(s)
[MoE] Layer 8: loading 3 expert(s)
[MoE] Layer 9: loading 3 expert(s)
[MoE] Layer 10: loading 6 expert(s)
[MoE] Layer 11: loading 6 expert(s)
[MoE] Layer 12: loading 2 expert(s)
[MoE] Layer 13: loading 2 expert(s)
[MoE] Layer 14: loading 1 expert(s)
[MoE] Layer 15: loading 2 expert(s)
[MoE] Layer 16: loading 3 expert(s)
[MoE] Layer 17: loading 2 expert(s)
[MoE] Layer 18: loading 2 expert(s)
[MoE] Layer 19: loading 2 expert(s)
[MoE] Layer 20: loading 4 expert(s)
[MoE] Layer 21: loading 4 expert(s)
[MoE] Layer 22: loading 5 expert(s)
[MoE] Layer 23: loading 5 expert(s)
[MoE] Layer 24: loading 4 expert(s)
[MoE] Layer 25: loading 5 expert(s)
[MoE] Layer 26: loading 1 expert(s)
[MoE] Layer 27: loading 5 expert(s)
[MoE] Layer 28: loading 4 expert(s)
[MoE] Layer 29: loading 4 expert(s)
[MoE] Layer 30: loading 2 expert(s)
[MoE] Layer 31: loading 3 expert(s)
[MoE] Layer 32: loading 4 expert(s)
[MoE] Layer 33: loading 2 expert(s)
[MoE] Layer 34: loading 5 expert(s)
[MoE] Layer 35: loading 6 expert(s)
[MoE] Layer 36: loading 4 expert(s)
[MoE] Layer 37: loading 5 expert(s)
[MoE] Layer 38: loading 3 expert(s)
[MoE] Layer 39: loading 2 expert(s)
[MoE] Layer 40: loading 3 expert(s)
[MoE] Layer 41: loading 3 expert(s)
[MoE] Layer 42: loading 5 expert(s)
[MoE] Layer 43: loading 2 expert(s)
[MoE] Layer 44: loading 2 expert(s)
[MoE] Layer 45: loading 1 expert(s)
[MoE] Layer 46: loading 2 expert(s)
[MoE] Layer 47: loading 3 expert(s)
[MoE] Layer 0: loading 7 expert(s)
[MoE] Layer 1: loading 4 expert(s)
[MoE] Layer 2: loading 4 expert(s)
[MoE] Layer 3: loading 2 expert(s)
[MoE] Layer 4: loading 2 expert(s)
[MoE] Layer 5: loading 4 expert(s)
[MoE] Layer 6: loading 2 expert(s)
[MoE] Layer 7: loading 1 expert(s)
[MoE] Layer 8: loading 2 expert(s)
[MoE] Layer 9: loading 4 expert(s)
[MoE] Layer 10: loading 4 expert(s)
[MoE] Layer 11: loading 3 expert(s)
[MoE] Layer 12: loading 1 expert(s)
[MoE] Layer 13: loading 4 expert(s)
[MoE] Layer 14: loading 1 expert(s)
[MoE] Layer 15: loading 2 expert(s)
[MoE] Layer 16: loading 2 expert(s)
[MoE] Layer 17: loading 4 expert(s)
[MoE] Layer 19: loading 1 expert(s)
[MoE] Layer 20: loading 1 expert(s)
[MoE] Layer 21: loading 2 expert(s)
[MoE] Layer 22: loading 5 expert(s)
[MoE] Layer 23: loading 5 expert(s)
[MoE] Layer 24: loading 5 expert(s)
[MoE] Layer 25: loading 3 expert(s)
[MoE] Layer 26: loading 3 expert(s)
[MoE] Layer 27: loading 3 expert(s)
[MoE] Layer 28: loading 2 expert(s)
[MoE] Layer 29: loading 4 expert(s)
[MoE] Layer 31: loading 2 expert(s)
[MoE] Layer 32: loading 3 expert(s)
[MoE] Layer 33: loading 2 expert(s)
[MoE] Layer 34: loading 4 expert(s)
[MoE] Layer 35: loading 3 expert(s)
[MoE] Layer 36: loading 3 expert(s)
[MoE] Layer 37: loading 3 expert(s)
[MoE] Layer 38: loading 1 expert(s)
[MoE] Layer 39: loading 2 expert(s)
[MoE] Layer 40: loading 3 expert(s)
[MoE] Layer 41: loading 3 expert(s)
[MoE] Layer 42: loading 3 expert(s)
[MoE] Layer 43: loading 3 expert(s)
[MoE] Layer 44: loading 2 expert(s)
[MoE] Layer 45: loading 3 expert(s)
[MoE] Layer 46: loading 5 expert(s)
[MoE] Layer 47: loading 4 expert(s)
[MoE] Layer 0: loading 8 expert(s)
[MoE] Layer 1: loading 4 expert(s)
[MoE] Layer 2: loading 4 expert(s)
[MoE] Layer 3: loading 5 expert(s)
[MoE] Layer 4: loading 3 expert(s)
[MoE] Layer 5: loading 1 expert(s)
[MoE] Layer 6: loading 1 expert(s)
[MoE] Layer 7: loading 1 expert(s)
[MoE] Layer 8: loading 2 expert(s)
[MoE] Layer 9: loading 2 expert(s)
[MoE] Layer 10: loading 3 expert(s)
[MoE] Layer 11: loading 3 expert(s)
[MoE] Layer 12: loading 1 expert(s)
[MoE] Layer 13: loading 1 expert(s)
[MoE] Layer 14: loading 1 expert(s)
[MoE] Layer 15: loading 1 expert(s)
[MoE] Layer 16: loading 3 expert(s)
[MoE] Layer 17: loading 3 expert(s)
[MoE] Layer 19: loading 2 expert(s)
[MoE] Layer 20: loading 3 expert(s)
[MoE] Layer 21: loading 1 expert(s)
[MoE] Layer 22: loading 3 expert(s)
[MoE] Layer 23: loading 3 expert(s)
[MoE] Layer 24: loading 1 expert(s)
[MoE] Layer 25: loading 1 expert(s)
[MoE] Layer 26: loading 1 expert(s)
[MoE] Layer 27: loading 1 expert(s)
[MoE] Layer 28: loading 2 expert(s)
[MoE] Layer 29: loading 2 expert(s)
[MoE] Layer 33: loading 1 expert(s)
[MoE] Layer 34: loading 1 expert(s)
[MoE] Layer 35: loading 3 expert(s)
[MoE] Layer 36: loading 1 expert(s)
[MoE] Layer 37: loading 1 expert(s)
[MoE] Layer 39: loading 1 expert(s)
[MoE] Layer 40: loading 1 expert(s)
[MoE] Layer 41: loading 2 expert(s)
[MoE] Layer 43: loading 1 expert(s)
[MoE] Layer 44: loading 1 expert(s)
[MoE] Layer 46: loading 3 expert(s)
[MoE] Layer 47: loading 2 expert(s)
[MoE] Layer 0: loading 5 expert(s)
[MoE] Layer 1: loading 3 expert(s)
[MoE] Layer 2: loading 2 expert(s)
[MoE] Layer 3: loading 4 expert(s)
[MoE] Layer 4: loading 2 expert(s)
[MoE] Layer 5: loading 3 expert(s)
[MoE] Layer 7: loading 2 expert(s)
[MoE] Layer 8: loading 2 expert(s)
[MoE] Layer 9: loading 1 expert(s)
[MoE] Layer 10: loading 3 expert(s)
[MoE] Layer 11: loading 3 expert(s)
[MoE] Layer 12: loading 2 expert(s)
[MoE] Layer 13: loading 3 expert(s)
[MoE] Layer 14: loading 3 expert(s)
[MoE] Layer 16: loading 3 expert(s)
[MoE] Layer 17: loading 2 expert(s)
[MoE] Layer 19: loading 2 expert(s)
[MoE] Layer 20: loading 2 expert(s)
[MoE] Layer 21: loading 1 expert(s)
[MoE] Layer 22: loading 3 expert(s)
[MoE] Layer 23: loading 1 expert(s)
[MoE] Layer 24: loading 2 expert(s)
[MoE] Layer 26: loading 1 expert(s)
[MoE] Layer 27: loading 1 expert(s)
[MoE] Layer 28: loading 2 expert(s)
[MoE] Layer 33: loading 1 expert(s)
[MoE] Layer 34: loading 2 expert(s)
[MoE] Layer 36: loading 2 expert(s)
[MoE] Layer 37: loading 1 expert(s)
[MoE] Layer 38: loading 3 expert(s)
[MoE] Layer 39: loading 1 expert(s)
[MoE] Layer 40: loading 3 expert(s)
[MoE] Layer 41: loading 1 expert(s)
[MoE] Layer 43: loading 2 expert(s)
[MoE] Layer 44: loading 2 expert(s)
[MoE] Layer 45: loading 1 expert(s)
[MoE] Layer 46: loading 2 expert(s)
[MoE] Layer 47: loading 4 expert(s)
[MoE] Layer 0: loading 6 expert(s)
[MoE] Layer 1: loading 4 expert(s)
[MoE] Layer 2: loading 5 expert(s)
[MoE] Layer 3: loading 4 expert(s)
[MoE] Layer 4: loading 3 expert(s)
[MoE] Layer 5: loading 3 expert(s)
[MoE] Layer 6: loading 1 expert(s)
[MoE] Layer 7: loading 1 expert(s)
[MoE] Layer 8: loading 1 expert(s)
[MoE] Layer 9: loading 2 expert(s)
[MoE] Layer 10: loading 1 expert(s)
[MoE] Layer 11: loading 3 expert(s)
[MoE] Layer 12: loading 3 expert(s)
[MoE] Layer 13: loading 1 expert(s)
[MoE] Layer 14: loading 2 expert(s)
[MoE] Layer 15: loading 1 expert(s)
[MoE] Layer 16: loading 3 expert(s)
[MoE] Layer 18: loading 2 expert(s)
[MoE] Layer 19: loading 1 expert(s)
[MoE] Layer 20: loading 1 expert(s)
[MoE] Layer 21: loading 2 expert(s)
[MoE] Layer 22: loading 1 expert(s)
[MoE] Layer 23: loading 1 expert(s)
[MoE] Layer 24: loading 1 expert(s)
[MoE] Layer 25: loading 1 expert(s)
[MoE] Layer 27: loading 1 expert(s)
[MoE] Layer 28: loading 1 expert(s)
[MoE] Layer 29: loading 3 expert(s)
[MoE] Layer 32: loading 1 expert(s)
[MoE] Layer 33: loading 1 expert(s)
[MoE] Layer 34: loading 1 expert(s)
[MoE] Layer 35: loading 2 expert(s)
[MoE] Layer 36: loading 2 expert(s)
[MoE] Layer 37: loading 2 expert(s)
[MoE] Layer 38: loading 3 expert(s)
[MoE] Layer 39: loading 2 expert(s)
[MoE] Layer 40: loading 2 expert(s)
[MoE] Layer 41: loading 1 expert(s)
[MoE] Layer 42: loading 2 expert(s)
[MoE] Layer 43: loading 1 expert(s)
[MoE] Layer 47: loading 1 expert(s)
[gen 60/99] elapsed=40.8s  TPS=1.472
[MoE] Layer 0: loading 2 expert(s)
[MoE] Layer 1: loading 4 expert(s)
[MoE] Layer 2: loading 2 expert(s)
[MoE] Layer 3: loading 4 expert(s)
[MoE] Layer 4: loading 1 expert(s)
[MoE] Layer 5: loading 3 expert(s)
[MoE] Layer 6: loading 1 expert(s)
[MoE] Layer 8: loading 1 expert(s)
[MoE] Layer 9: loading 1 expert(s)
[MoE] Layer 10: loading 2 expert(s)
[MoE] Layer 11: loading 2 expert(s)
[MoE] Layer 12: loading 2 expert(s)
[MoE] Layer 13: loading 3 expert(s)
[MoE] Layer 14: loading 2 expert(s)
[MoE] Layer 15: loading 1 expert(s)
[MoE] Layer 16: loading 2 expert(s)
[MoE] Layer 17: loading 3 expert(s)
[MoE] Layer 19: loading 1 expert(s)
[MoE] Layer 21: loading 1 expert(s)
[MoE] Layer 22: loading 2 expert(s)
[MoE] Layer 23: loading 3 expert(s)
[MoE] Layer 24: loading 1 expert(s)
[MoE] Layer 25: loading 2 expert(s)
[MoE] Layer 26: loading 1 expert(s)
[MoE] Layer 27: loading 2 expert(s)
[MoE] Layer 28: loading 2 expert(s)
[MoE] Layer 29: loading 3 expert(s)
[MoE] Layer 30: loading 1 expert(s)
[MoE] Layer 31: loading 1 expert(s)
[MoE] Layer 34: loading 1 expert(s)
[MoE] Layer 35: loading 3 expert(s)
[MoE] Layer 36: loading 1 expert(s)
[MoE] Layer 37: loading 4 expert(s)
[MoE] Layer 38: loading 3 expert(s)
[MoE] Layer 39: loading 1 expert(s)
[MoE] Layer 40: loading 3 expert(s)
[MoE] Layer 41: loading 5 expert(s)
[MoE] Layer 42: loading 2 expert(s)
[MoE] Layer 43: loading 3 expert(s)
[MoE] Layer 45: loading 1 expert(s)
[MoE] Layer 46: loading 1 expert(s)
[MoE] Layer 47: loading 4 expert(s)
[MoE] Layer 0: loading 7 expert(s)
[MoE] Layer 1: loading 2 expert(s)
[MoE] Layer 2: loading 3 expert(s)
[MoE] Layer 3: loading 4 expert(s)
[MoE] Layer 4: loading 1 expert(s)
[MoE] Layer 5: loading 3 expert(s)
[MoE] Layer 6: loading 3 expert(s)
[MoE] Layer 9: loading 2 expert(s)
[MoE] Layer 10: loading 1 expert(s)
[MoE] Layer 11: loading 3 expert(s)
[MoE] Layer 12: loading 1 expert(s)
[MoE] Layer 13: loading 1 expert(s)
[MoE] Layer 14: loading 2 expert(s)
[MoE] Layer 16: loading 1 expert(s)
[MoE] Layer 17: loading 2 expert(s)
[MoE] Layer 18: loading 1 expert(s)
[MoE] Layer 19: loading 2 expert(s)
[MoE] Layer 20: loading 1 expert(s)
[MoE] Layer 22: loading 2 expert(s)
[MoE] Layer 23: loading 2 expert(s)
[MoE] Layer 24: loading 2 expert(s)
[MoE] Layer 25: loading 2 expert(s)
[MoE] Layer 26: loading 2 expert(s)
[MoE] Layer 28: loading 2 expert(s)
[MoE] Layer 29: loading 2 expert(s)
[MoE] Layer 30: loading 1 expert(s)
[MoE] Layer 31: loading 2 expert(s)
[MoE] Layer 32: loading 1 expert(s)
[MoE] Layer 33: loading 3 expert(s)
[MoE] Layer 34: loading 2 expert(s)
[MoE] Layer 35: loading 3 expert(s)
[MoE] Layer 36: loading 2 expert(s)
[MoE] Layer 37: loading 2 expert(s)
[MoE] Layer 38: loading 1 expert(s)
[MoE] Layer 39: loading 1 expert(s)
[MoE] Layer 40: loading 2 expert(s)
[MoE] Layer 41: loading 3 expert(s)
[MoE] Layer 42: loading 4 expert(s)
[MoE] Layer 43: loading 3 expert(s)
[MoE] Layer 44: loading 2 expert(s)
[MoE] Layer 45: loading 1 expert(s)
[MoE] Layer 46: loading 1 expert(s)
[MoE] Layer 47: loading 3 expert(s)
[MoE] Layer 0: loading 2 expert(s)
[MoE] Layer 1: loading 2 expert(s)
[MoE] Layer 2: loading 3 expert(s)
[MoE] Layer 3: loading 2 expert(s)
[MoE] Layer 4: loading 1 expert(s)
[MoE] Layer 5: loading 4 expert(s)
[MoE] Layer 6: loading 1 expert(s)
[MoE] Layer 7: loading 1 expert(s)
[MoE] Layer 9: loading 2 expert(s)
[MoE] Layer 10: loading 3 expert(s)
[MoE] Layer 11: loading 1 expert(s)
[MoE] Layer 12: loading 4 expert(s)
[MoE] Layer 13: loading 3 expert(s)
[MoE] Layer 14: loading 2 expert(s)
[MoE] Layer 15: loading 1 expert(s)
[MoE] Layer 17: loading 1 expert(s)
[MoE] Layer 18: loading 2 expert(s)
[MoE] Layer 19: loading 2 expert(s)
[MoE] Layer 21: loading 1 expert(s)
[MoE] Layer 22: loading 1 expert(s)
[MoE] Layer 23: loading 2 expert(s)
[MoE] Layer 24: loading 4 expert(s)
[MoE] Layer 25: loading 1 expert(s)
[MoE] Layer 26: loading 1 expert(s)
[MoE] Layer 27: loading 1 expert(s)
[MoE] Layer 28: loading 1 expert(s)
[MoE] Layer 31: loading 3 expert(s)
[MoE] Layer 32: loading 3 expert(s)
[MoE] Layer 33: loading 1 expert(s)
[MoE] Layer 34: loading 3 expert(s)
[MoE] Layer 35: loading 2 expert(s)
[MoE] Layer 36: loading 3 expert(s)
[MoE] Layer 37: loading 2 expert(s)
[MoE] Layer 39: loading 1 expert(s)
[MoE] Layer 41: loading 1 expert(s)
[MoE] Layer 42: loading 2 expert(s)
[MoE] Layer 43: loading 2 expert(s)
[MoE] Layer 44: loading 1 expert(s)
[MoE] Layer 46: loading 1 expert(s)
[MoE] Layer 47: loading 5 expert(s)
[MoE] Layer 0: loading 6 expert(s)
[MoE] Layer 1: loading 2 expert(s)
[MoE] Layer 2: loading 4 expert(s)
[MoE] Layer 3: loading 3 expert(s)
[MoE] Layer 5: loading 5 expert(s)
[MoE] Layer 7: loading 1 expert(s)
[MoE] Layer 8: loading 1 expert(s)
[MoE] Layer 9: loading 2 expert(s)
[MoE] Layer 10: loading 3 expert(s)
[MoE] Layer 11: loading 3 expert(s)
[MoE] Layer 12: loading 2 expert(s)
[MoE] Layer 13: loading 5 expert(s)
[MoE] Layer 14: loading 3 expert(s)
[MoE] Layer 16: loading 2 expert(s)
[MoE] Layer 17: loading 3 expert(s)
[MoE] Layer 18: loading 2 expert(s)
[MoE] Layer 20: loading 1 expert(s)
[MoE] Layer 21: loading 1 expert(s)
[MoE] Layer 22: loading 1 expert(s)
[MoE] Layer 23: loading 2 expert(s)
[MoE] Layer 24: loading 2 expert(s)
[MoE] Layer 25: loading 1 expert(s)
[MoE] Layer 26: loading 1 expert(s)
[MoE] Layer 28: loading 3 expert(s)
[MoE] Layer 29: loading 2 expert(s)
[MoE] Layer 31: loading 2 expert(s)
[MoE] Layer 32: loading 1 expert(s)
[MoE] Layer 34: loading 3 expert(s)
[MoE] Layer 35: loading 2 expert(s)
[MoE] Layer 36: loading 3 expert(s)
[MoE] Layer 37: loading 3 expert(s)
[MoE] Layer 38: loading 2 expert(s)
[MoE] Layer 39: loading 1 expert(s)
[MoE] Layer 40: loading 3 expert(s)
[MoE] Layer 41: loading 4 expert(s)
[MoE] Layer 42: loading 3 expert(s)
[MoE] Layer 43: loading 2 expert(s)
[MoE] Layer 44: loading 1 expert(s)
[MoE] Layer 47: loading 5 expert(s)
[MoE] Layer 0: loading 4 expert(s)
[MoE] Layer 1: loading 1 expert(s)
[MoE] Layer 2: loading 3 expert(s)
[MoE] Layer 3: loading 3 expert(s)
[MoE] Layer 4: loading 2 expert(s)
[MoE] Layer 5: loading 2 expert(s)
[MoE] Layer 7: loading 1 expert(s)
[MoE] Layer 9: loading 2 expert(s)
[MoE] Layer 10: loading 3 expert(s)
[MoE] Layer 11: loading 2 expert(s)
[MoE] Layer 12: loading 2 expert(s)
[MoE] Layer 14: loading 3 expert(s)
[MoE] Layer 16: loading 1 expert(s)
[MoE] Layer 17: loading 2 expert(s)
[MoE] Layer 18: loading 3 expert(s)
[MoE] Layer 21: loading 1 expert(s)
[MoE] Layer 23: loading 3 expert(s)
[MoE] Layer 24: loading 1 expert(s)
[MoE] Layer 25: loading 1 expert(s)
[MoE] Layer 26: loading 2 expert(s)
[MoE] Layer 27: loading 1 expert(s)
[MoE] Layer 29: loading 3 expert(s)
[MoE] Layer 30: loading 1 expert(s)
[MoE] Layer 31: loading 1 expert(s)
[MoE] Layer 33: loading 3 expert(s)
[MoE] Layer 34: loading 1 expert(s)
[MoE] Layer 35: loading 2 expert(s)
[MoE] Layer 36: loading 2 expert(s)
[MoE] Layer 37: loading 2 expert(s)
[MoE] Layer 40: loading 3 expert(s)
[MoE] Layer 41: loading 4 expert(s)
[MoE] Layer 42: loading 2 expert(s)
[MoE] Layer 43: loading 1 expert(s)
[MoE] Layer 47: loading 4 expert(s)
[gen 65/99] elapsed=43.4s  TPS=1.498
[MoE] Layer 0: loading 5 expert(s)
[MoE] Layer 1: loading 4 expert(s)
[MoE] Layer 2: loading 3 expert(s)
[MoE] Layer 3: loading 3 expert(s)
[MoE] Layer 4: loading 2 expert(s)
[MoE] Layer 5: loading 4 expert(s)
[MoE] Layer 8: loading 2 expert(s)
[MoE] Layer 10: loading 3 expert(s)
[MoE] Layer 11: loading 4 expert(s)
[MoE] Layer 12: loading 3 expert(s)
[MoE] Layer 13: loading 2 expert(s)
[MoE] Layer 14: loading 1 expert(s)
[MoE] Layer 15: loading 1 expert(s)
[MoE] Layer 16: loading 2 expert(s)
[MoE] Layer 18: loading 3 expert(s)
[MoE] Layer 19: loading 2 expert(s)
[MoE] Layer 20: loading 1 expert(s)
[MoE] Layer 21: loading 3 expert(s)
[MoE] Layer 22: loading 1 expert(s)
[MoE] Layer 23: loading 7 expert(s)
[MoE] Layer 24: loading 5 expert(s)
[MoE] Layer 25: loading 5 expert(s)
[MoE] Layer 26: loading 6 expert(s)
[MoE] Layer 27: loading 3 expert(s)
[MoE] Layer 28: loading 4 expert(s)
[MoE] Layer 29: loading 3 expert(s)
[MoE] Layer 30: loading 3 expert(s)
[MoE] Layer 31: loading 4 expert(s)
[MoE] Layer 32: loading 4 expert(s)
[MoE] Layer 33: loading 4 expert(s)
[MoE] Layer 34: loading 4 expert(s)
[MoE] Layer 35: loading 3 expert(s)
[MoE] Layer 36: loading 4 expert(s)
[MoE] Layer 37: loading 6 expert(s)
[MoE] Layer 38: loading 3 expert(s)
[MoE] Layer 39: loading 3 expert(s)
[MoE] Layer 40: loading 4 expert(s)
[MoE] Layer 41: loading 3 expert(s)
[MoE] Layer 42: loading 1 expert(s)
[MoE] Layer 43: loading 1 expert(s)
[MoE] Layer 44: loading 2 expert(s)
[MoE] Layer 45: loading 1 expert(s)
[MoE] Layer 47: loading 4 expert(s)
[MoE] Layer 0: loading 8 expert(s)
[MoE] Layer 1: loading 3 expert(s)
[MoE] Layer 2: loading 3 expert(s)
[MoE] Layer 3: loading 2 expert(s)
[MoE] Layer 4: loading 1 expert(s)
[MoE] Layer 5: loading 2 expert(s)
[MoE] Layer 6: loading 1 expert(s)
[MoE] Layer 9: loading 1 expert(s)
[MoE] Layer 10: loading 3 expert(s)
[MoE] Layer 11: loading 5 expert(s)
[MoE] Layer 12: loading 2 expert(s)
[MoE] Layer 13: loading 1 expert(s)
[MoE] Layer 14: loading 1 expert(s)
[MoE] Layer 15: loading 1 expert(s)
[MoE] Layer 16: loading 4 expert(s)
[MoE] Layer 17: loading 2 expert(s)
[MoE] Layer 19: loading 1 expert(s)
[MoE] Layer 21: loading 1 expert(s)
[MoE] Layer 22: loading 1 expert(s)
[MoE] Layer 23: loading 4 expert(s)
[MoE] Layer 24: loading 2 expert(s)
[MoE] Layer 25: loading 3 expert(s)
[MoE] Layer 26: loading 4 expert(s)
[MoE] Layer 27: loading 1 expert(s)
[MoE] Layer 28: loading 3 expert(s)
[MoE] Layer 29: loading 4 expert(s)
[MoE] Layer 30: loading 3 expert(s)
[MoE] Layer 31: loading 1 expert(s)
[MoE] Layer 32: loading 1 expert(s)
[MoE] Layer 33: loading 2 expert(s)
[MoE] Layer 35: loading 2 expert(s)
[MoE] Layer 36: loading 4 expert(s)
[MoE] Layer 38: loading 3 expert(s)
[MoE] Layer 39: loading 1 expert(s)
[MoE] Layer 40: loading 2 expert(s)
[MoE] Layer 41: loading 3 expert(s)
[MoE] Layer 42: loading 1 expert(s)
[MoE] Layer 43: loading 1 expert(s)
[MoE] Layer 44: loading 1 expert(s)
[MoE] Layer 45: loading 1 expert(s)
[MoE] Layer 46: loading 1 expert(s)
[MoE] Layer 47: loading 3 expert(s)
[MoE] Layer 0: loading 7 expert(s)
[MoE] Layer 1: loading 6 expert(s)
[MoE] Layer 2: loading 8 expert(s)
[MoE] Layer 3: loading 6 expert(s)
[MoE] Layer 4: loading 6 expert(s)
[MoE] Layer 5: loading 5 expert(s)
[MoE] Layer 6: loading 6 expert(s)
[MoE] Layer 7: loading 3 expert(s)
[MoE] Layer 8: loading 3 expert(s)
[MoE] Layer 9: loading 3 expert(s)
[MoE] Layer 10: loading 6 expert(s)
[MoE] Layer 11: loading 4 expert(s)
[MoE] Layer 12: loading 3 expert(s)
[MoE] Layer 13: loading 3 expert(s)
[MoE] Layer 14: loading 3 expert(s)
[MoE] Layer 15: loading 1 expert(s)
[MoE] Layer 16: loading 5 expert(s)
[MoE] Layer 17: loading 4 expert(s)
[MoE] Layer 19: loading 3 expert(s)
[MoE] Layer 20: loading 4 expert(s)
[MoE] Layer 21: loading 3 expert(s)
[MoE] Layer 22: loading 4 expert(s)
[MoE] Layer 23: loading 7 expert(s)
[MoE] Layer 24: loading 4 expert(s)
[MoE] Layer 25: loading 4 expert(s)
[MoE] Layer 26: loading 4 expert(s)
[MoE] Layer 27: loading 4 expert(s)
[MoE] Layer 28: loading 6 expert(s)
[MoE] Layer 29: loading 7 expert(s)
[MoE] Layer 30: loading 3 expert(s)
[MoE] Layer 31: loading 3 expert(s)
[MoE] Layer 32: loading 3 expert(s)
[MoE] Layer 33: loading 3 expert(s)
[MoE] Layer 34: loading 6 expert(s)
[MoE] Layer 35: loading 8 expert(s)
[MoE] Layer 36: loading 4 expert(s)
[MoE] Layer 37: loading 7 expert(s)
[MoE] Layer 38: loading 3 expert(s)
[MoE] Layer 39: loading 5 expert(s)
[MoE] Layer 40: loading 4 expert(s)
[MoE] Layer 41: loading 6 expert(s)
[MoE] Layer 42: loading 5 expert(s)
[MoE] Layer 43: loading 5 expert(s)
[MoE] Layer 44: loading 3 expert(s)
[MoE] Layer 45: loading 3 expert(s)
[MoE] Layer 46: loading 4 expert(s)
[MoE] Layer 47: loading 6 expert(s)
[MoE] Layer 0: loading 4 expert(s)
[MoE] Layer 1: loading 5 expert(s)
[MoE] Layer 2: loading 6 expert(s)
[MoE] Layer 3: loading 5 expert(s)
[MoE] Layer 4: loading 4 expert(s)
[MoE] Layer 5: loading 4 expert(s)
[MoE] Layer 6: loading 3 expert(s)
[MoE] Layer 8: loading 3 expert(s)
[MoE] Layer 9: loading 3 expert(s)
[MoE] Layer 10: loading 3 expert(s)
[MoE] Layer 11: loading 4 expert(s)
[MoE] Layer 12: loading 6 expert(s)
[MoE] Layer 13: loading 4 expert(s)
[MoE] Layer 14: loading 1 expert(s)
[MoE] Layer 15: loading 3 expert(s)
[MoE] Layer 16: loading 3 expert(s)
[MoE] Layer 17: loading 2 expert(s)
[MoE] Layer 18: loading 1 expert(s)
[MoE] Layer 19: loading 1 expert(s)
[MoE] Layer 20: loading 1 expert(s)
[MoE] Layer 21: loading 3 expert(s)
[MoE] Layer 22: loading 4 expert(s)
[MoE] Layer 23: loading 1 expert(s)
[MoE] Layer 24: loading 3 expert(s)
[MoE] Layer 25: loading 3 expert(s)
[MoE] Layer 26: loading 3 expert(s)
[MoE] Layer 27: loading 3 expert(s)
[MoE] Layer 28: loading 2 expert(s)
[MoE] Layer 29: loading 4 expert(s)
[MoE] Layer 30: loading 2 expert(s)
[MoE] Layer 31: loading 1 expert(s)
[MoE] Layer 32: loading 3 expert(s)
[MoE] Layer 33: loading 2 expert(s)
[MoE] Layer 34: loading 4 expert(s)
[MoE] Layer 35: loading 5 expert(s)
[MoE] Layer 36: loading 2 expert(s)
[MoE] Layer 37: loading 3 expert(s)
[MoE] Layer 38: loading 3 expert(s)
[MoE] Layer 39: loading 2 expert(s)
[MoE] Layer 40: loading 1 expert(s)
[MoE] Layer 41: loading 4 expert(s)
[MoE] Layer 42: loading 1 expert(s)
[MoE] Layer 43: loading 1 expert(s)
[MoE] Layer 45: loading 1 expert(s)
[MoE] Layer 46: loading 1 expert(s)
[MoE] Layer 47: loading 2 expert(s)
[MoE] Layer 0: loading 5 expert(s)
[MoE] Layer 1: loading 5 expert(s)
[MoE] Layer 2: loading 7 expert(s)
[MoE] Layer 3: loading 5 expert(s)
[MoE] Layer 4: loading 4 expert(s)
[MoE] Layer 5: loading 3 expert(s)
[MoE] Layer 6: loading 1 expert(s)
[MoE] Layer 7: loading 1 expert(s)
[MoE] Layer 8: loading 2 expert(s)
[MoE] Layer 9: loading 2 expert(s)
[MoE] Layer 10: loading 4 expert(s)
[MoE] Layer 11: loading 6 expert(s)
[MoE] Layer 12: loading 3 expert(s)
[MoE] Layer 13: loading 3 expert(s)
[MoE] Layer 14: loading 2 expert(s)
[MoE] Layer 15: loading 2 expert(s)
[MoE] Layer 16: loading 3 expert(s)
[MoE] Layer 17: loading 3 expert(s)
[MoE] Layer 18: loading 1 expert(s)
[MoE] Layer 19: loading 2 expert(s)
[MoE] Layer 20: loading 2 expert(s)
[MoE] Layer 21: loading 2 expert(s)
[MoE] Layer 22: loading 1 expert(s)
[MoE] Layer 23: loading 6 expert(s)
[MoE] Layer 24: loading 3 expert(s)
[MoE] Layer 25: loading 4 expert(s)
[MoE] Layer 26: loading 4 expert(s)
[MoE] Layer 27: loading 2 expert(s)
[MoE] Layer 28: loading 3 expert(s)
[MoE] Layer 29: loading 4 expert(s)
[MoE] Layer 30: loading 2 expert(s)
[MoE] Layer 31: loading 2 expert(s)
[MoE] Layer 32: loading 2 expert(s)
[MoE] Layer 33: loading 1 expert(s)
[MoE] Layer 34: loading 2 expert(s)
[MoE] Layer 35: loading 4 expert(s)
[MoE] Layer 36: loading 2 expert(s)
[MoE] Layer 37: loading 2 expert(s)
[MoE] Layer 38: loading 4 expert(s)
[MoE] Layer 39: loading 2 expert(s)
[MoE] Layer 40: loading 4 expert(s)
[MoE] Layer 41: loading 4 expert(s)
[MoE] Layer 42: loading 3 expert(s)
[MoE] Layer 43: loading 4 expert(s)
[MoE] Layer 44: loading 4 expert(s)
[MoE] Layer 45: loading 2 expert(s)
[MoE] Layer 46: loading 5 expert(s)
[MoE] Layer 47: loading 5 expert(s)
[gen 70/99] elapsed=47.0s  TPS=1.491
[MoE] Layer 0: loading 7 expert(s)
[MoE] Layer 1: loading 7 expert(s)
[MoE] Layer 2: loading 6 expert(s)
[MoE] Layer 3: loading 5 expert(s)
[MoE] Layer 4: loading 1 expert(s)
[MoE] Layer 5: loading 2 expert(s)
[MoE] Layer 7: loading 3 expert(s)
[MoE] Layer 8: loading 2 expert(s)
[MoE] Layer 9: loading 2 expert(s)
[MoE] Layer 10: loading 3 expert(s)
[MoE] Layer 11: loading 3 expert(s)
[MoE] Layer 12: loading 3 expert(s)
[MoE] Layer 13: loading 3 expert(s)
[MoE] Layer 14: loading 2 expert(s)
[MoE] Layer 15: loading 1 expert(s)
[MoE] Layer 16: loading 2 expert(s)
[MoE] Layer 17: loading 4 expert(s)
[MoE] Layer 19: loading 1 expert(s)
[MoE] Layer 20: loading 3 expert(s)
[MoE] Layer 22: loading 3 expert(s)
[MoE] Layer 23: loading 3 expert(s)
[MoE] Layer 24: loading 2 expert(s)
[MoE] Layer 25: loading 3 expert(s)
[MoE] Layer 26: loading 4 expert(s)
[MoE] Layer 27: loading 2 expert(s)
[MoE] Layer 28: loading 2 expert(s)
[MoE] Layer 29: loading 1 expert(s)
[MoE] Layer 30: loading 1 expert(s)
[MoE] Layer 32: loading 1 expert(s)
[MoE] Layer 34: loading 3 expert(s)
[MoE] Layer 35: loading 2 expert(s)
[MoE] Layer 36: loading 3 expert(s)
[MoE] Layer 37: loading 4 expert(s)
[MoE] Layer 38: loading 2 expert(s)
[MoE] Layer 39: loading 1 expert(s)
[MoE] Layer 40: loading 2 expert(s)
[MoE] Layer 41: loading 2 expert(s)
[MoE] Layer 42: loading 1 expert(s)
[MoE] Layer 43: loading 1 expert(s)
[MoE] Layer 45: loading 1 expert(s)
[MoE] Layer 46: loading 2 expert(s)
[MoE] Layer 47: loading 3 expert(s)
[MoE] Layer 0: loading 7 expert(s)
[MoE] Layer 1: loading 5 expert(s)
[MoE] Layer 2: loading 7 expert(s)
[MoE] Layer 3: loading 4 expert(s)
[MoE] Layer 4: loading 4 expert(s)
[MoE] Layer 5: loading 2 expert(s)
[MoE] Layer 6: loading 1 expert(s)
[MoE] Layer 7: loading 2 expert(s)
[MoE] Layer 8: loading 2 expert(s)
[MoE] Layer 9: loading 1 expert(s)
[MoE] Layer 10: loading 2 expert(s)
[MoE] Layer 11: loading 1 expert(s)
[MoE] Layer 12: loading 3 expert(s)
[MoE] Layer 13: loading 2 expert(s)
[MoE] Layer 14: loading 3 expert(s)
[MoE] Layer 15: loading 1 expert(s)
[MoE] Layer 16: loading 2 expert(s)
[MoE] Layer 17: loading 3 expert(s)
[MoE] Layer 18: loading 2 expert(s)
[MoE] Layer 20: loading 2 expert(s)
[MoE] Layer 21: loading 1 expert(s)
[MoE] Layer 22: loading 5 expert(s)
[MoE] Layer 23: loading 2 expert(s)
[MoE] Layer 24: loading 1 expert(s)
[MoE] Layer 25: loading 1 expert(s)
[MoE] Layer 26: loading 3 expert(s)
[MoE] Layer 27: loading 2 expert(s)
[MoE] Layer 28: loading 2 expert(s)
[MoE] Layer 29: loading 2 expert(s)
[MoE] Layer 30: loading 3 expert(s)
[MoE] Layer 31: loading 3 expert(s)
[MoE] Layer 32: loading 3 expert(s)
[MoE] Layer 33: loading 2 expert(s)
[MoE] Layer 34: loading 2 expert(s)
[MoE] Layer 35: loading 4 expert(s)
[MoE] Layer 36: loading 4 expert(s)
[MoE] Layer 37: loading 2 expert(s)
[MoE] Layer 38: loading 3 expert(s)
[MoE] Layer 39: loading 2 expert(s)
[MoE] Layer 40: loading 4 expert(s)
[MoE] Layer 41: loading 4 expert(s)
[MoE] Layer 42: loading 6 expert(s)
[MoE] Layer 43: loading 2 expert(s)
[MoE] Layer 44: loading 1 expert(s)
[MoE] Layer 45: loading 2 expert(s)
[MoE] Layer 46: loading 2 expert(s)
[MoE] Layer 47: loading 3 expert(s)
[MoE] Layer 0: loading 8 expert(s)
[MoE] Layer 1: loading 5 expert(s)
[MoE] Layer 2: loading 2 expert(s)
[MoE] Layer 4: loading 3 expert(s)
[MoE] Layer 5: loading 2 expert(s)
[MoE] Layer 6: loading 3 expert(s)
[MoE] Layer 8: loading 2 expert(s)
[MoE] Layer 9: loading 1 expert(s)
[MoE] Layer 11: loading 4 expert(s)
[MoE] Layer 12: loading 3 expert(s)
[MoE] Layer 13: loading 3 expert(s)
[MoE] Layer 16: loading 4 expert(s)
[MoE] Layer 17: loading 2 expert(s)
[MoE] Layer 18: loading 2 expert(s)
[MoE] Layer 19: loading 2 expert(s)
[MoE] Layer 20: loading 2 expert(s)
[MoE] Layer 21: loading 4 expert(s)
[MoE] Layer 22: loading 2 expert(s)
[MoE] Layer 23: loading 3 expert(s)
[MoE] Layer 24: loading 5 expert(s)
[MoE] Layer 25: loading 5 expert(s)
[MoE] Layer 26: loading 3 expert(s)
[MoE] Layer 27: loading 5 expert(s)
[MoE] Layer 28: loading 5 expert(s)
[MoE] Layer 29: loading 3 expert(s)
[MoE] Layer 30: loading 2 expert(s)
[MoE] Layer 31: loading 2 expert(s)
[MoE] Layer 32: loading 1 expert(s)
[MoE] Layer 33: loading 2 expert(s)
[MoE] Layer 34: loading 1 expert(s)
[MoE] Layer 35: loading 6 expert(s)
[MoE] Layer 36: loading 4 expert(s)
[MoE] Layer 37: loading 4 expert(s)
[MoE] Layer 38: loading 3 expert(s)
[MoE] Layer 39: loading 5 expert(s)
[MoE] Layer 40: loading 2 expert(s)
[MoE] Layer 41: loading 3 expert(s)
[MoE] Layer 42: loading 7 expert(s)
[MoE] Layer 43: loading 3 expert(s)
[MoE] Layer 44: loading 1 expert(s)
[MoE] Layer 45: loading 3 expert(s)
[MoE] Layer 46: loading 2 expert(s)
[MoE] Layer 47: loading 4 expert(s)
[MoE] Layer 0: loading 8 expert(s)
[MoE] Layer 1: loading 6 expert(s)
[MoE] Layer 2: loading 4 expert(s)
[MoE] Layer 3: loading 2 expert(s)
[MoE] Layer 4: loading 2 expert(s)
[MoE] Layer 5: loading 2 expert(s)
[MoE] Layer 6: loading 1 expert(s)
[MoE] Layer 7: loading 2 expert(s)
[MoE] Layer 8: loading 2 expert(s)
[MoE] Layer 9: loading 1 expert(s)
[MoE] Layer 10: loading 1 expert(s)
[MoE] Layer 11: loading 3 expert(s)
[MoE] Layer 12: loading 1 expert(s)
[MoE] Layer 13: loading 2 expert(s)
[MoE] Layer 16: loading 1 expert(s)
[MoE] Layer 17: loading 2 expert(s)
[MoE] Layer 18: loading 1 expert(s)
[MoE] Layer 20: loading 2 expert(s)
[MoE] Layer 21: loading 1 expert(s)
[MoE] Layer 22: loading 1 expert(s)
[MoE] Layer 23: loading 2 expert(s)
[MoE] Layer 24: loading 1 expert(s)
[MoE] Layer 25: loading 5 expert(s)
[MoE] Layer 26: loading 1 expert(s)
[MoE] Layer 27: loading 1 expert(s)
[MoE] Layer 28: loading 2 expert(s)
[MoE] Layer 29: loading 2 expert(s)
[MoE] Layer 31: loading 1 expert(s)
[MoE] Layer 32: loading 1 expert(s)
[MoE] Layer 35: loading 1 expert(s)
[MoE] Layer 36: loading 2 expert(s)
[MoE] Layer 37: loading 4 expert(s)
[MoE] Layer 38: loading 3 expert(s)
[MoE] Layer 39: loading 2 expert(s)
[MoE] Layer 40: loading 2 expert(s)
[MoE] Layer 41: loading 1 expert(s)
[MoE] Layer 42: loading 3 expert(s)
[MoE] Layer 43: loading 1 expert(s)
[MoE] Layer 44: loading 1 expert(s)
[MoE] Layer 45: loading 1 expert(s)
[MoE] Layer 46: loading 1 expert(s)
[MoE] Layer 47: loading 1 expert(s)
[MoE] Layer 0: loading 6 expert(s)
[MoE] Layer 1: loading 1 expert(s)
[MoE] Layer 2: loading 3 expert(s)
[MoE] Layer 3: loading 4 expert(s)
[MoE] Layer 4: loading 6 expert(s)
[MoE] Layer 5: loading 4 expert(s)
[MoE] Layer 6: loading 2 expert(s)
[MoE] Layer 7: loading 5 expert(s)
[MoE] Layer 8: loading 3 expert(s)
[MoE] Layer 9: loading 4 expert(s)
[MoE] Layer 10: loading 6 expert(s)
[MoE] Layer 11: loading 3 expert(s)
[MoE] Layer 12: loading 4 expert(s)
[MoE] Layer 13: loading 5 expert(s)
[MoE] Layer 14: loading 4 expert(s)
[MoE] Layer 15: loading 2 expert(s)
[MoE] Layer 16: loading 1 expert(s)
[MoE] Layer 17: loading 2 expert(s)
[MoE] Layer 18: loading 1 expert(s)
[MoE] Layer 19: loading 4 expert(s)
[MoE] Layer 20: loading 3 expert(s)
[MoE] Layer 21: loading 4 expert(s)
[MoE] Layer 22: loading 5 expert(s)
[MoE] Layer 23: loading 3 expert(s)
[MoE] Layer 24: loading 5 expert(s)
[MoE] Layer 25: loading 6 expert(s)
[MoE] Layer 26: loading 3 expert(s)
[MoE] Layer 27: loading 2 expert(s)
[MoE] Layer 28: loading 2 expert(s)
[MoE] Layer 29: loading 4 expert(s)
[MoE] Layer 30: loading 1 expert(s)
[MoE] Layer 31: loading 3 expert(s)
[MoE] Layer 32: loading 4 expert(s)
[MoE] Layer 33: loading 4 expert(s)
[MoE] Layer 34: loading 5 expert(s)
[MoE] Layer 35: loading 4 expert(s)
[MoE] Layer 36: loading 4 expert(s)
[MoE] Layer 37: loading 7 expert(s)
[MoE] Layer 38: loading 4 expert(s)
[MoE] Layer 39: loading 5 expert(s)
[MoE] Layer 40: loading 3 expert(s)
[MoE] Layer 41: loading 4 expert(s)
[MoE] Layer 42: loading 1 expert(s)
[MoE] Layer 43: loading 3 expert(s)
[MoE] Layer 44: loading 4 expert(s)
[MoE] Layer 45: loading 2 expert(s)
[MoE] Layer 46: loading 2 expert(s)
[MoE] Layer 47: loading 4 expert(s)
[gen 75/99] elapsed=50.3s  TPS=1.492
[MoE] Layer 0: loading 5 expert(s)
[MoE] Layer 1: loading 7 expert(s)
[MoE] Layer 2: loading 4 expert(s)
[MoE] Layer 3: loading 5 expert(s)
[MoE] Layer 4: loading 5 expert(s)
[MoE] Layer 5: loading 4 expert(s)
[MoE] Layer 6: loading 1 expert(s)
[MoE] Layer 7: loading 2 expert(s)
[MoE] Layer 8: loading 3 expert(s)
[MoE] Layer 9: loading 2 expert(s)
[MoE] Layer 10: loading 2 expert(s)
[MoE] Layer 11: loading 2 expert(s)
[MoE] Layer 12: loading 1 expert(s)
[MoE] Layer 13: loading 2 expert(s)
[MoE] Layer 14: loading 2 expert(s)
[MoE] Layer 15: loading 3 expert(s)
[MoE] Layer 16: loading 3 expert(s)
[MoE] Layer 17: loading 2 expert(s)
[MoE] Layer 18: loading 1 expert(s)
[MoE] Layer 19: loading 1 expert(s)
[MoE] Layer 20: loading 2 expert(s)
[MoE] Layer 21: loading 1 expert(s)
[MoE] Layer 22: loading 4 expert(s)
[MoE] Layer 23: loading 4 expert(s)
[MoE] Layer 24: loading 3 expert(s)
[MoE] Layer 25: loading 1 expert(s)
[MoE] Layer 26: loading 2 expert(s)
[MoE] Layer 27: loading 1 expert(s)
[MoE] Layer 28: loading 2 expert(s)
[MoE] Layer 29: loading 1 expert(s)
[MoE] Layer 32: loading 2 expert(s)
[MoE] Layer 33: loading 3 expert(s)
[MoE] Layer 34: loading 2 expert(s)
[MoE] Layer 35: loading 2 expert(s)
[MoE] Layer 37: loading 1 expert(s)
[MoE] Layer 38: loading 3 expert(s)
[MoE] Layer 39: loading 1 expert(s)
[MoE] Layer 40: loading 3 expert(s)
[MoE] Layer 41: loading 2 expert(s)
[MoE] Layer 42: loading 2 expert(s)
[MoE] Layer 43: loading 1 expert(s)
[MoE] Layer 44: loading 1 expert(s)
[MoE] Layer 45: loading 1 expert(s)
[MoE] Layer 47: loading 1 expert(s)
[MoE] Layer 0: loading 2 expert(s)
[MoE] Layer 1: loading 6 expert(s)
[MoE] Layer 2: loading 2 expert(s)
[MoE] Layer 3: loading 5 expert(s)
[MoE] Layer 4: loading 4 expert(s)
[MoE] Layer 5: loading 1 expert(s)
[MoE] Layer 6: loading 2 expert(s)
[MoE] Layer 7: loading 2 expert(s)
[MoE] Layer 8: loading 3 expert(s)
[MoE] Layer 9: loading 3 expert(s)
[MoE] Layer 10: loading 3 expert(s)
[MoE] Layer 11: loading 2 expert(s)
[MoE] Layer 12: loading 1 expert(s)
[MoE] Layer 13: loading 2 expert(s)
[MoE] Layer 14: loading 1 expert(s)
[MoE] Layer 15: loading 3 expert(s)
[MoE] Layer 16: loading 2 expert(s)
[MoE] Layer 17: loading 1 expert(s)
[MoE] Layer 19: loading 1 expert(s)
[MoE] Layer 20: loading 2 expert(s)
[MoE] Layer 22: loading 3 expert(s)
[MoE] Layer 23: loading 1 expert(s)
[MoE] Layer 24: loading 3 expert(s)
[MoE] Layer 25: loading 2 expert(s)
[MoE] Layer 27: loading 2 expert(s)
[MoE] Layer 28: loading 2 expert(s)
[MoE] Layer 31: loading 3 expert(s)
[MoE] Layer 32: loading 1 expert(s)
[MoE] Layer 33: loading 3 expert(s)
[MoE] Layer 34: loading 3 expert(s)
[MoE] Layer 35: loading 1 expert(s)
[MoE] Layer 36: loading 1 expert(s)
[MoE] Layer 37: loading 1 expert(s)
[MoE] Layer 39: loading 3 expert(s)
[MoE] Layer 40: loading 1 expert(s)
[MoE] Layer 41: loading 1 expert(s)
[MoE] Layer 44: loading 1 expert(s)
[MoE] Layer 0: loading 2 expert(s)
[MoE] Layer 1: loading 3 expert(s)
[MoE] Layer 2: loading 4 expert(s)
[MoE] Layer 3: loading 3 expert(s)
[MoE] Layer 4: loading 3 expert(s)
[MoE] Layer 5: loading 1 expert(s)
[MoE] Layer 6: loading 1 expert(s)
[MoE] Layer 7: loading 1 expert(s)
[MoE] Layer 8: loading 2 expert(s)
[MoE] Layer 11: loading 2 expert(s)
[MoE] Layer 12: loading 1 expert(s)
[MoE] Layer 13: loading 3 expert(s)
[MoE] Layer 14: loading 3 expert(s)
[MoE] Layer 15: loading 2 expert(s)
[MoE] Layer 16: loading 3 expert(s)
[MoE] Layer 17: loading 2 expert(s)
[MoE] Layer 18: loading 1 expert(s)
[MoE] Layer 19: loading 3 expert(s)
[MoE] Layer 20: loading 2 expert(s)
[MoE] Layer 21: loading 1 expert(s)
[MoE] Layer 22: loading 3 expert(s)
[MoE] Layer 24: loading 1 expert(s)
[MoE] Layer 25: loading 3 expert(s)
[MoE] Layer 27: loading 4 expert(s)
[MoE] Layer 28: loading 2 expert(s)
[MoE] Layer 29: loading 2 expert(s)
[MoE] Layer 30: loading 2 expert(s)
[MoE] Layer 31: loading 2 expert(s)
[MoE] Layer 32: loading 2 expert(s)
[MoE] Layer 33: loading 1 expert(s)
[MoE] Layer 34: loading 1 expert(s)
[MoE] Layer 35: loading 2 expert(s)
[MoE] Layer 36: loading 2 expert(s)
[MoE] Layer 37: loading 4 expert(s)
[MoE] Layer 38: loading 3 expert(s)
[MoE] Layer 39: loading 6 expert(s)
[MoE] Layer 40: loading 3 expert(s)
[MoE] Layer 41: loading 3 expert(s)
[MoE] Layer 42: loading 3 expert(s)
[MoE] Layer 43: loading 3 expert(s)
[MoE] Layer 45: loading 1 expert(s)
[MoE] Layer 46: loading 1 expert(s)
[MoE] Layer 47: loading 1 expert(s)
[MoE] Layer 0: loading 8 expert(s)
[MoE] Layer 1: loading 7 expert(s)
[MoE] Layer 2: loading 5 expert(s)
[MoE] Layer 3: loading 5 expert(s)
[MoE] Layer 4: loading 7 expert(s)
[MoE] Layer 5: loading 6 expert(s)
[MoE] Layer 6: loading 3 expert(s)
[MoE] Layer 7: loading 3 expert(s)
[MoE] Layer 8: loading 2 expert(s)
[MoE] Layer 9: loading 4 expert(s)
[MoE] Layer 10: loading 5 expert(s)
[MoE] Layer 11: loading 5 expert(s)
[MoE] Layer 12: loading 4 expert(s)
[MoE] Layer 13: loading 4 expert(s)
[MoE] Layer 14: loading 3 expert(s)
[MoE] Layer 15: loading 2 expert(s)
[MoE] Layer 16: loading 4 expert(s)
[MoE] Layer 17: loading 3 expert(s)
[MoE] Layer 18: loading 1 expert(s)
[MoE] Layer 19: loading 2 expert(s)
[MoE] Layer 20: loading 3 expert(s)
[MoE] Layer 21: loading 2 expert(s)
[MoE] Layer 22: loading 1 expert(s)
[MoE] Layer 23: loading 5 expert(s)
[MoE] Layer 24: loading 4 expert(s)
[MoE] Layer 25: loading 5 expert(s)
[MoE] Layer 26: loading 3 expert(s)
[MoE] Layer 27: loading 4 expert(s)
[MoE] Layer 28: loading 3 expert(s)
[MoE] Layer 29: loading 2 expert(s)
[MoE] Layer 30: loading 4 expert(s)
[MoE] Layer 31: loading 3 expert(s)
[MoE] Layer 32: loading 5 expert(s)
[MoE] Layer 33: loading 5 expert(s)
[MoE] Layer 34: loading 2 expert(s)
[MoE] Layer 35: loading 6 expert(s)
[MoE] Layer 36: loading 3 expert(s)
[MoE] Layer 37: loading 6 expert(s)
[MoE] Layer 38: loading 3 expert(s)
[MoE] Layer 39: loading 1 expert(s)
[MoE] Layer 40: loading 3 expert(s)
[MoE] Layer 41: loading 4 expert(s)
[MoE] Layer 42: loading 3 expert(s)
[MoE] Layer 43: loading 1 expert(s)
[MoE] Layer 44: loading 1 expert(s)
[MoE] Layer 45: loading 2 expert(s)
[MoE] Layer 46: loading 1 expert(s)
[MoE] Layer 47: loading 3 expert(s)
[MoE] Layer 0: loading 8 expert(s)
[MoE] Layer 1: loading 5 expert(s)
[MoE] Layer 2: loading 6 expert(s)
[MoE] Layer 3: loading 4 expert(s)
[MoE] Layer 4: loading 3 expert(s)
[MoE] Layer 5: loading 3 expert(s)
[MoE] Layer 6: loading 5 expert(s)
[MoE] Layer 7: loading 3 expert(s)
[MoE] Layer 8: loading 4 expert(s)
[MoE] Layer 9: loading 2 expert(s)
[MoE] Layer 10: loading 2 expert(s)
[MoE] Layer 11: loading 3 expert(s)
[MoE] Layer 12: loading 4 expert(s)
[MoE] Layer 13: loading 4 expert(s)
[MoE] Layer 14: loading 2 expert(s)
[MoE] Layer 15: loading 2 expert(s)
[MoE] Layer 16: loading 3 expert(s)
[MoE] Layer 17: loading 2 expert(s)
[MoE] Layer 18: loading 3 expert(s)
[MoE] Layer 19: loading 2 expert(s)
[MoE] Layer 20: loading 2 expert(s)
[MoE] Layer 21: loading 3 expert(s)
[MoE] Layer 22: loading 1 expert(s)
[MoE] Layer 23: loading 2 expert(s)
[MoE] Layer 24: loading 3 expert(s)
[MoE] Layer 25: loading 2 expert(s)
[MoE] Layer 26: loading 2 expert(s)
[MoE] Layer 27: loading 3 expert(s)
[MoE] Layer 28: loading 2 expert(s)
[MoE] Layer 29: loading 3 expert(s)
[MoE] Layer 30: loading 1 expert(s)
[MoE] Layer 31: loading 3 expert(s)
[MoE] Layer 32: loading 4 expert(s)
[MoE] Layer 33: loading 3 expert(s)
[MoE] Layer 34: loading 1 expert(s)
[MoE] Layer 35: loading 3 expert(s)
[MoE] Layer 36: loading 3 expert(s)
[MoE] Layer 37: loading 5 expert(s)
[MoE] Layer 38: loading 3 expert(s)
[MoE] Layer 39: loading 3 expert(s)
[MoE] Layer 40: loading 2 expert(s)
[MoE] Layer 41: loading 4 expert(s)
[MoE] Layer 42: loading 5 expert(s)
[MoE] Layer 43: loading 3 expert(s)
[MoE] Layer 44: loading 3 expert(s)
[MoE] Layer 46: loading 2 expert(s)
[MoE] Layer 47: loading 5 expert(s)
[gen 80/99] elapsed=53.5s  TPS=1.496
[MoE] Layer 0: loading 6 expert(s)
[MoE] Layer 1: loading 7 expert(s)
[MoE] Layer 2: loading 4 expert(s)
[MoE] Layer 3: loading 4 expert(s)
[MoE] Layer 4: loading 5 expert(s)
[MoE] Layer 5: loading 3 expert(s)
[MoE] Layer 6: loading 3 expert(s)
[MoE] Layer 7: loading 1 expert(s)
[MoE] Layer 8: loading 2 expert(s)
[MoE] Layer 9: loading 2 expert(s)
[MoE] Layer 10: loading 2 expert(s)
[MoE] Layer 11: loading 4 expert(s)
[MoE] Layer 12: loading 2 expert(s)
[MoE] Layer 13: loading 2 expert(s)
[MoE] Layer 14: loading 3 expert(s)
[MoE] Layer 15: loading 3 expert(s)
[MoE] Layer 16: loading 3 expert(s)
[MoE] Layer 17: loading 2 expert(s)
[MoE] Layer 18: loading 1 expert(s)
[MoE] Layer 19: loading 1 expert(s)
[MoE] Layer 20: loading 2 expert(s)
[MoE] Layer 21: loading 3 expert(s)
[MoE] Layer 22: loading 3 expert(s)
[MoE] Layer 23: loading 4 expert(s)
[MoE] Layer 24: loading 4 expert(s)
[MoE] Layer 25: loading 1 expert(s)
[MoE] Layer 26: loading 4 expert(s)
[MoE] Layer 27: loading 2 expert(s)
[MoE] Layer 28: loading 3 expert(s)
[MoE] Layer 30: loading 1 expert(s)
[MoE] Layer 31: loading 2 expert(s)
[MoE] Layer 32: loading 4 expert(s)
[MoE] Layer 33: loading 3 expert(s)
[MoE] Layer 34: loading 2 expert(s)
[MoE] Layer 36: loading 2 expert(s)
[MoE] Layer 37: loading 3 expert(s)
[MoE] Layer 39: loading 1 expert(s)
[MoE] Layer 41: loading 2 expert(s)
[MoE] Layer 42: loading 2 expert(s)
[MoE] Layer 44: loading 1 expert(s)
[MoE] Layer 45: loading 1 expert(s)
[MoE] Layer 46: loading 2 expert(s)
[MoE] Layer 47: loading 2 expert(s)
[MoE] Layer 0: loading 5 expert(s)
[MoE] Layer 1: loading 3 expert(s)
[MoE] Layer 2: loading 7 expert(s)
[MoE] Layer 3: loading 4 expert(s)
[MoE] Layer 4: loading 3 expert(s)
[MoE] Layer 5: loading 3 expert(s)
[MoE] Layer 7: loading 2 expert(s)
[MoE] Layer 8: loading 2 expert(s)
[MoE] Layer 9: loading 1 expert(s)
[MoE] Layer 10: loading 1 expert(s)
[MoE] Layer 11: loading 2 expert(s)
[MoE] Layer 12: loading 2 expert(s)
[MoE] Layer 13: loading 1 expert(s)
[MoE] Layer 14: loading 3 expert(s)
[MoE] Layer 15: loading 2 expert(s)
[MoE] Layer 16: loading 2 expert(s)
[MoE] Layer 17: loading 1 expert(s)
[MoE] Layer 18: loading 1 expert(s)
[MoE] Layer 19: loading 1 expert(s)
[MoE] Layer 20: loading 2 expert(s)
[MoE] Layer 21: loading 3 expert(s)
[MoE] Layer 22: loading 3 expert(s)
[MoE] Layer 23: loading 2 expert(s)
[MoE] Layer 24: loading 3 expert(s)
[MoE] Layer 25: loading 1 expert(s)
[MoE] Layer 26: loading 3 expert(s)
[MoE] Layer 27: loading 1 expert(s)
[MoE] Layer 28: loading 2 expert(s)
[MoE] Layer 29: loading 2 expert(s)
[MoE] Layer 30: loading 2 expert(s)
[MoE] Layer 32: loading 1 expert(s)
[MoE] Layer 33: loading 1 expert(s)
[MoE] Layer 34: loading 2 expert(s)
[MoE] Layer 36: loading 3 expert(s)
[MoE] Layer 37: loading 3 expert(s)
[MoE] Layer 38: loading 1 expert(s)
[MoE] Layer 39: loading 1 expert(s)
[MoE] Layer 40: loading 1 expert(s)
[MoE] Layer 41: loading 3 expert(s)
[MoE] Layer 42: loading 4 expert(s)
[MoE] Layer 43: loading 2 expert(s)
[MoE] Layer 44: loading 2 expert(s)
[MoE] Layer 45: loading 3 expert(s)
[MoE] Layer 46: loading 2 expert(s)
[MoE] Layer 47: loading 5 expert(s)
[MoE] Layer 0: loading 7 expert(s)
[MoE] Layer 1: loading 4 expert(s)
[MoE] Layer 2: loading 3 expert(s)
[MoE] Layer 3: loading 1 expert(s)
[MoE] Layer 4: loading 1 expert(s)
[MoE] Layer 6: loading 2 expert(s)
[MoE] Layer 7: loading 2 expert(s)
[MoE] Layer 8: loading 2 expert(s)
[MoE] Layer 9: loading 2 expert(s)
[MoE] Layer 10: loading 1 expert(s)
[MoE] Layer 11: loading 3 expert(s)
[MoE] Layer 12: loading 3 expert(s)
[MoE] Layer 13: loading 2 expert(s)
[MoE] Layer 14: loading 3 expert(s)
[MoE] Layer 15: loading 1 expert(s)
[MoE] Layer 16: loading 4 expert(s)
[MoE] Layer 17: loading 2 expert(s)
[MoE] Layer 18: loading 4 expert(s)
[MoE] Layer 19: loading 2 expert(s)
[MoE] Layer 20: loading 4 expert(s)
[MoE] Layer 21: loading 3 expert(s)
[MoE] Layer 22: loading 2 expert(s)
[MoE] Layer 23: loading 3 expert(s)
[MoE] Layer 24: loading 5 expert(s)
[MoE] Layer 25: loading 5 expert(s)
[MoE] Layer 26: loading 3 expert(s)
[MoE] Layer 27: loading 2 expert(s)
[MoE] Layer 28: loading 2 expert(s)
[MoE] Layer 30: loading 1 expert(s)
[MoE] Layer 31: loading 2 expert(s)
[MoE] Layer 32: loading 2 expert(s)
[MoE] Layer 33: loading 2 expert(s)
[MoE] Layer 34: loading 2 expert(s)
[MoE] Layer 35: loading 2 expert(s)
[MoE] Layer 36: loading 3 expert(s)
[MoE] Layer 37: loading 2 expert(s)
[MoE] Layer 38: loading 4 expert(s)
[MoE] Layer 39: loading 3 expert(s)
[MoE] Layer 40: loading 1 expert(s)
[MoE] Layer 41: loading 3 expert(s)
[MoE] Layer 42: loading 2 expert(s)
[MoE] Layer 43: loading 1 expert(s)
[MoE] Layer 44: loading 1 expert(s)
[MoE] Layer 45: loading 1 expert(s)
[MoE] Layer 46: loading 2 expert(s)
[MoE] Layer 47: loading 5 expert(s)
[MoE] Layer 0: loading 3 expert(s)
[MoE] Layer 1: loading 2 expert(s)
[MoE] Layer 2: loading 3 expert(s)
[MoE] Layer 3: loading 5 expert(s)
[MoE] Layer 4: loading 2 expert(s)
[MoE] Layer 5: loading 3 expert(s)
[MoE] Layer 6: loading 1 expert(s)
[MoE] Layer 7: loading 1 expert(s)
[MoE] Layer 8: loading 3 expert(s)
[MoE] Layer 9: loading 2 expert(s)
[MoE] Layer 10: loading 2 expert(s)
[MoE] Layer 11: loading 3 expert(s)
[MoE] Layer 12: loading 2 expert(s)
[MoE] Layer 13: loading 2 expert(s)
[MoE] Layer 14: loading 4 expert(s)
[MoE] Layer 15: loading 3 expert(s)
[MoE] Layer 16: loading 3 expert(s)
[MoE] Layer 17: loading 4 expert(s)
[MoE] Layer 18: loading 1 expert(s)
[MoE] Layer 19: loading 2 expert(s)
[MoE] Layer 20: loading 3 expert(s)
[MoE] Layer 21: loading 1 expert(s)
[MoE] Layer 22: loading 3 expert(s)
[MoE] Layer 23: loading 3 expert(s)
[MoE] Layer 24: loading 2 expert(s)
[MoE] Layer 25: loading 3 expert(s)
[MoE] Layer 27: loading 2 expert(s)
[MoE] Layer 28: loading 3 expert(s)
[MoE] Layer 29: loading 2 expert(s)
[MoE] Layer 30: loading 1 expert(s)
[MoE] Layer 31: loading 1 expert(s)
[MoE] Layer 32: loading 1 expert(s)
[MoE] Layer 33: loading 4 expert(s)
[MoE] Layer 34: loading 2 expert(s)
[MoE] Layer 35: loading 4 expert(s)
[MoE] Layer 36: loading 1 expert(s)
[MoE] Layer 37: loading 3 expert(s)
[MoE] Layer 38: loading 1 expert(s)
[MoE] Layer 39: loading 4 expert(s)
[MoE] Layer 40: loading 3 expert(s)
[MoE] Layer 41: loading 3 expert(s)
[MoE] Layer 42: loading 3 expert(s)
[MoE] Layer 43: loading 4 expert(s)
[MoE] Layer 44: loading 1 expert(s)
[MoE] Layer 45: loading 2 expert(s)
[MoE] Layer 46: loading 3 expert(s)
[MoE] Layer 47: loading 4 expert(s)
[MoE] Layer 0: loading 6 expert(s)
[MoE] Layer 1: loading 4 expert(s)
[MoE] Layer 2: loading 4 expert(s)
[MoE] Layer 3: loading 2 expert(s)
[MoE] Layer 4: loading 3 expert(s)
[MoE] Layer 5: loading 2 expert(s)
[MoE] Layer 7: loading 2 expert(s)
[MoE] Layer 8: loading 3 expert(s)
[MoE] Layer 9: loading 2 expert(s)
[MoE] Layer 10: loading 3 expert(s)
[MoE] Layer 11: loading 3 expert(s)
[MoE] Layer 12: loading 1 expert(s)
[MoE] Layer 13: loading 3 expert(s)
[MoE] Layer 14: loading 2 expert(s)
[MoE] Layer 15: loading 2 expert(s)
[MoE] Layer 16: loading 2 expert(s)
[MoE] Layer 17: loading 2 expert(s)
[MoE] Layer 19: loading 1 expert(s)
[MoE] Layer 20: loading 2 expert(s)
[MoE] Layer 21: loading 3 expert(s)
[MoE] Layer 22: loading 1 expert(s)
[MoE] Layer 23: loading 3 expert(s)
[MoE] Layer 24: loading 2 expert(s)
[MoE] Layer 25: loading 3 expert(s)
[MoE] Layer 26: loading 2 expert(s)
[MoE] Layer 28: loading 2 expert(s)
[MoE] Layer 29: loading 4 expert(s)
[MoE] Layer 31: loading 2 expert(s)
[MoE] Layer 32: loading 1 expert(s)
[MoE] Layer 33: loading 2 expert(s)
[MoE] Layer 34: loading 2 expert(s)
[MoE] Layer 35: loading 3 expert(s)
[MoE] Layer 36: loading 2 expert(s)
[MoE] Layer 37: loading 4 expert(s)
[MoE] Layer 38: loading 2 expert(s)
[MoE] Layer 39: loading 2 expert(s)
[MoE] Layer 40: loading 2 expert(s)
[MoE] Layer 41: loading 3 expert(s)
[MoE] Layer 42: loading 3 expert(s)
[MoE] Layer 43: loading 1 expert(s)
[MoE] Layer 44: loading 1 expert(s)
[MoE] Layer 45: loading 1 expert(s)
[MoE] Layer 47: loading 3 expert(s)
[gen 85/99] elapsed=56.6s  TPS=1.502
[MoE] Layer 0: loading 5 expert(s)
[MoE] Layer 1: loading 4 expert(s)
[MoE] Layer 2: loading 5 expert(s)
[MoE] Layer 3: loading 6 expert(s)
[MoE] Layer 4: loading 6 expert(s)
[MoE] Layer 5: loading 2 expert(s)
[MoE] Layer 7: loading 2 expert(s)
[MoE] Layer 8: loading 2 expert(s)
[MoE] Layer 9: loading 3 expert(s)
[MoE] Layer 10: loading 3 expert(s)
[MoE] Layer 11: loading 3 expert(s)
[MoE] Layer 12: loading 1 expert(s)
[MoE] Layer 13: loading 2 expert(s)
[MoE] Layer 15: loading 2 expert(s)
[MoE] Layer 16: loading 3 expert(s)
[MoE] Layer 17: loading 2 expert(s)
[MoE] Layer 18: loading 1 expert(s)
[MoE] Layer 19: loading 2 expert(s)
[MoE] Layer 21: loading 3 expert(s)
[MoE] Layer 22: loading 2 expert(s)
[MoE] Layer 23: loading 4 expert(s)
[MoE] Layer 25: loading 4 expert(s)
[MoE] Layer 26: loading 2 expert(s)
[MoE] Layer 27: loading 2 expert(s)
[MoE] Layer 28: loading 2 expert(s)
[MoE] Layer 29: loading 2 expert(s)
[MoE] Layer 30: loading 1 expert(s)
[MoE] Layer 31: loading 1 expert(s)
[MoE] Layer 32: loading 1 expert(s)
[MoE] Layer 33: loading 1 expert(s)
[MoE] Layer 34: loading 1 expert(s)
[MoE] Layer 35: loading 2 expert(s)
[MoE] Layer 36: loading 1 expert(s)
[MoE] Layer 37: loading 6 expert(s)
[MoE] Layer 38: loading 2 expert(s)
[MoE] Layer 40: loading 2 expert(s)
[MoE] Layer 41: loading 3 expert(s)
[MoE] Layer 42: loading 4 expert(s)
[MoE] Layer 43: loading 4 expert(s)
[MoE] Layer 44: loading 1 expert(s)
[MoE] Layer 45: loading 1 expert(s)
[MoE] Layer 46: loading 3 expert(s)
[MoE] Layer 47: loading 5 expert(s)
[MoE] Layer 0: loading 7 expert(s)
[MoE] Layer 1: loading 7 expert(s)
[MoE] Layer 2: loading 3 expert(s)
[MoE] Layer 3: loading 3 expert(s)
[MoE] Layer 4: loading 2 expert(s)
[MoE] Layer 5: loading 1 expert(s)
[MoE] Layer 8: loading 1 expert(s)
[MoE] Layer 10: loading 1 expert(s)
[MoE] Layer 11: loading 2 expert(s)
[MoE] Layer 12: loading 2 expert(s)
[MoE] Layer 13: loading 3 expert(s)
[MoE] Layer 14: loading 1 expert(s)
[MoE] Layer 15: loading 1 expert(s)
[MoE] Layer 16: loading 3 expert(s)
[MoE] Layer 20: loading 1 expert(s)
[MoE] Layer 21: loading 3 expert(s)
[MoE] Layer 22: loading 1 expert(s)
[MoE] Layer 23: loading 2 expert(s)
[MoE] Layer 24: loading 2 expert(s)
[MoE] Layer 25: loading 5 expert(s)
[MoE] Layer 26: loading 2 expert(s)
[MoE] Layer 27: loading 4 expert(s)
[MoE] Layer 28: loading 1 expert(s)
[MoE] Layer 29: loading 3 expert(s)
[MoE] Layer 31: loading 1 expert(s)
[MoE] Layer 32: loading 1 expert(s)
[MoE] Layer 33: loading 1 expert(s)
[MoE] Layer 34: loading 2 expert(s)
[MoE] Layer 35: loading 3 expert(s)
[MoE] Layer 36: loading 1 expert(s)
[MoE] Layer 37: loading 4 expert(s)
[MoE] Layer 38: loading 2 expert(s)
[MoE] Layer 39: loading 1 expert(s)
[MoE] Layer 40: loading 2 expert(s)
[MoE] Layer 41: loading 3 expert(s)
[MoE] Layer 42: loading 5 expert(s)
[MoE] Layer 43: loading 1 expert(s)
[MoE] Layer 44: loading 2 expert(s)
[MoE] Layer 45: loading 1 expert(s)
[MoE] Layer 46: loading 1 expert(s)
[MoE] Layer 47: loading 5 expert(s)
[MoE] Layer 0: loading 5 expert(s)
[MoE] Layer 1: loading 6 expert(s)
[MoE] Layer 2: loading 3 expert(s)
[MoE] Layer 3: loading 6 expert(s)
[MoE] Layer 4: loading 5 expert(s)
[MoE] Layer 5: loading 4 expert(s)
[MoE] Layer 6: loading 2 expert(s)
[MoE] Layer 7: loading 2 expert(s)
[MoE] Layer 8: loading 2 expert(s)
[MoE] Layer 9: loading 6 expert(s)
[MoE] Layer 10: loading 6 expert(s)
[MoE] Layer 11: loading 4 expert(s)
[MoE] Layer 12: loading 4 expert(s)
[MoE] Layer 13: loading 6 expert(s)
[MoE] Layer 14: loading 1 expert(s)
[MoE] Layer 15: loading 3 expert(s)
[MoE] Layer 16: loading 5 expert(s)
[MoE] Layer 17: loading 2 expert(s)
[MoE] Layer 18: loading 2 expert(s)
[MoE] Layer 20: loading 2 expert(s)
[MoE] Layer 21: loading 1 expert(s)
[MoE] Layer 22: loading 3 expert(s)
[MoE] Layer 23: loading 2 expert(s)
[MoE] Layer 24: loading 3 expert(s)
[MoE] Layer 25: loading 4 expert(s)
[MoE] Layer 26: loading 2 expert(s)
[MoE] Layer 27: loading 2 expert(s)
[MoE] Layer 28: loading 1 expert(s)
[MoE] Layer 29: loading 2 expert(s)
[MoE] Layer 30: loading 1 expert(s)
[MoE] Layer 32: loading 1 expert(s)
[MoE] Layer 33: loading 1 expert(s)
[MoE] Layer 34: loading 3 expert(s)
[MoE] Layer 35: loading 3 expert(s)
[MoE] Layer 36: loading 3 expert(s)
[MoE] Layer 37: loading 5 expert(s)
[MoE] Layer 38: loading 3 expert(s)
[MoE] Layer 39: loading 1 expert(s)
[MoE] Layer 40: loading 4 expert(s)
[MoE] Layer 41: loading 2 expert(s)
[MoE] Layer 42: loading 4 expert(s)
[MoE] Layer 43: loading 2 expert(s)
[MoE] Layer 45: loading 1 expert(s)
[MoE] Layer 46: loading 1 expert(s)
[MoE] Layer 47: loading 6 expert(s)
[MoE] Layer 0: loading 4 expert(s)
[MoE] Layer 1: loading 5 expert(s)
[MoE] Layer 2: loading 3 expert(s)
[MoE] Layer 3: loading 4 expert(s)
[MoE] Layer 4: loading 3 expert(s)
[MoE] Layer 5: loading 2 expert(s)
[MoE] Layer 8: loading 3 expert(s)
[MoE] Layer 9: loading 2 expert(s)
[MoE] Layer 10: loading 6 expert(s)
[MoE] Layer 11: loading 4 expert(s)
[MoE] Layer 12: loading 2 expert(s)
[MoE] Layer 13: loading 3 expert(s)
[MoE] Layer 14: loading 2 expert(s)
[MoE] Layer 15: loading 3 expert(s)
[MoE] Layer 16: loading 2 expert(s)
[MoE] Layer 17: loading 3 expert(s)
[MoE] Layer 18: loading 2 expert(s)
[MoE] Layer 19: loading 2 expert(s)
[MoE] Layer 20: loading 1 expert(s)
[MoE] Layer 21: loading 2 expert(s)
[MoE] Layer 22: loading 2 expert(s)
[MoE] Layer 23: loading 2 expert(s)
[MoE] Layer 25: loading 4 expert(s)
[MoE] Layer 26: loading 1 expert(s)
[MoE] Layer 27: loading 3 expert(s)
[MoE] Layer 28: loading 3 expert(s)
[MoE] Layer 29: loading 1 expert(s)
[MoE] Layer 30: loading 1 expert(s)
[MoE] Layer 31: loading 1 expert(s)
[MoE] Layer 32: loading 2 expert(s)
[MoE] Layer 33: loading 2 expert(s)
[MoE] Layer 34: loading 2 expert(s)
[MoE] Layer 35: loading 4 expert(s)
[MoE] Layer 36: loading 2 expert(s)
[MoE] Layer 37: loading 4 expert(s)
[MoE] Layer 39: loading 2 expert(s)
[MoE] Layer 40: loading 3 expert(s)
[MoE] Layer 41: loading 1 expert(s)
[MoE] Layer 42: loading 5 expert(s)
[MoE] Layer 43: loading 2 expert(s)
[MoE] Layer 44: loading 3 expert(s)
[MoE] Layer 45: loading 2 expert(s)
[MoE] Layer 46: loading 2 expert(s)
[MoE] Layer 47: loading 6 expert(s)
[MoE] Layer 0: loading 8 expert(s)
[MoE] Layer 1: loading 7 expert(s)
[MoE] Layer 2: loading 7 expert(s)
[MoE] Layer 3: loading 7 expert(s)
[MoE] Layer 4: loading 5 expert(s)
[MoE] Layer 5: loading 8 expert(s)
[MoE] Layer 6: loading 5 expert(s)
[MoE] Layer 7: loading 7 expert(s)
[MoE] Layer 8: loading 5 expert(s)
[MoE] Layer 9: loading 6 expert(s)
[MoE] Layer 10: loading 8 expert(s)
[MoE] Layer 11: loading 8 expert(s)
[MoE] Layer 12: loading 6 expert(s)
[MoE] Layer 13: loading 7 expert(s)
[MoE] Layer 14: loading 5 expert(s)
[MoE] Layer 15: loading 7 expert(s)
[MoE] Layer 16: loading 6 expert(s)
[MoE] Layer 17: loading 5 expert(s)
[MoE] Layer 18: loading 5 expert(s)
[MoE] Layer 19: loading 5 expert(s)
[MoE] Layer 20: loading 4 expert(s)
[MoE] Layer 21: loading 4 expert(s)
[MoE] Layer 22: loading 5 expert(s)
[MoE] Layer 23: loading 8 expert(s)
[MoE] Layer 24: loading 7 expert(s)
[MoE] Layer 25: loading 6 expert(s)
[MoE] Layer 26: loading 6 expert(s)
[MoE] Layer 27: loading 8 expert(s)
[MoE] Layer 28: loading 7 expert(s)
[MoE] Layer 29: loading 4 expert(s)
[MoE] Layer 30: loading 3 expert(s)
[MoE] Layer 31: loading 6 expert(s)
[MoE] Layer 32: loading 3 expert(s)
[MoE] Layer 33: loading 4 expert(s)
[MoE] Layer 34: loading 6 expert(s)
[MoE] Layer 35: loading 7 expert(s)
[MoE] Layer 36: loading 8 expert(s)
[MoE] Layer 37: loading 7 expert(s)
[MoE] Layer 38: loading 5 expert(s)
[MoE] Layer 39: loading 7 expert(s)
[MoE] Layer 40: loading 4 expert(s)
[MoE] Layer 41: loading 7 expert(s)
[MoE] Layer 42: loading 5 expert(s)
[MoE] Layer 43: loading 5 expert(s)
[MoE] Layer 44: loading 6 expert(s)
[MoE] Layer 45: loading 4 expert(s)
[MoE] Layer 46: loading 7 expert(s)
[MoE] Layer 47: loading 7 expert(s)
[gen 90/99] elapsed=60.2s  TPS=1.494
[MoE] Layer 0: loading 5 expert(s)
[MoE] Layer 1: loading 6 expert(s)
[MoE] Layer 2: loading 4 expert(s)
[MoE] Layer 3: loading 5 expert(s)
[MoE] Layer 4: loading 5 expert(s)
[MoE] Layer 5: loading 4 expert(s)
[MoE] Layer 6: loading 2 expert(s)
[MoE] Layer 7: loading 2 expert(s)
[MoE] Layer 8: loading 3 expert(s)
[MoE] Layer 9: loading 2 expert(s)
[MoE] Layer 10: loading 5 expert(s)
[MoE] Layer 11: loading 6 expert(s)
[MoE] Layer 12: loading 4 expert(s)
[MoE] Layer 13: loading 4 expert(s)
[MoE] Layer 14: loading 3 expert(s)
[MoE] Layer 15: loading 4 expert(s)
[MoE] Layer 16: loading 2 expert(s)
[MoE] Layer 17: loading 4 expert(s)
[MoE] Layer 18: loading 2 expert(s)
[MoE] Layer 19: loading 1 expert(s)
[MoE] Layer 20: loading 1 expert(s)
[MoE] Layer 21: loading 3 expert(s)
[MoE] Layer 22: loading 2 expert(s)
[MoE] Layer 23: loading 2 expert(s)
[MoE] Layer 24: loading 2 expert(s)
[MoE] Layer 25: loading 3 expert(s)
[MoE] Layer 26: loading 5 expert(s)
[MoE] Layer 27: loading 4 expert(s)
[MoE] Layer 28: loading 4 expert(s)
[MoE] Layer 29: loading 3 expert(s)
[MoE] Layer 30: loading 1 expert(s)
[MoE] Layer 31: loading 4 expert(s)
[MoE] Layer 32: loading 5 expert(s)
[MoE] Layer 33: loading 2 expert(s)
[MoE] Layer 34: loading 5 expert(s)
[MoE] Layer 35: loading 5 expert(s)
[MoE] Layer 36: loading 4 expert(s)
[MoE] Layer 37: loading 4 expert(s)
[MoE] Layer 38: loading 3 expert(s)
[MoE] Layer 39: loading 6 expert(s)
[MoE] Layer 40: loading 4 expert(s)
[MoE] Layer 41: loading 4 expert(s)
[MoE] Layer 42: loading 6 expert(s)
[MoE] Layer 43: loading 3 expert(s)
[MoE] Layer 44: loading 2 expert(s)
[MoE] Layer 45: loading 1 expert(s)
[MoE] Layer 46: loading 2 expert(s)
[MoE] Layer 47: loading 5 expert(s)
[MoE] Layer 0: loading 4 expert(s)
[MoE] Layer 1: loading 6 expert(s)
[MoE] Layer 2: loading 4 expert(s)
[MoE] Layer 3: loading 5 expert(s)
[MoE] Layer 4: loading 2 expert(s)
[MoE] Layer 5: loading 3 expert(s)
[MoE] Layer 6: loading 1 expert(s)
[MoE] Layer 8: loading 3 expert(s)
[MoE] Layer 9: loading 3 expert(s)
[MoE] Layer 10: loading 5 expert(s)
[MoE] Layer 11: loading 4 expert(s)
[MoE] Layer 12: loading 4 expert(s)
[MoE] Layer 13: loading 5 expert(s)
[MoE] Layer 14: loading 3 expert(s)
[MoE] Layer 15: loading 1 expert(s)
[MoE] Layer 16: loading 5 expert(s)
[MoE] Layer 17: loading 5 expert(s)
[MoE] Layer 18: loading 3 expert(s)
[MoE] Layer 19: loading 3 expert(s)
[MoE] Layer 20: loading 5 expert(s)
[MoE] Layer 21: loading 5 expert(s)
[MoE] Layer 22: loading 7 expert(s)
[MoE] Layer 23: loading 5 expert(s)
[MoE] Layer 24: loading 6 expert(s)
[MoE] Layer 25: loading 5 expert(s)
[MoE] Layer 26: loading 3 expert(s)
[MoE] Layer 27: loading 2 expert(s)
[MoE] Layer 28: loading 3 expert(s)
[MoE] Layer 29: loading 3 expert(s)
[MoE] Layer 30: loading 2 expert(s)
[MoE] Layer 31: loading 4 expert(s)
[MoE] Layer 32: loading 4 expert(s)
[MoE] Layer 33: loading 1 expert(s)
[MoE] Layer 34: loading 3 expert(s)
[MoE] Layer 35: loading 4 expert(s)
[MoE] Layer 36: loading 5 expert(s)
[MoE] Layer 37: loading 3 expert(s)
[MoE] Layer 38: loading 1 expert(s)
[MoE] Layer 39: loading 4 expert(s)
[MoE] Layer 40: loading 5 expert(s)
[MoE] Layer 41: loading 3 expert(s)
[MoE] Layer 42: loading 2 expert(s)
[MoE] Layer 43: loading 5 expert(s)
[MoE] Layer 44: loading 3 expert(s)
[MoE] Layer 45: loading 1 expert(s)
[MoE] Layer 46: loading 4 expert(s)
[MoE] Layer 47: loading 6 expert(s)
[MoE] Layer 0: loading 5 expert(s)
[MoE] Layer 1: loading 6 expert(s)
[MoE] Layer 2: loading 5 expert(s)
[MoE] Layer 3: loading 7 expert(s)
[MoE] Layer 4: loading 6 expert(s)
[MoE] Layer 5: loading 5 expert(s)
[MoE] Layer 6: loading 2 expert(s)
[MoE] Layer 7: loading 5 expert(s)
[MoE] Layer 8: loading 3 expert(s)
[MoE] Layer 9: loading 2 expert(s)
[MoE] Layer 10: loading 3 expert(s)
[MoE] Layer 11: loading 3 expert(s)
[MoE] Layer 12: loading 3 expert(s)
[MoE] Layer 13: loading 2 expert(s)
[MoE] Layer 14: loading 1 expert(s)
[MoE] Layer 15: loading 5 expert(s)
[MoE] Layer 16: loading 2 expert(s)
[MoE] Layer 17: loading 4 expert(s)
[MoE] Layer 18: loading 2 expert(s)
[MoE] Layer 19: loading 3 expert(s)
[MoE] Layer 20: loading 3 expert(s)
[MoE] Layer 21: loading 4 expert(s)
[MoE] Layer 22: loading 4 expert(s)
[MoE] Layer 23: loading 2 expert(s)
[MoE] Layer 24: loading 6 expert(s)
[MoE] Layer 25: loading 4 expert(s)
[MoE] Layer 26: loading 5 expert(s)
[MoE] Layer 27: loading 3 expert(s)
[MoE] Layer 28: loading 3 expert(s)
[MoE] Layer 29: loading 3 expert(s)
[MoE] Layer 30: loading 2 expert(s)
[MoE] Layer 31: loading 3 expert(s)
[MoE] Layer 32: loading 3 expert(s)
[MoE] Layer 33: loading 2 expert(s)
[MoE] Layer 34: loading 2 expert(s)
[MoE] Layer 35: loading 4 expert(s)
[MoE] Layer 36: loading 3 expert(s)
[MoE] Layer 37: loading 3 expert(s)
[MoE] Layer 38: loading 5 expert(s)
[MoE] Layer 39: loading 3 expert(s)
[MoE] Layer 40: loading 2 expert(s)
[MoE] Layer 41: loading 4 expert(s)
[MoE] Layer 42: loading 3 expert(s)
[MoE] Layer 44: loading 3 expert(s)
[MoE] Layer 46: loading 3 expert(s)
[MoE] Layer 47: loading 6 expert(s)
[MoE] Layer 0: loading 4 expert(s)
[MoE] Layer 1: loading 4 expert(s)
[MoE] Layer 2: loading 3 expert(s)
[MoE] Layer 3: loading 2 expert(s)
[MoE] Layer 4: loading 1 expert(s)
[MoE] Layer 5: loading 1 expert(s)
[MoE] Layer 7: loading 2 expert(s)
[MoE] Layer 8: loading 2 expert(s)
[MoE] Layer 9: loading 1 expert(s)
[MoE] Layer 10: loading 3 expert(s)
[MoE] Layer 11: loading 2 expert(s)
[MoE] Layer 12: loading 3 expert(s)
[MoE] Layer 13: loading 2 expert(s)
[MoE] Layer 14: loading 2 expert(s)
[MoE] Layer 15: loading 2 expert(s)
[MoE] Layer 16: loading 2 expert(s)
[MoE] Layer 17: loading 2 expert(s)
[MoE] Layer 18: loading 2 expert(s)
[MoE] Layer 20: loading 2 expert(s)
[MoE] Layer 21: loading 1 expert(s)
[MoE] Layer 22: loading 2 expert(s)
[MoE] Layer 23: loading 4 expert(s)
[MoE] Layer 24: loading 2 expert(s)
[MoE] Layer 25: loading 3 expert(s)
[MoE] Layer 26: loading 3 expert(s)
[MoE] Layer 27: loading 1 expert(s)
[MoE] Layer 28: loading 3 expert(s)
[MoE] Layer 29: loading 3 expert(s)
[MoE] Layer 30: loading 1 expert(s)
[MoE] Layer 31: loading 3 expert(s)
[MoE] Layer 32: loading 2 expert(s)
[MoE] Layer 33: loading 2 expert(s)
[MoE] Layer 34: loading 1 expert(s)
[MoE] Layer 35: loading 2 expert(s)
[MoE] Layer 37: loading 2 expert(s)
[MoE] Layer 39: loading 1 expert(s)
[MoE] Layer 41: loading 2 expert(s)
[MoE] Layer 42: loading 1 expert(s)
[MoE] Layer 43: loading 2 expert(s)
[MoE] Layer 44: loading 2 expert(s)
[MoE] Layer 45: loading 1 expert(s)
[MoE] Layer 47: loading 2 expert(s)
[MoE] Layer 0: loading 7 expert(s)
[MoE] Layer 1: loading 4 expert(s)
[MoE] Layer 2: loading 4 expert(s)
[MoE] Layer 3: loading 5 expert(s)
[MoE] Layer 4: loading 3 expert(s)
[MoE] Layer 5: loading 3 expert(s)
[MoE] Layer 6: loading 2 expert(s)
[MoE] Layer 7: loading 1 expert(s)
[MoE] Layer 8: loading 5 expert(s)
[MoE] Layer 9: loading 4 expert(s)
[MoE] Layer 10: loading 3 expert(s)
[MoE] Layer 11: loading 4 expert(s)
[MoE] Layer 12: loading 4 expert(s)
[MoE] Layer 13: loading 3 expert(s)
[MoE] Layer 14: loading 3 expert(s)
[MoE] Layer 15: loading 4 expert(s)
[MoE] Layer 16: loading 4 expert(s)
[MoE] Layer 17: loading 3 expert(s)
[MoE] Layer 18: loading 2 expert(s)
[MoE] Layer 19: loading 2 expert(s)
[MoE] Layer 20: loading 3 expert(s)
[MoE] Layer 21: loading 3 expert(s)
[MoE] Layer 22: loading 2 expert(s)
[MoE] Layer 23: loading 5 expert(s)
[MoE] Layer 24: loading 3 expert(s)
[MoE] Layer 25: loading 3 expert(s)
[MoE] Layer 26: loading 2 expert(s)
[MoE] Layer 27: loading 2 expert(s)
[MoE] Layer 28: loading 4 expert(s)
[MoE] Layer 29: loading 3 expert(s)
[MoE] Layer 30: loading 3 expert(s)
[MoE] Layer 31: loading 1 expert(s)
[MoE] Layer 32: loading 2 expert(s)
[MoE] Layer 33: loading 3 expert(s)
[MoE] Layer 34: loading 2 expert(s)
[MoE] Layer 35: loading 4 expert(s)
[MoE] Layer 36: loading 2 expert(s)
[MoE] Layer 37: loading 3 expert(s)
[MoE] Layer 38: loading 2 expert(s)
[MoE] Layer 39: loading 3 expert(s)
[MoE] Layer 40: loading 1 expert(s)
[MoE] Layer 41: loading 4 expert(s)
[MoE] Layer 42: loading 3 expert(s)
[MoE] Layer 43: loading 1 expert(s)
[MoE] Layer 44: loading 1 expert(s)
[MoE] Layer 45: loading 2 expert(s)
[MoE] Layer 46: loading 1 expert(s)
[MoE] Layer 47: loading 2 expert(s)
[gen 95/99] elapsed=63.9s  TPS=1.488
[MoE] Layer 0: loading 7 expert(s)
[MoE] Layer 1: loading 4 expert(s)
[MoE] Layer 2: loading 4 expert(s)
[MoE] Layer 3: loading 5 expert(s)
[MoE] Layer 4: loading 4 expert(s)
[MoE] Layer 5: loading 1 expert(s)
[MoE] Layer 6: loading 1 expert(s)
[MoE] Layer 7: loading 1 expert(s)
[MoE] Layer 8: loading 1 expert(s)
[MoE] Layer 9: loading 2 expert(s)
[MoE] Layer 10: loading 3 expert(s)
[MoE] Layer 11: loading 1 expert(s)
[MoE] Layer 13: loading 1 expert(s)
[MoE] Layer 14: loading 2 expert(s)
[MoE] Layer 15: loading 2 expert(s)
[MoE] Layer 16: loading 4 expert(s)
[MoE] Layer 17: loading 3 expert(s)
[MoE] Layer 18: loading 1 expert(s)
[MoE] Layer 19: loading 2 expert(s)
[MoE] Layer 20: loading 4 expert(s)
[MoE] Layer 21: loading 2 expert(s)
[MoE] Layer 23: loading 2 expert(s)
[MoE] Layer 25: loading 1 expert(s)
[MoE] Layer 26: loading 3 expert(s)
[MoE] Layer 27: loading 1 expert(s)
[MoE] Layer 28: loading 1 expert(s)
[MoE] Layer 29: loading 5 expert(s)
[MoE] Layer 31: loading 2 expert(s)
[MoE] Layer 32: loading 2 expert(s)
[MoE] Layer 33: loading 3 expert(s)
[MoE] Layer 34: loading 3 expert(s)
[MoE] Layer 35: loading 2 expert(s)
[MoE] Layer 36: loading 2 expert(s)
[MoE] Layer 37: loading 1 expert(s)
[MoE] Layer 38: loading 1 expert(s)
[MoE] Layer 40: loading 3 expert(s)
[MoE] Layer 41: loading 2 expert(s)
[MoE] Layer 42: loading 3 expert(s)
[MoE] Layer 43: loading 2 expert(s)
[MoE] Layer 44: loading 2 expert(s)
[MoE] Layer 45: loading 2 expert(s)
[MoE] Layer 46: loading 4 expert(s)
[MoE] Layer 47: loading 2 expert(s)
[MoE] Layer 0: loading 6 expert(s)
[MoE] Layer 1: loading 4 expert(s)
[MoE] Layer 2: loading 4 expert(s)
[MoE] Layer 3: loading 4 expert(s)
[MoE] Layer 4: loading 6 expert(s)
[MoE] Layer 5: loading 1 expert(s)
[MoE] Layer 6: loading 3 expert(s)
[MoE] Layer 7: loading 2 expert(s)
[MoE] Layer 8: loading 2 expert(s)
[MoE] Layer 9: loading 4 expert(s)
[MoE] Layer 10: loading 5 expert(s)
[MoE] Layer 11: loading 4 expert(s)
[MoE] Layer 12: loading 2 expert(s)
[MoE] Layer 13: loading 3 expert(s)
[MoE] Layer 14: loading 3 expert(s)
[MoE] Layer 15: loading 2 expert(s)
[MoE] Layer 16: loading 6 expert(s)
[MoE] Layer 17: loading 3 expert(s)
[MoE] Layer 18: loading 3 expert(s)
[MoE] Layer 19: loading 1 expert(s)
[MoE] Layer 20: loading 2 expert(s)
[MoE] Layer 21: loading 3 expert(s)
[MoE] Layer 22: loading 3 expert(s)
[MoE] Layer 23: loading 3 expert(s)
[MoE] Layer 24: loading 2 expert(s)
[MoE] Layer 25: loading 1 expert(s)
[MoE] Layer 26: loading 2 expert(s)
[MoE] Layer 27: loading 3 expert(s)
[MoE] Layer 28: loading 3 expert(s)
[MoE] Layer 29: loading 1 expert(s)
[MoE] Layer 30: loading 2 expert(s)
[MoE] Layer 31: loading 4 expert(s)
[MoE] Layer 32: loading 1 expert(s)
[MoE] Layer 33: loading 1 expert(s)
[MoE] Layer 34: loading 4 expert(s)
[MoE] Layer 35: loading 2 expert(s)
[MoE] Layer 36: loading 2 expert(s)
[MoE] Layer 37: loading 5 expert(s)
[MoE] Layer 38: loading 2 expert(s)
[MoE] Layer 39: loading 2 expert(s)
[MoE] Layer 40: loading 5 expert(s)
[MoE] Layer 41: loading 4 expert(s)
[MoE] Layer 42: loading 3 expert(s)
[MoE] Layer 43: loading 3 expert(s)
[MoE] Layer 44: loading 3 expert(s)
[MoE] Layer 45: loading 2 expert(s)
[MoE] Layer 46: loading 4 expert(s)
[MoE] Layer 47: loading 2 expert(s)
[MoE] Layer 0: loading 6 expert(s)
[MoE] Layer 1: loading 6 expert(s)
[MoE] Layer 2: loading 4 expert(s)
[MoE] Layer 3: loading 3 expert(s)
[MoE] Layer 4: loading 3 expert(s)
[MoE] Layer 5: loading 2 expert(s)
[MoE] Layer 6: loading 2 expert(s)
[MoE] Layer 7: loading 3 expert(s)
[MoE] Layer 8: loading 2 expert(s)
[MoE] Layer 9: loading 3 expert(s)
[MoE] Layer 11: loading 4 expert(s)
[MoE] Layer 12: loading 4 expert(s)
[MoE] Layer 13: loading 3 expert(s)
[MoE] Layer 14: loading 3 expert(s)
[MoE] Layer 15: loading 4 expert(s)
[MoE] Layer 16: loading 2 expert(s)
[MoE] Layer 17: loading 4 expert(s)
[MoE] Layer 18: loading 2 expert(s)
[MoE] Layer 19: loading 3 expert(s)
[MoE] Layer 20: loading 1 expert(s)
[MoE] Layer 21: loading 2 expert(s)
[MoE] Layer 22: loading 1 expert(s)
[MoE] Layer 23: loading 3 expert(s)
[MoE] Layer 24: loading 4 expert(s)
[MoE] Layer 25: loading 2 expert(s)
[MoE] Layer 26: loading 2 expert(s)
[MoE] Layer 27: loading 3 expert(s)
[MoE] Layer 28: loading 2 expert(s)
[MoE] Layer 29: loading 5 expert(s)
[MoE] Layer 30: loading 2 expert(s)
[MoE] Layer 31: loading 1 expert(s)
[MoE] Layer 32: loading 3 expert(s)
[MoE] Layer 33: loading 3 expert(s)
[MoE] Layer 34: loading 5 expert(s)
[MoE] Layer 35: loading 1 expert(s)
[MoE] Layer 36: loading 3 expert(s)
[MoE] Layer 37: loading 3 expert(s)
[MoE] Layer 38: loading 2 expert(s)
[MoE] Layer 39: loading 2 expert(s)
[MoE] Layer 40: loading 2 expert(s)
[MoE] Layer 41: loading 5 expert(s)
[MoE] Layer 42: loading 5 expert(s)
[MoE] Layer 43: loading 3 expert(s)
[MoE] Layer 44: loading 2 expert(s)
[MoE] Layer 45: loading 3 expert(s)
[MoE] Layer 46: loading 3 expert(s)
[MoE] Layer 47: loading 2 expert(s)
[MoE] Layer 0: loading 7 expert(s)
[MoE] Layer 1: loading 5 expert(s)
[MoE] Layer 2: loading 5 expert(s)
[MoE] Layer 3: loading 3 expert(s)
[MoE] Layer 4: loading 4 expert(s)
[MoE] Layer 5: loading 2 expert(s)
[MoE] Layer 7: loading 2 expert(s)
[MoE] Layer 8: loading 2 expert(s)
[MoE] Layer 9: loading 3 expert(s)
[MoE] Layer 10: loading 2 expert(s)
[MoE] Layer 12: loading 3 expert(s)
[MoE] Layer 13: loading 1 expert(s)
[MoE] Layer 14: loading 2 expert(s)
[MoE] Layer 16: loading 1 expert(s)
[MoE] Layer 17: loading 1 expert(s)
[MoE] Layer 20: loading 1 expert(s)
[MoE] Layer 21: loading 1 expert(s)
[MoE] Layer 22: loading 3 expert(s)
[MoE] Layer 23: loading 2 expert(s)
[MoE] Layer 24: loading 3 expert(s)
[MoE] Layer 25: loading 4 expert(s)
[MoE] Layer 26: loading 1 expert(s)
[MoE] Layer 27: loading 3 expert(s)
[MoE] Layer 28: loading 2 expert(s)
[MoE] Layer 29: loading 3 expert(s)
[MoE] Layer 30: loading 1 expert(s)
[MoE] Layer 31: loading 3 expert(s)
[MoE] Layer 32: loading 3 expert(s)
[MoE] Layer 33: loading 3 expert(s)
[MoE] Layer 34: loading 4 expert(s)
[MoE] Layer 35: loading 3 expert(s)
[MoE] Layer 36: loading 5 expert(s)
[MoE] Layer 37: loading 5 expert(s)
[MoE] Layer 38: loading 2 expert(s)
[MoE] Layer 39: loading 2 expert(s)
[MoE] Layer 40: loading 4 expert(s)
[MoE] Layer 41: loading 3 expert(s)
[MoE] Layer 42: loading 4 expert(s)
[MoE] Layer 43: loading 2 expert(s)
[MoE] Layer 44: loading 3 expert(s)
[MoE] Layer 45: loading 2 expert(s)
[MoE] Layer 46: loading 5 expert(s)
[MoE] Layer 47: loading 8 expert(s)
Prefill time (summary): 15.902 seconds
Total Generation Time: 66.591 seconds
Average Time per Token: 0.673 seconds

Expert Cache Statistics:
Layer 0: Hits=222, Misses=570, HitRate=28.03%
    Bandwidth: MissLoads=570, AvgLoadTime=3.25ms
Layer 1: Hits=344, Misses=448, HitRate=43.43%
    Bandwidth: MissLoads=448, AvgLoadTime=3.97ms
Layer 2: Hits=379, Misses=413, HitRate=47.85%
    Bandwidth: MissLoads=413, AvgLoadTime=4.01ms
Layer 3: Hits=395, Misses=397, HitRate=49.87%
    Bandwidth: MissLoads=397, AvgLoadTime=4.18ms
Layer 4: Hits=441, Misses=351, HitRate=55.68%
    Bandwidth: MissLoads=351, AvgLoadTime=4.29ms
Layer 5: Hits=494, Misses=298, HitRate=62.37%
    Bandwidth: MissLoads=298, AvgLoadTime=4.77ms
Layer 6: Hits=658, Misses=134, HitRate=83.08%
    Bandwidth: MissLoads=134, AvgLoadTime=6.24ms
Layer 7: Hits=595, Misses=197, HitRate=75.13%
    Bandwidth: MissLoads=197, AvgLoadTime=5.24ms
Layer 8: Hits=562, Misses=230, HitRate=70.96%
    Bandwidth: MissLoads=230, AvgLoadTime=5.15ms
Layer 9: Hits=570, Misses=222, HitRate=71.97%
    Bandwidth: MissLoads=222, AvgLoadTime=4.86ms
Layer 10: Hits=507, Misses=285, HitRate=64.02%
    Bandwidth: MissLoads=285, AvgLoadTime=4.51ms
Layer 11: Hits=487, Misses=305, HitRate=61.49%
    Bandwidth: MissLoads=305, AvgLoadTime=4.20ms
Layer 12: Hits=530, Misses=262, HitRate=66.92%
    Bandwidth: MissLoads=262, AvgLoadTime=4.76ms
Layer 13: Hits=475, Misses=317, HitRate=59.97%
    Bandwidth: MissLoads=317, AvgLoadTime=4.54ms
Layer 14: Hits=574, Misses=218, HitRate=72.47%
    Bandwidth: MissLoads=218, AvgLoadTime=5.22ms
Layer 15: Hits=572, Misses=220, HitRate=72.22%
    Bandwidth: MissLoads=220, AvgLoadTime=5.18ms
Layer 16: Hits=523, Misses=269, HitRate=66.04%
    Bandwidth: MissLoads=269, AvgLoadTime=4.80ms
Layer 17: Hits=519, Misses=273, HitRate=65.53%
    Bandwidth: MissLoads=273, AvgLoadTime=4.66ms
Layer 18: Hits=656, Misses=136, HitRate=82.83%
    Bandwidth: MissLoads=136, AvgLoadTime=6.23ms
Layer 19: Hits=618, Misses=174, HitRate=78.03%
    Bandwidth: MissLoads=174, AvgLoadTime=6.04ms
Layer 20: Hits=613, Misses=179, HitRate=77.40%
    Bandwidth: MissLoads=179, AvgLoadTime=5.96ms
Layer 21: Hits=581, Misses=211, HitRate=73.36%
    Bandwidth: MissLoads=211, AvgLoadTime=5.24ms
Layer 22: Hits=520, Misses=272, HitRate=65.66%
    Bandwidth: MissLoads=272, AvgLoadTime=4.64ms
Layer 23: Hits=495, Misses=297, HitRate=62.50%
    Bandwidth: MissLoads=297, AvgLoadTime=4.71ms
Layer 24: Hits=517, Misses=275, HitRate=65.28%
    Bandwidth: MissLoads=275, AvgLoadTime=4.93ms
Layer 25: Hits=451, Misses=341, HitRate=56.94%
    Bandwidth: MissLoads=341, AvgLoadTime=4.37ms
Layer 26: Hits=546, Misses=246, HitRate=68.94%
    Bandwidth: MissLoads=246, AvgLoadTime=5.02ms
Layer 27: Hits=551, Misses=241, HitRate=69.57%
    Bandwidth: MissLoads=241, AvgLoadTime=5.15ms
Layer 28: Hits=523, Misses=269, HitRate=66.04%
    Bandwidth: MissLoads=269, AvgLoadTime=4.73ms
Layer 29: Hits=508, Misses=284, HitRate=64.14%
    Bandwidth: MissLoads=284, AvgLoadTime=4.63ms
Layer 30: Hits=648, Misses=144, HitRate=81.82%
    Bandwidth: MissLoads=144, AvgLoadTime=6.63ms
Layer 31: Hits=595, Misses=197, HitRate=75.13%
    Bandwidth: MissLoads=197, AvgLoadTime=5.40ms
Layer 32: Hits=573, Misses=219, HitRate=72.35%
    Bandwidth: MissLoads=219, AvgLoadTime=5.38ms
Layer 33: Hits=579, Misses=213, HitRate=73.11%
    Bandwidth: MissLoads=213, AvgLoadTime=5.31ms
Layer 34: Hits=528, Misses=264, HitRate=66.67%
    Bandwidth: MissLoads=264, AvgLoadTime=4.81ms
Layer 35: Hits=472, Misses=320, HitRate=59.60%
    Bandwidth: MissLoads=320, AvgLoadTime=4.15ms
Layer 36: Hits=541, Misses=251, HitRate=68.31%
    Bandwidth: MissLoads=251, AvgLoadTime=4.89ms
Layer 37: Hits=438, Misses=354, HitRate=55.30%
    Bandwidth: MissLoads=354, AvgLoadTime=4.33ms
Layer 38: Hits=554, Misses=238, HitRate=69.95%
    Bandwidth: MissLoads=238, AvgLoadTime=4.96ms
Layer 39: Hits=549, Misses=243, HitRate=69.32%
    Bandwidth: MissLoads=243, AvgLoadTime=4.96ms
Layer 40: Hits=525, Misses=267, HitRate=66.29%
    Bandwidth: MissLoads=267, AvgLoadTime=4.78ms
Layer 41: Hits=481, Misses=311, HitRate=60.73%
    Bandwidth: MissLoads=311, AvgLoadTime=4.51ms
Layer 42: Hits=471, Misses=321, HitRate=59.47%
    Bandwidth: MissLoads=321, AvgLoadTime=4.50ms
Layer 43: Hits=572, Misses=220, HitRate=72.22%
    Bandwidth: MissLoads=220, AvgLoadTime=5.60ms
Layer 44: Hits=607, Misses=185, HitRate=76.64%
    Bandwidth: MissLoads=185, AvgLoadTime=5.61ms
Layer 45: Hits=627, Misses=165, HitRate=79.17%
    Bandwidth: MissLoads=165, AvgLoadTime=5.83ms
Layer 46: Hits=579, Misses=213, HitRate=73.11%
    Bandwidth: MissLoads=213, AvgLoadTime=5.17ms
Layer 47: Hits=423, Misses=369, HitRate=53.41%
    Bandwidth: MissLoads=369, AvgLoadTime=4.22ms
============================================================
============================================================
Initializing Qwen3 30B-A3B AWQ w4a16 quantized model...
============================================================
Loading quantized weights from QuixiAI/Qwen3-30B-A3B-AWQ...
Using saved safetensors: /home/michael/heteroPredict/py/unified_llm_w4a16/model_weights/Qwen3-30B-A3B-AWQ.safetensors
Expert weights dir: /home/michael/heteroPredict/py/unified_llm_w4a16/model_weights/Qwen3-30B-A3B-AWQ_packed  (format: packed)
Using existing attention weights in /home/michael/heteroPredict/py/unified_llm_w4a16/model_weights/Qwen3-30B-A3B-AWQ_unpacked
Weights loaded (expert dir override) in 0.32 seconds
Pre-warming expert cache with 24 experts...
Model initialized successfully!
Set expert cache policy to RANDOM.

Running sweep using prompts from JSON: /tmp/tmp0yrs9ups.json
Loaded 1 prompts for sweeping.

Processing Prompt 1/1...

============================================================
Generated text only:
============================================================
 The virus can be transmitted only when a person is showing symptoms. The incubation period is 21 days. The CDC says that the risk of an Ebola outbreak in the United States is low. The five patients were monitored at the Nebraska Medical Center's special infectious disease unit, which is the only one of its kind in the country. The unit is equipped with a negative pressure isolation room, which is designed to prevent the spread of airborne diseases. The hospital said the five were monitored for 2
============================================================

============================================================
Sweep Complete.
Average Time per Token: 0.824987
End-to-End TPS: 1.2121
Cache Stats: Hits=25188, Misses=12828, HitRate=66.26%
Initializing UnifiedLLMW4A16Impl_base
Using NPU config struct.
Configuring NPU (Base):
  Heterogeneity: gpu
  GPU Count: 1
  Debug Verbosity: 1
  Dummy Weights: false
  Warmup: false
  Preload MoE: true
  Minimal PDI: true
[GPU SELECT] Free VRAM ranking: gpu0=28.00/28.00 GiB
[GPU SELECT] Selected GPUs for gpu-count=1: [0]
[GPU MAP] Single-GPU placement on gpu0
UnifiedLLMW4A16 moved to device: cuda:0
Preloading MoE kernels...
MoE kernels preloaded.
UnifiedLLMW4A16 initialized on device: cuda:0 with w4a16 quantization
Loading non-quantized weights from safetensors (mmap): /home/michael/heteroPredict/py/unified_llm_w4a16/model_weights/Qwen3-30B-A3B-AWQ.safetensors
Loaded 243 non-quantized parameters, skipped 0
Loading quantized weights from bins: /home/michael/heteroPredict/py/unified_llm_w4a16/model_weights/Qwen3-30B-A3B-AWQ_unpacked
Pre-warming 24 experts for all layers...
Layer 0: Pre-warming 24 experts.
Layer 0: using packed expert format.
[MoE I/O] Expert weight reads require O_DIRECT (no buffered fallback).
Layer 1: Pre-warming 24 experts.
Layer 1: using packed expert format.
Layer 2: Pre-warming 24 experts.
Layer 2: using packed expert format.
Layer 3: Pre-warming 24 experts.
Layer 3: using packed expert format.
Prewarmed experts for layer 4/48
Layer 4: Pre-warming 24 experts.
Layer 4: using packed expert format.
Layer 5: Pre-warming 24 experts.
Layer 5: using packed expert format.
Layer 6: Pre-warming 24 experts.
Layer 6: using packed expert format.
Layer 7: Pre-warming 24 experts.
Layer 7: using packed expert format.
Prewarmed experts for layer 8/48
Layer 8: Pre-warming 24 experts.
Layer 8: using packed expert format.
Layer 9: Pre-warming 24 experts.
Layer 9: using packed expert format.
Layer 10: Pre-warming 24 experts.
Layer 10: using packed expert format.
Layer 11: Pre-warming 24 experts.
Layer 11: using packed expert format.
Prewarmed experts for layer 12/48
Layer 12: Pre-warming 24 experts.
Layer 12: using packed expert format.
Layer 13: Pre-warming 24 experts.
Layer 13: using packed expert format.
Layer 14: Pre-warming 24 experts.
Layer 14: using packed expert format.
Layer 15: Pre-warming 24 experts.
Layer 15: using packed expert format.
Prewarmed experts for layer 16/48
Layer 16: Pre-warming 24 experts.
Layer 16: using packed expert format.
Layer 17: Pre-warming 24 experts.
Layer 17: using packed expert format.
Layer 18: Pre-warming 24 experts.
Layer 18: using packed expert format.
Layer 19: Pre-warming 24 experts.
Layer 19: using packed expert format.
Prewarmed experts for layer 20/48
Layer 20: Pre-warming 24 experts.
Layer 20: using packed expert format.
Layer 21: Pre-warming 24 experts.
Layer 21: using packed expert format.
Layer 22: Pre-warming 24 experts.
Layer 22: using packed expert format.
Layer 23: Pre-warming 24 experts.
Layer 23: using packed expert format.
Prewarmed experts for layer 24/48
Layer 24: Pre-warming 24 experts.
Layer 24: using packed expert format.
Layer 25: Pre-warming 24 experts.
Layer 25: using packed expert format.
Layer 26: Pre-warming 24 experts.
Layer 26: using packed expert format.
Layer 27: Pre-warming 24 experts.
Layer 27: using packed expert format.
Prewarmed experts for layer 28/48
Layer 28: Pre-warming 24 experts.
Layer 28: using packed expert format.
Layer 29: Pre-warming 24 experts.
Layer 29: using packed expert format.
Layer 30: Pre-warming 24 experts.
Layer 30: using packed expert format.
Layer 31: Pre-warming 24 experts.
Layer 31: using packed expert format.
Prewarmed experts for layer 32/48
Layer 32: Pre-warming 24 experts.
Layer 32: using packed expert format.
Layer 33: Pre-warming 24 experts.
Layer 33: using packed expert format.
Layer 34: Pre-warming 24 experts.
Layer 34: using packed expert format.
Layer 35: Pre-warming 24 experts.
Layer 35: using packed expert format.
Prewarmed experts for layer 36/48
Layer 36: Pre-warming 24 experts.
Layer 36: using packed expert format.
Layer 37: Pre-warming 24 experts.
Layer 37: using packed expert format.
Layer 38: Pre-warming 24 experts.
Layer 38: using packed expert format.
Layer 39: Pre-warming 24 experts.
Layer 39: using packed expert format.
Prewarmed experts for layer 40/48
Layer 40: Pre-warming 24 experts.
Layer 40: using packed expert format.
Layer 41: Pre-warming 24 experts.
Layer 41: using packed expert format.
Layer 42: Pre-warming 24 experts.
Layer 42: using packed expert format.
Layer 43: Pre-warming 24 experts.
Layer 43: using packed expert format.
Prewarmed experts for layer 44/48
Layer 44: Pre-warming 24 experts.
Layer 44: using packed expert format.
Layer 45: Pre-warming 24 experts.
Layer 45: using packed expert format.
Layer 46: Pre-warming 24 experts.
Layer 46: using packed expert format.
Layer 47: Pre-warming 24 experts.
Layer 47: using packed expert format.
Prewarmed experts for layer 48/48
Libtorch input_ids shape: [1, 438]
Skipping warmup.
Prefill time: 18.0946 seconds
Generation phase
[MoE] Layer 0: loading 5 expert(s)
[MoE] Layer 1: loading 6 expert(s)
[MoE] Layer 2: loading 8 expert(s)
[MoE] Layer 3: loading 4 expert(s)
[MoE] Layer 4: loading 6 expert(s)
[MoE] Layer 5: loading 6 expert(s)
[MoE] Layer 6: loading 8 expert(s)
[MoE] Layer 7: loading 4 expert(s)
[MoE] Layer 8: loading 8 expert(s)
[MoE] Layer 9: loading 6 expert(s)
[MoE] Layer 10: loading 5 expert(s)
[MoE] Layer 11: loading 6 expert(s)
[MoE] Layer 12: loading 6 expert(s)
[MoE] Layer 13: loading 8 expert(s)
[MoE] Layer 14: loading 7 expert(s)
[MoE] Layer 15: loading 6 expert(s)
[MoE] Layer 16: loading 6 expert(s)
[MoE] Layer 17: loading 6 expert(s)
[MoE] Layer 18: loading 7 expert(s)
[MoE] Layer 19: loading 4 expert(s)
[MoE] Layer 20: loading 5 expert(s)
[MoE] Layer 21: loading 4 expert(s)
[MoE] Layer 22: loading 6 expert(s)
[MoE] Layer 23: loading 6 expert(s)
[MoE] Layer 24: loading 8 expert(s)
[MoE] Layer 25: loading 7 expert(s)
[MoE] Layer 26: loading 8 expert(s)
[MoE] Layer 27: loading 6 expert(s)
[MoE] Layer 28: loading 3 expert(s)
[MoE] Layer 29: loading 6 expert(s)
[MoE] Layer 30: loading 6 expert(s)
[MoE] Layer 31: loading 4 expert(s)
[MoE] Layer 32: loading 6 expert(s)
[MoE] Layer 33: loading 5 expert(s)
[MoE] Layer 34: loading 7 expert(s)
[MoE] Layer 35: loading 6 expert(s)
[MoE] Layer 36: loading 6 expert(s)
[MoE] Layer 37: loading 7 expert(s)
[MoE] Layer 38: loading 7 expert(s)
[MoE] Layer 39: loading 4 expert(s)
[MoE] Layer 40: loading 4 expert(s)
[MoE] Layer 41: loading 5 expert(s)
[MoE] Layer 42: loading 7 expert(s)
[MoE] Layer 43: loading 7 expert(s)
[MoE] Layer 44: loading 6 expert(s)
[MoE] Layer 45: loading 5 expert(s)
[MoE] Layer 46: loading 7 expert(s)
[MoE] Layer 47: loading 6 expert(s)
[MoE] Layer 0: loading 6 expert(s)
[MoE] Layer 1: loading 5 expert(s)
[MoE] Layer 2: loading 6 expert(s)
[MoE] Layer 3: loading 6 expert(s)
[MoE] Layer 4: loading 4 expert(s)
[MoE] Layer 5: loading 7 expert(s)
[MoE] Layer 6: loading 3 expert(s)
[MoE] Layer 7: loading 3 expert(s)
[MoE] Layer 8: loading 7 expert(s)
[MoE] Layer 9: loading 3 expert(s)
[MoE] Layer 10: loading 3 expert(s)
[MoE] Layer 11: loading 6 expert(s)
[MoE] Layer 12: loading 2 expert(s)
[MoE] Layer 13: loading 5 expert(s)
[MoE] Layer 14: loading 5 expert(s)
[MoE] Layer 15: loading 2 expert(s)
[MoE] Layer 16: loading 2 expert(s)
[MoE] Layer 17: loading 3 expert(s)
[MoE] Layer 18: loading 3 expert(s)
[MoE] Layer 19: loading 1 expert(s)
[MoE] Layer 20: loading 2 expert(s)
[MoE] Layer 21: loading 3 expert(s)
[MoE] Layer 22: loading 1 expert(s)
[MoE] Layer 23: loading 5 expert(s)
[MoE] Layer 24: loading 5 expert(s)
[MoE] Layer 25: loading 4 expert(s)
[MoE] Layer 26: loading 4 expert(s)
[MoE] Layer 27: loading 3 expert(s)
[MoE] Layer 28: loading 5 expert(s)
[MoE] Layer 29: loading 2 expert(s)
[MoE] Layer 30: loading 3 expert(s)
[MoE] Layer 31: loading 3 expert(s)
[MoE] Layer 32: loading 5 expert(s)
[MoE] Layer 33: loading 5 expert(s)
[MoE] Layer 34: loading 5 expert(s)
[MoE] Layer 35: loading 3 expert(s)
[MoE] Layer 36: loading 5 expert(s)
[MoE] Layer 37: loading 4 expert(s)
[MoE] Layer 38: loading 6 expert(s)
[MoE] Layer 39: loading 3 expert(s)
[MoE] Layer 40: loading 3 expert(s)
[MoE] Layer 41: loading 8 expert(s)
[MoE] Layer 42: loading 5 expert(s)
[MoE] Layer 43: loading 4 expert(s)
[MoE] Layer 44: loading 7 expert(s)
[MoE] Layer 45: loading 3 expert(s)
[MoE] Layer 46: loading 7 expert(s)
[MoE] Layer 47: loading 6 expert(s)
[MoE] Layer 0: loading 7 expert(s)
[MoE] Layer 1: loading 5 expert(s)
[MoE] Layer 2: loading 4 expert(s)
[MoE] Layer 3: loading 5 expert(s)
[MoE] Layer 4: loading 1 expert(s)
[MoE] Layer 5: loading 3 expert(s)
[MoE] Layer 6: loading 2 expert(s)
[MoE] Layer 7: loading 1 expert(s)
[MoE] Layer 8: loading 2 expert(s)
[MoE] Layer 9: loading 1 expert(s)
[MoE] Layer 10: loading 4 expert(s)
[MoE] Layer 11: loading 2 expert(s)
[MoE] Layer 12: loading 2 expert(s)
[MoE] Layer 13: loading 3 expert(s)
[MoE] Layer 14: loading 4 expert(s)
[MoE] Layer 15: loading 1 expert(s)
[MoE] Layer 16: loading 2 expert(s)
[MoE] Layer 17: loading 3 expert(s)
[MoE] Layer 18: loading 2 expert(s)
[MoE] Layer 19: loading 2 expert(s)
[MoE] Layer 20: loading 2 expert(s)
[MoE] Layer 21: loading 1 expert(s)
[MoE] Layer 22: loading 3 expert(s)
[MoE] Layer 23: loading 2 expert(s)
[MoE] Layer 24: loading 1 expert(s)
[MoE] Layer 25: loading 5 expert(s)
[MoE] Layer 26: loading 4 expert(s)
[MoE] Layer 27: loading 1 expert(s)
[MoE] Layer 28: loading 3 expert(s)
[MoE] Layer 29: loading 3 expert(s)
[MoE] Layer 31: loading 1 expert(s)
[MoE] Layer 32: loading 1 expert(s)
[MoE] Layer 33: loading 1 expert(s)
[MoE] Layer 34: loading 4 expert(s)
[MoE] Layer 35: loading 6 expert(s)
[MoE] Layer 36: loading 3 expert(s)
[MoE] Layer 37: loading 4 expert(s)
[MoE] Layer 38: loading 3 expert(s)
[MoE] Layer 39: loading 2 expert(s)
[MoE] Layer 40: loading 2 expert(s)
[MoE] Layer 41: loading 5 expert(s)
[MoE] Layer 42: loading 7 expert(s)
[MoE] Layer 43: loading 5 expert(s)
[MoE] Layer 44: loading 4 expert(s)
[MoE] Layer 45: loading 2 expert(s)
[MoE] Layer 46: loading 7 expert(s)
[MoE] Layer 47: loading 6 expert(s)
[MoE] Layer 0: loading 6 expert(s)
[MoE] Layer 1: loading 6 expert(s)
[MoE] Layer 2: loading 3 expert(s)
[MoE] Layer 3: loading 3 expert(s)
[MoE] Layer 4: loading 1 expert(s)
[MoE] Layer 5: loading 2 expert(s)
[MoE] Layer 7: loading 2 expert(s)
[MoE] Layer 9: loading 1 expert(s)
[MoE] Layer 10: loading 2 expert(s)
[MoE] Layer 11: loading 4 expert(s)
[MoE] Layer 12: loading 3 expert(s)
[MoE] Layer 13: loading 3 expert(s)
[MoE] Layer 14: loading 3 expert(s)
[MoE] Layer 15: loading 2 expert(s)
[MoE] Layer 16: loading 4 expert(s)
[MoE] Layer 17: loading 4 expert(s)
[MoE] Layer 18: loading 2 expert(s)
[MoE] Layer 19: loading 5 expert(s)
[MoE] Layer 20: loading 6 expert(s)
[MoE] Layer 21: loading 2 expert(s)
[MoE] Layer 22: loading 5 expert(s)
[MoE] Layer 23: loading 4 expert(s)
[MoE] Layer 24: loading 6 expert(s)
[MoE] Layer 25: loading 3 expert(s)
[MoE] Layer 26: loading 2 expert(s)
[MoE] Layer 27: loading 3 expert(s)
[MoE] Layer 28: loading 3 expert(s)
[MoE] Layer 29: loading 4 expert(s)
[MoE] Layer 30: loading 4 expert(s)
[MoE] Layer 31: loading 1 expert(s)
[MoE] Layer 32: loading 3 expert(s)
[MoE] Layer 33: loading 4 expert(s)
[MoE] Layer 34: loading 3 expert(s)
[MoE] Layer 35: loading 3 expert(s)
[MoE] Layer 36: loading 4 expert(s)
[MoE] Layer 37: loading 2 expert(s)
[MoE] Layer 38: loading 4 expert(s)
[MoE] Layer 39: loading 3 expert(s)
[MoE] Layer 40: loading 4 expert(s)
[MoE] Layer 41: loading 4 expert(s)
[MoE] Layer 42: loading 5 expert(s)
[MoE] Layer 43: loading 2 expert(s)
[MoE] Layer 44: loading 4 expert(s)
[MoE] Layer 45: loading 3 expert(s)
[MoE] Layer 46: loading 1 expert(s)
[MoE] Layer 47: loading 6 expert(s)
[MoE] Layer 0: loading 7 expert(s)
[MoE] Layer 1: loading 6 expert(s)
[MoE] Layer 2: loading 4 expert(s)
[MoE] Layer 3: loading 4 expert(s)
[MoE] Layer 4: loading 3 expert(s)
[MoE] Layer 5: loading 5 expert(s)
[MoE] Layer 6: loading 3 expert(s)
[MoE] Layer 7: loading 3 expert(s)
[MoE] Layer 8: loading 2 expert(s)
[MoE] Layer 9: loading 2 expert(s)
[MoE] Layer 10: loading 4 expert(s)
[MoE] Layer 11: loading 4 expert(s)
[MoE] Layer 12: loading 3 expert(s)
[MoE] Layer 13: loading 3 expert(s)
[MoE] Layer 14: loading 2 expert(s)
[MoE] Layer 15: loading 1 expert(s)
[MoE] Layer 16: loading 3 expert(s)
[MoE] Layer 17: loading 4 expert(s)
[MoE] Layer 18: loading 1 expert(s)
[MoE] Layer 19: loading 1 expert(s)
[MoE] Layer 20: loading 2 expert(s)
[MoE] Layer 21: loading 2 expert(s)
[MoE] Layer 22: loading 1 expert(s)
[MoE] Layer 23: loading 4 expert(s)
[MoE] Layer 24: loading 4 expert(s)
[MoE] Layer 25: loading 4 expert(s)
[MoE] Layer 26: loading 3 expert(s)
[MoE] Layer 27: loading 2 expert(s)
[MoE] Layer 28: loading 3 expert(s)
[MoE] Layer 29: loading 4 expert(s)
[MoE] Layer 30: loading 1 expert(s)
[MoE] Layer 31: loading 1 expert(s)
[MoE] Layer 32: loading 1 expert(s)
[MoE] Layer 33: loading 1 expert(s)
[MoE] Layer 34: loading 1 expert(s)
[MoE] Layer 35: loading 4 expert(s)
[MoE] Layer 36: loading 3 expert(s)
[MoE] Layer 37: loading 4 expert(s)
[MoE] Layer 38: loading 2 expert(s)
[MoE] Layer 39: loading 4 expert(s)
[MoE] Layer 40: loading 5 expert(s)
[MoE] Layer 41: loading 6 expert(s)
[MoE] Layer 42: loading 6 expert(s)
[MoE] Layer 43: loading 2 expert(s)
[MoE] Layer 44: loading 4 expert(s)
[MoE] Layer 45: loading 5 expert(s)
[MoE] Layer 46: loading 5 expert(s)
[MoE] Layer 47: loading 8 expert(s)
[gen 5/99] elapsed=2.2s  TPS=2.239
[MoE] Layer 0: loading 6 expert(s)
[MoE] Layer 1: loading 5 expert(s)
[MoE] Layer 2: loading 4 expert(s)
[MoE] Layer 3: loading 3 expert(s)
[MoE] Layer 4: loading 5 expert(s)
[MoE] Layer 5: loading 3 expert(s)
[MoE] Layer 6: loading 1 expert(s)
[MoE] Layer 7: loading 3 expert(s)
[MoE] Layer 8: loading 1 expert(s)
[MoE] Layer 9: loading 2 expert(s)
[MoE] Layer 10: loading 3 expert(s)
[MoE] Layer 11: loading 2 expert(s)
[MoE] Layer 12: loading 3 expert(s)
[MoE] Layer 13: loading 4 expert(s)
[MoE] Layer 14: loading 2 expert(s)
[MoE] Layer 15: loading 1 expert(s)
[MoE] Layer 16: loading 1 expert(s)
[MoE] Layer 17: loading 4 expert(s)
[MoE] Layer 19: loading 1 expert(s)
[MoE] Layer 20: loading 1 expert(s)
[MoE] Layer 21: loading 1 expert(s)
[MoE] Layer 22: loading 3 expert(s)
[MoE] Layer 23: loading 2 expert(s)
[MoE] Layer 24: loading 2 expert(s)
[MoE] Layer 25: loading 2 expert(s)
[MoE] Layer 26: loading 4 expert(s)
[MoE] Layer 27: loading 3 expert(s)
[MoE] Layer 28: loading 3 expert(s)
[MoE] Layer 29: loading 4 expert(s)
[MoE] Layer 31: loading 3 expert(s)
[MoE] Layer 32: loading 3 expert(s)
[MoE] Layer 33: loading 2 expert(s)
[MoE] Layer 34: loading 4 expert(s)
[MoE] Layer 35: loading 2 expert(s)
[MoE] Layer 36: loading 4 expert(s)
[MoE] Layer 37: loading 4 expert(s)
[MoE] Layer 38: loading 4 expert(s)
[MoE] Layer 39: loading 3 expert(s)
[MoE] Layer 40: loading 3 expert(s)
[MoE] Layer 41: loading 7 expert(s)
[MoE] Layer 42: loading 5 expert(s)
[MoE] Layer 43: loading 5 expert(s)
[MoE] Layer 44: loading 3 expert(s)
[MoE] Layer 45: loading 1 expert(s)
[MoE] Layer 46: loading 4 expert(s)
[MoE] Layer 47: loading 6 expert(s)
[MoE] Layer 0: loading 6 expert(s)
[MoE] Layer 1: loading 2 expert(s)
[MoE] Layer 2: loading 6 expert(s)
[MoE] Layer 3: loading 2 expert(s)
[MoE] Layer 4: loading 2 expert(s)
[MoE] Layer 5: loading 4 expert(s)
[MoE] Layer 6: loading 1 expert(s)
[MoE] Layer 7: loading 1 expert(s)
[MoE] Layer 8: loading 3 expert(s)
[MoE] Layer 9: loading 1 expert(s)
[MoE] Layer 10: loading 1 expert(s)
[MoE] Layer 11: loading 2 expert(s)
[MoE] Layer 12: loading 2 expert(s)
[MoE] Layer 13: loading 1 expert(s)
[MoE] Layer 14: loading 1 expert(s)
[MoE] Layer 15: loading 2 expert(s)
[MoE] Layer 16: loading 1 expert(s)
[MoE] Layer 17: loading 3 expert(s)
[MoE] Layer 18: loading 1 expert(s)
[MoE] Layer 20: loading 2 expert(s)
[MoE] Layer 22: loading 2 expert(s)
[MoE] Layer 23: loading 1 expert(s)
[MoE] Layer 24: loading 3 expert(s)
[MoE] Layer 25: loading 1 expert(s)
[MoE] Layer 26: loading 3 expert(s)
[MoE] Layer 27: loading 2 expert(s)
[MoE] Layer 28: loading 3 expert(s)
[MoE] Layer 29: loading 3 expert(s)
[MoE] Layer 30: loading 3 expert(s)
[MoE] Layer 31: loading 4 expert(s)
[MoE] Layer 32: loading 3 expert(s)
[MoE] Layer 33: loading 3 expert(s)
[MoE] Layer 34: loading 1 expert(s)
[MoE] Layer 35: loading 4 expert(s)
[MoE] Layer 36: loading 4 expert(s)
[MoE] Layer 37: loading 3 expert(s)
[MoE] Layer 38: loading 5 expert(s)
[MoE] Layer 39: loading 7 expert(s)
[MoE] Layer 40: loading 4 expert(s)
[MoE] Layer 41: loading 5 expert(s)
[MoE] Layer 42: loading 4 expert(s)
[MoE] Layer 43: loading 4 expert(s)
[MoE] Layer 44: loading 6 expert(s)
[MoE] Layer 45: loading 4 expert(s)
[MoE] Layer 46: loading 4 expert(s)
[MoE] Layer 47: loading 5 expert(s)
[MoE] Layer 0: loading 5 expert(s)
[MoE] Layer 1: loading 5 expert(s)
[MoE] Layer 2: loading 4 expert(s)
[MoE] Layer 3: loading 5 expert(s)
[MoE] Layer 4: loading 3 expert(s)
[MoE] Layer 5: loading 4 expert(s)
[MoE] Layer 6: loading 2 expert(s)
[MoE] Layer 7: loading 1 expert(s)
[MoE] Layer 8: loading 1 expert(s)
[MoE] Layer 9: loading 1 expert(s)
[MoE] Layer 10: loading 2 expert(s)
[MoE] Layer 11: loading 3 expert(s)
[MoE] Layer 12: loading 5 expert(s)
[MoE] Layer 13: loading 3 expert(s)
[MoE] Layer 14: loading 3 expert(s)
[MoE] Layer 15: loading 1 expert(s)
[MoE] Layer 16: loading 2 expert(s)
[MoE] Layer 17: loading 1 expert(s)
[MoE] Layer 19: loading 1 expert(s)
[MoE] Layer 20: loading 1 expert(s)
[MoE] Layer 21: loading 1 expert(s)
[MoE] Layer 22: loading 2 expert(s)
[MoE] Layer 23: loading 3 expert(s)
[MoE] Layer 24: loading 1 expert(s)
[MoE] Layer 25: loading 1 expert(s)
[MoE] Layer 26: loading 2 expert(s)
[MoE] Layer 27: loading 2 expert(s)
[MoE] Layer 28: loading 1 expert(s)
[MoE] Layer 29: loading 2 expert(s)
[MoE] Layer 30: loading 2 expert(s)
[MoE] Layer 31: loading 3 expert(s)
[MoE] Layer 32: loading 1 expert(s)
[MoE] Layer 33: loading 2 expert(s)
[MoE] Layer 34: loading 1 expert(s)
[MoE] Layer 35: loading 5 expert(s)
[MoE] Layer 36: loading 2 expert(s)
[MoE] Layer 37: loading 3 expert(s)
[MoE] Layer 38: loading 3 expert(s)
[MoE] Layer 39: loading 1 expert(s)
[MoE] Layer 40: loading 5 expert(s)
[MoE] Layer 41: loading 3 expert(s)
[MoE] Layer 42: loading 3 expert(s)
[MoE] Layer 43: loading 2 expert(s)
[MoE] Layer 44: loading 2 expert(s)
[MoE] Layer 45: loading 3 expert(s)
[MoE] Layer 46: loading 3 expert(s)
[MoE] Layer 47: loading 3 expert(s)
[MoE] Layer 0: loading 6 expert(s)
[MoE] Layer 1: loading 4 expert(s)
[MoE] Layer 2: loading 3 expert(s)
[MoE] Layer 3: loading 4 expert(s)
[MoE] Layer 4: loading 2 expert(s)
[MoE] Layer 5: loading 2 expert(s)
[MoE] Layer 6: loading 5 expert(s)
[MoE] Layer 7: loading 2 expert(s)
[MoE] Layer 8: loading 2 expert(s)
[MoE] Layer 9: loading 3 expert(s)
[MoE] Layer 10: loading 5 expert(s)
[MoE] Layer 11: loading 1 expert(s)
[MoE] Layer 12: loading 6 expert(s)
[MoE] Layer 13: loading 1 expert(s)
[MoE] Layer 14: loading 5 expert(s)
[MoE] Layer 15: loading 3 expert(s)
[MoE] Layer 16: loading 3 expert(s)
[MoE] Layer 17: loading 5 expert(s)
[MoE] Layer 18: loading 1 expert(s)
[MoE] Layer 19: loading 1 expert(s)
[MoE] Layer 20: loading 2 expert(s)
[MoE] Layer 21: loading 1 expert(s)
[MoE] Layer 22: loading 4 expert(s)
[MoE] Layer 23: loading 5 expert(s)
[MoE] Layer 24: loading 2 expert(s)
[MoE] Layer 25: loading 2 expert(s)
[MoE] Layer 26: loading 4 expert(s)
[MoE] Layer 27: loading 2 expert(s)
[MoE] Layer 28: loading 2 expert(s)
[MoE] Layer 29: loading 4 expert(s)
[MoE] Layer 30: loading 1 expert(s)
[MoE] Layer 31: loading 1 expert(s)
[MoE] Layer 33: loading 2 expert(s)
[MoE] Layer 34: loading 2 expert(s)
[MoE] Layer 35: loading 3 expert(s)
[MoE] Layer 36: loading 1 expert(s)
[MoE] Layer 37: loading 1 expert(s)
[MoE] Layer 39: loading 2 expert(s)
[MoE] Layer 40: loading 2 expert(s)
[MoE] Layer 41: loading 3 expert(s)
[MoE] Layer 42: loading 4 expert(s)
[MoE] Layer 43: loading 1 expert(s)
[MoE] Layer 44: loading 1 expert(s)
[MoE] Layer 45: loading 1 expert(s)
[MoE] Layer 46: loading 2 expert(s)
[MoE] Layer 47: loading 2 expert(s)
[MoE] Layer 0: loading 8 expert(s)
[MoE] Layer 1: loading 3 expert(s)
[MoE] Layer 2: loading 4 expert(s)
[MoE] Layer 3: loading 4 expert(s)
[MoE] Layer 4: loading 4 expert(s)
[MoE] Layer 5: loading 3 expert(s)
[MoE] Layer 6: loading 2 expert(s)
[MoE] Layer 7: loading 1 expert(s)
[MoE] Layer 8: loading 1 expert(s)
[MoE] Layer 9: loading 3 expert(s)
[MoE] Layer 10: loading 2 expert(s)
[MoE] Layer 11: loading 3 expert(s)
[MoE] Layer 12: loading 2 expert(s)
[MoE] Layer 13: loading 2 expert(s)
[MoE] Layer 14: loading 3 expert(s)
[MoE] Layer 15: loading 4 expert(s)
[MoE] Layer 16: loading 3 expert(s)
[MoE] Layer 17: loading 1 expert(s)
[MoE] Layer 18: loading 1 expert(s)
[MoE] Layer 19: loading 2 expert(s)
[MoE] Layer 20: loading 2 expert(s)
[MoE] Layer 21: loading 3 expert(s)
[MoE] Layer 22: loading 3 expert(s)
[MoE] Layer 23: loading 2 expert(s)
[MoE] Layer 24: loading 3 expert(s)
[MoE] Layer 25: loading 2 expert(s)
[MoE] Layer 26: loading 3 expert(s)
[MoE] Layer 27: loading 1 expert(s)
[MoE] Layer 28: loading 2 expert(s)
[MoE] Layer 29: loading 1 expert(s)
[MoE] Layer 31: loading 1 expert(s)
[MoE] Layer 32: loading 2 expert(s)
[MoE] Layer 33: loading 1 expert(s)
[MoE] Layer 34: loading 2 expert(s)
[MoE] Layer 35: loading 3 expert(s)
[MoE] Layer 36: loading 2 expert(s)
[MoE] Layer 37: loading 2 expert(s)
[MoE] Layer 38: loading 3 expert(s)
[MoE] Layer 39: loading 2 expert(s)
[MoE] Layer 40: loading 2 expert(s)
[MoE] Layer 41: loading 3 expert(s)
[MoE] Layer 42: loading 3 expert(s)
[MoE] Layer 43: loading 3 expert(s)
[MoE] Layer 44: loading 1 expert(s)
[MoE] Layer 45: loading 3 expert(s)
[MoE] Layer 47: loading 2 expert(s)
[gen 10/99] elapsed=4.0s  TPS=2.516
[MoE] Layer 0: loading 6 expert(s)
[MoE] Layer 1: loading 5 expert(s)
[MoE] Layer 2: loading 3 expert(s)
[MoE] Layer 3: loading 3 expert(s)
[MoE] Layer 4: loading 3 expert(s)
[MoE] Layer 5: loading 5 expert(s)
[MoE] Layer 8: loading 1 expert(s)
[MoE] Layer 9: loading 3 expert(s)
[MoE] Layer 10: loading 2 expert(s)
[MoE] Layer 11: loading 3 expert(s)
[MoE] Layer 12: loading 5 expert(s)
[MoE] Layer 13: loading 3 expert(s)
[MoE] Layer 14: loading 2 expert(s)
[MoE] Layer 15: loading 1 expert(s)
[MoE] Layer 16: loading 3 expert(s)
[MoE] Layer 17: loading 5 expert(s)
[MoE] Layer 18: loading 1 expert(s)
[MoE] Layer 19: loading 1 expert(s)
[MoE] Layer 20: loading 1 expert(s)
[MoE] Layer 22: loading 4 expert(s)
[MoE] Layer 23: loading 5 expert(s)
[MoE] Layer 24: loading 3 expert(s)
[MoE] Layer 25: loading 3 expert(s)
[MoE] Layer 26: loading 2 expert(s)
[MoE] Layer 27: loading 2 expert(s)
[MoE] Layer 28: loading 3 expert(s)
[MoE] Layer 29: loading 4 expert(s)
[MoE] Layer 30: loading 1 expert(s)
[MoE] Layer 31: loading 1 expert(s)
[MoE] Layer 32: loading 2 expert(s)
[MoE] Layer 33: loading 2 expert(s)
[MoE] Layer 34: loading 3 expert(s)
[MoE] Layer 35: loading 5 expert(s)
[MoE] Layer 36: loading 4 expert(s)
[MoE] Layer 37: loading 2 expert(s)
[MoE] Layer 38: loading 3 expert(s)
[MoE] Layer 39: loading 3 expert(s)
[MoE] Layer 40: loading 5 expert(s)
[MoE] Layer 41: loading 6 expert(s)
[MoE] Layer 42: loading 5 expert(s)
[MoE] Layer 43: loading 4 expert(s)
[MoE] Layer 44: loading 2 expert(s)
[MoE] Layer 45: loading 2 expert(s)
[MoE] Layer 46: loading 3 expert(s)
[MoE] Layer 47: loading 4 expert(s)
[MoE] Layer 0: loading 7 expert(s)
[MoE] Layer 1: loading 4 expert(s)
[MoE] Layer 2: loading 3 expert(s)
[MoE] Layer 3: loading 3 expert(s)
[MoE] Layer 4: loading 2 expert(s)
[MoE] Layer 5: loading 2 expert(s)
[MoE] Layer 6: loading 1 expert(s)
[MoE] Layer 8: loading 1 expert(s)
[MoE] Layer 9: loading 1 expert(s)
[MoE] Layer 10: loading 3 expert(s)
[MoE] Layer 11: loading 4 expert(s)
[MoE] Layer 12: loading 4 expert(s)
[MoE] Layer 13: loading 3 expert(s)
[MoE] Layer 14: loading 5 expert(s)
[MoE] Layer 15: loading 1 expert(s)
[MoE] Layer 16: loading 3 expert(s)
[MoE] Layer 17: loading 3 expert(s)
[MoE] Layer 18: loading 2 expert(s)
[MoE] Layer 19: loading 2 expert(s)
[MoE] Layer 20: loading 1 expert(s)
[MoE] Layer 21: loading 2 expert(s)
[MoE] Layer 22: loading 3 expert(s)
[MoE] Layer 23: loading 3 expert(s)
[MoE] Layer 24: loading 5 expert(s)
[MoE] Layer 25: loading 4 expert(s)
[MoE] Layer 26: loading 5 expert(s)
[MoE] Layer 27: loading 2 expert(s)
[MoE] Layer 29: loading 2 expert(s)
[MoE] Layer 31: loading 2 expert(s)
[MoE] Layer 32: loading 2 expert(s)
[MoE] Layer 33: loading 2 expert(s)
[MoE] Layer 34: loading 3 expert(s)
[MoE] Layer 35: loading 3 expert(s)
[MoE] Layer 36: loading 4 expert(s)
[MoE] Layer 37: loading 4 expert(s)
[MoE] Layer 38: loading 5 expert(s)
[MoE] Layer 39: loading 4 expert(s)
[MoE] Layer 40: loading 4 expert(s)
[MoE] Layer 41: loading 5 expert(s)
[MoE] Layer 42: loading 5 expert(s)
[MoE] Layer 43: loading 1 expert(s)
[MoE] Layer 44: loading 1 expert(s)
[MoE] Layer 45: loading 2 expert(s)
[MoE] Layer 46: loading 2 expert(s)
[MoE] Layer 47: loading 4 expert(s)
[MoE] Layer 0: loading 3 expert(s)
[MoE] Layer 1: loading 1 expert(s)
[MoE] Layer 2: loading 2 expert(s)
[MoE] Layer 3: loading 2 expert(s)
[MoE] Layer 4: loading 1 expert(s)
[MoE] Layer 5: loading 3 expert(s)
[MoE] Layer 6: loading 1 expert(s)
[MoE] Layer 9: loading 1 expert(s)
[MoE] Layer 10: loading 1 expert(s)
[MoE] Layer 11: loading 2 expert(s)
[MoE] Layer 12: loading 3 expert(s)
[MoE] Layer 13: loading 3 expert(s)
[MoE] Layer 14: loading 3 expert(s)
[MoE] Layer 16: loading 2 expert(s)
[MoE] Layer 17: loading 3 expert(s)
[MoE] Layer 18: loading 1 expert(s)
[MoE] Layer 19: loading 1 expert(s)
[MoE] Layer 20: loading 2 expert(s)
[MoE] Layer 21: loading 3 expert(s)
[MoE] Layer 22: loading 2 expert(s)
[MoE] Layer 23: loading 3 expert(s)
[MoE] Layer 24: loading 3 expert(s)
[MoE] Layer 25: loading 3 expert(s)
[MoE] Layer 26: loading 3 expert(s)
[MoE] Layer 27: loading 2 expert(s)
[MoE] Layer 28: loading 2 expert(s)
[MoE] Layer 29: loading 3 expert(s)
[MoE] Layer 30: loading 1 expert(s)
[MoE] Layer 31: loading 2 expert(s)
[MoE] Layer 32: loading 2 expert(s)
[MoE] Layer 33: loading 3 expert(s)
[MoE] Layer 34: loading 4 expert(s)
[MoE] Layer 35: loading 4 expert(s)
[MoE] Layer 36: loading 4 expert(s)
[MoE] Layer 37: loading 2 expert(s)
[MoE] Layer 38: loading 1 expert(s)
[MoE] Layer 39: loading 2 expert(s)
[MoE] Layer 40: loading 3 expert(s)
[MoE] Layer 41: loading 1 expert(s)
[MoE] Layer 42: loading 3 expert(s)
[MoE] Layer 44: loading 1 expert(s)
[MoE] Layer 46: loading 1 expert(s)
[MoE] Layer 47: loading 3 expert(s)
[MoE] Layer 0: loading 6 expert(s)
[MoE] Layer 1: loading 3 expert(s)
[MoE] Layer 2: loading 4 expert(s)
[MoE] Layer 3: loading 4 expert(s)
[MoE] Layer 4: loading 3 expert(s)
[MoE] Layer 5: loading 1 expert(s)
[MoE] Layer 6: loading 2 expert(s)
[MoE] Layer 8: loading 1 expert(s)
[MoE] Layer 9: loading 1 expert(s)
[MoE] Layer 10: loading 2 expert(s)
[MoE] Layer 11: loading 4 expert(s)
[MoE] Layer 12: loading 2 expert(s)
[MoE] Layer 13: loading 4 expert(s)
[MoE] Layer 14: loading 5 expert(s)
[MoE] Layer 15: loading 1 expert(s)
[MoE] Layer 16: loading 3 expert(s)
[MoE] Layer 17: loading 3 expert(s)
[MoE] Layer 18: loading 2 expert(s)
[MoE] Layer 19: loading 1 expert(s)
[MoE] Layer 20: loading 1 expert(s)
[MoE] Layer 21: loading 3 expert(s)
[MoE] Layer 22: loading 3 expert(s)
[MoE] Layer 23: loading 3 expert(s)
[MoE] Layer 24: loading 1 expert(s)
[MoE] Layer 25: loading 4 expert(s)
[MoE] Layer 26: loading 3 expert(s)
[MoE] Layer 28: loading 2 expert(s)
[MoE] Layer 29: loading 2 expert(s)
[MoE] Layer 30: loading 2 expert(s)
[MoE] Layer 32: loading 3 expert(s)
[MoE] Layer 33: loading 1 expert(s)
[MoE] Layer 34: loading 3 expert(s)
[MoE] Layer 35: loading 2 expert(s)
[MoE] Layer 36: loading 4 expert(s)
[MoE] Layer 37: loading 4 expert(s)
[MoE] Layer 38: loading 4 expert(s)
[MoE] Layer 39: loading 4 expert(s)
[MoE] Layer 40: loading 3 expert(s)
[MoE] Layer 41: loading 4 expert(s)
[MoE] Layer 42: loading 4 expert(s)
[MoE] Layer 43: loading 1 expert(s)
[MoE] Layer 44: loading 1 expert(s)
[MoE] Layer 45: loading 1 expert(s)
[MoE] Layer 46: loading 2 expert(s)
[MoE] Layer 47: loading 3 expert(s)
[MoE] Layer 0: loading 8 expert(s)
[MoE] Layer 1: loading 5 expert(s)
[MoE] Layer 2: loading 7 expert(s)
[MoE] Layer 3: loading 6 expert(s)
[MoE] Layer 4: loading 5 expert(s)
[MoE] Layer 5: loading 5 expert(s)
[MoE] Layer 6: loading 3 expert(s)
[MoE] Layer 8: loading 1 expert(s)
[MoE] Layer 9: loading 4 expert(s)
[MoE] Layer 10: loading 3 expert(s)
[MoE] Layer 11: loading 3 expert(s)
[MoE] Layer 12: loading 4 expert(s)
[MoE] Layer 13: loading 6 expert(s)
[MoE] Layer 14: loading 6 expert(s)
[MoE] Layer 15: loading 5 expert(s)
[MoE] Layer 16: loading 4 expert(s)
[MoE] Layer 17: loading 5 expert(s)
[MoE] Layer 18: loading 2 expert(s)
[MoE] Layer 19: loading 1 expert(s)
[MoE] Layer 20: loading 3 expert(s)
[MoE] Layer 21: loading 4 expert(s)
[MoE] Layer 22: loading 5 expert(s)
[MoE] Layer 23: loading 4 expert(s)
[MoE] Layer 24: loading 6 expert(s)
[MoE] Layer 25: loading 4 expert(s)
[MoE] Layer 26: loading 6 expert(s)
[MoE] Layer 27: loading 2 expert(s)
[MoE] Layer 28: loading 4 expert(s)
[MoE] Layer 29: loading 4 expert(s)
[MoE] Layer 30: loading 2 expert(s)
[MoE] Layer 31: loading 4 expert(s)
[MoE] Layer 32: loading 4 expert(s)
[MoE] Layer 33: loading 3 expert(s)
[MoE] Layer 34: loading 5 expert(s)
[MoE] Layer 35: loading 3 expert(s)
[MoE] Layer 36: loading 4 expert(s)
[MoE] Layer 37: loading 3 expert(s)
[MoE] Layer 38: loading 6 expert(s)
[MoE] Layer 39: loading 4 expert(s)
[MoE] Layer 40: loading 4 expert(s)
[MoE] Layer 41: loading 6 expert(s)
[MoE] Layer 42: loading 5 expert(s)
[MoE] Layer 43: loading 6 expert(s)
[MoE] Layer 44: loading 5 expert(s)
[MoE] Layer 45: loading 4 expert(s)
[MoE] Layer 46: loading 4 expert(s)
[MoE] Layer 47: loading 6 expert(s)
[gen 15/99] elapsed=5.8s  TPS=2.583
[MoE] Layer 0: loading 5 expert(s)
[MoE] Layer 1: loading 3 expert(s)
[MoE] Layer 2: loading 3 expert(s)
[MoE] Layer 3: loading 4 expert(s)
[MoE] Layer 4: loading 5 expert(s)
[MoE] Layer 5: loading 4 expert(s)
[MoE] Layer 6: loading 1 expert(s)
[MoE] Layer 7: loading 1 expert(s)
[MoE] Layer 8: loading 4 expert(s)
[MoE] Layer 9: loading 1 expert(s)
[MoE] Layer 10: loading 2 expert(s)
[MoE] Layer 11: loading 2 expert(s)
[MoE] Layer 12: loading 3 expert(s)
[MoE] Layer 13: loading 1 expert(s)
[MoE] Layer 14: loading 2 expert(s)
[MoE] Layer 15: loading 3 expert(s)
[MoE] Layer 16: loading 2 expert(s)
[MoE] Layer 17: loading 1 expert(s)
[MoE] Layer 18: loading 1 expert(s)
[MoE] Layer 19: loading 3 expert(s)
[MoE] Layer 20: loading 2 expert(s)
[MoE] Layer 21: loading 1 expert(s)
[MoE] Layer 22: loading 2 expert(s)
[MoE] Layer 23: loading 1 expert(s)
[MoE] Layer 24: loading 2 expert(s)
[MoE] Layer 25: loading 3 expert(s)
[MoE] Layer 26: loading 1 expert(s)
[MoE] Layer 27: loading 1 expert(s)
[MoE] Layer 28: loading 3 expert(s)
[MoE] Layer 29: loading 1 expert(s)
[MoE] Layer 30: loading 1 expert(s)
[MoE] Layer 31: loading 1 expert(s)
[MoE] Layer 32: loading 2 expert(s)
[MoE] Layer 34: loading 3 expert(s)
[MoE] Layer 35: loading 3 expert(s)
[MoE] Layer 36: loading 2 expert(s)
[MoE] Layer 37: loading 3 expert(s)
[MoE] Layer 38: loading 3 expert(s)
[MoE] Layer 39: loading 2 expert(s)
[MoE] Layer 40: loading 4 expert(s)
[MoE] Layer 41: loading 1 expert(s)
[MoE] Layer 42: loading 2 expert(s)
[MoE] Layer 43: loading 1 expert(s)
[MoE] Layer 44: loading 3 expert(s)
[MoE] Layer 45: loading 2 expert(s)
[MoE] Layer 46: loading 1 expert(s)
[MoE] Layer 47: loading 3 expert(s)
[MoE] Layer 0: loading 7 expert(s)
[MoE] Layer 1: loading 5 expert(s)
[MoE] Layer 2: loading 3 expert(s)
[MoE] Layer 3: loading 3 expert(s)
[MoE] Layer 4: loading 3 expert(s)
[MoE] Layer 5: loading 2 expert(s)
[MoE] Layer 6: loading 1 expert(s)
[MoE] Layer 7: loading 1 expert(s)
[MoE] Layer 8: loading 3 expert(s)
[MoE] Layer 9: loading 2 expert(s)
[MoE] Layer 10: loading 5 expert(s)
[MoE] Layer 11: loading 3 expert(s)
[MoE] Layer 12: loading 2 expert(s)
[MoE] Layer 13: loading 3 expert(s)
[MoE] Layer 14: loading 3 expert(s)
[MoE] Layer 15: loading 2 expert(s)
[MoE] Layer 16: loading 2 expert(s)
[MoE] Layer 17: loading 3 expert(s)
[MoE] Layer 19: loading 1 expert(s)
[MoE] Layer 20: loading 4 expert(s)
[MoE] Layer 21: loading 1 expert(s)
[MoE] Layer 22: loading 3 expert(s)
[MoE] Layer 23: loading 4 expert(s)
[MoE] Layer 24: loading 3 expert(s)
[MoE] Layer 25: loading 1 expert(s)
[MoE] Layer 26: loading 3 expert(s)
[MoE] Layer 27: loading 1 expert(s)
[MoE] Layer 28: loading 1 expert(s)
[MoE] Layer 29: loading 2 expert(s)
[MoE] Layer 30: loading 2 expert(s)
[MoE] Layer 31: loading 2 expert(s)
[MoE] Layer 32: loading 3 expert(s)
[MoE] Layer 33: loading 3 expert(s)
[MoE] Layer 34: loading 5 expert(s)
[MoE] Layer 35: loading 4 expert(s)
[MoE] Layer 36: loading 3 expert(s)
[MoE] Layer 37: loading 2 expert(s)
[MoE] Layer 38: loading 3 expert(s)
[MoE] Layer 39: loading 1 expert(s)
[MoE] Layer 40: loading 1 expert(s)
[MoE] Layer 41: loading 4 expert(s)
[MoE] Layer 42: loading 6 expert(s)
[MoE] Layer 43: loading 4 expert(s)
[MoE] Layer 44: loading 2 expert(s)
[MoE] Layer 45: loading 4 expert(s)
[MoE] Layer 46: loading 4 expert(s)
[MoE] Layer 47: loading 5 expert(s)
[MoE] Layer 0: loading 4 expert(s)
[MoE] Layer 1: loading 5 expert(s)
[MoE] Layer 2: loading 3 expert(s)
[MoE] Layer 3: loading 2 expert(s)
[MoE] Layer 5: loading 3 expert(s)
[MoE] Layer 6: loading 1 expert(s)
[MoE] Layer 10: loading 4 expert(s)
[MoE] Layer 11: loading 3 expert(s)
[MoE] Layer 12: loading 3 expert(s)
[MoE] Layer 13: loading 3 expert(s)
[MoE] Layer 14: loading 4 expert(s)
[MoE] Layer 15: loading 2 expert(s)
[MoE] Layer 16: loading 2 expert(s)
[MoE] Layer 17: loading 2 expert(s)
[MoE] Layer 18: loading 1 expert(s)
[MoE] Layer 19: loading 2 expert(s)
[MoE] Layer 20: loading 4 expert(s)
[MoE] Layer 21: loading 1 expert(s)
[MoE] Layer 22: loading 3 expert(s)
[MoE] Layer 23: loading 2 expert(s)
[MoE] Layer 24: loading 2 expert(s)
[MoE] Layer 25: loading 4 expert(s)
[MoE] Layer 26: loading 4 expert(s)
[MoE] Layer 27: loading 3 expert(s)
[MoE] Layer 29: loading 3 expert(s)
[MoE] Layer 30: loading 3 expert(s)
[MoE] Layer 31: loading 1 expert(s)
[MoE] Layer 32: loading 4 expert(s)
[MoE] Layer 33: loading 3 expert(s)
[MoE] Layer 34: loading 4 expert(s)
[MoE] Layer 35: loading 5 expert(s)
[MoE] Layer 36: loading 4 expert(s)
[MoE] Layer 37: loading 3 expert(s)
[MoE] Layer 38: loading 2 expert(s)
[MoE] Layer 39: loading 3 expert(s)
[MoE] Layer 40: loading 4 expert(s)
[MoE] Layer 41: loading 2 expert(s)
[MoE] Layer 42: loading 4 expert(s)
[MoE] Layer 43: loading 4 expert(s)
[MoE] Layer 44: loading 3 expert(s)
[MoE] Layer 45: loading 3 expert(s)
[MoE] Layer 46: loading 2 expert(s)
[MoE] Layer 47: loading 1 expert(s)
[MoE] Layer 0: loading 4 expert(s)
[MoE] Layer 1: loading 2 expert(s)
[MoE] Layer 2: loading 2 expert(s)
[MoE] Layer 4: loading 5 expert(s)
[MoE] Layer 5: loading 5 expert(s)
[MoE] Layer 6: loading 2 expert(s)
[MoE] Layer 7: loading 3 expert(s)
[MoE] Layer 8: loading 2 expert(s)
[MoE] Layer 9: loading 3 expert(s)
[MoE] Layer 10: loading 3 expert(s)
[MoE] Layer 11: loading 4 expert(s)
[MoE] Layer 12: loading 5 expert(s)
[MoE] Layer 13: loading 3 expert(s)
[MoE] Layer 14: loading 4 expert(s)
[MoE] Layer 15: loading 2 expert(s)
[MoE] Layer 16: loading 2 expert(s)
[MoE] Layer 17: loading 4 expert(s)
[MoE] Layer 18: loading 3 expert(s)
[MoE] Layer 19: loading 4 expert(s)
[MoE] Layer 20: loading 3 expert(s)
[MoE] Layer 21: loading 4 expert(s)
[MoE] Layer 22: loading 3 expert(s)
[MoE] Layer 23: loading 3 expert(s)
[MoE] Layer 24: loading 2 expert(s)
[MoE] Layer 25: loading 4 expert(s)
[MoE] Layer 26: loading 4 expert(s)
[MoE] Layer 27: loading 3 expert(s)
[MoE] Layer 28: loading 4 expert(s)
[MoE] Layer 29: loading 4 expert(s)
[MoE] Layer 30: loading 4 expert(s)
[MoE] Layer 31: loading 3 expert(s)
[MoE] Layer 32: loading 2 expert(s)
[MoE] Layer 33: loading 3 expert(s)
[MoE] Layer 34: loading 3 expert(s)
[MoE] Layer 35: loading 1 expert(s)
[MoE] Layer 36: loading 4 expert(s)
[MoE] Layer 37: loading 6 expert(s)
[MoE] Layer 38: loading 4 expert(s)
[MoE] Layer 39: loading 4 expert(s)
[MoE] Layer 40: loading 3 expert(s)
[MoE] Layer 41: loading 4 expert(s)
[MoE] Layer 42: loading 3 expert(s)
[MoE] Layer 43: loading 2 expert(s)
[MoE] Layer 44: loading 2 expert(s)
[MoE] Layer 45: loading 3 expert(s)
[MoE] Layer 46: loading 1 expert(s)
[MoE] Layer 47: loading 4 expert(s)
[MoE] Layer 0: loading 3 expert(s)
[MoE] Layer 1: loading 5 expert(s)
[MoE] Layer 2: loading 5 expert(s)
[MoE] Layer 3: loading 4 expert(s)
[MoE] Layer 4: loading 5 expert(s)
[MoE] Layer 5: loading 5 expert(s)
[MoE] Layer 6: loading 4 expert(s)
[MoE] Layer 7: loading 3 expert(s)
[MoE] Layer 8: loading 3 expert(s)
[MoE] Layer 9: loading 4 expert(s)
[MoE] Layer 10: loading 3 expert(s)
[MoE] Layer 11: loading 5 expert(s)
[MoE] Layer 12: loading 3 expert(s)
[MoE] Layer 13: loading 2 expert(s)
[MoE] Layer 14: loading 4 expert(s)
[MoE] Layer 15: loading 4 expert(s)
[MoE] Layer 16: loading 3 expert(s)
[MoE] Layer 17: loading 3 expert(s)
[MoE] Layer 18: loading 2 expert(s)
[MoE] Layer 19: loading 2 expert(s)
[MoE] Layer 20: loading 4 expert(s)
[MoE] Layer 21: loading 5 expert(s)
[MoE] Layer 22: loading 5 expert(s)
[MoE] Layer 23: loading 2 expert(s)
[MoE] Layer 24: loading 4 expert(s)
[MoE] Layer 25: loading 3 expert(s)
[MoE] Layer 26: loading 4 expert(s)
[MoE] Layer 27: loading 2 expert(s)
[MoE] Layer 28: loading 3 expert(s)
[MoE] Layer 29: loading 5 expert(s)
[MoE] Layer 30: loading 3 expert(s)
[MoE] Layer 31: loading 1 expert(s)
[MoE] Layer 32: loading 2 expert(s)
[MoE] Layer 33: loading 2 expert(s)
[MoE] Layer 34: loading 2 expert(s)
[MoE] Layer 35: loading 3 expert(s)
[MoE] Layer 36: loading 4 expert(s)
[MoE] Layer 37: loading 4 expert(s)
[MoE] Layer 38: loading 3 expert(s)
[MoE] Layer 39: loading 3 expert(s)
[MoE] Layer 40: loading 5 expert(s)
[MoE] Layer 41: loading 7 expert(s)
[MoE] Layer 42: loading 3 expert(s)
[MoE] Layer 43: loading 5 expert(s)
[MoE] Layer 44: loading 4 expert(s)
[MoE] Layer 45: loading 4 expert(s)
[MoE] Layer 46: loading 4 expert(s)
[MoE] Layer 47: loading 4 expert(s)
[gen 20/99] elapsed=7.6s  TPS=2.621
[MoE] Layer 0: loading 8 expert(s)
[MoE] Layer 1: loading 6 expert(s)
[MoE] Layer 2: loading 4 expert(s)
[MoE] Layer 3: loading 5 expert(s)
[MoE] Layer 4: loading 3 expert(s)
[MoE] Layer 5: loading 3 expert(s)
[MoE] Layer 6: loading 1 expert(s)
[MoE] Layer 7: loading 3 expert(s)
[MoE] Layer 8: loading 3 expert(s)
[MoE] Layer 9: loading 3 expert(s)
[MoE] Layer 10: loading 4 expert(s)
[MoE] Layer 11: loading 5 expert(s)
[MoE] Layer 12: loading 4 expert(s)
[MoE] Layer 13: loading 5 expert(s)
[MoE] Layer 14: loading 4 expert(s)
[MoE] Layer 15: loading 2 expert(s)
[MoE] Layer 16: loading 3 expert(s)
[MoE] Layer 17: loading 3 expert(s)
[MoE] Layer 18: loading 1 expert(s)
[MoE] Layer 19: loading 5 expert(s)
[MoE] Layer 20: loading 3 expert(s)
[MoE] Layer 21: loading 3 expert(s)
[MoE] Layer 22: loading 4 expert(s)
[MoE] Layer 23: loading 3 expert(s)
[MoE] Layer 24: loading 4 expert(s)
[MoE] Layer 25: loading 3 expert(s)
[MoE] Layer 26: loading 4 expert(s)
[MoE] Layer 27: loading 4 expert(s)
[MoE] Layer 28: loading 5 expert(s)
[MoE] Layer 29: loading 4 expert(s)
[MoE] Layer 30: loading 3 expert(s)
[MoE] Layer 31: loading 2 expert(s)
[MoE] Layer 32: loading 4 expert(s)
[MoE] Layer 33: loading 4 expert(s)
[MoE] Layer 34: loading 4 expert(s)
[MoE] Layer 35: loading 4 expert(s)
[MoE] Layer 36: loading 3 expert(s)
[MoE] Layer 37: loading 3 expert(s)
[MoE] Layer 38: loading 4 expert(s)
[MoE] Layer 39: loading 4 expert(s)
[MoE] Layer 40: loading 3 expert(s)
[MoE] Layer 41: loading 6 expert(s)
[MoE] Layer 42: loading 5 expert(s)
[MoE] Layer 43: loading 5 expert(s)
[MoE] Layer 44: loading 5 expert(s)
[MoE] Layer 45: loading 1 expert(s)
[MoE] Layer 46: loading 2 expert(s)
[MoE] Layer 47: loading 4 expert(s)
[MoE] Layer 0: loading 6 expert(s)
[MoE] Layer 1: loading 5 expert(s)
[MoE] Layer 2: loading 4 expert(s)
[MoE] Layer 3: loading 4 expert(s)
[MoE] Layer 4: loading 4 expert(s)
[MoE] Layer 5: loading 4 expert(s)
[MoE] Layer 6: loading 1 expert(s)
[MoE] Layer 7: loading 1 expert(s)
[MoE] Layer 8: loading 3 expert(s)
[MoE] Layer 9: loading 5 expert(s)
[MoE] Layer 10: loading 6 expert(s)
[MoE] Layer 11: loading 5 expert(s)
[MoE] Layer 12: loading 4 expert(s)
[MoE] Layer 13: loading 5 expert(s)
[MoE] Layer 14: loading 3 expert(s)
[MoE] Layer 15: loading 4 expert(s)
[MoE] Layer 16: loading 2 expert(s)
[MoE] Layer 17: loading 5 expert(s)
[MoE] Layer 18: loading 3 expert(s)
[MoE] Layer 19: loading 2 expert(s)
[MoE] Layer 20: loading 3 expert(s)
[MoE] Layer 21: loading 3 expert(s)
[MoE] Layer 22: loading 4 expert(s)
[MoE] Layer 23: loading 4 expert(s)
[MoE] Layer 24: loading 3 expert(s)
[MoE] Layer 25: loading 6 expert(s)
[MoE] Layer 26: loading 3 expert(s)
[MoE] Layer 27: loading 5 expert(s)
[MoE] Layer 28: loading 4 expert(s)
[MoE] Layer 29: loading 5 expert(s)
[MoE] Layer 30: loading 3 expert(s)
[MoE] Layer 31: loading 1 expert(s)
[MoE] Layer 32: loading 3 expert(s)
[MoE] Layer 33: loading 4 expert(s)
[MoE] Layer 34: loading 4 expert(s)
[MoE] Layer 35: loading 5 expert(s)
[MoE] Layer 36: loading 4 expert(s)
[MoE] Layer 37: loading 5 expert(s)
[MoE] Layer 38: loading 4 expert(s)
[MoE] Layer 39: loading 3 expert(s)
[MoE] Layer 40: loading 5 expert(s)
[MoE] Layer 41: loading 5 expert(s)
[MoE] Layer 42: loading 5 expert(s)
[MoE] Layer 43: loading 3 expert(s)
[MoE] Layer 44: loading 1 expert(s)
[MoE] Layer 46: loading 1 expert(s)
[MoE] Layer 47: loading 2 expert(s)
[MoE] Layer 0: loading 2 expert(s)
[MoE] Layer 1: loading 3 expert(s)
[MoE] Layer 2: loading 2 expert(s)
[MoE] Layer 3: loading 5 expert(s)
[MoE] Layer 4: loading 1 expert(s)
[MoE] Layer 5: loading 1 expert(s)
[MoE] Layer 7: loading 1 expert(s)
[MoE] Layer 8: loading 2 expert(s)
[MoE] Layer 10: loading 1 expert(s)
[MoE] Layer 11: loading 2 expert(s)
[MoE] Layer 12: loading 2 expert(s)
[MoE] Layer 13: loading 2 expert(s)
[MoE] Layer 14: loading 2 expert(s)
[MoE] Layer 15: loading 1 expert(s)
[MoE] Layer 16: loading 2 expert(s)
[MoE] Layer 17: loading 2 expert(s)
[MoE] Layer 18: loading 1 expert(s)
[MoE] Layer 20: loading 2 expert(s)
[MoE] Layer 21: loading 1 expert(s)
[MoE] Layer 22: loading 1 expert(s)
[MoE] Layer 23: loading 1 expert(s)
[MoE] Layer 24: loading 3 expert(s)
[MoE] Layer 25: loading 2 expert(s)
[MoE] Layer 28: loading 3 expert(s)
[MoE] Layer 29: loading 2 expert(s)
[MoE] Layer 30: loading 1 expert(s)
[MoE] Layer 31: loading 1 expert(s)
[MoE] Layer 32: loading 3 expert(s)
[MoE] Layer 33: loading 2 expert(s)
[MoE] Layer 34: loading 1 expert(s)
[MoE] Layer 35: loading 1 expert(s)
[MoE] Layer 36: loading 1 expert(s)
[MoE] Layer 37: loading 3 expert(s)
[MoE] Layer 38: loading 1 expert(s)
[MoE] Layer 39: loading 3 expert(s)
[MoE] Layer 40: loading 2 expert(s)
[MoE] Layer 41: loading 3 expert(s)
[MoE] Layer 42: loading 4 expert(s)
[MoE] Layer 43: loading 1 expert(s)
[MoE] Layer 46: loading 2 expert(s)
[MoE] Layer 47: loading 2 expert(s)
[MoE] Layer 0: loading 7 expert(s)
[MoE] Layer 1: loading 6 expert(s)
[MoE] Layer 2: loading 5 expert(s)
[MoE] Layer 3: loading 5 expert(s)
[MoE] Layer 4: loading 6 expert(s)
[MoE] Layer 5: loading 6 expert(s)
[MoE] Layer 6: loading 2 expert(s)
[MoE] Layer 7: loading 2 expert(s)
[MoE] Layer 8: loading 3 expert(s)
[MoE] Layer 9: loading 2 expert(s)
[MoE] Layer 10: loading 4 expert(s)
[MoE] Layer 11: loading 5 expert(s)
[MoE] Layer 12: loading 3 expert(s)
[MoE] Layer 13: loading 6 expert(s)
[MoE] Layer 14: loading 5 expert(s)
[MoE] Layer 15: loading 3 expert(s)
[MoE] Layer 16: loading 2 expert(s)
[MoE] Layer 17: loading 4 expert(s)
[MoE] Layer 18: loading 2 expert(s)
[MoE] Layer 19: loading 1 expert(s)
[MoE] Layer 20: loading 2 expert(s)
[MoE] Layer 21: loading 3 expert(s)
[MoE] Layer 22: loading 4 expert(s)
[MoE] Layer 23: loading 5 expert(s)
[MoE] Layer 24: loading 3 expert(s)
[MoE] Layer 25: loading 3 expert(s)
[MoE] Layer 26: loading 2 expert(s)
[MoE] Layer 27: loading 1 expert(s)
[MoE] Layer 28: loading 3 expert(s)
[MoE] Layer 29: loading 2 expert(s)
[MoE] Layer 30: loading 2 expert(s)
[MoE] Layer 31: loading 4 expert(s)
[MoE] Layer 33: loading 4 expert(s)
[MoE] Layer 34: loading 3 expert(s)
[MoE] Layer 35: loading 3 expert(s)
[MoE] Layer 36: loading 3 expert(s)
[MoE] Layer 37: loading 3 expert(s)
[MoE] Layer 38: loading 1 expert(s)
[MoE] Layer 39: loading 2 expert(s)
[MoE] Layer 40: loading 2 expert(s)
[MoE] Layer 41: loading 2 expert(s)
[MoE] Layer 42: loading 3 expert(s)
[MoE] Layer 43: loading 2 expert(s)
[MoE] Layer 44: loading 3 expert(s)
[MoE] Layer 45: loading 1 expert(s)
[MoE] Layer 46: loading 2 expert(s)
[MoE] Layer 47: loading 3 expert(s)
[MoE] Layer 0: loading 6 expert(s)
[MoE] Layer 1: loading 3 expert(s)
[MoE] Layer 2: loading 4 expert(s)
[MoE] Layer 3: loading 5 expert(s)
[MoE] Layer 4: loading 5 expert(s)
[MoE] Layer 5: loading 5 expert(s)
[MoE] Layer 6: loading 3 expert(s)
[MoE] Layer 7: loading 4 expert(s)
[MoE] Layer 8: loading 4 expert(s)
[MoE] Layer 9: loading 4 expert(s)
[MoE] Layer 10: loading 4 expert(s)
[MoE] Layer 11: loading 1 expert(s)
[MoE] Layer 12: loading 3 expert(s)
[MoE] Layer 13: loading 5 expert(s)
[MoE] Layer 14: loading 3 expert(s)
[MoE] Layer 15: loading 2 expert(s)
[MoE] Layer 16: loading 3 expert(s)
[MoE] Layer 17: loading 5 expert(s)
[MoE] Layer 18: loading 4 expert(s)
[MoE] Layer 19: loading 1 expert(s)
[MoE] Layer 20: loading 3 expert(s)
[MoE] Layer 21: loading 3 expert(s)
[MoE] Layer 22: loading 3 expert(s)
[MoE] Layer 23: loading 4 expert(s)
[MoE] Layer 24: loading 3 expert(s)
[MoE] Layer 25: loading 5 expert(s)
[MoE] Layer 26: loading 4 expert(s)
[MoE] Layer 27: loading 4 expert(s)
[MoE] Layer 28: loading 3 expert(s)
[MoE] Layer 29: loading 1 expert(s)
[MoE] Layer 30: loading 2 expert(s)
[MoE] Layer 31: loading 2 expert(s)
[MoE] Layer 32: loading 3 expert(s)
[MoE] Layer 33: loading 1 expert(s)
[MoE] Layer 34: loading 1 expert(s)
[MoE] Layer 35: loading 2 expert(s)
[MoE] Layer 36: loading 1 expert(s)
[MoE] Layer 37: loading 2 expert(s)
[MoE] Layer 38: loading 1 expert(s)
[MoE] Layer 39: loading 3 expert(s)
[MoE] Layer 40: loading 4 expert(s)
[MoE] Layer 41: loading 2 expert(s)
[MoE] Layer 42: loading 5 expert(s)
[MoE] Layer 44: loading 2 expert(s)
[MoE] Layer 45: loading 1 expert(s)
[MoE] Layer 46: loading 3 expert(s)
[MoE] Layer 47: loading 1 expert(s)
[gen 25/99] elapsed=9.5s  TPS=2.634
[MoE] Layer 0: loading 5 expert(s)
[MoE] Layer 1: loading 4 expert(s)
[MoE] Layer 2: loading 4 expert(s)
[MoE] Layer 3: loading 2 expert(s)
[MoE] Layer 4: loading 3 expert(s)
[MoE] Layer 5: loading 2 expert(s)
[MoE] Layer 7: loading 3 expert(s)
[MoE] Layer 8: loading 3 expert(s)
[MoE] Layer 9: loading 2 expert(s)
[MoE] Layer 10: loading 1 expert(s)
[MoE] Layer 11: loading 4 expert(s)
[MoE] Layer 12: loading 1 expert(s)
[MoE] Layer 13: loading 2 expert(s)
[MoE] Layer 14: loading 2 expert(s)
[MoE] Layer 15: loading 2 expert(s)
[MoE] Layer 16: loading 1 expert(s)
[MoE] Layer 17: loading 2 expert(s)
[MoE] Layer 20: loading 2 expert(s)
[MoE] Layer 21: loading 1 expert(s)
[MoE] Layer 22: loading 2 expert(s)
[MoE] Layer 23: loading 2 expert(s)
[MoE] Layer 24: loading 3 expert(s)
[MoE] Layer 25: loading 2 expert(s)
[MoE] Layer 26: loading 3 expert(s)
[MoE] Layer 27: loading 2 expert(s)
[MoE] Layer 28: loading 2 expert(s)
[MoE] Layer 29: loading 2 expert(s)
[MoE] Layer 30: loading 1 expert(s)
[MoE] Layer 31: loading 1 expert(s)
[MoE] Layer 32: loading 3 expert(s)
[MoE] Layer 33: loading 1 expert(s)
[MoE] Layer 34: loading 1 expert(s)
[MoE] Layer 37: loading 2 expert(s)
[MoE] Layer 39: loading 2 expert(s)
[MoE] Layer 40: loading 3 expert(s)
[MoE] Layer 41: loading 4 expert(s)
[MoE] Layer 42: loading 3 expert(s)
[MoE] Layer 43: loading 1 expert(s)
[MoE] Layer 44: loading 2 expert(s)
[MoE] Layer 45: loading 1 expert(s)
[MoE] Layer 46: loading 2 expert(s)
[MoE] Layer 47: loading 1 expert(s)
[MoE] Layer 0: loading 7 expert(s)
[MoE] Layer 1: loading 4 expert(s)
[MoE] Layer 2: loading 5 expert(s)
[MoE] Layer 3: loading 6 expert(s)
[MoE] Layer 4: loading 4 expert(s)
[MoE] Layer 5: loading 4 expert(s)
[MoE] Layer 6: loading 1 expert(s)
[MoE] Layer 7: loading 1 expert(s)
[MoE] Layer 8: loading 1 expert(s)
[MoE] Layer 9: loading 2 expert(s)
[MoE] Layer 10: loading 3 expert(s)
[MoE] Layer 11: loading 2 expert(s)
[MoE] Layer 12: loading 2 expert(s)
[MoE] Layer 13: loading 3 expert(s)
[MoE] Layer 14: loading 2 expert(s)
[MoE] Layer 15: loading 1 expert(s)
[MoE] Layer 16: loading 3 expert(s)
[MoE] Layer 17: loading 2 expert(s)
[MoE] Layer 18: loading 1 expert(s)
[MoE] Layer 19: loading 1 expert(s)
[MoE] Layer 21: loading 1 expert(s)
[MoE] Layer 22: loading 2 expert(s)
[MoE] Layer 23: loading 2 expert(s)
[MoE] Layer 24: loading 3 expert(s)
[MoE] Layer 25: loading 3 expert(s)
[MoE] Layer 26: loading 4 expert(s)
[MoE] Layer 27: loading 2 expert(s)
[MoE] Layer 28: loading 2 expert(s)
[MoE] Layer 29: loading 2 expert(s)
[MoE] Layer 32: loading 1 expert(s)
[MoE] Layer 33: loading 2 expert(s)
[MoE] Layer 34: loading 2 expert(s)
[MoE] Layer 35: loading 1 expert(s)
[MoE] Layer 37: loading 2 expert(s)
[MoE] Layer 38: loading 2 expert(s)
[MoE] Layer 39: loading 1 expert(s)
[MoE] Layer 40: loading 4 expert(s)
[MoE] Layer 41: loading 3 expert(s)
[MoE] Layer 42: loading 3 expert(s)
[MoE] Layer 43: loading 2 expert(s)
[MoE] Layer 44: loading 2 expert(s)
[MoE] Layer 45: loading 2 expert(s)
[MoE] Layer 46: loading 1 expert(s)
[MoE] Layer 47: loading 4 expert(s)
[MoE] Layer 0: loading 6 expert(s)
[MoE] Layer 1: loading 4 expert(s)
[MoE] Layer 2: loading 4 expert(s)
[MoE] Layer 3: loading 4 expert(s)
[MoE] Layer 4: loading 2 expert(s)
[MoE] Layer 5: loading 3 expert(s)
[MoE] Layer 6: loading 2 expert(s)
[MoE] Layer 8: loading 1 expert(s)
[MoE] Layer 9: loading 4 expert(s)
[MoE] Layer 10: loading 1 expert(s)
[MoE] Layer 11: loading 2 expert(s)
[MoE] Layer 13: loading 2 expert(s)
[MoE] Layer 14: loading 3 expert(s)
[MoE] Layer 15: loading 2 expert(s)
[MoE] Layer 16: loading 3 expert(s)
[MoE] Layer 17: loading 1 expert(s)
[MoE] Layer 18: loading 1 expert(s)
[MoE] Layer 19: loading 2 expert(s)
[MoE] Layer 21: loading 2 expert(s)
[MoE] Layer 22: loading 4 expert(s)
[MoE] Layer 23: loading 2 expert(s)
[MoE] Layer 24: loading 2 expert(s)
[MoE] Layer 25: loading 1 expert(s)
[MoE] Layer 26: loading 3 expert(s)
[MoE] Layer 27: loading 1 expert(s)
[MoE] Layer 28: loading 2 expert(s)
[MoE] Layer 29: loading 3 expert(s)
[MoE] Layer 30: loading 1 expert(s)
[MoE] Layer 32: loading 2 expert(s)
[MoE] Layer 33: loading 2 expert(s)
[MoE] Layer 34: loading 4 expert(s)
[MoE] Layer 35: loading 2 expert(s)
[MoE] Layer 36: loading 2 expert(s)
[MoE] Layer 37: loading 3 expert(s)
[MoE] Layer 38: loading 3 expert(s)
[MoE] Layer 39: loading 2 expert(s)
[MoE] Layer 40: loading 4 expert(s)
[MoE] Layer 41: loading 5 expert(s)
[MoE] Layer 42: loading 2 expert(s)
[MoE] Layer 43: loading 4 expert(s)
[MoE] Layer 44: loading 4 expert(s)
[MoE] Layer 45: loading 4 expert(s)
[MoE] Layer 46: loading 3 expert(s)
[MoE] Layer 47: loading 5 expert(s)
[MoE] Layer 0: loading 4 expert(s)
[MoE] Layer 1: loading 4 expert(s)
[MoE] Layer 2: loading 3 expert(s)
[MoE] Layer 3: loading 3 expert(s)
[MoE] Layer 5: loading 2 expert(s)
[MoE] Layer 8: loading 3 expert(s)
[MoE] Layer 9: loading 2 expert(s)
[MoE] Layer 11: loading 1 expert(s)
[MoE] Layer 12: loading 1 expert(s)
[MoE] Layer 13: loading 3 expert(s)
[MoE] Layer 14: loading 3 expert(s)
[MoE] Layer 15: loading 1 expert(s)
[MoE] Layer 16: loading 1 expert(s)
[MoE] Layer 19: loading 1 expert(s)
[MoE] Layer 20: loading 1 expert(s)
[MoE] Layer 22: loading 1 expert(s)
[MoE] Layer 23: loading 1 expert(s)
[MoE] Layer 25: loading 2 expert(s)
[MoE] Layer 26: loading 1 expert(s)
[MoE] Layer 28: loading 1 expert(s)
[MoE] Layer 29: loading 2 expert(s)
[MoE] Layer 30: loading 2 expert(s)
[MoE] Layer 31: loading 1 expert(s)
[MoE] Layer 32: loading 3 expert(s)
[MoE] Layer 33: loading 4 expert(s)
[MoE] Layer 34: loading 2 expert(s)
[MoE] Layer 35: loading 2 expert(s)
[MoE] Layer 36: loading 2 expert(s)
[MoE] Layer 37: loading 1 expert(s)
[MoE] Layer 38: loading 2 expert(s)
[MoE] Layer 39: loading 3 expert(s)
[MoE] Layer 40: loading 1 expert(s)
[MoE] Layer 41: loading 4 expert(s)
[MoE] Layer 42: loading 5 expert(s)
[MoE] Layer 43: loading 1 expert(s)
[MoE] Layer 44: loading 1 expert(s)
[MoE] Layer 45: loading 2 expert(s)
[MoE] Layer 46: loading 2 expert(s)
[MoE] Layer 47: loading 5 expert(s)
[MoE] Layer 0: loading 4 expert(s)
[MoE] Layer 1: loading 3 expert(s)
[MoE] Layer 2: loading 2 expert(s)
[MoE] Layer 3: loading 5 expert(s)
[MoE] Layer 4: loading 1 expert(s)
[MoE] Layer 5: loading 3 expert(s)
[MoE] Layer 6: loading 1 expert(s)
[MoE] Layer 7: loading 1 expert(s)
[MoE] Layer 8: loading 2 expert(s)
[MoE] Layer 9: loading 3 expert(s)
[MoE] Layer 11: loading 3 expert(s)
[MoE] Layer 12: loading 2 expert(s)
[MoE] Layer 13: loading 3 expert(s)
[MoE] Layer 14: loading 1 expert(s)
[MoE] Layer 15: loading 2 expert(s)
[MoE] Layer 16: loading 2 expert(s)
[MoE] Layer 17: loading 3 expert(s)
[MoE] Layer 19: loading 1 expert(s)
[MoE] Layer 20: loading 3 expert(s)
[MoE] Layer 21: loading 2 expert(s)
[MoE] Layer 23: loading 3 expert(s)
[MoE] Layer 24: loading 1 expert(s)
[MoE] Layer 25: loading 5 expert(s)
[MoE] Layer 26: loading 2 expert(s)
[MoE] Layer 27: loading 1 expert(s)
[MoE] Layer 28: loading 4 expert(s)
[MoE] Layer 29: loading 3 expert(s)
[MoE] Layer 30: loading 1 expert(s)
[MoE] Layer 31: loading 2 expert(s)
[MoE] Layer 32: loading 2 expert(s)
[MoE] Layer 33: loading 2 expert(s)
[MoE] Layer 34: loading 2 expert(s)
[MoE] Layer 35: loading 2 expert(s)
[MoE] Layer 37: loading 2 expert(s)
[MoE] Layer 38: loading 1 expert(s)
[MoE] Layer 39: loading 1 expert(s)
[MoE] Layer 40: loading 3 expert(s)
[MoE] Layer 41: loading 2 expert(s)
[MoE] Layer 42: loading 2 expert(s)
[MoE] Layer 43: loading 2 expert(s)
[MoE] Layer 44: loading 2 expert(s)
[MoE] Layer 45: loading 3 expert(s)
[MoE] Layer 46: loading 3 expert(s)
[MoE] Layer 47: loading 2 expert(s)
[gen 30/99] elapsed=11.0s  TPS=2.726
[MoE] Layer 0: loading 5 expert(s)
[MoE] Layer 1: loading 4 expert(s)
[MoE] Layer 2: loading 3 expert(s)
[MoE] Layer 3: loading 2 expert(s)
[MoE] Layer 4: loading 2 expert(s)
[MoE] Layer 5: loading 2 expert(s)
[MoE] Layer 6: loading 2 expert(s)
[MoE] Layer 7: loading 1 expert(s)
[MoE] Layer 8: loading 1 expert(s)
[MoE] Layer 10: loading 1 expert(s)
[MoE] Layer 11: loading 1 expert(s)
[MoE] Layer 12: loading 1 expert(s)
[MoE] Layer 13: loading 5 expert(s)
[MoE] Layer 14: loading 1 expert(s)
[MoE] Layer 15: loading 3 expert(s)
[MoE] Layer 16: loading 3 expert(s)
[MoE] Layer 17: loading 3 expert(s)
[MoE] Layer 18: loading 1 expert(s)
[MoE] Layer 19: loading 3 expert(s)
[MoE] Layer 20: loading 2 expert(s)
[MoE] Layer 21: loading 2 expert(s)
[MoE] Layer 22: loading 4 expert(s)
[MoE] Layer 23: loading 3 expert(s)
[MoE] Layer 24: loading 3 expert(s)
[MoE] Layer 25: loading 4 expert(s)
[MoE] Layer 26: loading 2 expert(s)
[MoE] Layer 28: loading 3 expert(s)
[MoE] Layer 29: loading 5 expert(s)
[MoE] Layer 30: loading 1 expert(s)
[MoE] Layer 31: loading 2 expert(s)
[MoE] Layer 32: loading 2 expert(s)
[MoE] Layer 33: loading 3 expert(s)
[MoE] Layer 34: loading 3 expert(s)
[MoE] Layer 35: loading 1 expert(s)
[MoE] Layer 36: loading 2 expert(s)
[MoE] Layer 37: loading 2 expert(s)
[MoE] Layer 38: loading 1 expert(s)
[MoE] Layer 40: loading 2 expert(s)
[MoE] Layer 41: loading 5 expert(s)
[MoE] Layer 42: loading 2 expert(s)
[MoE] Layer 43: loading 1 expert(s)
[MoE] Layer 45: loading 1 expert(s)
[MoE] Layer 46: loading 1 expert(s)
[MoE] Layer 47: loading 4 expert(s)
[MoE] Layer 0: loading 4 expert(s)
[MoE] Layer 1: loading 1 expert(s)
[MoE] Layer 2: loading 5 expert(s)
[MoE] Layer 3: loading 4 expert(s)
[MoE] Layer 4: loading 2 expert(s)
[MoE] Layer 5: loading 5 expert(s)
[MoE] Layer 6: loading 1 expert(s)
[MoE] Layer 7: loading 3 expert(s)
[MoE] Layer 8: loading 1 expert(s)
[MoE] Layer 9: loading 4 expert(s)
[MoE] Layer 10: loading 5 expert(s)
[MoE] Layer 11: loading 5 expert(s)
[MoE] Layer 12: loading 3 expert(s)
[MoE] Layer 13: loading 3 expert(s)
[MoE] Layer 14: loading 5 expert(s)
[MoE] Layer 15: loading 3 expert(s)
[MoE] Layer 16: loading 3 expert(s)
[MoE] Layer 17: loading 4 expert(s)
[MoE] Layer 18: loading 1 expert(s)
[MoE] Layer 19: loading 2 expert(s)
[MoE] Layer 20: loading 2 expert(s)
[MoE] Layer 21: loading 4 expert(s)
[MoE] Layer 22: loading 1 expert(s)
[MoE] Layer 23: loading 1 expert(s)
[MoE] Layer 24: loading 1 expert(s)
[MoE] Layer 25: loading 5 expert(s)
[MoE] Layer 26: loading 5 expert(s)
[MoE] Layer 27: loading 4 expert(s)
[MoE] Layer 28: loading 4 expert(s)
[MoE] Layer 29: loading 6 expert(s)
[MoE] Layer 30: loading 1 expert(s)
[MoE] Layer 31: loading 2 expert(s)
[MoE] Layer 32: loading 3 expert(s)
[MoE] Layer 33: loading 3 expert(s)
[MoE] Layer 34: loading 4 expert(s)
[MoE] Layer 35: loading 5 expert(s)
[MoE] Layer 36: loading 5 expert(s)
[MoE] Layer 37: loading 4 expert(s)
[MoE] Layer 38: loading 3 expert(s)
[MoE] Layer 39: loading 3 expert(s)
[MoE] Layer 40: loading 3 expert(s)
[MoE] Layer 41: loading 5 expert(s)
[MoE] Layer 42: loading 4 expert(s)
[MoE] Layer 43: loading 4 expert(s)
[MoE] Layer 44: loading 4 expert(s)
[MoE] Layer 45: loading 4 expert(s)
[MoE] Layer 46: loading 6 expert(s)
[MoE] Layer 47: loading 7 expert(s)
[MoE] Layer 0: loading 5 expert(s)
[MoE] Layer 1: loading 4 expert(s)
[MoE] Layer 2: loading 3 expert(s)
[MoE] Layer 3: loading 1 expert(s)
[MoE] Layer 4: loading 1 expert(s)
[MoE] Layer 5: loading 2 expert(s)
[MoE] Layer 7: loading 1 expert(s)
[MoE] Layer 9: loading 2 expert(s)
[MoE] Layer 10: loading 1 expert(s)
[MoE] Layer 11: loading 5 expert(s)
[MoE] Layer 12: loading 3 expert(s)
[MoE] Layer 13: loading 3 expert(s)
[MoE] Layer 14: loading 2 expert(s)
[MoE] Layer 15: loading 1 expert(s)
[MoE] Layer 16: loading 4 expert(s)
[MoE] Layer 17: loading 3 expert(s)
[MoE] Layer 18: loading 4 expert(s)
[MoE] Layer 20: loading 1 expert(s)
[MoE] Layer 21: loading 2 expert(s)
[MoE] Layer 22: loading 3 expert(s)
[MoE] Layer 23: loading 5 expert(s)
[MoE] Layer 24: loading 3 expert(s)
[MoE] Layer 25: loading 2 expert(s)
[MoE] Layer 26: loading 4 expert(s)
[MoE] Layer 27: loading 3 expert(s)
[MoE] Layer 28: loading 3 expert(s)
[MoE] Layer 29: loading 3 expert(s)
[MoE] Layer 30: loading 1 expert(s)
[MoE] Layer 32: loading 1 expert(s)
[MoE] Layer 33: loading 2 expert(s)
[MoE] Layer 34: loading 2 expert(s)
[MoE] Layer 35: loading 1 expert(s)
[MoE] Layer 36: loading 3 expert(s)
[MoE] Layer 37: loading 3 expert(s)
[MoE] Layer 39: loading 2 expert(s)
[MoE] Layer 40: loading 3 expert(s)
[MoE] Layer 41: loading 3 expert(s)
[MoE] Layer 42: loading 4 expert(s)
[MoE] Layer 43: loading 4 expert(s)
[MoE] Layer 44: loading 4 expert(s)
[MoE] Layer 45: loading 2 expert(s)
[MoE] Layer 46: loading 3 expert(s)
[MoE] Layer 47: loading 5 expert(s)
[MoE] Layer 0: loading 7 expert(s)
[MoE] Layer 1: loading 6 expert(s)
[MoE] Layer 2: loading 6 expert(s)
[MoE] Layer 3: loading 4 expert(s)
[MoE] Layer 4: loading 5 expert(s)
[MoE] Layer 5: loading 4 expert(s)
[MoE] Layer 6: loading 5 expert(s)
[MoE] Layer 7: loading 3 expert(s)
[MoE] Layer 8: loading 4 expert(s)
[MoE] Layer 9: loading 3 expert(s)
[MoE] Layer 10: loading 5 expert(s)
[MoE] Layer 11: loading 6 expert(s)
[MoE] Layer 12: loading 5 expert(s)
[MoE] Layer 13: loading 7 expert(s)
[MoE] Layer 14: loading 3 expert(s)
[MoE] Layer 15: loading 2 expert(s)
[MoE] Layer 16: loading 5 expert(s)
[MoE] Layer 17: loading 5 expert(s)
[MoE] Layer 18: loading 1 expert(s)
[MoE] Layer 19: loading 2 expert(s)
[MoE] Layer 20: loading 3 expert(s)
[MoE] Layer 21: loading 4 expert(s)
[MoE] Layer 22: loading 2 expert(s)
[MoE] Layer 23: loading 4 expert(s)
[MoE] Layer 24: loading 5 expert(s)
[MoE] Layer 25: loading 6 expert(s)
[MoE] Layer 26: loading 7 expert(s)
[MoE] Layer 27: loading 5 expert(s)
[MoE] Layer 28: loading 5 expert(s)
[MoE] Layer 29: loading 8 expert(s)
[MoE] Layer 30: loading 5 expert(s)
[MoE] Layer 31: loading 3 expert(s)
[MoE] Layer 32: loading 5 expert(s)
[MoE] Layer 33: loading 5 expert(s)
[MoE] Layer 34: loading 5 expert(s)
[MoE] Layer 35: loading 7 expert(s)
[MoE] Layer 36: loading 7 expert(s)
[MoE] Layer 37: loading 7 expert(s)
[MoE] Layer 38: loading 7 expert(s)
[MoE] Layer 39: loading 5 expert(s)
[MoE] Layer 40: loading 6 expert(s)
[MoE] Layer 41: loading 7 expert(s)
[MoE] Layer 42: loading 8 expert(s)
[MoE] Layer 43: loading 8 expert(s)
[MoE] Layer 44: loading 5 expert(s)
[MoE] Layer 45: loading 6 expert(s)
[MoE] Layer 46: loading 4 expert(s)
[MoE] Layer 47: loading 5 expert(s)
[MoE] Layer 0: loading 7 expert(s)
[MoE] Layer 1: loading 5 expert(s)
[MoE] Layer 2: loading 4 expert(s)
[MoE] Layer 3: loading 4 expert(s)
[MoE] Layer 4: loading 3 expert(s)
[MoE] Layer 5: loading 3 expert(s)
[MoE] Layer 6: loading 4 expert(s)
[MoE] Layer 7: loading 4 expert(s)
[MoE] Layer 8: loading 3 expert(s)
[MoE] Layer 9: loading 4 expert(s)
[MoE] Layer 10: loading 4 expert(s)
[MoE] Layer 11: loading 2 expert(s)
[MoE] Layer 12: loading 2 expert(s)
[MoE] Layer 13: loading 3 expert(s)
[MoE] Layer 14: loading 2 expert(s)
[MoE] Layer 15: loading 2 expert(s)
[MoE] Layer 16: loading 2 expert(s)
[MoE] Layer 17: loading 2 expert(s)
[MoE] Layer 18: loading 4 expert(s)
[MoE] Layer 19: loading 1 expert(s)
[MoE] Layer 20: loading 2 expert(s)
[MoE] Layer 21: loading 3 expert(s)
[MoE] Layer 22: loading 4 expert(s)
[MoE] Layer 23: loading 2 expert(s)
[MoE] Layer 24: loading 2 expert(s)
[MoE] Layer 25: loading 3 expert(s)
[MoE] Layer 26: loading 2 expert(s)
[MoE] Layer 27: loading 2 expert(s)
[MoE] Layer 28: loading 3 expert(s)
[MoE] Layer 29: loading 3 expert(s)
[MoE] Layer 30: loading 5 expert(s)
[MoE] Layer 31: loading 1 expert(s)
[MoE] Layer 32: loading 4 expert(s)
[MoE] Layer 33: loading 1 expert(s)
[MoE] Layer 35: loading 1 expert(s)
[MoE] Layer 36: loading 1 expert(s)
[MoE] Layer 37: loading 3 expert(s)
[MoE] Layer 39: loading 1 expert(s)
[MoE] Layer 40: loading 3 expert(s)
[MoE] Layer 41: loading 3 expert(s)
[MoE] Layer 42: loading 3 expert(s)
[MoE] Layer 43: loading 4 expert(s)
[MoE] Layer 44: loading 3 expert(s)
[MoE] Layer 45: loading 6 expert(s)
[MoE] Layer 46: loading 4 expert(s)
[MoE] Layer 47: loading 4 expert(s)
[gen 35/99] elapsed=13.0s  TPS=2.698
[MoE] Layer 0: loading 6 expert(s)
[MoE] Layer 1: loading 6 expert(s)
[MoE] Layer 2: loading 3 expert(s)
[MoE] Layer 3: loading 4 expert(s)
[MoE] Layer 4: loading 4 expert(s)
[MoE] Layer 5: loading 4 expert(s)
[MoE] Layer 6: loading 1 expert(s)
[MoE] Layer 7: loading 1 expert(s)
[MoE] Layer 8: loading 3 expert(s)
[MoE] Layer 9: loading 2 expert(s)
[MoE] Layer 10: loading 3 expert(s)
[MoE] Layer 11: loading 2 expert(s)
[MoE] Layer 12: loading 2 expert(s)
[MoE] Layer 13: loading 4 expert(s)
[MoE] Layer 14: loading 5 expert(s)
[MoE] Layer 15: loading 4 expert(s)
[MoE] Layer 16: loading 3 expert(s)
[MoE] Layer 17: loading 2 expert(s)
[MoE] Layer 18: loading 2 expert(s)
[MoE] Layer 19: loading 1 expert(s)
[MoE] Layer 20: loading 3 expert(s)
[MoE] Layer 22: loading 2 expert(s)
[MoE] Layer 23: loading 2 expert(s)
[MoE] Layer 24: loading 2 expert(s)
[MoE] Layer 25: loading 3 expert(s)
[MoE] Layer 26: loading 4 expert(s)
[MoE] Layer 27: loading 2 expert(s)
[MoE] Layer 28: loading 1 expert(s)
[MoE] Layer 29: loading 2 expert(s)
[MoE] Layer 30: loading 1 expert(s)
[MoE] Layer 31: loading 2 expert(s)
[MoE] Layer 32: loading 2 expert(s)
[MoE] Layer 33: loading 1 expert(s)
[MoE] Layer 34: loading 2 expert(s)
[MoE] Layer 35: loading 3 expert(s)
[MoE] Layer 36: loading 2 expert(s)
[MoE] Layer 37: loading 3 expert(s)
[MoE] Layer 39: loading 3 expert(s)
[MoE] Layer 40: loading 2 expert(s)
[MoE] Layer 41: loading 4 expert(s)
[MoE] Layer 42: loading 4 expert(s)
[MoE] Layer 43: loading 3 expert(s)
[MoE] Layer 44: loading 2 expert(s)
[MoE] Layer 45: loading 4 expert(s)
[MoE] Layer 46: loading 5 expert(s)
[MoE] Layer 47: loading 3 expert(s)
[MoE] Layer 0: loading 5 expert(s)
[MoE] Layer 1: loading 2 expert(s)
[MoE] Layer 2: loading 2 expert(s)
[MoE] Layer 3: loading 6 expert(s)
[MoE] Layer 4: loading 2 expert(s)
[MoE] Layer 5: loading 2 expert(s)
[MoE] Layer 6: loading 3 expert(s)
[MoE] Layer 7: loading 1 expert(s)
[MoE] Layer 8: loading 2 expert(s)
[MoE] Layer 9: loading 1 expert(s)
[MoE] Layer 10: loading 5 expert(s)
[MoE] Layer 11: loading 5 expert(s)
[MoE] Layer 12: loading 2 expert(s)
[MoE] Layer 13: loading 3 expert(s)
[MoE] Layer 15: loading 2 expert(s)
[MoE] Layer 16: loading 2 expert(s)
[MoE] Layer 17: loading 2 expert(s)
[MoE] Layer 18: loading 4 expert(s)
[MoE] Layer 19: loading 1 expert(s)
[MoE] Layer 20: loading 3 expert(s)
[MoE] Layer 21: loading 2 expert(s)
[MoE] Layer 22: loading 3 expert(s)
[MoE] Layer 23: loading 3 expert(s)
[MoE] Layer 24: loading 1 expert(s)
[MoE] Layer 25: loading 2 expert(s)
[MoE] Layer 26: loading 3 expert(s)
[MoE] Layer 27: loading 1 expert(s)
[MoE] Layer 29: loading 5 expert(s)
[MoE] Layer 30: loading 3 expert(s)
[MoE] Layer 31: loading 2 expert(s)
[MoE] Layer 32: loading 2 expert(s)
[MoE] Layer 33: loading 4 expert(s)
[MoE] Layer 34: loading 3 expert(s)
[MoE] Layer 35: loading 5 expert(s)
[MoE] Layer 36: loading 3 expert(s)
[MoE] Layer 37: loading 4 expert(s)
[MoE] Layer 38: loading 3 expert(s)
[MoE] Layer 39: loading 5 expert(s)
[MoE] Layer 40: loading 3 expert(s)
[MoE] Layer 41: loading 4 expert(s)
[MoE] Layer 42: loading 7 expert(s)
[MoE] Layer 43: loading 3 expert(s)
[MoE] Layer 44: loading 4 expert(s)
[MoE] Layer 45: loading 4 expert(s)
[MoE] Layer 46: loading 6 expert(s)
[MoE] Layer 47: loading 3 expert(s)
[MoE] Layer 0: loading 5 expert(s)
[MoE] Layer 1: loading 2 expert(s)
[MoE] Layer 2: loading 4 expert(s)
[MoE] Layer 3: loading 4 expert(s)
[MoE] Layer 4: loading 5 expert(s)
[MoE] Layer 5: loading 6 expert(s)
[MoE] Layer 6: loading 2 expert(s)
[MoE] Layer 7: loading 4 expert(s)
[MoE] Layer 8: loading 3 expert(s)
[MoE] Layer 9: loading 2 expert(s)
[MoE] Layer 10: loading 3 expert(s)
[MoE] Layer 11: loading 3 expert(s)
[MoE] Layer 12: loading 1 expert(s)
[MoE] Layer 13: loading 3 expert(s)
[MoE] Layer 14: loading 6 expert(s)
[MoE] Layer 15: loading 1 expert(s)
[MoE] Layer 16: loading 3 expert(s)
[MoE] Layer 17: loading 5 expert(s)
[MoE] Layer 18: loading 3 expert(s)
[MoE] Layer 19: loading 1 expert(s)
[MoE] Layer 20: loading 2 expert(s)
[MoE] Layer 21: loading 2 expert(s)
[MoE] Layer 22: loading 6 expert(s)
[MoE] Layer 23: loading 5 expert(s)
[MoE] Layer 24: loading 2 expert(s)
[MoE] Layer 25: loading 5 expert(s)
[MoE] Layer 26: loading 4 expert(s)
[MoE] Layer 27: loading 4 expert(s)
[MoE] Layer 28: loading 6 expert(s)
[MoE] Layer 29: loading 4 expert(s)
[MoE] Layer 30: loading 3 expert(s)
[MoE] Layer 31: loading 1 expert(s)
[MoE] Layer 32: loading 2 expert(s)
[MoE] Layer 33: loading 3 expert(s)
[MoE] Layer 34: loading 3 expert(s)
[MoE] Layer 35: loading 1 expert(s)
[MoE] Layer 36: loading 3 expert(s)
[MoE] Layer 37: loading 3 expert(s)
[MoE] Layer 38: loading 3 expert(s)
[MoE] Layer 39: loading 3 expert(s)
[MoE] Layer 40: loading 5 expert(s)
[MoE] Layer 41: loading 4 expert(s)
[MoE] Layer 42: loading 5 expert(s)
[MoE] Layer 43: loading 4 expert(s)
[MoE] Layer 45: loading 3 expert(s)
[MoE] Layer 46: loading 2 expert(s)
[MoE] Layer 47: loading 5 expert(s)
[MoE] Layer 0: loading 8 expert(s)
[MoE] Layer 1: loading 5 expert(s)
[MoE] Layer 2: loading 5 expert(s)
[MoE] Layer 3: loading 5 expert(s)
[MoE] Layer 4: loading 3 expert(s)
[MoE] Layer 5: loading 5 expert(s)
[MoE] Layer 6: loading 3 expert(s)
[MoE] Layer 7: loading 4 expert(s)
[MoE] Layer 8: loading 3 expert(s)
[MoE] Layer 9: loading 3 expert(s)
[MoE] Layer 10: loading 4 expert(s)
[MoE] Layer 11: loading 5 expert(s)
[MoE] Layer 12: loading 3 expert(s)
[MoE] Layer 13: loading 4 expert(s)
[MoE] Layer 14: loading 4 expert(s)
[MoE] Layer 15: loading 4 expert(s)
[MoE] Layer 16: loading 4 expert(s)
[MoE] Layer 17: loading 3 expert(s)
[MoE] Layer 18: loading 3 expert(s)
[MoE] Layer 19: loading 2 expert(s)
[MoE] Layer 20: loading 2 expert(s)
[MoE] Layer 21: loading 4 expert(s)
[MoE] Layer 22: loading 3 expert(s)
[MoE] Layer 23: loading 4 expert(s)
[MoE] Layer 24: loading 3 expert(s)
[MoE] Layer 25: loading 4 expert(s)
[MoE] Layer 26: loading 4 expert(s)
[MoE] Layer 27: loading 3 expert(s)
[MoE] Layer 28: loading 5 expert(s)
[MoE] Layer 29: loading 4 expert(s)
[MoE] Layer 30: loading 1 expert(s)
[MoE] Layer 31: loading 3 expert(s)
[MoE] Layer 32: loading 1 expert(s)
[MoE] Layer 33: loading 2 expert(s)
[MoE] Layer 34: loading 1 expert(s)
[MoE] Layer 36: loading 2 expert(s)
[MoE] Layer 37: loading 3 expert(s)
[MoE] Layer 38: loading 2 expert(s)
[MoE] Layer 39: loading 1 expert(s)
[MoE] Layer 40: loading 5 expert(s)
[MoE] Layer 41: loading 7 expert(s)
[MoE] Layer 42: loading 5 expert(s)
[MoE] Layer 43: loading 4 expert(s)
[MoE] Layer 44: loading 3 expert(s)
[MoE] Layer 45: loading 5 expert(s)
[MoE] Layer 46: loading 3 expert(s)
[MoE] Layer 47: loading 5 expert(s)
[MoE] Layer 0: loading 8 expert(s)
[MoE] Layer 1: loading 7 expert(s)
[MoE] Layer 2: loading 6 expert(s)
[MoE] Layer 3: loading 3 expert(s)
[MoE] Layer 4: loading 3 expert(s)
[MoE] Layer 5: loading 2 expert(s)
[MoE] Layer 6: loading 2 expert(s)
[MoE] Layer 7: loading 1 expert(s)
[MoE] Layer 8: loading 3 expert(s)
[MoE] Layer 9: loading 2 expert(s)
[MoE] Layer 10: loading 3 expert(s)
[MoE] Layer 11: loading 3 expert(s)
[MoE] Layer 12: loading 2 expert(s)
[MoE] Layer 13: loading 3 expert(s)
[MoE] Layer 14: loading 2 expert(s)
[MoE] Layer 15: loading 2 expert(s)
[MoE] Layer 16: loading 3 expert(s)
[MoE] Layer 17: loading 3 expert(s)
[MoE] Layer 18: loading 1 expert(s)
[MoE] Layer 19: loading 3 expert(s)
[MoE] Layer 20: loading 2 expert(s)
[MoE] Layer 21: loading 1 expert(s)
[MoE] Layer 22: loading 3 expert(s)
[MoE] Layer 23: loading 5 expert(s)
[MoE] Layer 24: loading 4 expert(s)
[MoE] Layer 25: loading 3 expert(s)
[MoE] Layer 26: loading 4 expert(s)
[MoE] Layer 27: loading 3 expert(s)
[MoE] Layer 28: loading 5 expert(s)
[MoE] Layer 29: loading 7 expert(s)
[MoE] Layer 30: loading 4 expert(s)
[MoE] Layer 31: loading 4 expert(s)
[MoE] Layer 32: loading 4 expert(s)
[MoE] Layer 33: loading 4 expert(s)
[MoE] Layer 34: loading 3 expert(s)
[MoE] Layer 35: loading 5 expert(s)
[MoE] Layer 36: loading 6 expert(s)
[MoE] Layer 37: loading 3 expert(s)
[MoE] Layer 38: loading 3 expert(s)
[MoE] Layer 39: loading 3 expert(s)
[MoE] Layer 40: loading 5 expert(s)
[MoE] Layer 41: loading 7 expert(s)
[MoE] Layer 42: loading 3 expert(s)
[MoE] Layer 43: loading 3 expert(s)
[MoE] Layer 44: loading 2 expert(s)
[MoE] Layer 45: loading 3 expert(s)
[MoE] Layer 46: loading 1 expert(s)
[MoE] Layer 47: loading 4 expert(s)
[gen 40/99] elapsed=14.9s  TPS=2.681
[MoE] Layer 0: loading 5 expert(s)
[MoE] Layer 1: loading 5 expert(s)
[MoE] Layer 2: loading 4 expert(s)
[MoE] Layer 3: loading 6 expert(s)
[MoE] Layer 4: loading 3 expert(s)
[MoE] Layer 5: loading 2 expert(s)
[MoE] Layer 6: loading 2 expert(s)
[MoE] Layer 8: loading 2 expert(s)
[MoE] Layer 9: loading 4 expert(s)
[MoE] Layer 10: loading 5 expert(s)
[MoE] Layer 11: loading 4 expert(s)
[MoE] Layer 12: loading 3 expert(s)
[MoE] Layer 13: loading 4 expert(s)
[MoE] Layer 14: loading 3 expert(s)
[MoE] Layer 15: loading 3 expert(s)
[MoE] Layer 16: loading 4 expert(s)
[MoE] Layer 17: loading 4 expert(s)
[MoE] Layer 18: loading 3 expert(s)
[MoE] Layer 19: loading 2 expert(s)
[MoE] Layer 20: loading 2 expert(s)
[MoE] Layer 21: loading 2 expert(s)
[MoE] Layer 22: loading 2 expert(s)
[MoE] Layer 23: loading 4 expert(s)
[MoE] Layer 24: loading 3 expert(s)
[MoE] Layer 25: loading 6 expert(s)
[MoE] Layer 26: loading 5 expert(s)
[MoE] Layer 27: loading 4 expert(s)
[MoE] Layer 28: loading 3 expert(s)
[MoE] Layer 29: loading 3 expert(s)
[MoE] Layer 30: loading 4 expert(s)
[MoE] Layer 31: loading 4 expert(s)
[MoE] Layer 33: loading 3 expert(s)
[MoE] Layer 34: loading 3 expert(s)
[MoE] Layer 35: loading 5 expert(s)
[MoE] Layer 36: loading 5 expert(s)
[MoE] Layer 37: loading 4 expert(s)
[MoE] Layer 38: loading 3 expert(s)
[MoE] Layer 39: loading 4 expert(s)
[MoE] Layer 40: loading 5 expert(s)
[MoE] Layer 41: loading 3 expert(s)
[MoE] Layer 42: loading 3 expert(s)
[MoE] Layer 43: loading 4 expert(s)
[MoE] Layer 44: loading 1 expert(s)
[MoE] Layer 46: loading 2 expert(s)
[MoE] Layer 47: loading 3 expert(s)
[MoE] Layer 0: loading 3 expert(s)
[MoE] Layer 1: loading 2 expert(s)
[MoE] Layer 2: loading 1 expert(s)
[MoE] Layer 3: loading 4 expert(s)
[MoE] Layer 4: loading 3 expert(s)
[MoE] Layer 5: loading 2 expert(s)
[MoE] Layer 6: loading 1 expert(s)
[MoE] Layer 7: loading 1 expert(s)
[MoE] Layer 10: loading 1 expert(s)
[MoE] Layer 11: loading 1 expert(s)
[MoE] Layer 12: loading 3 expert(s)
[MoE] Layer 13: loading 2 expert(s)
[MoE] Layer 14: loading 1 expert(s)
[MoE] Layer 15: loading 2 expert(s)
[MoE] Layer 16: loading 3 expert(s)
[MoE] Layer 17: loading 2 expert(s)
[MoE] Layer 21: loading 3 expert(s)
[MoE] Layer 22: loading 2 expert(s)
[MoE] Layer 23: loading 3 expert(s)
[MoE] Layer 24: loading 4 expert(s)
[MoE] Layer 25: loading 2 expert(s)
[MoE] Layer 26: loading 3 expert(s)
[MoE] Layer 27: loading 3 expert(s)
[MoE] Layer 28: loading 2 expert(s)
[MoE] Layer 29: loading 6 expert(s)
[MoE] Layer 30: loading 3 expert(s)
[MoE] Layer 31: loading 2 expert(s)
[MoE] Layer 32: loading 2 expert(s)
[MoE] Layer 33: loading 3 expert(s)
[MoE] Layer 34: loading 3 expert(s)
[MoE] Layer 35: loading 3 expert(s)
[MoE] Layer 36: loading 3 expert(s)
[MoE] Layer 37: loading 2 expert(s)
[MoE] Layer 38: loading 3 expert(s)
[MoE] Layer 39: loading 2 expert(s)
[MoE] Layer 40: loading 4 expert(s)
[MoE] Layer 41: loading 3 expert(s)
[MoE] Layer 42: loading 3 expert(s)
[MoE] Layer 43: loading 3 expert(s)
[MoE] Layer 45: loading 1 expert(s)
[MoE] Layer 46: loading 4 expert(s)
[MoE] Layer 47: loading 3 expert(s)
[MoE] Layer 0: loading 8 expert(s)
[MoE] Layer 1: loading 5 expert(s)
[MoE] Layer 2: loading 1 expert(s)
[MoE] Layer 3: loading 4 expert(s)
[MoE] Layer 4: loading 2 expert(s)
[MoE] Layer 5: loading 5 expert(s)
[MoE] Layer 6: loading 3 expert(s)
[MoE] Layer 7: loading 1 expert(s)
[MoE] Layer 8: loading 3 expert(s)
[MoE] Layer 9: loading 3 expert(s)
[MoE] Layer 10: loading 2 expert(s)
[MoE] Layer 11: loading 4 expert(s)
[MoE] Layer 12: loading 3 expert(s)
[MoE] Layer 13: loading 4 expert(s)
[MoE] Layer 14: loading 2 expert(s)
[MoE] Layer 15: loading 3 expert(s)
[MoE] Layer 16: loading 4 expert(s)
[MoE] Layer 17: loading 2 expert(s)
[MoE] Layer 19: loading 1 expert(s)
[MoE] Layer 20: loading 1 expert(s)
[MoE] Layer 21: loading 3 expert(s)
[MoE] Layer 22: loading 4 expert(s)
[MoE] Layer 23: loading 4 expert(s)
[MoE] Layer 24: loading 2 expert(s)
[MoE] Layer 25: loading 4 expert(s)
[MoE] Layer 26: loading 2 expert(s)
[MoE] Layer 27: loading 1 expert(s)
[MoE] Layer 28: loading 3 expert(s)
[MoE] Layer 29: loading 2 expert(s)
[MoE] Layer 31: loading 1 expert(s)
[MoE] Layer 32: loading 2 expert(s)
[MoE] Layer 33: loading 2 expert(s)
[MoE] Layer 35: loading 2 expert(s)
[MoE] Layer 36: loading 2 expert(s)
[MoE] Layer 37: loading 1 expert(s)
[MoE] Layer 38: loading 1 expert(s)
[MoE] Layer 40: loading 2 expert(s)
[MoE] Layer 41: loading 2 expert(s)
[MoE] Layer 42: loading 3 expert(s)
[MoE] Layer 43: loading 1 expert(s)
[MoE] Layer 44: loading 3 expert(s)
[MoE] Layer 45: loading 2 expert(s)
[MoE] Layer 46: loading 2 expert(s)
[MoE] Layer 47: loading 2 expert(s)
[MoE] Layer 0: loading 6 expert(s)
[MoE] Layer 1: loading 4 expert(s)
[MoE] Layer 2: loading 4 expert(s)
[MoE] Layer 3: loading 4 expert(s)
[MoE] Layer 4: loading 3 expert(s)
[MoE] Layer 5: loading 5 expert(s)
[MoE] Layer 6: loading 2 expert(s)
[MoE] Layer 7: loading 3 expert(s)
[MoE] Layer 8: loading 3 expert(s)
[MoE] Layer 9: loading 2 expert(s)
[MoE] Layer 10: loading 2 expert(s)
[MoE] Layer 11: loading 2 expert(s)
[MoE] Layer 12: loading 3 expert(s)
[MoE] Layer 13: loading 4 expert(s)
[MoE] Layer 14: loading 2 expert(s)
[MoE] Layer 15: loading 2 expert(s)
[MoE] Layer 16: loading 3 expert(s)
[MoE] Layer 17: loading 3 expert(s)
[MoE] Layer 18: loading 1 expert(s)
[MoE] Layer 20: loading 1 expert(s)
[MoE] Layer 21: loading 3 expert(s)
[MoE] Layer 22: loading 2 expert(s)
[MoE] Layer 23: loading 4 expert(s)
[MoE] Layer 24: loading 3 expert(s)
[MoE] Layer 25: loading 3 expert(s)
[MoE] Layer 26: loading 2 expert(s)
[MoE] Layer 27: loading 2 expert(s)
[MoE] Layer 28: loading 3 expert(s)
[MoE] Layer 29: loading 3 expert(s)
[MoE] Layer 30: loading 2 expert(s)
[MoE] Layer 31: loading 1 expert(s)
[MoE] Layer 32: loading 2 expert(s)
[MoE] Layer 34: loading 1 expert(s)
[MoE] Layer 35: loading 3 expert(s)
[MoE] Layer 36: loading 3 expert(s)
[MoE] Layer 37: loading 2 expert(s)
[MoE] Layer 38: loading 2 expert(s)
[MoE] Layer 39: loading 2 expert(s)
[MoE] Layer 40: loading 3 expert(s)
[MoE] Layer 41: loading 6 expert(s)
[MoE] Layer 42: loading 2 expert(s)
[MoE] Layer 43: loading 2 expert(s)
[MoE] Layer 44: loading 3 expert(s)
[MoE] Layer 45: loading 1 expert(s)
[MoE] Layer 46: loading 2 expert(s)
[MoE] Layer 47: loading 2 expert(s)
[MoE] Layer 0: loading 7 expert(s)
[MoE] Layer 1: loading 5 expert(s)
[MoE] Layer 2: loading 3 expert(s)
[MoE] Layer 3: loading 3 expert(s)
[MoE] Layer 4: loading 1 expert(s)
[MoE] Layer 6: loading 3 expert(s)
[MoE] Layer 7: loading 4 expert(s)
[MoE] Layer 8: loading 2 expert(s)
[MoE] Layer 10: loading 1 expert(s)
[MoE] Layer 11: loading 3 expert(s)
[MoE] Layer 12: loading 3 expert(s)
[MoE] Layer 13: loading 1 expert(s)
[MoE] Layer 14: loading 3 expert(s)
[MoE] Layer 16: loading 3 expert(s)
[MoE] Layer 17: loading 3 expert(s)
[MoE] Layer 18: loading 2 expert(s)
[MoE] Layer 19: loading 1 expert(s)
[MoE] Layer 20: loading 3 expert(s)
[MoE] Layer 21: loading 3 expert(s)
[MoE] Layer 23: loading 2 expert(s)
[MoE] Layer 24: loading 1 expert(s)
[MoE] Layer 26: loading 2 expert(s)
[MoE] Layer 27: loading 1 expert(s)
[MoE] Layer 28: loading 3 expert(s)
[MoE] Layer 29: loading 3 expert(s)
[MoE] Layer 30: loading 1 expert(s)
[MoE] Layer 31: loading 1 expert(s)
[MoE] Layer 32: loading 2 expert(s)
[MoE] Layer 33: loading 3 expert(s)
[MoE] Layer 34: loading 3 expert(s)
[MoE] Layer 35: loading 3 expert(s)
[MoE] Layer 37: loading 3 expert(s)
[MoE] Layer 38: loading 1 expert(s)
[MoE] Layer 39: loading 1 expert(s)
[MoE] Layer 40: loading 2 expert(s)
[MoE] Layer 41: loading 2 expert(s)
[MoE] Layer 42: loading 2 expert(s)
[MoE] Layer 43: loading 4 expert(s)
[MoE] Layer 44: loading 1 expert(s)
[MoE] Layer 45: loading 2 expert(s)
[MoE] Layer 46: loading 2 expert(s)
[MoE] Layer 47: loading 2 expert(s)
[gen 45/99] elapsed=16.6s  TPS=2.713
[MoE] Layer 0: loading 6 expert(s)
[MoE] Layer 1: loading 3 expert(s)
[MoE] Layer 2: loading 3 expert(s)
[MoE] Layer 3: loading 4 expert(s)
[MoE] Layer 4: loading 3 expert(s)
[MoE] Layer 5: loading 2 expert(s)
[MoE] Layer 6: loading 1 expert(s)
[MoE] Layer 7: loading 2 expert(s)
[MoE] Layer 8: loading 1 expert(s)
[MoE] Layer 9: loading 4 expert(s)
[MoE] Layer 10: loading 2 expert(s)
[MoE] Layer 11: loading 1 expert(s)
[MoE] Layer 12: loading 3 expert(s)
[MoE] Layer 13: loading 5 expert(s)
[MoE] Layer 14: loading 3 expert(s)
[MoE] Layer 16: loading 3 expert(s)
[MoE] Layer 17: loading 4 expert(s)
[MoE] Layer 18: loading 3 expert(s)
[MoE] Layer 20: loading 2 expert(s)
[MoE] Layer 21: loading 3 expert(s)
[MoE] Layer 22: loading 4 expert(s)
[MoE] Layer 23: loading 7 expert(s)
[MoE] Layer 24: loading 1 expert(s)
[MoE] Layer 25: loading 5 expert(s)
[MoE] Layer 26: loading 4 expert(s)
[MoE] Layer 27: loading 5 expert(s)
[MoE] Layer 28: loading 4 expert(s)
[MoE] Layer 29: loading 2 expert(s)
[MoE] Layer 30: loading 3 expert(s)
[MoE] Layer 31: loading 4 expert(s)
[MoE] Layer 32: loading 2 expert(s)
[MoE] Layer 33: loading 3 expert(s)
[MoE] Layer 34: loading 5 expert(s)
[MoE] Layer 35: loading 5 expert(s)
[MoE] Layer 36: loading 4 expert(s)
[MoE] Layer 37: loading 6 expert(s)
[MoE] Layer 38: loading 3 expert(s)
[MoE] Layer 39: loading 3 expert(s)
[MoE] Layer 40: loading 7 expert(s)
[MoE] Layer 41: loading 4 expert(s)
[MoE] Layer 42: loading 2 expert(s)
[MoE] Layer 43: loading 3 expert(s)
[MoE] Layer 44: loading 1 expert(s)
[MoE] Layer 45: loading 1 expert(s)
[MoE] Layer 46: loading 2 expert(s)
[MoE] Layer 47: loading 5 expert(s)
[MoE] Layer 0: loading 8 expert(s)
[MoE] Layer 1: loading 5 expert(s)
[MoE] Layer 2: loading 3 expert(s)
[MoE] Layer 3: loading 4 expert(s)
[MoE] Layer 4: loading 4 expert(s)
[MoE] Layer 5: loading 2 expert(s)
[MoE] Layer 6: loading 1 expert(s)
[MoE] Layer 7: loading 1 expert(s)
[MoE] Layer 8: loading 1 expert(s)
[MoE] Layer 9: loading 1 expert(s)
[MoE] Layer 10: loading 3 expert(s)
[MoE] Layer 11: loading 1 expert(s)
[MoE] Layer 12: loading 3 expert(s)
[MoE] Layer 13: loading 5 expert(s)
[MoE] Layer 14: loading 1 expert(s)
[MoE] Layer 16: loading 3 expert(s)
[MoE] Layer 17: loading 4 expert(s)
[MoE] Layer 19: loading 1 expert(s)
[MoE] Layer 20: loading 1 expert(s)
[MoE] Layer 21: loading 1 expert(s)
[MoE] Layer 22: loading 6 expert(s)
[MoE] Layer 23: loading 2 expert(s)
[MoE] Layer 24: loading 2 expert(s)
[MoE] Layer 25: loading 4 expert(s)
[MoE] Layer 26: loading 3 expert(s)
[MoE] Layer 27: loading 3 expert(s)
[MoE] Layer 28: loading 4 expert(s)
[MoE] Layer 29: loading 2 expert(s)
[MoE] Layer 30: loading 3 expert(s)
[MoE] Layer 31: loading 1 expert(s)
[MoE] Layer 32: loading 2 expert(s)
[MoE] Layer 33: loading 4 expert(s)
[MoE] Layer 34: loading 4 expert(s)
[MoE] Layer 35: loading 3 expert(s)
[MoE] Layer 36: loading 3 expert(s)
[MoE] Layer 37: loading 5 expert(s)
[MoE] Layer 38: loading 2 expert(s)
[MoE] Layer 39: loading 1 expert(s)
[MoE] Layer 40: loading 3 expert(s)
[MoE] Layer 41: loading 3 expert(s)
[MoE] Layer 42: loading 2 expert(s)
[MoE] Layer 43: loading 4 expert(s)
[MoE] Layer 44: loading 2 expert(s)
[MoE] Layer 45: loading 4 expert(s)
[MoE] Layer 46: loading 4 expert(s)
[MoE] Layer 47: loading 5 expert(s)
[MoE] Layer 0: loading 4 expert(s)
[MoE] Layer 1: loading 4 expert(s)
[MoE] Layer 2: loading 5 expert(s)
[MoE] Layer 3: loading 2 expert(s)
[MoE] Layer 4: loading 1 expert(s)
[MoE] Layer 5: loading 1 expert(s)
[MoE] Layer 6: loading 1 expert(s)
[MoE] Layer 9: loading 4 expert(s)
[MoE] Layer 10: loading 3 expert(s)
[MoE] Layer 11: loading 1 expert(s)
[MoE] Layer 12: loading 2 expert(s)
[MoE] Layer 13: loading 3 expert(s)
[MoE] Layer 14: loading 1 expert(s)
[MoE] Layer 16: loading 3 expert(s)
[MoE] Layer 20: loading 2 expert(s)
[MoE] Layer 21: loading 3 expert(s)
[MoE] Layer 22: loading 3 expert(s)
[MoE] Layer 23: loading 3 expert(s)
[MoE] Layer 24: loading 1 expert(s)
[MoE] Layer 25: loading 4 expert(s)
[MoE] Layer 26: loading 2 expert(s)
[MoE] Layer 27: loading 3 expert(s)
[MoE] Layer 28: loading 3 expert(s)
[MoE] Layer 29: loading 3 expert(s)
[MoE] Layer 30: loading 2 expert(s)
[MoE] Layer 32: loading 4 expert(s)
[MoE] Layer 33: loading 3 expert(s)
[MoE] Layer 34: loading 4 expert(s)
[MoE] Layer 35: loading 7 expert(s)
[MoE] Layer 36: loading 2 expert(s)
[MoE] Layer 37: loading 3 expert(s)
[MoE] Layer 38: loading 2 expert(s)
[MoE] Layer 39: loading 2 expert(s)
[MoE] Layer 40: loading 1 expert(s)
[MoE] Layer 41: loading 3 expert(s)
[MoE] Layer 42: loading 3 expert(s)
[MoE] Layer 43: loading 1 expert(s)
[MoE] Layer 44: loading 1 expert(s)
[MoE] Layer 45: loading 2 expert(s)
[MoE] Layer 46: loading 2 expert(s)
[MoE] Layer 47: loading 4 expert(s)
[MoE] Layer 0: loading 3 expert(s)
[MoE] Layer 1: loading 4 expert(s)
[MoE] Layer 2: loading 3 expert(s)
[MoE] Layer 3: loading 4 expert(s)
[MoE] Layer 4: loading 3 expert(s)
[MoE] Layer 5: loading 2 expert(s)
[MoE] Layer 8: loading 2 expert(s)
[MoE] Layer 9: loading 4 expert(s)
[MoE] Layer 10: loading 2 expert(s)
[MoE] Layer 11: loading 2 expert(s)
[MoE] Layer 12: loading 1 expert(s)
[MoE] Layer 13: loading 4 expert(s)
[MoE] Layer 14: loading 2 expert(s)
[MoE] Layer 15: loading 2 expert(s)
[MoE] Layer 16: loading 2 expert(s)
[MoE] Layer 17: loading 3 expert(s)
[MoE] Layer 18: loading 2 expert(s)
[MoE] Layer 19: loading 2 expert(s)
[MoE] Layer 20: loading 2 expert(s)
[MoE] Layer 21: loading 1 expert(s)
[MoE] Layer 22: loading 1 expert(s)
[MoE] Layer 23: loading 3 expert(s)
[MoE] Layer 24: loading 3 expert(s)
[MoE] Layer 25: loading 5 expert(s)
[MoE] Layer 26: loading 3 expert(s)
[MoE] Layer 28: loading 3 expert(s)
[MoE] Layer 29: loading 3 expert(s)
[MoE] Layer 30: loading 2 expert(s)
[MoE] Layer 31: loading 1 expert(s)
[MoE] Layer 32: loading 3 expert(s)
[MoE] Layer 33: loading 2 expert(s)
[MoE] Layer 34: loading 2 expert(s)
[MoE] Layer 35: loading 2 expert(s)
[MoE] Layer 36: loading 3 expert(s)
[MoE] Layer 37: loading 1 expert(s)
[MoE] Layer 38: loading 2 expert(s)
[MoE] Layer 39: loading 3 expert(s)
[MoE] Layer 40: loading 2 expert(s)
[MoE] Layer 41: loading 4 expert(s)
[MoE] Layer 42: loading 1 expert(s)
[MoE] Layer 43: loading 1 expert(s)
[MoE] Layer 44: loading 2 expert(s)
[MoE] Layer 45: loading 3 expert(s)
[MoE] Layer 46: loading 3 expert(s)
[MoE] Layer 47: loading 2 expert(s)
[MoE] Layer 0: loading 5 expert(s)
[MoE] Layer 1: loading 5 expert(s)
[MoE] Layer 2: loading 2 expert(s)
[MoE] Layer 3: loading 3 expert(s)
[MoE] Layer 4: loading 4 expert(s)
[MoE] Layer 5: loading 1 expert(s)
[MoE] Layer 6: loading 3 expert(s)
[MoE] Layer 7: loading 1 expert(s)
[MoE] Layer 8: loading 1 expert(s)
[MoE] Layer 10: loading 1 expert(s)
[MoE] Layer 11: loading 2 expert(s)
[MoE] Layer 12: loading 2 expert(s)
[MoE] Layer 13: loading 5 expert(s)
[MoE] Layer 14: loading 2 expert(s)
[MoE] Layer 15: loading 3 expert(s)
[MoE] Layer 16: loading 4 expert(s)
[MoE] Layer 17: loading 4 expert(s)
[MoE] Layer 18: loading 4 expert(s)
[MoE] Layer 19: loading 4 expert(s)
[MoE] Layer 20: loading 3 expert(s)
[MoE] Layer 21: loading 4 expert(s)
[MoE] Layer 22: loading 3 expert(s)
[MoE] Layer 23: loading 2 expert(s)
[MoE] Layer 24: loading 2 expert(s)
[MoE] Layer 25: loading 4 expert(s)
[MoE] Layer 26: loading 3 expert(s)
[MoE] Layer 27: loading 3 expert(s)
[MoE] Layer 28: loading 1 expert(s)
[MoE] Layer 29: loading 3 expert(s)
[MoE] Layer 30: loading 5 expert(s)
[MoE] Layer 31: loading 2 expert(s)
[MoE] Layer 32: loading 3 expert(s)
[MoE] Layer 33: loading 5 expert(s)
[MoE] Layer 34: loading 2 expert(s)
[MoE] Layer 35: loading 2 expert(s)
[MoE] Layer 36: loading 2 expert(s)
[MoE] Layer 37: loading 3 expert(s)
[MoE] Layer 38: loading 3 expert(s)
[MoE] Layer 39: loading 2 expert(s)
[MoE] Layer 40: loading 3 expert(s)
[MoE] Layer 41: loading 3 expert(s)
[MoE] Layer 42: loading 3 expert(s)
[MoE] Layer 43: loading 1 expert(s)
[MoE] Layer 44: loading 2 expert(s)
[MoE] Layer 45: loading 1 expert(s)
[MoE] Layer 46: loading 2 expert(s)
[MoE] Layer 47: loading 2 expert(s)
[gen 50/99] elapsed=18.3s  TPS=2.730
[MoE] Layer 0: loading 5 expert(s)
[MoE] Layer 1: loading 3 expert(s)
[MoE] Layer 2: loading 4 expert(s)
[MoE] Layer 3: loading 4 expert(s)
[MoE] Layer 4: loading 5 expert(s)
[MoE] Layer 5: loading 2 expert(s)
[MoE] Layer 6: loading 1 expert(s)
[MoE] Layer 7: loading 3 expert(s)
[MoE] Layer 8: loading 5 expert(s)
[MoE] Layer 9: loading 3 expert(s)
[MoE] Layer 10: loading 5 expert(s)
[MoE] Layer 11: loading 3 expert(s)
[MoE] Layer 12: loading 7 expert(s)
[MoE] Layer 13: loading 1 expert(s)
[MoE] Layer 14: loading 1 expert(s)
[MoE] Layer 15: loading 3 expert(s)
[MoE] Layer 16: loading 1 expert(s)
[MoE] Layer 17: loading 4 expert(s)
[MoE] Layer 18: loading 4 expert(s)
[MoE] Layer 19: loading 2 expert(s)
[MoE] Layer 20: loading 3 expert(s)
[MoE] Layer 21: loading 3 expert(s)
[MoE] Layer 22: loading 6 expert(s)
[MoE] Layer 23: loading 4 expert(s)
[MoE] Layer 24: loading 3 expert(s)
[MoE] Layer 25: loading 5 expert(s)
[MoE] Layer 26: loading 4 expert(s)
[MoE] Layer 27: loading 5 expert(s)
[MoE] Layer 28: loading 3 expert(s)
[MoE] Layer 29: loading 5 expert(s)
[MoE] Layer 30: loading 4 expert(s)
[MoE] Layer 31: loading 3 expert(s)
[MoE] Layer 32: loading 2 expert(s)
[MoE] Layer 33: loading 5 expert(s)
[MoE] Layer 34: loading 4 expert(s)
[MoE] Layer 35: loading 4 expert(s)
[MoE] Layer 36: loading 5 expert(s)
[MoE] Layer 37: loading 5 expert(s)
[MoE] Layer 38: loading 3 expert(s)
[MoE] Layer 39: loading 4 expert(s)
[MoE] Layer 40: loading 4 expert(s)
[MoE] Layer 41: loading 4 expert(s)
[MoE] Layer 42: loading 4 expert(s)
[MoE] Layer 43: loading 3 expert(s)
[MoE] Layer 44: loading 4 expert(s)
[MoE] Layer 45: loading 5 expert(s)
[MoE] Layer 46: loading 6 expert(s)
[MoE] Layer 47: loading 8 expert(s)
[MoE] Layer 0: loading 6 expert(s)
[MoE] Layer 1: loading 5 expert(s)
[MoE] Layer 2: loading 1 expert(s)
[MoE] Layer 3: loading 2 expert(s)
[MoE] Layer 4: loading 2 expert(s)
[MoE] Layer 5: loading 1 expert(s)
[MoE] Layer 6: loading 1 expert(s)
[MoE] Layer 7: loading 3 expert(s)
[MoE] Layer 8: loading 4 expert(s)
[MoE] Layer 9: loading 1 expert(s)
[MoE] Layer 10: loading 1 expert(s)
[MoE] Layer 11: loading 3 expert(s)
[MoE] Layer 12: loading 5 expert(s)
[MoE] Layer 13: loading 3 expert(s)
[MoE] Layer 14: loading 5 expert(s)
[MoE] Layer 15: loading 3 expert(s)
[MoE] Layer 16: loading 5 expert(s)
[MoE] Layer 17: loading 2 expert(s)
[MoE] Layer 18: loading 1 expert(s)
[MoE] Layer 19: loading 2 expert(s)
[MoE] Layer 20: loading 2 expert(s)
[MoE] Layer 21: loading 2 expert(s)
[MoE] Layer 22: loading 5 expert(s)
[MoE] Layer 23: loading 1 expert(s)
[MoE] Layer 24: loading 3 expert(s)
[MoE] Layer 25: loading 5 expert(s)
[MoE] Layer 26: loading 2 expert(s)
[MoE] Layer 27: loading 3 expert(s)
[MoE] Layer 28: loading 3 expert(s)
[MoE] Layer 29: loading 5 expert(s)
[MoE] Layer 30: loading 4 expert(s)
[MoE] Layer 31: loading 1 expert(s)
[MoE] Layer 32: loading 3 expert(s)
[MoE] Layer 33: loading 3 expert(s)
[MoE] Layer 34: loading 3 expert(s)
[MoE] Layer 35: loading 4 expert(s)
[MoE] Layer 36: loading 4 expert(s)
[MoE] Layer 37: loading 7 expert(s)
[MoE] Layer 38: loading 2 expert(s)
[MoE] Layer 39: loading 2 expert(s)
[MoE] Layer 40: loading 3 expert(s)
[MoE] Layer 41: loading 5 expert(s)
[MoE] Layer 42: loading 6 expert(s)
[MoE] Layer 43: loading 3 expert(s)
[MoE] Layer 44: loading 4 expert(s)
[MoE] Layer 45: loading 1 expert(s)
[MoE] Layer 46: loading 5 expert(s)
[MoE] Layer 47: loading 6 expert(s)
[MoE] Layer 0: loading 7 expert(s)
[MoE] Layer 1: loading 7 expert(s)
[MoE] Layer 2: loading 6 expert(s)
[MoE] Layer 3: loading 5 expert(s)
[MoE] Layer 4: loading 5 expert(s)
[MoE] Layer 5: loading 5 expert(s)
[MoE] Layer 6: loading 4 expert(s)
[MoE] Layer 7: loading 3 expert(s)
[MoE] Layer 8: loading 3 expert(s)
[MoE] Layer 9: loading 5 expert(s)
[MoE] Layer 10: loading 4 expert(s)
[MoE] Layer 11: loading 5 expert(s)
[MoE] Layer 12: loading 4 expert(s)
[MoE] Layer 13: loading 5 expert(s)
[MoE] Layer 14: loading 4 expert(s)
[MoE] Layer 15: loading 4 expert(s)
[MoE] Layer 16: loading 3 expert(s)
[MoE] Layer 17: loading 4 expert(s)
[MoE] Layer 18: loading 5 expert(s)
[MoE] Layer 19: loading 1 expert(s)
[MoE] Layer 20: loading 2 expert(s)
[MoE] Layer 21: loading 4 expert(s)
[MoE] Layer 22: loading 5 expert(s)
[MoE] Layer 23: loading 3 expert(s)
[MoE] Layer 24: loading 3 expert(s)
[MoE] Layer 25: loading 4 expert(s)
[MoE] Layer 26: loading 5 expert(s)
[MoE] Layer 27: loading 4 expert(s)
[MoE] Layer 28: loading 3 expert(s)
[MoE] Layer 29: loading 5 expert(s)
[MoE] Layer 30: loading 3 expert(s)
[MoE] Layer 31: loading 2 expert(s)
[MoE] Layer 32: loading 2 expert(s)
[MoE] Layer 33: loading 4 expert(s)
[MoE] Layer 34: loading 4 expert(s)
[MoE] Layer 35: loading 5 expert(s)
[MoE] Layer 36: loading 5 expert(s)
[MoE] Layer 37: loading 4 expert(s)
[MoE] Layer 38: loading 3 expert(s)
[MoE] Layer 39: loading 2 expert(s)
[MoE] Layer 40: loading 5 expert(s)
[MoE] Layer 41: loading 4 expert(s)
[MoE] Layer 42: loading 5 expert(s)
[MoE] Layer 43: loading 5 expert(s)
[MoE] Layer 44: loading 4 expert(s)
[MoE] Layer 45: loading 3 expert(s)
[MoE] Layer 46: loading 3 expert(s)
[MoE] Layer 47: loading 3 expert(s)
[MoE] Layer 0: loading 4 expert(s)
[MoE] Layer 1: loading 6 expert(s)
[MoE] Layer 3: loading 2 expert(s)
[MoE] Layer 4: loading 1 expert(s)
[MoE] Layer 5: loading 2 expert(s)
[MoE] Layer 6: loading 1 expert(s)
[MoE] Layer 7: loading 2 expert(s)
[MoE] Layer 8: loading 1 expert(s)
[MoE] Layer 9: loading 1 expert(s)
[MoE] Layer 10: loading 3 expert(s)
[MoE] Layer 11: loading 4 expert(s)
[MoE] Layer 12: loading 3 expert(s)
[MoE] Layer 13: loading 3 expert(s)
[MoE] Layer 14: loading 1 expert(s)
[MoE] Layer 15: loading 2 expert(s)
[MoE] Layer 16: loading 2 expert(s)
[MoE] Layer 17: loading 2 expert(s)
[MoE] Layer 18: loading 1 expert(s)
[MoE] Layer 19: loading 1 expert(s)
[MoE] Layer 20: loading 1 expert(s)
[MoE] Layer 21: loading 1 expert(s)
[MoE] Layer 22: loading 2 expert(s)
[MoE] Layer 23: loading 3 expert(s)
[MoE] Layer 24: loading 2 expert(s)
[MoE] Layer 25: loading 1 expert(s)
[MoE] Layer 26: loading 3 expert(s)
[MoE] Layer 27: loading 1 expert(s)
[MoE] Layer 28: loading 4 expert(s)
[MoE] Layer 29: loading 1 expert(s)
[MoE] Layer 30: loading 3 expert(s)
[MoE] Layer 31: loading 2 expert(s)
[MoE] Layer 33: loading 1 expert(s)
[MoE] Layer 34: loading 1 expert(s)
[MoE] Layer 35: loading 2 expert(s)
[MoE] Layer 36: loading 2 expert(s)
[MoE] Layer 37: loading 3 expert(s)
[MoE] Layer 38: loading 2 expert(s)
[MoE] Layer 39: loading 1 expert(s)
[MoE] Layer 40: loading 2 expert(s)
[MoE] Layer 41: loading 3 expert(s)
[MoE] Layer 42: loading 3 expert(s)
[MoE] Layer 43: loading 2 expert(s)
[MoE] Layer 45: loading 1 expert(s)
[MoE] Layer 46: loading 4 expert(s)
[MoE] Layer 47: loading 3 expert(s)
[MoE] Layer 0: loading 6 expert(s)
[MoE] Layer 1: loading 3 expert(s)
[MoE] Layer 2: loading 3 expert(s)
[MoE] Layer 3: loading 4 expert(s)
[MoE] Layer 4: loading 4 expert(s)
[MoE] Layer 5: loading 2 expert(s)
[MoE] Layer 6: loading 2 expert(s)
[MoE] Layer 7: loading 1 expert(s)
[MoE] Layer 8: loading 2 expert(s)
[MoE] Layer 9: loading 2 expert(s)
[MoE] Layer 10: loading 4 expert(s)
[MoE] Layer 11: loading 3 expert(s)
[MoE] Layer 12: loading 3 expert(s)
[MoE] Layer 13: loading 5 expert(s)
[MoE] Layer 14: loading 2 expert(s)
[MoE] Layer 15: loading 4 expert(s)
[MoE] Layer 16: loading 3 expert(s)
[MoE] Layer 17: loading 4 expert(s)
[MoE] Layer 18: loading 2 expert(s)
[MoE] Layer 19: loading 1 expert(s)
[MoE] Layer 20: loading 2 expert(s)
[MoE] Layer 21: loading 2 expert(s)
[MoE] Layer 22: loading 4 expert(s)
[MoE] Layer 23: loading 4 expert(s)
[MoE] Layer 24: loading 3 expert(s)
[MoE] Layer 25: loading 4 expert(s)
[MoE] Layer 26: loading 3 expert(s)
[MoE] Layer 27: loading 3 expert(s)
[MoE] Layer 28: loading 3 expert(s)
[MoE] Layer 29: loading 3 expert(s)
[MoE] Layer 30: loading 1 expert(s)
[MoE] Layer 31: loading 2 expert(s)
[MoE] Layer 32: loading 2 expert(s)
[MoE] Layer 33: loading 1 expert(s)
[MoE] Layer 34: loading 2 expert(s)
[MoE] Layer 36: loading 3 expert(s)
[MoE] Layer 37: loading 3 expert(s)
[MoE] Layer 38: loading 1 expert(s)
[MoE] Layer 39: loading 3 expert(s)
[MoE] Layer 40: loading 4 expert(s)
[MoE] Layer 41: loading 4 expert(s)
[MoE] Layer 42: loading 4 expert(s)
[MoE] Layer 43: loading 5 expert(s)
[MoE] Layer 44: loading 3 expert(s)
[MoE] Layer 45: loading 1 expert(s)
[MoE] Layer 46: loading 2 expert(s)
[MoE] Layer 47: loading 4 expert(s)
[gen 55/99] elapsed=20.3s  TPS=2.715
[MoE] Layer 0: loading 7 expert(s)
[MoE] Layer 1: loading 5 expert(s)
[MoE] Layer 2: loading 6 expert(s)
[MoE] Layer 3: loading 6 expert(s)
[MoE] Layer 4: loading 4 expert(s)
[MoE] Layer 5: loading 4 expert(s)
[MoE] Layer 6: loading 4 expert(s)
[MoE] Layer 7: loading 4 expert(s)
[MoE] Layer 8: loading 5 expert(s)
[MoE] Layer 9: loading 2 expert(s)
[MoE] Layer 10: loading 2 expert(s)
[MoE] Layer 11: loading 4 expert(s)
[MoE] Layer 12: loading 4 expert(s)
[MoE] Layer 13: loading 4 expert(s)
[MoE] Layer 14: loading 3 expert(s)
[MoE] Layer 15: loading 3 expert(s)
[MoE] Layer 16: loading 3 expert(s)
[MoE] Layer 17: loading 3 expert(s)
[MoE] Layer 18: loading 2 expert(s)
[MoE] Layer 19: loading 2 expert(s)
[MoE] Layer 20: loading 2 expert(s)
[MoE] Layer 21: loading 2 expert(s)
[MoE] Layer 22: loading 5 expert(s)
[MoE] Layer 23: loading 4 expert(s)
[MoE] Layer 24: loading 4 expert(s)
[MoE] Layer 25: loading 3 expert(s)
[MoE] Layer 26: loading 3 expert(s)
[MoE] Layer 27: loading 2 expert(s)
[MoE] Layer 28: loading 2 expert(s)
[MoE] Layer 29: loading 2 expert(s)
[MoE] Layer 32: loading 2 expert(s)
[MoE] Layer 34: loading 1 expert(s)
[MoE] Layer 35: loading 1 expert(s)
[MoE] Layer 36: loading 5 expert(s)
[MoE] Layer 37: loading 4 expert(s)
[MoE] Layer 38: loading 3 expert(s)
[MoE] Layer 39: loading 5 expert(s)
[MoE] Layer 40: loading 4 expert(s)
[MoE] Layer 41: loading 4 expert(s)
[MoE] Layer 42: loading 4 expert(s)
[MoE] Layer 43: loading 1 expert(s)
[MoE] Layer 44: loading 3 expert(s)
[MoE] Layer 45: loading 1 expert(s)
[MoE] Layer 46: loading 1 expert(s)
[MoE] Layer 47: loading 6 expert(s)
[MoE] Layer 0: loading 8 expert(s)
[MoE] Layer 1: loading 6 expert(s)
[MoE] Layer 2: loading 7 expert(s)
[MoE] Layer 3: loading 5 expert(s)
[MoE] Layer 4: loading 4 expert(s)
[MoE] Layer 5: loading 4 expert(s)
[MoE] Layer 6: loading 2 expert(s)
[MoE] Layer 7: loading 2 expert(s)
[MoE] Layer 8: loading 2 expert(s)
[MoE] Layer 9: loading 2 expert(s)
[MoE] Layer 10: loading 1 expert(s)
[MoE] Layer 11: loading 3 expert(s)
[MoE] Layer 12: loading 1 expert(s)
[MoE] Layer 13: loading 4 expert(s)
[MoE] Layer 14: loading 2 expert(s)
[MoE] Layer 15: loading 1 expert(s)
[MoE] Layer 16: loading 3 expert(s)
[MoE] Layer 17: loading 4 expert(s)
[MoE] Layer 18: loading 2 expert(s)
[MoE] Layer 19: loading 1 expert(s)
[MoE] Layer 20: loading 1 expert(s)
[MoE] Layer 21: loading 4 expert(s)
[MoE] Layer 22: loading 3 expert(s)
[MoE] Layer 23: loading 1 expert(s)
[MoE] Layer 24: loading 3 expert(s)
[MoE] Layer 25: loading 5 expert(s)
[MoE] Layer 26: loading 3 expert(s)
[MoE] Layer 28: loading 2 expert(s)
[MoE] Layer 29: loading 2 expert(s)
[MoE] Layer 32: loading 1 expert(s)
[MoE] Layer 33: loading 1 expert(s)
[MoE] Layer 34: loading 2 expert(s)
[MoE] Layer 35: loading 1 expert(s)
[MoE] Layer 36: loading 3 expert(s)
[MoE] Layer 37: loading 4 expert(s)
[MoE] Layer 38: loading 2 expert(s)
[MoE] Layer 39: loading 1 expert(s)
[MoE] Layer 40: loading 2 expert(s)
[MoE] Layer 41: loading 1 expert(s)
[MoE] Layer 42: loading 3 expert(s)
[MoE] Layer 43: loading 2 expert(s)
[MoE] Layer 44: loading 3 expert(s)
[MoE] Layer 45: loading 1 expert(s)
[MoE] Layer 47: loading 3 expert(s)
[MoE] Layer 0: loading 8 expert(s)
[MoE] Layer 1: loading 4 expert(s)
[MoE] Layer 2: loading 5 expert(s)
[MoE] Layer 3: loading 6 expert(s)
[MoE] Layer 4: loading 5 expert(s)
[MoE] Layer 5: loading 4 expert(s)
[MoE] Layer 6: loading 2 expert(s)
[MoE] Layer 7: loading 1 expert(s)
[MoE] Layer 8: loading 1 expert(s)
[MoE] Layer 9: loading 2 expert(s)
[MoE] Layer 10: loading 2 expert(s)
[MoE] Layer 11: loading 1 expert(s)
[MoE] Layer 12: loading 1 expert(s)
[MoE] Layer 13: loading 2 expert(s)
[MoE] Layer 14: loading 4 expert(s)
[MoE] Layer 15: loading 1 expert(s)
[MoE] Layer 16: loading 4 expert(s)
[MoE] Layer 18: loading 1 expert(s)
[MoE] Layer 20: loading 1 expert(s)
[MoE] Layer 21: loading 2 expert(s)
[MoE] Layer 23: loading 2 expert(s)
[MoE] Layer 24: loading 2 expert(s)
[MoE] Layer 25: loading 2 expert(s)
[MoE] Layer 26: loading 2 expert(s)
[MoE] Layer 27: loading 1 expert(s)
[MoE] Layer 28: loading 1 expert(s)
[MoE] Layer 29: loading 3 expert(s)
[MoE] Layer 32: loading 2 expert(s)
[MoE] Layer 34: loading 1 expert(s)
[MoE] Layer 35: loading 3 expert(s)
[MoE] Layer 36: loading 3 expert(s)
[MoE] Layer 37: loading 3 expert(s)
[MoE] Layer 38: loading 2 expert(s)
[MoE] Layer 39: loading 2 expert(s)
[MoE] Layer 40: loading 1 expert(s)
[MoE] Layer 41: loading 4 expert(s)
[MoE] Layer 42: loading 2 expert(s)
[MoE] Layer 43: loading 2 expert(s)
[MoE] Layer 44: loading 3 expert(s)
[MoE] Layer 45: loading 1 expert(s)
[MoE] Layer 46: loading 1 expert(s)
[MoE] Layer 47: loading 3 expert(s)
[MoE] Layer 0: loading 7 expert(s)
[MoE] Layer 1: loading 6 expert(s)
[MoE] Layer 2: loading 6 expert(s)
[MoE] Layer 3: loading 2 expert(s)
[MoE] Layer 4: loading 2 expert(s)
[MoE] Layer 5: loading 4 expert(s)
[MoE] Layer 6: loading 1 expert(s)
[MoE] Layer 7: loading 1 expert(s)
[MoE] Layer 8: loading 4 expert(s)
[MoE] Layer 9: loading 1 expert(s)
[MoE] Layer 10: loading 1 expert(s)
[MoE] Layer 11: loading 2 expert(s)
[MoE] Layer 12: loading 1 expert(s)
[MoE] Layer 13: loading 4 expert(s)
[MoE] Layer 14: loading 3 expert(s)
[MoE] Layer 15: loading 1 expert(s)
[MoE] Layer 16: loading 3 expert(s)
[MoE] Layer 17: loading 3 expert(s)
[MoE] Layer 19: loading 1 expert(s)
[MoE] Layer 20: loading 1 expert(s)
[MoE] Layer 21: loading 1 expert(s)
[MoE] Layer 22: loading 2 expert(s)
[MoE] Layer 23: loading 3 expert(s)
[MoE] Layer 24: loading 3 expert(s)
[MoE] Layer 25: loading 3 expert(s)
[MoE] Layer 26: loading 2 expert(s)
[MoE] Layer 27: loading 2 expert(s)
[MoE] Layer 28: loading 2 expert(s)
[MoE] Layer 29: loading 5 expert(s)
[MoE] Layer 32: loading 2 expert(s)
[MoE] Layer 33: loading 2 expert(s)
[MoE] Layer 34: loading 4 expert(s)
[MoE] Layer 35: loading 4 expert(s)
[MoE] Layer 37: loading 5 expert(s)
[MoE] Layer 38: loading 2 expert(s)
[MoE] Layer 39: loading 2 expert(s)
[MoE] Layer 40: loading 4 expert(s)
[MoE] Layer 41: loading 3 expert(s)
[MoE] Layer 42: loading 2 expert(s)
[MoE] Layer 43: loading 1 expert(s)
[MoE] Layer 44: loading 3 expert(s)
[MoE] Layer 45: loading 5 expert(s)
[MoE] Layer 46: loading 2 expert(s)
[MoE] Layer 47: loading 4 expert(s)
[MoE] Layer 0: loading 8 expert(s)
[MoE] Layer 1: loading 4 expert(s)
[MoE] Layer 2: loading 6 expert(s)
[MoE] Layer 3: loading 3 expert(s)
[MoE] Layer 4: loading 4 expert(s)
[MoE] Layer 5: loading 4 expert(s)
[MoE] Layer 6: loading 3 expert(s)
[MoE] Layer 7: loading 2 expert(s)
[MoE] Layer 8: loading 2 expert(s)
[MoE] Layer 9: loading 1 expert(s)
[MoE] Layer 10: loading 3 expert(s)
[MoE] Layer 11: loading 5 expert(s)
[MoE] Layer 12: loading 4 expert(s)
[MoE] Layer 13: loading 6 expert(s)
[MoE] Layer 14: loading 6 expert(s)
[MoE] Layer 15: loading 2 expert(s)
[MoE] Layer 16: loading 2 expert(s)
[MoE] Layer 17: loading 3 expert(s)
[MoE] Layer 18: loading 3 expert(s)
[MoE] Layer 19: loading 4 expert(s)
[MoE] Layer 20: loading 2 expert(s)
[MoE] Layer 21: loading 2 expert(s)
[MoE] Layer 22: loading 3 expert(s)
[MoE] Layer 23: loading 5 expert(s)
[MoE] Layer 24: loading 4 expert(s)
[MoE] Layer 25: loading 4 expert(s)
[MoE] Layer 26: loading 5 expert(s)
[MoE] Layer 27: loading 4 expert(s)
[MoE] Layer 28: loading 6 expert(s)
[MoE] Layer 29: loading 7 expert(s)
[MoE] Layer 30: loading 6 expert(s)
[MoE] Layer 31: loading 3 expert(s)
[MoE] Layer 32: loading 6 expert(s)
[MoE] Layer 33: loading 5 expert(s)
[MoE] Layer 34: loading 6 expert(s)
[MoE] Layer 35: loading 5 expert(s)
[MoE] Layer 36: loading 7 expert(s)
[MoE] Layer 37: loading 5 expert(s)
[MoE] Layer 38: loading 7 expert(s)
[MoE] Layer 39: loading 7 expert(s)
[MoE] Layer 40: loading 6 expert(s)
[MoE] Layer 41: loading 7 expert(s)
[MoE] Layer 42: loading 7 expert(s)
[MoE] Layer 43: loading 8 expert(s)
[MoE] Layer 44: loading 5 expert(s)
[MoE] Layer 45: loading 5 expert(s)
[MoE] Layer 46: loading 8 expert(s)
[MoE] Layer 47: loading 6 expert(s)
[gen 60/99] elapsed=22.1s  TPS=2.714
[MoE] Layer 0: loading 5 expert(s)
[MoE] Layer 1: loading 5 expert(s)
[MoE] Layer 2: loading 6 expert(s)
[MoE] Layer 3: loading 4 expert(s)
[MoE] Layer 4: loading 4 expert(s)
[MoE] Layer 5: loading 3 expert(s)
[MoE] Layer 6: loading 5 expert(s)
[MoE] Layer 7: loading 2 expert(s)
[MoE] Layer 8: loading 2 expert(s)
[MoE] Layer 9: loading 3 expert(s)
[MoE] Layer 10: loading 4 expert(s)
[MoE] Layer 11: loading 1 expert(s)
[MoE] Layer 12: loading 3 expert(s)
[MoE] Layer 13: loading 3 expert(s)
[MoE] Layer 14: loading 4 expert(s)
[MoE] Layer 15: loading 3 expert(s)
[MoE] Layer 16: loading 2 expert(s)
[MoE] Layer 17: loading 2 expert(s)
[MoE] Layer 19: loading 1 expert(s)
[MoE] Layer 20: loading 2 expert(s)
[MoE] Layer 21: loading 3 expert(s)
[MoE] Layer 22: loading 3 expert(s)
[MoE] Layer 23: loading 1 expert(s)
[MoE] Layer 24: loading 2 expert(s)
[MoE] Layer 25: loading 3 expert(s)
[MoE] Layer 26: loading 2 expert(s)
[MoE] Layer 27: loading 3 expert(s)
[MoE] Layer 28: loading 1 expert(s)
[MoE] Layer 29: loading 3 expert(s)
[MoE] Layer 31: loading 3 expert(s)
[MoE] Layer 32: loading 2 expert(s)
[MoE] Layer 33: loading 1 expert(s)
[MoE] Layer 34: loading 2 expert(s)
[MoE] Layer 35: loading 1 expert(s)
[MoE] Layer 36: loading 3 expert(s)
[MoE] Layer 37: loading 3 expert(s)
[MoE] Layer 38: loading 2 expert(s)
[MoE] Layer 39: loading 1 expert(s)
[MoE] Layer 40: loading 3 expert(s)
[MoE] Layer 41: loading 4 expert(s)
[MoE] Layer 42: loading 3 expert(s)
[MoE] Layer 43: loading 1 expert(s)
[MoE] Layer 44: loading 4 expert(s)
[MoE] Layer 45: loading 2 expert(s)
[MoE] Layer 46: loading 5 expert(s)
[MoE] Layer 47: loading 5 expert(s)
[MoE] Layer 0: loading 7 expert(s)
[MoE] Layer 1: loading 7 expert(s)
[MoE] Layer 2: loading 3 expert(s)
[MoE] Layer 3: loading 7 expert(s)
[MoE] Layer 4: loading 5 expert(s)
[MoE] Layer 5: loading 5 expert(s)
[MoE] Layer 6: loading 3 expert(s)
[MoE] Layer 7: loading 3 expert(s)
[MoE] Layer 8: loading 7 expert(s)
[MoE] Layer 9: loading 6 expert(s)
[MoE] Layer 10: loading 5 expert(s)
[MoE] Layer 11: loading 4 expert(s)
[MoE] Layer 12: loading 3 expert(s)
[MoE] Layer 13: loading 5 expert(s)
[MoE] Layer 14: loading 3 expert(s)
[MoE] Layer 15: loading 4 expert(s)
[MoE] Layer 16: loading 1 expert(s)
[MoE] Layer 17: loading 1 expert(s)
[MoE] Layer 18: loading 1 expert(s)
[MoE] Layer 19: loading 2 expert(s)
[MoE] Layer 20: loading 3 expert(s)
[MoE] Layer 21: loading 2 expert(s)
[MoE] Layer 22: loading 2 expert(s)
[MoE] Layer 23: loading 1 expert(s)
[MoE] Layer 24: loading 2 expert(s)
[MoE] Layer 25: loading 1 expert(s)
[MoE] Layer 26: loading 4 expert(s)
[MoE] Layer 27: loading 2 expert(s)
[MoE] Layer 28: loading 2 expert(s)
[MoE] Layer 29: loading 3 expert(s)
[MoE] Layer 30: loading 1 expert(s)
[MoE] Layer 31: loading 1 expert(s)
[MoE] Layer 32: loading 2 expert(s)
[MoE] Layer 33: loading 2 expert(s)
[MoE] Layer 34: loading 2 expert(s)
[MoE] Layer 35: loading 3 expert(s)
[MoE] Layer 36: loading 2 expert(s)
[MoE] Layer 37: loading 3 expert(s)
[MoE] Layer 38: loading 3 expert(s)
[MoE] Layer 39: loading 2 expert(s)
[MoE] Layer 40: loading 2 expert(s)
[MoE] Layer 41: loading 4 expert(s)
[MoE] Layer 42: loading 4 expert(s)
[MoE] Layer 43: loading 4 expert(s)
[MoE] Layer 44: loading 4 expert(s)
[MoE] Layer 45: loading 4 expert(s)
[MoE] Layer 46: loading 4 expert(s)
[MoE] Layer 47: loading 8 expert(s)
[MoE] Layer 0: loading 5 expert(s)
[MoE] Layer 1: loading 4 expert(s)
[MoE] Layer 2: loading 3 expert(s)
[MoE] Layer 3: loading 5 expert(s)
[MoE] Layer 4: loading 2 expert(s)
[MoE] Layer 5: loading 3 expert(s)
[MoE] Layer 7: loading 1 expert(s)
[MoE] Layer 8: loading 4 expert(s)
[MoE] Layer 9: loading 2 expert(s)
[MoE] Layer 10: loading 1 expert(s)
[MoE] Layer 11: loading 2 expert(s)
[MoE] Layer 12: loading 1 expert(s)
[MoE] Layer 14: loading 3 expert(s)
[MoE] Layer 15: loading 1 expert(s)
[MoE] Layer 16: loading 1 expert(s)
[MoE] Layer 17: loading 2 expert(s)
[MoE] Layer 18: loading 2 expert(s)
[MoE] Layer 19: loading 1 expert(s)
[MoE] Layer 20: loading 1 expert(s)
[MoE] Layer 21: loading 2 expert(s)
[MoE] Layer 22: loading 3 expert(s)
[MoE] Layer 23: loading 3 expert(s)
[MoE] Layer 24: loading 2 expert(s)
[MoE] Layer 25: loading 3 expert(s)
[MoE] Layer 26: loading 4 expert(s)
[MoE] Layer 27: loading 2 expert(s)
[MoE] Layer 28: loading 1 expert(s)
[MoE] Layer 29: loading 2 expert(s)
[MoE] Layer 30: loading 2 expert(s)
[MoE] Layer 32: loading 1 expert(s)
[MoE] Layer 33: loading 3 expert(s)
[MoE] Layer 34: loading 2 expert(s)
[MoE] Layer 35: loading 5 expert(s)
[MoE] Layer 36: loading 3 expert(s)
[MoE] Layer 37: loading 4 expert(s)
[MoE] Layer 38: loading 4 expert(s)
[MoE] Layer 39: loading 3 expert(s)
[MoE] Layer 40: loading 3 expert(s)
[MoE] Layer 41: loading 4 expert(s)
[MoE] Layer 42: loading 3 expert(s)
[MoE] Layer 43: loading 6 expert(s)
[MoE] Layer 44: loading 4 expert(s)
[MoE] Layer 45: loading 3 expert(s)
[MoE] Layer 46: loading 4 expert(s)
[MoE] Layer 47: loading 4 expert(s)
[MoE] Layer 0: loading 5 expert(s)
[MoE] Layer 1: loading 5 expert(s)
[MoE] Layer 2: loading 3 expert(s)
[MoE] Layer 3: loading 5 expert(s)
[MoE] Layer 4: loading 3 expert(s)
[MoE] Layer 5: loading 6 expert(s)
[MoE] Layer 6: loading 3 expert(s)
[MoE] Layer 8: loading 4 expert(s)
[MoE] Layer 9: loading 3 expert(s)
[MoE] Layer 10: loading 2 expert(s)
[MoE] Layer 11: loading 4 expert(s)
[MoE] Layer 12: loading 4 expert(s)
[MoE] Layer 13: loading 2 expert(s)
[MoE] Layer 14: loading 4 expert(s)
[MoE] Layer 15: loading 1 expert(s)
[MoE] Layer 16: loading 6 expert(s)
[MoE] Layer 17: loading 5 expert(s)
[MoE] Layer 18: loading 2 expert(s)
[MoE] Layer 19: loading 1 expert(s)
[MoE] Layer 20: loading 2 expert(s)
[MoE] Layer 21: loading 1 expert(s)
[MoE] Layer 23: loading 4 expert(s)
[MoE] Layer 24: loading 2 expert(s)
[MoE] Layer 26: loading 2 expert(s)
[MoE] Layer 27: loading 1 expert(s)
[MoE] Layer 28: loading 4 expert(s)
[MoE] Layer 29: loading 3 expert(s)
[MoE] Layer 30: loading 3 expert(s)
[MoE] Layer 31: loading 2 expert(s)
[MoE] Layer 32: loading 3 expert(s)
[MoE] Layer 33: loading 3 expert(s)
[MoE] Layer 35: loading 2 expert(s)
[MoE] Layer 36: loading 5 expert(s)
[MoE] Layer 37: loading 3 expert(s)
[MoE] Layer 38: loading 3 expert(s)
[MoE] Layer 39: loading 3 expert(s)
[MoE] Layer 40: loading 3 expert(s)
[MoE] Layer 41: loading 5 expert(s)
[MoE] Layer 42: loading 5 expert(s)
[MoE] Layer 43: loading 4 expert(s)
[MoE] Layer 44: loading 2 expert(s)
[MoE] Layer 45: loading 4 expert(s)
[MoE] Layer 46: loading 2 expert(s)
[MoE] Layer 47: loading 4 expert(s)
[MoE] Layer 0: loading 7 expert(s)
[MoE] Layer 1: loading 5 expert(s)
[MoE] Layer 2: loading 6 expert(s)
[MoE] Layer 3: loading 5 expert(s)
[MoE] Layer 4: loading 3 expert(s)
[MoE] Layer 5: loading 4 expert(s)
[MoE] Layer 6: loading 2 expert(s)
[MoE] Layer 7: loading 1 expert(s)
[MoE] Layer 8: loading 4 expert(s)
[MoE] Layer 9: loading 3 expert(s)
[MoE] Layer 10: loading 3 expert(s)
[MoE] Layer 11: loading 5 expert(s)
[MoE] Layer 12: loading 5 expert(s)
[MoE] Layer 13: loading 3 expert(s)
[MoE] Layer 14: loading 2 expert(s)
[MoE] Layer 15: loading 5 expert(s)
[MoE] Layer 16: loading 3 expert(s)
[MoE] Layer 17: loading 3 expert(s)
[MoE] Layer 18: loading 3 expert(s)
[MoE] Layer 19: loading 4 expert(s)
[MoE] Layer 20: loading 3 expert(s)
[MoE] Layer 21: loading 4 expert(s)
[MoE] Layer 22: loading 5 expert(s)
[MoE] Layer 23: loading 1 expert(s)
[MoE] Layer 24: loading 3 expert(s)
[MoE] Layer 25: loading 5 expert(s)
[MoE] Layer 26: loading 5 expert(s)
[MoE] Layer 27: loading 1 expert(s)
[MoE] Layer 28: loading 5 expert(s)
[MoE] Layer 29: loading 4 expert(s)
[MoE] Layer 30: loading 1 expert(s)
[MoE] Layer 31: loading 1 expert(s)
[MoE] Layer 32: loading 1 expert(s)
[MoE] Layer 33: loading 4 expert(s)
[MoE] Layer 34: loading 4 expert(s)
[MoE] Layer 35: loading 2 expert(s)
[MoE] Layer 36: loading 4 expert(s)
[MoE] Layer 37: loading 3 expert(s)
[MoE] Layer 38: loading 2 expert(s)
[MoE] Layer 39: loading 2 expert(s)
[MoE] Layer 40: loading 4 expert(s)
[MoE] Layer 41: loading 6 expert(s)
[MoE] Layer 42: loading 4 expert(s)
[MoE] Layer 43: loading 5 expert(s)
[MoE] Layer 44: loading 3 expert(s)
[MoE] Layer 45: loading 5 expert(s)
[MoE] Layer 46: loading 4 expert(s)
[MoE] Layer 47: loading 7 expert(s)
[gen 65/99] elapsed=24.0s  TPS=2.710
[MoE] Layer 0: loading 8 expert(s)
[MoE] Layer 1: loading 6 expert(s)
[MoE] Layer 2: loading 6 expert(s)
[MoE] Layer 3: loading 4 expert(s)
[MoE] Layer 4: loading 2 expert(s)
[MoE] Layer 5: loading 4 expert(s)
[MoE] Layer 6: loading 2 expert(s)
[MoE] Layer 7: loading 2 expert(s)
[MoE] Layer 8: loading 3 expert(s)
[MoE] Layer 9: loading 3 expert(s)
[MoE] Layer 10: loading 3 expert(s)
[MoE] Layer 11: loading 5 expert(s)
[MoE] Layer 12: loading 3 expert(s)
[MoE] Layer 13: loading 4 expert(s)
[MoE] Layer 14: loading 4 expert(s)
[MoE] Layer 15: loading 3 expert(s)
[MoE] Layer 16: loading 2 expert(s)
[MoE] Layer 17: loading 2 expert(s)
[MoE] Layer 18: loading 3 expert(s)
[MoE] Layer 19: loading 3 expert(s)
[MoE] Layer 20: loading 3 expert(s)
[MoE] Layer 21: loading 5 expert(s)
[MoE] Layer 22: loading 3 expert(s)
[MoE] Layer 23: loading 5 expert(s)
[MoE] Layer 24: loading 5 expert(s)
[MoE] Layer 25: loading 3 expert(s)
[MoE] Layer 26: loading 3 expert(s)
[MoE] Layer 27: loading 2 expert(s)
[MoE] Layer 28: loading 4 expert(s)
[MoE] Layer 29: loading 5 expert(s)
[MoE] Layer 30: loading 4 expert(s)
[MoE] Layer 31: loading 5 expert(s)
[MoE] Layer 32: loading 4 expert(s)
[MoE] Layer 33: loading 5 expert(s)
[MoE] Layer 34: loading 5 expert(s)
[MoE] Layer 35: loading 5 expert(s)
[MoE] Layer 36: loading 2 expert(s)
[MoE] Layer 37: loading 3 expert(s)
[MoE] Layer 38: loading 5 expert(s)
[MoE] Layer 39: loading 4 expert(s)
[MoE] Layer 40: loading 2 expert(s)
[MoE] Layer 41: loading 7 expert(s)
[MoE] Layer 42: loading 4 expert(s)
[MoE] Layer 43: loading 5 expert(s)
[MoE] Layer 44: loading 5 expert(s)
[MoE] Layer 45: loading 1 expert(s)
[MoE] Layer 46: loading 3 expert(s)
[MoE] Layer 47: loading 6 expert(s)
[MoE] Layer 0: loading 5 expert(s)
[MoE] Layer 1: loading 4 expert(s)
[MoE] Layer 2: loading 4 expert(s)
[MoE] Layer 3: loading 4 expert(s)
[MoE] Layer 4: loading 3 expert(s)
[MoE] Layer 5: loading 5 expert(s)
[MoE] Layer 6: loading 2 expert(s)
[MoE] Layer 8: loading 2 expert(s)
[MoE] Layer 9: loading 5 expert(s)
[MoE] Layer 10: loading 2 expert(s)
[MoE] Layer 11: loading 6 expert(s)
[MoE] Layer 12: loading 4 expert(s)
[MoE] Layer 13: loading 3 expert(s)
[MoE] Layer 14: loading 4 expert(s)
[MoE] Layer 15: loading 3 expert(s)
[MoE] Layer 16: loading 2 expert(s)
[MoE] Layer 17: loading 3 expert(s)
[MoE] Layer 18: loading 3 expert(s)
[MoE] Layer 19: loading 2 expert(s)
[MoE] Layer 20: loading 3 expert(s)
[MoE] Layer 21: loading 6 expert(s)
[MoE] Layer 22: loading 1 expert(s)
[MoE] Layer 23: loading 6 expert(s)
[MoE] Layer 24: loading 4 expert(s)
[MoE] Layer 25: loading 7 expert(s)
[MoE] Layer 26: loading 4 expert(s)
[MoE] Layer 27: loading 4 expert(s)
[MoE] Layer 28: loading 3 expert(s)
[MoE] Layer 29: loading 4 expert(s)
[MoE] Layer 30: loading 3 expert(s)
[MoE] Layer 31: loading 3 expert(s)
[MoE] Layer 32: loading 5 expert(s)
[MoE] Layer 33: loading 5 expert(s)
[MoE] Layer 34: loading 6 expert(s)
[MoE] Layer 35: loading 5 expert(s)
[MoE] Layer 36: loading 6 expert(s)
[MoE] Layer 37: loading 4 expert(s)
[MoE] Layer 38: loading 4 expert(s)
[MoE] Layer 39: loading 3 expert(s)
[MoE] Layer 40: loading 3 expert(s)
[MoE] Layer 41: loading 3 expert(s)
[MoE] Layer 42: loading 5 expert(s)
[MoE] Layer 43: loading 2 expert(s)
[MoE] Layer 44: loading 2 expert(s)
[MoE] Layer 45: loading 1 expert(s)
[MoE] Layer 46: loading 2 expert(s)
[MoE] Layer 47: loading 2 expert(s)
[MoE] Layer 0: loading 4 expert(s)
[MoE] Layer 1: loading 4 expert(s)
[MoE] Layer 2: loading 2 expert(s)
[MoE] Layer 3: loading 3 expert(s)
[MoE] Layer 4: loading 3 expert(s)
[MoE] Layer 5: loading 1 expert(s)
[MoE] Layer 7: loading 1 expert(s)
[MoE] Layer 8: loading 1 expert(s)
[MoE] Layer 10: loading 1 expert(s)
[MoE] Layer 11: loading 2 expert(s)
[MoE] Layer 12: loading 2 expert(s)
[MoE] Layer 13: loading 1 expert(s)
[MoE] Layer 14: loading 1 expert(s)
[MoE] Layer 15: loading 1 expert(s)
[MoE] Layer 16: loading 3 expert(s)
[MoE] Layer 17: loading 1 expert(s)
[MoE] Layer 18: loading 3 expert(s)
[MoE] Layer 19: loading 1 expert(s)
[MoE] Layer 20: loading 2 expert(s)
[MoE] Layer 21: loading 1 expert(s)
[MoE] Layer 22: loading 4 expert(s)
[MoE] Layer 23: loading 3 expert(s)
[MoE] Layer 24: loading 3 expert(s)
[MoE] Layer 25: loading 4 expert(s)
[MoE] Layer 26: loading 2 expert(s)
[MoE] Layer 27: loading 1 expert(s)
[MoE] Layer 28: loading 3 expert(s)
[MoE] Layer 29: loading 1 expert(s)
[MoE] Layer 30: loading 1 expert(s)
[MoE] Layer 31: loading 1 expert(s)
[MoE] Layer 32: loading 3 expert(s)
[MoE] Layer 33: loading 2 expert(s)
[MoE] Layer 34: loading 4 expert(s)
[MoE] Layer 35: loading 4 expert(s)
[MoE] Layer 36: loading 4 expert(s)
[MoE] Layer 37: loading 2 expert(s)
[MoE] Layer 38: loading 2 expert(s)
[MoE] Layer 39: loading 3 expert(s)
[MoE] Layer 40: loading 2 expert(s)
[MoE] Layer 41: loading 4 expert(s)
[MoE] Layer 42: loading 4 expert(s)
[MoE] Layer 43: loading 2 expert(s)
[MoE] Layer 44: loading 3 expert(s)
[MoE] Layer 45: loading 1 expert(s)
[MoE] Layer 46: loading 4 expert(s)
[MoE] Layer 47: loading 5 expert(s)
[MoE] Layer 0: loading 7 expert(s)
[MoE] Layer 1: loading 6 expert(s)
[MoE] Layer 2: loading 5 expert(s)
[MoE] Layer 3: loading 4 expert(s)
[MoE] Layer 4: loading 4 expert(s)
[MoE] Layer 5: loading 4 expert(s)
[MoE] Layer 6: loading 2 expert(s)
[MoE] Layer 7: loading 2 expert(s)
[MoE] Layer 8: loading 4 expert(s)
[MoE] Layer 9: loading 4 expert(s)
[MoE] Layer 10: loading 2 expert(s)
[MoE] Layer 11: loading 4 expert(s)
[MoE] Layer 12: loading 2 expert(s)
[MoE] Layer 13: loading 4 expert(s)
[MoE] Layer 14: loading 4 expert(s)
[MoE] Layer 15: loading 2 expert(s)
[MoE] Layer 16: loading 3 expert(s)
[MoE] Layer 17: loading 1 expert(s)
[MoE] Layer 18: loading 3 expert(s)
[MoE] Layer 19: loading 2 expert(s)
[MoE] Layer 21: loading 3 expert(s)
[MoE] Layer 22: loading 2 expert(s)
[MoE] Layer 23: loading 2 expert(s)
[MoE] Layer 24: loading 2 expert(s)
[MoE] Layer 25: loading 2 expert(s)
[MoE] Layer 26: loading 2 expert(s)
[MoE] Layer 27: loading 1 expert(s)
[MoE] Layer 28: loading 2 expert(s)
[MoE] Layer 29: loading 1 expert(s)
[MoE] Layer 30: loading 2 expert(s)
[MoE] Layer 32: loading 2 expert(s)
[MoE] Layer 33: loading 3 expert(s)
[MoE] Layer 34: loading 2 expert(s)
[MoE] Layer 35: loading 1 expert(s)
[MoE] Layer 36: loading 3 expert(s)
[MoE] Layer 37: loading 2 expert(s)
[MoE] Layer 38: loading 2 expert(s)
[MoE] Layer 39: loading 2 expert(s)
[MoE] Layer 40: loading 2 expert(s)
[MoE] Layer 41: loading 1 expert(s)
[MoE] Layer 42: loading 3 expert(s)
[MoE] Layer 43: loading 1 expert(s)
[MoE] Layer 44: loading 4 expert(s)
[MoE] Layer 45: loading 1 expert(s)
[MoE] Layer 46: loading 2 expert(s)
[MoE] Layer 47: loading 3 expert(s)
[MoE] Layer 0: loading 6 expert(s)
[MoE] Layer 1: loading 4 expert(s)
[MoE] Layer 2: loading 4 expert(s)
[MoE] Layer 3: loading 4 expert(s)
[MoE] Layer 4: loading 4 expert(s)
[MoE] Layer 5: loading 4 expert(s)
[MoE] Layer 6: loading 1 expert(s)
[MoE] Layer 7: loading 2 expert(s)
[MoE] Layer 8: loading 2 expert(s)
[MoE] Layer 9: loading 4 expert(s)
[MoE] Layer 10: loading 1 expert(s)
[MoE] Layer 11: loading 2 expert(s)
[MoE] Layer 12: loading 2 expert(s)
[MoE] Layer 13: loading 3 expert(s)
[MoE] Layer 14: loading 2 expert(s)
[MoE] Layer 15: loading 2 expert(s)
[MoE] Layer 16: loading 2 expert(s)
[MoE] Layer 17: loading 2 expert(s)
[MoE] Layer 18: loading 3 expert(s)
[MoE] Layer 19: loading 2 expert(s)
[MoE] Layer 20: loading 1 expert(s)
[MoE] Layer 21: loading 1 expert(s)
[MoE] Layer 22: loading 2 expert(s)
[MoE] Layer 23: loading 2 expert(s)
[MoE] Layer 24: loading 4 expert(s)
[MoE] Layer 25: loading 2 expert(s)
[MoE] Layer 26: loading 4 expert(s)
[MoE] Layer 27: loading 4 expert(s)
[MoE] Layer 28: loading 4 expert(s)
[MoE] Layer 29: loading 1 expert(s)
[MoE] Layer 30: loading 2 expert(s)
[MoE] Layer 31: loading 1 expert(s)
[MoE] Layer 32: loading 2 expert(s)
[MoE] Layer 33: loading 2 expert(s)
[MoE] Layer 34: loading 2 expert(s)
[MoE] Layer 35: loading 3 expert(s)
[MoE] Layer 36: loading 4 expert(s)
[MoE] Layer 37: loading 2 expert(s)
[MoE] Layer 38: loading 3 expert(s)
[MoE] Layer 39: loading 2 expert(s)
[MoE] Layer 40: loading 2 expert(s)
[MoE] Layer 41: loading 3 expert(s)
[MoE] Layer 42: loading 1 expert(s)
[MoE] Layer 43: loading 2 expert(s)
[MoE] Layer 44: loading 2 expert(s)
[MoE] Layer 45: loading 1 expert(s)
[MoE] Layer 46: loading 3 expert(s)
[MoE] Layer 47: loading 2 expert(s)
[gen 70/99] elapsed=25.9s  TPS=2.707
[MoE] Layer 0: loading 4 expert(s)
[MoE] Layer 1: loading 5 expert(s)
[MoE] Layer 2: loading 1 expert(s)
[MoE] Layer 3: loading 2 expert(s)
[MoE] Layer 4: loading 2 expert(s)
[MoE] Layer 6: loading 3 expert(s)
[MoE] Layer 7: loading 2 expert(s)
[MoE] Layer 8: loading 3 expert(s)
[MoE] Layer 9: loading 2 expert(s)
[MoE] Layer 10: loading 2 expert(s)
[MoE] Layer 11: loading 4 expert(s)
[MoE] Layer 13: loading 3 expert(s)
[MoE] Layer 14: loading 1 expert(s)
[MoE] Layer 15: loading 1 expert(s)
[MoE] Layer 16: loading 1 expert(s)
[MoE] Layer 17: loading 2 expert(s)
[MoE] Layer 18: loading 1 expert(s)
[MoE] Layer 19: loading 1 expert(s)
[MoE] Layer 20: loading 4 expert(s)
[MoE] Layer 21: loading 3 expert(s)
[MoE] Layer 22: loading 4 expert(s)
[MoE] Layer 23: loading 3 expert(s)
[MoE] Layer 24: loading 4 expert(s)
[MoE] Layer 25: loading 2 expert(s)
[MoE] Layer 26: loading 2 expert(s)
[MoE] Layer 27: loading 2 expert(s)
[MoE] Layer 28: loading 3 expert(s)
[MoE] Layer 29: loading 2 expert(s)
[MoE] Layer 30: loading 2 expert(s)
[MoE] Layer 31: loading 2 expert(s)
[MoE] Layer 32: loading 3 expert(s)
[MoE] Layer 33: loading 1 expert(s)
[MoE] Layer 34: loading 6 expert(s)
[MoE] Layer 35: loading 2 expert(s)
[MoE] Layer 36: loading 5 expert(s)
[MoE] Layer 37: loading 3 expert(s)
[MoE] Layer 38: loading 4 expert(s)
[MoE] Layer 39: loading 5 expert(s)
[MoE] Layer 40: loading 4 expert(s)
[MoE] Layer 41: loading 4 expert(s)
[MoE] Layer 42: loading 2 expert(s)
[MoE] Layer 43: loading 3 expert(s)
[MoE] Layer 44: loading 3 expert(s)
[MoE] Layer 45: loading 3 expert(s)
[MoE] Layer 46: loading 2 expert(s)
[MoE] Layer 47: loading 7 expert(s)
[MoE] Layer 0: loading 7 expert(s)
[MoE] Layer 1: loading 2 expert(s)
[MoE] Layer 2: loading 4 expert(s)
[MoE] Layer 3: loading 5 expert(s)
[MoE] Layer 4: loading 3 expert(s)
[MoE] Layer 5: loading 2 expert(s)
[MoE] Layer 6: loading 3 expert(s)
[MoE] Layer 7: loading 1 expert(s)
[MoE] Layer 8: loading 3 expert(s)
[MoE] Layer 9: loading 4 expert(s)
[MoE] Layer 10: loading 4 expert(s)
[MoE] Layer 11: loading 4 expert(s)
[MoE] Layer 12: loading 1 expert(s)
[MoE] Layer 13: loading 4 expert(s)
[MoE] Layer 14: loading 2 expert(s)
[MoE] Layer 15: loading 1 expert(s)
[MoE] Layer 16: loading 5 expert(s)
[MoE] Layer 17: loading 2 expert(s)
[MoE] Layer 18: loading 2 expert(s)
[MoE] Layer 19: loading 3 expert(s)
[MoE] Layer 20: loading 1 expert(s)
[MoE] Layer 21: loading 4 expert(s)
[MoE] Layer 22: loading 5 expert(s)
[MoE] Layer 23: loading 5 expert(s)
[MoE] Layer 24: loading 3 expert(s)
[MoE] Layer 25: loading 6 expert(s)
[MoE] Layer 26: loading 3 expert(s)
[MoE] Layer 27: loading 5 expert(s)
[MoE] Layer 28: loading 6 expert(s)
[MoE] Layer 29: loading 4 expert(s)
[MoE] Layer 30: loading 4 expert(s)
[MoE] Layer 31: loading 4 expert(s)
[MoE] Layer 32: loading 1 expert(s)
[MoE] Layer 33: loading 2 expert(s)
[MoE] Layer 34: loading 2 expert(s)
[MoE] Layer 35: loading 6 expert(s)
[MoE] Layer 36: loading 6 expert(s)
[MoE] Layer 37: loading 5 expert(s)
[MoE] Layer 38: loading 4 expert(s)
[MoE] Layer 39: loading 3 expert(s)
[MoE] Layer 40: loading 7 expert(s)
[MoE] Layer 41: loading 6 expert(s)
[MoE] Layer 42: loading 6 expert(s)
[MoE] Layer 43: loading 5 expert(s)
[MoE] Layer 44: loading 5 expert(s)
[MoE] Layer 45: loading 6 expert(s)
[MoE] Layer 46: loading 7 expert(s)
[MoE] Layer 47: loading 4 expert(s)
[MoE] Layer 0: loading 6 expert(s)
[MoE] Layer 1: loading 4 expert(s)
[MoE] Layer 2: loading 4 expert(s)
[MoE] Layer 3: loading 3 expert(s)
[MoE] Layer 4: loading 4 expert(s)
[MoE] Layer 5: loading 2 expert(s)
[MoE] Layer 6: loading 2 expert(s)
[MoE] Layer 8: loading 3 expert(s)
[MoE] Layer 9: loading 3 expert(s)
[MoE] Layer 10: loading 2 expert(s)
[MoE] Layer 11: loading 3 expert(s)
[MoE] Layer 12: loading 4 expert(s)
[MoE] Layer 13: loading 4 expert(s)
[MoE] Layer 14: loading 1 expert(s)
[MoE] Layer 15: loading 2 expert(s)
[MoE] Layer 16: loading 3 expert(s)
[MoE] Layer 17: loading 3 expert(s)
[MoE] Layer 19: loading 2 expert(s)
[MoE] Layer 20: loading 1 expert(s)
[MoE] Layer 21: loading 3 expert(s)
[MoE] Layer 22: loading 3 expert(s)
[MoE] Layer 23: loading 3 expert(s)
[MoE] Layer 24: loading 1 expert(s)
[MoE] Layer 25: loading 1 expert(s)
[MoE] Layer 26: loading 4 expert(s)
[MoE] Layer 27: loading 5 expert(s)
[MoE] Layer 28: loading 5 expert(s)
[MoE] Layer 29: loading 3 expert(s)
[MoE] Layer 30: loading 1 expert(s)
[MoE] Layer 31: loading 3 expert(s)
[MoE] Layer 32: loading 2 expert(s)
[MoE] Layer 33: loading 4 expert(s)
[MoE] Layer 34: loading 5 expert(s)
[MoE] Layer 35: loading 4 expert(s)
[MoE] Layer 36: loading 4 expert(s)
[MoE] Layer 37: loading 1 expert(s)
[MoE] Layer 38: loading 2 expert(s)
[MoE] Layer 39: loading 4 expert(s)
[MoE] Layer 40: loading 3 expert(s)
[MoE] Layer 41: loading 5 expert(s)
[MoE] Layer 42: loading 4 expert(s)
[MoE] Layer 43: loading 4 expert(s)
[MoE] Layer 44: loading 3 expert(s)
[MoE] Layer 45: loading 3 expert(s)
[MoE] Layer 46: loading 7 expert(s)
[MoE] Layer 47: loading 6 expert(s)
[MoE] Layer 0: loading 5 expert(s)
[MoE] Layer 1: loading 5 expert(s)
[MoE] Layer 2: loading 3 expert(s)
[MoE] Layer 3: loading 3 expert(s)
[MoE] Layer 4: loading 1 expert(s)
[MoE] Layer 5: loading 1 expert(s)
[MoE] Layer 8: loading 1 expert(s)
[MoE] Layer 9: loading 3 expert(s)
[MoE] Layer 10: loading 1 expert(s)
[MoE] Layer 11: loading 2 expert(s)
[MoE] Layer 12: loading 2 expert(s)
[MoE] Layer 13: loading 4 expert(s)
[MoE] Layer 14: loading 2 expert(s)
[MoE] Layer 15: loading 1 expert(s)
[MoE] Layer 16: loading 4 expert(s)
[MoE] Layer 17: loading 2 expert(s)
[MoE] Layer 19: loading 2 expert(s)
[MoE] Layer 21: loading 4 expert(s)
[MoE] Layer 22: loading 4 expert(s)
[MoE] Layer 23: loading 4 expert(s)
[MoE] Layer 24: loading 3 expert(s)
[MoE] Layer 25: loading 4 expert(s)
[MoE] Layer 26: loading 3 expert(s)
[MoE] Layer 27: loading 2 expert(s)
[MoE] Layer 28: loading 1 expert(s)
[MoE] Layer 29: loading 2 expert(s)
[MoE] Layer 30: loading 2 expert(s)
[MoE] Layer 31: loading 2 expert(s)
[MoE] Layer 32: loading 4 expert(s)
[MoE] Layer 33: loading 3 expert(s)
[MoE] Layer 34: loading 4 expert(s)
[MoE] Layer 35: loading 4 expert(s)
[MoE] Layer 36: loading 5 expert(s)
[MoE] Layer 37: loading 2 expert(s)
[MoE] Layer 38: loading 1 expert(s)
[MoE] Layer 39: loading 2 expert(s)
[MoE] Layer 40: loading 2 expert(s)
[MoE] Layer 41: loading 3 expert(s)
[MoE] Layer 42: loading 5 expert(s)
[MoE] Layer 43: loading 1 expert(s)
[MoE] Layer 44: loading 5 expert(s)
[MoE] Layer 45: loading 2 expert(s)
[MoE] Layer 46: loading 3 expert(s)
[MoE] Layer 47: loading 5 expert(s)
[MoE] Layer 0: loading 4 expert(s)
[MoE] Layer 1: loading 3 expert(s)
[MoE] Layer 2: loading 2 expert(s)
[MoE] Layer 3: loading 4 expert(s)
[MoE] Layer 4: loading 4 expert(s)
[MoE] Layer 5: loading 2 expert(s)
[MoE] Layer 7: loading 2 expert(s)
[MoE] Layer 8: loading 4 expert(s)
[MoE] Layer 9: loading 5 expert(s)
[MoE] Layer 10: loading 2 expert(s)
[MoE] Layer 11: loading 4 expert(s)
[MoE] Layer 12: loading 2 expert(s)
[MoE] Layer 13: loading 2 expert(s)
[MoE] Layer 14: loading 2 expert(s)
[MoE] Layer 15: loading 3 expert(s)
[MoE] Layer 16: loading 2 expert(s)
[MoE] Layer 17: loading 3 expert(s)
[MoE] Layer 18: loading 2 expert(s)
[MoE] Layer 19: loading 2 expert(s)
[MoE] Layer 20: loading 3 expert(s)
[MoE] Layer 21: loading 3 expert(s)
[MoE] Layer 22: loading 3 expert(s)
[MoE] Layer 23: loading 2 expert(s)
[MoE] Layer 24: loading 6 expert(s)
[MoE] Layer 25: loading 4 expert(s)
[MoE] Layer 26: loading 3 expert(s)
[MoE] Layer 27: loading 4 expert(s)
[MoE] Layer 28: loading 3 expert(s)
[MoE] Layer 29: loading 2 expert(s)
[MoE] Layer 30: loading 2 expert(s)
[MoE] Layer 31: loading 4 expert(s)
[MoE] Layer 32: loading 3 expert(s)
[MoE] Layer 33: loading 1 expert(s)
[MoE] Layer 34: loading 5 expert(s)
[MoE] Layer 35: loading 4 expert(s)
[MoE] Layer 36: loading 5 expert(s)
[MoE] Layer 37: loading 2 expert(s)
[MoE] Layer 38: loading 3 expert(s)
[MoE] Layer 39: loading 2 expert(s)
[MoE] Layer 40: loading 5 expert(s)
[MoE] Layer 41: loading 4 expert(s)
[MoE] Layer 42: loading 1 expert(s)
[MoE] Layer 43: loading 3 expert(s)
[MoE] Layer 44: loading 3 expert(s)
[MoE] Layer 45: loading 4 expert(s)
[MoE] Layer 46: loading 4 expert(s)
[MoE] Layer 47: loading 2 expert(s)
[gen 75/99] elapsed=27.7s  TPS=2.703
[MoE] Layer 0: loading 6 expert(s)
[MoE] Layer 1: loading 5 expert(s)
[MoE] Layer 2: loading 4 expert(s)
[MoE] Layer 3: loading 2 expert(s)
[MoE] Layer 4: loading 4 expert(s)
[MoE] Layer 5: loading 2 expert(s)
[MoE] Layer 6: loading 2 expert(s)
[MoE] Layer 8: loading 1 expert(s)
[MoE] Layer 10: loading 2 expert(s)
[MoE] Layer 11: loading 2 expert(s)
[MoE] Layer 12: loading 3 expert(s)
[MoE] Layer 13: loading 4 expert(s)
[MoE] Layer 14: loading 1 expert(s)
[MoE] Layer 15: loading 3 expert(s)
[MoE] Layer 16: loading 3 expert(s)
[MoE] Layer 17: loading 4 expert(s)
[MoE] Layer 18: loading 2 expert(s)
[MoE] Layer 19: loading 1 expert(s)
[MoE] Layer 21: loading 5 expert(s)
[MoE] Layer 22: loading 2 expert(s)
[MoE] Layer 23: loading 6 expert(s)
[MoE] Layer 24: loading 3 expert(s)
[MoE] Layer 25: loading 3 expert(s)
[MoE] Layer 26: loading 3 expert(s)
[MoE] Layer 27: loading 6 expert(s)
[MoE] Layer 28: loading 4 expert(s)
[MoE] Layer 29: loading 3 expert(s)
[MoE] Layer 30: loading 3 expert(s)
[MoE] Layer 31: loading 1 expert(s)
[MoE] Layer 32: loading 3 expert(s)
[MoE] Layer 33: loading 6 expert(s)
[MoE] Layer 34: loading 1 expert(s)
[MoE] Layer 35: loading 2 expert(s)
[MoE] Layer 36: loading 5 expert(s)
[MoE] Layer 37: loading 2 expert(s)
[MoE] Layer 38: loading 3 expert(s)
[MoE] Layer 39: loading 4 expert(s)
[MoE] Layer 40: loading 6 expert(s)
[MoE] Layer 41: loading 5 expert(s)
[MoE] Layer 42: loading 7 expert(s)
[MoE] Layer 43: loading 7 expert(s)
[MoE] Layer 44: loading 5 expert(s)
[MoE] Layer 45: loading 4 expert(s)
[MoE] Layer 46: loading 5 expert(s)
[MoE] Layer 47: loading 3 expert(s)
[MoE] Layer 0: loading 5 expert(s)
[MoE] Layer 1: loading 2 expert(s)
[MoE] Layer 2: loading 5 expert(s)
[MoE] Layer 3: loading 5 expert(s)
[MoE] Layer 4: loading 5 expert(s)
[MoE] Layer 5: loading 2 expert(s)
[MoE] Layer 6: loading 3 expert(s)
[MoE] Layer 7: loading 5 expert(s)
[MoE] Layer 8: loading 6 expert(s)
[MoE] Layer 9: loading 5 expert(s)
[MoE] Layer 10: loading 5 expert(s)
[MoE] Layer 11: loading 5 expert(s)
[MoE] Layer 12: loading 5 expert(s)
[MoE] Layer 13: loading 5 expert(s)
[MoE] Layer 14: loading 6 expert(s)
[MoE] Layer 15: loading 5 expert(s)
[MoE] Layer 16: loading 5 expert(s)
[MoE] Layer 17: loading 6 expert(s)
[MoE] Layer 19: loading 2 expert(s)
[MoE] Layer 20: loading 3 expert(s)
[MoE] Layer 21: loading 3 expert(s)
[MoE] Layer 22: loading 5 expert(s)
[MoE] Layer 23: loading 6 expert(s)
[MoE] Layer 24: loading 1 expert(s)
[MoE] Layer 25: loading 3 expert(s)
[MoE] Layer 26: loading 4 expert(s)
[MoE] Layer 27: loading 3 expert(s)
[MoE] Layer 28: loading 4 expert(s)
[MoE] Layer 29: loading 5 expert(s)
[MoE] Layer 30: loading 3 expert(s)
[MoE] Layer 31: loading 1 expert(s)
[MoE] Layer 32: loading 3 expert(s)
[MoE] Layer 33: loading 4 expert(s)
[MoE] Layer 34: loading 2 expert(s)
[MoE] Layer 35: loading 3 expert(s)
[MoE] Layer 36: loading 3 expert(s)
[MoE] Layer 37: loading 4 expert(s)
[MoE] Layer 38: loading 2 expert(s)
[MoE] Layer 39: loading 3 expert(s)
[MoE] Layer 40: loading 2 expert(s)
[MoE] Layer 41: loading 3 expert(s)
[MoE] Layer 42: loading 3 expert(s)
[MoE] Layer 43: loading 2 expert(s)
[MoE] Layer 44: loading 6 expert(s)
[MoE] Layer 45: loading 4 expert(s)
[MoE] Layer 46: loading 4 expert(s)
[MoE] Layer 47: loading 6 expert(s)
[MoE] Layer 0: loading 5 expert(s)
[MoE] Layer 1: loading 4 expert(s)
[MoE] Layer 2: loading 3 expert(s)
[MoE] Layer 3: loading 3 expert(s)
[MoE] Layer 4: loading 2 expert(s)
[MoE] Layer 5: loading 3 expert(s)
[MoE] Layer 6: loading 3 expert(s)
[MoE] Layer 7: loading 2 expert(s)
[MoE] Layer 8: loading 4 expert(s)
[MoE] Layer 9: loading 3 expert(s)
[MoE] Layer 10: loading 4 expert(s)
[MoE] Layer 11: loading 4 expert(s)
[MoE] Layer 12: loading 2 expert(s)
[MoE] Layer 13: loading 3 expert(s)
[MoE] Layer 14: loading 2 expert(s)
[MoE] Layer 15: loading 2 expert(s)
[MoE] Layer 16: loading 3 expert(s)
[MoE] Layer 17: loading 2 expert(s)
[MoE] Layer 18: loading 1 expert(s)
[MoE] Layer 19: loading 1 expert(s)
[MoE] Layer 20: loading 1 expert(s)
[MoE] Layer 21: loading 5 expert(s)
[MoE] Layer 22: loading 3 expert(s)
[MoE] Layer 23: loading 4 expert(s)
[MoE] Layer 24: loading 4 expert(s)
[MoE] Layer 25: loading 6 expert(s)
[MoE] Layer 26: loading 3 expert(s)
[MoE] Layer 27: loading 4 expert(s)
[MoE] Layer 28: loading 3 expert(s)
[MoE] Layer 29: loading 6 expert(s)
[MoE] Layer 30: loading 5 expert(s)
[MoE] Layer 31: loading 1 expert(s)
[MoE] Layer 32: loading 2 expert(s)
[MoE] Layer 33: loading 3 expert(s)
[MoE] Layer 34: loading 4 expert(s)
[MoE] Layer 35: loading 4 expert(s)
[MoE] Layer 36: loading 4 expert(s)
[MoE] Layer 37: loading 4 expert(s)
[MoE] Layer 38: loading 5 expert(s)
[MoE] Layer 39: loading 5 expert(s)
[MoE] Layer 40: loading 5 expert(s)
[MoE] Layer 41: loading 7 expert(s)
[MoE] Layer 42: loading 6 expert(s)
[MoE] Layer 43: loading 6 expert(s)
[MoE] Layer 44: loading 4 expert(s)
[MoE] Layer 45: loading 5 expert(s)
[MoE] Layer 46: loading 6 expert(s)
[MoE] Layer 47: loading 5 expert(s)
[MoE] Layer 0: loading 7 expert(s)
[MoE] Layer 1: loading 7 expert(s)
[MoE] Layer 2: loading 6 expert(s)
[MoE] Layer 3: loading 5 expert(s)
[MoE] Layer 4: loading 5 expert(s)
[MoE] Layer 5: loading 4 expert(s)
[MoE] Layer 6: loading 3 expert(s)
[MoE] Layer 7: loading 2 expert(s)
[MoE] Layer 8: loading 5 expert(s)
[MoE] Layer 9: loading 6 expert(s)
[MoE] Layer 10: loading 4 expert(s)
[MoE] Layer 11: loading 5 expert(s)
[MoE] Layer 12: loading 5 expert(s)
[MoE] Layer 13: loading 6 expert(s)
[MoE] Layer 14: loading 4 expert(s)
[MoE] Layer 15: loading 2 expert(s)
[MoE] Layer 16: loading 3 expert(s)
[MoE] Layer 17: loading 4 expert(s)
[MoE] Layer 18: loading 6 expert(s)
[MoE] Layer 19: loading 4 expert(s)
[MoE] Layer 20: loading 3 expert(s)
[MoE] Layer 21: loading 6 expert(s)
[MoE] Layer 22: loading 3 expert(s)
[MoE] Layer 23: loading 4 expert(s)
[MoE] Layer 24: loading 2 expert(s)
[MoE] Layer 25: loading 3 expert(s)
[MoE] Layer 26: loading 5 expert(s)
[MoE] Layer 27: loading 2 expert(s)
[MoE] Layer 28: loading 3 expert(s)
[MoE] Layer 29: loading 4 expert(s)
[MoE] Layer 30: loading 4 expert(s)
[MoE] Layer 31: loading 3 expert(s)
[MoE] Layer 32: loading 2 expert(s)
[MoE] Layer 33: loading 3 expert(s)
[MoE] Layer 34: loading 4 expert(s)
[MoE] Layer 35: loading 5 expert(s)
[MoE] Layer 36: loading 3 expert(s)
[MoE] Layer 37: loading 4 expert(s)
[MoE] Layer 38: loading 4 expert(s)
[MoE] Layer 39: loading 5 expert(s)
[MoE] Layer 40: loading 2 expert(s)
[MoE] Layer 41: loading 7 expert(s)
[MoE] Layer 42: loading 4 expert(s)
[MoE] Layer 43: loading 4 expert(s)
[MoE] Layer 44: loading 8 expert(s)
[MoE] Layer 45: loading 4 expert(s)
[MoE] Layer 46: loading 5 expert(s)
[MoE] Layer 47: loading 4 expert(s)
[MoE] Layer 0: loading 4 expert(s)
[MoE] Layer 1: loading 6 expert(s)
[MoE] Layer 2: loading 1 expert(s)
[MoE] Layer 3: loading 3 expert(s)
[MoE] Layer 4: loading 1 expert(s)
[MoE] Layer 5: loading 1 expert(s)
[MoE] Layer 6: loading 3 expert(s)
[MoE] Layer 7: loading 1 expert(s)
[MoE] Layer 8: loading 1 expert(s)
[MoE] Layer 9: loading 1 expert(s)
[MoE] Layer 11: loading 2 expert(s)
[MoE] Layer 12: loading 3 expert(s)
[MoE] Layer 13: loading 3 expert(s)
[MoE] Layer 14: loading 2 expert(s)
[MoE] Layer 15: loading 2 expert(s)
[MoE] Layer 16: loading 2 expert(s)
[MoE] Layer 17: loading 4 expert(s)
[MoE] Layer 18: loading 2 expert(s)
[MoE] Layer 19: loading 2 expert(s)
[MoE] Layer 20: loading 1 expert(s)
[MoE] Layer 21: loading 2 expert(s)
[MoE] Layer 22: loading 2 expert(s)
[MoE] Layer 23: loading 3 expert(s)
[MoE] Layer 24: loading 2 expert(s)
[MoE] Layer 25: loading 2 expert(s)
[MoE] Layer 26: loading 3 expert(s)
[MoE] Layer 27: loading 2 expert(s)
[MoE] Layer 28: loading 1 expert(s)
[MoE] Layer 29: loading 1 expert(s)
[MoE] Layer 30: loading 3 expert(s)
[MoE] Layer 31: loading 1 expert(s)
[MoE] Layer 32: loading 3 expert(s)
[MoE] Layer 33: loading 2 expert(s)
[MoE] Layer 34: loading 2 expert(s)
[MoE] Layer 35: loading 2 expert(s)
[MoE] Layer 36: loading 1 expert(s)
[MoE] Layer 38: loading 2 expert(s)
[MoE] Layer 39: loading 5 expert(s)
[MoE] Layer 40: loading 2 expert(s)
[MoE] Layer 41: loading 2 expert(s)
[MoE] Layer 42: loading 2 expert(s)
[MoE] Layer 43: loading 3 expert(s)
[MoE] Layer 44: loading 2 expert(s)
[MoE] Layer 45: loading 1 expert(s)
[MoE] Layer 46: loading 3 expert(s)
[MoE] Layer 47: loading 3 expert(s)
[gen 80/99] elapsed=29.8s  TPS=2.688
[MoE] Layer 0: loading 6 expert(s)
[MoE] Layer 1: loading 3 expert(s)
[MoE] Layer 2: loading 2 expert(s)
[MoE] Layer 3: loading 6 expert(s)
[MoE] Layer 4: loading 5 expert(s)
[MoE] Layer 5: loading 1 expert(s)
[MoE] Layer 6: loading 1 expert(s)
[MoE] Layer 8: loading 3 expert(s)
[MoE] Layer 9: loading 3 expert(s)
[MoE] Layer 10: loading 4 expert(s)
[MoE] Layer 11: loading 5 expert(s)
[MoE] Layer 12: loading 2 expert(s)
[MoE] Layer 13: loading 5 expert(s)
[MoE] Layer 14: loading 1 expert(s)
[MoE] Layer 15: loading 2 expert(s)
[MoE] Layer 16: loading 4 expert(s)
[MoE] Layer 17: loading 2 expert(s)
[MoE] Layer 19: loading 3 expert(s)
[MoE] Layer 20: loading 4 expert(s)
[MoE] Layer 21: loading 1 expert(s)
[MoE] Layer 22: loading 3 expert(s)
[MoE] Layer 23: loading 6 expert(s)
[MoE] Layer 24: loading 4 expert(s)
[MoE] Layer 25: loading 5 expert(s)
[MoE] Layer 26: loading 3 expert(s)
[MoE] Layer 27: loading 5 expert(s)
[MoE] Layer 28: loading 3 expert(s)
[MoE] Layer 29: loading 1 expert(s)
[MoE] Layer 30: loading 3 expert(s)
[MoE] Layer 31: loading 3 expert(s)
[MoE] Layer 32: loading 2 expert(s)
[MoE] Layer 33: loading 1 expert(s)
[MoE] Layer 34: loading 5 expert(s)
[MoE] Layer 35: loading 2 expert(s)
[MoE] Layer 36: loading 5 expert(s)
[MoE] Layer 37: loading 3 expert(s)
[MoE] Layer 38: loading 1 expert(s)
[MoE] Layer 39: loading 2 expert(s)
[MoE] Layer 40: loading 3 expert(s)
[MoE] Layer 41: loading 4 expert(s)
[MoE] Layer 42: loading 3 expert(s)
[MoE] Layer 43: loading 5 expert(s)
[MoE] Layer 44: loading 4 expert(s)
[MoE] Layer 45: loading 3 expert(s)
[MoE] Layer 46: loading 2 expert(s)
[MoE] Layer 47: loading 5 expert(s)
[MoE] Layer 0: loading 8 expert(s)
[MoE] Layer 1: loading 5 expert(s)
[MoE] Layer 2: loading 7 expert(s)
[MoE] Layer 3: loading 6 expert(s)
[MoE] Layer 4: loading 3 expert(s)
[MoE] Layer 5: loading 3 expert(s)
[MoE] Layer 6: loading 2 expert(s)
[MoE] Layer 7: loading 4 expert(s)
[MoE] Layer 8: loading 3 expert(s)
[MoE] Layer 9: loading 3 expert(s)
[MoE] Layer 10: loading 1 expert(s)
[MoE] Layer 11: loading 5 expert(s)
[MoE] Layer 12: loading 5 expert(s)
[MoE] Layer 13: loading 3 expert(s)
[MoE] Layer 14: loading 1 expert(s)
[MoE] Layer 15: loading 3 expert(s)
[MoE] Layer 16: loading 2 expert(s)
[MoE] Layer 17: loading 3 expert(s)
[MoE] Layer 18: loading 3 expert(s)
[MoE] Layer 19: loading 3 expert(s)
[MoE] Layer 20: loading 3 expert(s)
[MoE] Layer 21: loading 2 expert(s)
[MoE] Layer 22: loading 2 expert(s)
[MoE] Layer 23: loading 6 expert(s)
[MoE] Layer 24: loading 3 expert(s)
[MoE] Layer 25: loading 3 expert(s)
[MoE] Layer 26: loading 2 expert(s)
[MoE] Layer 27: loading 1 expert(s)
[MoE] Layer 28: loading 1 expert(s)
[MoE] Layer 29: loading 1 expert(s)
[MoE] Layer 30: loading 1 expert(s)
[MoE] Layer 31: loading 1 expert(s)
[MoE] Layer 32: loading 1 expert(s)
[MoE] Layer 33: loading 2 expert(s)
[MoE] Layer 34: loading 2 expert(s)
[MoE] Layer 35: loading 4 expert(s)
[MoE] Layer 36: loading 5 expert(s)
[MoE] Layer 37: loading 4 expert(s)
[MoE] Layer 38: loading 4 expert(s)
[MoE] Layer 39: loading 5 expert(s)
[MoE] Layer 40: loading 2 expert(s)
[MoE] Layer 41: loading 5 expert(s)
[MoE] Layer 42: loading 4 expert(s)
[MoE] Layer 44: loading 1 expert(s)
[MoE] Layer 45: loading 2 expert(s)
[MoE] Layer 46: loading 4 expert(s)
[MoE] Layer 47: loading 5 expert(s)
[MoE] Layer 0: loading 7 expert(s)
[MoE] Layer 1: loading 6 expert(s)
[MoE] Layer 2: loading 5 expert(s)
[MoE] Layer 3: loading 6 expert(s)
[MoE] Layer 4: loading 3 expert(s)
[MoE] Layer 5: loading 3 expert(s)
[MoE] Layer 6: loading 1 expert(s)
[MoE] Layer 7: loading 2 expert(s)
[MoE] Layer 8: loading 2 expert(s)
[MoE] Layer 9: loading 5 expert(s)
[MoE] Layer 10: loading 1 expert(s)
[MoE] Layer 11: loading 3 expert(s)
[MoE] Layer 13: loading 3 expert(s)
[MoE] Layer 14: loading 2 expert(s)
[MoE] Layer 15: loading 2 expert(s)
[MoE] Layer 16: loading 2 expert(s)
[MoE] Layer 17: loading 2 expert(s)
[MoE] Layer 19: loading 1 expert(s)
[MoE] Layer 20: loading 4 expert(s)
[MoE] Layer 21: loading 2 expert(s)
[MoE] Layer 22: loading 2 expert(s)
[MoE] Layer 23: loading 4 expert(s)
[MoE] Layer 24: loading 5 expert(s)
[MoE] Layer 25: loading 3 expert(s)
[MoE] Layer 26: loading 2 expert(s)
[MoE] Layer 27: loading 2 expert(s)
[MoE] Layer 28: loading 3 expert(s)
[MoE] Layer 29: loading 3 expert(s)
[MoE] Layer 30: loading 1 expert(s)
[MoE] Layer 31: loading 1 expert(s)
[MoE] Layer 32: loading 1 expert(s)
[MoE] Layer 33: loading 1 expert(s)
[MoE] Layer 34: loading 1 expert(s)
[MoE] Layer 35: loading 4 expert(s)
[MoE] Layer 36: loading 3 expert(s)
[MoE] Layer 37: loading 2 expert(s)
[MoE] Layer 39: loading 1 expert(s)
[MoE] Layer 40: loading 2 expert(s)
[MoE] Layer 41: loading 1 expert(s)
[MoE] Layer 42: loading 3 expert(s)
[MoE] Layer 43: loading 2 expert(s)
[MoE] Layer 44: loading 2 expert(s)
[MoE] Layer 45: loading 2 expert(s)
[MoE] Layer 47: loading 4 expert(s)
[MoE] Layer 0: loading 8 expert(s)
[MoE] Layer 1: loading 5 expert(s)
[MoE] Layer 2: loading 4 expert(s)
[MoE] Layer 3: loading 4 expert(s)
[MoE] Layer 4: loading 3 expert(s)
[MoE] Layer 5: loading 3 expert(s)
[MoE] Layer 6: loading 1 expert(s)
[MoE] Layer 7: loading 2 expert(s)
[MoE] Layer 8: loading 3 expert(s)
[MoE] Layer 9: loading 2 expert(s)
[MoE] Layer 11: loading 5 expert(s)
[MoE] Layer 12: loading 3 expert(s)
[MoE] Layer 13: loading 4 expert(s)
[MoE] Layer 14: loading 3 expert(s)
[MoE] Layer 15: loading 2 expert(s)
[MoE] Layer 16: loading 4 expert(s)
[MoE] Layer 17: loading 4 expert(s)
[MoE] Layer 19: loading 1 expert(s)
[MoE] Layer 20: loading 2 expert(s)
[MoE] Layer 21: loading 1 expert(s)
[MoE] Layer 22: loading 3 expert(s)
[MoE] Layer 23: loading 3 expert(s)
[MoE] Layer 24: loading 1 expert(s)
[MoE] Layer 25: loading 4 expert(s)
[MoE] Layer 26: loading 2 expert(s)
[MoE] Layer 27: loading 3 expert(s)
[MoE] Layer 28: loading 4 expert(s)
[MoE] Layer 29: loading 2 expert(s)
[MoE] Layer 31: loading 2 expert(s)
[MoE] Layer 32: loading 3 expert(s)
[MoE] Layer 33: loading 2 expert(s)
[MoE] Layer 34: loading 2 expert(s)
[MoE] Layer 35: loading 2 expert(s)
[MoE] Layer 36: loading 2 expert(s)
[MoE] Layer 37: loading 3 expert(s)
[MoE] Layer 38: loading 1 expert(s)
[MoE] Layer 39: loading 3 expert(s)
[MoE] Layer 40: loading 1 expert(s)
[MoE] Layer 41: loading 3 expert(s)
[MoE] Layer 42: loading 4 expert(s)
[MoE] Layer 43: loading 3 expert(s)
[MoE] Layer 44: loading 2 expert(s)
[MoE] Layer 45: loading 1 expert(s)
[MoE] Layer 46: loading 3 expert(s)
[MoE] Layer 47: loading 2 expert(s)
[MoE] Layer 0: loading 5 expert(s)
[MoE] Layer 1: loading 6 expert(s)
[MoE] Layer 2: loading 3 expert(s)
[MoE] Layer 3: loading 4 expert(s)
[MoE] Layer 4: loading 3 expert(s)
[MoE] Layer 5: loading 4 expert(s)
[MoE] Layer 6: loading 1 expert(s)
[MoE] Layer 7: loading 1 expert(s)
[MoE] Layer 8: loading 2 expert(s)
[MoE] Layer 9: loading 2 expert(s)
[MoE] Layer 10: loading 3 expert(s)
[MoE] Layer 11: loading 4 expert(s)
[MoE] Layer 12: loading 2 expert(s)
[MoE] Layer 13: loading 4 expert(s)
[MoE] Layer 14: loading 2 expert(s)
[MoE] Layer 15: loading 1 expert(s)
[MoE] Layer 16: loading 1 expert(s)
[MoE] Layer 17: loading 1 expert(s)
[MoE] Layer 19: loading 1 expert(s)
[MoE] Layer 20: loading 2 expert(s)
[MoE] Layer 21: loading 1 expert(s)
[MoE] Layer 22: loading 2 expert(s)
[MoE] Layer 23: loading 2 expert(s)
[MoE] Layer 24: loading 3 expert(s)
[MoE] Layer 25: loading 2 expert(s)
[MoE] Layer 26: loading 3 expert(s)
[MoE] Layer 27: loading 1 expert(s)
[MoE] Layer 28: loading 3 expert(s)
[MoE] Layer 29: loading 4 expert(s)
[MoE] Layer 30: loading 4 expert(s)
[MoE] Layer 31: loading 4 expert(s)
[MoE] Layer 32: loading 4 expert(s)
[MoE] Layer 33: loading 2 expert(s)
[MoE] Layer 34: loading 3 expert(s)
[MoE] Layer 35: loading 2 expert(s)
[MoE] Layer 36: loading 6 expert(s)
[MoE] Layer 37: loading 3 expert(s)
[MoE] Layer 38: loading 3 expert(s)
[MoE] Layer 39: loading 3 expert(s)
[MoE] Layer 40: loading 4 expert(s)
[MoE] Layer 41: loading 4 expert(s)
[MoE] Layer 42: loading 3 expert(s)
[MoE] Layer 43: loading 5 expert(s)
[MoE] Layer 44: loading 6 expert(s)
[MoE] Layer 45: loading 4 expert(s)
[MoE] Layer 46: loading 6 expert(s)
[MoE] Layer 47: loading 4 expert(s)
[gen 85/99] elapsed=31.6s  TPS=2.692
[MoE] Layer 0: loading 8 expert(s)
[MoE] Layer 1: loading 5 expert(s)
[MoE] Layer 2: loading 5 expert(s)
[MoE] Layer 3: loading 5 expert(s)
[MoE] Layer 4: loading 3 expert(s)
[MoE] Layer 5: loading 4 expert(s)
[MoE] Layer 6: loading 2 expert(s)
[MoE] Layer 7: loading 2 expert(s)
[MoE] Layer 8: loading 2 expert(s)
[MoE] Layer 9: loading 2 expert(s)
[MoE] Layer 10: loading 4 expert(s)
[MoE] Layer 11: loading 5 expert(s)
[MoE] Layer 12: loading 2 expert(s)
[MoE] Layer 13: loading 3 expert(s)
[MoE] Layer 14: loading 4 expert(s)
[MoE] Layer 15: loading 5 expert(s)
[MoE] Layer 16: loading 2 expert(s)
[MoE] Layer 17: loading 2 expert(s)
[MoE] Layer 18: loading 3 expert(s)
[MoE] Layer 19: loading 1 expert(s)
[MoE] Layer 20: loading 2 expert(s)
[MoE] Layer 21: loading 3 expert(s)
[MoE] Layer 22: loading 3 expert(s)
[MoE] Layer 23: loading 4 expert(s)
[MoE] Layer 24: loading 5 expert(s)
[MoE] Layer 25: loading 5 expert(s)
[MoE] Layer 26: loading 1 expert(s)
[MoE] Layer 27: loading 2 expert(s)
[MoE] Layer 28: loading 2 expert(s)
[MoE] Layer 29: loading 2 expert(s)
[MoE] Layer 30: loading 4 expert(s)
[MoE] Layer 31: loading 2 expert(s)
[MoE] Layer 32: loading 1 expert(s)
[MoE] Layer 33: loading 3 expert(s)
[MoE] Layer 34: loading 5 expert(s)
[MoE] Layer 35: loading 3 expert(s)
[MoE] Layer 36: loading 4 expert(s)
[MoE] Layer 37: loading 4 expert(s)
[MoE] Layer 38: loading 3 expert(s)
[MoE] Layer 39: loading 1 expert(s)
[MoE] Layer 40: loading 1 expert(s)
[MoE] Layer 41: loading 4 expert(s)
[MoE] Layer 43: loading 4 expert(s)
[MoE] Layer 44: loading 4 expert(s)
[MoE] Layer 45: loading 1 expert(s)
[MoE] Layer 46: loading 3 expert(s)
[MoE] Layer 47: loading 3 expert(s)
[MoE] Layer 0: loading 6 expert(s)
[MoE] Layer 1: loading 5 expert(s)
[MoE] Layer 2: loading 3 expert(s)
[MoE] Layer 3: loading 2 expert(s)
[MoE] Layer 4: loading 1 expert(s)
[MoE] Layer 5: loading 1 expert(s)
[MoE] Layer 6: loading 4 expert(s)
[MoE] Layer 7: loading 1 expert(s)
[MoE] Layer 8: loading 2 expert(s)
[MoE] Layer 9: loading 1 expert(s)
[MoE] Layer 10: loading 2 expert(s)
[MoE] Layer 11: loading 2 expert(s)
[MoE] Layer 12: loading 2 expert(s)
[MoE] Layer 13: loading 4 expert(s)
[MoE] Layer 14: loading 2 expert(s)
[MoE] Layer 15: loading 2 expert(s)
[MoE] Layer 16: loading 3 expert(s)
[MoE] Layer 17: loading 1 expert(s)
[MoE] Layer 18: loading 2 expert(s)
[MoE] Layer 19: loading 1 expert(s)
[MoE] Layer 20: loading 1 expert(s)
[MoE] Layer 21: loading 2 expert(s)
[MoE] Layer 22: loading 1 expert(s)
[MoE] Layer 23: loading 1 expert(s)
[MoE] Layer 24: loading 3 expert(s)
[MoE] Layer 25: loading 1 expert(s)
[MoE] Layer 26: loading 1 expert(s)
[MoE] Layer 27: loading 2 expert(s)
[MoE] Layer 28: loading 2 expert(s)
[MoE] Layer 29: loading 2 expert(s)
[MoE] Layer 34: loading 1 expert(s)
[MoE] Layer 35: loading 1 expert(s)
[MoE] Layer 36: loading 1 expert(s)
[MoE] Layer 37: loading 1 expert(s)
[MoE] Layer 38: loading 1 expert(s)
[MoE] Layer 39: loading 1 expert(s)
[MoE] Layer 40: loading 1 expert(s)
[MoE] Layer 41: loading 1 expert(s)
[MoE] Layer 42: loading 2 expert(s)
[MoE] Layer 43: loading 1 expert(s)
[MoE] Layer 44: loading 2 expert(s)
[MoE] Layer 46: loading 2 expert(s)
[MoE] Layer 47: loading 1 expert(s)
[MoE] Layer 0: loading 4 expert(s)
[MoE] Layer 1: loading 3 expert(s)
[MoE] Layer 2: loading 4 expert(s)
[MoE] Layer 3: loading 6 expert(s)
[MoE] Layer 4: loading 5 expert(s)
[MoE] Layer 5: loading 3 expert(s)
[MoE] Layer 6: loading 4 expert(s)
[MoE] Layer 7: loading 1 expert(s)
[MoE] Layer 8: loading 2 expert(s)
[MoE] Layer 9: loading 2 expert(s)
[MoE] Layer 10: loading 4 expert(s)
[MoE] Layer 11: loading 5 expert(s)
[MoE] Layer 12: loading 4 expert(s)
[MoE] Layer 13: loading 2 expert(s)
[MoE] Layer 14: loading 3 expert(s)
[MoE] Layer 15: loading 2 expert(s)
[MoE] Layer 16: loading 2 expert(s)
[MoE] Layer 17: loading 2 expert(s)
[MoE] Layer 18: loading 1 expert(s)
[MoE] Layer 19: loading 1 expert(s)
[MoE] Layer 20: loading 3 expert(s)
[MoE] Layer 21: loading 1 expert(s)
[MoE] Layer 22: loading 4 expert(s)
[MoE] Layer 23: loading 3 expert(s)
[MoE] Layer 24: loading 3 expert(s)
[MoE] Layer 25: loading 4 expert(s)
[MoE] Layer 26: loading 3 expert(s)
[MoE] Layer 27: loading 2 expert(s)
[MoE] Layer 28: loading 1 expert(s)
[MoE] Layer 29: loading 4 expert(s)
[MoE] Layer 30: loading 2 expert(s)
[MoE] Layer 31: loading 1 expert(s)
[MoE] Layer 32: loading 1 expert(s)
[MoE] Layer 33: loading 3 expert(s)
[MoE] Layer 34: loading 4 expert(s)
[MoE] Layer 35: loading 3 expert(s)
[MoE] Layer 36: loading 3 expert(s)
[MoE] Layer 37: loading 3 expert(s)
[MoE] Layer 38: loading 3 expert(s)
[MoE] Layer 39: loading 3 expert(s)
[MoE] Layer 40: loading 2 expert(s)
[MoE] Layer 41: loading 1 expert(s)
[MoE] Layer 42: loading 3 expert(s)
[MoE] Layer 43: loading 3 expert(s)
[MoE] Layer 44: loading 2 expert(s)
[MoE] Layer 45: loading 3 expert(s)
[MoE] Layer 46: loading 3 expert(s)
[MoE] Layer 47: loading 4 expert(s)
[MoE] Layer 0: loading 5 expert(s)
[MoE] Layer 1: loading 6 expert(s)
[MoE] Layer 2: loading 7 expert(s)
[MoE] Layer 3: loading 2 expert(s)
[MoE] Layer 4: loading 3 expert(s)
[MoE] Layer 5: loading 2 expert(s)
[MoE] Layer 6: loading 3 expert(s)
[MoE] Layer 7: loading 1 expert(s)
[MoE] Layer 8: loading 2 expert(s)
[MoE] Layer 9: loading 2 expert(s)
[MoE] Layer 10: loading 3 expert(s)
[MoE] Layer 11: loading 2 expert(s)
[MoE] Layer 12: loading 1 expert(s)
[MoE] Layer 13: loading 2 expert(s)
[MoE] Layer 14: loading 2 expert(s)
[MoE] Layer 16: loading 3 expert(s)
[MoE] Layer 17: loading 3 expert(s)
[MoE] Layer 18: loading 1 expert(s)
[MoE] Layer 19: loading 2 expert(s)
[MoE] Layer 20: loading 2 expert(s)
[MoE] Layer 21: loading 1 expert(s)
[MoE] Layer 22: loading 2 expert(s)
[MoE] Layer 23: loading 3 expert(s)
[MoE] Layer 24: loading 2 expert(s)
[MoE] Layer 25: loading 3 expert(s)
[MoE] Layer 26: loading 3 expert(s)
[MoE] Layer 27: loading 3 expert(s)
[MoE] Layer 28: loading 2 expert(s)
[MoE] Layer 29: loading 1 expert(s)
[MoE] Layer 30: loading 2 expert(s)
[MoE] Layer 31: loading 2 expert(s)
[MoE] Layer 32: loading 2 expert(s)
[MoE] Layer 33: loading 1 expert(s)
[MoE] Layer 34: loading 3 expert(s)
[MoE] Layer 35: loading 1 expert(s)
[MoE] Layer 36: loading 3 expert(s)
[MoE] Layer 37: loading 5 expert(s)
[MoE] Layer 38: loading 2 expert(s)
[MoE] Layer 39: loading 1 expert(s)
[MoE] Layer 40: loading 2 expert(s)
[MoE] Layer 41: loading 2 expert(s)
[MoE] Layer 42: loading 1 expert(s)
[MoE] Layer 43: loading 1 expert(s)
[MoE] Layer 44: loading 2 expert(s)
[MoE] Layer 45: loading 1 expert(s)
[MoE] Layer 46: loading 1 expert(s)
[MoE] Layer 47: loading 1 expert(s)
[MoE] Layer 0: loading 2 expert(s)
[MoE] Layer 1: loading 1 expert(s)
[MoE] Layer 2: loading 3 expert(s)
[MoE] Layer 3: loading 1 expert(s)
[MoE] Layer 5: loading 3 expert(s)
[MoE] Layer 6: loading 1 expert(s)
[MoE] Layer 7: loading 1 expert(s)
[MoE] Layer 8: loading 2 expert(s)
[MoE] Layer 9: loading 1 expert(s)
[MoE] Layer 10: loading 3 expert(s)
[MoE] Layer 11: loading 1 expert(s)
[MoE] Layer 12: loading 1 expert(s)
[MoE] Layer 14: loading 1 expert(s)
[MoE] Layer 16: loading 2 expert(s)
[MoE] Layer 17: loading 3 expert(s)
[MoE] Layer 18: loading 2 expert(s)
[MoE] Layer 19: loading 2 expert(s)
[MoE] Layer 20: loading 2 expert(s)
[MoE] Layer 21: loading 2 expert(s)
[MoE] Layer 22: loading 3 expert(s)
[MoE] Layer 23: loading 2 expert(s)
[MoE] Layer 24: loading 3 expert(s)
[MoE] Layer 25: loading 2 expert(s)
[MoE] Layer 26: loading 2 expert(s)
[MoE] Layer 27: loading 1 expert(s)
[MoE] Layer 28: loading 4 expert(s)
[MoE] Layer 29: loading 1 expert(s)
[MoE] Layer 31: loading 1 expert(s)
[MoE] Layer 32: loading 2 expert(s)
[MoE] Layer 33: loading 2 expert(s)
[MoE] Layer 34: loading 1 expert(s)
[MoE] Layer 35: loading 1 expert(s)
[MoE] Layer 36: loading 2 expert(s)
[MoE] Layer 37: loading 4 expert(s)
[MoE] Layer 38: loading 3 expert(s)
[MoE] Layer 39: loading 1 expert(s)
[MoE] Layer 40: loading 2 expert(s)
[MoE] Layer 41: loading 2 expert(s)
[MoE] Layer 42: loading 2 expert(s)
[MoE] Layer 43: loading 3 expert(s)
[MoE] Layer 44: loading 3 expert(s)
[MoE] Layer 45: loading 2 expert(s)
[MoE] Layer 47: loading 3 expert(s)
[gen 90/99] elapsed=33.2s  TPS=2.712
[MoE] Layer 0: loading 5 expert(s)
[MoE] Layer 1: loading 6 expert(s)
[MoE] Layer 2: loading 4 expert(s)
[MoE] Layer 3: loading 2 expert(s)
[MoE] Layer 4: loading 2 expert(s)
[MoE] Layer 5: loading 3 expert(s)
[MoE] Layer 7: loading 2 expert(s)
[MoE] Layer 8: loading 1 expert(s)
[MoE] Layer 9: loading 1 expert(s)
[MoE] Layer 10: loading 2 expert(s)
[MoE] Layer 11: loading 3 expert(s)
[MoE] Layer 12: loading 2 expert(s)
[MoE] Layer 13: loading 3 expert(s)
[MoE] Layer 14: loading 3 expert(s)
[MoE] Layer 15: loading 3 expert(s)
[MoE] Layer 16: loading 1 expert(s)
[MoE] Layer 17: loading 3 expert(s)
[MoE] Layer 18: loading 3 expert(s)
[MoE] Layer 20: loading 1 expert(s)
[MoE] Layer 21: loading 2 expert(s)
[MoE] Layer 22: loading 2 expert(s)
[MoE] Layer 23: loading 2 expert(s)
[MoE] Layer 24: loading 2 expert(s)
[MoE] Layer 25: loading 3 expert(s)
[MoE] Layer 26: loading 1 expert(s)
[MoE] Layer 27: loading 3 expert(s)
[MoE] Layer 28: loading 2 expert(s)
[MoE] Layer 29: loading 1 expert(s)
[MoE] Layer 33: loading 2 expert(s)
[MoE] Layer 34: loading 1 expert(s)
[MoE] Layer 35: loading 2 expert(s)
[MoE] Layer 36: loading 1 expert(s)
[MoE] Layer 37: loading 2 expert(s)
[MoE] Layer 38: loading 2 expert(s)
[MoE] Layer 39: loading 1 expert(s)
[MoE] Layer 40: loading 3 expert(s)
[MoE] Layer 41: loading 1 expert(s)
[MoE] Layer 42: loading 4 expert(s)
[MoE] Layer 43: loading 1 expert(s)
[MoE] Layer 44: loading 1 expert(s)
[MoE] Layer 45: loading 1 expert(s)
[MoE] Layer 46: loading 1 expert(s)
[MoE] Layer 47: loading 2 expert(s)
[MoE] Layer 0: loading 6 expert(s)
[MoE] Layer 1: loading 4 expert(s)
[MoE] Layer 2: loading 3 expert(s)
[MoE] Layer 3: loading 3 expert(s)
[MoE] Layer 4: loading 3 expert(s)
[MoE] Layer 5: loading 2 expert(s)
[MoE] Layer 6: loading 3 expert(s)
[MoE] Layer 7: loading 2 expert(s)
[MoE] Layer 8: loading 2 expert(s)
[MoE] Layer 9: loading 1 expert(s)
[MoE] Layer 11: loading 1 expert(s)
[MoE] Layer 12: loading 1 expert(s)
[MoE] Layer 13: loading 3 expert(s)
[MoE] Layer 14: loading 2 expert(s)
[MoE] Layer 15: loading 1 expert(s)
[MoE] Layer 16: loading 1 expert(s)
[MoE] Layer 17: loading 2 expert(s)
[MoE] Layer 18: loading 1 expert(s)
[MoE] Layer 19: loading 1 expert(s)
[MoE] Layer 20: loading 1 expert(s)
[MoE] Layer 21: loading 2 expert(s)
[MoE] Layer 22: loading 2 expert(s)
[MoE] Layer 23: loading 3 expert(s)
[MoE] Layer 24: loading 2 expert(s)
[MoE] Layer 25: loading 4 expert(s)
[MoE] Layer 26: loading 3 expert(s)
[MoE] Layer 27: loading 2 expert(s)
[MoE] Layer 28: loading 1 expert(s)
[MoE] Layer 29: loading 2 expert(s)
[MoE] Layer 31: loading 1 expert(s)
[MoE] Layer 32: loading 2 expert(s)
[MoE] Layer 34: loading 3 expert(s)
[MoE] Layer 35: loading 1 expert(s)
[MoE] Layer 36: loading 1 expert(s)
[MoE] Layer 37: loading 1 expert(s)
[MoE] Layer 38: loading 2 expert(s)
[MoE] Layer 39: loading 2 expert(s)
[MoE] Layer 40: loading 3 expert(s)
[MoE] Layer 42: loading 1 expert(s)
[MoE] Layer 43: loading 1 expert(s)
[MoE] Layer 0: loading 5 expert(s)
[MoE] Layer 1: loading 2 expert(s)
[MoE] Layer 2: loading 4 expert(s)
[MoE] Layer 3: loading 5 expert(s)
[MoE] Layer 4: loading 6 expert(s)
[MoE] Layer 5: loading 2 expert(s)
[MoE] Layer 7: loading 1 expert(s)
[MoE] Layer 8: loading 1 expert(s)
[MoE] Layer 9: loading 1 expert(s)
[MoE] Layer 10: loading 1 expert(s)
[MoE] Layer 11: loading 1 expert(s)
[MoE] Layer 13: loading 4 expert(s)
[MoE] Layer 14: loading 2 expert(s)
[MoE] Layer 15: loading 2 expert(s)
[MoE] Layer 16: loading 4 expert(s)
[MoE] Layer 17: loading 3 expert(s)
[MoE] Layer 18: loading 1 expert(s)
[MoE] Layer 22: loading 2 expert(s)
[MoE] Layer 23: loading 1 expert(s)
[MoE] Layer 24: loading 4 expert(s)
[MoE] Layer 25: loading 3 expert(s)
[MoE] Layer 26: loading 3 expert(s)
[MoE] Layer 27: loading 2 expert(s)
[MoE] Layer 28: loading 2 expert(s)
[MoE] Layer 29: loading 4 expert(s)
[MoE] Layer 30: loading 2 expert(s)
[MoE] Layer 31: loading 1 expert(s)
[MoE] Layer 32: loading 1 expert(s)
[MoE] Layer 34: loading 2 expert(s)
[MoE] Layer 35: loading 3 expert(s)
[MoE] Layer 36: loading 2 expert(s)
[MoE] Layer 37: loading 4 expert(s)
[MoE] Layer 38: loading 4 expert(s)
[MoE] Layer 39: loading 3 expert(s)
[MoE] Layer 40: loading 3 expert(s)
[MoE] Layer 41: loading 3 expert(s)
[MoE] Layer 42: loading 5 expert(s)
[MoE] Layer 43: loading 4 expert(s)
[MoE] Layer 44: loading 4 expert(s)
[MoE] Layer 45: loading 4 expert(s)
[MoE] Layer 46: loading 4 expert(s)
[MoE] Layer 47: loading 6 expert(s)
[MoE] Layer 0: loading 8 expert(s)
[MoE] Layer 1: loading 8 expert(s)
[MoE] Layer 2: loading 7 expert(s)
[MoE] Layer 3: loading 5 expert(s)
[MoE] Layer 4: loading 6 expert(s)
[MoE] Layer 5: loading 5 expert(s)
[MoE] Layer 6: loading 2 expert(s)
[MoE] Layer 7: loading 2 expert(s)
[MoE] Layer 8: loading 1 expert(s)
[MoE] Layer 9: loading 2 expert(s)
[MoE] Layer 10: loading 1 expert(s)
[MoE] Layer 11: loading 4 expert(s)
[MoE] Layer 12: loading 5 expert(s)
[MoE] Layer 13: loading 3 expert(s)
[MoE] Layer 14: loading 3 expert(s)
[MoE] Layer 15: loading 2 expert(s)
[MoE] Layer 16: loading 3 expert(s)
[MoE] Layer 17: loading 3 expert(s)
[MoE] Layer 18: loading 4 expert(s)
[MoE] Layer 19: loading 3 expert(s)
[MoE] Layer 20: loading 1 expert(s)
[MoE] Layer 21: loading 3 expert(s)
[MoE] Layer 22: loading 7 expert(s)
[MoE] Layer 23: loading 4 expert(s)
[MoE] Layer 24: loading 6 expert(s)
[MoE] Layer 25: loading 6 expert(s)
[MoE] Layer 26: loading 4 expert(s)
[MoE] Layer 27: loading 4 expert(s)
[MoE] Layer 28: loading 5 expert(s)
[MoE] Layer 29: loading 5 expert(s)
[MoE] Layer 30: loading 4 expert(s)
[MoE] Layer 31: loading 4 expert(s)
[MoE] Layer 32: loading 4 expert(s)
[MoE] Layer 33: loading 5 expert(s)
[MoE] Layer 34: loading 4 expert(s)
[MoE] Layer 35: loading 4 expert(s)
[MoE] Layer 36: loading 6 expert(s)
[MoE] Layer 37: loading 7 expert(s)
[MoE] Layer 38: loading 6 expert(s)
[MoE] Layer 39: loading 7 expert(s)
[MoE] Layer 40: loading 6 expert(s)
[MoE] Layer 41: loading 7 expert(s)
[MoE] Layer 42: loading 7 expert(s)
[MoE] Layer 43: loading 6 expert(s)
[MoE] Layer 44: loading 7 expert(s)
[MoE] Layer 45: loading 6 expert(s)
[MoE] Layer 46: loading 8 expert(s)
[MoE] Layer 47: loading 6 expert(s)
[MoE] Layer 0: loading 5 expert(s)
[MoE] Layer 1: loading 5 expert(s)
[MoE] Layer 2: loading 4 expert(s)
[MoE] Layer 3: loading 5 expert(s)
[MoE] Layer 4: loading 5 expert(s)
[MoE] Layer 5: loading 4 expert(s)
[MoE] Layer 6: loading 2 expert(s)
[MoE] Layer 7: loading 2 expert(s)
[MoE] Layer 8: loading 3 expert(s)
[MoE] Layer 9: loading 2 expert(s)
[MoE] Layer 10: loading 2 expert(s)
[MoE] Layer 11: loading 1 expert(s)
[MoE] Layer 12: loading 2 expert(s)
[MoE] Layer 13: loading 5 expert(s)
[MoE] Layer 14: loading 5 expert(s)
[MoE] Layer 15: loading 3 expert(s)
[MoE] Layer 16: loading 3 expert(s)
[MoE] Layer 17: loading 3 expert(s)
[MoE] Layer 18: loading 3 expert(s)
[MoE] Layer 19: loading 2 expert(s)
[MoE] Layer 20: loading 1 expert(s)
[MoE] Layer 22: loading 2 expert(s)
[MoE] Layer 23: loading 2 expert(s)
[MoE] Layer 24: loading 1 expert(s)
[MoE] Layer 25: loading 3 expert(s)
[MoE] Layer 26: loading 2 expert(s)
[MoE] Layer 27: loading 4 expert(s)
[MoE] Layer 28: loading 4 expert(s)
[MoE] Layer 29: loading 5 expert(s)
[MoE] Layer 30: loading 1 expert(s)
[MoE] Layer 31: loading 2 expert(s)
[MoE] Layer 32: loading 2 expert(s)
[MoE] Layer 33: loading 1 expert(s)
[MoE] Layer 34: loading 4 expert(s)
[MoE] Layer 36: loading 3 expert(s)
[MoE] Layer 37: loading 3 expert(s)
[MoE] Layer 38: loading 4 expert(s)
[MoE] Layer 39: loading 3 expert(s)
[MoE] Layer 40: loading 4 expert(s)
[MoE] Layer 41: loading 2 expert(s)
[MoE] Layer 42: loading 4 expert(s)
[MoE] Layer 43: loading 1 expert(s)
[MoE] Layer 44: loading 3 expert(s)
[MoE] Layer 45: loading 4 expert(s)
[MoE] Layer 46: loading 4 expert(s)
[MoE] Layer 47: loading 5 expert(s)
[gen 95/99] elapsed=35.0s  TPS=2.717
[MoE] Layer 0: loading 7 expert(s)
[MoE] Layer 1: loading 7 expert(s)
[MoE] Layer 2: loading 3 expert(s)
[MoE] Layer 3: loading 5 expert(s)
[MoE] Layer 4: loading 4 expert(s)
[MoE] Layer 5: loading 5 expert(s)
[MoE] Layer 6: loading 3 expert(s)
[MoE] Layer 7: loading 3 expert(s)
[MoE] Layer 8: loading 6 expert(s)
[MoE] Layer 9: loading 5 expert(s)
[MoE] Layer 10: loading 4 expert(s)
[MoE] Layer 11: loading 4 expert(s)
[MoE] Layer 12: loading 4 expert(s)
[MoE] Layer 13: loading 4 expert(s)
[MoE] Layer 14: loading 7 expert(s)
[MoE] Layer 15: loading 5 expert(s)
[MoE] Layer 16: loading 4 expert(s)
[MoE] Layer 17: loading 2 expert(s)
[MoE] Layer 18: loading 2 expert(s)
[MoE] Layer 19: loading 5 expert(s)
[MoE] Layer 20: loading 6 expert(s)
[MoE] Layer 21: loading 4 expert(s)
[MoE] Layer 22: loading 6 expert(s)
[MoE] Layer 23: loading 3 expert(s)
[MoE] Layer 24: loading 4 expert(s)
[MoE] Layer 25: loading 2 expert(s)
[MoE] Layer 26: loading 4 expert(s)
[MoE] Layer 27: loading 1 expert(s)
[MoE] Layer 28: loading 3 expert(s)
[MoE] Layer 29: loading 4 expert(s)
[MoE] Layer 30: loading 2 expert(s)
[MoE] Layer 31: loading 3 expert(s)
[MoE] Layer 32: loading 6 expert(s)
[MoE] Layer 33: loading 3 expert(s)
[MoE] Layer 34: loading 5 expert(s)
[MoE] Layer 35: loading 4 expert(s)
[MoE] Layer 36: loading 4 expert(s)
[MoE] Layer 37: loading 3 expert(s)
[MoE] Layer 38: loading 2 expert(s)
[MoE] Layer 39: loading 2 expert(s)
[MoE] Layer 40: loading 3 expert(s)
[MoE] Layer 41: loading 3 expert(s)
[MoE] Layer 42: loading 4 expert(s)
[MoE] Layer 43: loading 1 expert(s)
[MoE] Layer 44: loading 2 expert(s)
[MoE] Layer 45: loading 5 expert(s)
[MoE] Layer 46: loading 3 expert(s)
[MoE] Layer 47: loading 6 expert(s)
[MoE] Layer 0: loading 5 expert(s)
[MoE] Layer 1: loading 4 expert(s)
[MoE] Layer 2: loading 2 expert(s)
[MoE] Layer 3: loading 5 expert(s)
[MoE] Layer 4: loading 2 expert(s)
[MoE] Layer 5: loading 3 expert(s)
[MoE] Layer 7: loading 1 expert(s)
[MoE] Layer 8: loading 3 expert(s)
[MoE] Layer 9: loading 3 expert(s)
[MoE] Layer 10: loading 4 expert(s)
[MoE] Layer 11: loading 5 expert(s)
[MoE] Layer 12: loading 3 expert(s)
[MoE] Layer 13: loading 3 expert(s)
[MoE] Layer 14: loading 2 expert(s)
[MoE] Layer 15: loading 4 expert(s)
[MoE] Layer 16: loading 2 expert(s)
[MoE] Layer 17: loading 1 expert(s)
[MoE] Layer 18: loading 1 expert(s)
[MoE] Layer 19: loading 2 expert(s)
[MoE] Layer 20: loading 2 expert(s)
[MoE] Layer 21: loading 2 expert(s)
[MoE] Layer 22: loading 3 expert(s)
[MoE] Layer 23: loading 2 expert(s)
[MoE] Layer 24: loading 1 expert(s)
[MoE] Layer 25: loading 2 expert(s)
[MoE] Layer 26: loading 2 expert(s)
[MoE] Layer 27: loading 2 expert(s)
[MoE] Layer 28: loading 2 expert(s)
[MoE] Layer 29: loading 1 expert(s)
[MoE] Layer 30: loading 1 expert(s)
[MoE] Layer 31: loading 2 expert(s)
[MoE] Layer 32: loading 1 expert(s)
[MoE] Layer 33: loading 3 expert(s)
[MoE] Layer 34: loading 3 expert(s)
[MoE] Layer 35: loading 3 expert(s)
[MoE] Layer 36: loading 3 expert(s)
[MoE] Layer 37: loading 4 expert(s)
[MoE] Layer 38: loading 2 expert(s)
[MoE] Layer 39: loading 3 expert(s)
[MoE] Layer 40: loading 2 expert(s)
[MoE] Layer 41: loading 2 expert(s)
[MoE] Layer 42: loading 4 expert(s)
[MoE] Layer 43: loading 2 expert(s)
[MoE] Layer 44: loading 1 expert(s)
[MoE] Layer 45: loading 4 expert(s)
[MoE] Layer 46: loading 5 expert(s)
[MoE] Layer 47: loading 4 expert(s)
[MoE] Layer 0: loading 4 expert(s)
[MoE] Layer 1: loading 2 expert(s)
[MoE] Layer 2: loading 3 expert(s)
[MoE] Layer 3: loading 2 expert(s)
[MoE] Layer 4: loading 3 expert(s)
[MoE] Layer 5: loading 5 expert(s)
[MoE] Layer 6: loading 3 expert(s)
[MoE] Layer 7: loading 4 expert(s)
[MoE] Layer 8: loading 3 expert(s)
[MoE] Layer 9: loading 1 expert(s)
[MoE] Layer 10: loading 3 expert(s)
[MoE] Layer 11: loading 4 expert(s)
[MoE] Layer 12: loading 4 expert(s)
[MoE] Layer 13: loading 3 expert(s)
[MoE] Layer 14: loading 4 expert(s)
[MoE] Layer 15: loading 3 expert(s)
[MoE] Layer 16: loading 5 expert(s)
[MoE] Layer 17: loading 1 expert(s)
[MoE] Layer 18: loading 5 expert(s)
[MoE] Layer 19: loading 3 expert(s)
[MoE] Layer 20: loading 4 expert(s)
[MoE] Layer 21: loading 2 expert(s)
[MoE] Layer 22: loading 3 expert(s)
[MoE] Layer 23: loading 5 expert(s)
[MoE] Layer 25: loading 4 expert(s)
[MoE] Layer 26: loading 4 expert(s)
[MoE] Layer 27: loading 2 expert(s)
[MoE] Layer 28: loading 4 expert(s)
[MoE] Layer 29: loading 3 expert(s)
[MoE] Layer 30: loading 4 expert(s)
[MoE] Layer 32: loading 4 expert(s)
[MoE] Layer 33: loading 2 expert(s)
[MoE] Layer 34: loading 5 expert(s)
[MoE] Layer 35: loading 5 expert(s)
[MoE] Layer 36: loading 3 expert(s)
[MoE] Layer 37: loading 5 expert(s)
[MoE] Layer 38: loading 6 expert(s)
[MoE] Layer 39: loading 4 expert(s)
[MoE] Layer 40: loading 3 expert(s)
[MoE] Layer 41: loading 4 expert(s)
[MoE] Layer 42: loading 3 expert(s)
[MoE] Layer 43: loading 5 expert(s)
[MoE] Layer 44: loading 3 expert(s)
[MoE] Layer 45: loading 3 expert(s)
[MoE] Layer 46: loading 2 expert(s)
[MoE] Layer 47: loading 6 expert(s)
[MoE] Layer 0: loading 6 expert(s)
[MoE] Layer 1: loading 7 expert(s)
[MoE] Layer 2: loading 6 expert(s)
[MoE] Layer 3: loading 7 expert(s)
[MoE] Layer 4: loading 3 expert(s)
[MoE] Layer 5: loading 6 expert(s)
[MoE] Layer 6: loading 5 expert(s)
[MoE] Layer 7: loading 2 expert(s)
[MoE] Layer 8: loading 4 expert(s)
[MoE] Layer 9: loading 5 expert(s)
[MoE] Layer 10: loading 5 expert(s)
[MoE] Layer 11: loading 6 expert(s)
[MoE] Layer 12: loading 5 expert(s)
[MoE] Layer 13: loading 4 expert(s)
[MoE] Layer 14: loading 5 expert(s)
[MoE] Layer 15: loading 5 expert(s)
[MoE] Layer 16: loading 2 expert(s)
[MoE] Layer 17: loading 3 expert(s)
[MoE] Layer 18: loading 2 expert(s)
[MoE] Layer 19: loading 4 expert(s)
[MoE] Layer 20: loading 4 expert(s)
[MoE] Layer 21: loading 3 expert(s)
[MoE] Layer 22: loading 2 expert(s)
[MoE] Layer 23: loading 3 expert(s)
[MoE] Layer 24: loading 2 expert(s)
[MoE] Layer 25: loading 6 expert(s)
[MoE] Layer 26: loading 4 expert(s)
[MoE] Layer 27: loading 4 expert(s)
[MoE] Layer 28: loading 2 expert(s)
[MoE] Layer 29: loading 5 expert(s)
[MoE] Layer 30: loading 4 expert(s)
[MoE] Layer 31: loading 5 expert(s)
[MoE] Layer 32: loading 2 expert(s)
[MoE] Layer 33: loading 3 expert(s)
[MoE] Layer 34: loading 3 expert(s)
[MoE] Layer 35: loading 4 expert(s)
[MoE] Layer 36: loading 5 expert(s)
[MoE] Layer 37: loading 3 expert(s)
[MoE] Layer 38: loading 4 expert(s)
[MoE] Layer 39: loading 1 expert(s)
[MoE] Layer 40: loading 6 expert(s)
[MoE] Layer 41: loading 4 expert(s)
[MoE] Layer 42: loading 3 expert(s)
[MoE] Layer 43: loading 5 expert(s)
[MoE] Layer 44: loading 3 expert(s)
[MoE] Layer 45: loading 5 expert(s)
[MoE] Layer 46: loading 4 expert(s)
[MoE] Layer 47: loading 7 expert(s)
Prefill time (summary): 18.095 seconds
Total Generation Time: 36.610 seconds
Average Time per Token: 0.370 seconds

Expert Cache Statistics:
Layer 0: Hits=219, Misses=573, HitRate=27.65%
    Bandwidth: MissLoads=573, AvgLoadTime=1.93ms
Layer 1: Hits=349, Misses=443, HitRate=44.07%
    Bandwidth: MissLoads=443, AvgLoadTime=1.91ms
Layer 2: Hits=406, Misses=386, HitRate=51.26%
    Bandwidth: MissLoads=386, AvgLoadTime=1.93ms
Layer 3: Hits=402, Misses=390, HitRate=50.76%
    Bandwidth: MissLoads=390, AvgLoadTime=2.04ms
Layer 4: Hits=480, Misses=312, HitRate=60.61%
    Bandwidth: MissLoads=312, AvgLoadTime=2.19ms
Layer 5: Hits=476, Misses=316, HitRate=60.10%
    Bandwidth: MissLoads=316, AvgLoadTime=2.18ms
Layer 6: Hits=597, Misses=195, HitRate=75.38%
    Bandwidth: MissLoads=195, AvgLoadTime=2.55ms
Layer 7: Hits=626, Misses=166, HitRate=79.04%
    Bandwidth: MissLoads=166, AvgLoadTime=2.54ms
Layer 8: Hits=546, Misses=246, HitRate=68.94%
    Bandwidth: MissLoads=246, AvgLoadTime=2.43ms
Layer 9: Hits=548, Misses=244, HitRate=69.19%
    Bandwidth: MissLoads=244, AvgLoadTime=2.36ms
Layer 10: Hits=530, Misses=262, HitRate=66.92%
    Bandwidth: MissLoads=262, AvgLoadTime=2.30ms
Layer 11: Hits=469, Misses=323, HitRate=59.22%
    Bandwidth: MissLoads=323, AvgLoadTime=2.08ms
Layer 12: Hits=515, Misses=277, HitRate=65.03%
    Bandwidth: MissLoads=277, AvgLoadTime=2.29ms
Layer 13: Hits=452, Misses=340, HitRate=57.07%
    Bandwidth: MissLoads=340, AvgLoadTime=2.18ms
Layer 14: Hits=502, Misses=290, HitRate=63.38%
    Bandwidth: MissLoads=290, AvgLoadTime=2.28ms
Layer 15: Hits=571, Misses=221, HitRate=72.10%
    Bandwidth: MissLoads=221, AvgLoadTime=2.49ms
Layer 16: Hits=518, Misses=274, HitRate=65.40%
    Bandwidth: MissLoads=274, AvgLoadTime=2.27ms
Layer 17: Hits=511, Misses=281, HitRate=64.52%
    Bandwidth: MissLoads=281, AvgLoadTime=2.26ms
Layer 18: Hits=613, Misses=179, HitRate=77.40%
    Bandwidth: MissLoads=179, AvgLoadTime=2.50ms
Layer 19: Hits=625, Misses=167, HitRate=78.91%
    Bandwidth: MissLoads=167, AvgLoadTime=2.66ms
Layer 20: Hits=585, Misses=207, HitRate=73.86%
    Bandwidth: MissLoads=207, AvgLoadTime=2.48ms
Layer 21: Hits=558, Misses=234, HitRate=70.45%
    Bandwidth: MissLoads=234, AvgLoadTime=2.47ms
Layer 22: Hits=498, Misses=294, HitRate=62.88%
    Bandwidth: MissLoads=294, AvgLoadTime=2.25ms
Layer 23: Hits=476, Misses=316, HitRate=60.10%
    Bandwidth: MissLoads=316, AvgLoadTime=2.24ms
Layer 24: Hits=511, Misses=281, HitRate=64.52%
    Bandwidth: MissLoads=281, AvgLoadTime=2.27ms
Layer 25: Hits=457, Misses=335, HitRate=57.70%
    Bandwidth: MissLoads=335, AvgLoadTime=2.20ms
Layer 26: Hits=480, Misses=312, HitRate=60.61%
    Bandwidth: MissLoads=312, AvgLoadTime=2.14ms
Layer 27: Hits=550, Misses=242, HitRate=69.44%
    Bandwidth: MissLoads=242, AvgLoadTime=2.38ms
Layer 28: Hits=508, Misses=284, HitRate=64.14%
    Bandwidth: MissLoads=284, AvgLoadTime=2.27ms
Layer 29: Hits=478, Misses=314, HitRate=60.35%
    Bandwidth: MissLoads=314, AvgLoadTime=2.21ms
Layer 30: Hits=583, Misses=209, HitRate=73.61%
    Bandwidth: MissLoads=209, AvgLoadTime=2.32ms
Layer 31: Hits=615, Misses=177, HitRate=77.65%
    Bandwidth: MissLoads=177, AvgLoadTime=2.48ms
Layer 32: Hits=557, Misses=235, HitRate=70.33%
    Bandwidth: MissLoads=235, AvgLoadTime=2.35ms
Layer 33: Hits=545, Misses=247, HitRate=68.81%
    Bandwidth: MissLoads=247, AvgLoadTime=2.21ms
Layer 34: Hits=501, Misses=291, HitRate=63.26%
    Bandwidth: MissLoads=291, AvgLoadTime=2.16ms
Layer 35: Hits=489, Misses=303, HitRate=61.74%
    Bandwidth: MissLoads=303, AvgLoadTime=2.11ms
Layer 36: Hits=468, Misses=324, HitRate=59.09%
    Bandwidth: MissLoads=324, AvgLoadTime=2.17ms
Layer 37: Hits=471, Misses=321, HitRate=59.47%
    Bandwidth: MissLoads=321, AvgLoadTime=2.21ms
Layer 38: Hits=518, Misses=274, HitRate=65.40%
    Bandwidth: MissLoads=274, AvgLoadTime=2.28ms
Layer 39: Hits=522, Misses=270, HitRate=65.91%
    Bandwidth: MissLoads=270, AvgLoadTime=2.33ms
Layer 40: Hits=470, Misses=322, HitRate=59.34%
    Bandwidth: MissLoads=322, AvgLoadTime=2.20ms
Layer 41: Hits=406, Misses=386, HitRate=51.26%
    Bandwidth: MissLoads=386, AvgLoadTime=2.19ms
Layer 42: Hits=421, Misses=371, HitRate=53.16%
    Bandwidth: MissLoads=371, AvgLoadTime=2.08ms
Layer 43: Hits=491, Misses=301, HitRate=61.99%
    Bandwidth: MissLoads=301, AvgLoadTime=2.23ms
Layer 44: Hits=504, Misses=288, HitRate=63.64%
    Bandwidth: MissLoads=288, AvgLoadTime=2.18ms
Layer 45: Hits=533, Misses=259, HitRate=67.30%
    Bandwidth: MissLoads=259, AvgLoadTime=2.25ms
Layer 46: Hits=481, Misses=311, HitRate=60.73%
    Bandwidth: MissLoads=311, AvgLoadTime=2.20ms
Layer 47: Hits=390, Misses=402, HitRate=49.24%
    Bandwidth: MissLoads=402, AvgLoadTime=2.21ms
============================================================
============================================================
Initializing Qwen3 30B-A3B AWQ w4a16 quantized model...
============================================================
Loading quantized weights from QuixiAI/Qwen3-30B-A3B-AWQ...
Using saved safetensors: /home/michael/heteroPredict/py/unified_llm_w4a16/model_weights/Qwen3-30B-A3B-AWQ.safetensors
Expert weights dir: /home/michael/heteroPredict/py/unified_llm_w4a16/model_weights/Qwen3-30B-A3B-AWQ_packed  (format: packed)
Using existing attention weights in /home/michael/heteroPredict/py/unified_llm_w4a16/model_weights/Qwen3-30B-A3B-AWQ_unpacked
Weights loaded (expert dir override) in 0.32 seconds
Pre-warming expert cache with 24 experts...
Model initialized successfully!
Set expert cache policy to RANDOM.

Running sweep using prompts from JSON: /tmp/tmpfz3g4_tj.json
Loaded 1 prompts for sweeping.

Processing Prompt 1/1...

============================================================
Generated text only:
============================================================
 

Based on the article, what is the main idea of the article? 

A. A student at Duke University was caught in the act of hanging a noose. 

B. A student at Duke University was caught in the act of hanging a noose, and the university is taking action. 

C. A student at Duke University was caught in the act of hanging a noose, and the university is taking action, and there have been other similar incidents. 

D. A student at
============================================================

============================================================
Sweep Complete.
Average Time per Token: 0.547109
End-to-End TPS: 1.8278
Cache Stats: Hits=24021, Misses=13995, HitRate=63.19%
