Initializing UnifiedLLMW4A16Impl_base
Using NPU config struct.
Configuring NPU (Base):
  Heterogeneity: gpu
  GPU Count: 1
  Debug Verbosity: 1
  Dummy Weights: false
  Warmup: false
  Preload MoE: true
  Minimal PDI: true
[GPU SELECT] Free VRAM ranking: gpu0=28.00/28.00 GiB
[GPU SELECT] Selected GPUs for gpu-count=1: [0]
[GPU MAP] Single-GPU placement on gpu0
[Layer 1] cache partition: main=46 speculative=2 (fraction=0.0416667)
[GatingHeuristicPredictor Layer 1] prefetch_count=2 softmax_before_topk=yes
[Layer 2] cache partition: main=46 speculative=2 (fraction=0.0416667)
[GatingHeuristicPredictor Layer 2] prefetch_count=2 softmax_before_topk=yes
[Layer 3] cache partition: main=46 speculative=2 (fraction=0.0416667)
[GatingHeuristicPredictor Layer 3] prefetch_count=2 softmax_before_topk=yes
[Layer 4] cache partition: main=46 speculative=2 (fraction=0.0416667)
[GatingHeuristicPredictor Layer 4] prefetch_count=2 softmax_before_topk=yes
[Layer 5] cache partition: main=46 speculative=2 (fraction=0.0416667)
[GatingHeuristicPredictor Layer 5] prefetch_count=2 softmax_before_topk=yes
[Layer 6] cache partition: main=46 speculative=2 (fraction=0.0416667)
[GatingHeuristicPredictor Layer 6] prefetch_count=2 softmax_before_topk=yes
[Layer 7] cache partition: main=46 speculative=2 (fraction=0.0416667)
[GatingHeuristicPredictor Layer 7] prefetch_count=2 softmax_before_topk=yes
[Layer 8] cache partition: main=46 speculative=2 (fraction=0.0416667)
[GatingHeuristicPredictor Layer 8] prefetch_count=2 softmax_before_topk=yes
[Layer 9] cache partition: main=46 speculative=2 (fraction=0.0416667)
[GatingHeuristicPredictor Layer 9] prefetch_count=2 softmax_before_topk=yes
[Layer 10] cache partition: main=46 speculative=2 (fraction=0.0416667)
[GatingHeuristicPredictor Layer 10] prefetch_count=2 softmax_before_topk=yes
[Layer 11] cache partition: main=46 speculative=2 (fraction=0.0416667)
[GatingHeuristicPredictor Layer 11] prefetch_count=2 softmax_before_topk=yes
[Layer 12] cache partition: main=46 speculative=2 (fraction=0.0416667)
[GatingHeuristicPredictor Layer 12] prefetch_count=2 softmax_before_topk=yes
[Layer 13] cache partition: main=46 speculative=2 (fraction=0.0416667)
[GatingHeuristicPredictor Layer 13] prefetch_count=2 softmax_before_topk=yes
[Layer 14] cache partition: main=46 speculative=2 (fraction=0.0416667)
[GatingHeuristicPredictor Layer 14] prefetch_count=2 softmax_before_topk=yes
[Layer 15] cache partition: main=46 speculative=2 (fraction=0.0416667)
[GatingHeuristicPredictor Layer 15] prefetch_count=2 softmax_before_topk=yes
[Layer 16] cache partition: main=46 speculative=2 (fraction=0.0416667)
[GatingHeuristicPredictor Layer 16] prefetch_count=2 softmax_before_topk=yes
[Layer 17] cache partition: main=46 speculative=2 (fraction=0.0416667)
[GatingHeuristicPredictor Layer 17] prefetch_count=2 softmax_before_topk=yes
[Layer 18] cache partition: main=46 speculative=2 (fraction=0.0416667)
[GatingHeuristicPredictor Layer 18] prefetch_count=2 softmax_before_topk=yes
[Layer 19] cache partition: main=46 speculative=2 (fraction=0.0416667)
[GatingHeuristicPredictor Layer 19] prefetch_count=2 softmax_before_topk=yes
[Layer 20] cache partition: main=46 speculative=2 (fraction=0.0416667)
[GatingHeuristicPredictor Layer 20] prefetch_count=2 softmax_before_topk=yes
[Layer 21] cache partition: main=46 speculative=2 (fraction=0.0416667)
[GatingHeuristicPredictor Layer 21] prefetch_count=2 softmax_before_topk=yes
[Layer 22] cache partition: main=46 speculative=2 (fraction=0.0416667)
[GatingHeuristicPredictor Layer 22] prefetch_count=2 softmax_before_topk=yes
[Layer 23] cache partition: main=46 speculative=2 (fraction=0.0416667)
[GatingHeuristicPredictor Layer 23] prefetch_count=2 softmax_before_topk=yes
[Layer 24] cache partition: main=46 speculative=2 (fraction=0.0416667)
[GatingHeuristicPredictor Layer 24] prefetch_count=2 softmax_before_topk=yes
[Layer 25] cache partition: main=46 speculative=2 (fraction=0.0416667)
[GatingHeuristicPredictor Layer 25] prefetch_count=2 softmax_before_topk=yes
[Layer 26] cache partition: main=46 speculative=2 (fraction=0.0416667)
[GatingHeuristicPredictor Layer 26] prefetch_count=2 softmax_before_topk=yes
[Layer 27] cache partition: main=46 speculative=2 (fraction=0.0416667)
[GatingHeuristicPredictor Layer 27] prefetch_count=2 softmax_before_topk=yes
[Layer 28] cache partition: main=46 speculative=2 (fraction=0.0416667)
[GatingHeuristicPredictor Layer 28] prefetch_count=2 softmax_before_topk=yes
[Layer 29] cache partition: main=46 speculative=2 (fraction=0.0416667)
[GatingHeuristicPredictor Layer 29] prefetch_count=2 softmax_before_topk=yes
[Layer 30] cache partition: main=46 speculative=2 (fraction=0.0416667)
[GatingHeuristicPredictor Layer 30] prefetch_count=2 softmax_before_topk=yes
[Layer 31] cache partition: main=46 speculative=2 (fraction=0.0416667)
[GatingHeuristicPredictor Layer 31] prefetch_count=2 softmax_before_topk=yes
[Layer 32] cache partition: main=46 speculative=2 (fraction=0.0416667)
[GatingHeuristicPredictor Layer 32] prefetch_count=2 softmax_before_topk=yes
[Layer 33] cache partition: main=46 speculative=2 (fraction=0.0416667)
[GatingHeuristicPredictor Layer 33] prefetch_count=2 softmax_before_topk=yes
[Layer 34] cache partition: main=46 speculative=2 (fraction=0.0416667)
[GatingHeuristicPredictor Layer 34] prefetch_count=2 softmax_before_topk=yes
[Layer 35] cache partition: main=46 speculative=2 (fraction=0.0416667)
[GatingHeuristicPredictor Layer 35] prefetch_count=2 softmax_before_topk=yes
[Layer 36] cache partition: main=46 speculative=2 (fraction=0.0416667)
[GatingHeuristicPredictor Layer 36] prefetch_count=2 softmax_before_topk=yes
[Layer 37] cache partition: main=46 speculative=2 (fraction=0.0416667)
[GatingHeuristicPredictor Layer 37] prefetch_count=2 softmax_before_topk=yes
[Layer 38] cache partition: main=46 speculative=2 (fraction=0.0416667)
[GatingHeuristicPredictor Layer 38] prefetch_count=2 softmax_before_topk=yes
[Layer 39] cache partition: main=46 speculative=2 (fraction=0.0416667)
[GatingHeuristicPredictor Layer 39] prefetch_count=2 softmax_before_topk=yes
[Layer 40] cache partition: main=46 speculative=2 (fraction=0.0416667)
[GatingHeuristicPredictor Layer 40] prefetch_count=2 softmax_before_topk=yes
[Layer 41] cache partition: main=46 speculative=2 (fraction=0.0416667)
[GatingHeuristicPredictor Layer 41] prefetch_count=2 softmax_before_topk=yes
[Layer 42] cache partition: main=46 speculative=2 (fraction=0.0416667)
[GatingHeuristicPredictor Layer 42] prefetch_count=2 softmax_before_topk=yes
[Layer 43] cache partition: main=46 speculative=2 (fraction=0.0416667)
[GatingHeuristicPredictor Layer 43] prefetch_count=2 softmax_before_topk=yes
[Layer 44] cache partition: main=46 speculative=2 (fraction=0.0416667)
[GatingHeuristicPredictor Layer 44] prefetch_count=2 softmax_before_topk=yes
[Layer 45] cache partition: main=46 speculative=2 (fraction=0.0416667)
[GatingHeuristicPredictor Layer 45] prefetch_count=2 softmax_before_topk=yes
[Layer 46] cache partition: main=46 speculative=2 (fraction=0.0416667)
[GatingHeuristicPredictor Layer 46] prefetch_count=2 softmax_before_topk=yes
[Layer 47] cache partition: main=46 speculative=2 (fraction=0.0416667)
[GatingHeuristicPredictor Layer 47] prefetch_count=2 softmax_before_topk=yes
UnifiedLLMW4A16 moved to device: cuda:0
Preloading MoE kernels...
MoE kernels preloaded.
UnifiedLLMW4A16 initialized on device: cuda:0 with w4a16 quantization
Loading non-quantized weights from safetensors (mmap): /home/michael/heteroPredict/py/unified_llm_w4a16/model_weights/Qwen3-30B-A3B-AWQ.safetensors
Loaded 243 non-quantized parameters, skipped 0
Loading quantized weights from bins: /home/michael/heteroPredict/py/unified_llm_w4a16/model_weights/Qwen3-30B-A3B-AWQ_unpacked
  Expert weights dir override: /home/michael/heteroPredict/py/unified_llm_w4a16/model_weights/Qwen3-30B-A3B-AWQ_packed
Pre-warming 48 experts for all layers...
Layer 0: Pre-warming 46 experts.
Layer 0: using packed expert format.
[MoE I/O] Expert weight reads require O_DIRECT (no buffered fallback).
Layer 1: Pre-warming 46 experts.
Layer 1: using packed expert format.
Layer 2: Pre-warming 46 experts.
Layer 2: using packed expert format.
Layer 3: Pre-warming 46 experts.
Layer 3: using packed expert format.
Prewarmed experts for layer 4/48
Layer 4: Pre-warming 46 experts.
Layer 4: using packed expert format.
Layer 5: Pre-warming 46 experts.
Layer 5: using packed expert format.
Layer 6: Pre-warming 46 experts.
Layer 6: using packed expert format.
Layer 7: Pre-warming 46 experts.
Layer 7: using packed expert format.
Prewarmed experts for layer 8/48
Layer 8: Pre-warming 46 experts.
Layer 8: using packed expert format.
Layer 9: Pre-warming 46 experts.
Layer 9: using packed expert format.
Layer 10: Pre-warming 46 experts.
Layer 10: using packed expert format.
Layer 11: Pre-warming 46 experts.
Layer 11: using packed expert format.
Prewarmed experts for layer 12/48
Layer 12: Pre-warming 46 experts.
Layer 12: using packed expert format.
Layer 13: Pre-warming 46 experts.
Layer 13: using packed expert format.
Layer 14: Pre-warming 46 experts.
Layer 14: using packed expert format.
Layer 15: Pre-warming 46 experts.
Layer 15: using packed expert format.
Prewarmed experts for layer 16/48
Layer 16: Pre-warming 46 experts.
Layer 16: using packed expert format.
Layer 17: Pre-warming 46 experts.
Layer 17: using packed expert format.
Layer 18: Pre-warming 46 experts.
Layer 18: using packed expert format.
Layer 19: Pre-warming 46 experts.
Layer 19: using packed expert format.
Prewarmed experts for layer 20/48
Layer 20: Pre-warming 46 experts.
Layer 20: using packed expert format.
Layer 21: Pre-warming 46 experts.
Layer 21: using packed expert format.
Layer 22: Pre-warming 46 experts.
Layer 22: using packed expert format.
Layer 23: Pre-warming 46 experts.
Layer 23: using packed expert format.
Prewarmed experts for layer 24/48
Layer 24: Pre-warming 46 experts.
Layer 24: using packed expert format.
Layer 25: Pre-warming 46 experts.
Layer 25: using packed expert format.
Layer 26: Pre-warming 46 experts.
Layer 26: using packed expert format.
Layer 27: Pre-warming 46 experts.
Layer 27: using packed expert format.
Prewarmed experts for layer 28/48
Layer 28: Pre-warming 46 experts.
Layer 28: using packed expert format.
Layer 29: Pre-warming 46 experts.
Layer 29: using packed expert format.
Layer 30: Pre-warming 46 experts.
Layer 30: using packed expert format.
Layer 31: Pre-warming 46 experts.
Layer 31: using packed expert format.
Prewarmed experts for layer 32/48
Layer 32: Pre-warming 46 experts.
Layer 32: using packed expert format.
Layer 33: Pre-warming 46 experts.
Layer 33: using packed expert format.
Layer 34: Pre-warming 46 experts.
Layer 34: using packed expert format.
Layer 35: Pre-warming 46 experts.
Layer 35: using packed expert format.
Prewarmed experts for layer 36/48
Layer 36: Pre-warming 46 experts.
Layer 36: using packed expert format.
Layer 37: Pre-warming 46 experts.
Layer 37: using packed expert format.
Layer 38: Pre-warming 46 experts.
Layer 38: using packed expert format.
Layer 39: Pre-warming 46 experts.
Layer 39: using packed expert format.
Prewarmed experts for layer 40/48
Layer 40: Pre-warming 46 experts.
Layer 40: using packed expert format.
Layer 41: Pre-warming 46 experts.
Layer 41: using packed expert format.
Layer 42: Pre-warming 46 experts.
Layer 42: using packed expert format.
Layer 43: Pre-warming 46 experts.
Layer 43: using packed expert format.
Prewarmed experts for layer 44/48
Layer 44: Pre-warming 46 experts.
Layer 44: using packed expert format.
Layer 45: Pre-warming 46 experts.
Layer 45: using packed expert format.
Layer 46: Pre-warming 46 experts.
Layer 46: using packed expert format.
Layer 47: Pre-warming 46 experts.
Layer 47: using packed expert format.
Prewarmed experts for layer 48/48
Libtorch input_ids shape: [1, 512]
Skipping warmup.
Prefill time: 16.3313 seconds
Generation phase
[Layer 0 Step 0 Debug] Slots before check: 96 97 98 99 100 101 102 103 104 105 106 107 108 109 110 111 112 114 115 116 117 118 119 120 121 122 123 124 125 126 127 81 82 83 84 85 86 87 88 89 90 91 92 93 94 95 -1 -1 
[Layer 0 Step 0 Debug] Requested: 75 122 82 91 33 64 28 89 
[gen 5/149] elapsed=1.7s  TPS=2.965
[gen 10/149] elapsed=3.1s  TPS=3.228
[gen 15/149] elapsed=4.2s  TPS=3.608
[gen 20/149] elapsed=5.2s  TPS=3.816
[gen 25/149] elapsed=6.2s  TPS=4.018
[gen 30/149] elapsed=7.1s  TPS=4.199
[gen 35/149] elapsed=8.1s  TPS=4.306
[gen 40/149] elapsed=9.0s  TPS=4.451
[gen 45/149] elapsed=9.8s  TPS=4.601
[gen 50/149] elapsed=10.9s  TPS=4.570
[gen 55/149] elapsed=11.9s  TPS=4.632
[gen 60/149] elapsed=12.8s  TPS=4.682
[gen 65/149] elapsed=13.6s  TPS=4.786
[gen 70/149] elapsed=14.5s  TPS=4.834
[gen 75/149] elapsed=15.5s  TPS=4.848
[gen 80/149] elapsed=16.3s  TPS=4.919
[gen 85/149] elapsed=17.2s  TPS=4.955
[gen 90/149] elapsed=18.3s  TPS=4.931
[gen 95/149] elapsed=19.2s  TPS=4.953
[gen 100/149] elapsed=20.0s  TPS=5.001
[gen 105/149] elapsed=21.0s  TPS=5.007
[gen 110/149] elapsed=21.7s  TPS=5.078
[gen 115/149] elapsed=22.5s  TPS=5.113
[gen 120/149] elapsed=23.4s  TPS=5.127
[gen 125/149] elapsed=24.1s  TPS=5.176
[gen 130/149] elapsed=24.8s  TPS=5.245
[gen 135/149] elapsed=25.5s  TPS=5.284
[gen 140/149] elapsed=26.1s  TPS=5.372
[gen 145/149] elapsed=26.6s  TPS=5.445
Prefill time (summary): 16.331 seconds
Total Generation Time: 27.101 seconds
Average Time per Token: 0.181889 seconds

Expert Cache Statistics:
Layer 0 Cache Stats: Hits=742, Misses=450, HitRate=62.25%
    Predictor Routed-Expert HitRate=N/A
    Loads Per Step: 0Loads=22, 1Load=29, >1Load=98
    Bandwidth: StallLoads=450, PrefetchLoads=0, AvgLoadTime=2.25ms
    MissCause: NotPresent=450, NotReadyStall=0
    GlobalSpecLoad: PeakConcurrent=2
    Predictor TopK matches: 0=0 1=0 >=2=0
Layer 1 Cache Stats: Hits=895, Misses=297, HitRate=75.08%
    Predictor Routed-Expert HitRate=N/A
    Loads Per Step: 0Loads=26, 1Load=37, >1Load=86
    Bandwidth: StallLoads=297, PrefetchLoads=61, AvgLoadTime=2.93ms
    PrefetchOverlap: HiddenReady=51, HiddenWait=0, TicksSkipped=0
    MissCause: NotPresent=297, NotReadyStall=0
    PrefetchEff: Dropped=0, AlreadyCached=237, UsedBeforeEvict=51, EvictedBeforeUse=9
    GatingPredict Recall=20.55% (245/1192)
    GatingPredict Precision=82.21% (245/298)
    GatingPrefetch Delivery=20.64% (246/1192)
    GatingPrefetch Triggers=149
    Predictor TopK matches: 0=0 1=0 >=2=0
Layer 2 Cache Stats: Hits=1068, Misses=124, HitRate=89.60%
    Predictor Routed-Expert HitRate=N/A
    Loads Per Step: 0Loads=68, 1Load=51, >1Load=30
    Bandwidth: StallLoads=124, PrefetchLoads=54, AvgLoadTime=3.46ms
    PrefetchOverlap: HiddenReady=53, HiddenWait=0, TicksSkipped=0
    MissCause: NotPresent=124, NotReadyStall=0
    PrefetchEff: Dropped=0, AlreadyCached=244, UsedBeforeEvict=53, EvictedBeforeUse=1
    GatingPredict Recall=24.24% (289/1192)
    GatingPredict Precision=96.98% (289/298)
    GatingPrefetch Delivery=24.24% (289/1192)
    GatingPrefetch Triggers=149
    Predictor TopK matches: 0=0 1=0 >=2=0
Layer 3 Cache Stats: Hits=943, Misses=249, HitRate=79.11%
    Predictor Routed-Expert HitRate=N/A
    Loads Per Step: 0Loads=24, 1Load=49, >1Load=76
    Bandwidth: StallLoads=249, PrefetchLoads=69, AvgLoadTime=2.98ms
    PrefetchOverlap: HiddenReady=61, HiddenWait=0, TicksSkipped=0
    MissCause: NotPresent=249, NotReadyStall=0
    PrefetchEff: Dropped=0, AlreadyCached=229, UsedBeforeEvict=61, EvictedBeforeUse=8
    GatingPredict Recall=22.65% (270/1192)
    GatingPredict Precision=90.60% (270/298)
    GatingPrefetch Delivery=22.73% (271/1192)
    GatingPrefetch Triggers=149
    Predictor TopK matches: 0=0 1=0 >=2=0
Layer 4 Cache Stats: Hits=1029, Misses=163, HitRate=86.33%
    Predictor Routed-Expert HitRate=N/A
    Loads Per Step: 0Loads=57, 1Load=54, >1Load=38
    Bandwidth: StallLoads=163, PrefetchLoads=43, AvgLoadTime=3.14ms
    PrefetchOverlap: HiddenReady=38, HiddenWait=0, TicksSkipped=0
    MissCause: NotPresent=163, NotReadyStall=0
    PrefetchEff: Dropped=0, AlreadyCached=255, UsedBeforeEvict=38, EvictedBeforeUse=5
    GatingPredict Recall=23.83% (284/1192)
    GatingPredict Precision=95.30% (284/298)
    GatingPrefetch Delivery=23.91% (285/1192)
    GatingPrefetch Triggers=149
    Predictor TopK matches: 0=0 1=0 >=2=0
Layer 5 Cache Stats: Hits=1078, Misses=114, HitRate=90.44%
    Predictor Routed-Expert HitRate=N/A
    Loads Per Step: 0Loads=71, 1Load=55, >1Load=23
    Bandwidth: StallLoads=114, PrefetchLoads=21, AvgLoadTime=3.30ms
    PrefetchOverlap: HiddenReady=19, HiddenWait=0, TicksSkipped=0
    MissCause: NotPresent=114, NotReadyStall=0
    PrefetchEff: Dropped=0, AlreadyCached=277, UsedBeforeEvict=19, EvictedBeforeUse=2
    GatingPredict Recall=24.50% (292/1192)
    GatingPredict Precision=97.99% (292/298)
    GatingPrefetch Delivery=24.50% (292/1192)
    GatingPrefetch Triggers=149
    Predictor TopK matches: 0=0 1=0 >=2=0
Layer 6 Cache Stats: Hits=1118, Misses=74, HitRate=93.79%
    Predictor Routed-Expert HitRate=N/A
    Loads Per Step: 0Loads=92, 1Load=44, >1Load=13
    Bandwidth: StallLoads=74, PrefetchLoads=13, AvgLoadTime=3.44ms
    PrefetchOverlap: HiddenReady=12, HiddenWait=0, TicksSkipped=0
    MissCause: NotPresent=74, NotReadyStall=0
    PrefetchEff: Dropped=0, AlreadyCached=285, UsedBeforeEvict=12, EvictedBeforeUse=1
    GatingPredict Recall=24.83% (296/1192)
    GatingPredict Precision=99.33% (296/298)
    GatingPrefetch Delivery=24.83% (296/1192)
    GatingPrefetch Triggers=149
    Predictor TopK matches: 0=0 1=0 >=2=0
Layer 7 Cache Stats: Hits=1151, Misses=41, HitRate=96.56%
    Predictor Routed-Expert HitRate=N/A
    Loads Per Step: 0Loads=113, 1Load=31, >1Load=5
    Bandwidth: StallLoads=41, PrefetchLoads=9, AvgLoadTime=3.69ms
    PrefetchOverlap: HiddenReady=8, HiddenWait=0, TicksSkipped=0
    MissCause: NotPresent=41, NotReadyStall=0
    PrefetchEff: Dropped=0, AlreadyCached=289, UsedBeforeEvict=8, EvictedBeforeUse=1
    GatingPredict Recall=24.92% (297/1192)
    GatingPredict Precision=99.66% (297/298)
    GatingPrefetch Delivery=24.92% (297/1192)
    GatingPrefetch Triggers=149
    Predictor TopK matches: 0=0 1=0 >=2=0
Layer 8 Cache Stats: Hits=1091, Misses=101, HitRate=91.53%
    Predictor Routed-Expert HitRate=N/A
    Loads Per Step: 0Loads=77, 1Load=52, >1Load=20
    Bandwidth: StallLoads=101, PrefetchLoads=18, AvgLoadTime=3.10ms
    PrefetchOverlap: HiddenReady=18, HiddenWait=0, TicksSkipped=0
    MissCause: NotPresent=101, NotReadyStall=0
    PrefetchEff: Dropped=0, AlreadyCached=280, UsedBeforeEvict=18, EvictedBeforeUse=0
    GatingPredict Recall=24.83% (296/1192)
    GatingPredict Precision=99.33% (296/298)
    GatingPrefetch Delivery=24.83% (296/1192)
    GatingPrefetch Triggers=149
    Predictor TopK matches: 0=0 1=0 >=2=0
Layer 9 Cache Stats: Hits=1127, Misses=65, HitRate=94.55%
    Predictor Routed-Expert HitRate=N/A
    Loads Per Step: 0Loads=96, 1Load=42, >1Load=11
    Bandwidth: StallLoads=65, PrefetchLoads=12, AvgLoadTime=3.59ms
    PrefetchOverlap: HiddenReady=12, HiddenWait=0, TicksSkipped=0
    MissCause: NotPresent=65, NotReadyStall=0
    PrefetchEff: Dropped=0, AlreadyCached=286, UsedBeforeEvict=12, EvictedBeforeUse=0
    GatingPredict Recall=25.00% (298/1192)
    GatingPredict Precision=100.00% (298/298)
    GatingPrefetch Delivery=25.00% (298/1192)
    GatingPrefetch Triggers=149
    Predictor TopK matches: 0=0 1=0 >=2=0
Layer 10 Cache Stats: Hits=1051, Misses=141, HitRate=88.17%
    Predictor Routed-Expert HitRate=N/A
    Loads Per Step: 0Loads=61, 1Load=48, >1Load=40
    Bandwidth: StallLoads=141, PrefetchLoads=27, AvgLoadTime=3.22ms
    PrefetchOverlap: HiddenReady=27, HiddenWait=0, TicksSkipped=0
    MissCause: NotPresent=141, NotReadyStall=0
    PrefetchEff: Dropped=0, AlreadyCached=271, UsedBeforeEvict=27, EvictedBeforeUse=0
    GatingPredict Recall=24.92% (297/1192)
    GatingPredict Precision=99.66% (297/298)
    GatingPrefetch Delivery=24.92% (297/1192)
    GatingPrefetch Triggers=149
    Predictor TopK matches: 0=0 1=0 >=2=0
Layer 11 Cache Stats: Hits=1028, Misses=164, HitRate=86.24%
    Predictor Routed-Expert HitRate=N/A
    Loads Per Step: 0Loads=49, 1Load=54, >1Load=46
    Bandwidth: StallLoads=164, PrefetchLoads=27, AvgLoadTime=3.04ms
    PrefetchOverlap: HiddenReady=27, HiddenWait=0, TicksSkipped=0
    MissCause: NotPresent=164, NotReadyStall=0
    PrefetchEff: Dropped=0, AlreadyCached=271, UsedBeforeEvict=27, EvictedBeforeUse=0
    GatingPredict Recall=24.83% (296/1192)
    GatingPredict Precision=99.33% (296/298)
    GatingPrefetch Delivery=24.92% (297/1192)
    GatingPrefetch Triggers=149
    Predictor TopK matches: 0=0 1=0 >=2=0
Layer 12 Cache Stats: Hits=1102, Misses=90, HitRate=92.45%
    Predictor Routed-Expert HitRate=N/A
    Loads Per Step: 0Loads=85, 1Load=46, >1Load=18
    Bandwidth: StallLoads=90, PrefetchLoads=19, AvgLoadTime=3.44ms
    PrefetchOverlap: HiddenReady=19, HiddenWait=0, TicksSkipped=0
    MissCause: NotPresent=90, NotReadyStall=0
    PrefetchEff: Dropped=0, AlreadyCached=279, UsedBeforeEvict=19, EvictedBeforeUse=0
    GatingPredict Recall=24.75% (295/1192)
    GatingPredict Precision=98.99% (295/298)
    GatingPrefetch Delivery=24.83% (296/1192)
    GatingPrefetch Triggers=149
    Predictor TopK matches: 0=0 1=0 >=2=0
Layer 13 Cache Stats: Hits=1042, Misses=150, HitRate=87.42%
    Predictor Routed-Expert HitRate=N/A
    Loads Per Step: 0Loads=55, 1Load=52, >1Load=42
    Bandwidth: StallLoads=150, PrefetchLoads=26, AvgLoadTime=3.15ms
    PrefetchOverlap: HiddenReady=26, HiddenWait=0, TicksSkipped=0
    MissCause: NotPresent=150, NotReadyStall=0
    PrefetchEff: Dropped=0, AlreadyCached=272, UsedBeforeEvict=26, EvictedBeforeUse=0
    GatingPredict Recall=24.58% (293/1192)
    GatingPredict Precision=98.32% (293/298)
    GatingPrefetch Delivery=24.66% (294/1192)
    GatingPrefetch Triggers=149
    Predictor TopK matches: 0=0 1=0 >=2=0
Layer 14 Cache Stats: Hits=1114, Misses=78, HitRate=93.46%
    Predictor Routed-Expert HitRate=N/A
    Loads Per Step: 0Loads=91, 1Load=43, >1Load=15
    Bandwidth: StallLoads=78, PrefetchLoads=17, AvgLoadTime=3.37ms
    PrefetchOverlap: HiddenReady=17, HiddenWait=0, TicksSkipped=0
    MissCause: NotPresent=78, NotReadyStall=0
    PrefetchEff: Dropped=0, AlreadyCached=281, UsedBeforeEvict=17, EvictedBeforeUse=0
    GatingPredict Recall=25.00% (298/1192)
    GatingPredict Precision=100.00% (298/298)
    GatingPrefetch Delivery=25.00% (298/1192)
    GatingPrefetch Triggers=149
    Predictor TopK matches: 0=0 1=0 >=2=0
Layer 15 Cache Stats: Hits=1098, Misses=94, HitRate=92.11%
    Predictor Routed-Expert HitRate=N/A
    Loads Per Step: 0Loads=77, 1Load=55, >1Load=17
    Bandwidth: StallLoads=94, PrefetchLoads=9, AvgLoadTime=3.54ms
    PrefetchOverlap: HiddenReady=9, HiddenWait=0, TicksSkipped=0
    MissCause: NotPresent=94, NotReadyStall=0
    PrefetchEff: Dropped=0, AlreadyCached=289, UsedBeforeEvict=9, EvictedBeforeUse=0
    GatingPredict Recall=24.92% (297/1192)
    GatingPredict Precision=99.66% (297/298)
    GatingPrefetch Delivery=24.92% (297/1192)
    GatingPrefetch Triggers=149
    Predictor TopK matches: 0=0 1=0 >=2=0
Layer 16 Cache Stats: Hits=1097, Misses=95, HitRate=92.03%
    Predictor Routed-Expert HitRate=N/A
    Loads Per Step: 0Loads=81, 1Load=45, >1Load=23
    Bandwidth: StallLoads=95, PrefetchLoads=30, AvgLoadTime=3.37ms
    PrefetchOverlap: HiddenReady=30, HiddenWait=0, TicksSkipped=0
    MissCause: NotPresent=95, NotReadyStall=0
    PrefetchEff: Dropped=0, AlreadyCached=268, UsedBeforeEvict=30, EvictedBeforeUse=0
    GatingPredict Recall=24.41% (291/1192)
    GatingPredict Precision=97.65% (291/298)
    GatingPrefetch Delivery=24.50% (292/1192)
    GatingPrefetch Triggers=149
    Predictor TopK matches: 0=0 1=0 >=2=0
Layer 17 Cache Stats: Hits=1088, Misses=104, HitRate=91.28%
    Predictor Routed-Expert HitRate=N/A
    Loads Per Step: 0Loads=71, 1Load=57, >1Load=21
    Bandwidth: StallLoads=104, PrefetchLoads=23, AvgLoadTime=3.20ms
    PrefetchOverlap: HiddenReady=23, HiddenWait=0, TicksSkipped=0
    MissCause: NotPresent=104, NotReadyStall=0
    PrefetchEff: Dropped=0, AlreadyCached=275, UsedBeforeEvict=23, EvictedBeforeUse=0
    GatingPredict Recall=25.00% (298/1192)
    GatingPredict Precision=100.00% (298/298)
    GatingPrefetch Delivery=25.00% (298/1192)
    GatingPrefetch Triggers=149
    Predictor TopK matches: 0=0 1=0 >=2=0
Layer 18 Cache Stats: Hits=1151, Misses=41, HitRate=96.56%
    Predictor Routed-Expert HitRate=N/A
    Loads Per Step: 0Loads=117, 1Load=25, >1Load=7
    Bandwidth: StallLoads=41, PrefetchLoads=8, AvgLoadTime=3.26ms
    PrefetchOverlap: HiddenReady=7, HiddenWait=0, TicksSkipped=0
    MissCause: NotPresent=41, NotReadyStall=0
    PrefetchEff: Dropped=0, AlreadyCached=290, UsedBeforeEvict=7, EvictedBeforeUse=1
    GatingPredict Recall=24.83% (296/1192)
    GatingPredict Precision=99.33% (296/298)
    GatingPrefetch Delivery=24.83% (296/1192)
    GatingPrefetch Triggers=149
    Predictor TopK matches: 0=0 1=0 >=2=0
Layer 19 Cache Stats: Hits=1173, Misses=19, HitRate=98.41%
    Predictor Routed-Expert HitRate=N/A
    Loads Per Step: 0Loads=133, 1Load=14, >1Load=2
    Bandwidth: StallLoads=19, PrefetchLoads=3, AvgLoadTime=3.78ms
    PrefetchOverlap: HiddenReady=3, HiddenWait=0, TicksSkipped=0
    MissCause: NotPresent=19, NotReadyStall=0
    PrefetchEff: Dropped=0, AlreadyCached=295, UsedBeforeEvict=3, EvictedBeforeUse=0
    GatingPredict Recall=25.00% (298/1192)
    GatingPredict Precision=100.00% (298/298)
    GatingPrefetch Delivery=25.00% (298/1192)
    GatingPrefetch Triggers=149
    Predictor TopK matches: 0=0 1=0 >=2=0
Layer 20 Cache Stats: Hits=1152, Misses=40, HitRate=96.64%
    Predictor Routed-Expert HitRate=N/A
    Loads Per Step: 0Loads=115, 1Load=28, >1Load=6
    Bandwidth: StallLoads=40, PrefetchLoads=6, AvgLoadTime=3.43ms
    PrefetchOverlap: HiddenReady=6, HiddenWait=0, TicksSkipped=0
    MissCause: NotPresent=40, NotReadyStall=0
    PrefetchEff: Dropped=0, AlreadyCached=292, UsedBeforeEvict=6, EvictedBeforeUse=0
    GatingPredict Recall=24.75% (295/1192)
    GatingPredict Precision=98.99% (295/298)
    GatingPrefetch Delivery=24.75% (295/1192)
    GatingPrefetch Triggers=149
    Predictor TopK matches: 0=0 1=0 >=2=0
Layer 21 Cache Stats: Hits=1143, Misses=49, HitRate=95.89%
    Predictor Routed-Expert HitRate=N/A
    Loads Per Step: 0Loads=107, 1Load=36, >1Load=6
    Bandwidth: StallLoads=49, PrefetchLoads=11, AvgLoadTime=3.62ms
    PrefetchOverlap: HiddenReady=11, HiddenWait=0, TicksSkipped=0
    MissCause: NotPresent=49, NotReadyStall=0
    PrefetchEff: Dropped=0, AlreadyCached=287, UsedBeforeEvict=11, EvictedBeforeUse=0
    GatingPredict Recall=24.92% (297/1192)
    GatingPredict Precision=99.66% (297/298)
    GatingPrefetch Delivery=24.92% (297/1192)
    GatingPrefetch Triggers=149
    Predictor TopK matches: 0=0 1=0 >=2=0
Layer 22 Cache Stats: Hits=1107, Misses=85, HitRate=92.87%
    Predictor Routed-Expert HitRate=N/A
    Loads Per Step: 0Loads=88, 1Load=42, >1Load=19
    Bandwidth: StallLoads=85, PrefetchLoads=13, AvgLoadTime=3.25ms
    PrefetchOverlap: HiddenReady=13, HiddenWait=0, TicksSkipped=0
    MissCause: NotPresent=85, NotReadyStall=0
    PrefetchEff: Dropped=0, AlreadyCached=285, UsedBeforeEvict=13, EvictedBeforeUse=0
    GatingPredict Recall=24.66% (294/1192)
    GatingPredict Precision=98.66% (294/298)
    GatingPrefetch Delivery=24.66% (294/1192)
    GatingPrefetch Triggers=149
    Predictor TopK matches: 0=0 1=0 >=2=0
Layer 23 Cache Stats: Hits=1061, Misses=131, HitRate=89.01%
    Predictor Routed-Expert HitRate=N/A
    Loads Per Step: 0Loads=64, 1Load=55, >1Load=30
    Bandwidth: StallLoads=131, PrefetchLoads=25, AvgLoadTime=3.19ms
    PrefetchOverlap: HiddenReady=24, HiddenWait=0, TicksSkipped=0
    MissCause: NotPresent=131, NotReadyStall=0
    PrefetchEff: Dropped=0, AlreadyCached=273, UsedBeforeEvict=24, EvictedBeforeUse=1
    GatingPredict Recall=23.49% (280/1192)
    GatingPredict Precision=93.96% (280/298)
    GatingPrefetch Delivery=23.49% (280/1192)
    GatingPrefetch Triggers=149
    Predictor TopK matches: 0=0 1=0 >=2=0
Layer 24 Cache Stats: Hits=1069, Misses=123, HitRate=89.68%
    Predictor Routed-Expert HitRate=N/A
    Loads Per Step: 0Loads=65, 1Load=56, >1Load=28
    Bandwidth: StallLoads=123, PrefetchLoads=20, AvgLoadTime=3.28ms
    PrefetchOverlap: HiddenReady=20, HiddenWait=0, TicksSkipped=0
    MissCause: NotPresent=123, NotReadyStall=0
    PrefetchEff: Dropped=0, AlreadyCached=278, UsedBeforeEvict=20, EvictedBeforeUse=0
    GatingPredict Recall=24.92% (297/1192)
    GatingPredict Precision=99.66% (297/298)
    GatingPrefetch Delivery=24.92% (297/1192)
    GatingPrefetch Triggers=149
    Predictor TopK matches: 0=0 1=0 >=2=0
Layer 25 Cache Stats: Hits=1022, Misses=170, HitRate=85.74%
    Predictor Routed-Expert HitRate=N/A
    Loads Per Step: 0Loads=47, 1Load=52, >1Load=50
    Bandwidth: StallLoads=170, PrefetchLoads=27, AvgLoadTime=3.19ms
    PrefetchOverlap: HiddenReady=27, HiddenWait=0, TicksSkipped=0
    MissCause: NotPresent=170, NotReadyStall=0
    PrefetchEff: Dropped=0, AlreadyCached=271, UsedBeforeEvict=27, EvictedBeforeUse=0
    GatingPredict Recall=24.33% (290/1192)
    GatingPredict Precision=97.32% (290/298)
    GatingPrefetch Delivery=24.33% (290/1192)
    GatingPrefetch Triggers=149
    Predictor TopK matches: 0=0 1=0 >=2=0
Layer 26 Cache Stats: Hits=1099, Misses=93, HitRate=92.20%
    Predictor Routed-Expert HitRate=N/A
    Loads Per Step: 0Loads=78, 1Load=54, >1Load=17
    Bandwidth: StallLoads=93, PrefetchLoads=29, AvgLoadTime=3.58ms
    PrefetchOverlap: HiddenReady=28, HiddenWait=0, TicksSkipped=0
    MissCause: NotPresent=93, NotReadyStall=0
    PrefetchEff: Dropped=0, AlreadyCached=269, UsedBeforeEvict=28, EvictedBeforeUse=1
    GatingPredict Recall=24.33% (290/1192)
    GatingPredict Precision=97.32% (290/298)
    GatingPrefetch Delivery=24.33% (290/1192)
    GatingPrefetch Triggers=149
    Predictor TopK matches: 0=0 1=0 >=2=0
Layer 27 Cache Stats: Hits=1099, Misses=93, HitRate=92.20%
    Predictor Routed-Expert HitRate=N/A
    Loads Per Step: 0Loads=82, 1Load=46, >1Load=21
    Bandwidth: StallLoads=93, PrefetchLoads=14, AvgLoadTime=3.40ms
    PrefetchOverlap: HiddenReady=14, HiddenWait=0, TicksSkipped=0
    MissCause: NotPresent=93, NotReadyStall=0
    PrefetchEff: Dropped=0, AlreadyCached=284, UsedBeforeEvict=14, EvictedBeforeUse=0
    GatingPredict Recall=24.83% (296/1192)
    GatingPredict Precision=99.33% (296/298)
    GatingPrefetch Delivery=24.83% (296/1192)
    GatingPrefetch Triggers=149
    Predictor TopK matches: 0=0 1=0 >=2=0
Layer 28 Cache Stats: Hits=1069, Misses=123, HitRate=89.68%
    Predictor Routed-Expert HitRate=N/A
    Loads Per Step: 0Loads=70, 1Load=47, >1Load=32
    Bandwidth: StallLoads=123, PrefetchLoads=27, AvgLoadTime=3.23ms
    PrefetchOverlap: HiddenReady=27, HiddenWait=0, TicksSkipped=0
    MissCause: NotPresent=123, NotReadyStall=0
    PrefetchEff: Dropped=0, AlreadyCached=271, UsedBeforeEvict=27, EvictedBeforeUse=0
    GatingPredict Recall=24.92% (297/1192)
    GatingPredict Precision=99.66% (297/298)
    GatingPrefetch Delivery=24.92% (297/1192)
    GatingPrefetch Triggers=149
    Predictor TopK matches: 0=0 1=0 >=2=0
Layer 29 Cache Stats: Hits=1018, Misses=174, HitRate=85.40%
    Predictor Routed-Expert HitRate=N/A
    Loads Per Step: 0Loads=50, 1Load=54, >1Load=45
    Bandwidth: StallLoads=174, PrefetchLoads=41, AvgLoadTime=2.97ms
    PrefetchOverlap: HiddenReady=40, HiddenWait=0, TicksSkipped=0
    MissCause: NotPresent=174, NotReadyStall=0
    PrefetchEff: Dropped=0, AlreadyCached=257, UsedBeforeEvict=40, EvictedBeforeUse=0
    GatingPredict Recall=24.08% (287/1192)
    GatingPredict Precision=96.31% (287/298)
    GatingPrefetch Delivery=24.08% (287/1192)
    GatingPrefetch Triggers=149
    Predictor TopK matches: 0=0 1=0 >=2=0
Layer 30 Cache Stats: Hits=1142, Misses=50, HitRate=95.81%
    Predictor Routed-Expert HitRate=N/A
    Loads Per Step: 0Loads=106, 1Load=37, >1Load=6
    Bandwidth: StallLoads=50, PrefetchLoads=4, AvgLoadTime=3.47ms
    PrefetchOverlap: HiddenReady=4, HiddenWait=0, TicksSkipped=0
    MissCause: NotPresent=50, NotReadyStall=0
    PrefetchEff: Dropped=0, AlreadyCached=294, UsedBeforeEvict=4, EvictedBeforeUse=0
    GatingPredict Recall=24.92% (297/1192)
    GatingPredict Precision=99.66% (297/298)
    GatingPrefetch Delivery=24.92% (297/1192)
    GatingPrefetch Triggers=149
    Predictor TopK matches: 0=0 1=0 >=2=0
Layer 31 Cache Stats: Hits=1143, Misses=49, HitRate=95.89%
    Predictor Routed-Expert HitRate=N/A
    Loads Per Step: 0Loads=112, 1Load=28, >1Load=9
    Bandwidth: StallLoads=49, PrefetchLoads=6, AvgLoadTime=3.27ms
    PrefetchOverlap: HiddenReady=6, HiddenWait=0, TicksSkipped=0
    MissCause: NotPresent=49, NotReadyStall=0
    PrefetchEff: Dropped=0, AlreadyCached=292, UsedBeforeEvict=6, EvictedBeforeUse=0
    GatingPredict Recall=24.66% (294/1192)
    GatingPredict Precision=98.66% (294/298)
    GatingPrefetch Delivery=24.66% (294/1192)
    GatingPrefetch Triggers=149
    Predictor TopK matches: 0=0 1=0 >=2=0
Layer 32 Cache Stats: Hits=1097, Misses=95, HitRate=92.03%
    Predictor Routed-Expert HitRate=N/A
    Loads Per Step: 0Loads=85, 1Load=37, >1Load=27
    Bandwidth: StallLoads=95, PrefetchLoads=13, AvgLoadTime=3.12ms
    PrefetchOverlap: HiddenReady=11, HiddenWait=0, TicksSkipped=0
    MissCause: NotPresent=95, NotReadyStall=0
    PrefetchEff: Dropped=0, AlreadyCached=285, UsedBeforeEvict=11, EvictedBeforeUse=2
    GatingPredict Recall=24.75% (295/1192)
    GatingPredict Precision=98.99% (295/298)
    GatingPrefetch Delivery=24.83% (296/1192)
    GatingPrefetch Triggers=149
    Predictor TopK matches: 0=0 1=0 >=2=0
Layer 33 Cache Stats: Hits=1090, Misses=102, HitRate=91.44%
    Predictor Routed-Expert HitRate=N/A
    Loads Per Step: 0Loads=80, 1Load=43, >1Load=26
    Bandwidth: StallLoads=102, PrefetchLoads=19, AvgLoadTime=3.27ms
    PrefetchOverlap: HiddenReady=18, HiddenWait=0, TicksSkipped=0
    MissCause: NotPresent=102, NotReadyStall=0
    PrefetchEff: Dropped=0, AlreadyCached=279, UsedBeforeEvict=18, EvictedBeforeUse=1
    GatingPredict Recall=24.83% (296/1192)
    GatingPredict Precision=99.33% (296/298)
    GatingPrefetch Delivery=24.92% (297/1192)
    GatingPrefetch Triggers=149
    Predictor TopK matches: 0=0 1=0 >=2=0
Layer 34 Cache Stats: Hits=1072, Misses=120, HitRate=89.93%
    Predictor Routed-Expert HitRate=N/A
    Loads Per Step: 0Loads=65, 1Load=56, >1Load=28
    Bandwidth: StallLoads=120, PrefetchLoads=35, AvgLoadTime=3.29ms
    PrefetchOverlap: HiddenReady=34, HiddenWait=0, TicksSkipped=0
    MissCause: NotPresent=120, NotReadyStall=0
    PrefetchEff: Dropped=0, AlreadyCached=263, UsedBeforeEvict=34, EvictedBeforeUse=1
    GatingPredict Recall=24.92% (297/1192)
    GatingPredict Precision=99.66% (297/298)
    GatingPrefetch Delivery=24.92% (297/1192)
    GatingPrefetch Triggers=149
    Predictor TopK matches: 0=0 1=0 >=2=0
Layer 35 Cache Stats: Hits=1022, Misses=170, HitRate=85.74%
    Predictor Routed-Expert HitRate=N/A
    Loads Per Step: 0Loads=55, 1Load=47, >1Load=47
    Bandwidth: StallLoads=170, PrefetchLoads=29, AvgLoadTime=2.89ms
    PrefetchOverlap: HiddenReady=27, HiddenWait=0, TicksSkipped=0
    MissCause: NotPresent=170, NotReadyStall=0
    PrefetchEff: Dropped=0, AlreadyCached=269, UsedBeforeEvict=27, EvictedBeforeUse=2
    GatingPredict Recall=24.50% (292/1192)
    GatingPredict Precision=97.99% (292/298)
    GatingPrefetch Delivery=24.50% (292/1192)
    GatingPrefetch Triggers=149
    Predictor TopK matches: 0=0 1=0 >=2=0
Layer 36 Cache Stats: Hits=1054, Misses=138, HitRate=88.42%
    Predictor Routed-Expert HitRate=N/A
    Loads Per Step: 0Loads=56, 1Load=59, >1Load=34
    Bandwidth: StallLoads=138, PrefetchLoads=25, AvgLoadTime=3.31ms
    PrefetchOverlap: HiddenReady=25, HiddenWait=0, TicksSkipped=0
    MissCause: NotPresent=138, NotReadyStall=0
    PrefetchEff: Dropped=0, AlreadyCached=273, UsedBeforeEvict=25, EvictedBeforeUse=0
    GatingPredict Recall=24.75% (295/1192)
    GatingPredict Precision=98.99% (295/298)
    GatingPrefetch Delivery=24.75% (295/1192)
    GatingPrefetch Triggers=149
    Predictor TopK matches: 0=0 1=0 >=2=0
Layer 37 Cache Stats: Hits=1019, Misses=173, HitRate=85.49%
    Predictor Routed-Expert HitRate=N/A
    Loads Per Step: 0Loads=53, 1Load=44, >1Load=52
    Bandwidth: StallLoads=173, PrefetchLoads=34, AvgLoadTime=3.17ms
    PrefetchOverlap: HiddenReady=33, HiddenWait=0, TicksSkipped=0
    MissCause: NotPresent=173, NotReadyStall=0
    PrefetchEff: Dropped=0, AlreadyCached=264, UsedBeforeEvict=33, EvictedBeforeUse=0
    GatingPredict Recall=24.75% (295/1192)
    GatingPredict Precision=98.99% (295/298)
    GatingPrefetch Delivery=24.75% (295/1192)
    GatingPrefetch Triggers=149
    Predictor TopK matches: 0=0 1=0 >=2=0
Layer 38 Cache Stats: Hits=1097, Misses=95, HitRate=92.03%
    Predictor Routed-Expert HitRate=N/A
    Loads Per Step: 0Loads=79, 1Load=50, >1Load=20
    Bandwidth: StallLoads=95, PrefetchLoads=34, AvgLoadTime=3.63ms
    PrefetchOverlap: HiddenReady=33, HiddenWait=0, TicksSkipped=0
    MissCause: NotPresent=95, NotReadyStall=0
    PrefetchEff: Dropped=0, AlreadyCached=264, UsedBeforeEvict=33, EvictedBeforeUse=1
    GatingPredict Recall=24.50% (292/1192)
    GatingPredict Precision=97.99% (292/298)
    GatingPrefetch Delivery=24.50% (292/1192)
    GatingPrefetch Triggers=149
    Predictor TopK matches: 0=0 1=0 >=2=0
Layer 39 Cache Stats: Hits=1112, Misses=80, HitRate=93.29%
    Predictor Routed-Expert HitRate=N/A
    Loads Per Step: 0Loads=92, 1Load=40, >1Load=17
    Bandwidth: StallLoads=80, PrefetchLoads=20, AvgLoadTime=3.51ms
    PrefetchOverlap: HiddenReady=20, HiddenWait=0, TicksSkipped=0
    MissCause: NotPresent=80, NotReadyStall=0
    PrefetchEff: Dropped=0, AlreadyCached=278, UsedBeforeEvict=20, EvictedBeforeUse=0
    GatingPredict Recall=24.83% (296/1192)
    GatingPredict Precision=99.33% (296/298)
    GatingPrefetch Delivery=24.83% (296/1192)
    GatingPrefetch Triggers=149
    Predictor TopK matches: 0=0 1=0 >=2=0
Layer 40 Cache Stats: Hits=1103, Misses=89, HitRate=92.53%
    Predictor Routed-Expert HitRate=N/A
    Loads Per Step: 0Loads=85, 1Load=44, >1Load=20
    Bandwidth: StallLoads=89, PrefetchLoads=33, AvgLoadTime=3.61ms
    PrefetchOverlap: HiddenReady=33, HiddenWait=0, TicksSkipped=0
    MissCause: NotPresent=89, NotReadyStall=0
    PrefetchEff: Dropped=0, AlreadyCached=265, UsedBeforeEvict=33, EvictedBeforeUse=0
    GatingPredict Recall=24.92% (297/1192)
    GatingPredict Precision=99.66% (297/298)
    GatingPrefetch Delivery=24.92% (297/1192)
    GatingPrefetch Triggers=149
    Predictor TopK matches: 0=0 1=0 >=2=0
Layer 41 Cache Stats: Hits=1061, Misses=131, HitRate=89.01%
    Predictor Routed-Expert HitRate=N/A
    Loads Per Step: 0Loads=77, 1Load=36, >1Load=36
    Bandwidth: StallLoads=131, PrefetchLoads=49, AvgLoadTime=3.24ms
    PrefetchOverlap: HiddenReady=49, HiddenWait=0, TicksSkipped=0
    MissCause: NotPresent=131, NotReadyStall=0
    PrefetchEff: Dropped=0, AlreadyCached=249, UsedBeforeEvict=49, EvictedBeforeUse=0
    GatingPredict Recall=24.75% (295/1192)
    GatingPredict Precision=98.99% (295/298)
    GatingPrefetch Delivery=24.75% (295/1192)
    GatingPrefetch Triggers=149
    Predictor TopK matches: 0=0 1=0 >=2=0
Layer 42 Cache Stats: Hits=1077, Misses=115, HitRate=90.35%
    Predictor Routed-Expert HitRate=N/A
    Loads Per Step: 0Loads=70, 1Load=50, >1Load=29
    Bandwidth: StallLoads=115, PrefetchLoads=35, AvgLoadTime=3.56ms
    PrefetchOverlap: HiddenReady=35, HiddenWait=0, TicksSkipped=0
    MissCause: NotPresent=115, NotReadyStall=0
    PrefetchEff: Dropped=0, AlreadyCached=263, UsedBeforeEvict=35, EvictedBeforeUse=0
    GatingPredict Recall=24.50% (292/1192)
    GatingPredict Precision=97.99% (292/298)
    GatingPrefetch Delivery=24.50% (292/1192)
    GatingPrefetch Triggers=149
    Predictor TopK matches: 0=0 1=0 >=2=0
Layer 43 Cache Stats: Hits=1108, Misses=84, HitRate=92.95%
    Predictor Routed-Expert HitRate=N/A
    Loads Per Step: 0Loads=86, 1Load=46, >1Load=17
    Bandwidth: StallLoads=84, PrefetchLoads=31, AvgLoadTime=3.66ms
    PrefetchOverlap: HiddenReady=31, HiddenWait=0, TicksSkipped=0
    MissCause: NotPresent=84, NotReadyStall=0
    PrefetchEff: Dropped=0, AlreadyCached=267, UsedBeforeEvict=31, EvictedBeforeUse=0
    GatingPredict Recall=25.00% (298/1192)
    GatingPredict Precision=100.00% (298/298)
    GatingPrefetch Delivery=25.00% (298/1192)
    GatingPrefetch Triggers=149
    Predictor TopK matches: 0=0 1=0 >=2=0
Layer 44 Cache Stats: Hits=1093, Misses=99, HitRate=91.69%
    Predictor Routed-Expert HitRate=N/A
    Loads Per Step: 0Loads=84, 1Load=37, >1Load=28
    Bandwidth: StallLoads=99, PrefetchLoads=15, AvgLoadTime=3.17ms
    PrefetchOverlap: HiddenReady=14, HiddenWait=0, TicksSkipped=0
    MissCause: NotPresent=99, NotReadyStall=0
    PrefetchEff: Dropped=0, AlreadyCached=283, UsedBeforeEvict=14, EvictedBeforeUse=1
    GatingPredict Recall=24.75% (295/1192)
    GatingPredict Precision=98.99% (295/298)
    GatingPrefetch Delivery=24.75% (295/1192)
    GatingPrefetch Triggers=149
    Predictor TopK matches: 0=0 1=0 >=2=0
Layer 45 Cache Stats: Hits=1099, Misses=93, HitRate=92.20%
    Predictor Routed-Expert HitRate=N/A
    Loads Per Step: 0Loads=86, 1Load=37, >1Load=26
    Bandwidth: StallLoads=93, PrefetchLoads=24, AvgLoadTime=3.33ms
    PrefetchOverlap: HiddenReady=24, HiddenWait=0, TicksSkipped=0
    MissCause: NotPresent=93, NotReadyStall=0
    PrefetchEff: Dropped=0, AlreadyCached=274, UsedBeforeEvict=24, EvictedBeforeUse=0
    GatingPredict Recall=25.00% (298/1192)
    GatingPredict Precision=100.00% (298/298)
    GatingPrefetch Delivery=25.00% (298/1192)
    GatingPrefetch Triggers=149
    Predictor TopK matches: 0=0 1=0 >=2=0
Layer 46 Cache Stats: Hits=1065, Misses=127, HitRate=89.35%
    Predictor Routed-Expert HitRate=N/A
    Loads Per Step: 0Loads=67, 1Load=49, >1Load=33
    Bandwidth: StallLoads=127, PrefetchLoads=43, AvgLoadTime=3.34ms
    PrefetchOverlap: HiddenReady=43, HiddenWait=0, TicksSkipped=0
    MissCause: NotPresent=127, NotReadyStall=0
    PrefetchEff: Dropped=0, AlreadyCached=255, UsedBeforeEvict=43, EvictedBeforeUse=0
    GatingPredict Recall=25.00% (298/1192)
    GatingPredict Precision=100.00% (298/298)
    GatingPrefetch Delivery=25.00% (298/1192)
    GatingPrefetch Triggers=149
    Predictor TopK matches: 0=0 1=0 >=2=0
Layer 47 Cache Stats: Hits=1017, Misses=175, HitRate=85.32%
    Predictor Routed-Expert HitRate=N/A
    Loads Per Step: 0Loads=61, 1Load=41, >1Load=47
    Bandwidth: StallLoads=175, PrefetchLoads=49, AvgLoadTime=2.93ms
    PrefetchOverlap: HiddenReady=49, HiddenWait=0, TicksSkipped=0
    MissCause: NotPresent=175, NotReadyStall=0
    PrefetchEff: Dropped=0, AlreadyCached=249, UsedBeforeEvict=49, EvictedBeforeUse=0
    GatingPredict Recall=23.49% (280/1192)
    GatingPredict Precision=93.96% (280/298)
    GatingPrefetch Delivery=23.49% (280/1192)
    GatingPrefetch Triggers=149
    Predictor TopK matches: 0=0 1=0 >=2=0
============================================================
============================================================
Initializing Qwen3 30B-A3B AWQ w4a16 quantized model...
============================================================
Loading quantized weights from QuixiAI/Qwen3-30B-A3B-AWQ...
Using saved safetensors: /home/michael/heteroPredict/py/unified_llm_w4a16/model_weights/Qwen3-30B-A3B-AWQ.safetensors
Expert weights dir: /home/michael/heteroPredict/py/unified_llm_w4a16/model_weights/Qwen3-30B-A3B-AWQ_packed  (format: packed)
Using existing attention weights in /home/michael/heteroPredict/py/unified_llm_w4a16/model_weights/Qwen3-30B-A3B-AWQ_unpacked
Weights loaded (expert dir override) in 0.29 seconds
Pre-warming expert cache with 48 experts...
Model initialized successfully!
Set expert cache policy to LRU.

Running sweep using prompts from JSON: /tmp/tmp8oi4vc3e.json
Loaded 1 prompts for sweeping.

Processing Prompt 1/1...

============================================================
Generated text only:
============================================================
 Stephens , which was performed in 2001 at the Royal Court Theatre . He had a guest role in the television series Judge John Deed in 2002 . In 2004 Boulter landed a role as " Craig " in the episode " Teddy 's Story " of the television series The Long Firm ; he starred alongside actors Mark Strong and Derek Jacobi . He was cast in the 2005 theatre productions of the Philip Ridley play Mercury Fur , which was performed at the Drum Theatre in Plymouth and the Menier Chocolate Factory in London . He was directed by John Tiffany and starred alongside Ben Whishaw , Shane Zaza , Harry Kent , Fraser Ayres , Sophie Stanton and Dominic Hall .
============================================================

============================================================
Sweep Complete.
Average Time per Token: 0.289595
End-to-End TPS: 3.4531
Cache Stats: Hits=51496, Misses=5720, HitRate=90.00%
Predictor Stats: Hits=0, Total=0, HitRate=0.00%
Initializing UnifiedLLMW4A16Impl_base
Using NPU config struct.
Configuring NPU (Base):
  Heterogeneity: gpu
  GPU Count: 1
  Debug Verbosity: 1
  Dummy Weights: false
  Warmup: false
  Preload MoE: true
  Minimal PDI: true
[GPU SELECT] Free VRAM ranking: gpu0=28.00/28.00 GiB
[GPU SELECT] Selected GPUs for gpu-count=1: [0]
[GPU MAP] Single-GPU placement on gpu0
[Layer 1] cache partition: main=46 speculative=2 (fraction=0.0416667)
[GatingHeuristicPredictor Layer 1] prefetch_count=2 softmax_before_topk=yes
[Layer 2] cache partition: main=46 speculative=2 (fraction=0.0416667)
[GatingHeuristicPredictor Layer 2] prefetch_count=2 softmax_before_topk=yes
[Layer 3] cache partition: main=46 speculative=2 (fraction=0.0416667)
[GatingHeuristicPredictor Layer 3] prefetch_count=2 softmax_before_topk=yes
[Layer 4] cache partition: main=46 speculative=2 (fraction=0.0416667)
[GatingHeuristicPredictor Layer 4] prefetch_count=2 softmax_before_topk=yes
[Layer 5] cache partition: main=46 speculative=2 (fraction=0.0416667)
[GatingHeuristicPredictor Layer 5] prefetch_count=2 softmax_before_topk=yes
[Layer 6] cache partition: main=46 speculative=2 (fraction=0.0416667)
[GatingHeuristicPredictor Layer 6] prefetch_count=2 softmax_before_topk=yes
[Layer 7] cache partition: main=46 speculative=2 (fraction=0.0416667)
[GatingHeuristicPredictor Layer 7] prefetch_count=2 softmax_before_topk=yes
[Layer 8] cache partition: main=46 speculative=2 (fraction=0.0416667)
[GatingHeuristicPredictor Layer 8] prefetch_count=2 softmax_before_topk=yes
[Layer 9] cache partition: main=46 speculative=2 (fraction=0.0416667)
[GatingHeuristicPredictor Layer 9] prefetch_count=2 softmax_before_topk=yes
[Layer 10] cache partition: main=46 speculative=2 (fraction=0.0416667)
[GatingHeuristicPredictor Layer 10] prefetch_count=2 softmax_before_topk=yes
[Layer 11] cache partition: main=46 speculative=2 (fraction=0.0416667)
[GatingHeuristicPredictor Layer 11] prefetch_count=2 softmax_before_topk=yes
[Layer 12] cache partition: main=46 speculative=2 (fraction=0.0416667)
[GatingHeuristicPredictor Layer 12] prefetch_count=2 softmax_before_topk=yes
[Layer 13] cache partition: main=46 speculative=2 (fraction=0.0416667)
[GatingHeuristicPredictor Layer 13] prefetch_count=2 softmax_before_topk=yes
[Layer 14] cache partition: main=46 speculative=2 (fraction=0.0416667)
[GatingHeuristicPredictor Layer 14] prefetch_count=2 softmax_before_topk=yes
[Layer 15] cache partition: main=46 speculative=2 (fraction=0.0416667)
[GatingHeuristicPredictor Layer 15] prefetch_count=2 softmax_before_topk=yes
[Layer 16] cache partition: main=46 speculative=2 (fraction=0.0416667)
[GatingHeuristicPredictor Layer 16] prefetch_count=2 softmax_before_topk=yes
[Layer 17] cache partition: main=46 speculative=2 (fraction=0.0416667)
[GatingHeuristicPredictor Layer 17] prefetch_count=2 softmax_before_topk=yes
[Layer 18] cache partition: main=46 speculative=2 (fraction=0.0416667)
[GatingHeuristicPredictor Layer 18] prefetch_count=2 softmax_before_topk=yes
[Layer 19] cache partition: main=46 speculative=2 (fraction=0.0416667)
[GatingHeuristicPredictor Layer 19] prefetch_count=2 softmax_before_topk=yes
[Layer 20] cache partition: main=46 speculative=2 (fraction=0.0416667)
[GatingHeuristicPredictor Layer 20] prefetch_count=2 softmax_before_topk=yes
[Layer 21] cache partition: main=46 speculative=2 (fraction=0.0416667)
[GatingHeuristicPredictor Layer 21] prefetch_count=2 softmax_before_topk=yes
[Layer 22] cache partition: main=46 speculative=2 (fraction=0.0416667)
[GatingHeuristicPredictor Layer 22] prefetch_count=2 softmax_before_topk=yes
[Layer 23] cache partition: main=46 speculative=2 (fraction=0.0416667)
[GatingHeuristicPredictor Layer 23] prefetch_count=2 softmax_before_topk=yes
[Layer 24] cache partition: main=46 speculative=2 (fraction=0.0416667)
[GatingHeuristicPredictor Layer 24] prefetch_count=2 softmax_before_topk=yes
[Layer 25] cache partition: main=46 speculative=2 (fraction=0.0416667)
[GatingHeuristicPredictor Layer 25] prefetch_count=2 softmax_before_topk=yes
[Layer 26] cache partition: main=46 speculative=2 (fraction=0.0416667)
[GatingHeuristicPredictor Layer 26] prefetch_count=2 softmax_before_topk=yes
[Layer 27] cache partition: main=46 speculative=2 (fraction=0.0416667)
[GatingHeuristicPredictor Layer 27] prefetch_count=2 softmax_before_topk=yes
[Layer 28] cache partition: main=46 speculative=2 (fraction=0.0416667)
[GatingHeuristicPredictor Layer 28] prefetch_count=2 softmax_before_topk=yes
[Layer 29] cache partition: main=46 speculative=2 (fraction=0.0416667)
[GatingHeuristicPredictor Layer 29] prefetch_count=2 softmax_before_topk=yes
[Layer 30] cache partition: main=46 speculative=2 (fraction=0.0416667)
[GatingHeuristicPredictor Layer 30] prefetch_count=2 softmax_before_topk=yes
[Layer 31] cache partition: main=46 speculative=2 (fraction=0.0416667)
[GatingHeuristicPredictor Layer 31] prefetch_count=2 softmax_before_topk=yes
[Layer 32] cache partition: main=46 speculative=2 (fraction=0.0416667)
[GatingHeuristicPredictor Layer 32] prefetch_count=2 softmax_before_topk=yes
[Layer 33] cache partition: main=46 speculative=2 (fraction=0.0416667)
[GatingHeuristicPredictor Layer 33] prefetch_count=2 softmax_before_topk=yes
[Layer 34] cache partition: main=46 speculative=2 (fraction=0.0416667)
[GatingHeuristicPredictor Layer 34] prefetch_count=2 softmax_before_topk=yes
[Layer 35] cache partition: main=46 speculative=2 (fraction=0.0416667)
[GatingHeuristicPredictor Layer 35] prefetch_count=2 softmax_before_topk=yes
[Layer 36] cache partition: main=46 speculative=2 (fraction=0.0416667)
[GatingHeuristicPredictor Layer 36] prefetch_count=2 softmax_before_topk=yes
[Layer 37] cache partition: main=46 speculative=2 (fraction=0.0416667)
[GatingHeuristicPredictor Layer 37] prefetch_count=2 softmax_before_topk=yes
[Layer 38] cache partition: main=46 speculative=2 (fraction=0.0416667)
[GatingHeuristicPredictor Layer 38] prefetch_count=2 softmax_before_topk=yes
[Layer 39] cache partition: main=46 speculative=2 (fraction=0.0416667)
[GatingHeuristicPredictor Layer 39] prefetch_count=2 softmax_before_topk=yes
[Layer 40] cache partition: main=46 speculative=2 (fraction=0.0416667)
[GatingHeuristicPredictor Layer 40] prefetch_count=2 softmax_before_topk=yes
[Layer 41] cache partition: main=46 speculative=2 (fraction=0.0416667)
[GatingHeuristicPredictor Layer 41] prefetch_count=2 softmax_before_topk=yes
[Layer 42] cache partition: main=46 speculative=2 (fraction=0.0416667)
[GatingHeuristicPredictor Layer 42] prefetch_count=2 softmax_before_topk=yes
[Layer 43] cache partition: main=46 speculative=2 (fraction=0.0416667)
[GatingHeuristicPredictor Layer 43] prefetch_count=2 softmax_before_topk=yes
[Layer 44] cache partition: main=46 speculative=2 (fraction=0.0416667)
[GatingHeuristicPredictor Layer 44] prefetch_count=2 softmax_before_topk=yes
[Layer 45] cache partition: main=46 speculative=2 (fraction=0.0416667)
[GatingHeuristicPredictor Layer 45] prefetch_count=2 softmax_before_topk=yes
[Layer 46] cache partition: main=46 speculative=2 (fraction=0.0416667)
[GatingHeuristicPredictor Layer 46] prefetch_count=2 softmax_before_topk=yes
[Layer 47] cache partition: main=46 speculative=2 (fraction=0.0416667)
[GatingHeuristicPredictor Layer 47] prefetch_count=2 softmax_before_topk=yes
UnifiedLLMW4A16 moved to device: cuda:0
Preloading MoE kernels...
MoE kernels preloaded.
UnifiedLLMW4A16 initialized on device: cuda:0 with w4a16 quantization
Loading non-quantized weights from safetensors (mmap): /home/michael/heteroPredict/py/unified_llm_w4a16/model_weights/Qwen3-30B-A3B-AWQ.safetensors
Loaded 243 non-quantized parameters, skipped 0
Loading quantized weights from bins: /home/michael/heteroPredict/py/unified_llm_w4a16/model_weights/Qwen3-30B-A3B-AWQ_unpacked
  Expert weights dir override: /home/michael/heteroPredict/py/unified_llm_w4a16/model_weights/Qwen3-30B-A3B-AWQ_packed
Pre-warming 48 experts for all layers...
Layer 0: Pre-warming 46 experts.
Layer 0: using packed expert format.
[MoE I/O] Expert weight reads require O_DIRECT (no buffered fallback).
Layer 1: Pre-warming 46 experts.
Layer 1: using packed expert format.
Layer 2: Pre-warming 46 experts.
Layer 2: using packed expert format.
Layer 3: Pre-warming 46 experts.
Layer 3: using packed expert format.
Prewarmed experts for layer 4/48
Layer 4: Pre-warming 46 experts.
Layer 4: using packed expert format.
Layer 5: Pre-warming 46 experts.
Layer 5: using packed expert format.
Layer 6: Pre-warming 46 experts.
Layer 6: using packed expert format.
Layer 7: Pre-warming 46 experts.
Layer 7: using packed expert format.
Prewarmed experts for layer 8/48
Layer 8: Pre-warming 46 experts.
Layer 8: using packed expert format.
Layer 9: Pre-warming 46 experts.
Layer 9: using packed expert format.
Layer 10: Pre-warming 46 experts.
Layer 10: using packed expert format.
Layer 11: Pre-warming 46 experts.
Layer 11: using packed expert format.
Prewarmed experts for layer 12/48
Layer 12: Pre-warming 46 experts.
Layer 12: using packed expert format.
Layer 13: Pre-warming 46 experts.
Layer 13: using packed expert format.
Layer 14: Pre-warming 46 experts.
Layer 14: using packed expert format.
Layer 15: Pre-warming 46 experts.
Layer 15: using packed expert format.
Prewarmed experts for layer 16/48
Layer 16: Pre-warming 46 experts.
Layer 16: using packed expert format.
Layer 17: Pre-warming 46 experts.
Layer 17: using packed expert format.
Layer 18: Pre-warming 46 experts.
Layer 18: using packed expert format.
Layer 19: Pre-warming 46 experts.
Layer 19: using packed expert format.
Prewarmed experts for layer 20/48
Layer 20: Pre-warming 46 experts.
Layer 20: using packed expert format.
Layer 21: Pre-warming 46 experts.
Layer 21: using packed expert format.
Layer 22: Pre-warming 46 experts.
Layer 22: using packed expert format.
Layer 23: Pre-warming 46 experts.
Layer 23: using packed expert format.
Prewarmed experts for layer 24/48
Layer 24: Pre-warming 46 experts.
Layer 24: using packed expert format.
Layer 25: Pre-warming 46 experts.
Layer 25: using packed expert format.
Layer 26: Pre-warming 46 experts.
Layer 26: using packed expert format.
Layer 27: Pre-warming 46 experts.
Layer 27: using packed expert format.
Prewarmed experts for layer 28/48
Layer 28: Pre-warming 46 experts.
Layer 28: using packed expert format.
Layer 29: Pre-warming 46 experts.
Layer 29: using packed expert format.
Layer 30: Pre-warming 46 experts.
Layer 30: using packed expert format.
Layer 31: Pre-warming 46 experts.
Layer 31: using packed expert format.
Prewarmed experts for layer 32/48
Layer 32: Pre-warming 46 experts.
Layer 32: using packed expert format.
Layer 33: Pre-warming 46 experts.
Layer 33: using packed expert format.
Layer 34: Pre-warming 46 experts.
Layer 34: using packed expert format.
Layer 35: Pre-warming 46 experts.
Layer 35: using packed expert format.
Prewarmed experts for layer 36/48
Layer 36: Pre-warming 46 experts.
Layer 36: using packed expert format.
Layer 37: Pre-warming 46 experts.
Layer 37: using packed expert format.
Layer 38: Pre-warming 46 experts.
Layer 38: using packed expert format.
Layer 39: Pre-warming 46 experts.
Layer 39: using packed expert format.
Prewarmed experts for layer 40/48
Layer 40: Pre-warming 46 experts.
Layer 40: using packed expert format.
Layer 41: Pre-warming 46 experts.
Layer 41: using packed expert format.
Layer 42: Pre-warming 46 experts.
Layer 42: using packed expert format.
Layer 43: Pre-warming 46 experts.
Layer 43: using packed expert format.
Prewarmed experts for layer 44/48
Layer 44: Pre-warming 46 experts.
Layer 44: using packed expert format.
Layer 45: Pre-warming 46 experts.
Layer 45: using packed expert format.
Layer 46: Pre-warming 46 experts.
Layer 46: using packed expert format.
Layer 47: Pre-warming 46 experts.
Layer 47: using packed expert format.
Prewarmed experts for layer 48/48
Libtorch input_ids shape: [1, 512]
Skipping warmup.
Prefill time: 16.8631 seconds
Generation phase
[Layer 0 Step 0 Debug] Slots before check: 96 97 98 99 100 101 102 103 104 105 106 107 108 109 110 111 112 114 115 116 117 118 119 120 121 122 123 124 125 126 127 81 82 83 84 85 86 87 88 89 90 91 92 93 94 95 -1 -1 
[Layer 0 Step 0 Debug] Requested: 28 92 33 89 4 124 22 87 
[gen 5/149] elapsed=1.7s  TPS=2.927
[gen 10/149] elapsed=3.1s  TPS=3.247
[gen 15/149] elapsed=4.3s  TPS=3.455
[gen 20/149] elapsed=5.4s  TPS=3.676
[gen 25/149] elapsed=6.2s  TPS=4.033
[gen 30/149] elapsed=7.3s  TPS=4.087
[gen 35/149] elapsed=8.5s  TPS=4.120
[gen 40/149] elapsed=9.4s  TPS=4.239
[gen 45/149] elapsed=10.3s  TPS=4.373
[gen 50/149] elapsed=11.1s  TPS=4.488
[gen 55/149] elapsed=12.1s  TPS=4.559
[gen 60/149] elapsed=12.9s  TPS=4.644
[gen 65/149] elapsed=13.7s  TPS=4.758
[gen 70/149] elapsed=14.6s  TPS=4.792
[gen 75/149] elapsed=15.5s  TPS=4.829
[gen 80/149] elapsed=16.5s  TPS=4.863
[gen 85/149] elapsed=17.3s  TPS=4.913
[gen 90/149] elapsed=18.1s  TPS=4.974
[gen 95/149] elapsed=19.0s  TPS=5.002
[gen 100/149] elapsed=19.8s  TPS=5.043
[gen 105/149] elapsed=20.9s  TPS=5.029
[gen 110/149] elapsed=21.9s  TPS=5.024
[gen 115/149] elapsed=22.9s  TPS=5.011
[gen 120/149] elapsed=23.8s  TPS=5.035
[gen 125/149] elapsed=24.8s  TPS=5.041
[gen 130/149] elapsed=26.0s  TPS=5.005
[gen 135/149] elapsed=27.0s  TPS=5.002
[gen 140/149] elapsed=27.8s  TPS=5.033
[gen 145/149] elapsed=28.7s  TPS=5.050
Prefill time (summary): 16.863 seconds
Total Generation Time: 29.396 seconds
Average Time per Token: 0.197287 seconds

Expert Cache Statistics:
Layer 0 Cache Stats: Hits=719, Misses=473, HitRate=60.32%
    Predictor Routed-Expert HitRate=N/A
    Loads Per Step: 0Loads=13, 1Load=26, >1Load=110
    Bandwidth: StallLoads=473, PrefetchLoads=0, AvgLoadTime=2.27ms
    MissCause: NotPresent=473, NotReadyStall=0
    GlobalSpecLoad: PeakConcurrent=2
    Predictor TopK matches: 0=0 1=0 >=2=0
Layer 1 Cache Stats: Hits=883, Misses=309, HitRate=74.08%
    Predictor Routed-Expert HitRate=N/A
    Loads Per Step: 0Loads=18, 1Load=38, >1Load=93
    Bandwidth: StallLoads=309, PrefetchLoads=66, AvgLoadTime=2.96ms
    PrefetchOverlap: HiddenReady=55, HiddenWait=0, TicksSkipped=0
    MissCause: NotPresent=309, NotReadyStall=0
    PrefetchEff: Dropped=0, AlreadyCached=232, UsedBeforeEvict=55, EvictedBeforeUse=11
    GatingPredict Recall=21.64% (258/1192)
    GatingPredict Precision=86.58% (258/298)
    GatingPrefetch Delivery=21.73% (259/1192)
    GatingPrefetch Triggers=149
    Predictor TopK matches: 0=0 1=0 >=2=0
Layer 2 Cache Stats: Hits=1002, Misses=190, HitRate=84.06%
    Predictor Routed-Expert HitRate=N/A
    Loads Per Step: 0Loads=42, 1Load=54, >1Load=53
    Bandwidth: StallLoads=190, PrefetchLoads=73, AvgLoadTime=3.33ms
    PrefetchOverlap: HiddenReady=73, HiddenWait=0, TicksSkipped=0
    MissCause: NotPresent=190, NotReadyStall=0
    PrefetchEff: Dropped=0, AlreadyCached=225, UsedBeforeEvict=73, EvictedBeforeUse=0
    GatingPredict Recall=24.33% (290/1192)
    GatingPredict Precision=97.32% (290/298)
    GatingPrefetch Delivery=24.33% (290/1192)
    GatingPrefetch Triggers=149
    Predictor TopK matches: 0=0 1=0 >=2=0
Layer 3 Cache Stats: Hits=918, Misses=274, HitRate=77.01%
    Predictor Routed-Expert HitRate=N/A
    Loads Per Step: 0Loads=18, 1Load=49, >1Load=82
    Bandwidth: StallLoads=274, PrefetchLoads=68, AvgLoadTime=2.98ms
    PrefetchOverlap: HiddenReady=66, HiddenWait=0, TicksSkipped=0
    MissCause: NotPresent=274, NotReadyStall=0
    PrefetchEff: Dropped=0, AlreadyCached=230, UsedBeforeEvict=66, EvictedBeforeUse=2
    GatingPredict Recall=23.57% (281/1192)
    GatingPredict Precision=94.30% (281/298)
    GatingPrefetch Delivery=23.57% (281/1192)
    GatingPrefetch Triggers=149
    Predictor TopK matches: 0=0 1=0 >=2=0
Layer 4 Cache Stats: Hits=1023, Misses=169, HitRate=85.82%
    Predictor Routed-Expert HitRate=N/A
    Loads Per Step: 0Loads=49, 1Load=50, >1Load=50
    Bandwidth: StallLoads=169, PrefetchLoads=52, AvgLoadTime=3.27ms
    PrefetchOverlap: HiddenReady=50, HiddenWait=0, TicksSkipped=0
    MissCause: NotPresent=169, NotReadyStall=0
    PrefetchEff: Dropped=0, AlreadyCached=246, UsedBeforeEvict=50, EvictedBeforeUse=2
    GatingPredict Recall=24.33% (290/1192)
    GatingPredict Precision=97.32% (290/298)
    GatingPrefetch Delivery=24.33% (290/1192)
    GatingPrefetch Triggers=149
    Predictor TopK matches: 0=0 1=0 >=2=0
Layer 5 Cache Stats: Hits=1064, Misses=128, HitRate=89.26%
    Predictor Routed-Expert HitRate=N/A
    Loads Per Step: 0Loads=66, 1Load=48, >1Load=35
    Bandwidth: StallLoads=128, PrefetchLoads=25, AvgLoadTime=3.25ms
    PrefetchOverlap: HiddenReady=24, HiddenWait=0, TicksSkipped=0
    MissCause: NotPresent=128, NotReadyStall=0
    PrefetchEff: Dropped=0, AlreadyCached=273, UsedBeforeEvict=24, EvictedBeforeUse=0
    GatingPredict Recall=24.33% (290/1192)
    GatingPredict Precision=97.32% (290/298)
    GatingPrefetch Delivery=24.33% (290/1192)
    GatingPrefetch Triggers=149
    Predictor TopK matches: 0=0 1=0 >=2=0
Layer 6 Cache Stats: Hits=1136, Misses=56, HitRate=95.30%
    Predictor Routed-Expert HitRate=N/A
    Loads Per Step: 0Loads=107, 1Load=31, >1Load=11
    Bandwidth: StallLoads=56, PrefetchLoads=12, AvgLoadTime=3.52ms
    PrefetchOverlap: HiddenReady=12, HiddenWait=0, TicksSkipped=0
    MissCause: NotPresent=56, NotReadyStall=0
    PrefetchEff: Dropped=0, AlreadyCached=286, UsedBeforeEvict=12, EvictedBeforeUse=0
    GatingPredict Recall=25.00% (298/1192)
    GatingPredict Precision=100.00% (298/298)
    GatingPrefetch Delivery=25.00% (298/1192)
    GatingPrefetch Triggers=149
    Predictor TopK matches: 0=0 1=0 >=2=0
Layer 7 Cache Stats: Hits=1145, Misses=47, HitRate=96.06%
    Predictor Routed-Expert HitRate=N/A
    Loads Per Step: 0Loads=117, 1Load=22, >1Load=10
    Bandwidth: StallLoads=47, PrefetchLoads=6, AvgLoadTime=3.24ms
    PrefetchOverlap: HiddenReady=6, HiddenWait=0, TicksSkipped=0
    MissCause: NotPresent=47, NotReadyStall=0
    PrefetchEff: Dropped=0, AlreadyCached=292, UsedBeforeEvict=6, EvictedBeforeUse=0
    GatingPredict Recall=24.92% (297/1192)
    GatingPredict Precision=99.66% (297/298)
    GatingPrefetch Delivery=24.92% (297/1192)
    GatingPrefetch Triggers=149
    Predictor TopK matches: 0=0 1=0 >=2=0
Layer 8 Cache Stats: Hits=1055, Misses=137, HitRate=88.51%
    Predictor Routed-Expert HitRate=N/A
    Loads Per Step: 0Loads=60, 1Load=52, >1Load=37
    Bandwidth: StallLoads=137, PrefetchLoads=26, AvgLoadTime=3.05ms
    PrefetchOverlap: HiddenReady=26, HiddenWait=0, TicksSkipped=0
    MissCause: NotPresent=137, NotReadyStall=0
    PrefetchEff: Dropped=0, AlreadyCached=272, UsedBeforeEvict=26, EvictedBeforeUse=0
    GatingPredict Recall=24.83% (296/1192)
    GatingPredict Precision=99.33% (296/298)
    GatingPrefetch Delivery=24.83% (296/1192)
    GatingPrefetch Triggers=149
    Predictor TopK matches: 0=0 1=0 >=2=0
Layer 9 Cache Stats: Hits=1114, Misses=78, HitRate=93.46%
    Predictor Routed-Expert HitRate=N/A
    Loads Per Step: 0Loads=92, 1Load=41, >1Load=16
    Bandwidth: StallLoads=78, PrefetchLoads=9, AvgLoadTime=3.52ms
    PrefetchOverlap: HiddenReady=9, HiddenWait=0, TicksSkipped=0
    MissCause: NotPresent=78, NotReadyStall=0
    PrefetchEff: Dropped=0, AlreadyCached=289, UsedBeforeEvict=9, EvictedBeforeUse=0
    GatingPredict Recall=24.92% (297/1192)
    GatingPredict Precision=99.66% (297/298)
    GatingPrefetch Delivery=24.92% (297/1192)
    GatingPrefetch Triggers=149
    Predictor TopK matches: 0=0 1=0 >=2=0
Layer 10 Cache Stats: Hits=1045, Misses=147, HitRate=87.67%
    Predictor Routed-Expert HitRate=N/A
    Loads Per Step: 0Loads=57, 1Load=45, >1Load=47
    Bandwidth: StallLoads=147, PrefetchLoads=30, AvgLoadTime=3.25ms
    PrefetchOverlap: HiddenReady=30, HiddenWait=0, TicksSkipped=0
    MissCause: NotPresent=147, NotReadyStall=0
    PrefetchEff: Dropped=0, AlreadyCached=268, UsedBeforeEvict=30, EvictedBeforeUse=0
    GatingPredict Recall=25.00% (298/1192)
    GatingPredict Precision=100.00% (298/298)
    GatingPrefetch Delivery=25.00% (298/1192)
    GatingPrefetch Triggers=149
    Predictor TopK matches: 0=0 1=0 >=2=0
Layer 11 Cache Stats: Hits=1007, Misses=185, HitRate=84.48%
    Predictor Routed-Expert HitRate=N/A
    Loads Per Step: 0Loads=47, 1Load=46, >1Load=56
    Bandwidth: StallLoads=185, PrefetchLoads=29, AvgLoadTime=2.94ms
    PrefetchOverlap: HiddenReady=29, HiddenWait=0, TicksSkipped=0
    MissCause: NotPresent=185, NotReadyStall=0
    PrefetchEff: Dropped=0, AlreadyCached=269, UsedBeforeEvict=29, EvictedBeforeUse=0
    GatingPredict Recall=25.00% (298/1192)
    GatingPredict Precision=100.00% (298/298)
    GatingPrefetch Delivery=25.00% (298/1192)
    GatingPrefetch Triggers=149
    Predictor TopK matches: 0=0 1=0 >=2=0
Layer 12 Cache Stats: Hits=1103, Misses=89, HitRate=92.53%
    Predictor Routed-Expert HitRate=N/A
    Loads Per Step: 0Loads=81, 1Load=52, >1Load=16
    Bandwidth: StallLoads=89, PrefetchLoads=23, AvgLoadTime=3.77ms
    PrefetchOverlap: HiddenReady=22, HiddenWait=0, TicksSkipped=0
    MissCause: NotPresent=89, NotReadyStall=0
    PrefetchEff: Dropped=0, AlreadyCached=275, UsedBeforeEvict=22, EvictedBeforeUse=1
    GatingPredict Recall=24.92% (297/1192)
    GatingPredict Precision=99.66% (297/298)
    GatingPrefetch Delivery=24.92% (297/1192)
    GatingPrefetch Triggers=149
    Predictor TopK matches: 0=0 1=0 >=2=0
Layer 13 Cache Stats: Hits=1005, Misses=187, HitRate=84.31%
    Predictor Routed-Expert HitRate=N/A
    Loads Per Step: 0Loads=41, 1Load=57, >1Load=51
    Bandwidth: StallLoads=187, PrefetchLoads=35, AvgLoadTime=3.10ms
    PrefetchOverlap: HiddenReady=35, HiddenWait=0, TicksSkipped=0
    MissCause: NotPresent=187, NotReadyStall=0
    PrefetchEff: Dropped=0, AlreadyCached=263, UsedBeforeEvict=35, EvictedBeforeUse=0
    GatingPredict Recall=25.00% (298/1192)
    GatingPredict Precision=100.00% (298/298)
    GatingPrefetch Delivery=25.00% (298/1192)
    GatingPrefetch Triggers=149
    Predictor TopK matches: 0=0 1=0 >=2=0
Layer 14 Cache Stats: Hits=1083, Misses=109, HitRate=90.86%
    Predictor Routed-Expert HitRate=N/A
    Loads Per Step: 0Loads=70, 1Load=55, >1Load=24
    Bandwidth: StallLoads=109, PrefetchLoads=26, AvgLoadTime=3.48ms
    PrefetchOverlap: HiddenReady=26, HiddenWait=0, TicksSkipped=0
    MissCause: NotPresent=109, NotReadyStall=0
    PrefetchEff: Dropped=0, AlreadyCached=272, UsedBeforeEvict=26, EvictedBeforeUse=0
    GatingPredict Recall=24.83% (296/1192)
    GatingPredict Precision=99.33% (296/298)
    GatingPrefetch Delivery=24.83% (296/1192)
    GatingPrefetch Triggers=149
    Predictor TopK matches: 0=0 1=0 >=2=0
Layer 15 Cache Stats: Hits=1104, Misses=88, HitRate=92.62%
    Predictor Routed-Expert HitRate=N/A
    Loads Per Step: 0Loads=80, 1Load=54, >1Load=15
    Bandwidth: StallLoads=88, PrefetchLoads=9, AvgLoadTime=3.35ms
    PrefetchOverlap: HiddenReady=9, HiddenWait=0, TicksSkipped=0
    MissCause: NotPresent=88, NotReadyStall=0
    PrefetchEff: Dropped=0, AlreadyCached=289, UsedBeforeEvict=9, EvictedBeforeUse=0
    GatingPredict Recall=24.92% (297/1192)
    GatingPredict Precision=99.66% (297/298)
    GatingPrefetch Delivery=24.92% (297/1192)
    GatingPrefetch Triggers=149
    Predictor TopK matches: 0=0 1=0 >=2=0
Layer 16 Cache Stats: Hits=1081, Misses=111, HitRate=90.69%
    Predictor Routed-Expert HitRate=N/A
    Loads Per Step: 0Loads=70, 1Load=54, >1Load=25
    Bandwidth: StallLoads=111, PrefetchLoads=14, AvgLoadTime=3.30ms
    PrefetchOverlap: HiddenReady=14, HiddenWait=0, TicksSkipped=0
    MissCause: NotPresent=111, NotReadyStall=0
    PrefetchEff: Dropped=0, AlreadyCached=284, UsedBeforeEvict=14, EvictedBeforeUse=0
    GatingPredict Recall=25.00% (298/1192)
    GatingPredict Precision=100.00% (298/298)
    GatingPrefetch Delivery=25.00% (298/1192)
    GatingPrefetch Triggers=149
    Predictor TopK matches: 0=0 1=0 >=2=0
Layer 17 Cache Stats: Hits=1058, Misses=134, HitRate=88.76%
    Predictor Routed-Expert HitRate=N/A
    Loads Per Step: 0Loads=61, 1Load=51, >1Load=37
    Bandwidth: StallLoads=134, PrefetchLoads=22, AvgLoadTime=3.17ms
    PrefetchOverlap: HiddenReady=22, HiddenWait=0, TicksSkipped=0
    MissCause: NotPresent=134, NotReadyStall=0
    PrefetchEff: Dropped=0, AlreadyCached=276, UsedBeforeEvict=22, EvictedBeforeUse=0
    GatingPredict Recall=25.00% (298/1192)
    GatingPredict Precision=100.00% (298/298)
    GatingPrefetch Delivery=25.00% (298/1192)
    GatingPrefetch Triggers=149
    Predictor TopK matches: 0=0 1=0 >=2=0
Layer 18 Cache Stats: Hits=1147, Misses=45, HitRate=96.22%
    Predictor Routed-Expert HitRate=N/A
    Loads Per Step: 0Loads=115, 1Load=28, >1Load=6
    Bandwidth: StallLoads=45, PrefetchLoads=15, AvgLoadTime=3.52ms
    PrefetchOverlap: HiddenReady=14, HiddenWait=0, TicksSkipped=0
    MissCause: NotPresent=45, NotReadyStall=0
    PrefetchEff: Dropped=0, AlreadyCached=283, UsedBeforeEvict=14, EvictedBeforeUse=0
    GatingPredict Recall=24.92% (297/1192)
    GatingPredict Precision=99.66% (297/298)
    GatingPrefetch Delivery=24.92% (297/1192)
    GatingPrefetch Triggers=149
    Predictor TopK matches: 0=0 1=0 >=2=0
Layer 19 Cache Stats: Hits=1161, Misses=31, HitRate=97.40%
    Predictor Routed-Expert HitRate=N/A
    Loads Per Step: 0Loads=126, 1Load=17, >1Load=6
    Bandwidth: StallLoads=31, PrefetchLoads=8, AvgLoadTime=3.57ms
    PrefetchOverlap: HiddenReady=8, HiddenWait=0, TicksSkipped=0
    MissCause: NotPresent=31, NotReadyStall=0
    PrefetchEff: Dropped=0, AlreadyCached=290, UsedBeforeEvict=8, EvictedBeforeUse=0
    GatingPredict Recall=24.92% (297/1192)
    GatingPredict Precision=99.66% (297/298)
    GatingPrefetch Delivery=24.92% (297/1192)
    GatingPrefetch Triggers=149
    Predictor TopK matches: 0=0 1=0 >=2=0
Layer 20 Cache Stats: Hits=1105, Misses=87, HitRate=92.70%
    Predictor Routed-Expert HitRate=N/A
    Loads Per Step: 0Loads=83, 1Load=48, >1Load=18
    Bandwidth: StallLoads=87, PrefetchLoads=15, AvgLoadTime=3.22ms
    PrefetchOverlap: HiddenReady=15, HiddenWait=0, TicksSkipped=0
    MissCause: NotPresent=87, NotReadyStall=0
    PrefetchEff: Dropped=0, AlreadyCached=283, UsedBeforeEvict=15, EvictedBeforeUse=0
    GatingPredict Recall=24.83% (296/1192)
    GatingPredict Precision=99.33% (296/298)
    GatingPrefetch Delivery=24.92% (297/1192)
    GatingPrefetch Triggers=149
    Predictor TopK matches: 0=0 1=0 >=2=0
Layer 21 Cache Stats: Hits=1133, Misses=59, HitRate=95.05%
    Predictor Routed-Expert HitRate=N/A
    Loads Per Step: 0Loads=103, 1Load=38, >1Load=8
    Bandwidth: StallLoads=59, PrefetchLoads=6, AvgLoadTime=3.48ms
    PrefetchOverlap: HiddenReady=6, HiddenWait=0, TicksSkipped=0
    MissCause: NotPresent=59, NotReadyStall=0
    PrefetchEff: Dropped=0, AlreadyCached=292, UsedBeforeEvict=6, EvictedBeforeUse=0
    GatingPredict Recall=25.00% (298/1192)
    GatingPredict Precision=100.00% (298/298)
    GatingPrefetch Delivery=25.00% (298/1192)
    GatingPrefetch Triggers=149
    Predictor TopK matches: 0=0 1=0 >=2=0
Layer 22 Cache Stats: Hits=1066, Misses=126, HitRate=89.43%
    Predictor Routed-Expert HitRate=N/A
    Loads Per Step: 0Loads=66, 1Load=52, >1Load=31
    Bandwidth: StallLoads=126, PrefetchLoads=14, AvgLoadTime=3.25ms
    PrefetchOverlap: HiddenReady=14, HiddenWait=0, TicksSkipped=0
    MissCause: NotPresent=126, NotReadyStall=0
    PrefetchEff: Dropped=0, AlreadyCached=284, UsedBeforeEvict=14, EvictedBeforeUse=0
    GatingPredict Recall=25.00% (298/1192)
    GatingPredict Precision=100.00% (298/298)
    GatingPrefetch Delivery=25.00% (298/1192)
    GatingPrefetch Triggers=149
    Predictor TopK matches: 0=0 1=0 >=2=0
Layer 23 Cache Stats: Hits=1005, Misses=187, HitRate=84.31%
    Predictor Routed-Expert HitRate=N/A
    Loads Per Step: 0Loads=37, 1Load=59, >1Load=53
    Bandwidth: StallLoads=187, PrefetchLoads=34, AvgLoadTime=3.04ms
    PrefetchOverlap: HiddenReady=34, HiddenWait=0, TicksSkipped=0
    MissCause: NotPresent=187, NotReadyStall=0
    PrefetchEff: Dropped=0, AlreadyCached=264, UsedBeforeEvict=34, EvictedBeforeUse=0
    GatingPredict Recall=24.41% (291/1192)
    GatingPredict Precision=97.65% (291/298)
    GatingPrefetch Delivery=24.41% (291/1192)
    GatingPrefetch Triggers=149
    Predictor TopK matches: 0=0 1=0 >=2=0
Layer 24 Cache Stats: Hits=1083, Misses=109, HitRate=90.86%
    Predictor Routed-Expert HitRate=N/A
    Loads Per Step: 0Loads=73, 1Load=50, >1Load=26
    Bandwidth: StallLoads=109, PrefetchLoads=11, AvgLoadTime=3.41ms
    PrefetchOverlap: HiddenReady=10, HiddenWait=0, TicksSkipped=0
    MissCause: NotPresent=109, NotReadyStall=0
    PrefetchEff: Dropped=0, AlreadyCached=287, UsedBeforeEvict=10, EvictedBeforeUse=1
    GatingPredict Recall=24.75% (295/1192)
    GatingPredict Precision=98.99% (295/298)
    GatingPrefetch Delivery=24.75% (295/1192)
    GatingPrefetch Triggers=149
    Predictor TopK matches: 0=0 1=0 >=2=0
Layer 25 Cache Stats: Hits=995, Misses=197, HitRate=83.47%
    Predictor Routed-Expert HitRate=N/A
    Loads Per Step: 0Loads=37, 1Load=54, >1Load=58
    Bandwidth: StallLoads=197, PrefetchLoads=40, AvgLoadTime=3.10ms
    PrefetchOverlap: HiddenReady=40, HiddenWait=0, TicksSkipped=0
    MissCause: NotPresent=197, NotReadyStall=0
    PrefetchEff: Dropped=0, AlreadyCached=258, UsedBeforeEvict=40, EvictedBeforeUse=0
    GatingPredict Recall=25.00% (298/1192)
    GatingPredict Precision=100.00% (298/298)
    GatingPrefetch Delivery=25.00% (298/1192)
    GatingPrefetch Triggers=149
    Predictor TopK matches: 0=0 1=0 >=2=0
Layer 26 Cache Stats: Hits=1085, Misses=107, HitRate=91.02%
    Predictor Routed-Expert HitRate=N/A
    Loads Per Step: 0Loads=66, 1Load=63, >1Load=20
    Bandwidth: StallLoads=107, PrefetchLoads=25, AvgLoadTime=3.38ms
    PrefetchOverlap: HiddenReady=25, HiddenWait=0, TicksSkipped=0
    MissCause: NotPresent=107, NotReadyStall=0
    PrefetchEff: Dropped=0, AlreadyCached=273, UsedBeforeEvict=25, EvictedBeforeUse=0
    GatingPredict Recall=25.00% (298/1192)
    GatingPredict Precision=100.00% (298/298)
    GatingPrefetch Delivery=25.00% (298/1192)
    GatingPrefetch Triggers=149
    Predictor TopK matches: 0=0 1=0 >=2=0
Layer 27 Cache Stats: Hits=1095, Misses=97, HitRate=91.86%
    Predictor Routed-Expert HitRate=N/A
    Loads Per Step: 0Loads=75, 1Load=55, >1Load=19
    Bandwidth: StallLoads=97, PrefetchLoads=6, AvgLoadTime=3.48ms
    PrefetchOverlap: HiddenReady=6, HiddenWait=0, TicksSkipped=0
    MissCause: NotPresent=97, NotReadyStall=0
    PrefetchEff: Dropped=0, AlreadyCached=292, UsedBeforeEvict=6, EvictedBeforeUse=0
    GatingPredict Recall=25.00% (298/1192)
    GatingPredict Precision=100.00% (298/298)
    GatingPrefetch Delivery=25.00% (298/1192)
    GatingPrefetch Triggers=149
    Predictor TopK matches: 0=0 1=0 >=2=0
Layer 28 Cache Stats: Hits=1078, Misses=114, HitRate=90.44%
    Predictor Routed-Expert HitRate=N/A
    Loads Per Step: 0Loads=64, 1Load=62, >1Load=23
    Bandwidth: StallLoads=114, PrefetchLoads=23, AvgLoadTime=3.44ms
    PrefetchOverlap: HiddenReady=23, HiddenWait=0, TicksSkipped=0
    MissCause: NotPresent=114, NotReadyStall=0
    PrefetchEff: Dropped=0, AlreadyCached=275, UsedBeforeEvict=23, EvictedBeforeUse=0
    GatingPredict Recall=25.00% (298/1192)
    GatingPredict Precision=100.00% (298/298)
    GatingPrefetch Delivery=25.00% (298/1192)
    GatingPrefetch Triggers=149
    Predictor TopK matches: 0=0 1=0 >=2=0
Layer 29 Cache Stats: Hits=1034, Misses=158, HitRate=86.74%
    Predictor Routed-Expert HitRate=N/A
    Loads Per Step: 0Loads=46, 1Load=67, >1Load=36
    Bandwidth: StallLoads=158, PrefetchLoads=35, AvgLoadTime=3.16ms
    PrefetchOverlap: HiddenReady=35, HiddenWait=0, TicksSkipped=0
    MissCause: NotPresent=158, NotReadyStall=0
    PrefetchEff: Dropped=0, AlreadyCached=263, UsedBeforeEvict=35, EvictedBeforeUse=0
    GatingPredict Recall=25.00% (298/1192)
    GatingPredict Precision=100.00% (298/298)
    GatingPrefetch Delivery=25.00% (298/1192)
    GatingPrefetch Triggers=149
    Predictor TopK matches: 0=0 1=0 >=2=0
Layer 30 Cache Stats: Hits=1136, Misses=56, HitRate=95.30%
    Predictor Routed-Expert HitRate=N/A
    Loads Per Step: 0Loads=103, 1Load=38, >1Load=8
    Bandwidth: StallLoads=56, PrefetchLoads=7, AvgLoadTime=3.39ms
    PrefetchOverlap: HiddenReady=7, HiddenWait=0, TicksSkipped=0
    MissCause: NotPresent=56, NotReadyStall=0
    PrefetchEff: Dropped=0, AlreadyCached=291, UsedBeforeEvict=7, EvictedBeforeUse=0
    GatingPredict Recall=25.00% (298/1192)
    GatingPredict Precision=100.00% (298/298)
    GatingPrefetch Delivery=25.00% (298/1192)
    GatingPrefetch Triggers=149
    Predictor TopK matches: 0=0 1=0 >=2=0
Layer 31 Cache Stats: Hits=1148, Misses=44, HitRate=96.31%
    Predictor Routed-Expert HitRate=N/A
    Loads Per Step: 0Loads=112, 1Load=30, >1Load=7
    Bandwidth: StallLoads=44, PrefetchLoads=4, AvgLoadTime=3.62ms
    PrefetchOverlap: HiddenReady=4, HiddenWait=0, TicksSkipped=0
    MissCause: NotPresent=44, NotReadyStall=0
    PrefetchEff: Dropped=0, AlreadyCached=294, UsedBeforeEvict=4, EvictedBeforeUse=0
    GatingPredict Recall=25.00% (298/1192)
    GatingPredict Precision=100.00% (298/298)
    GatingPrefetch Delivery=25.00% (298/1192)
    GatingPrefetch Triggers=149
    Predictor TopK matches: 0=0 1=0 >=2=0
Layer 32 Cache Stats: Hits=1065, Misses=127, HitRate=89.35%
    Predictor Routed-Expert HitRate=N/A
    Loads Per Step: 0Loads=58, 1Load=61, >1Load=30
    Bandwidth: StallLoads=127, PrefetchLoads=19, AvgLoadTime=3.20ms
    PrefetchOverlap: HiddenReady=19, HiddenWait=0, TicksSkipped=0
    MissCause: NotPresent=127, NotReadyStall=0
    PrefetchEff: Dropped=0, AlreadyCached=279, UsedBeforeEvict=19, EvictedBeforeUse=0
    GatingPredict Recall=25.00% (298/1192)
    GatingPredict Precision=100.00% (298/298)
    GatingPrefetch Delivery=25.00% (298/1192)
    GatingPrefetch Triggers=149
    Predictor TopK matches: 0=0 1=0 >=2=0
Layer 33 Cache Stats: Hits=1106, Misses=86, HitRate=92.79%
    Predictor Routed-Expert HitRate=N/A
    Loads Per Step: 0Loads=82, 1Load=51, >1Load=16
    Bandwidth: StallLoads=86, PrefetchLoads=10, AvgLoadTime=3.36ms
    PrefetchOverlap: HiddenReady=10, HiddenWait=0, TicksSkipped=0
    MissCause: NotPresent=86, NotReadyStall=0
    PrefetchEff: Dropped=0, AlreadyCached=288, UsedBeforeEvict=10, EvictedBeforeUse=0
    GatingPredict Recall=25.00% (298/1192)
    GatingPredict Precision=100.00% (298/298)
    GatingPrefetch Delivery=25.00% (298/1192)
    GatingPrefetch Triggers=149
    Predictor TopK matches: 0=0 1=0 >=2=0
Layer 34 Cache Stats: Hits=1042, Misses=150, HitRate=87.42%
    Predictor Routed-Expert HitRate=N/A
    Loads Per Step: 0Loads=56, 1Load=57, >1Load=36
    Bandwidth: StallLoads=150, PrefetchLoads=21, AvgLoadTime=3.03ms
    PrefetchOverlap: HiddenReady=21, HiddenWait=0, TicksSkipped=0
    MissCause: NotPresent=150, NotReadyStall=0
    PrefetchEff: Dropped=0, AlreadyCached=277, UsedBeforeEvict=21, EvictedBeforeUse=0
    GatingPredict Recall=25.00% (298/1192)
    GatingPredict Precision=100.00% (298/298)
    GatingPrefetch Delivery=25.00% (298/1192)
    GatingPrefetch Triggers=149
    Predictor TopK matches: 0=0 1=0 >=2=0
Layer 35 Cache Stats: Hits=1008, Misses=184, HitRate=84.56%
    Predictor Routed-Expert HitRate=N/A
    Loads Per Step: 0Loads=44, 1Load=49, >1Load=56
    Bandwidth: StallLoads=184, PrefetchLoads=35, AvgLoadTime=2.92ms
    PrefetchOverlap: HiddenReady=35, HiddenWait=0, TicksSkipped=0
    MissCause: NotPresent=184, NotReadyStall=0
    PrefetchEff: Dropped=0, AlreadyCached=263, UsedBeforeEvict=35, EvictedBeforeUse=0
    GatingPredict Recall=24.92% (297/1192)
    GatingPredict Precision=99.66% (297/298)
    GatingPrefetch Delivery=24.92% (297/1192)
    GatingPrefetch Triggers=149
    Predictor TopK matches: 0=0 1=0 >=2=0
Layer 36 Cache Stats: Hits=1052, Misses=140, HitRate=88.26%
    Predictor Routed-Expert HitRate=N/A
    Loads Per Step: 0Loads=59, 1Load=53, >1Load=37
    Bandwidth: StallLoads=140, PrefetchLoads=19, AvgLoadTime=3.38ms
    PrefetchOverlap: HiddenReady=19, HiddenWait=0, TicksSkipped=0
    MissCause: NotPresent=140, NotReadyStall=0
    PrefetchEff: Dropped=0, AlreadyCached=279, UsedBeforeEvict=19, EvictedBeforeUse=0
    GatingPredict Recall=25.00% (298/1192)
    GatingPredict Precision=100.00% (298/298)
    GatingPrefetch Delivery=25.00% (298/1192)
    GatingPrefetch Triggers=149
    Predictor TopK matches: 0=0 1=0 >=2=0
Layer 37 Cache Stats: Hits=982, Misses=210, HitRate=82.38%
    Predictor Routed-Expert HitRate=N/A
    Loads Per Step: 0Loads=35, 1Load=52, >1Load=62
    Bandwidth: StallLoads=210, PrefetchLoads=44, AvgLoadTime=3.15ms
    PrefetchOverlap: HiddenReady=44, HiddenWait=0, TicksSkipped=0
    MissCause: NotPresent=210, NotReadyStall=0
    PrefetchEff: Dropped=0, AlreadyCached=254, UsedBeforeEvict=44, EvictedBeforeUse=0
    GatingPredict Recall=25.00% (298/1192)
    GatingPredict Precision=100.00% (298/298)
    GatingPrefetch Delivery=25.00% (298/1192)
    GatingPrefetch Triggers=149
    Predictor TopK matches: 0=0 1=0 >=2=0
Layer 38 Cache Stats: Hits=1092, Misses=100, HitRate=91.61%
    Predictor Routed-Expert HitRate=N/A
    Loads Per Step: 0Loads=81, 1Load=44, >1Load=24
    Bandwidth: StallLoads=100, PrefetchLoads=28, AvgLoadTime=3.51ms
    PrefetchOverlap: HiddenReady=28, HiddenWait=0, TicksSkipped=0
    MissCause: NotPresent=100, NotReadyStall=0
    PrefetchEff: Dropped=0, AlreadyCached=270, UsedBeforeEvict=28, EvictedBeforeUse=0
    GatingPredict Recall=25.00% (298/1192)
    GatingPredict Precision=100.00% (298/298)
    GatingPrefetch Delivery=25.00% (298/1192)
    GatingPrefetch Triggers=149
    Predictor TopK matches: 0=0 1=0 >=2=0
Layer 39 Cache Stats: Hits=1095, Misses=97, HitRate=91.86%
    Predictor Routed-Expert HitRate=N/A
    Loads Per Step: 0Loads=78, 1Load=52, >1Load=19
    Bandwidth: StallLoads=97, PrefetchLoads=17, AvgLoadTime=3.52ms
    PrefetchOverlap: HiddenReady=17, HiddenWait=0, TicksSkipped=0
    MissCause: NotPresent=97, NotReadyStall=0
    PrefetchEff: Dropped=0, AlreadyCached=281, UsedBeforeEvict=17, EvictedBeforeUse=0
    GatingPredict Recall=24.83% (296/1192)
    GatingPredict Precision=99.33% (296/298)
    GatingPrefetch Delivery=24.83% (296/1192)
    GatingPrefetch Triggers=149
    Predictor TopK matches: 0=0 1=0 >=2=0
Layer 40 Cache Stats: Hits=1082, Misses=110, HitRate=90.77%
    Predictor Routed-Expert HitRate=N/A
    Loads Per Step: 0Loads=79, 1Load=43, >1Load=27
    Bandwidth: StallLoads=110, PrefetchLoads=35, AvgLoadTime=3.58ms
    PrefetchOverlap: HiddenReady=35, HiddenWait=0, TicksSkipped=0
    MissCause: NotPresent=110, NotReadyStall=0
    PrefetchEff: Dropped=0, AlreadyCached=263, UsedBeforeEvict=35, EvictedBeforeUse=0
    GatingPredict Recall=25.00% (298/1192)
    GatingPredict Precision=100.00% (298/298)
    GatingPrefetch Delivery=25.00% (298/1192)
    GatingPrefetch Triggers=149
    Predictor TopK matches: 0=0 1=0 >=2=0
Layer 41 Cache Stats: Hits=1032, Misses=160, HitRate=86.58%
    Predictor Routed-Expert HitRate=N/A
    Loads Per Step: 0Loads=56, 1Load=50, >1Load=43
    Bandwidth: StallLoads=160, PrefetchLoads=56, AvgLoadTime=3.34ms
    PrefetchOverlap: HiddenReady=56, HiddenWait=0, TicksSkipped=0
    MissCause: NotPresent=160, NotReadyStall=0
    PrefetchEff: Dropped=0, AlreadyCached=242, UsedBeforeEvict=56, EvictedBeforeUse=0
    GatingPredict Recall=24.83% (296/1192)
    GatingPredict Precision=99.33% (296/298)
    GatingPrefetch Delivery=24.83% (296/1192)
    GatingPrefetch Triggers=149
    Predictor TopK matches: 0=0 1=0 >=2=0
Layer 42 Cache Stats: Hits=1063, Misses=129, HitRate=89.18%
    Predictor Routed-Expert HitRate=N/A
    Loads Per Step: 0Loads=67, 1Load=50, >1Load=32
    Bandwidth: StallLoads=129, PrefetchLoads=38, AvgLoadTime=3.54ms
    PrefetchOverlap: HiddenReady=38, HiddenWait=0, TicksSkipped=0
    MissCause: NotPresent=129, NotReadyStall=0
    PrefetchEff: Dropped=0, AlreadyCached=260, UsedBeforeEvict=38, EvictedBeforeUse=0
    GatingPredict Recall=25.00% (298/1192)
    GatingPredict Precision=100.00% (298/298)
    GatingPrefetch Delivery=25.00% (298/1192)
    GatingPrefetch Triggers=149
    Predictor TopK matches: 0=0 1=0 >=2=0
Layer 43 Cache Stats: Hits=1088, Misses=104, HitRate=91.28%
    Predictor Routed-Expert HitRate=N/A
    Loads Per Step: 0Loads=76, 1Load=50, >1Load=23
    Bandwidth: StallLoads=104, PrefetchLoads=36, AvgLoadTime=3.76ms
    PrefetchOverlap: HiddenReady=36, HiddenWait=0, TicksSkipped=0
    MissCause: NotPresent=104, NotReadyStall=0
    PrefetchEff: Dropped=0, AlreadyCached=262, UsedBeforeEvict=36, EvictedBeforeUse=0
    GatingPredict Recall=24.92% (297/1192)
    GatingPredict Precision=99.66% (297/298)
    GatingPrefetch Delivery=24.92% (297/1192)
    GatingPrefetch Triggers=149
    Predictor TopK matches: 0=0 1=0 >=2=0
Layer 44 Cache Stats: Hits=1083, Misses=109, HitRate=90.86%
    Predictor Routed-Expert HitRate=N/A
    Loads Per Step: 0Loads=83, 1Load=34, >1Load=32
    Bandwidth: StallLoads=109, PrefetchLoads=22, AvgLoadTime=3.20ms
    PrefetchOverlap: HiddenReady=22, HiddenWait=0, TicksSkipped=0
    MissCause: NotPresent=109, NotReadyStall=0
    PrefetchEff: Dropped=0, AlreadyCached=276, UsedBeforeEvict=22, EvictedBeforeUse=0
    GatingPredict Recall=25.00% (298/1192)
    GatingPredict Precision=100.00% (298/298)
    GatingPrefetch Delivery=25.00% (298/1192)
    GatingPrefetch Triggers=149
    Predictor TopK matches: 0=0 1=0 >=2=0
Layer 45 Cache Stats: Hits=1098, Misses=94, HitRate=92.11%
    Predictor Routed-Expert HitRate=N/A
    Loads Per Step: 0Loads=92, 1Load=34, >1Load=23
    Bandwidth: StallLoads=94, PrefetchLoads=24, AvgLoadTime=3.27ms
    PrefetchOverlap: HiddenReady=24, HiddenWait=0, TicksSkipped=0
    MissCause: NotPresent=94, NotReadyStall=0
    PrefetchEff: Dropped=0, AlreadyCached=274, UsedBeforeEvict=24, EvictedBeforeUse=0
    GatingPredict Recall=25.00% (298/1192)
    GatingPredict Precision=100.00% (298/298)
    GatingPrefetch Delivery=25.00% (298/1192)
    GatingPrefetch Triggers=149
    Predictor TopK matches: 0=0 1=0 >=2=0
Layer 46 Cache Stats: Hits=1046, Misses=146, HitRate=87.75%
    Predictor Routed-Expert HitRate=N/A
    Loads Per Step: 0Loads=64, 1Load=44, >1Load=41
    Bandwidth: StallLoads=146, PrefetchLoads=51, AvgLoadTime=3.25ms
    PrefetchOverlap: HiddenReady=51, HiddenWait=0, TicksSkipped=0
    MissCause: NotPresent=146, NotReadyStall=0
    PrefetchEff: Dropped=0, AlreadyCached=247, UsedBeforeEvict=51, EvictedBeforeUse=0
    GatingPredict Recall=25.00% (298/1192)
    GatingPredict Precision=100.00% (298/298)
    GatingPrefetch Delivery=25.00% (298/1192)
    GatingPrefetch Triggers=149
    Predictor TopK matches: 0=0 1=0 >=2=0
Layer 47 Cache Stats: Hits=1014, Misses=178, HitRate=85.07%
    Predictor Routed-Expert HitRate=N/A
    Loads Per Step: 0Loads=64, 1Load=36, >1Load=49
    Bandwidth: StallLoads=178, PrefetchLoads=52, AvgLoadTime=2.97ms
    PrefetchOverlap: HiddenReady=51, HiddenWait=0, TicksSkipped=0
    MissCause: NotPresent=178, NotReadyStall=0
    PrefetchEff: Dropped=0, AlreadyCached=246, UsedBeforeEvict=51, EvictedBeforeUse=1
    GatingPredict Recall=24.41% (291/1192)
    GatingPredict Precision=97.65% (291/298)
    GatingPrefetch Delivery=24.41% (291/1192)
    GatingPrefetch Triggers=149
    Predictor TopK matches: 0=0 1=0 >=2=0
============================================================
============================================================
Initializing Qwen3 30B-A3B AWQ w4a16 quantized model...
============================================================
Loading quantized weights from QuixiAI/Qwen3-30B-A3B-AWQ...
Using saved safetensors: /home/michael/heteroPredict/py/unified_llm_w4a16/model_weights/Qwen3-30B-A3B-AWQ.safetensors
Expert weights dir: /home/michael/heteroPredict/py/unified_llm_w4a16/model_weights/Qwen3-30B-A3B-AWQ_packed  (format: packed)
Using existing attention weights in /home/michael/heteroPredict/py/unified_llm_w4a16/model_weights/Qwen3-30B-A3B-AWQ_unpacked
Weights loaded (expert dir override) in 0.29 seconds
Pre-warming expert cache with 48 experts...
Model initialized successfully!
Set expert cache policy to LRU.

Running sweep using prompts from JSON: /tmp/tmpwxro3bep.json
Loaded 1 prompts for sweeping.

Processing Prompt 1/1...

============================================================
Generated text only:
============================================================
oulter also appeared in the 2010 film The King 's Speech , playing a soldier in a scene with Colin Firth . 

In 2011 , Boulter played " Tom " in the play The Pride by David Eldridge , which was performed at the Royal Court Theatre in London . The play explores the theme of same-sex relationships in the 1950s and 1960s . In a review of the production for The Guardian , theatre critic Michael Billington noted , " Robert Boulter brings a touching vulnerability to the role of Tom . " In 2012 , Boulter played " Daniel " in the play The Merchant of Venice at the Almeida Theatre
============================================================

============================================================
Sweep Complete.
Average Time per Token: 0.308435
End-to-End TPS: 3.2422
Cache Stats: Hits=50764, Misses=6452, HitRate=88.72%
Predictor Stats: Hits=0, Total=0, HitRate=0.00%
Initializing UnifiedLLMW4A16Impl_base
Using NPU config struct.
Configuring NPU (Base):
  Heterogeneity: gpu
  GPU Count: 1
  Debug Verbosity: 1
  Dummy Weights: false
  Warmup: false
  Preload MoE: true
  Minimal PDI: true
[GPU SELECT] Free VRAM ranking: gpu0=28.00/28.00 GiB
[GPU SELECT] Selected GPUs for gpu-count=1: [0]
[GPU MAP] Single-GPU placement on gpu0
[Layer 1] cache partition: main=46 speculative=2 (fraction=0.0416667)
[GatingHeuristicPredictor Layer 1] prefetch_count=2 softmax_before_topk=yes
[Layer 2] cache partition: main=46 speculative=2 (fraction=0.0416667)
[GatingHeuristicPredictor Layer 2] prefetch_count=2 softmax_before_topk=yes
[Layer 3] cache partition: main=46 speculative=2 (fraction=0.0416667)
[GatingHeuristicPredictor Layer 3] prefetch_count=2 softmax_before_topk=yes
[Layer 4] cache partition: main=46 speculative=2 (fraction=0.0416667)
[GatingHeuristicPredictor Layer 4] prefetch_count=2 softmax_before_topk=yes
[Layer 5] cache partition: main=46 speculative=2 (fraction=0.0416667)
[GatingHeuristicPredictor Layer 5] prefetch_count=2 softmax_before_topk=yes
[Layer 6] cache partition: main=46 speculative=2 (fraction=0.0416667)
[GatingHeuristicPredictor Layer 6] prefetch_count=2 softmax_before_topk=yes
[Layer 7] cache partition: main=46 speculative=2 (fraction=0.0416667)
[GatingHeuristicPredictor Layer 7] prefetch_count=2 softmax_before_topk=yes
[Layer 8] cache partition: main=46 speculative=2 (fraction=0.0416667)
[GatingHeuristicPredictor Layer 8] prefetch_count=2 softmax_before_topk=yes
[Layer 9] cache partition: main=46 speculative=2 (fraction=0.0416667)
[GatingHeuristicPredictor Layer 9] prefetch_count=2 softmax_before_topk=yes
[Layer 10] cache partition: main=46 speculative=2 (fraction=0.0416667)
[GatingHeuristicPredictor Layer 10] prefetch_count=2 softmax_before_topk=yes
[Layer 11] cache partition: main=46 speculative=2 (fraction=0.0416667)
[GatingHeuristicPredictor Layer 11] prefetch_count=2 softmax_before_topk=yes
[Layer 12] cache partition: main=46 speculative=2 (fraction=0.0416667)
[GatingHeuristicPredictor Layer 12] prefetch_count=2 softmax_before_topk=yes
[Layer 13] cache partition: main=46 speculative=2 (fraction=0.0416667)
[GatingHeuristicPredictor Layer 13] prefetch_count=2 softmax_before_topk=yes
[Layer 14] cache partition: main=46 speculative=2 (fraction=0.0416667)
[GatingHeuristicPredictor Layer 14] prefetch_count=2 softmax_before_topk=yes
[Layer 15] cache partition: main=46 speculative=2 (fraction=0.0416667)
[GatingHeuristicPredictor Layer 15] prefetch_count=2 softmax_before_topk=yes
[Layer 16] cache partition: main=46 speculative=2 (fraction=0.0416667)
[GatingHeuristicPredictor Layer 16] prefetch_count=2 softmax_before_topk=yes
[Layer 17] cache partition: main=46 speculative=2 (fraction=0.0416667)
[GatingHeuristicPredictor Layer 17] prefetch_count=2 softmax_before_topk=yes
[Layer 18] cache partition: main=46 speculative=2 (fraction=0.0416667)
[GatingHeuristicPredictor Layer 18] prefetch_count=2 softmax_before_topk=yes
[Layer 19] cache partition: main=46 speculative=2 (fraction=0.0416667)
[GatingHeuristicPredictor Layer 19] prefetch_count=2 softmax_before_topk=yes
[Layer 20] cache partition: main=46 speculative=2 (fraction=0.0416667)
[GatingHeuristicPredictor Layer 20] prefetch_count=2 softmax_before_topk=yes
[Layer 21] cache partition: main=46 speculative=2 (fraction=0.0416667)
[GatingHeuristicPredictor Layer 21] prefetch_count=2 softmax_before_topk=yes
[Layer 22] cache partition: main=46 speculative=2 (fraction=0.0416667)
[GatingHeuristicPredictor Layer 22] prefetch_count=2 softmax_before_topk=yes
[Layer 23] cache partition: main=46 speculative=2 (fraction=0.0416667)
[GatingHeuristicPredictor Layer 23] prefetch_count=2 softmax_before_topk=yes
[Layer 24] cache partition: main=46 speculative=2 (fraction=0.0416667)
[GatingHeuristicPredictor Layer 24] prefetch_count=2 softmax_before_topk=yes
[Layer 25] cache partition: main=46 speculative=2 (fraction=0.0416667)
[GatingHeuristicPredictor Layer 25] prefetch_count=2 softmax_before_topk=yes
[Layer 26] cache partition: main=46 speculative=2 (fraction=0.0416667)
[GatingHeuristicPredictor Layer 26] prefetch_count=2 softmax_before_topk=yes
[Layer 27] cache partition: main=46 speculative=2 (fraction=0.0416667)
[GatingHeuristicPredictor Layer 27] prefetch_count=2 softmax_before_topk=yes
[Layer 28] cache partition: main=46 speculative=2 (fraction=0.0416667)
[GatingHeuristicPredictor Layer 28] prefetch_count=2 softmax_before_topk=yes
[Layer 29] cache partition: main=46 speculative=2 (fraction=0.0416667)
[GatingHeuristicPredictor Layer 29] prefetch_count=2 softmax_before_topk=yes
[Layer 30] cache partition: main=46 speculative=2 (fraction=0.0416667)
[GatingHeuristicPredictor Layer 30] prefetch_count=2 softmax_before_topk=yes
[Layer 31] cache partition: main=46 speculative=2 (fraction=0.0416667)
[GatingHeuristicPredictor Layer 31] prefetch_count=2 softmax_before_topk=yes
[Layer 32] cache partition: main=46 speculative=2 (fraction=0.0416667)
[GatingHeuristicPredictor Layer 32] prefetch_count=2 softmax_before_topk=yes
[Layer 33] cache partition: main=46 speculative=2 (fraction=0.0416667)
[GatingHeuristicPredictor Layer 33] prefetch_count=2 softmax_before_topk=yes
[Layer 34] cache partition: main=46 speculative=2 (fraction=0.0416667)
[GatingHeuristicPredictor Layer 34] prefetch_count=2 softmax_before_topk=yes
[Layer 35] cache partition: main=46 speculative=2 (fraction=0.0416667)
[GatingHeuristicPredictor Layer 35] prefetch_count=2 softmax_before_topk=yes
[Layer 36] cache partition: main=46 speculative=2 (fraction=0.0416667)
[GatingHeuristicPredictor Layer 36] prefetch_count=2 softmax_before_topk=yes
[Layer 37] cache partition: main=46 speculative=2 (fraction=0.0416667)
[GatingHeuristicPredictor Layer 37] prefetch_count=2 softmax_before_topk=yes
[Layer 38] cache partition: main=46 speculative=2 (fraction=0.0416667)
[GatingHeuristicPredictor Layer 38] prefetch_count=2 softmax_before_topk=yes
[Layer 39] cache partition: main=46 speculative=2 (fraction=0.0416667)
[GatingHeuristicPredictor Layer 39] prefetch_count=2 softmax_before_topk=yes
[Layer 40] cache partition: main=46 speculative=2 (fraction=0.0416667)
[GatingHeuristicPredictor Layer 40] prefetch_count=2 softmax_before_topk=yes
[Layer 41] cache partition: main=46 speculative=2 (fraction=0.0416667)
[GatingHeuristicPredictor Layer 41] prefetch_count=2 softmax_before_topk=yes
[Layer 42] cache partition: main=46 speculative=2 (fraction=0.0416667)
[GatingHeuristicPredictor Layer 42] prefetch_count=2 softmax_before_topk=yes
[Layer 43] cache partition: main=46 speculative=2 (fraction=0.0416667)
[GatingHeuristicPredictor Layer 43] prefetch_count=2 softmax_before_topk=yes
[Layer 44] cache partition: main=46 speculative=2 (fraction=0.0416667)
[GatingHeuristicPredictor Layer 44] prefetch_count=2 softmax_before_topk=yes
[Layer 45] cache partition: main=46 speculative=2 (fraction=0.0416667)
[GatingHeuristicPredictor Layer 45] prefetch_count=2 softmax_before_topk=yes
[Layer 46] cache partition: main=46 speculative=2 (fraction=0.0416667)
[GatingHeuristicPredictor Layer 46] prefetch_count=2 softmax_before_topk=yes
[Layer 47] cache partition: main=46 speculative=2 (fraction=0.0416667)
[GatingHeuristicPredictor Layer 47] prefetch_count=2 softmax_before_topk=yes
UnifiedLLMW4A16 moved to device: cuda:0
Preloading MoE kernels...
MoE kernels preloaded.
UnifiedLLMW4A16 initialized on device: cuda:0 with w4a16 quantization
Loading non-quantized weights from safetensors (mmap): /home/michael/heteroPredict/py/unified_llm_w4a16/model_weights/Qwen3-30B-A3B-AWQ.safetensors
Loaded 243 non-quantized parameters, skipped 0
Loading quantized weights from bins: /home/michael/heteroPredict/py/unified_llm_w4a16/model_weights/Qwen3-30B-A3B-AWQ_unpacked
  Expert weights dir override: /home/michael/heteroPredict/py/unified_llm_w4a16/model_weights/Qwen3-30B-A3B-AWQ_packed
Pre-warming 48 experts for all layers...
Layer 0: Pre-warming 46 experts.
Layer 0: using packed expert format.
[MoE I/O] Expert weight reads require O_DIRECT (no buffered fallback).
Layer 1: Pre-warming 46 experts.
Layer 1: using packed expert format.
Layer 2: Pre-warming 46 experts.
Layer 2: using packed expert format.
Layer 3: Pre-warming 46 experts.
Layer 3: using packed expert format.
Prewarmed experts for layer 4/48
Layer 4: Pre-warming 46 experts.
Layer 4: using packed expert format.
Layer 5: Pre-warming 46 experts.
Layer 5: using packed expert format.
Layer 6: Pre-warming 46 experts.
Layer 6: using packed expert format.
Layer 7: Pre-warming 46 experts.
Layer 7: using packed expert format.
Prewarmed experts for layer 8/48
Layer 8: Pre-warming 46 experts.
Layer 8: using packed expert format.
Layer 9: Pre-warming 46 experts.
Layer 9: using packed expert format.
Layer 10: Pre-warming 46 experts.
Layer 10: using packed expert format.
Layer 11: Pre-warming 46 experts.
Layer 11: using packed expert format.
Prewarmed experts for layer 12/48
Layer 12: Pre-warming 46 experts.
Layer 12: using packed expert format.
Layer 13: Pre-warming 46 experts.
Layer 13: using packed expert format.
Layer 14: Pre-warming 46 experts.
Layer 14: using packed expert format.
Layer 15: Pre-warming 46 experts.
Layer 15: using packed expert format.
Prewarmed experts for layer 16/48
Layer 16: Pre-warming 46 experts.
Layer 16: using packed expert format.
Layer 17: Pre-warming 46 experts.
Layer 17: using packed expert format.
Layer 18: Pre-warming 46 experts.
Layer 18: using packed expert format.
Layer 19: Pre-warming 46 experts.
Layer 19: using packed expert format.
Prewarmed experts for layer 20/48
Layer 20: Pre-warming 46 experts.
Layer 20: using packed expert format.
Layer 21: Pre-warming 46 experts.
Layer 21: using packed expert format.
Layer 22: Pre-warming 46 experts.
Layer 22: using packed expert format.
Layer 23: Pre-warming 46 experts.
Layer 23: using packed expert format.
Prewarmed experts for layer 24/48
Layer 24: Pre-warming 46 experts.
Layer 24: using packed expert format.
Layer 25: Pre-warming 46 experts.
Layer 25: using packed expert format.
Layer 26: Pre-warming 46 experts.
Layer 26: using packed expert format.
Layer 27: Pre-warming 46 experts.
Layer 27: using packed expert format.
Prewarmed experts for layer 28/48
Layer 28: Pre-warming 46 experts.
Layer 28: using packed expert format.
Layer 29: Pre-warming 46 experts.
Layer 29: using packed expert format.
Layer 30: Pre-warming 46 experts.
Layer 30: using packed expert format.
Layer 31: Pre-warming 46 experts.
Layer 31: using packed expert format.
Prewarmed experts for layer 32/48
Layer 32: Pre-warming 46 experts.
Layer 32: using packed expert format.
Layer 33: Pre-warming 46 experts.
Layer 33: using packed expert format.
Layer 34: Pre-warming 46 experts.
Layer 34: using packed expert format.
Layer 35: Pre-warming 46 experts.
Layer 35: using packed expert format.
Prewarmed experts for layer 36/48
Layer 36: Pre-warming 46 experts.
Layer 36: using packed expert format.
Layer 37: Pre-warming 46 experts.
Layer 37: using packed expert format.
Layer 38: Pre-warming 46 experts.
Layer 38: using packed expert format.
Layer 39: Pre-warming 46 experts.
Layer 39: using packed expert format.
Prewarmed experts for layer 40/48
Layer 40: Pre-warming 46 experts.
Layer 40: using packed expert format.
Layer 41: Pre-warming 46 experts.
Layer 41: using packed expert format.
Layer 42: Pre-warming 46 experts.
Layer 42: using packed expert format.
Layer 43: Pre-warming 46 experts.
Layer 43: using packed expert format.
Prewarmed experts for layer 44/48
Layer 44: Pre-warming 46 experts.
Layer 44: using packed expert format.
Layer 45: Pre-warming 46 experts.
Layer 45: using packed expert format.
Layer 46: Pre-warming 46 experts.
Layer 46: using packed expert format.
Layer 47: Pre-warming 46 experts.
Layer 47: using packed expert format.
Prewarmed experts for layer 48/48
Libtorch input_ids shape: [1, 512]
Skipping warmup.
Prefill time: 16.758 seconds
Generation phase
[Layer 0 Step 0 Debug] Slots before check: 95 96 97 98 99 100 101 102 103 104 105 106 107 108 109 110 111 112 113 114 115 116 117 118 119 120 121 122 123 124 125 126 127 82 83 84 85 86 87 88 89 90 91 92 93 94 -1 -1 
[Layer 0 Step 0 Debug] Requested: 95 87 83 73 28 41 46 118 
[gen 5/149] elapsed=1.6s  TPS=3.060
[gen 10/149] elapsed=2.6s  TPS=3.780
[gen 15/149] elapsed=3.7s  TPS=4.087
[gen 20/149] elapsed=4.5s  TPS=4.464
[gen 25/149] elapsed=5.4s  TPS=4.665
[gen 30/149] elapsed=6.3s  TPS=4.764
[gen 35/149] elapsed=7.4s  TPS=4.699
[gen 40/149] elapsed=8.1s  TPS=4.944
[gen 45/149] elapsed=8.7s  TPS=5.184
[gen 50/149] elapsed=9.6s  TPS=5.224
[gen 55/149] elapsed=10.9s  TPS=5.052
[gen 60/149] elapsed=12.0s  TPS=4.987
[gen 65/149] elapsed=12.9s  TPS=5.037
[gen 70/149] elapsed=13.7s  TPS=5.105
[gen 75/149] elapsed=14.7s  TPS=5.090
[gen 80/149] elapsed=15.6s  TPS=5.142
[gen 85/149] elapsed=16.7s  TPS=5.104
[gen 90/149] elapsed=17.6s  TPS=5.119
[gen 95/149] elapsed=18.5s  TPS=5.134
[gen 100/149] elapsed=19.4s  TPS=5.156
[gen 105/149] elapsed=20.3s  TPS=5.170
[gen 110/149] elapsed=21.0s  TPS=5.242
[gen 115/149] elapsed=21.9s  TPS=5.263
[gen 120/149] elapsed=22.4s  TPS=5.348
[gen 125/149] elapsed=23.2s  TPS=5.396
[gen 130/149] elapsed=24.1s  TPS=5.397
[gen 135/149] elapsed=24.9s  TPS=5.421
[gen 140/149] elapsed=25.6s  TPS=5.472
[gen 145/149] elapsed=26.3s  TPS=5.517
Prefill time (summary): 16.758 seconds
Total Generation Time: 26.853 seconds
Average Time per Token: 0.180224 seconds

Expert Cache Statistics:
Layer 0 Cache Stats: Hits=704, Misses=488, HitRate=59.06%
    Predictor Routed-Expert HitRate=N/A
    Loads Per Step: 0Loads=11, 1Load=18, >1Load=120
    Bandwidth: StallLoads=488, PrefetchLoads=0, AvgLoadTime=2.31ms
    MissCause: NotPresent=488, NotReadyStall=0
    GlobalSpecLoad: PeakConcurrent=2
    Predictor TopK matches: 0=0 1=0 >=2=0
Layer 1 Cache Stats: Hits=912, Misses=280, HitRate=76.51%
    Predictor Routed-Expert HitRate=N/A
    Loads Per Step: 0Loads=19, 1Load=43, >1Load=87
    Bandwidth: StallLoads=280, PrefetchLoads=72, AvgLoadTime=3.08ms
    PrefetchOverlap: HiddenReady=69, HiddenWait=0, TicksSkipped=0
    MissCause: NotPresent=280, NotReadyStall=0
    PrefetchEff: Dropped=0, AlreadyCached=226, UsedBeforeEvict=69, EvictedBeforeUse=3
    GatingPredict Recall=21.64% (258/1192)
    GatingPredict Precision=86.58% (258/298)
    GatingPrefetch Delivery=21.73% (259/1192)
    GatingPrefetch Triggers=149
    Predictor TopK matches: 0=0 1=0 >=2=0
Layer 2 Cache Stats: Hits=1000, Misses=192, HitRate=83.89%
    Predictor Routed-Expert HitRate=N/A
    Loads Per Step: 0Loads=40, 1Load=56, >1Load=53
    Bandwidth: StallLoads=192, PrefetchLoads=90, AvgLoadTime=3.30ms
    PrefetchOverlap: HiddenReady=87, HiddenWait=0, TicksSkipped=0
    MissCause: NotPresent=192, NotReadyStall=0
    PrefetchEff: Dropped=0, AlreadyCached=208, UsedBeforeEvict=87, EvictedBeforeUse=3
    GatingPredict Recall=24.24% (289/1192)
    GatingPredict Precision=96.98% (289/298)
    GatingPrefetch Delivery=24.24% (289/1192)
    GatingPrefetch Triggers=149
    Predictor TopK matches: 0=0 1=0 >=2=0
Layer 3 Cache Stats: Hits=938, Misses=254, HitRate=78.69%
    Predictor Routed-Expert HitRate=N/A
    Loads Per Step: 0Loads=24, 1Load=48, >1Load=77
    Bandwidth: StallLoads=254, PrefetchLoads=69, AvgLoadTime=3.02ms
    PrefetchOverlap: HiddenReady=65, HiddenWait=0, TicksSkipped=0
    MissCause: NotPresent=254, NotReadyStall=0
    PrefetchEff: Dropped=0, AlreadyCached=229, UsedBeforeEvict=65, EvictedBeforeUse=4
    GatingPredict Recall=23.66% (282/1192)
    GatingPredict Precision=94.63% (282/298)
    GatingPrefetch Delivery=23.66% (282/1192)
    GatingPrefetch Triggers=149
    Predictor TopK matches: 0=0 1=0 >=2=0
Layer 4 Cache Stats: Hits=1064, Misses=128, HitRate=89.26%
    Predictor Routed-Expert HitRate=N/A
    Loads Per Step: 0Loads=60, 1Load=57, >1Load=32
    Bandwidth: StallLoads=128, PrefetchLoads=40, AvgLoadTime=3.73ms
    PrefetchOverlap: HiddenReady=37, HiddenWait=0, TicksSkipped=0
    MissCause: NotPresent=128, NotReadyStall=0
    PrefetchEff: Dropped=0, AlreadyCached=258, UsedBeforeEvict=37, EvictedBeforeUse=3
    GatingPredict Recall=23.74% (283/1192)
    GatingPredict Precision=94.97% (283/298)
    GatingPrefetch Delivery=23.83% (284/1192)
    GatingPrefetch Triggers=149
    Predictor TopK matches: 0=0 1=0 >=2=0
Layer 5 Cache Stats: Hits=1050, Misses=142, HitRate=88.09%
    Predictor Routed-Expert HitRate=N/A
    Loads Per Step: 0Loads=62, 1Load=46, >1Load=41
    Bandwidth: StallLoads=142, PrefetchLoads=43, AvgLoadTime=3.17ms
    PrefetchOverlap: HiddenReady=42, HiddenWait=0, TicksSkipped=0
    MissCause: NotPresent=142, NotReadyStall=0
    PrefetchEff: Dropped=0, AlreadyCached=255, UsedBeforeEvict=42, EvictedBeforeUse=1
    GatingPredict Recall=24.41% (291/1192)
    GatingPredict Precision=97.65% (291/298)
    GatingPrefetch Delivery=24.41% (291/1192)
    GatingPrefetch Triggers=149
    Predictor TopK matches: 0=0 1=0 >=2=0
Layer 6 Cache Stats: Hits=1149, Misses=43, HitRate=96.39%
    Predictor Routed-Expert HitRate=N/A
    Loads Per Step: 0Loads=119, 1Load=21, >1Load=9
    Bandwidth: StallLoads=43, PrefetchLoads=7, AvgLoadTime=3.49ms
    PrefetchOverlap: HiddenReady=6, HiddenWait=0, TicksSkipped=0
    MissCause: NotPresent=43, NotReadyStall=0
    PrefetchEff: Dropped=0, AlreadyCached=291, UsedBeforeEvict=6, EvictedBeforeUse=1
    GatingPredict Recall=24.75% (295/1192)
    GatingPredict Precision=98.99% (295/298)
    GatingPrefetch Delivery=24.75% (295/1192)
    GatingPrefetch Triggers=149
    Predictor TopK matches: 0=0 1=0 >=2=0
Layer 7 Cache Stats: Hits=1150, Misses=42, HitRate=96.48%
    Predictor Routed-Expert HitRate=N/A
    Loads Per Step: 0Loads=116, 1Load=26, >1Load=7
    Bandwidth: StallLoads=42, PrefetchLoads=7, AvgLoadTime=3.44ms
    PrefetchOverlap: HiddenReady=7, HiddenWait=0, TicksSkipped=0
    MissCause: NotPresent=42, NotReadyStall=0
    PrefetchEff: Dropped=0, AlreadyCached=291, UsedBeforeEvict=7, EvictedBeforeUse=0
    GatingPredict Recall=24.92% (297/1192)
    GatingPredict Precision=99.66% (297/298)
    GatingPrefetch Delivery=24.92% (297/1192)
    GatingPrefetch Triggers=149
    Predictor TopK matches: 0=0 1=0 >=2=0
Layer 8 Cache Stats: Hits=1092, Misses=100, HitRate=91.61%
    Predictor Routed-Expert HitRate=N/A
    Loads Per Step: 0Loads=84, 1Load=40, >1Load=25
    Bandwidth: StallLoads=100, PrefetchLoads=16, AvgLoadTime=3.11ms
    PrefetchOverlap: HiddenReady=16, HiddenWait=0, TicksSkipped=0
    MissCause: NotPresent=100, NotReadyStall=0
    PrefetchEff: Dropped=0, AlreadyCached=282, UsedBeforeEvict=16, EvictedBeforeUse=0
    GatingPredict Recall=24.83% (296/1192)
    GatingPredict Precision=99.33% (296/298)
    GatingPrefetch Delivery=24.83% (296/1192)
    GatingPrefetch Triggers=149
    Predictor TopK matches: 0=0 1=0 >=2=0
Layer 9 Cache Stats: Hits=1119, Misses=73, HitRate=93.88%
    Predictor Routed-Expert HitRate=N/A
    Loads Per Step: 0Loads=95, 1Load=39, >1Load=15
    Bandwidth: StallLoads=73, PrefetchLoads=10, AvgLoadTime=3.36ms
    PrefetchOverlap: HiddenReady=10, HiddenWait=0, TicksSkipped=0
    MissCause: NotPresent=73, NotReadyStall=0
    PrefetchEff: Dropped=0, AlreadyCached=288, UsedBeforeEvict=10, EvictedBeforeUse=0
    GatingPredict Recall=25.00% (298/1192)
    GatingPredict Precision=100.00% (298/298)
    GatingPrefetch Delivery=25.00% (298/1192)
    GatingPrefetch Triggers=149
    Predictor TopK matches: 0=0 1=0 >=2=0
Layer 10 Cache Stats: Hits=1062, Misses=130, HitRate=89.09%
    Predictor Routed-Expert HitRate=N/A
    Loads Per Step: 0Loads=67, 1Load=50, >1Load=32
    Bandwidth: StallLoads=130, PrefetchLoads=15, AvgLoadTime=3.21ms
    PrefetchOverlap: HiddenReady=14, HiddenWait=0, TicksSkipped=0
    MissCause: NotPresent=130, NotReadyStall=0
    PrefetchEff: Dropped=0, AlreadyCached=283, UsedBeforeEvict=14, EvictedBeforeUse=1
    GatingPredict Recall=24.92% (297/1192)
    GatingPredict Precision=99.66% (297/298)
    GatingPrefetch Delivery=24.92% (297/1192)
    GatingPrefetch Triggers=149
    Predictor TopK matches: 0=0 1=0 >=2=0
Layer 11 Cache Stats: Hits=1032, Misses=160, HitRate=86.58%
    Predictor Routed-Expert HitRate=N/A
    Loads Per Step: 0Loads=57, 1Load=49, >1Load=43
    Bandwidth: StallLoads=160, PrefetchLoads=29, AvgLoadTime=2.90ms
    PrefetchOverlap: HiddenReady=29, HiddenWait=0, TicksSkipped=0
    MissCause: NotPresent=160, NotReadyStall=0
    PrefetchEff: Dropped=0, AlreadyCached=269, UsedBeforeEvict=29, EvictedBeforeUse=0
    GatingPredict Recall=25.00% (298/1192)
    GatingPredict Precision=100.00% (298/298)
    GatingPrefetch Delivery=25.00% (298/1192)
    GatingPrefetch Triggers=149
    Predictor TopK matches: 0=0 1=0 >=2=0
Layer 12 Cache Stats: Hits=1077, Misses=115, HitRate=90.35%
    Predictor Routed-Expert HitRate=N/A
    Loads Per Step: 0Loads=69, 1Load=56, >1Load=24
    Bandwidth: StallLoads=115, PrefetchLoads=15, AvgLoadTime=3.43ms
    PrefetchOverlap: HiddenReady=15, HiddenWait=0, TicksSkipped=0
    MissCause: NotPresent=115, NotReadyStall=0
    PrefetchEff: Dropped=0, AlreadyCached=283, UsedBeforeEvict=15, EvictedBeforeUse=0
    GatingPredict Recall=25.00% (298/1192)
    GatingPredict Precision=100.00% (298/298)
    GatingPrefetch Delivery=25.00% (298/1192)
    GatingPrefetch Triggers=149
    Predictor TopK matches: 0=0 1=0 >=2=0
Layer 13 Cache Stats: Hits=1053, Misses=139, HitRate=88.34%
    Predictor Routed-Expert HitRate=N/A
    Loads Per Step: 0Loads=63, 1Load=51, >1Load=35
    Bandwidth: StallLoads=139, PrefetchLoads=26, AvgLoadTime=3.05ms
    PrefetchOverlap: HiddenReady=26, HiddenWait=0, TicksSkipped=0
    MissCause: NotPresent=139, NotReadyStall=0
    PrefetchEff: Dropped=0, AlreadyCached=272, UsedBeforeEvict=26, EvictedBeforeUse=0
    GatingPredict Recall=24.75% (295/1192)
    GatingPredict Precision=98.99% (295/298)
    GatingPrefetch Delivery=24.75% (295/1192)
    GatingPrefetch Triggers=149
    Predictor TopK matches: 0=0 1=0 >=2=0
Layer 14 Cache Stats: Hits=1108, Misses=84, HitRate=92.95%
    Predictor Routed-Expert HitRate=N/A
    Loads Per Step: 0Loads=87, 1Load=47, >1Load=15
    Bandwidth: StallLoads=84, PrefetchLoads=20, AvgLoadTime=3.50ms
    PrefetchOverlap: HiddenReady=19, HiddenWait=0, TicksSkipped=0
    MissCause: NotPresent=84, NotReadyStall=0
    PrefetchEff: Dropped=0, AlreadyCached=278, UsedBeforeEvict=19, EvictedBeforeUse=1
    GatingPredict Recall=24.75% (295/1192)
    GatingPredict Precision=98.99% (295/298)
    GatingPrefetch Delivery=24.75% (295/1192)
    GatingPrefetch Triggers=149
    Predictor TopK matches: 0=0 1=0 >=2=0
Layer 15 Cache Stats: Hits=1119, Misses=73, HitRate=93.88%
    Predictor Routed-Expert HitRate=N/A
    Loads Per Step: 0Loads=95, 1Load=39, >1Load=15
    Bandwidth: StallLoads=73, PrefetchLoads=15, AvgLoadTime=3.42ms
    PrefetchOverlap: HiddenReady=15, HiddenWait=0, TicksSkipped=0
    MissCause: NotPresent=73, NotReadyStall=0
    PrefetchEff: Dropped=0, AlreadyCached=283, UsedBeforeEvict=15, EvictedBeforeUse=0
    GatingPredict Recall=24.83% (296/1192)
    GatingPredict Precision=99.33% (296/298)
    GatingPrefetch Delivery=24.83% (296/1192)
    GatingPrefetch Triggers=149
    Predictor TopK matches: 0=0 1=0 >=2=0
Layer 16 Cache Stats: Hits=1088, Misses=104, HitRate=91.28%
    Predictor Routed-Expert HitRate=N/A
    Loads Per Step: 0Loads=76, 1Load=50, >1Load=23
    Bandwidth: StallLoads=104, PrefetchLoads=25, AvgLoadTime=3.27ms
    PrefetchOverlap: HiddenReady=25, HiddenWait=0, TicksSkipped=0
    MissCause: NotPresent=104, NotReadyStall=0
    PrefetchEff: Dropped=0, AlreadyCached=273, UsedBeforeEvict=25, EvictedBeforeUse=0
    GatingPredict Recall=25.00% (298/1192)
    GatingPredict Precision=100.00% (298/298)
    GatingPrefetch Delivery=25.00% (298/1192)
    GatingPrefetch Triggers=149
    Predictor TopK matches: 0=0 1=0 >=2=0
Layer 17 Cache Stats: Hits=1050, Misses=142, HitRate=88.09%
    Predictor Routed-Expert HitRate=N/A
    Loads Per Step: 0Loads=60, 1Load=52, >1Load=37
    Bandwidth: StallLoads=142, PrefetchLoads=23, AvgLoadTime=3.05ms
    PrefetchOverlap: HiddenReady=23, HiddenWait=0, TicksSkipped=0
    MissCause: NotPresent=142, NotReadyStall=0
    PrefetchEff: Dropped=0, AlreadyCached=275, UsedBeforeEvict=23, EvictedBeforeUse=0
    GatingPredict Recall=25.00% (298/1192)
    GatingPredict Precision=100.00% (298/298)
    GatingPrefetch Delivery=25.00% (298/1192)
    GatingPrefetch Triggers=149
    Predictor TopK matches: 0=0 1=0 >=2=0
Layer 18 Cache Stats: Hits=1160, Misses=32, HitRate=97.32%
    Predictor Routed-Expert HitRate=N/A
    Loads Per Step: 0Loads=124, 1Load=19, >1Load=6
    Bandwidth: StallLoads=32, PrefetchLoads=12, AvgLoadTime=3.44ms
    PrefetchOverlap: HiddenReady=10, HiddenWait=0, TicksSkipped=0
    MissCause: NotPresent=32, NotReadyStall=0
    PrefetchEff: Dropped=0, AlreadyCached=286, UsedBeforeEvict=10, EvictedBeforeUse=1
    GatingPredict Recall=24.66% (294/1192)
    GatingPredict Precision=98.66% (294/298)
    GatingPrefetch Delivery=24.66% (294/1192)
    GatingPrefetch Triggers=149
    Predictor TopK matches: 0=0 1=0 >=2=0
Layer 19 Cache Stats: Hits=1160, Misses=32, HitRate=97.32%
    Predictor Routed-Expert HitRate=N/A
    Loads Per Step: 0Loads=120, 1Load=26, >1Load=3
    Bandwidth: StallLoads=32, PrefetchLoads=2, AvgLoadTime=3.61ms
    PrefetchOverlap: HiddenReady=2, HiddenWait=0, TicksSkipped=0
    MissCause: NotPresent=32, NotReadyStall=0
    PrefetchEff: Dropped=0, AlreadyCached=296, UsedBeforeEvict=2, EvictedBeforeUse=0
    GatingPredict Recall=24.92% (297/1192)
    GatingPredict Precision=99.66% (297/298)
    GatingPrefetch Delivery=24.92% (297/1192)
    GatingPrefetch Triggers=149
    Predictor TopK matches: 0=0 1=0 >=2=0
Layer 20 Cache Stats: Hits=1111, Misses=81, HitRate=93.20%
    Predictor Routed-Expert HitRate=N/A
    Loads Per Step: 0Loads=92, 1Load=38, >1Load=19
    Bandwidth: StallLoads=81, PrefetchLoads=6, AvgLoadTime=3.04ms
    PrefetchOverlap: HiddenReady=5, HiddenWait=0, TicksSkipped=0
    MissCause: NotPresent=81, NotReadyStall=0
    PrefetchEff: Dropped=0, AlreadyCached=292, UsedBeforeEvict=5, EvictedBeforeUse=0
    GatingPredict Recall=24.83% (296/1192)
    GatingPredict Precision=99.33% (296/298)
    GatingPrefetch Delivery=24.83% (296/1192)
    GatingPrefetch Triggers=149
    Predictor TopK matches: 0=0 1=0 >=2=0
Layer 21 Cache Stats: Hits=1115, Misses=77, HitRate=93.54%
    Predictor Routed-Expert HitRate=N/A
    Loads Per Step: 0Loads=91, 1Load=44, >1Load=14
    Bandwidth: StallLoads=77, PrefetchLoads=7, AvgLoadTime=3.41ms
    PrefetchOverlap: HiddenReady=7, HiddenWait=0, TicksSkipped=0
    MissCause: NotPresent=77, NotReadyStall=0
    PrefetchEff: Dropped=0, AlreadyCached=291, UsedBeforeEvict=7, EvictedBeforeUse=0
    GatingPredict Recall=24.83% (296/1192)
    GatingPredict Precision=99.33% (296/298)
    GatingPrefetch Delivery=24.83% (296/1192)
    GatingPrefetch Triggers=149
    Predictor TopK matches: 0=0 1=0 >=2=0
Layer 22 Cache Stats: Hits=1046, Misses=146, HitRate=87.75%
    Predictor Routed-Expert HitRate=N/A
    Loads Per Step: 0Loads=64, 1Load=41, >1Load=44
    Bandwidth: StallLoads=146, PrefetchLoads=20, AvgLoadTime=3.08ms
    PrefetchOverlap: HiddenReady=20, HiddenWait=0, TicksSkipped=0
    MissCause: NotPresent=146, NotReadyStall=0
    PrefetchEff: Dropped=0, AlreadyCached=278, UsedBeforeEvict=20, EvictedBeforeUse=0
    GatingPredict Recall=24.92% (297/1192)
    GatingPredict Precision=99.66% (297/298)
    GatingPrefetch Delivery=24.92% (297/1192)
    GatingPrefetch Triggers=149
    Predictor TopK matches: 0=0 1=0 >=2=0
Layer 23 Cache Stats: Hits=1039, Misses=153, HitRate=87.16%
    Predictor Routed-Expert HitRate=N/A
    Loads Per Step: 0Loads=48, 1Load=59, >1Load=42
    Bandwidth: StallLoads=153, PrefetchLoads=24, AvgLoadTime=3.19ms
    PrefetchOverlap: HiddenReady=23, HiddenWait=0, TicksSkipped=0
    MissCause: NotPresent=153, NotReadyStall=0
    PrefetchEff: Dropped=0, AlreadyCached=274, UsedBeforeEvict=23, EvictedBeforeUse=1
    GatingPredict Recall=24.66% (294/1192)
    GatingPredict Precision=98.66% (294/298)
    GatingPrefetch Delivery=24.66% (294/1192)
    GatingPrefetch Triggers=149
    Predictor TopK matches: 0=0 1=0 >=2=0
Layer 24 Cache Stats: Hits=1075, Misses=117, HitRate=90.18%
    Predictor Routed-Expert HitRate=N/A
    Loads Per Step: 0Loads=72, 1Load=48, >1Load=29
    Bandwidth: StallLoads=117, PrefetchLoads=16, AvgLoadTime=3.31ms
    PrefetchOverlap: HiddenReady=16, HiddenWait=0, TicksSkipped=0
    MissCause: NotPresent=117, NotReadyStall=0
    PrefetchEff: Dropped=0, AlreadyCached=282, UsedBeforeEvict=16, EvictedBeforeUse=0
    GatingPredict Recall=24.92% (297/1192)
    GatingPredict Precision=99.66% (297/298)
    GatingPrefetch Delivery=25.00% (298/1192)
    GatingPrefetch Triggers=149
    Predictor TopK matches: 0=0 1=0 >=2=0
Layer 25 Cache Stats: Hits=1036, Misses=156, HitRate=86.91%
    Predictor Routed-Expert HitRate=N/A
    Loads Per Step: 0Loads=53, 1Load=53, >1Load=43
    Bandwidth: StallLoads=156, PrefetchLoads=43, AvgLoadTime=3.24ms
    PrefetchOverlap: HiddenReady=43, HiddenWait=0, TicksSkipped=0
    MissCause: NotPresent=156, NotReadyStall=0
    PrefetchEff: Dropped=0, AlreadyCached=255, UsedBeforeEvict=43, EvictedBeforeUse=0
    GatingPredict Recall=24.92% (297/1192)
    GatingPredict Precision=99.66% (297/298)
    GatingPrefetch Delivery=24.92% (297/1192)
    GatingPrefetch Triggers=149
    Predictor TopK matches: 0=0 1=0 >=2=0
Layer 26 Cache Stats: Hits=1102, Misses=90, HitRate=92.45%
    Predictor Routed-Expert HitRate=N/A
    Loads Per Step: 0Loads=87, 1Load=41, >1Load=21
    Bandwidth: StallLoads=90, PrefetchLoads=23, AvgLoadTime=3.40ms
    PrefetchOverlap: HiddenReady=23, HiddenWait=0, TicksSkipped=0
    MissCause: NotPresent=90, NotReadyStall=0
    PrefetchEff: Dropped=0, AlreadyCached=275, UsedBeforeEvict=23, EvictedBeforeUse=0
    GatingPredict Recall=25.00% (298/1192)
    GatingPredict Precision=100.00% (298/298)
    GatingPrefetch Delivery=25.00% (298/1192)
    GatingPrefetch Triggers=149
    Predictor TopK matches: 0=0 1=0 >=2=0
Layer 27 Cache Stats: Hits=1127, Misses=65, HitRate=94.55%
    Predictor Routed-Expert HitRate=N/A
    Loads Per Step: 0Loads=104, 1Load=27, >1Load=18
    Bandwidth: StallLoads=65, PrefetchLoads=11, AvgLoadTime=3.55ms
    PrefetchOverlap: HiddenReady=11, HiddenWait=0, TicksSkipped=0
    MissCause: NotPresent=65, NotReadyStall=0
    PrefetchEff: Dropped=0, AlreadyCached=287, UsedBeforeEvict=11, EvictedBeforeUse=0
    GatingPredict Recall=25.00% (298/1192)
    GatingPredict Precision=100.00% (298/298)
    GatingPrefetch Delivery=25.00% (298/1192)
    GatingPrefetch Triggers=149
    Predictor TopK matches: 0=0 1=0 >=2=0
Layer 28 Cache Stats: Hits=1082, Misses=110, HitRate=90.77%
    Predictor Routed-Expert HitRate=N/A
    Loads Per Step: 0Loads=77, 1Load=46, >1Load=26
    Bandwidth: StallLoads=110, PrefetchLoads=34, AvgLoadTime=3.28ms
    PrefetchOverlap: HiddenReady=34, HiddenWait=0, TicksSkipped=0
    MissCause: NotPresent=110, NotReadyStall=0
    PrefetchEff: Dropped=0, AlreadyCached=264, UsedBeforeEvict=34, EvictedBeforeUse=0
    GatingPredict Recall=24.92% (297/1192)
    GatingPredict Precision=99.66% (297/298)
    GatingPrefetch Delivery=24.92% (297/1192)
    GatingPrefetch Triggers=149
    Predictor TopK matches: 0=0 1=0 >=2=0
Layer 29 Cache Stats: Hits=1054, Misses=138, HitRate=88.42%
    Predictor Routed-Expert HitRate=N/A
    Loads Per Step: 0Loads=60, 1Load=52, >1Load=37
    Bandwidth: StallLoads=138, PrefetchLoads=20, AvgLoadTime=3.08ms
    PrefetchOverlap: HiddenReady=20, HiddenWait=0, TicksSkipped=0
    MissCause: NotPresent=138, NotReadyStall=0
    PrefetchEff: Dropped=0, AlreadyCached=278, UsedBeforeEvict=20, EvictedBeforeUse=0
    GatingPredict Recall=25.00% (298/1192)
    GatingPredict Precision=100.00% (298/298)
    GatingPrefetch Delivery=25.00% (298/1192)
    GatingPrefetch Triggers=149
    Predictor TopK matches: 0=0 1=0 >=2=0
Layer 30 Cache Stats: Hits=1152, Misses=40, HitRate=96.64%
    Predictor Routed-Expert HitRate=N/A
    Loads Per Step: 0Loads=122, 1Load=18, >1Load=9
    Bandwidth: StallLoads=40, PrefetchLoads=4, AvgLoadTime=3.03ms
    PrefetchOverlap: HiddenReady=4, HiddenWait=0, TicksSkipped=0
    MissCause: NotPresent=40, NotReadyStall=0
    PrefetchEff: Dropped=0, AlreadyCached=294, UsedBeforeEvict=4, EvictedBeforeUse=0
    GatingPredict Recall=24.92% (297/1192)
    GatingPredict Precision=99.66% (297/298)
    GatingPrefetch Delivery=24.92% (297/1192)
    GatingPrefetch Triggers=149
    Predictor TopK matches: 0=0 1=0 >=2=0
Layer 31 Cache Stats: Hits=1146, Misses=46, HitRate=96.14%
    Predictor Routed-Expert HitRate=N/A
    Loads Per Step: 0Loads=115, 1Load=26, >1Load=8
    Bandwidth: StallLoads=46, PrefetchLoads=1, AvgLoadTime=3.31ms
    PrefetchOverlap: HiddenReady=1, HiddenWait=0, TicksSkipped=0
    MissCause: NotPresent=46, NotReadyStall=0
    PrefetchEff: Dropped=0, AlreadyCached=297, UsedBeforeEvict=1, EvictedBeforeUse=0
    GatingPredict Recall=25.00% (298/1192)
    GatingPredict Precision=100.00% (298/298)
    GatingPrefetch Delivery=25.00% (298/1192)
    GatingPrefetch Triggers=149
    Predictor TopK matches: 0=0 1=0 >=2=0
Layer 32 Cache Stats: Hits=1100, Misses=92, HitRate=92.28%
    Predictor Routed-Expert HitRate=N/A
    Loads Per Step: 0Loads=89, 1Load=39, >1Load=21
    Bandwidth: StallLoads=92, PrefetchLoads=14, AvgLoadTime=3.08ms
    PrefetchOverlap: HiddenReady=14, HiddenWait=0, TicksSkipped=0
    MissCause: NotPresent=92, NotReadyStall=0
    PrefetchEff: Dropped=0, AlreadyCached=284, UsedBeforeEvict=14, EvictedBeforeUse=0
    GatingPredict Recall=25.00% (298/1192)
    GatingPredict Precision=100.00% (298/298)
    GatingPrefetch Delivery=25.00% (298/1192)
    GatingPrefetch Triggers=149
    Predictor TopK matches: 0=0 1=0 >=2=0
Layer 33 Cache Stats: Hits=1123, Misses=69, HitRate=94.21%
    Predictor Routed-Expert HitRate=N/A
    Loads Per Step: 0Loads=98, 1Load=38, >1Load=13
    Bandwidth: StallLoads=69, PrefetchLoads=9, AvgLoadTime=3.44ms
    PrefetchOverlap: HiddenReady=9, HiddenWait=0, TicksSkipped=0
    MissCause: NotPresent=69, NotReadyStall=0
    PrefetchEff: Dropped=0, AlreadyCached=289, UsedBeforeEvict=9, EvictedBeforeUse=0
    GatingPredict Recall=25.00% (298/1192)
    GatingPredict Precision=100.00% (298/298)
    GatingPrefetch Delivery=25.00% (298/1192)
    GatingPrefetch Triggers=149
    Predictor TopK matches: 0=0 1=0 >=2=0
Layer 34 Cache Stats: Hits=1062, Misses=130, HitRate=89.09%
    Predictor Routed-Expert HitRate=N/A
    Loads Per Step: 0Loads=69, 1Load=45, >1Load=35
    Bandwidth: StallLoads=130, PrefetchLoads=21, AvgLoadTime=3.04ms
    PrefetchOverlap: HiddenReady=21, HiddenWait=0, TicksSkipped=0
    MissCause: NotPresent=130, NotReadyStall=0
    PrefetchEff: Dropped=0, AlreadyCached=277, UsedBeforeEvict=21, EvictedBeforeUse=0
    GatingPredict Recall=25.00% (298/1192)
    GatingPredict Precision=100.00% (298/298)
    GatingPrefetch Delivery=25.00% (298/1192)
    GatingPrefetch Triggers=149
    Predictor TopK matches: 0=0 1=0 >=2=0
Layer 35 Cache Stats: Hits=1046, Misses=146, HitRate=87.75%
    Predictor Routed-Expert HitRate=N/A
    Loads Per Step: 0Loads=59, 1Load=50, >1Load=40
    Bandwidth: StallLoads=146, PrefetchLoads=27, AvgLoadTime=2.94ms
    PrefetchOverlap: HiddenReady=27, HiddenWait=0, TicksSkipped=0
    MissCause: NotPresent=146, NotReadyStall=0
    PrefetchEff: Dropped=0, AlreadyCached=271, UsedBeforeEvict=27, EvictedBeforeUse=0
    GatingPredict Recall=25.00% (298/1192)
    GatingPredict Precision=100.00% (298/298)
    GatingPrefetch Delivery=25.00% (298/1192)
    GatingPrefetch Triggers=149
    Predictor TopK matches: 0=0 1=0 >=2=0
Layer 36 Cache Stats: Hits=1076, Misses=116, HitRate=90.27%
    Predictor Routed-Expert HitRate=N/A
    Loads Per Step: 0Loads=73, 1Load=52, >1Load=24
    Bandwidth: StallLoads=116, PrefetchLoads=16, AvgLoadTime=3.34ms
    PrefetchOverlap: HiddenReady=16, HiddenWait=0, TicksSkipped=0
    MissCause: NotPresent=116, NotReadyStall=0
    PrefetchEff: Dropped=0, AlreadyCached=282, UsedBeforeEvict=16, EvictedBeforeUse=0
    GatingPredict Recall=25.00% (298/1192)
    GatingPredict Precision=100.00% (298/298)
    GatingPrefetch Delivery=25.00% (298/1192)
    GatingPrefetch Triggers=149
    Predictor TopK matches: 0=0 1=0 >=2=0
Layer 37 Cache Stats: Hits=1034, Misses=158, HitRate=86.74%
    Predictor Routed-Expert HitRate=N/A
    Loads Per Step: 0Loads=52, 1Load=59, >1Load=38
    Bandwidth: StallLoads=158, PrefetchLoads=58, AvgLoadTime=3.18ms
    PrefetchOverlap: HiddenReady=57, HiddenWait=0, TicksSkipped=0
    MissCause: NotPresent=158, NotReadyStall=0
    PrefetchEff: Dropped=0, AlreadyCached=240, UsedBeforeEvict=57, EvictedBeforeUse=1
    GatingPredict Recall=24.92% (297/1192)
    GatingPredict Precision=99.66% (297/298)
    GatingPrefetch Delivery=24.92% (297/1192)
    GatingPrefetch Triggers=149
    Predictor TopK matches: 0=0 1=0 >=2=0
Layer 38 Cache Stats: Hits=1076, Misses=116, HitRate=90.27%
    Predictor Routed-Expert HitRate=N/A
    Loads Per Step: 0Loads=74, 1Load=47, >1Load=28
    Bandwidth: StallLoads=116, PrefetchLoads=22, AvgLoadTime=3.26ms
    PrefetchOverlap: HiddenReady=22, HiddenWait=0, TicksSkipped=0
    MissCause: NotPresent=116, NotReadyStall=0
    PrefetchEff: Dropped=0, AlreadyCached=276, UsedBeforeEvict=22, EvictedBeforeUse=0
    GatingPredict Recall=25.00% (298/1192)
    GatingPredict Precision=100.00% (298/298)
    GatingPrefetch Delivery=25.00% (298/1192)
    GatingPrefetch Triggers=149
    Predictor TopK matches: 0=0 1=0 >=2=0
Layer 39 Cache Stats: Hits=1104, Misses=88, HitRate=92.62%
    Predictor Routed-Expert HitRate=N/A
    Loads Per Step: 0Loads=86, 1Load=45, >1Load=18
    Bandwidth: StallLoads=88, PrefetchLoads=17, AvgLoadTime=3.68ms
    PrefetchOverlap: HiddenReady=17, HiddenWait=0, TicksSkipped=0
    MissCause: NotPresent=88, NotReadyStall=0
    PrefetchEff: Dropped=0, AlreadyCached=281, UsedBeforeEvict=17, EvictedBeforeUse=0
    GatingPredict Recall=25.00% (298/1192)
    GatingPredict Precision=100.00% (298/298)
    GatingPrefetch Delivery=25.00% (298/1192)
    GatingPrefetch Triggers=149
    Predictor TopK matches: 0=0 1=0 >=2=0
Layer 40 Cache Stats: Hits=1106, Misses=86, HitRate=92.79%
    Predictor Routed-Expert HitRate=N/A
    Loads Per Step: 0Loads=86, 1Load=44, >1Load=19
    Bandwidth: StallLoads=86, PrefetchLoads=39, AvgLoadTime=3.72ms
    PrefetchOverlap: HiddenReady=39, HiddenWait=0, TicksSkipped=0
    MissCause: NotPresent=86, NotReadyStall=0
    PrefetchEff: Dropped=0, AlreadyCached=259, UsedBeforeEvict=39, EvictedBeforeUse=0
    GatingPredict Recall=25.00% (298/1192)
    GatingPredict Precision=100.00% (298/298)
    GatingPrefetch Delivery=25.00% (298/1192)
    GatingPrefetch Triggers=149
    Predictor TopK matches: 0=0 1=0 >=2=0
Layer 41 Cache Stats: Hits=1057, Misses=135, HitRate=88.67%
    Predictor Routed-Expert HitRate=N/A
    Loads Per Step: 0Loads=68, 1Load=48, >1Load=33
    Bandwidth: StallLoads=135, PrefetchLoads=53, AvgLoadTime=3.42ms
    PrefetchOverlap: HiddenReady=53, HiddenWait=0, TicksSkipped=0
    MissCause: NotPresent=135, NotReadyStall=0
    PrefetchEff: Dropped=0, AlreadyCached=245, UsedBeforeEvict=53, EvictedBeforeUse=0
    GatingPredict Recall=25.00% (298/1192)
    GatingPredict Precision=100.00% (298/298)
    GatingPrefetch Delivery=25.00% (298/1192)
    GatingPrefetch Triggers=149
    Predictor TopK matches: 0=0 1=0 >=2=0
Layer 42 Cache Stats: Hits=1098, Misses=94, HitRate=92.11%
    Predictor Routed-Expert HitRate=N/A
    Loads Per Step: 0Loads=85, 1Load=45, >1Load=19
    Bandwidth: StallLoads=94, PrefetchLoads=43, AvgLoadTime=3.67ms
    PrefetchOverlap: HiddenReady=43, HiddenWait=0, TicksSkipped=0
    MissCause: NotPresent=94, NotReadyStall=0
    PrefetchEff: Dropped=0, AlreadyCached=255, UsedBeforeEvict=43, EvictedBeforeUse=0
    GatingPredict Recall=25.00% (298/1192)
    GatingPredict Precision=100.00% (298/298)
    GatingPrefetch Delivery=25.00% (298/1192)
    GatingPrefetch Triggers=149
    Predictor TopK matches: 0=0 1=0 >=2=0
Layer 43 Cache Stats: Hits=1114, Misses=78, HitRate=93.46%
    Predictor Routed-Expert HitRate=N/A
    Loads Per Step: 0Loads=96, 1Load=33, >1Load=20
    Bandwidth: StallLoads=78, PrefetchLoads=35, AvgLoadTime=3.47ms
    PrefetchOverlap: HiddenReady=35, HiddenWait=0, TicksSkipped=0
    MissCause: NotPresent=78, NotReadyStall=0
    PrefetchEff: Dropped=0, AlreadyCached=263, UsedBeforeEvict=35, EvictedBeforeUse=0
    GatingPredict Recall=24.92% (297/1192)
    GatingPredict Precision=99.66% (297/298)
    GatingPrefetch Delivery=24.92% (297/1192)
    GatingPrefetch Triggers=149
    Predictor TopK matches: 0=0 1=0 >=2=0
Layer 44 Cache Stats: Hits=1135, Misses=57, HitRate=95.22%
    Predictor Routed-Expert HitRate=N/A
    Loads Per Step: 0Loads=109, 1Load=27, >1Load=13
    Bandwidth: StallLoads=57, PrefetchLoads=8, AvgLoadTime=3.49ms
    PrefetchOverlap: HiddenReady=8, HiddenWait=0, TicksSkipped=0
    MissCause: NotPresent=57, NotReadyStall=0
    PrefetchEff: Dropped=0, AlreadyCached=290, UsedBeforeEvict=8, EvictedBeforeUse=0
    GatingPredict Recall=25.00% (298/1192)
    GatingPredict Precision=100.00% (298/298)
    GatingPrefetch Delivery=25.00% (298/1192)
    GatingPrefetch Triggers=149
    Predictor TopK matches: 0=0 1=0 >=2=0
Layer 45 Cache Stats: Hits=1119, Misses=73, HitRate=93.88%
    Predictor Routed-Expert HitRate=N/A
    Loads Per Step: 0Loads=99, 1Load=33, >1Load=17
    Bandwidth: StallLoads=73, PrefetchLoads=18, AvgLoadTime=3.40ms
    PrefetchOverlap: HiddenReady=18, HiddenWait=0, TicksSkipped=0
    MissCause: NotPresent=73, NotReadyStall=0
    PrefetchEff: Dropped=0, AlreadyCached=280, UsedBeforeEvict=18, EvictedBeforeUse=0
    GatingPredict Recall=24.92% (297/1192)
    GatingPredict Precision=99.66% (297/298)
    GatingPrefetch Delivery=24.92% (297/1192)
    GatingPrefetch Triggers=149
    Predictor TopK matches: 0=0 1=0 >=2=0
Layer 46 Cache Stats: Hits=1084, Misses=108, HitRate=90.94%
    Predictor Routed-Expert HitRate=N/A
    Loads Per Step: 0Loads=89, 1Load=30, >1Load=30
    Bandwidth: StallLoads=108, PrefetchLoads=26, AvgLoadTime=3.24ms
    PrefetchOverlap: HiddenReady=26, HiddenWait=0, TicksSkipped=0
    MissCause: NotPresent=108, NotReadyStall=0
    PrefetchEff: Dropped=0, AlreadyCached=272, UsedBeforeEvict=26, EvictedBeforeUse=0
    GatingPredict Recall=24.83% (296/1192)
    GatingPredict Precision=99.33% (296/298)
    GatingPrefetch Delivery=24.83% (296/1192)
    GatingPrefetch Triggers=149
    Predictor TopK matches: 0=0 1=0 >=2=0
Layer 47 Cache Stats: Hits=1055, Misses=137, HitRate=88.51%
    Predictor Routed-Expert HitRate=N/A
    Loads Per Step: 0Loads=73, 1Load=37, >1Load=39
    Bandwidth: StallLoads=137, PrefetchLoads=61, AvgLoadTime=3.15ms
    PrefetchOverlap: HiddenReady=60, HiddenWait=0, TicksSkipped=0
    MissCause: NotPresent=137, NotReadyStall=0
    PrefetchEff: Dropped=0, AlreadyCached=237, UsedBeforeEvict=60, EvictedBeforeUse=1
    GatingPredict Recall=24.75% (295/1192)
    GatingPredict Precision=98.99% (295/298)
    GatingPrefetch Delivery=24.75% (295/1192)
    GatingPrefetch Triggers=149
    Predictor TopK matches: 0=0 1=0 >=2=0
============================================================
============================================================
Initializing Qwen3 30B-A3B AWQ w4a16 quantized model...
============================================================
Loading quantized weights from QuixiAI/Qwen3-30B-A3B-AWQ...
Using saved safetensors: /home/michael/heteroPredict/py/unified_llm_w4a16/model_weights/Qwen3-30B-A3B-AWQ.safetensors
Expert weights dir: /home/michael/heteroPredict/py/unified_llm_w4a16/model_weights/Qwen3-30B-A3B-AWQ_packed  (format: packed)
Using existing attention weights in /home/michael/heteroPredict/py/unified_llm_w4a16/model_weights/Qwen3-30B-A3B-AWQ_unpacked
Weights loaded (expert dir override) in 0.29 seconds
Pre-warming expert cache with 48 experts...
Model initialized successfully!
Set expert cache policy to LRU.

Running sweep using prompts from JSON: /tmp/tmpfejx9zda.json
Loaded 1 prompts for sweeping.

Processing Prompt 1/1...

============================================================
Generated text only:
============================================================
 time was too " literary " and not sufficiently " classical " . However , he was not discouraged and continued to travel . He later took the exam again in 741 , and passed it . He was then given a minor post in the capital . 

 = = = The An Lushan rebellion and the fall of the Tang = = = 

 In 755 , the An Lushan rebellion broke out . The rebellion was a massive rebellion led by a general of non-Han origin , An Lushan , who had been appointed to the northern frontier to defend against the Tibetans . The rebellion began in 755 and lasted until 763 . The rebellion caused the collapse of the Tang dynasty and the death
============================================================

============================================================
Sweep Complete.
Average Time per Token: 0.290787
End-to-End TPS: 3.4389
Cache Stats: Hits=51561, Misses=5655, HitRate=90.12%
Predictor Stats: Hits=0, Total=0, HitRate=0.00%
Initializing UnifiedLLMW4A16Impl_base
Using NPU config struct.
Configuring NPU (Base):
  Heterogeneity: gpu
  GPU Count: 1
  Debug Verbosity: 1
  Dummy Weights: false
  Warmup: false
  Preload MoE: true
  Minimal PDI: true
[GPU SELECT] Free VRAM ranking: gpu0=28.00/28.00 GiB
[GPU SELECT] Selected GPUs for gpu-count=1: [0]
[GPU MAP] Single-GPU placement on gpu0
[Layer 1] cache partition: main=46 speculative=2 (fraction=0.0416667)
[GatingHeuristicPredictor Layer 1] prefetch_count=2 softmax_before_topk=yes
[Layer 2] cache partition: main=46 speculative=2 (fraction=0.0416667)
[GatingHeuristicPredictor Layer 2] prefetch_count=2 softmax_before_topk=yes
[Layer 3] cache partition: main=46 speculative=2 (fraction=0.0416667)
[GatingHeuristicPredictor Layer 3] prefetch_count=2 softmax_before_topk=yes
[Layer 4] cache partition: main=46 speculative=2 (fraction=0.0416667)
[GatingHeuristicPredictor Layer 4] prefetch_count=2 softmax_before_topk=yes
[Layer 5] cache partition: main=46 speculative=2 (fraction=0.0416667)
[GatingHeuristicPredictor Layer 5] prefetch_count=2 softmax_before_topk=yes
[Layer 6] cache partition: main=46 speculative=2 (fraction=0.0416667)
[GatingHeuristicPredictor Layer 6] prefetch_count=2 softmax_before_topk=yes
[Layer 7] cache partition: main=46 speculative=2 (fraction=0.0416667)
[GatingHeuristicPredictor Layer 7] prefetch_count=2 softmax_before_topk=yes
[Layer 8] cache partition: main=46 speculative=2 (fraction=0.0416667)
[GatingHeuristicPredictor Layer 8] prefetch_count=2 softmax_before_topk=yes
[Layer 9] cache partition: main=46 speculative=2 (fraction=0.0416667)
[GatingHeuristicPredictor Layer 9] prefetch_count=2 softmax_before_topk=yes
[Layer 10] cache partition: main=46 speculative=2 (fraction=0.0416667)
[GatingHeuristicPredictor Layer 10] prefetch_count=2 softmax_before_topk=yes
[Layer 11] cache partition: main=46 speculative=2 (fraction=0.0416667)
[GatingHeuristicPredictor Layer 11] prefetch_count=2 softmax_before_topk=yes
[Layer 12] cache partition: main=46 speculative=2 (fraction=0.0416667)
[GatingHeuristicPredictor Layer 12] prefetch_count=2 softmax_before_topk=yes
[Layer 13] cache partition: main=46 speculative=2 (fraction=0.0416667)
[GatingHeuristicPredictor Layer 13] prefetch_count=2 softmax_before_topk=yes
[Layer 14] cache partition: main=46 speculative=2 (fraction=0.0416667)
[GatingHeuristicPredictor Layer 14] prefetch_count=2 softmax_before_topk=yes
[Layer 15] cache partition: main=46 speculative=2 (fraction=0.0416667)
[GatingHeuristicPredictor Layer 15] prefetch_count=2 softmax_before_topk=yes
[Layer 16] cache partition: main=46 speculative=2 (fraction=0.0416667)
[GatingHeuristicPredictor Layer 16] prefetch_count=2 softmax_before_topk=yes
[Layer 17] cache partition: main=46 speculative=2 (fraction=0.0416667)
[GatingHeuristicPredictor Layer 17] prefetch_count=2 softmax_before_topk=yes
[Layer 18] cache partition: main=46 speculative=2 (fraction=0.0416667)
[GatingHeuristicPredictor Layer 18] prefetch_count=2 softmax_before_topk=yes
[Layer 19] cache partition: main=46 speculative=2 (fraction=0.0416667)
[GatingHeuristicPredictor Layer 19] prefetch_count=2 softmax_before_topk=yes
[Layer 20] cache partition: main=46 speculative=2 (fraction=0.0416667)
[GatingHeuristicPredictor Layer 20] prefetch_count=2 softmax_before_topk=yes
[Layer 21] cache partition: main=46 speculative=2 (fraction=0.0416667)
[GatingHeuristicPredictor Layer 21] prefetch_count=2 softmax_before_topk=yes
[Layer 22] cache partition: main=46 speculative=2 (fraction=0.0416667)
[GatingHeuristicPredictor Layer 22] prefetch_count=2 softmax_before_topk=yes
[Layer 23] cache partition: main=46 speculative=2 (fraction=0.0416667)
[GatingHeuristicPredictor Layer 23] prefetch_count=2 softmax_before_topk=yes
[Layer 24] cache partition: main=46 speculative=2 (fraction=0.0416667)
[GatingHeuristicPredictor Layer 24] prefetch_count=2 softmax_before_topk=yes
[Layer 25] cache partition: main=46 speculative=2 (fraction=0.0416667)
[GatingHeuristicPredictor Layer 25] prefetch_count=2 softmax_before_topk=yes
[Layer 26] cache partition: main=46 speculative=2 (fraction=0.0416667)
[GatingHeuristicPredictor Layer 26] prefetch_count=2 softmax_before_topk=yes
[Layer 27] cache partition: main=46 speculative=2 (fraction=0.0416667)
[GatingHeuristicPredictor Layer 27] prefetch_count=2 softmax_before_topk=yes
[Layer 28] cache partition: main=46 speculative=2 (fraction=0.0416667)
[GatingHeuristicPredictor Layer 28] prefetch_count=2 softmax_before_topk=yes
[Layer 29] cache partition: main=46 speculative=2 (fraction=0.0416667)
[GatingHeuristicPredictor Layer 29] prefetch_count=2 softmax_before_topk=yes
[Layer 30] cache partition: main=46 speculative=2 (fraction=0.0416667)
[GatingHeuristicPredictor Layer 30] prefetch_count=2 softmax_before_topk=yes
[Layer 31] cache partition: main=46 speculative=2 (fraction=0.0416667)
[GatingHeuristicPredictor Layer 31] prefetch_count=2 softmax_before_topk=yes
[Layer 32] cache partition: main=46 speculative=2 (fraction=0.0416667)
[GatingHeuristicPredictor Layer 32] prefetch_count=2 softmax_before_topk=yes
[Layer 33] cache partition: main=46 speculative=2 (fraction=0.0416667)
[GatingHeuristicPredictor Layer 33] prefetch_count=2 softmax_before_topk=yes
[Layer 34] cache partition: main=46 speculative=2 (fraction=0.0416667)
[GatingHeuristicPredictor Layer 34] prefetch_count=2 softmax_before_topk=yes
[Layer 35] cache partition: main=46 speculative=2 (fraction=0.0416667)
[GatingHeuristicPredictor Layer 35] prefetch_count=2 softmax_before_topk=yes
[Layer 36] cache partition: main=46 speculative=2 (fraction=0.0416667)
[GatingHeuristicPredictor Layer 36] prefetch_count=2 softmax_before_topk=yes
[Layer 37] cache partition: main=46 speculative=2 (fraction=0.0416667)
[GatingHeuristicPredictor Layer 37] prefetch_count=2 softmax_before_topk=yes
[Layer 38] cache partition: main=46 speculative=2 (fraction=0.0416667)
[GatingHeuristicPredictor Layer 38] prefetch_count=2 softmax_before_topk=yes
[Layer 39] cache partition: main=46 speculative=2 (fraction=0.0416667)
[GatingHeuristicPredictor Layer 39] prefetch_count=2 softmax_before_topk=yes
[Layer 40] cache partition: main=46 speculative=2 (fraction=0.0416667)
[GatingHeuristicPredictor Layer 40] prefetch_count=2 softmax_before_topk=yes
[Layer 41] cache partition: main=46 speculative=2 (fraction=0.0416667)
[GatingHeuristicPredictor Layer 41] prefetch_count=2 softmax_before_topk=yes
[Layer 42] cache partition: main=46 speculative=2 (fraction=0.0416667)
[GatingHeuristicPredictor Layer 42] prefetch_count=2 softmax_before_topk=yes
[Layer 43] cache partition: main=46 speculative=2 (fraction=0.0416667)
[GatingHeuristicPredictor Layer 43] prefetch_count=2 softmax_before_topk=yes
[Layer 44] cache partition: main=46 speculative=2 (fraction=0.0416667)
[GatingHeuristicPredictor Layer 44] prefetch_count=2 softmax_before_topk=yes
[Layer 45] cache partition: main=46 speculative=2 (fraction=0.0416667)
[GatingHeuristicPredictor Layer 45] prefetch_count=2 softmax_before_topk=yes
[Layer 46] cache partition: main=46 speculative=2 (fraction=0.0416667)
[GatingHeuristicPredictor Layer 46] prefetch_count=2 softmax_before_topk=yes
[Layer 47] cache partition: main=46 speculative=2 (fraction=0.0416667)
[GatingHeuristicPredictor Layer 47] prefetch_count=2 softmax_before_topk=yes
UnifiedLLMW4A16 moved to device: cuda:0
Preloading MoE kernels...
MoE kernels preloaded.
UnifiedLLMW4A16 initialized on device: cuda:0 with w4a16 quantization
Loading non-quantized weights from safetensors (mmap): /home/michael/heteroPredict/py/unified_llm_w4a16/model_weights/Qwen3-30B-A3B-AWQ.safetensors
Loaded 243 non-quantized parameters, skipped 0
Loading quantized weights from bins: /home/michael/heteroPredict/py/unified_llm_w4a16/model_weights/Qwen3-30B-A3B-AWQ_unpacked
  Expert weights dir override: /home/michael/heteroPredict/py/unified_llm_w4a16/model_weights/Qwen3-30B-A3B-AWQ_packed
Pre-warming 48 experts for all layers...
Layer 0: Pre-warming 46 experts.
Layer 0: using packed expert format.
[MoE I/O] Expert weight reads require O_DIRECT (no buffered fallback).
Layer 1: Pre-warming 46 experts.
Layer 1: using packed expert format.
Layer 2: Pre-warming 46 experts.
Layer 2: using packed expert format.
Layer 3: Pre-warming 46 experts.
Layer 3: using packed expert format.
Prewarmed experts for layer 4/48
Layer 4: Pre-warming 46 experts.
Layer 4: using packed expert format.
Layer 5: Pre-warming 46 experts.
Layer 5: using packed expert format.
Layer 6: Pre-warming 46 experts.
Layer 6: using packed expert format.
Layer 7: Pre-warming 46 experts.
Layer 7: using packed expert format.
Prewarmed experts for layer 8/48
Layer 8: Pre-warming 46 experts.
Layer 8: using packed expert format.
Layer 9: Pre-warming 46 experts.
Layer 9: using packed expert format.
Layer 10: Pre-warming 46 experts.
Layer 10: using packed expert format.
Layer 11: Pre-warming 46 experts.
Layer 11: using packed expert format.
Prewarmed experts for layer 12/48
Layer 12: Pre-warming 46 experts.
Layer 12: using packed expert format.
Layer 13: Pre-warming 46 experts.
Layer 13: using packed expert format.
Layer 14: Pre-warming 46 experts.
Layer 14: using packed expert format.
Layer 15: Pre-warming 46 experts.
Layer 15: using packed expert format.
Prewarmed experts for layer 16/48
Layer 16: Pre-warming 46 experts.
Layer 16: using packed expert format.
Layer 17: Pre-warming 46 experts.
Layer 17: using packed expert format.
Layer 18: Pre-warming 46 experts.
Layer 18: using packed expert format.
Layer 19: Pre-warming 46 experts.
Layer 19: using packed expert format.
Prewarmed experts for layer 20/48
Layer 20: Pre-warming 46 experts.
Layer 20: using packed expert format.
Layer 21: Pre-warming 46 experts.
Layer 21: using packed expert format.
Layer 22: Pre-warming 46 experts.
Layer 22: using packed expert format.
Layer 23: Pre-warming 46 experts.
Layer 23: using packed expert format.
Prewarmed experts for layer 24/48
Layer 24: Pre-warming 46 experts.
Layer 24: using packed expert format.
Layer 25: Pre-warming 46 experts.
Layer 25: using packed expert format.
Layer 26: Pre-warming 46 experts.
Layer 26: using packed expert format.
Layer 27: Pre-warming 46 experts.
Layer 27: using packed expert format.
Prewarmed experts for layer 28/48
Layer 28: Pre-warming 46 experts.
Layer 28: using packed expert format.
Layer 29: Pre-warming 46 experts.
Layer 29: using packed expert format.
Layer 30: Pre-warming 46 experts.
Layer 30: using packed expert format.
Layer 31: Pre-warming 46 experts.
Layer 31: using packed expert format.
Prewarmed experts for layer 32/48
Layer 32: Pre-warming 46 experts.
Layer 32: using packed expert format.
Layer 33: Pre-warming 46 experts.
Layer 33: using packed expert format.
Layer 34: Pre-warming 46 experts.
Layer 34: using packed expert format.
Layer 35: Pre-warming 46 experts.
Layer 35: using packed expert format.
Prewarmed experts for layer 36/48
Layer 36: Pre-warming 46 experts.
Layer 36: using packed expert format.
Layer 37: Pre-warming 46 experts.
Layer 37: using packed expert format.
Layer 38: Pre-warming 46 experts.
Layer 38: using packed expert format.
Layer 39: Pre-warming 46 experts.
Layer 39: using packed expert format.
Prewarmed experts for layer 40/48
Layer 40: Pre-warming 46 experts.
Layer 40: using packed expert format.
Layer 41: Pre-warming 46 experts.
Layer 41: using packed expert format.
Layer 42: Pre-warming 46 experts.
Layer 42: using packed expert format.
Layer 43: Pre-warming 46 experts.
Layer 43: using packed expert format.
Prewarmed experts for layer 44/48
Layer 44: Pre-warming 46 experts.
Layer 44: using packed expert format.
Layer 45: Pre-warming 46 experts.
Layer 45: using packed expert format.
Layer 46: Pre-warming 46 experts.
Layer 46: using packed expert format.
Layer 47: Pre-warming 46 experts.
Layer 47: using packed expert format.
Prewarmed experts for layer 48/48
Libtorch input_ids shape: [1, 512]
Skipping warmup.
Prefill time: 35.0239 seconds
Generation phase
[Layer 0 Step 0 Debug] Slots before check: 95 96 97 98 99 100 101 102 103 104 105 106 107 108 109 110 111 112 113 114 115 116 117 118 119 120 121 122 123 124 125 126 127 81 82 83 84 85 86 87 88 89 90 91 92 93 -1 -1 
[Layer 0 Step 0 Debug] Requested: 119 34 28 7 51 110 46 72 
[gen 5/149] elapsed=3.3s  TPS=1.494
[gen 10/149] elapsed=5.9s  TPS=1.689
[gen 15/149] elapsed=7.6s  TPS=1.982
[gen 20/149] elapsed=9.2s  TPS=2.167
[gen 25/149] elapsed=10.7s  TPS=2.345
[gen 30/149] elapsed=11.7s  TPS=2.570
[gen 35/149] elapsed=12.8s  TPS=2.738
[gen 40/149] elapsed=13.9s  TPS=2.879
[gen 45/149] elapsed=15.0s  TPS=3.006
[gen 50/149] elapsed=15.7s  TPS=3.181
[gen 55/149] elapsed=16.9s  TPS=3.245
[gen 60/149] elapsed=18.2s  TPS=3.306
[gen 65/149] elapsed=20.3s  TPS=3.204
[gen 70/149] elapsed=21.4s  TPS=3.270
[gen 75/149] elapsed=22.6s  TPS=3.321
[gen 80/149] elapsed=23.8s  TPS=3.368
[gen 85/149] elapsed=25.5s  TPS=3.332
[gen 90/149] elapsed=27.2s  TPS=3.313
[gen 95/149] elapsed=29.3s  TPS=3.238
[gen 100/149] elapsed=30.9s  TPS=3.235
[gen 105/149] elapsed=31.9s  TPS=3.291
[gen 110/149] elapsed=32.9s  TPS=3.338
[gen 115/149] elapsed=33.7s  TPS=3.412
[gen 120/149] elapsed=34.6s  TPS=3.471
[gen 125/149] elapsed=35.5s  TPS=3.525
[gen 130/149] elapsed=36.5s  TPS=3.561
[gen 135/149] elapsed=37.3s  TPS=3.619
[gen 140/149] elapsed=38.3s  TPS=3.657
[gen 145/149] elapsed=39.1s  TPS=3.710
Prefill time (summary): 35.024 seconds
Total Generation Time: 39.899 seconds
Average Time per Token: 0.26778 seconds

Expert Cache Statistics:
Layer 0 Cache Stats: Hits=585, Misses=607, HitRate=49.08%
    Predictor Routed-Expert HitRate=N/A
    Loads Per Step: 0Loads=4, 1Load=13, >1Load=132
    Bandwidth: StallLoads=607, PrefetchLoads=0, AvgLoadTime=3.24ms
    MissCause: NotPresent=607, NotReadyStall=0
    GlobalSpecLoad: PeakConcurrent=2
    Predictor TopK matches: 0=0 1=0 >=2=0
Layer 1 Cache Stats: Hits=875, Misses=317, HitRate=73.41%
    Predictor Routed-Expert HitRate=N/A
    Loads Per Step: 0Loads=9, 1Load=36, >1Load=104
    Bandwidth: StallLoads=317, PrefetchLoads=55, AvgLoadTime=5.33ms
    PrefetchOverlap: HiddenReady=55, HiddenWait=0, TicksSkipped=0
    MissCause: NotPresent=317, NotReadyStall=0
    PrefetchEff: Dropped=0, AlreadyCached=243, UsedBeforeEvict=55, EvictedBeforeUse=0
    GatingPredict Recall=23.07% (275/1192)
    GatingPredict Precision=92.28% (275/298)
    GatingPrefetch Delivery=23.07% (275/1192)
    GatingPrefetch Triggers=149
    Predictor TopK matches: 0=0 1=0 >=2=0
Layer 2 Cache Stats: Hits=1045, Misses=147, HitRate=87.67%
    Predictor Routed-Expert HitRate=N/A
    Loads Per Step: 0Loads=50, 1Load=61, >1Load=38
    Bandwidth: StallLoads=147, PrefetchLoads=69, AvgLoadTime=6.79ms
    PrefetchOverlap: HiddenReady=67, HiddenWait=0, TicksSkipped=0
    MissCause: NotPresent=147, NotReadyStall=0
    PrefetchEff: Dropped=0, AlreadyCached=229, UsedBeforeEvict=67, EvictedBeforeUse=2
    GatingPredict Recall=24.16% (288/1192)
    GatingPredict Precision=96.64% (288/298)
    GatingPrefetch Delivery=24.16% (288/1192)
    GatingPrefetch Triggers=149
    Predictor TopK matches: 0=0 1=0 >=2=0
Layer 3 Cache Stats: Hits=941, Misses=251, HitRate=78.94%
    Predictor Routed-Expert HitRate=N/A
    Loads Per Step: 0Loads=24, 1Load=46, >1Load=79
    Bandwidth: StallLoads=251, PrefetchLoads=63, AvgLoadTime=5.56ms
    PrefetchOverlap: HiddenReady=60, HiddenWait=0, TicksSkipped=0
    MissCause: NotPresent=251, NotReadyStall=0
    PrefetchEff: Dropped=0, AlreadyCached=235, UsedBeforeEvict=60, EvictedBeforeUse=3
    GatingPredict Recall=23.49% (280/1192)
    GatingPredict Precision=93.96% (280/298)
    GatingPrefetch Delivery=23.49% (280/1192)
    GatingPrefetch Triggers=149
    Predictor TopK matches: 0=0 1=0 >=2=0
Layer 4 Cache Stats: Hits=1061, Misses=131, HitRate=89.01%
    Predictor Routed-Expert HitRate=N/A
    Loads Per Step: 0Loads=68, 1Load=48, >1Load=33
    Bandwidth: StallLoads=131, PrefetchLoads=34, AvgLoadTime=6.07ms
    PrefetchOverlap: HiddenReady=26, HiddenWait=0, TicksSkipped=0
    MissCause: NotPresent=131, NotReadyStall=0
    PrefetchEff: Dropped=0, AlreadyCached=264, UsedBeforeEvict=26, EvictedBeforeUse=7
    GatingPredict Recall=23.49% (280/1192)
    GatingPredict Precision=93.96% (280/298)
    GatingPrefetch Delivery=23.66% (282/1192)
    GatingPrefetch Triggers=149
    Predictor TopK matches: 0=0 1=0 >=2=0
Layer 5 Cache Stats: Hits=1079, Misses=113, HitRate=90.52%
    Predictor Routed-Expert HitRate=N/A
    Loads Per Step: 0Loads=75, 1Load=50, >1Load=24
    Bandwidth: StallLoads=113, PrefetchLoads=28, AvgLoadTime=6.15ms
    PrefetchOverlap: HiddenReady=28, HiddenWait=0, TicksSkipped=0
    MissCause: NotPresent=113, NotReadyStall=0
    PrefetchEff: Dropped=0, AlreadyCached=270, UsedBeforeEvict=28, EvictedBeforeUse=0
    GatingPredict Recall=24.75% (295/1192)
    GatingPredict Precision=98.99% (295/298)
    GatingPrefetch Delivery=24.75% (295/1192)
    GatingPrefetch Triggers=149
    Predictor TopK matches: 0=0 1=0 >=2=0
Layer 6 Cache Stats: Hits=1155, Misses=37, HitRate=96.90%
    Predictor Routed-Expert HitRate=N/A
    Loads Per Step: 0Loads=120, 1Load=24, >1Load=5
    Bandwidth: StallLoads=37, PrefetchLoads=7, AvgLoadTime=7.80ms
    PrefetchOverlap: HiddenReady=7, HiddenWait=0, TicksSkipped=0
    MissCause: NotPresent=37, NotReadyStall=0
    PrefetchEff: Dropped=0, AlreadyCached=291, UsedBeforeEvict=7, EvictedBeforeUse=0
    GatingPredict Recall=24.66% (294/1192)
    GatingPredict Precision=98.66% (294/298)
    GatingPrefetch Delivery=24.66% (294/1192)
    GatingPrefetch Triggers=149
    Predictor TopK matches: 0=0 1=0 >=2=0
Layer 7 Cache Stats: Hits=1157, Misses=35, HitRate=97.06%
    Predictor Routed-Expert HitRate=N/A
    Loads Per Step: 0Loads=125, 1Load=18, >1Load=6
    Bandwidth: StallLoads=35, PrefetchLoads=4, AvgLoadTime=7.33ms
    PrefetchOverlap: HiddenReady=4, HiddenWait=0, TicksSkipped=0
    MissCause: NotPresent=35, NotReadyStall=0
    PrefetchEff: Dropped=0, AlreadyCached=294, UsedBeforeEvict=4, EvictedBeforeUse=0
    GatingPredict Recall=24.75% (295/1192)
    GatingPredict Precision=98.99% (295/298)
    GatingPrefetch Delivery=24.75% (295/1192)
    GatingPrefetch Triggers=149
    Predictor TopK matches: 0=0 1=0 >=2=0
Layer 8 Cache Stats: Hits=1101, Misses=91, HitRate=92.37%
    Predictor Routed-Expert HitRate=N/A
    Loads Per Step: 0Loads=84, 1Load=45, >1Load=20
    Bandwidth: StallLoads=91, PrefetchLoads=15, AvgLoadTime=6.11ms
    PrefetchOverlap: HiddenReady=15, HiddenWait=0, TicksSkipped=0
    MissCause: NotPresent=91, NotReadyStall=0
    PrefetchEff: Dropped=0, AlreadyCached=283, UsedBeforeEvict=15, EvictedBeforeUse=0
    GatingPredict Recall=24.75% (295/1192)
    GatingPredict Precision=98.99% (295/298)
    GatingPrefetch Delivery=24.75% (295/1192)
    GatingPrefetch Triggers=149
    Predictor TopK matches: 0=0 1=0 >=2=0
Layer 9 Cache Stats: Hits=1113, Misses=79, HitRate=93.37%
    Predictor Routed-Expert HitRate=N/A
    Loads Per Step: 0Loads=90, 1Load=45, >1Load=14
    Bandwidth: StallLoads=79, PrefetchLoads=21, AvgLoadTime=6.25ms
    PrefetchOverlap: HiddenReady=21, HiddenWait=0, TicksSkipped=0
    MissCause: NotPresent=79, NotReadyStall=0
    PrefetchEff: Dropped=0, AlreadyCached=277, UsedBeforeEvict=21, EvictedBeforeUse=0
    GatingPredict Recall=24.83% (296/1192)
    GatingPredict Precision=99.33% (296/298)
    GatingPrefetch Delivery=24.83% (296/1192)
    GatingPrefetch Triggers=149
    Predictor TopK matches: 0=0 1=0 >=2=0
Layer 10 Cache Stats: Hits=1100, Misses=92, HitRate=92.28%
    Predictor Routed-Expert HitRate=N/A
    Loads Per Step: 0Loads=87, 1Load=36, >1Load=26
    Bandwidth: StallLoads=92, PrefetchLoads=5, AvgLoadTime=5.61ms
    PrefetchOverlap: HiddenReady=5, HiddenWait=0, TicksSkipped=0
    MissCause: NotPresent=92, NotReadyStall=0
    PrefetchEff: Dropped=0, AlreadyCached=293, UsedBeforeEvict=5, EvictedBeforeUse=0
    GatingPredict Recall=25.00% (298/1192)
    GatingPredict Precision=100.00% (298/298)
    GatingPrefetch Delivery=25.00% (298/1192)
    GatingPrefetch Triggers=149
    Predictor TopK matches: 0=0 1=0 >=2=0
Layer 11 Cache Stats: Hits=1046, Misses=146, HitRate=87.75%
    Predictor Routed-Expert HitRate=N/A
    Loads Per Step: 0Loads=63, 1Load=49, >1Load=37
    Bandwidth: StallLoads=146, PrefetchLoads=21, AvgLoadTime=5.29ms
    PrefetchOverlap: HiddenReady=21, HiddenWait=0, TicksSkipped=0
    MissCause: NotPresent=146, NotReadyStall=0
    PrefetchEff: Dropped=0, AlreadyCached=277, UsedBeforeEvict=21, EvictedBeforeUse=0
    GatingPredict Recall=25.00% (298/1192)
    GatingPredict Precision=100.00% (298/298)
    GatingPrefetch Delivery=25.00% (298/1192)
    GatingPrefetch Triggers=149
    Predictor TopK matches: 0=0 1=0 >=2=0
Layer 12 Cache Stats: Hits=1098, Misses=94, HitRate=92.11%
    Predictor Routed-Expert HitRate=N/A
    Loads Per Step: 0Loads=82, 1Load=47, >1Load=20
    Bandwidth: StallLoads=94, PrefetchLoads=14, AvgLoadTime=6.64ms
    PrefetchOverlap: HiddenReady=14, HiddenWait=0, TicksSkipped=0
    MissCause: NotPresent=94, NotReadyStall=0
    PrefetchEff: Dropped=0, AlreadyCached=284, UsedBeforeEvict=14, EvictedBeforeUse=0
    GatingPredict Recall=24.92% (297/1192)
    GatingPredict Precision=99.66% (297/298)
    GatingPrefetch Delivery=24.92% (297/1192)
    GatingPrefetch Triggers=149
    Predictor TopK matches: 0=0 1=0 >=2=0
Layer 13 Cache Stats: Hits=1064, Misses=128, HitRate=89.26%
    Predictor Routed-Expert HitRate=N/A
    Loads Per Step: 0Loads=64, 1Load=57, >1Load=28
    Bandwidth: StallLoads=128, PrefetchLoads=22, AvgLoadTime=6.26ms
    PrefetchOverlap: HiddenReady=22, HiddenWait=0, TicksSkipped=0
    MissCause: NotPresent=128, NotReadyStall=0
    PrefetchEff: Dropped=0, AlreadyCached=276, UsedBeforeEvict=22, EvictedBeforeUse=0
    GatingPredict Recall=24.83% (296/1192)
    GatingPredict Precision=99.33% (296/298)
    GatingPrefetch Delivery=24.83% (296/1192)
    GatingPrefetch Triggers=149
    Predictor TopK matches: 0=0 1=0 >=2=0
Layer 14 Cache Stats: Hits=1136, Misses=56, HitRate=95.30%
    Predictor Routed-Expert HitRate=N/A
    Loads Per Step: 0Loads=108, 1Load=31, >1Load=10
    Bandwidth: StallLoads=56, PrefetchLoads=23, AvgLoadTime=8.24ms
    PrefetchOverlap: HiddenReady=23, HiddenWait=0, TicksSkipped=0
    MissCause: NotPresent=56, NotReadyStall=0
    PrefetchEff: Dropped=0, AlreadyCached=275, UsedBeforeEvict=23, EvictedBeforeUse=0
    GatingPredict Recall=24.41% (291/1192)
    GatingPredict Precision=97.65% (291/298)
    GatingPrefetch Delivery=24.41% (291/1192)
    GatingPrefetch Triggers=149
    Predictor TopK matches: 0=0 1=0 >=2=0
Layer 15 Cache Stats: Hits=1144, Misses=48, HitRate=95.97%
    Predictor Routed-Expert HitRate=N/A
    Loads Per Step: 0Loads=108, 1Load=36, >1Load=5
    Bandwidth: StallLoads=48, PrefetchLoads=14, AvgLoadTime=7.75ms
    PrefetchOverlap: HiddenReady=13, HiddenWait=0, TicksSkipped=0
    MissCause: NotPresent=48, NotReadyStall=0
    PrefetchEff: Dropped=0, AlreadyCached=284, UsedBeforeEvict=13, EvictedBeforeUse=1
    GatingPredict Recall=24.83% (296/1192)
    GatingPredict Precision=99.33% (296/298)
    GatingPrefetch Delivery=24.83% (296/1192)
    GatingPrefetch Triggers=149
    Predictor TopK matches: 0=0 1=0 >=2=0
Layer 16 Cache Stats: Hits=1118, Misses=74, HitRate=93.79%
    Predictor Routed-Expert HitRate=N/A
    Loads Per Step: 0Loads=89, 1Load=49, >1Load=11
    Bandwidth: StallLoads=74, PrefetchLoads=24, AvgLoadTime=7.30ms
    PrefetchOverlap: HiddenReady=24, HiddenWait=0, TicksSkipped=0
    MissCause: NotPresent=74, NotReadyStall=0
    PrefetchEff: Dropped=0, AlreadyCached=274, UsedBeforeEvict=24, EvictedBeforeUse=0
    GatingPredict Recall=24.92% (297/1192)
    GatingPredict Precision=99.66% (297/298)
    GatingPrefetch Delivery=24.92% (297/1192)
    GatingPrefetch Triggers=149
    Predictor TopK matches: 0=0 1=0 >=2=0
Layer 17 Cache Stats: Hits=1075, Misses=117, HitRate=90.18%
    Predictor Routed-Expert HitRate=N/A
    Loads Per Step: 0Loads=66, 1Load=58, >1Load=25
    Bandwidth: StallLoads=117, PrefetchLoads=17, AvgLoadTime=6.51ms
    PrefetchOverlap: HiddenReady=17, HiddenWait=0, TicksSkipped=0
    MissCause: NotPresent=117, NotReadyStall=0
    PrefetchEff: Dropped=0, AlreadyCached=281, UsedBeforeEvict=17, EvictedBeforeUse=0
    GatingPredict Recall=24.75% (295/1192)
    GatingPredict Precision=98.99% (295/298)
    GatingPrefetch Delivery=24.75% (295/1192)
    GatingPrefetch Triggers=149
    Predictor TopK matches: 0=0 1=0 >=2=0
Layer 18 Cache Stats: Hits=1156, Misses=36, HitRate=96.98%
    Predictor Routed-Expert HitRate=N/A
    Loads Per Step: 0Loads=120, 1Load=23, >1Load=6
    Bandwidth: StallLoads=36, PrefetchLoads=11, AvgLoadTime=7.78ms
    PrefetchOverlap: HiddenReady=9, HiddenWait=0, TicksSkipped=0
    MissCause: NotPresent=36, NotReadyStall=0
    PrefetchEff: Dropped=0, AlreadyCached=287, UsedBeforeEvict=9, EvictedBeforeUse=2
    GatingPredict Recall=24.83% (296/1192)
    GatingPredict Precision=99.33% (296/298)
    GatingPrefetch Delivery=24.83% (296/1192)
    GatingPrefetch Triggers=149
    Predictor TopK matches: 0=0 1=0 >=2=0
Layer 19 Cache Stats: Hits=1161, Misses=31, HitRate=97.40%
    Predictor Routed-Expert HitRate=N/A
    Loads Per Step: 0Loads=125, 1Load=22, >1Load=2
    Bandwidth: StallLoads=31, PrefetchLoads=10, AvgLoadTime=8.38ms
    PrefetchOverlap: HiddenReady=10, HiddenWait=0, TicksSkipped=0
    MissCause: NotPresent=31, NotReadyStall=0
    PrefetchEff: Dropped=0, AlreadyCached=288, UsedBeforeEvict=10, EvictedBeforeUse=0
    GatingPredict Recall=24.92% (297/1192)
    GatingPredict Precision=99.66% (297/298)
    GatingPrefetch Delivery=24.92% (297/1192)
    GatingPrefetch Triggers=149
    Predictor TopK matches: 0=0 1=0 >=2=0
Layer 20 Cache Stats: Hits=1113, Misses=79, HitRate=93.37%
    Predictor Routed-Expert HitRate=N/A
    Loads Per Step: 0Loads=91, 1Load=45, >1Load=13
    Bandwidth: StallLoads=79, PrefetchLoads=8, AvgLoadTime=6.11ms
    PrefetchOverlap: HiddenReady=8, HiddenWait=0, TicksSkipped=0
    MissCause: NotPresent=79, NotReadyStall=0
    PrefetchEff: Dropped=0, AlreadyCached=290, UsedBeforeEvict=8, EvictedBeforeUse=0
    GatingPredict Recall=24.83% (296/1192)
    GatingPredict Precision=99.33% (296/298)
    GatingPrefetch Delivery=24.92% (297/1192)
    GatingPrefetch Triggers=149
    Predictor TopK matches: 0=0 1=0 >=2=0
Layer 21 Cache Stats: Hits=1117, Misses=75, HitRate=93.71%
    Predictor Routed-Expert HitRate=N/A
    Loads Per Step: 0Loads=95, 1Load=37, >1Load=17
    Bandwidth: StallLoads=75, PrefetchLoads=19, AvgLoadTime=6.35ms
    PrefetchOverlap: HiddenReady=18, HiddenWait=0, TicksSkipped=0
    MissCause: NotPresent=75, NotReadyStall=0
    PrefetchEff: Dropped=0, AlreadyCached=279, UsedBeforeEvict=18, EvictedBeforeUse=1
    GatingPredict Recall=24.58% (293/1192)
    GatingPredict Precision=98.32% (293/298)
    GatingPrefetch Delivery=24.58% (293/1192)
    GatingPrefetch Triggers=149
    Predictor TopK matches: 0=0 1=0 >=2=0
Layer 22 Cache Stats: Hits=1080, Misses=112, HitRate=90.60%
    Predictor Routed-Expert HitRate=N/A
    Loads Per Step: 0Loads=72, 1Load=50, >1Load=27
    Bandwidth: StallLoads=112, PrefetchLoads=7, AvgLoadTime=5.79ms
    PrefetchOverlap: HiddenReady=7, HiddenWait=0, TicksSkipped=0
    MissCause: NotPresent=112, NotReadyStall=0
    PrefetchEff: Dropped=0, AlreadyCached=291, UsedBeforeEvict=7, EvictedBeforeUse=0
    GatingPredict Recall=25.00% (298/1192)
    GatingPredict Precision=100.00% (298/298)
    GatingPrefetch Delivery=25.00% (298/1192)
    GatingPrefetch Triggers=149
    Predictor TopK matches: 0=0 1=0 >=2=0
Layer 23 Cache Stats: Hits=1020, Misses=172, HitRate=85.57%
    Predictor Routed-Expert HitRate=N/A
    Loads Per Step: 0Loads=44, 1Load=55, >1Load=50
    Bandwidth: StallLoads=172, PrefetchLoads=33, AvgLoadTime=5.26ms
    PrefetchOverlap: HiddenReady=33, HiddenWait=0, TicksSkipped=0
    MissCause: NotPresent=172, NotReadyStall=0
    PrefetchEff: Dropped=0, AlreadyCached=265, UsedBeforeEvict=33, EvictedBeforeUse=0
    GatingPredict Recall=24.50% (292/1192)
    GatingPredict Precision=97.99% (292/298)
    GatingPrefetch Delivery=24.50% (292/1192)
    GatingPrefetch Triggers=149
    Predictor TopK matches: 0=0 1=0 >=2=0
Layer 24 Cache Stats: Hits=1078, Misses=114, HitRate=90.44%
    Predictor Routed-Expert HitRate=N/A
    Loads Per Step: 0Loads=70, 1Load=52, >1Load=27
    Bandwidth: StallLoads=114, PrefetchLoads=17, AvgLoadTime=6.13ms
    PrefetchOverlap: HiddenReady=17, HiddenWait=0, TicksSkipped=0
    MissCause: NotPresent=114, NotReadyStall=0
    PrefetchEff: Dropped=0, AlreadyCached=281, UsedBeforeEvict=17, EvictedBeforeUse=0
    GatingPredict Recall=24.92% (297/1192)
    GatingPredict Precision=99.66% (297/298)
    GatingPrefetch Delivery=24.92% (297/1192)
    GatingPrefetch Triggers=149
    Predictor TopK matches: 0=0 1=0 >=2=0
Layer 25 Cache Stats: Hits=1039, Misses=153, HitRate=87.16%
    Predictor Routed-Expert HitRate=N/A
    Loads Per Step: 0Loads=54, 1Load=57, >1Load=38
    Bandwidth: StallLoads=153, PrefetchLoads=29, AvgLoadTime=6.21ms
    PrefetchOverlap: HiddenReady=28, HiddenWait=0, TicksSkipped=0
    MissCause: NotPresent=153, NotReadyStall=0
    PrefetchEff: Dropped=0, AlreadyCached=269, UsedBeforeEvict=28, EvictedBeforeUse=1
    GatingPredict Recall=24.58% (293/1192)
    GatingPredict Precision=98.32% (293/298)
    GatingPrefetch Delivery=24.58% (293/1192)
    GatingPrefetch Triggers=149
    Predictor TopK matches: 0=0 1=0 >=2=0
Layer 26 Cache Stats: Hits=1109, Misses=83, HitRate=93.04%
    Predictor Routed-Expert HitRate=N/A
    Loads Per Step: 0Loads=88, 1Load=44, >1Load=17
    Bandwidth: StallLoads=83, PrefetchLoads=25, AvgLoadTime=6.68ms
    PrefetchOverlap: HiddenReady=24, HiddenWait=0, TicksSkipped=0
    MissCause: NotPresent=83, NotReadyStall=0
    PrefetchEff: Dropped=0, AlreadyCached=273, UsedBeforeEvict=24, EvictedBeforeUse=0
    GatingPredict Recall=24.58% (293/1192)
    GatingPredict Precision=98.32% (293/298)
    GatingPrefetch Delivery=24.58% (293/1192)
    GatingPrefetch Triggers=149
    Predictor TopK matches: 0=0 1=0 >=2=0
Layer 27 Cache Stats: Hits=1108, Misses=84, HitRate=92.95%
    Predictor Routed-Expert HitRate=N/A
    Loads Per Step: 0Loads=88, 1Load=46, >1Load=15
    Bandwidth: StallLoads=84, PrefetchLoads=12, AvgLoadTime=6.17ms
    PrefetchOverlap: HiddenReady=12, HiddenWait=0, TicksSkipped=0
    MissCause: NotPresent=84, NotReadyStall=0
    PrefetchEff: Dropped=0, AlreadyCached=286, UsedBeforeEvict=12, EvictedBeforeUse=0
    GatingPredict Recall=25.00% (298/1192)
    GatingPredict Precision=100.00% (298/298)
    GatingPrefetch Delivery=25.00% (298/1192)
    GatingPrefetch Triggers=149
    Predictor TopK matches: 0=0 1=0 >=2=0
Layer 28 Cache Stats: Hits=1083, Misses=109, HitRate=90.86%
    Predictor Routed-Expert HitRate=N/A
    Loads Per Step: 0Loads=78, 1Load=42, >1Load=29
    Bandwidth: StallLoads=109, PrefetchLoads=30, AvgLoadTime=5.91ms
    PrefetchOverlap: HiddenReady=30, HiddenWait=0, TicksSkipped=0
    MissCause: NotPresent=109, NotReadyStall=0
    PrefetchEff: Dropped=0, AlreadyCached=268, UsedBeforeEvict=30, EvictedBeforeUse=0
    GatingPredict Recall=24.92% (297/1192)
    GatingPredict Precision=99.66% (297/298)
    GatingPrefetch Delivery=24.92% (297/1192)
    GatingPrefetch Triggers=149
    Predictor TopK matches: 0=0 1=0 >=2=0
Layer 29 Cache Stats: Hits=1062, Misses=130, HitRate=89.09%
    Predictor Routed-Expert HitRate=N/A
    Loads Per Step: 0Loads=67, 1Load=50, >1Load=32
    Bandwidth: StallLoads=130, PrefetchLoads=22, AvgLoadTime=5.71ms
    PrefetchOverlap: HiddenReady=22, HiddenWait=0, TicksSkipped=0
    MissCause: NotPresent=130, NotReadyStall=0
    PrefetchEff: Dropped=0, AlreadyCached=276, UsedBeforeEvict=22, EvictedBeforeUse=0
    GatingPredict Recall=24.92% (297/1192)
    GatingPredict Precision=99.66% (297/298)
    GatingPrefetch Delivery=24.92% (297/1192)
    GatingPrefetch Triggers=149
    Predictor TopK matches: 0=0 1=0 >=2=0
Layer 30 Cache Stats: Hits=1133, Misses=59, HitRate=95.05%
    Predictor Routed-Expert HitRate=N/A
    Loads Per Step: 0Loads=106, 1Load=34, >1Load=9
    Bandwidth: StallLoads=59, PrefetchLoads=9, AvgLoadTime=5.66ms
    PrefetchOverlap: HiddenReady=8, HiddenWait=0, TicksSkipped=0
    MissCause: NotPresent=59, NotReadyStall=0
    PrefetchEff: Dropped=0, AlreadyCached=289, UsedBeforeEvict=8, EvictedBeforeUse=1
    GatingPredict Recall=24.66% (294/1192)
    GatingPredict Precision=98.66% (294/298)
    GatingPrefetch Delivery=24.66% (294/1192)
    GatingPrefetch Triggers=149
    Predictor TopK matches: 0=0 1=0 >=2=0
Layer 31 Cache Stats: Hits=1147, Misses=45, HitRate=96.22%
    Predictor Routed-Expert HitRate=N/A
    Loads Per Step: 0Loads=115, 1Load=28, >1Load=6
    Bandwidth: StallLoads=45, PrefetchLoads=11, AvgLoadTime=6.69ms
    PrefetchOverlap: HiddenReady=11, HiddenWait=0, TicksSkipped=0
    MissCause: NotPresent=45, NotReadyStall=0
    PrefetchEff: Dropped=0, AlreadyCached=287, UsedBeforeEvict=11, EvictedBeforeUse=0
    GatingPredict Recall=24.50% (292/1192)
    GatingPredict Precision=97.99% (292/298)
    GatingPrefetch Delivery=24.50% (292/1192)
    GatingPrefetch Triggers=149
    Predictor TopK matches: 0=0 1=0 >=2=0
Layer 32 Cache Stats: Hits=1109, Misses=83, HitRate=93.04%
    Predictor Routed-Expert HitRate=N/A
    Loads Per Step: 0Loads=88, 1Load=45, >1Load=16
    Bandwidth: StallLoads=83, PrefetchLoads=15, AvgLoadTime=6.58ms
    PrefetchOverlap: HiddenReady=14, HiddenWait=0, TicksSkipped=0
    MissCause: NotPresent=83, NotReadyStall=0
    PrefetchEff: Dropped=0, AlreadyCached=283, UsedBeforeEvict=14, EvictedBeforeUse=1
    GatingPredict Recall=24.83% (296/1192)
    GatingPredict Precision=99.33% (296/298)
    GatingPrefetch Delivery=24.83% (296/1192)
    GatingPrefetch Triggers=149
    Predictor TopK matches: 0=0 1=0 >=2=0
Layer 33 Cache Stats: Hits=1112, Misses=80, HitRate=93.29%
    Predictor Routed-Expert HitRate=N/A
    Loads Per Step: 0Loads=95, 1Load=36, >1Load=18
    Bandwidth: StallLoads=80, PrefetchLoads=20, AvgLoadTime=5.63ms
    PrefetchOverlap: HiddenReady=20, HiddenWait=0, TicksSkipped=0
    MissCause: NotPresent=80, NotReadyStall=0
    PrefetchEff: Dropped=0, AlreadyCached=278, UsedBeforeEvict=20, EvictedBeforeUse=0
    GatingPredict Recall=25.00% (298/1192)
    GatingPredict Precision=100.00% (298/298)
    GatingPrefetch Delivery=25.00% (298/1192)
    GatingPrefetch Triggers=149
    Predictor TopK matches: 0=0 1=0 >=2=0
Layer 34 Cache Stats: Hits=1064, Misses=128, HitRate=89.26%
    Predictor Routed-Expert HitRate=N/A
    Loads Per Step: 0Loads=66, 1Load=54, >1Load=29
    Bandwidth: StallLoads=128, PrefetchLoads=20, AvgLoadTime=5.66ms
    PrefetchOverlap: HiddenReady=20, HiddenWait=0, TicksSkipped=0
    MissCause: NotPresent=128, NotReadyStall=0
    PrefetchEff: Dropped=0, AlreadyCached=278, UsedBeforeEvict=20, EvictedBeforeUse=0
    GatingPredict Recall=25.00% (298/1192)
    GatingPredict Precision=100.00% (298/298)
    GatingPrefetch Delivery=25.00% (298/1192)
    GatingPrefetch Triggers=149
    Predictor TopK matches: 0=0 1=0 >=2=0
Layer 35 Cache Stats: Hits=1041, Misses=151, HitRate=87.33%
    Predictor Routed-Expert HitRate=N/A
    Loads Per Step: 0Loads=64, 1Load=44, >1Load=41
    Bandwidth: StallLoads=151, PrefetchLoads=30, AvgLoadTime=5.31ms
    PrefetchOverlap: HiddenReady=30, HiddenWait=0, TicksSkipped=0
    MissCause: NotPresent=151, NotReadyStall=0
    PrefetchEff: Dropped=0, AlreadyCached=268, UsedBeforeEvict=30, EvictedBeforeUse=0
    GatingPredict Recall=24.92% (297/1192)
    GatingPredict Precision=99.66% (297/298)
    GatingPrefetch Delivery=24.92% (297/1192)
    GatingPrefetch Triggers=149
    Predictor TopK matches: 0=0 1=0 >=2=0
Layer 36 Cache Stats: Hits=1082, Misses=110, HitRate=90.77%
    Predictor Routed-Expert HitRate=N/A
    Loads Per Step: 0Loads=77, 1Load=46, >1Load=26
    Bandwidth: StallLoads=110, PrefetchLoads=19, AvgLoadTime=5.96ms
    PrefetchOverlap: HiddenReady=19, HiddenWait=0, TicksSkipped=0
    MissCause: NotPresent=110, NotReadyStall=0
    PrefetchEff: Dropped=0, AlreadyCached=279, UsedBeforeEvict=19, EvictedBeforeUse=0
    GatingPredict Recall=24.83% (296/1192)
    GatingPredict Precision=99.33% (296/298)
    GatingPrefetch Delivery=24.83% (296/1192)
    GatingPrefetch Triggers=149
    Predictor TopK matches: 0=0 1=0 >=2=0
Layer 37 Cache Stats: Hits=1051, Misses=141, HitRate=88.17%
    Predictor Routed-Expert HitRate=N/A
    Loads Per Step: 0Loads=61, 1Load=49, >1Load=39
    Bandwidth: StallLoads=141, PrefetchLoads=35, AvgLoadTime=6.16ms
    PrefetchOverlap: HiddenReady=34, HiddenWait=0, TicksSkipped=0
    MissCause: NotPresent=141, NotReadyStall=0
    PrefetchEff: Dropped=0, AlreadyCached=263, UsedBeforeEvict=34, EvictedBeforeUse=1
    GatingPredict Recall=24.75% (295/1192)
    GatingPredict Precision=98.99% (295/298)
    GatingPrefetch Delivery=24.75% (295/1192)
    GatingPrefetch Triggers=149
    Predictor TopK matches: 0=0 1=0 >=2=0
Layer 38 Cache Stats: Hits=1094, Misses=98, HitRate=91.78%
    Predictor Routed-Expert HitRate=N/A
    Loads Per Step: 0Loads=83, 1Load=42, >1Load=24
    Bandwidth: StallLoads=98, PrefetchLoads=15, AvgLoadTime=6.28ms
    PrefetchOverlap: HiddenReady=15, HiddenWait=0, TicksSkipped=0
    MissCause: NotPresent=98, NotReadyStall=0
    PrefetchEff: Dropped=0, AlreadyCached=283, UsedBeforeEvict=15, EvictedBeforeUse=0
    GatingPredict Recall=24.83% (296/1192)
    GatingPredict Precision=99.33% (296/298)
    GatingPrefetch Delivery=24.83% (296/1192)
    GatingPrefetch Triggers=149
    Predictor TopK matches: 0=0 1=0 >=2=0
Layer 39 Cache Stats: Hits=1099, Misses=93, HitRate=92.20%
    Predictor Routed-Expert HitRate=N/A
    Loads Per Step: 0Loads=90, 1Load=34, >1Load=25
    Bandwidth: StallLoads=93, PrefetchLoads=20, AvgLoadTime=5.74ms
    PrefetchOverlap: HiddenReady=20, HiddenWait=0, TicksSkipped=0
    MissCause: NotPresent=93, NotReadyStall=0
    PrefetchEff: Dropped=0, AlreadyCached=278, UsedBeforeEvict=20, EvictedBeforeUse=0
    GatingPredict Recall=24.92% (297/1192)
    GatingPredict Precision=99.66% (297/298)
    GatingPrefetch Delivery=24.92% (297/1192)
    GatingPrefetch Triggers=149
    Predictor TopK matches: 0=0 1=0 >=2=0
Layer 40 Cache Stats: Hits=1107, Misses=85, HitRate=92.87%
    Predictor Routed-Expert HitRate=N/A
    Loads Per Step: 0Loads=98, 1Load=32, >1Load=19
    Bandwidth: StallLoads=85, PrefetchLoads=35, AvgLoadTime=5.90ms
    PrefetchOverlap: HiddenReady=35, HiddenWait=0, TicksSkipped=0
    MissCause: NotPresent=85, NotReadyStall=0
    PrefetchEff: Dropped=0, AlreadyCached=263, UsedBeforeEvict=35, EvictedBeforeUse=0
    GatingPredict Recall=24.92% (297/1192)
    GatingPredict Precision=99.66% (297/298)
    GatingPrefetch Delivery=24.92% (297/1192)
    GatingPrefetch Triggers=149
    Predictor TopK matches: 0=0 1=0 >=2=0
Layer 41 Cache Stats: Hits=1078, Misses=114, HitRate=90.44%
    Predictor Routed-Expert HitRate=N/A
    Loads Per Step: 0Loads=85, 1Load=32, >1Load=32
    Bandwidth: StallLoads=114, PrefetchLoads=39, AvgLoadTime=5.60ms
    PrefetchOverlap: HiddenReady=38, HiddenWait=0, TicksSkipped=0
    MissCause: NotPresent=114, NotReadyStall=0
    PrefetchEff: Dropped=0, AlreadyCached=259, UsedBeforeEvict=38, EvictedBeforeUse=1
    GatingPredict Recall=24.92% (297/1192)
    GatingPredict Precision=99.66% (297/298)
    GatingPrefetch Delivery=24.92% (297/1192)
    GatingPrefetch Triggers=149
    Predictor TopK matches: 0=0 1=0 >=2=0
Layer 42 Cache Stats: Hits=1099, Misses=93, HitRate=92.20%
    Predictor Routed-Expert HitRate=N/A
    Loads Per Step: 0Loads=85, 1Load=40, >1Load=24
    Bandwidth: StallLoads=93, PrefetchLoads=47, AvgLoadTime=6.82ms
    PrefetchOverlap: HiddenReady=47, HiddenWait=0, TicksSkipped=0
    MissCause: NotPresent=93, NotReadyStall=0
    PrefetchEff: Dropped=0, AlreadyCached=251, UsedBeforeEvict=47, EvictedBeforeUse=0
    GatingPredict Recall=24.83% (296/1192)
    GatingPredict Precision=99.33% (296/298)
    GatingPrefetch Delivery=24.83% (296/1192)
    GatingPrefetch Triggers=149
    Predictor TopK matches: 0=0 1=0 >=2=0
Layer 43 Cache Stats: Hits=1126, Misses=66, HitRate=94.46%
    Predictor Routed-Expert HitRate=N/A
    Loads Per Step: 0Loads=98, 1Load=39, >1Load=12
    Bandwidth: StallLoads=66, PrefetchLoads=34, AvgLoadTime=6.60ms
    PrefetchOverlap: HiddenReady=34, HiddenWait=0, TicksSkipped=0
    MissCause: NotPresent=66, NotReadyStall=0
    PrefetchEff: Dropped=0, AlreadyCached=264, UsedBeforeEvict=34, EvictedBeforeUse=0
    GatingPredict Recall=24.92% (297/1192)
    GatingPredict Precision=99.66% (297/298)
    GatingPrefetch Delivery=24.92% (297/1192)
    GatingPrefetch Triggers=149
    Predictor TopK matches: 0=0 1=0 >=2=0
Layer 44 Cache Stats: Hits=1129, Misses=63, HitRate=94.71%
    Predictor Routed-Expert HitRate=N/A
    Loads Per Step: 0Loads=111, 1Load=19, >1Load=19
    Bandwidth: StallLoads=63, PrefetchLoads=5, AvgLoadTime=5.73ms
    PrefetchOverlap: HiddenReady=5, HiddenWait=0, TicksSkipped=0
    MissCause: NotPresent=63, NotReadyStall=0
    PrefetchEff: Dropped=0, AlreadyCached=293, UsedBeforeEvict=5, EvictedBeforeUse=0
    GatingPredict Recall=24.92% (297/1192)
    GatingPredict Precision=99.66% (297/298)
    GatingPrefetch Delivery=24.92% (297/1192)
    GatingPrefetch Triggers=149
    Predictor TopK matches: 0=0 1=0 >=2=0
Layer 45 Cache Stats: Hits=1133, Misses=59, HitRate=95.05%
    Predictor Routed-Expert HitRate=N/A
    Loads Per Step: 0Loads=113, 1Load=20, >1Load=16
    Bandwidth: StallLoads=59, PrefetchLoads=21, AvgLoadTime=5.82ms
    PrefetchOverlap: HiddenReady=21, HiddenWait=0, TicksSkipped=0
    MissCause: NotPresent=59, NotReadyStall=0
    PrefetchEff: Dropped=0, AlreadyCached=277, UsedBeforeEvict=21, EvictedBeforeUse=0
    GatingPredict Recall=24.92% (297/1192)
    GatingPredict Precision=99.66% (297/298)
    GatingPrefetch Delivery=25.00% (298/1192)
    GatingPrefetch Triggers=149
    Predictor TopK matches: 0=0 1=0 >=2=0
Layer 46 Cache Stats: Hits=1111, Misses=81, HitRate=93.20%
    Predictor Routed-Expert HitRate=N/A
    Loads Per Step: 0Loads=100, 1Load=28, >1Load=21
    Bandwidth: StallLoads=81, PrefetchLoads=26, AvgLoadTime=6.36ms
    PrefetchOverlap: HiddenReady=26, HiddenWait=0, TicksSkipped=0
    MissCause: NotPresent=81, NotReadyStall=0
    PrefetchEff: Dropped=0, AlreadyCached=272, UsedBeforeEvict=26, EvictedBeforeUse=0
    GatingPredict Recall=24.41% (291/1192)
    GatingPredict Precision=97.65% (291/298)
    GatingPrefetch Delivery=24.41% (291/1192)
    GatingPrefetch Triggers=149
    Predictor TopK matches: 0=0 1=0 >=2=0
Layer 47 Cache Stats: Hits=1065, Misses=127, HitRate=89.35%
    Predictor Routed-Expert HitRate=N/A
    Loads Per Step: 0Loads=76, 1Load=41, >1Load=32
    Bandwidth: StallLoads=127, PrefetchLoads=46, AvgLoadTime=5.20ms
    PrefetchOverlap: HiddenReady=46, HiddenWait=0, TicksSkipped=0
    MissCause: NotPresent=127, NotReadyStall=0
    PrefetchEff: Dropped=0, AlreadyCached=252, UsedBeforeEvict=46, EvictedBeforeUse=0
    GatingPredict Recall=24.83% (296/1192)
    GatingPredict Precision=99.33% (296/298)
    GatingPrefetch Delivery=24.83% (296/1192)
    GatingPrefetch Triggers=149
    Predictor TopK matches: 0=0 1=0 >=2=0
============================================================
============================================================
Initializing Qwen3 30B-A3B AWQ w4a16 quantized model...
============================================================
Loading quantized weights from QuixiAI/Qwen3-30B-A3B-AWQ...
Using saved safetensors: /home/michael/heteroPredict/py/unified_llm_w4a16/model_weights/Qwen3-30B-A3B-AWQ.safetensors
Expert weights dir: /home/michael/heteroPredict/py/unified_llm_w4a16/model_weights/Qwen3-30B-A3B-AWQ_packed  (format: packed)
Using existing attention weights in /home/michael/heteroPredict/py/unified_llm_w4a16/model_weights/Qwen3-30B-A3B-AWQ_unpacked
Weights loaded (expert dir override) in 0.30 seconds
Pre-warming expert cache with 48 experts...
Model initialized successfully!
Set expert cache policy to LRU.

Running sweep using prompts from JSON: /tmp/tmph5v4bm94.json
Loaded 1 prompts for sweeping.

Processing Prompt 1/1...

============================================================
Generated text only:
============================================================
 new emperor , Suzong . He was captured by the rebels and held in the capital for a time . He managed to escape and joined the new emperor in the south . He was then appointed as a minor official in the court of the new emperor . However , he was soon dismissed for criticizing the emperor 's policies . He was then appointed as a minor official in the court of the new emperor . However , he was soon dismissed for criticizing the emperor 's policies . 

 In 757 , Du Fu was appointed as a minor official in the court of the new emperor . However , he was soon dismissed for criticizing the emperor 's policies . He was then appointed as a minor official in the court of the new emperor . However , he
============================================================

============================================================
Sweep Complete.
Average Time per Token: 0.499533
End-to-End TPS: 2.0019
Cache Stats: Hits=51799, Misses=5417, HitRate=90.53%
Predictor Stats: Hits=0, Total=0, HitRate=0.00%
Initializing UnifiedLLMW4A16Impl_base
Using NPU config struct.
Configuring NPU (Base):
  Heterogeneity: gpu
  GPU Count: 1
  Debug Verbosity: 1
  Dummy Weights: false
  Warmup: false
  Preload MoE: true
  Minimal PDI: true
[GPU SELECT] Free VRAM ranking: gpu0=28.00/28.00 GiB
[GPU SELECT] Selected GPUs for gpu-count=1: [0]
[GPU MAP] Single-GPU placement on gpu0
[Layer 1] cache partition: main=44 speculative=4 (fraction=0.0833333)
[GatingHeuristicPredictor Layer 1] prefetch_count=4 softmax_before_topk=yes
[Layer 2] cache partition: main=44 speculative=4 (fraction=0.0833333)
[GatingHeuristicPredictor Layer 2] prefetch_count=4 softmax_before_topk=yes
[Layer 3] cache partition: main=44 speculative=4 (fraction=0.0833333)
[GatingHeuristicPredictor Layer 3] prefetch_count=4 softmax_before_topk=yes
[Layer 4] cache partition: main=44 speculative=4 (fraction=0.0833333)
[GatingHeuristicPredictor Layer 4] prefetch_count=4 softmax_before_topk=yes
[Layer 5] cache partition: main=44 speculative=4 (fraction=0.0833333)
[GatingHeuristicPredictor Layer 5] prefetch_count=4 softmax_before_topk=yes
[Layer 6] cache partition: main=44 speculative=4 (fraction=0.0833333)
[GatingHeuristicPredictor Layer 6] prefetch_count=4 softmax_before_topk=yes
[Layer 7] cache partition: main=44 speculative=4 (fraction=0.0833333)
[GatingHeuristicPredictor Layer 7] prefetch_count=4 softmax_before_topk=yes
[Layer 8] cache partition: main=44 speculative=4 (fraction=0.0833333)
[GatingHeuristicPredictor Layer 8] prefetch_count=4 softmax_before_topk=yes
[Layer 9] cache partition: main=44 speculative=4 (fraction=0.0833333)
[GatingHeuristicPredictor Layer 9] prefetch_count=4 softmax_before_topk=yes
[Layer 10] cache partition: main=44 speculative=4 (fraction=0.0833333)
[GatingHeuristicPredictor Layer 10] prefetch_count=4 softmax_before_topk=yes
[Layer 11] cache partition: main=44 speculative=4 (fraction=0.0833333)
[GatingHeuristicPredictor Layer 11] prefetch_count=4 softmax_before_topk=yes
[Layer 12] cache partition: main=44 speculative=4 (fraction=0.0833333)
[GatingHeuristicPredictor Layer 12] prefetch_count=4 softmax_before_topk=yes
[Layer 13] cache partition: main=44 speculative=4 (fraction=0.0833333)
[GatingHeuristicPredictor Layer 13] prefetch_count=4 softmax_before_topk=yes
[Layer 14] cache partition: main=44 speculative=4 (fraction=0.0833333)
[GatingHeuristicPredictor Layer 14] prefetch_count=4 softmax_before_topk=yes
[Layer 15] cache partition: main=44 speculative=4 (fraction=0.0833333)
[GatingHeuristicPredictor Layer 15] prefetch_count=4 softmax_before_topk=yes
[Layer 16] cache partition: main=44 speculative=4 (fraction=0.0833333)
[GatingHeuristicPredictor Layer 16] prefetch_count=4 softmax_before_topk=yes
[Layer 17] cache partition: main=44 speculative=4 (fraction=0.0833333)
[GatingHeuristicPredictor Layer 17] prefetch_count=4 softmax_before_topk=yes
[Layer 18] cache partition: main=44 speculative=4 (fraction=0.0833333)
[GatingHeuristicPredictor Layer 18] prefetch_count=4 softmax_before_topk=yes
[Layer 19] cache partition: main=44 speculative=4 (fraction=0.0833333)
[GatingHeuristicPredictor Layer 19] prefetch_count=4 softmax_before_topk=yes
[Layer 20] cache partition: main=44 speculative=4 (fraction=0.0833333)
[GatingHeuristicPredictor Layer 20] prefetch_count=4 softmax_before_topk=yes
[Layer 21] cache partition: main=44 speculative=4 (fraction=0.0833333)
[GatingHeuristicPredictor Layer 21] prefetch_count=4 softmax_before_topk=yes
[Layer 22] cache partition: main=44 speculative=4 (fraction=0.0833333)
[GatingHeuristicPredictor Layer 22] prefetch_count=4 softmax_before_topk=yes
[Layer 23] cache partition: main=44 speculative=4 (fraction=0.0833333)
[GatingHeuristicPredictor Layer 23] prefetch_count=4 softmax_before_topk=yes
[Layer 24] cache partition: main=44 speculative=4 (fraction=0.0833333)
[GatingHeuristicPredictor Layer 24] prefetch_count=4 softmax_before_topk=yes
[Layer 25] cache partition: main=44 speculative=4 (fraction=0.0833333)
[GatingHeuristicPredictor Layer 25] prefetch_count=4 softmax_before_topk=yes
[Layer 26] cache partition: main=44 speculative=4 (fraction=0.0833333)
[GatingHeuristicPredictor Layer 26] prefetch_count=4 softmax_before_topk=yes
[Layer 27] cache partition: main=44 speculative=4 (fraction=0.0833333)
[GatingHeuristicPredictor Layer 27] prefetch_count=4 softmax_before_topk=yes
[Layer 28] cache partition: main=44 speculative=4 (fraction=0.0833333)
[GatingHeuristicPredictor Layer 28] prefetch_count=4 softmax_before_topk=yes
[Layer 29] cache partition: main=44 speculative=4 (fraction=0.0833333)
[GatingHeuristicPredictor Layer 29] prefetch_count=4 softmax_before_topk=yes
[Layer 30] cache partition: main=44 speculative=4 (fraction=0.0833333)
[GatingHeuristicPredictor Layer 30] prefetch_count=4 softmax_before_topk=yes
[Layer 31] cache partition: main=44 speculative=4 (fraction=0.0833333)
[GatingHeuristicPredictor Layer 31] prefetch_count=4 softmax_before_topk=yes
[Layer 32] cache partition: main=44 speculative=4 (fraction=0.0833333)
[GatingHeuristicPredictor Layer 32] prefetch_count=4 softmax_before_topk=yes
[Layer 33] cache partition: main=44 speculative=4 (fraction=0.0833333)
[GatingHeuristicPredictor Layer 33] prefetch_count=4 softmax_before_topk=yes
[Layer 34] cache partition: main=44 speculative=4 (fraction=0.0833333)
[GatingHeuristicPredictor Layer 34] prefetch_count=4 softmax_before_topk=yes
[Layer 35] cache partition: main=44 speculative=4 (fraction=0.0833333)
[GatingHeuristicPredictor Layer 35] prefetch_count=4 softmax_before_topk=yes
[Layer 36] cache partition: main=44 speculative=4 (fraction=0.0833333)
[GatingHeuristicPredictor Layer 36] prefetch_count=4 softmax_before_topk=yes
[Layer 37] cache partition: main=44 speculative=4 (fraction=0.0833333)
[GatingHeuristicPredictor Layer 37] prefetch_count=4 softmax_before_topk=yes
[Layer 38] cache partition: main=44 speculative=4 (fraction=0.0833333)
[GatingHeuristicPredictor Layer 38] prefetch_count=4 softmax_before_topk=yes
[Layer 39] cache partition: main=44 speculative=4 (fraction=0.0833333)
[GatingHeuristicPredictor Layer 39] prefetch_count=4 softmax_before_topk=yes
[Layer 40] cache partition: main=44 speculative=4 (fraction=0.0833333)
[GatingHeuristicPredictor Layer 40] prefetch_count=4 softmax_before_topk=yes
[Layer 41] cache partition: main=44 speculative=4 (fraction=0.0833333)
[GatingHeuristicPredictor Layer 41] prefetch_count=4 softmax_before_topk=yes
[Layer 42] cache partition: main=44 speculative=4 (fraction=0.0833333)
[GatingHeuristicPredictor Layer 42] prefetch_count=4 softmax_before_topk=yes
[Layer 43] cache partition: main=44 speculative=4 (fraction=0.0833333)
[GatingHeuristicPredictor Layer 43] prefetch_count=4 softmax_before_topk=yes
[Layer 44] cache partition: main=44 speculative=4 (fraction=0.0833333)
[GatingHeuristicPredictor Layer 44] prefetch_count=4 softmax_before_topk=yes
[Layer 45] cache partition: main=44 speculative=4 (fraction=0.0833333)
[GatingHeuristicPredictor Layer 45] prefetch_count=4 softmax_before_topk=yes
[Layer 46] cache partition: main=44 speculative=4 (fraction=0.0833333)
[GatingHeuristicPredictor Layer 46] prefetch_count=4 softmax_before_topk=yes
[Layer 47] cache partition: main=44 speculative=4 (fraction=0.0833333)
[GatingHeuristicPredictor Layer 47] prefetch_count=4 softmax_before_topk=yes
UnifiedLLMW4A16 moved to device: cuda:0
Preloading MoE kernels...
MoE kernels preloaded.
UnifiedLLMW4A16 initialized on device: cuda:0 with w4a16 quantization
Loading non-quantized weights from safetensors (mmap): /home/michael/heteroPredict/py/unified_llm_w4a16/model_weights/Qwen3-30B-A3B-AWQ.safetensors
Loaded 243 non-quantized parameters, skipped 0
Loading quantized weights from bins: /home/michael/heteroPredict/py/unified_llm_w4a16/model_weights/Qwen3-30B-A3B-AWQ_unpacked
  Expert weights dir override: /home/michael/heteroPredict/py/unified_llm_w4a16/model_weights/Qwen3-30B-A3B-AWQ_packed
Pre-warming 48 experts for all layers...
Layer 0: Pre-warming 44 experts.
Layer 0: using packed expert format.
[MoE I/O] Expert weight reads require O_DIRECT (no buffered fallback).
Layer 1: Pre-warming 44 experts.
Layer 1: using packed expert format.
Layer 2: Pre-warming 44 experts.
Layer 2: using packed expert format.
Layer 3: Pre-warming 44 experts.
Layer 3: using packed expert format.
Prewarmed experts for layer 4/48
Layer 4: Pre-warming 44 experts.
Layer 4: using packed expert format.
Layer 5: Pre-warming 44 experts.
Layer 5: using packed expert format.
Layer 6: Pre-warming 44 experts.
Layer 6: using packed expert format.
Layer 7: Pre-warming 44 experts.
Layer 7: using packed expert format.
Prewarmed experts for layer 8/48
Layer 8: Pre-warming 44 experts.
Layer 8: using packed expert format.
Layer 9: Pre-warming 44 experts.
Layer 9: using packed expert format.
Layer 10: Pre-warming 44 experts.
Layer 10: using packed expert format.
Layer 11: Pre-warming 44 experts.
Layer 11: using packed expert format.
Prewarmed experts for layer 12/48
Layer 12: Pre-warming 44 experts.
Layer 12: using packed expert format.
Layer 13: Pre-warming 44 experts.
Layer 13: using packed expert format.
Layer 14: Pre-warming 44 experts.
Layer 14: using packed expert format.
Layer 15: Pre-warming 44 experts.
Layer 15: using packed expert format.
Prewarmed experts for layer 16/48
Layer 16: Pre-warming 44 experts.
Layer 16: using packed expert format.
Layer 17: Pre-warming 44 experts.
Layer 17: using packed expert format.
Layer 18: Pre-warming 44 experts.
Layer 18: using packed expert format.
Layer 19: Pre-warming 44 experts.
Layer 19: using packed expert format.
Prewarmed experts for layer 20/48
Layer 20: Pre-warming 44 experts.
Layer 20: using packed expert format.
Layer 21: Pre-warming 44 experts.
Layer 21: using packed expert format.
Layer 22: Pre-warming 44 experts.
Layer 22: using packed expert format.
Layer 23: Pre-warming 44 experts.
Layer 23: using packed expert format.
Prewarmed experts for layer 24/48
Layer 24: Pre-warming 44 experts.
Layer 24: using packed expert format.
Layer 25: Pre-warming 44 experts.
Layer 25: using packed expert format.
Layer 26: Pre-warming 44 experts.
Layer 26: using packed expert format.
Layer 27: Pre-warming 44 experts.
Layer 27: using packed expert format.
Prewarmed experts for layer 28/48
Layer 28: Pre-warming 44 experts.
Layer 28: using packed expert format.
Layer 29: Pre-warming 44 experts.
Layer 29: using packed expert format.
Layer 30: Pre-warming 44 experts.
Layer 30: using packed expert format.
Layer 31: Pre-warming 44 experts.
Layer 31: using packed expert format.
Prewarmed experts for layer 32/48
Layer 32: Pre-warming 44 experts.
Layer 32: using packed expert format.
Layer 33: Pre-warming 44 experts.
Layer 33: using packed expert format.
Layer 34: Pre-warming 44 experts.
Layer 34: using packed expert format.
Layer 35: Pre-warming 44 experts.
Layer 35: using packed expert format.
Prewarmed experts for layer 36/48
Layer 36: Pre-warming 44 experts.
Layer 36: using packed expert format.
Layer 37: Pre-warming 44 experts.
Layer 37: using packed expert format.
Layer 38: Pre-warming 44 experts.
Layer 38: using packed expert format.
Layer 39: Pre-warming 44 experts.
Layer 39: using packed expert format.
Prewarmed experts for layer 40/48
Layer 40: Pre-warming 44 experts.
Layer 40: using packed expert format.
Layer 41: Pre-warming 44 experts.
Layer 41: using packed expert format.
Layer 42: Pre-warming 44 experts.
Layer 42: using packed expert format.
Layer 43: Pre-warming 44 experts.
Layer 43: using packed expert format.
Prewarmed experts for layer 44/48
Layer 44: Pre-warming 44 experts.
Layer 44: using packed expert format.
Layer 45: Pre-warming 44 experts.
Layer 45: using packed expert format.
Layer 46: Pre-warming 44 experts.
Layer 46: using packed expert format.
Layer 47: Pre-warming 44 experts.
Layer 47: using packed expert format.
Prewarmed experts for layer 48/48
Libtorch input_ids shape: [1, 512]
Skipping warmup.
Prefill time: 16.6154 seconds
Generation phase
[Layer 0 Step 0 Debug] Slots before check: 92 93 94 95 96 97 98 99 100 101 102 103 104 105 106 107 108 109 110 111 112 114 115 116 117 118 119 120 121 122 123 124 125 126 127 83 84 85 86 87 88 89 90 91 -1 -1 -1 -1 
[Layer 0 Step 0 Debug] Requested: 75 122 82 91 33 64 28 89 
[gen 5/149] elapsed=1.7s  TPS=2.944
[gen 10/149] elapsed=3.1s  TPS=3.211
[gen 15/149] elapsed=4.2s  TPS=3.567
[gen 20/149] elapsed=5.3s  TPS=3.755
[gen 25/149] elapsed=6.4s  TPS=3.931
[gen 30/149] elapsed=7.3s  TPS=4.101
[gen 35/149] elapsed=8.3s  TPS=4.226
[gen 40/149] elapsed=9.2s  TPS=4.371
[gen 45/149] elapsed=10.0s  TPS=4.499
[gen 50/149] elapsed=11.1s  TPS=4.511
[gen 55/149] elapsed=12.0s  TPS=4.594
[gen 60/149] elapsed=12.9s  TPS=4.650
[gen 65/149] elapsed=13.7s  TPS=4.748
[gen 70/149] elapsed=14.6s  TPS=4.810
[gen 75/149] elapsed=15.5s  TPS=4.840
[gen 80/149] elapsed=16.3s  TPS=4.921
[gen 85/149] elapsed=17.2s  TPS=4.953
[gen 90/149] elapsed=18.3s  TPS=4.930
[gen 95/149] elapsed=19.2s  TPS=4.958
[gen 100/149] elapsed=19.9s  TPS=5.031
[gen 105/149] elapsed=20.9s  TPS=5.035
[gen 110/149] elapsed=21.5s  TPS=5.111
[gen 115/149] elapsed=22.3s  TPS=5.156
[gen 120/149] elapsed=23.2s  TPS=5.166
[gen 125/149] elapsed=24.0s  TPS=5.204
[gen 130/149] elapsed=24.7s  TPS=5.272
[gen 135/149] elapsed=25.4s  TPS=5.305
[gen 140/149] elapsed=26.0s  TPS=5.394
[gen 145/149] elapsed=26.5s  TPS=5.472
Prefill time (summary): 16.615 seconds
Total Generation Time: 27.001 seconds
Average Time per Token: 0.181215 seconds

Expert Cache Statistics:
Layer 0 Cache Stats: Hits=708, Misses=484, HitRate=59.40%
    Predictor Routed-Expert HitRate=N/A
    Loads Per Step: 0Loads=21, 1Load=21, >1Load=107
    Bandwidth: StallLoads=484, PrefetchLoads=0, AvgLoadTime=2.49ms
    MissCause: NotPresent=484, NotReadyStall=0
    GlobalSpecLoad: PeakConcurrent=2
    Predictor TopK matches: 0=0 1=0 >=2=0
Layer 1 Cache Stats: Hits=973, Misses=219, HitRate=81.63%
    Predictor Routed-Expert HitRate=N/A
    Loads Per Step: 0Loads=37, 1Load=44, >1Load=68
    Bandwidth: StallLoads=219, PrefetchLoads=139, AvgLoadTime=3.46ms
    PrefetchOverlap: HiddenReady=127, HiddenWait=0, TicksSkipped=0
    MissCause: NotPresent=219, NotReadyStall=0
    PrefetchEff: Dropped=0, AlreadyCached=457, UsedBeforeEvict=127, EvictedBeforeUse=11
    GatingPredict Recall=38.34% (457/1192)
    GatingPredict Precision=76.68% (457/596)
    GatingPrefetch Delivery=38.59% (460/1192)
    GatingPrefetch Triggers=149
    Predictor TopK matches: 0=0 1=0 >=2=0
Layer 2 Cache Stats: Hits=1111, Misses=81, HitRate=93.20%
    Predictor Routed-Expert HitRate=N/A
    Loads Per Step: 0Loads=91, 1Load=41, >1Load=17
    Bandwidth: StallLoads=81, PrefetchLoads=105, AvgLoadTime=3.60ms
    PrefetchOverlap: HiddenReady=93, HiddenWait=0, TicksSkipped=0
    MissCause: NotPresent=81, NotReadyStall=0
    PrefetchEff: Dropped=0, AlreadyCached=491, UsedBeforeEvict=93, EvictedBeforeUse=10
    GatingPredict Recall=45.72% (545/1192)
    GatingPredict Precision=91.44% (545/596)
    GatingPrefetch Delivery=45.81% (546/1192)
    GatingPrefetch Triggers=149
    Predictor TopK matches: 0=0 1=0 >=2=0
Layer 3 Cache Stats: Hits=996, Misses=196, HitRate=83.56%
    Predictor Routed-Expert HitRate=N/A
    Loads Per Step: 0Loads=33, 1Load=61, >1Load=55
    Bandwidth: StallLoads=196, PrefetchLoads=146, AvgLoadTime=3.13ms
    PrefetchOverlap: HiddenReady=118, HiddenWait=0, TicksSkipped=0
    MissCause: NotPresent=196, NotReadyStall=0
    PrefetchEff: Dropped=0, AlreadyCached=450, UsedBeforeEvict=118, EvictedBeforeUse=28
    GatingPredict Recall=42.37% (505/1192)
    GatingPredict Precision=84.73% (505/596)
    GatingPrefetch Delivery=42.45% (506/1192)
    GatingPrefetch Triggers=149
    Predictor TopK matches: 0=0 1=0 >=2=0
Layer 4 Cache Stats: Hits=1072, Misses=120, HitRate=89.93%
    Predictor Routed-Expert HitRate=N/A
    Loads Per Step: 0Loads=67, 1Load=53, >1Load=29
    Bandwidth: StallLoads=120, PrefetchLoads=88, AvgLoadTime=3.88ms
    PrefetchOverlap: HiddenReady=73, HiddenWait=0, TicksSkipped=0
    MissCause: NotPresent=120, NotReadyStall=0
    PrefetchEff: Dropped=0, AlreadyCached=508, UsedBeforeEvict=73, EvictedBeforeUse=15
    GatingPredict Recall=44.46% (530/1192)
    GatingPredict Precision=88.93% (530/596)
    GatingPrefetch Delivery=44.71% (533/1192)
    GatingPrefetch Triggers=149
    Predictor TopK matches: 0=0 1=0 >=2=0
Layer 5 Cache Stats: Hits=1109, Misses=83, HitRate=93.04%
    Predictor Routed-Expert HitRate=N/A
    Loads Per Step: 0Loads=88, 1Load=44, >1Load=17
    Bandwidth: StallLoads=83, PrefetchLoads=78, AvgLoadTime=3.58ms
    PrefetchOverlap: HiddenReady=71, HiddenWait=0, TicksSkipped=0
    MissCause: NotPresent=83, NotReadyStall=0
    PrefetchEff: Dropped=0, AlreadyCached=518, UsedBeforeEvict=71, EvictedBeforeUse=7
    GatingPredict Recall=47.32% (564/1192)
    GatingPredict Precision=94.63% (564/596)
    GatingPrefetch Delivery=47.32% (564/1192)
    GatingPrefetch Triggers=149
    Predictor TopK matches: 0=0 1=0 >=2=0
Layer 6 Cache Stats: Hits=1133, Misses=59, HitRate=95.05%
    Predictor Routed-Expert HitRate=N/A
    Loads Per Step: 0Loads=100, 1Load=41, >1Load=8
    Bandwidth: StallLoads=59, PrefetchLoads=45, AvgLoadTime=3.75ms
    PrefetchOverlap: HiddenReady=38, HiddenWait=0, TicksSkipped=0
    MissCause: NotPresent=59, NotReadyStall=0
    PrefetchEff: Dropped=0, AlreadyCached=551, UsedBeforeEvict=38, EvictedBeforeUse=7
    GatingPredict Recall=46.90% (559/1192)
    GatingPredict Precision=93.79% (559/596)
    GatingPrefetch Delivery=46.90% (559/1192)
    GatingPrefetch Triggers=149
    Predictor TopK matches: 0=0 1=0 >=2=0
Layer 7 Cache Stats: Hits=1160, Misses=32, HitRate=97.32%
    Predictor Routed-Expert HitRate=N/A
    Loads Per Step: 0Loads=120, 1Load=26, >1Load=3
    Bandwidth: StallLoads=32, PrefetchLoads=27, AvgLoadTime=3.99ms
    PrefetchOverlap: HiddenReady=26, HiddenWait=0, TicksSkipped=0
    MissCause: NotPresent=32, NotReadyStall=0
    PrefetchEff: Dropped=0, AlreadyCached=569, UsedBeforeEvict=26, EvictedBeforeUse=1
    GatingPredict Recall=49.24% (587/1192)
    GatingPredict Precision=98.49% (587/596)
    GatingPrefetch Delivery=49.24% (587/1192)
    GatingPrefetch Triggers=149
    Predictor TopK matches: 0=0 1=0 >=2=0
Layer 8 Cache Stats: Hits=1111, Misses=81, HitRate=93.20%
    Predictor Routed-Expert HitRate=N/A
    Loads Per Step: 0Loads=86, 1Load=51, >1Load=12
    Bandwidth: StallLoads=81, PrefetchLoads=51, AvgLoadTime=3.44ms
    PrefetchOverlap: HiddenReady=49, HiddenWait=0, TicksSkipped=0
    MissCause: NotPresent=81, NotReadyStall=0
    PrefetchEff: Dropped=0, AlreadyCached=545, UsedBeforeEvict=49, EvictedBeforeUse=2
    GatingPredict Recall=48.24% (575/1192)
    GatingPredict Precision=96.48% (575/596)
    GatingPrefetch Delivery=48.32% (576/1192)
    GatingPrefetch Triggers=149
    Predictor TopK matches: 0=0 1=0 >=2=0
Layer 9 Cache Stats: Hits=1144, Misses=48, HitRate=95.97%
    Predictor Routed-Expert HitRate=N/A
    Loads Per Step: 0Loads=109, 1Load=32, >1Load=8
    Bandwidth: StallLoads=48, PrefetchLoads=38, AvgLoadTime=4.00ms
    PrefetchOverlap: HiddenReady=37, HiddenWait=0, TicksSkipped=0
    MissCause: NotPresent=48, NotReadyStall=0
    PrefetchEff: Dropped=0, AlreadyCached=558, UsedBeforeEvict=37, EvictedBeforeUse=1
    GatingPredict Recall=49.33% (588/1192)
    GatingPredict Precision=98.66% (588/596)
    GatingPrefetch Delivery=49.33% (588/1192)
    GatingPrefetch Triggers=149
    Predictor TopK matches: 0=0 1=0 >=2=0
Layer 10 Cache Stats: Hits=1086, Misses=106, HitRate=91.11%
    Predictor Routed-Expert HitRate=N/A
    Loads Per Step: 0Loads=71, 1Load=56, >1Load=22
    Bandwidth: StallLoads=106, PrefetchLoads=72, AvgLoadTime=3.56ms
    PrefetchOverlap: HiddenReady=70, HiddenWait=0, TicksSkipped=0
    MissCause: NotPresent=106, NotReadyStall=0
    PrefetchEff: Dropped=0, AlreadyCached=524, UsedBeforeEvict=70, EvictedBeforeUse=2
    GatingPredict Recall=49.08% (585/1192)
    GatingPredict Precision=98.15% (585/596)
    GatingPrefetch Delivery=49.08% (585/1192)
    GatingPrefetch Triggers=149
    Predictor TopK matches: 0=0 1=0 >=2=0
Layer 11 Cache Stats: Hits=1063, Misses=129, HitRate=89.18%
    Predictor Routed-Expert HitRate=N/A
    Loads Per Step: 0Loads=60, 1Load=56, >1Load=33
    Bandwidth: StallLoads=129, PrefetchLoads=87, AvgLoadTime=3.43ms
    PrefetchOverlap: HiddenReady=87, HiddenWait=0, TicksSkipped=0
    MissCause: NotPresent=129, NotReadyStall=0
    PrefetchEff: Dropped=0, AlreadyCached=509, UsedBeforeEvict=87, EvictedBeforeUse=0
    GatingPredict Recall=48.57% (579/1192)
    GatingPredict Precision=97.15% (579/596)
    GatingPrefetch Delivery=48.66% (580/1192)
    GatingPrefetch Triggers=149
    Predictor TopK matches: 0=0 1=0 >=2=0
Layer 12 Cache Stats: Hits=1120, Misses=72, HitRate=93.96%
    Predictor Routed-Expert HitRate=N/A
    Loads Per Step: 0Loads=95, 1Load=42, >1Load=12
    Bandwidth: StallLoads=72, PrefetchLoads=52, AvgLoadTime=3.70ms
    PrefetchOverlap: HiddenReady=47, HiddenWait=0, TicksSkipped=0
    MissCause: NotPresent=72, NotReadyStall=0
    PrefetchEff: Dropped=0, AlreadyCached=544, UsedBeforeEvict=47, EvictedBeforeUse=5
    GatingPredict Recall=47.90% (571/1192)
    GatingPredict Precision=95.81% (571/596)
    GatingPrefetch Delivery=47.99% (572/1192)
    GatingPrefetch Triggers=149
    Predictor TopK matches: 0=0 1=0 >=2=0
Layer 13 Cache Stats: Hits=1077, Misses=115, HitRate=90.35%
    Predictor Routed-Expert HitRate=N/A
    Loads Per Step: 0Loads=63, 1Load=62, >1Load=24
    Bandwidth: StallLoads=115, PrefetchLoads=68, AvgLoadTime=3.57ms
    PrefetchOverlap: HiddenReady=59, HiddenWait=0, TicksSkipped=0
    MissCause: NotPresent=115, NotReadyStall=0
    PrefetchEff: Dropped=0, AlreadyCached=528, UsedBeforeEvict=59, EvictedBeforeUse=9
    GatingPredict Recall=47.15% (562/1192)
    GatingPredict Precision=94.30% (562/596)
    GatingPrefetch Delivery=47.23% (563/1192)
    GatingPrefetch Triggers=149
    Predictor TopK matches: 0=0 1=0 >=2=0
Layer 14 Cache Stats: Hits=1136, Misses=56, HitRate=95.30%
    Predictor Routed-Expert HitRate=N/A
    Loads Per Step: 0Loads=105, 1Load=35, >1Load=9
    Bandwidth: StallLoads=56, PrefetchLoads=54, AvgLoadTime=3.72ms
    PrefetchOverlap: HiddenReady=52, HiddenWait=0, TicksSkipped=0
    MissCause: NotPresent=56, NotReadyStall=0
    PrefetchEff: Dropped=0, AlreadyCached=542, UsedBeforeEvict=52, EvictedBeforeUse=2
    GatingPredict Recall=48.24% (575/1192)
    GatingPredict Precision=96.48% (575/596)
    GatingPrefetch Delivery=48.24% (575/1192)
    GatingPrefetch Triggers=149
    Predictor TopK matches: 0=0 1=0 >=2=0
Layer 15 Cache Stats: Hits=1117, Misses=75, HitRate=93.71%
    Predictor Routed-Expert HitRate=N/A
    Loads Per Step: 0Loads=90, 1Load=45, >1Load=14
    Bandwidth: StallLoads=75, PrefetchLoads=42, AvgLoadTime=3.70ms
    PrefetchOverlap: HiddenReady=40, HiddenWait=0, TicksSkipped=0
    MissCause: NotPresent=75, NotReadyStall=0
    PrefetchEff: Dropped=0, AlreadyCached=554, UsedBeforeEvict=40, EvictedBeforeUse=2
    GatingPredict Recall=49.16% (586/1192)
    GatingPredict Precision=98.32% (586/596)
    GatingPrefetch Delivery=49.16% (586/1192)
    GatingPrefetch Triggers=149
    Predictor TopK matches: 0=0 1=0 >=2=0
Layer 16 Cache Stats: Hits=1127, Misses=65, HitRate=94.55%
    Predictor Routed-Expert HitRate=N/A
    Loads Per Step: 0Loads=97, 1Load=41, >1Load=11
    Bandwidth: StallLoads=65, PrefetchLoads=49, AvgLoadTime=3.63ms
    PrefetchOverlap: HiddenReady=49, HiddenWait=0, TicksSkipped=0
    MissCause: NotPresent=65, NotReadyStall=0
    PrefetchEff: Dropped=0, AlreadyCached=547, UsedBeforeEvict=49, EvictedBeforeUse=0
    GatingPredict Recall=48.24% (575/1192)
    GatingPredict Precision=96.48% (575/596)
    GatingPrefetch Delivery=48.32% (576/1192)
    GatingPrefetch Triggers=149
    Predictor TopK matches: 0=0 1=0 >=2=0
Layer 17 Cache Stats: Hits=1107, Misses=85, HitRate=92.87%
    Predictor Routed-Expert HitRate=N/A
    Loads Per Step: 0Loads=81, 1Load=53, >1Load=15
    Bandwidth: StallLoads=85, PrefetchLoads=48, AvgLoadTime=3.48ms
    PrefetchOverlap: HiddenReady=47, HiddenWait=0, TicksSkipped=0
    MissCause: NotPresent=85, NotReadyStall=0
    PrefetchEff: Dropped=0, AlreadyCached=548, UsedBeforeEvict=47, EvictedBeforeUse=1
    GatingPredict Recall=48.74% (581/1192)
    GatingPredict Precision=97.48% (581/596)
    GatingPrefetch Delivery=48.74% (581/1192)
    GatingPrefetch Triggers=149
    Predictor TopK matches: 0=0 1=0 >=2=0
Layer 18 Cache Stats: Hits=1156, Misses=36, HitRate=96.98%
    Predictor Routed-Expert HitRate=N/A
    Loads Per Step: 0Loads=122, 1Load=20, >1Load=7
    Bandwidth: StallLoads=36, PrefetchLoads=22, AvgLoadTime=3.67ms
    PrefetchOverlap: HiddenReady=18, HiddenWait=0, TicksSkipped=0
    MissCause: NotPresent=36, NotReadyStall=0
    PrefetchEff: Dropped=0, AlreadyCached=574, UsedBeforeEvict=18, EvictedBeforeUse=4
    GatingPredict Recall=48.24% (575/1192)
    GatingPredict Precision=96.48% (575/596)
    GatingPrefetch Delivery=48.24% (575/1192)
    GatingPrefetch Triggers=149
    Predictor TopK matches: 0=0 1=0 >=2=0
Layer 19 Cache Stats: Hits=1176, Misses=16, HitRate=98.66%
    Predictor Routed-Expert HitRate=N/A
    Loads Per Step: 0Loads=135, 1Load=12, >1Load=2
    Bandwidth: StallLoads=16, PrefetchLoads=11, AvgLoadTime=4.22ms
    PrefetchOverlap: HiddenReady=11, HiddenWait=0, TicksSkipped=0
    MissCause: NotPresent=16, NotReadyStall=0
    PrefetchEff: Dropped=0, AlreadyCached=585, UsedBeforeEvict=11, EvictedBeforeUse=0
    GatingPredict Recall=49.66% (592/1192)
    GatingPredict Precision=99.33% (592/596)
    GatingPrefetch Delivery=49.66% (592/1192)
    GatingPrefetch Triggers=149
    Predictor TopK matches: 0=0 1=0 >=2=0
Layer 20 Cache Stats: Hits=1154, Misses=38, HitRate=96.81%
    Predictor Routed-Expert HitRate=N/A
    Loads Per Step: 0Loads=118, 1Load=24, >1Load=7
    Bandwidth: StallLoads=38, PrefetchLoads=13, AvgLoadTime=3.40ms
    PrefetchOverlap: HiddenReady=12, HiddenWait=0, TicksSkipped=0
    MissCause: NotPresent=38, NotReadyStall=0
    PrefetchEff: Dropped=0, AlreadyCached=583, UsedBeforeEvict=12, EvictedBeforeUse=0
    GatingPredict Recall=49.16% (586/1192)
    GatingPredict Precision=98.32% (586/596)
    GatingPrefetch Delivery=49.16% (586/1192)
    GatingPrefetch Triggers=149
    Predictor TopK matches: 0=0 1=0 >=2=0
Layer 21 Cache Stats: Hits=1147, Misses=45, HitRate=96.22%
    Predictor Routed-Expert HitRate=N/A
    Loads Per Step: 0Loads=109, 1Load=37, >1Load=3
    Bandwidth: StallLoads=45, PrefetchLoads=20, AvgLoadTime=3.68ms
    PrefetchOverlap: HiddenReady=19, HiddenWait=0, TicksSkipped=0
    MissCause: NotPresent=45, NotReadyStall=0
    PrefetchEff: Dropped=0, AlreadyCached=576, UsedBeforeEvict=19, EvictedBeforeUse=1
    GatingPredict Recall=49.41% (589/1192)
    GatingPredict Precision=98.83% (589/596)
    GatingPrefetch Delivery=49.41% (589/1192)
    GatingPrefetch Triggers=149
    Predictor TopK matches: 0=0 1=0 >=2=0
Layer 22 Cache Stats: Hits=1116, Misses=76, HitRate=93.62%
    Predictor Routed-Expert HitRate=N/A
    Loads Per Step: 0Loads=90, 1Load=46, >1Load=13
    Bandwidth: StallLoads=76, PrefetchLoads=39, AvgLoadTime=3.52ms
    PrefetchOverlap: HiddenReady=37, HiddenWait=0, TicksSkipped=0
    MissCause: NotPresent=76, NotReadyStall=0
    PrefetchEff: Dropped=0, AlreadyCached=557, UsedBeforeEvict=37, EvictedBeforeUse=2
    GatingPredict Recall=47.82% (570/1192)
    GatingPredict Precision=95.64% (570/596)
    GatingPrefetch Delivery=47.82% (570/1192)
    GatingPrefetch Triggers=149
    Predictor TopK matches: 0=0 1=0 >=2=0
Layer 23 Cache Stats: Hits=1089, Misses=103, HitRate=91.36%
    Predictor Routed-Expert HitRate=N/A
    Loads Per Step: 0Loads=75, 1Load=53, >1Load=21
    Bandwidth: StallLoads=103, PrefetchLoads=63, AvgLoadTime=3.61ms
    PrefetchOverlap: HiddenReady=58, HiddenWait=0, TicksSkipped=0
    MissCause: NotPresent=103, NotReadyStall=0
    PrefetchEff: Dropped=0, AlreadyCached=533, UsedBeforeEvict=58, EvictedBeforeUse=5
    GatingPredict Recall=45.39% (541/1192)
    GatingPredict Precision=90.77% (541/596)
    GatingPrefetch Delivery=45.47% (542/1192)
    GatingPrefetch Triggers=149
    Predictor TopK matches: 0=0 1=0 >=2=0
Layer 24 Cache Stats: Hits=1094, Misses=98, HitRate=91.78%
    Predictor Routed-Expert HitRate=N/A
    Loads Per Step: 0Loads=79, 1Load=48, >1Load=22
    Bandwidth: StallLoads=98, PrefetchLoads=56, AvgLoadTime=3.79ms
    PrefetchOverlap: HiddenReady=54, HiddenWait=0, TicksSkipped=0
    MissCause: NotPresent=98, NotReadyStall=0
    PrefetchEff: Dropped=0, AlreadyCached=540, UsedBeforeEvict=54, EvictedBeforeUse=1
    GatingPredict Recall=47.99% (572/1192)
    GatingPredict Precision=95.97% (572/596)
    GatingPrefetch Delivery=48.07% (573/1192)
    GatingPrefetch Triggers=149
    Predictor TopK matches: 0=0 1=0 >=2=0
Layer 25 Cache Stats: Hits=1063, Misses=129, HitRate=89.18%
    Predictor Routed-Expert HitRate=N/A
    Loads Per Step: 0Loads=56, 1Load=62, >1Load=31
    Bandwidth: StallLoads=129, PrefetchLoads=88, AvgLoadTime=3.52ms
    PrefetchOverlap: HiddenReady=84, HiddenWait=0, TicksSkipped=0
    MissCause: NotPresent=129, NotReadyStall=0
    PrefetchEff: Dropped=0, AlreadyCached=508, UsedBeforeEvict=84, EvictedBeforeUse=4
    GatingPredict Recall=47.23% (563/1192)
    GatingPredict Precision=94.46% (563/596)
    GatingPrefetch Delivery=47.23% (563/1192)
    GatingPrefetch Triggers=149
    Predictor TopK matches: 0=0 1=0 >=2=0
Layer 26 Cache Stats: Hits=1110, Misses=82, HitRate=93.12%
    Predictor Routed-Expert HitRate=N/A
    Loads Per Step: 0Loads=86, 1Load=48, >1Load=15
    Bandwidth: StallLoads=82, PrefetchLoads=50, AvgLoadTime=3.62ms
    PrefetchOverlap: HiddenReady=43, HiddenWait=0, TicksSkipped=0
    MissCause: NotPresent=82, NotReadyStall=0
    PrefetchEff: Dropped=0, AlreadyCached=546, UsedBeforeEvict=43, EvictedBeforeUse=7
    GatingPredict Recall=46.73% (557/1192)
    GatingPredict Precision=93.46% (557/596)
    GatingPrefetch Delivery=46.73% (557/1192)
    GatingPrefetch Triggers=149
    Predictor TopK matches: 0=0 1=0 >=2=0
Layer 27 Cache Stats: Hits=1116, Misses=76, HitRate=93.62%
    Predictor Routed-Expert HitRate=N/A
    Loads Per Step: 0Loads=90, 1Load=44, >1Load=15
    Bandwidth: StallLoads=76, PrefetchLoads=35, AvgLoadTime=3.80ms
    PrefetchOverlap: HiddenReady=35, HiddenWait=0, TicksSkipped=0
    MissCause: NotPresent=76, NotReadyStall=0
    PrefetchEff: Dropped=0, AlreadyCached=561, UsedBeforeEvict=35, EvictedBeforeUse=0
    GatingPredict Recall=49.16% (586/1192)
    GatingPredict Precision=98.32% (586/596)
    GatingPrefetch Delivery=49.24% (587/1192)
    GatingPrefetch Triggers=149
    Predictor TopK matches: 0=0 1=0 >=2=0
Layer 28 Cache Stats: Hits=1112, Misses=80, HitRate=93.29%
    Predictor Routed-Expert HitRate=N/A
    Loads Per Step: 0Loads=84, 1Load=53, >1Load=12
    Bandwidth: StallLoads=80, PrefetchLoads=65, AvgLoadTime=3.81ms
    PrefetchOverlap: HiddenReady=64, HiddenWait=0, TicksSkipped=0
    MissCause: NotPresent=80, NotReadyStall=0
    PrefetchEff: Dropped=0, AlreadyCached=531, UsedBeforeEvict=64, EvictedBeforeUse=1
    GatingPredict Recall=48.91% (583/1192)
    GatingPredict Precision=97.82% (583/596)
    GatingPrefetch Delivery=48.99% (584/1192)
    GatingPrefetch Triggers=149
    Predictor TopK matches: 0=0 1=0 >=2=0
Layer 29 Cache Stats: Hits=1076, Misses=116, HitRate=90.27%
    Predictor Routed-Expert HitRate=N/A
    Loads Per Step: 0Loads=70, 1Load=52, >1Load=27
    Bandwidth: StallLoads=116, PrefetchLoads=93, AvgLoadTime=3.31ms
    PrefetchOverlap: HiddenReady=91, HiddenWait=0, TicksSkipped=0
    MissCause: NotPresent=116, NotReadyStall=0
    PrefetchEff: Dropped=0, AlreadyCached=503, UsedBeforeEvict=91, EvictedBeforeUse=2
    GatingPredict Recall=47.15% (562/1192)
    GatingPredict Precision=94.30% (562/596)
    GatingPrefetch Delivery=47.15% (562/1192)
    GatingPrefetch Triggers=149
    Predictor TopK matches: 0=0 1=0 >=2=0
Layer 30 Cache Stats: Hits=1149, Misses=43, HitRate=96.39%
    Predictor Routed-Expert HitRate=N/A
    Loads Per Step: 0Loads=111, 1Load=34, >1Load=4
    Bandwidth: StallLoads=43, PrefetchLoads=14, AvgLoadTime=3.73ms
    PrefetchOverlap: HiddenReady=14, HiddenWait=0, TicksSkipped=0
    MissCause: NotPresent=43, NotReadyStall=0
    PrefetchEff: Dropped=0, AlreadyCached=582, UsedBeforeEvict=14, EvictedBeforeUse=0
    GatingPredict Recall=49.66% (592/1192)
    GatingPredict Precision=99.33% (592/596)
    GatingPrefetch Delivery=49.66% (592/1192)
    GatingPrefetch Triggers=149
    Predictor TopK matches: 0=0 1=0 >=2=0
Layer 31 Cache Stats: Hits=1149, Misses=43, HitRate=96.39%
    Predictor Routed-Expert HitRate=N/A
    Loads Per Step: 0Loads=115, 1Load=26, >1Load=8
    Bandwidth: StallLoads=43, PrefetchLoads=19, AvgLoadTime=3.72ms
    PrefetchOverlap: HiddenReady=19, HiddenWait=0, TicksSkipped=0
    MissCause: NotPresent=43, NotReadyStall=0
    PrefetchEff: Dropped=0, AlreadyCached=577, UsedBeforeEvict=19, EvictedBeforeUse=0
    GatingPredict Recall=48.99% (584/1192)
    GatingPredict Precision=97.99% (584/596)
    GatingPrefetch Delivery=48.99% (584/1192)
    GatingPrefetch Triggers=149
    Predictor TopK matches: 0=0 1=0 >=2=0
Layer 32 Cache Stats: Hits=1119, Misses=73, HitRate=93.88%
    Predictor Routed-Expert HitRate=N/A
    Loads Per Step: 0Loads=91, 1Load=43, >1Load=15
    Bandwidth: StallLoads=73, PrefetchLoads=41, AvgLoadTime=3.50ms
    PrefetchOverlap: HiddenReady=38, HiddenWait=0, TicksSkipped=0
    MissCause: NotPresent=73, NotReadyStall=0
    PrefetchEff: Dropped=0, AlreadyCached=555, UsedBeforeEvict=38, EvictedBeforeUse=3
    GatingPredict Recall=49.08% (585/1192)
    GatingPredict Precision=98.15% (585/596)
    GatingPrefetch Delivery=49.08% (585/1192)
    GatingPrefetch Triggers=149
    Predictor TopK matches: 0=0 1=0 >=2=0
Layer 33 Cache Stats: Hits=1123, Misses=69, HitRate=94.21%
    Predictor Routed-Expert HitRate=N/A
    Loads Per Step: 0Loads=95, 1Load=41, >1Load=13
    Bandwidth: StallLoads=69, PrefetchLoads=55, AvgLoadTime=3.49ms
    PrefetchOverlap: HiddenReady=52, HiddenWait=0, TicksSkipped=0
    MissCause: NotPresent=69, NotReadyStall=0
    PrefetchEff: Dropped=0, AlreadyCached=541, UsedBeforeEvict=52, EvictedBeforeUse=3
    GatingPredict Recall=49.58% (591/1192)
    GatingPredict Precision=99.16% (591/596)
    GatingPrefetch Delivery=49.58% (591/1192)
    GatingPrefetch Triggers=149
    Predictor TopK matches: 0=0 1=0 >=2=0
Layer 34 Cache Stats: Hits=1093, Misses=99, HitRate=91.69%
    Predictor Routed-Expert HitRate=N/A
    Loads Per Step: 0Loads=80, 1Load=47, >1Load=22
    Bandwidth: StallLoads=99, PrefetchLoads=67, AvgLoadTime=3.45ms
    PrefetchOverlap: HiddenReady=62, HiddenWait=0, TicksSkipped=0
    MissCause: NotPresent=99, NotReadyStall=0
    PrefetchEff: Dropped=0, AlreadyCached=529, UsedBeforeEvict=62, EvictedBeforeUse=5
    GatingPredict Recall=49.08% (585/1192)
    GatingPredict Precision=98.15% (585/596)
    GatingPrefetch Delivery=49.08% (585/1192)
    GatingPrefetch Triggers=149
    Predictor TopK matches: 0=0 1=0 >=2=0
Layer 35 Cache Stats: Hits=1057, Misses=135, HitRate=88.67%
    Predictor Routed-Expert HitRate=N/A
    Loads Per Step: 0Loads=67, 1Load=46, >1Load=36
    Bandwidth: StallLoads=135, PrefetchLoads=82, AvgLoadTime=3.38ms
    PrefetchOverlap: HiddenReady=79, HiddenWait=0, TicksSkipped=0
    MissCause: NotPresent=135, NotReadyStall=0
    PrefetchEff: Dropped=0, AlreadyCached=514, UsedBeforeEvict=79, EvictedBeforeUse=3
    GatingPredict Recall=48.41% (577/1192)
    GatingPredict Precision=96.81% (577/596)
    GatingPrefetch Delivery=48.41% (577/1192)
    GatingPrefetch Triggers=149
    Predictor TopK matches: 0=0 1=0 >=2=0
Layer 36 Cache Stats: Hits=1082, Misses=110, HitRate=90.77%
    Predictor Routed-Expert HitRate=N/A
    Loads Per Step: 0Loads=65, 1Load=63, >1Load=21
    Bandwidth: StallLoads=110, PrefetchLoads=65, AvgLoadTime=3.89ms
    PrefetchOverlap: HiddenReady=65, HiddenWait=0, TicksSkipped=0
    MissCause: NotPresent=110, NotReadyStall=0
    PrefetchEff: Dropped=0, AlreadyCached=531, UsedBeforeEvict=65, EvictedBeforeUse=0
    GatingPredict Recall=49.24% (587/1192)
    GatingPredict Precision=98.49% (587/596)
    GatingPrefetch Delivery=49.33% (588/1192)
    GatingPrefetch Triggers=149
    Predictor TopK matches: 0=0 1=0 >=2=0
Layer 37 Cache Stats: Hits=1076, Misses=116, HitRate=90.27%
    Predictor Routed-Expert HitRate=N/A
    Loads Per Step: 0Loads=68, 1Load=49, >1Load=32
    Bandwidth: StallLoads=116, PrefetchLoads=92, AvgLoadTime=3.53ms
    PrefetchOverlap: HiddenReady=87, HiddenWait=0, TicksSkipped=0
    MissCause: NotPresent=116, NotReadyStall=0
    PrefetchEff: Dropped=0, AlreadyCached=504, UsedBeforeEvict=87, EvictedBeforeUse=4
    GatingPredict Recall=48.32% (576/1192)
    GatingPredict Precision=96.64% (576/596)
    GatingPrefetch Delivery=48.32% (576/1192)
    GatingPrefetch Triggers=149
    Predictor TopK matches: 0=0 1=0 >=2=0
Layer 38 Cache Stats: Hits=1113, Misses=79, HitRate=93.37%
    Predictor Routed-Expert HitRate=N/A
    Loads Per Step: 0Loads=90, 1Load=42, >1Load=17
    Bandwidth: StallLoads=79, PrefetchLoads=58, AvgLoadTime=3.75ms
    PrefetchOverlap: HiddenReady=55, HiddenWait=0, TicksSkipped=0
    MissCause: NotPresent=79, NotReadyStall=0
    PrefetchEff: Dropped=0, AlreadyCached=538, UsedBeforeEvict=55, EvictedBeforeUse=3
    GatingPredict Recall=48.66% (580/1192)
    GatingPredict Precision=97.32% (580/596)
    GatingPrefetch Delivery=48.66% (580/1192)
    GatingPrefetch Triggers=149
    Predictor TopK matches: 0=0 1=0 >=2=0
Layer 39 Cache Stats: Hits=1125, Misses=67, HitRate=94.38%
    Predictor Routed-Expert HitRate=N/A
    Loads Per Step: 0Loads=97, 1Load=40, >1Load=12
    Bandwidth: StallLoads=67, PrefetchLoads=43, AvgLoadTime=3.73ms
    PrefetchOverlap: HiddenReady=40, HiddenWait=0, TicksSkipped=0
    MissCause: NotPresent=67, NotReadyStall=0
    PrefetchEff: Dropped=0, AlreadyCached=553, UsedBeforeEvict=40, EvictedBeforeUse=3
    GatingPredict Recall=48.66% (580/1192)
    GatingPredict Precision=97.32% (580/596)
    GatingPrefetch Delivery=48.74% (581/1192)
    GatingPrefetch Triggers=149
    Predictor TopK matches: 0=0 1=0 >=2=0
Layer 40 Cache Stats: Hits=1127, Misses=65, HitRate=94.55%
    Predictor Routed-Expert HitRate=N/A
    Loads Per Step: 0Loads=96, 1Load=42, >1Load=11
    Bandwidth: StallLoads=65, PrefetchLoads=53, AvgLoadTime=4.10ms
    PrefetchOverlap: HiddenReady=52, HiddenWait=0, TicksSkipped=0
    MissCause: NotPresent=65, NotReadyStall=0
    PrefetchEff: Dropped=0, AlreadyCached=543, UsedBeforeEvict=52, EvictedBeforeUse=1
    GatingPredict Recall=49.24% (587/1192)
    GatingPredict Precision=98.49% (587/596)
    GatingPrefetch Delivery=49.24% (587/1192)
    GatingPrefetch Triggers=149
    Predictor TopK matches: 0=0 1=0 >=2=0
Layer 41 Cache Stats: Hits=1116, Misses=76, HitRate=93.62%
    Predictor Routed-Expert HitRate=N/A
    Loads Per Step: 0Loads=92, 1Load=38, >1Load=19
    Bandwidth: StallLoads=76, PrefetchLoads=100, AvgLoadTime=3.54ms
    PrefetchOverlap: HiddenReady=97, HiddenWait=0, TicksSkipped=0
    MissCause: NotPresent=76, NotReadyStall=0
    PrefetchEff: Dropped=0, AlreadyCached=496, UsedBeforeEvict=97, EvictedBeforeUse=1
    GatingPredict Recall=48.83% (582/1192)
    GatingPredict Precision=97.65% (582/596)
    GatingPrefetch Delivery=48.83% (582/1192)
    GatingPrefetch Triggers=149
    Predictor TopK matches: 0=0 1=0 >=2=0
Layer 42 Cache Stats: Hits=1101, Misses=91, HitRate=92.37%
    Predictor Routed-Expert HitRate=N/A
    Loads Per Step: 0Loads=80, 1Load=51, >1Load=18
    Bandwidth: StallLoads=91, PrefetchLoads=57, AvgLoadTime=3.86ms
    PrefetchOverlap: HiddenReady=57, HiddenWait=0, TicksSkipped=0
    MissCause: NotPresent=91, NotReadyStall=0
    PrefetchEff: Dropped=0, AlreadyCached=539, UsedBeforeEvict=57, EvictedBeforeUse=0
    GatingPredict Recall=48.24% (575/1192)
    GatingPredict Precision=96.48% (575/596)
    GatingPrefetch Delivery=48.24% (575/1192)
    GatingPrefetch Triggers=149
    Predictor TopK matches: 0=0 1=0 >=2=0
Layer 43 Cache Stats: Hits=1123, Misses=69, HitRate=94.21%
    Predictor Routed-Expert HitRate=N/A
    Loads Per Step: 0Loads=93, 1Load=44, >1Load=12
    Bandwidth: StallLoads=69, PrefetchLoads=54, AvgLoadTime=3.73ms
    PrefetchOverlap: HiddenReady=50, HiddenWait=0, TicksSkipped=0
    MissCause: NotPresent=69, NotReadyStall=0
    PrefetchEff: Dropped=0, AlreadyCached=542, UsedBeforeEvict=50, EvictedBeforeUse=3
    GatingPredict Recall=49.33% (588/1192)
    GatingPredict Precision=98.66% (588/596)
    GatingPrefetch Delivery=49.33% (588/1192)
    GatingPrefetch Triggers=149
    Predictor TopK matches: 0=0 1=0 >=2=0
Layer 44 Cache Stats: Hits=1119, Misses=73, HitRate=93.88%
    Predictor Routed-Expert HitRate=N/A
    Loads Per Step: 0Loads=94, 1Load=38, >1Load=17
    Bandwidth: StallLoads=73, PrefetchLoads=47, AvgLoadTime=3.76ms
    PrefetchOverlap: HiddenReady=44, HiddenWait=0, TicksSkipped=0
    MissCause: NotPresent=73, NotReadyStall=0
    PrefetchEff: Dropped=0, AlreadyCached=549, UsedBeforeEvict=44, EvictedBeforeUse=3
    GatingPredict Recall=48.74% (581/1192)
    GatingPredict Precision=97.48% (581/596)
    GatingPrefetch Delivery=48.83% (582/1192)
    GatingPrefetch Triggers=149
    Predictor TopK matches: 0=0 1=0 >=2=0
Layer 45 Cache Stats: Hits=1126, Misses=66, HitRate=94.46%
    Predictor Routed-Expert HitRate=N/A
    Loads Per Step: 0Loads=98, 1Load=37, >1Load=14
    Bandwidth: StallLoads=66, PrefetchLoads=50, AvgLoadTime=3.76ms
    PrefetchOverlap: HiddenReady=50, HiddenWait=0, TicksSkipped=0
    MissCause: NotPresent=66, NotReadyStall=0
    PrefetchEff: Dropped=0, AlreadyCached=546, UsedBeforeEvict=50, EvictedBeforeUse=0
    GatingPredict Recall=49.92% (595/1192)
    GatingPredict Precision=99.83% (595/596)
    GatingPrefetch Delivery=49.92% (595/1192)
    GatingPrefetch Triggers=149
    Predictor TopK matches: 0=0 1=0 >=2=0
Layer 46 Cache Stats: Hits=1111, Misses=81, HitRate=93.20%
    Predictor Routed-Expert HitRate=N/A
    Loads Per Step: 0Loads=85, 1Load=47, >1Load=17
    Bandwidth: StallLoads=81, PrefetchLoads=95, AvgLoadTime=3.74ms
    PrefetchOverlap: HiddenReady=93, HiddenWait=0, TicksSkipped=0
    MissCause: NotPresent=81, NotReadyStall=0
    PrefetchEff: Dropped=0, AlreadyCached=501, UsedBeforeEvict=93, EvictedBeforeUse=1
    GatingPredict Recall=48.74% (581/1192)
    GatingPredict Precision=97.48% (581/596)
    GatingPrefetch Delivery=48.83% (582/1192)
    GatingPrefetch Triggers=149
    Predictor TopK matches: 0=0 1=0 >=2=0
Layer 47 Cache Stats: Hits=1071, Misses=121, HitRate=89.85%
    Predictor Routed-Expert HitRate=N/A
    Loads Per Step: 0Loads=71, 1Load=49, >1Load=29
    Bandwidth: StallLoads=121, PrefetchLoads=125, AvgLoadTime=3.24ms
    PrefetchOverlap: HiddenReady=118, HiddenWait=0, TicksSkipped=0
    MissCause: NotPresent=121, NotReadyStall=0
    PrefetchEff: Dropped=0, AlreadyCached=471, UsedBeforeEvict=118, EvictedBeforeUse=6
    GatingPredict Recall=45.89% (547/1192)
    GatingPredict Precision=91.78% (547/596)
    GatingPrefetch Delivery=45.89% (547/1192)
    GatingPrefetch Triggers=149
    Predictor TopK matches: 0=0 1=0 >=2=0
============================================================
============================================================
Initializing Qwen3 30B-A3B AWQ w4a16 quantized model...
============================================================
Loading quantized weights from QuixiAI/Qwen3-30B-A3B-AWQ...
Using saved safetensors: /home/michael/heteroPredict/py/unified_llm_w4a16/model_weights/Qwen3-30B-A3B-AWQ.safetensors
Expert weights dir: /home/michael/heteroPredict/py/unified_llm_w4a16/model_weights/Qwen3-30B-A3B-AWQ_packed  (format: packed)
Using existing attention weights in /home/michael/heteroPredict/py/unified_llm_w4a16/model_weights/Qwen3-30B-A3B-AWQ_unpacked
Weights loaded (expert dir override) in 0.29 seconds
Pre-warming expert cache with 48 experts...
Model initialized successfully!
Set expert cache policy to LRU.

Running sweep using prompts from JSON: /tmp/tmpgbtzxu43.json
Loaded 1 prompts for sweeping.

Processing Prompt 1/1...

============================================================
Generated text only:
============================================================
 Stephens , which was performed in 2001 at the Royal Court Theatre . He had a guest role in the television series Judge John Deed in 2002 . In 2004 Boulter landed a role as " Craig " in the episode " Teddy 's Story " of the television series The Long Firm ; he starred alongside actors Mark Strong and Derek Jacobi . He was cast in the 2005 theatre productions of the Philip Ridley play Mercury Fur , which was performed at the Drum Theatre in Plymouth and the Menier Chocolate Factory in London . He was directed by John Tiffany and starred alongside Ben Whishaw , Shane Zaza , Harry Kent , Fraser Ayres , Sophie Stanton and Dominic Hall .
============================================================

============================================================
Sweep Complete.
Average Time per Token: 0.290819
End-to-End TPS: 3.4386
Cache Stats: Hits=52739, Misses=4477, HitRate=92.18%
Predictor Stats: Hits=0, Total=0, HitRate=0.00%
Initializing UnifiedLLMW4A16Impl_base
Using NPU config struct.
Configuring NPU (Base):
  Heterogeneity: gpu
  GPU Count: 1
  Debug Verbosity: 1
  Dummy Weights: false
  Warmup: false
  Preload MoE: true
  Minimal PDI: true
[GPU SELECT] Free VRAM ranking: gpu0=28.00/28.00 GiB
[GPU SELECT] Selected GPUs for gpu-count=1: [0]
[GPU MAP] Single-GPU placement on gpu0
[Layer 1] cache partition: main=44 speculative=4 (fraction=0.0833333)
[GatingHeuristicPredictor Layer 1] prefetch_count=4 softmax_before_topk=yes
[Layer 2] cache partition: main=44 speculative=4 (fraction=0.0833333)
[GatingHeuristicPredictor Layer 2] prefetch_count=4 softmax_before_topk=yes
[Layer 3] cache partition: main=44 speculative=4 (fraction=0.0833333)
[GatingHeuristicPredictor Layer 3] prefetch_count=4 softmax_before_topk=yes
[Layer 4] cache partition: main=44 speculative=4 (fraction=0.0833333)
[GatingHeuristicPredictor Layer 4] prefetch_count=4 softmax_before_topk=yes
[Layer 5] cache partition: main=44 speculative=4 (fraction=0.0833333)
[GatingHeuristicPredictor Layer 5] prefetch_count=4 softmax_before_topk=yes
[Layer 6] cache partition: main=44 speculative=4 (fraction=0.0833333)
[GatingHeuristicPredictor Layer 6] prefetch_count=4 softmax_before_topk=yes
[Layer 7] cache partition: main=44 speculative=4 (fraction=0.0833333)
[GatingHeuristicPredictor Layer 7] prefetch_count=4 softmax_before_topk=yes
[Layer 8] cache partition: main=44 speculative=4 (fraction=0.0833333)
[GatingHeuristicPredictor Layer 8] prefetch_count=4 softmax_before_topk=yes
[Layer 9] cache partition: main=44 speculative=4 (fraction=0.0833333)
[GatingHeuristicPredictor Layer 9] prefetch_count=4 softmax_before_topk=yes
[Layer 10] cache partition: main=44 speculative=4 (fraction=0.0833333)
[GatingHeuristicPredictor Layer 10] prefetch_count=4 softmax_before_topk=yes
[Layer 11] cache partition: main=44 speculative=4 (fraction=0.0833333)
[GatingHeuristicPredictor Layer 11] prefetch_count=4 softmax_before_topk=yes
[Layer 12] cache partition: main=44 speculative=4 (fraction=0.0833333)
[GatingHeuristicPredictor Layer 12] prefetch_count=4 softmax_before_topk=yes
[Layer 13] cache partition: main=44 speculative=4 (fraction=0.0833333)
[GatingHeuristicPredictor Layer 13] prefetch_count=4 softmax_before_topk=yes
[Layer 14] cache partition: main=44 speculative=4 (fraction=0.0833333)
[GatingHeuristicPredictor Layer 14] prefetch_count=4 softmax_before_topk=yes
[Layer 15] cache partition: main=44 speculative=4 (fraction=0.0833333)
[GatingHeuristicPredictor Layer 15] prefetch_count=4 softmax_before_topk=yes
[Layer 16] cache partition: main=44 speculative=4 (fraction=0.0833333)
[GatingHeuristicPredictor Layer 16] prefetch_count=4 softmax_before_topk=yes
[Layer 17] cache partition: main=44 speculative=4 (fraction=0.0833333)
[GatingHeuristicPredictor Layer 17] prefetch_count=4 softmax_before_topk=yes
[Layer 18] cache partition: main=44 speculative=4 (fraction=0.0833333)
[GatingHeuristicPredictor Layer 18] prefetch_count=4 softmax_before_topk=yes
[Layer 19] cache partition: main=44 speculative=4 (fraction=0.0833333)
[GatingHeuristicPredictor Layer 19] prefetch_count=4 softmax_before_topk=yes
[Layer 20] cache partition: main=44 speculative=4 (fraction=0.0833333)
[GatingHeuristicPredictor Layer 20] prefetch_count=4 softmax_before_topk=yes
[Layer 21] cache partition: main=44 speculative=4 (fraction=0.0833333)
[GatingHeuristicPredictor Layer 21] prefetch_count=4 softmax_before_topk=yes
[Layer 22] cache partition: main=44 speculative=4 (fraction=0.0833333)
[GatingHeuristicPredictor Layer 22] prefetch_count=4 softmax_before_topk=yes
[Layer 23] cache partition: main=44 speculative=4 (fraction=0.0833333)
[GatingHeuristicPredictor Layer 23] prefetch_count=4 softmax_before_topk=yes
[Layer 24] cache partition: main=44 speculative=4 (fraction=0.0833333)
[GatingHeuristicPredictor Layer 24] prefetch_count=4 softmax_before_topk=yes
[Layer 25] cache partition: main=44 speculative=4 (fraction=0.0833333)
[GatingHeuristicPredictor Layer 25] prefetch_count=4 softmax_before_topk=yes
[Layer 26] cache partition: main=44 speculative=4 (fraction=0.0833333)
[GatingHeuristicPredictor Layer 26] prefetch_count=4 softmax_before_topk=yes
[Layer 27] cache partition: main=44 speculative=4 (fraction=0.0833333)
[GatingHeuristicPredictor Layer 27] prefetch_count=4 softmax_before_topk=yes
[Layer 28] cache partition: main=44 speculative=4 (fraction=0.0833333)
[GatingHeuristicPredictor Layer 28] prefetch_count=4 softmax_before_topk=yes
[Layer 29] cache partition: main=44 speculative=4 (fraction=0.0833333)
[GatingHeuristicPredictor Layer 29] prefetch_count=4 softmax_before_topk=yes
[Layer 30] cache partition: main=44 speculative=4 (fraction=0.0833333)
[GatingHeuristicPredictor Layer 30] prefetch_count=4 softmax_before_topk=yes
[Layer 31] cache partition: main=44 speculative=4 (fraction=0.0833333)
[GatingHeuristicPredictor Layer 31] prefetch_count=4 softmax_before_topk=yes
[Layer 32] cache partition: main=44 speculative=4 (fraction=0.0833333)
[GatingHeuristicPredictor Layer 32] prefetch_count=4 softmax_before_topk=yes
[Layer 33] cache partition: main=44 speculative=4 (fraction=0.0833333)
[GatingHeuristicPredictor Layer 33] prefetch_count=4 softmax_before_topk=yes
[Layer 34] cache partition: main=44 speculative=4 (fraction=0.0833333)
[GatingHeuristicPredictor Layer 34] prefetch_count=4 softmax_before_topk=yes
[Layer 35] cache partition: main=44 speculative=4 (fraction=0.0833333)
[GatingHeuristicPredictor Layer 35] prefetch_count=4 softmax_before_topk=yes
[Layer 36] cache partition: main=44 speculative=4 (fraction=0.0833333)
[GatingHeuristicPredictor Layer 36] prefetch_count=4 softmax_before_topk=yes
[Layer 37] cache partition: main=44 speculative=4 (fraction=0.0833333)
[GatingHeuristicPredictor Layer 37] prefetch_count=4 softmax_before_topk=yes
[Layer 38] cache partition: main=44 speculative=4 (fraction=0.0833333)
[GatingHeuristicPredictor Layer 38] prefetch_count=4 softmax_before_topk=yes
[Layer 39] cache partition: main=44 speculative=4 (fraction=0.0833333)
[GatingHeuristicPredictor Layer 39] prefetch_count=4 softmax_before_topk=yes
[Layer 40] cache partition: main=44 speculative=4 (fraction=0.0833333)
[GatingHeuristicPredictor Layer 40] prefetch_count=4 softmax_before_topk=yes
[Layer 41] cache partition: main=44 speculative=4 (fraction=0.0833333)
[GatingHeuristicPredictor Layer 41] prefetch_count=4 softmax_before_topk=yes
[Layer 42] cache partition: main=44 speculative=4 (fraction=0.0833333)
[GatingHeuristicPredictor Layer 42] prefetch_count=4 softmax_before_topk=yes
[Layer 43] cache partition: main=44 speculative=4 (fraction=0.0833333)
[GatingHeuristicPredictor Layer 43] prefetch_count=4 softmax_before_topk=yes
[Layer 44] cache partition: main=44 speculative=4 (fraction=0.0833333)
[GatingHeuristicPredictor Layer 44] prefetch_count=4 softmax_before_topk=yes
[Layer 45] cache partition: main=44 speculative=4 (fraction=0.0833333)
[GatingHeuristicPredictor Layer 45] prefetch_count=4 softmax_before_topk=yes
[Layer 46] cache partition: main=44 speculative=4 (fraction=0.0833333)
[GatingHeuristicPredictor Layer 46] prefetch_count=4 softmax_before_topk=yes
[Layer 47] cache partition: main=44 speculative=4 (fraction=0.0833333)
[GatingHeuristicPredictor Layer 47] prefetch_count=4 softmax_before_topk=yes
UnifiedLLMW4A16 moved to device: cuda:0
Preloading MoE kernels...
MoE kernels preloaded.
UnifiedLLMW4A16 initialized on device: cuda:0 with w4a16 quantization
Loading non-quantized weights from safetensors (mmap): /home/michael/heteroPredict/py/unified_llm_w4a16/model_weights/Qwen3-30B-A3B-AWQ.safetensors
Loaded 243 non-quantized parameters, skipped 0
Loading quantized weights from bins: /home/michael/heteroPredict/py/unified_llm_w4a16/model_weights/Qwen3-30B-A3B-AWQ_unpacked
  Expert weights dir override: /home/michael/heteroPredict/py/unified_llm_w4a16/model_weights/Qwen3-30B-A3B-AWQ_packed
Pre-warming 48 experts for all layers...
Layer 0: Pre-warming 44 experts.
Layer 0: using packed expert format.
[MoE I/O] Expert weight reads require O_DIRECT (no buffered fallback).
Layer 1: Pre-warming 44 experts.
Layer 1: using packed expert format.
Layer 2: Pre-warming 44 experts.
Layer 2: using packed expert format.
Layer 3: Pre-warming 44 experts.
Layer 3: using packed expert format.
Prewarmed experts for layer 4/48
Layer 4: Pre-warming 44 experts.
Layer 4: using packed expert format.
Layer 5: Pre-warming 44 experts.
Layer 5: using packed expert format.
Layer 6: Pre-warming 44 experts.
Layer 6: using packed expert format.
Layer 7: Pre-warming 44 experts.
Layer 7: using packed expert format.
Prewarmed experts for layer 8/48
Layer 8: Pre-warming 44 experts.
Layer 8: using packed expert format.
Layer 9: Pre-warming 44 experts.
Layer 9: using packed expert format.
Layer 10: Pre-warming 44 experts.
Layer 10: using packed expert format.
Layer 11: Pre-warming 44 experts.
Layer 11: using packed expert format.
Prewarmed experts for layer 12/48
Layer 12: Pre-warming 44 experts.
Layer 12: using packed expert format.
Layer 13: Pre-warming 44 experts.
Layer 13: using packed expert format.
Layer 14: Pre-warming 44 experts.
Layer 14: using packed expert format.
Layer 15: Pre-warming 44 experts.
Layer 15: using packed expert format.
Prewarmed experts for layer 16/48
Layer 16: Pre-warming 44 experts.
Layer 16: using packed expert format.
Layer 17: Pre-warming 44 experts.
Layer 17: using packed expert format.
Layer 18: Pre-warming 44 experts.
Layer 18: using packed expert format.
Layer 19: Pre-warming 44 experts.
Layer 19: using packed expert format.
Prewarmed experts for layer 20/48
Layer 20: Pre-warming 44 experts.
Layer 20: using packed expert format.
Layer 21: Pre-warming 44 experts.
Layer 21: using packed expert format.
Layer 22: Pre-warming 44 experts.
Layer 22: using packed expert format.
Layer 23: Pre-warming 44 experts.
Layer 23: using packed expert format.
Prewarmed experts for layer 24/48
Layer 24: Pre-warming 44 experts.
Layer 24: using packed expert format.
Layer 25: Pre-warming 44 experts.
Layer 25: using packed expert format.
Layer 26: Pre-warming 44 experts.
Layer 26: using packed expert format.
Layer 27: Pre-warming 44 experts.
Layer 27: using packed expert format.
Prewarmed experts for layer 28/48
Layer 28: Pre-warming 44 experts.
Layer 28: using packed expert format.
Layer 29: Pre-warming 44 experts.
Layer 29: using packed expert format.
Layer 30: Pre-warming 44 experts.
Layer 30: using packed expert format.
Layer 31: Pre-warming 44 experts.
Layer 31: using packed expert format.
Prewarmed experts for layer 32/48
Layer 32: Pre-warming 44 experts.
Layer 32: using packed expert format.
Layer 33: Pre-warming 44 experts.
Layer 33: using packed expert format.
Layer 34: Pre-warming 44 experts.
Layer 34: using packed expert format.
Layer 35: Pre-warming 44 experts.
Layer 35: using packed expert format.
Prewarmed experts for layer 36/48
Layer 36: Pre-warming 44 experts.
Layer 36: using packed expert format.
Layer 37: Pre-warming 44 experts.
Layer 37: using packed expert format.
Layer 38: Pre-warming 44 experts.
Layer 38: using packed expert format.
Layer 39: Pre-warming 44 experts.
Layer 39: using packed expert format.
Prewarmed experts for layer 40/48
Layer 40: Pre-warming 44 experts.
Layer 40: using packed expert format.
Layer 41: Pre-warming 44 experts.
Layer 41: using packed expert format.
Layer 42: Pre-warming 44 experts.
Layer 42: using packed expert format.
Layer 43: Pre-warming 44 experts.
Layer 43: using packed expert format.
Prewarmed experts for layer 44/48
Layer 44: Pre-warming 44 experts.
Layer 44: using packed expert format.
Layer 45: Pre-warming 44 experts.
Layer 45: using packed expert format.
Layer 46: Pre-warming 44 experts.
Layer 46: using packed expert format.
Layer 47: Pre-warming 44 experts.
Layer 47: using packed expert format.
Prewarmed experts for layer 48/48
Libtorch input_ids shape: [1, 512]
Skipping warmup.
Prefill time: 17.0755 seconds
Generation phase
[Layer 0 Step 0 Debug] Slots before check: 92 93 94 95 96 97 98 99 100 101 102 103 104 105 106 107 108 109 110 111 112 114 115 116 117 118 119 120 121 122 123 124 125 126 127 83 84 85 86 87 88 89 90 91 -1 -1 -1 -1 
[Layer 0 Step 0 Debug] Requested: 28 92 33 89 4 124 22 87 
[gen 5/149] elapsed=1.7s  TPS=2.958
[gen 10/149] elapsed=3.0s  TPS=3.308
[gen 15/149] elapsed=4.3s  TPS=3.456
[gen 20/149] elapsed=5.5s  TPS=3.626
[gen 25/149] elapsed=6.3s  TPS=3.965
[gen 30/149] elapsed=7.5s  TPS=3.988
[gen 35/149] elapsed=8.6s  TPS=4.051
[gen 40/149] elapsed=9.6s  TPS=4.151
[gen 45/149] elapsed=10.5s  TPS=4.283
[gen 50/149] elapsed=11.3s  TPS=4.427
[gen 55/149] elapsed=12.2s  TPS=4.514
[gen 60/149] elapsed=13.1s  TPS=4.596
[gen 65/149] elapsed=13.8s  TPS=4.713
[gen 70/149] elapsed=14.8s  TPS=4.739
[gen 75/149] elapsed=15.7s  TPS=4.765
[gen 80/149] elapsed=16.6s  TPS=4.808
[gen 85/149] elapsed=17.4s  TPS=4.872
[gen 90/149] elapsed=18.2s  TPS=4.940
[gen 95/149] elapsed=19.1s  TPS=4.964
[gen 100/149] elapsed=20.0s  TPS=5.009
[gen 105/149] elapsed=20.9s  TPS=5.012
[gen 110/149] elapsed=22.0s  TPS=5.002
[gen 115/149] elapsed=23.0s  TPS=4.995
[gen 120/149] elapsed=23.9s  TPS=5.025
[gen 125/149] elapsed=24.8s  TPS=5.033
[gen 130/149] elapsed=25.9s  TPS=5.019
[gen 135/149] elapsed=26.8s  TPS=5.029
[gen 140/149] elapsed=27.6s  TPS=5.072
[gen 145/149] elapsed=28.5s  TPS=5.096
Prefill time (summary): 17.076 seconds
Total Generation Time: 29.095 seconds
Average Time per Token: 0.19527 seconds

Expert Cache Statistics:
Layer 0 Cache Stats: Hits=700, Misses=492, HitRate=58.72%
    Predictor Routed-Expert HitRate=N/A
    Loads Per Step: 0Loads=13, 1Load=22, >1Load=114
    Bandwidth: StallLoads=492, PrefetchLoads=0, AvgLoadTime=2.52ms
    MissCause: NotPresent=492, NotReadyStall=0
    GlobalSpecLoad: PeakConcurrent=2
    Predictor TopK matches: 0=0 1=0 >=2=0
Layer 1 Cache Stats: Hits=950, Misses=242, HitRate=79.70%
    Predictor Routed-Expert HitRate=N/A
    Loads Per Step: 0Loads=24, 1Load=51, >1Load=74
    Bandwidth: StallLoads=242, PrefetchLoads=157, AvgLoadTime=3.51ms
    PrefetchOverlap: HiddenReady=139, HiddenWait=0, TicksSkipped=0
    MissCause: NotPresent=242, NotReadyStall=0
    PrefetchEff: Dropped=0, AlreadyCached=439, UsedBeforeEvict=139, EvictedBeforeUse=18
    GatingPredict Recall=39.77% (474/1192)
    GatingPredict Precision=79.53% (474/596)
    GatingPrefetch Delivery=39.85% (475/1192)
    GatingPrefetch Triggers=149
    Predictor TopK matches: 0=0 1=0 >=2=0
Layer 2 Cache Stats: Hits=1057, Misses=135, HitRate=88.67%
    Predictor Routed-Expert HitRate=N/A
    Loads Per Step: 0Loads=54, 1Load=59, >1Load=36
    Bandwidth: StallLoads=135, PrefetchLoads=143, AvgLoadTime=3.53ms
    PrefetchOverlap: HiddenReady=130, HiddenWait=0, TicksSkipped=0
    MissCause: NotPresent=135, NotReadyStall=0
    PrefetchEff: Dropped=0, AlreadyCached=453, UsedBeforeEvict=130, EvictedBeforeUse=12
    GatingPredict Recall=45.55% (543/1192)
    GatingPredict Precision=91.11% (543/596)
    GatingPrefetch Delivery=45.55% (543/1192)
    GatingPrefetch Triggers=149
    Predictor TopK matches: 0=0 1=0 >=2=0
Layer 3 Cache Stats: Hits=961, Misses=231, HitRate=80.62%
    Predictor Routed-Expert HitRate=N/A
    Loads Per Step: 0Loads=23, 1Load=55, >1Load=71
    Bandwidth: StallLoads=231, PrefetchLoads=123, AvgLoadTime=3.23ms
    PrefetchOverlap: HiddenReady=110, HiddenWait=0, TicksSkipped=0
    MissCause: NotPresent=231, NotReadyStall=0
    PrefetchEff: Dropped=0, AlreadyCached=473, UsedBeforeEvict=110, EvictedBeforeUse=13
    GatingPredict Recall=42.70% (509/1192)
    GatingPredict Precision=85.40% (509/596)
    GatingPrefetch Delivery=42.87% (511/1192)
    GatingPrefetch Triggers=149
    Predictor TopK matches: 0=0 1=0 >=2=0
Layer 4 Cache Stats: Hits=1056, Misses=136, HitRate=88.59%
    Predictor Routed-Expert HitRate=N/A
    Loads Per Step: 0Loads=52, 1Load=64, >1Load=33
    Bandwidth: StallLoads=136, PrefetchLoads=103, AvgLoadTime=3.68ms
    PrefetchOverlap: HiddenReady=92, HiddenWait=0, TicksSkipped=0
    MissCause: NotPresent=136, NotReadyStall=0
    PrefetchEff: Dropped=0, AlreadyCached=493, UsedBeforeEvict=92, EvictedBeforeUse=10
    GatingPredict Recall=45.47% (542/1192)
    GatingPredict Precision=90.94% (542/596)
    GatingPrefetch Delivery=45.47% (542/1192)
    GatingPrefetch Triggers=149
    Predictor TopK matches: 0=0 1=0 >=2=0
Layer 5 Cache Stats: Hits=1102, Misses=90, HitRate=92.45%
    Predictor Routed-Expert HitRate=N/A
    Loads Per Step: 0Loads=84, 1Load=44, >1Load=21
    Bandwidth: StallLoads=90, PrefetchLoads=69, AvgLoadTime=3.66ms
    PrefetchOverlap: HiddenReady=66, HiddenWait=0, TicksSkipped=0
    MissCause: NotPresent=90, NotReadyStall=0
    PrefetchEff: Dropped=0, AlreadyCached=527, UsedBeforeEvict=66, EvictedBeforeUse=2
    GatingPredict Recall=46.81% (558/1192)
    GatingPredict Precision=93.62% (558/596)
    GatingPrefetch Delivery=47.06% (561/1192)
    GatingPrefetch Triggers=149
    Predictor TopK matches: 0=0 1=0 >=2=0
Layer 6 Cache Stats: Hits=1154, Misses=38, HitRate=96.81%
    Predictor Routed-Expert HitRate=N/A
    Loads Per Step: 0Loads=119, 1Load=24, >1Load=6
    Bandwidth: StallLoads=38, PrefetchLoads=40, AvgLoadTime=3.94ms
    PrefetchOverlap: HiddenReady=33, HiddenWait=0, TicksSkipped=0
    MissCause: NotPresent=38, NotReadyStall=0
    PrefetchEff: Dropped=0, AlreadyCached=556, UsedBeforeEvict=33, EvictedBeforeUse=7
    GatingPredict Recall=48.49% (578/1192)
    GatingPredict Precision=96.98% (578/596)
    GatingPrefetch Delivery=48.49% (578/1192)
    GatingPrefetch Triggers=149
    Predictor TopK matches: 0=0 1=0 >=2=0
Layer 7 Cache Stats: Hits=1153, Misses=39, HitRate=96.73%
    Predictor Routed-Expert HitRate=N/A
    Loads Per Step: 0Loads=119, 1Load=24, >1Load=6
    Bandwidth: StallLoads=39, PrefetchLoads=23, AvgLoadTime=3.72ms
    PrefetchOverlap: HiddenReady=22, HiddenWait=0, TicksSkipped=0
    MissCause: NotPresent=39, NotReadyStall=0
    PrefetchEff: Dropped=0, AlreadyCached=573, UsedBeforeEvict=22, EvictedBeforeUse=1
    GatingPredict Recall=47.73% (569/1192)
    GatingPredict Precision=95.47% (569/596)
    GatingPrefetch Delivery=47.90% (571/1192)
    GatingPrefetch Triggers=149
    Predictor TopK matches: 0=0 1=0 >=2=0
Layer 8 Cache Stats: Hits=1085, Misses=107, HitRate=91.02%
    Predictor Routed-Expert HitRate=N/A
    Loads Per Step: 0Loads=69, 1Load=56, >1Load=24
    Bandwidth: StallLoads=107, PrefetchLoads=72, AvgLoadTime=3.37ms
    PrefetchOverlap: HiddenReady=69, HiddenWait=0, TicksSkipped=0
    MissCause: NotPresent=107, NotReadyStall=0
    PrefetchEff: Dropped=0, AlreadyCached=524, UsedBeforeEvict=69, EvictedBeforeUse=3
    GatingPredict Recall=48.15% (574/1192)
    GatingPredict Precision=96.31% (574/596)
    GatingPrefetch Delivery=48.15% (574/1192)
    GatingPrefetch Triggers=149
    Predictor TopK matches: 0=0 1=0 >=2=0
Layer 9 Cache Stats: Hits=1133, Misses=59, HitRate=95.05%
    Predictor Routed-Expert HitRate=N/A
    Loads Per Step: 0Loads=100, 1Load=41, >1Load=8
    Bandwidth: StallLoads=59, PrefetchLoads=38, AvgLoadTime=3.96ms
    PrefetchOverlap: HiddenReady=37, HiddenWait=0, TicksSkipped=0
    MissCause: NotPresent=59, NotReadyStall=0
    PrefetchEff: Dropped=0, AlreadyCached=558, UsedBeforeEvict=37, EvictedBeforeUse=1
    GatingPredict Recall=49.33% (588/1192)
    GatingPredict Precision=98.66% (588/596)
    GatingPrefetch Delivery=49.33% (588/1192)
    GatingPrefetch Triggers=149
    Predictor TopK matches: 0=0 1=0 >=2=0
Layer 10 Cache Stats: Hits=1066, Misses=126, HitRate=89.43%
    Predictor Routed-Expert HitRate=N/A
    Loads Per Step: 0Loads=57, 1Load=63, >1Load=29
    Bandwidth: StallLoads=126, PrefetchLoads=68, AvgLoadTime=3.67ms
    PrefetchOverlap: HiddenReady=66, HiddenWait=0, TicksSkipped=0
    MissCause: NotPresent=126, NotReadyStall=0
    PrefetchEff: Dropped=0, AlreadyCached=528, UsedBeforeEvict=66, EvictedBeforeUse=2
    GatingPredict Recall=49.33% (588/1192)
    GatingPredict Precision=98.66% (588/596)
    GatingPrefetch Delivery=49.50% (590/1192)
    GatingPrefetch Triggers=149
    Predictor TopK matches: 0=0 1=0 >=2=0
Layer 11 Cache Stats: Hits=1047, Misses=145, HitRate=87.84%
    Predictor Routed-Expert HitRate=N/A
    Loads Per Step: 0Loads=51, 1Load=62, >1Load=36
    Bandwidth: StallLoads=145, PrefetchLoads=66, AvgLoadTime=3.37ms
    PrefetchOverlap: HiddenReady=66, HiddenWait=0, TicksSkipped=0
    MissCause: NotPresent=145, NotReadyStall=0
    PrefetchEff: Dropped=0, AlreadyCached=530, UsedBeforeEvict=66, EvictedBeforeUse=0
    GatingPredict Recall=49.41% (589/1192)
    GatingPredict Precision=98.83% (589/596)
    GatingPrefetch Delivery=49.41% (589/1192)
    GatingPrefetch Triggers=149
    Predictor TopK matches: 0=0 1=0 >=2=0
Layer 12 Cache Stats: Hits=1116, Misses=76, HitRate=93.62%
    Predictor Routed-Expert HitRate=N/A
    Loads Per Step: 0Loads=90, 1Load=46, >1Load=13
    Bandwidth: StallLoads=76, PrefetchLoads=49, AvgLoadTime=4.00ms
    PrefetchOverlap: HiddenReady=46, HiddenWait=0, TicksSkipped=0
    MissCause: NotPresent=76, NotReadyStall=0
    PrefetchEff: Dropped=0, AlreadyCached=547, UsedBeforeEvict=46, EvictedBeforeUse=3
    GatingPredict Recall=49.16% (586/1192)
    GatingPredict Precision=98.32% (586/596)
    GatingPrefetch Delivery=49.16% (586/1192)
    GatingPrefetch Triggers=149
    Predictor TopK matches: 0=0 1=0 >=2=0
Layer 13 Cache Stats: Hits=1048, Misses=144, HitRate=87.92%
    Predictor Routed-Expert HitRate=N/A
    Loads Per Step: 0Loads=48, 1Load=65, >1Load=36
    Bandwidth: StallLoads=144, PrefetchLoads=93, AvgLoadTime=3.47ms
    PrefetchOverlap: HiddenReady=93, HiddenWait=0, TicksSkipped=0
    MissCause: NotPresent=144, NotReadyStall=0
    PrefetchEff: Dropped=0, AlreadyCached=503, UsedBeforeEvict=93, EvictedBeforeUse=0
    GatingPredict Recall=49.24% (587/1192)
    GatingPredict Precision=98.49% (587/596)
    GatingPrefetch Delivery=49.33% (588/1192)
    GatingPrefetch Triggers=149
    Predictor TopK matches: 0=0 1=0 >=2=0
Layer 14 Cache Stats: Hits=1111, Misses=81, HitRate=93.20%
    Predictor Routed-Expert HitRate=N/A
    Loads Per Step: 0Loads=87, 1Load=48, >1Load=14
    Bandwidth: StallLoads=81, PrefetchLoads=73, AvgLoadTime=3.66ms
    PrefetchOverlap: HiddenReady=72, HiddenWait=0, TicksSkipped=0
    MissCause: NotPresent=81, NotReadyStall=0
    PrefetchEff: Dropped=0, AlreadyCached=523, UsedBeforeEvict=72, EvictedBeforeUse=1
    GatingPredict Recall=49.33% (588/1192)
    GatingPredict Precision=98.66% (588/596)
    GatingPrefetch Delivery=49.33% (588/1192)
    GatingPrefetch Triggers=149
    Predictor TopK matches: 0=0 1=0 >=2=0
Layer 15 Cache Stats: Hits=1115, Misses=77, HitRate=93.54%
    Predictor Routed-Expert HitRate=N/A
    Loads Per Step: 0Loads=84, 1Load=54, >1Load=11
    Bandwidth: StallLoads=77, PrefetchLoads=27, AvgLoadTime=3.72ms
    PrefetchOverlap: HiddenReady=27, HiddenWait=0, TicksSkipped=0
    MissCause: NotPresent=77, NotReadyStall=0
    PrefetchEff: Dropped=0, AlreadyCached=569, UsedBeforeEvict=27, EvictedBeforeUse=0
    GatingPredict Recall=49.41% (589/1192)
    GatingPredict Precision=98.83% (589/596)
    GatingPrefetch Delivery=49.41% (589/1192)
    GatingPrefetch Triggers=149
    Predictor TopK matches: 0=0 1=0 >=2=0
Layer 16 Cache Stats: Hits=1102, Misses=90, HitRate=92.45%
    Predictor Routed-Expert HitRate=N/A
    Loads Per Step: 0Loads=81, 1Load=50, >1Load=18
    Bandwidth: StallLoads=90, PrefetchLoads=34, AvgLoadTime=3.69ms
    PrefetchOverlap: HiddenReady=34, HiddenWait=0, TicksSkipped=0
    MissCause: NotPresent=90, NotReadyStall=0
    PrefetchEff: Dropped=0, AlreadyCached=562, UsedBeforeEvict=34, EvictedBeforeUse=0
    GatingPredict Recall=49.75% (593/1192)
    GatingPredict Precision=99.50% (593/596)
    GatingPrefetch Delivery=49.75% (593/1192)
    GatingPrefetch Triggers=149
    Predictor TopK matches: 0=0 1=0 >=2=0
Layer 17 Cache Stats: Hits=1092, Misses=100, HitRate=91.61%
    Predictor Routed-Expert HitRate=N/A
    Loads Per Step: 0Loads=77, 1Load=46, >1Load=26
    Bandwidth: StallLoads=100, PrefetchLoads=55, AvgLoadTime=3.43ms
    PrefetchOverlap: HiddenReady=55, HiddenWait=0, TicksSkipped=0
    MissCause: NotPresent=100, NotReadyStall=0
    PrefetchEff: Dropped=0, AlreadyCached=541, UsedBeforeEvict=55, EvictedBeforeUse=0
    GatingPredict Recall=49.75% (593/1192)
    GatingPredict Precision=99.50% (593/596)
    GatingPrefetch Delivery=49.75% (593/1192)
    GatingPrefetch Triggers=149
    Predictor TopK matches: 0=0 1=0 >=2=0
Layer 18 Cache Stats: Hits=1154, Misses=38, HitRate=96.81%
    Predictor Routed-Expert HitRate=N/A
    Loads Per Step: 0Loads=122, 1Load=20, >1Load=7
    Bandwidth: StallLoads=38, PrefetchLoads=27, AvgLoadTime=3.53ms
    PrefetchOverlap: HiddenReady=25, HiddenWait=0, TicksSkipped=0
    MissCause: NotPresent=38, NotReadyStall=0
    PrefetchEff: Dropped=0, AlreadyCached=569, UsedBeforeEvict=25, EvictedBeforeUse=2
    GatingPredict Recall=48.99% (584/1192)
    GatingPredict Precision=97.99% (584/596)
    GatingPrefetch Delivery=48.99% (584/1192)
    GatingPrefetch Triggers=149
    Predictor TopK matches: 0=0 1=0 >=2=0
Layer 19 Cache Stats: Hits=1167, Misses=25, HitRate=97.90%
    Predictor Routed-Expert HitRate=N/A
    Loads Per Step: 0Loads=128, 1Load=17, >1Load=4
    Bandwidth: StallLoads=25, PrefetchLoads=18, AvgLoadTime=3.93ms
    PrefetchOverlap: HiddenReady=18, HiddenWait=0, TicksSkipped=0
    MissCause: NotPresent=25, NotReadyStall=0
    PrefetchEff: Dropped=0, AlreadyCached=578, UsedBeforeEvict=18, EvictedBeforeUse=0
    GatingPredict Recall=49.58% (591/1192)
    GatingPredict Precision=99.16% (591/596)
    GatingPrefetch Delivery=49.58% (591/1192)
    GatingPrefetch Triggers=149
    Predictor TopK matches: 0=0 1=0 >=2=0
Layer 20 Cache Stats: Hits=1119, Misses=73, HitRate=93.88%
    Predictor Routed-Expert HitRate=N/A
    Loads Per Step: 0Loads=91, 1Load=45, >1Load=13
    Bandwidth: StallLoads=73, PrefetchLoads=38, AvgLoadTime=3.42ms
    PrefetchOverlap: HiddenReady=36, HiddenWait=0, TicksSkipped=0
    MissCause: NotPresent=73, NotReadyStall=0
    PrefetchEff: Dropped=0, AlreadyCached=558, UsedBeforeEvict=36, EvictedBeforeUse=2
    GatingPredict Recall=48.83% (582/1192)
    GatingPredict Precision=97.65% (582/596)
    GatingPrefetch Delivery=48.91% (583/1192)
    GatingPrefetch Triggers=149
    Predictor TopK matches: 0=0 1=0 >=2=0
Layer 21 Cache Stats: Hits=1142, Misses=50, HitRate=95.81%
    Predictor Routed-Expert HitRate=N/A
    Loads Per Step: 0Loads=109, 1Load=31, >1Load=9
    Bandwidth: StallLoads=50, PrefetchLoads=15, AvgLoadTime=3.78ms
    PrefetchOverlap: HiddenReady=15, HiddenWait=0, TicksSkipped=0
    MissCause: NotPresent=50, NotReadyStall=0
    PrefetchEff: Dropped=0, AlreadyCached=581, UsedBeforeEvict=15, EvictedBeforeUse=0
    GatingPredict Recall=49.75% (593/1192)
    GatingPredict Precision=99.50% (593/596)
    GatingPrefetch Delivery=49.75% (593/1192)
    GatingPrefetch Triggers=149
    Predictor TopK matches: 0=0 1=0 >=2=0
Layer 22 Cache Stats: Hits=1099, Misses=93, HitRate=92.20%
    Predictor Routed-Expert HitRate=N/A
    Loads Per Step: 0Loads=77, 1Load=54, >1Load=18
    Bandwidth: StallLoads=93, PrefetchLoads=47, AvgLoadTime=3.62ms
    PrefetchOverlap: HiddenReady=47, HiddenWait=0, TicksSkipped=0
    MissCause: NotPresent=93, NotReadyStall=0
    PrefetchEff: Dropped=0, AlreadyCached=549, UsedBeforeEvict=47, EvictedBeforeUse=0
    GatingPredict Recall=49.24% (587/1192)
    GatingPredict Precision=98.49% (587/596)
    GatingPrefetch Delivery=49.24% (587/1192)
    GatingPrefetch Triggers=149
    Predictor TopK matches: 0=0 1=0 >=2=0
Layer 23 Cache Stats: Hits=1048, Misses=144, HitRate=87.92%
    Predictor Routed-Expert HitRate=N/A
    Loads Per Step: 0Loads=48, 1Load=68, >1Load=33
    Bandwidth: StallLoads=144, PrefetchLoads=93, AvgLoadTime=3.50ms
    PrefetchOverlap: HiddenReady=91, HiddenWait=0, TicksSkipped=0
    MissCause: NotPresent=144, NotReadyStall=0
    PrefetchEff: Dropped=0, AlreadyCached=503, UsedBeforeEvict=91, EvictedBeforeUse=2
    GatingPredict Recall=48.24% (575/1192)
    GatingPredict Precision=96.48% (575/596)
    GatingPrefetch Delivery=48.32% (576/1192)
    GatingPrefetch Triggers=149
    Predictor TopK matches: 0=0 1=0 >=2=0
Layer 24 Cache Stats: Hits=1105, Misses=87, HitRate=92.70%
    Predictor Routed-Expert HitRate=N/A
    Loads Per Step: 0Loads=83, 1Load=47, >1Load=19
    Bandwidth: StallLoads=87, PrefetchLoads=37, AvgLoadTime=4.10ms
    PrefetchOverlap: HiddenReady=36, HiddenWait=0, TicksSkipped=0
    MissCause: NotPresent=87, NotReadyStall=0
    PrefetchEff: Dropped=0, AlreadyCached=559, UsedBeforeEvict=36, EvictedBeforeUse=1
    GatingPredict Recall=48.99% (584/1192)
    GatingPredict Precision=97.99% (584/596)
    GatingPrefetch Delivery=48.99% (584/1192)
    GatingPrefetch Triggers=149
    Predictor TopK matches: 0=0 1=0 >=2=0
Layer 25 Cache Stats: Hits=1035, Misses=157, HitRate=86.83%
    Predictor Routed-Expert HitRate=N/A
    Loads Per Step: 0Loads=45, 1Load=61, >1Load=43
    Bandwidth: StallLoads=157, PrefetchLoads=96, AvgLoadTime=3.51ms
    PrefetchOverlap: HiddenReady=94, HiddenWait=0, TicksSkipped=0
    MissCause: NotPresent=157, NotReadyStall=0
    PrefetchEff: Dropped=0, AlreadyCached=500, UsedBeforeEvict=94, EvictedBeforeUse=2
    GatingPredict Recall=49.08% (585/1192)
    GatingPredict Precision=98.15% (585/596)
    GatingPrefetch Delivery=49.16% (586/1192)
    GatingPrefetch Triggers=149
    Predictor TopK matches: 0=0 1=0 >=2=0
Layer 26 Cache Stats: Hits=1124, Misses=68, HitRate=94.30%
    Predictor Routed-Expert HitRate=N/A
    Loads Per Step: 0Loads=88, 1Load=55, >1Load=6
    Bandwidth: StallLoads=68, PrefetchLoads=65, AvgLoadTime=3.92ms
    PrefetchOverlap: HiddenReady=64, HiddenWait=0, TicksSkipped=0
    MissCause: NotPresent=68, NotReadyStall=0
    PrefetchEff: Dropped=0, AlreadyCached=531, UsedBeforeEvict=64, EvictedBeforeUse=1
    GatingPredict Recall=48.57% (579/1192)
    GatingPredict Precision=97.15% (579/596)
    GatingPrefetch Delivery=48.57% (579/1192)
    GatingPrefetch Triggers=149
    Predictor TopK matches: 0=0 1=0 >=2=0
Layer 27 Cache Stats: Hits=1115, Misses=77, HitRate=93.54%
    Predictor Routed-Expert HitRate=N/A
    Loads Per Step: 0Loads=85, 1Load=52, >1Load=12
    Bandwidth: StallLoads=77, PrefetchLoads=30, AvgLoadTime=3.83ms
    PrefetchOverlap: HiddenReady=30, HiddenWait=0, TicksSkipped=0
    MissCause: NotPresent=77, NotReadyStall=0
    PrefetchEff: Dropped=0, AlreadyCached=566, UsedBeforeEvict=30, EvictedBeforeUse=0
    GatingPredict Recall=49.75% (593/1192)
    GatingPredict Precision=99.50% (593/596)
    GatingPrefetch Delivery=49.75% (593/1192)
    GatingPrefetch Triggers=149
    Predictor TopK matches: 0=0 1=0 >=2=0
Layer 28 Cache Stats: Hits=1112, Misses=80, HitRate=93.29%
    Predictor Routed-Expert HitRate=N/A
    Loads Per Step: 0Loads=83, 1Load=55, >1Load=11
    Bandwidth: StallLoads=80, PrefetchLoads=55, AvgLoadTime=3.93ms
    PrefetchOverlap: HiddenReady=55, HiddenWait=0, TicksSkipped=0
    MissCause: NotPresent=80, NotReadyStall=0
    PrefetchEff: Dropped=0, AlreadyCached=541, UsedBeforeEvict=55, EvictedBeforeUse=0
    GatingPredict Recall=49.83% (594/1192)
    GatingPredict Precision=99.66% (594/596)
    GatingPrefetch Delivery=49.83% (594/1192)
    GatingPrefetch Triggers=149
    Predictor TopK matches: 0=0 1=0 >=2=0
Layer 29 Cache Stats: Hits=1089, Misses=103, HitRate=91.36%
    Predictor Routed-Expert HitRate=N/A
    Loads Per Step: 0Loads=70, 1Load=60, >1Load=19
    Bandwidth: StallLoads=103, PrefetchLoads=87, AvgLoadTime=3.43ms
    PrefetchOverlap: HiddenReady=86, HiddenWait=0, TicksSkipped=0
    MissCause: NotPresent=103, NotReadyStall=0
    PrefetchEff: Dropped=0, AlreadyCached=509, UsedBeforeEvict=86, EvictedBeforeUse=1
    GatingPredict Recall=49.75% (593/1192)
    GatingPredict Precision=99.50% (593/596)
    GatingPrefetch Delivery=49.75% (593/1192)
    GatingPrefetch Triggers=149
    Predictor TopK matches: 0=0 1=0 >=2=0
Layer 30 Cache Stats: Hits=1141, Misses=51, HitRate=95.72%
    Predictor Routed-Expert HitRate=N/A
    Loads Per Step: 0Loads=106, 1Load=35, >1Load=8
    Bandwidth: StallLoads=51, PrefetchLoads=16, AvgLoadTime=3.55ms
    PrefetchOverlap: HiddenReady=16, HiddenWait=0, TicksSkipped=0
    MissCause: NotPresent=51, NotReadyStall=0
    PrefetchEff: Dropped=0, AlreadyCached=580, UsedBeforeEvict=16, EvictedBeforeUse=0
    GatingPredict Recall=49.75% (593/1192)
    GatingPredict Precision=99.50% (593/596)
    GatingPrefetch Delivery=49.75% (593/1192)
    GatingPrefetch Triggers=149
    Predictor TopK matches: 0=0 1=0 >=2=0
Layer 31 Cache Stats: Hits=1153, Misses=39, HitRate=96.73%
    Predictor Routed-Expert HitRate=N/A
    Loads Per Step: 0Loads=115, 1Load=29, >1Load=5
    Bandwidth: StallLoads=39, PrefetchLoads=10, AvgLoadTime=3.84ms
    PrefetchOverlap: HiddenReady=10, HiddenWait=0, TicksSkipped=0
    MissCause: NotPresent=39, NotReadyStall=0
    PrefetchEff: Dropped=0, AlreadyCached=586, UsedBeforeEvict=10, EvictedBeforeUse=0
    GatingPredict Recall=49.75% (593/1192)
    GatingPredict Precision=99.50% (593/596)
    GatingPrefetch Delivery=49.75% (593/1192)
    GatingPrefetch Triggers=149
    Predictor TopK matches: 0=0 1=0 >=2=0
Layer 32 Cache Stats: Hits=1099, Misses=93, HitRate=92.20%
    Predictor Routed-Expert HitRate=N/A
    Loads Per Step: 0Loads=79, 1Load=49, >1Load=21
    Bandwidth: StallLoads=93, PrefetchLoads=57, AvgLoadTime=3.37ms
    PrefetchOverlap: HiddenReady=56, HiddenWait=0, TicksSkipped=0
    MissCause: NotPresent=93, NotReadyStall=0
    PrefetchEff: Dropped=0, AlreadyCached=539, UsedBeforeEvict=56, EvictedBeforeUse=1
    GatingPredict Recall=49.58% (591/1192)
    GatingPredict Precision=99.16% (591/596)
    GatingPrefetch Delivery=49.58% (591/1192)
    GatingPrefetch Triggers=149
    Predictor TopK matches: 0=0 1=0 >=2=0
Layer 33 Cache Stats: Hits=1121, Misses=71, HitRate=94.04%
    Predictor Routed-Expert HitRate=N/A
    Loads Per Step: 0Loads=88, 1Load=52, >1Load=9
    Bandwidth: StallLoads=71, PrefetchLoads=32, AvgLoadTime=3.96ms
    PrefetchOverlap: HiddenReady=31, HiddenWait=0, TicksSkipped=0
    MissCause: NotPresent=71, NotReadyStall=0
    PrefetchEff: Dropped=0, AlreadyCached=564, UsedBeforeEvict=31, EvictedBeforeUse=1
    GatingPredict Recall=49.83% (594/1192)
    GatingPredict Precision=99.66% (594/596)
    GatingPrefetch Delivery=49.83% (594/1192)
    GatingPrefetch Triggers=149
    Predictor TopK matches: 0=0 1=0 >=2=0
Layer 34 Cache Stats: Hits=1084, Misses=108, HitRate=90.94%
    Predictor Routed-Expert HitRate=N/A
    Loads Per Step: 0Loads=75, 1Load=45, >1Load=29
    Bandwidth: StallLoads=108, PrefetchLoads=64, AvgLoadTime=3.61ms
    PrefetchOverlap: HiddenReady=63, HiddenWait=0, TicksSkipped=0
    MissCause: NotPresent=108, NotReadyStall=0
    PrefetchEff: Dropped=0, AlreadyCached=532, UsedBeforeEvict=63, EvictedBeforeUse=1
    GatingPredict Recall=49.83% (594/1192)
    GatingPredict Precision=99.66% (594/596)
    GatingPrefetch Delivery=49.83% (594/1192)
    GatingPrefetch Triggers=149
    Predictor TopK matches: 0=0 1=0 >=2=0
Layer 35 Cache Stats: Hits=1038, Misses=154, HitRate=87.08%
    Predictor Routed-Expert HitRate=N/A
    Loads Per Step: 0Loads=49, 1Load=60, >1Load=40
    Bandwidth: StallLoads=154, PrefetchLoads=100, AvgLoadTime=3.25ms
    PrefetchOverlap: HiddenReady=98, HiddenWait=0, TicksSkipped=0
    MissCause: NotPresent=154, NotReadyStall=0
    PrefetchEff: Dropped=0, AlreadyCached=496, UsedBeforeEvict=98, EvictedBeforeUse=2
    GatingPredict Recall=49.41% (589/1192)
    GatingPredict Precision=98.83% (589/596)
    GatingPrefetch Delivery=49.41% (589/1192)
    GatingPrefetch Triggers=149
    Predictor TopK matches: 0=0 1=0 >=2=0
Layer 36 Cache Stats: Hits=1086, Misses=106, HitRate=91.11%
    Predictor Routed-Expert HitRate=N/A
    Loads Per Step: 0Loads=68, 1Load=58, >1Load=23
    Bandwidth: StallLoads=106, PrefetchLoads=53, AvgLoadTime=4.01ms
    PrefetchOverlap: HiddenReady=52, HiddenWait=0, TicksSkipped=0
    MissCause: NotPresent=106, NotReadyStall=0
    PrefetchEff: Dropped=0, AlreadyCached=543, UsedBeforeEvict=52, EvictedBeforeUse=1
    GatingPredict Recall=49.50% (590/1192)
    GatingPredict Precision=98.99% (590/596)
    GatingPrefetch Delivery=49.58% (591/1192)
    GatingPrefetch Triggers=149
    Predictor TopK matches: 0=0 1=0 >=2=0
Layer 37 Cache Stats: Hits=1054, Misses=138, HitRate=88.42%
    Predictor Routed-Expert HitRate=N/A
    Loads Per Step: 0Loads=52, 1Load=64, >1Load=33
    Bandwidth: StallLoads=138, PrefetchLoads=112, AvgLoadTime=3.51ms
    PrefetchOverlap: HiddenReady=110, HiddenWait=0, TicksSkipped=0
    MissCause: NotPresent=138, NotReadyStall=0
    PrefetchEff: Dropped=0, AlreadyCached=484, UsedBeforeEvict=110, EvictedBeforeUse=2
    GatingPredict Recall=49.50% (590/1192)
    GatingPredict Precision=98.99% (590/596)
    GatingPrefetch Delivery=49.50% (590/1192)
    GatingPrefetch Triggers=149
    Predictor TopK matches: 0=0 1=0 >=2=0
Layer 38 Cache Stats: Hits=1115, Misses=77, HitRate=93.54%
    Predictor Routed-Expert HitRate=N/A
    Loads Per Step: 0Loads=90, 1Load=46, >1Load=13
    Bandwidth: StallLoads=77, PrefetchLoads=60, AvgLoadTime=3.77ms
    PrefetchOverlap: HiddenReady=59, HiddenWait=0, TicksSkipped=0
    MissCause: NotPresent=77, NotReadyStall=0
    PrefetchEff: Dropped=0, AlreadyCached=536, UsedBeforeEvict=59, EvictedBeforeUse=1
    GatingPredict Recall=49.50% (590/1192)
    GatingPredict Precision=98.99% (590/596)
    GatingPrefetch Delivery=49.50% (590/1192)
    GatingPrefetch Triggers=149
    Predictor TopK matches: 0=0 1=0 >=2=0
Layer 39 Cache Stats: Hits=1105, Misses=87, HitRate=92.70%
    Predictor Routed-Expert HitRate=N/A
    Loads Per Step: 0Loads=76, 1Load=61, >1Load=12
    Bandwidth: StallLoads=87, PrefetchLoads=42, AvgLoadTime=3.88ms
    PrefetchOverlap: HiddenReady=41, HiddenWait=0, TicksSkipped=0
    MissCause: NotPresent=87, NotReadyStall=0
    PrefetchEff: Dropped=0, AlreadyCached=554, UsedBeforeEvict=41, EvictedBeforeUse=1
    GatingPredict Recall=49.33% (588/1192)
    GatingPredict Precision=98.66% (588/596)
    GatingPrefetch Delivery=49.33% (588/1192)
    GatingPrefetch Triggers=149
    Predictor TopK matches: 0=0 1=0 >=2=0
Layer 40 Cache Stats: Hits=1111, Misses=81, HitRate=93.20%
    Predictor Routed-Expert HitRate=N/A
    Loads Per Step: 0Loads=90, 1Load=41, >1Load=18
    Bandwidth: StallLoads=81, PrefetchLoads=55, AvgLoadTime=3.96ms
    PrefetchOverlap: HiddenReady=54, HiddenWait=0, TicksSkipped=0
    MissCause: NotPresent=81, NotReadyStall=0
    PrefetchEff: Dropped=0, AlreadyCached=541, UsedBeforeEvict=54, EvictedBeforeUse=1
    GatingPredict Recall=49.58% (591/1192)
    GatingPredict Precision=99.16% (591/596)
    GatingPrefetch Delivery=49.58% (591/1192)
    GatingPrefetch Triggers=149
    Predictor TopK matches: 0=0 1=0 >=2=0
Layer 41 Cache Stats: Hits=1082, Misses=110, HitRate=90.77%
    Predictor Routed-Expert HitRate=N/A
    Loads Per Step: 0Loads=73, 1Load=51, >1Load=25
    Bandwidth: StallLoads=110, PrefetchLoads=114, AvgLoadTime=3.49ms
    PrefetchOverlap: HiddenReady=113, HiddenWait=0, TicksSkipped=0
    MissCause: NotPresent=110, NotReadyStall=0
    PrefetchEff: Dropped=0, AlreadyCached=482, UsedBeforeEvict=113, EvictedBeforeUse=1
    GatingPredict Recall=49.16% (586/1192)
    GatingPredict Precision=98.32% (586/596)
    GatingPrefetch Delivery=49.16% (586/1192)
    GatingPrefetch Triggers=149
    Predictor TopK matches: 0=0 1=0 >=2=0
Layer 42 Cache Stats: Hits=1099, Misses=93, HitRate=92.20%
    Predictor Routed-Expert HitRate=N/A
    Loads Per Step: 0Loads=78, 1Load=52, >1Load=19
    Bandwidth: StallLoads=93, PrefetchLoads=69, AvgLoadTime=4.03ms
    PrefetchOverlap: HiddenReady=69, HiddenWait=0, TicksSkipped=0
    MissCause: NotPresent=93, NotReadyStall=0
    PrefetchEff: Dropped=0, AlreadyCached=527, UsedBeforeEvict=69, EvictedBeforeUse=0
    GatingPredict Recall=49.66% (592/1192)
    GatingPredict Precision=99.33% (592/596)
    GatingPrefetch Delivery=49.66% (592/1192)
    GatingPrefetch Triggers=149
    Predictor TopK matches: 0=0 1=0 >=2=0
Layer 43 Cache Stats: Hits=1117, Misses=75, HitRate=93.71%
    Predictor Routed-Expert HitRate=N/A
    Loads Per Step: 0Loads=90, 1Load=45, >1Load=14
    Bandwidth: StallLoads=75, PrefetchLoads=74, AvgLoadTime=3.75ms
    PrefetchOverlap: HiddenReady=72, HiddenWait=0, TicksSkipped=0
    MissCause: NotPresent=75, NotReadyStall=0
    PrefetchEff: Dropped=0, AlreadyCached=522, UsedBeforeEvict=72, EvictedBeforeUse=2
    GatingPredict Recall=49.16% (586/1192)
    GatingPredict Precision=98.32% (586/596)
    GatingPrefetch Delivery=49.16% (586/1192)
    GatingPrefetch Triggers=149
    Predictor TopK matches: 0=0 1=0 >=2=0
Layer 44 Cache Stats: Hits=1107, Misses=85, HitRate=92.87%
    Predictor Routed-Expert HitRate=N/A
    Loads Per Step: 0Loads=86, 1Load=45, >1Load=18
    Bandwidth: StallLoads=85, PrefetchLoads=47, AvgLoadTime=3.65ms
    PrefetchOverlap: HiddenReady=46, HiddenWait=0, TicksSkipped=0
    MissCause: NotPresent=85, NotReadyStall=0
    PrefetchEff: Dropped=0, AlreadyCached=549, UsedBeforeEvict=46, EvictedBeforeUse=1
    GatingPredict Recall=49.83% (594/1192)
    GatingPredict Precision=99.66% (594/596)
    GatingPrefetch Delivery=49.83% (594/1192)
    GatingPrefetch Triggers=149
    Predictor TopK matches: 0=0 1=0 >=2=0
Layer 45 Cache Stats: Hits=1121, Misses=71, HitRate=94.04%
    Predictor Routed-Expert HitRate=N/A
    Loads Per Step: 0Loads=96, 1Load=40, >1Load=13
    Bandwidth: StallLoads=71, PrefetchLoads=54, AvgLoadTime=3.70ms
    PrefetchOverlap: HiddenReady=53, HiddenWait=0, TicksSkipped=0
    MissCause: NotPresent=71, NotReadyStall=0
    PrefetchEff: Dropped=0, AlreadyCached=542, UsedBeforeEvict=53, EvictedBeforeUse=1
    GatingPredict Recall=49.75% (593/1192)
    GatingPredict Precision=99.50% (593/596)
    GatingPrefetch Delivery=49.75% (593/1192)
    GatingPrefetch Triggers=149
    Predictor TopK matches: 0=0 1=0 >=2=0
Layer 46 Cache Stats: Hits=1088, Misses=104, HitRate=91.28%
    Predictor Routed-Expert HitRate=N/A
    Loads Per Step: 0Loads=77, 1Load=46, >1Load=26
    Bandwidth: StallLoads=104, PrefetchLoads=101, AvgLoadTime=3.69ms
    PrefetchOverlap: HiddenReady=99, HiddenWait=0, TicksSkipped=0
    MissCause: NotPresent=104, NotReadyStall=0
    PrefetchEff: Dropped=0, AlreadyCached=495, UsedBeforeEvict=99, EvictedBeforeUse=2
    GatingPredict Recall=49.24% (587/1192)
    GatingPredict Precision=98.49% (587/596)
    GatingPrefetch Delivery=49.24% (587/1192)
    GatingPrefetch Triggers=149
    Predictor TopK matches: 0=0 1=0 >=2=0
Layer 47 Cache Stats: Hits=1071, Misses=121, HitRate=89.85%
    Predictor Routed-Expert HitRate=N/A
    Loads Per Step: 0Loads=68, 1Load=52, >1Load=29
    Bandwidth: StallLoads=121, PrefetchLoads=131, AvgLoadTime=3.15ms
    PrefetchOverlap: HiddenReady=117, HiddenWait=0, TicksSkipped=0
    MissCause: NotPresent=121, NotReadyStall=0
    PrefetchEff: Dropped=0, AlreadyCached=465, UsedBeforeEvict=117, EvictedBeforeUse=14
    GatingPredict Recall=47.82% (570/1192)
    GatingPredict Precision=95.64% (570/596)
    GatingPrefetch Delivery=47.82% (570/1192)
    GatingPrefetch Triggers=149
    Predictor TopK matches: 0=0 1=0 >=2=0
============================================================
============================================================
Initializing Qwen3 30B-A3B AWQ w4a16 quantized model...
============================================================
Loading quantized weights from QuixiAI/Qwen3-30B-A3B-AWQ...
Using saved safetensors: /home/michael/heteroPredict/py/unified_llm_w4a16/model_weights/Qwen3-30B-A3B-AWQ.safetensors
Expert weights dir: /home/michael/heteroPredict/py/unified_llm_w4a16/model_weights/Qwen3-30B-A3B-AWQ_packed  (format: packed)
Using existing attention weights in /home/michael/heteroPredict/py/unified_llm_w4a16/model_weights/Qwen3-30B-A3B-AWQ_unpacked
Weights loaded (expert dir override) in 0.29 seconds
Pre-warming expert cache with 48 experts...
Model initialized successfully!
Set expert cache policy to LRU.

Running sweep using prompts from JSON: /tmp/tmp5snwy84i.json
Loaded 1 prompts for sweeping.

Processing Prompt 1/1...

============================================================
Generated text only:
============================================================
oulter also appeared in the 2010 film The King 's Speech , playing a soldier in a scene with Colin Firth . 

In 2011 , Boulter played " Tom " in the play The Pride by David Eldridge , which was performed at the Royal Court Theatre in London . The play explores the theme of same-sex relationships in the 1950s and 1960s . In a review of the production for The Guardian , theatre critic Michael Billington noted , " Robert Boulter brings a touching vulnerability to the role of Tom . " In 2012 , Boulter played " Daniel " in the play The Merchant of Venice at the Almeida Theatre
============================================================

============================================================
Sweep Complete.
Average Time per Token: 0.307848
End-to-End TPS: 3.2484
Cache Stats: Hits=52149, Misses=5067, HitRate=91.14%
Predictor Stats: Hits=0, Total=0, HitRate=0.00%
Initializing UnifiedLLMW4A16Impl_base
Using NPU config struct.
Configuring NPU (Base):
  Heterogeneity: gpu
  GPU Count: 1
  Debug Verbosity: 1
  Dummy Weights: false
  Warmup: false
  Preload MoE: true
  Minimal PDI: true
[GPU SELECT] Free VRAM ranking: gpu0=28.00/28.00 GiB
[GPU SELECT] Selected GPUs for gpu-count=1: [0]
[GPU MAP] Single-GPU placement on gpu0
[Layer 1] cache partition: main=44 speculative=4 (fraction=0.0833333)
[GatingHeuristicPredictor Layer 1] prefetch_count=4 softmax_before_topk=yes
[Layer 2] cache partition: main=44 speculative=4 (fraction=0.0833333)
[GatingHeuristicPredictor Layer 2] prefetch_count=4 softmax_before_topk=yes
[Layer 3] cache partition: main=44 speculative=4 (fraction=0.0833333)
[GatingHeuristicPredictor Layer 3] prefetch_count=4 softmax_before_topk=yes
[Layer 4] cache partition: main=44 speculative=4 (fraction=0.0833333)
[GatingHeuristicPredictor Layer 4] prefetch_count=4 softmax_before_topk=yes
[Layer 5] cache partition: main=44 speculative=4 (fraction=0.0833333)
[GatingHeuristicPredictor Layer 5] prefetch_count=4 softmax_before_topk=yes
[Layer 6] cache partition: main=44 speculative=4 (fraction=0.0833333)
[GatingHeuristicPredictor Layer 6] prefetch_count=4 softmax_before_topk=yes
[Layer 7] cache partition: main=44 speculative=4 (fraction=0.0833333)
[GatingHeuristicPredictor Layer 7] prefetch_count=4 softmax_before_topk=yes
[Layer 8] cache partition: main=44 speculative=4 (fraction=0.0833333)
[GatingHeuristicPredictor Layer 8] prefetch_count=4 softmax_before_topk=yes
[Layer 9] cache partition: main=44 speculative=4 (fraction=0.0833333)
[GatingHeuristicPredictor Layer 9] prefetch_count=4 softmax_before_topk=yes
[Layer 10] cache partition: main=44 speculative=4 (fraction=0.0833333)
[GatingHeuristicPredictor Layer 10] prefetch_count=4 softmax_before_topk=yes
[Layer 11] cache partition: main=44 speculative=4 (fraction=0.0833333)
[GatingHeuristicPredictor Layer 11] prefetch_count=4 softmax_before_topk=yes
[Layer 12] cache partition: main=44 speculative=4 (fraction=0.0833333)
[GatingHeuristicPredictor Layer 12] prefetch_count=4 softmax_before_topk=yes
[Layer 13] cache partition: main=44 speculative=4 (fraction=0.0833333)
[GatingHeuristicPredictor Layer 13] prefetch_count=4 softmax_before_topk=yes
[Layer 14] cache partition: main=44 speculative=4 (fraction=0.0833333)
[GatingHeuristicPredictor Layer 14] prefetch_count=4 softmax_before_topk=yes
[Layer 15] cache partition: main=44 speculative=4 (fraction=0.0833333)
[GatingHeuristicPredictor Layer 15] prefetch_count=4 softmax_before_topk=yes
[Layer 16] cache partition: main=44 speculative=4 (fraction=0.0833333)
[GatingHeuristicPredictor Layer 16] prefetch_count=4 softmax_before_topk=yes
[Layer 17] cache partition: main=44 speculative=4 (fraction=0.0833333)
[GatingHeuristicPredictor Layer 17] prefetch_count=4 softmax_before_topk=yes
[Layer 18] cache partition: main=44 speculative=4 (fraction=0.0833333)
[GatingHeuristicPredictor Layer 18] prefetch_count=4 softmax_before_topk=yes
[Layer 19] cache partition: main=44 speculative=4 (fraction=0.0833333)
[GatingHeuristicPredictor Layer 19] prefetch_count=4 softmax_before_topk=yes
[Layer 20] cache partition: main=44 speculative=4 (fraction=0.0833333)
[GatingHeuristicPredictor Layer 20] prefetch_count=4 softmax_before_topk=yes
[Layer 21] cache partition: main=44 speculative=4 (fraction=0.0833333)
[GatingHeuristicPredictor Layer 21] prefetch_count=4 softmax_before_topk=yes
[Layer 22] cache partition: main=44 speculative=4 (fraction=0.0833333)
[GatingHeuristicPredictor Layer 22] prefetch_count=4 softmax_before_topk=yes
[Layer 23] cache partition: main=44 speculative=4 (fraction=0.0833333)
[GatingHeuristicPredictor Layer 23] prefetch_count=4 softmax_before_topk=yes
[Layer 24] cache partition: main=44 speculative=4 (fraction=0.0833333)
[GatingHeuristicPredictor Layer 24] prefetch_count=4 softmax_before_topk=yes
[Layer 25] cache partition: main=44 speculative=4 (fraction=0.0833333)
[GatingHeuristicPredictor Layer 25] prefetch_count=4 softmax_before_topk=yes
[Layer 26] cache partition: main=44 speculative=4 (fraction=0.0833333)
[GatingHeuristicPredictor Layer 26] prefetch_count=4 softmax_before_topk=yes
[Layer 27] cache partition: main=44 speculative=4 (fraction=0.0833333)
[GatingHeuristicPredictor Layer 27] prefetch_count=4 softmax_before_topk=yes
[Layer 28] cache partition: main=44 speculative=4 (fraction=0.0833333)
[GatingHeuristicPredictor Layer 28] prefetch_count=4 softmax_before_topk=yes
[Layer 29] cache partition: main=44 speculative=4 (fraction=0.0833333)
[GatingHeuristicPredictor Layer 29] prefetch_count=4 softmax_before_topk=yes
[Layer 30] cache partition: main=44 speculative=4 (fraction=0.0833333)
[GatingHeuristicPredictor Layer 30] prefetch_count=4 softmax_before_topk=yes
[Layer 31] cache partition: main=44 speculative=4 (fraction=0.0833333)
[GatingHeuristicPredictor Layer 31] prefetch_count=4 softmax_before_topk=yes
[Layer 32] cache partition: main=44 speculative=4 (fraction=0.0833333)
[GatingHeuristicPredictor Layer 32] prefetch_count=4 softmax_before_topk=yes
[Layer 33] cache partition: main=44 speculative=4 (fraction=0.0833333)
[GatingHeuristicPredictor Layer 33] prefetch_count=4 softmax_before_topk=yes
[Layer 34] cache partition: main=44 speculative=4 (fraction=0.0833333)
[GatingHeuristicPredictor Layer 34] prefetch_count=4 softmax_before_topk=yes
[Layer 35] cache partition: main=44 speculative=4 (fraction=0.0833333)
[GatingHeuristicPredictor Layer 35] prefetch_count=4 softmax_before_topk=yes
[Layer 36] cache partition: main=44 speculative=4 (fraction=0.0833333)
[GatingHeuristicPredictor Layer 36] prefetch_count=4 softmax_before_topk=yes
[Layer 37] cache partition: main=44 speculative=4 (fraction=0.0833333)
[GatingHeuristicPredictor Layer 37] prefetch_count=4 softmax_before_topk=yes
[Layer 38] cache partition: main=44 speculative=4 (fraction=0.0833333)
[GatingHeuristicPredictor Layer 38] prefetch_count=4 softmax_before_topk=yes
[Layer 39] cache partition: main=44 speculative=4 (fraction=0.0833333)
[GatingHeuristicPredictor Layer 39] prefetch_count=4 softmax_before_topk=yes
[Layer 40] cache partition: main=44 speculative=4 (fraction=0.0833333)
[GatingHeuristicPredictor Layer 40] prefetch_count=4 softmax_before_topk=yes
[Layer 41] cache partition: main=44 speculative=4 (fraction=0.0833333)
[GatingHeuristicPredictor Layer 41] prefetch_count=4 softmax_before_topk=yes
[Layer 42] cache partition: main=44 speculative=4 (fraction=0.0833333)
[GatingHeuristicPredictor Layer 42] prefetch_count=4 softmax_before_topk=yes
[Layer 43] cache partition: main=44 speculative=4 (fraction=0.0833333)
[GatingHeuristicPredictor Layer 43] prefetch_count=4 softmax_before_topk=yes
[Layer 44] cache partition: main=44 speculative=4 (fraction=0.0833333)
[GatingHeuristicPredictor Layer 44] prefetch_count=4 softmax_before_topk=yes
[Layer 45] cache partition: main=44 speculative=4 (fraction=0.0833333)
[GatingHeuristicPredictor Layer 45] prefetch_count=4 softmax_before_topk=yes
[Layer 46] cache partition: main=44 speculative=4 (fraction=0.0833333)
[GatingHeuristicPredictor Layer 46] prefetch_count=4 softmax_before_topk=yes
[Layer 47] cache partition: main=44 speculative=4 (fraction=0.0833333)
[GatingHeuristicPredictor Layer 47] prefetch_count=4 softmax_before_topk=yes
UnifiedLLMW4A16 moved to device: cuda:0
Preloading MoE kernels...
MoE kernels preloaded.
UnifiedLLMW4A16 initialized on device: cuda:0 with w4a16 quantization
Loading non-quantized weights from safetensors (mmap): /home/michael/heteroPredict/py/unified_llm_w4a16/model_weights/Qwen3-30B-A3B-AWQ.safetensors
Loaded 243 non-quantized parameters, skipped 0
Loading quantized weights from bins: /home/michael/heteroPredict/py/unified_llm_w4a16/model_weights/Qwen3-30B-A3B-AWQ_unpacked
  Expert weights dir override: /home/michael/heteroPredict/py/unified_llm_w4a16/model_weights/Qwen3-30B-A3B-AWQ_packed
Pre-warming 48 experts for all layers...
Layer 0: Pre-warming 44 experts.
Layer 0: using packed expert format.
[MoE I/O] Expert weight reads require O_DIRECT (no buffered fallback).
Layer 1: Pre-warming 44 experts.
Layer 1: using packed expert format.
Layer 2: Pre-warming 44 experts.
Layer 2: using packed expert format.
Layer 3: Pre-warming 44 experts.
Layer 3: using packed expert format.
Prewarmed experts for layer 4/48
Layer 4: Pre-warming 44 experts.
Layer 4: using packed expert format.
Layer 5: Pre-warming 44 experts.
Layer 5: using packed expert format.
Layer 6: Pre-warming 44 experts.
Layer 6: using packed expert format.
Layer 7: Pre-warming 44 experts.
Layer 7: using packed expert format.
Prewarmed experts for layer 8/48
Layer 8: Pre-warming 44 experts.
Layer 8: using packed expert format.
Layer 9: Pre-warming 44 experts.
Layer 9: using packed expert format.
Layer 10: Pre-warming 44 experts.
Layer 10: using packed expert format.
Layer 11: Pre-warming 44 experts.
Layer 11: using packed expert format.
Prewarmed experts for layer 12/48
Layer 12: Pre-warming 44 experts.
Layer 12: using packed expert format.
Layer 13: Pre-warming 44 experts.
Layer 13: using packed expert format.
Layer 14: Pre-warming 44 experts.
Layer 14: using packed expert format.
Layer 15: Pre-warming 44 experts.
Layer 15: using packed expert format.
Prewarmed experts for layer 16/48
Layer 16: Pre-warming 44 experts.
Layer 16: using packed expert format.
Layer 17: Pre-warming 44 experts.
Layer 17: using packed expert format.
Layer 18: Pre-warming 44 experts.
Layer 18: using packed expert format.
Layer 19: Pre-warming 44 experts.
Layer 19: using packed expert format.
Prewarmed experts for layer 20/48
Layer 20: Pre-warming 44 experts.
Layer 20: using packed expert format.
Layer 21: Pre-warming 44 experts.
Layer 21: using packed expert format.
Layer 22: Pre-warming 44 experts.
Layer 22: using packed expert format.
Layer 23: Pre-warming 44 experts.
Layer 23: using packed expert format.
Prewarmed experts for layer 24/48
Layer 24: Pre-warming 44 experts.
Layer 24: using packed expert format.
Layer 25: Pre-warming 44 experts.
Layer 25: using packed expert format.
Layer 26: Pre-warming 44 experts.
Layer 26: using packed expert format.
Layer 27: Pre-warming 44 experts.
Layer 27: using packed expert format.
Prewarmed experts for layer 28/48
Layer 28: Pre-warming 44 experts.
Layer 28: using packed expert format.
Layer 29: Pre-warming 44 experts.
Layer 29: using packed expert format.
Layer 30: Pre-warming 44 experts.
Layer 30: using packed expert format.
Layer 31: Pre-warming 44 experts.
Layer 31: using packed expert format.
Prewarmed experts for layer 32/48
Layer 32: Pre-warming 44 experts.
Layer 32: using packed expert format.
Layer 33: Pre-warming 44 experts.
Layer 33: using packed expert format.
Layer 34: Pre-warming 44 experts.
Layer 34: using packed expert format.
Layer 35: Pre-warming 44 experts.
Layer 35: using packed expert format.
Prewarmed experts for layer 36/48
Layer 36: Pre-warming 44 experts.
Layer 36: using packed expert format.
Layer 37: Pre-warming 44 experts.
Layer 37: using packed expert format.
Layer 38: Pre-warming 44 experts.
Layer 38: using packed expert format.
Layer 39: Pre-warming 44 experts.
Layer 39: using packed expert format.
Prewarmed experts for layer 40/48
Layer 40: Pre-warming 44 experts.
Layer 40: using packed expert format.
Layer 41: Pre-warming 44 experts.
Layer 41: using packed expert format.
Layer 42: Pre-warming 44 experts.
Layer 42: using packed expert format.
Layer 43: Pre-warming 44 experts.
Layer 43: using packed expert format.
Prewarmed experts for layer 44/48
Layer 44: Pre-warming 44 experts.
Layer 44: using packed expert format.
Layer 45: Pre-warming 44 experts.
Layer 45: using packed expert format.
Layer 46: Pre-warming 44 experts.
Layer 46: using packed expert format.
Layer 47: Pre-warming 44 experts.
Layer 47: using packed expert format.
Prewarmed experts for layer 48/48
Libtorch input_ids shape: [1, 512]
Skipping warmup.
Prefill time: 17.0811 seconds
Generation phase
[Layer 0 Step 0 Debug] Slots before check: 91 92 93 94 95 96 97 98 99 100 101 102 103 104 105 106 107 108 109 110 111 112 113 114 115 116 117 118 119 120 121 122 123 124 125 126 127 84 85 86 87 88 89 90 -1 -1 -1 -1 
[Layer 0 Step 0 Debug] Requested: 95 87 83 73 28 41 46 118 
[gen 5/149] elapsed=1.6s  TPS=3.089
[gen 10/149] elapsed=2.7s  TPS=3.767
[gen 15/149] elapsed=3.8s  TPS=3.956
[gen 20/149] elapsed=4.7s  TPS=4.283
[gen 25/149] elapsed=5.6s  TPS=4.433
[gen 30/149] elapsed=6.6s  TPS=4.534
[gen 35/149] elapsed=7.7s  TPS=4.517
[gen 40/149] elapsed=8.5s  TPS=4.711
[gen 45/149] elapsed=9.1s  TPS=4.925
[gen 50/149] elapsed=10.0s  TPS=4.990
[gen 55/149] elapsed=11.4s  TPS=4.841
[gen 60/149] elapsed=12.5s  TPS=4.795
[gen 65/149] elapsed=13.4s  TPS=4.858
[gen 70/149] elapsed=14.3s  TPS=4.905
[gen 75/149] elapsed=15.3s  TPS=4.908
[gen 80/149] elapsed=16.1s  TPS=4.960
[gen 85/149] elapsed=17.1s  TPS=4.968
[gen 90/149] elapsed=18.0s  TPS=4.991
[gen 95/149] elapsed=18.9s  TPS=5.017
[gen 100/149] elapsed=19.8s  TPS=5.049
[gen 105/149] elapsed=20.7s  TPS=5.076
[gen 110/149] elapsed=21.4s  TPS=5.142
[gen 115/149] elapsed=22.2s  TPS=5.170
[gen 120/149] elapsed=22.8s  TPS=5.264
[gen 125/149] elapsed=23.5s  TPS=5.322
[gen 130/149] elapsed=24.4s  TPS=5.328
[gen 135/149] elapsed=25.2s  TPS=5.351
[gen 140/149] elapsed=25.9s  TPS=5.397
[gen 145/149] elapsed=26.6s  TPS=5.443
Prefill time (summary): 17.081 seconds
Total Generation Time: 27.175 seconds
Average Time per Token: 0.182384 seconds

Expert Cache Statistics:
Layer 0 Cache Stats: Hits=682, Misses=510, HitRate=57.21%
    Predictor Routed-Expert HitRate=N/A
    Loads Per Step: 0Loads=10, 1Load=19, >1Load=120
    Bandwidth: StallLoads=510, PrefetchLoads=0, AvgLoadTime=2.47ms
    MissCause: NotPresent=510, NotReadyStall=0
    GlobalSpecLoad: PeakConcurrent=2
    Predictor TopK matches: 0=0 1=0 >=2=0
Layer 1 Cache Stats: Hits=988, Misses=204, HitRate=82.89%
    Predictor Routed-Expert HitRate=N/A
    Loads Per Step: 0Loads=32, 1Load=60, >1Load=57
    Bandwidth: StallLoads=204, PrefetchLoads=153, AvgLoadTime=3.84ms
    PrefetchOverlap: HiddenReady=134, HiddenWait=0, TicksSkipped=0
    MissCause: NotPresent=204, NotReadyStall=0
    PrefetchEff: Dropped=0, AlreadyCached=443, UsedBeforeEvict=134, EvictedBeforeUse=19
    GatingPredict Recall=38.42% (458/1192)
    GatingPredict Precision=76.85% (458/596)
    GatingPrefetch Delivery=38.59% (460/1192)
    GatingPrefetch Triggers=149
    Predictor TopK matches: 0=0 1=0 >=2=0
Layer 2 Cache Stats: Hits=1059, Misses=133, HitRate=88.84%
    Predictor Routed-Expert HitRate=N/A
    Loads Per Step: 0Loads=57, 1Load=61, >1Load=31
    Bandwidth: StallLoads=133, PrefetchLoads=162, AvgLoadTime=3.51ms
    PrefetchOverlap: HiddenReady=144, HiddenWait=0, TicksSkipped=0
    MissCause: NotPresent=133, NotReadyStall=0
    PrefetchEff: Dropped=0, AlreadyCached=434, UsedBeforeEvict=144, EvictedBeforeUse=18
    GatingPredict Recall=44.38% (529/1192)
    GatingPredict Precision=88.76% (529/596)
    GatingPrefetch Delivery=44.63% (532/1192)
    GatingPrefetch Triggers=149
    Predictor TopK matches: 0=0 1=0 >=2=0
Layer 3 Cache Stats: Hits=991, Misses=201, HitRate=83.14%
    Predictor Routed-Expert HitRate=N/A
    Loads Per Step: 0Loads=32, 1Load=58, >1Load=59
    Bandwidth: StallLoads=201, PrefetchLoads=144, AvgLoadTime=3.22ms
    PrefetchOverlap: HiddenReady=127, HiddenWait=0, TicksSkipped=0
    MissCause: NotPresent=201, NotReadyStall=0
    PrefetchEff: Dropped=0, AlreadyCached=452, UsedBeforeEvict=127, EvictedBeforeUse=17
    GatingPredict Recall=42.37% (505/1192)
    GatingPredict Precision=84.73% (505/596)
    GatingPrefetch Delivery=42.45% (506/1192)
    GatingPrefetch Triggers=149
    Predictor TopK matches: 0=0 1=0 >=2=0
Layer 4 Cache Stats: Hits=1076, Misses=116, HitRate=90.27%
    Predictor Routed-Expert HitRate=N/A
    Loads Per Step: 0Loads=66, 1Load=55, >1Load=28
    Bandwidth: StallLoads=116, PrefetchLoads=89, AvgLoadTime=3.79ms
    PrefetchOverlap: HiddenReady=67, HiddenWait=0, TicksSkipped=0
    MissCause: NotPresent=116, NotReadyStall=0
    PrefetchEff: Dropped=0, AlreadyCached=507, UsedBeforeEvict=67, EvictedBeforeUse=22
    GatingPredict Recall=44.13% (526/1192)
    GatingPredict Precision=88.26% (526/596)
    GatingPrefetch Delivery=44.21% (527/1192)
    GatingPrefetch Triggers=149
    Predictor TopK matches: 0=0 1=0 >=2=0
Layer 5 Cache Stats: Hits=1081, Misses=111, HitRate=90.69%
    Predictor Routed-Expert HitRate=N/A
    Loads Per Step: 0Loads=67, 1Load=60, >1Load=22
    Bandwidth: StallLoads=111, PrefetchLoads=98, AvgLoadTime=3.44ms
    PrefetchOverlap: HiddenReady=90, HiddenWait=0, TicksSkipped=0
    MissCause: NotPresent=111, NotReadyStall=0
    PrefetchEff: Dropped=0, AlreadyCached=498, UsedBeforeEvict=90, EvictedBeforeUse=8
    GatingPredict Recall=46.90% (559/1192)
    GatingPredict Precision=93.79% (559/596)
    GatingPrefetch Delivery=46.90% (559/1192)
    GatingPrefetch Triggers=149
    Predictor TopK matches: 0=0 1=0 >=2=0
Layer 6 Cache Stats: Hits=1150, Misses=42, HitRate=96.48%
    Predictor Routed-Expert HitRate=N/A
    Loads Per Step: 0Loads=120, 1Load=19, >1Load=10
    Bandwidth: StallLoads=42, PrefetchLoads=14, AvgLoadTime=3.66ms
    PrefetchOverlap: HiddenReady=10, HiddenWait=0, TicksSkipped=0
    MissCause: NotPresent=42, NotReadyStall=0
    PrefetchEff: Dropped=0, AlreadyCached=582, UsedBeforeEvict=10, EvictedBeforeUse=4
    GatingPredict Recall=48.24% (575/1192)
    GatingPredict Precision=96.48% (575/596)
    GatingPrefetch Delivery=48.24% (575/1192)
    GatingPrefetch Triggers=149
    Predictor TopK matches: 0=0 1=0 >=2=0
Layer 7 Cache Stats: Hits=1156, Misses=36, HitRate=96.98%
    Predictor Routed-Expert HitRate=N/A
    Loads Per Step: 0Loads=118, 1Load=26, >1Load=5
    Bandwidth: StallLoads=36, PrefetchLoads=21, AvgLoadTime=3.93ms
    PrefetchOverlap: HiddenReady=20, HiddenWait=0, TicksSkipped=0
    MissCause: NotPresent=36, NotReadyStall=0
    PrefetchEff: Dropped=0, AlreadyCached=575, UsedBeforeEvict=20, EvictedBeforeUse=1
    GatingPredict Recall=48.74% (581/1192)
    GatingPredict Precision=97.48% (581/596)
    GatingPrefetch Delivery=48.74% (581/1192)
    GatingPrefetch Triggers=149
    Predictor TopK matches: 0=0 1=0 >=2=0
Layer 8 Cache Stats: Hits=1114, Misses=78, HitRate=93.46%
    Predictor Routed-Expert HitRate=N/A
    Loads Per Step: 0Loads=90, 1Load=43, >1Load=16
    Bandwidth: StallLoads=78, PrefetchLoads=48, AvgLoadTime=3.51ms
    PrefetchOverlap: HiddenReady=47, HiddenWait=0, TicksSkipped=0
    MissCause: NotPresent=78, NotReadyStall=0
    PrefetchEff: Dropped=0, AlreadyCached=548, UsedBeforeEvict=47, EvictedBeforeUse=1
    GatingPredict Recall=49.08% (585/1192)
    GatingPredict Precision=98.15% (585/596)
    GatingPrefetch Delivery=49.08% (585/1192)
    GatingPrefetch Triggers=149
    Predictor TopK matches: 0=0 1=0 >=2=0
Layer 9 Cache Stats: Hits=1129, Misses=63, HitRate=94.71%
    Predictor Routed-Expert HitRate=N/A
    Loads Per Step: 0Loads=99, 1Load=38, >1Load=12
    Bandwidth: StallLoads=63, PrefetchLoads=48, AvgLoadTime=4.04ms
    PrefetchOverlap: HiddenReady=47, HiddenWait=0, TicksSkipped=0
    MissCause: NotPresent=63, NotReadyStall=0
    PrefetchEff: Dropped=0, AlreadyCached=548, UsedBeforeEvict=47, EvictedBeforeUse=1
    GatingPredict Recall=48.91% (583/1192)
    GatingPredict Precision=97.82% (583/596)
    GatingPrefetch Delivery=48.99% (584/1192)
    GatingPrefetch Triggers=149
    Predictor TopK matches: 0=0 1=0 >=2=0
Layer 10 Cache Stats: Hits=1089, Misses=103, HitRate=91.36%
    Predictor Routed-Expert HitRate=N/A
    Loads Per Step: 0Loads=71, 1Load=59, >1Load=19
    Bandwidth: StallLoads=103, PrefetchLoads=52, AvgLoadTime=3.62ms
    PrefetchOverlap: HiddenReady=50, HiddenWait=0, TicksSkipped=0
    MissCause: NotPresent=103, NotReadyStall=0
    PrefetchEff: Dropped=0, AlreadyCached=544, UsedBeforeEvict=50, EvictedBeforeUse=2
    GatingPredict Recall=49.41% (589/1192)
    GatingPredict Precision=98.83% (589/596)
    GatingPrefetch Delivery=49.41% (589/1192)
    GatingPrefetch Triggers=149
    Predictor TopK matches: 0=0 1=0 >=2=0
Layer 11 Cache Stats: Hits=1057, Misses=135, HitRate=88.67%
    Predictor Routed-Expert HitRate=N/A
    Loads Per Step: 0Loads=57, 1Load=62, >1Load=30
    Bandwidth: StallLoads=135, PrefetchLoads=67, AvgLoadTime=3.38ms
    PrefetchOverlap: HiddenReady=67, HiddenWait=0, TicksSkipped=0
    MissCause: NotPresent=135, NotReadyStall=0
    PrefetchEff: Dropped=0, AlreadyCached=529, UsedBeforeEvict=67, EvictedBeforeUse=0
    GatingPredict Recall=49.66% (592/1192)
    GatingPredict Precision=99.33% (592/596)
    GatingPrefetch Delivery=49.66% (592/1192)
    GatingPrefetch Triggers=149
    Predictor TopK matches: 0=0 1=0 >=2=0
Layer 12 Cache Stats: Hits=1093, Misses=99, HitRate=91.69%
    Predictor Routed-Expert HitRate=N/A
    Loads Per Step: 0Loads=77, 1Load=50, >1Load=22
    Bandwidth: StallLoads=99, PrefetchLoads=45, AvgLoadTime=4.04ms
    PrefetchOverlap: HiddenReady=44, HiddenWait=0, TicksSkipped=0
    MissCause: NotPresent=99, NotReadyStall=0
    PrefetchEff: Dropped=0, AlreadyCached=551, UsedBeforeEvict=44, EvictedBeforeUse=1
    GatingPredict Recall=49.08% (585/1192)
    GatingPredict Precision=98.15% (585/596)
    GatingPrefetch Delivery=49.24% (587/1192)
    GatingPrefetch Triggers=149
    Predictor TopK matches: 0=0 1=0 >=2=0
Layer 13 Cache Stats: Hits=1083, Misses=109, HitRate=90.86%
    Predictor Routed-Expert HitRate=N/A
    Loads Per Step: 0Loads=69, 1Load=55, >1Load=25
    Bandwidth: StallLoads=109, PrefetchLoads=80, AvgLoadTime=3.38ms
    PrefetchOverlap: HiddenReady=78, HiddenWait=0, TicksSkipped=0
    MissCause: NotPresent=109, NotReadyStall=0
    PrefetchEff: Dropped=0, AlreadyCached=516, UsedBeforeEvict=78, EvictedBeforeUse=2
    GatingPredict Recall=48.74% (581/1192)
    GatingPredict Precision=97.48% (581/596)
    GatingPrefetch Delivery=48.74% (581/1192)
    GatingPrefetch Triggers=149
    Predictor TopK matches: 0=0 1=0 >=2=0
Layer 14 Cache Stats: Hits=1133, Misses=59, HitRate=95.05%
    Predictor Routed-Expert HitRate=N/A
    Loads Per Step: 0Loads=101, 1Load=39, >1Load=9
    Bandwidth: StallLoads=59, PrefetchLoads=51, AvgLoadTime=3.76ms
    PrefetchOverlap: HiddenReady=50, HiddenWait=0, TicksSkipped=0
    MissCause: NotPresent=59, NotReadyStall=0
    PrefetchEff: Dropped=0, AlreadyCached=545, UsedBeforeEvict=50, EvictedBeforeUse=1
    GatingPredict Recall=48.49% (578/1192)
    GatingPredict Precision=96.98% (578/596)
    GatingPrefetch Delivery=48.49% (578/1192)
    GatingPrefetch Triggers=149
    Predictor TopK matches: 0=0 1=0 >=2=0
Layer 15 Cache Stats: Hits=1135, Misses=57, HitRate=95.22%
    Predictor Routed-Expert HitRate=N/A
    Loads Per Step: 0Loads=102, 1Load=39, >1Load=8
    Bandwidth: StallLoads=57, PrefetchLoads=36, AvgLoadTime=3.96ms
    PrefetchOverlap: HiddenReady=36, HiddenWait=0, TicksSkipped=0
    MissCause: NotPresent=57, NotReadyStall=0
    PrefetchEff: Dropped=0, AlreadyCached=560, UsedBeforeEvict=36, EvictedBeforeUse=0
    GatingPredict Recall=49.08% (585/1192)
    GatingPredict Precision=98.15% (585/596)
    GatingPrefetch Delivery=49.16% (586/1192)
    GatingPrefetch Triggers=149
    Predictor TopK matches: 0=0 1=0 >=2=0
Layer 16 Cache Stats: Hits=1115, Misses=77, HitRate=93.54%
    Predictor Routed-Expert HitRate=N/A
    Loads Per Step: 0Loads=92, 1Load=40, >1Load=17
    Bandwidth: StallLoads=77, PrefetchLoads=64, AvgLoadTime=3.70ms
    PrefetchOverlap: HiddenReady=64, HiddenWait=0, TicksSkipped=0
    MissCause: NotPresent=77, NotReadyStall=0
    PrefetchEff: Dropped=0, AlreadyCached=532, UsedBeforeEvict=64, EvictedBeforeUse=0
    GatingPredict Recall=49.41% (589/1192)
    GatingPredict Precision=98.83% (589/596)
    GatingPrefetch Delivery=49.50% (590/1192)
    GatingPrefetch Triggers=149
    Predictor TopK matches: 0=0 1=0 >=2=0
Layer 17 Cache Stats: Hits=1086, Misses=106, HitRate=91.11%
    Predictor Routed-Expert HitRate=N/A
    Loads Per Step: 0Loads=67, 1Load=61, >1Load=21
    Bandwidth: StallLoads=106, PrefetchLoads=56, AvgLoadTime=3.54ms
    PrefetchOverlap: HiddenReady=56, HiddenWait=0, TicksSkipped=0
    MissCause: NotPresent=106, NotReadyStall=0
    PrefetchEff: Dropped=0, AlreadyCached=540, UsedBeforeEvict=56, EvictedBeforeUse=0
    GatingPredict Recall=49.66% (592/1192)
    GatingPredict Precision=99.33% (592/596)
    GatingPrefetch Delivery=49.66% (592/1192)
    GatingPrefetch Triggers=149
    Predictor TopK matches: 0=0 1=0 >=2=0
Layer 18 Cache Stats: Hits=1166, Misses=26, HitRate=97.82%
    Predictor Routed-Expert HitRate=N/A
    Loads Per Step: 0Loads=127, 1Load=19, >1Load=3
    Bandwidth: StallLoads=26, PrefetchLoads=27, AvgLoadTime=3.76ms
    PrefetchOverlap: HiddenReady=21, HiddenWait=0, TicksSkipped=0
    MissCause: NotPresent=26, NotReadyStall=0
    PrefetchEff: Dropped=0, AlreadyCached=569, UsedBeforeEvict=21, EvictedBeforeUse=4
    GatingPredict Recall=48.49% (578/1192)
    GatingPredict Precision=96.98% (578/596)
    GatingPrefetch Delivery=48.57% (579/1192)
    GatingPrefetch Triggers=149
    Predictor TopK matches: 0=0 1=0 >=2=0
Layer 19 Cache Stats: Hits=1164, Misses=28, HitRate=97.65%
    Predictor Routed-Expert HitRate=N/A
    Loads Per Step: 0Loads=124, 1Load=22, >1Load=3
    Bandwidth: StallLoads=28, PrefetchLoads=12, AvgLoadTime=3.85ms
    PrefetchOverlap: HiddenReady=11, HiddenWait=0, TicksSkipped=0
    MissCause: NotPresent=28, NotReadyStall=0
    PrefetchEff: Dropped=0, AlreadyCached=584, UsedBeforeEvict=11, EvictedBeforeUse=1
    GatingPredict Recall=49.66% (592/1192)
    GatingPredict Precision=99.33% (592/596)
    GatingPrefetch Delivery=49.66% (592/1192)
    GatingPrefetch Triggers=149
    Predictor TopK matches: 0=0 1=0 >=2=0
Layer 20 Cache Stats: Hits=1128, Misses=64, HitRate=94.63%
    Predictor Routed-Expert HitRate=N/A
    Loads Per Step: 0Loads=95, 1Load=45, >1Load=9
    Bandwidth: StallLoads=64, PrefetchLoads=30, AvgLoadTime=3.50ms
    PrefetchOverlap: HiddenReady=27, HiddenWait=0, TicksSkipped=0
    MissCause: NotPresent=64, NotReadyStall=0
    PrefetchEff: Dropped=0, AlreadyCached=566, UsedBeforeEvict=27, EvictedBeforeUse=2
    GatingPredict Recall=49.08% (585/1192)
    GatingPredict Precision=98.15% (585/596)
    GatingPrefetch Delivery=49.08% (585/1192)
    GatingPrefetch Triggers=149
    Predictor TopK matches: 0=0 1=0 >=2=0
Layer 21 Cache Stats: Hits=1129, Misses=63, HitRate=94.71%
    Predictor Routed-Expert HitRate=N/A
    Loads Per Step: 0Loads=101, 1Load=38, >1Load=10
    Bandwidth: StallLoads=63, PrefetchLoads=29, AvgLoadTime=3.72ms
    PrefetchOverlap: HiddenReady=29, HiddenWait=0, TicksSkipped=0
    MissCause: NotPresent=63, NotReadyStall=0
    PrefetchEff: Dropped=0, AlreadyCached=567, UsedBeforeEvict=29, EvictedBeforeUse=0
    GatingPredict Recall=49.58% (591/1192)
    GatingPredict Precision=99.16% (591/596)
    GatingPrefetch Delivery=49.66% (592/1192)
    GatingPrefetch Triggers=149
    Predictor TopK matches: 0=0 1=0 >=2=0
Layer 22 Cache Stats: Hits=1076, Misses=116, HitRate=90.27%
    Predictor Routed-Expert HitRate=N/A
    Loads Per Step: 0Loads=70, 1Load=50, >1Load=29
    Bandwidth: StallLoads=116, PrefetchLoads=62, AvgLoadTime=3.41ms
    PrefetchOverlap: HiddenReady=62, HiddenWait=0, TicksSkipped=0
    MissCause: NotPresent=116, NotReadyStall=0
    PrefetchEff: Dropped=0, AlreadyCached=534, UsedBeforeEvict=62, EvictedBeforeUse=0
    GatingPredict Recall=48.99% (584/1192)
    GatingPredict Precision=97.99% (584/596)
    GatingPrefetch Delivery=48.99% (584/1192)
    GatingPrefetch Triggers=149
    Predictor TopK matches: 0=0 1=0 >=2=0
Layer 23 Cache Stats: Hits=1066, Misses=126, HitRate=89.43%
    Predictor Routed-Expert HitRate=N/A
    Loads Per Step: 0Loads=54, 1Load=68, >1Load=27
    Bandwidth: StallLoads=126, PrefetchLoads=63, AvgLoadTime=3.65ms
    PrefetchOverlap: HiddenReady=61, HiddenWait=0, TicksSkipped=0
    MissCause: NotPresent=126, NotReadyStall=0
    PrefetchEff: Dropped=0, AlreadyCached=533, UsedBeforeEvict=61, EvictedBeforeUse=2
    GatingPredict Recall=49.08% (585/1192)
    GatingPredict Precision=98.15% (585/596)
    GatingPrefetch Delivery=49.08% (585/1192)
    GatingPrefetch Triggers=149
    Predictor TopK matches: 0=0 1=0 >=2=0
Layer 24 Cache Stats: Hits=1092, Misses=100, HitRate=91.61%
    Predictor Routed-Expert HitRate=N/A
    Loads Per Step: 0Loads=77, 1Load=49, >1Load=23
    Bandwidth: StallLoads=100, PrefetchLoads=49, AvgLoadTime=3.86ms
    PrefetchOverlap: HiddenReady=46, HiddenWait=0, TicksSkipped=0
    MissCause: NotPresent=100, NotReadyStall=0
    PrefetchEff: Dropped=0, AlreadyCached=547, UsedBeforeEvict=46, EvictedBeforeUse=3
    GatingPredict Recall=49.41% (589/1192)
    GatingPredict Precision=98.83% (589/596)
    GatingPrefetch Delivery=49.50% (590/1192)
    GatingPrefetch Triggers=149
    Predictor TopK matches: 0=0 1=0 >=2=0
Layer 25 Cache Stats: Hits=1070, Misses=122, HitRate=89.77%
    Predictor Routed-Expert HitRate=N/A
    Loads Per Step: 0Loads=62, 1Load=61, >1Load=26
    Bandwidth: StallLoads=122, PrefetchLoads=85, AvgLoadTime=3.58ms
    PrefetchOverlap: HiddenReady=83, HiddenWait=0, TicksSkipped=0
    MissCause: NotPresent=122, NotReadyStall=0
    PrefetchEff: Dropped=0, AlreadyCached=511, UsedBeforeEvict=83, EvictedBeforeUse=2
    GatingPredict Recall=49.24% (587/1192)
    GatingPredict Precision=98.49% (587/596)
    GatingPrefetch Delivery=49.24% (587/1192)
    GatingPrefetch Triggers=149
    Predictor TopK matches: 0=0 1=0 >=2=0
Layer 26 Cache Stats: Hits=1122, Misses=70, HitRate=94.13%
    Predictor Routed-Expert HitRate=N/A
    Loads Per Step: 0Loads=92, 1Load=47, >1Load=10
    Bandwidth: StallLoads=70, PrefetchLoads=75, AvgLoadTime=3.86ms
    PrefetchOverlap: HiddenReady=75, HiddenWait=0, TicksSkipped=0
    MissCause: NotPresent=70, NotReadyStall=0
    PrefetchEff: Dropped=0, AlreadyCached=521, UsedBeforeEvict=75, EvictedBeforeUse=0
    GatingPredict Recall=49.41% (589/1192)
    GatingPredict Precision=98.83% (589/596)
    GatingPrefetch Delivery=49.50% (590/1192)
    GatingPrefetch Triggers=149
    Predictor TopK matches: 0=0 1=0 >=2=0
Layer 27 Cache Stats: Hits=1145, Misses=47, HitRate=96.06%
    Predictor Routed-Expert HitRate=N/A
    Loads Per Step: 0Loads=111, 1Load=30, >1Load=8
    Bandwidth: StallLoads=47, PrefetchLoads=30, AvgLoadTime=4.24ms
    PrefetchOverlap: HiddenReady=29, HiddenWait=0, TicksSkipped=0
    MissCause: NotPresent=47, NotReadyStall=0
    PrefetchEff: Dropped=0, AlreadyCached=566, UsedBeforeEvict=29, EvictedBeforeUse=1
    GatingPredict Recall=49.83% (594/1192)
    GatingPredict Precision=99.66% (594/596)
    GatingPrefetch Delivery=49.83% (594/1192)
    GatingPrefetch Triggers=149
    Predictor TopK matches: 0=0 1=0 >=2=0
Layer 28 Cache Stats: Hits=1114, Misses=78, HitRate=93.46%
    Predictor Routed-Expert HitRate=N/A
    Loads Per Step: 0Loads=90, 1Load=43, >1Load=16
    Bandwidth: StallLoads=78, PrefetchLoads=76, AvgLoadTime=3.54ms
    PrefetchOverlap: HiddenReady=76, HiddenWait=0, TicksSkipped=0
    MissCause: NotPresent=78, NotReadyStall=0
    PrefetchEff: Dropped=0, AlreadyCached=520, UsedBeforeEvict=76, EvictedBeforeUse=0
    GatingPredict Recall=49.33% (588/1192)
    GatingPredict Precision=98.66% (588/596)
    GatingPrefetch Delivery=49.33% (588/1192)
    GatingPrefetch Triggers=149
    Predictor TopK matches: 0=0 1=0 >=2=0
Layer 29 Cache Stats: Hits=1083, Misses=109, HitRate=90.86%
    Predictor Routed-Expert HitRate=N/A
    Loads Per Step: 0Loads=70, 1Load=56, >1Load=23
    Bandwidth: StallLoads=109, PrefetchLoads=71, AvgLoadTime=3.45ms
    PrefetchOverlap: HiddenReady=70, HiddenWait=0, TicksSkipped=0
    MissCause: NotPresent=109, NotReadyStall=0
    PrefetchEff: Dropped=0, AlreadyCached=525, UsedBeforeEvict=70, EvictedBeforeUse=1
    GatingPredict Recall=49.92% (595/1192)
    GatingPredict Precision=99.83% (595/596)
    GatingPrefetch Delivery=49.92% (595/1192)
    GatingPrefetch Triggers=149
    Predictor TopK matches: 0=0 1=0 >=2=0
Layer 30 Cache Stats: Hits=1159, Misses=33, HitRate=97.23%
    Predictor Routed-Expert HitRate=N/A
    Loads Per Step: 0Loads=125, 1Load=18, >1Load=6
    Bandwidth: StallLoads=33, PrefetchLoads=11, AvgLoadTime=3.51ms
    PrefetchOverlap: HiddenReady=11, HiddenWait=0, TicksSkipped=0
    MissCause: NotPresent=33, NotReadyStall=0
    PrefetchEff: Dropped=0, AlreadyCached=585, UsedBeforeEvict=11, EvictedBeforeUse=0
    GatingPredict Recall=49.66% (592/1192)
    GatingPredict Precision=99.33% (592/596)
    GatingPrefetch Delivery=49.66% (592/1192)
    GatingPrefetch Triggers=149
    Predictor TopK matches: 0=0 1=0 >=2=0
Layer 31 Cache Stats: Hits=1150, Misses=42, HitRate=96.48%
    Predictor Routed-Expert HitRate=N/A
    Loads Per Step: 0Loads=116, 1Load=27, >1Load=6
    Bandwidth: StallLoads=42, PrefetchLoads=8, AvgLoadTime=3.80ms
    PrefetchOverlap: HiddenReady=8, HiddenWait=0, TicksSkipped=0
    MissCause: NotPresent=42, NotReadyStall=0
    PrefetchEff: Dropped=0, AlreadyCached=588, UsedBeforeEvict=8, EvictedBeforeUse=0
    GatingPredict Recall=50.00% (596/1192)
    GatingPredict Precision=100.00% (596/596)
    GatingPrefetch Delivery=50.00% (596/1192)
    GatingPrefetch Triggers=149
    Predictor TopK matches: 0=0 1=0 >=2=0
Layer 32 Cache Stats: Hits=1108, Misses=84, HitRate=92.95%
    Predictor Routed-Expert HitRate=N/A
    Loads Per Step: 0Loads=91, 1Load=39, >1Load=19
    Bandwidth: StallLoads=84, PrefetchLoads=39, AvgLoadTime=3.45ms
    PrefetchOverlap: HiddenReady=39, HiddenWait=0, TicksSkipped=0
    MissCause: NotPresent=84, NotReadyStall=0
    PrefetchEff: Dropped=0, AlreadyCached=557, UsedBeforeEvict=39, EvictedBeforeUse=0
    GatingPredict Recall=49.50% (590/1192)
    GatingPredict Precision=98.99% (590/596)
    GatingPrefetch Delivery=49.50% (590/1192)
    GatingPrefetch Triggers=149
    Predictor TopK matches: 0=0 1=0 >=2=0
Layer 33 Cache Stats: Hits=1146, Misses=46, HitRate=96.14%
    Predictor Routed-Expert HitRate=N/A
    Loads Per Step: 0Loads=111, 1Load=31, >1Load=7
    Bandwidth: StallLoads=46, PrefetchLoads=34, AvgLoadTime=4.02ms
    PrefetchOverlap: HiddenReady=34, HiddenWait=0, TicksSkipped=0
    MissCause: NotPresent=46, NotReadyStall=0
    PrefetchEff: Dropped=0, AlreadyCached=562, UsedBeforeEvict=34, EvictedBeforeUse=0
    GatingPredict Recall=50.00% (596/1192)
    GatingPredict Precision=100.00% (596/596)
    GatingPrefetch Delivery=50.00% (596/1192)
    GatingPrefetch Triggers=149
    Predictor TopK matches: 0=0 1=0 >=2=0
Layer 34 Cache Stats: Hits=1090, Misses=102, HitRate=91.44%
    Predictor Routed-Expert HitRate=N/A
    Loads Per Step: 0Loads=79, 1Load=43, >1Load=27
    Bandwidth: StallLoads=102, PrefetchLoads=64, AvgLoadTime=3.37ms
    PrefetchOverlap: HiddenReady=63, HiddenWait=0, TicksSkipped=0
    MissCause: NotPresent=102, NotReadyStall=0
    PrefetchEff: Dropped=0, AlreadyCached=532, UsedBeforeEvict=63, EvictedBeforeUse=1
    GatingPredict Recall=49.83% (594/1192)
    GatingPredict Precision=99.66% (594/596)
    GatingPrefetch Delivery=49.92% (595/1192)
    GatingPrefetch Triggers=149
    Predictor TopK matches: 0=0 1=0 >=2=0
Layer 35 Cache Stats: Hits=1081, Misses=111, HitRate=90.69%
    Predictor Routed-Expert HitRate=N/A
    Loads Per Step: 0Loads=68, 1Load=54, >1Load=27
    Bandwidth: StallLoads=111, PrefetchLoads=87, AvgLoadTime=3.40ms
    PrefetchOverlap: HiddenReady=87, HiddenWait=0, TicksSkipped=0
    MissCause: NotPresent=111, NotReadyStall=0
    PrefetchEff: Dropped=0, AlreadyCached=509, UsedBeforeEvict=87, EvictedBeforeUse=0
    GatingPredict Recall=49.66% (592/1192)
    GatingPredict Precision=99.33% (592/596)
    GatingPrefetch Delivery=49.66% (592/1192)
    GatingPrefetch Triggers=149
    Predictor TopK matches: 0=0 1=0 >=2=0
Layer 36 Cache Stats: Hits=1100, Misses=92, HitRate=92.28%
    Predictor Routed-Expert HitRate=N/A
    Loads Per Step: 0Loads=85, 1Load=45, >1Load=19
    Bandwidth: StallLoads=92, PrefetchLoads=51, AvgLoadTime=3.83ms
    PrefetchOverlap: HiddenReady=51, HiddenWait=0, TicksSkipped=0
    MissCause: NotPresent=92, NotReadyStall=0
    PrefetchEff: Dropped=0, AlreadyCached=545, UsedBeforeEvict=51, EvictedBeforeUse=0
    GatingPredict Recall=49.66% (592/1192)
    GatingPredict Precision=99.33% (592/596)
    GatingPrefetch Delivery=49.66% (592/1192)
    GatingPrefetch Triggers=149
    Predictor TopK matches: 0=0 1=0 >=2=0
Layer 37 Cache Stats: Hits=1095, Misses=97, HitRate=91.86%
    Predictor Routed-Expert HitRate=N/A
    Loads Per Step: 0Loads=78, 1Load=48, >1Load=23
    Bandwidth: StallLoads=97, PrefetchLoads=113, AvgLoadTime=3.51ms
    PrefetchOverlap: HiddenReady=112, HiddenWait=0, TicksSkipped=0
    MissCause: NotPresent=97, NotReadyStall=0
    PrefetchEff: Dropped=0, AlreadyCached=483, UsedBeforeEvict=112, EvictedBeforeUse=1
    GatingPredict Recall=49.58% (591/1192)
    GatingPredict Precision=99.16% (591/596)
    GatingPrefetch Delivery=49.58% (591/1192)
    GatingPrefetch Triggers=149
    Predictor TopK matches: 0=0 1=0 >=2=0
Layer 38 Cache Stats: Hits=1100, Misses=92, HitRate=92.28%
    Predictor Routed-Expert HitRate=N/A
    Loads Per Step: 0Loads=82, 1Load=48, >1Load=19
    Bandwidth: StallLoads=92, PrefetchLoads=65, AvgLoadTime=3.64ms
    PrefetchOverlap: HiddenReady=64, HiddenWait=0, TicksSkipped=0
    MissCause: NotPresent=92, NotReadyStall=0
    PrefetchEff: Dropped=0, AlreadyCached=531, UsedBeforeEvict=64, EvictedBeforeUse=1
    GatingPredict Recall=49.58% (591/1192)
    GatingPredict Precision=99.16% (591/596)
    GatingPrefetch Delivery=49.58% (591/1192)
    GatingPrefetch Triggers=149
    Predictor TopK matches: 0=0 1=0 >=2=0
Layer 39 Cache Stats: Hits=1117, Misses=75, HitRate=93.71%
    Predictor Routed-Expert HitRate=N/A
    Loads Per Step: 0Loads=90, 1Load=45, >1Load=14
    Bandwidth: StallLoads=75, PrefetchLoads=46, AvgLoadTime=3.91ms
    PrefetchOverlap: HiddenReady=45, HiddenWait=0, TicksSkipped=0
    MissCause: NotPresent=75, NotReadyStall=0
    PrefetchEff: Dropped=0, AlreadyCached=550, UsedBeforeEvict=45, EvictedBeforeUse=1
    GatingPredict Recall=49.83% (594/1192)
    GatingPredict Precision=99.66% (594/596)
    GatingPrefetch Delivery=49.83% (594/1192)
    GatingPrefetch Triggers=149
    Predictor TopK matches: 0=0 1=0 >=2=0
Layer 40 Cache Stats: Hits=1135, Misses=57, HitRate=95.22%
    Predictor Routed-Expert HitRate=N/A
    Loads Per Step: 0Loads=102, 1Load=38, >1Load=9
    Bandwidth: StallLoads=57, PrefetchLoads=68, AvgLoadTime=3.98ms
    PrefetchOverlap: HiddenReady=68, HiddenWait=0, TicksSkipped=0
    MissCause: NotPresent=57, NotReadyStall=0
    PrefetchEff: Dropped=0, AlreadyCached=528, UsedBeforeEvict=68, EvictedBeforeUse=0
    GatingPredict Recall=49.66% (592/1192)
    GatingPredict Precision=99.33% (592/596)
    GatingPrefetch Delivery=49.75% (593/1192)
    GatingPrefetch Triggers=149
    Predictor TopK matches: 0=0 1=0 >=2=0
Layer 41 Cache Stats: Hits=1102, Misses=90, HitRate=92.45%
    Predictor Routed-Expert HitRate=N/A
    Loads Per Step: 0Loads=82, 1Load=49, >1Load=18
    Bandwidth: StallLoads=90, PrefetchLoads=114, AvgLoadTime=3.48ms
    PrefetchOverlap: HiddenReady=113, HiddenWait=0, TicksSkipped=0
    MissCause: NotPresent=90, NotReadyStall=0
    PrefetchEff: Dropped=0, AlreadyCached=482, UsedBeforeEvict=113, EvictedBeforeUse=1
    GatingPredict Recall=49.83% (594/1192)
    GatingPredict Precision=99.66% (594/596)
    GatingPrefetch Delivery=49.83% (594/1192)
    GatingPrefetch Triggers=149
    Predictor TopK matches: 0=0 1=0 >=2=0
Layer 42 Cache Stats: Hits=1107, Misses=85, HitRate=92.87%
    Predictor Routed-Expert HitRate=N/A
    Loads Per Step: 0Loads=88, 1Load=42, >1Load=19
    Bandwidth: StallLoads=85, PrefetchLoads=67, AvgLoadTime=3.93ms
    PrefetchOverlap: HiddenReady=67, HiddenWait=0, TicksSkipped=0
    MissCause: NotPresent=85, NotReadyStall=0
    PrefetchEff: Dropped=0, AlreadyCached=529, UsedBeforeEvict=67, EvictedBeforeUse=0
    GatingPredict Recall=49.83% (594/1192)
    GatingPredict Precision=99.66% (594/596)
    GatingPrefetch Delivery=49.83% (594/1192)
    GatingPrefetch Triggers=149
    Predictor TopK matches: 0=0 1=0 >=2=0
Layer 43 Cache Stats: Hits=1137, Misses=55, HitRate=95.39%
    Predictor Routed-Expert HitRate=N/A
    Loads Per Step: 0Loads=106, 1Load=33, >1Load=10
    Bandwidth: StallLoads=55, PrefetchLoads=83, AvgLoadTime=3.75ms
    PrefetchOverlap: HiddenReady=82, HiddenWait=0, TicksSkipped=0
    MissCause: NotPresent=55, NotReadyStall=0
    PrefetchEff: Dropped=0, AlreadyCached=513, UsedBeforeEvict=82, EvictedBeforeUse=1
    GatingPredict Recall=49.58% (591/1192)
    GatingPredict Precision=99.16% (591/596)
    GatingPrefetch Delivery=49.58% (591/1192)
    GatingPrefetch Triggers=149
    Predictor TopK matches: 0=0 1=0 >=2=0
Layer 44 Cache Stats: Hits=1140, Misses=52, HitRate=95.64%
    Predictor Routed-Expert HitRate=N/A
    Loads Per Step: 0Loads=111, 1Load=26, >1Load=12
    Bandwidth: StallLoads=52, PrefetchLoads=19, AvgLoadTime=3.71ms
    PrefetchOverlap: HiddenReady=17, HiddenWait=0, TicksSkipped=0
    MissCause: NotPresent=52, NotReadyStall=0
    PrefetchEff: Dropped=0, AlreadyCached=577, UsedBeforeEvict=17, EvictedBeforeUse=1
    GatingPredict Recall=49.50% (590/1192)
    GatingPredict Precision=98.99% (590/596)
    GatingPrefetch Delivery=49.50% (590/1192)
    GatingPrefetch Triggers=149
    Predictor TopK matches: 0=0 1=0 >=2=0
Layer 45 Cache Stats: Hits=1135, Misses=57, HitRate=95.22%
    Predictor Routed-Expert HitRate=N/A
    Loads Per Step: 0Loads=102, 1Load=38, >1Load=9
    Bandwidth: StallLoads=57, PrefetchLoads=45, AvgLoadTime=3.86ms
    PrefetchOverlap: HiddenReady=44, HiddenWait=0, TicksSkipped=0
    MissCause: NotPresent=57, NotReadyStall=0
    PrefetchEff: Dropped=0, AlreadyCached=551, UsedBeforeEvict=44, EvictedBeforeUse=1
    GatingPredict Recall=49.33% (588/1192)
    GatingPredict Precision=98.66% (588/596)
    GatingPrefetch Delivery=49.33% (588/1192)
    GatingPrefetch Triggers=149
    Predictor TopK matches: 0=0 1=0 >=2=0
Layer 46 Cache Stats: Hits=1118, Misses=74, HitRate=93.79%
    Predictor Routed-Expert HitRate=N/A
    Loads Per Step: 0Loads=94, 1Load=39, >1Load=16
    Bandwidth: StallLoads=74, PrefetchLoads=61, AvgLoadTime=3.76ms
    PrefetchOverlap: HiddenReady=61, HiddenWait=0, TicksSkipped=0
    MissCause: NotPresent=74, NotReadyStall=0
    PrefetchEff: Dropped=0, AlreadyCached=535, UsedBeforeEvict=61, EvictedBeforeUse=0
    GatingPredict Recall=49.08% (585/1192)
    GatingPredict Precision=98.15% (585/596)
    GatingPrefetch Delivery=49.08% (585/1192)
    GatingPrefetch Triggers=149
    Predictor TopK matches: 0=0 1=0 >=2=0
Layer 47 Cache Stats: Hits=1094, Misses=98, HitRate=91.78%
    Predictor Routed-Expert HitRate=N/A
    Loads Per Step: 0Loads=82, 1Load=42, >1Load=25
    Bandwidth: StallLoads=98, PrefetchLoads=118, AvgLoadTime=3.17ms
    PrefetchOverlap: HiddenReady=108, HiddenWait=0, TicksSkipped=0
    MissCause: NotPresent=98, NotReadyStall=0
    PrefetchEff: Dropped=0, AlreadyCached=478, UsedBeforeEvict=108, EvictedBeforeUse=10
    GatingPredict Recall=48.24% (575/1192)
    GatingPredict Precision=96.48% (575/596)
    GatingPrefetch Delivery=48.24% (575/1192)
    GatingPrefetch Triggers=149
    Predictor TopK matches: 0=0 1=0 >=2=0
============================================================
============================================================
Initializing Qwen3 30B-A3B AWQ w4a16 quantized model...
============================================================
Loading quantized weights from QuixiAI/Qwen3-30B-A3B-AWQ...
Using saved safetensors: /home/michael/heteroPredict/py/unified_llm_w4a16/model_weights/Qwen3-30B-A3B-AWQ.safetensors
Expert weights dir: /home/michael/heteroPredict/py/unified_llm_w4a16/model_weights/Qwen3-30B-A3B-AWQ_packed  (format: packed)
Using existing attention weights in /home/michael/heteroPredict/py/unified_llm_w4a16/model_weights/Qwen3-30B-A3B-AWQ_unpacked
Weights loaded (expert dir override) in 0.29 seconds
Pre-warming expert cache with 48 experts...
Model initialized successfully!
Set expert cache policy to LRU.

Running sweep using prompts from JSON: /tmp/tmp5v9e_y8_.json
Loaded 1 prompts for sweeping.

Processing Prompt 1/1...

============================================================
Generated text only:
============================================================
 time was too " literary " and not sufficiently " classical " . However , he was not discouraged and continued to travel . He later took the exam again in 741 , and passed it . He was then given a minor post in the capital . 

 = = = The An Lushan rebellion and the fall of the Tang = = = 

 In 755 , the An Lushan rebellion broke out . The rebellion was a massive rebellion led by a general of non-Han origin , An Lushan , who had been appointed to the northern frontier to defend against the Tibetans . The rebellion began in 755 and lasted until 763 . The rebellion caused the collapse of the Tang dynasty and the death
============================================================

============================================================
Sweep Complete.
Average Time per Token: 0.295084
End-to-End TPS: 3.3889
Cache Stats: Hits=52686, Misses=4530, HitRate=92.08%
Predictor Stats: Hits=0, Total=0, HitRate=0.00%
Initializing UnifiedLLMW4A16Impl_base
Using NPU config struct.
Configuring NPU (Base):
  Heterogeneity: gpu
  GPU Count: 1
  Debug Verbosity: 1
  Dummy Weights: false
  Warmup: false
  Preload MoE: true
  Minimal PDI: true
[GPU SELECT] Free VRAM ranking: gpu0=28.00/28.00 GiB
[GPU SELECT] Selected GPUs for gpu-count=1: [0]
[GPU MAP] Single-GPU placement on gpu0
[Layer 1] cache partition: main=44 speculative=4 (fraction=0.0833333)
[GatingHeuristicPredictor Layer 1] prefetch_count=4 softmax_before_topk=yes
[Layer 2] cache partition: main=44 speculative=4 (fraction=0.0833333)
[GatingHeuristicPredictor Layer 2] prefetch_count=4 softmax_before_topk=yes
[Layer 3] cache partition: main=44 speculative=4 (fraction=0.0833333)
[GatingHeuristicPredictor Layer 3] prefetch_count=4 softmax_before_topk=yes
[Layer 4] cache partition: main=44 speculative=4 (fraction=0.0833333)
[GatingHeuristicPredictor Layer 4] prefetch_count=4 softmax_before_topk=yes
[Layer 5] cache partition: main=44 speculative=4 (fraction=0.0833333)
[GatingHeuristicPredictor Layer 5] prefetch_count=4 softmax_before_topk=yes
[Layer 6] cache partition: main=44 speculative=4 (fraction=0.0833333)
[GatingHeuristicPredictor Layer 6] prefetch_count=4 softmax_before_topk=yes
[Layer 7] cache partition: main=44 speculative=4 (fraction=0.0833333)
[GatingHeuristicPredictor Layer 7] prefetch_count=4 softmax_before_topk=yes
[Layer 8] cache partition: main=44 speculative=4 (fraction=0.0833333)
[GatingHeuristicPredictor Layer 8] prefetch_count=4 softmax_before_topk=yes
[Layer 9] cache partition: main=44 speculative=4 (fraction=0.0833333)
[GatingHeuristicPredictor Layer 9] prefetch_count=4 softmax_before_topk=yes
[Layer 10] cache partition: main=44 speculative=4 (fraction=0.0833333)
[GatingHeuristicPredictor Layer 10] prefetch_count=4 softmax_before_topk=yes
[Layer 11] cache partition: main=44 speculative=4 (fraction=0.0833333)
[GatingHeuristicPredictor Layer 11] prefetch_count=4 softmax_before_topk=yes
[Layer 12] cache partition: main=44 speculative=4 (fraction=0.0833333)
[GatingHeuristicPredictor Layer 12] prefetch_count=4 softmax_before_topk=yes
[Layer 13] cache partition: main=44 speculative=4 (fraction=0.0833333)
[GatingHeuristicPredictor Layer 13] prefetch_count=4 softmax_before_topk=yes
[Layer 14] cache partition: main=44 speculative=4 (fraction=0.0833333)
[GatingHeuristicPredictor Layer 14] prefetch_count=4 softmax_before_topk=yes
[Layer 15] cache partition: main=44 speculative=4 (fraction=0.0833333)
[GatingHeuristicPredictor Layer 15] prefetch_count=4 softmax_before_topk=yes
[Layer 16] cache partition: main=44 speculative=4 (fraction=0.0833333)
[GatingHeuristicPredictor Layer 16] prefetch_count=4 softmax_before_topk=yes
[Layer 17] cache partition: main=44 speculative=4 (fraction=0.0833333)
[GatingHeuristicPredictor Layer 17] prefetch_count=4 softmax_before_topk=yes
[Layer 18] cache partition: main=44 speculative=4 (fraction=0.0833333)
[GatingHeuristicPredictor Layer 18] prefetch_count=4 softmax_before_topk=yes
[Layer 19] cache partition: main=44 speculative=4 (fraction=0.0833333)
[GatingHeuristicPredictor Layer 19] prefetch_count=4 softmax_before_topk=yes
[Layer 20] cache partition: main=44 speculative=4 (fraction=0.0833333)
[GatingHeuristicPredictor Layer 20] prefetch_count=4 softmax_before_topk=yes
[Layer 21] cache partition: main=44 speculative=4 (fraction=0.0833333)
[GatingHeuristicPredictor Layer 21] prefetch_count=4 softmax_before_topk=yes
[Layer 22] cache partition: main=44 speculative=4 (fraction=0.0833333)
[GatingHeuristicPredictor Layer 22] prefetch_count=4 softmax_before_topk=yes
[Layer 23] cache partition: main=44 speculative=4 (fraction=0.0833333)
[GatingHeuristicPredictor Layer 23] prefetch_count=4 softmax_before_topk=yes
[Layer 24] cache partition: main=44 speculative=4 (fraction=0.0833333)
[GatingHeuristicPredictor Layer 24] prefetch_count=4 softmax_before_topk=yes
[Layer 25] cache partition: main=44 speculative=4 (fraction=0.0833333)
[GatingHeuristicPredictor Layer 25] prefetch_count=4 softmax_before_topk=yes
[Layer 26] cache partition: main=44 speculative=4 (fraction=0.0833333)
[GatingHeuristicPredictor Layer 26] prefetch_count=4 softmax_before_topk=yes
[Layer 27] cache partition: main=44 speculative=4 (fraction=0.0833333)
[GatingHeuristicPredictor Layer 27] prefetch_count=4 softmax_before_topk=yes
[Layer 28] cache partition: main=44 speculative=4 (fraction=0.0833333)
[GatingHeuristicPredictor Layer 28] prefetch_count=4 softmax_before_topk=yes
[Layer 29] cache partition: main=44 speculative=4 (fraction=0.0833333)
[GatingHeuristicPredictor Layer 29] prefetch_count=4 softmax_before_topk=yes
[Layer 30] cache partition: main=44 speculative=4 (fraction=0.0833333)
[GatingHeuristicPredictor Layer 30] prefetch_count=4 softmax_before_topk=yes
[Layer 31] cache partition: main=44 speculative=4 (fraction=0.0833333)
[GatingHeuristicPredictor Layer 31] prefetch_count=4 softmax_before_topk=yes
[Layer 32] cache partition: main=44 speculative=4 (fraction=0.0833333)
[GatingHeuristicPredictor Layer 32] prefetch_count=4 softmax_before_topk=yes
[Layer 33] cache partition: main=44 speculative=4 (fraction=0.0833333)
[GatingHeuristicPredictor Layer 33] prefetch_count=4 softmax_before_topk=yes
[Layer 34] cache partition: main=44 speculative=4 (fraction=0.0833333)
[GatingHeuristicPredictor Layer 34] prefetch_count=4 softmax_before_topk=yes
[Layer 35] cache partition: main=44 speculative=4 (fraction=0.0833333)
[GatingHeuristicPredictor Layer 35] prefetch_count=4 softmax_before_topk=yes
[Layer 36] cache partition: main=44 speculative=4 (fraction=0.0833333)
[GatingHeuristicPredictor Layer 36] prefetch_count=4 softmax_before_topk=yes
[Layer 37] cache partition: main=44 speculative=4 (fraction=0.0833333)
[GatingHeuristicPredictor Layer 37] prefetch_count=4 softmax_before_topk=yes
[Layer 38] cache partition: main=44 speculative=4 (fraction=0.0833333)
[GatingHeuristicPredictor Layer 38] prefetch_count=4 softmax_before_topk=yes
[Layer 39] cache partition: main=44 speculative=4 (fraction=0.0833333)
[GatingHeuristicPredictor Layer 39] prefetch_count=4 softmax_before_topk=yes
[Layer 40] cache partition: main=44 speculative=4 (fraction=0.0833333)
[GatingHeuristicPredictor Layer 40] prefetch_count=4 softmax_before_topk=yes
[Layer 41] cache partition: main=44 speculative=4 (fraction=0.0833333)
[GatingHeuristicPredictor Layer 41] prefetch_count=4 softmax_before_topk=yes
[Layer 42] cache partition: main=44 speculative=4 (fraction=0.0833333)
[GatingHeuristicPredictor Layer 42] prefetch_count=4 softmax_before_topk=yes
[Layer 43] cache partition: main=44 speculative=4 (fraction=0.0833333)
[GatingHeuristicPredictor Layer 43] prefetch_count=4 softmax_before_topk=yes
[Layer 44] cache partition: main=44 speculative=4 (fraction=0.0833333)
[GatingHeuristicPredictor Layer 44] prefetch_count=4 softmax_before_topk=yes
[Layer 45] cache partition: main=44 speculative=4 (fraction=0.0833333)
[GatingHeuristicPredictor Layer 45] prefetch_count=4 softmax_before_topk=yes
[Layer 46] cache partition: main=44 speculative=4 (fraction=0.0833333)
[GatingHeuristicPredictor Layer 46] prefetch_count=4 softmax_before_topk=yes
[Layer 47] cache partition: main=44 speculative=4 (fraction=0.0833333)
[GatingHeuristicPredictor Layer 47] prefetch_count=4 softmax_before_topk=yes
UnifiedLLMW4A16 moved to device: cuda:0
Preloading MoE kernels...
MoE kernels preloaded.
UnifiedLLMW4A16 initialized on device: cuda:0 with w4a16 quantization
Loading non-quantized weights from safetensors (mmap): /home/michael/heteroPredict/py/unified_llm_w4a16/model_weights/Qwen3-30B-A3B-AWQ.safetensors
Loaded 243 non-quantized parameters, skipped 0
Loading quantized weights from bins: /home/michael/heteroPredict/py/unified_llm_w4a16/model_weights/Qwen3-30B-A3B-AWQ_unpacked
  Expert weights dir override: /home/michael/heteroPredict/py/unified_llm_w4a16/model_weights/Qwen3-30B-A3B-AWQ_packed
Pre-warming 48 experts for all layers...
Layer 0: Pre-warming 44 experts.
Layer 0: using packed expert format.
[MoE I/O] Expert weight reads require O_DIRECT (no buffered fallback).
Layer 1: Pre-warming 44 experts.
Layer 1: using packed expert format.
Layer 2: Pre-warming 44 experts.
Layer 2: using packed expert format.
Layer 3: Pre-warming 44 experts.
Layer 3: using packed expert format.
Prewarmed experts for layer 4/48
Layer 4: Pre-warming 44 experts.
Layer 4: using packed expert format.
Layer 5: Pre-warming 44 experts.
Layer 5: using packed expert format.
Layer 6: Pre-warming 44 experts.
Layer 6: using packed expert format.
Layer 7: Pre-warming 44 experts.
Layer 7: using packed expert format.
Prewarmed experts for layer 8/48
Layer 8: Pre-warming 44 experts.
Layer 8: using packed expert format.
Layer 9: Pre-warming 44 experts.
Layer 9: using packed expert format.
Layer 10: Pre-warming 44 experts.
Layer 10: using packed expert format.
Layer 11: Pre-warming 44 experts.
Layer 11: using packed expert format.
Prewarmed experts for layer 12/48
Layer 12: Pre-warming 44 experts.
Layer 12: using packed expert format.
Layer 13: Pre-warming 44 experts.
Layer 13: using packed expert format.
Layer 14: Pre-warming 44 experts.
Layer 14: using packed expert format.
Layer 15: Pre-warming 44 experts.
Layer 15: using packed expert format.
Prewarmed experts for layer 16/48
Layer 16: Pre-warming 44 experts.
Layer 16: using packed expert format.
Layer 17: Pre-warming 44 experts.
Layer 17: using packed expert format.
Layer 18: Pre-warming 44 experts.
Layer 18: using packed expert format.
Layer 19: Pre-warming 44 experts.
Layer 19: using packed expert format.
Prewarmed experts for layer 20/48
Layer 20: Pre-warming 44 experts.
Layer 20: using packed expert format.
Layer 21: Pre-warming 44 experts.
Layer 21: using packed expert format.
Layer 22: Pre-warming 44 experts.
Layer 22: using packed expert format.
Layer 23: Pre-warming 44 experts.
Layer 23: using packed expert format.
Prewarmed experts for layer 24/48
Layer 24: Pre-warming 44 experts.
Layer 24: using packed expert format.
Layer 25: Pre-warming 44 experts.
Layer 25: using packed expert format.
Layer 26: Pre-warming 44 experts.
Layer 26: using packed expert format.
Layer 27: Pre-warming 44 experts.
Layer 27: using packed expert format.
Prewarmed experts for layer 28/48
Layer 28: Pre-warming 44 experts.
Layer 28: using packed expert format.
Layer 29: Pre-warming 44 experts.
Layer 29: using packed expert format.
Layer 30: Pre-warming 44 experts.
Layer 30: using packed expert format.
Layer 31: Pre-warming 44 experts.
Layer 31: using packed expert format.
Prewarmed experts for layer 32/48
Layer 32: Pre-warming 44 experts.
Layer 32: using packed expert format.
Layer 33: Pre-warming 44 experts.
Layer 33: using packed expert format.
Layer 34: Pre-warming 44 experts.
Layer 34: using packed expert format.
Layer 35: Pre-warming 44 experts.
Layer 35: using packed expert format.
Prewarmed experts for layer 36/48
Layer 36: Pre-warming 44 experts.
Layer 36: using packed expert format.
Layer 37: Pre-warming 44 experts.
Layer 37: using packed expert format.
Layer 38: Pre-warming 44 experts.
Layer 38: using packed expert format.
Layer 39: Pre-warming 44 experts.
Layer 39: using packed expert format.
Prewarmed experts for layer 40/48
Layer 40: Pre-warming 44 experts.
Layer 40: using packed expert format.
Layer 41: Pre-warming 44 experts.
Layer 41: using packed expert format.
Layer 42: Pre-warming 44 experts.
Layer 42: using packed expert format.
Layer 43: Pre-warming 44 experts.
Layer 43: using packed expert format.
Prewarmed experts for layer 44/48
Layer 44: Pre-warming 44 experts.
Layer 44: using packed expert format.
Layer 45: Pre-warming 44 experts.
Layer 45: using packed expert format.
Layer 46: Pre-warming 44 experts.
Layer 46: using packed expert format.
Layer 47: Pre-warming 44 experts.
Layer 47: using packed expert format.
Prewarmed experts for layer 48/48
Libtorch input_ids shape: [1, 512]
Skipping warmup.
Prefill time: 17.5273 seconds
Generation phase
[Layer 0 Step 0 Debug] Slots before check: 90 91 92 93 95 96 97 98 99 100 101 102 103 104 105 106 107 108 109 110 111 112 113 114 115 116 117 118 119 120 121 122 123 124 125 126 127 83 84 85 86 87 88 89 -1 -1 -1 -1 
[Layer 0 Step 0 Debug] Requested: 119 34 28 7 51 110 46 72 
[gen 5/149] elapsed=1.7s  TPS=2.877
[gen 10/149] elapsed=3.1s  TPS=3.258
[gen 15/149] elapsed=4.0s  TPS=3.718
[gen 20/149] elapsed=4.9s  TPS=4.090
[gen 25/149] elapsed=5.7s  TPS=4.361
[gen 30/149] elapsed=6.4s  TPS=4.718
[gen 35/149] elapsed=7.0s  TPS=4.967
[gen 40/149] elapsed=7.7s  TPS=5.206
[gen 45/149] elapsed=8.3s  TPS=5.404
[gen 50/149] elapsed=8.8s  TPS=5.663
[gen 55/149] elapsed=9.5s  TPS=5.804
[gen 60/149] elapsed=10.2s  TPS=5.907
[gen 65/149] elapsed=11.3s  TPS=5.749
[gen 70/149] elapsed=12.0s  TPS=5.853
[gen 75/149] elapsed=12.6s  TPS=5.949
[gen 80/149] elapsed=13.3s  TPS=6.015
[gen 85/149] elapsed=14.2s  TPS=5.986
[gen 90/149] elapsed=15.1s  TPS=5.976
[gen 95/149] elapsed=16.3s  TPS=5.845
[gen 100/149] elapsed=17.4s  TPS=5.733
[gen 105/149] elapsed=18.4s  TPS=5.715
[gen 110/149] elapsed=19.3s  TPS=5.700
[gen 115/149] elapsed=20.0s  TPS=5.755
[gen 120/149] elapsed=20.8s  TPS=5.764
[gen 125/149] elapsed=21.7s  TPS=5.763
[gen 130/149] elapsed=22.7s  TPS=5.736
[gen 135/149] elapsed=23.5s  TPS=5.745
[gen 140/149] elapsed=24.4s  TPS=5.728
[gen 145/149] elapsed=25.2s  TPS=5.755
Prefill time (summary): 17.527 seconds
Total Generation Time: 25.984 seconds
Average Time per Token: 0.174391 seconds

Expert Cache Statistics:
Layer 0 Cache Stats: Hits=570, Misses=622, HitRate=47.82%
    Predictor Routed-Expert HitRate=N/A
    Loads Per Step: 0Loads=4, 1Load=13, >1Load=132
    Bandwidth: StallLoads=622, PrefetchLoads=0, AvgLoadTime=2.34ms
    MissCause: NotPresent=622, NotReadyStall=0
    GlobalSpecLoad: PeakConcurrent=2
    Predictor TopK matches: 0=0 1=0 >=2=0
Layer 1 Cache Stats: Hits=975, Misses=217, HitRate=81.80%
    Predictor Routed-Expert HitRate=N/A
    Loads Per Step: 0Loads=29, 1Load=51, >1Load=69
    Bandwidth: StallLoads=217, PrefetchLoads=143, AvgLoadTime=3.67ms
    PrefetchOverlap: HiddenReady=131, HiddenWait=0, TicksSkipped=0
    MissCause: NotPresent=217, NotReadyStall=0
    PrefetchEff: Dropped=0, AlreadyCached=453, UsedBeforeEvict=131, EvictedBeforeUse=11
    GatingPredict Recall=42.20% (503/1192)
    GatingPredict Precision=84.40% (503/596)
    GatingPrefetch Delivery=42.20% (503/1192)
    GatingPrefetch Triggers=149
    Predictor TopK matches: 0=0 1=0 >=2=0
Layer 2 Cache Stats: Hits=1067, Misses=125, HitRate=89.51%
    Predictor Routed-Expert HitRate=N/A
    Loads Per Step: 0Loads=55, 1Load=67, >1Load=27
    Bandwidth: StallLoads=125, PrefetchLoads=123, AvgLoadTime=3.56ms
    PrefetchOverlap: HiddenReady=108, HiddenWait=0, TicksSkipped=0
    MissCause: NotPresent=125, NotReadyStall=0
    PrefetchEff: Dropped=0, AlreadyCached=473, UsedBeforeEvict=108, EvictedBeforeUse=15
    GatingPredict Recall=43.71% (521/1192)
    GatingPredict Precision=87.42% (521/596)
    GatingPrefetch Delivery=43.71% (521/1192)
    GatingPrefetch Triggers=149
    Predictor TopK matches: 0=0 1=0 >=2=0
Layer 3 Cache Stats: Hits=1016, Misses=176, HitRate=85.23%
    Predictor Routed-Expert HitRate=N/A
    Loads Per Step: 0Loads=46, 1Load=44, >1Load=59
    Bandwidth: StallLoads=176, PrefetchLoads=124, AvgLoadTime=3.20ms
    PrefetchOverlap: HiddenReady=109, HiddenWait=0, TicksSkipped=0
    MissCause: NotPresent=176, NotReadyStall=0
    PrefetchEff: Dropped=0, AlreadyCached=472, UsedBeforeEvict=109, EvictedBeforeUse=15
    GatingPredict Recall=40.86% (487/1192)
    GatingPredict Precision=81.71% (487/596)
    GatingPrefetch Delivery=41.19% (491/1192)
    GatingPrefetch Triggers=149
    Predictor TopK matches: 0=0 1=0 >=2=0
Layer 4 Cache Stats: Hits=1086, Misses=106, HitRate=91.11%
    Predictor Routed-Expert HitRate=N/A
    Loads Per Step: 0Loads=76, 1Load=52, >1Load=21
    Bandwidth: StallLoads=106, PrefetchLoads=86, AvgLoadTime=3.58ms
    PrefetchOverlap: HiddenReady=64, HiddenWait=0, TicksSkipped=0
    MissCause: NotPresent=106, NotReadyStall=0
    PrefetchEff: Dropped=0, AlreadyCached=510, UsedBeforeEvict=64, EvictedBeforeUse=19
    GatingPredict Recall=43.04% (513/1192)
    GatingPredict Precision=86.07% (513/596)
    GatingPrefetch Delivery=43.20% (515/1192)
    GatingPrefetch Triggers=149
    Predictor TopK matches: 0=0 1=0 >=2=0
Layer 5 Cache Stats: Hits=1115, Misses=77, HitRate=93.54%
    Predictor Routed-Expert HitRate=N/A
    Loads Per Step: 0Loads=87, 1Load=52, >1Load=10
    Bandwidth: StallLoads=77, PrefetchLoads=74, AvgLoadTime=3.80ms
    PrefetchOverlap: HiddenReady=73, HiddenWait=0, TicksSkipped=0
    MissCause: NotPresent=77, NotReadyStall=0
    PrefetchEff: Dropped=0, AlreadyCached=522, UsedBeforeEvict=73, EvictedBeforeUse=1
    GatingPredict Recall=47.99% (572/1192)
    GatingPredict Precision=95.97% (572/596)
    GatingPrefetch Delivery=47.99% (572/1192)
    GatingPrefetch Triggers=149
    Predictor TopK matches: 0=0 1=0 >=2=0
Layer 6 Cache Stats: Hits=1163, Misses=29, HitRate=97.57%
    Predictor Routed-Expert HitRate=N/A
    Loads Per Step: 0Loads=126, 1Load=18, >1Load=5
    Bandwidth: StallLoads=29, PrefetchLoads=24, AvgLoadTime=3.81ms
    PrefetchOverlap: HiddenReady=21, HiddenWait=0, TicksSkipped=0
    MissCause: NotPresent=29, NotReadyStall=0
    PrefetchEff: Dropped=0, AlreadyCached=572, UsedBeforeEvict=21, EvictedBeforeUse=1
    GatingPredict Recall=47.82% (570/1192)
    GatingPredict Precision=95.64% (570/596)
    GatingPrefetch Delivery=47.82% (570/1192)
    GatingPrefetch Triggers=149
    Predictor TopK matches: 0=0 1=0 >=2=0
Layer 7 Cache Stats: Hits=1162, Misses=30, HitRate=97.48%
    Predictor Routed-Expert HitRate=N/A
    Loads Per Step: 0Loads=126, 1Load=18, >1Load=5
    Bandwidth: StallLoads=30, PrefetchLoads=21, AvgLoadTime=3.71ms
    PrefetchOverlap: HiddenReady=20, HiddenWait=0, TicksSkipped=0
    MissCause: NotPresent=30, NotReadyStall=0
    PrefetchEff: Dropped=0, AlreadyCached=575, UsedBeforeEvict=20, EvictedBeforeUse=1
    GatingPredict Recall=49.41% (589/1192)
    GatingPredict Precision=98.83% (589/596)
    GatingPrefetch Delivery=49.41% (589/1192)
    GatingPrefetch Triggers=149
    Predictor TopK matches: 0=0 1=0 >=2=0
Layer 8 Cache Stats: Hits=1118, Misses=74, HitRate=93.79%
    Predictor Routed-Expert HitRate=N/A
    Loads Per Step: 0Loads=96, 1Load=34, >1Load=19
    Bandwidth: StallLoads=74, PrefetchLoads=33, AvgLoadTime=3.42ms
    PrefetchOverlap: HiddenReady=33, HiddenWait=0, TicksSkipped=0
    MissCause: NotPresent=74, NotReadyStall=0
    PrefetchEff: Dropped=0, AlreadyCached=563, UsedBeforeEvict=33, EvictedBeforeUse=0
    GatingPredict Recall=48.66% (580/1192)
    GatingPredict Precision=97.32% (580/596)
    GatingPrefetch Delivery=48.66% (580/1192)
    GatingPrefetch Triggers=149
    Predictor TopK matches: 0=0 1=0 >=2=0
Layer 9 Cache Stats: Hits=1133, Misses=59, HitRate=95.05%
    Predictor Routed-Expert HitRate=N/A
    Loads Per Step: 0Loads=99, 1Load=42, >1Load=8
    Bandwidth: StallLoads=59, PrefetchLoads=57, AvgLoadTime=3.67ms
    PrefetchOverlap: HiddenReady=54, HiddenWait=0, TicksSkipped=0
    MissCause: NotPresent=59, NotReadyStall=0
    PrefetchEff: Dropped=0, AlreadyCached=539, UsedBeforeEvict=54, EvictedBeforeUse=2
    GatingPredict Recall=48.66% (580/1192)
    GatingPredict Precision=97.32% (580/596)
    GatingPrefetch Delivery=48.66% (580/1192)
    GatingPrefetch Triggers=149
    Predictor TopK matches: 0=0 1=0 >=2=0
Layer 10 Cache Stats: Hits=1119, Misses=73, HitRate=93.88%
    Predictor Routed-Expert HitRate=N/A
    Loads Per Step: 0Loads=97, 1Load=34, >1Load=18
    Bandwidth: StallLoads=73, PrefetchLoads=34, AvgLoadTime=3.62ms
    PrefetchOverlap: HiddenReady=34, HiddenWait=0, TicksSkipped=0
    MissCause: NotPresent=73, NotReadyStall=0
    PrefetchEff: Dropped=0, AlreadyCached=562, UsedBeforeEvict=34, EvictedBeforeUse=0
    GatingPredict Recall=49.24% (587/1192)
    GatingPredict Precision=98.49% (587/596)
    GatingPrefetch Delivery=49.24% (587/1192)
    GatingPrefetch Triggers=149
    Predictor TopK matches: 0=0 1=0 >=2=0
Layer 11 Cache Stats: Hits=1086, Misses=106, HitRate=91.11%
    Predictor Routed-Expert HitRate=N/A
    Loads Per Step: 0Loads=78, 1Load=40, >1Load=31
    Bandwidth: StallLoads=106, PrefetchLoads=69, AvgLoadTime=3.09ms
    PrefetchOverlap: HiddenReady=68, HiddenWait=0, TicksSkipped=0
    MissCause: NotPresent=106, NotReadyStall=0
    PrefetchEff: Dropped=0, AlreadyCached=527, UsedBeforeEvict=68, EvictedBeforeUse=0
    GatingPredict Recall=49.41% (589/1192)
    GatingPredict Precision=98.83% (589/596)
    GatingPrefetch Delivery=49.41% (589/1192)
    GatingPrefetch Triggers=149
    Predictor TopK matches: 0=0 1=0 >=2=0
Layer 12 Cache Stats: Hits=1112, Misses=80, HitRate=93.29%
    Predictor Routed-Expert HitRate=N/A
    Loads Per Step: 0Loads=88, 1Load=45, >1Load=16
    Bandwidth: StallLoads=80, PrefetchLoads=33, AvgLoadTime=3.94ms
    PrefetchOverlap: HiddenReady=32, HiddenWait=0, TicksSkipped=0
    MissCause: NotPresent=80, NotReadyStall=0
    PrefetchEff: Dropped=0, AlreadyCached=563, UsedBeforeEvict=32, EvictedBeforeUse=1
    GatingPredict Recall=49.24% (587/1192)
    GatingPredict Precision=98.49% (587/596)
    GatingPrefetch Delivery=49.24% (587/1192)
    GatingPrefetch Triggers=149
    Predictor TopK matches: 0=0 1=0 >=2=0
Layer 13 Cache Stats: Hits=1095, Misses=97, HitRate=91.86%
    Predictor Routed-Expert HitRate=N/A
    Loads Per Step: 0Loads=74, 1Load=57, >1Load=18
    Bandwidth: StallLoads=97, PrefetchLoads=85, AvgLoadTime=3.62ms
    PrefetchOverlap: HiddenReady=77, HiddenWait=0, TicksSkipped=0
    MissCause: NotPresent=97, NotReadyStall=0
    PrefetchEff: Dropped=0, AlreadyCached=511, UsedBeforeEvict=77, EvictedBeforeUse=6
    GatingPredict Recall=47.48% (566/1192)
    GatingPredict Precision=94.97% (566/596)
    GatingPrefetch Delivery=47.57% (567/1192)
    GatingPrefetch Triggers=149
    Predictor TopK matches: 0=0 1=0 >=2=0
Layer 14 Cache Stats: Hits=1148, Misses=44, HitRate=96.31%
    Predictor Routed-Expert HitRate=N/A
    Loads Per Step: 0Loads=114, 1Load=28, >1Load=7
    Bandwidth: StallLoads=44, PrefetchLoads=46, AvgLoadTime=3.72ms
    PrefetchOverlap: HiddenReady=45, HiddenWait=0, TicksSkipped=0
    MissCause: NotPresent=44, NotReadyStall=0
    PrefetchEff: Dropped=0, AlreadyCached=550, UsedBeforeEvict=45, EvictedBeforeUse=1
    GatingPredict Recall=48.66% (580/1192)
    GatingPredict Precision=97.32% (580/596)
    GatingPrefetch Delivery=48.66% (580/1192)
    GatingPrefetch Triggers=149
    Predictor TopK matches: 0=0 1=0 >=2=0
Layer 15 Cache Stats: Hits=1149, Misses=43, HitRate=96.39%
    Predictor Routed-Expert HitRate=N/A
    Loads Per Step: 0Loads=112, 1Load=32, >1Load=5
    Bandwidth: StallLoads=43, PrefetchLoads=24, AvgLoadTime=3.91ms
    PrefetchOverlap: HiddenReady=21, HiddenWait=0, TicksSkipped=0
    MissCause: NotPresent=43, NotReadyStall=0
    PrefetchEff: Dropped=0, AlreadyCached=572, UsedBeforeEvict=21, EvictedBeforeUse=3
    GatingPredict Recall=49.33% (588/1192)
    GatingPredict Precision=98.66% (588/596)
    GatingPrefetch Delivery=49.33% (588/1192)
    GatingPrefetch Triggers=149
    Predictor TopK matches: 0=0 1=0 >=2=0
Layer 16 Cache Stats: Hits=1138, Misses=54, HitRate=95.47%
    Predictor Routed-Expert HitRate=N/A
    Loads Per Step: 0Loads=107, 1Load=30, >1Load=12
    Bandwidth: StallLoads=54, PrefetchLoads=59, AvgLoadTime=3.64ms
    PrefetchOverlap: HiddenReady=58, HiddenWait=0, TicksSkipped=0
    MissCause: NotPresent=54, NotReadyStall=0
    PrefetchEff: Dropped=0, AlreadyCached=537, UsedBeforeEvict=58, EvictedBeforeUse=1
    GatingPredict Recall=48.41% (577/1192)
    GatingPredict Precision=96.81% (577/596)
    GatingPrefetch Delivery=48.41% (577/1192)
    GatingPrefetch Triggers=149
    Predictor TopK matches: 0=0 1=0 >=2=0
Layer 17 Cache Stats: Hits=1100, Misses=92, HitRate=92.28%
    Predictor Routed-Expert HitRate=N/A
    Loads Per Step: 0Loads=75, 1Load=59, >1Load=15
    Bandwidth: StallLoads=92, PrefetchLoads=56, AvgLoadTime=3.50ms
    PrefetchOverlap: HiddenReady=55, HiddenWait=0, TicksSkipped=0
    MissCause: NotPresent=92, NotReadyStall=0
    PrefetchEff: Dropped=0, AlreadyCached=540, UsedBeforeEvict=55, EvictedBeforeUse=1
    GatingPredict Recall=49.16% (586/1192)
    GatingPredict Precision=98.32% (586/596)
    GatingPrefetch Delivery=49.16% (586/1192)
    GatingPrefetch Triggers=149
    Predictor TopK matches: 0=0 1=0 >=2=0
Layer 18 Cache Stats: Hits=1161, Misses=31, HitRate=97.40%
    Predictor Routed-Expert HitRate=N/A
    Loads Per Step: 0Loads=122, 1Load=23, >1Load=4
    Bandwidth: StallLoads=31, PrefetchLoads=31, AvgLoadTime=4.11ms
    PrefetchOverlap: HiddenReady=24, HiddenWait=0, TicksSkipped=0
    MissCause: NotPresent=31, NotReadyStall=0
    PrefetchEff: Dropped=0, AlreadyCached=565, UsedBeforeEvict=24, EvictedBeforeUse=6
    GatingPredict Recall=48.07% (573/1192)
    GatingPredict Precision=96.14% (573/596)
    GatingPrefetch Delivery=48.24% (575/1192)
    GatingPrefetch Triggers=149
    Predictor TopK matches: 0=0 1=0 >=2=0
Layer 19 Cache Stats: Hits=1165, Misses=27, HitRate=97.73%
    Predictor Routed-Expert HitRate=N/A
    Loads Per Step: 0Loads=127, 1Load=20, >1Load=2
    Bandwidth: StallLoads=27, PrefetchLoads=14, AvgLoadTime=4.00ms
    PrefetchOverlap: HiddenReady=14, HiddenWait=0, TicksSkipped=0
    MissCause: NotPresent=27, NotReadyStall=0
    PrefetchEff: Dropped=0, AlreadyCached=582, UsedBeforeEvict=14, EvictedBeforeUse=0
    GatingPredict Recall=49.75% (593/1192)
    GatingPredict Precision=99.50% (593/596)
    GatingPrefetch Delivery=49.75% (593/1192)
    GatingPrefetch Triggers=149
    Predictor TopK matches: 0=0 1=0 >=2=0
Layer 20 Cache Stats: Hits=1124, Misses=68, HitRate=94.30%
    Predictor Routed-Expert HitRate=N/A
    Loads Per Step: 0Loads=94, 1Load=44, >1Load=11
    Bandwidth: StallLoads=68, PrefetchLoads=23, AvgLoadTime=3.60ms
    PrefetchOverlap: HiddenReady=23, HiddenWait=0, TicksSkipped=0
    MissCause: NotPresent=68, NotReadyStall=0
    PrefetchEff: Dropped=0, AlreadyCached=573, UsedBeforeEvict=23, EvictedBeforeUse=0
    GatingPredict Recall=49.75% (593/1192)
    GatingPredict Precision=99.50% (593/596)
    GatingPrefetch Delivery=49.83% (594/1192)
    GatingPrefetch Triggers=149
    Predictor TopK matches: 0=0 1=0 >=2=0
Layer 21 Cache Stats: Hits=1128, Misses=64, HitRate=94.63%
    Predictor Routed-Expert HitRate=N/A
    Loads Per Step: 0Loads=100, 1Load=35, >1Load=14
    Bandwidth: StallLoads=64, PrefetchLoads=42, AvgLoadTime=3.62ms
    PrefetchOverlap: HiddenReady=37, HiddenWait=0, TicksSkipped=0
    MissCause: NotPresent=64, NotReadyStall=0
    PrefetchEff: Dropped=0, AlreadyCached=554, UsedBeforeEvict=37, EvictedBeforeUse=5
    GatingPredict Recall=48.32% (576/1192)
    GatingPredict Precision=96.64% (576/596)
    GatingPrefetch Delivery=48.41% (577/1192)
    GatingPrefetch Triggers=149
    Predictor TopK matches: 0=0 1=0 >=2=0
Layer 22 Cache Stats: Hits=1100, Misses=92, HitRate=92.28%
    Predictor Routed-Expert HitRate=N/A
    Loads Per Step: 0Loads=76, 1Load=57, >1Load=16
    Bandwidth: StallLoads=92, PrefetchLoads=40, AvgLoadTime=3.85ms
    PrefetchOverlap: HiddenReady=40, HiddenWait=0, TicksSkipped=0
    MissCause: NotPresent=92, NotReadyStall=0
    PrefetchEff: Dropped=0, AlreadyCached=556, UsedBeforeEvict=40, EvictedBeforeUse=0
    GatingPredict Recall=49.58% (591/1192)
    GatingPredict Precision=99.16% (591/596)
    GatingPrefetch Delivery=49.58% (591/1192)
    GatingPrefetch Triggers=149
    Predictor TopK matches: 0=0 1=0 >=2=0
Layer 23 Cache Stats: Hits=1047, Misses=145, HitRate=87.84%
    Predictor Routed-Expert HitRate=N/A
    Loads Per Step: 0Loads=50, 1Load=59, >1Load=40
    Bandwidth: StallLoads=145, PrefetchLoads=76, AvgLoadTime=3.52ms
    PrefetchOverlap: HiddenReady=73, HiddenWait=0, TicksSkipped=0
    MissCause: NotPresent=145, NotReadyStall=0
    PrefetchEff: Dropped=0, AlreadyCached=520, UsedBeforeEvict=73, EvictedBeforeUse=3
    GatingPredict Recall=47.57% (567/1192)
    GatingPredict Precision=95.13% (567/596)
    GatingPrefetch Delivery=47.57% (567/1192)
    GatingPrefetch Triggers=149
    Predictor TopK matches: 0=0 1=0 >=2=0
Layer 24 Cache Stats: Hits=1107, Misses=85, HitRate=92.87%
    Predictor Routed-Expert HitRate=N/A
    Loads Per Step: 0Loads=83, 1Load=48, >1Load=18
    Bandwidth: StallLoads=85, PrefetchLoads=60, AvgLoadTime=3.98ms
    PrefetchOverlap: HiddenReady=59, HiddenWait=0, TicksSkipped=0
    MissCause: NotPresent=85, NotReadyStall=0
    PrefetchEff: Dropped=0, AlreadyCached=536, UsedBeforeEvict=59, EvictedBeforeUse=0
    GatingPredict Recall=49.66% (592/1192)
    GatingPredict Precision=99.33% (592/596)
    GatingPrefetch Delivery=49.66% (592/1192)
    GatingPrefetch Triggers=149
    Predictor TopK matches: 0=0 1=0 >=2=0
Layer 25 Cache Stats: Hits=1073, Misses=119, HitRate=90.02%
    Predictor Routed-Expert HitRate=N/A
    Loads Per Step: 0Loads=61, 1Load=65, >1Load=23
    Bandwidth: StallLoads=119, PrefetchLoads=87, AvgLoadTime=3.63ms
    PrefetchOverlap: HiddenReady=82, HiddenWait=0, TicksSkipped=0
    MissCause: NotPresent=119, NotReadyStall=0
    PrefetchEff: Dropped=0, AlreadyCached=509, UsedBeforeEvict=82, EvictedBeforeUse=5
    GatingPredict Recall=48.32% (576/1192)
    GatingPredict Precision=96.64% (576/596)
    GatingPrefetch Delivery=48.32% (576/1192)
    GatingPrefetch Triggers=149
    Predictor TopK matches: 0=0 1=0 >=2=0
Layer 26 Cache Stats: Hits=1121, Misses=71, HitRate=94.04%
    Predictor Routed-Expert HitRate=N/A
    Loads Per Step: 0Loads=97, 1Load=34, >1Load=18
    Bandwidth: StallLoads=71, PrefetchLoads=69, AvgLoadTime=3.78ms
    PrefetchOverlap: HiddenReady=66, HiddenWait=0, TicksSkipped=0
    MissCause: NotPresent=71, NotReadyStall=0
    PrefetchEff: Dropped=0, AlreadyCached=527, UsedBeforeEvict=66, EvictedBeforeUse=2
    GatingPredict Recall=48.32% (576/1192)
    GatingPredict Precision=96.64% (576/596)
    GatingPrefetch Delivery=48.41% (577/1192)
    GatingPrefetch Triggers=149
    Predictor TopK matches: 0=0 1=0 >=2=0
Layer 27 Cache Stats: Hits=1130, Misses=62, HitRate=94.80%
    Predictor Routed-Expert HitRate=N/A
    Loads Per Step: 0Loads=101, 1Load=39, >1Load=9
    Bandwidth: StallLoads=62, PrefetchLoads=40, AvgLoadTime=3.97ms
    PrefetchOverlap: HiddenReady=38, HiddenWait=0, TicksSkipped=0
    MissCause: NotPresent=62, NotReadyStall=0
    PrefetchEff: Dropped=0, AlreadyCached=556, UsedBeforeEvict=38, EvictedBeforeUse=2
    GatingPredict Recall=49.50% (590/1192)
    GatingPredict Precision=98.99% (590/596)
    GatingPrefetch Delivery=49.50% (590/1192)
    GatingPrefetch Triggers=149
    Predictor TopK matches: 0=0 1=0 >=2=0
Layer 28 Cache Stats: Hits=1108, Misses=84, HitRate=92.95%
    Predictor Routed-Expert HitRate=N/A
    Loads Per Step: 0Loads=89, 1Load=40, >1Load=20
    Bandwidth: StallLoads=84, PrefetchLoads=69, AvgLoadTime=3.54ms
    PrefetchOverlap: HiddenReady=67, HiddenWait=0, TicksSkipped=0
    MissCause: NotPresent=84, NotReadyStall=0
    PrefetchEff: Dropped=0, AlreadyCached=527, UsedBeforeEvict=67, EvictedBeforeUse=2
    GatingPredict Recall=48.49% (578/1192)
    GatingPredict Precision=96.98% (578/596)
    GatingPrefetch Delivery=48.49% (578/1192)
    GatingPrefetch Triggers=149
    Predictor TopK matches: 0=0 1=0 >=2=0
Layer 29 Cache Stats: Hits=1098, Misses=94, HitRate=92.11%
    Predictor Routed-Expert HitRate=N/A
    Loads Per Step: 0Loads=82, 1Load=45, >1Load=22
    Bandwidth: StallLoads=94, PrefetchLoads=61, AvgLoadTime=3.57ms
    PrefetchOverlap: HiddenReady=60, HiddenWait=0, TicksSkipped=0
    MissCause: NotPresent=94, NotReadyStall=0
    PrefetchEff: Dropped=0, AlreadyCached=535, UsedBeforeEvict=60, EvictedBeforeUse=1
    GatingPredict Recall=49.24% (587/1192)
    GatingPredict Precision=98.49% (587/596)
    GatingPrefetch Delivery=49.33% (588/1192)
    GatingPrefetch Triggers=149
    Predictor TopK matches: 0=0 1=0 >=2=0
Layer 30 Cache Stats: Hits=1138, Misses=54, HitRate=95.47%
    Predictor Routed-Expert HitRate=N/A
    Loads Per Step: 0Loads=107, 1Load=34, >1Load=8
    Bandwidth: StallLoads=54, PrefetchLoads=26, AvgLoadTime=3.45ms
    PrefetchOverlap: HiddenReady=25, HiddenWait=0, TicksSkipped=0
    MissCause: NotPresent=54, NotReadyStall=0
    PrefetchEff: Dropped=0, AlreadyCached=570, UsedBeforeEvict=25, EvictedBeforeUse=1
    GatingPredict Recall=48.57% (579/1192)
    GatingPredict Precision=97.15% (579/596)
    GatingPrefetch Delivery=48.66% (580/1192)
    GatingPrefetch Triggers=149
    Predictor TopK matches: 0=0 1=0 >=2=0
Layer 31 Cache Stats: Hits=1153, Misses=39, HitRate=96.73%
    Predictor Routed-Expert HitRate=N/A
    Loads Per Step: 0Loads=118, 1Load=26, >1Load=5
    Bandwidth: StallLoads=39, PrefetchLoads=13, AvgLoadTime=3.80ms
    PrefetchOverlap: HiddenReady=13, HiddenWait=0, TicksSkipped=0
    MissCause: NotPresent=39, NotReadyStall=0
    PrefetchEff: Dropped=0, AlreadyCached=583, UsedBeforeEvict=13, EvictedBeforeUse=0
    GatingPredict Recall=48.91% (583/1192)
    GatingPredict Precision=97.82% (583/596)
    GatingPrefetch Delivery=48.91% (583/1192)
    GatingPrefetch Triggers=149
    Predictor TopK matches: 0=0 1=0 >=2=0
Layer 32 Cache Stats: Hits=1127, Misses=65, HitRate=94.55%
    Predictor Routed-Expert HitRate=N/A
    Loads Per Step: 0Loads=100, 1Load=35, >1Load=14
    Bandwidth: StallLoads=65, PrefetchLoads=51, AvgLoadTime=3.47ms
    PrefetchOverlap: HiddenReady=49, HiddenWait=0, TicksSkipped=0
    MissCause: NotPresent=65, NotReadyStall=0
    PrefetchEff: Dropped=0, AlreadyCached=545, UsedBeforeEvict=49, EvictedBeforeUse=2
    GatingPredict Recall=49.50% (590/1192)
    GatingPredict Precision=98.99% (590/596)
    GatingPrefetch Delivery=49.50% (590/1192)
    GatingPrefetch Triggers=149
    Predictor TopK matches: 0=0 1=0 >=2=0
Layer 33 Cache Stats: Hits=1128, Misses=64, HitRate=94.63%
    Predictor Routed-Expert HitRate=N/A
    Loads Per Step: 0Loads=102, 1Load=36, >1Load=11
    Bandwidth: StallLoads=64, PrefetchLoads=41, AvgLoadTime=3.55ms
    PrefetchOverlap: HiddenReady=40, HiddenWait=0, TicksSkipped=0
    MissCause: NotPresent=64, NotReadyStall=0
    PrefetchEff: Dropped=0, AlreadyCached=555, UsedBeforeEvict=40, EvictedBeforeUse=1
    GatingPredict Recall=49.08% (585/1192)
    GatingPredict Precision=98.15% (585/596)
    GatingPrefetch Delivery=49.08% (585/1192)
    GatingPrefetch Triggers=149
    Predictor TopK matches: 0=0 1=0 >=2=0
Layer 34 Cache Stats: Hits=1091, Misses=101, HitRate=91.53%
    Predictor Routed-Expert HitRate=N/A
    Loads Per Step: 0Loads=78, 1Load=47, >1Load=24
    Bandwidth: StallLoads=101, PrefetchLoads=56, AvgLoadTime=3.38ms
    PrefetchOverlap: HiddenReady=55, HiddenWait=0, TicksSkipped=0
    MissCause: NotPresent=101, NotReadyStall=0
    PrefetchEff: Dropped=0, AlreadyCached=540, UsedBeforeEvict=55, EvictedBeforeUse=1
    GatingPredict Recall=49.58% (591/1192)
    GatingPredict Precision=99.16% (591/596)
    GatingPrefetch Delivery=49.58% (591/1192)
    GatingPrefetch Triggers=149
    Predictor TopK matches: 0=0 1=0 >=2=0
Layer 35 Cache Stats: Hits=1072, Misses=120, HitRate=89.93%
    Predictor Routed-Expert HitRate=N/A
    Loads Per Step: 0Loads=73, 1Load=44, >1Load=32
    Bandwidth: StallLoads=120, PrefetchLoads=73, AvgLoadTime=3.33ms
    PrefetchOverlap: HiddenReady=73, HiddenWait=0, TicksSkipped=0
    MissCause: NotPresent=120, NotReadyStall=0
    PrefetchEff: Dropped=0, AlreadyCached=523, UsedBeforeEvict=73, EvictedBeforeUse=0
    GatingPredict Recall=48.99% (584/1192)
    GatingPredict Precision=97.99% (584/596)
    GatingPrefetch Delivery=48.99% (584/1192)
    GatingPrefetch Triggers=149
    Predictor TopK matches: 0=0 1=0 >=2=0
Layer 36 Cache Stats: Hits=1102, Misses=90, HitRate=92.45%
    Predictor Routed-Expert HitRate=N/A
    Loads Per Step: 0Loads=81, 1Load=50, >1Load=18
    Bandwidth: StallLoads=90, PrefetchLoads=42, AvgLoadTime=3.78ms
    PrefetchOverlap: HiddenReady=41, HiddenWait=0, TicksSkipped=0
    MissCause: NotPresent=90, NotReadyStall=0
    PrefetchEff: Dropped=0, AlreadyCached=554, UsedBeforeEvict=41, EvictedBeforeUse=1
    GatingPredict Recall=48.83% (582/1192)
    GatingPredict Precision=97.65% (582/596)
    GatingPrefetch Delivery=48.91% (583/1192)
    GatingPrefetch Triggers=149
    Predictor TopK matches: 0=0 1=0 >=2=0
Layer 37 Cache Stats: Hits=1086, Misses=106, HitRate=91.11%
    Predictor Routed-Expert HitRate=N/A
    Loads Per Step: 0Loads=75, 1Load=45, >1Load=29
    Bandwidth: StallLoads=106, PrefetchLoads=81, AvgLoadTime=3.55ms
    PrefetchOverlap: HiddenReady=79, HiddenWait=0, TicksSkipped=0
    MissCause: NotPresent=106, NotReadyStall=0
    PrefetchEff: Dropped=0, AlreadyCached=515, UsedBeforeEvict=79, EvictedBeforeUse=2
    GatingPredict Recall=49.16% (586/1192)
    GatingPredict Precision=98.32% (586/596)
    GatingPrefetch Delivery=49.16% (586/1192)
    GatingPrefetch Triggers=149
    Predictor TopK matches: 0=0 1=0 >=2=0
Layer 38 Cache Stats: Hits=1113, Misses=79, HitRate=93.37%
    Predictor Routed-Expert HitRate=N/A
    Loads Per Step: 0Loads=92, 1Load=37, >1Load=20
    Bandwidth: StallLoads=79, PrefetchLoads=57, AvgLoadTime=3.75ms
    PrefetchOverlap: HiddenReady=53, HiddenWait=0, TicksSkipped=0
    MissCause: NotPresent=79, NotReadyStall=0
    PrefetchEff: Dropped=0, AlreadyCached=539, UsedBeforeEvict=53, EvictedBeforeUse=4
    GatingPredict Recall=48.32% (576/1192)
    GatingPredict Precision=96.64% (576/596)
    GatingPrefetch Delivery=48.41% (577/1192)
    GatingPrefetch Triggers=149
    Predictor TopK matches: 0=0 1=0 >=2=0
Layer 39 Cache Stats: Hits=1121, Misses=71, HitRate=94.04%
    Predictor Routed-Expert HitRate=N/A
    Loads Per Step: 0Loads=99, 1Load=33, >1Load=17
    Bandwidth: StallLoads=71, PrefetchLoads=49, AvgLoadTime=3.71ms
    PrefetchOverlap: HiddenReady=46, HiddenWait=0, TicksSkipped=0
    MissCause: NotPresent=71, NotReadyStall=0
    PrefetchEff: Dropped=0, AlreadyCached=547, UsedBeforeEvict=46, EvictedBeforeUse=3
    GatingPredict Recall=49.33% (588/1192)
    GatingPredict Precision=98.66% (588/596)
    GatingPrefetch Delivery=49.33% (588/1192)
    GatingPrefetch Triggers=149
    Predictor TopK matches: 0=0 1=0 >=2=0
Layer 40 Cache Stats: Hits=1127, Misses=65, HitRate=94.55%
    Predictor Routed-Expert HitRate=N/A
    Loads Per Step: 0Loads=103, 1Load=31, >1Load=15
    Bandwidth: StallLoads=65, PrefetchLoads=75, AvgLoadTime=3.69ms
    PrefetchOverlap: HiddenReady=74, HiddenWait=0, TicksSkipped=0
    MissCause: NotPresent=65, NotReadyStall=0
    PrefetchEff: Dropped=0, AlreadyCached=521, UsedBeforeEvict=74, EvictedBeforeUse=1
    GatingPredict Recall=49.50% (590/1192)
    GatingPredict Precision=98.99% (590/596)
    GatingPrefetch Delivery=49.50% (590/1192)
    GatingPrefetch Triggers=149
    Predictor TopK matches: 0=0 1=0 >=2=0
Layer 41 Cache Stats: Hits=1111, Misses=81, HitRate=93.20%
    Predictor Routed-Expert HitRate=N/A
    Loads Per Step: 0Loads=94, 1Load=36, >1Load=19
    Bandwidth: StallLoads=81, PrefetchLoads=89, AvgLoadTime=3.59ms
    PrefetchOverlap: HiddenReady=87, HiddenWait=0, TicksSkipped=0
    MissCause: NotPresent=81, NotReadyStall=0
    PrefetchEff: Dropped=0, AlreadyCached=507, UsedBeforeEvict=87, EvictedBeforeUse=2
    GatingPredict Recall=49.24% (587/1192)
    GatingPredict Precision=98.49% (587/596)
    GatingPrefetch Delivery=49.33% (588/1192)
    GatingPrefetch Triggers=149
    Predictor TopK matches: 0=0 1=0 >=2=0
Layer 42 Cache Stats: Hits=1123, Misses=69, HitRate=94.21%
    Predictor Routed-Expert HitRate=N/A
    Loads Per Step: 0Loads=93, 1Load=47, >1Load=9
    Bandwidth: StallLoads=69, PrefetchLoads=85, AvgLoadTime=3.97ms
    PrefetchOverlap: HiddenReady=85, HiddenWait=0, TicksSkipped=0
    MissCause: NotPresent=69, NotReadyStall=0
    PrefetchEff: Dropped=0, AlreadyCached=511, UsedBeforeEvict=85, EvictedBeforeUse=0
    GatingPredict Recall=49.41% (589/1192)
    GatingPredict Precision=98.83% (589/596)
    GatingPrefetch Delivery=49.41% (589/1192)
    GatingPrefetch Triggers=149
    Predictor TopK matches: 0=0 1=0 >=2=0
Layer 43 Cache Stats: Hits=1145, Misses=47, HitRate=96.06%
    Predictor Routed-Expert HitRate=N/A
    Loads Per Step: 0Loads=109, 1Load=36, >1Load=4
    Bandwidth: StallLoads=47, PrefetchLoads=59, AvgLoadTime=3.80ms
    PrefetchOverlap: HiddenReady=59, HiddenWait=0, TicksSkipped=0
    MissCause: NotPresent=47, NotReadyStall=0
    PrefetchEff: Dropped=0, AlreadyCached=537, UsedBeforeEvict=59, EvictedBeforeUse=0
    GatingPredict Recall=49.16% (586/1192)
    GatingPredict Precision=98.32% (586/596)
    GatingPrefetch Delivery=49.16% (586/1192)
    GatingPrefetch Triggers=149
    Predictor TopK matches: 0=0 1=0 >=2=0
Layer 44 Cache Stats: Hits=1144, Misses=48, HitRate=95.97%
    Predictor Routed-Expert HitRate=N/A
    Loads Per Step: 0Loads=111, 1Load=30, >1Load=8
    Bandwidth: StallLoads=48, PrefetchLoads=40, AvgLoadTime=3.89ms
    PrefetchOverlap: HiddenReady=39, HiddenWait=0, TicksSkipped=0
    MissCause: NotPresent=48, NotReadyStall=0
    PrefetchEff: Dropped=0, AlreadyCached=556, UsedBeforeEvict=39, EvictedBeforeUse=1
    GatingPredict Recall=49.24% (587/1192)
    GatingPredict Precision=98.49% (587/596)
    GatingPrefetch Delivery=49.24% (587/1192)
    GatingPrefetch Triggers=149
    Predictor TopK matches: 0=0 1=0 >=2=0
Layer 45 Cache Stats: Hits=1150, Misses=42, HitRate=96.48%
    Predictor Routed-Expert HitRate=N/A
    Loads Per Step: 0Loads=121, 1Load=17, >1Load=11
    Bandwidth: StallLoads=42, PrefetchLoads=35, AvgLoadTime=3.59ms
    PrefetchOverlap: HiddenReady=34, HiddenWait=0, TicksSkipped=0
    MissCause: NotPresent=42, NotReadyStall=0
    PrefetchEff: Dropped=0, AlreadyCached=561, UsedBeforeEvict=34, EvictedBeforeUse=1
    GatingPredict Recall=49.66% (592/1192)
    GatingPredict Precision=99.33% (592/596)
    GatingPrefetch Delivery=49.66% (592/1192)
    GatingPrefetch Triggers=149
    Predictor TopK matches: 0=0 1=0 >=2=0
Layer 46 Cache Stats: Hits=1130, Misses=62, HitRate=94.80%
    Predictor Routed-Expert HitRate=N/A
    Loads Per Step: 0Loads=106, 1Load=26, >1Load=17
    Bandwidth: StallLoads=62, PrefetchLoads=69, AvgLoadTime=3.48ms
    PrefetchOverlap: HiddenReady=66, HiddenWait=0, TicksSkipped=0
    MissCause: NotPresent=62, NotReadyStall=0
    PrefetchEff: Dropped=0, AlreadyCached=527, UsedBeforeEvict=66, EvictedBeforeUse=3
    GatingPredict Recall=47.99% (572/1192)
    GatingPredict Precision=95.97% (572/596)
    GatingPrefetch Delivery=47.99% (572/1192)
    GatingPrefetch Triggers=149
    Predictor TopK matches: 0=0 1=0 >=2=0
Layer 47 Cache Stats: Hits=1095, Misses=97, HitRate=91.86%
    Predictor Routed-Expert HitRate=N/A
    Loads Per Step: 0Loads=87, 1Load=40, >1Load=22
    Bandwidth: StallLoads=97, PrefetchLoads=97, AvgLoadTime=3.34ms
    PrefetchOverlap: HiddenReady=88, HiddenWait=0, TicksSkipped=0
    MissCause: NotPresent=97, NotReadyStall=0
    PrefetchEff: Dropped=0, AlreadyCached=499, UsedBeforeEvict=88, EvictedBeforeUse=9
    GatingPredict Recall=47.40% (565/1192)
    GatingPredict Precision=94.80% (565/596)
    GatingPrefetch Delivery=47.40% (565/1192)
    GatingPrefetch Triggers=149
    Predictor TopK matches: 0=0 1=0 >=2=0
============================================================
============================================================
Initializing Qwen3 30B-A3B AWQ w4a16 quantized model...
============================================================
Loading quantized weights from QuixiAI/Qwen3-30B-A3B-AWQ...
Using saved safetensors: /home/michael/heteroPredict/py/unified_llm_w4a16/model_weights/Qwen3-30B-A3B-AWQ.safetensors
Expert weights dir: /home/michael/heteroPredict/py/unified_llm_w4a16/model_weights/Qwen3-30B-A3B-AWQ_packed  (format: packed)
Using existing attention weights in /home/michael/heteroPredict/py/unified_llm_w4a16/model_weights/Qwen3-30B-A3B-AWQ_unpacked
Weights loaded (expert dir override) in 0.29 seconds
Pre-warming expert cache with 48 experts...
Model initialized successfully!
Set expert cache policy to LRU.

Running sweep using prompts from JSON: /tmp/tmpkxyubsz1.json
Loaded 1 prompts for sweeping.

Processing Prompt 1/1...

============================================================
Generated text only:
============================================================
 new emperor , Suzong . He was captured by the rebels and held in the capital for a time . He managed to escape and joined the new emperor in the south . He was then appointed as a minor official in the court of the new emperor . However , he was soon dismissed for criticizing the emperor 's policies . He was then appointed as a minor official in the court of the new emperor . However , he was soon dismissed for criticizing the emperor 's policies . 

 In 757 , Du Fu was appointed as a minor official in the court of the new emperor . However , he was soon dismissed for criticizing the emperor 's policies . He was then appointed as a minor official in the court of the new emperor . However , he
============================================================

============================================================
Sweep Complete.
Average Time per Token: 0.290121
End-to-End TPS: 3.4468
Cache Stats: Hits=52870, Misses=4346, HitRate=92.40%
Predictor Stats: Hits=0, Total=0, HitRate=0.00%
Initializing UnifiedLLMW4A16Impl_base
Using NPU config struct.
Configuring NPU (Base):
  Heterogeneity: gpu
  GPU Count: 1
  Debug Verbosity: 1
  Dummy Weights: false
  Warmup: false
  Preload MoE: true
  Minimal PDI: true
[GPU SELECT] Free VRAM ranking: gpu0=28.00/28.00 GiB
[GPU SELECT] Selected GPUs for gpu-count=1: [0]
[GPU MAP] Single-GPU placement on gpu0
[Layer 1] cache partition: main=42 speculative=6 (fraction=0.125)
[GatingHeuristicPredictor Layer 1] prefetch_count=6 softmax_before_topk=yes
[Layer 2] cache partition: main=42 speculative=6 (fraction=0.125)
[GatingHeuristicPredictor Layer 2] prefetch_count=6 softmax_before_topk=yes
[Layer 3] cache partition: main=42 speculative=6 (fraction=0.125)
[GatingHeuristicPredictor Layer 3] prefetch_count=6 softmax_before_topk=yes
[Layer 4] cache partition: main=42 speculative=6 (fraction=0.125)
[GatingHeuristicPredictor Layer 4] prefetch_count=6 softmax_before_topk=yes
[Layer 5] cache partition: main=42 speculative=6 (fraction=0.125)
[GatingHeuristicPredictor Layer 5] prefetch_count=6 softmax_before_topk=yes
[Layer 6] cache partition: main=42 speculative=6 (fraction=0.125)
[GatingHeuristicPredictor Layer 6] prefetch_count=6 softmax_before_topk=yes
[Layer 7] cache partition: main=42 speculative=6 (fraction=0.125)
[GatingHeuristicPredictor Layer 7] prefetch_count=6 softmax_before_topk=yes
[Layer 8] cache partition: main=42 speculative=6 (fraction=0.125)
[GatingHeuristicPredictor Layer 8] prefetch_count=6 softmax_before_topk=yes
[Layer 9] cache partition: main=42 speculative=6 (fraction=0.125)
[GatingHeuristicPredictor Layer 9] prefetch_count=6 softmax_before_topk=yes
[Layer 10] cache partition: main=42 speculative=6 (fraction=0.125)
[GatingHeuristicPredictor Layer 10] prefetch_count=6 softmax_before_topk=yes
[Layer 11] cache partition: main=42 speculative=6 (fraction=0.125)
[GatingHeuristicPredictor Layer 11] prefetch_count=6 softmax_before_topk=yes
[Layer 12] cache partition: main=42 speculative=6 (fraction=0.125)
[GatingHeuristicPredictor Layer 12] prefetch_count=6 softmax_before_topk=yes
[Layer 13] cache partition: main=42 speculative=6 (fraction=0.125)
[GatingHeuristicPredictor Layer 13] prefetch_count=6 softmax_before_topk=yes
[Layer 14] cache partition: main=42 speculative=6 (fraction=0.125)
[GatingHeuristicPredictor Layer 14] prefetch_count=6 softmax_before_topk=yes
[Layer 15] cache partition: main=42 speculative=6 (fraction=0.125)
[GatingHeuristicPredictor Layer 15] prefetch_count=6 softmax_before_topk=yes
[Layer 16] cache partition: main=42 speculative=6 (fraction=0.125)
[GatingHeuristicPredictor Layer 16] prefetch_count=6 softmax_before_topk=yes
[Layer 17] cache partition: main=42 speculative=6 (fraction=0.125)
[GatingHeuristicPredictor Layer 17] prefetch_count=6 softmax_before_topk=yes
[Layer 18] cache partition: main=42 speculative=6 (fraction=0.125)
[GatingHeuristicPredictor Layer 18] prefetch_count=6 softmax_before_topk=yes
[Layer 19] cache partition: main=42 speculative=6 (fraction=0.125)
[GatingHeuristicPredictor Layer 19] prefetch_count=6 softmax_before_topk=yes
[Layer 20] cache partition: main=42 speculative=6 (fraction=0.125)
[GatingHeuristicPredictor Layer 20] prefetch_count=6 softmax_before_topk=yes
[Layer 21] cache partition: main=42 speculative=6 (fraction=0.125)
[GatingHeuristicPredictor Layer 21] prefetch_count=6 softmax_before_topk=yes
[Layer 22] cache partition: main=42 speculative=6 (fraction=0.125)
[GatingHeuristicPredictor Layer 22] prefetch_count=6 softmax_before_topk=yes
[Layer 23] cache partition: main=42 speculative=6 (fraction=0.125)
[GatingHeuristicPredictor Layer 23] prefetch_count=6 softmax_before_topk=yes
[Layer 24] cache partition: main=42 speculative=6 (fraction=0.125)
[GatingHeuristicPredictor Layer 24] prefetch_count=6 softmax_before_topk=yes
[Layer 25] cache partition: main=42 speculative=6 (fraction=0.125)
[GatingHeuristicPredictor Layer 25] prefetch_count=6 softmax_before_topk=yes
[Layer 26] cache partition: main=42 speculative=6 (fraction=0.125)
[GatingHeuristicPredictor Layer 26] prefetch_count=6 softmax_before_topk=yes
[Layer 27] cache partition: main=42 speculative=6 (fraction=0.125)
[GatingHeuristicPredictor Layer 27] prefetch_count=6 softmax_before_topk=yes
[Layer 28] cache partition: main=42 speculative=6 (fraction=0.125)
[GatingHeuristicPredictor Layer 28] prefetch_count=6 softmax_before_topk=yes
[Layer 29] cache partition: main=42 speculative=6 (fraction=0.125)
[GatingHeuristicPredictor Layer 29] prefetch_count=6 softmax_before_topk=yes
[Layer 30] cache partition: main=42 speculative=6 (fraction=0.125)
[GatingHeuristicPredictor Layer 30] prefetch_count=6 softmax_before_topk=yes
[Layer 31] cache partition: main=42 speculative=6 (fraction=0.125)
[GatingHeuristicPredictor Layer 31] prefetch_count=6 softmax_before_topk=yes
[Layer 32] cache partition: main=42 speculative=6 (fraction=0.125)
[GatingHeuristicPredictor Layer 32] prefetch_count=6 softmax_before_topk=yes
[Layer 33] cache partition: main=42 speculative=6 (fraction=0.125)
[GatingHeuristicPredictor Layer 33] prefetch_count=6 softmax_before_topk=yes
[Layer 34] cache partition: main=42 speculative=6 (fraction=0.125)
[GatingHeuristicPredictor Layer 34] prefetch_count=6 softmax_before_topk=yes
[Layer 35] cache partition: main=42 speculative=6 (fraction=0.125)
[GatingHeuristicPredictor Layer 35] prefetch_count=6 softmax_before_topk=yes
[Layer 36] cache partition: main=42 speculative=6 (fraction=0.125)
[GatingHeuristicPredictor Layer 36] prefetch_count=6 softmax_before_topk=yes
[Layer 37] cache partition: main=42 speculative=6 (fraction=0.125)
[GatingHeuristicPredictor Layer 37] prefetch_count=6 softmax_before_topk=yes
[Layer 38] cache partition: main=42 speculative=6 (fraction=0.125)
[GatingHeuristicPredictor Layer 38] prefetch_count=6 softmax_before_topk=yes
[Layer 39] cache partition: main=42 speculative=6 (fraction=0.125)
[GatingHeuristicPredictor Layer 39] prefetch_count=6 softmax_before_topk=yes
[Layer 40] cache partition: main=42 speculative=6 (fraction=0.125)
[GatingHeuristicPredictor Layer 40] prefetch_count=6 softmax_before_topk=yes
[Layer 41] cache partition: main=42 speculative=6 (fraction=0.125)
[GatingHeuristicPredictor Layer 41] prefetch_count=6 softmax_before_topk=yes
[Layer 42] cache partition: main=42 speculative=6 (fraction=0.125)
[GatingHeuristicPredictor Layer 42] prefetch_count=6 softmax_before_topk=yes
[Layer 43] cache partition: main=42 speculative=6 (fraction=0.125)
[GatingHeuristicPredictor Layer 43] prefetch_count=6 softmax_before_topk=yes
[Layer 44] cache partition: main=42 speculative=6 (fraction=0.125)
[GatingHeuristicPredictor Layer 44] prefetch_count=6 softmax_before_topk=yes
[Layer 45] cache partition: main=42 speculative=6 (fraction=0.125)
[GatingHeuristicPredictor Layer 45] prefetch_count=6 softmax_before_topk=yes
[Layer 46] cache partition: main=42 speculative=6 (fraction=0.125)
[GatingHeuristicPredictor Layer 46] prefetch_count=6 softmax_before_topk=yes
[Layer 47] cache partition: main=42 speculative=6 (fraction=0.125)
[GatingHeuristicPredictor Layer 47] prefetch_count=6 softmax_before_topk=yes
UnifiedLLMW4A16 moved to device: cuda:0
Preloading MoE kernels...
MoE kernels preloaded.
UnifiedLLMW4A16 initialized on device: cuda:0 with w4a16 quantization
Loading non-quantized weights from safetensors (mmap): /home/michael/heteroPredict/py/unified_llm_w4a16/model_weights/Qwen3-30B-A3B-AWQ.safetensors
Loaded 243 non-quantized parameters, skipped 0
Loading quantized weights from bins: /home/michael/heteroPredict/py/unified_llm_w4a16/model_weights/Qwen3-30B-A3B-AWQ_unpacked
  Expert weights dir override: /home/michael/heteroPredict/py/unified_llm_w4a16/model_weights/Qwen3-30B-A3B-AWQ_packed
Pre-warming 48 experts for all layers...
Layer 0: Pre-warming 42 experts.
Layer 0: using packed expert format.
[MoE I/O] Expert weight reads require O_DIRECT (no buffered fallback).
Layer 1: Pre-warming 42 experts.
Layer 1: using packed expert format.
Layer 2: Pre-warming 42 experts.
Layer 2: using packed expert format.
Layer 3: Pre-warming 42 experts.
Layer 3: using packed expert format.
Prewarmed experts for layer 4/48
Layer 4: Pre-warming 42 experts.
Layer 4: using packed expert format.
Layer 5: Pre-warming 42 experts.
Layer 5: using packed expert format.
Layer 6: Pre-warming 42 experts.
Layer 6: using packed expert format.
Layer 7: Pre-warming 42 experts.
Layer 7: using packed expert format.
Prewarmed experts for layer 8/48
Layer 8: Pre-warming 42 experts.
Layer 8: using packed expert format.
Layer 9: Pre-warming 42 experts.
Layer 9: using packed expert format.
Layer 10: Pre-warming 42 experts.
Layer 10: using packed expert format.
Layer 11: Pre-warming 42 experts.
Layer 11: using packed expert format.
Prewarmed experts for layer 12/48
Layer 12: Pre-warming 42 experts.
Layer 12: using packed expert format.
Layer 13: Pre-warming 42 experts.
Layer 13: using packed expert format.
Layer 14: Pre-warming 42 experts.
Layer 14: using packed expert format.
Layer 15: Pre-warming 42 experts.
Layer 15: using packed expert format.
Prewarmed experts for layer 16/48
Layer 16: Pre-warming 42 experts.
Layer 16: using packed expert format.
Layer 17: Pre-warming 42 experts.
Layer 17: using packed expert format.
Layer 18: Pre-warming 42 experts.
Layer 18: using packed expert format.
Layer 19: Pre-warming 42 experts.
Layer 19: using packed expert format.
Prewarmed experts for layer 20/48
Layer 20: Pre-warming 42 experts.
Layer 20: using packed expert format.
Layer 21: Pre-warming 42 experts.
Layer 21: using packed expert format.
Layer 22: Pre-warming 42 experts.
Layer 22: using packed expert format.
Layer 23: Pre-warming 42 experts.
Layer 23: using packed expert format.
Prewarmed experts for layer 24/48
Layer 24: Pre-warming 42 experts.
Layer 24: using packed expert format.
Layer 25: Pre-warming 42 experts.
Layer 25: using packed expert format.
Layer 26: Pre-warming 42 experts.
Layer 26: using packed expert format.
Layer 27: Pre-warming 42 experts.
Layer 27: using packed expert format.
Prewarmed experts for layer 28/48
Layer 28: Pre-warming 42 experts.
Layer 28: using packed expert format.
Layer 29: Pre-warming 42 experts.
Layer 29: using packed expert format.
Layer 30: Pre-warming 42 experts.
Layer 30: using packed expert format.
Layer 31: Pre-warming 42 experts.
Layer 31: using packed expert format.
Prewarmed experts for layer 32/48
Layer 32: Pre-warming 42 experts.
Layer 32: using packed expert format.
Layer 33: Pre-warming 42 experts.
Layer 33: using packed expert format.
Layer 34: Pre-warming 42 experts.
Layer 34: using packed expert format.
Layer 35: Pre-warming 42 experts.
Layer 35: using packed expert format.
Prewarmed experts for layer 36/48
Layer 36: Pre-warming 42 experts.
Layer 36: using packed expert format.
Layer 37: Pre-warming 42 experts.
Layer 37: using packed expert format.
Layer 38: Pre-warming 42 experts.
Layer 38: using packed expert format.
Layer 39: Pre-warming 42 experts.
Layer 39: using packed expert format.
Prewarmed experts for layer 40/48
Layer 40: Pre-warming 42 experts.
Layer 40: using packed expert format.
Layer 41: Pre-warming 42 experts.
Layer 41: using packed expert format.
Layer 42: Pre-warming 42 experts.
Layer 42: using packed expert format.
Layer 43: Pre-warming 42 experts.
Layer 43: using packed expert format.
Prewarmed experts for layer 44/48
Layer 44: Pre-warming 42 experts.
Layer 44: using packed expert format.
Layer 45: Pre-warming 42 experts.
Layer 45: using packed expert format.
Layer 46: Pre-warming 42 experts.
Layer 46: using packed expert format.
Layer 47: Pre-warming 42 experts.
Layer 47: using packed expert format.
Prewarmed experts for layer 48/48
Libtorch input_ids shape: [1, 512]
Skipping warmup.
Prefill time: 16.8993 seconds
Generation phase
[Layer 0 Step 0 Debug] Slots before check: 88 89 90 91 92 93 94 95 96 97 98 99 100 101 102 103 104 105 106 107 108 109 110 111 112 114 115 116 117 118 119 120 121 122 123 124 125 126 127 85 86 87 -1 -1 -1 -1 -1 -1 
[Layer 0 Step 0 Debug] Requested: 75 122 82 91 33 64 28 89 
[gen 5/149] elapsed=1.7s  TPS=2.980
[gen 10/149] elapsed=3.1s  TPS=3.216
[gen 15/149] elapsed=4.2s  TPS=3.575
[gen 20/149] elapsed=5.4s  TPS=3.722
[gen 25/149] elapsed=6.4s  TPS=3.890
[gen 30/149] elapsed=7.4s  TPS=4.061
[gen 35/149] elapsed=8.4s  TPS=4.163
[gen 40/149] elapsed=9.4s  TPS=4.277
[gen 45/149] elapsed=10.3s  TPS=4.387
[gen 50/149] elapsed=11.3s  TPS=4.430
[gen 55/149] elapsed=12.2s  TPS=4.521
[gen 60/149] elapsed=13.1s  TPS=4.593
[gen 65/149] elapsed=13.9s  TPS=4.674
[gen 70/149] elapsed=14.7s  TPS=4.746
[gen 75/149] elapsed=15.7s  TPS=4.786
[gen 80/149] elapsed=16.4s  TPS=4.876
[gen 85/149] elapsed=17.4s  TPS=4.899
[gen 90/149] elapsed=18.4s  TPS=4.899
[gen 95/149] elapsed=19.2s  TPS=4.937
[gen 100/149] elapsed=20.0s  TPS=5.007
[gen 105/149] elapsed=20.9s  TPS=5.020
[gen 110/149] elapsed=21.6s  TPS=5.090
[gen 115/149] elapsed=22.4s  TPS=5.141
[gen 120/149] elapsed=23.8s  TPS=5.049
[gen 125/149] elapsed=25.3s  TPS=4.944
[gen 130/149] elapsed=26.7s  TPS=4.867
[gen 135/149] elapsed=28.3s  TPS=4.763
[gen 140/149] elapsed=29.2s  TPS=4.793
[gen 145/149] elapsed=30.2s  TPS=4.798
Prefill time (summary): 16.899 seconds
Total Generation Time: 31.168 seconds
Average Time per Token: 0.209184 seconds

Expert Cache Statistics:
Layer 0 Cache Stats: Hits=690, Misses=502, HitRate=57.89%
    Predictor Routed-Expert HitRate=N/A
    Loads Per Step: 0Loads=21, 1Load=19, >1Load=109
    Bandwidth: StallLoads=502, PrefetchLoads=0, AvgLoadTime=2.90ms
    MissCause: NotPresent=502, NotReadyStall=0
    GlobalSpecLoad: PeakConcurrent=2
    Predictor TopK matches: 0=0 1=0 >=2=0
Layer 1 Cache Stats: Hits=1007, Misses=185, HitRate=84.48%
    Predictor Routed-Expert HitRate=N/A
    Loads Per Step: 0Loads=42, 1Load=55, >1Load=52
    Bandwidth: StallLoads=185, PrefetchLoads=225, AvgLoadTime=4.38ms
    PrefetchOverlap: HiddenReady=169, HiddenWait=0, TicksSkipped=0
    MissCause: NotPresent=185, NotReadyStall=0
    PrefetchEff: Dropped=0, AlreadyCached=669, UsedBeforeEvict=169, EvictedBeforeUse=54
    GatingPredict Recall=50.00% (596/1192)
    GatingPredict Precision=66.67% (596/894)
    GatingPrefetch Delivery=50.25% (599/1192)
    GatingPrefetch Triggers=149
    Predictor TopK matches: 0=0 1=0 >=2=0
Layer 2 Cache Stats: Hits=1128, Misses=64, HitRate=94.63%
    Predictor Routed-Expert HitRate=N/A
    Loads Per Step: 0Loads=97, 1Load=42, >1Load=10
    Bandwidth: StallLoads=64, PrefetchLoads=171, AvgLoadTime=4.21ms
    PrefetchOverlap: HiddenReady=129, HiddenWait=0, TicksSkipped=0
    MissCause: NotPresent=64, NotReadyStall=0
    PrefetchEff: Dropped=0, AlreadyCached=723, UsedBeforeEvict=129, EvictedBeforeUse=38
    GatingPredict Recall=61.91% (738/1192)
    GatingPredict Precision=82.55% (738/894)
    GatingPrefetch Delivery=62.08% (740/1192)
    GatingPrefetch Triggers=149
    Predictor TopK matches: 0=0 1=0 >=2=0
Layer 3 Cache Stats: Hits=1025, Misses=167, HitRate=85.99%
    Predictor Routed-Expert HitRate=N/A
    Loads Per Step: 0Loads=44, 1Load=61, >1Load=44
    Bandwidth: StallLoads=167, PrefetchLoads=220, AvgLoadTime=3.85ms
    PrefetchOverlap: HiddenReady=161, HiddenWait=0, TicksSkipped=0
    MissCause: NotPresent=167, NotReadyStall=0
    PrefetchEff: Dropped=0, AlreadyCached=674, UsedBeforeEvict=161, EvictedBeforeUse=59
    GatingPredict Recall=55.29% (659/1192)
    GatingPredict Precision=73.71% (659/894)
    GatingPrefetch Delivery=55.62% (663/1192)
    GatingPrefetch Triggers=149
    Predictor TopK matches: 0=0 1=0 >=2=0
Layer 4 Cache Stats: Hits=1095, Misses=97, HitRate=91.86%
    Predictor Routed-Expert HitRate=N/A
    Loads Per Step: 0Loads=78, 1Load=53, >1Load=18
    Bandwidth: StallLoads=97, PrefetchLoads=154, AvgLoadTime=4.59ms
    PrefetchOverlap: HiddenReady=113, HiddenWait=0, TicksSkipped=0
    MissCause: NotPresent=97, NotReadyStall=0
    PrefetchEff: Dropped=0, AlreadyCached=740, UsedBeforeEvict=113, EvictedBeforeUse=39
    GatingPredict Recall=61.24% (730/1192)
    GatingPredict Precision=81.66% (730/894)
    GatingPrefetch Delivery=61.58% (734/1192)
    GatingPrefetch Triggers=149
    Predictor TopK matches: 0=0 1=0 >=2=0
Layer 5 Cache Stats: Hits=1135, Misses=57, HitRate=95.22%
    Predictor Routed-Expert HitRate=N/A
    Loads Per Step: 0Loads=102, 1Load=39, >1Load=8
    Bandwidth: StallLoads=57, PrefetchLoads=132, AvgLoadTime=4.27ms
    PrefetchOverlap: HiddenReady=113, HiddenWait=0, TicksSkipped=0
    MissCause: NotPresent=57, NotReadyStall=0
    PrefetchEff: Dropped=0, AlreadyCached=762, UsedBeforeEvict=113, EvictedBeforeUse=18
    GatingPredict Recall=66.61% (794/1192)
    GatingPredict Precision=88.81% (794/894)
    GatingPrefetch Delivery=66.86% (797/1192)
    GatingPrefetch Triggers=149
    Predictor TopK matches: 0=0 1=0 >=2=0
Layer 6 Cache Stats: Hits=1145, Misses=47, HitRate=96.06%
    Predictor Routed-Expert HitRate=N/A
    Loads Per Step: 0Loads=107, 1Load=37, >1Load=5
    Bandwidth: StallLoads=47, PrefetchLoads=70, AvgLoadTime=4.88ms
    PrefetchOverlap: HiddenReady=54, HiddenWait=0, TicksSkipped=0
    MissCause: NotPresent=47, NotReadyStall=0
    PrefetchEff: Dropped=0, AlreadyCached=824, UsedBeforeEvict=54, EvictedBeforeUse=15
    GatingPredict Recall=64.09% (764/1192)
    GatingPredict Precision=85.46% (764/894)
    GatingPrefetch Delivery=64.09% (764/1192)
    GatingPrefetch Triggers=149
    Predictor TopK matches: 0=0 1=0 >=2=0
Layer 7 Cache Stats: Hits=1168, Misses=24, HitRate=97.99%
    Predictor Routed-Expert HitRate=N/A
    Loads Per Step: 0Loads=126, 1Load=22, >1Load=1
    Bandwidth: StallLoads=24, PrefetchLoads=47, AvgLoadTime=5.05ms
    PrefetchOverlap: HiddenReady=42, HiddenWait=0, TicksSkipped=0
    MissCause: NotPresent=24, NotReadyStall=0
    PrefetchEff: Dropped=0, AlreadyCached=847, UsedBeforeEvict=42, EvictedBeforeUse=4
    GatingPredict Recall=69.80% (832/1192)
    GatingPredict Precision=93.06% (832/894)
    GatingPrefetch Delivery=69.80% (832/1192)
    GatingPrefetch Triggers=149
    Predictor TopK matches: 0=0 1=0 >=2=0
Layer 8 Cache Stats: Hits=1131, Misses=61, HitRate=94.88%
    Predictor Routed-Expert HitRate=N/A
    Loads Per Step: 0Loads=101, 1Load=37, >1Load=11
    Bandwidth: StallLoads=61, PrefetchLoads=87, AvgLoadTime=4.27ms
    PrefetchOverlap: HiddenReady=75, HiddenWait=0, TicksSkipped=0
    MissCause: NotPresent=61, NotReadyStall=0
    PrefetchEff: Dropped=0, AlreadyCached=807, UsedBeforeEvict=75, EvictedBeforeUse=12
    GatingPredict Recall=67.79% (808/1192)
    GatingPredict Precision=90.38% (808/894)
    GatingPrefetch Delivery=67.79% (808/1192)
    GatingPrefetch Triggers=149
    Predictor TopK matches: 0=0 1=0 >=2=0
Layer 9 Cache Stats: Hits=1159, Misses=33, HitRate=97.23%
    Predictor Routed-Expert HitRate=N/A
    Loads Per Step: 0Loads=120, 1Load=25, >1Load=4
    Bandwidth: StallLoads=33, PrefetchLoads=77, AvgLoadTime=4.73ms
    PrefetchOverlap: HiddenReady=69, HiddenWait=0, TicksSkipped=0
    MissCause: NotPresent=33, NotReadyStall=0
    PrefetchEff: Dropped=0, AlreadyCached=817, UsedBeforeEvict=69, EvictedBeforeUse=8
    GatingPredict Recall=70.81% (844/1192)
    GatingPredict Precision=94.41% (844/894)
    GatingPrefetch Delivery=70.89% (845/1192)
    GatingPrefetch Triggers=149
    Predictor TopK matches: 0=0 1=0 >=2=0
Layer 10 Cache Stats: Hits=1110, Misses=82, HitRate=93.12%
    Predictor Routed-Expert HitRate=N/A
    Loads Per Step: 0Loads=88, 1Load=41, >1Load=20
    Bandwidth: StallLoads=82, PrefetchLoads=114, AvgLoadTime=4.05ms
    PrefetchOverlap: HiddenReady=105, HiddenWait=0, TicksSkipped=0
    MissCause: NotPresent=82, NotReadyStall=0
    PrefetchEff: Dropped=0, AlreadyCached=780, UsedBeforeEvict=105, EvictedBeforeUse=9
    GatingPredict Recall=68.37% (815/1192)
    GatingPredict Precision=91.16% (815/894)
    GatingPrefetch Delivery=68.79% (820/1192)
    GatingPrefetch Triggers=149
    Predictor TopK matches: 0=0 1=0 >=2=0
Layer 11 Cache Stats: Hits=1115, Misses=77, HitRate=93.54%
    Predictor Routed-Expert HitRate=N/A
    Loads Per Step: 0Loads=86, 1Load=49, >1Load=14
    Bandwidth: StallLoads=77, PrefetchLoads=132, AvgLoadTime=4.18ms
    PrefetchOverlap: HiddenReady=127, HiddenWait=0, TicksSkipped=0
    MissCause: NotPresent=77, NotReadyStall=0
    PrefetchEff: Dropped=0, AlreadyCached=762, UsedBeforeEvict=127, EvictedBeforeUse=5
    GatingPredict Recall=68.12% (812/1192)
    GatingPredict Precision=90.83% (812/894)
    GatingPrefetch Delivery=68.12% (812/1192)
    GatingPrefetch Triggers=149
    Predictor TopK matches: 0=0 1=0 >=2=0
Layer 12 Cache Stats: Hits=1139, Misses=53, HitRate=95.55%
    Predictor Routed-Expert HitRate=N/A
    Loads Per Step: 0Loads=105, 1Load=37, >1Load=7
    Bandwidth: StallLoads=53, PrefetchLoads=91, AvgLoadTime=4.40ms
    PrefetchOverlap: HiddenReady=82, HiddenWait=0, TicksSkipped=0
    MissCause: NotPresent=53, NotReadyStall=0
    PrefetchEff: Dropped=0, AlreadyCached=803, UsedBeforeEvict=82, EvictedBeforeUse=9
    GatingPredict Recall=68.79% (820/1192)
    GatingPredict Precision=91.72% (820/894)
    GatingPrefetch Delivery=68.88% (821/1192)
    GatingPrefetch Triggers=149
    Predictor TopK matches: 0=0 1=0 >=2=0
Layer 13 Cache Stats: Hits=1108, Misses=84, HitRate=92.95%
    Predictor Routed-Expert HitRate=N/A
    Loads Per Step: 0Loads=83, 1Load=49, >1Load=17
    Bandwidth: StallLoads=84, PrefetchLoads=128, AvgLoadTime=4.03ms
    PrefetchOverlap: HiddenReady=106, HiddenWait=0, TicksSkipped=0
    MissCause: NotPresent=84, NotReadyStall=0
    PrefetchEff: Dropped=0, AlreadyCached=766, UsedBeforeEvict=106, EvictedBeforeUse=22
    GatingPredict Recall=66.95% (798/1192)
    GatingPredict Precision=89.26% (798/894)
    GatingPrefetch Delivery=66.95% (798/1192)
    GatingPrefetch Triggers=149
    Predictor TopK matches: 0=0 1=0 >=2=0
Layer 14 Cache Stats: Hits=1156, Misses=36, HitRate=96.98%
    Predictor Routed-Expert HitRate=N/A
    Loads Per Step: 0Loads=117, 1Load=28, >1Load=4
    Bandwidth: StallLoads=36, PrefetchLoads=112, AvgLoadTime=4.42ms
    PrefetchOverlap: HiddenReady=102, HiddenWait=0, TicksSkipped=0
    MissCause: NotPresent=36, NotReadyStall=0
    PrefetchEff: Dropped=0, AlreadyCached=782, UsedBeforeEvict=102, EvictedBeforeUse=9
    GatingPredict Recall=69.13% (824/1192)
    GatingPredict Precision=92.17% (824/894)
    GatingPrefetch Delivery=69.13% (824/1192)
    GatingPrefetch Triggers=149
    Predictor TopK matches: 0=0 1=0 >=2=0
Layer 15 Cache Stats: Hits=1147, Misses=45, HitRate=96.22%
    Predictor Routed-Expert HitRate=N/A
    Loads Per Step: 0Loads=110, 1Load=34, >1Load=5
    Bandwidth: StallLoads=45, PrefetchLoads=75, AvgLoadTime=4.54ms
    PrefetchOverlap: HiddenReady=67, HiddenWait=0, TicksSkipped=0
    MissCause: NotPresent=45, NotReadyStall=0
    PrefetchEff: Dropped=0, AlreadyCached=819, UsedBeforeEvict=67, EvictedBeforeUse=8
    GatingPredict Recall=70.39% (839/1192)
    GatingPredict Precision=93.85% (839/894)
    GatingPrefetch Delivery=70.39% (839/1192)
    GatingPrefetch Triggers=149
    Predictor TopK matches: 0=0 1=0 >=2=0
Layer 16 Cache Stats: Hits=1151, Misses=41, HitRate=96.56%
    Predictor Routed-Expert HitRate=N/A
    Loads Per Step: 0Loads=111, 1Load=35, >1Load=3
    Bandwidth: StallLoads=41, PrefetchLoads=75, AvgLoadTime=4.54ms
    PrefetchOverlap: HiddenReady=71, HiddenWait=0, TicksSkipped=0
    MissCause: NotPresent=41, NotReadyStall=0
    PrefetchEff: Dropped=0, AlreadyCached=819, UsedBeforeEvict=71, EvictedBeforeUse=4
    GatingPredict Recall=68.79% (820/1192)
    GatingPredict Precision=91.72% (820/894)
    GatingPrefetch Delivery=68.79% (820/1192)
    GatingPrefetch Triggers=149
    Predictor TopK matches: 0=0 1=0 >=2=0
Layer 17 Cache Stats: Hits=1144, Misses=48, HitRate=95.97%
    Predictor Routed-Expert HitRate=N/A
    Loads Per Step: 0Loads=109, 1Load=32, >1Load=8
    Bandwidth: StallLoads=48, PrefetchLoads=98, AvgLoadTime=4.34ms
    PrefetchOverlap: HiddenReady=90, HiddenWait=0, TicksSkipped=0
    MissCause: NotPresent=48, NotReadyStall=0
    PrefetchEff: Dropped=0, AlreadyCached=796, UsedBeforeEvict=90, EvictedBeforeUse=7
    GatingPredict Recall=69.80% (832/1192)
    GatingPredict Precision=93.06% (832/894)
    GatingPrefetch Delivery=69.80% (832/1192)
    GatingPrefetch Triggers=149
    Predictor TopK matches: 0=0 1=0 >=2=0
Layer 18 Cache Stats: Hits=1166, Misses=26, HitRate=97.82%
    Predictor Routed-Expert HitRate=N/A
    Loads Per Step: 0Loads=126, 1Load=20, >1Load=3
    Bandwidth: StallLoads=26, PrefetchLoads=48, AvgLoadTime=4.33ms
    PrefetchOverlap: HiddenReady=39, HiddenWait=0, TicksSkipped=0
    MissCause: NotPresent=26, NotReadyStall=0
    PrefetchEff: Dropped=0, AlreadyCached=846, UsedBeforeEvict=39, EvictedBeforeUse=9
    GatingPredict Recall=68.71% (819/1192)
    GatingPredict Precision=91.61% (819/894)
    GatingPrefetch Delivery=68.79% (820/1192)
    GatingPrefetch Triggers=149
    Predictor TopK matches: 0=0 1=0 >=2=0
Layer 19 Cache Stats: Hits=1179, Misses=13, HitRate=98.91%
    Predictor Routed-Expert HitRate=N/A
    Loads Per Step: 0Loads=136, 1Load=13, >1Load=0
    Bandwidth: StallLoads=13, PrefetchLoads=19, AvgLoadTime=4.61ms
    PrefetchOverlap: HiddenReady=16, HiddenWait=0, TicksSkipped=0
    MissCause: NotPresent=13, NotReadyStall=0
    PrefetchEff: Dropped=0, AlreadyCached=875, UsedBeforeEvict=16, EvictedBeforeUse=2
    GatingPredict Recall=70.30% (838/1192)
    GatingPredict Precision=93.74% (838/894)
    GatingPrefetch Delivery=70.30% (838/1192)
    GatingPrefetch Triggers=149
    Predictor TopK matches: 0=0 1=0 >=2=0
Layer 20 Cache Stats: Hits=1161, Misses=31, HitRate=97.40%
    Predictor Routed-Expert HitRate=N/A
    Loads Per Step: 0Loads=124, 1Load=19, >1Load=6
    Bandwidth: StallLoads=31, PrefetchLoads=34, AvgLoadTime=3.96ms
    PrefetchOverlap: HiddenReady=27, HiddenWait=0, TicksSkipped=0
    MissCause: NotPresent=31, NotReadyStall=0
    PrefetchEff: Dropped=0, AlreadyCached=860, UsedBeforeEvict=27, EvictedBeforeUse=6
    GatingPredict Recall=69.97% (834/1192)
    GatingPredict Precision=93.29% (834/894)
    GatingPrefetch Delivery=69.97% (834/1192)
    GatingPrefetch Triggers=149
    Predictor TopK matches: 0=0 1=0 >=2=0
Layer 21 Cache Stats: Hits=1161, Misses=31, HitRate=97.40%
    Predictor Routed-Expert HitRate=N/A
    Loads Per Step: 0Loads=120, 1Load=27, >1Load=2
    Bandwidth: StallLoads=31, PrefetchLoads=41, AvgLoadTime=4.80ms
    PrefetchOverlap: HiddenReady=36, HiddenWait=0, TicksSkipped=0
    MissCause: NotPresent=31, NotReadyStall=0
    PrefetchEff: Dropped=0, AlreadyCached=853, UsedBeforeEvict=36, EvictedBeforeUse=4
    GatingPredict Recall=71.73% (855/1192)
    GatingPredict Precision=95.64% (855/894)
    GatingPrefetch Delivery=71.81% (856/1192)
    GatingPrefetch Triggers=149
    Predictor TopK matches: 0=0 1=0 >=2=0
Layer 22 Cache Stats: Hits=1150, Misses=42, HitRate=96.48%
    Predictor Routed-Expert HitRate=N/A
    Loads Per Step: 0Loads=115, 1Load=27, >1Load=7
    Bandwidth: StallLoads=42, PrefetchLoads=91, AvgLoadTime=4.41ms
    PrefetchOverlap: HiddenReady=75, HiddenWait=0, TicksSkipped=0
    MissCause: NotPresent=42, NotReadyStall=0
    PrefetchEff: Dropped=0, AlreadyCached=803, UsedBeforeEvict=75, EvictedBeforeUse=16
    GatingPredict Recall=67.03% (799/1192)
    GatingPredict Precision=89.37% (799/894)
    GatingPrefetch Delivery=67.03% (799/1192)
    GatingPrefetch Triggers=149
    Predictor TopK matches: 0=0 1=0 >=2=0
Layer 23 Cache Stats: Hits=1122, Misses=70, HitRate=94.13%
    Predictor Routed-Expert HitRate=N/A
    Loads Per Step: 0Loads=96, 1Load=38, >1Load=15
    Bandwidth: StallLoads=70, PrefetchLoads=116, AvgLoadTime=4.45ms
    PrefetchOverlap: HiddenReady=102, HiddenWait=0, TicksSkipped=0
    MissCause: NotPresent=70, NotReadyStall=0
    PrefetchEff: Dropped=0, AlreadyCached=778, UsedBeforeEvict=102, EvictedBeforeUse=14
    GatingPredict Recall=65.35% (779/1192)
    GatingPredict Precision=87.14% (779/894)
    GatingPrefetch Delivery=65.60% (782/1192)
    GatingPrefetch Triggers=149
    Predictor TopK matches: 0=0 1=0 >=2=0
Layer 24 Cache Stats: Hits=1117, Misses=75, HitRate=93.71%
    Predictor Routed-Expert HitRate=N/A
    Loads Per Step: 0Loads=91, 1Load=44, >1Load=14
    Bandwidth: StallLoads=75, PrefetchLoads=89, AvgLoadTime=4.83ms
    PrefetchOverlap: HiddenReady=82, HiddenWait=0, TicksSkipped=0
    MissCause: NotPresent=75, NotReadyStall=0
    PrefetchEff: Dropped=0, AlreadyCached=805, UsedBeforeEvict=82, EvictedBeforeUse=6
    GatingPredict Recall=67.79% (808/1192)
    GatingPredict Precision=90.38% (808/894)
    GatingPrefetch Delivery=67.95% (810/1192)
    GatingPrefetch Triggers=149
    Predictor TopK matches: 0=0 1=0 >=2=0
Layer 25 Cache Stats: Hits=1103, Misses=89, HitRate=92.53%
    Predictor Routed-Expert HitRate=N/A
    Loads Per Step: 0Loads=79, 1Load=53, >1Load=17
    Bandwidth: StallLoads=89, PrefetchLoads=142, AvgLoadTime=4.28ms
    PrefetchOverlap: HiddenReady=123, HiddenWait=0, TicksSkipped=0
    MissCause: NotPresent=89, NotReadyStall=0
    PrefetchEff: Dropped=0, AlreadyCached=752, UsedBeforeEvict=123, EvictedBeforeUse=18
    GatingPredict Recall=66.86% (797/1192)
    GatingPredict Precision=89.15% (797/894)
    GatingPrefetch Delivery=66.95% (798/1192)
    GatingPrefetch Triggers=149
    Predictor TopK matches: 0=0 1=0 >=2=0
Layer 26 Cache Stats: Hits=1126, Misses=66, HitRate=94.46%
    Predictor Routed-Expert HitRate=N/A
    Loads Per Step: 0Loads=95, 1Load=43, >1Load=11
    Bandwidth: StallLoads=66, PrefetchLoads=124, AvgLoadTime=4.71ms
    PrefetchOverlap: HiddenReady=99, HiddenWait=0, TicksSkipped=0
    MissCause: NotPresent=66, NotReadyStall=0
    PrefetchEff: Dropped=0, AlreadyCached=770, UsedBeforeEvict=99, EvictedBeforeUse=24
    GatingPredict Recall=65.77% (784/1192)
    GatingPredict Precision=87.70% (784/894)
    GatingPrefetch Delivery=65.77% (784/1192)
    GatingPrefetch Triggers=149
    Predictor TopK matches: 0=0 1=0 >=2=0
Layer 27 Cache Stats: Hits=1140, Misses=52, HitRate=95.64%
    Predictor Routed-Expert HitRate=N/A
    Loads Per Step: 0Loads=105, 1Load=38, >1Load=6
    Bandwidth: StallLoads=52, PrefetchLoads=85, AvgLoadTime=4.64ms
    PrefetchOverlap: HiddenReady=80, HiddenWait=0, TicksSkipped=0
    MissCause: NotPresent=52, NotReadyStall=0
    PrefetchEff: Dropped=0, AlreadyCached=809, UsedBeforeEvict=80, EvictedBeforeUse=5
    GatingPredict Recall=70.72% (843/1192)
    GatingPredict Precision=94.30% (843/894)
    GatingPrefetch Delivery=70.81% (844/1192)
    GatingPrefetch Triggers=149
    Predictor TopK matches: 0=0 1=0 >=2=0
Layer 28 Cache Stats: Hits=1144, Misses=48, HitRate=95.97%
    Predictor Routed-Expert HitRate=N/A
    Loads Per Step: 0Loads=108, 1Load=34, >1Load=7
    Bandwidth: StallLoads=48, PrefetchLoads=104, AvgLoadTime=4.03ms
    PrefetchOverlap: HiddenReady=100, HiddenWait=0, TicksSkipped=0
    MissCause: NotPresent=48, NotReadyStall=0
    PrefetchEff: Dropped=0, AlreadyCached=790, UsedBeforeEvict=100, EvictedBeforeUse=4
    GatingPredict Recall=70.47% (840/1192)
    GatingPredict Precision=93.96% (840/894)
    GatingPrefetch Delivery=70.47% (840/1192)
    GatingPrefetch Triggers=149
    Predictor TopK matches: 0=0 1=0 >=2=0
Layer 29 Cache Stats: Hits=1131, Misses=61, HitRate=94.88%
    Predictor Routed-Expert HitRate=N/A
    Loads Per Step: 0Loads=98, 1Load=43, >1Load=8
    Bandwidth: StallLoads=61, PrefetchLoads=141, AvgLoadTime=4.48ms
    PrefetchOverlap: HiddenReady=133, HiddenWait=0, TicksSkipped=0
    MissCause: NotPresent=61, NotReadyStall=0
    PrefetchEff: Dropped=0, AlreadyCached=753, UsedBeforeEvict=133, EvictedBeforeUse=8
    GatingPredict Recall=67.03% (799/1192)
    GatingPredict Precision=89.37% (799/894)
    GatingPrefetch Delivery=67.03% (799/1192)
    GatingPrefetch Triggers=149
    Predictor TopK matches: 0=0 1=0 >=2=0
Layer 30 Cache Stats: Hits=1157, Misses=35, HitRate=97.06%
    Predictor Routed-Expert HitRate=N/A
    Loads Per Step: 0Loads=117, 1Load=29, >1Load=3
    Bandwidth: StallLoads=35, PrefetchLoads=45, AvgLoadTime=4.34ms
    PrefetchOverlap: HiddenReady=39, HiddenWait=0, TicksSkipped=0
    MissCause: NotPresent=35, NotReadyStall=0
    PrefetchEff: Dropped=0, AlreadyCached=849, UsedBeforeEvict=39, EvictedBeforeUse=4
    GatingPredict Recall=71.64% (854/1192)
    GatingPredict Precision=95.53% (854/894)
    GatingPrefetch Delivery=71.64% (854/1192)
    GatingPrefetch Triggers=149
    Predictor TopK matches: 0=0 1=0 >=2=0
Layer 31 Cache Stats: Hits=1155, Misses=37, HitRate=96.90%
    Predictor Routed-Expert HitRate=N/A
    Loads Per Step: 0Loads=119, 1Load=24, >1Load=6
    Bandwidth: StallLoads=37, PrefetchLoads=34, AvgLoadTime=5.23ms
    PrefetchOverlap: HiddenReady=33, HiddenWait=0, TicksSkipped=0
    MissCause: NotPresent=37, NotReadyStall=0
    PrefetchEff: Dropped=0, AlreadyCached=860, UsedBeforeEvict=33, EvictedBeforeUse=1
    GatingPredict Recall=71.64% (854/1192)
    GatingPredict Precision=95.53% (854/894)
    GatingPrefetch Delivery=71.64% (854/1192)
    GatingPrefetch Triggers=149
    Predictor TopK matches: 0=0 1=0 >=2=0
Layer 32 Cache Stats: Hits=1142, Misses=50, HitRate=95.81%
    Predictor Routed-Expert HitRate=N/A
    Loads Per Step: 0Loads=104, 1Load=40, >1Load=5
    Bandwidth: StallLoads=50, PrefetchLoads=80, AvgLoadTime=4.06ms
    PrefetchOverlap: HiddenReady=76, HiddenWait=0, TicksSkipped=0
    MissCause: NotPresent=50, NotReadyStall=0
    PrefetchEff: Dropped=0, AlreadyCached=814, UsedBeforeEvict=76, EvictedBeforeUse=4
    GatingPredict Recall=71.56% (853/1192)
    GatingPredict Precision=95.41% (853/894)
    GatingPrefetch Delivery=71.56% (853/1192)
    GatingPrefetch Triggers=149
    Predictor TopK matches: 0=0 1=0 >=2=0
Layer 33 Cache Stats: Hits=1143, Misses=49, HitRate=95.89%
    Predictor Routed-Expert HitRate=N/A
    Loads Per Step: 0Loads=107, 1Load=36, >1Load=6
    Bandwidth: StallLoads=49, PrefetchLoads=87, AvgLoadTime=4.65ms
    PrefetchOverlap: HiddenReady=79, HiddenWait=0, TicksSkipped=0
    MissCause: NotPresent=49, NotReadyStall=0
    PrefetchEff: Dropped=0, AlreadyCached=807, UsedBeforeEvict=79, EvictedBeforeUse=8
    GatingPredict Recall=71.56% (853/1192)
    GatingPredict Precision=95.41% (853/894)
    GatingPrefetch Delivery=71.56% (853/1192)
    GatingPrefetch Triggers=149
    Predictor TopK matches: 0=0 1=0 >=2=0
Layer 34 Cache Stats: Hits=1123, Misses=69, HitRate=94.21%
    Predictor Routed-Expert HitRate=N/A
    Loads Per Step: 0Loads=95, 1Load=40, >1Load=14
    Bandwidth: StallLoads=69, PrefetchLoads=121, AvgLoadTime=4.25ms
    PrefetchOverlap: HiddenReady=109, HiddenWait=0, TicksSkipped=0
    MissCause: NotPresent=69, NotReadyStall=0
    PrefetchEff: Dropped=0, AlreadyCached=773, UsedBeforeEvict=109, EvictedBeforeUse=12
    GatingPredict Recall=71.31% (850/1192)
    GatingPredict Precision=95.08% (850/894)
    GatingPrefetch Delivery=71.31% (850/1192)
    GatingPrefetch Triggers=149
    Predictor TopK matches: 0=0 1=0 >=2=0
Layer 35 Cache Stats: Hits=1104, Misses=88, HitRate=92.62%
    Predictor Routed-Expert HitRate=N/A
    Loads Per Step: 0Loads=81, 1Load=50, >1Load=18
    Bandwidth: StallLoads=88, PrefetchLoads=156, AvgLoadTime=3.90ms
    PrefetchOverlap: HiddenReady=147, HiddenWait=0, TicksSkipped=0
    MissCause: NotPresent=88, NotReadyStall=0
    PrefetchEff: Dropped=0, AlreadyCached=738, UsedBeforeEvict=147, EvictedBeforeUse=9
    GatingPredict Recall=69.30% (826/1192)
    GatingPredict Precision=92.39% (826/894)
    GatingPrefetch Delivery=69.38% (827/1192)
    GatingPrefetch Triggers=149
    Predictor TopK matches: 0=0 1=0 >=2=0
Layer 36 Cache Stats: Hits=1119, Misses=73, HitRate=93.88%
    Predictor Routed-Expert HitRate=N/A
    Loads Per Step: 0Loads=87, 1Load=52, >1Load=10
    Bandwidth: StallLoads=73, PrefetchLoads=119, AvgLoadTime=5.05ms
    PrefetchOverlap: HiddenReady=112, HiddenWait=0, TicksSkipped=0
    MissCause: NotPresent=73, NotReadyStall=0
    PrefetchEff: Dropped=0, AlreadyCached=775, UsedBeforeEvict=112, EvictedBeforeUse=7
    GatingPredict Recall=70.55% (841/1192)
    GatingPredict Precision=94.07% (841/894)
    GatingPrefetch Delivery=70.64% (842/1192)
    GatingPrefetch Triggers=149
    Predictor TopK matches: 0=0 1=0 >=2=0
Layer 37 Cache Stats: Hits=1126, Misses=66, HitRate=94.46%
    Predictor Routed-Expert HitRate=N/A
    Loads Per Step: 0Loads=93, 1Load=47, >1Load=9
    Bandwidth: StallLoads=66, PrefetchLoads=144, AvgLoadTime=4.33ms
    PrefetchOverlap: HiddenReady=134, HiddenWait=0, TicksSkipped=0
    MissCause: NotPresent=66, NotReadyStall=0
    PrefetchEff: Dropped=0, AlreadyCached=750, UsedBeforeEvict=134, EvictedBeforeUse=9
    GatingPredict Recall=69.55% (829/1192)
    GatingPredict Precision=92.73% (829/894)
    GatingPrefetch Delivery=69.55% (829/1192)
    GatingPrefetch Triggers=149
    Predictor TopK matches: 0=0 1=0 >=2=0
Layer 38 Cache Stats: Hits=1146, Misses=46, HitRate=96.14%
    Predictor Routed-Expert HitRate=N/A
    Loads Per Step: 0Loads=106, 1Load=40, >1Load=3
    Bandwidth: StallLoads=46, PrefetchLoads=103, AvgLoadTime=4.49ms
    PrefetchOverlap: HiddenReady=95, HiddenWait=0, TicksSkipped=0
    MissCause: NotPresent=46, NotReadyStall=0
    PrefetchEff: Dropped=0, AlreadyCached=791, UsedBeforeEvict=95, EvictedBeforeUse=8
    GatingPredict Recall=70.22% (837/1192)
    GatingPredict Precision=93.62% (837/894)
    GatingPrefetch Delivery=70.30% (838/1192)
    GatingPrefetch Triggers=149
    Predictor TopK matches: 0=0 1=0 >=2=0
Layer 39 Cache Stats: Hits=1142, Misses=50, HitRate=95.81%
    Predictor Routed-Expert HitRate=N/A
    Loads Per Step: 0Loads=103, 1Load=42, >1Load=4
    Bandwidth: StallLoads=50, PrefetchLoads=71, AvgLoadTime=4.44ms
    PrefetchOverlap: HiddenReady=62, HiddenWait=0, TicksSkipped=0
    MissCause: NotPresent=50, NotReadyStall=0
    PrefetchEff: Dropped=0, AlreadyCached=823, UsedBeforeEvict=62, EvictedBeforeUse=9
    GatingPredict Recall=70.47% (840/1192)
    GatingPredict Precision=93.96% (840/894)
    GatingPrefetch Delivery=70.64% (842/1192)
    GatingPrefetch Triggers=149
    Predictor TopK matches: 0=0 1=0 >=2=0
Layer 40 Cache Stats: Hits=1152, Misses=40, HitRate=96.64%
    Predictor Routed-Expert HitRate=N/A
    Loads Per Step: 0Loads=113, 1Load=32, >1Load=4
    Bandwidth: StallLoads=40, PrefetchLoads=98, AvgLoadTime=4.60ms
    PrefetchOverlap: HiddenReady=89, HiddenWait=0, TicksSkipped=0
    MissCause: NotPresent=40, NotReadyStall=0
    PrefetchEff: Dropped=0, AlreadyCached=796, UsedBeforeEvict=89, EvictedBeforeUse=7
    GatingPredict Recall=70.89% (845/1192)
    GatingPredict Precision=94.52% (845/894)
    GatingPrefetch Delivery=70.97% (846/1192)
    GatingPrefetch Triggers=149
    Predictor TopK matches: 0=0 1=0 >=2=0
Layer 41 Cache Stats: Hits=1143, Misses=49, HitRate=95.89%
    Predictor Routed-Expert HitRate=N/A
    Loads Per Step: 0Loads=106, 1Load=37, >1Load=6
    Bandwidth: StallLoads=49, PrefetchLoads=151, AvgLoadTime=3.95ms
    PrefetchOverlap: HiddenReady=140, HiddenWait=0, TicksSkipped=0
    MissCause: NotPresent=49, NotReadyStall=0
    PrefetchEff: Dropped=0, AlreadyCached=743, UsedBeforeEvict=140, EvictedBeforeUse=9
    GatingPredict Recall=70.72% (843/1192)
    GatingPredict Precision=94.30% (843/894)
    GatingPrefetch Delivery=70.72% (843/1192)
    GatingPrefetch Triggers=149
    Predictor TopK matches: 0=0 1=0 >=2=0
Layer 42 Cache Stats: Hits=1123, Misses=69, HitRate=94.21%
    Predictor Routed-Expert HitRate=N/A
    Loads Per Step: 0Loads=90, 1Load=49, >1Load=10
    Bandwidth: StallLoads=69, PrefetchLoads=97, AvgLoadTime=4.84ms
    PrefetchOverlap: HiddenReady=96, HiddenWait=0, TicksSkipped=0
    MissCause: NotPresent=69, NotReadyStall=0
    PrefetchEff: Dropped=0, AlreadyCached=797, UsedBeforeEvict=96, EvictedBeforeUse=1
    GatingPredict Recall=70.64% (842/1192)
    GatingPredict Precision=94.18% (842/894)
    GatingPrefetch Delivery=70.72% (843/1192)
    GatingPrefetch Triggers=149
    Predictor TopK matches: 0=0 1=0 >=2=0
Layer 43 Cache Stats: Hits=1154, Misses=38, HitRate=96.81%
    Predictor Routed-Expert HitRate=N/A
    Loads Per Step: 0Loads=116, 1Load=28, >1Load=5
    Bandwidth: StallLoads=38, PrefetchLoads=93, AvgLoadTime=4.21ms
    PrefetchOverlap: HiddenReady=84, HiddenWait=0, TicksSkipped=0
    MissCause: NotPresent=38, NotReadyStall=0
    PrefetchEff: Dropped=0, AlreadyCached=801, UsedBeforeEvict=84, EvictedBeforeUse=8
    GatingPredict Recall=70.89% (845/1192)
    GatingPredict Precision=94.52% (845/894)
    GatingPrefetch Delivery=70.97% (846/1192)
    GatingPrefetch Triggers=149
    Predictor TopK matches: 0=0 1=0 >=2=0
Layer 44 Cache Stats: Hits=1143, Misses=49, HitRate=95.89%
    Predictor Routed-Expert HitRate=N/A
    Loads Per Step: 0Loads=105, 1Load=39, >1Load=5
    Bandwidth: StallLoads=49, PrefetchLoads=101, AvgLoadTime=4.60ms
    PrefetchOverlap: HiddenReady=94, HiddenWait=0, TicksSkipped=0
    MissCause: NotPresent=49, NotReadyStall=0
    PrefetchEff: Dropped=0, AlreadyCached=793, UsedBeforeEvict=94, EvictedBeforeUse=7
    GatingPredict Recall=70.39% (839/1192)
    GatingPredict Precision=93.85% (839/894)
    GatingPrefetch Delivery=70.47% (840/1192)
    GatingPrefetch Triggers=149
    Predictor TopK matches: 0=0 1=0 >=2=0
Layer 45 Cache Stats: Hits=1146, Misses=46, HitRate=96.14%
    Predictor Routed-Expert HitRate=N/A
    Loads Per Step: 0Loads=108, 1Load=36, >1Load=5
    Bandwidth: StallLoads=46, PrefetchLoads=102, AvgLoadTime=4.18ms
    PrefetchOverlap: HiddenReady=101, HiddenWait=0, TicksSkipped=0
    MissCause: NotPresent=46, NotReadyStall=0
    PrefetchEff: Dropped=0, AlreadyCached=792, UsedBeforeEvict=101, EvictedBeforeUse=1
    GatingPredict Recall=73.83% (880/1192)
    GatingPredict Precision=98.43% (880/894)
    GatingPrefetch Delivery=73.83% (880/1192)
    GatingPrefetch Triggers=149
    Predictor TopK matches: 0=0 1=0 >=2=0
Layer 46 Cache Stats: Hits=1143, Misses=49, HitRate=95.89%
    Predictor Routed-Expert HitRate=N/A
    Loads Per Step: 0Loads=105, 1Load=39, >1Load=5
    Bandwidth: StallLoads=49, PrefetchLoads=165, AvgLoadTime=4.30ms
    PrefetchOverlap: HiddenReady=150, HiddenWait=0, TicksSkipped=0
    MissCause: NotPresent=49, NotReadyStall=0
    PrefetchEff: Dropped=0, AlreadyCached=729, UsedBeforeEvict=150, EvictedBeforeUse=13
    GatingPredict Recall=69.97% (834/1192)
    GatingPredict Precision=93.29% (834/894)
    GatingPrefetch Delivery=70.05% (835/1192)
    GatingPrefetch Triggers=149
    Predictor TopK matches: 0=0 1=0 >=2=0
Layer 47 Cache Stats: Hits=1112, Misses=80, HitRate=93.29%
    Predictor Routed-Expert HitRate=N/A
    Loads Per Step: 0Loads=81, 1Load=58, >1Load=10
    Bandwidth: StallLoads=80, PrefetchLoads=189, AvgLoadTime=3.85ms
    PrefetchOverlap: HiddenReady=165, HiddenWait=0, TicksSkipped=0
    MissCause: NotPresent=80, NotReadyStall=0
    PrefetchEff: Dropped=0, AlreadyCached=705, UsedBeforeEvict=165, EvictedBeforeUse=22
    GatingPredict Recall=64.26% (766/1192)
    GatingPredict Precision=85.68% (766/894)
    GatingPrefetch Delivery=64.43% (768/1192)
    GatingPrefetch Triggers=149
    Predictor TopK matches: 0=0 1=0 >=2=0
============================================================
============================================================
Initializing Qwen3 30B-A3B AWQ w4a16 quantized model...
============================================================
Loading quantized weights from QuixiAI/Qwen3-30B-A3B-AWQ...
Using saved safetensors: /home/michael/heteroPredict/py/unified_llm_w4a16/model_weights/Qwen3-30B-A3B-AWQ.safetensors
Expert weights dir: /home/michael/heteroPredict/py/unified_llm_w4a16/model_weights/Qwen3-30B-A3B-AWQ_packed  (format: packed)
Using existing attention weights in /home/michael/heteroPredict/py/unified_llm_w4a16/model_weights/Qwen3-30B-A3B-AWQ_unpacked
Weights loaded (expert dir override) in 0.29 seconds
Pre-warming expert cache with 48 experts...
Model initialized successfully!
Set expert cache policy to LRU.

Running sweep using prompts from JSON: /tmp/tmp6y7pi234.json
Loaded 1 prompts for sweeping.

Processing Prompt 1/1...

============================================================
Generated text only:
============================================================
 Stephens , which was performed in 2001 at the Royal Court Theatre . He had a guest role in the television series Judge John Deed in 2002 . In 2004 Boulter landed a role as " Craig " in the episode " Teddy 's Story " of the television series The Long Firm ; he starred alongside actors Mark Strong and Derek Jacobi . He was cast in the 2005 theatre productions of the Philip Ridley play Mercury Fur , which was performed at the Drum Theatre in Plymouth and the Menier Chocolate Factory in London . He was directed by John Tiffany and starred alongside Ben Whishaw , Shane Zaza , Harry Kent , Fraser Ayres , Sophie Stanton and Dominic Hall .
============================================================

============================================================
Sweep Complete.
Average Time per Token: 0.320493
End-to-End TPS: 3.1202
Cache Stats: Hits=53926, Misses=3290, HitRate=94.25%
Predictor Stats: Hits=0, Total=0, HitRate=0.00%
Initializing UnifiedLLMW4A16Impl_base
Using NPU config struct.
Configuring NPU (Base):
  Heterogeneity: gpu
  GPU Count: 1
  Debug Verbosity: 1
  Dummy Weights: false
  Warmup: false
  Preload MoE: true
  Minimal PDI: true
[GPU SELECT] Free VRAM ranking: gpu0=28.00/28.00 GiB
[GPU SELECT] Selected GPUs for gpu-count=1: [0]
[GPU MAP] Single-GPU placement on gpu0
[Layer 1] cache partition: main=42 speculative=6 (fraction=0.125)
[GatingHeuristicPredictor Layer 1] prefetch_count=6 softmax_before_topk=yes
[Layer 2] cache partition: main=42 speculative=6 (fraction=0.125)
[GatingHeuristicPredictor Layer 2] prefetch_count=6 softmax_before_topk=yes
[Layer 3] cache partition: main=42 speculative=6 (fraction=0.125)
[GatingHeuristicPredictor Layer 3] prefetch_count=6 softmax_before_topk=yes
[Layer 4] cache partition: main=42 speculative=6 (fraction=0.125)
[GatingHeuristicPredictor Layer 4] prefetch_count=6 softmax_before_topk=yes
[Layer 5] cache partition: main=42 speculative=6 (fraction=0.125)
[GatingHeuristicPredictor Layer 5] prefetch_count=6 softmax_before_topk=yes
[Layer 6] cache partition: main=42 speculative=6 (fraction=0.125)
[GatingHeuristicPredictor Layer 6] prefetch_count=6 softmax_before_topk=yes
[Layer 7] cache partition: main=42 speculative=6 (fraction=0.125)
[GatingHeuristicPredictor Layer 7] prefetch_count=6 softmax_before_topk=yes
[Layer 8] cache partition: main=42 speculative=6 (fraction=0.125)
[GatingHeuristicPredictor Layer 8] prefetch_count=6 softmax_before_topk=yes
[Layer 9] cache partition: main=42 speculative=6 (fraction=0.125)
[GatingHeuristicPredictor Layer 9] prefetch_count=6 softmax_before_topk=yes
[Layer 10] cache partition: main=42 speculative=6 (fraction=0.125)
[GatingHeuristicPredictor Layer 10] prefetch_count=6 softmax_before_topk=yes
[Layer 11] cache partition: main=42 speculative=6 (fraction=0.125)
[GatingHeuristicPredictor Layer 11] prefetch_count=6 softmax_before_topk=yes
[Layer 12] cache partition: main=42 speculative=6 (fraction=0.125)
[GatingHeuristicPredictor Layer 12] prefetch_count=6 softmax_before_topk=yes
[Layer 13] cache partition: main=42 speculative=6 (fraction=0.125)
[GatingHeuristicPredictor Layer 13] prefetch_count=6 softmax_before_topk=yes
[Layer 14] cache partition: main=42 speculative=6 (fraction=0.125)
[GatingHeuristicPredictor Layer 14] prefetch_count=6 softmax_before_topk=yes
[Layer 15] cache partition: main=42 speculative=6 (fraction=0.125)
[GatingHeuristicPredictor Layer 15] prefetch_count=6 softmax_before_topk=yes
[Layer 16] cache partition: main=42 speculative=6 (fraction=0.125)
[GatingHeuristicPredictor Layer 16] prefetch_count=6 softmax_before_topk=yes
[Layer 17] cache partition: main=42 speculative=6 (fraction=0.125)
[GatingHeuristicPredictor Layer 17] prefetch_count=6 softmax_before_topk=yes
[Layer 18] cache partition: main=42 speculative=6 (fraction=0.125)
[GatingHeuristicPredictor Layer 18] prefetch_count=6 softmax_before_topk=yes
[Layer 19] cache partition: main=42 speculative=6 (fraction=0.125)
[GatingHeuristicPredictor Layer 19] prefetch_count=6 softmax_before_topk=yes
[Layer 20] cache partition: main=42 speculative=6 (fraction=0.125)
[GatingHeuristicPredictor Layer 20] prefetch_count=6 softmax_before_topk=yes
[Layer 21] cache partition: main=42 speculative=6 (fraction=0.125)
[GatingHeuristicPredictor Layer 21] prefetch_count=6 softmax_before_topk=yes
[Layer 22] cache partition: main=42 speculative=6 (fraction=0.125)
[GatingHeuristicPredictor Layer 22] prefetch_count=6 softmax_before_topk=yes
[Layer 23] cache partition: main=42 speculative=6 (fraction=0.125)
[GatingHeuristicPredictor Layer 23] prefetch_count=6 softmax_before_topk=yes
[Layer 24] cache partition: main=42 speculative=6 (fraction=0.125)
[GatingHeuristicPredictor Layer 24] prefetch_count=6 softmax_before_topk=yes
[Layer 25] cache partition: main=42 speculative=6 (fraction=0.125)
[GatingHeuristicPredictor Layer 25] prefetch_count=6 softmax_before_topk=yes
[Layer 26] cache partition: main=42 speculative=6 (fraction=0.125)
[GatingHeuristicPredictor Layer 26] prefetch_count=6 softmax_before_topk=yes
[Layer 27] cache partition: main=42 speculative=6 (fraction=0.125)
[GatingHeuristicPredictor Layer 27] prefetch_count=6 softmax_before_topk=yes
[Layer 28] cache partition: main=42 speculative=6 (fraction=0.125)
[GatingHeuristicPredictor Layer 28] prefetch_count=6 softmax_before_topk=yes
[Layer 29] cache partition: main=42 speculative=6 (fraction=0.125)
[GatingHeuristicPredictor Layer 29] prefetch_count=6 softmax_before_topk=yes
[Layer 30] cache partition: main=42 speculative=6 (fraction=0.125)
[GatingHeuristicPredictor Layer 30] prefetch_count=6 softmax_before_topk=yes
[Layer 31] cache partition: main=42 speculative=6 (fraction=0.125)
[GatingHeuristicPredictor Layer 31] prefetch_count=6 softmax_before_topk=yes
[Layer 32] cache partition: main=42 speculative=6 (fraction=0.125)
[GatingHeuristicPredictor Layer 32] prefetch_count=6 softmax_before_topk=yes
[Layer 33] cache partition: main=42 speculative=6 (fraction=0.125)
[GatingHeuristicPredictor Layer 33] prefetch_count=6 softmax_before_topk=yes
[Layer 34] cache partition: main=42 speculative=6 (fraction=0.125)
[GatingHeuristicPredictor Layer 34] prefetch_count=6 softmax_before_topk=yes
[Layer 35] cache partition: main=42 speculative=6 (fraction=0.125)
[GatingHeuristicPredictor Layer 35] prefetch_count=6 softmax_before_topk=yes
[Layer 36] cache partition: main=42 speculative=6 (fraction=0.125)
[GatingHeuristicPredictor Layer 36] prefetch_count=6 softmax_before_topk=yes
[Layer 37] cache partition: main=42 speculative=6 (fraction=0.125)
[GatingHeuristicPredictor Layer 37] prefetch_count=6 softmax_before_topk=yes
[Layer 38] cache partition: main=42 speculative=6 (fraction=0.125)
[GatingHeuristicPredictor Layer 38] prefetch_count=6 softmax_before_topk=yes
[Layer 39] cache partition: main=42 speculative=6 (fraction=0.125)
[GatingHeuristicPredictor Layer 39] prefetch_count=6 softmax_before_topk=yes
[Layer 40] cache partition: main=42 speculative=6 (fraction=0.125)
[GatingHeuristicPredictor Layer 40] prefetch_count=6 softmax_before_topk=yes
[Layer 41] cache partition: main=42 speculative=6 (fraction=0.125)
[GatingHeuristicPredictor Layer 41] prefetch_count=6 softmax_before_topk=yes
[Layer 42] cache partition: main=42 speculative=6 (fraction=0.125)
[GatingHeuristicPredictor Layer 42] prefetch_count=6 softmax_before_topk=yes
[Layer 43] cache partition: main=42 speculative=6 (fraction=0.125)
[GatingHeuristicPredictor Layer 43] prefetch_count=6 softmax_before_topk=yes
[Layer 44] cache partition: main=42 speculative=6 (fraction=0.125)
[GatingHeuristicPredictor Layer 44] prefetch_count=6 softmax_before_topk=yes
[Layer 45] cache partition: main=42 speculative=6 (fraction=0.125)
[GatingHeuristicPredictor Layer 45] prefetch_count=6 softmax_before_topk=yes
[Layer 46] cache partition: main=42 speculative=6 (fraction=0.125)
[GatingHeuristicPredictor Layer 46] prefetch_count=6 softmax_before_topk=yes
[Layer 47] cache partition: main=42 speculative=6 (fraction=0.125)
[GatingHeuristicPredictor Layer 47] prefetch_count=6 softmax_before_topk=yes
UnifiedLLMW4A16 moved to device: cuda:0
Preloading MoE kernels...
MoE kernels preloaded.
UnifiedLLMW4A16 initialized on device: cuda:0 with w4a16 quantization
Loading non-quantized weights from safetensors (mmap): /home/michael/heteroPredict/py/unified_llm_w4a16/model_weights/Qwen3-30B-A3B-AWQ.safetensors
Loaded 243 non-quantized parameters, skipped 0
Loading quantized weights from bins: /home/michael/heteroPredict/py/unified_llm_w4a16/model_weights/Qwen3-30B-A3B-AWQ_unpacked
  Expert weights dir override: /home/michael/heteroPredict/py/unified_llm_w4a16/model_weights/Qwen3-30B-A3B-AWQ_packed
Pre-warming 48 experts for all layers...
Layer 0: Pre-warming 42 experts.
Layer 0: using packed expert format.
[MoE I/O] Expert weight reads require O_DIRECT (no buffered fallback).
Layer 1: Pre-warming 42 experts.
Layer 1: using packed expert format.
Layer 2: Pre-warming 42 experts.
Layer 2: using packed expert format.
Layer 3: Pre-warming 42 experts.
Layer 3: using packed expert format.
Prewarmed experts for layer 4/48
Layer 4: Pre-warming 42 experts.
Layer 4: using packed expert format.
Layer 5: Pre-warming 42 experts.
Layer 5: using packed expert format.
Layer 6: Pre-warming 42 experts.
Layer 6: using packed expert format.
Layer 7: Pre-warming 42 experts.
Layer 7: using packed expert format.
Prewarmed experts for layer 8/48
Layer 8: Pre-warming 42 experts.
Layer 8: using packed expert format.
Layer 9: Pre-warming 42 experts.
Layer 9: using packed expert format.
Layer 10: Pre-warming 42 experts.
Layer 10: using packed expert format.
Layer 11: Pre-warming 42 experts.
Layer 11: using packed expert format.
Prewarmed experts for layer 12/48
Layer 12: Pre-warming 42 experts.
Layer 12: using packed expert format.
Layer 13: Pre-warming 42 experts.
Layer 13: using packed expert format.
Layer 14: Pre-warming 42 experts.
Layer 14: using packed expert format.
Layer 15: Pre-warming 42 experts.
Layer 15: using packed expert format.
Prewarmed experts for layer 16/48
Layer 16: Pre-warming 42 experts.
Layer 16: using packed expert format.
Layer 17: Pre-warming 42 experts.
Layer 17: using packed expert format.
Layer 18: Pre-warming 42 experts.
Layer 18: using packed expert format.
Layer 19: Pre-warming 42 experts.
Layer 19: using packed expert format.
Prewarmed experts for layer 20/48
Layer 20: Pre-warming 42 experts.
Layer 20: using packed expert format.
Layer 21: Pre-warming 42 experts.
Layer 21: using packed expert format.
Layer 22: Pre-warming 42 experts.
Layer 22: using packed expert format.
Layer 23: Pre-warming 42 experts.
Layer 23: using packed expert format.
Prewarmed experts for layer 24/48
Layer 24: Pre-warming 42 experts.
Layer 24: using packed expert format.
Layer 25: Pre-warming 42 experts.
Layer 25: using packed expert format.
Layer 26: Pre-warming 42 experts.
Layer 26: using packed expert format.
Layer 27: Pre-warming 42 experts.
Layer 27: using packed expert format.
Prewarmed experts for layer 28/48
Layer 28: Pre-warming 42 experts.
Layer 28: using packed expert format.
Layer 29: Pre-warming 42 experts.
Layer 29: using packed expert format.
Layer 30: Pre-warming 42 experts.
Layer 30: using packed expert format.
Layer 31: Pre-warming 42 experts.
Layer 31: using packed expert format.
Prewarmed experts for layer 32/48
Layer 32: Pre-warming 42 experts.
Layer 32: using packed expert format.
Layer 33: Pre-warming 42 experts.
Layer 33: using packed expert format.
Layer 34: Pre-warming 42 experts.
Layer 34: using packed expert format.
Layer 35: Pre-warming 42 experts.
Layer 35: using packed expert format.
Prewarmed experts for layer 36/48
Layer 36: Pre-warming 42 experts.
Layer 36: using packed expert format.
Layer 37: Pre-warming 42 experts.
Layer 37: using packed expert format.
Layer 38: Pre-warming 42 experts.
Layer 38: using packed expert format.
Layer 39: Pre-warming 42 experts.
Layer 39: using packed expert format.
Prewarmed experts for layer 40/48
Layer 40: Pre-warming 42 experts.
Layer 40: using packed expert format.
Layer 41: Pre-warming 42 experts.
Layer 41: using packed expert format.
Layer 42: Pre-warming 42 experts.
Layer 42: using packed expert format.
Layer 43: Pre-warming 42 experts.
Layer 43: using packed expert format.
Prewarmed experts for layer 44/48
Layer 44: Pre-warming 42 experts.
Layer 44: using packed expert format.
Layer 45: Pre-warming 42 experts.
Layer 45: using packed expert format.
Layer 46: Pre-warming 42 experts.
Layer 46: using packed expert format.
Layer 47: Pre-warming 42 experts.
Layer 47: using packed expert format.
Prewarmed experts for layer 48/48
Libtorch input_ids shape: [1, 512]
Skipping warmup.
Prefill time: 28.2518 seconds
Generation phase
[Layer 0 Step 0 Debug] Slots before check: 88 89 90 91 92 93 94 95 96 97 98 99 100 101 102 103 104 105 106 107 108 109 110 111 112 114 115 116 117 118 119 120 121 122 123 124 125 126 127 85 86 87 -1 -1 -1 -1 -1 -1 
[Layer 0 Step 0 Debug] Requested: 28 92 33 89 4 124 22 87 
[gen 5/149] elapsed=1.6s  TPS=3.076
[gen 10/149] elapsed=2.9s  TPS=3.415
[gen 15/149] elapsed=4.3s  TPS=3.517
[gen 20/149] elapsed=5.5s  TPS=3.634
[gen 25/149] elapsed=6.4s  TPS=3.911
[gen 30/149] elapsed=7.6s  TPS=3.935
[gen 35/149] elapsed=8.7s  TPS=4.002
[gen 40/149] elapsed=9.7s  TPS=4.111
[gen 45/149] elapsed=10.6s  TPS=4.244
[gen 50/149] elapsed=11.3s  TPS=4.412
[gen 55/149] elapsed=12.2s  TPS=4.515
[gen 60/149] elapsed=13.0s  TPS=4.598
[gen 65/149] elapsed=13.8s  TPS=4.709
[gen 70/149] elapsed=14.9s  TPS=4.707
[gen 75/149] elapsed=15.9s  TPS=4.730
[gen 80/149] elapsed=16.7s  TPS=4.780
[gen 85/149] elapsed=17.5s  TPS=4.848
[gen 90/149] elapsed=18.4s  TPS=4.904
[gen 95/149] elapsed=19.3s  TPS=4.933
[gen 100/149] elapsed=20.1s  TPS=4.987
[gen 105/149] elapsed=20.9s  TPS=5.027
[gen 110/149] elapsed=22.0s  TPS=5.011
[gen 115/149] elapsed=23.0s  TPS=5.010
[gen 120/149] elapsed=23.8s  TPS=5.048
[gen 125/149] elapsed=24.7s  TPS=5.063
[gen 130/149] elapsed=25.7s  TPS=5.051
[gen 135/149] elapsed=26.7s  TPS=5.066
[gen 140/149] elapsed=27.4s  TPS=5.116
[gen 145/149] elapsed=28.2s  TPS=5.149
Prefill time (summary): 28.252 seconds
Total Generation Time: 28.776 seconds
Average Time per Token: 0.193125 seconds

Expert Cache Statistics:
Layer 0 Cache Stats: Hits=686, Misses=506, HitRate=57.55%
    Predictor Routed-Expert HitRate=N/A
    Loads Per Step: 0Loads=13, 1Load=21, >1Load=115
    Bandwidth: StallLoads=506, PrefetchLoads=0, AvgLoadTime=2.71ms
    MissCause: NotPresent=506, NotReadyStall=0
    GlobalSpecLoad: PeakConcurrent=2
    Predictor TopK matches: 0=0 1=0 >=2=0
Layer 1 Cache Stats: Hits=989, Misses=203, HitRate=82.97%
    Predictor Routed-Expert HitRate=N/A
    Loads Per Step: 0Loads=28, 1Load=64, >1Load=57
    Bandwidth: StallLoads=203, PrefetchLoads=229, AvgLoadTime=3.79ms
    PrefetchOverlap: HiddenReady=189, HiddenWait=0, TicksSkipped=0
    MissCause: NotPresent=203, NotReadyStall=0
    PrefetchEff: Dropped=0, AlreadyCached=665, UsedBeforeEvict=189, EvictedBeforeUse=39
    GatingPredict Recall=51.93% (619/1192)
    GatingPredict Precision=69.24% (619/894)
    GatingPrefetch Delivery=52.18% (622/1192)
    GatingPrefetch Triggers=149
    Predictor TopK matches: 0=0 1=0 >=2=0
Layer 2 Cache Stats: Hits=1099, Misses=93, HitRate=92.20%
    Predictor Routed-Expert HitRate=N/A
    Loads Per Step: 0Loads=77, 1Load=53, >1Load=19
    Bandwidth: StallLoads=93, PrefetchLoads=215, AvgLoadTime=3.30ms
    PrefetchOverlap: HiddenReady=169, HiddenWait=0, TicksSkipped=0
    MissCause: NotPresent=93, NotReadyStall=0
    PrefetchEff: Dropped=0, AlreadyCached=679, UsedBeforeEvict=169, EvictedBeforeUse=45
    GatingPredict Recall=60.49% (721/1192)
    GatingPredict Precision=80.65% (721/894)
    GatingPrefetch Delivery=60.82% (725/1192)
    GatingPrefetch Triggers=149
    Predictor TopK matches: 0=0 1=0 >=2=0
Layer 3 Cache Stats: Hits=1007, Misses=185, HitRate=84.48%
    Predictor Routed-Expert HitRate=N/A
    Loads Per Step: 0Loads=42, 1Load=53, >1Load=54
    Bandwidth: StallLoads=185, PrefetchLoads=208, AvgLoadTime=3.17ms
    PrefetchOverlap: HiddenReady=169, HiddenWait=0, TicksSkipped=0
    MissCause: NotPresent=185, NotReadyStall=0
    PrefetchEff: Dropped=0, AlreadyCached=686, UsedBeforeEvict=169, EvictedBeforeUse=36
    GatingPredict Recall=57.13% (681/1192)
    GatingPredict Precision=76.17% (681/894)
    GatingPrefetch Delivery=57.55% (686/1192)
    GatingPrefetch Triggers=149
    Predictor TopK matches: 0=0 1=0 >=2=0
Layer 4 Cache Stats: Hits=1081, Misses=111, HitRate=90.69%
    Predictor Routed-Expert HitRate=N/A
    Loads Per Step: 0Loads=62, 1Load=64, >1Load=23
    Bandwidth: StallLoads=111, PrefetchLoads=167, AvgLoadTime=3.81ms
    PrefetchOverlap: HiddenReady=130, HiddenWait=0, TicksSkipped=0
    MissCause: NotPresent=111, NotReadyStall=0
    PrefetchEff: Dropped=0, AlreadyCached=727, UsedBeforeEvict=130, EvictedBeforeUse=35
    GatingPredict Recall=63.34% (755/1192)
    GatingPredict Precision=84.45% (755/894)
    GatingPrefetch Delivery=63.42% (756/1192)
    GatingPrefetch Triggers=149
    Predictor TopK matches: 0=0 1=0 >=2=0
Layer 5 Cache Stats: Hits=1126, Misses=66, HitRate=94.46%
    Predictor Routed-Expert HitRate=N/A
    Loads Per Step: 0Loads=96, 1Load=40, >1Load=13
    Bandwidth: StallLoads=66, PrefetchLoads=127, AvgLoadTime=3.62ms
    PrefetchOverlap: HiddenReady=113, HiddenWait=0, TicksSkipped=0
    MissCause: NotPresent=66, NotReadyStall=0
    PrefetchEff: Dropped=0, AlreadyCached=767, UsedBeforeEvict=113, EvictedBeforeUse=12
    GatingPredict Recall=66.36% (791/1192)
    GatingPredict Precision=88.48% (791/894)
    GatingPrefetch Delivery=66.44% (792/1192)
    GatingPrefetch Triggers=149
    Predictor TopK matches: 0=0 1=0 >=2=0
Layer 6 Cache Stats: Hits=1163, Misses=29, HitRate=97.57%
    Predictor Routed-Expert HitRate=N/A
    Loads Per Step: 0Loads=125, 1Load=20, >1Load=4
    Bandwidth: StallLoads=29, PrefetchLoads=77, AvgLoadTime=3.87ms
    PrefetchOverlap: HiddenReady=54, HiddenWait=0, TicksSkipped=0
    MissCause: NotPresent=29, NotReadyStall=0
    PrefetchEff: Dropped=0, AlreadyCached=817, UsedBeforeEvict=54, EvictedBeforeUse=21
    GatingPredict Recall=66.95% (798/1192)
    GatingPredict Precision=89.26% (798/894)
    GatingPrefetch Delivery=67.03% (799/1192)
    GatingPrefetch Triggers=149
    Predictor TopK matches: 0=0 1=0 >=2=0
Layer 7 Cache Stats: Hits=1160, Misses=32, HitRate=97.32%
    Predictor Routed-Expert HitRate=N/A
    Loads Per Step: 0Loads=125, 1Load=18, >1Load=6
    Bandwidth: StallLoads=32, PrefetchLoads=50, AvgLoadTime=3.67ms
    PrefetchOverlap: HiddenReady=41, HiddenWait=0, TicksSkipped=0
    MissCause: NotPresent=32, NotReadyStall=0
    PrefetchEff: Dropped=0, AlreadyCached=844, UsedBeforeEvict=41, EvictedBeforeUse=7
    GatingPredict Recall=67.37% (803/1192)
    GatingPredict Precision=89.82% (803/894)
    GatingPrefetch Delivery=67.62% (806/1192)
    GatingPrefetch Triggers=149
    Predictor TopK matches: 0=0 1=0 >=2=0
Layer 8 Cache Stats: Hits=1105, Misses=87, HitRate=92.70%
    Predictor Routed-Expert HitRate=N/A
    Loads Per Step: 0Loads=78, 1Load=57, >1Load=14
    Bandwidth: StallLoads=87, PrefetchLoads=116, AvgLoadTime=3.46ms
    PrefetchOverlap: HiddenReady=102, HiddenWait=0, TicksSkipped=0
    MissCause: NotPresent=87, NotReadyStall=0
    PrefetchEff: Dropped=0, AlreadyCached=778, UsedBeforeEvict=102, EvictedBeforeUse=14
    GatingPredict Recall=66.86% (797/1192)
    GatingPredict Precision=89.15% (797/894)
    GatingPrefetch Delivery=66.86% (797/1192)
    GatingPrefetch Triggers=149
    Predictor TopK matches: 0=0 1=0 >=2=0
Layer 9 Cache Stats: Hits=1153, Misses=39, HitRate=96.73%
    Predictor Routed-Expert HitRate=N/A
    Loads Per Step: 0Loads=112, 1Load=35, >1Load=2
    Bandwidth: StallLoads=39, PrefetchLoads=81, AvgLoadTime=4.17ms
    PrefetchOverlap: HiddenReady=74, HiddenWait=0, TicksSkipped=0
    MissCause: NotPresent=39, NotReadyStall=0
    PrefetchEff: Dropped=0, AlreadyCached=813, UsedBeforeEvict=74, EvictedBeforeUse=6
    GatingPredict Recall=71.06% (847/1192)
    GatingPredict Precision=94.74% (847/894)
    GatingPrefetch Delivery=71.06% (847/1192)
    GatingPrefetch Triggers=149
    Predictor TopK matches: 0=0 1=0 >=2=0
Layer 10 Cache Stats: Hits=1097, Misses=95, HitRate=92.03%
    Predictor Routed-Expert HitRate=N/A
    Loads Per Step: 0Loads=74, 1Load=56, >1Load=19
    Bandwidth: StallLoads=95, PrefetchLoads=121, AvgLoadTime=3.59ms
    PrefetchOverlap: HiddenReady=112, HiddenWait=0, TicksSkipped=0
    MissCause: NotPresent=95, NotReadyStall=0
    PrefetchEff: Dropped=0, AlreadyCached=773, UsedBeforeEvict=112, EvictedBeforeUse=9
    GatingPredict Recall=71.06% (847/1192)
    GatingPredict Precision=94.74% (847/894)
    GatingPrefetch Delivery=71.14% (848/1192)
    GatingPrefetch Triggers=149
    Predictor TopK matches: 0=0 1=0 >=2=0
Layer 11 Cache Stats: Hits=1092, Misses=100, HitRate=91.61%
    Predictor Routed-Expert HitRate=N/A
    Loads Per Step: 0Loads=72, 1Load=54, >1Load=23
    Bandwidth: StallLoads=100, PrefetchLoads=128, AvgLoadTime=3.58ms
    PrefetchOverlap: HiddenReady=121, HiddenWait=0, TicksSkipped=0
    MissCause: NotPresent=100, NotReadyStall=0
    PrefetchEff: Dropped=0, AlreadyCached=766, UsedBeforeEvict=121, EvictedBeforeUse=7
    GatingPredict Recall=71.31% (850/1192)
    GatingPredict Precision=95.08% (850/894)
    GatingPrefetch Delivery=71.56% (853/1192)
    GatingPrefetch Triggers=149
    Predictor TopK matches: 0=0 1=0 >=2=0
Layer 12 Cache Stats: Hits=1147, Misses=45, HitRate=96.22%
    Predictor Routed-Expert HitRate=N/A
    Loads Per Step: 0Loads=105, 1Load=43, >1Load=1
    Bandwidth: StallLoads=45, PrefetchLoads=100, AvgLoadTime=3.98ms
    PrefetchOverlap: HiddenReady=92, HiddenWait=0, TicksSkipped=0
    MissCause: NotPresent=45, NotReadyStall=0
    PrefetchEff: Dropped=0, AlreadyCached=794, UsedBeforeEvict=92, EvictedBeforeUse=8
    GatingPredict Recall=71.56% (853/1192)
    GatingPredict Precision=95.41% (853/894)
    GatingPrefetch Delivery=71.64% (854/1192)
    GatingPrefetch Triggers=149
    Predictor TopK matches: 0=0 1=0 >=2=0
Layer 13 Cache Stats: Hits=1101, Misses=91, HitRate=92.37%
    Predictor Routed-Expert HitRate=N/A
    Loads Per Step: 0Loads=68, 1Load=72, >1Load=9
    Bandwidth: StallLoads=91, PrefetchLoads=171, AvgLoadTime=3.58ms
    PrefetchOverlap: HiddenReady=158, HiddenWait=0, TicksSkipped=0
    MissCause: NotPresent=91, NotReadyStall=0
    PrefetchEff: Dropped=0, AlreadyCached=723, UsedBeforeEvict=158, EvictedBeforeUse=12
    GatingPredict Recall=70.47% (840/1192)
    GatingPredict Precision=93.96% (840/894)
    GatingPrefetch Delivery=70.47% (840/1192)
    GatingPrefetch Triggers=149
    Predictor TopK matches: 0=0 1=0 >=2=0
Layer 14 Cache Stats: Hits=1140, Misses=52, HitRate=95.64%
    Predictor Routed-Expert HitRate=N/A
    Loads Per Step: 0Loads=105, 1Load=38, >1Load=6
    Bandwidth: StallLoads=52, PrefetchLoads=142, AvgLoadTime=3.97ms
    PrefetchOverlap: HiddenReady=131, HiddenWait=0, TicksSkipped=0
    MissCause: NotPresent=52, NotReadyStall=0
    PrefetchEff: Dropped=0, AlreadyCached=752, UsedBeforeEvict=131, EvictedBeforeUse=11
    GatingPredict Recall=69.97% (834/1192)
    GatingPredict Precision=93.29% (834/894)
    GatingPrefetch Delivery=70.05% (835/1192)
    GatingPrefetch Triggers=149
    Predictor TopK matches: 0=0 1=0 >=2=0
Layer 15 Cache Stats: Hits=1145, Misses=47, HitRate=96.06%
    Predictor Routed-Expert HitRate=N/A
    Loads Per Step: 0Loads=103, 1Load=45, >1Load=1
    Bandwidth: StallLoads=47, PrefetchLoads=77, AvgLoadTime=4.07ms
    PrefetchOverlap: HiddenReady=73, HiddenWait=0, TicksSkipped=0
    MissCause: NotPresent=47, NotReadyStall=0
    PrefetchEff: Dropped=0, AlreadyCached=817, UsedBeforeEvict=73, EvictedBeforeUse=4
    GatingPredict Recall=72.48% (864/1192)
    GatingPredict Precision=96.64% (864/894)
    GatingPrefetch Delivery=72.65% (866/1192)
    GatingPrefetch Triggers=149
    Predictor TopK matches: 0=0 1=0 >=2=0
Layer 16 Cache Stats: Hits=1148, Misses=44, HitRate=96.31%
    Predictor Routed-Expert HitRate=N/A
    Loads Per Step: 0Loads=107, 1Load=40, >1Load=2
    Bandwidth: StallLoads=44, PrefetchLoads=84, AvgLoadTime=4.02ms
    PrefetchOverlap: HiddenReady=78, HiddenWait=0, TicksSkipped=0
    MissCause: NotPresent=44, NotReadyStall=0
    PrefetchEff: Dropped=0, AlreadyCached=810, UsedBeforeEvict=78, EvictedBeforeUse=4
    GatingPredict Recall=72.57% (865/1192)
    GatingPredict Precision=96.76% (865/894)
    GatingPrefetch Delivery=72.65% (866/1192)
    GatingPrefetch Triggers=149
    Predictor TopK matches: 0=0 1=0 >=2=0
Layer 17 Cache Stats: Hits=1138, Misses=54, HitRate=95.47%
    Predictor Routed-Expert HitRate=N/A
    Loads Per Step: 0Loads=100, 1Load=44, >1Load=5
    Bandwidth: StallLoads=54, PrefetchLoads=136, AvgLoadTime=3.41ms
    PrefetchOverlap: HiddenReady=129, HiddenWait=0, TicksSkipped=0
    MissCause: NotPresent=54, NotReadyStall=0
    PrefetchEff: Dropped=0, AlreadyCached=758, UsedBeforeEvict=129, EvictedBeforeUse=6
    GatingPredict Recall=72.23% (861/1192)
    GatingPredict Precision=96.31% (861/894)
    GatingPrefetch Delivery=72.23% (861/1192)
    GatingPrefetch Triggers=149
    Predictor TopK matches: 0=0 1=0 >=2=0
Layer 18 Cache Stats: Hits=1159, Misses=33, HitRate=97.23%
    Predictor Routed-Expert HitRate=N/A
    Loads Per Step: 0Loads=123, 1Load=20, >1Load=6
    Bandwidth: StallLoads=33, PrefetchLoads=40, AvgLoadTime=4.14ms
    PrefetchOverlap: HiddenReady=32, HiddenWait=0, TicksSkipped=0
    MissCause: NotPresent=33, NotReadyStall=0
    PrefetchEff: Dropped=0, AlreadyCached=854, UsedBeforeEvict=32, EvictedBeforeUse=7
    GatingPredict Recall=69.46% (828/1192)
    GatingPredict Precision=92.62% (828/894)
    GatingPrefetch Delivery=69.55% (829/1192)
    GatingPrefetch Triggers=149
    Predictor TopK matches: 0=0 1=0 >=2=0
Layer 19 Cache Stats: Hits=1173, Misses=19, HitRate=98.41%
    Predictor Routed-Expert HitRate=N/A
    Loads Per Step: 0Loads=130, 1Load=19, >1Load=0
    Bandwidth: StallLoads=19, PrefetchLoads=35, AvgLoadTime=4.17ms
    PrefetchOverlap: HiddenReady=35, HiddenWait=0, TicksSkipped=0
    MissCause: NotPresent=19, NotReadyStall=0
    PrefetchEff: Dropped=0, AlreadyCached=859, UsedBeforeEvict=35, EvictedBeforeUse=0
    GatingPredict Recall=71.73% (855/1192)
    GatingPredict Precision=95.64% (855/894)
    GatingPrefetch Delivery=71.73% (855/1192)
    GatingPrefetch Triggers=149
    Predictor TopK matches: 0=0 1=0 >=2=0
Layer 20 Cache Stats: Hits=1135, Misses=57, HitRate=95.22%
    Predictor Routed-Expert HitRate=N/A
    Loads Per Step: 0Loads=95, 1Load=51, >1Load=3
    Bandwidth: StallLoads=57, PrefetchLoads=64, AvgLoadTime=3.60ms
    PrefetchOverlap: HiddenReady=59, HiddenWait=0, TicksSkipped=0
    MissCause: NotPresent=57, NotReadyStall=0
    PrefetchEff: Dropped=0, AlreadyCached=830, UsedBeforeEvict=59, EvictedBeforeUse=5
    GatingPredict Recall=69.30% (826/1192)
    GatingPredict Precision=92.39% (826/894)
    GatingPrefetch Delivery=69.46% (828/1192)
    GatingPrefetch Triggers=149
    Predictor TopK matches: 0=0 1=0 >=2=0
Layer 21 Cache Stats: Hits=1159, Misses=33, HitRate=97.23%
    Predictor Routed-Expert HitRate=N/A
    Loads Per Step: 0Loads=117, 1Load=31, >1Load=1
    Bandwidth: StallLoads=33, PrefetchLoads=38, AvgLoadTime=3.97ms
    PrefetchOverlap: HiddenReady=38, HiddenWait=0, TicksSkipped=0
    MissCause: NotPresent=33, NotReadyStall=0
    PrefetchEff: Dropped=0, AlreadyCached=856, UsedBeforeEvict=38, EvictedBeforeUse=0
    GatingPredict Recall=73.24% (873/1192)
    GatingPredict Precision=97.65% (873/894)
    GatingPrefetch Delivery=73.32% (874/1192)
    GatingPrefetch Triggers=149
    Predictor TopK matches: 0=0 1=0 >=2=0
Layer 22 Cache Stats: Hits=1121, Misses=71, HitRate=94.04%
    Predictor Routed-Expert HitRate=N/A
    Loads Per Step: 0Loads=88, 1Load=51, >1Load=10
    Bandwidth: StallLoads=71, PrefetchLoads=74, AvgLoadTime=3.81ms
    PrefetchOverlap: HiddenReady=71, HiddenWait=0, TicksSkipped=0
    MissCause: NotPresent=71, NotReadyStall=0
    PrefetchEff: Dropped=0, AlreadyCached=820, UsedBeforeEvict=71, EvictedBeforeUse=3
    GatingPredict Recall=71.14% (848/1192)
    GatingPredict Precision=94.85% (848/894)
    GatingPrefetch Delivery=71.14% (848/1192)
    GatingPrefetch Triggers=149
    Predictor TopK matches: 0=0 1=0 >=2=0
Layer 23 Cache Stats: Hits=1098, Misses=94, HitRate=92.11%
    Predictor Routed-Expert HitRate=N/A
    Loads Per Step: 0Loads=73, 1Load=61, >1Load=15
    Bandwidth: StallLoads=94, PrefetchLoads=150, AvgLoadTime=3.63ms
    PrefetchOverlap: HiddenReady=145, HiddenWait=0, TicksSkipped=0
    MissCause: NotPresent=94, NotReadyStall=0
    PrefetchEff: Dropped=0, AlreadyCached=744, UsedBeforeEvict=145, EvictedBeforeUse=5
    GatingPredict Recall=70.47% (840/1192)
    GatingPredict Precision=93.96% (840/894)
    GatingPrefetch Delivery=70.55% (841/1192)
    GatingPrefetch Triggers=149
    Predictor TopK matches: 0=0 1=0 >=2=0
Layer 24 Cache Stats: Hits=1131, Misses=61, HitRate=94.88%
    Predictor Routed-Expert HitRate=N/A
    Loads Per Step: 0Loads=95, 1Load=47, >1Load=7
    Bandwidth: StallLoads=61, PrefetchLoads=75, AvgLoadTime=4.21ms
    PrefetchOverlap: HiddenReady=71, HiddenWait=0, TicksSkipped=0
    MissCause: NotPresent=61, NotReadyStall=0
    PrefetchEff: Dropped=0, AlreadyCached=819, UsedBeforeEvict=71, EvictedBeforeUse=3
    GatingPredict Recall=70.97% (846/1192)
    GatingPredict Precision=94.63% (846/894)
    GatingPrefetch Delivery=71.06% (847/1192)
    GatingPrefetch Triggers=149
    Predictor TopK matches: 0=0 1=0 >=2=0
Layer 25 Cache Stats: Hits=1107, Misses=85, HitRate=92.87%
    Predictor Routed-Expert HitRate=N/A
    Loads Per Step: 0Loads=75, 1Load=63, >1Load=11
    Bandwidth: StallLoads=85, PrefetchLoads=161, AvgLoadTime=3.53ms
    PrefetchOverlap: HiddenReady=157, HiddenWait=0, TicksSkipped=0
    MissCause: NotPresent=85, NotReadyStall=0
    PrefetchEff: Dropped=0, AlreadyCached=733, UsedBeforeEvict=157, EvictedBeforeUse=4
    GatingPredict Recall=69.71% (831/1192)
    GatingPredict Precision=92.95% (831/894)
    GatingPrefetch Delivery=69.80% (832/1192)
    GatingPrefetch Triggers=149
    Predictor TopK matches: 0=0 1=0 >=2=0
Layer 26 Cache Stats: Hits=1141, Misses=51, HitRate=95.72%
    Predictor Routed-Expert HitRate=N/A
    Loads Per Step: 0Loads=103, 1Load=41, >1Load=5
    Bandwidth: StallLoads=51, PrefetchLoads=112, AvgLoadTime=3.89ms
    PrefetchOverlap: HiddenReady=105, HiddenWait=0, TicksSkipped=0
    MissCause: NotPresent=51, NotReadyStall=0
    PrefetchEff: Dropped=0, AlreadyCached=782, UsedBeforeEvict=105, EvictedBeforeUse=7
    GatingPredict Recall=69.55% (829/1192)
    GatingPredict Precision=92.73% (829/894)
    GatingPrefetch Delivery=69.63% (830/1192)
    GatingPrefetch Triggers=149
    Predictor TopK matches: 0=0 1=0 >=2=0
Layer 27 Cache Stats: Hits=1135, Misses=57, HitRate=95.22%
    Predictor Routed-Expert HitRate=N/A
    Loads Per Step: 0Loads=103, 1Load=36, >1Load=10
    Bandwidth: StallLoads=57, PrefetchLoads=68, AvgLoadTime=3.80ms
    PrefetchOverlap: HiddenReady=64, HiddenWait=0, TicksSkipped=0
    MissCause: NotPresent=57, NotReadyStall=0
    PrefetchEff: Dropped=0, AlreadyCached=826, UsedBeforeEvict=64, EvictedBeforeUse=4
    GatingPredict Recall=73.24% (873/1192)
    GatingPredict Precision=97.65% (873/894)
    GatingPrefetch Delivery=73.24% (873/1192)
    GatingPrefetch Triggers=149
    Predictor TopK matches: 0=0 1=0 >=2=0
Layer 28 Cache Stats: Hits=1142, Misses=50, HitRate=95.81%
    Predictor Routed-Expert HitRate=N/A
    Loads Per Step: 0Loads=102, 1Load=44, >1Load=3
    Bandwidth: StallLoads=50, PrefetchLoads=97, AvgLoadTime=3.81ms
    PrefetchOverlap: HiddenReady=92, HiddenWait=0, TicksSkipped=0
    MissCause: NotPresent=50, NotReadyStall=0
    PrefetchEff: Dropped=0, AlreadyCached=797, UsedBeforeEvict=92, EvictedBeforeUse=5
    GatingPredict Recall=72.57% (865/1192)
    GatingPredict Precision=96.76% (865/894)
    GatingPrefetch Delivery=72.65% (866/1192)
    GatingPrefetch Triggers=149
    Predictor TopK matches: 0=0 1=0 >=2=0
Layer 29 Cache Stats: Hits=1128, Misses=64, HitRate=94.63%
    Predictor Routed-Expert HitRate=N/A
    Loads Per Step: 0Loads=93, 1Load=48, >1Load=8
    Bandwidth: StallLoads=64, PrefetchLoads=138, AvgLoadTime=3.37ms
    PrefetchOverlap: HiddenReady=132, HiddenWait=0, TicksSkipped=0
    MissCause: NotPresent=64, NotReadyStall=0
    PrefetchEff: Dropped=0, AlreadyCached=756, UsedBeforeEvict=132, EvictedBeforeUse=6
    GatingPredict Recall=72.40% (863/1192)
    GatingPredict Precision=96.53% (863/894)
    GatingPrefetch Delivery=72.40% (863/1192)
    GatingPrefetch Triggers=149
    Predictor TopK matches: 0=0 1=0 >=2=0
Layer 30 Cache Stats: Hits=1157, Misses=35, HitRate=97.06%
    Predictor Routed-Expert HitRate=N/A
    Loads Per Step: 0Loads=117, 1Load=29, >1Load=3
    Bandwidth: StallLoads=35, PrefetchLoads=47, AvgLoadTime=4.03ms
    PrefetchOverlap: HiddenReady=44, HiddenWait=0, TicksSkipped=0
    MissCause: NotPresent=35, NotReadyStall=0
    PrefetchEff: Dropped=0, AlreadyCached=847, UsedBeforeEvict=44, EvictedBeforeUse=3
    GatingPredict Recall=72.65% (866/1192)
    GatingPredict Precision=96.87% (866/894)
    GatingPrefetch Delivery=72.65% (866/1192)
    GatingPrefetch Triggers=149
    Predictor TopK matches: 0=0 1=0 >=2=0
Layer 31 Cache Stats: Hits=1162, Misses=30, HitRate=97.48%
    Predictor Routed-Expert HitRate=N/A
    Loads Per Step: 0Loads=120, 1Load=28, >1Load=1
    Bandwidth: StallLoads=30, PrefetchLoads=38, AvgLoadTime=4.14ms
    PrefetchOverlap: HiddenReady=36, HiddenWait=0, TicksSkipped=0
    MissCause: NotPresent=30, NotReadyStall=0
    PrefetchEff: Dropped=0, AlreadyCached=856, UsedBeforeEvict=36, EvictedBeforeUse=2
    GatingPredict Recall=73.32% (874/1192)
    GatingPredict Precision=97.76% (874/894)
    GatingPrefetch Delivery=73.32% (874/1192)
    GatingPrefetch Triggers=149
    Predictor TopK matches: 0=0 1=0 >=2=0
Layer 32 Cache Stats: Hits=1125, Misses=67, HitRate=94.38%
    Predictor Routed-Expert HitRate=N/A
    Loads Per Step: 0Loads=94, 1Load=44, >1Load=11
    Bandwidth: StallLoads=67, PrefetchLoads=104, AvgLoadTime=3.41ms
    PrefetchOverlap: HiddenReady=98, HiddenWait=0, TicksSkipped=0
    MissCause: NotPresent=67, NotReadyStall=0
    PrefetchEff: Dropped=0, AlreadyCached=790, UsedBeforeEvict=98, EvictedBeforeUse=6
    GatingPredict Recall=72.06% (859/1192)
    GatingPredict Precision=96.09% (859/894)
    GatingPrefetch Delivery=72.06% (859/1192)
    GatingPrefetch Triggers=149
    Predictor TopK matches: 0=0 1=0 >=2=0
Layer 33 Cache Stats: Hits=1150, Misses=42, HitRate=96.48%
    Predictor Routed-Expert HitRate=N/A
    Loads Per Step: 0Loads=110, 1Load=36, >1Load=3
    Bandwidth: StallLoads=42, PrefetchLoads=65, AvgLoadTime=4.13ms
    PrefetchOverlap: HiddenReady=62, HiddenWait=0, TicksSkipped=0
    MissCause: NotPresent=42, NotReadyStall=0
    PrefetchEff: Dropped=0, AlreadyCached=829, UsedBeforeEvict=62, EvictedBeforeUse=3
    GatingPredict Recall=73.24% (873/1192)
    GatingPredict Precision=97.65% (873/894)
    GatingPrefetch Delivery=73.24% (873/1192)
    GatingPrefetch Triggers=149
    Predictor TopK matches: 0=0 1=0 >=2=0
Layer 34 Cache Stats: Hits=1130, Misses=62, HitRate=94.80%
    Predictor Routed-Expert HitRate=N/A
    Loads Per Step: 0Loads=91, 1Load=54, >1Load=4
    Bandwidth: StallLoads=62, PrefetchLoads=107, AvgLoadTime=3.70ms
    PrefetchOverlap: HiddenReady=102, HiddenWait=0, TicksSkipped=0
    MissCause: NotPresent=62, NotReadyStall=0
    PrefetchEff: Dropped=0, AlreadyCached=787, UsedBeforeEvict=102, EvictedBeforeUse=5
    GatingPredict Recall=73.41% (875/1192)
    GatingPredict Precision=97.87% (875/894)
    GatingPrefetch Delivery=73.41% (875/1192)
    GatingPrefetch Triggers=149
    Predictor TopK matches: 0=0 1=0 >=2=0
Layer 35 Cache Stats: Hits=1093, Misses=99, HitRate=91.69%
    Predictor Routed-Expert HitRate=N/A
    Loads Per Step: 0Loads=69, 1Load=64, >1Load=16
    Bandwidth: StallLoads=99, PrefetchLoads=166, AvgLoadTime=3.41ms
    PrefetchOverlap: HiddenReady=158, HiddenWait=0, TicksSkipped=0
    MissCause: NotPresent=99, NotReadyStall=0
    PrefetchEff: Dropped=0, AlreadyCached=728, UsedBeforeEvict=158, EvictedBeforeUse=8
    GatingPredict Recall=72.57% (865/1192)
    GatingPredict Precision=96.76% (865/894)
    GatingPrefetch Delivery=72.57% (865/1192)
    GatingPrefetch Triggers=149
    Predictor TopK matches: 0=0 1=0 >=2=0
Layer 36 Cache Stats: Hits=1122, Misses=70, HitRate=94.13%
    Predictor Routed-Expert HitRate=N/A
    Loads Per Step: 0Loads=87, 1Load=55, >1Load=7
    Bandwidth: StallLoads=70, PrefetchLoads=89, AvgLoadTime=4.11ms
    PrefetchOverlap: HiddenReady=85, HiddenWait=0, TicksSkipped=0
    MissCause: NotPresent=70, NotReadyStall=0
    PrefetchEff: Dropped=0, AlreadyCached=805, UsedBeforeEvict=85, EvictedBeforeUse=4
    GatingPredict Recall=72.65% (866/1192)
    GatingPredict Precision=96.87% (866/894)
    GatingPrefetch Delivery=72.73% (867/1192)
    GatingPrefetch Triggers=149
    Predictor TopK matches: 0=0 1=0 >=2=0
Layer 37 Cache Stats: Hits=1106, Misses=86, HitRate=92.79%
    Predictor Routed-Expert HitRate=N/A
    Loads Per Step: 0Loads=80, 1Load=53, >1Load=16
    Bandwidth: StallLoads=86, PrefetchLoads=166, AvgLoadTime=3.38ms
    PrefetchOverlap: HiddenReady=160, HiddenWait=0, TicksSkipped=0
    MissCause: NotPresent=86, NotReadyStall=0
    PrefetchEff: Dropped=0, AlreadyCached=728, UsedBeforeEvict=160, EvictedBeforeUse=6
    GatingPredict Recall=72.73% (867/1192)
    GatingPredict Precision=96.98% (867/894)
    GatingPrefetch Delivery=72.73% (867/1192)
    GatingPrefetch Triggers=149
    Predictor TopK matches: 0=0 1=0 >=2=0
Layer 38 Cache Stats: Hits=1142, Misses=50, HitRate=95.81%
    Predictor Routed-Expert HitRate=N/A
    Loads Per Step: 0Loads=106, 1Load=37, >1Load=6
    Bandwidth: StallLoads=50, PrefetchLoads=114, AvgLoadTime=3.93ms
    PrefetchOverlap: HiddenReady=106, HiddenWait=0, TicksSkipped=0
    MissCause: NotPresent=50, NotReadyStall=0
    PrefetchEff: Dropped=0, AlreadyCached=780, UsedBeforeEvict=106, EvictedBeforeUse=8
    GatingPredict Recall=72.40% (863/1192)
    GatingPredict Precision=96.53% (863/894)
    GatingPrefetch Delivery=72.48% (864/1192)
    GatingPrefetch Triggers=149
    Predictor TopK matches: 0=0 1=0 >=2=0
Layer 39 Cache Stats: Hits=1140, Misses=52, HitRate=95.64%
    Predictor Routed-Expert HitRate=N/A
    Loads Per Step: 0Loads=102, 1Load=42, >1Load=5
    Bandwidth: StallLoads=52, PrefetchLoads=77, AvgLoadTime=3.94ms
    PrefetchOverlap: HiddenReady=74, HiddenWait=0, TicksSkipped=0
    MissCause: NotPresent=52, NotReadyStall=0
    PrefetchEff: Dropped=0, AlreadyCached=817, UsedBeforeEvict=74, EvictedBeforeUse=3
    GatingPredict Recall=72.57% (865/1192)
    GatingPredict Precision=96.76% (865/894)
    GatingPrefetch Delivery=72.57% (865/1192)
    GatingPrefetch Triggers=149
    Predictor TopK matches: 0=0 1=0 >=2=0
Layer 40 Cache Stats: Hits=1140, Misses=52, HitRate=95.64%
    Predictor Routed-Expert HitRate=N/A
    Loads Per Step: 0Loads=105, 1Load=37, >1Load=7
    Bandwidth: StallLoads=52, PrefetchLoads=111, AvgLoadTime=3.89ms
    PrefetchOverlap: HiddenReady=104, HiddenWait=0, TicksSkipped=0
    MissCause: NotPresent=52, NotReadyStall=0
    PrefetchEff: Dropped=0, AlreadyCached=783, UsedBeforeEvict=104, EvictedBeforeUse=7
    GatingPredict Recall=72.82% (868/1192)
    GatingPredict Precision=97.09% (868/894)
    GatingPrefetch Delivery=72.90% (869/1192)
    GatingPrefetch Triggers=149
    Predictor TopK matches: 0=0 1=0 >=2=0
Layer 41 Cache Stats: Hits=1123, Misses=69, HitRate=94.21%
    Predictor Routed-Expert HitRate=N/A
    Loads Per Step: 0Loads=92, 1Load=46, >1Load=11
    Bandwidth: StallLoads=69, PrefetchLoads=176, AvgLoadTime=3.40ms
    PrefetchOverlap: HiddenReady=171, HiddenWait=0, TicksSkipped=0
    MissCause: NotPresent=69, NotReadyStall=0
    PrefetchEff: Dropped=0, AlreadyCached=718, UsedBeforeEvict=171, EvictedBeforeUse=5
    GatingPredict Recall=72.73% (867/1192)
    GatingPredict Precision=96.98% (867/894)
    GatingPrefetch Delivery=72.73% (867/1192)
    GatingPrefetch Triggers=149
    Predictor TopK matches: 0=0 1=0 >=2=0
Layer 42 Cache Stats: Hits=1136, Misses=56, HitRate=95.30%
    Predictor Routed-Expert HitRate=N/A
    Loads Per Step: 0Loads=100, 1Load=42, >1Load=7
    Bandwidth: StallLoads=56, PrefetchLoads=115, AvgLoadTime=4.06ms
    PrefetchOverlap: HiddenReady=115, HiddenWait=0, TicksSkipped=0
    MissCause: NotPresent=56, NotReadyStall=0
    PrefetchEff: Dropped=0, AlreadyCached=779, UsedBeforeEvict=115, EvictedBeforeUse=0
    GatingPredict Recall=72.65% (866/1192)
    GatingPredict Precision=96.87% (866/894)
    GatingPrefetch Delivery=72.65% (866/1192)
    GatingPrefetch Triggers=149
    Predictor TopK matches: 0=0 1=0 >=2=0
Layer 43 Cache Stats: Hits=1142, Misses=50, HitRate=95.81%
    Predictor Routed-Expert HitRate=N/A
    Loads Per Step: 0Loads=103, 1Load=42, >1Load=4
    Bandwidth: StallLoads=50, PrefetchLoads=108, AvgLoadTime=3.71ms
    PrefetchOverlap: HiddenReady=95, HiddenWait=0, TicksSkipped=0
    MissCause: NotPresent=50, NotReadyStall=0
    PrefetchEff: Dropped=0, AlreadyCached=786, UsedBeforeEvict=95, EvictedBeforeUse=12
    GatingPredict Recall=71.90% (857/1192)
    GatingPredict Precision=95.86% (857/894)
    GatingPrefetch Delivery=71.90% (857/1192)
    GatingPrefetch Triggers=149
    Predictor TopK matches: 0=0 1=0 >=2=0
Layer 44 Cache Stats: Hits=1139, Misses=53, HitRate=95.55%
    Predictor Routed-Expert HitRate=N/A
    Loads Per Step: 0Loads=103, 1Load=41, >1Load=5
    Bandwidth: StallLoads=53, PrefetchLoads=98, AvgLoadTime=3.72ms
    PrefetchOverlap: HiddenReady=95, HiddenWait=0, TicksSkipped=0
    MissCause: NotPresent=53, NotReadyStall=0
    PrefetchEff: Dropped=0, AlreadyCached=796, UsedBeforeEvict=95, EvictedBeforeUse=3
    GatingPredict Recall=73.15% (872/1192)
    GatingPredict Precision=97.54% (872/894)
    GatingPrefetch Delivery=73.24% (873/1192)
    GatingPrefetch Triggers=149
    Predictor TopK matches: 0=0 1=0 >=2=0
Layer 45 Cache Stats: Hits=1144, Misses=48, HitRate=95.97%
    Predictor Routed-Expert HitRate=N/A
    Loads Per Step: 0Loads=106, 1Load=38, >1Load=5
    Bandwidth: StallLoads=48, PrefetchLoads=85, AvgLoadTime=3.94ms
    PrefetchOverlap: HiddenReady=83, HiddenWait=0, TicksSkipped=0
    MissCause: NotPresent=48, NotReadyStall=0
    PrefetchEff: Dropped=0, AlreadyCached=809, UsedBeforeEvict=83, EvictedBeforeUse=2
    GatingPredict Recall=73.49% (876/1192)
    GatingPredict Precision=97.99% (876/894)
    GatingPrefetch Delivery=73.49% (876/1192)
    GatingPrefetch Triggers=149
    Predictor TopK matches: 0=0 1=0 >=2=0
Layer 46 Cache Stats: Hits=1128, Misses=64, HitRate=94.63%
    Predictor Routed-Expert HitRate=N/A
    Loads Per Step: 0Loads=97, 1Load=40, >1Load=12
    Bandwidth: StallLoads=64, PrefetchLoads=165, AvgLoadTime=3.51ms
    PrefetchOverlap: HiddenReady=161, HiddenWait=0, TicksSkipped=0
    MissCause: NotPresent=64, NotReadyStall=0
    PrefetchEff: Dropped=0, AlreadyCached=729, UsedBeforeEvict=161, EvictedBeforeUse=3
    GatingPredict Recall=71.64% (854/1192)
    GatingPredict Precision=95.53% (854/894)
    GatingPrefetch Delivery=71.81% (856/1192)
    GatingPrefetch Triggers=149
    Predictor TopK matches: 0=0 1=0 >=2=0
Layer 47 Cache Stats: Hits=1116, Misses=76, HitRate=93.62%
    Predictor Routed-Expert HitRate=N/A
    Loads Per Step: 0Loads=89, 1Load=46, >1Load=14
    Bandwidth: StallLoads=76, PrefetchLoads=200, AvgLoadTime=3.25ms
    PrefetchOverlap: HiddenReady=170, HiddenWait=0, TicksSkipped=0
    MissCause: NotPresent=76, NotReadyStall=0
    PrefetchEff: Dropped=0, AlreadyCached=694, UsedBeforeEvict=170, EvictedBeforeUse=30
    GatingPredict Recall=68.20% (813/1192)
    GatingPredict Precision=90.94% (813/894)
    GatingPrefetch Delivery=68.29% (814/1192)
    GatingPrefetch Triggers=149
    Predictor TopK matches: 0=0 1=0 >=2=0
============================================================
============================================================
Initializing Qwen3 30B-A3B AWQ w4a16 quantized model...
============================================================
Loading quantized weights from QuixiAI/Qwen3-30B-A3B-AWQ...
Using saved safetensors: /home/michael/heteroPredict/py/unified_llm_w4a16/model_weights/Qwen3-30B-A3B-AWQ.safetensors
Expert weights dir: /home/michael/heteroPredict/py/unified_llm_w4a16/model_weights/Qwen3-30B-A3B-AWQ_packed  (format: packed)
Using existing attention weights in /home/michael/heteroPredict/py/unified_llm_w4a16/model_weights/Qwen3-30B-A3B-AWQ_unpacked
Weights loaded (expert dir override) in 0.29 seconds
Pre-warming expert cache with 48 experts...
Model initialized successfully!
Set expert cache policy to LRU.

Running sweep using prompts from JSON: /tmp/tmp6sb82hvs.json
Loaded 1 prompts for sweeping.

Processing Prompt 1/1...

============================================================
Generated text only:
============================================================
oulter also appeared in the 2010 film The King 's Speech , playing a soldier in a scene with Colin Firth . 

In 2011 , Boulter played " Tom " in the play The Pride by David Eldridge , which was performed at the Royal Court Theatre in London . The play explores the theme of same-sex relationships in the 1950s and 1960s . In a review of the production for The Guardian , theatre critic Michael Billington noted , " Robert Boulter brings a touching vulnerability to the role of Tom . " In 2012 , Boulter played " Daniel " in the play The Merchant of Venice at the Almeida Theatre
============================================================

============================================================
Sweep Complete.
Average Time per Token: 0.380227
End-to-End TPS: 2.6300
Cache Stats: Hits=53601, Misses=3615, HitRate=93.68%
Predictor Stats: Hits=0, Total=0, HitRate=0.00%
Initializing UnifiedLLMW4A16Impl_base
Using NPU config struct.
Configuring NPU (Base):
  Heterogeneity: gpu
  GPU Count: 1
  Debug Verbosity: 1
  Dummy Weights: false
  Warmup: false
  Preload MoE: true
  Minimal PDI: true
[GPU SELECT] Free VRAM ranking: gpu0=28.00/28.00 GiB
[GPU SELECT] Selected GPUs for gpu-count=1: [0]
[GPU MAP] Single-GPU placement on gpu0
[Layer 1] cache partition: main=42 speculative=6 (fraction=0.125)
[GatingHeuristicPredictor Layer 1] prefetch_count=6 softmax_before_topk=yes
[Layer 2] cache partition: main=42 speculative=6 (fraction=0.125)
[GatingHeuristicPredictor Layer 2] prefetch_count=6 softmax_before_topk=yes
[Layer 3] cache partition: main=42 speculative=6 (fraction=0.125)
[GatingHeuristicPredictor Layer 3] prefetch_count=6 softmax_before_topk=yes
[Layer 4] cache partition: main=42 speculative=6 (fraction=0.125)
[GatingHeuristicPredictor Layer 4] prefetch_count=6 softmax_before_topk=yes
[Layer 5] cache partition: main=42 speculative=6 (fraction=0.125)
[GatingHeuristicPredictor Layer 5] prefetch_count=6 softmax_before_topk=yes
[Layer 6] cache partition: main=42 speculative=6 (fraction=0.125)
[GatingHeuristicPredictor Layer 6] prefetch_count=6 softmax_before_topk=yes
[Layer 7] cache partition: main=42 speculative=6 (fraction=0.125)
[GatingHeuristicPredictor Layer 7] prefetch_count=6 softmax_before_topk=yes
[Layer 8] cache partition: main=42 speculative=6 (fraction=0.125)
[GatingHeuristicPredictor Layer 8] prefetch_count=6 softmax_before_topk=yes
[Layer 9] cache partition: main=42 speculative=6 (fraction=0.125)
[GatingHeuristicPredictor Layer 9] prefetch_count=6 softmax_before_topk=yes
[Layer 10] cache partition: main=42 speculative=6 (fraction=0.125)
[GatingHeuristicPredictor Layer 10] prefetch_count=6 softmax_before_topk=yes
[Layer 11] cache partition: main=42 speculative=6 (fraction=0.125)
[GatingHeuristicPredictor Layer 11] prefetch_count=6 softmax_before_topk=yes
[Layer 12] cache partition: main=42 speculative=6 (fraction=0.125)
[GatingHeuristicPredictor Layer 12] prefetch_count=6 softmax_before_topk=yes
[Layer 13] cache partition: main=42 speculative=6 (fraction=0.125)
[GatingHeuristicPredictor Layer 13] prefetch_count=6 softmax_before_topk=yes
[Layer 14] cache partition: main=42 speculative=6 (fraction=0.125)
[GatingHeuristicPredictor Layer 14] prefetch_count=6 softmax_before_topk=yes
[Layer 15] cache partition: main=42 speculative=6 (fraction=0.125)
[GatingHeuristicPredictor Layer 15] prefetch_count=6 softmax_before_topk=yes
[Layer 16] cache partition: main=42 speculative=6 (fraction=0.125)
[GatingHeuristicPredictor Layer 16] prefetch_count=6 softmax_before_topk=yes
[Layer 17] cache partition: main=42 speculative=6 (fraction=0.125)
[GatingHeuristicPredictor Layer 17] prefetch_count=6 softmax_before_topk=yes
[Layer 18] cache partition: main=42 speculative=6 (fraction=0.125)
[GatingHeuristicPredictor Layer 18] prefetch_count=6 softmax_before_topk=yes
[Layer 19] cache partition: main=42 speculative=6 (fraction=0.125)
[GatingHeuristicPredictor Layer 19] prefetch_count=6 softmax_before_topk=yes
[Layer 20] cache partition: main=42 speculative=6 (fraction=0.125)
[GatingHeuristicPredictor Layer 20] prefetch_count=6 softmax_before_topk=yes
[Layer 21] cache partition: main=42 speculative=6 (fraction=0.125)
[GatingHeuristicPredictor Layer 21] prefetch_count=6 softmax_before_topk=yes
[Layer 22] cache partition: main=42 speculative=6 (fraction=0.125)
[GatingHeuristicPredictor Layer 22] prefetch_count=6 softmax_before_topk=yes
[Layer 23] cache partition: main=42 speculative=6 (fraction=0.125)
[GatingHeuristicPredictor Layer 23] prefetch_count=6 softmax_before_topk=yes
[Layer 24] cache partition: main=42 speculative=6 (fraction=0.125)
[GatingHeuristicPredictor Layer 24] prefetch_count=6 softmax_before_topk=yes
[Layer 25] cache partition: main=42 speculative=6 (fraction=0.125)
[GatingHeuristicPredictor Layer 25] prefetch_count=6 softmax_before_topk=yes
[Layer 26] cache partition: main=42 speculative=6 (fraction=0.125)
[GatingHeuristicPredictor Layer 26] prefetch_count=6 softmax_before_topk=yes
[Layer 27] cache partition: main=42 speculative=6 (fraction=0.125)
[GatingHeuristicPredictor Layer 27] prefetch_count=6 softmax_before_topk=yes
[Layer 28] cache partition: main=42 speculative=6 (fraction=0.125)
[GatingHeuristicPredictor Layer 28] prefetch_count=6 softmax_before_topk=yes
[Layer 29] cache partition: main=42 speculative=6 (fraction=0.125)
[GatingHeuristicPredictor Layer 29] prefetch_count=6 softmax_before_topk=yes
[Layer 30] cache partition: main=42 speculative=6 (fraction=0.125)
[GatingHeuristicPredictor Layer 30] prefetch_count=6 softmax_before_topk=yes
[Layer 31] cache partition: main=42 speculative=6 (fraction=0.125)
[GatingHeuristicPredictor Layer 31] prefetch_count=6 softmax_before_topk=yes
[Layer 32] cache partition: main=42 speculative=6 (fraction=0.125)
[GatingHeuristicPredictor Layer 32] prefetch_count=6 softmax_before_topk=yes
[Layer 33] cache partition: main=42 speculative=6 (fraction=0.125)
[GatingHeuristicPredictor Layer 33] prefetch_count=6 softmax_before_topk=yes
[Layer 34] cache partition: main=42 speculative=6 (fraction=0.125)
[GatingHeuristicPredictor Layer 34] prefetch_count=6 softmax_before_topk=yes
[Layer 35] cache partition: main=42 speculative=6 (fraction=0.125)
[GatingHeuristicPredictor Layer 35] prefetch_count=6 softmax_before_topk=yes
[Layer 36] cache partition: main=42 speculative=6 (fraction=0.125)
[GatingHeuristicPredictor Layer 36] prefetch_count=6 softmax_before_topk=yes
[Layer 37] cache partition: main=42 speculative=6 (fraction=0.125)
[GatingHeuristicPredictor Layer 37] prefetch_count=6 softmax_before_topk=yes
[Layer 38] cache partition: main=42 speculative=6 (fraction=0.125)
[GatingHeuristicPredictor Layer 38] prefetch_count=6 softmax_before_topk=yes
[Layer 39] cache partition: main=42 speculative=6 (fraction=0.125)
[GatingHeuristicPredictor Layer 39] prefetch_count=6 softmax_before_topk=yes
[Layer 40] cache partition: main=42 speculative=6 (fraction=0.125)
[GatingHeuristicPredictor Layer 40] prefetch_count=6 softmax_before_topk=yes
[Layer 41] cache partition: main=42 speculative=6 (fraction=0.125)
[GatingHeuristicPredictor Layer 41] prefetch_count=6 softmax_before_topk=yes
[Layer 42] cache partition: main=42 speculative=6 (fraction=0.125)
[GatingHeuristicPredictor Layer 42] prefetch_count=6 softmax_before_topk=yes
[Layer 43] cache partition: main=42 speculative=6 (fraction=0.125)
[GatingHeuristicPredictor Layer 43] prefetch_count=6 softmax_before_topk=yes
[Layer 44] cache partition: main=42 speculative=6 (fraction=0.125)
[GatingHeuristicPredictor Layer 44] prefetch_count=6 softmax_before_topk=yes
[Layer 45] cache partition: main=42 speculative=6 (fraction=0.125)
[GatingHeuristicPredictor Layer 45] prefetch_count=6 softmax_before_topk=yes
[Layer 46] cache partition: main=42 speculative=6 (fraction=0.125)
[GatingHeuristicPredictor Layer 46] prefetch_count=6 softmax_before_topk=yes
[Layer 47] cache partition: main=42 speculative=6 (fraction=0.125)
[GatingHeuristicPredictor Layer 47] prefetch_count=6 softmax_before_topk=yes
UnifiedLLMW4A16 moved to device: cuda:0
Preloading MoE kernels...
MoE kernels preloaded.
UnifiedLLMW4A16 initialized on device: cuda:0 with w4a16 quantization
Loading non-quantized weights from safetensors (mmap): /home/michael/heteroPredict/py/unified_llm_w4a16/model_weights/Qwen3-30B-A3B-AWQ.safetensors
Loaded 243 non-quantized parameters, skipped 0
Loading quantized weights from bins: /home/michael/heteroPredict/py/unified_llm_w4a16/model_weights/Qwen3-30B-A3B-AWQ_unpacked
  Expert weights dir override: /home/michael/heteroPredict/py/unified_llm_w4a16/model_weights/Qwen3-30B-A3B-AWQ_packed
Pre-warming 48 experts for all layers...
Layer 0: Pre-warming 42 experts.
Layer 0: using packed expert format.
[MoE I/O] Expert weight reads require O_DIRECT (no buffered fallback).
Layer 1: Pre-warming 42 experts.
Layer 1: using packed expert format.
Layer 2: Pre-warming 42 experts.
Layer 2: using packed expert format.
Layer 3: Pre-warming 42 experts.
Layer 3: using packed expert format.
Prewarmed experts for layer 4/48
Layer 4: Pre-warming 42 experts.
Layer 4: using packed expert format.
Layer 5: Pre-warming 42 experts.
Layer 5: using packed expert format.
Layer 6: Pre-warming 42 experts.
Layer 6: using packed expert format.
Layer 7: Pre-warming 42 experts.
Layer 7: using packed expert format.
Prewarmed experts for layer 8/48
Layer 8: Pre-warming 42 experts.
Layer 8: using packed expert format.
Layer 9: Pre-warming 42 experts.
Layer 9: using packed expert format.
Layer 10: Pre-warming 42 experts.
Layer 10: using packed expert format.
Layer 11: Pre-warming 42 experts.
Layer 11: using packed expert format.
Prewarmed experts for layer 12/48
Layer 12: Pre-warming 42 experts.
Layer 12: using packed expert format.
Layer 13: Pre-warming 42 experts.
Layer 13: using packed expert format.
Layer 14: Pre-warming 42 experts.
Layer 14: using packed expert format.
Layer 15: Pre-warming 42 experts.
Layer 15: using packed expert format.
Prewarmed experts for layer 16/48
Layer 16: Pre-warming 42 experts.
Layer 16: using packed expert format.
Layer 17: Pre-warming 42 experts.
Layer 17: using packed expert format.
Layer 18: Pre-warming 42 experts.
Layer 18: using packed expert format.
Layer 19: Pre-warming 42 experts.
Layer 19: using packed expert format.
Prewarmed experts for layer 20/48
Layer 20: Pre-warming 42 experts.
Layer 20: using packed expert format.
Layer 21: Pre-warming 42 experts.
Layer 21: using packed expert format.
Layer 22: Pre-warming 42 experts.
Layer 22: using packed expert format.
Layer 23: Pre-warming 42 experts.
Layer 23: using packed expert format.
Prewarmed experts for layer 24/48
Layer 24: Pre-warming 42 experts.
Layer 24: using packed expert format.
Layer 25: Pre-warming 42 experts.
Layer 25: using packed expert format.
Layer 26: Pre-warming 42 experts.
Layer 26: using packed expert format.
Layer 27: Pre-warming 42 experts.
Layer 27: using packed expert format.
Prewarmed experts for layer 28/48
Layer 28: Pre-warming 42 experts.
Layer 28: using packed expert format.
Layer 29: Pre-warming 42 experts.
Layer 29: using packed expert format.
Layer 30: Pre-warming 42 experts.
Layer 30: using packed expert format.
Layer 31: Pre-warming 42 experts.
Layer 31: using packed expert format.
Prewarmed experts for layer 32/48
Layer 32: Pre-warming 42 experts.
Layer 32: using packed expert format.
Layer 33: Pre-warming 42 experts.
Layer 33: using packed expert format.
Layer 34: Pre-warming 42 experts.
Layer 34: using packed expert format.
Layer 35: Pre-warming 42 experts.
Layer 35: using packed expert format.
Prewarmed experts for layer 36/48
Layer 36: Pre-warming 42 experts.
Layer 36: using packed expert format.
Layer 37: Pre-warming 42 experts.
Layer 37: using packed expert format.
Layer 38: Pre-warming 42 experts.
Layer 38: using packed expert format.
Layer 39: Pre-warming 42 experts.
Layer 39: using packed expert format.
Prewarmed experts for layer 40/48
Layer 40: Pre-warming 42 experts.
Layer 40: using packed expert format.
Layer 41: Pre-warming 42 experts.
Layer 41: using packed expert format.
Layer 42: Pre-warming 42 experts.
Layer 42: using packed expert format.
Layer 43: Pre-warming 42 experts.
Layer 43: using packed expert format.
Prewarmed experts for layer 44/48
Layer 44: Pre-warming 42 experts.
Layer 44: using packed expert format.
Layer 45: Pre-warming 42 experts.
Layer 45: using packed expert format.
Layer 46: Pre-warming 42 experts.
Layer 46: using packed expert format.
Layer 47: Pre-warming 42 experts.
Layer 47: using packed expert format.
Prewarmed experts for layer 48/48
Libtorch input_ids shape: [1, 512]
Skipping warmup.
Prefill time: 17.2535 seconds
Generation phase
[Layer 0 Step 0 Debug] Slots before check: 87 88 89 90 91 92 93 94 95 96 97 98 99 100 101 102 103 104 105 106 107 108 109 110 111 112 113 114 115 116 117 118 119 120 121 122 123 124 125 126 127 86 -1 -1 -1 -1 -1 -1 
[Layer 0 Step 0 Debug] Requested: 95 87 83 73 28 41 46 118 
[gen 5/149] elapsed=1.6s  TPS=3.146
[gen 10/149] elapsed=2.7s  TPS=3.753
[gen 15/149] elapsed=3.9s  TPS=3.884
[gen 20/149] elapsed=4.8s  TPS=4.186
[gen 25/149] elapsed=5.8s  TPS=4.304
[gen 30/149] elapsed=6.8s  TPS=4.391
[gen 35/149] elapsed=7.9s  TPS=4.412
[gen 40/149] elapsed=8.8s  TPS=4.539
[gen 45/149] elapsed=9.5s  TPS=4.731
[gen 50/149] elapsed=10.5s  TPS=4.776
[gen 55/149] elapsed=11.8s  TPS=4.651
[gen 60/149] elapsed=13.0s  TPS=4.633
[gen 65/149] elapsed=13.9s  TPS=4.691
[gen 70/149] elapsed=14.8s  TPS=4.720
[gen 75/149] elapsed=15.8s  TPS=4.751
[gen 80/149] elapsed=16.7s  TPS=4.801
[gen 85/149] elapsed=17.6s  TPS=4.837
[gen 90/149] elapsed=18.5s  TPS=4.865
[gen 95/149] elapsed=19.3s  TPS=4.911
[gen 100/149] elapsed=20.2s  TPS=4.958
[gen 105/149] elapsed=21.0s  TPS=4.995
[gen 110/149] elapsed=21.7s  TPS=5.068
[gen 115/149] elapsed=22.5s  TPS=5.109
[gen 120/149] elapsed=23.1s  TPS=5.200
[gen 125/149] elapsed=23.8s  TPS=5.254
[gen 130/149] elapsed=24.7s  TPS=5.272
[gen 135/149] elapsed=25.5s  TPS=5.286
[gen 140/149] elapsed=26.3s  TPS=5.326
[gen 145/149] elapsed=26.9s  TPS=5.382
Prefill time (summary): 17.253 seconds
Total Generation Time: 27.489 seconds
Average Time per Token: 0.184491 seconds

Expert Cache Statistics:
Layer 0 Cache Stats: Hits=672, Misses=520, HitRate=56.38%
    Predictor Routed-Expert HitRate=N/A
    Loads Per Step: 0Loads=10, 1Load=18, >1Load=121
    Bandwidth: StallLoads=520, PrefetchLoads=0, AvgLoadTime=2.67ms
    MissCause: NotPresent=520, NotReadyStall=0
    GlobalSpecLoad: PeakConcurrent=2
    Predictor TopK matches: 0=0 1=0 >=2=0
Layer 1 Cache Stats: Hits=1032, Misses=160, HitRate=86.58%
    Predictor Routed-Expert HitRate=N/A
    Loads Per Step: 0Loads=49, 1Load=54, >1Load=46
    Bandwidth: StallLoads=160, PrefetchLoads=222, AvgLoadTime=3.97ms
    PrefetchOverlap: HiddenReady=181, HiddenWait=0, TicksSkipped=0
    MissCause: NotPresent=160, NotReadyStall=0
    PrefetchEff: Dropped=0, AlreadyCached=672, UsedBeforeEvict=181, EvictedBeforeUse=40
    GatingPredict Recall=51.59% (615/1192)
    GatingPredict Precision=68.79% (615/894)
    GatingPrefetch Delivery=52.01% (620/1192)
    GatingPrefetch Triggers=149
    Predictor TopK matches: 0=0 1=0 >=2=0
Layer 2 Cache Stats: Hits=1095, Misses=97, HitRate=91.86%
    Predictor Routed-Expert HitRate=N/A
    Loads Per Step: 0Loads=74, 1Load=56, >1Load=19
    Bandwidth: StallLoads=97, PrefetchLoads=240, AvgLoadTime=3.34ms
    PrefetchOverlap: HiddenReady=193, HiddenWait=0, TicksSkipped=0
    MissCause: NotPresent=97, NotReadyStall=0
    PrefetchEff: Dropped=0, AlreadyCached=654, UsedBeforeEvict=193, EvictedBeforeUse=43
    GatingPredict Recall=59.06% (704/1192)
    GatingPredict Precision=78.75% (704/894)
    GatingPrefetch Delivery=59.48% (709/1192)
    GatingPrefetch Triggers=149
    Predictor TopK matches: 0=0 1=0 >=2=0
Layer 3 Cache Stats: Hits=1045, Misses=147, HitRate=87.67%
    Predictor Routed-Expert HitRate=N/A
    Loads Per Step: 0Loads=52, 1Load=56, >1Load=41
    Bandwidth: StallLoads=147, PrefetchLoads=227, AvgLoadTime=3.39ms
    PrefetchOverlap: HiddenReady=181, HiddenWait=0, TicksSkipped=0
    MissCause: NotPresent=147, NotReadyStall=0
    PrefetchEff: Dropped=0, AlreadyCached=667, UsedBeforeEvict=181, EvictedBeforeUse=45
    GatingPredict Recall=55.62% (663/1192)
    GatingPredict Precision=74.16% (663/894)
    GatingPrefetch Delivery=56.12% (669/1192)
    GatingPrefetch Triggers=149
    Predictor TopK matches: 0=0 1=0 >=2=0
Layer 4 Cache Stats: Hits=1095, Misses=97, HitRate=91.86%
    Predictor Routed-Expert HitRate=N/A
    Loads Per Step: 0Loads=73, 1Load=57, >1Load=19
    Bandwidth: StallLoads=97, PrefetchLoads=158, AvgLoadTime=3.94ms
    PrefetchOverlap: HiddenReady=105, HiddenWait=0, TicksSkipped=0
    MissCause: NotPresent=97, NotReadyStall=0
    PrefetchEff: Dropped=0, AlreadyCached=736, UsedBeforeEvict=105, EvictedBeforeUse=51
    GatingPredict Recall=60.40% (720/1192)
    GatingPredict Precision=80.54% (720/894)
    GatingPrefetch Delivery=60.65% (723/1192)
    GatingPrefetch Triggers=149
    Predictor TopK matches: 0=0 1=0 >=2=0
Layer 5 Cache Stats: Hits=1115, Misses=77, HitRate=93.54%
    Predictor Routed-Expert HitRate=N/A
    Loads Per Step: 0Loads=90, 1Load=44, >1Load=15
    Bandwidth: StallLoads=77, PrefetchLoads=158, AvgLoadTime=3.39ms
    PrefetchOverlap: HiddenReady=136, HiddenWait=0, TicksSkipped=0
    MissCause: NotPresent=77, NotReadyStall=0
    PrefetchEff: Dropped=0, AlreadyCached=736, UsedBeforeEvict=136, EvictedBeforeUse=22
    GatingPredict Recall=64.77% (772/1192)
    GatingPredict Precision=86.35% (772/894)
    GatingPrefetch Delivery=64.77% (772/1192)
    GatingPrefetch Triggers=149
    Predictor TopK matches: 0=0 1=0 >=2=0
Layer 6 Cache Stats: Hits=1160, Misses=32, HitRate=97.32%
    Predictor Routed-Expert HitRate=N/A
    Loads Per Step: 0Loads=123, 1Load=21, >1Load=5
    Bandwidth: StallLoads=32, PrefetchLoads=52, AvgLoadTime=4.09ms
    PrefetchOverlap: HiddenReady=35, HiddenWait=0, TicksSkipped=0
    MissCause: NotPresent=32, NotReadyStall=0
    PrefetchEff: Dropped=0, AlreadyCached=842, UsedBeforeEvict=35, EvictedBeforeUse=14
    GatingPredict Recall=66.78% (796/1192)
    GatingPredict Precision=89.04% (796/894)
    GatingPrefetch Delivery=66.95% (798/1192)
    GatingPrefetch Triggers=149
    Predictor TopK matches: 0=0 1=0 >=2=0
Layer 7 Cache Stats: Hits=1162, Misses=30, HitRate=97.48%
    Predictor Routed-Expert HitRate=N/A
    Loads Per Step: 0Loads=121, 1Load=26, >1Load=2
    Bandwidth: StallLoads=30, PrefetchLoads=33, AvgLoadTime=3.86ms
    PrefetchOverlap: HiddenReady=29, HiddenWait=0, TicksSkipped=0
    MissCause: NotPresent=30, NotReadyStall=0
    PrefetchEff: Dropped=0, AlreadyCached=861, UsedBeforeEvict=29, EvictedBeforeUse=3
    GatingPredict Recall=69.63% (830/1192)
    GatingPredict Precision=92.84% (830/894)
    GatingPrefetch Delivery=69.80% (832/1192)
    GatingPrefetch Triggers=149
    Predictor TopK matches: 0=0 1=0 >=2=0
Layer 8 Cache Stats: Hits=1130, Misses=62, HitRate=94.80%
    Predictor Routed-Expert HitRate=N/A
    Loads Per Step: 0Loads=97, 1Load=43, >1Load=9
    Bandwidth: StallLoads=62, PrefetchLoads=82, AvgLoadTime=3.50ms
    PrefetchOverlap: HiddenReady=76, HiddenWait=0, TicksSkipped=0
    MissCause: NotPresent=62, NotReadyStall=0
    PrefetchEff: Dropped=0, AlreadyCached=812, UsedBeforeEvict=76, EvictedBeforeUse=5
    GatingPredict Recall=69.71% (831/1192)
    GatingPredict Precision=92.95% (831/894)
    GatingPrefetch Delivery=69.71% (831/1192)
    GatingPrefetch Triggers=149
    Predictor TopK matches: 0=0 1=0 >=2=0
Layer 9 Cache Stats: Hits=1153, Misses=39, HitRate=96.73%
    Predictor Routed-Expert HitRate=N/A
    Loads Per Step: 0Loads=115, 1Load=29, >1Load=5
    Bandwidth: StallLoads=39, PrefetchLoads=77, AvgLoadTime=4.22ms
    PrefetchOverlap: HiddenReady=71, HiddenWait=0, TicksSkipped=0
    MissCause: NotPresent=39, NotReadyStall=0
    PrefetchEff: Dropped=0, AlreadyCached=817, UsedBeforeEvict=71, EvictedBeforeUse=5
    GatingPredict Recall=69.46% (828/1192)
    GatingPredict Precision=92.62% (828/894)
    GatingPrefetch Delivery=69.46% (828/1192)
    GatingPrefetch Triggers=149
    Predictor TopK matches: 0=0 1=0 >=2=0
Layer 10 Cache Stats: Hits=1116, Misses=76, HitRate=93.62%
    Predictor Routed-Expert HitRate=N/A
    Loads Per Step: 0Loads=85, 1Load=53, >1Load=11
    Bandwidth: StallLoads=76, PrefetchLoads=101, AvgLoadTime=3.66ms
    PrefetchOverlap: HiddenReady=97, HiddenWait=0, TicksSkipped=0
    MissCause: NotPresent=76, NotReadyStall=0
    PrefetchEff: Dropped=0, AlreadyCached=793, UsedBeforeEvict=97, EvictedBeforeUse=4
    GatingPredict Recall=70.13% (836/1192)
    GatingPredict Precision=93.51% (836/894)
    GatingPrefetch Delivery=70.22% (837/1192)
    GatingPrefetch Triggers=149
    Predictor TopK matches: 0=0 1=0 >=2=0
Layer 11 Cache Stats: Hits=1102, Misses=90, HitRate=92.45%
    Predictor Routed-Expert HitRate=N/A
    Loads Per Step: 0Loads=77, 1Load=56, >1Load=16
    Bandwidth: StallLoads=90, PrefetchLoads=153, AvgLoadTime=3.51ms
    PrefetchOverlap: HiddenReady=147, HiddenWait=0, TicksSkipped=0
    MissCause: NotPresent=90, NotReadyStall=0
    PrefetchEff: Dropped=0, AlreadyCached=741, UsedBeforeEvict=147, EvictedBeforeUse=6
    GatingPredict Recall=71.48% (852/1192)
    GatingPredict Precision=95.30% (852/894)
    GatingPrefetch Delivery=71.48% (852/1192)
    GatingPrefetch Triggers=149
    Predictor TopK matches: 0=0 1=0 >=2=0
Layer 12 Cache Stats: Hits=1128, Misses=64, HitRate=94.63%
    Predictor Routed-Expert HitRate=N/A
    Loads Per Step: 0Loads=98, 1Load=39, >1Load=12
    Bandwidth: StallLoads=64, PrefetchLoads=105, AvgLoadTime=3.93ms
    PrefetchOverlap: HiddenReady=102, HiddenWait=0, TicksSkipped=0
    MissCause: NotPresent=64, NotReadyStall=0
    PrefetchEff: Dropped=0, AlreadyCached=789, UsedBeforeEvict=102, EvictedBeforeUse=3
    GatingPredict Recall=72.40% (863/1192)
    GatingPredict Precision=96.53% (863/894)
    GatingPrefetch Delivery=72.40% (863/1192)
    GatingPrefetch Triggers=149
    Predictor TopK matches: 0=0 1=0 >=2=0
Layer 13 Cache Stats: Hits=1120, Misses=72, HitRate=93.96%
    Predictor Routed-Expert HitRate=N/A
    Loads Per Step: 0Loads=84, 1Load=58, >1Load=7
    Bandwidth: StallLoads=72, PrefetchLoads=149, AvgLoadTime=3.55ms
    PrefetchOverlap: HiddenReady=136, HiddenWait=0, TicksSkipped=0
    MissCause: NotPresent=72, NotReadyStall=0
    PrefetchEff: Dropped=0, AlreadyCached=745, UsedBeforeEvict=136, EvictedBeforeUse=12
    GatingPredict Recall=69.71% (831/1192)
    GatingPredict Precision=92.95% (831/894)
    GatingPrefetch Delivery=69.88% (833/1192)
    GatingPrefetch Triggers=149
    Predictor TopK matches: 0=0 1=0 >=2=0
Layer 14 Cache Stats: Hits=1157, Misses=35, HitRate=97.06%
    Predictor Routed-Expert HitRate=N/A
    Loads Per Step: 0Loads=119, 1Load=25, >1Load=5
    Bandwidth: StallLoads=35, PrefetchLoads=105, AvgLoadTime=3.83ms
    PrefetchOverlap: HiddenReady=89, HiddenWait=0, TicksSkipped=0
    MissCause: NotPresent=35, NotReadyStall=0
    PrefetchEff: Dropped=0, AlreadyCached=789, UsedBeforeEvict=89, EvictedBeforeUse=15
    GatingPredict Recall=69.63% (830/1192)
    GatingPredict Precision=92.84% (830/894)
    GatingPrefetch Delivery=69.71% (831/1192)
    GatingPrefetch Triggers=149
    Predictor TopK matches: 0=0 1=0 >=2=0
Layer 15 Cache Stats: Hits=1155, Misses=37, HitRate=96.90%
    Predictor Routed-Expert HitRate=N/A
    Loads Per Step: 0Loads=115, 1Load=31, >1Load=3
    Bandwidth: StallLoads=37, PrefetchLoads=69, AvgLoadTime=3.97ms
    PrefetchOverlap: HiddenReady=65, HiddenWait=0, TicksSkipped=0
    MissCause: NotPresent=37, NotReadyStall=0
    PrefetchEff: Dropped=0, AlreadyCached=825, UsedBeforeEvict=65, EvictedBeforeUse=3
    GatingPredict Recall=71.64% (854/1192)
    GatingPredict Precision=95.53% (854/894)
    GatingPrefetch Delivery=71.64% (854/1192)
    GatingPrefetch Triggers=149
    Predictor TopK matches: 0=0 1=0 >=2=0
Layer 16 Cache Stats: Hits=1135, Misses=57, HitRate=95.22%
    Predictor Routed-Expert HitRate=N/A
    Loads Per Step: 0Loads=100, 1Load=41, >1Load=8
    Bandwidth: StallLoads=57, PrefetchLoads=109, AvgLoadTime=3.74ms
    PrefetchOverlap: HiddenReady=106, HiddenWait=0, TicksSkipped=0
    MissCause: NotPresent=57, NotReadyStall=0
    PrefetchEff: Dropped=0, AlreadyCached=785, UsedBeforeEvict=106, EvictedBeforeUse=3
    GatingPredict Recall=71.06% (847/1192)
    GatingPredict Precision=94.74% (847/894)
    GatingPrefetch Delivery=71.06% (847/1192)
    GatingPrefetch Triggers=149
    Predictor TopK matches: 0=0 1=0 >=2=0
Layer 17 Cache Stats: Hits=1127, Misses=65, HitRate=94.55%
    Predictor Routed-Expert HitRate=N/A
    Loads Per Step: 0Loads=91, 1Load=51, >1Load=7
    Bandwidth: StallLoads=65, PrefetchLoads=126, AvgLoadTime=3.54ms
    PrefetchOverlap: HiddenReady=121, HiddenWait=0, TicksSkipped=0
    MissCause: NotPresent=65, NotReadyStall=0
    PrefetchEff: Dropped=0, AlreadyCached=768, UsedBeforeEvict=121, EvictedBeforeUse=5
    GatingPredict Recall=71.98% (858/1192)
    GatingPredict Precision=95.97% (858/894)
    GatingPrefetch Delivery=71.98% (858/1192)
    GatingPrefetch Triggers=149
    Predictor TopK matches: 0=0 1=0 >=2=0
Layer 18 Cache Stats: Hits=1174, Misses=18, HitRate=98.49%
    Predictor Routed-Expert HitRate=N/A
    Loads Per Step: 0Loads=133, 1Load=14, >1Load=2
    Bandwidth: StallLoads=18, PrefetchLoads=45, AvgLoadTime=4.02ms
    PrefetchOverlap: HiddenReady=34, HiddenWait=0, TicksSkipped=0
    MissCause: NotPresent=18, NotReadyStall=0
    PrefetchEff: Dropped=0, AlreadyCached=849, UsedBeforeEvict=34, EvictedBeforeUse=10
    GatingPredict Recall=70.13% (836/1192)
    GatingPredict Precision=93.51% (836/894)
    GatingPrefetch Delivery=70.30% (838/1192)
    GatingPrefetch Triggers=149
    Predictor TopK matches: 0=0 1=0 >=2=0
Layer 19 Cache Stats: Hits=1168, Misses=24, HitRate=97.99%
    Predictor Routed-Expert HitRate=N/A
    Loads Per Step: 0Loads=126, 1Load=22, >1Load=1
    Bandwidth: StallLoads=24, PrefetchLoads=21, AvgLoadTime=3.96ms
    PrefetchOverlap: HiddenReady=18, HiddenWait=0, TicksSkipped=0
    MissCause: NotPresent=24, NotReadyStall=0
    PrefetchEff: Dropped=0, AlreadyCached=873, UsedBeforeEvict=18, EvictedBeforeUse=2
    GatingPredict Recall=72.57% (865/1192)
    GatingPredict Precision=96.76% (865/894)
    GatingPrefetch Delivery=72.65% (866/1192)
    GatingPrefetch Triggers=149
    Predictor TopK matches: 0=0 1=0 >=2=0
Layer 20 Cache Stats: Hits=1139, Misses=53, HitRate=95.55%
    Predictor Routed-Expert HitRate=N/A
    Loads Per Step: 0Loads=99, 1Load=47, >1Load=3
    Bandwidth: StallLoads=53, PrefetchLoads=55, AvgLoadTime=3.74ms
    PrefetchOverlap: HiddenReady=52, HiddenWait=0, TicksSkipped=0
    MissCause: NotPresent=53, NotReadyStall=0
    PrefetchEff: Dropped=0, AlreadyCached=839, UsedBeforeEvict=52, EvictedBeforeUse=2
    GatingPredict Recall=71.56% (853/1192)
    GatingPredict Precision=95.41% (853/894)
    GatingPrefetch Delivery=71.73% (855/1192)
    GatingPrefetch Triggers=149
    Predictor TopK matches: 0=0 1=0 >=2=0
Layer 21 Cache Stats: Hits=1153, Misses=39, HitRate=96.73%
    Predictor Routed-Expert HitRate=N/A
    Loads Per Step: 0Loads=117, 1Load=27, >1Load=5
    Bandwidth: StallLoads=39, PrefetchLoads=74, AvgLoadTime=3.86ms
    PrefetchOverlap: HiddenReady=68, HiddenWait=0, TicksSkipped=0
    MissCause: NotPresent=39, NotReadyStall=0
    PrefetchEff: Dropped=0, AlreadyCached=820, UsedBeforeEvict=68, EvictedBeforeUse=6
    GatingPredict Recall=71.81% (856/1192)
    GatingPredict Precision=95.75% (856/894)
    GatingPrefetch Delivery=71.81% (856/1192)
    GatingPrefetch Triggers=149
    Predictor TopK matches: 0=0 1=0 >=2=0
Layer 22 Cache Stats: Hits=1107, Misses=85, HitRate=92.87%
    Predictor Routed-Expert HitRate=N/A
    Loads Per Step: 0Loads=82, 1Load=53, >1Load=14
    Bandwidth: StallLoads=85, PrefetchLoads=101, AvgLoadTime=3.62ms
    PrefetchOverlap: HiddenReady=97, HiddenWait=0, TicksSkipped=0
    MissCause: NotPresent=85, NotReadyStall=0
    PrefetchEff: Dropped=0, AlreadyCached=793, UsedBeforeEvict=97, EvictedBeforeUse=4
    GatingPredict Recall=70.22% (837/1192)
    GatingPredict Precision=93.62% (837/894)
    GatingPrefetch Delivery=70.22% (837/1192)
    GatingPrefetch Triggers=149
    Predictor TopK matches: 0=0 1=0 >=2=0
Layer 23 Cache Stats: Hits=1099, Misses=93, HitRate=92.20%
    Predictor Routed-Expert HitRate=N/A
    Loads Per Step: 0Loads=71, 1Load=64, >1Load=14
    Bandwidth: StallLoads=93, PrefetchLoads=119, AvgLoadTime=3.93ms
    PrefetchOverlap: HiddenReady=112, HiddenWait=0, TicksSkipped=0
    MissCause: NotPresent=93, NotReadyStall=0
    PrefetchEff: Dropped=0, AlreadyCached=775, UsedBeforeEvict=112, EvictedBeforeUse=7
    GatingPredict Recall=71.56% (853/1192)
    GatingPredict Precision=95.41% (853/894)
    GatingPrefetch Delivery=71.56% (853/1192)
    GatingPrefetch Triggers=149
    Predictor TopK matches: 0=0 1=0 >=2=0
Layer 24 Cache Stats: Hits=1129, Misses=63, HitRate=94.71%
    Predictor Routed-Expert HitRate=N/A
    Loads Per Step: 0Loads=96, 1Load=43, >1Load=10
    Bandwidth: StallLoads=63, PrefetchLoads=104, AvgLoadTime=3.90ms
    PrefetchOverlap: HiddenReady=98, HiddenWait=0, TicksSkipped=0
    MissCause: NotPresent=63, NotReadyStall=0
    PrefetchEff: Dropped=0, AlreadyCached=790, UsedBeforeEvict=98, EvictedBeforeUse=6
    GatingPredict Recall=72.57% (865/1192)
    GatingPredict Precision=96.76% (865/894)
    GatingPrefetch Delivery=72.65% (866/1192)
    GatingPrefetch Triggers=149
    Predictor TopK matches: 0=0 1=0 >=2=0
Layer 25 Cache Stats: Hits=1118, Misses=74, HitRate=93.79%
    Predictor Routed-Expert HitRate=N/A
    Loads Per Step: 0Loads=85, 1Load=56, >1Load=8
    Bandwidth: StallLoads=74, PrefetchLoads=160, AvgLoadTime=3.77ms
    PrefetchOverlap: HiddenReady=147, HiddenWait=0, TicksSkipped=0
    MissCause: NotPresent=74, NotReadyStall=0
    PrefetchEff: Dropped=0, AlreadyCached=734, UsedBeforeEvict=147, EvictedBeforeUse=13
    GatingPredict Recall=71.31% (850/1192)
    GatingPredict Precision=95.08% (850/894)
    GatingPrefetch Delivery=71.31% (850/1192)
    GatingPrefetch Triggers=149
    Predictor TopK matches: 0=0 1=0 >=2=0
Layer 26 Cache Stats: Hits=1146, Misses=46, HitRate=96.14%
    Predictor Routed-Expert HitRate=N/A
    Loads Per Step: 0Loads=108, 1Load=37, >1Load=4
    Bandwidth: StallLoads=46, PrefetchLoads=139, AvgLoadTime=3.69ms
    PrefetchOverlap: HiddenReady=129, HiddenWait=0, TicksSkipped=0
    MissCause: NotPresent=46, NotReadyStall=0
    PrefetchEff: Dropped=0, AlreadyCached=755, UsedBeforeEvict=129, EvictedBeforeUse=10
    GatingPredict Recall=71.14% (848/1192)
    GatingPredict Precision=94.85% (848/894)
    GatingPrefetch Delivery=71.14% (848/1192)
    GatingPrefetch Triggers=149
    Predictor TopK matches: 0=0 1=0 >=2=0
Layer 27 Cache Stats: Hits=1158, Misses=34, HitRate=97.15%
    Predictor Routed-Expert HitRate=N/A
    Loads Per Step: 0Loads=119, 1Load=26, >1Load=4
    Bandwidth: StallLoads=34, PrefetchLoads=54, AvgLoadTime=4.20ms
    PrefetchOverlap: HiddenReady=50, HiddenWait=0, TicksSkipped=0
    MissCause: NotPresent=34, NotReadyStall=0
    PrefetchEff: Dropped=0, AlreadyCached=840, UsedBeforeEvict=50, EvictedBeforeUse=3
    GatingPredict Recall=72.99% (870/1192)
    GatingPredict Precision=97.32% (870/894)
    GatingPrefetch Delivery=72.99% (870/1192)
    GatingPrefetch Triggers=149
    Predictor TopK matches: 0=0 1=0 >=2=0
Layer 28 Cache Stats: Hits=1134, Misses=58, HitRate=95.13%
    Predictor Routed-Expert HitRate=N/A
    Loads Per Step: 0Loads=95, 1Load=50, >1Load=4
    Bandwidth: StallLoads=58, PrefetchLoads=115, AvgLoadTime=3.88ms
    PrefetchOverlap: HiddenReady=110, HiddenWait=0, TicksSkipped=0
    MissCause: NotPresent=58, NotReadyStall=0
    PrefetchEff: Dropped=0, AlreadyCached=779, UsedBeforeEvict=110, EvictedBeforeUse=5
    GatingPredict Recall=71.98% (858/1192)
    GatingPredict Precision=95.97% (858/894)
    GatingPrefetch Delivery=72.06% (859/1192)
    GatingPrefetch Triggers=149
    Predictor TopK matches: 0=0 1=0 >=2=0
Layer 29 Cache Stats: Hits=1117, Misses=75, HitRate=93.71%
    Predictor Routed-Expert HitRate=N/A
    Loads Per Step: 0Loads=83, 1Load=59, >1Load=7
    Bandwidth: StallLoads=75, PrefetchLoads=150, AvgLoadTime=3.59ms
    PrefetchOverlap: HiddenReady=140, HiddenWait=0, TicksSkipped=0
    MissCause: NotPresent=75, NotReadyStall=0
    PrefetchEff: Dropped=0, AlreadyCached=744, UsedBeforeEvict=140, EvictedBeforeUse=10
    GatingPredict Recall=72.57% (865/1192)
    GatingPredict Precision=96.76% (865/894)
    GatingPrefetch Delivery=72.57% (865/1192)
    GatingPrefetch Triggers=149
    Predictor TopK matches: 0=0 1=0 >=2=0
Layer 30 Cache Stats: Hits=1170, Misses=22, HitRate=98.15%
    Predictor Routed-Expert HitRate=N/A
    Loads Per Step: 0Loads=130, 1Load=16, >1Load=3
    Bandwidth: StallLoads=22, PrefetchLoads=45, AvgLoadTime=3.70ms
    PrefetchOverlap: HiddenReady=42, HiddenWait=0, TicksSkipped=0
    MissCause: NotPresent=22, NotReadyStall=0
    PrefetchEff: Dropped=0, AlreadyCached=849, UsedBeforeEvict=42, EvictedBeforeUse=2
    GatingPredict Recall=71.98% (858/1192)
    GatingPredict Precision=95.97% (858/894)
    GatingPrefetch Delivery=71.98% (858/1192)
    GatingPrefetch Triggers=149
    Predictor TopK matches: 0=0 1=0 >=2=0
Layer 31 Cache Stats: Hits=1158, Misses=34, HitRate=97.15%
    Predictor Routed-Expert HitRate=N/A
    Loads Per Step: 0Loads=121, 1Load=24, >1Load=4
    Bandwidth: StallLoads=34, PrefetchLoads=23, AvgLoadTime=3.97ms
    PrefetchOverlap: HiddenReady=22, HiddenWait=0, TicksSkipped=0
    MissCause: NotPresent=34, NotReadyStall=0
    PrefetchEff: Dropped=0, AlreadyCached=871, UsedBeforeEvict=22, EvictedBeforeUse=1
    GatingPredict Recall=72.90% (869/1192)
    GatingPredict Precision=97.20% (869/894)
    GatingPrefetch Delivery=72.90% (869/1192)
    GatingPrefetch Triggers=149
    Predictor TopK matches: 0=0 1=0 >=2=0
Layer 32 Cache Stats: Hits=1133, Misses=59, HitRate=95.05%
    Predictor Routed-Expert HitRate=N/A
    Loads Per Step: 0Loads=101, 1Load=39, >1Load=9
    Bandwidth: StallLoads=59, PrefetchLoads=82, AvgLoadTime=3.53ms
    PrefetchOverlap: HiddenReady=80, HiddenWait=0, TicksSkipped=0
    MissCause: NotPresent=59, NotReadyStall=0
    PrefetchEff: Dropped=0, AlreadyCached=812, UsedBeforeEvict=80, EvictedBeforeUse=2
    GatingPredict Recall=72.65% (866/1192)
    GatingPredict Precision=96.87% (866/894)
    GatingPrefetch Delivery=72.73% (867/1192)
    GatingPrefetch Triggers=149
    Predictor TopK matches: 0=0 1=0 >=2=0
Layer 33 Cache Stats: Hits=1160, Misses=32, HitRate=97.32%
    Predictor Routed-Expert HitRate=N/A
    Loads Per Step: 0Loads=121, 1Load=24, >1Load=4
    Bandwidth: StallLoads=32, PrefetchLoads=64, AvgLoadTime=4.10ms
    PrefetchOverlap: HiddenReady=58, HiddenWait=0, TicksSkipped=0
    MissCause: NotPresent=32, NotReadyStall=0
    PrefetchEff: Dropped=0, AlreadyCached=830, UsedBeforeEvict=58, EvictedBeforeUse=6
    GatingPredict Recall=72.65% (866/1192)
    GatingPredict Precision=96.87% (866/894)
    GatingPrefetch Delivery=72.65% (866/1192)
    GatingPrefetch Triggers=149
    Predictor TopK matches: 0=0 1=0 >=2=0
Layer 34 Cache Stats: Hits=1125, Misses=67, HitRate=94.38%
    Predictor Routed-Expert HitRate=N/A
    Loads Per Step: 0Loads=91, 1Load=49, >1Load=9
    Bandwidth: StallLoads=67, PrefetchLoads=114, AvgLoadTime=3.49ms
    PrefetchOverlap: HiddenReady=110, HiddenWait=0, TicksSkipped=0
    MissCause: NotPresent=67, NotReadyStall=0
    PrefetchEff: Dropped=0, AlreadyCached=780, UsedBeforeEvict=110, EvictedBeforeUse=4
    GatingPredict Recall=73.49% (876/1192)
    GatingPredict Precision=97.99% (876/894)
    GatingPrefetch Delivery=73.49% (876/1192)
    GatingPrefetch Triggers=149
    Predictor TopK matches: 0=0 1=0 >=2=0
Layer 35 Cache Stats: Hits=1119, Misses=73, HitRate=93.88%
    Predictor Routed-Expert HitRate=N/A
    Loads Per Step: 0Loads=88, 1Load=50, >1Load=11
    Bandwidth: StallLoads=73, PrefetchLoads=144, AvgLoadTime=3.47ms
    PrefetchOverlap: HiddenReady=143, HiddenWait=0, TicksSkipped=0
    MissCause: NotPresent=73, NotReadyStall=0
    PrefetchEff: Dropped=0, AlreadyCached=750, UsedBeforeEvict=143, EvictedBeforeUse=1
    GatingPredict Recall=73.24% (873/1192)
    GatingPredict Precision=97.65% (873/894)
    GatingPrefetch Delivery=73.32% (874/1192)
    GatingPrefetch Triggers=149
    Predictor TopK matches: 0=0 1=0 >=2=0
Layer 36 Cache Stats: Hits=1130, Misses=62, HitRate=94.80%
    Predictor Routed-Expert HitRate=N/A
    Loads Per Step: 0Loads=101, 1Load=37, >1Load=11
    Bandwidth: StallLoads=62, PrefetchLoads=106, AvgLoadTime=3.94ms
    PrefetchOverlap: HiddenReady=102, HiddenWait=0, TicksSkipped=0
    MissCause: NotPresent=62, NotReadyStall=0
    PrefetchEff: Dropped=0, AlreadyCached=788, UsedBeforeEvict=102, EvictedBeforeUse=4
    GatingPredict Recall=73.07% (871/1192)
    GatingPredict Precision=97.43% (871/894)
    GatingPrefetch Delivery=73.24% (873/1192)
    GatingPrefetch Triggers=149
    Predictor TopK matches: 0=0 1=0 >=2=0
Layer 37 Cache Stats: Hits=1127, Misses=65, HitRate=94.55%
    Predictor Routed-Expert HitRate=N/A
    Loads Per Step: 0Loads=96, 1Load=42, >1Load=11
    Bandwidth: StallLoads=65, PrefetchLoads=176, AvgLoadTime=3.46ms
    PrefetchOverlap: HiddenReady=166, HiddenWait=0, TicksSkipped=0
    MissCause: NotPresent=65, NotReadyStall=0
    PrefetchEff: Dropped=0, AlreadyCached=718, UsedBeforeEvict=166, EvictedBeforeUse=10
    GatingPredict Recall=72.06% (859/1192)
    GatingPredict Precision=96.09% (859/894)
    GatingPrefetch Delivery=72.06% (859/1192)
    GatingPrefetch Triggers=149
    Predictor TopK matches: 0=0 1=0 >=2=0
Layer 38 Cache Stats: Hits=1132, Misses=60, HitRate=94.97%
    Predictor Routed-Expert HitRate=N/A
    Loads Per Step: 0Loads=99, 1Load=41, >1Load=9
    Bandwidth: StallLoads=60, PrefetchLoads=132, AvgLoadTime=3.94ms
    PrefetchOverlap: HiddenReady=125, HiddenWait=0, TicksSkipped=0
    MissCause: NotPresent=60, NotReadyStall=0
    PrefetchEff: Dropped=0, AlreadyCached=762, UsedBeforeEvict=125, EvictedBeforeUse=7
    GatingPredict Recall=73.24% (873/1192)
    GatingPredict Precision=97.65% (873/894)
    GatingPrefetch Delivery=73.32% (874/1192)
    GatingPrefetch Triggers=149
    Predictor TopK matches: 0=0 1=0 >=2=0
Layer 39 Cache Stats: Hits=1141, Misses=51, HitRate=95.72%
    Predictor Routed-Expert HitRate=N/A
    Loads Per Step: 0Loads=106, 1Load=35, >1Load=8
    Bandwidth: StallLoads=51, PrefetchLoads=89, AvgLoadTime=3.67ms
    PrefetchOverlap: HiddenReady=83, HiddenWait=0, TicksSkipped=0
    MissCause: NotPresent=51, NotReadyStall=0
    PrefetchEff: Dropped=0, AlreadyCached=805, UsedBeforeEvict=83, EvictedBeforeUse=5
    GatingPredict Recall=72.90% (869/1192)
    GatingPredict Precision=97.20% (869/894)
    GatingPrefetch Delivery=72.90% (869/1192)
    GatingPrefetch Triggers=149
    Predictor TopK matches: 0=0 1=0 >=2=0
Layer 40 Cache Stats: Hits=1150, Misses=42, HitRate=96.48%
    Predictor Routed-Expert HitRate=N/A
    Loads Per Step: 0Loads=111, 1Load=34, >1Load=4
    Bandwidth: StallLoads=42, PrefetchLoads=92, AvgLoadTime=3.96ms
    PrefetchOverlap: HiddenReady=89, HiddenWait=0, TicksSkipped=0
    MissCause: NotPresent=42, NotReadyStall=0
    PrefetchEff: Dropped=0, AlreadyCached=802, UsedBeforeEvict=89, EvictedBeforeUse=3
    GatingPredict Recall=73.49% (876/1192)
    GatingPredict Precision=97.99% (876/894)
    GatingPrefetch Delivery=73.57% (877/1192)
    GatingPrefetch Triggers=149
    Predictor TopK matches: 0=0 1=0 >=2=0
Layer 41 Cache Stats: Hits=1133, Misses=59, HitRate=95.05%
    Predictor Routed-Expert HitRate=N/A
    Loads Per Step: 0Loads=98, 1Load=43, >1Load=8
    Bandwidth: StallLoads=59, PrefetchLoads=183, AvgLoadTime=3.38ms
    PrefetchOverlap: HiddenReady=179, HiddenWait=0, TicksSkipped=0
    MissCause: NotPresent=59, NotReadyStall=0
    PrefetchEff: Dropped=0, AlreadyCached=711, UsedBeforeEvict=179, EvictedBeforeUse=4
    GatingPredict Recall=73.49% (876/1192)
    GatingPredict Precision=97.99% (876/894)
    GatingPrefetch Delivery=73.49% (876/1192)
    GatingPrefetch Triggers=149
    Predictor TopK matches: 0=0 1=0 >=2=0
Layer 42 Cache Stats: Hits=1139, Misses=53, HitRate=95.55%
    Predictor Routed-Expert HitRate=N/A
    Loads Per Step: 0Loads=106, 1Load=33, >1Load=10
    Bandwidth: StallLoads=53, PrefetchLoads=127, AvgLoadTime=3.87ms
    PrefetchOverlap: HiddenReady=124, HiddenWait=0, TicksSkipped=0
    MissCause: NotPresent=53, NotReadyStall=0
    PrefetchEff: Dropped=0, AlreadyCached=767, UsedBeforeEvict=124, EvictedBeforeUse=3
    GatingPredict Recall=72.73% (867/1192)
    GatingPredict Precision=96.98% (867/894)
    GatingPrefetch Delivery=72.73% (867/1192)
    GatingPrefetch Triggers=149
    Predictor TopK matches: 0=0 1=0 >=2=0
Layer 43 Cache Stats: Hits=1152, Misses=40, HitRate=96.64%
    Predictor Routed-Expert HitRate=N/A
    Loads Per Step: 0Loads=111, 1Load=36, >1Load=2
    Bandwidth: StallLoads=40, PrefetchLoads=98, AvgLoadTime=3.72ms
    PrefetchOverlap: HiddenReady=96, HiddenWait=0, TicksSkipped=0
    MissCause: NotPresent=40, NotReadyStall=0
    PrefetchEff: Dropped=0, AlreadyCached=796, UsedBeforeEvict=96, EvictedBeforeUse=2
    GatingPredict Recall=72.90% (869/1192)
    GatingPredict Precision=97.20% (869/894)
    GatingPrefetch Delivery=72.90% (869/1192)
    GatingPrefetch Triggers=149
    Predictor TopK matches: 0=0 1=0 >=2=0
Layer 44 Cache Stats: Hits=1154, Misses=38, HitRate=96.81%
    Predictor Routed-Expert HitRate=N/A
    Loads Per Step: 0Loads=118, 1Load=25, >1Load=6
    Bandwidth: StallLoads=38, PrefetchLoads=42, AvgLoadTime=3.87ms
    PrefetchOverlap: HiddenReady=37, HiddenWait=0, TicksSkipped=0
    MissCause: NotPresent=38, NotReadyStall=0
    PrefetchEff: Dropped=0, AlreadyCached=852, UsedBeforeEvict=37, EvictedBeforeUse=5
    GatingPredict Recall=72.32% (862/1192)
    GatingPredict Precision=96.42% (862/894)
    GatingPrefetch Delivery=72.40% (863/1192)
    GatingPrefetch Triggers=149
    Predictor TopK matches: 0=0 1=0 >=2=0
Layer 45 Cache Stats: Hits=1156, Misses=36, HitRate=96.98%
    Predictor Routed-Expert HitRate=N/A
    Loads Per Step: 0Loads=116, 1Load=30, >1Load=3
    Bandwidth: StallLoads=36, PrefetchLoads=64, AvgLoadTime=3.87ms
    PrefetchOverlap: HiddenReady=63, HiddenWait=0, TicksSkipped=0
    MissCause: NotPresent=36, NotReadyStall=0
    PrefetchEff: Dropped=0, AlreadyCached=830, UsedBeforeEvict=63, EvictedBeforeUse=1
    GatingPredict Recall=72.57% (865/1192)
    GatingPredict Precision=96.76% (865/894)
    GatingPrefetch Delivery=72.57% (865/1192)
    GatingPrefetch Triggers=149
    Predictor TopK matches: 0=0 1=0 >=2=0
Layer 46 Cache Stats: Hits=1152, Misses=40, HitRate=96.64%
    Predictor Routed-Expert HitRate=N/A
    Loads Per Step: 0Loads=113, 1Load=32, >1Load=4
    Bandwidth: StallLoads=40, PrefetchLoads=139, AvgLoadTime=3.51ms
    PrefetchOverlap: HiddenReady=133, HiddenWait=0, TicksSkipped=0
    MissCause: NotPresent=40, NotReadyStall=0
    PrefetchEff: Dropped=0, AlreadyCached=755, UsedBeforeEvict=133, EvictedBeforeUse=6
    GatingPredict Recall=71.64% (854/1192)
    GatingPredict Precision=95.53% (854/894)
    GatingPrefetch Delivery=71.64% (854/1192)
    GatingPrefetch Triggers=149
    Predictor TopK matches: 0=0 1=0 >=2=0
Layer 47 Cache Stats: Hits=1131, Misses=61, HitRate=94.88%
    Predictor Routed-Expert HitRate=N/A
    Loads Per Step: 0Loads=104, 1Load=29, >1Load=16
    Bandwidth: StallLoads=61, PrefetchLoads=190, AvgLoadTime=3.24ms
    PrefetchOverlap: HiddenReady=168, HiddenWait=0, TicksSkipped=0
    MissCause: NotPresent=61, NotReadyStall=0
    PrefetchEff: Dropped=0, AlreadyCached=704, UsedBeforeEvict=168, EvictedBeforeUse=22
    GatingPredict Recall=69.63% (830/1192)
    GatingPredict Precision=92.84% (830/894)
    GatingPrefetch Delivery=69.63% (830/1192)
    GatingPrefetch Triggers=149
    Predictor TopK matches: 0=0 1=0 >=2=0
============================================================
============================================================
Initializing Qwen3 30B-A3B AWQ w4a16 quantized model...
============================================================
Loading quantized weights from QuixiAI/Qwen3-30B-A3B-AWQ...
Using saved safetensors: /home/michael/heteroPredict/py/unified_llm_w4a16/model_weights/Qwen3-30B-A3B-AWQ.safetensors
Expert weights dir: /home/michael/heteroPredict/py/unified_llm_w4a16/model_weights/Qwen3-30B-A3B-AWQ_packed  (format: packed)
Using existing attention weights in /home/michael/heteroPredict/py/unified_llm_w4a16/model_weights/Qwen3-30B-A3B-AWQ_unpacked
Weights loaded (expert dir override) in 0.29 seconds
Pre-warming expert cache with 48 experts...
Model initialized successfully!
Set expert cache policy to LRU.

Running sweep using prompts from JSON: /tmp/tmpyya_8h6k.json
Loaded 1 prompts for sweeping.

Processing Prompt 1/1...

============================================================
Generated text only:
============================================================
 time was too " literary " and not sufficiently " classical " . However , he was not discouraged and continued to travel . He later took the exam again in 741 , and passed it . He was then given a minor post in the capital . 

 = = = The An Lushan rebellion and the fall of the Tang = = = 

 In 755 , the An Lushan rebellion broke out . The rebellion was a massive rebellion led by a general of non-Han origin , An Lushan , who had been appointed to the northern frontier to defend against the Tibetans . The rebellion began in 755 and lasted until 763 . The rebellion caused the collapse of the Tang dynasty and the death
============================================================

============================================================
Sweep Complete.
Average Time per Token: 0.298327
End-to-End TPS: 3.3520
Cache Stats: Hits=53903, Misses=3313, HitRate=94.21%
Predictor Stats: Hits=0, Total=0, HitRate=0.00%
Initializing UnifiedLLMW4A16Impl_base
Using NPU config struct.
Configuring NPU (Base):
  Heterogeneity: gpu
  GPU Count: 1
  Debug Verbosity: 1
  Dummy Weights: false
  Warmup: false
  Preload MoE: true
  Minimal PDI: true
[GPU SELECT] Free VRAM ranking: gpu0=28.00/28.00 GiB
[GPU SELECT] Selected GPUs for gpu-count=1: [0]
[GPU MAP] Single-GPU placement on gpu0
[Layer 1] cache partition: main=42 speculative=6 (fraction=0.125)
[GatingHeuristicPredictor Layer 1] prefetch_count=6 softmax_before_topk=yes
[Layer 2] cache partition: main=42 speculative=6 (fraction=0.125)
[GatingHeuristicPredictor Layer 2] prefetch_count=6 softmax_before_topk=yes
[Layer 3] cache partition: main=42 speculative=6 (fraction=0.125)
[GatingHeuristicPredictor Layer 3] prefetch_count=6 softmax_before_topk=yes
[Layer 4] cache partition: main=42 speculative=6 (fraction=0.125)
[GatingHeuristicPredictor Layer 4] prefetch_count=6 softmax_before_topk=yes
[Layer 5] cache partition: main=42 speculative=6 (fraction=0.125)
[GatingHeuristicPredictor Layer 5] prefetch_count=6 softmax_before_topk=yes
[Layer 6] cache partition: main=42 speculative=6 (fraction=0.125)
[GatingHeuristicPredictor Layer 6] prefetch_count=6 softmax_before_topk=yes
[Layer 7] cache partition: main=42 speculative=6 (fraction=0.125)
[GatingHeuristicPredictor Layer 7] prefetch_count=6 softmax_before_topk=yes
[Layer 8] cache partition: main=42 speculative=6 (fraction=0.125)
[GatingHeuristicPredictor Layer 8] prefetch_count=6 softmax_before_topk=yes
[Layer 9] cache partition: main=42 speculative=6 (fraction=0.125)
[GatingHeuristicPredictor Layer 9] prefetch_count=6 softmax_before_topk=yes
[Layer 10] cache partition: main=42 speculative=6 (fraction=0.125)
[GatingHeuristicPredictor Layer 10] prefetch_count=6 softmax_before_topk=yes
[Layer 11] cache partition: main=42 speculative=6 (fraction=0.125)
[GatingHeuristicPredictor Layer 11] prefetch_count=6 softmax_before_topk=yes
[Layer 12] cache partition: main=42 speculative=6 (fraction=0.125)
[GatingHeuristicPredictor Layer 12] prefetch_count=6 softmax_before_topk=yes
[Layer 13] cache partition: main=42 speculative=6 (fraction=0.125)
[GatingHeuristicPredictor Layer 13] prefetch_count=6 softmax_before_topk=yes
[Layer 14] cache partition: main=42 speculative=6 (fraction=0.125)
[GatingHeuristicPredictor Layer 14] prefetch_count=6 softmax_before_topk=yes
[Layer 15] cache partition: main=42 speculative=6 (fraction=0.125)
[GatingHeuristicPredictor Layer 15] prefetch_count=6 softmax_before_topk=yes
[Layer 16] cache partition: main=42 speculative=6 (fraction=0.125)
[GatingHeuristicPredictor Layer 16] prefetch_count=6 softmax_before_topk=yes
[Layer 17] cache partition: main=42 speculative=6 (fraction=0.125)
[GatingHeuristicPredictor Layer 17] prefetch_count=6 softmax_before_topk=yes
[Layer 18] cache partition: main=42 speculative=6 (fraction=0.125)
[GatingHeuristicPredictor Layer 18] prefetch_count=6 softmax_before_topk=yes
[Layer 19] cache partition: main=42 speculative=6 (fraction=0.125)
[GatingHeuristicPredictor Layer 19] prefetch_count=6 softmax_before_topk=yes
[Layer 20] cache partition: main=42 speculative=6 (fraction=0.125)
[GatingHeuristicPredictor Layer 20] prefetch_count=6 softmax_before_topk=yes
[Layer 21] cache partition: main=42 speculative=6 (fraction=0.125)
[GatingHeuristicPredictor Layer 21] prefetch_count=6 softmax_before_topk=yes
[Layer 22] cache partition: main=42 speculative=6 (fraction=0.125)
[GatingHeuristicPredictor Layer 22] prefetch_count=6 softmax_before_topk=yes
[Layer 23] cache partition: main=42 speculative=6 (fraction=0.125)
[GatingHeuristicPredictor Layer 23] prefetch_count=6 softmax_before_topk=yes
[Layer 24] cache partition: main=42 speculative=6 (fraction=0.125)
[GatingHeuristicPredictor Layer 24] prefetch_count=6 softmax_before_topk=yes
[Layer 25] cache partition: main=42 speculative=6 (fraction=0.125)
[GatingHeuristicPredictor Layer 25] prefetch_count=6 softmax_before_topk=yes
[Layer 26] cache partition: main=42 speculative=6 (fraction=0.125)
[GatingHeuristicPredictor Layer 26] prefetch_count=6 softmax_before_topk=yes
[Layer 27] cache partition: main=42 speculative=6 (fraction=0.125)
[GatingHeuristicPredictor Layer 27] prefetch_count=6 softmax_before_topk=yes
[Layer 28] cache partition: main=42 speculative=6 (fraction=0.125)
[GatingHeuristicPredictor Layer 28] prefetch_count=6 softmax_before_topk=yes
[Layer 29] cache partition: main=42 speculative=6 (fraction=0.125)
[GatingHeuristicPredictor Layer 29] prefetch_count=6 softmax_before_topk=yes
[Layer 30] cache partition: main=42 speculative=6 (fraction=0.125)
[GatingHeuristicPredictor Layer 30] prefetch_count=6 softmax_before_topk=yes
[Layer 31] cache partition: main=42 speculative=6 (fraction=0.125)
[GatingHeuristicPredictor Layer 31] prefetch_count=6 softmax_before_topk=yes
[Layer 32] cache partition: main=42 speculative=6 (fraction=0.125)
[GatingHeuristicPredictor Layer 32] prefetch_count=6 softmax_before_topk=yes
[Layer 33] cache partition: main=42 speculative=6 (fraction=0.125)
[GatingHeuristicPredictor Layer 33] prefetch_count=6 softmax_before_topk=yes
[Layer 34] cache partition: main=42 speculative=6 (fraction=0.125)
[GatingHeuristicPredictor Layer 34] prefetch_count=6 softmax_before_topk=yes
[Layer 35] cache partition: main=42 speculative=6 (fraction=0.125)
[GatingHeuristicPredictor Layer 35] prefetch_count=6 softmax_before_topk=yes
[Layer 36] cache partition: main=42 speculative=6 (fraction=0.125)
[GatingHeuristicPredictor Layer 36] prefetch_count=6 softmax_before_topk=yes
[Layer 37] cache partition: main=42 speculative=6 (fraction=0.125)
[GatingHeuristicPredictor Layer 37] prefetch_count=6 softmax_before_topk=yes
[Layer 38] cache partition: main=42 speculative=6 (fraction=0.125)
[GatingHeuristicPredictor Layer 38] prefetch_count=6 softmax_before_topk=yes
[Layer 39] cache partition: main=42 speculative=6 (fraction=0.125)
[GatingHeuristicPredictor Layer 39] prefetch_count=6 softmax_before_topk=yes
[Layer 40] cache partition: main=42 speculative=6 (fraction=0.125)
[GatingHeuristicPredictor Layer 40] prefetch_count=6 softmax_before_topk=yes
[Layer 41] cache partition: main=42 speculative=6 (fraction=0.125)
[GatingHeuristicPredictor Layer 41] prefetch_count=6 softmax_before_topk=yes
[Layer 42] cache partition: main=42 speculative=6 (fraction=0.125)
[GatingHeuristicPredictor Layer 42] prefetch_count=6 softmax_before_topk=yes
[Layer 43] cache partition: main=42 speculative=6 (fraction=0.125)
[GatingHeuristicPredictor Layer 43] prefetch_count=6 softmax_before_topk=yes
[Layer 44] cache partition: main=42 speculative=6 (fraction=0.125)
[GatingHeuristicPredictor Layer 44] prefetch_count=6 softmax_before_topk=yes
[Layer 45] cache partition: main=42 speculative=6 (fraction=0.125)
[GatingHeuristicPredictor Layer 45] prefetch_count=6 softmax_before_topk=yes
[Layer 46] cache partition: main=42 speculative=6 (fraction=0.125)
[GatingHeuristicPredictor Layer 46] prefetch_count=6 softmax_before_topk=yes
[Layer 47] cache partition: main=42 speculative=6 (fraction=0.125)
[GatingHeuristicPredictor Layer 47] prefetch_count=6 softmax_before_topk=yes
UnifiedLLMW4A16 moved to device: cuda:0
Preloading MoE kernels...
MoE kernels preloaded.
UnifiedLLMW4A16 initialized on device: cuda:0 with w4a16 quantization
Loading non-quantized weights from safetensors (mmap): /home/michael/heteroPredict/py/unified_llm_w4a16/model_weights/Qwen3-30B-A3B-AWQ.safetensors
Loaded 243 non-quantized parameters, skipped 0
Loading quantized weights from bins: /home/michael/heteroPredict/py/unified_llm_w4a16/model_weights/Qwen3-30B-A3B-AWQ_unpacked
  Expert weights dir override: /home/michael/heteroPredict/py/unified_llm_w4a16/model_weights/Qwen3-30B-A3B-AWQ_packed
Pre-warming 48 experts for all layers...
Layer 0: Pre-warming 42 experts.
Layer 0: using packed expert format.
[MoE I/O] Expert weight reads require O_DIRECT (no buffered fallback).
Layer 1: Pre-warming 42 experts.
Layer 1: using packed expert format.
Layer 2: Pre-warming 42 experts.
Layer 2: using packed expert format.
Layer 3: Pre-warming 42 experts.
Layer 3: using packed expert format.
Prewarmed experts for layer 4/48
Layer 4: Pre-warming 42 experts.
Layer 4: using packed expert format.
Layer 5: Pre-warming 42 experts.
Layer 5: using packed expert format.
Layer 6: Pre-warming 42 experts.
Layer 6: using packed expert format.
Layer 7: Pre-warming 42 experts.
Layer 7: using packed expert format.
Prewarmed experts for layer 8/48
Layer 8: Pre-warming 42 experts.
Layer 8: using packed expert format.
Layer 9: Pre-warming 42 experts.
Layer 9: using packed expert format.
Layer 10: Pre-warming 42 experts.
Layer 10: using packed expert format.
Layer 11: Pre-warming 42 experts.
Layer 11: using packed expert format.
Prewarmed experts for layer 12/48
Layer 12: Pre-warming 42 experts.
Layer 12: using packed expert format.
Layer 13: Pre-warming 42 experts.
Layer 13: using packed expert format.
Layer 14: Pre-warming 42 experts.
Layer 14: using packed expert format.
Layer 15: Pre-warming 42 experts.
Layer 15: using packed expert format.
Prewarmed experts for layer 16/48
Layer 16: Pre-warming 42 experts.
Layer 16: using packed expert format.
Layer 17: Pre-warming 42 experts.
Layer 17: using packed expert format.
Layer 18: Pre-warming 42 experts.
Layer 18: using packed expert format.
Layer 19: Pre-warming 42 experts.
Layer 19: using packed expert format.
Prewarmed experts for layer 20/48
Layer 20: Pre-warming 42 experts.
Layer 20: using packed expert format.
Layer 21: Pre-warming 42 experts.
Layer 21: using packed expert format.
Layer 22: Pre-warming 42 experts.
Layer 22: using packed expert format.
Layer 23: Pre-warming 42 experts.
Layer 23: using packed expert format.
Prewarmed experts for layer 24/48
Layer 24: Pre-warming 42 experts.
Layer 24: using packed expert format.
Layer 25: Pre-warming 42 experts.
Layer 25: using packed expert format.
Layer 26: Pre-warming 42 experts.
Layer 26: using packed expert format.
Layer 27: Pre-warming 42 experts.
Layer 27: using packed expert format.
Prewarmed experts for layer 28/48
Layer 28: Pre-warming 42 experts.
Layer 28: using packed expert format.
Layer 29: Pre-warming 42 experts.
Layer 29: using packed expert format.
Layer 30: Pre-warming 42 experts.
Layer 30: using packed expert format.
Layer 31: Pre-warming 42 experts.
Layer 31: using packed expert format.
Prewarmed experts for layer 32/48
Layer 32: Pre-warming 42 experts.
Layer 32: using packed expert format.
Layer 33: Pre-warming 42 experts.
Layer 33: using packed expert format.
Layer 34: Pre-warming 42 experts.
Layer 34: using packed expert format.
Layer 35: Pre-warming 42 experts.
Layer 35: using packed expert format.
Prewarmed experts for layer 36/48
Layer 36: Pre-warming 42 experts.
Layer 36: using packed expert format.
Layer 37: Pre-warming 42 experts.
Layer 37: using packed expert format.
Layer 38: Pre-warming 42 experts.
Layer 38: using packed expert format.
Layer 39: Pre-warming 42 experts.
Layer 39: using packed expert format.
Prewarmed experts for layer 40/48
Layer 40: Pre-warming 42 experts.
Layer 40: using packed expert format.
Layer 41: Pre-warming 42 experts.
Layer 41: using packed expert format.
Layer 42: Pre-warming 42 experts.
Layer 42: using packed expert format.
Layer 43: Pre-warming 42 experts.
Layer 43: using packed expert format.
Prewarmed experts for layer 44/48
Layer 44: Pre-warming 42 experts.
Layer 44: using packed expert format.
Layer 45: Pre-warming 42 experts.
Layer 45: using packed expert format.
Layer 46: Pre-warming 42 experts.
Layer 46: using packed expert format.
Layer 47: Pre-warming 42 experts.
Layer 47: using packed expert format.
Prewarmed experts for layer 48/48
Libtorch input_ids shape: [1, 512]
Skipping warmup.
Prefill time: 17.7778 seconds
Generation phase
[Layer 0 Step 0 Debug] Slots before check: 86 87 88 89 90 91 92 93 95 96 97 98 99 100 101 102 103 104 105 106 107 108 109 110 111 112 113 114 115 116 117 118 119 120 121 122 123 124 125 126 127 85 -1 -1 -1 -1 -1 -1 
[Layer 0 Step 0 Debug] Requested: 119 34 28 7 51 110 46 72 
[gen 5/149] elapsed=1.7s  TPS=2.864
[gen 10/149] elapsed=3.1s  TPS=3.229
[gen 15/149] elapsed=4.2s  TPS=3.601
[gen 20/149] elapsed=5.1s  TPS=3.935
[gen 25/149] elapsed=6.1s  TPS=4.105
[gen 30/149] elapsed=6.8s  TPS=4.389
[gen 35/149] elapsed=7.7s  TPS=4.574
[gen 40/149] elapsed=8.4s  TPS=4.765
[gen 45/149] elapsed=9.1s  TPS=4.957
[gen 50/149] elapsed=9.7s  TPS=5.167
[gen 55/149] elapsed=10.4s  TPS=5.291
[gen 60/149] elapsed=11.1s  TPS=5.385
[gen 65/149] elapsed=12.4s  TPS=5.254
[gen 70/149] elapsed=13.1s  TPS=5.361
[gen 75/149] elapsed=13.8s  TPS=5.443
[gen 80/149] elapsed=14.5s  TPS=5.506
[gen 85/149] elapsed=15.5s  TPS=5.482
[gen 90/149] elapsed=16.4s  TPS=5.485
[gen 95/149] elapsed=17.6s  TPS=5.394
[gen 100/149] elapsed=18.8s  TPS=5.318
[gen 105/149] elapsed=19.6s  TPS=5.350
[gen 110/149] elapsed=20.5s  TPS=5.367
[gen 115/149] elapsed=21.1s  TPS=5.449
[gen 120/149] elapsed=21.9s  TPS=5.479
[gen 125/149] elapsed=22.7s  TPS=5.507
[gen 130/149] elapsed=23.7s  TPS=5.496
[gen 135/149] elapsed=24.5s  TPS=5.514
[gen 140/149] elapsed=25.4s  TPS=5.505
[gen 145/149] elapsed=26.2s  TPS=5.529
Prefill time (summary): 17.778 seconds
Total Generation Time: 26.992 seconds
Average Time per Token: 0.181153 seconds

Expert Cache Statistics:
Layer 0 Cache Stats: Hits=565, Misses=627, HitRate=47.40%
    Predictor Routed-Expert HitRate=N/A
    Loads Per Step: 0Loads=4, 1Load=13, >1Load=132
    Bandwidth: StallLoads=627, PrefetchLoads=0, AvgLoadTime=2.52ms
    MissCause: NotPresent=627, NotReadyStall=0
    GlobalSpecLoad: PeakConcurrent=2
    Predictor TopK matches: 0=0 1=0 >=2=0
Layer 1 Cache Stats: Hits=1034, Misses=158, HitRate=86.74%
    Predictor Routed-Expert HitRate=N/A
    Loads Per Step: 0Loads=49, 1Load=55, >1Load=45
    Bandwidth: StallLoads=158, PrefetchLoads=216, AvgLoadTime=4.18ms
    PrefetchOverlap: HiddenReady=186, HiddenWait=0, TicksSkipped=0
    MissCause: NotPresent=158, NotReadyStall=0
    PrefetchEff: Dropped=0, AlreadyCached=678, UsedBeforeEvict=186, EvictedBeforeUse=30
    GatingPredict Recall=54.61% (651/1192)
    GatingPredict Precision=72.82% (651/894)
    GatingPrefetch Delivery=54.78% (653/1192)
    GatingPrefetch Triggers=149
    Predictor TopK matches: 0=0 1=0 >=2=0
Layer 2 Cache Stats: Hits=1092, Misses=100, HitRate=91.61%
    Predictor Routed-Expert HitRate=N/A
    Loads Per Step: 0Loads=67, 1Load=65, >1Load=17
    Bandwidth: StallLoads=100, PrefetchLoads=177, AvgLoadTime=3.45ms
    PrefetchOverlap: HiddenReady=133, HiddenWait=0, TicksSkipped=0
    MissCause: NotPresent=100, NotReadyStall=0
    PrefetchEff: Dropped=0, AlreadyCached=717, UsedBeforeEvict=133, EvictedBeforeUse=42
    GatingPredict Recall=59.90% (714/1192)
    GatingPredict Precision=79.87% (714/894)
    GatingPrefetch Delivery=59.90% (714/1192)
    GatingPrefetch Triggers=149
    Predictor TopK matches: 0=0 1=0 >=2=0
Layer 3 Cache Stats: Hits=1041, Misses=151, HitRate=87.33%
    Predictor Routed-Expert HitRate=N/A
    Loads Per Step: 0Loads=52, 1Load=52, >1Load=45
    Bandwidth: StallLoads=151, PrefetchLoads=176, AvgLoadTime=3.35ms
    PrefetchOverlap: HiddenReady=139, HiddenWait=0, TicksSkipped=0
    MissCause: NotPresent=151, NotReadyStall=0
    PrefetchEff: Dropped=0, AlreadyCached=718, UsedBeforeEvict=139, EvictedBeforeUse=37
    GatingPredict Recall=55.37% (660/1192)
    GatingPredict Precision=73.83% (660/894)
    GatingPrefetch Delivery=55.62% (663/1192)
    GatingPrefetch Triggers=149
    Predictor TopK matches: 0=0 1=0 >=2=0
Layer 4 Cache Stats: Hits=1124, Misses=68, HitRate=94.30%
    Predictor Routed-Expert HitRate=N/A
    Loads Per Step: 0Loads=96, 1Load=41, >1Load=12
    Bandwidth: StallLoads=68, PrefetchLoads=160, AvgLoadTime=3.71ms
    PrefetchOverlap: HiddenReady=104, HiddenWait=0, TicksSkipped=0
    MissCause: NotPresent=68, NotReadyStall=0
    PrefetchEff: Dropped=0, AlreadyCached=734, UsedBeforeEvict=104, EvictedBeforeUse=51
    GatingPredict Recall=58.56% (698/1192)
    GatingPredict Precision=78.08% (698/894)
    GatingPrefetch Delivery=58.72% (700/1192)
    GatingPrefetch Triggers=149
    Predictor TopK matches: 0=0 1=0 >=2=0
Layer 5 Cache Stats: Hits=1134, Misses=58, HitRate=95.13%
    Predictor Routed-Expert HitRate=N/A
    Loads Per Step: 0Loads=94, 1Load=52, >1Load=3
    Bandwidth: StallLoads=58, PrefetchLoads=116, AvgLoadTime=3.78ms
    PrefetchOverlap: HiddenReady=102, HiddenWait=0, TicksSkipped=0
    MissCause: NotPresent=58, NotReadyStall=0
    PrefetchEff: Dropped=0, AlreadyCached=778, UsedBeforeEvict=102, EvictedBeforeUse=13
    GatingPredict Recall=64.18% (765/1192)
    GatingPredict Precision=85.57% (765/894)
    GatingPrefetch Delivery=64.18% (765/1192)
    GatingPrefetch Triggers=149
    Predictor TopK matches: 0=0 1=0 >=2=0
Layer 6 Cache Stats: Hits=1168, Misses=24, HitRate=97.99%
    Predictor Routed-Expert HitRate=N/A
    Loads Per Step: 0Loads=128, 1Load=18, >1Load=3
    Bandwidth: StallLoads=24, PrefetchLoads=40, AvgLoadTime=3.83ms
    PrefetchOverlap: HiddenReady=32, HiddenWait=0, TicksSkipped=0
    MissCause: NotPresent=24, NotReadyStall=0
    PrefetchEff: Dropped=0, AlreadyCached=854, UsedBeforeEvict=32, EvictedBeforeUse=7
    GatingPredict Recall=65.02% (775/1192)
    GatingPredict Precision=86.69% (775/894)
    GatingPrefetch Delivery=65.18% (777/1192)
    GatingPrefetch Triggers=149
    Predictor TopK matches: 0=0 1=0 >=2=0
Layer 7 Cache Stats: Hits=1167, Misses=25, HitRate=97.90%
    Predictor Routed-Expert HitRate=N/A
    Loads Per Step: 0Loads=127, 1Load=19, >1Load=3
    Bandwidth: StallLoads=25, PrefetchLoads=57, AvgLoadTime=3.52ms
    PrefetchOverlap: HiddenReady=53, HiddenWait=0, TicksSkipped=0
    MissCause: NotPresent=25, NotReadyStall=0
    PrefetchEff: Dropped=0, AlreadyCached=837, UsedBeforeEvict=53, EvictedBeforeUse=3
    GatingPredict Recall=70.05% (835/1192)
    GatingPredict Precision=93.40% (835/894)
    GatingPrefetch Delivery=70.22% (837/1192)
    GatingPrefetch Triggers=149
    Predictor TopK matches: 0=0 1=0 >=2=0
Layer 8 Cache Stats: Hits=1134, Misses=58, HitRate=95.13%
    Predictor Routed-Expert HitRate=N/A
    Loads Per Step: 0Loads=104, 1Load=32, >1Load=13
    Bandwidth: StallLoads=58, PrefetchLoads=62, AvgLoadTime=3.63ms
    PrefetchOverlap: HiddenReady=60, HiddenWait=0, TicksSkipped=0
    MissCause: NotPresent=58, NotReadyStall=0
    PrefetchEff: Dropped=0, AlreadyCached=832, UsedBeforeEvict=60, EvictedBeforeUse=2
    GatingPredict Recall=68.62% (818/1192)
    GatingPredict Precision=91.50% (818/894)
    GatingPrefetch Delivery=68.71% (819/1192)
    GatingPrefetch Triggers=149
    Predictor TopK matches: 0=0 1=0 >=2=0
Layer 9 Cache Stats: Hits=1148, Misses=44, HitRate=96.31%
    Predictor Routed-Expert HitRate=N/A
    Loads Per Step: 0Loads=111, 1Load=32, >1Load=6
    Bandwidth: StallLoads=44, PrefetchLoads=99, AvgLoadTime=3.61ms
    PrefetchOverlap: HiddenReady=89, HiddenWait=0, TicksSkipped=0
    MissCause: NotPresent=44, NotReadyStall=0
    PrefetchEff: Dropped=0, AlreadyCached=795, UsedBeforeEvict=89, EvictedBeforeUse=9
    GatingPredict Recall=68.54% (817/1192)
    GatingPredict Precision=91.39% (817/894)
    GatingPrefetch Delivery=68.54% (817/1192)
    GatingPrefetch Triggers=149
    Predictor TopK matches: 0=0 1=0 >=2=0
Layer 10 Cache Stats: Hits=1142, Misses=50, HitRate=95.81%
    Predictor Routed-Expert HitRate=N/A
    Loads Per Step: 0Loads=103, 1Load=42, >1Load=4
    Bandwidth: StallLoads=50, PrefetchLoads=64, AvgLoadTime=4.06ms
    PrefetchOverlap: HiddenReady=62, HiddenWait=0, TicksSkipped=0
    MissCause: NotPresent=50, NotReadyStall=0
    PrefetchEff: Dropped=0, AlreadyCached=830, UsedBeforeEvict=62, EvictedBeforeUse=2
    GatingPredict Recall=70.47% (840/1192)
    GatingPredict Precision=93.96% (840/894)
    GatingPrefetch Delivery=70.55% (841/1192)
    GatingPrefetch Triggers=149
    Predictor TopK matches: 0=0 1=0 >=2=0
Layer 11 Cache Stats: Hits=1128, Misses=64, HitRate=94.63%
    Predictor Routed-Expert HitRate=N/A
    Loads Per Step: 0Loads=97, 1Load=40, >1Load=12
    Bandwidth: StallLoads=64, PrefetchLoads=126, AvgLoadTime=3.06ms
    PrefetchOverlap: HiddenReady=114, HiddenWait=0, TicksSkipped=0
    MissCause: NotPresent=64, NotReadyStall=0
    PrefetchEff: Dropped=0, AlreadyCached=768, UsedBeforeEvict=114, EvictedBeforeUse=10
    GatingPredict Recall=70.05% (835/1192)
    GatingPredict Precision=93.40% (835/894)
    GatingPrefetch Delivery=70.13% (836/1192)
    GatingPrefetch Triggers=149
    Predictor TopK matches: 0=0 1=0 >=2=0
Layer 12 Cache Stats: Hits=1131, Misses=61, HitRate=94.88%
    Predictor Routed-Expert HitRate=N/A
    Loads Per Step: 0Loads=98, 1Load=42, >1Load=9
    Bandwidth: StallLoads=61, PrefetchLoads=65, AvgLoadTime=4.23ms
    PrefetchOverlap: HiddenReady=57, HiddenWait=0, TicksSkipped=0
    MissCause: NotPresent=61, NotReadyStall=0
    PrefetchEff: Dropped=0, AlreadyCached=829, UsedBeforeEvict=57, EvictedBeforeUse=7
    GatingPredict Recall=70.05% (835/1192)
    GatingPredict Precision=93.40% (835/894)
    GatingPrefetch Delivery=70.05% (835/1192)
    GatingPrefetch Triggers=149
    Predictor TopK matches: 0=0 1=0 >=2=0
Layer 13 Cache Stats: Hits=1126, Misses=66, HitRate=94.46%
    Predictor Routed-Expert HitRate=N/A
    Loads Per Step: 0Loads=91, 1Load=51, >1Load=7
    Bandwidth: StallLoads=66, PrefetchLoads=138, AvgLoadTime=3.61ms
    PrefetchOverlap: HiddenReady=117, HiddenWait=0, TicksSkipped=0
    MissCause: NotPresent=66, NotReadyStall=0
    PrefetchEff: Dropped=0, AlreadyCached=756, UsedBeforeEvict=117, EvictedBeforeUse=20
    GatingPredict Recall=67.20% (801/1192)
    GatingPredict Precision=89.60% (801/894)
    GatingPrefetch Delivery=67.20% (801/1192)
    GatingPrefetch Triggers=149
    Predictor TopK matches: 0=0 1=0 >=2=0
Layer 14 Cache Stats: Hits=1160, Misses=32, HitRate=97.32%
    Predictor Routed-Expert HitRate=N/A
    Loads Per Step: 0Loads=120, 1Load=26, >1Load=3
    Bandwidth: StallLoads=32, PrefetchLoads=111, AvgLoadTime=3.59ms
    PrefetchOverlap: HiddenReady=102, HiddenWait=0, TicksSkipped=0
    MissCause: NotPresent=32, NotReadyStall=0
    PrefetchEff: Dropped=0, AlreadyCached=783, UsedBeforeEvict=102, EvictedBeforeUse=8
    GatingPredict Recall=70.22% (837/1192)
    GatingPredict Precision=93.62% (837/894)
    GatingPrefetch Delivery=70.22% (837/1192)
    GatingPrefetch Triggers=149
    Predictor TopK matches: 0=0 1=0 >=2=0
Layer 15 Cache Stats: Hits=1159, Misses=33, HitRate=97.23%
    Predictor Routed-Expert HitRate=N/A
    Loads Per Step: 0Loads=116, 1Load=33, >1Load=0
    Bandwidth: StallLoads=33, PrefetchLoads=59, AvgLoadTime=4.04ms
    PrefetchOverlap: HiddenReady=55, HiddenWait=0, TicksSkipped=0
    MissCause: NotPresent=33, NotReadyStall=0
    PrefetchEff: Dropped=0, AlreadyCached=835, UsedBeforeEvict=55, EvictedBeforeUse=4
    GatingPredict Recall=70.97% (846/1192)
    GatingPredict Precision=94.63% (846/894)
    GatingPrefetch Delivery=71.06% (847/1192)
    GatingPrefetch Triggers=149
    Predictor TopK matches: 0=0 1=0 >=2=0
Layer 16 Cache Stats: Hits=1143, Misses=49, HitRate=95.89%
    Predictor Routed-Expert HitRate=N/A
    Loads Per Step: 0Loads=108, 1Load=33, >1Load=8
    Bandwidth: StallLoads=49, PrefetchLoads=79, AvgLoadTime=3.81ms
    PrefetchOverlap: HiddenReady=76, HiddenWait=0, TicksSkipped=0
    MissCause: NotPresent=49, NotReadyStall=0
    PrefetchEff: Dropped=0, AlreadyCached=815, UsedBeforeEvict=76, EvictedBeforeUse=3
    GatingPredict Recall=68.54% (817/1192)
    GatingPredict Precision=91.39% (817/894)
    GatingPrefetch Delivery=68.54% (817/1192)
    GatingPrefetch Triggers=149
    Predictor TopK matches: 0=0 1=0 >=2=0
Layer 17 Cache Stats: Hits=1129, Misses=63, HitRate=94.71%
    Predictor Routed-Expert HitRate=N/A
    Loads Per Step: 0Loads=94, 1Load=47, >1Load=8
    Bandwidth: StallLoads=63, PrefetchLoads=121, AvgLoadTime=3.42ms
    PrefetchOverlap: HiddenReady=115, HiddenWait=0, TicksSkipped=0
    MissCause: NotPresent=63, NotReadyStall=0
    PrefetchEff: Dropped=0, AlreadyCached=773, UsedBeforeEvict=115, EvictedBeforeUse=5
    GatingPredict Recall=70.89% (845/1192)
    GatingPredict Precision=94.52% (845/894)
    GatingPrefetch Delivery=70.89% (845/1192)
    GatingPrefetch Triggers=149
    Predictor TopK matches: 0=0 1=0 >=2=0
Layer 18 Cache Stats: Hits=1167, Misses=25, HitRate=97.90%
    Predictor Routed-Expert HitRate=N/A
    Loads Per Step: 0Loads=128, 1Load=19, >1Load=2
    Bandwidth: StallLoads=25, PrefetchLoads=65, AvgLoadTime=4.41ms
    PrefetchOverlap: HiddenReady=50, HiddenWait=0, TicksSkipped=0
    MissCause: NotPresent=25, NotReadyStall=0
    PrefetchEff: Dropped=0, AlreadyCached=829, UsedBeforeEvict=50, EvictedBeforeUse=12
    GatingPredict Recall=67.70% (807/1192)
    GatingPredict Precision=90.27% (807/894)
    GatingPrefetch Delivery=68.04% (811/1192)
    GatingPrefetch Triggers=149
    Predictor TopK matches: 0=0 1=0 >=2=0
Layer 19 Cache Stats: Hits=1170, Misses=22, HitRate=98.15%
    Predictor Routed-Expert HitRate=N/A
    Loads Per Step: 0Loads=127, 1Load=22, >1Load=0
    Bandwidth: StallLoads=22, PrefetchLoads=34, AvgLoadTime=4.00ms
    PrefetchOverlap: HiddenReady=32, HiddenWait=0, TicksSkipped=0
    MissCause: NotPresent=22, NotReadyStall=0
    PrefetchEff: Dropped=0, AlreadyCached=860, UsedBeforeEvict=32, EvictedBeforeUse=2
    GatingPredict Recall=72.73% (867/1192)
    GatingPredict Precision=96.98% (867/894)
    GatingPrefetch Delivery=72.82% (868/1192)
    GatingPrefetch Triggers=149
    Predictor TopK matches: 0=0 1=0 >=2=0
Layer 20 Cache Stats: Hits=1144, Misses=48, HitRate=95.97%
    Predictor Routed-Expert HitRate=N/A
    Loads Per Step: 0Loads=107, 1Load=37, >1Load=5
    Bandwidth: StallLoads=48, PrefetchLoads=60, AvgLoadTime=3.61ms
    PrefetchOverlap: HiddenReady=55, HiddenWait=0, TicksSkipped=0
    MissCause: NotPresent=48, NotReadyStall=0
    PrefetchEff: Dropped=0, AlreadyCached=834, UsedBeforeEvict=55, EvictedBeforeUse=5
    GatingPredict Recall=71.81% (856/1192)
    GatingPredict Precision=95.75% (856/894)
    GatingPrefetch Delivery=71.90% (857/1192)
    GatingPrefetch Triggers=149
    Predictor TopK matches: 0=0 1=0 >=2=0
Layer 21 Cache Stats: Hits=1147, Misses=45, HitRate=96.22%
    Predictor Routed-Expert HitRate=N/A
    Loads Per Step: 0Loads=109, 1Load=35, >1Load=5
    Bandwidth: StallLoads=45, PrefetchLoads=85, AvgLoadTime=3.81ms
    PrefetchOverlap: HiddenReady=77, HiddenWait=0, TicksSkipped=0
    MissCause: NotPresent=45, NotReadyStall=0
    PrefetchEff: Dropped=0, AlreadyCached=809, UsedBeforeEvict=77, EvictedBeforeUse=7
    GatingPredict Recall=69.63% (830/1192)
    GatingPredict Precision=92.84% (830/894)
    GatingPrefetch Delivery=69.80% (832/1192)
    GatingPrefetch Triggers=149
    Predictor TopK matches: 0=0 1=0 >=2=0
Layer 22 Cache Stats: Hits=1137, Misses=55, HitRate=95.39%
    Predictor Routed-Expert HitRate=N/A
    Loads Per Step: 0Loads=99, 1Load=45, >1Load=5
    Bandwidth: StallLoads=55, PrefetchLoads=73, AvgLoadTime=4.09ms
    PrefetchOverlap: HiddenReady=71, HiddenWait=0, TicksSkipped=0
    MissCause: NotPresent=55, NotReadyStall=0
    PrefetchEff: Dropped=0, AlreadyCached=821, UsedBeforeEvict=71, EvictedBeforeUse=2
    GatingPredict Recall=70.64% (842/1192)
    GatingPredict Precision=94.18% (842/894)
    GatingPrefetch Delivery=70.64% (842/1192)
    GatingPrefetch Triggers=149
    Predictor TopK matches: 0=0 1=0 >=2=0
Layer 23 Cache Stats: Hits=1098, Misses=94, HitRate=92.11%
    Predictor Routed-Expert HitRate=N/A
    Loads Per Step: 0Loads=76, 1Load=53, >1Load=20
    Bandwidth: StallLoads=94, PrefetchLoads=131, AvgLoadTime=3.57ms
    PrefetchOverlap: HiddenReady=124, HiddenWait=0, TicksSkipped=0
    MissCause: NotPresent=94, NotReadyStall=0
    PrefetchEff: Dropped=0, AlreadyCached=763, UsedBeforeEvict=124, EvictedBeforeUse=7
    GatingPredict Recall=67.79% (808/1192)
    GatingPredict Precision=90.38% (808/894)
    GatingPrefetch Delivery=67.87% (809/1192)
    GatingPrefetch Triggers=149
    Predictor TopK matches: 0=0 1=0 >=2=0
Layer 24 Cache Stats: Hits=1124, Misses=68, HitRate=94.30%
    Predictor Routed-Expert HitRate=N/A
    Loads Per Step: 0Loads=90, 1Load=51, >1Load=8
    Bandwidth: StallLoads=68, PrefetchLoads=110, AvgLoadTime=4.06ms
    PrefetchOverlap: HiddenReady=102, HiddenWait=0, TicksSkipped=0
    MissCause: NotPresent=68, NotReadyStall=0
    PrefetchEff: Dropped=0, AlreadyCached=784, UsedBeforeEvict=102, EvictedBeforeUse=8
    GatingPredict Recall=71.14% (848/1192)
    GatingPredict Precision=94.85% (848/894)
    GatingPrefetch Delivery=71.14% (848/1192)
    GatingPrefetch Triggers=149
    Predictor TopK matches: 0=0 1=0 >=2=0
Layer 25 Cache Stats: Hits=1100, Misses=92, HitRate=92.28%
    Predictor Routed-Expert HitRate=N/A
    Loads Per Step: 0Loads=80, 1Load=49, >1Load=20
    Bandwidth: StallLoads=92, PrefetchLoads=176, AvgLoadTime=3.37ms
    PrefetchOverlap: HiddenReady=164, HiddenWait=0, TicksSkipped=0
    MissCause: NotPresent=92, NotReadyStall=0
    PrefetchEff: Dropped=0, AlreadyCached=718, UsedBeforeEvict=164, EvictedBeforeUse=12
    GatingPredict Recall=68.04% (811/1192)
    GatingPredict Precision=90.72% (811/894)
    GatingPrefetch Delivery=68.04% (811/1192)
    GatingPrefetch Triggers=149
    Predictor TopK matches: 0=0 1=0 >=2=0
Layer 26 Cache Stats: Hits=1138, Misses=54, HitRate=95.47%
    Predictor Routed-Expert HitRate=N/A
    Loads Per Step: 0Loads=105, 1Load=35, >1Load=9
    Bandwidth: StallLoads=54, PrefetchLoads=123, AvgLoadTime=4.07ms
    PrefetchOverlap: HiddenReady=106, HiddenWait=0, TicksSkipped=0
    MissCause: NotPresent=54, NotReadyStall=0
    PrefetchEff: Dropped=0, AlreadyCached=771, UsedBeforeEvict=106, EvictedBeforeUse=16
    GatingPredict Recall=69.63% (830/1192)
    GatingPredict Precision=92.84% (830/894)
    GatingPrefetch Delivery=69.80% (832/1192)
    GatingPrefetch Triggers=149
    Predictor TopK matches: 0=0 1=0 >=2=0
Layer 27 Cache Stats: Hits=1149, Misses=43, HitRate=96.39%
    Predictor Routed-Expert HitRate=N/A
    Loads Per Step: 0Loads=115, 1Load=28, >1Load=6
    Bandwidth: StallLoads=43, PrefetchLoads=79, AvgLoadTime=3.95ms
    PrefetchOverlap: HiddenReady=70, HiddenWait=0, TicksSkipped=0
    MissCause: NotPresent=43, NotReadyStall=0
    PrefetchEff: Dropped=0, AlreadyCached=815, UsedBeforeEvict=70, EvictedBeforeUse=9
    GatingPredict Recall=71.90% (857/1192)
    GatingPredict Precision=95.86% (857/894)
    GatingPrefetch Delivery=71.90% (857/1192)
    GatingPrefetch Triggers=149
    Predictor TopK matches: 0=0 1=0 >=2=0
Layer 28 Cache Stats: Hits=1135, Misses=57, HitRate=95.22%
    Predictor Routed-Expert HitRate=N/A
    Loads Per Step: 0Loads=99, 1Load=43, >1Load=7
    Bandwidth: StallLoads=57, PrefetchLoads=124, AvgLoadTime=3.54ms
    PrefetchOverlap: HiddenReady=115, HiddenWait=0, TicksSkipped=0
    MissCause: NotPresent=57, NotReadyStall=0
    PrefetchEff: Dropped=0, AlreadyCached=770, UsedBeforeEvict=115, EvictedBeforeUse=9
    GatingPredict Recall=70.30% (838/1192)
    GatingPredict Precision=93.74% (838/894)
    GatingPrefetch Delivery=70.39% (839/1192)
    GatingPrefetch Triggers=149
    Predictor TopK matches: 0=0 1=0 >=2=0
Layer 29 Cache Stats: Hits=1128, Misses=64, HitRate=94.63%
    Predictor Routed-Expert HitRate=N/A
    Loads Per Step: 0Loads=96, 1Load=42, >1Load=11
    Bandwidth: StallLoads=64, PrefetchLoads=122, AvgLoadTime=3.58ms
    PrefetchOverlap: HiddenReady=117, HiddenWait=0, TicksSkipped=0
    MissCause: NotPresent=64, NotReadyStall=0
    PrefetchEff: Dropped=0, AlreadyCached=772, UsedBeforeEvict=117, EvictedBeforeUse=5
    GatingPredict Recall=70.97% (846/1192)
    GatingPredict Precision=94.63% (846/894)
    GatingPrefetch Delivery=71.06% (847/1192)
    GatingPrefetch Triggers=149
    Predictor TopK matches: 0=0 1=0 >=2=0
Layer 30 Cache Stats: Hits=1151, Misses=41, HitRate=96.56%
    Predictor Routed-Expert HitRate=N/A
    Loads Per Step: 0Loads=116, 1Load=27, >1Load=6
    Bandwidth: StallLoads=41, PrefetchLoads=70, AvgLoadTime=3.78ms
    PrefetchOverlap: HiddenReady=59, HiddenWait=0, TicksSkipped=0
    MissCause: NotPresent=41, NotReadyStall=0
    PrefetchEff: Dropped=0, AlreadyCached=824, UsedBeforeEvict=59, EvictedBeforeUse=11
    GatingPredict Recall=68.88% (821/1192)
    GatingPredict Precision=91.83% (821/894)
    GatingPrefetch Delivery=68.96% (822/1192)
    GatingPrefetch Triggers=149
    Predictor TopK matches: 0=0 1=0 >=2=0
Layer 31 Cache Stats: Hits=1161, Misses=31, HitRate=97.40%
    Predictor Routed-Expert HitRate=N/A
    Loads Per Step: 0Loads=123, 1Load=21, >1Load=5
    Bandwidth: StallLoads=31, PrefetchLoads=52, AvgLoadTime=3.86ms
    PrefetchOverlap: HiddenReady=46, HiddenWait=0, TicksSkipped=0
    MissCause: NotPresent=31, NotReadyStall=0
    PrefetchEff: Dropped=0, AlreadyCached=842, UsedBeforeEvict=46, EvictedBeforeUse=6
    GatingPredict Recall=70.47% (840/1192)
    GatingPredict Precision=93.96% (840/894)
    GatingPrefetch Delivery=70.55% (841/1192)
    GatingPrefetch Triggers=149
    Predictor TopK matches: 0=0 1=0 >=2=0
Layer 32 Cache Stats: Hits=1142, Misses=50, HitRate=95.81%
    Predictor Routed-Expert HitRate=N/A
    Loads Per Step: 0Loads=106, 1Load=36, >1Load=7
    Bandwidth: StallLoads=50, PrefetchLoads=70, AvgLoadTime=3.78ms
    PrefetchOverlap: HiddenReady=64, HiddenWait=0, TicksSkipped=0
    MissCause: NotPresent=50, NotReadyStall=0
    PrefetchEff: Dropped=0, AlreadyCached=824, UsedBeforeEvict=64, EvictedBeforeUse=4
    GatingPredict Recall=71.22% (849/1192)
    GatingPredict Precision=94.97% (849/894)
    GatingPrefetch Delivery=71.22% (849/1192)
    GatingPrefetch Triggers=149
    Predictor TopK matches: 0=0 1=0 >=2=0
Layer 33 Cache Stats: Hits=1154, Misses=38, HitRate=96.81%
    Predictor Routed-Expert HitRate=N/A
    Loads Per Step: 0Loads=114, 1Load=32, >1Load=3
    Bandwidth: StallLoads=38, PrefetchLoads=87, AvgLoadTime=3.71ms
    PrefetchOverlap: HiddenReady=75, HiddenWait=0, TicksSkipped=0
    MissCause: NotPresent=38, NotReadyStall=0
    PrefetchEff: Dropped=0, AlreadyCached=807, UsedBeforeEvict=75, EvictedBeforeUse=12
    GatingPredict Recall=70.97% (846/1192)
    GatingPredict Precision=94.63% (846/894)
    GatingPrefetch Delivery=71.06% (847/1192)
    GatingPrefetch Triggers=149
    Predictor TopK matches: 0=0 1=0 >=2=0
Layer 34 Cache Stats: Hits=1125, Misses=67, HitRate=94.38%
    Predictor Routed-Expert HitRate=N/A
    Loads Per Step: 0Loads=95, 1Load=42, >1Load=12
    Bandwidth: StallLoads=67, PrefetchLoads=108, AvgLoadTime=3.58ms
    PrefetchOverlap: HiddenReady=101, HiddenWait=0, TicksSkipped=0
    MissCause: NotPresent=67, NotReadyStall=0
    PrefetchEff: Dropped=0, AlreadyCached=786, UsedBeforeEvict=101, EvictedBeforeUse=6
    GatingPredict Recall=72.65% (866/1192)
    GatingPredict Precision=96.87% (866/894)
    GatingPrefetch Delivery=72.65% (866/1192)
    GatingPrefetch Triggers=149
    Predictor TopK matches: 0=0 1=0 >=2=0
Layer 35 Cache Stats: Hits=1109, Misses=83, HitRate=93.04%
    Predictor Routed-Expert HitRate=N/A
    Loads Per Step: 0Loads=84, 1Load=49, >1Load=16
    Bandwidth: StallLoads=83, PrefetchLoads=144, AvgLoadTime=3.40ms
    PrefetchOverlap: HiddenReady=138, HiddenWait=0, TicksSkipped=0
    MissCause: NotPresent=83, NotReadyStall=0
    PrefetchEff: Dropped=0, AlreadyCached=750, UsedBeforeEvict=138, EvictedBeforeUse=6
    GatingPredict Recall=70.72% (843/1192)
    GatingPredict Precision=94.30% (843/894)
    GatingPrefetch Delivery=70.72% (843/1192)
    GatingPrefetch Triggers=149
    Predictor TopK matches: 0=0 1=0 >=2=0
Layer 36 Cache Stats: Hits=1121, Misses=71, HitRate=94.04%
    Predictor Routed-Expert HitRate=N/A
    Loads Per Step: 0Loads=89, 1Load=50, >1Load=10
    Bandwidth: StallLoads=71, PrefetchLoads=92, AvgLoadTime=4.29ms
    PrefetchOverlap: HiddenReady=84, HiddenWait=0, TicksSkipped=0
    MissCause: NotPresent=71, NotReadyStall=0
    PrefetchEff: Dropped=0, AlreadyCached=802, UsedBeforeEvict=84, EvictedBeforeUse=7
    GatingPredict Recall=71.06% (847/1192)
    GatingPredict Precision=94.74% (847/894)
    GatingPrefetch Delivery=71.14% (848/1192)
    GatingPrefetch Triggers=149
    Predictor TopK matches: 0=0 1=0 >=2=0
Layer 37 Cache Stats: Hits=1129, Misses=63, HitRate=94.71%
    Predictor Routed-Expert HitRate=N/A
    Loads Per Step: 0Loads=97, 1Load=42, >1Load=10
    Bandwidth: StallLoads=63, PrefetchLoads=170, AvgLoadTime=3.48ms
    PrefetchOverlap: HiddenReady=162, HiddenWait=0, TicksSkipped=0
    MissCause: NotPresent=63, NotReadyStall=0
    PrefetchEff: Dropped=0, AlreadyCached=724, UsedBeforeEvict=162, EvictedBeforeUse=8
    GatingPredict Recall=71.39% (851/1192)
    GatingPredict Precision=95.19% (851/894)
    GatingPrefetch Delivery=71.39% (851/1192)
    GatingPrefetch Triggers=149
    Predictor TopK matches: 0=0 1=0 >=2=0
Layer 38 Cache Stats: Hits=1140, Misses=52, HitRate=95.64%
    Predictor Routed-Expert HitRate=N/A
    Loads Per Step: 0Loads=106, 1Load=34, >1Load=9
    Bandwidth: StallLoads=52, PrefetchLoads=129, AvgLoadTime=3.84ms
    PrefetchOverlap: HiddenReady=111, HiddenWait=0, TicksSkipped=0
    MissCause: NotPresent=52, NotReadyStall=0
    PrefetchEff: Dropped=0, AlreadyCached=765, UsedBeforeEvict=111, EvictedBeforeUse=18
    GatingPredict Recall=69.21% (825/1192)
    GatingPredict Precision=92.28% (825/894)
    GatingPrefetch Delivery=69.30% (826/1192)
    GatingPrefetch Triggers=149
    Predictor TopK matches: 0=0 1=0 >=2=0
Layer 39 Cache Stats: Hits=1133, Misses=59, HitRate=95.05%
    Predictor Routed-Expert HitRate=N/A
    Loads Per Step: 0Loads=101, 1Load=37, >1Load=11
    Bandwidth: StallLoads=59, PrefetchLoads=84, AvgLoadTime=4.11ms
    PrefetchOverlap: HiddenReady=78, HiddenWait=0, TicksSkipped=0
    MissCause: NotPresent=59, NotReadyStall=0
    PrefetchEff: Dropped=0, AlreadyCached=810, UsedBeforeEvict=78, EvictedBeforeUse=6
    GatingPredict Recall=71.48% (852/1192)
    GatingPredict Precision=95.30% (852/894)
    GatingPrefetch Delivery=71.48% (852/1192)
    GatingPrefetch Triggers=149
    Predictor TopK matches: 0=0 1=0 >=2=0
Layer 40 Cache Stats: Hits=1147, Misses=45, HitRate=96.22%
    Predictor Routed-Expert HitRate=N/A
    Loads Per Step: 0Loads=111, 1Load=32, >1Load=6
    Bandwidth: StallLoads=45, PrefetchLoads=103, AvgLoadTime=3.95ms
    PrefetchOverlap: HiddenReady=97, HiddenWait=0, TicksSkipped=0
    MissCause: NotPresent=45, NotReadyStall=0
    PrefetchEff: Dropped=0, AlreadyCached=791, UsedBeforeEvict=97, EvictedBeforeUse=6
    GatingPredict Recall=72.15% (860/1192)
    GatingPredict Precision=96.20% (860/894)
    GatingPrefetch Delivery=72.15% (860/1192)
    GatingPrefetch Triggers=149
    Predictor TopK matches: 0=0 1=0 >=2=0
Layer 41 Cache Stats: Hits=1137, Misses=55, HitRate=95.39%
    Predictor Routed-Expert HitRate=N/A
    Loads Per Step: 0Loads=104, 1Load=37, >1Load=8
    Bandwidth: StallLoads=55, PrefetchLoads=153, AvgLoadTime=3.56ms
    PrefetchOverlap: HiddenReady=145, HiddenWait=0, TicksSkipped=0
    MissCause: NotPresent=55, NotReadyStall=0
    PrefetchEff: Dropped=0, AlreadyCached=741, UsedBeforeEvict=145, EvictedBeforeUse=8
    GatingPredict Recall=71.31% (850/1192)
    GatingPredict Precision=95.08% (850/894)
    GatingPrefetch Delivery=71.39% (851/1192)
    GatingPrefetch Triggers=149
    Predictor TopK matches: 0=0 1=0 >=2=0
Layer 42 Cache Stats: Hits=1149, Misses=43, HitRate=96.39%
    Predictor Routed-Expert HitRate=N/A
    Loads Per Step: 0Loads=112, 1Load=33, >1Load=4
    Bandwidth: StallLoads=43, PrefetchLoads=129, AvgLoadTime=3.90ms
    PrefetchOverlap: HiddenReady=121, HiddenWait=0, TicksSkipped=0
    MissCause: NotPresent=43, NotReadyStall=0
    PrefetchEff: Dropped=0, AlreadyCached=765, UsedBeforeEvict=121, EvictedBeforeUse=7
    GatingPredict Recall=71.56% (853/1192)
    GatingPredict Precision=95.41% (853/894)
    GatingPrefetch Delivery=71.64% (854/1192)
    GatingPrefetch Triggers=149
    Predictor TopK matches: 0=0 1=0 >=2=0
Layer 43 Cache Stats: Hits=1155, Misses=37, HitRate=96.90%
    Predictor Routed-Expert HitRate=N/A
    Loads Per Step: 0Loads=117, 1Load=28, >1Load=4
    Bandwidth: StallLoads=37, PrefetchLoads=117, AvgLoadTime=3.52ms
    PrefetchOverlap: HiddenReady=112, HiddenWait=0, TicksSkipped=0
    MissCause: NotPresent=37, NotReadyStall=0
    PrefetchEff: Dropped=0, AlreadyCached=777, UsedBeforeEvict=112, EvictedBeforeUse=5
    GatingPredict Recall=71.48% (852/1192)
    GatingPredict Precision=95.30% (852/894)
    GatingPrefetch Delivery=71.48% (852/1192)
    GatingPrefetch Triggers=149
    Predictor TopK matches: 0=0 1=0 >=2=0
Layer 44 Cache Stats: Hits=1160, Misses=32, HitRate=97.32%
    Predictor Routed-Expert HitRate=N/A
    Loads Per Step: 0Loads=121, 1Load=24, >1Load=4
    Bandwidth: StallLoads=32, PrefetchLoads=65, AvgLoadTime=4.09ms
    PrefetchOverlap: HiddenReady=58, HiddenWait=0, TicksSkipped=0
    MissCause: NotPresent=32, NotReadyStall=0
    PrefetchEff: Dropped=0, AlreadyCached=829, UsedBeforeEvict=58, EvictedBeforeUse=6
    GatingPredict Recall=72.82% (868/1192)
    GatingPredict Precision=97.09% (868/894)
    GatingPrefetch Delivery=72.82% (868/1192)
    GatingPrefetch Triggers=149
    Predictor TopK matches: 0=0 1=0 >=2=0
Layer 45 Cache Stats: Hits=1159, Misses=33, HitRate=97.23%
    Predictor Routed-Expert HitRate=N/A
    Loads Per Step: 0Loads=121, 1Load=24, >1Load=4
    Bandwidth: StallLoads=33, PrefetchLoads=61, AvgLoadTime=3.74ms
    PrefetchOverlap: HiddenReady=59, HiddenWait=0, TicksSkipped=0
    MissCause: NotPresent=33, NotReadyStall=0
    PrefetchEff: Dropped=0, AlreadyCached=833, UsedBeforeEvict=59, EvictedBeforeUse=2
    GatingPredict Recall=73.07% (871/1192)
    GatingPredict Precision=97.43% (871/894)
    GatingPrefetch Delivery=73.07% (871/1192)
    GatingPrefetch Triggers=149
    Predictor TopK matches: 0=0 1=0 >=2=0
Layer 46 Cache Stats: Hits=1149, Misses=43, HitRate=96.39%
    Predictor Routed-Expert HitRate=N/A
    Loads Per Step: 0Loads=116, 1Load=24, >1Load=9
    Bandwidth: StallLoads=43, PrefetchLoads=120, AvgLoadTime=3.48ms
    PrefetchOverlap: HiddenReady=107, HiddenWait=0, TicksSkipped=0
    MissCause: NotPresent=43, NotReadyStall=0
    PrefetchEff: Dropped=0, AlreadyCached=774, UsedBeforeEvict=107, EvictedBeforeUse=12
    GatingPredict Recall=69.97% (834/1192)
    GatingPredict Precision=93.29% (834/894)
    GatingPrefetch Delivery=69.97% (834/1192)
    GatingPrefetch Triggers=149
    Predictor TopK matches: 0=0 1=0 >=2=0
Layer 47 Cache Stats: Hits=1122, Misses=70, HitRate=94.13%
    Predictor Routed-Expert HitRate=N/A
    Loads Per Step: 0Loads=99, 1Load=34, >1Load=16
    Bandwidth: StallLoads=70, PrefetchLoads=166, AvgLoadTime=3.30ms
    PrefetchOverlap: HiddenReady=143, HiddenWait=0, TicksSkipped=0
    MissCause: NotPresent=70, NotReadyStall=0
    PrefetchEff: Dropped=0, AlreadyCached=728, UsedBeforeEvict=143, EvictedBeforeUse=23
    GatingPredict Recall=67.95% (810/1192)
    GatingPredict Precision=90.60% (810/894)
    GatingPrefetch Delivery=68.04% (811/1192)
    GatingPrefetch Triggers=149
    Predictor TopK matches: 0=0 1=0 >=2=0
============================================================
============================================================
Initializing Qwen3 30B-A3B AWQ w4a16 quantized model...
============================================================
Loading quantized weights from QuixiAI/Qwen3-30B-A3B-AWQ...
Using saved safetensors: /home/michael/heteroPredict/py/unified_llm_w4a16/model_weights/Qwen3-30B-A3B-AWQ.safetensors
Expert weights dir: /home/michael/heteroPredict/py/unified_llm_w4a16/model_weights/Qwen3-30B-A3B-AWQ_packed  (format: packed)
Using existing attention weights in /home/michael/heteroPredict/py/unified_llm_w4a16/model_weights/Qwen3-30B-A3B-AWQ_unpacked
Weights loaded (expert dir override) in 0.30 seconds
Pre-warming expert cache with 48 experts...
Model initialized successfully!
Set expert cache policy to LRU.

Running sweep using prompts from JSON: /tmp/tmp2j3at_g8.json
Loaded 1 prompts for sweeping.

Processing Prompt 1/1...

============================================================
Generated text only:
============================================================
 new emperor , Suzong . He was captured by the rebels and held in the capital for a time . He managed to escape and joined the new emperor in the south . He was then appointed as a minor official in the court of the new emperor . However , he was soon dismissed for criticizing the emperor 's policies . He was then appointed as a minor official in the court of the new emperor . However , he was soon dismissed for criticizing the emperor 's policies . 

 In 757 , Du Fu was appointed as a minor official in the court of the new emperor . However , he was soon dismissed for criticizing the emperor 's policies . He was then appointed as a minor official in the court of the new emperor . However , he
============================================================

============================================================
Sweep Complete.
Average Time per Token: 0.298507
End-to-End TPS: 3.3500
Cache Stats: Hits=53905, Misses=3311, HitRate=94.21%
Predictor Stats: Hits=0, Total=0, HitRate=0.00%
Initializing UnifiedLLMW4A16Impl_base
Using NPU config struct.
Configuring NPU (Base):
  Heterogeneity: gpu
  GPU Count: 1
  Debug Verbosity: 1
  Dummy Weights: false
  Warmup: false
  Preload MoE: true
  Minimal PDI: true
[GPU SELECT] Free VRAM ranking: gpu0=28.00/28.00 GiB
[GPU SELECT] Selected GPUs for gpu-count=1: [0]
[GPU MAP] Single-GPU placement on gpu0
[Layer 1] cache partition: main=40 speculative=8 (fraction=0.166667)
[GatingHeuristicPredictor Layer 1] prefetch_count=8 softmax_before_topk=yes
[Layer 2] cache partition: main=40 speculative=8 (fraction=0.166667)
[GatingHeuristicPredictor Layer 2] prefetch_count=8 softmax_before_topk=yes
[Layer 3] cache partition: main=40 speculative=8 (fraction=0.166667)
[GatingHeuristicPredictor Layer 3] prefetch_count=8 softmax_before_topk=yes
[Layer 4] cache partition: main=40 speculative=8 (fraction=0.166667)
[GatingHeuristicPredictor Layer 4] prefetch_count=8 softmax_before_topk=yes
[Layer 5] cache partition: main=40 speculative=8 (fraction=0.166667)
[GatingHeuristicPredictor Layer 5] prefetch_count=8 softmax_before_topk=yes
[Layer 6] cache partition: main=40 speculative=8 (fraction=0.166667)
[GatingHeuristicPredictor Layer 6] prefetch_count=8 softmax_before_topk=yes
[Layer 7] cache partition: main=40 speculative=8 (fraction=0.166667)
[GatingHeuristicPredictor Layer 7] prefetch_count=8 softmax_before_topk=yes
[Layer 8] cache partition: main=40 speculative=8 (fraction=0.166667)
[GatingHeuristicPredictor Layer 8] prefetch_count=8 softmax_before_topk=yes
[Layer 9] cache partition: main=40 speculative=8 (fraction=0.166667)
[GatingHeuristicPredictor Layer 9] prefetch_count=8 softmax_before_topk=yes
[Layer 10] cache partition: main=40 speculative=8 (fraction=0.166667)
[GatingHeuristicPredictor Layer 10] prefetch_count=8 softmax_before_topk=yes
[Layer 11] cache partition: main=40 speculative=8 (fraction=0.166667)
[GatingHeuristicPredictor Layer 11] prefetch_count=8 softmax_before_topk=yes
[Layer 12] cache partition: main=40 speculative=8 (fraction=0.166667)
[GatingHeuristicPredictor Layer 12] prefetch_count=8 softmax_before_topk=yes
[Layer 13] cache partition: main=40 speculative=8 (fraction=0.166667)
[GatingHeuristicPredictor Layer 13] prefetch_count=8 softmax_before_topk=yes
[Layer 14] cache partition: main=40 speculative=8 (fraction=0.166667)
[GatingHeuristicPredictor Layer 14] prefetch_count=8 softmax_before_topk=yes
[Layer 15] cache partition: main=40 speculative=8 (fraction=0.166667)
[GatingHeuristicPredictor Layer 15] prefetch_count=8 softmax_before_topk=yes
[Layer 16] cache partition: main=40 speculative=8 (fraction=0.166667)
[GatingHeuristicPredictor Layer 16] prefetch_count=8 softmax_before_topk=yes
[Layer 17] cache partition: main=40 speculative=8 (fraction=0.166667)
[GatingHeuristicPredictor Layer 17] prefetch_count=8 softmax_before_topk=yes
[Layer 18] cache partition: main=40 speculative=8 (fraction=0.166667)
[GatingHeuristicPredictor Layer 18] prefetch_count=8 softmax_before_topk=yes
[Layer 19] cache partition: main=40 speculative=8 (fraction=0.166667)
[GatingHeuristicPredictor Layer 19] prefetch_count=8 softmax_before_topk=yes
[Layer 20] cache partition: main=40 speculative=8 (fraction=0.166667)
[GatingHeuristicPredictor Layer 20] prefetch_count=8 softmax_before_topk=yes
[Layer 21] cache partition: main=40 speculative=8 (fraction=0.166667)
[GatingHeuristicPredictor Layer 21] prefetch_count=8 softmax_before_topk=yes
[Layer 22] cache partition: main=40 speculative=8 (fraction=0.166667)
[GatingHeuristicPredictor Layer 22] prefetch_count=8 softmax_before_topk=yes
[Layer 23] cache partition: main=40 speculative=8 (fraction=0.166667)
[GatingHeuristicPredictor Layer 23] prefetch_count=8 softmax_before_topk=yes
[Layer 24] cache partition: main=40 speculative=8 (fraction=0.166667)
[GatingHeuristicPredictor Layer 24] prefetch_count=8 softmax_before_topk=yes
[Layer 25] cache partition: main=40 speculative=8 (fraction=0.166667)
[GatingHeuristicPredictor Layer 25] prefetch_count=8 softmax_before_topk=yes
[Layer 26] cache partition: main=40 speculative=8 (fraction=0.166667)
[GatingHeuristicPredictor Layer 26] prefetch_count=8 softmax_before_topk=yes
[Layer 27] cache partition: main=40 speculative=8 (fraction=0.166667)
[GatingHeuristicPredictor Layer 27] prefetch_count=8 softmax_before_topk=yes
[Layer 28] cache partition: main=40 speculative=8 (fraction=0.166667)
[GatingHeuristicPredictor Layer 28] prefetch_count=8 softmax_before_topk=yes
[Layer 29] cache partition: main=40 speculative=8 (fraction=0.166667)
[GatingHeuristicPredictor Layer 29] prefetch_count=8 softmax_before_topk=yes
[Layer 30] cache partition: main=40 speculative=8 (fraction=0.166667)
[GatingHeuristicPredictor Layer 30] prefetch_count=8 softmax_before_topk=yes
[Layer 31] cache partition: main=40 speculative=8 (fraction=0.166667)
[GatingHeuristicPredictor Layer 31] prefetch_count=8 softmax_before_topk=yes
[Layer 32] cache partition: main=40 speculative=8 (fraction=0.166667)
[GatingHeuristicPredictor Layer 32] prefetch_count=8 softmax_before_topk=yes
[Layer 33] cache partition: main=40 speculative=8 (fraction=0.166667)
[GatingHeuristicPredictor Layer 33] prefetch_count=8 softmax_before_topk=yes
[Layer 34] cache partition: main=40 speculative=8 (fraction=0.166667)
[GatingHeuristicPredictor Layer 34] prefetch_count=8 softmax_before_topk=yes
[Layer 35] cache partition: main=40 speculative=8 (fraction=0.166667)
[GatingHeuristicPredictor Layer 35] prefetch_count=8 softmax_before_topk=yes
[Layer 36] cache partition: main=40 speculative=8 (fraction=0.166667)
[GatingHeuristicPredictor Layer 36] prefetch_count=8 softmax_before_topk=yes
[Layer 37] cache partition: main=40 speculative=8 (fraction=0.166667)
[GatingHeuristicPredictor Layer 37] prefetch_count=8 softmax_before_topk=yes
[Layer 38] cache partition: main=40 speculative=8 (fraction=0.166667)
[GatingHeuristicPredictor Layer 38] prefetch_count=8 softmax_before_topk=yes
[Layer 39] cache partition: main=40 speculative=8 (fraction=0.166667)
[GatingHeuristicPredictor Layer 39] prefetch_count=8 softmax_before_topk=yes
[Layer 40] cache partition: main=40 speculative=8 (fraction=0.166667)
[GatingHeuristicPredictor Layer 40] prefetch_count=8 softmax_before_topk=yes
[Layer 41] cache partition: main=40 speculative=8 (fraction=0.166667)
[GatingHeuristicPredictor Layer 41] prefetch_count=8 softmax_before_topk=yes
[Layer 42] cache partition: main=40 speculative=8 (fraction=0.166667)
[GatingHeuristicPredictor Layer 42] prefetch_count=8 softmax_before_topk=yes
[Layer 43] cache partition: main=40 speculative=8 (fraction=0.166667)
[GatingHeuristicPredictor Layer 43] prefetch_count=8 softmax_before_topk=yes
[Layer 44] cache partition: main=40 speculative=8 (fraction=0.166667)
[GatingHeuristicPredictor Layer 44] prefetch_count=8 softmax_before_topk=yes
[Layer 45] cache partition: main=40 speculative=8 (fraction=0.166667)
[GatingHeuristicPredictor Layer 45] prefetch_count=8 softmax_before_topk=yes
[Layer 46] cache partition: main=40 speculative=8 (fraction=0.166667)
[GatingHeuristicPredictor Layer 46] prefetch_count=8 softmax_before_topk=yes
[Layer 47] cache partition: main=40 speculative=8 (fraction=0.166667)
[GatingHeuristicPredictor Layer 47] prefetch_count=8 softmax_before_topk=yes
UnifiedLLMW4A16 moved to device: cuda:0
Preloading MoE kernels...
MoE kernels preloaded.
UnifiedLLMW4A16 initialized on device: cuda:0 with w4a16 quantization
Loading non-quantized weights from safetensors (mmap): /home/michael/heteroPredict/py/unified_llm_w4a16/model_weights/Qwen3-30B-A3B-AWQ.safetensors
Loaded 243 non-quantized parameters, skipped 0
Loading quantized weights from bins: /home/michael/heteroPredict/py/unified_llm_w4a16/model_weights/Qwen3-30B-A3B-AWQ_unpacked
  Expert weights dir override: /home/michael/heteroPredict/py/unified_llm_w4a16/model_weights/Qwen3-30B-A3B-AWQ_packed
Pre-warming 48 experts for all layers...
Layer 0: Pre-warming 40 experts.
Layer 0: using packed expert format.
[MoE I/O] Expert weight reads require O_DIRECT (no buffered fallback).
Layer 1: Pre-warming 40 experts.
Layer 1: using packed expert format.
Layer 2: Pre-warming 40 experts.
Layer 2: using packed expert format.
Layer 3: Pre-warming 40 experts.
Layer 3: using packed expert format.
Prewarmed experts for layer 4/48
Layer 4: Pre-warming 40 experts.
Layer 4: using packed expert format.
Layer 5: Pre-warming 40 experts.
Layer 5: using packed expert format.
Layer 6: Pre-warming 40 experts.
Layer 6: using packed expert format.
Layer 7: Pre-warming 40 experts.
Layer 7: using packed expert format.
Prewarmed experts for layer 8/48
Layer 8: Pre-warming 40 experts.
Layer 8: using packed expert format.
Layer 9: Pre-warming 40 experts.
Layer 9: using packed expert format.
Layer 10: Pre-warming 40 experts.
Layer 10: using packed expert format.
Layer 11: Pre-warming 40 experts.
Layer 11: using packed expert format.
Prewarmed experts for layer 12/48
Layer 12: Pre-warming 40 experts.
Layer 12: using packed expert format.
Layer 13: Pre-warming 40 experts.
Layer 13: using packed expert format.
Layer 14: Pre-warming 40 experts.
Layer 14: using packed expert format.
Layer 15: Pre-warming 40 experts.
Layer 15: using packed expert format.
Prewarmed experts for layer 16/48
Layer 16: Pre-warming 40 experts.
Layer 16: using packed expert format.
Layer 17: Pre-warming 40 experts.
Layer 17: using packed expert format.
Layer 18: Pre-warming 40 experts.
Layer 18: using packed expert format.
Layer 19: Pre-warming 40 experts.
Layer 19: using packed expert format.
Prewarmed experts for layer 20/48
Layer 20: Pre-warming 40 experts.
Layer 20: using packed expert format.
Layer 21: Pre-warming 40 experts.
Layer 21: using packed expert format.
Layer 22: Pre-warming 40 experts.
Layer 22: using packed expert format.
Layer 23: Pre-warming 40 experts.
Layer 23: using packed expert format.
Prewarmed experts for layer 24/48
Layer 24: Pre-warming 40 experts.
Layer 24: using packed expert format.
Layer 25: Pre-warming 40 experts.
Layer 25: using packed expert format.
Layer 26: Pre-warming 40 experts.
Layer 26: using packed expert format.
Layer 27: Pre-warming 40 experts.
Layer 27: using packed expert format.
Prewarmed experts for layer 28/48
Layer 28: Pre-warming 40 experts.
Layer 28: using packed expert format.
Layer 29: Pre-warming 40 experts.
Layer 29: using packed expert format.
Layer 30: Pre-warming 40 experts.
Layer 30: using packed expert format.
Layer 31: Pre-warming 40 experts.
Layer 31: using packed expert format.
Prewarmed experts for layer 32/48
Layer 32: Pre-warming 40 experts.
Layer 32: using packed expert format.
Layer 33: Pre-warming 40 experts.
Layer 33: using packed expert format.
Layer 34: Pre-warming 40 experts.
Layer 34: using packed expert format.
Layer 35: Pre-warming 40 experts.
Layer 35: using packed expert format.
Prewarmed experts for layer 36/48
Layer 36: Pre-warming 40 experts.
Layer 36: using packed expert format.
Layer 37: Pre-warming 40 experts.
Layer 37: using packed expert format.
Layer 38: Pre-warming 40 experts.
Layer 38: using packed expert format.
Layer 39: Pre-warming 40 experts.
Layer 39: using packed expert format.
Prewarmed experts for layer 40/48
Layer 40: Pre-warming 40 experts.
Layer 40: using packed expert format.
Layer 41: Pre-warming 40 experts.
Layer 41: using packed expert format.
Layer 42: Pre-warming 40 experts.
Layer 42: using packed expert format.
Layer 43: Pre-warming 40 experts.
Layer 43: using packed expert format.
Prewarmed experts for layer 44/48
Layer 44: Pre-warming 40 experts.
Layer 44: using packed expert format.
Layer 45: Pre-warming 40 experts.
Layer 45: using packed expert format.
Layer 46: Pre-warming 40 experts.
Layer 46: using packed expert format.
Layer 47: Pre-warming 40 experts.
Layer 47: using packed expert format.
Prewarmed experts for layer 48/48
Libtorch input_ids shape: [1, 512]
Skipping warmup.
Prefill time: 17.0068 seconds
Generation phase
[Layer 0 Step 0 Debug] Slots before check: 125 126 127 87 88 89 90 91 92 93 94 95 96 97 98 99 100 101 102 103 104 105 106 107 108 109 110 111 112 114 115 116 117 118 119 120 121 122 123 124 -1 -1 -1 -1 -1 -1 -1 -1 
[Layer 0 Step 0 Debug] Requested: 75 122 82 91 33 64 28 89 
[gen 5/149] elapsed=1.6s  TPS=3.139
[gen 10/149] elapsed=3.0s  TPS=3.288
[gen 15/149] elapsed=4.2s  TPS=3.559
[gen 20/149] elapsed=5.4s  TPS=3.676
[gen 25/149] elapsed=7.4s  TPS=3.390
[gen 30/149] elapsed=9.5s  TPS=3.174
[gen 35/149] elapsed=11.8s  TPS=2.970
[gen 40/149] elapsed=14.0s  TPS=2.857
[gen 45/149] elapsed=16.1s  TPS=2.804
[gen 50/149] elapsed=18.3s  TPS=2.734
[gen 55/149] elapsed=20.2s  TPS=2.724
[gen 60/149] elapsed=22.1s  TPS=2.717
[gen 65/149] elapsed=24.0s  TPS=2.706
[gen 70/149] elapsed=25.8s  TPS=2.717
[gen 75/149] elapsed=27.8s  TPS=2.693
[gen 80/149] elapsed=29.5s  TPS=2.713
[gen 85/149] elapsed=31.5s  TPS=2.696
[gen 90/149] elapsed=33.6s  TPS=2.675
[gen 95/149] elapsed=35.5s  TPS=2.680
[gen 100/149] elapsed=37.0s  TPS=2.700
[gen 105/149] elapsed=39.1s  TPS=2.689
[gen 110/149] elapsed=40.5s  TPS=2.718
[gen 115/149] elapsed=42.1s  TPS=2.730
[gen 120/149] elapsed=44.0s  TPS=2.726
[gen 125/149] elapsed=45.6s  TPS=2.739
[gen 130/149] elapsed=47.2s  TPS=2.755
[gen 135/149] elapsed=48.9s  TPS=2.760
[gen 140/149] elapsed=49.9s  TPS=2.805
[gen 145/149] elapsed=51.0s  TPS=2.841
Prefill time (summary): 17.007 seconds
Total Generation Time: 51.995 seconds
Average Time per Token: 0.348962 seconds

Expert Cache Statistics:
Layer 0 Cache Stats: Hits=662, Misses=530, HitRate=55.54%
    Predictor Routed-Expert HitRate=N/A
    Loads Per Step: 0Loads=20, 1Load=17, >1Load=112
    Bandwidth: StallLoads=530, PrefetchLoads=0, AvgLoadTime=4.59ms
    MissCause: NotPresent=530, NotReadyStall=0
    GlobalSpecLoad: PeakConcurrent=2
    Predictor TopK matches: 0=0 1=0 >=2=0
Layer 1 Cache Stats: Hits=1028, Misses=164, HitRate=86.24%
    Predictor Routed-Expert HitRate=N/A
    Loads Per Step: 0Loads=46, 1Load=61, >1Load=42
    Bandwidth: StallLoads=164, PrefetchLoads=365, AvgLoadTime=7.06ms
    PrefetchOverlap: HiddenReady=234, HiddenWait=0, TicksSkipped=0
    MissCause: NotPresent=164, NotReadyStall=0
    PrefetchEff: Dropped=0, AlreadyCached=827, UsedBeforeEvict=234, EvictedBeforeUse=126
    GatingPredict Recall=58.64% (699/1192)
    GatingPredict Precision=58.64% (699/1192)
    GatingPrefetch Delivery=58.89% (702/1192)
    GatingPrefetch Triggers=149
    Predictor TopK matches: 0=0 1=0 >=2=0
Layer 2 Cache Stats: Hits=1142, Misses=50, HitRate=95.81%
    Predictor Routed-Expert HitRate=N/A
    Loads Per Step: 0Loads=109, 1Load=33, >1Load=7
    Bandwidth: StallLoads=50, PrefetchLoads=257, AvgLoadTime=6.45ms
    PrefetchOverlap: HiddenReady=153, HiddenWait=0, TicksSkipped=0
    MissCause: NotPresent=50, NotReadyStall=0
    PrefetchEff: Dropped=0, AlreadyCached=935, UsedBeforeEvict=153, EvictedBeforeUse=98
    GatingPredict Recall=71.64% (854/1192)
    GatingPredict Precision=71.64% (854/1192)
    GatingPrefetch Delivery=71.81% (856/1192)
    GatingPrefetch Triggers=149
    Predictor TopK matches: 0=0 1=0 >=2=0
Layer 3 Cache Stats: Hits=1068, Misses=124, HitRate=89.60%
    Predictor Routed-Expert HitRate=N/A
    Loads Per Step: 0Loads=68, 1Load=48, >1Load=33
    Bandwidth: StallLoads=124, PrefetchLoads=321, AvgLoadTime=6.19ms
    PrefetchOverlap: HiddenReady=208, HiddenWait=0, TicksSkipped=0
    MissCause: NotPresent=124, NotReadyStall=0
    PrefetchEff: Dropped=0, AlreadyCached=871, UsedBeforeEvict=208, EvictedBeforeUse=112
    GatingPredict Recall=65.10% (776/1192)
    GatingPredict Precision=65.10% (776/1192)
    GatingPrefetch Delivery=65.44% (780/1192)
    GatingPrefetch Triggers=149
    Predictor TopK matches: 0=0 1=0 >=2=0
Layer 4 Cache Stats: Hits=1111, Misses=81, HitRate=93.20%
    Predictor Routed-Expert HitRate=N/A
    Loads Per Step: 0Loads=87, 1Load=47, >1Load=15
    Bandwidth: StallLoads=81, PrefetchLoads=201, AvgLoadTime=8.06ms
    PrefetchOverlap: HiddenReady=132, HiddenWait=0, TicksSkipped=0
    MissCause: NotPresent=81, NotReadyStall=0
    PrefetchEff: Dropped=0, AlreadyCached=991, UsedBeforeEvict=132, EvictedBeforeUse=65
    GatingPredict Recall=71.39% (851/1192)
    GatingPredict Precision=71.39% (851/1192)
    GatingPrefetch Delivery=71.90% (857/1192)
    GatingPrefetch Triggers=149
    Predictor TopK matches: 0=0 1=0 >=2=0
Layer 5 Cache Stats: Hits=1151, Misses=41, HitRate=96.56%
    Predictor Routed-Expert HitRate=N/A
    Loads Per Step: 0Loads=113, 1Load=31, >1Load=5
    Bandwidth: StallLoads=41, PrefetchLoads=195, AvgLoadTime=7.12ms
    PrefetchOverlap: HiddenReady=147, HiddenWait=0, TicksSkipped=0
    MissCause: NotPresent=41, NotReadyStall=0
    PrefetchEff: Dropped=0, AlreadyCached=997, UsedBeforeEvict=147, EvictedBeforeUse=45
    GatingPredict Recall=80.45% (959/1192)
    GatingPredict Precision=80.45% (959/1192)
    GatingPrefetch Delivery=80.62% (961/1192)
    GatingPrefetch Triggers=149
    Predictor TopK matches: 0=0 1=0 >=2=0
Layer 6 Cache Stats: Hits=1163, Misses=29, HitRate=97.57%
    Predictor Routed-Expert HitRate=N/A
    Loads Per Step: 0Loads=125, 1Load=19, >1Load=5
    Bandwidth: StallLoads=29, PrefetchLoads=117, AvgLoadTime=7.69ms
    PrefetchOverlap: HiddenReady=66, HiddenWait=0, TicksSkipped=0
    MissCause: NotPresent=29, NotReadyStall=0
    PrefetchEff: Dropped=0, AlreadyCached=1075, UsedBeforeEvict=66, EvictedBeforeUse=49
    GatingPredict Recall=75.17% (896/1192)
    GatingPredict Precision=75.17% (896/1192)
    GatingPrefetch Delivery=75.17% (896/1192)
    GatingPrefetch Triggers=149
    Predictor TopK matches: 0=0 1=0 >=2=0
Layer 7 Cache Stats: Hits=1174, Misses=18, HitRate=98.49%
    Predictor Routed-Expert HitRate=N/A
    Loads Per Step: 0Loads=131, 1Load=18, >1Load=0
    Bandwidth: StallLoads=18, PrefetchLoads=93, AvgLoadTime=7.94ms
    PrefetchOverlap: HiddenReady=70, HiddenWait=0, TicksSkipped=0
    MissCause: NotPresent=18, NotReadyStall=0
    PrefetchEff: Dropped=0, AlreadyCached=1099, UsedBeforeEvict=70, EvictedBeforeUse=21
    GatingPredict Recall=82.55% (984/1192)
    GatingPredict Precision=82.55% (984/1192)
    GatingPrefetch Delivery=82.55% (984/1192)
    GatingPrefetch Triggers=149
    Predictor TopK matches: 0=0 1=0 >=2=0
Layer 8 Cache Stats: Hits=1155, Misses=37, HitRate=96.90%
    Predictor Routed-Expert HitRate=N/A
    Loads Per Step: 0Loads=118, 1Load=25, >1Load=6
    Bandwidth: StallLoads=37, PrefetchLoads=122, AvgLoadTime=7.22ms
    PrefetchOverlap: HiddenReady=95, HiddenWait=0, TicksSkipped=0
    MissCause: NotPresent=37, NotReadyStall=0
    PrefetchEff: Dropped=0, AlreadyCached=1070, UsedBeforeEvict=95, EvictedBeforeUse=26
    GatingPredict Recall=81.80% (975/1192)
    GatingPredict Precision=81.80% (975/1192)
    GatingPrefetch Delivery=81.96% (977/1192)
    GatingPrefetch Triggers=149
    Predictor TopK matches: 0=0 1=0 >=2=0
Layer 9 Cache Stats: Hits=1174, Misses=18, HitRate=98.49%
    Predictor Routed-Expert HitRate=N/A
    Loads Per Step: 0Loads=132, 1Load=16, >1Load=1
    Bandwidth: StallLoads=18, PrefetchLoads=114, AvgLoadTime=8.38ms
    PrefetchOverlap: HiddenReady=89, HiddenWait=0, TicksSkipped=0
    MissCause: NotPresent=18, NotReadyStall=0
    PrefetchEff: Dropped=0, AlreadyCached=1078, UsedBeforeEvict=89, EvictedBeforeUse=22
    GatingPredict Recall=84.40% (1006/1192)
    GatingPredict Precision=84.40% (1006/1192)
    GatingPrefetch Delivery=84.40% (1006/1192)
    GatingPrefetch Triggers=149
    Predictor TopK matches: 0=0 1=0 >=2=0
Layer 10 Cache Stats: Hits=1140, Misses=52, HitRate=95.64%
    Predictor Routed-Expert HitRate=N/A
    Loads Per Step: 0Loads=104, 1Load=39, >1Load=6
    Bandwidth: StallLoads=52, PrefetchLoads=192, AvgLoadTime=6.99ms
    PrefetchOverlap: HiddenReady=166, HiddenWait=0, TicksSkipped=0
    MissCause: NotPresent=52, NotReadyStall=0
    PrefetchEff: Dropped=0, AlreadyCached=1000, UsedBeforeEvict=166, EvictedBeforeUse=24
    GatingPredict Recall=84.23% (1004/1192)
    GatingPredict Precision=84.23% (1004/1192)
    GatingPrefetch Delivery=84.40% (1006/1192)
    GatingPrefetch Triggers=149
    Predictor TopK matches: 0=0 1=0 >=2=0
Layer 11 Cache Stats: Hits=1144, Misses=48, HitRate=95.97%
    Predictor Routed-Expert HitRate=N/A
    Loads Per Step: 0Loads=106, 1Load=38, >1Load=5
    Bandwidth: StallLoads=48, PrefetchLoads=191, AvgLoadTime=6.91ms
    PrefetchOverlap: HiddenReady=153, HiddenWait=0, TicksSkipped=0
    MissCause: NotPresent=48, NotReadyStall=0
    PrefetchEff: Dropped=0, AlreadyCached=1001, UsedBeforeEvict=153, EvictedBeforeUse=36
    GatingPredict Recall=82.63% (985/1192)
    GatingPredict Precision=82.63% (985/1192)
    GatingPrefetch Delivery=82.72% (986/1192)
    GatingPrefetch Triggers=149
    Predictor TopK matches: 0=0 1=0 >=2=0
Layer 12 Cache Stats: Hits=1157, Misses=35, HitRate=97.06%
    Predictor Routed-Expert HitRate=N/A
    Loads Per Step: 0Loads=117, 1Load=29, >1Load=3
    Bandwidth: StallLoads=35, PrefetchLoads=155, AvgLoadTime=7.46ms
    PrefetchOverlap: HiddenReady=122, HiddenWait=0, TicksSkipped=0
    MissCause: NotPresent=35, NotReadyStall=0
    PrefetchEff: Dropped=0, AlreadyCached=1037, UsedBeforeEvict=122, EvictedBeforeUse=32
    GatingPredict Recall=82.80% (987/1192)
    GatingPredict Precision=82.80% (987/1192)
    GatingPrefetch Delivery=82.80% (987/1192)
    GatingPrefetch Triggers=149
    Predictor TopK matches: 0=0 1=0 >=2=0
Layer 13 Cache Stats: Hits=1149, Misses=43, HitRate=96.39%
    Predictor Routed-Expert HitRate=N/A
    Loads Per Step: 0Loads=109, 1Load=37, >1Load=3
    Bandwidth: StallLoads=43, PrefetchLoads=195, AvgLoadTime=7.14ms
    PrefetchOverlap: HiddenReady=161, HiddenWait=0, TicksSkipped=0
    MissCause: NotPresent=43, NotReadyStall=0
    PrefetchEff: Dropped=0, AlreadyCached=997, UsedBeforeEvict=161, EvictedBeforeUse=34
    GatingPredict Recall=81.04% (966/1192)
    GatingPredict Precision=81.04% (966/1192)
    GatingPrefetch Delivery=81.12% (967/1192)
    GatingPrefetch Triggers=149
    Predictor TopK matches: 0=0 1=0 >=2=0
Layer 14 Cache Stats: Hits=1160, Misses=32, HitRate=97.32%
    Predictor Routed-Expert HitRate=N/A
    Loads Per Step: 0Loads=120, 1Load=26, >1Load=3
    Bandwidth: StallLoads=32, PrefetchLoads=134, AvgLoadTime=7.31ms
    PrefetchOverlap: HiddenReady=108, HiddenWait=0, TicksSkipped=0
    MissCause: NotPresent=32, NotReadyStall=0
    PrefetchEff: Dropped=0, AlreadyCached=1058, UsedBeforeEvict=108, EvictedBeforeUse=24
    GatingPredict Recall=82.55% (984/1192)
    GatingPredict Precision=82.55% (984/1192)
    GatingPrefetch Delivery=82.55% (984/1192)
    GatingPrefetch Triggers=149
    Predictor TopK matches: 0=0 1=0 >=2=0
Layer 15 Cache Stats: Hits=1169, Misses=23, HitRate=98.07%
    Predictor Routed-Expert HitRate=N/A
    Loads Per Step: 0Loads=127, 1Load=21, >1Load=1
    Bandwidth: StallLoads=23, PrefetchLoads=120, AvgLoadTime=7.68ms
    PrefetchOverlap: HiddenReady=97, HiddenWait=0, TicksSkipped=0
    MissCause: NotPresent=23, NotReadyStall=0
    PrefetchEff: Dropped=0, AlreadyCached=1072, UsedBeforeEvict=97, EvictedBeforeUse=23
    GatingPredict Recall=85.99% (1025/1192)
    GatingPredict Precision=85.99% (1025/1192)
    GatingPrefetch Delivery=86.16% (1027/1192)
    GatingPrefetch Triggers=149
    Predictor TopK matches: 0=0 1=0 >=2=0
Layer 16 Cache Stats: Hits=1167, Misses=25, HitRate=97.90%
    Predictor Routed-Expert HitRate=N/A
    Loads Per Step: 0Loads=125, 1Load=23, >1Load=1
    Bandwidth: StallLoads=25, PrefetchLoads=127, AvgLoadTime=8.14ms
    PrefetchOverlap: HiddenReady=106, HiddenWait=0, TicksSkipped=0
    MissCause: NotPresent=25, NotReadyStall=0
    PrefetchEff: Dropped=0, AlreadyCached=1065, UsedBeforeEvict=106, EvictedBeforeUse=19
    GatingPredict Recall=83.31% (993/1192)
    GatingPredict Precision=83.31% (993/1192)
    GatingPrefetch Delivery=83.39% (994/1192)
    GatingPrefetch Triggers=149
    Predictor TopK matches: 0=0 1=0 >=2=0
Layer 17 Cache Stats: Hits=1169, Misses=23, HitRate=98.07%
    Predictor Routed-Expert HitRate=N/A
    Loads Per Step: 0Loads=127, 1Load=21, >1Load=1
    Bandwidth: StallLoads=23, PrefetchLoads=152, AvgLoadTime=7.33ms
    PrefetchOverlap: HiddenReady=127, HiddenWait=0, TicksSkipped=0
    MissCause: NotPresent=23, NotReadyStall=0
    PrefetchEff: Dropped=0, AlreadyCached=1040, UsedBeforeEvict=127, EvictedBeforeUse=23
    GatingPredict Recall=85.40% (1018/1192)
    GatingPredict Precision=85.40% (1018/1192)
    GatingPrefetch Delivery=85.40% (1018/1192)
    GatingPrefetch Triggers=149
    Predictor TopK matches: 0=0 1=0 >=2=0
Layer 18 Cache Stats: Hits=1178, Misses=14, HitRate=98.83%
    Predictor Routed-Expert HitRate=N/A
    Loads Per Step: 0Loads=136, 1Load=12, >1Load=1
    Bandwidth: StallLoads=14, PrefetchLoads=82, AvgLoadTime=7.34ms
    PrefetchOverlap: HiddenReady=63, HiddenWait=0, TicksSkipped=0
    MissCause: NotPresent=14, NotReadyStall=0
    PrefetchEff: Dropped=0, AlreadyCached=1110, UsedBeforeEvict=63, EvictedBeforeUse=19
    GatingPredict Recall=85.49% (1019/1192)
    GatingPredict Precision=85.49% (1019/1192)
    GatingPrefetch Delivery=85.49% (1019/1192)
    GatingPrefetch Triggers=149
    Predictor TopK matches: 0=0 1=0 >=2=0
Layer 19 Cache Stats: Hits=1182, Misses=10, HitRate=99.16%
    Predictor Routed-Expert HitRate=N/A
    Loads Per Step: 0Loads=139, 1Load=10, >1Load=0
    Bandwidth: StallLoads=10, PrefetchLoads=53, AvgLoadTime=7.28ms
    PrefetchOverlap: HiddenReady=43, HiddenWait=0, TicksSkipped=0
    MissCause: NotPresent=10, NotReadyStall=0
    PrefetchEff: Dropped=0, AlreadyCached=1139, UsedBeforeEvict=43, EvictedBeforeUse=9
    GatingPredict Recall=84.65% (1009/1192)
    GatingPredict Precision=84.65% (1009/1192)
    GatingPrefetch Delivery=84.73% (1010/1192)
    GatingPrefetch Triggers=149
    Predictor TopK matches: 0=0 1=0 >=2=0
Layer 20 Cache Stats: Hits=1170, Misses=22, HitRate=98.15%
    Predictor Routed-Expert HitRate=N/A
    Loads Per Step: 0Loads=130, 1Load=17, >1Load=2
    Bandwidth: StallLoads=22, PrefetchLoads=62, AvgLoadTime=6.92ms
    PrefetchOverlap: HiddenReady=45, HiddenWait=0, TicksSkipped=0
    MissCause: NotPresent=22, NotReadyStall=0
    PrefetchEff: Dropped=0, AlreadyCached=1130, UsedBeforeEvict=45, EvictedBeforeUse=15
    GatingPredict Recall=85.57% (1020/1192)
    GatingPredict Precision=85.57% (1020/1192)
    GatingPrefetch Delivery=85.74% (1022/1192)
    GatingPrefetch Triggers=149
    Predictor TopK matches: 0=0 1=0 >=2=0
Layer 21 Cache Stats: Hits=1171, Misses=21, HitRate=98.24%
    Predictor Routed-Expert HitRate=N/A
    Loads Per Step: 0Loads=128, 1Load=21, >1Load=0
    Bandwidth: StallLoads=21, PrefetchLoads=88, AvgLoadTime=7.91ms
    PrefetchOverlap: HiddenReady=72, HiddenWait=0, TicksSkipped=0
    MissCause: NotPresent=21, NotReadyStall=0
    PrefetchEff: Dropped=0, AlreadyCached=1104, UsedBeforeEvict=72, EvictedBeforeUse=13
    GatingPredict Recall=87.84% (1047/1192)
    GatingPredict Precision=87.84% (1047/1192)
    GatingPrefetch Delivery=87.84% (1047/1192)
    GatingPrefetch Triggers=149
    Predictor TopK matches: 0=0 1=0 >=2=0
Layer 22 Cache Stats: Hits=1162, Misses=30, HitRate=97.48%
    Predictor Routed-Expert HitRate=N/A
    Loads Per Step: 0Loads=123, 1Load=23, >1Load=3
    Bandwidth: StallLoads=30, PrefetchLoads=166, AvgLoadTime=7.36ms
    PrefetchOverlap: HiddenReady=128, HiddenWait=0, TicksSkipped=0
    MissCause: NotPresent=30, NotReadyStall=0
    PrefetchEff: Dropped=0, AlreadyCached=1026, UsedBeforeEvict=128, EvictedBeforeUse=38
    GatingPredict Recall=81.54% (972/1192)
    GatingPredict Precision=81.54% (972/1192)
    GatingPrefetch Delivery=81.54% (972/1192)
    GatingPrefetch Triggers=149
    Predictor TopK matches: 0=0 1=0 >=2=0
Layer 23 Cache Stats: Hits=1141, Misses=51, HitRate=95.72%
    Predictor Routed-Expert HitRate=N/A
    Loads Per Step: 0Loads=108, 1Load=32, >1Load=9
    Bandwidth: StallLoads=51, PrefetchLoads=177, AvgLoadTime=6.69ms
    PrefetchOverlap: HiddenReady=141, HiddenWait=0, TicksSkipped=0
    MissCause: NotPresent=51, NotReadyStall=0
    PrefetchEff: Dropped=0, AlreadyCached=1015, UsedBeforeEvict=141, EvictedBeforeUse=35
    GatingPredict Recall=80.54% (960/1192)
    GatingPredict Precision=80.54% (960/1192)
    GatingPrefetch Delivery=80.54% (960/1192)
    GatingPrefetch Triggers=149
    Predictor TopK matches: 0=0 1=0 >=2=0
Layer 24 Cache Stats: Hits=1148, Misses=44, HitRate=96.31%
    Predictor Routed-Expert HitRate=N/A
    Loads Per Step: 0Loads=111, 1Load=34, >1Load=4
    Bandwidth: StallLoads=44, PrefetchLoads=181, AvgLoadTime=7.45ms
    PrefetchOverlap: HiddenReady=151, HiddenWait=0, TicksSkipped=0
    MissCause: NotPresent=44, NotReadyStall=0
    PrefetchEff: Dropped=0, AlreadyCached=1011, UsedBeforeEvict=151, EvictedBeforeUse=29
    GatingPredict Recall=82.21% (980/1192)
    GatingPredict Precision=82.21% (980/1192)
    GatingPrefetch Delivery=82.38% (982/1192)
    GatingPrefetch Triggers=149
    Predictor TopK matches: 0=0 1=0 >=2=0
Layer 25 Cache Stats: Hits=1130, Misses=62, HitRate=94.80%
    Predictor Routed-Expert HitRate=N/A
    Loads Per Step: 0Loads=96, 1Load=44, >1Load=9
    Bandwidth: StallLoads=62, PrefetchLoads=215, AvgLoadTime=7.11ms
    PrefetchOverlap: HiddenReady=166, HiddenWait=0, TicksSkipped=0
    MissCause: NotPresent=62, NotReadyStall=0
    PrefetchEff: Dropped=0, AlreadyCached=977, UsedBeforeEvict=166, EvictedBeforeUse=48
    GatingPredict Recall=81.04% (966/1192)
    GatingPredict Precision=81.04% (966/1192)
    GatingPrefetch Delivery=81.29% (969/1192)
    GatingPrefetch Triggers=149
    Predictor TopK matches: 0=0 1=0 >=2=0
Layer 26 Cache Stats: Hits=1140, Misses=52, HitRate=95.64%
    Predictor Routed-Expert HitRate=N/A
    Loads Per Step: 0Loads=104, 1Load=38, >1Load=7
    Bandwidth: StallLoads=52, PrefetchLoads=203, AvgLoadTime=7.32ms
    PrefetchOverlap: HiddenReady=141, HiddenWait=0, TicksSkipped=0
    MissCause: NotPresent=52, NotReadyStall=0
    PrefetchEff: Dropped=0, AlreadyCached=989, UsedBeforeEvict=141, EvictedBeforeUse=60
    GatingPredict Recall=79.19% (944/1192)
    GatingPredict Precision=79.19% (944/1192)
    GatingPrefetch Delivery=79.28% (945/1192)
    GatingPrefetch Triggers=149
    Predictor TopK matches: 0=0 1=0 >=2=0
Layer 27 Cache Stats: Hits=1154, Misses=38, HitRate=96.81%
    Predictor Routed-Expert HitRate=N/A
    Loads Per Step: 0Loads=115, 1Load=31, >1Load=3
    Bandwidth: StallLoads=38, PrefetchLoads=151, AvgLoadTime=7.61ms
    PrefetchOverlap: HiddenReady=115, HiddenWait=0, TicksSkipped=0
    MissCause: NotPresent=38, NotReadyStall=0
    PrefetchEff: Dropped=0, AlreadyCached=1041, UsedBeforeEvict=115, EvictedBeforeUse=35
    GatingPredict Recall=84.48% (1007/1192)
    GatingPredict Precision=84.48% (1007/1192)
    GatingPrefetch Delivery=84.56% (1008/1192)
    GatingPrefetch Triggers=149
    Predictor TopK matches: 0=0 1=0 >=2=0
Layer 28 Cache Stats: Hits=1166, Misses=26, HitRate=97.82%
    Predictor Routed-Expert HitRate=N/A
    Loads Per Step: 0Loads=124, 1Load=24, >1Load=1
    Bandwidth: StallLoads=26, PrefetchLoads=179, AvgLoadTime=7.17ms
    PrefetchOverlap: HiddenReady=147, HiddenWait=0, TicksSkipped=0
    MissCause: NotPresent=26, NotReadyStall=0
    PrefetchEff: Dropped=0, AlreadyCached=1013, UsedBeforeEvict=147, EvictedBeforeUse=30
    GatingPredict Recall=84.31% (1005/1192)
    GatingPredict Precision=84.31% (1005/1192)
    GatingPrefetch Delivery=84.40% (1006/1192)
    GatingPrefetch Triggers=149
    Predictor TopK matches: 0=0 1=0 >=2=0
Layer 29 Cache Stats: Hits=1150, Misses=42, HitRate=96.48%
    Predictor Routed-Expert HitRate=N/A
    Loads Per Step: 0Loads=110, 1Load=36, >1Load=3
    Bandwidth: StallLoads=42, PrefetchLoads=191, AvgLoadTime=6.84ms
    PrefetchOverlap: HiddenReady=164, HiddenWait=0, TicksSkipped=0
    MissCause: NotPresent=42, NotReadyStall=0
    PrefetchEff: Dropped=0, AlreadyCached=1001, UsedBeforeEvict=164, EvictedBeforeUse=27
    GatingPredict Recall=81.46% (971/1192)
    GatingPredict Precision=81.46% (971/1192)
    GatingPrefetch Delivery=81.63% (973/1192)
    GatingPrefetch Triggers=149
    Predictor TopK matches: 0=0 1=0 >=2=0
Layer 30 Cache Stats: Hits=1168, Misses=24, HitRate=97.99%
    Predictor Routed-Expert HitRate=N/A
    Loads Per Step: 0Loads=125, 1Load=24, >1Load=0
    Bandwidth: StallLoads=24, PrefetchLoads=77, AvgLoadTime=8.21ms
    PrefetchOverlap: HiddenReady=58, HiddenWait=0, TicksSkipped=0
    MissCause: NotPresent=24, NotReadyStall=0
    PrefetchEff: Dropped=0, AlreadyCached=1115, UsedBeforeEvict=58, EvictedBeforeUse=17
    GatingPredict Recall=86.58% (1032/1192)
    GatingPredict Precision=86.58% (1032/1192)
    GatingPrefetch Delivery=86.66% (1033/1192)
    GatingPrefetch Triggers=149
    Predictor TopK matches: 0=0 1=0 >=2=0
Layer 31 Cache Stats: Hits=1169, Misses=23, HitRate=98.07%
    Predictor Routed-Expert HitRate=N/A
    Loads Per Step: 0Loads=129, 1Load=17, >1Load=3
    Bandwidth: StallLoads=23, PrefetchLoads=85, AvgLoadTime=8.99ms
    PrefetchOverlap: HiddenReady=72, HiddenWait=0, TicksSkipped=0
    MissCause: NotPresent=23, NotReadyStall=0
    PrefetchEff: Dropped=0, AlreadyCached=1107, UsedBeforeEvict=72, EvictedBeforeUse=13
    GatingPredict Recall=86.91% (1036/1192)
    GatingPredict Precision=86.91% (1036/1192)
    GatingPrefetch Delivery=87.08% (1038/1192)
    GatingPrefetch Triggers=149
    Predictor TopK matches: 0=0 1=0 >=2=0
Layer 32 Cache Stats: Hits=1159, Misses=33, HitRate=97.23%
    Predictor Routed-Expert HitRate=N/A
    Loads Per Step: 0Loads=119, 1Load=27, >1Load=3
    Bandwidth: StallLoads=33, PrefetchLoads=137, AvgLoadTime=6.72ms
    PrefetchOverlap: HiddenReady=123, HiddenWait=0, TicksSkipped=0
    MissCause: NotPresent=33, NotReadyStall=0
    PrefetchEff: Dropped=0, AlreadyCached=1055, UsedBeforeEvict=123, EvictedBeforeUse=14
    GatingPredict Recall=86.91% (1036/1192)
    GatingPredict Precision=86.91% (1036/1192)
    GatingPrefetch Delivery=87.08% (1038/1192)
    GatingPrefetch Triggers=149
    Predictor TopK matches: 0=0 1=0 >=2=0
Layer 33 Cache Stats: Hits=1167, Misses=25, HitRate=97.90%
    Predictor Routed-Expert HitRate=N/A
    Loads Per Step: 0Loads=126, 1Load=21, >1Load=2
    Bandwidth: StallLoads=25, PrefetchLoads=135, AvgLoadTime=8.02ms
    PrefetchOverlap: HiddenReady=109, HiddenWait=0, TicksSkipped=0
    MissCause: NotPresent=25, NotReadyStall=0
    PrefetchEff: Dropped=0, AlreadyCached=1057, UsedBeforeEvict=109, EvictedBeforeUse=25
    GatingPredict Recall=86.41% (1030/1192)
    GatingPredict Precision=86.41% (1030/1192)
    GatingPrefetch Delivery=86.49% (1031/1192)
    GatingPrefetch Triggers=149
    Predictor TopK matches: 0=0 1=0 >=2=0
Layer 34 Cache Stats: Hits=1159, Misses=33, HitRate=97.23%
    Predictor Routed-Expert HitRate=N/A
    Loads Per Step: 0Loads=123, 1Load=20, >1Load=6
    Bandwidth: StallLoads=33, PrefetchLoads=242, AvgLoadTime=6.66ms
    PrefetchOverlap: HiddenReady=201, HiddenWait=0, TicksSkipped=0
    MissCause: NotPresent=33, NotReadyStall=0
    PrefetchEff: Dropped=0, AlreadyCached=950, UsedBeforeEvict=201, EvictedBeforeUse=40
    GatingPredict Recall=87.42% (1042/1192)
    GatingPredict Precision=87.42% (1042/1192)
    GatingPrefetch Delivery=87.42% (1042/1192)
    GatingPrefetch Triggers=149
    Predictor TopK matches: 0=0 1=0 >=2=0
Layer 35 Cache Stats: Hits=1154, Misses=38, HitRate=96.81%
    Predictor Routed-Expert HitRate=N/A
    Loads Per Step: 0Loads=114, 1Load=32, >1Load=3
    Bandwidth: StallLoads=38, PrefetchLoads=245, AvgLoadTime=6.48ms
    PrefetchOverlap: HiddenReady=205, HiddenWait=0, TicksSkipped=0
    MissCause: NotPresent=38, NotReadyStall=0
    PrefetchEff: Dropped=0, AlreadyCached=947, UsedBeforeEvict=205, EvictedBeforeUse=38
    GatingPredict Recall=85.32% (1017/1192)
    GatingPredict Precision=85.32% (1017/1192)
    GatingPrefetch Delivery=85.32% (1017/1192)
    GatingPrefetch Triggers=149
    Predictor TopK matches: 0=0 1=0 >=2=0
Layer 36 Cache Stats: Hits=1141, Misses=51, HitRate=95.72%
    Predictor Routed-Expert HitRate=N/A
    Loads Per Step: 0Loads=105, 1Load=39, >1Load=5
    Bandwidth: StallLoads=51, PrefetchLoads=190, AvgLoadTime=7.82ms
    PrefetchOverlap: HiddenReady=166, HiddenWait=0, TicksSkipped=0
    MissCause: NotPresent=51, NotReadyStall=0
    PrefetchEff: Dropped=0, AlreadyCached=1002, UsedBeforeEvict=166, EvictedBeforeUse=24
    GatingPredict Recall=85.49% (1019/1192)
    GatingPredict Precision=85.49% (1019/1192)
    GatingPrefetch Delivery=85.49% (1019/1192)
    GatingPrefetch Triggers=149
    Predictor TopK matches: 0=0 1=0 >=2=0
Layer 37 Cache Stats: Hits=1158, Misses=34, HitRate=97.15%
    Predictor Routed-Expert HitRate=N/A
    Loads Per Step: 0Loads=119, 1Load=27, >1Load=3
    Bandwidth: StallLoads=34, PrefetchLoads=224, AvgLoadTime=6.82ms
    PrefetchOverlap: HiddenReady=184, HiddenWait=0, TicksSkipped=0
    MissCause: NotPresent=34, NotReadyStall=0
    PrefetchEff: Dropped=0, AlreadyCached=968, UsedBeforeEvict=184, EvictedBeforeUse=39
    GatingPredict Recall=84.23% (1004/1192)
    GatingPredict Precision=84.23% (1004/1192)
    GatingPrefetch Delivery=84.23% (1004/1192)
    GatingPrefetch Triggers=149
    Predictor TopK matches: 0=0 1=0 >=2=0
Layer 38 Cache Stats: Hits=1160, Misses=32, HitRate=97.32%
    Predictor Routed-Expert HitRate=N/A
    Loads Per Step: 0Loads=121, 1Load=24, >1Load=4
    Bandwidth: StallLoads=32, PrefetchLoads=167, AvgLoadTime=7.58ms
    PrefetchOverlap: HiddenReady=128, HiddenWait=0, TicksSkipped=0
    MissCause: NotPresent=32, NotReadyStall=0
    PrefetchEff: Dropped=0, AlreadyCached=1025, UsedBeforeEvict=128, EvictedBeforeUse=38
    GatingPredict Recall=84.06% (1002/1192)
    GatingPredict Precision=84.06% (1002/1192)
    GatingPrefetch Delivery=84.06% (1002/1192)
    GatingPrefetch Triggers=149
    Predictor TopK matches: 0=0 1=0 >=2=0
Layer 39 Cache Stats: Hits=1163, Misses=29, HitRate=97.57%
    Predictor Routed-Expert HitRate=N/A
    Loads Per Step: 0Loads=120, 1Load=29, >1Load=0
    Bandwidth: StallLoads=29, PrefetchLoads=146, AvgLoadTime=7.68ms
    PrefetchOverlap: HiddenReady=114, HiddenWait=0, TicksSkipped=0
    MissCause: NotPresent=29, NotReadyStall=0
    PrefetchEff: Dropped=0, AlreadyCached=1046, UsedBeforeEvict=114, EvictedBeforeUse=32
    GatingPredict Recall=85.65% (1021/1192)
    GatingPredict Precision=85.65% (1021/1192)
    GatingPrefetch Delivery=85.65% (1021/1192)
    GatingPrefetch Triggers=149
    Predictor TopK matches: 0=0 1=0 >=2=0
Layer 40 Cache Stats: Hits=1166, Misses=26, HitRate=97.82%
    Predictor Routed-Expert HitRate=N/A
    Loads Per Step: 0Loads=124, 1Load=24, >1Load=1
    Bandwidth: StallLoads=26, PrefetchLoads=190, AvgLoadTime=7.35ms
    PrefetchOverlap: HiddenReady=152, HiddenWait=0, TicksSkipped=0
    MissCause: NotPresent=26, NotReadyStall=0
    PrefetchEff: Dropped=0, AlreadyCached=1002, UsedBeforeEvict=152, EvictedBeforeUse=37
    GatingPredict Recall=87.08% (1038/1192)
    GatingPredict Precision=87.08% (1038/1192)
    GatingPrefetch Delivery=87.08% (1038/1192)
    GatingPrefetch Triggers=149
    Predictor TopK matches: 0=0 1=0 >=2=0
Layer 41 Cache Stats: Hits=1171, Misses=21, HitRate=98.24%
    Predictor Routed-Expert HitRate=N/A
    Loads Per Step: 0Loads=130, 1Load=17, >1Load=2
    Bandwidth: StallLoads=21, PrefetchLoads=240, AvgLoadTime=5.82ms
    PrefetchOverlap: HiddenReady=215, HiddenWait=0, TicksSkipped=0
    MissCause: NotPresent=21, NotReadyStall=0
    PrefetchEff: Dropped=0, AlreadyCached=952, UsedBeforeEvict=215, EvictedBeforeUse=23
    GatingPredict Recall=86.49% (1031/1192)
    GatingPredict Precision=86.49% (1031/1192)
    GatingPrefetch Delivery=86.49% (1031/1192)
    GatingPrefetch Triggers=149
    Predictor TopK matches: 0=0 1=0 >=2=0
Layer 42 Cache Stats: Hits=1155, Misses=37, HitRate=96.90%
    Predictor Routed-Expert HitRate=N/A
    Loads Per Step: 0Loads=117, 1Load=27, >1Load=5
    Bandwidth: StallLoads=37, PrefetchLoads=167, AvgLoadTime=7.47ms
    PrefetchOverlap: HiddenReady=152, HiddenWait=0, TicksSkipped=0
    MissCause: NotPresent=37, NotReadyStall=0
    PrefetchEff: Dropped=0, AlreadyCached=1025, UsedBeforeEvict=152, EvictedBeforeUse=15
    GatingPredict Recall=86.49% (1031/1192)
    GatingPredict Precision=86.49% (1031/1192)
    GatingPrefetch Delivery=86.49% (1031/1192)
    GatingPrefetch Triggers=149
    Predictor TopK matches: 0=0 1=0 >=2=0
Layer 43 Cache Stats: Hits=1170, Misses=22, HitRate=98.15%
    Predictor Routed-Expert HitRate=N/A
    Loads Per Step: 0Loads=129, 1Load=18, >1Load=2
    Bandwidth: StallLoads=22, PrefetchLoads=151, AvgLoadTime=7.29ms
    PrefetchOverlap: HiddenReady=131, HiddenWait=0, TicksSkipped=0
    MissCause: NotPresent=22, NotReadyStall=0
    PrefetchEff: Dropped=0, AlreadyCached=1041, UsedBeforeEvict=131, EvictedBeforeUse=19
    GatingPredict Recall=87.25% (1040/1192)
    GatingPredict Precision=87.25% (1040/1192)
    GatingPrefetch Delivery=87.33% (1041/1192)
    GatingPrefetch Triggers=149
    Predictor TopK matches: 0=0 1=0 >=2=0
Layer 44 Cache Stats: Hits=1163, Misses=29, HitRate=97.57%
    Predictor Routed-Expert HitRate=N/A
    Loads Per Step: 0Loads=122, 1Load=25, >1Load=2
    Bandwidth: StallLoads=29, PrefetchLoads=184, AvgLoadTime=6.76ms
    PrefetchOverlap: HiddenReady=153, HiddenWait=0, TicksSkipped=0
    MissCause: NotPresent=29, NotReadyStall=0
    PrefetchEff: Dropped=0, AlreadyCached=1008, UsedBeforeEvict=153, EvictedBeforeUse=31
    GatingPredict Recall=86.41% (1030/1192)
    GatingPredict Precision=86.41% (1030/1192)
    GatingPrefetch Delivery=86.41% (1030/1192)
    GatingPrefetch Triggers=149
    Predictor TopK matches: 0=0 1=0 >=2=0
Layer 45 Cache Stats: Hits=1168, Misses=24, HitRate=97.99%
    Predictor Routed-Expert HitRate=N/A
    Loads Per Step: 0Loads=126, 1Load=22, >1Load=1
    Bandwidth: StallLoads=24, PrefetchLoads=149, AvgLoadTime=7.59ms
    PrefetchOverlap: HiddenReady=135, HiddenWait=0, TicksSkipped=0
    MissCause: NotPresent=24, NotReadyStall=0
    PrefetchEff: Dropped=0, AlreadyCached=1043, UsedBeforeEvict=135, EvictedBeforeUse=14
    GatingPredict Recall=90.18% (1075/1192)
    GatingPredict Precision=90.18% (1075/1192)
    GatingPrefetch Delivery=90.18% (1075/1192)
    GatingPrefetch Triggers=149
    Predictor TopK matches: 0=0 1=0 >=2=0
Layer 46 Cache Stats: Hits=1162, Misses=30, HitRate=97.48%
    Predictor Routed-Expert HitRate=N/A
    Loads Per Step: 0Loads=122, 1Load=24, >1Load=3
    Bandwidth: StallLoads=30, PrefetchLoads=228, AvgLoadTime=7.02ms
    PrefetchOverlap: HiddenReady=187, HiddenWait=0, TicksSkipped=0
    MissCause: NotPresent=30, NotReadyStall=0
    PrefetchEff: Dropped=0, AlreadyCached=964, UsedBeforeEvict=187, EvictedBeforeUse=41
    GatingPredict Recall=85.74% (1022/1192)
    GatingPredict Precision=85.74% (1022/1192)
    GatingPrefetch Delivery=85.74% (1022/1192)
    GatingPrefetch Triggers=149
    Predictor TopK matches: 0=0 1=0 >=2=0
Layer 47 Cache Stats: Hits=1140, Misses=52, HitRate=95.64%
    Predictor Routed-Expert HitRate=N/A
    Loads Per Step: 0Loads=107, 1Load=33, >1Load=9
    Bandwidth: StallLoads=52, PrefetchLoads=282, AvgLoadTime=6.01ms
    PrefetchOverlap: HiddenReady=226, HiddenWait=0, TicksSkipped=0
    MissCause: NotPresent=52, NotReadyStall=0
    PrefetchEff: Dropped=0, AlreadyCached=910, UsedBeforeEvict=226, EvictedBeforeUse=54
    GatingPredict Recall=78.44% (935/1192)
    GatingPredict Precision=78.44% (935/1192)
    GatingPrefetch Delivery=78.61% (937/1192)
    GatingPrefetch Triggers=149
    Predictor TopK matches: 0=0 1=0 >=2=0
============================================================
============================================================
Initializing Qwen3 30B-A3B AWQ w4a16 quantized model...
============================================================
Loading quantized weights from QuixiAI/Qwen3-30B-A3B-AWQ...
Using saved safetensors: /home/michael/heteroPredict/py/unified_llm_w4a16/model_weights/Qwen3-30B-A3B-AWQ.safetensors
Expert weights dir: /home/michael/heteroPredict/py/unified_llm_w4a16/model_weights/Qwen3-30B-A3B-AWQ_packed  (format: packed)
Using existing attention weights in /home/michael/heteroPredict/py/unified_llm_w4a16/model_weights/Qwen3-30B-A3B-AWQ_unpacked
Weights loaded (expert dir override) in 0.31 seconds
Pre-warming expert cache with 48 experts...
Model initialized successfully!
Set expert cache policy to LRU.

Running sweep using prompts from JSON: /tmp/tmprn0gn1hj.json
Loaded 1 prompts for sweeping.

Processing Prompt 1/1...

============================================================
Generated text only:
============================================================
 Stephens , which was performed in 2001 at the Royal Court Theatre . He had a guest role in the television series Judge John Deed in 2002 . In 2004 Boulter landed a role as " Craig " in the episode " Teddy 's Story " of the television series The Long Firm ; he starred alongside actors Mark Strong and Derek Jacobi . He was cast in the 2005 theatre productions of the Philip Ridley play Mercury Fur , which was performed at the Drum Theatre in Plymouth and the Menier Chocolate Factory in London . He was directed by John Tiffany and starred alongside Ben Whishaw , Shane Zaza , Harry Kent , Fraser Ayres , Sophie Stanton and Dominic Hall .
============================================================

============================================================
Sweep Complete.
Average Time per Token: 0.460057
End-to-End TPS: 2.1736
Cache Stats: Hits=54868, Misses=2348, HitRate=95.90%
Predictor Stats: Hits=0, Total=0, HitRate=0.00%
Initializing UnifiedLLMW4A16Impl_base
Using NPU config struct.
Configuring NPU (Base):
  Heterogeneity: gpu
  GPU Count: 1
  Debug Verbosity: 1
  Dummy Weights: false
  Warmup: false
  Preload MoE: true
  Minimal PDI: true
[GPU SELECT] Free VRAM ranking: gpu0=28.00/28.00 GiB
[GPU SELECT] Selected GPUs for gpu-count=1: [0]
[GPU MAP] Single-GPU placement on gpu0
[Layer 1] cache partition: main=40 speculative=8 (fraction=0.166667)
[GatingHeuristicPredictor Layer 1] prefetch_count=8 softmax_before_topk=yes
[Layer 2] cache partition: main=40 speculative=8 (fraction=0.166667)
[GatingHeuristicPredictor Layer 2] prefetch_count=8 softmax_before_topk=yes
[Layer 3] cache partition: main=40 speculative=8 (fraction=0.166667)
[GatingHeuristicPredictor Layer 3] prefetch_count=8 softmax_before_topk=yes
[Layer 4] cache partition: main=40 speculative=8 (fraction=0.166667)
[GatingHeuristicPredictor Layer 4] prefetch_count=8 softmax_before_topk=yes
[Layer 5] cache partition: main=40 speculative=8 (fraction=0.166667)
[GatingHeuristicPredictor Layer 5] prefetch_count=8 softmax_before_topk=yes
[Layer 6] cache partition: main=40 speculative=8 (fraction=0.166667)
[GatingHeuristicPredictor Layer 6] prefetch_count=8 softmax_before_topk=yes
[Layer 7] cache partition: main=40 speculative=8 (fraction=0.166667)
[GatingHeuristicPredictor Layer 7] prefetch_count=8 softmax_before_topk=yes
[Layer 8] cache partition: main=40 speculative=8 (fraction=0.166667)
[GatingHeuristicPredictor Layer 8] prefetch_count=8 softmax_before_topk=yes
[Layer 9] cache partition: main=40 speculative=8 (fraction=0.166667)
[GatingHeuristicPredictor Layer 9] prefetch_count=8 softmax_before_topk=yes
[Layer 10] cache partition: main=40 speculative=8 (fraction=0.166667)
[GatingHeuristicPredictor Layer 10] prefetch_count=8 softmax_before_topk=yes
[Layer 11] cache partition: main=40 speculative=8 (fraction=0.166667)
[GatingHeuristicPredictor Layer 11] prefetch_count=8 softmax_before_topk=yes
[Layer 12] cache partition: main=40 speculative=8 (fraction=0.166667)
[GatingHeuristicPredictor Layer 12] prefetch_count=8 softmax_before_topk=yes
[Layer 13] cache partition: main=40 speculative=8 (fraction=0.166667)
[GatingHeuristicPredictor Layer 13] prefetch_count=8 softmax_before_topk=yes
[Layer 14] cache partition: main=40 speculative=8 (fraction=0.166667)
[GatingHeuristicPredictor Layer 14] prefetch_count=8 softmax_before_topk=yes
[Layer 15] cache partition: main=40 speculative=8 (fraction=0.166667)
[GatingHeuristicPredictor Layer 15] prefetch_count=8 softmax_before_topk=yes
[Layer 16] cache partition: main=40 speculative=8 (fraction=0.166667)
[GatingHeuristicPredictor Layer 16] prefetch_count=8 softmax_before_topk=yes
[Layer 17] cache partition: main=40 speculative=8 (fraction=0.166667)
[GatingHeuristicPredictor Layer 17] prefetch_count=8 softmax_before_topk=yes
[Layer 18] cache partition: main=40 speculative=8 (fraction=0.166667)
[GatingHeuristicPredictor Layer 18] prefetch_count=8 softmax_before_topk=yes
[Layer 19] cache partition: main=40 speculative=8 (fraction=0.166667)
[GatingHeuristicPredictor Layer 19] prefetch_count=8 softmax_before_topk=yes
[Layer 20] cache partition: main=40 speculative=8 (fraction=0.166667)
[GatingHeuristicPredictor Layer 20] prefetch_count=8 softmax_before_topk=yes
[Layer 21] cache partition: main=40 speculative=8 (fraction=0.166667)
[GatingHeuristicPredictor Layer 21] prefetch_count=8 softmax_before_topk=yes
[Layer 22] cache partition: main=40 speculative=8 (fraction=0.166667)
[GatingHeuristicPredictor Layer 22] prefetch_count=8 softmax_before_topk=yes
[Layer 23] cache partition: main=40 speculative=8 (fraction=0.166667)
[GatingHeuristicPredictor Layer 23] prefetch_count=8 softmax_before_topk=yes
[Layer 24] cache partition: main=40 speculative=8 (fraction=0.166667)
[GatingHeuristicPredictor Layer 24] prefetch_count=8 softmax_before_topk=yes
[Layer 25] cache partition: main=40 speculative=8 (fraction=0.166667)
[GatingHeuristicPredictor Layer 25] prefetch_count=8 softmax_before_topk=yes
[Layer 26] cache partition: main=40 speculative=8 (fraction=0.166667)
[GatingHeuristicPredictor Layer 26] prefetch_count=8 softmax_before_topk=yes
[Layer 27] cache partition: main=40 speculative=8 (fraction=0.166667)
[GatingHeuristicPredictor Layer 27] prefetch_count=8 softmax_before_topk=yes
[Layer 28] cache partition: main=40 speculative=8 (fraction=0.166667)
[GatingHeuristicPredictor Layer 28] prefetch_count=8 softmax_before_topk=yes
[Layer 29] cache partition: main=40 speculative=8 (fraction=0.166667)
[GatingHeuristicPredictor Layer 29] prefetch_count=8 softmax_before_topk=yes
[Layer 30] cache partition: main=40 speculative=8 (fraction=0.166667)
[GatingHeuristicPredictor Layer 30] prefetch_count=8 softmax_before_topk=yes
[Layer 31] cache partition: main=40 speculative=8 (fraction=0.166667)
[GatingHeuristicPredictor Layer 31] prefetch_count=8 softmax_before_topk=yes
[Layer 32] cache partition: main=40 speculative=8 (fraction=0.166667)
[GatingHeuristicPredictor Layer 32] prefetch_count=8 softmax_before_topk=yes
[Layer 33] cache partition: main=40 speculative=8 (fraction=0.166667)
[GatingHeuristicPredictor Layer 33] prefetch_count=8 softmax_before_topk=yes
[Layer 34] cache partition: main=40 speculative=8 (fraction=0.166667)
[GatingHeuristicPredictor Layer 34] prefetch_count=8 softmax_before_topk=yes
[Layer 35] cache partition: main=40 speculative=8 (fraction=0.166667)
[GatingHeuristicPredictor Layer 35] prefetch_count=8 softmax_before_topk=yes
[Layer 36] cache partition: main=40 speculative=8 (fraction=0.166667)
[GatingHeuristicPredictor Layer 36] prefetch_count=8 softmax_before_topk=yes
[Layer 37] cache partition: main=40 speculative=8 (fraction=0.166667)
[GatingHeuristicPredictor Layer 37] prefetch_count=8 softmax_before_topk=yes
[Layer 38] cache partition: main=40 speculative=8 (fraction=0.166667)
[GatingHeuristicPredictor Layer 38] prefetch_count=8 softmax_before_topk=yes
[Layer 39] cache partition: main=40 speculative=8 (fraction=0.166667)
[GatingHeuristicPredictor Layer 39] prefetch_count=8 softmax_before_topk=yes
[Layer 40] cache partition: main=40 speculative=8 (fraction=0.166667)
[GatingHeuristicPredictor Layer 40] prefetch_count=8 softmax_before_topk=yes
[Layer 41] cache partition: main=40 speculative=8 (fraction=0.166667)
[GatingHeuristicPredictor Layer 41] prefetch_count=8 softmax_before_topk=yes
[Layer 42] cache partition: main=40 speculative=8 (fraction=0.166667)
[GatingHeuristicPredictor Layer 42] prefetch_count=8 softmax_before_topk=yes
[Layer 43] cache partition: main=40 speculative=8 (fraction=0.166667)
[GatingHeuristicPredictor Layer 43] prefetch_count=8 softmax_before_topk=yes
[Layer 44] cache partition: main=40 speculative=8 (fraction=0.166667)
[GatingHeuristicPredictor Layer 44] prefetch_count=8 softmax_before_topk=yes
[Layer 45] cache partition: main=40 speculative=8 (fraction=0.166667)
[GatingHeuristicPredictor Layer 45] prefetch_count=8 softmax_before_topk=yes
[Layer 46] cache partition: main=40 speculative=8 (fraction=0.166667)
[GatingHeuristicPredictor Layer 46] prefetch_count=8 softmax_before_topk=yes
[Layer 47] cache partition: main=40 speculative=8 (fraction=0.166667)
[GatingHeuristicPredictor Layer 47] prefetch_count=8 softmax_before_topk=yes
UnifiedLLMW4A16 moved to device: cuda:0
Preloading MoE kernels...
MoE kernels preloaded.
UnifiedLLMW4A16 initialized on device: cuda:0 with w4a16 quantization
Loading non-quantized weights from safetensors (mmap): /home/michael/heteroPredict/py/unified_llm_w4a16/model_weights/Qwen3-30B-A3B-AWQ.safetensors
Loaded 243 non-quantized parameters, skipped 0
Loading quantized weights from bins: /home/michael/heteroPredict/py/unified_llm_w4a16/model_weights/Qwen3-30B-A3B-AWQ_unpacked
  Expert weights dir override: /home/michael/heteroPredict/py/unified_llm_w4a16/model_weights/Qwen3-30B-A3B-AWQ_packed
Pre-warming 48 experts for all layers...
Layer 0: Pre-warming 40 experts.
Layer 0: using packed expert format.
[MoE I/O] Expert weight reads require O_DIRECT (no buffered fallback).
Layer 1: Pre-warming 40 experts.
Layer 1: using packed expert format.
Layer 2: Pre-warming 40 experts.
Layer 2: using packed expert format.
Layer 3: Pre-warming 40 experts.
Layer 3: using packed expert format.
Prewarmed experts for layer 4/48
Layer 4: Pre-warming 40 experts.
Layer 4: using packed expert format.
Layer 5: Pre-warming 40 experts.
Layer 5: using packed expert format.
Layer 6: Pre-warming 40 experts.
Layer 6: using packed expert format.
Layer 7: Pre-warming 40 experts.
Layer 7: using packed expert format.
Prewarmed experts for layer 8/48
Layer 8: Pre-warming 40 experts.
Layer 8: using packed expert format.
Layer 9: Pre-warming 40 experts.
Layer 9: using packed expert format.
Layer 10: Pre-warming 40 experts.
Layer 10: using packed expert format.
Layer 11: Pre-warming 40 experts.
Layer 11: using packed expert format.
Prewarmed experts for layer 12/48
Layer 12: Pre-warming 40 experts.
Layer 12: using packed expert format.
Layer 13: Pre-warming 40 experts.
Layer 13: using packed expert format.
Layer 14: Pre-warming 40 experts.
Layer 14: using packed expert format.
Layer 15: Pre-warming 40 experts.
Layer 15: using packed expert format.
Prewarmed experts for layer 16/48
Layer 16: Pre-warming 40 experts.
Layer 16: using packed expert format.
Layer 17: Pre-warming 40 experts.
Layer 17: using packed expert format.
Layer 18: Pre-warming 40 experts.
Layer 18: using packed expert format.
Layer 19: Pre-warming 40 experts.
Layer 19: using packed expert format.
Prewarmed experts for layer 20/48
Layer 20: Pre-warming 40 experts.
Layer 20: using packed expert format.
Layer 21: Pre-warming 40 experts.
Layer 21: using packed expert format.
Layer 22: Pre-warming 40 experts.
Layer 22: using packed expert format.
Layer 23: Pre-warming 40 experts.
Layer 23: using packed expert format.
Prewarmed experts for layer 24/48
Layer 24: Pre-warming 40 experts.
Layer 24: using packed expert format.
Layer 25: Pre-warming 40 experts.
Layer 25: using packed expert format.
Layer 26: Pre-warming 40 experts.
Layer 26: using packed expert format.
Layer 27: Pre-warming 40 experts.
Layer 27: using packed expert format.
Prewarmed experts for layer 28/48
Layer 28: Pre-warming 40 experts.
Layer 28: using packed expert format.
Layer 29: Pre-warming 40 experts.
Layer 29: using packed expert format.
Layer 30: Pre-warming 40 experts.
Layer 30: using packed expert format.
Layer 31: Pre-warming 40 experts.
Layer 31: using packed expert format.
Prewarmed experts for layer 32/48
Layer 32: Pre-warming 40 experts.
Layer 32: using packed expert format.
Layer 33: Pre-warming 40 experts.
Layer 33: using packed expert format.
Layer 34: Pre-warming 40 experts.
Layer 34: using packed expert format.
Layer 35: Pre-warming 40 experts.
Layer 35: using packed expert format.
Prewarmed experts for layer 36/48
Layer 36: Pre-warming 40 experts.
Layer 36: using packed expert format.
Layer 37: Pre-warming 40 experts.
Layer 37: using packed expert format.
Layer 38: Pre-warming 40 experts.
Layer 38: using packed expert format.
Layer 39: Pre-warming 40 experts.
Layer 39: using packed expert format.
Prewarmed experts for layer 40/48
Layer 40: Pre-warming 40 experts.
Layer 40: using packed expert format.
Layer 41: Pre-warming 40 experts.
Layer 41: using packed expert format.
Layer 42: Pre-warming 40 experts.
Layer 42: using packed expert format.
Layer 43: Pre-warming 40 experts.
Layer 43: using packed expert format.
Prewarmed experts for layer 44/48
Layer 44: Pre-warming 40 experts.
Layer 44: using packed expert format.
Layer 45: Pre-warming 40 experts.
Layer 45: using packed expert format.
Layer 46: Pre-warming 40 experts.
Layer 46: using packed expert format.
Layer 47: Pre-warming 40 experts.
Layer 47: using packed expert format.
Prewarmed experts for layer 48/48
Libtorch input_ids shape: [1, 512]
Skipping warmup.
Prefill time: 17.6227 seconds
Generation phase
[Layer 0 Step 0 Debug] Slots before check: 125 126 127 87 88 89 90 91 92 93 94 95 96 97 98 99 100 101 102 103 104 105 106 107 108 109 110 111 112 114 115 116 117 118 119 120 121 122 123 124 -1 -1 -1 -1 -1 -1 -1 -1 
[Layer 0 Step 0 Debug] Requested: 28 92 33 89 4 124 22 87 
[gen 5/149] elapsed=1.6s  TPS=3.204
[gen 10/149] elapsed=2.8s  TPS=3.515
[gen 15/149] elapsed=4.2s  TPS=3.606
[gen 20/149] elapsed=5.4s  TPS=3.689
[gen 25/149] elapsed=6.2s  TPS=4.001
[gen 30/149] elapsed=7.4s  TPS=4.031
[gen 35/149] elapsed=8.6s  TPS=4.053
[gen 40/149] elapsed=9.7s  TPS=4.129
[gen 45/149] elapsed=10.7s  TPS=4.210
[gen 50/149] elapsed=11.5s  TPS=4.361
[gen 55/149] elapsed=12.4s  TPS=4.421
[gen 60/149] elapsed=13.3s  TPS=4.501
[gen 65/149] elapsed=14.2s  TPS=4.587
[gen 70/149] elapsed=15.2s  TPS=4.590
[gen 75/149] elapsed=16.3s  TPS=4.604
[gen 80/149] elapsed=17.2s  TPS=4.652
[gen 85/149] elapsed=18.1s  TPS=4.695
[gen 90/149] elapsed=19.0s  TPS=4.732
[gen 95/149] elapsed=20.0s  TPS=4.760
[gen 100/149] elapsed=20.7s  TPS=4.829
[gen 105/149] elapsed=21.6s  TPS=4.866
[gen 110/149] elapsed=22.7s  TPS=4.853
[gen 115/149] elapsed=23.6s  TPS=4.868
[gen 120/149] elapsed=24.5s  TPS=4.902
[gen 125/149] elapsed=25.5s  TPS=4.910
[gen 130/149] elapsed=26.4s  TPS=4.919
[gen 135/149] elapsed=27.4s  TPS=4.934
[gen 140/149] elapsed=28.1s  TPS=4.980
[gen 145/149] elapsed=28.9s  TPS=5.019
Prefill time (summary): 17.623 seconds
Total Generation Time: 29.465 seconds
Average Time per Token: 0.197752 seconds

Expert Cache Statistics:
Layer 0 Cache Stats: Hits=670, Misses=522, HitRate=56.21%
    Predictor Routed-Expert HitRate=N/A
    Loads Per Step: 0Loads=11, 1Load=22, >1Load=116
    Bandwidth: StallLoads=522, PrefetchLoads=0, AvgLoadTime=2.88ms
    MissCause: NotPresent=522, NotReadyStall=0
    GlobalSpecLoad: PeakConcurrent=2
    Predictor TopK matches: 0=0 1=0 >=2=0
Layer 1 Cache Stats: Hits=1015, Misses=177, HitRate=85.15%
    Predictor Routed-Expert HitRate=N/A
    Loads Per Step: 0Loads=38, 1Load=64, >1Load=47
    Bandwidth: StallLoads=177, PrefetchLoads=318, AvgLoadTime=3.83ms
    PrefetchOverlap: HiddenReady=220, HiddenWait=0, TicksSkipped=0
    MissCause: NotPresent=177, NotReadyStall=0
    PrefetchEff: Dropped=0, AlreadyCached=874, UsedBeforeEvict=220, EvictedBeforeUse=95
    GatingPredict Recall=60.57% (722/1192)
    GatingPredict Precision=60.57% (722/1192)
    GatingPrefetch Delivery=60.74% (724/1192)
    GatingPrefetch Triggers=149
    Predictor TopK matches: 0=0 1=0 >=2=0
Layer 2 Cache Stats: Hits=1120, Misses=72, HitRate=93.96%
    Predictor Routed-Expert HitRate=N/A
    Loads Per Step: 0Loads=89, 1Load=48, >1Load=12
    Bandwidth: StallLoads=72, PrefetchLoads=313, AvgLoadTime=3.15ms
    PrefetchOverlap: HiddenReady=214, HiddenWait=0, TicksSkipped=0
    MissCause: NotPresent=72, NotReadyStall=0
    PrefetchEff: Dropped=0, AlreadyCached=879, UsedBeforeEvict=214, EvictedBeforeUse=96
    GatingPredict Recall=70.05% (835/1192)
    GatingPredict Precision=70.05% (835/1192)
    GatingPrefetch Delivery=70.05% (835/1192)
    GatingPrefetch Triggers=149
    Predictor TopK matches: 0=0 1=0 >=2=0
Layer 3 Cache Stats: Hits=1055, Misses=137, HitRate=88.51%
    Predictor Routed-Expert HitRate=N/A
    Loads Per Step: 0Loads=54, 1Load=59, >1Load=36
    Bandwidth: StallLoads=137, PrefetchLoads=304, AvgLoadTime=3.31ms
    PrefetchOverlap: HiddenReady=222, HiddenWait=0, TicksSkipped=0
    MissCause: NotPresent=137, NotReadyStall=0
    PrefetchEff: Dropped=0, AlreadyCached=888, UsedBeforeEvict=222, EvictedBeforeUse=80
    GatingPredict Recall=67.70% (807/1192)
    GatingPredict Precision=67.70% (807/1192)
    GatingPrefetch Delivery=68.04% (811/1192)
    GatingPrefetch Triggers=149
    Predictor TopK matches: 0=0 1=0 >=2=0
Layer 4 Cache Stats: Hits=1105, Misses=87, HitRate=92.70%
    Predictor Routed-Expert HitRate=N/A
    Loads Per Step: 0Loads=76, 1Load=60, >1Load=13
    Bandwidth: StallLoads=87, PrefetchLoads=268, AvgLoadTime=3.68ms
    PrefetchOverlap: HiddenReady=169, HiddenWait=0, TicksSkipped=0
    MissCause: NotPresent=87, NotReadyStall=0
    PrefetchEff: Dropped=0, AlreadyCached=924, UsedBeforeEvict=169, EvictedBeforeUse=96
    GatingPredict Recall=73.41% (875/1192)
    GatingPredict Precision=73.41% (875/1192)
    GatingPrefetch Delivery=73.57% (877/1192)
    GatingPrefetch Triggers=149
    Predictor TopK matches: 0=0 1=0 >=2=0
Layer 5 Cache Stats: Hits=1156, Misses=36, HitRate=96.98%
    Predictor Routed-Expert HitRate=N/A
    Loads Per Step: 0Loads=116, 1Load=30, >1Load=3
    Bandwidth: StallLoads=36, PrefetchLoads=194, AvgLoadTime=3.37ms
    PrefetchOverlap: HiddenReady=154, HiddenWait=0, TicksSkipped=0
    MissCause: NotPresent=36, NotReadyStall=0
    PrefetchEff: Dropped=0, AlreadyCached=998, UsedBeforeEvict=154, EvictedBeforeUse=36
    GatingPredict Recall=80.87% (964/1192)
    GatingPredict Precision=80.87% (964/1192)
    GatingPrefetch Delivery=81.12% (967/1192)
    GatingPrefetch Triggers=149
    Predictor TopK matches: 0=0 1=0 >=2=0
Layer 6 Cache Stats: Hits=1167, Misses=25, HitRate=97.90%
    Predictor Routed-Expert HitRate=N/A
    Loads Per Step: 0Loads=128, 1Load=17, >1Load=4
    Bandwidth: StallLoads=25, PrefetchLoads=126, AvgLoadTime=3.61ms
    PrefetchOverlap: HiddenReady=73, HiddenWait=0, TicksSkipped=0
    MissCause: NotPresent=25, NotReadyStall=0
    PrefetchEff: Dropped=0, AlreadyCached=1066, UsedBeforeEvict=73, EvictedBeforeUse=49
    GatingPredict Recall=78.52% (936/1192)
    GatingPredict Precision=78.52% (936/1192)
    GatingPrefetch Delivery=78.52% (936/1192)
    GatingPrefetch Triggers=149
    Predictor TopK matches: 0=0 1=0 >=2=0
Layer 7 Cache Stats: Hits=1164, Misses=28, HitRate=97.65%
    Predictor Routed-Expert HitRate=N/A
    Loads Per Step: 0Loads=127, 1Load=17, >1Load=5
    Bandwidth: StallLoads=28, PrefetchLoads=84, AvgLoadTime=3.68ms
    PrefetchOverlap: HiddenReady=61, HiddenWait=0, TicksSkipped=0
    MissCause: NotPresent=28, NotReadyStall=0
    PrefetchEff: Dropped=0, AlreadyCached=1108, UsedBeforeEvict=61, EvictedBeforeUse=20
    GatingPredict Recall=81.71% (974/1192)
    GatingPredict Precision=81.71% (974/1192)
    GatingPrefetch Delivery=81.80% (975/1192)
    GatingPrefetch Triggers=149
    Predictor TopK matches: 0=0 1=0 >=2=0
Layer 8 Cache Stats: Hits=1130, Misses=62, HitRate=94.80%
    Predictor Routed-Expert HitRate=N/A
    Loads Per Step: 0Loads=97, 1Load=43, >1Load=9
    Bandwidth: StallLoads=62, PrefetchLoads=191, AvgLoadTime=3.26ms
    PrefetchOverlap: HiddenReady=154, HiddenWait=0, TicksSkipped=0
    MissCause: NotPresent=62, NotReadyStall=0
    PrefetchEff: Dropped=0, AlreadyCached=1001, UsedBeforeEvict=154, EvictedBeforeUse=35
    GatingPredict Recall=80.20% (956/1192)
    GatingPredict Precision=80.20% (956/1192)
    GatingPrefetch Delivery=80.20% (956/1192)
    GatingPrefetch Triggers=149
    Predictor TopK matches: 0=0 1=0 >=2=0
Layer 9 Cache Stats: Hits=1177, Misses=15, HitRate=98.74%
    Predictor Routed-Expert HitRate=N/A
    Loads Per Step: 0Loads=134, 1Load=15, >1Load=0
    Bandwidth: StallLoads=15, PrefetchLoads=148, AvgLoadTime=3.99ms
    PrefetchOverlap: HiddenReady=125, HiddenWait=0, TicksSkipped=0
    MissCause: NotPresent=15, NotReadyStall=0
    PrefetchEff: Dropped=0, AlreadyCached=1044, UsedBeforeEvict=125, EvictedBeforeUse=22
    GatingPredict Recall=86.33% (1029/1192)
    GatingPredict Precision=86.33% (1029/1192)
    GatingPrefetch Delivery=86.49% (1031/1192)
    GatingPrefetch Triggers=149
    Predictor TopK matches: 0=0 1=0 >=2=0
Layer 10 Cache Stats: Hits=1141, Misses=51, HitRate=95.72%
    Predictor Routed-Expert HitRate=N/A
    Loads Per Step: 0Loads=103, 1Load=41, >1Load=5
    Bandwidth: StallLoads=51, PrefetchLoads=188, AvgLoadTime=3.48ms
    PrefetchOverlap: HiddenReady=162, HiddenWait=0, TicksSkipped=0
    MissCause: NotPresent=51, NotReadyStall=0
    PrefetchEff: Dropped=0, AlreadyCached=1004, UsedBeforeEvict=162, EvictedBeforeUse=25
    GatingPredict Recall=86.91% (1036/1192)
    GatingPredict Precision=86.91% (1036/1192)
    GatingPrefetch Delivery=86.91% (1036/1192)
    GatingPrefetch Triggers=149
    Predictor TopK matches: 0=0 1=0 >=2=0
Layer 11 Cache Stats: Hits=1152, Misses=40, HitRate=96.64%
    Predictor Routed-Expert HitRate=N/A
    Loads Per Step: 0Loads=110, 1Load=38, >1Load=1
    Bandwidth: StallLoads=40, PrefetchLoads=248, AvgLoadTime=3.32ms
    PrefetchOverlap: HiddenReady=211, HiddenWait=0, TicksSkipped=0
    MissCause: NotPresent=40, NotReadyStall=0
    PrefetchEff: Dropped=0, AlreadyCached=944, UsedBeforeEvict=211, EvictedBeforeUse=37
    GatingPredict Recall=87.75% (1046/1192)
    GatingPredict Precision=87.75% (1046/1192)
    GatingPrefetch Delivery=87.75% (1046/1192)
    GatingPrefetch Triggers=149
    Predictor TopK matches: 0=0 1=0 >=2=0
Layer 12 Cache Stats: Hits=1167, Misses=25, HitRate=97.90%
    Predictor Routed-Expert HitRate=N/A
    Loads Per Step: 0Loads=124, 1Load=25, >1Load=0
    Bandwidth: StallLoads=25, PrefetchLoads=157, AvgLoadTime=3.78ms
    PrefetchOverlap: HiddenReady=132, HiddenWait=0, TicksSkipped=0
    MissCause: NotPresent=25, NotReadyStall=0
    PrefetchEff: Dropped=0, AlreadyCached=1035, UsedBeforeEvict=132, EvictedBeforeUse=24
    GatingPredict Recall=87.16% (1039/1192)
    GatingPredict Precision=87.16% (1039/1192)
    GatingPrefetch Delivery=87.16% (1039/1192)
    GatingPrefetch Triggers=149
    Predictor TopK matches: 0=0 1=0 >=2=0
Layer 13 Cache Stats: Hits=1148, Misses=44, HitRate=96.31%
    Predictor Routed-Expert HitRate=N/A
    Loads Per Step: 0Loads=107, 1Load=40, >1Load=2
    Bandwidth: StallLoads=44, PrefetchLoads=256, AvgLoadTime=3.27ms
    PrefetchOverlap: HiddenReady=209, HiddenWait=0, TicksSkipped=0
    MissCause: NotPresent=44, NotReadyStall=0
    PrefetchEff: Dropped=0, AlreadyCached=936, UsedBeforeEvict=209, EvictedBeforeUse=45
    GatingPredict Recall=84.90% (1012/1192)
    GatingPredict Precision=84.90% (1012/1192)
    GatingPrefetch Delivery=84.90% (1012/1192)
    GatingPrefetch Triggers=149
    Predictor TopK matches: 0=0 1=0 >=2=0
Layer 14 Cache Stats: Hits=1156, Misses=36, HitRate=96.98%
    Predictor Routed-Expert HitRate=N/A
    Loads Per Step: 0Loads=117, 1Load=28, >1Load=4
    Bandwidth: StallLoads=36, PrefetchLoads=195, AvgLoadTime=3.98ms
    PrefetchOverlap: HiddenReady=165, HiddenWait=0, TicksSkipped=0
    MissCause: NotPresent=36, NotReadyStall=0
    PrefetchEff: Dropped=0, AlreadyCached=997, UsedBeforeEvict=165, EvictedBeforeUse=30
    GatingPredict Recall=84.98% (1013/1192)
    GatingPredict Precision=84.98% (1013/1192)
    GatingPrefetch Delivery=85.07% (1014/1192)
    GatingPrefetch Triggers=149
    Predictor TopK matches: 0=0 1=0 >=2=0
Layer 15 Cache Stats: Hits=1165, Misses=27, HitRate=97.73%
    Predictor Routed-Expert HitRate=N/A
    Loads Per Step: 0Loads=122, 1Load=27, >1Load=0
    Bandwidth: StallLoads=27, PrefetchLoads=124, AvgLoadTime=3.77ms
    PrefetchOverlap: HiddenReady=101, HiddenWait=0, TicksSkipped=0
    MissCause: NotPresent=27, NotReadyStall=0
    PrefetchEff: Dropped=0, AlreadyCached=1068, UsedBeforeEvict=101, EvictedBeforeUse=22
    GatingPredict Recall=89.68% (1069/1192)
    GatingPredict Precision=89.68% (1069/1192)
    GatingPrefetch Delivery=89.68% (1069/1192)
    GatingPrefetch Triggers=149
    Predictor TopK matches: 0=0 1=0 >=2=0
Layer 16 Cache Stats: Hits=1174, Misses=18, HitRate=98.49%
    Predictor Routed-Expert HitRate=N/A
    Loads Per Step: 0Loads=133, 1Load=14, >1Load=2
    Bandwidth: StallLoads=18, PrefetchLoads=141, AvgLoadTime=3.56ms
    PrefetchOverlap: HiddenReady=122, HiddenWait=0, TicksSkipped=0
    MissCause: NotPresent=18, NotReadyStall=0
    PrefetchEff: Dropped=0, AlreadyCached=1051, UsedBeforeEvict=122, EvictedBeforeUse=19
    GatingPredict Recall=88.42% (1054/1192)
    GatingPredict Precision=88.42% (1054/1192)
    GatingPrefetch Delivery=88.67% (1057/1192)
    GatingPrefetch Triggers=149
    Predictor TopK matches: 0=0 1=0 >=2=0
Layer 17 Cache Stats: Hits=1159, Misses=33, HitRate=97.23%
    Predictor Routed-Expert HitRate=N/A
    Loads Per Step: 0Loads=119, 1Load=27, >1Load=3
    Bandwidth: StallLoads=33, PrefetchLoads=204, AvgLoadTime=3.24ms
    PrefetchOverlap: HiddenReady=179, HiddenWait=0, TicksSkipped=0
    MissCause: NotPresent=33, NotReadyStall=0
    PrefetchEff: Dropped=0, AlreadyCached=988, UsedBeforeEvict=179, EvictedBeforeUse=22
    GatingPredict Recall=86.74% (1034/1192)
    GatingPredict Precision=86.74% (1034/1192)
    GatingPrefetch Delivery=86.83% (1035/1192)
    GatingPrefetch Triggers=149
    Predictor TopK matches: 0=0 1=0 >=2=0
Layer 18 Cache Stats: Hits=1174, Misses=18, HitRate=98.49%
    Predictor Routed-Expert HitRate=N/A
    Loads Per Step: 0Loads=134, 1Load=12, >1Load=3
    Bandwidth: StallLoads=18, PrefetchLoads=92, AvgLoadTime=3.88ms
    PrefetchOverlap: HiddenReady=67, HiddenWait=0, TicksSkipped=0
    MissCause: NotPresent=18, NotReadyStall=0
    PrefetchEff: Dropped=0, AlreadyCached=1100, UsedBeforeEvict=67, EvictedBeforeUse=22
    GatingPredict Recall=84.56% (1008/1192)
    GatingPredict Precision=84.56% (1008/1192)
    GatingPrefetch Delivery=84.56% (1008/1192)
    GatingPrefetch Triggers=149
    Predictor TopK matches: 0=0 1=0 >=2=0
Layer 19 Cache Stats: Hits=1180, Misses=12, HitRate=98.99%
    Predictor Routed-Expert HitRate=N/A
    Loads Per Step: 0Loads=138, 1Load=10, >1Load=1
    Bandwidth: StallLoads=12, PrefetchLoads=62, AvgLoadTime=3.63ms
    PrefetchOverlap: HiddenReady=52, HiddenWait=0, TicksSkipped=0
    MissCause: NotPresent=12, NotReadyStall=0
    PrefetchEff: Dropped=0, AlreadyCached=1130, UsedBeforeEvict=52, EvictedBeforeUse=9
    GatingPredict Recall=86.41% (1030/1192)
    GatingPredict Precision=86.41% (1030/1192)
    GatingPrefetch Delivery=86.41% (1030/1192)
    GatingPrefetch Triggers=149
    Predictor TopK matches: 0=0 1=0 >=2=0
Layer 20 Cache Stats: Hits=1153, Misses=39, HitRate=96.73%
    Predictor Routed-Expert HitRate=N/A
    Loads Per Step: 0Loads=112, 1Load=35, >1Load=2
    Bandwidth: StallLoads=39, PrefetchLoads=106, AvgLoadTime=3.68ms
    PrefetchOverlap: HiddenReady=87, HiddenWait=0, TicksSkipped=0
    MissCause: NotPresent=39, NotReadyStall=0
    PrefetchEff: Dropped=0, AlreadyCached=1086, UsedBeforeEvict=87, EvictedBeforeUse=18
    GatingPredict Recall=83.98% (1001/1192)
    GatingPredict Precision=83.98% (1001/1192)
    GatingPrefetch Delivery=84.06% (1002/1192)
    GatingPrefetch Triggers=149
    Predictor TopK matches: 0=0 1=0 >=2=0
Layer 21 Cache Stats: Hits=1179, Misses=13, HitRate=98.91%
    Predictor Routed-Expert HitRate=N/A
    Loads Per Step: 0Loads=136, 1Load=13, >1Load=0
    Bandwidth: StallLoads=13, PrefetchLoads=111, AvgLoadTime=3.49ms
    PrefetchOverlap: HiddenReady=96, HiddenWait=0, TicksSkipped=0
    MissCause: NotPresent=13, NotReadyStall=0
    PrefetchEff: Dropped=0, AlreadyCached=1081, UsedBeforeEvict=96, EvictedBeforeUse=12
    GatingPredict Recall=89.85% (1071/1192)
    GatingPredict Precision=89.85% (1071/1192)
    GatingPrefetch Delivery=89.93% (1072/1192)
    GatingPrefetch Triggers=149
    Predictor TopK matches: 0=0 1=0 >=2=0
Layer 22 Cache Stats: Hits=1156, Misses=36, HitRate=96.98%
    Predictor Routed-Expert HitRate=N/A
    Loads Per Step: 0Loads=116, 1Load=30, >1Load=3
    Bandwidth: StallLoads=36, PrefetchLoads=135, AvgLoadTime=3.48ms
    PrefetchOverlap: HiddenReady=116, HiddenWait=0, TicksSkipped=0
    MissCause: NotPresent=36, NotReadyStall=0
    PrefetchEff: Dropped=0, AlreadyCached=1057, UsedBeforeEvict=116, EvictedBeforeUse=16
    GatingPredict Recall=87.67% (1045/1192)
    GatingPredict Precision=87.67% (1045/1192)
    GatingPrefetch Delivery=87.67% (1045/1192)
    GatingPrefetch Triggers=149
    Predictor TopK matches: 0=0 1=0 >=2=0
Layer 23 Cache Stats: Hits=1136, Misses=56, HitRate=95.30%
    Predictor Routed-Expert HitRate=N/A
    Loads Per Step: 0Loads=100, 1Load=43, >1Load=6
    Bandwidth: StallLoads=56, PrefetchLoads=198, AvgLoadTime=3.63ms
    PrefetchOverlap: HiddenReady=179, HiddenWait=0, TicksSkipped=0
    MissCause: NotPresent=56, NotReadyStall=0
    PrefetchEff: Dropped=0, AlreadyCached=994, UsedBeforeEvict=179, EvictedBeforeUse=19
    GatingPredict Recall=86.58% (1032/1192)
    GatingPredict Precision=86.58% (1032/1192)
    GatingPrefetch Delivery=86.58% (1032/1192)
    GatingPrefetch Triggers=149
    Predictor TopK matches: 0=0 1=0 >=2=0
Layer 24 Cache Stats: Hits=1159, Misses=33, HitRate=97.23%
    Predictor Routed-Expert HitRate=N/A
    Loads Per Step: 0Loads=117, 1Load=31, >1Load=1
    Bandwidth: StallLoads=33, PrefetchLoads=164, AvgLoadTime=3.95ms
    PrefetchOverlap: HiddenReady=144, HiddenWait=0, TicksSkipped=0
    MissCause: NotPresent=33, NotReadyStall=0
    PrefetchEff: Dropped=0, AlreadyCached=1028, UsedBeforeEvict=144, EvictedBeforeUse=19
    GatingPredict Recall=87.58% (1044/1192)
    GatingPredict Precision=87.58% (1044/1192)
    GatingPrefetch Delivery=87.58% (1044/1192)
    GatingPrefetch Triggers=149
    Predictor TopK matches: 0=0 1=0 >=2=0
Layer 25 Cache Stats: Hits=1141, Misses=51, HitRate=95.72%
    Predictor Routed-Expert HitRate=N/A
    Loads Per Step: 0Loads=104, 1Load=40, >1Load=5
    Bandwidth: StallLoads=51, PrefetchLoads=252, AvgLoadTime=3.30ms
    PrefetchOverlap: HiddenReady=218, HiddenWait=0, TicksSkipped=0
    MissCause: NotPresent=51, NotReadyStall=0
    PrefetchEff: Dropped=0, AlreadyCached=940, UsedBeforeEvict=218, EvictedBeforeUse=34
    GatingPredict Recall=85.15% (1015/1192)
    GatingPredict Precision=85.15% (1015/1192)
    GatingPrefetch Delivery=85.49% (1019/1192)
    GatingPrefetch Triggers=149
    Predictor TopK matches: 0=0 1=0 >=2=0
Layer 26 Cache Stats: Hits=1162, Misses=30, HitRate=97.48%
    Predictor Routed-Expert HitRate=N/A
    Loads Per Step: 0Loads=120, 1Load=28, >1Load=1
    Bandwidth: StallLoads=30, PrefetchLoads=192, AvgLoadTime=3.64ms
    PrefetchOverlap: HiddenReady=155, HiddenWait=0, TicksSkipped=0
    MissCause: NotPresent=30, NotReadyStall=0
    PrefetchEff: Dropped=0, AlreadyCached=1000, UsedBeforeEvict=155, EvictedBeforeUse=37
    GatingPredict Recall=84.06% (1002/1192)
    GatingPredict Precision=84.06% (1002/1192)
    GatingPrefetch Delivery=84.14% (1003/1192)
    GatingPrefetch Triggers=149
    Predictor TopK matches: 0=0 1=0 >=2=0
Layer 27 Cache Stats: Hits=1168, Misses=24, HitRate=97.99%
    Predictor Routed-Expert HitRate=N/A
    Loads Per Step: 0Loads=127, 1Load=20, >1Load=2
    Bandwidth: StallLoads=24, PrefetchLoads=125, AvgLoadTime=3.81ms
    PrefetchOverlap: HiddenReady=109, HiddenWait=0, TicksSkipped=0
    MissCause: NotPresent=24, NotReadyStall=0
    PrefetchEff: Dropped=0, AlreadyCached=1067, UsedBeforeEvict=109, EvictedBeforeUse=15
    GatingPredict Recall=90.52% (1079/1192)
    GatingPredict Precision=90.52% (1079/1192)
    GatingPrefetch Delivery=90.52% (1079/1192)
    GatingPrefetch Triggers=149
    Predictor TopK matches: 0=0 1=0 >=2=0
Layer 28 Cache Stats: Hits=1166, Misses=26, HitRate=97.82%
    Predictor Routed-Expert HitRate=N/A
    Loads Per Step: 0Loads=124, 1Load=24, >1Load=1
    Bandwidth: StallLoads=26, PrefetchLoads=158, AvgLoadTime=3.62ms
    PrefetchOverlap: HiddenReady=131, HiddenWait=0, TicksSkipped=0
    MissCause: NotPresent=26, NotReadyStall=0
    PrefetchEff: Dropped=0, AlreadyCached=1034, UsedBeforeEvict=131, EvictedBeforeUse=26
    GatingPredict Recall=88.42% (1054/1192)
    GatingPredict Precision=88.42% (1054/1192)
    GatingPrefetch Delivery=88.59% (1056/1192)
    GatingPrefetch Triggers=149
    Predictor TopK matches: 0=0 1=0 >=2=0
Layer 29 Cache Stats: Hits=1171, Misses=21, HitRate=98.24%
    Predictor Routed-Expert HitRate=N/A
    Loads Per Step: 0Loads=128, 1Load=21, >1Load=0
    Bandwidth: StallLoads=21, PrefetchLoads=247, AvgLoadTime=3.04ms
    PrefetchOverlap: HiddenReady=227, HiddenWait=0, TicksSkipped=0
    MissCause: NotPresent=21, NotReadyStall=0
    PrefetchEff: Dropped=0, AlreadyCached=945, UsedBeforeEvict=227, EvictedBeforeUse=20
    GatingPredict Recall=89.26% (1064/1192)
    GatingPredict Precision=89.26% (1064/1192)
    GatingPrefetch Delivery=89.35% (1065/1192)
    GatingPrefetch Triggers=149
    Predictor TopK matches: 0=0 1=0 >=2=0
Layer 30 Cache Stats: Hits=1176, Misses=16, HitRate=98.66%
    Predictor Routed-Expert HitRate=N/A
    Loads Per Step: 0Loads=135, 1Load=12, >1Load=2
    Bandwidth: StallLoads=16, PrefetchLoads=97, AvgLoadTime=4.05ms
    PrefetchOverlap: HiddenReady=79, HiddenWait=0, TicksSkipped=0
    MissCause: NotPresent=16, NotReadyStall=0
    PrefetchEff: Dropped=0, AlreadyCached=1095, UsedBeforeEvict=79, EvictedBeforeUse=17
    GatingPredict Recall=88.51% (1055/1192)
    GatingPredict Precision=88.51% (1055/1192)
    GatingPrefetch Delivery=88.59% (1056/1192)
    GatingPrefetch Triggers=149
    Predictor TopK matches: 0=0 1=0 >=2=0
Layer 31 Cache Stats: Hits=1173, Misses=19, HitRate=98.41%
    Predictor Routed-Expert HitRate=N/A
    Loads Per Step: 0Loads=130, 1Load=19, >1Load=0
    Bandwidth: StallLoads=19, PrefetchLoads=82, AvgLoadTime=3.76ms
    PrefetchOverlap: HiddenReady=69, HiddenWait=0, TicksSkipped=0
    MissCause: NotPresent=19, NotReadyStall=0
    PrefetchEff: Dropped=0, AlreadyCached=1110, UsedBeforeEvict=69, EvictedBeforeUse=11
    GatingPredict Recall=90.27% (1076/1192)
    GatingPredict Precision=90.27% (1076/1192)
    GatingPrefetch Delivery=90.27% (1076/1192)
    GatingPrefetch Triggers=149
    Predictor TopK matches: 0=0 1=0 >=2=0
Layer 32 Cache Stats: Hits=1157, Misses=35, HitRate=97.06%
    Predictor Routed-Expert HitRate=N/A
    Loads Per Step: 0Loads=120, 1Load=24, >1Load=5
    Bandwidth: StallLoads=35, PrefetchLoads=179, AvgLoadTime=3.13ms
    PrefetchOverlap: HiddenReady=156, HiddenWait=0, TicksSkipped=0
    MissCause: NotPresent=35, NotReadyStall=0
    PrefetchEff: Dropped=0, AlreadyCached=1013, UsedBeforeEvict=156, EvictedBeforeUse=22
    GatingPredict Recall=88.51% (1055/1192)
    GatingPredict Precision=88.51% (1055/1192)
    GatingPrefetch Delivery=88.59% (1056/1192)
    GatingPrefetch Triggers=149
    Predictor TopK matches: 0=0 1=0 >=2=0
Layer 33 Cache Stats: Hits=1168, Misses=24, HitRate=97.99%
    Predictor Routed-Expert HitRate=N/A
    Loads Per Step: 0Loads=129, 1Load=17, >1Load=3
    Bandwidth: StallLoads=24, PrefetchLoads=136, AvgLoadTime=3.76ms
    PrefetchOverlap: HiddenReady=120, HiddenWait=0, TicksSkipped=0
    MissCause: NotPresent=24, NotReadyStall=0
    PrefetchEff: Dropped=0, AlreadyCached=1056, UsedBeforeEvict=120, EvictedBeforeUse=16
    GatingPredict Recall=91.19% (1087/1192)
    GatingPredict Precision=91.19% (1087/1192)
    GatingPrefetch Delivery=91.19% (1087/1192)
    GatingPrefetch Triggers=149
    Predictor TopK matches: 0=0 1=0 >=2=0
Layer 34 Cache Stats: Hits=1168, Misses=24, HitRate=97.99%
    Predictor Routed-Expert HitRate=N/A
    Loads Per Step: 0Loads=125, 1Load=24, >1Load=0
    Bandwidth: StallLoads=24, PrefetchLoads=197, AvgLoadTime=3.12ms
    PrefetchOverlap: HiddenReady=170, HiddenWait=0, TicksSkipped=0
    MissCause: NotPresent=24, NotReadyStall=0
    PrefetchEff: Dropped=0, AlreadyCached=995, UsedBeforeEvict=170, EvictedBeforeUse=26
    GatingPredict Recall=90.94% (1084/1192)
    GatingPredict Precision=90.94% (1084/1192)
    GatingPrefetch Delivery=90.94% (1084/1192)
    GatingPrefetch Triggers=149
    Predictor TopK matches: 0=0 1=0 >=2=0
Layer 35 Cache Stats: Hits=1155, Misses=37, HitRate=96.90%
    Predictor Routed-Expert HitRate=N/A
    Loads Per Step: 0Loads=118, 1Load=25, >1Load=6
    Bandwidth: StallLoads=37, PrefetchLoads=268, AvgLoadTime=3.04ms
    PrefetchOverlap: HiddenReady=247, HiddenWait=0, TicksSkipped=0
    MissCause: NotPresent=37, NotReadyStall=0
    PrefetchEff: Dropped=0, AlreadyCached=924, UsedBeforeEvict=247, EvictedBeforeUse=20
    GatingPredict Recall=89.35% (1065/1192)
    GatingPredict Precision=89.35% (1065/1192)
    GatingPrefetch Delivery=89.35% (1065/1192)
    GatingPrefetch Triggers=149
    Predictor TopK matches: 0=0 1=0 >=2=0
Layer 36 Cache Stats: Hits=1158, Misses=34, HitRate=97.15%
    Predictor Routed-Expert HitRate=N/A
    Loads Per Step: 0Loads=120, 1Load=25, >1Load=4
    Bandwidth: StallLoads=34, PrefetchLoads=157, AvgLoadTime=3.97ms
    PrefetchOverlap: HiddenReady=139, HiddenWait=0, TicksSkipped=0
    MissCause: NotPresent=34, NotReadyStall=0
    PrefetchEff: Dropped=0, AlreadyCached=1035, UsedBeforeEvict=139, EvictedBeforeUse=18
    GatingPredict Recall=89.77% (1070/1192)
    GatingPredict Precision=89.77% (1070/1192)
    GatingPrefetch Delivery=89.77% (1070/1192)
    GatingPrefetch Triggers=149
    Predictor TopK matches: 0=0 1=0 >=2=0
Layer 37 Cache Stats: Hits=1157, Misses=35, HitRate=97.06%
    Predictor Routed-Expert HitRate=N/A
    Loads Per Step: 0Loads=116, 1Load=31, >1Load=2
    Bandwidth: StallLoads=35, PrefetchLoads=278, AvgLoadTime=3.06ms
    PrefetchOverlap: HiddenReady=247, HiddenWait=0, TicksSkipped=0
    MissCause: NotPresent=35, NotReadyStall=0
    PrefetchEff: Dropped=0, AlreadyCached=914, UsedBeforeEvict=247, EvictedBeforeUse=29
    GatingPredict Recall=89.60% (1068/1192)
    GatingPredict Precision=89.60% (1068/1192)
    GatingPrefetch Delivery=89.68% (1069/1192)
    GatingPrefetch Triggers=149
    Predictor TopK matches: 0=0 1=0 >=2=0
Layer 38 Cache Stats: Hits=1163, Misses=29, HitRate=97.57%
    Predictor Routed-Expert HitRate=N/A
    Loads Per Step: 0Loads=121, 1Load=27, >1Load=1
    Bandwidth: StallLoads=29, PrefetchLoads=212, AvgLoadTime=3.71ms
    PrefetchOverlap: HiddenReady=174, HiddenWait=0, TicksSkipped=0
    MissCause: NotPresent=29, NotReadyStall=0
    PrefetchEff: Dropped=0, AlreadyCached=980, UsedBeforeEvict=174, EvictedBeforeUse=37
    GatingPredict Recall=88.17% (1051/1192)
    GatingPredict Precision=88.17% (1051/1192)
    GatingPrefetch Delivery=88.26% (1052/1192)
    GatingPrefetch Triggers=149
    Predictor TopK matches: 0=0 1=0 >=2=0
Layer 39 Cache Stats: Hits=1170, Misses=22, HitRate=98.15%
    Predictor Routed-Expert HitRate=N/A
    Loads Per Step: 0Loads=127, 1Load=22, >1Load=0
    Bandwidth: StallLoads=22, PrefetchLoads=145, AvgLoadTime=3.86ms
    PrefetchOverlap: HiddenReady=127, HiddenWait=0, TicksSkipped=0
    MissCause: NotPresent=22, NotReadyStall=0
    PrefetchEff: Dropped=0, AlreadyCached=1047, UsedBeforeEvict=127, EvictedBeforeUse=18
    GatingPredict Recall=90.02% (1073/1192)
    GatingPredict Precision=90.02% (1073/1192)
    GatingPrefetch Delivery=90.02% (1073/1192)
    GatingPrefetch Triggers=149
    Predictor TopK matches: 0=0 1=0 >=2=0
Layer 40 Cache Stats: Hits=1166, Misses=26, HitRate=97.82%
    Predictor Routed-Expert HitRate=N/A
    Loads Per Step: 0Loads=125, 1Load=22, >1Load=2
    Bandwidth: StallLoads=26, PrefetchLoads=181, AvgLoadTime=3.52ms
    PrefetchOverlap: HiddenReady=155, HiddenWait=0, TicksSkipped=0
    MissCause: NotPresent=26, NotReadyStall=0
    PrefetchEff: Dropped=0, AlreadyCached=1011, UsedBeforeEvict=155, EvictedBeforeUse=24
    GatingPredict Recall=90.52% (1079/1192)
    GatingPredict Precision=90.52% (1079/1192)
    GatingPrefetch Delivery=90.69% (1081/1192)
    GatingPrefetch Triggers=149
    Predictor TopK matches: 0=0 1=0 >=2=0
Layer 41 Cache Stats: Hits=1162, Misses=30, HitRate=97.48%
    Predictor Routed-Expert HitRate=N/A
    Loads Per Step: 0Loads=119, 1Load=30, >1Load=0
    Bandwidth: StallLoads=30, PrefetchLoads=284, AvgLoadTime=3.20ms
    PrefetchOverlap: HiddenReady=264, HiddenWait=0, TicksSkipped=0
    MissCause: NotPresent=30, NotReadyStall=0
    PrefetchEff: Dropped=0, AlreadyCached=908, UsedBeforeEvict=264, EvictedBeforeUse=20
    GatingPredict Recall=90.10% (1074/1192)
    GatingPredict Precision=90.10% (1074/1192)
    GatingPrefetch Delivery=90.10% (1074/1192)
    GatingPrefetch Triggers=149
    Predictor TopK matches: 0=0 1=0 >=2=0
Layer 42 Cache Stats: Hits=1164, Misses=28, HitRate=97.65%
    Predictor Routed-Expert HitRate=N/A
    Loads Per Step: 0Loads=121, 1Load=28, >1Load=0
    Bandwidth: StallLoads=28, PrefetchLoads=182, AvgLoadTime=4.17ms
    PrefetchOverlap: HiddenReady=160, HiddenWait=0, TicksSkipped=0
    MissCause: NotPresent=28, NotReadyStall=0
    PrefetchEff: Dropped=0, AlreadyCached=1010, UsedBeforeEvict=160, EvictedBeforeUse=21
    GatingPredict Recall=90.18% (1075/1192)
    GatingPredict Precision=90.18% (1075/1192)
    GatingPrefetch Delivery=90.18% (1075/1192)
    GatingPrefetch Triggers=149
    Predictor TopK matches: 0=0 1=0 >=2=0
Layer 43 Cache Stats: Hits=1170, Misses=22, HitRate=98.15%
    Predictor Routed-Expert HitRate=N/A
    Loads Per Step: 0Loads=130, 1Load=16, >1Load=3
    Bandwidth: StallLoads=22, PrefetchLoads=166, AvgLoadTime=3.63ms
    PrefetchOverlap: HiddenReady=147, HiddenWait=0, TicksSkipped=0
    MissCause: NotPresent=22, NotReadyStall=0
    PrefetchEff: Dropped=0, AlreadyCached=1026, UsedBeforeEvict=147, EvictedBeforeUse=19
    GatingPredict Recall=88.51% (1055/1192)
    GatingPredict Precision=88.51% (1055/1192)
    GatingPrefetch Delivery=88.51% (1055/1192)
    GatingPrefetch Triggers=149
    Predictor TopK matches: 0=0 1=0 >=2=0
Layer 44 Cache Stats: Hits=1169, Misses=23, HitRate=98.07%
    Predictor Routed-Expert HitRate=N/A
    Loads Per Step: 0Loads=128, 1Load=20, >1Load=1
    Bandwidth: StallLoads=23, PrefetchLoads=173, AvgLoadTime=3.51ms
    PrefetchOverlap: HiddenReady=158, HiddenWait=0, TicksSkipped=0
    MissCause: NotPresent=23, NotReadyStall=0
    PrefetchEff: Dropped=0, AlreadyCached=1019, UsedBeforeEvict=158, EvictedBeforeUse=13
    GatingPredict Recall=90.44% (1078/1192)
    GatingPredict Precision=90.44% (1078/1192)
    GatingPrefetch Delivery=90.44% (1078/1192)
    GatingPrefetch Triggers=149
    Predictor TopK matches: 0=0 1=0 >=2=0
Layer 45 Cache Stats: Hits=1170, Misses=22, HitRate=98.15%
    Predictor Routed-Expert HitRate=N/A
    Loads Per Step: 0Loads=129, 1Load=18, >1Load=2
    Bandwidth: StallLoads=22, PrefetchLoads=190, AvgLoadTime=3.27ms
    PrefetchOverlap: HiddenReady=178, HiddenWait=0, TicksSkipped=0
    MissCause: NotPresent=22, NotReadyStall=0
    PrefetchEff: Dropped=0, AlreadyCached=1002, UsedBeforeEvict=178, EvictedBeforeUse=12
    GatingPredict Recall=91.95% (1096/1192)
    GatingPredict Precision=91.95% (1096/1192)
    GatingPrefetch Delivery=92.03% (1097/1192)
    GatingPrefetch Triggers=149
    Predictor TopK matches: 0=0 1=0 >=2=0
Layer 46 Cache Stats: Hits=1159, Misses=33, HitRate=97.23%
    Predictor Routed-Expert HitRate=N/A
    Loads Per Step: 0Loads=119, 1Load=27, >1Load=3
    Bandwidth: StallLoads=33, PrefetchLoads=245, AvgLoadTime=3.26ms
    PrefetchOverlap: HiddenReady=215, HiddenWait=0, TicksSkipped=0
    MissCause: NotPresent=33, NotReadyStall=0
    PrefetchEff: Dropped=0, AlreadyCached=947, UsedBeforeEvict=215, EvictedBeforeUse=30
    GatingPredict Recall=87.84% (1047/1192)
    GatingPredict Precision=87.84% (1047/1192)
    GatingPrefetch Delivery=87.92% (1048/1192)
    GatingPrefetch Triggers=149
    Predictor TopK matches: 0=0 1=0 >=2=0
Layer 47 Cache Stats: Hits=1150, Misses=42, HitRate=96.48%
    Predictor Routed-Expert HitRate=N/A
    Loads Per Step: 0Loads=114, 1Load=28, >1Load=7
    Bandwidth: StallLoads=42, PrefetchLoads=314, AvgLoadTime=3.08ms
    PrefetchOverlap: HiddenReady=238, HiddenWait=0, TicksSkipped=0
    MissCause: NotPresent=42, NotReadyStall=0
    PrefetchEff: Dropped=0, AlreadyCached=878, UsedBeforeEvict=238, EvictedBeforeUse=75
    GatingPredict Recall=82.97% (989/1192)
    GatingPredict Precision=82.97% (989/1192)
    GatingPrefetch Delivery=83.05% (990/1192)
    GatingPrefetch Triggers=149
    Predictor TopK matches: 0=0 1=0 >=2=0
============================================================
============================================================
Initializing Qwen3 30B-A3B AWQ w4a16 quantized model...
============================================================
Loading quantized weights from QuixiAI/Qwen3-30B-A3B-AWQ...
Using saved safetensors: /home/michael/heteroPredict/py/unified_llm_w4a16/model_weights/Qwen3-30B-A3B-AWQ.safetensors
Expert weights dir: /home/michael/heteroPredict/py/unified_llm_w4a16/model_weights/Qwen3-30B-A3B-AWQ_packed  (format: packed)
Using existing attention weights in /home/michael/heteroPredict/py/unified_llm_w4a16/model_weights/Qwen3-30B-A3B-AWQ_unpacked
Weights loaded (expert dir override) in 0.29 seconds
Pre-warming expert cache with 48 experts...
Model initialized successfully!
Set expert cache policy to LRU.

Running sweep using prompts from JSON: /tmp/tmp60_bxldi.json
Loaded 1 prompts for sweeping.

Processing Prompt 1/1...

============================================================
Generated text only:
============================================================
oulter also appeared in the 2010 film The King 's Speech , playing a soldier in a scene with Colin Firth . 

In 2011 , Boulter played " Tom " in the play The Pride by David Eldridge , which was performed at the Royal Court Theatre in London . The play explores the theme of same-sex relationships in the 1950s and 1960s . In a review of the production for The Guardian , theatre critic Michael Billington noted , " Robert Boulter brings a touching vulnerability to the role of Tom . " In 2012 , Boulter played " Daniel " in the play The Merchant of Venice at the Almeida Theatre
============================================================

============================================================
Sweep Complete.
Average Time per Token: 0.313960
End-to-End TPS: 3.1851
Cache Stats: Hits=54921, Misses=2295, HitRate=95.99%
Predictor Stats: Hits=0, Total=0, HitRate=0.00%
Initializing UnifiedLLMW4A16Impl_base
Using NPU config struct.
Configuring NPU (Base):
  Heterogeneity: gpu
  GPU Count: 1
  Debug Verbosity: 1
  Dummy Weights: false
  Warmup: false
  Preload MoE: true
  Minimal PDI: true
[GPU SELECT] Free VRAM ranking: gpu0=28.00/28.00 GiB
[GPU SELECT] Selected GPUs for gpu-count=1: [0]
[GPU MAP] Single-GPU placement on gpu0
[Layer 1] cache partition: main=40 speculative=8 (fraction=0.166667)
[GatingHeuristicPredictor Layer 1] prefetch_count=8 softmax_before_topk=yes
[Layer 2] cache partition: main=40 speculative=8 (fraction=0.166667)
[GatingHeuristicPredictor Layer 2] prefetch_count=8 softmax_before_topk=yes
[Layer 3] cache partition: main=40 speculative=8 (fraction=0.166667)
[GatingHeuristicPredictor Layer 3] prefetch_count=8 softmax_before_topk=yes
[Layer 4] cache partition: main=40 speculative=8 (fraction=0.166667)
[GatingHeuristicPredictor Layer 4] prefetch_count=8 softmax_before_topk=yes
[Layer 5] cache partition: main=40 speculative=8 (fraction=0.166667)
[GatingHeuristicPredictor Layer 5] prefetch_count=8 softmax_before_topk=yes
[Layer 6] cache partition: main=40 speculative=8 (fraction=0.166667)
[GatingHeuristicPredictor Layer 6] prefetch_count=8 softmax_before_topk=yes
[Layer 7] cache partition: main=40 speculative=8 (fraction=0.166667)
[GatingHeuristicPredictor Layer 7] prefetch_count=8 softmax_before_topk=yes
[Layer 8] cache partition: main=40 speculative=8 (fraction=0.166667)
[GatingHeuristicPredictor Layer 8] prefetch_count=8 softmax_before_topk=yes
[Layer 9] cache partition: main=40 speculative=8 (fraction=0.166667)
[GatingHeuristicPredictor Layer 9] prefetch_count=8 softmax_before_topk=yes
[Layer 10] cache partition: main=40 speculative=8 (fraction=0.166667)
[GatingHeuristicPredictor Layer 10] prefetch_count=8 softmax_before_topk=yes
[Layer 11] cache partition: main=40 speculative=8 (fraction=0.166667)
[GatingHeuristicPredictor Layer 11] prefetch_count=8 softmax_before_topk=yes
[Layer 12] cache partition: main=40 speculative=8 (fraction=0.166667)
[GatingHeuristicPredictor Layer 12] prefetch_count=8 softmax_before_topk=yes
[Layer 13] cache partition: main=40 speculative=8 (fraction=0.166667)
[GatingHeuristicPredictor Layer 13] prefetch_count=8 softmax_before_topk=yes
[Layer 14] cache partition: main=40 speculative=8 (fraction=0.166667)
[GatingHeuristicPredictor Layer 14] prefetch_count=8 softmax_before_topk=yes
[Layer 15] cache partition: main=40 speculative=8 (fraction=0.166667)
[GatingHeuristicPredictor Layer 15] prefetch_count=8 softmax_before_topk=yes
[Layer 16] cache partition: main=40 speculative=8 (fraction=0.166667)
[GatingHeuristicPredictor Layer 16] prefetch_count=8 softmax_before_topk=yes
[Layer 17] cache partition: main=40 speculative=8 (fraction=0.166667)
[GatingHeuristicPredictor Layer 17] prefetch_count=8 softmax_before_topk=yes
[Layer 18] cache partition: main=40 speculative=8 (fraction=0.166667)
[GatingHeuristicPredictor Layer 18] prefetch_count=8 softmax_before_topk=yes
[Layer 19] cache partition: main=40 speculative=8 (fraction=0.166667)
[GatingHeuristicPredictor Layer 19] prefetch_count=8 softmax_before_topk=yes
[Layer 20] cache partition: main=40 speculative=8 (fraction=0.166667)
[GatingHeuristicPredictor Layer 20] prefetch_count=8 softmax_before_topk=yes
[Layer 21] cache partition: main=40 speculative=8 (fraction=0.166667)
[GatingHeuristicPredictor Layer 21] prefetch_count=8 softmax_before_topk=yes
[Layer 22] cache partition: main=40 speculative=8 (fraction=0.166667)
[GatingHeuristicPredictor Layer 22] prefetch_count=8 softmax_before_topk=yes
[Layer 23] cache partition: main=40 speculative=8 (fraction=0.166667)
[GatingHeuristicPredictor Layer 23] prefetch_count=8 softmax_before_topk=yes
[Layer 24] cache partition: main=40 speculative=8 (fraction=0.166667)
[GatingHeuristicPredictor Layer 24] prefetch_count=8 softmax_before_topk=yes
[Layer 25] cache partition: main=40 speculative=8 (fraction=0.166667)
[GatingHeuristicPredictor Layer 25] prefetch_count=8 softmax_before_topk=yes
[Layer 26] cache partition: main=40 speculative=8 (fraction=0.166667)
[GatingHeuristicPredictor Layer 26] prefetch_count=8 softmax_before_topk=yes
[Layer 27] cache partition: main=40 speculative=8 (fraction=0.166667)
[GatingHeuristicPredictor Layer 27] prefetch_count=8 softmax_before_topk=yes
[Layer 28] cache partition: main=40 speculative=8 (fraction=0.166667)
[GatingHeuristicPredictor Layer 28] prefetch_count=8 softmax_before_topk=yes
[Layer 29] cache partition: main=40 speculative=8 (fraction=0.166667)
[GatingHeuristicPredictor Layer 29] prefetch_count=8 softmax_before_topk=yes
[Layer 30] cache partition: main=40 speculative=8 (fraction=0.166667)
[GatingHeuristicPredictor Layer 30] prefetch_count=8 softmax_before_topk=yes
[Layer 31] cache partition: main=40 speculative=8 (fraction=0.166667)
[GatingHeuristicPredictor Layer 31] prefetch_count=8 softmax_before_topk=yes
[Layer 32] cache partition: main=40 speculative=8 (fraction=0.166667)
[GatingHeuristicPredictor Layer 32] prefetch_count=8 softmax_before_topk=yes
[Layer 33] cache partition: main=40 speculative=8 (fraction=0.166667)
[GatingHeuristicPredictor Layer 33] prefetch_count=8 softmax_before_topk=yes
[Layer 34] cache partition: main=40 speculative=8 (fraction=0.166667)
[GatingHeuristicPredictor Layer 34] prefetch_count=8 softmax_before_topk=yes
[Layer 35] cache partition: main=40 speculative=8 (fraction=0.166667)
[GatingHeuristicPredictor Layer 35] prefetch_count=8 softmax_before_topk=yes
[Layer 36] cache partition: main=40 speculative=8 (fraction=0.166667)
[GatingHeuristicPredictor Layer 36] prefetch_count=8 softmax_before_topk=yes
[Layer 37] cache partition: main=40 speculative=8 (fraction=0.166667)
[GatingHeuristicPredictor Layer 37] prefetch_count=8 softmax_before_topk=yes
[Layer 38] cache partition: main=40 speculative=8 (fraction=0.166667)
[GatingHeuristicPredictor Layer 38] prefetch_count=8 softmax_before_topk=yes
[Layer 39] cache partition: main=40 speculative=8 (fraction=0.166667)
[GatingHeuristicPredictor Layer 39] prefetch_count=8 softmax_before_topk=yes
[Layer 40] cache partition: main=40 speculative=8 (fraction=0.166667)
[GatingHeuristicPredictor Layer 40] prefetch_count=8 softmax_before_topk=yes
[Layer 41] cache partition: main=40 speculative=8 (fraction=0.166667)
[GatingHeuristicPredictor Layer 41] prefetch_count=8 softmax_before_topk=yes
[Layer 42] cache partition: main=40 speculative=8 (fraction=0.166667)
[GatingHeuristicPredictor Layer 42] prefetch_count=8 softmax_before_topk=yes
[Layer 43] cache partition: main=40 speculative=8 (fraction=0.166667)
[GatingHeuristicPredictor Layer 43] prefetch_count=8 softmax_before_topk=yes
[Layer 44] cache partition: main=40 speculative=8 (fraction=0.166667)
[GatingHeuristicPredictor Layer 44] prefetch_count=8 softmax_before_topk=yes
[Layer 45] cache partition: main=40 speculative=8 (fraction=0.166667)
[GatingHeuristicPredictor Layer 45] prefetch_count=8 softmax_before_topk=yes
[Layer 46] cache partition: main=40 speculative=8 (fraction=0.166667)
[GatingHeuristicPredictor Layer 46] prefetch_count=8 softmax_before_topk=yes
[Layer 47] cache partition: main=40 speculative=8 (fraction=0.166667)
[GatingHeuristicPredictor Layer 47] prefetch_count=8 softmax_before_topk=yes
UnifiedLLMW4A16 moved to device: cuda:0
Preloading MoE kernels...
MoE kernels preloaded.
UnifiedLLMW4A16 initialized on device: cuda:0 with w4a16 quantization
Loading non-quantized weights from safetensors (mmap): /home/michael/heteroPredict/py/unified_llm_w4a16/model_weights/Qwen3-30B-A3B-AWQ.safetensors
Loaded 243 non-quantized parameters, skipped 0
Loading quantized weights from bins: /home/michael/heteroPredict/py/unified_llm_w4a16/model_weights/Qwen3-30B-A3B-AWQ_unpacked
  Expert weights dir override: /home/michael/heteroPredict/py/unified_llm_w4a16/model_weights/Qwen3-30B-A3B-AWQ_packed
Pre-warming 48 experts for all layers...
Layer 0: Pre-warming 40 experts.
Layer 0: using packed expert format.
[MoE I/O] Expert weight reads require O_DIRECT (no buffered fallback).
Layer 1: Pre-warming 40 experts.
Layer 1: using packed expert format.
Layer 2: Pre-warming 40 experts.
Layer 2: using packed expert format.
Layer 3: Pre-warming 40 experts.
Layer 3: using packed expert format.
Prewarmed experts for layer 4/48
Layer 4: Pre-warming 40 experts.
Layer 4: using packed expert format.
Layer 5: Pre-warming 40 experts.
Layer 5: using packed expert format.
Layer 6: Pre-warming 40 experts.
Layer 6: using packed expert format.
Layer 7: Pre-warming 40 experts.
Layer 7: using packed expert format.
Prewarmed experts for layer 8/48
Layer 8: Pre-warming 40 experts.
Layer 8: using packed expert format.
Layer 9: Pre-warming 40 experts.
Layer 9: using packed expert format.
Layer 10: Pre-warming 40 experts.
Layer 10: using packed expert format.
Layer 11: Pre-warming 40 experts.
Layer 11: using packed expert format.
Prewarmed experts for layer 12/48
Layer 12: Pre-warming 40 experts.
Layer 12: using packed expert format.
Layer 13: Pre-warming 40 experts.
Layer 13: using packed expert format.
Layer 14: Pre-warming 40 experts.
Layer 14: using packed expert format.
Layer 15: Pre-warming 40 experts.
Layer 15: using packed expert format.
Prewarmed experts for layer 16/48
Layer 16: Pre-warming 40 experts.
Layer 16: using packed expert format.
Layer 17: Pre-warming 40 experts.
Layer 17: using packed expert format.
Layer 18: Pre-warming 40 experts.
Layer 18: using packed expert format.
Layer 19: Pre-warming 40 experts.
Layer 19: using packed expert format.
Prewarmed experts for layer 20/48
Layer 20: Pre-warming 40 experts.
Layer 20: using packed expert format.
Layer 21: Pre-warming 40 experts.
Layer 21: using packed expert format.
Layer 22: Pre-warming 40 experts.
Layer 22: using packed expert format.
Layer 23: Pre-warming 40 experts.
Layer 23: using packed expert format.
Prewarmed experts for layer 24/48
Layer 24: Pre-warming 40 experts.
Layer 24: using packed expert format.
Layer 25: Pre-warming 40 experts.
Layer 25: using packed expert format.
Layer 26: Pre-warming 40 experts.
Layer 26: using packed expert format.
Layer 27: Pre-warming 40 experts.
Layer 27: using packed expert format.
Prewarmed experts for layer 28/48
Layer 28: Pre-warming 40 experts.
Layer 28: using packed expert format.
Layer 29: Pre-warming 40 experts.
Layer 29: using packed expert format.
Layer 30: Pre-warming 40 experts.
Layer 30: using packed expert format.
Layer 31: Pre-warming 40 experts.
Layer 31: using packed expert format.
Prewarmed experts for layer 32/48
Layer 32: Pre-warming 40 experts.
Layer 32: using packed expert format.
Layer 33: Pre-warming 40 experts.
Layer 33: using packed expert format.
Layer 34: Pre-warming 40 experts.
Layer 34: using packed expert format.
Layer 35: Pre-warming 40 experts.
Layer 35: using packed expert format.
Prewarmed experts for layer 36/48
Layer 36: Pre-warming 40 experts.
Layer 36: using packed expert format.
Layer 37: Pre-warming 40 experts.
Layer 37: using packed expert format.
Layer 38: Pre-warming 40 experts.
Layer 38: using packed expert format.
Layer 39: Pre-warming 40 experts.
Layer 39: using packed expert format.
Prewarmed experts for layer 40/48
Layer 40: Pre-warming 40 experts.
Layer 40: using packed expert format.
Layer 41: Pre-warming 40 experts.
Layer 41: using packed expert format.
Layer 42: Pre-warming 40 experts.
Layer 42: using packed expert format.
Layer 43: Pre-warming 40 experts.
Layer 43: using packed expert format.
Prewarmed experts for layer 44/48
Layer 44: Pre-warming 40 experts.
Layer 44: using packed expert format.
Layer 45: Pre-warming 40 experts.
Layer 45: using packed expert format.
Layer 46: Pre-warming 40 experts.
Layer 46: using packed expert format.
Layer 47: Pre-warming 40 experts.
Layer 47: using packed expert format.
Prewarmed experts for layer 48/48
Libtorch input_ids shape: [1, 512]
Skipping warmup.
Prefill time: 17.6332 seconds
Generation phase
[Layer 0 Step 0 Debug] Slots before check: 123 124 125 126 127 88 89 90 91 92 93 94 95 96 97 98 99 100 101 102 103 104 105 106 107 108 109 110 111 112 113 114 115 116 117 118 119 120 121 122 -1 -1 -1 -1 -1 -1 -1 -1 
[Layer 0 Step 0 Debug] Requested: 95 87 83 73 28 41 46 118 
[gen 5/149] elapsed=1.5s  TPS=3.312
[gen 10/149] elapsed=2.6s  TPS=3.869
[gen 15/149] elapsed=3.7s  TPS=4.033
[gen 20/149] elapsed=4.7s  TPS=4.218
[gen 25/149] elapsed=5.9s  TPS=4.255
[gen 30/149] elapsed=7.0s  TPS=4.292
[gen 35/149] elapsed=8.1s  TPS=4.328
[gen 40/149] elapsed=9.2s  TPS=4.362
[gen 45/149] elapsed=10.0s  TPS=4.508
[gen 50/149] elapsed=11.0s  TPS=4.539
[gen 55/149] elapsed=12.4s  TPS=4.442
[gen 60/149] elapsed=13.5s  TPS=4.433
[gen 65/149] elapsed=14.5s  TPS=4.476
[gen 70/149] elapsed=15.6s  TPS=4.475
[gen 75/149] elapsed=16.6s  TPS=4.515
[gen 80/149] elapsed=17.5s  TPS=4.563
[gen 85/149] elapsed=18.5s  TPS=4.601
[gen 90/149] elapsed=19.4s  TPS=4.630
[gen 95/149] elapsed=20.3s  TPS=4.682
[gen 100/149] elapsed=21.1s  TPS=4.728
[gen 105/149] elapsed=22.1s  TPS=4.749
[gen 110/149] elapsed=22.9s  TPS=4.804
[gen 115/149] elapsed=23.7s  TPS=4.846
[gen 120/149] elapsed=24.4s  TPS=4.918
[gen 125/149] elapsed=25.2s  TPS=4.952
[gen 130/149] elapsed=26.1s  TPS=4.987
[gen 135/149] elapsed=27.0s  TPS=5.005
[gen 140/149] elapsed=27.8s  TPS=5.034
[gen 145/149] elapsed=28.6s  TPS=5.076
Prefill time (summary): 17.633 seconds
Total Generation Time: 29.211 seconds
Average Time per Token: 0.196048 seconds

Expert Cache Statistics:
Layer 0 Cache Stats: Hits=645, Misses=547, HitRate=54.11%
    Predictor Routed-Expert HitRate=N/A
    Loads Per Step: 0Loads=10, 1Load=14, >1Load=125
    Bandwidth: StallLoads=547, PrefetchLoads=0, AvgLoadTime=2.86ms
    MissCause: NotPresent=547, NotReadyStall=0
    GlobalSpecLoad: PeakConcurrent=2
    Predictor TopK matches: 0=0 1=0 >=2=0
Layer 1 Cache Stats: Hits=1056, Misses=136, HitRate=88.59%
    Predictor Routed-Expert HitRate=N/A
    Loads Per Step: 0Loads=55, 1Load=58, >1Load=36
    Bandwidth: StallLoads=136, PrefetchLoads=318, AvgLoadTime=4.02ms
    PrefetchOverlap: HiddenReady=222, HiddenWait=0, TicksSkipped=0
    MissCause: NotPresent=136, NotReadyStall=0
    PrefetchEff: Dropped=0, AlreadyCached=874, UsedBeforeEvict=222, EvictedBeforeUse=95
    GatingPredict Recall=60.15% (717/1192)
    GatingPredict Precision=60.15% (717/1192)
    GatingPrefetch Delivery=60.74% (724/1192)
    GatingPrefetch Triggers=149
    Predictor TopK matches: 0=0 1=0 >=2=0
Layer 2 Cache Stats: Hits=1119, Misses=73, HitRate=93.88%
    Predictor Routed-Expert HitRate=N/A
    Loads Per Step: 0Loads=91, 1Load=44, >1Load=14
    Bandwidth: StallLoads=73, PrefetchLoads=336, AvgLoadTime=3.09ms
    PrefetchOverlap: HiddenReady=237, HiddenWait=0, TicksSkipped=0
    MissCause: NotPresent=73, NotReadyStall=0
    PrefetchEff: Dropped=0, AlreadyCached=856, UsedBeforeEvict=237, EvictedBeforeUse=97
    GatingPredict Recall=67.95% (810/1192)
    GatingPredict Precision=67.95% (810/1192)
    GatingPrefetch Delivery=68.12% (812/1192)
    GatingPrefetch Triggers=149
    Predictor TopK matches: 0=0 1=0 >=2=0
Layer 3 Cache Stats: Hits=1075, Misses=117, HitRate=90.18%
    Predictor Routed-Expert HitRate=N/A
    Loads Per Step: 0Loads=65, 1Load=55, >1Load=29
    Bandwidth: StallLoads=117, PrefetchLoads=304, AvgLoadTime=3.29ms
    PrefetchOverlap: HiddenReady=223, HiddenWait=0, TicksSkipped=0
    MissCause: NotPresent=117, NotReadyStall=0
    PrefetchEff: Dropped=0, AlreadyCached=888, UsedBeforeEvict=223, EvictedBeforeUse=78
    GatingPredict Recall=65.86% (785/1192)
    GatingPredict Precision=65.86% (785/1192)
    GatingPrefetch Delivery=66.44% (792/1192)
    GatingPrefetch Triggers=149
    Predictor TopK matches: 0=0 1=0 >=2=0
Layer 4 Cache Stats: Hits=1108, Misses=84, HitRate=92.95%
    Predictor Routed-Expert HitRate=N/A
    Loads Per Step: 0Loads=82, 1Load=51, >1Load=16
    Bandwidth: StallLoads=84, PrefetchLoads=238, AvgLoadTime=3.80ms
    PrefetchOverlap: HiddenReady=143, HiddenWait=0, TicksSkipped=0
    MissCause: NotPresent=84, NotReadyStall=0
    PrefetchEff: Dropped=0, AlreadyCached=954, UsedBeforeEvict=143, EvictedBeforeUse=93
    GatingPredict Recall=71.73% (855/1192)
    GatingPredict Precision=71.73% (855/1192)
    GatingPrefetch Delivery=71.90% (857/1192)
    GatingPrefetch Triggers=149
    Predictor TopK matches: 0=0 1=0 >=2=0
Layer 5 Cache Stats: Hits=1137, Misses=55, HitRate=95.39%
    Predictor Routed-Expert HitRate=N/A
    Loads Per Step: 0Loads=101, 1Load=42, >1Load=6
    Bandwidth: StallLoads=55, PrefetchLoads=262, AvgLoadTime=3.14ms
    PrefetchOverlap: HiddenReady=194, HiddenWait=0, TicksSkipped=0
    MissCause: NotPresent=55, NotReadyStall=0
    PrefetchEff: Dropped=0, AlreadyCached=930, UsedBeforeEvict=194, EvictedBeforeUse=66
    GatingPredict Recall=76.85% (916/1192)
    GatingPredict Precision=76.85% (916/1192)
    GatingPrefetch Delivery=77.01% (918/1192)
    GatingPrefetch Triggers=149
    Predictor TopK matches: 0=0 1=0 >=2=0
Layer 6 Cache Stats: Hits=1164, Misses=28, HitRate=97.65%
    Predictor Routed-Expert HitRate=N/A
    Loads Per Step: 0Loads=125, 1Load=20, >1Load=4
    Bandwidth: StallLoads=28, PrefetchLoads=90, AvgLoadTime=3.79ms
    PrefetchOverlap: HiddenReady=49, HiddenWait=0, TicksSkipped=0
    MissCause: NotPresent=28, NotReadyStall=0
    PrefetchEff: Dropped=0, AlreadyCached=1102, UsedBeforeEvict=49, EvictedBeforeUse=36
    GatingPredict Recall=78.69% (938/1192)
    GatingPredict Precision=78.69% (938/1192)
    GatingPrefetch Delivery=78.94% (941/1192)
    GatingPrefetch Triggers=149
    Predictor TopK matches: 0=0 1=0 >=2=0
Layer 7 Cache Stats: Hits=1173, Misses=19, HitRate=98.41%
    Predictor Routed-Expert HitRate=N/A
    Loads Per Step: 0Loads=130, 1Load=19, >1Load=0
    Bandwidth: StallLoads=19, PrefetchLoads=93, AvgLoadTime=3.84ms
    PrefetchOverlap: HiddenReady=65, HiddenWait=0, TicksSkipped=0
    MissCause: NotPresent=19, NotReadyStall=0
    PrefetchEff: Dropped=0, AlreadyCached=1099, UsedBeforeEvict=65, EvictedBeforeUse=26
    GatingPredict Recall=84.65% (1009/1192)
    GatingPredict Precision=84.65% (1009/1192)
    GatingPrefetch Delivery=84.65% (1009/1192)
    GatingPrefetch Triggers=149
    Predictor TopK matches: 0=0 1=0 >=2=0
Layer 8 Cache Stats: Hits=1151, Misses=41, HitRate=96.56%
    Predictor Routed-Expert HitRate=N/A
    Loads Per Step: 0Loads=113, 1Load=32, >1Load=4
    Bandwidth: StallLoads=41, PrefetchLoads=157, AvgLoadTime=3.38ms
    PrefetchOverlap: HiddenReady=125, HiddenWait=0, TicksSkipped=0
    MissCause: NotPresent=41, NotReadyStall=0
    PrefetchEff: Dropped=0, AlreadyCached=1035, UsedBeforeEvict=125, EvictedBeforeUse=32
    GatingPredict Recall=84.40% (1006/1192)
    GatingPredict Precision=84.40% (1006/1192)
    GatingPrefetch Delivery=84.56% (1008/1192)
    GatingPrefetch Triggers=149
    Predictor TopK matches: 0=0 1=0 >=2=0
Layer 9 Cache Stats: Hits=1169, Misses=23, HitRate=98.07%
    Predictor Routed-Expert HitRate=N/A
    Loads Per Step: 0Loads=128, 1Load=19, >1Load=2
    Bandwidth: StallLoads=23, PrefetchLoads=121, AvgLoadTime=4.05ms
    PrefetchOverlap: HiddenReady=100, HiddenWait=0, TicksSkipped=0
    MissCause: NotPresent=23, NotReadyStall=0
    PrefetchEff: Dropped=0, AlreadyCached=1071, UsedBeforeEvict=100, EvictedBeforeUse=20
    GatingPredict Recall=82.72% (986/1192)
    GatingPredict Precision=82.72% (986/1192)
    GatingPrefetch Delivery=82.80% (987/1192)
    GatingPrefetch Triggers=149
    Predictor TopK matches: 0=0 1=0 >=2=0
Layer 10 Cache Stats: Hits=1145, Misses=47, HitRate=96.06%
    Predictor Routed-Expert HitRate=N/A
    Loads Per Step: 0Loads=108, 1Load=35, >1Load=6
    Bandwidth: StallLoads=47, PrefetchLoads=204, AvgLoadTime=3.29ms
    PrefetchOverlap: HiddenReady=171, HiddenWait=0, TicksSkipped=0
    MissCause: NotPresent=47, NotReadyStall=0
    PrefetchEff: Dropped=0, AlreadyCached=988, UsedBeforeEvict=171, EvictedBeforeUse=31
    GatingPredict Recall=84.56% (1008/1192)
    GatingPredict Precision=84.56% (1008/1192)
    GatingPrefetch Delivery=84.73% (1010/1192)
    GatingPrefetch Triggers=149
    Predictor TopK matches: 0=0 1=0 >=2=0
Layer 11 Cache Stats: Hits=1141, Misses=51, HitRate=95.72%
    Predictor Routed-Expert HitRate=N/A
    Loads Per Step: 0Loads=102, 1Load=43, >1Load=4
    Bandwidth: StallLoads=51, PrefetchLoads=227, AvgLoadTime=3.48ms
    PrefetchOverlap: HiddenReady=204, HiddenWait=0, TicksSkipped=0
    MissCause: NotPresent=51, NotReadyStall=0
    PrefetchEff: Dropped=0, AlreadyCached=965, UsedBeforeEvict=204, EvictedBeforeUse=22
    GatingPredict Recall=86.74% (1034/1192)
    GatingPredict Precision=86.74% (1034/1192)
    GatingPrefetch Delivery=86.83% (1035/1192)
    GatingPrefetch Triggers=149
    Predictor TopK matches: 0=0 1=0 >=2=0
Layer 12 Cache Stats: Hits=1157, Misses=35, HitRate=97.06%
    Predictor Routed-Expert HitRate=N/A
    Loads Per Step: 0Loads=115, 1Load=33, >1Load=1
    Bandwidth: StallLoads=35, PrefetchLoads=200, AvgLoadTime=3.61ms
    PrefetchOverlap: HiddenReady=172, HiddenWait=0, TicksSkipped=0
    MissCause: NotPresent=35, NotReadyStall=0
    PrefetchEff: Dropped=0, AlreadyCached=992, UsedBeforeEvict=172, EvictedBeforeUse=27
    GatingPredict Recall=88.00% (1049/1192)
    GatingPredict Precision=88.00% (1049/1192)
    GatingPrefetch Delivery=88.00% (1049/1192)
    GatingPrefetch Triggers=149
    Predictor TopK matches: 0=0 1=0 >=2=0
Layer 13 Cache Stats: Hits=1155, Misses=37, HitRate=96.90%
    Predictor Routed-Expert HitRate=N/A
    Loads Per Step: 0Loads=114, 1Load=33, >1Load=2
    Bandwidth: StallLoads=37, PrefetchLoads=251, AvgLoadTime=3.23ms
    PrefetchOverlap: HiddenReady=214, HiddenWait=0, TicksSkipped=0
    MissCause: NotPresent=37, NotReadyStall=0
    PrefetchEff: Dropped=0, AlreadyCached=941, UsedBeforeEvict=214, EvictedBeforeUse=34
    GatingPredict Recall=85.07% (1014/1192)
    GatingPredict Precision=85.07% (1014/1192)
    GatingPrefetch Delivery=85.23% (1016/1192)
    GatingPrefetch Triggers=149
    Predictor TopK matches: 0=0 1=0 >=2=0
Layer 14 Cache Stats: Hits=1168, Misses=24, HitRate=97.99%
    Predictor Routed-Expert HitRate=N/A
    Loads Per Step: 0Loads=126, 1Load=22, >1Load=1
    Bandwidth: StallLoads=24, PrefetchLoads=174, AvgLoadTime=3.69ms
    PrefetchOverlap: HiddenReady=139, HiddenWait=0, TicksSkipped=0
    MissCause: NotPresent=24, NotReadyStall=0
    PrefetchEff: Dropped=0, AlreadyCached=1018, UsedBeforeEvict=139, EvictedBeforeUse=34
    GatingPredict Recall=85.82% (1023/1192)
    GatingPredict Precision=85.82% (1023/1192)
    GatingPrefetch Delivery=85.91% (1024/1192)
    GatingPrefetch Triggers=149
    Predictor TopK matches: 0=0 1=0 >=2=0
Layer 15 Cache Stats: Hits=1167, Misses=25, HitRate=97.90%
    Predictor Routed-Expert HitRate=N/A
    Loads Per Step: 0Loads=125, 1Load=23, >1Load=1
    Bandwidth: StallLoads=25, PrefetchLoads=123, AvgLoadTime=3.77ms
    PrefetchOverlap: HiddenReady=103, HiddenWait=0, TicksSkipped=0
    MissCause: NotPresent=25, NotReadyStall=0
    PrefetchEff: Dropped=0, AlreadyCached=1069, UsedBeforeEvict=103, EvictedBeforeUse=17
    GatingPredict Recall=88.42% (1054/1192)
    GatingPredict Precision=88.42% (1054/1192)
    GatingPrefetch Delivery=88.59% (1056/1192)
    GatingPrefetch Triggers=149
    Predictor TopK matches: 0=0 1=0 >=2=0
Layer 16 Cache Stats: Hits=1165, Misses=27, HitRate=97.73%
    Predictor Routed-Expert HitRate=N/A
    Loads Per Step: 0Loads=125, 1Load=21, >1Load=3
    Bandwidth: StallLoads=27, PrefetchLoads=200, AvgLoadTime=3.30ms
    PrefetchOverlap: HiddenReady=171, HiddenWait=0, TicksSkipped=0
    MissCause: NotPresent=27, NotReadyStall=0
    PrefetchEff: Dropped=0, AlreadyCached=992, UsedBeforeEvict=171, EvictedBeforeUse=28
    GatingPredict Recall=85.49% (1019/1192)
    GatingPredict Precision=85.49% (1019/1192)
    GatingPrefetch Delivery=85.49% (1019/1192)
    GatingPrefetch Triggers=149
    Predictor TopK matches: 0=0 1=0 >=2=0
Layer 17 Cache Stats: Hits=1159, Misses=33, HitRate=97.23%
    Predictor Routed-Expert HitRate=N/A
    Loads Per Step: 0Loads=116, 1Load=33, >1Load=0
    Bandwidth: StallLoads=33, PrefetchLoads=236, AvgLoadTime=3.17ms
    PrefetchOverlap: HiddenReady=215, HiddenWait=0, TicksSkipped=0
    MissCause: NotPresent=33, NotReadyStall=0
    PrefetchEff: Dropped=0, AlreadyCached=956, UsedBeforeEvict=215, EvictedBeforeUse=21
    GatingPredict Recall=89.09% (1062/1192)
    GatingPredict Precision=89.09% (1062/1192)
    GatingPrefetch Delivery=89.18% (1063/1192)
    GatingPrefetch Triggers=149
    Predictor TopK matches: 0=0 1=0 >=2=0
Layer 18 Cache Stats: Hits=1180, Misses=12, HitRate=98.99%
    Predictor Routed-Expert HitRate=N/A
    Loads Per Step: 0Loads=140, 1Load=6, >1Load=3
    Bandwidth: StallLoads=12, PrefetchLoads=73, AvgLoadTime=4.46ms
    PrefetchOverlap: HiddenReady=49, HiddenWait=0, TicksSkipped=0
    MissCause: NotPresent=12, NotReadyStall=0
    PrefetchEff: Dropped=0, AlreadyCached=1119, UsedBeforeEvict=49, EvictedBeforeUse=21
    GatingPredict Recall=85.23% (1016/1192)
    GatingPredict Precision=85.23% (1016/1192)
    GatingPrefetch Delivery=85.40% (1018/1192)
    GatingPrefetch Triggers=149
    Predictor TopK matches: 0=0 1=0 >=2=0
Layer 19 Cache Stats: Hits=1176, Misses=16, HitRate=98.66%
    Predictor Routed-Expert HitRate=N/A
    Loads Per Step: 0Loads=135, 1Load=12, >1Load=2
    Bandwidth: StallLoads=16, PrefetchLoads=77, AvgLoadTime=3.75ms
    PrefetchOverlap: HiddenReady=60, HiddenWait=0, TicksSkipped=0
    MissCause: NotPresent=16, NotReadyStall=0
    PrefetchEff: Dropped=0, AlreadyCached=1115, UsedBeforeEvict=60, EvictedBeforeUse=17
    GatingPredict Recall=89.93% (1072/1192)
    GatingPredict Precision=89.93% (1072/1192)
    GatingPrefetch Delivery=89.93% (1072/1192)
    GatingPrefetch Triggers=149
    Predictor TopK matches: 0=0 1=0 >=2=0
Layer 20 Cache Stats: Hits=1162, Misses=30, HitRate=97.48%
    Predictor Routed-Expert HitRate=N/A
    Loads Per Step: 0Loads=119, 1Load=30, >1Load=0
    Bandwidth: StallLoads=30, PrefetchLoads=102, AvgLoadTime=3.60ms
    PrefetchOverlap: HiddenReady=86, HiddenWait=0, TicksSkipped=0
    MissCause: NotPresent=30, NotReadyStall=0
    PrefetchEff: Dropped=0, AlreadyCached=1090, UsedBeforeEvict=86, EvictedBeforeUse=15
    GatingPredict Recall=86.74% (1034/1192)
    GatingPredict Precision=86.74% (1034/1192)
    GatingPrefetch Delivery=86.91% (1036/1192)
    GatingPrefetch Triggers=149
    Predictor TopK matches: 0=0 1=0 >=2=0
Layer 21 Cache Stats: Hits=1168, Misses=24, HitRate=97.99%
    Predictor Routed-Expert HitRate=N/A
    Loads Per Step: 0Loads=128, 1Load=18, >1Load=3
    Bandwidth: StallLoads=24, PrefetchLoads=117, AvgLoadTime=3.74ms
    PrefetchOverlap: HiddenReady=104, HiddenWait=0, TicksSkipped=0
    MissCause: NotPresent=24, NotReadyStall=0
    PrefetchEff: Dropped=0, AlreadyCached=1075, UsedBeforeEvict=104, EvictedBeforeUse=12
    GatingPredict Recall=87.92% (1048/1192)
    GatingPredict Precision=87.92% (1048/1192)
    GatingPrefetch Delivery=87.92% (1048/1192)
    GatingPrefetch Triggers=149
    Predictor TopK matches: 0=0 1=0 >=2=0
Layer 22 Cache Stats: Hits=1143, Misses=49, HitRate=95.89%
    Predictor Routed-Expert HitRate=N/A
    Loads Per Step: 0Loads=107, 1Load=35, >1Load=7
    Bandwidth: StallLoads=49, PrefetchLoads=192, AvgLoadTime=3.49ms
    PrefetchOverlap: HiddenReady=165, HiddenWait=0, TicksSkipped=0
    MissCause: NotPresent=49, NotReadyStall=0
    PrefetchEff: Dropped=0, AlreadyCached=1000, UsedBeforeEvict=165, EvictedBeforeUse=25
    GatingPredict Recall=85.91% (1024/1192)
    GatingPredict Precision=85.91% (1024/1192)
    GatingPrefetch Delivery=85.99% (1025/1192)
    GatingPrefetch Triggers=149
    Predictor TopK matches: 0=0 1=0 >=2=0
Layer 23 Cache Stats: Hits=1144, Misses=48, HitRate=95.97%
    Predictor Routed-Expert HitRate=N/A
    Loads Per Step: 0Loads=106, 1Load=38, >1Load=5
    Bandwidth: StallLoads=48, PrefetchLoads=218, AvgLoadTime=3.67ms
    PrefetchOverlap: HiddenReady=195, HiddenWait=0, TicksSkipped=0
    MissCause: NotPresent=48, NotReadyStall=0
    PrefetchEff: Dropped=0, AlreadyCached=974, UsedBeforeEvict=195, EvictedBeforeUse=22
    GatingPredict Recall=88.34% (1053/1192)
    GatingPredict Precision=88.34% (1053/1192)
    GatingPrefetch Delivery=88.42% (1054/1192)
    GatingPrefetch Triggers=149
    Predictor TopK matches: 0=0 1=0 >=2=0
Layer 24 Cache Stats: Hits=1157, Misses=35, HitRate=97.06%
    Predictor Routed-Expert HitRate=N/A
    Loads Per Step: 0Loads=119, 1Load=26, >1Load=4
    Bandwidth: StallLoads=35, PrefetchLoads=227, AvgLoadTime=3.37ms
    PrefetchOverlap: HiddenReady=193, HiddenWait=0, TicksSkipped=0
    MissCause: NotPresent=35, NotReadyStall=0
    PrefetchEff: Dropped=0, AlreadyCached=965, UsedBeforeEvict=193, EvictedBeforeUse=34
    GatingPredict Recall=88.51% (1055/1192)
    GatingPredict Precision=88.51% (1055/1192)
    GatingPrefetch Delivery=88.59% (1056/1192)
    GatingPrefetch Triggers=149
    Predictor TopK matches: 0=0 1=0 >=2=0
Layer 25 Cache Stats: Hits=1145, Misses=47, HitRate=96.06%
    Predictor Routed-Expert HitRate=N/A
    Loads Per Step: 0Loads=103, 1Load=45, >1Load=1
    Bandwidth: StallLoads=47, PrefetchLoads=247, AvgLoadTime=3.58ms
    PrefetchOverlap: HiddenReady=211, HiddenWait=0, TicksSkipped=0
    MissCause: NotPresent=47, NotReadyStall=0
    PrefetchEff: Dropped=0, AlreadyCached=945, UsedBeforeEvict=211, EvictedBeforeUse=35
    GatingPredict Recall=88.84% (1059/1192)
    GatingPredict Precision=88.84% (1059/1192)
    GatingPrefetch Delivery=88.84% (1059/1192)
    GatingPrefetch Triggers=149
    Predictor TopK matches: 0=0 1=0 >=2=0
Layer 26 Cache Stats: Hits=1166, Misses=26, HitRate=97.82%
    Predictor Routed-Expert HitRate=N/A
    Loads Per Step: 0Loads=126, 1Load=20, >1Load=3
    Bandwidth: StallLoads=26, PrefetchLoads=215, AvgLoadTime=3.58ms
    PrefetchOverlap: HiddenReady=173, HiddenWait=0, TicksSkipped=0
    MissCause: NotPresent=26, NotReadyStall=0
    PrefetchEff: Dropped=0, AlreadyCached=977, UsedBeforeEvict=173, EvictedBeforeUse=40
    GatingPredict Recall=87.33% (1041/1192)
    GatingPredict Precision=87.33% (1041/1192)
    GatingPrefetch Delivery=87.33% (1041/1192)
    GatingPrefetch Triggers=149
    Predictor TopK matches: 0=0 1=0 >=2=0
Layer 27 Cache Stats: Hits=1170, Misses=22, HitRate=98.15%
    Predictor Routed-Expert HitRate=N/A
    Loads Per Step: 0Loads=128, 1Load=20, >1Load=1
    Bandwidth: StallLoads=22, PrefetchLoads=110, AvgLoadTime=4.18ms
    PrefetchOverlap: HiddenReady=91, HiddenWait=0, TicksSkipped=0
    MissCause: NotPresent=22, NotReadyStall=0
    PrefetchEff: Dropped=0, AlreadyCached=1082, UsedBeforeEvict=91, EvictedBeforeUse=17
    GatingPredict Recall=90.10% (1074/1192)
    GatingPredict Precision=90.10% (1074/1192)
    GatingPrefetch Delivery=90.10% (1074/1192)
    GatingPrefetch Triggers=149
    Predictor TopK matches: 0=0 1=0 >=2=0
Layer 28 Cache Stats: Hits=1172, Misses=20, HitRate=98.32%
    Predictor Routed-Expert HitRate=N/A
    Loads Per Step: 0Loads=130, 1Load=18, >1Load=1
    Bandwidth: StallLoads=20, PrefetchLoads=235, AvgLoadTime=3.21ms
    PrefetchOverlap: HiddenReady=210, HiddenWait=0, TicksSkipped=0
    MissCause: NotPresent=20, NotReadyStall=0
    PrefetchEff: Dropped=0, AlreadyCached=957, UsedBeforeEvict=210, EvictedBeforeUse=22
    GatingPredict Recall=89.68% (1069/1192)
    GatingPredict Precision=89.68% (1069/1192)
    GatingPrefetch Delivery=89.68% (1069/1192)
    GatingPrefetch Triggers=149
    Predictor TopK matches: 0=0 1=0 >=2=0
Layer 29 Cache Stats: Hits=1157, Misses=35, HitRate=97.06%
    Predictor Routed-Expert HitRate=N/A
    Loads Per Step: 0Loads=118, 1Load=27, >1Load=4
    Bandwidth: StallLoads=35, PrefetchLoads=243, AvgLoadTime=3.16ms
    PrefetchOverlap: HiddenReady=216, HiddenWait=0, TicksSkipped=0
    MissCause: NotPresent=35, NotReadyStall=0
    PrefetchEff: Dropped=0, AlreadyCached=949, UsedBeforeEvict=216, EvictedBeforeUse=26
    GatingPredict Recall=89.60% (1068/1192)
    GatingPredict Precision=89.60% (1068/1192)
    GatingPrefetch Delivery=89.60% (1068/1192)
    GatingPrefetch Triggers=149
    Predictor TopK matches: 0=0 1=0 >=2=0
Layer 30 Cache Stats: Hits=1180, Misses=12, HitRate=98.99%
    Predictor Routed-Expert HitRate=N/A
    Loads Per Step: 0Loads=137, 1Load=12, >1Load=0
    Bandwidth: StallLoads=12, PrefetchLoads=54, AvgLoadTime=4.55ms
    PrefetchOverlap: HiddenReady=46, HiddenWait=0, TicksSkipped=0
    MissCause: NotPresent=12, NotReadyStall=0
    PrefetchEff: Dropped=0, AlreadyCached=1138, UsedBeforeEvict=46, EvictedBeforeUse=6
    GatingPredict Recall=86.83% (1035/1192)
    GatingPredict Precision=86.83% (1035/1192)
    GatingPrefetch Delivery=87.00% (1037/1192)
    GatingPrefetch Triggers=149
    Predictor TopK matches: 0=0 1=0 >=2=0
Layer 31 Cache Stats: Hits=1174, Misses=18, HitRate=98.49%
    Predictor Routed-Expert HitRate=N/A
    Loads Per Step: 0Loads=132, 1Load=16, >1Load=1
    Bandwidth: StallLoads=18, PrefetchLoads=73, AvgLoadTime=3.57ms
    PrefetchOverlap: HiddenReady=65, HiddenWait=0, TicksSkipped=0
    MissCause: NotPresent=18, NotReadyStall=0
    PrefetchEff: Dropped=0, AlreadyCached=1119, UsedBeforeEvict=65, EvictedBeforeUse=8
    GatingPredict Recall=91.53% (1091/1192)
    GatingPredict Precision=91.53% (1091/1192)
    GatingPrefetch Delivery=91.53% (1091/1192)
    GatingPrefetch Triggers=149
    Predictor TopK matches: 0=0 1=0 >=2=0
Layer 32 Cache Stats: Hits=1160, Misses=32, HitRate=97.32%
    Predictor Routed-Expert HitRate=N/A
    Loads Per Step: 0Loads=122, 1Load=22, >1Load=5
    Bandwidth: StallLoads=32, PrefetchLoads=133, AvgLoadTime=3.32ms
    PrefetchOverlap: HiddenReady=119, HiddenWait=0, TicksSkipped=0
    MissCause: NotPresent=32, NotReadyStall=0
    PrefetchEff: Dropped=0, AlreadyCached=1059, UsedBeforeEvict=119, EvictedBeforeUse=12
    GatingPredict Recall=89.51% (1067/1192)
    GatingPredict Precision=89.51% (1067/1192)
    GatingPrefetch Delivery=89.60% (1068/1192)
    GatingPrefetch Triggers=149
    Predictor TopK matches: 0=0 1=0 >=2=0
Layer 33 Cache Stats: Hits=1177, Misses=15, HitRate=98.74%
    Predictor Routed-Expert HitRate=N/A
    Loads Per Step: 0Loads=135, 1Load=13, >1Load=1
    Bandwidth: StallLoads=15, PrefetchLoads=137, AvgLoadTime=3.44ms
    PrefetchOverlap: HiddenReady=116, HiddenWait=0, TicksSkipped=0
    MissCause: NotPresent=15, NotReadyStall=0
    PrefetchEff: Dropped=0, AlreadyCached=1055, UsedBeforeEvict=116, EvictedBeforeUse=21
    GatingPredict Recall=90.10% (1074/1192)
    GatingPredict Precision=90.10% (1074/1192)
    GatingPrefetch Delivery=90.10% (1074/1192)
    GatingPrefetch Triggers=149
    Predictor TopK matches: 0=0 1=0 >=2=0
Layer 34 Cache Stats: Hits=1162, Misses=30, HitRate=97.48%
    Predictor Routed-Expert HitRate=N/A
    Loads Per Step: 0Loads=120, 1Load=28, >1Load=1
    Bandwidth: StallLoads=30, PrefetchLoads=213, AvgLoadTime=3.21ms
    PrefetchOverlap: HiddenReady=196, HiddenWait=0, TicksSkipped=0
    MissCause: NotPresent=30, NotReadyStall=0
    PrefetchEff: Dropped=0, AlreadyCached=979, UsedBeforeEvict=196, EvictedBeforeUse=16
    GatingPredict Recall=90.94% (1084/1192)
    GatingPredict Precision=90.94% (1084/1192)
    GatingPrefetch Delivery=91.02% (1085/1192)
    GatingPrefetch Triggers=149
    Predictor TopK matches: 0=0 1=0 >=2=0
Layer 35 Cache Stats: Hits=1161, Misses=31, HitRate=97.40%
    Predictor Routed-Expert HitRate=N/A
    Loads Per Step: 0Loads=120, 1Load=27, >1Load=2
    Bandwidth: StallLoads=31, PrefetchLoads=238, AvgLoadTime=3.18ms
    PrefetchOverlap: HiddenReady=226, HiddenWait=0, TicksSkipped=0
    MissCause: NotPresent=31, NotReadyStall=0
    PrefetchEff: Dropped=0, AlreadyCached=954, UsedBeforeEvict=226, EvictedBeforeUse=12
    GatingPredict Recall=91.61% (1092/1192)
    GatingPredict Precision=91.61% (1092/1192)
    GatingPrefetch Delivery=91.69% (1093/1192)
    GatingPrefetch Triggers=149
    Predictor TopK matches: 0=0 1=0 >=2=0
Layer 36 Cache Stats: Hits=1160, Misses=32, HitRate=97.32%
    Predictor Routed-Expert HitRate=N/A
    Loads Per Step: 0Loads=121, 1Load=25, >1Load=3
    Bandwidth: StallLoads=32, PrefetchLoads=183, AvgLoadTime=3.52ms
    PrefetchOverlap: HiddenReady=157, HiddenWait=0, TicksSkipped=0
    MissCause: NotPresent=32, NotReadyStall=0
    PrefetchEff: Dropped=0, AlreadyCached=1009, UsedBeforeEvict=157, EvictedBeforeUse=26
    GatingPredict Recall=90.27% (1076/1192)
    GatingPredict Precision=90.27% (1076/1192)
    GatingPrefetch Delivery=90.27% (1076/1192)
    GatingPrefetch Triggers=149
    Predictor TopK matches: 0=0 1=0 >=2=0
Layer 37 Cache Stats: Hits=1163, Misses=29, HitRate=97.57%
    Predictor Routed-Expert HitRate=N/A
    Loads Per Step: 0Loads=122, 1Load=25, >1Load=2
    Bandwidth: StallLoads=29, PrefetchLoads=262, AvgLoadTime=3.27ms
    PrefetchOverlap: HiddenReady=237, HiddenWait=0, TicksSkipped=0
    MissCause: NotPresent=29, NotReadyStall=0
    PrefetchEff: Dropped=0, AlreadyCached=930, UsedBeforeEvict=237, EvictedBeforeUse=23
    GatingPredict Recall=87.75% (1046/1192)
    GatingPredict Precision=87.75% (1046/1192)
    GatingPrefetch Delivery=87.75% (1046/1192)
    GatingPrefetch Triggers=149
    Predictor TopK matches: 0=0 1=0 >=2=0
Layer 38 Cache Stats: Hits=1174, Misses=18, HitRate=98.49%
    Predictor Routed-Expert HitRate=N/A
    Loads Per Step: 0Loads=133, 1Load=14, >1Load=2
    Bandwidth: StallLoads=18, PrefetchLoads=270, AvgLoadTime=3.27ms
    PrefetchOverlap: HiddenReady=241, HiddenWait=0, TicksSkipped=0
    MissCause: NotPresent=18, NotReadyStall=0
    PrefetchEff: Dropped=0, AlreadyCached=922, UsedBeforeEvict=241, EvictedBeforeUse=29
    GatingPredict Recall=91.36% (1089/1192)
    GatingPredict Precision=91.36% (1089/1192)
    GatingPrefetch Delivery=91.36% (1089/1192)
    GatingPrefetch Triggers=149
    Predictor TopK matches: 0=0 1=0 >=2=0
Layer 39 Cache Stats: Hits=1167, Misses=25, HitRate=97.90%
    Predictor Routed-Expert HitRate=N/A
    Loads Per Step: 0Loads=125, 1Load=23, >1Load=1
    Bandwidth: StallLoads=25, PrefetchLoads=154, AvgLoadTime=3.83ms
    PrefetchOverlap: HiddenReady=131, HiddenWait=0, TicksSkipped=0
    MissCause: NotPresent=25, NotReadyStall=0
    PrefetchEff: Dropped=0, AlreadyCached=1038, UsedBeforeEvict=131, EvictedBeforeUse=22
    GatingPredict Recall=90.10% (1074/1192)
    GatingPredict Precision=90.10% (1074/1192)
    GatingPrefetch Delivery=90.10% (1074/1192)
    GatingPrefetch Triggers=149
    Predictor TopK matches: 0=0 1=0 >=2=0
Layer 40 Cache Stats: Hits=1170, Misses=22, HitRate=98.15%
    Predictor Routed-Expert HitRate=N/A
    Loads Per Step: 0Loads=130, 1Load=16, >1Load=3
    Bandwidth: StallLoads=22, PrefetchLoads=170, AvgLoadTime=3.60ms
    PrefetchOverlap: HiddenReady=147, HiddenWait=0, TicksSkipped=0
    MissCause: NotPresent=22, NotReadyStall=0
    PrefetchEff: Dropped=0, AlreadyCached=1022, UsedBeforeEvict=147, EvictedBeforeUse=23
    GatingPredict Recall=90.35% (1077/1192)
    GatingPredict Precision=90.35% (1077/1192)
    GatingPrefetch Delivery=90.44% (1078/1192)
    GatingPrefetch Triggers=149
    Predictor TopK matches: 0=0 1=0 >=2=0
Layer 41 Cache Stats: Hits=1159, Misses=33, HitRate=97.23%
    Predictor Routed-Expert HitRate=N/A
    Loads Per Step: 0Loads=121, 1Load=23, >1Load=5
    Bandwidth: StallLoads=33, PrefetchLoads=311, AvgLoadTime=3.05ms
    PrefetchOverlap: HiddenReady=293, HiddenWait=0, TicksSkipped=0
    MissCause: NotPresent=33, NotReadyStall=0
    PrefetchEff: Dropped=0, AlreadyCached=881, UsedBeforeEvict=293, EvictedBeforeUse=17
    GatingPredict Recall=89.77% (1070/1192)
    GatingPredict Precision=89.77% (1070/1192)
    GatingPrefetch Delivery=89.85% (1071/1192)
    GatingPrefetch Triggers=149
    Predictor TopK matches: 0=0 1=0 >=2=0
Layer 42 Cache Stats: Hits=1171, Misses=21, HitRate=98.24%
    Predictor Routed-Expert HitRate=N/A
    Loads Per Step: 0Loads=130, 1Load=17, >1Load=2
    Bandwidth: StallLoads=21, PrefetchLoads=227, AvgLoadTime=3.91ms
    PrefetchOverlap: HiddenReady=211, HiddenWait=0, TicksSkipped=0
    MissCause: NotPresent=21, NotReadyStall=0
    PrefetchEff: Dropped=0, AlreadyCached=965, UsedBeforeEvict=211, EvictedBeforeUse=16
    GatingPredict Recall=91.11% (1086/1192)
    GatingPredict Precision=91.11% (1086/1192)
    GatingPrefetch Delivery=91.11% (1086/1192)
    GatingPrefetch Triggers=149
    Predictor TopK matches: 0=0 1=0 >=2=0
Layer 43 Cache Stats: Hits=1175, Misses=17, HitRate=98.57%
    Predictor Routed-Expert HitRate=N/A
    Loads Per Step: 0Loads=133, 1Load=15, >1Load=1
    Bandwidth: StallLoads=17, PrefetchLoads=160, AvgLoadTime=3.56ms
    PrefetchOverlap: HiddenReady=146, HiddenWait=0, TicksSkipped=0
    MissCause: NotPresent=17, NotReadyStall=0
    PrefetchEff: Dropped=0, AlreadyCached=1032, UsedBeforeEvict=146, EvictedBeforeUse=13
    GatingPredict Recall=90.77% (1082/1192)
    GatingPredict Precision=90.77% (1082/1192)
    GatingPrefetch Delivery=90.77% (1082/1192)
    GatingPrefetch Triggers=149
    Predictor TopK matches: 0=0 1=0 >=2=0
Layer 44 Cache Stats: Hits=1166, Misses=26, HitRate=97.82%
    Predictor Routed-Expert HitRate=N/A
    Loads Per Step: 0Loads=126, 1Load=20, >1Load=3
    Bandwidth: StallLoads=26, PrefetchLoads=105, AvgLoadTime=3.78ms
    PrefetchOverlap: HiddenReady=92, HiddenWait=0, TicksSkipped=0
    MissCause: NotPresent=26, NotReadyStall=0
    PrefetchEff: Dropped=0, AlreadyCached=1087, UsedBeforeEvict=92, EvictedBeforeUse=11
    GatingPredict Recall=90.60% (1080/1192)
    GatingPredict Precision=90.60% (1080/1192)
    GatingPrefetch Delivery=90.86% (1083/1192)
    GatingPrefetch Triggers=149
    Predictor TopK matches: 0=0 1=0 >=2=0
Layer 45 Cache Stats: Hits=1169, Misses=23, HitRate=98.07%
    Predictor Routed-Expert HitRate=N/A
    Loads Per Step: 0Loads=126, 1Load=23, >1Load=0
    Bandwidth: StallLoads=23, PrefetchLoads=121, AvgLoadTime=3.44ms
    PrefetchOverlap: HiddenReady=113, HiddenWait=0, TicksSkipped=0
    MissCause: NotPresent=23, NotReadyStall=0
    PrefetchEff: Dropped=0, AlreadyCached=1071, UsedBeforeEvict=113, EvictedBeforeUse=8
    GatingPredict Recall=89.68% (1069/1192)
    GatingPredict Precision=89.68% (1069/1192)
    GatingPrefetch Delivery=89.77% (1070/1192)
    GatingPrefetch Triggers=149
    Predictor TopK matches: 0=0 1=0 >=2=0
Layer 46 Cache Stats: Hits=1172, Misses=20, HitRate=98.32%
    Predictor Routed-Expert HitRate=N/A
    Loads Per Step: 0Loads=130, 1Load=18, >1Load=1
    Bandwidth: StallLoads=20, PrefetchLoads=215, AvgLoadTime=3.17ms
    PrefetchOverlap: HiddenReady=192, HiddenWait=0, TicksSkipped=0
    MissCause: NotPresent=20, NotReadyStall=0
    PrefetchEff: Dropped=0, AlreadyCached=977, UsedBeforeEvict=192, EvictedBeforeUse=23
    GatingPredict Recall=89.85% (1071/1192)
    GatingPredict Precision=89.85% (1071/1192)
    GatingPrefetch Delivery=89.85% (1071/1192)
    GatingPrefetch Triggers=149
    Predictor TopK matches: 0=0 1=0 >=2=0
Layer 47 Cache Stats: Hits=1161, Misses=31, HitRate=97.40%
    Predictor Routed-Expert HitRate=N/A
    Loads Per Step: 0Loads=122, 1Load=23, >1Load=4
    Bandwidth: StallLoads=31, PrefetchLoads=305, AvgLoadTime=3.03ms
    PrefetchOverlap: HiddenReady=246, HiddenWait=0, TicksSkipped=0
    MissCause: NotPresent=31, NotReadyStall=0
    PrefetchEff: Dropped=0, AlreadyCached=887, UsedBeforeEvict=246, EvictedBeforeUse=57
    GatingPredict Recall=84.56% (1008/1192)
    GatingPredict Precision=84.56% (1008/1192)
    GatingPrefetch Delivery=84.73% (1010/1192)
    GatingPrefetch Triggers=149
    Predictor TopK matches: 0=0 1=0 >=2=0
============================================================
============================================================
Initializing Qwen3 30B-A3B AWQ w4a16 quantized model...
============================================================
Loading quantized weights from QuixiAI/Qwen3-30B-A3B-AWQ...
Using saved safetensors: /home/michael/heteroPredict/py/unified_llm_w4a16/model_weights/Qwen3-30B-A3B-AWQ.safetensors
Expert weights dir: /home/michael/heteroPredict/py/unified_llm_w4a16/model_weights/Qwen3-30B-A3B-AWQ_packed  (format: packed)
Using existing attention weights in /home/michael/heteroPredict/py/unified_llm_w4a16/model_weights/Qwen3-30B-A3B-AWQ_unpacked
Weights loaded (expert dir override) in 0.29 seconds
Pre-warming expert cache with 48 experts...
Model initialized successfully!
Set expert cache policy to LRU.

Running sweep using prompts from JSON: /tmp/tmpir18iyyu.json
Loaded 1 prompts for sweeping.

Processing Prompt 1/1...

============================================================
Generated text only:
============================================================
 time was too " literary " and not sufficiently " classical " . However , he was not discouraged and continued to travel . He later took the exam again in 741 , and passed it . He was then given a minor post in the capital . 

 = = = The An Lushan rebellion and the fall of the Tang = = = 

 In 755 , the An Lushan rebellion broke out . The rebellion was a massive rebellion led by a general of non-Han origin , An Lushan , who had been appointed to the northern frontier to defend against the Tibetans . The rebellion began in 755 and lasted until 763 . The rebellion caused the collapse of the Tang dynasty and the death
============================================================

============================================================
Sweep Complete.
Average Time per Token: 0.312338
End-to-End TPS: 3.2017
Cache Stats: Hits=55015, Misses=2201, HitRate=96.15%
Predictor Stats: Hits=0, Total=0, HitRate=0.00%
Initializing UnifiedLLMW4A16Impl_base
Using NPU config struct.
Configuring NPU (Base):
  Heterogeneity: gpu
  GPU Count: 1
  Debug Verbosity: 1
  Dummy Weights: false
  Warmup: false
  Preload MoE: true
  Minimal PDI: true
[GPU SELECT] Free VRAM ranking: gpu0=28.00/28.00 GiB
[GPU SELECT] Selected GPUs for gpu-count=1: [0]
[GPU MAP] Single-GPU placement on gpu0
[Layer 1] cache partition: main=40 speculative=8 (fraction=0.166667)
[GatingHeuristicPredictor Layer 1] prefetch_count=8 softmax_before_topk=yes
[Layer 2] cache partition: main=40 speculative=8 (fraction=0.166667)
[GatingHeuristicPredictor Layer 2] prefetch_count=8 softmax_before_topk=yes
[Layer 3] cache partition: main=40 speculative=8 (fraction=0.166667)
[GatingHeuristicPredictor Layer 3] prefetch_count=8 softmax_before_topk=yes
[Layer 4] cache partition: main=40 speculative=8 (fraction=0.166667)
[GatingHeuristicPredictor Layer 4] prefetch_count=8 softmax_before_topk=yes
[Layer 5] cache partition: main=40 speculative=8 (fraction=0.166667)
[GatingHeuristicPredictor Layer 5] prefetch_count=8 softmax_before_topk=yes
[Layer 6] cache partition: main=40 speculative=8 (fraction=0.166667)
[GatingHeuristicPredictor Layer 6] prefetch_count=8 softmax_before_topk=yes
[Layer 7] cache partition: main=40 speculative=8 (fraction=0.166667)
[GatingHeuristicPredictor Layer 7] prefetch_count=8 softmax_before_topk=yes
[Layer 8] cache partition: main=40 speculative=8 (fraction=0.166667)
[GatingHeuristicPredictor Layer 8] prefetch_count=8 softmax_before_topk=yes
[Layer 9] cache partition: main=40 speculative=8 (fraction=0.166667)
[GatingHeuristicPredictor Layer 9] prefetch_count=8 softmax_before_topk=yes
[Layer 10] cache partition: main=40 speculative=8 (fraction=0.166667)
[GatingHeuristicPredictor Layer 10] prefetch_count=8 softmax_before_topk=yes
[Layer 11] cache partition: main=40 speculative=8 (fraction=0.166667)
[GatingHeuristicPredictor Layer 11] prefetch_count=8 softmax_before_topk=yes
[Layer 12] cache partition: main=40 speculative=8 (fraction=0.166667)
[GatingHeuristicPredictor Layer 12] prefetch_count=8 softmax_before_topk=yes
[Layer 13] cache partition: main=40 speculative=8 (fraction=0.166667)
[GatingHeuristicPredictor Layer 13] prefetch_count=8 softmax_before_topk=yes
[Layer 14] cache partition: main=40 speculative=8 (fraction=0.166667)
[GatingHeuristicPredictor Layer 14] prefetch_count=8 softmax_before_topk=yes
[Layer 15] cache partition: main=40 speculative=8 (fraction=0.166667)
[GatingHeuristicPredictor Layer 15] prefetch_count=8 softmax_before_topk=yes
[Layer 16] cache partition: main=40 speculative=8 (fraction=0.166667)
[GatingHeuristicPredictor Layer 16] prefetch_count=8 softmax_before_topk=yes
[Layer 17] cache partition: main=40 speculative=8 (fraction=0.166667)
[GatingHeuristicPredictor Layer 17] prefetch_count=8 softmax_before_topk=yes
[Layer 18] cache partition: main=40 speculative=8 (fraction=0.166667)
[GatingHeuristicPredictor Layer 18] prefetch_count=8 softmax_before_topk=yes
[Layer 19] cache partition: main=40 speculative=8 (fraction=0.166667)
[GatingHeuristicPredictor Layer 19] prefetch_count=8 softmax_before_topk=yes
[Layer 20] cache partition: main=40 speculative=8 (fraction=0.166667)
[GatingHeuristicPredictor Layer 20] prefetch_count=8 softmax_before_topk=yes
[Layer 21] cache partition: main=40 speculative=8 (fraction=0.166667)
[GatingHeuristicPredictor Layer 21] prefetch_count=8 softmax_before_topk=yes
[Layer 22] cache partition: main=40 speculative=8 (fraction=0.166667)
[GatingHeuristicPredictor Layer 22] prefetch_count=8 softmax_before_topk=yes
[Layer 23] cache partition: main=40 speculative=8 (fraction=0.166667)
[GatingHeuristicPredictor Layer 23] prefetch_count=8 softmax_before_topk=yes
[Layer 24] cache partition: main=40 speculative=8 (fraction=0.166667)
[GatingHeuristicPredictor Layer 24] prefetch_count=8 softmax_before_topk=yes
[Layer 25] cache partition: main=40 speculative=8 (fraction=0.166667)
[GatingHeuristicPredictor Layer 25] prefetch_count=8 softmax_before_topk=yes
[Layer 26] cache partition: main=40 speculative=8 (fraction=0.166667)
[GatingHeuristicPredictor Layer 26] prefetch_count=8 softmax_before_topk=yes
[Layer 27] cache partition: main=40 speculative=8 (fraction=0.166667)
[GatingHeuristicPredictor Layer 27] prefetch_count=8 softmax_before_topk=yes
[Layer 28] cache partition: main=40 speculative=8 (fraction=0.166667)
[GatingHeuristicPredictor Layer 28] prefetch_count=8 softmax_before_topk=yes
[Layer 29] cache partition: main=40 speculative=8 (fraction=0.166667)
[GatingHeuristicPredictor Layer 29] prefetch_count=8 softmax_before_topk=yes
[Layer 30] cache partition: main=40 speculative=8 (fraction=0.166667)
[GatingHeuristicPredictor Layer 30] prefetch_count=8 softmax_before_topk=yes
[Layer 31] cache partition: main=40 speculative=8 (fraction=0.166667)
[GatingHeuristicPredictor Layer 31] prefetch_count=8 softmax_before_topk=yes
[Layer 32] cache partition: main=40 speculative=8 (fraction=0.166667)
[GatingHeuristicPredictor Layer 32] prefetch_count=8 softmax_before_topk=yes
[Layer 33] cache partition: main=40 speculative=8 (fraction=0.166667)
[GatingHeuristicPredictor Layer 33] prefetch_count=8 softmax_before_topk=yes
[Layer 34] cache partition: main=40 speculative=8 (fraction=0.166667)
[GatingHeuristicPredictor Layer 34] prefetch_count=8 softmax_before_topk=yes
[Layer 35] cache partition: main=40 speculative=8 (fraction=0.166667)
[GatingHeuristicPredictor Layer 35] prefetch_count=8 softmax_before_topk=yes
[Layer 36] cache partition: main=40 speculative=8 (fraction=0.166667)
[GatingHeuristicPredictor Layer 36] prefetch_count=8 softmax_before_topk=yes
[Layer 37] cache partition: main=40 speculative=8 (fraction=0.166667)
[GatingHeuristicPredictor Layer 37] prefetch_count=8 softmax_before_topk=yes
[Layer 38] cache partition: main=40 speculative=8 (fraction=0.166667)
[GatingHeuristicPredictor Layer 38] prefetch_count=8 softmax_before_topk=yes
[Layer 39] cache partition: main=40 speculative=8 (fraction=0.166667)
[GatingHeuristicPredictor Layer 39] prefetch_count=8 softmax_before_topk=yes
[Layer 40] cache partition: main=40 speculative=8 (fraction=0.166667)
[GatingHeuristicPredictor Layer 40] prefetch_count=8 softmax_before_topk=yes
[Layer 41] cache partition: main=40 speculative=8 (fraction=0.166667)
[GatingHeuristicPredictor Layer 41] prefetch_count=8 softmax_before_topk=yes
[Layer 42] cache partition: main=40 speculative=8 (fraction=0.166667)
[GatingHeuristicPredictor Layer 42] prefetch_count=8 softmax_before_topk=yes
[Layer 43] cache partition: main=40 speculative=8 (fraction=0.166667)
[GatingHeuristicPredictor Layer 43] prefetch_count=8 softmax_before_topk=yes
[Layer 44] cache partition: main=40 speculative=8 (fraction=0.166667)
[GatingHeuristicPredictor Layer 44] prefetch_count=8 softmax_before_topk=yes
[Layer 45] cache partition: main=40 speculative=8 (fraction=0.166667)
[GatingHeuristicPredictor Layer 45] prefetch_count=8 softmax_before_topk=yes
[Layer 46] cache partition: main=40 speculative=8 (fraction=0.166667)
[GatingHeuristicPredictor Layer 46] prefetch_count=8 softmax_before_topk=yes
[Layer 47] cache partition: main=40 speculative=8 (fraction=0.166667)
[GatingHeuristicPredictor Layer 47] prefetch_count=8 softmax_before_topk=yes
UnifiedLLMW4A16 moved to device: cuda:0
Preloading MoE kernels...
MoE kernels preloaded.
UnifiedLLMW4A16 initialized on device: cuda:0 with w4a16 quantization
Loading non-quantized weights from safetensors (mmap): /home/michael/heteroPredict/py/unified_llm_w4a16/model_weights/Qwen3-30B-A3B-AWQ.safetensors
Loaded 243 non-quantized parameters, skipped 0
Loading quantized weights from bins: /home/michael/heteroPredict/py/unified_llm_w4a16/model_weights/Qwen3-30B-A3B-AWQ_unpacked
  Expert weights dir override: /home/michael/heteroPredict/py/unified_llm_w4a16/model_weights/Qwen3-30B-A3B-AWQ_packed
Pre-warming 48 experts for all layers...
Layer 0: Pre-warming 40 experts.
Layer 0: using packed expert format.
[MoE I/O] Expert weight reads require O_DIRECT (no buffered fallback).
Layer 1: Pre-warming 40 experts.
Layer 1: using packed expert format.
Layer 2: Pre-warming 40 experts.
Layer 2: using packed expert format.
Layer 3: Pre-warming 40 experts.
Layer 3: using packed expert format.
Prewarmed experts for layer 4/48
Layer 4: Pre-warming 40 experts.
Layer 4: using packed expert format.
Layer 5: Pre-warming 40 experts.
Layer 5: using packed expert format.
Layer 6: Pre-warming 40 experts.
Layer 6: using packed expert format.
Layer 7: Pre-warming 40 experts.
Layer 7: using packed expert format.
Prewarmed experts for layer 8/48
Layer 8: Pre-warming 40 experts.
Layer 8: using packed expert format.
Layer 9: Pre-warming 40 experts.
Layer 9: using packed expert format.
Layer 10: Pre-warming 40 experts.
Layer 10: using packed expert format.
Layer 11: Pre-warming 40 experts.
Layer 11: using packed expert format.
Prewarmed experts for layer 12/48
Layer 12: Pre-warming 40 experts.
Layer 12: using packed expert format.
Layer 13: Pre-warming 40 experts.
Layer 13: using packed expert format.
Layer 14: Pre-warming 40 experts.
Layer 14: using packed expert format.
Layer 15: Pre-warming 40 experts.
Layer 15: using packed expert format.
Prewarmed experts for layer 16/48
Layer 16: Pre-warming 40 experts.
Layer 16: using packed expert format.
Layer 17: Pre-warming 40 experts.
Layer 17: using packed expert format.
Layer 18: Pre-warming 40 experts.
Layer 18: using packed expert format.
Layer 19: Pre-warming 40 experts.
Layer 19: using packed expert format.
Prewarmed experts for layer 20/48
Layer 20: Pre-warming 40 experts.
Layer 20: using packed expert format.
Layer 21: Pre-warming 40 experts.
Layer 21: using packed expert format.
Layer 22: Pre-warming 40 experts.
Layer 22: using packed expert format.
Layer 23: Pre-warming 40 experts.
Layer 23: using packed expert format.
Prewarmed experts for layer 24/48
Layer 24: Pre-warming 40 experts.
Layer 24: using packed expert format.
Layer 25: Pre-warming 40 experts.
Layer 25: using packed expert format.
Layer 26: Pre-warming 40 experts.
Layer 26: using packed expert format.
Layer 27: Pre-warming 40 experts.
Layer 27: using packed expert format.
Prewarmed experts for layer 28/48
Layer 28: Pre-warming 40 experts.
Layer 28: using packed expert format.
Layer 29: Pre-warming 40 experts.
Layer 29: using packed expert format.
Layer 30: Pre-warming 40 experts.
Layer 30: using packed expert format.
Layer 31: Pre-warming 40 experts.
Layer 31: using packed expert format.
Prewarmed experts for layer 32/48
Layer 32: Pre-warming 40 experts.
Layer 32: using packed expert format.
Layer 33: Pre-warming 40 experts.
Layer 33: using packed expert format.
Layer 34: Pre-warming 40 experts.
Layer 34: using packed expert format.
Layer 35: Pre-warming 40 experts.
Layer 35: using packed expert format.
Prewarmed experts for layer 36/48
Layer 36: Pre-warming 40 experts.
Layer 36: using packed expert format.
Layer 37: Pre-warming 40 experts.
Layer 37: using packed expert format.
Layer 38: Pre-warming 40 experts.
Layer 38: using packed expert format.
Layer 39: Pre-warming 40 experts.
Layer 39: using packed expert format.
Prewarmed experts for layer 40/48
Layer 40: Pre-warming 40 experts.
Layer 40: using packed expert format.
Layer 41: Pre-warming 40 experts.
Layer 41: using packed expert format.
Layer 42: Pre-warming 40 experts.
Layer 42: using packed expert format.
Layer 43: Pre-warming 40 experts.
Layer 43: using packed expert format.
Prewarmed experts for layer 44/48
Layer 44: Pre-warming 40 experts.
Layer 44: using packed expert format.
Layer 45: Pre-warming 40 experts.
Layer 45: using packed expert format.
Layer 46: Pre-warming 40 experts.
Layer 46: using packed expert format.
Layer 47: Pre-warming 40 experts.
Layer 47: using packed expert format.
Prewarmed experts for layer 48/48
Libtorch input_ids shape: [1, 512]
Skipping warmup.
Prefill time: 17.9294 seconds
Generation phase
[Layer 0 Step 0 Debug] Slots before check: 123 124 125 126 127 87 88 89 90 91 92 93 95 96 97 98 99 100 101 102 103 104 105 106 107 108 109 110 111 112 113 114 115 116 117 118 119 120 121 122 -1 -1 -1 -1 -1 -1 -1 -1 
[Layer 0 Step 0 Debug] Requested: 119 34 28 7 51 110 46 72 
[gen 5/149] elapsed=1.6s  TPS=3.049
[gen 10/149] elapsed=2.9s  TPS=3.463
[gen 15/149] elapsed=4.0s  TPS=3.717
[gen 20/149] elapsed=5.1s  TPS=3.931
[gen 25/149] elapsed=6.2s  TPS=4.048
[gen 30/149] elapsed=7.1s  TPS=4.239
[gen 35/149] elapsed=8.1s  TPS=4.343
[gen 40/149] elapsed=8.9s  TPS=4.471
[gen 45/149] elapsed=9.8s  TPS=4.595
[gen 50/149] elapsed=10.5s  TPS=4.743
[gen 55/149] elapsed=11.4s  TPS=4.845
[gen 60/149] elapsed=12.2s  TPS=4.934
[gen 65/149] elapsed=13.5s  TPS=4.805
[gen 70/149] elapsed=14.4s  TPS=4.874
[gen 75/149] elapsed=15.2s  TPS=4.938
[gen 80/149] elapsed=16.1s  TPS=4.980
[gen 85/149] elapsed=17.1s  TPS=4.960
[gen 90/149] elapsed=18.2s  TPS=4.945
[gen 95/149] elapsed=19.6s  TPS=4.849
[gen 100/149] elapsed=20.7s  TPS=4.820
[gen 105/149] elapsed=21.6s  TPS=4.861
[gen 110/149] elapsed=22.5s  TPS=4.896
[gen 115/149] elapsed=23.1s  TPS=4.978
[gen 120/149] elapsed=23.9s  TPS=5.011
[gen 125/149] elapsed=24.8s  TPS=5.046
[gen 130/149] elapsed=25.8s  TPS=5.035
[gen 135/149] elapsed=26.7s  TPS=5.047
[gen 140/149] elapsed=27.8s  TPS=5.040
[gen 145/149] elapsed=28.6s  TPS=5.069
Prefill time (summary): 17.929 seconds
Total Generation Time: 29.425 seconds
Average Time per Token: 0.197484 seconds

Expert Cache Statistics:
Layer 0 Cache Stats: Hits=558, Misses=634, HitRate=46.81%
    Predictor Routed-Expert HitRate=N/A
    Loads Per Step: 0Loads=4, 1Load=13, >1Load=132
    Bandwidth: StallLoads=634, PrefetchLoads=0, AvgLoadTime=2.67ms
    MissCause: NotPresent=634, NotReadyStall=0
    GlobalSpecLoad: PeakConcurrent=2
    Predictor TopK matches: 0=0 1=0 >=2=0
Layer 1 Cache Stats: Hits=1060, Misses=132, HitRate=88.93%
    Predictor Routed-Expert HitRate=N/A
    Loads Per Step: 0Loads=61, 1Load=52, >1Load=36
    Bandwidth: StallLoads=132, PrefetchLoads=291, AvgLoadTime=3.85ms
    PrefetchOverlap: HiddenReady=214, HiddenWait=0, TicksSkipped=0
    MissCause: NotPresent=132, NotReadyStall=0
    PrefetchEff: Dropped=0, AlreadyCached=901, UsedBeforeEvict=214, EvictedBeforeUse=76
    GatingPredict Recall=63.84% (761/1192)
    GatingPredict Precision=63.84% (761/1192)
    GatingPrefetch Delivery=64.01% (763/1192)
    GatingPrefetch Triggers=149
    Predictor TopK matches: 0=0 1=0 >=2=0
Layer 2 Cache Stats: Hits=1130, Misses=62, HitRate=94.80%
    Predictor Routed-Expert HitRate=N/A
    Loads Per Step: 0Loads=95, 1Load=45, >1Load=9
    Bandwidth: StallLoads=62, PrefetchLoads=274, AvgLoadTime=3.09ms
    PrefetchOverlap: HiddenReady=185, HiddenWait=0, TicksSkipped=0
    MissCause: NotPresent=62, NotReadyStall=0
    PrefetchEff: Dropped=0, AlreadyCached=918, UsedBeforeEvict=185, EvictedBeforeUse=86
    GatingPredict Recall=71.81% (856/1192)
    GatingPredict Precision=71.81% (856/1192)
    GatingPrefetch Delivery=72.06% (859/1192)
    GatingPrefetch Triggers=149
    Predictor TopK matches: 0=0 1=0 >=2=0
Layer 3 Cache Stats: Hits=1069, Misses=123, HitRate=89.68%
    Predictor Routed-Expert HitRate=N/A
    Loads Per Step: 0Loads=61, 1Load=57, >1Load=31
    Bandwidth: StallLoads=123, PrefetchLoads=236, AvgLoadTime=3.52ms
    PrefetchOverlap: HiddenReady=171, HiddenWait=0, TicksSkipped=0
    MissCause: NotPresent=123, NotReadyStall=0
    PrefetchEff: Dropped=0, AlreadyCached=956, UsedBeforeEvict=171, EvictedBeforeUse=64
    GatingPredict Recall=65.02% (775/1192)
    GatingPredict Precision=65.02% (775/1192)
    GatingPrefetch Delivery=65.44% (780/1192)
    GatingPrefetch Triggers=149
    Predictor TopK matches: 0=0 1=0 >=2=0
Layer 4 Cache Stats: Hits=1143, Misses=49, HitRate=95.89%
    Predictor Routed-Expert HitRate=N/A
    Loads Per Step: 0Loads=111, 1Load=28, >1Load=10
    Bandwidth: StallLoads=49, PrefetchLoads=257, AvgLoadTime=3.52ms
    PrefetchOverlap: HiddenReady=148, HiddenWait=0, TicksSkipped=0
    MissCause: NotPresent=49, NotReadyStall=0
    PrefetchEff: Dropped=0, AlreadyCached=935, UsedBeforeEvict=148, EvictedBeforeUse=104
    GatingPredict Recall=69.55% (829/1192)
    GatingPredict Precision=69.55% (829/1192)
    GatingPrefetch Delivery=69.88% (833/1192)
    GatingPrefetch Triggers=149
    Predictor TopK matches: 0=0 1=0 >=2=0
Layer 5 Cache Stats: Hits=1153, Misses=39, HitRate=96.73%
    Predictor Routed-Expert HitRate=N/A
    Loads Per Step: 0Loads=112, 1Load=35, >1Load=2
    Bandwidth: StallLoads=39, PrefetchLoads=204, AvgLoadTime=3.29ms
    PrefetchOverlap: HiddenReady=157, HiddenWait=0, TicksSkipped=0
    MissCause: NotPresent=39, NotReadyStall=0
    PrefetchEff: Dropped=0, AlreadyCached=988, UsedBeforeEvict=157, EvictedBeforeUse=46
    GatingPredict Recall=77.18% (920/1192)
    GatingPredict Precision=77.18% (920/1192)
    GatingPrefetch Delivery=77.18% (920/1192)
    GatingPrefetch Triggers=149
    Predictor TopK matches: 0=0 1=0 >=2=0
Layer 6 Cache Stats: Hits=1173, Misses=19, HitRate=98.41%
    Predictor Routed-Expert HitRate=N/A
    Loads Per Step: 0Loads=131, 1Load=17, >1Load=1
    Bandwidth: StallLoads=19, PrefetchLoads=81, AvgLoadTime=4.14ms
    PrefetchOverlap: HiddenReady=45, HiddenWait=0, TicksSkipped=0
    MissCause: NotPresent=19, NotReadyStall=0
    PrefetchEff: Dropped=0, AlreadyCached=1111, UsedBeforeEvict=45, EvictedBeforeUse=33
    GatingPredict Recall=75.84% (904/1192)
    GatingPredict Precision=75.84% (904/1192)
    GatingPrefetch Delivery=75.92% (905/1192)
    GatingPrefetch Triggers=149
    Predictor TopK matches: 0=0 1=0 >=2=0
Layer 7 Cache Stats: Hits=1172, Misses=20, HitRate=98.32%
    Predictor Routed-Expert HitRate=N/A
    Loads Per Step: 0Loads=131, 1Load=16, >1Load=2
    Bandwidth: StallLoads=20, PrefetchLoads=105, AvgLoadTime=3.52ms
    PrefetchOverlap: HiddenReady=78, HiddenWait=0, TicksSkipped=0
    MissCause: NotPresent=20, NotReadyStall=0
    PrefetchEff: Dropped=0, AlreadyCached=1087, UsedBeforeEvict=78, EvictedBeforeUse=26
    GatingPredict Recall=85.07% (1014/1192)
    GatingPredict Precision=85.07% (1014/1192)
    GatingPrefetch Delivery=85.15% (1015/1192)
    GatingPrefetch Triggers=149
    Predictor TopK matches: 0=0 1=0 >=2=0
Layer 8 Cache Stats: Hits=1151, Misses=41, HitRate=96.56%
    Predictor Routed-Expert HitRate=N/A
    Loads Per Step: 0Loads=112, 1Load=33, >1Load=4
    Bandwidth: StallLoads=41, PrefetchLoads=127, AvgLoadTime=3.62ms
    PrefetchOverlap: HiddenReady=113, HiddenWait=0, TicksSkipped=0
    MissCause: NotPresent=41, NotReadyStall=0
    PrefetchEff: Dropped=0, AlreadyCached=1065, UsedBeforeEvict=113, EvictedBeforeUse=14
    GatingPredict Recall=82.30% (981/1192)
    GatingPredict Precision=82.30% (981/1192)
    GatingPrefetch Delivery=82.47% (983/1192)
    GatingPrefetch Triggers=149
    Predictor TopK matches: 0=0 1=0 >=2=0
Layer 9 Cache Stats: Hits=1163, Misses=29, HitRate=97.57%
    Predictor Routed-Expert HitRate=N/A
    Loads Per Step: 0Loads=120, 1Load=29, >1Load=0
    Bandwidth: StallLoads=29, PrefetchLoads=184, AvgLoadTime=3.51ms
    PrefetchOverlap: HiddenReady=152, HiddenWait=0, TicksSkipped=0
    MissCause: NotPresent=29, NotReadyStall=0
    PrefetchEff: Dropped=0, AlreadyCached=1008, UsedBeforeEvict=152, EvictedBeforeUse=29
    GatingPredict Recall=82.47% (983/1192)
    GatingPredict Precision=82.47% (983/1192)
    GatingPrefetch Delivery=82.63% (985/1192)
    GatingPrefetch Triggers=149
    Predictor TopK matches: 0=0 1=0 >=2=0
Layer 10 Cache Stats: Hits=1159, Misses=33, HitRate=97.23%
    Predictor Routed-Expert HitRate=N/A
    Loads Per Step: 0Loads=119, 1Load=27, >1Load=3
    Bandwidth: StallLoads=33, PrefetchLoads=163, AvgLoadTime=3.77ms
    PrefetchOverlap: HiddenReady=136, HiddenWait=0, TicksSkipped=0
    MissCause: NotPresent=33, NotReadyStall=0
    PrefetchEff: Dropped=0, AlreadyCached=1029, UsedBeforeEvict=136, EvictedBeforeUse=24
    GatingPredict Recall=85.49% (1019/1192)
    GatingPredict Precision=85.49% (1019/1192)
    GatingPrefetch Delivery=85.65% (1021/1192)
    GatingPrefetch Triggers=149
    Predictor TopK matches: 0=0 1=0 >=2=0
Layer 11 Cache Stats: Hits=1149, Misses=43, HitRate=96.39%
    Predictor Routed-Expert HitRate=N/A
    Loads Per Step: 0Loads=109, 1Load=37, >1Load=3
    Bandwidth: StallLoads=43, PrefetchLoads=218, AvgLoadTime=3.13ms
    PrefetchOverlap: HiddenReady=183, HiddenWait=0, TicksSkipped=0
    MissCause: NotPresent=43, NotReadyStall=0
    PrefetchEff: Dropped=0, AlreadyCached=974, UsedBeforeEvict=183, EvictedBeforeUse=34
    GatingPredict Recall=83.98% (1001/1192)
    GatingPredict Precision=83.98% (1001/1192)
    GatingPrefetch Delivery=84.14% (1003/1192)
    GatingPrefetch Triggers=149
    Predictor TopK matches: 0=0 1=0 >=2=0
Layer 12 Cache Stats: Hits=1151, Misses=41, HitRate=96.56%
    Predictor Routed-Expert HitRate=N/A
    Loads Per Step: 0Loads=111, 1Load=35, >1Load=3
    Bandwidth: StallLoads=41, PrefetchLoads=162, AvgLoadTime=4.00ms
    PrefetchOverlap: HiddenReady=123, HiddenWait=0, TicksSkipped=0
    MissCause: NotPresent=41, NotReadyStall=0
    PrefetchEff: Dropped=0, AlreadyCached=1030, UsedBeforeEvict=123, EvictedBeforeUse=36
    GatingPredict Recall=84.65% (1009/1192)
    GatingPredict Precision=84.65% (1009/1192)
    GatingPrefetch Delivery=84.73% (1010/1192)
    GatingPrefetch Triggers=149
    Predictor TopK matches: 0=0 1=0 >=2=0
Layer 13 Cache Stats: Hits=1144, Misses=48, HitRate=95.97%
    Predictor Routed-Expert HitRate=N/A
    Loads Per Step: 0Loads=104, 1Load=42, >1Load=3
    Bandwidth: StallLoads=48, PrefetchLoads=226, AvgLoadTime=3.16ms
    PrefetchOverlap: HiddenReady=181, HiddenWait=0, TicksSkipped=0
    MissCause: NotPresent=48, NotReadyStall=0
    PrefetchEff: Dropped=0, AlreadyCached=966, UsedBeforeEvict=181, EvictedBeforeUse=44
    GatingPredict Recall=81.54% (972/1192)
    GatingPredict Precision=81.54% (972/1192)
    GatingPrefetch Delivery=81.54% (972/1192)
    GatingPrefetch Triggers=149
    Predictor TopK matches: 0=0 1=0 >=2=0
Layer 14 Cache Stats: Hits=1174, Misses=18, HitRate=98.49%
    Predictor Routed-Expert HitRate=N/A
    Loads Per Step: 0Loads=131, 1Load=18, >1Load=0
    Bandwidth: StallLoads=18, PrefetchLoads=208, AvgLoadTime=3.52ms
    PrefetchOverlap: HiddenReady=175, HiddenWait=0, TicksSkipped=0
    MissCause: NotPresent=18, NotReadyStall=0
    PrefetchEff: Dropped=0, AlreadyCached=984, UsedBeforeEvict=175, EvictedBeforeUse=32
    GatingPredict Recall=86.24% (1028/1192)
    GatingPredict Precision=86.24% (1028/1192)
    GatingPrefetch Delivery=86.33% (1029/1192)
    GatingPrefetch Triggers=149
    Predictor TopK matches: 0=0 1=0 >=2=0
Layer 15 Cache Stats: Hits=1170, Misses=22, HitRate=98.15%
    Predictor Routed-Expert HitRate=N/A
    Loads Per Step: 0Loads=127, 1Load=22, >1Load=0
    Bandwidth: StallLoads=22, PrefetchLoads=129, AvgLoadTime=3.69ms
    PrefetchOverlap: HiddenReady=105, HiddenWait=0, TicksSkipped=0
    MissCause: NotPresent=22, NotReadyStall=0
    PrefetchEff: Dropped=0, AlreadyCached=1063, UsedBeforeEvict=105, EvictedBeforeUse=24
    GatingPredict Recall=86.74% (1034/1192)
    GatingPredict Precision=86.74% (1034/1192)
    GatingPrefetch Delivery=86.74% (1034/1192)
    GatingPrefetch Triggers=149
    Predictor TopK matches: 0=0 1=0 >=2=0
Layer 16 Cache Stats: Hits=1163, Misses=29, HitRate=97.57%
    Predictor Routed-Expert HitRate=N/A
    Loads Per Step: 0Loads=121, 1Load=27, >1Load=1
    Bandwidth: StallLoads=29, PrefetchLoads=137, AvgLoadTime=3.76ms
    PrefetchOverlap: HiddenReady=120, HiddenWait=0, TicksSkipped=0
    MissCause: NotPresent=29, NotReadyStall=0
    PrefetchEff: Dropped=0, AlreadyCached=1055, UsedBeforeEvict=120, EvictedBeforeUse=16
    GatingPredict Recall=83.47% (995/1192)
    GatingPredict Precision=83.47% (995/1192)
    GatingPrefetch Delivery=83.56% (996/1192)
    GatingPrefetch Triggers=149
    Predictor TopK matches: 0=0 1=0 >=2=0
Layer 17 Cache Stats: Hits=1149, Misses=43, HitRate=96.39%
    Predictor Routed-Expert HitRate=N/A
    Loads Per Step: 0Loads=109, 1Load=37, >1Load=3
    Bandwidth: StallLoads=43, PrefetchLoads=170, AvgLoadTime=3.42ms
    PrefetchOverlap: HiddenReady=150, HiddenWait=0, TicksSkipped=0
    MissCause: NotPresent=43, NotReadyStall=0
    PrefetchEff: Dropped=0, AlreadyCached=1022, UsedBeforeEvict=150, EvictedBeforeUse=18
    GatingPredict Recall=85.07% (1014/1192)
    GatingPredict Precision=85.07% (1014/1192)
    GatingPrefetch Delivery=85.07% (1014/1192)
    GatingPrefetch Triggers=149
    Predictor TopK matches: 0=0 1=0 >=2=0
Layer 18 Cache Stats: Hits=1175, Misses=17, HitRate=98.57%
    Predictor Routed-Expert HitRate=N/A
    Loads Per Step: 0Loads=133, 1Load=15, >1Load=1
    Bandwidth: StallLoads=17, PrefetchLoads=116, AvgLoadTime=3.69ms
    PrefetchOverlap: HiddenReady=78, HiddenWait=0, TicksSkipped=0
    MissCause: NotPresent=17, NotReadyStall=0
    PrefetchEff: Dropped=0, AlreadyCached=1076, UsedBeforeEvict=78, EvictedBeforeUse=36
    GatingPredict Recall=80.70% (962/1192)
    GatingPredict Precision=80.70% (962/1192)
    GatingPrefetch Delivery=80.96% (965/1192)
    GatingPrefetch Triggers=149
    Predictor TopK matches: 0=0 1=0 >=2=0
Layer 19 Cache Stats: Hits=1176, Misses=16, HitRate=98.66%
    Predictor Routed-Expert HitRate=N/A
    Loads Per Step: 0Loads=134, 1Load=14, >1Load=1
    Bandwidth: StallLoads=16, PrefetchLoads=73, AvgLoadTime=3.67ms
    PrefetchOverlap: HiddenReady=67, HiddenWait=0, TicksSkipped=0
    MissCause: NotPresent=16, NotReadyStall=0
    PrefetchEff: Dropped=0, AlreadyCached=1119, UsedBeforeEvict=67, EvictedBeforeUse=6
    GatingPredict Recall=88.59% (1056/1192)
    GatingPredict Precision=88.59% (1056/1192)
    GatingPrefetch Delivery=88.76% (1058/1192)
    GatingPrefetch Triggers=149
    Predictor TopK matches: 0=0 1=0 >=2=0
Layer 20 Cache Stats: Hits=1158, Misses=34, HitRate=97.15%
    Predictor Routed-Expert HitRate=N/A
    Loads Per Step: 0Loads=119, 1Load=27, >1Load=3
    Bandwidth: StallLoads=34, PrefetchLoads=109, AvgLoadTime=3.58ms
    PrefetchOverlap: HiddenReady=93, HiddenWait=0, TicksSkipped=0
    MissCause: NotPresent=34, NotReadyStall=0
    PrefetchEff: Dropped=0, AlreadyCached=1083, UsedBeforeEvict=93, EvictedBeforeUse=15
    GatingPredict Recall=87.33% (1041/1192)
    GatingPredict Precision=87.33% (1041/1192)
    GatingPrefetch Delivery=87.42% (1042/1192)
    GatingPrefetch Triggers=149
    Predictor TopK matches: 0=0 1=0 >=2=0
Layer 21 Cache Stats: Hits=1166, Misses=26, HitRate=97.82%
    Predictor Routed-Expert HitRate=N/A
    Loads Per Step: 0Loads=126, 1Load=20, >1Load=3
    Bandwidth: StallLoads=26, PrefetchLoads=157, AvgLoadTime=3.62ms
    PrefetchOverlap: HiddenReady=133, HiddenWait=0, TicksSkipped=0
    MissCause: NotPresent=26, NotReadyStall=0
    PrefetchEff: Dropped=0, AlreadyCached=1035, UsedBeforeEvict=133, EvictedBeforeUse=22
    GatingPredict Recall=84.90% (1012/1192)
    GatingPredict Precision=84.90% (1012/1192)
    GatingPrefetch Delivery=84.98% (1013/1192)
    GatingPrefetch Triggers=149
    Predictor TopK matches: 0=0 1=0 >=2=0
Layer 22 Cache Stats: Hits=1154, Misses=38, HitRate=96.81%
    Predictor Routed-Expert HitRate=N/A
    Loads Per Step: 0Loads=114, 1Load=32, >1Load=3
    Bandwidth: StallLoads=38, PrefetchLoads=152, AvgLoadTime=3.63ms
    PrefetchOverlap: HiddenReady=135, HiddenWait=0, TicksSkipped=0
    MissCause: NotPresent=38, NotReadyStall=0
    PrefetchEff: Dropped=0, AlreadyCached=1040, UsedBeforeEvict=135, EvictedBeforeUse=17
    GatingPredict Recall=85.32% (1017/1192)
    GatingPredict Precision=85.32% (1017/1192)
    GatingPrefetch Delivery=85.32% (1017/1192)
    GatingPrefetch Triggers=149
    Predictor TopK matches: 0=0 1=0 >=2=0
Layer 23 Cache Stats: Hits=1127, Misses=65, HitRate=94.55%
    Predictor Routed-Expert HitRate=N/A
    Loads Per Step: 0Loads=94, 1Load=46, >1Load=9
    Bandwidth: StallLoads=65, PrefetchLoads=230, AvgLoadTime=3.47ms
    PrefetchOverlap: HiddenReady=200, HiddenWait=0, TicksSkipped=0
    MissCause: NotPresent=65, NotReadyStall=0
    PrefetchEff: Dropped=0, AlreadyCached=962, UsedBeforeEvict=200, EvictedBeforeUse=28
    GatingPredict Recall=83.14% (991/1192)
    GatingPredict Precision=83.14% (991/1192)
    GatingPrefetch Delivery=83.14% (991/1192)
    GatingPrefetch Triggers=149
    Predictor TopK matches: 0=0 1=0 >=2=0
Layer 24 Cache Stats: Hits=1154, Misses=38, HitRate=96.81%
    Predictor Routed-Expert HitRate=N/A
    Loads Per Step: 0Loads=113, 1Load=34, >1Load=2
    Bandwidth: StallLoads=38, PrefetchLoads=232, AvgLoadTime=3.77ms
    PrefetchOverlap: HiddenReady=193, HiddenWait=0, TicksSkipped=0
    MissCause: NotPresent=38, NotReadyStall=0
    PrefetchEff: Dropped=0, AlreadyCached=960, UsedBeforeEvict=193, EvictedBeforeUse=39
    GatingPredict Recall=87.33% (1041/1192)
    GatingPredict Precision=87.33% (1041/1192)
    GatingPrefetch Delivery=87.33% (1041/1192)
    GatingPrefetch Triggers=149
    Predictor TopK matches: 0=0 1=0 >=2=0
Layer 25 Cache Stats: Hits=1146, Misses=46, HitRate=96.14%
    Predictor Routed-Expert HitRate=N/A
    Loads Per Step: 0Loads=105, 1Load=42, >1Load=2
    Bandwidth: StallLoads=46, PrefetchLoads=315, AvgLoadTime=3.22ms
    PrefetchOverlap: HiddenReady=262, HiddenWait=0, TicksSkipped=0
    MissCause: NotPresent=46, NotReadyStall=0
    PrefetchEff: Dropped=0, AlreadyCached=877, UsedBeforeEvict=262, EvictedBeforeUse=52
    GatingPredict Recall=83.89% (1000/1192)
    GatingPredict Precision=83.89% (1000/1192)
    GatingPrefetch Delivery=83.89% (1000/1192)
    GatingPrefetch Triggers=149
    Predictor TopK matches: 0=0 1=0 >=2=0
Layer 26 Cache Stats: Hits=1165, Misses=27, HitRate=97.73%
    Predictor Routed-Expert HitRate=N/A
    Loads Per Step: 0Loads=122, 1Load=27, >1Load=0
    Bandwidth: StallLoads=27, PrefetchLoads=219, AvgLoadTime=3.79ms
    PrefetchOverlap: HiddenReady=177, HiddenWait=0, TicksSkipped=0
    MissCause: NotPresent=27, NotReadyStall=0
    PrefetchEff: Dropped=0, AlreadyCached=973, UsedBeforeEvict=177, EvictedBeforeUse=41
    GatingPredict Recall=84.82% (1011/1192)
    GatingPredict Precision=84.82% (1011/1192)
    GatingPrefetch Delivery=84.98% (1013/1192)
    GatingPrefetch Triggers=149
    Predictor TopK matches: 0=0 1=0 >=2=0
Layer 27 Cache Stats: Hits=1162, Misses=30, HitRate=97.48%
    Predictor Routed-Expert HitRate=N/A
    Loads Per Step: 0Loads=122, 1Load=24, >1Load=3
    Bandwidth: StallLoads=30, PrefetchLoads=136, AvgLoadTime=3.88ms
    PrefetchOverlap: HiddenReady=111, HiddenWait=0, TicksSkipped=0
    MissCause: NotPresent=30, NotReadyStall=0
    PrefetchEff: Dropped=0, AlreadyCached=1056, UsedBeforeEvict=111, EvictedBeforeUse=24
    GatingPredict Recall=88.09% (1050/1192)
    GatingPredict Precision=88.09% (1050/1192)
    GatingPrefetch Delivery=88.09% (1050/1192)
    GatingPrefetch Triggers=149
    Predictor TopK matches: 0=0 1=0 >=2=0
Layer 28 Cache Stats: Hits=1160, Misses=32, HitRate=97.32%
    Predictor Routed-Expert HitRate=N/A
    Loads Per Step: 0Loads=120, 1Load=26, >1Load=3
    Bandwidth: StallLoads=32, PrefetchLoads=179, AvgLoadTime=3.51ms
    PrefetchOverlap: HiddenReady=163, HiddenWait=0, TicksSkipped=0
    MissCause: NotPresent=32, NotReadyStall=0
    PrefetchEff: Dropped=0, AlreadyCached=1013, UsedBeforeEvict=163, EvictedBeforeUse=15
    GatingPredict Recall=85.74% (1022/1192)
    GatingPredict Precision=85.74% (1022/1192)
    GatingPrefetch Delivery=85.91% (1024/1192)
    GatingPrefetch Triggers=149
    Predictor TopK matches: 0=0 1=0 >=2=0
Layer 29 Cache Stats: Hits=1159, Misses=33, HitRate=97.23%
    Predictor Routed-Expert HitRate=N/A
    Loads Per Step: 0Loads=117, 1Load=31, >1Load=1
    Bandwidth: StallLoads=33, PrefetchLoads=236, AvgLoadTime=3.28ms
    PrefetchOverlap: HiddenReady=210, HiddenWait=0, TicksSkipped=0
    MissCause: NotPresent=33, NotReadyStall=0
    PrefetchEff: Dropped=0, AlreadyCached=956, UsedBeforeEvict=210, EvictedBeforeUse=24
    GatingPredict Recall=86.83% (1035/1192)
    GatingPredict Precision=86.83% (1035/1192)
    GatingPrefetch Delivery=86.91% (1036/1192)
    GatingPrefetch Triggers=149
    Predictor TopK matches: 0=0 1=0 >=2=0
Layer 30 Cache Stats: Hits=1166, Misses=26, HitRate=97.82%
    Predictor Routed-Expert HitRate=N/A
    Loads Per Step: 0Loads=128, 1Load=18, >1Load=3
    Bandwidth: StallLoads=26, PrefetchLoads=119, AvgLoadTime=3.96ms
    PrefetchOverlap: HiddenReady=84, HiddenWait=0, TicksSkipped=0
    MissCause: NotPresent=26, NotReadyStall=0
    PrefetchEff: Dropped=0, AlreadyCached=1073, UsedBeforeEvict=84, EvictedBeforeUse=34
    GatingPredict Recall=81.96% (977/1192)
    GatingPredict Precision=81.96% (977/1192)
    GatingPrefetch Delivery=82.05% (978/1192)
    GatingPrefetch Triggers=149
    Predictor TopK matches: 0=0 1=0 >=2=0
Layer 31 Cache Stats: Hits=1171, Misses=21, HitRate=98.24%
    Predictor Routed-Expert HitRate=N/A
    Loads Per Step: 0Loads=129, 1Load=19, >1Load=1
    Bandwidth: StallLoads=21, PrefetchLoads=82, AvgLoadTime=3.64ms
    PrefetchOverlap: HiddenReady=67, HiddenWait=0, TicksSkipped=0
    MissCause: NotPresent=21, NotReadyStall=0
    PrefetchEff: Dropped=0, AlreadyCached=1110, UsedBeforeEvict=67, EvictedBeforeUse=14
    GatingPredict Recall=86.41% (1030/1192)
    GatingPredict Precision=86.41% (1030/1192)
    GatingPrefetch Delivery=86.41% (1030/1192)
    GatingPrefetch Triggers=149
    Predictor TopK matches: 0=0 1=0 >=2=0
Layer 32 Cache Stats: Hits=1160, Misses=32, HitRate=97.32%
    Predictor Routed-Expert HitRate=N/A
    Loads Per Step: 0Loads=121, 1Load=26, >1Load=2
    Bandwidth: StallLoads=32, PrefetchLoads=143, AvgLoadTime=3.56ms
    PrefetchOverlap: HiddenReady=116, HiddenWait=0, TicksSkipped=0
    MissCause: NotPresent=32, NotReadyStall=0
    PrefetchEff: Dropped=0, AlreadyCached=1049, UsedBeforeEvict=116, EvictedBeforeUse=26
    GatingPredict Recall=87.25% (1040/1192)
    GatingPredict Precision=87.25% (1040/1192)
    GatingPrefetch Delivery=87.25% (1040/1192)
    GatingPrefetch Triggers=149
    Predictor TopK matches: 0=0 1=0 >=2=0
Layer 33 Cache Stats: Hits=1169, Misses=23, HitRate=98.07%
    Predictor Routed-Expert HitRate=N/A
    Loads Per Step: 0Loads=128, 1Load=19, >1Load=2
    Bandwidth: StallLoads=23, PrefetchLoads=186, AvgLoadTime=3.42ms
    PrefetchOverlap: HiddenReady=152, HiddenWait=0, TicksSkipped=0
    MissCause: NotPresent=23, NotReadyStall=0
    PrefetchEff: Dropped=0, AlreadyCached=1006, UsedBeforeEvict=152, EvictedBeforeUse=33
    GatingPredict Recall=87.16% (1039/1192)
    GatingPredict Precision=87.16% (1039/1192)
    GatingPrefetch Delivery=87.16% (1039/1192)
    GatingPrefetch Triggers=149
    Predictor TopK matches: 0=0 1=0 >=2=0
Layer 34 Cache Stats: Hits=1155, Misses=37, HitRate=96.90%
    Predictor Routed-Expert HitRate=N/A
    Loads Per Step: 0Loads=115, 1Load=31, >1Load=3
    Bandwidth: StallLoads=37, PrefetchLoads=186, AvgLoadTime=3.34ms
    PrefetchOverlap: HiddenReady=154, HiddenWait=0, TicksSkipped=0
    MissCause: NotPresent=37, NotReadyStall=0
    PrefetchEff: Dropped=0, AlreadyCached=1006, UsedBeforeEvict=154, EvictedBeforeUse=30
    GatingPredict Recall=87.42% (1042/1192)
    GatingPredict Precision=87.42% (1042/1192)
    GatingPrefetch Delivery=87.42% (1042/1192)
    GatingPrefetch Triggers=149
    Predictor TopK matches: 0=0 1=0 >=2=0
Layer 35 Cache Stats: Hits=1148, Misses=44, HitRate=96.31%
    Predictor Routed-Expert HitRate=N/A
    Loads Per Step: 0Loads=107, 1Load=40, >1Load=2
    Bandwidth: StallLoads=44, PrefetchLoads=241, AvgLoadTime=3.24ms
    PrefetchOverlap: HiddenReady=210, HiddenWait=0, TicksSkipped=0
    MissCause: NotPresent=44, NotReadyStall=0
    PrefetchEff: Dropped=0, AlreadyCached=951, UsedBeforeEvict=210, EvictedBeforeUse=28
    GatingPredict Recall=87.58% (1044/1192)
    GatingPredict Precision=87.58% (1044/1192)
    GatingPrefetch Delivery=87.67% (1045/1192)
    GatingPrefetch Triggers=149
    Predictor TopK matches: 0=0 1=0 >=2=0
Layer 36 Cache Stats: Hits=1154, Misses=38, HitRate=96.81%
    Predictor Routed-Expert HitRate=N/A
    Loads Per Step: 0Loads=113, 1Load=34, >1Load=2
    Bandwidth: StallLoads=38, PrefetchLoads=196, AvgLoadTime=3.52ms
    PrefetchOverlap: HiddenReady=168, HiddenWait=0, TicksSkipped=0
    MissCause: NotPresent=38, NotReadyStall=0
    PrefetchEff: Dropped=0, AlreadyCached=996, UsedBeforeEvict=168, EvictedBeforeUse=27
    GatingPredict Recall=87.84% (1047/1192)
    GatingPredict Precision=87.84% (1047/1192)
    GatingPrefetch Delivery=87.92% (1048/1192)
    GatingPrefetch Triggers=149
    Predictor TopK matches: 0=0 1=0 >=2=0
Layer 37 Cache Stats: Hits=1150, Misses=42, HitRate=96.48%
    Predictor Routed-Expert HitRate=N/A
    Loads Per Step: 0Loads=109, 1Load=39, >1Load=1
    Bandwidth: StallLoads=42, PrefetchLoads=276, AvgLoadTime=3.14ms
    PrefetchOverlap: HiddenReady=245, HiddenWait=0, TicksSkipped=0
    MissCause: NotPresent=42, NotReadyStall=0
    PrefetchEff: Dropped=0, AlreadyCached=916, UsedBeforeEvict=245, EvictedBeforeUse=29
    GatingPredict Recall=86.24% (1028/1192)
    GatingPredict Precision=86.24% (1028/1192)
    GatingPrefetch Delivery=86.24% (1028/1192)
    GatingPrefetch Triggers=149
    Predictor TopK matches: 0=0 1=0 >=2=0
Layer 38 Cache Stats: Hits=1163, Misses=29, HitRate=97.57%
    Predictor Routed-Expert HitRate=N/A
    Loads Per Step: 0Loads=121, 1Load=27, >1Load=1
    Bandwidth: StallLoads=29, PrefetchLoads=223, AvgLoadTime=3.80ms
    PrefetchOverlap: HiddenReady=159, HiddenWait=0, TicksSkipped=0
    MissCause: NotPresent=29, NotReadyStall=0
    PrefetchEff: Dropped=0, AlreadyCached=969, UsedBeforeEvict=159, EvictedBeforeUse=61
    GatingPredict Recall=84.40% (1006/1192)
    GatingPredict Precision=84.40% (1006/1192)
    GatingPrefetch Delivery=84.40% (1006/1192)
    GatingPrefetch Triggers=149
    Predictor TopK matches: 0=0 1=0 >=2=0
Layer 39 Cache Stats: Hits=1159, Misses=33, HitRate=97.23%
    Predictor Routed-Expert HitRate=N/A
    Loads Per Step: 0Loads=120, 1Load=25, >1Load=4
    Bandwidth: StallLoads=33, PrefetchLoads=138, AvgLoadTime=3.76ms
    PrefetchOverlap: HiddenReady=119, HiddenWait=0, TicksSkipped=0
    MissCause: NotPresent=33, NotReadyStall=0
    PrefetchEff: Dropped=0, AlreadyCached=1054, UsedBeforeEvict=119, EvictedBeforeUse=19
    GatingPredict Recall=88.51% (1055/1192)
    GatingPredict Precision=88.51% (1055/1192)
    GatingPrefetch Delivery=88.59% (1056/1192)
    GatingPrefetch Triggers=149
    Predictor TopK matches: 0=0 1=0 >=2=0
Layer 40 Cache Stats: Hits=1176, Misses=16, HitRate=98.66%
    Predictor Routed-Expert HitRate=N/A
    Loads Per Step: 0Loads=136, 1Load=10, >1Load=3
    Bandwidth: StallLoads=16, PrefetchLoads=187, AvgLoadTime=3.46ms
    PrefetchOverlap: HiddenReady=162, HiddenWait=0, TicksSkipped=0
    MissCause: NotPresent=16, NotReadyStall=0
    PrefetchEff: Dropped=0, AlreadyCached=1005, UsedBeforeEvict=162, EvictedBeforeUse=25
    GatingPredict Recall=89.26% (1064/1192)
    GatingPredict Precision=89.26% (1064/1192)
    GatingPrefetch Delivery=89.26% (1064/1192)
    GatingPrefetch Triggers=149
    Predictor TopK matches: 0=0 1=0 >=2=0
Layer 41 Cache Stats: Hits=1159, Misses=33, HitRate=97.23%
    Predictor Routed-Expert HitRate=N/A
    Loads Per Step: 0Loads=123, 1Load=20, >1Load=6
    Bandwidth: StallLoads=33, PrefetchLoads=281, AvgLoadTime=3.14ms
    PrefetchOverlap: HiddenReady=253, HiddenWait=0, TicksSkipped=0
    MissCause: NotPresent=33, NotReadyStall=0
    PrefetchEff: Dropped=0, AlreadyCached=911, UsedBeforeEvict=253, EvictedBeforeUse=27
    GatingPredict Recall=88.09% (1050/1192)
    GatingPredict Precision=88.09% (1050/1192)
    GatingPrefetch Delivery=88.17% (1051/1192)
    GatingPrefetch Triggers=149
    Predictor TopK matches: 0=0 1=0 >=2=0
Layer 42 Cache Stats: Hits=1162, Misses=30, HitRate=97.48%
    Predictor Routed-Expert HitRate=N/A
    Loads Per Step: 0Loads=120, 1Load=28, >1Load=1
    Bandwidth: StallLoads=30, PrefetchLoads=199, AvgLoadTime=4.00ms
    PrefetchOverlap: HiddenReady=176, HiddenWait=0, TicksSkipped=0
    MissCause: NotPresent=30, NotReadyStall=0
    PrefetchEff: Dropped=0, AlreadyCached=993, UsedBeforeEvict=176, EvictedBeforeUse=22
    GatingPredict Recall=87.08% (1038/1192)
    GatingPredict Precision=87.08% (1038/1192)
    GatingPrefetch Delivery=87.08% (1038/1192)
    GatingPrefetch Triggers=149
    Predictor TopK matches: 0=0 1=0 >=2=0
Layer 43 Cache Stats: Hits=1168, Misses=24, HitRate=97.99%
    Predictor Routed-Expert HitRate=N/A
    Loads Per Step: 0Loads=126, 1Load=22, >1Load=1
    Bandwidth: StallLoads=24, PrefetchLoads=182, AvgLoadTime=3.55ms
    PrefetchOverlap: HiddenReady=159, HiddenWait=0, TicksSkipped=0
    MissCause: NotPresent=24, NotReadyStall=0
    PrefetchEff: Dropped=0, AlreadyCached=1010, UsedBeforeEvict=159, EvictedBeforeUse=20
    GatingPredict Recall=87.08% (1038/1192)
    GatingPredict Precision=87.08% (1038/1192)
    GatingPrefetch Delivery=87.08% (1038/1192)
    GatingPrefetch Triggers=149
    Predictor TopK matches: 0=0 1=0 >=2=0
Layer 44 Cache Stats: Hits=1168, Misses=24, HitRate=97.99%
    Predictor Routed-Expert HitRate=N/A
    Loads Per Step: 0Loads=129, 1Load=17, >1Load=3
    Bandwidth: StallLoads=24, PrefetchLoads=149, AvgLoadTime=3.53ms
    PrefetchOverlap: HiddenReady=121, HiddenWait=0, TicksSkipped=0
    MissCause: NotPresent=24, NotReadyStall=0
    PrefetchEff: Dropped=0, AlreadyCached=1043, UsedBeforeEvict=121, EvictedBeforeUse=26
    GatingPredict Recall=91.19% (1087/1192)
    GatingPredict Precision=91.19% (1087/1192)
    GatingPrefetch Delivery=91.19% (1087/1192)
    GatingPrefetch Triggers=149
    Predictor TopK matches: 0=0 1=0 >=2=0
Layer 45 Cache Stats: Hits=1176, Misses=16, HitRate=98.66%
    Predictor Routed-Expert HitRate=N/A
    Loads Per Step: 0Loads=134, 1Load=14, >1Load=1
    Bandwidth: StallLoads=16, PrefetchLoads=153, AvgLoadTime=3.37ms
    PrefetchOverlap: HiddenReady=132, HiddenWait=0, TicksSkipped=0
    MissCause: NotPresent=16, NotReadyStall=0
    PrefetchEff: Dropped=0, AlreadyCached=1039, UsedBeforeEvict=132, EvictedBeforeUse=19
    GatingPredict Recall=90.35% (1077/1192)
    GatingPredict Precision=90.35% (1077/1192)
    GatingPrefetch Delivery=90.44% (1078/1192)
    GatingPrefetch Triggers=149
    Predictor TopK matches: 0=0 1=0 >=2=0
Layer 46 Cache Stats: Hits=1165, Misses=27, HitRate=97.73%
    Predictor Routed-Expert HitRate=N/A
    Loads Per Step: 0Loads=129, 1Load=14, >1Load=6
    Bandwidth: StallLoads=27, PrefetchLoads=191, AvgLoadTime=3.27ms
    PrefetchOverlap: HiddenReady=154, HiddenWait=0, TicksSkipped=0
    MissCause: NotPresent=27, NotReadyStall=0
    PrefetchEff: Dropped=0, AlreadyCached=1001, UsedBeforeEvict=154, EvictedBeforeUse=35
    GatingPredict Recall=86.33% (1029/1192)
    GatingPredict Precision=86.33% (1029/1192)
    GatingPrefetch Delivery=86.33% (1029/1192)
    GatingPrefetch Triggers=149
    Predictor TopK matches: 0=0 1=0 >=2=0
Layer 47 Cache Stats: Hits=1148, Misses=44, HitRate=96.31%
    Predictor Routed-Expert HitRate=N/A
    Loads Per Step: 0Loads=112, 1Load=32, >1Load=5
    Bandwidth: StallLoads=44, PrefetchLoads=292, AvgLoadTime=3.09ms
    PrefetchOverlap: HiddenReady=247, HiddenWait=0, TicksSkipped=0
    MissCause: NotPresent=44, NotReadyStall=0
    PrefetchEff: Dropped=0, AlreadyCached=900, UsedBeforeEvict=247, EvictedBeforeUse=44
    GatingPredict Recall=82.97% (989/1192)
    GatingPredict Precision=82.97% (989/1192)
    GatingPrefetch Delivery=82.97% (989/1192)
    GatingPrefetch Triggers=149
    Predictor TopK matches: 0=0 1=0 >=2=0
============================================================
============================================================
Initializing Qwen3 30B-A3B AWQ w4a16 quantized model...
============================================================
Loading quantized weights from QuixiAI/Qwen3-30B-A3B-AWQ...
Using saved safetensors: /home/michael/heteroPredict/py/unified_llm_w4a16/model_weights/Qwen3-30B-A3B-AWQ.safetensors
Expert weights dir: /home/michael/heteroPredict/py/unified_llm_w4a16/model_weights/Qwen3-30B-A3B-AWQ_packed  (format: packed)
Using existing attention weights in /home/michael/heteroPredict/py/unified_llm_w4a16/model_weights/Qwen3-30B-A3B-AWQ_unpacked
Weights loaded (expert dir override) in 0.29 seconds
Pre-warming expert cache with 48 experts...
Model initialized successfully!
Set expert cache policy to LRU.

Running sweep using prompts from JSON: /tmp/tmpcadkvkim.json
Loaded 1 prompts for sweeping.

Processing Prompt 1/1...

============================================================
Generated text only:
============================================================
 new emperor , Suzong . He was captured by the rebels and held in the capital for a time . He managed to escape and joined the new emperor in the south . He was then appointed as a minor official in the court of the new emperor . However , he was soon dismissed for criticizing the emperor 's policies . He was then appointed as a minor official in the court of the new emperor . However , he was soon dismissed for criticizing the emperor 's policies . 

 In 757 , Du Fu was appointed as a minor official in the court of the new emperor . However , he was soon dismissed for criticizing the emperor 's policies . He was then appointed as a minor official in the court of the new emperor . However , he
============================================================

============================================================
Sweep Complete.
Average Time per Token: 0.315755
End-to-End TPS: 3.1670
Cache Stats: Hits=54850, Misses=2366, HitRate=95.86%
Predictor Stats: Hits=0, Total=0, HitRate=0.00%
