Initializing UnifiedLLMW4A16Impl_base
Using NPU config struct.
Configuring NPU (Base):
  Heterogeneity: gpu
  GPU Count: 1
  Debug Verbosity: 1
  Dummy Weights: false
  Warmup: false
  Preload MoE: true
  Minimal PDI: true
[GPU SELECT] Free VRAM ranking: gpu0=28.00/28.00 GiB
[GPU SELECT] Selected GPUs for gpu-count=1: [0]
[GPU MAP] Single-GPU placement on gpu0
UnifiedLLMW4A16 moved to device: cuda:0
Preloading MoE kernels...
MoE kernels preloaded.
UnifiedLLMW4A16 initialized on device: cuda:0 with w4a16 quantization
Loading non-quantized weights from safetensors (mmap): /home/michael/heteroPredict/py/unified_llm_w4a16/model_weights/Qwen3-30B-A3B-AWQ.safetensors
Loaded 243 non-quantized parameters, skipped 0
Loading quantized weights from bins: /home/michael/heteroPredict/py/unified_llm_w4a16/model_weights/Qwen3-30B-A3B-AWQ_unpacked
Pre-warming 64 experts for all layers...
Layer 0: Pre-warming 64 experts.
Layer 0: using packed expert format.
[MoE I/O] Expert weight reads require O_DIRECT (no buffered fallback).
Layer 1: Pre-warming 64 experts.
Layer 1: using packed expert format.
Layer 2: Pre-warming 64 experts.
Layer 2: using packed expert format.
Layer 3: Pre-warming 64 experts.
Layer 3: using packed expert format.
Prewarmed experts for layer 4/48
Layer 4: Pre-warming 64 experts.
Layer 4: using packed expert format.
Layer 5: Pre-warming 64 experts.
Layer 5: using packed expert format.
Layer 6: Pre-warming 64 experts.
Layer 6: using packed expert format.
Layer 7: Pre-warming 64 experts.
Layer 7: using packed expert format.
Prewarmed experts for layer 8/48
Layer 8: Pre-warming 64 experts.
Layer 8: using packed expert format.
Layer 9: Pre-warming 64 experts.
Layer 9: using packed expert format.
Layer 10: Pre-warming 64 experts.
Layer 10: using packed expert format.
Layer 11: Pre-warming 64 experts.
Layer 11: using packed expert format.
Prewarmed experts for layer 12/48
Layer 12: Pre-warming 64 experts.
Layer 12: using packed expert format.
Layer 13: Pre-warming 64 experts.
Layer 13: using packed expert format.
Layer 14: Pre-warming 64 experts.
Layer 14: using packed expert format.
Layer 15: Pre-warming 64 experts.
Layer 15: using packed expert format.
Prewarmed experts for layer 16/48
Layer 16: Pre-warming 64 experts.
Layer 16: using packed expert format.
Layer 17: Pre-warming 64 experts.
Layer 17: using packed expert format.
Layer 18: Pre-warming 64 experts.
Layer 18: using packed expert format.
Layer 19: Pre-warming 64 experts.
Layer 19: using packed expert format.
Prewarmed experts for layer 20/48
Layer 20: Pre-warming 64 experts.
Layer 20: using packed expert format.
Layer 21: Pre-warming 64 experts.
Layer 21: using packed expert format.
Layer 22: Pre-warming 64 experts.
Layer 22: using packed expert format.
Layer 23: Pre-warming 64 experts.
Layer 23: using packed expert format.
Prewarmed experts for layer 24/48
Layer 24: Pre-warming 64 experts.
Layer 24: using packed expert format.
Layer 25: Pre-warming 64 experts.
Layer 25: using packed expert format.
Layer 26: Pre-warming 64 experts.
Layer 26: using packed expert format.
Layer 27: Pre-warming 64 experts.
Layer 27: using packed expert format.
Prewarmed experts for layer 28/48
Layer 28: Pre-warming 64 experts.
Layer 28: using packed expert format.
Layer 29: Pre-warming 64 experts.
Layer 29: using packed expert format.
Layer 30: Pre-warming 64 experts.
Layer 30: using packed expert format.
Layer 31: Pre-warming 64 experts.
Layer 31: using packed expert format.
Prewarmed experts for layer 32/48
Layer 32: Pre-warming 64 experts.
Layer 32: using packed expert format.
Layer 33: Pre-warming 64 experts.
Layer 33: using packed expert format.
Layer 34: Pre-warming 64 experts.
Layer 34: using packed expert format.
Layer 35: Pre-warming 64 experts.
Layer 35: using packed expert format.
Prewarmed experts for layer 36/48
Layer 36: Pre-warming 64 experts.
Layer 36: using packed expert format.
Layer 37: Pre-warming 64 experts.
Layer 37: using packed expert format.
Layer 38: Pre-warming 64 experts.
Layer 38: using packed expert format.
Layer 39: Pre-warming 64 experts.
Layer 39: using packed expert format.
Prewarmed experts for layer 40/48
Layer 40: Pre-warming 64 experts.
Layer 40: using packed expert format.
Layer 41: Pre-warming 64 experts.
Layer 41: using packed expert format.
Layer 42: Pre-warming 64 experts.
Layer 42: using packed expert format.
Layer 43: Pre-warming 64 experts.
Layer 43: using packed expert format.
Prewarmed experts for layer 44/48
Layer 44: Pre-warming 64 experts.
Layer 44: using packed expert format.
Layer 45: Pre-warming 64 experts.
Layer 45: using packed expert format.
Layer 46: Pre-warming 64 experts.
Layer 46: using packed expert format.
Layer 47: Pre-warming 64 experts.
Layer 47: using packed expert format.
Prewarmed experts for layer 48/48
Libtorch input_ids shape: [1, 512]
Skipping warmup.
Prefill time: 12.1398 seconds
Generation phase
[MoE] Layer 0: loading 1 expert(s)
[MoE] Layer 1: loading 2 expert(s)
[MoE] Layer 2: loading 1 expert(s)
[MoE] Layer 3: loading 3 expert(s)
[MoE] Layer 4: loading 2 expert(s)
[MoE] Layer 5: loading 2 expert(s)
[MoE] Layer 7: loading 2 expert(s)
[MoE] Layer 8: loading 2 expert(s)
[MoE] Layer 9: loading 2 expert(s)
[MoE] Layer 12: loading 4 expert(s)
[MoE] Layer 13: loading 1 expert(s)
[MoE] Layer 14: loading 3 expert(s)
[MoE] Layer 15: loading 2 expert(s)
[MoE] Layer 16: loading 1 expert(s)
[MoE] Layer 17: loading 4 expert(s)
[MoE] Layer 20: loading 2 expert(s)
[MoE] Layer 21: loading 2 expert(s)
[MoE] Layer 22: loading 1 expert(s)
[MoE] Layer 24: loading 2 expert(s)
[MoE] Layer 25: loading 2 expert(s)
[MoE] Layer 26: loading 4 expert(s)
[MoE] Layer 27: loading 2 expert(s)
[MoE] Layer 29: loading 1 expert(s)
[MoE] Layer 30: loading 1 expert(s)
[MoE] Layer 31: loading 1 expert(s)
[MoE] Layer 32: loading 2 expert(s)
[MoE] Layer 33: loading 1 expert(s)
[MoE] Layer 34: loading 3 expert(s)
[MoE] Layer 35: loading 2 expert(s)
[MoE] Layer 36: loading 3 expert(s)
[MoE] Layer 37: loading 1 expert(s)
[MoE] Layer 38: loading 4 expert(s)
[MoE] Layer 39: loading 1 expert(s)
[MoE] Layer 41: loading 1 expert(s)
[MoE] Layer 42: loading 2 expert(s)
[MoE] Layer 44: loading 3 expert(s)
[MoE] Layer 45: loading 2 expert(s)
[MoE] Layer 46: loading 2 expert(s)
[MoE] Layer 47: loading 1 expert(s)
[MoE] Layer 0: loading 1 expert(s)
[MoE] Layer 1: loading 1 expert(s)
[MoE] Layer 2: loading 1 expert(s)
[MoE] Layer 3: loading 1 expert(s)
[MoE] Layer 4: loading 1 expert(s)
[MoE] Layer 5: loading 1 expert(s)
[MoE] Layer 6: loading 1 expert(s)
[MoE] Layer 9: loading 1 expert(s)
[MoE] Layer 10: loading 1 expert(s)
[MoE] Layer 12: loading 1 expert(s)
[MoE] Layer 13: loading 3 expert(s)
[MoE] Layer 14: loading 2 expert(s)
[MoE] Layer 16: loading 1 expert(s)
[MoE] Layer 17: loading 1 expert(s)
[MoE] Layer 18: loading 1 expert(s)
[MoE] Layer 21: loading 1 expert(s)
[MoE] Layer 22: loading 2 expert(s)
[MoE] Layer 23: loading 2 expert(s)
[MoE] Layer 24: loading 2 expert(s)
[MoE] Layer 25: loading 3 expert(s)
[MoE] Layer 26: loading 1 expert(s)
[MoE] Layer 27: loading 1 expert(s)
[MoE] Layer 29: loading 1 expert(s)
[MoE] Layer 34: loading 1 expert(s)
[MoE] Layer 35: loading 3 expert(s)
[MoE] Layer 36: loading 1 expert(s)
[MoE] Layer 37: loading 3 expert(s)
[MoE] Layer 38: loading 1 expert(s)
[MoE] Layer 39: loading 2 expert(s)
[MoE] Layer 40: loading 2 expert(s)
[MoE] Layer 41: loading 1 expert(s)
[MoE] Layer 44: loading 1 expert(s)
[MoE] Layer 47: loading 1 expert(s)
[MoE] Layer 0: loading 3 expert(s)
[MoE] Layer 1: loading 2 expert(s)
[MoE] Layer 3: loading 2 expert(s)
[MoE] Layer 4: loading 1 expert(s)
[MoE] Layer 6: loading 2 expert(s)
[MoE] Layer 8: loading 1 expert(s)
[MoE] Layer 9: loading 2 expert(s)
[MoE] Layer 10: loading 3 expert(s)
[MoE] Layer 11: loading 1 expert(s)
[MoE] Layer 12: loading 2 expert(s)
[MoE] Layer 13: loading 1 expert(s)
[MoE] Layer 20: loading 1 expert(s)
[MoE] Layer 21: loading 1 expert(s)
[MoE] Layer 22: loading 1 expert(s)
[MoE] Layer 23: loading 1 expert(s)
[MoE] Layer 24: loading 1 expert(s)
[MoE] Layer 25: loading 1 expert(s)
[MoE] Layer 26: loading 1 expert(s)
[MoE] Layer 29: loading 1 expert(s)
[MoE] Layer 33: loading 1 expert(s)
[MoE] Layer 35: loading 1 expert(s)
[MoE] Layer 36: loading 1 expert(s)
[MoE] Layer 37: loading 1 expert(s)
[MoE] Layer 41: loading 1 expert(s)
[MoE] Layer 43: loading 2 expert(s)
[MoE] Layer 45: loading 1 expert(s)
[MoE] Layer 46: loading 2 expert(s)
[MoE] Layer 0: loading 2 expert(s)
[MoE] Layer 1: loading 1 expert(s)
[MoE] Layer 2: loading 1 expert(s)
[MoE] Layer 3: loading 1 expert(s)
[MoE] Layer 4: loading 1 expert(s)
[MoE] Layer 10: loading 1 expert(s)
[MoE] Layer 11: loading 2 expert(s)
[MoE] Layer 12: loading 1 expert(s)
[MoE] Layer 13: loading 2 expert(s)
[MoE] Layer 16: loading 1 expert(s)
[MoE] Layer 22: loading 1 expert(s)
[MoE] Layer 23: loading 2 expert(s)
[MoE] Layer 24: loading 1 expert(s)
[MoE] Layer 25: loading 1 expert(s)
[MoE] Layer 26: loading 1 expert(s)
[MoE] Layer 33: loading 1 expert(s)
[MoE] Layer 36: loading 1 expert(s)
[MoE] Layer 37: loading 1 expert(s)
[MoE] Layer 40: loading 1 expert(s)
[MoE] Layer 45: loading 1 expert(s)
[MoE] Layer 47: loading 1 expert(s)
[MoE] Layer 0: loading 3 expert(s)
[MoE] Layer 1: loading 1 expert(s)
[MoE] Layer 3: loading 2 expert(s)
[MoE] Layer 4: loading 1 expert(s)
[MoE] Layer 8: loading 3 expert(s)
[MoE] Layer 11: loading 1 expert(s)
[MoE] Layer 13: loading 2 expert(s)
[MoE] Layer 16: loading 1 expert(s)
[MoE] Layer 23: loading 1 expert(s)
[MoE] Layer 25: loading 1 expert(s)
[MoE] Layer 28: loading 1 expert(s)
[MoE] Layer 29: loading 1 expert(s)
[MoE] Layer 32: loading 1 expert(s)
[MoE] Layer 37: loading 1 expert(s)
[MoE] Layer 40: loading 1 expert(s)
[MoE] Layer 42: loading 1 expert(s)
[MoE] Layer 43: loading 2 expert(s)
[MoE] Layer 44: loading 1 expert(s)
[MoE] Layer 47: loading 1 expert(s)
[gen 5/149] elapsed=0.9s  TPS=5.324
[MoE] Layer 0: loading 2 expert(s)
[MoE] Layer 1: loading 1 expert(s)
[MoE] Layer 3: loading 1 expert(s)
[MoE] Layer 5: loading 1 expert(s)
[MoE] Layer 6: loading 1 expert(s)
[MoE] Layer 8: loading 1 expert(s)
[MoE] Layer 11: loading 2 expert(s)
[MoE] Layer 14: loading 1 expert(s)
[MoE] Layer 17: loading 1 expert(s)
[MoE] Layer 18: loading 1 expert(s)
[MoE] Layer 21: loading 1 expert(s)
[MoE] Layer 22: loading 1 expert(s)
[MoE] Layer 23: loading 2 expert(s)
[MoE] Layer 29: loading 2 expert(s)
[MoE] Layer 30: loading 1 expert(s)
[MoE] Layer 34: loading 1 expert(s)
[MoE] Layer 35: loading 1 expert(s)
[MoE] Layer 36: loading 1 expert(s)
[MoE] Layer 41: loading 3 expert(s)
[MoE] Layer 43: loading 1 expert(s)
[MoE] Layer 45: loading 1 expert(s)
[MoE] Layer 47: loading 1 expert(s)
[MoE] Layer 1: loading 1 expert(s)
[MoE] Layer 2: loading 2 expert(s)
[MoE] Layer 9: loading 1 expert(s)
[MoE] Layer 11: loading 1 expert(s)
[MoE] Layer 16: loading 1 expert(s)
[MoE] Layer 23: loading 1 expert(s)
[MoE] Layer 32: loading 1 expert(s)
[MoE] Layer 33: loading 1 expert(s)
[MoE] Layer 34: loading 2 expert(s)
[MoE] Layer 35: loading 1 expert(s)
[MoE] Layer 36: loading 1 expert(s)
[MoE] Layer 37: loading 1 expert(s)
[MoE] Layer 39: loading 1 expert(s)
[MoE] Layer 41: loading 1 expert(s)
[MoE] Layer 42: loading 1 expert(s)
[MoE] Layer 43: loading 1 expert(s)
[MoE] Layer 44: loading 2 expert(s)
[MoE] Layer 45: loading 1 expert(s)
[MoE] Layer 46: loading 2 expert(s)
[MoE] Layer 47: loading 1 expert(s)
[MoE] Layer 0: loading 2 expert(s)
[MoE] Layer 1: loading 2 expert(s)
[MoE] Layer 2: loading 1 expert(s)
[MoE] Layer 3: loading 1 expert(s)
[MoE] Layer 4: loading 1 expert(s)
[MoE] Layer 5: loading 1 expert(s)
[MoE] Layer 6: loading 2 expert(s)
[MoE] Layer 9: loading 1 expert(s)
[MoE] Layer 10: loading 2 expert(s)
[MoE] Layer 11: loading 1 expert(s)
[MoE] Layer 13: loading 1 expert(s)
[MoE] Layer 14: loading 1 expert(s)
[MoE] Layer 17: loading 1 expert(s)
[MoE] Layer 24: loading 2 expert(s)
[MoE] Layer 25: loading 1 expert(s)
[MoE] Layer 26: loading 1 expert(s)
[MoE] Layer 29: loading 2 expert(s)
[MoE] Layer 30: loading 2 expert(s)
[MoE] Layer 31: loading 1 expert(s)
[MoE] Layer 33: loading 1 expert(s)
[MoE] Layer 35: loading 1 expert(s)
[MoE] Layer 36: loading 1 expert(s)
[MoE] Layer 38: loading 1 expert(s)
[MoE] Layer 39: loading 2 expert(s)
[MoE] Layer 40: loading 1 expert(s)
[MoE] Layer 43: loading 1 expert(s)
[MoE] Layer 44: loading 1 expert(s)
[MoE] Layer 45: loading 1 expert(s)
[MoE] Layer 46: loading 1 expert(s)
[MoE] Layer 47: loading 2 expert(s)
[MoE] Layer 0: loading 3 expert(s)
[MoE] Layer 1: loading 1 expert(s)
[MoE] Layer 2: loading 2 expert(s)
[MoE] Layer 3: loading 1 expert(s)
[MoE] Layer 6: loading 1 expert(s)
[MoE] Layer 8: loading 1 expert(s)
[MoE] Layer 12: loading 1 expert(s)
[MoE] Layer 13: loading 2 expert(s)
[MoE] Layer 17: loading 1 expert(s)
[MoE] Layer 24: loading 1 expert(s)
[MoE] Layer 28: loading 1 expert(s)
[MoE] Layer 29: loading 1 expert(s)
[MoE] Layer 35: loading 1 expert(s)
[MoE] Layer 37: loading 1 expert(s)
[MoE] Layer 39: loading 1 expert(s)
[MoE] Layer 40: loading 1 expert(s)
[MoE] Layer 41: loading 1 expert(s)
[MoE] Layer 1: loading 1 expert(s)
[MoE] Layer 3: loading 1 expert(s)
[MoE] Layer 4: loading 1 expert(s)
[MoE] Layer 5: loading 1 expert(s)
[MoE] Layer 10: loading 2 expert(s)
[MoE] Layer 22: loading 1 expert(s)
[MoE] Layer 26: loading 1 expert(s)
[MoE] Layer 32: loading 1 expert(s)
[MoE] Layer 33: loading 1 expert(s)
[MoE] Layer 34: loading 1 expert(s)
[MoE] Layer 35: loading 1 expert(s)
[MoE] Layer 36: loading 1 expert(s)
[MoE] Layer 37: loading 1 expert(s)
[MoE] Layer 38: loading 1 expert(s)
[MoE] Layer 42: loading 1 expert(s)
[MoE] Layer 43: loading 1 expert(s)
[MoE] Layer 46: loading 1 expert(s)
[gen 10/149] elapsed=1.7s  TPS=6.022
[MoE] Layer 1: loading 3 expert(s)
[MoE] Layer 8: loading 1 expert(s)
[MoE] Layer 10: loading 1 expert(s)
[MoE] Layer 11: loading 1 expert(s)
[MoE] Layer 12: loading 1 expert(s)
[MoE] Layer 13: loading 2 expert(s)
[MoE] Layer 14: loading 1 expert(s)
[MoE] Layer 22: loading 2 expert(s)
[MoE] Layer 23: loading 2 expert(s)
[MoE] Layer 25: loading 2 expert(s)
[MoE] Layer 29: loading 1 expert(s)
[MoE] Layer 30: loading 1 expert(s)
[MoE] Layer 32: loading 1 expert(s)
[MoE] Layer 34: loading 2 expert(s)
[MoE] Layer 37: loading 2 expert(s)
[MoE] Layer 38: loading 1 expert(s)
[MoE] Layer 46: loading 1 expert(s)
[MoE] Layer 1: loading 2 expert(s)
[MoE] Layer 2: loading 1 expert(s)
[MoE] Layer 5: loading 1 expert(s)
[MoE] Layer 13: loading 1 expert(s)
[MoE] Layer 15: loading 1 expert(s)
[MoE] Layer 23: loading 1 expert(s)
[MoE] Layer 24: loading 1 expert(s)
[MoE] Layer 25: loading 1 expert(s)
[MoE] Layer 30: loading 1 expert(s)
[MoE] Layer 35: loading 1 expert(s)
[MoE] Layer 40: loading 1 expert(s)
[MoE] Layer 42: loading 1 expert(s)
[MoE] Layer 45: loading 1 expert(s)
[MoE] Layer 46: loading 1 expert(s)
[MoE] Layer 0: loading 2 expert(s)
[MoE] Layer 1: loading 2 expert(s)
[MoE] Layer 2: loading 1 expert(s)
[MoE] Layer 5: loading 1 expert(s)
[MoE] Layer 7: loading 1 expert(s)
[MoE] Layer 9: loading 1 expert(s)
[MoE] Layer 11: loading 2 expert(s)
[MoE] Layer 14: loading 1 expert(s)
[MoE] Layer 15: loading 1 expert(s)
[MoE] Layer 16: loading 1 expert(s)
[MoE] Layer 26: loading 1 expert(s)
[MoE] Layer 27: loading 1 expert(s)
[MoE] Layer 28: loading 1 expert(s)
[MoE] Layer 30: loading 1 expert(s)
[MoE] Layer 38: loading 1 expert(s)
[MoE] Layer 40: loading 1 expert(s)
[MoE] Layer 41: loading 1 expert(s)
[MoE] Layer 42: loading 1 expert(s)
[MoE] Layer 43: loading 1 expert(s)
[MoE] Layer 47: loading 1 expert(s)
[MoE] Layer 1: loading 2 expert(s)
[MoE] Layer 2: loading 2 expert(s)
[MoE] Layer 3: loading 2 expert(s)
[MoE] Layer 7: loading 1 expert(s)
[MoE] Layer 8: loading 1 expert(s)
[MoE] Layer 11: loading 1 expert(s)
[MoE] Layer 20: loading 2 expert(s)
[MoE] Layer 23: loading 2 expert(s)
[MoE] Layer 24: loading 1 expert(s)
[MoE] Layer 32: loading 2 expert(s)
[MoE] Layer 33: loading 1 expert(s)
[MoE] Layer 36: loading 1 expert(s)
[MoE] Layer 40: loading 1 expert(s)
[MoE] Layer 41: loading 1 expert(s)
[MoE] Layer 42: loading 1 expert(s)
[MoE] Layer 43: loading 3 expert(s)
[MoE] Layer 45: loading 2 expert(s)
[MoE] Layer 47: loading 3 expert(s)
[MoE] Layer 0: loading 1 expert(s)
[MoE] Layer 1: loading 2 expert(s)
[MoE] Layer 3: loading 2 expert(s)
[MoE] Layer 16: loading 1 expert(s)
[MoE] Layer 23: loading 1 expert(s)
[MoE] Layer 24: loading 1 expert(s)
[MoE] Layer 26: loading 1 expert(s)
[MoE] Layer 28: loading 1 expert(s)
[MoE] Layer 29: loading 1 expert(s)
[MoE] Layer 37: loading 1 expert(s)
[gen 15/149] elapsed=2.3s  TPS=6.602
[MoE] Layer 0: loading 1 expert(s)
[MoE] Layer 1: loading 2 expert(s)
[MoE] Layer 3: loading 2 expert(s)
[MoE] Layer 4: loading 1 expert(s)
[MoE] Layer 11: loading 1 expert(s)
[MoE] Layer 23: loading 1 expert(s)
[MoE] Layer 25: loading 1 expert(s)
[MoE] Layer 35: loading 1 expert(s)
[MoE] Layer 39: loading 1 expert(s)
[MoE] Layer 45: loading 1 expert(s)
[MoE] Layer 0: loading 1 expert(s)
[MoE] Layer 10: loading 1 expert(s)
[MoE] Layer 12: loading 1 expert(s)
[MoE] Layer 24: loading 1 expert(s)
[MoE] Layer 26: loading 1 expert(s)
[MoE] Layer 33: loading 2 expert(s)
[MoE] Layer 37: loading 2 expert(s)
[MoE] Layer 38: loading 1 expert(s)
[MoE] Layer 41: loading 1 expert(s)
[MoE] Layer 43: loading 1 expert(s)
[MoE] Layer 45: loading 1 expert(s)
[MoE] Layer 46: loading 2 expert(s)
[MoE] Layer 47: loading 1 expert(s)
[MoE] Layer 0: loading 1 expert(s)
[MoE] Layer 1: loading 1 expert(s)
[MoE] Layer 2: loading 1 expert(s)
[MoE] Layer 3: loading 2 expert(s)
[MoE] Layer 4: loading 1 expert(s)
[MoE] Layer 6: loading 1 expert(s)
[MoE] Layer 7: loading 1 expert(s)
[MoE] Layer 8: loading 1 expert(s)
[MoE] Layer 10: loading 1 expert(s)
[MoE] Layer 12: loading 2 expert(s)
[MoE] Layer 13: loading 2 expert(s)
[MoE] Layer 16: loading 1 expert(s)
[MoE] Layer 17: loading 1 expert(s)
[MoE] Layer 22: loading 1 expert(s)
[MoE] Layer 23: loading 1 expert(s)
[MoE] Layer 28: loading 1 expert(s)
[MoE] Layer 29: loading 1 expert(s)
[MoE] Layer 31: loading 1 expert(s)
[MoE] Layer 32: loading 2 expert(s)
[MoE] Layer 34: loading 1 expert(s)
[MoE] Layer 36: loading 1 expert(s)
[MoE] Layer 37: loading 1 expert(s)
[MoE] Layer 40: loading 2 expert(s)
[MoE] Layer 41: loading 1 expert(s)
[MoE] Layer 47: loading 1 expert(s)
[MoE] Layer 2: loading 1 expert(s)
[MoE] Layer 3: loading 1 expert(s)
[MoE] Layer 4: loading 1 expert(s)
[MoE] Layer 17: loading 2 expert(s)
[MoE] Layer 23: loading 1 expert(s)
[MoE] Layer 28: loading 2 expert(s)
[MoE] Layer 29: loading 2 expert(s)
[MoE] Layer 30: loading 1 expert(s)
[MoE] Layer 38: loading 1 expert(s)
[MoE] Layer 41: loading 2 expert(s)
[MoE] Layer 42: loading 2 expert(s)
[MoE] Layer 45: loading 1 expert(s)
[MoE] Layer 0: loading 2 expert(s)
[MoE] Layer 1: loading 2 expert(s)
[MoE] Layer 3: loading 1 expert(s)
[MoE] Layer 4: loading 2 expert(s)
[MoE] Layer 6: loading 1 expert(s)
[MoE] Layer 8: loading 1 expert(s)
[MoE] Layer 13: loading 1 expert(s)
[MoE] Layer 16: loading 1 expert(s)
[MoE] Layer 17: loading 1 expert(s)
[MoE] Layer 18: loading 1 expert(s)
[MoE] Layer 20: loading 1 expert(s)
[MoE] Layer 23: loading 1 expert(s)
[MoE] Layer 25: loading 1 expert(s)
[MoE] Layer 29: loading 1 expert(s)
[MoE] Layer 32: loading 1 expert(s)
[MoE] Layer 37: loading 1 expert(s)
[MoE] Layer 40: loading 1 expert(s)
[MoE] Layer 41: loading 1 expert(s)
[MoE] Layer 42: loading 1 expert(s)
[MoE] Layer 44: loading 1 expert(s)
[MoE] Layer 47: loading 1 expert(s)
[gen 20/149] elapsed=2.9s  TPS=6.935
[MoE] Layer 0: loading 2 expert(s)
[MoE] Layer 1: loading 1 expert(s)
[MoE] Layer 2: loading 1 expert(s)
[MoE] Layer 3: loading 3 expert(s)
[MoE] Layer 4: loading 1 expert(s)
[MoE] Layer 7: loading 1 expert(s)
[MoE] Layer 10: loading 2 expert(s)
[MoE] Layer 11: loading 2 expert(s)
[MoE] Layer 12: loading 1 expert(s)
[MoE] Layer 16: loading 1 expert(s)
[MoE] Layer 22: loading 2 expert(s)
[MoE] Layer 24: loading 1 expert(s)
[MoE] Layer 25: loading 1 expert(s)
[MoE] Layer 33: loading 1 expert(s)
[MoE] Layer 34: loading 3 expert(s)
[MoE] Layer 36: loading 1 expert(s)
[MoE] Layer 44: loading 1 expert(s)
[MoE] Layer 0: loading 3 expert(s)
[MoE] Layer 1: loading 1 expert(s)
[MoE] Layer 2: loading 1 expert(s)
[MoE] Layer 3: loading 1 expert(s)
[MoE] Layer 4: loading 2 expert(s)
[MoE] Layer 5: loading 1 expert(s)
[MoE] Layer 13: loading 1 expert(s)
[MoE] Layer 14: loading 1 expert(s)
[MoE] Layer 16: loading 1 expert(s)
[MoE] Layer 22: loading 1 expert(s)
[MoE] Layer 25: loading 1 expert(s)
[MoE] Layer 26: loading 1 expert(s)
[MoE] Layer 29: loading 1 expert(s)
[MoE] Layer 37: loading 1 expert(s)
[MoE] Layer 41: loading 1 expert(s)
[MoE] Layer 3: loading 1 expert(s)
[MoE] Layer 6: loading 1 expert(s)
[MoE] Layer 16: loading 1 expert(s)
[MoE] Layer 20: loading 1 expert(s)
[MoE] Layer 23: loading 1 expert(s)
[MoE] Layer 25: loading 1 expert(s)
[MoE] Layer 32: loading 1 expert(s)
[MoE] Layer 33: loading 1 expert(s)
[MoE] Layer 38: loading 1 expert(s)
[MoE] Layer 3: loading 1 expert(s)
[MoE] Layer 15: loading 1 expert(s)
[MoE] Layer 22: loading 1 expert(s)
[MoE] Layer 28: loading 1 expert(s)
[MoE] Layer 29: loading 1 expert(s)
[MoE] Layer 1: loading 2 expert(s)
[MoE] Layer 3: loading 1 expert(s)
[MoE] Layer 4: loading 2 expert(s)
[MoE] Layer 6: loading 1 expert(s)
[MoE] Layer 8: loading 1 expert(s)
[MoE] Layer 9: loading 1 expert(s)
[MoE] Layer 13: loading 2 expert(s)
[MoE] Layer 17: loading 1 expert(s)
[MoE] Layer 23: loading 2 expert(s)
[MoE] Layer 29: loading 1 expert(s)
[MoE] Layer 37: loading 1 expert(s)
[MoE] Layer 40: loading 1 expert(s)
[MoE] Layer 41: loading 1 expert(s)
[gen 25/149] elapsed=3.4s  TPS=7.372
[MoE] Layer 0: loading 1 expert(s)
[MoE] Layer 3: loading 1 expert(s)
[MoE] Layer 4: loading 1 expert(s)
[MoE] Layer 5: loading 1 expert(s)
[MoE] Layer 8: loading 1 expert(s)
[MoE] Layer 12: loading 1 expert(s)
[MoE] Layer 40: loading 1 expert(s)
[MoE] Layer 41: loading 1 expert(s)
[MoE] Layer 45: loading 1 expert(s)
[MoE] Layer 46: loading 1 expert(s)
[MoE] Layer 0: loading 1 expert(s)
[MoE] Layer 1: loading 1 expert(s)
[MoE] Layer 10: loading 1 expert(s)
[MoE] Layer 11: loading 1 expert(s)
[MoE] Layer 13: loading 1 expert(s)
[MoE] Layer 30: loading 1 expert(s)
[MoE] Layer 40: loading 1 expert(s)
[MoE] Layer 41: loading 2 expert(s)
[MoE] Layer 47: loading 1 expert(s)
[MoE] Layer 1: loading 1 expert(s)
[MoE] Layer 3: loading 1 expert(s)
[MoE] Layer 4: loading 1 expert(s)
[MoE] Layer 6: loading 1 expert(s)
[MoE] Layer 11: loading 1 expert(s)
[MoE] Layer 16: loading 1 expert(s)
[MoE] Layer 22: loading 1 expert(s)
[MoE] Layer 23: loading 2 expert(s)
[MoE] Layer 29: loading 1 expert(s)
[MoE] Layer 31: loading 2 expert(s)
[MoE] Layer 34: loading 1 expert(s)
[MoE] Layer 35: loading 1 expert(s)
[MoE] Layer 36: loading 1 expert(s)
[MoE] Layer 40: loading 2 expert(s)
[MoE] Layer 44: loading 1 expert(s)
[MoE] Layer 47: loading 2 expert(s)
[MoE] Layer 1: loading 1 expert(s)
[MoE] Layer 4: loading 1 expert(s)
[MoE] Layer 13: loading 1 expert(s)
[MoE] Layer 29: loading 1 expert(s)
[MoE] Layer 32: loading 1 expert(s)
[MoE] Layer 33: loading 1 expert(s)
[MoE] Layer 34: loading 1 expert(s)
[MoE] Layer 36: loading 1 expert(s)
[MoE] Layer 38: loading 1 expert(s)
[MoE] Layer 39: loading 1 expert(s)
[MoE] Layer 42: loading 2 expert(s)
[MoE] Layer 43: loading 1 expert(s)
[MoE] Layer 45: loading 1 expert(s)
[MoE] Layer 46: loading 2 expert(s)
[MoE] Layer 47: loading 3 expert(s)
[MoE] Layer 0: loading 3 expert(s)
[MoE] Layer 1: loading 1 expert(s)
[MoE] Layer 3: loading 1 expert(s)
[MoE] Layer 4: loading 1 expert(s)
[MoE] Layer 5: loading 1 expert(s)
[MoE] Layer 7: loading 1 expert(s)
[MoE] Layer 8: loading 1 expert(s)
[MoE] Layer 9: loading 2 expert(s)
[MoE] Layer 10: loading 1 expert(s)
[MoE] Layer 13: loading 1 expert(s)
[MoE] Layer 29: loading 2 expert(s)
[gen 30/149] elapsed=3.9s  TPS=7.653
[MoE] Layer 5: loading 1 expert(s)
[MoE] Layer 30: loading 1 expert(s)
[MoE] Layer 0: loading 3 expert(s)
[MoE] Layer 12: loading 1 expert(s)
[MoE] Layer 15: loading 1 expert(s)
[MoE] Layer 22: loading 1 expert(s)
[MoE] Layer 34: loading 1 expert(s)
[MoE] Layer 37: loading 1 expert(s)
[MoE] Layer 40: loading 2 expert(s)
[MoE] Layer 47: loading 1 expert(s)
[MoE] Layer 0: loading 2 expert(s)
[MoE] Layer 3: loading 1 expert(s)
[MoE] Layer 7: loading 1 expert(s)
[MoE] Layer 11: loading 1 expert(s)
[MoE] Layer 12: loading 1 expert(s)
[MoE] Layer 29: loading 1 expert(s)
[MoE] Layer 36: loading 1 expert(s)
[MoE] Layer 38: loading 1 expert(s)
[MoE] Layer 44: loading 1 expert(s)
[MoE] Layer 45: loading 1 expert(s)
[MoE] Layer 46: loading 1 expert(s)
[MoE] Layer 0: loading 1 expert(s)
[MoE] Layer 10: loading 3 expert(s)
[MoE] Layer 0: loading 1 expert(s)
[MoE] Layer 26: loading 1 expert(s)
[MoE] Layer 44: loading 1 expert(s)
[MoE] Layer 45: loading 1 expert(s)
[gen 35/149] elapsed=4.3s  TPS=8.155
[MoE] Layer 5: loading 1 expert(s)
[MoE] Layer 9: loading 1 expert(s)
[MoE] Layer 10: loading 1 expert(s)
[MoE] Layer 11: loading 1 expert(s)
[MoE] Layer 12: loading 1 expert(s)
[MoE] Layer 35: loading 1 expert(s)
[MoE] Layer 0: loading 1 expert(s)
[MoE] Layer 3: loading 1 expert(s)
[MoE] Layer 12: loading 1 expert(s)
[MoE] Layer 15: loading 1 expert(s)
[MoE] Layer 17: loading 1 expert(s)
[MoE] Layer 0: loading 1 expert(s)
[MoE] Layer 1: loading 1 expert(s)
[MoE] Layer 3: loading 1 expert(s)
[MoE] Layer 4: loading 1 expert(s)
[MoE] Layer 5: loading 2 expert(s)
[MoE] Layer 10: loading 2 expert(s)
[MoE] Layer 16: loading 1 expert(s)
[MoE] Layer 37: loading 1 expert(s)
[MoE] Layer 2: loading 1 expert(s)
[MoE] Layer 6: loading 1 expert(s)
[MoE] Layer 13: loading 1 expert(s)
[MoE] Layer 15: loading 1 expert(s)
[MoE] Layer 28: loading 1 expert(s)
[MoE] Layer 0: loading 1 expert(s)
[MoE] Layer 11: loading 1 expert(s)
[MoE] Layer 25: loading 1 expert(s)
[MoE] Layer 27: loading 1 expert(s)
[MoE] Layer 33: loading 1 expert(s)
[MoE] Layer 34: loading 1 expert(s)
[MoE] Layer 36: loading 1 expert(s)
[MoE] Layer 37: loading 1 expert(s)
[MoE] Layer 38: loading 1 expert(s)
[MoE] Layer 40: loading 1 expert(s)
[MoE] Layer 41: loading 1 expert(s)
[MoE] Layer 47: loading 1 expert(s)
[gen 40/149] elapsed=4.7s  TPS=8.531
[MoE] Layer 1: loading 1 expert(s)
[MoE] Layer 8: loading 1 expert(s)
[MoE] Layer 14: loading 1 expert(s)
[MoE] Layer 21: loading 1 expert(s)
[MoE] Layer 23: loading 1 expert(s)
[MoE] Layer 32: loading 1 expert(s)
[MoE] Layer 37: loading 1 expert(s)
[MoE] Layer 23: loading 1 expert(s)
[MoE] Layer 24: loading 1 expert(s)
[MoE] Layer 26: loading 1 expert(s)
[MoE] Layer 30: loading 1 expert(s)
[MoE] Layer 35: loading 2 expert(s)
[MoE] Layer 36: loading 1 expert(s)
[MoE] Layer 37: loading 2 expert(s)
[MoE] Layer 39: loading 1 expert(s)
[MoE] Layer 41: loading 1 expert(s)
[MoE] Layer 36: loading 1 expert(s)
[MoE] Layer 37: loading 1 expert(s)
[MoE] Layer 0: loading 2 expert(s)
[MoE] Layer 1: loading 1 expert(s)
[MoE] Layer 2: loading 1 expert(s)
[MoE] Layer 3: loading 1 expert(s)
[MoE] Layer 9: loading 1 expert(s)
[MoE] Layer 13: loading 1 expert(s)
[MoE] Layer 14: loading 1 expert(s)
[MoE] Layer 27: loading 1 expert(s)
[MoE] Layer 29: loading 1 expert(s)
[MoE] Layer 41: loading 1 expert(s)
[MoE] Layer 43: loading 1 expert(s)
[MoE] Layer 46: loading 1 expert(s)
[MoE] Layer 47: loading 3 expert(s)
[MoE] Layer 0: loading 2 expert(s)
[MoE] Layer 1: loading 1 expert(s)
[MoE] Layer 2: loading 1 expert(s)
[MoE] Layer 3: loading 1 expert(s)
[MoE] Layer 11: loading 1 expert(s)
[MoE] Layer 14: loading 1 expert(s)
[MoE] Layer 15: loading 1 expert(s)
[MoE] Layer 16: loading 1 expert(s)
[MoE] Layer 20: loading 1 expert(s)
[MoE] Layer 21: loading 1 expert(s)
[MoE] Layer 22: loading 1 expert(s)
[MoE] Layer 24: loading 2 expert(s)
[MoE] Layer 25: loading 2 expert(s)
[MoE] Layer 26: loading 1 expert(s)
[MoE] Layer 27: loading 2 expert(s)
[MoE] Layer 28: loading 2 expert(s)
[MoE] Layer 32: loading 1 expert(s)
[MoE] Layer 33: loading 1 expert(s)
[MoE] Layer 34: loading 1 expert(s)
[MoE] Layer 35: loading 2 expert(s)
[MoE] Layer 36: loading 1 expert(s)
[MoE] Layer 38: loading 2 expert(s)
[MoE] Layer 41: loading 1 expert(s)
[MoE] Layer 46: loading 2 expert(s)
[MoE] Layer 47: loading 1 expert(s)
[gen 45/149] elapsed=5.2s  TPS=8.677
[MoE] Layer 0: loading 1 expert(s)
[MoE] Layer 1: loading 2 expert(s)
[MoE] Layer 2: loading 2 expert(s)
[MoE] Layer 4: loading 1 expert(s)
[MoE] Layer 17: loading 1 expert(s)
[MoE] Layer 25: loading 1 expert(s)
[MoE] Layer 26: loading 1 expert(s)
[MoE] Layer 35: loading 1 expert(s)
[MoE] Layer 0: loading 2 expert(s)
[MoE] Layer 1: loading 1 expert(s)
[MoE] Layer 3: loading 2 expert(s)
[MoE] Layer 4: loading 1 expert(s)
[MoE] Layer 8: loading 1 expert(s)
[MoE] Layer 17: loading 1 expert(s)
[MoE] Layer 26: loading 1 expert(s)
[MoE] Layer 38: loading 1 expert(s)
[MoE] Layer 47: loading 1 expert(s)
[MoE] Layer 0: loading 1 expert(s)
[MoE] Layer 1: loading 1 expert(s)
[MoE] Layer 12: loading 1 expert(s)
[MoE] Layer 24: loading 1 expert(s)
[MoE] Layer 36: loading 2 expert(s)
[MoE] Layer 46: loading 2 expert(s)
[MoE] Layer 0: loading 1 expert(s)
[MoE] Layer 1: loading 1 expert(s)
[MoE] Layer 5: loading 1 expert(s)
[MoE] Layer 15: loading 1 expert(s)
[MoE] Layer 29: loading 1 expert(s)
[MoE] Layer 32: loading 1 expert(s)
[MoE] Layer 47: loading 1 expert(s)
[MoE] Layer 0: loading 2 expert(s)
[MoE] Layer 1: loading 1 expert(s)
[MoE] Layer 10: loading 1 expert(s)
[MoE] Layer 13: loading 1 expert(s)
[MoE] Layer 16: loading 1 expert(s)
[MoE] Layer 41: loading 1 expert(s)
[gen 50/149] elapsed=5.6s  TPS=8.946
[MoE] Layer 0: loading 2 expert(s)
[MoE] Layer 1: loading 1 expert(s)
[MoE] Layer 2: loading 2 expert(s)
[MoE] Layer 3: loading 2 expert(s)
[MoE] Layer 5: loading 2 expert(s)
[MoE] Layer 7: loading 1 expert(s)
[MoE] Layer 10: loading 1 expert(s)
[MoE] Layer 11: loading 1 expert(s)
[MoE] Layer 13: loading 3 expert(s)
[MoE] Layer 22: loading 1 expert(s)
[MoE] Layer 25: loading 1 expert(s)
[MoE] Layer 27: loading 1 expert(s)
[MoE] Layer 31: loading 1 expert(s)
[MoE] Layer 34: loading 2 expert(s)
[MoE] Layer 35: loading 1 expert(s)
[MoE] Layer 37: loading 1 expert(s)
[MoE] Layer 38: loading 2 expert(s)
[MoE] Layer 42: loading 1 expert(s)
[MoE] Layer 47: loading 1 expert(s)
[MoE] Layer 0: loading 2 expert(s)
[MoE] Layer 1: loading 1 expert(s)
[MoE] Layer 11: loading 1 expert(s)
[MoE] Layer 14: loading 1 expert(s)
[MoE] Layer 22: loading 1 expert(s)
[MoE] Layer 29: loading 1 expert(s)
[MoE] Layer 31: loading 1 expert(s)
[MoE] Layer 35: loading 1 expert(s)
[MoE] Layer 44: loading 1 expert(s)
[MoE] Layer 1: loading 1 expert(s)
[MoE] Layer 3: loading 1 expert(s)
[MoE] Layer 4: loading 2 expert(s)
[MoE] Layer 11: loading 1 expert(s)
[MoE] Layer 25: loading 1 expert(s)
[MoE] Layer 26: loading 1 expert(s)
[MoE] Layer 29: loading 1 expert(s)
[MoE] Layer 37: loading 1 expert(s)
[MoE] Layer 44: loading 1 expert(s)
[MoE] Layer 28: loading 1 expert(s)
[MoE] Layer 47: loading 1 expert(s)
[MoE] Layer 3: loading 1 expert(s)
[MoE] Layer 24: loading 1 expert(s)
[MoE] Layer 27: loading 1 expert(s)
[MoE] Layer 34: loading 1 expert(s)
[MoE] Layer 36: loading 1 expert(s)
[gen 55/149] elapsed=6.0s  TPS=9.102
[MoE] Layer 0: loading 3 expert(s)
[MoE] Layer 1: loading 1 expert(s)
[MoE] Layer 2: loading 1 expert(s)
[MoE] Layer 11: loading 2 expert(s)
[MoE] Layer 22: loading 1 expert(s)
[MoE] Layer 25: loading 1 expert(s)
[MoE] Layer 10: loading 1 expert(s)
[MoE] Layer 14: loading 1 expert(s)
[MoE] Layer 23: loading 1 expert(s)
[MoE] Layer 26: loading 1 expert(s)
[MoE] Layer 34: loading 1 expert(s)
[MoE] Layer 37: loading 1 expert(s)
[MoE] Layer 38: loading 1 expert(s)
[MoE] Layer 46: loading 1 expert(s)
[MoE] Layer 0: loading 1 expert(s)
[MoE] Layer 1: loading 1 expert(s)
[MoE] Layer 26: loading 1 expert(s)
[MoE] Layer 35: loading 1 expert(s)
[MoE] Layer 36: loading 1 expert(s)
[MoE] Layer 9: loading 1 expert(s)
[MoE] Layer 10: loading 1 expert(s)
[MoE] Layer 21: loading 1 expert(s)
[MoE] Layer 22: loading 1 expert(s)
[MoE] Layer 24: loading 1 expert(s)
[MoE] Layer 26: loading 1 expert(s)
[MoE] Layer 27: loading 1 expert(s)
[MoE] Layer 30: loading 1 expert(s)
[MoE] Layer 31: loading 1 expert(s)
[MoE] Layer 32: loading 2 expert(s)
[MoE] Layer 33: loading 2 expert(s)
[MoE] Layer 34: loading 2 expert(s)
[MoE] Layer 35: loading 2 expert(s)
[MoE] Layer 36: loading 2 expert(s)
[MoE] Layer 38: loading 1 expert(s)
[MoE] Layer 39: loading 1 expert(s)
[MoE] Layer 40: loading 1 expert(s)
[MoE] Layer 41: loading 1 expert(s)
[MoE] Layer 0: loading 2 expert(s)
[MoE] Layer 1: loading 1 expert(s)
[MoE] Layer 8: loading 1 expert(s)
[MoE] Layer 11: loading 1 expert(s)
[MoE] Layer 38: loading 1 expert(s)
[MoE] Layer 39: loading 1 expert(s)
[MoE] Layer 40: loading 1 expert(s)
[MoE] Layer 43: loading 2 expert(s)
[gen 60/149] elapsed=6.5s  TPS=9.235
[MoE] Layer 1: loading 1 expert(s)
[MoE] Layer 3: loading 3 expert(s)
[MoE] Layer 4: loading 1 expert(s)
[MoE] Layer 6: loading 1 expert(s)
[MoE] Layer 20: loading 1 expert(s)
[MoE] Layer 46: loading 1 expert(s)
[MoE] Layer 47: loading 1 expert(s)
[MoE] Layer 17: loading 1 expert(s)
[MoE] Layer 0: loading 3 expert(s)
[MoE] Layer 1: loading 1 expert(s)
[MoE] Layer 23: loading 1 expert(s)
[MoE] Layer 29: loading 1 expert(s)
[MoE] Layer 35: loading 1 expert(s)
[MoE] Layer 3: loading 2 expert(s)
[MoE] Layer 0: loading 1 expert(s)
[MoE] Layer 1: loading 1 expert(s)
[MoE] Layer 3: loading 1 expert(s)
[MoE] Layer 5: loading 1 expert(s)
[MoE] Layer 20: loading 1 expert(s)
[MoE] Layer 22: loading 1 expert(s)
[MoE] Layer 25: loading 1 expert(s)
[MoE] Layer 33: loading 1 expert(s)
[MoE] Layer 47: loading 3 expert(s)
[gen 65/149] elapsed=6.9s  TPS=9.485
[MoE] Layer 0: loading 1 expert(s)
[MoE] Layer 1: loading 1 expert(s)
[MoE] Layer 13: loading 1 expert(s)
[MoE] Layer 22: loading 1 expert(s)
[MoE] Layer 24: loading 1 expert(s)
[MoE] Layer 36: loading 1 expert(s)
[MoE] Layer 40: loading 1 expert(s)
[MoE] Layer 46: loading 1 expert(s)
[MoE] Layer 0: loading 1 expert(s)
[MoE] Layer 1: loading 2 expert(s)
[MoE] Layer 15: loading 1 expert(s)
[MoE] Layer 24: loading 1 expert(s)
[MoE] Layer 33: loading 1 expert(s)
[MoE] Layer 34: loading 1 expert(s)
[MoE] Layer 39: loading 1 expert(s)
[MoE] Layer 0: loading 2 expert(s)
[MoE] Layer 1: loading 1 expert(s)
[MoE] Layer 3: loading 1 expert(s)
[MoE] Layer 10: loading 1 expert(s)
[MoE] Layer 15: loading 1 expert(s)
[MoE] Layer 25: loading 1 expert(s)
[MoE] Layer 27: loading 1 expert(s)
[MoE] Layer 29: loading 1 expert(s)
[MoE] Layer 41: loading 1 expert(s)
[MoE] Layer 1: loading 1 expert(s)
[MoE] Layer 2: loading 1 expert(s)
[MoE] Layer 3: loading 1 expert(s)
[MoE] Layer 4: loading 1 expert(s)
[MoE] Layer 5: loading 1 expert(s)
[MoE] Layer 12: loading 1 expert(s)
[MoE] Layer 16: loading 1 expert(s)
[MoE] Layer 18: loading 1 expert(s)
[MoE] Layer 0: loading 2 expert(s)
[MoE] Layer 1: loading 2 expert(s)
[MoE] Layer 2: loading 2 expert(s)
[MoE] Layer 3: loading 1 expert(s)
[MoE] Layer 4: loading 1 expert(s)
[MoE] Layer 11: loading 1 expert(s)
[MoE] Layer 29: loading 1 expert(s)
[MoE] Layer 37: loading 1 expert(s)
[gen 70/149] elapsed=7.3s  TPS=9.629
[MoE] Layer 0: loading 2 expert(s)
[MoE] Layer 1: loading 2 expert(s)
[MoE] Layer 2: loading 1 expert(s)
[MoE] Layer 3: loading 2 expert(s)
[MoE] Layer 4: loading 1 expert(s)
[MoE] Layer 11: loading 1 expert(s)
[MoE] Layer 12: loading 1 expert(s)
[MoE] Layer 29: loading 1 expert(s)
[MoE] Layer 35: loading 1 expert(s)
[MoE] Layer 36: loading 1 expert(s)
[MoE] Layer 0: loading 1 expert(s)
[MoE] Layer 5: loading 1 expert(s)
[MoE] Layer 9: loading 1 expert(s)
[MoE] Layer 35: loading 1 expert(s)
[MoE] Layer 47: loading 1 expert(s)
[MoE] Layer 0: loading 1 expert(s)
[MoE] Layer 1: loading 2 expert(s)
[MoE] Layer 2: loading 1 expert(s)
[MoE] Layer 3: loading 2 expert(s)
[MoE] Layer 11: loading 1 expert(s)
[MoE] Layer 17: loading 1 expert(s)
[MoE] Layer 25: loading 1 expert(s)
[MoE] Layer 26: loading 1 expert(s)
[MoE] Layer 29: loading 1 expert(s)
[MoE] Layer 38: loading 1 expert(s)
[MoE] Layer 41: loading 1 expert(s)
[MoE] Layer 3: loading 1 expert(s)
[MoE] Layer 5: loading 1 expert(s)
[MoE] Layer 13: loading 1 expert(s)
[MoE] Layer 22: loading 1 expert(s)
[MoE] Layer 25: loading 1 expert(s)
[MoE] Layer 33: loading 1 expert(s)
[MoE] Layer 34: loading 1 expert(s)
[MoE] Layer 37: loading 1 expert(s)
[MoE] Layer 46: loading 1 expert(s)
[MoE] Layer 3: loading 1 expert(s)
[MoE] Layer 36: loading 1 expert(s)
[MoE] Layer 38: loading 1 expert(s)
[MoE] Layer 47: loading 1 expert(s)
[gen 75/149] elapsed=7.7s  TPS=9.765
[MoE] Layer 0: loading 1 expert(s)
[MoE] Layer 3: loading 1 expert(s)
[MoE] Layer 41: loading 2 expert(s)
[MoE] Layer 44: loading 1 expert(s)
[MoE] Layer 0: loading 1 expert(s)
[MoE] Layer 1: loading 1 expert(s)
[MoE] Layer 10: loading 1 expert(s)
[MoE] Layer 14: loading 1 expert(s)
[MoE] Layer 35: loading 1 expert(s)
[MoE] Layer 36: loading 1 expert(s)
[MoE] Layer 3: loading 1 expert(s)
[MoE] Layer 14: loading 1 expert(s)
[MoE] Layer 28: loading 1 expert(s)
[MoE] Layer 35: loading 1 expert(s)
[MoE] Layer 46: loading 1 expert(s)
[MoE] Layer 1: loading 1 expert(s)
[MoE] Layer 0: loading 2 expert(s)
[MoE] Layer 1: loading 2 expert(s)
[MoE] Layer 3: loading 2 expert(s)
[MoE] Layer 9: loading 1 expert(s)
[MoE] Layer 26: loading 1 expert(s)
[gen 80/149] elapsed=8.0s  TPS=9.971
[MoE] Layer 0: loading 1 expert(s)
[MoE] Layer 10: loading 1 expert(s)
[MoE] Layer 41: loading 1 expert(s)
[MoE] Layer 47: loading 1 expert(s)
[MoE] Layer 3: loading 1 expert(s)
[MoE] Layer 21: loading 2 expert(s)
[MoE] Layer 37: loading 1 expert(s)
[MoE] Layer 0: loading 3 expert(s)
[MoE] Layer 1: loading 1 expert(s)
[MoE] Layer 3: loading 1 expert(s)
[MoE] Layer 4: loading 1 expert(s)
[MoE] Layer 11: loading 1 expert(s)
[MoE] Layer 16: loading 1 expert(s)
[MoE] Layer 24: loading 1 expert(s)
[MoE] Layer 0: loading 2 expert(s)
[MoE] Layer 1: loading 1 expert(s)
[MoE] Layer 5: loading 1 expert(s)
[MoE] Layer 10: loading 1 expert(s)
[MoE] Layer 11: loading 1 expert(s)
[MoE] Layer 14: loading 1 expert(s)
[MoE] Layer 25: loading 1 expert(s)
[MoE] Layer 29: loading 1 expert(s)
[MoE] Layer 30: loading 1 expert(s)
[MoE] Layer 31: loading 1 expert(s)
[MoE] Layer 37: loading 2 expert(s)
[MoE] Layer 41: loading 1 expert(s)
[MoE] Layer 0: loading 1 expert(s)
[MoE] Layer 1: loading 2 expert(s)
[gen 85/149] elapsed=8.4s  TPS=10.116
[MoE] Layer 1: loading 1 expert(s)
[MoE] Layer 3: loading 1 expert(s)
[MoE] Layer 12: loading 1 expert(s)
[MoE] Layer 26: loading 1 expert(s)
[MoE] Layer 32: loading 1 expert(s)
[MoE] Layer 0: loading 3 expert(s)
[MoE] Layer 11: loading 1 expert(s)
[MoE] Layer 24: loading 1 expert(s)
[MoE] Layer 34: loading 1 expert(s)
[MoE] Layer 41: loading 2 expert(s)
[MoE] Layer 42: loading 1 expert(s)
[MoE] Layer 43: loading 1 expert(s)
[MoE] Layer 47: loading 2 expert(s)
[MoE] Layer 0: loading 4 expert(s)
[MoE] Layer 1: loading 2 expert(s)
[MoE] Layer 3: loading 1 expert(s)
[MoE] Layer 5: loading 1 expert(s)
[MoE] Layer 13: loading 1 expert(s)
[MoE] Layer 30: loading 1 expert(s)
[MoE] Layer 31: loading 1 expert(s)
[MoE] Layer 32: loading 1 expert(s)
[MoE] Layer 37: loading 1 expert(s)
[MoE] Layer 38: loading 1 expert(s)
[MoE] Layer 47: loading 2 expert(s)
[MoE] Layer 0: loading 5 expert(s)
[MoE] Layer 1: loading 1 expert(s)
[MoE] Layer 10: loading 1 expert(s)
[MoE] Layer 13: loading 1 expert(s)
[MoE] Layer 22: loading 1 expert(s)
[MoE] Layer 24: loading 1 expert(s)
[MoE] Layer 34: loading 1 expert(s)
[MoE] Layer 41: loading 1 expert(s)
[MoE] Layer 0: loading 2 expert(s)
[MoE] Layer 32: loading 1 expert(s)
[MoE] Layer 34: loading 1 expert(s)
[gen 90/149] elapsed=8.8s  TPS=10.203
[MoE] Layer 0: loading 1 expert(s)
[MoE] Layer 1: loading 1 expert(s)
[MoE] Layer 3: loading 1 expert(s)
[MoE] Layer 47: loading 1 expert(s)
[MoE] Layer 0: loading 2 expert(s)
[MoE] Layer 1: loading 1 expert(s)
[MoE] Layer 3: loading 2 expert(s)
[MoE] Layer 8: loading 1 expert(s)
[MoE] Layer 10: loading 1 expert(s)
[MoE] Layer 21: loading 1 expert(s)
[MoE] Layer 35: loading 1 expert(s)
[MoE] Layer 0: loading 2 expert(s)
[MoE] Layer 1: loading 1 expert(s)
[MoE] Layer 3: loading 2 expert(s)
[MoE] Layer 8: loading 1 expert(s)
[MoE] Layer 24: loading 1 expert(s)
[MoE] Layer 28: loading 1 expert(s)
[MoE] Layer 29: loading 1 expert(s)
[MoE] Layer 31: loading 1 expert(s)
[MoE] Layer 32: loading 1 expert(s)
[MoE] Layer 47: loading 1 expert(s)
[MoE] Layer 0: loading 2 expert(s)
[MoE] Layer 1: loading 2 expert(s)
[MoE] Layer 3: loading 1 expert(s)
[MoE] Layer 30: loading 1 expert(s)
[MoE] Layer 3: loading 3 expert(s)
[MoE] Layer 24: loading 1 expert(s)
[gen 95/149] elapsed=9.2s  TPS=10.328
[MoE] Layer 0: loading 1 expert(s)
[MoE] Layer 2: loading 1 expert(s)
[MoE] Layer 5: loading 1 expert(s)
[MoE] Layer 11: loading 1 expert(s)
[MoE] Layer 3: loading 1 expert(s)
[MoE] Layer 5: loading 1 expert(s)
[MoE] Layer 16: loading 1 expert(s)
[MoE] Layer 17: loading 1 expert(s)
[MoE] Layer 28: loading 1 expert(s)
[MoE] Layer 46: loading 1 expert(s)
[MoE] Layer 13: loading 1 expert(s)
[MoE] Layer 20: loading 1 expert(s)
[MoE] Layer 25: loading 1 expert(s)
[MoE] Layer 2: loading 1 expert(s)
[MoE] Layer 16: loading 1 expert(s)
[MoE] Layer 28: loading 1 expert(s)
[MoE] Layer 41: loading 1 expert(s)
[MoE] Layer 1: loading 2 expert(s)
[MoE] Layer 2: loading 1 expert(s)
[MoE] Layer 3: loading 3 expert(s)
[MoE] Layer 4: loading 1 expert(s)
[MoE] Layer 5: loading 1 expert(s)
[MoE] Layer 37: loading 1 expert(s)
[gen 100/149] elapsed=9.5s  TPS=10.472
[MoE] Layer 0: loading 3 expert(s)
[MoE] Layer 1: loading 1 expert(s)
[MoE] Layer 29: loading 1 expert(s)
[MoE] Layer 30: loading 1 expert(s)
[MoE] Layer 0: loading 3 expert(s)
[MoE] Layer 1: loading 1 expert(s)
[MoE] Layer 3: loading 1 expert(s)
[MoE] Layer 10: loading 1 expert(s)
[MoE] Layer 13: loading 1 expert(s)
[MoE] Layer 18: loading 1 expert(s)
[MoE] Layer 34: loading 1 expert(s)
[MoE] Layer 0: loading 4 expert(s)
[MoE] Layer 4: loading 1 expert(s)
[MoE] Layer 11: loading 2 expert(s)
[MoE] Layer 12: loading 1 expert(s)
[MoE] Layer 24: loading 1 expert(s)
[MoE] Layer 30: loading 1 expert(s)
[MoE] Layer 32: loading 1 expert(s)
[MoE] Layer 0: loading 1 expert(s)
[MoE] Layer 22: loading 1 expert(s)
[MoE] Layer 24: loading 1 expert(s)
[MoE] Layer 27: loading 1 expert(s)
[MoE] Layer 29: loading 1 expert(s)
[MoE] Layer 35: loading 1 expert(s)
[MoE] Layer 46: loading 1 expert(s)
[MoE] Layer 0: loading 2 expert(s)
[MoE] Layer 2: loading 1 expert(s)
[MoE] Layer 9: loading 1 expert(s)
[MoE] Layer 11: loading 1 expert(s)
[MoE] Layer 13: loading 1 expert(s)
[MoE] Layer 29: loading 1 expert(s)
[MoE] Layer 41: loading 1 expert(s)
[gen 105/149] elapsed=9.9s  TPS=10.561
[MoE] Layer 0: loading 1 expert(s)
[MoE] Layer 1: loading 1 expert(s)
[MoE] Layer 12: loading 1 expert(s)
[MoE] Layer 32: loading 1 expert(s)
[MoE] Layer 36: loading 1 expert(s)
[MoE] Layer 0: loading 1 expert(s)
[MoE] Layer 29: loading 1 expert(s)
[MoE] Layer 1: loading 2 expert(s)
[MoE] Layer 3: loading 2 expert(s)
[MoE] Layer 3: loading 1 expert(s)
[MoE] Layer 28: loading 1 expert(s)
[MoE] Layer 43: loading 1 expert(s)
[MoE] Layer 19: loading 1 expert(s)
[MoE] Layer 29: loading 1 expert(s)
[MoE] Layer 36: loading 1 expert(s)
[gen 110/149] elapsed=10.3s  TPS=10.718
[MoE] Layer 0: loading 2 expert(s)
[MoE] Layer 1: loading 1 expert(s)
[MoE] Layer 22: loading 1 expert(s)
[MoE] Layer 28: loading 1 expert(s)
[MoE] Layer 38: loading 1 expert(s)
[MoE] Layer 1: loading 1 expert(s)
[MoE] Layer 24: loading 1 expert(s)
[MoE] Layer 0: loading 1 expert(s)
[MoE] Layer 46: loading 1 expert(s)
[MoE] Layer 0: loading 2 expert(s)
[MoE] Layer 1: loading 1 expert(s)
[MoE] Layer 3: loading 2 expert(s)
[MoE] Layer 12: loading 1 expert(s)
[MoE] Layer 18: loading 1 expert(s)
[MoE] Layer 35: loading 1 expert(s)
[MoE] Layer 41: loading 1 expert(s)
[MoE] Layer 1: loading 3 expert(s)
[MoE] Layer 2: loading 1 expert(s)
[MoE] Layer 4: loading 1 expert(s)
[MoE] Layer 8: loading 1 expert(s)
[MoE] Layer 9: loading 1 expert(s)
[MoE] Layer 10: loading 1 expert(s)
[MoE] Layer 22: loading 1 expert(s)
[MoE] Layer 25: loading 1 expert(s)
[MoE] Layer 27: loading 1 expert(s)
[MoE] Layer 42: loading 1 expert(s)
[gen 115/149] elapsed=10.6s  TPS=10.807
[MoE] Layer 1: loading 1 expert(s)
[MoE] Layer 4: loading 1 expert(s)
[MoE] Layer 11: loading 1 expert(s)
[MoE] Layer 12: loading 1 expert(s)
[MoE] Layer 24: loading 2 expert(s)
[MoE] Layer 25: loading 1 expert(s)
[MoE] Layer 27: loading 1 expert(s)
[MoE] Layer 30: loading 1 expert(s)
[MoE] Layer 31: loading 1 expert(s)
[MoE] Layer 33: loading 1 expert(s)
[MoE] Layer 34: loading 1 expert(s)
[MoE] Layer 36: loading 1 expert(s)
[MoE] Layer 40: loading 1 expert(s)
[MoE] Layer 46: loading 1 expert(s)
[MoE] Layer 0: loading 1 expert(s)
[MoE] Layer 14: loading 1 expert(s)
[MoE] Layer 37: loading 1 expert(s)
[MoE] Layer 0: loading 1 expert(s)
[MoE] Layer 1: loading 1 expert(s)
[MoE] Layer 3: loading 1 expert(s)
[MoE] Layer 6: loading 1 expert(s)
[MoE] Layer 0: loading 1 expert(s)
[MoE] Layer 3: loading 1 expert(s)
[MoE] Layer 11: loading 1 expert(s)
[MoE] Layer 27: loading 1 expert(s)
[MoE] Layer 35: loading 1 expert(s)
[gen 120/149] elapsed=11.0s  TPS=10.895
[MoE] Layer 3: loading 1 expert(s)
[MoE] Layer 0: loading 1 expert(s)
[MoE] Layer 42: loading 1 expert(s)
[MoE] Layer 44: loading 1 expert(s)
[MoE] Layer 47: loading 1 expert(s)
[MoE] Layer 0: loading 1 expert(s)
[MoE] Layer 1: loading 1 expert(s)
[MoE] Layer 2: loading 1 expert(s)
[MoE] Layer 3: loading 1 expert(s)
[MoE] Layer 37: loading 1 expert(s)
[MoE] Layer 1: loading 1 expert(s)
[MoE] Layer 3: loading 1 expert(s)
[gen 125/149] elapsed=11.3s  TPS=11.036
[MoE] Layer 3: loading 1 expert(s)
[MoE] Layer 11: loading 1 expert(s)
[MoE] Layer 22: loading 1 expert(s)
[MoE] Layer 34: loading 1 expert(s)
[MoE] Layer 2: loading 1 expert(s)
[MoE] Layer 3: loading 1 expert(s)
[MoE] Layer 2: loading 1 expert(s)
[MoE] Layer 14: loading 1 expert(s)
[MoE] Layer 24: loading 1 expert(s)
[MoE] Layer 26: loading 1 expert(s)
[MoE] Layer 37: loading 1 expert(s)
[MoE] Layer 47: loading 1 expert(s)
[gen 130/149] elapsed=11.6s  TPS=11.168
[MoE] Layer 0: loading 1 expert(s)
[MoE] Layer 1: loading 1 expert(s)
[MoE] Layer 3: loading 1 expert(s)
[MoE] Layer 6: loading 1 expert(s)
[MoE] Layer 22: loading 1 expert(s)
[MoE] Layer 25: loading 1 expert(s)
[MoE] Layer 26: loading 3 expert(s)
[MoE] Layer 47: loading 1 expert(s)
[MoE] Layer 0: loading 1 expert(s)
[MoE] Layer 1: loading 1 expert(s)
[MoE] Layer 3: loading 2 expert(s)
[MoE] Layer 4: loading 2 expert(s)
[MoE] Layer 35: loading 1 expert(s)
[MoE] Layer 1: loading 1 expert(s)
[MoE] Layer 9: loading 1 expert(s)
[MoE] Layer 22: loading 1 expert(s)
[MoE] Layer 25: loading 1 expert(s)
[MoE] Layer 26: loading 1 expert(s)
[MoE] Layer 37: loading 1 expert(s)
[MoE] Layer 47: loading 1 expert(s)
[MoE] Layer 0: loading 1 expert(s)
[MoE] Layer 1: loading 1 expert(s)
[MoE] Layer 9: loading 1 expert(s)
[MoE] Layer 17: loading 1 expert(s)
[MoE] Layer 31: loading 1 expert(s)
[MoE] Layer 33: loading 1 expert(s)
[MoE] Layer 37: loading 1 expert(s)
[MoE] Layer 41: loading 1 expert(s)
[gen 135/149] elapsed=12.0s  TPS=11.227
[MoE] Layer 1: loading 1 expert(s)
[MoE] Layer 2: loading 1 expert(s)
[MoE] Layer 3: loading 1 expert(s)
[MoE] Layer 4: loading 2 expert(s)
[MoE] Layer 17: loading 1 expert(s)
[MoE] Layer 29: loading 1 expert(s)
[MoE] Layer 40: loading 1 expert(s)
[MoE] Layer 42: loading 1 expert(s)
[MoE] Layer 47: loading 1 expert(s)
[MoE] Layer 0: loading 1 expert(s)
[MoE] Layer 1: loading 1 expert(s)
[MoE] Layer 3: loading 1 expert(s)
[MoE] Layer 26: loading 1 expert(s)
[MoE] Layer 29: loading 1 expert(s)
[MoE] Layer 33: loading 1 expert(s)
[MoE] Layer 36: loading 1 expert(s)
[MoE] Layer 34: loading 1 expert(s)
[MoE] Layer 46: loading 1 expert(s)
[gen 140/149] elapsed=12.4s  TPS=11.321
[MoE] Layer 17: loading 1 expert(s)
[MoE] Layer 24: loading 1 expert(s)
[MoE] Layer 34: loading 1 expert(s)
[MoE] Layer 0: loading 1 expert(s)
[MoE] Layer 1: loading 1 expert(s)
[MoE] Layer 8: loading 1 expert(s)
[MoE] Layer 22: loading 1 expert(s)
[MoE] Layer 26: loading 1 expert(s)
[MoE] Layer 28: loading 1 expert(s)
[MoE] Layer 33: loading 1 expert(s)
[MoE] Layer 34: loading 1 expert(s)
[MoE] Layer 35: loading 3 expert(s)
[MoE] Layer 36: loading 1 expert(s)
[MoE] Layer 46: loading 1 expert(s)
[MoE] Layer 6: loading 1 expert(s)
[MoE] Layer 27: loading 2 expert(s)
[MoE] Layer 31: loading 1 expert(s)
[MoE] Layer 46: loading 1 expert(s)
[gen 145/149] elapsed=12.7s  TPS=11.409
[MoE] Layer 3: loading 1 expert(s)
[MoE] Layer 35: loading 1 expert(s)
[MoE] Layer 39: loading 1 expert(s)
[MoE] Layer 19: loading 1 expert(s)
[MoE] Layer 1: loading 1 expert(s)
[MoE] Layer 26: loading 1 expert(s)
[MoE] Layer 0: loading 1 expert(s)
[MoE] Layer 1: loading 1 expert(s)
[MoE] Layer 4: loading 2 expert(s)
[MoE] Layer 22: loading 1 expert(s)
[MoE] Layer 24: loading 1 expert(s)
[MoE] Layer 26: loading 1 expert(s)
[MoE] Layer 38: loading 1 expert(s)
[MoE] Layer 39: loading 1 expert(s)
[MoE] Layer 43: loading 1 expert(s)
Prefill time (summary): 12.140 seconds
Total Generation Time: 12.983 seconds
Average Time per Token: 0.087 seconds

Expert Cache Statistics:
Layer 0: Hits=1048, Misses=144, HitRate=87.92%
    Bandwidth: MissLoads=144, AvgLoadTime=2.55ms
Layer 1: Hits=1082, Misses=110, HitRate=90.77%
    Bandwidth: MissLoads=110, AvgLoadTime=3.08ms
Layer 2: Hits=1154, Misses=38, HitRate=96.81%
    Bandwidth: MissLoads=38, AvgLoadTime=3.10ms
Layer 3: Hits=1093, Misses=99, HitRate=91.69%
    Bandwidth: MissLoads=99, AvgLoadTime=2.95ms
Layer 4: Hits=1150, Misses=42, HitRate=96.48%
    Bandwidth: MissLoads=42, AvgLoadTime=3.23ms
Layer 5: Hits=1165, Misses=27, HitRate=97.73%
    Bandwidth: MissLoads=27, AvgLoadTime=3.43ms
Layer 6: Hits=1175, Misses=17, HitRate=98.57%
    Bandwidth: MissLoads=17, AvgLoadTime=3.54ms
Layer 7: Hits=1183, Misses=9, HitRate=99.24%
    Bandwidth: MissLoads=9, AvgLoadTime=3.42ms
Layer 8: Hits=1170, Misses=22, HitRate=98.15%
    Bandwidth: MissLoads=22, AvgLoadTime=3.08ms
Layer 9: Hits=1172, Misses=20, HitRate=98.32%
    Bandwidth: MissLoads=20, AvgLoadTime=3.24ms
Layer 10: Hits=1158, Misses=34, HitRate=97.15%
    Bandwidth: MissLoads=34, AvgLoadTime=3.02ms
Layer 11: Hits=1152, Misses=40, HitRate=96.64%
    Bandwidth: MissLoads=40, AvgLoadTime=3.07ms
Layer 12: Hits=1165, Misses=27, HitRate=97.73%
    Bandwidth: MissLoads=27, AvgLoadTime=3.10ms
Layer 13: Hits=1155, Misses=37, HitRate=96.90%
    Bandwidth: MissLoads=37, AvgLoadTime=2.92ms
Layer 14: Hits=1172, Misses=20, HitRate=98.32%
    Bandwidth: MissLoads=20, AvgLoadTime=3.26ms
Layer 15: Hits=1180, Misses=12, HitRate=98.99%
    Bandwidth: MissLoads=12, AvgLoadTime=3.19ms
Layer 16: Hits=1172, Misses=20, HitRate=98.32%
    Bandwidth: MissLoads=20, AvgLoadTime=3.42ms
Layer 17: Hits=1170, Misses=22, HitRate=98.15%
    Bandwidth: MissLoads=22, AvgLoadTime=3.02ms
Layer 18: Hits=1186, Misses=6, HitRate=99.50%
    Bandwidth: MissLoads=6, AvgLoadTime=3.66ms
Layer 19: Hits=1190, Misses=2, HitRate=99.83%
    Bandwidth: MissLoads=2, AvgLoadTime=3.30ms
Layer 20: Hits=1181, Misses=11, HitRate=99.08%
    Bandwidth: MissLoads=11, AvgLoadTime=3.01ms
Layer 21: Hits=1181, Misses=11, HitRate=99.08%
    Bandwidth: MissLoads=11, AvgLoadTime=3.21ms
Layer 22: Hits=1159, Misses=33, HitRate=97.23%
    Bandwidth: MissLoads=33, AvgLoadTime=3.21ms
Layer 23: Hits=1164, Misses=28, HitRate=97.65%
    Bandwidth: MissLoads=28, AvgLoadTime=2.91ms
Layer 24: Hits=1157, Misses=35, HitRate=97.06%
    Bandwidth: MissLoads=35, AvgLoadTime=3.12ms
Layer 25: Hits=1158, Misses=34, HitRate=97.15%
    Bandwidth: MissLoads=34, AvgLoadTime=3.26ms
Layer 26: Hits=1158, Misses=34, HitRate=97.15%
    Bandwidth: MissLoads=34, AvgLoadTime=3.16ms
Layer 27: Hits=1174, Misses=18, HitRate=98.49%
    Bandwidth: MissLoads=18, AvgLoadTime=3.24ms
Layer 28: Hits=1173, Misses=19, HitRate=98.41%
    Bandwidth: MissLoads=19, AvgLoadTime=3.11ms
Layer 29: Hits=1151, Misses=41, HitRate=96.56%
    Bandwidth: MissLoads=41, AvgLoadTime=3.27ms
Layer 30: Hits=1174, Misses=18, HitRate=98.49%
    Bandwidth: MissLoads=18, AvgLoadTime=3.47ms
Layer 31: Hits=1178, Misses=14, HitRate=98.83%
    Bandwidth: MissLoads=14, AvgLoadTime=3.50ms
Layer 32: Hits=1168, Misses=24, HitRate=97.99%
    Bandwidth: MissLoads=24, AvgLoadTime=3.00ms
Layer 33: Hits=1169, Misses=23, HitRate=98.07%
    Bandwidth: MissLoads=23, AvgLoadTime=3.25ms
Layer 34: Hits=1156, Misses=36, HitRate=96.98%
    Bandwidth: MissLoads=36, AvgLoadTime=2.88ms
Layer 35: Hits=1153, Misses=39, HitRate=96.73%
    Bandwidth: MissLoads=39, AvgLoadTime=2.89ms
Layer 36: Hits=1157, Misses=35, HitRate=97.06%
    Bandwidth: MissLoads=35, AvgLoadTime=3.29ms
Layer 37: Hits=1151, Misses=41, HitRate=96.56%
    Bandwidth: MissLoads=41, AvgLoadTime=3.24ms
Layer 38: Hits=1164, Misses=28, HitRate=97.65%
    Bandwidth: MissLoads=28, AvgLoadTime=3.06ms
Layer 39: Hits=1177, Misses=15, HitRate=98.74%
    Bandwidth: MissLoads=15, AvgLoadTime=3.16ms
Layer 40: Hits=1167, Misses=25, HitRate=97.90%
    Bandwidth: MissLoads=25, AvgLoadTime=3.23ms
Layer 41: Hits=1153, Misses=39, HitRate=96.73%
    Bandwidth: MissLoads=39, AvgLoadTime=3.20ms
Layer 42: Hits=1174, Misses=18, HitRate=98.49%
    Bandwidth: MissLoads=18, AvgLoadTime=3.26ms
Layer 43: Hits=1172, Misses=20, HitRate=98.32%
    Bandwidth: MissLoads=20, AvgLoadTime=3.11ms
Layer 44: Hits=1175, Misses=17, HitRate=98.57%
    Bandwidth: MissLoads=17, AvgLoadTime=2.94ms
Layer 45: Hits=1175, Misses=17, HitRate=98.57%
    Bandwidth: MissLoads=17, AvgLoadTime=3.21ms
Layer 46: Hits=1159, Misses=33, HitRate=97.23%
    Bandwidth: MissLoads=33, AvgLoadTime=2.99ms
Layer 47: Hits=1143, Misses=49, HitRate=95.89%
    Bandwidth: MissLoads=49, AvgLoadTime=3.01ms
============================================================
============================================================
Initializing Qwen3 30B-A3B AWQ w4a16 quantized model...
============================================================
Loading quantized weights from QuixiAI/Qwen3-30B-A3B-AWQ...
Using saved safetensors: /home/michael/heteroPredict/py/unified_llm_w4a16/model_weights/Qwen3-30B-A3B-AWQ.safetensors
Expert weights dir: /home/michael/heteroPredict/py/unified_llm_w4a16/model_weights/Qwen3-30B-A3B-AWQ_packed  (format: packed)
Using existing attention weights in /home/michael/heteroPredict/py/unified_llm_w4a16/model_weights/Qwen3-30B-A3B-AWQ_unpacked
Weights loaded (expert dir override) in 0.29 seconds
Pre-warming expert cache with 64 experts...
Model initialized successfully!
Setting lambda to 1.0
Forced top-5 experts into cache mask.
Set expert cache policy to LRU.

Running sweep using prompts from JSON: /tmp/tmpjmroz2pg.json
Loaded 1 prompts for sweeping.

Processing Prompt 1/1...

============================================================
Generated text only:
============================================================
 Stephens , which was performed in 2001 at the Royal Court Theatre . He had a guest role in the television series Judge John Deed in 2002 . In 2004 Boulter landed a role as " Craig " in the episode " Teddy 's Story " of the television series The Long Firm ; he starred alongside actors Mark Strong and Derek Jacobi . He was cast in the 2005 theatre productions of the Philip Ridley play Mercury Fur , which was performed at the Drum Theatre in Plymouth and the Menier Chocolate Factory in London . He was directed by John Tiffany and starred alongside Ben Whishaw , Shane Zaza , Harry Kent , Fraser Ayres , Sophie Stanton and Dominic Hall .
============================================================

============================================================
Sweep Complete.
Average Time per Token: 0.167531
End-to-End TPS: 5.9691
Cache Stats: Hits=55713, Misses=1503, HitRate=97.37%
Initializing UnifiedLLMW4A16Impl_base
Using NPU config struct.
Configuring NPU (Base):
  Heterogeneity: gpu
  GPU Count: 1
  Debug Verbosity: 1
  Dummy Weights: false
  Warmup: false
  Preload MoE: true
  Minimal PDI: true
[GPU SELECT] Free VRAM ranking: gpu0=28.00/28.00 GiB
[GPU SELECT] Selected GPUs for gpu-count=1: [0]
[GPU MAP] Single-GPU placement on gpu0
UnifiedLLMW4A16 moved to device: cuda:0
Preloading MoE kernels...
MoE kernels preloaded.
UnifiedLLMW4A16 initialized on device: cuda:0 with w4a16 quantization
Loading non-quantized weights from safetensors (mmap): /home/michael/heteroPredict/py/unified_llm_w4a16/model_weights/Qwen3-30B-A3B-AWQ.safetensors
Loaded 243 non-quantized parameters, skipped 0
Loading quantized weights from bins: /home/michael/heteroPredict/py/unified_llm_w4a16/model_weights/Qwen3-30B-A3B-AWQ_unpacked
Pre-warming 64 experts for all layers...
Layer 0: Pre-warming 64 experts.
Layer 0: using packed expert format.
[MoE I/O] Expert weight reads require O_DIRECT (no buffered fallback).
Layer 1: Pre-warming 64 experts.
Layer 1: using packed expert format.
Layer 2: Pre-warming 64 experts.
Layer 2: using packed expert format.
Layer 3: Pre-warming 64 experts.
Layer 3: using packed expert format.
Prewarmed experts for layer 4/48
Layer 4: Pre-warming 64 experts.
Layer 4: using packed expert format.
Layer 5: Pre-warming 64 experts.
Layer 5: using packed expert format.
Layer 6: Pre-warming 64 experts.
Layer 6: using packed expert format.
Layer 7: Pre-warming 64 experts.
Layer 7: using packed expert format.
Prewarmed experts for layer 8/48
Layer 8: Pre-warming 64 experts.
Layer 8: using packed expert format.
Layer 9: Pre-warming 64 experts.
Layer 9: using packed expert format.
Layer 10: Pre-warming 64 experts.
Layer 10: using packed expert format.
Layer 11: Pre-warming 64 experts.
Layer 11: using packed expert format.
Prewarmed experts for layer 12/48
Layer 12: Pre-warming 64 experts.
Layer 12: using packed expert format.
Layer 13: Pre-warming 64 experts.
Layer 13: using packed expert format.
Layer 14: Pre-warming 64 experts.
Layer 14: using packed expert format.
Layer 15: Pre-warming 64 experts.
Layer 15: using packed expert format.
Prewarmed experts for layer 16/48
Layer 16: Pre-warming 64 experts.
Layer 16: using packed expert format.
Layer 17: Pre-warming 64 experts.
Layer 17: using packed expert format.
Layer 18: Pre-warming 64 experts.
Layer 18: using packed expert format.
Layer 19: Pre-warming 64 experts.
Layer 19: using packed expert format.
Prewarmed experts for layer 20/48
Layer 20: Pre-warming 64 experts.
Layer 20: using packed expert format.
Layer 21: Pre-warming 64 experts.
Layer 21: using packed expert format.
Layer 22: Pre-warming 64 experts.
Layer 22: using packed expert format.
Layer 23: Pre-warming 64 experts.
Layer 23: using packed expert format.
Prewarmed experts for layer 24/48
Layer 24: Pre-warming 64 experts.
Layer 24: using packed expert format.
Layer 25: Pre-warming 64 experts.
Layer 25: using packed expert format.
Layer 26: Pre-warming 64 experts.
Layer 26: using packed expert format.
Layer 27: Pre-warming 64 experts.
Layer 27: using packed expert format.
Prewarmed experts for layer 28/48
Layer 28: Pre-warming 64 experts.
Layer 28: using packed expert format.
Layer 29: Pre-warming 64 experts.
Layer 29: using packed expert format.
Layer 30: Pre-warming 64 experts.
Layer 30: using packed expert format.
Layer 31: Pre-warming 64 experts.
Layer 31: using packed expert format.
Prewarmed experts for layer 32/48
Layer 32: Pre-warming 64 experts.
Layer 32: using packed expert format.
Layer 33: Pre-warming 64 experts.
Layer 33: using packed expert format.
Layer 34: Pre-warming 64 experts.
Layer 34: using packed expert format.
Layer 35: Pre-warming 64 experts.
Layer 35: using packed expert format.
Prewarmed experts for layer 36/48
Layer 36: Pre-warming 64 experts.
Layer 36: using packed expert format.
Layer 37: Pre-warming 64 experts.
Layer 37: using packed expert format.
Layer 38: Pre-warming 64 experts.
Layer 38: using packed expert format.
Layer 39: Pre-warming 64 experts.
Layer 39: using packed expert format.
Prewarmed experts for layer 40/48
Layer 40: Pre-warming 64 experts.
Layer 40: using packed expert format.
Layer 41: Pre-warming 64 experts.
Layer 41: using packed expert format.
Layer 42: Pre-warming 64 experts.
Layer 42: using packed expert format.
Layer 43: Pre-warming 64 experts.
Layer 43: using packed expert format.
Prewarmed experts for layer 44/48
Layer 44: Pre-warming 64 experts.
Layer 44: using packed expert format.
Layer 45: Pre-warming 64 experts.
Layer 45: using packed expert format.
Layer 46: Pre-warming 64 experts.
Layer 46: using packed expert format.
Layer 47: Pre-warming 64 experts.
Layer 47: using packed expert format.
Prewarmed experts for layer 48/48
Libtorch input_ids shape: [1, 512]
Skipping warmup.
Prefill time: 12.5409 seconds
Generation phase
[MoE] Layer 0: loading 3 expert(s)
[MoE] Layer 1: loading 3 expert(s)
[MoE] Layer 2: loading 2 expert(s)
[MoE] Layer 3: loading 2 expert(s)
[MoE] Layer 4: loading 4 expert(s)
[MoE] Layer 5: loading 2 expert(s)
[MoE] Layer 6: loading 1 expert(s)
[MoE] Layer 8: loading 3 expert(s)
[MoE] Layer 9: loading 3 expert(s)
[MoE] Layer 10: loading 1 expert(s)
[MoE] Layer 11: loading 2 expert(s)
[MoE] Layer 12: loading 3 expert(s)
[MoE] Layer 13: loading 1 expert(s)
[MoE] Layer 14: loading 3 expert(s)
[MoE] Layer 15: loading 1 expert(s)
[MoE] Layer 16: loading 3 expert(s)
[MoE] Layer 17: loading 3 expert(s)
[MoE] Layer 18: loading 1 expert(s)
[MoE] Layer 20: loading 1 expert(s)
[MoE] Layer 21: loading 2 expert(s)
[MoE] Layer 22: loading 2 expert(s)
[MoE] Layer 23: loading 1 expert(s)
[MoE] Layer 24: loading 4 expert(s)
[MoE] Layer 25: loading 1 expert(s)
[MoE] Layer 26: loading 3 expert(s)
[MoE] Layer 27: loading 1 expert(s)
[MoE] Layer 29: loading 2 expert(s)
[MoE] Layer 30: loading 1 expert(s)
[MoE] Layer 31: loading 1 expert(s)
[MoE] Layer 32: loading 2 expert(s)
[MoE] Layer 33: loading 1 expert(s)
[MoE] Layer 35: loading 3 expert(s)
[MoE] Layer 36: loading 2 expert(s)
[MoE] Layer 37: loading 1 expert(s)
[MoE] Layer 38: loading 2 expert(s)
[MoE] Layer 39: loading 2 expert(s)
[MoE] Layer 40: loading 2 expert(s)
[MoE] Layer 41: loading 1 expert(s)
[MoE] Layer 42: loading 2 expert(s)
[MoE] Layer 43: loading 2 expert(s)
[MoE] Layer 44: loading 3 expert(s)
[MoE] Layer 47: loading 5 expert(s)
[MoE] Layer 0: loading 2 expert(s)
[MoE] Layer 1: loading 2 expert(s)
[MoE] Layer 2: loading 2 expert(s)
[MoE] Layer 3: loading 2 expert(s)
[MoE] Layer 5: loading 1 expert(s)
[MoE] Layer 7: loading 1 expert(s)
[MoE] Layer 8: loading 1 expert(s)
[MoE] Layer 12: loading 2 expert(s)
[MoE] Layer 13: loading 1 expert(s)
[MoE] Layer 14: loading 1 expert(s)
[MoE] Layer 17: loading 1 expert(s)
[MoE] Layer 19: loading 1 expert(s)
[MoE] Layer 20: loading 1 expert(s)
[MoE] Layer 23: loading 1 expert(s)
[MoE] Layer 24: loading 1 expert(s)
[MoE] Layer 25: loading 1 expert(s)
[MoE] Layer 27: loading 1 expert(s)
[MoE] Layer 28: loading 1 expert(s)
[MoE] Layer 29: loading 1 expert(s)
[MoE] Layer 34: loading 3 expert(s)
[MoE] Layer 36: loading 3 expert(s)
[MoE] Layer 37: loading 2 expert(s)
[MoE] Layer 38: loading 1 expert(s)
[MoE] Layer 39: loading 2 expert(s)
[MoE] Layer 40: loading 1 expert(s)
[MoE] Layer 41: loading 2 expert(s)
[MoE] Layer 42: loading 3 expert(s)
[MoE] Layer 43: loading 2 expert(s)
[MoE] Layer 44: loading 1 expert(s)
[MoE] Layer 45: loading 2 expert(s)
[MoE] Layer 46: loading 2 expert(s)
[MoE] Layer 47: loading 1 expert(s)
[MoE] Layer 0: loading 1 expert(s)
[MoE] Layer 1: loading 1 expert(s)
[MoE] Layer 2: loading 2 expert(s)
[MoE] Layer 3: loading 4 expert(s)
[MoE] Layer 4: loading 1 expert(s)
[MoE] Layer 8: loading 1 expert(s)
[MoE] Layer 10: loading 2 expert(s)
[MoE] Layer 12: loading 1 expert(s)
[MoE] Layer 13: loading 1 expert(s)
[MoE] Layer 14: loading 2 expert(s)
[MoE] Layer 15: loading 1 expert(s)
[MoE] Layer 17: loading 1 expert(s)
[MoE] Layer 18: loading 1 expert(s)
[MoE] Layer 20: loading 1 expert(s)
[MoE] Layer 22: loading 2 expert(s)
[MoE] Layer 25: loading 1 expert(s)
[MoE] Layer 29: loading 1 expert(s)
[MoE] Layer 32: loading 2 expert(s)
[MoE] Layer 34: loading 2 expert(s)
[MoE] Layer 36: loading 2 expert(s)
[MoE] Layer 37: loading 1 expert(s)
[MoE] Layer 38: loading 1 expert(s)
[MoE] Layer 41: loading 3 expert(s)
[MoE] Layer 42: loading 1 expert(s)
[MoE] Layer 43: loading 2 expert(s)
[MoE] Layer 45: loading 2 expert(s)
[MoE] Layer 47: loading 2 expert(s)
[MoE] Layer 1: loading 1 expert(s)
[MoE] Layer 5: loading 2 expert(s)
[MoE] Layer 6: loading 1 expert(s)
[MoE] Layer 7: loading 1 expert(s)
[MoE] Layer 8: loading 1 expert(s)
[MoE] Layer 10: loading 1 expert(s)
[MoE] Layer 12: loading 1 expert(s)
[MoE] Layer 13: loading 2 expert(s)
[MoE] Layer 15: loading 1 expert(s)
[MoE] Layer 17: loading 1 expert(s)
[MoE] Layer 18: loading 1 expert(s)
[MoE] Layer 19: loading 1 expert(s)
[MoE] Layer 21: loading 1 expert(s)
[MoE] Layer 22: loading 2 expert(s)
[MoE] Layer 23: loading 1 expert(s)
[MoE] Layer 24: loading 1 expert(s)
[MoE] Layer 25: loading 1 expert(s)
[MoE] Layer 27: loading 1 expert(s)
[MoE] Layer 29: loading 1 expert(s)
[MoE] Layer 31: loading 1 expert(s)
[MoE] Layer 33: loading 1 expert(s)
[MoE] Layer 34: loading 2 expert(s)
[MoE] Layer 35: loading 1 expert(s)
[MoE] Layer 37: loading 2 expert(s)
[MoE] Layer 41: loading 2 expert(s)
[MoE] Layer 42: loading 2 expert(s)
[MoE] Layer 47: loading 1 expert(s)
[MoE] Layer 0: loading 1 expert(s)
[MoE] Layer 1: loading 1 expert(s)
[MoE] Layer 3: loading 1 expert(s)
[MoE] Layer 4: loading 1 expert(s)
[MoE] Layer 7: loading 1 expert(s)
[MoE] Layer 10: loading 1 expert(s)
[MoE] Layer 11: loading 1 expert(s)
[MoE] Layer 12: loading 1 expert(s)
[MoE] Layer 14: loading 1 expert(s)
[MoE] Layer 16: loading 1 expert(s)
[MoE] Layer 20: loading 1 expert(s)
[MoE] Layer 23: loading 1 expert(s)
[MoE] Layer 24: loading 1 expert(s)
[MoE] Layer 25: loading 1 expert(s)
[MoE] Layer 29: loading 1 expert(s)
[MoE] Layer 31: loading 1 expert(s)
[MoE] Layer 32: loading 1 expert(s)
[MoE] Layer 36: loading 1 expert(s)
[MoE] Layer 40: loading 1 expert(s)
[MoE] Layer 44: loading 2 expert(s)
[MoE] Layer 46: loading 2 expert(s)
[MoE] Layer 47: loading 1 expert(s)
[gen 5/149] elapsed=1.0s  TPS=4.997
[MoE] Layer 2: loading 2 expert(s)
[MoE] Layer 3: loading 1 expert(s)
[MoE] Layer 5: loading 1 expert(s)
[MoE] Layer 9: loading 1 expert(s)
[MoE] Layer 14: loading 2 expert(s)
[MoE] Layer 17: loading 1 expert(s)
[MoE] Layer 22: loading 1 expert(s)
[MoE] Layer 26: loading 1 expert(s)
[MoE] Layer 27: loading 1 expert(s)
[MoE] Layer 33: loading 1 expert(s)
[MoE] Layer 35: loading 1 expert(s)
[MoE] Layer 36: loading 1 expert(s)
[MoE] Layer 38: loading 1 expert(s)
[MoE] Layer 40: loading 1 expert(s)
[MoE] Layer 41: loading 1 expert(s)
[MoE] Layer 45: loading 1 expert(s)
[MoE] Layer 46: loading 1 expert(s)
[MoE] Layer 47: loading 1 expert(s)
[MoE] Layer 0: loading 1 expert(s)
[MoE] Layer 1: loading 1 expert(s)
[MoE] Layer 8: loading 2 expert(s)
[MoE] Layer 11: loading 1 expert(s)
[MoE] Layer 14: loading 1 expert(s)
[MoE] Layer 15: loading 2 expert(s)
[MoE] Layer 16: loading 1 expert(s)
[MoE] Layer 17: loading 2 expert(s)
[MoE] Layer 22: loading 1 expert(s)
[MoE] Layer 23: loading 1 expert(s)
[MoE] Layer 26: loading 1 expert(s)
[MoE] Layer 29: loading 1 expert(s)
[MoE] Layer 32: loading 1 expert(s)
[MoE] Layer 34: loading 1 expert(s)
[MoE] Layer 35: loading 1 expert(s)
[MoE] Layer 37: loading 1 expert(s)
[MoE] Layer 41: loading 2 expert(s)
[MoE] Layer 46: loading 1 expert(s)
[MoE] Layer 0: loading 3 expert(s)
[MoE] Layer 1: loading 1 expert(s)
[MoE] Layer 3: loading 2 expert(s)
[MoE] Layer 5: loading 1 expert(s)
[MoE] Layer 6: loading 2 expert(s)
[MoE] Layer 9: loading 1 expert(s)
[MoE] Layer 10: loading 1 expert(s)
[MoE] Layer 17: loading 1 expert(s)
[MoE] Layer 25: loading 1 expert(s)
[MoE] Layer 26: loading 1 expert(s)
[MoE] Layer 28: loading 1 expert(s)
[MoE] Layer 30: loading 1 expert(s)
[MoE] Layer 33: loading 2 expert(s)
[MoE] Layer 36: loading 1 expert(s)
[MoE] Layer 37: loading 1 expert(s)
[MoE] Layer 38: loading 1 expert(s)
[MoE] Layer 39: loading 1 expert(s)
[MoE] Layer 40: loading 1 expert(s)
[MoE] Layer 41: loading 2 expert(s)
[MoE] Layer 42: loading 2 expert(s)
[MoE] Layer 43: loading 1 expert(s)
[MoE] Layer 44: loading 1 expert(s)
[MoE] Layer 45: loading 1 expert(s)
[MoE] Layer 47: loading 2 expert(s)
[MoE] Layer 1: loading 1 expert(s)
[MoE] Layer 2: loading 2 expert(s)
[MoE] Layer 9: loading 1 expert(s)
[MoE] Layer 12: loading 1 expert(s)
[MoE] Layer 17: loading 1 expert(s)
[MoE] Layer 18: loading 1 expert(s)
[MoE] Layer 21: loading 2 expert(s)
[MoE] Layer 23: loading 2 expert(s)
[MoE] Layer 24: loading 1 expert(s)
[MoE] Layer 26: loading 1 expert(s)
[MoE] Layer 28: loading 1 expert(s)
[MoE] Layer 32: loading 1 expert(s)
[MoE] Layer 33: loading 1 expert(s)
[MoE] Layer 34: loading 1 expert(s)
[MoE] Layer 36: loading 1 expert(s)
[MoE] Layer 37: loading 1 expert(s)
[MoE] Layer 41: loading 3 expert(s)
[MoE] Layer 44: loading 2 expert(s)
[MoE] Layer 46: loading 2 expert(s)
[MoE] Layer 47: loading 1 expert(s)
[MoE] Layer 0: loading 2 expert(s)
[MoE] Layer 1: loading 2 expert(s)
[MoE] Layer 3: loading 1 expert(s)
[MoE] Layer 4: loading 2 expert(s)
[MoE] Layer 5: loading 1 expert(s)
[MoE] Layer 7: loading 1 expert(s)
[MoE] Layer 9: loading 1 expert(s)
[MoE] Layer 10: loading 1 expert(s)
[MoE] Layer 11: loading 1 expert(s)
[MoE] Layer 12: loading 1 expert(s)
[MoE] Layer 13: loading 2 expert(s)
[MoE] Layer 14: loading 1 expert(s)
[MoE] Layer 17: loading 1 expert(s)
[MoE] Layer 18: loading 2 expert(s)
[MoE] Layer 19: loading 1 expert(s)
[MoE] Layer 23: loading 2 expert(s)
[MoE] Layer 25: loading 2 expert(s)
[MoE] Layer 29: loading 1 expert(s)
[MoE] Layer 30: loading 3 expert(s)
[MoE] Layer 33: loading 2 expert(s)
[MoE] Layer 34: loading 2 expert(s)
[MoE] Layer 35: loading 1 expert(s)
[MoE] Layer 38: loading 1 expert(s)
[MoE] Layer 39: loading 1 expert(s)
[MoE] Layer 40: loading 1 expert(s)
[MoE] Layer 41: loading 1 expert(s)
[MoE] Layer 44: loading 1 expert(s)
[MoE] Layer 45: loading 2 expert(s)
[MoE] Layer 47: loading 1 expert(s)
[gen 10/149] elapsed=1.8s  TPS=5.688
[MoE] Layer 0: loading 2 expert(s)
[MoE] Layer 2: loading 2 expert(s)
[MoE] Layer 3: loading 2 expert(s)
[MoE] Layer 10: loading 2 expert(s)
[MoE] Layer 16: loading 1 expert(s)
[MoE] Layer 20: loading 1 expert(s)
[MoE] Layer 22: loading 2 expert(s)
[MoE] Layer 24: loading 1 expert(s)
[MoE] Layer 28: loading 1 expert(s)
[MoE] Layer 29: loading 1 expert(s)
[MoE] Layer 39: loading 2 expert(s)
[MoE] Layer 40: loading 1 expert(s)
[MoE] Layer 41: loading 2 expert(s)
[MoE] Layer 43: loading 1 expert(s)
[MoE] Layer 46: loading 1 expert(s)
[MoE] Layer 1: loading 2 expert(s)
[MoE] Layer 3: loading 1 expert(s)
[MoE] Layer 10: loading 1 expert(s)
[MoE] Layer 21: loading 1 expert(s)
[MoE] Layer 23: loading 1 expert(s)
[MoE] Layer 25: loading 1 expert(s)
[MoE] Layer 43: loading 1 expert(s)
[MoE] Layer 44: loading 1 expert(s)
[MoE] Layer 1: loading 1 expert(s)
[MoE] Layer 4: loading 2 expert(s)
[MoE] Layer 6: loading 1 expert(s)
[MoE] Layer 8: loading 2 expert(s)
[MoE] Layer 10: loading 1 expert(s)
[MoE] Layer 12: loading 1 expert(s)
[MoE] Layer 13: loading 2 expert(s)
[MoE] Layer 16: loading 1 expert(s)
[MoE] Layer 17: loading 2 expert(s)
[MoE] Layer 18: loading 1 expert(s)
[MoE] Layer 20: loading 1 expert(s)
[MoE] Layer 22: loading 3 expert(s)
[MoE] Layer 23: loading 1 expert(s)
[MoE] Layer 25: loading 1 expert(s)
[MoE] Layer 28: loading 1 expert(s)
[MoE] Layer 30: loading 1 expert(s)
[MoE] Layer 32: loading 1 expert(s)
[MoE] Layer 34: loading 3 expert(s)
[MoE] Layer 35: loading 1 expert(s)
[MoE] Layer 37: loading 1 expert(s)
[MoE] Layer 39: loading 1 expert(s)
[MoE] Layer 40: loading 1 expert(s)
[MoE] Layer 41: loading 2 expert(s)
[MoE] Layer 43: loading 1 expert(s)
[MoE] Layer 47: loading 1 expert(s)
[MoE] Layer 1: loading 2 expert(s)
[MoE] Layer 2: loading 2 expert(s)
[MoE] Layer 4: loading 3 expert(s)
[MoE] Layer 5: loading 1 expert(s)
[MoE] Layer 8: loading 2 expert(s)
[MoE] Layer 13: loading 1 expert(s)
[MoE] Layer 15: loading 1 expert(s)
[MoE] Layer 23: loading 1 expert(s)
[MoE] Layer 24: loading 1 expert(s)
[MoE] Layer 25: loading 2 expert(s)
[MoE] Layer 32: loading 1 expert(s)
[MoE] Layer 33: loading 1 expert(s)
[MoE] Layer 37: loading 1 expert(s)
[MoE] Layer 43: loading 1 expert(s)
[MoE] Layer 44: loading 2 expert(s)
[MoE] Layer 0: loading 2 expert(s)
[MoE] Layer 1: loading 1 expert(s)
[MoE] Layer 3: loading 1 expert(s)
[MoE] Layer 12: loading 1 expert(s)
[MoE] Layer 17: loading 1 expert(s)
[MoE] Layer 27: loading 1 expert(s)
[MoE] Layer 29: loading 1 expert(s)
[MoE] Layer 34: loading 1 expert(s)
[MoE] Layer 40: loading 1 expert(s)
[MoE] Layer 45: loading 1 expert(s)
[MoE] Layer 46: loading 2 expert(s)
[MoE] Layer 47: loading 2 expert(s)
[gen 15/149] elapsed=2.4s  TPS=6.366
[MoE] Layer 0: loading 3 expert(s)
[MoE] Layer 1: loading 1 expert(s)
[MoE] Layer 2: loading 1 expert(s)
[MoE] Layer 3: loading 1 expert(s)
[MoE] Layer 5: loading 1 expert(s)
[MoE] Layer 7: loading 1 expert(s)
[MoE] Layer 8: loading 1 expert(s)
[MoE] Layer 10: loading 1 expert(s)
[MoE] Layer 15: loading 1 expert(s)
[MoE] Layer 16: loading 1 expert(s)
[MoE] Layer 20: loading 1 expert(s)
[MoE] Layer 22: loading 1 expert(s)
[MoE] Layer 23: loading 1 expert(s)
[MoE] Layer 24: loading 1 expert(s)
[MoE] Layer 27: loading 1 expert(s)
[MoE] Layer 31: loading 1 expert(s)
[MoE] Layer 32: loading 1 expert(s)
[MoE] Layer 39: loading 2 expert(s)
[MoE] Layer 42: loading 1 expert(s)
[MoE] Layer 47: loading 1 expert(s)
[MoE] Layer 3: loading 3 expert(s)
[MoE] Layer 4: loading 1 expert(s)
[MoE] Layer 5: loading 2 expert(s)
[MoE] Layer 9: loading 1 expert(s)
[MoE] Layer 10: loading 1 expert(s)
[MoE] Layer 11: loading 1 expert(s)
[MoE] Layer 12: loading 1 expert(s)
[MoE] Layer 13: loading 1 expert(s)
[MoE] Layer 20: loading 1 expert(s)
[MoE] Layer 23: loading 1 expert(s)
[MoE] Layer 28: loading 1 expert(s)
[MoE] Layer 29: loading 1 expert(s)
[MoE] Layer 31: loading 1 expert(s)
[MoE] Layer 32: loading 2 expert(s)
[MoE] Layer 34: loading 1 expert(s)
[MoE] Layer 35: loading 1 expert(s)
[MoE] Layer 37: loading 1 expert(s)
[MoE] Layer 42: loading 1 expert(s)
[MoE] Layer 0: loading 3 expert(s)
[MoE] Layer 1: loading 2 expert(s)
[MoE] Layer 4: loading 1 expert(s)
[MoE] Layer 12: loading 2 expert(s)
[MoE] Layer 20: loading 2 expert(s)
[MoE] Layer 23: loading 1 expert(s)
[MoE] Layer 24: loading 1 expert(s)
[MoE] Layer 25: loading 1 expert(s)
[MoE] Layer 32: loading 1 expert(s)
[MoE] Layer 36: loading 1 expert(s)
[MoE] Layer 42: loading 1 expert(s)
[MoE] Layer 4: loading 1 expert(s)
[MoE] Layer 8: loading 1 expert(s)
[MoE] Layer 16: loading 2 expert(s)
[MoE] Layer 22: loading 1 expert(s)
[MoE] Layer 24: loading 1 expert(s)
[MoE] Layer 26: loading 1 expert(s)
[MoE] Layer 28: loading 2 expert(s)
[MoE] Layer 29: loading 1 expert(s)
[MoE] Layer 39: loading 1 expert(s)
[MoE] Layer 40: loading 1 expert(s)
[MoE] Layer 41: loading 1 expert(s)
[MoE] Layer 2: loading 1 expert(s)
[MoE] Layer 3: loading 3 expert(s)
[MoE] Layer 6: loading 1 expert(s)
[MoE] Layer 8: loading 1 expert(s)
[MoE] Layer 9: loading 1 expert(s)
[MoE] Layer 12: loading 1 expert(s)
[MoE] Layer 16: loading 1 expert(s)
[MoE] Layer 19: loading 1 expert(s)
[MoE] Layer 28: loading 1 expert(s)
[MoE] Layer 31: loading 1 expert(s)
[MoE] Layer 33: loading 1 expert(s)
[MoE] Layer 46: loading 1 expert(s)
[MoE] Layer 47: loading 1 expert(s)
[gen 20/149] elapsed=2.9s  TPS=6.836
[MoE] Layer 0: loading 2 expert(s)
[MoE] Layer 1: loading 1 expert(s)
[MoE] Layer 2: loading 1 expert(s)
[MoE] Layer 3: loading 1 expert(s)
[MoE] Layer 5: loading 1 expert(s)
[MoE] Layer 6: loading 1 expert(s)
[MoE] Layer 9: loading 1 expert(s)
[MoE] Layer 13: loading 2 expert(s)
[MoE] Layer 14: loading 2 expert(s)
[MoE] Layer 16: loading 1 expert(s)
[MoE] Layer 17: loading 2 expert(s)
[MoE] Layer 25: loading 2 expert(s)
[MoE] Layer 26: loading 1 expert(s)
[MoE] Layer 29: loading 2 expert(s)
[MoE] Layer 35: loading 1 expert(s)
[MoE] Layer 36: loading 1 expert(s)
[MoE] Layer 37: loading 2 expert(s)
[MoE] Layer 38: loading 1 expert(s)
[MoE] Layer 40: loading 1 expert(s)
[MoE] Layer 41: loading 2 expert(s)
[MoE] Layer 43: loading 1 expert(s)
[MoE] Layer 44: loading 1 expert(s)
[MoE] Layer 0: loading 1 expert(s)
[MoE] Layer 1: loading 1 expert(s)
[MoE] Layer 2: loading 1 expert(s)
[MoE] Layer 3: loading 3 expert(s)
[MoE] Layer 5: loading 2 expert(s)
[MoE] Layer 9: loading 1 expert(s)
[MoE] Layer 10: loading 1 expert(s)
[MoE] Layer 13: loading 1 expert(s)
[MoE] Layer 21: loading 1 expert(s)
[MoE] Layer 22: loading 1 expert(s)
[MoE] Layer 23: loading 1 expert(s)
[MoE] Layer 25: loading 2 expert(s)
[MoE] Layer 33: loading 1 expert(s)
[MoE] Layer 34: loading 1 expert(s)
[MoE] Layer 37: loading 1 expert(s)
[MoE] Layer 38: loading 1 expert(s)
[MoE] Layer 42: loading 1 expert(s)
[MoE] Layer 44: loading 1 expert(s)
[MoE] Layer 0: loading 3 expert(s)
[MoE] Layer 1: loading 1 expert(s)
[MoE] Layer 25: loading 1 expert(s)
[MoE] Layer 43: loading 1 expert(s)
[MoE] Layer 0: loading 2 expert(s)
[MoE] Layer 2: loading 2 expert(s)
[MoE] Layer 5: loading 1 expert(s)
[MoE] Layer 8: loading 1 expert(s)
[MoE] Layer 9: loading 1 expert(s)
[MoE] Layer 10: loading 1 expert(s)
[MoE] Layer 12: loading 1 expert(s)
[MoE] Layer 15: loading 1 expert(s)
[MoE] Layer 24: loading 1 expert(s)
[MoE] Layer 26: loading 1 expert(s)
[MoE] Layer 29: loading 1 expert(s)
[MoE] Layer 33: loading 1 expert(s)
[MoE] Layer 34: loading 1 expert(s)
[MoE] Layer 36: loading 1 expert(s)
[MoE] Layer 38: loading 1 expert(s)
[MoE] Layer 39: loading 1 expert(s)
[MoE] Layer 41: loading 1 expert(s)
[MoE] Layer 43: loading 1 expert(s)
[MoE] Layer 45: loading 1 expert(s)
[MoE] Layer 46: loading 3 expert(s)
[MoE] Layer 0: loading 1 expert(s)
[MoE] Layer 1: loading 1 expert(s)
[MoE] Layer 2: loading 1 expert(s)
[MoE] Layer 3: loading 1 expert(s)
[MoE] Layer 9: loading 1 expert(s)
[MoE] Layer 11: loading 1 expert(s)
[MoE] Layer 14: loading 1 expert(s)
[MoE] Layer 16: loading 1 expert(s)
[MoE] Layer 22: loading 1 expert(s)
[MoE] Layer 23: loading 1 expert(s)
[MoE] Layer 25: loading 1 expert(s)
[MoE] Layer 28: loading 2 expert(s)
[MoE] Layer 33: loading 1 expert(s)
[MoE] Layer 38: loading 1 expert(s)
[MoE] Layer 40: loading 1 expert(s)
[MoE] Layer 41: loading 1 expert(s)
[MoE] Layer 47: loading 1 expert(s)
[gen 25/149] elapsed=3.5s  TPS=7.058
[MoE] Layer 0: loading 1 expert(s)
[MoE] Layer 1: loading 1 expert(s)
[MoE] Layer 3: loading 1 expert(s)
[MoE] Layer 4: loading 1 expert(s)
[MoE] Layer 8: loading 1 expert(s)
[MoE] Layer 14: loading 1 expert(s)
[MoE] Layer 16: loading 1 expert(s)
[MoE] Layer 22: loading 1 expert(s)
[MoE] Layer 23: loading 1 expert(s)
[MoE] Layer 25: loading 1 expert(s)
[MoE] Layer 26: loading 1 expert(s)
[MoE] Layer 28: loading 2 expert(s)
[MoE] Layer 30: loading 1 expert(s)
[MoE] Layer 32: loading 1 expert(s)
[MoE] Layer 35: loading 1 expert(s)
[MoE] Layer 36: loading 1 expert(s)
[MoE] Layer 38: loading 1 expert(s)
[MoE] Layer 41: loading 1 expert(s)
[MoE] Layer 42: loading 1 expert(s)
[MoE] Layer 2: loading 1 expert(s)
[MoE] Layer 4: loading 1 expert(s)
[MoE] Layer 5: loading 1 expert(s)
[MoE] Layer 8: loading 1 expert(s)
[MoE] Layer 10: loading 1 expert(s)
[MoE] Layer 14: loading 1 expert(s)
[MoE] Layer 24: loading 1 expert(s)
[MoE] Layer 28: loading 1 expert(s)
[MoE] Layer 34: loading 1 expert(s)
[MoE] Layer 45: loading 1 expert(s)
[MoE] Layer 46: loading 1 expert(s)
[MoE] Layer 47: loading 2 expert(s)
[MoE] Layer 0: loading 2 expert(s)
[MoE] Layer 1: loading 3 expert(s)
[MoE] Layer 4: loading 1 expert(s)
[MoE] Layer 13: loading 1 expert(s)
[MoE] Layer 16: loading 1 expert(s)
[MoE] Layer 20: loading 1 expert(s)
[MoE] Layer 25: loading 2 expert(s)
[MoE] Layer 26: loading 1 expert(s)
[MoE] Layer 27: loading 1 expert(s)
[MoE] Layer 29: loading 1 expert(s)
[MoE] Layer 36: loading 1 expert(s)
[MoE] Layer 37: loading 1 expert(s)
[MoE] Layer 38: loading 1 expert(s)
[MoE] Layer 1: loading 1 expert(s)
[MoE] Layer 3: loading 2 expert(s)
[MoE] Layer 15: loading 1 expert(s)
[MoE] Layer 17: loading 1 expert(s)
[MoE] Layer 22: loading 1 expert(s)
[MoE] Layer 24: loading 1 expert(s)
[MoE] Layer 29: loading 1 expert(s)
[MoE] Layer 36: loading 1 expert(s)
[MoE] Layer 39: loading 1 expert(s)
[MoE] Layer 0: loading 1 expert(s)
[MoE] Layer 3: loading 1 expert(s)
[MoE] Layer 4: loading 1 expert(s)
[MoE] Layer 13: loading 1 expert(s)
[MoE] Layer 21: loading 1 expert(s)
[MoE] Layer 23: loading 1 expert(s)
[MoE] Layer 24: loading 1 expert(s)
[MoE] Layer 26: loading 1 expert(s)
[MoE] Layer 33: loading 1 expert(s)
[MoE] Layer 34: loading 1 expert(s)
[MoE] Layer 35: loading 1 expert(s)
[MoE] Layer 37: loading 1 expert(s)
[MoE] Layer 38: loading 1 expert(s)
[MoE] Layer 41: loading 3 expert(s)
[MoE] Layer 42: loading 1 expert(s)
[MoE] Layer 43: loading 1 expert(s)
[MoE] Layer 46: loading 2 expert(s)
[MoE] Layer 47: loading 2 expert(s)
[gen 30/149] elapsed=4.1s  TPS=7.310
[MoE] Layer 0: loading 1 expert(s)
[MoE] Layer 1: loading 1 expert(s)
[MoE] Layer 3: loading 1 expert(s)
[MoE] Layer 4: loading 1 expert(s)
[MoE] Layer 8: loading 1 expert(s)
[MoE] Layer 10: loading 1 expert(s)
[MoE] Layer 11: loading 1 expert(s)
[MoE] Layer 13: loading 2 expert(s)
[MoE] Layer 16: loading 1 expert(s)
[MoE] Layer 20: loading 1 expert(s)
[MoE] Layer 29: loading 1 expert(s)
[MoE] Layer 32: loading 1 expert(s)
[MoE] Layer 35: loading 1 expert(s)
[MoE] Layer 1: loading 1 expert(s)
[MoE] Layer 2: loading 1 expert(s)
[MoE] Layer 7: loading 1 expert(s)
[MoE] Layer 11: loading 1 expert(s)
[MoE] Layer 13: loading 1 expert(s)
[MoE] Layer 23: loading 2 expert(s)
[MoE] Layer 24: loading 1 expert(s)
[MoE] Layer 30: loading 1 expert(s)
[MoE] Layer 35: loading 1 expert(s)
[MoE] Layer 37: loading 1 expert(s)
[MoE] Layer 40: loading 1 expert(s)
[MoE] Layer 0: loading 3 expert(s)
[MoE] Layer 1: loading 2 expert(s)
[MoE] Layer 2: loading 1 expert(s)
[MoE] Layer 3: loading 2 expert(s)
[MoE] Layer 4: loading 2 expert(s)
[MoE] Layer 8: loading 1 expert(s)
[MoE] Layer 14: loading 1 expert(s)
[MoE] Layer 16: loading 2 expert(s)
[MoE] Layer 17: loading 1 expert(s)
[MoE] Layer 25: loading 1 expert(s)
[MoE] Layer 26: loading 1 expert(s)
[MoE] Layer 28: loading 1 expert(s)
[MoE] Layer 32: loading 2 expert(s)
[MoE] Layer 34: loading 1 expert(s)
[MoE] Layer 37: loading 1 expert(s)
[MoE] Layer 40: loading 2 expert(s)
[MoE] Layer 42: loading 1 expert(s)
[MoE] Layer 0: loading 1 expert(s)
[MoE] Layer 25: loading 1 expert(s)
[MoE] Layer 30: loading 1 expert(s)
[MoE] Layer 32: loading 1 expert(s)
[MoE] Layer 39: loading 1 expert(s)
[MoE] Layer 42: loading 1 expert(s)
[MoE] Layer 43: loading 1 expert(s)
[MoE] Layer 47: loading 1 expert(s)
[MoE] Layer 1: loading 1 expert(s)
[MoE] Layer 7: loading 1 expert(s)
[MoE] Layer 8: loading 1 expert(s)
[MoE] Layer 12: loading 1 expert(s)
[MoE] Layer 14: loading 1 expert(s)
[MoE] Layer 18: loading 1 expert(s)
[MoE] Layer 19: loading 1 expert(s)
[MoE] Layer 29: loading 1 expert(s)
[MoE] Layer 36: loading 1 expert(s)
[MoE] Layer 37: loading 1 expert(s)
[MoE] Layer 43: loading 1 expert(s)
[MoE] Layer 47: loading 1 expert(s)
[gen 35/149] elapsed=4.6s  TPS=7.570
[MoE] Layer 0: loading 2 expert(s)
[MoE] Layer 3: loading 2 expert(s)
[MoE] Layer 4: loading 2 expert(s)
[MoE] Layer 13: loading 1 expert(s)
[MoE] Layer 24: loading 1 expert(s)
[MoE] Layer 38: loading 1 expert(s)
[MoE] Layer 0: loading 1 expert(s)
[MoE] Layer 1: loading 2 expert(s)
[MoE] Layer 2: loading 1 expert(s)
[MoE] Layer 3: loading 2 expert(s)
[MoE] Layer 8: loading 1 expert(s)
[MoE] Layer 11: loading 1 expert(s)
[MoE] Layer 13: loading 1 expert(s)
[MoE] Layer 14: loading 1 expert(s)
[MoE] Layer 23: loading 1 expert(s)
[MoE] Layer 24: loading 1 expert(s)
[MoE] Layer 25: loading 1 expert(s)
[MoE] Layer 28: loading 1 expert(s)
[MoE] Layer 32: loading 1 expert(s)
[MoE] Layer 34: loading 1 expert(s)
[MoE] Layer 35: loading 3 expert(s)
[MoE] Layer 36: loading 1 expert(s)
[MoE] Layer 38: loading 1 expert(s)
[MoE] Layer 39: loading 1 expert(s)
[MoE] Layer 44: loading 1 expert(s)
[MoE] Layer 3: loading 2 expert(s)
[MoE] Layer 17: loading 1 expert(s)
[MoE] Layer 18: loading 1 expert(s)
[MoE] Layer 25: loading 1 expert(s)
[MoE] Layer 32: loading 2 expert(s)
[MoE] Layer 36: loading 1 expert(s)
[MoE] Layer 0: loading 1 expert(s)
[MoE] Layer 1: loading 1 expert(s)
[MoE] Layer 3: loading 1 expert(s)
[MoE] Layer 4: loading 1 expert(s)
[MoE] Layer 8: loading 1 expert(s)
[MoE] Layer 16: loading 1 expert(s)
[MoE] Layer 24: loading 1 expert(s)
[MoE] Layer 1: loading 1 expert(s)
[MoE] Layer 6: loading 1 expert(s)
[MoE] Layer 9: loading 1 expert(s)
[MoE] Layer 11: loading 1 expert(s)
[MoE] Layer 18: loading 1 expert(s)
[MoE] Layer 19: loading 1 expert(s)
[MoE] Layer 23: loading 1 expert(s)
[MoE] Layer 37: loading 1 expert(s)
[MoE] Layer 40: loading 1 expert(s)
[gen 40/149] elapsed=5.1s  TPS=7.875
[MoE] Layer 0: loading 2 expert(s)
[MoE] Layer 11: loading 1 expert(s)
[MoE] Layer 25: loading 1 expert(s)
[MoE] Layer 27: loading 1 expert(s)
[MoE] Layer 28: loading 1 expert(s)
[MoE] Layer 38: loading 1 expert(s)
[MoE] Layer 43: loading 1 expert(s)
[MoE] Layer 0: loading 3 expert(s)
[MoE] Layer 1: loading 3 expert(s)
[MoE] Layer 2: loading 1 expert(s)
[MoE] Layer 3: loading 3 expert(s)
[MoE] Layer 5: loading 1 expert(s)
[MoE] Layer 15: loading 1 expert(s)
[MoE] Layer 26: loading 1 expert(s)
[MoE] Layer 27: loading 1 expert(s)
[MoE] Layer 33: loading 1 expert(s)
[MoE] Layer 47: loading 1 expert(s)
[MoE] Layer 0: loading 4 expert(s)
[MoE] Layer 1: loading 1 expert(s)
[MoE] Layer 3: loading 1 expert(s)
[MoE] Layer 6: loading 1 expert(s)
[MoE] Layer 9: loading 2 expert(s)
[MoE] Layer 10: loading 1 expert(s)
[MoE] Layer 13: loading 2 expert(s)
[MoE] Layer 20: loading 1 expert(s)
[MoE] Layer 22: loading 1 expert(s)
[MoE] Layer 36: loading 1 expert(s)
[MoE] Layer 0: loading 1 expert(s)
[MoE] Layer 3: loading 1 expert(s)
[MoE] Layer 42: loading 1 expert(s)
[MoE] Layer 6: loading 1 expert(s)
[MoE] Layer 14: loading 1 expert(s)
[MoE] Layer 24: loading 1 expert(s)
[MoE] Layer 26: loading 1 expert(s)
[MoE] Layer 27: loading 1 expert(s)
[MoE] Layer 35: loading 1 expert(s)
[MoE] Layer 36: loading 1 expert(s)
[gen 45/149] elapsed=5.5s  TPS=8.183
[MoE] Layer 0: loading 1 expert(s)
[MoE] Layer 3: loading 1 expert(s)
[MoE] Layer 10: loading 1 expert(s)
[MoE] Layer 0: loading 3 expert(s)
[MoE] Layer 1: loading 1 expert(s)
[MoE] Layer 5: loading 1 expert(s)
[MoE] Layer 12: loading 1 expert(s)
[MoE] Layer 23: loading 1 expert(s)
[MoE] Layer 36: loading 1 expert(s)
[MoE] Layer 47: loading 1 expert(s)
[MoE] Layer 0: loading 3 expert(s)
[MoE] Layer 3: loading 1 expert(s)
[MoE] Layer 35: loading 1 expert(s)
[MoE] Layer 3: loading 1 expert(s)
[MoE] Layer 40: loading 1 expert(s)
[MoE] Layer 3: loading 1 expert(s)
[MoE] Layer 10: loading 1 expert(s)
[MoE] Layer 32: loading 1 expert(s)
[gen 50/149] elapsed=5.8s  TPS=8.582
[MoE] Layer 0: loading 1 expert(s)
[MoE] Layer 1: loading 1 expert(s)
[MoE] Layer 3: loading 2 expert(s)
[MoE] Layer 5: loading 1 expert(s)
[MoE] Layer 25: loading 1 expert(s)
[MoE] Layer 26: loading 1 expert(s)
[MoE] Layer 38: loading 1 expert(s)
[MoE] Layer 3: loading 1 expert(s)
[MoE] Layer 0: loading 1 expert(s)
[MoE] Layer 1: loading 2 expert(s)
[MoE] Layer 2: loading 1 expert(s)
[MoE] Layer 22: loading 1 expert(s)
[MoE] Layer 0: loading 1 expert(s)
[MoE] Layer 0: loading 2 expert(s)
[gen 55/149] elapsed=6.1s  TPS=8.951
[MoE] Layer 11: loading 1 expert(s)
[MoE] Layer 12: loading 1 expert(s)
[MoE] Layer 23: loading 1 expert(s)
[MoE] Layer 26: loading 1 expert(s)
[MoE] Layer 27: loading 2 expert(s)
[MoE] Layer 32: loading 1 expert(s)
[MoE] Layer 39: loading 1 expert(s)
[MoE] Layer 0: loading 1 expert(s)
[MoE] Layer 5: loading 1 expert(s)
[MoE] Layer 43: loading 1 expert(s)
[MoE] Layer 46: loading 1 expert(s)
[MoE] Layer 21: loading 1 expert(s)
[MoE] Layer 34: loading 1 expert(s)
[MoE] Layer 34: loading 1 expert(s)
[MoE] Layer 44: loading 1 expert(s)
[MoE] Layer 8: loading 1 expert(s)
[MoE] Layer 36: loading 1 expert(s)
[gen 60/149] elapsed=6.5s  TPS=9.282
[MoE] Layer 0: loading 1 expert(s)
[MoE] Layer 13: loading 1 expert(s)
[MoE] Layer 0: loading 1 expert(s)
[MoE] Layer 1: loading 1 expert(s)
[MoE] Layer 38: loading 1 expert(s)
[MoE] Layer 0: loading 3 expert(s)
[MoE] Layer 1: loading 1 expert(s)
[MoE] Layer 3: loading 2 expert(s)
[MoE] Layer 44: loading 1 expert(s)
[MoE] Layer 0: loading 1 expert(s)
[MoE] Layer 1: loading 1 expert(s)
[MoE] Layer 3: loading 1 expert(s)
[MoE] Layer 4: loading 1 expert(s)
[MoE] Layer 12: loading 1 expert(s)
[MoE] Layer 27: loading 1 expert(s)
[MoE] Layer 30: loading 1 expert(s)
[MoE] Layer 35: loading 1 expert(s)
[MoE] Layer 0: loading 1 expert(s)
[MoE] Layer 1: loading 1 expert(s)
[MoE] Layer 2: loading 1 expert(s)
[MoE] Layer 3: loading 1 expert(s)
[MoE] Layer 6: loading 1 expert(s)
[MoE] Layer 19: loading 1 expert(s)
[MoE] Layer 24: loading 1 expert(s)
[gen 65/149] elapsed=6.8s  TPS=9.532
[MoE] Layer 8: loading 1 expert(s)
[MoE] Layer 2: loading 1 expert(s)
[MoE] Layer 3: loading 1 expert(s)
[MoE] Layer 14: loading 1 expert(s)
[MoE] Layer 15: loading 1 expert(s)
[MoE] Layer 0: loading 2 expert(s)
[MoE] Layer 1: loading 1 expert(s)
[MoE] Layer 18: loading 1 expert(s)
[MoE] Layer 23: loading 1 expert(s)
[MoE] Layer 24: loading 1 expert(s)
[MoE] Layer 31: loading 1 expert(s)
[MoE] Layer 34: loading 1 expert(s)
[MoE] Layer 0: loading 1 expert(s)
[MoE] Layer 2: loading 1 expert(s)
[MoE] Layer 3: loading 1 expert(s)
[MoE] Layer 30: loading 1 expert(s)
[MoE] Layer 40: loading 1 expert(s)
[MoE] Layer 47: loading 2 expert(s)
[MoE] Layer 0: loading 2 expert(s)
[MoE] Layer 1: loading 1 expert(s)
[MoE] Layer 15: loading 1 expert(s)
[gen 70/149] elapsed=7.2s  TPS=9.750
[MoE] Layer 0: loading 1 expert(s)
[MoE] Layer 11: loading 1 expert(s)
[MoE] Layer 16: loading 1 expert(s)
[MoE] Layer 17: loading 1 expert(s)
[MoE] Layer 24: loading 1 expert(s)
[MoE] Layer 31: loading 1 expert(s)
[MoE] Layer 35: loading 1 expert(s)
[MoE] Layer 40: loading 1 expert(s)
[MoE] Layer 42: loading 1 expert(s)
[MoE] Layer 0: loading 2 expert(s)
[MoE] Layer 3: loading 2 expert(s)
[MoE] Layer 22: loading 2 expert(s)
[MoE] Layer 34: loading 1 expert(s)
[MoE] Layer 0: loading 1 expert(s)
[MoE] Layer 1: loading 1 expert(s)
[MoE] Layer 23: loading 1 expert(s)
[MoE] Layer 24: loading 1 expert(s)
[MoE] Layer 32: loading 1 expert(s)
[MoE] Layer 35: loading 1 expert(s)
[MoE] Layer 39: loading 1 expert(s)
[MoE] Layer 25: loading 2 expert(s)
[MoE] Layer 26: loading 1 expert(s)
[MoE] Layer 31: loading 1 expert(s)
[MoE] Layer 34: loading 1 expert(s)
[MoE] Layer 38: loading 1 expert(s)
[MoE] Layer 0: loading 1 expert(s)
[MoE] Layer 35: loading 2 expert(s)
[gen 75/149] elapsed=7.6s  TPS=9.925
[MoE] Layer 3: loading 3 expert(s)
[MoE] Layer 9: loading 1 expert(s)
[MoE] Layer 16: loading 1 expert(s)
[MoE] Layer 17: loading 1 expert(s)
[MoE] Layer 35: loading 1 expert(s)
[MoE] Layer 37: loading 1 expert(s)
[MoE] Layer 0: loading 2 expert(s)
[MoE] Layer 3: loading 1 expert(s)
[MoE] Layer 11: loading 1 expert(s)
[MoE] Layer 37: loading 1 expert(s)
[MoE] Layer 24: loading 1 expert(s)
[MoE] Layer 27: loading 1 expert(s)
[MoE] Layer 37: loading 1 expert(s)
[MoE] Layer 43: loading 1 expert(s)
[MoE] Layer 0: loading 1 expert(s)
[MoE] Layer 3: loading 1 expert(s)
[MoE] Layer 4: loading 1 expert(s)
[MoE] Layer 5: loading 1 expert(s)
[MoE] Layer 12: loading 1 expert(s)
[MoE] Layer 20: loading 1 expert(s)
[MoE] Layer 26: loading 1 expert(s)
[MoE] Layer 29: loading 1 expert(s)
[MoE] Layer 37: loading 1 expert(s)
[MoE] Layer 0: loading 3 expert(s)
[MoE] Layer 1: loading 2 expert(s)
[gen 80/149] elapsed=7.9s  TPS=10.085
[MoE] Layer 24: loading 1 expert(s)
[MoE] Layer 1: loading 1 expert(s)
[MoE] Layer 3: loading 1 expert(s)
[MoE] Layer 11: loading 1 expert(s)
[MoE] Layer 0: loading 2 expert(s)
[MoE] Layer 3: loading 1 expert(s)
[MoE] Layer 13: loading 1 expert(s)
[MoE] Layer 23: loading 1 expert(s)
[MoE] Layer 27: loading 1 expert(s)
[MoE] Layer 41: loading 1 expert(s)
[MoE] Layer 46: loading 1 expert(s)
[MoE] Layer 0: loading 1 expert(s)
[MoE] Layer 1: loading 2 expert(s)
[MoE] Layer 3: loading 1 expert(s)
[MoE] Layer 13: loading 1 expert(s)
[MoE] Layer 26: loading 1 expert(s)
[MoE] Layer 6: loading 1 expert(s)
[MoE] Layer 18: loading 1 expert(s)
[MoE] Layer 19: loading 1 expert(s)
[MoE] Layer 21: loading 1 expert(s)
[MoE] Layer 23: loading 2 expert(s)
[MoE] Layer 24: loading 1 expert(s)
[MoE] Layer 26: loading 1 expert(s)
[MoE] Layer 28: loading 1 expert(s)
[MoE] Layer 45: loading 1 expert(s)
[gen 85/149] elapsed=8.3s  TPS=10.239
[MoE] Layer 0: loading 1 expert(s)
[MoE] Layer 12: loading 1 expert(s)
[MoE] Layer 28: loading 1 expert(s)
[MoE] Layer 40: loading 1 expert(s)
[MoE] Layer 46: loading 1 expert(s)
[MoE] Layer 26: loading 1 expert(s)
[MoE] Layer 47: loading 1 expert(s)
[MoE] Layer 0: loading 2 expert(s)
[MoE] Layer 11: loading 2 expert(s)
[MoE] Layer 36: loading 1 expert(s)
[MoE] Layer 0: loading 3 expert(s)
[MoE] Layer 3: loading 3 expert(s)
[MoE] Layer 5: loading 1 expert(s)
[MoE] Layer 6: loading 1 expert(s)
[MoE] Layer 7: loading 1 expert(s)
[MoE] Layer 9: loading 1 expert(s)
[MoE] Layer 13: loading 2 expert(s)
[MoE] Layer 14: loading 1 expert(s)
[MoE] Layer 15: loading 1 expert(s)
[MoE] Layer 16: loading 1 expert(s)
[MoE] Layer 17: loading 1 expert(s)
[MoE] Layer 19: loading 2 expert(s)
[MoE] Layer 20: loading 1 expert(s)
[MoE] Layer 21: loading 1 expert(s)
[MoE] Layer 22: loading 1 expert(s)
[MoE] Layer 23: loading 2 expert(s)
[MoE] Layer 24: loading 2 expert(s)
[MoE] Layer 25: loading 2 expert(s)
[MoE] Layer 30: loading 1 expert(s)
[MoE] Layer 31: loading 3 expert(s)
[MoE] Layer 32: loading 1 expert(s)
[MoE] Layer 33: loading 1 expert(s)
[MoE] Layer 35: loading 1 expert(s)
[MoE] Layer 36: loading 3 expert(s)
[MoE] Layer 37: loading 1 expert(s)
[MoE] Layer 39: loading 1 expert(s)
[MoE] Layer 0: loading 4 expert(s)
[MoE] Layer 3: loading 1 expert(s)
[MoE] Layer 10: loading 1 expert(s)
[MoE] Layer 13: loading 1 expert(s)
[MoE] Layer 16: loading 1 expert(s)
[MoE] Layer 24: loading 1 expert(s)
[MoE] Layer 25: loading 1 expert(s)
[MoE] Layer 28: loading 1 expert(s)
[MoE] Layer 36: loading 1 expert(s)
[gen 90/149] elapsed=8.8s  TPS=10.256
[MoE] Layer 0: loading 1 expert(s)
[MoE] Layer 3: loading 1 expert(s)
[MoE] Layer 11: loading 1 expert(s)
[MoE] Layer 23: loading 1 expert(s)
[MoE] Layer 26: loading 2 expert(s)
[MoE] Layer 35: loading 1 expert(s)
[MoE] Layer 37: loading 1 expert(s)
[MoE] Layer 9: loading 1 expert(s)
[MoE] Layer 16: loading 1 expert(s)
[MoE] Layer 17: loading 1 expert(s)
[MoE] Layer 29: loading 1 expert(s)
[MoE] Layer 38: loading 1 expert(s)
[MoE] Layer 40: loading 1 expert(s)
[MoE] Layer 43: loading 1 expert(s)
[MoE] Layer 0: loading 1 expert(s)
[MoE] Layer 6: loading 1 expert(s)
[MoE] Layer 10: loading 1 expert(s)
[MoE] Layer 11: loading 1 expert(s)
[MoE] Layer 12: loading 1 expert(s)
[MoE] Layer 15: loading 1 expert(s)
[MoE] Layer 23: loading 1 expert(s)
[MoE] Layer 28: loading 1 expert(s)
[MoE] Layer 33: loading 1 expert(s)
[MoE] Layer 42: loading 1 expert(s)
[MoE] Layer 0: loading 2 expert(s)
[MoE] Layer 1: loading 2 expert(s)
[MoE] Layer 0: loading 3 expert(s)
[MoE] Layer 3: loading 1 expert(s)
[MoE] Layer 27: loading 1 expert(s)
[MoE] Layer 32: loading 1 expert(s)
[MoE] Layer 35: loading 1 expert(s)
[gen 95/149] elapsed=9.2s  TPS=10.355
[MoE] Layer 29: loading 1 expert(s)
[MoE] Layer 35: loading 1 expert(s)
[MoE] Layer 3: loading 1 expert(s)
[MoE] Layer 23: loading 1 expert(s)
[MoE] Layer 35: loading 1 expert(s)
[MoE] Layer 0: loading 1 expert(s)
[MoE] Layer 1: loading 1 expert(s)
[MoE] Layer 3: loading 1 expert(s)
[MoE] Layer 11: loading 1 expert(s)
[MoE] Layer 33: loading 1 expert(s)
[MoE] Layer 36: loading 1 expert(s)
[MoE] Layer 0: loading 1 expert(s)
[MoE] Layer 1: loading 2 expert(s)
[MoE] Layer 3: loading 1 expert(s)
[MoE] Layer 22: loading 1 expert(s)
[MoE] Layer 30: loading 1 expert(s)
[MoE] Layer 32: loading 1 expert(s)
[gen 100/149] elapsed=9.5s  TPS=10.515
[MoE] Layer 35: loading 1 expert(s)
[MoE] Layer 0: loading 2 expert(s)
[MoE] Layer 30: loading 1 expert(s)
[MoE] Layer 31: loading 1 expert(s)
[MoE] Layer 25: loading 1 expert(s)
[MoE] Layer 27: loading 2 expert(s)
[MoE] Layer 34: loading 1 expert(s)
[MoE] Layer 35: loading 1 expert(s)
[MoE] Layer 39: loading 1 expert(s)
[MoE] Layer 42: loading 1 expert(s)
[MoE] Layer 46: loading 1 expert(s)
[MoE] Layer 0: loading 1 expert(s)
[MoE] Layer 10: loading 1 expert(s)
[MoE] Layer 27: loading 1 expert(s)
[gen 105/149] elapsed=9.8s  TPS=10.675
[MoE] Layer 33: loading 1 expert(s)
[MoE] Layer 34: loading 1 expert(s)
[MoE] Layer 26: loading 1 expert(s)
[MoE] Layer 31: loading 1 expert(s)
[MoE] Layer 47: loading 1 expert(s)
[MoE] Layer 0: loading 1 expert(s)
[MoE] Layer 0: loading 1 expert(s)
[MoE] Layer 1: loading 1 expert(s)
[MoE] Layer 3: loading 1 expert(s)
[MoE] Layer 10: loading 1 expert(s)
[MoE] Layer 29: loading 1 expert(s)
[MoE] Layer 31: loading 1 expert(s)
[MoE] Layer 36: loading 2 expert(s)
[MoE] Layer 38: loading 1 expert(s)
[MoE] Layer 39: loading 1 expert(s)
[MoE] Layer 0: loading 3 expert(s)
[MoE] Layer 1: loading 1 expert(s)
[MoE] Layer 3: loading 1 expert(s)
[MoE] Layer 45: loading 1 expert(s)
[gen 110/149] elapsed=10.2s  TPS=10.805
[MoE] Layer 0: loading 1 expert(s)
[MoE] Layer 1: loading 1 expert(s)
[MoE] Layer 3: loading 1 expert(s)
[MoE] Layer 22: loading 1 expert(s)
[MoE] Layer 29: loading 1 expert(s)
[MoE] Layer 31: loading 1 expert(s)
[MoE] Layer 34: loading 1 expert(s)
[MoE] Layer 38: loading 1 expert(s)
[MoE] Layer 46: loading 1 expert(s)
[MoE] Layer 47: loading 1 expert(s)
[MoE] Layer 0: loading 2 expert(s)
[MoE] Layer 1: loading 1 expert(s)
[MoE] Layer 3: loading 1 expert(s)
[MoE] Layer 26: loading 1 expert(s)
[MoE] Layer 36: loading 1 expert(s)
[MoE] Layer 42: loading 1 expert(s)
[MoE] Layer 47: loading 1 expert(s)
[MoE] Layer 0: loading 1 expert(s)
[MoE] Layer 26: loading 1 expert(s)
[MoE] Layer 44: loading 1 expert(s)
[MoE] Layer 46: loading 1 expert(s)
[MoE] Layer 3: loading 1 expert(s)
[MoE] Layer 4: loading 1 expert(s)
[MoE] Layer 24: loading 1 expert(s)
[MoE] Layer 26: loading 1 expert(s)
[MoE] Layer 0: loading 3 expert(s)
[MoE] Layer 1: loading 1 expert(s)
[MoE] Layer 10: loading 1 expert(s)
[MoE] Layer 25: loading 1 expert(s)
[MoE] Layer 27: loading 1 expert(s)
[MoE] Layer 34: loading 1 expert(s)
[MoE] Layer 35: loading 1 expert(s)
[MoE] Layer 38: loading 1 expert(s)
[gen 115/149] elapsed=10.6s  TPS=10.865
[MoE] Layer 0: loading 2 expert(s)
[MoE] Layer 14: loading 1 expert(s)
[MoE] Layer 18: loading 1 expert(s)
[MoE] Layer 24: loading 2 expert(s)
[MoE] Layer 25: loading 1 expert(s)
[MoE] Layer 26: loading 1 expert(s)
[MoE] Layer 27: loading 1 expert(s)
[MoE] Layer 28: loading 1 expert(s)
[MoE] Layer 29: loading 1 expert(s)
[MoE] Layer 31: loading 1 expert(s)
[MoE] Layer 34: loading 1 expert(s)
[MoE] Layer 38: loading 1 expert(s)
[MoE] Layer 39: loading 1 expert(s)
[MoE] Layer 47: loading 1 expert(s)
[MoE] Layer 0: loading 1 expert(s)
[MoE] Layer 1: loading 1 expert(s)
[MoE] Layer 24: loading 1 expert(s)
[MoE] Layer 25: loading 2 expert(s)
[MoE] Layer 26: loading 1 expert(s)
[MoE] Layer 28: loading 1 expert(s)
[MoE] Layer 33: loading 1 expert(s)
[MoE] Layer 36: loading 1 expert(s)
[MoE] Layer 37: loading 1 expert(s)
[MoE] Layer 38: loading 1 expert(s)
[MoE] Layer 0: loading 1 expert(s)
[MoE] Layer 23: loading 2 expert(s)
[MoE] Layer 28: loading 1 expert(s)
[MoE] Layer 30: loading 1 expert(s)
[MoE] Layer 31: loading 1 expert(s)
[MoE] Layer 32: loading 1 expert(s)
[MoE] Layer 33: loading 1 expert(s)
[MoE] Layer 34: loading 3 expert(s)
[MoE] Layer 35: loading 1 expert(s)
[MoE] Layer 36: loading 1 expert(s)
[MoE] Layer 38: loading 2 expert(s)
[MoE] Layer 47: loading 1 expert(s)
[MoE] Layer 0: loading 2 expert(s)
[MoE] Layer 3: loading 2 expert(s)
[MoE] Layer 0: loading 1 expert(s)
[MoE] Layer 1: loading 1 expert(s)
[MoE] Layer 24: loading 1 expert(s)
[MoE] Layer 26: loading 1 expert(s)
[MoE] Layer 27: loading 1 expert(s)
[MoE] Layer 33: loading 1 expert(s)
[MoE] Layer 34: loading 1 expert(s)
[MoE] Layer 46: loading 1 expert(s)
[gen 120/149] elapsed=11.1s  TPS=10.852
[MoE] Layer 26: loading 2 expert(s)
[MoE] Layer 27: loading 1 expert(s)
[MoE] Layer 35: loading 1 expert(s)
[MoE] Layer 24: loading 1 expert(s)
[MoE] Layer 46: loading 1 expert(s)
[MoE] Layer 3: loading 3 expert(s)
[MoE] Layer 25: loading 1 expert(s)
[MoE] Layer 29: loading 1 expert(s)
[MoE] Layer 0: loading 1 expert(s)
[MoE] Layer 28: loading 1 expert(s)
[MoE] Layer 37: loading 1 expert(s)
[MoE] Layer 46: loading 1 expert(s)
[MoE] Layer 10: loading 1 expert(s)
[MoE] Layer 11: loading 1 expert(s)
[MoE] Layer 22: loading 1 expert(s)
[MoE] Layer 27: loading 2 expert(s)
[MoE] Layer 29: loading 1 expert(s)
[MoE] Layer 35: loading 1 expert(s)
[MoE] Layer 42: loading 1 expert(s)
[gen 125/149] elapsed=11.4s  TPS=10.959
[MoE] Layer 0: loading 1 expert(s)
[MoE] Layer 3: loading 2 expert(s)
[MoE] Layer 35: loading 1 expert(s)
[MoE] Layer 45: loading 1 expert(s)
[MoE] Layer 0: loading 3 expert(s)
[MoE] Layer 1: loading 2 expert(s)
[MoE] Layer 13: loading 1 expert(s)
[MoE] Layer 28: loading 1 expert(s)
[MoE] Layer 30: loading 1 expert(s)
[MoE] Layer 33: loading 1 expert(s)
[MoE] Layer 34: loading 1 expert(s)
[MoE] Layer 35: loading 1 expert(s)
[MoE] Layer 36: loading 2 expert(s)
[MoE] Layer 0: loading 1 expert(s)
[MoE] Layer 29: loading 1 expert(s)
[MoE] Layer 34: loading 1 expert(s)
[MoE] Layer 35: loading 1 expert(s)
[MoE] Layer 1: loading 1 expert(s)
[MoE] Layer 3: loading 1 expert(s)
[MoE] Layer 26: loading 3 expert(s)
[MoE] Layer 31: loading 1 expert(s)
[MoE] Layer 33: loading 2 expert(s)
[MoE] Layer 34: loading 3 expert(s)
[MoE] Layer 35: loading 3 expert(s)
[MoE] Layer 36: loading 3 expert(s)
[MoE] Layer 38: loading 1 expert(s)
[MoE] Layer 0: loading 2 expert(s)
[MoE] Layer 14: loading 1 expert(s)
[MoE] Layer 23: loading 1 expert(s)
[MoE] Layer 24: loading 1 expert(s)
[MoE] Layer 46: loading 1 expert(s)
[gen 130/149] elapsed=11.8s  TPS=10.996
[MoE] Layer 0: loading 1 expert(s)
[MoE] Layer 1: loading 2 expert(s)
[MoE] Layer 16: loading 1 expert(s)
[MoE] Layer 18: loading 1 expert(s)
[MoE] Layer 25: loading 1 expert(s)
[MoE] Layer 27: loading 1 expert(s)
[MoE] Layer 28: loading 1 expert(s)
[MoE] Layer 34: loading 2 expert(s)
[MoE] Layer 35: loading 1 expert(s)
[MoE] Layer 36: loading 1 expert(s)
[MoE] Layer 9: loading 1 expert(s)
[MoE] Layer 11: loading 1 expert(s)
[MoE] Layer 22: loading 2 expert(s)
[MoE] Layer 24: loading 1 expert(s)
[MoE] Layer 26: loading 1 expert(s)
[MoE] Layer 30: loading 1 expert(s)
[MoE] Layer 32: loading 2 expert(s)
[MoE] Layer 35: loading 2 expert(s)
[MoE] Layer 36: loading 1 expert(s)
[MoE] Layer 38: loading 1 expert(s)
[MoE] Layer 40: loading 1 expert(s)
[MoE] Layer 0: loading 1 expert(s)
[MoE] Layer 12: loading 1 expert(s)
[MoE] Layer 20: loading 1 expert(s)
[MoE] Layer 31: loading 1 expert(s)
[MoE] Layer 3: loading 1 expert(s)
[MoE] Layer 11: loading 1 expert(s)
[MoE] Layer 21: loading 1 expert(s)
[MoE] Layer 31: loading 1 expert(s)
[MoE] Layer 33: loading 1 expert(s)
[MoE] Layer 34: loading 1 expert(s)
[MoE] Layer 43: loading 1 expert(s)
[MoE] Layer 44: loading 1 expert(s)
[MoE] Layer 0: loading 2 expert(s)
[MoE] Layer 18: loading 1 expert(s)
[MoE] Layer 19: loading 1 expert(s)
[MoE] Layer 20: loading 2 expert(s)
[MoE] Layer 22: loading 1 expert(s)
[MoE] Layer 23: loading 1 expert(s)
[MoE] Layer 27: loading 1 expert(s)
[MoE] Layer 28: loading 1 expert(s)
[MoE] Layer 34: loading 1 expert(s)
[MoE] Layer 38: loading 1 expert(s)
[gen 135/149] elapsed=12.3s  TPS=10.992
[MoE] Layer 0: loading 3 expert(s)
[MoE] Layer 1: loading 2 expert(s)
[MoE] Layer 3: loading 2 expert(s)
[MoE] Layer 22: loading 1 expert(s)
[MoE] Layer 31: loading 2 expert(s)
[MoE] Layer 34: loading 1 expert(s)
[MoE] Layer 35: loading 1 expert(s)
[MoE] Layer 36: loading 1 expert(s)
[MoE] Layer 37: loading 1 expert(s)
[MoE] Layer 0: loading 4 expert(s)
[MoE] Layer 1: loading 1 expert(s)
[MoE] Layer 14: loading 1 expert(s)
[MoE] Layer 22: loading 1 expert(s)
[MoE] Layer 24: loading 1 expert(s)
[MoE] Layer 27: loading 1 expert(s)
[MoE] Layer 28: loading 1 expert(s)
[MoE] Layer 32: loading 1 expert(s)
[MoE] Layer 33: loading 1 expert(s)
[MoE] Layer 34: loading 1 expert(s)
[MoE] Layer 39: loading 1 expert(s)
[MoE] Layer 44: loading 1 expert(s)
[MoE] Layer 0: loading 1 expert(s)
[MoE] Layer 3: loading 1 expert(s)
[MoE] Layer 29: loading 1 expert(s)
[MoE] Layer 32: loading 1 expert(s)
[MoE] Layer 34: loading 1 expert(s)
[MoE] Layer 15: loading 1 expert(s)
[MoE] Layer 21: loading 1 expert(s)
[MoE] Layer 26: loading 1 expert(s)
[MoE] Layer 39: loading 2 expert(s)
[MoE] Layer 43: loading 1 expert(s)
[MoE] Layer 44: loading 1 expert(s)
[MoE] Layer 0: loading 2 expert(s)
[MoE] Layer 1: loading 1 expert(s)
[MoE] Layer 3: loading 2 expert(s)
[MoE] Layer 6: loading 1 expert(s)
[MoE] Layer 13: loading 1 expert(s)
[MoE] Layer 20: loading 1 expert(s)
[MoE] Layer 35: loading 1 expert(s)
[gen 140/149] elapsed=12.7s  TPS=10.998
[MoE] Layer 0: loading 3 expert(s)
[MoE] Layer 1: loading 1 expert(s)
[MoE] Layer 3: loading 1 expert(s)
[MoE] Layer 4: loading 1 expert(s)
[MoE] Layer 22: loading 1 expert(s)
[MoE] Layer 23: loading 1 expert(s)
[MoE] Layer 34: loading 1 expert(s)
[MoE] Layer 0: loading 3 expert(s)
[MoE] Layer 3: loading 1 expert(s)
[MoE] Layer 37: loading 1 expert(s)
[MoE] Layer 39: loading 1 expert(s)
[MoE] Layer 3: loading 1 expert(s)
[MoE] Layer 23: loading 1 expert(s)
[MoE] Layer 32: loading 1 expert(s)
[MoE] Layer 35: loading 1 expert(s)
[MoE] Layer 3: loading 1 expert(s)
[MoE] Layer 35: loading 2 expert(s)
[MoE] Layer 0: loading 2 expert(s)
[MoE] Layer 1: loading 1 expert(s)
[MoE] Layer 3: loading 1 expert(s)
[MoE] Layer 27: loading 1 expert(s)
[MoE] Layer 30: loading 1 expert(s)
[MoE] Layer 34: loading 2 expert(s)
[MoE] Layer 37: loading 1 expert(s)
[MoE] Layer 42: loading 1 expert(s)
[gen 145/149] elapsed=13.1s  TPS=11.061
[MoE] Layer 3: loading 1 expert(s)
[MoE] Layer 5: loading 1 expert(s)
[MoE] Layer 35: loading 1 expert(s)
[MoE] Layer 42: loading 1 expert(s)
[MoE] Layer 0: loading 1 expert(s)
[MoE] Layer 1: loading 2 expert(s)
[MoE] Layer 4: loading 1 expert(s)
[MoE] Layer 7: loading 1 expert(s)
[MoE] Layer 33: loading 1 expert(s)
[MoE] Layer 34: loading 1 expert(s)
[MoE] Layer 36: loading 1 expert(s)
[MoE] Layer 37: loading 1 expert(s)
[MoE] Layer 41: loading 1 expert(s)
[MoE] Layer 0: loading 1 expert(s)
[MoE] Layer 34: loading 1 expert(s)
[MoE] Layer 0: loading 2 expert(s)
[MoE] Layer 10: loading 2 expert(s)
[MoE] Layer 15: loading 1 expert(s)
[MoE] Layer 32: loading 1 expert(s)
[MoE] Layer 36: loading 1 expert(s)
[MoE] Layer 37: loading 1 expert(s)
[MoE] Layer 39: loading 1 expert(s)
Prefill time (summary): 12.541 seconds
Total Generation Time: 13.418 seconds
Average Time per Token: 0.090 seconds

Expert Cache Statistics:
Layer 0: Hits=1023, Misses=169, HitRate=85.82%
    Bandwidth: MissLoads=169, AvgLoadTime=2.55ms
Layer 1: Hits=1107, Misses=85, HitRate=92.87%
    Bandwidth: MissLoads=85, AvgLoadTime=3.00ms
Layer 2: Hits=1162, Misses=30, HitRate=97.48%
    Bandwidth: MissLoads=30, AvgLoadTime=2.87ms
Layer 3: Hits=1087, Misses=105, HitRate=91.19%
    Bandwidth: MissLoads=105, AvgLoadTime=2.83ms
Layer 4: Hits=1161, Misses=31, HitRate=97.40%
    Bandwidth: MissLoads=31, AvgLoadTime=2.93ms
Layer 5: Hits=1168, Misses=24, HitRate=97.99%
    Bandwidth: MissLoads=24, AvgLoadTime=3.36ms
Layer 6: Hits=1177, Misses=15, HitRate=98.74%
    Bandwidth: MissLoads=15, AvgLoadTime=3.51ms
Layer 7: Hits=1183, Misses=9, HitRate=99.24%
    Bandwidth: MissLoads=9, AvgLoadTime=3.60ms
Layer 8: Hits=1167, Misses=25, HitRate=97.90%
    Bandwidth: MissLoads=25, AvgLoadTime=3.09ms
Layer 9: Hits=1172, Misses=20, HitRate=98.32%
    Bandwidth: MissLoads=20, AvgLoadTime=3.22ms
Layer 10: Hits=1164, Misses=28, HitRate=97.65%
    Bandwidth: MissLoads=28, AvgLoadTime=3.24ms
Layer 11: Hits=1168, Misses=24, HitRate=97.99%
    Bandwidth: MissLoads=24, AvgLoadTime=3.14ms
Layer 12: Hits=1167, Misses=25, HitRate=97.90%
    Bandwidth: MissLoads=25, AvgLoadTime=3.14ms
Layer 13: Hits=1161, Misses=31, HitRate=97.40%
    Bandwidth: MissLoads=31, AvgLoadTime=2.99ms
Layer 14: Hits=1167, Misses=25, HitRate=97.90%
    Bandwidth: MissLoads=25, AvgLoadTime=3.06ms
Layer 15: Hits=1176, Misses=16, HitRate=98.66%
    Bandwidth: MissLoads=16, AvgLoadTime=3.43ms
Layer 16: Hits=1167, Misses=25, HitRate=97.90%
    Bandwidth: MissLoads=25, AvgLoadTime=3.21ms
Layer 17: Hits=1168, Misses=24, HitRate=97.99%
    Bandwidth: MissLoads=24, AvgLoadTime=3.14ms
Layer 18: Hits=1177, Misses=15, HitRate=98.74%
    Bandwidth: MissLoads=15, AvgLoadTime=3.39ms
Layer 19: Hits=1181, Misses=11, HitRate=99.08%
    Bandwidth: MissLoads=11, AvgLoadTime=3.45ms
Layer 20: Hits=1173, Misses=19, HitRate=98.41%
    Bandwidth: MissLoads=19, AvgLoadTime=3.19ms
Layer 21: Hits=1179, Misses=13, HitRate=98.91%
    Bandwidth: MissLoads=13, AvgLoadTime=2.95ms
Layer 22: Hits=1159, Misses=33, HitRate=97.23%
    Bandwidth: MissLoads=33, AvgLoadTime=3.04ms
Layer 23: Hits=1151, Misses=41, HitRate=96.56%
    Bandwidth: MissLoads=41, AvgLoadTime=3.20ms
Layer 24: Hits=1151, Misses=41, HitRate=96.56%
    Bandwidth: MissLoads=41, AvgLoadTime=3.21ms
Layer 25: Hits=1152, Misses=40, HitRate=96.64%
    Bandwidth: MissLoads=40, AvgLoadTime=3.16ms
Layer 26: Hits=1153, Misses=39, HitRate=96.73%
    Bandwidth: MissLoads=39, AvgLoadTime=3.23ms
Layer 27: Hits=1163, Misses=29, HitRate=97.57%
    Bandwidth: MissLoads=29, AvgLoadTime=3.35ms
Layer 28: Hits=1163, Misses=29, HitRate=97.57%
    Bandwidth: MissLoads=29, AvgLoadTime=3.26ms
Layer 29: Hits=1163, Misses=29, HitRate=97.57%
    Bandwidth: MissLoads=29, AvgLoadTime=3.43ms
Layer 30: Hits=1174, Misses=18, HitRate=98.49%
    Bandwidth: MissLoads=18, AvgLoadTime=3.14ms
Layer 31: Hits=1169, Misses=23, HitRate=98.07%
    Bandwidth: MissLoads=23, AvgLoadTime=3.23ms
Layer 32: Hits=1158, Misses=34, HitRate=97.15%
    Bandwidth: MissLoads=34, AvgLoadTime=3.11ms
Layer 33: Hits=1164, Misses=28, HitRate=97.65%
    Bandwidth: MissLoads=28, AvgLoadTime=3.09ms
Layer 34: Hits=1139, Misses=53, HitRate=95.55%
    Bandwidth: MissLoads=53, AvgLoadTime=2.89ms
Layer 35: Hits=1141, Misses=51, HitRate=95.72%
    Bandwidth: MissLoads=51, AvgLoadTime=2.98ms
Layer 36: Hits=1147, Misses=45, HitRate=96.22%
    Bandwidth: MissLoads=45, AvgLoadTime=3.01ms
Layer 37: Hits=1158, Misses=34, HitRate=97.15%
    Bandwidth: MissLoads=34, AvgLoadTime=3.41ms
Layer 38: Hits=1161, Misses=31, HitRate=97.40%
    Bandwidth: MissLoads=31, AvgLoadTime=3.46ms
Layer 39: Hits=1165, Misses=27, HitRate=97.73%
    Bandwidth: MissLoads=27, AvgLoadTime=3.10ms
Layer 40: Hits=1169, Misses=23, HitRate=98.07%
    Bandwidth: MissLoads=23, AvgLoadTime=3.37ms
Layer 41: Hits=1160, Misses=32, HitRate=97.32%
    Bandwidth: MissLoads=32, AvgLoadTime=2.82ms
Layer 42: Hits=1166, Misses=26, HitRate=97.82%
    Bandwidth: MissLoads=26, AvgLoadTime=3.10ms
Layer 43: Hits=1169, Misses=23, HitRate=98.07%
    Bandwidth: MissLoads=23, AvgLoadTime=3.15ms
Layer 44: Hits=1170, Misses=22, HitRate=98.15%
    Bandwidth: MissLoads=22, AvgLoadTime=2.93ms
Layer 45: Hits=1178, Misses=14, HitRate=98.83%
    Bandwidth: MissLoads=14, AvgLoadTime=3.05ms
Layer 46: Hits=1164, Misses=28, HitRate=97.65%
    Bandwidth: MissLoads=28, AvgLoadTime=2.92ms
Layer 47: Hits=1155, Misses=37, HitRate=96.90%
    Bandwidth: MissLoads=37, AvgLoadTime=3.04ms
============================================================
============================================================
Initializing Qwen3 30B-A3B AWQ w4a16 quantized model...
============================================================
Loading quantized weights from QuixiAI/Qwen3-30B-A3B-AWQ...
Using saved safetensors: /home/michael/heteroPredict/py/unified_llm_w4a16/model_weights/Qwen3-30B-A3B-AWQ.safetensors
Expert weights dir: /home/michael/heteroPredict/py/unified_llm_w4a16/model_weights/Qwen3-30B-A3B-AWQ_packed  (format: packed)
Using existing attention weights in /home/michael/heteroPredict/py/unified_llm_w4a16/model_weights/Qwen3-30B-A3B-AWQ_unpacked
Weights loaded (expert dir override) in 0.29 seconds
Pre-warming expert cache with 64 experts...
Model initialized successfully!
Setting lambda to 1.0
Forced top-5 experts into cache mask.
Set expert cache policy to LRU.

Running sweep using prompts from JSON: /tmp/tmpa4cqb2ry.json
Loaded 1 prompts for sweeping.

Processing Prompt 1/1...

============================================================
Generated text only:
============================================================
oulter played " Daniel " in the 2010 film The Last Days of the City , directed by Yavuz Turgul . The film was shot in Istanbul and was released in 2011 . Boulter played " Tom " in the 2011 film The Last Days of the City , directed by Yavuz Turgul . The film was shot in Istanbul and was released in 2011 . Boulter played " Tom " in the 2011 film The Last Days of the City , directed by Yavuz Turgul . The film was shot in Istanbul and was released in 2011 . Boulter played " Tom " in the 
============================================================

============================================================
Sweep Complete.
Average Time per Token: 0.173104
End-to-End TPS: 5.7769
Cache Stats: Hits=55617, Misses=1599, HitRate=97.21%
Initializing UnifiedLLMW4A16Impl_base
Using NPU config struct.
Configuring NPU (Base):
  Heterogeneity: gpu
  GPU Count: 1
  Debug Verbosity: 1
  Dummy Weights: false
  Warmup: false
  Preload MoE: true
  Minimal PDI: true
[GPU SELECT] Free VRAM ranking: gpu0=28.00/28.00 GiB
[GPU SELECT] Selected GPUs for gpu-count=1: [0]
[GPU MAP] Single-GPU placement on gpu0
UnifiedLLMW4A16 moved to device: cuda:0
Preloading MoE kernels...
MoE kernels preloaded.
UnifiedLLMW4A16 initialized on device: cuda:0 with w4a16 quantization
Loading non-quantized weights from safetensors (mmap): /home/michael/heteroPredict/py/unified_llm_w4a16/model_weights/Qwen3-30B-A3B-AWQ.safetensors
Loaded 243 non-quantized parameters, skipped 0
Loading quantized weights from bins: /home/michael/heteroPredict/py/unified_llm_w4a16/model_weights/Qwen3-30B-A3B-AWQ_unpacked
Pre-warming 64 experts for all layers...
Layer 0: Pre-warming 64 experts.
Layer 0: using packed expert format.
[MoE I/O] Expert weight reads require O_DIRECT (no buffered fallback).
Layer 1: Pre-warming 64 experts.
Layer 1: using packed expert format.
Layer 2: Pre-warming 64 experts.
Layer 2: using packed expert format.
Layer 3: Pre-warming 64 experts.
Layer 3: using packed expert format.
Prewarmed experts for layer 4/48
Layer 4: Pre-warming 64 experts.
Layer 4: using packed expert format.
Layer 5: Pre-warming 64 experts.
Layer 5: using packed expert format.
Layer 6: Pre-warming 64 experts.
Layer 6: using packed expert format.
Layer 7: Pre-warming 64 experts.
Layer 7: using packed expert format.
Prewarmed experts for layer 8/48
Layer 8: Pre-warming 64 experts.
Layer 8: using packed expert format.
Layer 9: Pre-warming 64 experts.
Layer 9: using packed expert format.
Layer 10: Pre-warming 64 experts.
Layer 10: using packed expert format.
Layer 11: Pre-warming 64 experts.
Layer 11: using packed expert format.
Prewarmed experts for layer 12/48
Layer 12: Pre-warming 64 experts.
Layer 12: using packed expert format.
Layer 13: Pre-warming 64 experts.
Layer 13: using packed expert format.
Layer 14: Pre-warming 64 experts.
Layer 14: using packed expert format.
Layer 15: Pre-warming 64 experts.
Layer 15: using packed expert format.
Prewarmed experts for layer 16/48
Layer 16: Pre-warming 64 experts.
Layer 16: using packed expert format.
Layer 17: Pre-warming 64 experts.
Layer 17: using packed expert format.
Layer 18: Pre-warming 64 experts.
Layer 18: using packed expert format.
Layer 19: Pre-warming 64 experts.
Layer 19: using packed expert format.
Prewarmed experts for layer 20/48
Layer 20: Pre-warming 64 experts.
Layer 20: using packed expert format.
Layer 21: Pre-warming 64 experts.
Layer 21: using packed expert format.
Layer 22: Pre-warming 64 experts.
Layer 22: using packed expert format.
Layer 23: Pre-warming 64 experts.
Layer 23: using packed expert format.
Prewarmed experts for layer 24/48
Layer 24: Pre-warming 64 experts.
Layer 24: using packed expert format.
Layer 25: Pre-warming 64 experts.
Layer 25: using packed expert format.
Layer 26: Pre-warming 64 experts.
Layer 26: using packed expert format.
Layer 27: Pre-warming 64 experts.
Layer 27: using packed expert format.
Prewarmed experts for layer 28/48
Layer 28: Pre-warming 64 experts.
Layer 28: using packed expert format.
Layer 29: Pre-warming 64 experts.
Layer 29: using packed expert format.
Layer 30: Pre-warming 64 experts.
Layer 30: using packed expert format.
Layer 31: Pre-warming 64 experts.
Layer 31: using packed expert format.
Prewarmed experts for layer 32/48
Layer 32: Pre-warming 64 experts.
Layer 32: using packed expert format.
Layer 33: Pre-warming 64 experts.
Layer 33: using packed expert format.
Layer 34: Pre-warming 64 experts.
Layer 34: using packed expert format.
Layer 35: Pre-warming 64 experts.
Layer 35: using packed expert format.
Prewarmed experts for layer 36/48
Layer 36: Pre-warming 64 experts.
Layer 36: using packed expert format.
Layer 37: Pre-warming 64 experts.
Layer 37: using packed expert format.
Layer 38: Pre-warming 64 experts.
Layer 38: using packed expert format.
Layer 39: Pre-warming 64 experts.
Layer 39: using packed expert format.
Prewarmed experts for layer 40/48
Layer 40: Pre-warming 64 experts.
Layer 40: using packed expert format.
Layer 41: Pre-warming 64 experts.
Layer 41: using packed expert format.
Layer 42: Pre-warming 64 experts.
Layer 42: using packed expert format.
Layer 43: Pre-warming 64 experts.
Layer 43: using packed expert format.
Prewarmed experts for layer 44/48
Layer 44: Pre-warming 64 experts.
Layer 44: using packed expert format.
Layer 45: Pre-warming 64 experts.
Layer 45: using packed expert format.
Layer 46: Pre-warming 64 experts.
Layer 46: using packed expert format.
Layer 47: Pre-warming 64 experts.
Layer 47: using packed expert format.
Prewarmed experts for layer 48/48
Libtorch input_ids shape: [1, 512]
Skipping warmup.
Prefill time: 12.5313 seconds
Generation phase
[MoE] Layer 0: loading 1 expert(s)
[MoE] Layer 1: loading 2 expert(s)
[MoE] Layer 2: loading 1 expert(s)
[MoE] Layer 3: loading 3 expert(s)
[MoE] Layer 4: loading 3 expert(s)
[MoE] Layer 5: loading 1 expert(s)
[MoE] Layer 6: loading 1 expert(s)
[MoE] Layer 8: loading 2 expert(s)
[MoE] Layer 10: loading 2 expert(s)
[MoE] Layer 11: loading 3 expert(s)
[MoE] Layer 12: loading 3 expert(s)
[MoE] Layer 13: loading 1 expert(s)
[MoE] Layer 14: loading 1 expert(s)
[MoE] Layer 15: loading 2 expert(s)
[MoE] Layer 16: loading 3 expert(s)
[MoE] Layer 17: loading 3 expert(s)
[MoE] Layer 21: loading 1 expert(s)
[MoE] Layer 22: loading 4 expert(s)
[MoE] Layer 23: loading 3 expert(s)
[MoE] Layer 24: loading 2 expert(s)
[MoE] Layer 26: loading 1 expert(s)
[MoE] Layer 27: loading 1 expert(s)
[MoE] Layer 29: loading 1 expert(s)
[MoE] Layer 32: loading 2 expert(s)
[MoE] Layer 33: loading 1 expert(s)
[MoE] Layer 34: loading 2 expert(s)
[MoE] Layer 35: loading 1 expert(s)
[MoE] Layer 36: loading 3 expert(s)
[MoE] Layer 38: loading 1 expert(s)
[MoE] Layer 42: loading 1 expert(s)
[MoE] Layer 43: loading 2 expert(s)
[MoE] Layer 44: loading 1 expert(s)
[MoE] Layer 45: loading 2 expert(s)
[MoE] Layer 0: loading 1 expert(s)
[MoE] Layer 1: loading 2 expert(s)
[MoE] Layer 2: loading 2 expert(s)
[MoE] Layer 4: loading 2 expert(s)
[MoE] Layer 8: loading 1 expert(s)
[MoE] Layer 10: loading 2 expert(s)
[MoE] Layer 13: loading 3 expert(s)
[MoE] Layer 15: loading 1 expert(s)
[MoE] Layer 16: loading 1 expert(s)
[MoE] Layer 17: loading 1 expert(s)
[MoE] Layer 23: loading 1 expert(s)
[MoE] Layer 25: loading 1 expert(s)
[MoE] Layer 28: loading 1 expert(s)
[MoE] Layer 29: loading 1 expert(s)
[MoE] Layer 30: loading 1 expert(s)
[MoE] Layer 38: loading 1 expert(s)
[MoE] Layer 39: loading 1 expert(s)
[MoE] Layer 40: loading 1 expert(s)
[MoE] Layer 41: loading 1 expert(s)
[MoE] Layer 42: loading 1 expert(s)
[MoE] Layer 45: loading 2 expert(s)
[MoE] Layer 46: loading 1 expert(s)
[MoE] Layer 47: loading 2 expert(s)
[MoE] Layer 0: loading 4 expert(s)
[MoE] Layer 2: loading 1 expert(s)
[MoE] Layer 3: loading 4 expert(s)
[MoE] Layer 5: loading 2 expert(s)
[MoE] Layer 9: loading 1 expert(s)
[MoE] Layer 12: loading 1 expert(s)
[MoE] Layer 16: loading 2 expert(s)
[MoE] Layer 21: loading 1 expert(s)
[MoE] Layer 27: loading 1 expert(s)
[MoE] Layer 28: loading 1 expert(s)
[MoE] Layer 32: loading 1 expert(s)
[MoE] Layer 33: loading 1 expert(s)
[MoE] Layer 34: loading 1 expert(s)
[MoE] Layer 35: loading 1 expert(s)
[MoE] Layer 38: loading 1 expert(s)
[MoE] Layer 39: loading 1 expert(s)
[MoE] Layer 41: loading 1 expert(s)
[MoE] Layer 0: loading 1 expert(s)
[MoE] Layer 1: loading 2 expert(s)
[MoE] Layer 2: loading 1 expert(s)
[MoE] Layer 4: loading 2 expert(s)
[MoE] Layer 5: loading 3 expert(s)
[MoE] Layer 8: loading 1 expert(s)
[MoE] Layer 9: loading 1 expert(s)
[MoE] Layer 10: loading 3 expert(s)
[MoE] Layer 11: loading 1 expert(s)
[MoE] Layer 12: loading 2 expert(s)
[MoE] Layer 13: loading 1 expert(s)
[MoE] Layer 20: loading 1 expert(s)
[MoE] Layer 21: loading 1 expert(s)
[MoE] Layer 22: loading 2 expert(s)
[MoE] Layer 23: loading 2 expert(s)
[MoE] Layer 24: loading 3 expert(s)
[MoE] Layer 26: loading 1 expert(s)
[MoE] Layer 29: loading 3 expert(s)
[MoE] Layer 32: loading 2 expert(s)
[MoE] Layer 34: loading 2 expert(s)
[MoE] Layer 35: loading 2 expert(s)
[MoE] Layer 36: loading 2 expert(s)
[MoE] Layer 37: loading 1 expert(s)
[MoE] Layer 38: loading 2 expert(s)
[MoE] Layer 39: loading 1 expert(s)
[MoE] Layer 40: loading 1 expert(s)
[MoE] Layer 41: loading 1 expert(s)
[MoE] Layer 42: loading 1 expert(s)
[MoE] Layer 43: loading 1 expert(s)
[MoE] Layer 44: loading 1 expert(s)
[MoE] Layer 45: loading 1 expert(s)
[MoE] Layer 46: loading 3 expert(s)
[MoE] Layer 47: loading 2 expert(s)
[MoE] Layer 0: loading 1 expert(s)
[MoE] Layer 1: loading 2 expert(s)
[MoE] Layer 3: loading 1 expert(s)
[MoE] Layer 5: loading 1 expert(s)
[MoE] Layer 9: loading 1 expert(s)
[MoE] Layer 11: loading 1 expert(s)
[MoE] Layer 12: loading 1 expert(s)
[MoE] Layer 13: loading 2 expert(s)
[MoE] Layer 14: loading 1 expert(s)
[MoE] Layer 16: loading 1 expert(s)
[MoE] Layer 17: loading 1 expert(s)
[MoE] Layer 18: loading 1 expert(s)
[MoE] Layer 21: loading 1 expert(s)
[MoE] Layer 23: loading 1 expert(s)
[MoE] Layer 24: loading 1 expert(s)
[MoE] Layer 25: loading 3 expert(s)
[MoE] Layer 28: loading 1 expert(s)
[MoE] Layer 29: loading 1 expert(s)
[MoE] Layer 33: loading 1 expert(s)
[MoE] Layer 35: loading 2 expert(s)
[MoE] Layer 36: loading 1 expert(s)
[MoE] Layer 37: loading 2 expert(s)
[MoE] Layer 38: loading 1 expert(s)
[MoE] Layer 39: loading 1 expert(s)
[MoE] Layer 40: loading 1 expert(s)
[MoE] Layer 41: loading 1 expert(s)
[MoE] Layer 42: loading 1 expert(s)
[MoE] Layer 44: loading 1 expert(s)
[gen 5/149] elapsed=0.9s  TPS=5.458
[MoE] Layer 0: loading 2 expert(s)
[MoE] Layer 1: loading 1 expert(s)
[MoE] Layer 3: loading 1 expert(s)
[MoE] Layer 5: loading 1 expert(s)
[MoE] Layer 9: loading 1 expert(s)
[MoE] Layer 12: loading 1 expert(s)
[MoE] Layer 15: loading 1 expert(s)
[MoE] Layer 16: loading 1 expert(s)
[MoE] Layer 17: loading 1 expert(s)
[MoE] Layer 23: loading 1 expert(s)
[MoE] Layer 26: loading 1 expert(s)
[MoE] Layer 27: loading 2 expert(s)
[MoE] Layer 28: loading 1 expert(s)
[MoE] Layer 35: loading 1 expert(s)
[MoE] Layer 36: loading 1 expert(s)
[MoE] Layer 39: loading 1 expert(s)
[MoE] Layer 40: loading 1 expert(s)
[MoE] Layer 41: loading 1 expert(s)
[MoE] Layer 45: loading 1 expert(s)
[MoE] Layer 0: loading 1 expert(s)
[MoE] Layer 1: loading 1 expert(s)
[MoE] Layer 2: loading 1 expert(s)
[MoE] Layer 3: loading 1 expert(s)
[MoE] Layer 12: loading 1 expert(s)
[MoE] Layer 15: loading 1 expert(s)
[MoE] Layer 21: loading 1 expert(s)
[MoE] Layer 23: loading 2 expert(s)
[MoE] Layer 24: loading 1 expert(s)
[MoE] Layer 27: loading 2 expert(s)
[MoE] Layer 28: loading 1 expert(s)
[MoE] Layer 32: loading 1 expert(s)
[MoE] Layer 39: loading 1 expert(s)
[MoE] Layer 40: loading 1 expert(s)
[MoE] Layer 4: loading 1 expert(s)
[MoE] Layer 9: loading 1 expert(s)
[MoE] Layer 10: loading 1 expert(s)
[MoE] Layer 11: loading 1 expert(s)
[MoE] Layer 12: loading 2 expert(s)
[MoE] Layer 13: loading 1 expert(s)
[MoE] Layer 18: loading 1 expert(s)
[MoE] Layer 22: loading 2 expert(s)
[MoE] Layer 24: loading 1 expert(s)
[MoE] Layer 27: loading 1 expert(s)
[MoE] Layer 28: loading 1 expert(s)
[MoE] Layer 34: loading 2 expert(s)
[MoE] Layer 39: loading 1 expert(s)
[MoE] Layer 0: loading 3 expert(s)
[MoE] Layer 1: loading 2 expert(s)
[MoE] Layer 2: loading 1 expert(s)
[MoE] Layer 3: loading 1 expert(s)
[MoE] Layer 5: loading 1 expert(s)
[MoE] Layer 10: loading 1 expert(s)
[MoE] Layer 11: loading 1 expert(s)
[MoE] Layer 13: loading 1 expert(s)
[MoE] Layer 14: loading 3 expert(s)
[MoE] Layer 15: loading 1 expert(s)
[MoE] Layer 16: loading 1 expert(s)
[MoE] Layer 17: loading 1 expert(s)
[MoE] Layer 23: loading 1 expert(s)
[MoE] Layer 24: loading 1 expert(s)
[MoE] Layer 25: loading 1 expert(s)
[MoE] Layer 26: loading 3 expert(s)
[MoE] Layer 27: loading 1 expert(s)
[MoE] Layer 28: loading 1 expert(s)
[MoE] Layer 29: loading 2 expert(s)
[MoE] Layer 35: loading 1 expert(s)
[MoE] Layer 37: loading 2 expert(s)
[MoE] Layer 38: loading 2 expert(s)
[MoE] Layer 39: loading 2 expert(s)
[MoE] Layer 40: loading 1 expert(s)
[MoE] Layer 41: loading 1 expert(s)
[MoE] Layer 45: loading 1 expert(s)
[MoE] Layer 46: loading 2 expert(s)
[MoE] Layer 47: loading 1 expert(s)
[MoE] Layer 0: loading 2 expert(s)
[MoE] Layer 1: loading 4 expert(s)
[MoE] Layer 2: loading 2 expert(s)
[MoE] Layer 3: loading 2 expert(s)
[MoE] Layer 4: loading 2 expert(s)
[MoE] Layer 7: loading 1 expert(s)
[MoE] Layer 8: loading 1 expert(s)
[MoE] Layer 9: loading 1 expert(s)
[MoE] Layer 12: loading 3 expert(s)
[MoE] Layer 13: loading 2 expert(s)
[MoE] Layer 14: loading 1 expert(s)
[MoE] Layer 16: loading 1 expert(s)
[MoE] Layer 17: loading 1 expert(s)
[MoE] Layer 19: loading 1 expert(s)
[MoE] Layer 22: loading 1 expert(s)
[MoE] Layer 23: loading 1 expert(s)
[MoE] Layer 28: loading 1 expert(s)
[MoE] Layer 29: loading 2 expert(s)
[MoE] Layer 30: loading 1 expert(s)
[MoE] Layer 34: loading 1 expert(s)
[MoE] Layer 35: loading 1 expert(s)
[MoE] Layer 36: loading 2 expert(s)
[MoE] Layer 37: loading 1 expert(s)
[MoE] Layer 38: loading 2 expert(s)
[MoE] Layer 40: loading 3 expert(s)
[MoE] Layer 41: loading 1 expert(s)
[MoE] Layer 42: loading 2 expert(s)
[gen 10/149] elapsed=1.6s  TPS=6.119
[MoE] Layer 0: loading 1 expert(s)
[MoE] Layer 3: loading 1 expert(s)
[MoE] Layer 6: loading 1 expert(s)
[MoE] Layer 8: loading 1 expert(s)
[MoE] Layer 13: loading 1 expert(s)
[MoE] Layer 16: loading 1 expert(s)
[MoE] Layer 20: loading 1 expert(s)
[MoE] Layer 23: loading 2 expert(s)
[MoE] Layer 25: loading 2 expert(s)
[MoE] Layer 26: loading 1 expert(s)
[MoE] Layer 28: loading 2 expert(s)
[MoE] Layer 29: loading 1 expert(s)
[MoE] Layer 30: loading 1 expert(s)
[MoE] Layer 31: loading 2 expert(s)
[MoE] Layer 32: loading 1 expert(s)
[MoE] Layer 35: loading 2 expert(s)
[MoE] Layer 36: loading 1 expert(s)
[MoE] Layer 37: loading 1 expert(s)
[MoE] Layer 38: loading 1 expert(s)
[MoE] Layer 0: loading 3 expert(s)
[MoE] Layer 1: loading 2 expert(s)
[MoE] Layer 2: loading 2 expert(s)
[MoE] Layer 3: loading 1 expert(s)
[MoE] Layer 4: loading 2 expert(s)
[MoE] Layer 6: loading 2 expert(s)
[MoE] Layer 7: loading 1 expert(s)
[MoE] Layer 8: loading 2 expert(s)
[MoE] Layer 11: loading 1 expert(s)
[MoE] Layer 12: loading 1 expert(s)
[MoE] Layer 13: loading 1 expert(s)
[MoE] Layer 14: loading 1 expert(s)
[MoE] Layer 16: loading 1 expert(s)
[MoE] Layer 17: loading 2 expert(s)
[MoE] Layer 19: loading 1 expert(s)
[MoE] Layer 25: loading 1 expert(s)
[MoE] Layer 26: loading 1 expert(s)
[MoE] Layer 29: loading 1 expert(s)
[MoE] Layer 32: loading 1 expert(s)
[MoE] Layer 36: loading 1 expert(s)
[MoE] Layer 37: loading 1 expert(s)
[MoE] Layer 39: loading 1 expert(s)
[MoE] Layer 40: loading 1 expert(s)
[MoE] Layer 41: loading 2 expert(s)
[MoE] Layer 42: loading 1 expert(s)
[MoE] Layer 43: loading 1 expert(s)
[MoE] Layer 44: loading 1 expert(s)
[MoE] Layer 45: loading 1 expert(s)
[MoE] Layer 0: loading 2 expert(s)
[MoE] Layer 1: loading 2 expert(s)
[MoE] Layer 2: loading 1 expert(s)
[MoE] Layer 3: loading 1 expert(s)
[MoE] Layer 4: loading 1 expert(s)
[MoE] Layer 5: loading 2 expert(s)
[MoE] Layer 6: loading 1 expert(s)
[MoE] Layer 8: loading 2 expert(s)
[MoE] Layer 9: loading 1 expert(s)
[MoE] Layer 10: loading 1 expert(s)
[MoE] Layer 12: loading 1 expert(s)
[MoE] Layer 13: loading 1 expert(s)
[MoE] Layer 15: loading 1 expert(s)
[MoE] Layer 17: loading 2 expert(s)
[MoE] Layer 20: loading 1 expert(s)
[MoE] Layer 21: loading 1 expert(s)
[MoE] Layer 23: loading 1 expert(s)
[MoE] Layer 24: loading 1 expert(s)
[MoE] Layer 32: loading 1 expert(s)
[MoE] Layer 35: loading 1 expert(s)
[MoE] Layer 36: loading 2 expert(s)
[MoE] Layer 37: loading 2 expert(s)
[MoE] Layer 39: loading 1 expert(s)
[MoE] Layer 40: loading 1 expert(s)
[MoE] Layer 41: loading 2 expert(s)
[MoE] Layer 42: loading 1 expert(s)
[MoE] Layer 44: loading 1 expert(s)
[MoE] Layer 47: loading 1 expert(s)
[MoE] Layer 0: loading 3 expert(s)
[MoE] Layer 1: loading 1 expert(s)
[MoE] Layer 3: loading 1 expert(s)
[MoE] Layer 4: loading 2 expert(s)
[MoE] Layer 5: loading 1 expert(s)
[MoE] Layer 8: loading 1 expert(s)
[MoE] Layer 13: loading 1 expert(s)
[MoE] Layer 16: loading 1 expert(s)
[MoE] Layer 20: loading 1 expert(s)
[MoE] Layer 25: loading 3 expert(s)
[MoE] Layer 28: loading 1 expert(s)
[MoE] Layer 29: loading 1 expert(s)
[MoE] Layer 30: loading 1 expert(s)
[MoE] Layer 38: loading 1 expert(s)
[MoE] Layer 41: loading 1 expert(s)
[MoE] Layer 43: loading 1 expert(s)
[MoE] Layer 0: loading 2 expert(s)
[MoE] Layer 1: loading 2 expert(s)
[MoE] Layer 7: loading 1 expert(s)
[MoE] Layer 8: loading 1 expert(s)
[MoE] Layer 10: loading 1 expert(s)
[MoE] Layer 11: loading 1 expert(s)
[MoE] Layer 16: loading 1 expert(s)
[MoE] Layer 17: loading 1 expert(s)
[MoE] Layer 22: loading 2 expert(s)
[MoE] Layer 31: loading 1 expert(s)
[MoE] Layer 35: loading 1 expert(s)
[MoE] Layer 37: loading 1 expert(s)
[MoE] Layer 41: loading 1 expert(s)
[gen 15/149] elapsed=2.4s  TPS=6.352
[MoE] Layer 0: loading 1 expert(s)
[MoE] Layer 1: loading 1 expert(s)
[MoE] Layer 2: loading 1 expert(s)
[MoE] Layer 3: loading 2 expert(s)
[MoE] Layer 5: loading 1 expert(s)
[MoE] Layer 6: loading 1 expert(s)
[MoE] Layer 8: loading 2 expert(s)
[MoE] Layer 10: loading 1 expert(s)
[MoE] Layer 11: loading 1 expert(s)
[MoE] Layer 12: loading 1 expert(s)
[MoE] Layer 24: loading 1 expert(s)
[MoE] Layer 28: loading 1 expert(s)
[MoE] Layer 32: loading 2 expert(s)
[MoE] Layer 42: loading 1 expert(s)
[MoE] Layer 2: loading 1 expert(s)
[MoE] Layer 5: loading 1 expert(s)
[MoE] Layer 13: loading 1 expert(s)
[MoE] Layer 17: loading 2 expert(s)
[MoE] Layer 18: loading 1 expert(s)
[MoE] Layer 20: loading 1 expert(s)
[MoE] Layer 22: loading 1 expert(s)
[MoE] Layer 23: loading 1 expert(s)
[MoE] Layer 25: loading 1 expert(s)
[MoE] Layer 29: loading 1 expert(s)
[MoE] Layer 32: loading 2 expert(s)
[MoE] Layer 35: loading 1 expert(s)
[MoE] Layer 36: loading 1 expert(s)
[MoE] Layer 37: loading 1 expert(s)
[MoE] Layer 38: loading 1 expert(s)
[MoE] Layer 41: loading 2 expert(s)
[MoE] Layer 45: loading 1 expert(s)
[MoE] Layer 0: loading 2 expert(s)
[MoE] Layer 1: loading 1 expert(s)
[MoE] Layer 3: loading 1 expert(s)
[MoE] Layer 4: loading 1 expert(s)
[MoE] Layer 9: loading 1 expert(s)
[MoE] Layer 14: loading 1 expert(s)
[MoE] Layer 19: loading 1 expert(s)
[MoE] Layer 20: loading 1 expert(s)
[MoE] Layer 25: loading 1 expert(s)
[MoE] Layer 26: loading 1 expert(s)
[MoE] Layer 30: loading 1 expert(s)
[MoE] Layer 33: loading 2 expert(s)
[MoE] Layer 34: loading 1 expert(s)
[MoE] Layer 38: loading 1 expert(s)
[MoE] Layer 40: loading 1 expert(s)
[MoE] Layer 42: loading 1 expert(s)
[MoE] Layer 43: loading 1 expert(s)
[MoE] Layer 44: loading 1 expert(s)
[MoE] Layer 0: loading 1 expert(s)
[MoE] Layer 2: loading 1 expert(s)
[MoE] Layer 3: loading 2 expert(s)
[MoE] Layer 6: loading 1 expert(s)
[MoE] Layer 7: loading 1 expert(s)
[MoE] Layer 8: loading 1 expert(s)
[MoE] Layer 11: loading 1 expert(s)
[MoE] Layer 17: loading 1 expert(s)
[MoE] Layer 20: loading 2 expert(s)
[MoE] Layer 22: loading 2 expert(s)
[MoE] Layer 24: loading 1 expert(s)
[MoE] Layer 26: loading 1 expert(s)
[MoE] Layer 29: loading 1 expert(s)
[MoE] Layer 32: loading 1 expert(s)
[MoE] Layer 35: loading 2 expert(s)
[MoE] Layer 40: loading 1 expert(s)
[MoE] Layer 43: loading 1 expert(s)
[MoE] Layer 47: loading 2 expert(s)
[MoE] Layer 0: loading 1 expert(s)
[MoE] Layer 1: loading 2 expert(s)
[MoE] Layer 2: loading 1 expert(s)
[MoE] Layer 3: loading 3 expert(s)
[MoE] Layer 4: loading 2 expert(s)
[MoE] Layer 5: loading 1 expert(s)
[MoE] Layer 9: loading 1 expert(s)
[MoE] Layer 11: loading 1 expert(s)
[MoE] Layer 13: loading 1 expert(s)
[MoE] Layer 15: loading 1 expert(s)
[MoE] Layer 17: loading 1 expert(s)
[MoE] Layer 21: loading 1 expert(s)
[MoE] Layer 22: loading 1 expert(s)
[MoE] Layer 23: loading 1 expert(s)
[MoE] Layer 25: loading 1 expert(s)
[MoE] Layer 26: loading 1 expert(s)
[MoE] Layer 27: loading 2 expert(s)
[MoE] Layer 28: loading 1 expert(s)
[MoE] Layer 31: loading 1 expert(s)
[MoE] Layer 32: loading 1 expert(s)
[MoE] Layer 33: loading 1 expert(s)
[MoE] Layer 34: loading 1 expert(s)
[MoE] Layer 35: loading 1 expert(s)
[MoE] Layer 38: loading 1 expert(s)
[MoE] Layer 39: loading 2 expert(s)
[MoE] Layer 40: loading 3 expert(s)
[MoE] Layer 41: loading 1 expert(s)
[MoE] Layer 42: loading 1 expert(s)
[MoE] Layer 43: loading 1 expert(s)
[MoE] Layer 44: loading 1 expert(s)
[MoE] Layer 46: loading 2 expert(s)
[MoE] Layer 47: loading 2 expert(s)
[gen 20/149] elapsed=3.1s  TPS=6.535
[MoE] Layer 0: loading 3 expert(s)
[MoE] Layer 1: loading 1 expert(s)
[MoE] Layer 2: loading 1 expert(s)
[MoE] Layer 3: loading 1 expert(s)
[MoE] Layer 7: loading 1 expert(s)
[MoE] Layer 8: loading 2 expert(s)
[MoE] Layer 10: loading 1 expert(s)
[MoE] Layer 11: loading 1 expert(s)
[MoE] Layer 12: loading 1 expert(s)
[MoE] Layer 13: loading 1 expert(s)
[MoE] Layer 22: loading 1 expert(s)
[MoE] Layer 23: loading 1 expert(s)
[MoE] Layer 26: loading 1 expert(s)
[MoE] Layer 32: loading 2 expert(s)
[MoE] Layer 33: loading 1 expert(s)
[MoE] Layer 35: loading 1 expert(s)
[MoE] Layer 36: loading 2 expert(s)
[MoE] Layer 37: loading 1 expert(s)
[MoE] Layer 39: loading 1 expert(s)
[MoE] Layer 40: loading 1 expert(s)
[MoE] Layer 43: loading 1 expert(s)
[MoE] Layer 46: loading 2 expert(s)
[MoE] Layer 47: loading 3 expert(s)
[MoE] Layer 0: loading 2 expert(s)
[MoE] Layer 1: loading 2 expert(s)
[MoE] Layer 2: loading 2 expert(s)
[MoE] Layer 3: loading 1 expert(s)
[MoE] Layer 4: loading 1 expert(s)
[MoE] Layer 5: loading 1 expert(s)
[MoE] Layer 14: loading 1 expert(s)
[MoE] Layer 16: loading 1 expert(s)
[MoE] Layer 17: loading 1 expert(s)
[MoE] Layer 24: loading 2 expert(s)
[MoE] Layer 26: loading 1 expert(s)
[MoE] Layer 27: loading 1 expert(s)
[MoE] Layer 28: loading 1 expert(s)
[MoE] Layer 32: loading 1 expert(s)
[MoE] Layer 38: loading 1 expert(s)
[MoE] Layer 40: loading 1 expert(s)
[MoE] Layer 0: loading 1 expert(s)
[MoE] Layer 8: loading 1 expert(s)
[MoE] Layer 9: loading 1 expert(s)
[MoE] Layer 10: loading 1 expert(s)
[MoE] Layer 14: loading 1 expert(s)
[MoE] Layer 16: loading 1 expert(s)
[MoE] Layer 17: loading 1 expert(s)
[MoE] Layer 23: loading 1 expert(s)
[MoE] Layer 32: loading 1 expert(s)
[MoE] Layer 35: loading 1 expert(s)
[MoE] Layer 37: loading 1 expert(s)
[MoE] Layer 1: loading 1 expert(s)
[MoE] Layer 15: loading 1 expert(s)
[MoE] Layer 17: loading 1 expert(s)
[MoE] Layer 28: loading 1 expert(s)
[MoE] Layer 30: loading 1 expert(s)
[MoE] Layer 41: loading 1 expert(s)
[MoE] Layer 0: loading 2 expert(s)
[MoE] Layer 3: loading 1 expert(s)
[MoE] Layer 18: loading 1 expert(s)
[MoE] Layer 21: loading 1 expert(s)
[gen 25/149] elapsed=3.6s  TPS=6.980
[MoE] Layer 0: loading 1 expert(s)
[MoE] Layer 5: loading 1 expert(s)
[MoE] Layer 15: loading 1 expert(s)
[MoE] Layer 20: loading 1 expert(s)
[MoE] Layer 23: loading 1 expert(s)
[MoE] Layer 24: loading 1 expert(s)
[MoE] Layer 29: loading 1 expert(s)
[MoE] Layer 35: loading 1 expert(s)
[MoE] Layer 37: loading 1 expert(s)
[MoE] Layer 0: loading 3 expert(s)
[MoE] Layer 1: loading 1 expert(s)
[MoE] Layer 4: loading 1 expert(s)
[MoE] Layer 7: loading 1 expert(s)
[MoE] Layer 16: loading 1 expert(s)
[MoE] Layer 17: loading 1 expert(s)
[MoE] Layer 22: loading 1 expert(s)
[MoE] Layer 24: loading 1 expert(s)
[MoE] Layer 27: loading 1 expert(s)
[MoE] Layer 28: loading 1 expert(s)
[MoE] Layer 29: loading 1 expert(s)
[MoE] Layer 34: loading 2 expert(s)
[MoE] Layer 36: loading 2 expert(s)
[MoE] Layer 37: loading 2 expert(s)
[MoE] Layer 38: loading 1 expert(s)
[MoE] Layer 39: loading 2 expert(s)
[MoE] Layer 40: loading 2 expert(s)
[MoE] Layer 41: loading 1 expert(s)
[MoE] Layer 46: loading 2 expert(s)
[MoE] Layer 47: loading 1 expert(s)
[MoE] Layer 0: loading 3 expert(s)
[MoE] Layer 1: loading 3 expert(s)
[MoE] Layer 3: loading 1 expert(s)
[MoE] Layer 12: loading 1 expert(s)
[MoE] Layer 13: loading 2 expert(s)
[MoE] Layer 15: loading 1 expert(s)
[MoE] Layer 17: loading 1 expert(s)
[MoE] Layer 22: loading 2 expert(s)
[MoE] Layer 25: loading 1 expert(s)
[MoE] Layer 26: loading 1 expert(s)
[MoE] Layer 27: loading 1 expert(s)
[MoE] Layer 29: loading 1 expert(s)
[MoE] Layer 32: loading 1 expert(s)
[MoE] Layer 34: loading 2 expert(s)
[MoE] Layer 35: loading 1 expert(s)
[MoE] Layer 37: loading 1 expert(s)
[MoE] Layer 41: loading 1 expert(s)
[MoE] Layer 42: loading 1 expert(s)
[MoE] Layer 44: loading 1 expert(s)
[MoE] Layer 46: loading 2 expert(s)
[MoE] Layer 47: loading 1 expert(s)
[MoE] Layer 0: loading 2 expert(s)
[MoE] Layer 1: loading 4 expert(s)
[MoE] Layer 2: loading 2 expert(s)
[MoE] Layer 3: loading 2 expert(s)
[MoE] Layer 4: loading 1 expert(s)
[MoE] Layer 6: loading 1 expert(s)
[MoE] Layer 8: loading 1 expert(s)
[MoE] Layer 10: loading 2 expert(s)
[MoE] Layer 11: loading 1 expert(s)
[MoE] Layer 13: loading 1 expert(s)
[MoE] Layer 17: loading 1 expert(s)
[MoE] Layer 18: loading 1 expert(s)
[MoE] Layer 20: loading 1 expert(s)
[MoE] Layer 22: loading 1 expert(s)
[MoE] Layer 23: loading 1 expert(s)
[MoE] Layer 25: loading 1 expert(s)
[MoE] Layer 29: loading 1 expert(s)
[MoE] Layer 30: loading 1 expert(s)
[MoE] Layer 32: loading 2 expert(s)
[MoE] Layer 34: loading 1 expert(s)
[MoE] Layer 35: loading 2 expert(s)
[MoE] Layer 37: loading 1 expert(s)
[MoE] Layer 38: loading 1 expert(s)
[MoE] Layer 40: loading 1 expert(s)
[MoE] Layer 41: loading 1 expert(s)
[MoE] Layer 46: loading 1 expert(s)
[MoE] Layer 0: loading 2 expert(s)
[MoE] Layer 1: loading 2 expert(s)
[MoE] Layer 4: loading 1 expert(s)
[MoE] Layer 8: loading 1 expert(s)
[MoE] Layer 10: loading 1 expert(s)
[MoE] Layer 11: loading 1 expert(s)
[MoE] Layer 19: loading 1 expert(s)
[MoE] Layer 23: loading 1 expert(s)
[MoE] Layer 24: loading 2 expert(s)
[MoE] Layer 25: loading 1 expert(s)
[MoE] Layer 37: loading 1 expert(s)
[MoE] Layer 43: loading 1 expert(s)
[MoE] Layer 44: loading 1 expert(s)
[gen 30/149] elapsed=4.2s  TPS=7.071
[MoE] Layer 0: loading 3 expert(s)
[MoE] Layer 1: loading 2 expert(s)
[MoE] Layer 11: loading 1 expert(s)
[MoE] Layer 16: loading 1 expert(s)
[MoE] Layer 23: loading 1 expert(s)
[MoE] Layer 29: loading 1 expert(s)
[MoE] Layer 0: loading 3 expert(s)
[MoE] Layer 1: loading 3 expert(s)
[MoE] Layer 2: loading 1 expert(s)
[MoE] Layer 13: loading 1 expert(s)
[MoE] Layer 20: loading 1 expert(s)
[MoE] Layer 24: loading 1 expert(s)
[MoE] Layer 25: loading 2 expert(s)
[MoE] Layer 36: loading 1 expert(s)
[MoE] Layer 37: loading 1 expert(s)
[MoE] Layer 43: loading 1 expert(s)
[MoE] Layer 0: loading 4 expert(s)
[MoE] Layer 1: loading 1 expert(s)
[MoE] Layer 3: loading 2 expert(s)
[MoE] Layer 5: loading 1 expert(s)
[MoE] Layer 29: loading 1 expert(s)
[MoE] Layer 37: loading 1 expert(s)
[MoE] Layer 1: loading 1 expert(s)
[MoE] Layer 4: loading 1 expert(s)
[MoE] Layer 5: loading 1 expert(s)
[MoE] Layer 13: loading 1 expert(s)
[MoE] Layer 26: loading 1 expert(s)
[MoE] Layer 38: loading 3 expert(s)
[MoE] Layer 47: loading 2 expert(s)
[MoE] Layer 0: loading 3 expert(s)
[MoE] Layer 13: loading 1 expert(s)
[MoE] Layer 14: loading 1 expert(s)
[MoE] Layer 15: loading 1 expert(s)
[MoE] Layer 25: loading 2 expert(s)
[MoE] Layer 29: loading 1 expert(s)
[MoE] Layer 35: loading 1 expert(s)
[MoE] Layer 36: loading 1 expert(s)
[MoE] Layer 38: loading 1 expert(s)
[MoE] Layer 42: loading 1 expert(s)
[gen 35/149] elapsed=4.7s  TPS=7.489
[MoE] Layer 1: loading 1 expert(s)
[MoE] Layer 10: loading 1 expert(s)
[MoE] Layer 11: loading 1 expert(s)
[MoE] Layer 16: loading 1 expert(s)
[MoE] Layer 29: loading 1 expert(s)
[MoE] Layer 0: loading 2 expert(s)
[MoE] Layer 0: loading 1 expert(s)
[MoE] Layer 13: loading 1 expert(s)
[MoE] Layer 23: loading 1 expert(s)
[MoE] Layer 24: loading 1 expert(s)
[MoE] Layer 30: loading 1 expert(s)
[MoE] Layer 32: loading 1 expert(s)
[MoE] Layer 44: loading 1 expert(s)
[MoE] Layer 45: loading 1 expert(s)
[MoE] Layer 3: loading 1 expert(s)
[MoE] Layer 17: loading 1 expert(s)
[MoE] Layer 25: loading 1 expert(s)
[MoE] Layer 0: loading 1 expert(s)
[MoE] Layer 1: loading 1 expert(s)
[MoE] Layer 3: loading 2 expert(s)
[MoE] Layer 28: loading 1 expert(s)
[MoE] Layer 32: loading 1 expert(s)
[MoE] Layer 34: loading 1 expert(s)
[MoE] Layer 38: loading 1 expert(s)
[MoE] Layer 45: loading 1 expert(s)
[MoE] Layer 46: loading 1 expert(s)
[gen 40/149] elapsed=5.0s  TPS=7.943
[MoE] Layer 0: loading 1 expert(s)
[MoE] Layer 2: loading 1 expert(s)
[MoE] Layer 3: loading 1 expert(s)
[MoE] Layer 6: loading 1 expert(s)
[MoE] Layer 8: loading 2 expert(s)
[MoE] Layer 9: loading 1 expert(s)
[MoE] Layer 10: loading 1 expert(s)
[MoE] Layer 0: loading 1 expert(s)
[MoE] Layer 2: loading 1 expert(s)
[MoE] Layer 0: loading 2 expert(s)
[MoE] Layer 3: loading 1 expert(s)
[MoE] Layer 19: loading 1 expert(s)
[MoE] Layer 21: loading 1 expert(s)
[MoE] Layer 29: loading 1 expert(s)
[MoE] Layer 39: loading 1 expert(s)
[MoE] Layer 41: loading 2 expert(s)
[MoE] Layer 0: loading 2 expert(s)
[MoE] Layer 10: loading 1 expert(s)
[MoE] Layer 28: loading 1 expert(s)
[MoE] Layer 39: loading 1 expert(s)
[MoE] Layer 47: loading 1 expert(s)
[MoE] Layer 0: loading 1 expert(s)
[MoE] Layer 1: loading 3 expert(s)
[MoE] Layer 2: loading 1 expert(s)
[MoE] Layer 9: loading 1 expert(s)
[MoE] Layer 10: loading 1 expert(s)
[MoE] Layer 15: loading 1 expert(s)
[MoE] Layer 23: loading 1 expert(s)
[MoE] Layer 24: loading 1 expert(s)
[MoE] Layer 27: loading 1 expert(s)
[MoE] Layer 34: loading 1 expert(s)
[gen 45/149] elapsed=5.4s  TPS=8.297
[MoE] Layer 0: loading 2 expert(s)
[MoE] Layer 1: loading 1 expert(s)
[MoE] Layer 2: loading 1 expert(s)
[MoE] Layer 12: loading 1 expert(s)
[MoE] Layer 22: loading 1 expert(s)
[MoE] Layer 32: loading 1 expert(s)
[MoE] Layer 3: loading 2 expert(s)
[MoE] Layer 4: loading 1 expert(s)
[MoE] Layer 11: loading 1 expert(s)
[MoE] Layer 15: loading 1 expert(s)
[MoE] Layer 16: loading 1 expert(s)
[MoE] Layer 20: loading 1 expert(s)
[MoE] Layer 27: loading 1 expert(s)
[MoE] Layer 32: loading 1 expert(s)
[MoE] Layer 5: loading 1 expert(s)
[MoE] Layer 23: loading 1 expert(s)
[MoE] Layer 10: loading 1 expert(s)
[MoE] Layer 11: loading 1 expert(s)
[MoE] Layer 24: loading 1 expert(s)
[MoE] Layer 37: loading 1 expert(s)
[gen 50/149] elapsed=5.8s  TPS=8.676
[MoE] Layer 22: loading 1 expert(s)
[MoE] Layer 26: loading 1 expert(s)
[MoE] Layer 32: loading 1 expert(s)
[MoE] Layer 45: loading 1 expert(s)
[MoE] Layer 1: loading 2 expert(s)
[MoE] Layer 3: loading 1 expert(s)
[MoE] Layer 9: loading 1 expert(s)
[MoE] Layer 37: loading 1 expert(s)
[MoE] Layer 39: loading 1 expert(s)
[MoE] Layer 0: loading 2 expert(s)
[MoE] Layer 1: loading 2 expert(s)
[MoE] Layer 2: loading 1 expert(s)
[MoE] Layer 4: loading 1 expert(s)
[MoE] Layer 8: loading 1 expert(s)
[MoE] Layer 23: loading 1 expert(s)
[MoE] Layer 27: loading 2 expert(s)
[MoE] Layer 37: loading 1 expert(s)
[MoE] Layer 38: loading 1 expert(s)
[MoE] Layer 0: loading 1 expert(s)
[MoE] Layer 1: loading 1 expert(s)
[MoE] Layer 10: loading 1 expert(s)
[MoE] Layer 23: loading 1 expert(s)
[MoE] Layer 35: loading 1 expert(s)
[MoE] Layer 42: loading 1 expert(s)
[MoE] Layer 0: loading 2 expert(s)
[MoE] Layer 12: loading 2 expert(s)
[MoE] Layer 18: loading 1 expert(s)
[gen 55/149] elapsed=6.1s  TPS=8.972
[MoE] Layer 0: loading 2 expert(s)
[MoE] Layer 1: loading 1 expert(s)
[MoE] Layer 26: loading 1 expert(s)
[MoE] Layer 32: loading 1 expert(s)
[MoE] Layer 34: loading 1 expert(s)
[MoE] Layer 44: loading 1 expert(s)
[MoE] Layer 47: loading 1 expert(s)
[MoE] Layer 0: loading 4 expert(s)
[MoE] Layer 20: loading 1 expert(s)
[MoE] Layer 22: loading 1 expert(s)
[MoE] Layer 25: loading 1 expert(s)
[MoE] Layer 32: loading 1 expert(s)
[MoE] Layer 0: loading 3 expert(s)
[MoE] Layer 22: loading 1 expert(s)
[MoE] Layer 2: loading 1 expert(s)
[MoE] Layer 3: loading 1 expert(s)
[MoE] Layer 10: loading 1 expert(s)
[MoE] Layer 19: loading 1 expert(s)
[MoE] Layer 22: loading 1 expert(s)
[MoE] Layer 34: loading 1 expert(s)
[MoE] Layer 0: loading 1 expert(s)
[MoE] Layer 11: loading 1 expert(s)
[MoE] Layer 25: loading 1 expert(s)
[gen 60/149] elapsed=6.5s  TPS=9.247
[MoE] Layer 0: loading 2 expert(s)
[MoE] Layer 40: loading 1 expert(s)
[MoE] Layer 0: loading 1 expert(s)
[MoE] Layer 8: loading 1 expert(s)
[MoE] Layer 15: loading 1 expert(s)
[MoE] Layer 16: loading 1 expert(s)
[MoE] Layer 22: loading 1 expert(s)
[MoE] Layer 28: loading 1 expert(s)
[MoE] Layer 31: loading 1 expert(s)
[MoE] Layer 38: loading 1 expert(s)
[MoE] Layer 0: loading 1 expert(s)
[MoE] Layer 2: loading 2 expert(s)
[MoE] Layer 3: loading 1 expert(s)
[MoE] Layer 11: loading 1 expert(s)
[MoE] Layer 18: loading 1 expert(s)
[MoE] Layer 36: loading 1 expert(s)
[MoE] Layer 44: loading 1 expert(s)
[MoE] Layer 3: loading 1 expert(s)
[MoE] Layer 17: loading 1 expert(s)
[MoE] Layer 29: loading 1 expert(s)
[MoE] Layer 29: loading 1 expert(s)
[gen 65/149] elapsed=6.8s  TPS=9.524
[MoE] Layer 0: loading 1 expert(s)
[MoE] Layer 3: loading 1 expert(s)
[MoE] Layer 23: loading 1 expert(s)
[MoE] Layer 25: loading 1 expert(s)
[MoE] Layer 13: loading 1 expert(s)
[MoE] Layer 16: loading 1 expert(s)
[MoE] Layer 17: loading 1 expert(s)
[MoE] Layer 23: loading 1 expert(s)
[MoE] Layer 28: loading 1 expert(s)
[MoE] Layer 47: loading 1 expert(s)
[MoE] Layer 0: loading 2 expert(s)
[MoE] Layer 1: loading 1 expert(s)
[MoE] Layer 3: loading 1 expert(s)
[MoE] Layer 26: loading 1 expert(s)
[MoE] Layer 0: loading 1 expert(s)
[MoE] Layer 1: loading 1 expert(s)
[MoE] Layer 3: loading 1 expert(s)
[MoE] Layer 24: loading 1 expert(s)
[MoE] Layer 35: loading 1 expert(s)
[MoE] Layer 37: loading 1 expert(s)
[gen 70/149] elapsed=7.2s  TPS=9.759
[MoE] Layer 0: loading 3 expert(s)
[MoE] Layer 9: loading 1 expert(s)
[MoE] Layer 24: loading 1 expert(s)
[MoE] Layer 35: loading 1 expert(s)
[MoE] Layer 42: loading 1 expert(s)
[MoE] Layer 0: loading 3 expert(s)
[MoE] Layer 3: loading 1 expert(s)
[MoE] Layer 9: loading 1 expert(s)
[MoE] Layer 10: loading 1 expert(s)
[MoE] Layer 20: loading 1 expert(s)
[MoE] Layer 44: loading 1 expert(s)
[MoE] Layer 0: loading 2 expert(s)
[MoE] Layer 1: loading 1 expert(s)
[MoE] Layer 2: loading 1 expert(s)
[MoE] Layer 9: loading 1 expert(s)
[MoE] Layer 11: loading 1 expert(s)
[MoE] Layer 14: loading 1 expert(s)
[MoE] Layer 22: loading 1 expert(s)
[MoE] Layer 25: loading 1 expert(s)
[MoE] Layer 28: loading 1 expert(s)
[MoE] Layer 40: loading 1 expert(s)
[MoE] Layer 0: loading 2 expert(s)
[MoE] Layer 43: loading 1 expert(s)
[MoE] Layer 0: loading 2 expert(s)
[MoE] Layer 1: loading 1 expert(s)
[MoE] Layer 10: loading 1 expert(s)
[MoE] Layer 24: loading 1 expert(s)
[MoE] Layer 28: loading 1 expert(s)
[MoE] Layer 37: loading 1 expert(s)
[gen 75/149] elapsed=7.6s  TPS=9.914
[MoE] Layer 0: loading 2 expert(s)
[MoE] Layer 2: loading 1 expert(s)
[MoE] Layer 3: loading 1 expert(s)
[MoE] Layer 8: loading 1 expert(s)
[MoE] Layer 20: loading 1 expert(s)
[MoE] Layer 33: loading 1 expert(s)
[MoE] Layer 3: loading 1 expert(s)
[MoE] Layer 25: loading 1 expert(s)
[MoE] Layer 0: loading 1 expert(s)
[MoE] Layer 3: loading 1 expert(s)
[MoE] Layer 9: loading 1 expert(s)
[MoE] Layer 10: loading 1 expert(s)
[MoE] Layer 22: loading 1 expert(s)
[MoE] Layer 2: loading 2 expert(s)
[MoE] Layer 3: loading 1 expert(s)
[gen 80/149] elapsed=7.9s  TPS=10.138
[MoE] Layer 13: loading 1 expert(s)
[MoE] Layer 17: loading 1 expert(s)
[MoE] Layer 22: loading 1 expert(s)
[MoE] Layer 40: loading 1 expert(s)
[MoE] Layer 1: loading 1 expert(s)
[MoE] Layer 10: loading 1 expert(s)
[MoE] Layer 16: loading 1 expert(s)
[MoE] Layer 22: loading 1 expert(s)
[MoE] Layer 29: loading 1 expert(s)
[MoE] Layer 34: loading 1 expert(s)
[MoE] Layer 3: loading 1 expert(s)
[MoE] Layer 5: loading 1 expert(s)
[MoE] Layer 17: loading 1 expert(s)
[MoE] Layer 23: loading 1 expert(s)
[MoE] Layer 36: loading 1 expert(s)
[MoE] Layer 1: loading 2 expert(s)
[MoE] Layer 3: loading 2 expert(s)
[MoE] Layer 4: loading 1 expert(s)
[MoE] Layer 17: loading 1 expert(s)
[gen 85/149] elapsed=8.2s  TPS=10.323
[MoE] Layer 3: loading 1 expert(s)
[MoE] Layer 11: loading 1 expert(s)
[MoE] Layer 28: loading 1 expert(s)
[MoE] Layer 21: loading 1 expert(s)
[MoE] Layer 0: loading 1 expert(s)
[MoE] Layer 2: loading 1 expert(s)
[MoE] Layer 27: loading 1 expert(s)
[MoE] Layer 3: loading 1 expert(s)
[MoE] Layer 9: loading 1 expert(s)
[gen 90/149] elapsed=8.5s  TPS=10.548
[MoE] Layer 0: loading 2 expert(s)
[MoE] Layer 1: loading 1 expert(s)
[MoE] Layer 2: loading 1 expert(s)
[MoE] Layer 3: loading 1 expert(s)
[MoE] Layer 14: loading 1 expert(s)
[MoE] Layer 18: loading 1 expert(s)
[MoE] Layer 23: loading 1 expert(s)
[MoE] Layer 0: loading 2 expert(s)
[MoE] Layer 2: loading 1 expert(s)
[MoE] Layer 5: loading 1 expert(s)
[MoE] Layer 12: loading 1 expert(s)
[MoE] Layer 37: loading 1 expert(s)
[MoE] Layer 0: loading 2 expert(s)
[MoE] Layer 1: loading 1 expert(s)
[MoE] Layer 2: loading 1 expert(s)
[MoE] Layer 3: loading 3 expert(s)
[MoE] Layer 34: loading 1 expert(s)
[MoE] Layer 38: loading 1 expert(s)
[MoE] Layer 37: loading 1 expert(s)
[MoE] Layer 0: loading 1 expert(s)
[MoE] Layer 1: loading 1 expert(s)
[gen 95/149] elapsed=8.9s  TPS=10.684
[MoE] Layer 37: loading 1 expert(s)
[MoE] Layer 44: loading 1 expert(s)
[MoE] Layer 3: loading 1 expert(s)
[MoE] Layer 22: loading 1 expert(s)
[MoE] Layer 12: loading 1 expert(s)
[MoE] Layer 24: loading 1 expert(s)
[MoE] Layer 26: loading 1 expert(s)
[MoE] Layer 35: loading 1 expert(s)
[MoE] Layer 36: loading 1 expert(s)
[MoE] Layer 34: loading 1 expert(s)
[MoE] Layer 0: loading 3 expert(s)
[MoE] Layer 1: loading 1 expert(s)
[MoE] Layer 10: loading 1 expert(s)
[MoE] Layer 45: loading 1 expert(s)
[MoE] Layer 46: loading 1 expert(s)
[gen 100/149] elapsed=9.2s  TPS=10.845
[MoE] Layer 0: loading 3 expert(s)
[MoE] Layer 1: loading 3 expert(s)
[MoE] Layer 3: loading 3 expert(s)
[MoE] Layer 0: loading 2 expert(s)
[MoE] Layer 1: loading 2 expert(s)
[MoE] Layer 3: loading 1 expert(s)
[MoE] Layer 0: loading 1 expert(s)
[MoE] Layer 1: loading 1 expert(s)
[MoE] Layer 5: loading 1 expert(s)
[MoE] Layer 8: loading 1 expert(s)
[MoE] Layer 25: loading 1 expert(s)
[MoE] Layer 0: loading 2 expert(s)
[MoE] Layer 12: loading 1 expert(s)
[MoE] Layer 37: loading 1 expert(s)
[gen 105/149] elapsed=9.6s  TPS=10.987
[MoE] Layer 0: loading 2 expert(s)
[MoE] Layer 1: loading 2 expert(s)
[MoE] Layer 29: loading 1 expert(s)
[MoE] Layer 0: loading 1 expert(s)
[MoE] Layer 1: loading 1 expert(s)
[MoE] Layer 25: loading 1 expert(s)
[MoE] Layer 0: loading 1 expert(s)
[MoE] Layer 17: loading 1 expert(s)
[MoE] Layer 0: loading 1 expert(s)
[MoE] Layer 13: loading 2 expert(s)
[MoE] Layer 15: loading 1 expert(s)
[MoE] Layer 27: loading 1 expert(s)
[MoE] Layer 0: loading 2 expert(s)
[MoE] Layer 3: loading 1 expert(s)
[MoE] Layer 12: loading 1 expert(s)
[gen 110/149] elapsed=9.9s  TPS=11.127
[MoE] Layer 0: loading 1 expert(s)
[MoE] Layer 11: loading 1 expert(s)
[MoE] Layer 0: loading 2 expert(s)
[MoE] Layer 1: loading 1 expert(s)
[MoE] Layer 0: loading 2 expert(s)
[MoE] Layer 22: loading 1 expert(s)
[MoE] Layer 0: loading 1 expert(s)
[MoE] Layer 13: loading 1 expert(s)
[MoE] Layer 21: loading 1 expert(s)
[MoE] Layer 1: loading 1 expert(s)
[MoE] Layer 14: loading 1 expert(s)
[MoE] Layer 26: loading 1 expert(s)
[gen 115/149] elapsed=10.2s  TPS=11.269
[MoE] Layer 0: loading 2 expert(s)
[MoE] Layer 1: loading 1 expert(s)
[MoE] Layer 10: loading 1 expert(s)
[MoE] Layer 29: loading 1 expert(s)
[MoE] Layer 0: loading 2 expert(s)
[MoE] Layer 3: loading 1 expert(s)
[MoE] Layer 10: loading 1 expert(s)
[MoE] Layer 11: loading 1 expert(s)
[MoE] Layer 17: loading 1 expert(s)
[MoE] Layer 36: loading 1 expert(s)
[MoE] Layer 37: loading 1 expert(s)
[MoE] Layer 0: loading 1 expert(s)
[MoE] Layer 1: loading 1 expert(s)
[MoE] Layer 3: loading 3 expert(s)
[MoE] Layer 16: loading 1 expert(s)
[MoE] Layer 35: loading 1 expert(s)
[MoE] Layer 0: loading 2 expert(s)
[MoE] Layer 23: loading 1 expert(s)
[MoE] Layer 27: loading 1 expert(s)
[MoE] Layer 35: loading 1 expert(s)
[MoE] Layer 39: loading 1 expert(s)
[MoE] Layer 0: loading 2 expert(s)
[MoE] Layer 26: loading 1 expert(s)
[gen 120/149] elapsed=10.6s  TPS=11.354
[MoE] Layer 12: loading 1 expert(s)
[MoE] Layer 40: loading 1 expert(s)
[MoE] Layer 23: loading 1 expert(s)
[MoE] Layer 28: loading 1 expert(s)
[MoE] Layer 35: loading 1 expert(s)
[MoE] Layer 40: loading 1 expert(s)
[MoE] Layer 3: loading 1 expert(s)
[MoE] Layer 6: loading 1 expert(s)
[MoE] Layer 10: loading 1 expert(s)
[MoE] Layer 15: loading 1 expert(s)
[MoE] Layer 19: loading 1 expert(s)
[MoE] Layer 23: loading 1 expert(s)
[MoE] Layer 24: loading 1 expert(s)
[MoE] Layer 30: loading 1 expert(s)
[MoE] Layer 34: loading 1 expert(s)
[MoE] Layer 36: loading 1 expert(s)
[MoE] Layer 15: loading 1 expert(s)
[MoE] Layer 16: loading 1 expert(s)
[MoE] Layer 8: loading 1 expert(s)
[MoE] Layer 9: loading 1 expert(s)
[MoE] Layer 11: loading 1 expert(s)
[MoE] Layer 12: loading 2 expert(s)
[MoE] Layer 25: loading 1 expert(s)
[MoE] Layer 38: loading 1 expert(s)
[MoE] Layer 41: loading 1 expert(s)
[gen 125/149] elapsed=10.9s  TPS=11.425
[MoE] Layer 2: loading 1 expert(s)
[MoE] Layer 3: loading 1 expert(s)
[MoE] Layer 9: loading 1 expert(s)
[MoE] Layer 17: loading 1 expert(s)
[MoE] Layer 22: loading 1 expert(s)
[MoE] Layer 24: loading 1 expert(s)
[MoE] Layer 25: loading 1 expert(s)
[MoE] Layer 27: loading 1 expert(s)
[MoE] Layer 29: loading 1 expert(s)
[MoE] Layer 30: loading 1 expert(s)
[MoE] Layer 32: loading 1 expert(s)
[MoE] Layer 35: loading 1 expert(s)
[MoE] Layer 3: loading 1 expert(s)
[MoE] Layer 22: loading 1 expert(s)
[MoE] Layer 32: loading 1 expert(s)
[MoE] Layer 33: loading 1 expert(s)
[MoE] Layer 34: loading 1 expert(s)
[MoE] Layer 35: loading 1 expert(s)
[MoE] Layer 17: loading 1 expert(s)
[MoE] Layer 36: loading 1 expert(s)
[MoE] Layer 37: loading 1 expert(s)
[MoE] Layer 39: loading 2 expert(s)
[MoE] Layer 40: loading 1 expert(s)
[MoE] Layer 42: loading 1 expert(s)
[MoE] Layer 47: loading 1 expert(s)
[MoE] Layer 3: loading 1 expert(s)
[MoE] Layer 7: loading 1 expert(s)
[MoE] Layer 9: loading 1 expert(s)
[MoE] Layer 10: loading 1 expert(s)
[MoE] Layer 17: loading 1 expert(s)
[MoE] Layer 22: loading 1 expert(s)
[MoE] Layer 24: loading 2 expert(s)
[MoE] Layer 25: loading 1 expert(s)
[gen 130/149] elapsed=11.3s  TPS=11.456
[MoE] Layer 0: loading 1 expert(s)
[MoE] Layer 1: loading 1 expert(s)
[MoE] Layer 3: loading 2 expert(s)
[MoE] Layer 23: loading 1 expert(s)
[MoE] Layer 30: loading 1 expert(s)
[MoE] Layer 36: loading 1 expert(s)
[MoE] Layer 38: loading 2 expert(s)
[MoE] Layer 44: loading 1 expert(s)
[MoE] Layer 47: loading 1 expert(s)
[MoE] Layer 8: loading 1 expert(s)
[MoE] Layer 10: loading 1 expert(s)
[MoE] Layer 11: loading 1 expert(s)
[MoE] Layer 12: loading 1 expert(s)
[MoE] Layer 16: loading 1 expert(s)
[MoE] Layer 17: loading 1 expert(s)
[MoE] Layer 27: loading 1 expert(s)
[MoE] Layer 29: loading 1 expert(s)
[MoE] Layer 33: loading 1 expert(s)
[MoE] Layer 40: loading 1 expert(s)
[MoE] Layer 46: loading 1 expert(s)
[MoE] Layer 3: loading 1 expert(s)
[MoE] Layer 11: loading 1 expert(s)
[MoE] Layer 13: loading 2 expert(s)
[MoE] Layer 14: loading 1 expert(s)
[MoE] Layer 16: loading 1 expert(s)
[MoE] Layer 17: loading 2 expert(s)
[MoE] Layer 18: loading 2 expert(s)
[MoE] Layer 24: loading 1 expert(s)
[MoE] Layer 25: loading 1 expert(s)
[MoE] Layer 32: loading 1 expert(s)
[MoE] Layer 33: loading 1 expert(s)
[MoE] Layer 37: loading 1 expert(s)
[MoE] Layer 39: loading 1 expert(s)
[MoE] Layer 15: loading 1 expert(s)
[MoE] Layer 29: loading 1 expert(s)
[MoE] Layer 30: loading 1 expert(s)
[MoE] Layer 37: loading 1 expert(s)
[MoE] Layer 17: loading 1 expert(s)
[MoE] Layer 27: loading 1 expert(s)
[MoE] Layer 32: loading 1 expert(s)
[MoE] Layer 39: loading 1 expert(s)
[MoE] Layer 43: loading 1 expert(s)
[gen 135/149] elapsed=11.8s  TPS=11.443
[MoE] Layer 10: loading 1 expert(s)
[MoE] Layer 16: loading 1 expert(s)
[MoE] Layer 22: loading 1 expert(s)
[MoE] Layer 25: loading 1 expert(s)
[MoE] Layer 27: loading 1 expert(s)
[MoE] Layer 29: loading 2 expert(s)
[MoE] Layer 31: loading 1 expert(s)
[MoE] Layer 32: loading 1 expert(s)
[MoE] Layer 36: loading 1 expert(s)
[MoE] Layer 39: loading 1 expert(s)
[MoE] Layer 40: loading 2 expert(s)
[MoE] Layer 41: loading 3 expert(s)
[MoE] Layer 43: loading 1 expert(s)
[MoE] Layer 44: loading 1 expert(s)
[MoE] Layer 0: loading 2 expert(s)
[MoE] Layer 1: loading 1 expert(s)
[MoE] Layer 3: loading 1 expert(s)
[MoE] Layer 23: loading 1 expert(s)
[MoE] Layer 24: loading 1 expert(s)
[MoE] Layer 26: loading 1 expert(s)
[MoE] Layer 32: loading 1 expert(s)
[MoE] Layer 36: loading 1 expert(s)
[MoE] Layer 38: loading 1 expert(s)
[MoE] Layer 46: loading 2 expert(s)
[MoE] Layer 47: loading 1 expert(s)
[MoE] Layer 0: loading 1 expert(s)
[MoE] Layer 21: loading 1 expert(s)
[MoE] Layer 25: loading 2 expert(s)
[MoE] Layer 28: loading 1 expert(s)
[MoE] Layer 34: loading 2 expert(s)
[MoE] Layer 35: loading 1 expert(s)
[MoE] Layer 37: loading 1 expert(s)
[MoE] Layer 38: loading 1 expert(s)
[MoE] Layer 43: loading 1 expert(s)
[MoE] Layer 0: loading 1 expert(s)
[MoE] Layer 1: loading 1 expert(s)
[MoE] Layer 3: loading 2 expert(s)
[MoE] Layer 13: loading 1 expert(s)
[MoE] Layer 27: loading 1 expert(s)
[MoE] Layer 37: loading 1 expert(s)
[MoE] Layer 40: loading 1 expert(s)
[MoE] Layer 42: loading 1 expert(s)
[MoE] Layer 44: loading 1 expert(s)
[gen 140/149] elapsed=12.3s  TPS=11.422
[MoE] Layer 1: loading 1 expert(s)
[MoE] Layer 13: loading 1 expert(s)
[MoE] Layer 17: loading 1 expert(s)
[MoE] Layer 23: loading 1 expert(s)
[MoE] Layer 46: loading 1 expert(s)
[MoE] Layer 10: loading 1 expert(s)
[MoE] Layer 25: loading 1 expert(s)
[MoE] Layer 37: loading 2 expert(s)
[MoE] Layer 39: loading 1 expert(s)
[MoE] Layer 3: loading 1 expert(s)
[MoE] Layer 16: loading 1 expert(s)
[MoE] Layer 18: loading 1 expert(s)
[MoE] Layer 20: loading 1 expert(s)
[MoE] Layer 21: loading 2 expert(s)
[MoE] Layer 22: loading 1 expert(s)
[MoE] Layer 23: loading 1 expert(s)
[MoE] Layer 24: loading 2 expert(s)
[MoE] Layer 25: loading 1 expert(s)
[MoE] Layer 27: loading 1 expert(s)
[MoE] Layer 28: loading 1 expert(s)
[MoE] Layer 29: loading 1 expert(s)
[MoE] Layer 32: loading 1 expert(s)
[MoE] Layer 34: loading 1 expert(s)
[MoE] Layer 35: loading 1 expert(s)
[MoE] Layer 36: loading 1 expert(s)
[MoE] Layer 38: loading 1 expert(s)
[MoE] Layer 47: loading 1 expert(s)
[MoE] Layer 15: loading 1 expert(s)
[MoE] Layer 29: loading 1 expert(s)
[MoE] Layer 37: loading 1 expert(s)
[MoE] Layer 39: loading 1 expert(s)
[MoE] Layer 42: loading 1 expert(s)
[MoE] Layer 47: loading 1 expert(s)
[gen 145/149] elapsed=12.7s  TPS=11.451
[MoE] Layer 0: loading 3 expert(s)
[MoE] Layer 1: loading 1 expert(s)
[MoE] Layer 13: loading 1 expert(s)
[MoE] Layer 24: loading 1 expert(s)
[MoE] Layer 36: loading 1 expert(s)
[MoE] Layer 45: loading 1 expert(s)
[MoE] Layer 47: loading 2 expert(s)
[MoE] Layer 0: loading 3 expert(s)
[MoE] Layer 1: loading 3 expert(s)
[MoE] Layer 3: loading 1 expert(s)
[MoE] Layer 8: loading 1 expert(s)
[MoE] Layer 22: loading 1 expert(s)
[MoE] Layer 24: loading 1 expert(s)
[MoE] Layer 25: loading 1 expert(s)
[MoE] Layer 26: loading 1 expert(s)
[MoE] Layer 27: loading 1 expert(s)
[MoE] Layer 30: loading 1 expert(s)
[MoE] Layer 31: loading 1 expert(s)
[MoE] Layer 33: loading 1 expert(s)
[MoE] Layer 37: loading 1 expert(s)
[MoE] Layer 38: loading 1 expert(s)
[MoE] Layer 0: loading 2 expert(s)
[MoE] Layer 1: loading 2 expert(s)
[MoE] Layer 3: loading 1 expert(s)
[MoE] Layer 25: loading 1 expert(s)
[MoE] Layer 37: loading 1 expert(s)
[MoE] Layer 0: loading 1 expert(s)
[MoE] Layer 3: loading 1 expert(s)
[MoE] Layer 24: loading 1 expert(s)
Prefill time (summary): 12.531 seconds
Total Generation Time: 13.011 seconds
Average Time per Token: 0.087 seconds

Expert Cache Statistics:
Layer 0: Hits=1022, Misses=170, HitRate=85.74%
    Bandwidth: MissLoads=170, AvgLoadTime=2.49ms
Layer 1: Hits=1098, Misses=94, HitRate=92.11%
    Bandwidth: MissLoads=94, AvgLoadTime=2.92ms
Layer 2: Hits=1153, Misses=39, HitRate=96.73%
    Bandwidth: MissLoads=39, AvgLoadTime=3.04ms
Layer 3: Hits=1107, Misses=85, HitRate=92.87%
    Bandwidth: MissLoads=85, AvgLoadTime=2.89ms
Layer 4: Hits=1166, Misses=26, HitRate=97.82%
    Bandwidth: MissLoads=26, AvgLoadTime=2.84ms
Layer 5: Hits=1169, Misses=23, HitRate=98.07%
    Bandwidth: MissLoads=23, AvgLoadTime=3.24ms
Layer 6: Hits=1182, Misses=10, HitRate=99.16%
    Bandwidth: MissLoads=10, AvgLoadTime=3.56ms
Layer 7: Hits=1185, Misses=7, HitRate=99.41%
    Bandwidth: MissLoads=7, AvgLoadTime=3.60ms
Layer 8: Hits=1163, Misses=29, HitRate=97.57%
    Bandwidth: MissLoads=29, AvgLoadTime=3.09ms
Layer 9: Hits=1171, Misses=21, HitRate=98.24%
    Bandwidth: MissLoads=21, AvgLoadTime=3.38ms
Layer 10: Hits=1156, Misses=36, HitRate=96.98%
    Bandwidth: MissLoads=36, AvgLoadTime=3.23ms
Layer 11: Hits=1164, Misses=28, HitRate=97.65%
    Bandwidth: MissLoads=28, AvgLoadTime=3.23ms
Layer 12: Hits=1162, Misses=30, HitRate=97.48%
    Bandwidth: MissLoads=30, AvgLoadTime=3.03ms
Layer 13: Hits=1157, Misses=35, HitRate=97.06%
    Bandwidth: MissLoads=35, AvgLoadTime=3.02ms
Layer 14: Hits=1177, Misses=15, HitRate=98.74%
    Bandwidth: MissLoads=15, AvgLoadTime=3.25ms
Layer 15: Hits=1172, Misses=20, HitRate=98.32%
    Bandwidth: MissLoads=20, AvgLoadTime=3.41ms
Layer 16: Hits=1163, Misses=29, HitRate=97.57%
    Bandwidth: MissLoads=29, AvgLoadTime=3.30ms
Layer 17: Hits=1153, Misses=39, HitRate=96.73%
    Bandwidth: MissLoads=39, AvgLoadTime=3.13ms
Layer 18: Hits=1181, Misses=11, HitRate=99.08%
    Bandwidth: MissLoads=11, AvgLoadTime=3.34ms
Layer 19: Hits=1185, Misses=7, HitRate=99.41%
    Bandwidth: MissLoads=7, AvgLoadTime=3.42ms
Layer 20: Hits=1176, Misses=16, HitRate=98.66%
    Bandwidth: MissLoads=16, AvgLoadTime=3.20ms
Layer 21: Hits=1178, Misses=14, HitRate=98.83%
    Bandwidth: MissLoads=14, AvgLoadTime=3.39ms
Layer 22: Hits=1154, Misses=38, HitRate=96.81%
    Bandwidth: MissLoads=38, AvgLoadTime=2.97ms
Layer 23: Hits=1153, Misses=39, HitRate=96.73%
    Bandwidth: MissLoads=39, AvgLoadTime=3.20ms
Layer 24: Hits=1155, Misses=37, HitRate=96.90%
    Bandwidth: MissLoads=37, AvgLoadTime=3.15ms
Layer 25: Hits=1152, Misses=40, HitRate=96.64%
    Bandwidth: MissLoads=40, AvgLoadTime=3.25ms
Layer 26: Hits=1169, Misses=23, HitRate=98.07%
    Bandwidth: MissLoads=23, AvgLoadTime=3.51ms
Layer 27: Hits=1165, Misses=27, HitRate=97.73%
    Bandwidth: MissLoads=27, AvgLoadTime=3.24ms
Layer 28: Hits=1166, Misses=26, HitRate=97.82%
    Bandwidth: MissLoads=26, AvgLoadTime=3.26ms
Layer 29: Hits=1156, Misses=36, HitRate=96.98%
    Bandwidth: MissLoads=36, AvgLoadTime=3.25ms
Layer 30: Hits=1179, Misses=13, HitRate=98.91%
    Bandwidth: MissLoads=13, AvgLoadTime=3.64ms
Layer 31: Hits=1185, Misses=7, HitRate=99.41%
    Bandwidth: MissLoads=7, AvgLoadTime=3.43ms
Layer 32: Hits=1156, Misses=36, HitRate=96.98%
    Bandwidth: MissLoads=36, AvgLoadTime=3.06ms
Layer 33: Hits=1180, Misses=12, HitRate=98.99%
    Bandwidth: MissLoads=12, AvgLoadTime=3.39ms
Layer 34: Hits=1165, Misses=27, HitRate=97.73%
    Bandwidth: MissLoads=27, AvgLoadTime=2.92ms
Layer 35: Hits=1157, Misses=35, HitRate=97.06%
    Bandwidth: MissLoads=35, AvgLoadTime=3.06ms
Layer 36: Hits=1161, Misses=31, HitRate=97.40%
    Bandwidth: MissLoads=31, AvgLoadTime=2.94ms
Layer 37: Hits=1150, Misses=42, HitRate=96.48%
    Bandwidth: MissLoads=42, AvgLoadTime=3.27ms
Layer 38: Hits=1159, Misses=33, HitRate=97.23%
    Bandwidth: MissLoads=33, AvgLoadTime=3.17ms
Layer 39: Hits=1165, Misses=27, HitRate=97.73%
    Bandwidth: MissLoads=27, AvgLoadTime=3.21ms
Layer 40: Hits=1161, Misses=31, HitRate=97.40%
    Bandwidth: MissLoads=31, AvgLoadTime=3.23ms
Layer 41: Hits=1166, Misses=26, HitRate=97.82%
    Bandwidth: MissLoads=26, AvgLoadTime=3.16ms
Layer 42: Hits=1174, Misses=18, HitRate=98.49%
    Bandwidth: MissLoads=18, AvgLoadTime=3.47ms
Layer 43: Hits=1177, Misses=15, HitRate=98.74%
    Bandwidth: MissLoads=15, AvgLoadTime=3.33ms
Layer 44: Hits=1175, Misses=17, HitRate=98.57%
    Bandwidth: MissLoads=17, AvgLoadTime=3.37ms
Layer 45: Hits=1178, Misses=14, HitRate=98.83%
    Bandwidth: MissLoads=14, AvgLoadTime=3.09ms
Layer 46: Hits=1171, Misses=21, HitRate=98.24%
    Bandwidth: MissLoads=21, AvgLoadTime=2.76ms
Layer 47: Hits=1165, Misses=27, HitRate=97.73%
    Bandwidth: MissLoads=27, AvgLoadTime=3.10ms
============================================================
============================================================
Initializing Qwen3 30B-A3B AWQ w4a16 quantized model...
============================================================
Loading quantized weights from QuixiAI/Qwen3-30B-A3B-AWQ...
Using saved safetensors: /home/michael/heteroPredict/py/unified_llm_w4a16/model_weights/Qwen3-30B-A3B-AWQ.safetensors
Expert weights dir: /home/michael/heteroPredict/py/unified_llm_w4a16/model_weights/Qwen3-30B-A3B-AWQ_packed  (format: packed)
Using existing attention weights in /home/michael/heteroPredict/py/unified_llm_w4a16/model_weights/Qwen3-30B-A3B-AWQ_unpacked
Weights loaded (expert dir override) in 0.30 seconds
Pre-warming expert cache with 64 experts...
Model initialized successfully!
Setting lambda to 1.0
Forced top-5 experts into cache mask.
Set expert cache policy to LRU.

Running sweep using prompts from JSON: /tmp/tmpbv_gja_5.json
Loaded 1 prompts for sweeping.

Processing Prompt 1/1...

============================================================
Generated text only:
============================================================
 time was too poetic and not sufficiently orthodox . He then spent a period of travel in the lower Yangtze region , and in 740 he moved to Luoyang . There he married , and his first son was born . He then took the exam again in 746 , and again failed . He was then posted to a minor official post in the capital , but he was dismissed after a short time . He then spent a period of travel in the north , and in 750 he moved to the capital again . He was then posted to a minor official post in the capital , but he was dismissed after a short time . He then spent a period of travel in the north , and in 750 he
============================================================

============================================================
Sweep Complete.
Average Time per Token: 0.170329
End-to-End TPS: 5.8710
Cache Stats: Hits=55734, Misses=1482, HitRate=97.41%
Initializing UnifiedLLMW4A16Impl_base
Using NPU config struct.
Configuring NPU (Base):
  Heterogeneity: gpu
  GPU Count: 1
  Debug Verbosity: 1
  Dummy Weights: false
  Warmup: false
  Preload MoE: true
  Minimal PDI: true
[GPU SELECT] Free VRAM ranking: gpu0=28.00/28.00 GiB
[GPU SELECT] Selected GPUs for gpu-count=1: [0]
[GPU MAP] Single-GPU placement on gpu0
UnifiedLLMW4A16 moved to device: cuda:0
Preloading MoE kernels...
MoE kernels preloaded.
UnifiedLLMW4A16 initialized on device: cuda:0 with w4a16 quantization
Loading non-quantized weights from safetensors (mmap): /home/michael/heteroPredict/py/unified_llm_w4a16/model_weights/Qwen3-30B-A3B-AWQ.safetensors
Loaded 243 non-quantized parameters, skipped 0
Loading quantized weights from bins: /home/michael/heteroPredict/py/unified_llm_w4a16/model_weights/Qwen3-30B-A3B-AWQ_unpacked
Pre-warming 64 experts for all layers...
Layer 0: Pre-warming 64 experts.
Layer 0: using packed expert format.
[MoE I/O] Expert weight reads require O_DIRECT (no buffered fallback).
Layer 1: Pre-warming 64 experts.
Layer 1: using packed expert format.
Layer 2: Pre-warming 64 experts.
Layer 2: using packed expert format.
Layer 3: Pre-warming 64 experts.
Layer 3: using packed expert format.
Prewarmed experts for layer 4/48
Layer 4: Pre-warming 64 experts.
Layer 4: using packed expert format.
Layer 5: Pre-warming 64 experts.
Layer 5: using packed expert format.
Layer 6: Pre-warming 64 experts.
Layer 6: using packed expert format.
Layer 7: Pre-warming 64 experts.
Layer 7: using packed expert format.
Prewarmed experts for layer 8/48
Layer 8: Pre-warming 64 experts.
Layer 8: using packed expert format.
Layer 9: Pre-warming 64 experts.
Layer 9: using packed expert format.
Layer 10: Pre-warming 64 experts.
Layer 10: using packed expert format.
Layer 11: Pre-warming 64 experts.
Layer 11: using packed expert format.
Prewarmed experts for layer 12/48
Layer 12: Pre-warming 64 experts.
Layer 12: using packed expert format.
Layer 13: Pre-warming 64 experts.
Layer 13: using packed expert format.
Layer 14: Pre-warming 64 experts.
Layer 14: using packed expert format.
Layer 15: Pre-warming 64 experts.
Layer 15: using packed expert format.
Prewarmed experts for layer 16/48
Layer 16: Pre-warming 64 experts.
Layer 16: using packed expert format.
Layer 17: Pre-warming 64 experts.
Layer 17: using packed expert format.
Layer 18: Pre-warming 64 experts.
Layer 18: using packed expert format.
Layer 19: Pre-warming 64 experts.
Layer 19: using packed expert format.
Prewarmed experts for layer 20/48
Layer 20: Pre-warming 64 experts.
Layer 20: using packed expert format.
Layer 21: Pre-warming 64 experts.
Layer 21: using packed expert format.
Layer 22: Pre-warming 64 experts.
Layer 22: using packed expert format.
Layer 23: Pre-warming 64 experts.
Layer 23: using packed expert format.
Prewarmed experts for layer 24/48
Layer 24: Pre-warming 64 experts.
Layer 24: using packed expert format.
Layer 25: Pre-warming 64 experts.
Layer 25: using packed expert format.
Layer 26: Pre-warming 64 experts.
Layer 26: using packed expert format.
Layer 27: Pre-warming 64 experts.
Layer 27: using packed expert format.
Prewarmed experts for layer 28/48
Layer 28: Pre-warming 64 experts.
Layer 28: using packed expert format.
Layer 29: Pre-warming 64 experts.
Layer 29: using packed expert format.
Layer 30: Pre-warming 64 experts.
Layer 30: using packed expert format.
Layer 31: Pre-warming 64 experts.
Layer 31: using packed expert format.
Prewarmed experts for layer 32/48
Layer 32: Pre-warming 64 experts.
Layer 32: using packed expert format.
Layer 33: Pre-warming 64 experts.
Layer 33: using packed expert format.
Layer 34: Pre-warming 64 experts.
Layer 34: using packed expert format.
Layer 35: Pre-warming 64 experts.
Layer 35: using packed expert format.
Prewarmed experts for layer 36/48
Layer 36: Pre-warming 64 experts.
Layer 36: using packed expert format.
Layer 37: Pre-warming 64 experts.
Layer 37: using packed expert format.
Layer 38: Pre-warming 64 experts.
Layer 38: using packed expert format.
Layer 39: Pre-warming 64 experts.
Layer 39: using packed expert format.
Prewarmed experts for layer 40/48
Layer 40: Pre-warming 64 experts.
Layer 40: using packed expert format.
Layer 41: Pre-warming 64 experts.
Layer 41: using packed expert format.
Layer 42: Pre-warming 64 experts.
Layer 42: using packed expert format.
Layer 43: Pre-warming 64 experts.
Layer 43: using packed expert format.
Prewarmed experts for layer 44/48
Layer 44: Pre-warming 64 experts.
Layer 44: using packed expert format.
Layer 45: Pre-warming 64 experts.
Layer 45: using packed expert format.
Layer 46: Pre-warming 64 experts.
Layer 46: using packed expert format.
Layer 47: Pre-warming 64 experts.
Layer 47: using packed expert format.
Prewarmed experts for layer 48/48
Libtorch input_ids shape: [1, 512]
Skipping warmup.
Prefill time: 12.9092 seconds
Generation phase
[MoE] Layer 0: loading 4 expert(s)
[MoE] Layer 1: loading 1 expert(s)
[MoE] Layer 2: loading 1 expert(s)
[MoE] Layer 3: loading 1 expert(s)
[MoE] Layer 4: loading 1 expert(s)
[MoE] Layer 5: loading 1 expert(s)
[MoE] Layer 6: loading 4 expert(s)
[MoE] Layer 7: loading 1 expert(s)
[MoE] Layer 8: loading 1 expert(s)
[MoE] Layer 9: loading 1 expert(s)
[MoE] Layer 10: loading 2 expert(s)
[MoE] Layer 11: loading 1 expert(s)
[MoE] Layer 12: loading 4 expert(s)
[MoE] Layer 13: loading 1 expert(s)
[MoE] Layer 14: loading 2 expert(s)
[MoE] Layer 15: loading 3 expert(s)
[MoE] Layer 16: loading 3 expert(s)
[MoE] Layer 17: loading 3 expert(s)
[MoE] Layer 18: loading 3 expert(s)
[MoE] Layer 19: loading 1 expert(s)
[MoE] Layer 20: loading 2 expert(s)
[MoE] Layer 21: loading 1 expert(s)
[MoE] Layer 22: loading 3 expert(s)
[MoE] Layer 24: loading 3 expert(s)
[MoE] Layer 25: loading 1 expert(s)
[MoE] Layer 26: loading 1 expert(s)
[MoE] Layer 27: loading 2 expert(s)
[MoE] Layer 28: loading 2 expert(s)
[MoE] Layer 29: loading 3 expert(s)
[MoE] Layer 30: loading 2 expert(s)
[MoE] Layer 31: loading 1 expert(s)
[MoE] Layer 32: loading 2 expert(s)
[MoE] Layer 33: loading 2 expert(s)
[MoE] Layer 34: loading 3 expert(s)
[MoE] Layer 35: loading 1 expert(s)
[MoE] Layer 36: loading 3 expert(s)
[MoE] Layer 38: loading 1 expert(s)
[MoE] Layer 39: loading 2 expert(s)
[MoE] Layer 40: loading 3 expert(s)
[MoE] Layer 41: loading 3 expert(s)
[MoE] Layer 42: loading 2 expert(s)
[MoE] Layer 43: loading 1 expert(s)
[MoE] Layer 45: loading 1 expert(s)
[MoE] Layer 46: loading 1 expert(s)
[MoE] Layer 47: loading 2 expert(s)
[MoE] Layer 1: loading 3 expert(s)
[MoE] Layer 2: loading 2 expert(s)
[MoE] Layer 4: loading 1 expert(s)
[MoE] Layer 7: loading 1 expert(s)
[MoE] Layer 8: loading 1 expert(s)
[MoE] Layer 9: loading 3 expert(s)
[MoE] Layer 11: loading 1 expert(s)
[MoE] Layer 12: loading 3 expert(s)
[MoE] Layer 13: loading 1 expert(s)
[MoE] Layer 14: loading 1 expert(s)
[MoE] Layer 15: loading 1 expert(s)
[MoE] Layer 16: loading 1 expert(s)
[MoE] Layer 17: loading 2 expert(s)
[MoE] Layer 23: loading 1 expert(s)
[MoE] Layer 24: loading 2 expert(s)
[MoE] Layer 25: loading 1 expert(s)
[MoE] Layer 26: loading 1 expert(s)
[MoE] Layer 27: loading 1 expert(s)
[MoE] Layer 28: loading 1 expert(s)
[MoE] Layer 29: loading 2 expert(s)
[MoE] Layer 33: loading 3 expert(s)
[MoE] Layer 35: loading 1 expert(s)
[MoE] Layer 36: loading 1 expert(s)
[MoE] Layer 38: loading 1 expert(s)
[MoE] Layer 39: loading 1 expert(s)
[MoE] Layer 41: loading 2 expert(s)
[MoE] Layer 44: loading 1 expert(s)
[MoE] Layer 45: loading 1 expert(s)
[MoE] Layer 46: loading 1 expert(s)
[MoE] Layer 47: loading 1 expert(s)
[MoE] Layer 0: loading 1 expert(s)
[MoE] Layer 1: loading 2 expert(s)
[MoE] Layer 2: loading 1 expert(s)
[MoE] Layer 5: loading 1 expert(s)
[MoE] Layer 6: loading 1 expert(s)
[MoE] Layer 8: loading 1 expert(s)
[MoE] Layer 9: loading 1 expert(s)
[MoE] Layer 13: loading 3 expert(s)
[MoE] Layer 14: loading 1 expert(s)
[MoE] Layer 15: loading 1 expert(s)
[MoE] Layer 16: loading 1 expert(s)
[MoE] Layer 17: loading 2 expert(s)
[MoE] Layer 19: loading 1 expert(s)
[MoE] Layer 21: loading 1 expert(s)
[MoE] Layer 23: loading 1 expert(s)
[MoE] Layer 24: loading 1 expert(s)
[MoE] Layer 25: loading 3 expert(s)
[MoE] Layer 26: loading 1 expert(s)
[MoE] Layer 27: loading 1 expert(s)
[MoE] Layer 29: loading 2 expert(s)
[MoE] Layer 30: loading 1 expert(s)
[MoE] Layer 34: loading 1 expert(s)
[MoE] Layer 35: loading 3 expert(s)
[MoE] Layer 36: loading 1 expert(s)
[MoE] Layer 37: loading 3 expert(s)
[MoE] Layer 38: loading 1 expert(s)
[MoE] Layer 40: loading 1 expert(s)
[MoE] Layer 41: loading 1 expert(s)
[MoE] Layer 45: loading 1 expert(s)
[MoE] Layer 47: loading 1 expert(s)
[MoE] Layer 0: loading 1 expert(s)
[MoE] Layer 1: loading 3 expert(s)
[MoE] Layer 2: loading 1 expert(s)
[MoE] Layer 4: loading 1 expert(s)
[MoE] Layer 7: loading 1 expert(s)
[MoE] Layer 8: loading 2 expert(s)
[MoE] Layer 9: loading 1 expert(s)
[MoE] Layer 11: loading 2 expert(s)
[MoE] Layer 12: loading 2 expert(s)
[MoE] Layer 13: loading 1 expert(s)
[MoE] Layer 15: loading 1 expert(s)
[MoE] Layer 16: loading 2 expert(s)
[MoE] Layer 18: loading 1 expert(s)
[MoE] Layer 20: loading 1 expert(s)
[MoE] Layer 21: loading 1 expert(s)
[MoE] Layer 23: loading 2 expert(s)
[MoE] Layer 24: loading 2 expert(s)
[MoE] Layer 25: loading 1 expert(s)
[MoE] Layer 26: loading 1 expert(s)
[MoE] Layer 27: loading 2 expert(s)
[MoE] Layer 28: loading 3 expert(s)
[MoE] Layer 32: loading 1 expert(s)
[MoE] Layer 33: loading 1 expert(s)
[MoE] Layer 34: loading 1 expert(s)
[MoE] Layer 35: loading 2 expert(s)
[MoE] Layer 38: loading 1 expert(s)
[MoE] Layer 39: loading 2 expert(s)
[MoE] Layer 40: loading 4 expert(s)
[MoE] Layer 41: loading 1 expert(s)
[MoE] Layer 42: loading 2 expert(s)
[MoE] Layer 43: loading 2 expert(s)
[MoE] Layer 46: loading 1 expert(s)
[MoE] Layer 47: loading 3 expert(s)
[MoE] Layer 0: loading 4 expert(s)
[MoE] Layer 1: loading 2 expert(s)
[MoE] Layer 2: loading 1 expert(s)
[MoE] Layer 3: loading 2 expert(s)
[MoE] Layer 4: loading 1 expert(s)
[MoE] Layer 5: loading 1 expert(s)
[MoE] Layer 10: loading 1 expert(s)
[MoE] Layer 12: loading 1 expert(s)
[MoE] Layer 14: loading 1 expert(s)
[MoE] Layer 17: loading 1 expert(s)
[MoE] Layer 19: loading 1 expert(s)
[MoE] Layer 24: loading 2 expert(s)
[MoE] Layer 26: loading 2 expert(s)
[MoE] Layer 29: loading 1 expert(s)
[MoE] Layer 36: loading 1 expert(s)
[MoE] Layer 37: loading 1 expert(s)
[MoE] Layer 38: loading 1 expert(s)
[MoE] Layer 39: loading 1 expert(s)
[MoE] Layer 42: loading 1 expert(s)
[MoE] Layer 44: loading 1 expert(s)
[MoE] Layer 46: loading 1 expert(s)
[MoE] Layer 47: loading 1 expert(s)
[gen 5/149] elapsed=1.1s  TPS=4.673
[MoE] Layer 0: loading 1 expert(s)
[MoE] Layer 2: loading 1 expert(s)
[MoE] Layer 3: loading 2 expert(s)
[MoE] Layer 4: loading 1 expert(s)
[MoE] Layer 9: loading 1 expert(s)
[MoE] Layer 10: loading 1 expert(s)
[MoE] Layer 11: loading 1 expert(s)
[MoE] Layer 12: loading 1 expert(s)
[MoE] Layer 15: loading 1 expert(s)
[MoE] Layer 16: loading 1 expert(s)
[MoE] Layer 23: loading 1 expert(s)
[MoE] Layer 26: loading 1 expert(s)
[MoE] Layer 28: loading 3 expert(s)
[MoE] Layer 29: loading 1 expert(s)
[MoE] Layer 33: loading 1 expert(s)
[MoE] Layer 35: loading 1 expert(s)
[MoE] Layer 38: loading 1 expert(s)
[MoE] Layer 39: loading 1 expert(s)
[MoE] Layer 41: loading 2 expert(s)
[MoE] Layer 42: loading 2 expert(s)
[MoE] Layer 43: loading 2 expert(s)
[MoE] Layer 45: loading 1 expert(s)
[MoE] Layer 46: loading 2 expert(s)
[MoE] Layer 0: loading 2 expert(s)
[MoE] Layer 2: loading 1 expert(s)
[MoE] Layer 3: loading 1 expert(s)
[MoE] Layer 4: loading 3 expert(s)
[MoE] Layer 5: loading 2 expert(s)
[MoE] Layer 8: loading 2 expert(s)
[MoE] Layer 10: loading 1 expert(s)
[MoE] Layer 11: loading 1 expert(s)
[MoE] Layer 12: loading 1 expert(s)
[MoE] Layer 13: loading 2 expert(s)
[MoE] Layer 16: loading 1 expert(s)
[MoE] Layer 17: loading 2 expert(s)
[MoE] Layer 22: loading 1 expert(s)
[MoE] Layer 24: loading 1 expert(s)
[MoE] Layer 25: loading 1 expert(s)
[MoE] Layer 27: loading 1 expert(s)
[MoE] Layer 28: loading 1 expert(s)
[MoE] Layer 29: loading 2 expert(s)
[MoE] Layer 30: loading 1 expert(s)
[MoE] Layer 34: loading 2 expert(s)
[MoE] Layer 36: loading 1 expert(s)
[MoE] Layer 37: loading 2 expert(s)
[MoE] Layer 40: loading 2 expert(s)
[MoE] Layer 41: loading 3 expert(s)
[MoE] Layer 42: loading 2 expert(s)
[MoE] Layer 43: loading 2 expert(s)
[MoE] Layer 45: loading 2 expert(s)
[MoE] Layer 46: loading 2 expert(s)
[MoE] Layer 47: loading 2 expert(s)
[MoE] Layer 0: loading 1 expert(s)
[MoE] Layer 1: loading 2 expert(s)
[MoE] Layer 2: loading 1 expert(s)
[MoE] Layer 3: loading 1 expert(s)
[MoE] Layer 4: loading 2 expert(s)
[MoE] Layer 8: loading 1 expert(s)
[MoE] Layer 12: loading 1 expert(s)
[MoE] Layer 13: loading 1 expert(s)
[MoE] Layer 14: loading 1 expert(s)
[MoE] Layer 16: loading 2 expert(s)
[MoE] Layer 17: loading 1 expert(s)
[MoE] Layer 25: loading 2 expert(s)
[MoE] Layer 28: loading 2 expert(s)
[MoE] Layer 31: loading 1 expert(s)
[MoE] Layer 35: loading 1 expert(s)
[MoE] Layer 37: loading 2 expert(s)
[MoE] Layer 39: loading 1 expert(s)
[MoE] Layer 40: loading 1 expert(s)
[MoE] Layer 47: loading 1 expert(s)
[MoE] Layer 0: loading 3 expert(s)
[MoE] Layer 1: loading 1 expert(s)
[MoE] Layer 2: loading 1 expert(s)
[MoE] Layer 3: loading 2 expert(s)
[MoE] Layer 4: loading 1 expert(s)
[MoE] Layer 5: loading 2 expert(s)
[MoE] Layer 8: loading 1 expert(s)
[MoE] Layer 10: loading 1 expert(s)
[MoE] Layer 13: loading 1 expert(s)
[MoE] Layer 17: loading 1 expert(s)
[MoE] Layer 22: loading 1 expert(s)
[MoE] Layer 24: loading 1 expert(s)
[MoE] Layer 26: loading 2 expert(s)
[MoE] Layer 27: loading 1 expert(s)
[MoE] Layer 28: loading 1 expert(s)
[MoE] Layer 31: loading 1 expert(s)
[MoE] Layer 32: loading 1 expert(s)
[MoE] Layer 37: loading 2 expert(s)
[MoE] Layer 39: loading 1 expert(s)
[MoE] Layer 40: loading 1 expert(s)
[MoE] Layer 42: loading 1 expert(s)
[MoE] Layer 44: loading 2 expert(s)
[MoE] Layer 46: loading 1 expert(s)
[MoE] Layer 0: loading 4 expert(s)
[MoE] Layer 1: loading 1 expert(s)
[MoE] Layer 3: loading 1 expert(s)
[MoE] Layer 5: loading 1 expert(s)
[MoE] Layer 9: loading 1 expert(s)
[MoE] Layer 11: loading 1 expert(s)
[MoE] Layer 13: loading 1 expert(s)
[MoE] Layer 14: loading 1 expert(s)
[MoE] Layer 16: loading 1 expert(s)
[MoE] Layer 17: loading 2 expert(s)
[MoE] Layer 22: loading 1 expert(s)
[MoE] Layer 23: loading 1 expert(s)
[MoE] Layer 25: loading 2 expert(s)
[MoE] Layer 26: loading 1 expert(s)
[MoE] Layer 27: loading 1 expert(s)
[MoE] Layer 29: loading 1 expert(s)
[MoE] Layer 33: loading 1 expert(s)
[MoE] Layer 35: loading 2 expert(s)
[MoE] Layer 37: loading 1 expert(s)
[MoE] Layer 38: loading 1 expert(s)
[MoE] Layer 40: loading 1 expert(s)
[MoE] Layer 41: loading 2 expert(s)
[MoE] Layer 43: loading 1 expert(s)
[MoE] Layer 47: loading 3 expert(s)
[gen 10/149] elapsed=1.9s  TPS=5.337
[MoE] Layer 0: loading 3 expert(s)
[MoE] Layer 1: loading 1 expert(s)
[MoE] Layer 3: loading 1 expert(s)
[MoE] Layer 4: loading 1 expert(s)
[MoE] Layer 5: loading 1 expert(s)
[MoE] Layer 11: loading 1 expert(s)
[MoE] Layer 14: loading 1 expert(s)
[MoE] Layer 22: loading 1 expert(s)
[MoE] Layer 26: loading 1 expert(s)
[MoE] Layer 28: loading 1 expert(s)
[MoE] Layer 29: loading 1 expert(s)
[MoE] Layer 37: loading 1 expert(s)
[MoE] Layer 38: loading 1 expert(s)
[MoE] Layer 39: loading 1 expert(s)
[MoE] Layer 40: loading 2 expert(s)
[MoE] Layer 42: loading 1 expert(s)
[MoE] Layer 43: loading 1 expert(s)
[MoE] Layer 47: loading 1 expert(s)
[MoE] Layer 3: loading 2 expert(s)
[MoE] Layer 4: loading 1 expert(s)
[MoE] Layer 11: loading 1 expert(s)
[MoE] Layer 13: loading 1 expert(s)
[MoE] Layer 17: loading 1 expert(s)
[MoE] Layer 20: loading 1 expert(s)
[MoE] Layer 28: loading 1 expert(s)
[MoE] Layer 31: loading 1 expert(s)
[MoE] Layer 37: loading 1 expert(s)
[MoE] Layer 42: loading 1 expert(s)
[MoE] Layer 0: loading 4 expert(s)
[MoE] Layer 1: loading 2 expert(s)
[MoE] Layer 3: loading 1 expert(s)
[MoE] Layer 11: loading 1 expert(s)
[MoE] Layer 16: loading 1 expert(s)
[MoE] Layer 36: loading 1 expert(s)
[MoE] Layer 42: loading 1 expert(s)
[MoE] Layer 44: loading 1 expert(s)
[MoE] Layer 45: loading 1 expert(s)
[MoE] Layer 3: loading 2 expert(s)
[MoE] Layer 8: loading 1 expert(s)
[MoE] Layer 9: loading 1 expert(s)
[MoE] Layer 17: loading 1 expert(s)
[MoE] Layer 20: loading 1 expert(s)
[MoE] Layer 24: loading 1 expert(s)
[MoE] Layer 25: loading 1 expert(s)
[MoE] Layer 32: loading 1 expert(s)
[MoE] Layer 36: loading 1 expert(s)
[MoE] Layer 42: loading 1 expert(s)
[MoE] Layer 47: loading 1 expert(s)
[MoE] Layer 0: loading 1 expert(s)
[MoE] Layer 1: loading 2 expert(s)
[MoE] Layer 8: loading 1 expert(s)
[MoE] Layer 10: loading 1 expert(s)
[MoE] Layer 13: loading 1 expert(s)
[MoE] Layer 15: loading 1 expert(s)
[MoE] Layer 17: loading 1 expert(s)
[MoE] Layer 22: loading 1 expert(s)
[MoE] Layer 25: loading 1 expert(s)
[MoE] Layer 27: loading 2 expert(s)
[MoE] Layer 29: loading 1 expert(s)
[MoE] Layer 30: loading 1 expert(s)
[MoE] Layer 34: loading 1 expert(s)
[MoE] Layer 41: loading 1 expert(s)
[gen 15/149] elapsed=2.4s  TPS=6.268
[MoE] Layer 0: loading 2 expert(s)
[MoE] Layer 2: loading 1 expert(s)
[MoE] Layer 6: loading 1 expert(s)
[MoE] Layer 10: loading 1 expert(s)
[MoE] Layer 18: loading 1 expert(s)
[MoE] Layer 21: loading 1 expert(s)
[MoE] Layer 26: loading 1 expert(s)
[MoE] Layer 32: loading 1 expert(s)
[MoE] Layer 0: loading 1 expert(s)
[MoE] Layer 2: loading 1 expert(s)
[MoE] Layer 20: loading 1 expert(s)
[MoE] Layer 28: loading 1 expert(s)
[MoE] Layer 34: loading 1 expert(s)
[MoE] Layer 37: loading 1 expert(s)
[MoE] Layer 1: loading 1 expert(s)
[MoE] Layer 3: loading 1 expert(s)
[MoE] Layer 5: loading 1 expert(s)
[MoE] Layer 9: loading 1 expert(s)
[MoE] Layer 15: loading 1 expert(s)
[MoE] Layer 17: loading 2 expert(s)
[MoE] Layer 20: loading 1 expert(s)
[MoE] Layer 27: loading 1 expert(s)
[MoE] Layer 29: loading 2 expert(s)
[MoE] Layer 36: loading 1 expert(s)
[MoE] Layer 39: loading 2 expert(s)
[MoE] Layer 41: loading 1 expert(s)
[MoE] Layer 43: loading 1 expert(s)
[MoE] Layer 45: loading 1 expert(s)
[MoE] Layer 46: loading 1 expert(s)
[MoE] Layer 0: loading 1 expert(s)
[MoE] Layer 2: loading 1 expert(s)
[MoE] Layer 8: loading 1 expert(s)
[MoE] Layer 13: loading 1 expert(s)
[MoE] Layer 25: loading 1 expert(s)
[MoE] Layer 28: loading 1 expert(s)
[MoE] Layer 32: loading 1 expert(s)
[MoE] Layer 35: loading 1 expert(s)
[MoE] Layer 36: loading 1 expert(s)
[MoE] Layer 37: loading 3 expert(s)
[MoE] Layer 46: loading 1 expert(s)
[MoE] Layer 0: loading 2 expert(s)
[MoE] Layer 1: loading 2 expert(s)
[MoE] Layer 2: loading 1 expert(s)
[MoE] Layer 3: loading 2 expert(s)
[MoE] Layer 4: loading 1 expert(s)
[MoE] Layer 5: loading 2 expert(s)
[MoE] Layer 9: loading 1 expert(s)
[MoE] Layer 12: loading 2 expert(s)
[MoE] Layer 13: loading 1 expert(s)
[MoE] Layer 15: loading 1 expert(s)
[MoE] Layer 16: loading 2 expert(s)
[MoE] Layer 17: loading 1 expert(s)
[MoE] Layer 20: loading 1 expert(s)
[MoE] Layer 21: loading 1 expert(s)
[MoE] Layer 23: loading 1 expert(s)
[MoE] Layer 25: loading 1 expert(s)
[MoE] Layer 28: loading 1 expert(s)
[MoE] Layer 29: loading 1 expert(s)
[MoE] Layer 32: loading 1 expert(s)
[MoE] Layer 35: loading 1 expert(s)
[MoE] Layer 36: loading 1 expert(s)
[MoE] Layer 38: loading 1 expert(s)
[MoE] Layer 41: loading 1 expert(s)
[MoE] Layer 42: loading 1 expert(s)
[MoE] Layer 44: loading 1 expert(s)
[gen 20/149] elapsed=2.9s  TPS=6.840
[MoE] Layer 3: loading 1 expert(s)
[MoE] Layer 14: loading 1 expert(s)
[MoE] Layer 17: loading 1 expert(s)
[MoE] Layer 22: loading 1 expert(s)
[MoE] Layer 1: loading 1 expert(s)
[MoE] Layer 3: loading 1 expert(s)
[MoE] Layer 17: loading 1 expert(s)
[MoE] Layer 2: loading 1 expert(s)
[MoE] Layer 8: loading 1 expert(s)
[MoE] Layer 10: loading 1 expert(s)
[MoE] Layer 16: loading 1 expert(s)
[MoE] Layer 20: loading 1 expert(s)
[MoE] Layer 23: loading 1 expert(s)
[MoE] Layer 0: loading 1 expert(s)
[MoE] Layer 14: loading 1 expert(s)
[MoE] Layer 10: loading 1 expert(s)
[gen 25/149] elapsed=3.2s  TPS=7.694
[MoE] Layer 0: loading 3 expert(s)
[MoE] Layer 27: loading 1 expert(s)
[MoE] Layer 39: loading 1 expert(s)
[MoE] Layer 40: loading 2 expert(s)
[MoE] Layer 41: loading 1 expert(s)
[MoE] Layer 46: loading 1 expert(s)
[MoE] Layer 47: loading 1 expert(s)
[MoE] Layer 0: loading 3 expert(s)
[MoE] Layer 1: loading 2 expert(s)
[MoE] Layer 3: loading 1 expert(s)
[MoE] Layer 8: loading 1 expert(s)
[MoE] Layer 11: loading 1 expert(s)
[MoE] Layer 13: loading 1 expert(s)
[MoE] Layer 16: loading 1 expert(s)
[MoE] Layer 17: loading 1 expert(s)
[MoE] Layer 20: loading 1 expert(s)
[MoE] Layer 22: loading 3 expert(s)
[MoE] Layer 25: loading 1 expert(s)
[MoE] Layer 27: loading 1 expert(s)
[MoE] Layer 28: loading 1 expert(s)
[MoE] Layer 29: loading 1 expert(s)
[MoE] Layer 34: loading 1 expert(s)
[MoE] Layer 35: loading 1 expert(s)
[MoE] Layer 37: loading 1 expert(s)
[MoE] Layer 41: loading 1 expert(s)
[MoE] Layer 43: loading 1 expert(s)
[MoE] Layer 46: loading 2 expert(s)
[MoE] Layer 47: loading 1 expert(s)
[MoE] Layer 0: loading 2 expert(s)
[MoE] Layer 1: loading 2 expert(s)
[MoE] Layer 2: loading 2 expert(s)
[MoE] Layer 4: loading 1 expert(s)
[MoE] Layer 6: loading 1 expert(s)
[MoE] Layer 7: loading 1 expert(s)
[MoE] Layer 8: loading 1 expert(s)
[MoE] Layer 10: loading 2 expert(s)
[MoE] Layer 13: loading 1 expert(s)
[MoE] Layer 17: loading 1 expert(s)
[MoE] Layer 18: loading 1 expert(s)
[MoE] Layer 22: loading 4 expert(s)
[MoE] Layer 23: loading 1 expert(s)
[MoE] Layer 25: loading 2 expert(s)
[MoE] Layer 27: loading 1 expert(s)
[MoE] Layer 29: loading 2 expert(s)
[MoE] Layer 30: loading 1 expert(s)
[MoE] Layer 32: loading 1 expert(s)
[MoE] Layer 34: loading 2 expert(s)
[MoE] Layer 41: loading 1 expert(s)
[MoE] Layer 44: loading 1 expert(s)
[MoE] Layer 46: loading 1 expert(s)
[MoE] Layer 1: loading 1 expert(s)
[MoE] Layer 3: loading 2 expert(s)
[MoE] Layer 4: loading 1 expert(s)
[MoE] Layer 5: loading 1 expert(s)
[MoE] Layer 6: loading 1 expert(s)
[MoE] Layer 23: loading 1 expert(s)
[MoE] Layer 34: loading 1 expert(s)
[MoE] Layer 35: loading 1 expert(s)
[MoE] Layer 36: loading 1 expert(s)
[MoE] Layer 37: loading 2 expert(s)
[MoE] Layer 0: loading 1 expert(s)
[MoE] Layer 9: loading 1 expert(s)
[MoE] Layer 14: loading 1 expert(s)
[gen 30/149] elapsed=3.8s  TPS=7.907
[MoE] Layer 2: loading 2 expert(s)
[MoE] Layer 43: loading 1 expert(s)
[MoE] Layer 0: loading 2 expert(s)
[MoE] Layer 3: loading 1 expert(s)
[MoE] Layer 13: loading 1 expert(s)
[MoE] Layer 17: loading 1 expert(s)
[MoE] Layer 25: loading 1 expert(s)
[MoE] Layer 29: loading 1 expert(s)
[MoE] Layer 0: loading 2 expert(s)
[MoE] Layer 3: loading 2 expert(s)
[MoE] Layer 10: loading 1 expert(s)
[MoE] Layer 19: loading 1 expert(s)
[MoE] Layer 43: loading 1 expert(s)
[MoE] Layer 2: loading 1 expert(s)
[MoE] Layer 4: loading 1 expert(s)
[MoE] Layer 13: loading 1 expert(s)
[MoE] Layer 16: loading 1 expert(s)
[MoE] Layer 17: loading 1 expert(s)
[MoE] Layer 18: loading 1 expert(s)
[MoE] Layer 23: loading 1 expert(s)
[MoE] Layer 28: loading 1 expert(s)
[MoE] Layer 32: loading 1 expert(s)
[MoE] Layer 34: loading 1 expert(s)
[MoE] Layer 45: loading 1 expert(s)
[MoE] Layer 3: loading 1 expert(s)
[MoE] Layer 10: loading 1 expert(s)
[gen 35/149] elapsed=4.2s  TPS=8.420
[MoE] Layer 0: loading 1 expert(s)
[MoE] Layer 16: loading 1 expert(s)
[MoE] Layer 24: loading 1 expert(s)
[MoE] Layer 31: loading 1 expert(s)
[MoE] Layer 0: loading 3 expert(s)
[MoE] Layer 8: loading 2 expert(s)
[MoE] Layer 24: loading 1 expert(s)
[MoE] Layer 36: loading 1 expert(s)
[MoE] Layer 30: loading 1 expert(s)
[MoE] Layer 37: loading 1 expert(s)
[MoE] Layer 5: loading 2 expert(s)
[MoE] Layer 17: loading 1 expert(s)
[MoE] Layer 18: loading 1 expert(s)
[MoE] Layer 19: loading 1 expert(s)
[MoE] Layer 23: loading 1 expert(s)
[MoE] Layer 25: loading 1 expert(s)
[MoE] Layer 26: loading 1 expert(s)
[MoE] Layer 30: loading 1 expert(s)
[MoE] Layer 35: loading 1 expert(s)
[MoE] Layer 36: loading 1 expert(s)
[MoE] Layer 13: loading 2 expert(s)
[MoE] Layer 17: loading 1 expert(s)
[MoE] Layer 24: loading 1 expert(s)
[MoE] Layer 26: loading 1 expert(s)
[MoE] Layer 27: loading 1 expert(s)
[MoE] Layer 29: loading 1 expert(s)
[MoE] Layer 34: loading 1 expert(s)
[MoE] Layer 39: loading 1 expert(s)
[MoE] Layer 40: loading 2 expert(s)
[MoE] Layer 41: loading 2 expert(s)
[MoE] Layer 42: loading 1 expert(s)
[MoE] Layer 44: loading 2 expert(s)
[MoE] Layer 45: loading 1 expert(s)
[gen 40/149] elapsed=4.6s  TPS=8.790
[MoE] Layer 0: loading 1 expert(s)
[MoE] Layer 7: loading 1 expert(s)
[MoE] Layer 8: loading 1 expert(s)
[MoE] Layer 11: loading 1 expert(s)
[MoE] Layer 12: loading 1 expert(s)
[MoE] Layer 13: loading 1 expert(s)
[MoE] Layer 17: loading 1 expert(s)
[MoE] Layer 18: loading 1 expert(s)
[MoE] Layer 21: loading 1 expert(s)
[MoE] Layer 22: loading 2 expert(s)
[MoE] Layer 23: loading 2 expert(s)
[MoE] Layer 24: loading 3 expert(s)
[MoE] Layer 25: loading 1 expert(s)
[MoE] Layer 27: loading 2 expert(s)
[MoE] Layer 29: loading 2 expert(s)
[MoE] Layer 30: loading 2 expert(s)
[MoE] Layer 31: loading 2 expert(s)
[MoE] Layer 32: loading 1 expert(s)
[MoE] Layer 33: loading 3 expert(s)
[MoE] Layer 34: loading 1 expert(s)
[MoE] Layer 35: loading 2 expert(s)
[MoE] Layer 36: loading 4 expert(s)
[MoE] Layer 37: loading 1 expert(s)
[MoE] Layer 39: loading 1 expert(s)
[MoE] Layer 40: loading 2 expert(s)
[MoE] Layer 41: loading 1 expert(s)
[MoE] Layer 42: loading 1 expert(s)
[MoE] Layer 7: loading 1 expert(s)
[MoE] Layer 20: loading 1 expert(s)
[MoE] Layer 23: loading 1 expert(s)
[MoE] Layer 32: loading 1 expert(s)
[MoE] Layer 34: loading 1 expert(s)
[MoE] Layer 39: loading 1 expert(s)
[MoE] Layer 40: loading 1 expert(s)
[MoE] Layer 41: loading 1 expert(s)
[MoE] Layer 44: loading 1 expert(s)
[MoE] Layer 1: loading 1 expert(s)
[MoE] Layer 4: loading 2 expert(s)
[MoE] Layer 11: loading 1 expert(s)
[MoE] Layer 28: loading 1 expert(s)
[MoE] Layer 31: loading 1 expert(s)
[MoE] Layer 41: loading 1 expert(s)
[MoE] Layer 43: loading 1 expert(s)
[MoE] Layer 0: loading 1 expert(s)
[MoE] Layer 1: loading 1 expert(s)
[MoE] Layer 12: loading 1 expert(s)
[MoE] Layer 13: loading 1 expert(s)
[MoE] Layer 23: loading 2 expert(s)
[MoE] Layer 24: loading 1 expert(s)
[MoE] Layer 25: loading 1 expert(s)
[MoE] Layer 38: loading 1 expert(s)
[MoE] Layer 1: loading 1 expert(s)
[MoE] Layer 9: loading 1 expert(s)
[MoE] Layer 20: loading 1 expert(s)
[MoE] Layer 25: loading 1 expert(s)
[MoE] Layer 37: loading 1 expert(s)
[MoE] Layer 40: loading 1 expert(s)
[gen 45/149] elapsed=5.1s  TPS=8.895
[MoE] Layer 0: loading 1 expert(s)
[MoE] Layer 29: loading 1 expert(s)
[MoE] Layer 0: loading 1 expert(s)
[MoE] Layer 8: loading 1 expert(s)
[MoE] Layer 19: loading 1 expert(s)
[MoE] Layer 20: loading 1 expert(s)
[MoE] Layer 22: loading 1 expert(s)
[MoE] Layer 25: loading 1 expert(s)
[MoE] Layer 28: loading 1 expert(s)
[MoE] Layer 29: loading 1 expert(s)
[MoE] Layer 42: loading 1 expert(s)
[MoE] Layer 1: loading 1 expert(s)
[MoE] Layer 2: loading 1 expert(s)
[MoE] Layer 10: loading 1 expert(s)
[MoE] Layer 12: loading 1 expert(s)
[MoE] Layer 16: loading 1 expert(s)
[MoE] Layer 23: loading 1 expert(s)
[MoE] Layer 28: loading 1 expert(s)
[MoE] Layer 29: loading 1 expert(s)
[MoE] Layer 35: loading 1 expert(s)
[MoE] Layer 36: loading 1 expert(s)
[MoE] Layer 40: loading 1 expert(s)
[MoE] Layer 42: loading 1 expert(s)
[MoE] Layer 0: loading 2 expert(s)
[MoE] Layer 9: loading 1 expert(s)
[MoE] Layer 10: loading 1 expert(s)
[MoE] Layer 21: loading 1 expert(s)
[MoE] Layer 25: loading 1 expert(s)
[MoE] Layer 0: loading 2 expert(s)
[MoE] Layer 2: loading 1 expert(s)
[MoE] Layer 3: loading 1 expert(s)
[MoE] Layer 5: loading 1 expert(s)
[MoE] Layer 7: loading 1 expert(s)
[MoE] Layer 10: loading 2 expert(s)
[MoE] Layer 12: loading 1 expert(s)
[MoE] Layer 13: loading 1 expert(s)
[MoE] Layer 15: loading 1 expert(s)
[MoE] Layer 24: loading 3 expert(s)
[MoE] Layer 25: loading 1 expert(s)
[MoE] Layer 26: loading 1 expert(s)
[MoE] Layer 27: loading 1 expert(s)
[MoE] Layer 28: loading 1 expert(s)
[MoE] Layer 30: loading 1 expert(s)
[MoE] Layer 38: loading 1 expert(s)
[MoE] Layer 41: loading 1 expert(s)
[MoE] Layer 47: loading 1 expert(s)
[gen 50/149] elapsed=5.5s  TPS=9.071
[MoE] Layer 0: loading 3 expert(s)
[MoE] Layer 1: loading 2 expert(s)
[MoE] Layer 3: loading 2 expert(s)
[MoE] Layer 22: loading 2 expert(s)
[MoE] Layer 28: loading 1 expert(s)
[MoE] Layer 29: loading 1 expert(s)
[MoE] Layer 34: loading 1 expert(s)
[MoE] Layer 39: loading 1 expert(s)
[MoE] Layer 0: loading 2 expert(s)
[MoE] Layer 22: loading 1 expert(s)
[MoE] Layer 0: loading 1 expert(s)
[MoE] Layer 16: loading 1 expert(s)
[MoE] Layer 20: loading 1 expert(s)
[MoE] Layer 22: loading 1 expert(s)
[MoE] Layer 0: loading 1 expert(s)
[MoE] Layer 3: loading 1 expert(s)
[MoE] Layer 11: loading 1 expert(s)
[MoE] Layer 32: loading 1 expert(s)
[MoE] Layer 0: loading 2 expert(s)
[MoE] Layer 3: loading 1 expert(s)
[MoE] Layer 32: loading 2 expert(s)
[MoE] Layer 33: loading 1 expert(s)
[MoE] Layer 35: loading 1 expert(s)
[gen 55/149] elapsed=5.9s  TPS=9.375
[MoE] Layer 0: loading 1 expert(s)
[MoE] Layer 16: loading 1 expert(s)
[MoE] Layer 23: loading 1 expert(s)
[MoE] Layer 25: loading 1 expert(s)
[MoE] Layer 27: loading 1 expert(s)
[MoE] Layer 0: loading 1 expert(s)
[MoE] Layer 10: loading 1 expert(s)
[MoE] Layer 21: loading 1 expert(s)
[MoE] Layer 25: loading 1 expert(s)
[MoE] Layer 0: loading 1 expert(s)
[MoE] Layer 1: loading 1 expert(s)
[MoE] Layer 8: loading 1 expert(s)
[MoE] Layer 11: loading 1 expert(s)
[MoE] Layer 17: loading 1 expert(s)
[MoE] Layer 10: loading 1 expert(s)
[MoE] Layer 13: loading 1 expert(s)
[gen 60/149] elapsed=6.2s  TPS=9.700
[MoE] Layer 0: loading 1 expert(s)
[MoE] Layer 4: loading 1 expert(s)
[MoE] Layer 13: loading 1 expert(s)
[MoE] Layer 16: loading 1 expert(s)
[MoE] Layer 17: loading 1 expert(s)
[MoE] Layer 21: loading 1 expert(s)
[MoE] Layer 32: loading 1 expert(s)
[MoE] Layer 3: loading 1 expert(s)
[MoE] Layer 4: loading 1 expert(s)
[MoE] Layer 8: loading 1 expert(s)
[MoE] Layer 17: loading 1 expert(s)
[MoE] Layer 20: loading 1 expert(s)
[MoE] Layer 29: loading 1 expert(s)
[MoE] Layer 33: loading 1 expert(s)
[MoE] Layer 36: loading 1 expert(s)
[MoE] Layer 39: loading 1 expert(s)
[MoE] Layer 41: loading 1 expert(s)
[MoE] Layer 42: loading 1 expert(s)
[MoE] Layer 0: loading 1 expert(s)
[MoE] Layer 1: loading 1 expert(s)
[MoE] Layer 2: loading 1 expert(s)
[MoE] Layer 3: loading 1 expert(s)
[MoE] Layer 4: loading 1 expert(s)
[MoE] Layer 16: loading 1 expert(s)
[MoE] Layer 17: loading 1 expert(s)
[MoE] Layer 26: loading 1 expert(s)
[MoE] Layer 29: loading 1 expert(s)
[MoE] Layer 32: loading 1 expert(s)
[MoE] Layer 34: loading 1 expert(s)
[MoE] Layer 40: loading 1 expert(s)
[MoE] Layer 4: loading 1 expert(s)
[MoE] Layer 9: loading 1 expert(s)
[MoE] Layer 20: loading 1 expert(s)
[MoE] Layer 23: loading 1 expert(s)
[MoE] Layer 28: loading 2 expert(s)
[MoE] Layer 32: loading 1 expert(s)
[MoE] Layer 42: loading 1 expert(s)
[MoE] Layer 1: loading 1 expert(s)
[MoE] Layer 3: loading 1 expert(s)
[MoE] Layer 27: loading 1 expert(s)
[gen 65/149] elapsed=6.6s  TPS=9.847
[MoE] Layer 10: loading 1 expert(s)
[MoE] Layer 19: loading 1 expert(s)
[MoE] Layer 22: loading 1 expert(s)
[MoE] Layer 23: loading 1 expert(s)
[MoE] Layer 24: loading 2 expert(s)
[MoE] Layer 26: loading 1 expert(s)
[MoE] Layer 28: loading 1 expert(s)
[MoE] Layer 31: loading 1 expert(s)
[MoE] Layer 35: loading 1 expert(s)
[MoE] Layer 0: loading 1 expert(s)
[MoE] Layer 2: loading 1 expert(s)
[MoE] Layer 6: loading 1 expert(s)
[MoE] Layer 0: loading 1 expert(s)
[MoE] Layer 5: loading 1 expert(s)
[MoE] Layer 23: loading 1 expert(s)
[MoE] Layer 34: loading 1 expert(s)
[MoE] Layer 3: loading 1 expert(s)
[MoE] Layer 17: loading 1 expert(s)
[MoE] Layer 23: loading 1 expert(s)
[MoE] Layer 35: loading 1 expert(s)
[gen 70/149] elapsed=6.9s  TPS=10.093
[MoE] Layer 0: loading 1 expert(s)
[MoE] Layer 1: loading 1 expert(s)
[MoE] Layer 3: loading 2 expert(s)
[MoE] Layer 5: loading 1 expert(s)
[MoE] Layer 8: loading 1 expert(s)
[MoE] Layer 22: loading 1 expert(s)
[MoE] Layer 24: loading 1 expert(s)
[MoE] Layer 26: loading 1 expert(s)
[MoE] Layer 27: loading 1 expert(s)
[MoE] Layer 0: loading 3 expert(s)
[MoE] Layer 1: loading 1 expert(s)
[MoE] Layer 3: loading 1 expert(s)
[MoE] Layer 10: loading 1 expert(s)
[MoE] Layer 25: loading 1 expert(s)
[MoE] Layer 3: loading 1 expert(s)
[MoE] Layer 20: loading 1 expert(s)
[MoE] Layer 21: loading 1 expert(s)
[MoE] Layer 25: loading 1 expert(s)
[MoE] Layer 39: loading 1 expert(s)
[MoE] Layer 4: loading 1 expert(s)
[MoE] Layer 13: loading 1 expert(s)
[MoE] Layer 15: loading 1 expert(s)
[MoE] Layer 17: loading 1 expert(s)
[MoE] Layer 25: loading 1 expert(s)
[MoE] Layer 29: loading 2 expert(s)
[MoE] Layer 32: loading 1 expert(s)
[MoE] Layer 37: loading 1 expert(s)
[MoE] Layer 44: loading 1 expert(s)
[gen 75/149] elapsed=7.3s  TPS=10.254
[MoE] Layer 45: loading 1 expert(s)
[MoE] Layer 0: loading 1 expert(s)
[MoE] Layer 16: loading 1 expert(s)
[MoE] Layer 28: loading 1 expert(s)
[MoE] Layer 34: loading 1 expert(s)
[MoE] Layer 37: loading 1 expert(s)
[MoE] Layer 45: loading 1 expert(s)
[MoE] Layer 3: loading 1 expert(s)
[MoE] Layer 39: loading 1 expert(s)
[MoE] Layer 44: loading 1 expert(s)
[MoE] Layer 8: loading 1 expert(s)
[MoE] Layer 0: loading 1 expert(s)
[MoE] Layer 2: loading 1 expert(s)
[MoE] Layer 9: loading 1 expert(s)
[MoE] Layer 10: loading 1 expert(s)
[MoE] Layer 12: loading 1 expert(s)
[MoE] Layer 13: loading 1 expert(s)
[MoE] Layer 21: loading 1 expert(s)
[MoE] Layer 26: loading 1 expert(s)
[MoE] Layer 28: loading 1 expert(s)
[MoE] Layer 33: loading 1 expert(s)
[MoE] Layer 39: loading 1 expert(s)
[MoE] Layer 47: loading 1 expert(s)
[gen 80/149] elapsed=7.7s  TPS=10.436
[MoE] Layer 1: loading 1 expert(s)
[MoE] Layer 14: loading 1 expert(s)
[MoE] Layer 25: loading 1 expert(s)
[MoE] Layer 28: loading 1 expert(s)
[MoE] Layer 37: loading 1 expert(s)
[MoE] Layer 15: loading 1 expert(s)
[MoE] Layer 41: loading 1 expert(s)
[MoE] Layer 43: loading 1 expert(s)
[MoE] Layer 0: loading 1 expert(s)
[MoE] Layer 2: loading 1 expert(s)
[MoE] Layer 4: loading 1 expert(s)
[MoE] Layer 12: loading 1 expert(s)
[MoE] Layer 15: loading 1 expert(s)
[MoE] Layer 16: loading 1 expert(s)
[MoE] Layer 22: loading 1 expert(s)
[MoE] Layer 25: loading 1 expert(s)
[MoE] Layer 39: loading 1 expert(s)
[MoE] Layer 0: loading 2 expert(s)
[MoE] Layer 3: loading 1 expert(s)
[MoE] Layer 4: loading 1 expert(s)
[MoE] Layer 15: loading 1 expert(s)
[MoE] Layer 19: loading 1 expert(s)
[MoE] Layer 20: loading 1 expert(s)
[MoE] Layer 22: loading 1 expert(s)
[MoE] Layer 25: loading 1 expert(s)
[MoE] Layer 32: loading 1 expert(s)
[MoE] Layer 37: loading 1 expert(s)
[MoE] Layer 38: loading 1 expert(s)
[MoE] Layer 39: loading 1 expert(s)
[MoE] Layer 41: loading 1 expert(s)
[MoE] Layer 42: loading 1 expert(s)
[MoE] Layer 4: loading 1 expert(s)
[MoE] Layer 10: loading 1 expert(s)
[MoE] Layer 15: loading 1 expert(s)
[MoE] Layer 18: loading 1 expert(s)
[gen 85/149] elapsed=8.1s  TPS=10.523
[MoE] Layer 0: loading 1 expert(s)
[MoE] Layer 3: loading 1 expert(s)
[MoE] Layer 6: loading 1 expert(s)
[MoE] Layer 8: loading 1 expert(s)
[MoE] Layer 10: loading 1 expert(s)
[MoE] Layer 11: loading 1 expert(s)
[MoE] Layer 13: loading 2 expert(s)
[MoE] Layer 16: loading 1 expert(s)
[MoE] Layer 20: loading 1 expert(s)
[MoE] Layer 24: loading 1 expert(s)
[MoE] Layer 25: loading 2 expert(s)
[MoE] Layer 30: loading 1 expert(s)
[MoE] Layer 36: loading 1 expert(s)
[MoE] Layer 37: loading 1 expert(s)
[MoE] Layer 0: loading 1 expert(s)
[MoE] Layer 1: loading 1 expert(s)
[MoE] Layer 13: loading 1 expert(s)
[MoE] Layer 25: loading 1 expert(s)
[MoE] Layer 26: loading 1 expert(s)
[MoE] Layer 33: loading 1 expert(s)
[MoE] Layer 1: loading 1 expert(s)
[MoE] Layer 5: loading 1 expert(s)
[MoE] Layer 8: loading 1 expert(s)
[MoE] Layer 12: loading 1 expert(s)
[MoE] Layer 15: loading 1 expert(s)
[MoE] Layer 28: loading 1 expert(s)
[MoE] Layer 35: loading 1 expert(s)
[MoE] Layer 0: loading 2 expert(s)
[MoE] Layer 3: loading 1 expert(s)
[MoE] Layer 10: loading 1 expert(s)
[MoE] Layer 15: loading 1 expert(s)
[MoE] Layer 18: loading 1 expert(s)
[MoE] Layer 22: loading 1 expert(s)
[MoE] Layer 27: loading 1 expert(s)
[MoE] Layer 29: loading 1 expert(s)
[MoE] Layer 36: loading 1 expert(s)
[MoE] Layer 39: loading 1 expert(s)
[gen 90/149] elapsed=8.5s  TPS=10.580
[MoE] Layer 0: loading 1 expert(s)
[MoE] Layer 1: loading 1 expert(s)
[MoE] Layer 4: loading 1 expert(s)
[MoE] Layer 10: loading 1 expert(s)
[MoE] Layer 13: loading 1 expert(s)
[MoE] Layer 32: loading 1 expert(s)
[MoE] Layer 35: loading 1 expert(s)
[MoE] Layer 37: loading 1 expert(s)
[MoE] Layer 0: loading 2 expert(s)
[MoE] Layer 1: loading 1 expert(s)
[MoE] Layer 3: loading 1 expert(s)
[MoE] Layer 25: loading 2 expert(s)
[MoE] Layer 34: loading 1 expert(s)
[MoE] Layer 46: loading 1 expert(s)
[MoE] Layer 0: loading 4 expert(s)
[MoE] Layer 1: loading 2 expert(s)
[MoE] Layer 3: loading 1 expert(s)
[MoE] Layer 4: loading 1 expert(s)
[MoE] Layer 8: loading 1 expert(s)
[MoE] Layer 9: loading 1 expert(s)
[MoE] Layer 11: loading 1 expert(s)
[MoE] Layer 15: loading 1 expert(s)
[MoE] Layer 16: loading 1 expert(s)
[MoE] Layer 17: loading 3 expert(s)
[MoE] Layer 19: loading 2 expert(s)
[MoE] Layer 20: loading 1 expert(s)
[MoE] Layer 24: loading 1 expert(s)
[MoE] Layer 25: loading 3 expert(s)
[MoE] Layer 27: loading 2 expert(s)
[MoE] Layer 30: loading 1 expert(s)
[MoE] Layer 31: loading 1 expert(s)
[MoE] Layer 32: loading 2 expert(s)
[MoE] Layer 33: loading 1 expert(s)
[MoE] Layer 35: loading 2 expert(s)
[MoE] Layer 37: loading 3 expert(s)
[MoE] Layer 38: loading 1 expert(s)
[MoE] Layer 39: loading 2 expert(s)
[MoE] Layer 40: loading 1 expert(s)
[MoE] Layer 47: loading 1 expert(s)
[MoE] Layer 0: loading 2 expert(s)
[MoE] Layer 1: loading 1 expert(s)
[MoE] Layer 3: loading 1 expert(s)
[MoE] Layer 25: loading 2 expert(s)
[MoE] Layer 37: loading 1 expert(s)
[MoE] Layer 1: loading 1 expert(s)
[MoE] Layer 3: loading 1 expert(s)
[MoE] Layer 5: loading 1 expert(s)
[MoE] Layer 9: loading 1 expert(s)
[MoE] Layer 21: loading 1 expert(s)
[MoE] Layer 27: loading 1 expert(s)
[MoE] Layer 44: loading 1 expert(s)
[gen 95/149] elapsed=9.0s  TPS=10.539
[MoE] Layer 0: loading 2 expert(s)
[MoE] Layer 3: loading 1 expert(s)
[MoE] Layer 29: loading 1 expert(s)
[MoE] Layer 35: loading 1 expert(s)
[MoE] Layer 0: loading 1 expert(s)
[MoE] Layer 25: loading 1 expert(s)
[MoE] Layer 37: loading 1 expert(s)
[MoE] Layer 0: loading 1 expert(s)
[MoE] Layer 1: loading 1 expert(s)
[MoE] Layer 3: loading 1 expert(s)
[MoE] Layer 14: loading 1 expert(s)
[MoE] Layer 17: loading 1 expert(s)
[MoE] Layer 32: loading 1 expert(s)
[MoE] Layer 38: loading 1 expert(s)
[MoE] Layer 43: loading 1 expert(s)
[MoE] Layer 44: loading 1 expert(s)
[MoE] Layer 46: loading 1 expert(s)
[MoE] Layer 1: loading 2 expert(s)
[MoE] Layer 4: loading 1 expert(s)
[MoE] Layer 25: loading 1 expert(s)
[MoE] Layer 35: loading 1 expert(s)
[MoE] Layer 47: loading 1 expert(s)
[MoE] Layer 1: loading 1 expert(s)
[MoE] Layer 3: loading 2 expert(s)
[MoE] Layer 4: loading 2 expert(s)
[MoE] Layer 5: loading 1 expert(s)
[MoE] Layer 8: loading 1 expert(s)
[MoE] Layer 10: loading 1 expert(s)
[MoE] Layer 26: loading 1 expert(s)
[MoE] Layer 28: loading 1 expert(s)
[MoE] Layer 32: loading 1 expert(s)
[MoE] Layer 34: loading 1 expert(s)
[MoE] Layer 35: loading 1 expert(s)
[MoE] Layer 39: loading 1 expert(s)
[MoE] Layer 46: loading 1 expert(s)
[MoE] Layer 47: loading 2 expert(s)
[gen 100/149] elapsed=9.4s  TPS=10.597
[MoE] Layer 2: loading 1 expert(s)
[MoE] Layer 3: loading 1 expert(s)
[MoE] Layer 9: loading 1 expert(s)
[MoE] Layer 20: loading 2 expert(s)
[MoE] Layer 34: loading 1 expert(s)
[MoE] Layer 0: loading 3 expert(s)
[MoE] Layer 1: loading 2 expert(s)
[MoE] Layer 11: loading 2 expert(s)
[MoE] Layer 23: loading 1 expert(s)
[MoE] Layer 24: loading 2 expert(s)
[MoE] Layer 25: loading 1 expert(s)
[MoE] Layer 27: loading 1 expert(s)
[MoE] Layer 43: loading 1 expert(s)
[MoE] Layer 0: loading 2 expert(s)
[MoE] Layer 1: loading 1 expert(s)
[MoE] Layer 17: loading 1 expert(s)
[MoE] Layer 22: loading 1 expert(s)
[MoE] Layer 37: loading 1 expert(s)
[MoE] Layer 10: loading 1 expert(s)
[MoE] Layer 23: loading 1 expert(s)
[MoE] Layer 25: loading 1 expert(s)
[MoE] Layer 0: loading 1 expert(s)
[MoE] Layer 5: loading 1 expert(s)
[MoE] Layer 6: loading 1 expert(s)
[MoE] Layer 8: loading 1 expert(s)
[MoE] Layer 10: loading 1 expert(s)
[MoE] Layer 20: loading 1 expert(s)
[MoE] Layer 25: loading 1 expert(s)
[MoE] Layer 27: loading 1 expert(s)
[MoE] Layer 30: loading 1 expert(s)
[MoE] Layer 33: loading 1 expert(s)
[gen 105/149] elapsed=9.8s  TPS=10.671
[MoE] Layer 3: loading 1 expert(s)
[MoE] Layer 17: loading 1 expert(s)
[MoE] Layer 21: loading 1 expert(s)
[MoE] Layer 22: loading 1 expert(s)
[MoE] Layer 36: loading 1 expert(s)
[MoE] Layer 3: loading 2 expert(s)
[MoE] Layer 9: loading 1 expert(s)
[MoE] Layer 19: loading 1 expert(s)
[MoE] Layer 20: loading 1 expert(s)
[MoE] Layer 23: loading 1 expert(s)
[MoE] Layer 25: loading 1 expert(s)
[MoE] Layer 0: loading 2 expert(s)
[MoE] Layer 15: loading 1 expert(s)
[MoE] Layer 32: loading 1 expert(s)
[MoE] Layer 36: loading 1 expert(s)
[MoE] Layer 43: loading 1 expert(s)
[MoE] Layer 1: loading 1 expert(s)
[MoE] Layer 3: loading 1 expert(s)
[MoE] Layer 29: loading 1 expert(s)
[MoE] Layer 39: loading 1 expert(s)
[gen 110/149] elapsed=10.2s  TPS=10.797
[MoE] Layer 10: loading 1 expert(s)
[MoE] Layer 0: loading 2 expert(s)
[MoE] Layer 0: loading 2 expert(s)
[MoE] Layer 1: loading 2 expert(s)
[MoE] Layer 2: loading 2 expert(s)
[MoE] Layer 3: loading 2 expert(s)
[MoE] Layer 4: loading 2 expert(s)
[MoE] Layer 5: loading 1 expert(s)
[MoE] Layer 8: loading 1 expert(s)
[MoE] Layer 10: loading 1 expert(s)
[MoE] Layer 11: loading 1 expert(s)
[MoE] Layer 13: loading 1 expert(s)
[MoE] Layer 16: loading 1 expert(s)
[MoE] Layer 20: loading 1 expert(s)
[MoE] Layer 26: loading 1 expert(s)
[MoE] Layer 28: loading 1 expert(s)
[MoE] Layer 32: loading 1 expert(s)
[MoE] Layer 33: loading 1 expert(s)
[MoE] Layer 36: loading 1 expert(s)
[MoE] Layer 37: loading 2 expert(s)
[MoE] Layer 39: loading 1 expert(s)
[MoE] Layer 41: loading 1 expert(s)
[MoE] Layer 42: loading 2 expert(s)
[MoE] Layer 44: loading 1 expert(s)
[MoE] Layer 45: loading 1 expert(s)
[MoE] Layer 46: loading 1 expert(s)
[MoE] Layer 0: loading 2 expert(s)
[MoE] Layer 1: loading 1 expert(s)
[MoE] Layer 3: loading 1 expert(s)
[MoE] Layer 5: loading 1 expert(s)
[MoE] Layer 6: loading 1 expert(s)
[MoE] Layer 11: loading 1 expert(s)
[MoE] Layer 18: loading 1 expert(s)
[MoE] Layer 23: loading 1 expert(s)
[MoE] Layer 25: loading 2 expert(s)
[MoE] Layer 35: loading 1 expert(s)
[MoE] Layer 0: loading 1 expert(s)
[MoE] Layer 2: loading 1 expert(s)
[gen 115/149] elapsed=10.6s  TPS=10.817
[MoE] Layer 0: loading 2 expert(s)
[MoE] Layer 16: loading 1 expert(s)
[MoE] Layer 23: loading 1 expert(s)
[MoE] Layer 29: loading 1 expert(s)
[MoE] Layer 31: loading 1 expert(s)
[MoE] Layer 33: loading 1 expert(s)
[MoE] Layer 35: loading 2 expert(s)
[MoE] Layer 37: loading 1 expert(s)
[MoE] Layer 44: loading 1 expert(s)
[MoE] Layer 0: loading 2 expert(s)
[MoE] Layer 11: loading 1 expert(s)
[MoE] Layer 29: loading 1 expert(s)
[MoE] Layer 37: loading 1 expert(s)
[MoE] Layer 11: loading 1 expert(s)
[MoE] Layer 20: loading 1 expert(s)
[MoE] Layer 0: loading 3 expert(s)
[MoE] Layer 6: loading 1 expert(s)
[MoE] Layer 11: loading 1 expert(s)
[MoE] Layer 14: loading 1 expert(s)
[MoE] Layer 26: loading 1 expert(s)
[MoE] Layer 27: loading 1 expert(s)
[MoE] Layer 34: loading 1 expert(s)
[MoE] Layer 36: loading 1 expert(s)
[MoE] Layer 0: loading 1 expert(s)
[MoE] Layer 18: loading 1 expert(s)
[MoE] Layer 38: loading 1 expert(s)
[gen 120/149] elapsed=11.0s  TPS=10.900
[MoE] Layer 0: loading 2 expert(s)
[MoE] Layer 26: loading 1 expert(s)
[MoE] Layer 0: loading 1 expert(s)
[MoE] Layer 2: loading 1 expert(s)
[MoE] Layer 23: loading 1 expert(s)
[MoE] Layer 41: loading 1 expert(s)
[MoE] Layer 0: loading 3 expert(s)
[MoE] Layer 9: loading 1 expert(s)
[MoE] Layer 15: loading 1 expert(s)
[MoE] Layer 16: loading 1 expert(s)
[MoE] Layer 21: loading 2 expert(s)
[MoE] Layer 22: loading 1 expert(s)
[MoE] Layer 23: loading 2 expert(s)
[MoE] Layer 24: loading 2 expert(s)
[MoE] Layer 25: loading 1 expert(s)
[MoE] Layer 28: loading 1 expert(s)
[MoE] Layer 29: loading 1 expert(s)
[MoE] Layer 30: loading 1 expert(s)
[MoE] Layer 33: loading 1 expert(s)
[MoE] Layer 35: loading 2 expert(s)
[MoE] Layer 37: loading 2 expert(s)
[MoE] Layer 39: loading 1 expert(s)
[MoE] Layer 40: loading 1 expert(s)
[MoE] Layer 47: loading 1 expert(s)
[MoE] Layer 0: loading 1 expert(s)
[MoE] Layer 4: loading 1 expert(s)
[MoE] Layer 30: loading 1 expert(s)
[MoE] Layer 35: loading 1 expert(s)
[MoE] Layer 42: loading 1 expert(s)
[MoE] Layer 44: loading 1 expert(s)
[MoE] Layer 0: loading 1 expert(s)
[MoE] Layer 15: loading 1 expert(s)
[MoE] Layer 35: loading 1 expert(s)
[gen 125/149] elapsed=11.4s  TPS=10.931
[MoE] Layer 0: loading 1 expert(s)
[MoE] Layer 5: loading 1 expert(s)
[MoE] Layer 13: loading 1 expert(s)
[MoE] Layer 26: loading 1 expert(s)
[MoE] Layer 30: loading 1 expert(s)
[MoE] Layer 32: loading 2 expert(s)
[MoE] Layer 39: loading 1 expert(s)
[MoE] Layer 34: loading 1 expert(s)
[MoE] Layer 35: loading 1 expert(s)
[MoE] Layer 37: loading 1 expert(s)
[MoE] Layer 40: loading 1 expert(s)
[MoE] Layer 0: loading 2 expert(s)
[MoE] Layer 12: loading 1 expert(s)
[MoE] Layer 13: loading 1 expert(s)
[MoE] Layer 22: loading 1 expert(s)
[MoE] Layer 26: loading 1 expert(s)
[MoE] Layer 27: loading 2 expert(s)
[MoE] Layer 28: loading 1 expert(s)
[MoE] Layer 29: loading 1 expert(s)
[MoE] Layer 30: loading 1 expert(s)
[MoE] Layer 34: loading 1 expert(s)
[MoE] Layer 38: loading 1 expert(s)
[MoE] Layer 1: loading 1 expert(s)
[MoE] Layer 10: loading 1 expert(s)
[MoE] Layer 16: loading 1 expert(s)
[MoE] Layer 17: loading 1 expert(s)
[MoE] Layer 22: loading 1 expert(s)
[MoE] Layer 24: loading 1 expert(s)
[MoE] Layer 25: loading 1 expert(s)
[MoE] Layer 28: loading 1 expert(s)
[MoE] Layer 29: loading 1 expert(s)
[MoE] Layer 32: loading 2 expert(s)
[MoE] Layer 34: loading 1 expert(s)
[MoE] Layer 36: loading 2 expert(s)
[MoE] Layer 37: loading 1 expert(s)
[MoE] Layer 38: loading 1 expert(s)
[MoE] Layer 39: loading 1 expert(s)
[MoE] Layer 41: loading 1 expert(s)
[MoE] Layer 20: loading 2 expert(s)
[MoE] Layer 32: loading 1 expert(s)
[MoE] Layer 36: loading 1 expert(s)
[MoE] Layer 39: loading 1 expert(s)
[MoE] Layer 40: loading 1 expert(s)
[gen 130/149] elapsed=11.9s  TPS=10.934
[MoE] Layer 0: loading 2 expert(s)
[MoE] Layer 36: loading 1 expert(s)
[MoE] Layer 6: loading 1 expert(s)
[MoE] Layer 13: loading 1 expert(s)
[MoE] Layer 14: loading 1 expert(s)
[MoE] Layer 17: loading 1 expert(s)
[MoE] Layer 22: loading 1 expert(s)
[MoE] Layer 25: loading 1 expert(s)
[MoE] Layer 37: loading 1 expert(s)
[MoE] Layer 11: loading 1 expert(s)
[MoE] Layer 6: loading 1 expert(s)
[MoE] Layer 34: loading 1 expert(s)
[MoE] Layer 35: loading 1 expert(s)
[MoE] Layer 37: loading 1 expert(s)
[MoE] Layer 38: loading 1 expert(s)
[MoE] Layer 0: loading 3 expert(s)
[MoE] Layer 5: loading 1 expert(s)
[MoE] Layer 10: loading 1 expert(s)
[MoE] Layer 11: loading 1 expert(s)
[MoE] Layer 23: loading 1 expert(s)
[MoE] Layer 25: loading 2 expert(s)
[MoE] Layer 28: loading 1 expert(s)
[MoE] Layer 34: loading 1 expert(s)
[MoE] Layer 35: loading 1 expert(s)
[MoE] Layer 36: loading 1 expert(s)
[MoE] Layer 39: loading 1 expert(s)
[MoE] Layer 41: loading 1 expert(s)
[gen 135/149] elapsed=12.3s  TPS=10.998
[MoE] Layer 0: loading 2 expert(s)
[MoE] Layer 3: loading 1 expert(s)
[MoE] Layer 4: loading 1 expert(s)
[MoE] Layer 5: loading 2 expert(s)
[MoE] Layer 6: loading 1 expert(s)
[MoE] Layer 7: loading 1 expert(s)
[MoE] Layer 8: loading 1 expert(s)
[MoE] Layer 10: loading 1 expert(s)
[MoE] Layer 11: loading 2 expert(s)
[MoE] Layer 12: loading 1 expert(s)
[MoE] Layer 17: loading 1 expert(s)
[MoE] Layer 22: loading 1 expert(s)
[MoE] Layer 29: loading 1 expert(s)
[MoE] Layer 30: loading 1 expert(s)
[MoE] Layer 33: loading 1 expert(s)
[MoE] Layer 35: loading 1 expert(s)
[MoE] Layer 0: loading 2 expert(s)
[MoE] Layer 1: loading 1 expert(s)
[MoE] Layer 12: loading 1 expert(s)
[MoE] Layer 14: loading 1 expert(s)
[MoE] Layer 20: loading 1 expert(s)
[MoE] Layer 24: loading 1 expert(s)
[MoE] Layer 27: loading 1 expert(s)
[MoE] Layer 35: loading 1 expert(s)
[MoE] Layer 0: loading 2 expert(s)
[MoE] Layer 8: loading 1 expert(s)
[MoE] Layer 11: loading 1 expert(s)
[MoE] Layer 42: loading 1 expert(s)
[MoE] Layer 45: loading 1 expert(s)
[MoE] Layer 0: loading 3 expert(s)
[MoE] Layer 5: loading 1 expert(s)
[MoE] Layer 7: loading 1 expert(s)
[MoE] Layer 9: loading 1 expert(s)
[MoE] Layer 10: loading 1 expert(s)
[MoE] Layer 11: loading 1 expert(s)
[MoE] Layer 12: loading 1 expert(s)
[MoE] Layer 13: loading 1 expert(s)
[MoE] Layer 15: loading 1 expert(s)
[MoE] Layer 16: loading 1 expert(s)
[MoE] Layer 18: loading 1 expert(s)
[MoE] Layer 20: loading 1 expert(s)
[MoE] Layer 21: loading 2 expert(s)
[MoE] Layer 24: loading 2 expert(s)
[MoE] Layer 26: loading 1 expert(s)
[MoE] Layer 30: loading 1 expert(s)
[MoE] Layer 32: loading 1 expert(s)
[MoE] Layer 34: loading 2 expert(s)
[MoE] Layer 35: loading 1 expert(s)
[MoE] Layer 36: loading 1 expert(s)
[MoE] Layer 0: loading 2 expert(s)
[gen 140/149] elapsed=12.8s  TPS=10.969
[MoE] Layer 24: loading 1 expert(s)
[MoE] Layer 34: loading 1 expert(s)
[MoE] Layer 40: loading 1 expert(s)
[MoE] Layer 44: loading 1 expert(s)
[MoE] Layer 0: loading 2 expert(s)
[MoE] Layer 10: loading 1 expert(s)
[MoE] Layer 25: loading 1 expert(s)
[MoE] Layer 34: loading 1 expert(s)
[MoE] Layer 36: loading 1 expert(s)
[MoE] Layer 37: loading 1 expert(s)
[MoE] Layer 38: loading 1 expert(s)
[MoE] Layer 0: loading 1 expert(s)
[MoE] Layer 23: loading 1 expert(s)
[MoE] Layer 24: loading 2 expert(s)
[MoE] Layer 27: loading 1 expert(s)
[MoE] Layer 29: loading 1 expert(s)
[MoE] Layer 34: loading 1 expert(s)
[MoE] Layer 38: loading 1 expert(s)
[MoE] Layer 0: loading 2 expert(s)
[MoE] Layer 5: loading 1 expert(s)
[MoE] Layer 12: loading 1 expert(s)
[MoE] Layer 14: loading 1 expert(s)
[MoE] Layer 17: loading 1 expert(s)
[MoE] Layer 24: loading 2 expert(s)
[MoE] Layer 25: loading 1 expert(s)
[MoE] Layer 30: loading 2 expert(s)
[MoE] Layer 31: loading 1 expert(s)
[MoE] Layer 35: loading 1 expert(s)
[MoE] Layer 41: loading 1 expert(s)
[MoE] Layer 11: loading 1 expert(s)
[MoE] Layer 21: loading 1 expert(s)
[MoE] Layer 23: loading 1 expert(s)
[MoE] Layer 25: loading 1 expert(s)
[MoE] Layer 26: loading 1 expert(s)
[MoE] Layer 32: loading 1 expert(s)
[MoE] Layer 34: loading 1 expert(s)
[MoE] Layer 35: loading 1 expert(s)
[MoE] Layer 44: loading 1 expert(s)
[MoE] Layer 46: loading 1 expert(s)
[gen 145/149] elapsed=13.2s  TPS=10.987
[MoE] Layer 0: loading 3 expert(s)
[MoE] Layer 9: loading 1 expert(s)
[MoE] Layer 11: loading 1 expert(s)
[MoE] Layer 24: loading 1 expert(s)
[MoE] Layer 25: loading 1 expert(s)
[MoE] Layer 27: loading 1 expert(s)
[MoE] Layer 29: loading 2 expert(s)
[MoE] Layer 30: loading 1 expert(s)
[MoE] Layer 32: loading 1 expert(s)
[MoE] Layer 33: loading 2 expert(s)
[MoE] Layer 34: loading 3 expert(s)
[MoE] Layer 35: loading 1 expert(s)
[MoE] Layer 36: loading 2 expert(s)
[MoE] Layer 38: loading 1 expert(s)
[MoE] Layer 41: loading 1 expert(s)
[MoE] Layer 46: loading 1 expert(s)
[MoE] Layer 47: loading 1 expert(s)
[MoE] Layer 22: loading 1 expert(s)
[MoE] Layer 23: loading 1 expert(s)
[MoE] Layer 26: loading 1 expert(s)
[MoE] Layer 27: loading 1 expert(s)
[MoE] Layer 31: loading 1 expert(s)
[MoE] Layer 33: loading 1 expert(s)
[MoE] Layer 34: loading 1 expert(s)
[MoE] Layer 36: loading 1 expert(s)
[MoE] Layer 47: loading 1 expert(s)
[MoE] Layer 0: loading 1 expert(s)
[MoE] Layer 17: loading 1 expert(s)
[MoE] Layer 21: loading 1 expert(s)
[MoE] Layer 22: loading 1 expert(s)
[MoE] Layer 41: loading 2 expert(s)
[MoE] Layer 42: loading 1 expert(s)
[MoE] Layer 0: loading 1 expert(s)
[MoE] Layer 3: loading 1 expert(s)
[MoE] Layer 25: loading 1 expert(s)
[MoE] Layer 31: loading 1 expert(s)
[MoE] Layer 34: loading 1 expert(s)
[MoE] Layer 35: loading 1 expert(s)
[MoE] Layer 36: loading 1 expert(s)
[MoE] Layer 39: loading 1 expert(s)
Prefill time (summary): 12.909 seconds
Total Generation Time: 13.589 seconds
Average Time per Token: 0.091 seconds

Expert Cache Statistics:
Layer 0: Hits=1029, Misses=163, HitRate=86.33%
    Bandwidth: MissLoads=163, AvgLoadTime=2.56ms
Layer 1: Hits=1130, Misses=62, HitRate=94.80%
    Bandwidth: MissLoads=62, AvgLoadTime=2.91ms
Layer 2: Hits=1161, Misses=31, HitRate=97.40%
    Bandwidth: MissLoads=31, AvgLoadTime=3.30ms
Layer 3: Hits=1129, Misses=63, HitRate=94.71%
    Bandwidth: MissLoads=63, AvgLoadTime=3.11ms
Layer 4: Hits=1156, Misses=36, HitRate=96.98%
    Bandwidth: MissLoads=36, AvgLoadTime=3.20ms
Layer 5: Hits=1162, Misses=30, HitRate=97.48%
    Bandwidth: MissLoads=30, AvgLoadTime=3.12ms
Layer 6: Hits=1176, Misses=16, HitRate=98.66%
    Bandwidth: MissLoads=16, AvgLoadTime=3.17ms
Layer 7: Hits=1183, Misses=9, HitRate=99.24%
    Bandwidth: MissLoads=9, AvgLoadTime=3.61ms
Layer 8: Hits=1161, Misses=31, HitRate=97.40%
    Bandwidth: MissLoads=31, AvgLoadTime=3.24ms
Layer 9: Hits=1169, Misses=23, HitRate=98.07%
    Bandwidth: MissLoads=23, AvgLoadTime=3.31ms
Layer 10: Hits=1155, Misses=37, HitRate=96.90%
    Bandwidth: MissLoads=37, AvgLoadTime=3.32ms
Layer 11: Hits=1160, Misses=32, HitRate=97.32%
    Bandwidth: MissLoads=32, AvgLoadTime=3.19ms
Layer 12: Hits=1165, Misses=27, HitRate=97.73%
    Bandwidth: MissLoads=27, AvgLoadTime=3.11ms
Layer 13: Hits=1155, Misses=37, HitRate=96.90%
    Bandwidth: MissLoads=37, AvgLoadTime=3.19ms
Layer 14: Hits=1175, Misses=17, HitRate=98.57%
    Bandwidth: MissLoads=17, AvgLoadTime=3.45ms
Layer 15: Hits=1169, Misses=23, HitRate=98.07%
    Bandwidth: MissLoads=23, AvgLoadTime=3.38ms
Layer 16: Hits=1159, Misses=33, HitRate=97.23%
    Bandwidth: MissLoads=33, AvgLoadTime=3.18ms
Layer 17: Hits=1146, Misses=46, HitRate=96.14%
    Bandwidth: MissLoads=46, AvgLoadTime=3.07ms
Layer 18: Hits=1178, Misses=14, HitRate=98.83%
    Bandwidth: MissLoads=14, AvgLoadTime=3.12ms
Layer 19: Hits=1181, Misses=11, HitRate=99.08%
    Bandwidth: MissLoads=11, AvgLoadTime=3.26ms
Layer 20: Hits=1162, Misses=30, HitRate=97.48%
    Bandwidth: MissLoads=30, AvgLoadTime=3.17ms
Layer 21: Hits=1173, Misses=19, HitRate=98.41%
    Bandwidth: MissLoads=19, AvgLoadTime=3.35ms
Layer 22: Hits=1155, Misses=37, HitRate=96.90%
    Bandwidth: MissLoads=37, AvgLoadTime=2.98ms
Layer 23: Hits=1157, Misses=35, HitRate=97.06%
    Bandwidth: MissLoads=35, AvgLoadTime=3.19ms
Layer 24: Hits=1150, Misses=42, HitRate=96.48%
    Bandwidth: MissLoads=42, AvgLoadTime=2.75ms
Layer 25: Hits=1130, Misses=62, HitRate=94.80%
    Bandwidth: MissLoads=62, AvgLoadTime=3.13ms
Layer 26: Hits=1163, Misses=29, HitRate=97.57%
    Bandwidth: MissLoads=29, AvgLoadTime=3.35ms
Layer 27: Hits=1157, Misses=35, HitRate=97.06%
    Bandwidth: MissLoads=35, AvgLoadTime=3.24ms
Layer 28: Hits=1154, Misses=38, HitRate=96.81%
    Bandwidth: MissLoads=38, AvgLoadTime=3.12ms
Layer 29: Hits=1148, Misses=44, HitRate=96.31%
    Bandwidth: MissLoads=44, AvgLoadTime=3.09ms
Layer 30: Hits=1169, Misses=23, HitRate=98.07%
    Bandwidth: MissLoads=23, AvgLoadTime=3.31ms
Layer 31: Hits=1178, Misses=14, HitRate=98.83%
    Bandwidth: MissLoads=14, AvgLoadTime=3.42ms
Layer 32: Hits=1157, Misses=35, HitRate=97.06%
    Bandwidth: MissLoads=35, AvgLoadTime=3.11ms
Layer 33: Hits=1168, Misses=24, HitRate=97.99%
    Bandwidth: MissLoads=24, AvgLoadTime=3.08ms
Layer 34: Hits=1151, Misses=41, HitRate=96.56%
    Bandwidth: MissLoads=41, AvgLoadTime=2.92ms
Layer 35: Hits=1146, Misses=46, HitRate=96.14%
    Bandwidth: MissLoads=46, AvgLoadTime=2.94ms
Layer 36: Hits=1154, Misses=38, HitRate=96.81%
    Bandwidth: MissLoads=38, AvgLoadTime=3.20ms
Layer 37: Hits=1146, Misses=46, HitRate=96.14%
    Bandwidth: MissLoads=46, AvgLoadTime=3.08ms
Layer 38: Hits=1171, Misses=21, HitRate=98.24%
    Bandwidth: MissLoads=21, AvgLoadTime=3.44ms
Layer 39: Hits=1157, Misses=35, HitRate=97.06%
    Bandwidth: MissLoads=35, AvgLoadTime=3.34ms
Layer 40: Hits=1162, Misses=30, HitRate=97.48%
    Bandwidth: MissLoads=30, AvgLoadTime=3.08ms
Layer 41: Hits=1155, Misses=37, HitRate=96.90%
    Bandwidth: MissLoads=37, AvgLoadTime=3.16ms
Layer 42: Hits=1165, Misses=27, HitRate=97.73%
    Bandwidth: MissLoads=27, AvgLoadTime=3.06ms
Layer 43: Hits=1174, Misses=18, HitRate=98.49%
    Bandwidth: MissLoads=18, AvgLoadTime=3.07ms
Layer 44: Hits=1173, Misses=19, HitRate=98.41%
    Bandwidth: MissLoads=19, AvgLoadTime=3.26ms
Layer 45: Hits=1178, Misses=14, HitRate=98.83%
    Bandwidth: MissLoads=14, AvgLoadTime=3.35ms
Layer 46: Hits=1171, Misses=21, HitRate=98.24%
    Bandwidth: MissLoads=21, AvgLoadTime=3.26ms
Layer 47: Hits=1165, Misses=27, HitRate=97.73%
    Bandwidth: MissLoads=27, AvgLoadTime=3.16ms
============================================================
============================================================
Initializing Qwen3 30B-A3B AWQ w4a16 quantized model...
============================================================
Loading quantized weights from QuixiAI/Qwen3-30B-A3B-AWQ...
Using saved safetensors: /home/michael/heteroPredict/py/unified_llm_w4a16/model_weights/Qwen3-30B-A3B-AWQ.safetensors
Expert weights dir: /home/michael/heteroPredict/py/unified_llm_w4a16/model_weights/Qwen3-30B-A3B-AWQ_packed  (format: packed)
Using existing attention weights in /home/michael/heteroPredict/py/unified_llm_w4a16/model_weights/Qwen3-30B-A3B-AWQ_unpacked
Weights loaded (expert dir override) in 0.29 seconds
Pre-warming expert cache with 64 experts...
Model initialized successfully!
Setting lambda to 1.0
Forced top-5 experts into cache mask.
Set expert cache policy to LRU.

Running sweep using prompts from JSON: /tmp/tmprzxkzhxm.json
Loaded 1 prompts for sweeping.

Processing Prompt 1/1...

============================================================
Generated text only:
============================================================
 new emperor , Suzong . He was captured by the rebels and held in the capital for a time . He was released in 757 and returned to his home in the countryside . In 758 , he was appointed as a low-ranking official in the capital , but was soon dismissed for his criticism of the government . He then spent several years in the south , where he was influenced by the landscape and the culture of the region . In 759 , he wrote a series of poems about the suffering of the people during the war . 

 In 759 , he wrote a series of poems about the suffering of the people during the war . 

 In 759 , he wrote a series of poems about the
============================================================

============================================================
Sweep Complete.
Average Time per Token: 0.176702
End-to-End TPS: 5.6592
Cache Stats: Hits=55588, Misses=1628, HitRate=97.15%
Initializing UnifiedLLMW4A16Impl_base
Using NPU config struct.
Configuring NPU (Base):
  Heterogeneity: gpu
  GPU Count: 1
  Debug Verbosity: 1
  Dummy Weights: false
  Warmup: false
  Preload MoE: true
  Minimal PDI: true
[GPU SELECT] Free VRAM ranking: gpu0=28.00/28.00 GiB
[GPU SELECT] Selected GPUs for gpu-count=1: [0]
[GPU MAP] Single-GPU placement on gpu0
UnifiedLLMW4A16 moved to device: cuda:0
Preloading MoE kernels...
MoE kernels preloaded.
UnifiedLLMW4A16 initialized on device: cuda:0 with w4a16 quantization
Loading non-quantized weights from safetensors (mmap): /home/michael/heteroPredict/py/unified_llm_w4a16/model_weights/Qwen3-30B-A3B-AWQ.safetensors
Loaded 243 non-quantized parameters, skipped 0
Loading quantized weights from bins: /home/michael/heteroPredict/py/unified_llm_w4a16/model_weights/Qwen3-30B-A3B-AWQ_unpacked
Pre-warming 64 experts for all layers...
Layer 0: Pre-warming 64 experts.
Layer 0: using packed expert format.
[MoE I/O] Expert weight reads require O_DIRECT (no buffered fallback).
Layer 1: Pre-warming 64 experts.
Layer 1: using packed expert format.
Layer 2: Pre-warming 64 experts.
Layer 2: using packed expert format.
Layer 3: Pre-warming 64 experts.
Layer 3: using packed expert format.
Prewarmed experts for layer 4/48
Layer 4: Pre-warming 64 experts.
Layer 4: using packed expert format.
Layer 5: Pre-warming 64 experts.
Layer 5: using packed expert format.
Layer 6: Pre-warming 64 experts.
Layer 6: using packed expert format.
Layer 7: Pre-warming 64 experts.
Layer 7: using packed expert format.
Prewarmed experts for layer 8/48
Layer 8: Pre-warming 64 experts.
Layer 8: using packed expert format.
Layer 9: Pre-warming 64 experts.
Layer 9: using packed expert format.
Layer 10: Pre-warming 64 experts.
Layer 10: using packed expert format.
Layer 11: Pre-warming 64 experts.
Layer 11: using packed expert format.
Prewarmed experts for layer 12/48
Layer 12: Pre-warming 64 experts.
Layer 12: using packed expert format.
Layer 13: Pre-warming 64 experts.
Layer 13: using packed expert format.
Layer 14: Pre-warming 64 experts.
Layer 14: using packed expert format.
Layer 15: Pre-warming 64 experts.
Layer 15: using packed expert format.
Prewarmed experts for layer 16/48
Layer 16: Pre-warming 64 experts.
Layer 16: using packed expert format.
Layer 17: Pre-warming 64 experts.
Layer 17: using packed expert format.
Layer 18: Pre-warming 64 experts.
Layer 18: using packed expert format.
Layer 19: Pre-warming 64 experts.
Layer 19: using packed expert format.
Prewarmed experts for layer 20/48
Layer 20: Pre-warming 64 experts.
Layer 20: using packed expert format.
Layer 21: Pre-warming 64 experts.
Layer 21: using packed expert format.
Layer 22: Pre-warming 64 experts.
Layer 22: using packed expert format.
Layer 23: Pre-warming 64 experts.
Layer 23: using packed expert format.
Prewarmed experts for layer 24/48
Layer 24: Pre-warming 64 experts.
Layer 24: using packed expert format.
Layer 25: Pre-warming 64 experts.
Layer 25: using packed expert format.
Layer 26: Pre-warming 64 experts.
Layer 26: using packed expert format.
Layer 27: Pre-warming 64 experts.
Layer 27: using packed expert format.
Prewarmed experts for layer 28/48
Layer 28: Pre-warming 64 experts.
Layer 28: using packed expert format.
Layer 29: Pre-warming 64 experts.
Layer 29: using packed expert format.
Layer 30: Pre-warming 64 experts.
Layer 30: using packed expert format.
Layer 31: Pre-warming 64 experts.
Layer 31: using packed expert format.
Prewarmed experts for layer 32/48
Layer 32: Pre-warming 64 experts.
Layer 32: using packed expert format.
Layer 33: Pre-warming 64 experts.
Layer 33: using packed expert format.
Layer 34: Pre-warming 64 experts.
Layer 34: using packed expert format.
Layer 35: Pre-warming 64 experts.
Layer 35: using packed expert format.
Prewarmed experts for layer 36/48
Layer 36: Pre-warming 64 experts.
Layer 36: using packed expert format.
Layer 37: Pre-warming 64 experts.
Layer 37: using packed expert format.
Layer 38: Pre-warming 64 experts.
Layer 38: using packed expert format.
Layer 39: Pre-warming 64 experts.
Layer 39: using packed expert format.
Prewarmed experts for layer 40/48
Layer 40: Pre-warming 64 experts.
Layer 40: using packed expert format.
Layer 41: Pre-warming 64 experts.
Layer 41: using packed expert format.
Layer 42: Pre-warming 64 experts.
Layer 42: using packed expert format.
Layer 43: Pre-warming 64 experts.
Layer 43: using packed expert format.
Prewarmed experts for layer 44/48
Layer 44: Pre-warming 64 experts.
Layer 44: using packed expert format.
Layer 45: Pre-warming 64 experts.
Layer 45: using packed expert format.
Layer 46: Pre-warming 64 experts.
Layer 46: using packed expert format.
Layer 47: Pre-warming 64 experts.
Layer 47: using packed expert format.
Prewarmed experts for layer 48/48
Libtorch input_ids shape: [1, 512]
Skipping warmup.
Prefill time: 12.576 seconds
Generation phase
[MoE] Layer 0: loading 2 expert(s)
[MoE] Layer 1: loading 4 expert(s)
[MoE] Layer 2: loading 1 expert(s)
[MoE] Layer 3: loading 2 expert(s)
[MoE] Layer 4: loading 2 expert(s)
[MoE] Layer 5: loading 1 expert(s)
[MoE] Layer 6: loading 1 expert(s)
[MoE] Layer 8: loading 1 expert(s)
[MoE] Layer 9: loading 1 expert(s)
[MoE] Layer 10: loading 1 expert(s)
[MoE] Layer 11: loading 2 expert(s)
[MoE] Layer 12: loading 1 expert(s)
[MoE] Layer 13: loading 2 expert(s)
[MoE] Layer 14: loading 2 expert(s)
[MoE] Layer 15: loading 2 expert(s)
[MoE] Layer 16: loading 3 expert(s)
[MoE] Layer 17: loading 2 expert(s)
[MoE] Layer 18: loading 2 expert(s)
[MoE] Layer 21: loading 1 expert(s)
[MoE] Layer 22: loading 2 expert(s)
[MoE] Layer 23: loading 1 expert(s)
[MoE] Layer 24: loading 3 expert(s)
[MoE] Layer 26: loading 2 expert(s)
[MoE] Layer 27: loading 1 expert(s)
[MoE] Layer 28: loading 1 expert(s)
[MoE] Layer 29: loading 2 expert(s)
[MoE] Layer 30: loading 3 expert(s)
[MoE] Layer 32: loading 2 expert(s)
[MoE] Layer 34: loading 2 expert(s)
[MoE] Layer 36: loading 2 expert(s)
[MoE] Layer 37: loading 1 expert(s)
[MoE] Layer 38: loading 2 expert(s)
[MoE] Layer 39: loading 2 expert(s)
[MoE] Layer 40: loading 1 expert(s)
[MoE] Layer 41: loading 1 expert(s)
[MoE] Layer 42: loading 1 expert(s)
[MoE] Layer 45: loading 3 expert(s)
[MoE] Layer 46: loading 3 expert(s)
[MoE] Layer 47: loading 3 expert(s)
[MoE] Layer 0: loading 3 expert(s)
[MoE] Layer 1: loading 1 expert(s)
[MoE] Layer 2: loading 1 expert(s)
[MoE] Layer 3: loading 2 expert(s)
[MoE] Layer 5: loading 1 expert(s)
[MoE] Layer 6: loading 2 expert(s)
[MoE] Layer 8: loading 2 expert(s)
[MoE] Layer 10: loading 1 expert(s)
[MoE] Layer 11: loading 1 expert(s)
[MoE] Layer 13: loading 1 expert(s)
[MoE] Layer 14: loading 1 expert(s)
[MoE] Layer 16: loading 1 expert(s)
[MoE] Layer 17: loading 2 expert(s)
[MoE] Layer 18: loading 3 expert(s)
[MoE] Layer 23: loading 1 expert(s)
[MoE] Layer 25: loading 1 expert(s)
[MoE] Layer 26: loading 1 expert(s)
[MoE] Layer 27: loading 1 expert(s)
[MoE] Layer 28: loading 1 expert(s)
[MoE] Layer 29: loading 1 expert(s)
[MoE] Layer 32: loading 2 expert(s)
[MoE] Layer 34: loading 1 expert(s)
[MoE] Layer 35: loading 1 expert(s)
[MoE] Layer 38: loading 2 expert(s)
[MoE] Layer 39: loading 1 expert(s)
[MoE] Layer 40: loading 1 expert(s)
[MoE] Layer 41: loading 2 expert(s)
[MoE] Layer 42: loading 1 expert(s)
[MoE] Layer 43: loading 1 expert(s)
[MoE] Layer 45: loading 1 expert(s)
[MoE] Layer 47: loading 2 expert(s)
[MoE] Layer 0: loading 3 expert(s)
[MoE] Layer 1: loading 3 expert(s)
[MoE] Layer 2: loading 2 expert(s)
[MoE] Layer 3: loading 1 expert(s)
[MoE] Layer 4: loading 2 expert(s)
[MoE] Layer 7: loading 1 expert(s)
[MoE] Layer 8: loading 1 expert(s)
[MoE] Layer 9: loading 1 expert(s)
[MoE] Layer 10: loading 1 expert(s)
[MoE] Layer 11: loading 1 expert(s)
[MoE] Layer 12: loading 2 expert(s)
[MoE] Layer 13: loading 2 expert(s)
[MoE] Layer 14: loading 1 expert(s)
[MoE] Layer 15: loading 1 expert(s)
[MoE] Layer 17: loading 1 expert(s)
[MoE] Layer 19: loading 1 expert(s)
[MoE] Layer 20: loading 3 expert(s)
[MoE] Layer 21: loading 2 expert(s)
[MoE] Layer 22: loading 2 expert(s)
[MoE] Layer 23: loading 3 expert(s)
[MoE] Layer 25: loading 1 expert(s)
[MoE] Layer 28: loading 1 expert(s)
[MoE] Layer 29: loading 1 expert(s)
[MoE] Layer 30: loading 1 expert(s)
[MoE] Layer 31: loading 1 expert(s)
[MoE] Layer 32: loading 1 expert(s)
[MoE] Layer 33: loading 1 expert(s)
[MoE] Layer 34: loading 1 expert(s)
[MoE] Layer 35: loading 3 expert(s)
[MoE] Layer 36: loading 1 expert(s)
[MoE] Layer 37: loading 2 expert(s)
[MoE] Layer 38: loading 1 expert(s)
[MoE] Layer 39: loading 1 expert(s)
[MoE] Layer 40: loading 1 expert(s)
[MoE] Layer 42: loading 2 expert(s)
[MoE] Layer 44: loading 1 expert(s)
[MoE] Layer 47: loading 2 expert(s)
[MoE] Layer 0: loading 2 expert(s)
[MoE] Layer 1: loading 4 expert(s)
[MoE] Layer 3: loading 1 expert(s)
[MoE] Layer 4: loading 1 expert(s)
[MoE] Layer 5: loading 1 expert(s)
[MoE] Layer 7: loading 1 expert(s)
[MoE] Layer 11: loading 1 expert(s)
[MoE] Layer 12: loading 1 expert(s)
[MoE] Layer 15: loading 1 expert(s)
[MoE] Layer 16: loading 1 expert(s)
[MoE] Layer 17: loading 1 expert(s)
[MoE] Layer 24: loading 2 expert(s)
[MoE] Layer 26: loading 1 expert(s)
[MoE] Layer 27: loading 1 expert(s)
[MoE] Layer 28: loading 1 expert(s)
[MoE] Layer 31: loading 1 expert(s)
[MoE] Layer 37: loading 1 expert(s)
[MoE] Layer 40: loading 1 expert(s)
[MoE] Layer 43: loading 1 expert(s)
[MoE] Layer 44: loading 1 expert(s)
[MoE] Layer 3: loading 1 expert(s)
[MoE] Layer 10: loading 1 expert(s)
[MoE] Layer 15: loading 1 expert(s)
[MoE] Layer 17: loading 1 expert(s)
[MoE] Layer 22: loading 1 expert(s)
[MoE] Layer 29: loading 1 expert(s)
[MoE] Layer 32: loading 1 expert(s)
[MoE] Layer 33: loading 1 expert(s)
[MoE] Layer 34: loading 1 expert(s)
[MoE] Layer 36: loading 2 expert(s)
[MoE] Layer 39: loading 2 expert(s)
[MoE] Layer 41: loading 1 expert(s)
[gen 5/149] elapsed=0.9s  TPS=5.303
[MoE] Layer 2: loading 1 expert(s)
[MoE] Layer 3: loading 3 expert(s)
[MoE] Layer 4: loading 1 expert(s)
[MoE] Layer 5: loading 1 expert(s)
[MoE] Layer 6: loading 1 expert(s)
[MoE] Layer 9: loading 1 expert(s)
[MoE] Layer 15: loading 1 expert(s)
[MoE] Layer 22: loading 1 expert(s)
[MoE] Layer 28: loading 1 expert(s)
[MoE] Layer 29: loading 2 expert(s)
[MoE] Layer 34: loading 1 expert(s)
[MoE] Layer 37: loading 1 expert(s)
[MoE] Layer 39: loading 1 expert(s)
[MoE] Layer 40: loading 2 expert(s)
[MoE] Layer 41: loading 2 expert(s)
[MoE] Layer 44: loading 1 expert(s)
[MoE] Layer 45: loading 1 expert(s)
[MoE] Layer 46: loading 3 expert(s)
[MoE] Layer 47: loading 1 expert(s)
[MoE] Layer 0: loading 1 expert(s)
[MoE] Layer 1: loading 1 expert(s)
[MoE] Layer 3: loading 1 expert(s)
[MoE] Layer 8: loading 2 expert(s)
[MoE] Layer 10: loading 1 expert(s)
[MoE] Layer 11: loading 1 expert(s)
[MoE] Layer 12: loading 2 expert(s)
[MoE] Layer 13: loading 1 expert(s)
[MoE] Layer 16: loading 1 expert(s)
[MoE] Layer 17: loading 1 expert(s)
[MoE] Layer 21: loading 1 expert(s)
[MoE] Layer 22: loading 2 expert(s)
[MoE] Layer 24: loading 1 expert(s)
[MoE] Layer 27: loading 1 expert(s)
[MoE] Layer 28: loading 1 expert(s)
[MoE] Layer 34: loading 1 expert(s)
[MoE] Layer 39: loading 1 expert(s)
[MoE] Layer 44: loading 1 expert(s)
[MoE] Layer 46: loading 2 expert(s)
[MoE] Layer 47: loading 1 expert(s)
[MoE] Layer 0: loading 1 expert(s)
[MoE] Layer 1: loading 1 expert(s)
[MoE] Layer 2: loading 2 expert(s)
[MoE] Layer 4: loading 1 expert(s)
[MoE] Layer 6: loading 1 expert(s)
[MoE] Layer 10: loading 1 expert(s)
[MoE] Layer 13: loading 1 expert(s)
[MoE] Layer 18: loading 1 expert(s)
[MoE] Layer 22: loading 1 expert(s)
[MoE] Layer 23: loading 1 expert(s)
[MoE] Layer 25: loading 1 expert(s)
[MoE] Layer 29: loading 1 expert(s)
[MoE] Layer 30: loading 1 expert(s)
[MoE] Layer 32: loading 1 expert(s)
[MoE] Layer 34: loading 1 expert(s)
[MoE] Layer 37: loading 1 expert(s)
[MoE] Layer 45: loading 1 expert(s)
[MoE] Layer 0: loading 1 expert(s)
[MoE] Layer 1: loading 2 expert(s)
[MoE] Layer 3: loading 1 expert(s)
[MoE] Layer 6: loading 1 expert(s)
[MoE] Layer 8: loading 1 expert(s)
[MoE] Layer 16: loading 1 expert(s)
[MoE] Layer 26: loading 1 expert(s)
[MoE] Layer 27: loading 1 expert(s)
[MoE] Layer 29: loading 1 expert(s)
[MoE] Layer 36: loading 2 expert(s)
[MoE] Layer 37: loading 2 expert(s)
[MoE] Layer 0: loading 3 expert(s)
[MoE] Layer 1: loading 1 expert(s)
[MoE] Layer 2: loading 2 expert(s)
[MoE] Layer 3: loading 2 expert(s)
[MoE] Layer 6: loading 1 expert(s)
[MoE] Layer 9: loading 1 expert(s)
[MoE] Layer 10: loading 1 expert(s)
[MoE] Layer 11: loading 1 expert(s)
[MoE] Layer 12: loading 1 expert(s)
[MoE] Layer 13: loading 3 expert(s)
[MoE] Layer 14: loading 2 expert(s)
[MoE] Layer 16: loading 2 expert(s)
[MoE] Layer 17: loading 1 expert(s)
[MoE] Layer 21: loading 1 expert(s)
[MoE] Layer 22: loading 2 expert(s)
[MoE] Layer 23: loading 2 expert(s)
[MoE] Layer 24: loading 1 expert(s)
[MoE] Layer 25: loading 3 expert(s)
[MoE] Layer 26: loading 2 expert(s)
[MoE] Layer 28: loading 2 expert(s)
[MoE] Layer 29: loading 2 expert(s)
[MoE] Layer 33: loading 1 expert(s)
[MoE] Layer 34: loading 1 expert(s)
[MoE] Layer 35: loading 2 expert(s)
[MoE] Layer 36: loading 1 expert(s)
[MoE] Layer 37: loading 4 expert(s)
[MoE] Layer 38: loading 1 expert(s)
[MoE] Layer 39: loading 1 expert(s)
[MoE] Layer 40: loading 1 expert(s)
[MoE] Layer 41: loading 3 expert(s)
[MoE] Layer 43: loading 1 expert(s)
[MoE] Layer 46: loading 1 expert(s)
[MoE] Layer 47: loading 1 expert(s)
[gen 10/149] elapsed=1.7s  TPS=6.006
[MoE] Layer 0: loading 3 expert(s)
[MoE] Layer 1: loading 1 expert(s)
[MoE] Layer 2: loading 1 expert(s)
[MoE] Layer 5: loading 1 expert(s)
[MoE] Layer 8: loading 1 expert(s)
[MoE] Layer 9: loading 1 expert(s)
[MoE] Layer 10: loading 1 expert(s)
[MoE] Layer 11: loading 1 expert(s)
[MoE] Layer 12: loading 1 expert(s)
[MoE] Layer 13: loading 1 expert(s)
[MoE] Layer 17: loading 2 expert(s)
[MoE] Layer 18: loading 1 expert(s)
[MoE] Layer 19: loading 1 expert(s)
[MoE] Layer 22: loading 1 expert(s)
[MoE] Layer 23: loading 1 expert(s)
[MoE] Layer 25: loading 2 expert(s)
[MoE] Layer 26: loading 2 expert(s)
[MoE] Layer 27: loading 2 expert(s)
[MoE] Layer 28: loading 1 expert(s)
[MoE] Layer 29: loading 2 expert(s)
[MoE] Layer 30: loading 2 expert(s)
[MoE] Layer 32: loading 1 expert(s)
[MoE] Layer 33: loading 1 expert(s)
[MoE] Layer 35: loading 1 expert(s)
[MoE] Layer 36: loading 2 expert(s)
[MoE] Layer 37: loading 2 expert(s)
[MoE] Layer 38: loading 1 expert(s)
[MoE] Layer 39: loading 2 expert(s)
[MoE] Layer 40: loading 1 expert(s)
[MoE] Layer 41: loading 1 expert(s)
[MoE] Layer 42: loading 2 expert(s)
[MoE] Layer 43: loading 1 expert(s)
[MoE] Layer 44: loading 1 expert(s)
[MoE] Layer 45: loading 1 expert(s)
[MoE] Layer 46: loading 2 expert(s)
[MoE] Layer 0: loading 2 expert(s)
[MoE] Layer 1: loading 2 expert(s)
[MoE] Layer 3: loading 2 expert(s)
[MoE] Layer 4: loading 3 expert(s)
[MoE] Layer 5: loading 2 expert(s)
[MoE] Layer 7: loading 1 expert(s)
[MoE] Layer 8: loading 1 expert(s)
[MoE] Layer 10: loading 1 expert(s)
[MoE] Layer 11: loading 1 expert(s)
[MoE] Layer 12: loading 1 expert(s)
[MoE] Layer 13: loading 3 expert(s)
[MoE] Layer 14: loading 1 expert(s)
[MoE] Layer 17: loading 2 expert(s)
[MoE] Layer 18: loading 1 expert(s)
[MoE] Layer 21: loading 1 expert(s)
[MoE] Layer 22: loading 1 expert(s)
[MoE] Layer 23: loading 2 expert(s)
[MoE] Layer 24: loading 2 expert(s)
[MoE] Layer 25: loading 1 expert(s)
[MoE] Layer 26: loading 1 expert(s)
[MoE] Layer 28: loading 1 expert(s)
[MoE] Layer 29: loading 2 expert(s)
[MoE] Layer 30: loading 1 expert(s)
[MoE] Layer 32: loading 1 expert(s)
[MoE] Layer 33: loading 2 expert(s)
[MoE] Layer 34: loading 2 expert(s)
[MoE] Layer 35: loading 1 expert(s)
[MoE] Layer 36: loading 1 expert(s)
[MoE] Layer 37: loading 1 expert(s)
[MoE] Layer 38: loading 2 expert(s)
[MoE] Layer 40: loading 2 expert(s)
[MoE] Layer 41: loading 2 expert(s)
[MoE] Layer 42: loading 2 expert(s)
[MoE] Layer 43: loading 2 expert(s)
[MoE] Layer 44: loading 1 expert(s)
[MoE] Layer 47: loading 1 expert(s)
[MoE] Layer 0: loading 1 expert(s)
[MoE] Layer 1: loading 1 expert(s)
[MoE] Layer 2: loading 2 expert(s)
[MoE] Layer 3: loading 1 expert(s)
[MoE] Layer 5: loading 2 expert(s)
[MoE] Layer 6: loading 1 expert(s)
[MoE] Layer 7: loading 1 expert(s)
[MoE] Layer 8: loading 3 expert(s)
[MoE] Layer 9: loading 1 expert(s)
[MoE] Layer 10: loading 1 expert(s)
[MoE] Layer 11: loading 1 expert(s)
[MoE] Layer 13: loading 2 expert(s)
[MoE] Layer 15: loading 1 expert(s)
[MoE] Layer 17: loading 1 expert(s)
[MoE] Layer 18: loading 1 expert(s)
[MoE] Layer 20: loading 1 expert(s)
[MoE] Layer 21: loading 2 expert(s)
[MoE] Layer 22: loading 2 expert(s)
[MoE] Layer 23: loading 1 expert(s)
[MoE] Layer 24: loading 1 expert(s)
[MoE] Layer 25: loading 1 expert(s)
[MoE] Layer 26: loading 1 expert(s)
[MoE] Layer 28: loading 1 expert(s)
[MoE] Layer 29: loading 2 expert(s)
[MoE] Layer 31: loading 1 expert(s)
[MoE] Layer 32: loading 1 expert(s)
[MoE] Layer 34: loading 1 expert(s)
[MoE] Layer 35: loading 3 expert(s)
[MoE] Layer 36: loading 1 expert(s)
[MoE] Layer 37: loading 1 expert(s)
[MoE] Layer 38: loading 1 expert(s)
[MoE] Layer 40: loading 1 expert(s)
[MoE] Layer 41: loading 3 expert(s)
[MoE] Layer 42: loading 1 expert(s)
[MoE] Layer 43: loading 2 expert(s)
[MoE] Layer 44: loading 1 expert(s)
[MoE] Layer 45: loading 1 expert(s)
[MoE] Layer 46: loading 3 expert(s)
[MoE] Layer 0: loading 2 expert(s)
[MoE] Layer 1: loading 2 expert(s)
[MoE] Layer 2: loading 2 expert(s)
[MoE] Layer 3: loading 2 expert(s)
[MoE] Layer 4: loading 1 expert(s)
[MoE] Layer 6: loading 1 expert(s)
[MoE] Layer 10: loading 1 expert(s)
[MoE] Layer 12: loading 1 expert(s)
[MoE] Layer 13: loading 2 expert(s)
[MoE] Layer 15: loading 1 expert(s)
[MoE] Layer 16: loading 2 expert(s)
[MoE] Layer 17: loading 3 expert(s)
[MoE] Layer 18: loading 1 expert(s)
[MoE] Layer 19: loading 1 expert(s)
[MoE] Layer 24: loading 1 expert(s)
[MoE] Layer 25: loading 1 expert(s)
[MoE] Layer 27: loading 1 expert(s)
[MoE] Layer 28: loading 1 expert(s)
[MoE] Layer 29: loading 3 expert(s)
[MoE] Layer 30: loading 1 expert(s)
[MoE] Layer 36: loading 1 expert(s)
[MoE] Layer 37: loading 2 expert(s)
[MoE] Layer 38: loading 1 expert(s)
[MoE] Layer 40: loading 2 expert(s)
[MoE] Layer 41: loading 3 expert(s)
[MoE] Layer 42: loading 1 expert(s)
[MoE] Layer 45: loading 2 expert(s)
[MoE] Layer 47: loading 2 expert(s)
[MoE] Layer 0: loading 1 expert(s)
[MoE] Layer 3: loading 2 expert(s)
[MoE] Layer 9: loading 1 expert(s)
[MoE] Layer 10: loading 1 expert(s)
[MoE] Layer 14: loading 1 expert(s)
[MoE] Layer 16: loading 2 expert(s)
[MoE] Layer 20: loading 1 expert(s)
[MoE] Layer 22: loading 2 expert(s)
[MoE] Layer 25: loading 1 expert(s)
[MoE] Layer 26: loading 1 expert(s)
[MoE] Layer 27: loading 1 expert(s)
[MoE] Layer 28: loading 1 expert(s)
[MoE] Layer 29: loading 1 expert(s)
[MoE] Layer 31: loading 1 expert(s)
[MoE] Layer 32: loading 1 expert(s)
[MoE] Layer 34: loading 1 expert(s)
[MoE] Layer 35: loading 1 expert(s)
[MoE] Layer 36: loading 2 expert(s)
[MoE] Layer 39: loading 1 expert(s)
[MoE] Layer 40: loading 3 expert(s)
[MoE] Layer 45: loading 1 expert(s)
[MoE] Layer 46: loading 1 expert(s)
[MoE] Layer 47: loading 1 expert(s)
[gen 15/149] elapsed=2.7s  TPS=5.607
[MoE] Layer 0: loading 2 expert(s)
[MoE] Layer 2: loading 1 expert(s)
[MoE] Layer 3: loading 1 expert(s)
[MoE] Layer 8: loading 1 expert(s)
[MoE] Layer 11: loading 2 expert(s)
[MoE] Layer 12: loading 1 expert(s)
[MoE] Layer 13: loading 2 expert(s)
[MoE] Layer 14: loading 1 expert(s)
[MoE] Layer 17: loading 1 expert(s)
[MoE] Layer 22: loading 1 expert(s)
[MoE] Layer 23: loading 2 expert(s)
[MoE] Layer 24: loading 3 expert(s)
[MoE] Layer 27: loading 1 expert(s)
[MoE] Layer 31: loading 1 expert(s)
[MoE] Layer 33: loading 1 expert(s)
[MoE] Layer 35: loading 1 expert(s)
[MoE] Layer 37: loading 1 expert(s)
[MoE] Layer 39: loading 1 expert(s)
[MoE] Layer 44: loading 1 expert(s)
[MoE] Layer 46: loading 1 expert(s)
[MoE] Layer 47: loading 1 expert(s)
[MoE] Layer 0: loading 1 expert(s)
[MoE] Layer 1: loading 1 expert(s)
[MoE] Layer 5: loading 1 expert(s)
[MoE] Layer 10: loading 1 expert(s)
[MoE] Layer 13: loading 1 expert(s)
[MoE] Layer 15: loading 1 expert(s)
[MoE] Layer 17: loading 1 expert(s)
[MoE] Layer 18: loading 1 expert(s)
[MoE] Layer 22: loading 1 expert(s)
[MoE] Layer 27: loading 1 expert(s)
[MoE] Layer 29: loading 1 expert(s)
[MoE] Layer 34: loading 1 expert(s)
[MoE] Layer 35: loading 1 expert(s)
[MoE] Layer 36: loading 1 expert(s)
[MoE] Layer 42: loading 1 expert(s)
[MoE] Layer 44: loading 1 expert(s)
[MoE] Layer 4: loading 1 expert(s)
[MoE] Layer 8: loading 1 expert(s)
[MoE] Layer 11: loading 1 expert(s)
[MoE] Layer 27: loading 1 expert(s)
[MoE] Layer 28: loading 2 expert(s)
[MoE] Layer 29: loading 1 expert(s)
[MoE] Layer 33: loading 1 expert(s)
[MoE] Layer 35: loading 1 expert(s)
[MoE] Layer 38: loading 1 expert(s)
[MoE] Layer 39: loading 1 expert(s)
[MoE] Layer 40: loading 1 expert(s)
[MoE] Layer 41: loading 1 expert(s)
[MoE] Layer 46: loading 1 expert(s)
[MoE] Layer 3: loading 1 expert(s)
[MoE] Layer 8: loading 1 expert(s)
[MoE] Layer 12: loading 1 expert(s)
[MoE] Layer 28: loading 1 expert(s)
[MoE] Layer 34: loading 1 expert(s)
[MoE] Layer 38: loading 1 expert(s)
[MoE] Layer 41: loading 1 expert(s)
[MoE] Layer 0: loading 3 expert(s)
[MoE] Layer 1: loading 3 expert(s)
[MoE] Layer 2: loading 2 expert(s)
[MoE] Layer 5: loading 1 expert(s)
[MoE] Layer 11: loading 1 expert(s)
[MoE] Layer 17: loading 1 expert(s)
[MoE] Layer 21: loading 1 expert(s)
[MoE] Layer 23: loading 1 expert(s)
[MoE] Layer 27: loading 1 expert(s)
[MoE] Layer 29: loading 1 expert(s)
[MoE] Layer 35: loading 1 expert(s)
[MoE] Layer 37: loading 2 expert(s)
[MoE] Layer 38: loading 1 expert(s)
[MoE] Layer 40: loading 1 expert(s)
[MoE] Layer 41: loading 1 expert(s)
[MoE] Layer 42: loading 1 expert(s)
[MoE] Layer 44: loading 1 expert(s)
[gen 20/149] elapsed=3.3s  TPS=6.140
[MoE] Layer 3: loading 2 expert(s)
[MoE] Layer 4: loading 1 expert(s)
[MoE] Layer 5: loading 1 expert(s)
[MoE] Layer 9: loading 1 expert(s)
[MoE] Layer 12: loading 2 expert(s)
[MoE] Layer 13: loading 1 expert(s)
[MoE] Layer 14: loading 1 expert(s)
[MoE] Layer 15: loading 1 expert(s)
[MoE] Layer 22: loading 1 expert(s)
[MoE] Layer 24: loading 2 expert(s)
[MoE] Layer 28: loading 1 expert(s)
[MoE] Layer 29: loading 1 expert(s)
[MoE] Layer 33: loading 1 expert(s)
[MoE] Layer 35: loading 1 expert(s)
[MoE] Layer 36: loading 1 expert(s)
[MoE] Layer 0: loading 2 expert(s)
[MoE] Layer 2: loading 1 expert(s)
[MoE] Layer 3: loading 1 expert(s)
[MoE] Layer 8: loading 1 expert(s)
[MoE] Layer 9: loading 1 expert(s)
[MoE] Layer 11: loading 1 expert(s)
[MoE] Layer 12: loading 1 expert(s)
[MoE] Layer 14: loading 1 expert(s)
[MoE] Layer 15: loading 1 expert(s)
[MoE] Layer 17: loading 1 expert(s)
[MoE] Layer 20: loading 1 expert(s)
[MoE] Layer 21: loading 1 expert(s)
[MoE] Layer 22: loading 1 expert(s)
[MoE] Layer 23: loading 1 expert(s)
[MoE] Layer 24: loading 1 expert(s)
[MoE] Layer 25: loading 1 expert(s)
[MoE] Layer 27: loading 1 expert(s)
[MoE] Layer 32: loading 1 expert(s)
[MoE] Layer 33: loading 1 expert(s)
[MoE] Layer 34: loading 2 expert(s)
[MoE] Layer 35: loading 1 expert(s)
[MoE] Layer 36: loading 1 expert(s)
[MoE] Layer 38: loading 1 expert(s)
[MoE] Layer 40: loading 1 expert(s)
[MoE] Layer 41: loading 1 expert(s)
[MoE] Layer 43: loading 1 expert(s)
[MoE] Layer 44: loading 1 expert(s)
[MoE] Layer 47: loading 1 expert(s)
[MoE] Layer 3: loading 1 expert(s)
[MoE] Layer 4: loading 1 expert(s)
[MoE] Layer 8: loading 2 expert(s)
[MoE] Layer 9: loading 1 expert(s)
[MoE] Layer 11: loading 1 expert(s)
[MoE] Layer 16: loading 1 expert(s)
[MoE] Layer 28: loading 1 expert(s)
[MoE] Layer 29: loading 1 expert(s)
[MoE] Layer 32: loading 1 expert(s)
[MoE] Layer 33: loading 1 expert(s)
[MoE] Layer 35: loading 1 expert(s)
[MoE] Layer 36: loading 1 expert(s)
[MoE] Layer 41: loading 1 expert(s)
[MoE] Layer 47: loading 1 expert(s)
[MoE] Layer 1: loading 1 expert(s)
[MoE] Layer 2: loading 1 expert(s)
[MoE] Layer 8: loading 1 expert(s)
[MoE] Layer 9: loading 1 expert(s)
[MoE] Layer 10: loading 1 expert(s)
[MoE] Layer 11: loading 1 expert(s)
[MoE] Layer 12: loading 1 expert(s)
[MoE] Layer 14: loading 1 expert(s)
[MoE] Layer 15: loading 1 expert(s)
[MoE] Layer 17: loading 1 expert(s)
[MoE] Layer 20: loading 2 expert(s)
[MoE] Layer 21: loading 1 expert(s)
[MoE] Layer 22: loading 2 expert(s)
[MoE] Layer 23: loading 2 expert(s)
[MoE] Layer 32: loading 1 expert(s)
[MoE] Layer 34: loading 1 expert(s)
[MoE] Layer 1: loading 1 expert(s)
[MoE] Layer 6: loading 1 expert(s)
[MoE] Layer 10: loading 2 expert(s)
[MoE] Layer 12: loading 1 expert(s)
[MoE] Layer 25: loading 1 expert(s)
[gen 25/149] elapsed=3.8s  TPS=6.507
[MoE] Layer 0: loading 3 expert(s)
[MoE] Layer 1: loading 1 expert(s)
[MoE] Layer 16: loading 1 expert(s)
[MoE] Layer 25: loading 1 expert(s)
[MoE] Layer 17: loading 1 expert(s)
[MoE] Layer 29: loading 1 expert(s)
[MoE] Layer 38: loading 1 expert(s)
[MoE] Layer 40: loading 1 expert(s)
[MoE] Layer 0: loading 1 expert(s)
[MoE] Layer 9: loading 1 expert(s)
[MoE] Layer 11: loading 1 expert(s)
[MoE] Layer 15: loading 1 expert(s)
[MoE] Layer 16: loading 2 expert(s)
[MoE] Layer 4: loading 1 expert(s)
[MoE] Layer 5: loading 1 expert(s)
[MoE] Layer 9: loading 1 expert(s)
[MoE] Layer 11: loading 1 expert(s)
[MoE] Layer 14: loading 1 expert(s)
[MoE] Layer 17: loading 1 expert(s)
[MoE] Layer 26: loading 1 expert(s)
[MoE] Layer 29: loading 1 expert(s)
[MoE] Layer 39: loading 1 expert(s)
[MoE] Layer 3: loading 2 expert(s)
[MoE] Layer 4: loading 1 expert(s)
[MoE] Layer 7: loading 1 expert(s)
[MoE] Layer 11: loading 2 expert(s)
[MoE] Layer 13: loading 1 expert(s)
[MoE] Layer 19: loading 1 expert(s)
[MoE] Layer 22: loading 1 expert(s)
[MoE] Layer 23: loading 1 expert(s)
[MoE] Layer 26: loading 1 expert(s)
[MoE] Layer 29: loading 1 expert(s)
[MoE] Layer 34: loading 1 expert(s)
[MoE] Layer 36: loading 2 expert(s)
[MoE] Layer 41: loading 1 expert(s)
[gen 30/149] elapsed=4.2s  TPS=7.068
[MoE] Layer 7: loading 1 expert(s)
[MoE] Layer 8: loading 1 expert(s)
[MoE] Layer 17: loading 1 expert(s)
[MoE] Layer 18: loading 1 expert(s)
[MoE] Layer 20: loading 1 expert(s)
[MoE] Layer 22: loading 1 expert(s)
[MoE] Layer 27: loading 1 expert(s)
[MoE] Layer 29: loading 1 expert(s)
[MoE] Layer 32: loading 1 expert(s)
[MoE] Layer 34: loading 1 expert(s)
[MoE] Layer 42: loading 1 expert(s)
[MoE] Layer 47: loading 1 expert(s)
[MoE] Layer 3: loading 1 expert(s)
[MoE] Layer 4: loading 1 expert(s)
[MoE] Layer 10: loading 2 expert(s)
[MoE] Layer 25: loading 1 expert(s)
[MoE] Layer 26: loading 1 expert(s)
[MoE] Layer 28: loading 1 expert(s)
[MoE] Layer 29: loading 1 expert(s)
[MoE] Layer 43: loading 1 expert(s)
[MoE] Layer 0: loading 3 expert(s)
[MoE] Layer 1: loading 2 expert(s)
[MoE] Layer 2: loading 1 expert(s)
[MoE] Layer 4: loading 2 expert(s)
[MoE] Layer 5: loading 2 expert(s)
[MoE] Layer 7: loading 1 expert(s)
[MoE] Layer 8: loading 1 expert(s)
[MoE] Layer 10: loading 1 expert(s)
[MoE] Layer 11: loading 1 expert(s)
[MoE] Layer 12: loading 1 expert(s)
[MoE] Layer 13: loading 2 expert(s)
[MoE] Layer 14: loading 1 expert(s)
[MoE] Layer 15: loading 1 expert(s)
[MoE] Layer 17: loading 1 expert(s)
[MoE] Layer 21: loading 1 expert(s)
[MoE] Layer 23: loading 2 expert(s)
[MoE] Layer 24: loading 1 expert(s)
[MoE] Layer 25: loading 2 expert(s)
[MoE] Layer 26: loading 3 expert(s)
[MoE] Layer 27: loading 1 expert(s)
[MoE] Layer 28: loading 1 expert(s)
[MoE] Layer 29: loading 1 expert(s)
[MoE] Layer 31: loading 1 expert(s)
[MoE] Layer 32: loading 2 expert(s)
[MoE] Layer 33: loading 1 expert(s)
[MoE] Layer 35: loading 2 expert(s)
[MoE] Layer 37: loading 1 expert(s)
[MoE] Layer 38: loading 3 expert(s)
[MoE] Layer 39: loading 2 expert(s)
[MoE] Layer 40: loading 1 expert(s)
[MoE] Layer 41: loading 2 expert(s)
[MoE] Layer 42: loading 3 expert(s)
[MoE] Layer 43: loading 2 expert(s)
[MoE] Layer 44: loading 1 expert(s)
[MoE] Layer 47: loading 1 expert(s)
[MoE] Layer 0: loading 3 expert(s)
[MoE] Layer 1: loading 2 expert(s)
[MoE] Layer 15: loading 2 expert(s)
[MoE] Layer 22: loading 1 expert(s)
[MoE] Layer 25: loading 1 expert(s)
[MoE] Layer 29: loading 2 expert(s)
[MoE] Layer 30: loading 1 expert(s)
[MoE] Layer 32: loading 1 expert(s)
[MoE] Layer 35: loading 2 expert(s)
[MoE] Layer 36: loading 2 expert(s)
[MoE] Layer 42: loading 1 expert(s)
[MoE] Layer 0: loading 2 expert(s)
[MoE] Layer 2: loading 1 expert(s)
[MoE] Layer 3: loading 3 expert(s)
[MoE] Layer 5: loading 1 expert(s)
[MoE] Layer 8: loading 2 expert(s)
[MoE] Layer 9: loading 3 expert(s)
[MoE] Layer 12: loading 1 expert(s)
[MoE] Layer 15: loading 2 expert(s)
[MoE] Layer 16: loading 2 expert(s)
[MoE] Layer 19: loading 2 expert(s)
[MoE] Layer 20: loading 2 expert(s)
[MoE] Layer 24: loading 1 expert(s)
[MoE] Layer 27: loading 2 expert(s)
[MoE] Layer 32: loading 1 expert(s)
[MoE] Layer 34: loading 1 expert(s)
[MoE] Layer 38: loading 1 expert(s)
[MoE] Layer 39: loading 2 expert(s)
[MoE] Layer 40: loading 1 expert(s)
[MoE] Layer 41: loading 1 expert(s)
[MoE] Layer 44: loading 1 expert(s)
[gen 35/149] elapsed=4.9s  TPS=7.139
[MoE] Layer 0: loading 3 expert(s)
[MoE] Layer 2: loading 1 expert(s)
[MoE] Layer 3: loading 1 expert(s)
[MoE] Layer 5: loading 1 expert(s)
[MoE] Layer 11: loading 1 expert(s)
[MoE] Layer 12: loading 1 expert(s)
[MoE] Layer 13: loading 2 expert(s)
[MoE] Layer 15: loading 2 expert(s)
[MoE] Layer 17: loading 1 expert(s)
[MoE] Layer 18: loading 1 expert(s)
[MoE] Layer 22: loading 1 expert(s)
[MoE] Layer 23: loading 1 expert(s)
[MoE] Layer 25: loading 1 expert(s)
[MoE] Layer 27: loading 1 expert(s)
[MoE] Layer 28: loading 1 expert(s)
[MoE] Layer 34: loading 1 expert(s)
[MoE] Layer 37: loading 1 expert(s)
[MoE] Layer 42: loading 1 expert(s)
[MoE] Layer 17: loading 1 expert(s)
[MoE] Layer 39: loading 1 expert(s)
[MoE] Layer 0: loading 1 expert(s)
[MoE] Layer 1: loading 2 expert(s)
[MoE] Layer 2: loading 1 expert(s)
[MoE] Layer 4: loading 1 expert(s)
[MoE] Layer 16: loading 1 expert(s)
[MoE] Layer 17: loading 1 expert(s)
[MoE] Layer 18: loading 1 expert(s)
[MoE] Layer 20: loading 1 expert(s)
[MoE] Layer 21: loading 2 expert(s)
[MoE] Layer 23: loading 2 expert(s)
[MoE] Layer 24: loading 1 expert(s)
[MoE] Layer 25: loading 1 expert(s)
[MoE] Layer 31: loading 1 expert(s)
[MoE] Layer 35: loading 1 expert(s)
[MoE] Layer 37: loading 2 expert(s)
[MoE] Layer 38: loading 1 expert(s)
[MoE] Layer 42: loading 1 expert(s)
[MoE] Layer 3: loading 2 expert(s)
[MoE] Layer 4: loading 2 expert(s)
[MoE] Layer 6: loading 1 expert(s)
[MoE] Layer 11: loading 1 expert(s)
[MoE] Layer 12: loading 2 expert(s)
[MoE] Layer 14: loading 2 expert(s)
[MoE] Layer 15: loading 1 expert(s)
[MoE] Layer 17: loading 1 expert(s)
[MoE] Layer 22: loading 1 expert(s)
[MoE] Layer 23: loading 1 expert(s)
[MoE] Layer 24: loading 1 expert(s)
[MoE] Layer 26: loading 1 expert(s)
[MoE] Layer 27: loading 1 expert(s)
[MoE] Layer 29: loading 1 expert(s)
[MoE] Layer 31: loading 1 expert(s)
[MoE] Layer 32: loading 2 expert(s)
[MoE] Layer 33: loading 1 expert(s)
[MoE] Layer 34: loading 1 expert(s)
[MoE] Layer 35: loading 1 expert(s)
[MoE] Layer 36: loading 1 expert(s)
[MoE] Layer 38: loading 1 expert(s)
[MoE] Layer 39: loading 2 expert(s)
[MoE] Layer 42: loading 1 expert(s)
[MoE] Layer 45: loading 1 expert(s)
[MoE] Layer 0: loading 1 expert(s)
[MoE] Layer 1: loading 2 expert(s)
[MoE] Layer 5: loading 1 expert(s)
[MoE] Layer 8: loading 1 expert(s)
[MoE] Layer 9: loading 1 expert(s)
[MoE] Layer 23: loading 1 expert(s)
[MoE] Layer 24: loading 1 expert(s)
[MoE] Layer 43: loading 1 expert(s)
[MoE] Layer 45: loading 1 expert(s)
[gen 40/149] elapsed=5.5s  TPS=7.317
[MoE] Layer 0: loading 1 expert(s)
[MoE] Layer 1: loading 1 expert(s)
[MoE] Layer 3: loading 1 expert(s)
[MoE] Layer 9: loading 3 expert(s)
[MoE] Layer 10: loading 1 expert(s)
[MoE] Layer 11: loading 1 expert(s)
[MoE] Layer 13: loading 1 expert(s)
[MoE] Layer 14: loading 1 expert(s)
[MoE] Layer 16: loading 1 expert(s)
[MoE] Layer 19: loading 1 expert(s)
[MoE] Layer 20: loading 2 expert(s)
[MoE] Layer 25: loading 1 expert(s)
[MoE] Layer 35: loading 1 expert(s)
[MoE] Layer 38: loading 1 expert(s)
[MoE] Layer 1: loading 1 expert(s)
[MoE] Layer 29: loading 1 expert(s)
[MoE] Layer 1: loading 2 expert(s)
[MoE] Layer 3: loading 1 expert(s)
[MoE] Layer 4: loading 1 expert(s)
[MoE] Layer 11: loading 1 expert(s)
[MoE] Layer 12: loading 1 expert(s)
[MoE] Layer 19: loading 1 expert(s)
[MoE] Layer 23: loading 1 expert(s)
[MoE] Layer 25: loading 1 expert(s)
[MoE] Layer 32: loading 1 expert(s)
[MoE] Layer 35: loading 1 expert(s)
[MoE] Layer 0: loading 1 expert(s)
[MoE] Layer 5: loading 1 expert(s)
[MoE] Layer 10: loading 1 expert(s)
[MoE] Layer 11: loading 1 expert(s)
[MoE] Layer 12: loading 1 expert(s)
[MoE] Layer 14: loading 1 expert(s)
[MoE] Layer 17: loading 1 expert(s)
[MoE] Layer 20: loading 1 expert(s)
[MoE] Layer 22: loading 3 expert(s)
[MoE] Layer 24: loading 1 expert(s)
[MoE] Layer 29: loading 1 expert(s)
[MoE] Layer 32: loading 1 expert(s)
[MoE] Layer 34: loading 2 expert(s)
[MoE] Layer 39: loading 1 expert(s)
[MoE] Layer 42: loading 1 expert(s)
[MoE] Layer 6: loading 1 expert(s)
[MoE] Layer 12: loading 1 expert(s)
[MoE] Layer 21: loading 1 expert(s)
[MoE] Layer 25: loading 1 expert(s)
[MoE] Layer 26: loading 1 expert(s)
[MoE] Layer 36: loading 1 expert(s)
[MoE] Layer 37: loading 1 expert(s)
[MoE] Layer 38: loading 1 expert(s)
[gen 45/149] elapsed=5.9s  TPS=7.580
[MoE] Layer 1: loading 1 expert(s)
[MoE] Layer 5: loading 1 expert(s)
[MoE] Layer 15: loading 1 expert(s)
[MoE] Layer 27: loading 1 expert(s)
[MoE] Layer 33: loading 1 expert(s)
[MoE] Layer 38: loading 1 expert(s)
[MoE] Layer 0: loading 4 expert(s)
[MoE] Layer 1: loading 3 expert(s)
[MoE] Layer 2: loading 1 expert(s)
[MoE] Layer 4: loading 1 expert(s)
[MoE] Layer 7: loading 1 expert(s)
[MoE] Layer 8: loading 1 expert(s)
[MoE] Layer 12: loading 1 expert(s)
[MoE] Layer 13: loading 3 expert(s)
[MoE] Layer 15: loading 2 expert(s)
[MoE] Layer 19: loading 1 expert(s)
[MoE] Layer 22: loading 3 expert(s)
[MoE] Layer 23: loading 1 expert(s)
[MoE] Layer 25: loading 1 expert(s)
[MoE] Layer 27: loading 2 expert(s)
[MoE] Layer 29: loading 2 expert(s)
[MoE] Layer 31: loading 1 expert(s)
[MoE] Layer 32: loading 1 expert(s)
[MoE] Layer 34: loading 2 expert(s)
[MoE] Layer 35: loading 2 expert(s)
[MoE] Layer 36: loading 1 expert(s)
[MoE] Layer 37: loading 3 expert(s)
[MoE] Layer 38: loading 1 expert(s)
[MoE] Layer 41: loading 1 expert(s)
[MoE] Layer 46: loading 1 expert(s)
[MoE] Layer 47: loading 1 expert(s)
[MoE] Layer 0: loading 1 expert(s)
[MoE] Layer 7: loading 1 expert(s)
[MoE] Layer 8: loading 1 expert(s)
[MoE] Layer 9: loading 1 expert(s)
[MoE] Layer 10: loading 1 expert(s)
[MoE] Layer 11: loading 1 expert(s)
[MoE] Layer 12: loading 1 expert(s)
[MoE] Layer 14: loading 1 expert(s)
[MoE] Layer 16: loading 1 expert(s)
[MoE] Layer 17: loading 1 expert(s)
[MoE] Layer 21: loading 1 expert(s)
[MoE] Layer 25: loading 2 expert(s)
[MoE] Layer 28: loading 1 expert(s)
[MoE] Layer 33: loading 1 expert(s)
[MoE] Layer 34: loading 1 expert(s)
[MoE] Layer 35: loading 1 expert(s)
[MoE] Layer 38: loading 1 expert(s)
[MoE] Layer 0: loading 1 expert(s)
[MoE] Layer 2: loading 2 expert(s)
[MoE] Layer 3: loading 1 expert(s)
[MoE] Layer 4: loading 1 expert(s)
[MoE] Layer 11: loading 1 expert(s)
[MoE] Layer 14: loading 1 expert(s)
[MoE] Layer 27: loading 2 expert(s)
[MoE] Layer 28: loading 1 expert(s)
[MoE] Layer 38: loading 1 expert(s)
[MoE] Layer 39: loading 2 expert(s)
[MoE] Layer 44: loading 1 expert(s)
[MoE] Layer 0: loading 1 expert(s)
[MoE] Layer 2: loading 1 expert(s)
[MoE] Layer 3: loading 1 expert(s)
[MoE] Layer 8: loading 1 expert(s)
[MoE] Layer 10: loading 1 expert(s)
[MoE] Layer 12: loading 1 expert(s)
[MoE] Layer 13: loading 1 expert(s)
[MoE] Layer 20: loading 1 expert(s)
[MoE] Layer 22: loading 1 expert(s)
[MoE] Layer 25: loading 2 expert(s)
[MoE] Layer 26: loading 1 expert(s)
[MoE] Layer 28: loading 1 expert(s)
[MoE] Layer 32: loading 2 expert(s)
[MoE] Layer 37: loading 1 expert(s)
[MoE] Layer 40: loading 1 expert(s)
[MoE] Layer 47: loading 1 expert(s)
[gen 50/149] elapsed=6.5s  TPS=7.661
[MoE] Layer 0: loading 1 expert(s)
[MoE] Layer 4: loading 1 expert(s)
[MoE] Layer 8: loading 1 expert(s)
[MoE] Layer 9: loading 1 expert(s)
[MoE] Layer 11: loading 3 expert(s)
[MoE] Layer 12: loading 2 expert(s)
[MoE] Layer 14: loading 1 expert(s)
[MoE] Layer 16: loading 1 expert(s)
[MoE] Layer 20: loading 1 expert(s)
[MoE] Layer 23: loading 1 expert(s)
[MoE] Layer 24: loading 1 expert(s)
[MoE] Layer 27: loading 1 expert(s)
[MoE] Layer 35: loading 1 expert(s)
[MoE] Layer 36: loading 1 expert(s)
[MoE] Layer 0: loading 2 expert(s)
[MoE] Layer 1: loading 1 expert(s)
[MoE] Layer 3: loading 1 expert(s)
[MoE] Layer 4: loading 1 expert(s)
[MoE] Layer 14: loading 1 expert(s)
[MoE] Layer 42: loading 1 expert(s)
[MoE] Layer 0: loading 2 expert(s)
[MoE] Layer 1: loading 1 expert(s)
[MoE] Layer 17: loading 1 expert(s)
[MoE] Layer 40: loading 1 expert(s)
[MoE] Layer 0: loading 2 expert(s)
[MoE] Layer 2: loading 1 expert(s)
[MoE] Layer 3: loading 2 expert(s)
[MoE] Layer 7: loading 1 expert(s)
[MoE] Layer 11: loading 1 expert(s)
[MoE] Layer 20: loading 1 expert(s)
[MoE] Layer 22: loading 1 expert(s)
[MoE] Layer 23: loading 1 expert(s)
[MoE] Layer 26: loading 1 expert(s)
[MoE] Layer 35: loading 1 expert(s)
[MoE] Layer 0: loading 2 expert(s)
[MoE] Layer 13: loading 1 expert(s)
[MoE] Layer 28: loading 1 expert(s)
[MoE] Layer 31: loading 1 expert(s)
[MoE] Layer 32: loading 1 expert(s)
[MoE] Layer 37: loading 1 expert(s)
[MoE] Layer 39: loading 1 expert(s)
[gen 55/149] elapsed=7.0s  TPS=7.900
[MoE] Layer 0: loading 2 expert(s)
[MoE] Layer 1: loading 1 expert(s)
[MoE] Layer 14: loading 1 expert(s)
[MoE] Layer 24: loading 1 expert(s)
[MoE] Layer 40: loading 1 expert(s)
[MoE] Layer 1: loading 1 expert(s)
[MoE] Layer 8: loading 1 expert(s)
[MoE] Layer 9: loading 1 expert(s)
[MoE] Layer 10: loading 2 expert(s)
[MoE] Layer 12: loading 1 expert(s)
[MoE] Layer 14: loading 1 expert(s)
[MoE] Layer 16: loading 1 expert(s)
[MoE] Layer 25: loading 1 expert(s)
[MoE] Layer 34: loading 1 expert(s)
[MoE] Layer 35: loading 1 expert(s)
[MoE] Layer 37: loading 1 expert(s)
[MoE] Layer 10: loading 1 expert(s)
[MoE] Layer 11: loading 1 expert(s)
[MoE] Layer 13: loading 1 expert(s)
[MoE] Layer 17: loading 1 expert(s)
[MoE] Layer 31: loading 1 expert(s)
[MoE] Layer 39: loading 1 expert(s)
[MoE] Layer 15: loading 1 expert(s)
[MoE] Layer 16: loading 1 expert(s)
[MoE] Layer 26: loading 1 expert(s)
[MoE] Layer 35: loading 1 expert(s)
[MoE] Layer 0: loading 2 expert(s)
[MoE] Layer 7: loading 1 expert(s)
[MoE] Layer 16: loading 1 expert(s)
[MoE] Layer 29: loading 1 expert(s)
[MoE] Layer 31: loading 1 expert(s)
[MoE] Layer 35: loading 1 expert(s)
[gen 60/149] elapsed=7.3s  TPS=8.167
[MoE] Layer 0: loading 1 expert(s)
[MoE] Layer 2: loading 1 expert(s)
[MoE] Layer 4: loading 1 expert(s)
[MoE] Layer 5: loading 1 expert(s)
[MoE] Layer 7: loading 1 expert(s)
[MoE] Layer 8: loading 1 expert(s)
[MoE] Layer 10: loading 1 expert(s)
[MoE] Layer 12: loading 2 expert(s)
[MoE] Layer 19: loading 1 expert(s)
[MoE] Layer 24: loading 1 expert(s)
[MoE] Layer 32: loading 1 expert(s)
[MoE] Layer 35: loading 1 expert(s)
[MoE] Layer 36: loading 1 expert(s)
[MoE] Layer 41: loading 2 expert(s)
[MoE] Layer 45: loading 1 expert(s)
[MoE] Layer 46: loading 1 expert(s)
[MoE] Layer 1: loading 1 expert(s)
[MoE] Layer 9: loading 1 expert(s)
[MoE] Layer 11: loading 1 expert(s)
[MoE] Layer 13: loading 1 expert(s)
[MoE] Layer 24: loading 1 expert(s)
[MoE] Layer 34: loading 1 expert(s)
[MoE] Layer 6: loading 1 expert(s)
[MoE] Layer 15: loading 1 expert(s)
[MoE] Layer 25: loading 1 expert(s)
[MoE] Layer 4: loading 1 expert(s)
[MoE] Layer 10: loading 1 expert(s)
[MoE] Layer 15: loading 1 expert(s)
[MoE] Layer 22: loading 1 expert(s)
[MoE] Layer 25: loading 1 expert(s)
[MoE] Layer 36: loading 1 expert(s)
[MoE] Layer 10: loading 1 expert(s)
[MoE] Layer 11: loading 1 expert(s)
[MoE] Layer 13: loading 1 expert(s)
[MoE] Layer 16: loading 1 expert(s)
[MoE] Layer 23: loading 1 expert(s)
[gen 65/149] elapsed=7.7s  TPS=8.392
[MoE] Layer 0: loading 1 expert(s)
[MoE] Layer 17: loading 1 expert(s)
[MoE] Layer 45: loading 1 expert(s)
[MoE] Layer 0: loading 1 expert(s)
[MoE] Layer 11: loading 1 expert(s)
[MoE] Layer 12: loading 1 expert(s)
[MoE] Layer 32: loading 1 expert(s)
[MoE] Layer 33: loading 1 expert(s)
[MoE] Layer 0: loading 2 expert(s)
[MoE] Layer 12: loading 1 expert(s)
[MoE] Layer 30: loading 1 expert(s)
[MoE] Layer 31: loading 1 expert(s)
[MoE] Layer 34: loading 1 expert(s)
[MoE] Layer 35: loading 2 expert(s)
[MoE] Layer 36: loading 1 expert(s)
[MoE] Layer 38: loading 1 expert(s)
[MoE] Layer 0: loading 1 expert(s)
[MoE] Layer 6: loading 1 expert(s)
[MoE] Layer 8: loading 1 expert(s)
[MoE] Layer 11: loading 1 expert(s)
[MoE] Layer 14: loading 1 expert(s)
[MoE] Layer 25: loading 1 expert(s)
[MoE] Layer 29: loading 1 expert(s)
[MoE] Layer 36: loading 2 expert(s)
[MoE] Layer 37: loading 1 expert(s)
[MoE] Layer 0: loading 1 expert(s)
[MoE] Layer 2: loading 1 expert(s)
[MoE] Layer 4: loading 1 expert(s)
[MoE] Layer 5: loading 1 expert(s)
[MoE] Layer 10: loading 1 expert(s)
[MoE] Layer 15: loading 1 expert(s)
[MoE] Layer 17: loading 1 expert(s)
[MoE] Layer 20: loading 1 expert(s)
[MoE] Layer 22: loading 1 expert(s)
[MoE] Layer 23: loading 1 expert(s)
[MoE] Layer 24: loading 1 expert(s)
[MoE] Layer 27: loading 2 expert(s)
[MoE] Layer 35: loading 1 expert(s)
[MoE] Layer 37: loading 1 expert(s)
[MoE] Layer 38: loading 1 expert(s)
[MoE] Layer 43: loading 1 expert(s)
[MoE] Layer 44: loading 1 expert(s)
[MoE] Layer 45: loading 1 expert(s)
[MoE] Layer 46: loading 1 expert(s)
[gen 70/149] elapsed=8.2s  TPS=8.551
[MoE] Layer 0: loading 1 expert(s)
[MoE] Layer 13: loading 1 expert(s)
[MoE] Layer 18: loading 1 expert(s)
[MoE] Layer 32: loading 1 expert(s)
[MoE] Layer 1: loading 1 expert(s)
[MoE] Layer 4: loading 1 expert(s)
[MoE] Layer 16: loading 1 expert(s)
[MoE] Layer 19: loading 1 expert(s)
[MoE] Layer 23: loading 1 expert(s)
[MoE] Layer 24: loading 1 expert(s)
[MoE] Layer 28: loading 1 expert(s)
[MoE] Layer 33: loading 1 expert(s)
[MoE] Layer 34: loading 1 expert(s)
[MoE] Layer 0: loading 1 expert(s)
[MoE] Layer 7: loading 1 expert(s)
[MoE] Layer 10: loading 1 expert(s)
[MoE] Layer 11: loading 1 expert(s)
[MoE] Layer 15: loading 1 expert(s)
[MoE] Layer 16: loading 1 expert(s)
[MoE] Layer 22: loading 1 expert(s)
[MoE] Layer 34: loading 2 expert(s)
[MoE] Layer 39: loading 1 expert(s)
[MoE] Layer 42: loading 1 expert(s)
[MoE] Layer 47: loading 1 expert(s)
[MoE] Layer 0: loading 2 expert(s)
[MoE] Layer 1: loading 2 expert(s)
[MoE] Layer 2: loading 2 expert(s)
[MoE] Layer 3: loading 1 expert(s)
[MoE] Layer 10: loading 1 expert(s)
[MoE] Layer 16: loading 1 expert(s)
[MoE] Layer 17: loading 1 expert(s)
[MoE] Layer 20: loading 1 expert(s)
[MoE] Layer 22: loading 1 expert(s)
[MoE] Layer 26: loading 1 expert(s)
[MoE] Layer 27: loading 1 expert(s)
[MoE] Layer 28: loading 1 expert(s)
[MoE] Layer 29: loading 1 expert(s)
[MoE] Layer 31: loading 1 expert(s)
[MoE] Layer 33: loading 1 expert(s)
[MoE] Layer 37: loading 1 expert(s)
[MoE] Layer 40: loading 1 expert(s)
[MoE] Layer 41: loading 3 expert(s)
[MoE] Layer 42: loading 1 expert(s)
[MoE] Layer 45: loading 1 expert(s)
[MoE] Layer 46: loading 2 expert(s)
[MoE] Layer 47: loading 4 expert(s)
[MoE] Layer 0: loading 3 expert(s)
[MoE] Layer 3: loading 1 expert(s)
[MoE] Layer 5: loading 1 expert(s)
[MoE] Layer 9: loading 1 expert(s)
[MoE] Layer 11: loading 1 expert(s)
[MoE] Layer 13: loading 1 expert(s)
[MoE] Layer 16: loading 1 expert(s)
[MoE] Layer 17: loading 1 expert(s)
[MoE] Layer 22: loading 1 expert(s)
[MoE] Layer 26: loading 1 expert(s)
[MoE] Layer 29: loading 1 expert(s)
[MoE] Layer 33: loading 1 expert(s)
[MoE] Layer 38: loading 1 expert(s)
[MoE] Layer 40: loading 1 expert(s)
[MoE] Layer 42: loading 1 expert(s)
[gen 75/149] elapsed=8.7s  TPS=8.611
[MoE] Layer 0: loading 2 expert(s)
[MoE] Layer 1: loading 1 expert(s)
[MoE] Layer 3: loading 2 expert(s)
[MoE] Layer 4: loading 1 expert(s)
[MoE] Layer 5: loading 1 expert(s)
[MoE] Layer 11: loading 1 expert(s)
[MoE] Layer 13: loading 1 expert(s)
[MoE] Layer 24: loading 1 expert(s)
[MoE] Layer 34: loading 1 expert(s)
[MoE] Layer 40: loading 1 expert(s)
[MoE] Layer 0: loading 1 expert(s)
[MoE] Layer 3: loading 1 expert(s)
[MoE] Layer 5: loading 1 expert(s)
[MoE] Layer 9: loading 1 expert(s)
[MoE] Layer 11: loading 1 expert(s)
[MoE] Layer 15: loading 1 expert(s)
[MoE] Layer 16: loading 1 expert(s)
[MoE] Layer 35: loading 1 expert(s)
[MoE] Layer 42: loading 1 expert(s)
[MoE] Layer 0: loading 1 expert(s)
[MoE] Layer 1: loading 1 expert(s)
[MoE] Layer 26: loading 1 expert(s)
[MoE] Layer 28: loading 1 expert(s)
[MoE] Layer 0: loading 3 expert(s)
[MoE] Layer 2: loading 1 expert(s)
[MoE] Layer 28: loading 1 expert(s)
[MoE] Layer 32: loading 1 expert(s)
[MoE] Layer 37: loading 1 expert(s)
[MoE] Layer 0: loading 2 expert(s)
[MoE] Layer 14: loading 1 expert(s)
[MoE] Layer 24: loading 2 expert(s)
[MoE] Layer 36: loading 1 expert(s)
[MoE] Layer 43: loading 1 expert(s)
[gen 80/149] elapsed=9.1s  TPS=8.789
[MoE] Layer 0: loading 2 expert(s)
[MoE] Layer 1: loading 1 expert(s)
[MoE] Layer 9: loading 1 expert(s)
[MoE] Layer 13: loading 1 expert(s)
[MoE] Layer 20: loading 1 expert(s)
[MoE] Layer 22: loading 1 expert(s)
[MoE] Layer 23: loading 1 expert(s)
[MoE] Layer 25: loading 2 expert(s)
[MoE] Layer 29: loading 1 expert(s)
[MoE] Layer 34: loading 1 expert(s)
[MoE] Layer 36: loading 1 expert(s)
[MoE] Layer 37: loading 1 expert(s)
[MoE] Layer 0: loading 1 expert(s)
[MoE] Layer 4: loading 1 expert(s)
[MoE] Layer 5: loading 2 expert(s)
[MoE] Layer 9: loading 1 expert(s)
[MoE] Layer 21: loading 1 expert(s)
[MoE] Layer 22: loading 2 expert(s)
[MoE] Layer 27: loading 2 expert(s)
[MoE] Layer 29: loading 1 expert(s)
[MoE] Layer 33: loading 1 expert(s)
[MoE] Layer 34: loading 1 expert(s)
[MoE] Layer 43: loading 1 expert(s)
[MoE] Layer 46: loading 1 expert(s)
[MoE] Layer 47: loading 1 expert(s)
[MoE] Layer 0: loading 4 expert(s)
[MoE] Layer 1: loading 2 expert(s)
[MoE] Layer 2: loading 1 expert(s)
[MoE] Layer 3: loading 1 expert(s)
[MoE] Layer 11: loading 2 expert(s)
[MoE] Layer 13: loading 2 expert(s)
[MoE] Layer 18: loading 1 expert(s)
[MoE] Layer 35: loading 2 expert(s)
[MoE] Layer 39: loading 1 expert(s)
[MoE] Layer 0: loading 1 expert(s)
[MoE] Layer 3: loading 2 expert(s)
[MoE] Layer 10: loading 1 expert(s)
[MoE] Layer 14: loading 1 expert(s)
[MoE] Layer 0: loading 1 expert(s)
[MoE] Layer 20: loading 1 expert(s)
[MoE] Layer 23: loading 1 expert(s)
[MoE] Layer 25: loading 1 expert(s)
[MoE] Layer 47: loading 1 expert(s)
[gen 85/149] elapsed=9.5s  TPS=8.902
[MoE] Layer 0: loading 1 expert(s)
[MoE] Layer 1: loading 1 expert(s)
[MoE] Layer 24: loading 1 expert(s)
[MoE] Layer 36: loading 1 expert(s)
[MoE] Layer 41: loading 1 expert(s)
[MoE] Layer 1: loading 1 expert(s)
[MoE] Layer 12: loading 1 expert(s)
[MoE] Layer 23: loading 1 expert(s)
[MoE] Layer 25: loading 1 expert(s)
[MoE] Layer 29: loading 1 expert(s)
[MoE] Layer 33: loading 1 expert(s)
[MoE] Layer 35: loading 1 expert(s)
[MoE] Layer 37: loading 1 expert(s)
[MoE] Layer 38: loading 1 expert(s)
[MoE] Layer 39: loading 1 expert(s)
[MoE] Layer 41: loading 1 expert(s)
[MoE] Layer 1: loading 1 expert(s)
[MoE] Layer 13: loading 1 expert(s)
[MoE] Layer 22: loading 1 expert(s)
[MoE] Layer 0: loading 1 expert(s)
[MoE] Layer 1: loading 1 expert(s)
[MoE] Layer 10: loading 1 expert(s)
[MoE] Layer 14: loading 1 expert(s)
[MoE] Layer 0: loading 1 expert(s)
[MoE] Layer 12: loading 1 expert(s)
[MoE] Layer 17: loading 1 expert(s)
[MoE] Layer 19: loading 1 expert(s)
[MoE] Layer 22: loading 1 expert(s)
[MoE] Layer 23: loading 1 expert(s)
[MoE] Layer 34: loading 1 expert(s)
[MoE] Layer 35: loading 1 expert(s)
[gen 90/149] elapsed=9.9s  TPS=9.064
[MoE] Layer 0: loading 2 expert(s)
[MoE] Layer 1: loading 2 expert(s)
[MoE] Layer 3: loading 1 expert(s)
[MoE] Layer 15: loading 1 expert(s)
[MoE] Layer 42: loading 1 expert(s)
[MoE] Layer 1: loading 1 expert(s)
[MoE] Layer 10: loading 1 expert(s)
[MoE] Layer 0: loading 2 expert(s)
[MoE] Layer 2: loading 1 expert(s)
[MoE] Layer 11: loading 1 expert(s)
[MoE] Layer 17: loading 1 expert(s)
[MoE] Layer 24: loading 1 expert(s)
[MoE] Layer 26: loading 1 expert(s)
[MoE] Layer 27: loading 1 expert(s)
[MoE] Layer 34: loading 1 expert(s)
[MoE] Layer 35: loading 1 expert(s)
[MoE] Layer 36: loading 1 expert(s)
[MoE] Layer 39: loading 2 expert(s)
[MoE] Layer 40: loading 2 expert(s)
[MoE] Layer 41: loading 3 expert(s)
[MoE] Layer 44: loading 2 expert(s)
[MoE] Layer 45: loading 1 expert(s)
[MoE] Layer 47: loading 1 expert(s)
[MoE] Layer 0: loading 3 expert(s)
[MoE] Layer 1: loading 3 expert(s)
[MoE] Layer 3: loading 1 expert(s)
[MoE] Layer 4: loading 1 expert(s)
[MoE] Layer 11: loading 1 expert(s)
[MoE] Layer 13: loading 1 expert(s)
[MoE] Layer 17: loading 1 expert(s)
[MoE] Layer 32: loading 1 expert(s)
[MoE] Layer 34: loading 1 expert(s)
[gen 95/149] elapsed=10.3s  TPS=9.195
[MoE] Layer 0: loading 2 expert(s)
[MoE] Layer 1: loading 1 expert(s)
[MoE] Layer 11: loading 2 expert(s)
[MoE] Layer 20: loading 1 expert(s)
[MoE] Layer 24: loading 1 expert(s)
[MoE] Layer 34: loading 1 expert(s)
[MoE] Layer 35: loading 1 expert(s)
[MoE] Layer 36: loading 1 expert(s)
[MoE] Layer 0: loading 1 expert(s)
[MoE] Layer 2: loading 1 expert(s)
[MoE] Layer 23: loading 1 expert(s)
[MoE] Layer 25: loading 1 expert(s)
[MoE] Layer 26: loading 1 expert(s)
[MoE] Layer 0: loading 3 expert(s)
[MoE] Layer 1: loading 1 expert(s)
[MoE] Layer 0: loading 1 expert(s)
[MoE] Layer 1: loading 1 expert(s)
[MoE] Layer 10: loading 1 expert(s)
[MoE] Layer 13: loading 1 expert(s)
[MoE] Layer 22: loading 2 expert(s)
[MoE] Layer 24: loading 1 expert(s)
[MoE] Layer 29: loading 1 expert(s)
[MoE] Layer 37: loading 1 expert(s)
[MoE] Layer 44: loading 1 expert(s)
[MoE] Layer 1: loading 1 expert(s)
[MoE] Layer 3: loading 1 expert(s)
[MoE] Layer 10: loading 1 expert(s)
[MoE] Layer 11: loading 1 expert(s)
[MoE] Layer 22: loading 1 expert(s)
[MoE] Layer 34: loading 1 expert(s)
[MoE] Layer 37: loading 2 expert(s)
[gen 100/149] elapsed=10.7s  TPS=9.331
[MoE] Layer 0: loading 1 expert(s)
[MoE] Layer 1: loading 1 expert(s)
[MoE] Layer 12: loading 1 expert(s)
[MoE] Layer 25: loading 1 expert(s)
[MoE] Layer 0: loading 1 expert(s)
[MoE] Layer 16: loading 1 expert(s)
[MoE] Layer 22: loading 1 expert(s)
[MoE] Layer 23: loading 1 expert(s)
[MoE] Layer 25: loading 1 expert(s)
[MoE] Layer 28: loading 1 expert(s)
[MoE] Layer 34: loading 1 expert(s)
[MoE] Layer 35: loading 1 expert(s)
[MoE] Layer 0: loading 3 expert(s)
[MoE] Layer 17: loading 1 expert(s)
[MoE] Layer 0: loading 1 expert(s)
[MoE] Layer 4: loading 1 expert(s)
[MoE] Layer 0: loading 1 expert(s)
[MoE] Layer 1: loading 1 expert(s)
[MoE] Layer 37: loading 1 expert(s)
[gen 105/149] elapsed=11.1s  TPS=9.499
[MoE] Layer 0: loading 3 expert(s)
[MoE] Layer 17: loading 1 expert(s)
[MoE] Layer 32: loading 1 expert(s)
[MoE] Layer 0: loading 1 expert(s)
[MoE] Layer 1: loading 1 expert(s)
[MoE] Layer 3: loading 1 expert(s)
[MoE] Layer 1: loading 1 expert(s)
[MoE] Layer 3: loading 1 expert(s)
[MoE] Layer 4: loading 1 expert(s)
[MoE] Layer 18: loading 1 expert(s)
[MoE] Layer 25: loading 1 expert(s)
[MoE] Layer 2: loading 1 expert(s)
[MoE] Layer 3: loading 1 expert(s)
[MoE] Layer 8: loading 1 expert(s)
[MoE] Layer 11: loading 1 expert(s)
[MoE] Layer 17: loading 1 expert(s)
[MoE] Layer 29: loading 1 expert(s)
[gen 110/149] elapsed=11.4s  TPS=9.668
[MoE] Layer 0: loading 1 expert(s)
[MoE] Layer 1: loading 1 expert(s)
[MoE] Layer 4: loading 1 expert(s)
[MoE] Layer 17: loading 1 expert(s)
[MoE] Layer 18: loading 1 expert(s)
[MoE] Layer 29: loading 1 expert(s)
[MoE] Layer 30: loading 1 expert(s)
[MoE] Layer 41: loading 1 expert(s)
[MoE] Layer 44: loading 1 expert(s)
[MoE] Layer 0: loading 2 expert(s)
[MoE] Layer 3: loading 1 expert(s)
[MoE] Layer 17: loading 1 expert(s)
[MoE] Layer 22: loading 2 expert(s)
[MoE] Layer 23: loading 1 expert(s)
[MoE] Layer 24: loading 1 expert(s)
[MoE] Layer 35: loading 1 expert(s)
[MoE] Layer 36: loading 1 expert(s)
[MoE] Layer 37: loading 2 expert(s)
[MoE] Layer 41: loading 1 expert(s)
[MoE] Layer 42: loading 1 expert(s)
[MoE] Layer 43: loading 1 expert(s)
[MoE] Layer 0: loading 3 expert(s)
[MoE] Layer 1: loading 1 expert(s)
[MoE] Layer 3: loading 1 expert(s)
[MoE] Layer 17: loading 1 expert(s)
[MoE] Layer 0: loading 1 expert(s)
[MoE] Layer 17: loading 1 expert(s)
[MoE] Layer 43: loading 1 expert(s)
[gen 115/149] elapsed=11.8s  TPS=9.784
[MoE] Layer 4: loading 1 expert(s)
[MoE] Layer 28: loading 1 expert(s)
[MoE] Layer 34: loading 1 expert(s)
[MoE] Layer 1: loading 1 expert(s)
[MoE] Layer 13: loading 1 expert(s)
[MoE] Layer 0: loading 1 expert(s)
[MoE] Layer 37: loading 1 expert(s)
[MoE] Layer 17: loading 1 expert(s)
[MoE] Layer 44: loading 1 expert(s)
[MoE] Layer 0: loading 1 expert(s)
[MoE] Layer 5: loading 1 expert(s)
[MoE] Layer 7: loading 1 expert(s)
[MoE] Layer 22: loading 2 expert(s)
[MoE] Layer 23: loading 1 expert(s)
[MoE] Layer 24: loading 1 expert(s)
[gen 120/149] elapsed=12.1s  TPS=9.933
[MoE] Layer 0: loading 2 expert(s)
[MoE] Layer 3: loading 1 expert(s)
[MoE] Layer 0: loading 3 expert(s)
[MoE] Layer 1: loading 1 expert(s)
[MoE] Layer 20: loading 1 expert(s)
[MoE] Layer 29: loading 1 expert(s)
[MoE] Layer 35: loading 1 expert(s)
[MoE] Layer 0: loading 2 expert(s)
[MoE] Layer 8: loading 1 expert(s)
[MoE] Layer 23: loading 1 expert(s)
[MoE] Layer 32: loading 1 expert(s)
[MoE] Layer 1: loading 1 expert(s)
[MoE] Layer 19: loading 1 expert(s)
[MoE] Layer 30: loading 1 expert(s)
[MoE] Layer 31: loading 1 expert(s)
[MoE] Layer 32: loading 1 expert(s)
[MoE] Layer 41: loading 1 expert(s)
[MoE] Layer 15: loading 1 expert(s)
[MoE] Layer 40: loading 1 expert(s)
[MoE] Layer 44: loading 1 expert(s)
[MoE] Layer 45: loading 1 expert(s)
[MoE] Layer 47: loading 2 expert(s)
[gen 125/149] elapsed=12.4s  TPS=10.046
[MoE] Layer 0: loading 1 expert(s)
[MoE] Layer 18: loading 1 expert(s)
[MoE] Layer 0: loading 2 expert(s)
[MoE] Layer 8: loading 1 expert(s)
[MoE] Layer 13: loading 1 expert(s)
[MoE] Layer 14: loading 1 expert(s)
[MoE] Layer 39: loading 1 expert(s)
[MoE] Layer 0: loading 1 expert(s)
[MoE] Layer 1: loading 1 expert(s)
[MoE] Layer 41: loading 1 expert(s)
[gen 130/149] elapsed=12.8s  TPS=10.195
[MoE] Layer 0: loading 1 expert(s)
[MoE] Layer 35: loading 1 expert(s)
[MoE] Layer 1: loading 1 expert(s)
[gen 135/149] elapsed=13.0s  TPS=10.365
[MoE] Layer 0: loading 1 expert(s)
[MoE] Layer 1: loading 1 expert(s)
[MoE] Layer 2: loading 1 expert(s)
[MoE] Layer 3: loading 1 expert(s)
[MoE] Layer 13: loading 2 expert(s)
[MoE] Layer 28: loading 1 expert(s)
[MoE] Layer 0: loading 2 expert(s)
[MoE] Layer 1: loading 2 expert(s)
[MoE] Layer 3: loading 1 expert(s)
[MoE] Layer 5: loading 1 expert(s)
[MoE] Layer 16: loading 1 expert(s)
[MoE] Layer 1: loading 1 expert(s)
[MoE] Layer 3: loading 1 expert(s)
[MoE] Layer 11: loading 1 expert(s)
[MoE] Layer 22: loading 1 expert(s)
[MoE] Layer 25: loading 1 expert(s)
[MoE] Layer 35: loading 1 expert(s)
[MoE] Layer 10: loading 1 expert(s)
[MoE] Layer 12: loading 1 expert(s)
[MoE] Layer 22: loading 1 expert(s)
[MoE] Layer 0: loading 2 expert(s)
[MoE] Layer 13: loading 1 expert(s)
[gen 140/149] elapsed=13.4s  TPS=10.460
[MoE] Layer 1: loading 1 expert(s)
[MoE] Layer 2: loading 1 expert(s)
[MoE] Layer 11: loading 1 expert(s)
[MoE] Layer 23: loading 1 expert(s)
[MoE] Layer 32: loading 1 expert(s)
[MoE] Layer 0: loading 2 expert(s)
[MoE] Layer 8: loading 1 expert(s)
[MoE] Layer 0: loading 1 expert(s)
[MoE] Layer 8: loading 1 expert(s)
[MoE] Layer 9: loading 1 expert(s)
[MoE] Layer 11: loading 1 expert(s)
[MoE] Layer 14: loading 1 expert(s)
[MoE] Layer 16: loading 1 expert(s)
[MoE] Layer 17: loading 2 expert(s)
[MoE] Layer 18: loading 1 expert(s)
[MoE] Layer 20: loading 2 expert(s)
[MoE] Layer 26: loading 1 expert(s)
[MoE] Layer 29: loading 1 expert(s)
[MoE] Layer 34: loading 1 expert(s)
[MoE] Layer 38: loading 2 expert(s)
[MoE] Layer 41: loading 1 expert(s)
[MoE] Layer 43: loading 2 expert(s)
[MoE] Layer 45: loading 1 expert(s)
[gen 145/149] elapsed=13.8s  TPS=10.541
[MoE] Layer 1: loading 1 expert(s)
[MoE] Layer 10: loading 1 expert(s)
[MoE] Layer 34: loading 1 expert(s)
[MoE] Layer 23: loading 1 expert(s)
[MoE] Layer 26: loading 1 expert(s)
[MoE] Layer 0: loading 1 expert(s)
[MoE] Layer 0: loading 3 expert(s)
[MoE] Layer 10: loading 1 expert(s)
[MoE] Layer 13: loading 1 expert(s)
[MoE] Layer 17: loading 1 expert(s)
[MoE] Layer 34: loading 1 expert(s)
Prefill time (summary): 12.576 seconds
Total Generation Time: 14.013 seconds
Average Time per Token: 0.094 seconds

Expert Cache Statistics:
Layer 0: Hits=1027, Misses=165, HitRate=86.16%
    Bandwidth: MissLoads=165, AvgLoadTime=2.56ms
Layer 1: Hits=1102, Misses=90, HitRate=92.45%
    Bandwidth: MissLoads=90, AvgLoadTime=2.89ms
Layer 2: Hits=1153, Misses=39, HitRate=96.73%
    Bandwidth: MissLoads=39, AvgLoadTime=3.07ms
Layer 3: Hits=1129, Misses=63, HitRate=94.71%
    Bandwidth: MissLoads=63, AvgLoadTime=3.03ms
Layer 4: Hits=1154, Misses=38, HitRate=96.81%
    Bandwidth: MissLoads=38, AvgLoadTime=3.25ms
Layer 5: Hits=1163, Misses=29, HitRate=97.57%
    Bandwidth: MissLoads=29, AvgLoadTime=3.32ms
Layer 6: Hits=1178, Misses=14, HitRate=98.83%
    Bandwidth: MissLoads=14, AvgLoadTime=3.41ms
Layer 7: Hits=1178, Misses=14, HitRate=98.83%
    Bandwidth: MissLoads=14, AvgLoadTime=3.56ms
Layer 8: Hits=1156, Misses=36, HitRate=96.98%
    Bandwidth: MissLoads=36, AvgLoadTime=3.14ms
Layer 9: Hits=1163, Misses=29, HitRate=97.57%
    Bandwidth: MissLoads=29, AvgLoadTime=3.43ms
Layer 10: Hits=1152, Misses=40, HitRate=96.64%
    Bandwidth: MissLoads=40, AvgLoadTime=3.35ms
Layer 11: Hits=1139, Misses=53, HitRate=95.55%
    Bandwidth: MissLoads=53, AvgLoadTime=3.16ms
Layer 12: Hits=1153, Misses=39, HitRate=96.73%
    Bandwidth: MissLoads=39, AvgLoadTime=3.27ms
Layer 13: Hits=1141, Misses=51, HitRate=95.72%
    Bandwidth: MissLoads=51, AvgLoadTime=2.97ms
Layer 14: Hits=1162, Misses=30, HitRate=97.48%
    Bandwidth: MissLoads=30, AvgLoadTime=3.36ms
Layer 15: Hits=1160, Misses=32, HitRate=97.32%
    Bandwidth: MissLoads=32, AvgLoadTime=3.16ms
Layer 16: Hits=1157, Misses=35, HitRate=97.06%
    Bandwidth: MissLoads=35, AvgLoadTime=3.17ms
Layer 17: Hits=1140, Misses=52, HitRate=95.64%
    Bandwidth: MissLoads=52, AvgLoadTime=3.08ms
Layer 18: Hits=1172, Misses=20, HitRate=98.32%
    Bandwidth: MissLoads=20, AvgLoadTime=3.27ms
Layer 19: Hits=1179, Misses=13, HitRate=98.91%
    Bandwidth: MissLoads=13, AvgLoadTime=3.44ms
Layer 20: Hits=1166, Misses=26, HitRate=97.82%
    Bandwidth: MissLoads=26, AvgLoadTime=3.00ms
Layer 21: Hits=1175, Misses=17, HitRate=98.57%
    Bandwidth: MissLoads=17, AvgLoadTime=3.23ms
Layer 22: Hits=1136, Misses=56, HitRate=95.30%
    Bandwidth: MissLoads=56, AvgLoadTime=2.97ms
Layer 23: Hits=1148, Misses=44, HitRate=96.31%
    Bandwidth: MissLoads=44, AvgLoadTime=3.24ms
Layer 24: Hits=1154, Misses=38, HitRate=96.81%
    Bandwidth: MissLoads=38, AvgLoadTime=3.14ms
Layer 25: Hits=1150, Misses=42, HitRate=96.48%
    Bandwidth: MissLoads=42, AvgLoadTime=3.27ms
Layer 26: Hits=1162, Misses=30, HitRate=97.48%
    Bandwidth: MissLoads=30, AvgLoadTime=3.18ms
Layer 27: Hits=1160, Misses=32, HitRate=97.32%
    Bandwidth: MissLoads=32, AvgLoadTime=3.16ms
Layer 28: Hits=1160, Misses=32, HitRate=97.32%
    Bandwidth: MissLoads=32, AvgLoadTime=3.23ms
Layer 29: Hits=1141, Misses=51, HitRate=95.72%
    Bandwidth: MissLoads=51, AvgLoadTime=3.14ms
Layer 30: Hits=1179, Misses=13, HitRate=98.91%
    Bandwidth: MissLoads=13, AvgLoadTime=3.15ms
Layer 31: Hits=1177, Misses=15, HitRate=98.74%
    Bandwidth: MissLoads=15, AvgLoadTime=3.59ms
Layer 32: Hits=1156, Misses=36, HitRate=96.98%
    Bandwidth: MissLoads=36, AvgLoadTime=3.25ms
Layer 33: Hits=1171, Misses=21, HitRate=98.24%
    Bandwidth: MissLoads=21, AvgLoadTime=3.46ms
Layer 34: Hits=1145, Misses=47, HitRate=96.06%
    Bandwidth: MissLoads=47, AvgLoadTime=3.01ms
Layer 35: Hits=1141, Misses=51, HitRate=95.72%
    Bandwidth: MissLoads=51, AvgLoadTime=2.91ms
Layer 36: Hits=1154, Misses=38, HitRate=96.81%
    Bandwidth: MissLoads=38, AvgLoadTime=3.12ms
Layer 37: Hits=1147, Misses=45, HitRate=96.22%
    Bandwidth: MissLoads=45, AvgLoadTime=3.08ms
Layer 38: Hits=1158, Misses=34, HitRate=97.15%
    Bandwidth: MissLoads=34, AvgLoadTime=3.21ms
Layer 39: Hits=1159, Misses=33, HitRate=97.23%
    Bandwidth: MissLoads=33, AvgLoadTime=3.09ms
Layer 40: Hits=1161, Misses=31, HitRate=97.40%
    Bandwidth: MissLoads=31, AvgLoadTime=3.14ms
Layer 41: Hits=1149, Misses=43, HitRate=96.39%
    Bandwidth: MissLoads=43, AvgLoadTime=2.99ms
Layer 42: Hits=1164, Misses=28, HitRate=97.65%
    Bandwidth: MissLoads=28, AvgLoadTime=3.23ms
Layer 43: Hits=1172, Misses=20, HitRate=98.32%
    Bandwidth: MissLoads=20, AvgLoadTime=3.16ms
Layer 44: Hits=1171, Misses=21, HitRate=98.24%
    Bandwidth: MissLoads=21, AvgLoadTime=3.31ms
Layer 45: Hits=1172, Misses=20, HitRate=98.32%
    Bandwidth: MissLoads=20, AvgLoadTime=3.15ms
Layer 46: Hits=1169, Misses=23, HitRate=98.07%
    Bandwidth: MissLoads=23, AvgLoadTime=2.81ms
Layer 47: Hits=1161, Misses=31, HitRate=97.40%
    Bandwidth: MissLoads=31, AvgLoadTime=3.08ms
============================================================
============================================================
Initializing Qwen3 30B-A3B AWQ w4a16 quantized model...
============================================================
Loading quantized weights from QuixiAI/Qwen3-30B-A3B-AWQ...
Using saved safetensors: /home/michael/heteroPredict/py/unified_llm_w4a16/model_weights/Qwen3-30B-A3B-AWQ.safetensors
Expert weights dir: /home/michael/heteroPredict/py/unified_llm_w4a16/model_weights/Qwen3-30B-A3B-AWQ_packed  (format: packed)
Using existing attention weights in /home/michael/heteroPredict/py/unified_llm_w4a16/model_weights/Qwen3-30B-A3B-AWQ_unpacked
Weights loaded (expert dir override) in 0.30 seconds
Pre-warming expert cache with 64 experts...
Model initialized successfully!
Setting lambda to 1.0
Forced top-5 experts into cache mask.
Set expert cache policy to LRU.

Running sweep using prompts from JSON: /tmp/tmpis7anlv6.json
Loaded 1 prompts for sweeping.

Processing Prompt 1/1...

============================================================
Generated text only:
============================================================
 inscription for Du Fu in 813 . 

The text is a biography of Du Fu, a famous Chinese poet of the Tang dynasty. The text is divided into several sections, each with a heading. The first section is "Early life and career", which discusses Du Fu's early life, education, and early career. The second section is "The An Lushan Rebellion", which describes the impact of the rebellion on Du Fu's life and work. The third section is "Later years", which covers his later life, including his time in Chengdu and his final years. The fourth section is "Last years", which discusses his final years and death. The text also includes information about his family, his health, and his legacy.
============================================================

============================================================
Sweep Complete.
Average Time per Token: 0.177308
End-to-End TPS: 5.6399
Cache Stats: Hits=55416, Misses=1800, HitRate=96.85%
Initializing UnifiedLLMW4A16Impl_base
Using NPU config struct.
Configuring NPU (Base):
  Heterogeneity: gpu
  GPU Count: 1
  Debug Verbosity: 1
  Dummy Weights: false
  Warmup: false
  Preload MoE: true
  Minimal PDI: true
[GPU SELECT] Free VRAM ranking: gpu0=28.00/28.00 GiB
[GPU SELECT] Selected GPUs for gpu-count=1: [0]
[GPU MAP] Single-GPU placement on gpu0
UnifiedLLMW4A16 moved to device: cuda:0
Preloading MoE kernels...
MoE kernels preloaded.
UnifiedLLMW4A16 initialized on device: cuda:0 with w4a16 quantization
Loading non-quantized weights from safetensors (mmap): /home/michael/heteroPredict/py/unified_llm_w4a16/model_weights/Qwen3-30B-A3B-AWQ.safetensors
Loaded 243 non-quantized parameters, skipped 0
Loading quantized weights from bins: /home/michael/heteroPredict/py/unified_llm_w4a16/model_weights/Qwen3-30B-A3B-AWQ_unpacked
Pre-warming 64 experts for all layers...
Layer 0: Pre-warming 64 experts.
Layer 0: using packed expert format.
[MoE I/O] Expert weight reads require O_DIRECT (no buffered fallback).
Layer 1: Pre-warming 64 experts.
Layer 1: using packed expert format.
Layer 2: Pre-warming 64 experts.
Layer 2: using packed expert format.
Layer 3: Pre-warming 64 experts.
Layer 3: using packed expert format.
Prewarmed experts for layer 4/48
Layer 4: Pre-warming 64 experts.
Layer 4: using packed expert format.
Layer 5: Pre-warming 64 experts.
Layer 5: using packed expert format.
Layer 6: Pre-warming 64 experts.
Layer 6: using packed expert format.
Layer 7: Pre-warming 64 experts.
Layer 7: using packed expert format.
Prewarmed experts for layer 8/48
Layer 8: Pre-warming 64 experts.
Layer 8: using packed expert format.
Layer 9: Pre-warming 64 experts.
Layer 9: using packed expert format.
Layer 10: Pre-warming 64 experts.
Layer 10: using packed expert format.
Layer 11: Pre-warming 64 experts.
Layer 11: using packed expert format.
Prewarmed experts for layer 12/48
Layer 12: Pre-warming 64 experts.
Layer 12: using packed expert format.
Layer 13: Pre-warming 64 experts.
Layer 13: using packed expert format.
Layer 14: Pre-warming 64 experts.
Layer 14: using packed expert format.
Layer 15: Pre-warming 64 experts.
Layer 15: using packed expert format.
Prewarmed experts for layer 16/48
Layer 16: Pre-warming 64 experts.
Layer 16: using packed expert format.
Layer 17: Pre-warming 64 experts.
Layer 17: using packed expert format.
Layer 18: Pre-warming 64 experts.
Layer 18: using packed expert format.
Layer 19: Pre-warming 64 experts.
Layer 19: using packed expert format.
Prewarmed experts for layer 20/48
Layer 20: Pre-warming 64 experts.
Layer 20: using packed expert format.
Layer 21: Pre-warming 64 experts.
Layer 21: using packed expert format.
Layer 22: Pre-warming 64 experts.
Layer 22: using packed expert format.
Layer 23: Pre-warming 64 experts.
Layer 23: using packed expert format.
Prewarmed experts for layer 24/48
Layer 24: Pre-warming 64 experts.
Layer 24: using packed expert format.
Layer 25: Pre-warming 64 experts.
Layer 25: using packed expert format.
Layer 26: Pre-warming 64 experts.
Layer 26: using packed expert format.
Layer 27: Pre-warming 64 experts.
Layer 27: using packed expert format.
Prewarmed experts for layer 28/48
Layer 28: Pre-warming 64 experts.
Layer 28: using packed expert format.
Layer 29: Pre-warming 64 experts.
Layer 29: using packed expert format.
Layer 30: Pre-warming 64 experts.
Layer 30: using packed expert format.
Layer 31: Pre-warming 64 experts.
Layer 31: using packed expert format.
Prewarmed experts for layer 32/48
Layer 32: Pre-warming 64 experts.
Layer 32: using packed expert format.
Layer 33: Pre-warming 64 experts.
Layer 33: using packed expert format.
Layer 34: Pre-warming 64 experts.
Layer 34: using packed expert format.
Layer 35: Pre-warming 64 experts.
Layer 35: using packed expert format.
Prewarmed experts for layer 36/48
Layer 36: Pre-warming 64 experts.
Layer 36: using packed expert format.
Layer 37: Pre-warming 64 experts.
Layer 37: using packed expert format.
Layer 38: Pre-warming 64 experts.
Layer 38: using packed expert format.
Layer 39: Pre-warming 64 experts.
Layer 39: using packed expert format.
Prewarmed experts for layer 40/48
Layer 40: Pre-warming 64 experts.
Layer 40: using packed expert format.
Layer 41: Pre-warming 64 experts.
Layer 41: using packed expert format.
Layer 42: Pre-warming 64 experts.
Layer 42: using packed expert format.
Layer 43: Pre-warming 64 experts.
Layer 43: using packed expert format.
Prewarmed experts for layer 44/48
Layer 44: Pre-warming 64 experts.
Layer 44: using packed expert format.
Layer 45: Pre-warming 64 experts.
Layer 45: using packed expert format.
Layer 46: Pre-warming 64 experts.
Layer 46: using packed expert format.
Layer 47: Pre-warming 64 experts.
Layer 47: using packed expert format.
Prewarmed experts for layer 48/48
Libtorch input_ids shape: [1, 512]
Skipping warmup.
Prefill time: 12.6654 seconds
Generation phase
[MoE] Layer 0: loading 2 expert(s)
[MoE] Layer 1: loading 2 expert(s)
[MoE] Layer 3: loading 3 expert(s)
[MoE] Layer 4: loading 1 expert(s)
[MoE] Layer 8: loading 3 expert(s)
[MoE] Layer 9: loading 1 expert(s)
[MoE] Layer 10: loading 2 expert(s)
[MoE] Layer 11: loading 2 expert(s)
[MoE] Layer 12: loading 1 expert(s)
[MoE] Layer 13: loading 1 expert(s)
[MoE] Layer 14: loading 1 expert(s)
[MoE] Layer 15: loading 1 expert(s)
[MoE] Layer 16: loading 3 expert(s)
[MoE] Layer 17: loading 2 expert(s)
[MoE] Layer 20: loading 2 expert(s)
[MoE] Layer 21: loading 1 expert(s)
[MoE] Layer 22: loading 1 expert(s)
[MoE] Layer 23: loading 3 expert(s)
[MoE] Layer 24: loading 1 expert(s)
[MoE] Layer 25: loading 1 expert(s)
[MoE] Layer 27: loading 1 expert(s)
[MoE] Layer 28: loading 2 expert(s)
[MoE] Layer 29: loading 2 expert(s)
[MoE] Layer 31: loading 1 expert(s)
[MoE] Layer 32: loading 2 expert(s)
[MoE] Layer 33: loading 1 expert(s)
[MoE] Layer 34: loading 1 expert(s)
[MoE] Layer 35: loading 2 expert(s)
[MoE] Layer 36: loading 1 expert(s)
[MoE] Layer 38: loading 1 expert(s)
[MoE] Layer 39: loading 2 expert(s)
[MoE] Layer 40: loading 1 expert(s)
[MoE] Layer 41: loading 3 expert(s)
[MoE] Layer 42: loading 2 expert(s)
[MoE] Layer 43: loading 2 expert(s)
[MoE] Layer 45: loading 1 expert(s)
[MoE] Layer 46: loading 1 expert(s)
[MoE] Layer 47: loading 2 expert(s)
[MoE] Layer 0: loading 4 expert(s)
[MoE] Layer 1: loading 1 expert(s)
[MoE] Layer 3: loading 3 expert(s)
[MoE] Layer 4: loading 1 expert(s)
[MoE] Layer 5: loading 1 expert(s)
[MoE] Layer 6: loading 1 expert(s)
[MoE] Layer 8: loading 1 expert(s)
[MoE] Layer 9: loading 1 expert(s)
[MoE] Layer 11: loading 1 expert(s)
[MoE] Layer 12: loading 2 expert(s)
[MoE] Layer 13: loading 1 expert(s)
[MoE] Layer 15: loading 2 expert(s)
[MoE] Layer 17: loading 1 expert(s)
[MoE] Layer 20: loading 2 expert(s)
[MoE] Layer 21: loading 1 expert(s)
[MoE] Layer 23: loading 1 expert(s)
[MoE] Layer 24: loading 3 expert(s)
[MoE] Layer 26: loading 1 expert(s)
[MoE] Layer 28: loading 1 expert(s)
[MoE] Layer 29: loading 1 expert(s)
[MoE] Layer 32: loading 2 expert(s)
[MoE] Layer 33: loading 1 expert(s)
[MoE] Layer 35: loading 2 expert(s)
[MoE] Layer 36: loading 2 expert(s)
[MoE] Layer 38: loading 1 expert(s)
[MoE] Layer 39: loading 2 expert(s)
[MoE] Layer 40: loading 1 expert(s)
[MoE] Layer 41: loading 1 expert(s)
[MoE] Layer 43: loading 1 expert(s)
[MoE] Layer 44: loading 2 expert(s)
[MoE] Layer 45: loading 2 expert(s)
[MoE] Layer 46: loading 3 expert(s)
[MoE] Layer 47: loading 2 expert(s)
[MoE] Layer 0: loading 1 expert(s)
[MoE] Layer 1: loading 2 expert(s)
[MoE] Layer 2: loading 1 expert(s)
[MoE] Layer 3: loading 2 expert(s)
[MoE] Layer 9: loading 2 expert(s)
[MoE] Layer 11: loading 1 expert(s)
[MoE] Layer 12: loading 1 expert(s)
[MoE] Layer 13: loading 4 expert(s)
[MoE] Layer 14: loading 4 expert(s)
[MoE] Layer 15: loading 1 expert(s)
[MoE] Layer 16: loading 2 expert(s)
[MoE] Layer 17: loading 2 expert(s)
[MoE] Layer 21: loading 1 expert(s)
[MoE] Layer 23: loading 2 expert(s)
[MoE] Layer 24: loading 2 expert(s)
[MoE] Layer 25: loading 3 expert(s)
[MoE] Layer 26: loading 3 expert(s)
[MoE] Layer 27: loading 1 expert(s)
[MoE] Layer 28: loading 1 expert(s)
[MoE] Layer 29: loading 3 expert(s)
[MoE] Layer 30: loading 1 expert(s)
[MoE] Layer 31: loading 1 expert(s)
[MoE] Layer 33: loading 1 expert(s)
[MoE] Layer 35: loading 2 expert(s)
[MoE] Layer 36: loading 1 expert(s)
[MoE] Layer 37: loading 3 expert(s)
[MoE] Layer 38: loading 2 expert(s)
[MoE] Layer 39: loading 1 expert(s)
[MoE] Layer 40: loading 1 expert(s)
[MoE] Layer 41: loading 3 expert(s)
[MoE] Layer 42: loading 1 expert(s)
[MoE] Layer 43: loading 1 expert(s)
[MoE] Layer 45: loading 2 expert(s)
[MoE] Layer 47: loading 1 expert(s)
[MoE] Layer 0: loading 3 expert(s)
[MoE] Layer 1: loading 1 expert(s)
[MoE] Layer 2: loading 1 expert(s)
[MoE] Layer 5: loading 2 expert(s)
[MoE] Layer 6: loading 1 expert(s)
[MoE] Layer 10: loading 1 expert(s)
[MoE] Layer 11: loading 1 expert(s)
[MoE] Layer 13: loading 2 expert(s)
[MoE] Layer 17: loading 2 expert(s)
[MoE] Layer 19: loading 1 expert(s)
[MoE] Layer 20: loading 1 expert(s)
[MoE] Layer 22: loading 1 expert(s)
[MoE] Layer 24: loading 1 expert(s)
[MoE] Layer 25: loading 1 expert(s)
[MoE] Layer 26: loading 1 expert(s)
[MoE] Layer 29: loading 1 expert(s)
[MoE] Layer 30: loading 1 expert(s)
[MoE] Layer 32: loading 1 expert(s)
[MoE] Layer 33: loading 2 expert(s)
[MoE] Layer 35: loading 1 expert(s)
[MoE] Layer 36: loading 1 expert(s)
[MoE] Layer 37: loading 2 expert(s)
[MoE] Layer 39: loading 1 expert(s)
[MoE] Layer 41: loading 1 expert(s)
[MoE] Layer 42: loading 1 expert(s)
[MoE] Layer 46: loading 2 expert(s)
[MoE] Layer 0: loading 5 expert(s)
[MoE] Layer 1: loading 2 expert(s)
[MoE] Layer 2: loading 2 expert(s)
[MoE] Layer 3: loading 1 expert(s)
[MoE] Layer 4: loading 2 expert(s)
[MoE] Layer 5: loading 2 expert(s)
[MoE] Layer 8: loading 2 expert(s)
[MoE] Layer 10: loading 1 expert(s)
[MoE] Layer 11: loading 1 expert(s)
[MoE] Layer 13: loading 1 expert(s)
[MoE] Layer 15: loading 1 expert(s)
[MoE] Layer 18: loading 1 expert(s)
[MoE] Layer 23: loading 1 expert(s)
[MoE] Layer 25: loading 2 expert(s)
[MoE] Layer 27: loading 2 expert(s)
[MoE] Layer 35: loading 1 expert(s)
[MoE] Layer 36: loading 2 expert(s)
[MoE] Layer 38: loading 2 expert(s)
[MoE] Layer 39: loading 3 expert(s)
[MoE] Layer 40: loading 3 expert(s)
[MoE] Layer 41: loading 2 expert(s)
[MoE] Layer 42: loading 2 expert(s)
[MoE] Layer 44: loading 1 expert(s)
[MoE] Layer 47: loading 2 expert(s)
[gen 5/149] elapsed=1.0s  TPS=4.801
[MoE] Layer 0: loading 2 expert(s)
[MoE] Layer 1: loading 3 expert(s)
[MoE] Layer 3: loading 3 expert(s)
[MoE] Layer 4: loading 1 expert(s)
[MoE] Layer 5: loading 1 expert(s)
[MoE] Layer 8: loading 1 expert(s)
[MoE] Layer 9: loading 1 expert(s)
[MoE] Layer 10: loading 1 expert(s)
[MoE] Layer 11: loading 2 expert(s)
[MoE] Layer 12: loading 3 expert(s)
[MoE] Layer 13: loading 2 expert(s)
[MoE] Layer 14: loading 1 expert(s)
[MoE] Layer 15: loading 3 expert(s)
[MoE] Layer 16: loading 1 expert(s)
[MoE] Layer 17: loading 3 expert(s)
[MoE] Layer 19: loading 1 expert(s)
[MoE] Layer 20: loading 1 expert(s)
[MoE] Layer 21: loading 1 expert(s)
[MoE] Layer 22: loading 1 expert(s)
[MoE] Layer 23: loading 2 expert(s)
[MoE] Layer 24: loading 3 expert(s)
[MoE] Layer 25: loading 2 expert(s)
[MoE] Layer 26: loading 2 expert(s)
[MoE] Layer 27: loading 2 expert(s)
[MoE] Layer 28: loading 1 expert(s)
[MoE] Layer 29: loading 1 expert(s)
[MoE] Layer 31: loading 1 expert(s)
[MoE] Layer 32: loading 1 expert(s)
[MoE] Layer 33: loading 1 expert(s)
[MoE] Layer 34: loading 2 expert(s)
[MoE] Layer 35: loading 1 expert(s)
[MoE] Layer 37: loading 1 expert(s)
[MoE] Layer 38: loading 2 expert(s)
[MoE] Layer 39: loading 2 expert(s)
[MoE] Layer 40: loading 1 expert(s)
[MoE] Layer 41: loading 4 expert(s)
[MoE] Layer 42: loading 1 expert(s)
[MoE] Layer 43: loading 2 expert(s)
[MoE] Layer 44: loading 1 expert(s)
[MoE] Layer 45: loading 1 expert(s)
[MoE] Layer 46: loading 2 expert(s)
[MoE] Layer 47: loading 1 expert(s)
[MoE] Layer 0: loading 2 expert(s)
[MoE] Layer 1: loading 2 expert(s)
[MoE] Layer 3: loading 2 expert(s)
[MoE] Layer 4: loading 1 expert(s)
[MoE] Layer 5: loading 1 expert(s)
[MoE] Layer 9: loading 1 expert(s)
[MoE] Layer 11: loading 2 expert(s)
[MoE] Layer 12: loading 1 expert(s)
[MoE] Layer 16: loading 1 expert(s)
[MoE] Layer 22: loading 1 expert(s)
[MoE] Layer 23: loading 1 expert(s)
[MoE] Layer 25: loading 1 expert(s)
[MoE] Layer 26: loading 1 expert(s)
[MoE] Layer 28: loading 1 expert(s)
[MoE] Layer 32: loading 1 expert(s)
[MoE] Layer 34: loading 2 expert(s)
[MoE] Layer 35: loading 1 expert(s)
[MoE] Layer 36: loading 2 expert(s)
[MoE] Layer 37: loading 1 expert(s)
[MoE] Layer 39: loading 1 expert(s)
[MoE] Layer 40: loading 2 expert(s)
[MoE] Layer 41: loading 2 expert(s)
[MoE] Layer 42: loading 1 expert(s)
[MoE] Layer 43: loading 1 expert(s)
[MoE] Layer 44: loading 2 expert(s)
[MoE] Layer 45: loading 2 expert(s)
[MoE] Layer 47: loading 2 expert(s)
[MoE] Layer 0: loading 2 expert(s)
[MoE] Layer 1: loading 2 expert(s)
[MoE] Layer 4: loading 2 expert(s)
[MoE] Layer 7: loading 1 expert(s)
[MoE] Layer 10: loading 1 expert(s)
[MoE] Layer 16: loading 2 expert(s)
[MoE] Layer 17: loading 1 expert(s)
[MoE] Layer 19: loading 1 expert(s)
[MoE] Layer 20: loading 1 expert(s)
[MoE] Layer 22: loading 1 expert(s)
[MoE] Layer 23: loading 1 expert(s)
[MoE] Layer 26: loading 1 expert(s)
[MoE] Layer 29: loading 1 expert(s)
[MoE] Layer 32: loading 2 expert(s)
[MoE] Layer 37: loading 1 expert(s)
[MoE] Layer 38: loading 1 expert(s)
[MoE] Layer 40: loading 1 expert(s)
[MoE] Layer 41: loading 3 expert(s)
[MoE] Layer 42: loading 2 expert(s)
[MoE] Layer 43: loading 1 expert(s)
[MoE] Layer 44: loading 1 expert(s)
[MoE] Layer 47: loading 1 expert(s)
[MoE] Layer 0: loading 2 expert(s)
[MoE] Layer 1: loading 1 expert(s)
[MoE] Layer 5: loading 2 expert(s)
[MoE] Layer 8: loading 2 expert(s)
[MoE] Layer 9: loading 1 expert(s)
[MoE] Layer 10: loading 1 expert(s)
[MoE] Layer 12: loading 2 expert(s)
[MoE] Layer 14: loading 1 expert(s)
[MoE] Layer 16: loading 1 expert(s)
[MoE] Layer 17: loading 1 expert(s)
[MoE] Layer 20: loading 1 expert(s)
[MoE] Layer 23: loading 2 expert(s)
[MoE] Layer 24: loading 1 expert(s)
[MoE] Layer 26: loading 1 expert(s)
[MoE] Layer 28: loading 1 expert(s)
[MoE] Layer 29: loading 2 expert(s)
[MoE] Layer 32: loading 1 expert(s)
[MoE] Layer 34: loading 1 expert(s)
[MoE] Layer 35: loading 2 expert(s)
[MoE] Layer 36: loading 1 expert(s)
[MoE] Layer 40: loading 1 expert(s)
[MoE] Layer 43: loading 1 expert(s)
[MoE] Layer 44: loading 1 expert(s)
[MoE] Layer 45: loading 1 expert(s)
[MoE] Layer 47: loading 4 expert(s)
[MoE] Layer 0: loading 2 expert(s)
[MoE] Layer 1: loading 2 expert(s)
[MoE] Layer 3: loading 1 expert(s)
[MoE] Layer 4: loading 1 expert(s)
[MoE] Layer 5: loading 1 expert(s)
[MoE] Layer 8: loading 1 expert(s)
[MoE] Layer 11: loading 3 expert(s)
[MoE] Layer 15: loading 1 expert(s)
[MoE] Layer 16: loading 1 expert(s)
[MoE] Layer 21: loading 1 expert(s)
[MoE] Layer 23: loading 2 expert(s)
[MoE] Layer 28: loading 1 expert(s)
[MoE] Layer 37: loading 1 expert(s)
[MoE] Layer 38: loading 1 expert(s)
[MoE] Layer 40: loading 1 expert(s)
[MoE] Layer 42: loading 1 expert(s)
[MoE] Layer 46: loading 1 expert(s)
[gen 10/149] elapsed=1.9s  TPS=5.195
[MoE] Layer 0: loading 1 expert(s)
[MoE] Layer 2: loading 2 expert(s)
[MoE] Layer 3: loading 1 expert(s)
[MoE] Layer 4: loading 1 expert(s)
[MoE] Layer 8: loading 1 expert(s)
[MoE] Layer 12: loading 1 expert(s)
[MoE] Layer 13: loading 2 expert(s)
[MoE] Layer 16: loading 2 expert(s)
[MoE] Layer 17: loading 1 expert(s)
[MoE] Layer 24: loading 1 expert(s)
[MoE] Layer 25: loading 1 expert(s)
[MoE] Layer 28: loading 2 expert(s)
[MoE] Layer 29: loading 1 expert(s)
[MoE] Layer 36: loading 2 expert(s)
[MoE] Layer 37: loading 2 expert(s)
[MoE] Layer 40: loading 2 expert(s)
[MoE] Layer 41: loading 2 expert(s)
[MoE] Layer 42: loading 2 expert(s)
[MoE] Layer 47: loading 1 expert(s)
[MoE] Layer 0: loading 3 expert(s)
[MoE] Layer 1: loading 1 expert(s)
[MoE] Layer 2: loading 2 expert(s)
[MoE] Layer 3: loading 3 expert(s)
[MoE] Layer 4: loading 1 expert(s)
[MoE] Layer 5: loading 1 expert(s)
[MoE] Layer 9: loading 1 expert(s)
[MoE] Layer 13: loading 1 expert(s)
[MoE] Layer 17: loading 1 expert(s)
[MoE] Layer 25: loading 2 expert(s)
[MoE] Layer 30: loading 1 expert(s)
[MoE] Layer 34: loading 1 expert(s)
[MoE] Layer 0: loading 1 expert(s)
[MoE] Layer 1: loading 2 expert(s)
[MoE] Layer 2: loading 1 expert(s)
[MoE] Layer 3: loading 2 expert(s)
[MoE] Layer 4: loading 1 expert(s)
[MoE] Layer 6: loading 1 expert(s)
[MoE] Layer 8: loading 2 expert(s)
[MoE] Layer 12: loading 1 expert(s)
[MoE] Layer 13: loading 1 expert(s)
[MoE] Layer 15: loading 1 expert(s)
[MoE] Layer 18: loading 1 expert(s)
[MoE] Layer 24: loading 1 expert(s)
[MoE] Layer 25: loading 2 expert(s)
[MoE] Layer 32: loading 2 expert(s)
[MoE] Layer 33: loading 1 expert(s)
[MoE] Layer 37: loading 2 expert(s)
[MoE] Layer 42: loading 2 expert(s)
[MoE] Layer 46: loading 1 expert(s)
[MoE] Layer 47: loading 1 expert(s)
[MoE] Layer 0: loading 2 expert(s)
[MoE] Layer 1: loading 1 expert(s)
[MoE] Layer 11: loading 1 expert(s)
[MoE] Layer 14: loading 1 expert(s)
[MoE] Layer 15: loading 1 expert(s)
[MoE] Layer 17: loading 1 expert(s)
[MoE] Layer 23: loading 2 expert(s)
[MoE] Layer 25: loading 1 expert(s)
[MoE] Layer 26: loading 2 expert(s)
[MoE] Layer 29: loading 1 expert(s)
[MoE] Layer 35: loading 2 expert(s)
[MoE] Layer 37: loading 2 expert(s)
[MoE] Layer 38: loading 1 expert(s)
[MoE] Layer 39: loading 1 expert(s)
[MoE] Layer 41: loading 1 expert(s)
[MoE] Layer 47: loading 1 expert(s)
[MoE] Layer 0: loading 4 expert(s)
[MoE] Layer 1: loading 1 expert(s)
[MoE] Layer 3: loading 1 expert(s)
[MoE] Layer 5: loading 1 expert(s)
[MoE] Layer 30: loading 1 expert(s)
[MoE] Layer 38: loading 1 expert(s)
[gen 15/149] elapsed=2.5s  TPS=5.966
[MoE] Layer 0: loading 1 expert(s)
[MoE] Layer 3: loading 1 expert(s)
[MoE] Layer 5: loading 1 expert(s)
[MoE] Layer 11: loading 1 expert(s)
[MoE] Layer 12: loading 1 expert(s)
[MoE] Layer 13: loading 1 expert(s)
[MoE] Layer 15: loading 1 expert(s)
[MoE] Layer 22: loading 1 expert(s)
[MoE] Layer 24: loading 2 expert(s)
[MoE] Layer 25: loading 2 expert(s)
[MoE] Layer 27: loading 1 expert(s)
[MoE] Layer 29: loading 1 expert(s)
[MoE] Layer 30: loading 1 expert(s)
[MoE] Layer 33: loading 1 expert(s)
[MoE] Layer 34: loading 1 expert(s)
[MoE] Layer 35: loading 1 expert(s)
[MoE] Layer 38: loading 1 expert(s)
[MoE] Layer 44: loading 1 expert(s)
[MoE] Layer 1: loading 1 expert(s)
[MoE] Layer 3: loading 1 expert(s)
[MoE] Layer 5: loading 1 expert(s)
[MoE] Layer 10: loading 1 expert(s)
[MoE] Layer 12: loading 1 expert(s)
[MoE] Layer 14: loading 1 expert(s)
[MoE] Layer 17: loading 1 expert(s)
[MoE] Layer 18: loading 1 expert(s)
[MoE] Layer 22: loading 1 expert(s)
[MoE] Layer 26: loading 1 expert(s)
[MoE] Layer 30: loading 1 expert(s)
[MoE] Layer 32: loading 1 expert(s)
[MoE] Layer 35: loading 1 expert(s)
[MoE] Layer 37: loading 1 expert(s)
[MoE] Layer 39: loading 1 expert(s)
[MoE] Layer 40: loading 1 expert(s)
[MoE] Layer 0: loading 1 expert(s)
[MoE] Layer 2: loading 1 expert(s)
[MoE] Layer 3: loading 2 expert(s)
[MoE] Layer 9: loading 1 expert(s)
[MoE] Layer 11: loading 1 expert(s)
[MoE] Layer 12: loading 2 expert(s)
[MoE] Layer 13: loading 1 expert(s)
[MoE] Layer 17: loading 1 expert(s)
[MoE] Layer 19: loading 1 expert(s)
[MoE] Layer 20: loading 1 expert(s)
[MoE] Layer 21: loading 1 expert(s)
[MoE] Layer 22: loading 1 expert(s)
[MoE] Layer 24: loading 1 expert(s)
[MoE] Layer 25: loading 2 expert(s)
[MoE] Layer 27: loading 1 expert(s)
[MoE] Layer 32: loading 1 expert(s)
[MoE] Layer 33: loading 1 expert(s)
[MoE] Layer 34: loading 2 expert(s)
[MoE] Layer 36: loading 1 expert(s)
[MoE] Layer 37: loading 1 expert(s)
[MoE] Layer 39: loading 1 expert(s)
[MoE] Layer 41: loading 1 expert(s)
[MoE] Layer 42: loading 1 expert(s)
[MoE] Layer 46: loading 1 expert(s)
[MoE] Layer 0: loading 3 expert(s)
[MoE] Layer 1: loading 2 expert(s)
[MoE] Layer 2: loading 1 expert(s)
[MoE] Layer 10: loading 1 expert(s)
[MoE] Layer 28: loading 1 expert(s)
[MoE] Layer 39: loading 1 expert(s)
[MoE] Layer 0: loading 1 expert(s)
[MoE] Layer 1: loading 2 expert(s)
[MoE] Layer 2: loading 1 expert(s)
[MoE] Layer 4: loading 1 expert(s)
[MoE] Layer 5: loading 1 expert(s)
[MoE] Layer 10: loading 1 expert(s)
[MoE] Layer 11: loading 1 expert(s)
[MoE] Layer 13: loading 1 expert(s)
[MoE] Layer 23: loading 1 expert(s)
[MoE] Layer 25: loading 2 expert(s)
[MoE] Layer 28: loading 1 expert(s)
[MoE] Layer 35: loading 1 expert(s)
[MoE] Layer 37: loading 3 expert(s)
[MoE] Layer 39: loading 1 expert(s)
[MoE] Layer 40: loading 1 expert(s)
[MoE] Layer 41: loading 1 expert(s)
[MoE] Layer 42: loading 1 expert(s)
[MoE] Layer 44: loading 1 expert(s)
[gen 20/149] elapsed=3.1s  TPS=6.395
[MoE] Layer 1: loading 1 expert(s)
[MoE] Layer 8: loading 1 expert(s)
[MoE] Layer 10: loading 1 expert(s)
[MoE] Layer 11: loading 1 expert(s)
[MoE] Layer 13: loading 1 expert(s)
[MoE] Layer 14: loading 2 expert(s)
[MoE] Layer 15: loading 1 expert(s)
[MoE] Layer 16: loading 2 expert(s)
[MoE] Layer 17: loading 1 expert(s)
[MoE] Layer 20: loading 1 expert(s)
[MoE] Layer 22: loading 2 expert(s)
[MoE] Layer 24: loading 2 expert(s)
[MoE] Layer 25: loading 2 expert(s)
[MoE] Layer 26: loading 1 expert(s)
[MoE] Layer 27: loading 1 expert(s)
[MoE] Layer 32: loading 1 expert(s)
[MoE] Layer 34: loading 2 expert(s)
[MoE] Layer 38: loading 1 expert(s)
[MoE] Layer 42: loading 1 expert(s)
[MoE] Layer 47: loading 4 expert(s)
[MoE] Layer 0: loading 1 expert(s)
[MoE] Layer 1: loading 2 expert(s)
[MoE] Layer 2: loading 1 expert(s)
[MoE] Layer 8: loading 1 expert(s)
[MoE] Layer 24: loading 2 expert(s)
[MoE] Layer 28: loading 1 expert(s)
[MoE] Layer 30: loading 1 expert(s)
[MoE] Layer 40: loading 1 expert(s)
[MoE] Layer 41: loading 1 expert(s)
[MoE] Layer 46: loading 1 expert(s)
[MoE] Layer 0: loading 1 expert(s)
[MoE] Layer 3: loading 1 expert(s)
[MoE] Layer 11: loading 2 expert(s)
[MoE] Layer 14: loading 1 expert(s)
[MoE] Layer 16: loading 1 expert(s)
[MoE] Layer 0: loading 3 expert(s)
[MoE] Layer 3: loading 1 expert(s)
[MoE] Layer 5: loading 1 expert(s)
[MoE] Layer 6: loading 1 expert(s)
[MoE] Layer 15: loading 1 expert(s)
[MoE] Layer 29: loading 1 expert(s)
[MoE] Layer 36: loading 1 expert(s)
[MoE] Layer 38: loading 1 expert(s)
[MoE] Layer 0: loading 1 expert(s)
[MoE] Layer 1: loading 2 expert(s)
[MoE] Layer 3: loading 2 expert(s)
[MoE] Layer 5: loading 1 expert(s)
[MoE] Layer 12: loading 1 expert(s)
[MoE] Layer 17: loading 1 expert(s)
[MoE] Layer 27: loading 1 expert(s)
[MoE] Layer 29: loading 1 expert(s)
[MoE] Layer 32: loading 1 expert(s)
[MoE] Layer 34: loading 1 expert(s)
[MoE] Layer 36: loading 1 expert(s)
[gen 25/149] elapsed=3.6s  TPS=6.905
[MoE] Layer 0: loading 2 expert(s)
[MoE] Layer 1: loading 2 expert(s)
[MoE] Layer 9: loading 1 expert(s)
[MoE] Layer 10: loading 1 expert(s)
[MoE] Layer 14: loading 1 expert(s)
[MoE] Layer 16: loading 1 expert(s)
[MoE] Layer 17: loading 1 expert(s)
[MoE] Layer 20: loading 1 expert(s)
[MoE] Layer 21: loading 1 expert(s)
[MoE] Layer 23: loading 1 expert(s)
[MoE] Layer 26: loading 1 expert(s)
[MoE] Layer 28: loading 1 expert(s)
[MoE] Layer 32: loading 2 expert(s)
[MoE] Layer 33: loading 1 expert(s)
[MoE] Layer 34: loading 1 expert(s)
[MoE] Layer 35: loading 1 expert(s)
[MoE] Layer 38: loading 1 expert(s)
[MoE] Layer 40: loading 1 expert(s)
[MoE] Layer 45: loading 1 expert(s)
[MoE] Layer 0: loading 1 expert(s)
[MoE] Layer 1: loading 1 expert(s)
[MoE] Layer 6: loading 1 expert(s)
[MoE] Layer 10: loading 1 expert(s)
[MoE] Layer 12: loading 1 expert(s)
[MoE] Layer 14: loading 1 expert(s)
[MoE] Layer 16: loading 1 expert(s)
[MoE] Layer 22: loading 2 expert(s)
[MoE] Layer 24: loading 1 expert(s)
[MoE] Layer 27: loading 1 expert(s)
[MoE] Layer 34: loading 1 expert(s)
[MoE] Layer 1: loading 2 expert(s)
[MoE] Layer 4: loading 1 expert(s)
[MoE] Layer 9: loading 1 expert(s)
[MoE] Layer 12: loading 1 expert(s)
[MoE] Layer 14: loading 1 expert(s)
[MoE] Layer 21: loading 1 expert(s)
[MoE] Layer 39: loading 1 expert(s)
[MoE] Layer 5: loading 1 expert(s)
[MoE] Layer 10: loading 1 expert(s)
[MoE] Layer 43: loading 1 expert(s)
[MoE] Layer 3: loading 1 expert(s)
[MoE] Layer 10: loading 1 expert(s)
[MoE] Layer 36: loading 1 expert(s)
[MoE] Layer 37: loading 1 expert(s)
[MoE] Layer 39: loading 1 expert(s)
[gen 30/149] elapsed=4.1s  TPS=7.376
[MoE] Layer 0: loading 1 expert(s)
[MoE] Layer 1: loading 1 expert(s)
[MoE] Layer 12: loading 1 expert(s)
[MoE] Layer 16: loading 1 expert(s)
[MoE] Layer 22: loading 1 expert(s)
[MoE] Layer 24: loading 1 expert(s)
[MoE] Layer 28: loading 1 expert(s)
[MoE] Layer 33: loading 1 expert(s)
[MoE] Layer 36: loading 1 expert(s)
[MoE] Layer 39: loading 1 expert(s)
[MoE] Layer 41: loading 1 expert(s)
[MoE] Layer 42: loading 1 expert(s)
[MoE] Layer 11: loading 1 expert(s)
[MoE] Layer 13: loading 1 expert(s)
[MoE] Layer 23: loading 1 expert(s)
[MoE] Layer 28: loading 1 expert(s)
[MoE] Layer 33: loading 1 expert(s)
[MoE] Layer 35: loading 1 expert(s)
[MoE] Layer 2: loading 1 expert(s)
[MoE] Layer 8: loading 1 expert(s)
[MoE] Layer 11: loading 1 expert(s)
[MoE] Layer 27: loading 1 expert(s)
[MoE] Layer 32: loading 1 expert(s)
[MoE] Layer 34: loading 1 expert(s)
[MoE] Layer 42: loading 1 expert(s)
[MoE] Layer 0: loading 3 expert(s)
[MoE] Layer 1: loading 1 expert(s)
[MoE] Layer 2: loading 1 expert(s)
[MoE] Layer 3: loading 1 expert(s)
[MoE] Layer 4: loading 1 expert(s)
[MoE] Layer 7: loading 1 expert(s)
[MoE] Layer 11: loading 1 expert(s)
[MoE] Layer 12: loading 1 expert(s)
[MoE] Layer 13: loading 2 expert(s)
[MoE] Layer 19: loading 1 expert(s)
[MoE] Layer 22: loading 2 expert(s)
[MoE] Layer 24: loading 1 expert(s)
[MoE] Layer 25: loading 2 expert(s)
[MoE] Layer 27: loading 1 expert(s)
[MoE] Layer 29: loading 1 expert(s)
[MoE] Layer 30: loading 1 expert(s)
[MoE] Layer 31: loading 1 expert(s)
[MoE] Layer 34: loading 2 expert(s)
[MoE] Layer 37: loading 3 expert(s)
[MoE] Layer 38: loading 1 expert(s)
[MoE] Layer 41: loading 1 expert(s)
[MoE] Layer 43: loading 2 expert(s)
[MoE] Layer 44: loading 2 expert(s)
[MoE] Layer 45: loading 2 expert(s)
[MoE] Layer 46: loading 1 expert(s)
[MoE] Layer 47: loading 4 expert(s)
[MoE] Layer 0: loading 2 expert(s)
[MoE] Layer 3: loading 4 expert(s)
[MoE] Layer 4: loading 2 expert(s)
[MoE] Layer 6: loading 1 expert(s)
[MoE] Layer 8: loading 1 expert(s)
[MoE] Layer 10: loading 1 expert(s)
[MoE] Layer 12: loading 2 expert(s)
[MoE] Layer 17: loading 1 expert(s)
[MoE] Layer 20: loading 1 expert(s)
[MoE] Layer 22: loading 2 expert(s)
[MoE] Layer 23: loading 1 expert(s)
[MoE] Layer 28: loading 2 expert(s)
[MoE] Layer 29: loading 2 expert(s)
[MoE] Layer 33: loading 2 expert(s)
[MoE] Layer 35: loading 1 expert(s)
[MoE] Layer 36: loading 1 expert(s)
[MoE] Layer 37: loading 1 expert(s)
[MoE] Layer 38: loading 1 expert(s)
[MoE] Layer 39: loading 1 expert(s)
[MoE] Layer 40: loading 2 expert(s)
[MoE] Layer 41: loading 3 expert(s)
[MoE] Layer 42: loading 2 expert(s)
[MoE] Layer 46: loading 1 expert(s)
[MoE] Layer 47: loading 1 expert(s)
[gen 35/149] elapsed=4.7s  TPS=7.483
[MoE] Layer 0: loading 2 expert(s)
[MoE] Layer 1: loading 2 expert(s)
[MoE] Layer 3: loading 1 expert(s)
[MoE] Layer 6: loading 1 expert(s)
[MoE] Layer 11: loading 1 expert(s)
[MoE] Layer 13: loading 1 expert(s)
[MoE] Layer 14: loading 1 expert(s)
[MoE] Layer 19: loading 1 expert(s)
[MoE] Layer 20: loading 1 expert(s)
[MoE] Layer 23: loading 1 expert(s)
[MoE] Layer 26: loading 1 expert(s)
[MoE] Layer 28: loading 1 expert(s)
[MoE] Layer 34: loading 1 expert(s)
[MoE] Layer 35: loading 1 expert(s)
[MoE] Layer 36: loading 2 expert(s)
[MoE] Layer 38: loading 2 expert(s)
[MoE] Layer 40: loading 2 expert(s)
[MoE] Layer 41: loading 3 expert(s)
[MoE] Layer 42: loading 1 expert(s)
[MoE] Layer 46: loading 1 expert(s)
[MoE] Layer 47: loading 1 expert(s)
[MoE] Layer 0: loading 3 expert(s)
[MoE] Layer 1: loading 1 expert(s)
[MoE] Layer 2: loading 1 expert(s)
[MoE] Layer 3: loading 1 expert(s)
[MoE] Layer 8: loading 1 expert(s)
[MoE] Layer 10: loading 1 expert(s)
[MoE] Layer 13: loading 2 expert(s)
[MoE] Layer 14: loading 2 expert(s)
[MoE] Layer 24: loading 1 expert(s)
[MoE] Layer 25: loading 1 expert(s)
[MoE] Layer 26: loading 1 expert(s)
[MoE] Layer 29: loading 1 expert(s)
[MoE] Layer 34: loading 1 expert(s)
[MoE] Layer 42: loading 1 expert(s)
[MoE] Layer 46: loading 1 expert(s)
[MoE] Layer 47: loading 2 expert(s)
[MoE] Layer 1: loading 1 expert(s)
[MoE] Layer 3: loading 2 expert(s)
[MoE] Layer 8: loading 1 expert(s)
[MoE] Layer 10: loading 1 expert(s)
[MoE] Layer 12: loading 1 expert(s)
[MoE] Layer 22: loading 1 expert(s)
[MoE] Layer 25: loading 1 expert(s)
[MoE] Layer 32: loading 1 expert(s)
[MoE] Layer 47: loading 1 expert(s)
[MoE] Layer 1: loading 2 expert(s)
[MoE] Layer 3: loading 2 expert(s)
[MoE] Layer 5: loading 1 expert(s)
[MoE] Layer 7: loading 1 expert(s)
[MoE] Layer 20: loading 1 expert(s)
[MoE] Layer 1: loading 3 expert(s)
[MoE] Layer 16: loading 2 expert(s)
[MoE] Layer 29: loading 1 expert(s)
[MoE] Layer 39: loading 1 expert(s)
[MoE] Layer 44: loading 1 expert(s)
[gen 40/149] elapsed=5.2s  TPS=7.725
[MoE] Layer 0: loading 2 expert(s)
[MoE] Layer 1: loading 2 expert(s)
[MoE] Layer 11: loading 1 expert(s)
[MoE] Layer 14: loading 1 expert(s)
[MoE] Layer 26: loading 1 expert(s)
[MoE] Layer 28: loading 1 expert(s)
[MoE] Layer 0: loading 3 expert(s)
[MoE] Layer 1: loading 1 expert(s)
[MoE] Layer 13: loading 1 expert(s)
[MoE] Layer 17: loading 1 expert(s)
[MoE] Layer 22: loading 1 expert(s)
[MoE] Layer 27: loading 1 expert(s)
[MoE] Layer 36: loading 1 expert(s)
[MoE] Layer 0: loading 1 expert(s)
[MoE] Layer 2: loading 1 expert(s)
[MoE] Layer 3: loading 1 expert(s)
[MoE] Layer 8: loading 1 expert(s)
[MoE] Layer 11: loading 1 expert(s)
[MoE] Layer 13: loading 1 expert(s)
[MoE] Layer 16: loading 1 expert(s)
[MoE] Layer 20: loading 1 expert(s)
[MoE] Layer 25: loading 1 expert(s)
[MoE] Layer 28: loading 1 expert(s)
[MoE] Layer 32: loading 1 expert(s)
[MoE] Layer 37: loading 1 expert(s)
[MoE] Layer 39: loading 1 expert(s)
[MoE] Layer 40: loading 2 expert(s)
[MoE] Layer 46: loading 1 expert(s)
[MoE] Layer 0: loading 2 expert(s)
[MoE] Layer 2: loading 1 expert(s)
[MoE] Layer 3: loading 1 expert(s)
[MoE] Layer 11: loading 1 expert(s)
[MoE] Layer 12: loading 1 expert(s)
[MoE] Layer 13: loading 1 expert(s)
[MoE] Layer 14: loading 1 expert(s)
[MoE] Layer 15: loading 1 expert(s)
[MoE] Layer 27: loading 1 expert(s)
[MoE] Layer 35: loading 1 expert(s)
[MoE] Layer 39: loading 1 expert(s)
[MoE] Layer 41: loading 1 expert(s)
[MoE] Layer 0: loading 1 expert(s)
[MoE] Layer 3: loading 1 expert(s)
[MoE] Layer 7: loading 1 expert(s)
[MoE] Layer 11: loading 2 expert(s)
[MoE] Layer 14: loading 1 expert(s)
[MoE] Layer 23: loading 1 expert(s)
[MoE] Layer 25: loading 2 expert(s)
[MoE] Layer 27: loading 1 expert(s)
[MoE] Layer 28: loading 1 expert(s)
[MoE] Layer 35: loading 1 expert(s)
[gen 45/149] elapsed=5.7s  TPS=7.965
[MoE] Layer 0: loading 1 expert(s)
[MoE] Layer 37: loading 1 expert(s)
[MoE] Layer 0: loading 1 expert(s)
[MoE] Layer 1: loading 1 expert(s)
[MoE] Layer 3: loading 1 expert(s)
[MoE] Layer 11: loading 1 expert(s)
[MoE] Layer 14: loading 1 expert(s)
[MoE] Layer 31: loading 1 expert(s)
[MoE] Layer 32: loading 1 expert(s)
[MoE] Layer 39: loading 1 expert(s)
[MoE] Layer 47: loading 1 expert(s)
[MoE] Layer 0: loading 1 expert(s)
[MoE] Layer 1: loading 1 expert(s)
[MoE] Layer 20: loading 1 expert(s)
[MoE] Layer 22: loading 1 expert(s)
[MoE] Layer 23: loading 1 expert(s)
[MoE] Layer 24: loading 1 expert(s)
[MoE] Layer 32: loading 1 expert(s)
[MoE] Layer 38: loading 1 expert(s)
[MoE] Layer 1: loading 1 expert(s)
[MoE] Layer 4: loading 1 expert(s)
[MoE] Layer 37: loading 1 expert(s)
[MoE] Layer 47: loading 1 expert(s)
[MoE] Layer 1: loading 1 expert(s)
[MoE] Layer 2: loading 1 expert(s)
[MoE] Layer 3: loading 1 expert(s)
[MoE] Layer 6: loading 1 expert(s)
[MoE] Layer 8: loading 1 expert(s)
[MoE] Layer 10: loading 1 expert(s)
[MoE] Layer 12: loading 1 expert(s)
[MoE] Layer 13: loading 2 expert(s)
[MoE] Layer 17: loading 1 expert(s)
[MoE] Layer 22: loading 1 expert(s)
[MoE] Layer 28: loading 1 expert(s)
[MoE] Layer 45: loading 1 expert(s)
[MoE] Layer 46: loading 2 expert(s)
[MoE] Layer 47: loading 2 expert(s)
[gen 50/149] elapsed=6.1s  TPS=8.254
[MoE] Layer 0: loading 2 expert(s)
[MoE] Layer 1: loading 2 expert(s)
[MoE] Layer 13: loading 1 expert(s)
[MoE] Layer 25: loading 1 expert(s)
[MoE] Layer 35: loading 1 expert(s)
[MoE] Layer 47: loading 1 expert(s)
[MoE] Layer 0: loading 1 expert(s)
[MoE] Layer 1: loading 2 expert(s)
[MoE] Layer 16: loading 1 expert(s)
[MoE] Layer 29: loading 1 expert(s)
[MoE] Layer 37: loading 1 expert(s)
[MoE] Layer 38: loading 1 expert(s)
[MoE] Layer 43: loading 1 expert(s)
[MoE] Layer 1: loading 1 expert(s)
[MoE] Layer 13: loading 1 expert(s)
[MoE] Layer 14: loading 1 expert(s)
[MoE] Layer 16: loading 1 expert(s)
[MoE] Layer 17: loading 1 expert(s)
[MoE] Layer 21: loading 1 expert(s)
[MoE] Layer 22: loading 1 expert(s)
[MoE] Layer 23: loading 1 expert(s)
[MoE] Layer 29: loading 1 expert(s)
[MoE] Layer 41: loading 1 expert(s)
[MoE] Layer 42: loading 1 expert(s)
[MoE] Layer 43: loading 1 expert(s)
[MoE] Layer 46: loading 1 expert(s)
[MoE] Layer 0: loading 2 expert(s)
[MoE] Layer 1: loading 1 expert(s)
[MoE] Layer 3: loading 1 expert(s)
[MoE] Layer 40: loading 1 expert(s)
[MoE] Layer 1: loading 2 expert(s)
[MoE] Layer 3: loading 1 expert(s)
[MoE] Layer 5: loading 1 expert(s)
[MoE] Layer 43: loading 1 expert(s)
[MoE] Layer 47: loading 1 expert(s)
[gen 55/149] elapsed=6.5s  TPS=8.509
[MoE] Layer 0: loading 1 expert(s)
[MoE] Layer 1: loading 1 expert(s)
[MoE] Layer 3: loading 3 expert(s)
[MoE] Layer 4: loading 1 expert(s)
[MoE] Layer 5: loading 1 expert(s)
[MoE] Layer 12: loading 1 expert(s)
[MoE] Layer 28: loading 1 expert(s)
[MoE] Layer 41: loading 1 expert(s)
[MoE] Layer 45: loading 1 expert(s)
[MoE] Layer 47: loading 2 expert(s)
[MoE] Layer 15: loading 1 expert(s)
[MoE] Layer 16: loading 2 expert(s)
[MoE] Layer 25: loading 1 expert(s)
[MoE] Layer 0: loading 1 expert(s)
[MoE] Layer 1: loading 1 expert(s)
[MoE] Layer 0: loading 3 expert(s)
[MoE] Layer 1: loading 1 expert(s)
[MoE] Layer 0: loading 1 expert(s)
[MoE] Layer 1: loading 1 expert(s)
[MoE] Layer 28: loading 1 expert(s)
[MoE] Layer 47: loading 1 expert(s)
[gen 60/149] elapsed=6.8s  TPS=8.803
[MoE] Layer 0: loading 1 expert(s)
[MoE] Layer 1: loading 1 expert(s)
[MoE] Layer 3: loading 2 expert(s)
[MoE] Layer 17: loading 1 expert(s)
[MoE] Layer 29: loading 1 expert(s)
[MoE] Layer 32: loading 1 expert(s)
[MoE] Layer 0: loading 2 expert(s)
[MoE] Layer 1: loading 2 expert(s)
[MoE] Layer 3: loading 1 expert(s)
[MoE] Layer 26: loading 1 expert(s)
[MoE] Layer 0: loading 3 expert(s)
[MoE] Layer 1: loading 1 expert(s)
[MoE] Layer 3: loading 1 expert(s)
[MoE] Layer 4: loading 1 expert(s)
[MoE] Layer 10: loading 2 expert(s)
[MoE] Layer 16: loading 1 expert(s)
[MoE] Layer 28: loading 1 expert(s)
[MoE] Layer 29: loading 1 expert(s)
[MoE] Layer 0: loading 1 expert(s)
[MoE] Layer 1: loading 1 expert(s)
[MoE] Layer 3: loading 2 expert(s)
[MoE] Layer 10: loading 1 expert(s)
[MoE] Layer 16: loading 1 expert(s)
[MoE] Layer 17: loading 1 expert(s)
[MoE] Layer 23: loading 1 expert(s)
[MoE] Layer 25: loading 2 expert(s)
[MoE] Layer 28: loading 1 expert(s)
[MoE] Layer 35: loading 1 expert(s)
[MoE] Layer 41: loading 1 expert(s)
[MoE] Layer 42: loading 1 expert(s)
[MoE] Layer 46: loading 2 expert(s)
[MoE] Layer 47: loading 2 expert(s)
[MoE] Layer 0: loading 1 expert(s)
[MoE] Layer 1: loading 3 expert(s)
[MoE] Layer 2: loading 1 expert(s)
[MoE] Layer 15: loading 1 expert(s)
[MoE] Layer 18: loading 1 expert(s)
[MoE] Layer 33: loading 1 expert(s)
[MoE] Layer 34: loading 1 expert(s)
[MoE] Layer 39: loading 1 expert(s)
[MoE] Layer 47: loading 1 expert(s)
[gen 65/149] elapsed=7.2s  TPS=8.969
[MoE] Layer 0: loading 2 expert(s)
[MoE] Layer 3: loading 1 expert(s)
[MoE] Layer 10: loading 1 expert(s)
[MoE] Layer 23: loading 1 expert(s)
[MoE] Layer 36: loading 1 expert(s)
[MoE] Layer 37: loading 1 expert(s)
[MoE] Layer 24: loading 1 expert(s)
[MoE] Layer 36: loading 1 expert(s)
[MoE] Layer 0: loading 3 expert(s)
[MoE] Layer 1: loading 2 expert(s)
[MoE] Layer 2: loading 1 expert(s)
[MoE] Layer 3: loading 2 expert(s)
[MoE] Layer 10: loading 1 expert(s)
[MoE] Layer 11: loading 1 expert(s)
[MoE] Layer 13: loading 1 expert(s)
[MoE] Layer 22: loading 1 expert(s)
[MoE] Layer 23: loading 1 expert(s)
[MoE] Layer 24: loading 1 expert(s)
[MoE] Layer 25: loading 1 expert(s)
[MoE] Layer 27: loading 1 expert(s)
[MoE] Layer 34: loading 1 expert(s)
[MoE] Layer 37: loading 1 expert(s)
[MoE] Layer 42: loading 1 expert(s)
[MoE] Layer 0: loading 1 expert(s)
[MoE] Layer 1: loading 1 expert(s)
[MoE] Layer 27: loading 1 expert(s)
[MoE] Layer 29: loading 1 expert(s)
[MoE] Layer 0: loading 3 expert(s)
[MoE] Layer 1: loading 1 expert(s)
[MoE] Layer 3: loading 1 expert(s)
[MoE] Layer 4: loading 1 expert(s)
[MoE] Layer 8: loading 1 expert(s)
[MoE] Layer 10: loading 1 expert(s)
[MoE] Layer 11: loading 2 expert(s)
[MoE] Layer 13: loading 1 expert(s)
[MoE] Layer 14: loading 1 expert(s)
[MoE] Layer 20: loading 1 expert(s)
[MoE] Layer 23: loading 1 expert(s)
[MoE] Layer 25: loading 1 expert(s)
[MoE] Layer 32: loading 1 expert(s)
[MoE] Layer 34: loading 1 expert(s)
[gen 70/149] elapsed=7.7s  TPS=9.116
[MoE] Layer 0: loading 3 expert(s)
[MoE] Layer 2: loading 1 expert(s)
[MoE] Layer 5: loading 1 expert(s)
[MoE] Layer 9: loading 1 expert(s)
[MoE] Layer 10: loading 1 expert(s)
[MoE] Layer 12: loading 1 expert(s)
[MoE] Layer 13: loading 1 expert(s)
[MoE] Layer 16: loading 1 expert(s)
[MoE] Layer 20: loading 1 expert(s)
[MoE] Layer 28: loading 1 expert(s)
[MoE] Layer 0: loading 2 expert(s)
[MoE] Layer 1: loading 1 expert(s)
[MoE] Layer 2: loading 1 expert(s)
[MoE] Layer 22: loading 1 expert(s)
[MoE] Layer 27: loading 1 expert(s)
[MoE] Layer 30: loading 1 expert(s)
[MoE] Layer 39: loading 1 expert(s)
[MoE] Layer 47: loading 2 expert(s)
[MoE] Layer 0: loading 1 expert(s)
[MoE] Layer 1: loading 1 expert(s)
[MoE] Layer 3: loading 1 expert(s)
[MoE] Layer 29: loading 1 expert(s)
[MoE] Layer 3: loading 1 expert(s)
[MoE] Layer 5: loading 1 expert(s)
[MoE] Layer 11: loading 2 expert(s)
[MoE] Layer 20: loading 1 expert(s)
[MoE] Layer 42: loading 1 expert(s)
[MoE] Layer 29: loading 1 expert(s)
[gen 75/149] elapsed=8.0s  TPS=9.317
[MoE] Layer 0: loading 1 expert(s)
[MoE] Layer 3: loading 1 expert(s)
[MoE] Layer 14: loading 1 expert(s)
[MoE] Layer 25: loading 1 expert(s)
[MoE] Layer 0: loading 3 expert(s)
[MoE] Layer 1: loading 3 expert(s)
[MoE] Layer 3: loading 1 expert(s)
[MoE] Layer 6: loading 1 expert(s)
[MoE] Layer 18: loading 1 expert(s)
[MoE] Layer 20: loading 1 expert(s)
[MoE] Layer 22: loading 1 expert(s)
[MoE] Layer 0: loading 1 expert(s)
[MoE] Layer 1: loading 1 expert(s)
[MoE] Layer 12: loading 1 expert(s)
[MoE] Layer 29: loading 1 expert(s)
[MoE] Layer 0: loading 2 expert(s)
[MoE] Layer 3: loading 1 expert(s)
[MoE] Layer 25: loading 1 expert(s)
[MoE] Layer 27: loading 1 expert(s)
[MoE] Layer 28: loading 1 expert(s)
[MoE] Layer 38: loading 1 expert(s)
[MoE] Layer 2: loading 1 expert(s)
[MoE] Layer 5: loading 1 expert(s)
[MoE] Layer 15: loading 1 expert(s)
[MoE] Layer 37: loading 1 expert(s)
[gen 80/149] elapsed=8.4s  TPS=9.511
[MoE] Layer 0: loading 2 expert(s)
[MoE] Layer 1: loading 1 expert(s)
[MoE] Layer 12: loading 1 expert(s)
[MoE] Layer 14: loading 1 expert(s)
[MoE] Layer 16: loading 1 expert(s)
[MoE] Layer 27: loading 1 expert(s)
[MoE] Layer 36: loading 1 expert(s)
[MoE] Layer 38: loading 1 expert(s)
[MoE] Layer 1: loading 1 expert(s)
[MoE] Layer 3: loading 2 expert(s)
[MoE] Layer 15: loading 1 expert(s)
[MoE] Layer 23: loading 1 expert(s)
[MoE] Layer 44: loading 1 expert(s)
[MoE] Layer 47: loading 1 expert(s)
[MoE] Layer 0: loading 1 expert(s)
[MoE] Layer 3: loading 1 expert(s)
[MoE] Layer 21: loading 1 expert(s)
[MoE] Layer 24: loading 1 expert(s)
[MoE] Layer 28: loading 1 expert(s)
[MoE] Layer 0: loading 1 expert(s)
[MoE] Layer 2: loading 1 expert(s)
[MoE] Layer 9: loading 1 expert(s)
[MoE] Layer 12: loading 1 expert(s)
[gen 85/149] elapsed=8.8s  TPS=9.700
[MoE] Layer 0: loading 1 expert(s)
[MoE] Layer 35: loading 1 expert(s)
[MoE] Layer 47: loading 1 expert(s)
[MoE] Layer 0: loading 1 expert(s)
[MoE] Layer 1: loading 2 expert(s)
[MoE] Layer 3: loading 1 expert(s)
[MoE] Layer 4: loading 1 expert(s)
[MoE] Layer 5: loading 1 expert(s)
[MoE] Layer 11: loading 1 expert(s)
[MoE] Layer 16: loading 1 expert(s)
[MoE] Layer 30: loading 1 expert(s)
[MoE] Layer 0: loading 1 expert(s)
[MoE] Layer 0: loading 1 expert(s)
[gen 90/149] elapsed=9.1s  TPS=9.911
[MoE] Layer 0: loading 1 expert(s)
[MoE] Layer 0: loading 2 expert(s)
[MoE] Layer 1: loading 1 expert(s)
[MoE] Layer 14: loading 1 expert(s)
[MoE] Layer 39: loading 1 expert(s)
[MoE] Layer 43: loading 1 expert(s)
[MoE] Layer 47: loading 1 expert(s)
[MoE] Layer 4: loading 1 expert(s)
[MoE] Layer 12: loading 1 expert(s)
[MoE] Layer 15: loading 1 expert(s)
[MoE] Layer 29: loading 1 expert(s)
[MoE] Layer 44: loading 1 expert(s)
[MoE] Layer 47: loading 1 expert(s)
[MoE] Layer 0: loading 1 expert(s)
[MoE] Layer 1: loading 1 expert(s)
[MoE] Layer 3: loading 2 expert(s)
[MoE] Layer 20: loading 1 expert(s)
[MoE] Layer 35: loading 1 expert(s)
[MoE] Layer 36: loading 1 expert(s)
[MoE] Layer 39: loading 1 expert(s)
[MoE] Layer 1: loading 1 expert(s)
[MoE] Layer 2: loading 1 expert(s)
[MoE] Layer 3: loading 1 expert(s)
[MoE] Layer 15: loading 1 expert(s)
[MoE] Layer 27: loading 1 expert(s)
[MoE] Layer 43: loading 1 expert(s)
[gen 95/149] elapsed=9.5s  TPS=10.049
[MoE] Layer 0: loading 1 expert(s)
[MoE] Layer 1: loading 1 expert(s)
[MoE] Layer 2: loading 1 expert(s)
[MoE] Layer 29: loading 1 expert(s)
[MoE] Layer 36: loading 1 expert(s)
[MoE] Layer 38: loading 1 expert(s)
[MoE] Layer 0: loading 2 expert(s)
[MoE] Layer 1: loading 2 expert(s)
[MoE] Layer 3: loading 1 expert(s)
[MoE] Layer 8: loading 1 expert(s)
[MoE] Layer 11: loading 2 expert(s)
[MoE] Layer 22: loading 1 expert(s)
[MoE] Layer 23: loading 1 expert(s)
[MoE] Layer 46: loading 1 expert(s)
[MoE] Layer 0: loading 3 expert(s)
[MoE] Layer 1: loading 1 expert(s)
[MoE] Layer 2: loading 1 expert(s)
[MoE] Layer 3: loading 1 expert(s)
[MoE] Layer 4: loading 1 expert(s)
[MoE] Layer 15: loading 2 expert(s)
[MoE] Layer 16: loading 1 expert(s)
[MoE] Layer 28: loading 1 expert(s)
[MoE] Layer 32: loading 1 expert(s)
[MoE] Layer 34: loading 1 expert(s)
[MoE] Layer 39: loading 1 expert(s)
[MoE] Layer 40: loading 1 expert(s)
[MoE] Layer 41: loading 1 expert(s)
[MoE] Layer 42: loading 1 expert(s)
[MoE] Layer 1: loading 1 expert(s)
[MoE] Layer 3: loading 2 expert(s)
[MoE] Layer 4: loading 1 expert(s)
[MoE] Layer 7: loading 1 expert(s)
[MoE] Layer 8: loading 1 expert(s)
[MoE] Layer 10: loading 1 expert(s)
[MoE] Layer 14: loading 1 expert(s)
[MoE] Layer 16: loading 1 expert(s)
[MoE] Layer 18: loading 1 expert(s)
[MoE] Layer 20: loading 2 expert(s)
[MoE] Layer 21: loading 1 expert(s)
[MoE] Layer 24: loading 1 expert(s)
[MoE] Layer 25: loading 1 expert(s)
[MoE] Layer 26: loading 2 expert(s)
[MoE] Layer 27: loading 1 expert(s)
[MoE] Layer 28: loading 1 expert(s)
[MoE] Layer 32: loading 2 expert(s)
[MoE] Layer 37: loading 1 expert(s)
[MoE] Layer 41: loading 1 expert(s)
[MoE] Layer 42: loading 1 expert(s)
[MoE] Layer 46: loading 1 expert(s)
[MoE] Layer 47: loading 1 expert(s)
[MoE] Layer 0: loading 1 expert(s)
[MoE] Layer 1: loading 2 expert(s)
[MoE] Layer 3: loading 1 expert(s)
[MoE] Layer 12: loading 2 expert(s)
[MoE] Layer 13: loading 1 expert(s)
[MoE] Layer 15: loading 1 expert(s)
[MoE] Layer 16: loading 1 expert(s)
[MoE] Layer 17: loading 1 expert(s)
[MoE] Layer 25: loading 1 expert(s)
[MoE] Layer 33: loading 1 expert(s)
[MoE] Layer 36: loading 1 expert(s)
[gen 100/149] elapsed=10.0s  TPS=10.007
[MoE] Layer 1: loading 2 expert(s)
[MoE] Layer 3: loading 2 expert(s)
[MoE] Layer 0: loading 2 expert(s)
[MoE] Layer 1: loading 1 expert(s)
[MoE] Layer 26: loading 1 expert(s)
[MoE] Layer 33: loading 1 expert(s)
[MoE] Layer 37: loading 1 expert(s)
[MoE] Layer 47: loading 2 expert(s)
[MoE] Layer 0: loading 2 expert(s)
[MoE] Layer 1: loading 1 expert(s)
[MoE] Layer 2: loading 1 expert(s)
[MoE] Layer 3: loading 2 expert(s)
[MoE] Layer 35: loading 1 expert(s)
[MoE] Layer 39: loading 1 expert(s)
[MoE] Layer 46: loading 1 expert(s)
[MoE] Layer 47: loading 2 expert(s)
[MoE] Layer 0: loading 3 expert(s)
[MoE] Layer 1: loading 1 expert(s)
[MoE] Layer 3: loading 1 expert(s)
[MoE] Layer 8: loading 1 expert(s)
[MoE] Layer 9: loading 1 expert(s)
[MoE] Layer 22: loading 1 expert(s)
[MoE] Layer 32: loading 1 expert(s)
[MoE] Layer 47: loading 1 expert(s)
[MoE] Layer 0: loading 1 expert(s)
[MoE] Layer 1: loading 1 expert(s)
[MoE] Layer 2: loading 1 expert(s)
[MoE] Layer 3: loading 1 expert(s)
[MoE] Layer 4: loading 1 expert(s)
[MoE] Layer 5: loading 1 expert(s)
[MoE] Layer 6: loading 1 expert(s)
[MoE] Layer 17: loading 2 expert(s)
[MoE] Layer 24: loading 1 expert(s)
[MoE] Layer 28: loading 1 expert(s)
[MoE] Layer 33: loading 1 expert(s)
[MoE] Layer 37: loading 1 expert(s)
[MoE] Layer 38: loading 1 expert(s)
[MoE] Layer 40: loading 1 expert(s)
[MoE] Layer 42: loading 1 expert(s)
[MoE] Layer 44: loading 1 expert(s)
[MoE] Layer 46: loading 1 expert(s)
[MoE] Layer 47: loading 2 expert(s)
[gen 105/149] elapsed=10.4s  TPS=10.048
[MoE] Layer 0: loading 2 expert(s)
[MoE] Layer 2: loading 1 expert(s)
[MoE] Layer 3: loading 1 expert(s)
[MoE] Layer 10: loading 1 expert(s)
[MoE] Layer 42: loading 1 expert(s)
[MoE] Layer 45: loading 1 expert(s)
[MoE] Layer 47: loading 4 expert(s)
[MoE] Layer 0: loading 2 expert(s)
[MoE] Layer 2: loading 1 expert(s)
[MoE] Layer 3: loading 1 expert(s)
[MoE] Layer 4: loading 1 expert(s)
[MoE] Layer 10: loading 1 expert(s)
[MoE] Layer 13: loading 1 expert(s)
[MoE] Layer 16: loading 1 expert(s)
[MoE] Layer 28: loading 1 expert(s)
[MoE] Layer 0: loading 2 expert(s)
[MoE] Layer 1: loading 2 expert(s)
[MoE] Layer 3: loading 1 expert(s)
[MoE] Layer 14: loading 1 expert(s)
[MoE] Layer 20: loading 1 expert(s)
[MoE] Layer 36: loading 1 expert(s)
[MoE] Layer 45: loading 1 expert(s)
[MoE] Layer 46: loading 1 expert(s)
[MoE] Layer 47: loading 1 expert(s)
[MoE] Layer 0: loading 3 expert(s)
[MoE] Layer 1: loading 1 expert(s)
[MoE] Layer 2: loading 1 expert(s)
[MoE] Layer 3: loading 2 expert(s)
[MoE] Layer 4: loading 1 expert(s)
[MoE] Layer 5: loading 1 expert(s)
[MoE] Layer 16: loading 1 expert(s)
[MoE] Layer 17: loading 1 expert(s)
[MoE] Layer 27: loading 1 expert(s)
[MoE] Layer 33: loading 1 expert(s)
[MoE] Layer 40: loading 1 expert(s)
[MoE] Layer 47: loading 1 expert(s)
[MoE] Layer 16: loading 1 expert(s)
[MoE] Layer 37: loading 1 expert(s)
[MoE] Layer 38: loading 1 expert(s)
[gen 110/149] elapsed=10.9s  TPS=10.098
[MoE] Layer 0: loading 2 expert(s)
[MoE] Layer 1: loading 1 expert(s)
[MoE] Layer 0: loading 1 expert(s)
[MoE] Layer 10: loading 1 expert(s)
[MoE] Layer 9: loading 1 expert(s)
[MoE] Layer 31: loading 1 expert(s)
[MoE] Layer 34: loading 1 expert(s)
[MoE] Layer 0: loading 3 expert(s)
[MoE] Layer 3: loading 2 expert(s)
[MoE] Layer 12: loading 1 expert(s)
[MoE] Layer 16: loading 1 expert(s)
[MoE] Layer 28: loading 1 expert(s)
[MoE] Layer 34: loading 1 expert(s)
[MoE] Layer 42: loading 1 expert(s)
[MoE] Layer 0: loading 3 expert(s)
[MoE] Layer 1: loading 3 expert(s)
[MoE] Layer 5: loading 1 expert(s)
[MoE] Layer 20: loading 1 expert(s)
[MoE] Layer 25: loading 1 expert(s)
[MoE] Layer 47: loading 1 expert(s)
[gen 115/149] elapsed=11.3s  TPS=10.221
[MoE] Layer 0: loading 4 expert(s)
[MoE] Layer 1: loading 3 expert(s)
[MoE] Layer 3: loading 2 expert(s)
[MoE] Layer 5: loading 1 expert(s)
[MoE] Layer 11: loading 1 expert(s)
[MoE] Layer 20: loading 1 expert(s)
[MoE] Layer 25: loading 1 expert(s)
[MoE] Layer 30: loading 1 expert(s)
[MoE] Layer 0: loading 4 expert(s)
[MoE] Layer 1: loading 2 expert(s)
[MoE] Layer 2: loading 1 expert(s)
[MoE] Layer 3: loading 2 expert(s)
[MoE] Layer 4: loading 1 expert(s)
[MoE] Layer 5: loading 1 expert(s)
[MoE] Layer 11: loading 1 expert(s)
[MoE] Layer 22: loading 1 expert(s)
[MoE] Layer 24: loading 1 expert(s)
[MoE] Layer 47: loading 2 expert(s)
[MoE] Layer 0: loading 2 expert(s)
[MoE] Layer 4: loading 1 expert(s)
[MoE] Layer 13: loading 1 expert(s)
[MoE] Layer 24: loading 1 expert(s)
[MoE] Layer 25: loading 2 expert(s)
[MoE] Layer 0: loading 2 expert(s)
[MoE] Layer 1: loading 2 expert(s)
[MoE] Layer 2: loading 1 expert(s)
[MoE] Layer 5: loading 1 expert(s)
[MoE] Layer 0: loading 4 expert(s)
[MoE] Layer 2: loading 1 expert(s)
[MoE] Layer 3: loading 1 expert(s)
[MoE] Layer 10: loading 1 expert(s)
[MoE] Layer 47: loading 1 expert(s)
[gen 120/149] elapsed=11.7s  TPS=10.278
[MoE] Layer 0: loading 1 expert(s)
[MoE] Layer 1: loading 2 expert(s)
[MoE] Layer 3: loading 3 expert(s)
[MoE] Layer 4: loading 1 expert(s)
[MoE] Layer 28: loading 1 expert(s)
[MoE] Layer 0: loading 2 expert(s)
[MoE] Layer 1: loading 3 expert(s)
[MoE] Layer 6: loading 1 expert(s)
[MoE] Layer 10: loading 1 expert(s)
[MoE] Layer 13: loading 1 expert(s)
[MoE] Layer 15: loading 1 expert(s)
[MoE] Layer 20: loading 1 expert(s)
[MoE] Layer 27: loading 1 expert(s)
[MoE] Layer 0: loading 1 expert(s)
[MoE] Layer 10: loading 1 expert(s)
[MoE] Layer 0: loading 2 expert(s)
[MoE] Layer 1: loading 3 expert(s)
[MoE] Layer 4: loading 1 expert(s)
[MoE] Layer 10: loading 1 expert(s)
[MoE] Layer 11: loading 1 expert(s)
[MoE] Layer 12: loading 1 expert(s)
[MoE] Layer 13: loading 1 expert(s)
[MoE] Layer 16: loading 1 expert(s)
[MoE] Layer 20: loading 1 expert(s)
[MoE] Layer 25: loading 1 expert(s)
[MoE] Layer 28: loading 1 expert(s)
[MoE] Layer 37: loading 2 expert(s)
[MoE] Layer 42: loading 1 expert(s)
[MoE] Layer 47: loading 1 expert(s)
[MoE] Layer 0: loading 2 expert(s)
[MoE] Layer 1: loading 1 expert(s)
[MoE] Layer 3: loading 1 expert(s)
[MoE] Layer 11: loading 1 expert(s)
[MoE] Layer 13: loading 2 expert(s)
[MoE] Layer 23: loading 1 expert(s)
[MoE] Layer 25: loading 1 expert(s)
[MoE] Layer 29: loading 2 expert(s)
[MoE] Layer 35: loading 1 expert(s)
[MoE] Layer 45: loading 1 expert(s)
[gen 125/149] elapsed=12.1s  TPS=10.314
[MoE] Layer 0: loading 1 expert(s)
[MoE] Layer 1: loading 3 expert(s)
[MoE] Layer 4: loading 1 expert(s)
[MoE] Layer 5: loading 1 expert(s)
[MoE] Layer 15: loading 1 expert(s)
[MoE] Layer 16: loading 2 expert(s)
[MoE] Layer 21: loading 1 expert(s)
[MoE] Layer 23: loading 1 expert(s)
[MoE] Layer 28: loading 1 expert(s)
[MoE] Layer 29: loading 1 expert(s)
[MoE] Layer 42: loading 1 expert(s)
[MoE] Layer 0: loading 2 expert(s)
[MoE] Layer 1: loading 1 expert(s)
[MoE] Layer 3: loading 1 expert(s)
[MoE] Layer 12: loading 1 expert(s)
[MoE] Layer 24: loading 1 expert(s)
[MoE] Layer 26: loading 1 expert(s)
[MoE] Layer 29: loading 1 expert(s)
[MoE] Layer 36: loading 2 expert(s)
[MoE] Layer 0: loading 2 expert(s)
[MoE] Layer 3: loading 2 expert(s)
[MoE] Layer 5: loading 1 expert(s)
[MoE] Layer 24: loading 1 expert(s)
[MoE] Layer 25: loading 1 expert(s)
[MoE] Layer 37: loading 1 expert(s)
[MoE] Layer 0: loading 2 expert(s)
[MoE] Layer 1: loading 1 expert(s)
[MoE] Layer 3: loading 2 expert(s)
[MoE] Layer 5: loading 1 expert(s)
[MoE] Layer 11: loading 1 expert(s)
[MoE] Layer 27: loading 1 expert(s)
[MoE] Layer 0: loading 1 expert(s)
[MoE] Layer 1: loading 1 expert(s)
[MoE] Layer 2: loading 1 expert(s)
[MoE] Layer 3: loading 1 expert(s)
[MoE] Layer 12: loading 1 expert(s)
[MoE] Layer 37: loading 1 expert(s)
[gen 130/149] elapsed=12.6s  TPS=10.354
[MoE] Layer 1: loading 1 expert(s)
[MoE] Layer 3: loading 1 expert(s)
[MoE] Layer 5: loading 1 expert(s)
[MoE] Layer 11: loading 1 expert(s)
[MoE] Layer 33: loading 1 expert(s)
[MoE] Layer 47: loading 1 expert(s)
[MoE] Layer 0: loading 1 expert(s)
[MoE] Layer 1: loading 2 expert(s)
[MoE] Layer 3: loading 1 expert(s)
[MoE] Layer 11: loading 1 expert(s)
[MoE] Layer 13: loading 1 expert(s)
[MoE] Layer 14: loading 1 expert(s)
[MoE] Layer 21: loading 1 expert(s)
[MoE] Layer 25: loading 1 expert(s)
[MoE] Layer 46: loading 1 expert(s)
[MoE] Layer 0: loading 1 expert(s)
[MoE] Layer 3: loading 2 expert(s)
[MoE] Layer 0: loading 2 expert(s)
[MoE] Layer 1: loading 1 expert(s)
[MoE] Layer 3: loading 2 expert(s)
[MoE] Layer 4: loading 1 expert(s)
[MoE] Layer 25: loading 1 expert(s)
[MoE] Layer 29: loading 1 expert(s)
[MoE] Layer 33: loading 1 expert(s)
[MoE] Layer 35: loading 1 expert(s)
[MoE] Layer 39: loading 1 expert(s)
[MoE] Layer 47: loading 1 expert(s)
[MoE] Layer 0: loading 2 expert(s)
[MoE] Layer 1: loading 3 expert(s)
[MoE] Layer 3: loading 1 expert(s)
[MoE] Layer 28: loading 1 expert(s)
[MoE] Layer 36: loading 1 expert(s)
[MoE] Layer 47: loading 1 expert(s)
[gen 135/149] elapsed=13.0s  TPS=10.412
[MoE] Layer 0: loading 1 expert(s)
[MoE] Layer 1: loading 2 expert(s)
[MoE] Layer 3: loading 1 expert(s)
[MoE] Layer 4: loading 1 expert(s)
[MoE] Layer 12: loading 1 expert(s)
[MoE] Layer 17: loading 1 expert(s)
[MoE] Layer 24: loading 1 expert(s)
[MoE] Layer 28: loading 1 expert(s)
[MoE] Layer 33: loading 1 expert(s)
[MoE] Layer 0: loading 1 expert(s)
[MoE] Layer 1: loading 1 expert(s)
[MoE] Layer 3: loading 1 expert(s)
[MoE] Layer 4: loading 1 expert(s)
[MoE] Layer 5: loading 1 expert(s)
[MoE] Layer 11: loading 1 expert(s)
[MoE] Layer 35: loading 1 expert(s)
[MoE] Layer 40: loading 1 expert(s)
[MoE] Layer 46: loading 1 expert(s)
[MoE] Layer 0: loading 2 expert(s)
[MoE] Layer 1: loading 1 expert(s)
[MoE] Layer 2: loading 1 expert(s)
[MoE] Layer 3: loading 1 expert(s)
[MoE] Layer 4: loading 1 expert(s)
[MoE] Layer 10: loading 1 expert(s)
[MoE] Layer 14: loading 1 expert(s)
[MoE] Layer 0: loading 1 expert(s)
[MoE] Layer 6: loading 1 expert(s)
[MoE] Layer 15: loading 1 expert(s)
[MoE] Layer 23: loading 1 expert(s)
[MoE] Layer 35: loading 1 expert(s)
[MoE] Layer 34: loading 1 expert(s)
[MoE] Layer 37: loading 1 expert(s)
[gen 140/149] elapsed=13.4s  TPS=10.475
[MoE] Layer 0: loading 1 expert(s)
[MoE] Layer 1: loading 1 expert(s)
[MoE] Layer 3: loading 1 expert(s)
[MoE] Layer 23: loading 1 expert(s)
[MoE] Layer 25: loading 1 expert(s)
[MoE] Layer 31: loading 1 expert(s)
[MoE] Layer 32: loading 1 expert(s)
[MoE] Layer 33: loading 1 expert(s)
[MoE] Layer 0: loading 1 expert(s)
[MoE] Layer 3: loading 1 expert(s)
[MoE] Layer 10: loading 1 expert(s)
[MoE] Layer 11: loading 1 expert(s)
[MoE] Layer 13: loading 1 expert(s)
[MoE] Layer 16: loading 1 expert(s)
[MoE] Layer 18: loading 1 expert(s)
[MoE] Layer 25: loading 2 expert(s)
[MoE] Layer 28: loading 1 expert(s)
[MoE] Layer 32: loading 1 expert(s)
[MoE] Layer 34: loading 1 expert(s)
[MoE] Layer 35: loading 1 expert(s)
[MoE] Layer 46: loading 1 expert(s)
[MoE] Layer 47: loading 1 expert(s)
[MoE] Layer 1: loading 1 expert(s)
[MoE] Layer 23: loading 1 expert(s)
[MoE] Layer 35: loading 1 expert(s)
[MoE] Layer 37: loading 1 expert(s)
[MoE] Layer 1: loading 1 expert(s)
[MoE] Layer 18: loading 1 expert(s)
[MoE] Layer 22: loading 1 expert(s)
[MoE] Layer 24: loading 1 expert(s)
[MoE] Layer 35: loading 2 expert(s)
[MoE] Layer 36: loading 1 expert(s)
[MoE] Layer 41: loading 1 expert(s)
[gen 145/149] elapsed=13.8s  TPS=10.527
[MoE] Layer 0: loading 1 expert(s)
[MoE] Layer 1: loading 1 expert(s)
[MoE] Layer 0: loading 3 expert(s)
[MoE] Layer 1: loading 1 expert(s)
[MoE] Layer 25: loading 1 expert(s)
[MoE] Layer 36: loading 1 expert(s)
[MoE] Layer 37: loading 2 expert(s)
[MoE] Layer 38: loading 1 expert(s)
[MoE] Layer 47: loading 2 expert(s)
[MoE] Layer 1: loading 1 expert(s)
[MoE] Layer 3: loading 1 expert(s)
[MoE] Layer 21: loading 1 expert(s)
[MoE] Layer 23: loading 1 expert(s)
[MoE] Layer 35: loading 1 expert(s)
[MoE] Layer 37: loading 1 expert(s)
[MoE] Layer 47: loading 1 expert(s)
[MoE] Layer 0: loading 3 expert(s)
[MoE] Layer 1: loading 1 expert(s)
[MoE] Layer 2: loading 1 expert(s)
[MoE] Layer 3: loading 1 expert(s)
[MoE] Layer 8: loading 1 expert(s)
[MoE] Layer 11: loading 1 expert(s)
[MoE] Layer 17: loading 1 expert(s)
[MoE] Layer 28: loading 1 expert(s)
Prefill time (summary): 12.665 seconds
Total Generation Time: 14.090 seconds
Average Time per Token: 0.095 seconds

Expert Cache Statistics:
Layer 0: Hits=980, Misses=212, HitRate=82.21%
    Bandwidth: MissLoads=212, AvgLoadTime=2.47ms
Layer 1: Hits=1039, Misses=153, HitRate=87.16%
    Bandwidth: MissLoads=153, AvgLoadTime=2.84ms
Layer 2: Hits=1153, Misses=39, HitRate=96.73%
    Bandwidth: MissLoads=39, AvgLoadTime=3.22ms
Layer 3: Hits=1071, Misses=121, HitRate=89.85%
    Bandwidth: MissLoads=121, AvgLoadTime=2.97ms
Layer 4: Hits=1155, Misses=37, HitRate=96.90%
    Bandwidth: MissLoads=37, AvgLoadTime=3.35ms
Layer 5: Hits=1156, Misses=36, HitRate=96.98%
    Bandwidth: MissLoads=36, AvgLoadTime=3.44ms
Layer 6: Hits=1180, Misses=12, HitRate=98.99%
    Bandwidth: MissLoads=12, AvgLoadTime=3.60ms
Layer 7: Hits=1187, Misses=5, HitRate=99.58%
    Bandwidth: MissLoads=5, AvgLoadTime=3.78ms
Layer 8: Hits=1166, Misses=26, HitRate=97.82%
    Bandwidth: MissLoads=26, AvgLoadTime=3.19ms
Layer 9: Hits=1177, Misses=15, HitRate=98.74%
    Bandwidth: MissLoads=15, AvgLoadTime=3.31ms
Layer 10: Hits=1156, Misses=36, HitRate=96.98%
    Bandwidth: MissLoads=36, AvgLoadTime=3.35ms
Layer 11: Hits=1144, Misses=48, HitRate=95.97%
    Bandwidth: MissLoads=48, AvgLoadTime=2.96ms
Layer 12: Hits=1153, Misses=39, HitRate=96.73%
    Bandwidth: MissLoads=39, AvgLoadTime=3.08ms
Layer 13: Hits=1148, Misses=44, HitRate=96.31%
    Bandwidth: MissLoads=44, AvgLoadTime=3.06ms
Layer 14: Hits=1161, Misses=31, HitRate=97.40%
    Bandwidth: MissLoads=31, AvgLoadTime=3.29ms
Layer 15: Hits=1165, Misses=27, HitRate=97.73%
    Bandwidth: MissLoads=27, AvgLoadTime=3.15ms
Layer 16: Hits=1150, Misses=42, HitRate=96.48%
    Bandwidth: MissLoads=42, AvgLoadTime=3.10ms
Layer 17: Hits=1160, Misses=32, HitRate=97.32%
    Bandwidth: MissLoads=32, AvgLoadTime=2.99ms
Layer 18: Hits=1184, Misses=8, HitRate=99.33%
    Bandwidth: MissLoads=8, AvgLoadTime=3.59ms
Layer 19: Hits=1186, Misses=6, HitRate=99.50%
    Bandwidth: MissLoads=6, AvgLoadTime=3.53ms
Layer 20: Hits=1164, Misses=28, HitRate=97.65%
    Bandwidth: MissLoads=28, AvgLoadTime=3.15ms
Layer 21: Hits=1178, Misses=14, HitRate=98.83%
    Bandwidth: MissLoads=14, AvgLoadTime=3.49ms
Layer 22: Hits=1163, Misses=29, HitRate=97.57%
    Bandwidth: MissLoads=29, AvgLoadTime=3.13ms
Layer 23: Hits=1155, Misses=37, HitRate=96.90%
    Bandwidth: MissLoads=37, AvgLoadTime=3.13ms
Layer 24: Hits=1156, Misses=36, HitRate=96.98%
    Bandwidth: MissLoads=36, AvgLoadTime=2.99ms
Layer 25: Hits=1138, Misses=54, HitRate=95.47%
    Bandwidth: MissLoads=54, AvgLoadTime=2.98ms
Layer 26: Hits=1169, Misses=23, HitRate=98.07%
    Bandwidth: MissLoads=23, AvgLoadTime=3.08ms
Layer 27: Hits=1166, Misses=26, HitRate=97.82%
    Bandwidth: MissLoads=26, AvgLoadTime=3.28ms
Layer 28: Hits=1150, Misses=42, HitRate=96.48%
    Bandwidth: MissLoads=42, AvgLoadTime=3.23ms
Layer 29: Hits=1156, Misses=36, HitRate=96.98%
    Bandwidth: MissLoads=36, AvgLoadTime=3.22ms
Layer 30: Hits=1181, Misses=11, HitRate=99.08%
    Bandwidth: MissLoads=11, AvgLoadTime=3.61ms
Layer 31: Hits=1185, Misses=7, HitRate=99.41%
    Bandwidth: MissLoads=7, AvgLoadTime=3.45ms
Layer 32: Hits=1161, Misses=31, HitRate=97.40%
    Bandwidth: MissLoads=31, AvgLoadTime=3.04ms
Layer 33: Hits=1169, Misses=23, HitRate=98.07%
    Bandwidth: MissLoads=23, AvgLoadTime=3.15ms
Layer 34: Hits=1164, Misses=28, HitRate=97.65%
    Bandwidth: MissLoads=28, AvgLoadTime=3.00ms
Layer 35: Hits=1155, Misses=37, HitRate=96.90%
    Bandwidth: MissLoads=37, AvgLoadTime=2.95ms
Layer 36: Hits=1159, Misses=33, HitRate=97.23%
    Bandwidth: MissLoads=33, AvgLoadTime=3.07ms
Layer 37: Hits=1147, Misses=45, HitRate=96.22%
    Bandwidth: MissLoads=45, AvgLoadTime=2.94ms
Layer 38: Hits=1164, Misses=28, HitRate=97.65%
    Bandwidth: MissLoads=28, AvgLoadTime=3.33ms
Layer 39: Hits=1160, Misses=32, HitRate=97.32%
    Bandwidth: MissLoads=32, AvgLoadTime=3.25ms
Layer 40: Hits=1163, Misses=29, HitRate=97.57%
    Bandwidth: MissLoads=29, AvgLoadTime=3.15ms
Layer 41: Hits=1152, Misses=40, HitRate=96.64%
    Bandwidth: MissLoads=40, AvgLoadTime=2.77ms
Layer 42: Hits=1157, Misses=35, HitRate=97.06%
    Bandwidth: MissLoads=35, AvgLoadTime=3.15ms
Layer 43: Hits=1175, Misses=17, HitRate=98.57%
    Bandwidth: MissLoads=17, AvgLoadTime=3.17ms
Layer 44: Hits=1176, Misses=16, HitRate=98.66%
    Bandwidth: MissLoads=16, AvgLoadTime=2.98ms
Layer 45: Hits=1175, Misses=17, HitRate=98.57%
    Bandwidth: MissLoads=17, AvgLoadTime=3.03ms
Layer 46: Hits=1162, Misses=30, HitRate=97.48%
    Bandwidth: MissLoads=30, AvgLoadTime=3.16ms
Layer 47: Hits=1117, Misses=75, HitRate=93.71%
    Bandwidth: MissLoads=75, AvgLoadTime=2.88ms
============================================================
============================================================
Initializing Qwen3 30B-A3B AWQ w4a16 quantized model...
============================================================
Loading quantized weights from QuixiAI/Qwen3-30B-A3B-AWQ...
Using saved safetensors: /home/michael/heteroPredict/py/unified_llm_w4a16/model_weights/Qwen3-30B-A3B-AWQ.safetensors
Expert weights dir: /home/michael/heteroPredict/py/unified_llm_w4a16/model_weights/Qwen3-30B-A3B-AWQ_packed  (format: packed)
Using existing attention weights in /home/michael/heteroPredict/py/unified_llm_w4a16/model_weights/Qwen3-30B-A3B-AWQ_unpacked
Weights loaded (expert dir override) in 0.29 seconds
Pre-warming expert cache with 64 experts...
Model initialized successfully!
Setting lambda to 1.0
Forced top-5 experts into cache mask.
Set expert cache policy to LRU.

Running sweep using prompts from JSON: /tmp/tmpm_xsijc2.json
Loaded 1 prompts for sweeping.

Processing Prompt 1/1...

============================================================
Generated text only:
============================================================
 of experience . 

 Du Fu 's technical mastery is also reflected in his use of parallelism and antithesis . In the classical Chinese poetry tradition , parallelism ( 对仗 duìzhì ) is a key feature of regulated verse ( 律詩 lǜshī ) , and Du Fu is considered one of the greatest masters of this form . His use of parallelism is so precise that it is often considered a hallmark of his style . For example , in the poem " Autumn Thoughts " ( 秋興 Yūxīng ) , the couplets are written in a highly parallel structure . 

 In addition to his mastery of regulated verse , Du Fu also made significant contributions to the development of the ancient style ( 古風
============================================================

============================================================
Sweep Complete.
Average Time per Token: 0.178417
End-to-End TPS: 5.6048
Cache Stats: Hits=55388, Misses=1828, HitRate=96.81%
Initializing UnifiedLLMW4A16Impl_base
Using NPU config struct.
Configuring NPU (Base):
  Heterogeneity: gpu
  GPU Count: 1
  Debug Verbosity: 1
  Dummy Weights: false
  Warmup: false
  Preload MoE: true
  Minimal PDI: true
[GPU SELECT] Free VRAM ranking: gpu0=28.00/28.00 GiB
[GPU SELECT] Selected GPUs for gpu-count=1: [0]
[GPU MAP] Single-GPU placement on gpu0
UnifiedLLMW4A16 moved to device: cuda:0
Preloading MoE kernels...
MoE kernels preloaded.
UnifiedLLMW4A16 initialized on device: cuda:0 with w4a16 quantization
Loading non-quantized weights from safetensors (mmap): /home/michael/heteroPredict/py/unified_llm_w4a16/model_weights/Qwen3-30B-A3B-AWQ.safetensors
Loaded 243 non-quantized parameters, skipped 0
Loading quantized weights from bins: /home/michael/heteroPredict/py/unified_llm_w4a16/model_weights/Qwen3-30B-A3B-AWQ_unpacked
Pre-warming 64 experts for all layers...
Layer 0: Pre-warming 64 experts.
Layer 0: using packed expert format.
[MoE I/O] Expert weight reads require O_DIRECT (no buffered fallback).
Layer 1: Pre-warming 64 experts.
Layer 1: using packed expert format.
Layer 2: Pre-warming 64 experts.
Layer 2: using packed expert format.
Layer 3: Pre-warming 64 experts.
Layer 3: using packed expert format.
Prewarmed experts for layer 4/48
Layer 4: Pre-warming 64 experts.
Layer 4: using packed expert format.
Layer 5: Pre-warming 64 experts.
Layer 5: using packed expert format.
Layer 6: Pre-warming 64 experts.
Layer 6: using packed expert format.
Layer 7: Pre-warming 64 experts.
Layer 7: using packed expert format.
Prewarmed experts for layer 8/48
Layer 8: Pre-warming 64 experts.
Layer 8: using packed expert format.
Layer 9: Pre-warming 64 experts.
Layer 9: using packed expert format.
Layer 10: Pre-warming 64 experts.
Layer 10: using packed expert format.
Layer 11: Pre-warming 64 experts.
Layer 11: using packed expert format.
Prewarmed experts for layer 12/48
Layer 12: Pre-warming 64 experts.
Layer 12: using packed expert format.
Layer 13: Pre-warming 64 experts.
Layer 13: using packed expert format.
Layer 14: Pre-warming 64 experts.
Layer 14: using packed expert format.
Layer 15: Pre-warming 64 experts.
Layer 15: using packed expert format.
Prewarmed experts for layer 16/48
Layer 16: Pre-warming 64 experts.
Layer 16: using packed expert format.
Layer 17: Pre-warming 64 experts.
Layer 17: using packed expert format.
Layer 18: Pre-warming 64 experts.
Layer 18: using packed expert format.
Layer 19: Pre-warming 64 experts.
Layer 19: using packed expert format.
Prewarmed experts for layer 20/48
Layer 20: Pre-warming 64 experts.
Layer 20: using packed expert format.
Layer 21: Pre-warming 64 experts.
Layer 21: using packed expert format.
Layer 22: Pre-warming 64 experts.
Layer 22: using packed expert format.
Layer 23: Pre-warming 64 experts.
Layer 23: using packed expert format.
Prewarmed experts for layer 24/48
Layer 24: Pre-warming 64 experts.
Layer 24: using packed expert format.
Layer 25: Pre-warming 64 experts.
Layer 25: using packed expert format.
Layer 26: Pre-warming 64 experts.
Layer 26: using packed expert format.
Layer 27: Pre-warming 64 experts.
Layer 27: using packed expert format.
Prewarmed experts for layer 28/48
Layer 28: Pre-warming 64 experts.
Layer 28: using packed expert format.
Layer 29: Pre-warming 64 experts.
Layer 29: using packed expert format.
Layer 30: Pre-warming 64 experts.
Layer 30: using packed expert format.
Layer 31: Pre-warming 64 experts.
Layer 31: using packed expert format.
Prewarmed experts for layer 32/48
Layer 32: Pre-warming 64 experts.
Layer 32: using packed expert format.
Layer 33: Pre-warming 64 experts.
Layer 33: using packed expert format.
Layer 34: Pre-warming 64 experts.
Layer 34: using packed expert format.
Layer 35: Pre-warming 64 experts.
Layer 35: using packed expert format.
Prewarmed experts for layer 36/48
Layer 36: Pre-warming 64 experts.
Layer 36: using packed expert format.
Layer 37: Pre-warming 64 experts.
Layer 37: using packed expert format.
Layer 38: Pre-warming 64 experts.
Layer 38: using packed expert format.
Layer 39: Pre-warming 64 experts.
Layer 39: using packed expert format.
Prewarmed experts for layer 40/48
Layer 40: Pre-warming 64 experts.
Layer 40: using packed expert format.
Layer 41: Pre-warming 64 experts.
Layer 41: using packed expert format.
Layer 42: Pre-warming 64 experts.
Layer 42: using packed expert format.
Layer 43: Pre-warming 64 experts.
Layer 43: using packed expert format.
Prewarmed experts for layer 44/48
Layer 44: Pre-warming 64 experts.
Layer 44: using packed expert format.
Layer 45: Pre-warming 64 experts.
Layer 45: using packed expert format.
Layer 46: Pre-warming 64 experts.
Layer 46: using packed expert format.
Layer 47: Pre-warming 64 experts.
Layer 47: using packed expert format.
Prewarmed experts for layer 48/48
Libtorch input_ids shape: [1, 512]
Skipping warmup.
Prefill time: 12.5162 seconds
Generation phase
[MoE] Layer 0: loading 1 expert(s)
[MoE] Layer 1: loading 3 expert(s)
[MoE] Layer 2: loading 2 expert(s)
[MoE] Layer 3: loading 1 expert(s)
[MoE] Layer 4: loading 1 expert(s)
[MoE] Layer 8: loading 1 expert(s)
[MoE] Layer 9: loading 1 expert(s)
[MoE] Layer 11: loading 3 expert(s)
[MoE] Layer 12: loading 2 expert(s)
[MoE] Layer 13: loading 1 expert(s)
[MoE] Layer 14: loading 1 expert(s)
[MoE] Layer 15: loading 1 expert(s)
[MoE] Layer 16: loading 3 expert(s)
[MoE] Layer 17: loading 2 expert(s)
[MoE] Layer 20: loading 1 expert(s)
[MoE] Layer 21: loading 1 expert(s)
[MoE] Layer 22: loading 2 expert(s)
[MoE] Layer 23: loading 2 expert(s)
[MoE] Layer 24: loading 4 expert(s)
[MoE] Layer 25: loading 4 expert(s)
[MoE] Layer 26: loading 1 expert(s)
[MoE] Layer 27: loading 2 expert(s)
[MoE] Layer 28: loading 2 expert(s)
[MoE] Layer 29: loading 2 expert(s)
[MoE] Layer 32: loading 2 expert(s)
[MoE] Layer 33: loading 2 expert(s)
[MoE] Layer 34: loading 1 expert(s)
[MoE] Layer 35: loading 2 expert(s)
[MoE] Layer 36: loading 3 expert(s)
[MoE] Layer 37: loading 2 expert(s)
[MoE] Layer 39: loading 3 expert(s)
[MoE] Layer 40: loading 1 expert(s)
[MoE] Layer 41: loading 2 expert(s)
[MoE] Layer 42: loading 2 expert(s)
[MoE] Layer 43: loading 2 expert(s)
[MoE] Layer 44: loading 1 expert(s)
[MoE] Layer 45: loading 3 expert(s)
[MoE] Layer 47: loading 2 expert(s)
[MoE] Layer 0: loading 2 expert(s)
[MoE] Layer 3: loading 3 expert(s)
[MoE] Layer 6: loading 1 expert(s)
[MoE] Layer 8: loading 1 expert(s)
[MoE] Layer 10: loading 1 expert(s)
[MoE] Layer 11: loading 1 expert(s)
[MoE] Layer 13: loading 1 expert(s)
[MoE] Layer 14: loading 1 expert(s)
[MoE] Layer 15: loading 2 expert(s)
[MoE] Layer 16: loading 1 expert(s)
[MoE] Layer 17: loading 2 expert(s)
[MoE] Layer 20: loading 1 expert(s)
[MoE] Layer 22: loading 1 expert(s)
[MoE] Layer 23: loading 2 expert(s)
[MoE] Layer 24: loading 1 expert(s)
[MoE] Layer 28: loading 1 expert(s)
[MoE] Layer 29: loading 2 expert(s)
[MoE] Layer 32: loading 1 expert(s)
[MoE] Layer 34: loading 2 expert(s)
[MoE] Layer 35: loading 1 expert(s)
[MoE] Layer 36: loading 1 expert(s)
[MoE] Layer 38: loading 1 expert(s)
[MoE] Layer 39: loading 2 expert(s)
[MoE] Layer 40: loading 2 expert(s)
[MoE] Layer 41: loading 2 expert(s)
[MoE] Layer 42: loading 1 expert(s)
[MoE] Layer 43: loading 1 expert(s)
[MoE] Layer 45: loading 1 expert(s)
[MoE] Layer 47: loading 2 expert(s)
[MoE] Layer 0: loading 3 expert(s)
[MoE] Layer 1: loading 2 expert(s)
[MoE] Layer 6: loading 1 expert(s)
[MoE] Layer 8: loading 1 expert(s)
[MoE] Layer 9: loading 1 expert(s)
[MoE] Layer 10: loading 2 expert(s)
[MoE] Layer 12: loading 1 expert(s)
[MoE] Layer 14: loading 1 expert(s)
[MoE] Layer 15: loading 1 expert(s)
[MoE] Layer 16: loading 2 expert(s)
[MoE] Layer 21: loading 1 expert(s)
[MoE] Layer 22: loading 1 expert(s)
[MoE] Layer 24: loading 1 expert(s)
[MoE] Layer 26: loading 1 expert(s)
[MoE] Layer 27: loading 1 expert(s)
[MoE] Layer 28: loading 2 expert(s)
[MoE] Layer 29: loading 1 expert(s)
[MoE] Layer 30: loading 2 expert(s)
[MoE] Layer 33: loading 2 expert(s)
[MoE] Layer 34: loading 1 expert(s)
[MoE] Layer 36: loading 1 expert(s)
[MoE] Layer 38: loading 1 expert(s)
[MoE] Layer 40: loading 1 expert(s)
[MoE] Layer 41: loading 3 expert(s)
[MoE] Layer 42: loading 2 expert(s)
[MoE] Layer 43: loading 2 expert(s)
[MoE] Layer 44: loading 1 expert(s)
[MoE] Layer 45: loading 1 expert(s)
[MoE] Layer 47: loading 1 expert(s)
[MoE] Layer 1: loading 1 expert(s)
[MoE] Layer 2: loading 1 expert(s)
[MoE] Layer 3: loading 2 expert(s)
[MoE] Layer 4: loading 1 expert(s)
[MoE] Layer 8: loading 2 expert(s)
[MoE] Layer 11: loading 1 expert(s)
[MoE] Layer 12: loading 2 expert(s)
[MoE] Layer 13: loading 2 expert(s)
[MoE] Layer 15: loading 1 expert(s)
[MoE] Layer 16: loading 1 expert(s)
[MoE] Layer 18: loading 1 expert(s)
[MoE] Layer 23: loading 1 expert(s)
[MoE] Layer 24: loading 1 expert(s)
[MoE] Layer 25: loading 2 expert(s)
[MoE] Layer 28: loading 1 expert(s)
[MoE] Layer 29: loading 1 expert(s)
[MoE] Layer 32: loading 1 expert(s)
[MoE] Layer 36: loading 2 expert(s)
[MoE] Layer 37: loading 3 expert(s)
[MoE] Layer 39: loading 1 expert(s)
[MoE] Layer 40: loading 1 expert(s)
[MoE] Layer 42: loading 1 expert(s)
[MoE] Layer 44: loading 1 expert(s)
[MoE] Layer 0: loading 1 expert(s)
[MoE] Layer 1: loading 2 expert(s)
[MoE] Layer 2: loading 2 expert(s)
[MoE] Layer 3: loading 2 expert(s)
[MoE] Layer 4: loading 3 expert(s)
[MoE] Layer 5: loading 1 expert(s)
[MoE] Layer 8: loading 1 expert(s)
[MoE] Layer 12: loading 1 expert(s)
[MoE] Layer 13: loading 3 expert(s)
[MoE] Layer 15: loading 1 expert(s)
[MoE] Layer 16: loading 2 expert(s)
[MoE] Layer 17: loading 1 expert(s)
[MoE] Layer 20: loading 1 expert(s)
[MoE] Layer 22: loading 1 expert(s)
[MoE] Layer 23: loading 1 expert(s)
[MoE] Layer 25: loading 3 expert(s)
[MoE] Layer 26: loading 1 expert(s)
[MoE] Layer 27: loading 1 expert(s)
[MoE] Layer 28: loading 1 expert(s)
[MoE] Layer 29: loading 1 expert(s)
[MoE] Layer 30: loading 1 expert(s)
[MoE] Layer 32: loading 1 expert(s)
[MoE] Layer 33: loading 2 expert(s)
[MoE] Layer 34: loading 1 expert(s)
[MoE] Layer 37: loading 3 expert(s)
[MoE] Layer 39: loading 1 expert(s)
[MoE] Layer 40: loading 1 expert(s)
[MoE] Layer 45: loading 1 expert(s)
[gen 5/149] elapsed=1.0s  TPS=5.098
[MoE] Layer 0: loading 3 expert(s)
[MoE] Layer 1: loading 2 expert(s)
[MoE] Layer 2: loading 1 expert(s)
[MoE] Layer 3: loading 2 expert(s)
[MoE] Layer 4: loading 1 expert(s)
[MoE] Layer 8: loading 2 expert(s)
[MoE] Layer 9: loading 1 expert(s)
[MoE] Layer 10: loading 1 expert(s)
[MoE] Layer 11: loading 1 expert(s)
[MoE] Layer 13: loading 1 expert(s)
[MoE] Layer 14: loading 1 expert(s)
[MoE] Layer 17: loading 1 expert(s)
[MoE] Layer 18: loading 1 expert(s)
[MoE] Layer 21: loading 1 expert(s)
[MoE] Layer 22: loading 1 expert(s)
[MoE] Layer 23: loading 1 expert(s)
[MoE] Layer 24: loading 1 expert(s)
[MoE] Layer 25: loading 2 expert(s)
[MoE] Layer 29: loading 1 expert(s)
[MoE] Layer 32: loading 1 expert(s)
[MoE] Layer 34: loading 1 expert(s)
[MoE] Layer 35: loading 1 expert(s)
[MoE] Layer 37: loading 1 expert(s)
[MoE] Layer 42: loading 2 expert(s)
[MoE] Layer 43: loading 1 expert(s)
[MoE] Layer 45: loading 1 expert(s)
[MoE] Layer 0: loading 3 expert(s)
[MoE] Layer 1: loading 2 expert(s)
[MoE] Layer 4: loading 1 expert(s)
[MoE] Layer 7: loading 1 expert(s)
[MoE] Layer 9: loading 1 expert(s)
[MoE] Layer 10: loading 2 expert(s)
[MoE] Layer 11: loading 2 expert(s)
[MoE] Layer 17: loading 2 expert(s)
[MoE] Layer 19: loading 1 expert(s)
[MoE] Layer 23: loading 1 expert(s)
[MoE] Layer 32: loading 1 expert(s)
[MoE] Layer 35: loading 1 expert(s)
[MoE] Layer 39: loading 1 expert(s)
[MoE] Layer 41: loading 2 expert(s)
[MoE] Layer 46: loading 1 expert(s)
[MoE] Layer 0: loading 1 expert(s)
[MoE] Layer 1: loading 1 expert(s)
[MoE] Layer 3: loading 3 expert(s)
[MoE] Layer 4: loading 1 expert(s)
[MoE] Layer 8: loading 2 expert(s)
[MoE] Layer 10: loading 1 expert(s)
[MoE] Layer 11: loading 1 expert(s)
[MoE] Layer 12: loading 2 expert(s)
[MoE] Layer 13: loading 1 expert(s)
[MoE] Layer 15: loading 1 expert(s)
[MoE] Layer 16: loading 2 expert(s)
[MoE] Layer 17: loading 1 expert(s)
[MoE] Layer 18: loading 1 expert(s)
[MoE] Layer 21: loading 1 expert(s)
[MoE] Layer 28: loading 1 expert(s)
[MoE] Layer 30: loading 1 expert(s)
[MoE] Layer 32: loading 2 expert(s)
[MoE] Layer 33: loading 1 expert(s)
[MoE] Layer 35: loading 1 expert(s)
[MoE] Layer 36: loading 1 expert(s)
[MoE] Layer 37: loading 1 expert(s)
[MoE] Layer 40: loading 3 expert(s)
[MoE] Layer 42: loading 1 expert(s)
[MoE] Layer 44: loading 1 expert(s)
[MoE] Layer 45: loading 1 expert(s)
[MoE] Layer 46: loading 1 expert(s)
[MoE] Layer 0: loading 1 expert(s)
[MoE] Layer 3: loading 2 expert(s)
[MoE] Layer 4: loading 1 expert(s)
[MoE] Layer 14: loading 1 expert(s)
[MoE] Layer 20: loading 1 expert(s)
[MoE] Layer 24: loading 1 expert(s)
[MoE] Layer 25: loading 1 expert(s)
[MoE] Layer 26: loading 2 expert(s)
[MoE] Layer 35: loading 1 expert(s)
[MoE] Layer 37: loading 2 expert(s)
[MoE] Layer 38: loading 1 expert(s)
[MoE] Layer 1: loading 1 expert(s)
[MoE] Layer 3: loading 1 expert(s)
[MoE] Layer 9: loading 1 expert(s)
[MoE] Layer 16: loading 1 expert(s)
[MoE] Layer 21: loading 1 expert(s)
[MoE] Layer 28: loading 1 expert(s)
[MoE] Layer 29: loading 1 expert(s)
[gen 10/149] elapsed=1.6s  TPS=6.196
[MoE] Layer 3: loading 2 expert(s)
[MoE] Layer 5: loading 1 expert(s)
[MoE] Layer 8: loading 1 expert(s)
[MoE] Layer 10: loading 1 expert(s)
[MoE] Layer 11: loading 1 expert(s)
[MoE] Layer 12: loading 2 expert(s)
[MoE] Layer 13: loading 1 expert(s)
[MoE] Layer 16: loading 1 expert(s)
[MoE] Layer 19: loading 1 expert(s)
[MoE] Layer 20: loading 1 expert(s)
[MoE] Layer 21: loading 1 expert(s)
[MoE] Layer 22: loading 1 expert(s)
[MoE] Layer 23: loading 1 expert(s)
[MoE] Layer 24: loading 1 expert(s)
[MoE] Layer 25: loading 1 expert(s)
[MoE] Layer 28: loading 1 expert(s)
[MoE] Layer 29: loading 1 expert(s)
[MoE] Layer 31: loading 1 expert(s)
[MoE] Layer 32: loading 1 expert(s)
[MoE] Layer 33: loading 1 expert(s)
[MoE] Layer 34: loading 1 expert(s)
[MoE] Layer 35: loading 2 expert(s)
[MoE] Layer 36: loading 1 expert(s)
[MoE] Layer 40: loading 1 expert(s)
[MoE] Layer 42: loading 1 expert(s)
[MoE] Layer 43: loading 1 expert(s)
[MoE] Layer 47: loading 4 expert(s)
[MoE] Layer 0: loading 1 expert(s)
[MoE] Layer 1: loading 1 expert(s)
[MoE] Layer 2: loading 1 expert(s)
[MoE] Layer 3: loading 2 expert(s)
[MoE] Layer 4: loading 1 expert(s)
[MoE] Layer 5: loading 1 expert(s)
[MoE] Layer 8: loading 1 expert(s)
[MoE] Layer 9: loading 1 expert(s)
[MoE] Layer 10: loading 1 expert(s)
[MoE] Layer 11: loading 1 expert(s)
[MoE] Layer 13: loading 1 expert(s)
[MoE] Layer 17: loading 3 expert(s)
[MoE] Layer 20: loading 1 expert(s)
[MoE] Layer 28: loading 1 expert(s)
[MoE] Layer 29: loading 1 expert(s)
[MoE] Layer 32: loading 1 expert(s)
[MoE] Layer 36: loading 1 expert(s)
[MoE] Layer 38: loading 2 expert(s)
[MoE] Layer 41: loading 1 expert(s)
[MoE] Layer 46: loading 1 expert(s)
[MoE] Layer 47: loading 1 expert(s)
[MoE] Layer 0: loading 2 expert(s)
[MoE] Layer 1: loading 1 expert(s)
[MoE] Layer 4: loading 1 expert(s)
[MoE] Layer 5: loading 1 expert(s)
[MoE] Layer 8: loading 2 expert(s)
[MoE] Layer 12: loading 1 expert(s)
[MoE] Layer 13: loading 1 expert(s)
[MoE] Layer 14: loading 1 expert(s)
[MoE] Layer 15: loading 1 expert(s)
[MoE] Layer 16: loading 1 expert(s)
[MoE] Layer 20: loading 1 expert(s)
[MoE] Layer 24: loading 1 expert(s)
[MoE] Layer 26: loading 1 expert(s)
[MoE] Layer 27: loading 1 expert(s)
[MoE] Layer 28: loading 1 expert(s)
[MoE] Layer 39: loading 1 expert(s)
[MoE] Layer 43: loading 1 expert(s)
[MoE] Layer 46: loading 2 expert(s)
[MoE] Layer 1: loading 3 expert(s)
[MoE] Layer 2: loading 1 expert(s)
[MoE] Layer 3: loading 2 expert(s)
[MoE] Layer 4: loading 1 expert(s)
[MoE] Layer 5: loading 1 expert(s)
[MoE] Layer 11: loading 2 expert(s)
[MoE] Layer 13: loading 2 expert(s)
[MoE] Layer 14: loading 1 expert(s)
[MoE] Layer 16: loading 1 expert(s)
[MoE] Layer 17: loading 1 expert(s)
[MoE] Layer 21: loading 1 expert(s)
[MoE] Layer 23: loading 3 expert(s)
[MoE] Layer 24: loading 1 expert(s)
[MoE] Layer 25: loading 3 expert(s)
[MoE] Layer 27: loading 1 expert(s)
[MoE] Layer 28: loading 1 expert(s)
[MoE] Layer 29: loading 1 expert(s)
[MoE] Layer 33: loading 1 expert(s)
[MoE] Layer 35: loading 3 expert(s)
[MoE] Layer 37: loading 1 expert(s)
[MoE] Layer 38: loading 1 expert(s)
[MoE] Layer 39: loading 1 expert(s)
[MoE] Layer 40: loading 1 expert(s)
[MoE] Layer 41: loading 1 expert(s)
[MoE] Layer 42: loading 3 expert(s)
[MoE] Layer 44: loading 1 expert(s)
[MoE] Layer 3: loading 2 expert(s)
[MoE] Layer 5: loading 1 expert(s)
[MoE] Layer 16: loading 1 expert(s)
[MoE] Layer 26: loading 1 expert(s)
[gen 15/149] elapsed=2.3s  TPS=6.494
[MoE] Layer 3: loading 1 expert(s)
[MoE] Layer 15: loading 1 expert(s)
[MoE] Layer 16: loading 1 expert(s)
[MoE] Layer 19: loading 1 expert(s)
[MoE] Layer 20: loading 1 expert(s)
[MoE] Layer 23: loading 2 expert(s)
[MoE] Layer 24: loading 1 expert(s)
[MoE] Layer 35: loading 1 expert(s)
[MoE] Layer 38: loading 1 expert(s)
[MoE] Layer 42: loading 1 expert(s)
[MoE] Layer 43: loading 1 expert(s)
[MoE] Layer 0: loading 3 expert(s)
[MoE] Layer 1: loading 1 expert(s)
[MoE] Layer 2: loading 1 expert(s)
[MoE] Layer 3: loading 1 expert(s)
[MoE] Layer 26: loading 1 expert(s)
[MoE] Layer 28: loading 1 expert(s)
[MoE] Layer 34: loading 1 expert(s)
[MoE] Layer 5: loading 1 expert(s)
[MoE] Layer 8: loading 1 expert(s)
[MoE] Layer 15: loading 1 expert(s)
[MoE] Layer 17: loading 1 expert(s)
[MoE] Layer 20: loading 1 expert(s)
[MoE] Layer 42: loading 1 expert(s)
[MoE] Layer 3: loading 1 expert(s)
[MoE] Layer 4: loading 1 expert(s)
[MoE] Layer 5: loading 1 expert(s)
[MoE] Layer 36: loading 1 expert(s)
[MoE] Layer 37: loading 1 expert(s)
[MoE] Layer 0: loading 1 expert(s)
[MoE] Layer 1: loading 1 expert(s)
[MoE] Layer 5: loading 2 expert(s)
[MoE] Layer 9: loading 1 expert(s)
[MoE] Layer 10: loading 3 expert(s)
[MoE] Layer 11: loading 1 expert(s)
[MoE] Layer 13: loading 1 expert(s)
[MoE] Layer 21: loading 1 expert(s)
[MoE] Layer 22: loading 1 expert(s)
[MoE] Layer 23: loading 1 expert(s)
[MoE] Layer 24: loading 1 expert(s)
[MoE] Layer 34: loading 1 expert(s)
[MoE] Layer 35: loading 1 expert(s)
[MoE] Layer 36: loading 1 expert(s)
[MoE] Layer 37: loading 2 expert(s)
[gen 20/149] elapsed=2.8s  TPS=7.264
[MoE] Layer 1: loading 1 expert(s)
[MoE] Layer 14: loading 1 expert(s)
[MoE] Layer 27: loading 1 expert(s)
[MoE] Layer 32: loading 1 expert(s)
[MoE] Layer 4: loading 1 expert(s)
[MoE] Layer 8: loading 1 expert(s)
[MoE] Layer 14: loading 1 expert(s)
[MoE] Layer 20: loading 1 expert(s)
[MoE] Layer 26: loading 1 expert(s)
[MoE] Layer 35: loading 1 expert(s)
[MoE] Layer 38: loading 1 expert(s)
[MoE] Layer 45: loading 1 expert(s)
[MoE] Layer 10: loading 1 expert(s)
[MoE] Layer 20: loading 2 expert(s)
[MoE] Layer 22: loading 1 expert(s)
[MoE] Layer 23: loading 2 expert(s)
[MoE] Layer 8: loading 2 expert(s)
[MoE] Layer 9: loading 2 expert(s)
[MoE] Layer 11: loading 1 expert(s)
[MoE] Layer 12: loading 1 expert(s)
[MoE] Layer 16: loading 1 expert(s)
[MoE] Layer 17: loading 1 expert(s)
[MoE] Layer 21: loading 1 expert(s)
[MoE] Layer 23: loading 1 expert(s)
[MoE] Layer 28: loading 1 expert(s)
[MoE] Layer 33: loading 1 expert(s)
[MoE] Layer 35: loading 1 expert(s)
[MoE] Layer 39: loading 1 expert(s)
[MoE] Layer 1: loading 3 expert(s)
[MoE] Layer 4: loading 1 expert(s)
[MoE] Layer 11: loading 1 expert(s)
[MoE] Layer 16: loading 1 expert(s)
[MoE] Layer 24: loading 2 expert(s)
[MoE] Layer 32: loading 1 expert(s)
[gen 25/149] elapsed=3.2s  TPS=7.931
[MoE] Layer 0: loading 3 expert(s)
[MoE] Layer 1: loading 2 expert(s)
[MoE] Layer 2: loading 2 expert(s)
[MoE] Layer 3: loading 1 expert(s)
[MoE] Layer 5: loading 3 expert(s)
[MoE] Layer 6: loading 1 expert(s)
[MoE] Layer 8: loading 1 expert(s)
[MoE] Layer 9: loading 2 expert(s)
[MoE] Layer 10: loading 2 expert(s)
[MoE] Layer 11: loading 1 expert(s)
[MoE] Layer 12: loading 2 expert(s)
[MoE] Layer 13: loading 3 expert(s)
[MoE] Layer 14: loading 2 expert(s)
[MoE] Layer 15: loading 2 expert(s)
[MoE] Layer 16: loading 1 expert(s)
[MoE] Layer 17: loading 2 expert(s)
[MoE] Layer 18: loading 1 expert(s)
[MoE] Layer 22: loading 1 expert(s)
[MoE] Layer 23: loading 1 expert(s)
[MoE] Layer 25: loading 1 expert(s)
[MoE] Layer 26: loading 2 expert(s)
[MoE] Layer 27: loading 1 expert(s)
[MoE] Layer 28: loading 2 expert(s)
[MoE] Layer 29: loading 2 expert(s)
[MoE] Layer 30: loading 1 expert(s)
[MoE] Layer 31: loading 1 expert(s)
[MoE] Layer 34: loading 1 expert(s)
[MoE] Layer 35: loading 2 expert(s)
[MoE] Layer 36: loading 1 expert(s)
[MoE] Layer 37: loading 4 expert(s)
[MoE] Layer 38: loading 1 expert(s)
[MoE] Layer 39: loading 2 expert(s)
[MoE] Layer 40: loading 2 expert(s)
[MoE] Layer 41: loading 3 expert(s)
[MoE] Layer 43: loading 1 expert(s)
[MoE] Layer 47: loading 1 expert(s)
[MoE] Layer 0: loading 4 expert(s)
[MoE] Layer 1: loading 2 expert(s)
[MoE] Layer 2: loading 1 expert(s)
[MoE] Layer 3: loading 3 expert(s)
[MoE] Layer 4: loading 1 expert(s)
[MoE] Layer 5: loading 1 expert(s)
[MoE] Layer 6: loading 1 expert(s)
[MoE] Layer 7: loading 1 expert(s)
[MoE] Layer 11: loading 1 expert(s)
[MoE] Layer 13: loading 2 expert(s)
[MoE] Layer 17: loading 2 expert(s)
[MoE] Layer 20: loading 1 expert(s)
[MoE] Layer 24: loading 1 expert(s)
[MoE] Layer 25: loading 2 expert(s)
[MoE] Layer 26: loading 2 expert(s)
[MoE] Layer 27: loading 2 expert(s)
[MoE] Layer 29: loading 2 expert(s)
[MoE] Layer 30: loading 1 expert(s)
[MoE] Layer 31: loading 1 expert(s)
[MoE] Layer 32: loading 1 expert(s)
[MoE] Layer 33: loading 1 expert(s)
[MoE] Layer 34: loading 1 expert(s)
[MoE] Layer 35: loading 2 expert(s)
[MoE] Layer 36: loading 2 expert(s)
[MoE] Layer 37: loading 3 expert(s)
[MoE] Layer 39: loading 3 expert(s)
[MoE] Layer 40: loading 1 expert(s)
[MoE] Layer 41: loading 2 expert(s)
[MoE] Layer 42: loading 3 expert(s)
[MoE] Layer 46: loading 1 expert(s)
[MoE] Layer 0: loading 5 expert(s)
[MoE] Layer 1: loading 1 expert(s)
[MoE] Layer 2: loading 2 expert(s)
[MoE] Layer 3: loading 4 expert(s)
[MoE] Layer 4: loading 2 expert(s)
[MoE] Layer 5: loading 3 expert(s)
[MoE] Layer 6: loading 1 expert(s)
[MoE] Layer 8: loading 3 expert(s)
[MoE] Layer 9: loading 1 expert(s)
[MoE] Layer 10: loading 3 expert(s)
[MoE] Layer 11: loading 4 expert(s)
[MoE] Layer 12: loading 1 expert(s)
[MoE] Layer 13: loading 1 expert(s)
[MoE] Layer 15: loading 2 expert(s)
[MoE] Layer 16: loading 1 expert(s)
[MoE] Layer 17: loading 1 expert(s)
[MoE] Layer 20: loading 1 expert(s)
[MoE] Layer 22: loading 2 expert(s)
[MoE] Layer 23: loading 3 expert(s)
[MoE] Layer 24: loading 1 expert(s)
[MoE] Layer 25: loading 2 expert(s)
[MoE] Layer 27: loading 1 expert(s)
[MoE] Layer 31: loading 1 expert(s)
[MoE] Layer 32: loading 2 expert(s)
[MoE] Layer 33: loading 1 expert(s)
[MoE] Layer 34: loading 2 expert(s)
[MoE] Layer 35: loading 1 expert(s)
[MoE] Layer 37: loading 1 expert(s)
[MoE] Layer 38: loading 1 expert(s)
[MoE] Layer 39: loading 1 expert(s)
[MoE] Layer 41: loading 2 expert(s)
[MoE] Layer 42: loading 2 expert(s)
[MoE] Layer 43: loading 1 expert(s)
[MoE] Layer 44: loading 1 expert(s)
[MoE] Layer 45: loading 1 expert(s)
[MoE] Layer 0: loading 1 expert(s)
[MoE] Layer 1: loading 2 expert(s)
[MoE] Layer 3: loading 1 expert(s)
[MoE] Layer 7: loading 2 expert(s)
[MoE] Layer 10: loading 2 expert(s)
[MoE] Layer 11: loading 1 expert(s)
[MoE] Layer 13: loading 1 expert(s)
[MoE] Layer 14: loading 2 expert(s)
[MoE] Layer 19: loading 1 expert(s)
[MoE] Layer 21: loading 1 expert(s)
[MoE] Layer 22: loading 1 expert(s)
[MoE] Layer 23: loading 1 expert(s)
[MoE] Layer 25: loading 2 expert(s)
[MoE] Layer 26: loading 1 expert(s)
[MoE] Layer 28: loading 1 expert(s)
[MoE] Layer 30: loading 1 expert(s)
[MoE] Layer 34: loading 2 expert(s)
[MoE] Layer 35: loading 2 expert(s)
[MoE] Layer 36: loading 1 expert(s)
[MoE] Layer 37: loading 1 expert(s)
[MoE] Layer 39: loading 1 expert(s)
[MoE] Layer 40: loading 1 expert(s)
[MoE] Layer 42: loading 1 expert(s)
[MoE] Layer 46: loading 1 expert(s)
[MoE] Layer 47: loading 1 expert(s)
[MoE] Layer 0: loading 1 expert(s)
[MoE] Layer 1: loading 1 expert(s)
[MoE] Layer 2: loading 2 expert(s)
[MoE] Layer 4: loading 1 expert(s)
[MoE] Layer 6: loading 1 expert(s)
[MoE] Layer 10: loading 2 expert(s)
[MoE] Layer 11: loading 2 expert(s)
[MoE] Layer 12: loading 1 expert(s)
[MoE] Layer 13: loading 1 expert(s)
[MoE] Layer 16: loading 1 expert(s)
[MoE] Layer 17: loading 1 expert(s)
[MoE] Layer 21: loading 1 expert(s)
[MoE] Layer 22: loading 3 expert(s)
[MoE] Layer 23: loading 2 expert(s)
[MoE] Layer 24: loading 2 expert(s)
[MoE] Layer 25: loading 1 expert(s)
[MoE] Layer 31: loading 1 expert(s)
[MoE] Layer 33: loading 1 expert(s)
[MoE] Layer 34: loading 2 expert(s)
[MoE] Layer 35: loading 1 expert(s)
[MoE] Layer 36: loading 1 expert(s)
[MoE] Layer 37: loading 1 expert(s)
[MoE] Layer 41: loading 1 expert(s)
[MoE] Layer 42: loading 1 expert(s)
[MoE] Layer 44: loading 2 expert(s)
[gen 30/149] elapsed=4.2s  TPS=7.210
[MoE] Layer 3: loading 2 expert(s)
[MoE] Layer 5: loading 1 expert(s)
[MoE] Layer 7: loading 1 expert(s)
[MoE] Layer 12: loading 1 expert(s)
[MoE] Layer 13: loading 1 expert(s)
[MoE] Layer 14: loading 2 expert(s)
[MoE] Layer 20: loading 1 expert(s)
[MoE] Layer 23: loading 1 expert(s)
[MoE] Layer 25: loading 2 expert(s)
[MoE] Layer 27: loading 1 expert(s)
[MoE] Layer 30: loading 1 expert(s)
[MoE] Layer 33: loading 1 expert(s)
[MoE] Layer 34: loading 1 expert(s)
[MoE] Layer 35: loading 1 expert(s)
[MoE] Layer 37: loading 1 expert(s)
[MoE] Layer 38: loading 1 expert(s)
[MoE] Layer 40: loading 2 expert(s)
[MoE] Layer 41: loading 1 expert(s)
[MoE] Layer 43: loading 1 expert(s)
[MoE] Layer 45: loading 1 expert(s)
[MoE] Layer 46: loading 1 expert(s)
[MoE] Layer 47: loading 1 expert(s)
[MoE] Layer 0: loading 1 expert(s)
[MoE] Layer 2: loading 1 expert(s)
[MoE] Layer 4: loading 1 expert(s)
[MoE] Layer 8: loading 1 expert(s)
[MoE] Layer 9: loading 1 expert(s)
[MoE] Layer 12: loading 3 expert(s)
[MoE] Layer 16: loading 1 expert(s)
[MoE] Layer 17: loading 1 expert(s)
[MoE] Layer 19: loading 1 expert(s)
[MoE] Layer 20: loading 1 expert(s)
[MoE] Layer 21: loading 2 expert(s)
[MoE] Layer 22: loading 2 expert(s)
[MoE] Layer 23: loading 1 expert(s)
[MoE] Layer 25: loading 1 expert(s)
[MoE] Layer 28: loading 1 expert(s)
[MoE] Layer 35: loading 2 expert(s)
[MoE] Layer 36: loading 2 expert(s)
[MoE] Layer 37: loading 1 expert(s)
[MoE] Layer 39: loading 1 expert(s)
[MoE] Layer 42: loading 1 expert(s)
[MoE] Layer 45: loading 1 expert(s)
[MoE] Layer 46: loading 1 expert(s)
[MoE] Layer 1: loading 1 expert(s)
[MoE] Layer 13: loading 1 expert(s)
[MoE] Layer 23: loading 1 expert(s)
[MoE] Layer 25: loading 1 expert(s)
[MoE] Layer 38: loading 1 expert(s)
[MoE] Layer 0: loading 2 expert(s)
[MoE] Layer 1: loading 1 expert(s)
[MoE] Layer 2: loading 1 expert(s)
[MoE] Layer 4: loading 1 expert(s)
[MoE] Layer 8: loading 1 expert(s)
[MoE] Layer 11: loading 1 expert(s)
[MoE] Layer 22: loading 1 expert(s)
[MoE] Layer 35: loading 1 expert(s)
[MoE] Layer 36: loading 1 expert(s)
[MoE] Layer 37: loading 2 expert(s)
[MoE] Layer 38: loading 2 expert(s)
[MoE] Layer 39: loading 3 expert(s)
[MoE] Layer 40: loading 3 expert(s)
[MoE] Layer 41: loading 1 expert(s)
[MoE] Layer 42: loading 2 expert(s)
[MoE] Layer 44: loading 1 expert(s)
[MoE] Layer 46: loading 1 expert(s)
[MoE] Layer 47: loading 4 expert(s)
[MoE] Layer 0: loading 1 expert(s)
[MoE] Layer 1: loading 3 expert(s)
[MoE] Layer 2: loading 1 expert(s)
[MoE] Layer 3: loading 1 expert(s)
[MoE] Layer 8: loading 1 expert(s)
[MoE] Layer 9: loading 1 expert(s)
[MoE] Layer 11: loading 1 expert(s)
[MoE] Layer 12: loading 1 expert(s)
[MoE] Layer 14: loading 1 expert(s)
[MoE] Layer 15: loading 1 expert(s)
[MoE] Layer 17: loading 1 expert(s)
[MoE] Layer 22: loading 1 expert(s)
[MoE] Layer 26: loading 2 expert(s)
[MoE] Layer 27: loading 1 expert(s)
[MoE] Layer 33: loading 1 expert(s)
[MoE] Layer 34: loading 1 expert(s)
[MoE] Layer 35: loading 2 expert(s)
[gen 35/149] elapsed=4.8s  TPS=7.306
[MoE] Layer 0: loading 3 expert(s)
[MoE] Layer 1: loading 2 expert(s)
[MoE] Layer 2: loading 1 expert(s)
[MoE] Layer 3: loading 1 expert(s)
[MoE] Layer 4: loading 1 expert(s)
[MoE] Layer 5: loading 1 expert(s)
[MoE] Layer 9: loading 1 expert(s)
[MoE] Layer 11: loading 1 expert(s)
[MoE] Layer 12: loading 1 expert(s)
[MoE] Layer 13: loading 1 expert(s)
[MoE] Layer 14: loading 1 expert(s)
[MoE] Layer 17: loading 1 expert(s)
[MoE] Layer 21: loading 1 expert(s)
[MoE] Layer 24: loading 2 expert(s)
[MoE] Layer 25: loading 1 expert(s)
[MoE] Layer 26: loading 1 expert(s)
[MoE] Layer 30: loading 1 expert(s)
[MoE] Layer 32: loading 2 expert(s)
[MoE] Layer 33: loading 2 expert(s)
[MoE] Layer 34: loading 1 expert(s)
[MoE] Layer 35: loading 1 expert(s)
[MoE] Layer 37: loading 1 expert(s)
[MoE] Layer 40: loading 2 expert(s)
[MoE] Layer 41: loading 3 expert(s)
[MoE] Layer 42: loading 1 expert(s)
[MoE] Layer 45: loading 2 expert(s)
[MoE] Layer 46: loading 1 expert(s)
[MoE] Layer 47: loading 2 expert(s)
[MoE] Layer 0: loading 2 expert(s)
[MoE] Layer 23: loading 1 expert(s)
[MoE] Layer 29: loading 1 expert(s)
[MoE] Layer 31: loading 1 expert(s)
[MoE] Layer 39: loading 1 expert(s)
[MoE] Layer 3: loading 1 expert(s)
[MoE] Layer 11: loading 1 expert(s)
[MoE] Layer 13: loading 1 expert(s)
[MoE] Layer 16: loading 1 expert(s)
[MoE] Layer 23: loading 1 expert(s)
[MoE] Layer 28: loading 1 expert(s)
[MoE] Layer 35: loading 1 expert(s)
[MoE] Layer 36: loading 1 expert(s)
[MoE] Layer 38: loading 1 expert(s)
[MoE] Layer 40: loading 1 expert(s)
[MoE] Layer 0: loading 2 expert(s)
[MoE] Layer 3: loading 2 expert(s)
[MoE] Layer 8: loading 1 expert(s)
[MoE] Layer 16: loading 1 expert(s)
[MoE] Layer 17: loading 2 expert(s)
[MoE] Layer 22: loading 1 expert(s)
[MoE] Layer 28: loading 1 expert(s)
[MoE] Layer 29: loading 1 expert(s)
[MoE] Layer 36: loading 1 expert(s)
[MoE] Layer 40: loading 1 expert(s)
[MoE] Layer 41: loading 1 expert(s)
[MoE] Layer 47: loading 1 expert(s)
[MoE] Layer 0: loading 1 expert(s)
[MoE] Layer 3: loading 1 expert(s)
[MoE] Layer 11: loading 1 expert(s)
[MoE] Layer 14: loading 1 expert(s)
[MoE] Layer 15: loading 1 expert(s)
[MoE] Layer 16: loading 1 expert(s)
[MoE] Layer 21: loading 1 expert(s)
[MoE] Layer 22: loading 1 expert(s)
[MoE] Layer 23: loading 1 expert(s)
[MoE] Layer 25: loading 1 expert(s)
[MoE] Layer 28: loading 1 expert(s)
[MoE] Layer 34: loading 1 expert(s)
[MoE] Layer 37: loading 1 expert(s)
[gen 40/149] elapsed=5.3s  TPS=7.486
[MoE] Layer 0: loading 1 expert(s)
[MoE] Layer 2: loading 1 expert(s)
[MoE] Layer 0: loading 3 expert(s)
[MoE] Layer 3: loading 1 expert(s)
[MoE] Layer 35: loading 1 expert(s)
[MoE] Layer 37: loading 1 expert(s)
[MoE] Layer 0: loading 1 expert(s)
[MoE] Layer 5: loading 1 expert(s)
[MoE] Layer 11: loading 1 expert(s)
[MoE] Layer 12: loading 1 expert(s)
[MoE] Layer 23: loading 1 expert(s)
[MoE] Layer 24: loading 1 expert(s)
[MoE] Layer 29: loading 1 expert(s)
[MoE] Layer 43: loading 1 expert(s)
[MoE] Layer 3: loading 1 expert(s)
[MoE] Layer 11: loading 2 expert(s)
[MoE] Layer 23: loading 1 expert(s)
[MoE] Layer 28: loading 1 expert(s)
[MoE] Layer 34: loading 1 expert(s)
[MoE] Layer 40: loading 1 expert(s)
[MoE] Layer 0: loading 2 expert(s)
[MoE] Layer 1: loading 1 expert(s)
[MoE] Layer 2: loading 1 expert(s)
[MoE] Layer 3: loading 1 expert(s)
[MoE] Layer 8: loading 1 expert(s)
[MoE] Layer 11: loading 1 expert(s)
[MoE] Layer 13: loading 1 expert(s)
[MoE] Layer 16: loading 1 expert(s)
[MoE] Layer 17: loading 1 expert(s)
[MoE] Layer 20: loading 1 expert(s)
[MoE] Layer 22: loading 1 expert(s)
[MoE] Layer 25: loading 1 expert(s)
[MoE] Layer 28: loading 1 expert(s)
[MoE] Layer 32: loading 1 expert(s)
[MoE] Layer 35: loading 1 expert(s)
[MoE] Layer 37: loading 2 expert(s)
[MoE] Layer 38: loading 1 expert(s)
[MoE] Layer 39: loading 1 expert(s)
[MoE] Layer 41: loading 2 expert(s)
[MoE] Layer 44: loading 1 expert(s)
[MoE] Layer 46: loading 1 expert(s)
[MoE] Layer 47: loading 1 expert(s)
[gen 45/149] elapsed=5.8s  TPS=7.792
[MoE] Layer 0: loading 1 expert(s)
[MoE] Layer 1: loading 1 expert(s)
[MoE] Layer 2: loading 1 expert(s)
[MoE] Layer 4: loading 1 expert(s)
[MoE] Layer 5: loading 1 expert(s)
[MoE] Layer 8: loading 2 expert(s)
[MoE] Layer 10: loading 1 expert(s)
[MoE] Layer 13: loading 1 expert(s)
[MoE] Layer 20: loading 2 expert(s)
[MoE] Layer 22: loading 1 expert(s)
[MoE] Layer 36: loading 1 expert(s)
[MoE] Layer 37: loading 1 expert(s)
[MoE] Layer 0: loading 5 expert(s)
[MoE] Layer 4: loading 1 expert(s)
[MoE] Layer 13: loading 1 expert(s)
[MoE] Layer 23: loading 1 expert(s)
[MoE] Layer 35: loading 1 expert(s)
[MoE] Layer 0: loading 1 expert(s)
[MoE] Layer 15: loading 1 expert(s)
[MoE] Layer 24: loading 1 expert(s)
[MoE] Layer 27: loading 2 expert(s)
[MoE] Layer 32: loading 1 expert(s)
[MoE] Layer 0: loading 2 expert(s)
[MoE] Layer 1: loading 3 expert(s)
[MoE] Layer 6: loading 1 expert(s)
[MoE] Layer 7: loading 1 expert(s)
[MoE] Layer 14: loading 1 expert(s)
[MoE] Layer 33: loading 1 expert(s)
[MoE] Layer 35: loading 2 expert(s)
[MoE] Layer 37: loading 1 expert(s)
[MoE] Layer 47: loading 1 expert(s)
[MoE] Layer 0: loading 1 expert(s)
[MoE] Layer 4: loading 1 expert(s)
[MoE] Layer 9: loading 1 expert(s)
[MoE] Layer 13: loading 2 expert(s)
[MoE] Layer 23: loading 1 expert(s)
[MoE] Layer 25: loading 1 expert(s)
[MoE] Layer 27: loading 1 expert(s)
[MoE] Layer 35: loading 1 expert(s)
[gen 50/149] elapsed=6.2s  TPS=8.061
[MoE] Layer 0: loading 1 expert(s)
[MoE] Layer 1: loading 1 expert(s)
[MoE] Layer 11: loading 1 expert(s)
[MoE] Layer 21: loading 1 expert(s)
[MoE] Layer 23: loading 3 expert(s)
[MoE] Layer 25: loading 1 expert(s)
[MoE] Layer 35: loading 1 expert(s)
[MoE] Layer 37: loading 1 expert(s)
[MoE] Layer 40: loading 1 expert(s)
[MoE] Layer 0: loading 1 expert(s)
[MoE] Layer 1: loading 1 expert(s)
[MoE] Layer 2: loading 1 expert(s)
[MoE] Layer 3: loading 1 expert(s)
[MoE] Layer 9: loading 1 expert(s)
[MoE] Layer 10: loading 2 expert(s)
[MoE] Layer 11: loading 1 expert(s)
[MoE] Layer 12: loading 1 expert(s)
[MoE] Layer 13: loading 1 expert(s)
[MoE] Layer 15: loading 1 expert(s)
[MoE] Layer 22: loading 1 expert(s)
[MoE] Layer 25: loading 2 expert(s)
[MoE] Layer 27: loading 1 expert(s)
[MoE] Layer 29: loading 1 expert(s)
[MoE] Layer 32: loading 1 expert(s)
[MoE] Layer 33: loading 1 expert(s)
[MoE] Layer 34: loading 1 expert(s)
[MoE] Layer 35: loading 1 expert(s)
[MoE] Layer 44: loading 1 expert(s)
[MoE] Layer 46: loading 1 expert(s)
[MoE] Layer 0: loading 2 expert(s)
[MoE] Layer 2: loading 1 expert(s)
[MoE] Layer 5: loading 1 expert(s)
[MoE] Layer 16: loading 1 expert(s)
[MoE] Layer 17: loading 1 expert(s)
[MoE] Layer 22: loading 1 expert(s)
[MoE] Layer 23: loading 1 expert(s)
[MoE] Layer 29: loading 1 expert(s)
[MoE] Layer 38: loading 1 expert(s)
[MoE] Layer 0: loading 1 expert(s)
[gen 55/149] elapsed=6.6s  TPS=8.308
[MoE] Layer 0: loading 1 expert(s)
[MoE] Layer 1: loading 1 expert(s)
[MoE] Layer 3: loading 1 expert(s)
[MoE] Layer 5: loading 1 expert(s)
[MoE] Layer 11: loading 1 expert(s)
[MoE] Layer 20: loading 1 expert(s)
[MoE] Layer 23: loading 1 expert(s)
[MoE] Layer 37: loading 1 expert(s)
[MoE] Layer 1: loading 1 expert(s)
[MoE] Layer 11: loading 1 expert(s)
[MoE] Layer 22: loading 1 expert(s)
[MoE] Layer 29: loading 1 expert(s)
[MoE] Layer 35: loading 1 expert(s)
[MoE] Layer 0: loading 2 expert(s)
[MoE] Layer 1: loading 2 expert(s)
[MoE] Layer 23: loading 1 expert(s)
[MoE] Layer 32: loading 1 expert(s)
[MoE] Layer 3: loading 1 expert(s)
[MoE] Layer 5: loading 1 expert(s)
[MoE] Layer 6: loading 1 expert(s)
[MoE] Layer 8: loading 1 expert(s)
[MoE] Layer 13: loading 1 expert(s)
[MoE] Layer 17: loading 1 expert(s)
[MoE] Layer 20: loading 1 expert(s)
[MoE] Layer 28: loading 1 expert(s)
[MoE] Layer 29: loading 1 expert(s)
[MoE] Layer 30: loading 1 expert(s)
[MoE] Layer 31: loading 1 expert(s)
[MoE] Layer 32: loading 1 expert(s)
[MoE] Layer 36: loading 1 expert(s)
[MoE] Layer 47: loading 1 expert(s)
[MoE] Layer 0: loading 1 expert(s)
[MoE] Layer 3: loading 1 expert(s)
[MoE] Layer 4: loading 1 expert(s)
[MoE] Layer 5: loading 1 expert(s)
[MoE] Layer 14: loading 1 expert(s)
[MoE] Layer 17: loading 1 expert(s)
[MoE] Layer 19: loading 2 expert(s)
[MoE] Layer 23: loading 1 expert(s)
[MoE] Layer 25: loading 1 expert(s)
[MoE] Layer 29: loading 1 expert(s)
[MoE] Layer 34: loading 1 expert(s)
[MoE] Layer 35: loading 1 expert(s)
[MoE] Layer 37: loading 1 expert(s)
[MoE] Layer 40: loading 1 expert(s)
[MoE] Layer 41: loading 1 expert(s)
[MoE] Layer 45: loading 1 expert(s)
[gen 60/149] elapsed=7.1s  TPS=8.477
[MoE] Layer 11: loading 1 expert(s)
[MoE] Layer 15: loading 2 expert(s)
[MoE] Layer 18: loading 1 expert(s)
[MoE] Layer 19: loading 1 expert(s)
[MoE] Layer 22: loading 1 expert(s)
[MoE] Layer 24: loading 1 expert(s)
[MoE] Layer 30: loading 1 expert(s)
[MoE] Layer 35: loading 1 expert(s)
[MoE] Layer 1: loading 2 expert(s)
[MoE] Layer 2: loading 1 expert(s)
[MoE] Layer 3: loading 2 expert(s)
[MoE] Layer 8: loading 1 expert(s)
[MoE] Layer 13: loading 1 expert(s)
[MoE] Layer 16: loading 1 expert(s)
[MoE] Layer 20: loading 1 expert(s)
[MoE] Layer 23: loading 1 expert(s)
[MoE] Layer 25: loading 1 expert(s)
[MoE] Layer 35: loading 2 expert(s)
[MoE] Layer 37: loading 2 expert(s)
[MoE] Layer 38: loading 1 expert(s)
[MoE] Layer 43: loading 1 expert(s)
[MoE] Layer 1: loading 1 expert(s)
[MoE] Layer 2: loading 1 expert(s)
[MoE] Layer 3: loading 2 expert(s)
[MoE] Layer 4: loading 2 expert(s)
[MoE] Layer 11: loading 1 expert(s)
[MoE] Layer 35: loading 1 expert(s)
[MoE] Layer 8: loading 1 expert(s)
[MoE] Layer 15: loading 1 expert(s)
[MoE] Layer 23: loading 1 expert(s)
[MoE] Layer 35: loading 1 expert(s)
[MoE] Layer 36: loading 1 expert(s)
[MoE] Layer 43: loading 1 expert(s)
[MoE] Layer 1: loading 2 expert(s)
[MoE] Layer 4: loading 1 expert(s)
[MoE] Layer 5: loading 1 expert(s)
[MoE] Layer 10: loading 1 expert(s)
[MoE] Layer 11: loading 1 expert(s)
[MoE] Layer 13: loading 1 expert(s)
[MoE] Layer 18: loading 1 expert(s)
[MoE] Layer 22: loading 1 expert(s)
[MoE] Layer 23: loading 1 expert(s)
[MoE] Layer 25: loading 1 expert(s)
[MoE] Layer 29: loading 1 expert(s)
[MoE] Layer 40: loading 1 expert(s)
[MoE] Layer 42: loading 1 expert(s)
[gen 65/149] elapsed=7.5s  TPS=8.630
[MoE] Layer 1: loading 2 expert(s)
[MoE] Layer 3: loading 2 expert(s)
[MoE] Layer 29: loading 1 expert(s)
[MoE] Layer 40: loading 1 expert(s)
[MoE] Layer 0: loading 1 expert(s)
[MoE] Layer 4: loading 1 expert(s)
[MoE] Layer 13: loading 1 expert(s)
[MoE] Layer 16: loading 1 expert(s)
[MoE] Layer 29: loading 1 expert(s)
[MoE] Layer 3: loading 1 expert(s)
[MoE] Layer 5: loading 1 expert(s)
[MoE] Layer 25: loading 1 expert(s)
[MoE] Layer 3: loading 1 expert(s)
[MoE] Layer 22: loading 1 expert(s)
[MoE] Layer 23: loading 1 expert(s)
[MoE] Layer 3: loading 1 expert(s)
[gen 70/149] elapsed=7.9s  TPS=8.913
[MoE] Layer 1: loading 1 expert(s)
[MoE] Layer 17: loading 1 expert(s)
[MoE] Layer 37: loading 1 expert(s)
[MoE] Layer 1: loading 1 expert(s)
[MoE] Layer 13: loading 1 expert(s)
[MoE] Layer 35: loading 1 expert(s)
[MoE] Layer 2: loading 1 expert(s)
[MoE] Layer 3: loading 1 expert(s)
[MoE] Layer 4: loading 1 expert(s)
[MoE] Layer 5: loading 1 expert(s)
[MoE] Layer 12: loading 1 expert(s)
[MoE] Layer 16: loading 1 expert(s)
[MoE] Layer 18: loading 1 expert(s)
[MoE] Layer 25: loading 1 expert(s)
[MoE] Layer 28: loading 1 expert(s)
[MoE] Layer 29: loading 1 expert(s)
[MoE] Layer 34: loading 1 expert(s)
[MoE] Layer 37: loading 1 expert(s)
[MoE] Layer 38: loading 1 expert(s)
[MoE] Layer 46: loading 1 expert(s)
[MoE] Layer 13: loading 1 expert(s)
[MoE] Layer 22: loading 1 expert(s)
[MoE] Layer 39: loading 1 expert(s)
[MoE] Layer 34: loading 2 expert(s)
[MoE] Layer 42: loading 1 expert(s)
[gen 75/149] elapsed=8.2s  TPS=9.140
[MoE] Layer 0: loading 1 expert(s)
[MoE] Layer 10: loading 1 expert(s)
[MoE] Layer 15: loading 1 expert(s)
[MoE] Layer 17: loading 1 expert(s)
[MoE] Layer 22: loading 1 expert(s)
[MoE] Layer 34: loading 1 expert(s)
[MoE] Layer 12: loading 1 expert(s)
[MoE] Layer 16: loading 1 expert(s)
[MoE] Layer 24: loading 1 expert(s)
[MoE] Layer 36: loading 2 expert(s)
[MoE] Layer 38: loading 1 expert(s)
[MoE] Layer 4: loading 1 expert(s)
[MoE] Layer 13: loading 1 expert(s)
[MoE] Layer 20: loading 1 expert(s)
[MoE] Layer 23: loading 1 expert(s)
[MoE] Layer 4: loading 1 expert(s)
[MoE] Layer 26: loading 1 expert(s)
[MoE] Layer 35: loading 1 expert(s)
[gen 80/149] elapsed=8.5s  TPS=9.375
[MoE] Layer 5: loading 1 expert(s)
[MoE] Layer 23: loading 1 expert(s)
[MoE] Layer 1: loading 1 expert(s)
[MoE] Layer 3: loading 1 expert(s)
[MoE] Layer 10: loading 1 expert(s)
[MoE] Layer 25: loading 1 expert(s)
[MoE] Layer 3: loading 1 expert(s)
[MoE] Layer 5: loading 1 expert(s)
[MoE] Layer 9: loading 1 expert(s)
[MoE] Layer 1: loading 1 expert(s)
[MoE] Layer 3: loading 1 expert(s)
[MoE] Layer 14: loading 1 expert(s)
[MoE] Layer 33: loading 1 expert(s)
[MoE] Layer 34: loading 1 expert(s)
[MoE] Layer 38: loading 1 expert(s)
[MoE] Layer 43: loading 1 expert(s)
[MoE] Layer 0: loading 1 expert(s)
[gen 85/149] elapsed=8.9s  TPS=9.591
[MoE] Layer 9: loading 1 expert(s)
[MoE] Layer 13: loading 1 expert(s)
[MoE] Layer 26: loading 1 expert(s)
[MoE] Layer 34: loading 1 expert(s)
[MoE] Layer 37: loading 1 expert(s)
[MoE] Layer 40: loading 1 expert(s)
[MoE] Layer 0: loading 2 expert(s)
[MoE] Layer 1: loading 1 expert(s)
[MoE] Layer 3: loading 1 expert(s)
[MoE] Layer 35: loading 1 expert(s)
[MoE] Layer 1: loading 1 expert(s)
[MoE] Layer 3: loading 1 expert(s)
[MoE] Layer 23: loading 1 expert(s)
[MoE] Layer 35: loading 1 expert(s)
[MoE] Layer 37: loading 1 expert(s)
[MoE] Layer 1: loading 1 expert(s)
[MoE] Layer 10: loading 1 expert(s)
[MoE] Layer 35: loading 1 expert(s)
[MoE] Layer 37: loading 1 expert(s)
[MoE] Layer 38: loading 1 expert(s)
[MoE] Layer 5: loading 2 expert(s)
[MoE] Layer 10: loading 1 expert(s)
[MoE] Layer 11: loading 1 expert(s)
[MoE] Layer 21: loading 2 expert(s)
[MoE] Layer 22: loading 1 expert(s)
[MoE] Layer 25: loading 1 expert(s)
[MoE] Layer 37: loading 1 expert(s)
[gen 90/149] elapsed=9.2s  TPS=9.737
[MoE] Layer 1: loading 1 expert(s)
[MoE] Layer 2: loading 1 expert(s)
[MoE] Layer 3: loading 1 expert(s)
[MoE] Layer 4: loading 1 expert(s)
[MoE] Layer 11: loading 2 expert(s)
[MoE] Layer 0: loading 1 expert(s)
[MoE] Layer 1: loading 1 expert(s)
[MoE] Layer 3: loading 1 expert(s)
[MoE] Layer 10: loading 1 expert(s)
[MoE] Layer 16: loading 1 expert(s)
[MoE] Layer 31: loading 1 expert(s)
[MoE] Layer 1: loading 1 expert(s)
[MoE] Layer 3: loading 1 expert(s)
[MoE] Layer 6: loading 1 expert(s)
[MoE] Layer 17: loading 1 expert(s)
[MoE] Layer 42: loading 1 expert(s)
[MoE] Layer 3: loading 1 expert(s)
[MoE] Layer 8: loading 1 expert(s)
[MoE] Layer 10: loading 1 expert(s)
[MoE] Layer 17: loading 1 expert(s)
[MoE] Layer 22: loading 1 expert(s)
[MoE] Layer 24: loading 1 expert(s)
[MoE] Layer 25: loading 1 expert(s)
[MoE] Layer 27: loading 1 expert(s)
[MoE] Layer 32: loading 1 expert(s)
[MoE] Layer 35: loading 1 expert(s)
[MoE] Layer 37: loading 1 expert(s)
[MoE] Layer 40: loading 1 expert(s)
[MoE] Layer 46: loading 1 expert(s)
[gen 95/149] elapsed=9.6s  TPS=9.864
[MoE] Layer 0: loading 1 expert(s)
[MoE] Layer 22: loading 1 expert(s)
[MoE] Layer 24: loading 1 expert(s)
[MoE] Layer 34: loading 1 expert(s)
[MoE] Layer 38: loading 1 expert(s)
[MoE] Layer 4: loading 1 expert(s)
[MoE] Layer 27: loading 1 expert(s)
[MoE] Layer 30: loading 1 expert(s)
[MoE] Layer 17: loading 1 expert(s)
[MoE] Layer 22: loading 1 expert(s)
[MoE] Layer 23: loading 1 expert(s)
[MoE] Layer 25: loading 2 expert(s)
[MoE] Layer 36: loading 1 expert(s)
[MoE] Layer 39: loading 3 expert(s)
[MoE] Layer 41: loading 1 expert(s)
[MoE] Layer 43: loading 1 expert(s)
[MoE] Layer 13: loading 1 expert(s)
[MoE] Layer 20: loading 1 expert(s)
[MoE] Layer 27: loading 1 expert(s)
[MoE] Layer 32: loading 2 expert(s)
[MoE] Layer 37: loading 1 expert(s)
[MoE] Layer 25: loading 1 expert(s)
[MoE] Layer 46: loading 1 expert(s)
[gen 100/149] elapsed=10.0s  TPS=10.002
[MoE] Layer 4: loading 1 expert(s)
[MoE] Layer 25: loading 1 expert(s)
[MoE] Layer 27: loading 1 expert(s)
[MoE] Layer 28: loading 1 expert(s)
[MoE] Layer 32: loading 1 expert(s)
[MoE] Layer 33: loading 1 expert(s)
[MoE] Layer 34: loading 2 expert(s)
[MoE] Layer 37: loading 1 expert(s)
[MoE] Layer 2: loading 1 expert(s)
[MoE] Layer 4: loading 1 expert(s)
[MoE] Layer 10: loading 1 expert(s)
[MoE] Layer 25: loading 1 expert(s)
[MoE] Layer 35: loading 1 expert(s)
[MoE] Layer 0: loading 1 expert(s)
[MoE] Layer 11: loading 1 expert(s)
[MoE] Layer 16: loading 1 expert(s)
[MoE] Layer 47: loading 1 expert(s)
[MoE] Layer 0: loading 1 expert(s)
[MoE] Layer 1: loading 2 expert(s)
[MoE] Layer 3: loading 2 expert(s)
[MoE] Layer 15: loading 1 expert(s)
[MoE] Layer 17: loading 1 expert(s)
[MoE] Layer 3: loading 1 expert(s)
[MoE] Layer 8: loading 1 expert(s)
[MoE] Layer 11: loading 1 expert(s)
[MoE] Layer 24: loading 1 expert(s)
[gen 105/149] elapsed=10.4s  TPS=10.121
[MoE] Layer 0: loading 4 expert(s)
[MoE] Layer 1: loading 2 expert(s)
[MoE] Layer 2: loading 1 expert(s)
[MoE] Layer 3: loading 1 expert(s)
[MoE] Layer 4: loading 2 expert(s)
[MoE] Layer 12: loading 1 expert(s)
[MoE] Layer 13: loading 1 expert(s)
[MoE] Layer 25: loading 1 expert(s)
[MoE] Layer 37: loading 2 expert(s)
[MoE] Layer 0: loading 3 expert(s)
[MoE] Layer 1: loading 3 expert(s)
[MoE] Layer 3: loading 2 expert(s)
[MoE] Layer 5: loading 1 expert(s)
[MoE] Layer 11: loading 1 expert(s)
[MoE] Layer 18: loading 1 expert(s)
[MoE] Layer 23: loading 1 expert(s)
[MoE] Layer 35: loading 1 expert(s)
[MoE] Layer 1: loading 1 expert(s)
[MoE] Layer 5: loading 1 expert(s)
[MoE] Layer 1: loading 1 expert(s)
[MoE] Layer 10: loading 1 expert(s)
[MoE] Layer 12: loading 2 expert(s)
[MoE] Layer 15: loading 1 expert(s)
[MoE] Layer 29: loading 1 expert(s)
[MoE] Layer 37: loading 1 expert(s)
[MoE] Layer 39: loading 1 expert(s)
[MoE] Layer 43: loading 1 expert(s)
[MoE] Layer 0: loading 2 expert(s)
[MoE] Layer 1: loading 1 expert(s)
[MoE] Layer 17: loading 1 expert(s)
[MoE] Layer 23: loading 1 expert(s)
[MoE] Layer 24: loading 1 expert(s)
[MoE] Layer 29: loading 1 expert(s)
[MoE] Layer 36: loading 1 expert(s)
[MoE] Layer 42: loading 1 expert(s)
[gen 110/149] elapsed=10.8s  TPS=10.183
[MoE] Layer 1: loading 1 expert(s)
[MoE] Layer 3: loading 2 expert(s)
[MoE] Layer 5: loading 1 expert(s)
[MoE] Layer 8: loading 1 expert(s)
[MoE] Layer 11: loading 1 expert(s)
[MoE] Layer 17: loading 1 expert(s)
[MoE] Layer 28: loading 2 expert(s)
[MoE] Layer 29: loading 1 expert(s)
[MoE] Layer 36: loading 1 expert(s)
[MoE] Layer 37: loading 2 expert(s)
[MoE] Layer 38: loading 1 expert(s)
[MoE] Layer 39: loading 1 expert(s)
[MoE] Layer 41: loading 1 expert(s)
[MoE] Layer 42: loading 1 expert(s)
[MoE] Layer 44: loading 1 expert(s)
[MoE] Layer 47: loading 1 expert(s)
[MoE] Layer 0: loading 1 expert(s)
[MoE] Layer 1: loading 3 expert(s)
[MoE] Layer 0: loading 2 expert(s)
[MoE] Layer 1: loading 1 expert(s)
[MoE] Layer 0: loading 1 expert(s)
[MoE] Layer 3: loading 1 expert(s)
[MoE] Layer 5: loading 1 expert(s)
[MoE] Layer 6: loading 1 expert(s)
[MoE] Layer 10: loading 1 expert(s)
[MoE] Layer 12: loading 2 expert(s)
[MoE] Layer 16: loading 1 expert(s)
[MoE] Layer 22: loading 1 expert(s)
[MoE] Layer 24: loading 2 expert(s)
[MoE] Layer 28: loading 1 expert(s)
[MoE] Layer 32: loading 1 expert(s)
[MoE] Layer 34: loading 1 expert(s)
[MoE] Layer 36: loading 2 expert(s)
[MoE] Layer 40: loading 1 expert(s)
[MoE] Layer 0: loading 1 expert(s)
[MoE] Layer 1: loading 3 expert(s)
[MoE] Layer 10: loading 1 expert(s)
[MoE] Layer 11: loading 1 expert(s)
[MoE] Layer 12: loading 1 expert(s)
[MoE] Layer 14: loading 1 expert(s)
[MoE] Layer 22: loading 1 expert(s)
[MoE] Layer 23: loading 2 expert(s)
[MoE] Layer 24: loading 2 expert(s)
[MoE] Layer 26: loading 1 expert(s)
[MoE] Layer 29: loading 1 expert(s)
[MoE] Layer 34: loading 1 expert(s)
[MoE] Layer 35: loading 1 expert(s)
[MoE] Layer 47: loading 1 expert(s)
[gen 115/149] elapsed=11.3s  TPS=10.186
[MoE] Layer 0: loading 1 expert(s)
[MoE] Layer 1: loading 1 expert(s)
[MoE] Layer 11: loading 1 expert(s)
[MoE] Layer 35: loading 1 expert(s)
[MoE] Layer 0: loading 1 expert(s)
[MoE] Layer 1: loading 1 expert(s)
[MoE] Layer 3: loading 1 expert(s)
[MoE] Layer 12: loading 2 expert(s)
[MoE] Layer 27: loading 1 expert(s)
[MoE] Layer 35: loading 1 expert(s)
[MoE] Layer 2: loading 1 expert(s)
[MoE] Layer 3: loading 1 expert(s)
[MoE] Layer 6: loading 1 expert(s)
[MoE] Layer 11: loading 1 expert(s)
[MoE] Layer 13: loading 1 expert(s)
[MoE] Layer 22: loading 1 expert(s)
[MoE] Layer 23: loading 1 expert(s)
[MoE] Layer 28: loading 1 expert(s)
[MoE] Layer 32: loading 1 expert(s)
[MoE] Layer 34: loading 1 expert(s)
[MoE] Layer 40: loading 1 expert(s)
[MoE] Layer 11: loading 1 expert(s)
[MoE] Layer 16: loading 1 expert(s)
[MoE] Layer 20: loading 1 expert(s)
[MoE] Layer 23: loading 1 expert(s)
[MoE] Layer 38: loading 1 expert(s)
[MoE] Layer 10: loading 1 expert(s)
[MoE] Layer 21: loading 1 expert(s)
[MoE] Layer 23: loading 1 expert(s)
[MoE] Layer 34: loading 1 expert(s)
[MoE] Layer 42: loading 1 expert(s)
[gen 120/149] elapsed=11.7s  TPS=10.270
[MoE] Layer 1: loading 1 expert(s)
[MoE] Layer 12: loading 1 expert(s)
[MoE] Layer 16: loading 1 expert(s)
[MoE] Layer 47: loading 1 expert(s)
[MoE] Layer 0: loading 1 expert(s)
[MoE] Layer 3: loading 1 expert(s)
[MoE] Layer 11: loading 1 expert(s)
[MoE] Layer 13: loading 1 expert(s)
[MoE] Layer 23: loading 1 expert(s)
[MoE] Layer 0: loading 1 expert(s)
[MoE] Layer 1: loading 1 expert(s)
[MoE] Layer 3: loading 1 expert(s)
[MoE] Layer 5: loading 1 expert(s)
[MoE] Layer 11: loading 1 expert(s)
[MoE] Layer 0: loading 2 expert(s)
[MoE] Layer 1: loading 1 expert(s)
[MoE] Layer 3: loading 2 expert(s)
[MoE] Layer 11: loading 1 expert(s)
[MoE] Layer 14: loading 1 expert(s)
[MoE] Layer 23: loading 1 expert(s)
[MoE] Layer 34: loading 1 expert(s)
[MoE] Layer 35: loading 1 expert(s)
[MoE] Layer 0: loading 1 expert(s)
[MoE] Layer 3: loading 1 expert(s)
[MoE] Layer 8: loading 1 expert(s)
[MoE] Layer 9: loading 1 expert(s)
[MoE] Layer 35: loading 1 expert(s)
[MoE] Layer 45: loading 1 expert(s)
[gen 125/149] elapsed=12.1s  TPS=10.363
[MoE] Layer 3: loading 1 expert(s)
[MoE] Layer 4: loading 1 expert(s)
[MoE] Layer 9: loading 1 expert(s)
[MoE] Layer 36: loading 1 expert(s)
[MoE] Layer 0: loading 1 expert(s)
[MoE] Layer 1: loading 1 expert(s)
[MoE] Layer 3: loading 1 expert(s)
[MoE] Layer 10: loading 1 expert(s)
[MoE] Layer 23: loading 1 expert(s)
[MoE] Layer 31: loading 1 expert(s)
[MoE] Layer 34: loading 1 expert(s)
[MoE] Layer 0: loading 1 expert(s)
[MoE] Layer 3: loading 1 expert(s)
[MoE] Layer 17: loading 1 expert(s)
[MoE] Layer 23: loading 1 expert(s)
[MoE] Layer 27: loading 1 expert(s)
[MoE] Layer 0: loading 2 expert(s)
[MoE] Layer 1: loading 1 expert(s)
[MoE] Layer 3: loading 1 expert(s)
[MoE] Layer 10: loading 1 expert(s)
[MoE] Layer 12: loading 2 expert(s)
[MoE] Layer 32: loading 1 expert(s)
[MoE] Layer 36: loading 1 expert(s)
[MoE] Layer 39: loading 1 expert(s)
[MoE] Layer 0: loading 3 expert(s)
[MoE] Layer 1: loading 1 expert(s)
[MoE] Layer 3: loading 2 expert(s)
[MoE] Layer 4: loading 1 expert(s)
[MoE] Layer 11: loading 1 expert(s)
[MoE] Layer 16: loading 1 expert(s)
[MoE] Layer 17: loading 2 expert(s)
[MoE] Layer 23: loading 1 expert(s)
[MoE] Layer 34: loading 1 expert(s)
[MoE] Layer 44: loading 1 expert(s)
[gen 130/149] elapsed=12.5s  TPS=10.426
[MoE] Layer 0: loading 2 expert(s)
[MoE] Layer 3: loading 1 expert(s)
[MoE] Layer 42: loading 1 expert(s)
[MoE] Layer 0: loading 1 expert(s)
[MoE] Layer 2: loading 1 expert(s)
[MoE] Layer 4: loading 1 expert(s)
[MoE] Layer 5: loading 1 expert(s)
[MoE] Layer 23: loading 2 expert(s)
[MoE] Layer 3: loading 1 expert(s)
[MoE] Layer 16: loading 1 expert(s)
[MoE] Layer 17: loading 1 expert(s)
[MoE] Layer 21: loading 1 expert(s)
[MoE] Layer 24: loading 1 expert(s)
[MoE] Layer 28: loading 1 expert(s)
[MoE] Layer 0: loading 1 expert(s)
[MoE] Layer 1: loading 1 expert(s)
[MoE] Layer 7: loading 1 expert(s)
[MoE] Layer 23: loading 1 expert(s)
[MoE] Layer 33: loading 1 expert(s)
[MoE] Layer 40: loading 1 expert(s)
[MoE] Layer 2: loading 1 expert(s)
[MoE] Layer 4: loading 1 expert(s)
[MoE] Layer 7: loading 1 expert(s)
[MoE] Layer 9: loading 1 expert(s)
[MoE] Layer 11: loading 1 expert(s)
[MoE] Layer 35: loading 1 expert(s)
[gen 135/149] elapsed=12.8s  TPS=10.512
[MoE] Layer 9: loading 1 expert(s)
[MoE] Layer 11: loading 1 expert(s)
[MoE] Layer 12: loading 1 expert(s)
[MoE] Layer 21: loading 1 expert(s)
[MoE] Layer 22: loading 1 expert(s)
[MoE] Layer 23: loading 1 expert(s)
[MoE] Layer 24: loading 1 expert(s)
[MoE] Layer 25: loading 1 expert(s)
[MoE] Layer 29: loading 1 expert(s)
[MoE] Layer 33: loading 1 expert(s)
[MoE] Layer 34: loading 1 expert(s)
[MoE] Layer 35: loading 2 expert(s)
[MoE] Layer 44: loading 1 expert(s)
[MoE] Layer 0: loading 2 expert(s)
[MoE] Layer 10: loading 1 expert(s)
[MoE] Layer 22: loading 1 expert(s)
[MoE] Layer 25: loading 1 expert(s)
[MoE] Layer 32: loading 1 expert(s)
[MoE] Layer 34: loading 3 expert(s)
[MoE] Layer 35: loading 2 expert(s)
[MoE] Layer 36: loading 1 expert(s)
[MoE] Layer 37: loading 2 expert(s)
[MoE] Layer 38: loading 1 expert(s)
[MoE] Layer 40: loading 1 expert(s)
[MoE] Layer 41: loading 2 expert(s)
[MoE] Layer 45: loading 1 expert(s)
[MoE] Layer 46: loading 1 expert(s)
[MoE] Layer 4: loading 1 expert(s)
[MoE] Layer 10: loading 2 expert(s)
[MoE] Layer 28: loading 1 expert(s)
[MoE] Layer 34: loading 1 expert(s)
[MoE] Layer 0: loading 1 expert(s)
[MoE] Layer 1: loading 1 expert(s)
[MoE] Layer 11: loading 1 expert(s)
[gen 140/149] elapsed=13.3s  TPS=10.559
[MoE] Layer 3: loading 1 expert(s)
[MoE] Layer 32: loading 1 expert(s)
[MoE] Layer 1: loading 2 expert(s)
[MoE] Layer 11: loading 1 expert(s)
[MoE] Layer 12: loading 1 expert(s)
[MoE] Layer 34: loading 1 expert(s)
[MoE] Layer 1: loading 1 expert(s)
[MoE] Layer 11: loading 1 expert(s)
[MoE] Layer 17: loading 1 expert(s)
[MoE] Layer 23: loading 1 expert(s)
[MoE] Layer 8: loading 1 expert(s)
[MoE] Layer 9: loading 1 expert(s)
[MoE] Layer 12: loading 2 expert(s)
[MoE] Layer 30: loading 1 expert(s)
[MoE] Layer 35: loading 1 expert(s)
[MoE] Layer 39: loading 1 expert(s)
[gen 145/149] elapsed=13.6s  TPS=10.669
[MoE] Layer 1: loading 1 expert(s)
[MoE] Layer 13: loading 1 expert(s)
[MoE] Layer 23: loading 1 expert(s)
[MoE] Layer 1: loading 1 expert(s)
[MoE] Layer 2: loading 1 expert(s)
[MoE] Layer 3: loading 1 expert(s)
[MoE] Layer 29: loading 1 expert(s)
[MoE] Layer 35: loading 1 expert(s)
[MoE] Layer 0: loading 1 expert(s)
[MoE] Layer 3: loading 1 expert(s)
[MoE] Layer 0: loading 3 expert(s)
[MoE] Layer 1: loading 2 expert(s)
[MoE] Layer 2: loading 1 expert(s)
[MoE] Layer 3: loading 2 expert(s)
[MoE] Layer 11: loading 1 expert(s)
[MoE] Layer 28: loading 1 expert(s)
Prefill time (summary): 12.516 seconds
Total Generation Time: 13.872 seconds
Average Time per Token: 0.093 seconds

Expert Cache Statistics:
Layer 0: Hits=1070, Misses=122, HitRate=89.77%
    Bandwidth: MissLoads=122, AvgLoadTime=2.52ms
Layer 1: Hits=1089, Misses=103, HitRate=91.36%
    Bandwidth: MissLoads=103, AvgLoadTime=2.87ms
Layer 2: Hits=1156, Misses=36, HitRate=96.98%
    Bandwidth: MissLoads=36, AvgLoadTime=3.17ms
Layer 3: Hits=1093, Misses=99, HitRate=91.69%
    Bandwidth: MissLoads=99, AvgLoadTime=2.92ms
Layer 4: Hits=1148, Misses=44, HitRate=96.31%
    Bandwidth: MissLoads=44, AvgLoadTime=3.32ms
Layer 5: Hits=1154, Misses=38, HitRate=96.81%
    Bandwidth: MissLoads=38, AvgLoadTime=3.15ms
Layer 6: Hits=1181, Misses=11, HitRate=99.08%
    Bandwidth: MissLoads=11, AvgLoadTime=3.67ms
Layer 7: Hits=1184, Misses=8, HitRate=99.33%
    Bandwidth: MissLoads=8, AvgLoadTime=3.37ms
Layer 8: Hits=1155, Misses=37, HitRate=96.90%
    Bandwidth: MissLoads=37, AvgLoadTime=3.02ms
Layer 9: Hits=1168, Misses=24, HitRate=97.99%
    Bandwidth: MissLoads=24, AvgLoadTime=3.34ms
Layer 10: Hits=1150, Misses=42, HitRate=96.48%
    Bandwidth: MissLoads=42, AvgLoadTime=2.96ms
Layer 11: Hits=1130, Misses=62, HitRate=94.80%
    Bandwidth: MissLoads=62, AvgLoadTime=3.01ms
Layer 12: Hits=1151, Misses=41, HitRate=96.56%
    Bandwidth: MissLoads=41, AvgLoadTime=3.02ms
Layer 13: Hits=1146, Misses=46, HitRate=96.14%
    Bandwidth: MissLoads=46, AvgLoadTime=3.17ms
Layer 14: Hits=1169, Misses=23, HitRate=98.07%
    Bandwidth: MissLoads=23, AvgLoadTime=3.19ms
Layer 15: Hits=1168, Misses=24, HitRate=97.99%
    Bandwidth: MissLoads=24, AvgLoadTime=3.17ms
Layer 16: Hits=1153, Misses=39, HitRate=96.73%
    Bandwidth: MissLoads=39, AvgLoadTime=3.19ms
Layer 17: Hits=1149, Misses=43, HitRate=96.39%
    Bandwidth: MissLoads=43, AvgLoadTime=3.05ms
Layer 18: Hits=1184, Misses=8, HitRate=99.33%
    Bandwidth: MissLoads=8, AvgLoadTime=3.40ms
Layer 19: Hits=1184, Misses=8, HitRate=99.33%
    Bandwidth: MissLoads=8, AvgLoadTime=3.22ms
Layer 20: Hits=1167, Misses=25, HitRate=97.90%
    Bandwidth: MissLoads=25, AvgLoadTime=3.29ms
Layer 21: Hits=1171, Misses=21, HitRate=98.24%
    Bandwidth: MissLoads=21, AvgLoadTime=3.30ms
Layer 22: Hits=1151, Misses=41, HitRate=96.56%
    Bandwidth: MissLoads=41, AvgLoadTime=3.22ms
Layer 23: Hits=1124, Misses=68, HitRate=94.30%
    Bandwidth: MissLoads=68, AvgLoadTime=3.17ms
Layer 24: Hits=1156, Misses=36, HitRate=96.98%
    Bandwidth: MissLoads=36, AvgLoadTime=3.05ms
Layer 25: Hits=1141, Misses=51, HitRate=95.72%
    Bandwidth: MissLoads=51, AvgLoadTime=3.04ms
Layer 26: Hits=1172, Misses=20, HitRate=98.32%
    Bandwidth: MissLoads=20, AvgLoadTime=3.21ms
Layer 27: Hits=1169, Misses=23, HitRate=98.07%
    Bandwidth: MissLoads=23, AvgLoadTime=3.18ms
Layer 28: Hits=1158, Misses=34, HitRate=97.15%
    Bandwidth: MissLoads=34, AvgLoadTime=3.19ms
Layer 29: Hits=1158, Misses=34, HitRate=97.15%
    Bandwidth: MissLoads=34, AvgLoadTime=3.29ms
Layer 30: Hits=1179, Misses=13, HitRate=98.91%
    Bandwidth: MissLoads=13, AvgLoadTime=3.48ms
Layer 31: Hits=1183, Misses=9, HitRate=99.24%
    Bandwidth: MissLoads=9, AvgLoadTime=3.49ms
Layer 32: Hits=1160, Misses=32, HitRate=97.32%
    Bandwidth: MissLoads=32, AvgLoadTime=3.12ms
Layer 33: Hits=1169, Misses=23, HitRate=98.07%
    Bandwidth: MissLoads=23, AvgLoadTime=3.19ms
Layer 34: Hits=1146, Misses=46, HitRate=96.14%
    Bandwidth: MissLoads=46, AvgLoadTime=2.94ms
Layer 35: Hits=1125, Misses=67, HitRate=94.38%
    Bandwidth: MissLoads=67, AvgLoadTime=2.91ms
Layer 36: Hits=1157, Misses=35, HitRate=97.06%
    Bandwidth: MissLoads=35, AvgLoadTime=3.16ms
Layer 37: Hits=1134, Misses=58, HitRate=95.13%
    Bandwidth: MissLoads=58, AvgLoadTime=2.99ms
Layer 38: Hits=1166, Misses=26, HitRate=97.82%
    Bandwidth: MissLoads=26, AvgLoadTime=3.49ms
Layer 39: Hits=1160, Misses=32, HitRate=97.32%
    Bandwidth: MissLoads=32, AvgLoadTime=3.00ms
Layer 40: Hits=1157, Misses=35, HitRate=97.06%
    Bandwidth: MissLoads=35, AvgLoadTime=3.23ms
Layer 41: Hits=1160, Misses=32, HitRate=97.32%
    Bandwidth: MissLoads=32, AvgLoadTime=2.96ms
Layer 42: Hits=1159, Misses=33, HitRate=97.23%
    Bandwidth: MissLoads=33, AvgLoadTime=3.09ms
Layer 43: Hits=1174, Misses=18, HitRate=98.49%
    Bandwidth: MissLoads=18, AvgLoadTime=3.15ms
Layer 44: Hits=1178, Misses=14, HitRate=98.83%
    Bandwidth: MissLoads=14, AvgLoadTime=3.05ms
Layer 45: Hits=1175, Misses=17, HitRate=98.57%
    Bandwidth: MissLoads=17, AvgLoadTime=2.91ms
Layer 46: Hits=1175, Misses=17, HitRate=98.57%
    Bandwidth: MissLoads=17, AvgLoadTime=3.24ms
Layer 47: Hits=1165, Misses=27, HitRate=97.73%
    Bandwidth: MissLoads=27, AvgLoadTime=2.83ms
============================================================
============================================================
Initializing Qwen3 30B-A3B AWQ w4a16 quantized model...
============================================================
Loading quantized weights from QuixiAI/Qwen3-30B-A3B-AWQ...
Using saved safetensors: /home/michael/heteroPredict/py/unified_llm_w4a16/model_weights/Qwen3-30B-A3B-AWQ.safetensors
Expert weights dir: /home/michael/heteroPredict/py/unified_llm_w4a16/model_weights/Qwen3-30B-A3B-AWQ_packed  (format: packed)
Using existing attention weights in /home/michael/heteroPredict/py/unified_llm_w4a16/model_weights/Qwen3-30B-A3B-AWQ_unpacked
Weights loaded (expert dir override) in 0.29 seconds
Pre-warming expert cache with 64 experts...
Model initialized successfully!
Setting lambda to 1.0
Forced top-5 experts into cache mask.
Set expert cache policy to LRU.

Running sweep using prompts from JSON: /tmp/tmpvufrf5it.json
Loaded 1 prompts for sweeping.

Processing Prompt 1/1...

============================================================
Generated text only:
============================================================
 critics of the time also appreciated his use of the regulated verse form and his ability to use the poetic form to express complex ideas . 

 = = Legacy = = 

 Du Fu 's legacy is immense . He is considered one of the greatest Chinese poets of all time . His works are still studied in China and in other East Asian countries . His influence on the development of Chinese poetry is profound . He is also known for his ability to use the regulated verse form and his ability to use the poetic form to express complex ideas . 

 In the West , Du Fu is less well known than Li Bai . However , his works have been translated into many languages and are studied in universities around the world . His influence on Western literature is also significant . 

 In
============================================================

============================================================
Sweep Complete.
Average Time per Token: 0.175965
End-to-End TPS: 5.6830
Cache Stats: Hits=55471, Misses=1745, HitRate=96.95%
Initializing UnifiedLLMW4A16Impl_base
Using NPU config struct.
Configuring NPU (Base):
  Heterogeneity: gpu
  GPU Count: 1
  Debug Verbosity: 1
  Dummy Weights: false
  Warmup: false
  Preload MoE: true
  Minimal PDI: true
[GPU SELECT] Free VRAM ranking: gpu0=28.00/28.00 GiB
[GPU SELECT] Selected GPUs for gpu-count=1: [0]
[GPU MAP] Single-GPU placement on gpu0
UnifiedLLMW4A16 moved to device: cuda:0
Preloading MoE kernels...
MoE kernels preloaded.
UnifiedLLMW4A16 initialized on device: cuda:0 with w4a16 quantization
Loading non-quantized weights from safetensors (mmap): /home/michael/heteroPredict/py/unified_llm_w4a16/model_weights/Qwen3-30B-A3B-AWQ.safetensors
Loaded 243 non-quantized parameters, skipped 0
Loading quantized weights from bins: /home/michael/heteroPredict/py/unified_llm_w4a16/model_weights/Qwen3-30B-A3B-AWQ_unpacked
Pre-warming 64 experts for all layers...
Layer 0: Pre-warming 64 experts.
Layer 0: using packed expert format.
[MoE I/O] Expert weight reads require O_DIRECT (no buffered fallback).
Layer 1: Pre-warming 64 experts.
Layer 1: using packed expert format.
Layer 2: Pre-warming 64 experts.
Layer 2: using packed expert format.
Layer 3: Pre-warming 64 experts.
Layer 3: using packed expert format.
Prewarmed experts for layer 4/48
Layer 4: Pre-warming 64 experts.
Layer 4: using packed expert format.
Layer 5: Pre-warming 64 experts.
Layer 5: using packed expert format.
Layer 6: Pre-warming 64 experts.
Layer 6: using packed expert format.
Layer 7: Pre-warming 64 experts.
Layer 7: using packed expert format.
Prewarmed experts for layer 8/48
Layer 8: Pre-warming 64 experts.
Layer 8: using packed expert format.
Layer 9: Pre-warming 64 experts.
Layer 9: using packed expert format.
Layer 10: Pre-warming 64 experts.
Layer 10: using packed expert format.
Layer 11: Pre-warming 64 experts.
Layer 11: using packed expert format.
Prewarmed experts for layer 12/48
Layer 12: Pre-warming 64 experts.
Layer 12: using packed expert format.
Layer 13: Pre-warming 64 experts.
Layer 13: using packed expert format.
Layer 14: Pre-warming 64 experts.
Layer 14: using packed expert format.
Layer 15: Pre-warming 64 experts.
Layer 15: using packed expert format.
Prewarmed experts for layer 16/48
Layer 16: Pre-warming 64 experts.
Layer 16: using packed expert format.
Layer 17: Pre-warming 64 experts.
Layer 17: using packed expert format.
Layer 18: Pre-warming 64 experts.
Layer 18: using packed expert format.
Layer 19: Pre-warming 64 experts.
Layer 19: using packed expert format.
Prewarmed experts for layer 20/48
Layer 20: Pre-warming 64 experts.
Layer 20: using packed expert format.
Layer 21: Pre-warming 64 experts.
Layer 21: using packed expert format.
Layer 22: Pre-warming 64 experts.
Layer 22: using packed expert format.
Layer 23: Pre-warming 64 experts.
Layer 23: using packed expert format.
Prewarmed experts for layer 24/48
Layer 24: Pre-warming 64 experts.
Layer 24: using packed expert format.
Layer 25: Pre-warming 64 experts.
Layer 25: using packed expert format.
Layer 26: Pre-warming 64 experts.
Layer 26: using packed expert format.
Layer 27: Pre-warming 64 experts.
Layer 27: using packed expert format.
Prewarmed experts for layer 28/48
Layer 28: Pre-warming 64 experts.
Layer 28: using packed expert format.
Layer 29: Pre-warming 64 experts.
Layer 29: using packed expert format.
Layer 30: Pre-warming 64 experts.
Layer 30: using packed expert format.
Layer 31: Pre-warming 64 experts.
Layer 31: using packed expert format.
Prewarmed experts for layer 32/48
Layer 32: Pre-warming 64 experts.
Layer 32: using packed expert format.
Layer 33: Pre-warming 64 experts.
Layer 33: using packed expert format.
Layer 34: Pre-warming 64 experts.
Layer 34: using packed expert format.
Layer 35: Pre-warming 64 experts.
Layer 35: using packed expert format.
Prewarmed experts for layer 36/48
Layer 36: Pre-warming 64 experts.
Layer 36: using packed expert format.
Layer 37: Pre-warming 64 experts.
Layer 37: using packed expert format.
Layer 38: Pre-warming 64 experts.
Layer 38: using packed expert format.
Layer 39: Pre-warming 64 experts.
Layer 39: using packed expert format.
Prewarmed experts for layer 40/48
Layer 40: Pre-warming 64 experts.
Layer 40: using packed expert format.
Layer 41: Pre-warming 64 experts.
Layer 41: using packed expert format.
Layer 42: Pre-warming 64 experts.
Layer 42: using packed expert format.
Layer 43: Pre-warming 64 experts.
Layer 43: using packed expert format.
Prewarmed experts for layer 44/48
Layer 44: Pre-warming 64 experts.
Layer 44: using packed expert format.
Layer 45: Pre-warming 64 experts.
Layer 45: using packed expert format.
Layer 46: Pre-warming 64 experts.
Layer 46: using packed expert format.
Layer 47: Pre-warming 64 experts.
Layer 47: using packed expert format.
Prewarmed experts for layer 48/48
Libtorch input_ids shape: [1, 512]
Skipping warmup.
Prefill time: 12.3128 seconds
Generation phase
[MoE] Layer 0: loading 3 expert(s)
[MoE] Layer 1: loading 2 expert(s)
[MoE] Layer 3: loading 2 expert(s)
[MoE] Layer 4: loading 2 expert(s)
[MoE] Layer 5: loading 2 expert(s)
[MoE] Layer 6: loading 1 expert(s)
[MoE] Layer 7: loading 1 expert(s)
[MoE] Layer 8: loading 1 expert(s)
[MoE] Layer 9: loading 3 expert(s)
[MoE] Layer 10: loading 3 expert(s)
[MoE] Layer 11: loading 1 expert(s)
[MoE] Layer 12: loading 3 expert(s)
[MoE] Layer 13: loading 1 expert(s)
[MoE] Layer 15: loading 1 expert(s)
[MoE] Layer 16: loading 4 expert(s)
[MoE] Layer 17: loading 3 expert(s)
[MoE] Layer 19: loading 2 expert(s)
[MoE] Layer 20: loading 1 expert(s)
[MoE] Layer 21: loading 2 expert(s)
[MoE] Layer 22: loading 3 expert(s)
[MoE] Layer 23: loading 3 expert(s)
[MoE] Layer 24: loading 3 expert(s)
[MoE] Layer 25: loading 1 expert(s)
[MoE] Layer 28: loading 4 expert(s)
[MoE] Layer 29: loading 3 expert(s)
[MoE] Layer 31: loading 1 expert(s)
[MoE] Layer 32: loading 2 expert(s)
[MoE] Layer 33: loading 3 expert(s)
[MoE] Layer 34: loading 3 expert(s)
[MoE] Layer 35: loading 3 expert(s)
[MoE] Layer 36: loading 2 expert(s)
[MoE] Layer 39: loading 2 expert(s)
[MoE] Layer 40: loading 3 expert(s)
[MoE] Layer 41: loading 2 expert(s)
[MoE] Layer 42: loading 2 expert(s)
[MoE] Layer 43: loading 1 expert(s)
[MoE] Layer 44: loading 1 expert(s)
[MoE] Layer 45: loading 3 expert(s)
[MoE] Layer 47: loading 3 expert(s)
[MoE] Layer 0: loading 1 expert(s)
[MoE] Layer 1: loading 3 expert(s)
[MoE] Layer 2: loading 2 expert(s)
[MoE] Layer 3: loading 2 expert(s)
[MoE] Layer 4: loading 1 expert(s)
[MoE] Layer 6: loading 1 expert(s)
[MoE] Layer 7: loading 1 expert(s)
[MoE] Layer 8: loading 1 expert(s)
[MoE] Layer 11: loading 1 expert(s)
[MoE] Layer 12: loading 2 expert(s)
[MoE] Layer 13: loading 1 expert(s)
[MoE] Layer 14: loading 1 expert(s)
[MoE] Layer 15: loading 1 expert(s)
[MoE] Layer 16: loading 1 expert(s)
[MoE] Layer 17: loading 1 expert(s)
[MoE] Layer 22: loading 1 expert(s)
[MoE] Layer 23: loading 2 expert(s)
[MoE] Layer 24: loading 1 expert(s)
[MoE] Layer 27: loading 1 expert(s)
[MoE] Layer 28: loading 1 expert(s)
[MoE] Layer 29: loading 1 expert(s)
[MoE] Layer 31: loading 1 expert(s)
[MoE] Layer 32: loading 1 expert(s)
[MoE] Layer 33: loading 1 expert(s)
[MoE] Layer 35: loading 1 expert(s)
[MoE] Layer 36: loading 1 expert(s)
[MoE] Layer 37: loading 1 expert(s)
[MoE] Layer 38: loading 1 expert(s)
[MoE] Layer 39: loading 1 expert(s)
[MoE] Layer 42: loading 1 expert(s)
[MoE] Layer 44: loading 2 expert(s)
[MoE] Layer 45: loading 2 expert(s)
[MoE] Layer 46: loading 2 expert(s)
[MoE] Layer 47: loading 2 expert(s)
[MoE] Layer 2: loading 2 expert(s)
[MoE] Layer 3: loading 2 expert(s)
[MoE] Layer 5: loading 1 expert(s)
[MoE] Layer 6: loading 1 expert(s)
[MoE] Layer 8: loading 2 expert(s)
[MoE] Layer 10: loading 1 expert(s)
[MoE] Layer 11: loading 1 expert(s)
[MoE] Layer 12: loading 1 expert(s)
[MoE] Layer 13: loading 2 expert(s)
[MoE] Layer 14: loading 1 expert(s)
[MoE] Layer 15: loading 1 expert(s)
[MoE] Layer 22: loading 1 expert(s)
[MoE] Layer 24: loading 1 expert(s)
[MoE] Layer 27: loading 1 expert(s)
[MoE] Layer 31: loading 1 expert(s)
[MoE] Layer 35: loading 1 expert(s)
[MoE] Layer 36: loading 1 expert(s)
[MoE] Layer 38: loading 1 expert(s)
[MoE] Layer 40: loading 2 expert(s)
[MoE] Layer 41: loading 1 expert(s)
[MoE] Layer 46: loading 2 expert(s)
[MoE] Layer 0: loading 1 expert(s)
[MoE] Layer 1: loading 2 expert(s)
[MoE] Layer 2: loading 1 expert(s)
[MoE] Layer 3: loading 1 expert(s)
[MoE] Layer 9: loading 2 expert(s)
[MoE] Layer 10: loading 1 expert(s)
[MoE] Layer 11: loading 2 expert(s)
[MoE] Layer 12: loading 2 expert(s)
[MoE] Layer 13: loading 2 expert(s)
[MoE] Layer 14: loading 2 expert(s)
[MoE] Layer 15: loading 1 expert(s)
[MoE] Layer 16: loading 1 expert(s)
[MoE] Layer 17: loading 3 expert(s)
[MoE] Layer 21: loading 1 expert(s)
[MoE] Layer 22: loading 1 expert(s)
[MoE] Layer 23: loading 2 expert(s)
[MoE] Layer 24: loading 1 expert(s)
[MoE] Layer 25: loading 3 expert(s)
[MoE] Layer 26: loading 2 expert(s)
[MoE] Layer 27: loading 1 expert(s)
[MoE] Layer 28: loading 2 expert(s)
[MoE] Layer 29: loading 4 expert(s)
[MoE] Layer 33: loading 1 expert(s)
[MoE] Layer 34: loading 1 expert(s)
[MoE] Layer 35: loading 3 expert(s)
[MoE] Layer 36: loading 1 expert(s)
[MoE] Layer 37: loading 3 expert(s)
[MoE] Layer 38: loading 2 expert(s)
[MoE] Layer 41: loading 2 expert(s)
[MoE] Layer 42: loading 2 expert(s)
[MoE] Layer 44: loading 1 expert(s)
[MoE] Layer 45: loading 2 expert(s)
[MoE] Layer 46: loading 2 expert(s)
[MoE] Layer 47: loading 1 expert(s)
[MoE] Layer 0: loading 4 expert(s)
[MoE] Layer 1: loading 2 expert(s)
[MoE] Layer 3: loading 2 expert(s)
[MoE] Layer 8: loading 1 expert(s)
[MoE] Layer 10: loading 1 expert(s)
[MoE] Layer 13: loading 1 expert(s)
[MoE] Layer 14: loading 1 expert(s)
[MoE] Layer 17: loading 1 expert(s)
[MoE] Layer 19: loading 1 expert(s)
[MoE] Layer 24: loading 1 expert(s)
[MoE] Layer 25: loading 2 expert(s)
[MoE] Layer 26: loading 1 expert(s)
[MoE] Layer 29: loading 1 expert(s)
[MoE] Layer 32: loading 1 expert(s)
[MoE] Layer 33: loading 1 expert(s)
[MoE] Layer 34: loading 1 expert(s)
[MoE] Layer 36: loading 2 expert(s)
[MoE] Layer 37: loading 1 expert(s)
[MoE] Layer 38: loading 1 expert(s)
[MoE] Layer 39: loading 1 expert(s)
[MoE] Layer 40: loading 1 expert(s)
[MoE] Layer 41: loading 2 expert(s)
[MoE] Layer 42: loading 2 expert(s)
[MoE] Layer 43: loading 2 expert(s)
[MoE] Layer 44: loading 1 expert(s)
[MoE] Layer 46: loading 1 expert(s)
[MoE] Layer 47: loading 2 expert(s)
[gen 5/149] elapsed=1.1s  TPS=4.721
[MoE] Layer 0: loading 2 expert(s)
[MoE] Layer 1: loading 2 expert(s)
[MoE] Layer 2: loading 1 expert(s)
[MoE] Layer 3: loading 1 expert(s)
[MoE] Layer 5: loading 1 expert(s)
[MoE] Layer 8: loading 2 expert(s)
[MoE] Layer 9: loading 1 expert(s)
[MoE] Layer 11: loading 1 expert(s)
[MoE] Layer 12: loading 2 expert(s)
[MoE] Layer 13: loading 1 expert(s)
[MoE] Layer 17: loading 2 expert(s)
[MoE] Layer 20: loading 2 expert(s)
[MoE] Layer 21: loading 1 expert(s)
[MoE] Layer 23: loading 1 expert(s)
[MoE] Layer 25: loading 1 expert(s)
[MoE] Layer 26: loading 1 expert(s)
[MoE] Layer 28: loading 1 expert(s)
[MoE] Layer 29: loading 1 expert(s)
[MoE] Layer 32: loading 2 expert(s)
[MoE] Layer 33: loading 1 expert(s)
[MoE] Layer 35: loading 3 expert(s)
[MoE] Layer 39: loading 2 expert(s)
[MoE] Layer 41: loading 2 expert(s)
[MoE] Layer 43: loading 2 expert(s)
[MoE] Layer 44: loading 1 expert(s)
[MoE] Layer 45: loading 1 expert(s)
[MoE] Layer 46: loading 3 expert(s)
[MoE] Layer 47: loading 1 expert(s)
[MoE] Layer 0: loading 2 expert(s)
[MoE] Layer 1: loading 1 expert(s)
[MoE] Layer 3: loading 2 expert(s)
[MoE] Layer 4: loading 1 expert(s)
[MoE] Layer 8: loading 1 expert(s)
[MoE] Layer 9: loading 1 expert(s)
[MoE] Layer 11: loading 2 expert(s)
[MoE] Layer 14: loading 1 expert(s)
[MoE] Layer 16: loading 1 expert(s)
[MoE] Layer 17: loading 2 expert(s)
[MoE] Layer 20: loading 1 expert(s)
[MoE] Layer 23: loading 1 expert(s)
[MoE] Layer 27: loading 1 expert(s)
[MoE] Layer 28: loading 1 expert(s)
[MoE] Layer 29: loading 1 expert(s)
[MoE] Layer 32: loading 2 expert(s)
[MoE] Layer 33: loading 1 expert(s)
[MoE] Layer 34: loading 1 expert(s)
[MoE] Layer 35: loading 2 expert(s)
[MoE] Layer 38: loading 1 expert(s)
[MoE] Layer 39: loading 2 expert(s)
[MoE] Layer 40: loading 1 expert(s)
[MoE] Layer 41: loading 2 expert(s)
[MoE] Layer 43: loading 1 expert(s)
[MoE] Layer 45: loading 1 expert(s)
[MoE] Layer 47: loading 2 expert(s)
[MoE] Layer 0: loading 4 expert(s)
[MoE] Layer 1: loading 1 expert(s)
[MoE] Layer 2: loading 2 expert(s)
[MoE] Layer 3: loading 2 expert(s)
[MoE] Layer 4: loading 1 expert(s)
[MoE] Layer 8: loading 2 expert(s)
[MoE] Layer 9: loading 1 expert(s)
[MoE] Layer 10: loading 1 expert(s)
[MoE] Layer 11: loading 2 expert(s)
[MoE] Layer 14: loading 1 expert(s)
[MoE] Layer 17: loading 1 expert(s)
[MoE] Layer 19: loading 1 expert(s)
[MoE] Layer 20: loading 1 expert(s)
[MoE] Layer 21: loading 2 expert(s)
[MoE] Layer 22: loading 2 expert(s)
[MoE] Layer 23: loading 1 expert(s)
[MoE] Layer 24: loading 2 expert(s)
[MoE] Layer 25: loading 2 expert(s)
[MoE] Layer 26: loading 2 expert(s)
[MoE] Layer 28: loading 1 expert(s)
[MoE] Layer 31: loading 1 expert(s)
[MoE] Layer 32: loading 1 expert(s)
[MoE] Layer 33: loading 1 expert(s)
[MoE] Layer 34: loading 1 expert(s)
[MoE] Layer 35: loading 1 expert(s)
[MoE] Layer 38: loading 1 expert(s)
[MoE] Layer 39: loading 1 expert(s)
[MoE] Layer 40: loading 2 expert(s)
[MoE] Layer 41: loading 2 expert(s)
[MoE] Layer 42: loading 1 expert(s)
[MoE] Layer 44: loading 1 expert(s)
[MoE] Layer 46: loading 1 expert(s)
[MoE] Layer 47: loading 4 expert(s)
[MoE] Layer 0: loading 2 expert(s)
[MoE] Layer 1: loading 3 expert(s)
[MoE] Layer 4: loading 1 expert(s)
[MoE] Layer 5: loading 1 expert(s)
[MoE] Layer 8: loading 1 expert(s)
[MoE] Layer 11: loading 1 expert(s)
[MoE] Layer 12: loading 1 expert(s)
[MoE] Layer 16: loading 1 expert(s)
[MoE] Layer 17: loading 1 expert(s)
[MoE] Layer 19: loading 1 expert(s)
[MoE] Layer 20: loading 1 expert(s)
[MoE] Layer 28: loading 1 expert(s)
[MoE] Layer 32: loading 1 expert(s)
[MoE] Layer 36: loading 1 expert(s)
[MoE] Layer 37: loading 1 expert(s)
[MoE] Layer 40: loading 1 expert(s)
[MoE] Layer 41: loading 1 expert(s)
[MoE] Layer 0: loading 2 expert(s)
[MoE] Layer 1: loading 1 expert(s)
[MoE] Layer 3: loading 2 expert(s)
[MoE] Layer 4: loading 1 expert(s)
[MoE] Layer 5: loading 1 expert(s)
[MoE] Layer 8: loading 2 expert(s)
[MoE] Layer 12: loading 1 expert(s)
[MoE] Layer 16: loading 1 expert(s)
[MoE] Layer 17: loading 1 expert(s)
[MoE] Layer 24: loading 1 expert(s)
[MoE] Layer 26: loading 1 expert(s)
[MoE] Layer 28: loading 1 expert(s)
[MoE] Layer 32: loading 2 expert(s)
[MoE] Layer 33: loading 1 expert(s)
[MoE] Layer 34: loading 1 expert(s)
[MoE] Layer 35: loading 3 expert(s)
[MoE] Layer 36: loading 1 expert(s)
[MoE] Layer 37: loading 1 expert(s)
[MoE] Layer 39: loading 1 expert(s)
[MoE] Layer 40: loading 1 expert(s)
[MoE] Layer 41: loading 1 expert(s)
[MoE] Layer 42: loading 1 expert(s)
[MoE] Layer 43: loading 2 expert(s)
[MoE] Layer 44: loading 2 expert(s)
[MoE] Layer 45: loading 2 expert(s)
[MoE] Layer 46: loading 2 expert(s)
[MoE] Layer 47: loading 3 expert(s)
[gen 10/149] elapsed=1.9s  TPS=5.188
[MoE] Layer 0: loading 2 expert(s)
[MoE] Layer 1: loading 1 expert(s)
[MoE] Layer 2: loading 1 expert(s)
[MoE] Layer 4: loading 1 expert(s)
[MoE] Layer 7: loading 1 expert(s)
[MoE] Layer 10: loading 1 expert(s)
[MoE] Layer 17: loading 1 expert(s)
[MoE] Layer 28: loading 1 expert(s)
[MoE] Layer 29: loading 1 expert(s)
[MoE] Layer 36: loading 2 expert(s)
[MoE] Layer 37: loading 1 expert(s)
[MoE] Layer 0: loading 3 expert(s)
[MoE] Layer 1: loading 2 expert(s)
[MoE] Layer 8: loading 1 expert(s)
[MoE] Layer 9: loading 1 expert(s)
[MoE] Layer 10: loading 1 expert(s)
[MoE] Layer 12: loading 1 expert(s)
[MoE] Layer 22: loading 1 expert(s)
[MoE] Layer 23: loading 1 expert(s)
[MoE] Layer 27: loading 1 expert(s)
[MoE] Layer 33: loading 1 expert(s)
[MoE] Layer 38: loading 1 expert(s)
[MoE] Layer 42: loading 1 expert(s)
[MoE] Layer 3: loading 1 expert(s)
[MoE] Layer 5: loading 1 expert(s)
[MoE] Layer 8: loading 1 expert(s)
[MoE] Layer 10: loading 1 expert(s)
[MoE] Layer 14: loading 2 expert(s)
[MoE] Layer 15: loading 1 expert(s)
[MoE] Layer 17: loading 1 expert(s)
[MoE] Layer 18: loading 1 expert(s)
[MoE] Layer 20: loading 1 expert(s)
[MoE] Layer 25: loading 1 expert(s)
[MoE] Layer 26: loading 1 expert(s)
[MoE] Layer 27: loading 1 expert(s)
[MoE] Layer 29: loading 2 expert(s)
[MoE] Layer 32: loading 1 expert(s)
[MoE] Layer 35: loading 1 expert(s)
[MoE] Layer 39: loading 1 expert(s)
[MoE] Layer 41: loading 1 expert(s)
[MoE] Layer 45: loading 1 expert(s)
[MoE] Layer 47: loading 1 expert(s)
[MoE] Layer 0: loading 2 expert(s)
[MoE] Layer 1: loading 1 expert(s)
[MoE] Layer 3: loading 1 expert(s)
[MoE] Layer 5: loading 1 expert(s)
[MoE] Layer 6: loading 1 expert(s)
[MoE] Layer 9: loading 2 expert(s)
[MoE] Layer 12: loading 1 expert(s)
[MoE] Layer 18: loading 1 expert(s)
[MoE] Layer 19: loading 1 expert(s)
[MoE] Layer 24: loading 1 expert(s)
[MoE] Layer 28: loading 1 expert(s)
[MoE] Layer 32: loading 1 expert(s)
[MoE] Layer 47: loading 1 expert(s)
[MoE] Layer 0: loading 4 expert(s)
[MoE] Layer 1: loading 2 expert(s)
[MoE] Layer 2: loading 1 expert(s)
[MoE] Layer 3: loading 1 expert(s)
[MoE] Layer 4: loading 2 expert(s)
[MoE] Layer 7: loading 1 expert(s)
[MoE] Layer 12: loading 2 expert(s)
[MoE] Layer 13: loading 3 expert(s)
[MoE] Layer 16: loading 2 expert(s)
[MoE] Layer 17: loading 2 expert(s)
[MoE] Layer 25: loading 1 expert(s)
[MoE] Layer 27: loading 1 expert(s)
[MoE] Layer 28: loading 2 expert(s)
[MoE] Layer 29: loading 1 expert(s)
[MoE] Layer 36: loading 1 expert(s)
[MoE] Layer 37: loading 2 expert(s)
[MoE] Layer 38: loading 2 expert(s)
[MoE] Layer 39: loading 1 expert(s)
[MoE] Layer 40: loading 2 expert(s)
[MoE] Layer 41: loading 1 expert(s)
[MoE] Layer 42: loading 2 expert(s)
[MoE] Layer 43: loading 2 expert(s)
[MoE] Layer 47: loading 1 expert(s)
[gen 15/149] elapsed=2.5s  TPS=5.904
[MoE] Layer 0: loading 2 expert(s)
[MoE] Layer 2: loading 3 expert(s)
[MoE] Layer 3: loading 2 expert(s)
[MoE] Layer 5: loading 1 expert(s)
[MoE] Layer 9: loading 1 expert(s)
[MoE] Layer 12: loading 1 expert(s)
[MoE] Layer 17: loading 2 expert(s)
[MoE] Layer 24: loading 1 expert(s)
[MoE] Layer 25: loading 2 expert(s)
[MoE] Layer 28: loading 1 expert(s)
[MoE] Layer 29: loading 1 expert(s)
[MoE] Layer 33: loading 1 expert(s)
[MoE] Layer 35: loading 1 expert(s)
[MoE] Layer 40: loading 1 expert(s)
[MoE] Layer 41: loading 1 expert(s)
[MoE] Layer 42: loading 1 expert(s)
[MoE] Layer 0: loading 2 expert(s)
[MoE] Layer 1: loading 2 expert(s)
[MoE] Layer 2: loading 3 expert(s)
[MoE] Layer 3: loading 1 expert(s)
[MoE] Layer 4: loading 2 expert(s)
[MoE] Layer 7: loading 1 expert(s)
[MoE] Layer 13: loading 2 expert(s)
[MoE] Layer 15: loading 1 expert(s)
[MoE] Layer 20: loading 1 expert(s)
[MoE] Layer 24: loading 1 expert(s)
[MoE] Layer 25: loading 1 expert(s)
[MoE] Layer 26: loading 1 expert(s)
[MoE] Layer 30: loading 1 expert(s)
[MoE] Layer 32: loading 1 expert(s)
[MoE] Layer 35: loading 1 expert(s)
[MoE] Layer 36: loading 2 expert(s)
[MoE] Layer 42: loading 2 expert(s)
[MoE] Layer 0: loading 1 expert(s)
[MoE] Layer 1: loading 1 expert(s)
[MoE] Layer 9: loading 1 expert(s)
[MoE] Layer 13: loading 1 expert(s)
[MoE] Layer 14: loading 1 expert(s)
[MoE] Layer 15: loading 1 expert(s)
[MoE] Layer 16: loading 1 expert(s)
[MoE] Layer 25: loading 2 expert(s)
[MoE] Layer 26: loading 1 expert(s)
[MoE] Layer 27: loading 2 expert(s)
[MoE] Layer 35: loading 1 expert(s)
[MoE] Layer 37: loading 1 expert(s)
[MoE] Layer 42: loading 1 expert(s)
[MoE] Layer 1: loading 1 expert(s)
[MoE] Layer 3: loading 1 expert(s)
[MoE] Layer 13: loading 1 expert(s)
[MoE] Layer 15: loading 1 expert(s)
[MoE] Layer 26: loading 1 expert(s)
[MoE] Layer 27: loading 1 expert(s)
[MoE] Layer 30: loading 1 expert(s)
[MoE] Layer 36: loading 1 expert(s)
[MoE] Layer 40: loading 1 expert(s)
[MoE] Layer 41: loading 1 expert(s)
[MoE] Layer 0: loading 2 expert(s)
[MoE] Layer 2: loading 1 expert(s)
[MoE] Layer 8: loading 2 expert(s)
[MoE] Layer 13: loading 1 expert(s)
[MoE] Layer 17: loading 1 expert(s)
[MoE] Layer 20: loading 1 expert(s)
[MoE] Layer 21: loading 1 expert(s)
[MoE] Layer 23: loading 1 expert(s)
[MoE] Layer 24: loading 1 expert(s)
[MoE] Layer 27: loading 1 expert(s)
[MoE] Layer 29: loading 1 expert(s)
[MoE] Layer 35: loading 1 expert(s)
[MoE] Layer 38: loading 1 expert(s)
[MoE] Layer 41: loading 1 expert(s)
[MoE] Layer 42: loading 1 expert(s)
[MoE] Layer 45: loading 1 expert(s)
[MoE] Layer 47: loading 3 expert(s)
[gen 20/149] elapsed=3.1s  TPS=6.420
[MoE] Layer 0: loading 3 expert(s)
[MoE] Layer 1: loading 2 expert(s)
[MoE] Layer 4: loading 1 expert(s)
[MoE] Layer 11: loading 1 expert(s)
[MoE] Layer 12: loading 1 expert(s)
[MoE] Layer 17: loading 1 expert(s)
[MoE] Layer 20: loading 1 expert(s)
[MoE] Layer 23: loading 1 expert(s)
[MoE] Layer 26: loading 1 expert(s)
[MoE] Layer 33: loading 1 expert(s)
[MoE] Layer 0: loading 2 expert(s)
[MoE] Layer 1: loading 3 expert(s)
[MoE] Layer 2: loading 1 expert(s)
[MoE] Layer 3: loading 1 expert(s)
[MoE] Layer 4: loading 1 expert(s)
[MoE] Layer 11: loading 1 expert(s)
[MoE] Layer 12: loading 1 expert(s)
[MoE] Layer 24: loading 1 expert(s)
[MoE] Layer 6: loading 1 expert(s)
[MoE] Layer 7: loading 1 expert(s)
[MoE] Layer 8: loading 1 expert(s)
[MoE] Layer 11: loading 2 expert(s)
[MoE] Layer 13: loading 1 expert(s)
[MoE] Layer 14: loading 1 expert(s)
[MoE] Layer 16: loading 2 expert(s)
[MoE] Layer 19: loading 1 expert(s)
[MoE] Layer 22: loading 1 expert(s)
[MoE] Layer 23: loading 2 expert(s)
[MoE] Layer 24: loading 1 expert(s)
[MoE] Layer 25: loading 1 expert(s)
[MoE] Layer 26: loading 1 expert(s)
[MoE] Layer 27: loading 1 expert(s)
[MoE] Layer 28: loading 1 expert(s)
[MoE] Layer 29: loading 1 expert(s)
[MoE] Layer 30: loading 1 expert(s)
[MoE] Layer 31: loading 1 expert(s)
[MoE] Layer 33: loading 2 expert(s)
[MoE] Layer 34: loading 2 expert(s)
[MoE] Layer 35: loading 1 expert(s)
[MoE] Layer 36: loading 1 expert(s)
[MoE] Layer 37: loading 1 expert(s)
[MoE] Layer 42: loading 1 expert(s)
[MoE] Layer 43: loading 1 expert(s)
[MoE] Layer 44: loading 1 expert(s)
[MoE] Layer 47: loading 1 expert(s)
[MoE] Layer 6: loading 1 expert(s)
[MoE] Layer 15: loading 1 expert(s)
[MoE] Layer 17: loading 1 expert(s)
[MoE] Layer 18: loading 1 expert(s)
[MoE] Layer 22: loading 1 expert(s)
[MoE] Layer 36: loading 1 expert(s)
[MoE] Layer 1: loading 1 expert(s)
[MoE] Layer 3: loading 2 expert(s)
[MoE] Layer 4: loading 2 expert(s)
[MoE] Layer 13: loading 1 expert(s)
[MoE] Layer 25: loading 1 expert(s)
[MoE] Layer 34: loading 1 expert(s)
[MoE] Layer 36: loading 2 expert(s)
[MoE] Layer 37: loading 1 expert(s)
[MoE] Layer 44: loading 1 expert(s)
[gen 25/149] elapsed=3.6s  TPS=6.854
[MoE] Layer 0: loading 1 expert(s)
[MoE] Layer 1: loading 2 expert(s)
[MoE] Layer 8: loading 1 expert(s)
[MoE] Layer 11: loading 1 expert(s)
[MoE] Layer 12: loading 1 expert(s)
[MoE] Layer 14: loading 1 expert(s)
[MoE] Layer 15: loading 1 expert(s)
[MoE] Layer 24: loading 1 expert(s)
[MoE] Layer 29: loading 1 expert(s)
[MoE] Layer 38: loading 1 expert(s)
[MoE] Layer 40: loading 2 expert(s)
[MoE] Layer 1: loading 1 expert(s)
[MoE] Layer 2: loading 1 expert(s)
[MoE] Layer 23: loading 1 expert(s)
[MoE] Layer 29: loading 1 expert(s)
[MoE] Layer 38: loading 1 expert(s)
[MoE] Layer 0: loading 1 expert(s)
[MoE] Layer 1: loading 1 expert(s)
[MoE] Layer 2: loading 1 expert(s)
[MoE] Layer 3: loading 1 expert(s)
[MoE] Layer 5: loading 1 expert(s)
[MoE] Layer 12: loading 1 expert(s)
[MoE] Layer 14: loading 1 expert(s)
[MoE] Layer 20: loading 1 expert(s)
[MoE] Layer 26: loading 1 expert(s)
[MoE] Layer 29: loading 1 expert(s)
[MoE] Layer 44: loading 1 expert(s)
[MoE] Layer 10: loading 1 expert(s)
[MoE] Layer 16: loading 1 expert(s)
[MoE] Layer 17: loading 1 expert(s)
[MoE] Layer 0: loading 2 expert(s)
[MoE] Layer 1: loading 1 expert(s)
[MoE] Layer 2: loading 1 expert(s)
[MoE] Layer 3: loading 1 expert(s)
[MoE] Layer 12: loading 1 expert(s)
[MoE] Layer 17: loading 1 expert(s)
[MoE] Layer 18: loading 1 expert(s)
[MoE] Layer 35: loading 1 expert(s)
[MoE] Layer 38: loading 1 expert(s)
[MoE] Layer 40: loading 1 expert(s)
[MoE] Layer 41: loading 1 expert(s)
[MoE] Layer 42: loading 1 expert(s)
[MoE] Layer 44: loading 1 expert(s)
[gen 30/149] elapsed=4.1s  TPS=7.364
[MoE] Layer 0: loading 1 expert(s)
[MoE] Layer 1: loading 2 expert(s)
[MoE] Layer 3: loading 1 expert(s)
[MoE] Layer 9: loading 1 expert(s)
[MoE] Layer 11: loading 1 expert(s)
[MoE] Layer 15: loading 1 expert(s)
[MoE] Layer 34: loading 1 expert(s)
[MoE] Layer 37: loading 1 expert(s)
[MoE] Layer 0: loading 1 expert(s)
[MoE] Layer 1: loading 1 expert(s)
[MoE] Layer 6: loading 1 expert(s)
[MoE] Layer 8: loading 1 expert(s)
[MoE] Layer 11: loading 1 expert(s)
[MoE] Layer 12: loading 1 expert(s)
[MoE] Layer 22: loading 1 expert(s)
[MoE] Layer 23: loading 1 expert(s)
[MoE] Layer 0: loading 1 expert(s)
[MoE] Layer 3: loading 1 expert(s)
[MoE] Layer 8: loading 1 expert(s)
[MoE] Layer 13: loading 1 expert(s)
[MoE] Layer 18: loading 1 expert(s)
[MoE] Layer 21: loading 1 expert(s)
[MoE] Layer 26: loading 1 expert(s)
[MoE] Layer 30: loading 1 expert(s)
[MoE] Layer 37: loading 1 expert(s)
[MoE] Layer 47: loading 1 expert(s)
[MoE] Layer 1: loading 1 expert(s)
[MoE] Layer 6: loading 1 expert(s)
[MoE] Layer 23: loading 1 expert(s)
[MoE] Layer 24: loading 1 expert(s)
[MoE] Layer 1: loading 1 expert(s)
[MoE] Layer 3: loading 1 expert(s)
[MoE] Layer 5: loading 1 expert(s)
[MoE] Layer 35: loading 1 expert(s)
[gen 35/149] elapsed=4.5s  TPS=7.841
[MoE] Layer 5: loading 1 expert(s)
[MoE] Layer 11: loading 1 expert(s)
[MoE] Layer 24: loading 1 expert(s)
[MoE] Layer 40: loading 1 expert(s)
[MoE] Layer 22: loading 1 expert(s)
[MoE] Layer 25: loading 2 expert(s)
[MoE] Layer 34: loading 1 expert(s)
[MoE] Layer 47: loading 1 expert(s)
[MoE] Layer 18: loading 1 expert(s)
[MoE] Layer 30: loading 1 expert(s)
[MoE] Layer 38: loading 1 expert(s)
[MoE] Layer 41: loading 1 expert(s)
[MoE] Layer 0: loading 2 expert(s)
[MoE] Layer 2: loading 1 expert(s)
[MoE] Layer 13: loading 1 expert(s)
[MoE] Layer 38: loading 1 expert(s)
[MoE] Layer 28: loading 1 expert(s)
[gen 40/149] elapsed=4.8s  TPS=8.358
[MoE] Layer 0: loading 3 expert(s)
[MoE] Layer 1: loading 1 expert(s)
[MoE] Layer 7: loading 1 expert(s)
[MoE] Layer 34: loading 1 expert(s)
[MoE] Layer 35: loading 1 expert(s)
[MoE] Layer 0: loading 1 expert(s)
[MoE] Layer 1: loading 1 expert(s)
[MoE] Layer 10: loading 1 expert(s)
[MoE] Layer 11: loading 1 expert(s)
[MoE] Layer 14: loading 1 expert(s)
[MoE] Layer 20: loading 1 expert(s)
[MoE] Layer 23: loading 1 expert(s)
[MoE] Layer 25: loading 1 expert(s)
[MoE] Layer 26: loading 1 expert(s)
[MoE] Layer 33: loading 1 expert(s)
[MoE] Layer 39: loading 1 expert(s)
[MoE] Layer 43: loading 1 expert(s)
[MoE] Layer 45: loading 1 expert(s)
[MoE] Layer 47: loading 2 expert(s)
[MoE] Layer 0: loading 1 expert(s)
[MoE] Layer 1: loading 1 expert(s)
[MoE] Layer 3: loading 1 expert(s)
[MoE] Layer 24: loading 1 expert(s)
[MoE] Layer 31: loading 1 expert(s)
[MoE] Layer 32: loading 1 expert(s)
[MoE] Layer 42: loading 1 expert(s)
[MoE] Layer 46: loading 1 expert(s)
[MoE] Layer 0: loading 3 expert(s)
[MoE] Layer 33: loading 1 expert(s)
[MoE] Layer 0: loading 2 expert(s)
[MoE] Layer 1: loading 1 expert(s)
[MoE] Layer 3: loading 2 expert(s)
[MoE] Layer 17: loading 1 expert(s)
[MoE] Layer 26: loading 1 expert(s)
[MoE] Layer 29: loading 1 expert(s)
[MoE] Layer 30: loading 1 expert(s)
[gen 45/149] elapsed=5.2s  TPS=8.669
[MoE] Layer 0: loading 1 expert(s)
[MoE] Layer 13: loading 1 expert(s)
[MoE] Layer 0: loading 2 expert(s)
[MoE] Layer 1: loading 2 expert(s)
[MoE] Layer 8: loading 1 expert(s)
[MoE] Layer 14: loading 1 expert(s)
[MoE] Layer 23: loading 1 expert(s)
[MoE] Layer 32: loading 1 expert(s)
[MoE] Layer 38: loading 1 expert(s)
[MoE] Layer 39: loading 1 expert(s)
[MoE] Layer 1: loading 1 expert(s)
[MoE] Layer 2: loading 1 expert(s)
[MoE] Layer 3: loading 1 expert(s)
[MoE] Layer 22: loading 1 expert(s)
[MoE] Layer 13: loading 1 expert(s)
[MoE] Layer 19: loading 1 expert(s)
[MoE] Layer 24: loading 1 expert(s)
[MoE] Layer 25: loading 1 expert(s)
[MoE] Layer 37: loading 1 expert(s)
[MoE] Layer 1: loading 1 expert(s)
[MoE] Layer 10: loading 1 expert(s)
[MoE] Layer 26: loading 1 expert(s)
[MoE] Layer 46: loading 1 expert(s)
[gen 50/149] elapsed=5.5s  TPS=9.031
[MoE] Layer 0: loading 1 expert(s)
[MoE] Layer 2: loading 1 expert(s)
[MoE] Layer 4: loading 1 expert(s)
[MoE] Layer 14: loading 1 expert(s)
[MoE] Layer 16: loading 2 expert(s)
[MoE] Layer 17: loading 1 expert(s)
[MoE] Layer 31: loading 1 expert(s)
[MoE] Layer 33: loading 1 expert(s)
[MoE] Layer 35: loading 1 expert(s)
[MoE] Layer 38: loading 1 expert(s)
[MoE] Layer 40: loading 1 expert(s)
[MoE] Layer 0: loading 1 expert(s)
[MoE] Layer 3: loading 1 expert(s)
[MoE] Layer 4: loading 2 expert(s)
[MoE] Layer 12: loading 1 expert(s)
[MoE] Layer 16: loading 1 expert(s)
[MoE] Layer 20: loading 1 expert(s)
[MoE] Layer 22: loading 1 expert(s)
[MoE] Layer 28: loading 1 expert(s)
[MoE] Layer 34: loading 1 expert(s)
[MoE] Layer 42: loading 1 expert(s)
[MoE] Layer 45: loading 1 expert(s)
[MoE] Layer 1: loading 2 expert(s)
[MoE] Layer 2: loading 1 expert(s)
[MoE] Layer 3: loading 1 expert(s)
[MoE] Layer 0: loading 1 expert(s)
[MoE] Layer 3: loading 1 expert(s)
[gen 55/149] elapsed=5.9s  TPS=9.305
[MoE] Layer 11: loading 1 expert(s)
[MoE] Layer 28: loading 1 expert(s)
[MoE] Layer 35: loading 1 expert(s)
[MoE] Layer 12: loading 1 expert(s)
[MoE] Layer 36: loading 1 expert(s)
[MoE] Layer 0: loading 2 expert(s)
[MoE] Layer 1: loading 1 expert(s)
[MoE] Layer 4: loading 1 expert(s)
[MoE] Layer 22: loading 1 expert(s)
[MoE] Layer 28: loading 1 expert(s)
[MoE] Layer 38: loading 1 expert(s)
[MoE] Layer 42: loading 1 expert(s)
[MoE] Layer 3: loading 1 expert(s)
[MoE] Layer 0: loading 1 expert(s)
[MoE] Layer 37: loading 1 expert(s)
[MoE] Layer 43: loading 1 expert(s)
[gen 60/149] elapsed=6.2s  TPS=9.615
[MoE] Layer 0: loading 5 expert(s)
[MoE] Layer 14: loading 1 expert(s)
[MoE] Layer 29: loading 1 expert(s)
[MoE] Layer 1: loading 2 expert(s)
[MoE] Layer 2: loading 1 expert(s)
[MoE] Layer 8: loading 1 expert(s)
[MoE] Layer 13: loading 1 expert(s)
[MoE] Layer 25: loading 1 expert(s)
[MoE] Layer 32: loading 1 expert(s)
[MoE] Layer 36: loading 1 expert(s)
[MoE] Layer 37: loading 1 expert(s)
[MoE] Layer 40: loading 2 expert(s)
[MoE] Layer 2: loading 1 expert(s)
[MoE] Layer 3: loading 1 expert(s)
[MoE] Layer 4: loading 1 expert(s)
[MoE] Layer 12: loading 1 expert(s)
[MoE] Layer 13: loading 1 expert(s)
[MoE] Layer 25: loading 1 expert(s)
[MoE] Layer 0: loading 2 expert(s)
[MoE] Layer 1: loading 1 expert(s)
[MoE] Layer 23: loading 1 expert(s)
[MoE] Layer 36: loading 1 expert(s)
[MoE] Layer 37: loading 1 expert(s)
[MoE] Layer 0: loading 2 expert(s)
[MoE] Layer 3: loading 2 expert(s)
[MoE] Layer 9: loading 1 expert(s)
[MoE] Layer 13: loading 1 expert(s)
[MoE] Layer 18: loading 1 expert(s)
[MoE] Layer 36: loading 1 expert(s)
[MoE] Layer 37: loading 1 expert(s)
[gen 65/149] elapsed=6.6s  TPS=9.786
[MoE] Layer 0: loading 2 expert(s)
[MoE] Layer 1: loading 1 expert(s)
[MoE] Layer 10: loading 1 expert(s)
[MoE] Layer 26: loading 1 expert(s)
[MoE] Layer 35: loading 1 expert(s)
[MoE] Layer 40: loading 1 expert(s)
[MoE] Layer 41: loading 1 expert(s)
[MoE] Layer 42: loading 1 expert(s)
[MoE] Layer 0: loading 2 expert(s)
[MoE] Layer 1: loading 1 expert(s)
[MoE] Layer 2: loading 1 expert(s)
[MoE] Layer 3: loading 1 expert(s)
[MoE] Layer 4: loading 1 expert(s)
[MoE] Layer 5: loading 1 expert(s)
[MoE] Layer 11: loading 1 expert(s)
[MoE] Layer 14: loading 1 expert(s)
[MoE] Layer 30: loading 1 expert(s)
[MoE] Layer 34: loading 1 expert(s)
[MoE] Layer 35: loading 1 expert(s)
[MoE] Layer 0: loading 1 expert(s)
[MoE] Layer 2: loading 1 expert(s)
[MoE] Layer 17: loading 1 expert(s)
[MoE] Layer 27: loading 2 expert(s)
[MoE] Layer 30: loading 1 expert(s)
[MoE] Layer 36: loading 1 expert(s)
[MoE] Layer 39: loading 1 expert(s)
[MoE] Layer 1: loading 1 expert(s)
[MoE] Layer 25: loading 1 expert(s)
[MoE] Layer 26: loading 1 expert(s)
[MoE] Layer 28: loading 1 expert(s)
[MoE] Layer 0: loading 1 expert(s)
[MoE] Layer 11: loading 1 expert(s)
[MoE] Layer 22: loading 1 expert(s)
[MoE] Layer 24: loading 1 expert(s)
[MoE] Layer 35: loading 1 expert(s)
[gen 70/149] elapsed=7.1s  TPS=9.927
[MoE] Layer 23: loading 1 expert(s)
[MoE] Layer 41: loading 1 expert(s)
[MoE] Layer 42: loading 1 expert(s)
[MoE] Layer 17: loading 1 expert(s)
[MoE] Layer 25: loading 1 expert(s)
[MoE] Layer 34: loading 1 expert(s)
[MoE] Layer 3: loading 1 expert(s)
[MoE] Layer 5: loading 1 expert(s)
[MoE] Layer 32: loading 1 expert(s)
[MoE] Layer 34: loading 1 expert(s)
[MoE] Layer 35: loading 1 expert(s)
[MoE] Layer 37: loading 1 expert(s)
[MoE] Layer 0: loading 2 expert(s)
[MoE] Layer 1: loading 1 expert(s)
[gen 75/149] elapsed=7.4s  TPS=10.165
[MoE] Layer 0: loading 2 expert(s)
[MoE] Layer 36: loading 1 expert(s)
[MoE] Layer 6: loading 1 expert(s)
[MoE] Layer 29: loading 1 expert(s)
[MoE] Layer 0: loading 1 expert(s)
[MoE] Layer 6: loading 1 expert(s)
[MoE] Layer 0: loading 1 expert(s)
[MoE] Layer 2: loading 1 expert(s)
[MoE] Layer 13: loading 1 expert(s)
[gen 80/149] elapsed=7.7s  TPS=10.414
[MoE] Layer 0: loading 1 expert(s)
[MoE] Layer 1: loading 1 expert(s)
[MoE] Layer 5: loading 1 expert(s)
[MoE] Layer 17: loading 1 expert(s)
[MoE] Layer 23: loading 1 expert(s)
[MoE] Layer 24: loading 2 expert(s)
[MoE] Layer 26: loading 1 expert(s)
[MoE] Layer 33: loading 1 expert(s)
[MoE] Layer 36: loading 1 expert(s)
[MoE] Layer 0: loading 2 expert(s)
[MoE] Layer 1: loading 2 expert(s)
[MoE] Layer 25: loading 1 expert(s)
[MoE] Layer 1: loading 1 expert(s)
[MoE] Layer 24: loading 1 expert(s)
[MoE] Layer 0: loading 3 expert(s)
[MoE] Layer 1: loading 1 expert(s)
[MoE] Layer 37: loading 1 expert(s)
[MoE] Layer 0: loading 2 expert(s)
[MoE] Layer 3: loading 1 expert(s)
[MoE] Layer 5: loading 1 expert(s)
[MoE] Layer 9: loading 1 expert(s)
[MoE] Layer 14: loading 1 expert(s)
[MoE] Layer 21: loading 1 expert(s)
[MoE] Layer 26: loading 1 expert(s)
[MoE] Layer 38: loading 1 expert(s)
[MoE] Layer 47: loading 1 expert(s)
[gen 85/149] elapsed=8.1s  TPS=10.547
[MoE] Layer 0: loading 1 expert(s)
[MoE] Layer 1: loading 1 expert(s)
[MoE] Layer 3: loading 1 expert(s)
[MoE] Layer 23: loading 1 expert(s)
[MoE] Layer 24: loading 1 expert(s)
[MoE] Layer 46: loading 1 expert(s)
[MoE] Layer 47: loading 2 expert(s)
[MoE] Layer 5: loading 1 expert(s)
[MoE] Layer 23: loading 1 expert(s)
[MoE] Layer 26: loading 1 expert(s)
[MoE] Layer 27: loading 1 expert(s)
[MoE] Layer 32: loading 1 expert(s)
[MoE] Layer 7: loading 1 expert(s)
[MoE] Layer 33: loading 1 expert(s)
[MoE] Layer 47: loading 1 expert(s)
[MoE] Layer 8: loading 2 expert(s)
[MoE] Layer 33: loading 1 expert(s)
[MoE] Layer 0: loading 1 expert(s)
[MoE] Layer 1: loading 2 expert(s)
[gen 90/149] elapsed=8.4s  TPS=10.706
[MoE] Layer 0: loading 1 expert(s)
[MoE] Layer 5: loading 1 expert(s)
[MoE] Layer 16: loading 1 expert(s)
[MoE] Layer 25: loading 1 expert(s)
[MoE] Layer 34: loading 1 expert(s)
[MoE] Layer 5: loading 1 expert(s)
[MoE] Layer 18: loading 1 expert(s)
[MoE] Layer 22: loading 1 expert(s)
[MoE] Layer 3: loading 1 expert(s)
[MoE] Layer 42: loading 1 expert(s)
[MoE] Layer 44: loading 1 expert(s)
[MoE] Layer 46: loading 1 expert(s)
[MoE] Layer 1: loading 3 expert(s)
[MoE] Layer 2: loading 1 expert(s)
[MoE] Layer 3: loading 2 expert(s)
[MoE] Layer 20: loading 1 expert(s)
[MoE] Layer 28: loading 1 expert(s)
[MoE] Layer 33: loading 2 expert(s)
[MoE] Layer 40: loading 1 expert(s)
[MoE] Layer 47: loading 1 expert(s)
[MoE] Layer 1: loading 2 expert(s)
[MoE] Layer 3: loading 2 expert(s)
[MoE] Layer 24: loading 1 expert(s)
[gen 95/149] elapsed=8.8s  TPS=10.831
[MoE] Layer 37: loading 1 expert(s)
[MoE] Layer 1: loading 1 expert(s)
[MoE] Layer 35: loading 1 expert(s)
[MoE] Layer 0: loading 1 expert(s)
[MoE] Layer 1: loading 2 expert(s)
[MoE] Layer 16: loading 1 expert(s)
[MoE] Layer 20: loading 1 expert(s)
[MoE] Layer 28: loading 1 expert(s)
[MoE] Layer 38: loading 1 expert(s)
[MoE] Layer 40: loading 1 expert(s)
[MoE] Layer 0: loading 3 expert(s)
[MoE] Layer 2: loading 1 expert(s)
[MoE] Layer 3: loading 1 expert(s)
[MoE] Layer 6: loading 1 expert(s)
[MoE] Layer 0: loading 4 expert(s)
[MoE] Layer 1: loading 2 expert(s)
[MoE] Layer 3: loading 2 expert(s)
[MoE] Layer 11: loading 1 expert(s)
[MoE] Layer 16: loading 1 expert(s)
[MoE] Layer 18: loading 1 expert(s)
[MoE] Layer 35: loading 1 expert(s)
[gen 100/149] elapsed=9.1s  TPS=10.952
[MoE] Layer 0: loading 1 expert(s)
[MoE] Layer 1: loading 1 expert(s)
[MoE] Layer 2: loading 1 expert(s)
[MoE] Layer 8: loading 1 expert(s)
[MoE] Layer 34: loading 1 expert(s)
[MoE] Layer 35: loading 1 expert(s)
[MoE] Layer 42: loading 1 expert(s)
[MoE] Layer 0: loading 1 expert(s)
[MoE] Layer 0: loading 3 expert(s)
[MoE] Layer 2: loading 1 expert(s)
[MoE] Layer 3: loading 2 expert(s)
[MoE] Layer 12: loading 1 expert(s)
[MoE] Layer 16: loading 1 expert(s)
[MoE] Layer 25: loading 1 expert(s)
[MoE] Layer 26: loading 1 expert(s)
[MoE] Layer 32: loading 1 expert(s)
[MoE] Layer 34: loading 1 expert(s)
[MoE] Layer 39: loading 1 expert(s)
[MoE] Layer 40: loading 1 expert(s)
[MoE] Layer 44: loading 1 expert(s)
[MoE] Layer 47: loading 1 expert(s)
[MoE] Layer 1: loading 2 expert(s)
[MoE] Layer 24: loading 1 expert(s)
[MoE] Layer 29: loading 1 expert(s)
[MoE] Layer 35: loading 1 expert(s)
[MoE] Layer 0: loading 1 expert(s)
[MoE] Layer 26: loading 1 expert(s)
[MoE] Layer 29: loading 1 expert(s)
[MoE] Layer 33: loading 1 expert(s)
[MoE] Layer 36: loading 1 expert(s)
[gen 105/149] elapsed=9.5s  TPS=11.026
[MoE] Layer 0: loading 1 expert(s)
[MoE] Layer 1: loading 1 expert(s)
[MoE] Layer 27: loading 1 expert(s)
[MoE] Layer 42: loading 1 expert(s)
[MoE] Layer 0: loading 2 expert(s)
[MoE] Layer 9: loading 1 expert(s)
[MoE] Layer 10: loading 1 expert(s)
[MoE] Layer 17: loading 1 expert(s)
[MoE] Layer 18: loading 1 expert(s)
[MoE] Layer 29: loading 1 expert(s)
[MoE] Layer 32: loading 1 expert(s)
[MoE] Layer 35: loading 1 expert(s)
[MoE] Layer 36: loading 1 expert(s)
[MoE] Layer 39: loading 2 expert(s)
[MoE] Layer 40: loading 1 expert(s)
[MoE] Layer 0: loading 1 expert(s)
[MoE] Layer 2: loading 2 expert(s)
[MoE] Layer 24: loading 1 expert(s)
[MoE] Layer 26: loading 1 expert(s)
[MoE] Layer 34: loading 1 expert(s)
[MoE] Layer 1: loading 2 expert(s)
[MoE] Layer 17: loading 1 expert(s)
[MoE] Layer 21: loading 1 expert(s)
[MoE] Layer 23: loading 1 expert(s)
[MoE] Layer 14: loading 1 expert(s)
[gen 110/149] elapsed=9.9s  TPS=11.113
[MoE] Layer 2: loading 1 expert(s)
[MoE] Layer 35: loading 1 expert(s)
[MoE] Layer 0: loading 1 expert(s)
[MoE] Layer 2: loading 1 expert(s)
[MoE] Layer 12: loading 1 expert(s)
[MoE] Layer 15: loading 1 expert(s)
[MoE] Layer 1: loading 2 expert(s)
[MoE] Layer 16: loading 1 expert(s)
[MoE] Layer 35: loading 1 expert(s)
[MoE] Layer 21: loading 1 expert(s)
[MoE] Layer 35: loading 1 expert(s)
[MoE] Layer 38: loading 1 expert(s)
[MoE] Layer 41: loading 1 expert(s)
[MoE] Layer 0: loading 1 expert(s)
[MoE] Layer 1: loading 1 expert(s)
[MoE] Layer 2: loading 1 expert(s)
[MoE] Layer 13: loading 1 expert(s)
[MoE] Layer 37: loading 1 expert(s)
[gen 115/149] elapsed=10.2s  TPS=11.231
[MoE] Layer 0: loading 2 expert(s)
[MoE] Layer 3: loading 1 expert(s)
[MoE] Layer 9: loading 1 expert(s)
[MoE] Layer 24: loading 1 expert(s)
[MoE] Layer 31: loading 1 expert(s)
[MoE] Layer 46: loading 1 expert(s)
[MoE] Layer 1: loading 1 expert(s)
[MoE] Layer 21: loading 1 expert(s)
[MoE] Layer 39: loading 1 expert(s)
[MoE] Layer 1: loading 1 expert(s)
[MoE] Layer 3: loading 1 expert(s)
[MoE] Layer 5: loading 1 expert(s)
[MoE] Layer 8: loading 1 expert(s)
[MoE] Layer 0: loading 1 expert(s)
[MoE] Layer 0: loading 1 expert(s)
[MoE] Layer 33: loading 1 expert(s)
[gen 120/149] elapsed=10.6s  TPS=11.353
[MoE] Layer 0: loading 1 expert(s)
[MoE] Layer 1: loading 1 expert(s)
[MoE] Layer 2: loading 1 expert(s)
[MoE] Layer 3: loading 1 expert(s)
[MoE] Layer 22: loading 1 expert(s)
[MoE] Layer 0: loading 1 expert(s)
[MoE] Layer 35: loading 1 expert(s)
[MoE] Layer 41: loading 1 expert(s)
[MoE] Layer 0: loading 2 expert(s)
[MoE] Layer 1: loading 1 expert(s)
[MoE] Layer 2: loading 1 expert(s)
[MoE] Layer 5: loading 1 expert(s)
[MoE] Layer 10: loading 1 expert(s)
[MoE] Layer 11: loading 1 expert(s)
[MoE] Layer 13: loading 1 expert(s)
[MoE] Layer 21: loading 1 expert(s)
[MoE] Layer 27: loading 1 expert(s)
[MoE] Layer 39: loading 1 expert(s)
[MoE] Layer 0: loading 2 expert(s)
[MoE] Layer 1: loading 2 expert(s)
[MoE] Layer 11: loading 1 expert(s)
[MoE] Layer 15: loading 1 expert(s)
[MoE] Layer 26: loading 1 expert(s)
[MoE] Layer 30: loading 1 expert(s)
[MoE] Layer 34: loading 1 expert(s)
[MoE] Layer 38: loading 1 expert(s)
[MoE] Layer 0: loading 2 expert(s)
[MoE] Layer 1: loading 2 expert(s)
[MoE] Layer 2: loading 1 expert(s)
[MoE] Layer 3: loading 2 expert(s)
[MoE] Layer 35: loading 1 expert(s)
[gen 125/149] elapsed=11.0s  TPS=11.397
[MoE] Layer 1: loading 1 expert(s)
[MoE] Layer 16: loading 1 expert(s)
[MoE] Layer 4: loading 1 expert(s)
[MoE] Layer 10: loading 1 expert(s)
[MoE] Layer 0: loading 1 expert(s)
[MoE] Layer 10: loading 1 expert(s)
[MoE] Layer 47: loading 1 expert(s)
[MoE] Layer 0: loading 1 expert(s)
[MoE] Layer 35: loading 1 expert(s)
[MoE] Layer 40: loading 1 expert(s)
[MoE] Layer 2: loading 1 expert(s)
[MoE] Layer 5: loading 1 expert(s)
[MoE] Layer 13: loading 1 expert(s)
[MoE] Layer 25: loading 2 expert(s)
[MoE] Layer 37: loading 1 expert(s)
[gen 130/149] elapsed=11.3s  TPS=11.509
[MoE] Layer 0: loading 1 expert(s)
[MoE] Layer 1: loading 1 expert(s)
[MoE] Layer 22: loading 1 expert(s)
[MoE] Layer 1: loading 1 expert(s)
[MoE] Layer 3: loading 1 expert(s)
[MoE] Layer 10: loading 1 expert(s)
[MoE] Layer 17: loading 1 expert(s)
[MoE] Layer 26: loading 1 expert(s)
[MoE] Layer 34: loading 1 expert(s)
[MoE] Layer 0: loading 2 expert(s)
[MoE] Layer 12: loading 1 expert(s)
[MoE] Layer 0: loading 1 expert(s)
[MoE] Layer 3: loading 1 expert(s)
[MoE] Layer 37: loading 1 expert(s)
[gen 135/149] elapsed=11.6s  TPS=11.618
[MoE] Layer 0: loading 2 expert(s)
[MoE] Layer 3: loading 2 expert(s)
[MoE] Layer 8: loading 1 expert(s)
[MoE] Layer 27: loading 1 expert(s)
[MoE] Layer 29: loading 1 expert(s)
[MoE] Layer 47: loading 1 expert(s)
[MoE] Layer 0: loading 1 expert(s)
[MoE] Layer 1: loading 1 expert(s)
[MoE] Layer 3: loading 1 expert(s)
[MoE] Layer 16: loading 1 expert(s)
[MoE] Layer 43: loading 1 expert(s)
[MoE] Layer 0: loading 2 expert(s)
[MoE] Layer 3: loading 1 expert(s)
[MoE] Layer 8: loading 1 expert(s)
[MoE] Layer 15: loading 1 expert(s)
[MoE] Layer 20: loading 1 expert(s)
[MoE] Layer 37: loading 1 expert(s)
[MoE] Layer 39: loading 1 expert(s)
[MoE] Layer 0: loading 1 expert(s)
[MoE] Layer 3: loading 1 expert(s)
[MoE] Layer 8: loading 1 expert(s)
[MoE] Layer 10: loading 1 expert(s)
[MoE] Layer 11: loading 1 expert(s)
[MoE] Layer 13: loading 1 expert(s)
[MoE] Layer 25: loading 1 expert(s)
[MoE] Layer 27: loading 1 expert(s)
[MoE] Layer 34: loading 2 expert(s)
[MoE] Layer 37: loading 1 expert(s)
[MoE] Layer 10: loading 1 expert(s)
[MoE] Layer 12: loading 1 expert(s)
[MoE] Layer 15: loading 1 expert(s)
[MoE] Layer 37: loading 1 expert(s)
[MoE] Layer 42: loading 1 expert(s)
[gen 140/149] elapsed=12.0s  TPS=11.644
[MoE] Layer 5: loading 1 expert(s)
[MoE] Layer 12: loading 1 expert(s)
[MoE] Layer 0: loading 3 expert(s)
[MoE] Layer 1: loading 2 expert(s)
[MoE] Layer 2: loading 2 expert(s)
[MoE] Layer 3: loading 2 expert(s)
[MoE] Layer 9: loading 1 expert(s)
[MoE] Layer 10: loading 2 expert(s)
[MoE] Layer 12: loading 1 expert(s)
[MoE] Layer 22: loading 1 expert(s)
[MoE] Layer 25: loading 1 expert(s)
[MoE] Layer 34: loading 1 expert(s)
[MoE] Layer 35: loading 1 expert(s)
[MoE] Layer 37: loading 2 expert(s)
[MoE] Layer 39: loading 1 expert(s)
[MoE] Layer 44: loading 1 expert(s)
[MoE] Layer 45: loading 1 expert(s)
[MoE] Layer 0: loading 3 expert(s)
[MoE] Layer 1: loading 2 expert(s)
[MoE] Layer 2: loading 1 expert(s)
[MoE] Layer 3: loading 2 expert(s)
[MoE] Layer 5: loading 1 expert(s)
[MoE] Layer 10: loading 1 expert(s)
[MoE] Layer 11: loading 1 expert(s)
[MoE] Layer 13: loading 1 expert(s)
[MoE] Layer 22: loading 1 expert(s)
[MoE] Layer 25: loading 1 expert(s)
[MoE] Layer 28: loading 1 expert(s)
[MoE] Layer 29: loading 1 expert(s)
[MoE] Layer 32: loading 2 expert(s)
[MoE] Layer 33: loading 1 expert(s)
[MoE] Layer 37: loading 2 expert(s)
[MoE] Layer 0: loading 2 expert(s)
[MoE] Layer 2: loading 1 expert(s)
[MoE] Layer 3: loading 1 expert(s)
[MoE] Layer 4: loading 1 expert(s)
[MoE] Layer 8: loading 2 expert(s)
[MoE] Layer 12: loading 1 expert(s)
[MoE] Layer 13: loading 1 expert(s)
[MoE] Layer 20: loading 1 expert(s)
[MoE] Layer 22: loading 1 expert(s)
[MoE] Layer 23: loading 1 expert(s)
[MoE] Layer 24: loading 1 expert(s)
[MoE] Layer 26: loading 1 expert(s)
[MoE] Layer 36: loading 1 expert(s)
[MoE] Layer 37: loading 1 expert(s)
[MoE] Layer 3: loading 2 expert(s)
[MoE] Layer 9: loading 1 expert(s)
[MoE] Layer 11: loading 1 expert(s)
[MoE] Layer 16: loading 1 expert(s)
[MoE] Layer 21: loading 1 expert(s)
[MoE] Layer 24: loading 1 expert(s)
[MoE] Layer 25: loading 1 expert(s)
[MoE] Layer 33: loading 1 expert(s)
[MoE] Layer 35: loading 1 expert(s)
[gen 145/149] elapsed=12.5s  TPS=11.564
[MoE] Layer 0: loading 1 expert(s)
[MoE] Layer 2: loading 1 expert(s)
[MoE] Layer 9: loading 1 expert(s)
[MoE] Layer 10: loading 1 expert(s)
[MoE] Layer 12: loading 1 expert(s)
[MoE] Layer 24: loading 1 expert(s)
[MoE] Layer 36: loading 1 expert(s)
[MoE] Layer 38: loading 1 expert(s)
[MoE] Layer 0: loading 1 expert(s)
[MoE] Layer 22: loading 1 expert(s)
[MoE] Layer 25: loading 1 expert(s)
[MoE] Layer 27: loading 1 expert(s)
[MoE] Layer 29: loading 1 expert(s)
[MoE] Layer 34: loading 1 expert(s)
[MoE] Layer 35: loading 1 expert(s)
[MoE] Layer 37: loading 1 expert(s)
[MoE] Layer 0: loading 1 expert(s)
[MoE] Layer 1: loading 2 expert(s)
[MoE] Layer 0: loading 2 expert(s)
[MoE] Layer 1: loading 1 expert(s)
[MoE] Layer 2: loading 2 expert(s)
[MoE] Layer 9: loading 1 expert(s)
[MoE] Layer 13: loading 1 expert(s)
[MoE] Layer 14: loading 2 expert(s)
[MoE] Layer 16: loading 1 expert(s)
[MoE] Layer 17: loading 1 expert(s)
[MoE] Layer 23: loading 1 expert(s)
[MoE] Layer 25: loading 2 expert(s)
[MoE] Layer 28: loading 1 expert(s)
[MoE] Layer 31: loading 1 expert(s)
[MoE] Layer 34: loading 1 expert(s)
[MoE] Layer 35: loading 2 expert(s)
[MoE] Layer 37: loading 1 expert(s)
[MoE] Layer 47: loading 1 expert(s)
Prefill time (summary): 12.313 seconds
Total Generation Time: 12.902 seconds
Average Time per Token: 0.087 seconds

Expert Cache Statistics:
Layer 0: Hits=1031, Misses=161, HitRate=86.49%
    Bandwidth: MissLoads=161, AvgLoadTime=2.50ms
Layer 1: Hits=1085, Misses=107, HitRate=91.02%
    Bandwidth: MissLoads=107, AvgLoadTime=2.85ms
Layer 2: Hits=1142, Misses=50, HitRate=95.81%
    Bandwidth: MissLoads=50, AvgLoadTime=3.03ms
Layer 3: Hits=1117, Misses=75, HitRate=93.71%
    Bandwidth: MissLoads=75, AvgLoadTime=2.95ms
Layer 4: Hits=1168, Misses=24, HitRate=97.99%
    Bandwidth: MissLoads=24, AvgLoadTime=3.14ms
Layer 5: Hits=1168, Misses=24, HitRate=97.99%
    Bandwidth: MissLoads=24, AvgLoadTime=3.50ms
Layer 6: Hits=1181, Misses=11, HitRate=99.08%
    Bandwidth: MissLoads=11, AvgLoadTime=3.47ms
Layer 7: Hits=1184, Misses=8, HitRate=99.33%
    Bandwidth: MissLoads=8, AvgLoadTime=3.62ms
Layer 8: Hits=1160, Misses=32, HitRate=97.32%
    Bandwidth: MissLoads=32, AvgLoadTime=2.98ms
Layer 9: Hits=1170, Misses=22, HitRate=98.15%
    Bandwidth: MissLoads=22, AvgLoadTime=3.12ms
Layer 10: Hits=1167, Misses=25, HitRate=97.90%
    Bandwidth: MissLoads=25, AvgLoadTime=3.35ms
Layer 11: Hits=1163, Misses=29, HitRate=97.57%
    Bandwidth: MissLoads=29, AvgLoadTime=3.14ms
Layer 12: Hits=1158, Misses=34, HitRate=97.15%
    Bandwidth: MissLoads=34, AvgLoadTime=3.15ms
Layer 13: Hits=1159, Misses=33, HitRate=97.23%
    Bandwidth: MissLoads=33, AvgLoadTime=3.07ms
Layer 14: Hits=1170, Misses=22, HitRate=98.15%
    Bandwidth: MissLoads=22, AvgLoadTime=3.39ms
Layer 15: Hits=1177, Misses=15, HitRate=98.74%
    Bandwidth: MissLoads=15, AvgLoadTime=3.63ms
Layer 16: Hits=1165, Misses=27, HitRate=97.73%
    Bandwidth: MissLoads=27, AvgLoadTime=3.08ms
Layer 17: Hits=1157, Misses=35, HitRate=97.06%
    Bandwidth: MissLoads=35, AvgLoadTime=2.92ms
Layer 18: Hits=1182, Misses=10, HitRate=99.16%
    Bandwidth: MissLoads=10, AvgLoadTime=3.34ms
Layer 19: Hits=1184, Misses=8, HitRate=99.33%
    Bandwidth: MissLoads=8, AvgLoadTime=3.32ms
Layer 20: Hits=1175, Misses=17, HitRate=98.57%
    Bandwidth: MissLoads=17, AvgLoadTime=3.30ms
Layer 21: Hits=1178, Misses=14, HitRate=98.83%
    Bandwidth: MissLoads=14, AvgLoadTime=3.21ms
Layer 22: Hits=1168, Misses=24, HitRate=97.99%
    Bandwidth: MissLoads=24, AvgLoadTime=3.24ms
Layer 23: Hits=1164, Misses=28, HitRate=97.65%
    Bandwidth: MissLoads=28, AvgLoadTime=3.19ms
Layer 24: Hits=1159, Misses=33, HitRate=97.23%
    Bandwidth: MissLoads=33, AvgLoadTime=3.14ms
Layer 25: Hits=1154, Misses=38, HitRate=96.81%
    Bandwidth: MissLoads=38, AvgLoadTime=3.00ms
Layer 26: Hits=1163, Misses=29, HitRate=97.57%
    Bandwidth: MissLoads=29, AvgLoadTime=3.36ms
Layer 27: Hits=1172, Misses=20, HitRate=98.32%
    Bandwidth: MissLoads=20, AvgLoadTime=3.29ms
Layer 28: Hits=1165, Misses=27, HitRate=97.73%
    Bandwidth: MissLoads=27, AvgLoadTime=3.03ms
Layer 29: Hits=1162, Misses=30, HitRate=97.48%
    Bandwidth: MissLoads=30, AvgLoadTime=3.18ms
Layer 30: Hits=1183, Misses=9, HitRate=99.24%
    Bandwidth: MissLoads=9, AvgLoadTime=3.59ms
Layer 31: Hits=1183, Misses=9, HitRate=99.24%
    Bandwidth: MissLoads=9, AvgLoadTime=3.67ms
Layer 32: Hits=1168, Misses=24, HitRate=97.99%
    Bandwidth: MissLoads=24, AvgLoadTime=3.08ms
Layer 33: Hits=1165, Misses=27, HitRate=97.73%
    Bandwidth: MissLoads=27, AvgLoadTime=3.07ms
Layer 34: Hits=1163, Misses=29, HitRate=97.57%
    Bandwidth: MissLoads=29, AvgLoadTime=2.95ms
Layer 35: Hits=1144, Misses=48, HitRate=95.97%
    Bandwidth: MissLoads=48, AvgLoadTime=2.86ms
Layer 36: Hits=1162, Misses=30, HitRate=97.48%
    Bandwidth: MissLoads=30, AvgLoadTime=3.11ms
Layer 37: Hits=1156, Misses=36, HitRate=96.98%
    Bandwidth: MissLoads=36, AvgLoadTime=3.26ms
Layer 38: Hits=1168, Misses=24, HitRate=97.99%
    Bandwidth: MissLoads=24, AvgLoadTime=3.20ms
Layer 39: Hits=1170, Misses=22, HitRate=98.15%
    Bandwidth: MissLoads=22, AvgLoadTime=3.24ms
Layer 40: Hits=1164, Misses=28, HitRate=97.65%
    Bandwidth: MissLoads=28, AvgLoadTime=3.15ms
Layer 41: Hits=1166, Misses=26, HitRate=97.82%
    Bandwidth: MissLoads=26, AvgLoadTime=3.22ms
Layer 42: Hits=1164, Misses=28, HitRate=97.65%
    Bandwidth: MissLoads=28, AvgLoadTime=3.23ms
Layer 43: Hits=1178, Misses=14, HitRate=98.83%
    Bandwidth: MissLoads=14, AvgLoadTime=3.04ms
Layer 44: Hits=1176, Misses=16, HitRate=98.66%
    Bandwidth: MissLoads=16, AvgLoadTime=2.97ms
Layer 45: Hits=1176, Misses=16, HitRate=98.66%
    Bandwidth: MissLoads=16, AvgLoadTime=2.96ms
Layer 46: Hits=1174, Misses=18, HitRate=98.49%
    Bandwidth: MissLoads=18, AvgLoadTime=2.75ms
Layer 47: Hits=1154, Misses=38, HitRate=96.81%
    Bandwidth: MissLoads=38, AvgLoadTime=2.85ms
============================================================
============================================================
Initializing Qwen3 30B-A3B AWQ w4a16 quantized model...
============================================================
Loading quantized weights from QuixiAI/Qwen3-30B-A3B-AWQ...
Using saved safetensors: /home/michael/heteroPredict/py/unified_llm_w4a16/model_weights/Qwen3-30B-A3B-AWQ.safetensors
Expert weights dir: /home/michael/heteroPredict/py/unified_llm_w4a16/model_weights/Qwen3-30B-A3B-AWQ_packed  (format: packed)
Using existing attention weights in /home/michael/heteroPredict/py/unified_llm_w4a16/model_weights/Qwen3-30B-A3B-AWQ_unpacked
Weights loaded (expert dir override) in 0.29 seconds
Pre-warming expert cache with 64 experts...
Model initialized successfully!
Setting lambda to 1.0
Forced top-5 experts into cache mask.
Set expert cache policy to LRU.

Running sweep using prompts from JSON: /tmp/tmp5hig4_36.json
Loaded 1 prompts for sweeping.

Processing Prompt 1/1...

============================================================
Generated text only:
============================================================
 commoners ) . The popularity of Du Fu 's poetry in Japan was further enhanced by the Edo period 's " Du Fu fever " , which was led by the " Edo school " of Confucianism , and the " Kamo River " of the Edo period , which was a center of culture and literature . The Edo school of Confucianism , which was led by the " Neo-Confucian " school of Wang Yangming , was a major force in the spread of Du Fu 's poetry in Japan . The " Kamo River " was a center of culture and literature in the Edo period , and it was the place where many poets and scholars gathered to discuss and appreciate Du Fu 's
============================================================

============================================================
Sweep Complete.
Average Time per Token: 0.168141
End-to-End TPS: 5.9474
Cache Stats: Hits=55762, Misses=1454, HitRate=97.46%
Initializing UnifiedLLMW4A16Impl_base
Using NPU config struct.
Configuring NPU (Base):
  Heterogeneity: gpu
  GPU Count: 1
  Debug Verbosity: 1
  Dummy Weights: false
  Warmup: false
  Preload MoE: true
  Minimal PDI: true
[GPU SELECT] Free VRAM ranking: gpu0=28.00/28.00 GiB
[GPU SELECT] Selected GPUs for gpu-count=1: [0]
[GPU MAP] Single-GPU placement on gpu0
UnifiedLLMW4A16 moved to device: cuda:0
Preloading MoE kernels...
MoE kernels preloaded.
UnifiedLLMW4A16 initialized on device: cuda:0 with w4a16 quantization
Loading non-quantized weights from safetensors (mmap): /home/michael/heteroPredict/py/unified_llm_w4a16/model_weights/Qwen3-30B-A3B-AWQ.safetensors
Loaded 243 non-quantized parameters, skipped 0
Loading quantized weights from bins: /home/michael/heteroPredict/py/unified_llm_w4a16/model_weights/Qwen3-30B-A3B-AWQ_unpacked
Pre-warming 64 experts for all layers...
Layer 0: Pre-warming 64 experts.
Layer 0: using packed expert format.
[MoE I/O] Expert weight reads require O_DIRECT (no buffered fallback).
Layer 1: Pre-warming 64 experts.
Layer 1: using packed expert format.
Layer 2: Pre-warming 64 experts.
Layer 2: using packed expert format.
Layer 3: Pre-warming 64 experts.
Layer 3: using packed expert format.
Prewarmed experts for layer 4/48
Layer 4: Pre-warming 64 experts.
Layer 4: using packed expert format.
Layer 5: Pre-warming 64 experts.
Layer 5: using packed expert format.
Layer 6: Pre-warming 64 experts.
Layer 6: using packed expert format.
Layer 7: Pre-warming 64 experts.
Layer 7: using packed expert format.
Prewarmed experts for layer 8/48
Layer 8: Pre-warming 64 experts.
Layer 8: using packed expert format.
Layer 9: Pre-warming 64 experts.
Layer 9: using packed expert format.
Layer 10: Pre-warming 64 experts.
Layer 10: using packed expert format.
Layer 11: Pre-warming 64 experts.
Layer 11: using packed expert format.
Prewarmed experts for layer 12/48
Layer 12: Pre-warming 64 experts.
Layer 12: using packed expert format.
Layer 13: Pre-warming 64 experts.
Layer 13: using packed expert format.
Layer 14: Pre-warming 64 experts.
Layer 14: using packed expert format.
Layer 15: Pre-warming 64 experts.
Layer 15: using packed expert format.
Prewarmed experts for layer 16/48
Layer 16: Pre-warming 64 experts.
Layer 16: using packed expert format.
Layer 17: Pre-warming 64 experts.
Layer 17: using packed expert format.
Layer 18: Pre-warming 64 experts.
Layer 18: using packed expert format.
Layer 19: Pre-warming 64 experts.
Layer 19: using packed expert format.
Prewarmed experts for layer 20/48
Layer 20: Pre-warming 64 experts.
Layer 20: using packed expert format.
Layer 21: Pre-warming 64 experts.
Layer 21: using packed expert format.
Layer 22: Pre-warming 64 experts.
Layer 22: using packed expert format.
Layer 23: Pre-warming 64 experts.
Layer 23: using packed expert format.
Prewarmed experts for layer 24/48
Layer 24: Pre-warming 64 experts.
Layer 24: using packed expert format.
Layer 25: Pre-warming 64 experts.
Layer 25: using packed expert format.
Layer 26: Pre-warming 64 experts.
Layer 26: using packed expert format.
Layer 27: Pre-warming 64 experts.
Layer 27: using packed expert format.
Prewarmed experts for layer 28/48
Layer 28: Pre-warming 64 experts.
Layer 28: using packed expert format.
Layer 29: Pre-warming 64 experts.
Layer 29: using packed expert format.
Layer 30: Pre-warming 64 experts.
Layer 30: using packed expert format.
Layer 31: Pre-warming 64 experts.
Layer 31: using packed expert format.
Prewarmed experts for layer 32/48
Layer 32: Pre-warming 64 experts.
Layer 32: using packed expert format.
Layer 33: Pre-warming 64 experts.
Layer 33: using packed expert format.
Layer 34: Pre-warming 64 experts.
Layer 34: using packed expert format.
Layer 35: Pre-warming 64 experts.
Layer 35: using packed expert format.
Prewarmed experts for layer 36/48
Layer 36: Pre-warming 64 experts.
Layer 36: using packed expert format.
Layer 37: Pre-warming 64 experts.
Layer 37: using packed expert format.
Layer 38: Pre-warming 64 experts.
Layer 38: using packed expert format.
Layer 39: Pre-warming 64 experts.
Layer 39: using packed expert format.
Prewarmed experts for layer 40/48
Layer 40: Pre-warming 64 experts.
Layer 40: using packed expert format.
Layer 41: Pre-warming 64 experts.
Layer 41: using packed expert format.
Layer 42: Pre-warming 64 experts.
Layer 42: using packed expert format.
Layer 43: Pre-warming 64 experts.
Layer 43: using packed expert format.
Prewarmed experts for layer 44/48
Layer 44: Pre-warming 64 experts.
Layer 44: using packed expert format.
Layer 45: Pre-warming 64 experts.
Layer 45: using packed expert format.
Layer 46: Pre-warming 64 experts.
Layer 46: using packed expert format.
Layer 47: Pre-warming 64 experts.
Layer 47: using packed expert format.
Prewarmed experts for layer 48/48
Libtorch input_ids shape: [1, 512]
Skipping warmup.
Prefill time: 13.0149 seconds
Generation phase
[MoE] Layer 0: loading 1 expert(s)
[MoE] Layer 1: loading 2 expert(s)
[MoE] Layer 2: loading 2 expert(s)
[MoE] Layer 3: loading 2 expert(s)
[MoE] Layer 4: loading 3 expert(s)
[MoE] Layer 5: loading 2 expert(s)
[MoE] Layer 6: loading 1 expert(s)
[MoE] Layer 7: loading 1 expert(s)
[MoE] Layer 8: loading 3 expert(s)
[MoE] Layer 9: loading 2 expert(s)
[MoE] Layer 10: loading 2 expert(s)
[MoE] Layer 12: loading 3 expert(s)
[MoE] Layer 13: loading 1 expert(s)
[MoE] Layer 14: loading 2 expert(s)
[MoE] Layer 15: loading 2 expert(s)
[MoE] Layer 16: loading 2 expert(s)
[MoE] Layer 17: loading 4 expert(s)
[MoE] Layer 18: loading 1 expert(s)
[MoE] Layer 19: loading 1 expert(s)
[MoE] Layer 20: loading 2 expert(s)
[MoE] Layer 21: loading 3 expert(s)
[MoE] Layer 22: loading 1 expert(s)
[MoE] Layer 23: loading 1 expert(s)
[MoE] Layer 24: loading 2 expert(s)
[MoE] Layer 25: loading 1 expert(s)
[MoE] Layer 26: loading 3 expert(s)
[MoE] Layer 27: loading 3 expert(s)
[MoE] Layer 28: loading 3 expert(s)
[MoE] Layer 29: loading 1 expert(s)
[MoE] Layer 31: loading 2 expert(s)
[MoE] Layer 32: loading 2 expert(s)
[MoE] Layer 33: loading 3 expert(s)
[MoE] Layer 34: loading 1 expert(s)
[MoE] Layer 35: loading 1 expert(s)
[MoE] Layer 36: loading 2 expert(s)
[MoE] Layer 38: loading 2 expert(s)
[MoE] Layer 39: loading 2 expert(s)
[MoE] Layer 40: loading 2 expert(s)
[MoE] Layer 41: loading 3 expert(s)
[MoE] Layer 43: loading 1 expert(s)
[MoE] Layer 44: loading 2 expert(s)
[MoE] Layer 45: loading 1 expert(s)
[MoE] Layer 46: loading 1 expert(s)
[MoE] Layer 47: loading 1 expert(s)
[MoE] Layer 0: loading 1 expert(s)
[MoE] Layer 1: loading 1 expert(s)
[MoE] Layer 2: loading 1 expert(s)
[MoE] Layer 5: loading 1 expert(s)
[MoE] Layer 8: loading 1 expert(s)
[MoE] Layer 9: loading 1 expert(s)
[MoE] Layer 11: loading 1 expert(s)
[MoE] Layer 12: loading 2 expert(s)
[MoE] Layer 14: loading 1 expert(s)
[MoE] Layer 15: loading 2 expert(s)
[MoE] Layer 16: loading 1 expert(s)
[MoE] Layer 17: loading 1 expert(s)
[MoE] Layer 18: loading 1 expert(s)
[MoE] Layer 24: loading 1 expert(s)
[MoE] Layer 27: loading 2 expert(s)
[MoE] Layer 29: loading 2 expert(s)
[MoE] Layer 30: loading 1 expert(s)
[MoE] Layer 32: loading 1 expert(s)
[MoE] Layer 35: loading 1 expert(s)
[MoE] Layer 36: loading 2 expert(s)
[MoE] Layer 37: loading 1 expert(s)
[MoE] Layer 38: loading 1 expert(s)
[MoE] Layer 39: loading 2 expert(s)
[MoE] Layer 40: loading 1 expert(s)
[MoE] Layer 41: loading 1 expert(s)
[MoE] Layer 42: loading 3 expert(s)
[MoE] Layer 44: loading 1 expert(s)
[MoE] Layer 45: loading 1 expert(s)
[MoE] Layer 47: loading 1 expert(s)
[MoE] Layer 1: loading 1 expert(s)
[MoE] Layer 8: loading 1 expert(s)
[MoE] Layer 9: loading 1 expert(s)
[MoE] Layer 13: loading 1 expert(s)
[MoE] Layer 15: loading 1 expert(s)
[MoE] Layer 16: loading 1 expert(s)
[MoE] Layer 18: loading 1 expert(s)
[MoE] Layer 32: loading 1 expert(s)
[MoE] Layer 36: loading 1 expert(s)
[MoE] Layer 37: loading 1 expert(s)
[MoE] Layer 39: loading 1 expert(s)
[MoE] Layer 41: loading 1 expert(s)
[MoE] Layer 42: loading 1 expert(s)
[MoE] Layer 4: loading 1 expert(s)
[MoE] Layer 16: loading 1 expert(s)
[MoE] Layer 23: loading 1 expert(s)
[MoE] Layer 25: loading 1 expert(s)
[MoE] Layer 27: loading 1 expert(s)
[MoE] Layer 33: loading 1 expert(s)
[MoE] Layer 42: loading 1 expert(s)
[MoE] Layer 1: loading 2 expert(s)
[MoE] Layer 4: loading 1 expert(s)
[MoE] Layer 6: loading 1 expert(s)
[MoE] Layer 14: loading 1 expert(s)
[MoE] Layer 15: loading 1 expert(s)
[MoE] Layer 17: loading 1 expert(s)
[MoE] Layer 23: loading 1 expert(s)
[MoE] Layer 25: loading 1 expert(s)
[MoE] Layer 30: loading 1 expert(s)
[MoE] Layer 34: loading 1 expert(s)
[MoE] Layer 38: loading 1 expert(s)
[MoE] Layer 47: loading 1 expert(s)
[gen 5/149] elapsed=0.8s  TPS=6.563
[MoE] Layer 3: loading 1 expert(s)
[MoE] Layer 4: loading 1 expert(s)
[MoE] Layer 5: loading 1 expert(s)
[MoE] Layer 7: loading 1 expert(s)
[MoE] Layer 9: loading 1 expert(s)
[MoE] Layer 25: loading 1 expert(s)
[MoE] Layer 26: loading 1 expert(s)
[MoE] Layer 1: loading 1 expert(s)
[MoE] Layer 2: loading 1 expert(s)
[MoE] Layer 4: loading 1 expert(s)
[MoE] Layer 12: loading 1 expert(s)
[MoE] Layer 20: loading 1 expert(s)
[MoE] Layer 28: loading 2 expert(s)
[MoE] Layer 36: loading 1 expert(s)
[MoE] Layer 43: loading 1 expert(s)
[MoE] Layer 0: loading 1 expert(s)
[MoE] Layer 9: loading 1 expert(s)
[MoE] Layer 15: loading 1 expert(s)
[MoE] Layer 16: loading 1 expert(s)
[MoE] Layer 22: loading 1 expert(s)
[MoE] Layer 23: loading 1 expert(s)
[MoE] Layer 24: loading 2 expert(s)
[MoE] Layer 39: loading 1 expert(s)
[MoE] Layer 24: loading 1 expert(s)
[MoE] Layer 34: loading 1 expert(s)
[MoE] Layer 42: loading 1 expert(s)
[MoE] Layer 43: loading 1 expert(s)
[MoE] Layer 45: loading 2 expert(s)
[MoE] Layer 7: loading 1 expert(s)
[MoE] Layer 11: loading 1 expert(s)
[MoE] Layer 12: loading 1 expert(s)
[MoE] Layer 15: loading 1 expert(s)
[MoE] Layer 21: loading 1 expert(s)
[gen 10/149] elapsed=1.1s  TPS=8.700
[MoE] Layer 0: loading 2 expert(s)
[MoE] Layer 1: loading 1 expert(s)
[MoE] Layer 3: loading 1 expert(s)
[MoE] Layer 8: loading 1 expert(s)
[MoE] Layer 12: loading 1 expert(s)
[MoE] Layer 15: loading 1 expert(s)
[MoE] Layer 16: loading 1 expert(s)
[MoE] Layer 17: loading 1 expert(s)
[MoE] Layer 20: loading 1 expert(s)
[MoE] Layer 22: loading 1 expert(s)
[MoE] Layer 23: loading 1 expert(s)
[MoE] Layer 27: loading 1 expert(s)
[MoE] Layer 28: loading 1 expert(s)
[MoE] Layer 29: loading 1 expert(s)
[MoE] Layer 32: loading 2 expert(s)
[MoE] Layer 34: loading 1 expert(s)
[MoE] Layer 39: loading 1 expert(s)
[MoE] Layer 43: loading 1 expert(s)
[MoE] Layer 44: loading 1 expert(s)
[MoE] Layer 47: loading 2 expert(s)
[MoE] Layer 1: loading 2 expert(s)
[MoE] Layer 12: loading 1 expert(s)
[MoE] Layer 15: loading 1 expert(s)
[MoE] Layer 29: loading 1 expert(s)
[MoE] Layer 32: loading 1 expert(s)
[MoE] Layer 12: loading 1 expert(s)
[MoE] Layer 25: loading 1 expert(s)
[MoE] Layer 1: loading 1 expert(s)
[MoE] Layer 31: loading 1 expert(s)
[MoE] Layer 36: loading 1 expert(s)
[MoE] Layer 42: loading 1 expert(s)
[MoE] Layer 13: loading 1 expert(s)
[MoE] Layer 15: loading 1 expert(s)
[MoE] Layer 17: loading 1 expert(s)
[MoE] Layer 20: loading 1 expert(s)
[MoE] Layer 29: loading 1 expert(s)
[gen 15/149] elapsed=1.6s  TPS=9.643
[MoE] Layer 7: loading 1 expert(s)
[MoE] Layer 17: loading 1 expert(s)
[MoE] Layer 34: loading 1 expert(s)
[MoE] Layer 43: loading 1 expert(s)
[MoE] Layer 45: loading 1 expert(s)
[MoE] Layer 46: loading 1 expert(s)
[MoE] Layer 11: loading 1 expert(s)
[MoE] Layer 15: loading 1 expert(s)
[MoE] Layer 22: loading 1 expert(s)
[MoE] Layer 34: loading 1 expert(s)
[MoE] Layer 1: loading 1 expert(s)
[MoE] Layer 3: loading 1 expert(s)
[MoE] Layer 12: loading 1 expert(s)
[MoE] Layer 44: loading 1 expert(s)
[MoE] Layer 45: loading 1 expert(s)
[MoE] Layer 47: loading 1 expert(s)
[gen 20/149] elapsed=1.9s  TPS=10.685
[MoE] Layer 0: loading 2 expert(s)
[MoE] Layer 1: loading 2 expert(s)
[MoE] Layer 3: loading 1 expert(s)
[MoE] Layer 8: loading 1 expert(s)
[MoE] Layer 10: loading 1 expert(s)
[MoE] Layer 12: loading 1 expert(s)
[MoE] Layer 14: loading 1 expert(s)
[MoE] Layer 15: loading 1 expert(s)
[MoE] Layer 17: loading 1 expert(s)
[MoE] Layer 21: loading 1 expert(s)
[MoE] Layer 23: loading 1 expert(s)
[MoE] Layer 24: loading 1 expert(s)
[MoE] Layer 25: loading 3 expert(s)
[MoE] Layer 27: loading 1 expert(s)
[MoE] Layer 28: loading 1 expert(s)
[MoE] Layer 30: loading 1 expert(s)
[MoE] Layer 37: loading 1 expert(s)
[MoE] Layer 38: loading 1 expert(s)
[MoE] Layer 39: loading 1 expert(s)
[MoE] Layer 40: loading 1 expert(s)
[MoE] Layer 47: loading 2 expert(s)
[MoE] Layer 0: loading 3 expert(s)
[MoE] Layer 1: loading 2 expert(s)
[MoE] Layer 2: loading 1 expert(s)
[MoE] Layer 4: loading 2 expert(s)
[MoE] Layer 5: loading 1 expert(s)
[MoE] Layer 8: loading 1 expert(s)
[MoE] Layer 9: loading 1 expert(s)
[MoE] Layer 14: loading 1 expert(s)
[MoE] Layer 16: loading 1 expert(s)
[MoE] Layer 17: loading 1 expert(s)
[MoE] Layer 19: loading 1 expert(s)
[MoE] Layer 20: loading 1 expert(s)
[MoE] Layer 24: loading 1 expert(s)
[MoE] Layer 26: loading 1 expert(s)
[MoE] Layer 28: loading 1 expert(s)
[MoE] Layer 29: loading 1 expert(s)
[MoE] Layer 33: loading 1 expert(s)
[MoE] Layer 38: loading 1 expert(s)
[MoE] Layer 40: loading 1 expert(s)
[MoE] Layer 41: loading 2 expert(s)
[MoE] Layer 42: loading 1 expert(s)
[MoE] Layer 43: loading 1 expert(s)
[MoE] Layer 47: loading 2 expert(s)
[MoE] Layer 0: loading 1 expert(s)
[MoE] Layer 1: loading 2 expert(s)
[MoE] Layer 4: loading 1 expert(s)
[MoE] Layer 5: loading 1 expert(s)
[MoE] Layer 7: loading 1 expert(s)
[MoE] Layer 8: loading 1 expert(s)
[MoE] Layer 10: loading 1 expert(s)
[MoE] Layer 11: loading 2 expert(s)
[MoE] Layer 12: loading 1 expert(s)
[MoE] Layer 13: loading 2 expert(s)
[MoE] Layer 14: loading 1 expert(s)
[MoE] Layer 15: loading 2 expert(s)
[MoE] Layer 17: loading 1 expert(s)
[MoE] Layer 23: loading 2 expert(s)
[MoE] Layer 27: loading 2 expert(s)
[MoE] Layer 28: loading 1 expert(s)
[MoE] Layer 30: loading 1 expert(s)
[MoE] Layer 32: loading 1 expert(s)
[MoE] Layer 33: loading 1 expert(s)
[MoE] Layer 34: loading 1 expert(s)
[MoE] Layer 35: loading 1 expert(s)
[MoE] Layer 36: loading 2 expert(s)
[MoE] Layer 37: loading 1 expert(s)
[MoE] Layer 39: loading 1 expert(s)
[MoE] Layer 40: loading 1 expert(s)
[MoE] Layer 43: loading 1 expert(s)
[MoE] Layer 45: loading 1 expert(s)
[MoE] Layer 47: loading 1 expert(s)
[MoE] Layer 0: loading 1 expert(s)
[MoE] Layer 14: loading 1 expert(s)
[MoE] Layer 17: loading 1 expert(s)
[MoE] Layer 22: loading 1 expert(s)
[MoE] Layer 24: loading 1 expert(s)
[MoE] Layer 26: loading 1 expert(s)
[MoE] Layer 28: loading 1 expert(s)
[MoE] Layer 29: loading 1 expert(s)
[MoE] Layer 36: loading 2 expert(s)
[MoE] Layer 38: loading 1 expert(s)
[MoE] Layer 41: loading 1 expert(s)
[MoE] Layer 45: loading 1 expert(s)
[MoE] Layer 46: loading 2 expert(s)
[MoE] Layer 0: loading 2 expert(s)
[MoE] Layer 1: loading 1 expert(s)
[MoE] Layer 2: loading 2 expert(s)
[MoE] Layer 3: loading 2 expert(s)
[MoE] Layer 6: loading 1 expert(s)
[MoE] Layer 9: loading 1 expert(s)
[MoE] Layer 10: loading 1 expert(s)
[MoE] Layer 12: loading 1 expert(s)
[MoE] Layer 13: loading 2 expert(s)
[MoE] Layer 16: loading 1 expert(s)
[MoE] Layer 24: loading 1 expert(s)
[MoE] Layer 26: loading 1 expert(s)
[MoE] Layer 29: loading 1 expert(s)
[MoE] Layer 34: loading 1 expert(s)
[MoE] Layer 35: loading 2 expert(s)
[MoE] Layer 36: loading 1 expert(s)
[MoE] Layer 37: loading 1 expert(s)
[MoE] Layer 38: loading 1 expert(s)
[MoE] Layer 40: loading 1 expert(s)
[MoE] Layer 41: loading 1 expert(s)
[MoE] Layer 42: loading 1 expert(s)
[MoE] Layer 43: loading 1 expert(s)
[MoE] Layer 44: loading 1 expert(s)
[MoE] Layer 46: loading 2 expert(s)
[gen 25/149] elapsed=2.6s  TPS=9.528
[MoE] Layer 0: loading 1 expert(s)
[MoE] Layer 1: loading 1 expert(s)
[MoE] Layer 3: loading 2 expert(s)
[MoE] Layer 4: loading 4 expert(s)
[MoE] Layer 5: loading 1 expert(s)
[MoE] Layer 7: loading 1 expert(s)
[MoE] Layer 8: loading 1 expert(s)
[MoE] Layer 11: loading 1 expert(s)
[MoE] Layer 12: loading 1 expert(s)
[MoE] Layer 13: loading 1 expert(s)
[MoE] Layer 16: loading 2 expert(s)
[MoE] Layer 17: loading 2 expert(s)
[MoE] Layer 18: loading 1 expert(s)
[MoE] Layer 23: loading 3 expert(s)
[MoE] Layer 24: loading 2 expert(s)
[MoE] Layer 29: loading 2 expert(s)
[MoE] Layer 32: loading 2 expert(s)
[MoE] Layer 35: loading 1 expert(s)
[MoE] Layer 36: loading 1 expert(s)
[MoE] Layer 37: loading 1 expert(s)
[MoE] Layer 40: loading 1 expert(s)
[MoE] Layer 41: loading 2 expert(s)
[MoE] Layer 43: loading 2 expert(s)
[MoE] Layer 44: loading 1 expert(s)
[MoE] Layer 45: loading 1 expert(s)
[MoE] Layer 46: loading 3 expert(s)
[MoE] Layer 47: loading 2 expert(s)
[MoE] Layer 0: loading 1 expert(s)
[MoE] Layer 1: loading 2 expert(s)
[MoE] Layer 2: loading 3 expert(s)
[MoE] Layer 3: loading 1 expert(s)
[MoE] Layer 4: loading 1 expert(s)
[MoE] Layer 5: loading 1 expert(s)
[MoE] Layer 6: loading 1 expert(s)
[MoE] Layer 10: loading 1 expert(s)
[MoE] Layer 11: loading 1 expert(s)
[MoE] Layer 12: loading 1 expert(s)
[MoE] Layer 13: loading 1 expert(s)
[MoE] Layer 20: loading 1 expert(s)
[MoE] Layer 22: loading 1 expert(s)
[MoE] Layer 24: loading 1 expert(s)
[MoE] Layer 25: loading 1 expert(s)
[MoE] Layer 26: loading 1 expert(s)
[MoE] Layer 27: loading 1 expert(s)
[MoE] Layer 28: loading 1 expert(s)
[MoE] Layer 32: loading 1 expert(s)
[MoE] Layer 36: loading 1 expert(s)
[MoE] Layer 37: loading 1 expert(s)
[MoE] Layer 38: loading 1 expert(s)
[MoE] Layer 42: loading 1 expert(s)
[MoE] Layer 0: loading 3 expert(s)
[MoE] Layer 1: loading 1 expert(s)
[MoE] Layer 3: loading 2 expert(s)
[MoE] Layer 4: loading 2 expert(s)
[MoE] Layer 5: loading 1 expert(s)
[MoE] Layer 6: loading 1 expert(s)
[MoE] Layer 8: loading 1 expert(s)
[MoE] Layer 9: loading 1 expert(s)
[MoE] Layer 11: loading 1 expert(s)
[MoE] Layer 12: loading 1 expert(s)
[MoE] Layer 13: loading 1 expert(s)
[MoE] Layer 14: loading 1 expert(s)
[MoE] Layer 16: loading 1 expert(s)
[MoE] Layer 17: loading 2 expert(s)
[MoE] Layer 23: loading 1 expert(s)
[MoE] Layer 24: loading 1 expert(s)
[MoE] Layer 25: loading 2 expert(s)
[MoE] Layer 26: loading 1 expert(s)
[MoE] Layer 29: loading 2 expert(s)
[MoE] Layer 32: loading 1 expert(s)
[MoE] Layer 35: loading 1 expert(s)
[MoE] Layer 36: loading 1 expert(s)
[MoE] Layer 37: loading 1 expert(s)
[MoE] Layer 38: loading 1 expert(s)
[MoE] Layer 39: loading 1 expert(s)
[MoE] Layer 40: loading 1 expert(s)
[MoE] Layer 41: loading 2 expert(s)
[MoE] Layer 42: loading 2 expert(s)
[MoE] Layer 43: loading 1 expert(s)
[MoE] Layer 46: loading 1 expert(s)
[MoE] Layer 47: loading 1 expert(s)
[MoE] Layer 0: loading 1 expert(s)
[MoE] Layer 1: loading 3 expert(s)
[MoE] Layer 2: loading 3 expert(s)
[MoE] Layer 3: loading 1 expert(s)
[MoE] Layer 4: loading 1 expert(s)
[MoE] Layer 6: loading 1 expert(s)
[MoE] Layer 8: loading 1 expert(s)
[MoE] Layer 10: loading 1 expert(s)
[MoE] Layer 11: loading 1 expert(s)
[MoE] Layer 12: loading 1 expert(s)
[MoE] Layer 14: loading 1 expert(s)
[MoE] Layer 15: loading 1 expert(s)
[MoE] Layer 16: loading 1 expert(s)
[MoE] Layer 17: loading 1 expert(s)
[MoE] Layer 27: loading 2 expert(s)
[MoE] Layer 28: loading 1 expert(s)
[MoE] Layer 29: loading 1 expert(s)
[MoE] Layer 35: loading 1 expert(s)
[MoE] Layer 37: loading 1 expert(s)
[MoE] Layer 39: loading 1 expert(s)
[MoE] Layer 40: loading 1 expert(s)
[MoE] Layer 41: loading 1 expert(s)
[MoE] Layer 44: loading 1 expert(s)
[MoE] Layer 45: loading 1 expert(s)
[MoE] Layer 46: loading 1 expert(s)
[MoE] Layer 0: loading 1 expert(s)
[MoE] Layer 1: loading 1 expert(s)
[MoE] Layer 3: loading 2 expert(s)
[MoE] Layer 5: loading 1 expert(s)
[MoE] Layer 9: loading 2 expert(s)
[MoE] Layer 11: loading 2 expert(s)
[MoE] Layer 12: loading 2 expert(s)
[MoE] Layer 16: loading 1 expert(s)
[MoE] Layer 17: loading 2 expert(s)
[MoE] Layer 20: loading 2 expert(s)
[MoE] Layer 21: loading 2 expert(s)
[MoE] Layer 23: loading 1 expert(s)
[MoE] Layer 24: loading 1 expert(s)
[MoE] Layer 28: loading 1 expert(s)
[MoE] Layer 29: loading 3 expert(s)
[MoE] Layer 32: loading 1 expert(s)
[MoE] Layer 33: loading 1 expert(s)
[MoE] Layer 34: loading 1 expert(s)
[MoE] Layer 35: loading 1 expert(s)
[MoE] Layer 39: loading 1 expert(s)
[MoE] Layer 40: loading 1 expert(s)
[MoE] Layer 41: loading 2 expert(s)
[MoE] Layer 42: loading 1 expert(s)
[MoE] Layer 44: loading 1 expert(s)
[MoE] Layer 46: loading 1 expert(s)
[MoE] Layer 47: loading 1 expert(s)
[gen 30/149] elapsed=3.5s  TPS=8.619
[MoE] Layer 0: loading 3 expert(s)
[MoE] Layer 1: loading 4 expert(s)
[MoE] Layer 2: loading 2 expert(s)
[MoE] Layer 3: loading 1 expert(s)
[MoE] Layer 9: loading 1 expert(s)
[MoE] Layer 10: loading 1 expert(s)
[MoE] Layer 11: loading 2 expert(s)
[MoE] Layer 12: loading 2 expert(s)
[MoE] Layer 17: loading 2 expert(s)
[MoE] Layer 21: loading 1 expert(s)
[MoE] Layer 22: loading 1 expert(s)
[MoE] Layer 23: loading 2 expert(s)
[MoE] Layer 25: loading 1 expert(s)
[MoE] Layer 26: loading 1 expert(s)
[MoE] Layer 29: loading 1 expert(s)
[MoE] Layer 34: loading 1 expert(s)
[MoE] Layer 35: loading 2 expert(s)
[MoE] Layer 37: loading 1 expert(s)
[MoE] Layer 38: loading 1 expert(s)
[MoE] Layer 39: loading 1 expert(s)
[MoE] Layer 41: loading 1 expert(s)
[MoE] Layer 47: loading 1 expert(s)
[MoE] Layer 1: loading 1 expert(s)
[MoE] Layer 2: loading 1 expert(s)
[MoE] Layer 3: loading 2 expert(s)
[MoE] Layer 8: loading 1 expert(s)
[MoE] Layer 11: loading 1 expert(s)
[MoE] Layer 17: loading 1 expert(s)
[MoE] Layer 21: loading 1 expert(s)
[MoE] Layer 29: loading 1 expert(s)
[MoE] Layer 39: loading 1 expert(s)
[MoE] Layer 11: loading 1 expert(s)
[MoE] Layer 13: loading 1 expert(s)
[MoE] Layer 16: loading 1 expert(s)
[MoE] Layer 22: loading 1 expert(s)
[MoE] Layer 23: loading 1 expert(s)
[MoE] Layer 24: loading 3 expert(s)
[MoE] Layer 25: loading 1 expert(s)
[MoE] Layer 28: loading 1 expert(s)
[MoE] Layer 35: loading 2 expert(s)
[MoE] Layer 37: loading 1 expert(s)
[MoE] Layer 40: loading 1 expert(s)
[MoE] Layer 47: loading 1 expert(s)
[MoE] Layer 1: loading 1 expert(s)
[MoE] Layer 2: loading 1 expert(s)
[MoE] Layer 3: loading 1 expert(s)
[MoE] Layer 4: loading 1 expert(s)
[MoE] Layer 5: loading 1 expert(s)
[MoE] Layer 7: loading 1 expert(s)
[MoE] Layer 11: loading 1 expert(s)
[MoE] Layer 13: loading 1 expert(s)
[MoE] Layer 14: loading 1 expert(s)
[MoE] Layer 19: loading 1 expert(s)
[MoE] Layer 23: loading 1 expert(s)
[MoE] Layer 24: loading 1 expert(s)
[MoE] Layer 34: loading 1 expert(s)
[MoE] Layer 39: loading 1 expert(s)
[MoE] Layer 42: loading 1 expert(s)
[MoE] Layer 1: loading 1 expert(s)
[MoE] Layer 3: loading 1 expert(s)
[MoE] Layer 4: loading 1 expert(s)
[MoE] Layer 5: loading 1 expert(s)
[MoE] Layer 11: loading 2 expert(s)
[MoE] Layer 13: loading 1 expert(s)
[MoE] Layer 16: loading 1 expert(s)
[MoE] Layer 17: loading 1 expert(s)
[MoE] Layer 24: loading 1 expert(s)
[MoE] Layer 25: loading 1 expert(s)
[MoE] Layer 33: loading 1 expert(s)
[MoE] Layer 35: loading 1 expert(s)
[gen 35/149] elapsed=4.1s  TPS=8.642
[MoE] Layer 0: loading 1 expert(s)
[MoE] Layer 1: loading 1 expert(s)
[MoE] Layer 3: loading 1 expert(s)
[MoE] Layer 44: loading 1 expert(s)
[MoE] Layer 1: loading 1 expert(s)
[MoE] Layer 3: loading 1 expert(s)
[MoE] Layer 18: loading 1 expert(s)
[MoE] Layer 35: loading 1 expert(s)
[MoE] Layer 0: loading 1 expert(s)
[MoE] Layer 11: loading 1 expert(s)
[MoE] Layer 23: loading 1 expert(s)
[MoE] Layer 35: loading 1 expert(s)
[MoE] Layer 44: loading 1 expert(s)
[MoE] Layer 1: loading 1 expert(s)
[MoE] Layer 8: loading 1 expert(s)
[MoE] Layer 10: loading 1 expert(s)
[MoE] Layer 16: loading 1 expert(s)
[MoE] Layer 17: loading 2 expert(s)
[MoE] Layer 20: loading 1 expert(s)
[MoE] Layer 22: loading 2 expert(s)
[MoE] Layer 23: loading 1 expert(s)
[MoE] Layer 25: loading 1 expert(s)
[MoE] Layer 27: loading 1 expert(s)
[MoE] Layer 31: loading 1 expert(s)
[MoE] Layer 32: loading 1 expert(s)
[MoE] Layer 34: loading 1 expert(s)
[MoE] Layer 2: loading 1 expert(s)
[MoE] Layer 12: loading 1 expert(s)
[MoE] Layer 13: loading 1 expert(s)
[MoE] Layer 23: loading 1 expert(s)
[gen 40/149] elapsed=4.4s  TPS=9.035
[MoE] Layer 3: loading 1 expert(s)
[MoE] Layer 37: loading 1 expert(s)
[MoE] Layer 10: loading 1 expert(s)
[MoE] Layer 33: loading 1 expert(s)
[MoE] Layer 34: loading 1 expert(s)
[MoE] Layer 42: loading 1 expert(s)
[MoE] Layer 44: loading 1 expert(s)
[MoE] Layer 1: loading 1 expert(s)
[MoE] Layer 3: loading 1 expert(s)
[MoE] Layer 4: loading 2 expert(s)
[MoE] Layer 5: loading 2 expert(s)
[MoE] Layer 7: loading 1 expert(s)
[MoE] Layer 8: loading 2 expert(s)
[MoE] Layer 11: loading 2 expert(s)
[MoE] Layer 14: loading 1 expert(s)
[MoE] Layer 15: loading 1 expert(s)
[MoE] Layer 17: loading 1 expert(s)
[MoE] Layer 22: loading 1 expert(s)
[MoE] Layer 23: loading 1 expert(s)
[MoE] Layer 26: loading 1 expert(s)
[MoE] Layer 28: loading 1 expert(s)
[MoE] Layer 30: loading 1 expert(s)
[MoE] Layer 35: loading 1 expert(s)
[MoE] Layer 37: loading 1 expert(s)
[MoE] Layer 41: loading 1 expert(s)
[MoE] Layer 0: loading 2 expert(s)
[MoE] Layer 1: loading 1 expert(s)
[MoE] Layer 2: loading 1 expert(s)
[MoE] Layer 3: loading 1 expert(s)
[MoE] Layer 16: loading 1 expert(s)
[MoE] Layer 22: loading 2 expert(s)
[MoE] Layer 23: loading 2 expert(s)
[MoE] Layer 26: loading 1 expert(s)
[MoE] Layer 28: loading 1 expert(s)
[MoE] Layer 29: loading 2 expert(s)
[MoE] Layer 40: loading 1 expert(s)
[MoE] Layer 44: loading 1 expert(s)
[MoE] Layer 2: loading 1 expert(s)
[MoE] Layer 3: loading 1 expert(s)
[MoE] Layer 4: loading 1 expert(s)
[MoE] Layer 9: loading 1 expert(s)
[MoE] Layer 10: loading 1 expert(s)
[MoE] Layer 11: loading 1 expert(s)
[MoE] Layer 21: loading 1 expert(s)
[MoE] Layer 23: loading 1 expert(s)
[MoE] Layer 27: loading 1 expert(s)
[MoE] Layer 34: loading 1 expert(s)
[MoE] Layer 35: loading 1 expert(s)
[MoE] Layer 44: loading 2 expert(s)
[MoE] Layer 45: loading 1 expert(s)
[MoE] Layer 46: loading 1 expert(s)
[gen 45/149] elapsed=4.9s  TPS=9.175
[MoE] Layer 1: loading 2 expert(s)
[MoE] Layer 2: loading 1 expert(s)
[MoE] Layer 9: loading 1 expert(s)
[MoE] Layer 10: loading 1 expert(s)
[MoE] Layer 14: loading 1 expert(s)
[MoE] Layer 22: loading 1 expert(s)
[MoE] Layer 38: loading 1 expert(s)
[MoE] Layer 0: loading 1 expert(s)
[MoE] Layer 1: loading 2 expert(s)
[MoE] Layer 3: loading 1 expert(s)
[MoE] Layer 4: loading 1 expert(s)
[MoE] Layer 12: loading 1 expert(s)
[MoE] Layer 13: loading 1 expert(s)
[MoE] Layer 25: loading 1 expert(s)
[MoE] Layer 27: loading 1 expert(s)
[MoE] Layer 29: loading 1 expert(s)
[MoE] Layer 32: loading 1 expert(s)
[MoE] Layer 36: loading 1 expert(s)
[MoE] Layer 41: loading 1 expert(s)
[MoE] Layer 3: loading 1 expert(s)
[MoE] Layer 22: loading 2 expert(s)
[MoE] Layer 32: loading 1 expert(s)
[MoE] Layer 2: loading 1 expert(s)
[MoE] Layer 3: loading 1 expert(s)
[MoE] Layer 5: loading 1 expert(s)
[MoE] Layer 17: loading 2 expert(s)
[MoE] Layer 18: loading 1 expert(s)
[MoE] Layer 25: loading 1 expert(s)
[MoE] Layer 26: loading 1 expert(s)
[MoE] Layer 27: loading 2 expert(s)
[MoE] Layer 29: loading 1 expert(s)
[MoE] Layer 30: loading 2 expert(s)
[MoE] Layer 31: loading 1 expert(s)
[MoE] Layer 35: loading 1 expert(s)
[MoE] Layer 37: loading 1 expert(s)
[MoE] Layer 21: loading 1 expert(s)
[gen 50/149] elapsed=5.3s  TPS=9.403
[MoE] Layer 1: loading 1 expert(s)
[MoE] Layer 3: loading 1 expert(s)
[MoE] Layer 4: loading 1 expert(s)
[MoE] Layer 24: loading 1 expert(s)
[MoE] Layer 25: loading 1 expert(s)
[MoE] Layer 33: loading 1 expert(s)
[MoE] Layer 34: loading 1 expert(s)
[MoE] Layer 36: loading 1 expert(s)
[MoE] Layer 37: loading 1 expert(s)
[MoE] Layer 39: loading 1 expert(s)
[MoE] Layer 3: loading 1 expert(s)
[MoE] Layer 17: loading 1 expert(s)
[MoE] Layer 22: loading 1 expert(s)
[MoE] Layer 3: loading 1 expert(s)
[MoE] Layer 40: loading 1 expert(s)
[MoE] Layer 37: loading 1 expert(s)
[gen 55/149] elapsed=5.6s  TPS=9.755
[MoE] Layer 23: loading 1 expert(s)
[MoE] Layer 29: loading 1 expert(s)
[MoE] Layer 3: loading 1 expert(s)
[MoE] Layer 9: loading 1 expert(s)
[MoE] Layer 10: loading 1 expert(s)
[MoE] Layer 11: loading 1 expert(s)
[MoE] Layer 12: loading 1 expert(s)
[MoE] Layer 13: loading 1 expert(s)
[MoE] Layer 17: loading 1 expert(s)
[MoE] Layer 21: loading 1 expert(s)
[MoE] Layer 27: loading 1 expert(s)
[MoE] Layer 35: loading 2 expert(s)
[MoE] Layer 36: loading 1 expert(s)
[MoE] Layer 37: loading 1 expert(s)
[MoE] Layer 3: loading 1 expert(s)
[MoE] Layer 7: loading 1 expert(s)
[MoE] Layer 9: loading 1 expert(s)
[MoE] Layer 11: loading 1 expert(s)
[MoE] Layer 15: loading 1 expert(s)
[MoE] Layer 21: loading 1 expert(s)
[MoE] Layer 29: loading 1 expert(s)
[MoE] Layer 41: loading 1 expert(s)
[MoE] Layer 1: loading 1 expert(s)
[MoE] Layer 2: loading 1 expert(s)
[MoE] Layer 3: loading 1 expert(s)
[MoE] Layer 8: loading 1 expert(s)
[MoE] Layer 28: loading 1 expert(s)
[MoE] Layer 33: loading 1 expert(s)
[MoE] Layer 35: loading 1 expert(s)
[MoE] Layer 36: loading 1 expert(s)
[MoE] Layer 43: loading 1 expert(s)
[MoE] Layer 0: loading 2 expert(s)
[MoE] Layer 1: loading 3 expert(s)
[MoE] Layer 2: loading 2 expert(s)
[MoE] Layer 3: loading 2 expert(s)
[MoE] Layer 5: loading 2 expert(s)
[MoE] Layer 7: loading 1 expert(s)
[MoE] Layer 10: loading 2 expert(s)
[MoE] Layer 11: loading 1 expert(s)
[MoE] Layer 13: loading 1 expert(s)
[MoE] Layer 15: loading 2 expert(s)
[MoE] Layer 19: loading 1 expert(s)
[MoE] Layer 22: loading 1 expert(s)
[MoE] Layer 23: loading 2 expert(s)
[MoE] Layer 24: loading 1 expert(s)
[MoE] Layer 25: loading 1 expert(s)
[MoE] Layer 27: loading 1 expert(s)
[MoE] Layer 29: loading 1 expert(s)
[MoE] Layer 30: loading 1 expert(s)
[MoE] Layer 31: loading 1 expert(s)
[MoE] Layer 34: loading 2 expert(s)
[MoE] Layer 37: loading 1 expert(s)
[MoE] Layer 39: loading 1 expert(s)
[MoE] Layer 41: loading 1 expert(s)
[MoE] Layer 42: loading 2 expert(s)
[MoE] Layer 43: loading 1 expert(s)
[MoE] Layer 44: loading 1 expert(s)
[MoE] Layer 46: loading 2 expert(s)
[MoE] Layer 47: loading 1 expert(s)
[gen 60/149] elapsed=6.2s  TPS=9.751
[MoE] Layer 1: loading 1 expert(s)
[MoE] Layer 3: loading 1 expert(s)
[MoE] Layer 6: loading 1 expert(s)
[MoE] Layer 7: loading 2 expert(s)
[MoE] Layer 8: loading 1 expert(s)
[MoE] Layer 9: loading 1 expert(s)
[MoE] Layer 10: loading 1 expert(s)
[MoE] Layer 11: loading 1 expert(s)
[MoE] Layer 13: loading 1 expert(s)
[MoE] Layer 14: loading 1 expert(s)
[MoE] Layer 15: loading 1 expert(s)
[MoE] Layer 16: loading 1 expert(s)
[MoE] Layer 18: loading 1 expert(s)
[MoE] Layer 23: loading 1 expert(s)
[MoE] Layer 24: loading 1 expert(s)
[MoE] Layer 31: loading 1 expert(s)
[MoE] Layer 33: loading 1 expert(s)
[MoE] Layer 34: loading 1 expert(s)
[MoE] Layer 35: loading 1 expert(s)
[MoE] Layer 36: loading 1 expert(s)
[MoE] Layer 38: loading 1 expert(s)
[MoE] Layer 39: loading 1 expert(s)
[MoE] Layer 41: loading 1 expert(s)
[MoE] Layer 42: loading 1 expert(s)
[MoE] Layer 43: loading 1 expert(s)
[MoE] Layer 1: loading 1 expert(s)
[MoE] Layer 2: loading 2 expert(s)
[MoE] Layer 3: loading 2 expert(s)
[MoE] Layer 4: loading 1 expert(s)
[MoE] Layer 5: loading 1 expert(s)
[MoE] Layer 9: loading 2 expert(s)
[MoE] Layer 10: loading 1 expert(s)
[MoE] Layer 12: loading 1 expert(s)
[MoE] Layer 14: loading 2 expert(s)
[MoE] Layer 16: loading 1 expert(s)
[MoE] Layer 19: loading 1 expert(s)
[MoE] Layer 20: loading 2 expert(s)
[MoE] Layer 21: loading 1 expert(s)
[MoE] Layer 22: loading 1 expert(s)
[MoE] Layer 23: loading 1 expert(s)
[MoE] Layer 28: loading 1 expert(s)
[MoE] Layer 29: loading 1 expert(s)
[MoE] Layer 30: loading 1 expert(s)
[MoE] Layer 31: loading 1 expert(s)
[MoE] Layer 32: loading 1 expert(s)
[MoE] Layer 33: loading 1 expert(s)
[MoE] Layer 37: loading 1 expert(s)
[MoE] Layer 38: loading 1 expert(s)
[MoE] Layer 47: loading 2 expert(s)
[MoE] Layer 0: loading 1 expert(s)
[MoE] Layer 1: loading 2 expert(s)
[MoE] Layer 4: loading 1 expert(s)
[MoE] Layer 5: loading 1 expert(s)
[MoE] Layer 6: loading 1 expert(s)
[MoE] Layer 13: loading 1 expert(s)
[MoE] Layer 14: loading 1 expert(s)
[MoE] Layer 20: loading 1 expert(s)
[MoE] Layer 25: loading 1 expert(s)
[MoE] Layer 26: loading 1 expert(s)
[MoE] Layer 35: loading 1 expert(s)
[MoE] Layer 37: loading 1 expert(s)
[MoE] Layer 38: loading 1 expert(s)
[MoE] Layer 0: loading 1 expert(s)
[MoE] Layer 2: loading 1 expert(s)
[MoE] Layer 20: loading 2 expert(s)
[MoE] Layer 21: loading 1 expert(s)
[MoE] Layer 24: loading 1 expert(s)
[MoE] Layer 30: loading 1 expert(s)
[MoE] Layer 32: loading 2 expert(s)
[MoE] Layer 47: loading 1 expert(s)
[gen 65/149] elapsed=6.7s  TPS=9.680
[MoE] Layer 0: loading 2 expert(s)
[MoE] Layer 1: loading 1 expert(s)
[MoE] Layer 3: loading 1 expert(s)
[MoE] Layer 23: loading 1 expert(s)
[MoE] Layer 25: loading 2 expert(s)
[MoE] Layer 26: loading 1 expert(s)
[MoE] Layer 36: loading 1 expert(s)
[MoE] Layer 46: loading 1 expert(s)
[MoE] Layer 47: loading 1 expert(s)
[MoE] Layer 0: loading 1 expert(s)
[MoE] Layer 1: loading 1 expert(s)
[MoE] Layer 2: loading 1 expert(s)
[MoE] Layer 3: loading 2 expert(s)
[MoE] Layer 5: loading 1 expert(s)
[MoE] Layer 8: loading 2 expert(s)
[MoE] Layer 10: loading 1 expert(s)
[MoE] Layer 14: loading 1 expert(s)
[MoE] Layer 16: loading 1 expert(s)
[MoE] Layer 23: loading 1 expert(s)
[MoE] Layer 25: loading 1 expert(s)
[MoE] Layer 32: loading 1 expert(s)
[MoE] Layer 36: loading 1 expert(s)
[MoE] Layer 37: loading 1 expert(s)
[MoE] Layer 39: loading 1 expert(s)
[MoE] Layer 40: loading 2 expert(s)
[MoE] Layer 42: loading 1 expert(s)
[MoE] Layer 44: loading 1 expert(s)
[MoE] Layer 46: loading 3 expert(s)
[MoE] Layer 47: loading 1 expert(s)
[MoE] Layer 0: loading 1 expert(s)
[MoE] Layer 1: loading 3 expert(s)
[MoE] Layer 4: loading 1 expert(s)
[MoE] Layer 5: loading 1 expert(s)
[MoE] Layer 8: loading 1 expert(s)
[MoE] Layer 10: loading 1 expert(s)
[MoE] Layer 11: loading 1 expert(s)
[MoE] Layer 16: loading 1 expert(s)
[MoE] Layer 17: loading 2 expert(s)
[MoE] Layer 23: loading 1 expert(s)
[MoE] Layer 24: loading 1 expert(s)
[MoE] Layer 25: loading 1 expert(s)
[MoE] Layer 32: loading 1 expert(s)
[MoE] Layer 34: loading 1 expert(s)
[MoE] Layer 35: loading 1 expert(s)
[MoE] Layer 46: loading 2 expert(s)
[MoE] Layer 0: loading 1 expert(s)
[MoE] Layer 2: loading 1 expert(s)
[MoE] Layer 8: loading 1 expert(s)
[MoE] Layer 11: loading 1 expert(s)
[MoE] Layer 14: loading 1 expert(s)
[MoE] Layer 17: loading 1 expert(s)
[MoE] Layer 23: loading 1 expert(s)
[MoE] Layer 25: loading 1 expert(s)
[MoE] Layer 26: loading 1 expert(s)
[MoE] Layer 29: loading 1 expert(s)
[MoE] Layer 32: loading 1 expert(s)
[MoE] Layer 33: loading 1 expert(s)
[MoE] Layer 34: loading 1 expert(s)
[MoE] Layer 37: loading 1 expert(s)
[MoE] Layer 38: loading 1 expert(s)
[MoE] Layer 41: loading 2 expert(s)
[MoE] Layer 42: loading 1 expert(s)
[MoE] Layer 46: loading 1 expert(s)
[MoE] Layer 47: loading 3 expert(s)
[MoE] Layer 0: loading 3 expert(s)
[MoE] Layer 2: loading 1 expert(s)
[MoE] Layer 3: loading 1 expert(s)
[MoE] Layer 5: loading 1 expert(s)
[MoE] Layer 9: loading 2 expert(s)
[MoE] Layer 10: loading 1 expert(s)
[MoE] Layer 11: loading 1 expert(s)
[MoE] Layer 12: loading 1 expert(s)
[MoE] Layer 15: loading 1 expert(s)
[MoE] Layer 16: loading 1 expert(s)
[MoE] Layer 17: loading 1 expert(s)
[MoE] Layer 21: loading 1 expert(s)
[MoE] Layer 22: loading 1 expert(s)
[MoE] Layer 23: loading 1 expert(s)
[MoE] Layer 24: loading 1 expert(s)
[MoE] Layer 27: loading 1 expert(s)
[MoE] Layer 29: loading 1 expert(s)
[MoE] Layer 30: loading 1 expert(s)
[MoE] Layer 33: loading 1 expert(s)
[MoE] Layer 34: loading 1 expert(s)
[MoE] Layer 35: loading 1 expert(s)
[MoE] Layer 36: loading 1 expert(s)
[MoE] Layer 41: loading 1 expert(s)
[MoE] Layer 47: loading 1 expert(s)
[gen 70/149] elapsed=7.4s  TPS=9.520
[MoE] Layer 0: loading 1 expert(s)
[MoE] Layer 1: loading 2 expert(s)
[MoE] Layer 4: loading 1 expert(s)
[MoE] Layer 6: loading 1 expert(s)
[MoE] Layer 8: loading 1 expert(s)
[MoE] Layer 10: loading 1 expert(s)
[MoE] Layer 11: loading 1 expert(s)
[MoE] Layer 23: loading 1 expert(s)
[MoE] Layer 29: loading 1 expert(s)
[MoE] Layer 35: loading 1 expert(s)
[MoE] Layer 0: loading 2 expert(s)
[MoE] Layer 1: loading 1 expert(s)
[MoE] Layer 3: loading 1 expert(s)
[MoE] Layer 37: loading 1 expert(s)
[MoE] Layer 3: loading 1 expert(s)
[MoE] Layer 5: loading 1 expert(s)
[MoE] Layer 15: loading 1 expert(s)
[MoE] Layer 17: loading 1 expert(s)
[MoE] Layer 20: loading 1 expert(s)
[MoE] Layer 23: loading 1 expert(s)
[MoE] Layer 29: loading 2 expert(s)
[MoE] Layer 3: loading 1 expert(s)
[MoE] Layer 4: loading 1 expert(s)
[MoE] Layer 6: loading 1 expert(s)
[MoE] Layer 10: loading 1 expert(s)
[MoE] Layer 16: loading 2 expert(s)
[MoE] Layer 23: loading 2 expert(s)
[MoE] Layer 24: loading 1 expert(s)
[MoE] Layer 29: loading 1 expert(s)
[MoE] Layer 34: loading 1 expert(s)
[MoE] Layer 35: loading 1 expert(s)
[MoE] Layer 36: loading 1 expert(s)
[MoE] Layer 38: loading 1 expert(s)
[MoE] Layer 39: loading 1 expert(s)
[MoE] Layer 42: loading 1 expert(s)
[MoE] Layer 4: loading 2 expert(s)
[MoE] Layer 5: loading 1 expert(s)
[MoE] Layer 11: loading 2 expert(s)
[MoE] Layer 25: loading 1 expert(s)
[MoE] Layer 29: loading 1 expert(s)
[MoE] Layer 30: loading 1 expert(s)
[MoE] Layer 36: loading 1 expert(s)
[MoE] Layer 37: loading 2 expert(s)
[MoE] Layer 39: loading 1 expert(s)
[MoE] Layer 41: loading 1 expert(s)
[MoE] Layer 43: loading 1 expert(s)
[gen 75/149] elapsed=7.8s  TPS=9.608
[MoE] Layer 0: loading 1 expert(s)
[MoE] Layer 2: loading 1 expert(s)
[MoE] Layer 5: loading 1 expert(s)
[MoE] Layer 10: loading 1 expert(s)
[MoE] Layer 11: loading 1 expert(s)
[MoE] Layer 17: loading 1 expert(s)
[MoE] Layer 22: loading 1 expert(s)
[MoE] Layer 23: loading 1 expert(s)
[MoE] Layer 25: loading 1 expert(s)
[MoE] Layer 33: loading 1 expert(s)
[MoE] Layer 36: loading 1 expert(s)
[MoE] Layer 40: loading 1 expert(s)
[MoE] Layer 3: loading 1 expert(s)
[MoE] Layer 17: loading 1 expert(s)
[MoE] Layer 23: loading 1 expert(s)
[MoE] Layer 24: loading 2 expert(s)
[MoE] Layer 32: loading 1 expert(s)
[MoE] Layer 33: loading 1 expert(s)
[MoE] Layer 11: loading 1 expert(s)
[MoE] Layer 12: loading 1 expert(s)
[MoE] Layer 23: loading 1 expert(s)
[MoE] Layer 25: loading 1 expert(s)
[MoE] Layer 0: loading 1 expert(s)
[MoE] Layer 5: loading 1 expert(s)
[MoE] Layer 25: loading 1 expert(s)
[MoE] Layer 29: loading 1 expert(s)
[MoE] Layer 33: loading 1 expert(s)
[MoE] Layer 34: loading 1 expert(s)
[MoE] Layer 0: loading 1 expert(s)
[MoE] Layer 2: loading 1 expert(s)
[MoE] Layer 3: loading 1 expert(s)
[MoE] Layer 6: loading 1 expert(s)
[MoE] Layer 8: loading 1 expert(s)
[MoE] Layer 9: loading 1 expert(s)
[MoE] Layer 13: loading 1 expert(s)
[MoE] Layer 16: loading 1 expert(s)
[MoE] Layer 20: loading 1 expert(s)
[MoE] Layer 21: loading 1 expert(s)
[MoE] Layer 22: loading 1 expert(s)
[MoE] Layer 23: loading 1 expert(s)
[MoE] Layer 25: loading 1 expert(s)
[MoE] Layer 28: loading 1 expert(s)
[MoE] Layer 31: loading 1 expert(s)
[MoE] Layer 32: loading 1 expert(s)
[MoE] Layer 33: loading 1 expert(s)
[MoE] Layer 34: loading 1 expert(s)
[MoE] Layer 37: loading 1 expert(s)
[MoE] Layer 40: loading 2 expert(s)
[MoE] Layer 46: loading 1 expert(s)
[gen 80/149] elapsed=8.3s  TPS=9.684
[MoE] Layer 0: loading 2 expert(s)
[MoE] Layer 2: loading 1 expert(s)
[MoE] Layer 3: loading 2 expert(s)
[MoE] Layer 4: loading 3 expert(s)
[MoE] Layer 8: loading 1 expert(s)
[MoE] Layer 9: loading 2 expert(s)
[MoE] Layer 10: loading 1 expert(s)
[MoE] Layer 13: loading 1 expert(s)
[MoE] Layer 17: loading 1 expert(s)
[MoE] Layer 20: loading 1 expert(s)
[MoE] Layer 21: loading 2 expert(s)
[MoE] Layer 22: loading 1 expert(s)
[MoE] Layer 23: loading 1 expert(s)
[MoE] Layer 33: loading 1 expert(s)
[MoE] Layer 35: loading 1 expert(s)
[MoE] Layer 36: loading 1 expert(s)
[MoE] Layer 46: loading 1 expert(s)
[MoE] Layer 3: loading 1 expert(s)
[MoE] Layer 6: loading 1 expert(s)
[MoE] Layer 9: loading 2 expert(s)
[MoE] Layer 11: loading 1 expert(s)
[MoE] Layer 12: loading 1 expert(s)
[MoE] Layer 13: loading 1 expert(s)
[MoE] Layer 16: loading 1 expert(s)
[MoE] Layer 18: loading 1 expert(s)
[MoE] Layer 19: loading 1 expert(s)
[MoE] Layer 21: loading 1 expert(s)
[MoE] Layer 25: loading 1 expert(s)
[MoE] Layer 30: loading 1 expert(s)
[MoE] Layer 33: loading 1 expert(s)
[MoE] Layer 34: loading 1 expert(s)
[MoE] Layer 43: loading 1 expert(s)
[MoE] Layer 1: loading 2 expert(s)
[MoE] Layer 4: loading 1 expert(s)
[MoE] Layer 9: loading 1 expert(s)
[MoE] Layer 23: loading 1 expert(s)
[MoE] Layer 32: loading 1 expert(s)
[MoE] Layer 2: loading 1 expert(s)
[MoE] Layer 8: loading 1 expert(s)
[MoE] Layer 33: loading 1 expert(s)
[MoE] Layer 35: loading 1 expert(s)
[MoE] Layer 40: loading 1 expert(s)
[MoE] Layer 41: loading 1 expert(s)
[MoE] Layer 46: loading 1 expert(s)
[MoE] Layer 5: loading 1 expert(s)
[MoE] Layer 11: loading 1 expert(s)
[MoE] Layer 23: loading 1 expert(s)
[MoE] Layer 24: loading 1 expert(s)
[MoE] Layer 31: loading 1 expert(s)
[gen 85/149] elapsed=8.7s  TPS=9.742
[MoE] Layer 4: loading 1 expert(s)
[MoE] Layer 22: loading 1 expert(s)
[MoE] Layer 30: loading 1 expert(s)
[MoE] Layer 34: loading 1 expert(s)
[MoE] Layer 1: loading 1 expert(s)
[MoE] Layer 2: loading 1 expert(s)
[MoE] Layer 3: loading 1 expert(s)
[MoE] Layer 9: loading 1 expert(s)
[MoE] Layer 10: loading 2 expert(s)
[MoE] Layer 11: loading 1 expert(s)
[MoE] Layer 17: loading 1 expert(s)
[MoE] Layer 19: loading 1 expert(s)
[MoE] Layer 20: loading 1 expert(s)
[MoE] Layer 26: loading 1 expert(s)
[MoE] Layer 27: loading 1 expert(s)
[MoE] Layer 29: loading 1 expert(s)
[MoE] Layer 32: loading 1 expert(s)
[MoE] Layer 33: loading 2 expert(s)
[MoE] Layer 38: loading 1 expert(s)
[MoE] Layer 39: loading 1 expert(s)
[MoE] Layer 42: loading 1 expert(s)
[MoE] Layer 47: loading 1 expert(s)
[MoE] Layer 0: loading 1 expert(s)
[MoE] Layer 1: loading 1 expert(s)
[MoE] Layer 8: loading 2 expert(s)
[MoE] Layer 11: loading 1 expert(s)
[MoE] Layer 21: loading 1 expert(s)
[MoE] Layer 23: loading 1 expert(s)
[MoE] Layer 35: loading 2 expert(s)
[MoE] Layer 37: loading 1 expert(s)
[MoE] Layer 42: loading 1 expert(s)
[MoE] Layer 47: loading 1 expert(s)
[MoE] Layer 1: loading 1 expert(s)
[MoE] Layer 3: loading 2 expert(s)
[MoE] Layer 4: loading 1 expert(s)
[MoE] Layer 15: loading 1 expert(s)
[MoE] Layer 20: loading 1 expert(s)
[MoE] Layer 22: loading 1 expert(s)
[MoE] Layer 25: loading 1 expert(s)
[MoE] Layer 27: loading 2 expert(s)
[MoE] Layer 37: loading 1 expert(s)
[MoE] Layer 0: loading 4 expert(s)
[MoE] Layer 1: loading 1 expert(s)
[MoE] Layer 18: loading 1 expert(s)
[MoE] Layer 25: loading 1 expert(s)
[MoE] Layer 27: loading 1 expert(s)
[gen 90/149] elapsed=9.2s  TPS=9.810
[MoE] Layer 0: loading 1 expert(s)
[MoE] Layer 1: loading 1 expert(s)
[MoE] Layer 3: loading 2 expert(s)
[MoE] Layer 35: loading 1 expert(s)
[MoE] Layer 43: loading 1 expert(s)
[MoE] Layer 0: loading 1 expert(s)
[MoE] Layer 2: loading 1 expert(s)
[MoE] Layer 23: loading 1 expert(s)
[MoE] Layer 40: loading 1 expert(s)
[MoE] Layer 0: loading 3 expert(s)
[MoE] Layer 6: loading 1 expert(s)
[MoE] Layer 5: loading 1 expert(s)
[MoE] Layer 8: loading 1 expert(s)
[MoE] Layer 3: loading 1 expert(s)
[MoE] Layer 9: loading 1 expert(s)
[MoE] Layer 30: loading 1 expert(s)
[MoE] Layer 32: loading 1 expert(s)
[gen 95/149] elapsed=9.5s  TPS=10.001
[MoE] Layer 0: loading 2 expert(s)
[MoE] Layer 3: loading 2 expert(s)
[MoE] Layer 8: loading 1 expert(s)
[MoE] Layer 17: loading 1 expert(s)
[MoE] Layer 21: loading 1 expert(s)
[MoE] Layer 22: loading 1 expert(s)
[MoE] Layer 32: loading 2 expert(s)
[MoE] Layer 35: loading 1 expert(s)
[MoE] Layer 42: loading 1 expert(s)
[MoE] Layer 47: loading 1 expert(s)
[MoE] Layer 1: loading 1 expert(s)
[MoE] Layer 6: loading 2 expert(s)
[MoE] Layer 8: loading 1 expert(s)
[MoE] Layer 13: loading 1 expert(s)
[MoE] Layer 18: loading 2 expert(s)
[MoE] Layer 20: loading 2 expert(s)
[MoE] Layer 22: loading 1 expert(s)
[MoE] Layer 25: loading 1 expert(s)
[MoE] Layer 27: loading 1 expert(s)
[MoE] Layer 36: loading 1 expert(s)
[MoE] Layer 40: loading 1 expert(s)
[MoE] Layer 0: loading 1 expert(s)
[MoE] Layer 1: loading 1 expert(s)
[MoE] Layer 6: loading 1 expert(s)
[MoE] Layer 17: loading 1 expert(s)
[MoE] Layer 29: loading 2 expert(s)
[MoE] Layer 42: loading 1 expert(s)
[MoE] Layer 3: loading 1 expert(s)
[MoE] Layer 20: loading 1 expert(s)
[MoE] Layer 21: loading 1 expert(s)
[MoE] Layer 27: loading 2 expert(s)
[MoE] Layer 29: loading 1 expert(s)
[MoE] Layer 32: loading 1 expert(s)
[MoE] Layer 33: loading 1 expert(s)
[MoE] Layer 34: loading 1 expert(s)
[MoE] Layer 36: loading 1 expert(s)
[MoE] Layer 37: loading 1 expert(s)
[MoE] Layer 1: loading 1 expert(s)
[MoE] Layer 11: loading 1 expert(s)
[MoE] Layer 23: loading 1 expert(s)
[MoE] Layer 27: loading 1 expert(s)
[MoE] Layer 39: loading 1 expert(s)
[gen 100/149] elapsed=9.9s  TPS=10.069
[MoE] Layer 3: loading 1 expert(s)
[MoE] Layer 11: loading 1 expert(s)
[MoE] Layer 0: loading 1 expert(s)
[MoE] Layer 3: loading 1 expert(s)
[MoE] Layer 21: loading 1 expert(s)
[MoE] Layer 32: loading 2 expert(s)
[MoE] Layer 38: loading 1 expert(s)
[MoE] Layer 5: loading 1 expert(s)
[MoE] Layer 10: loading 2 expert(s)
[MoE] Layer 18: loading 1 expert(s)
[MoE] Layer 2: loading 1 expert(s)
[MoE] Layer 27: loading 1 expert(s)
[MoE] Layer 35: loading 1 expert(s)
[MoE] Layer 8: loading 1 expert(s)
[MoE] Layer 18: loading 1 expert(s)
[MoE] Layer 28: loading 1 expert(s)
[gen 105/149] elapsed=10.3s  TPS=10.242
[MoE] Layer 7: loading 1 expert(s)
[MoE] Layer 11: loading 1 expert(s)
[MoE] Layer 14: loading 1 expert(s)
[MoE] Layer 23: loading 1 expert(s)
[MoE] Layer 31: loading 1 expert(s)
[MoE] Layer 0: loading 1 expert(s)
[MoE] Layer 1: loading 1 expert(s)
[MoE] Layer 3: loading 1 expert(s)
[MoE] Layer 7: loading 1 expert(s)
[MoE] Layer 12: loading 1 expert(s)
[MoE] Layer 15: loading 1 expert(s)
[MoE] Layer 24: loading 2 expert(s)
[MoE] Layer 0: loading 1 expert(s)
[MoE] Layer 1: loading 1 expert(s)
[MoE] Layer 2: loading 1 expert(s)
[MoE] Layer 18: loading 1 expert(s)
[MoE] Layer 20: loading 1 expert(s)
[MoE] Layer 27: loading 1 expert(s)
[MoE] Layer 10: loading 1 expert(s)
[MoE] Layer 15: loading 1 expert(s)
[MoE] Layer 30: loading 1 expert(s)
[gen 110/149] elapsed=10.6s  TPS=10.381
[MoE] Layer 34: loading 1 expert(s)
[MoE] Layer 18: loading 1 expert(s)
[MoE] Layer 0: loading 1 expert(s)
[MoE] Layer 44: loading 1 expert(s)
[MoE] Layer 1: loading 1 expert(s)
[MoE] Layer 19: loading 1 expert(s)
[MoE] Layer 28: loading 1 expert(s)
[MoE] Layer 31: loading 1 expert(s)
[MoE] Layer 40: loading 1 expert(s)
[gen 115/149] elapsed=10.9s  TPS=10.547
[MoE] Layer 0: loading 3 expert(s)
[MoE] Layer 1: loading 2 expert(s)
[MoE] Layer 2: loading 1 expert(s)
[MoE] Layer 3: loading 3 expert(s)
[MoE] Layer 4: loading 1 expert(s)
[MoE] Layer 5: loading 1 expert(s)
[MoE] Layer 9: loading 1 expert(s)
[MoE] Layer 15: loading 1 expert(s)
[MoE] Layer 21: loading 1 expert(s)
[MoE] Layer 22: loading 1 expert(s)
[MoE] Layer 25: loading 1 expert(s)
[MoE] Layer 27: loading 1 expert(s)
[MoE] Layer 29: loading 2 expert(s)
[MoE] Layer 33: loading 1 expert(s)
[MoE] Layer 35: loading 1 expert(s)
[MoE] Layer 36: loading 1 expert(s)
[MoE] Layer 37: loading 1 expert(s)
[MoE] Layer 39: loading 2 expert(s)
[MoE] Layer 41: loading 1 expert(s)
[MoE] Layer 42: loading 1 expert(s)
[MoE] Layer 44: loading 1 expert(s)
[MoE] Layer 45: loading 1 expert(s)
[MoE] Layer 46: loading 1 expert(s)
[MoE] Layer 47: loading 2 expert(s)
[MoE] Layer 0: loading 4 expert(s)
[MoE] Layer 1: loading 2 expert(s)
[MoE] Layer 3: loading 1 expert(s)
[MoE] Layer 4: loading 1 expert(s)
[MoE] Layer 8: loading 1 expert(s)
[MoE] Layer 11: loading 1 expert(s)
[MoE] Layer 16: loading 1 expert(s)
[MoE] Layer 34: loading 1 expert(s)
[MoE] Layer 37: loading 1 expert(s)
[MoE] Layer 38: loading 1 expert(s)
[MoE] Layer 40: loading 1 expert(s)
[MoE] Layer 41: loading 1 expert(s)
[MoE] Layer 44: loading 1 expert(s)
[MoE] Layer 47: loading 1 expert(s)
[MoE] Layer 0: loading 4 expert(s)
[MoE] Layer 1: loading 1 expert(s)
[MoE] Layer 2: loading 2 expert(s)
[MoE] Layer 3: loading 1 expert(s)
[MoE] Layer 5: loading 1 expert(s)
[MoE] Layer 10: loading 2 expert(s)
[MoE] Layer 11: loading 2 expert(s)
[MoE] Layer 12: loading 2 expert(s)
[MoE] Layer 13: loading 2 expert(s)
[MoE] Layer 17: loading 2 expert(s)
[MoE] Layer 18: loading 1 expert(s)
[MoE] Layer 20: loading 2 expert(s)
[MoE] Layer 22: loading 1 expert(s)
[MoE] Layer 23: loading 3 expert(s)
[MoE] Layer 24: loading 1 expert(s)
[MoE] Layer 25: loading 2 expert(s)
[MoE] Layer 28: loading 2 expert(s)
[MoE] Layer 29: loading 2 expert(s)
[MoE] Layer 30: loading 1 expert(s)
[MoE] Layer 34: loading 2 expert(s)
[MoE] Layer 35: loading 2 expert(s)
[MoE] Layer 37: loading 1 expert(s)
[MoE] Layer 41: loading 1 expert(s)
[MoE] Layer 0: loading 2 expert(s)
[MoE] Layer 1: loading 1 expert(s)
[MoE] Layer 2: loading 1 expert(s)
[MoE] Layer 3: loading 2 expert(s)
[MoE] Layer 4: loading 1 expert(s)
[MoE] Layer 8: loading 1 expert(s)
[MoE] Layer 12: loading 1 expert(s)
[MoE] Layer 23: loading 1 expert(s)
[MoE] Layer 24: loading 1 expert(s)
[MoE] Layer 25: loading 1 expert(s)
[MoE] Layer 43: loading 1 expert(s)
[MoE] Layer 1: loading 1 expert(s)
[MoE] Layer 28: loading 1 expert(s)
[MoE] Layer 35: loading 1 expert(s)
[MoE] Layer 40: loading 1 expert(s)
[MoE] Layer 41: loading 2 expert(s)
[MoE] Layer 42: loading 1 expert(s)
[MoE] Layer 44: loading 2 expert(s)
[MoE] Layer 45: loading 2 expert(s)
[MoE] Layer 46: loading 1 expert(s)
[MoE] Layer 47: loading 1 expert(s)
[gen 120/149] elapsed=11.6s  TPS=10.389
[MoE] Layer 0: loading 1 expert(s)
[MoE] Layer 1: loading 1 expert(s)
[MoE] Layer 2: loading 2 expert(s)
[MoE] Layer 3: loading 2 expert(s)
[MoE] Layer 4: loading 1 expert(s)
[MoE] Layer 5: loading 2 expert(s)
[MoE] Layer 6: loading 1 expert(s)
[MoE] Layer 7: loading 1 expert(s)
[MoE] Layer 8: loading 1 expert(s)
[MoE] Layer 9: loading 2 expert(s)
[MoE] Layer 10: loading 2 expert(s)
[MoE] Layer 13: loading 2 expert(s)
[MoE] Layer 15: loading 1 expert(s)
[MoE] Layer 17: loading 2 expert(s)
[MoE] Layer 18: loading 1 expert(s)
[MoE] Layer 20: loading 2 expert(s)
[MoE] Layer 21: loading 1 expert(s)
[MoE] Layer 22: loading 1 expert(s)
[MoE] Layer 24: loading 1 expert(s)
[MoE] Layer 25: loading 3 expert(s)
[MoE] Layer 27: loading 2 expert(s)
[MoE] Layer 29: loading 1 expert(s)
[MoE] Layer 30: loading 1 expert(s)
[MoE] Layer 31: loading 2 expert(s)
[MoE] Layer 32: loading 1 expert(s)
[MoE] Layer 33: loading 1 expert(s)
[MoE] Layer 34: loading 1 expert(s)
[MoE] Layer 37: loading 2 expert(s)
[MoE] Layer 39: loading 2 expert(s)
[MoE] Layer 41: loading 1 expert(s)
[MoE] Layer 42: loading 1 expert(s)
[MoE] Layer 43: loading 1 expert(s)
[MoE] Layer 44: loading 1 expert(s)
[MoE] Layer 47: loading 1 expert(s)
[MoE] Layer 0: loading 1 expert(s)
[MoE] Layer 1: loading 1 expert(s)
[MoE] Layer 9: loading 1 expert(s)
[MoE] Layer 10: loading 2 expert(s)
[MoE] Layer 11: loading 1 expert(s)
[MoE] Layer 13: loading 1 expert(s)
[MoE] Layer 22: loading 1 expert(s)
[MoE] Layer 26: loading 1 expert(s)
[MoE] Layer 34: loading 1 expert(s)
[MoE] Layer 40: loading 1 expert(s)
[MoE] Layer 4: loading 1 expert(s)
[MoE] Layer 17: loading 1 expert(s)
[MoE] Layer 25: loading 1 expert(s)
[MoE] Layer 37: loading 1 expert(s)
[MoE] Layer 42: loading 1 expert(s)
[MoE] Layer 0: loading 1 expert(s)
[MoE] Layer 1: loading 1 expert(s)
[MoE] Layer 3: loading 1 expert(s)
[MoE] Layer 4: loading 1 expert(s)
[MoE] Layer 5: loading 1 expert(s)
[MoE] Layer 6: loading 1 expert(s)
[MoE] Layer 12: loading 1 expert(s)
[MoE] Layer 24: loading 1 expert(s)
[MoE] Layer 25: loading 1 expert(s)
[MoE] Layer 37: loading 1 expert(s)
[MoE] Layer 2: loading 1 expert(s)
[MoE] Layer 4: loading 1 expert(s)
[MoE] Layer 35: loading 1 expert(s)
[gen 125/149] elapsed=12.1s  TPS=10.349
[MoE] Layer 9: loading 1 expert(s)
[MoE] Layer 19: loading 1 expert(s)
[MoE] Layer 29: loading 1 expert(s)
[MoE] Layer 29: loading 1 expert(s)
[MoE] Layer 0: loading 1 expert(s)
[MoE] Layer 1: loading 1 expert(s)
[MoE] Layer 2: loading 1 expert(s)
[MoE] Layer 11: loading 1 expert(s)
[MoE] Layer 17: loading 1 expert(s)
[gen 130/149] elapsed=12.4s  TPS=10.507
[MoE] Layer 0: loading 1 expert(s)
[MoE] Layer 1: loading 1 expert(s)
[MoE] Layer 29: loading 1 expert(s)
[MoE] Layer 34: loading 1 expert(s)
[MoE] Layer 35: loading 1 expert(s)
[MoE] Layer 0: loading 2 expert(s)
[MoE] Layer 2: loading 1 expert(s)
[MoE] Layer 5: loading 1 expert(s)
[MoE] Layer 6: loading 1 expert(s)
[MoE] Layer 29: loading 1 expert(s)
[MoE] Layer 40: loading 1 expert(s)
[MoE] Layer 47: loading 1 expert(s)
[MoE] Layer 0: loading 2 expert(s)
[MoE] Layer 1: loading 1 expert(s)
[MoE] Layer 3: loading 4 expert(s)
[MoE] Layer 29: loading 1 expert(s)
[MoE] Layer 0: loading 3 expert(s)
[MoE] Layer 1: loading 1 expert(s)
[MoE] Layer 2: loading 1 expert(s)
[MoE] Layer 3: loading 1 expert(s)
[MoE] Layer 4: loading 2 expert(s)
[MoE] Layer 5: loading 1 expert(s)
[MoE] Layer 11: loading 1 expert(s)
[MoE] Layer 13: loading 1 expert(s)
[MoE] Layer 17: loading 1 expert(s)
[MoE] Layer 18: loading 1 expert(s)
[MoE] Layer 22: loading 1 expert(s)
[MoE] Layer 30: loading 1 expert(s)
[MoE] Layer 35: loading 1 expert(s)
[MoE] Layer 47: loading 1 expert(s)
[gen 135/149] elapsed=12.8s  TPS=10.576
[MoE] Layer 0: loading 2 expert(s)
[MoE] Layer 3: loading 3 expert(s)
[MoE] Layer 12: loading 1 expert(s)
[MoE] Layer 14: loading 1 expert(s)
[MoE] Layer 17: loading 1 expert(s)
[MoE] Layer 23: loading 1 expert(s)
[MoE] Layer 26: loading 1 expert(s)
[MoE] Layer 28: loading 1 expert(s)
[MoE] Layer 29: loading 1 expert(s)
[MoE] Layer 34: loading 1 expert(s)
[MoE] Layer 35: loading 1 expert(s)
[MoE] Layer 38: loading 1 expert(s)
[MoE] Layer 40: loading 1 expert(s)
[MoE] Layer 41: loading 1 expert(s)
[MoE] Layer 44: loading 1 expert(s)
[MoE] Layer 45: loading 1 expert(s)
[MoE] Layer 46: loading 1 expert(s)
[MoE] Layer 47: loading 1 expert(s)
[MoE] Layer 0: loading 2 expert(s)
[MoE] Layer 1: loading 1 expert(s)
[MoE] Layer 3: loading 1 expert(s)
[MoE] Layer 4: loading 1 expert(s)
[MoE] Layer 39: loading 1 expert(s)
[MoE] Layer 0: loading 1 expert(s)
[MoE] Layer 46: loading 1 expert(s)
[MoE] Layer 0: loading 1 expert(s)
[MoE] Layer 3: loading 1 expert(s)
[MoE] Layer 8: loading 1 expert(s)
[MoE] Layer 9: loading 1 expert(s)
[MoE] Layer 23: loading 1 expert(s)
[MoE] Layer 25: loading 1 expert(s)
[MoE] Layer 34: loading 1 expert(s)
[MoE] Layer 35: loading 1 expert(s)
[MoE] Layer 40: loading 1 expert(s)
[MoE] Layer 42: loading 1 expert(s)
[MoE] Layer 43: loading 1 expert(s)
[MoE] Layer 44: loading 1 expert(s)
[gen 140/149] elapsed=13.2s  TPS=10.622
[MoE] Layer 0: loading 2 expert(s)
[MoE] Layer 10: loading 1 expert(s)
[MoE] Layer 27: loading 1 expert(s)
[MoE] Layer 0: loading 1 expert(s)
[MoE] Layer 33: loading 1 expert(s)
[MoE] Layer 0: loading 2 expert(s)
[MoE] Layer 1: loading 2 expert(s)
[MoE] Layer 34: loading 1 expert(s)
[MoE] Layer 37: loading 1 expert(s)
[MoE] Layer 42: loading 1 expert(s)
[MoE] Layer 1: loading 1 expert(s)
[MoE] Layer 3: loading 2 expert(s)
[gen 145/149] elapsed=13.5s  TPS=10.749
[MoE] Layer 0: loading 1 expert(s)
[MoE] Layer 1: loading 2 expert(s)
[MoE] Layer 3: loading 1 expert(s)
[MoE] Layer 25: loading 1 expert(s)
[MoE] Layer 37: loading 1 expert(s)
[MoE] Layer 0: loading 1 expert(s)
[MoE] Layer 1: loading 2 expert(s)
[MoE] Layer 2: loading 2 expert(s)
[MoE] Layer 5: loading 1 expert(s)
[MoE] Layer 11: loading 1 expert(s)
[MoE] Layer 23: loading 1 expert(s)
[MoE] Layer 28: loading 1 expert(s)
[MoE] Layer 33: loading 1 expert(s)
[MoE] Layer 35: loading 1 expert(s)
[MoE] Layer 1: loading 2 expert(s)
[MoE] Layer 3: loading 1 expert(s)
[MoE] Layer 4: loading 1 expert(s)
[MoE] Layer 8: loading 1 expert(s)
Prefill time (summary): 13.015 seconds
Total Generation Time: 13.779 seconds
Average Time per Token: 0.092 seconds

Expert Cache Statistics:
Layer 0: Hits=1088, Misses=104, HitRate=91.28%
    Bandwidth: MissLoads=104, AvgLoadTime=2.69ms
Layer 1: Hits=1095, Misses=97, HitRate=91.86%
    Bandwidth: MissLoads=97, AvgLoadTime=2.95ms
Layer 2: Hits=1141, Misses=51, HitRate=95.72%
    Bandwidth: MissLoads=51, AvgLoadTime=2.98ms
Layer 3: Hits=1103, Misses=89, HitRate=92.53%
    Bandwidth: MissLoads=89, AvgLoadTime=2.94ms
Layer 4: Hits=1143, Misses=49, HitRate=95.89%
    Bandwidth: MissLoads=49, AvgLoadTime=3.08ms
Layer 5: Hits=1155, Misses=37, HitRate=96.90%
    Bandwidth: MissLoads=37, AvgLoadTime=3.45ms
Layer 6: Hits=1173, Misses=19, HitRate=98.41%
    Bandwidth: MissLoads=19, AvgLoadTime=3.59ms
Layer 7: Hits=1177, Misses=15, HitRate=98.74%
    Bandwidth: MissLoads=15, AvgLoadTime=3.41ms
Layer 8: Hits=1155, Misses=37, HitRate=96.90%
    Bandwidth: MissLoads=37, AvgLoadTime=3.21ms
Layer 9: Hits=1157, Misses=35, HitRate=97.06%
    Bandwidth: MissLoads=35, AvgLoadTime=3.06ms
Layer 10: Hits=1156, Misses=36, HitRate=96.98%
    Bandwidth: MissLoads=36, AvgLoadTime=3.24ms
Layer 11: Hits=1144, Misses=48, HitRate=95.97%
    Bandwidth: MissLoads=48, AvgLoadTime=3.15ms
Layer 12: Hits=1157, Misses=35, HitRate=97.06%
    Bandwidth: MissLoads=35, AvgLoadTime=3.18ms
Layer 13: Hits=1163, Misses=29, HitRate=97.57%
    Bandwidth: MissLoads=29, AvgLoadTime=3.24ms
Layer 14: Hits=1171, Misses=21, HitRate=98.24%
    Bandwidth: MissLoads=21, AvgLoadTime=3.46ms
Layer 15: Hits=1164, Misses=28, HitRate=97.65%
    Bandwidth: MissLoads=28, AvgLoadTime=3.34ms
Layer 16: Hits=1164, Misses=28, HitRate=97.65%
    Bandwidth: MissLoads=28, AvgLoadTime=3.29ms
Layer 17: Hits=1142, Misses=50, HitRate=95.81%
    Bandwidth: MissLoads=50, AvgLoadTime=2.93ms
Layer 18: Hits=1174, Misses=18, HitRate=98.49%
    Bandwidth: MissLoads=18, AvgLoadTime=3.73ms
Layer 19: Hits=1183, Misses=9, HitRate=99.24%
    Bandwidth: MissLoads=9, AvgLoadTime=3.33ms
Layer 20: Hits=1164, Misses=28, HitRate=97.65%
    Bandwidth: MissLoads=28, AvgLoadTime=3.08ms
Layer 21: Hits=1166, Misses=26, HitRate=97.82%
    Bandwidth: MissLoads=26, AvgLoadTime=3.19ms
Layer 22: Hits=1160, Misses=32, HitRate=97.32%
    Bandwidth: MissLoads=32, AvgLoadTime=3.37ms
Layer 23: Hits=1136, Misses=56, HitRate=95.30%
    Bandwidth: MissLoads=56, AvgLoadTime=3.12ms
Layer 24: Hits=1156, Misses=36, HitRate=96.98%
    Bandwidth: MissLoads=36, AvgLoadTime=3.19ms
Layer 25: Hits=1147, Misses=45, HitRate=96.22%
    Bandwidth: MissLoads=45, AvgLoadTime=3.23ms
Layer 26: Hits=1173, Misses=19, HitRate=98.41%
    Bandwidth: MissLoads=19, AvgLoadTime=3.42ms
Layer 27: Hits=1157, Misses=35, HitRate=97.06%
    Bandwidth: MissLoads=35, AvgLoadTime=3.11ms
Layer 28: Hits=1166, Misses=26, HitRate=97.82%
    Bandwidth: MissLoads=26, AvgLoadTime=3.15ms
Layer 29: Hits=1142, Misses=50, HitRate=95.81%
    Bandwidth: MissLoads=50, AvgLoadTime=3.13ms
Layer 30: Hits=1173, Misses=19, HitRate=98.41%
    Bandwidth: MissLoads=19, AvgLoadTime=3.39ms
Layer 31: Hits=1178, Misses=14, HitRate=98.83%
    Bandwidth: MissLoads=14, AvgLoadTime=3.23ms
Layer 32: Hits=1159, Misses=33, HitRate=97.23%
    Bandwidth: MissLoads=33, AvgLoadTime=3.17ms
Layer 33: Hits=1163, Misses=29, HitRate=97.57%
    Bandwidth: MissLoads=29, AvgLoadTime=3.22ms
Layer 34: Hits=1155, Misses=37, HitRate=96.90%
    Bandwidth: MissLoads=37, AvgLoadTime=3.28ms
Layer 35: Hits=1147, Misses=45, HitRate=96.22%
    Bandwidth: MissLoads=45, AvgLoadTime=3.05ms
Layer 36: Hits=1162, Misses=30, HitRate=97.48%
    Bandwidth: MissLoads=30, AvgLoadTime=3.21ms
Layer 37: Hits=1154, Misses=38, HitRate=96.81%
    Bandwidth: MissLoads=38, AvgLoadTime=3.45ms
Layer 38: Hits=1171, Misses=21, HitRate=98.24%
    Bandwidth: MissLoads=21, AvgLoadTime=3.43ms
Layer 39: Hits=1164, Misses=28, HitRate=97.65%
    Bandwidth: MissLoads=28, AvgLoadTime=3.35ms
Layer 40: Hits=1163, Misses=29, HitRate=97.57%
    Bandwidth: MissLoads=29, AvgLoadTime=3.33ms
Layer 41: Hits=1158, Misses=34, HitRate=97.15%
    Bandwidth: MissLoads=34, AvgLoadTime=3.07ms
Layer 42: Hits=1161, Misses=31, HitRate=97.40%
    Bandwidth: MissLoads=31, AvgLoadTime=3.22ms
Layer 43: Hits=1172, Misses=20, HitRate=98.32%
    Bandwidth: MissLoads=20, AvgLoadTime=3.19ms
Layer 44: Hits=1167, Misses=25, HitRate=97.90%
    Bandwidth: MissLoads=25, AvgLoadTime=3.24ms
Layer 45: Hits=1177, Misses=15, HitRate=98.74%
    Bandwidth: MissLoads=15, AvgLoadTime=3.34ms
Layer 46: Hits=1163, Misses=29, HitRate=97.57%
    Bandwidth: MissLoads=29, AvgLoadTime=2.86ms
Layer 47: Hits=1154, Misses=38, HitRate=96.81%
    Bandwidth: MissLoads=38, AvgLoadTime=3.28ms
============================================================
============================================================
Initializing Qwen3 30B-A3B AWQ w4a16 quantized model...
============================================================
Loading quantized weights from QuixiAI/Qwen3-30B-A3B-AWQ...
Using saved safetensors: /home/michael/heteroPredict/py/unified_llm_w4a16/model_weights/Qwen3-30B-A3B-AWQ.safetensors
Expert weights dir: /home/michael/heteroPredict/py/unified_llm_w4a16/model_weights/Qwen3-30B-A3B-AWQ_packed  (format: packed)
Using existing attention weights in /home/michael/heteroPredict/py/unified_llm_w4a16/model_weights/Qwen3-30B-A3B-AWQ_unpacked
Weights loaded (expert dir override) in 0.29 seconds
Pre-warming expert cache with 64 experts...
Model initialized successfully!
Setting lambda to 1.0
Forced top-5 experts into cache mask.
Set expert cache policy to LRU.

Running sweep using prompts from JSON: /tmp/tmpwe00cx74.json
Loaded 1 prompts for sweeping.

Processing Prompt 1/1...

============================================================
Generated text only:
============================================================
 Finland , France , Germany , Hungary , Netherlands , New Zealand , Norway , Spain , Sweden , Switzerland and the United States . It also reached number one on the Irish Singles Chart and the UK Singles Chart . The song was certified gold in the United Kingdom and platinum in Ireland . The music video for " Kiss You " was directed by Declan Lowney and features the group performing the song in a large ballroom with a large number of fans . The video was shot in one take , with the group performing the song in a single continuous shot . The video was released on 14 January 2013 . The song was performed live on The X Factor ( UK ) in 2013 and on The Graham Norton Show in
============================================================

============================================================
Sweep Complete.
Average Time per Token: 0.178672
End-to-End TPS: 5.5969
Cache Stats: Hits=55513, Misses=1703, HitRate=97.02%
Initializing UnifiedLLMW4A16Impl_base
Using NPU config struct.
Configuring NPU (Base):
  Heterogeneity: gpu
  GPU Count: 1
  Debug Verbosity: 1
  Dummy Weights: false
  Warmup: false
  Preload MoE: true
  Minimal PDI: true
[GPU SELECT] Free VRAM ranking: gpu0=28.00/28.00 GiB
[GPU SELECT] Selected GPUs for gpu-count=1: [0]
[GPU MAP] Single-GPU placement on gpu0
UnifiedLLMW4A16 moved to device: cuda:0
Preloading MoE kernels...
MoE kernels preloaded.
UnifiedLLMW4A16 initialized on device: cuda:0 with w4a16 quantization
Loading non-quantized weights from safetensors (mmap): /home/michael/heteroPredict/py/unified_llm_w4a16/model_weights/Qwen3-30B-A3B-AWQ.safetensors
Loaded 243 non-quantized parameters, skipped 0
Loading quantized weights from bins: /home/michael/heteroPredict/py/unified_llm_w4a16/model_weights/Qwen3-30B-A3B-AWQ_unpacked
Pre-warming 64 experts for all layers...
Layer 0: Pre-warming 64 experts.
Layer 0: using packed expert format.
[MoE I/O] Expert weight reads require O_DIRECT (no buffered fallback).
Layer 1: Pre-warming 64 experts.
Layer 1: using packed expert format.
Layer 2: Pre-warming 64 experts.
Layer 2: using packed expert format.
Layer 3: Pre-warming 64 experts.
Layer 3: using packed expert format.
Prewarmed experts for layer 4/48
Layer 4: Pre-warming 64 experts.
Layer 4: using packed expert format.
Layer 5: Pre-warming 64 experts.
Layer 5: using packed expert format.
Layer 6: Pre-warming 64 experts.
Layer 6: using packed expert format.
Layer 7: Pre-warming 64 experts.
Layer 7: using packed expert format.
Prewarmed experts for layer 8/48
Layer 8: Pre-warming 64 experts.
Layer 8: using packed expert format.
Layer 9: Pre-warming 64 experts.
Layer 9: using packed expert format.
Layer 10: Pre-warming 64 experts.
Layer 10: using packed expert format.
Layer 11: Pre-warming 64 experts.
Layer 11: using packed expert format.
Prewarmed experts for layer 12/48
Layer 12: Pre-warming 64 experts.
Layer 12: using packed expert format.
Layer 13: Pre-warming 64 experts.
Layer 13: using packed expert format.
Layer 14: Pre-warming 64 experts.
Layer 14: using packed expert format.
Layer 15: Pre-warming 64 experts.
Layer 15: using packed expert format.
Prewarmed experts for layer 16/48
Layer 16: Pre-warming 64 experts.
Layer 16: using packed expert format.
Layer 17: Pre-warming 64 experts.
Layer 17: using packed expert format.
Layer 18: Pre-warming 64 experts.
Layer 18: using packed expert format.
Layer 19: Pre-warming 64 experts.
Layer 19: using packed expert format.
Prewarmed experts for layer 20/48
Layer 20: Pre-warming 64 experts.
Layer 20: using packed expert format.
Layer 21: Pre-warming 64 experts.
Layer 21: using packed expert format.
Layer 22: Pre-warming 64 experts.
Layer 22: using packed expert format.
Layer 23: Pre-warming 64 experts.
Layer 23: using packed expert format.
Prewarmed experts for layer 24/48
Layer 24: Pre-warming 64 experts.
Layer 24: using packed expert format.
Layer 25: Pre-warming 64 experts.
Layer 25: using packed expert format.
Layer 26: Pre-warming 64 experts.
Layer 26: using packed expert format.
Layer 27: Pre-warming 64 experts.
Layer 27: using packed expert format.
Prewarmed experts for layer 28/48
Layer 28: Pre-warming 64 experts.
Layer 28: using packed expert format.
Layer 29: Pre-warming 64 experts.
Layer 29: using packed expert format.
Layer 30: Pre-warming 64 experts.
Layer 30: using packed expert format.
Layer 31: Pre-warming 64 experts.
Layer 31: using packed expert format.
Prewarmed experts for layer 32/48
Layer 32: Pre-warming 64 experts.
Layer 32: using packed expert format.
Layer 33: Pre-warming 64 experts.
Layer 33: using packed expert format.
Layer 34: Pre-warming 64 experts.
Layer 34: using packed expert format.
Layer 35: Pre-warming 64 experts.
Layer 35: using packed expert format.
Prewarmed experts for layer 36/48
Layer 36: Pre-warming 64 experts.
Layer 36: using packed expert format.
Layer 37: Pre-warming 64 experts.
Layer 37: using packed expert format.
Layer 38: Pre-warming 64 experts.
Layer 38: using packed expert format.
Layer 39: Pre-warming 64 experts.
Layer 39: using packed expert format.
Prewarmed experts for layer 40/48
Layer 40: Pre-warming 64 experts.
Layer 40: using packed expert format.
Layer 41: Pre-warming 64 experts.
Layer 41: using packed expert format.
Layer 42: Pre-warming 64 experts.
Layer 42: using packed expert format.
Layer 43: Pre-warming 64 experts.
Layer 43: using packed expert format.
Prewarmed experts for layer 44/48
Layer 44: Pre-warming 64 experts.
Layer 44: using packed expert format.
Layer 45: Pre-warming 64 experts.
Layer 45: using packed expert format.
Layer 46: Pre-warming 64 experts.
Layer 46: using packed expert format.
Layer 47: Pre-warming 64 experts.
Layer 47: using packed expert format.
Prewarmed experts for layer 48/48
Libtorch input_ids shape: [1, 512]
Skipping warmup.
Prefill time: 13.2394 seconds
Generation phase
[MoE] Layer 0: loading 3 expert(s)
[MoE] Layer 1: loading 3 expert(s)
[MoE] Layer 2: loading 2 expert(s)
[MoE] Layer 3: loading 2 expert(s)
[MoE] Layer 4: loading 3 expert(s)
[MoE] Layer 5: loading 3 expert(s)
[MoE] Layer 6: loading 1 expert(s)
[MoE] Layer 7: loading 3 expert(s)
[MoE] Layer 8: loading 4 expert(s)
[MoE] Layer 9: loading 3 expert(s)
[MoE] Layer 11: loading 2 expert(s)
[MoE] Layer 12: loading 3 expert(s)
[MoE] Layer 13: loading 1 expert(s)
[MoE] Layer 14: loading 2 expert(s)
[MoE] Layer 15: loading 2 expert(s)
[MoE] Layer 16: loading 3 expert(s)
[MoE] Layer 17: loading 2 expert(s)
[MoE] Layer 18: loading 1 expert(s)
[MoE] Layer 20: loading 3 expert(s)
[MoE] Layer 21: loading 2 expert(s)
[MoE] Layer 23: loading 2 expert(s)
[MoE] Layer 24: loading 2 expert(s)
[MoE] Layer 25: loading 1 expert(s)
[MoE] Layer 26: loading 2 expert(s)
[MoE] Layer 27: loading 2 expert(s)
[MoE] Layer 28: loading 4 expert(s)
[MoE] Layer 29: loading 3 expert(s)
[MoE] Layer 30: loading 1 expert(s)
[MoE] Layer 31: loading 1 expert(s)
[MoE] Layer 32: loading 4 expert(s)
[MoE] Layer 33: loading 1 expert(s)
[MoE] Layer 35: loading 1 expert(s)
[MoE] Layer 36: loading 1 expert(s)
[MoE] Layer 37: loading 1 expert(s)
[MoE] Layer 38: loading 2 expert(s)
[MoE] Layer 39: loading 2 expert(s)
[MoE] Layer 40: loading 2 expert(s)
[MoE] Layer 41: loading 3 expert(s)
[MoE] Layer 42: loading 3 expert(s)
[MoE] Layer 44: loading 3 expert(s)
[MoE] Layer 45: loading 4 expert(s)
[MoE] Layer 46: loading 4 expert(s)
[MoE] Layer 47: loading 2 expert(s)
[MoE] Layer 0: loading 1 expert(s)
[MoE] Layer 1: loading 1 expert(s)
[MoE] Layer 2: loading 1 expert(s)
[MoE] Layer 3: loading 2 expert(s)
[MoE] Layer 5: loading 1 expert(s)
[MoE] Layer 6: loading 1 expert(s)
[MoE] Layer 8: loading 1 expert(s)
[MoE] Layer 9: loading 2 expert(s)
[MoE] Layer 10: loading 1 expert(s)
[MoE] Layer 11: loading 1 expert(s)
[MoE] Layer 12: loading 2 expert(s)
[MoE] Layer 15: loading 1 expert(s)
[MoE] Layer 16: loading 2 expert(s)
[MoE] Layer 17: loading 1 expert(s)
[MoE] Layer 18: loading 1 expert(s)
[MoE] Layer 20: loading 1 expert(s)
[MoE] Layer 21: loading 2 expert(s)
[MoE] Layer 22: loading 1 expert(s)
[MoE] Layer 23: loading 2 expert(s)
[MoE] Layer 24: loading 2 expert(s)
[MoE] Layer 26: loading 1 expert(s)
[MoE] Layer 28: loading 1 expert(s)
[MoE] Layer 30: loading 2 expert(s)
[MoE] Layer 31: loading 2 expert(s)
[MoE] Layer 33: loading 2 expert(s)
[MoE] Layer 34: loading 1 expert(s)
[MoE] Layer 36: loading 1 expert(s)
[MoE] Layer 37: loading 1 expert(s)
[MoE] Layer 38: loading 1 expert(s)
[MoE] Layer 39: loading 2 expert(s)
[MoE] Layer 40: loading 2 expert(s)
[MoE] Layer 41: loading 1 expert(s)
[MoE] Layer 42: loading 1 expert(s)
[MoE] Layer 43: loading 1 expert(s)
[MoE] Layer 44: loading 1 expert(s)
[MoE] Layer 45: loading 1 expert(s)
[MoE] Layer 0: loading 4 expert(s)
[MoE] Layer 1: loading 2 expert(s)
[MoE] Layer 2: loading 2 expert(s)
[MoE] Layer 3: loading 2 expert(s)
[MoE] Layer 4: loading 2 expert(s)
[MoE] Layer 6: loading 1 expert(s)
[MoE] Layer 7: loading 1 expert(s)
[MoE] Layer 10: loading 1 expert(s)
[MoE] Layer 12: loading 1 expert(s)
[MoE] Layer 13: loading 2 expert(s)
[MoE] Layer 14: loading 1 expert(s)
[MoE] Layer 19: loading 1 expert(s)
[MoE] Layer 20: loading 1 expert(s)
[MoE] Layer 25: loading 1 expert(s)
[MoE] Layer 27: loading 1 expert(s)
[MoE] Layer 28: loading 2 expert(s)
[MoE] Layer 29: loading 2 expert(s)
[MoE] Layer 31: loading 1 expert(s)
[MoE] Layer 37: loading 1 expert(s)
[MoE] Layer 38: loading 1 expert(s)
[MoE] Layer 41: loading 2 expert(s)
[MoE] Layer 42: loading 3 expert(s)
[MoE] Layer 43: loading 1 expert(s)
[MoE] Layer 44: loading 1 expert(s)
[MoE] Layer 47: loading 1 expert(s)
[MoE] Layer 0: loading 3 expert(s)
[MoE] Layer 1: loading 2 expert(s)
[MoE] Layer 2: loading 1 expert(s)
[MoE] Layer 4: loading 2 expert(s)
[MoE] Layer 5: loading 1 expert(s)
[MoE] Layer 6: loading 2 expert(s)
[MoE] Layer 7: loading 2 expert(s)
[MoE] Layer 8: loading 2 expert(s)
[MoE] Layer 9: loading 1 expert(s)
[MoE] Layer 10: loading 3 expert(s)
[MoE] Layer 11: loading 1 expert(s)
[MoE] Layer 12: loading 1 expert(s)
[MoE] Layer 13: loading 2 expert(s)
[MoE] Layer 15: loading 1 expert(s)
[MoE] Layer 16: loading 1 expert(s)
[MoE] Layer 17: loading 1 expert(s)
[MoE] Layer 19: loading 1 expert(s)
[MoE] Layer 21: loading 1 expert(s)
[MoE] Layer 22: loading 1 expert(s)
[MoE] Layer 25: loading 1 expert(s)
[MoE] Layer 28: loading 1 expert(s)
[MoE] Layer 29: loading 1 expert(s)
[MoE] Layer 32: loading 1 expert(s)
[MoE] Layer 33: loading 1 expert(s)
[MoE] Layer 34: loading 1 expert(s)
[MoE] Layer 35: loading 1 expert(s)
[MoE] Layer 36: loading 1 expert(s)
[MoE] Layer 37: loading 2 expert(s)
[MoE] Layer 39: loading 2 expert(s)
[MoE] Layer 40: loading 1 expert(s)
[MoE] Layer 41: loading 1 expert(s)
[MoE] Layer 43: loading 2 expert(s)
[MoE] Layer 44: loading 1 expert(s)
[MoE] Layer 45: loading 1 expert(s)
[MoE] Layer 46: loading 1 expert(s)
[MoE] Layer 47: loading 2 expert(s)
[MoE] Layer 0: loading 2 expert(s)
[MoE] Layer 3: loading 1 expert(s)
[MoE] Layer 5: loading 1 expert(s)
[MoE] Layer 8: loading 2 expert(s)
[MoE] Layer 9: loading 2 expert(s)
[MoE] Layer 10: loading 1 expert(s)
[MoE] Layer 11: loading 1 expert(s)
[MoE] Layer 12: loading 1 expert(s)
[MoE] Layer 13: loading 1 expert(s)
[MoE] Layer 14: loading 1 expert(s)
[MoE] Layer 16: loading 1 expert(s)
[MoE] Layer 17: loading 2 expert(s)
[MoE] Layer 20: loading 1 expert(s)
[MoE] Layer 21: loading 1 expert(s)
[MoE] Layer 22: loading 2 expert(s)
[MoE] Layer 23: loading 1 expert(s)
[MoE] Layer 25: loading 1 expert(s)
[MoE] Layer 26: loading 1 expert(s)
[MoE] Layer 28: loading 1 expert(s)
[MoE] Layer 29: loading 2 expert(s)
[MoE] Layer 32: loading 1 expert(s)
[MoE] Layer 33: loading 1 expert(s)
[MoE] Layer 34: loading 1 expert(s)
[MoE] Layer 35: loading 1 expert(s)
[MoE] Layer 36: loading 1 expert(s)
[MoE] Layer 37: loading 2 expert(s)
[MoE] Layer 38: loading 1 expert(s)
[MoE] Layer 39: loading 1 expert(s)
[MoE] Layer 40: loading 1 expert(s)
[MoE] Layer 41: loading 3 expert(s)
[MoE] Layer 42: loading 1 expert(s)
[MoE] Layer 43: loading 1 expert(s)
[MoE] Layer 47: loading 2 expert(s)
[gen 5/149] elapsed=1.1s  TPS=4.427
[MoE] Layer 0: loading 3 expert(s)
[MoE] Layer 1: loading 2 expert(s)
[MoE] Layer 3: loading 1 expert(s)
[MoE] Layer 4: loading 1 expert(s)
[MoE] Layer 5: loading 1 expert(s)
[MoE] Layer 6: loading 1 expert(s)
[MoE] Layer 9: loading 1 expert(s)
[MoE] Layer 10: loading 1 expert(s)
[MoE] Layer 12: loading 2 expert(s)
[MoE] Layer 14: loading 1 expert(s)
[MoE] Layer 16: loading 1 expert(s)
[MoE] Layer 21: loading 1 expert(s)
[MoE] Layer 22: loading 2 expert(s)
[MoE] Layer 24: loading 2 expert(s)
[MoE] Layer 25: loading 1 expert(s)
[MoE] Layer 26: loading 1 expert(s)
[MoE] Layer 28: loading 2 expert(s)
[MoE] Layer 32: loading 1 expert(s)
[MoE] Layer 33: loading 1 expert(s)
[MoE] Layer 34: loading 1 expert(s)
[MoE] Layer 36: loading 2 expert(s)
[MoE] Layer 37: loading 1 expert(s)
[MoE] Layer 38: loading 1 expert(s)
[MoE] Layer 39: loading 1 expert(s)
[MoE] Layer 40: loading 1 expert(s)
[MoE] Layer 41: loading 1 expert(s)
[MoE] Layer 42: loading 1 expert(s)
[MoE] Layer 45: loading 1 expert(s)
[MoE] Layer 0: loading 1 expert(s)
[MoE] Layer 1: loading 2 expert(s)
[MoE] Layer 3: loading 1 expert(s)
[MoE] Layer 4: loading 2 expert(s)
[MoE] Layer 8: loading 1 expert(s)
[MoE] Layer 9: loading 1 expert(s)
[MoE] Layer 11: loading 2 expert(s)
[MoE] Layer 12: loading 2 expert(s)
[MoE] Layer 15: loading 1 expert(s)
[MoE] Layer 16: loading 1 expert(s)
[MoE] Layer 17: loading 1 expert(s)
[MoE] Layer 21: loading 1 expert(s)
[MoE] Layer 24: loading 3 expert(s)
[MoE] Layer 25: loading 1 expert(s)
[MoE] Layer 28: loading 1 expert(s)
[MoE] Layer 29: loading 1 expert(s)
[MoE] Layer 33: loading 1 expert(s)
[MoE] Layer 35: loading 1 expert(s)
[MoE] Layer 36: loading 2 expert(s)
[MoE] Layer 37: loading 1 expert(s)
[MoE] Layer 0: loading 1 expert(s)
[MoE] Layer 1: loading 1 expert(s)
[MoE] Layer 3: loading 1 expert(s)
[MoE] Layer 5: loading 1 expert(s)
[MoE] Layer 6: loading 2 expert(s)
[MoE] Layer 8: loading 1 expert(s)
[MoE] Layer 12: loading 1 expert(s)
[MoE] Layer 15: loading 1 expert(s)
[MoE] Layer 16: loading 1 expert(s)
[MoE] Layer 17: loading 1 expert(s)
[MoE] Layer 29: loading 1 expert(s)
[MoE] Layer 34: loading 1 expert(s)
[MoE] Layer 36: loading 1 expert(s)
[MoE] Layer 37: loading 1 expert(s)
[MoE] Layer 41: loading 1 expert(s)
[MoE] Layer 44: loading 1 expert(s)
[MoE] Layer 45: loading 1 expert(s)
[MoE] Layer 46: loading 1 expert(s)
[MoE] Layer 47: loading 1 expert(s)
[MoE] Layer 0: loading 1 expert(s)
[MoE] Layer 1: loading 2 expert(s)
[MoE] Layer 3: loading 1 expert(s)
[MoE] Layer 10: loading 1 expert(s)
[MoE] Layer 13: loading 1 expert(s)
[MoE] Layer 16: loading 1 expert(s)
[MoE] Layer 17: loading 1 expert(s)
[MoE] Layer 22: loading 2 expert(s)
[MoE] Layer 24: loading 1 expert(s)
[MoE] Layer 27: loading 1 expert(s)
[MoE] Layer 32: loading 1 expert(s)
[MoE] Layer 33: loading 1 expert(s)
[MoE] Layer 44: loading 1 expert(s)
[MoE] Layer 0: loading 2 expert(s)
[MoE] Layer 1: loading 1 expert(s)
[MoE] Layer 2: loading 1 expert(s)
[MoE] Layer 3: loading 1 expert(s)
[MoE] Layer 4: loading 1 expert(s)
[MoE] Layer 5: loading 1 expert(s)
[MoE] Layer 6: loading 1 expert(s)
[MoE] Layer 7: loading 1 expert(s)
[MoE] Layer 8: loading 1 expert(s)
[MoE] Layer 12: loading 1 expert(s)
[MoE] Layer 14: loading 1 expert(s)
[MoE] Layer 17: loading 1 expert(s)
[MoE] Layer 18: loading 1 expert(s)
[MoE] Layer 19: loading 1 expert(s)
[MoE] Layer 21: loading 1 expert(s)
[MoE] Layer 24: loading 1 expert(s)
[MoE] Layer 26: loading 1 expert(s)
[MoE] Layer 28: loading 1 expert(s)
[MoE] Layer 29: loading 1 expert(s)
[MoE] Layer 34: loading 1 expert(s)
[MoE] Layer 35: loading 1 expert(s)
[MoE] Layer 36: loading 1 expert(s)
[MoE] Layer 40: loading 1 expert(s)
[MoE] Layer 41: loading 1 expert(s)
[MoE] Layer 47: loading 2 expert(s)
[gen 10/149] elapsed=1.8s  TPS=5.418
[MoE] Layer 2: loading 1 expert(s)
[MoE] Layer 4: loading 1 expert(s)
[MoE] Layer 5: loading 1 expert(s)
[MoE] Layer 6: loading 1 expert(s)
[MoE] Layer 7: loading 1 expert(s)
[MoE] Layer 14: loading 1 expert(s)
[MoE] Layer 15: loading 1 expert(s)
[MoE] Layer 18: loading 1 expert(s)
[MoE] Layer 19: loading 1 expert(s)
[MoE] Layer 22: loading 1 expert(s)
[MoE] Layer 23: loading 2 expert(s)
[MoE] Layer 26: loading 1 expert(s)
[MoE] Layer 28: loading 1 expert(s)
[MoE] Layer 29: loading 1 expert(s)
[MoE] Layer 32: loading 1 expert(s)
[MoE] Layer 34: loading 1 expert(s)
[MoE] Layer 35: loading 1 expert(s)
[MoE] Layer 37: loading 1 expert(s)
[MoE] Layer 43: loading 1 expert(s)
[MoE] Layer 47: loading 1 expert(s)
[MoE] Layer 4: loading 1 expert(s)
[MoE] Layer 12: loading 1 expert(s)
[MoE] Layer 15: loading 1 expert(s)
[MoE] Layer 18: loading 1 expert(s)
[MoE] Layer 24: loading 1 expert(s)
[MoE] Layer 36: loading 1 expert(s)
[MoE] Layer 47: loading 1 expert(s)
[MoE] Layer 0: loading 2 expert(s)
[MoE] Layer 1: loading 3 expert(s)
[MoE] Layer 2: loading 1 expert(s)
[MoE] Layer 4: loading 1 expert(s)
[MoE] Layer 6: loading 1 expert(s)
[MoE] Layer 8: loading 1 expert(s)
[MoE] Layer 11: loading 1 expert(s)
[MoE] Layer 12: loading 1 expert(s)
[MoE] Layer 13: loading 1 expert(s)
[MoE] Layer 14: loading 1 expert(s)
[MoE] Layer 17: loading 1 expert(s)
[MoE] Layer 20: loading 1 expert(s)
[MoE] Layer 26: loading 1 expert(s)
[MoE] Layer 29: loading 1 expert(s)
[MoE] Layer 34: loading 1 expert(s)
[MoE] Layer 35: loading 1 expert(s)
[MoE] Layer 36: loading 1 expert(s)
[MoE] Layer 38: loading 1 expert(s)
[MoE] Layer 41: loading 1 expert(s)
[MoE] Layer 43: loading 1 expert(s)
[MoE] Layer 45: loading 1 expert(s)
[MoE] Layer 46: loading 2 expert(s)
[MoE] Layer 47: loading 2 expert(s)
[MoE] Layer 0: loading 1 expert(s)
[MoE] Layer 1: loading 2 expert(s)
[MoE] Layer 3: loading 2 expert(s)
[MoE] Layer 5: loading 3 expert(s)
[MoE] Layer 7: loading 1 expert(s)
[MoE] Layer 8: loading 1 expert(s)
[MoE] Layer 10: loading 1 expert(s)
[MoE] Layer 12: loading 1 expert(s)
[MoE] Layer 16: loading 1 expert(s)
[MoE] Layer 24: loading 1 expert(s)
[MoE] Layer 29: loading 1 expert(s)
[MoE] Layer 36: loading 1 expert(s)
[MoE] Layer 37: loading 1 expert(s)
[MoE] Layer 45: loading 1 expert(s)
[MoE] Layer 2: loading 1 expert(s)
[MoE] Layer 11: loading 1 expert(s)
[MoE] Layer 13: loading 1 expert(s)
[MoE] Layer 14: loading 1 expert(s)
[MoE] Layer 15: loading 1 expert(s)
[MoE] Layer 16: loading 1 expert(s)
[MoE] Layer 24: loading 1 expert(s)
[MoE] Layer 28: loading 1 expert(s)
[MoE] Layer 41: loading 1 expert(s)
[MoE] Layer 47: loading 1 expert(s)
[gen 15/149] elapsed=2.4s  TPS=6.197
[MoE] Layer 0: loading 1 expert(s)
[MoE] Layer 1: loading 2 expert(s)
[MoE] Layer 2: loading 1 expert(s)
[MoE] Layer 3: loading 1 expert(s)
[MoE] Layer 4: loading 2 expert(s)
[MoE] Layer 8: loading 1 expert(s)
[MoE] Layer 9: loading 1 expert(s)
[MoE] Layer 12: loading 2 expert(s)
[MoE] Layer 13: loading 3 expert(s)
[MoE] Layer 17: loading 1 expert(s)
[MoE] Layer 20: loading 1 expert(s)
[MoE] Layer 22: loading 1 expert(s)
[MoE] Layer 24: loading 1 expert(s)
[MoE] Layer 25: loading 1 expert(s)
[MoE] Layer 26: loading 1 expert(s)
[MoE] Layer 32: loading 1 expert(s)
[MoE] Layer 36: loading 2 expert(s)
[MoE] Layer 37: loading 3 expert(s)
[MoE] Layer 38: loading 1 expert(s)
[MoE] Layer 42: loading 1 expert(s)
[MoE] Layer 44: loading 1 expert(s)
[MoE] Layer 0: loading 4 expert(s)
[MoE] Layer 1: loading 1 expert(s)
[MoE] Layer 3: loading 1 expert(s)
[MoE] Layer 9: loading 1 expert(s)
[MoE] Layer 14: loading 1 expert(s)
[MoE] Layer 16: loading 2 expert(s)
[MoE] Layer 24: loading 1 expert(s)
[MoE] Layer 25: loading 2 expert(s)
[MoE] Layer 27: loading 1 expert(s)
[MoE] Layer 28: loading 2 expert(s)
[MoE] Layer 29: loading 1 expert(s)
[MoE] Layer 35: loading 1 expert(s)
[MoE] Layer 36: loading 1 expert(s)
[MoE] Layer 37: loading 1 expert(s)
[MoE] Layer 41: loading 1 expert(s)
[MoE] Layer 42: loading 1 expert(s)
[MoE] Layer 45: loading 1 expert(s)
[MoE] Layer 1: loading 1 expert(s)
[MoE] Layer 2: loading 1 expert(s)
[MoE] Layer 3: loading 2 expert(s)
[MoE] Layer 4: loading 1 expert(s)
[MoE] Layer 10: loading 1 expert(s)
[MoE] Layer 12: loading 1 expert(s)
[MoE] Layer 15: loading 1 expert(s)
[MoE] Layer 20: loading 1 expert(s)
[MoE] Layer 23: loading 1 expert(s)
[MoE] Layer 24: loading 1 expert(s)
[MoE] Layer 29: loading 1 expert(s)
[MoE] Layer 32: loading 1 expert(s)
[MoE] Layer 43: loading 1 expert(s)
[MoE] Layer 2: loading 1 expert(s)
[MoE] Layer 3: loading 1 expert(s)
[MoE] Layer 4: loading 1 expert(s)
[MoE] Layer 8: loading 1 expert(s)
[MoE] Layer 9: loading 1 expert(s)
[MoE] Layer 11: loading 2 expert(s)
[MoE] Layer 13: loading 1 expert(s)
[MoE] Layer 20: loading 1 expert(s)
[MoE] Layer 23: loading 2 expert(s)
[MoE] Layer 29: loading 1 expert(s)
[MoE] Layer 34: loading 1 expert(s)
[MoE] Layer 35: loading 1 expert(s)
[MoE] Layer 38: loading 1 expert(s)
[MoE] Layer 39: loading 1 expert(s)
[MoE] Layer 0: loading 3 expert(s)
[MoE] Layer 2: loading 1 expert(s)
[MoE] Layer 4: loading 1 expert(s)
[MoE] Layer 5: loading 1 expert(s)
[MoE] Layer 8: loading 1 expert(s)
[MoE] Layer 16: loading 2 expert(s)
[MoE] Layer 17: loading 1 expert(s)
[MoE] Layer 18: loading 1 expert(s)
[MoE] Layer 23: loading 1 expert(s)
[MoE] Layer 25: loading 2 expert(s)
[MoE] Layer 28: loading 2 expert(s)
[MoE] Layer 29: loading 1 expert(s)
[MoE] Layer 34: loading 1 expert(s)
[MoE] Layer 39: loading 1 expert(s)
[MoE] Layer 40: loading 2 expert(s)
[MoE] Layer 41: loading 2 expert(s)
[gen 20/149] elapsed=3.0s  TPS=6.580
[MoE] Layer 3: loading 1 expert(s)
[MoE] Layer 4: loading 1 expert(s)
[MoE] Layer 5: loading 1 expert(s)
[MoE] Layer 10: loading 1 expert(s)
[MoE] Layer 12: loading 1 expert(s)
[MoE] Layer 13: loading 1 expert(s)
[MoE] Layer 17: loading 1 expert(s)
[MoE] Layer 22: loading 1 expert(s)
[MoE] Layer 29: loading 1 expert(s)
[MoE] Layer 34: loading 1 expert(s)
[MoE] Layer 35: loading 1 expert(s)
[MoE] Layer 36: loading 1 expert(s)
[MoE] Layer 38: loading 1 expert(s)
[MoE] Layer 41: loading 1 expert(s)
[MoE] Layer 42: loading 1 expert(s)
[MoE] Layer 44: loading 1 expert(s)
[MoE] Layer 0: loading 1 expert(s)
[MoE] Layer 1: loading 3 expert(s)
[MoE] Layer 2: loading 2 expert(s)
[MoE] Layer 3: loading 2 expert(s)
[MoE] Layer 4: loading 1 expert(s)
[MoE] Layer 5: loading 1 expert(s)
[MoE] Layer 8: loading 1 expert(s)
[MoE] Layer 9: loading 1 expert(s)
[MoE] Layer 10: loading 1 expert(s)
[MoE] Layer 11: loading 1 expert(s)
[MoE] Layer 12: loading 1 expert(s)
[MoE] Layer 13: loading 1 expert(s)
[MoE] Layer 16: loading 2 expert(s)
[MoE] Layer 20: loading 1 expert(s)
[MoE] Layer 22: loading 1 expert(s)
[MoE] Layer 23: loading 1 expert(s)
[MoE] Layer 25: loading 1 expert(s)
[MoE] Layer 26: loading 1 expert(s)
[MoE] Layer 28: loading 2 expert(s)
[MoE] Layer 32: loading 1 expert(s)
[MoE] Layer 33: loading 1 expert(s)
[MoE] Layer 37: loading 1 expert(s)
[MoE] Layer 38: loading 1 expert(s)
[MoE] Layer 39: loading 1 expert(s)
[MoE] Layer 40: loading 1 expert(s)
[MoE] Layer 43: loading 1 expert(s)
[MoE] Layer 46: loading 2 expert(s)
[MoE] Layer 0: loading 1 expert(s)
[MoE] Layer 3: loading 3 expert(s)
[MoE] Layer 4: loading 2 expert(s)
[MoE] Layer 6: loading 1 expert(s)
[MoE] Layer 8: loading 1 expert(s)
[MoE] Layer 9: loading 1 expert(s)
[MoE] Layer 10: loading 1 expert(s)
[MoE] Layer 11: loading 3 expert(s)
[MoE] Layer 16: loading 1 expert(s)
[MoE] Layer 20: loading 1 expert(s)
[MoE] Layer 21: loading 1 expert(s)
[MoE] Layer 22: loading 1 expert(s)
[MoE] Layer 23: loading 2 expert(s)
[MoE] Layer 25: loading 1 expert(s)
[MoE] Layer 32: loading 1 expert(s)
[MoE] Layer 35: loading 1 expert(s)
[MoE] Layer 38: loading 1 expert(s)
[MoE] Layer 42: loading 1 expert(s)
[MoE] Layer 47: loading 1 expert(s)
[MoE] Layer 0: loading 3 expert(s)
[MoE] Layer 1: loading 1 expert(s)
[MoE] Layer 2: loading 3 expert(s)
[MoE] Layer 4: loading 1 expert(s)
[MoE] Layer 5: loading 2 expert(s)
[MoE] Layer 8: loading 1 expert(s)
[MoE] Layer 11: loading 2 expert(s)
[MoE] Layer 13: loading 2 expert(s)
[MoE] Layer 14: loading 1 expert(s)
[MoE] Layer 16: loading 1 expert(s)
[MoE] Layer 21: loading 1 expert(s)
[MoE] Layer 23: loading 1 expert(s)
[MoE] Layer 24: loading 1 expert(s)
[MoE] Layer 25: loading 1 expert(s)
[MoE] Layer 28: loading 1 expert(s)
[MoE] Layer 29: loading 1 expert(s)
[MoE] Layer 33: loading 1 expert(s)
[MoE] Layer 35: loading 2 expert(s)
[MoE] Layer 37: loading 2 expert(s)
[MoE] Layer 38: loading 2 expert(s)
[MoE] Layer 39: loading 1 expert(s)
[MoE] Layer 40: loading 1 expert(s)
[MoE] Layer 41: loading 1 expert(s)
[MoE] Layer 42: loading 1 expert(s)
[MoE] Layer 44: loading 1 expert(s)
[MoE] Layer 0: loading 1 expert(s)
[MoE] Layer 1: loading 2 expert(s)
[MoE] Layer 3: loading 1 expert(s)
[MoE] Layer 5: loading 1 expert(s)
[MoE] Layer 6: loading 1 expert(s)
[MoE] Layer 10: loading 1 expert(s)
[MoE] Layer 11: loading 1 expert(s)
[MoE] Layer 17: loading 1 expert(s)
[MoE] Layer 22: loading 2 expert(s)
[MoE] Layer 23: loading 1 expert(s)
[MoE] Layer 24: loading 1 expert(s)
[MoE] Layer 29: loading 1 expert(s)
[MoE] Layer 34: loading 1 expert(s)
[MoE] Layer 41: loading 1 expert(s)
[gen 25/149] elapsed=3.7s  TPS=6.669
[MoE] Layer 0: loading 2 expert(s)
[MoE] Layer 1: loading 2 expert(s)
[MoE] Layer 5: loading 1 expert(s)
[MoE] Layer 13: loading 1 expert(s)
[MoE] Layer 23: loading 1 expert(s)
[MoE] Layer 29: loading 2 expert(s)
[MoE] Layer 38: loading 1 expert(s)
[MoE] Layer 41: loading 3 expert(s)
[MoE] Layer 43: loading 1 expert(s)
[MoE] Layer 45: loading 1 expert(s)
[MoE] Layer 47: loading 1 expert(s)
[MoE] Layer 1: loading 1 expert(s)
[MoE] Layer 6: loading 1 expert(s)
[MoE] Layer 10: loading 1 expert(s)
[MoE] Layer 11: loading 2 expert(s)
[MoE] Layer 13: loading 1 expert(s)
[MoE] Layer 14: loading 1 expert(s)
[MoE] Layer 17: loading 1 expert(s)
[MoE] Layer 18: loading 1 expert(s)
[MoE] Layer 21: loading 1 expert(s)
[MoE] Layer 22: loading 1 expert(s)
[MoE] Layer 23: loading 1 expert(s)
[MoE] Layer 24: loading 1 expert(s)
[MoE] Layer 25: loading 2 expert(s)
[MoE] Layer 26: loading 1 expert(s)
[MoE] Layer 29: loading 1 expert(s)
[MoE] Layer 42: loading 1 expert(s)
[MoE] Layer 7: loading 1 expert(s)
[MoE] Layer 9: loading 2 expert(s)
[MoE] Layer 22: loading 1 expert(s)
[MoE] Layer 23: loading 1 expert(s)
[MoE] Layer 26: loading 1 expert(s)
[MoE] Layer 34: loading 1 expert(s)
[MoE] Layer 35: loading 1 expert(s)
[MoE] Layer 36: loading 1 expert(s)
[MoE] Layer 43: loading 1 expert(s)
[MoE] Layer 1: loading 1 expert(s)
[MoE] Layer 2: loading 1 expert(s)
[MoE] Layer 5: loading 1 expert(s)
[MoE] Layer 10: loading 2 expert(s)
[MoE] Layer 13: loading 1 expert(s)
[MoE] Layer 23: loading 1 expert(s)
[MoE] Layer 24: loading 1 expert(s)
[MoE] Layer 25: loading 1 expert(s)
[MoE] Layer 29: loading 1 expert(s)
[MoE] Layer 32: loading 1 expert(s)
[MoE] Layer 47: loading 1 expert(s)
[MoE] Layer 0: loading 2 expert(s)
[MoE] Layer 2: loading 2 expert(s)
[MoE] Layer 3: loading 1 expert(s)
[MoE] Layer 15: loading 2 expert(s)
[MoE] Layer 17: loading 1 expert(s)
[MoE] Layer 27: loading 1 expert(s)
[MoE] Layer 28: loading 1 expert(s)
[MoE] Layer 39: loading 1 expert(s)
[MoE] Layer 40: loading 1 expert(s)
[MoE] Layer 42: loading 1 expert(s)
[MoE] Layer 46: loading 1 expert(s)
[gen 30/149] elapsed=4.3s  TPS=7.038
[MoE] Layer 0: loading 3 expert(s)
[MoE] Layer 1: loading 1 expert(s)
[MoE] Layer 2: loading 1 expert(s)
[MoE] Layer 3: loading 2 expert(s)
[MoE] Layer 6: loading 1 expert(s)
[MoE] Layer 11: loading 2 expert(s)
[MoE] Layer 16: loading 1 expert(s)
[MoE] Layer 21: loading 1 expert(s)
[MoE] Layer 27: loading 1 expert(s)
[MoE] Layer 28: loading 3 expert(s)
[MoE] Layer 30: loading 1 expert(s)
[MoE] Layer 33: loading 2 expert(s)
[MoE] Layer 38: loading 1 expert(s)
[MoE] Layer 40: loading 1 expert(s)
[MoE] Layer 43: loading 1 expert(s)
[MoE] Layer 44: loading 1 expert(s)
[MoE] Layer 1: loading 1 expert(s)
[MoE] Layer 2: loading 1 expert(s)
[MoE] Layer 4: loading 2 expert(s)
[MoE] Layer 7: loading 1 expert(s)
[MoE] Layer 9: loading 1 expert(s)
[MoE] Layer 13: loading 1 expert(s)
[MoE] Layer 14: loading 1 expert(s)
[MoE] Layer 25: loading 1 expert(s)
[MoE] Layer 26: loading 2 expert(s)
[MoE] Layer 31: loading 1 expert(s)
[MoE] Layer 34: loading 1 expert(s)
[MoE] Layer 36: loading 1 expert(s)
[MoE] Layer 37: loading 1 expert(s)
[MoE] Layer 41: loading 2 expert(s)
[MoE] Layer 46: loading 1 expert(s)
[MoE] Layer 1: loading 1 expert(s)
[MoE] Layer 2: loading 1 expert(s)
[MoE] Layer 3: loading 2 expert(s)
[MoE] Layer 5: loading 1 expert(s)
[MoE] Layer 9: loading 1 expert(s)
[MoE] Layer 11: loading 1 expert(s)
[MoE] Layer 12: loading 1 expert(s)
[MoE] Layer 13: loading 1 expert(s)
[MoE] Layer 14: loading 1 expert(s)
[MoE] Layer 17: loading 1 expert(s)
[MoE] Layer 26: loading 1 expert(s)
[MoE] Layer 30: loading 1 expert(s)
[MoE] Layer 34: loading 1 expert(s)
[MoE] Layer 35: loading 4 expert(s)
[MoE] Layer 36: loading 1 expert(s)
[MoE] Layer 37: loading 1 expert(s)
[MoE] Layer 38: loading 1 expert(s)
[MoE] Layer 0: loading 2 expert(s)
[MoE] Layer 1: loading 2 expert(s)
[MoE] Layer 2: loading 1 expert(s)
[MoE] Layer 3: loading 1 expert(s)
[MoE] Layer 5: loading 1 expert(s)
[MoE] Layer 8: loading 2 expert(s)
[MoE] Layer 10: loading 2 expert(s)
[MoE] Layer 13: loading 1 expert(s)
[MoE] Layer 15: loading 1 expert(s)
[MoE] Layer 18: loading 1 expert(s)
[MoE] Layer 26: loading 1 expert(s)
[MoE] Layer 33: loading 1 expert(s)
[MoE] Layer 36: loading 1 expert(s)
[MoE] Layer 37: loading 1 expert(s)
[MoE] Layer 41: loading 1 expert(s)
[MoE] Layer 43: loading 1 expert(s)
[MoE] Layer 46: loading 1 expert(s)
[MoE] Layer 47: loading 1 expert(s)
[MoE] Layer 0: loading 1 expert(s)
[MoE] Layer 3: loading 1 expert(s)
[MoE] Layer 8: loading 1 expert(s)
[MoE] Layer 12: loading 1 expert(s)
[MoE] Layer 13: loading 1 expert(s)
[MoE] Layer 25: loading 1 expert(s)
[MoE] Layer 37: loading 2 expert(s)
[gen 35/149] elapsed=4.8s  TPS=7.240
[MoE] Layer 0: loading 1 expert(s)
[MoE] Layer 2: loading 1 expert(s)
[MoE] Layer 14: loading 1 expert(s)
[MoE] Layer 17: loading 1 expert(s)
[MoE] Layer 20: loading 1 expert(s)
[MoE] Layer 23: loading 1 expert(s)
[MoE] Layer 25: loading 1 expert(s)
[MoE] Layer 27: loading 1 expert(s)
[MoE] Layer 29: loading 1 expert(s)
[MoE] Layer 4: loading 1 expert(s)
[MoE] Layer 9: loading 1 expert(s)
[MoE] Layer 11: loading 1 expert(s)
[MoE] Layer 20: loading 1 expert(s)
[MoE] Layer 21: loading 1 expert(s)
[MoE] Layer 33: loading 1 expert(s)
[MoE] Layer 35: loading 2 expert(s)
[MoE] Layer 36: loading 1 expert(s)
[MoE] Layer 40: loading 1 expert(s)
[MoE] Layer 41: loading 1 expert(s)
[MoE] Layer 42: loading 1 expert(s)
[MoE] Layer 0: loading 1 expert(s)
[MoE] Layer 3: loading 1 expert(s)
[MoE] Layer 4: loading 1 expert(s)
[MoE] Layer 5: loading 1 expert(s)
[MoE] Layer 14: loading 1 expert(s)
[MoE] Layer 17: loading 1 expert(s)
[MoE] Layer 28: loading 1 expert(s)
[MoE] Layer 38: loading 1 expert(s)
[MoE] Layer 40: loading 1 expert(s)
[MoE] Layer 41: loading 1 expert(s)
[MoE] Layer 3: loading 1 expert(s)
[MoE] Layer 5: loading 1 expert(s)
[MoE] Layer 8: loading 1 expert(s)
[MoE] Layer 9: loading 1 expert(s)
[MoE] Layer 10: loading 1 expert(s)
[MoE] Layer 11: loading 2 expert(s)
[MoE] Layer 13: loading 1 expert(s)
[MoE] Layer 22: loading 1 expert(s)
[MoE] Layer 23: loading 1 expert(s)
[MoE] Layer 25: loading 2 expert(s)
[MoE] Layer 33: loading 1 expert(s)
[MoE] Layer 37: loading 1 expert(s)
[MoE] Layer 1: loading 3 expert(s)
[MoE] Layer 3: loading 1 expert(s)
[MoE] Layer 4: loading 1 expert(s)
[MoE] Layer 6: loading 1 expert(s)
[MoE] Layer 9: loading 1 expert(s)
[MoE] Layer 18: loading 1 expert(s)
[MoE] Layer 21: loading 1 expert(s)
[MoE] Layer 37: loading 1 expert(s)
[MoE] Layer 40: loading 1 expert(s)
[gen 40/149] elapsed=5.3s  TPS=7.541
[MoE] Layer 0: loading 2 expert(s)
[MoE] Layer 1: loading 1 expert(s)
[MoE] Layer 11: loading 1 expert(s)
[MoE] Layer 22: loading 1 expert(s)
[MoE] Layer 27: loading 1 expert(s)
[MoE] Layer 39: loading 1 expert(s)
[MoE] Layer 0: loading 2 expert(s)
[MoE] Layer 1: loading 1 expert(s)
[MoE] Layer 3: loading 1 expert(s)
[MoE] Layer 4: loading 1 expert(s)
[MoE] Layer 11: loading 1 expert(s)
[MoE] Layer 20: loading 2 expert(s)
[MoE] Layer 21: loading 1 expert(s)
[MoE] Layer 24: loading 1 expert(s)
[MoE] Layer 30: loading 1 expert(s)
[MoE] Layer 46: loading 1 expert(s)
[MoE] Layer 47: loading 2 expert(s)
[MoE] Layer 1: loading 2 expert(s)
[MoE] Layer 23: loading 1 expert(s)
[MoE] Layer 25: loading 1 expert(s)
[MoE] Layer 33: loading 1 expert(s)
[MoE] Layer 39: loading 1 expert(s)
[MoE] Layer 47: loading 1 expert(s)
[MoE] Layer 0: loading 2 expert(s)
[MoE] Layer 1: loading 2 expert(s)
[MoE] Layer 3: loading 1 expert(s)
[MoE] Layer 10: loading 1 expert(s)
[MoE] Layer 38: loading 1 expert(s)
[MoE] Layer 40: loading 1 expert(s)
[MoE] Layer 42: loading 1 expert(s)
[MoE] Layer 43: loading 1 expert(s)
[MoE] Layer 46: loading 1 expert(s)
[MoE] Layer 47: loading 2 expert(s)
[MoE] Layer 0: loading 2 expert(s)
[MoE] Layer 1: loading 3 expert(s)
[MoE] Layer 2: loading 3 expert(s)
[MoE] Layer 6: loading 2 expert(s)
[MoE] Layer 8: loading 1 expert(s)
[MoE] Layer 10: loading 1 expert(s)
[MoE] Layer 11: loading 1 expert(s)
[MoE] Layer 14: loading 1 expert(s)
[MoE] Layer 16: loading 1 expert(s)
[MoE] Layer 17: loading 1 expert(s)
[MoE] Layer 32: loading 1 expert(s)
[MoE] Layer 34: loading 1 expert(s)
[MoE] Layer 35: loading 1 expert(s)
[MoE] Layer 37: loading 1 expert(s)
[MoE] Layer 38: loading 1 expert(s)
[MoE] Layer 40: loading 1 expert(s)
[MoE] Layer 41: loading 1 expert(s)
[MoE] Layer 44: loading 1 expert(s)
[MoE] Layer 46: loading 1 expert(s)
[gen 45/149] elapsed=5.8s  TPS=7.783
[MoE] Layer 0: loading 1 expert(s)
[MoE] Layer 2: loading 1 expert(s)
[MoE] Layer 3: loading 1 expert(s)
[MoE] Layer 6: loading 1 expert(s)
[MoE] Layer 7: loading 1 expert(s)
[MoE] Layer 8: loading 1 expert(s)
[MoE] Layer 22: loading 1 expert(s)
[MoE] Layer 25: loading 1 expert(s)
[MoE] Layer 40: loading 1 expert(s)
[MoE] Layer 47: loading 1 expert(s)
[MoE] Layer 0: loading 1 expert(s)
[MoE] Layer 2: loading 1 expert(s)
[MoE] Layer 3: loading 2 expert(s)
[MoE] Layer 4: loading 3 expert(s)
[MoE] Layer 9: loading 1 expert(s)
[MoE] Layer 10: loading 1 expert(s)
[MoE] Layer 11: loading 1 expert(s)
[MoE] Layer 0: loading 2 expert(s)
[MoE] Layer 1: loading 1 expert(s)
[MoE] Layer 2: loading 1 expert(s)
[MoE] Layer 14: loading 1 expert(s)
[MoE] Layer 38: loading 1 expert(s)
[MoE] Layer 21: loading 1 expert(s)
[MoE] Layer 37: loading 1 expert(s)
[MoE] Layer 43: loading 1 expert(s)
[MoE] Layer 0: loading 2 expert(s)
[MoE] Layer 2: loading 1 expert(s)
[MoE] Layer 8: loading 1 expert(s)
[MoE] Layer 18: loading 1 expert(s)
[MoE] Layer 23: loading 1 expert(s)
[MoE] Layer 27: loading 1 expert(s)
[MoE] Layer 32: loading 1 expert(s)
[MoE] Layer 37: loading 1 expert(s)
[gen 50/149] elapsed=6.2s  TPS=8.104
[MoE] Layer 3: loading 1 expert(s)
[MoE] Layer 5: loading 1 expert(s)
[MoE] Layer 9: loading 1 expert(s)
[MoE] Layer 34: loading 1 expert(s)
[MoE] Layer 35: loading 1 expert(s)
[MoE] Layer 36: loading 1 expert(s)
[MoE] Layer 37: loading 1 expert(s)
[MoE] Layer 39: loading 1 expert(s)
[MoE] Layer 46: loading 1 expert(s)
[MoE] Layer 0: loading 2 expert(s)
[MoE] Layer 1: loading 1 expert(s)
[MoE] Layer 2: loading 2 expert(s)
[MoE] Layer 3: loading 1 expert(s)
[MoE] Layer 12: loading 1 expert(s)
[MoE] Layer 13: loading 1 expert(s)
[MoE] Layer 14: loading 1 expert(s)
[MoE] Layer 15: loading 1 expert(s)
[MoE] Layer 16: loading 2 expert(s)
[MoE] Layer 17: loading 2 expert(s)
[MoE] Layer 21: loading 1 expert(s)
[MoE] Layer 22: loading 1 expert(s)
[MoE] Layer 23: loading 1 expert(s)
[MoE] Layer 25: loading 1 expert(s)
[MoE] Layer 26: loading 2 expert(s)
[MoE] Layer 27: loading 2 expert(s)
[MoE] Layer 28: loading 2 expert(s)
[MoE] Layer 29: loading 2 expert(s)
[MoE] Layer 35: loading 2 expert(s)
[MoE] Layer 36: loading 1 expert(s)
[MoE] Layer 38: loading 2 expert(s)
[MoE] Layer 39: loading 1 expert(s)
[MoE] Layer 40: loading 1 expert(s)
[MoE] Layer 41: loading 4 expert(s)
[MoE] Layer 43: loading 1 expert(s)
[MoE] Layer 45: loading 4 expert(s)
[MoE] Layer 46: loading 2 expert(s)
[MoE] Layer 47: loading 3 expert(s)
[MoE] Layer 0: loading 3 expert(s)
[MoE] Layer 1: loading 3 expert(s)
[MoE] Layer 2: loading 1 expert(s)
[MoE] Layer 3: loading 1 expert(s)
[MoE] Layer 4: loading 1 expert(s)
[MoE] Layer 8: loading 1 expert(s)
[MoE] Layer 13: loading 1 expert(s)
[MoE] Layer 14: loading 1 expert(s)
[MoE] Layer 16: loading 1 expert(s)
[MoE] Layer 27: loading 1 expert(s)
[MoE] Layer 29: loading 1 expert(s)
[MoE] Layer 34: loading 1 expert(s)
[MoE] Layer 37: loading 1 expert(s)
[MoE] Layer 39: loading 1 expert(s)
[MoE] Layer 40: loading 1 expert(s)
[MoE] Layer 41: loading 1 expert(s)
[MoE] Layer 43: loading 1 expert(s)
[MoE] Layer 46: loading 1 expert(s)
[MoE] Layer 47: loading 2 expert(s)
[MoE] Layer 0: loading 4 expert(s)
[MoE] Layer 2: loading 2 expert(s)
[MoE] Layer 3: loading 1 expert(s)
[MoE] Layer 5: loading 1 expert(s)
[MoE] Layer 7: loading 1 expert(s)
[MoE] Layer 10: loading 3 expert(s)
[MoE] Layer 11: loading 2 expert(s)
[MoE] Layer 12: loading 1 expert(s)
[MoE] Layer 13: loading 3 expert(s)
[MoE] Layer 17: loading 2 expert(s)
[MoE] Layer 18: loading 1 expert(s)
[MoE] Layer 20: loading 2 expert(s)
[MoE] Layer 21: loading 1 expert(s)
[MoE] Layer 22: loading 2 expert(s)
[MoE] Layer 23: loading 3 expert(s)
[MoE] Layer 24: loading 1 expert(s)
[MoE] Layer 25: loading 2 expert(s)
[MoE] Layer 29: loading 2 expert(s)
[MoE] Layer 30: loading 1 expert(s)
[MoE] Layer 32: loading 1 expert(s)
[MoE] Layer 34: loading 2 expert(s)
[MoE] Layer 35: loading 2 expert(s)
[MoE] Layer 37: loading 1 expert(s)
[MoE] Layer 41: loading 1 expert(s)
[MoE] Layer 0: loading 2 expert(s)
[MoE] Layer 1: loading 2 expert(s)
[MoE] Layer 3: loading 1 expert(s)
[MoE] Layer 4: loading 1 expert(s)
[MoE] Layer 8: loading 1 expert(s)
[MoE] Layer 14: loading 1 expert(s)
[MoE] Layer 16: loading 1 expert(s)
[MoE] Layer 17: loading 1 expert(s)
[MoE] Layer 25: loading 1 expert(s)
[MoE] Layer 36: loading 1 expert(s)
[MoE] Layer 39: loading 1 expert(s)
[MoE] Layer 40: loading 1 expert(s)
[MoE] Layer 41: loading 2 expert(s)
[MoE] Layer 43: loading 1 expert(s)
[MoE] Layer 47: loading 1 expert(s)
[gen 55/149] elapsed=6.9s  TPS=7.995
[MoE] Layer 1: loading 3 expert(s)
[MoE] Layer 11: loading 1 expert(s)
[MoE] Layer 25: loading 1 expert(s)
[MoE] Layer 30: loading 1 expert(s)
[MoE] Layer 34: loading 1 expert(s)
[MoE] Layer 37: loading 1 expert(s)
[MoE] Layer 39: loading 2 expert(s)
[MoE] Layer 40: loading 2 expert(s)
[MoE] Layer 41: loading 2 expert(s)
[MoE] Layer 42: loading 1 expert(s)
[MoE] Layer 44: loading 2 expert(s)
[MoE] Layer 45: loading 2 expert(s)
[MoE] Layer 46: loading 1 expert(s)
[MoE] Layer 47: loading 1 expert(s)
[MoE] Layer 0: loading 1 expert(s)
[MoE] Layer 1: loading 1 expert(s)
[MoE] Layer 2: loading 1 expert(s)
[MoE] Layer 3: loading 1 expert(s)
[MoE] Layer 4: loading 1 expert(s)
[MoE] Layer 5: loading 2 expert(s)
[MoE] Layer 6: loading 2 expert(s)
[MoE] Layer 8: loading 1 expert(s)
[MoE] Layer 9: loading 1 expert(s)
[MoE] Layer 10: loading 1 expert(s)
[MoE] Layer 12: loading 1 expert(s)
[MoE] Layer 13: loading 2 expert(s)
[MoE] Layer 14: loading 2 expert(s)
[MoE] Layer 17: loading 1 expert(s)
[MoE] Layer 23: loading 1 expert(s)
[MoE] Layer 24: loading 1 expert(s)
[MoE] Layer 25: loading 1 expert(s)
[MoE] Layer 31: loading 1 expert(s)
[MoE] Layer 35: loading 1 expert(s)
[MoE] Layer 36: loading 2 expert(s)
[MoE] Layer 37: loading 1 expert(s)
[MoE] Layer 39: loading 1 expert(s)
[MoE] Layer 41: loading 2 expert(s)
[MoE] Layer 44: loading 2 expert(s)
[MoE] Layer 47: loading 2 expert(s)
[MoE] Layer 0: loading 1 expert(s)
[MoE] Layer 2: loading 1 expert(s)
[MoE] Layer 10: loading 1 expert(s)
[MoE] Layer 11: loading 1 expert(s)
[MoE] Layer 22: loading 1 expert(s)
[MoE] Layer 29: loading 1 expert(s)
[MoE] Layer 34: loading 1 expert(s)
[MoE] Layer 35: loading 1 expert(s)
[MoE] Layer 25: loading 1 expert(s)
[MoE] Layer 31: loading 1 expert(s)
[MoE] Layer 34: loading 1 expert(s)
[MoE] Layer 37: loading 1 expert(s)
[MoE] Layer 44: loading 1 expert(s)
[MoE] Layer 0: loading 1 expert(s)
[MoE] Layer 3: loading 1 expert(s)
[MoE] Layer 4: loading 1 expert(s)
[MoE] Layer 5: loading 1 expert(s)
[MoE] Layer 6: loading 1 expert(s)
[MoE] Layer 12: loading 1 expert(s)
[MoE] Layer 13: loading 1 expert(s)
[MoE] Layer 14: loading 1 expert(s)
[MoE] Layer 23: loading 1 expert(s)
[MoE] Layer 25: loading 1 expert(s)
[MoE] Layer 28: loading 1 expert(s)
[MoE] Layer 37: loading 1 expert(s)
[MoE] Layer 44: loading 1 expert(s)
[gen 60/149] elapsed=7.4s  TPS=8.092
[MoE] Layer 0: loading 2 expert(s)
[MoE] Layer 1: loading 1 expert(s)
[MoE] Layer 37: loading 1 expert(s)
[MoE] Layer 46: loading 1 expert(s)
[MoE] Layer 0: loading 3 expert(s)
[MoE] Layer 1: loading 2 expert(s)
[MoE] Layer 3: loading 1 expert(s)
[MoE] Layer 22: loading 1 expert(s)
[MoE] Layer 24: loading 1 expert(s)
[MoE] Layer 25: loading 1 expert(s)
[MoE] Layer 34: loading 1 expert(s)
[MoE] Layer 0: loading 2 expert(s)
[MoE] Layer 1: loading 2 expert(s)
[MoE] Layer 2: loading 1 expert(s)
[MoE] Layer 20: loading 1 expert(s)
[MoE] Layer 25: loading 1 expert(s)
[MoE] Layer 40: loading 1 expert(s)
[MoE] Layer 0: loading 3 expert(s)
[MoE] Layer 3: loading 1 expert(s)
[MoE] Layer 11: loading 1 expert(s)
[MoE] Layer 17: loading 1 expert(s)
[MoE] Layer 22: loading 1 expert(s)
[MoE] Layer 29: loading 1 expert(s)
[MoE] Layer 35: loading 3 expert(s)
[MoE] Layer 0: loading 2 expert(s)
[MoE] Layer 3: loading 2 expert(s)
[MoE] Layer 4: loading 1 expert(s)
[MoE] Layer 16: loading 1 expert(s)
[MoE] Layer 17: loading 1 expert(s)
[MoE] Layer 23: loading 1 expert(s)
[MoE] Layer 25: loading 1 expert(s)
[MoE] Layer 42: loading 1 expert(s)
[gen 65/149] elapsed=7.8s  TPS=8.321
[MoE] Layer 0: loading 1 expert(s)
[MoE] Layer 2: loading 1 expert(s)
[MoE] Layer 5: loading 1 expert(s)
[MoE] Layer 11: loading 2 expert(s)
[MoE] Layer 17: loading 1 expert(s)
[MoE] Layer 24: loading 1 expert(s)
[MoE] Layer 26: loading 1 expert(s)
[MoE] Layer 35: loading 1 expert(s)
[MoE] Layer 38: loading 1 expert(s)
[MoE] Layer 41: loading 1 expert(s)
[MoE] Layer 0: loading 3 expert(s)
[MoE] Layer 23: loading 1 expert(s)
[MoE] Layer 32: loading 1 expert(s)
[MoE] Layer 33: loading 1 expert(s)
[MoE] Layer 35: loading 1 expert(s)
[MoE] Layer 41: loading 1 expert(s)
[MoE] Layer 0: loading 1 expert(s)
[MoE] Layer 1: loading 2 expert(s)
[MoE] Layer 2: loading 1 expert(s)
[MoE] Layer 23: loading 1 expert(s)
[MoE] Layer 25: loading 1 expert(s)
[MoE] Layer 0: loading 3 expert(s)
[MoE] Layer 2: loading 1 expert(s)
[MoE] Layer 3: loading 1 expert(s)
[MoE] Layer 7: loading 1 expert(s)
[MoE] Layer 8: loading 2 expert(s)
[MoE] Layer 9: loading 1 expert(s)
[MoE] Layer 10: loading 1 expert(s)
[MoE] Layer 13: loading 1 expert(s)
[MoE] Layer 15: loading 1 expert(s)
[MoE] Layer 18: loading 2 expert(s)
[MoE] Layer 25: loading 1 expert(s)
[MoE] Layer 28: loading 1 expert(s)
[MoE] Layer 30: loading 2 expert(s)
[MoE] Layer 34: loading 1 expert(s)
[MoE] Layer 40: loading 1 expert(s)
[MoE] Layer 0: loading 1 expert(s)
[MoE] Layer 1: loading 2 expert(s)
[MoE] Layer 2: loading 1 expert(s)
[MoE] Layer 3: loading 2 expert(s)
[MoE] Layer 4: loading 1 expert(s)
[MoE] Layer 5: loading 1 expert(s)
[MoE] Layer 7: loading 1 expert(s)
[MoE] Layer 10: loading 1 expert(s)
[MoE] Layer 11: loading 1 expert(s)
[MoE] Layer 12: loading 1 expert(s)
[MoE] Layer 13: loading 1 expert(s)
[MoE] Layer 17: loading 1 expert(s)
[gen 70/149] elapsed=8.3s  TPS=8.451
[MoE] Layer 0: loading 2 expert(s)
[MoE] Layer 1: loading 1 expert(s)
[MoE] Layer 3: loading 1 expert(s)
[MoE] Layer 16: loading 1 expert(s)
[MoE] Layer 34: loading 1 expert(s)
[MoE] Layer 0: loading 1 expert(s)
[MoE] Layer 1: loading 1 expert(s)
[MoE] Layer 2: loading 1 expert(s)
[MoE] Layer 10: loading 1 expert(s)
[MoE] Layer 14: loading 1 expert(s)
[MoE] Layer 15: loading 1 expert(s)
[MoE] Layer 22: loading 1 expert(s)
[MoE] Layer 23: loading 1 expert(s)
[MoE] Layer 27: loading 1 expert(s)
[MoE] Layer 33: loading 1 expert(s)
[MoE] Layer 1: loading 1 expert(s)
[MoE] Layer 2: loading 1 expert(s)
[MoE] Layer 2: loading 1 expert(s)
[MoE] Layer 3: loading 1 expert(s)
[MoE] Layer 10: loading 2 expert(s)
[MoE] Layer 13: loading 1 expert(s)
[MoE] Layer 22: loading 2 expert(s)
[MoE] Layer 25: loading 1 expert(s)
[MoE] Layer 32: loading 1 expert(s)
[MoE] Layer 37: loading 1 expert(s)
[MoE] Layer 1: loading 1 expert(s)
[MoE] Layer 9: loading 1 expert(s)
[MoE] Layer 11: loading 1 expert(s)
[MoE] Layer 12: loading 1 expert(s)
[MoE] Layer 21: loading 1 expert(s)
[MoE] Layer 23: loading 2 expert(s)
[MoE] Layer 24: loading 2 expert(s)
[MoE] Layer 32: loading 1 expert(s)
[gen 75/149] elapsed=8.7s  TPS=8.644
[MoE] Layer 0: loading 2 expert(s)
[MoE] Layer 1: loading 1 expert(s)
[MoE] Layer 2: loading 2 expert(s)
[MoE] Layer 8: loading 1 expert(s)
[MoE] Layer 10: loading 1 expert(s)
[MoE] Layer 13: loading 1 expert(s)
[MoE] Layer 14: loading 1 expert(s)
[MoE] Layer 15: loading 1 expert(s)
[MoE] Layer 17: loading 1 expert(s)
[MoE] Layer 20: loading 1 expert(s)
[MoE] Layer 22: loading 1 expert(s)
[MoE] Layer 23: loading 2 expert(s)
[MoE] Layer 25: loading 2 expert(s)
[MoE] Layer 29: loading 1 expert(s)
[MoE] Layer 31: loading 1 expert(s)
[MoE] Layer 32: loading 2 expert(s)
[MoE] Layer 34: loading 1 expert(s)
[MoE] Layer 35: loading 1 expert(s)
[MoE] Layer 36: loading 1 expert(s)
[MoE] Layer 37: loading 1 expert(s)
[MoE] Layer 39: loading 1 expert(s)
[MoE] Layer 41: loading 1 expert(s)
[MoE] Layer 4: loading 1 expert(s)
[MoE] Layer 7: loading 1 expert(s)
[MoE] Layer 8: loading 1 expert(s)
[MoE] Layer 9: loading 1 expert(s)
[MoE] Layer 12: loading 1 expert(s)
[MoE] Layer 27: loading 1 expert(s)
[MoE] Layer 34: loading 1 expert(s)
[MoE] Layer 35: loading 1 expert(s)
[MoE] Layer 41: loading 1 expert(s)
[MoE] Layer 1: loading 1 expert(s)
[MoE] Layer 10: loading 1 expert(s)
[MoE] Layer 24: loading 1 expert(s)
[MoE] Layer 27: loading 1 expert(s)
[MoE] Layer 30: loading 1 expert(s)
[MoE] Layer 35: loading 1 expert(s)
[MoE] Layer 37: loading 1 expert(s)
[MoE] Layer 39: loading 1 expert(s)
[MoE] Layer 4: loading 1 expert(s)
[MoE] Layer 5: loading 1 expert(s)
[MoE] Layer 12: loading 1 expert(s)
[MoE] Layer 32: loading 1 expert(s)
[MoE] Layer 35: loading 1 expert(s)
[MoE] Layer 36: loading 1 expert(s)
[MoE] Layer 8: loading 1 expert(s)
[MoE] Layer 22: loading 1 expert(s)
[gen 80/149] elapsed=9.1s  TPS=8.761
[MoE] Layer 0: loading 4 expert(s)
[MoE] Layer 1: loading 1 expert(s)
[MoE] Layer 2: loading 1 expert(s)
[MoE] Layer 16: loading 1 expert(s)
[MoE] Layer 35: loading 1 expert(s)
[MoE] Layer 0: loading 1 expert(s)
[MoE] Layer 1: loading 1 expert(s)
[MoE] Layer 5: loading 1 expert(s)
[MoE] Layer 8: loading 1 expert(s)
[MoE] Layer 31: loading 1 expert(s)
[MoE] Layer 0: loading 1 expert(s)
[MoE] Layer 3: loading 1 expert(s)
[MoE] Layer 5: loading 1 expert(s)
[MoE] Layer 43: loading 1 expert(s)
[MoE] Layer 3: loading 2 expert(s)
[MoE] Layer 12: loading 1 expert(s)
[MoE] Layer 18: loading 1 expert(s)
[MoE] Layer 22: loading 1 expert(s)
[MoE] Layer 29: loading 1 expert(s)
[MoE] Layer 45: loading 1 expert(s)
[MoE] Layer 0: loading 1 expert(s)
[MoE] Layer 5: loading 1 expert(s)
[MoE] Layer 11: loading 1 expert(s)
[MoE] Layer 37: loading 1 expert(s)
[MoE] Layer 39: loading 1 expert(s)
[MoE] Layer 47: loading 2 expert(s)
[gen 85/149] elapsed=9.5s  TPS=8.950
[MoE] Layer 2: loading 1 expert(s)
[MoE] Layer 8: loading 1 expert(s)
[MoE] Layer 11: loading 1 expert(s)
[MoE] Layer 40: loading 1 expert(s)
[MoE] Layer 41: loading 1 expert(s)
[MoE] Layer 0: loading 2 expert(s)
[MoE] Layer 1: loading 1 expert(s)
[MoE] Layer 3: loading 1 expert(s)
[MoE] Layer 25: loading 1 expert(s)
[MoE] Layer 0: loading 1 expert(s)
[MoE] Layer 12: loading 1 expert(s)
[MoE] Layer 24: loading 1 expert(s)
[MoE] Layer 1: loading 1 expert(s)
[MoE] Layer 20: loading 1 expert(s)
[MoE] Layer 23: loading 1 expert(s)
[MoE] Layer 29: loading 1 expert(s)
[gen 90/149] elapsed=9.8s  TPS=9.169
[MoE] Layer 0: loading 1 expert(s)
[MoE] Layer 1: loading 1 expert(s)
[MoE] Layer 12: loading 1 expert(s)
[MoE] Layer 17: loading 1 expert(s)
[MoE] Layer 29: loading 1 expert(s)
[MoE] Layer 36: loading 1 expert(s)
[MoE] Layer 31: loading 1 expert(s)
[MoE] Layer 32: loading 1 expert(s)
[MoE] Layer 34: loading 1 expert(s)
[MoE] Layer 39: loading 1 expert(s)
[MoE] Layer 42: loading 1 expert(s)
[MoE] Layer 15: loading 1 expert(s)
[MoE] Layer 27: loading 2 expert(s)
[MoE] Layer 29: loading 1 expert(s)
[MoE] Layer 31: loading 1 expert(s)
[MoE] Layer 36: loading 1 expert(s)
[MoE] Layer 38: loading 2 expert(s)
[MoE] Layer 44: loading 1 expert(s)
[MoE] Layer 45: loading 1 expert(s)
[gen 95/149] elapsed=10.1s  TPS=9.360
[MoE] Layer 0: loading 1 expert(s)
[MoE] Layer 1: loading 1 expert(s)
[MoE] Layer 2: loading 1 expert(s)
[MoE] Layer 3: loading 1 expert(s)
[MoE] Layer 16: loading 1 expert(s)
[MoE] Layer 24: loading 1 expert(s)
[MoE] Layer 28: loading 1 expert(s)
[MoE] Layer 40: loading 1 expert(s)
[MoE] Layer 0: loading 1 expert(s)
[MoE] Layer 13: loading 1 expert(s)
[MoE] Layer 25: loading 1 expert(s)
[MoE] Layer 26: loading 1 expert(s)
[MoE] Layer 32: loading 1 expert(s)
[MoE] Layer 34: loading 1 expert(s)
[MoE] Layer 36: loading 1 expert(s)
[MoE] Layer 1: loading 1 expert(s)
[MoE] Layer 3: loading 2 expert(s)
[MoE] Layer 5: loading 1 expert(s)
[MoE] Layer 6: loading 1 expert(s)
[MoE] Layer 9: loading 1 expert(s)
[MoE] Layer 12: loading 1 expert(s)
[MoE] Layer 15: loading 1 expert(s)
[MoE] Layer 20: loading 1 expert(s)
[MoE] Layer 21: loading 1 expert(s)
[MoE] Layer 22: loading 2 expert(s)
[MoE] Layer 24: loading 1 expert(s)
[MoE] Layer 30: loading 1 expert(s)
[MoE] Layer 32: loading 1 expert(s)
[MoE] Layer 34: loading 1 expert(s)
[MoE] Layer 37: loading 1 expert(s)
[MoE] Layer 40: loading 1 expert(s)
[MoE] Layer 43: loading 1 expert(s)
[MoE] Layer 45: loading 1 expert(s)
[MoE] Layer 0: loading 3 expert(s)
[MoE] Layer 1: loading 1 expert(s)
[MoE] Layer 2: loading 1 expert(s)
[MoE] Layer 3: loading 1 expert(s)
[MoE] Layer 4: loading 1 expert(s)
[MoE] Layer 7: loading 1 expert(s)
[MoE] Layer 29: loading 1 expert(s)
[MoE] Layer 0: loading 4 expert(s)
[MoE] Layer 1: loading 2 expert(s)
[MoE] Layer 3: loading 2 expert(s)
[MoE] Layer 11: loading 1 expert(s)
[MoE] Layer 18: loading 1 expert(s)
[MoE] Layer 33: loading 1 expert(s)
[MoE] Layer 40: loading 1 expert(s)
[MoE] Layer 44: loading 1 expert(s)
[MoE] Layer 45: loading 1 expert(s)
[gen 100/149] elapsed=10.6s  TPS=9.415
[MoE] Layer 0: loading 1 expert(s)
[MoE] Layer 1: loading 1 expert(s)
[MoE] Layer 4: loading 2 expert(s)
[MoE] Layer 8: loading 1 expert(s)
[MoE] Layer 13: loading 1 expert(s)
[MoE] Layer 18: loading 1 expert(s)
[MoE] Layer 19: loading 1 expert(s)
[MoE] Layer 25: loading 1 expert(s)
[MoE] Layer 37: loading 1 expert(s)
[MoE] Layer 38: loading 1 expert(s)
[MoE] Layer 39: loading 1 expert(s)
[MoE] Layer 42: loading 1 expert(s)
[MoE] Layer 0: loading 1 expert(s)
[MoE] Layer 3: loading 1 expert(s)
[MoE] Layer 4: loading 1 expert(s)
[MoE] Layer 8: loading 1 expert(s)
[MoE] Layer 11: loading 1 expert(s)
[MoE] Layer 23: loading 1 expert(s)
[MoE] Layer 35: loading 1 expert(s)
[MoE] Layer 40: loading 1 expert(s)
[MoE] Layer 41: loading 1 expert(s)
[MoE] Layer 38: loading 1 expert(s)
[MoE] Layer 0: loading 2 expert(s)
[MoE] Layer 1: loading 4 expert(s)
[MoE] Layer 2: loading 2 expert(s)
[MoE] Layer 3: loading 2 expert(s)
[MoE] Layer 6: loading 1 expert(s)
[MoE] Layer 11: loading 1 expert(s)
[MoE] Layer 16: loading 1 expert(s)
[MoE] Layer 20: loading 1 expert(s)
[MoE] Layer 28: loading 1 expert(s)
[MoE] Layer 29: loading 1 expert(s)
[MoE] Layer 32: loading 1 expert(s)
[MoE] Layer 33: loading 1 expert(s)
[MoE] Layer 37: loading 2 expert(s)
[MoE] Layer 38: loading 2 expert(s)
[MoE] Layer 40: loading 1 expert(s)
[MoE] Layer 41: loading 1 expert(s)
[MoE] Layer 42: loading 2 expert(s)
[MoE] Layer 43: loading 1 expert(s)
[MoE] Layer 44: loading 1 expert(s)
[MoE] Layer 45: loading 1 expert(s)
[MoE] Layer 46: loading 1 expert(s)
[MoE] Layer 47: loading 2 expert(s)
[MoE] Layer 0: loading 2 expert(s)
[MoE] Layer 1: loading 1 expert(s)
[MoE] Layer 3: loading 1 expert(s)
[MoE] Layer 4: loading 2 expert(s)
[MoE] Layer 11: loading 2 expert(s)
[MoE] Layer 12: loading 1 expert(s)
[MoE] Layer 23: loading 2 expert(s)
[MoE] Layer 25: loading 1 expert(s)
[MoE] Layer 26: loading 1 expert(s)
[MoE] Layer 29: loading 1 expert(s)
[MoE] Layer 39: loading 1 expert(s)
[gen 105/149] elapsed=11.1s  TPS=9.440
[MoE] Layer 0: loading 1 expert(s)
[MoE] Layer 3: loading 1 expert(s)
[MoE] Layer 13: loading 1 expert(s)
[MoE] Layer 21: loading 1 expert(s)
[MoE] Layer 29: loading 1 expert(s)
[MoE] Layer 0: loading 1 expert(s)
[MoE] Layer 17: loading 1 expert(s)
[MoE] Layer 25: loading 1 expert(s)
[MoE] Layer 29: loading 1 expert(s)
[MoE] Layer 38: loading 1 expert(s)
[MoE] Layer 0: loading 1 expert(s)
[MoE] Layer 1: loading 1 expert(s)
[MoE] Layer 13: loading 1 expert(s)
[MoE] Layer 14: loading 1 expert(s)
[MoE] Layer 20: loading 1 expert(s)
[MoE] Layer 31: loading 1 expert(s)
[MoE] Layer 37: loading 1 expert(s)
[MoE] Layer 40: loading 1 expert(s)
[MoE] Layer 41: loading 1 expert(s)
[MoE] Layer 44: loading 1 expert(s)
[MoE] Layer 0: loading 2 expert(s)
[MoE] Layer 1: loading 1 expert(s)
[MoE] Layer 2: loading 1 expert(s)
[MoE] Layer 3: loading 1 expert(s)
[MoE] Layer 10: loading 1 expert(s)
[MoE] Layer 14: loading 1 expert(s)
[gen 110/149] elapsed=11.5s  TPS=9.583
[MoE] Layer 26: loading 1 expert(s)
[MoE] Layer 47: loading 1 expert(s)
[MoE] Layer 0: loading 1 expert(s)
[MoE] Layer 15: loading 1 expert(s)
[MoE] Layer 33: loading 1 expert(s)
[MoE] Layer 45: loading 1 expert(s)
[MoE] Layer 0: loading 1 expert(s)
[MoE] Layer 1: loading 1 expert(s)
[MoE] Layer 3: loading 1 expert(s)
[MoE] Layer 10: loading 1 expert(s)
[MoE] Layer 32: loading 1 expert(s)
[MoE] Layer 35: loading 1 expert(s)
[MoE] Layer 37: loading 1 expert(s)
[MoE] Layer 34: loading 1 expert(s)
[MoE] Layer 37: loading 1 expert(s)
[MoE] Layer 39: loading 1 expert(s)
[MoE] Layer 42: loading 1 expert(s)
[MoE] Layer 43: loading 1 expert(s)
[MoE] Layer 0: loading 1 expert(s)
[MoE] Layer 6: loading 1 expert(s)
[MoE] Layer 11: loading 1 expert(s)
[MoE] Layer 23: loading 1 expert(s)
[MoE] Layer 34: loading 1 expert(s)
[MoE] Layer 35: loading 1 expert(s)
[MoE] Layer 43: loading 1 expert(s)
[MoE] Layer 45: loading 1 expert(s)
[gen 115/149] elapsed=11.8s  TPS=9.716
[MoE] Layer 0: loading 1 expert(s)
[MoE] Layer 1: loading 2 expert(s)
[MoE] Layer 3: loading 1 expert(s)
[MoE] Layer 12: loading 1 expert(s)
[MoE] Layer 17: loading 1 expert(s)
[MoE] Layer 23: loading 1 expert(s)
[MoE] Layer 25: loading 2 expert(s)
[MoE] Layer 29: loading 1 expert(s)
[MoE] Layer 0: loading 1 expert(s)
[MoE] Layer 1: loading 1 expert(s)
[MoE] Layer 3: loading 1 expert(s)
[MoE] Layer 35: loading 1 expert(s)
[MoE] Layer 0: loading 3 expert(s)
[MoE] Layer 2: loading 1 expert(s)
[MoE] Layer 10: loading 1 expert(s)
[MoE] Layer 15: loading 2 expert(s)
[MoE] Layer 20: loading 1 expert(s)
[MoE] Layer 22: loading 1 expert(s)
[MoE] Layer 23: loading 1 expert(s)
[MoE] Layer 27: loading 1 expert(s)
[MoE] Layer 29: loading 1 expert(s)
[MoE] Layer 34: loading 1 expert(s)
[MoE] Layer 42: loading 1 expert(s)
[MoE] Layer 0: loading 1 expert(s)
[MoE] Layer 1: loading 2 expert(s)
[MoE] Layer 2: loading 1 expert(s)
[MoE] Layer 4: loading 1 expert(s)
[MoE] Layer 13: loading 1 expert(s)
[MoE] Layer 17: loading 1 expert(s)
[MoE] Layer 22: loading 1 expert(s)
[MoE] Layer 26: loading 1 expert(s)
[MoE] Layer 41: loading 1 expert(s)
[MoE] Layer 0: loading 1 expert(s)
[MoE] Layer 1: loading 1 expert(s)
[MoE] Layer 3: loading 1 expert(s)
[MoE] Layer 7: loading 1 expert(s)
[MoE] Layer 10: loading 3 expert(s)
[MoE] Layer 12: loading 1 expert(s)
[MoE] Layer 16: loading 1 expert(s)
[MoE] Layer 28: loading 1 expert(s)
[MoE] Layer 40: loading 1 expert(s)
[MoE] Layer 44: loading 1 expert(s)
[gen 120/149] elapsed=12.3s  TPS=9.779
[MoE] Layer 0: loading 2 expert(s)
[MoE] Layer 1: loading 1 expert(s)
[MoE] Layer 2: loading 1 expert(s)
[MoE] Layer 4: loading 2 expert(s)
[MoE] Layer 19: loading 1 expert(s)
[MoE] Layer 33: loading 1 expert(s)
[MoE] Layer 40: loading 1 expert(s)
[MoE] Layer 45: loading 1 expert(s)
[MoE] Layer 0: loading 4 expert(s)
[MoE] Layer 1: loading 1 expert(s)
[MoE] Layer 3: loading 1 expert(s)
[MoE] Layer 10: loading 1 expert(s)
[MoE] Layer 11: loading 1 expert(s)
[MoE] Layer 17: loading 2 expert(s)
[MoE] Layer 20: loading 1 expert(s)
[MoE] Layer 32: loading 1 expert(s)
[MoE] Layer 35: loading 1 expert(s)
[MoE] Layer 37: loading 1 expert(s)
[MoE] Layer 0: loading 3 expert(s)
[MoE] Layer 2: loading 1 expert(s)
[MoE] Layer 13: loading 1 expert(s)
[MoE] Layer 25: loading 1 expert(s)
[MoE] Layer 0: loading 1 expert(s)
[MoE] Layer 32: loading 2 expert(s)
[MoE] Layer 1: loading 1 expert(s)
[MoE] Layer 3: loading 2 expert(s)
[MoE] Layer 8: loading 1 expert(s)
[MoE] Layer 22: loading 1 expert(s)
[MoE] Layer 24: loading 1 expert(s)
[MoE] Layer 32: loading 1 expert(s)
[gen 125/149] elapsed=12.7s  TPS=9.875
[MoE] Layer 8: loading 1 expert(s)
[MoE] Layer 10: loading 1 expert(s)
[MoE] Layer 13: loading 2 expert(s)
[MoE] Layer 17: loading 1 expert(s)
[MoE] Layer 22: loading 1 expert(s)
[MoE] Layer 34: loading 1 expert(s)
[MoE] Layer 1: loading 2 expert(s)
[MoE] Layer 3: loading 1 expert(s)
[MoE] Layer 8: loading 2 expert(s)
[MoE] Layer 10: loading 1 expert(s)
[MoE] Layer 11: loading 2 expert(s)
[MoE] Layer 23: loading 1 expert(s)
[MoE] Layer 25: loading 1 expert(s)
[MoE] Layer 39: loading 1 expert(s)
[MoE] Layer 1: loading 1 expert(s)
[MoE] Layer 4: loading 1 expert(s)
[MoE] Layer 34: loading 1 expert(s)
[MoE] Layer 45: loading 1 expert(s)
[MoE] Layer 1: loading 1 expert(s)
[MoE] Layer 11: loading 2 expert(s)
[MoE] Layer 33: loading 1 expert(s)
[MoE] Layer 35: loading 1 expert(s)
[MoE] Layer 36: loading 1 expert(s)
[MoE] Layer 37: loading 1 expert(s)
[MoE] Layer 38: loading 1 expert(s)
[MoE] Layer 40: loading 1 expert(s)
[MoE] Layer 41: loading 2 expert(s)
[MoE] Layer 0: loading 1 expert(s)
[MoE] Layer 3: loading 1 expert(s)
[MoE] Layer 14: loading 1 expert(s)
[MoE] Layer 16: loading 1 expert(s)
[MoE] Layer 22: loading 1 expert(s)
[MoE] Layer 24: loading 1 expert(s)
[MoE] Layer 25: loading 2 expert(s)
[MoE] Layer 26: loading 1 expert(s)
[MoE] Layer 27: loading 1 expert(s)
[MoE] Layer 29: loading 1 expert(s)
[MoE] Layer 30: loading 1 expert(s)
[MoE] Layer 33: loading 1 expert(s)
[MoE] Layer 35: loading 1 expert(s)
[MoE] Layer 36: loading 1 expert(s)
[MoE] Layer 38: loading 2 expert(s)
[MoE] Layer 43: loading 1 expert(s)
[gen 130/149] elapsed=13.1s  TPS=9.927
[MoE] Layer 6: loading 1 expert(s)
[MoE] Layer 13: loading 1 expert(s)
[MoE] Layer 16: loading 1 expert(s)
[MoE] Layer 0: loading 2 expert(s)
[MoE] Layer 1: loading 2 expert(s)
[MoE] Layer 2: loading 2 expert(s)
[MoE] Layer 3: loading 1 expert(s)
[MoE] Layer 25: loading 1 expert(s)
[MoE] Layer 1: loading 1 expert(s)
[MoE] Layer 10: loading 1 expert(s)
[MoE] Layer 13: loading 1 expert(s)
[MoE] Layer 17: loading 1 expert(s)
[MoE] Layer 37: loading 1 expert(s)
[MoE] Layer 11: loading 1 expert(s)
[MoE] Layer 23: loading 1 expert(s)
[MoE] Layer 24: loading 1 expert(s)
[MoE] Layer 28: loading 1 expert(s)
[MoE] Layer 35: loading 1 expert(s)
[MoE] Layer 45: loading 1 expert(s)
[MoE] Layer 46: loading 1 expert(s)
[MoE] Layer 17: loading 1 expert(s)
[MoE] Layer 18: loading 1 expert(s)
[MoE] Layer 22: loading 2 expert(s)
[MoE] Layer 26: loading 1 expert(s)
[MoE] Layer 38: loading 1 expert(s)
[gen 135/149] elapsed=13.5s  TPS=10.037
[MoE] Layer 0: loading 1 expert(s)
[MoE] Layer 16: loading 1 expert(s)
[MoE] Layer 11: loading 1 expert(s)
[MoE] Layer 33: loading 1 expert(s)
[MoE] Layer 4: loading 1 expert(s)
[MoE] Layer 37: loading 1 expert(s)
[MoE] Layer 41: loading 2 expert(s)
[MoE] Layer 22: loading 1 expert(s)
[MoE] Layer 24: loading 1 expert(s)
[MoE] Layer 29: loading 1 expert(s)
[MoE] Layer 37: loading 1 expert(s)
[MoE] Layer 44: loading 1 expert(s)
[MoE] Layer 1: loading 1 expert(s)
[MoE] Layer 30: loading 1 expert(s)
[MoE] Layer 37: loading 1 expert(s)
[MoE] Layer 38: loading 1 expert(s)
[MoE] Layer 39: loading 1 expert(s)
[MoE] Layer 41: loading 1 expert(s)
[gen 140/149] elapsed=13.8s  TPS=10.162
[MoE] Layer 0: loading 1 expert(s)
[MoE] Layer 8: loading 1 expert(s)
[MoE] Layer 19: loading 1 expert(s)
[MoE] Layer 20: loading 1 expert(s)
[MoE] Layer 22: loading 1 expert(s)
[MoE] Layer 25: loading 1 expert(s)
[MoE] Layer 27: loading 1 expert(s)
[MoE] Layer 32: loading 2 expert(s)
[MoE] Layer 34: loading 1 expert(s)
[MoE] Layer 35: loading 1 expert(s)
[MoE] Layer 36: loading 2 expert(s)
[MoE] Layer 40: loading 1 expert(s)
[MoE] Layer 10: loading 1 expert(s)
[MoE] Layer 26: loading 1 expert(s)
[MoE] Layer 33: loading 1 expert(s)
[MoE] Layer 37: loading 1 expert(s)
[MoE] Layer 38: loading 1 expert(s)
[MoE] Layer 39: loading 1 expert(s)
[MoE] Layer 47: loading 1 expert(s)
[MoE] Layer 4: loading 1 expert(s)
[MoE] Layer 11: loading 1 expert(s)
[MoE] Layer 24: loading 1 expert(s)
[MoE] Layer 0: loading 1 expert(s)
[MoE] Layer 1: loading 1 expert(s)
[MoE] Layer 3: loading 1 expert(s)
[MoE] Layer 11: loading 1 expert(s)
[MoE] Layer 12: loading 1 expert(s)
[MoE] Layer 17: loading 1 expert(s)
[MoE] Layer 23: loading 1 expert(s)
[MoE] Layer 28: loading 1 expert(s)
[MoE] Layer 29: loading 1 expert(s)
[MoE] Layer 34: loading 1 expert(s)
[MoE] Layer 35: loading 1 expert(s)
[MoE] Layer 0: loading 2 expert(s)
[MoE] Layer 1: loading 1 expert(s)
[MoE] Layer 3: loading 2 expert(s)
[MoE] Layer 8: loading 1 expert(s)
[MoE] Layer 14: loading 1 expert(s)
[MoE] Layer 16: loading 1 expert(s)
[MoE] Layer 17: loading 1 expert(s)
[MoE] Layer 20: loading 1 expert(s)
[MoE] Layer 21: loading 1 expert(s)
[MoE] Layer 29: loading 1 expert(s)
[MoE] Layer 41: loading 1 expert(s)
[gen 145/149] elapsed=14.2s  TPS=10.202
[MoE] Layer 14: loading 1 expert(s)
[MoE] Layer 26: loading 1 expert(s)
[MoE] Layer 31: loading 1 expert(s)
[MoE] Layer 0: loading 3 expert(s)
[MoE] Layer 0: loading 1 expert(s)
[MoE] Layer 3: loading 1 expert(s)
[MoE] Layer 12: loading 1 expert(s)
[MoE] Layer 29: loading 1 expert(s)
[MoE] Layer 34: loading 1 expert(s)
[MoE] Layer 29: loading 1 expert(s)
Prefill time (summary): 13.239 seconds
Total Generation Time: 14.469 seconds
Average Time per Token: 0.097 seconds

Expert Cache Statistics:
Layer 0: Hits=1025, Misses=167, HitRate=85.99%
    Bandwidth: MissLoads=167, AvgLoadTime=2.53ms
Layer 1: Hits=1076, Misses=116, HitRate=90.27%
    Bandwidth: MissLoads=116, AvgLoadTime=2.85ms
Layer 2: Hits=1128, Misses=64, HitRate=94.63%
    Bandwidth: MissLoads=64, AvgLoadTime=3.07ms
Layer 3: Hits=1105, Misses=87, HitRate=92.70%
    Bandwidth: MissLoads=87, AvgLoadTime=3.13ms
Layer 4: Hits=1139, Misses=53, HitRate=95.55%
    Bandwidth: MissLoads=53, AvgLoadTime=2.98ms
Layer 5: Hits=1155, Misses=37, HitRate=96.90%
    Bandwidth: MissLoads=37, AvgLoadTime=3.34ms
Layer 6: Hits=1166, Misses=26, HitRate=97.82%
    Bandwidth: MissLoads=26, AvgLoadTime=3.27ms
Layer 7: Hits=1174, Misses=18, HitRate=98.49%
    Bandwidth: MissLoads=18, AvgLoadTime=3.29ms
Layer 8: Hits=1147, Misses=45, HitRate=96.22%
    Bandwidth: MissLoads=45, AvgLoadTime=3.15ms
Layer 9: Hits=1163, Misses=29, HitRate=97.57%
    Bandwidth: MissLoads=29, AvgLoadTime=3.22ms
Layer 10: Hits=1146, Misses=46, HitRate=96.14%
    Bandwidth: MissLoads=46, AvgLoadTime=3.10ms
Layer 11: Hits=1136, Misses=56, HitRate=95.30%
    Bandwidth: MissLoads=56, AvgLoadTime=2.89ms
Layer 12: Hits=1151, Misses=41, HitRate=96.56%
    Bandwidth: MissLoads=41, AvgLoadTime=3.25ms
Layer 13: Hits=1145, Misses=47, HitRate=96.06%
    Bandwidth: MissLoads=47, AvgLoadTime=3.11ms
Layer 14: Hits=1161, Misses=31, HitRate=97.40%
    Bandwidth: MissLoads=31, AvgLoadTime=3.44ms
Layer 15: Hits=1170, Misses=22, HitRate=98.15%
    Bandwidth: MissLoads=22, AvgLoadTime=3.32ms
Layer 16: Hits=1155, Misses=37, HitRate=96.90%
    Bandwidth: MissLoads=37, AvgLoadTime=3.16ms
Layer 17: Hits=1149, Misses=43, HitRate=96.39%
    Bandwidth: MissLoads=43, AvgLoadTime=3.14ms
Layer 18: Hits=1175, Misses=17, HitRate=98.57%
    Bandwidth: MissLoads=17, AvgLoadTime=3.42ms
Layer 19: Hits=1185, Misses=7, HitRate=99.41%
    Bandwidth: MissLoads=7, AvgLoadTime=3.26ms
Layer 20: Hits=1164, Misses=28, HitRate=97.65%
    Bandwidth: MissLoads=28, AvgLoadTime=3.18ms
Layer 21: Hits=1169, Misses=23, HitRate=98.07%
    Bandwidth: MissLoads=23, AvgLoadTime=3.27ms
Layer 22: Hits=1149, Misses=43, HitRate=96.39%
    Bandwidth: MissLoads=43, AvgLoadTime=3.07ms
Layer 23: Hits=1144, Misses=48, HitRate=95.97%
    Bandwidth: MissLoads=48, AvgLoadTime=3.11ms
Layer 24: Hits=1155, Misses=37, HitRate=96.90%
    Bandwidth: MissLoads=37, AvgLoadTime=3.12ms
Layer 25: Hits=1139, Misses=53, HitRate=95.55%
    Bandwidth: MissLoads=53, AvgLoadTime=3.23ms
Layer 26: Hits=1165, Misses=27, HitRate=97.73%
    Bandwidth: MissLoads=27, AvgLoadTime=3.27ms
Layer 27: Hits=1171, Misses=21, HitRate=98.24%
    Bandwidth: MissLoads=21, AvgLoadTime=3.24ms
Layer 28: Hits=1156, Misses=36, HitRate=96.98%
    Bandwidth: MissLoads=36, AvgLoadTime=2.85ms
Layer 29: Hits=1141, Misses=51, HitRate=95.72%
    Bandwidth: MissLoads=51, AvgLoadTime=3.22ms
Layer 30: Hits=1178, Misses=14, HitRate=98.83%
    Bandwidth: MissLoads=14, AvgLoadTime=3.42ms
Layer 31: Hits=1179, Misses=13, HitRate=98.91%
    Bandwidth: MissLoads=13, AvgLoadTime=3.08ms
Layer 32: Hits=1158, Misses=34, HitRate=97.15%
    Bandwidth: MissLoads=34, AvgLoadTime=2.93ms
Layer 33: Hits=1166, Misses=26, HitRate=97.82%
    Bandwidth: MissLoads=26, AvgLoadTime=3.18ms
Layer 34: Hits=1153, Misses=39, HitRate=96.73%
    Bandwidth: MissLoads=39, AvgLoadTime=3.20ms
Layer 35: Hits=1144, Misses=48, HitRate=95.97%
    Bandwidth: MissLoads=48, AvgLoadTime=2.91ms
Layer 36: Hits=1156, Misses=36, HitRate=96.98%
    Bandwidth: MissLoads=36, AvgLoadTime=3.27ms
Layer 37: Hits=1137, Misses=55, HitRate=95.39%
    Bandwidth: MissLoads=55, AvgLoadTime=3.24ms
Layer 38: Hits=1155, Misses=37, HitRate=96.90%
    Bandwidth: MissLoads=37, AvgLoadTime=3.22ms
Layer 39: Hits=1160, Misses=32, HitRate=97.32%
    Bandwidth: MissLoads=32, AvgLoadTime=3.39ms
Layer 40: Hits=1154, Misses=38, HitRate=96.81%
    Bandwidth: MissLoads=38, AvgLoadTime=3.23ms
Layer 41: Hits=1135, Misses=57, HitRate=95.22%
    Bandwidth: MissLoads=57, AvgLoadTime=2.95ms
Layer 42: Hits=1166, Misses=26, HitRate=97.82%
    Bandwidth: MissLoads=26, AvgLoadTime=3.25ms
Layer 43: Hits=1168, Misses=24, HitRate=97.99%
    Bandwidth: MissLoads=24, AvgLoadTime=3.34ms
Layer 44: Hits=1167, Misses=25, HitRate=97.90%
    Bandwidth: MissLoads=25, AvgLoadTime=3.06ms
Layer 45: Hits=1164, Misses=28, HitRate=97.65%
    Bandwidth: MissLoads=28, AvgLoadTime=2.96ms
Layer 46: Hits=1168, Misses=24, HitRate=97.99%
    Bandwidth: MissLoads=24, AvgLoadTime=3.08ms
Layer 47: Hits=1152, Misses=40, HitRate=96.64%
    Bandwidth: MissLoads=40, AvgLoadTime=2.94ms
============================================================
============================================================
Initializing Qwen3 30B-A3B AWQ w4a16 quantized model...
============================================================
Loading quantized weights from QuixiAI/Qwen3-30B-A3B-AWQ...
Using saved safetensors: /home/michael/heteroPredict/py/unified_llm_w4a16/model_weights/Qwen3-30B-A3B-AWQ.safetensors
Expert weights dir: /home/michael/heteroPredict/py/unified_llm_w4a16/model_weights/Qwen3-30B-A3B-AWQ_packed  (format: packed)
Using existing attention weights in /home/michael/heteroPredict/py/unified_llm_w4a16/model_weights/Qwen3-30B-A3B-AWQ_unpacked
Weights loaded (expert dir override) in 0.31 seconds
Pre-warming expert cache with 64 experts...
Model initialized successfully!
Setting lambda to 1.0
Forced top-5 experts into cache mask.
Set expert cache policy to LRU.

Running sweep using prompts from JSON: /tmp/tmp1upyterh.json
Loaded 1 prompts for sweeping.

Processing Prompt 1/1...

============================================================
Generated text only:
============================================================
iamo 's review of the album in the UK 's NME magazine stated that the song is " a catchy , upbeat track that 's perfect for summer " . The song 's music video was directed by Declan Lally and was released on 14 March 2013 . The video features the group in a beach setting , with the members playing various roles . The video was shot in the United Kingdom and was released on YouTube . The video has since received over 1 billion views . 

The song was a commercial success . In the United States , it peaked at number 12 on the Billboard Hot 100 and number 1 on the Billboard Hot 100 Airplay chart . In the United
============================================================

============================================================
Sweep Complete.
Average Time per Token: 0.184764
End-to-End TPS: 5.4123
Cache Stats: Hits=55264, Misses=1952, HitRate=96.59%
