Initializing UnifiedLLMW4A16Impl_base
Using NPU config struct.
Configuring NPU (Base):
  Heterogeneity: gpu
  GPU Count: 1
  Debug Verbosity: 1
  Dummy Weights: false
  Warmup: false
  Preload MoE: true
  Minimal PDI: true
[GPU SELECT] Free VRAM ranking: gpu0=28.00/28.00 GiB
[GPU SELECT] Selected GPUs for gpu-count=1: [0]
[GPU MAP] Single-GPU placement on gpu0
[Predictor] Layer 0 model path resolved to: /home/michael/heteroPredict/trainingData/qwen3_30b/transformer_final_pfill_markov_emb/transformer_eh4_h64_f6/layer_0/best_jit.pt
[Predictor] Running on device: CPU (NPU path) (heterogeneity="gpu", predictor_device="cpu")
[ThreadedTorchScriptPredictor Layer 0] Detected history_length=4 from /home/michael/heteroPredict/trainingData/qwen3_30b/transformer_final_pfill_markov_emb/transformer_eh4_h64_f6/layer_0/best.json
[TorchScriptPredictor Layer 0] Loading model on CPU
[TorchScriptPredictor Layer 0] Assuming prefill_dist, prev_expert_onehot, and prev_layers_feat support (v3 API).
[TorchScriptPredictor Layer 0] prefill_dist support: yes, prev_expert_onehot support: yes, prev_layers_feat support: yes
[TorchScriptPredictor Layer 0] Loaded model: /home/michael/heteroPredict/trainingData/qwen3_30b/transformer_final_pfill_markov_emb/transformer_eh4_h64_f6/layer_0/best_jit.pt
[ThreadedTorchScriptPredictor Layer 1] Detected history_length=4 from /home/michael/heteroPredict/trainingData/qwen3_30b/transformer_final_pfill_markov_emb/transformer_eh4_h64_f6/layer_1/best.json
[TorchScriptPredictor Layer 1] Loading model on CPU
[TorchScriptPredictor Layer 1] Assuming prefill_dist, prev_expert_onehot, and prev_layers_feat support (v3 API).
[TorchScriptPredictor Layer 1] prefill_dist support: yes, prev_expert_onehot support: yes, prev_layers_feat support: yes
[TorchScriptPredictor Layer 1] Loaded model: /home/michael/heteroPredict/trainingData/qwen3_30b/transformer_final_pfill_markov_emb/transformer_eh4_h64_f6/layer_1/best_jit.pt
[ThreadedTorchScriptPredictor Layer 2] Detected history_length=4 from /home/michael/heteroPredict/trainingData/qwen3_30b/transformer_final_pfill_markov_emb/transformer_eh4_h64_f6/layer_2/best.json
[TorchScriptPredictor Layer 2] Loading model on CPU
[TorchScriptPredictor Layer 2] Assuming prefill_dist, prev_expert_onehot, and prev_layers_feat support (v3 API).
[TorchScriptPredictor Layer 2] prefill_dist support: yes, prev_expert_onehot support: yes, prev_layers_feat support: yes
[TorchScriptPredictor Layer 2] Loaded model: /home/michael/heteroPredict/trainingData/qwen3_30b/transformer_final_pfill_markov_emb/transformer_eh4_h64_f6/layer_2/best_jit.pt
[ThreadedTorchScriptPredictor Layer 3] Detected history_length=4 from /home/michael/heteroPredict/trainingData/qwen3_30b/transformer_final_pfill_markov_emb/transformer_eh4_h64_f6/layer_3/best.json
[TorchScriptPredictor Layer 3] Loading model on CPU
[TorchScriptPredictor Layer 3] Assuming prefill_dist, prev_expert_onehot, and prev_layers_feat support (v3 API).
[TorchScriptPredictor Layer 3] prefill_dist support: yes, prev_expert_onehot support: yes, prev_layers_feat support: yes
[TorchScriptPredictor Layer 3] Loaded model: /home/michael/heteroPredict/trainingData/qwen3_30b/transformer_final_pfill_markov_emb/transformer_eh4_h64_f6/layer_3/best_jit.pt
[ThreadedTorchScriptPredictor Layer 4] Detected history_length=4 from /home/michael/heteroPredict/trainingData/qwen3_30b/transformer_final_pfill_markov_emb/transformer_eh4_h64_f6/layer_4/best.json
[TorchScriptPredictor Layer 4] Loading model on CPU
[TorchScriptPredictor Layer 4] Assuming prefill_dist, prev_expert_onehot, and prev_layers_feat support (v3 API).
[TorchScriptPredictor Layer 4] prefill_dist support: yes, prev_expert_onehot support: yes, prev_layers_feat support: yes
[TorchScriptPredictor Layer 4] Loaded model: /home/michael/heteroPredict/trainingData/qwen3_30b/transformer_final_pfill_markov_emb/transformer_eh4_h64_f6/layer_4/best_jit.pt
[ThreadedTorchScriptPredictor Layer 5] Detected history_length=4 from /home/michael/heteroPredict/trainingData/qwen3_30b/transformer_final_pfill_markov_emb/transformer_eh4_h64_f6/layer_5/best.json
[TorchScriptPredictor Layer 5] Loading model on CPU
[TorchScriptPredictor Layer 5] Assuming prefill_dist, prev_expert_onehot, and prev_layers_feat support (v3 API).
[TorchScriptPredictor Layer 5] prefill_dist support: yes, prev_expert_onehot support: yes, prev_layers_feat support: yes
[TorchScriptPredictor Layer 5] Loaded model: /home/michael/heteroPredict/trainingData/qwen3_30b/transformer_final_pfill_markov_emb/transformer_eh4_h64_f6/layer_5/best_jit.pt
[ThreadedTorchScriptPredictor Layer 6] Detected history_length=4 from /home/michael/heteroPredict/trainingData/qwen3_30b/transformer_final_pfill_markov_emb/transformer_eh4_h64_f6/layer_6/best.json
[TorchScriptPredictor Layer 6] Loading model on CPU
[TorchScriptPredictor Layer 6] Assuming prefill_dist, prev_expert_onehot, and prev_layers_feat support (v3 API).
[TorchScriptPredictor Layer 6] prefill_dist support: yes, prev_expert_onehot support: yes, prev_layers_feat support: yes
[TorchScriptPredictor Layer 6] Loaded model: /home/michael/heteroPredict/trainingData/qwen3_30b/transformer_final_pfill_markov_emb/transformer_eh4_h64_f6/layer_6/best_jit.pt
[ThreadedTorchScriptPredictor Layer 7] Detected history_length=4 from /home/michael/heteroPredict/trainingData/qwen3_30b/transformer_final_pfill_markov_emb/transformer_eh4_h64_f6/layer_7/best.json
[TorchScriptPredictor Layer 7] Loading model on CPU
[TorchScriptPredictor Layer 7] Assuming prefill_dist, prev_expert_onehot, and prev_layers_feat support (v3 API).
[TorchScriptPredictor Layer 7] prefill_dist support: yes, prev_expert_onehot support: yes, prev_layers_feat support: yes
[TorchScriptPredictor Layer 7] Loaded model: /home/michael/heteroPredict/trainingData/qwen3_30b/transformer_final_pfill_markov_emb/transformer_eh4_h64_f6/layer_7/best_jit.pt
[ThreadedTorchScriptPredictor Layer 8] Detected history_length=4 from /home/michael/heteroPredict/trainingData/qwen3_30b/transformer_final_pfill_markov_emb/transformer_eh4_h64_f6/layer_8/best.json
[TorchScriptPredictor Layer 8] Loading model on CPU
[TorchScriptPredictor Layer 8] Assuming prefill_dist, prev_expert_onehot, and prev_layers_feat support (v3 API).
[TorchScriptPredictor Layer 8] prefill_dist support: yes, prev_expert_onehot support: yes, prev_layers_feat support: yes
[TorchScriptPredictor Layer 8] Loaded model: /home/michael/heteroPredict/trainingData/qwen3_30b/transformer_final_pfill_markov_emb/transformer_eh4_h64_f6/layer_8/best_jit.pt
[ThreadedTorchScriptPredictor Layer 9] Detected history_length=4 from /home/michael/heteroPredict/trainingData/qwen3_30b/transformer_final_pfill_markov_emb/transformer_eh4_h64_f6/layer_9/best.json
[TorchScriptPredictor Layer 9] Loading model on CPU
[TorchScriptPredictor Layer 9] Assuming prefill_dist, prev_expert_onehot, and prev_layers_feat support (v3 API).
[TorchScriptPredictor Layer 9] prefill_dist support: yes, prev_expert_onehot support: yes, prev_layers_feat support: yes
[TorchScriptPredictor Layer 9] Loaded model: /home/michael/heteroPredict/trainingData/qwen3_30b/transformer_final_pfill_markov_emb/transformer_eh4_h64_f6/layer_9/best_jit.pt
[ThreadedTorchScriptPredictor Layer 10] Detected history_length=4 from /home/michael/heteroPredict/trainingData/qwen3_30b/transformer_final_pfill_markov_emb/transformer_eh4_h64_f6/layer_10/best.json
[TorchScriptPredictor Layer 10] Loading model on CPU
[TorchScriptPredictor Layer 10] Assuming prefill_dist, prev_expert_onehot, and prev_layers_feat support (v3 API).
[TorchScriptPredictor Layer 10] prefill_dist support: yes, prev_expert_onehot support: yes, prev_layers_feat support: yes
[TorchScriptPredictor Layer 10] Loaded model: /home/michael/heteroPredict/trainingData/qwen3_30b/transformer_final_pfill_markov_emb/transformer_eh4_h64_f6/layer_10/best_jit.pt
[ThreadedTorchScriptPredictor Layer 11] Detected history_length=4 from /home/michael/heteroPredict/trainingData/qwen3_30b/transformer_final_pfill_markov_emb/transformer_eh4_h64_f6/layer_11/best.json
[TorchScriptPredictor Layer 11] Loading model on CPU
[TorchScriptPredictor Layer 11] Assuming prefill_dist, prev_expert_onehot, and prev_layers_feat support (v3 API).
[TorchScriptPredictor Layer 11] prefill_dist support: yes, prev_expert_onehot support: yes, prev_layers_feat support: yes
[TorchScriptPredictor Layer 11] Loaded model: /home/michael/heteroPredict/trainingData/qwen3_30b/transformer_final_pfill_markov_emb/transformer_eh4_h64_f6/layer_11/best_jit.pt
[ThreadedTorchScriptPredictor Layer 12] Detected history_length=4 from /home/michael/heteroPredict/trainingData/qwen3_30b/transformer_final_pfill_markov_emb/transformer_eh4_h64_f6/layer_12/best.json
[TorchScriptPredictor Layer 12] Loading model on CPU
[TorchScriptPredictor Layer 12] Assuming prefill_dist, prev_expert_onehot, and prev_layers_feat support (v3 API).
[TorchScriptPredictor Layer 12] prefill_dist support: yes, prev_expert_onehot support: yes, prev_layers_feat support: yes
[TorchScriptPredictor Layer 12] Loaded model: /home/michael/heteroPredict/trainingData/qwen3_30b/transformer_final_pfill_markov_emb/transformer_eh4_h64_f6/layer_12/best_jit.pt
[ThreadedTorchScriptPredictor Layer 13] Detected history_length=4 from /home/michael/heteroPredict/trainingData/qwen3_30b/transformer_final_pfill_markov_emb/transformer_eh4_h64_f6/layer_13/best.json
[TorchScriptPredictor Layer 13] Loading model on CPU
[TorchScriptPredictor Layer 13] Assuming prefill_dist, prev_expert_onehot, and prev_layers_feat support (v3 API).
[TorchScriptPredictor Layer 13] prefill_dist support: yes, prev_expert_onehot support: yes, prev_layers_feat support: yes
[TorchScriptPredictor Layer 13] Loaded model: /home/michael/heteroPredict/trainingData/qwen3_30b/transformer_final_pfill_markov_emb/transformer_eh4_h64_f6/layer_13/best_jit.pt
[ThreadedTorchScriptPredictor Layer 14] Detected history_length=4 from /home/michael/heteroPredict/trainingData/qwen3_30b/transformer_final_pfill_markov_emb/transformer_eh4_h64_f6/layer_14/best.json
[TorchScriptPredictor Layer 14] Loading model on CPU
[TorchScriptPredictor Layer 14] Assuming prefill_dist, prev_expert_onehot, and prev_layers_feat support (v3 API).
[TorchScriptPredictor Layer 14] prefill_dist support: yes, prev_expert_onehot support: yes, prev_layers_feat support: yes
[TorchScriptPredictor Layer 14] Loaded model: /home/michael/heteroPredict/trainingData/qwen3_30b/transformer_final_pfill_markov_emb/transformer_eh4_h64_f6/layer_14/best_jit.pt
[ThreadedTorchScriptPredictor Layer 15] Detected history_length=4 from /home/michael/heteroPredict/trainingData/qwen3_30b/transformer_final_pfill_markov_emb/transformer_eh4_h64_f6/layer_15/best.json
[TorchScriptPredictor Layer 15] Loading model on CPU
[TorchScriptPredictor Layer 15] Assuming prefill_dist, prev_expert_onehot, and prev_layers_feat support (v3 API).
[TorchScriptPredictor Layer 15] prefill_dist support: yes, prev_expert_onehot support: yes, prev_layers_feat support: yes
[TorchScriptPredictor Layer 15] Loaded model: /home/michael/heteroPredict/trainingData/qwen3_30b/transformer_final_pfill_markov_emb/transformer_eh4_h64_f6/layer_15/best_jit.pt
[ThreadedTorchScriptPredictor Layer 16] Detected history_length=4 from /home/michael/heteroPredict/trainingData/qwen3_30b/transformer_final_pfill_markov_emb/transformer_eh4_h64_f6/layer_16/best.json
[TorchScriptPredictor Layer 16] Loading model on CPU
[TorchScriptPredictor Layer 16] Assuming prefill_dist, prev_expert_onehot, and prev_layers_feat support (v3 API).
[TorchScriptPredictor Layer 16] prefill_dist support: yes, prev_expert_onehot support: yes, prev_layers_feat support: yes
[TorchScriptPredictor Layer 16] Loaded model: /home/michael/heteroPredict/trainingData/qwen3_30b/transformer_final_pfill_markov_emb/transformer_eh4_h64_f6/layer_16/best_jit.pt
[ThreadedTorchScriptPredictor Layer 17] Detected history_length=4 from /home/michael/heteroPredict/trainingData/qwen3_30b/transformer_final_pfill_markov_emb/transformer_eh4_h64_f6/layer_17/best.json
[TorchScriptPredictor Layer 17] Loading model on CPU
[TorchScriptPredictor Layer 17] Assuming prefill_dist, prev_expert_onehot, and prev_layers_feat support (v3 API).
[TorchScriptPredictor Layer 17] prefill_dist support: yes, prev_expert_onehot support: yes, prev_layers_feat support: yes
[TorchScriptPredictor Layer 17] Loaded model: /home/michael/heteroPredict/trainingData/qwen3_30b/transformer_final_pfill_markov_emb/transformer_eh4_h64_f6/layer_17/best_jit.pt
[ThreadedTorchScriptPredictor Layer 18] Detected history_length=4 from /home/michael/heteroPredict/trainingData/qwen3_30b/transformer_final_pfill_markov_emb/transformer_eh4_h64_f6/layer_18/best.json
[TorchScriptPredictor Layer 18] Loading model on CPU
[TorchScriptPredictor Layer 18] Assuming prefill_dist, prev_expert_onehot, and prev_layers_feat support (v3 API).
[TorchScriptPredictor Layer 18] prefill_dist support: yes, prev_expert_onehot support: yes, prev_layers_feat support: yes
[TorchScriptPredictor Layer 18] Loaded model: /home/michael/heteroPredict/trainingData/qwen3_30b/transformer_final_pfill_markov_emb/transformer_eh4_h64_f6/layer_18/best_jit.pt
[ThreadedTorchScriptPredictor Layer 19] Detected history_length=4 from /home/michael/heteroPredict/trainingData/qwen3_30b/transformer_final_pfill_markov_emb/transformer_eh4_h64_f6/layer_19/best.json
[TorchScriptPredictor Layer 19] Loading model on CPU
[TorchScriptPredictor Layer 19] Assuming prefill_dist, prev_expert_onehot, and prev_layers_feat support (v3 API).
[TorchScriptPredictor Layer 19] prefill_dist support: yes, prev_expert_onehot support: yes, prev_layers_feat support: yes
[TorchScriptPredictor Layer 19] Loaded model: /home/michael/heteroPredict/trainingData/qwen3_30b/transformer_final_pfill_markov_emb/transformer_eh4_h64_f6/layer_19/best_jit.pt
[ThreadedTorchScriptPredictor Layer 20] Detected history_length=4 from /home/michael/heteroPredict/trainingData/qwen3_30b/transformer_final_pfill_markov_emb/transformer_eh4_h64_f6/layer_20/best.json
[TorchScriptPredictor Layer 20] Loading model on CPU
[TorchScriptPredictor Layer 20] Assuming prefill_dist, prev_expert_onehot, and prev_layers_feat support (v3 API).
[TorchScriptPredictor Layer 20] prefill_dist support: yes, prev_expert_onehot support: yes, prev_layers_feat support: yes
[TorchScriptPredictor Layer 20] Loaded model: /home/michael/heteroPredict/trainingData/qwen3_30b/transformer_final_pfill_markov_emb/transformer_eh4_h64_f6/layer_20/best_jit.pt
[ThreadedTorchScriptPredictor Layer 21] Detected history_length=4 from /home/michael/heteroPredict/trainingData/qwen3_30b/transformer_final_pfill_markov_emb/transformer_eh4_h64_f6/layer_21/best.json
[TorchScriptPredictor Layer 21] Loading model on CPU
[TorchScriptPredictor Layer 21] Assuming prefill_dist, prev_expert_onehot, and prev_layers_feat support (v3 API).
[TorchScriptPredictor Layer 21] prefill_dist support: yes, prev_expert_onehot support: yes, prev_layers_feat support: yes
[TorchScriptPredictor Layer 21] Loaded model: /home/michael/heteroPredict/trainingData/qwen3_30b/transformer_final_pfill_markov_emb/transformer_eh4_h64_f6/layer_21/best_jit.pt
[ThreadedTorchScriptPredictor Layer 22] Detected history_length=4 from /home/michael/heteroPredict/trainingData/qwen3_30b/transformer_final_pfill_markov_emb/transformer_eh4_h64_f6/layer_22/best.json
[TorchScriptPredictor Layer 22] Loading model on CPU
[TorchScriptPredictor Layer 22] Assuming prefill_dist, prev_expert_onehot, and prev_layers_feat support (v3 API).
[TorchScriptPredictor Layer 22] prefill_dist support: yes, prev_expert_onehot support: yes, prev_layers_feat support: yes
[TorchScriptPredictor Layer 22] Loaded model: /home/michael/heteroPredict/trainingData/qwen3_30b/transformer_final_pfill_markov_emb/transformer_eh4_h64_f6/layer_22/best_jit.pt
[ThreadedTorchScriptPredictor Layer 23] Detected history_length=4 from /home/michael/heteroPredict/trainingData/qwen3_30b/transformer_final_pfill_markov_emb/transformer_eh4_h64_f6/layer_23/best.json
[TorchScriptPredictor Layer 23] Loading model on CPU
[TorchScriptPredictor Layer 23] Assuming prefill_dist, prev_expert_onehot, and prev_layers_feat support (v3 API).
[TorchScriptPredictor Layer 23] prefill_dist support: yes, prev_expert_onehot support: yes, prev_layers_feat support: yes
[TorchScriptPredictor Layer 23] Loaded model: /home/michael/heteroPredict/trainingData/qwen3_30b/transformer_final_pfill_markov_emb/transformer_eh4_h64_f6/layer_23/best_jit.pt
[ThreadedTorchScriptPredictor Layer 24] Detected history_length=4 from /home/michael/heteroPredict/trainingData/qwen3_30b/transformer_final_pfill_markov_emb/transformer_eh4_h64_f6/layer_24/best.json
[TorchScriptPredictor Layer 24] Loading model on CPU
[TorchScriptPredictor Layer 24] Assuming prefill_dist, prev_expert_onehot, and prev_layers_feat support (v3 API).
[TorchScriptPredictor Layer 24] prefill_dist support: yes, prev_expert_onehot support: yes, prev_layers_feat support: yes
[TorchScriptPredictor Layer 24] Loaded model: /home/michael/heteroPredict/trainingData/qwen3_30b/transformer_final_pfill_markov_emb/transformer_eh4_h64_f6/layer_24/best_jit.pt
[ThreadedTorchScriptPredictor Layer 25] Detected history_length=4 from /home/michael/heteroPredict/trainingData/qwen3_30b/transformer_final_pfill_markov_emb/transformer_eh4_h64_f6/layer_25/best.json
[TorchScriptPredictor Layer 25] Loading model on CPU
[TorchScriptPredictor Layer 25] Assuming prefill_dist, prev_expert_onehot, and prev_layers_feat support (v3 API).
[TorchScriptPredictor Layer 25] prefill_dist support: yes, prev_expert_onehot support: yes, prev_layers_feat support: yes
[TorchScriptPredictor Layer 25] Loaded model: /home/michael/heteroPredict/trainingData/qwen3_30b/transformer_final_pfill_markov_emb/transformer_eh4_h64_f6/layer_25/best_jit.pt
[ThreadedTorchScriptPredictor Layer 26] Detected history_length=4 from /home/michael/heteroPredict/trainingData/qwen3_30b/transformer_final_pfill_markov_emb/transformer_eh4_h64_f6/layer_26/best.json
[TorchScriptPredictor Layer 26] Loading model on CPU
[TorchScriptPredictor Layer 26] Assuming prefill_dist, prev_expert_onehot, and prev_layers_feat support (v3 API).
[TorchScriptPredictor Layer 26] prefill_dist support: yes, prev_expert_onehot support: yes, prev_layers_feat support: yes
[TorchScriptPredictor Layer 26] Loaded model: /home/michael/heteroPredict/trainingData/qwen3_30b/transformer_final_pfill_markov_emb/transformer_eh4_h64_f6/layer_26/best_jit.pt
[ThreadedTorchScriptPredictor Layer 27] Detected history_length=4 from /home/michael/heteroPredict/trainingData/qwen3_30b/transformer_final_pfill_markov_emb/transformer_eh4_h64_f6/layer_27/best.json
[TorchScriptPredictor Layer 27] Loading model on CPU
[TorchScriptPredictor Layer 27] Assuming prefill_dist, prev_expert_onehot, and prev_layers_feat support (v3 API).
[TorchScriptPredictor Layer 27] prefill_dist support: yes, prev_expert_onehot support: yes, prev_layers_feat support: yes
[TorchScriptPredictor Layer 27] Loaded model: /home/michael/heteroPredict/trainingData/qwen3_30b/transformer_final_pfill_markov_emb/transformer_eh4_h64_f6/layer_27/best_jit.pt
[ThreadedTorchScriptPredictor Layer 28] Detected history_length=4 from /home/michael/heteroPredict/trainingData/qwen3_30b/transformer_final_pfill_markov_emb/transformer_eh4_h64_f6/layer_28/best.json
[TorchScriptPredictor Layer 28] Loading model on CPU
[TorchScriptPredictor Layer 28] Assuming prefill_dist, prev_expert_onehot, and prev_layers_feat support (v3 API).
[TorchScriptPredictor Layer 28] prefill_dist support: yes, prev_expert_onehot support: yes, prev_layers_feat support: yes
[TorchScriptPredictor Layer 28] Loaded model: /home/michael/heteroPredict/trainingData/qwen3_30b/transformer_final_pfill_markov_emb/transformer_eh4_h64_f6/layer_28/best_jit.pt
[ThreadedTorchScriptPredictor Layer 29] Detected history_length=4 from /home/michael/heteroPredict/trainingData/qwen3_30b/transformer_final_pfill_markov_emb/transformer_eh4_h64_f6/layer_29/best.json
[TorchScriptPredictor Layer 29] Loading model on CPU
[TorchScriptPredictor Layer 29] Assuming prefill_dist, prev_expert_onehot, and prev_layers_feat support (v3 API).
[TorchScriptPredictor Layer 29] prefill_dist support: yes, prev_expert_onehot support: yes, prev_layers_feat support: yes
[TorchScriptPredictor Layer 29] Loaded model: /home/michael/heteroPredict/trainingData/qwen3_30b/transformer_final_pfill_markov_emb/transformer_eh4_h64_f6/layer_29/best_jit.pt
[ThreadedTorchScriptPredictor Layer 30] Detected history_length=4 from /home/michael/heteroPredict/trainingData/qwen3_30b/transformer_final_pfill_markov_emb/transformer_eh4_h64_f6/layer_30/best.json
[TorchScriptPredictor Layer 30] Loading model on CPU
[TorchScriptPredictor Layer 30] Assuming prefill_dist, prev_expert_onehot, and prev_layers_feat support (v3 API).
[TorchScriptPredictor Layer 30] prefill_dist support: yes, prev_expert_onehot support: yes, prev_layers_feat support: yes
[TorchScriptPredictor Layer 30] Loaded model: /home/michael/heteroPredict/trainingData/qwen3_30b/transformer_final_pfill_markov_emb/transformer_eh4_h64_f6/layer_30/best_jit.pt
[ThreadedTorchScriptPredictor Layer 31] Detected history_length=4 from /home/michael/heteroPredict/trainingData/qwen3_30b/transformer_final_pfill_markov_emb/transformer_eh4_h64_f6/layer_31/best.json
[TorchScriptPredictor Layer 31] Loading model on CPU
[TorchScriptPredictor Layer 31] Assuming prefill_dist, prev_expert_onehot, and prev_layers_feat support (v3 API).
[TorchScriptPredictor Layer 31] prefill_dist support: yes, prev_expert_onehot support: yes, prev_layers_feat support: yes
[TorchScriptPredictor Layer 31] Loaded model: /home/michael/heteroPredict/trainingData/qwen3_30b/transformer_final_pfill_markov_emb/transformer_eh4_h64_f6/layer_31/best_jit.pt
[ThreadedTorchScriptPredictor Layer 32] Detected history_length=4 from /home/michael/heteroPredict/trainingData/qwen3_30b/transformer_final_pfill_markov_emb/transformer_eh4_h64_f6/layer_32/best.json
[TorchScriptPredictor Layer 32] Loading model on CPU
[TorchScriptPredictor Layer 32] Assuming prefill_dist, prev_expert_onehot, and prev_layers_feat support (v3 API).
[TorchScriptPredictor Layer 32] prefill_dist support: yes, prev_expert_onehot support: yes, prev_layers_feat support: yes
[TorchScriptPredictor Layer 32] Loaded model: /home/michael/heteroPredict/trainingData/qwen3_30b/transformer_final_pfill_markov_emb/transformer_eh4_h64_f6/layer_32/best_jit.pt
[ThreadedTorchScriptPredictor Layer 33] Detected history_length=4 from /home/michael/heteroPredict/trainingData/qwen3_30b/transformer_final_pfill_markov_emb/transformer_eh4_h64_f6/layer_33/best.json
[TorchScriptPredictor Layer 33] Loading model on CPU
[TorchScriptPredictor Layer 33] Assuming prefill_dist, prev_expert_onehot, and prev_layers_feat support (v3 API).
[TorchScriptPredictor Layer 33] prefill_dist support: yes, prev_expert_onehot support: yes, prev_layers_feat support: yes
[TorchScriptPredictor Layer 33] Loaded model: /home/michael/heteroPredict/trainingData/qwen3_30b/transformer_final_pfill_markov_emb/transformer_eh4_h64_f6/layer_33/best_jit.pt
[ThreadedTorchScriptPredictor Layer 34] Detected history_length=4 from /home/michael/heteroPredict/trainingData/qwen3_30b/transformer_final_pfill_markov_emb/transformer_eh4_h64_f6/layer_34/best.json
[TorchScriptPredictor Layer 34] Loading model on CPU
[TorchScriptPredictor Layer 34] Assuming prefill_dist, prev_expert_onehot, and prev_layers_feat support (v3 API).
[TorchScriptPredictor Layer 34] prefill_dist support: yes, prev_expert_onehot support: yes, prev_layers_feat support: yes
[TorchScriptPredictor Layer 34] Loaded model: /home/michael/heteroPredict/trainingData/qwen3_30b/transformer_final_pfill_markov_emb/transformer_eh4_h64_f6/layer_34/best_jit.pt
[ThreadedTorchScriptPredictor Layer 35] Detected history_length=4 from /home/michael/heteroPredict/trainingData/qwen3_30b/transformer_final_pfill_markov_emb/transformer_eh4_h64_f6/layer_35/best.json
[TorchScriptPredictor Layer 35] Loading model on CPU
[TorchScriptPredictor Layer 35] Assuming prefill_dist, prev_expert_onehot, and prev_layers_feat support (v3 API).
[TorchScriptPredictor Layer 35] prefill_dist support: yes, prev_expert_onehot support: yes, prev_layers_feat support: yes
[TorchScriptPredictor Layer 35] Loaded model: /home/michael/heteroPredict/trainingData/qwen3_30b/transformer_final_pfill_markov_emb/transformer_eh4_h64_f6/layer_35/best_jit.pt
[ThreadedTorchScriptPredictor Layer 36] Detected history_length=4 from /home/michael/heteroPredict/trainingData/qwen3_30b/transformer_final_pfill_markov_emb/transformer_eh4_h64_f6/layer_36/best.json
[TorchScriptPredictor Layer 36] Loading model on CPU
[TorchScriptPredictor Layer 36] Assuming prefill_dist, prev_expert_onehot, and prev_layers_feat support (v3 API).
[TorchScriptPredictor Layer 36] prefill_dist support: yes, prev_expert_onehot support: yes, prev_layers_feat support: yes
[TorchScriptPredictor Layer 36] Loaded model: /home/michael/heteroPredict/trainingData/qwen3_30b/transformer_final_pfill_markov_emb/transformer_eh4_h64_f6/layer_36/best_jit.pt
[ThreadedTorchScriptPredictor Layer 37] Detected history_length=4 from /home/michael/heteroPredict/trainingData/qwen3_30b/transformer_final_pfill_markov_emb/transformer_eh4_h64_f6/layer_37/best.json
[TorchScriptPredictor Layer 37] Loading model on CPU
[TorchScriptPredictor Layer 37] Assuming prefill_dist, prev_expert_onehot, and prev_layers_feat support (v3 API).
[TorchScriptPredictor Layer 37] prefill_dist support: yes, prev_expert_onehot support: yes, prev_layers_feat support: yes
[TorchScriptPredictor Layer 37] Loaded model: /home/michael/heteroPredict/trainingData/qwen3_30b/transformer_final_pfill_markov_emb/transformer_eh4_h64_f6/layer_37/best_jit.pt
[ThreadedTorchScriptPredictor Layer 38] Detected history_length=4 from /home/michael/heteroPredict/trainingData/qwen3_30b/transformer_final_pfill_markov_emb/transformer_eh4_h64_f6/layer_38/best.json
[TorchScriptPredictor Layer 38] Loading model on CPU
[TorchScriptPredictor Layer 38] Assuming prefill_dist, prev_expert_onehot, and prev_layers_feat support (v3 API).
[TorchScriptPredictor Layer 38] prefill_dist support: yes, prev_expert_onehot support: yes, prev_layers_feat support: yes
[TorchScriptPredictor Layer 38] Loaded model: /home/michael/heteroPredict/trainingData/qwen3_30b/transformer_final_pfill_markov_emb/transformer_eh4_h64_f6/layer_38/best_jit.pt
[ThreadedTorchScriptPredictor Layer 39] Detected history_length=4 from /home/michael/heteroPredict/trainingData/qwen3_30b/transformer_final_pfill_markov_emb/transformer_eh4_h64_f6/layer_39/best.json
[TorchScriptPredictor Layer 39] Loading model on CPU
[TorchScriptPredictor Layer 39] Assuming prefill_dist, prev_expert_onehot, and prev_layers_feat support (v3 API).
[TorchScriptPredictor Layer 39] prefill_dist support: yes, prev_expert_onehot support: yes, prev_layers_feat support: yes
[TorchScriptPredictor Layer 39] Loaded model: /home/michael/heteroPredict/trainingData/qwen3_30b/transformer_final_pfill_markov_emb/transformer_eh4_h64_f6/layer_39/best_jit.pt
[ThreadedTorchScriptPredictor Layer 40] Detected history_length=4 from /home/michael/heteroPredict/trainingData/qwen3_30b/transformer_final_pfill_markov_emb/transformer_eh4_h64_f6/layer_40/best.json
[TorchScriptPredictor Layer 40] Loading model on CPU
[TorchScriptPredictor Layer 40] Assuming prefill_dist, prev_expert_onehot, and prev_layers_feat support (v3 API).
[TorchScriptPredictor Layer 40] prefill_dist support: yes, prev_expert_onehot support: yes, prev_layers_feat support: yes
[TorchScriptPredictor Layer 40] Loaded model: /home/michael/heteroPredict/trainingData/qwen3_30b/transformer_final_pfill_markov_emb/transformer_eh4_h64_f6/layer_40/best_jit.pt
[ThreadedTorchScriptPredictor Layer 41] Detected history_length=4 from /home/michael/heteroPredict/trainingData/qwen3_30b/transformer_final_pfill_markov_emb/transformer_eh4_h64_f6/layer_41/best.json
[TorchScriptPredictor Layer 41] Loading model on CPU
[TorchScriptPredictor Layer 41] Assuming prefill_dist, prev_expert_onehot, and prev_layers_feat support (v3 API).
[TorchScriptPredictor Layer 41] prefill_dist support: yes, prev_expert_onehot support: yes, prev_layers_feat support: yes
[TorchScriptPredictor Layer 41] Loaded model: /home/michael/heteroPredict/trainingData/qwen3_30b/transformer_final_pfill_markov_emb/transformer_eh4_h64_f6/layer_41/best_jit.pt
[ThreadedTorchScriptPredictor Layer 42] Detected history_length=4 from /home/michael/heteroPredict/trainingData/qwen3_30b/transformer_final_pfill_markov_emb/transformer_eh4_h64_f6/layer_42/best.json
[TorchScriptPredictor Layer 42] Loading model on CPU
[TorchScriptPredictor Layer 42] Assuming prefill_dist, prev_expert_onehot, and prev_layers_feat support (v3 API).
[TorchScriptPredictor Layer 42] prefill_dist support: yes, prev_expert_onehot support: yes, prev_layers_feat support: yes
[TorchScriptPredictor Layer 42] Loaded model: /home/michael/heteroPredict/trainingData/qwen3_30b/transformer_final_pfill_markov_emb/transformer_eh4_h64_f6/layer_42/best_jit.pt
[ThreadedTorchScriptPredictor Layer 43] Detected history_length=4 from /home/michael/heteroPredict/trainingData/qwen3_30b/transformer_final_pfill_markov_emb/transformer_eh4_h64_f6/layer_43/best.json
[TorchScriptPredictor Layer 43] Loading model on CPU
[TorchScriptPredictor Layer 43] Assuming prefill_dist, prev_expert_onehot, and prev_layers_feat support (v3 API).
[TorchScriptPredictor Layer 43] prefill_dist support: yes, prev_expert_onehot support: yes, prev_layers_feat support: yes
[TorchScriptPredictor Layer 43] Loaded model: /home/michael/heteroPredict/trainingData/qwen3_30b/transformer_final_pfill_markov_emb/transformer_eh4_h64_f6/layer_43/best_jit.pt
[ThreadedTorchScriptPredictor Layer 44] Detected history_length=4 from /home/michael/heteroPredict/trainingData/qwen3_30b/transformer_final_pfill_markov_emb/transformer_eh4_h64_f6/layer_44/best.json
[TorchScriptPredictor Layer 44] Loading model on CPU
[TorchScriptPredictor Layer 44] Assuming prefill_dist, prev_expert_onehot, and prev_layers_feat support (v3 API).
[TorchScriptPredictor Layer 44] prefill_dist support: yes, prev_expert_onehot support: yes, prev_layers_feat support: yes
[TorchScriptPredictor Layer 44] Loaded model: /home/michael/heteroPredict/trainingData/qwen3_30b/transformer_final_pfill_markov_emb/transformer_eh4_h64_f6/layer_44/best_jit.pt
[ThreadedTorchScriptPredictor Layer 45] Detected history_length=4 from /home/michael/heteroPredict/trainingData/qwen3_30b/transformer_final_pfill_markov_emb/transformer_eh4_h64_f6/layer_45/best.json
[TorchScriptPredictor Layer 45] Loading model on CPU
[TorchScriptPredictor Layer 45] Assuming prefill_dist, prev_expert_onehot, and prev_layers_feat support (v3 API).
[TorchScriptPredictor Layer 45] prefill_dist support: yes, prev_expert_onehot support: yes, prev_layers_feat support: yes
[TorchScriptPredictor Layer 45] Loaded model: /home/michael/heteroPredict/trainingData/qwen3_30b/transformer_final_pfill_markov_emb/transformer_eh4_h64_f6/layer_45/best_jit.pt
[ThreadedTorchScriptPredictor Layer 46] Detected history_length=4 from /home/michael/heteroPredict/trainingData/qwen3_30b/transformer_final_pfill_markov_emb/transformer_eh4_h64_f6/layer_46/best.json
[TorchScriptPredictor Layer 46] Loading model on CPU
[TorchScriptPredictor Layer 46] Assuming prefill_dist, prev_expert_onehot, and prev_layers_feat support (v3 API).
[TorchScriptPredictor Layer 46] prefill_dist support: yes, prev_expert_onehot support: yes, prev_layers_feat support: yes
[TorchScriptPredictor Layer 46] Loaded model: /home/michael/heteroPredict/trainingData/qwen3_30b/transformer_final_pfill_markov_emb/transformer_eh4_h64_f6/layer_46/best_jit.pt
[ThreadedTorchScriptPredictor Layer 47] Detected history_length=4 from /home/michael/heteroPredict/trainingData/qwen3_30b/transformer_final_pfill_markov_emb/transformer_eh4_h64_f6/layer_47/best.json
[TorchScriptPredictor Layer 47] Loading model on CPU
[TorchScriptPredictor Layer 47] Assuming prefill_dist, prev_expert_onehot, and prev_layers_feat support (v3 API).
[TorchScriptPredictor Layer 47] prefill_dist support: yes, prev_expert_onehot support: yes, prev_layers_feat support: yes
[TorchScriptPredictor Layer 47] Loaded model: /home/michael/heteroPredict/trainingData/qwen3_30b/transformer_final_pfill_markov_emb/transformer_eh4_h64_f6/layer_47/best_jit.pt
UnifiedLLMW4A16 moved to device: cuda:0
Preloading MoE kernels...
MoE kernels preloaded.
UnifiedLLMW4A16 initialized on device: cuda:0 with w4a16 quantization
[Predictor] Lookahead stride set to 6 (predictor fires every 6 decode tokens)
Loading non-quantized weights from safetensors (mmap): /home/michael/heteroPredict/py/unified_llm_w4a16/model_weights/Qwen3-30B-A3B-AWQ.safetensors
Loaded 243 non-quantized parameters, skipped 0
Loading quantized weights from bins: /home/michael/heteroPredict/py/unified_llm_w4a16/model_weights/Qwen3-30B-A3B-AWQ_unpacked
  Expert weights dir override: /home/michael/heteroPredict/py/unified_llm_w4a16/model_weights/Qwen3-30B-A3B-AWQ_packed
Pre-warming 64 experts for all layers...
Layer 0: Pre-warming 64 experts.
Layer 0: using packed expert format.
[MoE I/O] Expert weight reads require O_DIRECT (no buffered fallback).
Layer 1: Pre-warming 64 experts.
Layer 1: using packed expert format.
Layer 2: Pre-warming 64 experts.
Layer 2: using packed expert format.
Layer 3: Pre-warming 64 experts.
Layer 3: using packed expert format.
Prewarmed experts for layer 4/48
Layer 4: Pre-warming 64 experts.
Layer 4: using packed expert format.
Layer 5: Pre-warming 64 experts.
Layer 5: using packed expert format.
Layer 6: Pre-warming 64 experts.
Layer 6: using packed expert format.
Layer 7: Pre-warming 64 experts.
Layer 7: using packed expert format.
Prewarmed experts for layer 8/48
Layer 8: Pre-warming 64 experts.
Layer 8: using packed expert format.
Layer 9: Pre-warming 64 experts.
Layer 9: using packed expert format.
Layer 10: Pre-warming 64 experts.
Layer 10: using packed expert format.
Layer 11: Pre-warming 64 experts.
Layer 11: using packed expert format.
Prewarmed experts for layer 12/48
Layer 12: Pre-warming 64 experts.
Layer 12: using packed expert format.
Layer 13: Pre-warming 64 experts.
Layer 13: using packed expert format.
Layer 14: Pre-warming 64 experts.
Layer 14: using packed expert format.
Layer 15: Pre-warming 64 experts.
Layer 15: using packed expert format.
Prewarmed experts for layer 16/48
Layer 16: Pre-warming 64 experts.
Layer 16: using packed expert format.
Layer 17: Pre-warming 64 experts.
Layer 17: using packed expert format.
Layer 18: Pre-warming 64 experts.
Layer 18: using packed expert format.
Layer 19: Pre-warming 64 experts.
Layer 19: using packed expert format.
Prewarmed experts for layer 20/48
Layer 20: Pre-warming 64 experts.
Layer 20: using packed expert format.
Layer 21: Pre-warming 64 experts.
Layer 21: using packed expert format.
Layer 22: Pre-warming 64 experts.
Layer 22: using packed expert format.
Layer 23: Pre-warming 64 experts.
Layer 23: using packed expert format.
Prewarmed experts for layer 24/48
Layer 24: Pre-warming 64 experts.
Layer 24: using packed expert format.
Layer 25: Pre-warming 64 experts.
Layer 25: using packed expert format.
Layer 26: Pre-warming 64 experts.
Layer 26: using packed expert format.
Layer 27: Pre-warming 64 experts.
Layer 27: using packed expert format.
Prewarmed experts for layer 28/48
Layer 28: Pre-warming 64 experts.
Layer 28: using packed expert format.
Layer 29: Pre-warming 64 experts.
Layer 29: using packed expert format.
Layer 30: Pre-warming 64 experts.
Layer 30: using packed expert format.
Layer 31: Pre-warming 64 experts.
Layer 31: using packed expert format.
Prewarmed experts for layer 32/48
Layer 32: Pre-warming 64 experts.
Layer 32: using packed expert format.
Layer 33: Pre-warming 64 experts.
Layer 33: using packed expert format.
Layer 34: Pre-warming 64 experts.
Layer 34: using packed expert format.
Layer 35: Pre-warming 64 experts.
Layer 35: using packed expert format.
Prewarmed experts for layer 36/48
Layer 36: Pre-warming 64 experts.
Layer 36: using packed expert format.
Layer 37: Pre-warming 64 experts.
Layer 37: using packed expert format.
Layer 38: Pre-warming 64 experts.
Layer 38: using packed expert format.
Layer 39: Pre-warming 64 experts.
Layer 39: using packed expert format.
Prewarmed experts for layer 40/48
Layer 40: Pre-warming 64 experts.
Layer 40: using packed expert format.
Layer 41: Pre-warming 64 experts.
Layer 41: using packed expert format.
Layer 42: Pre-warming 64 experts.
Layer 42: using packed expert format.
Layer 43: Pre-warming 64 experts.
Layer 43: using packed expert format.
Prewarmed experts for layer 44/48
Layer 44: Pre-warming 64 experts.
Layer 44: using packed expert format.
Layer 45: Pre-warming 64 experts.
Layer 45: using packed expert format.
Layer 46: Pre-warming 64 experts.
Layer 46: using packed expert format.
Layer 47: Pre-warming 64 experts.
Layer 47: using packed expert format.
Prewarmed experts for layer 48/48
Libtorch input_ids shape: [1, 512]
Skipping warmup.
Prefill time: 12.9043 seconds
[Predictor] Prefill-end expert cache warmup (excluded from generation TPS).
[Layer 0 Warmup Debug] predict_sync returned: 100 72 101 16 11 93 21 114 57 98 46 117 65 119 69 85 50 88 7 109 127 24 43 51 73 28 47 40 103 121 61 122 106 14 123 58 76 118 75 52 38 120 111 110 33 22 27 29 91 126 74 32 124 62 87 19 53 4 0 104 97 3 64 81 77 35 2 107 92 66 82 86 18 12 70 105 31 112 116 67 13 26 89 30 84 80 41 63 102 125 6 9 23 71 79 44 95 45 60 90 49 1 48 36 17 68 83 115 34 37 39 5 42 8 94 96 59 10 20 55 15 113 108 54 99 56 25 78 
[Layer 0 Warmup Debug] experts_to_prefetch returned: 100 72 101 16 11 93 21 114 57 98 46 117 65 119 69 85 50 88 7 109 127 24 43 51 73 28 47 40 103 121 61 122 106 14 123 58 
[Layer 0 Warmup Debug] After prefill-end warmup, slots are: 57 65 46 50 7 69 24 43 72 73 51 28 47 40 14 58 81 82 83 84 85 86 87 88 89 90 91 92 93 95 97 98 99 100 101 102 103 104 105 106 107 108 109 110 111 112 114 115 116 117 118 119 120 121 122 123 124 125 126 127 16 61 11 21 
Generation phase
[Layer 0 Step 0 Debug] Slots before check: 57 65 46 50 7 69 24 43 72 73 51 28 47 40 14 58 81 82 83 84 85 86 87 88 89 90 91 92 93 95 97 98 99 100 101 102 103 104 105 106 107 108 109 110 111 112 114 115 116 117 118 119 120 121 122 123 124 125 126 127 16 61 11 21 
[Layer 0 Step 0 Debug] Requested: 75 122 82 91 33 28 89 118 
[gen 5/79] elapsed=0.5s  TPS=10.647
[gen 10/79] elapsed=1.0s  TPS=10.029
[gen 15/79] elapsed=1.4s  TPS=10.480
[gen 20/79] elapsed=1.9s  TPS=10.311
[gen 25/79] elapsed=2.4s  TPS=10.346
[gen 30/79] elapsed=2.8s  TPS=10.547
[gen 35/79] elapsed=3.2s  TPS=11.059
[gen 40/79] elapsed=3.5s  TPS=11.322
[gen 45/79] elapsed=4.0s  TPS=11.320
[gen 50/79] elapsed=4.4s  TPS=11.368
[gen 55/79] elapsed=4.8s  TPS=11.464
[gen 60/79] elapsed=5.2s  TPS=11.547
[gen 65/79] elapsed=5.6s  TPS=11.681
[gen 70/79] elapsed=6.0s  TPS=11.734
[gen 75/79] elapsed=6.4s  TPS=11.736
Prefill time (summary): 12.904 seconds
Total Generation Time: 6.657 seconds
Average Time per Token: 0.0842612 seconds

Expert Cache Statistics:
Layer 0 Cache Stats: Hits=579, Misses=53, HitRate=91.61%
    Predictor Routed-Expert HitRate=61.54% (40/65, routed_n=5, horizon=6)
    Predictor RoutedForcedN HitRate=61.54% (40/65)
    Predictor RoutedTopK HitRate=60.58% (63/104)
    Predicted RequestedByRouterForcedN Rate=8.55% (40/468)
    Predicted RequestedByRouterTopK Rate=13.46% (63/468)
    Predictor WindowRecall Rate=65.57% (278/424)
    Predictor WindowPrecision Rate=59.40% (278/468)
    Loads Per Step: 0Loads=50, 1Load=12, >1Load=17
    Bandwidth: StallLoads=53, PrefetchLoads=55, AvgLoadTime=2.89ms
    PrefetchOverlap: HiddenReady=34, HiddenWait=0, TicksSkipped=0
    MissCause: NotPresent=53, NotReadyStall=0
    PrefetchEff: Dropped=0, AlreadyCached=449, UsedBeforeEvict=34, EvictedBeforeUse=13
    GlobalSpecLoad: PeakConcurrent=8
    Predictor TopK matches: 0=1 1=1 >=2=11
Layer 1 Cache Stats: Hits=596, Misses=36, HitRate=94.30%
    Predictor Routed-Expert HitRate=72.31% (47/65, routed_n=5, horizon=6)
    Predictor RoutedForcedN HitRate=72.31% (47/65)
    Predictor RoutedTopK HitRate=74.04% (77/104)
    Predicted RequestedByRouterForcedN Rate=10.04% (47/468)
    Predicted RequestedByRouterTopK Rate=16.45% (77/468)
    Predictor WindowRecall Rate=69.87% (262/375)
    Predictor WindowPrecision Rate=55.98% (262/468)
    Loads Per Step: 0Loads=51, 1Load=20, >1Load=8
    Bandwidth: StallLoads=36, PrefetchLoads=52, AvgLoadTime=3.59ms
    PrefetchOverlap: HiddenReady=34, HiddenWait=0, TicksSkipped=0
    MissCause: NotPresent=36, NotReadyStall=0
    PrefetchEff: Dropped=0, AlreadyCached=452, UsedBeforeEvict=34, EvictedBeforeUse=16
    Predictor TopK matches: 0=0 1=0 >=2=13
Layer 2 Cache Stats: Hits=618, Misses=14, HitRate=97.78%
    Predictor Routed-Expert HitRate=84.62% (55/65, routed_n=5, horizon=6)
    Predictor RoutedForcedN HitRate=84.62% (55/65)
    Predictor RoutedTopK HitRate=84.62% (88/104)
    Predicted RequestedByRouterForcedN Rate=11.75% (55/468)
    Predicted RequestedByRouterTopK Rate=18.80% (88/468)
    Predictor WindowRecall Rate=75.70% (271/358)
    Predictor WindowPrecision Rate=57.91% (271/468)
    Loads Per Step: 0Loads=67, 1Load=10, >1Load=2
    Bandwidth: StallLoads=14, PrefetchLoads=18, AvgLoadTime=6.12ms
    PrefetchOverlap: HiddenReady=11, HiddenWait=0, TicksSkipped=0
    MissCause: NotPresent=14, NotReadyStall=0
    PrefetchEff: Dropped=0, AlreadyCached=486, UsedBeforeEvict=11, EvictedBeforeUse=5
    Predictor TopK matches: 0=0 1=0 >=2=13
Layer 3 Cache Stats: Hits=595, Misses=37, HitRate=94.15%
    Predictor Routed-Expert HitRate=64.62% (42/65, routed_n=5, horizon=6)
    Predictor RoutedForcedN HitRate=64.62% (42/65)
    Predictor RoutedTopK HitRate=69.23% (72/104)
    Predicted RequestedByRouterForcedN Rate=8.97% (42/468)
    Predicted RequestedByRouterTopK Rate=15.38% (72/468)
    Predictor WindowRecall Rate=69.13% (262/379)
    Predictor WindowPrecision Rate=55.98% (262/468)
    Loads Per Step: 0Loads=51, 1Load=20, >1Load=8
    Bandwidth: StallLoads=37, PrefetchLoads=41, AvgLoadTime=4.01ms
    PrefetchOverlap: HiddenReady=28, HiddenWait=0, TicksSkipped=0
    MissCause: NotPresent=37, NotReadyStall=0
    PrefetchEff: Dropped=0, AlreadyCached=463, UsedBeforeEvict=28, EvictedBeforeUse=11
    Predictor TopK matches: 0=0 1=1 >=2=12
Layer 4 Cache Stats: Hits=615, Misses=17, HitRate=97.31%
    Predictor Routed-Expert HitRate=78.46% (51/65, routed_n=5, horizon=6)
    Predictor RoutedForcedN HitRate=78.46% (51/65)
    Predictor RoutedTopK HitRate=75.96% (79/104)
    Predicted RequestedByRouterForcedN Rate=10.90% (51/468)
    Predicted RequestedByRouterTopK Rate=16.88% (79/468)
    Predictor WindowRecall Rate=76.76% (261/340)
    Predictor WindowPrecision Rate=55.77% (261/468)
    Loads Per Step: 0Loads=66, 1Load=9, >1Load=4
    Bandwidth: StallLoads=17, PrefetchLoads=22, AvgLoadTime=5.82ms
    PrefetchOverlap: HiddenReady=16, HiddenWait=0, TicksSkipped=0
    MissCause: NotPresent=17, NotReadyStall=0
    PrefetchEff: Dropped=0, AlreadyCached=482, UsedBeforeEvict=16, EvictedBeforeUse=4
    Predictor TopK matches: 0=0 1=0 >=2=13
Layer 5 Cache Stats: Hits=625, Misses=7, HitRate=98.89%
    Predictor Routed-Expert HitRate=84.62% (55/65, routed_n=5, horizon=6)
    Predictor RoutedForcedN HitRate=84.62% (55/65)
    Predictor RoutedTopK HitRate=85.58% (89/104)
    Predicted RequestedByRouterForcedN Rate=11.75% (55/468)
    Predicted RequestedByRouterTopK Rate=19.02% (89/468)
    Predictor WindowRecall Rate=83.17% (257/309)
    Predictor WindowPrecision Rate=54.91% (257/468)
    Loads Per Step: 0Loads=72, 1Load=7, >1Load=0
    Bandwidth: StallLoads=7, PrefetchLoads=24, AvgLoadTime=6.97ms
    PrefetchOverlap: HiddenReady=16, HiddenWait=0, TicksSkipped=0
    MissCause: NotPresent=7, NotReadyStall=0
    PrefetchEff: Dropped=0, AlreadyCached=480, UsedBeforeEvict=16, EvictedBeforeUse=5
    Predictor TopK matches: 0=0 1=0 >=2=13
Layer 6 Cache Stats: Hits=629, Misses=3, HitRate=99.53%
    Predictor Routed-Expert HitRate=98.46% (64/65, routed_n=5, horizon=6)
    Predictor RoutedForcedN HitRate=98.46% (64/65)
    Predictor RoutedTopK HitRate=95.19% (99/104)
    Predicted RequestedByRouterForcedN Rate=13.68% (64/468)
    Predicted RequestedByRouterTopK Rate=21.15% (99/468)
    Predictor WindowRecall Rate=88.81% (254/286)
    Predictor WindowPrecision Rate=54.27% (254/468)
    Loads Per Step: 0Loads=76, 1Load=3, >1Load=0
    Bandwidth: StallLoads=3, PrefetchLoads=13, AvgLoadTime=11.58ms
    PrefetchOverlap: HiddenReady=6, HiddenWait=0, TicksSkipped=0
    MissCause: NotPresent=3, NotReadyStall=0
    PrefetchEff: Dropped=0, AlreadyCached=491, UsedBeforeEvict=6, EvictedBeforeUse=1
    Predictor TopK matches: 0=0 1=0 >=2=13
Layer 7 Cache Stats: Hits=632, Misses=0, HitRate=100.00%
    Predictor Routed-Expert HitRate=95.38% (62/65, routed_n=5, horizon=6)
    Predictor RoutedForcedN HitRate=95.38% (62/65)
    Predictor RoutedTopK HitRate=95.19% (99/104)
    Predicted RequestedByRouterForcedN Rate=13.25% (62/468)
    Predicted RequestedByRouterTopK Rate=21.15% (99/468)
    Predictor WindowRecall Rate=92.64% (239/258)
    Predictor WindowPrecision Rate=51.07% (239/468)
    Loads Per Step: 0Loads=79, 1Load=0, >1Load=0
    Bandwidth: StallLoads=0, PrefetchLoads=12, AvgLoadTime=12.72ms
    PrefetchOverlap: HiddenReady=8, HiddenWait=0, TicksSkipped=0
    PrefetchEff: Dropped=0, AlreadyCached=492, UsedBeforeEvict=8, EvictedBeforeUse=0
    Predictor TopK matches: 0=0 1=0 >=2=13
Layer 8 Cache Stats: Hits=627, Misses=5, HitRate=99.21%
    Predictor Routed-Expert HitRate=87.69% (57/65, routed_n=5, horizon=6)
    Predictor RoutedForcedN HitRate=87.69% (57/65)
    Predictor RoutedTopK HitRate=89.42% (93/104)
    Predicted RequestedByRouterForcedN Rate=12.18% (57/468)
    Predicted RequestedByRouterTopK Rate=19.87% (93/468)
    Predictor WindowRecall Rate=83.72% (252/301)
    Predictor WindowPrecision Rate=53.85% (252/468)
    Loads Per Step: 0Loads=74, 1Load=5, >1Load=0
    Bandwidth: StallLoads=5, PrefetchLoads=17, AvgLoadTime=8.88ms
    PrefetchOverlap: HiddenReady=12, HiddenWait=0, TicksSkipped=0
    MissCause: NotPresent=5, NotReadyStall=0
    PrefetchEff: Dropped=0, AlreadyCached=487, UsedBeforeEvict=12, EvictedBeforeUse=0
    Predictor TopK matches: 0=0 1=0 >=2=13
Layer 9 Cache Stats: Hits=628, Misses=4, HitRate=99.37%
    Predictor Routed-Expert HitRate=89.23% (58/65, routed_n=5, horizon=6)
    Predictor RoutedForcedN HitRate=89.23% (58/65)
    Predictor RoutedTopK HitRate=90.38% (94/104)
    Predicted RequestedByRouterForcedN Rate=12.39% (58/468)
    Predicted RequestedByRouterTopK Rate=20.09% (94/468)
    Predictor WindowRecall Rate=87.78% (237/270)
    Predictor WindowPrecision Rate=50.64% (237/468)
    Loads Per Step: 0Loads=75, 1Load=4, >1Load=0
    Bandwidth: StallLoads=4, PrefetchLoads=7, AvgLoadTime=13.44ms
    PrefetchOverlap: HiddenReady=6, HiddenWait=0, TicksSkipped=0
    MissCause: NotPresent=4, NotReadyStall=0
    PrefetchEff: Dropped=0, AlreadyCached=497, UsedBeforeEvict=6, EvictedBeforeUse=0
    Predictor TopK matches: 0=0 1=0 >=2=13
Layer 10 Cache Stats: Hits=622, Misses=10, HitRate=98.42%
    Predictor Routed-Expert HitRate=90.77% (59/65, routed_n=5, horizon=6)
    Predictor RoutedForcedN HitRate=90.77% (59/65)
    Predictor RoutedTopK HitRate=84.62% (88/104)
    Predicted RequestedByRouterForcedN Rate=12.61% (59/468)
    Predicted RequestedByRouterTopK Rate=18.80% (88/468)
    Predictor WindowRecall Rate=77.88% (243/312)
    Predictor WindowPrecision Rate=51.92% (243/468)
    Loads Per Step: 0Loads=71, 1Load=6, >1Load=2
    Bandwidth: StallLoads=10, PrefetchLoads=13, AvgLoadTime=8.53ms
    PrefetchOverlap: HiddenReady=13, HiddenWait=0, TicksSkipped=0
    MissCause: NotPresent=10, NotReadyStall=0
    PrefetchEff: Dropped=0, AlreadyCached=491, UsedBeforeEvict=13, EvictedBeforeUse=0
    Predictor TopK matches: 0=0 1=0 >=2=13
Layer 11 Cache Stats: Hits=617, Misses=15, HitRate=97.63%
    Predictor Routed-Expert HitRate=75.38% (49/65, routed_n=5, horizon=6)
    Predictor RoutedForcedN HitRate=75.38% (49/65)
    Predictor RoutedTopK HitRate=77.88% (81/104)
    Predicted RequestedByRouterForcedN Rate=10.47% (49/468)
    Predicted RequestedByRouterTopK Rate=17.31% (81/468)
    Predictor WindowRecall Rate=78.18% (258/330)
    Predictor WindowPrecision Rate=55.13% (258/468)
    Loads Per Step: 0Loads=65, 1Load=13, >1Load=1
    Bandwidth: StallLoads=15, PrefetchLoads=20, AvgLoadTime=6.49ms
    PrefetchOverlap: HiddenReady=14, HiddenWait=0, TicksSkipped=0
    MissCause: NotPresent=15, NotReadyStall=0
    PrefetchEff: Dropped=0, AlreadyCached=484, UsedBeforeEvict=14, EvictedBeforeUse=5
    Predictor TopK matches: 0=0 1=0 >=2=13
Layer 12 Cache Stats: Hits=629, Misses=3, HitRate=99.53%
    Predictor Routed-Expert HitRate=92.31% (60/65, routed_n=5, horizon=6)
    Predictor RoutedForcedN HitRate=92.31% (60/65)
    Predictor RoutedTopK HitRate=88.46% (92/104)
    Predicted RequestedByRouterForcedN Rate=12.82% (60/468)
    Predicted RequestedByRouterTopK Rate=19.66% (92/468)
    Predictor WindowRecall Rate=86.83% (244/281)
    Predictor WindowPrecision Rate=52.14% (244/468)
    Loads Per Step: 0Loads=76, 1Load=3, >1Load=0
    Bandwidth: StallLoads=3, PrefetchLoads=13, AvgLoadTime=7.17ms
    PrefetchOverlap: HiddenReady=7, HiddenWait=0, TicksSkipped=0
    MissCause: NotPresent=3, NotReadyStall=0
    PrefetchEff: Dropped=0, AlreadyCached=491, UsedBeforeEvict=7, EvictedBeforeUse=0
    Predictor TopK matches: 0=0 1=0 >=2=13
Layer 13 Cache Stats: Hits=621, Misses=11, HitRate=98.26%
    Predictor Routed-Expert HitRate=90.77% (59/65, routed_n=5, horizon=6)
    Predictor RoutedForcedN HitRate=90.77% (59/65)
    Predictor RoutedTopK HitRate=87.50% (91/104)
    Predicted RequestedByRouterForcedN Rate=12.61% (59/468)
    Predicted RequestedByRouterTopK Rate=19.44% (91/468)
    Predictor WindowRecall Rate=81.65% (267/327)
    Predictor WindowPrecision Rate=57.05% (267/468)
    Loads Per Step: 0Loads=69, 1Load=9, >1Load=1
    Bandwidth: StallLoads=11, PrefetchLoads=28, AvgLoadTime=5.05ms
    PrefetchOverlap: HiddenReady=17, HiddenWait=0, TicksSkipped=0
    MissCause: NotPresent=11, NotReadyStall=0
    PrefetchEff: Dropped=0, AlreadyCached=476, UsedBeforeEvict=17, EvictedBeforeUse=10
    Predictor TopK matches: 0=0 1=0 >=2=13
Layer 14 Cache Stats: Hits=624, Misses=8, HitRate=98.73%
    Predictor Routed-Expert HitRate=95.38% (62/65, routed_n=5, horizon=6)
    Predictor RoutedForcedN HitRate=95.38% (62/65)
    Predictor RoutedTopK HitRate=95.19% (99/104)
    Predicted RequestedByRouterForcedN Rate=13.25% (62/468)
    Predicted RequestedByRouterTopK Rate=21.15% (99/468)
    Predictor WindowRecall Rate=84.43% (244/289)
    Predictor WindowPrecision Rate=52.14% (244/468)
    Loads Per Step: 0Loads=71, 1Load=8, >1Load=0
    Bandwidth: StallLoads=8, PrefetchLoads=12, AvgLoadTime=5.93ms
    PrefetchOverlap: HiddenReady=10, HiddenWait=0, TicksSkipped=0
    MissCause: NotPresent=8, NotReadyStall=0
    PrefetchEff: Dropped=0, AlreadyCached=492, UsedBeforeEvict=10, EvictedBeforeUse=1
    Predictor TopK matches: 0=0 1=0 >=2=13
Layer 15 Cache Stats: Hits=629, Misses=3, HitRate=99.53%
    Predictor Routed-Expert HitRate=93.85% (61/65, routed_n=5, horizon=6)
    Predictor RoutedForcedN HitRate=93.85% (61/65)
    Predictor RoutedTopK HitRate=92.31% (96/104)
    Predicted RequestedByRouterForcedN Rate=13.03% (61/468)
    Predicted RequestedByRouterTopK Rate=20.51% (96/468)
    Predictor WindowRecall Rate=87.50% (238/272)
    Predictor WindowPrecision Rate=50.85% (238/468)
    Loads Per Step: 0Loads=76, 1Load=3, >1Load=0
    Bandwidth: StallLoads=3, PrefetchLoads=15, AvgLoadTime=7.62ms
    PrefetchOverlap: HiddenReady=10, HiddenWait=0, TicksSkipped=0
    MissCause: NotPresent=3, NotReadyStall=0
    PrefetchEff: Dropped=0, AlreadyCached=489, UsedBeforeEvict=10, EvictedBeforeUse=1
    Predictor TopK matches: 0=0 1=0 >=2=13
Layer 16 Cache Stats: Hits=629, Misses=3, HitRate=99.53%
    Predictor Routed-Expert HitRate=90.77% (59/65, routed_n=5, horizon=6)
    Predictor RoutedForcedN HitRate=90.77% (59/65)
    Predictor RoutedTopK HitRate=84.62% (88/104)
    Predicted RequestedByRouterForcedN Rate=12.61% (59/468)
    Predicted RequestedByRouterTopK Rate=18.80% (88/468)
    Predictor WindowRecall Rate=86.60% (252/291)
    Predictor WindowPrecision Rate=53.85% (252/468)
    Loads Per Step: 0Loads=76, 1Load=3, >1Load=0
    Bandwidth: StallLoads=3, PrefetchLoads=12, AvgLoadTime=7.35ms
    PrefetchOverlap: HiddenReady=9, HiddenWait=0, TicksSkipped=0
    MissCause: NotPresent=3, NotReadyStall=0
    PrefetchEff: Dropped=0, AlreadyCached=492, UsedBeforeEvict=9, EvictedBeforeUse=0
    Predictor TopK matches: 0=0 1=0 >=2=13
Layer 17 Cache Stats: Hits=627, Misses=5, HitRate=99.21%
    Predictor Routed-Expert HitRate=93.85% (61/65, routed_n=5, horizon=6)
    Predictor RoutedForcedN HitRate=93.85% (61/65)
    Predictor RoutedTopK HitRate=89.42% (93/104)
    Predicted RequestedByRouterForcedN Rate=13.03% (61/468)
    Predicted RequestedByRouterTopK Rate=19.87% (93/468)
    Predictor WindowRecall Rate=86.15% (255/296)
    Predictor WindowPrecision Rate=54.49% (255/468)
    Loads Per Step: 0Loads=74, 1Load=5, >1Load=0
    Bandwidth: StallLoads=5, PrefetchLoads=19, AvgLoadTime=6.44ms
    PrefetchOverlap: HiddenReady=15, HiddenWait=0, TicksSkipped=0
    MissCause: NotPresent=5, NotReadyStall=0
    PrefetchEff: Dropped=0, AlreadyCached=485, UsedBeforeEvict=15, EvictedBeforeUse=0
    Predictor TopK matches: 0=0 1=0 >=2=13
Layer 18 Cache Stats: Hits=632, Misses=0, HitRate=100.00%
    Predictor Routed-Expert HitRate=96.92% (63/65, routed_n=5, horizon=6)
    Predictor RoutedForcedN HitRate=96.92% (63/65)
    Predictor RoutedTopK HitRate=96.15% (100/104)
    Predicted RequestedByRouterForcedN Rate=13.46% (63/468)
    Predicted RequestedByRouterTopK Rate=21.37% (100/468)
    Predictor WindowRecall Rate=92.65% (227/245)
    Predictor WindowPrecision Rate=48.50% (227/468)
    Loads Per Step: 0Loads=79, 1Load=0, >1Load=0
    Bandwidth: StallLoads=0, PrefetchLoads=12, AvgLoadTime=9.01ms
    PrefetchOverlap: HiddenReady=5, HiddenWait=0, TicksSkipped=0
    PrefetchEff: Dropped=0, AlreadyCached=492, UsedBeforeEvict=5, EvictedBeforeUse=0
    Predictor TopK matches: 0=0 1=0 >=2=13
Layer 19 Cache Stats: Hits=632, Misses=0, HitRate=100.00%
    Predictor Routed-Expert HitRate=100.00% (65/65, routed_n=5, horizon=6)
    Predictor RoutedForcedN HitRate=100.00% (65/65)
    Predictor RoutedTopK HitRate=98.08% (102/104)
    Predicted RequestedByRouterForcedN Rate=13.89% (65/468)
    Predicted RequestedByRouterTopK Rate=21.79% (102/468)
    Predictor WindowRecall Rate=96.07% (220/229)
    Predictor WindowPrecision Rate=47.01% (220/468)
    Loads Per Step: 0Loads=79, 1Load=0, >1Load=0
    Bandwidth: StallLoads=0, PrefetchLoads=12, AvgLoadTime=4.52ms
    PrefetchOverlap: HiddenReady=2, HiddenWait=0, TicksSkipped=0
    PrefetchEff: Dropped=0, AlreadyCached=492, UsedBeforeEvict=2, EvictedBeforeUse=0
    Predictor TopK matches: 0=0 1=0 >=2=13
Layer 20 Cache Stats: Hits=631, Misses=1, HitRate=99.84%
    Predictor Routed-Expert HitRate=96.92% (63/65, routed_n=5, horizon=6)
    Predictor RoutedForcedN HitRate=96.92% (63/65)
    Predictor RoutedTopK HitRate=93.27% (97/104)
    Predicted RequestedByRouterForcedN Rate=13.46% (63/468)
    Predicted RequestedByRouterTopK Rate=20.73% (97/468)
    Predictor WindowRecall Rate=89.35% (235/263)
    Predictor WindowPrecision Rate=50.21% (235/468)
    Loads Per Step: 0Loads=78, 1Load=1, >1Load=0
    Bandwidth: StallLoads=1, PrefetchLoads=21, AvgLoadTime=6.96ms
    PrefetchOverlap: HiddenReady=10, HiddenWait=0, TicksSkipped=0
    MissCause: NotPresent=1, NotReadyStall=0
    PrefetchEff: Dropped=0, AlreadyCached=483, UsedBeforeEvict=10, EvictedBeforeUse=5
    Predictor TopK matches: 0=0 1=0 >=2=13
Layer 21 Cache Stats: Hits=630, Misses=2, HitRate=99.68%
    Predictor Routed-Expert HitRate=98.46% (64/65, routed_n=5, horizon=6)
    Predictor RoutedForcedN HitRate=98.46% (64/65)
    Predictor RoutedTopK HitRate=96.15% (100/104)
    Predicted RequestedByRouterForcedN Rate=13.68% (64/468)
    Predicted RequestedByRouterTopK Rate=21.37% (100/468)
    Predictor WindowRecall Rate=92.13% (234/254)
    Predictor WindowPrecision Rate=50.00% (234/468)
    Loads Per Step: 0Loads=77, 1Load=2, >1Load=0
    Bandwidth: StallLoads=2, PrefetchLoads=14, AvgLoadTime=6.66ms
    PrefetchOverlap: HiddenReady=7, HiddenWait=0, TicksSkipped=0
    MissCause: NotPresent=2, NotReadyStall=0
    PrefetchEff: Dropped=0, AlreadyCached=490, UsedBeforeEvict=7, EvictedBeforeUse=0
    Predictor TopK matches: 0=0 1=0 >=2=13
Layer 22 Cache Stats: Hits=626, Misses=6, HitRate=99.05%
    Predictor Routed-Expert HitRate=93.85% (61/65, routed_n=5, horizon=6)
    Predictor RoutedForcedN HitRate=93.85% (61/65)
    Predictor RoutedTopK HitRate=94.23% (98/104)
    Predicted RequestedByRouterForcedN Rate=13.03% (61/468)
    Predicted RequestedByRouterTopK Rate=20.94% (98/468)
    Predictor WindowRecall Rate=87.11% (277/318)
    Predictor WindowPrecision Rate=59.19% (277/468)
    Loads Per Step: 0Loads=73, 1Load=6, >1Load=0
    Bandwidth: StallLoads=6, PrefetchLoads=13, AvgLoadTime=8.71ms
    PrefetchOverlap: HiddenReady=9, HiddenWait=0, TicksSkipped=0
    MissCause: NotPresent=6, NotReadyStall=0
    PrefetchEff: Dropped=0, AlreadyCached=491, UsedBeforeEvict=9, EvictedBeforeUse=0
    Predictor TopK matches: 0=0 1=0 >=2=13
Layer 23 Cache Stats: Hits=613, Misses=19, HitRate=96.99%
    Predictor Routed-Expert HitRate=89.23% (58/65, routed_n=5, horizon=6)
    Predictor RoutedForcedN HitRate=89.23% (58/65)
    Predictor RoutedTopK HitRate=84.62% (88/104)
    Predicted RequestedByRouterForcedN Rate=12.39% (58/468)
    Predicted RequestedByRouterTopK Rate=18.80% (88/468)
    Predictor WindowRecall Rate=78.06% (274/351)
    Predictor WindowPrecision Rate=58.55% (274/468)
    Loads Per Step: 0Loads=62, 1Load=16, >1Load=1
    Bandwidth: StallLoads=19, PrefetchLoads=9, AvgLoadTime=6.88ms
    PrefetchOverlap: HiddenReady=8, HiddenWait=0, TicksSkipped=0
    MissCause: NotPresent=19, NotReadyStall=0
    PrefetchEff: Dropped=0, AlreadyCached=495, UsedBeforeEvict=8, EvictedBeforeUse=0
    Predictor TopK matches: 0=0 1=0 >=2=13
Layer 24 Cache Stats: Hits=629, Misses=3, HitRate=99.53%
    Predictor Routed-Expert HitRate=92.31% (60/65, routed_n=5, horizon=6)
    Predictor RoutedForcedN HitRate=92.31% (60/65)
    Predictor RoutedTopK HitRate=92.31% (96/104)
    Predicted RequestedByRouterForcedN Rate=12.82% (60/468)
    Predicted RequestedByRouterTopK Rate=20.51% (96/468)
    Predictor WindowRecall Rate=84.69% (249/294)
    Predictor WindowPrecision Rate=53.21% (249/468)
    Loads Per Step: 0Loads=76, 1Load=3, >1Load=0
    Bandwidth: StallLoads=3, PrefetchLoads=16, AvgLoadTime=6.21ms
    PrefetchOverlap: HiddenReady=12, HiddenWait=0, TicksSkipped=0
    MissCause: NotPresent=3, NotReadyStall=0
    PrefetchEff: Dropped=0, AlreadyCached=488, UsedBeforeEvict=12, EvictedBeforeUse=0
    Predictor TopK matches: 0=0 1=0 >=2=13
Layer 25 Cache Stats: Hits=616, Misses=16, HitRate=97.47%
    Predictor Routed-Expert HitRate=87.69% (57/65, routed_n=5, horizon=6)
    Predictor RoutedForcedN HitRate=87.69% (57/65)
    Predictor RoutedTopK HitRate=85.58% (89/104)
    Predicted RequestedByRouterForcedN Rate=12.18% (57/468)
    Predicted RequestedByRouterTopK Rate=19.02% (89/468)
    Predictor WindowRecall Rate=83.80% (269/321)
    Predictor WindowPrecision Rate=57.48% (269/468)
    Loads Per Step: 0Loads=65, 1Load=12, >1Load=2
    Bandwidth: StallLoads=16, PrefetchLoads=17, AvgLoadTime=5.16ms
    PrefetchOverlap: HiddenReady=13, HiddenWait=1, TicksSkipped=0
    MissCause: NotPresent=16, NotReadyStall=1
    PrefetchEff: Dropped=0, AlreadyCached=487, UsedBeforeEvict=14, EvictedBeforeUse=1
    Predictor TopK matches: 0=0 1=0 >=2=13
Layer 26 Cache Stats: Hits=621, Misses=11, HitRate=98.26%
    Predictor Routed-Expert HitRate=90.77% (59/65, routed_n=5, horizon=6)
    Predictor RoutedForcedN HitRate=90.77% (59/65)
    Predictor RoutedTopK HitRate=90.38% (94/104)
    Predicted RequestedByRouterForcedN Rate=12.61% (59/468)
    Predicted RequestedByRouterTopK Rate=20.09% (94/468)
    Predictor WindowRecall Rate=81.61% (244/299)
    Predictor WindowPrecision Rate=52.14% (244/468)
    Loads Per Step: 0Loads=70, 1Load=7, >1Load=2
    Bandwidth: StallLoads=11, PrefetchLoads=16, AvgLoadTime=5.51ms
    PrefetchOverlap: HiddenReady=9, HiddenWait=0, TicksSkipped=0
    MissCause: NotPresent=11, NotReadyStall=0
    PrefetchEff: Dropped=0, AlreadyCached=488, UsedBeforeEvict=9, EvictedBeforeUse=3
    Predictor TopK matches: 0=0 1=0 >=2=13
Layer 27 Cache Stats: Hits=626, Misses=6, HitRate=99.05%
    Predictor Routed-Expert HitRate=96.92% (63/65, routed_n=5, horizon=6)
    Predictor RoutedForcedN HitRate=96.92% (63/65)
    Predictor RoutedTopK HitRate=96.15% (100/104)
    Predicted RequestedByRouterForcedN Rate=13.46% (63/468)
    Predicted RequestedByRouterTopK Rate=21.37% (100/468)
    Predictor WindowRecall Rate=85.11% (240/282)
    Predictor WindowPrecision Rate=51.28% (240/468)
    Loads Per Step: 0Loads=73, 1Load=6, >1Load=0
    Bandwidth: StallLoads=6, PrefetchLoads=13, AvgLoadTime=7.39ms
    PrefetchOverlap: HiddenReady=7, HiddenWait=0, TicksSkipped=0
    MissCause: NotPresent=6, NotReadyStall=0
    PrefetchEff: Dropped=0, AlreadyCached=491, UsedBeforeEvict=7, EvictedBeforeUse=2
    Predictor TopK matches: 0=0 1=0 >=2=13
Layer 28 Cache Stats: Hits=625, Misses=7, HitRate=98.89%
    Predictor Routed-Expert HitRate=90.77% (59/65, routed_n=5, horizon=6)
    Predictor RoutedForcedN HitRate=90.77% (59/65)
    Predictor RoutedTopK HitRate=83.65% (87/104)
    Predicted RequestedByRouterForcedN Rate=12.61% (59/468)
    Predicted RequestedByRouterTopK Rate=18.59% (87/468)
    Predictor WindowRecall Rate=82.90% (257/310)
    Predictor WindowPrecision Rate=54.91% (257/468)
    Loads Per Step: 0Loads=72, 1Load=7, >1Load=0
    Bandwidth: StallLoads=7, PrefetchLoads=9, AvgLoadTime=4.96ms
    PrefetchOverlap: HiddenReady=6, HiddenWait=0, TicksSkipped=0
    MissCause: NotPresent=7, NotReadyStall=0
    PrefetchEff: Dropped=0, AlreadyCached=495, UsedBeforeEvict=6, EvictedBeforeUse=0
    Predictor TopK matches: 0=0 1=0 >=2=13
Layer 29 Cache Stats: Hits=621, Misses=11, HitRate=98.26%
    Predictor Routed-Expert HitRate=80.00% (52/65, routed_n=5, horizon=6)
    Predictor RoutedForcedN HitRate=80.00% (52/65)
    Predictor RoutedTopK HitRate=78.85% (82/104)
    Predicted RequestedByRouterForcedN Rate=11.11% (52/468)
    Predicted RequestedByRouterTopK Rate=17.52% (82/468)
    Predictor WindowRecall Rate=79.31% (276/348)
    Predictor WindowPrecision Rate=58.97% (276/468)
    Loads Per Step: 0Loads=71, 1Load=6, >1Load=2
    Bandwidth: StallLoads=11, PrefetchLoads=19, AvgLoadTime=5.07ms
    PrefetchOverlap: HiddenReady=14, HiddenWait=0, TicksSkipped=0
    MissCause: NotPresent=11, NotReadyStall=0
    PrefetchEff: Dropped=0, AlreadyCached=485, UsedBeforeEvict=14, EvictedBeforeUse=3
    Predictor TopK matches: 0=0 1=0 >=2=13
Layer 30 Cache Stats: Hits=629, Misses=3, HitRate=99.53%
    Predictor Routed-Expert HitRate=96.92% (63/65, routed_n=5, horizon=6)
    Predictor RoutedForcedN HitRate=96.92% (63/65)
    Predictor RoutedTopK HitRate=95.19% (99/104)
    Predicted RequestedByRouterForcedN Rate=13.46% (63/468)
    Predicted RequestedByRouterTopK Rate=21.15% (99/468)
    Predictor WindowRecall Rate=88.77% (245/276)
    Predictor WindowPrecision Rate=52.35% (245/468)
    Loads Per Step: 0Loads=76, 1Load=3, >1Load=0
    Bandwidth: StallLoads=3, PrefetchLoads=8, AvgLoadTime=7.72ms
    PrefetchOverlap: HiddenReady=5, HiddenWait=0, TicksSkipped=0
    MissCause: NotPresent=3, NotReadyStall=0
    PrefetchEff: Dropped=0, AlreadyCached=496, UsedBeforeEvict=5, EvictedBeforeUse=0
    Predictor TopK matches: 0=0 1=0 >=2=13
Layer 31 Cache Stats: Hits=631, Misses=1, HitRate=99.84%
    Predictor Routed-Expert HitRate=98.46% (64/65, routed_n=5, horizon=6)
    Predictor RoutedForcedN HitRate=98.46% (64/65)
    Predictor RoutedTopK HitRate=98.08% (102/104)
    Predicted RequestedByRouterForcedN Rate=13.68% (64/468)
    Predicted RequestedByRouterTopK Rate=21.79% (102/468)
    Predictor WindowRecall Rate=92.24% (226/245)
    Predictor WindowPrecision Rate=48.29% (226/468)
    Loads Per Step: 0Loads=78, 1Load=1, >1Load=0
    Bandwidth: StallLoads=1, PrefetchLoads=14, AvgLoadTime=6.64ms
    PrefetchOverlap: HiddenReady=7, HiddenWait=0, TicksSkipped=0
    MissCause: NotPresent=1, NotReadyStall=0
    PrefetchEff: Dropped=0, AlreadyCached=490, UsedBeforeEvict=7, EvictedBeforeUse=0
    Predictor TopK matches: 0=0 1=0 >=2=13
Layer 32 Cache Stats: Hits=627, Misses=5, HitRate=99.21%
    Predictor Routed-Expert HitRate=96.92% (63/65, routed_n=5, horizon=6)
    Predictor RoutedForcedN HitRate=96.92% (63/65)
    Predictor RoutedTopK HitRate=95.19% (99/104)
    Predicted RequestedByRouterForcedN Rate=13.46% (63/468)
    Predicted RequestedByRouterTopK Rate=21.15% (99/468)
    Predictor WindowRecall Rate=88.03% (250/284)
    Predictor WindowPrecision Rate=53.42% (250/468)
    Loads Per Step: 0Loads=74, 1Load=5, >1Load=0
    Bandwidth: StallLoads=5, PrefetchLoads=21, AvgLoadTime=5.28ms
    PrefetchOverlap: HiddenReady=14, HiddenWait=0, TicksSkipped=0
    MissCause: NotPresent=5, NotReadyStall=0
    PrefetchEff: Dropped=0, AlreadyCached=483, UsedBeforeEvict=14, EvictedBeforeUse=4
    Predictor TopK matches: 0=0 1=0 >=2=13
Layer 33 Cache Stats: Hits=626, Misses=6, HitRate=99.05%
    Predictor Routed-Expert HitRate=90.77% (59/65, routed_n=5, horizon=6)
    Predictor RoutedForcedN HitRate=90.77% (59/65)
    Predictor RoutedTopK HitRate=91.35% (95/104)
    Predicted RequestedByRouterForcedN Rate=12.61% (59/468)
    Predicted RequestedByRouterTopK Rate=20.30% (95/468)
    Predictor WindowRecall Rate=83.92% (240/286)
    Predictor WindowPrecision Rate=51.28% (240/468)
    Loads Per Step: 0Loads=73, 1Load=6, >1Load=0
    Bandwidth: StallLoads=6, PrefetchLoads=17, AvgLoadTime=6.22ms
    PrefetchOverlap: HiddenReady=12, HiddenWait=0, TicksSkipped=0
    MissCause: NotPresent=6, NotReadyStall=0
    PrefetchEff: Dropped=0, AlreadyCached=487, UsedBeforeEvict=12, EvictedBeforeUse=1
    Predictor TopK matches: 0=0 1=0 >=2=13
Layer 34 Cache Stats: Hits=623, Misses=9, HitRate=98.58%
    Predictor Routed-Expert HitRate=87.69% (57/65, routed_n=5, horizon=6)
    Predictor RoutedForcedN HitRate=87.69% (57/65)
    Predictor RoutedTopK HitRate=87.50% (91/104)
    Predicted RequestedByRouterForcedN Rate=12.18% (57/468)
    Predicted RequestedByRouterTopK Rate=19.44% (91/468)
    Predictor WindowRecall Rate=83.97% (262/312)
    Predictor WindowPrecision Rate=55.98% (262/468)
    Loads Per Step: 0Loads=70, 1Load=9, >1Load=0
    Bandwidth: StallLoads=9, PrefetchLoads=19, AvgLoadTime=5.69ms
    PrefetchOverlap: HiddenReady=11, HiddenWait=0, TicksSkipped=0
    MissCause: NotPresent=9, NotReadyStall=0
    PrefetchEff: Dropped=0, AlreadyCached=485, UsedBeforeEvict=11, EvictedBeforeUse=7
    Predictor TopK matches: 0=0 1=0 >=2=13
Layer 35 Cache Stats: Hits=617, Misses=15, HitRate=97.63%
    Predictor Routed-Expert HitRate=89.23% (58/65, routed_n=5, horizon=6)
    Predictor RoutedForcedN HitRate=89.23% (58/65)
    Predictor RoutedTopK HitRate=83.65% (87/104)
    Predicted RequestedByRouterForcedN Rate=12.39% (58/468)
    Predicted RequestedByRouterTopK Rate=18.59% (87/468)
    Predictor WindowRecall Rate=81.36% (288/354)
    Predictor WindowPrecision Rate=61.54% (288/468)
    Loads Per Step: 0Loads=68, 1Load=8, >1Load=3
    Bandwidth: StallLoads=15, PrefetchLoads=20, AvgLoadTime=5.56ms
    PrefetchOverlap: HiddenReady=15, HiddenWait=0, TicksSkipped=0
    MissCause: NotPresent=15, NotReadyStall=0
    PrefetchEff: Dropped=0, AlreadyCached=484, UsedBeforeEvict=15, EvictedBeforeUse=3
    Predictor TopK matches: 0=0 1=0 >=2=13
Layer 36 Cache Stats: Hits=622, Misses=10, HitRate=98.42%
    Predictor Routed-Expert HitRate=92.31% (60/65, routed_n=5, horizon=6)
    Predictor RoutedForcedN HitRate=92.31% (60/65)
    Predictor RoutedTopK HitRate=91.35% (95/104)
    Predicted RequestedByRouterForcedN Rate=12.82% (60/468)
    Predicted RequestedByRouterTopK Rate=20.30% (95/468)
    Predictor WindowRecall Rate=85.67% (263/307)
    Predictor WindowPrecision Rate=56.20% (263/468)
    Loads Per Step: 0Loads=70, 1Load=8, >1Load=1
    Bandwidth: StallLoads=10, PrefetchLoads=21, AvgLoadTime=6.94ms
    PrefetchOverlap: HiddenReady=14, HiddenWait=0, TicksSkipped=0
    MissCause: NotPresent=10, NotReadyStall=0
    PrefetchEff: Dropped=0, AlreadyCached=483, UsedBeforeEvict=14, EvictedBeforeUse=3
    Predictor TopK matches: 0=0 1=0 >=2=13
Layer 37 Cache Stats: Hits=620, Misses=12, HitRate=98.10%
    Predictor Routed-Expert HitRate=89.23% (58/65, routed_n=5, horizon=6)
    Predictor RoutedForcedN HitRate=89.23% (58/65)
    Predictor RoutedTopK HitRate=84.62% (88/104)
    Predicted RequestedByRouterForcedN Rate=12.39% (58/468)
    Predicted RequestedByRouterTopK Rate=18.80% (88/468)
    Predictor WindowRecall Rate=81.40% (280/344)
    Predictor WindowPrecision Rate=59.83% (280/468)
    Loads Per Step: 0Loads=67, 1Load=12, >1Load=0
    Bandwidth: StallLoads=12, PrefetchLoads=32, AvgLoadTime=6.05ms
    PrefetchOverlap: HiddenReady=18, HiddenWait=0, TicksSkipped=0
    MissCause: NotPresent=12, NotReadyStall=0
    PrefetchEff: Dropped=0, AlreadyCached=472, UsedBeforeEvict=18, EvictedBeforeUse=8
    Predictor TopK matches: 0=0 1=0 >=2=13
Layer 38 Cache Stats: Hits=623, Misses=9, HitRate=98.58%
    Predictor Routed-Expert HitRate=93.85% (61/65, routed_n=5, horizon=6)
    Predictor RoutedForcedN HitRate=93.85% (61/65)
    Predictor RoutedTopK HitRate=90.38% (94/104)
    Predicted RequestedByRouterForcedN Rate=13.03% (61/468)
    Predicted RequestedByRouterTopK Rate=20.09% (94/468)
    Predictor WindowRecall Rate=87.95% (270/307)
    Predictor WindowPrecision Rate=57.69% (270/468)
    Loads Per Step: 0Loads=70, 1Load=9, >1Load=0
    Bandwidth: StallLoads=9, PrefetchLoads=16, AvgLoadTime=7.73ms
    PrefetchOverlap: HiddenReady=11, HiddenWait=0, TicksSkipped=0
    MissCause: NotPresent=9, NotReadyStall=0
    PrefetchEff: Dropped=0, AlreadyCached=488, UsedBeforeEvict=11, EvictedBeforeUse=1
    Predictor TopK matches: 0=0 1=0 >=2=13
Layer 39 Cache Stats: Hits=630, Misses=2, HitRate=99.68%
    Predictor Routed-Expert HitRate=90.77% (59/65, routed_n=5, horizon=6)
    Predictor RoutedForcedN HitRate=90.77% (59/65)
    Predictor RoutedTopK HitRate=85.58% (89/104)
    Predicted RequestedByRouterForcedN Rate=12.61% (59/468)
    Predicted RequestedByRouterTopK Rate=19.02% (89/468)
    Predictor WindowRecall Rate=85.67% (269/314)
    Predictor WindowPrecision Rate=57.48% (269/468)
    Loads Per Step: 0Loads=77, 1Load=2, >1Load=0
    Bandwidth: StallLoads=2, PrefetchLoads=22, AvgLoadTime=7.91ms
    PrefetchOverlap: HiddenReady=17, HiddenWait=0, TicksSkipped=0
    MissCause: NotPresent=2, NotReadyStall=0
    PrefetchEff: Dropped=0, AlreadyCached=482, UsedBeforeEvict=17, EvictedBeforeUse=2
    Predictor TopK matches: 0=0 1=0 >=2=13
Layer 40 Cache Stats: Hits=628, Misses=4, HitRate=99.37%
    Predictor Routed-Expert HitRate=95.38% (62/65, routed_n=5, horizon=6)
    Predictor RoutedForcedN HitRate=95.38% (62/65)
    Predictor RoutedTopK HitRate=92.31% (96/104)
    Predicted RequestedByRouterForcedN Rate=13.25% (62/468)
    Predicted RequestedByRouterTopK Rate=20.51% (96/468)
    Predictor WindowRecall Rate=89.52% (282/315)
    Predictor WindowPrecision Rate=60.26% (282/468)
    Loads Per Step: 0Loads=75, 1Load=4, >1Load=0
    Bandwidth: StallLoads=4, PrefetchLoads=14, AvgLoadTime=7.41ms
    PrefetchOverlap: HiddenReady=13, HiddenWait=0, TicksSkipped=0
    MissCause: NotPresent=4, NotReadyStall=0
    PrefetchEff: Dropped=0, AlreadyCached=490, UsedBeforeEvict=13, EvictedBeforeUse=0
    Predictor TopK matches: 0=0 1=0 >=2=13
Layer 41 Cache Stats: Hits=624, Misses=8, HitRate=98.73%
    Predictor Routed-Expert HitRate=78.46% (51/65, routed_n=5, horizon=6)
    Predictor RoutedForcedN HitRate=78.46% (51/65)
    Predictor RoutedTopK HitRate=79.81% (83/104)
    Predicted RequestedByRouterForcedN Rate=10.90% (51/468)
    Predicted RequestedByRouterTopK Rate=17.74% (83/468)
    Predictor WindowRecall Rate=83.00% (293/353)
    Predictor WindowPrecision Rate=62.61% (293/468)
    Loads Per Step: 0Loads=73, 1Load=4, >1Load=2
    Bandwidth: StallLoads=8, PrefetchLoads=30, AvgLoadTime=7.26ms
    PrefetchOverlap: HiddenReady=21, HiddenWait=0, TicksSkipped=0
    MissCause: NotPresent=8, NotReadyStall=0
    PrefetchEff: Dropped=0, AlreadyCached=474, UsedBeforeEvict=21, EvictedBeforeUse=4
    Predictor TopK matches: 0=0 1=1 >=2=12
Layer 42 Cache Stats: Hits=629, Misses=3, HitRate=99.53%
    Predictor Routed-Expert HitRate=86.15% (56/65, routed_n=5, horizon=6)
    Predictor RoutedForcedN HitRate=86.15% (56/65)
    Predictor RoutedTopK HitRate=89.42% (93/104)
    Predicted RequestedByRouterForcedN Rate=11.97% (56/468)
    Predicted RequestedByRouterTopK Rate=19.87% (93/468)
    Predictor WindowRecall Rate=87.24% (294/337)
    Predictor WindowPrecision Rate=62.82% (294/468)
    Loads Per Step: 0Loads=76, 1Load=3, >1Load=0
    Bandwidth: StallLoads=3, PrefetchLoads=11, AvgLoadTime=11.34ms
    PrefetchOverlap: HiddenReady=8, HiddenWait=0, TicksSkipped=0
    MissCause: NotPresent=3, NotReadyStall=0
    PrefetchEff: Dropped=0, AlreadyCached=493, UsedBeforeEvict=8, EvictedBeforeUse=1
    Predictor TopK matches: 0=0 1=0 >=2=13
Layer 43 Cache Stats: Hits=628, Misses=4, HitRate=99.37%
    Predictor Routed-Expert HitRate=90.77% (59/65, routed_n=5, horizon=6)
    Predictor RoutedForcedN HitRate=90.77% (59/65)
    Predictor RoutedTopK HitRate=83.65% (87/104)
    Predicted RequestedByRouterForcedN Rate=12.61% (59/468)
    Predicted RequestedByRouterTopK Rate=18.59% (87/468)
    Predictor WindowRecall Rate=85.71% (294/343)
    Predictor WindowPrecision Rate=62.82% (294/468)
    Loads Per Step: 0Loads=76, 1Load=2, >1Load=1
    Bandwidth: StallLoads=4, PrefetchLoads=11, AvgLoadTime=9.69ms
    PrefetchOverlap: HiddenReady=8, HiddenWait=0, TicksSkipped=0
    MissCause: NotPresent=4, NotReadyStall=0
    PrefetchEff: Dropped=0, AlreadyCached=493, UsedBeforeEvict=8, EvictedBeforeUse=0
    Predictor TopK matches: 0=0 1=0 >=2=13
Layer 44 Cache Stats: Hits=630, Misses=2, HitRate=99.68%
    Predictor Routed-Expert HitRate=92.31% (60/65, routed_n=5, horizon=6)
    Predictor RoutedForcedN HitRate=92.31% (60/65)
    Predictor RoutedTopK HitRate=91.35% (95/104)
    Predicted RequestedByRouterForcedN Rate=12.82% (60/468)
    Predicted RequestedByRouterTopK Rate=20.30% (95/468)
    Predictor WindowRecall Rate=89.00% (275/309)
    Predictor WindowPrecision Rate=58.76% (275/468)
    Loads Per Step: 0Loads=77, 1Load=2, >1Load=0
    Bandwidth: StallLoads=2, PrefetchLoads=22, AvgLoadTime=7.95ms
    PrefetchOverlap: HiddenReady=10, HiddenWait=0, TicksSkipped=0
    MissCause: NotPresent=2, NotReadyStall=0
    PrefetchEff: Dropped=0, AlreadyCached=482, UsedBeforeEvict=10, EvictedBeforeUse=5
    Predictor TopK matches: 0=0 1=0 >=2=13
Layer 45 Cache Stats: Hits=630, Misses=2, HitRate=99.68%
    Predictor Routed-Expert HitRate=92.31% (60/65, routed_n=5, horizon=6)
    Predictor RoutedForcedN HitRate=92.31% (60/65)
    Predictor RoutedTopK HitRate=92.31% (96/104)
    Predicted RequestedByRouterForcedN Rate=12.82% (60/468)
    Predicted RequestedByRouterTopK Rate=20.51% (96/468)
    Predictor WindowRecall Rate=88.44% (283/320)
    Predictor WindowPrecision Rate=60.47% (283/468)
    Loads Per Step: 0Loads=77, 1Load=2, >1Load=0
    Bandwidth: StallLoads=2, PrefetchLoads=13, AvgLoadTime=10.04ms
    PrefetchOverlap: HiddenReady=9, HiddenWait=0, TicksSkipped=0
    MissCause: NotPresent=2, NotReadyStall=0
    PrefetchEff: Dropped=0, AlreadyCached=491, UsedBeforeEvict=9, EvictedBeforeUse=1
    Predictor TopK matches: 0=0 1=0 >=2=13
Layer 46 Cache Stats: Hits=628, Misses=4, HitRate=99.37%
    Predictor Routed-Expert HitRate=90.77% (59/65, routed_n=5, horizon=6)
    Predictor RoutedForcedN HitRate=90.77% (59/65)
    Predictor RoutedTopK HitRate=89.42% (93/104)
    Predicted RequestedByRouterForcedN Rate=12.61% (59/468)
    Predicted RequestedByRouterTopK Rate=19.87% (93/468)
    Predictor WindowRecall Rate=86.69% (293/338)
    Predictor WindowPrecision Rate=62.61% (293/468)
    Loads Per Step: 0Loads=75, 1Load=4, >1Load=0
    Bandwidth: StallLoads=4, PrefetchLoads=18, AvgLoadTime=7.94ms
    PrefetchOverlap: HiddenReady=15, HiddenWait=0, TicksSkipped=0
    MissCause: NotPresent=4, NotReadyStall=0
    PrefetchEff: Dropped=0, AlreadyCached=486, UsedBeforeEvict=15, EvictedBeforeUse=0
    Predictor TopK matches: 0=0 1=0 >=2=13
Layer 47 Cache Stats: Hits=622, Misses=10, HitRate=98.42%
    Predictor Routed-Expert HitRate=87.69% (57/65, routed_n=5, horizon=6)
    Predictor RoutedForcedN HitRate=87.69% (57/65)
    Predictor RoutedTopK HitRate=82.69% (86/104)
    Predicted RequestedByRouterForcedN Rate=12.18% (57/468)
    Predicted RequestedByRouterTopK Rate=18.38% (86/468)
    Predictor WindowRecall Rate=85.53% (325/380)
    Predictor WindowPrecision Rate=69.44% (325/468)
    Loads Per Step: 0Loads=72, 1Load=4, >1Load=3
    Bandwidth: StallLoads=10, PrefetchLoads=28, AvgLoadTime=5.28ms
    PrefetchOverlap: HiddenReady=24, HiddenWait=0, TicksSkipped=0
    MissCause: NotPresent=10, NotReadyStall=0
    PrefetchEff: Dropped=0, AlreadyCached=476, UsedBeforeEvict=24, EvictedBeforeUse=3
    Predictor TopK matches: 0=0 1=0 >=2=13
============================================================
[TorchScriptPredictor Layer 0] Shutdown complete
[TorchScriptPredictor Layer 1] Shutdown complete
[TorchScriptPredictor Layer 2] Shutdown complete
[TorchScriptPredictor Layer 3] Shutdown complete
[TorchScriptPredictor Layer 4] Shutdown complete
[TorchScriptPredictor Layer 5] Shutdown complete
[TorchScriptPredictor Layer 6] Shutdown complete
[TorchScriptPredictor Layer 7] Shutdown complete
[TorchScriptPredictor Layer 8] Shutdown complete
[TorchScriptPredictor Layer 9] Shutdown complete
[TorchScriptPredictor Layer 10] Shutdown complete
[TorchScriptPredictor Layer 11] Shutdown complete
[TorchScriptPredictor Layer 12] Shutdown complete
[TorchScriptPredictor Layer 13] Shutdown complete
[TorchScriptPredictor Layer 14] Shutdown complete
[TorchScriptPredictor Layer 15] Shutdown complete
[TorchScriptPredictor Layer 16] Shutdown complete
[TorchScriptPredictor Layer 17] Shutdown complete
[TorchScriptPredictor Layer 18] Shutdown complete
[TorchScriptPredictor Layer 19] Shutdown complete
[TorchScriptPredictor Layer 20] Shutdown complete
[TorchScriptPredictor Layer 21] Shutdown complete
[TorchScriptPredictor Layer 22] Shutdown complete
[TorchScriptPredictor Layer 23] Shutdown complete
[TorchScriptPredictor Layer 24] Shutdown complete
[TorchScriptPredictor Layer 25] Shutdown complete
[TorchScriptPredictor Layer 26] Shutdown complete
[TorchScriptPredictor Layer 27] Shutdown complete
[TorchScriptPredictor Layer 28] Shutdown complete
[TorchScriptPredictor Layer 29] Shutdown complete
[TorchScriptPredictor Layer 30] Shutdown complete
[TorchScriptPredictor Layer 31] Shutdown complete
[TorchScriptPredictor Layer 32] Shutdown complete
[TorchScriptPredictor Layer 33] Shutdown complete
[TorchScriptPredictor Layer 34] Shutdown complete
[TorchScriptPredictor Layer 35] Shutdown complete
[TorchScriptPredictor Layer 36] Shutdown complete
[TorchScriptPredictor Layer 37] Shutdown complete
[TorchScriptPredictor Layer 38] Shutdown complete
[TorchScriptPredictor Layer 39] Shutdown complete
[TorchScriptPredictor Layer 40] Shutdown complete
[TorchScriptPredictor Layer 41] Shutdown complete
[TorchScriptPredictor Layer 42] Shutdown complete
[TorchScriptPredictor Layer 43] Shutdown complete
[TorchScriptPredictor Layer 44] Shutdown complete
[TorchScriptPredictor Layer 45] Shutdown complete
[TorchScriptPredictor Layer 46] Shutdown complete
[TorchScriptPredictor Layer 47] Shutdown complete
============================================================
Initializing Qwen3 30B-A3B AWQ w4a16 quantized model...
============================================================
Loading quantized weights from QuixiAI/Qwen3-30B-A3B-AWQ...
Using saved safetensors: /home/michael/heteroPredict/py/unified_llm_w4a16/model_weights/Qwen3-30B-A3B-AWQ.safetensors
Expert weights dir: /home/michael/heteroPredict/py/unified_llm_w4a16/model_weights/Qwen3-30B-A3B-AWQ_packed  (format: packed)
Using existing attention weights in /home/michael/heteroPredict/py/unified_llm_w4a16/model_weights/Qwen3-30B-A3B-AWQ_unpacked
Weights loaded (expert dir override) in 0.29 seconds
Pre-warming expert cache with 64 experts...
Model initialized successfully!
Setting lambda to 1.0
Forced top-5 experts into cache mask.
Set expert cache policy to LFRU.

Running sweep using prompts from JSON: /tmp/tmpaqvirt34.json
Loaded 1 prompts for sweeping.

Processing Prompt 1/1...

============================================================
Generated text only:
============================================================
 Stephens , which was performed in 2001 at the Royal Court Theatre . He had a guest role in the television series Judge John Deed in 2002 . In 2004 Boulter landed a role as " Craig " in the episode " Teddy 's Story " of the television series The Long Firm ; he starred alongside actors Mark Strong and Derek Jacobi
============================================================

============================================================
Sweep Complete.
Average Time per Token: 0.271294
End-to-End TPS: 3.6860
Cache Stats: Hits=29911, Misses=425, HitRate=98.60%
Predictor Stats: Hits=2791, Total=3120, HitRate=89.46%
Initializing UnifiedLLMW4A16Impl_base
Using NPU config struct.
Configuring NPU (Base):
  Heterogeneity: gpu
  GPU Count: 1
  Debug Verbosity: 1
  Dummy Weights: false
  Warmup: false
  Preload MoE: true
  Minimal PDI: true
[GPU SELECT] Free VRAM ranking: gpu0=28.00/28.00 GiB
[GPU SELECT] Selected GPUs for gpu-count=1: [0]
[GPU MAP] Single-GPU placement on gpu0
[Predictor] Layer 0 model path resolved to: /home/michael/heteroPredict/trainingData/qwen3_30b/transformer_final_pfill_markov_emb/transformer_eh4_h64_f6/layer_0/best_jit.pt
[Predictor] Running on device: CPU (NPU path) (heterogeneity="gpu", predictor_device="cpu")
[ThreadedTorchScriptPredictor Layer 0] Detected history_length=4 from /home/michael/heteroPredict/trainingData/qwen3_30b/transformer_final_pfill_markov_emb/transformer_eh4_h64_f6/layer_0/best.json
[TorchScriptPredictor Layer 0] Loading model on CPU
[TorchScriptPredictor Layer 0] Assuming prefill_dist, prev_expert_onehot, and prev_layers_feat support (v3 API).
[TorchScriptPredictor Layer 0] prefill_dist support: yes, prev_expert_onehot support: yes, prev_layers_feat support: yes
[TorchScriptPredictor Layer 0] Loaded model: /home/michael/heteroPredict/trainingData/qwen3_30b/transformer_final_pfill_markov_emb/transformer_eh4_h64_f6/layer_0/best_jit.pt
[ThreadedTorchScriptPredictor Layer 1] Detected history_length=4 from /home/michael/heteroPredict/trainingData/qwen3_30b/transformer_final_pfill_markov_emb/transformer_eh4_h64_f6/layer_1/best.json
[TorchScriptPredictor Layer 1] Loading model on CPU
[TorchScriptPredictor Layer 1] Assuming prefill_dist, prev_expert_onehot, and prev_layers_feat support (v3 API).
[TorchScriptPredictor Layer 1] prefill_dist support: yes, prev_expert_onehot support: yes, prev_layers_feat support: yes
[TorchScriptPredictor Layer 1] Loaded model: /home/michael/heteroPredict/trainingData/qwen3_30b/transformer_final_pfill_markov_emb/transformer_eh4_h64_f6/layer_1/best_jit.pt
[ThreadedTorchScriptPredictor Layer 2] Detected history_length=4 from /home/michael/heteroPredict/trainingData/qwen3_30b/transformer_final_pfill_markov_emb/transformer_eh4_h64_f6/layer_2/best.json
[TorchScriptPredictor Layer 2] Loading model on CPU
[TorchScriptPredictor Layer 2] Assuming prefill_dist, prev_expert_onehot, and prev_layers_feat support (v3 API).
[TorchScriptPredictor Layer 2] prefill_dist support: yes, prev_expert_onehot support: yes, prev_layers_feat support: yes
[TorchScriptPredictor Layer 2] Loaded model: /home/michael/heteroPredict/trainingData/qwen3_30b/transformer_final_pfill_markov_emb/transformer_eh4_h64_f6/layer_2/best_jit.pt
[ThreadedTorchScriptPredictor Layer 3] Detected history_length=4 from /home/michael/heteroPredict/trainingData/qwen3_30b/transformer_final_pfill_markov_emb/transformer_eh4_h64_f6/layer_3/best.json
[TorchScriptPredictor Layer 3] Loading model on CPU
[TorchScriptPredictor Layer 3] Assuming prefill_dist, prev_expert_onehot, and prev_layers_feat support (v3 API).
[TorchScriptPredictor Layer 3] prefill_dist support: yes, prev_expert_onehot support: yes, prev_layers_feat support: yes
[TorchScriptPredictor Layer 3] Loaded model: /home/michael/heteroPredict/trainingData/qwen3_30b/transformer_final_pfill_markov_emb/transformer_eh4_h64_f6/layer_3/best_jit.pt
[ThreadedTorchScriptPredictor Layer 4] Detected history_length=4 from /home/michael/heteroPredict/trainingData/qwen3_30b/transformer_final_pfill_markov_emb/transformer_eh4_h64_f6/layer_4/best.json
[TorchScriptPredictor Layer 4] Loading model on CPU
[TorchScriptPredictor Layer 4] Assuming prefill_dist, prev_expert_onehot, and prev_layers_feat support (v3 API).
[TorchScriptPredictor Layer 4] prefill_dist support: yes, prev_expert_onehot support: yes, prev_layers_feat support: yes
[TorchScriptPredictor Layer 4] Loaded model: /home/michael/heteroPredict/trainingData/qwen3_30b/transformer_final_pfill_markov_emb/transformer_eh4_h64_f6/layer_4/best_jit.pt
[ThreadedTorchScriptPredictor Layer 5] Detected history_length=4 from /home/michael/heteroPredict/trainingData/qwen3_30b/transformer_final_pfill_markov_emb/transformer_eh4_h64_f6/layer_5/best.json
[TorchScriptPredictor Layer 5] Loading model on CPU
[TorchScriptPredictor Layer 5] Assuming prefill_dist, prev_expert_onehot, and prev_layers_feat support (v3 API).
[TorchScriptPredictor Layer 5] prefill_dist support: yes, prev_expert_onehot support: yes, prev_layers_feat support: yes
[TorchScriptPredictor Layer 5] Loaded model: /home/michael/heteroPredict/trainingData/qwen3_30b/transformer_final_pfill_markov_emb/transformer_eh4_h64_f6/layer_5/best_jit.pt
[ThreadedTorchScriptPredictor Layer 6] Detected history_length=4 from /home/michael/heteroPredict/trainingData/qwen3_30b/transformer_final_pfill_markov_emb/transformer_eh4_h64_f6/layer_6/best.json
[TorchScriptPredictor Layer 6] Loading model on CPU
[TorchScriptPredictor Layer 6] Assuming prefill_dist, prev_expert_onehot, and prev_layers_feat support (v3 API).
[TorchScriptPredictor Layer 6] prefill_dist support: yes, prev_expert_onehot support: yes, prev_layers_feat support: yes
[TorchScriptPredictor Layer 6] Loaded model: /home/michael/heteroPredict/trainingData/qwen3_30b/transformer_final_pfill_markov_emb/transformer_eh4_h64_f6/layer_6/best_jit.pt
[ThreadedTorchScriptPredictor Layer 7] Detected history_length=4 from /home/michael/heteroPredict/trainingData/qwen3_30b/transformer_final_pfill_markov_emb/transformer_eh4_h64_f6/layer_7/best.json
[TorchScriptPredictor Layer 7] Loading model on CPU
[TorchScriptPredictor Layer 7] Assuming prefill_dist, prev_expert_onehot, and prev_layers_feat support (v3 API).
[TorchScriptPredictor Layer 7] prefill_dist support: yes, prev_expert_onehot support: yes, prev_layers_feat support: yes
[TorchScriptPredictor Layer 7] Loaded model: /home/michael/heteroPredict/trainingData/qwen3_30b/transformer_final_pfill_markov_emb/transformer_eh4_h64_f6/layer_7/best_jit.pt
[ThreadedTorchScriptPredictor Layer 8] Detected history_length=4 from /home/michael/heteroPredict/trainingData/qwen3_30b/transformer_final_pfill_markov_emb/transformer_eh4_h64_f6/layer_8/best.json
[TorchScriptPredictor Layer 8] Loading model on CPU
[TorchScriptPredictor Layer 8] Assuming prefill_dist, prev_expert_onehot, and prev_layers_feat support (v3 API).
[TorchScriptPredictor Layer 8] prefill_dist support: yes, prev_expert_onehot support: yes, prev_layers_feat support: yes
[TorchScriptPredictor Layer 8] Loaded model: /home/michael/heteroPredict/trainingData/qwen3_30b/transformer_final_pfill_markov_emb/transformer_eh4_h64_f6/layer_8/best_jit.pt
[ThreadedTorchScriptPredictor Layer 9] Detected history_length=4 from /home/michael/heteroPredict/trainingData/qwen3_30b/transformer_final_pfill_markov_emb/transformer_eh4_h64_f6/layer_9/best.json
[TorchScriptPredictor Layer 9] Loading model on CPU
[TorchScriptPredictor Layer 9] Assuming prefill_dist, prev_expert_onehot, and prev_layers_feat support (v3 API).
[TorchScriptPredictor Layer 9] prefill_dist support: yes, prev_expert_onehot support: yes, prev_layers_feat support: yes
[TorchScriptPredictor Layer 9] Loaded model: /home/michael/heteroPredict/trainingData/qwen3_30b/transformer_final_pfill_markov_emb/transformer_eh4_h64_f6/layer_9/best_jit.pt
[ThreadedTorchScriptPredictor Layer 10] Detected history_length=4 from /home/michael/heteroPredict/trainingData/qwen3_30b/transformer_final_pfill_markov_emb/transformer_eh4_h64_f6/layer_10/best.json
[TorchScriptPredictor Layer 10] Loading model on CPU
[TorchScriptPredictor Layer 10] Assuming prefill_dist, prev_expert_onehot, and prev_layers_feat support (v3 API).
[TorchScriptPredictor Layer 10] prefill_dist support: yes, prev_expert_onehot support: yes, prev_layers_feat support: yes
[TorchScriptPredictor Layer 10] Loaded model: /home/michael/heteroPredict/trainingData/qwen3_30b/transformer_final_pfill_markov_emb/transformer_eh4_h64_f6/layer_10/best_jit.pt
[ThreadedTorchScriptPredictor Layer 11] Detected history_length=4 from /home/michael/heteroPredict/trainingData/qwen3_30b/transformer_final_pfill_markov_emb/transformer_eh4_h64_f6/layer_11/best.json
[TorchScriptPredictor Layer 11] Loading model on CPU
[TorchScriptPredictor Layer 11] Assuming prefill_dist, prev_expert_onehot, and prev_layers_feat support (v3 API).
[TorchScriptPredictor Layer 11] prefill_dist support: yes, prev_expert_onehot support: yes, prev_layers_feat support: yes
[TorchScriptPredictor Layer 11] Loaded model: /home/michael/heteroPredict/trainingData/qwen3_30b/transformer_final_pfill_markov_emb/transformer_eh4_h64_f6/layer_11/best_jit.pt
[ThreadedTorchScriptPredictor Layer 12] Detected history_length=4 from /home/michael/heteroPredict/trainingData/qwen3_30b/transformer_final_pfill_markov_emb/transformer_eh4_h64_f6/layer_12/best.json
[TorchScriptPredictor Layer 12] Loading model on CPU
[TorchScriptPredictor Layer 12] Assuming prefill_dist, prev_expert_onehot, and prev_layers_feat support (v3 API).
[TorchScriptPredictor Layer 12] prefill_dist support: yes, prev_expert_onehot support: yes, prev_layers_feat support: yes
[TorchScriptPredictor Layer 12] Loaded model: /home/michael/heteroPredict/trainingData/qwen3_30b/transformer_final_pfill_markov_emb/transformer_eh4_h64_f6/layer_12/best_jit.pt
[ThreadedTorchScriptPredictor Layer 13] Detected history_length=4 from /home/michael/heteroPredict/trainingData/qwen3_30b/transformer_final_pfill_markov_emb/transformer_eh4_h64_f6/layer_13/best.json
[TorchScriptPredictor Layer 13] Loading model on CPU
[TorchScriptPredictor Layer 13] Assuming prefill_dist, prev_expert_onehot, and prev_layers_feat support (v3 API).
[TorchScriptPredictor Layer 13] prefill_dist support: yes, prev_expert_onehot support: yes, prev_layers_feat support: yes
[TorchScriptPredictor Layer 13] Loaded model: /home/michael/heteroPredict/trainingData/qwen3_30b/transformer_final_pfill_markov_emb/transformer_eh4_h64_f6/layer_13/best_jit.pt
[ThreadedTorchScriptPredictor Layer 14] Detected history_length=4 from /home/michael/heteroPredict/trainingData/qwen3_30b/transformer_final_pfill_markov_emb/transformer_eh4_h64_f6/layer_14/best.json
[TorchScriptPredictor Layer 14] Loading model on CPU
[TorchScriptPredictor Layer 14] Assuming prefill_dist, prev_expert_onehot, and prev_layers_feat support (v3 API).
[TorchScriptPredictor Layer 14] prefill_dist support: yes, prev_expert_onehot support: yes, prev_layers_feat support: yes
[TorchScriptPredictor Layer 14] Loaded model: /home/michael/heteroPredict/trainingData/qwen3_30b/transformer_final_pfill_markov_emb/transformer_eh4_h64_f6/layer_14/best_jit.pt
[ThreadedTorchScriptPredictor Layer 15] Detected history_length=4 from /home/michael/heteroPredict/trainingData/qwen3_30b/transformer_final_pfill_markov_emb/transformer_eh4_h64_f6/layer_15/best.json
[TorchScriptPredictor Layer 15] Loading model on CPU
[TorchScriptPredictor Layer 15] Assuming prefill_dist, prev_expert_onehot, and prev_layers_feat support (v3 API).
[TorchScriptPredictor Layer 15] prefill_dist support: yes, prev_expert_onehot support: yes, prev_layers_feat support: yes
[TorchScriptPredictor Layer 15] Loaded model: /home/michael/heteroPredict/trainingData/qwen3_30b/transformer_final_pfill_markov_emb/transformer_eh4_h64_f6/layer_15/best_jit.pt
[ThreadedTorchScriptPredictor Layer 16] Detected history_length=4 from /home/michael/heteroPredict/trainingData/qwen3_30b/transformer_final_pfill_markov_emb/transformer_eh4_h64_f6/layer_16/best.json
[TorchScriptPredictor Layer 16] Loading model on CPU
[TorchScriptPredictor Layer 16] Assuming prefill_dist, prev_expert_onehot, and prev_layers_feat support (v3 API).
[TorchScriptPredictor Layer 16] prefill_dist support: yes, prev_expert_onehot support: yes, prev_layers_feat support: yes
[TorchScriptPredictor Layer 16] Loaded model: /home/michael/heteroPredict/trainingData/qwen3_30b/transformer_final_pfill_markov_emb/transformer_eh4_h64_f6/layer_16/best_jit.pt
[ThreadedTorchScriptPredictor Layer 17] Detected history_length=4 from /home/michael/heteroPredict/trainingData/qwen3_30b/transformer_final_pfill_markov_emb/transformer_eh4_h64_f6/layer_17/best.json
[TorchScriptPredictor Layer 17] Loading model on CPU
[TorchScriptPredictor Layer 17] Assuming prefill_dist, prev_expert_onehot, and prev_layers_feat support (v3 API).
[TorchScriptPredictor Layer 17] prefill_dist support: yes, prev_expert_onehot support: yes, prev_layers_feat support: yes
[TorchScriptPredictor Layer 17] Loaded model: /home/michael/heteroPredict/trainingData/qwen3_30b/transformer_final_pfill_markov_emb/transformer_eh4_h64_f6/layer_17/best_jit.pt
[ThreadedTorchScriptPredictor Layer 18] Detected history_length=4 from /home/michael/heteroPredict/trainingData/qwen3_30b/transformer_final_pfill_markov_emb/transformer_eh4_h64_f6/layer_18/best.json
[TorchScriptPredictor Layer 18] Loading model on CPU
[TorchScriptPredictor Layer 18] Assuming prefill_dist, prev_expert_onehot, and prev_layers_feat support (v3 API).
[TorchScriptPredictor Layer 18] prefill_dist support: yes, prev_expert_onehot support: yes, prev_layers_feat support: yes
[TorchScriptPredictor Layer 18] Loaded model: /home/michael/heteroPredict/trainingData/qwen3_30b/transformer_final_pfill_markov_emb/transformer_eh4_h64_f6/layer_18/best_jit.pt
[ThreadedTorchScriptPredictor Layer 19] Detected history_length=4 from /home/michael/heteroPredict/trainingData/qwen3_30b/transformer_final_pfill_markov_emb/transformer_eh4_h64_f6/layer_19/best.json
[TorchScriptPredictor Layer 19] Loading model on CPU
[TorchScriptPredictor Layer 19] Assuming prefill_dist, prev_expert_onehot, and prev_layers_feat support (v3 API).
[TorchScriptPredictor Layer 19] prefill_dist support: yes, prev_expert_onehot support: yes, prev_layers_feat support: yes
[TorchScriptPredictor Layer 19] Loaded model: /home/michael/heteroPredict/trainingData/qwen3_30b/transformer_final_pfill_markov_emb/transformer_eh4_h64_f6/layer_19/best_jit.pt
[ThreadedTorchScriptPredictor Layer 20] Detected history_length=4 from /home/michael/heteroPredict/trainingData/qwen3_30b/transformer_final_pfill_markov_emb/transformer_eh4_h64_f6/layer_20/best.json
[TorchScriptPredictor Layer 20] Loading model on CPU
[TorchScriptPredictor Layer 20] Assuming prefill_dist, prev_expert_onehot, and prev_layers_feat support (v3 API).
[TorchScriptPredictor Layer 20] prefill_dist support: yes, prev_expert_onehot support: yes, prev_layers_feat support: yes
[TorchScriptPredictor Layer 20] Loaded model: /home/michael/heteroPredict/trainingData/qwen3_30b/transformer_final_pfill_markov_emb/transformer_eh4_h64_f6/layer_20/best_jit.pt
[ThreadedTorchScriptPredictor Layer 21] Detected history_length=4 from /home/michael/heteroPredict/trainingData/qwen3_30b/transformer_final_pfill_markov_emb/transformer_eh4_h64_f6/layer_21/best.json
[TorchScriptPredictor Layer 21] Loading model on CPU
[TorchScriptPredictor Layer 21] Assuming prefill_dist, prev_expert_onehot, and prev_layers_feat support (v3 API).
[TorchScriptPredictor Layer 21] prefill_dist support: yes, prev_expert_onehot support: yes, prev_layers_feat support: yes
[TorchScriptPredictor Layer 21] Loaded model: /home/michael/heteroPredict/trainingData/qwen3_30b/transformer_final_pfill_markov_emb/transformer_eh4_h64_f6/layer_21/best_jit.pt
[ThreadedTorchScriptPredictor Layer 22] Detected history_length=4 from /home/michael/heteroPredict/trainingData/qwen3_30b/transformer_final_pfill_markov_emb/transformer_eh4_h64_f6/layer_22/best.json
[TorchScriptPredictor Layer 22] Loading model on CPU
[TorchScriptPredictor Layer 22] Assuming prefill_dist, prev_expert_onehot, and prev_layers_feat support (v3 API).
[TorchScriptPredictor Layer 22] prefill_dist support: yes, prev_expert_onehot support: yes, prev_layers_feat support: yes
[TorchScriptPredictor Layer 22] Loaded model: /home/michael/heteroPredict/trainingData/qwen3_30b/transformer_final_pfill_markov_emb/transformer_eh4_h64_f6/layer_22/best_jit.pt
[ThreadedTorchScriptPredictor Layer 23] Detected history_length=4 from /home/michael/heteroPredict/trainingData/qwen3_30b/transformer_final_pfill_markov_emb/transformer_eh4_h64_f6/layer_23/best.json
[TorchScriptPredictor Layer 23] Loading model on CPU
[TorchScriptPredictor Layer 23] Assuming prefill_dist, prev_expert_onehot, and prev_layers_feat support (v3 API).
[TorchScriptPredictor Layer 23] prefill_dist support: yes, prev_expert_onehot support: yes, prev_layers_feat support: yes
[TorchScriptPredictor Layer 23] Loaded model: /home/michael/heteroPredict/trainingData/qwen3_30b/transformer_final_pfill_markov_emb/transformer_eh4_h64_f6/layer_23/best_jit.pt
[ThreadedTorchScriptPredictor Layer 24] Detected history_length=4 from /home/michael/heteroPredict/trainingData/qwen3_30b/transformer_final_pfill_markov_emb/transformer_eh4_h64_f6/layer_24/best.json
[TorchScriptPredictor Layer 24] Loading model on CPU
[TorchScriptPredictor Layer 24] Assuming prefill_dist, prev_expert_onehot, and prev_layers_feat support (v3 API).
[TorchScriptPredictor Layer 24] prefill_dist support: yes, prev_expert_onehot support: yes, prev_layers_feat support: yes
[TorchScriptPredictor Layer 24] Loaded model: /home/michael/heteroPredict/trainingData/qwen3_30b/transformer_final_pfill_markov_emb/transformer_eh4_h64_f6/layer_24/best_jit.pt
[ThreadedTorchScriptPredictor Layer 25] Detected history_length=4 from /home/michael/heteroPredict/trainingData/qwen3_30b/transformer_final_pfill_markov_emb/transformer_eh4_h64_f6/layer_25/best.json
[TorchScriptPredictor Layer 25] Loading model on CPU
[TorchScriptPredictor Layer 25] Assuming prefill_dist, prev_expert_onehot, and prev_layers_feat support (v3 API).
[TorchScriptPredictor Layer 25] prefill_dist support: yes, prev_expert_onehot support: yes, prev_layers_feat support: yes
[TorchScriptPredictor Layer 25] Loaded model: /home/michael/heteroPredict/trainingData/qwen3_30b/transformer_final_pfill_markov_emb/transformer_eh4_h64_f6/layer_25/best_jit.pt
[ThreadedTorchScriptPredictor Layer 26] Detected history_length=4 from /home/michael/heteroPredict/trainingData/qwen3_30b/transformer_final_pfill_markov_emb/transformer_eh4_h64_f6/layer_26/best.json
[TorchScriptPredictor Layer 26] Loading model on CPU
[TorchScriptPredictor Layer 26] Assuming prefill_dist, prev_expert_onehot, and prev_layers_feat support (v3 API).
[TorchScriptPredictor Layer 26] prefill_dist support: yes, prev_expert_onehot support: yes, prev_layers_feat support: yes
[TorchScriptPredictor Layer 26] Loaded model: /home/michael/heteroPredict/trainingData/qwen3_30b/transformer_final_pfill_markov_emb/transformer_eh4_h64_f6/layer_26/best_jit.pt
[ThreadedTorchScriptPredictor Layer 27] Detected history_length=4 from /home/michael/heteroPredict/trainingData/qwen3_30b/transformer_final_pfill_markov_emb/transformer_eh4_h64_f6/layer_27/best.json
[TorchScriptPredictor Layer 27] Loading model on CPU
[TorchScriptPredictor Layer 27] Assuming prefill_dist, prev_expert_onehot, and prev_layers_feat support (v3 API).
[TorchScriptPredictor Layer 27] prefill_dist support: yes, prev_expert_onehot support: yes, prev_layers_feat support: yes
[TorchScriptPredictor Layer 27] Loaded model: /home/michael/heteroPredict/trainingData/qwen3_30b/transformer_final_pfill_markov_emb/transformer_eh4_h64_f6/layer_27/best_jit.pt
[ThreadedTorchScriptPredictor Layer 28] Detected history_length=4 from /home/michael/heteroPredict/trainingData/qwen3_30b/transformer_final_pfill_markov_emb/transformer_eh4_h64_f6/layer_28/best.json
[TorchScriptPredictor Layer 28] Loading model on CPU
[TorchScriptPredictor Layer 28] Assuming prefill_dist, prev_expert_onehot, and prev_layers_feat support (v3 API).
[TorchScriptPredictor Layer 28] prefill_dist support: yes, prev_expert_onehot support: yes, prev_layers_feat support: yes
[TorchScriptPredictor Layer 28] Loaded model: /home/michael/heteroPredict/trainingData/qwen3_30b/transformer_final_pfill_markov_emb/transformer_eh4_h64_f6/layer_28/best_jit.pt
[ThreadedTorchScriptPredictor Layer 29] Detected history_length=4 from /home/michael/heteroPredict/trainingData/qwen3_30b/transformer_final_pfill_markov_emb/transformer_eh4_h64_f6/layer_29/best.json
[TorchScriptPredictor Layer 29] Loading model on CPU
[TorchScriptPredictor Layer 29] Assuming prefill_dist, prev_expert_onehot, and prev_layers_feat support (v3 API).
[TorchScriptPredictor Layer 29] prefill_dist support: yes, prev_expert_onehot support: yes, prev_layers_feat support: yes
[TorchScriptPredictor Layer 29] Loaded model: /home/michael/heteroPredict/trainingData/qwen3_30b/transformer_final_pfill_markov_emb/transformer_eh4_h64_f6/layer_29/best_jit.pt
[ThreadedTorchScriptPredictor Layer 30] Detected history_length=4 from /home/michael/heteroPredict/trainingData/qwen3_30b/transformer_final_pfill_markov_emb/transformer_eh4_h64_f6/layer_30/best.json
[TorchScriptPredictor Layer 30] Loading model on CPU
[TorchScriptPredictor Layer 30] Assuming prefill_dist, prev_expert_onehot, and prev_layers_feat support (v3 API).
[TorchScriptPredictor Layer 30] prefill_dist support: yes, prev_expert_onehot support: yes, prev_layers_feat support: yes
[TorchScriptPredictor Layer 30] Loaded model: /home/michael/heteroPredict/trainingData/qwen3_30b/transformer_final_pfill_markov_emb/transformer_eh4_h64_f6/layer_30/best_jit.pt
[ThreadedTorchScriptPredictor Layer 31] Detected history_length=4 from /home/michael/heteroPredict/trainingData/qwen3_30b/transformer_final_pfill_markov_emb/transformer_eh4_h64_f6/layer_31/best.json
[TorchScriptPredictor Layer 31] Loading model on CPU
[TorchScriptPredictor Layer 31] Assuming prefill_dist, prev_expert_onehot, and prev_layers_feat support (v3 API).
[TorchScriptPredictor Layer 31] prefill_dist support: yes, prev_expert_onehot support: yes, prev_layers_feat support: yes
[TorchScriptPredictor Layer 31] Loaded model: /home/michael/heteroPredict/trainingData/qwen3_30b/transformer_final_pfill_markov_emb/transformer_eh4_h64_f6/layer_31/best_jit.pt
[ThreadedTorchScriptPredictor Layer 32] Detected history_length=4 from /home/michael/heteroPredict/trainingData/qwen3_30b/transformer_final_pfill_markov_emb/transformer_eh4_h64_f6/layer_32/best.json
[TorchScriptPredictor Layer 32] Loading model on CPU
[TorchScriptPredictor Layer 32] Assuming prefill_dist, prev_expert_onehot, and prev_layers_feat support (v3 API).
[TorchScriptPredictor Layer 32] prefill_dist support: yes, prev_expert_onehot support: yes, prev_layers_feat support: yes
[TorchScriptPredictor Layer 32] Loaded model: /home/michael/heteroPredict/trainingData/qwen3_30b/transformer_final_pfill_markov_emb/transformer_eh4_h64_f6/layer_32/best_jit.pt
[ThreadedTorchScriptPredictor Layer 33] Detected history_length=4 from /home/michael/heteroPredict/trainingData/qwen3_30b/transformer_final_pfill_markov_emb/transformer_eh4_h64_f6/layer_33/best.json
[TorchScriptPredictor Layer 33] Loading model on CPU
[TorchScriptPredictor Layer 33] Assuming prefill_dist, prev_expert_onehot, and prev_layers_feat support (v3 API).
[TorchScriptPredictor Layer 33] prefill_dist support: yes, prev_expert_onehot support: yes, prev_layers_feat support: yes
[TorchScriptPredictor Layer 33] Loaded model: /home/michael/heteroPredict/trainingData/qwen3_30b/transformer_final_pfill_markov_emb/transformer_eh4_h64_f6/layer_33/best_jit.pt
[ThreadedTorchScriptPredictor Layer 34] Detected history_length=4 from /home/michael/heteroPredict/trainingData/qwen3_30b/transformer_final_pfill_markov_emb/transformer_eh4_h64_f6/layer_34/best.json
[TorchScriptPredictor Layer 34] Loading model on CPU
[TorchScriptPredictor Layer 34] Assuming prefill_dist, prev_expert_onehot, and prev_layers_feat support (v3 API).
[TorchScriptPredictor Layer 34] prefill_dist support: yes, prev_expert_onehot support: yes, prev_layers_feat support: yes
[TorchScriptPredictor Layer 34] Loaded model: /home/michael/heteroPredict/trainingData/qwen3_30b/transformer_final_pfill_markov_emb/transformer_eh4_h64_f6/layer_34/best_jit.pt
[ThreadedTorchScriptPredictor Layer 35] Detected history_length=4 from /home/michael/heteroPredict/trainingData/qwen3_30b/transformer_final_pfill_markov_emb/transformer_eh4_h64_f6/layer_35/best.json
[TorchScriptPredictor Layer 35] Loading model on CPU
[TorchScriptPredictor Layer 35] Assuming prefill_dist, prev_expert_onehot, and prev_layers_feat support (v3 API).
[TorchScriptPredictor Layer 35] prefill_dist support: yes, prev_expert_onehot support: yes, prev_layers_feat support: yes
[TorchScriptPredictor Layer 35] Loaded model: /home/michael/heteroPredict/trainingData/qwen3_30b/transformer_final_pfill_markov_emb/transformer_eh4_h64_f6/layer_35/best_jit.pt
[ThreadedTorchScriptPredictor Layer 36] Detected history_length=4 from /home/michael/heteroPredict/trainingData/qwen3_30b/transformer_final_pfill_markov_emb/transformer_eh4_h64_f6/layer_36/best.json
[TorchScriptPredictor Layer 36] Loading model on CPU
[TorchScriptPredictor Layer 36] Assuming prefill_dist, prev_expert_onehot, and prev_layers_feat support (v3 API).
[TorchScriptPredictor Layer 36] prefill_dist support: yes, prev_expert_onehot support: yes, prev_layers_feat support: yes
[TorchScriptPredictor Layer 36] Loaded model: /home/michael/heteroPredict/trainingData/qwen3_30b/transformer_final_pfill_markov_emb/transformer_eh4_h64_f6/layer_36/best_jit.pt
[ThreadedTorchScriptPredictor Layer 37] Detected history_length=4 from /home/michael/heteroPredict/trainingData/qwen3_30b/transformer_final_pfill_markov_emb/transformer_eh4_h64_f6/layer_37/best.json
[TorchScriptPredictor Layer 37] Loading model on CPU
[TorchScriptPredictor Layer 37] Assuming prefill_dist, prev_expert_onehot, and prev_layers_feat support (v3 API).
[TorchScriptPredictor Layer 37] prefill_dist support: yes, prev_expert_onehot support: yes, prev_layers_feat support: yes
[TorchScriptPredictor Layer 37] Loaded model: /home/michael/heteroPredict/trainingData/qwen3_30b/transformer_final_pfill_markov_emb/transformer_eh4_h64_f6/layer_37/best_jit.pt
[ThreadedTorchScriptPredictor Layer 38] Detected history_length=4 from /home/michael/heteroPredict/trainingData/qwen3_30b/transformer_final_pfill_markov_emb/transformer_eh4_h64_f6/layer_38/best.json
[TorchScriptPredictor Layer 38] Loading model on CPU
[TorchScriptPredictor Layer 38] Assuming prefill_dist, prev_expert_onehot, and prev_layers_feat support (v3 API).
[TorchScriptPredictor Layer 38] prefill_dist support: yes, prev_expert_onehot support: yes, prev_layers_feat support: yes
[TorchScriptPredictor Layer 38] Loaded model: /home/michael/heteroPredict/trainingData/qwen3_30b/transformer_final_pfill_markov_emb/transformer_eh4_h64_f6/layer_38/best_jit.pt
[ThreadedTorchScriptPredictor Layer 39] Detected history_length=4 from /home/michael/heteroPredict/trainingData/qwen3_30b/transformer_final_pfill_markov_emb/transformer_eh4_h64_f6/layer_39/best.json
[TorchScriptPredictor Layer 39] Loading model on CPU
[TorchScriptPredictor Layer 39] Assuming prefill_dist, prev_expert_onehot, and prev_layers_feat support (v3 API).
[TorchScriptPredictor Layer 39] prefill_dist support: yes, prev_expert_onehot support: yes, prev_layers_feat support: yes
[TorchScriptPredictor Layer 39] Loaded model: /home/michael/heteroPredict/trainingData/qwen3_30b/transformer_final_pfill_markov_emb/transformer_eh4_h64_f6/layer_39/best_jit.pt
[ThreadedTorchScriptPredictor Layer 40] Detected history_length=4 from /home/michael/heteroPredict/trainingData/qwen3_30b/transformer_final_pfill_markov_emb/transformer_eh4_h64_f6/layer_40/best.json
[TorchScriptPredictor Layer 40] Loading model on CPU
[TorchScriptPredictor Layer 40] Assuming prefill_dist, prev_expert_onehot, and prev_layers_feat support (v3 API).
[TorchScriptPredictor Layer 40] prefill_dist support: yes, prev_expert_onehot support: yes, prev_layers_feat support: yes
[TorchScriptPredictor Layer 40] Loaded model: /home/michael/heteroPredict/trainingData/qwen3_30b/transformer_final_pfill_markov_emb/transformer_eh4_h64_f6/layer_40/best_jit.pt
[ThreadedTorchScriptPredictor Layer 41] Detected history_length=4 from /home/michael/heteroPredict/trainingData/qwen3_30b/transformer_final_pfill_markov_emb/transformer_eh4_h64_f6/layer_41/best.json
[TorchScriptPredictor Layer 41] Loading model on CPU
[TorchScriptPredictor Layer 41] Assuming prefill_dist, prev_expert_onehot, and prev_layers_feat support (v3 API).
[TorchScriptPredictor Layer 41] prefill_dist support: yes, prev_expert_onehot support: yes, prev_layers_feat support: yes
[TorchScriptPredictor Layer 41] Loaded model: /home/michael/heteroPredict/trainingData/qwen3_30b/transformer_final_pfill_markov_emb/transformer_eh4_h64_f6/layer_41/best_jit.pt
[ThreadedTorchScriptPredictor Layer 42] Detected history_length=4 from /home/michael/heteroPredict/trainingData/qwen3_30b/transformer_final_pfill_markov_emb/transformer_eh4_h64_f6/layer_42/best.json
[TorchScriptPredictor Layer 42] Loading model on CPU
[TorchScriptPredictor Layer 42] Assuming prefill_dist, prev_expert_onehot, and prev_layers_feat support (v3 API).
[TorchScriptPredictor Layer 42] prefill_dist support: yes, prev_expert_onehot support: yes, prev_layers_feat support: yes
[TorchScriptPredictor Layer 42] Loaded model: /home/michael/heteroPredict/trainingData/qwen3_30b/transformer_final_pfill_markov_emb/transformer_eh4_h64_f6/layer_42/best_jit.pt
[ThreadedTorchScriptPredictor Layer 43] Detected history_length=4 from /home/michael/heteroPredict/trainingData/qwen3_30b/transformer_final_pfill_markov_emb/transformer_eh4_h64_f6/layer_43/best.json
[TorchScriptPredictor Layer 43] Loading model on CPU
[TorchScriptPredictor Layer 43] Assuming prefill_dist, prev_expert_onehot, and prev_layers_feat support (v3 API).
[TorchScriptPredictor Layer 43] prefill_dist support: yes, prev_expert_onehot support: yes, prev_layers_feat support: yes
[TorchScriptPredictor Layer 43] Loaded model: /home/michael/heteroPredict/trainingData/qwen3_30b/transformer_final_pfill_markov_emb/transformer_eh4_h64_f6/layer_43/best_jit.pt
[ThreadedTorchScriptPredictor Layer 44] Detected history_length=4 from /home/michael/heteroPredict/trainingData/qwen3_30b/transformer_final_pfill_markov_emb/transformer_eh4_h64_f6/layer_44/best.json
[TorchScriptPredictor Layer 44] Loading model on CPU
[TorchScriptPredictor Layer 44] Assuming prefill_dist, prev_expert_onehot, and prev_layers_feat support (v3 API).
[TorchScriptPredictor Layer 44] prefill_dist support: yes, prev_expert_onehot support: yes, prev_layers_feat support: yes
[TorchScriptPredictor Layer 44] Loaded model: /home/michael/heteroPredict/trainingData/qwen3_30b/transformer_final_pfill_markov_emb/transformer_eh4_h64_f6/layer_44/best_jit.pt
[ThreadedTorchScriptPredictor Layer 45] Detected history_length=4 from /home/michael/heteroPredict/trainingData/qwen3_30b/transformer_final_pfill_markov_emb/transformer_eh4_h64_f6/layer_45/best.json
[TorchScriptPredictor Layer 45] Loading model on CPU
[TorchScriptPredictor Layer 45] Assuming prefill_dist, prev_expert_onehot, and prev_layers_feat support (v3 API).
[TorchScriptPredictor Layer 45] prefill_dist support: yes, prev_expert_onehot support: yes, prev_layers_feat support: yes
[TorchScriptPredictor Layer 45] Loaded model: /home/michael/heteroPredict/trainingData/qwen3_30b/transformer_final_pfill_markov_emb/transformer_eh4_h64_f6/layer_45/best_jit.pt
[ThreadedTorchScriptPredictor Layer 46] Detected history_length=4 from /home/michael/heteroPredict/trainingData/qwen3_30b/transformer_final_pfill_markov_emb/transformer_eh4_h64_f6/layer_46/best.json
[TorchScriptPredictor Layer 46] Loading model on CPU
[TorchScriptPredictor Layer 46] Assuming prefill_dist, prev_expert_onehot, and prev_layers_feat support (v3 API).
[TorchScriptPredictor Layer 46] prefill_dist support: yes, prev_expert_onehot support: yes, prev_layers_feat support: yes
[TorchScriptPredictor Layer 46] Loaded model: /home/michael/heteroPredict/trainingData/qwen3_30b/transformer_final_pfill_markov_emb/transformer_eh4_h64_f6/layer_46/best_jit.pt
[ThreadedTorchScriptPredictor Layer 47] Detected history_length=4 from /home/michael/heteroPredict/trainingData/qwen3_30b/transformer_final_pfill_markov_emb/transformer_eh4_h64_f6/layer_47/best.json
[TorchScriptPredictor Layer 47] Loading model on CPU
[TorchScriptPredictor Layer 47] Assuming prefill_dist, prev_expert_onehot, and prev_layers_feat support (v3 API).
[TorchScriptPredictor Layer 47] prefill_dist support: yes, prev_expert_onehot support: yes, prev_layers_feat support: yes
[TorchScriptPredictor Layer 47] Loaded model: /home/michael/heteroPredict/trainingData/qwen3_30b/transformer_final_pfill_markov_emb/transformer_eh4_h64_f6/layer_47/best_jit.pt
UnifiedLLMW4A16 moved to device: cuda:0
Preloading MoE kernels...
MoE kernels preloaded.
UnifiedLLMW4A16 initialized on device: cuda:0 with w4a16 quantization
[Predictor] Lookahead stride set to 6 (predictor fires every 6 decode tokens)
Loading non-quantized weights from safetensors (mmap): /home/michael/heteroPredict/py/unified_llm_w4a16/model_weights/Qwen3-30B-A3B-AWQ.safetensors
Loaded 243 non-quantized parameters, skipped 0
Loading quantized weights from bins: /home/michael/heteroPredict/py/unified_llm_w4a16/model_weights/Qwen3-30B-A3B-AWQ_unpacked
  Expert weights dir override: /home/michael/heteroPredict/py/unified_llm_w4a16/model_weights/Qwen3-30B-A3B-AWQ_packed
Pre-warming 64 experts for all layers...
Layer 0: Pre-warming 64 experts.
Layer 0: using packed expert format.
[MoE I/O] Expert weight reads require O_DIRECT (no buffered fallback).
Layer 1: Pre-warming 64 experts.
Layer 1: using packed expert format.
Layer 2: Pre-warming 64 experts.
Layer 2: using packed expert format.
Layer 3: Pre-warming 64 experts.
Layer 3: using packed expert format.
Prewarmed experts for layer 4/48
Layer 4: Pre-warming 64 experts.
Layer 4: using packed expert format.
Layer 5: Pre-warming 64 experts.
Layer 5: using packed expert format.
Layer 6: Pre-warming 64 experts.
Layer 6: using packed expert format.
Layer 7: Pre-warming 64 experts.
Layer 7: using packed expert format.
Prewarmed experts for layer 8/48
Layer 8: Pre-warming 64 experts.
Layer 8: using packed expert format.
Layer 9: Pre-warming 64 experts.
Layer 9: using packed expert format.
Layer 10: Pre-warming 64 experts.
Layer 10: using packed expert format.
Layer 11: Pre-warming 64 experts.
Layer 11: using packed expert format.
Prewarmed experts for layer 12/48
Layer 12: Pre-warming 64 experts.
Layer 12: using packed expert format.
Layer 13: Pre-warming 64 experts.
Layer 13: using packed expert format.
Layer 14: Pre-warming 64 experts.
Layer 14: using packed expert format.
Layer 15: Pre-warming 64 experts.
Layer 15: using packed expert format.
Prewarmed experts for layer 16/48
Layer 16: Pre-warming 64 experts.
Layer 16: using packed expert format.
Layer 17: Pre-warming 64 experts.
Layer 17: using packed expert format.
Layer 18: Pre-warming 64 experts.
Layer 18: using packed expert format.
Layer 19: Pre-warming 64 experts.
Layer 19: using packed expert format.
Prewarmed experts for layer 20/48
Layer 20: Pre-warming 64 experts.
Layer 20: using packed expert format.
Layer 21: Pre-warming 64 experts.
Layer 21: using packed expert format.
Layer 22: Pre-warming 64 experts.
Layer 22: using packed expert format.
Layer 23: Pre-warming 64 experts.
Layer 23: using packed expert format.
Prewarmed experts for layer 24/48
Layer 24: Pre-warming 64 experts.
Layer 24: using packed expert format.
Layer 25: Pre-warming 64 experts.
Layer 25: using packed expert format.
Layer 26: Pre-warming 64 experts.
Layer 26: using packed expert format.
Layer 27: Pre-warming 64 experts.
Layer 27: using packed expert format.
Prewarmed experts for layer 28/48
Layer 28: Pre-warming 64 experts.
Layer 28: using packed expert format.
Layer 29: Pre-warming 64 experts.
Layer 29: using packed expert format.
Layer 30: Pre-warming 64 experts.
Layer 30: using packed expert format.
Layer 31: Pre-warming 64 experts.
Layer 31: using packed expert format.
Prewarmed experts for layer 32/48
Layer 32: Pre-warming 64 experts.
Layer 32: using packed expert format.
Layer 33: Pre-warming 64 experts.
Layer 33: using packed expert format.
Layer 34: Pre-warming 64 experts.
Layer 34: using packed expert format.
Layer 35: Pre-warming 64 experts.
Layer 35: using packed expert format.
Prewarmed experts for layer 36/48
Layer 36: Pre-warming 64 experts.
Layer 36: using packed expert format.
Layer 37: Pre-warming 64 experts.
Layer 37: using packed expert format.
Layer 38: Pre-warming 64 experts.
Layer 38: using packed expert format.
Layer 39: Pre-warming 64 experts.
Layer 39: using packed expert format.
Prewarmed experts for layer 40/48
Layer 40: Pre-warming 64 experts.
Layer 40: using packed expert format.
Layer 41: Pre-warming 64 experts.
Layer 41: using packed expert format.
Layer 42: Pre-warming 64 experts.
Layer 42: using packed expert format.
Layer 43: Pre-warming 64 experts.
Layer 43: using packed expert format.
Prewarmed experts for layer 44/48
Layer 44: Pre-warming 64 experts.
Layer 44: using packed expert format.
Layer 45: Pre-warming 64 experts.
Layer 45: using packed expert format.
Layer 46: Pre-warming 64 experts.
Layer 46: using packed expert format.
Layer 47: Pre-warming 64 experts.
Layer 47: using packed expert format.
Prewarmed experts for layer 48/48
Libtorch input_ids shape: [1, 512]
Skipping warmup.
Prefill time: 13.3421 seconds
[Predictor] Prefill-end expert cache warmup (excluded from generation TPS).
[Layer 0 Warmup Debug] predict_sync returned: 89 28 120 95 46 76 72 119 92 33 118 62 102 0 100 104 32 22 38 4 111 61 110 74 2 122 29 16 47 53 14 101 126 97 9 49 51 87 64 77 91 78 93 63 124 48 58 24 70 75 81 80 50 82 66 103 12 21 117 69 67 18 107 106 84 3 112 105 31 86 41 116 90 83 125 73 57 35 13 11 68 60 7 6 17 71 44 34 23 37 27 19 45 85 40 25 30 43 99 42 109 26 56 121 65 39 114 96 108 54 115 10 123 55 15 8 88 94 113 59 5 20 98 1 36 52 79 127 
[Layer 0 Warmup Debug] experts_to_prefetch returned: 89 28 120 95 46 76 72 119 92 33 118 62 102 0 100 104 32 22 38 4 111 61 110 74 2 122 29 16 47 53 14 101 126 97 9 49 
[Layer 0 Warmup Debug] After prefill-end warmup, slots are: 0 32 22 38 4 2 29 16 72 47 74 53 76 14 9 49 81 82 83 84 85 86 87 88 89 91 92 93 94 95 97 98 99 100 101 102 103 104 105 106 107 109 110 111 112 114 115 116 117 118 119 120 121 122 123 124 125 126 127 28 46 61 62 33 
Generation phase
[Layer 0 Step 0 Debug] Slots before check: 0 32 22 38 4 2 29 16 72 47 74 53 76 14 9 49 81 82 83 84 85 86 87 88 89 91 92 93 94 95 97 98 99 100 101 102 103 104 105 106 107 109 110 111 112 114 115 116 117 118 119 120 121 122 123 124 125 126 127 28 46 61 62 33 
[Layer 0 Step 0 Debug] Requested: 28 92 33 89 4 124 22 87 
[gen 5/79] elapsed=0.5s  TPS=10.683
[gen 10/79] elapsed=1.1s  TPS=8.786
[gen 15/79] elapsed=1.7s  TPS=8.905
[gen 20/79] elapsed=2.1s  TPS=9.559
[gen 25/79] elapsed=2.5s  TPS=10.061
[gen 30/79] elapsed=3.0s  TPS=10.011
[gen 35/79] elapsed=3.5s  TPS=10.080
[gen 40/79] elapsed=3.8s  TPS=10.500
[gen 45/79] elapsed=4.2s  TPS=10.818
[gen 50/79] elapsed=4.5s  TPS=11.061
[gen 55/79] elapsed=5.0s  TPS=11.103
[gen 60/79] elapsed=5.3s  TPS=11.366
[gen 65/79] elapsed=5.7s  TPS=11.446
[gen 70/79] elapsed=6.0s  TPS=11.698
[gen 75/79] elapsed=6.4s  TPS=11.666
Prefill time (summary): 13.342 seconds
Total Generation Time: 6.739 seconds
Average Time per Token: 0.0853083 seconds

Expert Cache Statistics:
Layer 0 Cache Stats: Hits=591, Misses=41, HitRate=93.51%
    Predictor Routed-Expert HitRate=73.85% (48/65, routed_n=5, horizon=6)
    Predictor RoutedForcedN HitRate=73.85% (48/65)
    Predictor RoutedTopK HitRate=74.04% (77/104)
    Predicted RequestedByRouterForcedN Rate=10.26% (48/468)
    Predicted RequestedByRouterTopK Rate=16.45% (77/468)
    Predictor WindowRecall Rate=71.72% (317/442)
    Predictor WindowPrecision Rate=67.74% (317/468)
    Loads Per Step: 0Loads=47, 1Load=26, >1Load=6
    Bandwidth: StallLoads=41, PrefetchLoads=68, AvgLoadTime=3.10ms
    PrefetchOverlap: HiddenReady=50, HiddenWait=0, TicksSkipped=0
    MissCause: NotPresent=41, NotReadyStall=0
    PrefetchEff: Dropped=0, AlreadyCached=436, UsedBeforeEvict=50, EvictedBeforeUse=15
    GlobalSpecLoad: PeakConcurrent=8
    Predictor TopK matches: 0=0 1=1 >=2=12
Layer 1 Cache Stats: Hits=590, Misses=42, HitRate=93.35%
    Predictor Routed-Expert HitRate=66.15% (43/65, routed_n=5, horizon=6)
    Predictor RoutedForcedN HitRate=66.15% (43/65)
    Predictor RoutedTopK HitRate=65.38% (68/104)
    Predicted RequestedByRouterForcedN Rate=9.19% (43/468)
    Predicted RequestedByRouterTopK Rate=14.53% (68/468)
    Predictor WindowRecall Rate=68.36% (255/373)
    Predictor WindowPrecision Rate=54.49% (255/468)
    Loads Per Step: 0Loads=52, 1Load=14, >1Load=13
    Bandwidth: StallLoads=42, PrefetchLoads=62, AvgLoadTime=3.95ms
    PrefetchOverlap: HiddenReady=35, HiddenWait=0, TicksSkipped=0
    MissCause: NotPresent=42, NotReadyStall=0
    PrefetchEff: Dropped=0, AlreadyCached=442, UsedBeforeEvict=35, EvictedBeforeUse=21
    Predictor TopK matches: 0=0 1=1 >=2=12
Layer 2 Cache Stats: Hits=609, Misses=23, HitRate=96.36%
    Predictor Routed-Expert HitRate=81.54% (53/65, routed_n=5, horizon=6)
    Predictor RoutedForcedN HitRate=81.54% (53/65)
    Predictor RoutedTopK HitRate=81.73% (85/104)
    Predicted RequestedByRouterForcedN Rate=11.32% (53/468)
    Predicted RequestedByRouterTopK Rate=18.16% (85/468)
    Predictor WindowRecall Rate=73.89% (266/360)
    Predictor WindowPrecision Rate=56.84% (266/468)
    Loads Per Step: 0Loads=60, 1Load=15, >1Load=4
    Bandwidth: StallLoads=23, PrefetchLoads=25, AvgLoadTime=5.61ms
    PrefetchOverlap: HiddenReady=16, HiddenWait=0, TicksSkipped=0
    MissCause: NotPresent=23, NotReadyStall=0
    PrefetchEff: Dropped=0, AlreadyCached=479, UsedBeforeEvict=16, EvictedBeforeUse=9
    Predictor TopK matches: 0=0 1=0 >=2=13
Layer 3 Cache Stats: Hits=599, Misses=33, HitRate=94.78%
    Predictor Routed-Expert HitRate=58.46% (38/65, routed_n=5, horizon=6)
    Predictor RoutedForcedN HitRate=58.46% (38/65)
    Predictor RoutedTopK HitRate=66.35% (69/104)
    Predicted RequestedByRouterForcedN Rate=8.12% (38/468)
    Predicted RequestedByRouterTopK Rate=14.74% (69/468)
    Predictor WindowRecall Rate=67.58% (271/401)
    Predictor WindowPrecision Rate=57.91% (271/468)
    Loads Per Step: 0Loads=56, 1Load=16, >1Load=7
    Bandwidth: StallLoads=33, PrefetchLoads=48, AvgLoadTime=4.11ms
    PrefetchOverlap: HiddenReady=27, HiddenWait=0, TicksSkipped=0
    MissCause: NotPresent=33, NotReadyStall=0
    PrefetchEff: Dropped=0, AlreadyCached=456, UsedBeforeEvict=27, EvictedBeforeUse=18
    Predictor TopK matches: 0=0 1=1 >=2=12
Layer 4 Cache Stats: Hits=618, Misses=14, HitRate=97.78%
    Predictor Routed-Expert HitRate=86.15% (56/65, routed_n=5, horizon=6)
    Predictor RoutedForcedN HitRate=86.15% (56/65)
    Predictor RoutedTopK HitRate=82.69% (86/104)
    Predicted RequestedByRouterForcedN Rate=11.97% (56/468)
    Predicted RequestedByRouterTopK Rate=18.38% (86/468)
    Predictor WindowRecall Rate=78.16% (272/348)
    Predictor WindowPrecision Rate=58.12% (272/468)
    Loads Per Step: 0Loads=65, 1Load=14, >1Load=0
    Bandwidth: StallLoads=14, PrefetchLoads=29, AvgLoadTime=5.82ms
    PrefetchOverlap: HiddenReady=18, HiddenWait=0, TicksSkipped=0
    MissCause: NotPresent=14, NotReadyStall=0
    PrefetchEff: Dropped=0, AlreadyCached=475, UsedBeforeEvict=18, EvictedBeforeUse=9
    Predictor TopK matches: 0=0 1=0 >=2=13
Layer 5 Cache Stats: Hits=624, Misses=8, HitRate=98.73%
    Predictor Routed-Expert HitRate=86.15% (56/65, routed_n=5, horizon=6)
    Predictor RoutedForcedN HitRate=86.15% (56/65)
    Predictor RoutedTopK HitRate=85.58% (89/104)
    Predicted RequestedByRouterForcedN Rate=11.97% (56/468)
    Predicted RequestedByRouterTopK Rate=19.02% (89/468)
    Predictor WindowRecall Rate=82.30% (265/322)
    Predictor WindowPrecision Rate=56.62% (265/468)
    Loads Per Step: 0Loads=72, 1Load=6, >1Load=1
    Bandwidth: StallLoads=8, PrefetchLoads=19, AvgLoadTime=7.78ms
    PrefetchOverlap: HiddenReady=12, HiddenWait=0, TicksSkipped=0
    MissCause: NotPresent=8, NotReadyStall=0
    PrefetchEff: Dropped=0, AlreadyCached=485, UsedBeforeEvict=12, EvictedBeforeUse=4
    Predictor TopK matches: 0=0 1=0 >=2=13
Layer 6 Cache Stats: Hits=629, Misses=3, HitRate=99.53%
    Predictor Routed-Expert HitRate=95.38% (62/65, routed_n=5, horizon=6)
    Predictor RoutedForcedN HitRate=95.38% (62/65)
    Predictor RoutedTopK HitRate=95.19% (99/104)
    Predicted RequestedByRouterForcedN Rate=13.25% (62/468)
    Predicted RequestedByRouterTopK Rate=21.15% (99/468)
    Predictor WindowRecall Rate=92.47% (258/279)
    Predictor WindowPrecision Rate=55.13% (258/468)
    Loads Per Step: 0Loads=76, 1Load=3, >1Load=0
    Bandwidth: StallLoads=3, PrefetchLoads=14, AvgLoadTime=10.55ms
    PrefetchOverlap: HiddenReady=6, HiddenWait=0, TicksSkipped=0
    MissCause: NotPresent=3, NotReadyStall=0
    PrefetchEff: Dropped=0, AlreadyCached=490, UsedBeforeEvict=6, EvictedBeforeUse=0
    Predictor TopK matches: 0=0 1=0 >=2=13
Layer 7 Cache Stats: Hits=632, Misses=0, HitRate=100.00%
    Predictor Routed-Expert HitRate=98.46% (64/65, routed_n=5, horizon=6)
    Predictor RoutedForcedN HitRate=98.46% (64/65)
    Predictor RoutedTopK HitRate=94.23% (98/104)
    Predicted RequestedByRouterForcedN Rate=13.68% (64/468)
    Predicted RequestedByRouterTopK Rate=20.94% (98/468)
    Predictor WindowRecall Rate=93.20% (233/250)
    Predictor WindowPrecision Rate=49.79% (233/468)
    Loads Per Step: 0Loads=79, 1Load=0, >1Load=0
    Bandwidth: StallLoads=0, PrefetchLoads=16, AvgLoadTime=11.13ms
    PrefetchOverlap: HiddenReady=6, HiddenWait=0, TicksSkipped=0
    PrefetchEff: Dropped=0, AlreadyCached=488, UsedBeforeEvict=6, EvictedBeforeUse=0
    Predictor TopK matches: 0=0 1=0 >=2=13
Layer 8 Cache Stats: Hits=625, Misses=7, HitRate=98.89%
    Predictor Routed-Expert HitRate=89.23% (58/65, routed_n=5, horizon=6)
    Predictor RoutedForcedN HitRate=89.23% (58/65)
    Predictor RoutedTopK HitRate=91.35% (95/104)
    Predicted RequestedByRouterForcedN Rate=12.39% (58/468)
    Predicted RequestedByRouterTopK Rate=20.30% (95/468)
    Predictor WindowRecall Rate=86.25% (276/320)
    Predictor WindowPrecision Rate=58.97% (276/468)
    Loads Per Step: 0Loads=73, 1Load=5, >1Load=1
    Bandwidth: StallLoads=7, PrefetchLoads=21, AvgLoadTime=7.10ms
    PrefetchOverlap: HiddenReady=17, HiddenWait=0, TicksSkipped=0
    MissCause: NotPresent=7, NotReadyStall=0
    PrefetchEff: Dropped=0, AlreadyCached=483, UsedBeforeEvict=17, EvictedBeforeUse=3
    Predictor TopK matches: 0=0 1=0 >=2=13
Layer 9 Cache Stats: Hits=630, Misses=2, HitRate=99.68%
    Predictor Routed-Expert HitRate=90.77% (59/65, routed_n=5, horizon=6)
    Predictor RoutedForcedN HitRate=90.77% (59/65)
    Predictor RoutedTopK HitRate=90.38% (94/104)
    Predicted RequestedByRouterForcedN Rate=12.61% (59/468)
    Predicted RequestedByRouterTopK Rate=20.09% (94/468)
    Predictor WindowRecall Rate=90.55% (249/275)
    Predictor WindowPrecision Rate=53.21% (249/468)
    Loads Per Step: 0Loads=77, 1Load=2, >1Load=0
    Bandwidth: StallLoads=2, PrefetchLoads=24, AvgLoadTime=7.47ms
    PrefetchOverlap: HiddenReady=14, HiddenWait=0, TicksSkipped=0
    MissCause: NotPresent=2, NotReadyStall=0
    PrefetchEff: Dropped=0, AlreadyCached=480, UsedBeforeEvict=14, EvictedBeforeUse=4
    Predictor TopK matches: 0=0 1=0 >=2=13
Layer 10 Cache Stats: Hits=624, Misses=8, HitRate=98.73%
    Predictor Routed-Expert HitRate=89.23% (58/65, routed_n=5, horizon=6)
    Predictor RoutedForcedN HitRate=89.23% (58/65)
    Predictor RoutedTopK HitRate=86.54% (90/104)
    Predicted RequestedByRouterForcedN Rate=12.39% (58/468)
    Predicted RequestedByRouterTopK Rate=19.23% (90/468)
    Predictor WindowRecall Rate=86.18% (262/304)
    Predictor WindowPrecision Rate=55.98% (262/468)
    Loads Per Step: 0Loads=71, 1Load=8, >1Load=0
    Bandwidth: StallLoads=8, PrefetchLoads=21, AvgLoadTime=9.25ms
    PrefetchOverlap: HiddenReady=15, HiddenWait=0, TicksSkipped=0
    MissCause: NotPresent=8, NotReadyStall=0
    PrefetchEff: Dropped=0, AlreadyCached=483, UsedBeforeEvict=15, EvictedBeforeUse=2
    Predictor TopK matches: 0=0 1=0 >=2=13
Layer 11 Cache Stats: Hits=625, Misses=7, HitRate=98.89%
    Predictor Routed-Expert HitRate=83.08% (54/65, routed_n=5, horizon=6)
    Predictor RoutedForcedN HitRate=83.08% (54/65)
    Predictor RoutedTopK HitRate=80.77% (84/104)
    Predicted RequestedByRouterForcedN Rate=11.54% (54/468)
    Predicted RequestedByRouterTopK Rate=17.95% (84/468)
    Predictor WindowRecall Rate=82.93% (277/334)
    Predictor WindowPrecision Rate=59.19% (277/468)
    Loads Per Step: 0Loads=72, 1Load=7, >1Load=0
    Bandwidth: StallLoads=7, PrefetchLoads=25, AvgLoadTime=8.21ms
    PrefetchOverlap: HiddenReady=18, HiddenWait=0, TicksSkipped=0
    MissCause: NotPresent=7, NotReadyStall=0
    PrefetchEff: Dropped=0, AlreadyCached=479, UsedBeforeEvict=18, EvictedBeforeUse=3
    Predictor TopK matches: 0=0 1=0 >=2=13
Layer 12 Cache Stats: Hits=630, Misses=2, HitRate=99.68%
    Predictor Routed-Expert HitRate=90.77% (59/65, routed_n=5, horizon=6)
    Predictor RoutedForcedN HitRate=90.77% (59/65)
    Predictor RoutedTopK HitRate=86.54% (90/104)
    Predicted RequestedByRouterForcedN Rate=12.61% (59/468)
    Predicted RequestedByRouterTopK Rate=19.23% (90/468)
    Predictor WindowRecall Rate=87.12% (230/264)
    Predictor WindowPrecision Rate=49.15% (230/468)
    Loads Per Step: 0Loads=77, 1Load=2, >1Load=0
    Bandwidth: StallLoads=2, PrefetchLoads=21, AvgLoadTime=9.24ms
    PrefetchOverlap: HiddenReady=10, HiddenWait=0, TicksSkipped=0
    MissCause: NotPresent=2, NotReadyStall=0
    PrefetchEff: Dropped=0, AlreadyCached=483, UsedBeforeEvict=10, EvictedBeforeUse=3
    Predictor TopK matches: 0=0 1=0 >=2=13
Layer 13 Cache Stats: Hits=625, Misses=7, HitRate=98.89%
    Predictor Routed-Expert HitRate=73.85% (48/65, routed_n=5, horizon=6)
    Predictor RoutedForcedN HitRate=73.85% (48/65)
    Predictor RoutedTopK HitRate=75.96% (79/104)
    Predicted RequestedByRouterForcedN Rate=10.26% (48/468)
    Predicted RequestedByRouterTopK Rate=16.88% (79/468)
    Predictor WindowRecall Rate=78.57% (275/350)
    Predictor WindowPrecision Rate=58.76% (275/468)
    Loads Per Step: 0Loads=72, 1Load=7, >1Load=0
    Bandwidth: StallLoads=7, PrefetchLoads=32, AvgLoadTime=7.57ms
    PrefetchOverlap: HiddenReady=25, HiddenWait=0, TicksSkipped=0
    MissCause: NotPresent=7, NotReadyStall=0
    PrefetchEff: Dropped=0, AlreadyCached=472, UsedBeforeEvict=25, EvictedBeforeUse=6
    Predictor TopK matches: 0=0 1=1 >=2=12
Layer 14 Cache Stats: Hits=624, Misses=8, HitRate=98.73%
    Predictor Routed-Expert HitRate=84.62% (55/65, routed_n=5, horizon=6)
    Predictor RoutedForcedN HitRate=84.62% (55/65)
    Predictor RoutedTopK HitRate=85.58% (89/104)
    Predicted RequestedByRouterForcedN Rate=11.75% (55/468)
    Predicted RequestedByRouterTopK Rate=19.02% (89/468)
    Predictor WindowRecall Rate=87.97% (256/291)
    Predictor WindowPrecision Rate=54.70% (256/468)
    Loads Per Step: 0Loads=71, 1Load=8, >1Load=0
    Bandwidth: StallLoads=8, PrefetchLoads=16, AvgLoadTime=8.88ms
    PrefetchOverlap: HiddenReady=11, HiddenWait=0, TicksSkipped=0
    MissCause: NotPresent=8, NotReadyStall=0
    PrefetchEff: Dropped=0, AlreadyCached=488, UsedBeforeEvict=11, EvictedBeforeUse=3
    Predictor TopK matches: 0=0 1=0 >=2=13
Layer 15 Cache Stats: Hits=631, Misses=1, HitRate=99.84%
    Predictor Routed-Expert HitRate=92.31% (60/65, routed_n=5, horizon=6)
    Predictor RoutedForcedN HitRate=92.31% (60/65)
    Predictor RoutedTopK HitRate=93.27% (97/104)
    Predicted RequestedByRouterForcedN Rate=12.82% (60/468)
    Predicted RequestedByRouterTopK Rate=20.73% (97/468)
    Predictor WindowRecall Rate=89.06% (236/265)
    Predictor WindowPrecision Rate=50.43% (236/468)
    Loads Per Step: 0Loads=78, 1Load=1, >1Load=0
    Bandwidth: StallLoads=1, PrefetchLoads=12, AvgLoadTime=14.33ms
    PrefetchOverlap: HiddenReady=7, HiddenWait=0, TicksSkipped=0
    MissCause: NotPresent=1, NotReadyStall=0
    PrefetchEff: Dropped=0, AlreadyCached=492, UsedBeforeEvict=7, EvictedBeforeUse=0
    Predictor TopK matches: 0=0 1=0 >=2=13
Layer 16 Cache Stats: Hits=628, Misses=4, HitRate=99.37%
    Predictor Routed-Expert HitRate=81.54% (53/65, routed_n=5, horizon=6)
    Predictor RoutedForcedN HitRate=81.54% (53/65)
    Predictor RoutedTopK HitRate=81.73% (85/104)
    Predicted RequestedByRouterForcedN Rate=11.32% (53/468)
    Predicted RequestedByRouterTopK Rate=18.16% (85/468)
    Predictor WindowRecall Rate=80.82% (236/292)
    Predictor WindowPrecision Rate=50.43% (236/468)
    Loads Per Step: 0Loads=75, 1Load=4, >1Load=0
    Bandwidth: StallLoads=4, PrefetchLoads=17, AvgLoadTime=13.14ms
    PrefetchOverlap: HiddenReady=12, HiddenWait=0, TicksSkipped=0
    MissCause: NotPresent=4, NotReadyStall=0
    PrefetchEff: Dropped=0, AlreadyCached=487, UsedBeforeEvict=12, EvictedBeforeUse=3
    Predictor TopK matches: 0=0 1=0 >=2=13
Layer 17 Cache Stats: Hits=623, Misses=9, HitRate=98.58%
    Predictor Routed-Expert HitRate=87.69% (57/65, routed_n=5, horizon=6)
    Predictor RoutedForcedN HitRate=87.69% (57/65)
    Predictor RoutedTopK HitRate=82.69% (86/104)
    Predicted RequestedByRouterForcedN Rate=12.18% (57/468)
    Predicted RequestedByRouterTopK Rate=18.38% (86/468)
    Predictor WindowRecall Rate=80.94% (259/320)
    Predictor WindowPrecision Rate=55.34% (259/468)
    Loads Per Step: 0Loads=70, 1Load=9, >1Load=0
    Bandwidth: StallLoads=9, PrefetchLoads=23, AvgLoadTime=8.84ms
    PrefetchOverlap: HiddenReady=15, HiddenWait=0, TicksSkipped=0
    MissCause: NotPresent=9, NotReadyStall=0
    PrefetchEff: Dropped=0, AlreadyCached=481, UsedBeforeEvict=15, EvictedBeforeUse=4
    Predictor TopK matches: 0=0 1=0 >=2=13
Layer 18 Cache Stats: Hits=630, Misses=2, HitRate=99.68%
    Predictor Routed-Expert HitRate=95.38% (62/65, routed_n=5, horizon=6)
    Predictor RoutedForcedN HitRate=95.38% (62/65)
    Predictor RoutedTopK HitRate=92.31% (96/104)
    Predicted RequestedByRouterForcedN Rate=13.25% (62/468)
    Predicted RequestedByRouterTopK Rate=20.51% (96/468)
    Predictor WindowRecall Rate=89.92% (232/258)
    Predictor WindowPrecision Rate=49.57% (232/468)
    Loads Per Step: 0Loads=77, 1Load=2, >1Load=0
    Bandwidth: StallLoads=2, PrefetchLoads=15, AvgLoadTime=10.52ms
    PrefetchOverlap: HiddenReady=7, HiddenWait=0, TicksSkipped=0
    MissCause: NotPresent=2, NotReadyStall=0
    PrefetchEff: Dropped=0, AlreadyCached=489, UsedBeforeEvict=7, EvictedBeforeUse=2
    Predictor TopK matches: 0=0 1=0 >=2=13
Layer 19 Cache Stats: Hits=630, Misses=2, HitRate=99.68%
    Predictor Routed-Expert HitRate=96.92% (63/65, routed_n=5, horizon=6)
    Predictor RoutedForcedN HitRate=96.92% (63/65)
    Predictor RoutedTopK HitRate=96.15% (100/104)
    Predicted RequestedByRouterForcedN Rate=13.46% (63/468)
    Predicted RequestedByRouterTopK Rate=21.37% (100/468)
    Predictor WindowRecall Rate=95.22% (219/230)
    Predictor WindowPrecision Rate=46.79% (219/468)
    Loads Per Step: 0Loads=77, 1Load=2, >1Load=0
    Bandwidth: StallLoads=2, PrefetchLoads=7, AvgLoadTime=15.69ms
    PrefetchOverlap: HiddenReady=3, HiddenWait=0, TicksSkipped=0
    MissCause: NotPresent=2, NotReadyStall=0
    PrefetchEff: Dropped=0, AlreadyCached=497, UsedBeforeEvict=3, EvictedBeforeUse=0
    Predictor TopK matches: 0=0 1=0 >=2=13
Layer 20 Cache Stats: Hits=627, Misses=5, HitRate=99.21%
    Predictor Routed-Expert HitRate=92.31% (60/65, routed_n=5, horizon=6)
    Predictor RoutedForcedN HitRate=92.31% (60/65)
    Predictor RoutedTopK HitRate=89.42% (93/104)
    Predicted RequestedByRouterForcedN Rate=12.82% (60/468)
    Predicted RequestedByRouterTopK Rate=19.87% (93/468)
    Predictor WindowRecall Rate=89.49% (247/276)
    Predictor WindowPrecision Rate=52.78% (247/468)
    Loads Per Step: 0Loads=74, 1Load=5, >1Load=0
    Bandwidth: StallLoads=5, PrefetchLoads=16, AvgLoadTime=8.10ms
    PrefetchOverlap: HiddenReady=9, HiddenWait=0, TicksSkipped=0
    MissCause: NotPresent=5, NotReadyStall=0
    PrefetchEff: Dropped=0, AlreadyCached=488, UsedBeforeEvict=9, EvictedBeforeUse=2
    Predictor TopK matches: 0=0 1=0 >=2=13
Layer 21 Cache Stats: Hits=631, Misses=1, HitRate=99.84%
    Predictor Routed-Expert HitRate=93.85% (61/65, routed_n=5, horizon=6)
    Predictor RoutedForcedN HitRate=93.85% (61/65)
    Predictor RoutedTopK HitRate=88.46% (92/104)
    Predicted RequestedByRouterForcedN Rate=13.03% (61/468)
    Predicted RequestedByRouterTopK Rate=19.66% (92/468)
    Predictor WindowRecall Rate=91.90% (227/247)
    Predictor WindowPrecision Rate=48.50% (227/468)
    Loads Per Step: 0Loads=78, 1Load=1, >1Load=0
    Bandwidth: StallLoads=1, PrefetchLoads=19, AvgLoadTime=9.86ms
    PrefetchOverlap: HiddenReady=9, HiddenWait=0, TicksSkipped=0
    MissCause: NotPresent=1, NotReadyStall=0
    PrefetchEff: Dropped=0, AlreadyCached=485, UsedBeforeEvict=9, EvictedBeforeUse=0
    Predictor TopK matches: 0=0 1=0 >=2=13
Layer 22 Cache Stats: Hits=626, Misses=6, HitRate=99.05%
    Predictor Routed-Expert HitRate=93.85% (61/65, routed_n=5, horizon=6)
    Predictor RoutedForcedN HitRate=93.85% (61/65)
    Predictor RoutedTopK HitRate=90.38% (94/104)
    Predicted RequestedByRouterForcedN Rate=13.03% (61/468)
    Predicted RequestedByRouterTopK Rate=20.09% (94/468)
    Predictor WindowRecall Rate=86.84% (264/304)
    Predictor WindowPrecision Rate=56.41% (264/468)
    Loads Per Step: 0Loads=74, 1Load=4, >1Load=1
    Bandwidth: StallLoads=6, PrefetchLoads=28, AvgLoadTime=6.76ms
    PrefetchOverlap: HiddenReady=15, HiddenWait=0, TicksSkipped=0
    MissCause: NotPresent=6, NotReadyStall=0
    PrefetchEff: Dropped=0, AlreadyCached=476, UsedBeforeEvict=15, EvictedBeforeUse=6
    Predictor TopK matches: 0=0 1=0 >=2=13
Layer 23 Cache Stats: Hits=614, Misses=18, HitRate=97.15%
    Predictor Routed-Expert HitRate=78.46% (51/65, routed_n=5, horizon=6)
    Predictor RoutedForcedN HitRate=78.46% (51/65)
    Predictor RoutedTopK HitRate=76.92% (80/104)
    Predicted RequestedByRouterForcedN Rate=10.90% (51/468)
    Predicted RequestedByRouterTopK Rate=17.09% (80/468)
    Predictor WindowRecall Rate=79.70% (267/335)
    Predictor WindowPrecision Rate=57.05% (267/468)
    Loads Per Step: 0Loads=65, 1Load=12, >1Load=2
    Bandwidth: StallLoads=18, PrefetchLoads=21, AvgLoadTime=6.80ms
    PrefetchOverlap: HiddenReady=18, HiddenWait=0, TicksSkipped=0
    MissCause: NotPresent=18, NotReadyStall=0
    PrefetchEff: Dropped=0, AlreadyCached=483, UsedBeforeEvict=18, EvictedBeforeUse=2
    Predictor TopK matches: 0=0 1=1 >=2=12
Layer 24 Cache Stats: Hits=625, Misses=7, HitRate=98.89%
    Predictor Routed-Expert HitRate=96.92% (63/65, routed_n=5, horizon=6)
    Predictor RoutedForcedN HitRate=96.92% (63/65)
    Predictor RoutedTopK HitRate=93.27% (97/104)
    Predicted RequestedByRouterForcedN Rate=13.46% (63/468)
    Predicted RequestedByRouterTopK Rate=20.73% (97/468)
    Predictor WindowRecall Rate=84.45% (239/283)
    Predictor WindowPrecision Rate=51.07% (239/468)
    Loads Per Step: 0Loads=73, 1Load=5, >1Load=1
    Bandwidth: StallLoads=7, PrefetchLoads=15, AvgLoadTime=7.41ms
    PrefetchOverlap: HiddenReady=9, HiddenWait=0, TicksSkipped=0
    MissCause: NotPresent=7, NotReadyStall=0
    PrefetchEff: Dropped=0, AlreadyCached=489, UsedBeforeEvict=9, EvictedBeforeUse=2
    Predictor TopK matches: 0=0 1=0 >=2=13
Layer 25 Cache Stats: Hits=621, Misses=11, HitRate=98.26%
    Predictor Routed-Expert HitRate=87.69% (57/65, routed_n=5, horizon=6)
    Predictor RoutedForcedN HitRate=87.69% (57/65)
    Predictor RoutedTopK HitRate=83.65% (87/104)
    Predicted RequestedByRouterForcedN Rate=12.18% (57/468)
    Predicted RequestedByRouterTopK Rate=18.59% (87/468)
    Predictor WindowRecall Rate=77.84% (274/352)
    Predictor WindowPrecision Rate=58.55% (274/468)
    Loads Per Step: 0Loads=69, 1Load=9, >1Load=1
    Bandwidth: StallLoads=11, PrefetchLoads=25, AvgLoadTime=7.61ms
    PrefetchOverlap: HiddenReady=17, HiddenWait=0, TicksSkipped=0
    MissCause: NotPresent=11, NotReadyStall=0
    PrefetchEff: Dropped=0, AlreadyCached=479, UsedBeforeEvict=17, EvictedBeforeUse=7
    Predictor TopK matches: 0=0 1=0 >=2=13
Layer 26 Cache Stats: Hits=628, Misses=4, HitRate=99.37%
    Predictor Routed-Expert HitRate=89.23% (58/65, routed_n=5, horizon=6)
    Predictor RoutedForcedN HitRate=89.23% (58/65)
    Predictor RoutedTopK HitRate=89.42% (93/104)
    Predicted RequestedByRouterForcedN Rate=12.39% (58/468)
    Predicted RequestedByRouterTopK Rate=19.87% (93/468)
    Predictor WindowRecall Rate=83.77% (258/308)
    Predictor WindowPrecision Rate=55.13% (258/468)
    Loads Per Step: 0Loads=75, 1Load=4, >1Load=0
    Bandwidth: StallLoads=4, PrefetchLoads=13, AvgLoadTime=11.68ms
    PrefetchOverlap: HiddenReady=11, HiddenWait=0, TicksSkipped=0
    MissCause: NotPresent=4, NotReadyStall=0
    PrefetchEff: Dropped=0, AlreadyCached=491, UsedBeforeEvict=11, EvictedBeforeUse=0
    Predictor TopK matches: 0=0 1=0 >=2=13
Layer 27 Cache Stats: Hits=631, Misses=1, HitRate=99.84%
    Predictor Routed-Expert HitRate=93.85% (61/65, routed_n=5, horizon=6)
    Predictor RoutedForcedN HitRate=93.85% (61/65)
    Predictor RoutedTopK HitRate=92.31% (96/104)
    Predicted RequestedByRouterForcedN Rate=13.03% (61/468)
    Predicted RequestedByRouterTopK Rate=20.51% (96/468)
    Predictor WindowRecall Rate=89.13% (246/276)
    Predictor WindowPrecision Rate=52.56% (246/468)
    Loads Per Step: 0Loads=78, 1Load=1, >1Load=0
    Bandwidth: StallLoads=1, PrefetchLoads=16, AvgLoadTime=11.22ms
    PrefetchOverlap: HiddenReady=8, HiddenWait=0, TicksSkipped=0
    MissCause: NotPresent=1, NotReadyStall=0
    PrefetchEff: Dropped=0, AlreadyCached=488, UsedBeforeEvict=8, EvictedBeforeUse=1
    Predictor TopK matches: 0=0 1=0 >=2=13
Layer 28 Cache Stats: Hits=628, Misses=4, HitRate=99.37%
    Predictor Routed-Expert HitRate=84.62% (55/65, routed_n=5, horizon=6)
    Predictor RoutedForcedN HitRate=84.62% (55/65)
    Predictor RoutedTopK HitRate=82.69% (86/104)
    Predicted RequestedByRouterForcedN Rate=11.75% (55/468)
    Predicted RequestedByRouterTopK Rate=18.38% (86/468)
    Predictor WindowRecall Rate=82.03% (242/295)
    Predictor WindowPrecision Rate=51.71% (242/468)
    Loads Per Step: 0Loads=75, 1Load=4, >1Load=0
    Bandwidth: StallLoads=4, PrefetchLoads=18, AvgLoadTime=8.95ms
    PrefetchOverlap: HiddenReady=13, HiddenWait=0, TicksSkipped=0
    MissCause: NotPresent=4, NotReadyStall=0
    PrefetchEff: Dropped=0, AlreadyCached=486, UsedBeforeEvict=13, EvictedBeforeUse=3
    Predictor TopK matches: 0=0 1=0 >=2=13
Layer 29 Cache Stats: Hits=624, Misses=8, HitRate=98.73%
    Predictor Routed-Expert HitRate=92.31% (60/65, routed_n=5, horizon=6)
    Predictor RoutedForcedN HitRate=92.31% (60/65)
    Predictor RoutedTopK HitRate=84.62% (88/104)
    Predicted RequestedByRouterForcedN Rate=12.82% (60/468)
    Predicted RequestedByRouterTopK Rate=18.80% (88/468)
    Predictor WindowRecall Rate=85.09% (274/322)
    Predictor WindowPrecision Rate=58.55% (274/468)
    Loads Per Step: 0Loads=71, 1Load=8, >1Load=0
    Bandwidth: StallLoads=8, PrefetchLoads=20, AvgLoadTime=8.55ms
    PrefetchOverlap: HiddenReady=14, HiddenWait=0, TicksSkipped=0
    MissCause: NotPresent=8, NotReadyStall=0
    PrefetchEff: Dropped=0, AlreadyCached=484, UsedBeforeEvict=14, EvictedBeforeUse=2
    Predictor TopK matches: 0=0 1=0 >=2=13
Layer 30 Cache Stats: Hits=630, Misses=2, HitRate=99.68%
    Predictor Routed-Expert HitRate=93.85% (61/65, routed_n=5, horizon=6)
    Predictor RoutedForcedN HitRate=93.85% (61/65)
    Predictor RoutedTopK HitRate=91.35% (95/104)
    Predicted RequestedByRouterForcedN Rate=13.03% (61/468)
    Predicted RequestedByRouterTopK Rate=20.30% (95/468)
    Predictor WindowRecall Rate=91.73% (233/254)
    Predictor WindowPrecision Rate=49.79% (233/468)
    Loads Per Step: 0Loads=77, 1Load=2, >1Load=0
    Bandwidth: StallLoads=2, PrefetchLoads=15, AvgLoadTime=12.83ms
    PrefetchOverlap: HiddenReady=8, HiddenWait=0, TicksSkipped=0
    MissCause: NotPresent=2, NotReadyStall=0
    PrefetchEff: Dropped=0, AlreadyCached=489, UsedBeforeEvict=8, EvictedBeforeUse=1
    Predictor TopK matches: 0=0 1=0 >=2=13
Layer 31 Cache Stats: Hits=630, Misses=2, HitRate=99.68%
    Predictor Routed-Expert HitRate=96.92% (63/65, routed_n=5, horizon=6)
    Predictor RoutedForcedN HitRate=96.92% (63/65)
    Predictor RoutedTopK HitRate=95.19% (99/104)
    Predicted RequestedByRouterForcedN Rate=13.46% (63/468)
    Predicted RequestedByRouterTopK Rate=21.15% (99/468)
    Predictor WindowRecall Rate=91.42% (213/233)
    Predictor WindowPrecision Rate=45.51% (213/468)
    Loads Per Step: 0Loads=77, 1Load=2, >1Load=0
    Bandwidth: StallLoads=2, PrefetchLoads=8, AvgLoadTime=12.91ms
    PrefetchOverlap: HiddenReady=5, HiddenWait=0, TicksSkipped=0
    MissCause: NotPresent=2, NotReadyStall=0
    PrefetchEff: Dropped=0, AlreadyCached=496, UsedBeforeEvict=5, EvictedBeforeUse=0
    Predictor TopK matches: 0=0 1=0 >=2=13
Layer 32 Cache Stats: Hits=628, Misses=4, HitRate=99.37%
    Predictor Routed-Expert HitRate=92.31% (60/65, routed_n=5, horizon=6)
    Predictor RoutedForcedN HitRate=92.31% (60/65)
    Predictor RoutedTopK HitRate=92.31% (96/104)
    Predicted RequestedByRouterForcedN Rate=12.82% (60/468)
    Predicted RequestedByRouterTopK Rate=20.51% (96/468)
    Predictor WindowRecall Rate=87.76% (258/294)
    Predictor WindowPrecision Rate=55.13% (258/468)
    Loads Per Step: 0Loads=76, 1Load=2, >1Load=1
    Bandwidth: StallLoads=4, PrefetchLoads=22, AvgLoadTime=9.21ms
    PrefetchOverlap: HiddenReady=16, HiddenWait=0, TicksSkipped=0
    MissCause: NotPresent=4, NotReadyStall=0
    PrefetchEff: Dropped=0, AlreadyCached=482, UsedBeforeEvict=16, EvictedBeforeUse=4
    Predictor TopK matches: 0=0 1=0 >=2=13
Layer 33 Cache Stats: Hits=627, Misses=5, HitRate=99.21%
    Predictor Routed-Expert HitRate=95.38% (62/65, routed_n=5, horizon=6)
    Predictor RoutedForcedN HitRate=95.38% (62/65)
    Predictor RoutedTopK HitRate=91.35% (95/104)
    Predicted RequestedByRouterForcedN Rate=13.25% (62/468)
    Predicted RequestedByRouterTopK Rate=20.30% (95/468)
    Predictor WindowRecall Rate=88.64% (234/264)
    Predictor WindowPrecision Rate=50.00% (234/468)
    Loads Per Step: 0Loads=75, 1Load=3, >1Load=1
    Bandwidth: StallLoads=5, PrefetchLoads=24, AvgLoadTime=7.53ms
    PrefetchOverlap: HiddenReady=14, HiddenWait=0, TicksSkipped=0
    MissCause: NotPresent=5, NotReadyStall=0
    PrefetchEff: Dropped=0, AlreadyCached=480, UsedBeforeEvict=14, EvictedBeforeUse=2
    Predictor TopK matches: 0=0 1=0 >=2=13
Layer 34 Cache Stats: Hits=627, Misses=5, HitRate=99.21%
    Predictor Routed-Expert HitRate=92.31% (60/65, routed_n=5, horizon=6)
    Predictor RoutedForcedN HitRate=92.31% (60/65)
    Predictor RoutedTopK HitRate=90.38% (94/104)
    Predicted RequestedByRouterForcedN Rate=12.82% (60/468)
    Predicted RequestedByRouterTopK Rate=20.09% (94/468)
    Predictor WindowRecall Rate=91.30% (273/299)
    Predictor WindowPrecision Rate=58.33% (273/468)
    Loads Per Step: 0Loads=75, 1Load=3, >1Load=1
    Bandwidth: StallLoads=5, PrefetchLoads=17, AvgLoadTime=8.90ms
    PrefetchOverlap: HiddenReady=12, HiddenWait=0, TicksSkipped=0
    MissCause: NotPresent=5, NotReadyStall=0
    PrefetchEff: Dropped=0, AlreadyCached=487, UsedBeforeEvict=12, EvictedBeforeUse=1
    Predictor TopK matches: 0=0 1=0 >=2=13
Layer 35 Cache Stats: Hits=620, Misses=12, HitRate=98.10%
    Predictor Routed-Expert HitRate=86.15% (56/65, routed_n=5, horizon=6)
    Predictor RoutedForcedN HitRate=86.15% (56/65)
    Predictor RoutedTopK HitRate=83.65% (87/104)
    Predicted RequestedByRouterForcedN Rate=11.97% (56/468)
    Predicted RequestedByRouterTopK Rate=18.59% (87/468)
    Predictor WindowRecall Rate=84.89% (281/331)
    Predictor WindowPrecision Rate=60.04% (281/468)
    Loads Per Step: 0Loads=69, 1Load=8, >1Load=2
    Bandwidth: StallLoads=12, PrefetchLoads=29, AvgLoadTime=6.47ms
    PrefetchOverlap: HiddenReady=20, HiddenWait=0, TicksSkipped=0
    MissCause: NotPresent=12, NotReadyStall=0
    PrefetchEff: Dropped=0, AlreadyCached=475, UsedBeforeEvict=20, EvictedBeforeUse=7
    Predictor TopK matches: 0=0 1=0 >=2=13
Layer 36 Cache Stats: Hits=627, Misses=5, HitRate=99.21%
    Predictor Routed-Expert HitRate=92.31% (60/65, routed_n=5, horizon=6)
    Predictor RoutedForcedN HitRate=92.31% (60/65)
    Predictor RoutedTopK HitRate=91.35% (95/104)
    Predicted RequestedByRouterForcedN Rate=12.82% (60/468)
    Predicted RequestedByRouterTopK Rate=20.30% (95/468)
    Predictor WindowRecall Rate=86.46% (249/288)
    Predictor WindowPrecision Rate=53.21% (249/468)
    Loads Per Step: 0Loads=74, 1Load=5, >1Load=0
    Bandwidth: StallLoads=5, PrefetchLoads=24, AvgLoadTime=7.33ms
    PrefetchOverlap: HiddenReady=15, HiddenWait=0, TicksSkipped=0
    MissCause: NotPresent=5, NotReadyStall=0
    PrefetchEff: Dropped=0, AlreadyCached=480, UsedBeforeEvict=15, EvictedBeforeUse=5
    Predictor TopK matches: 0=0 1=0 >=2=13
Layer 37 Cache Stats: Hits=617, Misses=15, HitRate=97.63%
    Predictor Routed-Expert HitRate=81.54% (53/65, routed_n=5, horizon=6)
    Predictor RoutedForcedN HitRate=81.54% (53/65)
    Predictor RoutedTopK HitRate=80.77% (84/104)
    Predicted RequestedByRouterForcedN Rate=11.32% (53/468)
    Predicted RequestedByRouterTopK Rate=17.95% (84/468)
    Predictor WindowRecall Rate=83.47% (298/357)
    Predictor WindowPrecision Rate=63.68% (298/468)
    Loads Per Step: 0Loads=68, 1Load=8, >1Load=3
    Bandwidth: StallLoads=15, PrefetchLoads=26, AvgLoadTime=6.84ms
    PrefetchOverlap: HiddenReady=22, HiddenWait=0, TicksSkipped=0
    MissCause: NotPresent=15, NotReadyStall=0
    PrefetchEff: Dropped=0, AlreadyCached=478, UsedBeforeEvict=22, EvictedBeforeUse=3
    Predictor TopK matches: 0=0 1=0 >=2=13
Layer 38 Cache Stats: Hits=628, Misses=4, HitRate=99.37%
    Predictor Routed-Expert HitRate=90.77% (59/65, routed_n=5, horizon=6)
    Predictor RoutedForcedN HitRate=90.77% (59/65)
    Predictor RoutedTopK HitRate=89.42% (93/104)
    Predicted RequestedByRouterForcedN Rate=12.61% (59/468)
    Predicted RequestedByRouterTopK Rate=19.87% (93/468)
    Predictor WindowRecall Rate=86.53% (257/297)
    Predictor WindowPrecision Rate=54.91% (257/468)
    Loads Per Step: 0Loads=75, 1Load=4, >1Load=0
    Bandwidth: StallLoads=4, PrefetchLoads=19, AvgLoadTime=8.09ms
    PrefetchOverlap: HiddenReady=12, HiddenWait=0, TicksSkipped=0
    MissCause: NotPresent=4, NotReadyStall=0
    PrefetchEff: Dropped=0, AlreadyCached=485, UsedBeforeEvict=12, EvictedBeforeUse=5
    Predictor TopK matches: 0=0 1=0 >=2=13
Layer 39 Cache Stats: Hits=631, Misses=1, HitRate=99.84%
    Predictor Routed-Expert HitRate=90.77% (59/65, routed_n=5, horizon=6)
    Predictor RoutedForcedN HitRate=90.77% (59/65)
    Predictor RoutedTopK HitRate=88.46% (92/104)
    Predicted RequestedByRouterForcedN Rate=12.61% (59/468)
    Predicted RequestedByRouterTopK Rate=19.66% (92/468)
    Predictor WindowRecall Rate=88.63% (265/299)
    Predictor WindowPrecision Rate=56.62% (265/468)
    Loads Per Step: 0Loads=78, 1Load=1, >1Load=0
    Bandwidth: StallLoads=1, PrefetchLoads=17, AvgLoadTime=10.94ms
    PrefetchOverlap: HiddenReady=11, HiddenWait=0, TicksSkipped=0
    MissCause: NotPresent=1, NotReadyStall=0
    PrefetchEff: Dropped=0, AlreadyCached=487, UsedBeforeEvict=11, EvictedBeforeUse=0
    Predictor TopK matches: 0=0 1=0 >=2=13
Layer 40 Cache Stats: Hits=628, Misses=4, HitRate=99.37%
    Predictor Routed-Expert HitRate=87.69% (57/65, routed_n=5, horizon=6)
    Predictor RoutedForcedN HitRate=87.69% (57/65)
    Predictor RoutedTopK HitRate=85.58% (89/104)
    Predicted RequestedByRouterForcedN Rate=12.18% (57/468)
    Predicted RequestedByRouterTopK Rate=19.02% (89/468)
    Predictor WindowRecall Rate=89.25% (274/307)
    Predictor WindowPrecision Rate=58.55% (274/468)
    Loads Per Step: 0Loads=75, 1Load=4, >1Load=0
    Bandwidth: StallLoads=4, PrefetchLoads=25, AvgLoadTime=8.63ms
    PrefetchOverlap: HiddenReady=19, HiddenWait=0, TicksSkipped=0
    MissCause: NotPresent=4, NotReadyStall=0
    PrefetchEff: Dropped=0, AlreadyCached=479, UsedBeforeEvict=19, EvictedBeforeUse=4
    Predictor TopK matches: 0=0 1=0 >=2=13
Layer 41 Cache Stats: Hits=621, Misses=11, HitRate=98.26%
    Predictor Routed-Expert HitRate=92.31% (60/65, routed_n=5, horizon=6)
    Predictor RoutedForcedN HitRate=92.31% (60/65)
    Predictor RoutedTopK HitRate=89.42% (93/104)
    Predicted RequestedByRouterForcedN Rate=12.82% (60/468)
    Predicted RequestedByRouterTopK Rate=19.87% (93/468)
    Predictor WindowRecall Rate=84.81% (307/362)
    Predictor WindowPrecision Rate=65.60% (307/468)
    Loads Per Step: 0Loads=69, 1Load=9, >1Load=1
    Bandwidth: StallLoads=11, PrefetchLoads=26, AvgLoadTime=7.56ms
    PrefetchOverlap: HiddenReady=20, HiddenWait=0, TicksSkipped=0
    MissCause: NotPresent=11, NotReadyStall=0
    PrefetchEff: Dropped=0, AlreadyCached=478, UsedBeforeEvict=20, EvictedBeforeUse=4
    Predictor TopK matches: 0=0 1=0 >=2=13
Layer 42 Cache Stats: Hits=626, Misses=6, HitRate=99.05%
    Predictor Routed-Expert HitRate=86.15% (56/65, routed_n=5, horizon=6)
    Predictor RoutedForcedN HitRate=86.15% (56/65)
    Predictor RoutedTopK HitRate=81.73% (85/104)
    Predicted RequestedByRouterForcedN Rate=11.97% (56/468)
    Predicted RequestedByRouterTopK Rate=18.16% (85/468)
    Predictor WindowRecall Rate=85.59% (291/340)
    Predictor WindowPrecision Rate=62.18% (291/468)
    Loads Per Step: 0Loads=76, 1Load=1, >1Load=2
    Bandwidth: StallLoads=6, PrefetchLoads=13, AvgLoadTime=9.49ms
    PrefetchOverlap: HiddenReady=10, HiddenWait=1, TicksSkipped=0
    MissCause: NotPresent=6, NotReadyStall=1
    PrefetchEff: Dropped=0, AlreadyCached=491, UsedBeforeEvict=11, EvictedBeforeUse=1
    Predictor TopK matches: 0=0 1=0 >=2=13
Layer 43 Cache Stats: Hits=627, Misses=5, HitRate=99.21%
    Predictor Routed-Expert HitRate=92.31% (60/65, routed_n=5, horizon=6)
    Predictor RoutedForcedN HitRate=92.31% (60/65)
    Predictor RoutedTopK HitRate=89.42% (93/104)
    Predicted RequestedByRouterForcedN Rate=12.82% (60/468)
    Predicted RequestedByRouterTopK Rate=19.87% (93/468)
    Predictor WindowRecall Rate=90.36% (300/332)
    Predictor WindowPrecision Rate=64.10% (300/468)
    Loads Per Step: 0Loads=75, 1Load=3, >1Load=1
    Bandwidth: StallLoads=5, PrefetchLoads=12, AvgLoadTime=10.25ms
    PrefetchOverlap: HiddenReady=8, HiddenWait=0, TicksSkipped=0
    MissCause: NotPresent=5, NotReadyStall=0
    PrefetchEff: Dropped=0, AlreadyCached=492, UsedBeforeEvict=8, EvictedBeforeUse=0
    Predictor TopK matches: 0=0 1=0 >=2=13
Layer 44 Cache Stats: Hits=625, Misses=7, HitRate=98.89%
    Predictor Routed-Expert HitRate=90.77% (59/65, routed_n=5, horizon=6)
    Predictor RoutedForcedN HitRate=90.77% (59/65)
    Predictor RoutedTopK HitRate=90.38% (94/104)
    Predicted RequestedByRouterForcedN Rate=12.61% (59/468)
    Predicted RequestedByRouterTopK Rate=20.09% (94/468)
    Predictor WindowRecall Rate=87.50% (273/312)
    Predictor WindowPrecision Rate=58.33% (273/468)
    Loads Per Step: 0Loads=73, 1Load=5, >1Load=1
    Bandwidth: StallLoads=7, PrefetchLoads=17, AvgLoadTime=9.97ms
    PrefetchOverlap: HiddenReady=9, HiddenWait=0, TicksSkipped=0
    MissCause: NotPresent=7, NotReadyStall=0
    PrefetchEff: Dropped=0, AlreadyCached=487, UsedBeforeEvict=9, EvictedBeforeUse=4
    Predictor TopK matches: 0=0 1=0 >=2=13
Layer 45 Cache Stats: Hits=626, Misses=6, HitRate=99.05%
    Predictor Routed-Expert HitRate=87.69% (57/65, routed_n=5, horizon=6)
    Predictor RoutedForcedN HitRate=87.69% (57/65)
    Predictor RoutedTopK HitRate=89.42% (93/104)
    Predicted RequestedByRouterForcedN Rate=12.18% (57/468)
    Predicted RequestedByRouterTopK Rate=19.87% (93/468)
    Predictor WindowRecall Rate=87.99% (271/308)
    Predictor WindowPrecision Rate=57.91% (271/468)
    Loads Per Step: 0Loads=76, 1Load=0, >1Load=3
    Bandwidth: StallLoads=6, PrefetchLoads=13, AvgLoadTime=12.89ms
    PrefetchOverlap: HiddenReady=7, HiddenWait=0, TicksSkipped=0
    MissCause: NotPresent=6, NotReadyStall=0
    PrefetchEff: Dropped=0, AlreadyCached=491, UsedBeforeEvict=7, EvictedBeforeUse=3
    Predictor TopK matches: 0=0 1=0 >=2=13
Layer 46 Cache Stats: Hits=622, Misses=10, HitRate=98.42%
    Predictor Routed-Expert HitRate=84.62% (55/65, routed_n=5, horizon=6)
    Predictor RoutedForcedN HitRate=84.62% (55/65)
    Predictor RoutedTopK HitRate=88.46% (92/104)
    Predicted RequestedByRouterForcedN Rate=11.75% (55/468)
    Predicted RequestedByRouterTopK Rate=19.66% (92/468)
    Predictor WindowRecall Rate=89.02% (308/346)
    Predictor WindowPrecision Rate=65.81% (308/468)
    Loads Per Step: 0Loads=71, 1Load=6, >1Load=2
    Bandwidth: StallLoads=10, PrefetchLoads=16, AvgLoadTime=9.33ms
    PrefetchOverlap: HiddenReady=13, HiddenWait=0, TicksSkipped=0
    MissCause: NotPresent=10, NotReadyStall=0
    PrefetchEff: Dropped=0, AlreadyCached=488, UsedBeforeEvict=13, EvictedBeforeUse=2
    Predictor TopK matches: 0=0 1=0 >=2=13
Layer 47 Cache Stats: Hits=617, Misses=15, HitRate=97.63%
    Predictor Routed-Expert HitRate=81.54% (53/65, routed_n=5, horizon=6)
    Predictor RoutedForcedN HitRate=81.54% (53/65)
    Predictor RoutedTopK HitRate=80.77% (84/104)
    Predicted RequestedByRouterForcedN Rate=11.32% (53/468)
    Predicted RequestedByRouterTopK Rate=17.95% (84/468)
    Predictor WindowRecall Rate=80.89% (309/382)
    Predictor WindowPrecision Rate=66.03% (309/468)
    Loads Per Step: 0Loads=67, 1Load=9, >1Load=3
    Bandwidth: StallLoads=15, PrefetchLoads=20, AvgLoadTime=6.12ms
    PrefetchOverlap: HiddenReady=14, HiddenWait=0, TicksSkipped=0
    MissCause: NotPresent=15, NotReadyStall=0
    PrefetchEff: Dropped=0, AlreadyCached=484, UsedBeforeEvict=14, EvictedBeforeUse=5
    Predictor TopK matches: 0=1 1=0 >=2=12
============================================================
[TorchScriptPredictor Layer 0] Shutdown complete
[TorchScriptPredictor Layer 1] Shutdown complete
[TorchScriptPredictor Layer 2] Shutdown complete
[TorchScriptPredictor Layer 3] Shutdown complete
[TorchScriptPredictor Layer 4] Shutdown complete
[TorchScriptPredictor Layer 5] Shutdown complete
[TorchScriptPredictor Layer 6] Shutdown complete
[TorchScriptPredictor Layer 7] Shutdown complete
[TorchScriptPredictor Layer 8] Shutdown complete
[TorchScriptPredictor Layer 9] Shutdown complete
[TorchScriptPredictor Layer 10] Shutdown complete
[TorchScriptPredictor Layer 11] Shutdown complete
[TorchScriptPredictor Layer 12] Shutdown complete
[TorchScriptPredictor Layer 13] Shutdown complete
[TorchScriptPredictor Layer 14] Shutdown complete
[TorchScriptPredictor Layer 15] Shutdown complete
[TorchScriptPredictor Layer 16] Shutdown complete
[TorchScriptPredictor Layer 17] Shutdown complete
[TorchScriptPredictor Layer 18] Shutdown complete
[TorchScriptPredictor Layer 19] Shutdown complete
[TorchScriptPredictor Layer 20] Shutdown complete
[TorchScriptPredictor Layer 21] Shutdown complete
[TorchScriptPredictor Layer 22] Shutdown complete
[TorchScriptPredictor Layer 23] Shutdown complete
[TorchScriptPredictor Layer 24] Shutdown complete
[TorchScriptPredictor Layer 25] Shutdown complete
[TorchScriptPredictor Layer 26] Shutdown complete
[TorchScriptPredictor Layer 27] Shutdown complete
[TorchScriptPredictor Layer 28] Shutdown complete
[TorchScriptPredictor Layer 29] Shutdown complete
[TorchScriptPredictor Layer 30] Shutdown complete
[TorchScriptPredictor Layer 31] Shutdown complete
[TorchScriptPredictor Layer 32] Shutdown complete
[TorchScriptPredictor Layer 33] Shutdown complete
[TorchScriptPredictor Layer 34] Shutdown complete
[TorchScriptPredictor Layer 35] Shutdown complete
[TorchScriptPredictor Layer 36] Shutdown complete
[TorchScriptPredictor Layer 37] Shutdown complete
[TorchScriptPredictor Layer 38] Shutdown complete
[TorchScriptPredictor Layer 39] Shutdown complete
[TorchScriptPredictor Layer 40] Shutdown complete
[TorchScriptPredictor Layer 41] Shutdown complete
[TorchScriptPredictor Layer 42] Shutdown complete
[TorchScriptPredictor Layer 43] Shutdown complete
[TorchScriptPredictor Layer 44] Shutdown complete
[TorchScriptPredictor Layer 45] Shutdown complete
[TorchScriptPredictor Layer 46] Shutdown complete
[TorchScriptPredictor Layer 47] Shutdown complete
============================================================
Initializing Qwen3 30B-A3B AWQ w4a16 quantized model...
============================================================
Loading quantized weights from QuixiAI/Qwen3-30B-A3B-AWQ...
Using saved safetensors: /home/michael/heteroPredict/py/unified_llm_w4a16/model_weights/Qwen3-30B-A3B-AWQ.safetensors
Expert weights dir: /home/michael/heteroPredict/py/unified_llm_w4a16/model_weights/Qwen3-30B-A3B-AWQ_packed  (format: packed)
Using existing attention weights in /home/michael/heteroPredict/py/unified_llm_w4a16/model_weights/Qwen3-30B-A3B-AWQ_unpacked
Weights loaded (expert dir override) in 0.35 seconds
Pre-warming expert cache with 64 experts...
Model initialized successfully!
Setting lambda to 1.0
Forced top-5 experts into cache mask.
Set expert cache policy to LFRU.

Running sweep using prompts from JSON: /tmp/tmpsb9mmigk.json
Loaded 1 prompts for sweeping.

Processing Prompt 1/1...

============================================================
Generated text only:
============================================================
oulter also appeared in the 2010 film The King 's Speech , playing a soldier in a scene with Colin Firth . 

In 2011 , Boulter played " Tom " in the play The Pride by Mike Bartlett . The play was performed at the Almeida Theatre in London . The play was a critical success and was later transferred to the West
============================================================

============================================================
Sweep Complete.
Average Time per Token: 0.273985
End-to-End TPS: 3.6498
Cache Stats: Hits=29929, Misses=407, HitRate=98.66%
Predictor Stats: Hits=2743, Total=3120, HitRate=87.92%
Initializing UnifiedLLMW4A16Impl_base
Using NPU config struct.
Configuring NPU (Base):
  Heterogeneity: gpu
  GPU Count: 1
  Debug Verbosity: 1
  Dummy Weights: false
  Warmup: false
  Preload MoE: true
  Minimal PDI: true
[GPU SELECT] Free VRAM ranking: gpu0=28.00/28.00 GiB
[GPU SELECT] Selected GPUs for gpu-count=1: [0]
[GPU MAP] Single-GPU placement on gpu0
[Predictor] Layer 0 model path resolved to: /home/michael/heteroPredict/trainingData/qwen3_30b/transformer_final_pfill_markov_emb/transformer_eh4_h64_f6/layer_0/best_jit.pt
[Predictor] Running on device: CPU (NPU path) (heterogeneity="gpu", predictor_device="cpu")
[ThreadedTorchScriptPredictor Layer 0] Detected history_length=4 from /home/michael/heteroPredict/trainingData/qwen3_30b/transformer_final_pfill_markov_emb/transformer_eh4_h64_f6/layer_0/best.json
[TorchScriptPredictor Layer 0] Loading model on CPU
[TorchScriptPredictor Layer 0] Assuming prefill_dist, prev_expert_onehot, and prev_layers_feat support (v3 API).
[TorchScriptPredictor Layer 0] prefill_dist support: yes, prev_expert_onehot support: yes, prev_layers_feat support: yes
[TorchScriptPredictor Layer 0] Loaded model: /home/michael/heteroPredict/trainingData/qwen3_30b/transformer_final_pfill_markov_emb/transformer_eh4_h64_f6/layer_0/best_jit.pt
[ThreadedTorchScriptPredictor Layer 1] Detected history_length=4 from /home/michael/heteroPredict/trainingData/qwen3_30b/transformer_final_pfill_markov_emb/transformer_eh4_h64_f6/layer_1/best.json
[TorchScriptPredictor Layer 1] Loading model on CPU
[TorchScriptPredictor Layer 1] Assuming prefill_dist, prev_expert_onehot, and prev_layers_feat support (v3 API).
[TorchScriptPredictor Layer 1] prefill_dist support: yes, prev_expert_onehot support: yes, prev_layers_feat support: yes
[TorchScriptPredictor Layer 1] Loaded model: /home/michael/heteroPredict/trainingData/qwen3_30b/transformer_final_pfill_markov_emb/transformer_eh4_h64_f6/layer_1/best_jit.pt
[ThreadedTorchScriptPredictor Layer 2] Detected history_length=4 from /home/michael/heteroPredict/trainingData/qwen3_30b/transformer_final_pfill_markov_emb/transformer_eh4_h64_f6/layer_2/best.json
[TorchScriptPredictor Layer 2] Loading model on CPU
[TorchScriptPredictor Layer 2] Assuming prefill_dist, prev_expert_onehot, and prev_layers_feat support (v3 API).
[TorchScriptPredictor Layer 2] prefill_dist support: yes, prev_expert_onehot support: yes, prev_layers_feat support: yes
[TorchScriptPredictor Layer 2] Loaded model: /home/michael/heteroPredict/trainingData/qwen3_30b/transformer_final_pfill_markov_emb/transformer_eh4_h64_f6/layer_2/best_jit.pt
[ThreadedTorchScriptPredictor Layer 3] Detected history_length=4 from /home/michael/heteroPredict/trainingData/qwen3_30b/transformer_final_pfill_markov_emb/transformer_eh4_h64_f6/layer_3/best.json
[TorchScriptPredictor Layer 3] Loading model on CPU
[TorchScriptPredictor Layer 3] Assuming prefill_dist, prev_expert_onehot, and prev_layers_feat support (v3 API).
[TorchScriptPredictor Layer 3] prefill_dist support: yes, prev_expert_onehot support: yes, prev_layers_feat support: yes
[TorchScriptPredictor Layer 3] Loaded model: /home/michael/heteroPredict/trainingData/qwen3_30b/transformer_final_pfill_markov_emb/transformer_eh4_h64_f6/layer_3/best_jit.pt
[ThreadedTorchScriptPredictor Layer 4] Detected history_length=4 from /home/michael/heteroPredict/trainingData/qwen3_30b/transformer_final_pfill_markov_emb/transformer_eh4_h64_f6/layer_4/best.json
[TorchScriptPredictor Layer 4] Loading model on CPU
[TorchScriptPredictor Layer 4] Assuming prefill_dist, prev_expert_onehot, and prev_layers_feat support (v3 API).
[TorchScriptPredictor Layer 4] prefill_dist support: yes, prev_expert_onehot support: yes, prev_layers_feat support: yes
[TorchScriptPredictor Layer 4] Loaded model: /home/michael/heteroPredict/trainingData/qwen3_30b/transformer_final_pfill_markov_emb/transformer_eh4_h64_f6/layer_4/best_jit.pt
[ThreadedTorchScriptPredictor Layer 5] Detected history_length=4 from /home/michael/heteroPredict/trainingData/qwen3_30b/transformer_final_pfill_markov_emb/transformer_eh4_h64_f6/layer_5/best.json
[TorchScriptPredictor Layer 5] Loading model on CPU
[TorchScriptPredictor Layer 5] Assuming prefill_dist, prev_expert_onehot, and prev_layers_feat support (v3 API).
[TorchScriptPredictor Layer 5] prefill_dist support: yes, prev_expert_onehot support: yes, prev_layers_feat support: yes
[TorchScriptPredictor Layer 5] Loaded model: /home/michael/heteroPredict/trainingData/qwen3_30b/transformer_final_pfill_markov_emb/transformer_eh4_h64_f6/layer_5/best_jit.pt
[ThreadedTorchScriptPredictor Layer 6] Detected history_length=4 from /home/michael/heteroPredict/trainingData/qwen3_30b/transformer_final_pfill_markov_emb/transformer_eh4_h64_f6/layer_6/best.json
[TorchScriptPredictor Layer 6] Loading model on CPU
[TorchScriptPredictor Layer 6] Assuming prefill_dist, prev_expert_onehot, and prev_layers_feat support (v3 API).
[TorchScriptPredictor Layer 6] prefill_dist support: yes, prev_expert_onehot support: yes, prev_layers_feat support: yes
[TorchScriptPredictor Layer 6] Loaded model: /home/michael/heteroPredict/trainingData/qwen3_30b/transformer_final_pfill_markov_emb/transformer_eh4_h64_f6/layer_6/best_jit.pt
[ThreadedTorchScriptPredictor Layer 7] Detected history_length=4 from /home/michael/heteroPredict/trainingData/qwen3_30b/transformer_final_pfill_markov_emb/transformer_eh4_h64_f6/layer_7/best.json
[TorchScriptPredictor Layer 7] Loading model on CPU
[TorchScriptPredictor Layer 7] Assuming prefill_dist, prev_expert_onehot, and prev_layers_feat support (v3 API).
[TorchScriptPredictor Layer 7] prefill_dist support: yes, prev_expert_onehot support: yes, prev_layers_feat support: yes
[TorchScriptPredictor Layer 7] Loaded model: /home/michael/heteroPredict/trainingData/qwen3_30b/transformer_final_pfill_markov_emb/transformer_eh4_h64_f6/layer_7/best_jit.pt
[ThreadedTorchScriptPredictor Layer 8] Detected history_length=4 from /home/michael/heteroPredict/trainingData/qwen3_30b/transformer_final_pfill_markov_emb/transformer_eh4_h64_f6/layer_8/best.json
[TorchScriptPredictor Layer 8] Loading model on CPU
[TorchScriptPredictor Layer 8] Assuming prefill_dist, prev_expert_onehot, and prev_layers_feat support (v3 API).
[TorchScriptPredictor Layer 8] prefill_dist support: yes, prev_expert_onehot support: yes, prev_layers_feat support: yes
[TorchScriptPredictor Layer 8] Loaded model: /home/michael/heteroPredict/trainingData/qwen3_30b/transformer_final_pfill_markov_emb/transformer_eh4_h64_f6/layer_8/best_jit.pt
[ThreadedTorchScriptPredictor Layer 9] Detected history_length=4 from /home/michael/heteroPredict/trainingData/qwen3_30b/transformer_final_pfill_markov_emb/transformer_eh4_h64_f6/layer_9/best.json
[TorchScriptPredictor Layer 9] Loading model on CPU
[TorchScriptPredictor Layer 9] Assuming prefill_dist, prev_expert_onehot, and prev_layers_feat support (v3 API).
[TorchScriptPredictor Layer 9] prefill_dist support: yes, prev_expert_onehot support: yes, prev_layers_feat support: yes
[TorchScriptPredictor Layer 9] Loaded model: /home/michael/heteroPredict/trainingData/qwen3_30b/transformer_final_pfill_markov_emb/transformer_eh4_h64_f6/layer_9/best_jit.pt
[ThreadedTorchScriptPredictor Layer 10] Detected history_length=4 from /home/michael/heteroPredict/trainingData/qwen3_30b/transformer_final_pfill_markov_emb/transformer_eh4_h64_f6/layer_10/best.json
[TorchScriptPredictor Layer 10] Loading model on CPU
[TorchScriptPredictor Layer 10] Assuming prefill_dist, prev_expert_onehot, and prev_layers_feat support (v3 API).
[TorchScriptPredictor Layer 10] prefill_dist support: yes, prev_expert_onehot support: yes, prev_layers_feat support: yes
[TorchScriptPredictor Layer 10] Loaded model: /home/michael/heteroPredict/trainingData/qwen3_30b/transformer_final_pfill_markov_emb/transformer_eh4_h64_f6/layer_10/best_jit.pt
[ThreadedTorchScriptPredictor Layer 11] Detected history_length=4 from /home/michael/heteroPredict/trainingData/qwen3_30b/transformer_final_pfill_markov_emb/transformer_eh4_h64_f6/layer_11/best.json
[TorchScriptPredictor Layer 11] Loading model on CPU
[TorchScriptPredictor Layer 11] Assuming prefill_dist, prev_expert_onehot, and prev_layers_feat support (v3 API).
[TorchScriptPredictor Layer 11] prefill_dist support: yes, prev_expert_onehot support: yes, prev_layers_feat support: yes
[TorchScriptPredictor Layer 11] Loaded model: /home/michael/heteroPredict/trainingData/qwen3_30b/transformer_final_pfill_markov_emb/transformer_eh4_h64_f6/layer_11/best_jit.pt
[ThreadedTorchScriptPredictor Layer 12] Detected history_length=4 from /home/michael/heteroPredict/trainingData/qwen3_30b/transformer_final_pfill_markov_emb/transformer_eh4_h64_f6/layer_12/best.json
[TorchScriptPredictor Layer 12] Loading model on CPU
[TorchScriptPredictor Layer 12] Assuming prefill_dist, prev_expert_onehot, and prev_layers_feat support (v3 API).
[TorchScriptPredictor Layer 12] prefill_dist support: yes, prev_expert_onehot support: yes, prev_layers_feat support: yes
[TorchScriptPredictor Layer 12] Loaded model: /home/michael/heteroPredict/trainingData/qwen3_30b/transformer_final_pfill_markov_emb/transformer_eh4_h64_f6/layer_12/best_jit.pt
[ThreadedTorchScriptPredictor Layer 13] Detected history_length=4 from /home/michael/heteroPredict/trainingData/qwen3_30b/transformer_final_pfill_markov_emb/transformer_eh4_h64_f6/layer_13/best.json
[TorchScriptPredictor Layer 13] Loading model on CPU
[TorchScriptPredictor Layer 13] Assuming prefill_dist, prev_expert_onehot, and prev_layers_feat support (v3 API).
[TorchScriptPredictor Layer 13] prefill_dist support: yes, prev_expert_onehot support: yes, prev_layers_feat support: yes
[TorchScriptPredictor Layer 13] Loaded model: /home/michael/heteroPredict/trainingData/qwen3_30b/transformer_final_pfill_markov_emb/transformer_eh4_h64_f6/layer_13/best_jit.pt
[ThreadedTorchScriptPredictor Layer 14] Detected history_length=4 from /home/michael/heteroPredict/trainingData/qwen3_30b/transformer_final_pfill_markov_emb/transformer_eh4_h64_f6/layer_14/best.json
[TorchScriptPredictor Layer 14] Loading model on CPU
[TorchScriptPredictor Layer 14] Assuming prefill_dist, prev_expert_onehot, and prev_layers_feat support (v3 API).
[TorchScriptPredictor Layer 14] prefill_dist support: yes, prev_expert_onehot support: yes, prev_layers_feat support: yes
[TorchScriptPredictor Layer 14] Loaded model: /home/michael/heteroPredict/trainingData/qwen3_30b/transformer_final_pfill_markov_emb/transformer_eh4_h64_f6/layer_14/best_jit.pt
[ThreadedTorchScriptPredictor Layer 15] Detected history_length=4 from /home/michael/heteroPredict/trainingData/qwen3_30b/transformer_final_pfill_markov_emb/transformer_eh4_h64_f6/layer_15/best.json
[TorchScriptPredictor Layer 15] Loading model on CPU
[TorchScriptPredictor Layer 15] Assuming prefill_dist, prev_expert_onehot, and prev_layers_feat support (v3 API).
[TorchScriptPredictor Layer 15] prefill_dist support: yes, prev_expert_onehot support: yes, prev_layers_feat support: yes
[TorchScriptPredictor Layer 15] Loaded model: /home/michael/heteroPredict/trainingData/qwen3_30b/transformer_final_pfill_markov_emb/transformer_eh4_h64_f6/layer_15/best_jit.pt
[ThreadedTorchScriptPredictor Layer 16] Detected history_length=4 from /home/michael/heteroPredict/trainingData/qwen3_30b/transformer_final_pfill_markov_emb/transformer_eh4_h64_f6/layer_16/best.json
[TorchScriptPredictor Layer 16] Loading model on CPU
[TorchScriptPredictor Layer 16] Assuming prefill_dist, prev_expert_onehot, and prev_layers_feat support (v3 API).
[TorchScriptPredictor Layer 16] prefill_dist support: yes, prev_expert_onehot support: yes, prev_layers_feat support: yes
[TorchScriptPredictor Layer 16] Loaded model: /home/michael/heteroPredict/trainingData/qwen3_30b/transformer_final_pfill_markov_emb/transformer_eh4_h64_f6/layer_16/best_jit.pt
[ThreadedTorchScriptPredictor Layer 17] Detected history_length=4 from /home/michael/heteroPredict/trainingData/qwen3_30b/transformer_final_pfill_markov_emb/transformer_eh4_h64_f6/layer_17/best.json
[TorchScriptPredictor Layer 17] Loading model on CPU
[TorchScriptPredictor Layer 17] Assuming prefill_dist, prev_expert_onehot, and prev_layers_feat support (v3 API).
[TorchScriptPredictor Layer 17] prefill_dist support: yes, prev_expert_onehot support: yes, prev_layers_feat support: yes
[TorchScriptPredictor Layer 17] Loaded model: /home/michael/heteroPredict/trainingData/qwen3_30b/transformer_final_pfill_markov_emb/transformer_eh4_h64_f6/layer_17/best_jit.pt
[ThreadedTorchScriptPredictor Layer 18] Detected history_length=4 from /home/michael/heteroPredict/trainingData/qwen3_30b/transformer_final_pfill_markov_emb/transformer_eh4_h64_f6/layer_18/best.json
[TorchScriptPredictor Layer 18] Loading model on CPU
[TorchScriptPredictor Layer 18] Assuming prefill_dist, prev_expert_onehot, and prev_layers_feat support (v3 API).
[TorchScriptPredictor Layer 18] prefill_dist support: yes, prev_expert_onehot support: yes, prev_layers_feat support: yes
[TorchScriptPredictor Layer 18] Loaded model: /home/michael/heteroPredict/trainingData/qwen3_30b/transformer_final_pfill_markov_emb/transformer_eh4_h64_f6/layer_18/best_jit.pt
[ThreadedTorchScriptPredictor Layer 19] Detected history_length=4 from /home/michael/heteroPredict/trainingData/qwen3_30b/transformer_final_pfill_markov_emb/transformer_eh4_h64_f6/layer_19/best.json
[TorchScriptPredictor Layer 19] Loading model on CPU
[TorchScriptPredictor Layer 19] Assuming prefill_dist, prev_expert_onehot, and prev_layers_feat support (v3 API).
[TorchScriptPredictor Layer 19] prefill_dist support: yes, prev_expert_onehot support: yes, prev_layers_feat support: yes
[TorchScriptPredictor Layer 19] Loaded model: /home/michael/heteroPredict/trainingData/qwen3_30b/transformer_final_pfill_markov_emb/transformer_eh4_h64_f6/layer_19/best_jit.pt
[ThreadedTorchScriptPredictor Layer 20] Detected history_length=4 from /home/michael/heteroPredict/trainingData/qwen3_30b/transformer_final_pfill_markov_emb/transformer_eh4_h64_f6/layer_20/best.json
[TorchScriptPredictor Layer 20] Loading model on CPU
[TorchScriptPredictor Layer 20] Assuming prefill_dist, prev_expert_onehot, and prev_layers_feat support (v3 API).
[TorchScriptPredictor Layer 20] prefill_dist support: yes, prev_expert_onehot support: yes, prev_layers_feat support: yes
[TorchScriptPredictor Layer 20] Loaded model: /home/michael/heteroPredict/trainingData/qwen3_30b/transformer_final_pfill_markov_emb/transformer_eh4_h64_f6/layer_20/best_jit.pt
[ThreadedTorchScriptPredictor Layer 21] Detected history_length=4 from /home/michael/heteroPredict/trainingData/qwen3_30b/transformer_final_pfill_markov_emb/transformer_eh4_h64_f6/layer_21/best.json
[TorchScriptPredictor Layer 21] Loading model on CPU
[TorchScriptPredictor Layer 21] Assuming prefill_dist, prev_expert_onehot, and prev_layers_feat support (v3 API).
[TorchScriptPredictor Layer 21] prefill_dist support: yes, prev_expert_onehot support: yes, prev_layers_feat support: yes
[TorchScriptPredictor Layer 21] Loaded model: /home/michael/heteroPredict/trainingData/qwen3_30b/transformer_final_pfill_markov_emb/transformer_eh4_h64_f6/layer_21/best_jit.pt
[ThreadedTorchScriptPredictor Layer 22] Detected history_length=4 from /home/michael/heteroPredict/trainingData/qwen3_30b/transformer_final_pfill_markov_emb/transformer_eh4_h64_f6/layer_22/best.json
[TorchScriptPredictor Layer 22] Loading model on CPU
[TorchScriptPredictor Layer 22] Assuming prefill_dist, prev_expert_onehot, and prev_layers_feat support (v3 API).
[TorchScriptPredictor Layer 22] prefill_dist support: yes, prev_expert_onehot support: yes, prev_layers_feat support: yes
[TorchScriptPredictor Layer 22] Loaded model: /home/michael/heteroPredict/trainingData/qwen3_30b/transformer_final_pfill_markov_emb/transformer_eh4_h64_f6/layer_22/best_jit.pt
[ThreadedTorchScriptPredictor Layer 23] Detected history_length=4 from /home/michael/heteroPredict/trainingData/qwen3_30b/transformer_final_pfill_markov_emb/transformer_eh4_h64_f6/layer_23/best.json
[TorchScriptPredictor Layer 23] Loading model on CPU
[TorchScriptPredictor Layer 23] Assuming prefill_dist, prev_expert_onehot, and prev_layers_feat support (v3 API).
[TorchScriptPredictor Layer 23] prefill_dist support: yes, prev_expert_onehot support: yes, prev_layers_feat support: yes
[TorchScriptPredictor Layer 23] Loaded model: /home/michael/heteroPredict/trainingData/qwen3_30b/transformer_final_pfill_markov_emb/transformer_eh4_h64_f6/layer_23/best_jit.pt
[ThreadedTorchScriptPredictor Layer 24] Detected history_length=4 from /home/michael/heteroPredict/trainingData/qwen3_30b/transformer_final_pfill_markov_emb/transformer_eh4_h64_f6/layer_24/best.json
[TorchScriptPredictor Layer 24] Loading model on CPU
[TorchScriptPredictor Layer 24] Assuming prefill_dist, prev_expert_onehot, and prev_layers_feat support (v3 API).
[TorchScriptPredictor Layer 24] prefill_dist support: yes, prev_expert_onehot support: yes, prev_layers_feat support: yes
[TorchScriptPredictor Layer 24] Loaded model: /home/michael/heteroPredict/trainingData/qwen3_30b/transformer_final_pfill_markov_emb/transformer_eh4_h64_f6/layer_24/best_jit.pt
[ThreadedTorchScriptPredictor Layer 25] Detected history_length=4 from /home/michael/heteroPredict/trainingData/qwen3_30b/transformer_final_pfill_markov_emb/transformer_eh4_h64_f6/layer_25/best.json
[TorchScriptPredictor Layer 25] Loading model on CPU
[TorchScriptPredictor Layer 25] Assuming prefill_dist, prev_expert_onehot, and prev_layers_feat support (v3 API).
[TorchScriptPredictor Layer 25] prefill_dist support: yes, prev_expert_onehot support: yes, prev_layers_feat support: yes
[TorchScriptPredictor Layer 25] Loaded model: /home/michael/heteroPredict/trainingData/qwen3_30b/transformer_final_pfill_markov_emb/transformer_eh4_h64_f6/layer_25/best_jit.pt
[ThreadedTorchScriptPredictor Layer 26] Detected history_length=4 from /home/michael/heteroPredict/trainingData/qwen3_30b/transformer_final_pfill_markov_emb/transformer_eh4_h64_f6/layer_26/best.json
[TorchScriptPredictor Layer 26] Loading model on CPU
[TorchScriptPredictor Layer 26] Assuming prefill_dist, prev_expert_onehot, and prev_layers_feat support (v3 API).
[TorchScriptPredictor Layer 26] prefill_dist support: yes, prev_expert_onehot support: yes, prev_layers_feat support: yes
[TorchScriptPredictor Layer 26] Loaded model: /home/michael/heteroPredict/trainingData/qwen3_30b/transformer_final_pfill_markov_emb/transformer_eh4_h64_f6/layer_26/best_jit.pt
[ThreadedTorchScriptPredictor Layer 27] Detected history_length=4 from /home/michael/heteroPredict/trainingData/qwen3_30b/transformer_final_pfill_markov_emb/transformer_eh4_h64_f6/layer_27/best.json
[TorchScriptPredictor Layer 27] Loading model on CPU
[TorchScriptPredictor Layer 27] Assuming prefill_dist, prev_expert_onehot, and prev_layers_feat support (v3 API).
[TorchScriptPredictor Layer 27] prefill_dist support: yes, prev_expert_onehot support: yes, prev_layers_feat support: yes
[TorchScriptPredictor Layer 27] Loaded model: /home/michael/heteroPredict/trainingData/qwen3_30b/transformer_final_pfill_markov_emb/transformer_eh4_h64_f6/layer_27/best_jit.pt
[ThreadedTorchScriptPredictor Layer 28] Detected history_length=4 from /home/michael/heteroPredict/trainingData/qwen3_30b/transformer_final_pfill_markov_emb/transformer_eh4_h64_f6/layer_28/best.json
[TorchScriptPredictor Layer 28] Loading model on CPU
[TorchScriptPredictor Layer 28] Assuming prefill_dist, prev_expert_onehot, and prev_layers_feat support (v3 API).
[TorchScriptPredictor Layer 28] prefill_dist support: yes, prev_expert_onehot support: yes, prev_layers_feat support: yes
[TorchScriptPredictor Layer 28] Loaded model: /home/michael/heteroPredict/trainingData/qwen3_30b/transformer_final_pfill_markov_emb/transformer_eh4_h64_f6/layer_28/best_jit.pt
[ThreadedTorchScriptPredictor Layer 29] Detected history_length=4 from /home/michael/heteroPredict/trainingData/qwen3_30b/transformer_final_pfill_markov_emb/transformer_eh4_h64_f6/layer_29/best.json
[TorchScriptPredictor Layer 29] Loading model on CPU
[TorchScriptPredictor Layer 29] Assuming prefill_dist, prev_expert_onehot, and prev_layers_feat support (v3 API).
[TorchScriptPredictor Layer 29] prefill_dist support: yes, prev_expert_onehot support: yes, prev_layers_feat support: yes
[TorchScriptPredictor Layer 29] Loaded model: /home/michael/heteroPredict/trainingData/qwen3_30b/transformer_final_pfill_markov_emb/transformer_eh4_h64_f6/layer_29/best_jit.pt
[ThreadedTorchScriptPredictor Layer 30] Detected history_length=4 from /home/michael/heteroPredict/trainingData/qwen3_30b/transformer_final_pfill_markov_emb/transformer_eh4_h64_f6/layer_30/best.json
[TorchScriptPredictor Layer 30] Loading model on CPU
[TorchScriptPredictor Layer 30] Assuming prefill_dist, prev_expert_onehot, and prev_layers_feat support (v3 API).
[TorchScriptPredictor Layer 30] prefill_dist support: yes, prev_expert_onehot support: yes, prev_layers_feat support: yes
[TorchScriptPredictor Layer 30] Loaded model: /home/michael/heteroPredict/trainingData/qwen3_30b/transformer_final_pfill_markov_emb/transformer_eh4_h64_f6/layer_30/best_jit.pt
[ThreadedTorchScriptPredictor Layer 31] Detected history_length=4 from /home/michael/heteroPredict/trainingData/qwen3_30b/transformer_final_pfill_markov_emb/transformer_eh4_h64_f6/layer_31/best.json
[TorchScriptPredictor Layer 31] Loading model on CPU
[TorchScriptPredictor Layer 31] Assuming prefill_dist, prev_expert_onehot, and prev_layers_feat support (v3 API).
[TorchScriptPredictor Layer 31] prefill_dist support: yes, prev_expert_onehot support: yes, prev_layers_feat support: yes
[TorchScriptPredictor Layer 31] Loaded model: /home/michael/heteroPredict/trainingData/qwen3_30b/transformer_final_pfill_markov_emb/transformer_eh4_h64_f6/layer_31/best_jit.pt
[ThreadedTorchScriptPredictor Layer 32] Detected history_length=4 from /home/michael/heteroPredict/trainingData/qwen3_30b/transformer_final_pfill_markov_emb/transformer_eh4_h64_f6/layer_32/best.json
[TorchScriptPredictor Layer 32] Loading model on CPU
[TorchScriptPredictor Layer 32] Assuming prefill_dist, prev_expert_onehot, and prev_layers_feat support (v3 API).
[TorchScriptPredictor Layer 32] prefill_dist support: yes, prev_expert_onehot support: yes, prev_layers_feat support: yes
[TorchScriptPredictor Layer 32] Loaded model: /home/michael/heteroPredict/trainingData/qwen3_30b/transformer_final_pfill_markov_emb/transformer_eh4_h64_f6/layer_32/best_jit.pt
[ThreadedTorchScriptPredictor Layer 33] Detected history_length=4 from /home/michael/heteroPredict/trainingData/qwen3_30b/transformer_final_pfill_markov_emb/transformer_eh4_h64_f6/layer_33/best.json
[TorchScriptPredictor Layer 33] Loading model on CPU
[TorchScriptPredictor Layer 33] Assuming prefill_dist, prev_expert_onehot, and prev_layers_feat support (v3 API).
[TorchScriptPredictor Layer 33] prefill_dist support: yes, prev_expert_onehot support: yes, prev_layers_feat support: yes
[TorchScriptPredictor Layer 33] Loaded model: /home/michael/heteroPredict/trainingData/qwen3_30b/transformer_final_pfill_markov_emb/transformer_eh4_h64_f6/layer_33/best_jit.pt
[ThreadedTorchScriptPredictor Layer 34] Detected history_length=4 from /home/michael/heteroPredict/trainingData/qwen3_30b/transformer_final_pfill_markov_emb/transformer_eh4_h64_f6/layer_34/best.json
[TorchScriptPredictor Layer 34] Loading model on CPU
[TorchScriptPredictor Layer 34] Assuming prefill_dist, prev_expert_onehot, and prev_layers_feat support (v3 API).
[TorchScriptPredictor Layer 34] prefill_dist support: yes, prev_expert_onehot support: yes, prev_layers_feat support: yes
[TorchScriptPredictor Layer 34] Loaded model: /home/michael/heteroPredict/trainingData/qwen3_30b/transformer_final_pfill_markov_emb/transformer_eh4_h64_f6/layer_34/best_jit.pt
[ThreadedTorchScriptPredictor Layer 35] Detected history_length=4 from /home/michael/heteroPredict/trainingData/qwen3_30b/transformer_final_pfill_markov_emb/transformer_eh4_h64_f6/layer_35/best.json
[TorchScriptPredictor Layer 35] Loading model on CPU
[TorchScriptPredictor Layer 35] Assuming prefill_dist, prev_expert_onehot, and prev_layers_feat support (v3 API).
[TorchScriptPredictor Layer 35] prefill_dist support: yes, prev_expert_onehot support: yes, prev_layers_feat support: yes
[TorchScriptPredictor Layer 35] Loaded model: /home/michael/heteroPredict/trainingData/qwen3_30b/transformer_final_pfill_markov_emb/transformer_eh4_h64_f6/layer_35/best_jit.pt
[ThreadedTorchScriptPredictor Layer 36] Detected history_length=4 from /home/michael/heteroPredict/trainingData/qwen3_30b/transformer_final_pfill_markov_emb/transformer_eh4_h64_f6/layer_36/best.json
[TorchScriptPredictor Layer 36] Loading model on CPU
[TorchScriptPredictor Layer 36] Assuming prefill_dist, prev_expert_onehot, and prev_layers_feat support (v3 API).
[TorchScriptPredictor Layer 36] prefill_dist support: yes, prev_expert_onehot support: yes, prev_layers_feat support: yes
[TorchScriptPredictor Layer 36] Loaded model: /home/michael/heteroPredict/trainingData/qwen3_30b/transformer_final_pfill_markov_emb/transformer_eh4_h64_f6/layer_36/best_jit.pt
[ThreadedTorchScriptPredictor Layer 37] Detected history_length=4 from /home/michael/heteroPredict/trainingData/qwen3_30b/transformer_final_pfill_markov_emb/transformer_eh4_h64_f6/layer_37/best.json
[TorchScriptPredictor Layer 37] Loading model on CPU
[TorchScriptPredictor Layer 37] Assuming prefill_dist, prev_expert_onehot, and prev_layers_feat support (v3 API).
[TorchScriptPredictor Layer 37] prefill_dist support: yes, prev_expert_onehot support: yes, prev_layers_feat support: yes
[TorchScriptPredictor Layer 37] Loaded model: /home/michael/heteroPredict/trainingData/qwen3_30b/transformer_final_pfill_markov_emb/transformer_eh4_h64_f6/layer_37/best_jit.pt
[ThreadedTorchScriptPredictor Layer 38] Detected history_length=4 from /home/michael/heteroPredict/trainingData/qwen3_30b/transformer_final_pfill_markov_emb/transformer_eh4_h64_f6/layer_38/best.json
[TorchScriptPredictor Layer 38] Loading model on CPU
[TorchScriptPredictor Layer 38] Assuming prefill_dist, prev_expert_onehot, and prev_layers_feat support (v3 API).
[TorchScriptPredictor Layer 38] prefill_dist support: yes, prev_expert_onehot support: yes, prev_layers_feat support: yes
[TorchScriptPredictor Layer 38] Loaded model: /home/michael/heteroPredict/trainingData/qwen3_30b/transformer_final_pfill_markov_emb/transformer_eh4_h64_f6/layer_38/best_jit.pt
[ThreadedTorchScriptPredictor Layer 39] Detected history_length=4 from /home/michael/heteroPredict/trainingData/qwen3_30b/transformer_final_pfill_markov_emb/transformer_eh4_h64_f6/layer_39/best.json
[TorchScriptPredictor Layer 39] Loading model on CPU
[TorchScriptPredictor Layer 39] Assuming prefill_dist, prev_expert_onehot, and prev_layers_feat support (v3 API).
[TorchScriptPredictor Layer 39] prefill_dist support: yes, prev_expert_onehot support: yes, prev_layers_feat support: yes
[TorchScriptPredictor Layer 39] Loaded model: /home/michael/heteroPredict/trainingData/qwen3_30b/transformer_final_pfill_markov_emb/transformer_eh4_h64_f6/layer_39/best_jit.pt
[ThreadedTorchScriptPredictor Layer 40] Detected history_length=4 from /home/michael/heteroPredict/trainingData/qwen3_30b/transformer_final_pfill_markov_emb/transformer_eh4_h64_f6/layer_40/best.json
[TorchScriptPredictor Layer 40] Loading model on CPU
[TorchScriptPredictor Layer 40] Assuming prefill_dist, prev_expert_onehot, and prev_layers_feat support (v3 API).
[TorchScriptPredictor Layer 40] prefill_dist support: yes, prev_expert_onehot support: yes, prev_layers_feat support: yes
[TorchScriptPredictor Layer 40] Loaded model: /home/michael/heteroPredict/trainingData/qwen3_30b/transformer_final_pfill_markov_emb/transformer_eh4_h64_f6/layer_40/best_jit.pt
[ThreadedTorchScriptPredictor Layer 41] Detected history_length=4 from /home/michael/heteroPredict/trainingData/qwen3_30b/transformer_final_pfill_markov_emb/transformer_eh4_h64_f6/layer_41/best.json
[TorchScriptPredictor Layer 41] Loading model on CPU
[TorchScriptPredictor Layer 41] Assuming prefill_dist, prev_expert_onehot, and prev_layers_feat support (v3 API).
[TorchScriptPredictor Layer 41] prefill_dist support: yes, prev_expert_onehot support: yes, prev_layers_feat support: yes
[TorchScriptPredictor Layer 41] Loaded model: /home/michael/heteroPredict/trainingData/qwen3_30b/transformer_final_pfill_markov_emb/transformer_eh4_h64_f6/layer_41/best_jit.pt
[ThreadedTorchScriptPredictor Layer 42] Detected history_length=4 from /home/michael/heteroPredict/trainingData/qwen3_30b/transformer_final_pfill_markov_emb/transformer_eh4_h64_f6/layer_42/best.json
[TorchScriptPredictor Layer 42] Loading model on CPU
[TorchScriptPredictor Layer 42] Assuming prefill_dist, prev_expert_onehot, and prev_layers_feat support (v3 API).
[TorchScriptPredictor Layer 42] prefill_dist support: yes, prev_expert_onehot support: yes, prev_layers_feat support: yes
[TorchScriptPredictor Layer 42] Loaded model: /home/michael/heteroPredict/trainingData/qwen3_30b/transformer_final_pfill_markov_emb/transformer_eh4_h64_f6/layer_42/best_jit.pt
[ThreadedTorchScriptPredictor Layer 43] Detected history_length=4 from /home/michael/heteroPredict/trainingData/qwen3_30b/transformer_final_pfill_markov_emb/transformer_eh4_h64_f6/layer_43/best.json
[TorchScriptPredictor Layer 43] Loading model on CPU
[TorchScriptPredictor Layer 43] Assuming prefill_dist, prev_expert_onehot, and prev_layers_feat support (v3 API).
[TorchScriptPredictor Layer 43] prefill_dist support: yes, prev_expert_onehot support: yes, prev_layers_feat support: yes
[TorchScriptPredictor Layer 43] Loaded model: /home/michael/heteroPredict/trainingData/qwen3_30b/transformer_final_pfill_markov_emb/transformer_eh4_h64_f6/layer_43/best_jit.pt
[ThreadedTorchScriptPredictor Layer 44] Detected history_length=4 from /home/michael/heteroPredict/trainingData/qwen3_30b/transformer_final_pfill_markov_emb/transformer_eh4_h64_f6/layer_44/best.json
[TorchScriptPredictor Layer 44] Loading model on CPU
[TorchScriptPredictor Layer 44] Assuming prefill_dist, prev_expert_onehot, and prev_layers_feat support (v3 API).
[TorchScriptPredictor Layer 44] prefill_dist support: yes, prev_expert_onehot support: yes, prev_layers_feat support: yes
[TorchScriptPredictor Layer 44] Loaded model: /home/michael/heteroPredict/trainingData/qwen3_30b/transformer_final_pfill_markov_emb/transformer_eh4_h64_f6/layer_44/best_jit.pt
[ThreadedTorchScriptPredictor Layer 45] Detected history_length=4 from /home/michael/heteroPredict/trainingData/qwen3_30b/transformer_final_pfill_markov_emb/transformer_eh4_h64_f6/layer_45/best.json
[TorchScriptPredictor Layer 45] Loading model on CPU
[TorchScriptPredictor Layer 45] Assuming prefill_dist, prev_expert_onehot, and prev_layers_feat support (v3 API).
[TorchScriptPredictor Layer 45] prefill_dist support: yes, prev_expert_onehot support: yes, prev_layers_feat support: yes
[TorchScriptPredictor Layer 45] Loaded model: /home/michael/heteroPredict/trainingData/qwen3_30b/transformer_final_pfill_markov_emb/transformer_eh4_h64_f6/layer_45/best_jit.pt
[ThreadedTorchScriptPredictor Layer 46] Detected history_length=4 from /home/michael/heteroPredict/trainingData/qwen3_30b/transformer_final_pfill_markov_emb/transformer_eh4_h64_f6/layer_46/best.json
[TorchScriptPredictor Layer 46] Loading model on CPU
[TorchScriptPredictor Layer 46] Assuming prefill_dist, prev_expert_onehot, and prev_layers_feat support (v3 API).
[TorchScriptPredictor Layer 46] prefill_dist support: yes, prev_expert_onehot support: yes, prev_layers_feat support: yes
[TorchScriptPredictor Layer 46] Loaded model: /home/michael/heteroPredict/trainingData/qwen3_30b/transformer_final_pfill_markov_emb/transformer_eh4_h64_f6/layer_46/best_jit.pt
[ThreadedTorchScriptPredictor Layer 47] Detected history_length=4 from /home/michael/heteroPredict/trainingData/qwen3_30b/transformer_final_pfill_markov_emb/transformer_eh4_h64_f6/layer_47/best.json
[TorchScriptPredictor Layer 47] Loading model on CPU
[TorchScriptPredictor Layer 47] Assuming prefill_dist, prev_expert_onehot, and prev_layers_feat support (v3 API).
[TorchScriptPredictor Layer 47] prefill_dist support: yes, prev_expert_onehot support: yes, prev_layers_feat support: yes
[TorchScriptPredictor Layer 47] Loaded model: /home/michael/heteroPredict/trainingData/qwen3_30b/transformer_final_pfill_markov_emb/transformer_eh4_h64_f6/layer_47/best_jit.pt
UnifiedLLMW4A16 moved to device: cuda:0
Preloading MoE kernels...
MoE kernels preloaded.
UnifiedLLMW4A16 initialized on device: cuda:0 with w4a16 quantization
[Predictor] Lookahead stride set to 6 (predictor fires every 6 decode tokens)
Loading non-quantized weights from safetensors (mmap): /home/michael/heteroPredict/py/unified_llm_w4a16/model_weights/Qwen3-30B-A3B-AWQ.safetensors
Loaded 243 non-quantized parameters, skipped 0
Loading quantized weights from bins: /home/michael/heteroPredict/py/unified_llm_w4a16/model_weights/Qwen3-30B-A3B-AWQ_unpacked
  Expert weights dir override: /home/michael/heteroPredict/py/unified_llm_w4a16/model_weights/Qwen3-30B-A3B-AWQ_packed
Pre-warming 64 experts for all layers...
Layer 0: Pre-warming 64 experts.
Layer 0: using packed expert format.
[MoE I/O] Expert weight reads require O_DIRECT (no buffered fallback).
Layer 1: Pre-warming 64 experts.
Layer 1: using packed expert format.
Layer 2: Pre-warming 64 experts.
Layer 2: using packed expert format.
Layer 3: Pre-warming 64 experts.
Layer 3: using packed expert format.
Prewarmed experts for layer 4/48
Layer 4: Pre-warming 64 experts.
Layer 4: using packed expert format.
Layer 5: Pre-warming 64 experts.
Layer 5: using packed expert format.
Layer 6: Pre-warming 64 experts.
Layer 6: using packed expert format.
Layer 7: Pre-warming 64 experts.
Layer 7: using packed expert format.
Prewarmed experts for layer 8/48
Layer 8: Pre-warming 64 experts.
Layer 8: using packed expert format.
Layer 9: Pre-warming 64 experts.
Layer 9: using packed expert format.
Layer 10: Pre-warming 64 experts.
Layer 10: using packed expert format.
Layer 11: Pre-warming 64 experts.
Layer 11: using packed expert format.
Prewarmed experts for layer 12/48
Layer 12: Pre-warming 64 experts.
Layer 12: using packed expert format.
Layer 13: Pre-warming 64 experts.
Layer 13: using packed expert format.
Layer 14: Pre-warming 64 experts.
Layer 14: using packed expert format.
Layer 15: Pre-warming 64 experts.
Layer 15: using packed expert format.
Prewarmed experts for layer 16/48
Layer 16: Pre-warming 64 experts.
Layer 16: using packed expert format.
Layer 17: Pre-warming 64 experts.
Layer 17: using packed expert format.
Layer 18: Pre-warming 64 experts.
Layer 18: using packed expert format.
Layer 19: Pre-warming 64 experts.
Layer 19: using packed expert format.
Prewarmed experts for layer 20/48
Layer 20: Pre-warming 64 experts.
Layer 20: using packed expert format.
Layer 21: Pre-warming 64 experts.
Layer 21: using packed expert format.
Layer 22: Pre-warming 64 experts.
Layer 22: using packed expert format.
Layer 23: Pre-warming 64 experts.
Layer 23: using packed expert format.
Prewarmed experts for layer 24/48
Layer 24: Pre-warming 64 experts.
Layer 24: using packed expert format.
Layer 25: Pre-warming 64 experts.
Layer 25: using packed expert format.
Layer 26: Pre-warming 64 experts.
Layer 26: using packed expert format.
Layer 27: Pre-warming 64 experts.
Layer 27: using packed expert format.
Prewarmed experts for layer 28/48
Layer 28: Pre-warming 64 experts.
Layer 28: using packed expert format.
Layer 29: Pre-warming 64 experts.
Layer 29: using packed expert format.
Layer 30: Pre-warming 64 experts.
Layer 30: using packed expert format.
Layer 31: Pre-warming 64 experts.
Layer 31: using packed expert format.
Prewarmed experts for layer 32/48
Layer 32: Pre-warming 64 experts.
Layer 32: using packed expert format.
Layer 33: Pre-warming 64 experts.
Layer 33: using packed expert format.
Layer 34: Pre-warming 64 experts.
Layer 34: using packed expert format.
Layer 35: Pre-warming 64 experts.
Layer 35: using packed expert format.
Prewarmed experts for layer 36/48
Layer 36: Pre-warming 64 experts.
Layer 36: using packed expert format.
Layer 37: Pre-warming 64 experts.
Layer 37: using packed expert format.
Layer 38: Pre-warming 64 experts.
Layer 38: using packed expert format.
Layer 39: Pre-warming 64 experts.
Layer 39: using packed expert format.
Prewarmed experts for layer 40/48
Layer 40: Pre-warming 64 experts.
Layer 40: using packed expert format.
Layer 41: Pre-warming 64 experts.
Layer 41: using packed expert format.
Layer 42: Pre-warming 64 experts.
Layer 42: using packed expert format.
Layer 43: Pre-warming 64 experts.
Layer 43: using packed expert format.
Prewarmed experts for layer 44/48
Layer 44: Pre-warming 64 experts.
Layer 44: using packed expert format.
Layer 45: Pre-warming 64 experts.
Layer 45: using packed expert format.
Layer 46: Pre-warming 64 experts.
Layer 46: using packed expert format.
Layer 47: Pre-warming 64 experts.
Layer 47: using packed expert format.
Prewarmed experts for layer 48/48
Libtorch input_ids shape: [1, 512]
Skipping warmup.
Prefill time: 13.4209 seconds
[Predictor] Prefill-end expert cache warmup (excluded from generation TPS).
[Layer 0 Warmup Debug] predict_sync returned: 28 51 72 62 77 118 91 100 64 111 46 87 21 122 65 120 75 50 110 63 98 33 104 97 0 2 67 29 47 53 16 126 105 66 73 40 103 13 112 82 61 22 34 101 23 83 106 12 41 43 125 24 17 124 93 81 68 80 116 32 30 31 14 84 7 69 44 102 92 86 4 26 95 107 119 57 49 11 3 89 70 71 38 6 18 27 74 48 78 76 45 58 37 60 117 123 85 127 1 114 90 79 52 35 25 99 19 9 109 5 88 20 42 59 121 8 94 56 115 39 15 54 113 36 55 96 10 108 
[Layer 0 Warmup Debug] experts_to_prefetch returned: 28 51 72 62 77 118 91 100 64 111 46 87 21 122 65 120 75 50 110 63 98 33 104 97 0 2 67 29 47 53 16 126 105 66 73 40 
[Layer 0 Warmup Debug] After prefill-end warmup, slots are: 64 65 66 67 33 0 2 29 72 73 47 75 53 77 16 40 82 83 84 85 86 87 88 91 92 93 95 97 98 99 100 101 102 103 104 105 106 107 108 109 110 111 112 113 114 116 117 118 119 120 121 122 123 124 125 126 127 28 51 46 21 50 62 63 
Generation phase
[Layer 0 Step 0 Debug] Slots before check: 64 65 66 67 33 0 2 29 72 73 47 75 53 77 16 40 82 83 84 85 86 87 88 91 92 93 95 97 98 99 100 101 102 103 104 105 106 107 108 109 110 111 112 113 114 116 117 118 119 120 121 122 123 124 125 126 127 28 51 46 21 50 62 63 
[Layer 0 Step 0 Debug] Requested: 95 87 83 73 28 46 118 112 
[gen 5/79] elapsed=0.6s  TPS=8.912
[gen 10/79] elapsed=1.0s  TPS=9.935
[gen 15/79] elapsed=1.5s  TPS=10.192
[gen 20/79] elapsed=1.8s  TPS=10.996
[gen 25/79] elapsed=2.3s  TPS=10.870
[gen 30/79] elapsed=2.9s  TPS=10.519
[gen 35/79] elapsed=3.3s  TPS=10.457
[gen 40/79] elapsed=3.7s  TPS=10.746
[gen 45/79] elapsed=4.1s  TPS=10.945
[gen 50/79] elapsed=4.5s  TPS=11.128
[gen 55/79] elapsed=4.9s  TPS=11.274
[gen 60/79] elapsed=5.3s  TPS=11.379
[gen 65/79] elapsed=5.7s  TPS=11.415
[gen 70/79] elapsed=6.1s  TPS=11.425
[gen 75/79] elapsed=6.5s  TPS=11.532
Prefill time (summary): 13.421 seconds
Total Generation Time: 6.830 seconds
Average Time per Token: 0.0864562 seconds

Expert Cache Statistics:
Layer 0 Cache Stats: Hits=579, Misses=53, HitRate=91.61%
    Predictor Routed-Expert HitRate=47.69% (31/65, routed_n=5, horizon=6)
    Predictor RoutedForcedN HitRate=47.69% (31/65)
    Predictor RoutedTopK HitRate=53.85% (56/104)
    Predicted RequestedByRouterForcedN Rate=6.62% (31/468)
    Predicted RequestedByRouterTopK Rate=11.97% (56/468)
    Predictor WindowRecall Rate=65.03% (292/449)
    Predictor WindowPrecision Rate=62.39% (292/468)
    Loads Per Step: 0Loads=39, 1Load=30, >1Load=10
    Bandwidth: StallLoads=53, PrefetchLoads=85, AvgLoadTime=2.73ms
    PrefetchOverlap: HiddenReady=56, HiddenWait=0, TicksSkipped=0
    MissCause: NotPresent=53, NotReadyStall=0
    PrefetchEff: Dropped=0, AlreadyCached=419, UsedBeforeEvict=56, EvictedBeforeUse=25
    GlobalSpecLoad: PeakConcurrent=8
    Predictor TopK matches: 0=1 1=2 >=2=10
Layer 1 Cache Stats: Hits=599, Misses=33, HitRate=94.78%
    Predictor Routed-Expert HitRate=61.54% (40/65, routed_n=5, horizon=6)
    Predictor RoutedForcedN HitRate=61.54% (40/65)
    Predictor RoutedTopK HitRate=63.46% (66/104)
    Predicted RequestedByRouterForcedN Rate=8.55% (40/468)
    Predicted RequestedByRouterTopK Rate=14.10% (66/468)
    Predictor WindowRecall Rate=63.43% (255/402)
    Predictor WindowPrecision Rate=54.49% (255/468)
    Loads Per Step: 0Loads=54, 1Load=19, >1Load=6
    Bandwidth: StallLoads=33, PrefetchLoads=35, AvgLoadTime=5.00ms
    PrefetchOverlap: HiddenReady=24, HiddenWait=0, TicksSkipped=0
    MissCause: NotPresent=33, NotReadyStall=0
    PrefetchEff: Dropped=0, AlreadyCached=469, UsedBeforeEvict=24, EvictedBeforeUse=10
    Predictor TopK matches: 0=1 1=1 >=2=11
Layer 2 Cache Stats: Hits=620, Misses=12, HitRate=98.10%
    Predictor Routed-Expert HitRate=75.38% (49/65, routed_n=5, horizon=6)
    Predictor RoutedForcedN HitRate=75.38% (49/65)
    Predictor RoutedTopK HitRate=74.04% (77/104)
    Predicted RequestedByRouterForcedN Rate=10.47% (49/468)
    Predicted RequestedByRouterTopK Rate=16.45% (77/468)
    Predictor WindowRecall Rate=70.18% (273/389)
    Predictor WindowPrecision Rate=58.33% (273/468)
    Loads Per Step: 0Loads=69, 1Load=8, >1Load=2
    Bandwidth: StallLoads=12, PrefetchLoads=11, AvgLoadTime=6.55ms
    PrefetchOverlap: HiddenReady=9, HiddenWait=0, TicksSkipped=0
    MissCause: NotPresent=12, NotReadyStall=0
    PrefetchEff: Dropped=0, AlreadyCached=493, UsedBeforeEvict=9, EvictedBeforeUse=2
    Predictor TopK matches: 0=0 1=0 >=2=13
Layer 3 Cache Stats: Hits=603, Misses=29, HitRate=95.41%
    Predictor Routed-Expert HitRate=81.54% (53/65, routed_n=5, horizon=6)
    Predictor RoutedForcedN HitRate=81.54% (53/65)
    Predictor RoutedTopK HitRate=75.00% (78/104)
    Predicted RequestedByRouterForcedN Rate=11.32% (53/468)
    Predicted RequestedByRouterTopK Rate=16.67% (78/468)
    Predictor WindowRecall Rate=70.91% (256/361)
    Predictor WindowPrecision Rate=54.70% (256/468)
    Loads Per Step: 0Loads=55, 1Load=20, >1Load=4
    Bandwidth: StallLoads=29, PrefetchLoads=32, AvgLoadTime=5.62ms
    PrefetchOverlap: HiddenReady=18, HiddenWait=0, TicksSkipped=0
    MissCause: NotPresent=29, NotReadyStall=0
    PrefetchEff: Dropped=0, AlreadyCached=472, UsedBeforeEvict=18, EvictedBeforeUse=10
    Predictor TopK matches: 0=0 1=0 >=2=13
Layer 4 Cache Stats: Hits=619, Misses=13, HitRate=97.94%
    Predictor Routed-Expert HitRate=75.38% (49/65, routed_n=5, horizon=6)
    Predictor RoutedForcedN HitRate=75.38% (49/65)
    Predictor RoutedTopK HitRate=80.77% (84/104)
    Predicted RequestedByRouterForcedN Rate=10.47% (49/468)
    Predicted RequestedByRouterTopK Rate=17.95% (84/468)
    Predictor WindowRecall Rate=78.08% (285/365)
    Predictor WindowPrecision Rate=60.90% (285/468)
    Loads Per Step: 0Loads=67, 1Load=11, >1Load=1
    Bandwidth: StallLoads=13, PrefetchLoads=17, AvgLoadTime=8.00ms
    PrefetchOverlap: HiddenReady=12, HiddenWait=0, TicksSkipped=0
    MissCause: NotPresent=13, NotReadyStall=0
    PrefetchEff: Dropped=0, AlreadyCached=487, UsedBeforeEvict=12, EvictedBeforeUse=2
    Predictor TopK matches: 0=0 1=0 >=2=13
Layer 5 Cache Stats: Hits=618, Misses=14, HitRate=97.78%
    Predictor Routed-Expert HitRate=73.85% (48/65, routed_n=5, horizon=6)
    Predictor RoutedForcedN HitRate=73.85% (48/65)
    Predictor RoutedTopK HitRate=70.19% (73/104)
    Predicted RequestedByRouterForcedN Rate=10.26% (48/468)
    Predicted RequestedByRouterTopK Rate=15.60% (73/468)
    Predictor WindowRecall Rate=73.61% (265/360)
    Predictor WindowPrecision Rate=56.62% (265/468)
    Loads Per Step: 0Loads=68, 1Load=9, >1Load=2
    Bandwidth: StallLoads=14, PrefetchLoads=21, AvgLoadTime=7.45ms
    PrefetchOverlap: HiddenReady=13, HiddenWait=0, TicksSkipped=0
    MissCause: NotPresent=14, NotReadyStall=0
    PrefetchEff: Dropped=0, AlreadyCached=483, UsedBeforeEvict=13, EvictedBeforeUse=6
    Predictor TopK matches: 0=0 1=1 >=2=12
Layer 6 Cache Stats: Hits=629, Misses=3, HitRate=99.53%
    Predictor Routed-Expert HitRate=93.85% (61/65, routed_n=5, horizon=6)
    Predictor RoutedForcedN HitRate=93.85% (61/65)
    Predictor RoutedTopK HitRate=95.19% (99/104)
    Predicted RequestedByRouterForcedN Rate=13.03% (61/468)
    Predicted RequestedByRouterTopK Rate=21.15% (99/468)
    Predictor WindowRecall Rate=90.20% (230/255)
    Predictor WindowPrecision Rate=49.15% (230/468)
    Loads Per Step: 0Loads=76, 1Load=3, >1Load=0
    Bandwidth: StallLoads=3, PrefetchLoads=6, AvgLoadTime=11.11ms
    PrefetchOverlap: HiddenReady=2, HiddenWait=0, TicksSkipped=0
    MissCause: NotPresent=3, NotReadyStall=0
    PrefetchEff: Dropped=0, AlreadyCached=498, UsedBeforeEvict=2, EvictedBeforeUse=0
    Predictor TopK matches: 0=0 1=0 >=2=13
Layer 7 Cache Stats: Hits=629, Misses=3, HitRate=99.53%
    Predictor Routed-Expert HitRate=98.46% (64/65, routed_n=5, horizon=6)
    Predictor RoutedForcedN HitRate=98.46% (64/65)
    Predictor RoutedTopK HitRate=98.08% (102/104)
    Predicted RequestedByRouterForcedN Rate=13.68% (64/468)
    Predicted RequestedByRouterTopK Rate=21.79% (102/468)
    Predictor WindowRecall Rate=91.98% (241/262)
    Predictor WindowPrecision Rate=51.50% (241/468)
    Loads Per Step: 0Loads=76, 1Load=3, >1Load=0
    Bandwidth: StallLoads=3, PrefetchLoads=11, AvgLoadTime=7.75ms
    PrefetchOverlap: HiddenReady=5, HiddenWait=0, TicksSkipped=0
    MissCause: NotPresent=3, NotReadyStall=0
    PrefetchEff: Dropped=0, AlreadyCached=493, UsedBeforeEvict=5, EvictedBeforeUse=0
    Predictor TopK matches: 0=0 1=0 >=2=13
Layer 8 Cache Stats: Hits=626, Misses=6, HitRate=99.05%
    Predictor Routed-Expert HitRate=81.54% (53/65, routed_n=5, horizon=6)
    Predictor RoutedForcedN HitRate=81.54% (53/65)
    Predictor RoutedTopK HitRate=81.73% (85/104)
    Predicted RequestedByRouterForcedN Rate=11.32% (53/468)
    Predicted RequestedByRouterTopK Rate=18.16% (85/468)
    Predictor WindowRecall Rate=79.47% (240/302)
    Predictor WindowPrecision Rate=51.28% (240/468)
    Loads Per Step: 0Loads=74, 1Load=4, >1Load=1
    Bandwidth: StallLoads=6, PrefetchLoads=23, AvgLoadTime=8.34ms
    PrefetchOverlap: HiddenReady=15, HiddenWait=0, TicksSkipped=0
    MissCause: NotPresent=6, NotReadyStall=0
    PrefetchEff: Dropped=0, AlreadyCached=481, UsedBeforeEvict=15, EvictedBeforeUse=4
    Predictor TopK matches: 0=0 1=0 >=2=13
Layer 9 Cache Stats: Hits=629, Misses=3, HitRate=99.53%
    Predictor Routed-Expert HitRate=90.77% (59/65, routed_n=5, horizon=6)
    Predictor RoutedForcedN HitRate=90.77% (59/65)
    Predictor RoutedTopK HitRate=91.35% (95/104)
    Predicted RequestedByRouterForcedN Rate=12.61% (59/468)
    Predicted RequestedByRouterTopK Rate=20.30% (95/468)
    Predictor WindowRecall Rate=85.36% (239/280)
    Predictor WindowPrecision Rate=51.07% (239/468)
    Loads Per Step: 0Loads=76, 1Load=3, >1Load=0
    Bandwidth: StallLoads=3, PrefetchLoads=11, AvgLoadTime=11.62ms
    PrefetchOverlap: HiddenReady=6, HiddenWait=0, TicksSkipped=0
    MissCause: NotPresent=3, NotReadyStall=0
    PrefetchEff: Dropped=0, AlreadyCached=493, UsedBeforeEvict=6, EvictedBeforeUse=0
    Predictor TopK matches: 0=0 1=0 >=2=13
Layer 10 Cache Stats: Hits=621, Misses=11, HitRate=98.26%
    Predictor Routed-Expert HitRate=78.46% (51/65, routed_n=5, horizon=6)
    Predictor RoutedForcedN HitRate=78.46% (51/65)
    Predictor RoutedTopK HitRate=80.77% (84/104)
    Predicted RequestedByRouterForcedN Rate=10.90% (51/468)
    Predicted RequestedByRouterTopK Rate=17.95% (84/468)
    Predictor WindowRecall Rate=82.57% (251/304)
    Predictor WindowPrecision Rate=53.63% (251/468)
    Loads Per Step: 0Loads=68, 1Load=11, >1Load=0
    Bandwidth: StallLoads=11, PrefetchLoads=31, AvgLoadTime=5.69ms
    PrefetchOverlap: HiddenReady=15, HiddenWait=0, TicksSkipped=0
    MissCause: NotPresent=11, NotReadyStall=0
    PrefetchEff: Dropped=0, AlreadyCached=473, UsedBeforeEvict=15, EvictedBeforeUse=9
    Predictor TopK matches: 0=0 1=0 >=2=13
Layer 11 Cache Stats: Hits=617, Misses=15, HitRate=97.63%
    Predictor Routed-Expert HitRate=83.08% (54/65, routed_n=5, horizon=6)
    Predictor RoutedForcedN HitRate=83.08% (54/65)
    Predictor RoutedTopK HitRate=85.58% (89/104)
    Predicted RequestedByRouterForcedN Rate=11.54% (54/468)
    Predicted RequestedByRouterTopK Rate=19.02% (89/468)
    Predictor WindowRecall Rate=79.35% (246/310)
    Predictor WindowPrecision Rate=52.56% (246/468)
    Loads Per Step: 0Loads=67, 1Load=9, >1Load=3
    Bandwidth: StallLoads=15, PrefetchLoads=31, AvgLoadTime=5.61ms
    PrefetchOverlap: HiddenReady=15, HiddenWait=0, TicksSkipped=0
    MissCause: NotPresent=15, NotReadyStall=0
    PrefetchEff: Dropped=0, AlreadyCached=473, UsedBeforeEvict=15, EvictedBeforeUse=12
    Predictor TopK matches: 0=0 1=0 >=2=13
Layer 12 Cache Stats: Hits=623, Misses=9, HitRate=98.58%
    Predictor Routed-Expert HitRate=92.31% (60/65, routed_n=5, horizon=6)
    Predictor RoutedForcedN HitRate=92.31% (60/65)
    Predictor RoutedTopK HitRate=86.54% (90/104)
    Predicted RequestedByRouterForcedN Rate=12.82% (60/468)
    Predicted RequestedByRouterTopK Rate=19.23% (90/468)
    Predictor WindowRecall Rate=81.64% (249/305)
    Predictor WindowPrecision Rate=53.21% (249/468)
    Loads Per Step: 0Loads=70, 1Load=9, >1Load=0
    Bandwidth: StallLoads=9, PrefetchLoads=18, AvgLoadTime=6.84ms
    PrefetchOverlap: HiddenReady=9, HiddenWait=0, TicksSkipped=0
    MissCause: NotPresent=9, NotReadyStall=0
    PrefetchEff: Dropped=0, AlreadyCached=486, UsedBeforeEvict=9, EvictedBeforeUse=5
    Predictor TopK matches: 0=0 1=0 >=2=13
Layer 13 Cache Stats: Hits=622, Misses=10, HitRate=98.42%
    Predictor Routed-Expert HitRate=80.00% (52/65, routed_n=5, horizon=6)
    Predictor RoutedForcedN HitRate=80.00% (52/65)
    Predictor RoutedTopK HitRate=83.65% (87/104)
    Predicted RequestedByRouterForcedN Rate=11.11% (52/468)
    Predicted RequestedByRouterTopK Rate=18.59% (87/468)
    Predictor WindowRecall Rate=83.63% (281/336)
    Predictor WindowPrecision Rate=60.04% (281/468)
    Loads Per Step: 0Loads=70, 1Load=8, >1Load=1
    Bandwidth: StallLoads=10, PrefetchLoads=18, AvgLoadTime=7.95ms
    PrefetchOverlap: HiddenReady=12, HiddenWait=0, TicksSkipped=0
    MissCause: NotPresent=10, NotReadyStall=0
    PrefetchEff: Dropped=0, AlreadyCached=486, UsedBeforeEvict=12, EvictedBeforeUse=5
    Predictor TopK matches: 0=0 1=1 >=2=12
Layer 14 Cache Stats: Hits=630, Misses=2, HitRate=99.68%
    Predictor Routed-Expert HitRate=90.77% (59/65, routed_n=5, horizon=6)
    Predictor RoutedForcedN HitRate=90.77% (59/65)
    Predictor RoutedTopK HitRate=89.42% (93/104)
    Predicted RequestedByRouterForcedN Rate=12.61% (59/468)
    Predicted RequestedByRouterTopK Rate=19.87% (93/468)
    Predictor WindowRecall Rate=89.01% (243/273)
    Predictor WindowPrecision Rate=51.92% (243/468)
    Loads Per Step: 0Loads=77, 1Load=2, >1Load=0
    Bandwidth: StallLoads=2, PrefetchLoads=19, AvgLoadTime=8.59ms
    PrefetchOverlap: HiddenReady=10, HiddenWait=0, TicksSkipped=0
    MissCause: NotPresent=2, NotReadyStall=0
    PrefetchEff: Dropped=0, AlreadyCached=485, UsedBeforeEvict=10, EvictedBeforeUse=1
    Predictor TopK matches: 0=0 1=0 >=2=13
Layer 15 Cache Stats: Hits=624, Misses=8, HitRate=98.73%
    Predictor Routed-Expert HitRate=92.31% (60/65, routed_n=5, horizon=6)
    Predictor RoutedForcedN HitRate=92.31% (60/65)
    Predictor RoutedTopK HitRate=91.35% (95/104)
    Predicted RequestedByRouterForcedN Rate=12.82% (60/468)
    Predicted RequestedByRouterTopK Rate=20.30% (95/468)
    Predictor WindowRecall Rate=86.64% (240/277)
    Predictor WindowPrecision Rate=51.28% (240/468)
    Loads Per Step: 0Loads=71, 1Load=8, >1Load=0
    Bandwidth: StallLoads=8, PrefetchLoads=19, AvgLoadTime=7.10ms
    PrefetchOverlap: HiddenReady=7, HiddenWait=0, TicksSkipped=0
    MissCause: NotPresent=8, NotReadyStall=0
    PrefetchEff: Dropped=0, AlreadyCached=485, UsedBeforeEvict=7, EvictedBeforeUse=3
    Predictor TopK matches: 0=0 1=0 >=2=13
Layer 16 Cache Stats: Hits=627, Misses=5, HitRate=99.21%
    Predictor Routed-Expert HitRate=86.15% (56/65, routed_n=5, horizon=6)
    Predictor RoutedForcedN HitRate=86.15% (56/65)
    Predictor RoutedTopK HitRate=88.46% (92/104)
    Predicted RequestedByRouterForcedN Rate=11.97% (56/468)
    Predicted RequestedByRouterTopK Rate=19.66% (92/468)
    Predictor WindowRecall Rate=82.13% (239/291)
    Predictor WindowPrecision Rate=51.07% (239/468)
    Loads Per Step: 0Loads=75, 1Load=3, >1Load=1
    Bandwidth: StallLoads=5, PrefetchLoads=23, AvgLoadTime=7.24ms
    PrefetchOverlap: HiddenReady=11, HiddenWait=0, TicksSkipped=0
    MissCause: NotPresent=5, NotReadyStall=0
    PrefetchEff: Dropped=0, AlreadyCached=481, UsedBeforeEvict=11, EvictedBeforeUse=4
    Predictor TopK matches: 0=0 1=0 >=2=13
Layer 17 Cache Stats: Hits=624, Misses=8, HitRate=98.73%
    Predictor Routed-Expert HitRate=86.15% (56/65, routed_n=5, horizon=6)
    Predictor RoutedForcedN HitRate=86.15% (56/65)
    Predictor RoutedTopK HitRate=80.77% (84/104)
    Predicted RequestedByRouterForcedN Rate=11.97% (56/468)
    Predicted RequestedByRouterTopK Rate=17.95% (84/468)
    Predictor WindowRecall Rate=82.92% (267/322)
    Predictor WindowPrecision Rate=57.05% (267/468)
    Loads Per Step: 0Loads=73, 1Load=4, >1Load=2
    Bandwidth: StallLoads=8, PrefetchLoads=15, AvgLoadTime=8.87ms
    PrefetchOverlap: HiddenReady=6, HiddenWait=0, TicksSkipped=0
    MissCause: NotPresent=8, NotReadyStall=0
    PrefetchEff: Dropped=0, AlreadyCached=489, UsedBeforeEvict=6, EvictedBeforeUse=3
    Predictor TopK matches: 0=0 1=0 >=2=13
Layer 18 Cache Stats: Hits=632, Misses=0, HitRate=100.00%
    Predictor Routed-Expert HitRate=95.38% (62/65, routed_n=5, horizon=6)
    Predictor RoutedForcedN HitRate=95.38% (62/65)
    Predictor RoutedTopK HitRate=93.27% (97/104)
    Predicted RequestedByRouterForcedN Rate=13.25% (62/468)
    Predicted RequestedByRouterTopK Rate=20.73% (97/468)
    Predictor WindowRecall Rate=91.76% (234/255)
    Predictor WindowPrecision Rate=50.00% (234/468)
    Loads Per Step: 0Loads=79, 1Load=0, >1Load=0
    Bandwidth: StallLoads=0, PrefetchLoads=12, AvgLoadTime=7.79ms
    PrefetchOverlap: HiddenReady=5, HiddenWait=0, TicksSkipped=0
    PrefetchEff: Dropped=0, AlreadyCached=492, UsedBeforeEvict=5, EvictedBeforeUse=0
    Predictor TopK matches: 0=0 1=0 >=2=13
Layer 19 Cache Stats: Hits=630, Misses=2, HitRate=99.68%
    Predictor Routed-Expert HitRate=96.92% (63/65, routed_n=5, horizon=6)
    Predictor RoutedForcedN HitRate=96.92% (63/65)
    Predictor RoutedTopK HitRate=91.35% (95/104)
    Predicted RequestedByRouterForcedN Rate=13.46% (63/468)
    Predicted RequestedByRouterTopK Rate=20.30% (95/468)
    Predictor WindowRecall Rate=89.56% (223/249)
    Predictor WindowPrecision Rate=47.65% (223/468)
    Loads Per Step: 0Loads=77, 1Load=2, >1Load=0
    Bandwidth: StallLoads=2, PrefetchLoads=12, AvgLoadTime=6.64ms
    PrefetchOverlap: HiddenReady=3, HiddenWait=0, TicksSkipped=0
    MissCause: NotPresent=2, NotReadyStall=0
    PrefetchEff: Dropped=0, AlreadyCached=492, UsedBeforeEvict=3, EvictedBeforeUse=0
    Predictor TopK matches: 0=0 1=0 >=2=13
Layer 20 Cache Stats: Hits=623, Misses=9, HitRate=98.58%
    Predictor Routed-Expert HitRate=89.23% (58/65, routed_n=5, horizon=6)
    Predictor RoutedForcedN HitRate=89.23% (58/65)
    Predictor RoutedTopK HitRate=86.54% (90/104)
    Predicted RequestedByRouterForcedN Rate=12.39% (58/468)
    Predicted RequestedByRouterTopK Rate=19.23% (90/468)
    Predictor WindowRecall Rate=81.34% (231/284)
    Predictor WindowPrecision Rate=49.36% (231/468)
    Loads Per Step: 0Loads=72, 1Load=5, >1Load=2
    Bandwidth: StallLoads=9, PrefetchLoads=20, AvgLoadTime=6.32ms
    PrefetchOverlap: HiddenReady=11, HiddenWait=0, TicksSkipped=0
    MissCause: NotPresent=9, NotReadyStall=0
    PrefetchEff: Dropped=0, AlreadyCached=484, UsedBeforeEvict=11, EvictedBeforeUse=4
    Predictor TopK matches: 0=0 1=0 >=2=13
Layer 21 Cache Stats: Hits=630, Misses=2, HitRate=99.68%
    Predictor Routed-Expert HitRate=96.92% (63/65, routed_n=5, horizon=6)
    Predictor RoutedForcedN HitRate=96.92% (63/65)
    Predictor RoutedTopK HitRate=93.27% (97/104)
    Predicted RequestedByRouterForcedN Rate=13.46% (63/468)
    Predicted RequestedByRouterTopK Rate=20.73% (97/468)
    Predictor WindowRecall Rate=91.25% (240/263)
    Predictor WindowPrecision Rate=51.28% (240/468)
    Loads Per Step: 0Loads=77, 1Load=2, >1Load=0
    Bandwidth: StallLoads=2, PrefetchLoads=17, AvgLoadTime=9.71ms
    PrefetchOverlap: HiddenReady=5, HiddenWait=0, TicksSkipped=0
    MissCause: NotPresent=2, NotReadyStall=0
    PrefetchEff: Dropped=0, AlreadyCached=487, UsedBeforeEvict=5, EvictedBeforeUse=2
    Predictor TopK matches: 0=0 1=0 >=2=13
Layer 22 Cache Stats: Hits=617, Misses=15, HitRate=97.63%
    Predictor Routed-Expert HitRate=83.08% (54/65, routed_n=5, horizon=6)
    Predictor RoutedForcedN HitRate=83.08% (54/65)
    Predictor RoutedTopK HitRate=79.81% (83/104)
    Predicted RequestedByRouterForcedN Rate=11.54% (54/468)
    Predicted RequestedByRouterTopK Rate=17.74% (83/468)
    Predictor WindowRecall Rate=80.89% (254/314)
    Predictor WindowPrecision Rate=54.27% (254/468)
    Loads Per Step: 0Loads=66, 1Load=12, >1Load=1
    Bandwidth: StallLoads=15, PrefetchLoads=28, AvgLoadTime=4.91ms
    PrefetchOverlap: HiddenReady=18, HiddenWait=0, TicksSkipped=0
    MissCause: NotPresent=15, NotReadyStall=0
    PrefetchEff: Dropped=0, AlreadyCached=476, UsedBeforeEvict=18, EvictedBeforeUse=5
    Predictor TopK matches: 0=0 1=0 >=2=13
Layer 23 Cache Stats: Hits=617, Misses=15, HitRate=97.63%
    Predictor Routed-Expert HitRate=90.77% (59/65, routed_n=5, horizon=6)
    Predictor RoutedForcedN HitRate=90.77% (59/65)
    Predictor RoutedTopK HitRate=87.50% (91/104)
    Predicted RequestedByRouterForcedN Rate=12.61% (59/468)
    Predicted RequestedByRouterTopK Rate=19.44% (91/468)
    Predictor WindowRecall Rate=83.28% (264/317)
    Predictor WindowPrecision Rate=56.41% (264/468)
    Loads Per Step: 0Loads=66, 1Load=11, >1Load=2
    Bandwidth: StallLoads=15, PrefetchLoads=26, AvgLoadTime=6.61ms
    PrefetchOverlap: HiddenReady=18, HiddenWait=0, TicksSkipped=0
    MissCause: NotPresent=15, NotReadyStall=0
    PrefetchEff: Dropped=0, AlreadyCached=478, UsedBeforeEvict=18, EvictedBeforeUse=5
    Predictor TopK matches: 0=0 1=0 >=2=13
Layer 24 Cache Stats: Hits=625, Misses=7, HitRate=98.89%
    Predictor Routed-Expert HitRate=93.85% (61/65, routed_n=5, horizon=6)
    Predictor RoutedForcedN HitRate=93.85% (61/65)
    Predictor RoutedTopK HitRate=93.27% (97/104)
    Predicted RequestedByRouterForcedN Rate=13.03% (61/468)
    Predicted RequestedByRouterTopK Rate=20.73% (97/468)
    Predictor WindowRecall Rate=89.15% (263/295)
    Predictor WindowPrecision Rate=56.20% (263/468)
    Loads Per Step: 0Loads=72, 1Load=7, >1Load=0
    Bandwidth: StallLoads=7, PrefetchLoads=18, AvgLoadTime=7.44ms
    PrefetchOverlap: HiddenReady=12, HiddenWait=0, TicksSkipped=0
    MissCause: NotPresent=7, NotReadyStall=0
    PrefetchEff: Dropped=0, AlreadyCached=486, UsedBeforeEvict=12, EvictedBeforeUse=4
    Predictor TopK matches: 0=0 1=0 >=2=13
Layer 25 Cache Stats: Hits=617, Misses=15, HitRate=97.63%
    Predictor Routed-Expert HitRate=81.54% (53/65, routed_n=5, horizon=6)
    Predictor RoutedForcedN HitRate=81.54% (53/65)
    Predictor RoutedTopK HitRate=82.69% (86/104)
    Predicted RequestedByRouterForcedN Rate=11.32% (53/468)
    Predicted RequestedByRouterTopK Rate=18.38% (86/468)
    Predictor WindowRecall Rate=81.07% (274/338)
    Predictor WindowPrecision Rate=58.55% (274/468)
    Loads Per Step: 0Loads=65, 1Load=13, >1Load=1
    Bandwidth: StallLoads=15, PrefetchLoads=27, AvgLoadTime=7.04ms
    PrefetchOverlap: HiddenReady=16, HiddenWait=1, TicksSkipped=0
    MissCause: NotPresent=15, NotReadyStall=1
    PrefetchEff: Dropped=0, AlreadyCached=477, UsedBeforeEvict=17, EvictedBeforeUse=4
    Predictor TopK matches: 0=0 1=0 >=2=13
Layer 26 Cache Stats: Hits=627, Misses=5, HitRate=99.21%
    Predictor Routed-Expert HitRate=92.31% (60/65, routed_n=5, horizon=6)
    Predictor RoutedForcedN HitRate=92.31% (60/65)
    Predictor RoutedTopK HitRate=89.42% (93/104)
    Predicted RequestedByRouterForcedN Rate=12.82% (60/468)
    Predicted RequestedByRouterTopK Rate=19.87% (93/468)
    Predictor WindowRecall Rate=84.59% (247/292)
    Predictor WindowPrecision Rate=52.78% (247/468)
    Loads Per Step: 0Loads=74, 1Load=5, >1Load=0
    Bandwidth: StallLoads=5, PrefetchLoads=22, AvgLoadTime=8.32ms
    PrefetchOverlap: HiddenReady=13, HiddenWait=0, TicksSkipped=0
    MissCause: NotPresent=5, NotReadyStall=0
    PrefetchEff: Dropped=0, AlreadyCached=482, UsedBeforeEvict=13, EvictedBeforeUse=3
    Predictor TopK matches: 0=0 1=0 >=2=13
Layer 27 Cache Stats: Hits=629, Misses=3, HitRate=99.53%
    Predictor Routed-Expert HitRate=92.31% (60/65, routed_n=5, horizon=6)
    Predictor RoutedForcedN HitRate=92.31% (60/65)
    Predictor RoutedTopK HitRate=92.31% (96/104)
    Predicted RequestedByRouterForcedN Rate=12.82% (60/468)
    Predicted RequestedByRouterTopK Rate=20.51% (96/468)
    Predictor WindowRecall Rate=89.93% (250/278)
    Predictor WindowPrecision Rate=53.42% (250/468)
    Loads Per Step: 0Loads=76, 1Load=3, >1Load=0
    Bandwidth: StallLoads=3, PrefetchLoads=22, AvgLoadTime=8.73ms
    PrefetchOverlap: HiddenReady=13, HiddenWait=0, TicksSkipped=0
    MissCause: NotPresent=3, NotReadyStall=0
    PrefetchEff: Dropped=0, AlreadyCached=482, UsedBeforeEvict=13, EvictedBeforeUse=2
    Predictor TopK matches: 0=0 1=0 >=2=13
Layer 28 Cache Stats: Hits=628, Misses=4, HitRate=99.37%
    Predictor Routed-Expert HitRate=90.77% (59/65, routed_n=5, horizon=6)
    Predictor RoutedForcedN HitRate=90.77% (59/65)
    Predictor RoutedTopK HitRate=89.42% (93/104)
    Predicted RequestedByRouterForcedN Rate=12.61% (59/468)
    Predicted RequestedByRouterTopK Rate=19.87% (93/468)
    Predictor WindowRecall Rate=86.47% (262/303)
    Predictor WindowPrecision Rate=55.98% (262/468)
    Loads Per Step: 0Loads=75, 1Load=4, >1Load=0
    Bandwidth: StallLoads=4, PrefetchLoads=25, AvgLoadTime=8.94ms
    PrefetchOverlap: HiddenReady=17, HiddenWait=0, TicksSkipped=0
    MissCause: NotPresent=4, NotReadyStall=0
    PrefetchEff: Dropped=0, AlreadyCached=479, UsedBeforeEvict=17, EvictedBeforeUse=4
    Predictor TopK matches: 0=0 1=0 >=2=13
Layer 29 Cache Stats: Hits=618, Misses=14, HitRate=97.78%
    Predictor Routed-Expert HitRate=83.08% (54/65, routed_n=5, horizon=6)
    Predictor RoutedForcedN HitRate=83.08% (54/65)
    Predictor RoutedTopK HitRate=83.65% (87/104)
    Predicted RequestedByRouterForcedN Rate=11.54% (54/468)
    Predicted RequestedByRouterTopK Rate=18.59% (87/468)
    Predictor WindowRecall Rate=82.28% (260/316)
    Predictor WindowPrecision Rate=55.56% (260/468)
    Loads Per Step: 0Loads=66, 1Load=12, >1Load=1
    Bandwidth: StallLoads=14, PrefetchLoads=25, AvgLoadTime=7.65ms
    PrefetchOverlap: HiddenReady=12, HiddenWait=0, TicksSkipped=0
    MissCause: NotPresent=14, NotReadyStall=0
    PrefetchEff: Dropped=0, AlreadyCached=479, UsedBeforeEvict=12, EvictedBeforeUse=9
    Predictor TopK matches: 0=0 1=0 >=2=13
Layer 30 Cache Stats: Hits=629, Misses=3, HitRate=99.53%
    Predictor Routed-Expert HitRate=93.85% (61/65, routed_n=5, horizon=6)
    Predictor RoutedForcedN HitRate=93.85% (61/65)
    Predictor RoutedTopK HitRate=94.23% (98/104)
    Predicted RequestedByRouterForcedN Rate=13.03% (61/468)
    Predicted RequestedByRouterTopK Rate=20.94% (98/468)
    Predictor WindowRecall Rate=92.43% (232/251)
    Predictor WindowPrecision Rate=49.57% (232/468)
    Loads Per Step: 0Loads=76, 1Load=3, >1Load=0
    Bandwidth: StallLoads=3, PrefetchLoads=9, AvgLoadTime=12.09ms
    PrefetchOverlap: HiddenReady=5, HiddenWait=0, TicksSkipped=0
    MissCause: NotPresent=3, NotReadyStall=0
    PrefetchEff: Dropped=0, AlreadyCached=495, UsedBeforeEvict=5, EvictedBeforeUse=0
    Predictor TopK matches: 0=0 1=0 >=2=13
Layer 31 Cache Stats: Hits=630, Misses=2, HitRate=99.68%
    Predictor Routed-Expert HitRate=98.46% (64/65, routed_n=5, horizon=6)
    Predictor RoutedForcedN HitRate=98.46% (64/65)
    Predictor RoutedTopK HitRate=96.15% (100/104)
    Predicted RequestedByRouterForcedN Rate=13.68% (64/468)
    Predicted RequestedByRouterTopK Rate=21.37% (100/468)
    Predictor WindowRecall Rate=94.55% (208/220)
    Predictor WindowPrecision Rate=44.44% (208/468)
    Loads Per Step: 0Loads=77, 1Load=2, >1Load=0
    Bandwidth: StallLoads=2, PrefetchLoads=12, AvgLoadTime=17.31ms
    PrefetchOverlap: HiddenReady=2, HiddenWait=0, TicksSkipped=0
    MissCause: NotPresent=2, NotReadyStall=0
    PrefetchEff: Dropped=0, AlreadyCached=492, UsedBeforeEvict=2, EvictedBeforeUse=0
    Predictor TopK matches: 0=0 1=0 >=2=13
Layer 32 Cache Stats: Hits=620, Misses=12, HitRate=98.10%
    Predictor Routed-Expert HitRate=84.62% (55/65, routed_n=5, horizon=6)
    Predictor RoutedForcedN HitRate=84.62% (55/65)
    Predictor RoutedTopK HitRate=86.54% (90/104)
    Predicted RequestedByRouterForcedN Rate=11.75% (55/468)
    Predicted RequestedByRouterTopK Rate=19.23% (90/468)
    Predictor WindowRecall Rate=81.62% (222/272)
    Predictor WindowPrecision Rate=47.44% (222/468)
    Loads Per Step: 0Loads=68, 1Load=10, >1Load=1
    Bandwidth: StallLoads=12, PrefetchLoads=35, AvgLoadTime=6.76ms
    PrefetchOverlap: HiddenReady=22, HiddenWait=0, TicksSkipped=0
    MissCause: NotPresent=12, NotReadyStall=0
    PrefetchEff: Dropped=0, AlreadyCached=469, UsedBeforeEvict=22, EvictedBeforeUse=8
    Predictor TopK matches: 0=0 1=0 >=2=13
Layer 33 Cache Stats: Hits=628, Misses=4, HitRate=99.37%
    Predictor Routed-Expert HitRate=96.92% (63/65, routed_n=5, horizon=6)
    Predictor RoutedForcedN HitRate=96.92% (63/65)
    Predictor RoutedTopK HitRate=91.35% (95/104)
    Predicted RequestedByRouterForcedN Rate=13.46% (63/468)
    Predicted RequestedByRouterTopK Rate=20.30% (95/468)
    Predictor WindowRecall Rate=89.66% (234/261)
    Predictor WindowPrecision Rate=50.00% (234/468)
    Loads Per Step: 0Loads=75, 1Load=4, >1Load=0
    Bandwidth: StallLoads=4, PrefetchLoads=13, AvgLoadTime=10.05ms
    PrefetchOverlap: HiddenReady=7, HiddenWait=0, TicksSkipped=0
    MissCause: NotPresent=4, NotReadyStall=0
    PrefetchEff: Dropped=0, AlreadyCached=491, UsedBeforeEvict=7, EvictedBeforeUse=0
    Predictor TopK matches: 0=0 1=0 >=2=13
Layer 34 Cache Stats: Hits=623, Misses=9, HitRate=98.58%
    Predictor Routed-Expert HitRate=90.77% (59/65, routed_n=5, horizon=6)
    Predictor RoutedForcedN HitRate=90.77% (59/65)
    Predictor RoutedTopK HitRate=87.50% (91/104)
    Predicted RequestedByRouterForcedN Rate=12.61% (59/468)
    Predicted RequestedByRouterTopK Rate=19.44% (91/468)
    Predictor WindowRecall Rate=84.33% (253/300)
    Predictor WindowPrecision Rate=54.06% (253/468)
    Loads Per Step: 0Loads=71, 1Load=7, >1Load=1
    Bandwidth: StallLoads=9, PrefetchLoads=21, AvgLoadTime=7.98ms
    PrefetchOverlap: HiddenReady=9, HiddenWait=0, TicksSkipped=0
    MissCause: NotPresent=9, NotReadyStall=0
    PrefetchEff: Dropped=0, AlreadyCached=483, UsedBeforeEvict=9, EvictedBeforeUse=6
    Predictor TopK matches: 0=0 1=0 >=2=13
Layer 35 Cache Stats: Hits=623, Misses=9, HitRate=98.58%
    Predictor Routed-Expert HitRate=75.38% (49/65, routed_n=5, horizon=6)
    Predictor RoutedForcedN HitRate=75.38% (49/65)
    Predictor RoutedTopK HitRate=75.00% (78/104)
    Predicted RequestedByRouterForcedN Rate=10.47% (49/468)
    Predicted RequestedByRouterTopK Rate=16.67% (78/468)
    Predictor WindowRecall Rate=79.27% (260/328)
    Predictor WindowPrecision Rate=55.56% (260/468)
    Loads Per Step: 0Loads=70, 1Load=9, >1Load=0
    Bandwidth: StallLoads=9, PrefetchLoads=37, AvgLoadTime=5.54ms
    PrefetchOverlap: HiddenReady=22, HiddenWait=1, TicksSkipped=0
    MissCause: NotPresent=9, NotReadyStall=1
    PrefetchEff: Dropped=0, AlreadyCached=467, UsedBeforeEvict=23, EvictedBeforeUse=10
    Predictor TopK matches: 0=0 1=0 >=2=13
Layer 36 Cache Stats: Hits=627, Misses=5, HitRate=99.21%
    Predictor Routed-Expert HitRate=93.85% (61/65, routed_n=5, horizon=6)
    Predictor RoutedForcedN HitRate=93.85% (61/65)
    Predictor RoutedTopK HitRate=92.31% (96/104)
    Predicted RequestedByRouterForcedN Rate=13.03% (61/468)
    Predicted RequestedByRouterTopK Rate=20.51% (96/468)
    Predictor WindowRecall Rate=90.94% (261/287)
    Predictor WindowPrecision Rate=55.77% (261/468)
    Loads Per Step: 0Loads=74, 1Load=5, >1Load=0
    Bandwidth: StallLoads=5, PrefetchLoads=26, AvgLoadTime=9.06ms
    PrefetchOverlap: HiddenReady=17, HiddenWait=0, TicksSkipped=0
    MissCause: NotPresent=5, NotReadyStall=0
    PrefetchEff: Dropped=0, AlreadyCached=478, UsedBeforeEvict=17, EvictedBeforeUse=5
    Predictor TopK matches: 0=0 1=0 >=2=13
Layer 37 Cache Stats: Hits=616, Misses=16, HitRate=97.47%
    Predictor Routed-Expert HitRate=73.85% (48/65, routed_n=5, horizon=6)
    Predictor RoutedForcedN HitRate=73.85% (48/65)
    Predictor RoutedTopK HitRate=75.96% (79/104)
    Predicted RequestedByRouterForcedN Rate=10.26% (48/468)
    Predicted RequestedByRouterTopK Rate=16.88% (79/468)
    Predictor WindowRecall Rate=78.47% (288/367)
    Predictor WindowPrecision Rate=61.54% (288/468)
    Loads Per Step: 0Loads=65, 1Load=12, >1Load=2
    Bandwidth: StallLoads=16, PrefetchLoads=23, AvgLoadTime=7.66ms
    PrefetchOverlap: HiddenReady=18, HiddenWait=0, TicksSkipped=0
    MissCause: NotPresent=16, NotReadyStall=0
    PrefetchEff: Dropped=0, AlreadyCached=481, UsedBeforeEvict=18, EvictedBeforeUse=3
    Predictor TopK matches: 0=0 1=1 >=2=12
Layer 38 Cache Stats: Hits=626, Misses=6, HitRate=99.05%
    Predictor Routed-Expert HitRate=86.15% (56/65, routed_n=5, horizon=6)
    Predictor RoutedForcedN HitRate=86.15% (56/65)
    Predictor RoutedTopK HitRate=83.65% (87/104)
    Predicted RequestedByRouterForcedN Rate=11.97% (56/468)
    Predicted RequestedByRouterTopK Rate=18.59% (87/468)
    Predictor WindowRecall Rate=80.46% (247/307)
    Predictor WindowPrecision Rate=52.78% (247/468)
    Loads Per Step: 0Loads=73, 1Load=6, >1Load=0
    Bandwidth: StallLoads=6, PrefetchLoads=24, AvgLoadTime=8.34ms
    PrefetchOverlap: HiddenReady=14, HiddenWait=0, TicksSkipped=0
    MissCause: NotPresent=6, NotReadyStall=0
    PrefetchEff: Dropped=0, AlreadyCached=480, UsedBeforeEvict=14, EvictedBeforeUse=6
    Predictor TopK matches: 0=0 1=0 >=2=13
Layer 39 Cache Stats: Hits=626, Misses=6, HitRate=99.05%
    Predictor Routed-Expert HitRate=87.69% (57/65, routed_n=5, horizon=6)
    Predictor RoutedForcedN HitRate=87.69% (57/65)
    Predictor RoutedTopK HitRate=79.81% (83/104)
    Predicted RequestedByRouterForcedN Rate=12.18% (57/468)
    Predicted RequestedByRouterTopK Rate=17.74% (83/468)
    Predictor WindowRecall Rate=85.15% (258/303)
    Predictor WindowPrecision Rate=55.13% (258/468)
    Loads Per Step: 0Loads=73, 1Load=6, >1Load=0
    Bandwidth: StallLoads=6, PrefetchLoads=34, AvgLoadTime=7.46ms
    PrefetchOverlap: HiddenReady=18, HiddenWait=0, TicksSkipped=0
    MissCause: NotPresent=6, NotReadyStall=0
    PrefetchEff: Dropped=0, AlreadyCached=470, UsedBeforeEvict=18, EvictedBeforeUse=11
    Predictor TopK matches: 0=0 1=0 >=2=13
Layer 40 Cache Stats: Hits=624, Misses=8, HitRate=98.73%
    Predictor Routed-Expert HitRate=84.62% (55/65, routed_n=5, horizon=6)
    Predictor RoutedForcedN HitRate=84.62% (55/65)
    Predictor RoutedTopK HitRate=87.50% (91/104)
    Predicted RequestedByRouterForcedN Rate=11.75% (55/468)
    Predicted RequestedByRouterTopK Rate=19.44% (91/468)
    Predictor WindowRecall Rate=82.08% (261/318)
    Predictor WindowPrecision Rate=55.77% (261/468)
    Loads Per Step: 0Loads=73, 1Load=5, >1Load=1
    Bandwidth: StallLoads=8, PrefetchLoads=24, AvgLoadTime=8.94ms
    PrefetchOverlap: HiddenReady=10, HiddenWait=0, TicksSkipped=0
    MissCause: NotPresent=8, NotReadyStall=0
    PrefetchEff: Dropped=0, AlreadyCached=480, UsedBeforeEvict=10, EvictedBeforeUse=11
    Predictor TopK matches: 0=0 1=0 >=2=13
Layer 41 Cache Stats: Hits=626, Misses=6, HitRate=99.05%
    Predictor Routed-Expert HitRate=78.46% (51/65, routed_n=5, horizon=6)
    Predictor RoutedForcedN HitRate=78.46% (51/65)
    Predictor RoutedTopK HitRate=78.85% (82/104)
    Predicted RequestedByRouterForcedN Rate=10.90% (51/468)
    Predicted RequestedByRouterTopK Rate=17.52% (82/468)
    Predictor WindowRecall Rate=82.78% (298/360)
    Predictor WindowPrecision Rate=63.68% (298/468)
    Loads Per Step: 0Loads=73, 1Load=6, >1Load=0
    Bandwidth: StallLoads=6, PrefetchLoads=21, AvgLoadTime=11.11ms
    PrefetchOverlap: HiddenReady=17, HiddenWait=0, TicksSkipped=0
    MissCause: NotPresent=6, NotReadyStall=0
    PrefetchEff: Dropped=0, AlreadyCached=483, UsedBeforeEvict=17, EvictedBeforeUse=2
    Predictor TopK matches: 0=0 1=0 >=2=13
Layer 42 Cache Stats: Hits=629, Misses=3, HitRate=99.53%
    Predictor Routed-Expert HitRate=84.62% (55/65, routed_n=5, horizon=6)
    Predictor RoutedForcedN HitRate=84.62% (55/65)
    Predictor RoutedTopK HitRate=85.58% (89/104)
    Predicted RequestedByRouterForcedN Rate=11.75% (55/468)
    Predicted RequestedByRouterTopK Rate=19.02% (89/468)
    Predictor WindowRecall Rate=81.14% (271/334)
    Predictor WindowPrecision Rate=57.91% (271/468)
    Loads Per Step: 0Loads=76, 1Load=3, >1Load=0
    Bandwidth: StallLoads=3, PrefetchLoads=17, AvgLoadTime=13.60ms
    PrefetchOverlap: HiddenReady=11, HiddenWait=0, TicksSkipped=0
    MissCause: NotPresent=3, NotReadyStall=0
    PrefetchEff: Dropped=0, AlreadyCached=487, UsedBeforeEvict=11, EvictedBeforeUse=3
    Predictor TopK matches: 0=0 1=0 >=2=13
Layer 43 Cache Stats: Hits=628, Misses=4, HitRate=99.37%
    Predictor Routed-Expert HitRate=84.62% (55/65, routed_n=5, horizon=6)
    Predictor RoutedForcedN HitRate=84.62% (55/65)
    Predictor RoutedTopK HitRate=83.65% (87/104)
    Predicted RequestedByRouterForcedN Rate=11.75% (55/468)
    Predicted RequestedByRouterTopK Rate=18.59% (87/468)
    Predictor WindowRecall Rate=85.99% (264/307)
    Predictor WindowPrecision Rate=56.41% (264/468)
    Loads Per Step: 0Loads=75, 1Load=4, >1Load=0
    Bandwidth: StallLoads=4, PrefetchLoads=12, AvgLoadTime=10.48ms
    PrefetchOverlap: HiddenReady=6, HiddenWait=0, TicksSkipped=0
    MissCause: NotPresent=4, NotReadyStall=0
    PrefetchEff: Dropped=0, AlreadyCached=492, UsedBeforeEvict=6, EvictedBeforeUse=2
    Predictor TopK matches: 0=0 1=0 >=2=13
Layer 44 Cache Stats: Hits=630, Misses=2, HitRate=99.68%
    Predictor Routed-Expert HitRate=80.00% (52/65, routed_n=5, horizon=6)
    Predictor RoutedForcedN HitRate=80.00% (52/65)
    Predictor RoutedTopK HitRate=86.54% (90/104)
    Predicted RequestedByRouterForcedN Rate=11.11% (52/468)
    Predicted RequestedByRouterTopK Rate=19.23% (90/468)
    Predictor WindowRecall Rate=86.18% (262/304)
    Predictor WindowPrecision Rate=55.98% (262/468)
    Loads Per Step: 0Loads=77, 1Load=2, >1Load=0
    Bandwidth: StallLoads=2, PrefetchLoads=12, AvgLoadTime=12.68ms
    PrefetchOverlap: HiddenReady=7, HiddenWait=1, TicksSkipped=0
    MissCause: NotPresent=2, NotReadyStall=1
    PrefetchEff: Dropped=0, AlreadyCached=492, UsedBeforeEvict=8, EvictedBeforeUse=0
    Predictor TopK matches: 0=0 1=0 >=2=13
Layer 45 Cache Stats: Hits=632, Misses=0, HitRate=100.00%
    Predictor Routed-Expert HitRate=81.54% (53/65, routed_n=5, horizon=6)
    Predictor RoutedForcedN HitRate=81.54% (53/65)
    Predictor RoutedTopK HitRate=83.65% (87/104)
    Predicted RequestedByRouterForcedN Rate=11.32% (53/468)
    Predicted RequestedByRouterTopK Rate=18.59% (87/468)
    Predictor WindowRecall Rate=87.25% (267/306)
    Predictor WindowPrecision Rate=57.05% (267/468)
    Loads Per Step: 0Loads=79, 1Load=0, >1Load=0
    Bandwidth: StallLoads=0, PrefetchLoads=9, AvgLoadTime=15.16ms
    PrefetchOverlap: HiddenReady=6, HiddenWait=0, TicksSkipped=0
    PrefetchEff: Dropped=0, AlreadyCached=495, UsedBeforeEvict=6, EvictedBeforeUse=0
    Predictor TopK matches: 0=0 1=1 >=2=12
Layer 46 Cache Stats: Hits=628, Misses=4, HitRate=99.37%
    Predictor Routed-Expert HitRate=92.31% (60/65, routed_n=5, horizon=6)
    Predictor RoutedForcedN HitRate=92.31% (60/65)
    Predictor RoutedTopK HitRate=92.31% (96/104)
    Predicted RequestedByRouterForcedN Rate=12.82% (60/468)
    Predicted RequestedByRouterTopK Rate=20.51% (96/468)
    Predictor WindowRecall Rate=86.61% (291/336)
    Predictor WindowPrecision Rate=62.18% (291/468)
    Loads Per Step: 0Loads=75, 1Load=4, >1Load=0
    Bandwidth: StallLoads=4, PrefetchLoads=11, AvgLoadTime=10.75ms
    PrefetchOverlap: HiddenReady=7, HiddenWait=1, TicksSkipped=0
    MissCause: NotPresent=4, NotReadyStall=1
    PrefetchEff: Dropped=0, AlreadyCached=493, UsedBeforeEvict=8, EvictedBeforeUse=0
    Predictor TopK matches: 0=0 1=0 >=2=13
Layer 47 Cache Stats: Hits=624, Misses=8, HitRate=98.73%
    Predictor Routed-Expert HitRate=70.77% (46/65, routed_n=5, horizon=6)
    Predictor RoutedForcedN HitRate=70.77% (46/65)
    Predictor RoutedTopK HitRate=74.04% (77/104)
    Predicted RequestedByRouterForcedN Rate=9.83% (46/468)
    Predicted RequestedByRouterTopK Rate=16.45% (77/468)
    Predictor WindowRecall Rate=77.39% (291/376)
    Predictor WindowPrecision Rate=62.18% (291/468)
    Loads Per Step: 0Loads=73, 1Load=4, >1Load=2
    Bandwidth: StallLoads=8, PrefetchLoads=20, AvgLoadTime=8.19ms
    PrefetchOverlap: HiddenReady=9, HiddenWait=1, TicksSkipped=0
    MissCause: NotPresent=8, NotReadyStall=1
    PrefetchEff: Dropped=0, AlreadyCached=484, UsedBeforeEvict=10, EvictedBeforeUse=6
    Predictor TopK matches: 0=1 1=1 >=2=11
============================================================
[TorchScriptPredictor Layer 0] Shutdown complete
[TorchScriptPredictor Layer 1] Shutdown complete
[TorchScriptPredictor Layer 2] Shutdown complete
[TorchScriptPredictor Layer 3] Shutdown complete
[TorchScriptPredictor Layer 4] Shutdown complete
[TorchScriptPredictor Layer 5] Shutdown complete
[TorchScriptPredictor Layer 6] Shutdown complete
[TorchScriptPredictor Layer 7] Shutdown complete
[TorchScriptPredictor Layer 8] Shutdown complete
[TorchScriptPredictor Layer 9] Shutdown complete
[TorchScriptPredictor Layer 10] Shutdown complete
[TorchScriptPredictor Layer 11] Shutdown complete
[TorchScriptPredictor Layer 12] Shutdown complete
[TorchScriptPredictor Layer 13] Shutdown complete
[TorchScriptPredictor Layer 14] Shutdown complete
[TorchScriptPredictor Layer 15] Shutdown complete
[TorchScriptPredictor Layer 16] Shutdown complete
[TorchScriptPredictor Layer 17] Shutdown complete
[TorchScriptPredictor Layer 18] Shutdown complete
[TorchScriptPredictor Layer 19] Shutdown complete
[TorchScriptPredictor Layer 20] Shutdown complete
[TorchScriptPredictor Layer 21] Shutdown complete
[TorchScriptPredictor Layer 22] Shutdown complete
[TorchScriptPredictor Layer 23] Shutdown complete
[TorchScriptPredictor Layer 24] Shutdown complete
[TorchScriptPredictor Layer 25] Shutdown complete
[TorchScriptPredictor Layer 26] Shutdown complete
[TorchScriptPredictor Layer 27] Shutdown complete
[TorchScriptPredictor Layer 28] Shutdown complete
[TorchScriptPredictor Layer 29] Shutdown complete
[TorchScriptPredictor Layer 30] Shutdown complete
[TorchScriptPredictor Layer 31] Shutdown complete
[TorchScriptPredictor Layer 32] Shutdown complete
[TorchScriptPredictor Layer 33] Shutdown complete
[TorchScriptPredictor Layer 34] Shutdown complete
[TorchScriptPredictor Layer 35] Shutdown complete
[TorchScriptPredictor Layer 36] Shutdown complete
[TorchScriptPredictor Layer 37] Shutdown complete
[TorchScriptPredictor Layer 38] Shutdown complete
[TorchScriptPredictor Layer 39] Shutdown complete
[TorchScriptPredictor Layer 40] Shutdown complete
[TorchScriptPredictor Layer 41] Shutdown complete
[TorchScriptPredictor Layer 42] Shutdown complete
[TorchScriptPredictor Layer 43] Shutdown complete
[TorchScriptPredictor Layer 44] Shutdown complete
[TorchScriptPredictor Layer 45] Shutdown complete
[TorchScriptPredictor Layer 46] Shutdown complete
[TorchScriptPredictor Layer 47] Shutdown complete
============================================================
Initializing Qwen3 30B-A3B AWQ w4a16 quantized model...
============================================================
Loading quantized weights from QuixiAI/Qwen3-30B-A3B-AWQ...
Using saved safetensors: /home/michael/heteroPredict/py/unified_llm_w4a16/model_weights/Qwen3-30B-A3B-AWQ.safetensors
Expert weights dir: /home/michael/heteroPredict/py/unified_llm_w4a16/model_weights/Qwen3-30B-A3B-AWQ_packed  (format: packed)
Using existing attention weights in /home/michael/heteroPredict/py/unified_llm_w4a16/model_weights/Qwen3-30B-A3B-AWQ_unpacked
Weights loaded (expert dir override) in 0.29 seconds
Pre-warming expert cache with 64 experts...
Model initialized successfully!
Setting lambda to 1.0
Forced top-5 experts into cache mask.
Set expert cache policy to LFRU.

Running sweep using prompts from JSON: /tmp/tmphucnj7n0.json
Loaded 1 prompts for sweeping.

Processing Prompt 1/1...

============================================================
Generated text only:
============================================================
 time was too " literary " and not sufficiently " classical " . However , he was not discouraged and continued to travel . In 744 , he met Li Bai , the great romantic poet , and the two became close friends . They shared a mutual admiration and wrote poems for each other . Du Fu 's poetry often reflects the influence of Li Bai . In 745 , he moved
============================================================

============================================================
Sweep Complete.
Average Time per Token: 0.276332
End-to-End TPS: 3.6188
Cache Stats: Hits=29901, Misses=435, HitRate=98.57%
Predictor Stats: Hits=2661, Total=3120, HitRate=85.29%
Initializing UnifiedLLMW4A16Impl_base
Using NPU config struct.
Configuring NPU (Base):
  Heterogeneity: gpu
  GPU Count: 1
  Debug Verbosity: 1
  Dummy Weights: false
  Warmup: false
  Preload MoE: true
  Minimal PDI: true
[GPU SELECT] Free VRAM ranking: gpu0=28.00/28.00 GiB
[GPU SELECT] Selected GPUs for gpu-count=1: [0]
[GPU MAP] Single-GPU placement on gpu0
[Predictor] Layer 0 model path resolved to: /home/michael/heteroPredict/trainingData/qwen3_30b/transformer_final_pfill_markov_emb/transformer_eh4_h64_f6/layer_0/best_jit.pt
[Predictor] Running on device: CPU (NPU path) (heterogeneity="gpu", predictor_device="cpu")
[ThreadedTorchScriptPredictor Layer 0] Detected history_length=4 from /home/michael/heteroPredict/trainingData/qwen3_30b/transformer_final_pfill_markov_emb/transformer_eh4_h64_f6/layer_0/best.json
[TorchScriptPredictor Layer 0] Loading model on CPU
[TorchScriptPredictor Layer 0] Assuming prefill_dist, prev_expert_onehot, and prev_layers_feat support (v3 API).
[TorchScriptPredictor Layer 0] prefill_dist support: yes, prev_expert_onehot support: yes, prev_layers_feat support: yes
[TorchScriptPredictor Layer 0] Loaded model: /home/michael/heteroPredict/trainingData/qwen3_30b/transformer_final_pfill_markov_emb/transformer_eh4_h64_f6/layer_0/best_jit.pt
[ThreadedTorchScriptPredictor Layer 1] Detected history_length=4 from /home/michael/heteroPredict/trainingData/qwen3_30b/transformer_final_pfill_markov_emb/transformer_eh4_h64_f6/layer_1/best.json
[TorchScriptPredictor Layer 1] Loading model on CPU
[TorchScriptPredictor Layer 1] Assuming prefill_dist, prev_expert_onehot, and prev_layers_feat support (v3 API).
[TorchScriptPredictor Layer 1] prefill_dist support: yes, prev_expert_onehot support: yes, prev_layers_feat support: yes
[TorchScriptPredictor Layer 1] Loaded model: /home/michael/heteroPredict/trainingData/qwen3_30b/transformer_final_pfill_markov_emb/transformer_eh4_h64_f6/layer_1/best_jit.pt
[ThreadedTorchScriptPredictor Layer 2] Detected history_length=4 from /home/michael/heteroPredict/trainingData/qwen3_30b/transformer_final_pfill_markov_emb/transformer_eh4_h64_f6/layer_2/best.json
[TorchScriptPredictor Layer 2] Loading model on CPU
[TorchScriptPredictor Layer 2] Assuming prefill_dist, prev_expert_onehot, and prev_layers_feat support (v3 API).
[TorchScriptPredictor Layer 2] prefill_dist support: yes, prev_expert_onehot support: yes, prev_layers_feat support: yes
[TorchScriptPredictor Layer 2] Loaded model: /home/michael/heteroPredict/trainingData/qwen3_30b/transformer_final_pfill_markov_emb/transformer_eh4_h64_f6/layer_2/best_jit.pt
[ThreadedTorchScriptPredictor Layer 3] Detected history_length=4 from /home/michael/heteroPredict/trainingData/qwen3_30b/transformer_final_pfill_markov_emb/transformer_eh4_h64_f6/layer_3/best.json
[TorchScriptPredictor Layer 3] Loading model on CPU
[TorchScriptPredictor Layer 3] Assuming prefill_dist, prev_expert_onehot, and prev_layers_feat support (v3 API).
[TorchScriptPredictor Layer 3] prefill_dist support: yes, prev_expert_onehot support: yes, prev_layers_feat support: yes
[TorchScriptPredictor Layer 3] Loaded model: /home/michael/heteroPredict/trainingData/qwen3_30b/transformer_final_pfill_markov_emb/transformer_eh4_h64_f6/layer_3/best_jit.pt
[ThreadedTorchScriptPredictor Layer 4] Detected history_length=4 from /home/michael/heteroPredict/trainingData/qwen3_30b/transformer_final_pfill_markov_emb/transformer_eh4_h64_f6/layer_4/best.json
[TorchScriptPredictor Layer 4] Loading model on CPU
[TorchScriptPredictor Layer 4] Assuming prefill_dist, prev_expert_onehot, and prev_layers_feat support (v3 API).
[TorchScriptPredictor Layer 4] prefill_dist support: yes, prev_expert_onehot support: yes, prev_layers_feat support: yes
[TorchScriptPredictor Layer 4] Loaded model: /home/michael/heteroPredict/trainingData/qwen3_30b/transformer_final_pfill_markov_emb/transformer_eh4_h64_f6/layer_4/best_jit.pt
[ThreadedTorchScriptPredictor Layer 5] Detected history_length=4 from /home/michael/heteroPredict/trainingData/qwen3_30b/transformer_final_pfill_markov_emb/transformer_eh4_h64_f6/layer_5/best.json
[TorchScriptPredictor Layer 5] Loading model on CPU
[TorchScriptPredictor Layer 5] Assuming prefill_dist, prev_expert_onehot, and prev_layers_feat support (v3 API).
[TorchScriptPredictor Layer 5] prefill_dist support: yes, prev_expert_onehot support: yes, prev_layers_feat support: yes
[TorchScriptPredictor Layer 5] Loaded model: /home/michael/heteroPredict/trainingData/qwen3_30b/transformer_final_pfill_markov_emb/transformer_eh4_h64_f6/layer_5/best_jit.pt
[ThreadedTorchScriptPredictor Layer 6] Detected history_length=4 from /home/michael/heteroPredict/trainingData/qwen3_30b/transformer_final_pfill_markov_emb/transformer_eh4_h64_f6/layer_6/best.json
[TorchScriptPredictor Layer 6] Loading model on CPU
[TorchScriptPredictor Layer 6] Assuming prefill_dist, prev_expert_onehot, and prev_layers_feat support (v3 API).
[TorchScriptPredictor Layer 6] prefill_dist support: yes, prev_expert_onehot support: yes, prev_layers_feat support: yes
[TorchScriptPredictor Layer 6] Loaded model: /home/michael/heteroPredict/trainingData/qwen3_30b/transformer_final_pfill_markov_emb/transformer_eh4_h64_f6/layer_6/best_jit.pt
[ThreadedTorchScriptPredictor Layer 7] Detected history_length=4 from /home/michael/heteroPredict/trainingData/qwen3_30b/transformer_final_pfill_markov_emb/transformer_eh4_h64_f6/layer_7/best.json
[TorchScriptPredictor Layer 7] Loading model on CPU
[TorchScriptPredictor Layer 7] Assuming prefill_dist, prev_expert_onehot, and prev_layers_feat support (v3 API).
[TorchScriptPredictor Layer 7] prefill_dist support: yes, prev_expert_onehot support: yes, prev_layers_feat support: yes
[TorchScriptPredictor Layer 7] Loaded model: /home/michael/heteroPredict/trainingData/qwen3_30b/transformer_final_pfill_markov_emb/transformer_eh4_h64_f6/layer_7/best_jit.pt
[ThreadedTorchScriptPredictor Layer 8] Detected history_length=4 from /home/michael/heteroPredict/trainingData/qwen3_30b/transformer_final_pfill_markov_emb/transformer_eh4_h64_f6/layer_8/best.json
[TorchScriptPredictor Layer 8] Loading model on CPU
[TorchScriptPredictor Layer 8] Assuming prefill_dist, prev_expert_onehot, and prev_layers_feat support (v3 API).
[TorchScriptPredictor Layer 8] prefill_dist support: yes, prev_expert_onehot support: yes, prev_layers_feat support: yes
[TorchScriptPredictor Layer 8] Loaded model: /home/michael/heteroPredict/trainingData/qwen3_30b/transformer_final_pfill_markov_emb/transformer_eh4_h64_f6/layer_8/best_jit.pt
[ThreadedTorchScriptPredictor Layer 9] Detected history_length=4 from /home/michael/heteroPredict/trainingData/qwen3_30b/transformer_final_pfill_markov_emb/transformer_eh4_h64_f6/layer_9/best.json
[TorchScriptPredictor Layer 9] Loading model on CPU
[TorchScriptPredictor Layer 9] Assuming prefill_dist, prev_expert_onehot, and prev_layers_feat support (v3 API).
[TorchScriptPredictor Layer 9] prefill_dist support: yes, prev_expert_onehot support: yes, prev_layers_feat support: yes
[TorchScriptPredictor Layer 9] Loaded model: /home/michael/heteroPredict/trainingData/qwen3_30b/transformer_final_pfill_markov_emb/transformer_eh4_h64_f6/layer_9/best_jit.pt
[ThreadedTorchScriptPredictor Layer 10] Detected history_length=4 from /home/michael/heteroPredict/trainingData/qwen3_30b/transformer_final_pfill_markov_emb/transformer_eh4_h64_f6/layer_10/best.json
[TorchScriptPredictor Layer 10] Loading model on CPU
[TorchScriptPredictor Layer 10] Assuming prefill_dist, prev_expert_onehot, and prev_layers_feat support (v3 API).
[TorchScriptPredictor Layer 10] prefill_dist support: yes, prev_expert_onehot support: yes, prev_layers_feat support: yes
[TorchScriptPredictor Layer 10] Loaded model: /home/michael/heteroPredict/trainingData/qwen3_30b/transformer_final_pfill_markov_emb/transformer_eh4_h64_f6/layer_10/best_jit.pt
[ThreadedTorchScriptPredictor Layer 11] Detected history_length=4 from /home/michael/heteroPredict/trainingData/qwen3_30b/transformer_final_pfill_markov_emb/transformer_eh4_h64_f6/layer_11/best.json
[TorchScriptPredictor Layer 11] Loading model on CPU
[TorchScriptPredictor Layer 11] Assuming prefill_dist, prev_expert_onehot, and prev_layers_feat support (v3 API).
[TorchScriptPredictor Layer 11] prefill_dist support: yes, prev_expert_onehot support: yes, prev_layers_feat support: yes
[TorchScriptPredictor Layer 11] Loaded model: /home/michael/heteroPredict/trainingData/qwen3_30b/transformer_final_pfill_markov_emb/transformer_eh4_h64_f6/layer_11/best_jit.pt
[ThreadedTorchScriptPredictor Layer 12] Detected history_length=4 from /home/michael/heteroPredict/trainingData/qwen3_30b/transformer_final_pfill_markov_emb/transformer_eh4_h64_f6/layer_12/best.json
[TorchScriptPredictor Layer 12] Loading model on CPU
[TorchScriptPredictor Layer 12] Assuming prefill_dist, prev_expert_onehot, and prev_layers_feat support (v3 API).
[TorchScriptPredictor Layer 12] prefill_dist support: yes, prev_expert_onehot support: yes, prev_layers_feat support: yes
[TorchScriptPredictor Layer 12] Loaded model: /home/michael/heteroPredict/trainingData/qwen3_30b/transformer_final_pfill_markov_emb/transformer_eh4_h64_f6/layer_12/best_jit.pt
[ThreadedTorchScriptPredictor Layer 13] Detected history_length=4 from /home/michael/heteroPredict/trainingData/qwen3_30b/transformer_final_pfill_markov_emb/transformer_eh4_h64_f6/layer_13/best.json
[TorchScriptPredictor Layer 13] Loading model on CPU
[TorchScriptPredictor Layer 13] Assuming prefill_dist, prev_expert_onehot, and prev_layers_feat support (v3 API).
[TorchScriptPredictor Layer 13] prefill_dist support: yes, prev_expert_onehot support: yes, prev_layers_feat support: yes
[TorchScriptPredictor Layer 13] Loaded model: /home/michael/heteroPredict/trainingData/qwen3_30b/transformer_final_pfill_markov_emb/transformer_eh4_h64_f6/layer_13/best_jit.pt
[ThreadedTorchScriptPredictor Layer 14] Detected history_length=4 from /home/michael/heteroPredict/trainingData/qwen3_30b/transformer_final_pfill_markov_emb/transformer_eh4_h64_f6/layer_14/best.json
[TorchScriptPredictor Layer 14] Loading model on CPU
[TorchScriptPredictor Layer 14] Assuming prefill_dist, prev_expert_onehot, and prev_layers_feat support (v3 API).
[TorchScriptPredictor Layer 14] prefill_dist support: yes, prev_expert_onehot support: yes, prev_layers_feat support: yes
[TorchScriptPredictor Layer 14] Loaded model: /home/michael/heteroPredict/trainingData/qwen3_30b/transformer_final_pfill_markov_emb/transformer_eh4_h64_f6/layer_14/best_jit.pt
[ThreadedTorchScriptPredictor Layer 15] Detected history_length=4 from /home/michael/heteroPredict/trainingData/qwen3_30b/transformer_final_pfill_markov_emb/transformer_eh4_h64_f6/layer_15/best.json
[TorchScriptPredictor Layer 15] Loading model on CPU
[TorchScriptPredictor Layer 15] Assuming prefill_dist, prev_expert_onehot, and prev_layers_feat support (v3 API).
[TorchScriptPredictor Layer 15] prefill_dist support: yes, prev_expert_onehot support: yes, prev_layers_feat support: yes
[TorchScriptPredictor Layer 15] Loaded model: /home/michael/heteroPredict/trainingData/qwen3_30b/transformer_final_pfill_markov_emb/transformer_eh4_h64_f6/layer_15/best_jit.pt
[ThreadedTorchScriptPredictor Layer 16] Detected history_length=4 from /home/michael/heteroPredict/trainingData/qwen3_30b/transformer_final_pfill_markov_emb/transformer_eh4_h64_f6/layer_16/best.json
[TorchScriptPredictor Layer 16] Loading model on CPU
[TorchScriptPredictor Layer 16] Assuming prefill_dist, prev_expert_onehot, and prev_layers_feat support (v3 API).
[TorchScriptPredictor Layer 16] prefill_dist support: yes, prev_expert_onehot support: yes, prev_layers_feat support: yes
[TorchScriptPredictor Layer 16] Loaded model: /home/michael/heteroPredict/trainingData/qwen3_30b/transformer_final_pfill_markov_emb/transformer_eh4_h64_f6/layer_16/best_jit.pt
[ThreadedTorchScriptPredictor Layer 17] Detected history_length=4 from /home/michael/heteroPredict/trainingData/qwen3_30b/transformer_final_pfill_markov_emb/transformer_eh4_h64_f6/layer_17/best.json
[TorchScriptPredictor Layer 17] Loading model on CPU
[TorchScriptPredictor Layer 17] Assuming prefill_dist, prev_expert_onehot, and prev_layers_feat support (v3 API).
[TorchScriptPredictor Layer 17] prefill_dist support: yes, prev_expert_onehot support: yes, prev_layers_feat support: yes
[TorchScriptPredictor Layer 17] Loaded model: /home/michael/heteroPredict/trainingData/qwen3_30b/transformer_final_pfill_markov_emb/transformer_eh4_h64_f6/layer_17/best_jit.pt
[ThreadedTorchScriptPredictor Layer 18] Detected history_length=4 from /home/michael/heteroPredict/trainingData/qwen3_30b/transformer_final_pfill_markov_emb/transformer_eh4_h64_f6/layer_18/best.json
[TorchScriptPredictor Layer 18] Loading model on CPU
[TorchScriptPredictor Layer 18] Assuming prefill_dist, prev_expert_onehot, and prev_layers_feat support (v3 API).
[TorchScriptPredictor Layer 18] prefill_dist support: yes, prev_expert_onehot support: yes, prev_layers_feat support: yes
[TorchScriptPredictor Layer 18] Loaded model: /home/michael/heteroPredict/trainingData/qwen3_30b/transformer_final_pfill_markov_emb/transformer_eh4_h64_f6/layer_18/best_jit.pt
[ThreadedTorchScriptPredictor Layer 19] Detected history_length=4 from /home/michael/heteroPredict/trainingData/qwen3_30b/transformer_final_pfill_markov_emb/transformer_eh4_h64_f6/layer_19/best.json
[TorchScriptPredictor Layer 19] Loading model on CPU
[TorchScriptPredictor Layer 19] Assuming prefill_dist, prev_expert_onehot, and prev_layers_feat support (v3 API).
[TorchScriptPredictor Layer 19] prefill_dist support: yes, prev_expert_onehot support: yes, prev_layers_feat support: yes
[TorchScriptPredictor Layer 19] Loaded model: /home/michael/heteroPredict/trainingData/qwen3_30b/transformer_final_pfill_markov_emb/transformer_eh4_h64_f6/layer_19/best_jit.pt
[ThreadedTorchScriptPredictor Layer 20] Detected history_length=4 from /home/michael/heteroPredict/trainingData/qwen3_30b/transformer_final_pfill_markov_emb/transformer_eh4_h64_f6/layer_20/best.json
[TorchScriptPredictor Layer 20] Loading model on CPU
[TorchScriptPredictor Layer 20] Assuming prefill_dist, prev_expert_onehot, and prev_layers_feat support (v3 API).
[TorchScriptPredictor Layer 20] prefill_dist support: yes, prev_expert_onehot support: yes, prev_layers_feat support: yes
[TorchScriptPredictor Layer 20] Loaded model: /home/michael/heteroPredict/trainingData/qwen3_30b/transformer_final_pfill_markov_emb/transformer_eh4_h64_f6/layer_20/best_jit.pt
[ThreadedTorchScriptPredictor Layer 21] Detected history_length=4 from /home/michael/heteroPredict/trainingData/qwen3_30b/transformer_final_pfill_markov_emb/transformer_eh4_h64_f6/layer_21/best.json
[TorchScriptPredictor Layer 21] Loading model on CPU
[TorchScriptPredictor Layer 21] Assuming prefill_dist, prev_expert_onehot, and prev_layers_feat support (v3 API).
[TorchScriptPredictor Layer 21] prefill_dist support: yes, prev_expert_onehot support: yes, prev_layers_feat support: yes
[TorchScriptPredictor Layer 21] Loaded model: /home/michael/heteroPredict/trainingData/qwen3_30b/transformer_final_pfill_markov_emb/transformer_eh4_h64_f6/layer_21/best_jit.pt
[ThreadedTorchScriptPredictor Layer 22] Detected history_length=4 from /home/michael/heteroPredict/trainingData/qwen3_30b/transformer_final_pfill_markov_emb/transformer_eh4_h64_f6/layer_22/best.json
[TorchScriptPredictor Layer 22] Loading model on CPU
[TorchScriptPredictor Layer 22] Assuming prefill_dist, prev_expert_onehot, and prev_layers_feat support (v3 API).
[TorchScriptPredictor Layer 22] prefill_dist support: yes, prev_expert_onehot support: yes, prev_layers_feat support: yes
[TorchScriptPredictor Layer 22] Loaded model: /home/michael/heteroPredict/trainingData/qwen3_30b/transformer_final_pfill_markov_emb/transformer_eh4_h64_f6/layer_22/best_jit.pt
[ThreadedTorchScriptPredictor Layer 23] Detected history_length=4 from /home/michael/heteroPredict/trainingData/qwen3_30b/transformer_final_pfill_markov_emb/transformer_eh4_h64_f6/layer_23/best.json
[TorchScriptPredictor Layer 23] Loading model on CPU
[TorchScriptPredictor Layer 23] Assuming prefill_dist, prev_expert_onehot, and prev_layers_feat support (v3 API).
[TorchScriptPredictor Layer 23] prefill_dist support: yes, prev_expert_onehot support: yes, prev_layers_feat support: yes
[TorchScriptPredictor Layer 23] Loaded model: /home/michael/heteroPredict/trainingData/qwen3_30b/transformer_final_pfill_markov_emb/transformer_eh4_h64_f6/layer_23/best_jit.pt
[ThreadedTorchScriptPredictor Layer 24] Detected history_length=4 from /home/michael/heteroPredict/trainingData/qwen3_30b/transformer_final_pfill_markov_emb/transformer_eh4_h64_f6/layer_24/best.json
[TorchScriptPredictor Layer 24] Loading model on CPU
[TorchScriptPredictor Layer 24] Assuming prefill_dist, prev_expert_onehot, and prev_layers_feat support (v3 API).
[TorchScriptPredictor Layer 24] prefill_dist support: yes, prev_expert_onehot support: yes, prev_layers_feat support: yes
[TorchScriptPredictor Layer 24] Loaded model: /home/michael/heteroPredict/trainingData/qwen3_30b/transformer_final_pfill_markov_emb/transformer_eh4_h64_f6/layer_24/best_jit.pt
[ThreadedTorchScriptPredictor Layer 25] Detected history_length=4 from /home/michael/heteroPredict/trainingData/qwen3_30b/transformer_final_pfill_markov_emb/transformer_eh4_h64_f6/layer_25/best.json
[TorchScriptPredictor Layer 25] Loading model on CPU
[TorchScriptPredictor Layer 25] Assuming prefill_dist, prev_expert_onehot, and prev_layers_feat support (v3 API).
[TorchScriptPredictor Layer 25] prefill_dist support: yes, prev_expert_onehot support: yes, prev_layers_feat support: yes
[TorchScriptPredictor Layer 25] Loaded model: /home/michael/heteroPredict/trainingData/qwen3_30b/transformer_final_pfill_markov_emb/transformer_eh4_h64_f6/layer_25/best_jit.pt
[ThreadedTorchScriptPredictor Layer 26] Detected history_length=4 from /home/michael/heteroPredict/trainingData/qwen3_30b/transformer_final_pfill_markov_emb/transformer_eh4_h64_f6/layer_26/best.json
[TorchScriptPredictor Layer 26] Loading model on CPU
[TorchScriptPredictor Layer 26] Assuming prefill_dist, prev_expert_onehot, and prev_layers_feat support (v3 API).
[TorchScriptPredictor Layer 26] prefill_dist support: yes, prev_expert_onehot support: yes, prev_layers_feat support: yes
[TorchScriptPredictor Layer 26] Loaded model: /home/michael/heteroPredict/trainingData/qwen3_30b/transformer_final_pfill_markov_emb/transformer_eh4_h64_f6/layer_26/best_jit.pt
[ThreadedTorchScriptPredictor Layer 27] Detected history_length=4 from /home/michael/heteroPredict/trainingData/qwen3_30b/transformer_final_pfill_markov_emb/transformer_eh4_h64_f6/layer_27/best.json
[TorchScriptPredictor Layer 27] Loading model on CPU
[TorchScriptPredictor Layer 27] Assuming prefill_dist, prev_expert_onehot, and prev_layers_feat support (v3 API).
[TorchScriptPredictor Layer 27] prefill_dist support: yes, prev_expert_onehot support: yes, prev_layers_feat support: yes
[TorchScriptPredictor Layer 27] Loaded model: /home/michael/heteroPredict/trainingData/qwen3_30b/transformer_final_pfill_markov_emb/transformer_eh4_h64_f6/layer_27/best_jit.pt
[ThreadedTorchScriptPredictor Layer 28] Detected history_length=4 from /home/michael/heteroPredict/trainingData/qwen3_30b/transformer_final_pfill_markov_emb/transformer_eh4_h64_f6/layer_28/best.json
[TorchScriptPredictor Layer 28] Loading model on CPU
[TorchScriptPredictor Layer 28] Assuming prefill_dist, prev_expert_onehot, and prev_layers_feat support (v3 API).
[TorchScriptPredictor Layer 28] prefill_dist support: yes, prev_expert_onehot support: yes, prev_layers_feat support: yes
[TorchScriptPredictor Layer 28] Loaded model: /home/michael/heteroPredict/trainingData/qwen3_30b/transformer_final_pfill_markov_emb/transformer_eh4_h64_f6/layer_28/best_jit.pt
[ThreadedTorchScriptPredictor Layer 29] Detected history_length=4 from /home/michael/heteroPredict/trainingData/qwen3_30b/transformer_final_pfill_markov_emb/transformer_eh4_h64_f6/layer_29/best.json
[TorchScriptPredictor Layer 29] Loading model on CPU
[TorchScriptPredictor Layer 29] Assuming prefill_dist, prev_expert_onehot, and prev_layers_feat support (v3 API).
[TorchScriptPredictor Layer 29] prefill_dist support: yes, prev_expert_onehot support: yes, prev_layers_feat support: yes
[TorchScriptPredictor Layer 29] Loaded model: /home/michael/heteroPredict/trainingData/qwen3_30b/transformer_final_pfill_markov_emb/transformer_eh4_h64_f6/layer_29/best_jit.pt
[ThreadedTorchScriptPredictor Layer 30] Detected history_length=4 from /home/michael/heteroPredict/trainingData/qwen3_30b/transformer_final_pfill_markov_emb/transformer_eh4_h64_f6/layer_30/best.json
[TorchScriptPredictor Layer 30] Loading model on CPU
[TorchScriptPredictor Layer 30] Assuming prefill_dist, prev_expert_onehot, and prev_layers_feat support (v3 API).
[TorchScriptPredictor Layer 30] prefill_dist support: yes, prev_expert_onehot support: yes, prev_layers_feat support: yes
[TorchScriptPredictor Layer 30] Loaded model: /home/michael/heteroPredict/trainingData/qwen3_30b/transformer_final_pfill_markov_emb/transformer_eh4_h64_f6/layer_30/best_jit.pt
[ThreadedTorchScriptPredictor Layer 31] Detected history_length=4 from /home/michael/heteroPredict/trainingData/qwen3_30b/transformer_final_pfill_markov_emb/transformer_eh4_h64_f6/layer_31/best.json
[TorchScriptPredictor Layer 31] Loading model on CPU
[TorchScriptPredictor Layer 31] Assuming prefill_dist, prev_expert_onehot, and prev_layers_feat support (v3 API).
[TorchScriptPredictor Layer 31] prefill_dist support: yes, prev_expert_onehot support: yes, prev_layers_feat support: yes
[TorchScriptPredictor Layer 31] Loaded model: /home/michael/heteroPredict/trainingData/qwen3_30b/transformer_final_pfill_markov_emb/transformer_eh4_h64_f6/layer_31/best_jit.pt
[ThreadedTorchScriptPredictor Layer 32] Detected history_length=4 from /home/michael/heteroPredict/trainingData/qwen3_30b/transformer_final_pfill_markov_emb/transformer_eh4_h64_f6/layer_32/best.json
[TorchScriptPredictor Layer 32] Loading model on CPU
[TorchScriptPredictor Layer 32] Assuming prefill_dist, prev_expert_onehot, and prev_layers_feat support (v3 API).
[TorchScriptPredictor Layer 32] prefill_dist support: yes, prev_expert_onehot support: yes, prev_layers_feat support: yes
[TorchScriptPredictor Layer 32] Loaded model: /home/michael/heteroPredict/trainingData/qwen3_30b/transformer_final_pfill_markov_emb/transformer_eh4_h64_f6/layer_32/best_jit.pt
[ThreadedTorchScriptPredictor Layer 33] Detected history_length=4 from /home/michael/heteroPredict/trainingData/qwen3_30b/transformer_final_pfill_markov_emb/transformer_eh4_h64_f6/layer_33/best.json
[TorchScriptPredictor Layer 33] Loading model on CPU
[TorchScriptPredictor Layer 33] Assuming prefill_dist, prev_expert_onehot, and prev_layers_feat support (v3 API).
[TorchScriptPredictor Layer 33] prefill_dist support: yes, prev_expert_onehot support: yes, prev_layers_feat support: yes
[TorchScriptPredictor Layer 33] Loaded model: /home/michael/heteroPredict/trainingData/qwen3_30b/transformer_final_pfill_markov_emb/transformer_eh4_h64_f6/layer_33/best_jit.pt
[ThreadedTorchScriptPredictor Layer 34] Detected history_length=4 from /home/michael/heteroPredict/trainingData/qwen3_30b/transformer_final_pfill_markov_emb/transformer_eh4_h64_f6/layer_34/best.json
[TorchScriptPredictor Layer 34] Loading model on CPU
[TorchScriptPredictor Layer 34] Assuming prefill_dist, prev_expert_onehot, and prev_layers_feat support (v3 API).
[TorchScriptPredictor Layer 34] prefill_dist support: yes, prev_expert_onehot support: yes, prev_layers_feat support: yes
[TorchScriptPredictor Layer 34] Loaded model: /home/michael/heteroPredict/trainingData/qwen3_30b/transformer_final_pfill_markov_emb/transformer_eh4_h64_f6/layer_34/best_jit.pt
[ThreadedTorchScriptPredictor Layer 35] Detected history_length=4 from /home/michael/heteroPredict/trainingData/qwen3_30b/transformer_final_pfill_markov_emb/transformer_eh4_h64_f6/layer_35/best.json
[TorchScriptPredictor Layer 35] Loading model on CPU
[TorchScriptPredictor Layer 35] Assuming prefill_dist, prev_expert_onehot, and prev_layers_feat support (v3 API).
[TorchScriptPredictor Layer 35] prefill_dist support: yes, prev_expert_onehot support: yes, prev_layers_feat support: yes
[TorchScriptPredictor Layer 35] Loaded model: /home/michael/heteroPredict/trainingData/qwen3_30b/transformer_final_pfill_markov_emb/transformer_eh4_h64_f6/layer_35/best_jit.pt
[ThreadedTorchScriptPredictor Layer 36] Detected history_length=4 from /home/michael/heteroPredict/trainingData/qwen3_30b/transformer_final_pfill_markov_emb/transformer_eh4_h64_f6/layer_36/best.json
[TorchScriptPredictor Layer 36] Loading model on CPU
[TorchScriptPredictor Layer 36] Assuming prefill_dist, prev_expert_onehot, and prev_layers_feat support (v3 API).
[TorchScriptPredictor Layer 36] prefill_dist support: yes, prev_expert_onehot support: yes, prev_layers_feat support: yes
[TorchScriptPredictor Layer 36] Loaded model: /home/michael/heteroPredict/trainingData/qwen3_30b/transformer_final_pfill_markov_emb/transformer_eh4_h64_f6/layer_36/best_jit.pt
[ThreadedTorchScriptPredictor Layer 37] Detected history_length=4 from /home/michael/heteroPredict/trainingData/qwen3_30b/transformer_final_pfill_markov_emb/transformer_eh4_h64_f6/layer_37/best.json
[TorchScriptPredictor Layer 37] Loading model on CPU
[TorchScriptPredictor Layer 37] Assuming prefill_dist, prev_expert_onehot, and prev_layers_feat support (v3 API).
[TorchScriptPredictor Layer 37] prefill_dist support: yes, prev_expert_onehot support: yes, prev_layers_feat support: yes
[TorchScriptPredictor Layer 37] Loaded model: /home/michael/heteroPredict/trainingData/qwen3_30b/transformer_final_pfill_markov_emb/transformer_eh4_h64_f6/layer_37/best_jit.pt
[ThreadedTorchScriptPredictor Layer 38] Detected history_length=4 from /home/michael/heteroPredict/trainingData/qwen3_30b/transformer_final_pfill_markov_emb/transformer_eh4_h64_f6/layer_38/best.json
[TorchScriptPredictor Layer 38] Loading model on CPU
[TorchScriptPredictor Layer 38] Assuming prefill_dist, prev_expert_onehot, and prev_layers_feat support (v3 API).
[TorchScriptPredictor Layer 38] prefill_dist support: yes, prev_expert_onehot support: yes, prev_layers_feat support: yes
[TorchScriptPredictor Layer 38] Loaded model: /home/michael/heteroPredict/trainingData/qwen3_30b/transformer_final_pfill_markov_emb/transformer_eh4_h64_f6/layer_38/best_jit.pt
[ThreadedTorchScriptPredictor Layer 39] Detected history_length=4 from /home/michael/heteroPredict/trainingData/qwen3_30b/transformer_final_pfill_markov_emb/transformer_eh4_h64_f6/layer_39/best.json
[TorchScriptPredictor Layer 39] Loading model on CPU
[TorchScriptPredictor Layer 39] Assuming prefill_dist, prev_expert_onehot, and prev_layers_feat support (v3 API).
[TorchScriptPredictor Layer 39] prefill_dist support: yes, prev_expert_onehot support: yes, prev_layers_feat support: yes
[TorchScriptPredictor Layer 39] Loaded model: /home/michael/heteroPredict/trainingData/qwen3_30b/transformer_final_pfill_markov_emb/transformer_eh4_h64_f6/layer_39/best_jit.pt
[ThreadedTorchScriptPredictor Layer 40] Detected history_length=4 from /home/michael/heteroPredict/trainingData/qwen3_30b/transformer_final_pfill_markov_emb/transformer_eh4_h64_f6/layer_40/best.json
[TorchScriptPredictor Layer 40] Loading model on CPU
[TorchScriptPredictor Layer 40] Assuming prefill_dist, prev_expert_onehot, and prev_layers_feat support (v3 API).
[TorchScriptPredictor Layer 40] prefill_dist support: yes, prev_expert_onehot support: yes, prev_layers_feat support: yes
[TorchScriptPredictor Layer 40] Loaded model: /home/michael/heteroPredict/trainingData/qwen3_30b/transformer_final_pfill_markov_emb/transformer_eh4_h64_f6/layer_40/best_jit.pt
[ThreadedTorchScriptPredictor Layer 41] Detected history_length=4 from /home/michael/heteroPredict/trainingData/qwen3_30b/transformer_final_pfill_markov_emb/transformer_eh4_h64_f6/layer_41/best.json
[TorchScriptPredictor Layer 41] Loading model on CPU
[TorchScriptPredictor Layer 41] Assuming prefill_dist, prev_expert_onehot, and prev_layers_feat support (v3 API).
[TorchScriptPredictor Layer 41] prefill_dist support: yes, prev_expert_onehot support: yes, prev_layers_feat support: yes
[TorchScriptPredictor Layer 41] Loaded model: /home/michael/heteroPredict/trainingData/qwen3_30b/transformer_final_pfill_markov_emb/transformer_eh4_h64_f6/layer_41/best_jit.pt
[ThreadedTorchScriptPredictor Layer 42] Detected history_length=4 from /home/michael/heteroPredict/trainingData/qwen3_30b/transformer_final_pfill_markov_emb/transformer_eh4_h64_f6/layer_42/best.json
[TorchScriptPredictor Layer 42] Loading model on CPU
[TorchScriptPredictor Layer 42] Assuming prefill_dist, prev_expert_onehot, and prev_layers_feat support (v3 API).
[TorchScriptPredictor Layer 42] prefill_dist support: yes, prev_expert_onehot support: yes, prev_layers_feat support: yes
[TorchScriptPredictor Layer 42] Loaded model: /home/michael/heteroPredict/trainingData/qwen3_30b/transformer_final_pfill_markov_emb/transformer_eh4_h64_f6/layer_42/best_jit.pt
[ThreadedTorchScriptPredictor Layer 43] Detected history_length=4 from /home/michael/heteroPredict/trainingData/qwen3_30b/transformer_final_pfill_markov_emb/transformer_eh4_h64_f6/layer_43/best.json
[TorchScriptPredictor Layer 43] Loading model on CPU
[TorchScriptPredictor Layer 43] Assuming prefill_dist, prev_expert_onehot, and prev_layers_feat support (v3 API).
[TorchScriptPredictor Layer 43] prefill_dist support: yes, prev_expert_onehot support: yes, prev_layers_feat support: yes
[TorchScriptPredictor Layer 43] Loaded model: /home/michael/heteroPredict/trainingData/qwen3_30b/transformer_final_pfill_markov_emb/transformer_eh4_h64_f6/layer_43/best_jit.pt
[ThreadedTorchScriptPredictor Layer 44] Detected history_length=4 from /home/michael/heteroPredict/trainingData/qwen3_30b/transformer_final_pfill_markov_emb/transformer_eh4_h64_f6/layer_44/best.json
[TorchScriptPredictor Layer 44] Loading model on CPU
[TorchScriptPredictor Layer 44] Assuming prefill_dist, prev_expert_onehot, and prev_layers_feat support (v3 API).
[TorchScriptPredictor Layer 44] prefill_dist support: yes, prev_expert_onehot support: yes, prev_layers_feat support: yes
[TorchScriptPredictor Layer 44] Loaded model: /home/michael/heteroPredict/trainingData/qwen3_30b/transformer_final_pfill_markov_emb/transformer_eh4_h64_f6/layer_44/best_jit.pt
[ThreadedTorchScriptPredictor Layer 45] Detected history_length=4 from /home/michael/heteroPredict/trainingData/qwen3_30b/transformer_final_pfill_markov_emb/transformer_eh4_h64_f6/layer_45/best.json
[TorchScriptPredictor Layer 45] Loading model on CPU
[TorchScriptPredictor Layer 45] Assuming prefill_dist, prev_expert_onehot, and prev_layers_feat support (v3 API).
[TorchScriptPredictor Layer 45] prefill_dist support: yes, prev_expert_onehot support: yes, prev_layers_feat support: yes
[TorchScriptPredictor Layer 45] Loaded model: /home/michael/heteroPredict/trainingData/qwen3_30b/transformer_final_pfill_markov_emb/transformer_eh4_h64_f6/layer_45/best_jit.pt
[ThreadedTorchScriptPredictor Layer 46] Detected history_length=4 from /home/michael/heteroPredict/trainingData/qwen3_30b/transformer_final_pfill_markov_emb/transformer_eh4_h64_f6/layer_46/best.json
[TorchScriptPredictor Layer 46] Loading model on CPU
[TorchScriptPredictor Layer 46] Assuming prefill_dist, prev_expert_onehot, and prev_layers_feat support (v3 API).
[TorchScriptPredictor Layer 46] prefill_dist support: yes, prev_expert_onehot support: yes, prev_layers_feat support: yes
[TorchScriptPredictor Layer 46] Loaded model: /home/michael/heteroPredict/trainingData/qwen3_30b/transformer_final_pfill_markov_emb/transformer_eh4_h64_f6/layer_46/best_jit.pt
[ThreadedTorchScriptPredictor Layer 47] Detected history_length=4 from /home/michael/heteroPredict/trainingData/qwen3_30b/transformer_final_pfill_markov_emb/transformer_eh4_h64_f6/layer_47/best.json
[TorchScriptPredictor Layer 47] Loading model on CPU
[TorchScriptPredictor Layer 47] Assuming prefill_dist, prev_expert_onehot, and prev_layers_feat support (v3 API).
[TorchScriptPredictor Layer 47] prefill_dist support: yes, prev_expert_onehot support: yes, prev_layers_feat support: yes
[TorchScriptPredictor Layer 47] Loaded model: /home/michael/heteroPredict/trainingData/qwen3_30b/transformer_final_pfill_markov_emb/transformer_eh4_h64_f6/layer_47/best_jit.pt
UnifiedLLMW4A16 moved to device: cuda:0
Preloading MoE kernels...
MoE kernels preloaded.
UnifiedLLMW4A16 initialized on device: cuda:0 with w4a16 quantization
[Predictor] Lookahead stride set to 6 (predictor fires every 6 decode tokens)
Loading non-quantized weights from safetensors (mmap): /home/michael/heteroPredict/py/unified_llm_w4a16/model_weights/Qwen3-30B-A3B-AWQ.safetensors
Loaded 243 non-quantized parameters, skipped 0
Loading quantized weights from bins: /home/michael/heteroPredict/py/unified_llm_w4a16/model_weights/Qwen3-30B-A3B-AWQ_unpacked
  Expert weights dir override: /home/michael/heteroPredict/py/unified_llm_w4a16/model_weights/Qwen3-30B-A3B-AWQ_packed
Pre-warming 64 experts for all layers...
Layer 0: Pre-warming 64 experts.
Layer 0: using packed expert format.
[MoE I/O] Expert weight reads require O_DIRECT (no buffered fallback).
Layer 1: Pre-warming 64 experts.
Layer 1: using packed expert format.
Layer 2: Pre-warming 64 experts.
Layer 2: using packed expert format.
Layer 3: Pre-warming 64 experts.
Layer 3: using packed expert format.
Prewarmed experts for layer 4/48
Layer 4: Pre-warming 64 experts.
Layer 4: using packed expert format.
Layer 5: Pre-warming 64 experts.
Layer 5: using packed expert format.
Layer 6: Pre-warming 64 experts.
Layer 6: using packed expert format.
Layer 7: Pre-warming 64 experts.
Layer 7: using packed expert format.
Prewarmed experts for layer 8/48
Layer 8: Pre-warming 64 experts.
Layer 8: using packed expert format.
Layer 9: Pre-warming 64 experts.
Layer 9: using packed expert format.
Layer 10: Pre-warming 64 experts.
Layer 10: using packed expert format.
Layer 11: Pre-warming 64 experts.
Layer 11: using packed expert format.
Prewarmed experts for layer 12/48
Layer 12: Pre-warming 64 experts.
Layer 12: using packed expert format.
Layer 13: Pre-warming 64 experts.
Layer 13: using packed expert format.
Layer 14: Pre-warming 64 experts.
Layer 14: using packed expert format.
Layer 15: Pre-warming 64 experts.
Layer 15: using packed expert format.
Prewarmed experts for layer 16/48
Layer 16: Pre-warming 64 experts.
Layer 16: using packed expert format.
Layer 17: Pre-warming 64 experts.
Layer 17: using packed expert format.
Layer 18: Pre-warming 64 experts.
Layer 18: using packed expert format.
Layer 19: Pre-warming 64 experts.
Layer 19: using packed expert format.
Prewarmed experts for layer 20/48
Layer 20: Pre-warming 64 experts.
Layer 20: using packed expert format.
Layer 21: Pre-warming 64 experts.
Layer 21: using packed expert format.
Layer 22: Pre-warming 64 experts.
Layer 22: using packed expert format.
Layer 23: Pre-warming 64 experts.
Layer 23: using packed expert format.
Prewarmed experts for layer 24/48
Layer 24: Pre-warming 64 experts.
Layer 24: using packed expert format.
Layer 25: Pre-warming 64 experts.
Layer 25: using packed expert format.
Layer 26: Pre-warming 64 experts.
Layer 26: using packed expert format.
Layer 27: Pre-warming 64 experts.
Layer 27: using packed expert format.
Prewarmed experts for layer 28/48
Layer 28: Pre-warming 64 experts.
Layer 28: using packed expert format.
Layer 29: Pre-warming 64 experts.
Layer 29: using packed expert format.
Layer 30: Pre-warming 64 experts.
Layer 30: using packed expert format.
Layer 31: Pre-warming 64 experts.
Layer 31: using packed expert format.
Prewarmed experts for layer 32/48
Layer 32: Pre-warming 64 experts.
Layer 32: using packed expert format.
Layer 33: Pre-warming 64 experts.
Layer 33: using packed expert format.
Layer 34: Pre-warming 64 experts.
Layer 34: using packed expert format.
Layer 35: Pre-warming 64 experts.
Layer 35: using packed expert format.
Prewarmed experts for layer 36/48
Layer 36: Pre-warming 64 experts.
Layer 36: using packed expert format.
Layer 37: Pre-warming 64 experts.
Layer 37: using packed expert format.
Layer 38: Pre-warming 64 experts.
Layer 38: using packed expert format.
Layer 39: Pre-warming 64 experts.
Layer 39: using packed expert format.
Prewarmed experts for layer 40/48
Layer 40: Pre-warming 64 experts.
Layer 40: using packed expert format.
Layer 41: Pre-warming 64 experts.
Layer 41: using packed expert format.
Layer 42: Pre-warming 64 experts.
Layer 42: using packed expert format.
Layer 43: Pre-warming 64 experts.
Layer 43: using packed expert format.
Prewarmed experts for layer 44/48
Layer 44: Pre-warming 64 experts.
Layer 44: using packed expert format.
Layer 45: Pre-warming 64 experts.
Layer 45: using packed expert format.
Layer 46: Pre-warming 64 experts.
Layer 46: using packed expert format.
Layer 47: Pre-warming 64 experts.
Layer 47: using packed expert format.
Prewarmed experts for layer 48/48
Libtorch input_ids shape: [1, 512]
Skipping warmup.
Prefill time: 13.6273 seconds
[Predictor] Prefill-end expert cache warmup (excluded from generation TPS).
[Layer 0 Warmup Debug] predict_sync returned: 72 28 100 46 75 122 65 21 98 40 91 33 64 103 50 51 87 73 111 118 110 43 104 0 2 97 105 16 106 101 57 124 47 66 120 13 82 14 63 29 4 126 11 53 34 112 77 68 32 62 22 6 7 86 67 24 119 80 61 93 30 69 23 26 18 17 44 38 41 102 31 107 12 71 83 92 3 85 37 78 81 74 123 127 58 114 89 117 125 49 19 95 116 52 70 84 45 76 79 109 88 48 27 35 121 99 25 90 42 113 9 1 60 5 59 54 20 94 8 15 108 36 39 56 115 96 55 10 
[Layer 0 Warmup Debug] experts_to_prefetch returned: 72 28 100 46 75 122 65 21 98 40 91 33 64 103 50 51 87 73 111 118 110 43 104 0 2 97 105 16 106 101 57 124 47 66 120 13 
[Layer 0 Warmup Debug] After prefill-end warmup, slots are: 64 65 66 51 43 0 2 16 72 73 47 75 13 77 80 81 82 83 84 85 86 87 88 89 91 92 93 95 97 98 99 100 101 102 103 104 105 106 107 109 110 111 112 113 114 116 117 118 119 120 121 122 123 124 125 126 127 57 28 46 21 40 33 50 
Generation phase
[Layer 0 Step 0 Debug] Slots before check: 64 65 66 51 43 0 2 16 72 73 47 75 13 77 80 81 82 83 84 85 86 87 88 89 91 92 93 95 97 98 99 100 101 102 103 104 105 106 107 109 110 111 112 113 114 116 117 118 119 120 121 122 123 124 125 126 127 57 28 46 21 40 33 50 
[Layer 0 Step 0 Debug] Requested: 119 34 28 7 51 110 46 72 
[gen 5/79] elapsed=0.5s  TPS=10.935
[gen 10/79] elapsed=0.9s  TPS=10.591
[gen 15/79] elapsed=1.3s  TPS=11.199
[gen 20/79] elapsed=1.8s  TPS=11.006
[gen 25/79] elapsed=2.1s  TPS=11.707
[gen 30/79] elapsed=2.4s  TPS=12.351
[gen 35/79] elapsed=2.8s  TPS=12.594
[gen 40/79] elapsed=3.1s  TPS=12.711
[gen 45/79] elapsed=3.5s  TPS=12.813
[gen 50/79] elapsed=3.8s  TPS=13.129
[gen 55/79] elapsed=4.2s  TPS=13.167
[gen 60/79] elapsed=4.5s  TPS=13.400
[gen 65/79] elapsed=4.8s  TPS=13.591
[gen 70/79] elapsed=5.1s  TPS=13.621
[gen 75/79] elapsed=5.6s  TPS=13.278
Prefill time (summary): 13.627 seconds
Total Generation Time: 5.940 seconds
Average Time per Token: 0.0751888 seconds

Expert Cache Statistics:
Layer 0 Cache Stats: Hits=585, Misses=47, HitRate=92.56%
    Predictor Routed-Expert HitRate=58.46% (38/65, routed_n=5, horizon=6)
    Predictor RoutedForcedN HitRate=58.46% (38/65)
    Predictor RoutedTopK HitRate=61.54% (64/104)
    Predicted RequestedByRouterForcedN Rate=8.12% (38/468)
    Predicted RequestedByRouterTopK Rate=13.68% (64/468)
    Predictor WindowRecall Rate=64.36% (298/463)
    Predictor WindowPrecision Rate=63.68% (298/468)
    Loads Per Step: 0Loads=49, 1Load=18, >1Load=12
    Bandwidth: StallLoads=47, PrefetchLoads=17, AvgLoadTime=2.73ms
    PrefetchOverlap: HiddenReady=13, HiddenWait=0, TicksSkipped=0
    MissCause: NotPresent=47, NotReadyStall=0
    PrefetchEff: Dropped=0, AlreadyCached=487, UsedBeforeEvict=13, EvictedBeforeUse=2
    GlobalSpecLoad: PeakConcurrent=8
    Predictor TopK matches: 0=0 1=1 >=2=12
Layer 1 Cache Stats: Hits=616, Misses=16, HitRate=97.47%
    Predictor Routed-Expert HitRate=83.08% (54/65, routed_n=5, horizon=6)
    Predictor RoutedForcedN HitRate=83.08% (54/65)
    Predictor RoutedTopK HitRate=77.88% (81/104)
    Predicted RequestedByRouterForcedN Rate=11.54% (54/468)
    Predicted RequestedByRouterTopK Rate=17.31% (81/468)
    Predictor WindowRecall Rate=74.18% (273/368)
    Predictor WindowPrecision Rate=58.33% (273/468)
    Loads Per Step: 0Loads=64, 1Load=14, >1Load=1
    Bandwidth: StallLoads=16, PrefetchLoads=23, AvgLoadTime=3.23ms
    PrefetchOverlap: HiddenReady=18, HiddenWait=0, TicksSkipped=0
    MissCause: NotPresent=16, NotReadyStall=0
    PrefetchEff: Dropped=0, AlreadyCached=481, UsedBeforeEvict=18, EvictedBeforeUse=3
    Predictor TopK matches: 0=0 1=0 >=2=13
Layer 2 Cache Stats: Hits=621, Misses=11, HitRate=98.26%
    Predictor Routed-Expert HitRate=81.54% (53/65, routed_n=5, horizon=6)
    Predictor RoutedForcedN HitRate=81.54% (53/65)
    Predictor RoutedTopK HitRate=82.69% (86/104)
    Predicted RequestedByRouterForcedN Rate=11.32% (53/468)
    Predicted RequestedByRouterTopK Rate=18.38% (86/468)
    Predictor WindowRecall Rate=78.68% (299/380)
    Predictor WindowPrecision Rate=63.89% (299/468)
    Loads Per Step: 0Loads=69, 1Load=9, >1Load=1
    Bandwidth: StallLoads=11, PrefetchLoads=16, AvgLoadTime=5.23ms
    PrefetchOverlap: HiddenReady=14, HiddenWait=0, TicksSkipped=0
    MissCause: NotPresent=11, NotReadyStall=0
    PrefetchEff: Dropped=0, AlreadyCached=488, UsedBeforeEvict=14, EvictedBeforeUse=1
    Predictor TopK matches: 0=0 1=0 >=2=13
Layer 3 Cache Stats: Hits=614, Misses=18, HitRate=97.15%
    Predictor Routed-Expert HitRate=78.46% (51/65, routed_n=5, horizon=6)
    Predictor RoutedForcedN HitRate=78.46% (51/65)
    Predictor RoutedTopK HitRate=75.96% (79/104)
    Predicted RequestedByRouterForcedN Rate=10.90% (51/468)
    Predicted RequestedByRouterTopK Rate=16.88% (79/468)
    Predictor WindowRecall Rate=71.11% (256/360)
    Predictor WindowPrecision Rate=54.70% (256/468)
    Loads Per Step: 0Loads=62, 1Load=16, >1Load=1
    Bandwidth: StallLoads=18, PrefetchLoads=20, AvgLoadTime=4.53ms
    PrefetchOverlap: HiddenReady=16, HiddenWait=0, TicksSkipped=0
    MissCause: NotPresent=18, NotReadyStall=0
    PrefetchEff: Dropped=0, AlreadyCached=484, UsedBeforeEvict=16, EvictedBeforeUse=2
    Predictor TopK matches: 0=0 1=0 >=2=13
Layer 4 Cache Stats: Hits=626, Misses=6, HitRate=99.05%
    Predictor Routed-Expert HitRate=86.15% (56/65, routed_n=5, horizon=6)
    Predictor RoutedForcedN HitRate=86.15% (56/65)
    Predictor RoutedTopK HitRate=84.62% (88/104)
    Predicted RequestedByRouterForcedN Rate=11.97% (56/468)
    Predicted RequestedByRouterTopK Rate=18.80% (88/468)
    Predictor WindowRecall Rate=85.44% (270/316)
    Predictor WindowPrecision Rate=57.69% (270/468)
    Loads Per Step: 0Loads=74, 1Load=4, >1Load=1
    Bandwidth: StallLoads=6, PrefetchLoads=9, AvgLoadTime=6.87ms
    PrefetchOverlap: HiddenReady=5, HiddenWait=0, TicksSkipped=0
    MissCause: NotPresent=6, NotReadyStall=0
    PrefetchEff: Dropped=0, AlreadyCached=495, UsedBeforeEvict=5, EvictedBeforeUse=0
    Predictor TopK matches: 0=0 1=0 >=2=13
Layer 5 Cache Stats: Hits=626, Misses=6, HitRate=99.05%
    Predictor Routed-Expert HitRate=92.31% (60/65, routed_n=5, horizon=6)
    Predictor RoutedForcedN HitRate=92.31% (60/65)
    Predictor RoutedTopK HitRate=90.38% (94/104)
    Predicted RequestedByRouterForcedN Rate=12.82% (60/468)
    Predicted RequestedByRouterTopK Rate=20.09% (94/468)
    Predictor WindowRecall Rate=82.34% (275/334)
    Predictor WindowPrecision Rate=58.76% (275/468)
    Loads Per Step: 0Loads=73, 1Load=6, >1Load=0
    Bandwidth: StallLoads=6, PrefetchLoads=12, AvgLoadTime=5.98ms
    PrefetchOverlap: HiddenReady=10, HiddenWait=0, TicksSkipped=0
    MissCause: NotPresent=6, NotReadyStall=0
    PrefetchEff: Dropped=0, AlreadyCached=492, UsedBeforeEvict=10, EvictedBeforeUse=1
    Predictor TopK matches: 0=0 1=0 >=2=13
Layer 6 Cache Stats: Hits=630, Misses=2, HitRate=99.68%
    Predictor Routed-Expert HitRate=93.85% (61/65, routed_n=5, horizon=6)
    Predictor RoutedForcedN HitRate=93.85% (61/65)
    Predictor RoutedTopK HitRate=92.31% (96/104)
    Predicted RequestedByRouterForcedN Rate=13.03% (61/468)
    Predicted RequestedByRouterTopK Rate=20.51% (96/468)
    Predictor WindowRecall Rate=88.05% (221/251)
    Predictor WindowPrecision Rate=47.22% (221/468)
    Loads Per Step: 0Loads=77, 1Load=2, >1Load=0
    Bandwidth: StallLoads=2, PrefetchLoads=10, AvgLoadTime=9.42ms
    PrefetchOverlap: HiddenReady=4, HiddenWait=0, TicksSkipped=0
    MissCause: NotPresent=2, NotReadyStall=0
    PrefetchEff: Dropped=0, AlreadyCached=494, UsedBeforeEvict=4, EvictedBeforeUse=0
    Predictor TopK matches: 0=0 1=0 >=2=13
Layer 7 Cache Stats: Hits=631, Misses=1, HitRate=99.84%
    Predictor Routed-Expert HitRate=100.00% (65/65, routed_n=5, horizon=6)
    Predictor RoutedForcedN HitRate=100.00% (65/65)
    Predictor RoutedTopK HitRate=99.04% (103/104)
    Predicted RequestedByRouterForcedN Rate=13.89% (65/468)
    Predicted RequestedByRouterTopK Rate=22.01% (103/468)
    Predictor WindowRecall Rate=95.35% (205/215)
    Predictor WindowPrecision Rate=43.80% (205/468)
    Loads Per Step: 0Loads=78, 1Load=1, >1Load=0
    Bandwidth: StallLoads=1, PrefetchLoads=10, AvgLoadTime=9.22ms
    PrefetchOverlap: HiddenReady=4, HiddenWait=0, TicksSkipped=0
    MissCause: NotPresent=1, NotReadyStall=0
    PrefetchEff: Dropped=0, AlreadyCached=494, UsedBeforeEvict=4, EvictedBeforeUse=0
    Predictor TopK matches: 0=0 1=0 >=2=13
Layer 8 Cache Stats: Hits=624, Misses=8, HitRate=98.73%
    Predictor Routed-Expert HitRate=95.38% (62/65, routed_n=5, horizon=6)
    Predictor RoutedForcedN HitRate=95.38% (62/65)
    Predictor RoutedTopK HitRate=94.23% (98/104)
    Predicted RequestedByRouterForcedN Rate=13.25% (62/468)
    Predicted RequestedByRouterTopK Rate=20.94% (98/468)
    Predictor WindowRecall Rate=87.92% (233/265)
    Predictor WindowPrecision Rate=49.79% (233/468)
    Loads Per Step: 0Loads=73, 1Load=5, >1Load=1
    Bandwidth: StallLoads=8, PrefetchLoads=9, AvgLoadTime=7.15ms
    PrefetchOverlap: HiddenReady=5, HiddenWait=0, TicksSkipped=0
    MissCause: NotPresent=8, NotReadyStall=0
    PrefetchEff: Dropped=0, AlreadyCached=495, UsedBeforeEvict=5, EvictedBeforeUse=0
    Predictor TopK matches: 0=0 1=0 >=2=13
Layer 9 Cache Stats: Hits=628, Misses=4, HitRate=99.37%
    Predictor Routed-Expert HitRate=89.23% (58/65, routed_n=5, horizon=6)
    Predictor RoutedForcedN HitRate=89.23% (58/65)
    Predictor RoutedTopK HitRate=91.35% (95/104)
    Predicted RequestedByRouterForcedN Rate=12.39% (58/468)
    Predicted RequestedByRouterTopK Rate=20.30% (95/468)
    Predictor WindowRecall Rate=86.96% (240/276)
    Predictor WindowPrecision Rate=51.28% (240/468)
    Loads Per Step: 0Loads=75, 1Load=4, >1Load=0
    Bandwidth: StallLoads=4, PrefetchLoads=13, AvgLoadTime=5.60ms
    PrefetchOverlap: HiddenReady=8, HiddenWait=0, TicksSkipped=0
    MissCause: NotPresent=4, NotReadyStall=0
    PrefetchEff: Dropped=0, AlreadyCached=491, UsedBeforeEvict=8, EvictedBeforeUse=0
    Predictor TopK matches: 0=0 1=0 >=2=13
Layer 10 Cache Stats: Hits=624, Misses=8, HitRate=98.73%
    Predictor Routed-Expert HitRate=96.92% (63/65, routed_n=5, horizon=6)
    Predictor RoutedForcedN HitRate=96.92% (63/65)
    Predictor RoutedTopK HitRate=91.35% (95/104)
    Predicted RequestedByRouterForcedN Rate=13.46% (63/468)
    Predicted RequestedByRouterTopK Rate=20.30% (95/468)
    Predictor WindowRecall Rate=85.38% (222/260)
    Predictor WindowPrecision Rate=47.44% (222/468)
    Loads Per Step: 0Loads=71, 1Load=8, >1Load=0
    Bandwidth: StallLoads=8, PrefetchLoads=8, AvgLoadTime=6.50ms
    PrefetchOverlap: HiddenReady=7, HiddenWait=0, TicksSkipped=0
    MissCause: NotPresent=8, NotReadyStall=0
    PrefetchEff: Dropped=0, AlreadyCached=496, UsedBeforeEvict=7, EvictedBeforeUse=0
    Predictor TopK matches: 0=0 1=0 >=2=13
Layer 11 Cache Stats: Hits=625, Misses=7, HitRate=98.89%
    Predictor Routed-Expert HitRate=89.23% (58/65, routed_n=5, horizon=6)
    Predictor RoutedForcedN HitRate=89.23% (58/65)
    Predictor RoutedTopK HitRate=86.54% (90/104)
    Predicted RequestedByRouterForcedN Rate=12.39% (58/468)
    Predicted RequestedByRouterTopK Rate=19.23% (90/468)
    Predictor WindowRecall Rate=84.67% (254/300)
    Predictor WindowPrecision Rate=54.27% (254/468)
    Loads Per Step: 0Loads=72, 1Load=7, >1Load=0
    Bandwidth: StallLoads=7, PrefetchLoads=13, AvgLoadTime=6.12ms
    PrefetchOverlap: HiddenReady=10, HiddenWait=0, TicksSkipped=0
    MissCause: NotPresent=7, NotReadyStall=0
    PrefetchEff: Dropped=0, AlreadyCached=491, UsedBeforeEvict=10, EvictedBeforeUse=1
    Predictor TopK matches: 0=0 1=0 >=2=13
Layer 12 Cache Stats: Hits=623, Misses=9, HitRate=98.58%
    Predictor Routed-Expert HitRate=92.31% (60/65, routed_n=5, horizon=6)
    Predictor RoutedForcedN HitRate=92.31% (60/65)
    Predictor RoutedTopK HitRate=86.54% (90/104)
    Predicted RequestedByRouterForcedN Rate=12.82% (60/468)
    Predicted RequestedByRouterTopK Rate=19.23% (90/468)
    Predictor WindowRecall Rate=82.72% (225/272)
    Predictor WindowPrecision Rate=48.08% (225/468)
    Loads Per Step: 0Loads=70, 1Load=9, >1Load=0
    Bandwidth: StallLoads=9, PrefetchLoads=12, AvgLoadTime=5.11ms
    PrefetchOverlap: HiddenReady=5, HiddenWait=0, TicksSkipped=0
    MissCause: NotPresent=9, NotReadyStall=0
    PrefetchEff: Dropped=0, AlreadyCached=492, UsedBeforeEvict=5, EvictedBeforeUse=1
    Predictor TopK matches: 0=0 1=0 >=2=13
Layer 13 Cache Stats: Hits=621, Misses=11, HitRate=98.26%
    Predictor Routed-Expert HitRate=86.15% (56/65, routed_n=5, horizon=6)
    Predictor RoutedForcedN HitRate=86.15% (56/65)
    Predictor RoutedTopK HitRate=85.58% (89/104)
    Predicted RequestedByRouterForcedN Rate=11.97% (56/468)
    Predicted RequestedByRouterTopK Rate=19.02% (89/468)
    Predictor WindowRecall Rate=84.78% (284/335)
    Predictor WindowPrecision Rate=60.68% (284/468)
    Loads Per Step: 0Loads=70, 1Load=8, >1Load=1
    Bandwidth: StallLoads=11, PrefetchLoads=12, AvgLoadTime=5.31ms
    PrefetchOverlap: HiddenReady=9, HiddenWait=0, TicksSkipped=0
    MissCause: NotPresent=11, NotReadyStall=0
    PrefetchEff: Dropped=0, AlreadyCached=492, UsedBeforeEvict=9, EvictedBeforeUse=2
    Predictor TopK matches: 0=0 1=0 >=2=13
Layer 14 Cache Stats: Hits=630, Misses=2, HitRate=99.68%
    Predictor Routed-Expert HitRate=96.92% (63/65, routed_n=5, horizon=6)
    Predictor RoutedForcedN HitRate=96.92% (63/65)
    Predictor RoutedTopK HitRate=95.19% (99/104)
    Predicted RequestedByRouterForcedN Rate=13.46% (63/468)
    Predicted RequestedByRouterTopK Rate=21.15% (99/468)
    Predictor WindowRecall Rate=92.78% (244/263)
    Predictor WindowPrecision Rate=52.14% (244/468)
    Loads Per Step: 0Loads=77, 1Load=2, >1Load=0
    Bandwidth: StallLoads=2, PrefetchLoads=12, AvgLoadTime=6.99ms
    PrefetchOverlap: HiddenReady=8, HiddenWait=0, TicksSkipped=0
    MissCause: NotPresent=2, NotReadyStall=0
    PrefetchEff: Dropped=0, AlreadyCached=492, UsedBeforeEvict=8, EvictedBeforeUse=0
    Predictor TopK matches: 0=0 1=0 >=2=13
Layer 15 Cache Stats: Hits=630, Misses=2, HitRate=99.68%
    Predictor Routed-Expert HitRate=100.00% (65/65, routed_n=5, horizon=6)
    Predictor RoutedForcedN HitRate=100.00% (65/65)
    Predictor RoutedTopK HitRate=99.04% (103/104)
    Predicted RequestedByRouterForcedN Rate=13.89% (65/468)
    Predicted RequestedByRouterTopK Rate=22.01% (103/468)
    Predictor WindowRecall Rate=91.84% (225/245)
    Predictor WindowPrecision Rate=48.08% (225/468)
    Loads Per Step: 0Loads=77, 1Load=2, >1Load=0
    Bandwidth: StallLoads=2, PrefetchLoads=13, AvgLoadTime=6.95ms
    PrefetchOverlap: HiddenReady=6, HiddenWait=0, TicksSkipped=0
    MissCause: NotPresent=2, NotReadyStall=0
    PrefetchEff: Dropped=0, AlreadyCached=491, UsedBeforeEvict=6, EvictedBeforeUse=0
    Predictor TopK matches: 0=0 1=0 >=2=13
Layer 16 Cache Stats: Hits=624, Misses=8, HitRate=98.73%
    Predictor Routed-Expert HitRate=87.69% (57/65, routed_n=5, horizon=6)
    Predictor RoutedForcedN HitRate=87.69% (57/65)
    Predictor RoutedTopK HitRate=85.58% (89/104)
    Predicted RequestedByRouterForcedN Rate=12.18% (57/468)
    Predicted RequestedByRouterTopK Rate=19.02% (89/468)
    Predictor WindowRecall Rate=84.78% (234/276)
    Predictor WindowPrecision Rate=50.00% (234/468)
    Loads Per Step: 0Loads=71, 1Load=8, >1Load=0
    Bandwidth: StallLoads=8, PrefetchLoads=19, AvgLoadTime=5.17ms
    PrefetchOverlap: HiddenReady=11, HiddenWait=0, TicksSkipped=0
    MissCause: NotPresent=8, NotReadyStall=0
    PrefetchEff: Dropped=0, AlreadyCached=485, UsedBeforeEvict=11, EvictedBeforeUse=3
    Predictor TopK matches: 0=0 1=0 >=2=13
Layer 17 Cache Stats: Hits=625, Misses=7, HitRate=98.89%
    Predictor Routed-Expert HitRate=89.23% (58/65, routed_n=5, horizon=6)
    Predictor RoutedForcedN HitRate=89.23% (58/65)
    Predictor RoutedTopK HitRate=82.69% (86/104)
    Predicted RequestedByRouterForcedN Rate=12.39% (58/468)
    Predicted RequestedByRouterTopK Rate=18.38% (86/468)
    Predictor WindowRecall Rate=82.65% (262/317)
    Predictor WindowPrecision Rate=55.98% (262/468)
    Loads Per Step: 0Loads=72, 1Load=7, >1Load=0
    Bandwidth: StallLoads=7, PrefetchLoads=14, AvgLoadTime=6.58ms
    PrefetchOverlap: HiddenReady=9, HiddenWait=0, TicksSkipped=0
    MissCause: NotPresent=7, NotReadyStall=0
    PrefetchEff: Dropped=0, AlreadyCached=490, UsedBeforeEvict=9, EvictedBeforeUse=1
    Predictor TopK matches: 0=0 1=0 >=2=13
Layer 18 Cache Stats: Hits=632, Misses=0, HitRate=100.00%
    Predictor Routed-Expert HitRate=96.92% (63/65, routed_n=5, horizon=6)
    Predictor RoutedForcedN HitRate=96.92% (63/65)
    Predictor RoutedTopK HitRate=95.19% (99/104)
    Predicted RequestedByRouterForcedN Rate=13.46% (63/468)
    Predicted RequestedByRouterTopK Rate=21.15% (99/468)
    Predictor WindowRecall Rate=91.67% (198/216)
    Predictor WindowPrecision Rate=42.31% (198/468)
    Loads Per Step: 0Loads=79, 1Load=0, >1Load=0
    Bandwidth: StallLoads=0, PrefetchLoads=9, AvgLoadTime=8.39ms
    PrefetchOverlap: HiddenReady=5, HiddenWait=0, TicksSkipped=0
    PrefetchEff: Dropped=0, AlreadyCached=495, UsedBeforeEvict=5, EvictedBeforeUse=0
    Predictor TopK matches: 0=0 1=0 >=2=13
Layer 19 Cache Stats: Hits=631, Misses=1, HitRate=99.84%
    Predictor Routed-Expert HitRate=100.00% (65/65, routed_n=5, horizon=6)
    Predictor RoutedForcedN HitRate=100.00% (65/65)
    Predictor RoutedTopK HitRate=96.15% (100/104)
    Predicted RequestedByRouterForcedN Rate=13.89% (65/468)
    Predicted RequestedByRouterTopK Rate=21.37% (100/468)
    Predictor WindowRecall Rate=95.90% (187/195)
    Predictor WindowPrecision Rate=39.96% (187/468)
    Loads Per Step: 0Loads=78, 1Load=1, >1Load=0
    Bandwidth: StallLoads=1, PrefetchLoads=8, AvgLoadTime=10.25ms
    PrefetchOverlap: HiddenReady=4, HiddenWait=0, TicksSkipped=0
    MissCause: NotPresent=1, NotReadyStall=0
    PrefetchEff: Dropped=0, AlreadyCached=496, UsedBeforeEvict=4, EvictedBeforeUse=0
    Predictor TopK matches: 0=0 1=0 >=2=13
Layer 20 Cache Stats: Hits=627, Misses=5, HitRate=99.21%
    Predictor Routed-Expert HitRate=98.46% (64/65, routed_n=5, horizon=6)
    Predictor RoutedForcedN HitRate=98.46% (64/65)
    Predictor RoutedTopK HitRate=94.23% (98/104)
    Predicted RequestedByRouterForcedN Rate=13.68% (64/468)
    Predicted RequestedByRouterTopK Rate=20.94% (98/468)
    Predictor WindowRecall Rate=90.00% (225/250)
    Predictor WindowPrecision Rate=48.08% (225/468)
    Loads Per Step: 0Loads=74, 1Load=5, >1Load=0
    Bandwidth: StallLoads=5, PrefetchLoads=12, AvgLoadTime=5.71ms
    PrefetchOverlap: HiddenReady=8, HiddenWait=0, TicksSkipped=0
    MissCause: NotPresent=5, NotReadyStall=0
    PrefetchEff: Dropped=0, AlreadyCached=492, UsedBeforeEvict=8, EvictedBeforeUse=0
    Predictor TopK matches: 0=0 1=0 >=2=13
Layer 21 Cache Stats: Hits=629, Misses=3, HitRate=99.53%
    Predictor Routed-Expert HitRate=92.31% (60/65, routed_n=5, horizon=6)
    Predictor RoutedForcedN HitRate=92.31% (60/65)
    Predictor RoutedTopK HitRate=90.38% (94/104)
    Predicted RequestedByRouterForcedN Rate=12.82% (60/468)
    Predicted RequestedByRouterTopK Rate=20.09% (94/468)
    Predictor WindowRecall Rate=89.19% (231/259)
    Predictor WindowPrecision Rate=49.36% (231/468)
    Loads Per Step: 0Loads=76, 1Load=3, >1Load=0
    Bandwidth: StallLoads=3, PrefetchLoads=5, AvgLoadTime=6.52ms
    PrefetchOverlap: HiddenReady=2, HiddenWait=0, TicksSkipped=0
    MissCause: NotPresent=3, NotReadyStall=0
    PrefetchEff: Dropped=0, AlreadyCached=499, UsedBeforeEvict=2, EvictedBeforeUse=0
    Predictor TopK matches: 0=0 1=0 >=2=13
Layer 22 Cache Stats: Hits=626, Misses=6, HitRate=99.05%
    Predictor Routed-Expert HitRate=95.38% (62/65, routed_n=5, horizon=6)
    Predictor RoutedForcedN HitRate=95.38% (62/65)
    Predictor RoutedTopK HitRate=92.31% (96/104)
    Predicted RequestedByRouterForcedN Rate=13.25% (62/468)
    Predicted RequestedByRouterTopK Rate=20.51% (96/468)
    Predictor WindowRecall Rate=82.59% (223/270)
    Predictor WindowPrecision Rate=47.65% (223/468)
    Loads Per Step: 0Loads=74, 1Load=4, >1Load=1
    Bandwidth: StallLoads=6, PrefetchLoads=14, AvgLoadTime=5.17ms
    PrefetchOverlap: HiddenReady=9, HiddenWait=0, TicksSkipped=0
    MissCause: NotPresent=6, NotReadyStall=0
    PrefetchEff: Dropped=0, AlreadyCached=490, UsedBeforeEvict=9, EvictedBeforeUse=0
    Predictor TopK matches: 0=0 1=0 >=2=13
Layer 23 Cache Stats: Hits=617, Misses=15, HitRate=97.63%
    Predictor Routed-Expert HitRate=73.85% (48/65, routed_n=5, horizon=6)
    Predictor RoutedForcedN HitRate=73.85% (48/65)
    Predictor RoutedTopK HitRate=75.96% (79/104)
    Predicted RequestedByRouterForcedN Rate=10.26% (48/468)
    Predicted RequestedByRouterTopK Rate=16.88% (79/468)
    Predictor WindowRecall Rate=73.63% (229/311)
    Predictor WindowPrecision Rate=48.93% (229/468)
    Loads Per Step: 0Loads=67, 1Load=9, >1Load=3
    Bandwidth: StallLoads=15, PrefetchLoads=10, AvgLoadTime=7.01ms
    PrefetchOverlap: HiddenReady=6, HiddenWait=0, TicksSkipped=0
    MissCause: NotPresent=15, NotReadyStall=0
    PrefetchEff: Dropped=0, AlreadyCached=494, UsedBeforeEvict=6, EvictedBeforeUse=3
    Predictor TopK matches: 0=0 1=1 >=2=12
Layer 24 Cache Stats: Hits=627, Misses=5, HitRate=99.21%
    Predictor Routed-Expert HitRate=80.00% (52/65, routed_n=5, horizon=6)
    Predictor RoutedForcedN HitRate=80.00% (52/65)
    Predictor RoutedTopK HitRate=82.69% (86/104)
    Predicted RequestedByRouterForcedN Rate=11.11% (52/468)
    Predicted RequestedByRouterTopK Rate=18.38% (86/468)
    Predictor WindowRecall Rate=79.55% (214/269)
    Predictor WindowPrecision Rate=45.73% (214/468)
    Loads Per Step: 0Loads=74, 1Load=5, >1Load=0
    Bandwidth: StallLoads=5, PrefetchLoads=13, AvgLoadTime=5.97ms
    PrefetchOverlap: HiddenReady=8, HiddenWait=0, TicksSkipped=0
    MissCause: NotPresent=5, NotReadyStall=0
    PrefetchEff: Dropped=0, AlreadyCached=491, UsedBeforeEvict=8, EvictedBeforeUse=0
    Predictor TopK matches: 0=0 1=0 >=2=13
Layer 25 Cache Stats: Hits=624, Misses=8, HitRate=98.73%
    Predictor Routed-Expert HitRate=78.46% (51/65, routed_n=5, horizon=6)
    Predictor RoutedForcedN HitRate=78.46% (51/65)
    Predictor RoutedTopK HitRate=81.73% (85/104)
    Predicted RequestedByRouterForcedN Rate=10.90% (51/468)
    Predicted RequestedByRouterTopK Rate=18.16% (85/468)
    Predictor WindowRecall Rate=80.17% (275/343)
    Predictor WindowPrecision Rate=58.76% (275/468)
    Loads Per Step: 0Loads=71, 1Load=8, >1Load=0
    Bandwidth: StallLoads=8, PrefetchLoads=8, AvgLoadTime=6.57ms
    PrefetchOverlap: HiddenReady=8, HiddenWait=0, TicksSkipped=0
    MissCause: NotPresent=8, NotReadyStall=0
    PrefetchEff: Dropped=0, AlreadyCached=496, UsedBeforeEvict=8, EvictedBeforeUse=0
    Predictor TopK matches: 0=0 1=0 >=2=13
Layer 26 Cache Stats: Hits=628, Misses=4, HitRate=99.37%
    Predictor Routed-Expert HitRate=96.92% (63/65, routed_n=5, horizon=6)
    Predictor RoutedForcedN HitRate=96.92% (63/65)
    Predictor RoutedTopK HitRate=95.19% (99/104)
    Predicted RequestedByRouterForcedN Rate=13.46% (63/468)
    Predicted RequestedByRouterTopK Rate=21.15% (99/468)
    Predictor WindowRecall Rate=87.83% (231/263)
    Predictor WindowPrecision Rate=49.36% (231/468)
    Loads Per Step: 0Loads=76, 1Load=2, >1Load=1
    Bandwidth: StallLoads=4, PrefetchLoads=17, AvgLoadTime=5.84ms
    PrefetchOverlap: HiddenReady=11, HiddenWait=0, TicksSkipped=0
    MissCause: NotPresent=4, NotReadyStall=0
    PrefetchEff: Dropped=0, AlreadyCached=487, UsedBeforeEvict=11, EvictedBeforeUse=0
    Predictor TopK matches: 0=0 1=0 >=2=13
Layer 27 Cache Stats: Hits=630, Misses=2, HitRate=99.68%
    Predictor Routed-Expert HitRate=96.92% (63/65, routed_n=5, horizon=6)
    Predictor RoutedForcedN HitRate=96.92% (63/65)
    Predictor RoutedTopK HitRate=93.27% (97/104)
    Predicted RequestedByRouterForcedN Rate=13.46% (63/468)
    Predicted RequestedByRouterTopK Rate=20.73% (97/468)
    Predictor WindowRecall Rate=89.75% (219/244)
    Predictor WindowPrecision Rate=46.79% (219/468)
    Loads Per Step: 0Loads=77, 1Load=2, >1Load=0
    Bandwidth: StallLoads=2, PrefetchLoads=10, AvgLoadTime=8.85ms
    PrefetchOverlap: HiddenReady=4, HiddenWait=0, TicksSkipped=0
    MissCause: NotPresent=2, NotReadyStall=0
    PrefetchEff: Dropped=0, AlreadyCached=494, UsedBeforeEvict=4, EvictedBeforeUse=0
    Predictor TopK matches: 0=0 1=0 >=2=13
Layer 28 Cache Stats: Hits=624, Misses=8, HitRate=98.73%
    Predictor Routed-Expert HitRate=95.38% (62/65, routed_n=5, horizon=6)
    Predictor RoutedForcedN HitRate=95.38% (62/65)
    Predictor RoutedTopK HitRate=86.54% (90/104)
    Predicted RequestedByRouterForcedN Rate=13.25% (62/468)
    Predicted RequestedByRouterTopK Rate=19.23% (90/468)
    Predictor WindowRecall Rate=85.71% (246/287)
    Predictor WindowPrecision Rate=52.56% (246/468)
    Loads Per Step: 0Loads=73, 1Load=5, >1Load=1
    Bandwidth: StallLoads=8, PrefetchLoads=15, AvgLoadTime=7.41ms
    PrefetchOverlap: HiddenReady=11, HiddenWait=0, TicksSkipped=0
    MissCause: NotPresent=8, NotReadyStall=0
    PrefetchEff: Dropped=0, AlreadyCached=489, UsedBeforeEvict=11, EvictedBeforeUse=0
    Predictor TopK matches: 0=0 1=0 >=2=13
Layer 29 Cache Stats: Hits=625, Misses=7, HitRate=98.89%
    Predictor Routed-Expert HitRate=86.15% (56/65, routed_n=5, horizon=6)
    Predictor RoutedForcedN HitRate=86.15% (56/65)
    Predictor RoutedTopK HitRate=80.77% (84/104)
    Predicted RequestedByRouterForcedN Rate=11.97% (56/468)
    Predicted RequestedByRouterTopK Rate=17.95% (84/468)
    Predictor WindowRecall Rate=80.00% (244/305)
    Predictor WindowPrecision Rate=52.14% (244/468)
    Loads Per Step: 0Loads=72, 1Load=7, >1Load=0
    Bandwidth: StallLoads=7, PrefetchLoads=19, AvgLoadTime=6.13ms
    PrefetchOverlap: HiddenReady=10, HiddenWait=0, TicksSkipped=0
    MissCause: NotPresent=7, NotReadyStall=0
    PrefetchEff: Dropped=0, AlreadyCached=485, UsedBeforeEvict=10, EvictedBeforeUse=3
    Predictor TopK matches: 0=0 1=0 >=2=13
Layer 30 Cache Stats: Hits=629, Misses=3, HitRate=99.53%
    Predictor Routed-Expert HitRate=100.00% (65/65, routed_n=5, horizon=6)
    Predictor RoutedForcedN HitRate=100.00% (65/65)
    Predictor RoutedTopK HitRate=97.12% (101/104)
    Predicted RequestedByRouterForcedN Rate=13.89% (65/468)
    Predicted RequestedByRouterTopK Rate=21.58% (101/468)
    Predictor WindowRecall Rate=89.57% (206/230)
    Predictor WindowPrecision Rate=44.02% (206/468)
    Loads Per Step: 0Loads=76, 1Load=3, >1Load=0
    Bandwidth: StallLoads=3, PrefetchLoads=11, AvgLoadTime=8.25ms
    PrefetchOverlap: HiddenReady=4, HiddenWait=0, TicksSkipped=0
    MissCause: NotPresent=3, NotReadyStall=0
    PrefetchEff: Dropped=0, AlreadyCached=493, UsedBeforeEvict=4, EvictedBeforeUse=0
    Predictor TopK matches: 0=0 1=0 >=2=13
Layer 31 Cache Stats: Hits=632, Misses=0, HitRate=100.00%
    Predictor Routed-Expert HitRate=96.92% (63/65, routed_n=5, horizon=6)
    Predictor RoutedForcedN HitRate=96.92% (63/65)
    Predictor RoutedTopK HitRate=98.08% (102/104)
    Predicted RequestedByRouterForcedN Rate=13.46% (63/468)
    Predicted RequestedByRouterTopK Rate=21.79% (102/468)
    Predictor WindowRecall Rate=96.59% (198/205)
    Predictor WindowPrecision Rate=42.31% (198/468)
    Loads Per Step: 0Loads=79, 1Load=0, >1Load=0
    Bandwidth: StallLoads=0, PrefetchLoads=12, AvgLoadTime=7.86ms
    PrefetchOverlap: HiddenReady=4, HiddenWait=0, TicksSkipped=0
    PrefetchEff: Dropped=0, AlreadyCached=492, UsedBeforeEvict=4, EvictedBeforeUse=0
    Predictor TopK matches: 0=0 1=0 >=2=13
Layer 32 Cache Stats: Hits=626, Misses=6, HitRate=99.05%
    Predictor Routed-Expert HitRate=95.38% (62/65, routed_n=5, horizon=6)
    Predictor RoutedForcedN HitRate=95.38% (62/65)
    Predictor RoutedTopK HitRate=94.23% (98/104)
    Predicted RequestedByRouterForcedN Rate=13.25% (62/468)
    Predicted RequestedByRouterTopK Rate=20.94% (98/468)
    Predictor WindowRecall Rate=90.20% (221/245)
    Predictor WindowPrecision Rate=47.22% (221/468)
    Loads Per Step: 0Loads=74, 1Load=4, >1Load=1
    Bandwidth: StallLoads=6, PrefetchLoads=10, AvgLoadTime=6.56ms
    PrefetchOverlap: HiddenReady=7, HiddenWait=0, TicksSkipped=0
    MissCause: NotPresent=6, NotReadyStall=0
    PrefetchEff: Dropped=0, AlreadyCached=494, UsedBeforeEvict=7, EvictedBeforeUse=0
    Predictor TopK matches: 0=0 1=0 >=2=13
Layer 33 Cache Stats: Hits=628, Misses=4, HitRate=99.37%
    Predictor Routed-Expert HitRate=98.46% (64/65, routed_n=5, horizon=6)
    Predictor RoutedForcedN HitRate=98.46% (64/65)
    Predictor RoutedTopK HitRate=94.23% (98/104)
    Predicted RequestedByRouterForcedN Rate=13.68% (64/468)
    Predicted RequestedByRouterTopK Rate=20.94% (98/468)
    Predictor WindowRecall Rate=93.16% (218/234)
    Predictor WindowPrecision Rate=46.58% (218/468)
    Loads Per Step: 0Loads=75, 1Load=4, >1Load=0
    Bandwidth: StallLoads=4, PrefetchLoads=13, AvgLoadTime=7.76ms
    PrefetchOverlap: HiddenReady=7, HiddenWait=0, TicksSkipped=0
    MissCause: NotPresent=4, NotReadyStall=0
    PrefetchEff: Dropped=0, AlreadyCached=491, UsedBeforeEvict=7, EvictedBeforeUse=0
    Predictor TopK matches: 0=0 1=0 >=2=13
Layer 34 Cache Stats: Hits=630, Misses=2, HitRate=99.68%
    Predictor Routed-Expert HitRate=93.85% (61/65, routed_n=5, horizon=6)
    Predictor RoutedForcedN HitRate=93.85% (61/65)
    Predictor RoutedTopK HitRate=85.58% (89/104)
    Predicted RequestedByRouterForcedN Rate=13.03% (61/468)
    Predicted RequestedByRouterTopK Rate=19.02% (89/468)
    Predictor WindowRecall Rate=86.50% (237/274)
    Predictor WindowPrecision Rate=50.64% (237/468)
    Loads Per Step: 0Loads=77, 1Load=2, >1Load=0
    Bandwidth: StallLoads=2, PrefetchLoads=10, AvgLoadTime=8.98ms
    PrefetchOverlap: HiddenReady=4, HiddenWait=0, TicksSkipped=0
    MissCause: NotPresent=2, NotReadyStall=0
    PrefetchEff: Dropped=0, AlreadyCached=494, UsedBeforeEvict=4, EvictedBeforeUse=0
    Predictor TopK matches: 0=0 1=0 >=2=13
Layer 35 Cache Stats: Hits=620, Misses=12, HitRate=98.10%
    Predictor Routed-Expert HitRate=90.77% (59/65, routed_n=5, horizon=6)
    Predictor RoutedForcedN HitRate=90.77% (59/65)
    Predictor RoutedTopK HitRate=89.42% (93/104)
    Predicted RequestedByRouterForcedN Rate=12.61% (59/468)
    Predicted RequestedByRouterTopK Rate=19.87% (93/468)
    Predictor WindowRecall Rate=81.54% (243/298)
    Predictor WindowPrecision Rate=51.92% (243/468)
    Loads Per Step: 0Loads=69, 1Load=9, >1Load=1
    Bandwidth: StallLoads=12, PrefetchLoads=9, AvgLoadTime=5.94ms
    PrefetchOverlap: HiddenReady=5, HiddenWait=0, TicksSkipped=0
    MissCause: NotPresent=12, NotReadyStall=0
    PrefetchEff: Dropped=0, AlreadyCached=495, UsedBeforeEvict=5, EvictedBeforeUse=1
    Predictor TopK matches: 0=0 1=0 >=2=13
Layer 36 Cache Stats: Hits=627, Misses=5, HitRate=99.21%
    Predictor Routed-Expert HitRate=98.46% (64/65, routed_n=5, horizon=6)
    Predictor RoutedForcedN HitRate=98.46% (64/65)
    Predictor RoutedTopK HitRate=94.23% (98/104)
    Predicted RequestedByRouterForcedN Rate=13.68% (64/468)
    Predicted RequestedByRouterTopK Rate=20.94% (98/468)
    Predictor WindowRecall Rate=87.36% (228/261)
    Predictor WindowPrecision Rate=48.72% (228/468)
    Loads Per Step: 0Loads=74, 1Load=5, >1Load=0
    Bandwidth: StallLoads=5, PrefetchLoads=16, AvgLoadTime=5.73ms
    PrefetchOverlap: HiddenReady=6, HiddenWait=0, TicksSkipped=0
    MissCause: NotPresent=5, NotReadyStall=0
    PrefetchEff: Dropped=0, AlreadyCached=488, UsedBeforeEvict=6, EvictedBeforeUse=3
    Predictor TopK matches: 0=0 1=0 >=2=13
Layer 37 Cache Stats: Hits=618, Misses=14, HitRate=97.78%
    Predictor Routed-Expert HitRate=63.08% (41/65, routed_n=5, horizon=6)
    Predictor RoutedForcedN HitRate=63.08% (41/65)
    Predictor RoutedTopK HitRate=72.12% (75/104)
    Predicted RequestedByRouterForcedN Rate=8.76% (41/468)
    Predicted RequestedByRouterTopK Rate=16.03% (75/468)
    Predictor WindowRecall Rate=72.67% (250/344)
    Predictor WindowPrecision Rate=53.42% (250/468)
    Loads Per Step: 0Loads=67, 1Load=10, >1Load=2
    Bandwidth: StallLoads=14, PrefetchLoads=9, AvgLoadTime=5.25ms
    PrefetchOverlap: HiddenReady=3, HiddenWait=0, TicksSkipped=0
    MissCause: NotPresent=14, NotReadyStall=0
    PrefetchEff: Dropped=0, AlreadyCached=495, UsedBeforeEvict=3, EvictedBeforeUse=2
    Predictor TopK matches: 0=0 1=0 >=2=13
Layer 38 Cache Stats: Hits=632, Misses=0, HitRate=100.00%
    Predictor Routed-Expert HitRate=95.38% (62/65, routed_n=5, horizon=6)
    Predictor RoutedForcedN HitRate=95.38% (62/65)
    Predictor RoutedTopK HitRate=95.19% (99/104)
    Predicted RequestedByRouterForcedN Rate=13.25% (62/468)
    Predicted RequestedByRouterTopK Rate=21.15% (99/468)
    Predictor WindowRecall Rate=93.82% (243/259)
    Predictor WindowPrecision Rate=51.92% (243/468)
    Loads Per Step: 0Loads=79, 1Load=0, >1Load=0
    Bandwidth: StallLoads=0, PrefetchLoads=16, AvgLoadTime=6.87ms
    PrefetchOverlap: HiddenReady=7, HiddenWait=0, TicksSkipped=0
    PrefetchEff: Dropped=0, AlreadyCached=488, UsedBeforeEvict=7, EvictedBeforeUse=0
    Predictor TopK matches: 0=0 1=0 >=2=13
Layer 39 Cache Stats: Hits=630, Misses=2, HitRate=99.68%
    Predictor Routed-Expert HitRate=90.77% (59/65, routed_n=5, horizon=6)
    Predictor RoutedForcedN HitRate=90.77% (59/65)
    Predictor RoutedTopK HitRate=91.35% (95/104)
    Predicted RequestedByRouterForcedN Rate=12.61% (59/468)
    Predicted RequestedByRouterTopK Rate=20.30% (95/468)
    Predictor WindowRecall Rate=89.30% (242/271)
    Predictor WindowPrecision Rate=51.71% (242/468)
    Loads Per Step: 0Loads=77, 1Load=2, >1Load=0
    Bandwidth: StallLoads=2, PrefetchLoads=12, AvgLoadTime=8.93ms
    PrefetchOverlap: HiddenReady=5, HiddenWait=0, TicksSkipped=0
    MissCause: NotPresent=2, NotReadyStall=0
    PrefetchEff: Dropped=0, AlreadyCached=492, UsedBeforeEvict=5, EvictedBeforeUse=0
    Predictor TopK matches: 0=0 1=0 >=2=13
Layer 40 Cache Stats: Hits=624, Misses=8, HitRate=98.73%
    Predictor Routed-Expert HitRate=92.31% (60/65, routed_n=5, horizon=6)
    Predictor RoutedForcedN HitRate=92.31% (60/65)
    Predictor RoutedTopK HitRate=90.38% (94/104)
    Predicted RequestedByRouterForcedN Rate=12.82% (60/468)
    Predicted RequestedByRouterTopK Rate=20.09% (94/468)
    Predictor WindowRecall Rate=89.16% (255/286)
    Predictor WindowPrecision Rate=54.49% (255/468)
    Loads Per Step: 0Loads=73, 1Load=5, >1Load=1
    Bandwidth: StallLoads=8, PrefetchLoads=12, AvgLoadTime=6.74ms
    PrefetchOverlap: HiddenReady=4, HiddenWait=0, TicksSkipped=0
    MissCause: NotPresent=8, NotReadyStall=0
    PrefetchEff: Dropped=0, AlreadyCached=492, UsedBeforeEvict=4, EvictedBeforeUse=0
    Predictor TopK matches: 0=0 1=0 >=2=13
Layer 41 Cache Stats: Hits=630, Misses=2, HitRate=99.68%
    Predictor Routed-Expert HitRate=84.62% (55/65, routed_n=5, horizon=6)
    Predictor RoutedForcedN HitRate=84.62% (55/65)
    Predictor RoutedTopK HitRate=87.50% (91/104)
    Predicted RequestedByRouterForcedN Rate=11.75% (55/468)
    Predicted RequestedByRouterTopK Rate=19.44% (91/468)
    Predictor WindowRecall Rate=80.24% (268/334)
    Predictor WindowPrecision Rate=57.26% (268/468)
    Loads Per Step: 0Loads=77, 1Load=2, >1Load=0
    Bandwidth: StallLoads=2, PrefetchLoads=18, AvgLoadTime=6.13ms
    PrefetchOverlap: HiddenReady=9, HiddenWait=0, TicksSkipped=0
    MissCause: NotPresent=2, NotReadyStall=0
    PrefetchEff: Dropped=0, AlreadyCached=486, UsedBeforeEvict=9, EvictedBeforeUse=2
    Predictor TopK matches: 0=0 1=2 >=2=11
Layer 42 Cache Stats: Hits=625, Misses=7, HitRate=98.89%
    Predictor Routed-Expert HitRate=75.38% (49/65, routed_n=5, horizon=6)
    Predictor RoutedForcedN HitRate=75.38% (49/65)
    Predictor RoutedTopK HitRate=78.85% (82/104)
    Predicted RequestedByRouterForcedN Rate=10.47% (49/468)
    Predicted RequestedByRouterTopK Rate=17.52% (82/468)
    Predictor WindowRecall Rate=82.83% (275/332)
    Predictor WindowPrecision Rate=58.76% (275/468)
    Loads Per Step: 0Loads=75, 1Load=1, >1Load=3
    Bandwidth: StallLoads=7, PrefetchLoads=11, AvgLoadTime=7.99ms
    PrefetchOverlap: HiddenReady=7, HiddenWait=0, TicksSkipped=0
    MissCause: NotPresent=7, NotReadyStall=0
    PrefetchEff: Dropped=0, AlreadyCached=493, UsedBeforeEvict=7, EvictedBeforeUse=0
    Predictor TopK matches: 0=0 1=1 >=2=12
Layer 43 Cache Stats: Hits=630, Misses=2, HitRate=99.68%
    Predictor Routed-Expert HitRate=95.38% (62/65, routed_n=5, horizon=6)
    Predictor RoutedForcedN HitRate=95.38% (62/65)
    Predictor RoutedTopK HitRate=97.12% (101/104)
    Predicted RequestedByRouterForcedN Rate=13.25% (62/468)
    Predicted RequestedByRouterTopK Rate=21.58% (101/468)
    Predictor WindowRecall Rate=91.90% (261/284)
    Predictor WindowPrecision Rate=55.77% (261/468)
    Loads Per Step: 0Loads=77, 1Load=2, >1Load=0
    Bandwidth: StallLoads=2, PrefetchLoads=8, AvgLoadTime=9.37ms
    PrefetchOverlap: HiddenReady=6, HiddenWait=0, TicksSkipped=0
    MissCause: NotPresent=2, NotReadyStall=0
    PrefetchEff: Dropped=0, AlreadyCached=496, UsedBeforeEvict=6, EvictedBeforeUse=0
    Predictor TopK matches: 0=0 1=0 >=2=13
Layer 44 Cache Stats: Hits=629, Misses=3, HitRate=99.53%
    Predictor Routed-Expert HitRate=100.00% (65/65, routed_n=5, horizon=6)
    Predictor RoutedForcedN HitRate=100.00% (65/65)
    Predictor RoutedTopK HitRate=95.19% (99/104)
    Predicted RequestedByRouterForcedN Rate=13.89% (65/468)
    Predicted RequestedByRouterTopK Rate=21.15% (99/468)
    Predictor WindowRecall Rate=93.31% (265/284)
    Predictor WindowPrecision Rate=56.62% (265/468)
    Loads Per Step: 0Loads=76, 1Load=3, >1Load=0
    Bandwidth: StallLoads=3, PrefetchLoads=8, AvgLoadTime=6.65ms
    PrefetchOverlap: HiddenReady=5, HiddenWait=0, TicksSkipped=0
    MissCause: NotPresent=3, NotReadyStall=0
    PrefetchEff: Dropped=0, AlreadyCached=496, UsedBeforeEvict=5, EvictedBeforeUse=0
    Predictor TopK matches: 0=0 1=0 >=2=13
Layer 45 Cache Stats: Hits=630, Misses=2, HitRate=99.68%
    Predictor Routed-Expert HitRate=93.85% (61/65, routed_n=5, horizon=6)
    Predictor RoutedForcedN HitRate=93.85% (61/65)
    Predictor RoutedTopK HitRate=96.15% (100/104)
    Predicted RequestedByRouterForcedN Rate=13.03% (61/468)
    Predicted RequestedByRouterTopK Rate=21.37% (100/468)
    Predictor WindowRecall Rate=92.93% (263/283)
    Predictor WindowPrecision Rate=56.20% (263/468)
    Loads Per Step: 0Loads=77, 1Load=2, >1Load=0
    Bandwidth: StallLoads=2, PrefetchLoads=5, AvgLoadTime=8.48ms
    PrefetchOverlap: HiddenReady=3, HiddenWait=0, TicksSkipped=0
    MissCause: NotPresent=2, NotReadyStall=0
    PrefetchEff: Dropped=0, AlreadyCached=499, UsedBeforeEvict=3, EvictedBeforeUse=0
    Predictor TopK matches: 0=0 1=0 >=2=13
Layer 46 Cache Stats: Hits=630, Misses=2, HitRate=99.68%
    Predictor Routed-Expert HitRate=96.92% (63/65, routed_n=5, horizon=6)
    Predictor RoutedForcedN HitRate=96.92% (63/65)
    Predictor RoutedTopK HitRate=96.15% (100/104)
    Predicted RequestedByRouterForcedN Rate=13.46% (63/468)
    Predicted RequestedByRouterTopK Rate=21.37% (100/468)
    Predictor WindowRecall Rate=90.48% (285/315)
    Predictor WindowPrecision Rate=60.90% (285/468)
    Loads Per Step: 0Loads=77, 1Load=2, >1Load=0
    Bandwidth: StallLoads=2, PrefetchLoads=5, AvgLoadTime=7.96ms
    PrefetchOverlap: HiddenReady=1, HiddenWait=0, TicksSkipped=0
    MissCause: NotPresent=2, NotReadyStall=0
    PrefetchEff: Dropped=0, AlreadyCached=499, UsedBeforeEvict=1, EvictedBeforeUse=0
    Predictor TopK matches: 0=0 1=0 >=2=13
Layer 47 Cache Stats: Hits=628, Misses=4, HitRate=99.37%
    Predictor Routed-Expert HitRate=87.69% (57/65, routed_n=5, horizon=6)
    Predictor RoutedForcedN HitRate=87.69% (57/65)
    Predictor RoutedTopK HitRate=87.50% (91/104)
    Predicted RequestedByRouterForcedN Rate=12.18% (57/468)
    Predicted RequestedByRouterTopK Rate=19.44% (91/468)
    Predictor WindowRecall Rate=87.50% (322/368)
    Predictor WindowPrecision Rate=68.80% (322/468)
    Loads Per Step: 0Loads=75, 1Load=4, >1Load=0
    Bandwidth: StallLoads=4, PrefetchLoads=14, AvgLoadTime=4.17ms
    PrefetchOverlap: HiddenReady=9, HiddenWait=0, TicksSkipped=0
    MissCause: NotPresent=4, NotReadyStall=0
    PrefetchEff: Dropped=0, AlreadyCached=490, UsedBeforeEvict=9, EvictedBeforeUse=1
    Predictor TopK matches: 0=0 1=1 >=2=12
============================================================
[TorchScriptPredictor Layer 0] Shutdown complete
[TorchScriptPredictor Layer 1] Shutdown complete
[TorchScriptPredictor Layer 2] Shutdown complete
[TorchScriptPredictor Layer 3] Shutdown complete
[TorchScriptPredictor Layer 4] Shutdown complete
[TorchScriptPredictor Layer 5] Shutdown complete
[TorchScriptPredictor Layer 6] Shutdown complete
[TorchScriptPredictor Layer 7] Shutdown complete
[TorchScriptPredictor Layer 8] Shutdown complete
[TorchScriptPredictor Layer 9] Shutdown complete
[TorchScriptPredictor Layer 10] Shutdown complete
[TorchScriptPredictor Layer 11] Shutdown complete
[TorchScriptPredictor Layer 12] Shutdown complete
[TorchScriptPredictor Layer 13] Shutdown complete
[TorchScriptPredictor Layer 14] Shutdown complete
[TorchScriptPredictor Layer 15] Shutdown complete
[TorchScriptPredictor Layer 16] Shutdown complete
[TorchScriptPredictor Layer 17] Shutdown complete
[TorchScriptPredictor Layer 18] Shutdown complete
[TorchScriptPredictor Layer 19] Shutdown complete
[TorchScriptPredictor Layer 20] Shutdown complete
[TorchScriptPredictor Layer 21] Shutdown complete
[TorchScriptPredictor Layer 22] Shutdown complete
[TorchScriptPredictor Layer 23] Shutdown complete
[TorchScriptPredictor Layer 24] Shutdown complete
[TorchScriptPredictor Layer 25] Shutdown complete
[TorchScriptPredictor Layer 26] Shutdown complete
[TorchScriptPredictor Layer 27] Shutdown complete
[TorchScriptPredictor Layer 28] Shutdown complete
[TorchScriptPredictor Layer 29] Shutdown complete
[TorchScriptPredictor Layer 30] Shutdown complete
[TorchScriptPredictor Layer 31] Shutdown complete
[TorchScriptPredictor Layer 32] Shutdown complete
[TorchScriptPredictor Layer 33] Shutdown complete
[TorchScriptPredictor Layer 34] Shutdown complete
[TorchScriptPredictor Layer 35] Shutdown complete
[TorchScriptPredictor Layer 36] Shutdown complete
[TorchScriptPredictor Layer 37] Shutdown complete
[TorchScriptPredictor Layer 38] Shutdown complete
[TorchScriptPredictor Layer 39] Shutdown complete
[TorchScriptPredictor Layer 40] Shutdown complete
[TorchScriptPredictor Layer 41] Shutdown complete
[TorchScriptPredictor Layer 42] Shutdown complete
[TorchScriptPredictor Layer 43] Shutdown complete
[TorchScriptPredictor Layer 44] Shutdown complete
[TorchScriptPredictor Layer 45] Shutdown complete
[TorchScriptPredictor Layer 46] Shutdown complete
[TorchScriptPredictor Layer 47] Shutdown complete
============================================================
Initializing Qwen3 30B-A3B AWQ w4a16 quantized model...
============================================================
Loading quantized weights from QuixiAI/Qwen3-30B-A3B-AWQ...
Using saved safetensors: /home/michael/heteroPredict/py/unified_llm_w4a16/model_weights/Qwen3-30B-A3B-AWQ.safetensors
Expert weights dir: /home/michael/heteroPredict/py/unified_llm_w4a16/model_weights/Qwen3-30B-A3B-AWQ_packed  (format: packed)
Using existing attention weights in /home/michael/heteroPredict/py/unified_llm_w4a16/model_weights/Qwen3-30B-A3B-AWQ_unpacked
Weights loaded (expert dir override) in 0.30 seconds
Pre-warming expert cache with 64 experts...
Model initialized successfully!
Setting lambda to 1.0
Forced top-5 experts into cache mask.
Set expert cache policy to LFRU.

Running sweep using prompts from JSON: /tmp/tmpid3cp894.json
Loaded 1 prompts for sweeping.

Processing Prompt 1/1...

============================================================
Generated text only:
============================================================
 new emperor , Suzong . He was captured by the rebels and held in the capital for a time . He managed to escape and joined the new emperor in the south . However , he was not allowed to take his family with him . He was then appointed as a minor official in the court of the new emperor . However , he was soon dismissed for criticizing the emperor 's policies . He was then
============================================================

============================================================
Sweep Complete.
Average Time per Token: 0.268342
End-to-End TPS: 3.7266
Cache Stats: Hits=30021, Misses=315, HitRate=98.96%
Predictor Stats: Hits=2819, Total=3120, HitRate=90.35%
Initializing UnifiedLLMW4A16Impl_base
Using NPU config struct.
Configuring NPU (Base):
  Heterogeneity: gpu
  GPU Count: 1
  Debug Verbosity: 1
  Dummy Weights: false
  Warmup: false
  Preload MoE: true
  Minimal PDI: true
[GPU SELECT] Free VRAM ranking: gpu0=28.00/28.00 GiB
[GPU SELECT] Selected GPUs for gpu-count=1: [0]
[GPU MAP] Single-GPU placement on gpu0
[Predictor] Layer 0 model path resolved to: /home/michael/heteroPredict/trainingData/qwen3_30b/transformer_final_pfill_markov_emb/transformer_eh4_h64_f6/layer_0/best_jit.pt
[Predictor] Running on device: CPU (NPU path) (heterogeneity="gpu", predictor_device="cpu")
[ThreadedTorchScriptPredictor Layer 0] Detected history_length=4 from /home/michael/heteroPredict/trainingData/qwen3_30b/transformer_final_pfill_markov_emb/transformer_eh4_h64_f6/layer_0/best.json
[TorchScriptPredictor Layer 0] Loading model on CPU
[TorchScriptPredictor Layer 0] Assuming prefill_dist, prev_expert_onehot, and prev_layers_feat support (v3 API).
[TorchScriptPredictor Layer 0] prefill_dist support: yes, prev_expert_onehot support: yes, prev_layers_feat support: yes
[TorchScriptPredictor Layer 0] Loaded model: /home/michael/heteroPredict/trainingData/qwen3_30b/transformer_final_pfill_markov_emb/transformer_eh4_h64_f6/layer_0/best_jit.pt
[ThreadedTorchScriptPredictor Layer 1] Detected history_length=4 from /home/michael/heteroPredict/trainingData/qwen3_30b/transformer_final_pfill_markov_emb/transformer_eh4_h64_f6/layer_1/best.json
[TorchScriptPredictor Layer 1] Loading model on CPU
[TorchScriptPredictor Layer 1] Assuming prefill_dist, prev_expert_onehot, and prev_layers_feat support (v3 API).
[TorchScriptPredictor Layer 1] prefill_dist support: yes, prev_expert_onehot support: yes, prev_layers_feat support: yes
[TorchScriptPredictor Layer 1] Loaded model: /home/michael/heteroPredict/trainingData/qwen3_30b/transformer_final_pfill_markov_emb/transformer_eh4_h64_f6/layer_1/best_jit.pt
[ThreadedTorchScriptPredictor Layer 2] Detected history_length=4 from /home/michael/heteroPredict/trainingData/qwen3_30b/transformer_final_pfill_markov_emb/transformer_eh4_h64_f6/layer_2/best.json
[TorchScriptPredictor Layer 2] Loading model on CPU
[TorchScriptPredictor Layer 2] Assuming prefill_dist, prev_expert_onehot, and prev_layers_feat support (v3 API).
[TorchScriptPredictor Layer 2] prefill_dist support: yes, prev_expert_onehot support: yes, prev_layers_feat support: yes
[TorchScriptPredictor Layer 2] Loaded model: /home/michael/heteroPredict/trainingData/qwen3_30b/transformer_final_pfill_markov_emb/transformer_eh4_h64_f6/layer_2/best_jit.pt
[ThreadedTorchScriptPredictor Layer 3] Detected history_length=4 from /home/michael/heteroPredict/trainingData/qwen3_30b/transformer_final_pfill_markov_emb/transformer_eh4_h64_f6/layer_3/best.json
[TorchScriptPredictor Layer 3] Loading model on CPU
[TorchScriptPredictor Layer 3] Assuming prefill_dist, prev_expert_onehot, and prev_layers_feat support (v3 API).
[TorchScriptPredictor Layer 3] prefill_dist support: yes, prev_expert_onehot support: yes, prev_layers_feat support: yes
[TorchScriptPredictor Layer 3] Loaded model: /home/michael/heteroPredict/trainingData/qwen3_30b/transformer_final_pfill_markov_emb/transformer_eh4_h64_f6/layer_3/best_jit.pt
[ThreadedTorchScriptPredictor Layer 4] Detected history_length=4 from /home/michael/heteroPredict/trainingData/qwen3_30b/transformer_final_pfill_markov_emb/transformer_eh4_h64_f6/layer_4/best.json
[TorchScriptPredictor Layer 4] Loading model on CPU
[TorchScriptPredictor Layer 4] Assuming prefill_dist, prev_expert_onehot, and prev_layers_feat support (v3 API).
[TorchScriptPredictor Layer 4] prefill_dist support: yes, prev_expert_onehot support: yes, prev_layers_feat support: yes
[TorchScriptPredictor Layer 4] Loaded model: /home/michael/heteroPredict/trainingData/qwen3_30b/transformer_final_pfill_markov_emb/transformer_eh4_h64_f6/layer_4/best_jit.pt
[ThreadedTorchScriptPredictor Layer 5] Detected history_length=4 from /home/michael/heteroPredict/trainingData/qwen3_30b/transformer_final_pfill_markov_emb/transformer_eh4_h64_f6/layer_5/best.json
[TorchScriptPredictor Layer 5] Loading model on CPU
[TorchScriptPredictor Layer 5] Assuming prefill_dist, prev_expert_onehot, and prev_layers_feat support (v3 API).
[TorchScriptPredictor Layer 5] prefill_dist support: yes, prev_expert_onehot support: yes, prev_layers_feat support: yes
[TorchScriptPredictor Layer 5] Loaded model: /home/michael/heteroPredict/trainingData/qwen3_30b/transformer_final_pfill_markov_emb/transformer_eh4_h64_f6/layer_5/best_jit.pt
[ThreadedTorchScriptPredictor Layer 6] Detected history_length=4 from /home/michael/heteroPredict/trainingData/qwen3_30b/transformer_final_pfill_markov_emb/transformer_eh4_h64_f6/layer_6/best.json
[TorchScriptPredictor Layer 6] Loading model on CPU
[TorchScriptPredictor Layer 6] Assuming prefill_dist, prev_expert_onehot, and prev_layers_feat support (v3 API).
[TorchScriptPredictor Layer 6] prefill_dist support: yes, prev_expert_onehot support: yes, prev_layers_feat support: yes
[TorchScriptPredictor Layer 6] Loaded model: /home/michael/heteroPredict/trainingData/qwen3_30b/transformer_final_pfill_markov_emb/transformer_eh4_h64_f6/layer_6/best_jit.pt
[ThreadedTorchScriptPredictor Layer 7] Detected history_length=4 from /home/michael/heteroPredict/trainingData/qwen3_30b/transformer_final_pfill_markov_emb/transformer_eh4_h64_f6/layer_7/best.json
[TorchScriptPredictor Layer 7] Loading model on CPU
[TorchScriptPredictor Layer 7] Assuming prefill_dist, prev_expert_onehot, and prev_layers_feat support (v3 API).
[TorchScriptPredictor Layer 7] prefill_dist support: yes, prev_expert_onehot support: yes, prev_layers_feat support: yes
[TorchScriptPredictor Layer 7] Loaded model: /home/michael/heteroPredict/trainingData/qwen3_30b/transformer_final_pfill_markov_emb/transformer_eh4_h64_f6/layer_7/best_jit.pt
[ThreadedTorchScriptPredictor Layer 8] Detected history_length=4 from /home/michael/heteroPredict/trainingData/qwen3_30b/transformer_final_pfill_markov_emb/transformer_eh4_h64_f6/layer_8/best.json
[TorchScriptPredictor Layer 8] Loading model on CPU
[TorchScriptPredictor Layer 8] Assuming prefill_dist, prev_expert_onehot, and prev_layers_feat support (v3 API).
[TorchScriptPredictor Layer 8] prefill_dist support: yes, prev_expert_onehot support: yes, prev_layers_feat support: yes
[TorchScriptPredictor Layer 8] Loaded model: /home/michael/heteroPredict/trainingData/qwen3_30b/transformer_final_pfill_markov_emb/transformer_eh4_h64_f6/layer_8/best_jit.pt
[ThreadedTorchScriptPredictor Layer 9] Detected history_length=4 from /home/michael/heteroPredict/trainingData/qwen3_30b/transformer_final_pfill_markov_emb/transformer_eh4_h64_f6/layer_9/best.json
[TorchScriptPredictor Layer 9] Loading model on CPU
[TorchScriptPredictor Layer 9] Assuming prefill_dist, prev_expert_onehot, and prev_layers_feat support (v3 API).
[TorchScriptPredictor Layer 9] prefill_dist support: yes, prev_expert_onehot support: yes, prev_layers_feat support: yes
[TorchScriptPredictor Layer 9] Loaded model: /home/michael/heteroPredict/trainingData/qwen3_30b/transformer_final_pfill_markov_emb/transformer_eh4_h64_f6/layer_9/best_jit.pt
[ThreadedTorchScriptPredictor Layer 10] Detected history_length=4 from /home/michael/heteroPredict/trainingData/qwen3_30b/transformer_final_pfill_markov_emb/transformer_eh4_h64_f6/layer_10/best.json
[TorchScriptPredictor Layer 10] Loading model on CPU
[TorchScriptPredictor Layer 10] Assuming prefill_dist, prev_expert_onehot, and prev_layers_feat support (v3 API).
[TorchScriptPredictor Layer 10] prefill_dist support: yes, prev_expert_onehot support: yes, prev_layers_feat support: yes
[TorchScriptPredictor Layer 10] Loaded model: /home/michael/heteroPredict/trainingData/qwen3_30b/transformer_final_pfill_markov_emb/transformer_eh4_h64_f6/layer_10/best_jit.pt
[ThreadedTorchScriptPredictor Layer 11] Detected history_length=4 from /home/michael/heteroPredict/trainingData/qwen3_30b/transformer_final_pfill_markov_emb/transformer_eh4_h64_f6/layer_11/best.json
[TorchScriptPredictor Layer 11] Loading model on CPU
[TorchScriptPredictor Layer 11] Assuming prefill_dist, prev_expert_onehot, and prev_layers_feat support (v3 API).
[TorchScriptPredictor Layer 11] prefill_dist support: yes, prev_expert_onehot support: yes, prev_layers_feat support: yes
[TorchScriptPredictor Layer 11] Loaded model: /home/michael/heteroPredict/trainingData/qwen3_30b/transformer_final_pfill_markov_emb/transformer_eh4_h64_f6/layer_11/best_jit.pt
[ThreadedTorchScriptPredictor Layer 12] Detected history_length=4 from /home/michael/heteroPredict/trainingData/qwen3_30b/transformer_final_pfill_markov_emb/transformer_eh4_h64_f6/layer_12/best.json
[TorchScriptPredictor Layer 12] Loading model on CPU
[TorchScriptPredictor Layer 12] Assuming prefill_dist, prev_expert_onehot, and prev_layers_feat support (v3 API).
[TorchScriptPredictor Layer 12] prefill_dist support: yes, prev_expert_onehot support: yes, prev_layers_feat support: yes
[TorchScriptPredictor Layer 12] Loaded model: /home/michael/heteroPredict/trainingData/qwen3_30b/transformer_final_pfill_markov_emb/transformer_eh4_h64_f6/layer_12/best_jit.pt
[ThreadedTorchScriptPredictor Layer 13] Detected history_length=4 from /home/michael/heteroPredict/trainingData/qwen3_30b/transformer_final_pfill_markov_emb/transformer_eh4_h64_f6/layer_13/best.json
[TorchScriptPredictor Layer 13] Loading model on CPU
[TorchScriptPredictor Layer 13] Assuming prefill_dist, prev_expert_onehot, and prev_layers_feat support (v3 API).
[TorchScriptPredictor Layer 13] prefill_dist support: yes, prev_expert_onehot support: yes, prev_layers_feat support: yes
[TorchScriptPredictor Layer 13] Loaded model: /home/michael/heteroPredict/trainingData/qwen3_30b/transformer_final_pfill_markov_emb/transformer_eh4_h64_f6/layer_13/best_jit.pt
[ThreadedTorchScriptPredictor Layer 14] Detected history_length=4 from /home/michael/heteroPredict/trainingData/qwen3_30b/transformer_final_pfill_markov_emb/transformer_eh4_h64_f6/layer_14/best.json
[TorchScriptPredictor Layer 14] Loading model on CPU
[TorchScriptPredictor Layer 14] Assuming prefill_dist, prev_expert_onehot, and prev_layers_feat support (v3 API).
[TorchScriptPredictor Layer 14] prefill_dist support: yes, prev_expert_onehot support: yes, prev_layers_feat support: yes
[TorchScriptPredictor Layer 14] Loaded model: /home/michael/heteroPredict/trainingData/qwen3_30b/transformer_final_pfill_markov_emb/transformer_eh4_h64_f6/layer_14/best_jit.pt
[ThreadedTorchScriptPredictor Layer 15] Detected history_length=4 from /home/michael/heteroPredict/trainingData/qwen3_30b/transformer_final_pfill_markov_emb/transformer_eh4_h64_f6/layer_15/best.json
[TorchScriptPredictor Layer 15] Loading model on CPU
[TorchScriptPredictor Layer 15] Assuming prefill_dist, prev_expert_onehot, and prev_layers_feat support (v3 API).
[TorchScriptPredictor Layer 15] prefill_dist support: yes, prev_expert_onehot support: yes, prev_layers_feat support: yes
[TorchScriptPredictor Layer 15] Loaded model: /home/michael/heteroPredict/trainingData/qwen3_30b/transformer_final_pfill_markov_emb/transformer_eh4_h64_f6/layer_15/best_jit.pt
[ThreadedTorchScriptPredictor Layer 16] Detected history_length=4 from /home/michael/heteroPredict/trainingData/qwen3_30b/transformer_final_pfill_markov_emb/transformer_eh4_h64_f6/layer_16/best.json
[TorchScriptPredictor Layer 16] Loading model on CPU
[TorchScriptPredictor Layer 16] Assuming prefill_dist, prev_expert_onehot, and prev_layers_feat support (v3 API).
[TorchScriptPredictor Layer 16] prefill_dist support: yes, prev_expert_onehot support: yes, prev_layers_feat support: yes
[TorchScriptPredictor Layer 16] Loaded model: /home/michael/heteroPredict/trainingData/qwen3_30b/transformer_final_pfill_markov_emb/transformer_eh4_h64_f6/layer_16/best_jit.pt
[ThreadedTorchScriptPredictor Layer 17] Detected history_length=4 from /home/michael/heteroPredict/trainingData/qwen3_30b/transformer_final_pfill_markov_emb/transformer_eh4_h64_f6/layer_17/best.json
[TorchScriptPredictor Layer 17] Loading model on CPU
[TorchScriptPredictor Layer 17] Assuming prefill_dist, prev_expert_onehot, and prev_layers_feat support (v3 API).
[TorchScriptPredictor Layer 17] prefill_dist support: yes, prev_expert_onehot support: yes, prev_layers_feat support: yes
[TorchScriptPredictor Layer 17] Loaded model: /home/michael/heteroPredict/trainingData/qwen3_30b/transformer_final_pfill_markov_emb/transformer_eh4_h64_f6/layer_17/best_jit.pt
[ThreadedTorchScriptPredictor Layer 18] Detected history_length=4 from /home/michael/heteroPredict/trainingData/qwen3_30b/transformer_final_pfill_markov_emb/transformer_eh4_h64_f6/layer_18/best.json
[TorchScriptPredictor Layer 18] Loading model on CPU
[TorchScriptPredictor Layer 18] Assuming prefill_dist, prev_expert_onehot, and prev_layers_feat support (v3 API).
[TorchScriptPredictor Layer 18] prefill_dist support: yes, prev_expert_onehot support: yes, prev_layers_feat support: yes
[TorchScriptPredictor Layer 18] Loaded model: /home/michael/heteroPredict/trainingData/qwen3_30b/transformer_final_pfill_markov_emb/transformer_eh4_h64_f6/layer_18/best_jit.pt
[ThreadedTorchScriptPredictor Layer 19] Detected history_length=4 from /home/michael/heteroPredict/trainingData/qwen3_30b/transformer_final_pfill_markov_emb/transformer_eh4_h64_f6/layer_19/best.json
[TorchScriptPredictor Layer 19] Loading model on CPU
[TorchScriptPredictor Layer 19] Assuming prefill_dist, prev_expert_onehot, and prev_layers_feat support (v3 API).
[TorchScriptPredictor Layer 19] prefill_dist support: yes, prev_expert_onehot support: yes, prev_layers_feat support: yes
[TorchScriptPredictor Layer 19] Loaded model: /home/michael/heteroPredict/trainingData/qwen3_30b/transformer_final_pfill_markov_emb/transformer_eh4_h64_f6/layer_19/best_jit.pt
[ThreadedTorchScriptPredictor Layer 20] Detected history_length=4 from /home/michael/heteroPredict/trainingData/qwen3_30b/transformer_final_pfill_markov_emb/transformer_eh4_h64_f6/layer_20/best.json
[TorchScriptPredictor Layer 20] Loading model on CPU
[TorchScriptPredictor Layer 20] Assuming prefill_dist, prev_expert_onehot, and prev_layers_feat support (v3 API).
[TorchScriptPredictor Layer 20] prefill_dist support: yes, prev_expert_onehot support: yes, prev_layers_feat support: yes
[TorchScriptPredictor Layer 20] Loaded model: /home/michael/heteroPredict/trainingData/qwen3_30b/transformer_final_pfill_markov_emb/transformer_eh4_h64_f6/layer_20/best_jit.pt
[ThreadedTorchScriptPredictor Layer 21] Detected history_length=4 from /home/michael/heteroPredict/trainingData/qwen3_30b/transformer_final_pfill_markov_emb/transformer_eh4_h64_f6/layer_21/best.json
[TorchScriptPredictor Layer 21] Loading model on CPU
[TorchScriptPredictor Layer 21] Assuming prefill_dist, prev_expert_onehot, and prev_layers_feat support (v3 API).
[TorchScriptPredictor Layer 21] prefill_dist support: yes, prev_expert_onehot support: yes, prev_layers_feat support: yes
[TorchScriptPredictor Layer 21] Loaded model: /home/michael/heteroPredict/trainingData/qwen3_30b/transformer_final_pfill_markov_emb/transformer_eh4_h64_f6/layer_21/best_jit.pt
[ThreadedTorchScriptPredictor Layer 22] Detected history_length=4 from /home/michael/heteroPredict/trainingData/qwen3_30b/transformer_final_pfill_markov_emb/transformer_eh4_h64_f6/layer_22/best.json
[TorchScriptPredictor Layer 22] Loading model on CPU
[TorchScriptPredictor Layer 22] Assuming prefill_dist, prev_expert_onehot, and prev_layers_feat support (v3 API).
[TorchScriptPredictor Layer 22] prefill_dist support: yes, prev_expert_onehot support: yes, prev_layers_feat support: yes
[TorchScriptPredictor Layer 22] Loaded model: /home/michael/heteroPredict/trainingData/qwen3_30b/transformer_final_pfill_markov_emb/transformer_eh4_h64_f6/layer_22/best_jit.pt
[ThreadedTorchScriptPredictor Layer 23] Detected history_length=4 from /home/michael/heteroPredict/trainingData/qwen3_30b/transformer_final_pfill_markov_emb/transformer_eh4_h64_f6/layer_23/best.json
[TorchScriptPredictor Layer 23] Loading model on CPU
[TorchScriptPredictor Layer 23] Assuming prefill_dist, prev_expert_onehot, and prev_layers_feat support (v3 API).
[TorchScriptPredictor Layer 23] prefill_dist support: yes, prev_expert_onehot support: yes, prev_layers_feat support: yes
[TorchScriptPredictor Layer 23] Loaded model: /home/michael/heteroPredict/trainingData/qwen3_30b/transformer_final_pfill_markov_emb/transformer_eh4_h64_f6/layer_23/best_jit.pt
[ThreadedTorchScriptPredictor Layer 24] Detected history_length=4 from /home/michael/heteroPredict/trainingData/qwen3_30b/transformer_final_pfill_markov_emb/transformer_eh4_h64_f6/layer_24/best.json
[TorchScriptPredictor Layer 24] Loading model on CPU
[TorchScriptPredictor Layer 24] Assuming prefill_dist, prev_expert_onehot, and prev_layers_feat support (v3 API).
[TorchScriptPredictor Layer 24] prefill_dist support: yes, prev_expert_onehot support: yes, prev_layers_feat support: yes
[TorchScriptPredictor Layer 24] Loaded model: /home/michael/heteroPredict/trainingData/qwen3_30b/transformer_final_pfill_markov_emb/transformer_eh4_h64_f6/layer_24/best_jit.pt
[ThreadedTorchScriptPredictor Layer 25] Detected history_length=4 from /home/michael/heteroPredict/trainingData/qwen3_30b/transformer_final_pfill_markov_emb/transformer_eh4_h64_f6/layer_25/best.json
[TorchScriptPredictor Layer 25] Loading model on CPU
[TorchScriptPredictor Layer 25] Assuming prefill_dist, prev_expert_onehot, and prev_layers_feat support (v3 API).
[TorchScriptPredictor Layer 25] prefill_dist support: yes, prev_expert_onehot support: yes, prev_layers_feat support: yes
[TorchScriptPredictor Layer 25] Loaded model: /home/michael/heteroPredict/trainingData/qwen3_30b/transformer_final_pfill_markov_emb/transformer_eh4_h64_f6/layer_25/best_jit.pt
[ThreadedTorchScriptPredictor Layer 26] Detected history_length=4 from /home/michael/heteroPredict/trainingData/qwen3_30b/transformer_final_pfill_markov_emb/transformer_eh4_h64_f6/layer_26/best.json
[TorchScriptPredictor Layer 26] Loading model on CPU
[TorchScriptPredictor Layer 26] Assuming prefill_dist, prev_expert_onehot, and prev_layers_feat support (v3 API).
[TorchScriptPredictor Layer 26] prefill_dist support: yes, prev_expert_onehot support: yes, prev_layers_feat support: yes
[TorchScriptPredictor Layer 26] Loaded model: /home/michael/heteroPredict/trainingData/qwen3_30b/transformer_final_pfill_markov_emb/transformer_eh4_h64_f6/layer_26/best_jit.pt
[ThreadedTorchScriptPredictor Layer 27] Detected history_length=4 from /home/michael/heteroPredict/trainingData/qwen3_30b/transformer_final_pfill_markov_emb/transformer_eh4_h64_f6/layer_27/best.json
[TorchScriptPredictor Layer 27] Loading model on CPU
[TorchScriptPredictor Layer 27] Assuming prefill_dist, prev_expert_onehot, and prev_layers_feat support (v3 API).
[TorchScriptPredictor Layer 27] prefill_dist support: yes, prev_expert_onehot support: yes, prev_layers_feat support: yes
[TorchScriptPredictor Layer 27] Loaded model: /home/michael/heteroPredict/trainingData/qwen3_30b/transformer_final_pfill_markov_emb/transformer_eh4_h64_f6/layer_27/best_jit.pt
[ThreadedTorchScriptPredictor Layer 28] Detected history_length=4 from /home/michael/heteroPredict/trainingData/qwen3_30b/transformer_final_pfill_markov_emb/transformer_eh4_h64_f6/layer_28/best.json
[TorchScriptPredictor Layer 28] Loading model on CPU
[TorchScriptPredictor Layer 28] Assuming prefill_dist, prev_expert_onehot, and prev_layers_feat support (v3 API).
[TorchScriptPredictor Layer 28] prefill_dist support: yes, prev_expert_onehot support: yes, prev_layers_feat support: yes
[TorchScriptPredictor Layer 28] Loaded model: /home/michael/heteroPredict/trainingData/qwen3_30b/transformer_final_pfill_markov_emb/transformer_eh4_h64_f6/layer_28/best_jit.pt
[ThreadedTorchScriptPredictor Layer 29] Detected history_length=4 from /home/michael/heteroPredict/trainingData/qwen3_30b/transformer_final_pfill_markov_emb/transformer_eh4_h64_f6/layer_29/best.json
[TorchScriptPredictor Layer 29] Loading model on CPU
[TorchScriptPredictor Layer 29] Assuming prefill_dist, prev_expert_onehot, and prev_layers_feat support (v3 API).
[TorchScriptPredictor Layer 29] prefill_dist support: yes, prev_expert_onehot support: yes, prev_layers_feat support: yes
[TorchScriptPredictor Layer 29] Loaded model: /home/michael/heteroPredict/trainingData/qwen3_30b/transformer_final_pfill_markov_emb/transformer_eh4_h64_f6/layer_29/best_jit.pt
[ThreadedTorchScriptPredictor Layer 30] Detected history_length=4 from /home/michael/heteroPredict/trainingData/qwen3_30b/transformer_final_pfill_markov_emb/transformer_eh4_h64_f6/layer_30/best.json
[TorchScriptPredictor Layer 30] Loading model on CPU
[TorchScriptPredictor Layer 30] Assuming prefill_dist, prev_expert_onehot, and prev_layers_feat support (v3 API).
[TorchScriptPredictor Layer 30] prefill_dist support: yes, prev_expert_onehot support: yes, prev_layers_feat support: yes
[TorchScriptPredictor Layer 30] Loaded model: /home/michael/heteroPredict/trainingData/qwen3_30b/transformer_final_pfill_markov_emb/transformer_eh4_h64_f6/layer_30/best_jit.pt
[ThreadedTorchScriptPredictor Layer 31] Detected history_length=4 from /home/michael/heteroPredict/trainingData/qwen3_30b/transformer_final_pfill_markov_emb/transformer_eh4_h64_f6/layer_31/best.json
[TorchScriptPredictor Layer 31] Loading model on CPU
[TorchScriptPredictor Layer 31] Assuming prefill_dist, prev_expert_onehot, and prev_layers_feat support (v3 API).
[TorchScriptPredictor Layer 31] prefill_dist support: yes, prev_expert_onehot support: yes, prev_layers_feat support: yes
[TorchScriptPredictor Layer 31] Loaded model: /home/michael/heteroPredict/trainingData/qwen3_30b/transformer_final_pfill_markov_emb/transformer_eh4_h64_f6/layer_31/best_jit.pt
[ThreadedTorchScriptPredictor Layer 32] Detected history_length=4 from /home/michael/heteroPredict/trainingData/qwen3_30b/transformer_final_pfill_markov_emb/transformer_eh4_h64_f6/layer_32/best.json
[TorchScriptPredictor Layer 32] Loading model on CPU
[TorchScriptPredictor Layer 32] Assuming prefill_dist, prev_expert_onehot, and prev_layers_feat support (v3 API).
[TorchScriptPredictor Layer 32] prefill_dist support: yes, prev_expert_onehot support: yes, prev_layers_feat support: yes
[TorchScriptPredictor Layer 32] Loaded model: /home/michael/heteroPredict/trainingData/qwen3_30b/transformer_final_pfill_markov_emb/transformer_eh4_h64_f6/layer_32/best_jit.pt
[ThreadedTorchScriptPredictor Layer 33] Detected history_length=4 from /home/michael/heteroPredict/trainingData/qwen3_30b/transformer_final_pfill_markov_emb/transformer_eh4_h64_f6/layer_33/best.json
[TorchScriptPredictor Layer 33] Loading model on CPU
[TorchScriptPredictor Layer 33] Assuming prefill_dist, prev_expert_onehot, and prev_layers_feat support (v3 API).
[TorchScriptPredictor Layer 33] prefill_dist support: yes, prev_expert_onehot support: yes, prev_layers_feat support: yes
[TorchScriptPredictor Layer 33] Loaded model: /home/michael/heteroPredict/trainingData/qwen3_30b/transformer_final_pfill_markov_emb/transformer_eh4_h64_f6/layer_33/best_jit.pt
[ThreadedTorchScriptPredictor Layer 34] Detected history_length=4 from /home/michael/heteroPredict/trainingData/qwen3_30b/transformer_final_pfill_markov_emb/transformer_eh4_h64_f6/layer_34/best.json
[TorchScriptPredictor Layer 34] Loading model on CPU
[TorchScriptPredictor Layer 34] Assuming prefill_dist, prev_expert_onehot, and prev_layers_feat support (v3 API).
[TorchScriptPredictor Layer 34] prefill_dist support: yes, prev_expert_onehot support: yes, prev_layers_feat support: yes
[TorchScriptPredictor Layer 34] Loaded model: /home/michael/heteroPredict/trainingData/qwen3_30b/transformer_final_pfill_markov_emb/transformer_eh4_h64_f6/layer_34/best_jit.pt
[ThreadedTorchScriptPredictor Layer 35] Detected history_length=4 from /home/michael/heteroPredict/trainingData/qwen3_30b/transformer_final_pfill_markov_emb/transformer_eh4_h64_f6/layer_35/best.json
[TorchScriptPredictor Layer 35] Loading model on CPU
[TorchScriptPredictor Layer 35] Assuming prefill_dist, prev_expert_onehot, and prev_layers_feat support (v3 API).
[TorchScriptPredictor Layer 35] prefill_dist support: yes, prev_expert_onehot support: yes, prev_layers_feat support: yes
[TorchScriptPredictor Layer 35] Loaded model: /home/michael/heteroPredict/trainingData/qwen3_30b/transformer_final_pfill_markov_emb/transformer_eh4_h64_f6/layer_35/best_jit.pt
[ThreadedTorchScriptPredictor Layer 36] Detected history_length=4 from /home/michael/heteroPredict/trainingData/qwen3_30b/transformer_final_pfill_markov_emb/transformer_eh4_h64_f6/layer_36/best.json
[TorchScriptPredictor Layer 36] Loading model on CPU
[TorchScriptPredictor Layer 36] Assuming prefill_dist, prev_expert_onehot, and prev_layers_feat support (v3 API).
[TorchScriptPredictor Layer 36] prefill_dist support: yes, prev_expert_onehot support: yes, prev_layers_feat support: yes
[TorchScriptPredictor Layer 36] Loaded model: /home/michael/heteroPredict/trainingData/qwen3_30b/transformer_final_pfill_markov_emb/transformer_eh4_h64_f6/layer_36/best_jit.pt
[ThreadedTorchScriptPredictor Layer 37] Detected history_length=4 from /home/michael/heteroPredict/trainingData/qwen3_30b/transformer_final_pfill_markov_emb/transformer_eh4_h64_f6/layer_37/best.json
[TorchScriptPredictor Layer 37] Loading model on CPU
[TorchScriptPredictor Layer 37] Assuming prefill_dist, prev_expert_onehot, and prev_layers_feat support (v3 API).
[TorchScriptPredictor Layer 37] prefill_dist support: yes, prev_expert_onehot support: yes, prev_layers_feat support: yes
[TorchScriptPredictor Layer 37] Loaded model: /home/michael/heteroPredict/trainingData/qwen3_30b/transformer_final_pfill_markov_emb/transformer_eh4_h64_f6/layer_37/best_jit.pt
[ThreadedTorchScriptPredictor Layer 38] Detected history_length=4 from /home/michael/heteroPredict/trainingData/qwen3_30b/transformer_final_pfill_markov_emb/transformer_eh4_h64_f6/layer_38/best.json
[TorchScriptPredictor Layer 38] Loading model on CPU
[TorchScriptPredictor Layer 38] Assuming prefill_dist, prev_expert_onehot, and prev_layers_feat support (v3 API).
[TorchScriptPredictor Layer 38] prefill_dist support: yes, prev_expert_onehot support: yes, prev_layers_feat support: yes
[TorchScriptPredictor Layer 38] Loaded model: /home/michael/heteroPredict/trainingData/qwen3_30b/transformer_final_pfill_markov_emb/transformer_eh4_h64_f6/layer_38/best_jit.pt
[ThreadedTorchScriptPredictor Layer 39] Detected history_length=4 from /home/michael/heteroPredict/trainingData/qwen3_30b/transformer_final_pfill_markov_emb/transformer_eh4_h64_f6/layer_39/best.json
[TorchScriptPredictor Layer 39] Loading model on CPU
[TorchScriptPredictor Layer 39] Assuming prefill_dist, prev_expert_onehot, and prev_layers_feat support (v3 API).
[TorchScriptPredictor Layer 39] prefill_dist support: yes, prev_expert_onehot support: yes, prev_layers_feat support: yes
[TorchScriptPredictor Layer 39] Loaded model: /home/michael/heteroPredict/trainingData/qwen3_30b/transformer_final_pfill_markov_emb/transformer_eh4_h64_f6/layer_39/best_jit.pt
[ThreadedTorchScriptPredictor Layer 40] Detected history_length=4 from /home/michael/heteroPredict/trainingData/qwen3_30b/transformer_final_pfill_markov_emb/transformer_eh4_h64_f6/layer_40/best.json
[TorchScriptPredictor Layer 40] Loading model on CPU
[TorchScriptPredictor Layer 40] Assuming prefill_dist, prev_expert_onehot, and prev_layers_feat support (v3 API).
[TorchScriptPredictor Layer 40] prefill_dist support: yes, prev_expert_onehot support: yes, prev_layers_feat support: yes
[TorchScriptPredictor Layer 40] Loaded model: /home/michael/heteroPredict/trainingData/qwen3_30b/transformer_final_pfill_markov_emb/transformer_eh4_h64_f6/layer_40/best_jit.pt
[ThreadedTorchScriptPredictor Layer 41] Detected history_length=4 from /home/michael/heteroPredict/trainingData/qwen3_30b/transformer_final_pfill_markov_emb/transformer_eh4_h64_f6/layer_41/best.json
[TorchScriptPredictor Layer 41] Loading model on CPU
[TorchScriptPredictor Layer 41] Assuming prefill_dist, prev_expert_onehot, and prev_layers_feat support (v3 API).
[TorchScriptPredictor Layer 41] prefill_dist support: yes, prev_expert_onehot support: yes, prev_layers_feat support: yes
[TorchScriptPredictor Layer 41] Loaded model: /home/michael/heteroPredict/trainingData/qwen3_30b/transformer_final_pfill_markov_emb/transformer_eh4_h64_f6/layer_41/best_jit.pt
[ThreadedTorchScriptPredictor Layer 42] Detected history_length=4 from /home/michael/heteroPredict/trainingData/qwen3_30b/transformer_final_pfill_markov_emb/transformer_eh4_h64_f6/layer_42/best.json
[TorchScriptPredictor Layer 42] Loading model on CPU
[TorchScriptPredictor Layer 42] Assuming prefill_dist, prev_expert_onehot, and prev_layers_feat support (v3 API).
[TorchScriptPredictor Layer 42] prefill_dist support: yes, prev_expert_onehot support: yes, prev_layers_feat support: yes
[TorchScriptPredictor Layer 42] Loaded model: /home/michael/heteroPredict/trainingData/qwen3_30b/transformer_final_pfill_markov_emb/transformer_eh4_h64_f6/layer_42/best_jit.pt
[ThreadedTorchScriptPredictor Layer 43] Detected history_length=4 from /home/michael/heteroPredict/trainingData/qwen3_30b/transformer_final_pfill_markov_emb/transformer_eh4_h64_f6/layer_43/best.json
[TorchScriptPredictor Layer 43] Loading model on CPU
[TorchScriptPredictor Layer 43] Assuming prefill_dist, prev_expert_onehot, and prev_layers_feat support (v3 API).
[TorchScriptPredictor Layer 43] prefill_dist support: yes, prev_expert_onehot support: yes, prev_layers_feat support: yes
[TorchScriptPredictor Layer 43] Loaded model: /home/michael/heteroPredict/trainingData/qwen3_30b/transformer_final_pfill_markov_emb/transformer_eh4_h64_f6/layer_43/best_jit.pt
[ThreadedTorchScriptPredictor Layer 44] Detected history_length=4 from /home/michael/heteroPredict/trainingData/qwen3_30b/transformer_final_pfill_markov_emb/transformer_eh4_h64_f6/layer_44/best.json
[TorchScriptPredictor Layer 44] Loading model on CPU
[TorchScriptPredictor Layer 44] Assuming prefill_dist, prev_expert_onehot, and prev_layers_feat support (v3 API).
[TorchScriptPredictor Layer 44] prefill_dist support: yes, prev_expert_onehot support: yes, prev_layers_feat support: yes
[TorchScriptPredictor Layer 44] Loaded model: /home/michael/heteroPredict/trainingData/qwen3_30b/transformer_final_pfill_markov_emb/transformer_eh4_h64_f6/layer_44/best_jit.pt
[ThreadedTorchScriptPredictor Layer 45] Detected history_length=4 from /home/michael/heteroPredict/trainingData/qwen3_30b/transformer_final_pfill_markov_emb/transformer_eh4_h64_f6/layer_45/best.json
[TorchScriptPredictor Layer 45] Loading model on CPU
[TorchScriptPredictor Layer 45] Assuming prefill_dist, prev_expert_onehot, and prev_layers_feat support (v3 API).
[TorchScriptPredictor Layer 45] prefill_dist support: yes, prev_expert_onehot support: yes, prev_layers_feat support: yes
[TorchScriptPredictor Layer 45] Loaded model: /home/michael/heteroPredict/trainingData/qwen3_30b/transformer_final_pfill_markov_emb/transformer_eh4_h64_f6/layer_45/best_jit.pt
[ThreadedTorchScriptPredictor Layer 46] Detected history_length=4 from /home/michael/heteroPredict/trainingData/qwen3_30b/transformer_final_pfill_markov_emb/transformer_eh4_h64_f6/layer_46/best.json
[TorchScriptPredictor Layer 46] Loading model on CPU
[TorchScriptPredictor Layer 46] Assuming prefill_dist, prev_expert_onehot, and prev_layers_feat support (v3 API).
[TorchScriptPredictor Layer 46] prefill_dist support: yes, prev_expert_onehot support: yes, prev_layers_feat support: yes
[TorchScriptPredictor Layer 46] Loaded model: /home/michael/heteroPredict/trainingData/qwen3_30b/transformer_final_pfill_markov_emb/transformer_eh4_h64_f6/layer_46/best_jit.pt
[ThreadedTorchScriptPredictor Layer 47] Detected history_length=4 from /home/michael/heteroPredict/trainingData/qwen3_30b/transformer_final_pfill_markov_emb/transformer_eh4_h64_f6/layer_47/best.json
[TorchScriptPredictor Layer 47] Loading model on CPU
[TorchScriptPredictor Layer 47] Assuming prefill_dist, prev_expert_onehot, and prev_layers_feat support (v3 API).
[TorchScriptPredictor Layer 47] prefill_dist support: yes, prev_expert_onehot support: yes, prev_layers_feat support: yes
[TorchScriptPredictor Layer 47] Loaded model: /home/michael/heteroPredict/trainingData/qwen3_30b/transformer_final_pfill_markov_emb/transformer_eh4_h64_f6/layer_47/best_jit.pt
UnifiedLLMW4A16 moved to device: cuda:0
Preloading MoE kernels...
MoE kernels preloaded.
UnifiedLLMW4A16 initialized on device: cuda:0 with w4a16 quantization
[Predictor] Lookahead stride set to 6 (predictor fires every 6 decode tokens)
Loading non-quantized weights from safetensors (mmap): /home/michael/heteroPredict/py/unified_llm_w4a16/model_weights/Qwen3-30B-A3B-AWQ.safetensors
Loaded 243 non-quantized parameters, skipped 0
Loading quantized weights from bins: /home/michael/heteroPredict/py/unified_llm_w4a16/model_weights/Qwen3-30B-A3B-AWQ_unpacked
  Expert weights dir override: /home/michael/heteroPredict/py/unified_llm_w4a16/model_weights/Qwen3-30B-A3B-AWQ_packed
Pre-warming 64 experts for all layers...
Layer 0: Pre-warming 64 experts.
Layer 0: using packed expert format.
[MoE I/O] Expert weight reads require O_DIRECT (no buffered fallback).
Layer 1: Pre-warming 64 experts.
Layer 1: using packed expert format.
Layer 2: Pre-warming 64 experts.
Layer 2: using packed expert format.
Layer 3: Pre-warming 64 experts.
Layer 3: using packed expert format.
Prewarmed experts for layer 4/48
Layer 4: Pre-warming 64 experts.
Layer 4: using packed expert format.
Layer 5: Pre-warming 64 experts.
Layer 5: using packed expert format.
Layer 6: Pre-warming 64 experts.
Layer 6: using packed expert format.
Layer 7: Pre-warming 64 experts.
Layer 7: using packed expert format.
Prewarmed experts for layer 8/48
Layer 8: Pre-warming 64 experts.
Layer 8: using packed expert format.
Layer 9: Pre-warming 64 experts.
Layer 9: using packed expert format.
Layer 10: Pre-warming 64 experts.
Layer 10: using packed expert format.
Layer 11: Pre-warming 64 experts.
Layer 11: using packed expert format.
Prewarmed experts for layer 12/48
Layer 12: Pre-warming 64 experts.
Layer 12: using packed expert format.
Layer 13: Pre-warming 64 experts.
Layer 13: using packed expert format.
Layer 14: Pre-warming 64 experts.
Layer 14: using packed expert format.
Layer 15: Pre-warming 64 experts.
Layer 15: using packed expert format.
Prewarmed experts for layer 16/48
Layer 16: Pre-warming 64 experts.
Layer 16: using packed expert format.
Layer 17: Pre-warming 64 experts.
Layer 17: using packed expert format.
Layer 18: Pre-warming 64 experts.
Layer 18: using packed expert format.
Layer 19: Pre-warming 64 experts.
Layer 19: using packed expert format.
Prewarmed experts for layer 20/48
Layer 20: Pre-warming 64 experts.
Layer 20: using packed expert format.
Layer 21: Pre-warming 64 experts.
Layer 21: using packed expert format.
Layer 22: Pre-warming 64 experts.
Layer 22: using packed expert format.
Layer 23: Pre-warming 64 experts.
Layer 23: using packed expert format.
Prewarmed experts for layer 24/48
Layer 24: Pre-warming 64 experts.
Layer 24: using packed expert format.
Layer 25: Pre-warming 64 experts.
Layer 25: using packed expert format.
Layer 26: Pre-warming 64 experts.
Layer 26: using packed expert format.
Layer 27: Pre-warming 64 experts.
Layer 27: using packed expert format.
Prewarmed experts for layer 28/48
Layer 28: Pre-warming 64 experts.
Layer 28: using packed expert format.
Layer 29: Pre-warming 64 experts.
Layer 29: using packed expert format.
Layer 30: Pre-warming 64 experts.
Layer 30: using packed expert format.
Layer 31: Pre-warming 64 experts.
Layer 31: using packed expert format.
Prewarmed experts for layer 32/48
Layer 32: Pre-warming 64 experts.
Layer 32: using packed expert format.
Layer 33: Pre-warming 64 experts.
Layer 33: using packed expert format.
Layer 34: Pre-warming 64 experts.
Layer 34: using packed expert format.
Layer 35: Pre-warming 64 experts.
Layer 35: using packed expert format.
Prewarmed experts for layer 36/48
Layer 36: Pre-warming 64 experts.
Layer 36: using packed expert format.
Layer 37: Pre-warming 64 experts.
Layer 37: using packed expert format.
Layer 38: Pre-warming 64 experts.
Layer 38: using packed expert format.
Layer 39: Pre-warming 64 experts.
Layer 39: using packed expert format.
Prewarmed experts for layer 40/48
Layer 40: Pre-warming 64 experts.
Layer 40: using packed expert format.
Layer 41: Pre-warming 64 experts.
Layer 41: using packed expert format.
Layer 42: Pre-warming 64 experts.
Layer 42: using packed expert format.
Layer 43: Pre-warming 64 experts.
Layer 43: using packed expert format.
Prewarmed experts for layer 44/48
Layer 44: Pre-warming 64 experts.
Layer 44: using packed expert format.
Layer 45: Pre-warming 64 experts.
Layer 45: using packed expert format.
Layer 46: Pre-warming 64 experts.
Layer 46: using packed expert format.
Layer 47: Pre-warming 64 experts.
Layer 47: using packed expert format.
Prewarmed experts for layer 48/48
Libtorch input_ids shape: [1, 512]
Skipping warmup.
Prefill time: 13.3899 seconds
[Predictor] Prefill-end expert cache warmup (excluded from generation TPS).
[Layer 0 Warmup Debug] predict_sync returned: 72 46 100 75 33 98 122 28 65 50 13 91 21 64 80 6 93 14 40 101 58 74 32 47 85 87 119 43 4 26 103 7 82 117 114 11 92 99 38 73 118 111 69 110 24 16 109 89 22 123 124 45 105 86 102 37 19 49 9 78 120 0 88 57 18 107 106 68 31 51 52 2 66 121 61 63 104 34 41 127 44 108 27 17 53 42 30 83 3 113 29 76 35 126 70 112 97 48 67 71 81 77 54 84 12 62 23 25 1 20 115 15 95 5 94 39 90 59 55 36 10 96 125 56 8 116 79 60 
[Layer 0 Warmup Debug] experts_to_prefetch returned: 72 46 100 75 33 98 122 28 65 50 13 91 21 64 80 6 93 14 40 101 58 74 32 47 85 87 119 43 4 26 103 7 82 117 114 11 
[Layer 0 Warmup Debug] After prefill-end warmup, slots are: 64 65 21 6 14 40 58 32 72 47 74 75 43 4 26 80 7 82 11 84 85 86 87 88 89 91 92 93 95 97 98 99 100 101 102 103 104 105 106 107 109 110 111 112 113 114 115 116 117 118 119 120 121 122 123 124 125 126 127 46 33 28 50 13 
Generation phase
[Layer 0 Step 0 Debug] Slots before check: 64 65 21 6 14 40 58 32 72 47 74 75 43 4 26 80 7 82 11 84 85 86 87 88 89 91 92 93 95 97 98 99 100 101 102 103 104 105 106 107 109 110 111 112 113 114 115 116 117 118 119 120 121 122 123 124 125 126 127 46 33 28 50 13 
[Layer 0 Step 0 Debug] Requested: 28 64 77 82 23 122 116 112 
[gen 5/79] elapsed=0.6s  TPS=8.180
[gen 10/79] elapsed=1.3s  TPS=7.689
[gen 15/79] elapsed=2.2s  TPS=6.973
[gen 20/79] elapsed=2.7s  TPS=7.400
[gen 25/79] elapsed=3.1s  TPS=7.938
[gen 30/79] elapsed=3.5s  TPS=8.474
[gen 35/79] elapsed=4.2s  TPS=8.427
[gen 40/79] elapsed=4.6s  TPS=8.754
[gen 45/79] elapsed=5.0s  TPS=9.018
[gen 50/79] elapsed=5.4s  TPS=9.248
[gen 55/79] elapsed=5.8s  TPS=9.539
[gen 60/79] elapsed=6.2s  TPS=9.756
[gen 65/79] elapsed=6.6s  TPS=9.901
[gen 70/79] elapsed=7.0s  TPS=10.047
[gen 75/79] elapsed=7.3s  TPS=10.282
Prefill time (summary): 13.390 seconds
Total Generation Time: 7.595 seconds
Average Time per Token: 0.0961426 seconds

Expert Cache Statistics:
Layer 0 Cache Stats: Hits=546, Misses=86, HitRate=86.39%
    Predictor Routed-Expert HitRate=41.54% (27/65, routed_n=5, horizon=6)
    Predictor RoutedForcedN HitRate=41.54% (27/65)
    Predictor RoutedTopK HitRate=51.92% (54/104)
    Predicted RequestedByRouterForcedN Rate=5.77% (27/468)
    Predicted RequestedByRouterTopK Rate=11.54% (54/468)
    Predictor WindowRecall Rate=55.67% (260/467)
    Predictor WindowPrecision Rate=55.56% (260/468)
    Loads Per Step: 0Loads=29, 1Load=24, >1Load=26
    Bandwidth: StallLoads=86, PrefetchLoads=54, AvgLoadTime=2.66ms
    PrefetchOverlap: HiddenReady=23, HiddenWait=0, TicksSkipped=0
    MissCause: NotPresent=86, NotReadyStall=0
    PrefetchEff: Dropped=0, AlreadyCached=450, UsedBeforeEvict=23, EvictedBeforeUse=27
    GlobalSpecLoad: PeakConcurrent=8
    Predictor TopK matches: 0=2 1=3 >=2=8
Layer 1 Cache Stats: Hits=599, Misses=33, HitRate=94.78%
    Predictor Routed-Expert HitRate=56.92% (37/65, routed_n=5, horizon=6)
    Predictor RoutedForcedN HitRate=56.92% (37/65)
    Predictor RoutedTopK HitRate=55.77% (58/104)
    Predicted RequestedByRouterForcedN Rate=7.91% (37/468)
    Predicted RequestedByRouterTopK Rate=12.39% (58/468)
    Predictor WindowRecall Rate=67.92% (271/399)
    Predictor WindowPrecision Rate=57.91% (271/468)
    Loads Per Step: 0Loads=54, 1Load=18, >1Load=7
    Bandwidth: StallLoads=33, PrefetchLoads=24, AvgLoadTime=4.03ms
    PrefetchOverlap: HiddenReady=18, HiddenWait=0, TicksSkipped=0
    MissCause: NotPresent=33, NotReadyStall=0
    PrefetchEff: Dropped=0, AlreadyCached=480, UsedBeforeEvict=18, EvictedBeforeUse=5
    Predictor TopK matches: 0=0 1=3 >=2=10
Layer 2 Cache Stats: Hits=610, Misses=22, HitRate=96.52%
    Predictor Routed-Expert HitRate=66.15% (43/65, routed_n=5, horizon=6)
    Predictor RoutedForcedN HitRate=66.15% (43/65)
    Predictor RoutedTopK HitRate=66.35% (69/104)
    Predicted RequestedByRouterForcedN Rate=9.19% (43/468)
    Predicted RequestedByRouterTopK Rate=14.74% (69/468)
    Predictor WindowRecall Rate=71.32% (271/380)
    Predictor WindowPrecision Rate=57.91% (271/468)
    Loads Per Step: 0Loads=62, 1Load=13, >1Load=4
    Bandwidth: StallLoads=22, PrefetchLoads=11, AvgLoadTime=4.42ms
    PrefetchOverlap: HiddenReady=7, HiddenWait=0, TicksSkipped=0
    MissCause: NotPresent=22, NotReadyStall=0
    PrefetchEff: Dropped=0, AlreadyCached=493, UsedBeforeEvict=7, EvictedBeforeUse=3
    Predictor TopK matches: 0=0 1=0 >=2=13
Layer 3 Cache Stats: Hits=597, Misses=35, HitRate=94.46%
    Predictor Routed-Expert HitRate=61.54% (40/65, routed_n=5, horizon=6)
    Predictor RoutedForcedN HitRate=61.54% (40/65)
    Predictor RoutedTopK HitRate=62.50% (65/104)
    Predicted RequestedByRouterForcedN Rate=8.55% (40/468)
    Predicted RequestedByRouterTopK Rate=13.89% (65/468)
    Predictor WindowRecall Rate=67.13% (243/362)
    Predictor WindowPrecision Rate=51.92% (243/468)
    Loads Per Step: 0Loads=53, 1Load=19, >1Load=7
    Bandwidth: StallLoads=35, PrefetchLoads=34, AvgLoadTime=4.12ms
    PrefetchOverlap: HiddenReady=21, HiddenWait=0, TicksSkipped=0
    MissCause: NotPresent=35, NotReadyStall=0
    PrefetchEff: Dropped=0, AlreadyCached=470, UsedBeforeEvict=21, EvictedBeforeUse=10
    Predictor TopK matches: 0=0 1=2 >=2=11
Layer 4 Cache Stats: Hits=612, Misses=20, HitRate=96.84%
    Predictor Routed-Expert HitRate=64.62% (42/65, routed_n=5, horizon=6)
    Predictor RoutedForcedN HitRate=64.62% (42/65)
    Predictor RoutedTopK HitRate=67.31% (70/104)
    Predicted RequestedByRouterForcedN Rate=8.97% (42/468)
    Predicted RequestedByRouterTopK Rate=14.96% (70/468)
    Predictor WindowRecall Rate=75.35% (266/353)
    Predictor WindowPrecision Rate=56.84% (266/468)
    Loads Per Step: 0Loads=63, 1Load=13, >1Load=3
    Bandwidth: StallLoads=20, PrefetchLoads=23, AvgLoadTime=4.21ms
    PrefetchOverlap: HiddenReady=9, HiddenWait=0, TicksSkipped=0
    MissCause: NotPresent=20, NotReadyStall=0
    PrefetchEff: Dropped=0, AlreadyCached=481, UsedBeforeEvict=9, EvictedBeforeUse=5
    Predictor TopK matches: 0=0 1=1 >=2=12
Layer 5 Cache Stats: Hits=620, Misses=12, HitRate=98.10%
    Predictor Routed-Expert HitRate=72.31% (47/65, routed_n=5, horizon=6)
    Predictor RoutedForcedN HitRate=72.31% (47/65)
    Predictor RoutedTopK HitRate=71.15% (74/104)
    Predicted RequestedByRouterForcedN Rate=10.04% (47/468)
    Predicted RequestedByRouterTopK Rate=15.81% (74/468)
    Predictor WindowRecall Rate=74.01% (262/354)
    Predictor WindowPrecision Rate=55.98% (262/468)
    Loads Per Step: 0Loads=67, 1Load=12, >1Load=0
    Bandwidth: StallLoads=12, PrefetchLoads=16, AvgLoadTime=5.68ms
    PrefetchOverlap: HiddenReady=10, HiddenWait=0, TicksSkipped=0
    MissCause: NotPresent=12, NotReadyStall=0
    PrefetchEff: Dropped=0, AlreadyCached=488, UsedBeforeEvict=10, EvictedBeforeUse=3
    Predictor TopK matches: 0=0 1=1 >=2=12
Layer 6 Cache Stats: Hits=628, Misses=4, HitRate=99.37%
    Predictor Routed-Expert HitRate=87.69% (57/65, routed_n=5, horizon=6)
    Predictor RoutedForcedN HitRate=87.69% (57/65)
    Predictor RoutedTopK HitRate=90.38% (94/104)
    Predicted RequestedByRouterForcedN Rate=12.18% (57/468)
    Predicted RequestedByRouterTopK Rate=20.09% (94/468)
    Predictor WindowRecall Rate=90.58% (250/276)
    Predictor WindowPrecision Rate=53.42% (250/468)
    Loads Per Step: 0Loads=75, 1Load=4, >1Load=0
    Bandwidth: StallLoads=4, PrefetchLoads=10, AvgLoadTime=7.81ms
    PrefetchOverlap: HiddenReady=5, HiddenWait=0, TicksSkipped=0
    MissCause: NotPresent=4, NotReadyStall=0
    PrefetchEff: Dropped=0, AlreadyCached=494, UsedBeforeEvict=5, EvictedBeforeUse=0
    Predictor TopK matches: 0=0 1=0 >=2=13
Layer 7 Cache Stats: Hits=629, Misses=3, HitRate=99.53%
    Predictor Routed-Expert HitRate=96.92% (63/65, routed_n=5, horizon=6)
    Predictor RoutedForcedN HitRate=96.92% (63/65)
    Predictor RoutedTopK HitRate=90.38% (94/104)
    Predicted RequestedByRouterForcedN Rate=13.46% (63/468)
    Predicted RequestedByRouterTopK Rate=20.09% (94/468)
    Predictor WindowRecall Rate=88.43% (237/268)
    Predictor WindowPrecision Rate=50.64% (237/468)
    Loads Per Step: 0Loads=76, 1Load=3, >1Load=0
    Bandwidth: StallLoads=3, PrefetchLoads=20, AvgLoadTime=6.38ms
    PrefetchOverlap: HiddenReady=7, HiddenWait=0, TicksSkipped=0
    MissCause: NotPresent=3, NotReadyStall=0
    PrefetchEff: Dropped=0, AlreadyCached=484, UsedBeforeEvict=7, EvictedBeforeUse=0
    Predictor TopK matches: 0=0 1=0 >=2=13
Layer 8 Cache Stats: Hits=625, Misses=7, HitRate=98.89%
    Predictor Routed-Expert HitRate=80.00% (52/65, routed_n=5, horizon=6)
    Predictor RoutedForcedN HitRate=80.00% (52/65)
    Predictor RoutedTopK HitRate=77.88% (81/104)
    Predicted RequestedByRouterForcedN Rate=11.11% (52/468)
    Predicted RequestedByRouterTopK Rate=17.31% (81/468)
    Predictor WindowRecall Rate=78.44% (262/334)
    Predictor WindowPrecision Rate=55.98% (262/468)
    Loads Per Step: 0Loads=72, 1Load=7, >1Load=0
    Bandwidth: StallLoads=7, PrefetchLoads=20, AvgLoadTime=6.58ms
    PrefetchOverlap: HiddenReady=18, HiddenWait=0, TicksSkipped=0
    MissCause: NotPresent=7, NotReadyStall=0
    PrefetchEff: Dropped=0, AlreadyCached=484, UsedBeforeEvict=18, EvictedBeforeUse=1
    Predictor TopK matches: 0=1 1=0 >=2=12
Layer 9 Cache Stats: Hits=625, Misses=7, HitRate=98.89%
    Predictor Routed-Expert HitRate=83.08% (54/65, routed_n=5, horizon=6)
    Predictor RoutedForcedN HitRate=83.08% (54/65)
    Predictor RoutedTopK HitRate=84.62% (88/104)
    Predicted RequestedByRouterForcedN Rate=11.54% (54/468)
    Predicted RequestedByRouterTopK Rate=18.80% (88/468)
    Predictor WindowRecall Rate=82.59% (242/293)
    Predictor WindowPrecision Rate=51.71% (242/468)
    Loads Per Step: 0Loads=73, 1Load=5, >1Load=1
    Bandwidth: StallLoads=7, PrefetchLoads=22, AvgLoadTime=5.42ms
    PrefetchOverlap: HiddenReady=7, HiddenWait=0, TicksSkipped=0
    MissCause: NotPresent=7, NotReadyStall=0
    PrefetchEff: Dropped=0, AlreadyCached=482, UsedBeforeEvict=7, EvictedBeforeUse=4
    Predictor TopK matches: 0=0 1=0 >=2=13
Layer 10 Cache Stats: Hits=610, Misses=22, HitRate=96.52%
    Predictor Routed-Expert HitRate=80.00% (52/65, routed_n=5, horizon=6)
    Predictor RoutedForcedN HitRate=80.00% (52/65)
    Predictor RoutedTopK HitRate=77.88% (81/104)
    Predicted RequestedByRouterForcedN Rate=11.11% (52/468)
    Predicted RequestedByRouterTopK Rate=17.31% (81/468)
    Predictor WindowRecall Rate=76.35% (255/334)
    Predictor WindowPrecision Rate=54.49% (255/468)
    Loads Per Step: 0Loads=58, 1Load=20, >1Load=1
    Bandwidth: StallLoads=22, PrefetchLoads=22, AvgLoadTime=5.80ms
    PrefetchOverlap: HiddenReady=9, HiddenWait=0, TicksSkipped=0
    MissCause: NotPresent=22, NotReadyStall=0
    PrefetchEff: Dropped=0, AlreadyCached=482, UsedBeforeEvict=9, EvictedBeforeUse=7
    Predictor TopK matches: 0=0 1=0 >=2=13
Layer 11 Cache Stats: Hits=612, Misses=20, HitRate=96.84%
    Predictor Routed-Expert HitRate=61.54% (40/65, routed_n=5, horizon=6)
    Predictor RoutedForcedN HitRate=61.54% (40/65)
    Predictor RoutedTopK HitRate=61.54% (64/104)
    Predicted RequestedByRouterForcedN Rate=8.55% (40/468)
    Predicted RequestedByRouterTopK Rate=13.68% (64/468)
    Predictor WindowRecall Rate=71.95% (254/353)
    Predictor WindowPrecision Rate=54.27% (254/468)
    Loads Per Step: 0Loads=59, 1Load=20, >1Load=0
    Bandwidth: StallLoads=20, PrefetchLoads=43, AvgLoadTime=4.83ms
    PrefetchOverlap: HiddenReady=23, HiddenWait=0, TicksSkipped=0
    MissCause: NotPresent=20, NotReadyStall=0
    PrefetchEff: Dropped=0, AlreadyCached=461, UsedBeforeEvict=23, EvictedBeforeUse=13
    Predictor TopK matches: 0=0 1=2 >=2=11
Layer 12 Cache Stats: Hits=626, Misses=6, HitRate=99.05%
    Predictor Routed-Expert HitRate=83.08% (54/65, routed_n=5, horizon=6)
    Predictor RoutedForcedN HitRate=83.08% (54/65)
    Predictor RoutedTopK HitRate=78.85% (82/104)
    Predicted RequestedByRouterForcedN Rate=11.54% (54/468)
    Predicted RequestedByRouterTopK Rate=17.52% (82/468)
    Predictor WindowRecall Rate=78.41% (247/315)
    Predictor WindowPrecision Rate=52.78% (247/468)
    Loads Per Step: 0Loads=73, 1Load=6, >1Load=0
    Bandwidth: StallLoads=6, PrefetchLoads=26, AvgLoadTime=7.63ms
    PrefetchOverlap: HiddenReady=22, HiddenWait=0, TicksSkipped=0
    MissCause: NotPresent=6, NotReadyStall=0
    PrefetchEff: Dropped=0, AlreadyCached=478, UsedBeforeEvict=22, EvictedBeforeUse=2
    Predictor TopK matches: 0=0 1=0 >=2=13
Layer 13 Cache Stats: Hits=613, Misses=19, HitRate=96.99%
    Predictor Routed-Expert HitRate=67.69% (44/65, routed_n=5, horizon=6)
    Predictor RoutedForcedN HitRate=67.69% (44/65)
    Predictor RoutedTopK HitRate=69.23% (72/104)
    Predicted RequestedByRouterForcedN Rate=9.40% (44/468)
    Predicted RequestedByRouterTopK Rate=15.38% (72/468)
    Predictor WindowRecall Rate=74.40% (279/375)
    Predictor WindowPrecision Rate=59.62% (279/468)
    Loads Per Step: 0Loads=62, 1Load=15, >1Load=2
    Bandwidth: StallLoads=19, PrefetchLoads=31, AvgLoadTime=5.28ms
    PrefetchOverlap: HiddenReady=21, HiddenWait=0, TicksSkipped=0
    MissCause: NotPresent=19, NotReadyStall=0
    PrefetchEff: Dropped=0, AlreadyCached=473, UsedBeforeEvict=21, EvictedBeforeUse=6
    Predictor TopK matches: 0=0 1=2 >=2=11
Layer 14 Cache Stats: Hits=623, Misses=9, HitRate=98.58%
    Predictor Routed-Expert HitRate=78.46% (51/65, routed_n=5, horizon=6)
    Predictor RoutedForcedN HitRate=78.46% (51/65)
    Predictor RoutedTopK HitRate=77.88% (81/104)
    Predicted RequestedByRouterForcedN Rate=10.90% (51/468)
    Predicted RequestedByRouterTopK Rate=17.31% (81/468)
    Predictor WindowRecall Rate=79.94% (267/334)
    Predictor WindowPrecision Rate=57.05% (267/468)
    Loads Per Step: 0Loads=71, 1Load=7, >1Load=1
    Bandwidth: StallLoads=9, PrefetchLoads=20, AvgLoadTime=7.69ms
    PrefetchOverlap: HiddenReady=13, HiddenWait=0, TicksSkipped=0
    MissCause: NotPresent=9, NotReadyStall=0
    PrefetchEff: Dropped=0, AlreadyCached=484, UsedBeforeEvict=13, EvictedBeforeUse=5
    Predictor TopK matches: 0=0 1=0 >=2=13
Layer 15 Cache Stats: Hits=626, Misses=6, HitRate=99.05%
    Predictor Routed-Expert HitRate=87.69% (57/65, routed_n=5, horizon=6)
    Predictor RoutedForcedN HitRate=87.69% (57/65)
    Predictor RoutedTopK HitRate=83.65% (87/104)
    Predicted RequestedByRouterForcedN Rate=12.18% (57/468)
    Predicted RequestedByRouterTopK Rate=18.59% (87/468)
    Predictor WindowRecall Rate=80.46% (247/307)
    Predictor WindowPrecision Rate=52.78% (247/468)
    Loads Per Step: 0Loads=74, 1Load=4, >1Load=1
    Bandwidth: StallLoads=6, PrefetchLoads=19, AvgLoadTime=7.40ms
    PrefetchOverlap: HiddenReady=12, HiddenWait=0, TicksSkipped=0
    MissCause: NotPresent=6, NotReadyStall=0
    PrefetchEff: Dropped=0, AlreadyCached=485, UsedBeforeEvict=12, EvictedBeforeUse=4
    Predictor TopK matches: 0=0 1=0 >=2=13
Layer 16 Cache Stats: Hits=623, Misses=9, HitRate=98.58%
    Predictor Routed-Expert HitRate=78.46% (51/65, routed_n=5, horizon=6)
    Predictor RoutedForcedN HitRate=78.46% (51/65)
    Predictor RoutedTopK HitRate=76.92% (80/104)
    Predicted RequestedByRouterForcedN Rate=10.90% (51/468)
    Predicted RequestedByRouterTopK Rate=17.09% (80/468)
    Predictor WindowRecall Rate=81.68% (272/333)
    Predictor WindowPrecision Rate=58.12% (272/468)
    Loads Per Step: 0Loads=71, 1Load=7, >1Load=1
    Bandwidth: StallLoads=9, PrefetchLoads=20, AvgLoadTime=7.58ms
    PrefetchOverlap: HiddenReady=11, HiddenWait=0, TicksSkipped=0
    MissCause: NotPresent=9, NotReadyStall=0
    PrefetchEff: Dropped=0, AlreadyCached=484, UsedBeforeEvict=11, EvictedBeforeUse=3
    Predictor TopK matches: 0=0 1=0 >=2=13
Layer 17 Cache Stats: Hits=611, Misses=21, HitRate=96.68%
    Predictor Routed-Expert HitRate=70.77% (46/65, routed_n=5, horizon=6)
    Predictor RoutedForcedN HitRate=70.77% (46/65)
    Predictor RoutedTopK HitRate=74.04% (77/104)
    Predicted RequestedByRouterForcedN Rate=9.83% (46/468)
    Predicted RequestedByRouterTopK Rate=16.45% (77/468)
    Predictor WindowRecall Rate=75.07% (271/361)
    Predictor WindowPrecision Rate=57.91% (271/468)
    Loads Per Step: 0Loads=61, 1Load=16, >1Load=2
    Bandwidth: StallLoads=21, PrefetchLoads=16, AvgLoadTime=5.04ms
    PrefetchOverlap: HiddenReady=9, HiddenWait=0, TicksSkipped=0
    MissCause: NotPresent=21, NotReadyStall=0
    PrefetchEff: Dropped=0, AlreadyCached=488, UsedBeforeEvict=9, EvictedBeforeUse=4
    Predictor TopK matches: 0=0 1=0 >=2=13
Layer 18 Cache Stats: Hits=629, Misses=3, HitRate=99.53%
    Predictor Routed-Expert HitRate=89.23% (58/65, routed_n=5, horizon=6)
    Predictor RoutedForcedN HitRate=89.23% (58/65)
    Predictor RoutedTopK HitRate=85.58% (89/104)
    Predicted RequestedByRouterForcedN Rate=12.39% (58/468)
    Predicted RequestedByRouterTopK Rate=19.02% (89/468)
    Predictor WindowRecall Rate=87.91% (240/273)
    Predictor WindowPrecision Rate=51.28% (240/468)
    Loads Per Step: 0Loads=76, 1Load=3, >1Load=0
    Bandwidth: StallLoads=3, PrefetchLoads=13, AvgLoadTime=9.34ms
    PrefetchOverlap: HiddenReady=6, HiddenWait=0, TicksSkipped=0
    MissCause: NotPresent=3, NotReadyStall=0
    PrefetchEff: Dropped=0, AlreadyCached=491, UsedBeforeEvict=6, EvictedBeforeUse=0
    Predictor TopK matches: 0=0 1=0 >=2=13
Layer 19 Cache Stats: Hits=629, Misses=3, HitRate=99.53%
    Predictor Routed-Expert HitRate=92.31% (60/65, routed_n=5, horizon=6)
    Predictor RoutedForcedN HitRate=92.31% (60/65)
    Predictor RoutedTopK HitRate=91.35% (95/104)
    Predicted RequestedByRouterForcedN Rate=12.82% (60/468)
    Predicted RequestedByRouterTopK Rate=20.30% (95/468)
    Predictor WindowRecall Rate=89.43% (237/265)
    Predictor WindowPrecision Rate=50.64% (237/468)
    Loads Per Step: 0Loads=77, 1Load=1, >1Load=1
    Bandwidth: StallLoads=3, PrefetchLoads=9, AvgLoadTime=9.92ms
    PrefetchOverlap: HiddenReady=3, HiddenWait=0, TicksSkipped=0
    MissCause: NotPresent=3, NotReadyStall=0
    PrefetchEff: Dropped=0, AlreadyCached=495, UsedBeforeEvict=3, EvictedBeforeUse=0
    Predictor TopK matches: 0=0 1=0 >=2=13
Layer 20 Cache Stats: Hits=620, Misses=12, HitRate=98.10%
    Predictor Routed-Expert HitRate=81.54% (53/65, routed_n=5, horizon=6)
    Predictor RoutedForcedN HitRate=81.54% (53/65)
    Predictor RoutedTopK HitRate=76.92% (80/104)
    Predicted RequestedByRouterForcedN Rate=11.32% (53/468)
    Predicted RequestedByRouterTopK Rate=17.09% (80/468)
    Predictor WindowRecall Rate=78.96% (244/309)
    Predictor WindowPrecision Rate=52.14% (244/468)
    Loads Per Step: 0Loads=70, 1Load=6, >1Load=3
    Bandwidth: StallLoads=12, PrefetchLoads=14, AvgLoadTime=5.46ms
    PrefetchOverlap: HiddenReady=5, HiddenWait=0, TicksSkipped=0
    MissCause: NotPresent=12, NotReadyStall=0
    PrefetchEff: Dropped=0, AlreadyCached=490, UsedBeforeEvict=5, EvictedBeforeUse=4
    Predictor TopK matches: 0=0 1=0 >=2=13
Layer 21 Cache Stats: Hits=623, Misses=9, HitRate=98.58%
    Predictor Routed-Expert HitRate=84.62% (55/65, routed_n=5, horizon=6)
    Predictor RoutedForcedN HitRate=84.62% (55/65)
    Predictor RoutedTopK HitRate=87.50% (91/104)
    Predicted RequestedByRouterForcedN Rate=11.75% (55/468)
    Predicted RequestedByRouterTopK Rate=19.44% (91/468)
    Predictor WindowRecall Rate=88.73% (252/284)
    Predictor WindowPrecision Rate=53.85% (252/468)
    Loads Per Step: 0Loads=71, 1Load=7, >1Load=1
    Bandwidth: StallLoads=9, PrefetchLoads=15, AvgLoadTime=8.62ms
    PrefetchOverlap: HiddenReady=7, HiddenWait=0, TicksSkipped=0
    MissCause: NotPresent=9, NotReadyStall=0
    PrefetchEff: Dropped=0, AlreadyCached=489, UsedBeforeEvict=7, EvictedBeforeUse=0
    Predictor TopK matches: 0=0 1=0 >=2=13
Layer 22 Cache Stats: Hits=609, Misses=23, HitRate=96.36%
    Predictor Routed-Expert HitRate=80.00% (52/65, routed_n=5, horizon=6)
    Predictor RoutedForcedN HitRate=80.00% (52/65)
    Predictor RoutedTopK HitRate=77.88% (81/104)
    Predicted RequestedByRouterForcedN Rate=11.11% (52/468)
    Predicted RequestedByRouterTopK Rate=17.31% (81/468)
    Predictor WindowRecall Rate=75.67% (255/337)
    Predictor WindowPrecision Rate=54.49% (255/468)
    Loads Per Step: 0Loads=60, 1Load=16, >1Load=3
    Bandwidth: StallLoads=23, PrefetchLoads=19, AvgLoadTime=4.88ms
    PrefetchOverlap: HiddenReady=10, HiddenWait=0, TicksSkipped=0
    MissCause: NotPresent=23, NotReadyStall=0
    PrefetchEff: Dropped=0, AlreadyCached=485, UsedBeforeEvict=10, EvictedBeforeUse=5
    Predictor TopK matches: 0=0 1=0 >=2=13
Layer 23 Cache Stats: Hits=624, Misses=8, HitRate=98.73%
    Predictor Routed-Expert HitRate=67.69% (44/65, routed_n=5, horizon=6)
    Predictor RoutedForcedN HitRate=67.69% (44/65)
    Predictor RoutedTopK HitRate=68.27% (71/104)
    Predicted RequestedByRouterForcedN Rate=9.40% (44/468)
    Predicted RequestedByRouterTopK Rate=15.17% (71/468)
    Predictor WindowRecall Rate=76.49% (270/353)
    Predictor WindowPrecision Rate=57.69% (270/468)
    Loads Per Step: 0Loads=71, 1Load=8, >1Load=0
    Bandwidth: StallLoads=8, PrefetchLoads=32, AvgLoadTime=5.17ms
    PrefetchOverlap: HiddenReady=20, HiddenWait=0, TicksSkipped=0
    MissCause: NotPresent=8, NotReadyStall=0
    PrefetchEff: Dropped=0, AlreadyCached=472, UsedBeforeEvict=20, EvictedBeforeUse=8
    Predictor TopK matches: 0=0 1=2 >=2=11
Layer 24 Cache Stats: Hits=621, Misses=11, HitRate=98.26%
    Predictor Routed-Expert HitRate=87.69% (57/65, routed_n=5, horizon=6)
    Predictor RoutedForcedN HitRate=87.69% (57/65)
    Predictor RoutedTopK HitRate=82.69% (86/104)
    Predicted RequestedByRouterForcedN Rate=12.18% (57/468)
    Predicted RequestedByRouterTopK Rate=18.38% (86/468)
    Predictor WindowRecall Rate=80.06% (273/341)
    Predictor WindowPrecision Rate=58.33% (273/468)
    Loads Per Step: 0Loads=69, 1Load=9, >1Load=1
    Bandwidth: StallLoads=11, PrefetchLoads=19, AvgLoadTime=6.95ms
    PrefetchOverlap: HiddenReady=12, HiddenWait=0, TicksSkipped=0
    MissCause: NotPresent=11, NotReadyStall=0
    PrefetchEff: Dropped=0, AlreadyCached=485, UsedBeforeEvict=12, EvictedBeforeUse=5
    Predictor TopK matches: 0=0 1=0 >=2=13
Layer 25 Cache Stats: Hits=610, Misses=22, HitRate=96.52%
    Predictor Routed-Expert HitRate=67.69% (44/65, routed_n=5, horizon=6)
    Predictor RoutedForcedN HitRate=67.69% (44/65)
    Predictor RoutedTopK HitRate=69.23% (72/104)
    Predicted RequestedByRouterForcedN Rate=9.40% (44/468)
    Predicted RequestedByRouterTopK Rate=15.38% (72/468)
    Predictor WindowRecall Rate=75.13% (281/374)
    Predictor WindowPrecision Rate=60.04% (281/468)
    Loads Per Step: 0Loads=58, 1Load=20, >1Load=1
    Bandwidth: StallLoads=22, PrefetchLoads=28, AvgLoadTime=5.42ms
    PrefetchOverlap: HiddenReady=14, HiddenWait=0, TicksSkipped=0
    MissCause: NotPresent=22, NotReadyStall=0
    PrefetchEff: Dropped=0, AlreadyCached=476, UsedBeforeEvict=14, EvictedBeforeUse=10
    Predictor TopK matches: 0=0 1=1 >=2=12
Layer 26 Cache Stats: Hits=625, Misses=7, HitRate=98.89%
    Predictor Routed-Expert HitRate=78.46% (51/65, routed_n=5, horizon=6)
    Predictor RoutedForcedN HitRate=78.46% (51/65)
    Predictor RoutedTopK HitRate=78.85% (82/104)
    Predicted RequestedByRouterForcedN Rate=10.90% (51/468)
    Predicted RequestedByRouterTopK Rate=17.52% (82/468)
    Predictor WindowRecall Rate=80.79% (265/328)
    Predictor WindowPrecision Rate=56.62% (265/468)
    Loads Per Step: 0Loads=72, 1Load=7, >1Load=0
    Bandwidth: StallLoads=7, PrefetchLoads=13, AvgLoadTime=6.39ms
    PrefetchOverlap: HiddenReady=11, HiddenWait=0, TicksSkipped=0
    MissCause: NotPresent=7, NotReadyStall=0
    PrefetchEff: Dropped=0, AlreadyCached=491, UsedBeforeEvict=11, EvictedBeforeUse=0
    Predictor TopK matches: 0=0 1=0 >=2=13
Layer 27 Cache Stats: Hits=619, Misses=13, HitRate=97.94%
    Predictor Routed-Expert HitRate=90.77% (59/65, routed_n=5, horizon=6)
    Predictor RoutedForcedN HitRate=90.77% (59/65)
    Predictor RoutedTopK HitRate=86.54% (90/104)
    Predicted RequestedByRouterForcedN Rate=12.61% (59/468)
    Predicted RequestedByRouterTopK Rate=19.23% (90/468)
    Predictor WindowRecall Rate=83.96% (267/318)
    Predictor WindowPrecision Rate=57.05% (267/468)
    Loads Per Step: 0Loads=68, 1Load=9, >1Load=2
    Bandwidth: StallLoads=13, PrefetchLoads=20, AvgLoadTime=6.00ms
    PrefetchOverlap: HiddenReady=13, HiddenWait=0, TicksSkipped=0
    MissCause: NotPresent=13, NotReadyStall=0
    PrefetchEff: Dropped=0, AlreadyCached=484, UsedBeforeEvict=13, EvictedBeforeUse=3
    Predictor TopK matches: 0=0 1=0 >=2=13
Layer 28 Cache Stats: Hits=623, Misses=9, HitRate=98.58%
    Predictor Routed-Expert HitRate=83.08% (54/65, routed_n=5, horizon=6)
    Predictor RoutedForcedN HitRate=83.08% (54/65)
    Predictor RoutedTopK HitRate=83.65% (87/104)
    Predicted RequestedByRouterForcedN Rate=11.54% (54/468)
    Predicted RequestedByRouterTopK Rate=18.59% (87/468)
    Predictor WindowRecall Rate=79.71% (271/340)
    Predictor WindowPrecision Rate=57.91% (271/468)
    Loads Per Step: 0Loads=72, 1Load=5, >1Load=2
    Bandwidth: StallLoads=9, PrefetchLoads=20, AvgLoadTime=4.98ms
    PrefetchOverlap: HiddenReady=13, HiddenWait=0, TicksSkipped=0
    MissCause: NotPresent=9, NotReadyStall=0
    PrefetchEff: Dropped=0, AlreadyCached=484, UsedBeforeEvict=13, EvictedBeforeUse=3
    Predictor TopK matches: 0=0 1=0 >=2=13
Layer 29 Cache Stats: Hits=609, Misses=23, HitRate=96.36%
    Predictor Routed-Expert HitRate=67.69% (44/65, routed_n=5, horizon=6)
    Predictor RoutedForcedN HitRate=67.69% (44/65)
    Predictor RoutedTopK HitRate=68.27% (71/104)
    Predicted RequestedByRouterForcedN Rate=9.40% (44/468)
    Predicted RequestedByRouterTopK Rate=15.17% (71/468)
    Predictor WindowRecall Rate=73.37% (270/368)
    Predictor WindowPrecision Rate=57.69% (270/468)
    Loads Per Step: 0Loads=63, 1Load=10, >1Load=6
    Bandwidth: StallLoads=23, PrefetchLoads=19, AvgLoadTime=5.10ms
    PrefetchOverlap: HiddenReady=14, HiddenWait=0, TicksSkipped=0
    MissCause: NotPresent=23, NotReadyStall=0
    PrefetchEff: Dropped=0, AlreadyCached=485, UsedBeforeEvict=14, EvictedBeforeUse=3
    Predictor TopK matches: 0=0 1=1 >=2=12
Layer 30 Cache Stats: Hits=628, Misses=4, HitRate=99.37%
    Predictor Routed-Expert HitRate=87.69% (57/65, routed_n=5, horizon=6)
    Predictor RoutedForcedN HitRate=87.69% (57/65)
    Predictor RoutedTopK HitRate=86.54% (90/104)
    Predicted RequestedByRouterForcedN Rate=12.18% (57/468)
    Predicted RequestedByRouterTopK Rate=19.23% (90/468)
    Predictor WindowRecall Rate=87.60% (226/258)
    Predictor WindowPrecision Rate=48.29% (226/468)
    Loads Per Step: 0Loads=75, 1Load=4, >1Load=0
    Bandwidth: StallLoads=4, PrefetchLoads=13, AvgLoadTime=7.08ms
    PrefetchOverlap: HiddenReady=7, HiddenWait=0, TicksSkipped=0
    MissCause: NotPresent=4, NotReadyStall=0
    PrefetchEff: Dropped=0, AlreadyCached=491, UsedBeforeEvict=7, EvictedBeforeUse=0
    Predictor TopK matches: 0=0 1=0 >=2=13
Layer 31 Cache Stats: Hits=626, Misses=6, HitRate=99.05%
    Predictor Routed-Expert HitRate=93.85% (61/65, routed_n=5, horizon=6)
    Predictor RoutedForcedN HitRate=93.85% (61/65)
    Predictor RoutedTopK HitRate=91.35% (95/104)
    Predicted RequestedByRouterForcedN Rate=13.03% (61/468)
    Predicted RequestedByRouterTopK Rate=20.30% (95/468)
    Predictor WindowRecall Rate=92.57% (249/269)
    Predictor WindowPrecision Rate=53.21% (249/468)
    Loads Per Step: 0Loads=75, 1Load=2, >1Load=2
    Bandwidth: StallLoads=6, PrefetchLoads=9, AvgLoadTime=6.82ms
    PrefetchOverlap: HiddenReady=4, HiddenWait=0, TicksSkipped=0
    MissCause: NotPresent=6, NotReadyStall=0
    PrefetchEff: Dropped=0, AlreadyCached=495, UsedBeforeEvict=4, EvictedBeforeUse=0
    Predictor TopK matches: 0=0 1=0 >=2=13
Layer 32 Cache Stats: Hits=619, Misses=13, HitRate=97.94%
    Predictor Routed-Expert HitRate=70.77% (46/65, routed_n=5, horizon=6)
    Predictor RoutedForcedN HitRate=70.77% (46/65)
    Predictor RoutedTopK HitRate=74.04% (77/104)
    Predicted RequestedByRouterForcedN Rate=9.83% (46/468)
    Predicted RequestedByRouterTopK Rate=16.45% (77/468)
    Predictor WindowRecall Rate=75.16% (239/318)
    Predictor WindowPrecision Rate=51.07% (239/468)
    Loads Per Step: 0Loads=67, 1Load=11, >1Load=1
    Bandwidth: StallLoads=13, PrefetchLoads=23, AvgLoadTime=5.92ms
    PrefetchOverlap: HiddenReady=8, HiddenWait=0, TicksSkipped=0
    MissCause: NotPresent=13, NotReadyStall=0
    PrefetchEff: Dropped=0, AlreadyCached=481, UsedBeforeEvict=8, EvictedBeforeUse=6
    Predictor TopK matches: 0=0 1=1 >=2=12
Layer 33 Cache Stats: Hits=624, Misses=8, HitRate=98.73%
    Predictor Routed-Expert HitRate=84.62% (55/65, routed_n=5, horizon=6)
    Predictor RoutedForcedN HitRate=84.62% (55/65)
    Predictor RoutedTopK HitRate=81.73% (85/104)
    Predicted RequestedByRouterForcedN Rate=11.75% (55/468)
    Predicted RequestedByRouterTopK Rate=18.16% (85/468)
    Predictor WindowRecall Rate=85.31% (244/286)
    Predictor WindowPrecision Rate=52.14% (244/468)
    Loads Per Step: 0Loads=71, 1Load=8, >1Load=0
    Bandwidth: StallLoads=8, PrefetchLoads=12, AvgLoadTime=7.89ms
    PrefetchOverlap: HiddenReady=6, HiddenWait=0, TicksSkipped=0
    MissCause: NotPresent=8, NotReadyStall=0
    PrefetchEff: Dropped=0, AlreadyCached=492, UsedBeforeEvict=6, EvictedBeforeUse=0
    Predictor TopK matches: 0=0 1=0 >=2=13
Layer 34 Cache Stats: Hits=613, Misses=19, HitRate=96.99%
    Predictor Routed-Expert HitRate=73.85% (48/65, routed_n=5, horizon=6)
    Predictor RoutedForcedN HitRate=73.85% (48/65)
    Predictor RoutedTopK HitRate=71.15% (74/104)
    Predicted RequestedByRouterForcedN Rate=10.26% (48/468)
    Predicted RequestedByRouterTopK Rate=15.81% (74/468)
    Predictor WindowRecall Rate=76.01% (263/346)
    Predictor WindowPrecision Rate=56.20% (263/468)
    Loads Per Step: 0Loads=63, 1Load=14, >1Load=2
    Bandwidth: StallLoads=19, PrefetchLoads=25, AvgLoadTime=5.24ms
    PrefetchOverlap: HiddenReady=15, HiddenWait=0, TicksSkipped=0
    MissCause: NotPresent=19, NotReadyStall=0
    PrefetchEff: Dropped=0, AlreadyCached=479, UsedBeforeEvict=15, EvictedBeforeUse=6
    Predictor TopK matches: 0=0 1=0 >=2=13
Layer 35 Cache Stats: Hits=614, Misses=18, HitRate=97.15%
    Predictor Routed-Expert HitRate=64.62% (42/65, routed_n=5, horizon=6)
    Predictor RoutedForcedN HitRate=64.62% (42/65)
    Predictor RoutedTopK HitRate=66.35% (69/104)
    Predicted RequestedByRouterForcedN Rate=8.97% (42/468)
    Predicted RequestedByRouterTopK Rate=14.74% (69/468)
    Predictor WindowRecall Rate=71.77% (267/372)
    Predictor WindowPrecision Rate=57.05% (267/468)
    Loads Per Step: 0Loads=65, 1Load=12, >1Load=2
    Bandwidth: StallLoads=18, PrefetchLoads=36, AvgLoadTime=4.84ms
    PrefetchOverlap: HiddenReady=17, HiddenWait=0, TicksSkipped=0
    MissCause: NotPresent=18, NotReadyStall=0
    PrefetchEff: Dropped=0, AlreadyCached=468, UsedBeforeEvict=17, EvictedBeforeUse=12
    Predictor TopK matches: 0=0 1=0 >=2=13
Layer 36 Cache Stats: Hits=622, Misses=10, HitRate=98.42%
    Predictor Routed-Expert HitRate=80.00% (52/65, routed_n=5, horizon=6)
    Predictor RoutedForcedN HitRate=80.00% (52/65)
    Predictor RoutedTopK HitRate=79.81% (83/104)
    Predicted RequestedByRouterForcedN Rate=11.11% (52/468)
    Predicted RequestedByRouterTopK Rate=17.74% (83/468)
    Predictor WindowRecall Rate=79.94% (271/339)
    Predictor WindowPrecision Rate=57.91% (271/468)
    Loads Per Step: 0Loads=69, 1Load=10, >1Load=0
    Bandwidth: StallLoads=10, PrefetchLoads=20, AvgLoadTime=7.68ms
    PrefetchOverlap: HiddenReady=14, HiddenWait=0, TicksSkipped=0
    MissCause: NotPresent=10, NotReadyStall=0
    PrefetchEff: Dropped=0, AlreadyCached=484, UsedBeforeEvict=14, EvictedBeforeUse=2
    Predictor TopK matches: 0=0 1=1 >=2=12
Layer 37 Cache Stats: Hits=606, Misses=26, HitRate=95.89%
    Predictor Routed-Expert HitRate=50.77% (33/65, routed_n=5, horizon=6)
    Predictor RoutedForcedN HitRate=50.77% (33/65)
    Predictor RoutedTopK HitRate=64.42% (67/104)
    Predicted RequestedByRouterForcedN Rate=7.05% (33/468)
    Predicted RequestedByRouterTopK Rate=14.32% (67/468)
    Predictor WindowRecall Rate=74.57% (305/409)
    Predictor WindowPrecision Rate=65.17% (305/468)
    Loads Per Step: 0Loads=57, 1Load=18, >1Load=4
    Bandwidth: StallLoads=26, PrefetchLoads=22, AvgLoadTime=5.86ms
    PrefetchOverlap: HiddenReady=18, HiddenWait=0, TicksSkipped=0
    MissCause: NotPresent=26, NotReadyStall=0
    PrefetchEff: Dropped=0, AlreadyCached=482, UsedBeforeEvict=18, EvictedBeforeUse=3
    Predictor TopK matches: 0=0 1=3 >=2=10
Layer 38 Cache Stats: Hits=624, Misses=8, HitRate=98.73%
    Predictor Routed-Expert HitRate=81.54% (53/65, routed_n=5, horizon=6)
    Predictor RoutedForcedN HitRate=81.54% (53/65)
    Predictor RoutedTopK HitRate=79.81% (83/104)
    Predicted RequestedByRouterForcedN Rate=11.32% (53/468)
    Predicted RequestedByRouterTopK Rate=17.74% (83/468)
    Predictor WindowRecall Rate=82.40% (281/341)
    Predictor WindowPrecision Rate=60.04% (281/468)
    Loads Per Step: 0Loads=72, 1Load=6, >1Load=1
    Bandwidth: StallLoads=8, PrefetchLoads=12, AvgLoadTime=7.11ms
    PrefetchOverlap: HiddenReady=7, HiddenWait=0, TicksSkipped=0
    MissCause: NotPresent=8, NotReadyStall=0
    PrefetchEff: Dropped=0, AlreadyCached=492, UsedBeforeEvict=7, EvictedBeforeUse=0
    Predictor TopK matches: 0=0 1=1 >=2=12
Layer 39 Cache Stats: Hits=625, Misses=7, HitRate=98.89%
    Predictor Routed-Expert HitRate=76.92% (50/65, routed_n=5, horizon=6)
    Predictor RoutedForcedN HitRate=76.92% (50/65)
    Predictor RoutedTopK HitRate=77.88% (81/104)
    Predicted RequestedByRouterForcedN Rate=10.68% (50/468)
    Predicted RequestedByRouterTopK Rate=17.31% (81/468)
    Predictor WindowRecall Rate=78.33% (253/323)
    Predictor WindowPrecision Rate=54.06% (253/468)
    Loads Per Step: 0Loads=73, 1Load=5, >1Load=1
    Bandwidth: StallLoads=7, PrefetchLoads=26, AvgLoadTime=5.70ms
    PrefetchOverlap: HiddenReady=14, HiddenWait=0, TicksSkipped=0
    MissCause: NotPresent=7, NotReadyStall=0
    PrefetchEff: Dropped=0, AlreadyCached=478, UsedBeforeEvict=14, EvictedBeforeUse=3
    Predictor TopK matches: 0=0 1=2 >=2=11
Layer 40 Cache Stats: Hits=619, Misses=13, HitRate=97.94%
    Predictor Routed-Expert HitRate=72.31% (47/65, routed_n=5, horizon=6)
    Predictor RoutedForcedN HitRate=72.31% (47/65)
    Predictor RoutedTopK HitRate=76.92% (80/104)
    Predicted RequestedByRouterForcedN Rate=10.04% (47/468)
    Predicted RequestedByRouterTopK Rate=17.09% (80/468)
    Predictor WindowRecall Rate=82.35% (280/340)
    Predictor WindowPrecision Rate=59.83% (280/468)
    Loads Per Step: 0Loads=69, 1Load=7, >1Load=3
    Bandwidth: StallLoads=13, PrefetchLoads=14, AvgLoadTime=7.01ms
    PrefetchOverlap: HiddenReady=10, HiddenWait=0, TicksSkipped=0
    MissCause: NotPresent=13, NotReadyStall=0
    PrefetchEff: Dropped=0, AlreadyCached=490, UsedBeforeEvict=10, EvictedBeforeUse=3
    Predictor TopK matches: 0=0 1=1 >=2=12
Layer 41 Cache Stats: Hits=618, Misses=14, HitRate=97.78%
    Predictor Routed-Expert HitRate=73.85% (48/65, routed_n=5, horizon=6)
    Predictor RoutedForcedN HitRate=73.85% (48/65)
    Predictor RoutedTopK HitRate=75.96% (79/104)
    Predicted RequestedByRouterForcedN Rate=10.26% (48/468)
    Predicted RequestedByRouterTopK Rate=16.88% (79/468)
    Predictor WindowRecall Rate=77.59% (315/406)
    Predictor WindowPrecision Rate=67.31% (315/468)
    Loads Per Step: 0Loads=68, 1Load=9, >1Load=2
    Bandwidth: StallLoads=14, PrefetchLoads=22, AvgLoadTime=7.16ms
    PrefetchOverlap: HiddenReady=16, HiddenWait=0, TicksSkipped=0
    MissCause: NotPresent=14, NotReadyStall=0
    PrefetchEff: Dropped=0, AlreadyCached=482, UsedBeforeEvict=16, EvictedBeforeUse=4
    Predictor TopK matches: 0=0 1=2 >=2=11
Layer 42 Cache Stats: Hits=623, Misses=9, HitRate=98.58%
    Predictor Routed-Expert HitRate=78.46% (51/65, routed_n=5, horizon=6)
    Predictor RoutedForcedN HitRate=78.46% (51/65)
    Predictor RoutedTopK HitRate=75.00% (78/104)
    Predicted RequestedByRouterForcedN Rate=10.90% (51/468)
    Predicted RequestedByRouterTopK Rate=16.67% (78/468)
    Predictor WindowRecall Rate=79.52% (299/376)
    Predictor WindowPrecision Rate=63.89% (299/468)
    Loads Per Step: 0Loads=71, 1Load=7, >1Load=1
    Bandwidth: StallLoads=9, PrefetchLoads=16, AvgLoadTime=7.98ms
    PrefetchOverlap: HiddenReady=13, HiddenWait=0, TicksSkipped=0
    MissCause: NotPresent=9, NotReadyStall=0
    PrefetchEff: Dropped=0, AlreadyCached=488, UsedBeforeEvict=13, EvictedBeforeUse=1
    Predictor TopK matches: 0=0 1=1 >=2=12
Layer 43 Cache Stats: Hits=624, Misses=8, HitRate=98.73%
    Predictor Routed-Expert HitRate=89.23% (58/65, routed_n=5, horizon=6)
    Predictor RoutedForcedN HitRate=89.23% (58/65)
    Predictor RoutedTopK HitRate=86.54% (90/104)
    Predicted RequestedByRouterForcedN Rate=12.39% (58/468)
    Predicted RequestedByRouterTopK Rate=19.23% (90/468)
    Predictor WindowRecall Rate=86.59% (284/328)
    Predictor WindowPrecision Rate=60.68% (284/468)
    Loads Per Step: 0Loads=73, 1Load=4, >1Load=2
    Bandwidth: StallLoads=8, PrefetchLoads=11, AvgLoadTime=7.47ms
    PrefetchOverlap: HiddenReady=6, HiddenWait=0, TicksSkipped=0
    MissCause: NotPresent=8, NotReadyStall=0
    PrefetchEff: Dropped=0, AlreadyCached=493, UsedBeforeEvict=6, EvictedBeforeUse=1
    Predictor TopK matches: 0=0 1=1 >=2=12
Layer 44 Cache Stats: Hits=625, Misses=7, HitRate=98.89%
    Predictor Routed-Expert HitRate=92.31% (60/65, routed_n=5, horizon=6)
    Predictor RoutedForcedN HitRate=92.31% (60/65)
    Predictor RoutedTopK HitRate=88.46% (92/104)
    Predicted RequestedByRouterForcedN Rate=12.82% (60/468)
    Predicted RequestedByRouterTopK Rate=19.66% (92/468)
    Predictor WindowRecall Rate=89.10% (286/321)
    Predictor WindowPrecision Rate=61.11% (286/468)
    Loads Per Step: 0Loads=72, 1Load=7, >1Load=0
    Bandwidth: StallLoads=7, PrefetchLoads=7, AvgLoadTime=7.47ms
    PrefetchOverlap: HiddenReady=3, HiddenWait=0, TicksSkipped=0
    MissCause: NotPresent=7, NotReadyStall=0
    PrefetchEff: Dropped=0, AlreadyCached=497, UsedBeforeEvict=3, EvictedBeforeUse=0
    Predictor TopK matches: 0=0 1=0 >=2=13
Layer 45 Cache Stats: Hits=628, Misses=4, HitRate=99.37%
    Predictor Routed-Expert HitRate=89.23% (58/65, routed_n=5, horizon=6)
    Predictor RoutedForcedN HitRate=89.23% (58/65)
    Predictor RoutedTopK HitRate=90.38% (94/104)
    Predicted RequestedByRouterForcedN Rate=12.39% (58/468)
    Predicted RequestedByRouterTopK Rate=20.09% (94/468)
    Predictor WindowRecall Rate=89.51% (273/305)
    Predictor WindowPrecision Rate=58.33% (273/468)
    Loads Per Step: 0Loads=76, 1Load=2, >1Load=1
    Bandwidth: StallLoads=4, PrefetchLoads=10, AvgLoadTime=6.43ms
    PrefetchOverlap: HiddenReady=3, HiddenWait=0, TicksSkipped=0
    MissCause: NotPresent=4, NotReadyStall=0
    PrefetchEff: Dropped=0, AlreadyCached=494, UsedBeforeEvict=3, EvictedBeforeUse=0
    Predictor TopK matches: 0=0 1=0 >=2=13
Layer 46 Cache Stats: Hits=626, Misses=6, HitRate=99.05%
    Predictor Routed-Expert HitRate=73.85% (48/65, routed_n=5, horizon=6)
    Predictor RoutedForcedN HitRate=73.85% (48/65)
    Predictor RoutedTopK HitRate=75.00% (78/104)
    Predicted RequestedByRouterForcedN Rate=10.26% (48/468)
    Predicted RequestedByRouterTopK Rate=16.67% (78/468)
    Predictor WindowRecall Rate=81.82% (279/341)
    Predictor WindowPrecision Rate=59.62% (279/468)
    Loads Per Step: 0Loads=75, 1Load=3, >1Load=1
    Bandwidth: StallLoads=6, PrefetchLoads=8, AvgLoadTime=6.10ms
    PrefetchOverlap: HiddenReady=5, HiddenWait=0, TicksSkipped=0
    MissCause: NotPresent=6, NotReadyStall=0
    PrefetchEff: Dropped=0, AlreadyCached=496, UsedBeforeEvict=5, EvictedBeforeUse=0
    Predictor TopK matches: 0=1 1=1 >=2=11
Layer 47 Cache Stats: Hits=627, Misses=5, HitRate=99.21%
    Predictor Routed-Expert HitRate=86.15% (56/65, routed_n=5, horizon=6)
    Predictor RoutedForcedN HitRate=86.15% (56/65)
    Predictor RoutedTopK HitRate=86.54% (90/104)
    Predicted RequestedByRouterForcedN Rate=11.97% (56/468)
    Predicted RequestedByRouterTopK Rate=19.23% (90/468)
    Predictor WindowRecall Rate=82.38% (318/386)
    Predictor WindowPrecision Rate=67.95% (318/468)
    Loads Per Step: 0Loads=74, 1Load=5, >1Load=0
    Bandwidth: StallLoads=5, PrefetchLoads=17, AvgLoadTime=4.51ms
    PrefetchOverlap: HiddenReady=15, HiddenWait=0, TicksSkipped=0
    MissCause: NotPresent=5, NotReadyStall=0
    PrefetchEff: Dropped=0, AlreadyCached=487, UsedBeforeEvict=15, EvictedBeforeUse=1
    Predictor TopK matches: 0=0 1=1 >=2=12
============================================================
[TorchScriptPredictor Layer 0] Shutdown complete
[TorchScriptPredictor Layer 1] Shutdown complete
[TorchScriptPredictor Layer 2] Shutdown complete
[TorchScriptPredictor Layer 3] Shutdown complete
[TorchScriptPredictor Layer 4] Shutdown complete
[TorchScriptPredictor Layer 5] Shutdown complete
[TorchScriptPredictor Layer 6] Shutdown complete
[TorchScriptPredictor Layer 7] Shutdown complete
[TorchScriptPredictor Layer 8] Shutdown complete
[TorchScriptPredictor Layer 9] Shutdown complete
[TorchScriptPredictor Layer 10] Shutdown complete
[TorchScriptPredictor Layer 11] Shutdown complete
[TorchScriptPredictor Layer 12] Shutdown complete
[TorchScriptPredictor Layer 13] Shutdown complete
[TorchScriptPredictor Layer 14] Shutdown complete
[TorchScriptPredictor Layer 15] Shutdown complete
[TorchScriptPredictor Layer 16] Shutdown complete
[TorchScriptPredictor Layer 17] Shutdown complete
[TorchScriptPredictor Layer 18] Shutdown complete
[TorchScriptPredictor Layer 19] Shutdown complete
[TorchScriptPredictor Layer 20] Shutdown complete
[TorchScriptPredictor Layer 21] Shutdown complete
[TorchScriptPredictor Layer 22] Shutdown complete
[TorchScriptPredictor Layer 23] Shutdown complete
[TorchScriptPredictor Layer 24] Shutdown complete
[TorchScriptPredictor Layer 25] Shutdown complete
[TorchScriptPredictor Layer 26] Shutdown complete
[TorchScriptPredictor Layer 27] Shutdown complete
[TorchScriptPredictor Layer 28] Shutdown complete
[TorchScriptPredictor Layer 29] Shutdown complete
[TorchScriptPredictor Layer 30] Shutdown complete
[TorchScriptPredictor Layer 31] Shutdown complete
[TorchScriptPredictor Layer 32] Shutdown complete
[TorchScriptPredictor Layer 33] Shutdown complete
[TorchScriptPredictor Layer 34] Shutdown complete
[TorchScriptPredictor Layer 35] Shutdown complete
[TorchScriptPredictor Layer 36] Shutdown complete
[TorchScriptPredictor Layer 37] Shutdown complete
[TorchScriptPredictor Layer 38] Shutdown complete
[TorchScriptPredictor Layer 39] Shutdown complete
[TorchScriptPredictor Layer 40] Shutdown complete
[TorchScriptPredictor Layer 41] Shutdown complete
[TorchScriptPredictor Layer 42] Shutdown complete
[TorchScriptPredictor Layer 43] Shutdown complete
[TorchScriptPredictor Layer 44] Shutdown complete
[TorchScriptPredictor Layer 45] Shutdown complete
[TorchScriptPredictor Layer 46] Shutdown complete
[TorchScriptPredictor Layer 47] Shutdown complete
============================================================
Initializing Qwen3 30B-A3B AWQ w4a16 quantized model...
============================================================
Loading quantized weights from QuixiAI/Qwen3-30B-A3B-AWQ...
Using saved safetensors: /home/michael/heteroPredict/py/unified_llm_w4a16/model_weights/Qwen3-30B-A3B-AWQ.safetensors
Expert weights dir: /home/michael/heteroPredict/py/unified_llm_w4a16/model_weights/Qwen3-30B-A3B-AWQ_packed  (format: packed)
Using existing attention weights in /home/michael/heteroPredict/py/unified_llm_w4a16/model_weights/Qwen3-30B-A3B-AWQ_unpacked
Weights loaded (expert dir override) in 0.30 seconds
Pre-warming expert cache with 64 experts...
Model initialized successfully!
Setting lambda to 1.0
Forced top-5 experts into cache mask.
Set expert cache policy to LFRU.

Running sweep using prompts from JSON: /tmp/tmpuew165p9.json
Loaded 1 prompts for sweeping.

Processing Prompt 1/1...

============================================================
Generated text only:
============================================================
 inscription for him in 813 . 

The text is a biography of Du Fu, a famous Chinese poet of the Tang dynasty. The text is divided into several sections, each describing different periods of Du Fu's life. The first section is about his early life and career, the second about his time in Chengdu, the third about his last years. The text mentions that Du Fu was
============================================================

============================================================
Sweep Complete.
Average Time per Token: 0.284827
End-to-End TPS: 3.5109
Cache Stats: Hits=29667, Misses=669, HitRate=97.79%
Predictor Stats: Hits=2411, Total=3120, HitRate=77.28%
Initializing UnifiedLLMW4A16Impl_base
Using NPU config struct.
Configuring NPU (Base):
  Heterogeneity: gpu
  GPU Count: 1
  Debug Verbosity: 1
  Dummy Weights: false
  Warmup: false
  Preload MoE: true
  Minimal PDI: true
[GPU SELECT] Free VRAM ranking: gpu0=28.00/28.00 GiB
[GPU SELECT] Selected GPUs for gpu-count=1: [0]
[GPU MAP] Single-GPU placement on gpu0
[Predictor] Layer 0 model path resolved to: /home/michael/heteroPredict/trainingData/qwen3_30b/transformer_final_pfill_markov_emb/transformer_eh4_h64_f6/layer_0/best_jit.pt
[Predictor] Running on device: CPU (NPU path) (heterogeneity="gpu", predictor_device="cpu")
[ThreadedTorchScriptPredictor Layer 0] Detected history_length=4 from /home/michael/heteroPredict/trainingData/qwen3_30b/transformer_final_pfill_markov_emb/transformer_eh4_h64_f6/layer_0/best.json
[TorchScriptPredictor Layer 0] Loading model on CPU
[TorchScriptPredictor Layer 0] Assuming prefill_dist, prev_expert_onehot, and prev_layers_feat support (v3 API).
[TorchScriptPredictor Layer 0] prefill_dist support: yes, prev_expert_onehot support: yes, prev_layers_feat support: yes
[TorchScriptPredictor Layer 0] Loaded model: /home/michael/heteroPredict/trainingData/qwen3_30b/transformer_final_pfill_markov_emb/transformer_eh4_h64_f6/layer_0/best_jit.pt
[ThreadedTorchScriptPredictor Layer 1] Detected history_length=4 from /home/michael/heteroPredict/trainingData/qwen3_30b/transformer_final_pfill_markov_emb/transformer_eh4_h64_f6/layer_1/best.json
[TorchScriptPredictor Layer 1] Loading model on CPU
[TorchScriptPredictor Layer 1] Assuming prefill_dist, prev_expert_onehot, and prev_layers_feat support (v3 API).
[TorchScriptPredictor Layer 1] prefill_dist support: yes, prev_expert_onehot support: yes, prev_layers_feat support: yes
[TorchScriptPredictor Layer 1] Loaded model: /home/michael/heteroPredict/trainingData/qwen3_30b/transformer_final_pfill_markov_emb/transformer_eh4_h64_f6/layer_1/best_jit.pt
[ThreadedTorchScriptPredictor Layer 2] Detected history_length=4 from /home/michael/heteroPredict/trainingData/qwen3_30b/transformer_final_pfill_markov_emb/transformer_eh4_h64_f6/layer_2/best.json
[TorchScriptPredictor Layer 2] Loading model on CPU
[TorchScriptPredictor Layer 2] Assuming prefill_dist, prev_expert_onehot, and prev_layers_feat support (v3 API).
[TorchScriptPredictor Layer 2] prefill_dist support: yes, prev_expert_onehot support: yes, prev_layers_feat support: yes
[TorchScriptPredictor Layer 2] Loaded model: /home/michael/heteroPredict/trainingData/qwen3_30b/transformer_final_pfill_markov_emb/transformer_eh4_h64_f6/layer_2/best_jit.pt
[ThreadedTorchScriptPredictor Layer 3] Detected history_length=4 from /home/michael/heteroPredict/trainingData/qwen3_30b/transformer_final_pfill_markov_emb/transformer_eh4_h64_f6/layer_3/best.json
[TorchScriptPredictor Layer 3] Loading model on CPU
[TorchScriptPredictor Layer 3] Assuming prefill_dist, prev_expert_onehot, and prev_layers_feat support (v3 API).
[TorchScriptPredictor Layer 3] prefill_dist support: yes, prev_expert_onehot support: yes, prev_layers_feat support: yes
[TorchScriptPredictor Layer 3] Loaded model: /home/michael/heteroPredict/trainingData/qwen3_30b/transformer_final_pfill_markov_emb/transformer_eh4_h64_f6/layer_3/best_jit.pt
[ThreadedTorchScriptPredictor Layer 4] Detected history_length=4 from /home/michael/heteroPredict/trainingData/qwen3_30b/transformer_final_pfill_markov_emb/transformer_eh4_h64_f6/layer_4/best.json
[TorchScriptPredictor Layer 4] Loading model on CPU
[TorchScriptPredictor Layer 4] Assuming prefill_dist, prev_expert_onehot, and prev_layers_feat support (v3 API).
[TorchScriptPredictor Layer 4] prefill_dist support: yes, prev_expert_onehot support: yes, prev_layers_feat support: yes
[TorchScriptPredictor Layer 4] Loaded model: /home/michael/heteroPredict/trainingData/qwen3_30b/transformer_final_pfill_markov_emb/transformer_eh4_h64_f6/layer_4/best_jit.pt
[ThreadedTorchScriptPredictor Layer 5] Detected history_length=4 from /home/michael/heteroPredict/trainingData/qwen3_30b/transformer_final_pfill_markov_emb/transformer_eh4_h64_f6/layer_5/best.json
[TorchScriptPredictor Layer 5] Loading model on CPU
[TorchScriptPredictor Layer 5] Assuming prefill_dist, prev_expert_onehot, and prev_layers_feat support (v3 API).
[TorchScriptPredictor Layer 5] prefill_dist support: yes, prev_expert_onehot support: yes, prev_layers_feat support: yes
[TorchScriptPredictor Layer 5] Loaded model: /home/michael/heteroPredict/trainingData/qwen3_30b/transformer_final_pfill_markov_emb/transformer_eh4_h64_f6/layer_5/best_jit.pt
[ThreadedTorchScriptPredictor Layer 6] Detected history_length=4 from /home/michael/heteroPredict/trainingData/qwen3_30b/transformer_final_pfill_markov_emb/transformer_eh4_h64_f6/layer_6/best.json
[TorchScriptPredictor Layer 6] Loading model on CPU
[TorchScriptPredictor Layer 6] Assuming prefill_dist, prev_expert_onehot, and prev_layers_feat support (v3 API).
[TorchScriptPredictor Layer 6] prefill_dist support: yes, prev_expert_onehot support: yes, prev_layers_feat support: yes
[TorchScriptPredictor Layer 6] Loaded model: /home/michael/heteroPredict/trainingData/qwen3_30b/transformer_final_pfill_markov_emb/transformer_eh4_h64_f6/layer_6/best_jit.pt
[ThreadedTorchScriptPredictor Layer 7] Detected history_length=4 from /home/michael/heteroPredict/trainingData/qwen3_30b/transformer_final_pfill_markov_emb/transformer_eh4_h64_f6/layer_7/best.json
[TorchScriptPredictor Layer 7] Loading model on CPU
[TorchScriptPredictor Layer 7] Assuming prefill_dist, prev_expert_onehot, and prev_layers_feat support (v3 API).
[TorchScriptPredictor Layer 7] prefill_dist support: yes, prev_expert_onehot support: yes, prev_layers_feat support: yes
[TorchScriptPredictor Layer 7] Loaded model: /home/michael/heteroPredict/trainingData/qwen3_30b/transformer_final_pfill_markov_emb/transformer_eh4_h64_f6/layer_7/best_jit.pt
[ThreadedTorchScriptPredictor Layer 8] Detected history_length=4 from /home/michael/heteroPredict/trainingData/qwen3_30b/transformer_final_pfill_markov_emb/transformer_eh4_h64_f6/layer_8/best.json
[TorchScriptPredictor Layer 8] Loading model on CPU
[TorchScriptPredictor Layer 8] Assuming prefill_dist, prev_expert_onehot, and prev_layers_feat support (v3 API).
[TorchScriptPredictor Layer 8] prefill_dist support: yes, prev_expert_onehot support: yes, prev_layers_feat support: yes
[TorchScriptPredictor Layer 8] Loaded model: /home/michael/heteroPredict/trainingData/qwen3_30b/transformer_final_pfill_markov_emb/transformer_eh4_h64_f6/layer_8/best_jit.pt
[ThreadedTorchScriptPredictor Layer 9] Detected history_length=4 from /home/michael/heteroPredict/trainingData/qwen3_30b/transformer_final_pfill_markov_emb/transformer_eh4_h64_f6/layer_9/best.json
[TorchScriptPredictor Layer 9] Loading model on CPU
[TorchScriptPredictor Layer 9] Assuming prefill_dist, prev_expert_onehot, and prev_layers_feat support (v3 API).
[TorchScriptPredictor Layer 9] prefill_dist support: yes, prev_expert_onehot support: yes, prev_layers_feat support: yes
[TorchScriptPredictor Layer 9] Loaded model: /home/michael/heteroPredict/trainingData/qwen3_30b/transformer_final_pfill_markov_emb/transformer_eh4_h64_f6/layer_9/best_jit.pt
[ThreadedTorchScriptPredictor Layer 10] Detected history_length=4 from /home/michael/heteroPredict/trainingData/qwen3_30b/transformer_final_pfill_markov_emb/transformer_eh4_h64_f6/layer_10/best.json
[TorchScriptPredictor Layer 10] Loading model on CPU
[TorchScriptPredictor Layer 10] Assuming prefill_dist, prev_expert_onehot, and prev_layers_feat support (v3 API).
[TorchScriptPredictor Layer 10] prefill_dist support: yes, prev_expert_onehot support: yes, prev_layers_feat support: yes
[TorchScriptPredictor Layer 10] Loaded model: /home/michael/heteroPredict/trainingData/qwen3_30b/transformer_final_pfill_markov_emb/transformer_eh4_h64_f6/layer_10/best_jit.pt
[ThreadedTorchScriptPredictor Layer 11] Detected history_length=4 from /home/michael/heteroPredict/trainingData/qwen3_30b/transformer_final_pfill_markov_emb/transformer_eh4_h64_f6/layer_11/best.json
[TorchScriptPredictor Layer 11] Loading model on CPU
[TorchScriptPredictor Layer 11] Assuming prefill_dist, prev_expert_onehot, and prev_layers_feat support (v3 API).
[TorchScriptPredictor Layer 11] prefill_dist support: yes, prev_expert_onehot support: yes, prev_layers_feat support: yes
[TorchScriptPredictor Layer 11] Loaded model: /home/michael/heteroPredict/trainingData/qwen3_30b/transformer_final_pfill_markov_emb/transformer_eh4_h64_f6/layer_11/best_jit.pt
[ThreadedTorchScriptPredictor Layer 12] Detected history_length=4 from /home/michael/heteroPredict/trainingData/qwen3_30b/transformer_final_pfill_markov_emb/transformer_eh4_h64_f6/layer_12/best.json
[TorchScriptPredictor Layer 12] Loading model on CPU
[TorchScriptPredictor Layer 12] Assuming prefill_dist, prev_expert_onehot, and prev_layers_feat support (v3 API).
[TorchScriptPredictor Layer 12] prefill_dist support: yes, prev_expert_onehot support: yes, prev_layers_feat support: yes
[TorchScriptPredictor Layer 12] Loaded model: /home/michael/heteroPredict/trainingData/qwen3_30b/transformer_final_pfill_markov_emb/transformer_eh4_h64_f6/layer_12/best_jit.pt
[ThreadedTorchScriptPredictor Layer 13] Detected history_length=4 from /home/michael/heteroPredict/trainingData/qwen3_30b/transformer_final_pfill_markov_emb/transformer_eh4_h64_f6/layer_13/best.json
[TorchScriptPredictor Layer 13] Loading model on CPU
[TorchScriptPredictor Layer 13] Assuming prefill_dist, prev_expert_onehot, and prev_layers_feat support (v3 API).
[TorchScriptPredictor Layer 13] prefill_dist support: yes, prev_expert_onehot support: yes, prev_layers_feat support: yes
[TorchScriptPredictor Layer 13] Loaded model: /home/michael/heteroPredict/trainingData/qwen3_30b/transformer_final_pfill_markov_emb/transformer_eh4_h64_f6/layer_13/best_jit.pt
[ThreadedTorchScriptPredictor Layer 14] Detected history_length=4 from /home/michael/heteroPredict/trainingData/qwen3_30b/transformer_final_pfill_markov_emb/transformer_eh4_h64_f6/layer_14/best.json
[TorchScriptPredictor Layer 14] Loading model on CPU
[TorchScriptPredictor Layer 14] Assuming prefill_dist, prev_expert_onehot, and prev_layers_feat support (v3 API).
[TorchScriptPredictor Layer 14] prefill_dist support: yes, prev_expert_onehot support: yes, prev_layers_feat support: yes
[TorchScriptPredictor Layer 14] Loaded model: /home/michael/heteroPredict/trainingData/qwen3_30b/transformer_final_pfill_markov_emb/transformer_eh4_h64_f6/layer_14/best_jit.pt
[ThreadedTorchScriptPredictor Layer 15] Detected history_length=4 from /home/michael/heteroPredict/trainingData/qwen3_30b/transformer_final_pfill_markov_emb/transformer_eh4_h64_f6/layer_15/best.json
[TorchScriptPredictor Layer 15] Loading model on CPU
[TorchScriptPredictor Layer 15] Assuming prefill_dist, prev_expert_onehot, and prev_layers_feat support (v3 API).
[TorchScriptPredictor Layer 15] prefill_dist support: yes, prev_expert_onehot support: yes, prev_layers_feat support: yes
[TorchScriptPredictor Layer 15] Loaded model: /home/michael/heteroPredict/trainingData/qwen3_30b/transformer_final_pfill_markov_emb/transformer_eh4_h64_f6/layer_15/best_jit.pt
[ThreadedTorchScriptPredictor Layer 16] Detected history_length=4 from /home/michael/heteroPredict/trainingData/qwen3_30b/transformer_final_pfill_markov_emb/transformer_eh4_h64_f6/layer_16/best.json
[TorchScriptPredictor Layer 16] Loading model on CPU
[TorchScriptPredictor Layer 16] Assuming prefill_dist, prev_expert_onehot, and prev_layers_feat support (v3 API).
[TorchScriptPredictor Layer 16] prefill_dist support: yes, prev_expert_onehot support: yes, prev_layers_feat support: yes
[TorchScriptPredictor Layer 16] Loaded model: /home/michael/heteroPredict/trainingData/qwen3_30b/transformer_final_pfill_markov_emb/transformer_eh4_h64_f6/layer_16/best_jit.pt
[ThreadedTorchScriptPredictor Layer 17] Detected history_length=4 from /home/michael/heteroPredict/trainingData/qwen3_30b/transformer_final_pfill_markov_emb/transformer_eh4_h64_f6/layer_17/best.json
[TorchScriptPredictor Layer 17] Loading model on CPU
[TorchScriptPredictor Layer 17] Assuming prefill_dist, prev_expert_onehot, and prev_layers_feat support (v3 API).
[TorchScriptPredictor Layer 17] prefill_dist support: yes, prev_expert_onehot support: yes, prev_layers_feat support: yes
[TorchScriptPredictor Layer 17] Loaded model: /home/michael/heteroPredict/trainingData/qwen3_30b/transformer_final_pfill_markov_emb/transformer_eh4_h64_f6/layer_17/best_jit.pt
[ThreadedTorchScriptPredictor Layer 18] Detected history_length=4 from /home/michael/heteroPredict/trainingData/qwen3_30b/transformer_final_pfill_markov_emb/transformer_eh4_h64_f6/layer_18/best.json
[TorchScriptPredictor Layer 18] Loading model on CPU
[TorchScriptPredictor Layer 18] Assuming prefill_dist, prev_expert_onehot, and prev_layers_feat support (v3 API).
[TorchScriptPredictor Layer 18] prefill_dist support: yes, prev_expert_onehot support: yes, prev_layers_feat support: yes
[TorchScriptPredictor Layer 18] Loaded model: /home/michael/heteroPredict/trainingData/qwen3_30b/transformer_final_pfill_markov_emb/transformer_eh4_h64_f6/layer_18/best_jit.pt
[ThreadedTorchScriptPredictor Layer 19] Detected history_length=4 from /home/michael/heteroPredict/trainingData/qwen3_30b/transformer_final_pfill_markov_emb/transformer_eh4_h64_f6/layer_19/best.json
[TorchScriptPredictor Layer 19] Loading model on CPU
[TorchScriptPredictor Layer 19] Assuming prefill_dist, prev_expert_onehot, and prev_layers_feat support (v3 API).
[TorchScriptPredictor Layer 19] prefill_dist support: yes, prev_expert_onehot support: yes, prev_layers_feat support: yes
[TorchScriptPredictor Layer 19] Loaded model: /home/michael/heteroPredict/trainingData/qwen3_30b/transformer_final_pfill_markov_emb/transformer_eh4_h64_f6/layer_19/best_jit.pt
[ThreadedTorchScriptPredictor Layer 20] Detected history_length=4 from /home/michael/heteroPredict/trainingData/qwen3_30b/transformer_final_pfill_markov_emb/transformer_eh4_h64_f6/layer_20/best.json
[TorchScriptPredictor Layer 20] Loading model on CPU
[TorchScriptPredictor Layer 20] Assuming prefill_dist, prev_expert_onehot, and prev_layers_feat support (v3 API).
[TorchScriptPredictor Layer 20] prefill_dist support: yes, prev_expert_onehot support: yes, prev_layers_feat support: yes
[TorchScriptPredictor Layer 20] Loaded model: /home/michael/heteroPredict/trainingData/qwen3_30b/transformer_final_pfill_markov_emb/transformer_eh4_h64_f6/layer_20/best_jit.pt
[ThreadedTorchScriptPredictor Layer 21] Detected history_length=4 from /home/michael/heteroPredict/trainingData/qwen3_30b/transformer_final_pfill_markov_emb/transformer_eh4_h64_f6/layer_21/best.json
[TorchScriptPredictor Layer 21] Loading model on CPU
[TorchScriptPredictor Layer 21] Assuming prefill_dist, prev_expert_onehot, and prev_layers_feat support (v3 API).
[TorchScriptPredictor Layer 21] prefill_dist support: yes, prev_expert_onehot support: yes, prev_layers_feat support: yes
[TorchScriptPredictor Layer 21] Loaded model: /home/michael/heteroPredict/trainingData/qwen3_30b/transformer_final_pfill_markov_emb/transformer_eh4_h64_f6/layer_21/best_jit.pt
[ThreadedTorchScriptPredictor Layer 22] Detected history_length=4 from /home/michael/heteroPredict/trainingData/qwen3_30b/transformer_final_pfill_markov_emb/transformer_eh4_h64_f6/layer_22/best.json
[TorchScriptPredictor Layer 22] Loading model on CPU
[TorchScriptPredictor Layer 22] Assuming prefill_dist, prev_expert_onehot, and prev_layers_feat support (v3 API).
[TorchScriptPredictor Layer 22] prefill_dist support: yes, prev_expert_onehot support: yes, prev_layers_feat support: yes
[TorchScriptPredictor Layer 22] Loaded model: /home/michael/heteroPredict/trainingData/qwen3_30b/transformer_final_pfill_markov_emb/transformer_eh4_h64_f6/layer_22/best_jit.pt
[ThreadedTorchScriptPredictor Layer 23] Detected history_length=4 from /home/michael/heteroPredict/trainingData/qwen3_30b/transformer_final_pfill_markov_emb/transformer_eh4_h64_f6/layer_23/best.json
[TorchScriptPredictor Layer 23] Loading model on CPU
[TorchScriptPredictor Layer 23] Assuming prefill_dist, prev_expert_onehot, and prev_layers_feat support (v3 API).
[TorchScriptPredictor Layer 23] prefill_dist support: yes, prev_expert_onehot support: yes, prev_layers_feat support: yes
[TorchScriptPredictor Layer 23] Loaded model: /home/michael/heteroPredict/trainingData/qwen3_30b/transformer_final_pfill_markov_emb/transformer_eh4_h64_f6/layer_23/best_jit.pt
[ThreadedTorchScriptPredictor Layer 24] Detected history_length=4 from /home/michael/heteroPredict/trainingData/qwen3_30b/transformer_final_pfill_markov_emb/transformer_eh4_h64_f6/layer_24/best.json
[TorchScriptPredictor Layer 24] Loading model on CPU
[TorchScriptPredictor Layer 24] Assuming prefill_dist, prev_expert_onehot, and prev_layers_feat support (v3 API).
[TorchScriptPredictor Layer 24] prefill_dist support: yes, prev_expert_onehot support: yes, prev_layers_feat support: yes
[TorchScriptPredictor Layer 24] Loaded model: /home/michael/heteroPredict/trainingData/qwen3_30b/transformer_final_pfill_markov_emb/transformer_eh4_h64_f6/layer_24/best_jit.pt
[ThreadedTorchScriptPredictor Layer 25] Detected history_length=4 from /home/michael/heteroPredict/trainingData/qwen3_30b/transformer_final_pfill_markov_emb/transformer_eh4_h64_f6/layer_25/best.json
[TorchScriptPredictor Layer 25] Loading model on CPU
[TorchScriptPredictor Layer 25] Assuming prefill_dist, prev_expert_onehot, and prev_layers_feat support (v3 API).
[TorchScriptPredictor Layer 25] prefill_dist support: yes, prev_expert_onehot support: yes, prev_layers_feat support: yes
[TorchScriptPredictor Layer 25] Loaded model: /home/michael/heteroPredict/trainingData/qwen3_30b/transformer_final_pfill_markov_emb/transformer_eh4_h64_f6/layer_25/best_jit.pt
[ThreadedTorchScriptPredictor Layer 26] Detected history_length=4 from /home/michael/heteroPredict/trainingData/qwen3_30b/transformer_final_pfill_markov_emb/transformer_eh4_h64_f6/layer_26/best.json
[TorchScriptPredictor Layer 26] Loading model on CPU
[TorchScriptPredictor Layer 26] Assuming prefill_dist, prev_expert_onehot, and prev_layers_feat support (v3 API).
[TorchScriptPredictor Layer 26] prefill_dist support: yes, prev_expert_onehot support: yes, prev_layers_feat support: yes
[TorchScriptPredictor Layer 26] Loaded model: /home/michael/heteroPredict/trainingData/qwen3_30b/transformer_final_pfill_markov_emb/transformer_eh4_h64_f6/layer_26/best_jit.pt
[ThreadedTorchScriptPredictor Layer 27] Detected history_length=4 from /home/michael/heteroPredict/trainingData/qwen3_30b/transformer_final_pfill_markov_emb/transformer_eh4_h64_f6/layer_27/best.json
[TorchScriptPredictor Layer 27] Loading model on CPU
[TorchScriptPredictor Layer 27] Assuming prefill_dist, prev_expert_onehot, and prev_layers_feat support (v3 API).
[TorchScriptPredictor Layer 27] prefill_dist support: yes, prev_expert_onehot support: yes, prev_layers_feat support: yes
[TorchScriptPredictor Layer 27] Loaded model: /home/michael/heteroPredict/trainingData/qwen3_30b/transformer_final_pfill_markov_emb/transformer_eh4_h64_f6/layer_27/best_jit.pt
[ThreadedTorchScriptPredictor Layer 28] Detected history_length=4 from /home/michael/heteroPredict/trainingData/qwen3_30b/transformer_final_pfill_markov_emb/transformer_eh4_h64_f6/layer_28/best.json
[TorchScriptPredictor Layer 28] Loading model on CPU
[TorchScriptPredictor Layer 28] Assuming prefill_dist, prev_expert_onehot, and prev_layers_feat support (v3 API).
[TorchScriptPredictor Layer 28] prefill_dist support: yes, prev_expert_onehot support: yes, prev_layers_feat support: yes
[TorchScriptPredictor Layer 28] Loaded model: /home/michael/heteroPredict/trainingData/qwen3_30b/transformer_final_pfill_markov_emb/transformer_eh4_h64_f6/layer_28/best_jit.pt
[ThreadedTorchScriptPredictor Layer 29] Detected history_length=4 from /home/michael/heteroPredict/trainingData/qwen3_30b/transformer_final_pfill_markov_emb/transformer_eh4_h64_f6/layer_29/best.json
[TorchScriptPredictor Layer 29] Loading model on CPU
[TorchScriptPredictor Layer 29] Assuming prefill_dist, prev_expert_onehot, and prev_layers_feat support (v3 API).
[TorchScriptPredictor Layer 29] prefill_dist support: yes, prev_expert_onehot support: yes, prev_layers_feat support: yes
[TorchScriptPredictor Layer 29] Loaded model: /home/michael/heteroPredict/trainingData/qwen3_30b/transformer_final_pfill_markov_emb/transformer_eh4_h64_f6/layer_29/best_jit.pt
[ThreadedTorchScriptPredictor Layer 30] Detected history_length=4 from /home/michael/heteroPredict/trainingData/qwen3_30b/transformer_final_pfill_markov_emb/transformer_eh4_h64_f6/layer_30/best.json
[TorchScriptPredictor Layer 30] Loading model on CPU
[TorchScriptPredictor Layer 30] Assuming prefill_dist, prev_expert_onehot, and prev_layers_feat support (v3 API).
[TorchScriptPredictor Layer 30] prefill_dist support: yes, prev_expert_onehot support: yes, prev_layers_feat support: yes
[TorchScriptPredictor Layer 30] Loaded model: /home/michael/heteroPredict/trainingData/qwen3_30b/transformer_final_pfill_markov_emb/transformer_eh4_h64_f6/layer_30/best_jit.pt
[ThreadedTorchScriptPredictor Layer 31] Detected history_length=4 from /home/michael/heteroPredict/trainingData/qwen3_30b/transformer_final_pfill_markov_emb/transformer_eh4_h64_f6/layer_31/best.json
[TorchScriptPredictor Layer 31] Loading model on CPU
[TorchScriptPredictor Layer 31] Assuming prefill_dist, prev_expert_onehot, and prev_layers_feat support (v3 API).
[TorchScriptPredictor Layer 31] prefill_dist support: yes, prev_expert_onehot support: yes, prev_layers_feat support: yes
[TorchScriptPredictor Layer 31] Loaded model: /home/michael/heteroPredict/trainingData/qwen3_30b/transformer_final_pfill_markov_emb/transformer_eh4_h64_f6/layer_31/best_jit.pt
[ThreadedTorchScriptPredictor Layer 32] Detected history_length=4 from /home/michael/heteroPredict/trainingData/qwen3_30b/transformer_final_pfill_markov_emb/transformer_eh4_h64_f6/layer_32/best.json
[TorchScriptPredictor Layer 32] Loading model on CPU
[TorchScriptPredictor Layer 32] Assuming prefill_dist, prev_expert_onehot, and prev_layers_feat support (v3 API).
[TorchScriptPredictor Layer 32] prefill_dist support: yes, prev_expert_onehot support: yes, prev_layers_feat support: yes
[TorchScriptPredictor Layer 32] Loaded model: /home/michael/heteroPredict/trainingData/qwen3_30b/transformer_final_pfill_markov_emb/transformer_eh4_h64_f6/layer_32/best_jit.pt
[ThreadedTorchScriptPredictor Layer 33] Detected history_length=4 from /home/michael/heteroPredict/trainingData/qwen3_30b/transformer_final_pfill_markov_emb/transformer_eh4_h64_f6/layer_33/best.json
[TorchScriptPredictor Layer 33] Loading model on CPU
[TorchScriptPredictor Layer 33] Assuming prefill_dist, prev_expert_onehot, and prev_layers_feat support (v3 API).
[TorchScriptPredictor Layer 33] prefill_dist support: yes, prev_expert_onehot support: yes, prev_layers_feat support: yes
[TorchScriptPredictor Layer 33] Loaded model: /home/michael/heteroPredict/trainingData/qwen3_30b/transformer_final_pfill_markov_emb/transformer_eh4_h64_f6/layer_33/best_jit.pt
[ThreadedTorchScriptPredictor Layer 34] Detected history_length=4 from /home/michael/heteroPredict/trainingData/qwen3_30b/transformer_final_pfill_markov_emb/transformer_eh4_h64_f6/layer_34/best.json
[TorchScriptPredictor Layer 34] Loading model on CPU
[TorchScriptPredictor Layer 34] Assuming prefill_dist, prev_expert_onehot, and prev_layers_feat support (v3 API).
[TorchScriptPredictor Layer 34] prefill_dist support: yes, prev_expert_onehot support: yes, prev_layers_feat support: yes
[TorchScriptPredictor Layer 34] Loaded model: /home/michael/heteroPredict/trainingData/qwen3_30b/transformer_final_pfill_markov_emb/transformer_eh4_h64_f6/layer_34/best_jit.pt
[ThreadedTorchScriptPredictor Layer 35] Detected history_length=4 from /home/michael/heteroPredict/trainingData/qwen3_30b/transformer_final_pfill_markov_emb/transformer_eh4_h64_f6/layer_35/best.json
[TorchScriptPredictor Layer 35] Loading model on CPU
[TorchScriptPredictor Layer 35] Assuming prefill_dist, prev_expert_onehot, and prev_layers_feat support (v3 API).
[TorchScriptPredictor Layer 35] prefill_dist support: yes, prev_expert_onehot support: yes, prev_layers_feat support: yes
[TorchScriptPredictor Layer 35] Loaded model: /home/michael/heteroPredict/trainingData/qwen3_30b/transformer_final_pfill_markov_emb/transformer_eh4_h64_f6/layer_35/best_jit.pt
[ThreadedTorchScriptPredictor Layer 36] Detected history_length=4 from /home/michael/heteroPredict/trainingData/qwen3_30b/transformer_final_pfill_markov_emb/transformer_eh4_h64_f6/layer_36/best.json
[TorchScriptPredictor Layer 36] Loading model on CPU
[TorchScriptPredictor Layer 36] Assuming prefill_dist, prev_expert_onehot, and prev_layers_feat support (v3 API).
[TorchScriptPredictor Layer 36] prefill_dist support: yes, prev_expert_onehot support: yes, prev_layers_feat support: yes
[TorchScriptPredictor Layer 36] Loaded model: /home/michael/heteroPredict/trainingData/qwen3_30b/transformer_final_pfill_markov_emb/transformer_eh4_h64_f6/layer_36/best_jit.pt
[ThreadedTorchScriptPredictor Layer 37] Detected history_length=4 from /home/michael/heteroPredict/trainingData/qwen3_30b/transformer_final_pfill_markov_emb/transformer_eh4_h64_f6/layer_37/best.json
[TorchScriptPredictor Layer 37] Loading model on CPU
[TorchScriptPredictor Layer 37] Assuming prefill_dist, prev_expert_onehot, and prev_layers_feat support (v3 API).
[TorchScriptPredictor Layer 37] prefill_dist support: yes, prev_expert_onehot support: yes, prev_layers_feat support: yes
[TorchScriptPredictor Layer 37] Loaded model: /home/michael/heteroPredict/trainingData/qwen3_30b/transformer_final_pfill_markov_emb/transformer_eh4_h64_f6/layer_37/best_jit.pt
[ThreadedTorchScriptPredictor Layer 38] Detected history_length=4 from /home/michael/heteroPredict/trainingData/qwen3_30b/transformer_final_pfill_markov_emb/transformer_eh4_h64_f6/layer_38/best.json
[TorchScriptPredictor Layer 38] Loading model on CPU
[TorchScriptPredictor Layer 38] Assuming prefill_dist, prev_expert_onehot, and prev_layers_feat support (v3 API).
[TorchScriptPredictor Layer 38] prefill_dist support: yes, prev_expert_onehot support: yes, prev_layers_feat support: yes
[TorchScriptPredictor Layer 38] Loaded model: /home/michael/heteroPredict/trainingData/qwen3_30b/transformer_final_pfill_markov_emb/transformer_eh4_h64_f6/layer_38/best_jit.pt
[ThreadedTorchScriptPredictor Layer 39] Detected history_length=4 from /home/michael/heteroPredict/trainingData/qwen3_30b/transformer_final_pfill_markov_emb/transformer_eh4_h64_f6/layer_39/best.json
[TorchScriptPredictor Layer 39] Loading model on CPU
[TorchScriptPredictor Layer 39] Assuming prefill_dist, prev_expert_onehot, and prev_layers_feat support (v3 API).
[TorchScriptPredictor Layer 39] prefill_dist support: yes, prev_expert_onehot support: yes, prev_layers_feat support: yes
[TorchScriptPredictor Layer 39] Loaded model: /home/michael/heteroPredict/trainingData/qwen3_30b/transformer_final_pfill_markov_emb/transformer_eh4_h64_f6/layer_39/best_jit.pt
[ThreadedTorchScriptPredictor Layer 40] Detected history_length=4 from /home/michael/heteroPredict/trainingData/qwen3_30b/transformer_final_pfill_markov_emb/transformer_eh4_h64_f6/layer_40/best.json
[TorchScriptPredictor Layer 40] Loading model on CPU
[TorchScriptPredictor Layer 40] Assuming prefill_dist, prev_expert_onehot, and prev_layers_feat support (v3 API).
[TorchScriptPredictor Layer 40] prefill_dist support: yes, prev_expert_onehot support: yes, prev_layers_feat support: yes
[TorchScriptPredictor Layer 40] Loaded model: /home/michael/heteroPredict/trainingData/qwen3_30b/transformer_final_pfill_markov_emb/transformer_eh4_h64_f6/layer_40/best_jit.pt
[ThreadedTorchScriptPredictor Layer 41] Detected history_length=4 from /home/michael/heteroPredict/trainingData/qwen3_30b/transformer_final_pfill_markov_emb/transformer_eh4_h64_f6/layer_41/best.json
[TorchScriptPredictor Layer 41] Loading model on CPU
[TorchScriptPredictor Layer 41] Assuming prefill_dist, prev_expert_onehot, and prev_layers_feat support (v3 API).
[TorchScriptPredictor Layer 41] prefill_dist support: yes, prev_expert_onehot support: yes, prev_layers_feat support: yes
[TorchScriptPredictor Layer 41] Loaded model: /home/michael/heteroPredict/trainingData/qwen3_30b/transformer_final_pfill_markov_emb/transformer_eh4_h64_f6/layer_41/best_jit.pt
[ThreadedTorchScriptPredictor Layer 42] Detected history_length=4 from /home/michael/heteroPredict/trainingData/qwen3_30b/transformer_final_pfill_markov_emb/transformer_eh4_h64_f6/layer_42/best.json
[TorchScriptPredictor Layer 42] Loading model on CPU
[TorchScriptPredictor Layer 42] Assuming prefill_dist, prev_expert_onehot, and prev_layers_feat support (v3 API).
[TorchScriptPredictor Layer 42] prefill_dist support: yes, prev_expert_onehot support: yes, prev_layers_feat support: yes
[TorchScriptPredictor Layer 42] Loaded model: /home/michael/heteroPredict/trainingData/qwen3_30b/transformer_final_pfill_markov_emb/transformer_eh4_h64_f6/layer_42/best_jit.pt
[ThreadedTorchScriptPredictor Layer 43] Detected history_length=4 from /home/michael/heteroPredict/trainingData/qwen3_30b/transformer_final_pfill_markov_emb/transformer_eh4_h64_f6/layer_43/best.json
[TorchScriptPredictor Layer 43] Loading model on CPU
[TorchScriptPredictor Layer 43] Assuming prefill_dist, prev_expert_onehot, and prev_layers_feat support (v3 API).
[TorchScriptPredictor Layer 43] prefill_dist support: yes, prev_expert_onehot support: yes, prev_layers_feat support: yes
[TorchScriptPredictor Layer 43] Loaded model: /home/michael/heteroPredict/trainingData/qwen3_30b/transformer_final_pfill_markov_emb/transformer_eh4_h64_f6/layer_43/best_jit.pt
[ThreadedTorchScriptPredictor Layer 44] Detected history_length=4 from /home/michael/heteroPredict/trainingData/qwen3_30b/transformer_final_pfill_markov_emb/transformer_eh4_h64_f6/layer_44/best.json
[TorchScriptPredictor Layer 44] Loading model on CPU
[TorchScriptPredictor Layer 44] Assuming prefill_dist, prev_expert_onehot, and prev_layers_feat support (v3 API).
[TorchScriptPredictor Layer 44] prefill_dist support: yes, prev_expert_onehot support: yes, prev_layers_feat support: yes
[TorchScriptPredictor Layer 44] Loaded model: /home/michael/heteroPredict/trainingData/qwen3_30b/transformer_final_pfill_markov_emb/transformer_eh4_h64_f6/layer_44/best_jit.pt
[ThreadedTorchScriptPredictor Layer 45] Detected history_length=4 from /home/michael/heteroPredict/trainingData/qwen3_30b/transformer_final_pfill_markov_emb/transformer_eh4_h64_f6/layer_45/best.json
[TorchScriptPredictor Layer 45] Loading model on CPU
[TorchScriptPredictor Layer 45] Assuming prefill_dist, prev_expert_onehot, and prev_layers_feat support (v3 API).
[TorchScriptPredictor Layer 45] prefill_dist support: yes, prev_expert_onehot support: yes, prev_layers_feat support: yes
[TorchScriptPredictor Layer 45] Loaded model: /home/michael/heteroPredict/trainingData/qwen3_30b/transformer_final_pfill_markov_emb/transformer_eh4_h64_f6/layer_45/best_jit.pt
[ThreadedTorchScriptPredictor Layer 46] Detected history_length=4 from /home/michael/heteroPredict/trainingData/qwen3_30b/transformer_final_pfill_markov_emb/transformer_eh4_h64_f6/layer_46/best.json
[TorchScriptPredictor Layer 46] Loading model on CPU
[TorchScriptPredictor Layer 46] Assuming prefill_dist, prev_expert_onehot, and prev_layers_feat support (v3 API).
[TorchScriptPredictor Layer 46] prefill_dist support: yes, prev_expert_onehot support: yes, prev_layers_feat support: yes
[TorchScriptPredictor Layer 46] Loaded model: /home/michael/heteroPredict/trainingData/qwen3_30b/transformer_final_pfill_markov_emb/transformer_eh4_h64_f6/layer_46/best_jit.pt
[ThreadedTorchScriptPredictor Layer 47] Detected history_length=4 from /home/michael/heteroPredict/trainingData/qwen3_30b/transformer_final_pfill_markov_emb/transformer_eh4_h64_f6/layer_47/best.json
[TorchScriptPredictor Layer 47] Loading model on CPU
[TorchScriptPredictor Layer 47] Assuming prefill_dist, prev_expert_onehot, and prev_layers_feat support (v3 API).
[TorchScriptPredictor Layer 47] prefill_dist support: yes, prev_expert_onehot support: yes, prev_layers_feat support: yes
[TorchScriptPredictor Layer 47] Loaded model: /home/michael/heteroPredict/trainingData/qwen3_30b/transformer_final_pfill_markov_emb/transformer_eh4_h64_f6/layer_47/best_jit.pt
UnifiedLLMW4A16 moved to device: cuda:0
Preloading MoE kernels...
MoE kernels preloaded.
UnifiedLLMW4A16 initialized on device: cuda:0 with w4a16 quantization
[Predictor] Lookahead stride set to 6 (predictor fires every 6 decode tokens)
Loading non-quantized weights from safetensors (mmap): /home/michael/heteroPredict/py/unified_llm_w4a16/model_weights/Qwen3-30B-A3B-AWQ.safetensors
Loaded 243 non-quantized parameters, skipped 0
Loading quantized weights from bins: /home/michael/heteroPredict/py/unified_llm_w4a16/model_weights/Qwen3-30B-A3B-AWQ_unpacked
  Expert weights dir override: /home/michael/heteroPredict/py/unified_llm_w4a16/model_weights/Qwen3-30B-A3B-AWQ_packed
Pre-warming 64 experts for all layers...
Layer 0: Pre-warming 64 experts.
Layer 0: using packed expert format.
[MoE I/O] Expert weight reads require O_DIRECT (no buffered fallback).
Layer 1: Pre-warming 64 experts.
Layer 1: using packed expert format.
Layer 2: Pre-warming 64 experts.
Layer 2: using packed expert format.
Layer 3: Pre-warming 64 experts.
Layer 3: using packed expert format.
Prewarmed experts for layer 4/48
Layer 4: Pre-warming 64 experts.
Layer 4: using packed expert format.
Layer 5: Pre-warming 64 experts.
Layer 5: using packed expert format.
Layer 6: Pre-warming 64 experts.
Layer 6: using packed expert format.
Layer 7: Pre-warming 64 experts.
Layer 7: using packed expert format.
Prewarmed experts for layer 8/48
Layer 8: Pre-warming 64 experts.
Layer 8: using packed expert format.
Layer 9: Pre-warming 64 experts.
Layer 9: using packed expert format.
Layer 10: Pre-warming 64 experts.
Layer 10: using packed expert format.
Layer 11: Pre-warming 64 experts.
Layer 11: using packed expert format.
Prewarmed experts for layer 12/48
Layer 12: Pre-warming 64 experts.
Layer 12: using packed expert format.
Layer 13: Pre-warming 64 experts.
Layer 13: using packed expert format.
Layer 14: Pre-warming 64 experts.
Layer 14: using packed expert format.
Layer 15: Pre-warming 64 experts.
Layer 15: using packed expert format.
Prewarmed experts for layer 16/48
Layer 16: Pre-warming 64 experts.
Layer 16: using packed expert format.
Layer 17: Pre-warming 64 experts.
Layer 17: using packed expert format.
Layer 18: Pre-warming 64 experts.
Layer 18: using packed expert format.
Layer 19: Pre-warming 64 experts.
Layer 19: using packed expert format.
Prewarmed experts for layer 20/48
Layer 20: Pre-warming 64 experts.
Layer 20: using packed expert format.
Layer 21: Pre-warming 64 experts.
Layer 21: using packed expert format.
Layer 22: Pre-warming 64 experts.
Layer 22: using packed expert format.
Layer 23: Pre-warming 64 experts.
Layer 23: using packed expert format.
Prewarmed experts for layer 24/48
Layer 24: Pre-warming 64 experts.
Layer 24: using packed expert format.
Layer 25: Pre-warming 64 experts.
Layer 25: using packed expert format.
Layer 26: Pre-warming 64 experts.
Layer 26: using packed expert format.
Layer 27: Pre-warming 64 experts.
Layer 27: using packed expert format.
Prewarmed experts for layer 28/48
Layer 28: Pre-warming 64 experts.
Layer 28: using packed expert format.
Layer 29: Pre-warming 64 experts.
Layer 29: using packed expert format.
Layer 30: Pre-warming 64 experts.
Layer 30: using packed expert format.
Layer 31: Pre-warming 64 experts.
Layer 31: using packed expert format.
Prewarmed experts for layer 32/48
Layer 32: Pre-warming 64 experts.
Layer 32: using packed expert format.
Layer 33: Pre-warming 64 experts.
Layer 33: using packed expert format.
Layer 34: Pre-warming 64 experts.
Layer 34: using packed expert format.
Layer 35: Pre-warming 64 experts.
Layer 35: using packed expert format.
Prewarmed experts for layer 36/48
Layer 36: Pre-warming 64 experts.
Layer 36: using packed expert format.
Layer 37: Pre-warming 64 experts.
Layer 37: using packed expert format.
Layer 38: Pre-warming 64 experts.
Layer 38: using packed expert format.
Layer 39: Pre-warming 64 experts.
Layer 39: using packed expert format.
Prewarmed experts for layer 40/48
Layer 40: Pre-warming 64 experts.
Layer 40: using packed expert format.
Layer 41: Pre-warming 64 experts.
Layer 41: using packed expert format.
Layer 42: Pre-warming 64 experts.
Layer 42: using packed expert format.
Layer 43: Pre-warming 64 experts.
Layer 43: using packed expert format.
Prewarmed experts for layer 44/48
Layer 44: Pre-warming 64 experts.
Layer 44: using packed expert format.
Layer 45: Pre-warming 64 experts.
Layer 45: using packed expert format.
Layer 46: Pre-warming 64 experts.
Layer 46: using packed expert format.
Layer 47: Pre-warming 64 experts.
Layer 47: using packed expert format.
Prewarmed experts for layer 48/48
Libtorch input_ids shape: [1, 512]
Skipping warmup.
Prefill time: 13.4855 seconds
[Predictor] Prefill-end expert cache warmup (excluded from generation TPS).
[Layer 0 Warmup Debug] predict_sync returned: 28 51 77 81 120 118 67 106 62 112 31 69 24 93 61 101 0 107 126 87 103 14 68 74 124 64 57 105 12 110 47 53 41 91 29 63 17 21 3 11 86 23 22 111 83 116 34 72 70 80 50 122 84 46 125 73 66 100 65 43 82 40 7 18 98 71 2 27 30 97 13 104 16 92 9 44 48 49 127 33 89 119 95 102 19 79 26 38 90 35 76 5 117 32 123 54 52 45 36 58 109 115 1 85 75 42 114 25 15 8 59 60 121 39 96 94 10 4 55 20 88 99 113 108 78 6 56 37 
[Layer 0 Warmup Debug] experts_to_prefetch returned: 28 51 77 81 120 118 67 106 62 112 31 69 24 93 61 101 0 107 126 87 103 14 68 74 124 64 57 105 12 110 47 53 41 91 29 63 
[Layer 0 Warmup Debug] After prefill-end warmup, slots are: 64 28 51 67 68 69 31 24 0 14 74 57 12 77 47 53 81 41 29 84 85 86 87 88 89 90 91 92 93 95 97 98 99 100 101 102 103 104 105 106 107 108 109 110 111 112 113 114 115 116 117 118 119 120 121 122 123 124 125 126 127 61 62 63 
Generation phase
[Layer 0 Step 0 Debug] Slots before check: 64 28 51 67 68 69 31 24 0 14 74 57 12 77 47 53 81 41 29 84 85 86 87 88 89 90 91 92 93 95 97 98 99 100 101 102 103 104 105 106 107 108 109 110 111 112 113 114 115 116 117 118 119 120 121 122 123 124 125 126 127 61 62 63 
[Layer 0 Step 0 Debug] Requested: 68 107 0 81 31 92 69 51 
[gen 5/79] elapsed=0.6s  TPS=8.736
[gen 10/79] elapsed=1.2s  TPS=8.098
[gen 15/79] elapsed=1.8s  TPS=8.379
[gen 20/79] elapsed=2.3s  TPS=8.624
[gen 25/79] elapsed=2.8s  TPS=8.931
[gen 30/79] elapsed=3.2s  TPS=9.443
[gen 35/79] elapsed=3.8s  TPS=9.309
[gen 40/79] elapsed=4.3s  TPS=9.198
[gen 45/79] elapsed=4.7s  TPS=9.519
[gen 50/79] elapsed=5.2s  TPS=9.648
[gen 55/79] elapsed=5.6s  TPS=9.838
[gen 60/79] elapsed=6.1s  TPS=9.888
[gen 65/79] elapsed=6.5s  TPS=10.025
[gen 70/79] elapsed=6.9s  TPS=10.178
[gen 75/79] elapsed=7.3s  TPS=10.319
Prefill time (summary): 13.485 seconds
Total Generation Time: 7.589 seconds
Average Time per Token: 0.0960605 seconds

Expert Cache Statistics:
Layer 0 Cache Stats: Hits=539, Misses=93, HitRate=85.28%
    Predictor Routed-Expert HitRate=66.15% (43/65, routed_n=5, horizon=6)
    Predictor RoutedForcedN HitRate=66.15% (43/65)
    Predictor RoutedTopK HitRate=64.42% (67/104)
    Predicted RequestedByRouterForcedN Rate=9.19% (43/468)
    Predicted RequestedByRouterTopK Rate=14.32% (67/468)
    Predictor WindowRecall Rate=56.44% (254/450)
    Predictor WindowPrecision Rate=54.27% (254/468)
    Loads Per Step: 0Loads=24, 1Load=26, >1Load=29
    Bandwidth: StallLoads=93, PrefetchLoads=50, AvgLoadTime=2.92ms
    PrefetchOverlap: HiddenReady=31, HiddenWait=0, TicksSkipped=0
    MissCause: NotPresent=93, NotReadyStall=0
    PrefetchEff: Dropped=0, AlreadyCached=454, UsedBeforeEvict=31, EvictedBeforeUse=13
    GlobalSpecLoad: PeakConcurrent=8
    Predictor TopK matches: 0=0 1=1 >=2=12
Layer 1 Cache Stats: Hits=577, Misses=55, HitRate=91.30%
    Predictor Routed-Expert HitRate=67.69% (44/65, routed_n=5, horizon=6)
    Predictor RoutedForcedN HitRate=67.69% (44/65)
    Predictor RoutedTopK HitRate=69.23% (72/104)
    Predicted RequestedByRouterForcedN Rate=9.40% (44/468)
    Predicted RequestedByRouterTopK Rate=15.38% (72/468)
    Predictor WindowRecall Rate=61.97% (233/376)
    Predictor WindowPrecision Rate=49.79% (233/468)
    Loads Per Step: 0Loads=41, 1Load=24, >1Load=14
    Bandwidth: StallLoads=55, PrefetchLoads=38, AvgLoadTime=3.57ms
    PrefetchOverlap: HiddenReady=18, HiddenWait=0, TicksSkipped=0
    MissCause: NotPresent=55, NotReadyStall=0
    PrefetchEff: Dropped=0, AlreadyCached=466, UsedBeforeEvict=18, EvictedBeforeUse=14
    Predictor TopK matches: 0=0 1=0 >=2=13
Layer 2 Cache Stats: Hits=607, Misses=25, HitRate=96.04%
    Predictor Routed-Expert HitRate=75.38% (49/65, routed_n=5, horizon=6)
    Predictor RoutedForcedN HitRate=75.38% (49/65)
    Predictor RoutedTopK HitRate=76.92% (80/104)
    Predicted RequestedByRouterForcedN Rate=10.47% (49/468)
    Predicted RequestedByRouterTopK Rate=17.09% (80/468)
    Predictor WindowRecall Rate=72.19% (270/374)
    Predictor WindowPrecision Rate=57.69% (270/468)
    Loads Per Step: 0Loads=61, 1Load=11, >1Load=7
    Bandwidth: StallLoads=25, PrefetchLoads=18, AvgLoadTime=5.59ms
    PrefetchOverlap: HiddenReady=11, HiddenWait=0, TicksSkipped=0
    MissCause: NotPresent=25, NotReadyStall=0
    PrefetchEff: Dropped=0, AlreadyCached=486, UsedBeforeEvict=11, EvictedBeforeUse=6
    Predictor TopK matches: 0=0 1=1 >=2=12
Layer 3 Cache Stats: Hits=584, Misses=48, HitRate=92.41%
    Predictor Routed-Expert HitRate=70.77% (46/65, routed_n=5, horizon=6)
    Predictor RoutedForcedN HitRate=70.77% (46/65)
    Predictor RoutedTopK HitRate=71.15% (74/104)
    Predicted RequestedByRouterForcedN Rate=9.83% (46/468)
    Predicted RequestedByRouterTopK Rate=15.81% (74/468)
    Predictor WindowRecall Rate=63.56% (232/365)
    Predictor WindowPrecision Rate=49.57% (232/468)
    Loads Per Step: 0Loads=44, 1Load=24, >1Load=11
    Bandwidth: StallLoads=48, PrefetchLoads=43, AvgLoadTime=3.72ms
    PrefetchOverlap: HiddenReady=21, HiddenWait=0, TicksSkipped=0
    MissCause: NotPresent=48, NotReadyStall=0
    PrefetchEff: Dropped=0, AlreadyCached=461, UsedBeforeEvict=21, EvictedBeforeUse=19
    Predictor TopK matches: 0=0 1=0 >=2=13
Layer 4 Cache Stats: Hits=617, Misses=15, HitRate=97.63%
    Predictor Routed-Expert HitRate=83.08% (54/65, routed_n=5, horizon=6)
    Predictor RoutedForcedN HitRate=83.08% (54/65)
    Predictor RoutedTopK HitRate=83.65% (87/104)
    Predicted RequestedByRouterForcedN Rate=11.54% (54/468)
    Predicted RequestedByRouterTopK Rate=18.59% (87/468)
    Predictor WindowRecall Rate=78.22% (255/326)
    Predictor WindowPrecision Rate=54.49% (255/468)
    Loads Per Step: 0Loads=66, 1Load=11, >1Load=2
    Bandwidth: StallLoads=15, PrefetchLoads=10, AvgLoadTime=5.55ms
    PrefetchOverlap: HiddenReady=8, HiddenWait=0, TicksSkipped=0
    MissCause: NotPresent=15, NotReadyStall=0
    PrefetchEff: Dropped=0, AlreadyCached=494, UsedBeforeEvict=8, EvictedBeforeUse=2
    Predictor TopK matches: 0=0 1=0 >=2=13
Layer 5 Cache Stats: Hits=617, Misses=15, HitRate=97.63%
    Predictor Routed-Expert HitRate=84.62% (55/65, routed_n=5, horizon=6)
    Predictor RoutedForcedN HitRate=84.62% (55/65)
    Predictor RoutedTopK HitRate=74.04% (77/104)
    Predicted RequestedByRouterForcedN Rate=11.75% (55/468)
    Predicted RequestedByRouterTopK Rate=16.45% (77/468)
    Predictor WindowRecall Rate=71.51% (251/351)
    Predictor WindowPrecision Rate=53.63% (251/468)
    Loads Per Step: 0Loads=64, 1Load=15, >1Load=0
    Bandwidth: StallLoads=15, PrefetchLoads=13, AvgLoadTime=5.35ms
    PrefetchOverlap: HiddenReady=8, HiddenWait=0, TicksSkipped=0
    MissCause: NotPresent=15, NotReadyStall=0
    PrefetchEff: Dropped=0, AlreadyCached=491, UsedBeforeEvict=8, EvictedBeforeUse=3
    Predictor TopK matches: 0=0 1=0 >=2=13
Layer 6 Cache Stats: Hits=629, Misses=3, HitRate=99.53%
    Predictor Routed-Expert HitRate=95.38% (62/65, routed_n=5, horizon=6)
    Predictor RoutedForcedN HitRate=95.38% (62/65)
    Predictor RoutedTopK HitRate=91.35% (95/104)
    Predicted RequestedByRouterForcedN Rate=13.25% (62/468)
    Predicted RequestedByRouterTopK Rate=20.30% (95/468)
    Predictor WindowRecall Rate=86.33% (221/256)
    Predictor WindowPrecision Rate=47.22% (221/468)
    Loads Per Step: 0Loads=76, 1Load=3, >1Load=0
    Bandwidth: StallLoads=3, PrefetchLoads=14, AvgLoadTime=5.57ms
    PrefetchOverlap: HiddenReady=8, HiddenWait=0, TicksSkipped=0
    MissCause: NotPresent=3, NotReadyStall=0
    PrefetchEff: Dropped=0, AlreadyCached=490, UsedBeforeEvict=8, EvictedBeforeUse=0
    Predictor TopK matches: 0=0 1=0 >=2=13
Layer 7 Cache Stats: Hits=626, Misses=6, HitRate=99.05%
    Predictor Routed-Expert HitRate=93.85% (61/65, routed_n=5, horizon=6)
    Predictor RoutedForcedN HitRate=93.85% (61/65)
    Predictor RoutedTopK HitRate=91.35% (95/104)
    Predicted RequestedByRouterForcedN Rate=13.03% (61/468)
    Predicted RequestedByRouterTopK Rate=20.30% (95/468)
    Predictor WindowRecall Rate=84.90% (208/245)
    Predictor WindowPrecision Rate=44.44% (208/468)
    Loads Per Step: 0Loads=73, 1Load=6, >1Load=0
    Bandwidth: StallLoads=6, PrefetchLoads=17, AvgLoadTime=6.24ms
    PrefetchOverlap: HiddenReady=6, HiddenWait=0, TicksSkipped=0
    MissCause: NotPresent=6, NotReadyStall=0
    PrefetchEff: Dropped=0, AlreadyCached=487, UsedBeforeEvict=6, EvictedBeforeUse=1
    Predictor TopK matches: 0=0 1=0 >=2=13
Layer 8 Cache Stats: Hits=619, Misses=13, HitRate=97.94%
    Predictor Routed-Expert HitRate=81.54% (53/65, routed_n=5, horizon=6)
    Predictor RoutedForcedN HitRate=81.54% (53/65)
    Predictor RoutedTopK HitRate=83.65% (87/104)
    Predicted RequestedByRouterForcedN Rate=11.32% (53/468)
    Predicted RequestedByRouterTopK Rate=18.59% (87/468)
    Predictor WindowRecall Rate=77.97% (230/295)
    Predictor WindowPrecision Rate=49.15% (230/468)
    Loads Per Step: 0Loads=70, 1Load=5, >1Load=4
    Bandwidth: StallLoads=13, PrefetchLoads=14, AvgLoadTime=4.92ms
    PrefetchOverlap: HiddenReady=9, HiddenWait=0, TicksSkipped=0
    MissCause: NotPresent=13, NotReadyStall=0
    PrefetchEff: Dropped=0, AlreadyCached=490, UsedBeforeEvict=9, EvictedBeforeUse=0
    Predictor TopK matches: 0=0 1=0 >=2=13
Layer 9 Cache Stats: Hits=628, Misses=4, HitRate=99.37%
    Predictor Routed-Expert HitRate=87.69% (57/65, routed_n=5, horizon=6)
    Predictor RoutedForcedN HitRate=87.69% (57/65)
    Predictor RoutedTopK HitRate=85.58% (89/104)
    Predicted RequestedByRouterForcedN Rate=12.18% (57/468)
    Predicted RequestedByRouterTopK Rate=19.02% (89/468)
    Predictor WindowRecall Rate=81.72% (228/279)
    Predictor WindowPrecision Rate=48.72% (228/468)
    Loads Per Step: 0Loads=75, 1Load=4, >1Load=0
    Bandwidth: StallLoads=4, PrefetchLoads=12, AvgLoadTime=7.11ms
    PrefetchOverlap: HiddenReady=6, HiddenWait=0, TicksSkipped=0
    MissCause: NotPresent=4, NotReadyStall=0
    PrefetchEff: Dropped=0, AlreadyCached=492, UsedBeforeEvict=6, EvictedBeforeUse=1
    Predictor TopK matches: 0=0 1=0 >=2=13
Layer 10 Cache Stats: Hits=615, Misses=17, HitRate=97.31%
    Predictor Routed-Expert HitRate=81.54% (53/65, routed_n=5, horizon=6)
    Predictor RoutedForcedN HitRate=81.54% (53/65)
    Predictor RoutedTopK HitRate=78.85% (82/104)
    Predicted RequestedByRouterForcedN Rate=11.32% (53/468)
    Predicted RequestedByRouterTopK Rate=17.52% (82/468)
    Predictor WindowRecall Rate=73.47% (216/294)
    Predictor WindowPrecision Rate=46.15% (216/468)
    Loads Per Step: 0Loads=66, 1Load=10, >1Load=3
    Bandwidth: StallLoads=17, PrefetchLoads=26, AvgLoadTime=4.64ms
    PrefetchOverlap: HiddenReady=12, HiddenWait=0, TicksSkipped=0
    MissCause: NotPresent=17, NotReadyStall=0
    PrefetchEff: Dropped=0, AlreadyCached=478, UsedBeforeEvict=12, EvictedBeforeUse=9
    Predictor TopK matches: 0=0 1=0 >=2=13
Layer 11 Cache Stats: Hits=608, Misses=24, HitRate=96.20%
    Predictor Routed-Expert HitRate=66.15% (43/65, routed_n=5, horizon=6)
    Predictor RoutedForcedN HitRate=66.15% (43/65)
    Predictor RoutedTopK HitRate=69.23% (72/104)
    Predicted RequestedByRouterForcedN Rate=9.19% (43/468)
    Predicted RequestedByRouterTopK Rate=15.38% (72/468)
    Predictor WindowRecall Rate=69.11% (226/327)
    Predictor WindowPrecision Rate=48.29% (226/468)
    Loads Per Step: 0Loads=59, 1Load=16, >1Load=4
    Bandwidth: StallLoads=24, PrefetchLoads=40, AvgLoadTime=3.81ms
    PrefetchOverlap: HiddenReady=17, HiddenWait=0, TicksSkipped=0
    MissCause: NotPresent=24, NotReadyStall=0
    PrefetchEff: Dropped=0, AlreadyCached=464, UsedBeforeEvict=17, EvictedBeforeUse=17
    Predictor TopK matches: 0=0 1=1 >=2=12
Layer 12 Cache Stats: Hits=615, Misses=17, HitRate=97.31%
    Predictor Routed-Expert HitRate=81.54% (53/65, routed_n=5, horizon=6)
    Predictor RoutedForcedN HitRate=81.54% (53/65)
    Predictor RoutedTopK HitRate=80.77% (84/104)
    Predicted RequestedByRouterForcedN Rate=11.32% (53/468)
    Predicted RequestedByRouterTopK Rate=17.95% (84/468)
    Predictor WindowRecall Rate=71.58% (204/285)
    Predictor WindowPrecision Rate=43.59% (204/468)
    Loads Per Step: 0Loads=65, 1Load=11, >1Load=3
    Bandwidth: StallLoads=17, PrefetchLoads=35, AvgLoadTime=4.68ms
    PrefetchOverlap: HiddenReady=15, HiddenWait=0, TicksSkipped=0
    MissCause: NotPresent=17, NotReadyStall=0
    PrefetchEff: Dropped=0, AlreadyCached=469, UsedBeforeEvict=15, EvictedBeforeUse=14
    Predictor TopK matches: 0=0 1=1 >=2=12
Layer 13 Cache Stats: Hits=611, Misses=21, HitRate=96.68%
    Predictor Routed-Expert HitRate=81.54% (53/65, routed_n=5, horizon=6)
    Predictor RoutedForcedN HitRate=81.54% (53/65)
    Predictor RoutedTopK HitRate=82.69% (86/104)
    Predicted RequestedByRouterForcedN Rate=11.32% (53/468)
    Predicted RequestedByRouterTopK Rate=18.38% (86/468)
    Predictor WindowRecall Rate=75.54% (247/327)
    Predictor WindowPrecision Rate=52.78% (247/468)
    Loads Per Step: 0Loads=62, 1Load=13, >1Load=4
    Bandwidth: StallLoads=21, PrefetchLoads=20, AvgLoadTime=5.01ms
    PrefetchOverlap: HiddenReady=11, HiddenWait=0, TicksSkipped=0
    MissCause: NotPresent=21, NotReadyStall=0
    PrefetchEff: Dropped=0, AlreadyCached=484, UsedBeforeEvict=11, EvictedBeforeUse=3
    Predictor TopK matches: 0=0 1=0 >=2=13
Layer 14 Cache Stats: Hits=623, Misses=9, HitRate=98.58%
    Predictor Routed-Expert HitRate=89.23% (58/65, routed_n=5, horizon=6)
    Predictor RoutedForcedN HitRate=89.23% (58/65)
    Predictor RoutedTopK HitRate=87.50% (91/104)
    Predicted RequestedByRouterForcedN Rate=12.39% (58/468)
    Predicted RequestedByRouterTopK Rate=19.44% (91/468)
    Predictor WindowRecall Rate=82.52% (236/286)
    Predictor WindowPrecision Rate=50.43% (236/468)
    Loads Per Step: 0Loads=72, 1Load=5, >1Load=2
    Bandwidth: StallLoads=9, PrefetchLoads=20, AvgLoadTime=7.41ms
    PrefetchOverlap: HiddenReady=10, HiddenWait=0, TicksSkipped=0
    MissCause: NotPresent=9, NotReadyStall=0
    PrefetchEff: Dropped=0, AlreadyCached=484, UsedBeforeEvict=10, EvictedBeforeUse=5
    Predictor TopK matches: 0=0 1=0 >=2=13
Layer 15 Cache Stats: Hits=627, Misses=5, HitRate=99.21%
    Predictor Routed-Expert HitRate=92.31% (60/65, routed_n=5, horizon=6)
    Predictor RoutedForcedN HitRate=92.31% (60/65)
    Predictor RoutedTopK HitRate=90.38% (94/104)
    Predicted RequestedByRouterForcedN Rate=12.82% (60/468)
    Predicted RequestedByRouterTopK Rate=20.09% (94/468)
    Predictor WindowRecall Rate=81.79% (229/280)
    Predictor WindowPrecision Rate=48.93% (229/468)
    Loads Per Step: 0Loads=74, 1Load=5, >1Load=0
    Bandwidth: StallLoads=5, PrefetchLoads=28, AvgLoadTime=5.80ms
    PrefetchOverlap: HiddenReady=14, HiddenWait=0, TicksSkipped=0
    MissCause: NotPresent=5, NotReadyStall=0
    PrefetchEff: Dropped=0, AlreadyCached=476, UsedBeforeEvict=14, EvictedBeforeUse=6
    Predictor TopK matches: 0=0 1=0 >=2=13
Layer 16 Cache Stats: Hits=618, Misses=14, HitRate=97.78%
    Predictor Routed-Expert HitRate=80.00% (52/65, routed_n=5, horizon=6)
    Predictor RoutedForcedN HitRate=80.00% (52/65)
    Predictor RoutedTopK HitRate=78.85% (82/104)
    Predicted RequestedByRouterForcedN Rate=11.11% (52/468)
    Predicted RequestedByRouterTopK Rate=17.52% (82/468)
    Predictor WindowRecall Rate=76.03% (222/292)
    Predictor WindowPrecision Rate=47.44% (222/468)
    Loads Per Step: 0Loads=67, 1Load=10, >1Load=2
    Bandwidth: StallLoads=14, PrefetchLoads=16, AvgLoadTime=6.77ms
    PrefetchOverlap: HiddenReady=14, HiddenWait=0, TicksSkipped=0
    MissCause: NotPresent=14, NotReadyStall=0
    PrefetchEff: Dropped=0, AlreadyCached=488, UsedBeforeEvict=14, EvictedBeforeUse=1
    Predictor TopK matches: 0=0 1=0 >=2=13
Layer 17 Cache Stats: Hits=621, Misses=11, HitRate=98.26%
    Predictor Routed-Expert HitRate=83.08% (54/65, routed_n=5, horizon=6)
    Predictor RoutedForcedN HitRate=83.08% (54/65)
    Predictor RoutedTopK HitRate=83.65% (87/104)
    Predicted RequestedByRouterForcedN Rate=11.54% (54/468)
    Predicted RequestedByRouterTopK Rate=18.59% (87/468)
    Predictor WindowRecall Rate=80.13% (250/312)
    Predictor WindowPrecision Rate=53.42% (250/468)
    Loads Per Step: 0Loads=68, 1Load=11, >1Load=0
    Bandwidth: StallLoads=11, PrefetchLoads=20, AvgLoadTime=7.27ms
    PrefetchOverlap: HiddenReady=11, HiddenWait=0, TicksSkipped=0
    MissCause: NotPresent=11, NotReadyStall=0
    PrefetchEff: Dropped=0, AlreadyCached=484, UsedBeforeEvict=11, EvictedBeforeUse=3
    Predictor TopK matches: 0=0 1=0 >=2=13
Layer 18 Cache Stats: Hits=631, Misses=1, HitRate=99.84%
    Predictor Routed-Expert HitRate=96.92% (63/65, routed_n=5, horizon=6)
    Predictor RoutedForcedN HitRate=96.92% (63/65)
    Predictor RoutedTopK HitRate=98.08% (102/104)
    Predicted RequestedByRouterForcedN Rate=13.46% (63/468)
    Predicted RequestedByRouterTopK Rate=21.79% (102/468)
    Predictor WindowRecall Rate=91.56% (217/237)
    Predictor WindowPrecision Rate=46.37% (217/468)
    Loads Per Step: 0Loads=78, 1Load=1, >1Load=0
    Bandwidth: StallLoads=1, PrefetchLoads=12, AvgLoadTime=8.78ms
    PrefetchOverlap: HiddenReady=6, HiddenWait=0, TicksSkipped=0
    MissCause: NotPresent=1, NotReadyStall=0
    PrefetchEff: Dropped=0, AlreadyCached=492, UsedBeforeEvict=6, EvictedBeforeUse=0
    Predictor TopK matches: 0=0 1=0 >=2=13
Layer 19 Cache Stats: Hits=628, Misses=4, HitRate=99.37%
    Predictor Routed-Expert HitRate=95.38% (62/65, routed_n=5, horizon=6)
    Predictor RoutedForcedN HitRate=95.38% (62/65)
    Predictor RoutedTopK HitRate=95.19% (99/104)
    Predicted RequestedByRouterForcedN Rate=13.25% (62/468)
    Predicted RequestedByRouterTopK Rate=21.15% (99/468)
    Predictor WindowRecall Rate=87.23% (205/235)
    Predictor WindowPrecision Rate=43.80% (205/468)
    Loads Per Step: 0Loads=75, 1Load=4, >1Load=0
    Bandwidth: StallLoads=4, PrefetchLoads=15, AvgLoadTime=9.05ms
    PrefetchOverlap: HiddenReady=1, HiddenWait=0, TicksSkipped=0
    MissCause: NotPresent=4, NotReadyStall=0
    PrefetchEff: Dropped=0, AlreadyCached=489, UsedBeforeEvict=1, EvictedBeforeUse=0
    Predictor TopK matches: 0=0 1=0 >=2=13
Layer 20 Cache Stats: Hits=623, Misses=9, HitRate=98.58%
    Predictor Routed-Expert HitRate=93.85% (61/65, routed_n=5, horizon=6)
    Predictor RoutedForcedN HitRate=93.85% (61/65)
    Predictor RoutedTopK HitRate=89.42% (93/104)
    Predicted RequestedByRouterForcedN Rate=13.03% (61/468)
    Predicted RequestedByRouterTopK Rate=19.87% (93/468)
    Predictor WindowRecall Rate=83.33% (240/288)
    Predictor WindowPrecision Rate=51.28% (240/468)
    Loads Per Step: 0Loads=70, 1Load=9, >1Load=0
    Bandwidth: StallLoads=9, PrefetchLoads=24, AvgLoadTime=6.83ms
    PrefetchOverlap: HiddenReady=12, HiddenWait=0, TicksSkipped=0
    MissCause: NotPresent=9, NotReadyStall=0
    PrefetchEff: Dropped=0, AlreadyCached=480, UsedBeforeEvict=12, EvictedBeforeUse=6
    Predictor TopK matches: 0=0 1=0 >=2=13
Layer 21 Cache Stats: Hits=629, Misses=3, HitRate=99.53%
    Predictor Routed-Expert HitRate=89.23% (58/65, routed_n=5, horizon=6)
    Predictor RoutedForcedN HitRate=89.23% (58/65)
    Predictor RoutedTopK HitRate=88.46% (92/104)
    Predicted RequestedByRouterForcedN Rate=12.39% (58/468)
    Predicted RequestedByRouterTopK Rate=19.66% (92/468)
    Predictor WindowRecall Rate=83.78% (217/259)
    Predictor WindowPrecision Rate=46.37% (217/468)
    Loads Per Step: 0Loads=76, 1Load=3, >1Load=0
    Bandwidth: StallLoads=3, PrefetchLoads=16, AvgLoadTime=8.90ms
    PrefetchOverlap: HiddenReady=8, HiddenWait=0, TicksSkipped=0
    MissCause: NotPresent=3, NotReadyStall=0
    PrefetchEff: Dropped=0, AlreadyCached=488, UsedBeforeEvict=8, EvictedBeforeUse=0
    Predictor TopK matches: 0=0 1=0 >=2=13
Layer 22 Cache Stats: Hits=621, Misses=11, HitRate=98.26%
    Predictor Routed-Expert HitRate=84.62% (55/65, routed_n=5, horizon=6)
    Predictor RoutedForcedN HitRate=84.62% (55/65)
    Predictor RoutedTopK HitRate=80.77% (84/104)
    Predicted RequestedByRouterForcedN Rate=11.75% (55/468)
    Predicted RequestedByRouterTopK Rate=17.95% (84/468)
    Predictor WindowRecall Rate=77.00% (241/313)
    Predictor WindowPrecision Rate=51.50% (241/468)
    Loads Per Step: 0Loads=68, 1Load=11, >1Load=0
    Bandwidth: StallLoads=11, PrefetchLoads=25, AvgLoadTime=6.81ms
    PrefetchOverlap: HiddenReady=14, HiddenWait=0, TicksSkipped=0
    MissCause: NotPresent=11, NotReadyStall=0
    PrefetchEff: Dropped=0, AlreadyCached=479, UsedBeforeEvict=14, EvictedBeforeUse=5
    Predictor TopK matches: 0=0 1=0 >=2=13
Layer 23 Cache Stats: Hits=616, Misses=16, HitRate=97.47%
    Predictor Routed-Expert HitRate=87.69% (57/65, routed_n=5, horizon=6)
    Predictor RoutedForcedN HitRate=87.69% (57/65)
    Predictor RoutedTopK HitRate=88.46% (92/104)
    Predicted RequestedByRouterForcedN Rate=12.18% (57/468)
    Predicted RequestedByRouterTopK Rate=19.66% (92/468)
    Predictor WindowRecall Rate=76.80% (235/306)
    Predictor WindowPrecision Rate=50.21% (235/468)
    Loads Per Step: 0Loads=65, 1Load=12, >1Load=2
    Bandwidth: StallLoads=16, PrefetchLoads=22, AvgLoadTime=7.15ms
    PrefetchOverlap: HiddenReady=16, HiddenWait=0, TicksSkipped=0
    MissCause: NotPresent=16, NotReadyStall=0
    PrefetchEff: Dropped=0, AlreadyCached=482, UsedBeforeEvict=16, EvictedBeforeUse=3
    Predictor TopK matches: 0=0 1=0 >=2=13
Layer 24 Cache Stats: Hits=622, Misses=10, HitRate=98.42%
    Predictor Routed-Expert HitRate=89.23% (58/65, routed_n=5, horizon=6)
    Predictor RoutedForcedN HitRate=89.23% (58/65)
    Predictor RoutedTopK HitRate=83.65% (87/104)
    Predicted RequestedByRouterForcedN Rate=12.39% (58/468)
    Predicted RequestedByRouterTopK Rate=18.59% (87/468)
    Predictor WindowRecall Rate=82.07% (238/290)
    Predictor WindowPrecision Rate=50.85% (238/468)
    Loads Per Step: 0Loads=70, 1Load=8, >1Load=1
    Bandwidth: StallLoads=10, PrefetchLoads=25, AvgLoadTime=8.33ms
    PrefetchOverlap: HiddenReady=11, HiddenWait=0, TicksSkipped=0
    MissCause: NotPresent=10, NotReadyStall=0
    PrefetchEff: Dropped=0, AlreadyCached=479, UsedBeforeEvict=11, EvictedBeforeUse=9
    Predictor TopK matches: 0=0 1=0 >=2=13
Layer 25 Cache Stats: Hits=609, Misses=23, HitRate=96.36%
    Predictor Routed-Expert HitRate=76.92% (50/65, routed_n=5, horizon=6)
    Predictor RoutedForcedN HitRate=76.92% (50/65)
    Predictor RoutedTopK HitRate=80.77% (84/104)
    Predicted RequestedByRouterForcedN Rate=10.68% (50/468)
    Predicted RequestedByRouterTopK Rate=17.95% (84/468)
    Predictor WindowRecall Rate=76.32% (261/342)
    Predictor WindowPrecision Rate=55.77% (261/468)
    Loads Per Step: 0Loads=58, 1Load=19, >1Load=2
    Bandwidth: StallLoads=23, PrefetchLoads=31, AvgLoadTime=5.76ms
    PrefetchOverlap: HiddenReady=13, HiddenWait=0, TicksSkipped=0
    MissCause: NotPresent=23, NotReadyStall=0
    PrefetchEff: Dropped=0, AlreadyCached=473, UsedBeforeEvict=13, EvictedBeforeUse=11
    Predictor TopK matches: 0=0 1=2 >=2=11
Layer 26 Cache Stats: Hits=619, Misses=13, HitRate=97.94%
    Predictor Routed-Expert HitRate=81.54% (53/65, routed_n=5, horizon=6)
    Predictor RoutedForcedN HitRate=81.54% (53/65)
    Predictor RoutedTopK HitRate=78.85% (82/104)
    Predicted RequestedByRouterForcedN Rate=11.32% (53/468)
    Predicted RequestedByRouterTopK Rate=17.52% (82/468)
    Predictor WindowRecall Rate=80.34% (233/290)
    Predictor WindowPrecision Rate=49.79% (233/468)
    Loads Per Step: 0Loads=66, 1Load=13, >1Load=0
    Bandwidth: StallLoads=13, PrefetchLoads=28, AvgLoadTime=6.57ms
    PrefetchOverlap: HiddenReady=11, HiddenWait=0, TicksSkipped=0
    MissCause: NotPresent=13, NotReadyStall=0
    PrefetchEff: Dropped=0, AlreadyCached=476, UsedBeforeEvict=11, EvictedBeforeUse=11
    Predictor TopK matches: 0=0 1=0 >=2=13
Layer 27 Cache Stats: Hits=626, Misses=6, HitRate=99.05%
    Predictor Routed-Expert HitRate=87.69% (57/65, routed_n=5, horizon=6)
    Predictor RoutedForcedN HitRate=87.69% (57/65)
    Predictor RoutedTopK HitRate=84.62% (88/104)
    Predicted RequestedByRouterForcedN Rate=12.18% (57/468)
    Predicted RequestedByRouterTopK Rate=18.80% (88/468)
    Predictor WindowRecall Rate=82.72% (225/272)
    Predictor WindowPrecision Rate=48.08% (225/468)
    Loads Per Step: 0Loads=73, 1Load=6, >1Load=0
    Bandwidth: StallLoads=6, PrefetchLoads=18, AvgLoadTime=9.54ms
    PrefetchOverlap: HiddenReady=12, HiddenWait=0, TicksSkipped=0
    MissCause: NotPresent=6, NotReadyStall=0
    PrefetchEff: Dropped=0, AlreadyCached=486, UsedBeforeEvict=12, EvictedBeforeUse=2
    Predictor TopK matches: 0=0 1=0 >=2=13
Layer 28 Cache Stats: Hits=620, Misses=12, HitRate=98.10%
    Predictor Routed-Expert HitRate=73.85% (48/65, routed_n=5, horizon=6)
    Predictor RoutedForcedN HitRate=73.85% (48/65)
    Predictor RoutedTopK HitRate=74.04% (77/104)
    Predicted RequestedByRouterForcedN Rate=10.26% (48/468)
    Predicted RequestedByRouterTopK Rate=16.45% (77/468)
    Predictor WindowRecall Rate=75.08% (229/305)
    Predictor WindowPrecision Rate=48.93% (229/468)
    Loads Per Step: 0Loads=67, 1Load=12, >1Load=0
    Bandwidth: StallLoads=12, PrefetchLoads=19, AvgLoadTime=6.59ms
    PrefetchOverlap: HiddenReady=14, HiddenWait=0, TicksSkipped=0
    MissCause: NotPresent=12, NotReadyStall=0
    PrefetchEff: Dropped=0, AlreadyCached=485, UsedBeforeEvict=14, EvictedBeforeUse=4
    Predictor TopK matches: 0=0 1=0 >=2=13
Layer 29 Cache Stats: Hits=616, Misses=16, HitRate=97.47%
    Predictor Routed-Expert HitRate=84.62% (55/65, routed_n=5, horizon=6)
    Predictor RoutedForcedN HitRate=84.62% (55/65)
    Predictor RoutedTopK HitRate=83.65% (87/104)
    Predicted RequestedByRouterForcedN Rate=11.75% (55/468)
    Predicted RequestedByRouterTopK Rate=18.59% (87/468)
    Predictor WindowRecall Rate=79.29% (245/309)
    Predictor WindowPrecision Rate=52.35% (245/468)
    Loads Per Step: 0Loads=64, 1Load=14, >1Load=1
    Bandwidth: StallLoads=16, PrefetchLoads=20, AvgLoadTime=6.47ms
    PrefetchOverlap: HiddenReady=14, HiddenWait=0, TicksSkipped=0
    MissCause: NotPresent=16, NotReadyStall=0
    PrefetchEff: Dropped=0, AlreadyCached=484, UsedBeforeEvict=14, EvictedBeforeUse=3
    Predictor TopK matches: 0=0 1=0 >=2=13
Layer 30 Cache Stats: Hits=630, Misses=2, HitRate=99.68%
    Predictor Routed-Expert HitRate=95.38% (62/65, routed_n=5, horizon=6)
    Predictor RoutedForcedN HitRate=95.38% (62/65)
    Predictor RoutedTopK HitRate=90.38% (94/104)
    Predicted RequestedByRouterForcedN Rate=13.25% (62/468)
    Predicted RequestedByRouterTopK Rate=20.09% (94/468)
    Predictor WindowRecall Rate=87.55% (204/233)
    Predictor WindowPrecision Rate=43.59% (204/468)
    Loads Per Step: 0Loads=77, 1Load=2, >1Load=0
    Bandwidth: StallLoads=2, PrefetchLoads=14, AvgLoadTime=9.32ms
    PrefetchOverlap: HiddenReady=7, HiddenWait=0, TicksSkipped=0
    MissCause: NotPresent=2, NotReadyStall=0
    PrefetchEff: Dropped=0, AlreadyCached=490, UsedBeforeEvict=7, EvictedBeforeUse=0
    Predictor TopK matches: 0=0 1=0 >=2=13
Layer 31 Cache Stats: Hits=629, Misses=3, HitRate=99.53%
    Predictor Routed-Expert HitRate=96.92% (63/65, routed_n=5, horizon=6)
    Predictor RoutedForcedN HitRate=96.92% (63/65)
    Predictor RoutedTopK HitRate=92.31% (96/104)
    Predicted RequestedByRouterForcedN Rate=13.46% (63/468)
    Predicted RequestedByRouterTopK Rate=20.51% (96/468)
    Predictor WindowRecall Rate=86.10% (192/223)
    Predictor WindowPrecision Rate=41.03% (192/468)
    Loads Per Step: 0Loads=76, 1Load=3, >1Load=0
    Bandwidth: StallLoads=3, PrefetchLoads=14, AvgLoadTime=11.58ms
    PrefetchOverlap: HiddenReady=4, HiddenWait=0, TicksSkipped=0
    MissCause: NotPresent=3, NotReadyStall=0
    PrefetchEff: Dropped=0, AlreadyCached=490, UsedBeforeEvict=4, EvictedBeforeUse=0
    Predictor TopK matches: 0=0 1=0 >=2=13
Layer 32 Cache Stats: Hits=623, Misses=9, HitRate=98.58%
    Predictor Routed-Expert HitRate=89.23% (58/65, routed_n=5, horizon=6)
    Predictor RoutedForcedN HitRate=89.23% (58/65)
    Predictor RoutedTopK HitRate=86.54% (90/104)
    Predicted RequestedByRouterForcedN Rate=12.39% (58/468)
    Predicted RequestedByRouterTopK Rate=19.23% (90/468)
    Predictor WindowRecall Rate=80.74% (218/270)
    Predictor WindowPrecision Rate=46.58% (218/468)
    Loads Per Step: 0Loads=70, 1Load=9, >1Load=0
    Bandwidth: StallLoads=9, PrefetchLoads=21, AvgLoadTime=6.55ms
    PrefetchOverlap: HiddenReady=18, HiddenWait=0, TicksSkipped=0
    MissCause: NotPresent=9, NotReadyStall=0
    PrefetchEff: Dropped=0, AlreadyCached=483, UsedBeforeEvict=18, EvictedBeforeUse=2
    Predictor TopK matches: 0=0 1=0 >=2=13
Layer 33 Cache Stats: Hits=628, Misses=4, HitRate=99.37%
    Predictor Routed-Expert HitRate=89.23% (58/65, routed_n=5, horizon=6)
    Predictor RoutedForcedN HitRate=89.23% (58/65)
    Predictor RoutedTopK HitRate=86.54% (90/104)
    Predicted RequestedByRouterForcedN Rate=12.39% (58/468)
    Predicted RequestedByRouterTopK Rate=19.23% (90/468)
    Predictor WindowRecall Rate=85.82% (224/261)
    Predictor WindowPrecision Rate=47.86% (224/468)
    Loads Per Step: 0Loads=75, 1Load=4, >1Load=0
    Bandwidth: StallLoads=4, PrefetchLoads=21, AvgLoadTime=9.52ms
    PrefetchOverlap: HiddenReady=8, HiddenWait=0, TicksSkipped=0
    MissCause: NotPresent=4, NotReadyStall=0
    PrefetchEff: Dropped=0, AlreadyCached=483, UsedBeforeEvict=8, EvictedBeforeUse=4
    Predictor TopK matches: 0=0 1=0 >=2=13
Layer 34 Cache Stats: Hits=624, Misses=8, HitRate=98.73%
    Predictor Routed-Expert HitRate=72.31% (47/65, routed_n=5, horizon=6)
    Predictor RoutedForcedN HitRate=72.31% (47/65)
    Predictor RoutedTopK HitRate=72.12% (75/104)
    Predicted RequestedByRouterForcedN Rate=10.04% (47/468)
    Predicted RequestedByRouterTopK Rate=16.03% (75/468)
    Predictor WindowRecall Rate=79.28% (241/304)
    Predictor WindowPrecision Rate=51.50% (241/468)
    Loads Per Step: 0Loads=71, 1Load=8, >1Load=0
    Bandwidth: StallLoads=8, PrefetchLoads=23, AvgLoadTime=7.30ms
    PrefetchOverlap: HiddenReady=17, HiddenWait=0, TicksSkipped=0
    MissCause: NotPresent=8, NotReadyStall=0
    PrefetchEff: Dropped=0, AlreadyCached=481, UsedBeforeEvict=17, EvictedBeforeUse=2
    Predictor TopK matches: 0=0 1=1 >=2=12
Layer 35 Cache Stats: Hits=623, Misses=9, HitRate=98.58%
    Predictor Routed-Expert HitRate=87.69% (57/65, routed_n=5, horizon=6)
    Predictor RoutedForcedN HitRate=87.69% (57/65)
    Predictor RoutedTopK HitRate=86.54% (90/104)
    Predicted RequestedByRouterForcedN Rate=12.18% (57/468)
    Predicted RequestedByRouterTopK Rate=19.23% (90/468)
    Predictor WindowRecall Rate=79.00% (252/319)
    Predictor WindowPrecision Rate=53.85% (252/468)
    Loads Per Step: 0Loads=71, 1Load=7, >1Load=1
    Bandwidth: StallLoads=9, PrefetchLoads=13, AvgLoadTime=6.66ms
    PrefetchOverlap: HiddenReady=11, HiddenWait=0, TicksSkipped=0
    MissCause: NotPresent=9, NotReadyStall=0
    PrefetchEff: Dropped=0, AlreadyCached=491, UsedBeforeEvict=11, EvictedBeforeUse=1
    Predictor TopK matches: 0=0 1=0 >=2=13
Layer 36 Cache Stats: Hits=623, Misses=9, HitRate=98.58%
    Predictor Routed-Expert HitRate=90.77% (59/65, routed_n=5, horizon=6)
    Predictor RoutedForcedN HitRate=90.77% (59/65)
    Predictor RoutedTopK HitRate=86.54% (90/104)
    Predicted RequestedByRouterForcedN Rate=12.61% (59/468)
    Predicted RequestedByRouterTopK Rate=19.23% (90/468)
    Predictor WindowRecall Rate=85.17% (247/290)
    Predictor WindowPrecision Rate=52.78% (247/468)
    Loads Per Step: 0Loads=71, 1Load=7, >1Load=1
    Bandwidth: StallLoads=9, PrefetchLoads=21, AvgLoadTime=6.13ms
    PrefetchOverlap: HiddenReady=13, HiddenWait=0, TicksSkipped=0
    MissCause: NotPresent=9, NotReadyStall=0
    PrefetchEff: Dropped=0, AlreadyCached=483, UsedBeforeEvict=13, EvictedBeforeUse=4
    Predictor TopK matches: 0=0 1=0 >=2=13
Layer 37 Cache Stats: Hits=614, Misses=18, HitRate=97.15%
    Predictor Routed-Expert HitRate=76.92% (50/65, routed_n=5, horizon=6)
    Predictor RoutedForcedN HitRate=76.92% (50/65)
    Predictor RoutedTopK HitRate=74.04% (77/104)
    Predicted RequestedByRouterForcedN Rate=10.68% (50/468)
    Predicted RequestedByRouterTopK Rate=16.45% (77/468)
    Predictor WindowRecall Rate=74.93% (266/355)
    Predictor WindowPrecision Rate=56.84% (266/468)
    Loads Per Step: 0Loads=62, 1Load=16, >1Load=1
    Bandwidth: StallLoads=18, PrefetchLoads=24, AvgLoadTime=6.04ms
    PrefetchOverlap: HiddenReady=16, HiddenWait=0, TicksSkipped=0
    MissCause: NotPresent=18, NotReadyStall=0
    PrefetchEff: Dropped=0, AlreadyCached=480, UsedBeforeEvict=16, EvictedBeforeUse=5
    Predictor TopK matches: 0=0 1=1 >=2=12
Layer 38 Cache Stats: Hits=623, Misses=9, HitRate=98.58%
    Predictor Routed-Expert HitRate=86.15% (56/65, routed_n=5, horizon=6)
    Predictor RoutedForcedN HitRate=86.15% (56/65)
    Predictor RoutedTopK HitRate=83.65% (87/104)
    Predicted RequestedByRouterForcedN Rate=11.97% (56/468)
    Predicted RequestedByRouterTopK Rate=18.59% (87/468)
    Predictor WindowRecall Rate=81.96% (259/316)
    Predictor WindowPrecision Rate=55.34% (259/468)
    Loads Per Step: 0Loads=72, 1Load=5, >1Load=2
    Bandwidth: StallLoads=9, PrefetchLoads=20, AvgLoadTime=7.79ms
    PrefetchOverlap: HiddenReady=8, HiddenWait=0, TicksSkipped=0
    MissCause: NotPresent=9, NotReadyStall=0
    PrefetchEff: Dropped=0, AlreadyCached=484, UsedBeforeEvict=8, EvictedBeforeUse=4
    Predictor TopK matches: 0=0 1=1 >=2=12
Layer 39 Cache Stats: Hits=628, Misses=4, HitRate=99.37%
    Predictor Routed-Expert HitRate=86.15% (56/65, routed_n=5, horizon=6)
    Predictor RoutedForcedN HitRate=86.15% (56/65)
    Predictor RoutedTopK HitRate=85.58% (89/104)
    Predicted RequestedByRouterForcedN Rate=11.97% (56/468)
    Predicted RequestedByRouterTopK Rate=19.02% (89/468)
    Predictor WindowRecall Rate=84.71% (266/314)
    Predictor WindowPrecision Rate=56.84% (266/468)
    Loads Per Step: 0Loads=75, 1Load=4, >1Load=0
    Bandwidth: StallLoads=4, PrefetchLoads=21, AvgLoadTime=7.73ms
    PrefetchOverlap: HiddenReady=16, HiddenWait=0, TicksSkipped=0
    MissCause: NotPresent=4, NotReadyStall=0
    PrefetchEff: Dropped=0, AlreadyCached=483, UsedBeforeEvict=16, EvictedBeforeUse=1
    Predictor TopK matches: 0=0 1=0 >=2=13
Layer 40 Cache Stats: Hits=623, Misses=9, HitRate=98.58%
    Predictor Routed-Expert HitRate=92.31% (60/65, routed_n=5, horizon=6)
    Predictor RoutedForcedN HitRate=92.31% (60/65)
    Predictor RoutedTopK HitRate=86.54% (90/104)
    Predicted RequestedByRouterForcedN Rate=12.82% (60/468)
    Predicted RequestedByRouterTopK Rate=19.23% (90/468)
    Predictor WindowRecall Rate=80.07% (245/306)
    Predictor WindowPrecision Rate=52.35% (245/468)
    Loads Per Step: 0Loads=73, 1Load=4, >1Load=2
    Bandwidth: StallLoads=9, PrefetchLoads=23, AvgLoadTime=6.22ms
    PrefetchOverlap: HiddenReady=13, HiddenWait=0, TicksSkipped=0
    MissCause: NotPresent=9, NotReadyStall=0
    PrefetchEff: Dropped=0, AlreadyCached=481, UsedBeforeEvict=13, EvictedBeforeUse=3
    Predictor TopK matches: 0=0 1=0 >=2=13
Layer 41 Cache Stats: Hits=616, Misses=16, HitRate=97.47%
    Predictor Routed-Expert HitRate=87.69% (57/65, routed_n=5, horizon=6)
    Predictor RoutedForcedN HitRate=87.69% (57/65)
    Predictor RoutedTopK HitRate=87.50% (91/104)
    Predicted RequestedByRouterForcedN Rate=12.18% (57/468)
    Predicted RequestedByRouterTopK Rate=19.44% (91/468)
    Predictor WindowRecall Rate=81.94% (295/360)
    Predictor WindowPrecision Rate=63.03% (295/468)
    Loads Per Step: 0Loads=67, 1Load=9, >1Load=3
    Bandwidth: StallLoads=16, PrefetchLoads=13, AvgLoadTime=7.36ms
    PrefetchOverlap: HiddenReady=8, HiddenWait=0, TicksSkipped=0
    MissCause: NotPresent=16, NotReadyStall=0
    PrefetchEff: Dropped=0, AlreadyCached=491, UsedBeforeEvict=8, EvictedBeforeUse=3
    Predictor TopK matches: 0=0 1=1 >=2=12
Layer 42 Cache Stats: Hits=622, Misses=10, HitRate=98.42%
    Predictor Routed-Expert HitRate=78.46% (51/65, routed_n=5, horizon=6)
    Predictor RoutedForcedN HitRate=78.46% (51/65)
    Predictor RoutedTopK HitRate=80.77% (84/104)
    Predicted RequestedByRouterForcedN Rate=10.90% (51/468)
    Predicted RequestedByRouterTopK Rate=17.95% (84/468)
    Predictor WindowRecall Rate=82.17% (295/359)
    Predictor WindowPrecision Rate=63.03% (295/468)
    Loads Per Step: 0Loads=69, 1Load=10, >1Load=0
    Bandwidth: StallLoads=10, PrefetchLoads=11, AvgLoadTime=5.96ms
    PrefetchOverlap: HiddenReady=10, HiddenWait=0, TicksSkipped=0
    MissCause: NotPresent=10, NotReadyStall=0
    PrefetchEff: Dropped=0, AlreadyCached=493, UsedBeforeEvict=10, EvictedBeforeUse=0
    Predictor TopK matches: 0=0 1=1 >=2=12
Layer 43 Cache Stats: Hits=630, Misses=2, HitRate=99.68%
    Predictor Routed-Expert HitRate=92.31% (60/65, routed_n=5, horizon=6)
    Predictor RoutedForcedN HitRate=92.31% (60/65)
    Predictor RoutedTopK HitRate=91.35% (95/104)
    Predicted RequestedByRouterForcedN Rate=12.82% (60/468)
    Predicted RequestedByRouterTopK Rate=20.30% (95/468)
    Predictor WindowRecall Rate=86.65% (279/322)
    Predictor WindowPrecision Rate=59.62% (279/468)
    Loads Per Step: 0Loads=77, 1Load=2, >1Load=0
    Bandwidth: StallLoads=2, PrefetchLoads=5, AvgLoadTime=15.88ms
    PrefetchOverlap: HiddenReady=4, HiddenWait=0, TicksSkipped=0
    MissCause: NotPresent=2, NotReadyStall=0
    PrefetchEff: Dropped=0, AlreadyCached=499, UsedBeforeEvict=4, EvictedBeforeUse=0
    Predictor TopK matches: 0=0 1=0 >=2=13
Layer 44 Cache Stats: Hits=628, Misses=4, HitRate=99.37%
    Predictor Routed-Expert HitRate=92.31% (60/65, routed_n=5, horizon=6)
    Predictor RoutedForcedN HitRate=92.31% (60/65)
    Predictor RoutedTopK HitRate=92.31% (96/104)
    Predicted RequestedByRouterForcedN Rate=12.82% (60/468)
    Predicted RequestedByRouterTopK Rate=20.51% (96/468)
    Predictor WindowRecall Rate=90.21% (258/286)
    Predictor WindowPrecision Rate=55.13% (258/468)
    Loads Per Step: 0Loads=75, 1Load=4, >1Load=0
    Bandwidth: StallLoads=4, PrefetchLoads=6, AvgLoadTime=10.61ms
    PrefetchOverlap: HiddenReady=3, HiddenWait=0, TicksSkipped=0
    MissCause: NotPresent=4, NotReadyStall=0
    PrefetchEff: Dropped=0, AlreadyCached=498, UsedBeforeEvict=3, EvictedBeforeUse=0
    Predictor TopK matches: 0=0 1=0 >=2=13
Layer 45 Cache Stats: Hits=629, Misses=3, HitRate=99.53%
    Predictor Routed-Expert HitRate=95.38% (62/65, routed_n=5, horizon=6)
    Predictor RoutedForcedN HitRate=95.38% (62/65)
    Predictor RoutedTopK HitRate=93.27% (97/104)
    Predicted RequestedByRouterForcedN Rate=13.25% (62/468)
    Predicted RequestedByRouterTopK Rate=20.73% (97/468)
    Predictor WindowRecall Rate=89.58% (275/307)
    Predictor WindowPrecision Rate=58.76% (275/468)
    Loads Per Step: 0Loads=76, 1Load=3, >1Load=0
    Bandwidth: StallLoads=3, PrefetchLoads=8, AvgLoadTime=7.73ms
    PrefetchOverlap: HiddenReady=5, HiddenWait=0, TicksSkipped=0
    MissCause: NotPresent=3, NotReadyStall=0
    PrefetchEff: Dropped=0, AlreadyCached=496, UsedBeforeEvict=5, EvictedBeforeUse=0
    Predictor TopK matches: 0=0 1=0 >=2=13
Layer 46 Cache Stats: Hits=624, Misses=8, HitRate=98.73%
    Predictor Routed-Expert HitRate=92.31% (60/65, routed_n=5, horizon=6)
    Predictor RoutedForcedN HitRate=92.31% (60/65)
    Predictor RoutedTopK HitRate=91.35% (95/104)
    Predicted RequestedByRouterForcedN Rate=12.82% (60/468)
    Predicted RequestedByRouterTopK Rate=20.30% (95/468)
    Predictor WindowRecall Rate=86.73% (281/324)
    Predictor WindowPrecision Rate=60.04% (281/468)
    Loads Per Step: 0Loads=72, 1Load=6, >1Load=1
    Bandwidth: StallLoads=8, PrefetchLoads=15, AvgLoadTime=4.27ms
    PrefetchOverlap: HiddenReady=11, HiddenWait=0, TicksSkipped=0
    MissCause: NotPresent=8, NotReadyStall=0
    PrefetchEff: Dropped=0, AlreadyCached=489, UsedBeforeEvict=11, EvictedBeforeUse=1
    Predictor TopK matches: 0=0 1=0 >=2=13
Layer 47 Cache Stats: Hits=605, Misses=27, HitRate=95.73%
    Predictor Routed-Expert HitRate=86.15% (56/65, routed_n=5, horizon=6)
    Predictor RoutedForcedN HitRate=86.15% (56/65)
    Predictor RoutedTopK HitRate=87.50% (91/104)
    Predicted RequestedByRouterForcedN Rate=11.97% (56/468)
    Predicted RequestedByRouterTopK Rate=19.44% (91/468)
    Predictor WindowRecall Rate=82.17% (318/387)
    Predictor WindowPrecision Rate=67.95% (318/468)
    Loads Per Step: 0Loads=64, 1Load=10, >1Load=5
    Bandwidth: StallLoads=27, PrefetchLoads=33, AvgLoadTime=3.73ms
    PrefetchOverlap: HiddenReady=21, HiddenWait=0, TicksSkipped=0
    MissCause: NotPresent=27, NotReadyStall=0
    PrefetchEff: Dropped=0, AlreadyCached=435, UsedBeforeEvict=21, EvictedBeforeUse=8
    Predictor TopK matches: 0=0 1=0 >=2=13
============================================================
[TorchScriptPredictor Layer 0] Shutdown complete
[TorchScriptPredictor Layer 1] Shutdown complete
[TorchScriptPredictor Layer 2] Shutdown complete
[TorchScriptPredictor Layer 3] Shutdown complete
[TorchScriptPredictor Layer 4] Shutdown complete
[TorchScriptPredictor Layer 5] Shutdown complete
[TorchScriptPredictor Layer 6] Shutdown complete
[TorchScriptPredictor Layer 7] Shutdown complete
[TorchScriptPredictor Layer 8] Shutdown complete
[TorchScriptPredictor Layer 9] Shutdown complete
[TorchScriptPredictor Layer 10] Shutdown complete
[TorchScriptPredictor Layer 11] Shutdown complete
[TorchScriptPredictor Layer 12] Shutdown complete
[TorchScriptPredictor Layer 13] Shutdown complete
[TorchScriptPredictor Layer 14] Shutdown complete
[TorchScriptPredictor Layer 15] Shutdown complete
[TorchScriptPredictor Layer 16] Shutdown complete
[TorchScriptPredictor Layer 17] Shutdown complete
[TorchScriptPredictor Layer 18] Shutdown complete
[TorchScriptPredictor Layer 19] Shutdown complete
[TorchScriptPredictor Layer 20] Shutdown complete
[TorchScriptPredictor Layer 21] Shutdown complete
[TorchScriptPredictor Layer 22] Shutdown complete
[TorchScriptPredictor Layer 23] Shutdown complete
[TorchScriptPredictor Layer 24] Shutdown complete
[TorchScriptPredictor Layer 25] Shutdown complete
[TorchScriptPredictor Layer 26] Shutdown complete
[TorchScriptPredictor Layer 27] Shutdown complete
[TorchScriptPredictor Layer 28] Shutdown complete
[TorchScriptPredictor Layer 29] Shutdown complete
[TorchScriptPredictor Layer 30] Shutdown complete
[TorchScriptPredictor Layer 31] Shutdown complete
[TorchScriptPredictor Layer 32] Shutdown complete
[TorchScriptPredictor Layer 33] Shutdown complete
[TorchScriptPredictor Layer 34] Shutdown complete
[TorchScriptPredictor Layer 35] Shutdown complete
[TorchScriptPredictor Layer 36] Shutdown complete
[TorchScriptPredictor Layer 37] Shutdown complete
[TorchScriptPredictor Layer 38] Shutdown complete
[TorchScriptPredictor Layer 39] Shutdown complete
[TorchScriptPredictor Layer 40] Shutdown complete
[TorchScriptPredictor Layer 41] Shutdown complete
[TorchScriptPredictor Layer 42] Shutdown complete
[TorchScriptPredictor Layer 43] Shutdown complete
[TorchScriptPredictor Layer 44] Shutdown complete
[TorchScriptPredictor Layer 45] Shutdown complete
[TorchScriptPredictor Layer 46] Shutdown complete
[TorchScriptPredictor Layer 47] Shutdown complete
============================================================
Initializing Qwen3 30B-A3B AWQ w4a16 quantized model...
============================================================
Loading quantized weights from QuixiAI/Qwen3-30B-A3B-AWQ...
Using saved safetensors: /home/michael/heteroPredict/py/unified_llm_w4a16/model_weights/Qwen3-30B-A3B-AWQ.safetensors
Expert weights dir: /home/michael/heteroPredict/py/unified_llm_w4a16/model_weights/Qwen3-30B-A3B-AWQ_packed  (format: packed)
Using existing attention weights in /home/michael/heteroPredict/py/unified_llm_w4a16/model_weights/Qwen3-30B-A3B-AWQ_unpacked
Weights loaded (expert dir override) in 0.30 seconds
Pre-warming expert cache with 64 experts...
Model initialized successfully!
Setting lambda to 1.0
Forced top-5 experts into cache mask.
Set expert cache policy to LFRU.

Running sweep using prompts from JSON: /tmp/tmp231bgrym.json
Loaded 1 prompts for sweeping.

Processing Prompt 1/1...

============================================================
Generated text only:
============================================================
 of his experience . 

 Du Fu 's technical mastery is also reflected in his use of parallelism and tonal patterns . He was a master of the regulated verse ( 律詩 lǜshī ) , a form of poetry that requires parallelism and tonal balance . Owen notes that his regulated verse " is often more complex than that of any previous poet " . In addition , he was
============================================================

============================================================
Sweep Complete.
Average Time per Token: 0.285870
End-to-End TPS: 3.4981
Cache Stats: Hits=29663, Misses=673, HitRate=97.78%
Predictor Stats: Hits=2659, Total=3120, HitRate=85.22%
Initializing UnifiedLLMW4A16Impl_base
Using NPU config struct.
Configuring NPU (Base):
  Heterogeneity: gpu
  GPU Count: 1
  Debug Verbosity: 1
  Dummy Weights: false
  Warmup: false
  Preload MoE: true
  Minimal PDI: true
[GPU SELECT] Free VRAM ranking: gpu0=28.00/28.00 GiB
[GPU SELECT] Selected GPUs for gpu-count=1: [0]
[GPU MAP] Single-GPU placement on gpu0
[Predictor] Layer 0 model path resolved to: /home/michael/heteroPredict/trainingData/qwen3_30b/transformer_final_pfill_markov_emb/transformer_eh4_h64_f6/layer_0/best_jit.pt
[Predictor] Running on device: CPU (NPU path) (heterogeneity="gpu", predictor_device="cpu")
[ThreadedTorchScriptPredictor Layer 0] Detected history_length=4 from /home/michael/heteroPredict/trainingData/qwen3_30b/transformer_final_pfill_markov_emb/transformer_eh4_h64_f6/layer_0/best.json
[TorchScriptPredictor Layer 0] Loading model on CPU
[TorchScriptPredictor Layer 0] Assuming prefill_dist, prev_expert_onehot, and prev_layers_feat support (v3 API).
[TorchScriptPredictor Layer 0] prefill_dist support: yes, prev_expert_onehot support: yes, prev_layers_feat support: yes
[TorchScriptPredictor Layer 0] Loaded model: /home/michael/heteroPredict/trainingData/qwen3_30b/transformer_final_pfill_markov_emb/transformer_eh4_h64_f6/layer_0/best_jit.pt
[ThreadedTorchScriptPredictor Layer 1] Detected history_length=4 from /home/michael/heteroPredict/trainingData/qwen3_30b/transformer_final_pfill_markov_emb/transformer_eh4_h64_f6/layer_1/best.json
[TorchScriptPredictor Layer 1] Loading model on CPU
[TorchScriptPredictor Layer 1] Assuming prefill_dist, prev_expert_onehot, and prev_layers_feat support (v3 API).
[TorchScriptPredictor Layer 1] prefill_dist support: yes, prev_expert_onehot support: yes, prev_layers_feat support: yes
[TorchScriptPredictor Layer 1] Loaded model: /home/michael/heteroPredict/trainingData/qwen3_30b/transformer_final_pfill_markov_emb/transformer_eh4_h64_f6/layer_1/best_jit.pt
[ThreadedTorchScriptPredictor Layer 2] Detected history_length=4 from /home/michael/heteroPredict/trainingData/qwen3_30b/transformer_final_pfill_markov_emb/transformer_eh4_h64_f6/layer_2/best.json
[TorchScriptPredictor Layer 2] Loading model on CPU
[TorchScriptPredictor Layer 2] Assuming prefill_dist, prev_expert_onehot, and prev_layers_feat support (v3 API).
[TorchScriptPredictor Layer 2] prefill_dist support: yes, prev_expert_onehot support: yes, prev_layers_feat support: yes
[TorchScriptPredictor Layer 2] Loaded model: /home/michael/heteroPredict/trainingData/qwen3_30b/transformer_final_pfill_markov_emb/transformer_eh4_h64_f6/layer_2/best_jit.pt
[ThreadedTorchScriptPredictor Layer 3] Detected history_length=4 from /home/michael/heteroPredict/trainingData/qwen3_30b/transformer_final_pfill_markov_emb/transformer_eh4_h64_f6/layer_3/best.json
[TorchScriptPredictor Layer 3] Loading model on CPU
[TorchScriptPredictor Layer 3] Assuming prefill_dist, prev_expert_onehot, and prev_layers_feat support (v3 API).
[TorchScriptPredictor Layer 3] prefill_dist support: yes, prev_expert_onehot support: yes, prev_layers_feat support: yes
[TorchScriptPredictor Layer 3] Loaded model: /home/michael/heteroPredict/trainingData/qwen3_30b/transformer_final_pfill_markov_emb/transformer_eh4_h64_f6/layer_3/best_jit.pt
[ThreadedTorchScriptPredictor Layer 4] Detected history_length=4 from /home/michael/heteroPredict/trainingData/qwen3_30b/transformer_final_pfill_markov_emb/transformer_eh4_h64_f6/layer_4/best.json
[TorchScriptPredictor Layer 4] Loading model on CPU
[TorchScriptPredictor Layer 4] Assuming prefill_dist, prev_expert_onehot, and prev_layers_feat support (v3 API).
[TorchScriptPredictor Layer 4] prefill_dist support: yes, prev_expert_onehot support: yes, prev_layers_feat support: yes
[TorchScriptPredictor Layer 4] Loaded model: /home/michael/heteroPredict/trainingData/qwen3_30b/transformer_final_pfill_markov_emb/transformer_eh4_h64_f6/layer_4/best_jit.pt
[ThreadedTorchScriptPredictor Layer 5] Detected history_length=4 from /home/michael/heteroPredict/trainingData/qwen3_30b/transformer_final_pfill_markov_emb/transformer_eh4_h64_f6/layer_5/best.json
[TorchScriptPredictor Layer 5] Loading model on CPU
[TorchScriptPredictor Layer 5] Assuming prefill_dist, prev_expert_onehot, and prev_layers_feat support (v3 API).
[TorchScriptPredictor Layer 5] prefill_dist support: yes, prev_expert_onehot support: yes, prev_layers_feat support: yes
[TorchScriptPredictor Layer 5] Loaded model: /home/michael/heteroPredict/trainingData/qwen3_30b/transformer_final_pfill_markov_emb/transformer_eh4_h64_f6/layer_5/best_jit.pt
[ThreadedTorchScriptPredictor Layer 6] Detected history_length=4 from /home/michael/heteroPredict/trainingData/qwen3_30b/transformer_final_pfill_markov_emb/transformer_eh4_h64_f6/layer_6/best.json
[TorchScriptPredictor Layer 6] Loading model on CPU
[TorchScriptPredictor Layer 6] Assuming prefill_dist, prev_expert_onehot, and prev_layers_feat support (v3 API).
[TorchScriptPredictor Layer 6] prefill_dist support: yes, prev_expert_onehot support: yes, prev_layers_feat support: yes
[TorchScriptPredictor Layer 6] Loaded model: /home/michael/heteroPredict/trainingData/qwen3_30b/transformer_final_pfill_markov_emb/transformer_eh4_h64_f6/layer_6/best_jit.pt
[ThreadedTorchScriptPredictor Layer 7] Detected history_length=4 from /home/michael/heteroPredict/trainingData/qwen3_30b/transformer_final_pfill_markov_emb/transformer_eh4_h64_f6/layer_7/best.json
[TorchScriptPredictor Layer 7] Loading model on CPU
[TorchScriptPredictor Layer 7] Assuming prefill_dist, prev_expert_onehot, and prev_layers_feat support (v3 API).
[TorchScriptPredictor Layer 7] prefill_dist support: yes, prev_expert_onehot support: yes, prev_layers_feat support: yes
[TorchScriptPredictor Layer 7] Loaded model: /home/michael/heteroPredict/trainingData/qwen3_30b/transformer_final_pfill_markov_emb/transformer_eh4_h64_f6/layer_7/best_jit.pt
[ThreadedTorchScriptPredictor Layer 8] Detected history_length=4 from /home/michael/heteroPredict/trainingData/qwen3_30b/transformer_final_pfill_markov_emb/transformer_eh4_h64_f6/layer_8/best.json
[TorchScriptPredictor Layer 8] Loading model on CPU
[TorchScriptPredictor Layer 8] Assuming prefill_dist, prev_expert_onehot, and prev_layers_feat support (v3 API).
[TorchScriptPredictor Layer 8] prefill_dist support: yes, prev_expert_onehot support: yes, prev_layers_feat support: yes
[TorchScriptPredictor Layer 8] Loaded model: /home/michael/heteroPredict/trainingData/qwen3_30b/transformer_final_pfill_markov_emb/transformer_eh4_h64_f6/layer_8/best_jit.pt
[ThreadedTorchScriptPredictor Layer 9] Detected history_length=4 from /home/michael/heteroPredict/trainingData/qwen3_30b/transformer_final_pfill_markov_emb/transformer_eh4_h64_f6/layer_9/best.json
[TorchScriptPredictor Layer 9] Loading model on CPU
[TorchScriptPredictor Layer 9] Assuming prefill_dist, prev_expert_onehot, and prev_layers_feat support (v3 API).
[TorchScriptPredictor Layer 9] prefill_dist support: yes, prev_expert_onehot support: yes, prev_layers_feat support: yes
[TorchScriptPredictor Layer 9] Loaded model: /home/michael/heteroPredict/trainingData/qwen3_30b/transformer_final_pfill_markov_emb/transformer_eh4_h64_f6/layer_9/best_jit.pt
[ThreadedTorchScriptPredictor Layer 10] Detected history_length=4 from /home/michael/heteroPredict/trainingData/qwen3_30b/transformer_final_pfill_markov_emb/transformer_eh4_h64_f6/layer_10/best.json
[TorchScriptPredictor Layer 10] Loading model on CPU
[TorchScriptPredictor Layer 10] Assuming prefill_dist, prev_expert_onehot, and prev_layers_feat support (v3 API).
[TorchScriptPredictor Layer 10] prefill_dist support: yes, prev_expert_onehot support: yes, prev_layers_feat support: yes
[TorchScriptPredictor Layer 10] Loaded model: /home/michael/heteroPredict/trainingData/qwen3_30b/transformer_final_pfill_markov_emb/transformer_eh4_h64_f6/layer_10/best_jit.pt
[ThreadedTorchScriptPredictor Layer 11] Detected history_length=4 from /home/michael/heteroPredict/trainingData/qwen3_30b/transformer_final_pfill_markov_emb/transformer_eh4_h64_f6/layer_11/best.json
[TorchScriptPredictor Layer 11] Loading model on CPU
[TorchScriptPredictor Layer 11] Assuming prefill_dist, prev_expert_onehot, and prev_layers_feat support (v3 API).
[TorchScriptPredictor Layer 11] prefill_dist support: yes, prev_expert_onehot support: yes, prev_layers_feat support: yes
[TorchScriptPredictor Layer 11] Loaded model: /home/michael/heteroPredict/trainingData/qwen3_30b/transformer_final_pfill_markov_emb/transformer_eh4_h64_f6/layer_11/best_jit.pt
[ThreadedTorchScriptPredictor Layer 12] Detected history_length=4 from /home/michael/heteroPredict/trainingData/qwen3_30b/transformer_final_pfill_markov_emb/transformer_eh4_h64_f6/layer_12/best.json
[TorchScriptPredictor Layer 12] Loading model on CPU
[TorchScriptPredictor Layer 12] Assuming prefill_dist, prev_expert_onehot, and prev_layers_feat support (v3 API).
[TorchScriptPredictor Layer 12] prefill_dist support: yes, prev_expert_onehot support: yes, prev_layers_feat support: yes
[TorchScriptPredictor Layer 12] Loaded model: /home/michael/heteroPredict/trainingData/qwen3_30b/transformer_final_pfill_markov_emb/transformer_eh4_h64_f6/layer_12/best_jit.pt
[ThreadedTorchScriptPredictor Layer 13] Detected history_length=4 from /home/michael/heteroPredict/trainingData/qwen3_30b/transformer_final_pfill_markov_emb/transformer_eh4_h64_f6/layer_13/best.json
[TorchScriptPredictor Layer 13] Loading model on CPU
[TorchScriptPredictor Layer 13] Assuming prefill_dist, prev_expert_onehot, and prev_layers_feat support (v3 API).
[TorchScriptPredictor Layer 13] prefill_dist support: yes, prev_expert_onehot support: yes, prev_layers_feat support: yes
[TorchScriptPredictor Layer 13] Loaded model: /home/michael/heteroPredict/trainingData/qwen3_30b/transformer_final_pfill_markov_emb/transformer_eh4_h64_f6/layer_13/best_jit.pt
[ThreadedTorchScriptPredictor Layer 14] Detected history_length=4 from /home/michael/heteroPredict/trainingData/qwen3_30b/transformer_final_pfill_markov_emb/transformer_eh4_h64_f6/layer_14/best.json
[TorchScriptPredictor Layer 14] Loading model on CPU
[TorchScriptPredictor Layer 14] Assuming prefill_dist, prev_expert_onehot, and prev_layers_feat support (v3 API).
[TorchScriptPredictor Layer 14] prefill_dist support: yes, prev_expert_onehot support: yes, prev_layers_feat support: yes
[TorchScriptPredictor Layer 14] Loaded model: /home/michael/heteroPredict/trainingData/qwen3_30b/transformer_final_pfill_markov_emb/transformer_eh4_h64_f6/layer_14/best_jit.pt
[ThreadedTorchScriptPredictor Layer 15] Detected history_length=4 from /home/michael/heteroPredict/trainingData/qwen3_30b/transformer_final_pfill_markov_emb/transformer_eh4_h64_f6/layer_15/best.json
[TorchScriptPredictor Layer 15] Loading model on CPU
[TorchScriptPredictor Layer 15] Assuming prefill_dist, prev_expert_onehot, and prev_layers_feat support (v3 API).
[TorchScriptPredictor Layer 15] prefill_dist support: yes, prev_expert_onehot support: yes, prev_layers_feat support: yes
[TorchScriptPredictor Layer 15] Loaded model: /home/michael/heteroPredict/trainingData/qwen3_30b/transformer_final_pfill_markov_emb/transformer_eh4_h64_f6/layer_15/best_jit.pt
[ThreadedTorchScriptPredictor Layer 16] Detected history_length=4 from /home/michael/heteroPredict/trainingData/qwen3_30b/transformer_final_pfill_markov_emb/transformer_eh4_h64_f6/layer_16/best.json
[TorchScriptPredictor Layer 16] Loading model on CPU
[TorchScriptPredictor Layer 16] Assuming prefill_dist, prev_expert_onehot, and prev_layers_feat support (v3 API).
[TorchScriptPredictor Layer 16] prefill_dist support: yes, prev_expert_onehot support: yes, prev_layers_feat support: yes
[TorchScriptPredictor Layer 16] Loaded model: /home/michael/heteroPredict/trainingData/qwen3_30b/transformer_final_pfill_markov_emb/transformer_eh4_h64_f6/layer_16/best_jit.pt
[ThreadedTorchScriptPredictor Layer 17] Detected history_length=4 from /home/michael/heteroPredict/trainingData/qwen3_30b/transformer_final_pfill_markov_emb/transformer_eh4_h64_f6/layer_17/best.json
[TorchScriptPredictor Layer 17] Loading model on CPU
[TorchScriptPredictor Layer 17] Assuming prefill_dist, prev_expert_onehot, and prev_layers_feat support (v3 API).
[TorchScriptPredictor Layer 17] prefill_dist support: yes, prev_expert_onehot support: yes, prev_layers_feat support: yes
[TorchScriptPredictor Layer 17] Loaded model: /home/michael/heteroPredict/trainingData/qwen3_30b/transformer_final_pfill_markov_emb/transformer_eh4_h64_f6/layer_17/best_jit.pt
[ThreadedTorchScriptPredictor Layer 18] Detected history_length=4 from /home/michael/heteroPredict/trainingData/qwen3_30b/transformer_final_pfill_markov_emb/transformer_eh4_h64_f6/layer_18/best.json
[TorchScriptPredictor Layer 18] Loading model on CPU
[TorchScriptPredictor Layer 18] Assuming prefill_dist, prev_expert_onehot, and prev_layers_feat support (v3 API).
[TorchScriptPredictor Layer 18] prefill_dist support: yes, prev_expert_onehot support: yes, prev_layers_feat support: yes
[TorchScriptPredictor Layer 18] Loaded model: /home/michael/heteroPredict/trainingData/qwen3_30b/transformer_final_pfill_markov_emb/transformer_eh4_h64_f6/layer_18/best_jit.pt
[ThreadedTorchScriptPredictor Layer 19] Detected history_length=4 from /home/michael/heteroPredict/trainingData/qwen3_30b/transformer_final_pfill_markov_emb/transformer_eh4_h64_f6/layer_19/best.json
[TorchScriptPredictor Layer 19] Loading model on CPU
[TorchScriptPredictor Layer 19] Assuming prefill_dist, prev_expert_onehot, and prev_layers_feat support (v3 API).
[TorchScriptPredictor Layer 19] prefill_dist support: yes, prev_expert_onehot support: yes, prev_layers_feat support: yes
[TorchScriptPredictor Layer 19] Loaded model: /home/michael/heteroPredict/trainingData/qwen3_30b/transformer_final_pfill_markov_emb/transformer_eh4_h64_f6/layer_19/best_jit.pt
[ThreadedTorchScriptPredictor Layer 20] Detected history_length=4 from /home/michael/heteroPredict/trainingData/qwen3_30b/transformer_final_pfill_markov_emb/transformer_eh4_h64_f6/layer_20/best.json
[TorchScriptPredictor Layer 20] Loading model on CPU
[TorchScriptPredictor Layer 20] Assuming prefill_dist, prev_expert_onehot, and prev_layers_feat support (v3 API).
[TorchScriptPredictor Layer 20] prefill_dist support: yes, prev_expert_onehot support: yes, prev_layers_feat support: yes
[TorchScriptPredictor Layer 20] Loaded model: /home/michael/heteroPredict/trainingData/qwen3_30b/transformer_final_pfill_markov_emb/transformer_eh4_h64_f6/layer_20/best_jit.pt
[ThreadedTorchScriptPredictor Layer 21] Detected history_length=4 from /home/michael/heteroPredict/trainingData/qwen3_30b/transformer_final_pfill_markov_emb/transformer_eh4_h64_f6/layer_21/best.json
[TorchScriptPredictor Layer 21] Loading model on CPU
[TorchScriptPredictor Layer 21] Assuming prefill_dist, prev_expert_onehot, and prev_layers_feat support (v3 API).
[TorchScriptPredictor Layer 21] prefill_dist support: yes, prev_expert_onehot support: yes, prev_layers_feat support: yes
[TorchScriptPredictor Layer 21] Loaded model: /home/michael/heteroPredict/trainingData/qwen3_30b/transformer_final_pfill_markov_emb/transformer_eh4_h64_f6/layer_21/best_jit.pt
[ThreadedTorchScriptPredictor Layer 22] Detected history_length=4 from /home/michael/heteroPredict/trainingData/qwen3_30b/transformer_final_pfill_markov_emb/transformer_eh4_h64_f6/layer_22/best.json
[TorchScriptPredictor Layer 22] Loading model on CPU
[TorchScriptPredictor Layer 22] Assuming prefill_dist, prev_expert_onehot, and prev_layers_feat support (v3 API).
[TorchScriptPredictor Layer 22] prefill_dist support: yes, prev_expert_onehot support: yes, prev_layers_feat support: yes
[TorchScriptPredictor Layer 22] Loaded model: /home/michael/heteroPredict/trainingData/qwen3_30b/transformer_final_pfill_markov_emb/transformer_eh4_h64_f6/layer_22/best_jit.pt
[ThreadedTorchScriptPredictor Layer 23] Detected history_length=4 from /home/michael/heteroPredict/trainingData/qwen3_30b/transformer_final_pfill_markov_emb/transformer_eh4_h64_f6/layer_23/best.json
[TorchScriptPredictor Layer 23] Loading model on CPU
[TorchScriptPredictor Layer 23] Assuming prefill_dist, prev_expert_onehot, and prev_layers_feat support (v3 API).
[TorchScriptPredictor Layer 23] prefill_dist support: yes, prev_expert_onehot support: yes, prev_layers_feat support: yes
[TorchScriptPredictor Layer 23] Loaded model: /home/michael/heteroPredict/trainingData/qwen3_30b/transformer_final_pfill_markov_emb/transformer_eh4_h64_f6/layer_23/best_jit.pt
[ThreadedTorchScriptPredictor Layer 24] Detected history_length=4 from /home/michael/heteroPredict/trainingData/qwen3_30b/transformer_final_pfill_markov_emb/transformer_eh4_h64_f6/layer_24/best.json
[TorchScriptPredictor Layer 24] Loading model on CPU
[TorchScriptPredictor Layer 24] Assuming prefill_dist, prev_expert_onehot, and prev_layers_feat support (v3 API).
[TorchScriptPredictor Layer 24] prefill_dist support: yes, prev_expert_onehot support: yes, prev_layers_feat support: yes
[TorchScriptPredictor Layer 24] Loaded model: /home/michael/heteroPredict/trainingData/qwen3_30b/transformer_final_pfill_markov_emb/transformer_eh4_h64_f6/layer_24/best_jit.pt
[ThreadedTorchScriptPredictor Layer 25] Detected history_length=4 from /home/michael/heteroPredict/trainingData/qwen3_30b/transformer_final_pfill_markov_emb/transformer_eh4_h64_f6/layer_25/best.json
[TorchScriptPredictor Layer 25] Loading model on CPU
[TorchScriptPredictor Layer 25] Assuming prefill_dist, prev_expert_onehot, and prev_layers_feat support (v3 API).
[TorchScriptPredictor Layer 25] prefill_dist support: yes, prev_expert_onehot support: yes, prev_layers_feat support: yes
[TorchScriptPredictor Layer 25] Loaded model: /home/michael/heteroPredict/trainingData/qwen3_30b/transformer_final_pfill_markov_emb/transformer_eh4_h64_f6/layer_25/best_jit.pt
[ThreadedTorchScriptPredictor Layer 26] Detected history_length=4 from /home/michael/heteroPredict/trainingData/qwen3_30b/transformer_final_pfill_markov_emb/transformer_eh4_h64_f6/layer_26/best.json
[TorchScriptPredictor Layer 26] Loading model on CPU
[TorchScriptPredictor Layer 26] Assuming prefill_dist, prev_expert_onehot, and prev_layers_feat support (v3 API).
[TorchScriptPredictor Layer 26] prefill_dist support: yes, prev_expert_onehot support: yes, prev_layers_feat support: yes
[TorchScriptPredictor Layer 26] Loaded model: /home/michael/heteroPredict/trainingData/qwen3_30b/transformer_final_pfill_markov_emb/transformer_eh4_h64_f6/layer_26/best_jit.pt
[ThreadedTorchScriptPredictor Layer 27] Detected history_length=4 from /home/michael/heteroPredict/trainingData/qwen3_30b/transformer_final_pfill_markov_emb/transformer_eh4_h64_f6/layer_27/best.json
[TorchScriptPredictor Layer 27] Loading model on CPU
[TorchScriptPredictor Layer 27] Assuming prefill_dist, prev_expert_onehot, and prev_layers_feat support (v3 API).
[TorchScriptPredictor Layer 27] prefill_dist support: yes, prev_expert_onehot support: yes, prev_layers_feat support: yes
[TorchScriptPredictor Layer 27] Loaded model: /home/michael/heteroPredict/trainingData/qwen3_30b/transformer_final_pfill_markov_emb/transformer_eh4_h64_f6/layer_27/best_jit.pt
[ThreadedTorchScriptPredictor Layer 28] Detected history_length=4 from /home/michael/heteroPredict/trainingData/qwen3_30b/transformer_final_pfill_markov_emb/transformer_eh4_h64_f6/layer_28/best.json
[TorchScriptPredictor Layer 28] Loading model on CPU
[TorchScriptPredictor Layer 28] Assuming prefill_dist, prev_expert_onehot, and prev_layers_feat support (v3 API).
[TorchScriptPredictor Layer 28] prefill_dist support: yes, prev_expert_onehot support: yes, prev_layers_feat support: yes
[TorchScriptPredictor Layer 28] Loaded model: /home/michael/heteroPredict/trainingData/qwen3_30b/transformer_final_pfill_markov_emb/transformer_eh4_h64_f6/layer_28/best_jit.pt
[ThreadedTorchScriptPredictor Layer 29] Detected history_length=4 from /home/michael/heteroPredict/trainingData/qwen3_30b/transformer_final_pfill_markov_emb/transformer_eh4_h64_f6/layer_29/best.json
[TorchScriptPredictor Layer 29] Loading model on CPU
[TorchScriptPredictor Layer 29] Assuming prefill_dist, prev_expert_onehot, and prev_layers_feat support (v3 API).
[TorchScriptPredictor Layer 29] prefill_dist support: yes, prev_expert_onehot support: yes, prev_layers_feat support: yes
[TorchScriptPredictor Layer 29] Loaded model: /home/michael/heteroPredict/trainingData/qwen3_30b/transformer_final_pfill_markov_emb/transformer_eh4_h64_f6/layer_29/best_jit.pt
[ThreadedTorchScriptPredictor Layer 30] Detected history_length=4 from /home/michael/heteroPredict/trainingData/qwen3_30b/transformer_final_pfill_markov_emb/transformer_eh4_h64_f6/layer_30/best.json
[TorchScriptPredictor Layer 30] Loading model on CPU
[TorchScriptPredictor Layer 30] Assuming prefill_dist, prev_expert_onehot, and prev_layers_feat support (v3 API).
[TorchScriptPredictor Layer 30] prefill_dist support: yes, prev_expert_onehot support: yes, prev_layers_feat support: yes
[TorchScriptPredictor Layer 30] Loaded model: /home/michael/heteroPredict/trainingData/qwen3_30b/transformer_final_pfill_markov_emb/transformer_eh4_h64_f6/layer_30/best_jit.pt
[ThreadedTorchScriptPredictor Layer 31] Detected history_length=4 from /home/michael/heteroPredict/trainingData/qwen3_30b/transformer_final_pfill_markov_emb/transformer_eh4_h64_f6/layer_31/best.json
[TorchScriptPredictor Layer 31] Loading model on CPU
[TorchScriptPredictor Layer 31] Assuming prefill_dist, prev_expert_onehot, and prev_layers_feat support (v3 API).
[TorchScriptPredictor Layer 31] prefill_dist support: yes, prev_expert_onehot support: yes, prev_layers_feat support: yes
[TorchScriptPredictor Layer 31] Loaded model: /home/michael/heteroPredict/trainingData/qwen3_30b/transformer_final_pfill_markov_emb/transformer_eh4_h64_f6/layer_31/best_jit.pt
[ThreadedTorchScriptPredictor Layer 32] Detected history_length=4 from /home/michael/heteroPredict/trainingData/qwen3_30b/transformer_final_pfill_markov_emb/transformer_eh4_h64_f6/layer_32/best.json
[TorchScriptPredictor Layer 32] Loading model on CPU
[TorchScriptPredictor Layer 32] Assuming prefill_dist, prev_expert_onehot, and prev_layers_feat support (v3 API).
[TorchScriptPredictor Layer 32] prefill_dist support: yes, prev_expert_onehot support: yes, prev_layers_feat support: yes
[TorchScriptPredictor Layer 32] Loaded model: /home/michael/heteroPredict/trainingData/qwen3_30b/transformer_final_pfill_markov_emb/transformer_eh4_h64_f6/layer_32/best_jit.pt
[ThreadedTorchScriptPredictor Layer 33] Detected history_length=4 from /home/michael/heteroPredict/trainingData/qwen3_30b/transformer_final_pfill_markov_emb/transformer_eh4_h64_f6/layer_33/best.json
[TorchScriptPredictor Layer 33] Loading model on CPU
[TorchScriptPredictor Layer 33] Assuming prefill_dist, prev_expert_onehot, and prev_layers_feat support (v3 API).
[TorchScriptPredictor Layer 33] prefill_dist support: yes, prev_expert_onehot support: yes, prev_layers_feat support: yes
[TorchScriptPredictor Layer 33] Loaded model: /home/michael/heteroPredict/trainingData/qwen3_30b/transformer_final_pfill_markov_emb/transformer_eh4_h64_f6/layer_33/best_jit.pt
[ThreadedTorchScriptPredictor Layer 34] Detected history_length=4 from /home/michael/heteroPredict/trainingData/qwen3_30b/transformer_final_pfill_markov_emb/transformer_eh4_h64_f6/layer_34/best.json
[TorchScriptPredictor Layer 34] Loading model on CPU
[TorchScriptPredictor Layer 34] Assuming prefill_dist, prev_expert_onehot, and prev_layers_feat support (v3 API).
[TorchScriptPredictor Layer 34] prefill_dist support: yes, prev_expert_onehot support: yes, prev_layers_feat support: yes
[TorchScriptPredictor Layer 34] Loaded model: /home/michael/heteroPredict/trainingData/qwen3_30b/transformer_final_pfill_markov_emb/transformer_eh4_h64_f6/layer_34/best_jit.pt
[ThreadedTorchScriptPredictor Layer 35] Detected history_length=4 from /home/michael/heteroPredict/trainingData/qwen3_30b/transformer_final_pfill_markov_emb/transformer_eh4_h64_f6/layer_35/best.json
[TorchScriptPredictor Layer 35] Loading model on CPU
[TorchScriptPredictor Layer 35] Assuming prefill_dist, prev_expert_onehot, and prev_layers_feat support (v3 API).
[TorchScriptPredictor Layer 35] prefill_dist support: yes, prev_expert_onehot support: yes, prev_layers_feat support: yes
[TorchScriptPredictor Layer 35] Loaded model: /home/michael/heteroPredict/trainingData/qwen3_30b/transformer_final_pfill_markov_emb/transformer_eh4_h64_f6/layer_35/best_jit.pt
[ThreadedTorchScriptPredictor Layer 36] Detected history_length=4 from /home/michael/heteroPredict/trainingData/qwen3_30b/transformer_final_pfill_markov_emb/transformer_eh4_h64_f6/layer_36/best.json
[TorchScriptPredictor Layer 36] Loading model on CPU
[TorchScriptPredictor Layer 36] Assuming prefill_dist, prev_expert_onehot, and prev_layers_feat support (v3 API).
[TorchScriptPredictor Layer 36] prefill_dist support: yes, prev_expert_onehot support: yes, prev_layers_feat support: yes
[TorchScriptPredictor Layer 36] Loaded model: /home/michael/heteroPredict/trainingData/qwen3_30b/transformer_final_pfill_markov_emb/transformer_eh4_h64_f6/layer_36/best_jit.pt
[ThreadedTorchScriptPredictor Layer 37] Detected history_length=4 from /home/michael/heteroPredict/trainingData/qwen3_30b/transformer_final_pfill_markov_emb/transformer_eh4_h64_f6/layer_37/best.json
[TorchScriptPredictor Layer 37] Loading model on CPU
[TorchScriptPredictor Layer 37] Assuming prefill_dist, prev_expert_onehot, and prev_layers_feat support (v3 API).
[TorchScriptPredictor Layer 37] prefill_dist support: yes, prev_expert_onehot support: yes, prev_layers_feat support: yes
[TorchScriptPredictor Layer 37] Loaded model: /home/michael/heteroPredict/trainingData/qwen3_30b/transformer_final_pfill_markov_emb/transformer_eh4_h64_f6/layer_37/best_jit.pt
[ThreadedTorchScriptPredictor Layer 38] Detected history_length=4 from /home/michael/heteroPredict/trainingData/qwen3_30b/transformer_final_pfill_markov_emb/transformer_eh4_h64_f6/layer_38/best.json
[TorchScriptPredictor Layer 38] Loading model on CPU
[TorchScriptPredictor Layer 38] Assuming prefill_dist, prev_expert_onehot, and prev_layers_feat support (v3 API).
[TorchScriptPredictor Layer 38] prefill_dist support: yes, prev_expert_onehot support: yes, prev_layers_feat support: yes
[TorchScriptPredictor Layer 38] Loaded model: /home/michael/heteroPredict/trainingData/qwen3_30b/transformer_final_pfill_markov_emb/transformer_eh4_h64_f6/layer_38/best_jit.pt
[ThreadedTorchScriptPredictor Layer 39] Detected history_length=4 from /home/michael/heteroPredict/trainingData/qwen3_30b/transformer_final_pfill_markov_emb/transformer_eh4_h64_f6/layer_39/best.json
[TorchScriptPredictor Layer 39] Loading model on CPU
[TorchScriptPredictor Layer 39] Assuming prefill_dist, prev_expert_onehot, and prev_layers_feat support (v3 API).
[TorchScriptPredictor Layer 39] prefill_dist support: yes, prev_expert_onehot support: yes, prev_layers_feat support: yes
[TorchScriptPredictor Layer 39] Loaded model: /home/michael/heteroPredict/trainingData/qwen3_30b/transformer_final_pfill_markov_emb/transformer_eh4_h64_f6/layer_39/best_jit.pt
[ThreadedTorchScriptPredictor Layer 40] Detected history_length=4 from /home/michael/heteroPredict/trainingData/qwen3_30b/transformer_final_pfill_markov_emb/transformer_eh4_h64_f6/layer_40/best.json
[TorchScriptPredictor Layer 40] Loading model on CPU
[TorchScriptPredictor Layer 40] Assuming prefill_dist, prev_expert_onehot, and prev_layers_feat support (v3 API).
[TorchScriptPredictor Layer 40] prefill_dist support: yes, prev_expert_onehot support: yes, prev_layers_feat support: yes
[TorchScriptPredictor Layer 40] Loaded model: /home/michael/heteroPredict/trainingData/qwen3_30b/transformer_final_pfill_markov_emb/transformer_eh4_h64_f6/layer_40/best_jit.pt
[ThreadedTorchScriptPredictor Layer 41] Detected history_length=4 from /home/michael/heteroPredict/trainingData/qwen3_30b/transformer_final_pfill_markov_emb/transformer_eh4_h64_f6/layer_41/best.json
[TorchScriptPredictor Layer 41] Loading model on CPU
[TorchScriptPredictor Layer 41] Assuming prefill_dist, prev_expert_onehot, and prev_layers_feat support (v3 API).
[TorchScriptPredictor Layer 41] prefill_dist support: yes, prev_expert_onehot support: yes, prev_layers_feat support: yes
[TorchScriptPredictor Layer 41] Loaded model: /home/michael/heteroPredict/trainingData/qwen3_30b/transformer_final_pfill_markov_emb/transformer_eh4_h64_f6/layer_41/best_jit.pt
[ThreadedTorchScriptPredictor Layer 42] Detected history_length=4 from /home/michael/heteroPredict/trainingData/qwen3_30b/transformer_final_pfill_markov_emb/transformer_eh4_h64_f6/layer_42/best.json
[TorchScriptPredictor Layer 42] Loading model on CPU
[TorchScriptPredictor Layer 42] Assuming prefill_dist, prev_expert_onehot, and prev_layers_feat support (v3 API).
[TorchScriptPredictor Layer 42] prefill_dist support: yes, prev_expert_onehot support: yes, prev_layers_feat support: yes
[TorchScriptPredictor Layer 42] Loaded model: /home/michael/heteroPredict/trainingData/qwen3_30b/transformer_final_pfill_markov_emb/transformer_eh4_h64_f6/layer_42/best_jit.pt
[ThreadedTorchScriptPredictor Layer 43] Detected history_length=4 from /home/michael/heteroPredict/trainingData/qwen3_30b/transformer_final_pfill_markov_emb/transformer_eh4_h64_f6/layer_43/best.json
[TorchScriptPredictor Layer 43] Loading model on CPU
[TorchScriptPredictor Layer 43] Assuming prefill_dist, prev_expert_onehot, and prev_layers_feat support (v3 API).
[TorchScriptPredictor Layer 43] prefill_dist support: yes, prev_expert_onehot support: yes, prev_layers_feat support: yes
[TorchScriptPredictor Layer 43] Loaded model: /home/michael/heteroPredict/trainingData/qwen3_30b/transformer_final_pfill_markov_emb/transformer_eh4_h64_f6/layer_43/best_jit.pt
[ThreadedTorchScriptPredictor Layer 44] Detected history_length=4 from /home/michael/heteroPredict/trainingData/qwen3_30b/transformer_final_pfill_markov_emb/transformer_eh4_h64_f6/layer_44/best.json
[TorchScriptPredictor Layer 44] Loading model on CPU
[TorchScriptPredictor Layer 44] Assuming prefill_dist, prev_expert_onehot, and prev_layers_feat support (v3 API).
[TorchScriptPredictor Layer 44] prefill_dist support: yes, prev_expert_onehot support: yes, prev_layers_feat support: yes
[TorchScriptPredictor Layer 44] Loaded model: /home/michael/heteroPredict/trainingData/qwen3_30b/transformer_final_pfill_markov_emb/transformer_eh4_h64_f6/layer_44/best_jit.pt
[ThreadedTorchScriptPredictor Layer 45] Detected history_length=4 from /home/michael/heteroPredict/trainingData/qwen3_30b/transformer_final_pfill_markov_emb/transformer_eh4_h64_f6/layer_45/best.json
[TorchScriptPredictor Layer 45] Loading model on CPU
[TorchScriptPredictor Layer 45] Assuming prefill_dist, prev_expert_onehot, and prev_layers_feat support (v3 API).
[TorchScriptPredictor Layer 45] prefill_dist support: yes, prev_expert_onehot support: yes, prev_layers_feat support: yes
[TorchScriptPredictor Layer 45] Loaded model: /home/michael/heteroPredict/trainingData/qwen3_30b/transformer_final_pfill_markov_emb/transformer_eh4_h64_f6/layer_45/best_jit.pt
[ThreadedTorchScriptPredictor Layer 46] Detected history_length=4 from /home/michael/heteroPredict/trainingData/qwen3_30b/transformer_final_pfill_markov_emb/transformer_eh4_h64_f6/layer_46/best.json
[TorchScriptPredictor Layer 46] Loading model on CPU
[TorchScriptPredictor Layer 46] Assuming prefill_dist, prev_expert_onehot, and prev_layers_feat support (v3 API).
[TorchScriptPredictor Layer 46] prefill_dist support: yes, prev_expert_onehot support: yes, prev_layers_feat support: yes
[TorchScriptPredictor Layer 46] Loaded model: /home/michael/heteroPredict/trainingData/qwen3_30b/transformer_final_pfill_markov_emb/transformer_eh4_h64_f6/layer_46/best_jit.pt
[ThreadedTorchScriptPredictor Layer 47] Detected history_length=4 from /home/michael/heteroPredict/trainingData/qwen3_30b/transformer_final_pfill_markov_emb/transformer_eh4_h64_f6/layer_47/best.json
[TorchScriptPredictor Layer 47] Loading model on CPU
[TorchScriptPredictor Layer 47] Assuming prefill_dist, prev_expert_onehot, and prev_layers_feat support (v3 API).
[TorchScriptPredictor Layer 47] prefill_dist support: yes, prev_expert_onehot support: yes, prev_layers_feat support: yes
[TorchScriptPredictor Layer 47] Loaded model: /home/michael/heteroPredict/trainingData/qwen3_30b/transformer_final_pfill_markov_emb/transformer_eh4_h64_f6/layer_47/best_jit.pt
UnifiedLLMW4A16 moved to device: cuda:0
Preloading MoE kernels...
MoE kernels preloaded.
UnifiedLLMW4A16 initialized on device: cuda:0 with w4a16 quantization
[Predictor] Lookahead stride set to 6 (predictor fires every 6 decode tokens)
Loading non-quantized weights from safetensors (mmap): /home/michael/heteroPredict/py/unified_llm_w4a16/model_weights/Qwen3-30B-A3B-AWQ.safetensors
Loaded 243 non-quantized parameters, skipped 0
Loading quantized weights from bins: /home/michael/heteroPredict/py/unified_llm_w4a16/model_weights/Qwen3-30B-A3B-AWQ_unpacked
  Expert weights dir override: /home/michael/heteroPredict/py/unified_llm_w4a16/model_weights/Qwen3-30B-A3B-AWQ_packed
Pre-warming 64 experts for all layers...
Layer 0: Pre-warming 64 experts.
Layer 0: using packed expert format.
[MoE I/O] Expert weight reads require O_DIRECT (no buffered fallback).
Layer 1: Pre-warming 64 experts.
Layer 1: using packed expert format.
Layer 2: Pre-warming 64 experts.
Layer 2: using packed expert format.
Layer 3: Pre-warming 64 experts.
Layer 3: using packed expert format.
Prewarmed experts for layer 4/48
Layer 4: Pre-warming 64 experts.
Layer 4: using packed expert format.
Layer 5: Pre-warming 64 experts.
Layer 5: using packed expert format.
Layer 6: Pre-warming 64 experts.
Layer 6: using packed expert format.
Layer 7: Pre-warming 64 experts.
Layer 7: using packed expert format.
Prewarmed experts for layer 8/48
Layer 8: Pre-warming 64 experts.
Layer 8: using packed expert format.
Layer 9: Pre-warming 64 experts.
Layer 9: using packed expert format.
Layer 10: Pre-warming 64 experts.
Layer 10: using packed expert format.
Layer 11: Pre-warming 64 experts.
Layer 11: using packed expert format.
Prewarmed experts for layer 12/48
Layer 12: Pre-warming 64 experts.
Layer 12: using packed expert format.
Layer 13: Pre-warming 64 experts.
Layer 13: using packed expert format.
Layer 14: Pre-warming 64 experts.
Layer 14: using packed expert format.
Layer 15: Pre-warming 64 experts.
Layer 15: using packed expert format.
Prewarmed experts for layer 16/48
Layer 16: Pre-warming 64 experts.
Layer 16: using packed expert format.
Layer 17: Pre-warming 64 experts.
Layer 17: using packed expert format.
Layer 18: Pre-warming 64 experts.
Layer 18: using packed expert format.
Layer 19: Pre-warming 64 experts.
Layer 19: using packed expert format.
Prewarmed experts for layer 20/48
Layer 20: Pre-warming 64 experts.
Layer 20: using packed expert format.
Layer 21: Pre-warming 64 experts.
Layer 21: using packed expert format.
Layer 22: Pre-warming 64 experts.
Layer 22: using packed expert format.
Layer 23: Pre-warming 64 experts.
Layer 23: using packed expert format.
Prewarmed experts for layer 24/48
Layer 24: Pre-warming 64 experts.
Layer 24: using packed expert format.
Layer 25: Pre-warming 64 experts.
Layer 25: using packed expert format.
Layer 26: Pre-warming 64 experts.
Layer 26: using packed expert format.
Layer 27: Pre-warming 64 experts.
Layer 27: using packed expert format.
Prewarmed experts for layer 28/48
Layer 28: Pre-warming 64 experts.
Layer 28: using packed expert format.
Layer 29: Pre-warming 64 experts.
Layer 29: using packed expert format.
Layer 30: Pre-warming 64 experts.
Layer 30: using packed expert format.
Layer 31: Pre-warming 64 experts.
Layer 31: using packed expert format.
Prewarmed experts for layer 32/48
Layer 32: Pre-warming 64 experts.
Layer 32: using packed expert format.
Layer 33: Pre-warming 64 experts.
Layer 33: using packed expert format.
Layer 34: Pre-warming 64 experts.
Layer 34: using packed expert format.
Layer 35: Pre-warming 64 experts.
Layer 35: using packed expert format.
Prewarmed experts for layer 36/48
Layer 36: Pre-warming 64 experts.
Layer 36: using packed expert format.
Layer 37: Pre-warming 64 experts.
Layer 37: using packed expert format.
Layer 38: Pre-warming 64 experts.
Layer 38: using packed expert format.
Layer 39: Pre-warming 64 experts.
Layer 39: using packed expert format.
Prewarmed experts for layer 40/48
Layer 40: Pre-warming 64 experts.
Layer 40: using packed expert format.
Layer 41: Pre-warming 64 experts.
Layer 41: using packed expert format.
Layer 42: Pre-warming 64 experts.
Layer 42: using packed expert format.
Layer 43: Pre-warming 64 experts.
Layer 43: using packed expert format.
Prewarmed experts for layer 44/48
Layer 44: Pre-warming 64 experts.
Layer 44: using packed expert format.
Layer 45: Pre-warming 64 experts.
Layer 45: using packed expert format.
Layer 46: Pre-warming 64 experts.
Layer 46: using packed expert format.
Layer 47: Pre-warming 64 experts.
Layer 47: using packed expert format.
Prewarmed experts for layer 48/48
Libtorch input_ids shape: [1, 512]
Skipping warmup.
Prefill time: 13.4014 seconds
[Predictor] Prefill-end expert cache warmup (excluded from generation TPS).
[Layer 0 Warmup Debug] predict_sync returned: 46 72 28 33 32 100 64 75 119 118 58 122 50 21 92 78 47 91 110 103 102 120 82 22 0 77 49 86 83 85 14 81 67 24 68 106 105 101 76 31 11 65 57 112 62 124 63 87 117 89 6 98 51 69 4 66 53 107 41 13 111 40 38 84 95 61 45 114 37 17 48 29 16 12 3 23 93 109 126 88 9 74 35 25 44 7 127 26 18 99 121 123 43 80 70 52 116 2 73 34 60 27 97 30 104 125 71 113 90 1 20 94 108 5 42 54 8 59 56 115 96 39 15 55 10 19 79 36 
[Layer 0 Warmup Debug] experts_to_prefetch returned: 46 72 28 33 32 100 64 75 119 118 58 122 50 21 92 78 47 91 110 103 102 120 82 22 0 77 49 86 83 85 14 81 67 24 68 106 
[Layer 0 Warmup Debug] After prefill-end warmup, slots are: 64 50 21 67 68 78 47 22 72 0 49 75 14 77 24 81 82 83 84 85 86 87 88 89 91 92 93 94 95 97 98 99 100 101 102 103 104 105 106 107 109 110 111 112 113 114 115 116 117 118 119 120 121 122 123 124 125 126 127 46 28 33 32 58 
Generation phase
[Layer 0 Step 0 Debug] Slots before check: 64 50 21 67 68 78 47 22 72 0 49 75 14 77 24 81 82 83 84 85 86 87 88 89 91 92 93 94 95 97 98 99 100 101 102 103 104 105 106 107 109 110 111 112 113 114 115 116 117 118 119 120 121 122 123 124 125 126 127 46 28 33 32 58 
[Layer 0 Step 0 Debug] Requested: 105 77 28 91 122 112 64 46 
[gen 5/79] elapsed=0.5s  TPS=9.489
[gen 10/79] elapsed=1.1s  TPS=9.479
[gen 15/79] elapsed=1.5s  TPS=9.794
[gen 20/79] elapsed=1.9s  TPS=10.383
[gen 25/79] elapsed=2.3s  TPS=10.754
[gen 30/79] elapsed=3.0s  TPS=10.168
[gen 35/79] elapsed=3.6s  TPS=9.766
[gen 40/79] elapsed=4.0s  TPS=9.995
[gen 45/79] elapsed=4.4s  TPS=10.300
[gen 50/79] elapsed=4.7s  TPS=10.593
[gen 55/79] elapsed=5.0s  TPS=10.915
[gen 60/79] elapsed=5.4s  TPS=11.054
[gen 65/79] elapsed=5.8s  TPS=11.225
[gen 70/79] elapsed=6.2s  TPS=11.226
[gen 75/79] elapsed=6.6s  TPS=11.348
Prefill time (summary): 13.401 seconds
Total Generation Time: 7.059 seconds
Average Time per Token: 0.089353 seconds

Expert Cache Statistics:
Layer 0 Cache Stats: Hits=555, Misses=77, HitRate=87.82%
    Predictor Routed-Expert HitRate=47.69% (31/65, routed_n=5, horizon=6)
    Predictor RoutedForcedN HitRate=47.69% (31/65)
    Predictor RoutedTopK HitRate=56.73% (59/104)
    Predicted RequestedByRouterForcedN Rate=6.62% (31/468)
    Predicted RequestedByRouterTopK Rate=12.61% (59/468)
    Predictor WindowRecall Rate=51.50% (240/466)
    Predictor WindowPrecision Rate=51.28% (240/468)
    Loads Per Step: 0Loads=35, 1Load=21, >1Load=23
    Bandwidth: StallLoads=77, PrefetchLoads=48, AvgLoadTime=2.85ms
    PrefetchOverlap: HiddenReady=17, HiddenWait=0, TicksSkipped=0
    MissCause: NotPresent=77, NotReadyStall=0
    PrefetchEff: Dropped=0, AlreadyCached=456, UsedBeforeEvict=17, EvictedBeforeUse=26
    GlobalSpecLoad: PeakConcurrent=8
    Predictor TopK matches: 0=1 1=2 >=2=10
Layer 1 Cache Stats: Hits=592, Misses=40, HitRate=93.67%
    Predictor Routed-Expert HitRate=64.62% (42/65, routed_n=5, horizon=6)
    Predictor RoutedForcedN HitRate=64.62% (42/65)
    Predictor RoutedTopK HitRate=67.31% (70/104)
    Predicted RequestedByRouterForcedN Rate=8.97% (42/468)
    Predicted RequestedByRouterTopK Rate=14.96% (70/468)
    Predictor WindowRecall Rate=67.10% (261/389)
    Predictor WindowPrecision Rate=55.77% (261/468)
    Loads Per Step: 0Loads=52, 1Load=17, >1Load=10
    Bandwidth: StallLoads=40, PrefetchLoads=24, AvgLoadTime=3.93ms
    PrefetchOverlap: HiddenReady=10, HiddenWait=0, TicksSkipped=0
    MissCause: NotPresent=40, NotReadyStall=0
    PrefetchEff: Dropped=0, AlreadyCached=480, UsedBeforeEvict=10, EvictedBeforeUse=8
    Predictor TopK matches: 0=0 1=1 >=2=12
Layer 2 Cache Stats: Hits=612, Misses=20, HitRate=96.84%
    Predictor Routed-Expert HitRate=75.38% (49/65, routed_n=5, horizon=6)
    Predictor RoutedForcedN HitRate=75.38% (49/65)
    Predictor RoutedTopK HitRate=76.92% (80/104)
    Predicted RequestedByRouterForcedN Rate=10.47% (49/468)
    Predicted RequestedByRouterTopK Rate=17.09% (80/468)
    Predictor WindowRecall Rate=69.27% (257/371)
    Predictor WindowPrecision Rate=54.91% (257/468)
    Loads Per Step: 0Loads=60, 1Load=18, >1Load=1
    Bandwidth: StallLoads=20, PrefetchLoads=23, AvgLoadTime=4.32ms
    PrefetchOverlap: HiddenReady=13, HiddenWait=0, TicksSkipped=0
    MissCause: NotPresent=20, NotReadyStall=0
    PrefetchEff: Dropped=0, AlreadyCached=481, UsedBeforeEvict=13, EvictedBeforeUse=5
    Predictor TopK matches: 0=0 1=0 >=2=13
Layer 3 Cache Stats: Hits=595, Misses=37, HitRate=94.15%
    Predictor Routed-Expert HitRate=66.15% (43/65, routed_n=5, horizon=6)
    Predictor RoutedForcedN HitRate=66.15% (43/65)
    Predictor RoutedTopK HitRate=65.38% (68/104)
    Predicted RequestedByRouterForcedN Rate=9.19% (43/468)
    Predicted RequestedByRouterTopK Rate=14.53% (68/468)
    Predictor WindowRecall Rate=62.91% (229/364)
    Predictor WindowPrecision Rate=48.93% (229/468)
    Loads Per Step: 0Loads=50, 1Load=23, >1Load=6
    Bandwidth: StallLoads=37, PrefetchLoads=27, AvgLoadTime=4.71ms
    PrefetchOverlap: HiddenReady=17, HiddenWait=0, TicksSkipped=0
    MissCause: NotPresent=37, NotReadyStall=0
    PrefetchEff: Dropped=0, AlreadyCached=477, UsedBeforeEvict=17, EvictedBeforeUse=6
    Predictor TopK matches: 0=0 1=0 >=2=13
Layer 4 Cache Stats: Hits=619, Misses=13, HitRate=97.94%
    Predictor Routed-Expert HitRate=75.38% (49/65, routed_n=5, horizon=6)
    Predictor RoutedForcedN HitRate=75.38% (49/65)
    Predictor RoutedTopK HitRate=75.00% (78/104)
    Predicted RequestedByRouterForcedN Rate=10.47% (49/468)
    Predicted RequestedByRouterTopK Rate=16.67% (78/468)
    Predictor WindowRecall Rate=72.60% (257/354)
    Predictor WindowPrecision Rate=54.91% (257/468)
    Loads Per Step: 0Loads=66, 1Load=13, >1Load=0
    Bandwidth: StallLoads=13, PrefetchLoads=18, AvgLoadTime=5.08ms
    PrefetchOverlap: HiddenReady=8, HiddenWait=0, TicksSkipped=0
    MissCause: NotPresent=13, NotReadyStall=0
    PrefetchEff: Dropped=0, AlreadyCached=486, UsedBeforeEvict=8, EvictedBeforeUse=5
    Predictor TopK matches: 0=0 1=1 >=2=12
Layer 5 Cache Stats: Hits=617, Misses=15, HitRate=97.63%
    Predictor Routed-Expert HitRate=83.08% (54/65, routed_n=5, horizon=6)
    Predictor RoutedForcedN HitRate=83.08% (54/65)
    Predictor RoutedTopK HitRate=80.77% (84/104)
    Predicted RequestedByRouterForcedN Rate=11.54% (54/468)
    Predicted RequestedByRouterTopK Rate=17.95% (84/468)
    Predictor WindowRecall Rate=77.27% (255/330)
    Predictor WindowPrecision Rate=54.49% (255/468)
    Loads Per Step: 0Loads=64, 1Load=15, >1Load=0
    Bandwidth: StallLoads=15, PrefetchLoads=24, AvgLoadTime=5.31ms
    PrefetchOverlap: HiddenReady=17, HiddenWait=0, TicksSkipped=0
    MissCause: NotPresent=15, NotReadyStall=0
    PrefetchEff: Dropped=0, AlreadyCached=480, UsedBeforeEvict=17, EvictedBeforeUse=4
    Predictor TopK matches: 0=0 1=0 >=2=13
Layer 6 Cache Stats: Hits=631, Misses=1, HitRate=99.84%
    Predictor Routed-Expert HitRate=98.46% (64/65, routed_n=5, horizon=6)
    Predictor RoutedForcedN HitRate=98.46% (64/65)
    Predictor RoutedTopK HitRate=93.27% (97/104)
    Predicted RequestedByRouterForcedN Rate=13.68% (64/468)
    Predicted RequestedByRouterTopK Rate=20.73% (97/468)
    Predictor WindowRecall Rate=87.26% (226/259)
    Predictor WindowPrecision Rate=48.29% (226/468)
    Loads Per Step: 0Loads=78, 1Load=1, >1Load=0
    Bandwidth: StallLoads=1, PrefetchLoads=11, AvgLoadTime=6.49ms
    PrefetchOverlap: HiddenReady=8, HiddenWait=0, TicksSkipped=0
    MissCause: NotPresent=1, NotReadyStall=0
    PrefetchEff: Dropped=0, AlreadyCached=493, UsedBeforeEvict=8, EvictedBeforeUse=0
    Predictor TopK matches: 0=0 1=0 >=2=13
Layer 7 Cache Stats: Hits=628, Misses=4, HitRate=99.37%
    Predictor Routed-Expert HitRate=96.92% (63/65, routed_n=5, horizon=6)
    Predictor RoutedForcedN HitRate=96.92% (63/65)
    Predictor RoutedTopK HitRate=93.27% (97/104)
    Predicted RequestedByRouterForcedN Rate=13.46% (63/468)
    Predicted RequestedByRouterTopK Rate=20.73% (97/468)
    Predictor WindowRecall Rate=90.87% (219/241)
    Predictor WindowPrecision Rate=46.79% (219/468)
    Loads Per Step: 0Loads=76, 1Load=2, >1Load=1
    Bandwidth: StallLoads=4, PrefetchLoads=6, AvgLoadTime=5.12ms
    PrefetchOverlap: HiddenReady=1, HiddenWait=0, TicksSkipped=0
    MissCause: NotPresent=4, NotReadyStall=0
    PrefetchEff: Dropped=0, AlreadyCached=498, UsedBeforeEvict=1, EvictedBeforeUse=0
    Predictor TopK matches: 0=0 1=0 >=2=13
Layer 8 Cache Stats: Hits=623, Misses=9, HitRate=98.58%
    Predictor Routed-Expert HitRate=78.46% (51/65, routed_n=5, horizon=6)
    Predictor RoutedForcedN HitRate=78.46% (51/65)
    Predictor RoutedTopK HitRate=75.96% (79/104)
    Predicted RequestedByRouterForcedN Rate=10.90% (51/468)
    Predicted RequestedByRouterTopK Rate=16.88% (79/468)
    Predictor WindowRecall Rate=79.02% (241/305)
    Predictor WindowPrecision Rate=51.50% (241/468)
    Loads Per Step: 0Loads=71, 1Load=7, >1Load=1
    Bandwidth: StallLoads=9, PrefetchLoads=13, AvgLoadTime=7.08ms
    PrefetchOverlap: HiddenReady=8, HiddenWait=0, TicksSkipped=0
    MissCause: NotPresent=9, NotReadyStall=0
    PrefetchEff: Dropped=0, AlreadyCached=491, UsedBeforeEvict=8, EvictedBeforeUse=1
    Predictor TopK matches: 0=0 1=0 >=2=13
Layer 9 Cache Stats: Hits=625, Misses=7, HitRate=98.89%
    Predictor Routed-Expert HitRate=92.31% (60/65, routed_n=5, horizon=6)
    Predictor RoutedForcedN HitRate=92.31% (60/65)
    Predictor RoutedTopK HitRate=86.54% (90/104)
    Predicted RequestedByRouterForcedN Rate=12.82% (60/468)
    Predicted RequestedByRouterTopK Rate=19.23% (90/468)
    Predictor WindowRecall Rate=83.09% (226/272)
    Predictor WindowPrecision Rate=48.29% (226/468)
    Loads Per Step: 0Loads=72, 1Load=7, >1Load=0
    Bandwidth: StallLoads=7, PrefetchLoads=10, AvgLoadTime=6.48ms
    PrefetchOverlap: HiddenReady=6, HiddenWait=0, TicksSkipped=0
    MissCause: NotPresent=7, NotReadyStall=0
    PrefetchEff: Dropped=0, AlreadyCached=494, UsedBeforeEvict=6, EvictedBeforeUse=0
    Predictor TopK matches: 0=0 1=0 >=2=13
Layer 10 Cache Stats: Hits=620, Misses=12, HitRate=98.10%
    Predictor Routed-Expert HitRate=86.15% (56/65, routed_n=5, horizon=6)
    Predictor RoutedForcedN HitRate=86.15% (56/65)
    Predictor RoutedTopK HitRate=80.77% (84/104)
    Predicted RequestedByRouterForcedN Rate=11.97% (56/468)
    Predicted RequestedByRouterTopK Rate=17.95% (84/468)
    Predictor WindowRecall Rate=76.85% (239/311)
    Predictor WindowPrecision Rate=51.07% (239/468)
    Loads Per Step: 0Loads=67, 1Load=12, >1Load=0
    Bandwidth: StallLoads=12, PrefetchLoads=24, AvgLoadTime=5.35ms
    PrefetchOverlap: HiddenReady=17, HiddenWait=0, TicksSkipped=0
    MissCause: NotPresent=12, NotReadyStall=0
    PrefetchEff: Dropped=0, AlreadyCached=480, UsedBeforeEvict=17, EvictedBeforeUse=5
    Predictor TopK matches: 0=0 1=0 >=2=13
Layer 11 Cache Stats: Hits=612, Misses=20, HitRate=96.84%
    Predictor Routed-Expert HitRate=69.23% (45/65, routed_n=5, horizon=6)
    Predictor RoutedForcedN HitRate=69.23% (45/65)
    Predictor RoutedTopK HitRate=66.35% (69/104)
    Predicted RequestedByRouterForcedN Rate=9.62% (45/468)
    Predicted RequestedByRouterTopK Rate=14.74% (69/468)
    Predictor WindowRecall Rate=71.60% (232/324)
    Predictor WindowPrecision Rate=49.57% (232/468)
    Loads Per Step: 0Loads=62, 1Load=14, >1Load=3
    Bandwidth: StallLoads=20, PrefetchLoads=33, AvgLoadTime=4.75ms
    PrefetchOverlap: HiddenReady=19, HiddenWait=0, TicksSkipped=0
    MissCause: NotPresent=20, NotReadyStall=0
    PrefetchEff: Dropped=0, AlreadyCached=471, UsedBeforeEvict=19, EvictedBeforeUse=7
    Predictor TopK matches: 0=0 1=1 >=2=12
Layer 12 Cache Stats: Hits=622, Misses=10, HitRate=98.42%
    Predictor Routed-Expert HitRate=75.38% (49/65, routed_n=5, horizon=6)
    Predictor RoutedForcedN HitRate=75.38% (49/65)
    Predictor RoutedTopK HitRate=75.96% (79/104)
    Predicted RequestedByRouterForcedN Rate=10.47% (49/468)
    Predicted RequestedByRouterTopK Rate=16.88% (79/468)
    Predictor WindowRecall Rate=78.12% (225/288)
    Predictor WindowPrecision Rate=48.08% (225/468)
    Loads Per Step: 0Loads=69, 1Load=10, >1Load=0
    Bandwidth: StallLoads=10, PrefetchLoads=19, AvgLoadTime=5.73ms
    PrefetchOverlap: HiddenReady=12, HiddenWait=0, TicksSkipped=0
    MissCause: NotPresent=10, NotReadyStall=0
    PrefetchEff: Dropped=0, AlreadyCached=485, UsedBeforeEvict=12, EvictedBeforeUse=4
    Predictor TopK matches: 0=0 1=0 >=2=13
Layer 13 Cache Stats: Hits=616, Misses=16, HitRate=97.47%
    Predictor Routed-Expert HitRate=73.85% (48/65, routed_n=5, horizon=6)
    Predictor RoutedForcedN HitRate=73.85% (48/65)
    Predictor RoutedTopK HitRate=69.23% (72/104)
    Predicted RequestedByRouterForcedN Rate=10.26% (48/468)
    Predicted RequestedByRouterTopK Rate=15.38% (72/468)
    Predictor WindowRecall Rate=74.03% (268/362)
    Predictor WindowPrecision Rate=57.26% (268/468)
    Loads Per Step: 0Loads=65, 1Load=12, >1Load=2
    Bandwidth: StallLoads=16, PrefetchLoads=17, AvgLoadTime=5.79ms
    PrefetchOverlap: HiddenReady=10, HiddenWait=0, TicksSkipped=0
    MissCause: NotPresent=16, NotReadyStall=0
    PrefetchEff: Dropped=0, AlreadyCached=487, UsedBeforeEvict=10, EvictedBeforeUse=5
    Predictor TopK matches: 0=0 1=0 >=2=13
Layer 14 Cache Stats: Hits=623, Misses=9, HitRate=98.58%
    Predictor Routed-Expert HitRate=76.92% (50/65, routed_n=5, horizon=6)
    Predictor RoutedForcedN HitRate=76.92% (50/65)
    Predictor RoutedTopK HitRate=78.85% (82/104)
    Predicted RequestedByRouterForcedN Rate=10.68% (50/468)
    Predicted RequestedByRouterTopK Rate=17.52% (82/468)
    Predictor WindowRecall Rate=78.32% (242/309)
    Predictor WindowPrecision Rate=51.71% (242/468)
    Loads Per Step: 0Loads=71, 1Load=7, >1Load=1
    Bandwidth: StallLoads=9, PrefetchLoads=15, AvgLoadTime=6.08ms
    PrefetchOverlap: HiddenReady=8, HiddenWait=0, TicksSkipped=0
    MissCause: NotPresent=9, NotReadyStall=0
    PrefetchEff: Dropped=0, AlreadyCached=489, UsedBeforeEvict=8, EvictedBeforeUse=3
    Predictor TopK matches: 0=0 1=0 >=2=13
Layer 15 Cache Stats: Hits=625, Misses=7, HitRate=98.89%
    Predictor Routed-Expert HitRate=89.23% (58/65, routed_n=5, horizon=6)
    Predictor RoutedForcedN HitRate=89.23% (58/65)
    Predictor RoutedTopK HitRate=85.58% (89/104)
    Predicted RequestedByRouterForcedN Rate=12.39% (58/468)
    Predicted RequestedByRouterTopK Rate=19.02% (89/468)
    Predictor WindowRecall Rate=83.85% (244/291)
    Predictor WindowPrecision Rate=52.14% (244/468)
    Loads Per Step: 0Loads=73, 1Load=5, >1Load=1
    Bandwidth: StallLoads=7, PrefetchLoads=14, AvgLoadTime=5.48ms
    PrefetchOverlap: HiddenReady=7, HiddenWait=0, TicksSkipped=0
    MissCause: NotPresent=7, NotReadyStall=0
    PrefetchEff: Dropped=0, AlreadyCached=490, UsedBeforeEvict=7, EvictedBeforeUse=2
    Predictor TopK matches: 0=0 1=0 >=2=13
Layer 16 Cache Stats: Hits=621, Misses=11, HitRate=98.26%
    Predictor Routed-Expert HitRate=83.08% (54/65, routed_n=5, horizon=6)
    Predictor RoutedForcedN HitRate=83.08% (54/65)
    Predictor RoutedTopK HitRate=80.77% (84/104)
    Predicted RequestedByRouterForcedN Rate=11.54% (54/468)
    Predicted RequestedByRouterTopK Rate=17.95% (84/468)
    Predictor WindowRecall Rate=75.31% (244/324)
    Predictor WindowPrecision Rate=52.14% (244/468)
    Loads Per Step: 0Loads=68, 1Load=11, >1Load=0
    Bandwidth: StallLoads=11, PrefetchLoads=17, AvgLoadTime=5.72ms
    PrefetchOverlap: HiddenReady=13, HiddenWait=0, TicksSkipped=0
    MissCause: NotPresent=11, NotReadyStall=0
    PrefetchEff: Dropped=0, AlreadyCached=487, UsedBeforeEvict=13, EvictedBeforeUse=2
    Predictor TopK matches: 0=0 1=0 >=2=13
Layer 17 Cache Stats: Hits=626, Misses=6, HitRate=99.05%
    Predictor Routed-Expert HitRate=84.62% (55/65, routed_n=5, horizon=6)
    Predictor RoutedForcedN HitRate=84.62% (55/65)
    Predictor RoutedTopK HitRate=87.50% (91/104)
    Predicted RequestedByRouterForcedN Rate=11.75% (55/468)
    Predicted RequestedByRouterTopK Rate=19.44% (91/468)
    Predictor WindowRecall Rate=84.95% (271/319)
    Predictor WindowPrecision Rate=57.91% (271/468)
    Loads Per Step: 0Loads=73, 1Load=6, >1Load=0
    Bandwidth: StallLoads=6, PrefetchLoads=17, AvgLoadTime=4.61ms
    PrefetchOverlap: HiddenReady=12, HiddenWait=0, TicksSkipped=0
    MissCause: NotPresent=6, NotReadyStall=0
    PrefetchEff: Dropped=0, AlreadyCached=487, UsedBeforeEvict=12, EvictedBeforeUse=1
    Predictor TopK matches: 0=0 1=0 >=2=13
Layer 18 Cache Stats: Hits=631, Misses=1, HitRate=99.84%
    Predictor Routed-Expert HitRate=96.92% (63/65, routed_n=5, horizon=6)
    Predictor RoutedForcedN HitRate=96.92% (63/65)
    Predictor RoutedTopK HitRate=97.12% (101/104)
    Predicted RequestedByRouterForcedN Rate=13.46% (63/468)
    Predicted RequestedByRouterTopK Rate=21.58% (101/468)
    Predictor WindowRecall Rate=91.87% (226/246)
    Predictor WindowPrecision Rate=48.29% (226/468)
    Loads Per Step: 0Loads=78, 1Load=1, >1Load=0
    Bandwidth: StallLoads=1, PrefetchLoads=12, AvgLoadTime=7.49ms
    PrefetchOverlap: HiddenReady=8, HiddenWait=0, TicksSkipped=0
    MissCause: NotPresent=1, NotReadyStall=0
    PrefetchEff: Dropped=0, AlreadyCached=492, UsedBeforeEvict=8, EvictedBeforeUse=0
    Predictor TopK matches: 0=0 1=0 >=2=13
Layer 19 Cache Stats: Hits=631, Misses=1, HitRate=99.84%
    Predictor Routed-Expert HitRate=100.00% (65/65, routed_n=5, horizon=6)
    Predictor RoutedForcedN HitRate=100.00% (65/65)
    Predictor RoutedTopK HitRate=96.15% (100/104)
    Predicted RequestedByRouterForcedN Rate=13.89% (65/468)
    Predicted RequestedByRouterTopK Rate=21.37% (100/468)
    Predictor WindowRecall Rate=94.85% (221/233)
    Predictor WindowPrecision Rate=47.22% (221/468)
    Loads Per Step: 0Loads=78, 1Load=1, >1Load=0
    Bandwidth: StallLoads=1, PrefetchLoads=6, AvgLoadTime=7.11ms
    PrefetchOverlap: HiddenReady=4, HiddenWait=0, TicksSkipped=0
    MissCause: NotPresent=1, NotReadyStall=0
    PrefetchEff: Dropped=0, AlreadyCached=498, UsedBeforeEvict=4, EvictedBeforeUse=0
    Predictor TopK matches: 0=0 1=0 >=2=13
Layer 20 Cache Stats: Hits=625, Misses=7, HitRate=98.89%
    Predictor Routed-Expert HitRate=92.31% (60/65, routed_n=5, horizon=6)
    Predictor RoutedForcedN HitRate=92.31% (60/65)
    Predictor RoutedTopK HitRate=92.31% (96/104)
    Predicted RequestedByRouterForcedN Rate=12.82% (60/468)
    Predicted RequestedByRouterTopK Rate=20.51% (96/468)
    Predictor WindowRecall Rate=87.23% (239/274)
    Predictor WindowPrecision Rate=51.07% (239/468)
    Loads Per Step: 0Loads=72, 1Load=7, >1Load=0
    Bandwidth: StallLoads=7, PrefetchLoads=16, AvgLoadTime=5.08ms
    PrefetchOverlap: HiddenReady=10, HiddenWait=0, TicksSkipped=0
    MissCause: NotPresent=7, NotReadyStall=0
    PrefetchEff: Dropped=0, AlreadyCached=488, UsedBeforeEvict=10, EvictedBeforeUse=0
    Predictor TopK matches: 0=0 1=0 >=2=13
Layer 21 Cache Stats: Hits=626, Misses=6, HitRate=99.05%
    Predictor Routed-Expert HitRate=86.15% (56/65, routed_n=5, horizon=6)
    Predictor RoutedForcedN HitRate=86.15% (56/65)
    Predictor RoutedTopK HitRate=84.62% (88/104)
    Predicted RequestedByRouterForcedN Rate=11.97% (56/468)
    Predicted RequestedByRouterTopK Rate=18.80% (88/468)
    Predictor WindowRecall Rate=88.60% (241/272)
    Predictor WindowPrecision Rate=51.50% (241/468)
    Loads Per Step: 0Loads=73, 1Load=6, >1Load=0
    Bandwidth: StallLoads=6, PrefetchLoads=5, AvgLoadTime=8.05ms
    PrefetchOverlap: HiddenReady=3, HiddenWait=0, TicksSkipped=0
    MissCause: NotPresent=6, NotReadyStall=0
    PrefetchEff: Dropped=0, AlreadyCached=499, UsedBeforeEvict=3, EvictedBeforeUse=0
    Predictor TopK matches: 0=0 1=0 >=2=13
Layer 22 Cache Stats: Hits=623, Misses=9, HitRate=98.58%
    Predictor Routed-Expert HitRate=80.00% (52/65, routed_n=5, horizon=6)
    Predictor RoutedForcedN HitRate=80.00% (52/65)
    Predictor RoutedTopK HitRate=82.69% (86/104)
    Predicted RequestedByRouterForcedN Rate=11.11% (52/468)
    Predicted RequestedByRouterTopK Rate=18.38% (86/468)
    Predictor WindowRecall Rate=78.83% (242/307)
    Predictor WindowPrecision Rate=51.71% (242/468)
    Loads Per Step: 0Loads=70, 1Load=9, >1Load=0
    Bandwidth: StallLoads=9, PrefetchLoads=21, AvgLoadTime=4.07ms
    PrefetchOverlap: HiddenReady=15, HiddenWait=0, TicksSkipped=0
    MissCause: NotPresent=9, NotReadyStall=0
    PrefetchEff: Dropped=0, AlreadyCached=483, UsedBeforeEvict=15, EvictedBeforeUse=4
    Predictor TopK matches: 0=0 1=0 >=2=13
Layer 23 Cache Stats: Hits=614, Misses=18, HitRate=97.15%
    Predictor Routed-Expert HitRate=83.08% (54/65, routed_n=5, horizon=6)
    Predictor RoutedForcedN HitRate=83.08% (54/65)
    Predictor RoutedTopK HitRate=81.73% (85/104)
    Predicted RequestedByRouterForcedN Rate=11.54% (54/468)
    Predicted RequestedByRouterTopK Rate=18.16% (85/468)
    Predictor WindowRecall Rate=77.20% (254/329)
    Predictor WindowPrecision Rate=54.27% (254/468)
    Loads Per Step: 0Loads=62, 1Load=16, >1Load=1
    Bandwidth: StallLoads=18, PrefetchLoads=25, AvgLoadTime=4.99ms
    PrefetchOverlap: HiddenReady=19, HiddenWait=0, TicksSkipped=0
    MissCause: NotPresent=18, NotReadyStall=0
    PrefetchEff: Dropped=0, AlreadyCached=479, UsedBeforeEvict=19, EvictedBeforeUse=5
    Predictor TopK matches: 0=0 1=0 >=2=13
Layer 24 Cache Stats: Hits=624, Misses=8, HitRate=98.73%
    Predictor Routed-Expert HitRate=83.08% (54/65, routed_n=5, horizon=6)
    Predictor RoutedForcedN HitRate=83.08% (54/65)
    Predictor RoutedTopK HitRate=83.65% (87/104)
    Predicted RequestedByRouterForcedN Rate=11.54% (54/468)
    Predicted RequestedByRouterTopK Rate=18.59% (87/468)
    Predictor WindowRecall Rate=84.54% (246/291)
    Predictor WindowPrecision Rate=52.56% (246/468)
    Loads Per Step: 0Loads=71, 1Load=8, >1Load=0
    Bandwidth: StallLoads=8, PrefetchLoads=27, AvgLoadTime=5.45ms
    PrefetchOverlap: HiddenReady=16, HiddenWait=0, TicksSkipped=0
    MissCause: NotPresent=8, NotReadyStall=0
    PrefetchEff: Dropped=0, AlreadyCached=477, UsedBeforeEvict=16, EvictedBeforeUse=3
    Predictor TopK matches: 0=0 1=0 >=2=13
Layer 25 Cache Stats: Hits=617, Misses=15, HitRate=97.63%
    Predictor Routed-Expert HitRate=78.46% (51/65, routed_n=5, horizon=6)
    Predictor RoutedForcedN HitRate=78.46% (51/65)
    Predictor RoutedTopK HitRate=78.85% (82/104)
    Predicted RequestedByRouterForcedN Rate=10.90% (51/468)
    Predicted RequestedByRouterTopK Rate=17.52% (82/468)
    Predictor WindowRecall Rate=77.45% (261/337)
    Predictor WindowPrecision Rate=55.77% (261/468)
    Loads Per Step: 0Loads=64, 1Load=15, >1Load=0
    Bandwidth: StallLoads=15, PrefetchLoads=17, AvgLoadTime=5.93ms
    PrefetchOverlap: HiddenReady=13, HiddenWait=0, TicksSkipped=0
    MissCause: NotPresent=15, NotReadyStall=0
    PrefetchEff: Dropped=0, AlreadyCached=487, UsedBeforeEvict=13, EvictedBeforeUse=2
    Predictor TopK matches: 0=0 1=0 >=2=13
Layer 26 Cache Stats: Hits=623, Misses=9, HitRate=98.58%
    Predictor Routed-Expert HitRate=84.62% (55/65, routed_n=5, horizon=6)
    Predictor RoutedForcedN HitRate=84.62% (55/65)
    Predictor RoutedTopK HitRate=85.58% (89/104)
    Predicted RequestedByRouterForcedN Rate=11.75% (55/468)
    Predicted RequestedByRouterTopK Rate=19.02% (89/468)
    Predictor WindowRecall Rate=83.22% (253/304)
    Predictor WindowPrecision Rate=54.06% (253/468)
    Loads Per Step: 0Loads=71, 1Load=7, >1Load=1
    Bandwidth: StallLoads=9, PrefetchLoads=19, AvgLoadTime=6.06ms
    PrefetchOverlap: HiddenReady=14, HiddenWait=0, TicksSkipped=0
    MissCause: NotPresent=9, NotReadyStall=0
    PrefetchEff: Dropped=0, AlreadyCached=485, UsedBeforeEvict=14, EvictedBeforeUse=1
    Predictor TopK matches: 0=0 1=0 >=2=13
Layer 27 Cache Stats: Hits=622, Misses=10, HitRate=98.42%
    Predictor Routed-Expert HitRate=87.69% (57/65, routed_n=5, horizon=6)
    Predictor RoutedForcedN HitRate=87.69% (57/65)
    Predictor RoutedTopK HitRate=84.62% (88/104)
    Predicted RequestedByRouterForcedN Rate=12.18% (57/468)
    Predicted RequestedByRouterTopK Rate=18.80% (88/468)
    Predictor WindowRecall Rate=86.18% (237/275)
    Predictor WindowPrecision Rate=50.64% (237/468)
    Loads Per Step: 0Loads=70, 1Load=8, >1Load=1
    Bandwidth: StallLoads=10, PrefetchLoads=9, AvgLoadTime=6.63ms
    PrefetchOverlap: HiddenReady=5, HiddenWait=0, TicksSkipped=0
    MissCause: NotPresent=10, NotReadyStall=0
    PrefetchEff: Dropped=0, AlreadyCached=495, UsedBeforeEvict=5, EvictedBeforeUse=0
    Predictor TopK matches: 0=0 1=0 >=2=13
Layer 28 Cache Stats: Hits=626, Misses=6, HitRate=99.05%
    Predictor Routed-Expert HitRate=83.08% (54/65, routed_n=5, horizon=6)
    Predictor RoutedForcedN HitRate=83.08% (54/65)
    Predictor RoutedTopK HitRate=83.65% (87/104)
    Predicted RequestedByRouterForcedN Rate=11.54% (54/468)
    Predicted RequestedByRouterTopK Rate=18.59% (87/468)
    Predictor WindowRecall Rate=80.06% (261/326)
    Predictor WindowPrecision Rate=55.77% (261/468)
    Loads Per Step: 0Loads=73, 1Load=6, >1Load=0
    Bandwidth: StallLoads=6, PrefetchLoads=16, AvgLoadTime=6.34ms
    PrefetchOverlap: HiddenReady=13, HiddenWait=0, TicksSkipped=0
    MissCause: NotPresent=6, NotReadyStall=0
    PrefetchEff: Dropped=0, AlreadyCached=488, UsedBeforeEvict=13, EvictedBeforeUse=0
    Predictor TopK matches: 0=0 1=0 >=2=13
Layer 29 Cache Stats: Hits=616, Misses=16, HitRate=97.47%
    Predictor Routed-Expert HitRate=86.15% (56/65, routed_n=5, horizon=6)
    Predictor RoutedForcedN HitRate=86.15% (56/65)
    Predictor RoutedTopK HitRate=89.42% (93/104)
    Predicted RequestedByRouterForcedN Rate=11.97% (56/468)
    Predicted RequestedByRouterTopK Rate=19.87% (93/468)
    Predictor WindowRecall Rate=82.20% (254/309)
    Predictor WindowPrecision Rate=54.27% (254/468)
    Loads Per Step: 0Loads=64, 1Load=14, >1Load=1
    Bandwidth: StallLoads=16, PrefetchLoads=23, AvgLoadTime=5.63ms
    PrefetchOverlap: HiddenReady=17, HiddenWait=0, TicksSkipped=0
    MissCause: NotPresent=16, NotReadyStall=0
    PrefetchEff: Dropped=0, AlreadyCached=481, UsedBeforeEvict=17, EvictedBeforeUse=4
    Predictor TopK matches: 0=0 1=0 >=2=13
Layer 30 Cache Stats: Hits=631, Misses=1, HitRate=99.84%
    Predictor Routed-Expert HitRate=89.23% (58/65, routed_n=5, horizon=6)
    Predictor RoutedForcedN HitRate=89.23% (58/65)
    Predictor RoutedTopK HitRate=89.42% (93/104)
    Predicted RequestedByRouterForcedN Rate=12.39% (58/468)
    Predicted RequestedByRouterTopK Rate=19.87% (93/468)
    Predictor WindowRecall Rate=90.04% (217/241)
    Predictor WindowPrecision Rate=46.37% (217/468)
    Loads Per Step: 0Loads=78, 1Load=1, >1Load=0
    Bandwidth: StallLoads=1, PrefetchLoads=9, AvgLoadTime=11.06ms
    PrefetchOverlap: HiddenReady=7, HiddenWait=0, TicksSkipped=0
    MissCause: NotPresent=1, NotReadyStall=0
    PrefetchEff: Dropped=0, AlreadyCached=495, UsedBeforeEvict=7, EvictedBeforeUse=0
    Predictor TopK matches: 0=0 1=0 >=2=13
Layer 31 Cache Stats: Hits=629, Misses=3, HitRate=99.53%
    Predictor Routed-Expert HitRate=92.31% (60/65, routed_n=5, horizon=6)
    Predictor RoutedForcedN HitRate=92.31% (60/65)
    Predictor RoutedTopK HitRate=89.42% (93/104)
    Predicted RequestedByRouterForcedN Rate=12.82% (60/468)
    Predicted RequestedByRouterTopK Rate=19.87% (93/468)
    Predictor WindowRecall Rate=90.53% (220/243)
    Predictor WindowPrecision Rate=47.01% (220/468)
    Loads Per Step: 0Loads=76, 1Load=3, >1Load=0
    Bandwidth: StallLoads=3, PrefetchLoads=12, AvgLoadTime=6.10ms
    PrefetchOverlap: HiddenReady=8, HiddenWait=0, TicksSkipped=0
    MissCause: NotPresent=3, NotReadyStall=0
    PrefetchEff: Dropped=0, AlreadyCached=492, UsedBeforeEvict=8, EvictedBeforeUse=0
    Predictor TopK matches: 0=0 1=0 >=2=13
Layer 32 Cache Stats: Hits=623, Misses=9, HitRate=98.58%
    Predictor Routed-Expert HitRate=89.23% (58/65, routed_n=5, horizon=6)
    Predictor RoutedForcedN HitRate=89.23% (58/65)
    Predictor RoutedTopK HitRate=85.58% (89/104)
    Predicted RequestedByRouterForcedN Rate=12.39% (58/468)
    Predicted RequestedByRouterTopK Rate=19.02% (89/468)
    Predictor WindowRecall Rate=82.01% (228/278)
    Predictor WindowPrecision Rate=48.72% (228/468)
    Loads Per Step: 0Loads=71, 1Load=7, >1Load=1
    Bandwidth: StallLoads=9, PrefetchLoads=8, AvgLoadTime=8.04ms
    PrefetchOverlap: HiddenReady=7, HiddenWait=0, TicksSkipped=0
    MissCause: NotPresent=9, NotReadyStall=0
    PrefetchEff: Dropped=0, AlreadyCached=496, UsedBeforeEvict=7, EvictedBeforeUse=0
    Predictor TopK matches: 0=0 1=0 >=2=13
Layer 33 Cache Stats: Hits=625, Misses=7, HitRate=98.89%
    Predictor Routed-Expert HitRate=86.15% (56/65, routed_n=5, horizon=6)
    Predictor RoutedForcedN HitRate=86.15% (56/65)
    Predictor RoutedTopK HitRate=85.58% (89/104)
    Predicted RequestedByRouterForcedN Rate=11.97% (56/468)
    Predicted RequestedByRouterTopK Rate=19.02% (89/468)
    Predictor WindowRecall Rate=86.71% (248/286)
    Predictor WindowPrecision Rate=52.99% (248/468)
    Loads Per Step: 0Loads=72, 1Load=7, >1Load=0
    Bandwidth: StallLoads=7, PrefetchLoads=12, AvgLoadTime=5.92ms
    PrefetchOverlap: HiddenReady=7, HiddenWait=0, TicksSkipped=0
    MissCause: NotPresent=7, NotReadyStall=0
    PrefetchEff: Dropped=0, AlreadyCached=492, UsedBeforeEvict=7, EvictedBeforeUse=2
    Predictor TopK matches: 0=0 1=0 >=2=13
Layer 34 Cache Stats: Hits=618, Misses=14, HitRate=97.78%
    Predictor Routed-Expert HitRate=90.77% (59/65, routed_n=5, horizon=6)
    Predictor RoutedForcedN HitRate=90.77% (59/65)
    Predictor RoutedTopK HitRate=85.58% (89/104)
    Predicted RequestedByRouterForcedN Rate=12.61% (59/468)
    Predicted RequestedByRouterTopK Rate=19.02% (89/468)
    Predictor WindowRecall Rate=78.37% (250/319)
    Predictor WindowPrecision Rate=53.42% (250/468)
    Loads Per Step: 0Loads=65, 1Load=14, >1Load=0
    Bandwidth: StallLoads=14, PrefetchLoads=17, AvgLoadTime=5.54ms
    PrefetchOverlap: HiddenReady=15, HiddenWait=0, TicksSkipped=0
    MissCause: NotPresent=14, NotReadyStall=0
    PrefetchEff: Dropped=0, AlreadyCached=487, UsedBeforeEvict=15, EvictedBeforeUse=1
    Predictor TopK matches: 0=0 1=0 >=2=13
Layer 35 Cache Stats: Hits=611, Misses=21, HitRate=96.68%
    Predictor Routed-Expert HitRate=76.92% (50/65, routed_n=5, horizon=6)
    Predictor RoutedForcedN HitRate=76.92% (50/65)
    Predictor RoutedTopK HitRate=77.88% (81/104)
    Predicted RequestedByRouterForcedN Rate=10.68% (50/468)
    Predicted RequestedByRouterTopK Rate=17.31% (81/468)
    Predictor WindowRecall Rate=72.21% (252/349)
    Predictor WindowPrecision Rate=53.85% (252/468)
    Loads Per Step: 0Loads=61, 1Load=15, >1Load=3
    Bandwidth: StallLoads=21, PrefetchLoads=31, AvgLoadTime=4.61ms
    PrefetchOverlap: HiddenReady=23, HiddenWait=0, TicksSkipped=0
    MissCause: NotPresent=21, NotReadyStall=0
    PrefetchEff: Dropped=0, AlreadyCached=473, UsedBeforeEvict=23, EvictedBeforeUse=5
    Predictor TopK matches: 0=0 1=0 >=2=13
Layer 36 Cache Stats: Hits=621, Misses=11, HitRate=98.26%
    Predictor Routed-Expert HitRate=83.08% (54/65, routed_n=5, horizon=6)
    Predictor RoutedForcedN HitRate=83.08% (54/65)
    Predictor RoutedTopK HitRate=81.73% (85/104)
    Predicted RequestedByRouterForcedN Rate=11.54% (54/468)
    Predicted RequestedByRouterTopK Rate=18.16% (85/468)
    Predictor WindowRecall Rate=83.28% (259/311)
    Predictor WindowPrecision Rate=55.34% (259/468)
    Loads Per Step: 0Loads=70, 1Load=7, >1Load=2
    Bandwidth: StallLoads=11, PrefetchLoads=19, AvgLoadTime=6.45ms
    PrefetchOverlap: HiddenReady=13, HiddenWait=0, TicksSkipped=0
    MissCause: NotPresent=11, NotReadyStall=0
    PrefetchEff: Dropped=0, AlreadyCached=485, UsedBeforeEvict=13, EvictedBeforeUse=2
    Predictor TopK matches: 0=0 1=0 >=2=13
Layer 37 Cache Stats: Hits=624, Misses=8, HitRate=98.73%
    Predictor Routed-Expert HitRate=86.15% (56/65, routed_n=5, horizon=6)
    Predictor RoutedForcedN HitRate=86.15% (56/65)
    Predictor RoutedTopK HitRate=84.62% (88/104)
    Predicted RequestedByRouterForcedN Rate=11.97% (56/468)
    Predicted RequestedByRouterTopK Rate=18.80% (88/468)
    Predictor WindowRecall Rate=78.79% (286/363)
    Predictor WindowPrecision Rate=61.11% (286/468)
    Loads Per Step: 0Loads=72, 1Load=6, >1Load=1
    Bandwidth: StallLoads=8, PrefetchLoads=22, AvgLoadTime=6.86ms
    PrefetchOverlap: HiddenReady=16, HiddenWait=0, TicksSkipped=0
    MissCause: NotPresent=8, NotReadyStall=0
    PrefetchEff: Dropped=0, AlreadyCached=482, UsedBeforeEvict=16, EvictedBeforeUse=4
    Predictor TopK matches: 0=0 1=0 >=2=13
Layer 38 Cache Stats: Hits=625, Misses=7, HitRate=98.89%
    Predictor Routed-Expert HitRate=92.31% (60/65, routed_n=5, horizon=6)
    Predictor RoutedForcedN HitRate=92.31% (60/65)
    Predictor RoutedTopK HitRate=90.38% (94/104)
    Predicted RequestedByRouterForcedN Rate=12.82% (60/468)
    Predicted RequestedByRouterTopK Rate=20.09% (94/468)
    Predictor WindowRecall Rate=84.71% (266/314)
    Predictor WindowPrecision Rate=56.84% (266/468)
    Loads Per Step: 0Loads=72, 1Load=7, >1Load=0
    Bandwidth: StallLoads=7, PrefetchLoads=18, AvgLoadTime=6.82ms
    PrefetchOverlap: HiddenReady=12, HiddenWait=0, TicksSkipped=0
    MissCause: NotPresent=7, NotReadyStall=0
    PrefetchEff: Dropped=0, AlreadyCached=486, UsedBeforeEvict=12, EvictedBeforeUse=3
    Predictor TopK matches: 0=0 1=0 >=2=13
Layer 39 Cache Stats: Hits=628, Misses=4, HitRate=99.37%
    Predictor Routed-Expert HitRate=92.31% (60/65, routed_n=5, horizon=6)
    Predictor RoutedForcedN HitRate=92.31% (60/65)
    Predictor RoutedTopK HitRate=87.50% (91/104)
    Predicted RequestedByRouterForcedN Rate=12.82% (60/468)
    Predicted RequestedByRouterTopK Rate=19.44% (91/468)
    Predictor WindowRecall Rate=84.77% (256/302)
    Predictor WindowPrecision Rate=54.70% (256/468)
    Loads Per Step: 0Loads=77, 1Load=1, >1Load=1
    Bandwidth: StallLoads=4, PrefetchLoads=11, AvgLoadTime=8.62ms
    PrefetchOverlap: HiddenReady=9, HiddenWait=0, TicksSkipped=0
    MissCause: NotPresent=4, NotReadyStall=0
    PrefetchEff: Dropped=0, AlreadyCached=493, UsedBeforeEvict=9, EvictedBeforeUse=0
    Predictor TopK matches: 0=0 1=0 >=2=13
Layer 40 Cache Stats: Hits=626, Misses=6, HitRate=99.05%
    Predictor Routed-Expert HitRate=89.23% (58/65, routed_n=5, horizon=6)
    Predictor RoutedForcedN HitRate=89.23% (58/65)
    Predictor RoutedTopK HitRate=87.50% (91/104)
    Predicted RequestedByRouterForcedN Rate=12.39% (58/468)
    Predicted RequestedByRouterTopK Rate=19.44% (91/468)
    Predictor WindowRecall Rate=84.54% (268/317)
    Predictor WindowPrecision Rate=57.26% (268/468)
    Loads Per Step: 0Loads=74, 1Load=4, >1Load=1
    Bandwidth: StallLoads=6, PrefetchLoads=9, AvgLoadTime=7.16ms
    PrefetchOverlap: HiddenReady=8, HiddenWait=0, TicksSkipped=0
    MissCause: NotPresent=6, NotReadyStall=0
    PrefetchEff: Dropped=0, AlreadyCached=495, UsedBeforeEvict=8, EvictedBeforeUse=0
    Predictor TopK matches: 0=0 1=0 >=2=13
Layer 41 Cache Stats: Hits=625, Misses=7, HitRate=98.89%
    Predictor Routed-Expert HitRate=95.38% (62/65, routed_n=5, horizon=6)
    Predictor RoutedForcedN HitRate=95.38% (62/65)
    Predictor RoutedTopK HitRate=92.31% (96/104)
    Predicted RequestedByRouterForcedN Rate=13.25% (62/468)
    Predicted RequestedByRouterTopK Rate=20.51% (96/468)
    Predictor WindowRecall Rate=86.31% (309/358)
    Predictor WindowPrecision Rate=66.03% (309/468)
    Loads Per Step: 0Loads=72, 1Load=7, >1Load=0
    Bandwidth: StallLoads=7, PrefetchLoads=9, AvgLoadTime=8.87ms
    PrefetchOverlap: HiddenReady=8, HiddenWait=0, TicksSkipped=0
    MissCause: NotPresent=7, NotReadyStall=0
    PrefetchEff: Dropped=0, AlreadyCached=495, UsedBeforeEvict=8, EvictedBeforeUse=0
    Predictor TopK matches: 0=0 1=0 >=2=13
Layer 42 Cache Stats: Hits=623, Misses=9, HitRate=98.58%
    Predictor Routed-Expert HitRate=90.77% (59/65, routed_n=5, horizon=6)
    Predictor RoutedForcedN HitRate=90.77% (59/65)
    Predictor RoutedTopK HitRate=89.42% (93/104)
    Predicted RequestedByRouterForcedN Rate=12.61% (59/468)
    Predicted RequestedByRouterTopK Rate=19.87% (93/468)
    Predictor WindowRecall Rate=83.15% (296/356)
    Predictor WindowPrecision Rate=63.25% (296/468)
    Loads Per Step: 0Loads=71, 1Load=7, >1Load=1
    Bandwidth: StallLoads=9, PrefetchLoads=10, AvgLoadTime=6.88ms
    PrefetchOverlap: HiddenReady=9, HiddenWait=0, TicksSkipped=0
    MissCause: NotPresent=9, NotReadyStall=0
    PrefetchEff: Dropped=0, AlreadyCached=494, UsedBeforeEvict=9, EvictedBeforeUse=0
    Predictor TopK matches: 0=0 1=0 >=2=13
Layer 43 Cache Stats: Hits=631, Misses=1, HitRate=99.84%
    Predictor Routed-Expert HitRate=100.00% (65/65, routed_n=5, horizon=6)
    Predictor RoutedForcedN HitRate=100.00% (65/65)
    Predictor RoutedTopK HitRate=96.15% (100/104)
    Predicted RequestedByRouterForcedN Rate=13.89% (65/468)
    Predicted RequestedByRouterTopK Rate=21.37% (100/468)
    Predictor WindowRecall Rate=91.00% (283/311)
    Predictor WindowPrecision Rate=60.47% (283/468)
    Loads Per Step: 0Loads=78, 1Load=1, >1Load=0
    Bandwidth: StallLoads=1, PrefetchLoads=7, AvgLoadTime=12.51ms
    PrefetchOverlap: HiddenReady=6, HiddenWait=0, TicksSkipped=0
    MissCause: NotPresent=1, NotReadyStall=0
    PrefetchEff: Dropped=0, AlreadyCached=497, UsedBeforeEvict=6, EvictedBeforeUse=0
    Predictor TopK matches: 0=0 1=0 >=2=13
Layer 44 Cache Stats: Hits=631, Misses=1, HitRate=99.84%
    Predictor Routed-Expert HitRate=98.46% (64/65, routed_n=5, horizon=6)
    Predictor RoutedForcedN HitRate=98.46% (64/65)
    Predictor RoutedTopK HitRate=96.15% (100/104)
    Predicted RequestedByRouterForcedN Rate=13.68% (64/468)
    Predicted RequestedByRouterTopK Rate=21.37% (100/468)
    Predictor WindowRecall Rate=94.37% (268/284)
    Predictor WindowPrecision Rate=57.26% (268/468)
    Loads Per Step: 0Loads=78, 1Load=1, >1Load=0
    Bandwidth: StallLoads=1, PrefetchLoads=7, AvgLoadTime=10.62ms
    PrefetchOverlap: HiddenReady=3, HiddenWait=0, TicksSkipped=0
    MissCause: NotPresent=1, NotReadyStall=0
    PrefetchEff: Dropped=0, AlreadyCached=497, UsedBeforeEvict=3, EvictedBeforeUse=0
    Predictor TopK matches: 0=0 1=0 >=2=13
Layer 45 Cache Stats: Hits=628, Misses=4, HitRate=99.37%
    Predictor Routed-Expert HitRate=96.92% (63/65, routed_n=5, horizon=6)
    Predictor RoutedForcedN HitRate=96.92% (63/65)
    Predictor RoutedTopK HitRate=97.12% (101/104)
    Predicted RequestedByRouterForcedN Rate=13.46% (63/468)
    Predicted RequestedByRouterTopK Rate=21.58% (101/468)
    Predictor WindowRecall Rate=92.45% (257/278)
    Predictor WindowPrecision Rate=54.91% (257/468)
    Loads Per Step: 0Loads=76, 1Load=2, >1Load=1
    Bandwidth: StallLoads=4, PrefetchLoads=3, AvgLoadTime=7.05ms
    PrefetchOverlap: HiddenReady=2, HiddenWait=0, TicksSkipped=0
    MissCause: NotPresent=4, NotReadyStall=0
    PrefetchEff: Dropped=0, AlreadyCached=501, UsedBeforeEvict=2, EvictedBeforeUse=0
    Predictor TopK matches: 0=0 1=0 >=2=13
Layer 46 Cache Stats: Hits=629, Misses=3, HitRate=99.53%
    Predictor Routed-Expert HitRate=98.46% (64/65, routed_n=5, horizon=6)
    Predictor RoutedForcedN HitRate=98.46% (64/65)
    Predictor RoutedTopK HitRate=96.15% (100/104)
    Predicted RequestedByRouterForcedN Rate=13.68% (64/468)
    Predicted RequestedByRouterTopK Rate=21.37% (100/468)
    Predictor WindowRecall Rate=90.38% (263/291)
    Predictor WindowPrecision Rate=56.20% (263/468)
    Loads Per Step: 0Loads=76, 1Load=3, >1Load=0
    Bandwidth: StallLoads=3, PrefetchLoads=6, AvgLoadTime=5.07ms
    PrefetchOverlap: HiddenReady=5, HiddenWait=0, TicksSkipped=0
    MissCause: NotPresent=3, NotReadyStall=0
    PrefetchEff: Dropped=0, AlreadyCached=498, UsedBeforeEvict=5, EvictedBeforeUse=0
    Predictor TopK matches: 0=0 1=0 >=2=13
Layer 47 Cache Stats: Hits=627, Misses=5, HitRate=99.21%
    Predictor Routed-Expert HitRate=96.92% (63/65, routed_n=5, horizon=6)
    Predictor RoutedForcedN HitRate=96.92% (63/65)
    Predictor RoutedTopK HitRate=96.15% (100/104)
    Predicted RequestedByRouterForcedN Rate=13.46% (63/468)
    Predicted RequestedByRouterTopK Rate=21.37% (100/468)
    Predictor WindowRecall Rate=87.57% (303/346)
    Predictor WindowPrecision Rate=64.74% (303/468)
    Loads Per Step: 0Loads=74, 1Load=5, >1Load=0
    Bandwidth: StallLoads=5, PrefetchLoads=18, AvgLoadTime=4.72ms
    PrefetchOverlap: HiddenReady=16, HiddenWait=0, TicksSkipped=0
    MissCause: NotPresent=5, NotReadyStall=0
    PrefetchEff: Dropped=0, AlreadyCached=450, UsedBeforeEvict=16, EvictedBeforeUse=0
    Predictor TopK matches: 0=0 1=0 >=2=13
============================================================
[TorchScriptPredictor Layer 0] Shutdown complete
[TorchScriptPredictor Layer 1] Shutdown complete
[TorchScriptPredictor Layer 2] Shutdown complete
[TorchScriptPredictor Layer 3] Shutdown complete
[TorchScriptPredictor Layer 4] Shutdown complete
[TorchScriptPredictor Layer 5] Shutdown complete
[TorchScriptPredictor Layer 6] Shutdown complete
[TorchScriptPredictor Layer 7] Shutdown complete
[TorchScriptPredictor Layer 8] Shutdown complete
[TorchScriptPredictor Layer 9] Shutdown complete
[TorchScriptPredictor Layer 10] Shutdown complete
[TorchScriptPredictor Layer 11] Shutdown complete
[TorchScriptPredictor Layer 12] Shutdown complete
[TorchScriptPredictor Layer 13] Shutdown complete
[TorchScriptPredictor Layer 14] Shutdown complete
[TorchScriptPredictor Layer 15] Shutdown complete
[TorchScriptPredictor Layer 16] Shutdown complete
[TorchScriptPredictor Layer 17] Shutdown complete
[TorchScriptPredictor Layer 18] Shutdown complete
[TorchScriptPredictor Layer 19] Shutdown complete
[TorchScriptPredictor Layer 20] Shutdown complete
[TorchScriptPredictor Layer 21] Shutdown complete
[TorchScriptPredictor Layer 22] Shutdown complete
[TorchScriptPredictor Layer 23] Shutdown complete
[TorchScriptPredictor Layer 24] Shutdown complete
[TorchScriptPredictor Layer 25] Shutdown complete
[TorchScriptPredictor Layer 26] Shutdown complete
[TorchScriptPredictor Layer 27] Shutdown complete
[TorchScriptPredictor Layer 28] Shutdown complete
[TorchScriptPredictor Layer 29] Shutdown complete
[TorchScriptPredictor Layer 30] Shutdown complete
[TorchScriptPredictor Layer 31] Shutdown complete
[TorchScriptPredictor Layer 32] Shutdown complete
[TorchScriptPredictor Layer 33] Shutdown complete
[TorchScriptPredictor Layer 34] Shutdown complete
[TorchScriptPredictor Layer 35] Shutdown complete
[TorchScriptPredictor Layer 36] Shutdown complete
[TorchScriptPredictor Layer 37] Shutdown complete
[TorchScriptPredictor Layer 38] Shutdown complete
[TorchScriptPredictor Layer 39] Shutdown complete
[TorchScriptPredictor Layer 40] Shutdown complete
[TorchScriptPredictor Layer 41] Shutdown complete
[TorchScriptPredictor Layer 42] Shutdown complete
[TorchScriptPredictor Layer 43] Shutdown complete
[TorchScriptPredictor Layer 44] Shutdown complete
[TorchScriptPredictor Layer 45] Shutdown complete
[TorchScriptPredictor Layer 46] Shutdown complete
[TorchScriptPredictor Layer 47] Shutdown complete
============================================================
Initializing Qwen3 30B-A3B AWQ w4a16 quantized model...
============================================================
Loading quantized weights from QuixiAI/Qwen3-30B-A3B-AWQ...
Using saved safetensors: /home/michael/heteroPredict/py/unified_llm_w4a16/model_weights/Qwen3-30B-A3B-AWQ.safetensors
Expert weights dir: /home/michael/heteroPredict/py/unified_llm_w4a16/model_weights/Qwen3-30B-A3B-AWQ_packed  (format: packed)
Using existing attention weights in /home/michael/heteroPredict/py/unified_llm_w4a16/model_weights/Qwen3-30B-A3B-AWQ_unpacked
Weights loaded (expert dir override) in 0.29 seconds
Pre-warming expert cache with 64 experts...
Model initialized successfully!
Setting lambda to 1.0
Forced top-5 experts into cache mask.
Set expert cache policy to LFRU.

Running sweep using prompts from JSON: /tmp/tmpk7i_l1c2.json
Loaded 1 prompts for sweeping.

Processing Prompt 1/1...

============================================================
Generated text only:
============================================================
 critics of the time also appreciated his use of the regulated verse form and his ability to use the poetic form to express complex ideas and emotions . 

The text is about Du Fu, a famous Chinese poet. The text discusses his life, his poetry, and his influence. The text also mentions that Du Fu's poetry is known for its dense, compressed language and its use of all the connotative
============================================================

============================================================
Sweep Complete.
Average Time per Token: 0.278793
End-to-End TPS: 3.5869
Cache Stats: Hits=29795, Misses=541, HitRate=98.22%
Predictor Stats: Hits=2667, Total=3120, HitRate=85.48%
Initializing UnifiedLLMW4A16Impl_base
Using NPU config struct.
Configuring NPU (Base):
  Heterogeneity: gpu
  GPU Count: 1
  Debug Verbosity: 1
  Dummy Weights: false
  Warmup: false
  Preload MoE: true
  Minimal PDI: true
[GPU SELECT] Free VRAM ranking: gpu0=28.00/28.00 GiB
[GPU SELECT] Selected GPUs for gpu-count=1: [0]
[GPU MAP] Single-GPU placement on gpu0
[Predictor] Layer 0 model path resolved to: /home/michael/heteroPredict/trainingData/qwen3_30b/transformer_final_pfill_markov_emb/transformer_eh4_h64_f6/layer_0/best_jit.pt
[Predictor] Running on device: CPU (NPU path) (heterogeneity="gpu", predictor_device="cpu")
[ThreadedTorchScriptPredictor Layer 0] Detected history_length=4 from /home/michael/heteroPredict/trainingData/qwen3_30b/transformer_final_pfill_markov_emb/transformer_eh4_h64_f6/layer_0/best.json
[TorchScriptPredictor Layer 0] Loading model on CPU
[TorchScriptPredictor Layer 0] Assuming prefill_dist, prev_expert_onehot, and prev_layers_feat support (v3 API).
[TorchScriptPredictor Layer 0] prefill_dist support: yes, prev_expert_onehot support: yes, prev_layers_feat support: yes
[TorchScriptPredictor Layer 0] Loaded model: /home/michael/heteroPredict/trainingData/qwen3_30b/transformer_final_pfill_markov_emb/transformer_eh4_h64_f6/layer_0/best_jit.pt
[ThreadedTorchScriptPredictor Layer 1] Detected history_length=4 from /home/michael/heteroPredict/trainingData/qwen3_30b/transformer_final_pfill_markov_emb/transformer_eh4_h64_f6/layer_1/best.json
[TorchScriptPredictor Layer 1] Loading model on CPU
[TorchScriptPredictor Layer 1] Assuming prefill_dist, prev_expert_onehot, and prev_layers_feat support (v3 API).
[TorchScriptPredictor Layer 1] prefill_dist support: yes, prev_expert_onehot support: yes, prev_layers_feat support: yes
[TorchScriptPredictor Layer 1] Loaded model: /home/michael/heteroPredict/trainingData/qwen3_30b/transformer_final_pfill_markov_emb/transformer_eh4_h64_f6/layer_1/best_jit.pt
[ThreadedTorchScriptPredictor Layer 2] Detected history_length=4 from /home/michael/heteroPredict/trainingData/qwen3_30b/transformer_final_pfill_markov_emb/transformer_eh4_h64_f6/layer_2/best.json
[TorchScriptPredictor Layer 2] Loading model on CPU
[TorchScriptPredictor Layer 2] Assuming prefill_dist, prev_expert_onehot, and prev_layers_feat support (v3 API).
[TorchScriptPredictor Layer 2] prefill_dist support: yes, prev_expert_onehot support: yes, prev_layers_feat support: yes
[TorchScriptPredictor Layer 2] Loaded model: /home/michael/heteroPredict/trainingData/qwen3_30b/transformer_final_pfill_markov_emb/transformer_eh4_h64_f6/layer_2/best_jit.pt
[ThreadedTorchScriptPredictor Layer 3] Detected history_length=4 from /home/michael/heteroPredict/trainingData/qwen3_30b/transformer_final_pfill_markov_emb/transformer_eh4_h64_f6/layer_3/best.json
[TorchScriptPredictor Layer 3] Loading model on CPU
[TorchScriptPredictor Layer 3] Assuming prefill_dist, prev_expert_onehot, and prev_layers_feat support (v3 API).
[TorchScriptPredictor Layer 3] prefill_dist support: yes, prev_expert_onehot support: yes, prev_layers_feat support: yes
[TorchScriptPredictor Layer 3] Loaded model: /home/michael/heteroPredict/trainingData/qwen3_30b/transformer_final_pfill_markov_emb/transformer_eh4_h64_f6/layer_3/best_jit.pt
[ThreadedTorchScriptPredictor Layer 4] Detected history_length=4 from /home/michael/heteroPredict/trainingData/qwen3_30b/transformer_final_pfill_markov_emb/transformer_eh4_h64_f6/layer_4/best.json
[TorchScriptPredictor Layer 4] Loading model on CPU
[TorchScriptPredictor Layer 4] Assuming prefill_dist, prev_expert_onehot, and prev_layers_feat support (v3 API).
[TorchScriptPredictor Layer 4] prefill_dist support: yes, prev_expert_onehot support: yes, prev_layers_feat support: yes
[TorchScriptPredictor Layer 4] Loaded model: /home/michael/heteroPredict/trainingData/qwen3_30b/transformer_final_pfill_markov_emb/transformer_eh4_h64_f6/layer_4/best_jit.pt
[ThreadedTorchScriptPredictor Layer 5] Detected history_length=4 from /home/michael/heteroPredict/trainingData/qwen3_30b/transformer_final_pfill_markov_emb/transformer_eh4_h64_f6/layer_5/best.json
[TorchScriptPredictor Layer 5] Loading model on CPU
[TorchScriptPredictor Layer 5] Assuming prefill_dist, prev_expert_onehot, and prev_layers_feat support (v3 API).
[TorchScriptPredictor Layer 5] prefill_dist support: yes, prev_expert_onehot support: yes, prev_layers_feat support: yes
[TorchScriptPredictor Layer 5] Loaded model: /home/michael/heteroPredict/trainingData/qwen3_30b/transformer_final_pfill_markov_emb/transformer_eh4_h64_f6/layer_5/best_jit.pt
[ThreadedTorchScriptPredictor Layer 6] Detected history_length=4 from /home/michael/heteroPredict/trainingData/qwen3_30b/transformer_final_pfill_markov_emb/transformer_eh4_h64_f6/layer_6/best.json
[TorchScriptPredictor Layer 6] Loading model on CPU
[TorchScriptPredictor Layer 6] Assuming prefill_dist, prev_expert_onehot, and prev_layers_feat support (v3 API).
[TorchScriptPredictor Layer 6] prefill_dist support: yes, prev_expert_onehot support: yes, prev_layers_feat support: yes
[TorchScriptPredictor Layer 6] Loaded model: /home/michael/heteroPredict/trainingData/qwen3_30b/transformer_final_pfill_markov_emb/transformer_eh4_h64_f6/layer_6/best_jit.pt
[ThreadedTorchScriptPredictor Layer 7] Detected history_length=4 from /home/michael/heteroPredict/trainingData/qwen3_30b/transformer_final_pfill_markov_emb/transformer_eh4_h64_f6/layer_7/best.json
[TorchScriptPredictor Layer 7] Loading model on CPU
[TorchScriptPredictor Layer 7] Assuming prefill_dist, prev_expert_onehot, and prev_layers_feat support (v3 API).
[TorchScriptPredictor Layer 7] prefill_dist support: yes, prev_expert_onehot support: yes, prev_layers_feat support: yes
[TorchScriptPredictor Layer 7] Loaded model: /home/michael/heteroPredict/trainingData/qwen3_30b/transformer_final_pfill_markov_emb/transformer_eh4_h64_f6/layer_7/best_jit.pt
[ThreadedTorchScriptPredictor Layer 8] Detected history_length=4 from /home/michael/heteroPredict/trainingData/qwen3_30b/transformer_final_pfill_markov_emb/transformer_eh4_h64_f6/layer_8/best.json
[TorchScriptPredictor Layer 8] Loading model on CPU
[TorchScriptPredictor Layer 8] Assuming prefill_dist, prev_expert_onehot, and prev_layers_feat support (v3 API).
[TorchScriptPredictor Layer 8] prefill_dist support: yes, prev_expert_onehot support: yes, prev_layers_feat support: yes
[TorchScriptPredictor Layer 8] Loaded model: /home/michael/heteroPredict/trainingData/qwen3_30b/transformer_final_pfill_markov_emb/transformer_eh4_h64_f6/layer_8/best_jit.pt
[ThreadedTorchScriptPredictor Layer 9] Detected history_length=4 from /home/michael/heteroPredict/trainingData/qwen3_30b/transformer_final_pfill_markov_emb/transformer_eh4_h64_f6/layer_9/best.json
[TorchScriptPredictor Layer 9] Loading model on CPU
[TorchScriptPredictor Layer 9] Assuming prefill_dist, prev_expert_onehot, and prev_layers_feat support (v3 API).
[TorchScriptPredictor Layer 9] prefill_dist support: yes, prev_expert_onehot support: yes, prev_layers_feat support: yes
[TorchScriptPredictor Layer 9] Loaded model: /home/michael/heteroPredict/trainingData/qwen3_30b/transformer_final_pfill_markov_emb/transformer_eh4_h64_f6/layer_9/best_jit.pt
[ThreadedTorchScriptPredictor Layer 10] Detected history_length=4 from /home/michael/heteroPredict/trainingData/qwen3_30b/transformer_final_pfill_markov_emb/transformer_eh4_h64_f6/layer_10/best.json
[TorchScriptPredictor Layer 10] Loading model on CPU
[TorchScriptPredictor Layer 10] Assuming prefill_dist, prev_expert_onehot, and prev_layers_feat support (v3 API).
[TorchScriptPredictor Layer 10] prefill_dist support: yes, prev_expert_onehot support: yes, prev_layers_feat support: yes
[TorchScriptPredictor Layer 10] Loaded model: /home/michael/heteroPredict/trainingData/qwen3_30b/transformer_final_pfill_markov_emb/transformer_eh4_h64_f6/layer_10/best_jit.pt
[ThreadedTorchScriptPredictor Layer 11] Detected history_length=4 from /home/michael/heteroPredict/trainingData/qwen3_30b/transformer_final_pfill_markov_emb/transformer_eh4_h64_f6/layer_11/best.json
[TorchScriptPredictor Layer 11] Loading model on CPU
[TorchScriptPredictor Layer 11] Assuming prefill_dist, prev_expert_onehot, and prev_layers_feat support (v3 API).
[TorchScriptPredictor Layer 11] prefill_dist support: yes, prev_expert_onehot support: yes, prev_layers_feat support: yes
[TorchScriptPredictor Layer 11] Loaded model: /home/michael/heteroPredict/trainingData/qwen3_30b/transformer_final_pfill_markov_emb/transformer_eh4_h64_f6/layer_11/best_jit.pt
[ThreadedTorchScriptPredictor Layer 12] Detected history_length=4 from /home/michael/heteroPredict/trainingData/qwen3_30b/transformer_final_pfill_markov_emb/transformer_eh4_h64_f6/layer_12/best.json
[TorchScriptPredictor Layer 12] Loading model on CPU
[TorchScriptPredictor Layer 12] Assuming prefill_dist, prev_expert_onehot, and prev_layers_feat support (v3 API).
[TorchScriptPredictor Layer 12] prefill_dist support: yes, prev_expert_onehot support: yes, prev_layers_feat support: yes
[TorchScriptPredictor Layer 12] Loaded model: /home/michael/heteroPredict/trainingData/qwen3_30b/transformer_final_pfill_markov_emb/transformer_eh4_h64_f6/layer_12/best_jit.pt
[ThreadedTorchScriptPredictor Layer 13] Detected history_length=4 from /home/michael/heteroPredict/trainingData/qwen3_30b/transformer_final_pfill_markov_emb/transformer_eh4_h64_f6/layer_13/best.json
[TorchScriptPredictor Layer 13] Loading model on CPU
[TorchScriptPredictor Layer 13] Assuming prefill_dist, prev_expert_onehot, and prev_layers_feat support (v3 API).
[TorchScriptPredictor Layer 13] prefill_dist support: yes, prev_expert_onehot support: yes, prev_layers_feat support: yes
[TorchScriptPredictor Layer 13] Loaded model: /home/michael/heteroPredict/trainingData/qwen3_30b/transformer_final_pfill_markov_emb/transformer_eh4_h64_f6/layer_13/best_jit.pt
[ThreadedTorchScriptPredictor Layer 14] Detected history_length=4 from /home/michael/heteroPredict/trainingData/qwen3_30b/transformer_final_pfill_markov_emb/transformer_eh4_h64_f6/layer_14/best.json
[TorchScriptPredictor Layer 14] Loading model on CPU
[TorchScriptPredictor Layer 14] Assuming prefill_dist, prev_expert_onehot, and prev_layers_feat support (v3 API).
[TorchScriptPredictor Layer 14] prefill_dist support: yes, prev_expert_onehot support: yes, prev_layers_feat support: yes
[TorchScriptPredictor Layer 14] Loaded model: /home/michael/heteroPredict/trainingData/qwen3_30b/transformer_final_pfill_markov_emb/transformer_eh4_h64_f6/layer_14/best_jit.pt
[ThreadedTorchScriptPredictor Layer 15] Detected history_length=4 from /home/michael/heteroPredict/trainingData/qwen3_30b/transformer_final_pfill_markov_emb/transformer_eh4_h64_f6/layer_15/best.json
[TorchScriptPredictor Layer 15] Loading model on CPU
[TorchScriptPredictor Layer 15] Assuming prefill_dist, prev_expert_onehot, and prev_layers_feat support (v3 API).
[TorchScriptPredictor Layer 15] prefill_dist support: yes, prev_expert_onehot support: yes, prev_layers_feat support: yes
[TorchScriptPredictor Layer 15] Loaded model: /home/michael/heteroPredict/trainingData/qwen3_30b/transformer_final_pfill_markov_emb/transformer_eh4_h64_f6/layer_15/best_jit.pt
[ThreadedTorchScriptPredictor Layer 16] Detected history_length=4 from /home/michael/heteroPredict/trainingData/qwen3_30b/transformer_final_pfill_markov_emb/transformer_eh4_h64_f6/layer_16/best.json
[TorchScriptPredictor Layer 16] Loading model on CPU
[TorchScriptPredictor Layer 16] Assuming prefill_dist, prev_expert_onehot, and prev_layers_feat support (v3 API).
[TorchScriptPredictor Layer 16] prefill_dist support: yes, prev_expert_onehot support: yes, prev_layers_feat support: yes
[TorchScriptPredictor Layer 16] Loaded model: /home/michael/heteroPredict/trainingData/qwen3_30b/transformer_final_pfill_markov_emb/transformer_eh4_h64_f6/layer_16/best_jit.pt
[ThreadedTorchScriptPredictor Layer 17] Detected history_length=4 from /home/michael/heteroPredict/trainingData/qwen3_30b/transformer_final_pfill_markov_emb/transformer_eh4_h64_f6/layer_17/best.json
[TorchScriptPredictor Layer 17] Loading model on CPU
[TorchScriptPredictor Layer 17] Assuming prefill_dist, prev_expert_onehot, and prev_layers_feat support (v3 API).
[TorchScriptPredictor Layer 17] prefill_dist support: yes, prev_expert_onehot support: yes, prev_layers_feat support: yes
[TorchScriptPredictor Layer 17] Loaded model: /home/michael/heteroPredict/trainingData/qwen3_30b/transformer_final_pfill_markov_emb/transformer_eh4_h64_f6/layer_17/best_jit.pt
[ThreadedTorchScriptPredictor Layer 18] Detected history_length=4 from /home/michael/heteroPredict/trainingData/qwen3_30b/transformer_final_pfill_markov_emb/transformer_eh4_h64_f6/layer_18/best.json
[TorchScriptPredictor Layer 18] Loading model on CPU
[TorchScriptPredictor Layer 18] Assuming prefill_dist, prev_expert_onehot, and prev_layers_feat support (v3 API).
[TorchScriptPredictor Layer 18] prefill_dist support: yes, prev_expert_onehot support: yes, prev_layers_feat support: yes
[TorchScriptPredictor Layer 18] Loaded model: /home/michael/heteroPredict/trainingData/qwen3_30b/transformer_final_pfill_markov_emb/transformer_eh4_h64_f6/layer_18/best_jit.pt
[ThreadedTorchScriptPredictor Layer 19] Detected history_length=4 from /home/michael/heteroPredict/trainingData/qwen3_30b/transformer_final_pfill_markov_emb/transformer_eh4_h64_f6/layer_19/best.json
[TorchScriptPredictor Layer 19] Loading model on CPU
[TorchScriptPredictor Layer 19] Assuming prefill_dist, prev_expert_onehot, and prev_layers_feat support (v3 API).
[TorchScriptPredictor Layer 19] prefill_dist support: yes, prev_expert_onehot support: yes, prev_layers_feat support: yes
[TorchScriptPredictor Layer 19] Loaded model: /home/michael/heteroPredict/trainingData/qwen3_30b/transformer_final_pfill_markov_emb/transformer_eh4_h64_f6/layer_19/best_jit.pt
[ThreadedTorchScriptPredictor Layer 20] Detected history_length=4 from /home/michael/heteroPredict/trainingData/qwen3_30b/transformer_final_pfill_markov_emb/transformer_eh4_h64_f6/layer_20/best.json
[TorchScriptPredictor Layer 20] Loading model on CPU
[TorchScriptPredictor Layer 20] Assuming prefill_dist, prev_expert_onehot, and prev_layers_feat support (v3 API).
[TorchScriptPredictor Layer 20] prefill_dist support: yes, prev_expert_onehot support: yes, prev_layers_feat support: yes
[TorchScriptPredictor Layer 20] Loaded model: /home/michael/heteroPredict/trainingData/qwen3_30b/transformer_final_pfill_markov_emb/transformer_eh4_h64_f6/layer_20/best_jit.pt
[ThreadedTorchScriptPredictor Layer 21] Detected history_length=4 from /home/michael/heteroPredict/trainingData/qwen3_30b/transformer_final_pfill_markov_emb/transformer_eh4_h64_f6/layer_21/best.json
[TorchScriptPredictor Layer 21] Loading model on CPU
[TorchScriptPredictor Layer 21] Assuming prefill_dist, prev_expert_onehot, and prev_layers_feat support (v3 API).
[TorchScriptPredictor Layer 21] prefill_dist support: yes, prev_expert_onehot support: yes, prev_layers_feat support: yes
[TorchScriptPredictor Layer 21] Loaded model: /home/michael/heteroPredict/trainingData/qwen3_30b/transformer_final_pfill_markov_emb/transformer_eh4_h64_f6/layer_21/best_jit.pt
[ThreadedTorchScriptPredictor Layer 22] Detected history_length=4 from /home/michael/heteroPredict/trainingData/qwen3_30b/transformer_final_pfill_markov_emb/transformer_eh4_h64_f6/layer_22/best.json
[TorchScriptPredictor Layer 22] Loading model on CPU
[TorchScriptPredictor Layer 22] Assuming prefill_dist, prev_expert_onehot, and prev_layers_feat support (v3 API).
[TorchScriptPredictor Layer 22] prefill_dist support: yes, prev_expert_onehot support: yes, prev_layers_feat support: yes
[TorchScriptPredictor Layer 22] Loaded model: /home/michael/heteroPredict/trainingData/qwen3_30b/transformer_final_pfill_markov_emb/transformer_eh4_h64_f6/layer_22/best_jit.pt
[ThreadedTorchScriptPredictor Layer 23] Detected history_length=4 from /home/michael/heteroPredict/trainingData/qwen3_30b/transformer_final_pfill_markov_emb/transformer_eh4_h64_f6/layer_23/best.json
[TorchScriptPredictor Layer 23] Loading model on CPU
[TorchScriptPredictor Layer 23] Assuming prefill_dist, prev_expert_onehot, and prev_layers_feat support (v3 API).
[TorchScriptPredictor Layer 23] prefill_dist support: yes, prev_expert_onehot support: yes, prev_layers_feat support: yes
[TorchScriptPredictor Layer 23] Loaded model: /home/michael/heteroPredict/trainingData/qwen3_30b/transformer_final_pfill_markov_emb/transformer_eh4_h64_f6/layer_23/best_jit.pt
[ThreadedTorchScriptPredictor Layer 24] Detected history_length=4 from /home/michael/heteroPredict/trainingData/qwen3_30b/transformer_final_pfill_markov_emb/transformer_eh4_h64_f6/layer_24/best.json
[TorchScriptPredictor Layer 24] Loading model on CPU
[TorchScriptPredictor Layer 24] Assuming prefill_dist, prev_expert_onehot, and prev_layers_feat support (v3 API).
[TorchScriptPredictor Layer 24] prefill_dist support: yes, prev_expert_onehot support: yes, prev_layers_feat support: yes
[TorchScriptPredictor Layer 24] Loaded model: /home/michael/heteroPredict/trainingData/qwen3_30b/transformer_final_pfill_markov_emb/transformer_eh4_h64_f6/layer_24/best_jit.pt
[ThreadedTorchScriptPredictor Layer 25] Detected history_length=4 from /home/michael/heteroPredict/trainingData/qwen3_30b/transformer_final_pfill_markov_emb/transformer_eh4_h64_f6/layer_25/best.json
[TorchScriptPredictor Layer 25] Loading model on CPU
[TorchScriptPredictor Layer 25] Assuming prefill_dist, prev_expert_onehot, and prev_layers_feat support (v3 API).
[TorchScriptPredictor Layer 25] prefill_dist support: yes, prev_expert_onehot support: yes, prev_layers_feat support: yes
[TorchScriptPredictor Layer 25] Loaded model: /home/michael/heteroPredict/trainingData/qwen3_30b/transformer_final_pfill_markov_emb/transformer_eh4_h64_f6/layer_25/best_jit.pt
[ThreadedTorchScriptPredictor Layer 26] Detected history_length=4 from /home/michael/heteroPredict/trainingData/qwen3_30b/transformer_final_pfill_markov_emb/transformer_eh4_h64_f6/layer_26/best.json
[TorchScriptPredictor Layer 26] Loading model on CPU
[TorchScriptPredictor Layer 26] Assuming prefill_dist, prev_expert_onehot, and prev_layers_feat support (v3 API).
[TorchScriptPredictor Layer 26] prefill_dist support: yes, prev_expert_onehot support: yes, prev_layers_feat support: yes
[TorchScriptPredictor Layer 26] Loaded model: /home/michael/heteroPredict/trainingData/qwen3_30b/transformer_final_pfill_markov_emb/transformer_eh4_h64_f6/layer_26/best_jit.pt
[ThreadedTorchScriptPredictor Layer 27] Detected history_length=4 from /home/michael/heteroPredict/trainingData/qwen3_30b/transformer_final_pfill_markov_emb/transformer_eh4_h64_f6/layer_27/best.json
[TorchScriptPredictor Layer 27] Loading model on CPU
[TorchScriptPredictor Layer 27] Assuming prefill_dist, prev_expert_onehot, and prev_layers_feat support (v3 API).
[TorchScriptPredictor Layer 27] prefill_dist support: yes, prev_expert_onehot support: yes, prev_layers_feat support: yes
[TorchScriptPredictor Layer 27] Loaded model: /home/michael/heteroPredict/trainingData/qwen3_30b/transformer_final_pfill_markov_emb/transformer_eh4_h64_f6/layer_27/best_jit.pt
[ThreadedTorchScriptPredictor Layer 28] Detected history_length=4 from /home/michael/heteroPredict/trainingData/qwen3_30b/transformer_final_pfill_markov_emb/transformer_eh4_h64_f6/layer_28/best.json
[TorchScriptPredictor Layer 28] Loading model on CPU
[TorchScriptPredictor Layer 28] Assuming prefill_dist, prev_expert_onehot, and prev_layers_feat support (v3 API).
[TorchScriptPredictor Layer 28] prefill_dist support: yes, prev_expert_onehot support: yes, prev_layers_feat support: yes
[TorchScriptPredictor Layer 28] Loaded model: /home/michael/heteroPredict/trainingData/qwen3_30b/transformer_final_pfill_markov_emb/transformer_eh4_h64_f6/layer_28/best_jit.pt
[ThreadedTorchScriptPredictor Layer 29] Detected history_length=4 from /home/michael/heteroPredict/trainingData/qwen3_30b/transformer_final_pfill_markov_emb/transformer_eh4_h64_f6/layer_29/best.json
[TorchScriptPredictor Layer 29] Loading model on CPU
[TorchScriptPredictor Layer 29] Assuming prefill_dist, prev_expert_onehot, and prev_layers_feat support (v3 API).
[TorchScriptPredictor Layer 29] prefill_dist support: yes, prev_expert_onehot support: yes, prev_layers_feat support: yes
[TorchScriptPredictor Layer 29] Loaded model: /home/michael/heteroPredict/trainingData/qwen3_30b/transformer_final_pfill_markov_emb/transformer_eh4_h64_f6/layer_29/best_jit.pt
[ThreadedTorchScriptPredictor Layer 30] Detected history_length=4 from /home/michael/heteroPredict/trainingData/qwen3_30b/transformer_final_pfill_markov_emb/transformer_eh4_h64_f6/layer_30/best.json
[TorchScriptPredictor Layer 30] Loading model on CPU
[TorchScriptPredictor Layer 30] Assuming prefill_dist, prev_expert_onehot, and prev_layers_feat support (v3 API).
[TorchScriptPredictor Layer 30] prefill_dist support: yes, prev_expert_onehot support: yes, prev_layers_feat support: yes
[TorchScriptPredictor Layer 30] Loaded model: /home/michael/heteroPredict/trainingData/qwen3_30b/transformer_final_pfill_markov_emb/transformer_eh4_h64_f6/layer_30/best_jit.pt
[ThreadedTorchScriptPredictor Layer 31] Detected history_length=4 from /home/michael/heteroPredict/trainingData/qwen3_30b/transformer_final_pfill_markov_emb/transformer_eh4_h64_f6/layer_31/best.json
[TorchScriptPredictor Layer 31] Loading model on CPU
[TorchScriptPredictor Layer 31] Assuming prefill_dist, prev_expert_onehot, and prev_layers_feat support (v3 API).
[TorchScriptPredictor Layer 31] prefill_dist support: yes, prev_expert_onehot support: yes, prev_layers_feat support: yes
[TorchScriptPredictor Layer 31] Loaded model: /home/michael/heteroPredict/trainingData/qwen3_30b/transformer_final_pfill_markov_emb/transformer_eh4_h64_f6/layer_31/best_jit.pt
[ThreadedTorchScriptPredictor Layer 32] Detected history_length=4 from /home/michael/heteroPredict/trainingData/qwen3_30b/transformer_final_pfill_markov_emb/transformer_eh4_h64_f6/layer_32/best.json
[TorchScriptPredictor Layer 32] Loading model on CPU
[TorchScriptPredictor Layer 32] Assuming prefill_dist, prev_expert_onehot, and prev_layers_feat support (v3 API).
[TorchScriptPredictor Layer 32] prefill_dist support: yes, prev_expert_onehot support: yes, prev_layers_feat support: yes
[TorchScriptPredictor Layer 32] Loaded model: /home/michael/heteroPredict/trainingData/qwen3_30b/transformer_final_pfill_markov_emb/transformer_eh4_h64_f6/layer_32/best_jit.pt
[ThreadedTorchScriptPredictor Layer 33] Detected history_length=4 from /home/michael/heteroPredict/trainingData/qwen3_30b/transformer_final_pfill_markov_emb/transformer_eh4_h64_f6/layer_33/best.json
[TorchScriptPredictor Layer 33] Loading model on CPU
[TorchScriptPredictor Layer 33] Assuming prefill_dist, prev_expert_onehot, and prev_layers_feat support (v3 API).
[TorchScriptPredictor Layer 33] prefill_dist support: yes, prev_expert_onehot support: yes, prev_layers_feat support: yes
[TorchScriptPredictor Layer 33] Loaded model: /home/michael/heteroPredict/trainingData/qwen3_30b/transformer_final_pfill_markov_emb/transformer_eh4_h64_f6/layer_33/best_jit.pt
[ThreadedTorchScriptPredictor Layer 34] Detected history_length=4 from /home/michael/heteroPredict/trainingData/qwen3_30b/transformer_final_pfill_markov_emb/transformer_eh4_h64_f6/layer_34/best.json
[TorchScriptPredictor Layer 34] Loading model on CPU
[TorchScriptPredictor Layer 34] Assuming prefill_dist, prev_expert_onehot, and prev_layers_feat support (v3 API).
[TorchScriptPredictor Layer 34] prefill_dist support: yes, prev_expert_onehot support: yes, prev_layers_feat support: yes
[TorchScriptPredictor Layer 34] Loaded model: /home/michael/heteroPredict/trainingData/qwen3_30b/transformer_final_pfill_markov_emb/transformer_eh4_h64_f6/layer_34/best_jit.pt
[ThreadedTorchScriptPredictor Layer 35] Detected history_length=4 from /home/michael/heteroPredict/trainingData/qwen3_30b/transformer_final_pfill_markov_emb/transformer_eh4_h64_f6/layer_35/best.json
[TorchScriptPredictor Layer 35] Loading model on CPU
[TorchScriptPredictor Layer 35] Assuming prefill_dist, prev_expert_onehot, and prev_layers_feat support (v3 API).
[TorchScriptPredictor Layer 35] prefill_dist support: yes, prev_expert_onehot support: yes, prev_layers_feat support: yes
[TorchScriptPredictor Layer 35] Loaded model: /home/michael/heteroPredict/trainingData/qwen3_30b/transformer_final_pfill_markov_emb/transformer_eh4_h64_f6/layer_35/best_jit.pt
[ThreadedTorchScriptPredictor Layer 36] Detected history_length=4 from /home/michael/heteroPredict/trainingData/qwen3_30b/transformer_final_pfill_markov_emb/transformer_eh4_h64_f6/layer_36/best.json
[TorchScriptPredictor Layer 36] Loading model on CPU
[TorchScriptPredictor Layer 36] Assuming prefill_dist, prev_expert_onehot, and prev_layers_feat support (v3 API).
[TorchScriptPredictor Layer 36] prefill_dist support: yes, prev_expert_onehot support: yes, prev_layers_feat support: yes
[TorchScriptPredictor Layer 36] Loaded model: /home/michael/heteroPredict/trainingData/qwen3_30b/transformer_final_pfill_markov_emb/transformer_eh4_h64_f6/layer_36/best_jit.pt
[ThreadedTorchScriptPredictor Layer 37] Detected history_length=4 from /home/michael/heteroPredict/trainingData/qwen3_30b/transformer_final_pfill_markov_emb/transformer_eh4_h64_f6/layer_37/best.json
[TorchScriptPredictor Layer 37] Loading model on CPU
[TorchScriptPredictor Layer 37] Assuming prefill_dist, prev_expert_onehot, and prev_layers_feat support (v3 API).
[TorchScriptPredictor Layer 37] prefill_dist support: yes, prev_expert_onehot support: yes, prev_layers_feat support: yes
[TorchScriptPredictor Layer 37] Loaded model: /home/michael/heteroPredict/trainingData/qwen3_30b/transformer_final_pfill_markov_emb/transformer_eh4_h64_f6/layer_37/best_jit.pt
[ThreadedTorchScriptPredictor Layer 38] Detected history_length=4 from /home/michael/heteroPredict/trainingData/qwen3_30b/transformer_final_pfill_markov_emb/transformer_eh4_h64_f6/layer_38/best.json
[TorchScriptPredictor Layer 38] Loading model on CPU
[TorchScriptPredictor Layer 38] Assuming prefill_dist, prev_expert_onehot, and prev_layers_feat support (v3 API).
[TorchScriptPredictor Layer 38] prefill_dist support: yes, prev_expert_onehot support: yes, prev_layers_feat support: yes
[TorchScriptPredictor Layer 38] Loaded model: /home/michael/heteroPredict/trainingData/qwen3_30b/transformer_final_pfill_markov_emb/transformer_eh4_h64_f6/layer_38/best_jit.pt
[ThreadedTorchScriptPredictor Layer 39] Detected history_length=4 from /home/michael/heteroPredict/trainingData/qwen3_30b/transformer_final_pfill_markov_emb/transformer_eh4_h64_f6/layer_39/best.json
[TorchScriptPredictor Layer 39] Loading model on CPU
[TorchScriptPredictor Layer 39] Assuming prefill_dist, prev_expert_onehot, and prev_layers_feat support (v3 API).
[TorchScriptPredictor Layer 39] prefill_dist support: yes, prev_expert_onehot support: yes, prev_layers_feat support: yes
[TorchScriptPredictor Layer 39] Loaded model: /home/michael/heteroPredict/trainingData/qwen3_30b/transformer_final_pfill_markov_emb/transformer_eh4_h64_f6/layer_39/best_jit.pt
[ThreadedTorchScriptPredictor Layer 40] Detected history_length=4 from /home/michael/heteroPredict/trainingData/qwen3_30b/transformer_final_pfill_markov_emb/transformer_eh4_h64_f6/layer_40/best.json
[TorchScriptPredictor Layer 40] Loading model on CPU
[TorchScriptPredictor Layer 40] Assuming prefill_dist, prev_expert_onehot, and prev_layers_feat support (v3 API).
[TorchScriptPredictor Layer 40] prefill_dist support: yes, prev_expert_onehot support: yes, prev_layers_feat support: yes
[TorchScriptPredictor Layer 40] Loaded model: /home/michael/heteroPredict/trainingData/qwen3_30b/transformer_final_pfill_markov_emb/transformer_eh4_h64_f6/layer_40/best_jit.pt
[ThreadedTorchScriptPredictor Layer 41] Detected history_length=4 from /home/michael/heteroPredict/trainingData/qwen3_30b/transformer_final_pfill_markov_emb/transformer_eh4_h64_f6/layer_41/best.json
[TorchScriptPredictor Layer 41] Loading model on CPU
[TorchScriptPredictor Layer 41] Assuming prefill_dist, prev_expert_onehot, and prev_layers_feat support (v3 API).
[TorchScriptPredictor Layer 41] prefill_dist support: yes, prev_expert_onehot support: yes, prev_layers_feat support: yes
[TorchScriptPredictor Layer 41] Loaded model: /home/michael/heteroPredict/trainingData/qwen3_30b/transformer_final_pfill_markov_emb/transformer_eh4_h64_f6/layer_41/best_jit.pt
[ThreadedTorchScriptPredictor Layer 42] Detected history_length=4 from /home/michael/heteroPredict/trainingData/qwen3_30b/transformer_final_pfill_markov_emb/transformer_eh4_h64_f6/layer_42/best.json
[TorchScriptPredictor Layer 42] Loading model on CPU
[TorchScriptPredictor Layer 42] Assuming prefill_dist, prev_expert_onehot, and prev_layers_feat support (v3 API).
[TorchScriptPredictor Layer 42] prefill_dist support: yes, prev_expert_onehot support: yes, prev_layers_feat support: yes
[TorchScriptPredictor Layer 42] Loaded model: /home/michael/heteroPredict/trainingData/qwen3_30b/transformer_final_pfill_markov_emb/transformer_eh4_h64_f6/layer_42/best_jit.pt
[ThreadedTorchScriptPredictor Layer 43] Detected history_length=4 from /home/michael/heteroPredict/trainingData/qwen3_30b/transformer_final_pfill_markov_emb/transformer_eh4_h64_f6/layer_43/best.json
[TorchScriptPredictor Layer 43] Loading model on CPU
[TorchScriptPredictor Layer 43] Assuming prefill_dist, prev_expert_onehot, and prev_layers_feat support (v3 API).
[TorchScriptPredictor Layer 43] prefill_dist support: yes, prev_expert_onehot support: yes, prev_layers_feat support: yes
[TorchScriptPredictor Layer 43] Loaded model: /home/michael/heteroPredict/trainingData/qwen3_30b/transformer_final_pfill_markov_emb/transformer_eh4_h64_f6/layer_43/best_jit.pt
[ThreadedTorchScriptPredictor Layer 44] Detected history_length=4 from /home/michael/heteroPredict/trainingData/qwen3_30b/transformer_final_pfill_markov_emb/transformer_eh4_h64_f6/layer_44/best.json
[TorchScriptPredictor Layer 44] Loading model on CPU
[TorchScriptPredictor Layer 44] Assuming prefill_dist, prev_expert_onehot, and prev_layers_feat support (v3 API).
[TorchScriptPredictor Layer 44] prefill_dist support: yes, prev_expert_onehot support: yes, prev_layers_feat support: yes
[TorchScriptPredictor Layer 44] Loaded model: /home/michael/heteroPredict/trainingData/qwen3_30b/transformer_final_pfill_markov_emb/transformer_eh4_h64_f6/layer_44/best_jit.pt
[ThreadedTorchScriptPredictor Layer 45] Detected history_length=4 from /home/michael/heteroPredict/trainingData/qwen3_30b/transformer_final_pfill_markov_emb/transformer_eh4_h64_f6/layer_45/best.json
[TorchScriptPredictor Layer 45] Loading model on CPU
[TorchScriptPredictor Layer 45] Assuming prefill_dist, prev_expert_onehot, and prev_layers_feat support (v3 API).
[TorchScriptPredictor Layer 45] prefill_dist support: yes, prev_expert_onehot support: yes, prev_layers_feat support: yes
[TorchScriptPredictor Layer 45] Loaded model: /home/michael/heteroPredict/trainingData/qwen3_30b/transformer_final_pfill_markov_emb/transformer_eh4_h64_f6/layer_45/best_jit.pt
[ThreadedTorchScriptPredictor Layer 46] Detected history_length=4 from /home/michael/heteroPredict/trainingData/qwen3_30b/transformer_final_pfill_markov_emb/transformer_eh4_h64_f6/layer_46/best.json
[TorchScriptPredictor Layer 46] Loading model on CPU
[TorchScriptPredictor Layer 46] Assuming prefill_dist, prev_expert_onehot, and prev_layers_feat support (v3 API).
[TorchScriptPredictor Layer 46] prefill_dist support: yes, prev_expert_onehot support: yes, prev_layers_feat support: yes
[TorchScriptPredictor Layer 46] Loaded model: /home/michael/heteroPredict/trainingData/qwen3_30b/transformer_final_pfill_markov_emb/transformer_eh4_h64_f6/layer_46/best_jit.pt
[ThreadedTorchScriptPredictor Layer 47] Detected history_length=4 from /home/michael/heteroPredict/trainingData/qwen3_30b/transformer_final_pfill_markov_emb/transformer_eh4_h64_f6/layer_47/best.json
[TorchScriptPredictor Layer 47] Loading model on CPU
[TorchScriptPredictor Layer 47] Assuming prefill_dist, prev_expert_onehot, and prev_layers_feat support (v3 API).
[TorchScriptPredictor Layer 47] prefill_dist support: yes, prev_expert_onehot support: yes, prev_layers_feat support: yes
[TorchScriptPredictor Layer 47] Loaded model: /home/michael/heteroPredict/trainingData/qwen3_30b/transformer_final_pfill_markov_emb/transformer_eh4_h64_f6/layer_47/best_jit.pt
UnifiedLLMW4A16 moved to device: cuda:0
Preloading MoE kernels...
MoE kernels preloaded.
UnifiedLLMW4A16 initialized on device: cuda:0 with w4a16 quantization
[Predictor] Lookahead stride set to 6 (predictor fires every 6 decode tokens)
Loading non-quantized weights from safetensors (mmap): /home/michael/heteroPredict/py/unified_llm_w4a16/model_weights/Qwen3-30B-A3B-AWQ.safetensors
Loaded 243 non-quantized parameters, skipped 0
Loading quantized weights from bins: /home/michael/heteroPredict/py/unified_llm_w4a16/model_weights/Qwen3-30B-A3B-AWQ_unpacked
  Expert weights dir override: /home/michael/heteroPredict/py/unified_llm_w4a16/model_weights/Qwen3-30B-A3B-AWQ_packed
Pre-warming 64 experts for all layers...
Layer 0: Pre-warming 64 experts.
Layer 0: using packed expert format.
[MoE I/O] Expert weight reads require O_DIRECT (no buffered fallback).
Layer 1: Pre-warming 64 experts.
Layer 1: using packed expert format.
Layer 2: Pre-warming 64 experts.
Layer 2: using packed expert format.
Layer 3: Pre-warming 64 experts.
Layer 3: using packed expert format.
Prewarmed experts for layer 4/48
Layer 4: Pre-warming 64 experts.
Layer 4: using packed expert format.
Layer 5: Pre-warming 64 experts.
Layer 5: using packed expert format.
Layer 6: Pre-warming 64 experts.
Layer 6: using packed expert format.
Layer 7: Pre-warming 64 experts.
Layer 7: using packed expert format.
Prewarmed experts for layer 8/48
Layer 8: Pre-warming 64 experts.
Layer 8: using packed expert format.
Layer 9: Pre-warming 64 experts.
Layer 9: using packed expert format.
Layer 10: Pre-warming 64 experts.
Layer 10: using packed expert format.
Layer 11: Pre-warming 64 experts.
Layer 11: using packed expert format.
Prewarmed experts for layer 12/48
Layer 12: Pre-warming 64 experts.
Layer 12: using packed expert format.
Layer 13: Pre-warming 64 experts.
Layer 13: using packed expert format.
Layer 14: Pre-warming 64 experts.
Layer 14: using packed expert format.
Layer 15: Pre-warming 64 experts.
Layer 15: using packed expert format.
Prewarmed experts for layer 16/48
Layer 16: Pre-warming 64 experts.
Layer 16: using packed expert format.
Layer 17: Pre-warming 64 experts.
Layer 17: using packed expert format.
Layer 18: Pre-warming 64 experts.
Layer 18: using packed expert format.
Layer 19: Pre-warming 64 experts.
Layer 19: using packed expert format.
Prewarmed experts for layer 20/48
Layer 20: Pre-warming 64 experts.
Layer 20: using packed expert format.
Layer 21: Pre-warming 64 experts.
Layer 21: using packed expert format.
Layer 22: Pre-warming 64 experts.
Layer 22: using packed expert format.
Layer 23: Pre-warming 64 experts.
Layer 23: using packed expert format.
Prewarmed experts for layer 24/48
Layer 24: Pre-warming 64 experts.
Layer 24: using packed expert format.
Layer 25: Pre-warming 64 experts.
Layer 25: using packed expert format.
Layer 26: Pre-warming 64 experts.
Layer 26: using packed expert format.
Layer 27: Pre-warming 64 experts.
Layer 27: using packed expert format.
Prewarmed experts for layer 28/48
Layer 28: Pre-warming 64 experts.
Layer 28: using packed expert format.
Layer 29: Pre-warming 64 experts.
Layer 29: using packed expert format.
Layer 30: Pre-warming 64 experts.
Layer 30: using packed expert format.
Layer 31: Pre-warming 64 experts.
Layer 31: using packed expert format.
Prewarmed experts for layer 32/48
Layer 32: Pre-warming 64 experts.
Layer 32: using packed expert format.
Layer 33: Pre-warming 64 experts.
Layer 33: using packed expert format.
Layer 34: Pre-warming 64 experts.
Layer 34: using packed expert format.
Layer 35: Pre-warming 64 experts.
Layer 35: using packed expert format.
Prewarmed experts for layer 36/48
Layer 36: Pre-warming 64 experts.
Layer 36: using packed expert format.
Layer 37: Pre-warming 64 experts.
Layer 37: using packed expert format.
Layer 38: Pre-warming 64 experts.
Layer 38: using packed expert format.
Layer 39: Pre-warming 64 experts.
Layer 39: using packed expert format.
Prewarmed experts for layer 40/48
Layer 40: Pre-warming 64 experts.
Layer 40: using packed expert format.
Layer 41: Pre-warming 64 experts.
Layer 41: using packed expert format.
Layer 42: Pre-warming 64 experts.
Layer 42: using packed expert format.
Layer 43: Pre-warming 64 experts.
Layer 43: using packed expert format.
Prewarmed experts for layer 44/48
Layer 44: Pre-warming 64 experts.
Layer 44: using packed expert format.
Layer 45: Pre-warming 64 experts.
Layer 45: using packed expert format.
Layer 46: Pre-warming 64 experts.
Layer 46: using packed expert format.
Layer 47: Pre-warming 64 experts.
Layer 47: using packed expert format.
Prewarmed experts for layer 48/48
Libtorch input_ids shape: [1, 512]
Skipping warmup.
Prefill time: 13.1721 seconds
[Predictor] Prefill-end expert cache warmup (excluded from generation TPS).
[Layer 0 Warmup Debug] predict_sync returned: 13 98 80 93 100 51 72 14 65 99 28 120 21 46 33 103 63 111 74 106 64 50 104 22 75 102 101 40 0 2 53 118 31 110 107 16 97 62 91 87 9 126 57 32 26 45 122 29 69 77 24 73 43 47 83 34 38 18 68 6 4 82 67 61 41 92 81 116 44 71 66 17 124 12 89 108 84 7 37 49 3 30 23 105 70 52 112 127 78 11 86 125 119 1 27 60 117 48 85 123 54 25 95 42 114 20 79 5 94 58 113 90 76 35 56 59 115 109 121 88 8 19 15 39 96 55 10 36 
[Layer 0 Warmup Debug] experts_to_prefetch returned: 13 98 80 93 100 51 72 14 65 99 28 120 21 46 33 103 63 111 74 106 64 50 104 22 75 102 101 40 0 2 53 118 31 110 107 16 
[Layer 0 Warmup Debug] After prefill-end warmup, slots are: 64 65 28 21 46 33 50 22 72 40 74 75 0 2 53 80 31 16 83 84 85 86 87 88 89 90 91 92 93 95 97 98 99 100 101 102 103 104 105 106 107 108 109 110 111 112 113 114 116 117 118 119 120 121 122 123 124 125 126 127 13 51 14 63 
Generation phase
[Layer 0 Step 0 Debug] Slots before check: 64 65 28 21 46 33 50 22 72 40 74 75 0 2 53 80 31 16 83 84 85 86 87 88 89 90 91 92 93 95 97 98 99 100 101 102 103 104 105 106 107 108 109 110 111 112 113 114 116 117 118 119 120 121 122 123 124 125 126 127 13 51 14 63 
[Layer 0 Step 0 Debug] Requested: 91 105 28 64 46 51 90 33 
[gen 5/79] elapsed=0.5s  TPS=9.837
[gen 10/79] elapsed=1.1s  TPS=8.798
[gen 15/79] elapsed=1.5s  TPS=9.715
[gen 20/79] elapsed=2.1s  TPS=9.707
[gen 25/79] elapsed=2.5s  TPS=9.834
[gen 30/79] elapsed=2.9s  TPS=10.279
[gen 35/79] elapsed=3.3s  TPS=10.571
[gen 40/79] elapsed=3.7s  TPS=10.845
[gen 45/79] elapsed=4.1s  TPS=10.909
[gen 50/79] elapsed=4.5s  TPS=11.129
[gen 55/79] elapsed=4.9s  TPS=11.166
[gen 60/79] elapsed=5.3s  TPS=11.277
[gen 65/79] elapsed=5.7s  TPS=11.346
[gen 70/79] elapsed=6.2s  TPS=11.364
[gen 75/79] elapsed=6.6s  TPS=11.306
Prefill time (summary): 13.172 seconds
Total Generation Time: 6.950 seconds
Average Time per Token: 0.0879707 seconds

Expert Cache Statistics:
Layer 0 Cache Stats: Hits=539, Misses=93, HitRate=85.28%
    Predictor Routed-Expert HitRate=60.00% (39/65, routed_n=5, horizon=6)
    Predictor RoutedForcedN HitRate=60.00% (39/65)
    Predictor RoutedTopK HitRate=64.42% (67/104)
    Predicted RequestedByRouterForcedN Rate=8.33% (39/468)
    Predicted RequestedByRouterTopK Rate=14.32% (67/468)
    Predictor WindowRecall Rate=57.31% (251/438)
    Predictor WindowPrecision Rate=53.63% (251/468)
    Loads Per Step: 0Loads=25, 1Load=28, >1Load=26
    Bandwidth: StallLoads=93, PrefetchLoads=58, AvgLoadTime=2.92ms
    PrefetchOverlap: HiddenReady=34, HiddenWait=0, TicksSkipped=0
    MissCause: NotPresent=93, NotReadyStall=0
    PrefetchEff: Dropped=0, AlreadyCached=446, UsedBeforeEvict=34, EvictedBeforeUse=20
    GlobalSpecLoad: PeakConcurrent=8
    Predictor TopK matches: 0=0 1=0 >=2=13
Layer 1 Cache Stats: Hits=599, Misses=33, HitRate=94.78%
    Predictor Routed-Expert HitRate=73.85% (48/65, routed_n=5, horizon=6)
    Predictor RoutedForcedN HitRate=73.85% (48/65)
    Predictor RoutedTopK HitRate=78.85% (82/104)
    Predicted RequestedByRouterForcedN Rate=10.26% (48/468)
    Predicted RequestedByRouterTopK Rate=17.52% (82/468)
    Predictor WindowRecall Rate=72.03% (255/354)
    Predictor WindowPrecision Rate=54.49% (255/468)
    Loads Per Step: 0Loads=52, 1Load=21, >1Load=6
    Bandwidth: StallLoads=33, PrefetchLoads=39, AvgLoadTime=3.84ms
    PrefetchOverlap: HiddenReady=22, HiddenWait=0, TicksSkipped=0
    MissCause: NotPresent=33, NotReadyStall=0
    PrefetchEff: Dropped=0, AlreadyCached=465, UsedBeforeEvict=22, EvictedBeforeUse=12
    Predictor TopK matches: 0=0 1=1 >=2=12
Layer 2 Cache Stats: Hits=605, Misses=27, HitRate=95.73%
    Predictor Routed-Expert HitRate=67.69% (44/65, routed_n=5, horizon=6)
    Predictor RoutedForcedN HitRate=67.69% (44/65)
    Predictor RoutedTopK HitRate=70.19% (73/104)
    Predicted RequestedByRouterForcedN Rate=9.40% (44/468)
    Predicted RequestedByRouterTopK Rate=15.60% (73/468)
    Predictor WindowRecall Rate=69.14% (242/350)
    Predictor WindowPrecision Rate=51.71% (242/468)
    Loads Per Step: 0Loads=59, 1Load=15, >1Load=5
    Bandwidth: StallLoads=27, PrefetchLoads=15, AvgLoadTime=5.81ms
    PrefetchOverlap: HiddenReady=7, HiddenWait=0, TicksSkipped=0
    MissCause: NotPresent=27, NotReadyStall=0
    PrefetchEff: Dropped=0, AlreadyCached=489, UsedBeforeEvict=7, EvictedBeforeUse=5
    Predictor TopK matches: 0=0 1=1 >=2=12
Layer 3 Cache Stats: Hits=589, Misses=43, HitRate=93.20%
    Predictor Routed-Expert HitRate=69.23% (45/65, routed_n=5, horizon=6)
    Predictor RoutedForcedN HitRate=69.23% (45/65)
    Predictor RoutedTopK HitRate=70.19% (73/104)
    Predicted RequestedByRouterForcedN Rate=9.62% (45/468)
    Predicted RequestedByRouterTopK Rate=15.60% (73/468)
    Predictor WindowRecall Rate=64.81% (221/341)
    Predictor WindowPrecision Rate=47.22% (221/468)
    Loads Per Step: 0Loads=44, 1Load=28, >1Load=7
    Bandwidth: StallLoads=43, PrefetchLoads=40, AvgLoadTime=4.37ms
    PrefetchOverlap: HiddenReady=18, HiddenWait=0, TicksSkipped=0
    MissCause: NotPresent=43, NotReadyStall=0
    PrefetchEff: Dropped=0, AlreadyCached=464, UsedBeforeEvict=18, EvictedBeforeUse=17
    Predictor TopK matches: 0=0 1=0 >=2=13
Layer 4 Cache Stats: Hits=624, Misses=8, HitRate=98.73%
    Predictor Routed-Expert HitRate=83.08% (54/65, routed_n=5, horizon=6)
    Predictor RoutedForcedN HitRate=83.08% (54/65)
    Predictor RoutedTopK HitRate=84.62% (88/104)
    Predicted RequestedByRouterForcedN Rate=11.54% (54/468)
    Predicted RequestedByRouterTopK Rate=18.80% (88/468)
    Predictor WindowRecall Rate=77.50% (217/280)
    Predictor WindowPrecision Rate=46.37% (217/468)
    Loads Per Step: 0Loads=72, 1Load=6, >1Load=1
    Bandwidth: StallLoads=8, PrefetchLoads=18, AvgLoadTime=6.22ms
    PrefetchOverlap: HiddenReady=14, HiddenWait=0, TicksSkipped=0
    MissCause: NotPresent=8, NotReadyStall=0
    PrefetchEff: Dropped=0, AlreadyCached=486, UsedBeforeEvict=14, EvictedBeforeUse=2
    Predictor TopK matches: 0=0 1=0 >=2=13
Layer 5 Cache Stats: Hits=626, Misses=6, HitRate=99.05%
    Predictor Routed-Expert HitRate=73.85% (48/65, routed_n=5, horizon=6)
    Predictor RoutedForcedN HitRate=73.85% (48/65)
    Predictor RoutedTopK HitRate=71.15% (74/104)
    Predicted RequestedByRouterForcedN Rate=10.26% (48/468)
    Predicted RequestedByRouterTopK Rate=15.81% (74/468)
    Predictor WindowRecall Rate=73.75% (222/301)
    Predictor WindowPrecision Rate=47.44% (222/468)
    Loads Per Step: 0Loads=73, 1Load=6, >1Load=0
    Bandwidth: StallLoads=6, PrefetchLoads=13, AvgLoadTime=5.71ms
    PrefetchOverlap: HiddenReady=5, HiddenWait=0, TicksSkipped=0
    MissCause: NotPresent=6, NotReadyStall=0
    PrefetchEff: Dropped=0, AlreadyCached=491, UsedBeforeEvict=5, EvictedBeforeUse=3
    Predictor TopK matches: 0=0 1=0 >=2=13
Layer 6 Cache Stats: Hits=631, Misses=1, HitRate=99.84%
    Predictor Routed-Expert HitRate=98.46% (64/65, routed_n=5, horizon=6)
    Predictor RoutedForcedN HitRate=98.46% (64/65)
    Predictor RoutedTopK HitRate=97.12% (101/104)
    Predicted RequestedByRouterForcedN Rate=13.68% (64/468)
    Predicted RequestedByRouterTopK Rate=21.58% (101/468)
    Predictor WindowRecall Rate=92.77% (218/235)
    Predictor WindowPrecision Rate=46.58% (218/468)
    Loads Per Step: 0Loads=78, 1Load=1, >1Load=0
    Bandwidth: StallLoads=1, PrefetchLoads=10, AvgLoadTime=10.56ms
    PrefetchOverlap: HiddenReady=5, HiddenWait=0, TicksSkipped=0
    MissCause: NotPresent=1, NotReadyStall=0
    PrefetchEff: Dropped=0, AlreadyCached=494, UsedBeforeEvict=5, EvictedBeforeUse=0
    Predictor TopK matches: 0=0 1=0 >=2=13
Layer 7 Cache Stats: Hits=632, Misses=0, HitRate=100.00%
    Predictor Routed-Expert HitRate=100.00% (65/65, routed_n=5, horizon=6)
    Predictor RoutedForcedN HitRate=100.00% (65/65)
    Predictor RoutedTopK HitRate=99.04% (103/104)
    Predicted RequestedByRouterForcedN Rate=13.89% (65/468)
    Predicted RequestedByRouterTopK Rate=22.01% (103/468)
    Predictor WindowRecall Rate=91.24% (198/217)
    Predictor WindowPrecision Rate=42.31% (198/468)
    Loads Per Step: 0Loads=79, 1Load=0, >1Load=0
    Bandwidth: StallLoads=0, PrefetchLoads=9, AvgLoadTime=11.64ms
    PrefetchOverlap: HiddenReady=5, HiddenWait=0, TicksSkipped=0
    PrefetchEff: Dropped=0, AlreadyCached=495, UsedBeforeEvict=5, EvictedBeforeUse=0
    Predictor TopK matches: 0=0 1=0 >=2=13
Layer 8 Cache Stats: Hits=624, Misses=8, HitRate=98.73%
    Predictor Routed-Expert HitRate=89.23% (58/65, routed_n=5, horizon=6)
    Predictor RoutedForcedN HitRate=89.23% (58/65)
    Predictor RoutedTopK HitRate=88.46% (92/104)
    Predicted RequestedByRouterForcedN Rate=12.39% (58/468)
    Predicted RequestedByRouterTopK Rate=19.66% (92/468)
    Predictor WindowRecall Rate=79.71% (220/276)
    Predictor WindowPrecision Rate=47.01% (220/468)
    Loads Per Step: 0Loads=71, 1Load=8, >1Load=0
    Bandwidth: StallLoads=8, PrefetchLoads=15, AvgLoadTime=7.40ms
    PrefetchOverlap: HiddenReady=12, HiddenWait=0, TicksSkipped=0
    MissCause: NotPresent=8, NotReadyStall=0
    PrefetchEff: Dropped=0, AlreadyCached=489, UsedBeforeEvict=12, EvictedBeforeUse=0
    Predictor TopK matches: 0=0 1=0 >=2=13
Layer 9 Cache Stats: Hits=630, Misses=2, HitRate=99.68%
    Predictor Routed-Expert HitRate=93.85% (61/65, routed_n=5, horizon=6)
    Predictor RoutedForcedN HitRate=93.85% (61/65)
    Predictor RoutedTopK HitRate=87.50% (91/104)
    Predicted RequestedByRouterForcedN Rate=13.03% (61/468)
    Predicted RequestedByRouterTopK Rate=19.44% (91/468)
    Predictor WindowRecall Rate=84.86% (213/251)
    Predictor WindowPrecision Rate=45.51% (213/468)
    Loads Per Step: 0Loads=77, 1Load=2, >1Load=0
    Bandwidth: StallLoads=2, PrefetchLoads=15, AvgLoadTime=7.15ms
    PrefetchOverlap: HiddenReady=9, HiddenWait=0, TicksSkipped=0
    MissCause: NotPresent=2, NotReadyStall=0
    PrefetchEff: Dropped=0, AlreadyCached=489, UsedBeforeEvict=9, EvictedBeforeUse=0
    Predictor TopK matches: 0=0 1=0 >=2=13
Layer 10 Cache Stats: Hits=623, Misses=9, HitRate=98.58%
    Predictor Routed-Expert HitRate=87.69% (57/65, routed_n=5, horizon=6)
    Predictor RoutedForcedN HitRate=87.69% (57/65)
    Predictor RoutedTopK HitRate=88.46% (92/104)
    Predicted RequestedByRouterForcedN Rate=12.18% (57/468)
    Predicted RequestedByRouterTopK Rate=19.66% (92/468)
    Predictor WindowRecall Rate=81.11% (219/270)
    Predictor WindowPrecision Rate=46.79% (219/468)
    Loads Per Step: 0Loads=71, 1Load=7, >1Load=1
    Bandwidth: StallLoads=9, PrefetchLoads=24, AvgLoadTime=5.43ms
    PrefetchOverlap: HiddenReady=15, HiddenWait=0, TicksSkipped=0
    MissCause: NotPresent=9, NotReadyStall=0
    PrefetchEff: Dropped=0, AlreadyCached=480, UsedBeforeEvict=15, EvictedBeforeUse=4
    Predictor TopK matches: 0=0 1=0 >=2=13
Layer 11 Cache Stats: Hits=622, Misses=10, HitRate=98.42%
    Predictor Routed-Expert HitRate=86.15% (56/65, routed_n=5, horizon=6)
    Predictor RoutedForcedN HitRate=86.15% (56/65)
    Predictor RoutedTopK HitRate=86.54% (90/104)
    Predicted RequestedByRouterForcedN Rate=11.97% (56/468)
    Predicted RequestedByRouterTopK Rate=19.23% (90/468)
    Predictor WindowRecall Rate=81.97% (241/294)
    Predictor WindowPrecision Rate=51.50% (241/468)
    Loads Per Step: 0Loads=70, 1Load=8, >1Load=1
    Bandwidth: StallLoads=10, PrefetchLoads=30, AvgLoadTime=5.72ms
    PrefetchOverlap: HiddenReady=16, HiddenWait=0, TicksSkipped=0
    MissCause: NotPresent=10, NotReadyStall=0
    PrefetchEff: Dropped=0, AlreadyCached=474, UsedBeforeEvict=16, EvictedBeforeUse=11
    Predictor TopK matches: 0=0 1=0 >=2=13
Layer 12 Cache Stats: Hits=625, Misses=7, HitRate=98.89%
    Predictor Routed-Expert HitRate=90.77% (59/65, routed_n=5, horizon=6)
    Predictor RoutedForcedN HitRate=90.77% (59/65)
    Predictor RoutedTopK HitRate=86.54% (90/104)
    Predicted RequestedByRouterForcedN Rate=12.61% (59/468)
    Predicted RequestedByRouterTopK Rate=19.23% (90/468)
    Predictor WindowRecall Rate=83.14% (217/261)
    Predictor WindowPrecision Rate=46.37% (217/468)
    Loads Per Step: 0Loads=72, 1Load=7, >1Load=0
    Bandwidth: StallLoads=7, PrefetchLoads=19, AvgLoadTime=7.85ms
    PrefetchOverlap: HiddenReady=14, HiddenWait=0, TicksSkipped=0
    MissCause: NotPresent=7, NotReadyStall=0
    PrefetchEff: Dropped=0, AlreadyCached=485, UsedBeforeEvict=14, EvictedBeforeUse=3
    Predictor TopK matches: 0=0 1=0 >=2=13
Layer 13 Cache Stats: Hits=623, Misses=9, HitRate=98.58%
    Predictor Routed-Expert HitRate=81.54% (53/65, routed_n=5, horizon=6)
    Predictor RoutedForcedN HitRate=81.54% (53/65)
    Predictor RoutedTopK HitRate=82.69% (86/104)
    Predicted RequestedByRouterForcedN Rate=11.32% (53/468)
    Predicted RequestedByRouterTopK Rate=18.38% (86/468)
    Predictor WindowRecall Rate=79.02% (241/305)
    Predictor WindowPrecision Rate=51.50% (241/468)
    Loads Per Step: 0Loads=71, 1Load=7, >1Load=1
    Bandwidth: StallLoads=9, PrefetchLoads=27, AvgLoadTime=6.31ms
    PrefetchOverlap: HiddenReady=17, HiddenWait=0, TicksSkipped=0
    MissCause: NotPresent=9, NotReadyStall=0
    PrefetchEff: Dropped=0, AlreadyCached=477, UsedBeforeEvict=17, EvictedBeforeUse=9
    Predictor TopK matches: 0=0 1=0 >=2=13
Layer 14 Cache Stats: Hits=628, Misses=4, HitRate=99.37%
    Predictor Routed-Expert HitRate=93.85% (61/65, routed_n=5, horizon=6)
    Predictor RoutedForcedN HitRate=93.85% (61/65)
    Predictor RoutedTopK HitRate=88.46% (92/104)
    Predicted RequestedByRouterForcedN Rate=13.03% (61/468)
    Predicted RequestedByRouterTopK Rate=19.66% (92/468)
    Predictor WindowRecall Rate=83.02% (220/265)
    Predictor WindowPrecision Rate=47.01% (220/468)
    Loads Per Step: 0Loads=76, 1Load=2, >1Load=1
    Bandwidth: StallLoads=4, PrefetchLoads=19, AvgLoadTime=8.01ms
    PrefetchOverlap: HiddenReady=8, HiddenWait=0, TicksSkipped=0
    MissCause: NotPresent=4, NotReadyStall=0
    PrefetchEff: Dropped=0, AlreadyCached=485, UsedBeforeEvict=8, EvictedBeforeUse=4
    Predictor TopK matches: 0=0 1=0 >=2=13
Layer 15 Cache Stats: Hits=627, Misses=5, HitRate=99.21%
    Predictor Routed-Expert HitRate=96.92% (63/65, routed_n=5, horizon=6)
    Predictor RoutedForcedN HitRate=96.92% (63/65)
    Predictor RoutedTopK HitRate=94.23% (98/104)
    Predicted RequestedByRouterForcedN Rate=13.46% (63/468)
    Predicted RequestedByRouterTopK Rate=20.94% (98/468)
    Predictor WindowRecall Rate=87.23% (205/235)
    Predictor WindowPrecision Rate=43.80% (205/468)
    Loads Per Step: 0Loads=75, 1Load=3, >1Load=1
    Bandwidth: StallLoads=5, PrefetchLoads=8, AvgLoadTime=9.70ms
    PrefetchOverlap: HiddenReady=4, HiddenWait=0, TicksSkipped=0
    MissCause: NotPresent=5, NotReadyStall=0
    PrefetchEff: Dropped=0, AlreadyCached=496, UsedBeforeEvict=4, EvictedBeforeUse=0
    Predictor TopK matches: 0=0 1=0 >=2=13
Layer 16 Cache Stats: Hits=625, Misses=7, HitRate=98.89%
    Predictor Routed-Expert HitRate=89.23% (58/65, routed_n=5, horizon=6)
    Predictor RoutedForcedN HitRate=89.23% (58/65)
    Predictor RoutedTopK HitRate=89.42% (93/104)
    Predicted RequestedByRouterForcedN Rate=12.39% (58/468)
    Predicted RequestedByRouterTopK Rate=19.87% (93/468)
    Predictor WindowRecall Rate=80.47% (206/256)
    Predictor WindowPrecision Rate=44.02% (206/468)
    Loads Per Step: 0Loads=72, 1Load=7, >1Load=0
    Bandwidth: StallLoads=7, PrefetchLoads=25, AvgLoadTime=7.51ms
    PrefetchOverlap: HiddenReady=13, HiddenWait=0, TicksSkipped=0
    MissCause: NotPresent=7, NotReadyStall=0
    PrefetchEff: Dropped=0, AlreadyCached=479, UsedBeforeEvict=13, EvictedBeforeUse=4
    Predictor TopK matches: 0=0 1=0 >=2=13
Layer 17 Cache Stats: Hits=627, Misses=5, HitRate=99.21%
    Predictor Routed-Expert HitRate=89.23% (58/65, routed_n=5, horizon=6)
    Predictor RoutedForcedN HitRate=89.23% (58/65)
    Predictor RoutedTopK HitRate=85.58% (89/104)
    Predicted RequestedByRouterForcedN Rate=12.39% (58/468)
    Predicted RequestedByRouterTopK Rate=19.02% (89/468)
    Predictor WindowRecall Rate=83.46% (227/272)
    Predictor WindowPrecision Rate=48.50% (227/468)
    Loads Per Step: 0Loads=74, 1Load=5, >1Load=0
    Bandwidth: StallLoads=5, PrefetchLoads=22, AvgLoadTime=7.28ms
    PrefetchOverlap: HiddenReady=15, HiddenWait=0, TicksSkipped=0
    MissCause: NotPresent=5, NotReadyStall=0
    PrefetchEff: Dropped=0, AlreadyCached=482, UsedBeforeEvict=15, EvictedBeforeUse=3
    Predictor TopK matches: 0=0 1=0 >=2=13
Layer 18 Cache Stats: Hits=632, Misses=0, HitRate=100.00%
    Predictor Routed-Expert HitRate=96.92% (63/65, routed_n=5, horizon=6)
    Predictor RoutedForcedN HitRate=96.92% (63/65)
    Predictor RoutedTopK HitRate=95.19% (99/104)
    Predicted RequestedByRouterForcedN Rate=13.46% (63/468)
    Predicted RequestedByRouterTopK Rate=21.15% (99/468)
    Predictor WindowRecall Rate=95.58% (216/226)
    Predictor WindowPrecision Rate=46.15% (216/468)
    Loads Per Step: 0Loads=79, 1Load=0, >1Load=0
    Bandwidth: StallLoads=0, PrefetchLoads=14, AvgLoadTime=11.39ms
    PrefetchOverlap: HiddenReady=4, HiddenWait=0, TicksSkipped=0
    PrefetchEff: Dropped=0, AlreadyCached=490, UsedBeforeEvict=4, EvictedBeforeUse=0
    Predictor TopK matches: 0=0 1=0 >=2=13
Layer 19 Cache Stats: Hits=632, Misses=0, HitRate=100.00%
    Predictor Routed-Expert HitRate=96.92% (63/65, routed_n=5, horizon=6)
    Predictor RoutedForcedN HitRate=96.92% (63/65)
    Predictor RoutedTopK HitRate=95.19% (99/104)
    Predicted RequestedByRouterForcedN Rate=13.46% (63/468)
    Predicted RequestedByRouterTopK Rate=21.15% (99/468)
    Predictor WindowRecall Rate=92.16% (188/204)
    Predictor WindowPrecision Rate=40.17% (188/468)
    Loads Per Step: 0Loads=79, 1Load=0, >1Load=0
    Bandwidth: StallLoads=0, PrefetchLoads=10, AvgLoadTime=13.64ms
    PrefetchOverlap: HiddenReady=6, HiddenWait=0, TicksSkipped=0
    PrefetchEff: Dropped=0, AlreadyCached=494, UsedBeforeEvict=6, EvictedBeforeUse=0
    Predictor TopK matches: 0=0 1=0 >=2=13
Layer 20 Cache Stats: Hits=631, Misses=1, HitRate=99.84%
    Predictor Routed-Expert HitRate=98.46% (64/65, routed_n=5, horizon=6)
    Predictor RoutedForcedN HitRate=98.46% (64/65)
    Predictor RoutedTopK HitRate=94.23% (98/104)
    Predicted RequestedByRouterForcedN Rate=13.68% (64/468)
    Predicted RequestedByRouterTopK Rate=20.94% (98/468)
    Predictor WindowRecall Rate=88.46% (230/260)
    Predictor WindowPrecision Rate=49.15% (230/468)
    Loads Per Step: 0Loads=78, 1Load=1, >1Load=0
    Bandwidth: StallLoads=1, PrefetchLoads=24, AvgLoadTime=8.19ms
    PrefetchOverlap: HiddenReady=16, HiddenWait=0, TicksSkipped=0
    MissCause: NotPresent=1, NotReadyStall=0
    PrefetchEff: Dropped=0, AlreadyCached=480, UsedBeforeEvict=16, EvictedBeforeUse=1
    Predictor TopK matches: 0=0 1=0 >=2=13
Layer 21 Cache Stats: Hits=628, Misses=4, HitRate=99.37%
    Predictor Routed-Expert HitRate=89.23% (58/65, routed_n=5, horizon=6)
    Predictor RoutedForcedN HitRate=89.23% (58/65)
    Predictor RoutedTopK HitRate=85.58% (89/104)
    Predicted RequestedByRouterForcedN Rate=12.39% (58/468)
    Predicted RequestedByRouterTopK Rate=19.02% (89/468)
    Predictor WindowRecall Rate=82.85% (198/239)
    Predictor WindowPrecision Rate=42.31% (198/468)
    Loads Per Step: 0Loads=75, 1Load=4, >1Load=0
    Bandwidth: StallLoads=4, PrefetchLoads=30, AvgLoadTime=6.74ms
    PrefetchOverlap: HiddenReady=10, HiddenWait=0, TicksSkipped=0
    MissCause: NotPresent=4, NotReadyStall=0
    PrefetchEff: Dropped=0, AlreadyCached=474, UsedBeforeEvict=10, EvictedBeforeUse=9
    Predictor TopK matches: 0=0 1=0 >=2=13
Layer 22 Cache Stats: Hits=627, Misses=5, HitRate=99.21%
    Predictor Routed-Expert HitRate=83.08% (54/65, routed_n=5, horizon=6)
    Predictor RoutedForcedN HitRate=83.08% (54/65)
    Predictor RoutedTopK HitRate=82.69% (86/104)
    Predicted RequestedByRouterForcedN Rate=11.54% (54/468)
    Predicted RequestedByRouterTopK Rate=18.38% (86/468)
    Predictor WindowRecall Rate=83.45% (232/278)
    Predictor WindowPrecision Rate=49.57% (232/468)
    Loads Per Step: 0Loads=74, 1Load=5, >1Load=0
    Bandwidth: StallLoads=5, PrefetchLoads=16, AvgLoadTime=10.73ms
    PrefetchOverlap: HiddenReady=12, HiddenWait=0, TicksSkipped=0
    MissCause: NotPresent=5, NotReadyStall=0
    PrefetchEff: Dropped=0, AlreadyCached=488, UsedBeforeEvict=12, EvictedBeforeUse=0
    Predictor TopK matches: 0=0 1=0 >=2=13
Layer 23 Cache Stats: Hits=626, Misses=6, HitRate=99.05%
    Predictor Routed-Expert HitRate=84.62% (55/65, routed_n=5, horizon=6)
    Predictor RoutedForcedN HitRate=84.62% (55/65)
    Predictor RoutedTopK HitRate=82.69% (86/104)
    Predicted RequestedByRouterForcedN Rate=11.75% (55/468)
    Predicted RequestedByRouterTopK Rate=18.38% (86/468)
    Predictor WindowRecall Rate=81.48% (242/297)
    Predictor WindowPrecision Rate=51.71% (242/468)
    Loads Per Step: 0Loads=73, 1Load=6, >1Load=0
    Bandwidth: StallLoads=6, PrefetchLoads=29, AvgLoadTime=7.74ms
    PrefetchOverlap: HiddenReady=19, HiddenWait=0, TicksSkipped=0
    MissCause: NotPresent=6, NotReadyStall=0
    PrefetchEff: Dropped=0, AlreadyCached=475, UsedBeforeEvict=19, EvictedBeforeUse=5
    Predictor TopK matches: 0=0 1=0 >=2=13
Layer 24 Cache Stats: Hits=630, Misses=2, HitRate=99.68%
    Predictor Routed-Expert HitRate=90.77% (59/65, routed_n=5, horizon=6)
    Predictor RoutedForcedN HitRate=90.77% (59/65)
    Predictor RoutedTopK HitRate=90.38% (94/104)
    Predicted RequestedByRouterForcedN Rate=12.61% (59/468)
    Predicted RequestedByRouterTopK Rate=20.09% (94/468)
    Predictor WindowRecall Rate=88.46% (230/260)
    Predictor WindowPrecision Rate=49.15% (230/468)
    Loads Per Step: 0Loads=77, 1Load=2, >1Load=0
    Bandwidth: StallLoads=2, PrefetchLoads=26, AvgLoadTime=8.98ms
    PrefetchOverlap: HiddenReady=16, HiddenWait=0, TicksSkipped=0
    MissCause: NotPresent=2, NotReadyStall=0
    PrefetchEff: Dropped=0, AlreadyCached=478, UsedBeforeEvict=16, EvictedBeforeUse=4
    Predictor TopK matches: 0=0 1=0 >=2=13
Layer 25 Cache Stats: Hits=615, Misses=17, HitRate=97.31%
    Predictor Routed-Expert HitRate=80.00% (52/65, routed_n=5, horizon=6)
    Predictor RoutedForcedN HitRate=80.00% (52/65)
    Predictor RoutedTopK HitRate=84.62% (88/104)
    Predicted RequestedByRouterForcedN Rate=11.11% (52/468)
    Predicted RequestedByRouterTopK Rate=18.80% (88/468)
    Predictor WindowRecall Rate=79.55% (249/313)
    Predictor WindowPrecision Rate=53.21% (249/468)
    Loads Per Step: 0Loads=66, 1Load=9, >1Load=4
    Bandwidth: StallLoads=17, PrefetchLoads=32, AvgLoadTime=6.23ms
    PrefetchOverlap: HiddenReady=20, HiddenWait=0, TicksSkipped=0
    MissCause: NotPresent=17, NotReadyStall=0
    PrefetchEff: Dropped=0, AlreadyCached=472, UsedBeforeEvict=20, EvictedBeforeUse=9
    Predictor TopK matches: 0=0 1=0 >=2=13
Layer 26 Cache Stats: Hits=629, Misses=3, HitRate=99.53%
    Predictor Routed-Expert HitRate=84.62% (55/65, routed_n=5, horizon=6)
    Predictor RoutedForcedN HitRate=84.62% (55/65)
    Predictor RoutedTopK HitRate=89.42% (93/104)
    Predicted RequestedByRouterForcedN Rate=11.75% (55/468)
    Predicted RequestedByRouterTopK Rate=19.87% (93/468)
    Predictor WindowRecall Rate=87.11% (223/256)
    Predictor WindowPrecision Rate=47.65% (223/468)
    Loads Per Step: 0Loads=76, 1Load=3, >1Load=0
    Bandwidth: StallLoads=3, PrefetchLoads=29, AvgLoadTime=9.12ms
    PrefetchOverlap: HiddenReady=14, HiddenWait=0, TicksSkipped=0
    MissCause: NotPresent=3, NotReadyStall=0
    PrefetchEff: Dropped=0, AlreadyCached=475, UsedBeforeEvict=14, EvictedBeforeUse=6
    Predictor TopK matches: 0=0 1=0 >=2=13
Layer 27 Cache Stats: Hits=626, Misses=6, HitRate=99.05%
    Predictor Routed-Expert HitRate=90.77% (59/65, routed_n=5, horizon=6)
    Predictor RoutedForcedN HitRate=90.77% (59/65)
    Predictor RoutedTopK HitRate=89.42% (93/104)
    Predicted RequestedByRouterForcedN Rate=12.61% (59/468)
    Predicted RequestedByRouterTopK Rate=19.87% (93/468)
    Predictor WindowRecall Rate=86.35% (215/249)
    Predictor WindowPrecision Rate=45.94% (215/468)
    Loads Per Step: 0Loads=73, 1Load=6, >1Load=0
    Bandwidth: StallLoads=6, PrefetchLoads=21, AvgLoadTime=11.79ms
    PrefetchOverlap: HiddenReady=8, HiddenWait=0, TicksSkipped=0
    MissCause: NotPresent=6, NotReadyStall=0
    PrefetchEff: Dropped=0, AlreadyCached=483, UsedBeforeEvict=8, EvictedBeforeUse=5
    Predictor TopK matches: 0=0 1=0 >=2=13
Layer 28 Cache Stats: Hits=627, Misses=5, HitRate=99.21%
    Predictor Routed-Expert HitRate=90.77% (59/65, routed_n=5, horizon=6)
    Predictor RoutedForcedN HitRate=90.77% (59/65)
    Predictor RoutedTopK HitRate=92.31% (96/104)
    Predicted RequestedByRouterForcedN Rate=12.61% (59/468)
    Predicted RequestedByRouterTopK Rate=20.51% (96/468)
    Predictor WindowRecall Rate=83.33% (225/270)
    Predictor WindowPrecision Rate=48.08% (225/468)
    Loads Per Step: 0Loads=74, 1Load=5, >1Load=0
    Bandwidth: StallLoads=5, PrefetchLoads=18, AvgLoadTime=8.15ms
    PrefetchOverlap: HiddenReady=9, HiddenWait=0, TicksSkipped=0
    MissCause: NotPresent=5, NotReadyStall=0
    PrefetchEff: Dropped=0, AlreadyCached=486, UsedBeforeEvict=9, EvictedBeforeUse=2
    Predictor TopK matches: 0=0 1=0 >=2=13
Layer 29 Cache Stats: Hits=628, Misses=4, HitRate=99.37%
    Predictor Routed-Expert HitRate=90.77% (59/65, routed_n=5, horizon=6)
    Predictor RoutedForcedN HitRate=90.77% (59/65)
    Predictor RoutedTopK HitRate=91.35% (95/104)
    Predicted RequestedByRouterForcedN Rate=12.61% (59/468)
    Predicted RequestedByRouterTopK Rate=20.30% (95/468)
    Predictor WindowRecall Rate=84.17% (234/278)
    Predictor WindowPrecision Rate=50.00% (234/468)
    Loads Per Step: 0Loads=75, 1Load=4, >1Load=0
    Bandwidth: StallLoads=4, PrefetchLoads=31, AvgLoadTime=6.34ms
    PrefetchOverlap: HiddenReady=24, HiddenWait=0, TicksSkipped=0
    MissCause: NotPresent=4, NotReadyStall=0
    PrefetchEff: Dropped=0, AlreadyCached=473, UsedBeforeEvict=24, EvictedBeforeUse=2
    Predictor TopK matches: 0=0 1=0 >=2=13
Layer 30 Cache Stats: Hits=629, Misses=3, HitRate=99.53%
    Predictor Routed-Expert HitRate=95.38% (62/65, routed_n=5, horizon=6)
    Predictor RoutedForcedN HitRate=95.38% (62/65)
    Predictor RoutedTopK HitRate=95.19% (99/104)
    Predicted RequestedByRouterForcedN Rate=13.25% (62/468)
    Predicted RequestedByRouterTopK Rate=21.15% (99/468)
    Predictor WindowRecall Rate=92.24% (202/219)
    Predictor WindowPrecision Rate=43.16% (202/468)
    Loads Per Step: 0Loads=76, 1Load=3, >1Load=0
    Bandwidth: StallLoads=3, PrefetchLoads=8, AvgLoadTime=12.46ms
    PrefetchOverlap: HiddenReady=4, HiddenWait=0, TicksSkipped=0
    MissCause: NotPresent=3, NotReadyStall=0
    PrefetchEff: Dropped=0, AlreadyCached=496, UsedBeforeEvict=4, EvictedBeforeUse=0
    Predictor TopK matches: 0=0 1=0 >=2=13
Layer 31 Cache Stats: Hits=632, Misses=0, HitRate=100.00%
    Predictor Routed-Expert HitRate=100.00% (65/65, routed_n=5, horizon=6)
    Predictor RoutedForcedN HitRate=100.00% (65/65)
    Predictor RoutedTopK HitRate=98.08% (102/104)
    Predicted RequestedByRouterForcedN Rate=13.89% (65/468)
    Predicted RequestedByRouterTopK Rate=21.79% (102/468)
    Predictor WindowRecall Rate=91.67% (198/216)
    Predictor WindowPrecision Rate=42.31% (198/468)
    Loads Per Step: 0Loads=79, 1Load=0, >1Load=0
    Bandwidth: StallLoads=0, PrefetchLoads=11, AvgLoadTime=6.22ms
    PrefetchOverlap: HiddenReady=8, HiddenWait=0, TicksSkipped=0
    PrefetchEff: Dropped=0, AlreadyCached=493, UsedBeforeEvict=8, EvictedBeforeUse=0
    Predictor TopK matches: 0=0 1=0 >=2=13
Layer 32 Cache Stats: Hits=627, Misses=5, HitRate=99.21%
    Predictor Routed-Expert HitRate=86.15% (56/65, routed_n=5, horizon=6)
    Predictor RoutedForcedN HitRate=86.15% (56/65)
    Predictor RoutedTopK HitRate=87.50% (91/104)
    Predicted RequestedByRouterForcedN Rate=11.97% (56/468)
    Predicted RequestedByRouterTopK Rate=19.44% (91/468)
    Predictor WindowRecall Rate=86.43% (223/258)
    Predictor WindowPrecision Rate=47.65% (223/468)
    Loads Per Step: 0Loads=74, 1Load=5, >1Load=0
    Bandwidth: StallLoads=5, PrefetchLoads=30, AvgLoadTime=7.56ms
    PrefetchOverlap: HiddenReady=16, HiddenWait=0, TicksSkipped=0
    MissCause: NotPresent=5, NotReadyStall=0
    PrefetchEff: Dropped=0, AlreadyCached=474, UsedBeforeEvict=16, EvictedBeforeUse=6
    Predictor TopK matches: 0=0 1=0 >=2=13
Layer 33 Cache Stats: Hits=626, Misses=6, HitRate=99.05%
    Predictor Routed-Expert HitRate=95.38% (62/65, routed_n=5, horizon=6)
    Predictor RoutedForcedN HitRate=95.38% (62/65)
    Predictor RoutedTopK HitRate=96.15% (100/104)
    Predicted RequestedByRouterForcedN Rate=13.25% (62/468)
    Predicted RequestedByRouterTopK Rate=21.37% (100/468)
    Predictor WindowRecall Rate=85.88% (219/255)
    Predictor WindowPrecision Rate=46.79% (219/468)
    Loads Per Step: 0Loads=74, 1Load=4, >1Load=1
    Bandwidth: StallLoads=6, PrefetchLoads=27, AvgLoadTime=6.91ms
    PrefetchOverlap: HiddenReady=12, HiddenWait=0, TicksSkipped=0
    MissCause: NotPresent=6, NotReadyStall=0
    PrefetchEff: Dropped=0, AlreadyCached=477, UsedBeforeEvict=12, EvictedBeforeUse=6
    Predictor TopK matches: 0=0 1=0 >=2=13
Layer 34 Cache Stats: Hits=620, Misses=12, HitRate=98.10%
    Predictor Routed-Expert HitRate=80.00% (52/65, routed_n=5, horizon=6)
    Predictor RoutedForcedN HitRate=80.00% (52/65)
    Predictor RoutedTopK HitRate=79.81% (83/104)
    Predicted RequestedByRouterForcedN Rate=11.11% (52/468)
    Predicted RequestedByRouterTopK Rate=17.74% (83/468)
    Predictor WindowRecall Rate=77.94% (219/281)
    Predictor WindowPrecision Rate=46.79% (219/468)
    Loads Per Step: 0Loads=67, 1Load=12, >1Load=0
    Bandwidth: StallLoads=12, PrefetchLoads=32, AvgLoadTime=6.98ms
    PrefetchOverlap: HiddenReady=17, HiddenWait=0, TicksSkipped=0
    MissCause: NotPresent=12, NotReadyStall=0
    PrefetchEff: Dropped=0, AlreadyCached=472, UsedBeforeEvict=17, EvictedBeforeUse=11
    Predictor TopK matches: 0=0 1=0 >=2=13
Layer 35 Cache Stats: Hits=616, Misses=16, HitRate=97.47%
    Predictor Routed-Expert HitRate=86.15% (56/65, routed_n=5, horizon=6)
    Predictor RoutedForcedN HitRate=86.15% (56/65)
    Predictor RoutedTopK HitRate=86.54% (90/104)
    Predicted RequestedByRouterForcedN Rate=11.97% (56/468)
    Predicted RequestedByRouterTopK Rate=19.23% (90/468)
    Predictor WindowRecall Rate=81.69% (241/295)
    Predictor WindowPrecision Rate=51.50% (241/468)
    Loads Per Step: 0Loads=65, 1Load=12, >1Load=2
    Bandwidth: StallLoads=16, PrefetchLoads=36, AvgLoadTime=6.20ms
    PrefetchOverlap: HiddenReady=19, HiddenWait=0, TicksSkipped=0
    MissCause: NotPresent=16, NotReadyStall=0
    PrefetchEff: Dropped=0, AlreadyCached=468, UsedBeforeEvict=19, EvictedBeforeUse=8
    Predictor TopK matches: 0=0 1=1 >=2=12
Layer 36 Cache Stats: Hits=623, Misses=9, HitRate=98.58%
    Predictor Routed-Expert HitRate=90.77% (59/65, routed_n=5, horizon=6)
    Predictor RoutedForcedN HitRate=90.77% (59/65)
    Predictor RoutedTopK HitRate=89.42% (93/104)
    Predicted RequestedByRouterForcedN Rate=12.61% (59/468)
    Predicted RequestedByRouterTopK Rate=19.87% (93/468)
    Predictor WindowRecall Rate=83.70% (231/276)
    Predictor WindowPrecision Rate=49.36% (231/468)
    Loads Per Step: 0Loads=71, 1Load=7, >1Load=1
    Bandwidth: StallLoads=9, PrefetchLoads=22, AvgLoadTime=7.85ms
    PrefetchOverlap: HiddenReady=15, HiddenWait=0, TicksSkipped=0
    MissCause: NotPresent=9, NotReadyStall=0
    PrefetchEff: Dropped=0, AlreadyCached=482, UsedBeforeEvict=15, EvictedBeforeUse=3
    Predictor TopK matches: 0=0 1=0 >=2=13
Layer 37 Cache Stats: Hits=621, Misses=11, HitRate=98.26%
    Predictor Routed-Expert HitRate=75.38% (49/65, routed_n=5, horizon=6)
    Predictor RoutedForcedN HitRate=75.38% (49/65)
    Predictor RoutedTopK HitRate=80.77% (84/104)
    Predicted RequestedByRouterForcedN Rate=10.47% (49/468)
    Predicted RequestedByRouterTopK Rate=17.95% (84/468)
    Predictor WindowRecall Rate=81.73% (255/312)
    Predictor WindowPrecision Rate=54.49% (255/468)
    Loads Per Step: 0Loads=70, 1Load=7, >1Load=2
    Bandwidth: StallLoads=11, PrefetchLoads=39, AvgLoadTime=6.17ms
    PrefetchOverlap: HiddenReady=26, HiddenWait=0, TicksSkipped=0
    MissCause: NotPresent=11, NotReadyStall=0
    PrefetchEff: Dropped=0, AlreadyCached=465, UsedBeforeEvict=26, EvictedBeforeUse=8
    Predictor TopK matches: 0=0 1=0 >=2=13
Layer 38 Cache Stats: Hits=628, Misses=4, HitRate=99.37%
    Predictor Routed-Expert HitRate=86.15% (56/65, routed_n=5, horizon=6)
    Predictor RoutedForcedN HitRate=86.15% (56/65)
    Predictor RoutedTopK HitRate=84.62% (88/104)
    Predicted RequestedByRouterForcedN Rate=11.97% (56/468)
    Predicted RequestedByRouterTopK Rate=18.80% (88/468)
    Predictor WindowRecall Rate=84.75% (239/282)
    Predictor WindowPrecision Rate=51.07% (239/468)
    Loads Per Step: 0Loads=75, 1Load=4, >1Load=0
    Bandwidth: StallLoads=4, PrefetchLoads=25, AvgLoadTime=8.52ms
    PrefetchOverlap: HiddenReady=19, HiddenWait=0, TicksSkipped=0
    MissCause: NotPresent=4, NotReadyStall=0
    PrefetchEff: Dropped=0, AlreadyCached=479, UsedBeforeEvict=19, EvictedBeforeUse=4
    Predictor TopK matches: 0=0 1=0 >=2=13
Layer 39 Cache Stats: Hits=630, Misses=2, HitRate=99.68%
    Predictor Routed-Expert HitRate=93.85% (61/65, routed_n=5, horizon=6)
    Predictor RoutedForcedN HitRate=93.85% (61/65)
    Predictor RoutedTopK HitRate=91.35% (95/104)
    Predicted RequestedByRouterForcedN Rate=13.03% (61/468)
    Predicted RequestedByRouterTopK Rate=20.30% (95/468)
    Predictor WindowRecall Rate=83.57% (234/280)
    Predictor WindowPrecision Rate=50.00% (234/468)
    Loads Per Step: 0Loads=77, 1Load=2, >1Load=0
    Bandwidth: StallLoads=2, PrefetchLoads=31, AvgLoadTime=9.57ms
    PrefetchOverlap: HiddenReady=16, HiddenWait=0, TicksSkipped=0
    MissCause: NotPresent=2, NotReadyStall=0
    PrefetchEff: Dropped=0, AlreadyCached=473, UsedBeforeEvict=16, EvictedBeforeUse=7
    Predictor TopK matches: 0=0 1=0 >=2=13
Layer 40 Cache Stats: Hits=631, Misses=1, HitRate=99.84%
    Predictor Routed-Expert HitRate=86.15% (56/65, routed_n=5, horizon=6)
    Predictor RoutedForcedN HitRate=86.15% (56/65)
    Predictor RoutedTopK HitRate=86.54% (90/104)
    Predicted RequestedByRouterForcedN Rate=11.97% (56/468)
    Predicted RequestedByRouterTopK Rate=19.23% (90/468)
    Predictor WindowRecall Rate=85.71% (246/287)
    Predictor WindowPrecision Rate=52.56% (246/468)
    Loads Per Step: 0Loads=78, 1Load=1, >1Load=0
    Bandwidth: StallLoads=1, PrefetchLoads=30, AvgLoadTime=10.53ms
    PrefetchOverlap: HiddenReady=17, HiddenWait=1, TicksSkipped=0
    MissCause: NotPresent=1, NotReadyStall=1
    PrefetchEff: Dropped=0, AlreadyCached=474, UsedBeforeEvict=18, EvictedBeforeUse=8
    Predictor TopK matches: 0=0 1=0 >=2=13
Layer 41 Cache Stats: Hits=627, Misses=5, HitRate=99.21%
    Predictor Routed-Expert HitRate=81.54% (53/65, routed_n=5, horizon=6)
    Predictor RoutedForcedN HitRate=81.54% (53/65)
    Predictor RoutedTopK HitRate=77.88% (81/104)
    Predicted RequestedByRouterForcedN Rate=11.32% (53/468)
    Predicted RequestedByRouterTopK Rate=17.31% (81/468)
    Predictor WindowRecall Rate=81.65% (258/316)
    Predictor WindowPrecision Rate=55.13% (258/468)
    Loads Per Step: 0Loads=75, 1Load=3, >1Load=1
    Bandwidth: StallLoads=5, PrefetchLoads=26, AvgLoadTime=8.44ms
    PrefetchOverlap: HiddenReady=18, HiddenWait=1, TicksSkipped=0
    MissCause: NotPresent=5, NotReadyStall=1
    PrefetchEff: Dropped=0, AlreadyCached=478, UsedBeforeEvict=19, EvictedBeforeUse=5
    Predictor TopK matches: 0=0 1=1 >=2=12
Layer 42 Cache Stats: Hits=620, Misses=12, HitRate=98.10%
    Predictor Routed-Expert HitRate=69.23% (45/65, routed_n=5, horizon=6)
    Predictor RoutedForcedN HitRate=69.23% (45/65)
    Predictor RoutedTopK HitRate=74.04% (77/104)
    Predicted RequestedByRouterForcedN Rate=9.62% (45/468)
    Predicted RequestedByRouterTopK Rate=16.45% (77/468)
    Predictor WindowRecall Rate=77.25% (258/334)
    Predictor WindowPrecision Rate=55.13% (258/468)
    Loads Per Step: 0Loads=67, 1Load=12, >1Load=0
    Bandwidth: StallLoads=12, PrefetchLoads=34, AvgLoadTime=8.51ms
    PrefetchOverlap: HiddenReady=16, HiddenWait=0, TicksSkipped=0
    MissCause: NotPresent=12, NotReadyStall=0
    PrefetchEff: Dropped=0, AlreadyCached=470, UsedBeforeEvict=16, EvictedBeforeUse=9
    Predictor TopK matches: 0=0 1=1 >=2=12
Layer 43 Cache Stats: Hits=630, Misses=2, HitRate=99.68%
    Predictor Routed-Expert HitRate=86.15% (56/65, routed_n=5, horizon=6)
    Predictor RoutedForcedN HitRate=86.15% (56/65)
    Predictor RoutedTopK HitRate=89.42% (93/104)
    Predicted RequestedByRouterForcedN Rate=11.97% (56/468)
    Predicted RequestedByRouterTopK Rate=19.87% (93/468)
    Predictor WindowRecall Rate=84.67% (243/287)
    Predictor WindowPrecision Rate=51.92% (243/468)
    Loads Per Step: 0Loads=77, 1Load=2, >1Load=0
    Bandwidth: StallLoads=2, PrefetchLoads=10, AvgLoadTime=13.57ms
    PrefetchOverlap: HiddenReady=6, HiddenWait=0, TicksSkipped=0
    MissCause: NotPresent=2, NotReadyStall=0
    PrefetchEff: Dropped=0, AlreadyCached=494, UsedBeforeEvict=6, EvictedBeforeUse=0
    Predictor TopK matches: 0=0 1=0 >=2=13
Layer 44 Cache Stats: Hits=628, Misses=4, HitRate=99.37%
    Predictor Routed-Expert HitRate=84.62% (55/65, routed_n=5, horizon=6)
    Predictor RoutedForcedN HitRate=84.62% (55/65)
    Predictor RoutedTopK HitRate=81.73% (85/104)
    Predicted RequestedByRouterForcedN Rate=11.75% (55/468)
    Predicted RequestedByRouterTopK Rate=18.16% (85/468)
    Predictor WindowRecall Rate=84.59% (236/279)
    Predictor WindowPrecision Rate=50.43% (236/468)
    Loads Per Step: 0Loads=76, 1Load=2, >1Load=1
    Bandwidth: StallLoads=4, PrefetchLoads=26, AvgLoadTime=7.66ms
    PrefetchOverlap: HiddenReady=15, HiddenWait=0, TicksSkipped=0
    MissCause: NotPresent=4, NotReadyStall=0
    PrefetchEff: Dropped=0, AlreadyCached=478, UsedBeforeEvict=15, EvictedBeforeUse=6
    Predictor TopK matches: 0=0 1=0 >=2=13
Layer 45 Cache Stats: Hits=623, Misses=9, HitRate=98.58%
    Predictor Routed-Expert HitRate=78.46% (51/65, routed_n=5, horizon=6)
    Predictor RoutedForcedN HitRate=78.46% (51/65)
    Predictor RoutedTopK HitRate=83.65% (87/104)
    Predicted RequestedByRouterForcedN Rate=10.90% (51/468)
    Predicted RequestedByRouterTopK Rate=18.59% (87/468)
    Predictor WindowRecall Rate=82.87% (237/286)
    Predictor WindowPrecision Rate=50.64% (237/468)
    Loads Per Step: 0Loads=71, 1Load=7, >1Load=1
    Bandwidth: StallLoads=9, PrefetchLoads=23, AvgLoadTime=6.54ms
    PrefetchOverlap: HiddenReady=9, HiddenWait=0, TicksSkipped=0
    MissCause: NotPresent=9, NotReadyStall=0
    PrefetchEff: Dropped=0, AlreadyCached=481, UsedBeforeEvict=9, EvictedBeforeUse=5
    Predictor TopK matches: 0=0 1=0 >=2=13
Layer 46 Cache Stats: Hits=623, Misses=9, HitRate=98.58%
    Predictor Routed-Expert HitRate=70.77% (46/65, routed_n=5, horizon=6)
    Predictor RoutedForcedN HitRate=70.77% (46/65)
    Predictor RoutedTopK HitRate=75.96% (79/104)
    Predicted RequestedByRouterForcedN Rate=9.83% (46/468)
    Predicted RequestedByRouterTopK Rate=16.88% (79/468)
    Predictor WindowRecall Rate=78.74% (237/301)
    Predictor WindowPrecision Rate=50.64% (237/468)
    Loads Per Step: 0Loads=72, 1Load=6, >1Load=1
    Bandwidth: StallLoads=9, PrefetchLoads=16, AvgLoadTime=6.73ms
    PrefetchOverlap: HiddenReady=10, HiddenWait=0, TicksSkipped=0
    MissCause: NotPresent=9, NotReadyStall=0
    PrefetchEff: Dropped=0, AlreadyCached=488, UsedBeforeEvict=10, EvictedBeforeUse=2
    Predictor TopK matches: 0=2 1=1 >=2=10
Layer 47 Cache Stats: Hits=618, Misses=14, HitRate=97.78%
    Predictor Routed-Expert HitRate=78.46% (51/65, routed_n=5, horizon=6)
    Predictor RoutedForcedN HitRate=78.46% (51/65)
    Predictor RoutedTopK HitRate=78.85% (82/104)
    Predicted RequestedByRouterForcedN Rate=10.90% (51/468)
    Predicted RequestedByRouterTopK Rate=17.52% (82/468)
    Predictor WindowRecall Rate=79.55% (284/357)
    Predictor WindowPrecision Rate=60.68% (284/468)
    Loads Per Step: 0Loads=70, 1Load=6, >1Load=3
    Bandwidth: StallLoads=14, PrefetchLoads=31, AvgLoadTime=5.01ms
    PrefetchOverlap: HiddenReady=25, HiddenWait=0, TicksSkipped=0
    MissCause: NotPresent=14, NotReadyStall=0
    PrefetchEff: Dropped=0, AlreadyCached=473, UsedBeforeEvict=25, EvictedBeforeUse=4
    Predictor TopK matches: 0=1 1=1 >=2=11
============================================================
[TorchScriptPredictor Layer 0] Shutdown complete
[TorchScriptPredictor Layer 1] Shutdown complete
[TorchScriptPredictor Layer 2] Shutdown complete
[TorchScriptPredictor Layer 3] Shutdown complete
[TorchScriptPredictor Layer 4] Shutdown complete
[TorchScriptPredictor Layer 5] Shutdown complete
[TorchScriptPredictor Layer 6] Shutdown complete
[TorchScriptPredictor Layer 7] Shutdown complete
[TorchScriptPredictor Layer 8] Shutdown complete
[TorchScriptPredictor Layer 9] Shutdown complete
[TorchScriptPredictor Layer 10] Shutdown complete
[TorchScriptPredictor Layer 11] Shutdown complete
[TorchScriptPredictor Layer 12] Shutdown complete
[TorchScriptPredictor Layer 13] Shutdown complete
[TorchScriptPredictor Layer 14] Shutdown complete
[TorchScriptPredictor Layer 15] Shutdown complete
[TorchScriptPredictor Layer 16] Shutdown complete
[TorchScriptPredictor Layer 17] Shutdown complete
[TorchScriptPredictor Layer 18] Shutdown complete
[TorchScriptPredictor Layer 19] Shutdown complete
[TorchScriptPredictor Layer 20] Shutdown complete
[TorchScriptPredictor Layer 21] Shutdown complete
[TorchScriptPredictor Layer 22] Shutdown complete
[TorchScriptPredictor Layer 23] Shutdown complete
[TorchScriptPredictor Layer 24] Shutdown complete
[TorchScriptPredictor Layer 25] Shutdown complete
[TorchScriptPredictor Layer 26] Shutdown complete
[TorchScriptPredictor Layer 27] Shutdown complete
[TorchScriptPredictor Layer 28] Shutdown complete
[TorchScriptPredictor Layer 29] Shutdown complete
[TorchScriptPredictor Layer 30] Shutdown complete
[TorchScriptPredictor Layer 31] Shutdown complete
[TorchScriptPredictor Layer 32] Shutdown complete
[TorchScriptPredictor Layer 33] Shutdown complete
[TorchScriptPredictor Layer 34] Shutdown complete
[TorchScriptPredictor Layer 35] Shutdown complete
[TorchScriptPredictor Layer 36] Shutdown complete
[TorchScriptPredictor Layer 37] Shutdown complete
[TorchScriptPredictor Layer 38] Shutdown complete
[TorchScriptPredictor Layer 39] Shutdown complete
[TorchScriptPredictor Layer 40] Shutdown complete
[TorchScriptPredictor Layer 41] Shutdown complete
[TorchScriptPredictor Layer 42] Shutdown complete
[TorchScriptPredictor Layer 43] Shutdown complete
[TorchScriptPredictor Layer 44] Shutdown complete
[TorchScriptPredictor Layer 45] Shutdown complete
[TorchScriptPredictor Layer 46] Shutdown complete
[TorchScriptPredictor Layer 47] Shutdown complete
============================================================
Initializing Qwen3 30B-A3B AWQ w4a16 quantized model...
============================================================
Loading quantized weights from QuixiAI/Qwen3-30B-A3B-AWQ...
Using saved safetensors: /home/michael/heteroPredict/py/unified_llm_w4a16/model_weights/Qwen3-30B-A3B-AWQ.safetensors
Expert weights dir: /home/michael/heteroPredict/py/unified_llm_w4a16/model_weights/Qwen3-30B-A3B-AWQ_packed  (format: packed)
Using existing attention weights in /home/michael/heteroPredict/py/unified_llm_w4a16/model_weights/Qwen3-30B-A3B-AWQ_unpacked
Weights loaded (expert dir override) in 0.30 seconds
Pre-warming expert cache with 64 experts...
Model initialized successfully!
Setting lambda to 1.0
Forced top-5 experts into cache mask.
Set expert cache policy to LFRU.

Running sweep using prompts from JSON: /tmp/tmpufl2h4og.json
Loaded 1 prompts for sweeping.

Processing Prompt 1/1...

============================================================
Generated text only:
============================================================
 merchant class ) . In the 18th century , the Japanese poet and scholar Kamo no Chōhō ( 1769 – 1829 ) , who was a leading figure of the Kansai school of Kokugaku ( national studies ) , made a Japanese translation of Du Fu 's poetry and published it as " Kōshū no Umi
============================================================

============================================================
Sweep Complete.
Average Time per Token: 0.274247
End-to-End TPS: 3.6464
Cache Stats: Hits=29882, Misses=454, HitRate=98.50%
Predictor Stats: Hits=2682, Total=3120, HitRate=85.96%
Initializing UnifiedLLMW4A16Impl_base
Using NPU config struct.
Configuring NPU (Base):
  Heterogeneity: gpu
  GPU Count: 1
  Debug Verbosity: 1
  Dummy Weights: false
  Warmup: false
  Preload MoE: true
  Minimal PDI: true
[GPU SELECT] Free VRAM ranking: gpu0=28.00/28.00 GiB
[GPU SELECT] Selected GPUs for gpu-count=1: [0]
[GPU MAP] Single-GPU placement on gpu0
[Predictor] Layer 0 model path resolved to: /home/michael/heteroPredict/trainingData/qwen3_30b/transformer_final_pfill_markov_emb/transformer_eh4_h64_f6/layer_0/best_jit.pt
[Predictor] Running on device: CPU (NPU path) (heterogeneity="gpu", predictor_device="cpu")
[ThreadedTorchScriptPredictor Layer 0] Detected history_length=4 from /home/michael/heteroPredict/trainingData/qwen3_30b/transformer_final_pfill_markov_emb/transformer_eh4_h64_f6/layer_0/best.json
[TorchScriptPredictor Layer 0] Loading model on CPU
[TorchScriptPredictor Layer 0] Assuming prefill_dist, prev_expert_onehot, and prev_layers_feat support (v3 API).
[TorchScriptPredictor Layer 0] prefill_dist support: yes, prev_expert_onehot support: yes, prev_layers_feat support: yes
[TorchScriptPredictor Layer 0] Loaded model: /home/michael/heteroPredict/trainingData/qwen3_30b/transformer_final_pfill_markov_emb/transformer_eh4_h64_f6/layer_0/best_jit.pt
[ThreadedTorchScriptPredictor Layer 1] Detected history_length=4 from /home/michael/heteroPredict/trainingData/qwen3_30b/transformer_final_pfill_markov_emb/transformer_eh4_h64_f6/layer_1/best.json
[TorchScriptPredictor Layer 1] Loading model on CPU
[TorchScriptPredictor Layer 1] Assuming prefill_dist, prev_expert_onehot, and prev_layers_feat support (v3 API).
[TorchScriptPredictor Layer 1] prefill_dist support: yes, prev_expert_onehot support: yes, prev_layers_feat support: yes
[TorchScriptPredictor Layer 1] Loaded model: /home/michael/heteroPredict/trainingData/qwen3_30b/transformer_final_pfill_markov_emb/transformer_eh4_h64_f6/layer_1/best_jit.pt
[ThreadedTorchScriptPredictor Layer 2] Detected history_length=4 from /home/michael/heteroPredict/trainingData/qwen3_30b/transformer_final_pfill_markov_emb/transformer_eh4_h64_f6/layer_2/best.json
[TorchScriptPredictor Layer 2] Loading model on CPU
[TorchScriptPredictor Layer 2] Assuming prefill_dist, prev_expert_onehot, and prev_layers_feat support (v3 API).
[TorchScriptPredictor Layer 2] prefill_dist support: yes, prev_expert_onehot support: yes, prev_layers_feat support: yes
[TorchScriptPredictor Layer 2] Loaded model: /home/michael/heteroPredict/trainingData/qwen3_30b/transformer_final_pfill_markov_emb/transformer_eh4_h64_f6/layer_2/best_jit.pt
[ThreadedTorchScriptPredictor Layer 3] Detected history_length=4 from /home/michael/heteroPredict/trainingData/qwen3_30b/transformer_final_pfill_markov_emb/transformer_eh4_h64_f6/layer_3/best.json
[TorchScriptPredictor Layer 3] Loading model on CPU
[TorchScriptPredictor Layer 3] Assuming prefill_dist, prev_expert_onehot, and prev_layers_feat support (v3 API).
[TorchScriptPredictor Layer 3] prefill_dist support: yes, prev_expert_onehot support: yes, prev_layers_feat support: yes
[TorchScriptPredictor Layer 3] Loaded model: /home/michael/heteroPredict/trainingData/qwen3_30b/transformer_final_pfill_markov_emb/transformer_eh4_h64_f6/layer_3/best_jit.pt
[ThreadedTorchScriptPredictor Layer 4] Detected history_length=4 from /home/michael/heteroPredict/trainingData/qwen3_30b/transformer_final_pfill_markov_emb/transformer_eh4_h64_f6/layer_4/best.json
[TorchScriptPredictor Layer 4] Loading model on CPU
[TorchScriptPredictor Layer 4] Assuming prefill_dist, prev_expert_onehot, and prev_layers_feat support (v3 API).
[TorchScriptPredictor Layer 4] prefill_dist support: yes, prev_expert_onehot support: yes, prev_layers_feat support: yes
[TorchScriptPredictor Layer 4] Loaded model: /home/michael/heteroPredict/trainingData/qwen3_30b/transformer_final_pfill_markov_emb/transformer_eh4_h64_f6/layer_4/best_jit.pt
[ThreadedTorchScriptPredictor Layer 5] Detected history_length=4 from /home/michael/heteroPredict/trainingData/qwen3_30b/transformer_final_pfill_markov_emb/transformer_eh4_h64_f6/layer_5/best.json
[TorchScriptPredictor Layer 5] Loading model on CPU
[TorchScriptPredictor Layer 5] Assuming prefill_dist, prev_expert_onehot, and prev_layers_feat support (v3 API).
[TorchScriptPredictor Layer 5] prefill_dist support: yes, prev_expert_onehot support: yes, prev_layers_feat support: yes
[TorchScriptPredictor Layer 5] Loaded model: /home/michael/heteroPredict/trainingData/qwen3_30b/transformer_final_pfill_markov_emb/transformer_eh4_h64_f6/layer_5/best_jit.pt
[ThreadedTorchScriptPredictor Layer 6] Detected history_length=4 from /home/michael/heteroPredict/trainingData/qwen3_30b/transformer_final_pfill_markov_emb/transformer_eh4_h64_f6/layer_6/best.json
[TorchScriptPredictor Layer 6] Loading model on CPU
[TorchScriptPredictor Layer 6] Assuming prefill_dist, prev_expert_onehot, and prev_layers_feat support (v3 API).
[TorchScriptPredictor Layer 6] prefill_dist support: yes, prev_expert_onehot support: yes, prev_layers_feat support: yes
[TorchScriptPredictor Layer 6] Loaded model: /home/michael/heteroPredict/trainingData/qwen3_30b/transformer_final_pfill_markov_emb/transformer_eh4_h64_f6/layer_6/best_jit.pt
[ThreadedTorchScriptPredictor Layer 7] Detected history_length=4 from /home/michael/heteroPredict/trainingData/qwen3_30b/transformer_final_pfill_markov_emb/transformer_eh4_h64_f6/layer_7/best.json
[TorchScriptPredictor Layer 7] Loading model on CPU
[TorchScriptPredictor Layer 7] Assuming prefill_dist, prev_expert_onehot, and prev_layers_feat support (v3 API).
[TorchScriptPredictor Layer 7] prefill_dist support: yes, prev_expert_onehot support: yes, prev_layers_feat support: yes
[TorchScriptPredictor Layer 7] Loaded model: /home/michael/heteroPredict/trainingData/qwen3_30b/transformer_final_pfill_markov_emb/transformer_eh4_h64_f6/layer_7/best_jit.pt
[ThreadedTorchScriptPredictor Layer 8] Detected history_length=4 from /home/michael/heteroPredict/trainingData/qwen3_30b/transformer_final_pfill_markov_emb/transformer_eh4_h64_f6/layer_8/best.json
[TorchScriptPredictor Layer 8] Loading model on CPU
[TorchScriptPredictor Layer 8] Assuming prefill_dist, prev_expert_onehot, and prev_layers_feat support (v3 API).
[TorchScriptPredictor Layer 8] prefill_dist support: yes, prev_expert_onehot support: yes, prev_layers_feat support: yes
[TorchScriptPredictor Layer 8] Loaded model: /home/michael/heteroPredict/trainingData/qwen3_30b/transformer_final_pfill_markov_emb/transformer_eh4_h64_f6/layer_8/best_jit.pt
[ThreadedTorchScriptPredictor Layer 9] Detected history_length=4 from /home/michael/heteroPredict/trainingData/qwen3_30b/transformer_final_pfill_markov_emb/transformer_eh4_h64_f6/layer_9/best.json
[TorchScriptPredictor Layer 9] Loading model on CPU
[TorchScriptPredictor Layer 9] Assuming prefill_dist, prev_expert_onehot, and prev_layers_feat support (v3 API).
[TorchScriptPredictor Layer 9] prefill_dist support: yes, prev_expert_onehot support: yes, prev_layers_feat support: yes
[TorchScriptPredictor Layer 9] Loaded model: /home/michael/heteroPredict/trainingData/qwen3_30b/transformer_final_pfill_markov_emb/transformer_eh4_h64_f6/layer_9/best_jit.pt
[ThreadedTorchScriptPredictor Layer 10] Detected history_length=4 from /home/michael/heteroPredict/trainingData/qwen3_30b/transformer_final_pfill_markov_emb/transformer_eh4_h64_f6/layer_10/best.json
[TorchScriptPredictor Layer 10] Loading model on CPU
[TorchScriptPredictor Layer 10] Assuming prefill_dist, prev_expert_onehot, and prev_layers_feat support (v3 API).
[TorchScriptPredictor Layer 10] prefill_dist support: yes, prev_expert_onehot support: yes, prev_layers_feat support: yes
[TorchScriptPredictor Layer 10] Loaded model: /home/michael/heteroPredict/trainingData/qwen3_30b/transformer_final_pfill_markov_emb/transformer_eh4_h64_f6/layer_10/best_jit.pt
[ThreadedTorchScriptPredictor Layer 11] Detected history_length=4 from /home/michael/heteroPredict/trainingData/qwen3_30b/transformer_final_pfill_markov_emb/transformer_eh4_h64_f6/layer_11/best.json
[TorchScriptPredictor Layer 11] Loading model on CPU
[TorchScriptPredictor Layer 11] Assuming prefill_dist, prev_expert_onehot, and prev_layers_feat support (v3 API).
[TorchScriptPredictor Layer 11] prefill_dist support: yes, prev_expert_onehot support: yes, prev_layers_feat support: yes
[TorchScriptPredictor Layer 11] Loaded model: /home/michael/heteroPredict/trainingData/qwen3_30b/transformer_final_pfill_markov_emb/transformer_eh4_h64_f6/layer_11/best_jit.pt
[ThreadedTorchScriptPredictor Layer 12] Detected history_length=4 from /home/michael/heteroPredict/trainingData/qwen3_30b/transformer_final_pfill_markov_emb/transformer_eh4_h64_f6/layer_12/best.json
[TorchScriptPredictor Layer 12] Loading model on CPU
[TorchScriptPredictor Layer 12] Assuming prefill_dist, prev_expert_onehot, and prev_layers_feat support (v3 API).
[TorchScriptPredictor Layer 12] prefill_dist support: yes, prev_expert_onehot support: yes, prev_layers_feat support: yes
[TorchScriptPredictor Layer 12] Loaded model: /home/michael/heteroPredict/trainingData/qwen3_30b/transformer_final_pfill_markov_emb/transformer_eh4_h64_f6/layer_12/best_jit.pt
[ThreadedTorchScriptPredictor Layer 13] Detected history_length=4 from /home/michael/heteroPredict/trainingData/qwen3_30b/transformer_final_pfill_markov_emb/transformer_eh4_h64_f6/layer_13/best.json
[TorchScriptPredictor Layer 13] Loading model on CPU
[TorchScriptPredictor Layer 13] Assuming prefill_dist, prev_expert_onehot, and prev_layers_feat support (v3 API).
[TorchScriptPredictor Layer 13] prefill_dist support: yes, prev_expert_onehot support: yes, prev_layers_feat support: yes
[TorchScriptPredictor Layer 13] Loaded model: /home/michael/heteroPredict/trainingData/qwen3_30b/transformer_final_pfill_markov_emb/transformer_eh4_h64_f6/layer_13/best_jit.pt
[ThreadedTorchScriptPredictor Layer 14] Detected history_length=4 from /home/michael/heteroPredict/trainingData/qwen3_30b/transformer_final_pfill_markov_emb/transformer_eh4_h64_f6/layer_14/best.json
[TorchScriptPredictor Layer 14] Loading model on CPU
[TorchScriptPredictor Layer 14] Assuming prefill_dist, prev_expert_onehot, and prev_layers_feat support (v3 API).
[TorchScriptPredictor Layer 14] prefill_dist support: yes, prev_expert_onehot support: yes, prev_layers_feat support: yes
[TorchScriptPredictor Layer 14] Loaded model: /home/michael/heteroPredict/trainingData/qwen3_30b/transformer_final_pfill_markov_emb/transformer_eh4_h64_f6/layer_14/best_jit.pt
[ThreadedTorchScriptPredictor Layer 15] Detected history_length=4 from /home/michael/heteroPredict/trainingData/qwen3_30b/transformer_final_pfill_markov_emb/transformer_eh4_h64_f6/layer_15/best.json
[TorchScriptPredictor Layer 15] Loading model on CPU
[TorchScriptPredictor Layer 15] Assuming prefill_dist, prev_expert_onehot, and prev_layers_feat support (v3 API).
[TorchScriptPredictor Layer 15] prefill_dist support: yes, prev_expert_onehot support: yes, prev_layers_feat support: yes
[TorchScriptPredictor Layer 15] Loaded model: /home/michael/heteroPredict/trainingData/qwen3_30b/transformer_final_pfill_markov_emb/transformer_eh4_h64_f6/layer_15/best_jit.pt
[ThreadedTorchScriptPredictor Layer 16] Detected history_length=4 from /home/michael/heteroPredict/trainingData/qwen3_30b/transformer_final_pfill_markov_emb/transformer_eh4_h64_f6/layer_16/best.json
[TorchScriptPredictor Layer 16] Loading model on CPU
[TorchScriptPredictor Layer 16] Assuming prefill_dist, prev_expert_onehot, and prev_layers_feat support (v3 API).
[TorchScriptPredictor Layer 16] prefill_dist support: yes, prev_expert_onehot support: yes, prev_layers_feat support: yes
[TorchScriptPredictor Layer 16] Loaded model: /home/michael/heteroPredict/trainingData/qwen3_30b/transformer_final_pfill_markov_emb/transformer_eh4_h64_f6/layer_16/best_jit.pt
[ThreadedTorchScriptPredictor Layer 17] Detected history_length=4 from /home/michael/heteroPredict/trainingData/qwen3_30b/transformer_final_pfill_markov_emb/transformer_eh4_h64_f6/layer_17/best.json
[TorchScriptPredictor Layer 17] Loading model on CPU
[TorchScriptPredictor Layer 17] Assuming prefill_dist, prev_expert_onehot, and prev_layers_feat support (v3 API).
[TorchScriptPredictor Layer 17] prefill_dist support: yes, prev_expert_onehot support: yes, prev_layers_feat support: yes
[TorchScriptPredictor Layer 17] Loaded model: /home/michael/heteroPredict/trainingData/qwen3_30b/transformer_final_pfill_markov_emb/transformer_eh4_h64_f6/layer_17/best_jit.pt
[ThreadedTorchScriptPredictor Layer 18] Detected history_length=4 from /home/michael/heteroPredict/trainingData/qwen3_30b/transformer_final_pfill_markov_emb/transformer_eh4_h64_f6/layer_18/best.json
[TorchScriptPredictor Layer 18] Loading model on CPU
[TorchScriptPredictor Layer 18] Assuming prefill_dist, prev_expert_onehot, and prev_layers_feat support (v3 API).
[TorchScriptPredictor Layer 18] prefill_dist support: yes, prev_expert_onehot support: yes, prev_layers_feat support: yes
[TorchScriptPredictor Layer 18] Loaded model: /home/michael/heteroPredict/trainingData/qwen3_30b/transformer_final_pfill_markov_emb/transformer_eh4_h64_f6/layer_18/best_jit.pt
[ThreadedTorchScriptPredictor Layer 19] Detected history_length=4 from /home/michael/heteroPredict/trainingData/qwen3_30b/transformer_final_pfill_markov_emb/transformer_eh4_h64_f6/layer_19/best.json
[TorchScriptPredictor Layer 19] Loading model on CPU
[TorchScriptPredictor Layer 19] Assuming prefill_dist, prev_expert_onehot, and prev_layers_feat support (v3 API).
[TorchScriptPredictor Layer 19] prefill_dist support: yes, prev_expert_onehot support: yes, prev_layers_feat support: yes
[TorchScriptPredictor Layer 19] Loaded model: /home/michael/heteroPredict/trainingData/qwen3_30b/transformer_final_pfill_markov_emb/transformer_eh4_h64_f6/layer_19/best_jit.pt
[ThreadedTorchScriptPredictor Layer 20] Detected history_length=4 from /home/michael/heteroPredict/trainingData/qwen3_30b/transformer_final_pfill_markov_emb/transformer_eh4_h64_f6/layer_20/best.json
[TorchScriptPredictor Layer 20] Loading model on CPU
[TorchScriptPredictor Layer 20] Assuming prefill_dist, prev_expert_onehot, and prev_layers_feat support (v3 API).
[TorchScriptPredictor Layer 20] prefill_dist support: yes, prev_expert_onehot support: yes, prev_layers_feat support: yes
[TorchScriptPredictor Layer 20] Loaded model: /home/michael/heteroPredict/trainingData/qwen3_30b/transformer_final_pfill_markov_emb/transformer_eh4_h64_f6/layer_20/best_jit.pt
[ThreadedTorchScriptPredictor Layer 21] Detected history_length=4 from /home/michael/heteroPredict/trainingData/qwen3_30b/transformer_final_pfill_markov_emb/transformer_eh4_h64_f6/layer_21/best.json
[TorchScriptPredictor Layer 21] Loading model on CPU
[TorchScriptPredictor Layer 21] Assuming prefill_dist, prev_expert_onehot, and prev_layers_feat support (v3 API).
[TorchScriptPredictor Layer 21] prefill_dist support: yes, prev_expert_onehot support: yes, prev_layers_feat support: yes
[TorchScriptPredictor Layer 21] Loaded model: /home/michael/heteroPredict/trainingData/qwen3_30b/transformer_final_pfill_markov_emb/transformer_eh4_h64_f6/layer_21/best_jit.pt
[ThreadedTorchScriptPredictor Layer 22] Detected history_length=4 from /home/michael/heteroPredict/trainingData/qwen3_30b/transformer_final_pfill_markov_emb/transformer_eh4_h64_f6/layer_22/best.json
[TorchScriptPredictor Layer 22] Loading model on CPU
[TorchScriptPredictor Layer 22] Assuming prefill_dist, prev_expert_onehot, and prev_layers_feat support (v3 API).
[TorchScriptPredictor Layer 22] prefill_dist support: yes, prev_expert_onehot support: yes, prev_layers_feat support: yes
[TorchScriptPredictor Layer 22] Loaded model: /home/michael/heteroPredict/trainingData/qwen3_30b/transformer_final_pfill_markov_emb/transformer_eh4_h64_f6/layer_22/best_jit.pt
[ThreadedTorchScriptPredictor Layer 23] Detected history_length=4 from /home/michael/heteroPredict/trainingData/qwen3_30b/transformer_final_pfill_markov_emb/transformer_eh4_h64_f6/layer_23/best.json
[TorchScriptPredictor Layer 23] Loading model on CPU
[TorchScriptPredictor Layer 23] Assuming prefill_dist, prev_expert_onehot, and prev_layers_feat support (v3 API).
[TorchScriptPredictor Layer 23] prefill_dist support: yes, prev_expert_onehot support: yes, prev_layers_feat support: yes
[TorchScriptPredictor Layer 23] Loaded model: /home/michael/heteroPredict/trainingData/qwen3_30b/transformer_final_pfill_markov_emb/transformer_eh4_h64_f6/layer_23/best_jit.pt
[ThreadedTorchScriptPredictor Layer 24] Detected history_length=4 from /home/michael/heteroPredict/trainingData/qwen3_30b/transformer_final_pfill_markov_emb/transformer_eh4_h64_f6/layer_24/best.json
[TorchScriptPredictor Layer 24] Loading model on CPU
[TorchScriptPredictor Layer 24] Assuming prefill_dist, prev_expert_onehot, and prev_layers_feat support (v3 API).
[TorchScriptPredictor Layer 24] prefill_dist support: yes, prev_expert_onehot support: yes, prev_layers_feat support: yes
[TorchScriptPredictor Layer 24] Loaded model: /home/michael/heteroPredict/trainingData/qwen3_30b/transformer_final_pfill_markov_emb/transformer_eh4_h64_f6/layer_24/best_jit.pt
[ThreadedTorchScriptPredictor Layer 25] Detected history_length=4 from /home/michael/heteroPredict/trainingData/qwen3_30b/transformer_final_pfill_markov_emb/transformer_eh4_h64_f6/layer_25/best.json
[TorchScriptPredictor Layer 25] Loading model on CPU
[TorchScriptPredictor Layer 25] Assuming prefill_dist, prev_expert_onehot, and prev_layers_feat support (v3 API).
[TorchScriptPredictor Layer 25] prefill_dist support: yes, prev_expert_onehot support: yes, prev_layers_feat support: yes
[TorchScriptPredictor Layer 25] Loaded model: /home/michael/heteroPredict/trainingData/qwen3_30b/transformer_final_pfill_markov_emb/transformer_eh4_h64_f6/layer_25/best_jit.pt
[ThreadedTorchScriptPredictor Layer 26] Detected history_length=4 from /home/michael/heteroPredict/trainingData/qwen3_30b/transformer_final_pfill_markov_emb/transformer_eh4_h64_f6/layer_26/best.json
[TorchScriptPredictor Layer 26] Loading model on CPU
[TorchScriptPredictor Layer 26] Assuming prefill_dist, prev_expert_onehot, and prev_layers_feat support (v3 API).
[TorchScriptPredictor Layer 26] prefill_dist support: yes, prev_expert_onehot support: yes, prev_layers_feat support: yes
[TorchScriptPredictor Layer 26] Loaded model: /home/michael/heteroPredict/trainingData/qwen3_30b/transformer_final_pfill_markov_emb/transformer_eh4_h64_f6/layer_26/best_jit.pt
[ThreadedTorchScriptPredictor Layer 27] Detected history_length=4 from /home/michael/heteroPredict/trainingData/qwen3_30b/transformer_final_pfill_markov_emb/transformer_eh4_h64_f6/layer_27/best.json
[TorchScriptPredictor Layer 27] Loading model on CPU
[TorchScriptPredictor Layer 27] Assuming prefill_dist, prev_expert_onehot, and prev_layers_feat support (v3 API).
[TorchScriptPredictor Layer 27] prefill_dist support: yes, prev_expert_onehot support: yes, prev_layers_feat support: yes
[TorchScriptPredictor Layer 27] Loaded model: /home/michael/heteroPredict/trainingData/qwen3_30b/transformer_final_pfill_markov_emb/transformer_eh4_h64_f6/layer_27/best_jit.pt
[ThreadedTorchScriptPredictor Layer 28] Detected history_length=4 from /home/michael/heteroPredict/trainingData/qwen3_30b/transformer_final_pfill_markov_emb/transformer_eh4_h64_f6/layer_28/best.json
[TorchScriptPredictor Layer 28] Loading model on CPU
[TorchScriptPredictor Layer 28] Assuming prefill_dist, prev_expert_onehot, and prev_layers_feat support (v3 API).
[TorchScriptPredictor Layer 28] prefill_dist support: yes, prev_expert_onehot support: yes, prev_layers_feat support: yes
[TorchScriptPredictor Layer 28] Loaded model: /home/michael/heteroPredict/trainingData/qwen3_30b/transformer_final_pfill_markov_emb/transformer_eh4_h64_f6/layer_28/best_jit.pt
[ThreadedTorchScriptPredictor Layer 29] Detected history_length=4 from /home/michael/heteroPredict/trainingData/qwen3_30b/transformer_final_pfill_markov_emb/transformer_eh4_h64_f6/layer_29/best.json
[TorchScriptPredictor Layer 29] Loading model on CPU
[TorchScriptPredictor Layer 29] Assuming prefill_dist, prev_expert_onehot, and prev_layers_feat support (v3 API).
[TorchScriptPredictor Layer 29] prefill_dist support: yes, prev_expert_onehot support: yes, prev_layers_feat support: yes
[TorchScriptPredictor Layer 29] Loaded model: /home/michael/heteroPredict/trainingData/qwen3_30b/transformer_final_pfill_markov_emb/transformer_eh4_h64_f6/layer_29/best_jit.pt
[ThreadedTorchScriptPredictor Layer 30] Detected history_length=4 from /home/michael/heteroPredict/trainingData/qwen3_30b/transformer_final_pfill_markov_emb/transformer_eh4_h64_f6/layer_30/best.json
[TorchScriptPredictor Layer 30] Loading model on CPU
[TorchScriptPredictor Layer 30] Assuming prefill_dist, prev_expert_onehot, and prev_layers_feat support (v3 API).
[TorchScriptPredictor Layer 30] prefill_dist support: yes, prev_expert_onehot support: yes, prev_layers_feat support: yes
[TorchScriptPredictor Layer 30] Loaded model: /home/michael/heteroPredict/trainingData/qwen3_30b/transformer_final_pfill_markov_emb/transformer_eh4_h64_f6/layer_30/best_jit.pt
[ThreadedTorchScriptPredictor Layer 31] Detected history_length=4 from /home/michael/heteroPredict/trainingData/qwen3_30b/transformer_final_pfill_markov_emb/transformer_eh4_h64_f6/layer_31/best.json
[TorchScriptPredictor Layer 31] Loading model on CPU
[TorchScriptPredictor Layer 31] Assuming prefill_dist, prev_expert_onehot, and prev_layers_feat support (v3 API).
[TorchScriptPredictor Layer 31] prefill_dist support: yes, prev_expert_onehot support: yes, prev_layers_feat support: yes
[TorchScriptPredictor Layer 31] Loaded model: /home/michael/heteroPredict/trainingData/qwen3_30b/transformer_final_pfill_markov_emb/transformer_eh4_h64_f6/layer_31/best_jit.pt
[ThreadedTorchScriptPredictor Layer 32] Detected history_length=4 from /home/michael/heteroPredict/trainingData/qwen3_30b/transformer_final_pfill_markov_emb/transformer_eh4_h64_f6/layer_32/best.json
[TorchScriptPredictor Layer 32] Loading model on CPU
[TorchScriptPredictor Layer 32] Assuming prefill_dist, prev_expert_onehot, and prev_layers_feat support (v3 API).
[TorchScriptPredictor Layer 32] prefill_dist support: yes, prev_expert_onehot support: yes, prev_layers_feat support: yes
[TorchScriptPredictor Layer 32] Loaded model: /home/michael/heteroPredict/trainingData/qwen3_30b/transformer_final_pfill_markov_emb/transformer_eh4_h64_f6/layer_32/best_jit.pt
[ThreadedTorchScriptPredictor Layer 33] Detected history_length=4 from /home/michael/heteroPredict/trainingData/qwen3_30b/transformer_final_pfill_markov_emb/transformer_eh4_h64_f6/layer_33/best.json
[TorchScriptPredictor Layer 33] Loading model on CPU
[TorchScriptPredictor Layer 33] Assuming prefill_dist, prev_expert_onehot, and prev_layers_feat support (v3 API).
[TorchScriptPredictor Layer 33] prefill_dist support: yes, prev_expert_onehot support: yes, prev_layers_feat support: yes
[TorchScriptPredictor Layer 33] Loaded model: /home/michael/heteroPredict/trainingData/qwen3_30b/transformer_final_pfill_markov_emb/transformer_eh4_h64_f6/layer_33/best_jit.pt
[ThreadedTorchScriptPredictor Layer 34] Detected history_length=4 from /home/michael/heteroPredict/trainingData/qwen3_30b/transformer_final_pfill_markov_emb/transformer_eh4_h64_f6/layer_34/best.json
[TorchScriptPredictor Layer 34] Loading model on CPU
[TorchScriptPredictor Layer 34] Assuming prefill_dist, prev_expert_onehot, and prev_layers_feat support (v3 API).
[TorchScriptPredictor Layer 34] prefill_dist support: yes, prev_expert_onehot support: yes, prev_layers_feat support: yes
[TorchScriptPredictor Layer 34] Loaded model: /home/michael/heteroPredict/trainingData/qwen3_30b/transformer_final_pfill_markov_emb/transformer_eh4_h64_f6/layer_34/best_jit.pt
[ThreadedTorchScriptPredictor Layer 35] Detected history_length=4 from /home/michael/heteroPredict/trainingData/qwen3_30b/transformer_final_pfill_markov_emb/transformer_eh4_h64_f6/layer_35/best.json
[TorchScriptPredictor Layer 35] Loading model on CPU
[TorchScriptPredictor Layer 35] Assuming prefill_dist, prev_expert_onehot, and prev_layers_feat support (v3 API).
[TorchScriptPredictor Layer 35] prefill_dist support: yes, prev_expert_onehot support: yes, prev_layers_feat support: yes
[TorchScriptPredictor Layer 35] Loaded model: /home/michael/heteroPredict/trainingData/qwen3_30b/transformer_final_pfill_markov_emb/transformer_eh4_h64_f6/layer_35/best_jit.pt
[ThreadedTorchScriptPredictor Layer 36] Detected history_length=4 from /home/michael/heteroPredict/trainingData/qwen3_30b/transformer_final_pfill_markov_emb/transformer_eh4_h64_f6/layer_36/best.json
[TorchScriptPredictor Layer 36] Loading model on CPU
[TorchScriptPredictor Layer 36] Assuming prefill_dist, prev_expert_onehot, and prev_layers_feat support (v3 API).
[TorchScriptPredictor Layer 36] prefill_dist support: yes, prev_expert_onehot support: yes, prev_layers_feat support: yes
[TorchScriptPredictor Layer 36] Loaded model: /home/michael/heteroPredict/trainingData/qwen3_30b/transformer_final_pfill_markov_emb/transformer_eh4_h64_f6/layer_36/best_jit.pt
[ThreadedTorchScriptPredictor Layer 37] Detected history_length=4 from /home/michael/heteroPredict/trainingData/qwen3_30b/transformer_final_pfill_markov_emb/transformer_eh4_h64_f6/layer_37/best.json
[TorchScriptPredictor Layer 37] Loading model on CPU
[TorchScriptPredictor Layer 37] Assuming prefill_dist, prev_expert_onehot, and prev_layers_feat support (v3 API).
[TorchScriptPredictor Layer 37] prefill_dist support: yes, prev_expert_onehot support: yes, prev_layers_feat support: yes
[TorchScriptPredictor Layer 37] Loaded model: /home/michael/heteroPredict/trainingData/qwen3_30b/transformer_final_pfill_markov_emb/transformer_eh4_h64_f6/layer_37/best_jit.pt
[ThreadedTorchScriptPredictor Layer 38] Detected history_length=4 from /home/michael/heteroPredict/trainingData/qwen3_30b/transformer_final_pfill_markov_emb/transformer_eh4_h64_f6/layer_38/best.json
[TorchScriptPredictor Layer 38] Loading model on CPU
[TorchScriptPredictor Layer 38] Assuming prefill_dist, prev_expert_onehot, and prev_layers_feat support (v3 API).
[TorchScriptPredictor Layer 38] prefill_dist support: yes, prev_expert_onehot support: yes, prev_layers_feat support: yes
[TorchScriptPredictor Layer 38] Loaded model: /home/michael/heteroPredict/trainingData/qwen3_30b/transformer_final_pfill_markov_emb/transformer_eh4_h64_f6/layer_38/best_jit.pt
[ThreadedTorchScriptPredictor Layer 39] Detected history_length=4 from /home/michael/heteroPredict/trainingData/qwen3_30b/transformer_final_pfill_markov_emb/transformer_eh4_h64_f6/layer_39/best.json
[TorchScriptPredictor Layer 39] Loading model on CPU
[TorchScriptPredictor Layer 39] Assuming prefill_dist, prev_expert_onehot, and prev_layers_feat support (v3 API).
[TorchScriptPredictor Layer 39] prefill_dist support: yes, prev_expert_onehot support: yes, prev_layers_feat support: yes
[TorchScriptPredictor Layer 39] Loaded model: /home/michael/heteroPredict/trainingData/qwen3_30b/transformer_final_pfill_markov_emb/transformer_eh4_h64_f6/layer_39/best_jit.pt
[ThreadedTorchScriptPredictor Layer 40] Detected history_length=4 from /home/michael/heteroPredict/trainingData/qwen3_30b/transformer_final_pfill_markov_emb/transformer_eh4_h64_f6/layer_40/best.json
[TorchScriptPredictor Layer 40] Loading model on CPU
[TorchScriptPredictor Layer 40] Assuming prefill_dist, prev_expert_onehot, and prev_layers_feat support (v3 API).
[TorchScriptPredictor Layer 40] prefill_dist support: yes, prev_expert_onehot support: yes, prev_layers_feat support: yes
[TorchScriptPredictor Layer 40] Loaded model: /home/michael/heteroPredict/trainingData/qwen3_30b/transformer_final_pfill_markov_emb/transformer_eh4_h64_f6/layer_40/best_jit.pt
[ThreadedTorchScriptPredictor Layer 41] Detected history_length=4 from /home/michael/heteroPredict/trainingData/qwen3_30b/transformer_final_pfill_markov_emb/transformer_eh4_h64_f6/layer_41/best.json
[TorchScriptPredictor Layer 41] Loading model on CPU
[TorchScriptPredictor Layer 41] Assuming prefill_dist, prev_expert_onehot, and prev_layers_feat support (v3 API).
[TorchScriptPredictor Layer 41] prefill_dist support: yes, prev_expert_onehot support: yes, prev_layers_feat support: yes
[TorchScriptPredictor Layer 41] Loaded model: /home/michael/heteroPredict/trainingData/qwen3_30b/transformer_final_pfill_markov_emb/transformer_eh4_h64_f6/layer_41/best_jit.pt
[ThreadedTorchScriptPredictor Layer 42] Detected history_length=4 from /home/michael/heteroPredict/trainingData/qwen3_30b/transformer_final_pfill_markov_emb/transformer_eh4_h64_f6/layer_42/best.json
[TorchScriptPredictor Layer 42] Loading model on CPU
[TorchScriptPredictor Layer 42] Assuming prefill_dist, prev_expert_onehot, and prev_layers_feat support (v3 API).
[TorchScriptPredictor Layer 42] prefill_dist support: yes, prev_expert_onehot support: yes, prev_layers_feat support: yes
[TorchScriptPredictor Layer 42] Loaded model: /home/michael/heteroPredict/trainingData/qwen3_30b/transformer_final_pfill_markov_emb/transformer_eh4_h64_f6/layer_42/best_jit.pt
[ThreadedTorchScriptPredictor Layer 43] Detected history_length=4 from /home/michael/heteroPredict/trainingData/qwen3_30b/transformer_final_pfill_markov_emb/transformer_eh4_h64_f6/layer_43/best.json
[TorchScriptPredictor Layer 43] Loading model on CPU
[TorchScriptPredictor Layer 43] Assuming prefill_dist, prev_expert_onehot, and prev_layers_feat support (v3 API).
[TorchScriptPredictor Layer 43] prefill_dist support: yes, prev_expert_onehot support: yes, prev_layers_feat support: yes
[TorchScriptPredictor Layer 43] Loaded model: /home/michael/heteroPredict/trainingData/qwen3_30b/transformer_final_pfill_markov_emb/transformer_eh4_h64_f6/layer_43/best_jit.pt
[ThreadedTorchScriptPredictor Layer 44] Detected history_length=4 from /home/michael/heteroPredict/trainingData/qwen3_30b/transformer_final_pfill_markov_emb/transformer_eh4_h64_f6/layer_44/best.json
[TorchScriptPredictor Layer 44] Loading model on CPU
[TorchScriptPredictor Layer 44] Assuming prefill_dist, prev_expert_onehot, and prev_layers_feat support (v3 API).
[TorchScriptPredictor Layer 44] prefill_dist support: yes, prev_expert_onehot support: yes, prev_layers_feat support: yes
[TorchScriptPredictor Layer 44] Loaded model: /home/michael/heteroPredict/trainingData/qwen3_30b/transformer_final_pfill_markov_emb/transformer_eh4_h64_f6/layer_44/best_jit.pt
[ThreadedTorchScriptPredictor Layer 45] Detected history_length=4 from /home/michael/heteroPredict/trainingData/qwen3_30b/transformer_final_pfill_markov_emb/transformer_eh4_h64_f6/layer_45/best.json
[TorchScriptPredictor Layer 45] Loading model on CPU
[TorchScriptPredictor Layer 45] Assuming prefill_dist, prev_expert_onehot, and prev_layers_feat support (v3 API).
[TorchScriptPredictor Layer 45] prefill_dist support: yes, prev_expert_onehot support: yes, prev_layers_feat support: yes
[TorchScriptPredictor Layer 45] Loaded model: /home/michael/heteroPredict/trainingData/qwen3_30b/transformer_final_pfill_markov_emb/transformer_eh4_h64_f6/layer_45/best_jit.pt
[ThreadedTorchScriptPredictor Layer 46] Detected history_length=4 from /home/michael/heteroPredict/trainingData/qwen3_30b/transformer_final_pfill_markov_emb/transformer_eh4_h64_f6/layer_46/best.json
[TorchScriptPredictor Layer 46] Loading model on CPU
[TorchScriptPredictor Layer 46] Assuming prefill_dist, prev_expert_onehot, and prev_layers_feat support (v3 API).
[TorchScriptPredictor Layer 46] prefill_dist support: yes, prev_expert_onehot support: yes, prev_layers_feat support: yes
[TorchScriptPredictor Layer 46] Loaded model: /home/michael/heteroPredict/trainingData/qwen3_30b/transformer_final_pfill_markov_emb/transformer_eh4_h64_f6/layer_46/best_jit.pt
[ThreadedTorchScriptPredictor Layer 47] Detected history_length=4 from /home/michael/heteroPredict/trainingData/qwen3_30b/transformer_final_pfill_markov_emb/transformer_eh4_h64_f6/layer_47/best.json
[TorchScriptPredictor Layer 47] Loading model on CPU
[TorchScriptPredictor Layer 47] Assuming prefill_dist, prev_expert_onehot, and prev_layers_feat support (v3 API).
[TorchScriptPredictor Layer 47] prefill_dist support: yes, prev_expert_onehot support: yes, prev_layers_feat support: yes
[TorchScriptPredictor Layer 47] Loaded model: /home/michael/heteroPredict/trainingData/qwen3_30b/transformer_final_pfill_markov_emb/transformer_eh4_h64_f6/layer_47/best_jit.pt
UnifiedLLMW4A16 moved to device: cuda:0
Preloading MoE kernels...
MoE kernels preloaded.
UnifiedLLMW4A16 initialized on device: cuda:0 with w4a16 quantization
[Predictor] Lookahead stride set to 6 (predictor fires every 6 decode tokens)
Loading non-quantized weights from safetensors (mmap): /home/michael/heteroPredict/py/unified_llm_w4a16/model_weights/Qwen3-30B-A3B-AWQ.safetensors
Loaded 243 non-quantized parameters, skipped 0
Loading quantized weights from bins: /home/michael/heteroPredict/py/unified_llm_w4a16/model_weights/Qwen3-30B-A3B-AWQ_unpacked
  Expert weights dir override: /home/michael/heteroPredict/py/unified_llm_w4a16/model_weights/Qwen3-30B-A3B-AWQ_packed
Pre-warming 64 experts for all layers...
Layer 0: Pre-warming 64 experts.
Layer 0: using packed expert format.
[MoE I/O] Expert weight reads require O_DIRECT (no buffered fallback).
Layer 1: Pre-warming 64 experts.
Layer 1: using packed expert format.
Layer 2: Pre-warming 64 experts.
Layer 2: using packed expert format.
Layer 3: Pre-warming 64 experts.
Layer 3: using packed expert format.
Prewarmed experts for layer 4/48
Layer 4: Pre-warming 64 experts.
Layer 4: using packed expert format.
Layer 5: Pre-warming 64 experts.
Layer 5: using packed expert format.
Layer 6: Pre-warming 64 experts.
Layer 6: using packed expert format.
Layer 7: Pre-warming 64 experts.
Layer 7: using packed expert format.
Prewarmed experts for layer 8/48
Layer 8: Pre-warming 64 experts.
Layer 8: using packed expert format.
Layer 9: Pre-warming 64 experts.
Layer 9: using packed expert format.
Layer 10: Pre-warming 64 experts.
Layer 10: using packed expert format.
Layer 11: Pre-warming 64 experts.
Layer 11: using packed expert format.
Prewarmed experts for layer 12/48
Layer 12: Pre-warming 64 experts.
Layer 12: using packed expert format.
Layer 13: Pre-warming 64 experts.
Layer 13: using packed expert format.
Layer 14: Pre-warming 64 experts.
Layer 14: using packed expert format.
Layer 15: Pre-warming 64 experts.
Layer 15: using packed expert format.
Prewarmed experts for layer 16/48
Layer 16: Pre-warming 64 experts.
Layer 16: using packed expert format.
Layer 17: Pre-warming 64 experts.
Layer 17: using packed expert format.
Layer 18: Pre-warming 64 experts.
Layer 18: using packed expert format.
Layer 19: Pre-warming 64 experts.
Layer 19: using packed expert format.
Prewarmed experts for layer 20/48
Layer 20: Pre-warming 64 experts.
Layer 20: using packed expert format.
Layer 21: Pre-warming 64 experts.
Layer 21: using packed expert format.
Layer 22: Pre-warming 64 experts.
Layer 22: using packed expert format.
Layer 23: Pre-warming 64 experts.
Layer 23: using packed expert format.
Prewarmed experts for layer 24/48
Layer 24: Pre-warming 64 experts.
Layer 24: using packed expert format.
Layer 25: Pre-warming 64 experts.
Layer 25: using packed expert format.
Layer 26: Pre-warming 64 experts.
Layer 26: using packed expert format.
Layer 27: Pre-warming 64 experts.
Layer 27: using packed expert format.
Prewarmed experts for layer 28/48
Layer 28: Pre-warming 64 experts.
Layer 28: using packed expert format.
Layer 29: Pre-warming 64 experts.
Layer 29: using packed expert format.
Layer 30: Pre-warming 64 experts.
Layer 30: using packed expert format.
Layer 31: Pre-warming 64 experts.
Layer 31: using packed expert format.
Prewarmed experts for layer 32/48
Layer 32: Pre-warming 64 experts.
Layer 32: using packed expert format.
Layer 33: Pre-warming 64 experts.
Layer 33: using packed expert format.
Layer 34: Pre-warming 64 experts.
Layer 34: using packed expert format.
Layer 35: Pre-warming 64 experts.
Layer 35: using packed expert format.
Prewarmed experts for layer 36/48
Layer 36: Pre-warming 64 experts.
Layer 36: using packed expert format.
Layer 37: Pre-warming 64 experts.
Layer 37: using packed expert format.
Layer 38: Pre-warming 64 experts.
Layer 38: using packed expert format.
Layer 39: Pre-warming 64 experts.
Layer 39: using packed expert format.
Prewarmed experts for layer 40/48
Layer 40: Pre-warming 64 experts.
Layer 40: using packed expert format.
Layer 41: Pre-warming 64 experts.
Layer 41: using packed expert format.
Layer 42: Pre-warming 64 experts.
Layer 42: using packed expert format.
Layer 43: Pre-warming 64 experts.
Layer 43: using packed expert format.
Prewarmed experts for layer 44/48
Layer 44: Pre-warming 64 experts.
Layer 44: using packed expert format.
Layer 45: Pre-warming 64 experts.
Layer 45: using packed expert format.
Layer 46: Pre-warming 64 experts.
Layer 46: using packed expert format.
Layer 47: Pre-warming 64 experts.
Layer 47: using packed expert format.
Prewarmed experts for layer 48/48
Libtorch input_ids shape: [1, 512]
Skipping warmup.
Prefill time: 25.867 seconds
[Predictor] Prefill-end expert cache warmup (excluded from generation TPS).
[Layer 0 Warmup Debug] predict_sync returned: 120 51 28 46 31 106 110 122 64 107 0 118 72 69 33 77 91 81 57 14 22 101 93 61 67 62 126 63 100 29 83 53 103 87 38 119 68 124 82 75 12 112 111 70 102 3 105 95 21 4 34 47 71 49 23 76 104 86 24 41 89 50 127 32 92 18 116 9 17 27 16 48 125 6 66 97 74 7 80 35 78 30 11 98 40 90 13 25 2 37 58 65 79 84 44 123 19 73 43 26 117 42 45 109 85 54 108 113 99 114 94 56 5 36 8 39 52 88 55 10 20 115 121 59 60 96 15 1 
[Layer 0 Warmup Debug] experts_to_prefetch returned: 120 51 28 46 31 106 110 122 64 107 0 118 72 69 33 77 91 81 57 14 22 101 93 61 67 62 126 63 100 29 83 53 103 87 38 119 
[Layer 0 Warmup Debug] After prefill-end warmup, slots are: 64 28 46 67 31 69 0 33 72 57 14 22 29 77 53 38 80 81 82 83 84 85 86 87 88 89 91 92 93 95 97 98 99 100 101 102 103 104 105 106 107 108 109 110 111 112 113 114 116 117 118 119 120 121 122 123 124 125 126 127 51 61 62 63 
Generation phase
[Layer 0 Step 0 Debug] Slots before check: 64 28 46 67 31 69 0 33 72 57 14 22 29 77 53 38 80 81 82 83 84 85 86 87 88 89 91 92 93 95 97 98 99 100 101 102 103 104 105 106 107 108 109 110 111 112 113 114 116 117 118 119 120 121 122 123 124 125 126 127 51 61 62 63 
[Layer 0 Step 0 Debug] Requested: 110 75 91 64 33 28 87 124 
[gen 5/79] elapsed=0.6s  TPS=8.076
[gen 10/79] elapsed=1.1s  TPS=9.489
[gen 15/79] elapsed=2.1s  TPS=7.291
[gen 20/79] elapsed=2.5s  TPS=7.897
[gen 25/79] elapsed=3.5s  TPS=7.112
[gen 30/79] elapsed=4.0s  TPS=7.583
[gen 35/79] elapsed=4.6s  TPS=7.658
[gen 40/79] elapsed=5.0s  TPS=7.958
[gen 45/79] elapsed=5.5s  TPS=8.216
[gen 50/79] elapsed=6.0s  TPS=8.401
[gen 55/79] elapsed=6.5s  TPS=8.521
[gen 60/79] elapsed=7.4s  TPS=8.076
[gen 65/79] elapsed=8.0s  TPS=8.143
[gen 70/79] elapsed=8.6s  TPS=8.121
[gen 75/79] elapsed=9.2s  TPS=8.176
Prefill time (summary): 25.867 seconds
Total Generation Time: 9.854 seconds
Average Time per Token: 0.124736 seconds

Expert Cache Statistics:
Layer 0 Cache Stats: Hits=583, Misses=49, HitRate=92.25%
    Predictor Routed-Expert HitRate=63.08% (41/65, routed_n=5, horizon=6)
    Predictor RoutedForcedN HitRate=63.08% (41/65)
    Predictor RoutedTopK HitRate=65.38% (68/104)
    Predicted RequestedByRouterForcedN Rate=8.76% (41/468)
    Predicted RequestedByRouterTopK Rate=14.53% (68/468)
    Predictor WindowRecall Rate=66.98% (282/421)
    Predictor WindowPrecision Rate=60.26% (282/468)
    Loads Per Step: 0Loads=43, 1Load=24, >1Load=12
    Bandwidth: StallLoads=49, PrefetchLoads=44, AvgLoadTime=6.75ms
    PrefetchOverlap: HiddenReady=30, HiddenWait=0, TicksSkipped=0
    MissCause: NotPresent=49, NotReadyStall=0
    PrefetchEff: Dropped=0, AlreadyCached=460, UsedBeforeEvict=30, EvictedBeforeUse=11
    GlobalSpecLoad: PeakConcurrent=8
    Predictor TopK matches: 0=0 1=0 >=2=13
Layer 1 Cache Stats: Hits=599, Misses=33, HitRate=94.78%
    Predictor Routed-Expert HitRate=66.15% (43/65, routed_n=5, horizon=6)
    Predictor RoutedForcedN HitRate=66.15% (43/65)
    Predictor RoutedTopK HitRate=68.27% (71/104)
    Predicted RequestedByRouterForcedN Rate=9.19% (43/468)
    Predicted RequestedByRouterTopK Rate=15.17% (71/468)
    Predictor WindowRecall Rate=73.07% (274/375)
    Predictor WindowPrecision Rate=58.55% (274/468)
    Loads Per Step: 0Loads=55, 1Load=17, >1Load=7
    Bandwidth: StallLoads=33, PrefetchLoads=40, AvgLoadTime=7.34ms
    PrefetchOverlap: HiddenReady=29, HiddenWait=0, TicksSkipped=0
    MissCause: NotPresent=33, NotReadyStall=0
    PrefetchEff: Dropped=0, AlreadyCached=464, UsedBeforeEvict=29, EvictedBeforeUse=9
    Predictor TopK matches: 0=0 1=0 >=2=13
Layer 2 Cache Stats: Hits=613, Misses=19, HitRate=96.99%
    Predictor Routed-Expert HitRate=76.92% (50/65, routed_n=5, horizon=6)
    Predictor RoutedForcedN HitRate=76.92% (50/65)
    Predictor RoutedTopK HitRate=76.92% (80/104)
    Predicted RequestedByRouterForcedN Rate=10.68% (50/468)
    Predicted RequestedByRouterTopK Rate=17.09% (80/468)
    Predictor WindowRecall Rate=76.76% (284/370)
    Predictor WindowPrecision Rate=60.68% (284/468)
    Loads Per Step: 0Loads=62, 1Load=15, >1Load=2
    Bandwidth: StallLoads=19, PrefetchLoads=14, AvgLoadTime=11.28ms
    PrefetchOverlap: HiddenReady=8, HiddenWait=0, TicksSkipped=0
    MissCause: NotPresent=19, NotReadyStall=0
    PrefetchEff: Dropped=0, AlreadyCached=490, UsedBeforeEvict=8, EvictedBeforeUse=5
    Predictor TopK matches: 0=0 1=1 >=2=12
Layer 3 Cache Stats: Hits=596, Misses=36, HitRate=94.30%
    Predictor Routed-Expert HitRate=61.54% (40/65, routed_n=5, horizon=6)
    Predictor RoutedForcedN HitRate=61.54% (40/65)
    Predictor RoutedTopK HitRate=66.35% (69/104)
    Predicted RequestedByRouterForcedN Rate=8.55% (40/468)
    Predicted RequestedByRouterTopK Rate=14.74% (69/468)
    Predictor WindowRecall Rate=69.41% (261/376)
    Predictor WindowPrecision Rate=55.77% (261/468)
    Loads Per Step: 0Loads=51, 1Load=22, >1Load=6
    Bandwidth: StallLoads=36, PrefetchLoads=39, AvgLoadTime=8.60ms
    PrefetchOverlap: HiddenReady=26, HiddenWait=0, TicksSkipped=0
    MissCause: NotPresent=36, NotReadyStall=0
    PrefetchEff: Dropped=0, AlreadyCached=465, UsedBeforeEvict=26, EvictedBeforeUse=9
    Predictor TopK matches: 0=0 1=1 >=2=12
Layer 4 Cache Stats: Hits=613, Misses=19, HitRate=96.99%
    Predictor Routed-Expert HitRate=76.92% (50/65, routed_n=5, horizon=6)
    Predictor RoutedForcedN HitRate=76.92% (50/65)
    Predictor RoutedTopK HitRate=77.88% (81/104)
    Predicted RequestedByRouterForcedN Rate=10.68% (50/468)
    Predicted RequestedByRouterTopK Rate=17.31% (81/468)
    Predictor WindowRecall Rate=74.86% (259/346)
    Predictor WindowPrecision Rate=55.34% (259/468)
    Loads Per Step: 0Loads=63, 1Load=13, >1Load=3
    Bandwidth: StallLoads=19, PrefetchLoads=15, AvgLoadTime=12.13ms
    PrefetchOverlap: HiddenReady=11, HiddenWait=0, TicksSkipped=0
    MissCause: NotPresent=19, NotReadyStall=0
    PrefetchEff: Dropped=0, AlreadyCached=489, UsedBeforeEvict=11, EvictedBeforeUse=1
    Predictor TopK matches: 0=0 1=1 >=2=12
Layer 5 Cache Stats: Hits=619, Misses=13, HitRate=97.94%
    Predictor Routed-Expert HitRate=92.31% (60/65, routed_n=5, horizon=6)
    Predictor RoutedForcedN HitRate=92.31% (60/65)
    Predictor RoutedTopK HitRate=86.54% (90/104)
    Predicted RequestedByRouterForcedN Rate=12.82% (60/468)
    Predicted RequestedByRouterTopK Rate=19.23% (90/468)
    Predictor WindowRecall Rate=84.38% (281/333)
    Predictor WindowPrecision Rate=60.04% (281/468)
    Loads Per Step: 0Loads=66, 1Load=13, >1Load=0
    Bandwidth: StallLoads=13, PrefetchLoads=25, AvgLoadTime=11.24ms
    PrefetchOverlap: HiddenReady=20, HiddenWait=0, TicksSkipped=0
    MissCause: NotPresent=13, NotReadyStall=0
    PrefetchEff: Dropped=0, AlreadyCached=479, UsedBeforeEvict=20, EvictedBeforeUse=2
    Predictor TopK matches: 0=0 1=0 >=2=13
Layer 6 Cache Stats: Hits=630, Misses=2, HitRate=99.68%
    Predictor Routed-Expert HitRate=98.46% (64/65, routed_n=5, horizon=6)
    Predictor RoutedForcedN HitRate=98.46% (64/65)
    Predictor RoutedTopK HitRate=96.15% (100/104)
    Predicted RequestedByRouterForcedN Rate=13.68% (64/468)
    Predicted RequestedByRouterTopK Rate=21.37% (100/468)
    Predictor WindowRecall Rate=92.11% (257/279)
    Predictor WindowPrecision Rate=54.91% (257/468)
    Loads Per Step: 0Loads=77, 1Load=2, >1Load=0
    Bandwidth: StallLoads=2, PrefetchLoads=14, AvgLoadTime=13.82ms
    PrefetchOverlap: HiddenReady=11, HiddenWait=0, TicksSkipped=0
    MissCause: NotPresent=2, NotReadyStall=0
    PrefetchEff: Dropped=0, AlreadyCached=490, UsedBeforeEvict=11, EvictedBeforeUse=1
    Predictor TopK matches: 0=0 1=0 >=2=13
Layer 7 Cache Stats: Hits=630, Misses=2, HitRate=99.68%
    Predictor Routed-Expert HitRate=98.46% (64/65, routed_n=5, horizon=6)
    Predictor RoutedForcedN HitRate=98.46% (64/65)
    Predictor RoutedTopK HitRate=98.08% (102/104)
    Predicted RequestedByRouterForcedN Rate=13.68% (64/468)
    Predicted RequestedByRouterTopK Rate=21.79% (102/468)
    Predictor WindowRecall Rate=96.28% (233/242)
    Predictor WindowPrecision Rate=49.79% (233/468)
    Loads Per Step: 0Loads=77, 1Load=2, >1Load=0
    Bandwidth: StallLoads=2, PrefetchLoads=13, AvgLoadTime=14.33ms
    PrefetchOverlap: HiddenReady=12, HiddenWait=0, TicksSkipped=0
    MissCause: NotPresent=2, NotReadyStall=0
    PrefetchEff: Dropped=0, AlreadyCached=491, UsedBeforeEvict=12, EvictedBeforeUse=0
    Predictor TopK matches: 0=0 1=0 >=2=13
Layer 8 Cache Stats: Hits=627, Misses=5, HitRate=99.21%
    Predictor Routed-Expert HitRate=92.31% (60/65, routed_n=5, horizon=6)
    Predictor RoutedForcedN HitRate=92.31% (60/65)
    Predictor RoutedTopK HitRate=89.42% (93/104)
    Predicted RequestedByRouterForcedN Rate=12.82% (60/468)
    Predicted RequestedByRouterTopK Rate=19.87% (93/468)
    Predictor WindowRecall Rate=89.38% (261/292)
    Predictor WindowPrecision Rate=55.77% (261/468)
    Loads Per Step: 0Loads=74, 1Load=5, >1Load=0
    Bandwidth: StallLoads=5, PrefetchLoads=25, AvgLoadTime=10.72ms
    PrefetchOverlap: HiddenReady=21, HiddenWait=0, TicksSkipped=0
    MissCause: NotPresent=5, NotReadyStall=0
    PrefetchEff: Dropped=0, AlreadyCached=479, UsedBeforeEvict=21, EvictedBeforeUse=1
    Predictor TopK matches: 0=0 1=0 >=2=13
Layer 9 Cache Stats: Hits=620, Misses=12, HitRate=98.10%
    Predictor Routed-Expert HitRate=90.77% (59/65, routed_n=5, horizon=6)
    Predictor RoutedForcedN HitRate=90.77% (59/65)
    Predictor RoutedTopK HitRate=84.62% (88/104)
    Predicted RequestedByRouterForcedN Rate=12.61% (59/468)
    Predicted RequestedByRouterTopK Rate=18.80% (88/468)
    Predictor WindowRecall Rate=84.32% (242/287)
    Predictor WindowPrecision Rate=51.71% (242/468)
    Loads Per Step: 0Loads=68, 1Load=10, >1Load=1
    Bandwidth: StallLoads=12, PrefetchLoads=14, AvgLoadTime=13.48ms
    PrefetchOverlap: HiddenReady=10, HiddenWait=0, TicksSkipped=0
    MissCause: NotPresent=12, NotReadyStall=0
    PrefetchEff: Dropped=0, AlreadyCached=490, UsedBeforeEvict=10, EvictedBeforeUse=2
    Predictor TopK matches: 0=0 1=0 >=2=13
Layer 10 Cache Stats: Hits=620, Misses=12, HitRate=98.10%
    Predictor Routed-Expert HitRate=93.85% (61/65, routed_n=5, horizon=6)
    Predictor RoutedForcedN HitRate=93.85% (61/65)
    Predictor RoutedTopK HitRate=93.27% (97/104)
    Predicted RequestedByRouterForcedN Rate=13.03% (61/468)
    Predicted RequestedByRouterTopK Rate=20.73% (97/468)
    Predictor WindowRecall Rate=86.67% (260/300)
    Predictor WindowPrecision Rate=55.56% (260/468)
    Loads Per Step: 0Loads=68, 1Load=10, >1Load=1
    Bandwidth: StallLoads=12, PrefetchLoads=18, AvgLoadTime=11.89ms
    PrefetchOverlap: HiddenReady=17, HiddenWait=0, TicksSkipped=0
    MissCause: NotPresent=12, NotReadyStall=0
    PrefetchEff: Dropped=0, AlreadyCached=486, UsedBeforeEvict=17, EvictedBeforeUse=1
    Predictor TopK matches: 0=0 1=0 >=2=13
Layer 11 Cache Stats: Hits=619, Misses=13, HitRate=97.94%
    Predictor Routed-Expert HitRate=84.62% (55/65, routed_n=5, horizon=6)
    Predictor RoutedForcedN HitRate=84.62% (55/65)
    Predictor RoutedTopK HitRate=82.69% (86/104)
    Predicted RequestedByRouterForcedN Rate=11.75% (55/468)
    Predicted RequestedByRouterTopK Rate=18.38% (86/468)
    Predictor WindowRecall Rate=81.25% (260/320)
    Predictor WindowPrecision Rate=55.56% (260/468)
    Loads Per Step: 0Loads=67, 1Load=11, >1Load=1
    Bandwidth: StallLoads=13, PrefetchLoads=22, AvgLoadTime=11.55ms
    PrefetchOverlap: HiddenReady=17, HiddenWait=0, TicksSkipped=0
    MissCause: NotPresent=13, NotReadyStall=0
    PrefetchEff: Dropped=0, AlreadyCached=482, UsedBeforeEvict=17, EvictedBeforeUse=2
    Predictor TopK matches: 0=0 1=0 >=2=13
Layer 12 Cache Stats: Hits=629, Misses=3, HitRate=99.53%
    Predictor Routed-Expert HitRate=92.31% (60/65, routed_n=5, horizon=6)
    Predictor RoutedForcedN HitRate=92.31% (60/65)
    Predictor RoutedTopK HitRate=92.31% (96/104)
    Predicted RequestedByRouterForcedN Rate=12.82% (60/468)
    Predicted RequestedByRouterTopK Rate=20.51% (96/468)
    Predictor WindowRecall Rate=90.81% (247/272)
    Predictor WindowPrecision Rate=52.78% (247/468)
    Loads Per Step: 0Loads=76, 1Load=3, >1Load=0
    Bandwidth: StallLoads=3, PrefetchLoads=23, AvgLoadTime=15.63ms
    PrefetchOverlap: HiddenReady=16, HiddenWait=0, TicksSkipped=0
    MissCause: NotPresent=3, NotReadyStall=0
    PrefetchEff: Dropped=0, AlreadyCached=481, UsedBeforeEvict=16, EvictedBeforeUse=1
    Predictor TopK matches: 0=0 1=0 >=2=13
Layer 13 Cache Stats: Hits=622, Misses=10, HitRate=98.42%
    Predictor Routed-Expert HitRate=90.77% (59/65, routed_n=5, horizon=6)
    Predictor RoutedForcedN HitRate=90.77% (59/65)
    Predictor RoutedTopK HitRate=88.46% (92/104)
    Predicted RequestedByRouterForcedN Rate=12.61% (59/468)
    Predicted RequestedByRouterTopK Rate=19.66% (92/468)
    Predictor WindowRecall Rate=84.43% (282/334)
    Predictor WindowPrecision Rate=60.26% (282/468)
    Loads Per Step: 0Loads=69, 1Load=10, >1Load=0
    Bandwidth: StallLoads=10, PrefetchLoads=20, AvgLoadTime=11.51ms
    PrefetchOverlap: HiddenReady=16, HiddenWait=0, TicksSkipped=0
    MissCause: NotPresent=10, NotReadyStall=0
    PrefetchEff: Dropped=0, AlreadyCached=484, UsedBeforeEvict=16, EvictedBeforeUse=4
    Predictor TopK matches: 0=0 1=0 >=2=13
Layer 14 Cache Stats: Hits=627, Misses=5, HitRate=99.21%
    Predictor Routed-Expert HitRate=95.38% (62/65, routed_n=5, horizon=6)
    Predictor RoutedForcedN HitRate=95.38% (62/65)
    Predictor RoutedTopK HitRate=96.15% (100/104)
    Predicted RequestedByRouterForcedN Rate=13.25% (62/468)
    Predicted RequestedByRouterTopK Rate=21.37% (100/468)
    Predictor WindowRecall Rate=91.61% (262/286)
    Predictor WindowPrecision Rate=55.98% (262/468)
    Loads Per Step: 0Loads=74, 1Load=5, >1Load=0
    Bandwidth: StallLoads=5, PrefetchLoads=15, AvgLoadTime=16.35ms
    PrefetchOverlap: HiddenReady=6, HiddenWait=0, TicksSkipped=0
    MissCause: NotPresent=5, NotReadyStall=0
    PrefetchEff: Dropped=0, AlreadyCached=489, UsedBeforeEvict=6, EvictedBeforeUse=3
    Predictor TopK matches: 0=0 1=0 >=2=13
Layer 15 Cache Stats: Hits=627, Misses=5, HitRate=99.21%
    Predictor Routed-Expert HitRate=93.85% (61/65, routed_n=5, horizon=6)
    Predictor RoutedForcedN HitRate=93.85% (61/65)
    Predictor RoutedTopK HitRate=93.27% (97/104)
    Predicted RequestedByRouterForcedN Rate=13.03% (61/468)
    Predicted RequestedByRouterTopK Rate=20.73% (97/468)
    Predictor WindowRecall Rate=90.77% (236/260)
    Predictor WindowPrecision Rate=50.43% (236/468)
    Loads Per Step: 0Loads=74, 1Load=5, >1Load=0
    Bandwidth: StallLoads=5, PrefetchLoads=23, AvgLoadTime=13.13ms
    PrefetchOverlap: HiddenReady=16, HiddenWait=0, TicksSkipped=0
    MissCause: NotPresent=5, NotReadyStall=0
    PrefetchEff: Dropped=0, AlreadyCached=481, UsedBeforeEvict=16, EvictedBeforeUse=3
    Predictor TopK matches: 0=0 1=0 >=2=13
Layer 16 Cache Stats: Hits=623, Misses=9, HitRate=98.58%
    Predictor Routed-Expert HitRate=93.85% (61/65, routed_n=5, horizon=6)
    Predictor RoutedForcedN HitRate=93.85% (61/65)
    Predictor RoutedTopK HitRate=88.46% (92/104)
    Predicted RequestedByRouterForcedN Rate=13.03% (61/468)
    Predicted RequestedByRouterTopK Rate=19.66% (92/468)
    Predictor WindowRecall Rate=84.64% (248/293)
    Predictor WindowPrecision Rate=52.99% (248/468)
    Loads Per Step: 0Loads=72, 1Load=6, >1Load=1
    Bandwidth: StallLoads=9, PrefetchLoads=22, AvgLoadTime=14.92ms
    PrefetchOverlap: HiddenReady=15, HiddenWait=0, TicksSkipped=0
    MissCause: NotPresent=9, NotReadyStall=0
    PrefetchEff: Dropped=0, AlreadyCached=482, UsedBeforeEvict=15, EvictedBeforeUse=2
    Predictor TopK matches: 0=0 1=0 >=2=13
Layer 17 Cache Stats: Hits=616, Misses=16, HitRate=97.47%
    Predictor Routed-Expert HitRate=89.23% (58/65, routed_n=5, horizon=6)
    Predictor RoutedForcedN HitRate=89.23% (58/65)
    Predictor RoutedTopK HitRate=89.42% (93/104)
    Predicted RequestedByRouterForcedN Rate=12.39% (58/468)
    Predicted RequestedByRouterTopK Rate=19.87% (93/468)
    Predictor WindowRecall Rate=81.71% (277/339)
    Predictor WindowPrecision Rate=59.19% (277/468)
    Loads Per Step: 0Loads=64, 1Load=14, >1Load=1
    Bandwidth: StallLoads=16, PrefetchLoads=29, AvgLoadTime=13.08ms
    PrefetchOverlap: HiddenReady=21, HiddenWait=0, TicksSkipped=0
    MissCause: NotPresent=16, NotReadyStall=0
    PrefetchEff: Dropped=0, AlreadyCached=475, UsedBeforeEvict=21, EvictedBeforeUse=3
    Predictor TopK matches: 0=0 1=0 >=2=13
Layer 18 Cache Stats: Hits=631, Misses=1, HitRate=99.84%
    Predictor Routed-Expert HitRate=100.00% (65/65, routed_n=5, horizon=6)
    Predictor RoutedForcedN HitRate=100.00% (65/65)
    Predictor RoutedTopK HitRate=99.04% (103/104)
    Predicted RequestedByRouterForcedN Rate=13.89% (65/468)
    Predicted RequestedByRouterTopK Rate=22.01% (103/468)
    Predictor WindowRecall Rate=94.86% (240/253)
    Predictor WindowPrecision Rate=51.28% (240/468)
    Loads Per Step: 0Loads=78, 1Load=1, >1Load=0
    Bandwidth: StallLoads=1, PrefetchLoads=15, AvgLoadTime=24.79ms
    PrefetchOverlap: HiddenReady=6, HiddenWait=0, TicksSkipped=0
    MissCause: NotPresent=1, NotReadyStall=0
    PrefetchEff: Dropped=0, AlreadyCached=489, UsedBeforeEvict=6, EvictedBeforeUse=0
    Predictor TopK matches: 0=0 1=0 >=2=13
Layer 19 Cache Stats: Hits=630, Misses=2, HitRate=99.68%
    Predictor Routed-Expert HitRate=100.00% (65/65, routed_n=5, horizon=6)
    Predictor RoutedForcedN HitRate=100.00% (65/65)
    Predictor RoutedTopK HitRate=98.08% (102/104)
    Predicted RequestedByRouterForcedN Rate=13.89% (65/468)
    Predicted RequestedByRouterTopK Rate=21.79% (102/468)
    Predictor WindowRecall Rate=94.74% (216/228)
    Predictor WindowPrecision Rate=46.15% (216/468)
    Loads Per Step: 0Loads=77, 1Load=2, >1Load=0
    Bandwidth: StallLoads=2, PrefetchLoads=11, AvgLoadTime=19.98ms
    PrefetchOverlap: HiddenReady=7, HiddenWait=0, TicksSkipped=0
    MissCause: NotPresent=2, NotReadyStall=0
    PrefetchEff: Dropped=0, AlreadyCached=493, UsedBeforeEvict=7, EvictedBeforeUse=0
    Predictor TopK matches: 0=0 1=0 >=2=13
Layer 20 Cache Stats: Hits=629, Misses=3, HitRate=99.53%
    Predictor Routed-Expert HitRate=92.31% (60/65, routed_n=5, horizon=6)
    Predictor RoutedForcedN HitRate=92.31% (60/65)
    Predictor RoutedTopK HitRate=92.31% (96/104)
    Predicted RequestedByRouterForcedN Rate=12.82% (60/468)
    Predicted RequestedByRouterTopK Rate=20.51% (96/468)
    Predictor WindowRecall Rate=90.18% (248/275)
    Predictor WindowPrecision Rate=52.99% (248/468)
    Loads Per Step: 0Loads=76, 1Load=3, >1Load=0
    Bandwidth: StallLoads=3, PrefetchLoads=13, AvgLoadTime=20.82ms
    PrefetchOverlap: HiddenReady=11, HiddenWait=0, TicksSkipped=0
    MissCause: NotPresent=3, NotReadyStall=0
    PrefetchEff: Dropped=0, AlreadyCached=491, UsedBeforeEvict=11, EvictedBeforeUse=0
    Predictor TopK matches: 0=0 1=0 >=2=13
Layer 21 Cache Stats: Hits=625, Misses=7, HitRate=98.89%
    Predictor Routed-Expert HitRate=92.31% (60/65, routed_n=5, horizon=6)
    Predictor RoutedForcedN HitRate=92.31% (60/65)
    Predictor RoutedTopK HitRate=92.31% (96/104)
    Predicted RequestedByRouterForcedN Rate=12.82% (60/468)
    Predicted RequestedByRouterTopK Rate=20.51% (96/468)
    Predictor WindowRecall Rate=88.77% (245/276)
    Predictor WindowPrecision Rate=52.35% (245/468)
    Loads Per Step: 0Loads=73, 1Load=5, >1Load=1
    Bandwidth: StallLoads=7, PrefetchLoads=19, AvgLoadTime=15.28ms
    PrefetchOverlap: HiddenReady=14, HiddenWait=0, TicksSkipped=0
    MissCause: NotPresent=7, NotReadyStall=0
    PrefetchEff: Dropped=0, AlreadyCached=485, UsedBeforeEvict=14, EvictedBeforeUse=1
    Predictor TopK matches: 0=0 1=0 >=2=13
Layer 22 Cache Stats: Hits=620, Misses=12, HitRate=98.10%
    Predictor Routed-Expert HitRate=93.85% (61/65, routed_n=5, horizon=6)
    Predictor RoutedForcedN HitRate=93.85% (61/65)
    Predictor RoutedTopK HitRate=93.27% (97/104)
    Predicted RequestedByRouterForcedN Rate=13.03% (61/468)
    Predicted RequestedByRouterTopK Rate=20.73% (97/468)
    Predictor WindowRecall Rate=86.99% (254/292)
    Predictor WindowPrecision Rate=54.27% (254/468)
    Loads Per Step: 0Loads=70, 1Load=6, >1Load=3
    Bandwidth: StallLoads=12, PrefetchLoads=14, AvgLoadTime=13.75ms
    PrefetchOverlap: HiddenReady=11, HiddenWait=0, TicksSkipped=0
    MissCause: NotPresent=12, NotReadyStall=0
    PrefetchEff: Dropped=0, AlreadyCached=490, UsedBeforeEvict=11, EvictedBeforeUse=2
    Predictor TopK matches: 0=0 1=0 >=2=13
Layer 23 Cache Stats: Hits=613, Misses=19, HitRate=96.99%
    Predictor Routed-Expert HitRate=92.31% (60/65, routed_n=5, horizon=6)
    Predictor RoutedForcedN HitRate=92.31% (60/65)
    Predictor RoutedTopK HitRate=91.35% (95/104)
    Predicted RequestedByRouterForcedN Rate=12.82% (60/468)
    Predicted RequestedByRouterTopK Rate=20.30% (95/468)
    Predictor WindowRecall Rate=81.98% (273/333)
    Predictor WindowPrecision Rate=58.33% (273/468)
    Loads Per Step: 0Loads=62, 1Load=16, >1Load=1
    Bandwidth: StallLoads=19, PrefetchLoads=21, AvgLoadTime=12.86ms
    PrefetchOverlap: HiddenReady=15, HiddenWait=0, TicksSkipped=0
    MissCause: NotPresent=19, NotReadyStall=0
    PrefetchEff: Dropped=0, AlreadyCached=483, UsedBeforeEvict=15, EvictedBeforeUse=4
    Predictor TopK matches: 0=0 1=0 >=2=13
Layer 24 Cache Stats: Hits=625, Misses=7, HitRate=98.89%
    Predictor Routed-Expert HitRate=96.92% (63/65, routed_n=5, horizon=6)
    Predictor RoutedForcedN HitRate=96.92% (63/65)
    Predictor RoutedTopK HitRate=96.15% (100/104)
    Predicted RequestedByRouterForcedN Rate=13.46% (63/468)
    Predicted RequestedByRouterTopK Rate=21.37% (100/468)
    Predictor WindowRecall Rate=87.71% (257/293)
    Predictor WindowPrecision Rate=54.91% (257/468)
    Loads Per Step: 0Loads=73, 1Load=5, >1Load=1
    Bandwidth: StallLoads=7, PrefetchLoads=18, AvgLoadTime=13.77ms
    PrefetchOverlap: HiddenReady=13, HiddenWait=0, TicksSkipped=0
    MissCause: NotPresent=7, NotReadyStall=0
    PrefetchEff: Dropped=0, AlreadyCached=486, UsedBeforeEvict=13, EvictedBeforeUse=2
    Predictor TopK matches: 0=0 1=0 >=2=13
Layer 25 Cache Stats: Hits=614, Misses=18, HitRate=97.15%
    Predictor Routed-Expert HitRate=80.00% (52/65, routed_n=5, horizon=6)
    Predictor RoutedForcedN HitRate=80.00% (52/65)
    Predictor RoutedTopK HitRate=77.88% (81/104)
    Predicted RequestedByRouterForcedN Rate=11.11% (52/468)
    Predicted RequestedByRouterTopK Rate=17.31% (81/468)
    Predictor WindowRecall Rate=78.02% (284/364)
    Predictor WindowPrecision Rate=60.68% (284/468)
    Loads Per Step: 0Loads=63, 1Load=14, >1Load=2
    Bandwidth: StallLoads=18, PrefetchLoads=21, AvgLoadTime=14.27ms
    PrefetchOverlap: HiddenReady=15, HiddenWait=0, TicksSkipped=0
    MissCause: NotPresent=18, NotReadyStall=0
    PrefetchEff: Dropped=0, AlreadyCached=483, UsedBeforeEvict=15, EvictedBeforeUse=4
    Predictor TopK matches: 0=0 1=0 >=2=13
Layer 26 Cache Stats: Hits=627, Misses=5, HitRate=99.21%
    Predictor Routed-Expert HitRate=93.85% (61/65, routed_n=5, horizon=6)
    Predictor RoutedForcedN HitRate=93.85% (61/65)
    Predictor RoutedTopK HitRate=89.42% (93/104)
    Predicted RequestedByRouterForcedN Rate=13.03% (61/468)
    Predicted RequestedByRouterTopK Rate=19.87% (93/468)
    Predictor WindowRecall Rate=82.43% (258/313)
    Predictor WindowPrecision Rate=55.13% (258/468)
    Loads Per Step: 0Loads=74, 1Load=5, >1Load=0
    Bandwidth: StallLoads=5, PrefetchLoads=14, AvgLoadTime=17.98ms
    PrefetchOverlap: HiddenReady=9, HiddenWait=0, TicksSkipped=0
    MissCause: NotPresent=5, NotReadyStall=0
    PrefetchEff: Dropped=0, AlreadyCached=490, UsedBeforeEvict=9, EvictedBeforeUse=3
    Predictor TopK matches: 0=0 1=0 >=2=13
Layer 27 Cache Stats: Hits=619, Misses=13, HitRate=97.94%
    Predictor Routed-Expert HitRate=95.38% (62/65, routed_n=5, horizon=6)
    Predictor RoutedForcedN HitRate=95.38% (62/65)
    Predictor RoutedTopK HitRate=95.19% (99/104)
    Predicted RequestedByRouterForcedN Rate=13.25% (62/468)
    Predicted RequestedByRouterTopK Rate=21.15% (99/468)
    Predictor WindowRecall Rate=84.04% (237/282)
    Predictor WindowPrecision Rate=50.64% (237/468)
    Loads Per Step: 0Loads=67, 1Load=11, >1Load=1
    Bandwidth: StallLoads=13, PrefetchLoads=16, AvgLoadTime=12.02ms
    PrefetchOverlap: HiddenReady=7, HiddenWait=0, TicksSkipped=0
    MissCause: NotPresent=13, NotReadyStall=0
    PrefetchEff: Dropped=0, AlreadyCached=488, UsedBeforeEvict=7, EvictedBeforeUse=3
    Predictor TopK matches: 0=0 1=0 >=2=13
Layer 28 Cache Stats: Hits=624, Misses=8, HitRate=98.73%
    Predictor Routed-Expert HitRate=93.85% (61/65, routed_n=5, horizon=6)
    Predictor RoutedForcedN HitRate=93.85% (61/65)
    Predictor RoutedTopK HitRate=90.38% (94/104)
    Predicted RequestedByRouterForcedN Rate=13.03% (61/468)
    Predicted RequestedByRouterTopK Rate=20.09% (94/468)
    Predictor WindowRecall Rate=83.97% (262/312)
    Predictor WindowPrecision Rate=55.98% (262/468)
    Loads Per Step: 0Loads=72, 1Load=6, >1Load=1
    Bandwidth: StallLoads=8, PrefetchLoads=19, AvgLoadTime=14.99ms
    PrefetchOverlap: HiddenReady=14, HiddenWait=0, TicksSkipped=0
    MissCause: NotPresent=8, NotReadyStall=0
    PrefetchEff: Dropped=0, AlreadyCached=485, UsedBeforeEvict=14, EvictedBeforeUse=2
    Predictor TopK matches: 0=0 1=0 >=2=13
Layer 29 Cache Stats: Hits=618, Misses=14, HitRate=97.78%
    Predictor Routed-Expert HitRate=84.62% (55/65, routed_n=5, horizon=6)
    Predictor RoutedForcedN HitRate=84.62% (55/65)
    Predictor RoutedTopK HitRate=87.50% (91/104)
    Predicted RequestedByRouterForcedN Rate=11.75% (55/468)
    Predicted RequestedByRouterTopK Rate=19.44% (91/468)
    Predictor WindowRecall Rate=79.28% (264/333)
    Predictor WindowPrecision Rate=56.41% (264/468)
    Loads Per Step: 0Loads=66, 1Load=12, >1Load=1
    Bandwidth: StallLoads=14, PrefetchLoads=31, AvgLoadTime=10.94ms
    PrefetchOverlap: HiddenReady=27, HiddenWait=0, TicksSkipped=0
    MissCause: NotPresent=14, NotReadyStall=0
    PrefetchEff: Dropped=0, AlreadyCached=473, UsedBeforeEvict=27, EvictedBeforeUse=2
    Predictor TopK matches: 0=0 1=0 >=2=13
Layer 30 Cache Stats: Hits=630, Misses=2, HitRate=99.68%
    Predictor Routed-Expert HitRate=98.46% (64/65, routed_n=5, horizon=6)
    Predictor RoutedForcedN HitRate=98.46% (64/65)
    Predictor RoutedTopK HitRate=98.08% (102/104)
    Predicted RequestedByRouterForcedN Rate=13.68% (64/468)
    Predicted RequestedByRouterTopK Rate=21.79% (102/468)
    Predictor WindowRecall Rate=93.88% (230/245)
    Predictor WindowPrecision Rate=49.15% (230/468)
    Loads Per Step: 0Loads=77, 1Load=2, >1Load=0
    Bandwidth: StallLoads=2, PrefetchLoads=9, AvgLoadTime=22.49ms
    PrefetchOverlap: HiddenReady=5, HiddenWait=0, TicksSkipped=0
    MissCause: NotPresent=2, NotReadyStall=0
    PrefetchEff: Dropped=0, AlreadyCached=495, UsedBeforeEvict=5, EvictedBeforeUse=0
    Predictor TopK matches: 0=0 1=0 >=2=13
Layer 31 Cache Stats: Hits=628, Misses=4, HitRate=99.37%
    Predictor Routed-Expert HitRate=98.46% (64/65, routed_n=5, horizon=6)
    Predictor RoutedForcedN HitRate=98.46% (64/65)
    Predictor RoutedTopK HitRate=95.19% (99/104)
    Predicted RequestedByRouterForcedN Rate=13.68% (64/468)
    Predicted RequestedByRouterTopK Rate=21.15% (99/468)
    Predictor WindowRecall Rate=93.78% (211/225)
    Predictor WindowPrecision Rate=45.09% (211/468)
    Loads Per Step: 0Loads=76, 1Load=2, >1Load=1
    Bandwidth: StallLoads=4, PrefetchLoads=18, AvgLoadTime=16.34ms
    PrefetchOverlap: HiddenReady=11, HiddenWait=0, TicksSkipped=0
    MissCause: NotPresent=4, NotReadyStall=0
    PrefetchEff: Dropped=0, AlreadyCached=486, UsedBeforeEvict=11, EvictedBeforeUse=0
    Predictor TopK matches: 0=0 1=0 >=2=13
Layer 32 Cache Stats: Hits=623, Misses=9, HitRate=98.58%
    Predictor Routed-Expert HitRate=92.31% (60/65, routed_n=5, horizon=6)
    Predictor RoutedForcedN HitRate=92.31% (60/65)
    Predictor RoutedTopK HitRate=93.27% (97/104)
    Predicted RequestedByRouterForcedN Rate=12.82% (60/468)
    Predicted RequestedByRouterTopK Rate=20.73% (97/468)
    Predictor WindowRecall Rate=88.77% (245/276)
    Predictor WindowPrecision Rate=52.35% (245/468)
    Loads Per Step: 0Loads=72, 1Load=6, >1Load=1
    Bandwidth: StallLoads=9, PrefetchLoads=18, AvgLoadTime=11.81ms
    PrefetchOverlap: HiddenReady=12, HiddenWait=0, TicksSkipped=0
    MissCause: NotPresent=9, NotReadyStall=0
    PrefetchEff: Dropped=0, AlreadyCached=486, UsedBeforeEvict=12, EvictedBeforeUse=3
    Predictor TopK matches: 0=0 1=0 >=2=13
Layer 33 Cache Stats: Hits=621, Misses=11, HitRate=98.26%
    Predictor Routed-Expert HitRate=98.46% (64/65, routed_n=5, horizon=6)
    Predictor RoutedForcedN HitRate=98.46% (64/65)
    Predictor RoutedTopK HitRate=92.31% (96/104)
    Predicted RequestedByRouterForcedN Rate=13.68% (64/468)
    Predicted RequestedByRouterTopK Rate=20.51% (96/468)
    Predictor WindowRecall Rate=84.62% (231/273)
    Predictor WindowPrecision Rate=49.36% (231/468)
    Loads Per Step: 0Loads=70, 1Load=8, >1Load=1
    Bandwidth: StallLoads=11, PrefetchLoads=15, AvgLoadTime=13.29ms
    PrefetchOverlap: HiddenReady=14, HiddenWait=0, TicksSkipped=0
    MissCause: NotPresent=11, NotReadyStall=0
    PrefetchEff: Dropped=0, AlreadyCached=489, UsedBeforeEvict=14, EvictedBeforeUse=0
    Predictor TopK matches: 0=0 1=0 >=2=13
Layer 34 Cache Stats: Hits=620, Misses=12, HitRate=98.10%
    Predictor Routed-Expert HitRate=95.38% (62/65, routed_n=5, horizon=6)
    Predictor RoutedForcedN HitRate=95.38% (62/65)
    Predictor RoutedTopK HitRate=92.31% (96/104)
    Predicted RequestedByRouterForcedN Rate=13.25% (62/468)
    Predicted RequestedByRouterTopK Rate=20.51% (96/468)
    Predictor WindowRecall Rate=82.61% (247/299)
    Predictor WindowPrecision Rate=52.78% (247/468)
    Loads Per Step: 0Loads=68, 1Load=10, >1Load=1
    Bandwidth: StallLoads=12, PrefetchLoads=27, AvgLoadTime=12.65ms
    PrefetchOverlap: HiddenReady=20, HiddenWait=0, TicksSkipped=0
    MissCause: NotPresent=12, NotReadyStall=0
    PrefetchEff: Dropped=0, AlreadyCached=477, UsedBeforeEvict=20, EvictedBeforeUse=5
    Predictor TopK matches: 0=0 1=0 >=2=13
Layer 35 Cache Stats: Hits=627, Misses=5, HitRate=99.21%
    Predictor Routed-Expert HitRate=90.77% (59/65, routed_n=5, horizon=6)
    Predictor RoutedForcedN HitRate=90.77% (59/65)
    Predictor RoutedTopK HitRate=89.42% (93/104)
    Predicted RequestedByRouterForcedN Rate=12.61% (59/468)
    Predicted RequestedByRouterTopK Rate=19.87% (93/468)
    Predictor WindowRecall Rate=83.38% (271/325)
    Predictor WindowPrecision Rate=57.91% (271/468)
    Loads Per Step: 0Loads=75, 1Load=3, >1Load=1
    Bandwidth: StallLoads=5, PrefetchLoads=30, AvgLoadTime=10.89ms
    PrefetchOverlap: HiddenReady=22, HiddenWait=0, TicksSkipped=0
    MissCause: NotPresent=5, NotReadyStall=0
    PrefetchEff: Dropped=0, AlreadyCached=474, UsedBeforeEvict=22, EvictedBeforeUse=6
    Predictor TopK matches: 0=0 1=0 >=2=13
Layer 36 Cache Stats: Hits=619, Misses=13, HitRate=97.94%
    Predictor Routed-Expert HitRate=98.46% (64/65, routed_n=5, horizon=6)
    Predictor RoutedForcedN HitRate=98.46% (64/65)
    Predictor RoutedTopK HitRate=94.23% (98/104)
    Predicted RequestedByRouterForcedN Rate=13.68% (64/468)
    Predicted RequestedByRouterTopK Rate=20.94% (98/468)
    Predictor WindowRecall Rate=87.37% (256/293)
    Predictor WindowPrecision Rate=54.70% (256/468)
    Loads Per Step: 0Loads=68, 1Load=10, >1Load=1
    Bandwidth: StallLoads=13, PrefetchLoads=13, AvgLoadTime=16.07ms
    PrefetchOverlap: HiddenReady=9, HiddenWait=0, TicksSkipped=0
    MissCause: NotPresent=13, NotReadyStall=0
    PrefetchEff: Dropped=0, AlreadyCached=491, UsedBeforeEvict=9, EvictedBeforeUse=2
    Predictor TopK matches: 0=0 1=0 >=2=13
Layer 37 Cache Stats: Hits=616, Misses=16, HitRate=97.47%
    Predictor Routed-Expert HitRate=81.54% (53/65, routed_n=5, horizon=6)
    Predictor RoutedForcedN HitRate=81.54% (53/65)
    Predictor RoutedTopK HitRate=86.54% (90/104)
    Predicted RequestedByRouterForcedN Rate=11.32% (53/468)
    Predicted RequestedByRouterTopK Rate=19.23% (90/468)
    Predictor WindowRecall Rate=77.65% (278/358)
    Predictor WindowPrecision Rate=59.40% (278/468)
    Loads Per Step: 0Loads=63, 1Load=16, >1Load=0
    Bandwidth: StallLoads=16, PrefetchLoads=19, AvgLoadTime=14.81ms
    PrefetchOverlap: HiddenReady=17, HiddenWait=0, TicksSkipped=0
    MissCause: NotPresent=16, NotReadyStall=0
    PrefetchEff: Dropped=0, AlreadyCached=485, UsedBeforeEvict=17, EvictedBeforeUse=1
    Predictor TopK matches: 0=0 1=1 >=2=12
Layer 38 Cache Stats: Hits=625, Misses=7, HitRate=98.89%
    Predictor Routed-Expert HitRate=100.00% (65/65, routed_n=5, horizon=6)
    Predictor RoutedForcedN HitRate=100.00% (65/65)
    Predictor RoutedTopK HitRate=95.19% (99/104)
    Predicted RequestedByRouterForcedN Rate=13.89% (65/468)
    Predicted RequestedByRouterTopK Rate=21.15% (99/468)
    Predictor WindowRecall Rate=89.00% (259/291)
    Predictor WindowPrecision Rate=55.34% (259/468)
    Loads Per Step: 0Loads=72, 1Load=7, >1Load=0
    Bandwidth: StallLoads=7, PrefetchLoads=14, AvgLoadTime=12.53ms
    PrefetchOverlap: HiddenReady=8, HiddenWait=0, TicksSkipped=0
    MissCause: NotPresent=7, NotReadyStall=0
    PrefetchEff: Dropped=0, AlreadyCached=490, UsedBeforeEvict=8, EvictedBeforeUse=2
    Predictor TopK matches: 0=0 1=0 >=2=13
Layer 39 Cache Stats: Hits=627, Misses=5, HitRate=99.21%
    Predictor Routed-Expert HitRate=92.31% (60/65, routed_n=5, horizon=6)
    Predictor RoutedForcedN HitRate=92.31% (60/65)
    Predictor RoutedTopK HitRate=92.31% (96/104)
    Predicted RequestedByRouterForcedN Rate=12.82% (60/468)
    Predicted RequestedByRouterTopK Rate=20.51% (96/468)
    Predictor WindowRecall Rate=88.34% (250/283)
    Predictor WindowPrecision Rate=53.42% (250/468)
    Loads Per Step: 0Loads=74, 1Load=5, >1Load=0
    Bandwidth: StallLoads=5, PrefetchLoads=14, AvgLoadTime=14.28ms
    PrefetchOverlap: HiddenReady=10, HiddenWait=1, TicksSkipped=0
    MissCause: NotPresent=5, NotReadyStall=1
    PrefetchEff: Dropped=0, AlreadyCached=454, UsedBeforeEvict=11, EvictedBeforeUse=0
    Predictor TopK matches: 0=0 1=0 >=2=13
Layer 40 Cache Stats: Hits=628, Misses=4, HitRate=99.37%
    Predictor Routed-Expert HitRate=93.85% (61/65, routed_n=5, horizon=6)
    Predictor RoutedForcedN HitRate=93.85% (61/65)
    Predictor RoutedTopK HitRate=94.23% (98/104)
    Predicted RequestedByRouterForcedN Rate=13.03% (61/468)
    Predicted RequestedByRouterTopK Rate=20.94% (98/468)
    Predictor WindowRecall Rate=90.24% (268/297)
    Predictor WindowPrecision Rate=57.26% (268/468)
    Loads Per Step: 0Loads=75, 1Load=4, >1Load=0
    Bandwidth: StallLoads=4, PrefetchLoads=19, AvgLoadTime=16.68ms
    PrefetchOverlap: HiddenReady=17, HiddenWait=0, TicksSkipped=0
    MissCause: NotPresent=4, NotReadyStall=0
    PrefetchEff: Dropped=0, AlreadyCached=449, UsedBeforeEvict=17, EvictedBeforeUse=2
    Predictor TopK matches: 0=0 1=0 >=2=13
Layer 41 Cache Stats: Hits=622, Misses=10, HitRate=98.42%
    Predictor Routed-Expert HitRate=89.23% (58/65, routed_n=5, horizon=6)
    Predictor RoutedForcedN HitRate=89.23% (58/65)
    Predictor RoutedTopK HitRate=88.46% (92/104)
    Predicted RequestedByRouterForcedN Rate=12.39% (58/468)
    Predicted RequestedByRouterTopK Rate=19.66% (92/468)
    Predictor WindowRecall Rate=86.26% (295/342)
    Predictor WindowPrecision Rate=63.03% (295/468)
    Loads Per Step: 0Loads=70, 1Load=8, >1Load=1
    Bandwidth: StallLoads=10, PrefetchLoads=18, AvgLoadTime=15.50ms
    PrefetchOverlap: HiddenReady=15, HiddenWait=0, TicksSkipped=0
    MissCause: NotPresent=10, NotReadyStall=0
    PrefetchEff: Dropped=0, AlreadyCached=450, UsedBeforeEvict=15, EvictedBeforeUse=1
    Predictor TopK matches: 0=0 1=1 >=2=12
Layer 42 Cache Stats: Hits=629, Misses=3, HitRate=99.53%
    Predictor Routed-Expert HitRate=92.31% (60/65, routed_n=5, horizon=6)
    Predictor RoutedForcedN HitRate=92.31% (60/65)
    Predictor RoutedTopK HitRate=85.58% (89/104)
    Predicted RequestedByRouterForcedN Rate=12.82% (60/468)
    Predicted RequestedByRouterTopK Rate=19.02% (89/468)
    Predictor WindowRecall Rate=86.02% (277/322)
    Predictor WindowPrecision Rate=59.19% (277/468)
    Loads Per Step: 0Loads=76, 1Load=3, >1Load=0
    Bandwidth: StallLoads=3, PrefetchLoads=11, AvgLoadTime=18.01ms
    PrefetchOverlap: HiddenReady=10, HiddenWait=0, TicksSkipped=0
    MissCause: NotPresent=3, NotReadyStall=0
    PrefetchEff: Dropped=0, AlreadyCached=457, UsedBeforeEvict=10, EvictedBeforeUse=0
    Predictor TopK matches: 0=0 1=0 >=2=13
Layer 43 Cache Stats: Hits=626, Misses=6, HitRate=99.05%
    Predictor Routed-Expert HitRate=93.85% (61/65, routed_n=5, horizon=6)
    Predictor RoutedForcedN HitRate=93.85% (61/65)
    Predictor RoutedTopK HitRate=95.19% (99/104)
    Predicted RequestedByRouterForcedN Rate=13.03% (61/468)
    Predicted RequestedByRouterTopK Rate=21.15% (99/468)
    Predictor WindowRecall Rate=90.79% (276/304)
    Predictor WindowPrecision Rate=58.97% (276/468)
    Loads Per Step: 0Loads=75, 1Load=3, >1Load=1
    Bandwidth: StallLoads=6, PrefetchLoads=8, AvgLoadTime=16.71ms
    PrefetchOverlap: HiddenReady=8, HiddenWait=0, TicksSkipped=0
    MissCause: NotPresent=6, NotReadyStall=0
    PrefetchEff: Dropped=0, AlreadyCached=460, UsedBeforeEvict=8, EvictedBeforeUse=0
    Predictor TopK matches: 0=0 1=0 >=2=13
Layer 44 Cache Stats: Hits=630, Misses=2, HitRate=99.68%
    Predictor Routed-Expert HitRate=93.85% (61/65, routed_n=5, horizon=6)
    Predictor RoutedForcedN HitRate=93.85% (61/65)
    Predictor RoutedTopK HitRate=90.38% (94/104)
    Predicted RequestedByRouterForcedN Rate=13.03% (61/468)
    Predicted RequestedByRouterTopK Rate=20.09% (94/468)
    Predictor WindowRecall Rate=84.79% (262/309)
    Predictor WindowPrecision Rate=55.98% (262/468)
    Loads Per Step: 0Loads=77, 1Load=2, >1Load=0
    Bandwidth: StallLoads=2, PrefetchLoads=14, AvgLoadTime=20.27ms
    PrefetchOverlap: HiddenReady=13, HiddenWait=0, TicksSkipped=0
    MissCause: NotPresent=2, NotReadyStall=0
    PrefetchEff: Dropped=0, AlreadyCached=454, UsedBeforeEvict=13, EvictedBeforeUse=1
    Predictor TopK matches: 0=0 1=0 >=2=13
Layer 45 Cache Stats: Hits=630, Misses=2, HitRate=99.68%
    Predictor Routed-Expert HitRate=100.00% (65/65, routed_n=5, horizon=6)
    Predictor RoutedForcedN HitRate=100.00% (65/65)
    Predictor RoutedTopK HitRate=94.23% (98/104)
    Predicted RequestedByRouterForcedN Rate=13.89% (65/468)
    Predicted RequestedByRouterTopK Rate=20.94% (98/468)
    Predictor WindowRecall Rate=88.47% (261/295)
    Predictor WindowPrecision Rate=55.77% (261/468)
    Loads Per Step: 0Loads=78, 1Load=0, >1Load=1
    Bandwidth: StallLoads=2, PrefetchLoads=2, AvgLoadTime=18.27ms
    PrefetchOverlap: HiddenReady=2, HiddenWait=0, TicksSkipped=0
    MissCause: NotPresent=2, NotReadyStall=0
    PrefetchEff: Dropped=0, AlreadyCached=466, UsedBeforeEvict=2, EvictedBeforeUse=0
    Predictor TopK matches: 0=0 1=0 >=2=13
Layer 46 Cache Stats: Hits=622, Misses=10, HitRate=98.42%
    Predictor Routed-Expert HitRate=92.31% (60/65, routed_n=5, horizon=6)
    Predictor RoutedForcedN HitRate=92.31% (60/65)
    Predictor RoutedTopK HitRate=88.46% (92/104)
    Predicted RequestedByRouterForcedN Rate=12.82% (60/468)
    Predicted RequestedByRouterTopK Rate=19.66% (92/468)
    Predictor WindowRecall Rate=84.47% (272/322)
    Predictor WindowPrecision Rate=58.12% (272/468)
    Loads Per Step: 0Loads=71, 1Load=7, >1Load=1
    Bandwidth: StallLoads=10, PrefetchLoads=12, AvgLoadTime=15.18ms
    PrefetchOverlap: HiddenReady=9, HiddenWait=0, TicksSkipped=0
    MissCause: NotPresent=10, NotReadyStall=0
    PrefetchEff: Dropped=0, AlreadyCached=456, UsedBeforeEvict=9, EvictedBeforeUse=3
    Predictor TopK matches: 0=0 1=1 >=2=12
Layer 47 Cache Stats: Hits=617, Misses=15, HitRate=97.63%
    Predictor Routed-Expert HitRate=86.15% (56/65, routed_n=5, horizon=6)
    Predictor RoutedForcedN HitRate=86.15% (56/65)
    Predictor RoutedTopK HitRate=86.54% (90/104)
    Predicted RequestedByRouterForcedN Rate=11.97% (56/468)
    Predicted RequestedByRouterTopK Rate=19.23% (90/468)
    Predictor WindowRecall Rate=82.49% (325/394)
    Predictor WindowPrecision Rate=69.44% (325/468)
    Loads Per Step: 0Loads=69, 1Load=7, >1Load=3
    Bandwidth: StallLoads=15, PrefetchLoads=15, AvgLoadTime=10.47ms
    PrefetchOverlap: HiddenReady=14, HiddenWait=0, TicksSkipped=0
    MissCause: NotPresent=15, NotReadyStall=0
    PrefetchEff: Dropped=0, AlreadyCached=453, UsedBeforeEvict=14, EvictedBeforeUse=1
    Predictor TopK matches: 0=0 1=1 >=2=12
============================================================
[TorchScriptPredictor Layer 0] Shutdown complete
[TorchScriptPredictor Layer 1] Shutdown complete
[TorchScriptPredictor Layer 2] Shutdown complete
[TorchScriptPredictor Layer 3] Shutdown complete
[TorchScriptPredictor Layer 4] Shutdown complete
[TorchScriptPredictor Layer 5] Shutdown complete
[TorchScriptPredictor Layer 6] Shutdown complete
[TorchScriptPredictor Layer 7] Shutdown complete
[TorchScriptPredictor Layer 8] Shutdown complete
[TorchScriptPredictor Layer 9] Shutdown complete
[TorchScriptPredictor Layer 10] Shutdown complete
[TorchScriptPredictor Layer 11] Shutdown complete
[TorchScriptPredictor Layer 12] Shutdown complete
[TorchScriptPredictor Layer 13] Shutdown complete
[TorchScriptPredictor Layer 14] Shutdown complete
[TorchScriptPredictor Layer 15] Shutdown complete
[TorchScriptPredictor Layer 16] Shutdown complete
[TorchScriptPredictor Layer 17] Shutdown complete
[TorchScriptPredictor Layer 18] Shutdown complete
[TorchScriptPredictor Layer 19] Shutdown complete
[TorchScriptPredictor Layer 20] Shutdown complete
[TorchScriptPredictor Layer 21] Shutdown complete
[TorchScriptPredictor Layer 22] Shutdown complete
[TorchScriptPredictor Layer 23] Shutdown complete
[TorchScriptPredictor Layer 24] Shutdown complete
[TorchScriptPredictor Layer 25] Shutdown complete
[TorchScriptPredictor Layer 26] Shutdown complete
[TorchScriptPredictor Layer 27] Shutdown complete
[TorchScriptPredictor Layer 28] Shutdown complete
[TorchScriptPredictor Layer 29] Shutdown complete
[TorchScriptPredictor Layer 30] Shutdown complete
[TorchScriptPredictor Layer 31] Shutdown complete
[TorchScriptPredictor Layer 32] Shutdown complete
[TorchScriptPredictor Layer 33] Shutdown complete
[TorchScriptPredictor Layer 34] Shutdown complete
[TorchScriptPredictor Layer 35] Shutdown complete
[TorchScriptPredictor Layer 36] Shutdown complete
[TorchScriptPredictor Layer 37] Shutdown complete
[TorchScriptPredictor Layer 38] Shutdown complete
[TorchScriptPredictor Layer 39] Shutdown complete
[TorchScriptPredictor Layer 40] Shutdown complete
[TorchScriptPredictor Layer 41] Shutdown complete
[TorchScriptPredictor Layer 42] Shutdown complete
[TorchScriptPredictor Layer 43] Shutdown complete
[TorchScriptPredictor Layer 44] Shutdown complete
[TorchScriptPredictor Layer 45] Shutdown complete
[TorchScriptPredictor Layer 46] Shutdown complete
[TorchScriptPredictor Layer 47] Shutdown complete
============================================================
Initializing Qwen3 30B-A3B AWQ w4a16 quantized model...
============================================================
Loading quantized weights from QuixiAI/Qwen3-30B-A3B-AWQ...
Using saved safetensors: /home/michael/heteroPredict/py/unified_llm_w4a16/model_weights/Qwen3-30B-A3B-AWQ.safetensors
Expert weights dir: /home/michael/heteroPredict/py/unified_llm_w4a16/model_weights/Qwen3-30B-A3B-AWQ_packed  (format: packed)
Using existing attention weights in /home/michael/heteroPredict/py/unified_llm_w4a16/model_weights/Qwen3-30B-A3B-AWQ_unpacked
Weights loaded (expert dir override) in 0.43 seconds
Pre-warming expert cache with 64 experts...
Model initialized successfully!
Setting lambda to 1.0
Forced top-5 experts into cache mask.
Set expert cache policy to LFRU.

Running sweep using prompts from JSON: /tmp/tmplhylp8fa.json
Loaded 1 prompts for sweeping.

Processing Prompt 1/1...

============================================================
Generated text only:
============================================================
 France , Germany , New Zealand , and the Netherlands . It also charted in the United States , peaking at number 15 on the Billboard Hot 100 . The song was certified gold in the United Kingdom and platinum in the United States . The music video for " Kiss You " was directed by Declan Lane and features the group performing the song in a large ballroom with
============================================================

============================================================
Sweep Complete.
Average Time per Token: 0.483925
End-to-End TPS: 2.0664
Cache Stats: Hits=29828, Misses=508, HitRate=98.33%
Predictor Stats: Hits=2830, Total=3120, HitRate=90.71%
Initializing UnifiedLLMW4A16Impl_base
Using NPU config struct.
Configuring NPU (Base):
  Heterogeneity: gpu
  GPU Count: 1
  Debug Verbosity: 1
  Dummy Weights: false
  Warmup: false
  Preload MoE: true
  Minimal PDI: true
[GPU SELECT] Free VRAM ranking: gpu0=28.00/28.00 GiB
[GPU SELECT] Selected GPUs for gpu-count=1: [0]
[GPU MAP] Single-GPU placement on gpu0
[Predictor] Layer 0 model path resolved to: /home/michael/heteroPredict/trainingData/qwen3_30b/transformer_final_pfill_markov_emb/transformer_eh4_h64_f6/layer_0/best_jit.pt
[Predictor] Running on device: CPU (NPU path) (heterogeneity="gpu", predictor_device="cpu")
[ThreadedTorchScriptPredictor Layer 0] Detected history_length=4 from /home/michael/heteroPredict/trainingData/qwen3_30b/transformer_final_pfill_markov_emb/transformer_eh4_h64_f6/layer_0/best.json
[TorchScriptPredictor Layer 0] Loading model on CPU
[TorchScriptPredictor Layer 0] Assuming prefill_dist, prev_expert_onehot, and prev_layers_feat support (v3 API).
[TorchScriptPredictor Layer 0] prefill_dist support: yes, prev_expert_onehot support: yes, prev_layers_feat support: yes
[TorchScriptPredictor Layer 0] Loaded model: /home/michael/heteroPredict/trainingData/qwen3_30b/transformer_final_pfill_markov_emb/transformer_eh4_h64_f6/layer_0/best_jit.pt
[ThreadedTorchScriptPredictor Layer 1] Detected history_length=4 from /home/michael/heteroPredict/trainingData/qwen3_30b/transformer_final_pfill_markov_emb/transformer_eh4_h64_f6/layer_1/best.json
[TorchScriptPredictor Layer 1] Loading model on CPU
[TorchScriptPredictor Layer 1] Assuming prefill_dist, prev_expert_onehot, and prev_layers_feat support (v3 API).
[TorchScriptPredictor Layer 1] prefill_dist support: yes, prev_expert_onehot support: yes, prev_layers_feat support: yes
[TorchScriptPredictor Layer 1] Loaded model: /home/michael/heteroPredict/trainingData/qwen3_30b/transformer_final_pfill_markov_emb/transformer_eh4_h64_f6/layer_1/best_jit.pt
[ThreadedTorchScriptPredictor Layer 2] Detected history_length=4 from /home/michael/heteroPredict/trainingData/qwen3_30b/transformer_final_pfill_markov_emb/transformer_eh4_h64_f6/layer_2/best.json
[TorchScriptPredictor Layer 2] Loading model on CPU
[TorchScriptPredictor Layer 2] Assuming prefill_dist, prev_expert_onehot, and prev_layers_feat support (v3 API).
[TorchScriptPredictor Layer 2] prefill_dist support: yes, prev_expert_onehot support: yes, prev_layers_feat support: yes
[TorchScriptPredictor Layer 2] Loaded model: /home/michael/heteroPredict/trainingData/qwen3_30b/transformer_final_pfill_markov_emb/transformer_eh4_h64_f6/layer_2/best_jit.pt
[ThreadedTorchScriptPredictor Layer 3] Detected history_length=4 from /home/michael/heteroPredict/trainingData/qwen3_30b/transformer_final_pfill_markov_emb/transformer_eh4_h64_f6/layer_3/best.json
[TorchScriptPredictor Layer 3] Loading model on CPU
[TorchScriptPredictor Layer 3] Assuming prefill_dist, prev_expert_onehot, and prev_layers_feat support (v3 API).
[TorchScriptPredictor Layer 3] prefill_dist support: yes, prev_expert_onehot support: yes, prev_layers_feat support: yes
[TorchScriptPredictor Layer 3] Loaded model: /home/michael/heteroPredict/trainingData/qwen3_30b/transformer_final_pfill_markov_emb/transformer_eh4_h64_f6/layer_3/best_jit.pt
[ThreadedTorchScriptPredictor Layer 4] Detected history_length=4 from /home/michael/heteroPredict/trainingData/qwen3_30b/transformer_final_pfill_markov_emb/transformer_eh4_h64_f6/layer_4/best.json
[TorchScriptPredictor Layer 4] Loading model on CPU
[TorchScriptPredictor Layer 4] Assuming prefill_dist, prev_expert_onehot, and prev_layers_feat support (v3 API).
[TorchScriptPredictor Layer 4] prefill_dist support: yes, prev_expert_onehot support: yes, prev_layers_feat support: yes
[TorchScriptPredictor Layer 4] Loaded model: /home/michael/heteroPredict/trainingData/qwen3_30b/transformer_final_pfill_markov_emb/transformer_eh4_h64_f6/layer_4/best_jit.pt
[ThreadedTorchScriptPredictor Layer 5] Detected history_length=4 from /home/michael/heteroPredict/trainingData/qwen3_30b/transformer_final_pfill_markov_emb/transformer_eh4_h64_f6/layer_5/best.json
[TorchScriptPredictor Layer 5] Loading model on CPU
[TorchScriptPredictor Layer 5] Assuming prefill_dist, prev_expert_onehot, and prev_layers_feat support (v3 API).
[TorchScriptPredictor Layer 5] prefill_dist support: yes, prev_expert_onehot support: yes, prev_layers_feat support: yes
[TorchScriptPredictor Layer 5] Loaded model: /home/michael/heteroPredict/trainingData/qwen3_30b/transformer_final_pfill_markov_emb/transformer_eh4_h64_f6/layer_5/best_jit.pt
[ThreadedTorchScriptPredictor Layer 6] Detected history_length=4 from /home/michael/heteroPredict/trainingData/qwen3_30b/transformer_final_pfill_markov_emb/transformer_eh4_h64_f6/layer_6/best.json
[TorchScriptPredictor Layer 6] Loading model on CPU
[TorchScriptPredictor Layer 6] Assuming prefill_dist, prev_expert_onehot, and prev_layers_feat support (v3 API).
[TorchScriptPredictor Layer 6] prefill_dist support: yes, prev_expert_onehot support: yes, prev_layers_feat support: yes
[TorchScriptPredictor Layer 6] Loaded model: /home/michael/heteroPredict/trainingData/qwen3_30b/transformer_final_pfill_markov_emb/transformer_eh4_h64_f6/layer_6/best_jit.pt
[ThreadedTorchScriptPredictor Layer 7] Detected history_length=4 from /home/michael/heteroPredict/trainingData/qwen3_30b/transformer_final_pfill_markov_emb/transformer_eh4_h64_f6/layer_7/best.json
[TorchScriptPredictor Layer 7] Loading model on CPU
[TorchScriptPredictor Layer 7] Assuming prefill_dist, prev_expert_onehot, and prev_layers_feat support (v3 API).
[TorchScriptPredictor Layer 7] prefill_dist support: yes, prev_expert_onehot support: yes, prev_layers_feat support: yes
[TorchScriptPredictor Layer 7] Loaded model: /home/michael/heteroPredict/trainingData/qwen3_30b/transformer_final_pfill_markov_emb/transformer_eh4_h64_f6/layer_7/best_jit.pt
[ThreadedTorchScriptPredictor Layer 8] Detected history_length=4 from /home/michael/heteroPredict/trainingData/qwen3_30b/transformer_final_pfill_markov_emb/transformer_eh4_h64_f6/layer_8/best.json
[TorchScriptPredictor Layer 8] Loading model on CPU
[TorchScriptPredictor Layer 8] Assuming prefill_dist, prev_expert_onehot, and prev_layers_feat support (v3 API).
[TorchScriptPredictor Layer 8] prefill_dist support: yes, prev_expert_onehot support: yes, prev_layers_feat support: yes
[TorchScriptPredictor Layer 8] Loaded model: /home/michael/heteroPredict/trainingData/qwen3_30b/transformer_final_pfill_markov_emb/transformer_eh4_h64_f6/layer_8/best_jit.pt
[ThreadedTorchScriptPredictor Layer 9] Detected history_length=4 from /home/michael/heteroPredict/trainingData/qwen3_30b/transformer_final_pfill_markov_emb/transformer_eh4_h64_f6/layer_9/best.json
[TorchScriptPredictor Layer 9] Loading model on CPU
[TorchScriptPredictor Layer 9] Assuming prefill_dist, prev_expert_onehot, and prev_layers_feat support (v3 API).
[TorchScriptPredictor Layer 9] prefill_dist support: yes, prev_expert_onehot support: yes, prev_layers_feat support: yes
[TorchScriptPredictor Layer 9] Loaded model: /home/michael/heteroPredict/trainingData/qwen3_30b/transformer_final_pfill_markov_emb/transformer_eh4_h64_f6/layer_9/best_jit.pt
[ThreadedTorchScriptPredictor Layer 10] Detected history_length=4 from /home/michael/heteroPredict/trainingData/qwen3_30b/transformer_final_pfill_markov_emb/transformer_eh4_h64_f6/layer_10/best.json
[TorchScriptPredictor Layer 10] Loading model on CPU
[TorchScriptPredictor Layer 10] Assuming prefill_dist, prev_expert_onehot, and prev_layers_feat support (v3 API).
[TorchScriptPredictor Layer 10] prefill_dist support: yes, prev_expert_onehot support: yes, prev_layers_feat support: yes
[TorchScriptPredictor Layer 10] Loaded model: /home/michael/heteroPredict/trainingData/qwen3_30b/transformer_final_pfill_markov_emb/transformer_eh4_h64_f6/layer_10/best_jit.pt
[ThreadedTorchScriptPredictor Layer 11] Detected history_length=4 from /home/michael/heteroPredict/trainingData/qwen3_30b/transformer_final_pfill_markov_emb/transformer_eh4_h64_f6/layer_11/best.json
[TorchScriptPredictor Layer 11] Loading model on CPU
[TorchScriptPredictor Layer 11] Assuming prefill_dist, prev_expert_onehot, and prev_layers_feat support (v3 API).
[TorchScriptPredictor Layer 11] prefill_dist support: yes, prev_expert_onehot support: yes, prev_layers_feat support: yes
[TorchScriptPredictor Layer 11] Loaded model: /home/michael/heteroPredict/trainingData/qwen3_30b/transformer_final_pfill_markov_emb/transformer_eh4_h64_f6/layer_11/best_jit.pt
[ThreadedTorchScriptPredictor Layer 12] Detected history_length=4 from /home/michael/heteroPredict/trainingData/qwen3_30b/transformer_final_pfill_markov_emb/transformer_eh4_h64_f6/layer_12/best.json
[TorchScriptPredictor Layer 12] Loading model on CPU
[TorchScriptPredictor Layer 12] Assuming prefill_dist, prev_expert_onehot, and prev_layers_feat support (v3 API).
[TorchScriptPredictor Layer 12] prefill_dist support: yes, prev_expert_onehot support: yes, prev_layers_feat support: yes
[TorchScriptPredictor Layer 12] Loaded model: /home/michael/heteroPredict/trainingData/qwen3_30b/transformer_final_pfill_markov_emb/transformer_eh4_h64_f6/layer_12/best_jit.pt
[ThreadedTorchScriptPredictor Layer 13] Detected history_length=4 from /home/michael/heteroPredict/trainingData/qwen3_30b/transformer_final_pfill_markov_emb/transformer_eh4_h64_f6/layer_13/best.json
[TorchScriptPredictor Layer 13] Loading model on CPU
[TorchScriptPredictor Layer 13] Assuming prefill_dist, prev_expert_onehot, and prev_layers_feat support (v3 API).
[TorchScriptPredictor Layer 13] prefill_dist support: yes, prev_expert_onehot support: yes, prev_layers_feat support: yes
[TorchScriptPredictor Layer 13] Loaded model: /home/michael/heteroPredict/trainingData/qwen3_30b/transformer_final_pfill_markov_emb/transformer_eh4_h64_f6/layer_13/best_jit.pt
[ThreadedTorchScriptPredictor Layer 14] Detected history_length=4 from /home/michael/heteroPredict/trainingData/qwen3_30b/transformer_final_pfill_markov_emb/transformer_eh4_h64_f6/layer_14/best.json
[TorchScriptPredictor Layer 14] Loading model on CPU
[TorchScriptPredictor Layer 14] Assuming prefill_dist, prev_expert_onehot, and prev_layers_feat support (v3 API).
[TorchScriptPredictor Layer 14] prefill_dist support: yes, prev_expert_onehot support: yes, prev_layers_feat support: yes
[TorchScriptPredictor Layer 14] Loaded model: /home/michael/heteroPredict/trainingData/qwen3_30b/transformer_final_pfill_markov_emb/transformer_eh4_h64_f6/layer_14/best_jit.pt
[ThreadedTorchScriptPredictor Layer 15] Detected history_length=4 from /home/michael/heteroPredict/trainingData/qwen3_30b/transformer_final_pfill_markov_emb/transformer_eh4_h64_f6/layer_15/best.json
[TorchScriptPredictor Layer 15] Loading model on CPU
[TorchScriptPredictor Layer 15] Assuming prefill_dist, prev_expert_onehot, and prev_layers_feat support (v3 API).
[TorchScriptPredictor Layer 15] prefill_dist support: yes, prev_expert_onehot support: yes, prev_layers_feat support: yes
[TorchScriptPredictor Layer 15] Loaded model: /home/michael/heteroPredict/trainingData/qwen3_30b/transformer_final_pfill_markov_emb/transformer_eh4_h64_f6/layer_15/best_jit.pt
[ThreadedTorchScriptPredictor Layer 16] Detected history_length=4 from /home/michael/heteroPredict/trainingData/qwen3_30b/transformer_final_pfill_markov_emb/transformer_eh4_h64_f6/layer_16/best.json
[TorchScriptPredictor Layer 16] Loading model on CPU
[TorchScriptPredictor Layer 16] Assuming prefill_dist, prev_expert_onehot, and prev_layers_feat support (v3 API).
[TorchScriptPredictor Layer 16] prefill_dist support: yes, prev_expert_onehot support: yes, prev_layers_feat support: yes
[TorchScriptPredictor Layer 16] Loaded model: /home/michael/heteroPredict/trainingData/qwen3_30b/transformer_final_pfill_markov_emb/transformer_eh4_h64_f6/layer_16/best_jit.pt
[ThreadedTorchScriptPredictor Layer 17] Detected history_length=4 from /home/michael/heteroPredict/trainingData/qwen3_30b/transformer_final_pfill_markov_emb/transformer_eh4_h64_f6/layer_17/best.json
[TorchScriptPredictor Layer 17] Loading model on CPU
[TorchScriptPredictor Layer 17] Assuming prefill_dist, prev_expert_onehot, and prev_layers_feat support (v3 API).
[TorchScriptPredictor Layer 17] prefill_dist support: yes, prev_expert_onehot support: yes, prev_layers_feat support: yes
[TorchScriptPredictor Layer 17] Loaded model: /home/michael/heteroPredict/trainingData/qwen3_30b/transformer_final_pfill_markov_emb/transformer_eh4_h64_f6/layer_17/best_jit.pt
[ThreadedTorchScriptPredictor Layer 18] Detected history_length=4 from /home/michael/heteroPredict/trainingData/qwen3_30b/transformer_final_pfill_markov_emb/transformer_eh4_h64_f6/layer_18/best.json
[TorchScriptPredictor Layer 18] Loading model on CPU
[TorchScriptPredictor Layer 18] Assuming prefill_dist, prev_expert_onehot, and prev_layers_feat support (v3 API).
[TorchScriptPredictor Layer 18] prefill_dist support: yes, prev_expert_onehot support: yes, prev_layers_feat support: yes
[TorchScriptPredictor Layer 18] Loaded model: /home/michael/heteroPredict/trainingData/qwen3_30b/transformer_final_pfill_markov_emb/transformer_eh4_h64_f6/layer_18/best_jit.pt
[ThreadedTorchScriptPredictor Layer 19] Detected history_length=4 from /home/michael/heteroPredict/trainingData/qwen3_30b/transformer_final_pfill_markov_emb/transformer_eh4_h64_f6/layer_19/best.json
[TorchScriptPredictor Layer 19] Loading model on CPU
[TorchScriptPredictor Layer 19] Assuming prefill_dist, prev_expert_onehot, and prev_layers_feat support (v3 API).
[TorchScriptPredictor Layer 19] prefill_dist support: yes, prev_expert_onehot support: yes, prev_layers_feat support: yes
[TorchScriptPredictor Layer 19] Loaded model: /home/michael/heteroPredict/trainingData/qwen3_30b/transformer_final_pfill_markov_emb/transformer_eh4_h64_f6/layer_19/best_jit.pt
[ThreadedTorchScriptPredictor Layer 20] Detected history_length=4 from /home/michael/heteroPredict/trainingData/qwen3_30b/transformer_final_pfill_markov_emb/transformer_eh4_h64_f6/layer_20/best.json
[TorchScriptPredictor Layer 20] Loading model on CPU
[TorchScriptPredictor Layer 20] Assuming prefill_dist, prev_expert_onehot, and prev_layers_feat support (v3 API).
[TorchScriptPredictor Layer 20] prefill_dist support: yes, prev_expert_onehot support: yes, prev_layers_feat support: yes
[TorchScriptPredictor Layer 20] Loaded model: /home/michael/heteroPredict/trainingData/qwen3_30b/transformer_final_pfill_markov_emb/transformer_eh4_h64_f6/layer_20/best_jit.pt
[ThreadedTorchScriptPredictor Layer 21] Detected history_length=4 from /home/michael/heteroPredict/trainingData/qwen3_30b/transformer_final_pfill_markov_emb/transformer_eh4_h64_f6/layer_21/best.json
[TorchScriptPredictor Layer 21] Loading model on CPU
[TorchScriptPredictor Layer 21] Assuming prefill_dist, prev_expert_onehot, and prev_layers_feat support (v3 API).
[TorchScriptPredictor Layer 21] prefill_dist support: yes, prev_expert_onehot support: yes, prev_layers_feat support: yes
[TorchScriptPredictor Layer 21] Loaded model: /home/michael/heteroPredict/trainingData/qwen3_30b/transformer_final_pfill_markov_emb/transformer_eh4_h64_f6/layer_21/best_jit.pt
[ThreadedTorchScriptPredictor Layer 22] Detected history_length=4 from /home/michael/heteroPredict/trainingData/qwen3_30b/transformer_final_pfill_markov_emb/transformer_eh4_h64_f6/layer_22/best.json
[TorchScriptPredictor Layer 22] Loading model on CPU
[TorchScriptPredictor Layer 22] Assuming prefill_dist, prev_expert_onehot, and prev_layers_feat support (v3 API).
[TorchScriptPredictor Layer 22] prefill_dist support: yes, prev_expert_onehot support: yes, prev_layers_feat support: yes
[TorchScriptPredictor Layer 22] Loaded model: /home/michael/heteroPredict/trainingData/qwen3_30b/transformer_final_pfill_markov_emb/transformer_eh4_h64_f6/layer_22/best_jit.pt
[ThreadedTorchScriptPredictor Layer 23] Detected history_length=4 from /home/michael/heteroPredict/trainingData/qwen3_30b/transformer_final_pfill_markov_emb/transformer_eh4_h64_f6/layer_23/best.json
[TorchScriptPredictor Layer 23] Loading model on CPU
[TorchScriptPredictor Layer 23] Assuming prefill_dist, prev_expert_onehot, and prev_layers_feat support (v3 API).
[TorchScriptPredictor Layer 23] prefill_dist support: yes, prev_expert_onehot support: yes, prev_layers_feat support: yes
[TorchScriptPredictor Layer 23] Loaded model: /home/michael/heteroPredict/trainingData/qwen3_30b/transformer_final_pfill_markov_emb/transformer_eh4_h64_f6/layer_23/best_jit.pt
[ThreadedTorchScriptPredictor Layer 24] Detected history_length=4 from /home/michael/heteroPredict/trainingData/qwen3_30b/transformer_final_pfill_markov_emb/transformer_eh4_h64_f6/layer_24/best.json
[TorchScriptPredictor Layer 24] Loading model on CPU
[TorchScriptPredictor Layer 24] Assuming prefill_dist, prev_expert_onehot, and prev_layers_feat support (v3 API).
[TorchScriptPredictor Layer 24] prefill_dist support: yes, prev_expert_onehot support: yes, prev_layers_feat support: yes
[TorchScriptPredictor Layer 24] Loaded model: /home/michael/heteroPredict/trainingData/qwen3_30b/transformer_final_pfill_markov_emb/transformer_eh4_h64_f6/layer_24/best_jit.pt
[ThreadedTorchScriptPredictor Layer 25] Detected history_length=4 from /home/michael/heteroPredict/trainingData/qwen3_30b/transformer_final_pfill_markov_emb/transformer_eh4_h64_f6/layer_25/best.json
[TorchScriptPredictor Layer 25] Loading model on CPU
[TorchScriptPredictor Layer 25] Assuming prefill_dist, prev_expert_onehot, and prev_layers_feat support (v3 API).
[TorchScriptPredictor Layer 25] prefill_dist support: yes, prev_expert_onehot support: yes, prev_layers_feat support: yes
[TorchScriptPredictor Layer 25] Loaded model: /home/michael/heteroPredict/trainingData/qwen3_30b/transformer_final_pfill_markov_emb/transformer_eh4_h64_f6/layer_25/best_jit.pt
[ThreadedTorchScriptPredictor Layer 26] Detected history_length=4 from /home/michael/heteroPredict/trainingData/qwen3_30b/transformer_final_pfill_markov_emb/transformer_eh4_h64_f6/layer_26/best.json
[TorchScriptPredictor Layer 26] Loading model on CPU
[TorchScriptPredictor Layer 26] Assuming prefill_dist, prev_expert_onehot, and prev_layers_feat support (v3 API).
[TorchScriptPredictor Layer 26] prefill_dist support: yes, prev_expert_onehot support: yes, prev_layers_feat support: yes
[TorchScriptPredictor Layer 26] Loaded model: /home/michael/heteroPredict/trainingData/qwen3_30b/transformer_final_pfill_markov_emb/transformer_eh4_h64_f6/layer_26/best_jit.pt
[ThreadedTorchScriptPredictor Layer 27] Detected history_length=4 from /home/michael/heteroPredict/trainingData/qwen3_30b/transformer_final_pfill_markov_emb/transformer_eh4_h64_f6/layer_27/best.json
[TorchScriptPredictor Layer 27] Loading model on CPU
[TorchScriptPredictor Layer 27] Assuming prefill_dist, prev_expert_onehot, and prev_layers_feat support (v3 API).
[TorchScriptPredictor Layer 27] prefill_dist support: yes, prev_expert_onehot support: yes, prev_layers_feat support: yes
[TorchScriptPredictor Layer 27] Loaded model: /home/michael/heteroPredict/trainingData/qwen3_30b/transformer_final_pfill_markov_emb/transformer_eh4_h64_f6/layer_27/best_jit.pt
[ThreadedTorchScriptPredictor Layer 28] Detected history_length=4 from /home/michael/heteroPredict/trainingData/qwen3_30b/transformer_final_pfill_markov_emb/transformer_eh4_h64_f6/layer_28/best.json
[TorchScriptPredictor Layer 28] Loading model on CPU
[TorchScriptPredictor Layer 28] Assuming prefill_dist, prev_expert_onehot, and prev_layers_feat support (v3 API).
[TorchScriptPredictor Layer 28] prefill_dist support: yes, prev_expert_onehot support: yes, prev_layers_feat support: yes
[TorchScriptPredictor Layer 28] Loaded model: /home/michael/heteroPredict/trainingData/qwen3_30b/transformer_final_pfill_markov_emb/transformer_eh4_h64_f6/layer_28/best_jit.pt
[ThreadedTorchScriptPredictor Layer 29] Detected history_length=4 from /home/michael/heteroPredict/trainingData/qwen3_30b/transformer_final_pfill_markov_emb/transformer_eh4_h64_f6/layer_29/best.json
[TorchScriptPredictor Layer 29] Loading model on CPU
[TorchScriptPredictor Layer 29] Assuming prefill_dist, prev_expert_onehot, and prev_layers_feat support (v3 API).
[TorchScriptPredictor Layer 29] prefill_dist support: yes, prev_expert_onehot support: yes, prev_layers_feat support: yes
[TorchScriptPredictor Layer 29] Loaded model: /home/michael/heteroPredict/trainingData/qwen3_30b/transformer_final_pfill_markov_emb/transformer_eh4_h64_f6/layer_29/best_jit.pt
[ThreadedTorchScriptPredictor Layer 30] Detected history_length=4 from /home/michael/heteroPredict/trainingData/qwen3_30b/transformer_final_pfill_markov_emb/transformer_eh4_h64_f6/layer_30/best.json
[TorchScriptPredictor Layer 30] Loading model on CPU
[TorchScriptPredictor Layer 30] Assuming prefill_dist, prev_expert_onehot, and prev_layers_feat support (v3 API).
[TorchScriptPredictor Layer 30] prefill_dist support: yes, prev_expert_onehot support: yes, prev_layers_feat support: yes
[TorchScriptPredictor Layer 30] Loaded model: /home/michael/heteroPredict/trainingData/qwen3_30b/transformer_final_pfill_markov_emb/transformer_eh4_h64_f6/layer_30/best_jit.pt
[ThreadedTorchScriptPredictor Layer 31] Detected history_length=4 from /home/michael/heteroPredict/trainingData/qwen3_30b/transformer_final_pfill_markov_emb/transformer_eh4_h64_f6/layer_31/best.json
[TorchScriptPredictor Layer 31] Loading model on CPU
[TorchScriptPredictor Layer 31] Assuming prefill_dist, prev_expert_onehot, and prev_layers_feat support (v3 API).
[TorchScriptPredictor Layer 31] prefill_dist support: yes, prev_expert_onehot support: yes, prev_layers_feat support: yes
[TorchScriptPredictor Layer 31] Loaded model: /home/michael/heteroPredict/trainingData/qwen3_30b/transformer_final_pfill_markov_emb/transformer_eh4_h64_f6/layer_31/best_jit.pt
[ThreadedTorchScriptPredictor Layer 32] Detected history_length=4 from /home/michael/heteroPredict/trainingData/qwen3_30b/transformer_final_pfill_markov_emb/transformer_eh4_h64_f6/layer_32/best.json
[TorchScriptPredictor Layer 32] Loading model on CPU
[TorchScriptPredictor Layer 32] Assuming prefill_dist, prev_expert_onehot, and prev_layers_feat support (v3 API).
[TorchScriptPredictor Layer 32] prefill_dist support: yes, prev_expert_onehot support: yes, prev_layers_feat support: yes
[TorchScriptPredictor Layer 32] Loaded model: /home/michael/heteroPredict/trainingData/qwen3_30b/transformer_final_pfill_markov_emb/transformer_eh4_h64_f6/layer_32/best_jit.pt
[ThreadedTorchScriptPredictor Layer 33] Detected history_length=4 from /home/michael/heteroPredict/trainingData/qwen3_30b/transformer_final_pfill_markov_emb/transformer_eh4_h64_f6/layer_33/best.json
[TorchScriptPredictor Layer 33] Loading model on CPU
[TorchScriptPredictor Layer 33] Assuming prefill_dist, prev_expert_onehot, and prev_layers_feat support (v3 API).
[TorchScriptPredictor Layer 33] prefill_dist support: yes, prev_expert_onehot support: yes, prev_layers_feat support: yes
[TorchScriptPredictor Layer 33] Loaded model: /home/michael/heteroPredict/trainingData/qwen3_30b/transformer_final_pfill_markov_emb/transformer_eh4_h64_f6/layer_33/best_jit.pt
[ThreadedTorchScriptPredictor Layer 34] Detected history_length=4 from /home/michael/heteroPredict/trainingData/qwen3_30b/transformer_final_pfill_markov_emb/transformer_eh4_h64_f6/layer_34/best.json
[TorchScriptPredictor Layer 34] Loading model on CPU
[TorchScriptPredictor Layer 34] Assuming prefill_dist, prev_expert_onehot, and prev_layers_feat support (v3 API).
[TorchScriptPredictor Layer 34] prefill_dist support: yes, prev_expert_onehot support: yes, prev_layers_feat support: yes
[TorchScriptPredictor Layer 34] Loaded model: /home/michael/heteroPredict/trainingData/qwen3_30b/transformer_final_pfill_markov_emb/transformer_eh4_h64_f6/layer_34/best_jit.pt
[ThreadedTorchScriptPredictor Layer 35] Detected history_length=4 from /home/michael/heteroPredict/trainingData/qwen3_30b/transformer_final_pfill_markov_emb/transformer_eh4_h64_f6/layer_35/best.json
[TorchScriptPredictor Layer 35] Loading model on CPU
[TorchScriptPredictor Layer 35] Assuming prefill_dist, prev_expert_onehot, and prev_layers_feat support (v3 API).
[TorchScriptPredictor Layer 35] prefill_dist support: yes, prev_expert_onehot support: yes, prev_layers_feat support: yes
[TorchScriptPredictor Layer 35] Loaded model: /home/michael/heteroPredict/trainingData/qwen3_30b/transformer_final_pfill_markov_emb/transformer_eh4_h64_f6/layer_35/best_jit.pt
[ThreadedTorchScriptPredictor Layer 36] Detected history_length=4 from /home/michael/heteroPredict/trainingData/qwen3_30b/transformer_final_pfill_markov_emb/transformer_eh4_h64_f6/layer_36/best.json
[TorchScriptPredictor Layer 36] Loading model on CPU
[TorchScriptPredictor Layer 36] Assuming prefill_dist, prev_expert_onehot, and prev_layers_feat support (v3 API).
[TorchScriptPredictor Layer 36] prefill_dist support: yes, prev_expert_onehot support: yes, prev_layers_feat support: yes
[TorchScriptPredictor Layer 36] Loaded model: /home/michael/heteroPredict/trainingData/qwen3_30b/transformer_final_pfill_markov_emb/transformer_eh4_h64_f6/layer_36/best_jit.pt
[ThreadedTorchScriptPredictor Layer 37] Detected history_length=4 from /home/michael/heteroPredict/trainingData/qwen3_30b/transformer_final_pfill_markov_emb/transformer_eh4_h64_f6/layer_37/best.json
[TorchScriptPredictor Layer 37] Loading model on CPU
[TorchScriptPredictor Layer 37] Assuming prefill_dist, prev_expert_onehot, and prev_layers_feat support (v3 API).
[TorchScriptPredictor Layer 37] prefill_dist support: yes, prev_expert_onehot support: yes, prev_layers_feat support: yes
[TorchScriptPredictor Layer 37] Loaded model: /home/michael/heteroPredict/trainingData/qwen3_30b/transformer_final_pfill_markov_emb/transformer_eh4_h64_f6/layer_37/best_jit.pt
[ThreadedTorchScriptPredictor Layer 38] Detected history_length=4 from /home/michael/heteroPredict/trainingData/qwen3_30b/transformer_final_pfill_markov_emb/transformer_eh4_h64_f6/layer_38/best.json
[TorchScriptPredictor Layer 38] Loading model on CPU
[TorchScriptPredictor Layer 38] Assuming prefill_dist, prev_expert_onehot, and prev_layers_feat support (v3 API).
[TorchScriptPredictor Layer 38] prefill_dist support: yes, prev_expert_onehot support: yes, prev_layers_feat support: yes
[TorchScriptPredictor Layer 38] Loaded model: /home/michael/heteroPredict/trainingData/qwen3_30b/transformer_final_pfill_markov_emb/transformer_eh4_h64_f6/layer_38/best_jit.pt
[ThreadedTorchScriptPredictor Layer 39] Detected history_length=4 from /home/michael/heteroPredict/trainingData/qwen3_30b/transformer_final_pfill_markov_emb/transformer_eh4_h64_f6/layer_39/best.json
[TorchScriptPredictor Layer 39] Loading model on CPU
[TorchScriptPredictor Layer 39] Assuming prefill_dist, prev_expert_onehot, and prev_layers_feat support (v3 API).
[TorchScriptPredictor Layer 39] prefill_dist support: yes, prev_expert_onehot support: yes, prev_layers_feat support: yes
[TorchScriptPredictor Layer 39] Loaded model: /home/michael/heteroPredict/trainingData/qwen3_30b/transformer_final_pfill_markov_emb/transformer_eh4_h64_f6/layer_39/best_jit.pt
[ThreadedTorchScriptPredictor Layer 40] Detected history_length=4 from /home/michael/heteroPredict/trainingData/qwen3_30b/transformer_final_pfill_markov_emb/transformer_eh4_h64_f6/layer_40/best.json
[TorchScriptPredictor Layer 40] Loading model on CPU
[TorchScriptPredictor Layer 40] Assuming prefill_dist, prev_expert_onehot, and prev_layers_feat support (v3 API).
[TorchScriptPredictor Layer 40] prefill_dist support: yes, prev_expert_onehot support: yes, prev_layers_feat support: yes
[TorchScriptPredictor Layer 40] Loaded model: /home/michael/heteroPredict/trainingData/qwen3_30b/transformer_final_pfill_markov_emb/transformer_eh4_h64_f6/layer_40/best_jit.pt
[ThreadedTorchScriptPredictor Layer 41] Detected history_length=4 from /home/michael/heteroPredict/trainingData/qwen3_30b/transformer_final_pfill_markov_emb/transformer_eh4_h64_f6/layer_41/best.json
[TorchScriptPredictor Layer 41] Loading model on CPU
[TorchScriptPredictor Layer 41] Assuming prefill_dist, prev_expert_onehot, and prev_layers_feat support (v3 API).
[TorchScriptPredictor Layer 41] prefill_dist support: yes, prev_expert_onehot support: yes, prev_layers_feat support: yes
[TorchScriptPredictor Layer 41] Loaded model: /home/michael/heteroPredict/trainingData/qwen3_30b/transformer_final_pfill_markov_emb/transformer_eh4_h64_f6/layer_41/best_jit.pt
[ThreadedTorchScriptPredictor Layer 42] Detected history_length=4 from /home/michael/heteroPredict/trainingData/qwen3_30b/transformer_final_pfill_markov_emb/transformer_eh4_h64_f6/layer_42/best.json
[TorchScriptPredictor Layer 42] Loading model on CPU
[TorchScriptPredictor Layer 42] Assuming prefill_dist, prev_expert_onehot, and prev_layers_feat support (v3 API).
[TorchScriptPredictor Layer 42] prefill_dist support: yes, prev_expert_onehot support: yes, prev_layers_feat support: yes
[TorchScriptPredictor Layer 42] Loaded model: /home/michael/heteroPredict/trainingData/qwen3_30b/transformer_final_pfill_markov_emb/transformer_eh4_h64_f6/layer_42/best_jit.pt
[ThreadedTorchScriptPredictor Layer 43] Detected history_length=4 from /home/michael/heteroPredict/trainingData/qwen3_30b/transformer_final_pfill_markov_emb/transformer_eh4_h64_f6/layer_43/best.json
[TorchScriptPredictor Layer 43] Loading model on CPU
[TorchScriptPredictor Layer 43] Assuming prefill_dist, prev_expert_onehot, and prev_layers_feat support (v3 API).
[TorchScriptPredictor Layer 43] prefill_dist support: yes, prev_expert_onehot support: yes, prev_layers_feat support: yes
[TorchScriptPredictor Layer 43] Loaded model: /home/michael/heteroPredict/trainingData/qwen3_30b/transformer_final_pfill_markov_emb/transformer_eh4_h64_f6/layer_43/best_jit.pt
[ThreadedTorchScriptPredictor Layer 44] Detected history_length=4 from /home/michael/heteroPredict/trainingData/qwen3_30b/transformer_final_pfill_markov_emb/transformer_eh4_h64_f6/layer_44/best.json
[TorchScriptPredictor Layer 44] Loading model on CPU
[TorchScriptPredictor Layer 44] Assuming prefill_dist, prev_expert_onehot, and prev_layers_feat support (v3 API).
[TorchScriptPredictor Layer 44] prefill_dist support: yes, prev_expert_onehot support: yes, prev_layers_feat support: yes
[TorchScriptPredictor Layer 44] Loaded model: /home/michael/heteroPredict/trainingData/qwen3_30b/transformer_final_pfill_markov_emb/transformer_eh4_h64_f6/layer_44/best_jit.pt
[ThreadedTorchScriptPredictor Layer 45] Detected history_length=4 from /home/michael/heteroPredict/trainingData/qwen3_30b/transformer_final_pfill_markov_emb/transformer_eh4_h64_f6/layer_45/best.json
[TorchScriptPredictor Layer 45] Loading model on CPU
[TorchScriptPredictor Layer 45] Assuming prefill_dist, prev_expert_onehot, and prev_layers_feat support (v3 API).
[TorchScriptPredictor Layer 45] prefill_dist support: yes, prev_expert_onehot support: yes, prev_layers_feat support: yes
[TorchScriptPredictor Layer 45] Loaded model: /home/michael/heteroPredict/trainingData/qwen3_30b/transformer_final_pfill_markov_emb/transformer_eh4_h64_f6/layer_45/best_jit.pt
[ThreadedTorchScriptPredictor Layer 46] Detected history_length=4 from /home/michael/heteroPredict/trainingData/qwen3_30b/transformer_final_pfill_markov_emb/transformer_eh4_h64_f6/layer_46/best.json
[TorchScriptPredictor Layer 46] Loading model on CPU
[TorchScriptPredictor Layer 46] Assuming prefill_dist, prev_expert_onehot, and prev_layers_feat support (v3 API).
[TorchScriptPredictor Layer 46] prefill_dist support: yes, prev_expert_onehot support: yes, prev_layers_feat support: yes
[TorchScriptPredictor Layer 46] Loaded model: /home/michael/heteroPredict/trainingData/qwen3_30b/transformer_final_pfill_markov_emb/transformer_eh4_h64_f6/layer_46/best_jit.pt
[ThreadedTorchScriptPredictor Layer 47] Detected history_length=4 from /home/michael/heteroPredict/trainingData/qwen3_30b/transformer_final_pfill_markov_emb/transformer_eh4_h64_f6/layer_47/best.json
[TorchScriptPredictor Layer 47] Loading model on CPU
[TorchScriptPredictor Layer 47] Assuming prefill_dist, prev_expert_onehot, and prev_layers_feat support (v3 API).
[TorchScriptPredictor Layer 47] prefill_dist support: yes, prev_expert_onehot support: yes, prev_layers_feat support: yes
[TorchScriptPredictor Layer 47] Loaded model: /home/michael/heteroPredict/trainingData/qwen3_30b/transformer_final_pfill_markov_emb/transformer_eh4_h64_f6/layer_47/best_jit.pt
UnifiedLLMW4A16 moved to device: cuda:0
Preloading MoE kernels...
MoE kernels preloaded.
UnifiedLLMW4A16 initialized on device: cuda:0 with w4a16 quantization
[Predictor] Lookahead stride set to 6 (predictor fires every 6 decode tokens)
Loading non-quantized weights from safetensors (mmap): /home/michael/heteroPredict/py/unified_llm_w4a16/model_weights/Qwen3-30B-A3B-AWQ.safetensors
Loaded 243 non-quantized parameters, skipped 0
Loading quantized weights from bins: /home/michael/heteroPredict/py/unified_llm_w4a16/model_weights/Qwen3-30B-A3B-AWQ_unpacked
  Expert weights dir override: /home/michael/heteroPredict/py/unified_llm_w4a16/model_weights/Qwen3-30B-A3B-AWQ_packed
Pre-warming 64 experts for all layers...
Layer 0: Pre-warming 64 experts.
Layer 0: using packed expert format.
[MoE I/O] Expert weight reads require O_DIRECT (no buffered fallback).
Layer 1: Pre-warming 64 experts.
Layer 1: using packed expert format.
Layer 2: Pre-warming 64 experts.
Layer 2: using packed expert format.
Layer 3: Pre-warming 64 experts.
Layer 3: using packed expert format.
Prewarmed experts for layer 4/48
Layer 4: Pre-warming 64 experts.
Layer 4: using packed expert format.
Layer 5: Pre-warming 64 experts.
Layer 5: using packed expert format.
Layer 6: Pre-warming 64 experts.
Layer 6: using packed expert format.
Layer 7: Pre-warming 64 experts.
Layer 7: using packed expert format.
Prewarmed experts for layer 8/48
Layer 8: Pre-warming 64 experts.
Layer 8: using packed expert format.
Layer 9: Pre-warming 64 experts.
Layer 9: using packed expert format.
Layer 10: Pre-warming 64 experts.
Layer 10: using packed expert format.
Layer 11: Pre-warming 64 experts.
Layer 11: using packed expert format.
Prewarmed experts for layer 12/48
Layer 12: Pre-warming 64 experts.
Layer 12: using packed expert format.
Layer 13: Pre-warming 64 experts.
Layer 13: using packed expert format.
Layer 14: Pre-warming 64 experts.
Layer 14: using packed expert format.
Layer 15: Pre-warming 64 experts.
Layer 15: using packed expert format.
Prewarmed experts for layer 16/48
Layer 16: Pre-warming 64 experts.
Layer 16: using packed expert format.
Layer 17: Pre-warming 64 experts.
Layer 17: using packed expert format.
Layer 18: Pre-warming 64 experts.
Layer 18: using packed expert format.
Layer 19: Pre-warming 64 experts.
Layer 19: using packed expert format.
Prewarmed experts for layer 20/48
Layer 20: Pre-warming 64 experts.
Layer 20: using packed expert format.
Layer 21: Pre-warming 64 experts.
Layer 21: using packed expert format.
Layer 22: Pre-warming 64 experts.
Layer 22: using packed expert format.
Layer 23: Pre-warming 64 experts.
Layer 23: using packed expert format.
Prewarmed experts for layer 24/48
Layer 24: Pre-warming 64 experts.
Layer 24: using packed expert format.
Layer 25: Pre-warming 64 experts.
Layer 25: using packed expert format.
Layer 26: Pre-warming 64 experts.
Layer 26: using packed expert format.
Layer 27: Pre-warming 64 experts.
Layer 27: using packed expert format.
Prewarmed experts for layer 28/48
Layer 28: Pre-warming 64 experts.
Layer 28: using packed expert format.
Layer 29: Pre-warming 64 experts.
Layer 29: using packed expert format.
Layer 30: Pre-warming 64 experts.
Layer 30: using packed expert format.
Layer 31: Pre-warming 64 experts.
Layer 31: using packed expert format.
Prewarmed experts for layer 32/48
Layer 32: Pre-warming 64 experts.
Layer 32: using packed expert format.
Layer 33: Pre-warming 64 experts.
Layer 33: using packed expert format.
Layer 34: Pre-warming 64 experts.
Layer 34: using packed expert format.
Layer 35: Pre-warming 64 experts.
Layer 35: using packed expert format.
Prewarmed experts for layer 36/48
Layer 36: Pre-warming 64 experts.
Layer 36: using packed expert format.
Layer 37: Pre-warming 64 experts.
Layer 37: using packed expert format.
Layer 38: Pre-warming 64 experts.
Layer 38: using packed expert format.
Layer 39: Pre-warming 64 experts.
Layer 39: using packed expert format.
Prewarmed experts for layer 40/48
Layer 40: Pre-warming 64 experts.
Layer 40: using packed expert format.
Layer 41: Pre-warming 64 experts.
Layer 41: using packed expert format.
Layer 42: Pre-warming 64 experts.
Layer 42: using packed expert format.
Layer 43: Pre-warming 64 experts.
Layer 43: using packed expert format.
Prewarmed experts for layer 44/48
Layer 44: Pre-warming 64 experts.
Layer 44: using packed expert format.
Layer 45: Pre-warming 64 experts.
Layer 45: using packed expert format.
Layer 46: Pre-warming 64 experts.
Layer 46: using packed expert format.
Layer 47: Pre-warming 64 experts.
Layer 47: using packed expert format.
Prewarmed experts for layer 48/48
Libtorch input_ids shape: [1, 512]
Skipping warmup.
Prefill time: 13.8592 seconds
[Predictor] Prefill-end expert cache warmup (excluded from generation TPS).
[Layer 0 Warmup Debug] predict_sync returned: 72 28 38 21 100 46 29 120 13 93 26 4 62 122 98 126 124 0 3 65 33 101 111 18 50 12 118 53 22 69 61 24 64 14 47 80 104 77 107 110 75 31 81 16 92 86 91 32 97 40 49 106 63 87 66 2 112 27 89 67 70 103 48 74 116 51 9 102 83 68 117 82 11 99 105 71 57 23 6 45 119 79 25 43 42 37 73 17 34 95 84 125 78 41 90 54 58 7 108 19 60 113 85 114 30 56 44 36 1 35 76 94 5 8 39 59 121 20 96 10 115 55 127 15 109 123 88 52 
[Layer 0 Warmup Debug] experts_to_prefetch returned: 72 28 38 21 100 46 29 120 13 93 26 4 62 122 98 126 124 0 3 65 33 101 111 18 50 12 118 53 22 69 61 24 64 14 47 80 
[Layer 0 Warmup Debug] After prefill-end warmup, slots are: 64 65 21 46 29 69 13 26 72 4 0 3 33 18 50 80 12 53 22 24 14 47 87 88 89 90 91 92 93 95 97 98 99 100 101 102 103 104 105 106 107 109 110 111 112 113 114 115 116 117 118 119 120 121 122 123 124 125 126 127 28 61 62 38 
Generation phase
[Layer 0 Step 0 Debug] Slots before check: 64 65 21 46 29 69 13 26 72 4 0 3 33 18 50 80 12 53 22 24 14 47 87 88 89 90 91 92 93 95 97 98 99 100 101 102 103 104 105 106 107 109 110 111 112 113 114 115 116 117 118 119 120 121 122 123 124 125 126 127 28 61 62 38 
[Layer 0 Step 0 Debug] Requested: 18 38 122 82 33 118 4 0 
[gen 5/79] elapsed=0.6s  TPS=8.227
[gen 10/79] elapsed=1.1s  TPS=8.738
[gen 15/79] elapsed=1.6s  TPS=9.478
[gen 20/79] elapsed=2.1s  TPS=9.734
[gen 25/79] elapsed=2.5s  TPS=10.047
[gen 30/79] elapsed=2.9s  TPS=10.439
[gen 35/79] elapsed=3.2s  TPS=10.780
[gen 40/79] elapsed=3.6s  TPS=11.013
[gen 45/79] elapsed=4.1s  TPS=11.103
[gen 50/79] elapsed=4.5s  TPS=11.208
[gen 55/79] elapsed=4.9s  TPS=11.257
[gen 60/79] elapsed=5.2s  TPS=11.511
[gen 65/79] elapsed=5.5s  TPS=11.720
[gen 70/79] elapsed=5.8s  TPS=11.991
[gen 75/79] elapsed=6.2s  TPS=12.103
Prefill time (summary): 13.859 seconds
Total Generation Time: 6.485 seconds
Average Time per Token: 0.0820906 seconds

Expert Cache Statistics:
Layer 0 Cache Stats: Hits=583, Misses=49, HitRate=92.25%
    Predictor Routed-Expert HitRate=58.46% (38/65, routed_n=5, horizon=6)
    Predictor RoutedForcedN HitRate=58.46% (38/65)
    Predictor RoutedTopK HitRate=59.62% (62/104)
    Predicted RequestedByRouterForcedN Rate=8.12% (38/468)
    Predicted RequestedByRouterTopK Rate=13.25% (62/468)
    Predictor WindowRecall Rate=62.42% (289/463)
    Predictor WindowPrecision Rate=61.75% (289/468)
    Loads Per Step: 0Loads=47, 1Load=19, >1Load=13
    Bandwidth: StallLoads=49, PrefetchLoads=37, AvgLoadTime=3.02ms
    PrefetchOverlap: HiddenReady=20, HiddenWait=0, TicksSkipped=0
    MissCause: NotPresent=49, NotReadyStall=0
    PrefetchEff: Dropped=0, AlreadyCached=467, UsedBeforeEvict=20, EvictedBeforeUse=11
    GlobalSpecLoad: PeakConcurrent=8
    Predictor TopK matches: 0=1 1=2 >=2=10
Layer 1 Cache Stats: Hits=596, Misses=36, HitRate=94.30%
    Predictor Routed-Expert HitRate=76.92% (50/65, routed_n=5, horizon=6)
    Predictor RoutedForcedN HitRate=76.92% (50/65)
    Predictor RoutedTopK HitRate=68.27% (71/104)
    Predicted RequestedByRouterForcedN Rate=10.68% (50/468)
    Predicted RequestedByRouterTopK Rate=15.17% (71/468)
    Predictor WindowRecall Rate=65.85% (270/410)
    Predictor WindowPrecision Rate=57.69% (270/468)
    Loads Per Step: 0Loads=51, 1Load=22, >1Load=6
    Bandwidth: StallLoads=36, PrefetchLoads=24, AvgLoadTime=4.09ms
    PrefetchOverlap: HiddenReady=15, HiddenWait=0, TicksSkipped=0
    MissCause: NotPresent=36, NotReadyStall=0
    PrefetchEff: Dropped=0, AlreadyCached=480, UsedBeforeEvict=15, EvictedBeforeUse=7
    Predictor TopK matches: 0=0 1=0 >=2=13
Layer 2 Cache Stats: Hits=610, Misses=22, HitRate=96.52%
    Predictor Routed-Expert HitRate=84.62% (55/65, routed_n=5, horizon=6)
    Predictor RoutedForcedN HitRate=84.62% (55/65)
    Predictor RoutedTopK HitRate=78.85% (82/104)
    Predicted RequestedByRouterForcedN Rate=11.75% (55/468)
    Predicted RequestedByRouterTopK Rate=17.52% (82/468)
    Predictor WindowRecall Rate=71.95% (295/410)
    Predictor WindowPrecision Rate=63.03% (295/468)
    Loads Per Step: 0Loads=63, 1Load=10, >1Load=6
    Bandwidth: StallLoads=22, PrefetchLoads=18, AvgLoadTime=4.34ms
    PrefetchOverlap: HiddenReady=18, HiddenWait=0, TicksSkipped=0
    MissCause: NotPresent=22, NotReadyStall=0
    PrefetchEff: Dropped=0, AlreadyCached=486, UsedBeforeEvict=18, EvictedBeforeUse=0
    Predictor TopK matches: 0=0 1=1 >=2=12
Layer 3 Cache Stats: Hits=599, Misses=33, HitRate=94.78%
    Predictor Routed-Expert HitRate=70.77% (46/65, routed_n=5, horizon=6)
    Predictor RoutedForcedN HitRate=70.77% (46/65)
    Predictor RoutedTopK HitRate=64.42% (67/104)
    Predicted RequestedByRouterForcedN Rate=9.83% (46/468)
    Predicted RequestedByRouterTopK Rate=14.32% (67/468)
    Predictor WindowRecall Rate=68.34% (272/398)
    Predictor WindowPrecision Rate=58.12% (272/468)
    Loads Per Step: 0Loads=53, 1Load=20, >1Load=6
    Bandwidth: StallLoads=33, PrefetchLoads=24, AvgLoadTime=3.95ms
    PrefetchOverlap: HiddenReady=14, HiddenWait=0, TicksSkipped=0
    MissCause: NotPresent=33, NotReadyStall=0
    PrefetchEff: Dropped=0, AlreadyCached=480, UsedBeforeEvict=14, EvictedBeforeUse=8
    Predictor TopK matches: 0=0 1=0 >=2=13
Layer 4 Cache Stats: Hits=614, Misses=18, HitRate=97.15%
    Predictor Routed-Expert HitRate=81.54% (53/65, routed_n=5, horizon=6)
    Predictor RoutedForcedN HitRate=81.54% (53/65)
    Predictor RoutedTopK HitRate=76.92% (80/104)
    Predicted RequestedByRouterForcedN Rate=11.32% (53/468)
    Predicted RequestedByRouterTopK Rate=17.09% (80/468)
    Predictor WindowRecall Rate=74.17% (267/360)
    Predictor WindowPrecision Rate=57.05% (267/468)
    Loads Per Step: 0Loads=65, 1Load=11, >1Load=3
    Bandwidth: StallLoads=18, PrefetchLoads=19, AvgLoadTime=3.96ms
    PrefetchOverlap: HiddenReady=13, HiddenWait=0, TicksSkipped=0
    MissCause: NotPresent=18, NotReadyStall=0
    PrefetchEff: Dropped=0, AlreadyCached=485, UsedBeforeEvict=13, EvictedBeforeUse=3
    Predictor TopK matches: 0=0 1=0 >=2=13
Layer 5 Cache Stats: Hits=625, Misses=7, HitRate=98.89%
    Predictor Routed-Expert HitRate=83.08% (54/65, routed_n=5, horizon=6)
    Predictor RoutedForcedN HitRate=83.08% (54/65)
    Predictor RoutedTopK HitRate=78.85% (82/104)
    Predicted RequestedByRouterForcedN Rate=11.54% (54/468)
    Predicted RequestedByRouterTopK Rate=17.52% (82/468)
    Predictor WindowRecall Rate=79.55% (280/352)
    Predictor WindowPrecision Rate=59.83% (280/468)
    Loads Per Step: 0Loads=73, 1Load=5, >1Load=1
    Bandwidth: StallLoads=7, PrefetchLoads=16, AvgLoadTime=4.42ms
    PrefetchOverlap: HiddenReady=14, HiddenWait=0, TicksSkipped=0
    MissCause: NotPresent=7, NotReadyStall=0
    PrefetchEff: Dropped=0, AlreadyCached=488, UsedBeforeEvict=14, EvictedBeforeUse=0
    Predictor TopK matches: 0=0 1=0 >=2=13
Layer 6 Cache Stats: Hits=629, Misses=3, HitRate=99.53%
    Predictor Routed-Expert HitRate=96.92% (63/65, routed_n=5, horizon=6)
    Predictor RoutedForcedN HitRate=96.92% (63/65)
    Predictor RoutedTopK HitRate=93.27% (97/104)
    Predicted RequestedByRouterForcedN Rate=13.46% (63/468)
    Predicted RequestedByRouterTopK Rate=20.73% (97/468)
    Predictor WindowRecall Rate=85.61% (232/271)
    Predictor WindowPrecision Rate=49.57% (232/468)
    Loads Per Step: 0Loads=76, 1Load=3, >1Load=0
    Bandwidth: StallLoads=3, PrefetchLoads=13, AvgLoadTime=6.20ms
    PrefetchOverlap: HiddenReady=6, HiddenWait=0, TicksSkipped=0
    MissCause: NotPresent=3, NotReadyStall=0
    PrefetchEff: Dropped=0, AlreadyCached=491, UsedBeforeEvict=6, EvictedBeforeUse=0
    Predictor TopK matches: 0=0 1=0 >=2=13
Layer 7 Cache Stats: Hits=629, Misses=3, HitRate=99.53%
    Predictor Routed-Expert HitRate=95.38% (62/65, routed_n=5, horizon=6)
    Predictor RoutedForcedN HitRate=95.38% (62/65)
    Predictor RoutedTopK HitRate=95.19% (99/104)
    Predicted RequestedByRouterForcedN Rate=13.25% (62/468)
    Predicted RequestedByRouterTopK Rate=21.15% (99/468)
    Predictor WindowRecall Rate=92.37% (242/262)
    Predictor WindowPrecision Rate=51.71% (242/468)
    Loads Per Step: 0Loads=76, 1Load=3, >1Load=0
    Bandwidth: StallLoads=3, PrefetchLoads=12, AvgLoadTime=5.84ms
    PrefetchOverlap: HiddenReady=5, HiddenWait=0, TicksSkipped=0
    MissCause: NotPresent=3, NotReadyStall=0
    PrefetchEff: Dropped=0, AlreadyCached=492, UsedBeforeEvict=5, EvictedBeforeUse=0
    Predictor TopK matches: 0=0 1=0 >=2=13
Layer 8 Cache Stats: Hits=627, Misses=5, HitRate=99.21%
    Predictor Routed-Expert HitRate=86.15% (56/65, routed_n=5, horizon=6)
    Predictor RoutedForcedN HitRate=86.15% (56/65)
    Predictor RoutedTopK HitRate=80.77% (84/104)
    Predicted RequestedByRouterForcedN Rate=11.97% (56/468)
    Predicted RequestedByRouterTopK Rate=17.95% (84/468)
    Predictor WindowRecall Rate=82.88% (242/292)
    Predictor WindowPrecision Rate=51.71% (242/468)
    Loads Per Step: 0Loads=74, 1Load=5, >1Load=0
    Bandwidth: StallLoads=5, PrefetchLoads=19, AvgLoadTime=5.24ms
    PrefetchOverlap: HiddenReady=10, HiddenWait=0, TicksSkipped=0
    MissCause: NotPresent=5, NotReadyStall=0
    PrefetchEff: Dropped=0, AlreadyCached=485, UsedBeforeEvict=10, EvictedBeforeUse=4
    Predictor TopK matches: 0=0 1=0 >=2=13
Layer 9 Cache Stats: Hits=624, Misses=8, HitRate=98.73%
    Predictor Routed-Expert HitRate=86.15% (56/65, routed_n=5, horizon=6)
    Predictor RoutedForcedN HitRate=86.15% (56/65)
    Predictor RoutedTopK HitRate=88.46% (92/104)
    Predicted RequestedByRouterForcedN Rate=11.97% (56/468)
    Predicted RequestedByRouterTopK Rate=19.66% (92/468)
    Predictor WindowRecall Rate=83.27% (219/263)
    Predictor WindowPrecision Rate=46.79% (219/468)
    Loads Per Step: 0Loads=71, 1Load=8, >1Load=0
    Bandwidth: StallLoads=8, PrefetchLoads=19, AvgLoadTime=5.44ms
    PrefetchOverlap: HiddenReady=9, HiddenWait=0, TicksSkipped=0
    MissCause: NotPresent=8, NotReadyStall=0
    PrefetchEff: Dropped=0, AlreadyCached=485, UsedBeforeEvict=9, EvictedBeforeUse=1
    Predictor TopK matches: 0=0 1=0 >=2=13
Layer 10 Cache Stats: Hits=625, Misses=7, HitRate=98.89%
    Predictor Routed-Expert HitRate=84.62% (55/65, routed_n=5, horizon=6)
    Predictor RoutedForcedN HitRate=84.62% (55/65)
    Predictor RoutedTopK HitRate=82.69% (86/104)
    Predicted RequestedByRouterForcedN Rate=11.75% (55/468)
    Predicted RequestedByRouterTopK Rate=18.38% (86/468)
    Predictor WindowRecall Rate=83.28% (249/299)
    Predictor WindowPrecision Rate=53.21% (249/468)
    Loads Per Step: 0Loads=72, 1Load=7, >1Load=0
    Bandwidth: StallLoads=7, PrefetchLoads=18, AvgLoadTime=5.19ms
    PrefetchOverlap: HiddenReady=14, HiddenWait=0, TicksSkipped=0
    MissCause: NotPresent=7, NotReadyStall=0
    PrefetchEff: Dropped=0, AlreadyCached=486, UsedBeforeEvict=14, EvictedBeforeUse=0
    Predictor TopK matches: 0=0 1=0 >=2=13
Layer 11 Cache Stats: Hits=610, Misses=22, HitRate=96.52%
    Predictor Routed-Expert HitRate=86.15% (56/65, routed_n=5, horizon=6)
    Predictor RoutedForcedN HitRate=86.15% (56/65)
    Predictor RoutedTopK HitRate=85.58% (89/104)
    Predicted RequestedByRouterForcedN Rate=11.97% (56/468)
    Predicted RequestedByRouterTopK Rate=19.02% (89/468)
    Predictor WindowRecall Rate=79.09% (261/330)
    Predictor WindowPrecision Rate=55.77% (261/468)
    Loads Per Step: 0Loads=62, 1Load=13, >1Load=4
    Bandwidth: StallLoads=22, PrefetchLoads=21, AvgLoadTime=4.56ms
    PrefetchOverlap: HiddenReady=15, HiddenWait=0, TicksSkipped=0
    MissCause: NotPresent=22, NotReadyStall=0
    PrefetchEff: Dropped=0, AlreadyCached=483, UsedBeforeEvict=15, EvictedBeforeUse=3
    Predictor TopK matches: 0=0 1=0 >=2=13
Layer 12 Cache Stats: Hits=622, Misses=10, HitRate=98.42%
    Predictor Routed-Expert HitRate=93.85% (61/65, routed_n=5, horizon=6)
    Predictor RoutedForcedN HitRate=93.85% (61/65)
    Predictor RoutedTopK HitRate=91.35% (95/104)
    Predicted RequestedByRouterForcedN Rate=13.03% (61/468)
    Predicted RequestedByRouterTopK Rate=20.30% (95/468)
    Predictor WindowRecall Rate=87.23% (239/274)
    Predictor WindowPrecision Rate=51.07% (239/468)
    Loads Per Step: 0Loads=69, 1Load=10, >1Load=0
    Bandwidth: StallLoads=10, PrefetchLoads=17, AvgLoadTime=6.20ms
    PrefetchOverlap: HiddenReady=11, HiddenWait=0, TicksSkipped=0
    MissCause: NotPresent=10, NotReadyStall=0
    PrefetchEff: Dropped=0, AlreadyCached=487, UsedBeforeEvict=11, EvictedBeforeUse=2
    Predictor TopK matches: 0=0 1=0 >=2=13
Layer 13 Cache Stats: Hits=626, Misses=6, HitRate=99.05%
    Predictor Routed-Expert HitRate=90.77% (59/65, routed_n=5, horizon=6)
    Predictor RoutedForcedN HitRate=90.77% (59/65)
    Predictor RoutedTopK HitRate=87.50% (91/104)
    Predicted RequestedByRouterForcedN Rate=12.61% (59/468)
    Predicted RequestedByRouterTopK Rate=19.44% (91/468)
    Predictor WindowRecall Rate=86.03% (271/315)
    Predictor WindowPrecision Rate=57.91% (271/468)
    Loads Per Step: 0Loads=73, 1Load=6, >1Load=0
    Bandwidth: StallLoads=6, PrefetchLoads=20, AvgLoadTime=5.39ms
    PrefetchOverlap: HiddenReady=15, HiddenWait=0, TicksSkipped=0
    MissCause: NotPresent=6, NotReadyStall=0
    PrefetchEff: Dropped=0, AlreadyCached=484, UsedBeforeEvict=15, EvictedBeforeUse=2
    Predictor TopK matches: 0=0 1=0 >=2=13
Layer 14 Cache Stats: Hits=625, Misses=7, HitRate=98.89%
    Predictor Routed-Expert HitRate=93.85% (61/65, routed_n=5, horizon=6)
    Predictor RoutedForcedN HitRate=93.85% (61/65)
    Predictor RoutedTopK HitRate=93.27% (97/104)
    Predicted RequestedByRouterForcedN Rate=13.03% (61/468)
    Predicted RequestedByRouterTopK Rate=20.73% (97/468)
    Predictor WindowRecall Rate=85.11% (240/282)
    Predictor WindowPrecision Rate=51.28% (240/468)
    Loads Per Step: 0Loads=73, 1Load=5, >1Load=1
    Bandwidth: StallLoads=7, PrefetchLoads=20, AvgLoadTime=5.28ms
    PrefetchOverlap: HiddenReady=13, HiddenWait=0, TicksSkipped=0
    MissCause: NotPresent=7, NotReadyStall=0
    PrefetchEff: Dropped=0, AlreadyCached=484, UsedBeforeEvict=13, EvictedBeforeUse=2
    Predictor TopK matches: 0=0 1=0 >=2=13
Layer 15 Cache Stats: Hits=630, Misses=2, HitRate=99.68%
    Predictor Routed-Expert HitRate=100.00% (65/65, routed_n=5, horizon=6)
    Predictor RoutedForcedN HitRate=100.00% (65/65)
    Predictor RoutedTopK HitRate=98.08% (102/104)
    Predicted RequestedByRouterForcedN Rate=13.89% (65/468)
    Predicted RequestedByRouterTopK Rate=21.79% (102/468)
    Predictor WindowRecall Rate=90.73% (235/259)
    Predictor WindowPrecision Rate=50.21% (235/468)
    Loads Per Step: 0Loads=77, 1Load=2, >1Load=0
    Bandwidth: StallLoads=2, PrefetchLoads=20, AvgLoadTime=6.17ms
    PrefetchOverlap: HiddenReady=10, HiddenWait=0, TicksSkipped=0
    MissCause: NotPresent=2, NotReadyStall=0
    PrefetchEff: Dropped=0, AlreadyCached=484, UsedBeforeEvict=10, EvictedBeforeUse=2
    Predictor TopK matches: 0=0 1=0 >=2=13
Layer 16 Cache Stats: Hits=626, Misses=6, HitRate=99.05%
    Predictor Routed-Expert HitRate=93.85% (61/65, routed_n=5, horizon=6)
    Predictor RoutedForcedN HitRate=93.85% (61/65)
    Predictor RoutedTopK HitRate=91.35% (95/104)
    Predicted RequestedByRouterForcedN Rate=13.03% (61/468)
    Predicted RequestedByRouterTopK Rate=20.30% (95/468)
    Predictor WindowRecall Rate=86.76% (249/287)
    Predictor WindowPrecision Rate=53.21% (249/468)
    Loads Per Step: 0Loads=74, 1Load=4, >1Load=1
    Bandwidth: StallLoads=6, PrefetchLoads=16, AvgLoadTime=6.05ms
    PrefetchOverlap: HiddenReady=13, HiddenWait=0, TicksSkipped=0
    MissCause: NotPresent=6, NotReadyStall=0
    PrefetchEff: Dropped=0, AlreadyCached=488, UsedBeforeEvict=13, EvictedBeforeUse=0
    Predictor TopK matches: 0=0 1=0 >=2=13
Layer 17 Cache Stats: Hits=625, Misses=7, HitRate=98.89%
    Predictor Routed-Expert HitRate=93.85% (61/65, routed_n=5, horizon=6)
    Predictor RoutedForcedN HitRate=93.85% (61/65)
    Predictor RoutedTopK HitRate=86.54% (90/104)
    Predicted RequestedByRouterForcedN Rate=13.03% (61/468)
    Predicted RequestedByRouterTopK Rate=19.23% (90/468)
    Predictor WindowRecall Rate=80.06% (261/326)
    Predictor WindowPrecision Rate=55.77% (261/468)
    Loads Per Step: 0Loads=73, 1Load=5, >1Load=1
    Bandwidth: StallLoads=7, PrefetchLoads=17, AvgLoadTime=6.05ms
    PrefetchOverlap: HiddenReady=13, HiddenWait=0, TicksSkipped=0
    MissCause: NotPresent=7, NotReadyStall=0
    PrefetchEff: Dropped=0, AlreadyCached=487, UsedBeforeEvict=13, EvictedBeforeUse=0
    Predictor TopK matches: 0=0 1=0 >=2=13
Layer 18 Cache Stats: Hits=630, Misses=2, HitRate=99.68%
    Predictor Routed-Expert HitRate=100.00% (65/65, routed_n=5, horizon=6)
    Predictor RoutedForcedN HitRate=100.00% (65/65)
    Predictor RoutedTopK HitRate=100.00% (104/104)
    Predicted RequestedByRouterForcedN Rate=13.89% (65/468)
    Predicted RequestedByRouterTopK Rate=22.22% (104/468)
    Predictor WindowRecall Rate=93.13% (217/233)
    Predictor WindowPrecision Rate=46.37% (217/468)
    Loads Per Step: 0Loads=77, 1Load=2, >1Load=0
    Bandwidth: StallLoads=2, PrefetchLoads=6, AvgLoadTime=12.09ms
    PrefetchOverlap: HiddenReady=4, HiddenWait=0, TicksSkipped=0
    MissCause: NotPresent=2, NotReadyStall=0
    PrefetchEff: Dropped=0, AlreadyCached=498, UsedBeforeEvict=4, EvictedBeforeUse=0
    Predictor TopK matches: 0=0 1=0 >=2=13
Layer 19 Cache Stats: Hits=631, Misses=1, HitRate=99.84%
    Predictor Routed-Expert HitRate=98.46% (64/65, routed_n=5, horizon=6)
    Predictor RoutedForcedN HitRate=98.46% (64/65)
    Predictor RoutedTopK HitRate=98.08% (102/104)
    Predicted RequestedByRouterForcedN Rate=13.68% (64/468)
    Predicted RequestedByRouterTopK Rate=21.79% (102/468)
    Predictor WindowRecall Rate=97.45% (229/235)
    Predictor WindowPrecision Rate=48.93% (229/468)
    Loads Per Step: 0Loads=78, 1Load=1, >1Load=0
    Bandwidth: StallLoads=1, PrefetchLoads=13, AvgLoadTime=9.02ms
    PrefetchOverlap: HiddenReady=5, HiddenWait=0, TicksSkipped=0
    MissCause: NotPresent=1, NotReadyStall=0
    PrefetchEff: Dropped=0, AlreadyCached=491, UsedBeforeEvict=5, EvictedBeforeUse=0
    Predictor TopK matches: 0=0 1=0 >=2=13
Layer 20 Cache Stats: Hits=626, Misses=6, HitRate=99.05%
    Predictor Routed-Expert HitRate=89.23% (58/65, routed_n=5, horizon=6)
    Predictor RoutedForcedN HitRate=89.23% (58/65)
    Predictor RoutedTopK HitRate=88.46% (92/104)
    Predicted RequestedByRouterForcedN Rate=12.39% (58/468)
    Predicted RequestedByRouterTopK Rate=19.66% (92/468)
    Predictor WindowRecall Rate=87.55% (239/273)
    Predictor WindowPrecision Rate=51.07% (239/468)
    Loads Per Step: 0Loads=74, 1Load=4, >1Load=1
    Bandwidth: StallLoads=6, PrefetchLoads=19, AvgLoadTime=6.86ms
    PrefetchOverlap: HiddenReady=11, HiddenWait=0, TicksSkipped=0
    MissCause: NotPresent=6, NotReadyStall=0
    PrefetchEff: Dropped=0, AlreadyCached=485, UsedBeforeEvict=11, EvictedBeforeUse=0
    Predictor TopK matches: 0=0 1=0 >=2=13
Layer 21 Cache Stats: Hits=627, Misses=5, HitRate=99.21%
    Predictor Routed-Expert HitRate=95.38% (62/65, routed_n=5, horizon=6)
    Predictor RoutedForcedN HitRate=95.38% (62/65)
    Predictor RoutedTopK HitRate=92.31% (96/104)
    Predicted RequestedByRouterForcedN Rate=13.25% (62/468)
    Predicted RequestedByRouterTopK Rate=20.51% (96/468)
    Predictor WindowRecall Rate=90.69% (224/247)
    Predictor WindowPrecision Rate=47.86% (224/468)
    Loads Per Step: 0Loads=74, 1Load=5, >1Load=0
    Bandwidth: StallLoads=5, PrefetchLoads=19, AvgLoadTime=4.17ms
    PrefetchOverlap: HiddenReady=8, HiddenWait=0, TicksSkipped=0
    MissCause: NotPresent=5, NotReadyStall=0
    PrefetchEff: Dropped=0, AlreadyCached=485, UsedBeforeEvict=8, EvictedBeforeUse=1
    Predictor TopK matches: 0=0 1=0 >=2=13
Layer 22 Cache Stats: Hits=624, Misses=8, HitRate=98.73%
    Predictor Routed-Expert HitRate=89.23% (58/65, routed_n=5, horizon=6)
    Predictor RoutedForcedN HitRate=89.23% (58/65)
    Predictor RoutedTopK HitRate=88.46% (92/104)
    Predicted RequestedByRouterForcedN Rate=12.39% (58/468)
    Predicted RequestedByRouterTopK Rate=19.66% (92/468)
    Predictor WindowRecall Rate=84.49% (256/303)
    Predictor WindowPrecision Rate=54.70% (256/468)
    Loads Per Step: 0Loads=71, 1Load=8, >1Load=0
    Bandwidth: StallLoads=8, PrefetchLoads=19, AvgLoadTime=6.02ms
    PrefetchOverlap: HiddenReady=15, HiddenWait=0, TicksSkipped=0
    MissCause: NotPresent=8, NotReadyStall=0
    PrefetchEff: Dropped=0, AlreadyCached=485, UsedBeforeEvict=15, EvictedBeforeUse=1
    Predictor TopK matches: 0=0 1=0 >=2=13
Layer 23 Cache Stats: Hits=617, Misses=15, HitRate=97.63%
    Predictor Routed-Expert HitRate=78.46% (51/65, routed_n=5, horizon=6)
    Predictor RoutedForcedN HitRate=78.46% (51/65)
    Predictor RoutedTopK HitRate=75.96% (79/104)
    Predicted RequestedByRouterForcedN Rate=10.90% (51/468)
    Predicted RequestedByRouterTopK Rate=16.88% (79/468)
    Predictor WindowRecall Rate=79.56% (253/318)
    Predictor WindowPrecision Rate=54.06% (253/468)
    Loads Per Step: 0Loads=68, 1Load=9, >1Load=2
    Bandwidth: StallLoads=15, PrefetchLoads=23, AvgLoadTime=5.24ms
    PrefetchOverlap: HiddenReady=20, HiddenWait=0, TicksSkipped=0
    MissCause: NotPresent=15, NotReadyStall=0
    PrefetchEff: Dropped=0, AlreadyCached=481, UsedBeforeEvict=20, EvictedBeforeUse=1
    Predictor TopK matches: 0=0 1=1 >=2=12
Layer 24 Cache Stats: Hits=625, Misses=7, HitRate=98.89%
    Predictor Routed-Expert HitRate=86.15% (56/65, routed_n=5, horizon=6)
    Predictor RoutedForcedN HitRate=86.15% (56/65)
    Predictor RoutedTopK HitRate=86.54% (90/104)
    Predicted RequestedByRouterForcedN Rate=11.97% (56/468)
    Predicted RequestedByRouterTopK Rate=19.23% (90/468)
    Predictor WindowRecall Rate=87.94% (248/282)
    Predictor WindowPrecision Rate=52.99% (248/468)
    Loads Per Step: 0Loads=73, 1Load=5, >1Load=1
    Bandwidth: StallLoads=7, PrefetchLoads=15, AvgLoadTime=4.53ms
    PrefetchOverlap: HiddenReady=10, HiddenWait=0, TicksSkipped=0
    MissCause: NotPresent=7, NotReadyStall=0
    PrefetchEff: Dropped=0, AlreadyCached=489, UsedBeforeEvict=10, EvictedBeforeUse=1
    Predictor TopK matches: 0=0 1=0 >=2=13
Layer 25 Cache Stats: Hits=624, Misses=8, HitRate=98.73%
    Predictor Routed-Expert HitRate=84.62% (55/65, routed_n=5, horizon=6)
    Predictor RoutedForcedN HitRate=84.62% (55/65)
    Predictor RoutedTopK HitRate=85.58% (89/104)
    Predicted RequestedByRouterForcedN Rate=11.75% (55/468)
    Predicted RequestedByRouterTopK Rate=19.02% (89/468)
    Predictor WindowRecall Rate=82.26% (269/327)
    Predictor WindowPrecision Rate=57.48% (269/468)
    Loads Per Step: 0Loads=72, 1Load=6, >1Load=1
    Bandwidth: StallLoads=8, PrefetchLoads=26, AvgLoadTime=5.95ms
    PrefetchOverlap: HiddenReady=20, HiddenWait=0, TicksSkipped=0
    MissCause: NotPresent=8, NotReadyStall=0
    PrefetchEff: Dropped=0, AlreadyCached=478, UsedBeforeEvict=20, EvictedBeforeUse=3
    Predictor TopK matches: 0=0 1=0 >=2=13
Layer 26 Cache Stats: Hits=630, Misses=2, HitRate=99.68%
    Predictor Routed-Expert HitRate=93.85% (61/65, routed_n=5, horizon=6)
    Predictor RoutedForcedN HitRate=93.85% (61/65)
    Predictor RoutedTopK HitRate=91.35% (95/104)
    Predicted RequestedByRouterForcedN Rate=13.03% (61/468)
    Predicted RequestedByRouterTopK Rate=20.30% (95/468)
    Predictor WindowRecall Rate=89.21% (248/278)
    Predictor WindowPrecision Rate=52.99% (248/468)
    Loads Per Step: 0Loads=77, 1Load=2, >1Load=0
    Bandwidth: StallLoads=2, PrefetchLoads=23, AvgLoadTime=7.05ms
    PrefetchOverlap: HiddenReady=20, HiddenWait=0, TicksSkipped=0
    MissCause: NotPresent=2, NotReadyStall=0
    PrefetchEff: Dropped=0, AlreadyCached=481, UsedBeforeEvict=20, EvictedBeforeUse=0
    Predictor TopK matches: 0=0 1=0 >=2=13
Layer 27 Cache Stats: Hits=625, Misses=7, HitRate=98.89%
    Predictor Routed-Expert HitRate=90.77% (59/65, routed_n=5, horizon=6)
    Predictor RoutedForcedN HitRate=90.77% (59/65)
    Predictor RoutedTopK HitRate=83.65% (87/104)
    Predicted RequestedByRouterForcedN Rate=12.61% (59/468)
    Predicted RequestedByRouterTopK Rate=18.59% (87/468)
    Predictor WindowRecall Rate=80.63% (229/284)
    Predictor WindowPrecision Rate=48.93% (229/468)
    Loads Per Step: 0Loads=73, 1Load=5, >1Load=1
    Bandwidth: StallLoads=7, PrefetchLoads=13, AvgLoadTime=7.83ms
    PrefetchOverlap: HiddenReady=9, HiddenWait=0, TicksSkipped=0
    MissCause: NotPresent=7, NotReadyStall=0
    PrefetchEff: Dropped=0, AlreadyCached=491, UsedBeforeEvict=9, EvictedBeforeUse=0
    Predictor TopK matches: 0=0 1=0 >=2=13
Layer 28 Cache Stats: Hits=629, Misses=3, HitRate=99.53%
    Predictor Routed-Expert HitRate=92.31% (60/65, routed_n=5, horizon=6)
    Predictor RoutedForcedN HitRate=92.31% (60/65)
    Predictor RoutedTopK HitRate=92.31% (96/104)
    Predicted RequestedByRouterForcedN Rate=12.82% (60/468)
    Predicted RequestedByRouterTopK Rate=20.51% (96/468)
    Predictor WindowRecall Rate=86.49% (256/296)
    Predictor WindowPrecision Rate=54.70% (256/468)
    Loads Per Step: 0Loads=76, 1Load=3, >1Load=0
    Bandwidth: StallLoads=3, PrefetchLoads=19, AvgLoadTime=5.54ms
    PrefetchOverlap: HiddenReady=16, HiddenWait=0, TicksSkipped=0
    MissCause: NotPresent=3, NotReadyStall=0
    PrefetchEff: Dropped=0, AlreadyCached=485, UsedBeforeEvict=16, EvictedBeforeUse=0
    Predictor TopK matches: 0=0 1=0 >=2=13
Layer 29 Cache Stats: Hits=623, Misses=9, HitRate=98.58%
    Predictor Routed-Expert HitRate=78.46% (51/65, routed_n=5, horizon=6)
    Predictor RoutedForcedN HitRate=78.46% (51/65)
    Predictor RoutedTopK HitRate=82.69% (86/104)
    Predicted RequestedByRouterForcedN Rate=10.90% (51/468)
    Predicted RequestedByRouterTopK Rate=18.38% (86/468)
    Predictor WindowRecall Rate=81.66% (276/338)
    Predictor WindowPrecision Rate=58.97% (276/468)
    Loads Per Step: 0Loads=71, 1Load=7, >1Load=1
    Bandwidth: StallLoads=9, PrefetchLoads=16, AvgLoadTime=5.81ms
    PrefetchOverlap: HiddenReady=14, HiddenWait=0, TicksSkipped=0
    MissCause: NotPresent=9, NotReadyStall=0
    PrefetchEff: Dropped=0, AlreadyCached=488, UsedBeforeEvict=14, EvictedBeforeUse=1
    Predictor TopK matches: 0=0 1=0 >=2=13
Layer 30 Cache Stats: Hits=630, Misses=2, HitRate=99.68%
    Predictor Routed-Expert HitRate=98.46% (64/65, routed_n=5, horizon=6)
    Predictor RoutedForcedN HitRate=98.46% (64/65)
    Predictor RoutedTopK HitRate=97.12% (101/104)
    Predicted RequestedByRouterForcedN Rate=13.68% (64/468)
    Predicted RequestedByRouterTopK Rate=21.58% (101/468)
    Predictor WindowRecall Rate=92.37% (242/262)
    Predictor WindowPrecision Rate=51.71% (242/468)
    Loads Per Step: 0Loads=77, 1Load=2, >1Load=0
    Bandwidth: StallLoads=2, PrefetchLoads=8, AvgLoadTime=6.77ms
    PrefetchOverlap: HiddenReady=4, HiddenWait=0, TicksSkipped=0
    MissCause: NotPresent=2, NotReadyStall=0
    PrefetchEff: Dropped=0, AlreadyCached=496, UsedBeforeEvict=4, EvictedBeforeUse=0
    Predictor TopK matches: 0=0 1=0 >=2=13
Layer 31 Cache Stats: Hits=632, Misses=0, HitRate=100.00%
    Predictor Routed-Expert HitRate=96.92% (63/65, routed_n=5, horizon=6)
    Predictor RoutedForcedN HitRate=96.92% (63/65)
    Predictor RoutedTopK HitRate=96.15% (100/104)
    Predicted RequestedByRouterForcedN Rate=13.46% (63/468)
    Predicted RequestedByRouterTopK Rate=21.37% (100/468)
    Predictor WindowRecall Rate=96.04% (218/227)
    Predictor WindowPrecision Rate=46.58% (218/468)
    Loads Per Step: 0Loads=79, 1Load=0, >1Load=0
    Bandwidth: StallLoads=0, PrefetchLoads=9, AvgLoadTime=7.00ms
    PrefetchOverlap: HiddenReady=4, HiddenWait=0, TicksSkipped=0
    PrefetchEff: Dropped=0, AlreadyCached=495, UsedBeforeEvict=4, EvictedBeforeUse=0
    Predictor TopK matches: 0=0 1=0 >=2=13
Layer 32 Cache Stats: Hits=626, Misses=6, HitRate=99.05%
    Predictor Routed-Expert HitRate=95.38% (62/65, routed_n=5, horizon=6)
    Predictor RoutedForcedN HitRate=95.38% (62/65)
    Predictor RoutedTopK HitRate=94.23% (98/104)
    Predicted RequestedByRouterForcedN Rate=13.25% (62/468)
    Predicted RequestedByRouterTopK Rate=20.94% (98/468)
    Predictor WindowRecall Rate=88.73% (244/275)
    Predictor WindowPrecision Rate=52.14% (244/468)
    Loads Per Step: 0Loads=73, 1Load=6, >1Load=0
    Bandwidth: StallLoads=6, PrefetchLoads=16, AvgLoadTime=7.17ms
    PrefetchOverlap: HiddenReady=7, HiddenWait=0, TicksSkipped=0
    MissCause: NotPresent=6, NotReadyStall=0
    PrefetchEff: Dropped=0, AlreadyCached=488, UsedBeforeEvict=7, EvictedBeforeUse=2
    Predictor TopK matches: 0=0 1=0 >=2=13
Layer 33 Cache Stats: Hits=629, Misses=3, HitRate=99.53%
    Predictor Routed-Expert HitRate=96.92% (63/65, routed_n=5, horizon=6)
    Predictor RoutedForcedN HitRate=96.92% (63/65)
    Predictor RoutedTopK HitRate=95.19% (99/104)
    Predicted RequestedByRouterForcedN Rate=13.46% (63/468)
    Predicted RequestedByRouterTopK Rate=21.15% (99/468)
    Predictor WindowRecall Rate=88.70% (212/239)
    Predictor WindowPrecision Rate=45.30% (212/468)
    Loads Per Step: 0Loads=76, 1Load=3, >1Load=0
    Bandwidth: StallLoads=3, PrefetchLoads=16, AvgLoadTime=6.47ms
    PrefetchOverlap: HiddenReady=9, HiddenWait=0, TicksSkipped=0
    MissCause: NotPresent=3, NotReadyStall=0
    PrefetchEff: Dropped=0, AlreadyCached=488, UsedBeforeEvict=9, EvictedBeforeUse=0
    Predictor TopK matches: 0=0 1=0 >=2=13
Layer 34 Cache Stats: Hits=619, Misses=13, HitRate=97.94%
    Predictor Routed-Expert HitRate=92.31% (60/65, routed_n=5, horizon=6)
    Predictor RoutedForcedN HitRate=92.31% (60/65)
    Predictor RoutedTopK HitRate=86.54% (90/104)
    Predicted RequestedByRouterForcedN Rate=12.82% (60/468)
    Predicted RequestedByRouterTopK Rate=19.23% (90/468)
    Predictor WindowRecall Rate=82.87% (237/286)
    Predictor WindowPrecision Rate=50.64% (237/468)
    Loads Per Step: 0Loads=66, 1Load=13, >1Load=0
    Bandwidth: StallLoads=13, PrefetchLoads=10, AvgLoadTime=6.06ms
    PrefetchOverlap: HiddenReady=8, HiddenWait=0, TicksSkipped=0
    MissCause: NotPresent=13, NotReadyStall=0
    PrefetchEff: Dropped=0, AlreadyCached=494, UsedBeforeEvict=8, EvictedBeforeUse=0
    Predictor TopK matches: 0=0 1=0 >=2=13
Layer 35 Cache Stats: Hits=613, Misses=19, HitRate=96.99%
    Predictor Routed-Expert HitRate=83.08% (54/65, routed_n=5, horizon=6)
    Predictor RoutedForcedN HitRate=83.08% (54/65)
    Predictor RoutedTopK HitRate=80.77% (84/104)
    Predicted RequestedByRouterForcedN Rate=11.54% (54/468)
    Predicted RequestedByRouterTopK Rate=17.95% (84/468)
    Predictor WindowRecall Rate=80.95% (255/315)
    Predictor WindowPrecision Rate=54.49% (255/468)
    Loads Per Step: 0Loads=64, 1Load=11, >1Load=4
    Bandwidth: StallLoads=19, PrefetchLoads=17, AvgLoadTime=4.83ms
    PrefetchOverlap: HiddenReady=14, HiddenWait=0, TicksSkipped=0
    MissCause: NotPresent=19, NotReadyStall=0
    PrefetchEff: Dropped=0, AlreadyCached=487, UsedBeforeEvict=14, EvictedBeforeUse=2
    Predictor TopK matches: 0=0 1=0 >=2=13
Layer 36 Cache Stats: Hits=622, Misses=10, HitRate=98.42%
    Predictor Routed-Expert HitRate=90.77% (59/65, routed_n=5, horizon=6)
    Predictor RoutedForcedN HitRate=90.77% (59/65)
    Predictor RoutedTopK HitRate=85.58% (89/104)
    Predicted RequestedByRouterForcedN Rate=12.61% (59/468)
    Predicted RequestedByRouterTopK Rate=19.02% (89/468)
    Predictor WindowRecall Rate=82.78% (250/302)
    Predictor WindowPrecision Rate=53.42% (250/468)
    Loads Per Step: 0Loads=70, 1Load=8, >1Load=1
    Bandwidth: StallLoads=10, PrefetchLoads=20, AvgLoadTime=5.56ms
    PrefetchOverlap: HiddenReady=13, HiddenWait=0, TicksSkipped=0
    MissCause: NotPresent=10, NotReadyStall=0
    PrefetchEff: Dropped=0, AlreadyCached=484, UsedBeforeEvict=13, EvictedBeforeUse=3
    Predictor TopK matches: 0=0 1=0 >=2=13
Layer 37 Cache Stats: Hits=626, Misses=6, HitRate=99.05%
    Predictor Routed-Expert HitRate=92.31% (60/65, routed_n=5, horizon=6)
    Predictor RoutedForcedN HitRate=92.31% (60/65)
    Predictor RoutedTopK HitRate=90.38% (94/104)
    Predicted RequestedByRouterForcedN Rate=12.82% (60/468)
    Predicted RequestedByRouterTopK Rate=20.09% (94/468)
    Predictor WindowRecall Rate=86.35% (291/337)
    Predictor WindowPrecision Rate=62.18% (291/468)
    Loads Per Step: 0Loads=73, 1Load=6, >1Load=0
    Bandwidth: StallLoads=6, PrefetchLoads=18, AvgLoadTime=5.67ms
    PrefetchOverlap: HiddenReady=17, HiddenWait=0, TicksSkipped=0
    MissCause: NotPresent=6, NotReadyStall=0
    PrefetchEff: Dropped=0, AlreadyCached=486, UsedBeforeEvict=17, EvictedBeforeUse=0
    Predictor TopK matches: 0=0 1=0 >=2=13
Layer 38 Cache Stats: Hits=629, Misses=3, HitRate=99.53%
    Predictor Routed-Expert HitRate=96.92% (63/65, routed_n=5, horizon=6)
    Predictor RoutedForcedN HitRate=96.92% (63/65)
    Predictor RoutedTopK HitRate=93.27% (97/104)
    Predicted RequestedByRouterForcedN Rate=13.46% (63/468)
    Predicted RequestedByRouterTopK Rate=20.73% (97/468)
    Predictor WindowRecall Rate=89.90% (258/287)
    Predictor WindowPrecision Rate=55.13% (258/468)
    Loads Per Step: 0Loads=76, 1Load=3, >1Load=0
    Bandwidth: StallLoads=3, PrefetchLoads=18, AvgLoadTime=5.43ms
    PrefetchOverlap: HiddenReady=12, HiddenWait=0, TicksSkipped=0
    MissCause: NotPresent=3, NotReadyStall=0
    PrefetchEff: Dropped=0, AlreadyCached=486, UsedBeforeEvict=12, EvictedBeforeUse=0
    Predictor TopK matches: 0=0 1=0 >=2=13
Layer 39 Cache Stats: Hits=630, Misses=2, HitRate=99.68%
    Predictor Routed-Expert HitRate=93.85% (61/65, routed_n=5, horizon=6)
    Predictor RoutedForcedN HitRate=93.85% (61/65)
    Predictor RoutedTopK HitRate=93.27% (97/104)
    Predicted RequestedByRouterForcedN Rate=13.03% (61/468)
    Predicted RequestedByRouterTopK Rate=20.73% (97/468)
    Predictor WindowRecall Rate=90.37% (244/270)
    Predictor WindowPrecision Rate=52.14% (244/468)
    Loads Per Step: 0Loads=77, 1Load=2, >1Load=0
    Bandwidth: StallLoads=2, PrefetchLoads=15, AvgLoadTime=6.99ms
    PrefetchOverlap: HiddenReady=12, HiddenWait=0, TicksSkipped=0
    MissCause: NotPresent=2, NotReadyStall=0
    PrefetchEff: Dropped=0, AlreadyCached=489, UsedBeforeEvict=12, EvictedBeforeUse=0
    Predictor TopK matches: 0=0 1=0 >=2=13
Layer 40 Cache Stats: Hits=630, Misses=2, HitRate=99.68%
    Predictor Routed-Expert HitRate=95.38% (62/65, routed_n=5, horizon=6)
    Predictor RoutedForcedN HitRate=95.38% (62/65)
    Predictor RoutedTopK HitRate=92.31% (96/104)
    Predicted RequestedByRouterForcedN Rate=13.25% (62/468)
    Predicted RequestedByRouterTopK Rate=20.51% (96/468)
    Predictor WindowRecall Rate=90.48% (266/294)
    Predictor WindowPrecision Rate=56.84% (266/468)
    Loads Per Step: 0Loads=78, 1Load=0, >1Load=1
    Bandwidth: StallLoads=2, PrefetchLoads=17, AvgLoadTime=7.33ms
    PrefetchOverlap: HiddenReady=14, HiddenWait=0, TicksSkipped=0
    MissCause: NotPresent=2, NotReadyStall=0
    PrefetchEff: Dropped=0, AlreadyCached=487, UsedBeforeEvict=14, EvictedBeforeUse=0
    Predictor TopK matches: 0=0 1=0 >=2=13
Layer 41 Cache Stats: Hits=627, Misses=5, HitRate=99.21%
    Predictor Routed-Expert HitRate=90.77% (59/65, routed_n=5, horizon=6)
    Predictor RoutedForcedN HitRate=90.77% (59/65)
    Predictor RoutedTopK HitRate=92.31% (96/104)
    Predicted RequestedByRouterForcedN Rate=12.61% (59/468)
    Predicted RequestedByRouterTopK Rate=20.51% (96/468)
    Predictor WindowRecall Rate=88.69% (290/327)
    Predictor WindowPrecision Rate=61.97% (290/468)
    Loads Per Step: 0Loads=74, 1Load=5, >1Load=0
    Bandwidth: StallLoads=5, PrefetchLoads=14, AvgLoadTime=6.58ms
    PrefetchOverlap: HiddenReady=10, HiddenWait=0, TicksSkipped=0
    MissCause: NotPresent=5, NotReadyStall=0
    PrefetchEff: Dropped=0, AlreadyCached=490, UsedBeforeEvict=10, EvictedBeforeUse=0
    Predictor TopK matches: 0=0 1=0 >=2=13
Layer 42 Cache Stats: Hits=629, Misses=3, HitRate=99.53%
    Predictor Routed-Expert HitRate=96.92% (63/65, routed_n=5, horizon=6)
    Predictor RoutedForcedN HitRate=96.92% (63/65)
    Predictor RoutedTopK HitRate=96.15% (100/104)
    Predicted RequestedByRouterForcedN Rate=13.46% (63/468)
    Predicted RequestedByRouterTopK Rate=21.37% (100/468)
    Predictor WindowRecall Rate=90.49% (295/326)
    Predictor WindowPrecision Rate=63.03% (295/468)
    Loads Per Step: 0Loads=76, 1Load=3, >1Load=0
    Bandwidth: StallLoads=3, PrefetchLoads=9, AvgLoadTime=13.08ms
    PrefetchOverlap: HiddenReady=4, HiddenWait=0, TicksSkipped=0
    MissCause: NotPresent=3, NotReadyStall=0
    PrefetchEff: Dropped=0, AlreadyCached=495, UsedBeforeEvict=4, EvictedBeforeUse=0
    Predictor TopK matches: 0=0 1=0 >=2=13
Layer 43 Cache Stats: Hits=631, Misses=1, HitRate=99.84%
    Predictor Routed-Expert HitRate=98.46% (64/65, routed_n=5, horizon=6)
    Predictor RoutedForcedN HitRate=98.46% (64/65)
    Predictor RoutedTopK HitRate=97.12% (101/104)
    Predicted RequestedByRouterForcedN Rate=13.68% (64/468)
    Predicted RequestedByRouterTopK Rate=21.58% (101/468)
    Predictor WindowRecall Rate=96.23% (281/292)
    Predictor WindowPrecision Rate=60.04% (281/468)
    Loads Per Step: 0Loads=78, 1Load=1, >1Load=0
    Bandwidth: StallLoads=1, PrefetchLoads=5, AvgLoadTime=13.68ms
    PrefetchOverlap: HiddenReady=4, HiddenWait=0, TicksSkipped=0
    MissCause: NotPresent=1, NotReadyStall=0
    PrefetchEff: Dropped=0, AlreadyCached=499, UsedBeforeEvict=4, EvictedBeforeUse=0
    Predictor TopK matches: 0=0 1=0 >=2=13
Layer 44 Cache Stats: Hits=629, Misses=3, HitRate=99.53%
    Predictor Routed-Expert HitRate=96.92% (63/65, routed_n=5, horizon=6)
    Predictor RoutedForcedN HitRate=96.92% (63/65)
    Predictor RoutedTopK HitRate=95.19% (99/104)
    Predicted RequestedByRouterForcedN Rate=13.46% (63/468)
    Predicted RequestedByRouterTopK Rate=21.15% (99/468)
    Predictor WindowRecall Rate=90.73% (274/302)
    Predictor WindowPrecision Rate=58.55% (274/468)
    Loads Per Step: 0Loads=76, 1Load=3, >1Load=0
    Bandwidth: StallLoads=3, PrefetchLoads=7, AvgLoadTime=11.20ms
    PrefetchOverlap: HiddenReady=4, HiddenWait=0, TicksSkipped=0
    MissCause: NotPresent=3, NotReadyStall=0
    PrefetchEff: Dropped=0, AlreadyCached=497, UsedBeforeEvict=4, EvictedBeforeUse=0
    Predictor TopK matches: 0=0 1=0 >=2=13
Layer 45 Cache Stats: Hits=632, Misses=0, HitRate=100.00%
    Predictor Routed-Expert HitRate=100.00% (65/65, routed_n=5, horizon=6)
    Predictor RoutedForcedN HitRate=100.00% (65/65)
    Predictor RoutedTopK HitRate=99.04% (103/104)
    Predicted RequestedByRouterForcedN Rate=13.89% (65/468)
    Predicted RequestedByRouterTopK Rate=22.01% (103/468)
    Predictor WindowRecall Rate=97.75% (261/267)
    Predictor WindowPrecision Rate=55.77% (261/468)
    Loads Per Step: 0Loads=79, 1Load=0, >1Load=0
    Bandwidth: StallLoads=0, PrefetchLoads=6, AvgLoadTime=11.87ms
    PrefetchOverlap: HiddenReady=4, HiddenWait=0, TicksSkipped=0
    PrefetchEff: Dropped=0, AlreadyCached=498, UsedBeforeEvict=4, EvictedBeforeUse=0
    Predictor TopK matches: 0=0 1=0 >=2=13
Layer 46 Cache Stats: Hits=632, Misses=0, HitRate=100.00%
    Predictor Routed-Expert HitRate=100.00% (65/65, routed_n=5, horizon=6)
    Predictor RoutedForcedN HitRate=100.00% (65/65)
    Predictor RoutedTopK HitRate=95.19% (99/104)
    Predicted RequestedByRouterForcedN Rate=13.89% (65/468)
    Predicted RequestedByRouterTopK Rate=21.15% (99/468)
    Predictor WindowRecall Rate=94.39% (269/285)
    Predictor WindowPrecision Rate=57.48% (269/468)
    Loads Per Step: 0Loads=79, 1Load=0, >1Load=0
    Bandwidth: StallLoads=0, PrefetchLoads=8, AvgLoadTime=9.39ms
    PrefetchOverlap: HiddenReady=7, HiddenWait=0, TicksSkipped=0
    PrefetchEff: Dropped=0, AlreadyCached=496, UsedBeforeEvict=7, EvictedBeforeUse=0
    Predictor TopK matches: 0=0 1=0 >=2=13
Layer 47 Cache Stats: Hits=627, Misses=5, HitRate=99.21%
    Predictor Routed-Expert HitRate=93.85% (61/65, routed_n=5, horizon=6)
    Predictor RoutedForcedN HitRate=93.85% (61/65)
    Predictor RoutedTopK HitRate=91.35% (95/104)
    Predicted RequestedByRouterForcedN Rate=13.03% (61/468)
    Predicted RequestedByRouterTopK Rate=20.30% (95/468)
    Predictor WindowRecall Rate=90.14% (311/345)
    Predictor WindowPrecision Rate=66.45% (311/468)
    Loads Per Step: 0Loads=75, 1Load=3, >1Load=1
    Bandwidth: StallLoads=5, PrefetchLoads=12, AvgLoadTime=5.82ms
    PrefetchOverlap: HiddenReady=12, HiddenWait=0, TicksSkipped=0
    MissCause: NotPresent=5, NotReadyStall=0
    PrefetchEff: Dropped=0, AlreadyCached=456, UsedBeforeEvict=12, EvictedBeforeUse=0
    Predictor TopK matches: 0=0 1=0 >=2=13
============================================================
[TorchScriptPredictor Layer 0] Shutdown complete
[TorchScriptPredictor Layer 1] Shutdown complete
[TorchScriptPredictor Layer 2] Shutdown complete
[TorchScriptPredictor Layer 3] Shutdown complete
[TorchScriptPredictor Layer 4] Shutdown complete
[TorchScriptPredictor Layer 5] Shutdown complete
[TorchScriptPredictor Layer 6] Shutdown complete
[TorchScriptPredictor Layer 7] Shutdown complete
[TorchScriptPredictor Layer 8] Shutdown complete
[TorchScriptPredictor Layer 9] Shutdown complete
[TorchScriptPredictor Layer 10] Shutdown complete
[TorchScriptPredictor Layer 11] Shutdown complete
[TorchScriptPredictor Layer 12] Shutdown complete
[TorchScriptPredictor Layer 13] Shutdown complete
[TorchScriptPredictor Layer 14] Shutdown complete
[TorchScriptPredictor Layer 15] Shutdown complete
[TorchScriptPredictor Layer 16] Shutdown complete
[TorchScriptPredictor Layer 17] Shutdown complete
[TorchScriptPredictor Layer 18] Shutdown complete
[TorchScriptPredictor Layer 19] Shutdown complete
[TorchScriptPredictor Layer 20] Shutdown complete
[TorchScriptPredictor Layer 21] Shutdown complete
[TorchScriptPredictor Layer 22] Shutdown complete
[TorchScriptPredictor Layer 23] Shutdown complete
[TorchScriptPredictor Layer 24] Shutdown complete
[TorchScriptPredictor Layer 25] Shutdown complete
[TorchScriptPredictor Layer 26] Shutdown complete
[TorchScriptPredictor Layer 27] Shutdown complete
[TorchScriptPredictor Layer 28] Shutdown complete
[TorchScriptPredictor Layer 29] Shutdown complete
[TorchScriptPredictor Layer 30] Shutdown complete
[TorchScriptPredictor Layer 31] Shutdown complete
[TorchScriptPredictor Layer 32] Shutdown complete
[TorchScriptPredictor Layer 33] Shutdown complete
[TorchScriptPredictor Layer 34] Shutdown complete
[TorchScriptPredictor Layer 35] Shutdown complete
[TorchScriptPredictor Layer 36] Shutdown complete
[TorchScriptPredictor Layer 37] Shutdown complete
[TorchScriptPredictor Layer 38] Shutdown complete
[TorchScriptPredictor Layer 39] Shutdown complete
[TorchScriptPredictor Layer 40] Shutdown complete
[TorchScriptPredictor Layer 41] Shutdown complete
[TorchScriptPredictor Layer 42] Shutdown complete
[TorchScriptPredictor Layer 43] Shutdown complete
[TorchScriptPredictor Layer 44] Shutdown complete
[TorchScriptPredictor Layer 45] Shutdown complete
[TorchScriptPredictor Layer 46] Shutdown complete
[TorchScriptPredictor Layer 47] Shutdown complete
============================================================
Initializing Qwen3 30B-A3B AWQ w4a16 quantized model...
============================================================
Loading quantized weights from QuixiAI/Qwen3-30B-A3B-AWQ...
Using saved safetensors: /home/michael/heteroPredict/py/unified_llm_w4a16/model_weights/Qwen3-30B-A3B-AWQ.safetensors
Expert weights dir: /home/michael/heteroPredict/py/unified_llm_w4a16/model_weights/Qwen3-30B-A3B-AWQ_packed  (format: packed)
Using existing attention weights in /home/michael/heteroPredict/py/unified_llm_w4a16/model_weights/Qwen3-30B-A3B-AWQ_unpacked
Weights loaded (expert dir override) in 0.32 seconds
Pre-warming expert cache with 64 experts...
Model initialized successfully!
Setting lambda to 1.0
Forced top-5 experts into cache mask.
Set expert cache policy to LFRU.

Running sweep using prompts from JSON: /tmp/tmp7fnvnyor.json
Loaded 1 prompts for sweeping.

Processing Prompt 1/1...

============================================================
Generated text only:
============================================================
iamo 's review of the song in the magazine , " The Guardian " , described the song as a " power pop " track with " a catchy hook " and " a strong chorus " . The review also noted that the song 's " na na na " breakdown is " a bit of a mess " , but that the song is " a fun , upbeat track " . The review also noted
============================================================

============================================================
Sweep Complete.
Average Time per Token: 0.276749
End-to-End TPS: 3.6134
Cache Stats: Hits=29929, Misses=407, HitRate=98.66%
Predictor Stats: Hits=2823, Total=3120, HitRate=90.48%
