Initializing UnifiedLLMW4A16Impl_base
Using NPU config struct.
Configuring NPU (Base):
  Heterogeneity: gpu
  GPU Count: 1
  Debug Verbosity: 1
  Dummy Weights: false
  Warmup: false
  Preload MoE: true
  Minimal PDI: true
[GPU SELECT] Free VRAM ranking: gpu0=28.00/28.00 GiB
[GPU SELECT] Selected GPUs for gpu-count=1: [0]
[GPU MAP] Single-GPU placement on gpu0
[Predictor] Layer 0 model path resolved to: /home/michael/heteroPredict/trainingData/qwen3_30b/transformer_final_pfill_markov_emb/transformer_eh4_h64_f2/layer_0/best_jit.pt
[Predictor] Running on device: CPU (NPU path) (heterogeneity="gpu", predictor_device="cpu")
[ThreadedTorchScriptPredictor Layer 0] Detected history_length=4 from /home/michael/heteroPredict/trainingData/qwen3_30b/transformer_final_pfill_markov_emb/transformer_eh4_h64_f2/layer_0/best.json
[TorchScriptPredictor Layer 0] Loading model on CPU
[TorchScriptPredictor Layer 0] Assuming prefill_dist, prev_expert_onehot, and prev_layers_feat support (v3 API).
[TorchScriptPredictor Layer 0] prefill_dist support: yes, prev_expert_onehot support: yes, prev_layers_feat support: yes
[TorchScriptPredictor Layer 0] Loaded model: /home/michael/heteroPredict/trainingData/qwen3_30b/transformer_final_pfill_markov_emb/transformer_eh4_h64_f2/layer_0/best_jit.pt
[ThreadedTorchScriptPredictor Layer 1] Detected history_length=4 from /home/michael/heteroPredict/trainingData/qwen3_30b/transformer_final_pfill_markov_emb/transformer_eh4_h64_f2/layer_1/best.json
[TorchScriptPredictor Layer 1] Loading model on CPU
[TorchScriptPredictor Layer 1] Assuming prefill_dist, prev_expert_onehot, and prev_layers_feat support (v3 API).
[TorchScriptPredictor Layer 1] prefill_dist support: yes, prev_expert_onehot support: yes, prev_layers_feat support: yes
[TorchScriptPredictor Layer 1] Loaded model: /home/michael/heteroPredict/trainingData/qwen3_30b/transformer_final_pfill_markov_emb/transformer_eh4_h64_f2/layer_1/best_jit.pt
[ThreadedTorchScriptPredictor Layer 2] Detected history_length=4 from /home/michael/heteroPredict/trainingData/qwen3_30b/transformer_final_pfill_markov_emb/transformer_eh4_h64_f2/layer_2/best.json
[TorchScriptPredictor Layer 2] Loading model on CPU
[TorchScriptPredictor Layer 2] Assuming prefill_dist, prev_expert_onehot, and prev_layers_feat support (v3 API).
[TorchScriptPredictor Layer 2] prefill_dist support: yes, prev_expert_onehot support: yes, prev_layers_feat support: yes
[TorchScriptPredictor Layer 2] Loaded model: /home/michael/heteroPredict/trainingData/qwen3_30b/transformer_final_pfill_markov_emb/transformer_eh4_h64_f2/layer_2/best_jit.pt
[ThreadedTorchScriptPredictor Layer 3] Detected history_length=4 from /home/michael/heteroPredict/trainingData/qwen3_30b/transformer_final_pfill_markov_emb/transformer_eh4_h64_f2/layer_3/best.json
[TorchScriptPredictor Layer 3] Loading model on CPU
[TorchScriptPredictor Layer 3] Assuming prefill_dist, prev_expert_onehot, and prev_layers_feat support (v3 API).
[TorchScriptPredictor Layer 3] prefill_dist support: yes, prev_expert_onehot support: yes, prev_layers_feat support: yes
[TorchScriptPredictor Layer 3] Loaded model: /home/michael/heteroPredict/trainingData/qwen3_30b/transformer_final_pfill_markov_emb/transformer_eh4_h64_f2/layer_3/best_jit.pt
[ThreadedTorchScriptPredictor Layer 4] Detected history_length=4 from /home/michael/heteroPredict/trainingData/qwen3_30b/transformer_final_pfill_markov_emb/transformer_eh4_h64_f2/layer_4/best.json
[TorchScriptPredictor Layer 4] Loading model on CPU
[TorchScriptPredictor Layer 4] Assuming prefill_dist, prev_expert_onehot, and prev_layers_feat support (v3 API).
[TorchScriptPredictor Layer 4] prefill_dist support: yes, prev_expert_onehot support: yes, prev_layers_feat support: yes
[TorchScriptPredictor Layer 4] Loaded model: /home/michael/heteroPredict/trainingData/qwen3_30b/transformer_final_pfill_markov_emb/transformer_eh4_h64_f2/layer_4/best_jit.pt
[ThreadedTorchScriptPredictor Layer 5] Detected history_length=4 from /home/michael/heteroPredict/trainingData/qwen3_30b/transformer_final_pfill_markov_emb/transformer_eh4_h64_f2/layer_5/best.json
[TorchScriptPredictor Layer 5] Loading model on CPU
[TorchScriptPredictor Layer 5] Assuming prefill_dist, prev_expert_onehot, and prev_layers_feat support (v3 API).
[TorchScriptPredictor Layer 5] prefill_dist support: yes, prev_expert_onehot support: yes, prev_layers_feat support: yes
[TorchScriptPredictor Layer 5] Loaded model: /home/michael/heteroPredict/trainingData/qwen3_30b/transformer_final_pfill_markov_emb/transformer_eh4_h64_f2/layer_5/best_jit.pt
[ThreadedTorchScriptPredictor Layer 6] Detected history_length=4 from /home/michael/heteroPredict/trainingData/qwen3_30b/transformer_final_pfill_markov_emb/transformer_eh4_h64_f2/layer_6/best.json
[TorchScriptPredictor Layer 6] Loading model on CPU
[TorchScriptPredictor Layer 6] Assuming prefill_dist, prev_expert_onehot, and prev_layers_feat support (v3 API).
[TorchScriptPredictor Layer 6] prefill_dist support: yes, prev_expert_onehot support: yes, prev_layers_feat support: yes
[TorchScriptPredictor Layer 6] Loaded model: /home/michael/heteroPredict/trainingData/qwen3_30b/transformer_final_pfill_markov_emb/transformer_eh4_h64_f2/layer_6/best_jit.pt
[ThreadedTorchScriptPredictor Layer 7] Detected history_length=4 from /home/michael/heteroPredict/trainingData/qwen3_30b/transformer_final_pfill_markov_emb/transformer_eh4_h64_f2/layer_7/best.json
[TorchScriptPredictor Layer 7] Loading model on CPU
[TorchScriptPredictor Layer 7] Assuming prefill_dist, prev_expert_onehot, and prev_layers_feat support (v3 API).
[TorchScriptPredictor Layer 7] prefill_dist support: yes, prev_expert_onehot support: yes, prev_layers_feat support: yes
[TorchScriptPredictor Layer 7] Loaded model: /home/michael/heteroPredict/trainingData/qwen3_30b/transformer_final_pfill_markov_emb/transformer_eh4_h64_f2/layer_7/best_jit.pt
[ThreadedTorchScriptPredictor Layer 8] Detected history_length=4 from /home/michael/heteroPredict/trainingData/qwen3_30b/transformer_final_pfill_markov_emb/transformer_eh4_h64_f2/layer_8/best.json
[TorchScriptPredictor Layer 8] Loading model on CPU
[TorchScriptPredictor Layer 8] Assuming prefill_dist, prev_expert_onehot, and prev_layers_feat support (v3 API).
[TorchScriptPredictor Layer 8] prefill_dist support: yes, prev_expert_onehot support: yes, prev_layers_feat support: yes
[TorchScriptPredictor Layer 8] Loaded model: /home/michael/heteroPredict/trainingData/qwen3_30b/transformer_final_pfill_markov_emb/transformer_eh4_h64_f2/layer_8/best_jit.pt
[ThreadedTorchScriptPredictor Layer 9] Detected history_length=4 from /home/michael/heteroPredict/trainingData/qwen3_30b/transformer_final_pfill_markov_emb/transformer_eh4_h64_f2/layer_9/best.json
[TorchScriptPredictor Layer 9] Loading model on CPU
[TorchScriptPredictor Layer 9] Assuming prefill_dist, prev_expert_onehot, and prev_layers_feat support (v3 API).
[TorchScriptPredictor Layer 9] prefill_dist support: yes, prev_expert_onehot support: yes, prev_layers_feat support: yes
[TorchScriptPredictor Layer 9] Loaded model: /home/michael/heteroPredict/trainingData/qwen3_30b/transformer_final_pfill_markov_emb/transformer_eh4_h64_f2/layer_9/best_jit.pt
[ThreadedTorchScriptPredictor Layer 10] Detected history_length=4 from /home/michael/heteroPredict/trainingData/qwen3_30b/transformer_final_pfill_markov_emb/transformer_eh4_h64_f2/layer_10/best.json
[TorchScriptPredictor Layer 10] Loading model on CPU
[TorchScriptPredictor Layer 10] Assuming prefill_dist, prev_expert_onehot, and prev_layers_feat support (v3 API).
[TorchScriptPredictor Layer 10] prefill_dist support: yes, prev_expert_onehot support: yes, prev_layers_feat support: yes
[TorchScriptPredictor Layer 10] Loaded model: /home/michael/heteroPredict/trainingData/qwen3_30b/transformer_final_pfill_markov_emb/transformer_eh4_h64_f2/layer_10/best_jit.pt
[ThreadedTorchScriptPredictor Layer 11] Detected history_length=4 from /home/michael/heteroPredict/trainingData/qwen3_30b/transformer_final_pfill_markov_emb/transformer_eh4_h64_f2/layer_11/best.json
[TorchScriptPredictor Layer 11] Loading model on CPU
[TorchScriptPredictor Layer 11] Assuming prefill_dist, prev_expert_onehot, and prev_layers_feat support (v3 API).
[TorchScriptPredictor Layer 11] prefill_dist support: yes, prev_expert_onehot support: yes, prev_layers_feat support: yes
[TorchScriptPredictor Layer 11] Loaded model: /home/michael/heteroPredict/trainingData/qwen3_30b/transformer_final_pfill_markov_emb/transformer_eh4_h64_f2/layer_11/best_jit.pt
[ThreadedTorchScriptPredictor Layer 12] Detected history_length=4 from /home/michael/heteroPredict/trainingData/qwen3_30b/transformer_final_pfill_markov_emb/transformer_eh4_h64_f2/layer_12/best.json
[TorchScriptPredictor Layer 12] Loading model on CPU
[TorchScriptPredictor Layer 12] Assuming prefill_dist, prev_expert_onehot, and prev_layers_feat support (v3 API).
[TorchScriptPredictor Layer 12] prefill_dist support: yes, prev_expert_onehot support: yes, prev_layers_feat support: yes
[TorchScriptPredictor Layer 12] Loaded model: /home/michael/heteroPredict/trainingData/qwen3_30b/transformer_final_pfill_markov_emb/transformer_eh4_h64_f2/layer_12/best_jit.pt
[ThreadedTorchScriptPredictor Layer 13] Detected history_length=4 from /home/michael/heteroPredict/trainingData/qwen3_30b/transformer_final_pfill_markov_emb/transformer_eh4_h64_f2/layer_13/best.json
[TorchScriptPredictor Layer 13] Loading model on CPU
[TorchScriptPredictor Layer 13] Assuming prefill_dist, prev_expert_onehot, and prev_layers_feat support (v3 API).
[TorchScriptPredictor Layer 13] prefill_dist support: yes, prev_expert_onehot support: yes, prev_layers_feat support: yes
[TorchScriptPredictor Layer 13] Loaded model: /home/michael/heteroPredict/trainingData/qwen3_30b/transformer_final_pfill_markov_emb/transformer_eh4_h64_f2/layer_13/best_jit.pt
[ThreadedTorchScriptPredictor Layer 14] Detected history_length=4 from /home/michael/heteroPredict/trainingData/qwen3_30b/transformer_final_pfill_markov_emb/transformer_eh4_h64_f2/layer_14/best.json
[TorchScriptPredictor Layer 14] Loading model on CPU
[TorchScriptPredictor Layer 14] Assuming prefill_dist, prev_expert_onehot, and prev_layers_feat support (v3 API).
[TorchScriptPredictor Layer 14] prefill_dist support: yes, prev_expert_onehot support: yes, prev_layers_feat support: yes
[TorchScriptPredictor Layer 14] Loaded model: /home/michael/heteroPredict/trainingData/qwen3_30b/transformer_final_pfill_markov_emb/transformer_eh4_h64_f2/layer_14/best_jit.pt
[ThreadedTorchScriptPredictor Layer 15] Detected history_length=4 from /home/michael/heteroPredict/trainingData/qwen3_30b/transformer_final_pfill_markov_emb/transformer_eh4_h64_f2/layer_15/best.json
[TorchScriptPredictor Layer 15] Loading model on CPU
[TorchScriptPredictor Layer 15] Assuming prefill_dist, prev_expert_onehot, and prev_layers_feat support (v3 API).
[TorchScriptPredictor Layer 15] prefill_dist support: yes, prev_expert_onehot support: yes, prev_layers_feat support: yes
[TorchScriptPredictor Layer 15] Loaded model: /home/michael/heteroPredict/trainingData/qwen3_30b/transformer_final_pfill_markov_emb/transformer_eh4_h64_f2/layer_15/best_jit.pt
[ThreadedTorchScriptPredictor Layer 16] Detected history_length=4 from /home/michael/heteroPredict/trainingData/qwen3_30b/transformer_final_pfill_markov_emb/transformer_eh4_h64_f2/layer_16/best.json
[TorchScriptPredictor Layer 16] Loading model on CPU
[TorchScriptPredictor Layer 16] Assuming prefill_dist, prev_expert_onehot, and prev_layers_feat support (v3 API).
[TorchScriptPredictor Layer 16] prefill_dist support: yes, prev_expert_onehot support: yes, prev_layers_feat support: yes
[TorchScriptPredictor Layer 16] Loaded model: /home/michael/heteroPredict/trainingData/qwen3_30b/transformer_final_pfill_markov_emb/transformer_eh4_h64_f2/layer_16/best_jit.pt
[ThreadedTorchScriptPredictor Layer 17] Detected history_length=4 from /home/michael/heteroPredict/trainingData/qwen3_30b/transformer_final_pfill_markov_emb/transformer_eh4_h64_f2/layer_17/best.json
[TorchScriptPredictor Layer 17] Loading model on CPU
[TorchScriptPredictor Layer 17] Assuming prefill_dist, prev_expert_onehot, and prev_layers_feat support (v3 API).
[TorchScriptPredictor Layer 17] prefill_dist support: yes, prev_expert_onehot support: yes, prev_layers_feat support: yes
[TorchScriptPredictor Layer 17] Loaded model: /home/michael/heteroPredict/trainingData/qwen3_30b/transformer_final_pfill_markov_emb/transformer_eh4_h64_f2/layer_17/best_jit.pt
[ThreadedTorchScriptPredictor Layer 18] Detected history_length=4 from /home/michael/heteroPredict/trainingData/qwen3_30b/transformer_final_pfill_markov_emb/transformer_eh4_h64_f2/layer_18/best.json
[TorchScriptPredictor Layer 18] Loading model on CPU
[TorchScriptPredictor Layer 18] Assuming prefill_dist, prev_expert_onehot, and prev_layers_feat support (v3 API).
[TorchScriptPredictor Layer 18] prefill_dist support: yes, prev_expert_onehot support: yes, prev_layers_feat support: yes
[TorchScriptPredictor Layer 18] Loaded model: /home/michael/heteroPredict/trainingData/qwen3_30b/transformer_final_pfill_markov_emb/transformer_eh4_h64_f2/layer_18/best_jit.pt
[ThreadedTorchScriptPredictor Layer 19] Detected history_length=4 from /home/michael/heteroPredict/trainingData/qwen3_30b/transformer_final_pfill_markov_emb/transformer_eh4_h64_f2/layer_19/best.json
[TorchScriptPredictor Layer 19] Loading model on CPU
[TorchScriptPredictor Layer 19] Assuming prefill_dist, prev_expert_onehot, and prev_layers_feat support (v3 API).
[TorchScriptPredictor Layer 19] prefill_dist support: yes, prev_expert_onehot support: yes, prev_layers_feat support: yes
[TorchScriptPredictor Layer 19] Loaded model: /home/michael/heteroPredict/trainingData/qwen3_30b/transformer_final_pfill_markov_emb/transformer_eh4_h64_f2/layer_19/best_jit.pt
[ThreadedTorchScriptPredictor Layer 20] Detected history_length=4 from /home/michael/heteroPredict/trainingData/qwen3_30b/transformer_final_pfill_markov_emb/transformer_eh4_h64_f2/layer_20/best.json
[TorchScriptPredictor Layer 20] Loading model on CPU
[TorchScriptPredictor Layer 20] Assuming prefill_dist, prev_expert_onehot, and prev_layers_feat support (v3 API).
[TorchScriptPredictor Layer 20] prefill_dist support: yes, prev_expert_onehot support: yes, prev_layers_feat support: yes
[TorchScriptPredictor Layer 20] Loaded model: /home/michael/heteroPredict/trainingData/qwen3_30b/transformer_final_pfill_markov_emb/transformer_eh4_h64_f2/layer_20/best_jit.pt
[ThreadedTorchScriptPredictor Layer 21] Detected history_length=4 from /home/michael/heteroPredict/trainingData/qwen3_30b/transformer_final_pfill_markov_emb/transformer_eh4_h64_f2/layer_21/best.json
[TorchScriptPredictor Layer 21] Loading model on CPU
[TorchScriptPredictor Layer 21] Assuming prefill_dist, prev_expert_onehot, and prev_layers_feat support (v3 API).
[TorchScriptPredictor Layer 21] prefill_dist support: yes, prev_expert_onehot support: yes, prev_layers_feat support: yes
[TorchScriptPredictor Layer 21] Loaded model: /home/michael/heteroPredict/trainingData/qwen3_30b/transformer_final_pfill_markov_emb/transformer_eh4_h64_f2/layer_21/best_jit.pt
[ThreadedTorchScriptPredictor Layer 22] Detected history_length=4 from /home/michael/heteroPredict/trainingData/qwen3_30b/transformer_final_pfill_markov_emb/transformer_eh4_h64_f2/layer_22/best.json
[TorchScriptPredictor Layer 22] Loading model on CPU
[TorchScriptPredictor Layer 22] Assuming prefill_dist, prev_expert_onehot, and prev_layers_feat support (v3 API).
[TorchScriptPredictor Layer 22] prefill_dist support: yes, prev_expert_onehot support: yes, prev_layers_feat support: yes
[TorchScriptPredictor Layer 22] Loaded model: /home/michael/heteroPredict/trainingData/qwen3_30b/transformer_final_pfill_markov_emb/transformer_eh4_h64_f2/layer_22/best_jit.pt
[ThreadedTorchScriptPredictor Layer 23] Detected history_length=4 from /home/michael/heteroPredict/trainingData/qwen3_30b/transformer_final_pfill_markov_emb/transformer_eh4_h64_f2/layer_23/best.json
[TorchScriptPredictor Layer 23] Loading model on CPU
[TorchScriptPredictor Layer 23] Assuming prefill_dist, prev_expert_onehot, and prev_layers_feat support (v3 API).
[TorchScriptPredictor Layer 23] prefill_dist support: yes, prev_expert_onehot support: yes, prev_layers_feat support: yes
[TorchScriptPredictor Layer 23] Loaded model: /home/michael/heteroPredict/trainingData/qwen3_30b/transformer_final_pfill_markov_emb/transformer_eh4_h64_f2/layer_23/best_jit.pt
[ThreadedTorchScriptPredictor Layer 24] Detected history_length=4 from /home/michael/heteroPredict/trainingData/qwen3_30b/transformer_final_pfill_markov_emb/transformer_eh4_h64_f2/layer_24/best.json
[TorchScriptPredictor Layer 24] Loading model on CPU
[TorchScriptPredictor Layer 24] Assuming prefill_dist, prev_expert_onehot, and prev_layers_feat support (v3 API).
[TorchScriptPredictor Layer 24] prefill_dist support: yes, prev_expert_onehot support: yes, prev_layers_feat support: yes
[TorchScriptPredictor Layer 24] Loaded model: /home/michael/heteroPredict/trainingData/qwen3_30b/transformer_final_pfill_markov_emb/transformer_eh4_h64_f2/layer_24/best_jit.pt
[ThreadedTorchScriptPredictor Layer 25] Detected history_length=4 from /home/michael/heteroPredict/trainingData/qwen3_30b/transformer_final_pfill_markov_emb/transformer_eh4_h64_f2/layer_25/best.json
[TorchScriptPredictor Layer 25] Loading model on CPU
[TorchScriptPredictor Layer 25] Assuming prefill_dist, prev_expert_onehot, and prev_layers_feat support (v3 API).
[TorchScriptPredictor Layer 25] prefill_dist support: yes, prev_expert_onehot support: yes, prev_layers_feat support: yes
[TorchScriptPredictor Layer 25] Loaded model: /home/michael/heteroPredict/trainingData/qwen3_30b/transformer_final_pfill_markov_emb/transformer_eh4_h64_f2/layer_25/best_jit.pt
[ThreadedTorchScriptPredictor Layer 26] Detected history_length=4 from /home/michael/heteroPredict/trainingData/qwen3_30b/transformer_final_pfill_markov_emb/transformer_eh4_h64_f2/layer_26/best.json
[TorchScriptPredictor Layer 26] Loading model on CPU
[TorchScriptPredictor Layer 26] Assuming prefill_dist, prev_expert_onehot, and prev_layers_feat support (v3 API).
[TorchScriptPredictor Layer 26] prefill_dist support: yes, prev_expert_onehot support: yes, prev_layers_feat support: yes
[TorchScriptPredictor Layer 26] Loaded model: /home/michael/heteroPredict/trainingData/qwen3_30b/transformer_final_pfill_markov_emb/transformer_eh4_h64_f2/layer_26/best_jit.pt
[ThreadedTorchScriptPredictor Layer 27] Detected history_length=4 from /home/michael/heteroPredict/trainingData/qwen3_30b/transformer_final_pfill_markov_emb/transformer_eh4_h64_f2/layer_27/best.json
[TorchScriptPredictor Layer 27] Loading model on CPU
[TorchScriptPredictor Layer 27] Assuming prefill_dist, prev_expert_onehot, and prev_layers_feat support (v3 API).
[TorchScriptPredictor Layer 27] prefill_dist support: yes, prev_expert_onehot support: yes, prev_layers_feat support: yes
[TorchScriptPredictor Layer 27] Loaded model: /home/michael/heteroPredict/trainingData/qwen3_30b/transformer_final_pfill_markov_emb/transformer_eh4_h64_f2/layer_27/best_jit.pt
[ThreadedTorchScriptPredictor Layer 28] Detected history_length=4 from /home/michael/heteroPredict/trainingData/qwen3_30b/transformer_final_pfill_markov_emb/transformer_eh4_h64_f2/layer_28/best.json
[TorchScriptPredictor Layer 28] Loading model on CPU
[TorchScriptPredictor Layer 28] Assuming prefill_dist, prev_expert_onehot, and prev_layers_feat support (v3 API).
[TorchScriptPredictor Layer 28] prefill_dist support: yes, prev_expert_onehot support: yes, prev_layers_feat support: yes
[TorchScriptPredictor Layer 28] Loaded model: /home/michael/heteroPredict/trainingData/qwen3_30b/transformer_final_pfill_markov_emb/transformer_eh4_h64_f2/layer_28/best_jit.pt
[ThreadedTorchScriptPredictor Layer 29] Detected history_length=4 from /home/michael/heteroPredict/trainingData/qwen3_30b/transformer_final_pfill_markov_emb/transformer_eh4_h64_f2/layer_29/best.json
[TorchScriptPredictor Layer 29] Loading model on CPU
[TorchScriptPredictor Layer 29] Assuming prefill_dist, prev_expert_onehot, and prev_layers_feat support (v3 API).
[TorchScriptPredictor Layer 29] prefill_dist support: yes, prev_expert_onehot support: yes, prev_layers_feat support: yes
[TorchScriptPredictor Layer 29] Loaded model: /home/michael/heteroPredict/trainingData/qwen3_30b/transformer_final_pfill_markov_emb/transformer_eh4_h64_f2/layer_29/best_jit.pt
[ThreadedTorchScriptPredictor Layer 30] Detected history_length=4 from /home/michael/heteroPredict/trainingData/qwen3_30b/transformer_final_pfill_markov_emb/transformer_eh4_h64_f2/layer_30/best.json
[TorchScriptPredictor Layer 30] Loading model on CPU
[TorchScriptPredictor Layer 30] Assuming prefill_dist, prev_expert_onehot, and prev_layers_feat support (v3 API).
[TorchScriptPredictor Layer 30] prefill_dist support: yes, prev_expert_onehot support: yes, prev_layers_feat support: yes
[TorchScriptPredictor Layer 30] Loaded model: /home/michael/heteroPredict/trainingData/qwen3_30b/transformer_final_pfill_markov_emb/transformer_eh4_h64_f2/layer_30/best_jit.pt
[ThreadedTorchScriptPredictor Layer 31] Detected history_length=4 from /home/michael/heteroPredict/trainingData/qwen3_30b/transformer_final_pfill_markov_emb/transformer_eh4_h64_f2/layer_31/best.json
[TorchScriptPredictor Layer 31] Loading model on CPU
[TorchScriptPredictor Layer 31] Assuming prefill_dist, prev_expert_onehot, and prev_layers_feat support (v3 API).
[TorchScriptPredictor Layer 31] prefill_dist support: yes, prev_expert_onehot support: yes, prev_layers_feat support: yes
[TorchScriptPredictor Layer 31] Loaded model: /home/michael/heteroPredict/trainingData/qwen3_30b/transformer_final_pfill_markov_emb/transformer_eh4_h64_f2/layer_31/best_jit.pt
[ThreadedTorchScriptPredictor Layer 32] Detected history_length=4 from /home/michael/heteroPredict/trainingData/qwen3_30b/transformer_final_pfill_markov_emb/transformer_eh4_h64_f2/layer_32/best.json
[TorchScriptPredictor Layer 32] Loading model on CPU
[TorchScriptPredictor Layer 32] Assuming prefill_dist, prev_expert_onehot, and prev_layers_feat support (v3 API).
[TorchScriptPredictor Layer 32] prefill_dist support: yes, prev_expert_onehot support: yes, prev_layers_feat support: yes
[TorchScriptPredictor Layer 32] Loaded model: /home/michael/heteroPredict/trainingData/qwen3_30b/transformer_final_pfill_markov_emb/transformer_eh4_h64_f2/layer_32/best_jit.pt
[ThreadedTorchScriptPredictor Layer 33] Detected history_length=4 from /home/michael/heteroPredict/trainingData/qwen3_30b/transformer_final_pfill_markov_emb/transformer_eh4_h64_f2/layer_33/best.json
[TorchScriptPredictor Layer 33] Loading model on CPU
[TorchScriptPredictor Layer 33] Assuming prefill_dist, prev_expert_onehot, and prev_layers_feat support (v3 API).
[TorchScriptPredictor Layer 33] prefill_dist support: yes, prev_expert_onehot support: yes, prev_layers_feat support: yes
[TorchScriptPredictor Layer 33] Loaded model: /home/michael/heteroPredict/trainingData/qwen3_30b/transformer_final_pfill_markov_emb/transformer_eh4_h64_f2/layer_33/best_jit.pt
[ThreadedTorchScriptPredictor Layer 34] Detected history_length=4 from /home/michael/heteroPredict/trainingData/qwen3_30b/transformer_final_pfill_markov_emb/transformer_eh4_h64_f2/layer_34/best.json
[TorchScriptPredictor Layer 34] Loading model on CPU
[TorchScriptPredictor Layer 34] Assuming prefill_dist, prev_expert_onehot, and prev_layers_feat support (v3 API).
[TorchScriptPredictor Layer 34] prefill_dist support: yes, prev_expert_onehot support: yes, prev_layers_feat support: yes
[TorchScriptPredictor Layer 34] Loaded model: /home/michael/heteroPredict/trainingData/qwen3_30b/transformer_final_pfill_markov_emb/transformer_eh4_h64_f2/layer_34/best_jit.pt
[ThreadedTorchScriptPredictor Layer 35] Detected history_length=4 from /home/michael/heteroPredict/trainingData/qwen3_30b/transformer_final_pfill_markov_emb/transformer_eh4_h64_f2/layer_35/best.json
[TorchScriptPredictor Layer 35] Loading model on CPU
[TorchScriptPredictor Layer 35] Assuming prefill_dist, prev_expert_onehot, and prev_layers_feat support (v3 API).
[TorchScriptPredictor Layer 35] prefill_dist support: yes, prev_expert_onehot support: yes, prev_layers_feat support: yes
[TorchScriptPredictor Layer 35] Loaded model: /home/michael/heteroPredict/trainingData/qwen3_30b/transformer_final_pfill_markov_emb/transformer_eh4_h64_f2/layer_35/best_jit.pt
[ThreadedTorchScriptPredictor Layer 36] Detected history_length=4 from /home/michael/heteroPredict/trainingData/qwen3_30b/transformer_final_pfill_markov_emb/transformer_eh4_h64_f2/layer_36/best.json
[TorchScriptPredictor Layer 36] Loading model on CPU
[TorchScriptPredictor Layer 36] Assuming prefill_dist, prev_expert_onehot, and prev_layers_feat support (v3 API).
[TorchScriptPredictor Layer 36] prefill_dist support: yes, prev_expert_onehot support: yes, prev_layers_feat support: yes
[TorchScriptPredictor Layer 36] Loaded model: /home/michael/heteroPredict/trainingData/qwen3_30b/transformer_final_pfill_markov_emb/transformer_eh4_h64_f2/layer_36/best_jit.pt
[ThreadedTorchScriptPredictor Layer 37] Detected history_length=4 from /home/michael/heteroPredict/trainingData/qwen3_30b/transformer_final_pfill_markov_emb/transformer_eh4_h64_f2/layer_37/best.json
[TorchScriptPredictor Layer 37] Loading model on CPU
[TorchScriptPredictor Layer 37] Assuming prefill_dist, prev_expert_onehot, and prev_layers_feat support (v3 API).
[TorchScriptPredictor Layer 37] prefill_dist support: yes, prev_expert_onehot support: yes, prev_layers_feat support: yes
[TorchScriptPredictor Layer 37] Loaded model: /home/michael/heteroPredict/trainingData/qwen3_30b/transformer_final_pfill_markov_emb/transformer_eh4_h64_f2/layer_37/best_jit.pt
[ThreadedTorchScriptPredictor Layer 38] Detected history_length=4 from /home/michael/heteroPredict/trainingData/qwen3_30b/transformer_final_pfill_markov_emb/transformer_eh4_h64_f2/layer_38/best.json
[TorchScriptPredictor Layer 38] Loading model on CPU
[TorchScriptPredictor Layer 38] Assuming prefill_dist, prev_expert_onehot, and prev_layers_feat support (v3 API).
[TorchScriptPredictor Layer 38] prefill_dist support: yes, prev_expert_onehot support: yes, prev_layers_feat support: yes
[TorchScriptPredictor Layer 38] Loaded model: /home/michael/heteroPredict/trainingData/qwen3_30b/transformer_final_pfill_markov_emb/transformer_eh4_h64_f2/layer_38/best_jit.pt
[ThreadedTorchScriptPredictor Layer 39] Detected history_length=4 from /home/michael/heteroPredict/trainingData/qwen3_30b/transformer_final_pfill_markov_emb/transformer_eh4_h64_f2/layer_39/best.json
[TorchScriptPredictor Layer 39] Loading model on CPU
[TorchScriptPredictor Layer 39] Assuming prefill_dist, prev_expert_onehot, and prev_layers_feat support (v3 API).
[TorchScriptPredictor Layer 39] prefill_dist support: yes, prev_expert_onehot support: yes, prev_layers_feat support: yes
[TorchScriptPredictor Layer 39] Loaded model: /home/michael/heteroPredict/trainingData/qwen3_30b/transformer_final_pfill_markov_emb/transformer_eh4_h64_f2/layer_39/best_jit.pt
[ThreadedTorchScriptPredictor Layer 40] Detected history_length=4 from /home/michael/heteroPredict/trainingData/qwen3_30b/transformer_final_pfill_markov_emb/transformer_eh4_h64_f2/layer_40/best.json
[TorchScriptPredictor Layer 40] Loading model on CPU
[TorchScriptPredictor Layer 40] Assuming prefill_dist, prev_expert_onehot, and prev_layers_feat support (v3 API).
[TorchScriptPredictor Layer 40] prefill_dist support: yes, prev_expert_onehot support: yes, prev_layers_feat support: yes
[TorchScriptPredictor Layer 40] Loaded model: /home/michael/heteroPredict/trainingData/qwen3_30b/transformer_final_pfill_markov_emb/transformer_eh4_h64_f2/layer_40/best_jit.pt
[ThreadedTorchScriptPredictor Layer 41] Detected history_length=4 from /home/michael/heteroPredict/trainingData/qwen3_30b/transformer_final_pfill_markov_emb/transformer_eh4_h64_f2/layer_41/best.json
[TorchScriptPredictor Layer 41] Loading model on CPU
[TorchScriptPredictor Layer 41] Assuming prefill_dist, prev_expert_onehot, and prev_layers_feat support (v3 API).
[TorchScriptPredictor Layer 41] prefill_dist support: yes, prev_expert_onehot support: yes, prev_layers_feat support: yes
[TorchScriptPredictor Layer 41] Loaded model: /home/michael/heteroPredict/trainingData/qwen3_30b/transformer_final_pfill_markov_emb/transformer_eh4_h64_f2/layer_41/best_jit.pt
[ThreadedTorchScriptPredictor Layer 42] Detected history_length=4 from /home/michael/heteroPredict/trainingData/qwen3_30b/transformer_final_pfill_markov_emb/transformer_eh4_h64_f2/layer_42/best.json
[TorchScriptPredictor Layer 42] Loading model on CPU
[TorchScriptPredictor Layer 42] Assuming prefill_dist, prev_expert_onehot, and prev_layers_feat support (v3 API).
[TorchScriptPredictor Layer 42] prefill_dist support: yes, prev_expert_onehot support: yes, prev_layers_feat support: yes
[TorchScriptPredictor Layer 42] Loaded model: /home/michael/heteroPredict/trainingData/qwen3_30b/transformer_final_pfill_markov_emb/transformer_eh4_h64_f2/layer_42/best_jit.pt
[ThreadedTorchScriptPredictor Layer 43] Detected history_length=4 from /home/michael/heteroPredict/trainingData/qwen3_30b/transformer_final_pfill_markov_emb/transformer_eh4_h64_f2/layer_43/best.json
[TorchScriptPredictor Layer 43] Loading model on CPU
[TorchScriptPredictor Layer 43] Assuming prefill_dist, prev_expert_onehot, and prev_layers_feat support (v3 API).
[TorchScriptPredictor Layer 43] prefill_dist support: yes, prev_expert_onehot support: yes, prev_layers_feat support: yes
[TorchScriptPredictor Layer 43] Loaded model: /home/michael/heteroPredict/trainingData/qwen3_30b/transformer_final_pfill_markov_emb/transformer_eh4_h64_f2/layer_43/best_jit.pt
[ThreadedTorchScriptPredictor Layer 44] Detected history_length=4 from /home/michael/heteroPredict/trainingData/qwen3_30b/transformer_final_pfill_markov_emb/transformer_eh4_h64_f2/layer_44/best.json
[TorchScriptPredictor Layer 44] Loading model on CPU
[TorchScriptPredictor Layer 44] Assuming prefill_dist, prev_expert_onehot, and prev_layers_feat support (v3 API).
[TorchScriptPredictor Layer 44] prefill_dist support: yes, prev_expert_onehot support: yes, prev_layers_feat support: yes
[TorchScriptPredictor Layer 44] Loaded model: /home/michael/heteroPredict/trainingData/qwen3_30b/transformer_final_pfill_markov_emb/transformer_eh4_h64_f2/layer_44/best_jit.pt
[ThreadedTorchScriptPredictor Layer 45] Detected history_length=4 from /home/michael/heteroPredict/trainingData/qwen3_30b/transformer_final_pfill_markov_emb/transformer_eh4_h64_f2/layer_45/best.json
[TorchScriptPredictor Layer 45] Loading model on CPU
[TorchScriptPredictor Layer 45] Assuming prefill_dist, prev_expert_onehot, and prev_layers_feat support (v3 API).
[TorchScriptPredictor Layer 45] prefill_dist support: yes, prev_expert_onehot support: yes, prev_layers_feat support: yes
[TorchScriptPredictor Layer 45] Loaded model: /home/michael/heteroPredict/trainingData/qwen3_30b/transformer_final_pfill_markov_emb/transformer_eh4_h64_f2/layer_45/best_jit.pt
[ThreadedTorchScriptPredictor Layer 46] Detected history_length=4 from /home/michael/heteroPredict/trainingData/qwen3_30b/transformer_final_pfill_markov_emb/transformer_eh4_h64_f2/layer_46/best.json
[TorchScriptPredictor Layer 46] Loading model on CPU
[TorchScriptPredictor Layer 46] Assuming prefill_dist, prev_expert_onehot, and prev_layers_feat support (v3 API).
[TorchScriptPredictor Layer 46] prefill_dist support: yes, prev_expert_onehot support: yes, prev_layers_feat support: yes
[TorchScriptPredictor Layer 46] Loaded model: /home/michael/heteroPredict/trainingData/qwen3_30b/transformer_final_pfill_markov_emb/transformer_eh4_h64_f2/layer_46/best_jit.pt
[ThreadedTorchScriptPredictor Layer 47] Detected history_length=4 from /home/michael/heteroPredict/trainingData/qwen3_30b/transformer_final_pfill_markov_emb/transformer_eh4_h64_f2/layer_47/best.json
[TorchScriptPredictor Layer 47] Loading model on CPU
[TorchScriptPredictor Layer 47] Assuming prefill_dist, prev_expert_onehot, and prev_layers_feat support (v3 API).
[TorchScriptPredictor Layer 47] prefill_dist support: yes, prev_expert_onehot support: yes, prev_layers_feat support: yes
[TorchScriptPredictor Layer 47] Loaded model: /home/michael/heteroPredict/trainingData/qwen3_30b/transformer_final_pfill_markov_emb/transformer_eh4_h64_f2/layer_47/best_jit.pt
UnifiedLLMW4A16 moved to device: cuda:0
Preloading MoE kernels...
MoE kernels preloaded.
UnifiedLLMW4A16 initialized on device: cuda:0 with w4a16 quantization
[Predictor] Lookahead stride set to 2 (predictor fires every 2 decode tokens)
Loading non-quantized weights from safetensors (mmap): /home/michael/heteroPredict/py/unified_llm_w4a16/model_weights/Qwen3-30B-A3B-AWQ.safetensors
Loaded 243 non-quantized parameters, skipped 0
Loading quantized weights from bins: /home/michael/heteroPredict/py/unified_llm_w4a16/model_weights/Qwen3-30B-A3B-AWQ_unpacked
  Expert weights dir override: /home/michael/heteroPredict/py/unified_llm_w4a16/model_weights/Qwen3-30B-A3B-AWQ_packed
Pre-warming 32 experts for all layers...
Layer 0: Pre-warming 32 experts.
Layer 0: using packed expert format.
[MoE I/O] Expert weight reads require O_DIRECT (no buffered fallback).
Layer 1: Pre-warming 32 experts.
Layer 1: using packed expert format.
Layer 2: Pre-warming 32 experts.
Layer 2: using packed expert format.
Layer 3: Pre-warming 32 experts.
Layer 3: using packed expert format.
Prewarmed experts for layer 4/48
Layer 4: Pre-warming 32 experts.
Layer 4: using packed expert format.
Layer 5: Pre-warming 32 experts.
Layer 5: using packed expert format.
Layer 6: Pre-warming 32 experts.
Layer 6: using packed expert format.
Layer 7: Pre-warming 32 experts.
Layer 7: using packed expert format.
Prewarmed experts for layer 8/48
Layer 8: Pre-warming 32 experts.
Layer 8: using packed expert format.
Layer 9: Pre-warming 32 experts.
Layer 9: using packed expert format.
Layer 10: Pre-warming 32 experts.
Layer 10: using packed expert format.
Layer 11: Pre-warming 32 experts.
Layer 11: using packed expert format.
Prewarmed experts for layer 12/48
Layer 12: Pre-warming 32 experts.
Layer 12: using packed expert format.
Layer 13: Pre-warming 32 experts.
Layer 13: using packed expert format.
Layer 14: Pre-warming 32 experts.
Layer 14: using packed expert format.
Layer 15: Pre-warming 32 experts.
Layer 15: using packed expert format.
Prewarmed experts for layer 16/48
Layer 16: Pre-warming 32 experts.
Layer 16: using packed expert format.
Layer 17: Pre-warming 32 experts.
Layer 17: using packed expert format.
Layer 18: Pre-warming 32 experts.
Layer 18: using packed expert format.
Layer 19: Pre-warming 32 experts.
Layer 19: using packed expert format.
Prewarmed experts for layer 20/48
Layer 20: Pre-warming 32 experts.
Layer 20: using packed expert format.
Layer 21: Pre-warming 32 experts.
Layer 21: using packed expert format.
Layer 22: Pre-warming 32 experts.
Layer 22: using packed expert format.
Layer 23: Pre-warming 32 experts.
Layer 23: using packed expert format.
Prewarmed experts for layer 24/48
Layer 24: Pre-warming 32 experts.
Layer 24: using packed expert format.
Layer 25: Pre-warming 32 experts.
Layer 25: using packed expert format.
Layer 26: Pre-warming 32 experts.
Layer 26: using packed expert format.
Layer 27: Pre-warming 32 experts.
Layer 27: using packed expert format.
Prewarmed experts for layer 28/48
Layer 28: Pre-warming 32 experts.
Layer 28: using packed expert format.
Layer 29: Pre-warming 32 experts.
Layer 29: using packed expert format.
Layer 30: Pre-warming 32 experts.
Layer 30: using packed expert format.
Layer 31: Pre-warming 32 experts.
Layer 31: using packed expert format.
Prewarmed experts for layer 32/48
Layer 32: Pre-warming 32 experts.
Layer 32: using packed expert format.
Layer 33: Pre-warming 32 experts.
Layer 33: using packed expert format.
Layer 34: Pre-warming 32 experts.
Layer 34: using packed expert format.
Layer 35: Pre-warming 32 experts.
Layer 35: using packed expert format.
Prewarmed experts for layer 36/48
Layer 36: Pre-warming 32 experts.
Layer 36: using packed expert format.
Layer 37: Pre-warming 32 experts.
Layer 37: using packed expert format.
Layer 38: Pre-warming 32 experts.
Layer 38: using packed expert format.
Layer 39: Pre-warming 32 experts.
Layer 39: using packed expert format.
Prewarmed experts for layer 40/48
Layer 40: Pre-warming 32 experts.
Layer 40: using packed expert format.
Layer 41: Pre-warming 32 experts.
Layer 41: using packed expert format.
Layer 42: Pre-warming 32 experts.
Layer 42: using packed expert format.
Layer 43: Pre-warming 32 experts.
Layer 43: using packed expert format.
Prewarmed experts for layer 44/48
Layer 44: Pre-warming 32 experts.
Layer 44: using packed expert format.
Layer 45: Pre-warming 32 experts.
Layer 45: using packed expert format.
Layer 46: Pre-warming 32 experts.
Layer 46: using packed expert format.
Layer 47: Pre-warming 32 experts.
Layer 47: using packed expert format.
Prewarmed experts for layer 48/48
Libtorch input_ids shape: [1, 512]
Skipping warmup.
Prefill time: 18.238 seconds
[Predictor] Prefill-end expert cache warmup (excluded from generation TPS).
[Layer 0 Warmup Debug] predict_sync returned: 65 100 98 72 43 122 40 73 75 14 103 38 21 33 4 13 50 28 32 26 101 64 74 93 91 110 106 89 70 24 57 46 18 82 45 111 6 22 102 2 80 9 51 104 86 44 118 69 124 0 87 47 105 112 42 77 58 117 12 49 60 62 99 1 90 95 83 37 85 31 126 41 71 79 76 120 114 11 107 67 16 68 48 54 63 119 59 23 29 121 78 84 109 116 17 3 25 127 20 27 5 97 88 8 61 39 15 55 36 125 10 113 115 108 30 53 56 96 94 7 34 92 52 35 123 19 81 66 
[Layer 0 Warmup Debug] experts_to_prefetch returned: 65 100 98 72 43 122 40 73 
[Layer 0 Warmup Debug] After prefill-end warmup, slots are: 102 103 104 105 106 107 108 109 110 111 112 114 115 116 117 118 119 120 121 122 123 124 125 126 127 65 72 43 98 40 100 73 
Generation phase
[Layer 0 Step 0 Debug] Slots before check: 102 103 104 105 106 107 108 109 110 111 112 114 115 116 117 118 119 120 121 122 123 124 125 126 127 65 72 43 98 40 100 73 
[Layer 0 Step 0 Debug] Requested: 75 122 82 91 33 64 28 89 
[gen 5/79] elapsed=2.9s  TPS=1.745
[gen 10/79] elapsed=5.7s  TPS=1.751
[gen 15/79] elapsed=8.0s  TPS=1.873
[gen 20/79] elapsed=10.7s  TPS=1.874
[gen 25/79] elapsed=13.0s  TPS=1.921
[gen 30/79] elapsed=15.4s  TPS=1.942
[gen 35/79] elapsed=18.1s  TPS=1.935
[gen 40/79] elapsed=20.4s  TPS=1.960
[gen 45/79] elapsed=22.7s  TPS=1.983
[gen 50/79] elapsed=25.3s  TPS=1.978
[gen 55/79] elapsed=27.7s  TPS=1.989
[gen 60/79] elapsed=30.0s  TPS=1.998
[gen 65/79] elapsed=32.2s  TPS=2.018
[gen 70/79] elapsed=34.4s  TPS=2.036
[gen 75/79] elapsed=36.9s  TPS=2.030
Prefill time (summary): 18.238 seconds
Total Generation Time: 38.661 seconds
Average Time per Token: 0.489382 seconds

Expert Cache Statistics:
Layer 0 Cache Stats: Hits=374, Misses=258, HitRate=59.18%
    Predictor Routed-Expert HitRate=33.33% (13/39, routed_n=1, horizon=2)
    Predictor RoutedForcedN HitRate=33.33% (13/39)
    Predictor RoutedTopK HitRate=30.13% (94/312)
    Predicted RequestedByRouterForcedN Rate=4.17% (13/312)
    Predicted RequestedByRouterTopK Rate=30.13% (94/312)
    Predictor WindowRecall Rate=35.20% (201/571)
    Predictor WindowPrecision Rate=64.42% (201/312)
    Loads Per Step: 0Loads=5, 1Load=11, >1Load=63
    Bandwidth: StallLoads=258, PrefetchLoads=143, AvgLoadTime=5.19ms
    PrefetchOverlap: HiddenReady=98, HiddenWait=0, TicksSkipped=0
    MissCause: NotPresent=258, NotReadyStall=0
    PrefetchEff: Dropped=0, AlreadyCached=177, UsedBeforeEvict=98, EvictedBeforeUse=36
    GlobalSpecLoad: PeakConcurrent=6
    Predictor TopK matches: 0=26 1=13 >=2=0
Layer 1 Cache Stats: Hits=431, Misses=201, HitRate=68.20%
    Predictor Routed-Expert HitRate=43.59% (17/39, routed_n=1, horizon=2)
    Predictor RoutedForcedN HitRate=43.59% (17/39)
    Predictor RoutedTopK HitRate=37.50% (117/312)
    Predicted RequestedByRouterForcedN Rate=5.45% (17/312)
    Predicted RequestedByRouterTopK Rate=37.50% (117/312)
    Predictor WindowRecall Rate=42.13% (222/527)
    Predictor WindowPrecision Rate=71.15% (222/312)
    Loads Per Step: 0Loads=7, 1Load=15, >1Load=57
    Bandwidth: StallLoads=201, PrefetchLoads=90, AvgLoadTime=6.61ms
    PrefetchOverlap: HiddenReady=52, HiddenWait=0, TicksSkipped=0
    MissCause: NotPresent=201, NotReadyStall=0
    PrefetchEff: Dropped=0, AlreadyCached=230, UsedBeforeEvict=52, EvictedBeforeUse=35
    Predictor TopK matches: 0=22 1=17 >=2=0
Layer 2 Cache Stats: Hits=483, Misses=149, HitRate=76.42%
    Predictor Routed-Expert HitRate=30.77% (12/39, routed_n=1, horizon=2)
    Predictor RoutedForcedN HitRate=30.77% (12/39)
    Predictor RoutedTopK HitRate=37.50% (117/312)
    Predicted RequestedByRouterForcedN Rate=3.85% (12/312)
    Predicted RequestedByRouterTopK Rate=37.50% (117/312)
    Predictor WindowRecall Rate=41.63% (219/526)
    Predictor WindowPrecision Rate=70.19% (219/312)
    Loads Per Step: 0Loads=11, 1Load=26, >1Load=42
    Bandwidth: StallLoads=149, PrefetchLoads=65, AvgLoadTime=7.03ms
    PrefetchOverlap: HiddenReady=45, HiddenWait=0, TicksSkipped=0
    MissCause: NotPresent=149, NotReadyStall=0
    PrefetchEff: Dropped=0, AlreadyCached=255, UsedBeforeEvict=45, EvictedBeforeUse=20
    Predictor TopK matches: 0=27 1=12 >=2=0
Layer 3 Cache Stats: Hits=450, Misses=182, HitRate=71.20%
    Predictor Routed-Expert HitRate=35.90% (14/39, routed_n=1, horizon=2)
    Predictor RoutedForcedN HitRate=35.90% (14/39)
    Predictor RoutedTopK HitRate=35.26% (110/312)
    Predicted RequestedByRouterForcedN Rate=4.49% (14/312)
    Predicted RequestedByRouterTopK Rate=35.26% (110/312)
    Predictor WindowRecall Rate=38.96% (210/539)
    Predictor WindowPrecision Rate=67.31% (210/312)
    Loads Per Step: 0Loads=7, 1Load=19, >1Load=53
    Bandwidth: StallLoads=182, PrefetchLoads=91, AvgLoadTime=6.24ms
    PrefetchOverlap: HiddenReady=58, HiddenWait=0, TicksSkipped=0
    MissCause: NotPresent=182, NotReadyStall=0
    PrefetchEff: Dropped=0, AlreadyCached=229, UsedBeforeEvict=58, EvictedBeforeUse=32
    Predictor TopK matches: 0=25 1=14 >=2=0
Layer 4 Cache Stats: Hits=497, Misses=135, HitRate=78.64%
    Predictor Routed-Expert HitRate=69.23% (27/39, routed_n=1, horizon=2)
    Predictor RoutedForcedN HitRate=69.23% (27/39)
    Predictor RoutedTopK HitRate=47.76% (149/312)
    Predicted RequestedByRouterForcedN Rate=8.65% (27/312)
    Predicted RequestedByRouterTopK Rate=47.76% (149/312)
    Predictor WindowRecall Rate=47.08% (234/497)
    Predictor WindowPrecision Rate=75.00% (234/312)
    Loads Per Step: 0Loads=18, 1Load=25, >1Load=36
    Bandwidth: StallLoads=135, PrefetchLoads=49, AvgLoadTime=7.08ms
    PrefetchOverlap: HiddenReady=38, HiddenWait=0, TicksSkipped=0
    MissCause: NotPresent=135, NotReadyStall=0
    PrefetchEff: Dropped=0, AlreadyCached=271, UsedBeforeEvict=38, EvictedBeforeUse=11
    Predictor TopK matches: 0=12 1=27 >=2=0
Layer 5 Cache Stats: Hits=526, Misses=106, HitRate=83.23%
    Predictor Routed-Expert HitRate=53.85% (21/39, routed_n=1, horizon=2)
    Predictor RoutedForcedN HitRate=53.85% (21/39)
    Predictor RoutedTopK HitRate=47.12% (147/312)
    Predicted RequestedByRouterForcedN Rate=6.73% (21/312)
    Predicted RequestedByRouterTopK Rate=47.12% (147/312)
    Predictor WindowRecall Rate=47.98% (237/494)
    Predictor WindowPrecision Rate=75.96% (237/312)
    Loads Per Step: 0Loads=20, 1Load=30, >1Load=29
    Bandwidth: StallLoads=106, PrefetchLoads=45, AvgLoadTime=7.28ms
    PrefetchOverlap: HiddenReady=33, HiddenWait=0, TicksSkipped=0
    MissCause: NotPresent=106, NotReadyStall=0
    PrefetchEff: Dropped=0, AlreadyCached=275, UsedBeforeEvict=33, EvictedBeforeUse=10
    Predictor TopK matches: 0=18 1=21 >=2=0
Layer 6 Cache Stats: Hits=561, Misses=71, HitRate=88.77%
    Predictor Routed-Expert HitRate=82.05% (32/39, routed_n=1, horizon=2)
    Predictor RoutedForcedN HitRate=82.05% (32/39)
    Predictor RoutedTopK HitRate=54.81% (171/312)
    Predicted RequestedByRouterForcedN Rate=10.26% (32/312)
    Predicted RequestedByRouterTopK Rate=54.81% (171/312)
    Predictor WindowRecall Rate=51.58% (245/475)
    Predictor WindowPrecision Rate=78.53% (245/312)
    Loads Per Step: 0Loads=31, 1Load=27, >1Load=21
    Bandwidth: StallLoads=71, PrefetchLoads=26, AvgLoadTime=8.64ms
    PrefetchOverlap: HiddenReady=21, HiddenWait=0, TicksSkipped=0
    MissCause: NotPresent=71, NotReadyStall=0
    PrefetchEff: Dropped=0, AlreadyCached=294, UsedBeforeEvict=21, EvictedBeforeUse=3
    Predictor TopK matches: 0=7 1=32 >=2=0
Layer 7 Cache Stats: Hits=581, Misses=51, HitRate=91.93%
    Predictor Routed-Expert HitRate=87.18% (34/39, routed_n=1, horizon=2)
    Predictor RoutedForcedN HitRate=87.18% (34/39)
    Predictor RoutedTopK HitRate=64.74% (202/312)
    Predicted RequestedByRouterForcedN Rate=10.90% (34/312)
    Predicted RequestedByRouterTopK Rate=64.74% (202/312)
    Predictor WindowRecall Rate=59.65% (269/451)
    Predictor WindowPrecision Rate=86.22% (269/312)
    Loads Per Step: 0Loads=41, 1Load=27, >1Load=11
    Bandwidth: StallLoads=51, PrefetchLoads=17, AvgLoadTime=8.67ms
    PrefetchOverlap: HiddenReady=13, HiddenWait=0, TicksSkipped=0
    MissCause: NotPresent=51, NotReadyStall=0
    PrefetchEff: Dropped=0, AlreadyCached=303, UsedBeforeEvict=13, EvictedBeforeUse=4
    Predictor TopK matches: 0=5 1=34 >=2=0
Layer 8 Cache Stats: Hits=532, Misses=100, HitRate=84.18%
    Predictor Routed-Expert HitRate=71.79% (28/39, routed_n=1, horizon=2)
    Predictor RoutedForcedN HitRate=71.79% (28/39)
    Predictor RoutedTopK HitRate=52.24% (163/312)
    Predicted RequestedByRouterForcedN Rate=8.97% (28/312)
    Predicted RequestedByRouterTopK Rate=52.24% (163/312)
    Predictor WindowRecall Rate=49.90% (245/491)
    Predictor WindowPrecision Rate=78.53% (245/312)
    Loads Per Step: 0Loads=22, 1Load=26, >1Load=31
    Bandwidth: StallLoads=100, PrefetchLoads=39, AvgLoadTime=6.82ms
    PrefetchOverlap: HiddenReady=27, HiddenWait=0, TicksSkipped=0
    MissCause: NotPresent=100, NotReadyStall=0
    PrefetchEff: Dropped=0, AlreadyCached=281, UsedBeforeEvict=27, EvictedBeforeUse=11
    Predictor TopK matches: 0=11 1=28 >=2=0
Layer 9 Cache Stats: Hits=569, Misses=63, HitRate=90.03%
    Predictor Routed-Expert HitRate=92.31% (36/39, routed_n=1, horizon=2)
    Predictor RoutedForcedN HitRate=92.31% (36/39)
    Predictor RoutedTopK HitRate=62.18% (194/312)
    Predicted RequestedByRouterForcedN Rate=11.54% (36/312)
    Predicted RequestedByRouterTopK Rate=62.18% (194/312)
    Predictor WindowRecall Rate=59.30% (271/457)
    Predictor WindowPrecision Rate=86.86% (271/312)
    Loads Per Step: 0Loads=34, 1Load=30, >1Load=15
    Bandwidth: StallLoads=63, PrefetchLoads=25, AvgLoadTime=8.53ms
    PrefetchOverlap: HiddenReady=20, HiddenWait=0, TicksSkipped=0
    MissCause: NotPresent=63, NotReadyStall=0
    PrefetchEff: Dropped=0, AlreadyCached=295, UsedBeforeEvict=20, EvictedBeforeUse=4
    Predictor TopK matches: 0=3 1=36 >=2=0
Layer 10 Cache Stats: Hits=523, Misses=109, HitRate=82.75%
    Predictor Routed-Expert HitRate=89.74% (35/39, routed_n=1, horizon=2)
    Predictor RoutedForcedN HitRate=89.74% (35/39)
    Predictor RoutedTopK HitRate=52.88% (165/312)
    Predicted RequestedByRouterForcedN Rate=11.22% (35/312)
    Predicted RequestedByRouterTopK Rate=52.88% (165/312)
    Predictor WindowRecall Rate=50.62% (246/486)
    Predictor WindowPrecision Rate=78.85% (246/312)
    Loads Per Step: 0Loads=15, 1Load=33, >1Load=31
    Bandwidth: StallLoads=109, PrefetchLoads=70, AvgLoadTime=7.50ms
    PrefetchOverlap: HiddenReady=53, HiddenWait=0, TicksSkipped=0
    MissCause: NotPresent=109, NotReadyStall=0
    PrefetchEff: Dropped=0, AlreadyCached=250, UsedBeforeEvict=53, EvictedBeforeUse=17
    Predictor TopK matches: 0=4 1=35 >=2=0
Layer 11 Cache Stats: Hits=503, Misses=129, HitRate=79.59%
    Predictor Routed-Expert HitRate=79.49% (31/39, routed_n=1, horizon=2)
    Predictor RoutedForcedN HitRate=79.49% (31/39)
    Predictor RoutedTopK HitRate=50.96% (159/312)
    Predicted RequestedByRouterForcedN Rate=9.94% (31/312)
    Predicted RequestedByRouterTopK Rate=50.96% (159/312)
    Predictor WindowRecall Rate=48.70% (244/501)
    Predictor WindowPrecision Rate=78.21% (244/312)
    Loads Per Step: 0Loads=18, 1Load=23, >1Load=38
    Bandwidth: StallLoads=129, PrefetchLoads=71, AvgLoadTime=6.83ms
    PrefetchOverlap: HiddenReady=50, HiddenWait=0, TicksSkipped=0
    MissCause: NotPresent=129, NotReadyStall=0
    PrefetchEff: Dropped=0, AlreadyCached=249, UsedBeforeEvict=50, EvictedBeforeUse=19
    Predictor TopK matches: 0=8 1=31 >=2=0
Layer 12 Cache Stats: Hits=557, Misses=75, HitRate=88.13%
    Predictor Routed-Expert HitRate=66.67% (26/39, routed_n=1, horizon=2)
    Predictor RoutedForcedN HitRate=66.67% (26/39)
    Predictor RoutedTopK HitRate=55.77% (174/312)
    Predicted RequestedByRouterForcedN Rate=8.33% (26/312)
    Predicted RequestedByRouterTopK Rate=55.77% (174/312)
    Predictor WindowRecall Rate=54.68% (263/481)
    Predictor WindowPrecision Rate=84.29% (263/312)
    Loads Per Step: 0Loads=33, 1Load=26, >1Load=20
    Bandwidth: StallLoads=75, PrefetchLoads=25, AvgLoadTime=8.09ms
    PrefetchOverlap: HiddenReady=23, HiddenWait=0, TicksSkipped=0
    MissCause: NotPresent=75, NotReadyStall=0
    PrefetchEff: Dropped=0, AlreadyCached=295, UsedBeforeEvict=23, EvictedBeforeUse=2
    Predictor TopK matches: 0=13 1=26 >=2=0
Layer 13 Cache Stats: Hits=514, Misses=118, HitRate=81.33%
    Predictor Routed-Expert HitRate=69.23% (27/39, routed_n=1, horizon=2)
    Predictor RoutedForcedN HitRate=69.23% (27/39)
    Predictor RoutedTopK HitRate=51.60% (161/312)
    Predicted RequestedByRouterForcedN Rate=8.65% (27/312)
    Predicted RequestedByRouterTopK Rate=51.60% (161/312)
    Predictor WindowRecall Rate=50.90% (254/499)
    Predictor WindowPrecision Rate=81.41% (254/312)
    Loads Per Step: 0Loads=14, 1Load=30, >1Load=35
    Bandwidth: StallLoads=118, PrefetchLoads=74, AvgLoadTime=7.44ms
    PrefetchOverlap: HiddenReady=54, HiddenWait=0, TicksSkipped=0
    MissCause: NotPresent=118, NotReadyStall=0
    PrefetchEff: Dropped=0, AlreadyCached=246, UsedBeforeEvict=54, EvictedBeforeUse=19
    Predictor TopK matches: 0=12 1=27 >=2=0
Layer 14 Cache Stats: Hits=546, Misses=86, HitRate=86.39%
    Predictor Routed-Expert HitRate=76.92% (30/39, routed_n=1, horizon=2)
    Predictor RoutedForcedN HitRate=76.92% (30/39)
    Predictor RoutedTopK HitRate=57.37% (179/312)
    Predicted RequestedByRouterForcedN Rate=9.62% (30/312)
    Predicted RequestedByRouterTopK Rate=57.37% (179/312)
    Predictor WindowRecall Rate=51.88% (248/478)
    Predictor WindowPrecision Rate=79.49% (248/312)
    Loads Per Step: 0Loads=25, 1Load=30, >1Load=24
    Bandwidth: StallLoads=86, PrefetchLoads=30, AvgLoadTime=8.48ms
    PrefetchOverlap: HiddenReady=23, HiddenWait=0, TicksSkipped=0
    MissCause: NotPresent=86, NotReadyStall=0
    PrefetchEff: Dropped=0, AlreadyCached=290, UsedBeforeEvict=23, EvictedBeforeUse=7
    Predictor TopK matches: 0=9 1=30 >=2=0
Layer 15 Cache Stats: Hits=543, Misses=89, HitRate=85.92%
    Predictor Routed-Expert HitRate=87.18% (34/39, routed_n=1, horizon=2)
    Predictor RoutedForcedN HitRate=87.18% (34/39)
    Predictor RoutedTopK HitRate=58.01% (181/312)
    Predicted RequestedByRouterForcedN Rate=10.90% (34/312)
    Predicted RequestedByRouterTopK Rate=58.01% (181/312)
    Predictor WindowRecall Rate=53.12% (247/465)
    Predictor WindowPrecision Rate=79.17% (247/312)
    Loads Per Step: 0Loads=27, 1Load=27, >1Load=25
    Bandwidth: StallLoads=89, PrefetchLoads=21, AvgLoadTime=7.81ms
    PrefetchOverlap: HiddenReady=14, HiddenWait=0, TicksSkipped=0
    MissCause: NotPresent=89, NotReadyStall=0
    PrefetchEff: Dropped=0, AlreadyCached=299, UsedBeforeEvict=14, EvictedBeforeUse=6
    Predictor TopK matches: 0=5 1=34 >=2=0
Layer 16 Cache Stats: Hits=533, Misses=99, HitRate=84.34%
    Predictor Routed-Expert HitRate=82.05% (32/39, routed_n=1, horizon=2)
    Predictor RoutedForcedN HitRate=82.05% (32/39)
    Predictor RoutedTopK HitRate=58.01% (181/312)
    Predicted RequestedByRouterForcedN Rate=10.26% (32/312)
    Predicted RequestedByRouterTopK Rate=58.01% (181/312)
    Predictor WindowRecall Rate=53.26% (253/475)
    Predictor WindowPrecision Rate=81.09% (253/312)
    Loads Per Step: 0Loads=18, 1Load=34, >1Load=27
    Bandwidth: StallLoads=99, PrefetchLoads=34, AvgLoadTime=7.65ms
    PrefetchOverlap: HiddenReady=25, HiddenWait=0, TicksSkipped=0
    MissCause: NotPresent=99, NotReadyStall=0
    PrefetchEff: Dropped=0, AlreadyCached=286, UsedBeforeEvict=25, EvictedBeforeUse=8
    Predictor TopK matches: 0=7 1=32 >=2=0
Layer 17 Cache Stats: Hits=535, Misses=97, HitRate=84.65%
    Predictor Routed-Expert HitRate=89.74% (35/39, routed_n=1, horizon=2)
    Predictor RoutedForcedN HitRate=89.74% (35/39)
    Predictor RoutedTopK HitRate=55.45% (173/312)
    Predicted RequestedByRouterForcedN Rate=11.22% (35/312)
    Predicted RequestedByRouterTopK Rate=55.45% (173/312)
    Predictor WindowRecall Rate=51.95% (253/487)
    Predictor WindowPrecision Rate=81.09% (253/312)
    Loads Per Step: 0Loads=24, 1Load=24, >1Load=31
    Bandwidth: StallLoads=97, PrefetchLoads=34, AvgLoadTime=7.13ms
    PrefetchOverlap: HiddenReady=26, HiddenWait=0, TicksSkipped=0
    MissCause: NotPresent=97, NotReadyStall=0
    PrefetchEff: Dropped=0, AlreadyCached=286, UsedBeforeEvict=26, EvictedBeforeUse=8
    Predictor TopK matches: 0=4 1=35 >=2=0
Layer 18 Cache Stats: Hits=595, Misses=37, HitRate=94.15%
    Predictor Routed-Expert HitRate=82.05% (32/39, routed_n=1, horizon=2)
    Predictor RoutedForcedN HitRate=82.05% (32/39)
    Predictor RoutedTopK HitRate=60.90% (190/312)
    Predicted RequestedByRouterForcedN Rate=10.26% (32/312)
    Predicted RequestedByRouterTopK Rate=60.90% (190/312)
    Predictor WindowRecall Rate=56.42% (255/452)
    Predictor WindowPrecision Rate=81.73% (255/312)
    Loads Per Step: 0Loads=49, 1Load=24, >1Load=6
    Bandwidth: StallLoads=37, PrefetchLoads=16, AvgLoadTime=8.45ms
    PrefetchOverlap: HiddenReady=14, HiddenWait=0, TicksSkipped=0
    MissCause: NotPresent=37, NotReadyStall=0
    PrefetchEff: Dropped=0, AlreadyCached=304, UsedBeforeEvict=14, EvictedBeforeUse=2
    Predictor TopK matches: 0=7 1=32 >=2=0
Layer 19 Cache Stats: Hits=608, Misses=24, HitRate=96.20%
    Predictor Routed-Expert HitRate=79.49% (31/39, routed_n=1, horizon=2)
    Predictor RoutedForcedN HitRate=79.49% (31/39)
    Predictor RoutedTopK HitRate=63.78% (199/312)
    Predicted RequestedByRouterForcedN Rate=9.94% (31/312)
    Predicted RequestedByRouterTopK Rate=63.78% (199/312)
    Predictor WindowRecall Rate=58.73% (259/441)
    Predictor WindowPrecision Rate=83.01% (259/312)
    Loads Per Step: 0Loads=57, 1Load=20, >1Load=2
    Bandwidth: StallLoads=24, PrefetchLoads=9, AvgLoadTime=9.80ms
    PrefetchOverlap: HiddenReady=9, HiddenWait=0, TicksSkipped=0
    MissCause: NotPresent=24, NotReadyStall=0
    PrefetchEff: Dropped=0, AlreadyCached=311, UsedBeforeEvict=9, EvictedBeforeUse=0
    Predictor TopK matches: 0=8 1=31 >=2=0
Layer 20 Cache Stats: Hits=581, Misses=51, HitRate=91.93%
    Predictor Routed-Expert HitRate=76.92% (30/39, routed_n=1, horizon=2)
    Predictor RoutedForcedN HitRate=76.92% (30/39)
    Predictor RoutedTopK HitRate=56.09% (175/312)
    Predicted RequestedByRouterForcedN Rate=9.62% (30/312)
    Predicted RequestedByRouterTopK Rate=56.09% (175/312)
    Predictor WindowRecall Rate=56.18% (259/461)
    Predictor WindowPrecision Rate=83.01% (259/312)
    Loads Per Step: 0Loads=44, 1Load=22, >1Load=13
    Bandwidth: StallLoads=51, PrefetchLoads=20, AvgLoadTime=8.24ms
    PrefetchOverlap: HiddenReady=16, HiddenWait=0, TicksSkipped=0
    MissCause: NotPresent=51, NotReadyStall=0
    PrefetchEff: Dropped=0, AlreadyCached=300, UsedBeforeEvict=16, EvictedBeforeUse=3
    Predictor TopK matches: 0=9 1=30 >=2=0
Layer 21 Cache Stats: Hits=578, Misses=54, HitRate=91.46%
    Predictor Routed-Expert HitRate=84.62% (33/39, routed_n=1, horizon=2)
    Predictor RoutedForcedN HitRate=84.62% (33/39)
    Predictor RoutedTopK HitRate=65.38% (204/312)
    Predicted RequestedByRouterForcedN Rate=10.58% (33/312)
    Predicted RequestedByRouterTopK Rate=65.38% (204/312)
    Predictor WindowRecall Rate=60.00% (276/460)
    Predictor WindowPrecision Rate=88.46% (276/312)
    Loads Per Step: 0Loads=40, 1Load=24, >1Load=15
    Bandwidth: StallLoads=54, PrefetchLoads=11, AvgLoadTime=9.24ms
    PrefetchOverlap: HiddenReady=10, HiddenWait=0, TicksSkipped=0
    MissCause: NotPresent=54, NotReadyStall=0
    PrefetchEff: Dropped=0, AlreadyCached=309, UsedBeforeEvict=10, EvictedBeforeUse=1
    Predictor TopK matches: 0=6 1=33 >=2=0
Layer 22 Cache Stats: Hits=543, Misses=89, HitRate=85.92%
    Predictor Routed-Expert HitRate=66.67% (26/39, routed_n=1, horizon=2)
    Predictor RoutedForcedN HitRate=66.67% (26/39)
    Predictor RoutedTopK HitRate=50.00% (156/312)
    Predicted RequestedByRouterForcedN Rate=8.33% (26/312)
    Predicted RequestedByRouterTopK Rate=50.00% (156/312)
    Predictor WindowRecall Rate=47.16% (241/511)
    Predictor WindowPrecision Rate=77.24% (241/312)
    Loads Per Step: 0Loads=21, 1Load=36, >1Load=22
    Bandwidth: StallLoads=89, PrefetchLoads=32, AvgLoadTime=7.91ms
    PrefetchOverlap: HiddenReady=27, HiddenWait=0, TicksSkipped=0
    MissCause: NotPresent=89, NotReadyStall=0
    PrefetchEff: Dropped=0, AlreadyCached=288, UsedBeforeEvict=27, EvictedBeforeUse=4
    Predictor TopK matches: 0=13 1=26 >=2=0
Layer 23 Cache Stats: Hits=513, Misses=119, HitRate=81.17%
    Predictor Routed-Expert HitRate=61.54% (24/39, routed_n=1, horizon=2)
    Predictor RoutedForcedN HitRate=61.54% (24/39)
    Predictor RoutedTopK HitRate=46.15% (144/312)
    Predicted RequestedByRouterForcedN Rate=7.69% (24/312)
    Predicted RequestedByRouterTopK Rate=46.15% (144/312)
    Predictor WindowRecall Rate=45.09% (234/519)
    Predictor WindowPrecision Rate=75.00% (234/312)
    Loads Per Step: 0Loads=23, 1Load=19, >1Load=37
    Bandwidth: StallLoads=119, PrefetchLoads=64, AvgLoadTime=6.09ms
    PrefetchOverlap: HiddenReady=46, HiddenWait=0, TicksSkipped=0
    MissCause: NotPresent=119, NotReadyStall=0
    PrefetchEff: Dropped=0, AlreadyCached=256, UsedBeforeEvict=46, EvictedBeforeUse=16
    Predictor TopK matches: 0=15 1=24 >=2=0
Layer 24 Cache Stats: Hits=540, Misses=92, HitRate=85.44%
    Predictor Routed-Expert HitRate=69.23% (27/39, routed_n=1, horizon=2)
    Predictor RoutedForcedN HitRate=69.23% (27/39)
    Predictor RoutedTopK HitRate=52.56% (164/312)
    Predicted RequestedByRouterForcedN Rate=8.65% (27/312)
    Predicted RequestedByRouterTopK Rate=52.56% (164/312)
    Predictor WindowRecall Rate=48.99% (243/496)
    Predictor WindowPrecision Rate=77.88% (243/312)
    Loads Per Step: 0Loads=20, 1Load=38, >1Load=21
    Bandwidth: StallLoads=92, PrefetchLoads=15, AvgLoadTime=8.15ms
    PrefetchOverlap: HiddenReady=13, HiddenWait=0, TicksSkipped=0
    MissCause: NotPresent=92, NotReadyStall=0
    PrefetchEff: Dropped=0, AlreadyCached=305, UsedBeforeEvict=13, EvictedBeforeUse=2
    Predictor TopK matches: 0=12 1=27 >=2=0
Layer 25 Cache Stats: Hits=502, Misses=130, HitRate=79.43%
    Predictor Routed-Expert HitRate=74.36% (29/39, routed_n=1, horizon=2)
    Predictor RoutedForcedN HitRate=74.36% (29/39)
    Predictor RoutedTopK HitRate=52.24% (163/312)
    Predicted RequestedByRouterForcedN Rate=9.29% (29/312)
    Predicted RequestedByRouterTopK Rate=52.24% (163/312)
    Predictor WindowRecall Rate=48.60% (243/500)
    Predictor WindowPrecision Rate=77.88% (243/312)
    Loads Per Step: 0Loads=11, 1Load=23, >1Load=45
    Bandwidth: StallLoads=130, PrefetchLoads=42, AvgLoadTime=6.83ms
    PrefetchOverlap: HiddenReady=36, HiddenWait=0, TicksSkipped=0
    MissCause: NotPresent=130, NotReadyStall=0
    PrefetchEff: Dropped=0, AlreadyCached=278, UsedBeforeEvict=36, EvictedBeforeUse=4
    Predictor TopK matches: 0=10 1=29 >=2=0
Layer 26 Cache Stats: Hits=535, Misses=97, HitRate=84.65%
    Predictor Routed-Expert HitRate=84.62% (33/39, routed_n=1, horizon=2)
    Predictor RoutedForcedN HitRate=84.62% (33/39)
    Predictor RoutedTopK HitRate=54.17% (169/312)
    Predicted RequestedByRouterForcedN Rate=10.58% (33/312)
    Predicted RequestedByRouterTopK Rate=54.17% (169/312)
    Predictor WindowRecall Rate=50.21% (242/482)
    Predictor WindowPrecision Rate=77.56% (242/312)
    Loads Per Step: 0Loads=24, 1Load=22, >1Load=33
    Bandwidth: StallLoads=97, PrefetchLoads=23, AvgLoadTime=7.00ms
    PrefetchOverlap: HiddenReady=15, HiddenWait=0, TicksSkipped=0
    MissCause: NotPresent=97, NotReadyStall=0
    PrefetchEff: Dropped=0, AlreadyCached=297, UsedBeforeEvict=15, EvictedBeforeUse=6
    Predictor TopK matches: 0=6 1=33 >=2=0
Layer 27 Cache Stats: Hits=546, Misses=86, HitRate=86.39%
    Predictor Routed-Expert HitRate=87.18% (34/39, routed_n=1, horizon=2)
    Predictor RoutedForcedN HitRate=87.18% (34/39)
    Predictor RoutedTopK HitRate=59.29% (185/312)
    Predicted RequestedByRouterForcedN Rate=10.90% (34/312)
    Predicted RequestedByRouterTopK Rate=59.29% (185/312)
    Predictor WindowRecall Rate=51.91% (245/472)
    Predictor WindowPrecision Rate=78.53% (245/312)
    Loads Per Step: 0Loads=27, 1Load=27, >1Load=25
    Bandwidth: StallLoads=86, PrefetchLoads=19, AvgLoadTime=7.54ms
    PrefetchOverlap: HiddenReady=11, HiddenWait=0, TicksSkipped=0
    MissCause: NotPresent=86, NotReadyStall=0
    PrefetchEff: Dropped=0, AlreadyCached=301, UsedBeforeEvict=11, EvictedBeforeUse=5
    Predictor TopK matches: 0=5 1=34 >=2=0
Layer 28 Cache Stats: Hits=513, Misses=119, HitRate=81.17%
    Predictor Routed-Expert HitRate=87.18% (34/39, routed_n=1, horizon=2)
    Predictor RoutedForcedN HitRate=87.18% (34/39)
    Predictor RoutedTopK HitRate=51.60% (161/312)
    Predicted RequestedByRouterForcedN Rate=10.90% (34/312)
    Predicted RequestedByRouterTopK Rate=51.60% (161/312)
    Predictor WindowRecall Rate=47.74% (232/486)
    Predictor WindowPrecision Rate=74.36% (232/312)
    Loads Per Step: 0Loads=16, 1Load=25, >1Load=38
    Bandwidth: StallLoads=119, PrefetchLoads=37, AvgLoadTime=7.17ms
    PrefetchOverlap: HiddenReady=29, HiddenWait=0, TicksSkipped=0
    MissCause: NotPresent=119, NotReadyStall=0
    PrefetchEff: Dropped=0, AlreadyCached=283, UsedBeforeEvict=29, EvictedBeforeUse=7
    Predictor TopK matches: 0=5 1=34 >=2=0
Layer 29 Cache Stats: Hits=499, Misses=133, HitRate=78.96%
    Predictor Routed-Expert HitRate=66.67% (26/39, routed_n=1, horizon=2)
    Predictor RoutedForcedN HitRate=66.67% (26/39)
    Predictor RoutedTopK HitRate=47.76% (149/312)
    Predicted RequestedByRouterForcedN Rate=8.33% (26/312)
    Predicted RequestedByRouterTopK Rate=47.76% (149/312)
    Predictor WindowRecall Rate=46.77% (246/526)
    Predictor WindowPrecision Rate=78.85% (246/312)
    Loads Per Step: 0Loads=12, 1Load=29, >1Load=38
    Bandwidth: StallLoads=133, PrefetchLoads=56, AvgLoadTime=6.39ms
    PrefetchOverlap: HiddenReady=50, HiddenWait=0, TicksSkipped=0
    MissCause: NotPresent=133, NotReadyStall=0
    PrefetchEff: Dropped=0, AlreadyCached=264, UsedBeforeEvict=50, EvictedBeforeUse=5
    Predictor TopK matches: 0=13 1=26 >=2=0
Layer 30 Cache Stats: Hits=574, Misses=58, HitRate=90.82%
    Predictor Routed-Expert HitRate=94.87% (37/39, routed_n=1, horizon=2)
    Predictor RoutedForcedN HitRate=94.87% (37/39)
    Predictor RoutedTopK HitRate=57.37% (179/312)
    Predicted RequestedByRouterForcedN Rate=11.86% (37/312)
    Predicted RequestedByRouterTopK Rate=57.37% (179/312)
    Predictor WindowRecall Rate=53.33% (248/465)
    Predictor WindowPrecision Rate=79.49% (248/312)
    Loads Per Step: 0Loads=39, 1Load=23, >1Load=17
    Bandwidth: StallLoads=58, PrefetchLoads=12, AvgLoadTime=8.84ms
    PrefetchOverlap: HiddenReady=11, HiddenWait=0, TicksSkipped=0
    MissCause: NotPresent=58, NotReadyStall=0
    PrefetchEff: Dropped=0, AlreadyCached=308, UsedBeforeEvict=11, EvictedBeforeUse=1
    Predictor TopK matches: 0=2 1=37 >=2=0
Layer 31 Cache Stats: Hits=587, Misses=45, HitRate=92.88%
    Predictor Routed-Expert HitRate=74.36% (29/39, routed_n=1, horizon=2)
    Predictor RoutedForcedN HitRate=74.36% (29/39)
    Predictor RoutedTopK HitRate=65.38% (204/312)
    Predicted RequestedByRouterForcedN Rate=9.29% (29/312)
    Predicted RequestedByRouterTopK Rate=65.38% (204/312)
    Predictor WindowRecall Rate=60.32% (263/436)
    Predictor WindowPrecision Rate=84.29% (263/312)
    Loads Per Step: 0Loads=45, 1Load=25, >1Load=9
    Bandwidth: StallLoads=45, PrefetchLoads=12, AvgLoadTime=9.29ms
    PrefetchOverlap: HiddenReady=9, HiddenWait=0, TicksSkipped=0
    MissCause: NotPresent=45, NotReadyStall=0
    PrefetchEff: Dropped=0, AlreadyCached=308, UsedBeforeEvict=9, EvictedBeforeUse=3
    Predictor TopK matches: 0=10 1=29 >=2=0
Layer 32 Cache Stats: Hits=563, Misses=69, HitRate=89.08%
    Predictor Routed-Expert HitRate=66.67% (26/39, routed_n=1, horizon=2)
    Predictor RoutedForcedN HitRate=66.67% (26/39)
    Predictor RoutedTopK HitRate=56.09% (175/312)
    Predicted RequestedByRouterForcedN Rate=8.33% (26/312)
    Predicted RequestedByRouterTopK Rate=56.09% (175/312)
    Predictor WindowRecall Rate=53.77% (257/478)
    Predictor WindowPrecision Rate=82.37% (257/312)
    Loads Per Step: 0Loads=39, 1Load=20, >1Load=20
    Bandwidth: StallLoads=69, PrefetchLoads=29, AvgLoadTime=7.69ms
    PrefetchOverlap: HiddenReady=26, HiddenWait=0, TicksSkipped=0
    MissCause: NotPresent=69, NotReadyStall=0
    PrefetchEff: Dropped=0, AlreadyCached=291, UsedBeforeEvict=26, EvictedBeforeUse=3
    Predictor TopK matches: 0=13 1=26 >=2=0
Layer 33 Cache Stats: Hits=550, Misses=82, HitRate=87.03%
    Predictor Routed-Expert HitRate=74.36% (29/39, routed_n=1, horizon=2)
    Predictor RoutedForcedN HitRate=74.36% (29/39)
    Predictor RoutedTopK HitRate=59.29% (185/312)
    Predicted RequestedByRouterForcedN Rate=9.29% (29/312)
    Predicted RequestedByRouterTopK Rate=59.29% (185/312)
    Predictor WindowRecall Rate=55.44% (260/469)
    Predictor WindowPrecision Rate=83.33% (260/312)
    Loads Per Step: 0Loads=32, 1Load=24, >1Load=23
    Bandwidth: StallLoads=82, PrefetchLoads=24, AvgLoadTime=8.05ms
    PrefetchOverlap: HiddenReady=20, HiddenWait=0, TicksSkipped=0
    MissCause: NotPresent=82, NotReadyStall=0
    PrefetchEff: Dropped=0, AlreadyCached=296, UsedBeforeEvict=20, EvictedBeforeUse=4
    Predictor TopK matches: 0=10 1=29 >=2=0
Layer 34 Cache Stats: Hits=518, Misses=114, HitRate=81.96%
    Predictor Routed-Expert HitRate=53.85% (21/39, routed_n=1, horizon=2)
    Predictor RoutedForcedN HitRate=53.85% (21/39)
    Predictor RoutedTopK HitRate=46.79% (146/312)
    Predicted RequestedByRouterForcedN Rate=6.73% (21/312)
    Predicted RequestedByRouterTopK Rate=46.79% (146/312)
    Predictor WindowRecall Rate=47.37% (243/513)
    Predictor WindowPrecision Rate=77.88% (243/312)
    Loads Per Step: 0Loads=25, 1Load=23, >1Load=31
    Bandwidth: StallLoads=114, PrefetchLoads=39, AvgLoadTime=6.87ms
    PrefetchOverlap: HiddenReady=31, HiddenWait=0, TicksSkipped=0
    MissCause: NotPresent=114, NotReadyStall=0
    PrefetchEff: Dropped=0, AlreadyCached=281, UsedBeforeEvict=31, EvictedBeforeUse=8
    Predictor TopK matches: 0=18 1=21 >=2=0
Layer 35 Cache Stats: Hits=501, Misses=131, HitRate=79.27%
    Predictor Routed-Expert HitRate=69.23% (27/39, routed_n=1, horizon=2)
    Predictor RoutedForcedN HitRate=69.23% (27/39)
    Predictor RoutedTopK HitRate=46.47% (145/312)
    Predicted RequestedByRouterForcedN Rate=8.65% (27/312)
    Predicted RequestedByRouterTopK Rate=46.47% (145/312)
    Predictor WindowRecall Rate=45.90% (241/525)
    Predictor WindowPrecision Rate=77.24% (241/312)
    Loads Per Step: 0Loads=14, 1Load=26, >1Load=39
    Bandwidth: StallLoads=131, PrefetchLoads=65, AvgLoadTime=6.66ms
    PrefetchOverlap: HiddenReady=53, HiddenWait=0, TicksSkipped=0
    MissCause: NotPresent=131, NotReadyStall=0
    PrefetchEff: Dropped=0, AlreadyCached=255, UsedBeforeEvict=53, EvictedBeforeUse=9
    Predictor TopK matches: 0=12 1=27 >=2=0
Layer 36 Cache Stats: Hits=512, Misses=120, HitRate=81.01%
    Predictor Routed-Expert HitRate=64.10% (25/39, routed_n=1, horizon=2)
    Predictor RoutedForcedN HitRate=64.10% (25/39)
    Predictor RoutedTopK HitRate=53.21% (166/312)
    Predicted RequestedByRouterForcedN Rate=8.01% (25/312)
    Predicted RequestedByRouterTopK Rate=53.21% (166/312)
    Predictor WindowRecall Rate=47.97% (236/492)
    Predictor WindowPrecision Rate=75.64% (236/312)
    Loads Per Step: 0Loads=13, 1Load=30, >1Load=36
    Bandwidth: StallLoads=120, PrefetchLoads=30, AvgLoadTime=7.86ms
    PrefetchOverlap: HiddenReady=23, HiddenWait=0, TicksSkipped=0
    MissCause: NotPresent=120, NotReadyStall=0
    PrefetchEff: Dropped=0, AlreadyCached=290, UsedBeforeEvict=23, EvictedBeforeUse=4
    Predictor TopK matches: 0=14 1=25 >=2=0
Layer 37 Cache Stats: Hits=528, Misses=104, HitRate=83.54%
    Predictor Routed-Expert HitRate=66.67% (26/39, routed_n=1, horizon=2)
    Predictor RoutedForcedN HitRate=66.67% (26/39)
    Predictor RoutedTopK HitRate=51.92% (162/312)
    Predicted RequestedByRouterForcedN Rate=8.33% (26/312)
    Predicted RequestedByRouterTopK Rate=51.92% (162/312)
    Predictor WindowRecall Rate=50.88% (261/513)
    Predictor WindowPrecision Rate=83.65% (261/312)
    Loads Per Step: 0Loads=21, 1Load=27, >1Load=31
    Bandwidth: StallLoads=104, PrefetchLoads=89, AvgLoadTime=7.10ms
    PrefetchOverlap: HiddenReady=75, HiddenWait=0, TicksSkipped=0
    MissCause: NotPresent=104, NotReadyStall=0
    PrefetchEff: Dropped=0, AlreadyCached=231, UsedBeforeEvict=75, EvictedBeforeUse=10
    Predictor TopK matches: 0=13 1=26 >=2=0
Layer 38 Cache Stats: Hits=538, Misses=94, HitRate=85.13%
    Predictor Routed-Expert HitRate=89.74% (35/39, routed_n=1, horizon=2)
    Predictor RoutedForcedN HitRate=89.74% (35/39)
    Predictor RoutedTopK HitRate=62.18% (194/312)
    Predicted RequestedByRouterForcedN Rate=11.22% (35/312)
    Predicted RequestedByRouterTopK Rate=62.18% (194/312)
    Predictor WindowRecall Rate=56.94% (275/483)
    Predictor WindowPrecision Rate=88.14% (275/312)
    Loads Per Step: 0Loads=19, 1Load=36, >1Load=24
    Bandwidth: StallLoads=94, PrefetchLoads=39, AvgLoadTime=8.93ms
    PrefetchOverlap: HiddenReady=32, HiddenWait=0, TicksSkipped=0
    MissCause: NotPresent=94, NotReadyStall=0
    PrefetchEff: Dropped=0, AlreadyCached=281, UsedBeforeEvict=32, EvictedBeforeUse=4
    Predictor TopK matches: 0=4 1=35 >=2=0
Layer 39 Cache Stats: Hits=532, Misses=100, HitRate=84.18%
    Predictor Routed-Expert HitRate=79.49% (31/39, routed_n=1, horizon=2)
    Predictor RoutedForcedN HitRate=79.49% (31/39)
    Predictor RoutedTopK HitRate=57.69% (180/312)
    Predicted RequestedByRouterForcedN Rate=9.94% (31/312)
    Predicted RequestedByRouterTopK Rate=57.69% (180/312)
    Predictor WindowRecall Rate=52.58% (255/485)
    Predictor WindowPrecision Rate=81.73% (255/312)
    Loads Per Step: 0Loads=27, 1Load=22, >1Load=30
    Bandwidth: StallLoads=100, PrefetchLoads=30, AvgLoadTime=7.44ms
    PrefetchOverlap: HiddenReady=24, HiddenWait=0, TicksSkipped=0
    MissCause: NotPresent=100, NotReadyStall=0
    PrefetchEff: Dropped=0, AlreadyCached=290, UsedBeforeEvict=24, EvictedBeforeUse=4
    Predictor TopK matches: 0=8 1=31 >=2=0
Layer 40 Cache Stats: Hits=542, Misses=90, HitRate=85.76%
    Predictor Routed-Expert HitRate=79.49% (31/39, routed_n=1, horizon=2)
    Predictor RoutedForcedN HitRate=79.49% (31/39)
    Predictor RoutedTopK HitRate=64.10% (200/312)
    Predicted RequestedByRouterForcedN Rate=9.94% (31/312)
    Predicted RequestedByRouterTopK Rate=64.10% (200/312)
    Predictor WindowRecall Rate=55.90% (270/483)
    Predictor WindowPrecision Rate=86.54% (270/312)
    Loads Per Step: 0Loads=24, 1Load=28, >1Load=27
    Bandwidth: StallLoads=90, PrefetchLoads=57, AvgLoadTime=7.38ms
    PrefetchOverlap: HiddenReady=51, HiddenWait=0, TicksSkipped=0
    MissCause: NotPresent=90, NotReadyStall=0
    PrefetchEff: Dropped=0, AlreadyCached=263, UsedBeforeEvict=51, EvictedBeforeUse=5
    Predictor TopK matches: 0=8 1=31 >=2=0
Layer 41 Cache Stats: Hits=521, Misses=111, HitRate=82.44%
    Predictor Routed-Expert HitRate=66.67% (26/39, routed_n=1, horizon=2)
    Predictor RoutedForcedN HitRate=66.67% (26/39)
    Predictor RoutedTopK HitRate=53.21% (166/312)
    Predicted RequestedByRouterForcedN Rate=8.33% (26/312)
    Predicted RequestedByRouterTopK Rate=53.21% (166/312)
    Predictor WindowRecall Rate=54.31% (277/510)
    Predictor WindowPrecision Rate=88.78% (277/312)
    Loads Per Step: 0Loads=22, 1Load=25, >1Load=32
    Bandwidth: StallLoads=111, PrefetchLoads=75, AvgLoadTime=6.96ms
    PrefetchOverlap: HiddenReady=69, HiddenWait=0, TicksSkipped=0
    MissCause: NotPresent=111, NotReadyStall=0
    PrefetchEff: Dropped=0, AlreadyCached=245, UsedBeforeEvict=69, EvictedBeforeUse=6
    Predictor TopK matches: 0=13 1=26 >=2=0
Layer 42 Cache Stats: Hits=531, Misses=101, HitRate=84.02%
    Predictor Routed-Expert HitRate=66.67% (26/39, routed_n=1, horizon=2)
    Predictor RoutedForcedN HitRate=66.67% (26/39)
    Predictor RoutedTopK HitRate=53.85% (168/312)
    Predicted RequestedByRouterForcedN Rate=8.33% (26/312)
    Predicted RequestedByRouterTopK Rate=53.85% (168/312)
    Predictor WindowRecall Rate=54.35% (275/506)
    Predictor WindowPrecision Rate=88.14% (275/312)
    Loads Per Step: 0Loads=14, 1Load=38, >1Load=27
    Bandwidth: StallLoads=101, PrefetchLoads=62, AvgLoadTime=8.47ms
    PrefetchOverlap: HiddenReady=59, HiddenWait=0, TicksSkipped=0
    MissCause: NotPresent=101, NotReadyStall=0
    PrefetchEff: Dropped=0, AlreadyCached=258, UsedBeforeEvict=59, EvictedBeforeUse=2
    Predictor TopK matches: 0=13 1=26 >=2=0
Layer 43 Cache Stats: Hits=535, Misses=97, HitRate=84.65%
    Predictor Routed-Expert HitRate=71.79% (28/39, routed_n=1, horizon=2)
    Predictor RoutedForcedN HitRate=71.79% (28/39)
    Predictor RoutedTopK HitRate=55.45% (173/312)
    Predicted RequestedByRouterForcedN Rate=8.97% (28/312)
    Predicted RequestedByRouterTopK Rate=55.45% (173/312)
    Predictor WindowRecall Rate=51.97% (264/508)
    Predictor WindowPrecision Rate=84.62% (264/312)
    Loads Per Step: 0Loads=19, 1Load=37, >1Load=23
    Bandwidth: StallLoads=97, PrefetchLoads=57, AvgLoadTime=8.92ms
    PrefetchOverlap: HiddenReady=49, HiddenWait=0, TicksSkipped=0
    MissCause: NotPresent=97, NotReadyStall=0
    PrefetchEff: Dropped=0, AlreadyCached=263, UsedBeforeEvict=49, EvictedBeforeUse=8
    Predictor TopK matches: 0=11 1=28 >=2=0
Layer 44 Cache Stats: Hits=551, Misses=81, HitRate=87.18%
    Predictor Routed-Expert HitRate=92.31% (36/39, routed_n=1, horizon=2)
    Predictor RoutedForcedN HitRate=92.31% (36/39)
    Predictor RoutedTopK HitRate=60.26% (188/312)
    Predicted RequestedByRouterForcedN Rate=11.54% (36/312)
    Predicted RequestedByRouterTopK Rate=60.26% (188/312)
    Predictor WindowRecall Rate=57.08% (274/480)
    Predictor WindowPrecision Rate=87.82% (274/312)
    Loads Per Step: 0Loads=29, 1Load=27, >1Load=23
    Bandwidth: StallLoads=81, PrefetchLoads=43, AvgLoadTime=8.82ms
    PrefetchOverlap: HiddenReady=39, HiddenWait=0, TicksSkipped=0
    MissCause: NotPresent=81, NotReadyStall=0
    PrefetchEff: Dropped=0, AlreadyCached=277, UsedBeforeEvict=39, EvictedBeforeUse=3
    Predictor TopK matches: 0=3 1=36 >=2=0
Layer 45 Cache Stats: Hits=545, Misses=87, HitRate=86.23%
    Predictor Routed-Expert HitRate=69.23% (27/39, routed_n=1, horizon=2)
    Predictor RoutedForcedN HitRate=69.23% (27/39)
    Predictor RoutedTopK HitRate=54.81% (171/312)
    Predicted RequestedByRouterForcedN Rate=8.65% (27/312)
    Predicted RequestedByRouterTopK Rate=54.81% (171/312)
    Predictor WindowRecall Rate=53.07% (259/488)
    Predictor WindowPrecision Rate=83.01% (259/312)
    Loads Per Step: 0Loads=26, 1Load=28, >1Load=25
    Bandwidth: StallLoads=87, PrefetchLoads=51, AvgLoadTime=8.33ms
    PrefetchOverlap: HiddenReady=49, HiddenWait=0, TicksSkipped=0
    MissCause: NotPresent=87, NotReadyStall=0
    PrefetchEff: Dropped=0, AlreadyCached=269, UsedBeforeEvict=49, EvictedBeforeUse=1
    Predictor TopK matches: 0=12 1=27 >=2=0
Layer 46 Cache Stats: Hits=529, Misses=103, HitRate=83.70%
    Predictor Routed-Expert HitRate=69.23% (27/39, routed_n=1, horizon=2)
    Predictor RoutedForcedN HitRate=69.23% (27/39)
    Predictor RoutedTopK HitRate=51.28% (160/312)
    Predicted RequestedByRouterForcedN Rate=8.65% (27/312)
    Predicted RequestedByRouterTopK Rate=51.28% (160/312)
    Predictor WindowRecall Rate=54.18% (272/502)
    Predictor WindowPrecision Rate=87.18% (272/312)
    Loads Per Step: 0Loads=22, 1Load=24, >1Load=33
    Bandwidth: StallLoads=103, PrefetchLoads=70, AvgLoadTime=8.16ms
    PrefetchOverlap: HiddenReady=61, HiddenWait=0, TicksSkipped=0
    MissCause: NotPresent=103, NotReadyStall=0
    PrefetchEff: Dropped=0, AlreadyCached=250, UsedBeforeEvict=61, EvictedBeforeUse=8
    Predictor TopK matches: 0=12 1=27 >=2=0
Layer 47 Cache Stats: Hits=489, Misses=143, HitRate=77.37%
    Predictor Routed-Expert HitRate=56.41% (22/39, routed_n=1, horizon=2)
    Predictor RoutedForcedN HitRate=56.41% (22/39)
    Predictor RoutedTopK HitRate=47.12% (147/312)
    Predicted RequestedByRouterForcedN Rate=7.05% (22/312)
    Predicted RequestedByRouterTopK Rate=47.12% (147/312)
    Predictor WindowRecall Rate=51.31% (275/536)
    Predictor WindowPrecision Rate=88.14% (275/312)
    Loads Per Step: 0Loads=19, 1Load=15, >1Load=45
    Bandwidth: StallLoads=143, PrefetchLoads=91, AvgLoadTime=6.11ms
    PrefetchOverlap: HiddenReady=84, HiddenWait=0, TicksSkipped=0
    MissCause: NotPresent=143, NotReadyStall=0
    PrefetchEff: Dropped=0, AlreadyCached=229, UsedBeforeEvict=84, EvictedBeforeUse=6
    Predictor TopK matches: 0=17 1=22 >=2=0
============================================================
[TorchScriptPredictor Layer 0] Shutdown complete
[TorchScriptPredictor Layer 1] Shutdown complete
[TorchScriptPredictor Layer 2] Shutdown complete
[TorchScriptPredictor Layer 3] Shutdown complete
[TorchScriptPredictor Layer 4] Shutdown complete
[TorchScriptPredictor Layer 5] Shutdown complete
[TorchScriptPredictor Layer 6] Shutdown complete
[TorchScriptPredictor Layer 7] Shutdown complete
[TorchScriptPredictor Layer 8] Shutdown complete
[TorchScriptPredictor Layer 9] Shutdown complete
[TorchScriptPredictor Layer 10] Shutdown complete
[TorchScriptPredictor Layer 11] Shutdown complete
[TorchScriptPredictor Layer 12] Shutdown complete
[TorchScriptPredictor Layer 13] Shutdown complete
[TorchScriptPredictor Layer 14] Shutdown complete
[TorchScriptPredictor Layer 15] Shutdown complete
[TorchScriptPredictor Layer 16] Shutdown complete
[TorchScriptPredictor Layer 17] Shutdown complete
[TorchScriptPredictor Layer 18] Shutdown complete
[TorchScriptPredictor Layer 19] Shutdown complete
[TorchScriptPredictor Layer 20] Shutdown complete
[TorchScriptPredictor Layer 21] Shutdown complete
[TorchScriptPredictor Layer 22] Shutdown complete
[TorchScriptPredictor Layer 23] Shutdown complete
[TorchScriptPredictor Layer 24] Shutdown complete
[TorchScriptPredictor Layer 25] Shutdown complete
[TorchScriptPredictor Layer 26] Shutdown complete
[TorchScriptPredictor Layer 27] Shutdown complete
[TorchScriptPredictor Layer 28] Shutdown complete
[TorchScriptPredictor Layer 29] Shutdown complete
[TorchScriptPredictor Layer 30] Shutdown complete
[TorchScriptPredictor Layer 31] Shutdown complete
[TorchScriptPredictor Layer 32] Shutdown complete
[TorchScriptPredictor Layer 33] Shutdown complete
[TorchScriptPredictor Layer 34] Shutdown complete
[TorchScriptPredictor Layer 35] Shutdown complete
[TorchScriptPredictor Layer 36] Shutdown complete
[TorchScriptPredictor Layer 37] Shutdown complete
[TorchScriptPredictor Layer 38] Shutdown complete
[TorchScriptPredictor Layer 39] Shutdown complete
[TorchScriptPredictor Layer 40] Shutdown complete
[TorchScriptPredictor Layer 41] Shutdown complete
[TorchScriptPredictor Layer 42] Shutdown complete
[TorchScriptPredictor Layer 43] Shutdown complete
[TorchScriptPredictor Layer 44] Shutdown complete
[TorchScriptPredictor Layer 45] Shutdown complete
[TorchScriptPredictor Layer 46] Shutdown complete
[TorchScriptPredictor Layer 47] Shutdown complete
============================================================
Initializing Qwen3 30B-A3B AWQ w4a16 quantized model...
============================================================
Loading quantized weights from QuixiAI/Qwen3-30B-A3B-AWQ...
Using saved safetensors: /home/michael/heteroPredict/py/unified_llm_w4a16/model_weights/Qwen3-30B-A3B-AWQ.safetensors
Expert weights dir: /home/michael/heteroPredict/py/unified_llm_w4a16/model_weights/Qwen3-30B-A3B-AWQ_packed  (format: packed)
Using existing attention weights in /home/michael/heteroPredict/py/unified_llm_w4a16/model_weights/Qwen3-30B-A3B-AWQ_unpacked
Weights loaded (expert dir override) in 0.29 seconds
Pre-warming expert cache with 32 experts...
Model initialized successfully!
Set expert cache policy to LFRU.

Running sweep using prompts from JSON: /tmp/tmp89i594zt.json
Loaded 1 prompts for sweeping.

Processing Prompt 1/1...

============================================================
Generated text only:
============================================================
 Stephens , which was performed in 2001 at the Royal Court Theatre . He had a guest role in the television series Judge John Deed in 2002 . In 2004 Boulter landed a role as " Craig " in the episode " Teddy 's Story " of the television series The Long Firm ; he starred alongside actors Mark Strong and Derek Jacobi
============================================================

============================================================
Sweep Complete.
Average Time per Token: 0.727329
End-to-End TPS: 1.3749
Cache Stats: Hits=25457, Misses=4879, HitRate=83.92%
Predictor Stats: Hits=1352, Total=1872, HitRate=72.22%
Initializing UnifiedLLMW4A16Impl_base
Using NPU config struct.
Configuring NPU (Base):
  Heterogeneity: gpu
  GPU Count: 1
  Debug Verbosity: 1
  Dummy Weights: false
  Warmup: false
  Preload MoE: true
  Minimal PDI: true
[GPU SELECT] Free VRAM ranking: gpu0=28.00/28.00 GiB
[GPU SELECT] Selected GPUs for gpu-count=1: [0]
[GPU MAP] Single-GPU placement on gpu0
[Predictor] Layer 0 model path resolved to: /home/michael/heteroPredict/trainingData/qwen3_30b/transformer_final_pfill_markov_emb/transformer_eh4_h64_f2/layer_0/best_jit.pt
[Predictor] Running on device: CPU (NPU path) (heterogeneity="gpu", predictor_device="cpu")
[ThreadedTorchScriptPredictor Layer 0] Detected history_length=4 from /home/michael/heteroPredict/trainingData/qwen3_30b/transformer_final_pfill_markov_emb/transformer_eh4_h64_f2/layer_0/best.json
[TorchScriptPredictor Layer 0] Loading model on CPU
[TorchScriptPredictor Layer 0] Assuming prefill_dist, prev_expert_onehot, and prev_layers_feat support (v3 API).
[TorchScriptPredictor Layer 0] prefill_dist support: yes, prev_expert_onehot support: yes, prev_layers_feat support: yes
[TorchScriptPredictor Layer 0] Loaded model: /home/michael/heteroPredict/trainingData/qwen3_30b/transformer_final_pfill_markov_emb/transformer_eh4_h64_f2/layer_0/best_jit.pt
[ThreadedTorchScriptPredictor Layer 1] Detected history_length=4 from /home/michael/heteroPredict/trainingData/qwen3_30b/transformer_final_pfill_markov_emb/transformer_eh4_h64_f2/layer_1/best.json
[TorchScriptPredictor Layer 1] Loading model on CPU
[TorchScriptPredictor Layer 1] Assuming prefill_dist, prev_expert_onehot, and prev_layers_feat support (v3 API).
[TorchScriptPredictor Layer 1] prefill_dist support: yes, prev_expert_onehot support: yes, prev_layers_feat support: yes
[TorchScriptPredictor Layer 1] Loaded model: /home/michael/heteroPredict/trainingData/qwen3_30b/transformer_final_pfill_markov_emb/transformer_eh4_h64_f2/layer_1/best_jit.pt
[ThreadedTorchScriptPredictor Layer 2] Detected history_length=4 from /home/michael/heteroPredict/trainingData/qwen3_30b/transformer_final_pfill_markov_emb/transformer_eh4_h64_f2/layer_2/best.json
[TorchScriptPredictor Layer 2] Loading model on CPU
[TorchScriptPredictor Layer 2] Assuming prefill_dist, prev_expert_onehot, and prev_layers_feat support (v3 API).
[TorchScriptPredictor Layer 2] prefill_dist support: yes, prev_expert_onehot support: yes, prev_layers_feat support: yes
[TorchScriptPredictor Layer 2] Loaded model: /home/michael/heteroPredict/trainingData/qwen3_30b/transformer_final_pfill_markov_emb/transformer_eh4_h64_f2/layer_2/best_jit.pt
[ThreadedTorchScriptPredictor Layer 3] Detected history_length=4 from /home/michael/heteroPredict/trainingData/qwen3_30b/transformer_final_pfill_markov_emb/transformer_eh4_h64_f2/layer_3/best.json
[TorchScriptPredictor Layer 3] Loading model on CPU
[TorchScriptPredictor Layer 3] Assuming prefill_dist, prev_expert_onehot, and prev_layers_feat support (v3 API).
[TorchScriptPredictor Layer 3] prefill_dist support: yes, prev_expert_onehot support: yes, prev_layers_feat support: yes
[TorchScriptPredictor Layer 3] Loaded model: /home/michael/heteroPredict/trainingData/qwen3_30b/transformer_final_pfill_markov_emb/transformer_eh4_h64_f2/layer_3/best_jit.pt
[ThreadedTorchScriptPredictor Layer 4] Detected history_length=4 from /home/michael/heteroPredict/trainingData/qwen3_30b/transformer_final_pfill_markov_emb/transformer_eh4_h64_f2/layer_4/best.json
[TorchScriptPredictor Layer 4] Loading model on CPU
[TorchScriptPredictor Layer 4] Assuming prefill_dist, prev_expert_onehot, and prev_layers_feat support (v3 API).
[TorchScriptPredictor Layer 4] prefill_dist support: yes, prev_expert_onehot support: yes, prev_layers_feat support: yes
[TorchScriptPredictor Layer 4] Loaded model: /home/michael/heteroPredict/trainingData/qwen3_30b/transformer_final_pfill_markov_emb/transformer_eh4_h64_f2/layer_4/best_jit.pt
[ThreadedTorchScriptPredictor Layer 5] Detected history_length=4 from /home/michael/heteroPredict/trainingData/qwen3_30b/transformer_final_pfill_markov_emb/transformer_eh4_h64_f2/layer_5/best.json
[TorchScriptPredictor Layer 5] Loading model on CPU
[TorchScriptPredictor Layer 5] Assuming prefill_dist, prev_expert_onehot, and prev_layers_feat support (v3 API).
[TorchScriptPredictor Layer 5] prefill_dist support: yes, prev_expert_onehot support: yes, prev_layers_feat support: yes
[TorchScriptPredictor Layer 5] Loaded model: /home/michael/heteroPredict/trainingData/qwen3_30b/transformer_final_pfill_markov_emb/transformer_eh4_h64_f2/layer_5/best_jit.pt
[ThreadedTorchScriptPredictor Layer 6] Detected history_length=4 from /home/michael/heteroPredict/trainingData/qwen3_30b/transformer_final_pfill_markov_emb/transformer_eh4_h64_f2/layer_6/best.json
[TorchScriptPredictor Layer 6] Loading model on CPU
[TorchScriptPredictor Layer 6] Assuming prefill_dist, prev_expert_onehot, and prev_layers_feat support (v3 API).
[TorchScriptPredictor Layer 6] prefill_dist support: yes, prev_expert_onehot support: yes, prev_layers_feat support: yes
[TorchScriptPredictor Layer 6] Loaded model: /home/michael/heteroPredict/trainingData/qwen3_30b/transformer_final_pfill_markov_emb/transformer_eh4_h64_f2/layer_6/best_jit.pt
[ThreadedTorchScriptPredictor Layer 7] Detected history_length=4 from /home/michael/heteroPredict/trainingData/qwen3_30b/transformer_final_pfill_markov_emb/transformer_eh4_h64_f2/layer_7/best.json
[TorchScriptPredictor Layer 7] Loading model on CPU
[TorchScriptPredictor Layer 7] Assuming prefill_dist, prev_expert_onehot, and prev_layers_feat support (v3 API).
[TorchScriptPredictor Layer 7] prefill_dist support: yes, prev_expert_onehot support: yes, prev_layers_feat support: yes
[TorchScriptPredictor Layer 7] Loaded model: /home/michael/heteroPredict/trainingData/qwen3_30b/transformer_final_pfill_markov_emb/transformer_eh4_h64_f2/layer_7/best_jit.pt
[ThreadedTorchScriptPredictor Layer 8] Detected history_length=4 from /home/michael/heteroPredict/trainingData/qwen3_30b/transformer_final_pfill_markov_emb/transformer_eh4_h64_f2/layer_8/best.json
[TorchScriptPredictor Layer 8] Loading model on CPU
[TorchScriptPredictor Layer 8] Assuming prefill_dist, prev_expert_onehot, and prev_layers_feat support (v3 API).
[TorchScriptPredictor Layer 8] prefill_dist support: yes, prev_expert_onehot support: yes, prev_layers_feat support: yes
[TorchScriptPredictor Layer 8] Loaded model: /home/michael/heteroPredict/trainingData/qwen3_30b/transformer_final_pfill_markov_emb/transformer_eh4_h64_f2/layer_8/best_jit.pt
[ThreadedTorchScriptPredictor Layer 9] Detected history_length=4 from /home/michael/heteroPredict/trainingData/qwen3_30b/transformer_final_pfill_markov_emb/transformer_eh4_h64_f2/layer_9/best.json
[TorchScriptPredictor Layer 9] Loading model on CPU
[TorchScriptPredictor Layer 9] Assuming prefill_dist, prev_expert_onehot, and prev_layers_feat support (v3 API).
[TorchScriptPredictor Layer 9] prefill_dist support: yes, prev_expert_onehot support: yes, prev_layers_feat support: yes
[TorchScriptPredictor Layer 9] Loaded model: /home/michael/heteroPredict/trainingData/qwen3_30b/transformer_final_pfill_markov_emb/transformer_eh4_h64_f2/layer_9/best_jit.pt
[ThreadedTorchScriptPredictor Layer 10] Detected history_length=4 from /home/michael/heteroPredict/trainingData/qwen3_30b/transformer_final_pfill_markov_emb/transformer_eh4_h64_f2/layer_10/best.json
[TorchScriptPredictor Layer 10] Loading model on CPU
[TorchScriptPredictor Layer 10] Assuming prefill_dist, prev_expert_onehot, and prev_layers_feat support (v3 API).
[TorchScriptPredictor Layer 10] prefill_dist support: yes, prev_expert_onehot support: yes, prev_layers_feat support: yes
[TorchScriptPredictor Layer 10] Loaded model: /home/michael/heteroPredict/trainingData/qwen3_30b/transformer_final_pfill_markov_emb/transformer_eh4_h64_f2/layer_10/best_jit.pt
[ThreadedTorchScriptPredictor Layer 11] Detected history_length=4 from /home/michael/heteroPredict/trainingData/qwen3_30b/transformer_final_pfill_markov_emb/transformer_eh4_h64_f2/layer_11/best.json
[TorchScriptPredictor Layer 11] Loading model on CPU
[TorchScriptPredictor Layer 11] Assuming prefill_dist, prev_expert_onehot, and prev_layers_feat support (v3 API).
[TorchScriptPredictor Layer 11] prefill_dist support: yes, prev_expert_onehot support: yes, prev_layers_feat support: yes
[TorchScriptPredictor Layer 11] Loaded model: /home/michael/heteroPredict/trainingData/qwen3_30b/transformer_final_pfill_markov_emb/transformer_eh4_h64_f2/layer_11/best_jit.pt
[ThreadedTorchScriptPredictor Layer 12] Detected history_length=4 from /home/michael/heteroPredict/trainingData/qwen3_30b/transformer_final_pfill_markov_emb/transformer_eh4_h64_f2/layer_12/best.json
[TorchScriptPredictor Layer 12] Loading model on CPU
[TorchScriptPredictor Layer 12] Assuming prefill_dist, prev_expert_onehot, and prev_layers_feat support (v3 API).
[TorchScriptPredictor Layer 12] prefill_dist support: yes, prev_expert_onehot support: yes, prev_layers_feat support: yes
[TorchScriptPredictor Layer 12] Loaded model: /home/michael/heteroPredict/trainingData/qwen3_30b/transformer_final_pfill_markov_emb/transformer_eh4_h64_f2/layer_12/best_jit.pt
[ThreadedTorchScriptPredictor Layer 13] Detected history_length=4 from /home/michael/heteroPredict/trainingData/qwen3_30b/transformer_final_pfill_markov_emb/transformer_eh4_h64_f2/layer_13/best.json
[TorchScriptPredictor Layer 13] Loading model on CPU
[TorchScriptPredictor Layer 13] Assuming prefill_dist, prev_expert_onehot, and prev_layers_feat support (v3 API).
[TorchScriptPredictor Layer 13] prefill_dist support: yes, prev_expert_onehot support: yes, prev_layers_feat support: yes
[TorchScriptPredictor Layer 13] Loaded model: /home/michael/heteroPredict/trainingData/qwen3_30b/transformer_final_pfill_markov_emb/transformer_eh4_h64_f2/layer_13/best_jit.pt
[ThreadedTorchScriptPredictor Layer 14] Detected history_length=4 from /home/michael/heteroPredict/trainingData/qwen3_30b/transformer_final_pfill_markov_emb/transformer_eh4_h64_f2/layer_14/best.json
[TorchScriptPredictor Layer 14] Loading model on CPU
[TorchScriptPredictor Layer 14] Assuming prefill_dist, prev_expert_onehot, and prev_layers_feat support (v3 API).
[TorchScriptPredictor Layer 14] prefill_dist support: yes, prev_expert_onehot support: yes, prev_layers_feat support: yes
[TorchScriptPredictor Layer 14] Loaded model: /home/michael/heteroPredict/trainingData/qwen3_30b/transformer_final_pfill_markov_emb/transformer_eh4_h64_f2/layer_14/best_jit.pt
[ThreadedTorchScriptPredictor Layer 15] Detected history_length=4 from /home/michael/heteroPredict/trainingData/qwen3_30b/transformer_final_pfill_markov_emb/transformer_eh4_h64_f2/layer_15/best.json
[TorchScriptPredictor Layer 15] Loading model on CPU
[TorchScriptPredictor Layer 15] Assuming prefill_dist, prev_expert_onehot, and prev_layers_feat support (v3 API).
[TorchScriptPredictor Layer 15] prefill_dist support: yes, prev_expert_onehot support: yes, prev_layers_feat support: yes
[TorchScriptPredictor Layer 15] Loaded model: /home/michael/heteroPredict/trainingData/qwen3_30b/transformer_final_pfill_markov_emb/transformer_eh4_h64_f2/layer_15/best_jit.pt
[ThreadedTorchScriptPredictor Layer 16] Detected history_length=4 from /home/michael/heteroPredict/trainingData/qwen3_30b/transformer_final_pfill_markov_emb/transformer_eh4_h64_f2/layer_16/best.json
[TorchScriptPredictor Layer 16] Loading model on CPU
[TorchScriptPredictor Layer 16] Assuming prefill_dist, prev_expert_onehot, and prev_layers_feat support (v3 API).
[TorchScriptPredictor Layer 16] prefill_dist support: yes, prev_expert_onehot support: yes, prev_layers_feat support: yes
[TorchScriptPredictor Layer 16] Loaded model: /home/michael/heteroPredict/trainingData/qwen3_30b/transformer_final_pfill_markov_emb/transformer_eh4_h64_f2/layer_16/best_jit.pt
[ThreadedTorchScriptPredictor Layer 17] Detected history_length=4 from /home/michael/heteroPredict/trainingData/qwen3_30b/transformer_final_pfill_markov_emb/transformer_eh4_h64_f2/layer_17/best.json
[TorchScriptPredictor Layer 17] Loading model on CPU
[TorchScriptPredictor Layer 17] Assuming prefill_dist, prev_expert_onehot, and prev_layers_feat support (v3 API).
[TorchScriptPredictor Layer 17] prefill_dist support: yes, prev_expert_onehot support: yes, prev_layers_feat support: yes
[TorchScriptPredictor Layer 17] Loaded model: /home/michael/heteroPredict/trainingData/qwen3_30b/transformer_final_pfill_markov_emb/transformer_eh4_h64_f2/layer_17/best_jit.pt
[ThreadedTorchScriptPredictor Layer 18] Detected history_length=4 from /home/michael/heteroPredict/trainingData/qwen3_30b/transformer_final_pfill_markov_emb/transformer_eh4_h64_f2/layer_18/best.json
[TorchScriptPredictor Layer 18] Loading model on CPU
[TorchScriptPredictor Layer 18] Assuming prefill_dist, prev_expert_onehot, and prev_layers_feat support (v3 API).
[TorchScriptPredictor Layer 18] prefill_dist support: yes, prev_expert_onehot support: yes, prev_layers_feat support: yes
[TorchScriptPredictor Layer 18] Loaded model: /home/michael/heteroPredict/trainingData/qwen3_30b/transformer_final_pfill_markov_emb/transformer_eh4_h64_f2/layer_18/best_jit.pt
[ThreadedTorchScriptPredictor Layer 19] Detected history_length=4 from /home/michael/heteroPredict/trainingData/qwen3_30b/transformer_final_pfill_markov_emb/transformer_eh4_h64_f2/layer_19/best.json
[TorchScriptPredictor Layer 19] Loading model on CPU
[TorchScriptPredictor Layer 19] Assuming prefill_dist, prev_expert_onehot, and prev_layers_feat support (v3 API).
[TorchScriptPredictor Layer 19] prefill_dist support: yes, prev_expert_onehot support: yes, prev_layers_feat support: yes
[TorchScriptPredictor Layer 19] Loaded model: /home/michael/heteroPredict/trainingData/qwen3_30b/transformer_final_pfill_markov_emb/transformer_eh4_h64_f2/layer_19/best_jit.pt
[ThreadedTorchScriptPredictor Layer 20] Detected history_length=4 from /home/michael/heteroPredict/trainingData/qwen3_30b/transformer_final_pfill_markov_emb/transformer_eh4_h64_f2/layer_20/best.json
[TorchScriptPredictor Layer 20] Loading model on CPU
[TorchScriptPredictor Layer 20] Assuming prefill_dist, prev_expert_onehot, and prev_layers_feat support (v3 API).
[TorchScriptPredictor Layer 20] prefill_dist support: yes, prev_expert_onehot support: yes, prev_layers_feat support: yes
[TorchScriptPredictor Layer 20] Loaded model: /home/michael/heteroPredict/trainingData/qwen3_30b/transformer_final_pfill_markov_emb/transformer_eh4_h64_f2/layer_20/best_jit.pt
[ThreadedTorchScriptPredictor Layer 21] Detected history_length=4 from /home/michael/heteroPredict/trainingData/qwen3_30b/transformer_final_pfill_markov_emb/transformer_eh4_h64_f2/layer_21/best.json
[TorchScriptPredictor Layer 21] Loading model on CPU
[TorchScriptPredictor Layer 21] Assuming prefill_dist, prev_expert_onehot, and prev_layers_feat support (v3 API).
[TorchScriptPredictor Layer 21] prefill_dist support: yes, prev_expert_onehot support: yes, prev_layers_feat support: yes
[TorchScriptPredictor Layer 21] Loaded model: /home/michael/heteroPredict/trainingData/qwen3_30b/transformer_final_pfill_markov_emb/transformer_eh4_h64_f2/layer_21/best_jit.pt
[ThreadedTorchScriptPredictor Layer 22] Detected history_length=4 from /home/michael/heteroPredict/trainingData/qwen3_30b/transformer_final_pfill_markov_emb/transformer_eh4_h64_f2/layer_22/best.json
[TorchScriptPredictor Layer 22] Loading model on CPU
[TorchScriptPredictor Layer 22] Assuming prefill_dist, prev_expert_onehot, and prev_layers_feat support (v3 API).
[TorchScriptPredictor Layer 22] prefill_dist support: yes, prev_expert_onehot support: yes, prev_layers_feat support: yes
[TorchScriptPredictor Layer 22] Loaded model: /home/michael/heteroPredict/trainingData/qwen3_30b/transformer_final_pfill_markov_emb/transformer_eh4_h64_f2/layer_22/best_jit.pt
[ThreadedTorchScriptPredictor Layer 23] Detected history_length=4 from /home/michael/heteroPredict/trainingData/qwen3_30b/transformer_final_pfill_markov_emb/transformer_eh4_h64_f2/layer_23/best.json
[TorchScriptPredictor Layer 23] Loading model on CPU
[TorchScriptPredictor Layer 23] Assuming prefill_dist, prev_expert_onehot, and prev_layers_feat support (v3 API).
[TorchScriptPredictor Layer 23] prefill_dist support: yes, prev_expert_onehot support: yes, prev_layers_feat support: yes
[TorchScriptPredictor Layer 23] Loaded model: /home/michael/heteroPredict/trainingData/qwen3_30b/transformer_final_pfill_markov_emb/transformer_eh4_h64_f2/layer_23/best_jit.pt
[ThreadedTorchScriptPredictor Layer 24] Detected history_length=4 from /home/michael/heteroPredict/trainingData/qwen3_30b/transformer_final_pfill_markov_emb/transformer_eh4_h64_f2/layer_24/best.json
[TorchScriptPredictor Layer 24] Loading model on CPU
[TorchScriptPredictor Layer 24] Assuming prefill_dist, prev_expert_onehot, and prev_layers_feat support (v3 API).
[TorchScriptPredictor Layer 24] prefill_dist support: yes, prev_expert_onehot support: yes, prev_layers_feat support: yes
[TorchScriptPredictor Layer 24] Loaded model: /home/michael/heteroPredict/trainingData/qwen3_30b/transformer_final_pfill_markov_emb/transformer_eh4_h64_f2/layer_24/best_jit.pt
[ThreadedTorchScriptPredictor Layer 25] Detected history_length=4 from /home/michael/heteroPredict/trainingData/qwen3_30b/transformer_final_pfill_markov_emb/transformer_eh4_h64_f2/layer_25/best.json
[TorchScriptPredictor Layer 25] Loading model on CPU
[TorchScriptPredictor Layer 25] Assuming prefill_dist, prev_expert_onehot, and prev_layers_feat support (v3 API).
[TorchScriptPredictor Layer 25] prefill_dist support: yes, prev_expert_onehot support: yes, prev_layers_feat support: yes
[TorchScriptPredictor Layer 25] Loaded model: /home/michael/heteroPredict/trainingData/qwen3_30b/transformer_final_pfill_markov_emb/transformer_eh4_h64_f2/layer_25/best_jit.pt
[ThreadedTorchScriptPredictor Layer 26] Detected history_length=4 from /home/michael/heteroPredict/trainingData/qwen3_30b/transformer_final_pfill_markov_emb/transformer_eh4_h64_f2/layer_26/best.json
[TorchScriptPredictor Layer 26] Loading model on CPU
[TorchScriptPredictor Layer 26] Assuming prefill_dist, prev_expert_onehot, and prev_layers_feat support (v3 API).
[TorchScriptPredictor Layer 26] prefill_dist support: yes, prev_expert_onehot support: yes, prev_layers_feat support: yes
[TorchScriptPredictor Layer 26] Loaded model: /home/michael/heteroPredict/trainingData/qwen3_30b/transformer_final_pfill_markov_emb/transformer_eh4_h64_f2/layer_26/best_jit.pt
[ThreadedTorchScriptPredictor Layer 27] Detected history_length=4 from /home/michael/heteroPredict/trainingData/qwen3_30b/transformer_final_pfill_markov_emb/transformer_eh4_h64_f2/layer_27/best.json
[TorchScriptPredictor Layer 27] Loading model on CPU
[TorchScriptPredictor Layer 27] Assuming prefill_dist, prev_expert_onehot, and prev_layers_feat support (v3 API).
[TorchScriptPredictor Layer 27] prefill_dist support: yes, prev_expert_onehot support: yes, prev_layers_feat support: yes
[TorchScriptPredictor Layer 27] Loaded model: /home/michael/heteroPredict/trainingData/qwen3_30b/transformer_final_pfill_markov_emb/transformer_eh4_h64_f2/layer_27/best_jit.pt
[ThreadedTorchScriptPredictor Layer 28] Detected history_length=4 from /home/michael/heteroPredict/trainingData/qwen3_30b/transformer_final_pfill_markov_emb/transformer_eh4_h64_f2/layer_28/best.json
[TorchScriptPredictor Layer 28] Loading model on CPU
[TorchScriptPredictor Layer 28] Assuming prefill_dist, prev_expert_onehot, and prev_layers_feat support (v3 API).
[TorchScriptPredictor Layer 28] prefill_dist support: yes, prev_expert_onehot support: yes, prev_layers_feat support: yes
[TorchScriptPredictor Layer 28] Loaded model: /home/michael/heteroPredict/trainingData/qwen3_30b/transformer_final_pfill_markov_emb/transformer_eh4_h64_f2/layer_28/best_jit.pt
[ThreadedTorchScriptPredictor Layer 29] Detected history_length=4 from /home/michael/heteroPredict/trainingData/qwen3_30b/transformer_final_pfill_markov_emb/transformer_eh4_h64_f2/layer_29/best.json
[TorchScriptPredictor Layer 29] Loading model on CPU
[TorchScriptPredictor Layer 29] Assuming prefill_dist, prev_expert_onehot, and prev_layers_feat support (v3 API).
[TorchScriptPredictor Layer 29] prefill_dist support: yes, prev_expert_onehot support: yes, prev_layers_feat support: yes
[TorchScriptPredictor Layer 29] Loaded model: /home/michael/heteroPredict/trainingData/qwen3_30b/transformer_final_pfill_markov_emb/transformer_eh4_h64_f2/layer_29/best_jit.pt
[ThreadedTorchScriptPredictor Layer 30] Detected history_length=4 from /home/michael/heteroPredict/trainingData/qwen3_30b/transformer_final_pfill_markov_emb/transformer_eh4_h64_f2/layer_30/best.json
[TorchScriptPredictor Layer 30] Loading model on CPU
[TorchScriptPredictor Layer 30] Assuming prefill_dist, prev_expert_onehot, and prev_layers_feat support (v3 API).
[TorchScriptPredictor Layer 30] prefill_dist support: yes, prev_expert_onehot support: yes, prev_layers_feat support: yes
[TorchScriptPredictor Layer 30] Loaded model: /home/michael/heteroPredict/trainingData/qwen3_30b/transformer_final_pfill_markov_emb/transformer_eh4_h64_f2/layer_30/best_jit.pt
[ThreadedTorchScriptPredictor Layer 31] Detected history_length=4 from /home/michael/heteroPredict/trainingData/qwen3_30b/transformer_final_pfill_markov_emb/transformer_eh4_h64_f2/layer_31/best.json
[TorchScriptPredictor Layer 31] Loading model on CPU
[TorchScriptPredictor Layer 31] Assuming prefill_dist, prev_expert_onehot, and prev_layers_feat support (v3 API).
[TorchScriptPredictor Layer 31] prefill_dist support: yes, prev_expert_onehot support: yes, prev_layers_feat support: yes
[TorchScriptPredictor Layer 31] Loaded model: /home/michael/heteroPredict/trainingData/qwen3_30b/transformer_final_pfill_markov_emb/transformer_eh4_h64_f2/layer_31/best_jit.pt
[ThreadedTorchScriptPredictor Layer 32] Detected history_length=4 from /home/michael/heteroPredict/trainingData/qwen3_30b/transformer_final_pfill_markov_emb/transformer_eh4_h64_f2/layer_32/best.json
[TorchScriptPredictor Layer 32] Loading model on CPU
[TorchScriptPredictor Layer 32] Assuming prefill_dist, prev_expert_onehot, and prev_layers_feat support (v3 API).
[TorchScriptPredictor Layer 32] prefill_dist support: yes, prev_expert_onehot support: yes, prev_layers_feat support: yes
[TorchScriptPredictor Layer 32] Loaded model: /home/michael/heteroPredict/trainingData/qwen3_30b/transformer_final_pfill_markov_emb/transformer_eh4_h64_f2/layer_32/best_jit.pt
[ThreadedTorchScriptPredictor Layer 33] Detected history_length=4 from /home/michael/heteroPredict/trainingData/qwen3_30b/transformer_final_pfill_markov_emb/transformer_eh4_h64_f2/layer_33/best.json
[TorchScriptPredictor Layer 33] Loading model on CPU
[TorchScriptPredictor Layer 33] Assuming prefill_dist, prev_expert_onehot, and prev_layers_feat support (v3 API).
[TorchScriptPredictor Layer 33] prefill_dist support: yes, prev_expert_onehot support: yes, prev_layers_feat support: yes
[TorchScriptPredictor Layer 33] Loaded model: /home/michael/heteroPredict/trainingData/qwen3_30b/transformer_final_pfill_markov_emb/transformer_eh4_h64_f2/layer_33/best_jit.pt
[ThreadedTorchScriptPredictor Layer 34] Detected history_length=4 from /home/michael/heteroPredict/trainingData/qwen3_30b/transformer_final_pfill_markov_emb/transformer_eh4_h64_f2/layer_34/best.json
[TorchScriptPredictor Layer 34] Loading model on CPU
[TorchScriptPredictor Layer 34] Assuming prefill_dist, prev_expert_onehot, and prev_layers_feat support (v3 API).
[TorchScriptPredictor Layer 34] prefill_dist support: yes, prev_expert_onehot support: yes, prev_layers_feat support: yes
[TorchScriptPredictor Layer 34] Loaded model: /home/michael/heteroPredict/trainingData/qwen3_30b/transformer_final_pfill_markov_emb/transformer_eh4_h64_f2/layer_34/best_jit.pt
[ThreadedTorchScriptPredictor Layer 35] Detected history_length=4 from /home/michael/heteroPredict/trainingData/qwen3_30b/transformer_final_pfill_markov_emb/transformer_eh4_h64_f2/layer_35/best.json
[TorchScriptPredictor Layer 35] Loading model on CPU
[TorchScriptPredictor Layer 35] Assuming prefill_dist, prev_expert_onehot, and prev_layers_feat support (v3 API).
[TorchScriptPredictor Layer 35] prefill_dist support: yes, prev_expert_onehot support: yes, prev_layers_feat support: yes
[TorchScriptPredictor Layer 35] Loaded model: /home/michael/heteroPredict/trainingData/qwen3_30b/transformer_final_pfill_markov_emb/transformer_eh4_h64_f2/layer_35/best_jit.pt
[ThreadedTorchScriptPredictor Layer 36] Detected history_length=4 from /home/michael/heteroPredict/trainingData/qwen3_30b/transformer_final_pfill_markov_emb/transformer_eh4_h64_f2/layer_36/best.json
[TorchScriptPredictor Layer 36] Loading model on CPU
[TorchScriptPredictor Layer 36] Assuming prefill_dist, prev_expert_onehot, and prev_layers_feat support (v3 API).
[TorchScriptPredictor Layer 36] prefill_dist support: yes, prev_expert_onehot support: yes, prev_layers_feat support: yes
[TorchScriptPredictor Layer 36] Loaded model: /home/michael/heteroPredict/trainingData/qwen3_30b/transformer_final_pfill_markov_emb/transformer_eh4_h64_f2/layer_36/best_jit.pt
[ThreadedTorchScriptPredictor Layer 37] Detected history_length=4 from /home/michael/heteroPredict/trainingData/qwen3_30b/transformer_final_pfill_markov_emb/transformer_eh4_h64_f2/layer_37/best.json
[TorchScriptPredictor Layer 37] Loading model on CPU
[TorchScriptPredictor Layer 37] Assuming prefill_dist, prev_expert_onehot, and prev_layers_feat support (v3 API).
[TorchScriptPredictor Layer 37] prefill_dist support: yes, prev_expert_onehot support: yes, prev_layers_feat support: yes
[TorchScriptPredictor Layer 37] Loaded model: /home/michael/heteroPredict/trainingData/qwen3_30b/transformer_final_pfill_markov_emb/transformer_eh4_h64_f2/layer_37/best_jit.pt
[ThreadedTorchScriptPredictor Layer 38] Detected history_length=4 from /home/michael/heteroPredict/trainingData/qwen3_30b/transformer_final_pfill_markov_emb/transformer_eh4_h64_f2/layer_38/best.json
[TorchScriptPredictor Layer 38] Loading model on CPU
[TorchScriptPredictor Layer 38] Assuming prefill_dist, prev_expert_onehot, and prev_layers_feat support (v3 API).
[TorchScriptPredictor Layer 38] prefill_dist support: yes, prev_expert_onehot support: yes, prev_layers_feat support: yes
[TorchScriptPredictor Layer 38] Loaded model: /home/michael/heteroPredict/trainingData/qwen3_30b/transformer_final_pfill_markov_emb/transformer_eh4_h64_f2/layer_38/best_jit.pt
[ThreadedTorchScriptPredictor Layer 39] Detected history_length=4 from /home/michael/heteroPredict/trainingData/qwen3_30b/transformer_final_pfill_markov_emb/transformer_eh4_h64_f2/layer_39/best.json
[TorchScriptPredictor Layer 39] Loading model on CPU
[TorchScriptPredictor Layer 39] Assuming prefill_dist, prev_expert_onehot, and prev_layers_feat support (v3 API).
[TorchScriptPredictor Layer 39] prefill_dist support: yes, prev_expert_onehot support: yes, prev_layers_feat support: yes
[TorchScriptPredictor Layer 39] Loaded model: /home/michael/heteroPredict/trainingData/qwen3_30b/transformer_final_pfill_markov_emb/transformer_eh4_h64_f2/layer_39/best_jit.pt
[ThreadedTorchScriptPredictor Layer 40] Detected history_length=4 from /home/michael/heteroPredict/trainingData/qwen3_30b/transformer_final_pfill_markov_emb/transformer_eh4_h64_f2/layer_40/best.json
[TorchScriptPredictor Layer 40] Loading model on CPU
[TorchScriptPredictor Layer 40] Assuming prefill_dist, prev_expert_onehot, and prev_layers_feat support (v3 API).
[TorchScriptPredictor Layer 40] prefill_dist support: yes, prev_expert_onehot support: yes, prev_layers_feat support: yes
[TorchScriptPredictor Layer 40] Loaded model: /home/michael/heteroPredict/trainingData/qwen3_30b/transformer_final_pfill_markov_emb/transformer_eh4_h64_f2/layer_40/best_jit.pt
[ThreadedTorchScriptPredictor Layer 41] Detected history_length=4 from /home/michael/heteroPredict/trainingData/qwen3_30b/transformer_final_pfill_markov_emb/transformer_eh4_h64_f2/layer_41/best.json
[TorchScriptPredictor Layer 41] Loading model on CPU
[TorchScriptPredictor Layer 41] Assuming prefill_dist, prev_expert_onehot, and prev_layers_feat support (v3 API).
[TorchScriptPredictor Layer 41] prefill_dist support: yes, prev_expert_onehot support: yes, prev_layers_feat support: yes
[TorchScriptPredictor Layer 41] Loaded model: /home/michael/heteroPredict/trainingData/qwen3_30b/transformer_final_pfill_markov_emb/transformer_eh4_h64_f2/layer_41/best_jit.pt
[ThreadedTorchScriptPredictor Layer 42] Detected history_length=4 from /home/michael/heteroPredict/trainingData/qwen3_30b/transformer_final_pfill_markov_emb/transformer_eh4_h64_f2/layer_42/best.json
[TorchScriptPredictor Layer 42] Loading model on CPU
[TorchScriptPredictor Layer 42] Assuming prefill_dist, prev_expert_onehot, and prev_layers_feat support (v3 API).
[TorchScriptPredictor Layer 42] prefill_dist support: yes, prev_expert_onehot support: yes, prev_layers_feat support: yes
[TorchScriptPredictor Layer 42] Loaded model: /home/michael/heteroPredict/trainingData/qwen3_30b/transformer_final_pfill_markov_emb/transformer_eh4_h64_f2/layer_42/best_jit.pt
[ThreadedTorchScriptPredictor Layer 43] Detected history_length=4 from /home/michael/heteroPredict/trainingData/qwen3_30b/transformer_final_pfill_markov_emb/transformer_eh4_h64_f2/layer_43/best.json
[TorchScriptPredictor Layer 43] Loading model on CPU
[TorchScriptPredictor Layer 43] Assuming prefill_dist, prev_expert_onehot, and prev_layers_feat support (v3 API).
[TorchScriptPredictor Layer 43] prefill_dist support: yes, prev_expert_onehot support: yes, prev_layers_feat support: yes
[TorchScriptPredictor Layer 43] Loaded model: /home/michael/heteroPredict/trainingData/qwen3_30b/transformer_final_pfill_markov_emb/transformer_eh4_h64_f2/layer_43/best_jit.pt
[ThreadedTorchScriptPredictor Layer 44] Detected history_length=4 from /home/michael/heteroPredict/trainingData/qwen3_30b/transformer_final_pfill_markov_emb/transformer_eh4_h64_f2/layer_44/best.json
[TorchScriptPredictor Layer 44] Loading model on CPU
[TorchScriptPredictor Layer 44] Assuming prefill_dist, prev_expert_onehot, and prev_layers_feat support (v3 API).
[TorchScriptPredictor Layer 44] prefill_dist support: yes, prev_expert_onehot support: yes, prev_layers_feat support: yes
[TorchScriptPredictor Layer 44] Loaded model: /home/michael/heteroPredict/trainingData/qwen3_30b/transformer_final_pfill_markov_emb/transformer_eh4_h64_f2/layer_44/best_jit.pt
[ThreadedTorchScriptPredictor Layer 45] Detected history_length=4 from /home/michael/heteroPredict/trainingData/qwen3_30b/transformer_final_pfill_markov_emb/transformer_eh4_h64_f2/layer_45/best.json
[TorchScriptPredictor Layer 45] Loading model on CPU
[TorchScriptPredictor Layer 45] Assuming prefill_dist, prev_expert_onehot, and prev_layers_feat support (v3 API).
[TorchScriptPredictor Layer 45] prefill_dist support: yes, prev_expert_onehot support: yes, prev_layers_feat support: yes
[TorchScriptPredictor Layer 45] Loaded model: /home/michael/heteroPredict/trainingData/qwen3_30b/transformer_final_pfill_markov_emb/transformer_eh4_h64_f2/layer_45/best_jit.pt
[ThreadedTorchScriptPredictor Layer 46] Detected history_length=4 from /home/michael/heteroPredict/trainingData/qwen3_30b/transformer_final_pfill_markov_emb/transformer_eh4_h64_f2/layer_46/best.json
[TorchScriptPredictor Layer 46] Loading model on CPU
[TorchScriptPredictor Layer 46] Assuming prefill_dist, prev_expert_onehot, and prev_layers_feat support (v3 API).
[TorchScriptPredictor Layer 46] prefill_dist support: yes, prev_expert_onehot support: yes, prev_layers_feat support: yes
[TorchScriptPredictor Layer 46] Loaded model: /home/michael/heteroPredict/trainingData/qwen3_30b/transformer_final_pfill_markov_emb/transformer_eh4_h64_f2/layer_46/best_jit.pt
[ThreadedTorchScriptPredictor Layer 47] Detected history_length=4 from /home/michael/heteroPredict/trainingData/qwen3_30b/transformer_final_pfill_markov_emb/transformer_eh4_h64_f2/layer_47/best.json
[TorchScriptPredictor Layer 47] Loading model on CPU
[TorchScriptPredictor Layer 47] Assuming prefill_dist, prev_expert_onehot, and prev_layers_feat support (v3 API).
[TorchScriptPredictor Layer 47] prefill_dist support: yes, prev_expert_onehot support: yes, prev_layers_feat support: yes
[TorchScriptPredictor Layer 47] Loaded model: /home/michael/heteroPredict/trainingData/qwen3_30b/transformer_final_pfill_markov_emb/transformer_eh4_h64_f2/layer_47/best_jit.pt
UnifiedLLMW4A16 moved to device: cuda:0
Preloading MoE kernels...
MoE kernels preloaded.
UnifiedLLMW4A16 initialized on device: cuda:0 with w4a16 quantization
[Predictor] Lookahead stride set to 2 (predictor fires every 2 decode tokens)
Loading non-quantized weights from safetensors (mmap): /home/michael/heteroPredict/py/unified_llm_w4a16/model_weights/Qwen3-30B-A3B-AWQ.safetensors
Loaded 243 non-quantized parameters, skipped 0
Loading quantized weights from bins: /home/michael/heteroPredict/py/unified_llm_w4a16/model_weights/Qwen3-30B-A3B-AWQ_unpacked
  Expert weights dir override: /home/michael/heteroPredict/py/unified_llm_w4a16/model_weights/Qwen3-30B-A3B-AWQ_packed
Pre-warming 32 experts for all layers...
Layer 0: Pre-warming 32 experts.
Layer 0: using packed expert format.
[MoE I/O] Expert weight reads require O_DIRECT (no buffered fallback).
Layer 1: Pre-warming 32 experts.
Layer 1: using packed expert format.
Layer 2: Pre-warming 32 experts.
Layer 2: using packed expert format.
Layer 3: Pre-warming 32 experts.
Layer 3: using packed expert format.
Prewarmed experts for layer 4/48
Layer 4: Pre-warming 32 experts.
Layer 4: using packed expert format.
Layer 5: Pre-warming 32 experts.
Layer 5: using packed expert format.
Layer 6: Pre-warming 32 experts.
Layer 6: using packed expert format.
Layer 7: Pre-warming 32 experts.
Layer 7: using packed expert format.
Prewarmed experts for layer 8/48
Layer 8: Pre-warming 32 experts.
Layer 8: using packed expert format.
Layer 9: Pre-warming 32 experts.
Layer 9: using packed expert format.
Layer 10: Pre-warming 32 experts.
Layer 10: using packed expert format.
Layer 11: Pre-warming 32 experts.
Layer 11: using packed expert format.
Prewarmed experts for layer 12/48
Layer 12: Pre-warming 32 experts.
Layer 12: using packed expert format.
Layer 13: Pre-warming 32 experts.
Layer 13: using packed expert format.
Layer 14: Pre-warming 32 experts.
Layer 14: using packed expert format.
Layer 15: Pre-warming 32 experts.
Layer 15: using packed expert format.
Prewarmed experts for layer 16/48
Layer 16: Pre-warming 32 experts.
Layer 16: using packed expert format.
Layer 17: Pre-warming 32 experts.
Layer 17: using packed expert format.
Layer 18: Pre-warming 32 experts.
Layer 18: using packed expert format.
Layer 19: Pre-warming 32 experts.
Layer 19: using packed expert format.
Prewarmed experts for layer 20/48
Layer 20: Pre-warming 32 experts.
Layer 20: using packed expert format.
Layer 21: Pre-warming 32 experts.
Layer 21: using packed expert format.
Layer 22: Pre-warming 32 experts.
Layer 22: using packed expert format.
Layer 23: Pre-warming 32 experts.
Layer 23: using packed expert format.
Prewarmed experts for layer 24/48
Layer 24: Pre-warming 32 experts.
Layer 24: using packed expert format.
Layer 25: Pre-warming 32 experts.
Layer 25: using packed expert format.
Layer 26: Pre-warming 32 experts.
Layer 26: using packed expert format.
Layer 27: Pre-warming 32 experts.
Layer 27: using packed expert format.
Prewarmed experts for layer 28/48
Layer 28: Pre-warming 32 experts.
Layer 28: using packed expert format.
Layer 29: Pre-warming 32 experts.
Layer 29: using packed expert format.
Layer 30: Pre-warming 32 experts.
Layer 30: using packed expert format.
Layer 31: Pre-warming 32 experts.
Layer 31: using packed expert format.
Prewarmed experts for layer 32/48
Layer 32: Pre-warming 32 experts.
Layer 32: using packed expert format.
Layer 33: Pre-warming 32 experts.
Layer 33: using packed expert format.
Layer 34: Pre-warming 32 experts.
Layer 34: using packed expert format.
Layer 35: Pre-warming 32 experts.
Layer 35: using packed expert format.
Prewarmed experts for layer 36/48
Layer 36: Pre-warming 32 experts.
Layer 36: using packed expert format.
Layer 37: Pre-warming 32 experts.
Layer 37: using packed expert format.
Layer 38: Pre-warming 32 experts.
Layer 38: using packed expert format.
Layer 39: Pre-warming 32 experts.
Layer 39: using packed expert format.
Prewarmed experts for layer 40/48
Layer 40: Pre-warming 32 experts.
Layer 40: using packed expert format.
Layer 41: Pre-warming 32 experts.
Layer 41: using packed expert format.
Layer 42: Pre-warming 32 experts.
Layer 42: using packed expert format.
Layer 43: Pre-warming 32 experts.
Layer 43: using packed expert format.
Prewarmed experts for layer 44/48
Layer 44: Pre-warming 32 experts.
Layer 44: using packed expert format.
Layer 45: Pre-warming 32 experts.
Layer 45: using packed expert format.
Layer 46: Pre-warming 32 experts.
Layer 46: using packed expert format.
Layer 47: Pre-warming 32 experts.
Layer 47: using packed expert format.
Prewarmed experts for layer 48/48
Libtorch input_ids shape: [1, 512]
Skipping warmup.
Prefill time: 18.796 seconds
[Predictor] Prefill-end expert cache warmup (excluded from generation TPS).
[Layer 0 Warmup Debug] predict_sync returned: 89 92 33 28 74 4 100 14 46 72 102 95 9 22 119 122 124 103 38 120 76 110 82 87 32 2 101 91 118 80 51 47 21 90 73 24 64 63 83 18 45 75 84 43 40 86 70 117 41 105 66 57 61 99 3 65 13 25 58 93 125 106 11 60 0 77 35 97 37 111 112 108 56 26 126 44 104 62 19 7 94 71 98 42 67 52 31 12 54 6 85 23 50 5 116 29 69 123 39 96 30 121 15 55 115 10 20 78 68 88 16 59 48 113 53 36 17 8 1 49 81 34 107 114 109 79 27 127 
[Layer 0 Warmup Debug] experts_to_prefetch returned: 89 92 33 28 74 4 100 14 
[Layer 0 Warmup Debug] After prefill-end warmup, slots are: 4 14 103 104 105 106 107 108 109 110 111 112 114 115 116 117 118 119 120 121 122 123 124 125 126 127 89 92 33 28 74 100 
Generation phase
[Layer 0 Step 0 Debug] Slots before check: 4 14 103 104 105 106 107 108 109 110 111 112 114 115 116 117 118 119 120 121 122 123 124 125 126 127 89 92 33 28 74 100 
[Layer 0 Step 0 Debug] Requested: 28 92 33 89 4 124 22 87 
[gen 5/79] elapsed=1.7s  TPS=3.014
[gen 10/79] elapsed=3.0s  TPS=3.336
[gen 15/79] elapsed=4.4s  TPS=3.403
[gen 20/79] elapsed=5.7s  TPS=3.496
[gen 25/79] elapsed=6.7s  TPS=3.749
[gen 30/79] elapsed=8.2s  TPS=3.646
[gen 35/79] elapsed=9.5s  TPS=3.674
[gen 40/79] elapsed=10.8s  TPS=3.700
[gen 45/79] elapsed=12.1s  TPS=3.710
[gen 50/79] elapsed=13.1s  TPS=3.830
[gen 55/79] elapsed=14.3s  TPS=3.847
[gen 60/79] elapsed=15.2s  TPS=3.937
[gen 65/79] elapsed=16.2s  TPS=4.002
[gen 70/79] elapsed=17.6s  TPS=3.966
[gen 75/79] elapsed=18.9s  TPS=3.973
Prefill time (summary): 18.796 seconds
Total Generation Time: 19.755 seconds
Average Time per Token: 0.250063 seconds

Expert Cache Statistics:
Layer 0 Cache Stats: Hits=366, Misses=266, HitRate=57.91%
    Predictor Routed-Expert HitRate=35.90% (14/39, routed_n=1, horizon=2)
    Predictor RoutedForcedN HitRate=35.90% (14/39)
    Predictor RoutedTopK HitRate=24.68% (77/312)
    Predicted RequestedByRouterForcedN Rate=4.49% (14/312)
    Predicted RequestedByRouterTopK Rate=24.68% (77/312)
    Predictor WindowRecall Rate=30.90% (182/589)
    Predictor WindowPrecision Rate=58.33% (182/312)
    Loads Per Step: 0Loads=7, 1Load=9, >1Load=63
    Bandwidth: StallLoads=266, PrefetchLoads=148, AvgLoadTime=2.55ms
    PrefetchOverlap: HiddenReady=89, HiddenWait=0, TicksSkipped=0
    MissCause: NotPresent=266, NotReadyStall=0
    PrefetchEff: Dropped=0, AlreadyCached=172, UsedBeforeEvict=89, EvictedBeforeUse=58
    GlobalSpecLoad: PeakConcurrent=5
    Predictor TopK matches: 0=25 1=14 >=2=0
Layer 1 Cache Stats: Hits=435, Misses=197, HitRate=68.83%
    Predictor Routed-Expert HitRate=58.97% (23/39, routed_n=1, horizon=2)
    Predictor RoutedForcedN HitRate=58.97% (23/39)
    Predictor RoutedTopK HitRate=40.06% (125/312)
    Predicted RequestedByRouterForcedN Rate=7.37% (23/312)
    Predicted RequestedByRouterTopK Rate=40.06% (125/312)
    Predictor WindowRecall Rate=40.11% (211/526)
    Predictor WindowPrecision Rate=67.63% (211/312)
    Loads Per Step: 0Loads=9, 1Load=16, >1Load=54
    Bandwidth: StallLoads=197, PrefetchLoads=104, AvgLoadTime=3.20ms
    PrefetchOverlap: HiddenReady=71, HiddenWait=0, TicksSkipped=0
    MissCause: NotPresent=197, NotReadyStall=0
    PrefetchEff: Dropped=0, AlreadyCached=216, UsedBeforeEvict=71, EvictedBeforeUse=31
    Predictor TopK matches: 0=16 1=23 >=2=0
Layer 2 Cache Stats: Hits=473, Misses=159, HitRate=74.84%
    Predictor Routed-Expert HitRate=51.28% (20/39, routed_n=1, horizon=2)
    Predictor RoutedForcedN HitRate=51.28% (20/39)
    Predictor RoutedTopK HitRate=40.71% (127/312)
    Predicted RequestedByRouterForcedN Rate=6.41% (20/312)
    Predicted RequestedByRouterTopK Rate=40.71% (127/312)
    Predictor WindowRecall Rate=41.83% (220/526)
    Predictor WindowPrecision Rate=70.51% (220/312)
    Loads Per Step: 0Loads=11, 1Load=19, >1Load=49
    Bandwidth: StallLoads=159, PrefetchLoads=58, AvgLoadTime=3.77ms
    PrefetchOverlap: HiddenReady=43, HiddenWait=0, TicksSkipped=0
    MissCause: NotPresent=159, NotReadyStall=0
    PrefetchEff: Dropped=0, AlreadyCached=262, UsedBeforeEvict=43, EvictedBeforeUse=14
    Predictor TopK matches: 0=19 1=20 >=2=0
Layer 3 Cache Stats: Hits=423, Misses=209, HitRate=66.93%
    Predictor Routed-Expert HitRate=71.79% (28/39, routed_n=1, horizon=2)
    Predictor RoutedForcedN HitRate=71.79% (28/39)
    Predictor RoutedTopK HitRate=36.22% (113/312)
    Predicted RequestedByRouterForcedN Rate=8.97% (28/312)
    Predicted RequestedByRouterTopK Rate=36.22% (113/312)
    Predictor WindowRecall Rate=38.03% (205/539)
    Predictor WindowPrecision Rate=65.71% (205/312)
    Loads Per Step: 0Loads=3, 1Load=15, >1Load=61
    Bandwidth: StallLoads=209, PrefetchLoads=81, AvgLoadTime=2.87ms
    PrefetchOverlap: HiddenReady=52, HiddenWait=0, TicksSkipped=0
    MissCause: NotPresent=209, NotReadyStall=0
    PrefetchEff: Dropped=0, AlreadyCached=239, UsedBeforeEvict=52, EvictedBeforeUse=27
    Predictor TopK matches: 0=11 1=28 >=2=0
Layer 4 Cache Stats: Hits=494, Misses=138, HitRate=78.16%
    Predictor Routed-Expert HitRate=66.67% (26/39, routed_n=1, horizon=2)
    Predictor RoutedForcedN HitRate=66.67% (26/39)
    Predictor RoutedTopK HitRate=44.55% (139/312)
    Predicted RequestedByRouterForcedN Rate=8.33% (26/312)
    Predicted RequestedByRouterTopK Rate=44.55% (139/312)
    Predictor WindowRecall Rate=45.53% (229/503)
    Predictor WindowPrecision Rate=73.40% (229/312)
    Loads Per Step: 0Loads=17, 1Load=22, >1Load=40
    Bandwidth: StallLoads=138, PrefetchLoads=57, AvgLoadTime=2.96ms
    PrefetchOverlap: HiddenReady=39, HiddenWait=0, TicksSkipped=0
    MissCause: NotPresent=138, NotReadyStall=0
    PrefetchEff: Dropped=0, AlreadyCached=263, UsedBeforeEvict=39, EvictedBeforeUse=18
    Predictor TopK matches: 0=13 1=26 >=2=0
Layer 5 Cache Stats: Hits=528, Misses=104, HitRate=83.54%
    Predictor Routed-Expert HitRate=53.85% (21/39, routed_n=1, horizon=2)
    Predictor RoutedForcedN HitRate=53.85% (21/39)
    Predictor RoutedTopK HitRate=44.87% (140/312)
    Predicted RequestedByRouterForcedN Rate=6.73% (21/312)
    Predicted RequestedByRouterTopK Rate=44.87% (140/312)
    Predictor WindowRecall Rate=45.56% (226/496)
    Predictor WindowPrecision Rate=72.44% (226/312)
    Loads Per Step: 0Loads=22, 1Load=28, >1Load=29
    Bandwidth: StallLoads=104, PrefetchLoads=43, AvgLoadTime=3.55ms
    PrefetchOverlap: HiddenReady=33, HiddenWait=0, TicksSkipped=0
    MissCause: NotPresent=104, NotReadyStall=0
    PrefetchEff: Dropped=0, AlreadyCached=277, UsedBeforeEvict=33, EvictedBeforeUse=9
    Predictor TopK matches: 0=18 1=21 >=2=0
Layer 6 Cache Stats: Hits=574, Misses=58, HitRate=90.82%
    Predictor Routed-Expert HitRate=92.31% (36/39, routed_n=1, horizon=2)
    Predictor RoutedForcedN HitRate=92.31% (36/39)
    Predictor RoutedTopK HitRate=56.09% (175/312)
    Predicted RequestedByRouterForcedN Rate=11.54% (36/312)
    Predicted RequestedByRouterTopK Rate=56.09% (175/312)
    Predictor WindowRecall Rate=53.63% (251/468)
    Predictor WindowPrecision Rate=80.45% (251/312)
    Loads Per Step: 0Loads=41, 1Load=23, >1Load=15
    Bandwidth: StallLoads=58, PrefetchLoads=19, AvgLoadTime=3.83ms
    PrefetchOverlap: HiddenReady=15, HiddenWait=0, TicksSkipped=0
    MissCause: NotPresent=58, NotReadyStall=0
    PrefetchEff: Dropped=0, AlreadyCached=301, UsedBeforeEvict=15, EvictedBeforeUse=2
    Predictor TopK matches: 0=3 1=36 >=2=0
Layer 7 Cache Stats: Hits=584, Misses=48, HitRate=92.41%
    Predictor Routed-Expert HitRate=89.74% (35/39, routed_n=1, horizon=2)
    Predictor RoutedForcedN HitRate=89.74% (35/39)
    Predictor RoutedTopK HitRate=61.54% (192/312)
    Predicted RequestedByRouterForcedN Rate=11.22% (35/312)
    Predicted RequestedByRouterTopK Rate=61.54% (192/312)
    Predictor WindowRecall Rate=57.92% (256/442)
    Predictor WindowPrecision Rate=82.05% (256/312)
    Loads Per Step: 0Loads=48, 1Load=19, >1Load=12
    Bandwidth: StallLoads=48, PrefetchLoads=12, AvgLoadTime=3.77ms
    PrefetchOverlap: HiddenReady=8, HiddenWait=0, TicksSkipped=0
    MissCause: NotPresent=48, NotReadyStall=0
    PrefetchEff: Dropped=0, AlreadyCached=308, UsedBeforeEvict=8, EvictedBeforeUse=2
    Predictor TopK matches: 0=4 1=35 >=2=0
Layer 8 Cache Stats: Hits=524, Misses=108, HitRate=82.91%
    Predictor Routed-Expert HitRate=48.72% (19/39, routed_n=1, horizon=2)
    Predictor RoutedForcedN HitRate=48.72% (19/39)
    Predictor RoutedTopK HitRate=49.04% (153/312)
    Predicted RequestedByRouterForcedN Rate=6.09% (19/312)
    Predicted RequestedByRouterTopK Rate=49.04% (153/312)
    Predictor WindowRecall Rate=48.79% (242/496)
    Predictor WindowPrecision Rate=77.56% (242/312)
    Loads Per Step: 0Loads=21, 1Load=23, >1Load=35
    Bandwidth: StallLoads=108, PrefetchLoads=36, AvgLoadTime=3.19ms
    PrefetchOverlap: HiddenReady=30, HiddenWait=0, TicksSkipped=0
    MissCause: NotPresent=108, NotReadyStall=0
    PrefetchEff: Dropped=0, AlreadyCached=284, UsedBeforeEvict=30, EvictedBeforeUse=4
    Predictor TopK matches: 0=20 1=19 >=2=0
Layer 9 Cache Stats: Hits=566, Misses=66, HitRate=89.56%
    Predictor Routed-Expert HitRate=82.05% (32/39, routed_n=1, horizon=2)
    Predictor RoutedForcedN HitRate=82.05% (32/39)
    Predictor RoutedTopK HitRate=56.41% (176/312)
    Predicted RequestedByRouterForcedN Rate=10.26% (32/312)
    Predicted RequestedByRouterTopK Rate=56.41% (176/312)
    Predictor WindowRecall Rate=55.01% (258/469)
    Predictor WindowPrecision Rate=82.69% (258/312)
    Loads Per Step: 0Loads=35, 1Load=29, >1Load=15
    Bandwidth: StallLoads=66, PrefetchLoads=23, AvgLoadTime=3.53ms
    PrefetchOverlap: HiddenReady=18, HiddenWait=0, TicksSkipped=0
    MissCause: NotPresent=66, NotReadyStall=0
    PrefetchEff: Dropped=0, AlreadyCached=297, UsedBeforeEvict=18, EvictedBeforeUse=2
    Predictor TopK matches: 0=7 1=32 >=2=0
Layer 10 Cache Stats: Hits=533, Misses=99, HitRate=84.34%
    Predictor Routed-Expert HitRate=74.36% (29/39, routed_n=1, horizon=2)
    Predictor RoutedForcedN HitRate=74.36% (29/39)
    Predictor RoutedTopK HitRate=51.60% (161/312)
    Predicted RequestedByRouterForcedN Rate=9.29% (29/312)
    Predicted RequestedByRouterTopK Rate=51.60% (161/312)
    Predictor WindowRecall Rate=52.98% (258/487)
    Predictor WindowPrecision Rate=82.69% (258/312)
    Loads Per Step: 0Loads=21, 1Load=31, >1Load=27
    Bandwidth: StallLoads=99, PrefetchLoads=52, AvgLoadTime=3.47ms
    PrefetchOverlap: HiddenReady=40, HiddenWait=0, TicksSkipped=0
    MissCause: NotPresent=99, NotReadyStall=0
    PrefetchEff: Dropped=0, AlreadyCached=268, UsedBeforeEvict=40, EvictedBeforeUse=8
    Predictor TopK matches: 0=10 1=29 >=2=0
Layer 11 Cache Stats: Hits=505, Misses=127, HitRate=79.91%
    Predictor Routed-Expert HitRate=84.62% (33/39, routed_n=1, horizon=2)
    Predictor RoutedForcedN HitRate=84.62% (33/39)
    Predictor RoutedTopK HitRate=50.64% (158/312)
    Predicted RequestedByRouterForcedN Rate=10.58% (33/312)
    Predicted RequestedByRouterTopK Rate=50.64% (158/312)
    Predictor WindowRecall Rate=48.01% (241/502)
    Predictor WindowPrecision Rate=77.24% (241/312)
    Loads Per Step: 0Loads=16, 1Load=25, >1Load=38
    Bandwidth: StallLoads=127, PrefetchLoads=57, AvgLoadTime=2.91ms
    PrefetchOverlap: HiddenReady=46, HiddenWait=0, TicksSkipped=0
    MissCause: NotPresent=127, NotReadyStall=0
    PrefetchEff: Dropped=0, AlreadyCached=263, UsedBeforeEvict=46, EvictedBeforeUse=8
    Predictor TopK matches: 0=6 1=33 >=2=0
Layer 12 Cache Stats: Hits=562, Misses=70, HitRate=88.92%
    Predictor Routed-Expert HitRate=79.49% (31/39, routed_n=1, horizon=2)
    Predictor RoutedForcedN HitRate=79.49% (31/39)
    Predictor RoutedTopK HitRate=64.10% (200/312)
    Predicted RequestedByRouterForcedN Rate=9.94% (31/312)
    Predicted RequestedByRouterTopK Rate=64.10% (200/312)
    Predictor WindowRecall Rate=58.78% (261/444)
    Predictor WindowPrecision Rate=83.65% (261/312)
    Loads Per Step: 0Loads=34, 1Load=26, >1Load=19
    Bandwidth: StallLoads=70, PrefetchLoads=27, AvgLoadTime=3.95ms
    PrefetchOverlap: HiddenReady=21, HiddenWait=0, TicksSkipped=0
    MissCause: NotPresent=70, NotReadyStall=0
    PrefetchEff: Dropped=0, AlreadyCached=293, UsedBeforeEvict=21, EvictedBeforeUse=3
    Predictor TopK matches: 0=8 1=31 >=2=0
Layer 13 Cache Stats: Hits=496, Misses=136, HitRate=78.48%
    Predictor Routed-Expert HitRate=69.23% (27/39, routed_n=1, horizon=2)
    Predictor RoutedForcedN HitRate=69.23% (27/39)
    Predictor RoutedTopK HitRate=49.04% (153/312)
    Predicted RequestedByRouterForcedN Rate=8.65% (27/312)
    Predicted RequestedByRouterTopK Rate=49.04% (153/312)
    Predictor WindowRecall Rate=49.09% (242/493)
    Predictor WindowPrecision Rate=77.56% (242/312)
    Loads Per Step: 0Loads=11, 1Load=27, >1Load=41
    Bandwidth: StallLoads=136, PrefetchLoads=74, AvgLoadTime=3.22ms
    PrefetchOverlap: HiddenReady=62, HiddenWait=0, TicksSkipped=0
    MissCause: NotPresent=136, NotReadyStall=0
    PrefetchEff: Dropped=0, AlreadyCached=246, UsedBeforeEvict=62, EvictedBeforeUse=8
    Predictor TopK matches: 0=12 1=27 >=2=0
Layer 14 Cache Stats: Hits=525, Misses=107, HitRate=83.07%
    Predictor Routed-Expert HitRate=66.67% (26/39, routed_n=1, horizon=2)
    Predictor RoutedForcedN HitRate=66.67% (26/39)
    Predictor RoutedTopK HitRate=54.17% (169/312)
    Predicted RequestedByRouterForcedN Rate=8.33% (26/312)
    Predicted RequestedByRouterTopK Rate=54.17% (169/312)
    Predictor WindowRecall Rate=50.10% (241/481)
    Predictor WindowPrecision Rate=77.24% (241/312)
    Loads Per Step: 0Loads=15, 1Load=33, >1Load=31
    Bandwidth: StallLoads=107, PrefetchLoads=28, AvgLoadTime=3.67ms
    PrefetchOverlap: HiddenReady=24, HiddenWait=0, TicksSkipped=0
    MissCause: NotPresent=107, NotReadyStall=0
    PrefetchEff: Dropped=0, AlreadyCached=292, UsedBeforeEvict=24, EvictedBeforeUse=3
    Predictor TopK matches: 0=13 1=26 >=2=0
Layer 15 Cache Stats: Hits=559, Misses=73, HitRate=88.45%
    Predictor Routed-Expert HitRate=82.05% (32/39, routed_n=1, horizon=2)
    Predictor RoutedForcedN HitRate=82.05% (32/39)
    Predictor RoutedTopK HitRate=64.10% (200/312)
    Predicted RequestedByRouterForcedN Rate=10.26% (32/312)
    Predicted RequestedByRouterTopK Rate=64.10% (200/312)
    Predictor WindowRecall Rate=60.59% (269/444)
    Predictor WindowPrecision Rate=86.22% (269/312)
    Loads Per Step: 0Loads=29, 1Load=34, >1Load=16
    Bandwidth: StallLoads=73, PrefetchLoads=14, AvgLoadTime=3.68ms
    PrefetchOverlap: HiddenReady=10, HiddenWait=0, TicksSkipped=0
    MissCause: NotPresent=73, NotReadyStall=0
    PrefetchEff: Dropped=0, AlreadyCached=306, UsedBeforeEvict=10, EvictedBeforeUse=2
    Predictor TopK matches: 0=7 1=32 >=2=0
Layer 16 Cache Stats: Hits=549, Misses=83, HitRate=86.87%
    Predictor Routed-Expert HitRate=71.79% (28/39, routed_n=1, horizon=2)
    Predictor RoutedForcedN HitRate=71.79% (28/39)
    Predictor RoutedTopK HitRate=58.33% (182/312)
    Predicted RequestedByRouterForcedN Rate=8.97% (28/312)
    Predicted RequestedByRouterTopK Rate=58.33% (182/312)
    Predictor WindowRecall Rate=55.58% (259/466)
    Predictor WindowPrecision Rate=83.01% (259/312)
    Loads Per Step: 0Loads=30, 1Load=25, >1Load=24
    Bandwidth: StallLoads=83, PrefetchLoads=33, AvgLoadTime=3.48ms
    PrefetchOverlap: HiddenReady=25, HiddenWait=0, TicksSkipped=0
    MissCause: NotPresent=83, NotReadyStall=0
    PrefetchEff: Dropped=0, AlreadyCached=287, UsedBeforeEvict=25, EvictedBeforeUse=6
    Predictor TopK matches: 0=11 1=28 >=2=0
Layer 17 Cache Stats: Hits=529, Misses=103, HitRate=83.70%
    Predictor Routed-Expert HitRate=76.92% (30/39, routed_n=1, horizon=2)
    Predictor RoutedForcedN HitRate=76.92% (30/39)
    Predictor RoutedTopK HitRate=52.88% (165/312)
    Predicted RequestedByRouterForcedN Rate=9.62% (30/312)
    Predicted RequestedByRouterTopK Rate=52.88% (165/312)
    Predictor WindowRecall Rate=51.52% (254/493)
    Predictor WindowPrecision Rate=81.41% (254/312)
    Loads Per Step: 0Loads=21, 1Load=28, >1Load=30
    Bandwidth: StallLoads=103, PrefetchLoads=37, AvgLoadTime=3.11ms
    PrefetchOverlap: HiddenReady=28, HiddenWait=0, TicksSkipped=0
    MissCause: NotPresent=103, NotReadyStall=0
    PrefetchEff: Dropped=0, AlreadyCached=283, UsedBeforeEvict=28, EvictedBeforeUse=8
    Predictor TopK matches: 0=9 1=30 >=2=0
Layer 18 Cache Stats: Hits=586, Misses=46, HitRate=92.72%
    Predictor Routed-Expert HitRate=89.74% (35/39, routed_n=1, horizon=2)
    Predictor RoutedForcedN HitRate=89.74% (35/39)
    Predictor RoutedTopK HitRate=58.97% (184/312)
    Predicted RequestedByRouterForcedN Rate=11.22% (35/312)
    Predicted RequestedByRouterTopK Rate=58.97% (184/312)
    Predictor WindowRecall Rate=56.86% (257/452)
    Predictor WindowPrecision Rate=82.37% (257/312)
    Loads Per Step: 0Loads=47, 1Load=20, >1Load=12
    Bandwidth: StallLoads=46, PrefetchLoads=8, AvgLoadTime=3.42ms
    PrefetchOverlap: HiddenReady=7, HiddenWait=0, TicksSkipped=0
    MissCause: NotPresent=46, NotReadyStall=0
    PrefetchEff: Dropped=0, AlreadyCached=312, UsedBeforeEvict=7, EvictedBeforeUse=0
    Predictor TopK matches: 0=4 1=35 >=2=0
Layer 19 Cache Stats: Hits=600, Misses=32, HitRate=94.94%
    Predictor Routed-Expert HitRate=76.92% (30/39, routed_n=1, horizon=2)
    Predictor RoutedForcedN HitRate=76.92% (30/39)
    Predictor RoutedTopK HitRate=67.63% (211/312)
    Predicted RequestedByRouterForcedN Rate=9.62% (30/312)
    Predicted RequestedByRouterTopK Rate=67.63% (211/312)
    Predictor WindowRecall Rate=64.92% (272/419)
    Predictor WindowPrecision Rate=87.18% (272/312)
    Loads Per Step: 0Loads=56, 1Load=15, >1Load=8
    Bandwidth: StallLoads=32, PrefetchLoads=4, AvgLoadTime=3.50ms
    PrefetchOverlap: HiddenReady=4, HiddenWait=0, TicksSkipped=0
    MissCause: NotPresent=32, NotReadyStall=0
    PrefetchEff: Dropped=0, AlreadyCached=316, UsedBeforeEvict=4, EvictedBeforeUse=0
    Predictor TopK matches: 0=9 1=30 >=2=0
Layer 20 Cache Stats: Hits=552, Misses=80, HitRate=87.34%
    Predictor Routed-Expert HitRate=64.10% (25/39, routed_n=1, horizon=2)
    Predictor RoutedForcedN HitRate=64.10% (25/39)
    Predictor RoutedTopK HitRate=53.53% (167/312)
    Predicted RequestedByRouterForcedN Rate=8.01% (25/312)
    Predicted RequestedByRouterTopK Rate=53.53% (167/312)
    Predictor WindowRecall Rate=52.52% (250/476)
    Predictor WindowPrecision Rate=80.13% (250/312)
    Loads Per Step: 0Loads=28, 1Load=31, >1Load=20
    Bandwidth: StallLoads=80, PrefetchLoads=20, AvgLoadTime=3.26ms
    PrefetchOverlap: HiddenReady=12, HiddenWait=0, TicksSkipped=0
    MissCause: NotPresent=80, NotReadyStall=0
    PrefetchEff: Dropped=0, AlreadyCached=300, UsedBeforeEvict=12, EvictedBeforeUse=6
    Predictor TopK matches: 0=14 1=25 >=2=0
Layer 21 Cache Stats: Hits=592, Misses=40, HitRate=93.67%
    Predictor Routed-Expert HitRate=82.05% (32/39, routed_n=1, horizon=2)
    Predictor RoutedForcedN HitRate=82.05% (32/39)
    Predictor RoutedTopK HitRate=63.14% (197/312)
    Predicted RequestedByRouterForcedN Rate=10.26% (32/312)
    Predicted RequestedByRouterTopK Rate=63.14% (197/312)
    Predictor WindowRecall Rate=59.42% (268/451)
    Predictor WindowPrecision Rate=85.90% (268/312)
    Loads Per Step: 0Loads=50, 1Load=21, >1Load=8
    Bandwidth: StallLoads=40, PrefetchLoads=11, AvgLoadTime=3.88ms
    PrefetchOverlap: HiddenReady=10, HiddenWait=0, TicksSkipped=0
    MissCause: NotPresent=40, NotReadyStall=0
    PrefetchEff: Dropped=0, AlreadyCached=309, UsedBeforeEvict=10, EvictedBeforeUse=0
    Predictor TopK matches: 0=7 1=32 >=2=0
Layer 22 Cache Stats: Hits=540, Misses=92, HitRate=85.44%
    Predictor Routed-Expert HitRate=64.10% (25/39, routed_n=1, horizon=2)
    Predictor RoutedForcedN HitRate=64.10% (25/39)
    Predictor RoutedTopK HitRate=51.60% (161/312)
    Predicted RequestedByRouterForcedN Rate=8.01% (25/312)
    Predicted RequestedByRouterTopK Rate=51.60% (161/312)
    Predictor WindowRecall Rate=50.30% (248/493)
    Predictor WindowPrecision Rate=79.49% (248/312)
    Loads Per Step: 0Loads=30, 1Load=21, >1Load=28
    Bandwidth: StallLoads=92, PrefetchLoads=25, AvgLoadTime=3.27ms
    PrefetchOverlap: HiddenReady=18, HiddenWait=0, TicksSkipped=0
    MissCause: NotPresent=92, NotReadyStall=0
    PrefetchEff: Dropped=0, AlreadyCached=295, UsedBeforeEvict=18, EvictedBeforeUse=5
    Predictor TopK matches: 0=14 1=25 >=2=0
Layer 23 Cache Stats: Hits=493, Misses=139, HitRate=78.01%
    Predictor Routed-Expert HitRate=64.10% (25/39, routed_n=1, horizon=2)
    Predictor RoutedForcedN HitRate=64.10% (25/39)
    Predictor RoutedTopK HitRate=45.51% (142/312)
    Predicted RequestedByRouterForcedN Rate=8.01% (25/312)
    Predicted RequestedByRouterTopK Rate=45.51% (142/312)
    Predictor WindowRecall Rate=45.03% (231/513)
    Predictor WindowPrecision Rate=74.04% (231/312)
    Loads Per Step: 0Loads=14, 1Load=25, >1Load=40
    Bandwidth: StallLoads=139, PrefetchLoads=60, AvgLoadTime=3.01ms
    PrefetchOverlap: HiddenReady=49, HiddenWait=0, TicksSkipped=0
    MissCause: NotPresent=139, NotReadyStall=0
    PrefetchEff: Dropped=0, AlreadyCached=260, UsedBeforeEvict=49, EvictedBeforeUse=10
    Predictor TopK matches: 0=14 1=25 >=2=0
Layer 24 Cache Stats: Hits=547, Misses=85, HitRate=86.55%
    Predictor Routed-Expert HitRate=79.49% (31/39, routed_n=1, horizon=2)
    Predictor RoutedForcedN HitRate=79.49% (31/39)
    Predictor RoutedTopK HitRate=59.94% (187/312)
    Predicted RequestedByRouterForcedN Rate=9.94% (31/312)
    Predicted RequestedByRouterTopK Rate=59.94% (187/312)
    Predictor WindowRecall Rate=54.78% (252/460)
    Predictor WindowPrecision Rate=80.77% (252/312)
    Loads Per Step: 0Loads=31, 1Load=21, >1Load=27
    Bandwidth: StallLoads=85, PrefetchLoads=21, AvgLoadTime=4.09ms
    PrefetchOverlap: HiddenReady=13, HiddenWait=0, TicksSkipped=0
    MissCause: NotPresent=85, NotReadyStall=0
    PrefetchEff: Dropped=0, AlreadyCached=299, UsedBeforeEvict=13, EvictedBeforeUse=7
    Predictor TopK matches: 0=8 1=31 >=2=0
Layer 25 Cache Stats: Hits=485, Misses=147, HitRate=76.74%
    Predictor Routed-Expert HitRate=64.10% (25/39, routed_n=1, horizon=2)
    Predictor RoutedForcedN HitRate=64.10% (25/39)
    Predictor RoutedTopK HitRate=44.87% (140/312)
    Predicted RequestedByRouterForcedN Rate=8.01% (25/312)
    Predicted RequestedByRouterTopK Rate=44.87% (140/312)
    Predictor WindowRecall Rate=47.07% (241/512)
    Predictor WindowPrecision Rate=77.24% (241/312)
    Loads Per Step: 0Loads=12, 1Load=22, >1Load=45
    Bandwidth: StallLoads=147, PrefetchLoads=76, AvgLoadTime=3.02ms
    PrefetchOverlap: HiddenReady=61, HiddenWait=0, TicksSkipped=0
    MissCause: NotPresent=147, NotReadyStall=0
    PrefetchEff: Dropped=0, AlreadyCached=244, UsedBeforeEvict=61, EvictedBeforeUse=12
    Predictor TopK matches: 0=14 1=25 >=2=0
Layer 26 Cache Stats: Hits=535, Misses=97, HitRate=84.65%
    Predictor Routed-Expert HitRate=84.62% (33/39, routed_n=1, horizon=2)
    Predictor RoutedForcedN HitRate=84.62% (33/39)
    Predictor RoutedTopK HitRate=48.08% (150/312)
    Predicted RequestedByRouterForcedN Rate=10.58% (33/312)
    Predicted RequestedByRouterTopK Rate=48.08% (150/312)
    Predictor WindowRecall Rate=46.78% (225/481)
    Predictor WindowPrecision Rate=72.12% (225/312)
    Loads Per Step: 0Loads=22, 1Load=30, >1Load=27
    Bandwidth: StallLoads=97, PrefetchLoads=23, AvgLoadTime=3.47ms
    PrefetchOverlap: HiddenReady=18, HiddenWait=0, TicksSkipped=0
    MissCause: NotPresent=97, NotReadyStall=0
    PrefetchEff: Dropped=0, AlreadyCached=297, UsedBeforeEvict=18, EvictedBeforeUse=3
    Predictor TopK matches: 0=6 1=33 >=2=0
Layer 27 Cache Stats: Hits=554, Misses=78, HitRate=87.66%
    Predictor Routed-Expert HitRate=82.05% (32/39, routed_n=1, horizon=2)
    Predictor RoutedForcedN HitRate=82.05% (32/39)
    Predictor RoutedTopK HitRate=61.86% (193/312)
    Predicted RequestedByRouterForcedN Rate=10.26% (32/312)
    Predicted RequestedByRouterTopK Rate=61.86% (193/312)
    Predictor WindowRecall Rate=55.80% (250/448)
    Predictor WindowPrecision Rate=80.13% (250/312)
    Loads Per Step: 0Loads=28, 1Load=29, >1Load=22
    Bandwidth: StallLoads=78, PrefetchLoads=11, AvgLoadTime=3.81ms
    PrefetchOverlap: HiddenReady=10, HiddenWait=0, TicksSkipped=0
    MissCause: NotPresent=78, NotReadyStall=0
    PrefetchEff: Dropped=0, AlreadyCached=309, UsedBeforeEvict=10, EvictedBeforeUse=1
    Predictor TopK matches: 0=7 1=32 >=2=0
Layer 28 Cache Stats: Hits=528, Misses=104, HitRate=83.54%
    Predictor Routed-Expert HitRate=84.62% (33/39, routed_n=1, horizon=2)
    Predictor RoutedForcedN HitRate=84.62% (33/39)
    Predictor RoutedTopK HitRate=55.77% (174/312)
    Predicted RequestedByRouterForcedN Rate=10.58% (33/312)
    Predicted RequestedByRouterTopK Rate=55.77% (174/312)
    Predictor WindowRecall Rate=52.28% (241/461)
    Predictor WindowPrecision Rate=77.24% (241/312)
    Loads Per Step: 0Loads=22, 1Load=24, >1Load=33
    Bandwidth: StallLoads=104, PrefetchLoads=31, AvgLoadTime=3.19ms
    PrefetchOverlap: HiddenReady=24, HiddenWait=0, TicksSkipped=0
    MissCause: NotPresent=104, NotReadyStall=0
    PrefetchEff: Dropped=0, AlreadyCached=289, UsedBeforeEvict=24, EvictedBeforeUse=6
    Predictor TopK matches: 0=6 1=33 >=2=0
Layer 29 Cache Stats: Hits=522, Misses=110, HitRate=82.59%
    Predictor Routed-Expert HitRate=58.97% (23/39, routed_n=1, horizon=2)
    Predictor RoutedForcedN HitRate=58.97% (23/39)
    Predictor RoutedTopK HitRate=50.00% (156/312)
    Predicted RequestedByRouterForcedN Rate=7.37% (23/312)
    Predicted RequestedByRouterTopK Rate=50.00% (156/312)
    Predictor WindowRecall Rate=48.79% (242/496)
    Predictor WindowPrecision Rate=77.56% (242/312)
    Loads Per Step: 0Loads=25, 1Load=23, >1Load=31
    Bandwidth: StallLoads=110, PrefetchLoads=47, AvgLoadTime=2.95ms
    PrefetchOverlap: HiddenReady=35, HiddenWait=0, TicksSkipped=0
    MissCause: NotPresent=110, NotReadyStall=0
    PrefetchEff: Dropped=0, AlreadyCached=273, UsedBeforeEvict=35, EvictedBeforeUse=9
    Predictor TopK matches: 0=16 1=23 >=2=0
Layer 30 Cache Stats: Hits=576, Misses=56, HitRate=91.14%
    Predictor Routed-Expert HitRate=92.31% (36/39, routed_n=1, horizon=2)
    Predictor RoutedForcedN HitRate=92.31% (36/39)
    Predictor RoutedTopK HitRate=61.54% (192/312)
    Predicted RequestedByRouterForcedN Rate=11.54% (36/312)
    Predicted RequestedByRouterTopK Rate=61.54% (192/312)
    Predictor WindowRecall Rate=56.53% (251/444)
    Predictor WindowPrecision Rate=80.45% (251/312)
    Loads Per Step: 0Loads=36, 1Load=33, >1Load=10
    Bandwidth: StallLoads=56, PrefetchLoads=12, AvgLoadTime=3.84ms
    PrefetchOverlap: HiddenReady=10, HiddenWait=0, TicksSkipped=0
    MissCause: NotPresent=56, NotReadyStall=0
    PrefetchEff: Dropped=0, AlreadyCached=308, UsedBeforeEvict=10, EvictedBeforeUse=1
    Predictor TopK matches: 0=3 1=36 >=2=0
Layer 31 Cache Stats: Hits=588, Misses=44, HitRate=93.04%
    Predictor Routed-Expert HitRate=82.05% (32/39, routed_n=1, horizon=2)
    Predictor RoutedForcedN HitRate=82.05% (32/39)
    Predictor RoutedTopK HitRate=68.27% (213/312)
    Predicted RequestedByRouterForcedN Rate=10.26% (32/312)
    Predicted RequestedByRouterTopK Rate=68.27% (213/312)
    Predictor WindowRecall Rate=63.02% (271/430)
    Predictor WindowPrecision Rate=86.86% (271/312)
    Loads Per Step: 0Loads=45, 1Load=25, >1Load=9
    Bandwidth: StallLoads=44, PrefetchLoads=6, AvgLoadTime=3.61ms
    PrefetchOverlap: HiddenReady=6, HiddenWait=0, TicksSkipped=0
    MissCause: NotPresent=44, NotReadyStall=0
    PrefetchEff: Dropped=0, AlreadyCached=314, UsedBeforeEvict=6, EvictedBeforeUse=0
    Predictor TopK matches: 0=7 1=32 >=2=0
Layer 32 Cache Stats: Hits=526, Misses=106, HitRate=83.23%
    Predictor Routed-Expert HitRate=79.49% (31/39, routed_n=1, horizon=2)
    Predictor RoutedForcedN HitRate=79.49% (31/39)
    Predictor RoutedTopK HitRate=56.09% (175/312)
    Predicted RequestedByRouterForcedN Rate=9.94% (31/312)
    Predicted RequestedByRouterTopK Rate=56.09% (175/312)
    Predictor WindowRecall Rate=51.57% (247/479)
    Predictor WindowPrecision Rate=79.17% (247/312)
    Loads Per Step: 0Loads=26, 1Load=24, >1Load=29
    Bandwidth: StallLoads=106, PrefetchLoads=32, AvgLoadTime=3.11ms
    PrefetchOverlap: HiddenReady=26, HiddenWait=0, TicksSkipped=0
    MissCause: NotPresent=106, NotReadyStall=0
    PrefetchEff: Dropped=0, AlreadyCached=288, UsedBeforeEvict=26, EvictedBeforeUse=4
    Predictor TopK matches: 0=8 1=31 >=2=0
Layer 33 Cache Stats: Hits=564, Misses=68, HitRate=89.24%
    Predictor Routed-Expert HitRate=82.05% (32/39, routed_n=1, horizon=2)
    Predictor RoutedForcedN HitRate=82.05% (32/39)
    Predictor RoutedTopK HitRate=60.90% (190/312)
    Predicted RequestedByRouterForcedN Rate=10.26% (32/312)
    Predicted RequestedByRouterTopK Rate=60.90% (190/312)
    Predictor WindowRecall Rate=55.90% (256/458)
    Predictor WindowPrecision Rate=82.05% (256/312)
    Loads Per Step: 0Loads=38, 1Load=23, >1Load=18
    Bandwidth: StallLoads=68, PrefetchLoads=28, AvgLoadTime=3.50ms
    PrefetchOverlap: HiddenReady=23, HiddenWait=0, TicksSkipped=0
    MissCause: NotPresent=68, NotReadyStall=0
    PrefetchEff: Dropped=0, AlreadyCached=292, UsedBeforeEvict=23, EvictedBeforeUse=4
    Predictor TopK matches: 0=7 1=32 >=2=0
Layer 34 Cache Stats: Hits=527, Misses=105, HitRate=83.39%
    Predictor Routed-Expert HitRate=66.67% (26/39, routed_n=1, horizon=2)
    Predictor RoutedForcedN HitRate=66.67% (26/39)
    Predictor RoutedTopK HitRate=55.45% (173/312)
    Predicted RequestedByRouterForcedN Rate=8.33% (26/312)
    Predicted RequestedByRouterTopK Rate=55.45% (173/312)
    Predictor WindowRecall Rate=52.98% (258/487)
    Predictor WindowPrecision Rate=82.69% (258/312)
    Loads Per Step: 0Loads=24, 1Load=31, >1Load=24
    Bandwidth: StallLoads=105, PrefetchLoads=41, AvgLoadTime=3.31ms
    PrefetchOverlap: HiddenReady=30, HiddenWait=0, TicksSkipped=0
    MissCause: NotPresent=105, NotReadyStall=0
    PrefetchEff: Dropped=0, AlreadyCached=279, UsedBeforeEvict=30, EvictedBeforeUse=10
    Predictor TopK matches: 0=13 1=26 >=2=0
Layer 35 Cache Stats: Hits=503, Misses=129, HitRate=79.59%
    Predictor Routed-Expert HitRate=71.79% (28/39, routed_n=1, horizon=2)
    Predictor RoutedForcedN HitRate=71.79% (28/39)
    Predictor RoutedTopK HitRate=50.32% (157/312)
    Predicted RequestedByRouterForcedN Rate=8.97% (28/312)
    Predicted RequestedByRouterTopK Rate=50.32% (157/312)
    Predictor WindowRecall Rate=48.23% (245/508)
    Predictor WindowPrecision Rate=78.53% (245/312)
    Loads Per Step: 0Loads=21, 1Load=19, >1Load=39
    Bandwidth: StallLoads=129, PrefetchLoads=70, AvgLoadTime=2.86ms
    PrefetchOverlap: HiddenReady=53, HiddenWait=0, TicksSkipped=0
    MissCause: NotPresent=129, NotReadyStall=0
    PrefetchEff: Dropped=0, AlreadyCached=250, UsedBeforeEvict=53, EvictedBeforeUse=15
    Predictor TopK matches: 0=11 1=28 >=2=0
Layer 36 Cache Stats: Hits=524, Misses=108, HitRate=82.91%
    Predictor Routed-Expert HitRate=71.79% (28/39, routed_n=1, horizon=2)
    Predictor RoutedForcedN HitRate=71.79% (28/39)
    Predictor RoutedTopK HitRate=56.73% (177/312)
    Predicted RequestedByRouterForcedN Rate=8.97% (28/312)
    Predicted RequestedByRouterTopK Rate=56.73% (177/312)
    Predictor WindowRecall Rate=52.81% (254/481)
    Predictor WindowPrecision Rate=81.41% (254/312)
    Loads Per Step: 0Loads=25, 1Load=17, >1Load=37
    Bandwidth: StallLoads=108, PrefetchLoads=25, AvgLoadTime=3.54ms
    PrefetchOverlap: HiddenReady=19, HiddenWait=0, TicksSkipped=0
    MissCause: NotPresent=108, NotReadyStall=0
    PrefetchEff: Dropped=0, AlreadyCached=295, UsedBeforeEvict=19, EvictedBeforeUse=4
    Predictor TopK matches: 0=11 1=28 >=2=0
Layer 37 Cache Stats: Hits=489, Misses=143, HitRate=77.37%
    Predictor Routed-Expert HitRate=66.67% (26/39, routed_n=1, horizon=2)
    Predictor RoutedForcedN HitRate=66.67% (26/39)
    Predictor RoutedTopK HitRate=44.87% (140/312)
    Predicted RequestedByRouterForcedN Rate=8.33% (26/312)
    Predicted RequestedByRouterTopK Rate=44.87% (140/312)
    Predictor WindowRecall Rate=47.96% (247/515)
    Predictor WindowPrecision Rate=79.17% (247/312)
    Loads Per Step: 0Loads=17, 1Load=23, >1Load=39
    Bandwidth: StallLoads=143, PrefetchLoads=81, AvgLoadTime=2.85ms
    PrefetchOverlap: HiddenReady=60, HiddenWait=0, TicksSkipped=0
    MissCause: NotPresent=143, NotReadyStall=0
    PrefetchEff: Dropped=0, AlreadyCached=239, UsedBeforeEvict=60, EvictedBeforeUse=17
    Predictor TopK matches: 0=13 1=26 >=2=0
Layer 38 Cache Stats: Hits=544, Misses=88, HitRate=86.08%
    Predictor Routed-Expert HitRate=84.62% (33/39, routed_n=1, horizon=2)
    Predictor RoutedForcedN HitRate=84.62% (33/39)
    Predictor RoutedTopK HitRate=57.69% (180/312)
    Predicted RequestedByRouterForcedN Rate=10.58% (33/312)
    Predicted RequestedByRouterTopK Rate=57.69% (180/312)
    Predictor WindowRecall Rate=55.19% (266/482)
    Predictor WindowPrecision Rate=85.26% (266/312)
    Loads Per Step: 0Loads=30, 1Load=23, >1Load=26
    Bandwidth: StallLoads=88, PrefetchLoads=33, AvgLoadTime=3.66ms
    PrefetchOverlap: HiddenReady=31, HiddenWait=0, TicksSkipped=0
    MissCause: NotPresent=88, NotReadyStall=0
    PrefetchEff: Dropped=0, AlreadyCached=287, UsedBeforeEvict=31, EvictedBeforeUse=2
    Predictor TopK matches: 0=6 1=33 >=2=0
Layer 39 Cache Stats: Hits=526, Misses=106, HitRate=83.23%
    Predictor Routed-Expert HitRate=84.62% (33/39, routed_n=1, horizon=2)
    Predictor RoutedForcedN HitRate=84.62% (33/39)
    Predictor RoutedTopK HitRate=60.26% (188/312)
    Predicted RequestedByRouterForcedN Rate=10.58% (33/312)
    Predicted RequestedByRouterTopK Rate=60.26% (188/312)
    Predictor WindowRecall Rate=53.88% (257/477)
    Predictor WindowPrecision Rate=82.37% (257/312)
    Loads Per Step: 0Loads=25, 1Load=26, >1Load=28
    Bandwidth: StallLoads=106, PrefetchLoads=31, AvgLoadTime=3.75ms
    PrefetchOverlap: HiddenReady=27, HiddenWait=0, TicksSkipped=0
    MissCause: NotPresent=106, NotReadyStall=0
    PrefetchEff: Dropped=0, AlreadyCached=289, UsedBeforeEvict=27, EvictedBeforeUse=4
    Predictor TopK matches: 0=6 1=33 >=2=0
Layer 40 Cache Stats: Hits=536, Misses=96, HitRate=84.81%
    Predictor Routed-Expert HitRate=74.36% (29/39, routed_n=1, horizon=2)
    Predictor RoutedForcedN HitRate=74.36% (29/39)
    Predictor RoutedTopK HitRate=58.33% (182/312)
    Predicted RequestedByRouterForcedN Rate=9.29% (29/312)
    Predicted RequestedByRouterTopK Rate=58.33% (182/312)
    Predictor WindowRecall Rate=54.62% (266/487)
    Predictor WindowPrecision Rate=85.26% (266/312)
    Loads Per Step: 0Loads=27, 1Load=26, >1Load=26
    Bandwidth: StallLoads=96, PrefetchLoads=58, AvgLoadTime=3.43ms
    PrefetchOverlap: HiddenReady=48, HiddenWait=0, TicksSkipped=0
    MissCause: NotPresent=96, NotReadyStall=0
    PrefetchEff: Dropped=0, AlreadyCached=262, UsedBeforeEvict=48, EvictedBeforeUse=10
    Predictor TopK matches: 0=10 1=29 >=2=0
Layer 41 Cache Stats: Hits=495, Misses=137, HitRate=78.32%
    Predictor Routed-Expert HitRate=53.85% (21/39, routed_n=1, horizon=2)
    Predictor RoutedForcedN HitRate=53.85% (21/39)
    Predictor RoutedTopK HitRate=44.23% (138/312)
    Predicted RequestedByRouterForcedN Rate=6.73% (21/312)
    Predicted RequestedByRouterTopK Rate=44.23% (138/312)
    Predictor WindowRecall Rate=48.21% (256/531)
    Predictor WindowPrecision Rate=82.05% (256/312)
    Loads Per Step: 0Loads=15, 1Load=29, >1Load=35
    Bandwidth: StallLoads=137, PrefetchLoads=83, AvgLoadTime=3.15ms
    PrefetchOverlap: HiddenReady=71, HiddenWait=0, TicksSkipped=0
    MissCause: NotPresent=137, NotReadyStall=0
    PrefetchEff: Dropped=0, AlreadyCached=237, UsedBeforeEvict=71, EvictedBeforeUse=10
    Predictor TopK matches: 0=18 1=21 >=2=0
Layer 42 Cache Stats: Hits=503, Misses=129, HitRate=79.59%
    Predictor Routed-Expert HitRate=64.10% (25/39, routed_n=1, horizon=2)
    Predictor RoutedForcedN HitRate=64.10% (25/39)
    Predictor RoutedTopK HitRate=51.60% (161/312)
    Predicted RequestedByRouterForcedN Rate=8.01% (25/312)
    Predicted RequestedByRouterTopK Rate=51.60% (161/312)
    Predictor WindowRecall Rate=51.57% (262/508)
    Predictor WindowPrecision Rate=83.97% (262/312)
    Loads Per Step: 0Loads=13, 1Load=31, >1Load=35
    Bandwidth: StallLoads=129, PrefetchLoads=45, AvgLoadTime=3.60ms
    PrefetchOverlap: HiddenReady=40, HiddenWait=0, TicksSkipped=0
    MissCause: NotPresent=129, NotReadyStall=0
    PrefetchEff: Dropped=0, AlreadyCached=275, UsedBeforeEvict=40, EvictedBeforeUse=5
    Predictor TopK matches: 0=14 1=25 >=2=0
Layer 43 Cache Stats: Hits=520, Misses=112, HitRate=82.28%
    Predictor Routed-Expert HitRate=76.92% (30/39, routed_n=1, horizon=2)
    Predictor RoutedForcedN HitRate=76.92% (30/39)
    Predictor RoutedTopK HitRate=52.24% (163/312)
    Predicted RequestedByRouterForcedN Rate=9.62% (30/312)
    Predicted RequestedByRouterTopK Rate=52.24% (163/312)
    Predictor WindowRecall Rate=51.79% (261/504)
    Predictor WindowPrecision Rate=83.65% (261/312)
    Loads Per Step: 0Loads=24, 1Load=19, >1Load=36
    Bandwidth: StallLoads=112, PrefetchLoads=53, AvgLoadTime=3.56ms
    PrefetchOverlap: HiddenReady=44, HiddenWait=0, TicksSkipped=0
    MissCause: NotPresent=112, NotReadyStall=0
    PrefetchEff: Dropped=0, AlreadyCached=267, UsedBeforeEvict=44, EvictedBeforeUse=7
    Predictor TopK matches: 0=9 1=30 >=2=0
Layer 44 Cache Stats: Hits=540, Misses=92, HitRate=85.44%
    Predictor Routed-Expert HitRate=87.18% (34/39, routed_n=1, horizon=2)
    Predictor RoutedForcedN HitRate=87.18% (34/39)
    Predictor RoutedTopK HitRate=56.09% (175/312)
    Predicted RequestedByRouterForcedN Rate=10.90% (34/312)
    Predicted RequestedByRouterTopK Rate=56.09% (175/312)
    Predictor WindowRecall Rate=54.24% (262/483)
    Predictor WindowPrecision Rate=83.97% (262/312)
    Loads Per Step: 0Loads=31, 1Load=19, >1Load=29
    Bandwidth: StallLoads=92, PrefetchLoads=41, AvgLoadTime=3.68ms
    PrefetchOverlap: HiddenReady=33, HiddenWait=0, TicksSkipped=0
    MissCause: NotPresent=92, NotReadyStall=0
    PrefetchEff: Dropped=0, AlreadyCached=279, UsedBeforeEvict=33, EvictedBeforeUse=6
    Predictor TopK matches: 0=5 1=34 >=2=0
Layer 45 Cache Stats: Hits=553, Misses=79, HitRate=87.50%
    Predictor Routed-Expert HitRate=79.49% (31/39, routed_n=1, horizon=2)
    Predictor RoutedForcedN HitRate=79.49% (31/39)
    Predictor RoutedTopK HitRate=55.45% (173/312)
    Predicted RequestedByRouterForcedN Rate=9.94% (31/312)
    Predicted RequestedByRouterTopK Rate=55.45% (173/312)
    Predictor WindowRecall Rate=52.05% (254/488)
    Predictor WindowPrecision Rate=81.41% (254/312)
    Loads Per Step: 0Loads=35, 1Load=24, >1Load=20
    Bandwidth: StallLoads=79, PrefetchLoads=52, AvgLoadTime=3.75ms
    PrefetchOverlap: HiddenReady=46, HiddenWait=0, TicksSkipped=0
    MissCause: NotPresent=79, NotReadyStall=0
    PrefetchEff: Dropped=0, AlreadyCached=268, UsedBeforeEvict=46, EvictedBeforeUse=5
    Predictor TopK matches: 0=8 1=31 >=2=0
Layer 46 Cache Stats: Hits=507, Misses=125, HitRate=80.22%
    Predictor Routed-Expert HitRate=46.15% (18/39, routed_n=1, horizon=2)
    Predictor RoutedForcedN HitRate=46.15% (18/39)
    Predictor RoutedTopK HitRate=49.36% (154/312)
    Predicted RequestedByRouterForcedN Rate=5.77% (18/312)
    Predicted RequestedByRouterTopK Rate=49.36% (154/312)
    Predictor WindowRecall Rate=48.50% (243/501)
    Predictor WindowPrecision Rate=77.88% (243/312)
    Loads Per Step: 0Loads=16, 1Load=34, >1Load=29
    Bandwidth: StallLoads=125, PrefetchLoads=58, AvgLoadTime=4.19ms
    PrefetchOverlap: HiddenReady=49, HiddenWait=0, TicksSkipped=0
    MissCause: NotPresent=125, NotReadyStall=0
    PrefetchEff: Dropped=0, AlreadyCached=262, UsedBeforeEvict=49, EvictedBeforeUse=9
    Predictor TopK matches: 0=21 1=18 >=2=0
Layer 47 Cache Stats: Hits=485, Misses=147, HitRate=76.74%
    Predictor Routed-Expert HitRate=41.03% (16/39, routed_n=1, horizon=2)
    Predictor RoutedForcedN HitRate=41.03% (16/39)
    Predictor RoutedTopK HitRate=40.71% (127/312)
    Predicted RequestedByRouterForcedN Rate=5.13% (16/312)
    Predicted RequestedByRouterTopK Rate=40.71% (127/312)
    Predictor WindowRecall Rate=47.66% (255/535)
    Predictor WindowPrecision Rate=81.73% (255/312)
    Loads Per Step: 0Loads=17, 1Load=22, >1Load=40
    Bandwidth: StallLoads=147, PrefetchLoads=82, AvgLoadTime=3.11ms
    PrefetchOverlap: HiddenReady=67, HiddenWait=0, TicksSkipped=0
    MissCause: NotPresent=147, NotReadyStall=0
    PrefetchEff: Dropped=0, AlreadyCached=238, UsedBeforeEvict=67, EvictedBeforeUse=14
    Predictor TopK matches: 0=23 1=16 >=2=0
============================================================
[TorchScriptPredictor Layer 0] Shutdown complete
[TorchScriptPredictor Layer 1] Shutdown complete
[TorchScriptPredictor Layer 2] Shutdown complete
[TorchScriptPredictor Layer 3] Shutdown complete
[TorchScriptPredictor Layer 4] Shutdown complete
[TorchScriptPredictor Layer 5] Shutdown complete
[TorchScriptPredictor Layer 6] Shutdown complete
[TorchScriptPredictor Layer 7] Shutdown complete
[TorchScriptPredictor Layer 8] Shutdown complete
[TorchScriptPredictor Layer 9] Shutdown complete
[TorchScriptPredictor Layer 10] Shutdown complete
[TorchScriptPredictor Layer 11] Shutdown complete
[TorchScriptPredictor Layer 12] Shutdown complete
[TorchScriptPredictor Layer 13] Shutdown complete
[TorchScriptPredictor Layer 14] Shutdown complete
[TorchScriptPredictor Layer 15] Shutdown complete
[TorchScriptPredictor Layer 16] Shutdown complete
[TorchScriptPredictor Layer 17] Shutdown complete
[TorchScriptPredictor Layer 18] Shutdown complete
[TorchScriptPredictor Layer 19] Shutdown complete
[TorchScriptPredictor Layer 20] Shutdown complete
[TorchScriptPredictor Layer 21] Shutdown complete
[TorchScriptPredictor Layer 22] Shutdown complete
[TorchScriptPredictor Layer 23] Shutdown complete
[TorchScriptPredictor Layer 24] Shutdown complete
[TorchScriptPredictor Layer 25] Shutdown complete
[TorchScriptPredictor Layer 26] Shutdown complete
[TorchScriptPredictor Layer 27] Shutdown complete
[TorchScriptPredictor Layer 28] Shutdown complete
[TorchScriptPredictor Layer 29] Shutdown complete
[TorchScriptPredictor Layer 30] Shutdown complete
[TorchScriptPredictor Layer 31] Shutdown complete
[TorchScriptPredictor Layer 32] Shutdown complete
[TorchScriptPredictor Layer 33] Shutdown complete
[TorchScriptPredictor Layer 34] Shutdown complete
[TorchScriptPredictor Layer 35] Shutdown complete
[TorchScriptPredictor Layer 36] Shutdown complete
[TorchScriptPredictor Layer 37] Shutdown complete
[TorchScriptPredictor Layer 38] Shutdown complete
[TorchScriptPredictor Layer 39] Shutdown complete
[TorchScriptPredictor Layer 40] Shutdown complete
[TorchScriptPredictor Layer 41] Shutdown complete
[TorchScriptPredictor Layer 42] Shutdown complete
[TorchScriptPredictor Layer 43] Shutdown complete
[TorchScriptPredictor Layer 44] Shutdown complete
[TorchScriptPredictor Layer 45] Shutdown complete
[TorchScriptPredictor Layer 46] Shutdown complete
[TorchScriptPredictor Layer 47] Shutdown complete
============================================================
Initializing Qwen3 30B-A3B AWQ w4a16 quantized model...
============================================================
Loading quantized weights from QuixiAI/Qwen3-30B-A3B-AWQ...
Using saved safetensors: /home/michael/heteroPredict/py/unified_llm_w4a16/model_weights/Qwen3-30B-A3B-AWQ.safetensors
Expert weights dir: /home/michael/heteroPredict/py/unified_llm_w4a16/model_weights/Qwen3-30B-A3B-AWQ_packed  (format: packed)
Using existing attention weights in /home/michael/heteroPredict/py/unified_llm_w4a16/model_weights/Qwen3-30B-A3B-AWQ_unpacked
Weights loaded (expert dir override) in 0.29 seconds
Pre-warming expert cache with 32 experts...
Model initialized successfully!
Set expert cache policy to LFRU.

Running sweep using prompts from JSON: /tmp/tmpnt9zirs0.json
Loaded 1 prompts for sweeping.

Processing Prompt 1/1...

============================================================
Generated text only:
============================================================
oulter also appeared in the 2010 film The King 's Speech , playing a soldier in a scene with Colin Firth . 

In 2011 , Boulter played " Tom " in the play The Pride by David Eldridge , which was performed at the Royal Court Theatre in London . The play explores the theme of same-sex relationships in the 195
============================================================

============================================================
Sweep Complete.
Average Time per Token: 0.498766
End-to-End TPS: 2.0049
Cache Stats: Hits=25265, Misses=5071, HitRate=83.28%
Predictor Stats: Hits=1348, Total=1872, HitRate=72.01%
Initializing UnifiedLLMW4A16Impl_base
Using NPU config struct.
Configuring NPU (Base):
  Heterogeneity: gpu
  GPU Count: 1
  Debug Verbosity: 1
  Dummy Weights: false
  Warmup: false
  Preload MoE: true
  Minimal PDI: true
[GPU SELECT] Free VRAM ranking: gpu0=28.00/28.00 GiB
[GPU SELECT] Selected GPUs for gpu-count=1: [0]
[GPU MAP] Single-GPU placement on gpu0
[Predictor] Layer 0 model path resolved to: /home/michael/heteroPredict/trainingData/qwen3_30b/transformer_final_pfill_markov_emb/transformer_eh4_h64_f2/layer_0/best_jit.pt
[Predictor] Running on device: CPU (NPU path) (heterogeneity="gpu", predictor_device="cpu")
[ThreadedTorchScriptPredictor Layer 0] Detected history_length=4 from /home/michael/heteroPredict/trainingData/qwen3_30b/transformer_final_pfill_markov_emb/transformer_eh4_h64_f2/layer_0/best.json
[TorchScriptPredictor Layer 0] Loading model on CPU
[TorchScriptPredictor Layer 0] Assuming prefill_dist, prev_expert_onehot, and prev_layers_feat support (v3 API).
[TorchScriptPredictor Layer 0] prefill_dist support: yes, prev_expert_onehot support: yes, prev_layers_feat support: yes
[TorchScriptPredictor Layer 0] Loaded model: /home/michael/heteroPredict/trainingData/qwen3_30b/transformer_final_pfill_markov_emb/transformer_eh4_h64_f2/layer_0/best_jit.pt
[ThreadedTorchScriptPredictor Layer 1] Detected history_length=4 from /home/michael/heteroPredict/trainingData/qwen3_30b/transformer_final_pfill_markov_emb/transformer_eh4_h64_f2/layer_1/best.json
[TorchScriptPredictor Layer 1] Loading model on CPU
[TorchScriptPredictor Layer 1] Assuming prefill_dist, prev_expert_onehot, and prev_layers_feat support (v3 API).
[TorchScriptPredictor Layer 1] prefill_dist support: yes, prev_expert_onehot support: yes, prev_layers_feat support: yes
[TorchScriptPredictor Layer 1] Loaded model: /home/michael/heteroPredict/trainingData/qwen3_30b/transformer_final_pfill_markov_emb/transformer_eh4_h64_f2/layer_1/best_jit.pt
[ThreadedTorchScriptPredictor Layer 2] Detected history_length=4 from /home/michael/heteroPredict/trainingData/qwen3_30b/transformer_final_pfill_markov_emb/transformer_eh4_h64_f2/layer_2/best.json
[TorchScriptPredictor Layer 2] Loading model on CPU
[TorchScriptPredictor Layer 2] Assuming prefill_dist, prev_expert_onehot, and prev_layers_feat support (v3 API).
[TorchScriptPredictor Layer 2] prefill_dist support: yes, prev_expert_onehot support: yes, prev_layers_feat support: yes
[TorchScriptPredictor Layer 2] Loaded model: /home/michael/heteroPredict/trainingData/qwen3_30b/transformer_final_pfill_markov_emb/transformer_eh4_h64_f2/layer_2/best_jit.pt
[ThreadedTorchScriptPredictor Layer 3] Detected history_length=4 from /home/michael/heteroPredict/trainingData/qwen3_30b/transformer_final_pfill_markov_emb/transformer_eh4_h64_f2/layer_3/best.json
[TorchScriptPredictor Layer 3] Loading model on CPU
[TorchScriptPredictor Layer 3] Assuming prefill_dist, prev_expert_onehot, and prev_layers_feat support (v3 API).
[TorchScriptPredictor Layer 3] prefill_dist support: yes, prev_expert_onehot support: yes, prev_layers_feat support: yes
[TorchScriptPredictor Layer 3] Loaded model: /home/michael/heteroPredict/trainingData/qwen3_30b/transformer_final_pfill_markov_emb/transformer_eh4_h64_f2/layer_3/best_jit.pt
[ThreadedTorchScriptPredictor Layer 4] Detected history_length=4 from /home/michael/heteroPredict/trainingData/qwen3_30b/transformer_final_pfill_markov_emb/transformer_eh4_h64_f2/layer_4/best.json
[TorchScriptPredictor Layer 4] Loading model on CPU
[TorchScriptPredictor Layer 4] Assuming prefill_dist, prev_expert_onehot, and prev_layers_feat support (v3 API).
[TorchScriptPredictor Layer 4] prefill_dist support: yes, prev_expert_onehot support: yes, prev_layers_feat support: yes
[TorchScriptPredictor Layer 4] Loaded model: /home/michael/heteroPredict/trainingData/qwen3_30b/transformer_final_pfill_markov_emb/transformer_eh4_h64_f2/layer_4/best_jit.pt
[ThreadedTorchScriptPredictor Layer 5] Detected history_length=4 from /home/michael/heteroPredict/trainingData/qwen3_30b/transformer_final_pfill_markov_emb/transformer_eh4_h64_f2/layer_5/best.json
[TorchScriptPredictor Layer 5] Loading model on CPU
[TorchScriptPredictor Layer 5] Assuming prefill_dist, prev_expert_onehot, and prev_layers_feat support (v3 API).
[TorchScriptPredictor Layer 5] prefill_dist support: yes, prev_expert_onehot support: yes, prev_layers_feat support: yes
[TorchScriptPredictor Layer 5] Loaded model: /home/michael/heteroPredict/trainingData/qwen3_30b/transformer_final_pfill_markov_emb/transformer_eh4_h64_f2/layer_5/best_jit.pt
[ThreadedTorchScriptPredictor Layer 6] Detected history_length=4 from /home/michael/heteroPredict/trainingData/qwen3_30b/transformer_final_pfill_markov_emb/transformer_eh4_h64_f2/layer_6/best.json
[TorchScriptPredictor Layer 6] Loading model on CPU
[TorchScriptPredictor Layer 6] Assuming prefill_dist, prev_expert_onehot, and prev_layers_feat support (v3 API).
[TorchScriptPredictor Layer 6] prefill_dist support: yes, prev_expert_onehot support: yes, prev_layers_feat support: yes
[TorchScriptPredictor Layer 6] Loaded model: /home/michael/heteroPredict/trainingData/qwen3_30b/transformer_final_pfill_markov_emb/transformer_eh4_h64_f2/layer_6/best_jit.pt
[ThreadedTorchScriptPredictor Layer 7] Detected history_length=4 from /home/michael/heteroPredict/trainingData/qwen3_30b/transformer_final_pfill_markov_emb/transformer_eh4_h64_f2/layer_7/best.json
[TorchScriptPredictor Layer 7] Loading model on CPU
[TorchScriptPredictor Layer 7] Assuming prefill_dist, prev_expert_onehot, and prev_layers_feat support (v3 API).
[TorchScriptPredictor Layer 7] prefill_dist support: yes, prev_expert_onehot support: yes, prev_layers_feat support: yes
[TorchScriptPredictor Layer 7] Loaded model: /home/michael/heteroPredict/trainingData/qwen3_30b/transformer_final_pfill_markov_emb/transformer_eh4_h64_f2/layer_7/best_jit.pt
[ThreadedTorchScriptPredictor Layer 8] Detected history_length=4 from /home/michael/heteroPredict/trainingData/qwen3_30b/transformer_final_pfill_markov_emb/transformer_eh4_h64_f2/layer_8/best.json
[TorchScriptPredictor Layer 8] Loading model on CPU
[TorchScriptPredictor Layer 8] Assuming prefill_dist, prev_expert_onehot, and prev_layers_feat support (v3 API).
[TorchScriptPredictor Layer 8] prefill_dist support: yes, prev_expert_onehot support: yes, prev_layers_feat support: yes
[TorchScriptPredictor Layer 8] Loaded model: /home/michael/heteroPredict/trainingData/qwen3_30b/transformer_final_pfill_markov_emb/transformer_eh4_h64_f2/layer_8/best_jit.pt
[ThreadedTorchScriptPredictor Layer 9] Detected history_length=4 from /home/michael/heteroPredict/trainingData/qwen3_30b/transformer_final_pfill_markov_emb/transformer_eh4_h64_f2/layer_9/best.json
[TorchScriptPredictor Layer 9] Loading model on CPU
[TorchScriptPredictor Layer 9] Assuming prefill_dist, prev_expert_onehot, and prev_layers_feat support (v3 API).
[TorchScriptPredictor Layer 9] prefill_dist support: yes, prev_expert_onehot support: yes, prev_layers_feat support: yes
[TorchScriptPredictor Layer 9] Loaded model: /home/michael/heteroPredict/trainingData/qwen3_30b/transformer_final_pfill_markov_emb/transformer_eh4_h64_f2/layer_9/best_jit.pt
[ThreadedTorchScriptPredictor Layer 10] Detected history_length=4 from /home/michael/heteroPredict/trainingData/qwen3_30b/transformer_final_pfill_markov_emb/transformer_eh4_h64_f2/layer_10/best.json
[TorchScriptPredictor Layer 10] Loading model on CPU
[TorchScriptPredictor Layer 10] Assuming prefill_dist, prev_expert_onehot, and prev_layers_feat support (v3 API).
[TorchScriptPredictor Layer 10] prefill_dist support: yes, prev_expert_onehot support: yes, prev_layers_feat support: yes
[TorchScriptPredictor Layer 10] Loaded model: /home/michael/heteroPredict/trainingData/qwen3_30b/transformer_final_pfill_markov_emb/transformer_eh4_h64_f2/layer_10/best_jit.pt
[ThreadedTorchScriptPredictor Layer 11] Detected history_length=4 from /home/michael/heteroPredict/trainingData/qwen3_30b/transformer_final_pfill_markov_emb/transformer_eh4_h64_f2/layer_11/best.json
[TorchScriptPredictor Layer 11] Loading model on CPU
[TorchScriptPredictor Layer 11] Assuming prefill_dist, prev_expert_onehot, and prev_layers_feat support (v3 API).
[TorchScriptPredictor Layer 11] prefill_dist support: yes, prev_expert_onehot support: yes, prev_layers_feat support: yes
[TorchScriptPredictor Layer 11] Loaded model: /home/michael/heteroPredict/trainingData/qwen3_30b/transformer_final_pfill_markov_emb/transformer_eh4_h64_f2/layer_11/best_jit.pt
[ThreadedTorchScriptPredictor Layer 12] Detected history_length=4 from /home/michael/heteroPredict/trainingData/qwen3_30b/transformer_final_pfill_markov_emb/transformer_eh4_h64_f2/layer_12/best.json
[TorchScriptPredictor Layer 12] Loading model on CPU
[TorchScriptPredictor Layer 12] Assuming prefill_dist, prev_expert_onehot, and prev_layers_feat support (v3 API).
[TorchScriptPredictor Layer 12] prefill_dist support: yes, prev_expert_onehot support: yes, prev_layers_feat support: yes
[TorchScriptPredictor Layer 12] Loaded model: /home/michael/heteroPredict/trainingData/qwen3_30b/transformer_final_pfill_markov_emb/transformer_eh4_h64_f2/layer_12/best_jit.pt
[ThreadedTorchScriptPredictor Layer 13] Detected history_length=4 from /home/michael/heteroPredict/trainingData/qwen3_30b/transformer_final_pfill_markov_emb/transformer_eh4_h64_f2/layer_13/best.json
[TorchScriptPredictor Layer 13] Loading model on CPU
[TorchScriptPredictor Layer 13] Assuming prefill_dist, prev_expert_onehot, and prev_layers_feat support (v3 API).
[TorchScriptPredictor Layer 13] prefill_dist support: yes, prev_expert_onehot support: yes, prev_layers_feat support: yes
[TorchScriptPredictor Layer 13] Loaded model: /home/michael/heteroPredict/trainingData/qwen3_30b/transformer_final_pfill_markov_emb/transformer_eh4_h64_f2/layer_13/best_jit.pt
[ThreadedTorchScriptPredictor Layer 14] Detected history_length=4 from /home/michael/heteroPredict/trainingData/qwen3_30b/transformer_final_pfill_markov_emb/transformer_eh4_h64_f2/layer_14/best.json
[TorchScriptPredictor Layer 14] Loading model on CPU
[TorchScriptPredictor Layer 14] Assuming prefill_dist, prev_expert_onehot, and prev_layers_feat support (v3 API).
[TorchScriptPredictor Layer 14] prefill_dist support: yes, prev_expert_onehot support: yes, prev_layers_feat support: yes
[TorchScriptPredictor Layer 14] Loaded model: /home/michael/heteroPredict/trainingData/qwen3_30b/transformer_final_pfill_markov_emb/transformer_eh4_h64_f2/layer_14/best_jit.pt
[ThreadedTorchScriptPredictor Layer 15] Detected history_length=4 from /home/michael/heteroPredict/trainingData/qwen3_30b/transformer_final_pfill_markov_emb/transformer_eh4_h64_f2/layer_15/best.json
[TorchScriptPredictor Layer 15] Loading model on CPU
[TorchScriptPredictor Layer 15] Assuming prefill_dist, prev_expert_onehot, and prev_layers_feat support (v3 API).
[TorchScriptPredictor Layer 15] prefill_dist support: yes, prev_expert_onehot support: yes, prev_layers_feat support: yes
[TorchScriptPredictor Layer 15] Loaded model: /home/michael/heteroPredict/trainingData/qwen3_30b/transformer_final_pfill_markov_emb/transformer_eh4_h64_f2/layer_15/best_jit.pt
[ThreadedTorchScriptPredictor Layer 16] Detected history_length=4 from /home/michael/heteroPredict/trainingData/qwen3_30b/transformer_final_pfill_markov_emb/transformer_eh4_h64_f2/layer_16/best.json
[TorchScriptPredictor Layer 16] Loading model on CPU
[TorchScriptPredictor Layer 16] Assuming prefill_dist, prev_expert_onehot, and prev_layers_feat support (v3 API).
[TorchScriptPredictor Layer 16] prefill_dist support: yes, prev_expert_onehot support: yes, prev_layers_feat support: yes
[TorchScriptPredictor Layer 16] Loaded model: /home/michael/heteroPredict/trainingData/qwen3_30b/transformer_final_pfill_markov_emb/transformer_eh4_h64_f2/layer_16/best_jit.pt
[ThreadedTorchScriptPredictor Layer 17] Detected history_length=4 from /home/michael/heteroPredict/trainingData/qwen3_30b/transformer_final_pfill_markov_emb/transformer_eh4_h64_f2/layer_17/best.json
[TorchScriptPredictor Layer 17] Loading model on CPU
[TorchScriptPredictor Layer 17] Assuming prefill_dist, prev_expert_onehot, and prev_layers_feat support (v3 API).
[TorchScriptPredictor Layer 17] prefill_dist support: yes, prev_expert_onehot support: yes, prev_layers_feat support: yes
[TorchScriptPredictor Layer 17] Loaded model: /home/michael/heteroPredict/trainingData/qwen3_30b/transformer_final_pfill_markov_emb/transformer_eh4_h64_f2/layer_17/best_jit.pt
[ThreadedTorchScriptPredictor Layer 18] Detected history_length=4 from /home/michael/heteroPredict/trainingData/qwen3_30b/transformer_final_pfill_markov_emb/transformer_eh4_h64_f2/layer_18/best.json
[TorchScriptPredictor Layer 18] Loading model on CPU
[TorchScriptPredictor Layer 18] Assuming prefill_dist, prev_expert_onehot, and prev_layers_feat support (v3 API).
[TorchScriptPredictor Layer 18] prefill_dist support: yes, prev_expert_onehot support: yes, prev_layers_feat support: yes
[TorchScriptPredictor Layer 18] Loaded model: /home/michael/heteroPredict/trainingData/qwen3_30b/transformer_final_pfill_markov_emb/transformer_eh4_h64_f2/layer_18/best_jit.pt
[ThreadedTorchScriptPredictor Layer 19] Detected history_length=4 from /home/michael/heteroPredict/trainingData/qwen3_30b/transformer_final_pfill_markov_emb/transformer_eh4_h64_f2/layer_19/best.json
[TorchScriptPredictor Layer 19] Loading model on CPU
[TorchScriptPredictor Layer 19] Assuming prefill_dist, prev_expert_onehot, and prev_layers_feat support (v3 API).
[TorchScriptPredictor Layer 19] prefill_dist support: yes, prev_expert_onehot support: yes, prev_layers_feat support: yes
[TorchScriptPredictor Layer 19] Loaded model: /home/michael/heteroPredict/trainingData/qwen3_30b/transformer_final_pfill_markov_emb/transformer_eh4_h64_f2/layer_19/best_jit.pt
[ThreadedTorchScriptPredictor Layer 20] Detected history_length=4 from /home/michael/heteroPredict/trainingData/qwen3_30b/transformer_final_pfill_markov_emb/transformer_eh4_h64_f2/layer_20/best.json
[TorchScriptPredictor Layer 20] Loading model on CPU
[TorchScriptPredictor Layer 20] Assuming prefill_dist, prev_expert_onehot, and prev_layers_feat support (v3 API).
[TorchScriptPredictor Layer 20] prefill_dist support: yes, prev_expert_onehot support: yes, prev_layers_feat support: yes
[TorchScriptPredictor Layer 20] Loaded model: /home/michael/heteroPredict/trainingData/qwen3_30b/transformer_final_pfill_markov_emb/transformer_eh4_h64_f2/layer_20/best_jit.pt
[ThreadedTorchScriptPredictor Layer 21] Detected history_length=4 from /home/michael/heteroPredict/trainingData/qwen3_30b/transformer_final_pfill_markov_emb/transformer_eh4_h64_f2/layer_21/best.json
[TorchScriptPredictor Layer 21] Loading model on CPU
[TorchScriptPredictor Layer 21] Assuming prefill_dist, prev_expert_onehot, and prev_layers_feat support (v3 API).
[TorchScriptPredictor Layer 21] prefill_dist support: yes, prev_expert_onehot support: yes, prev_layers_feat support: yes
[TorchScriptPredictor Layer 21] Loaded model: /home/michael/heteroPredict/trainingData/qwen3_30b/transformer_final_pfill_markov_emb/transformer_eh4_h64_f2/layer_21/best_jit.pt
[ThreadedTorchScriptPredictor Layer 22] Detected history_length=4 from /home/michael/heteroPredict/trainingData/qwen3_30b/transformer_final_pfill_markov_emb/transformer_eh4_h64_f2/layer_22/best.json
[TorchScriptPredictor Layer 22] Loading model on CPU
[TorchScriptPredictor Layer 22] Assuming prefill_dist, prev_expert_onehot, and prev_layers_feat support (v3 API).
[TorchScriptPredictor Layer 22] prefill_dist support: yes, prev_expert_onehot support: yes, prev_layers_feat support: yes
[TorchScriptPredictor Layer 22] Loaded model: /home/michael/heteroPredict/trainingData/qwen3_30b/transformer_final_pfill_markov_emb/transformer_eh4_h64_f2/layer_22/best_jit.pt
[ThreadedTorchScriptPredictor Layer 23] Detected history_length=4 from /home/michael/heteroPredict/trainingData/qwen3_30b/transformer_final_pfill_markov_emb/transformer_eh4_h64_f2/layer_23/best.json
[TorchScriptPredictor Layer 23] Loading model on CPU
[TorchScriptPredictor Layer 23] Assuming prefill_dist, prev_expert_onehot, and prev_layers_feat support (v3 API).
[TorchScriptPredictor Layer 23] prefill_dist support: yes, prev_expert_onehot support: yes, prev_layers_feat support: yes
[TorchScriptPredictor Layer 23] Loaded model: /home/michael/heteroPredict/trainingData/qwen3_30b/transformer_final_pfill_markov_emb/transformer_eh4_h64_f2/layer_23/best_jit.pt
[ThreadedTorchScriptPredictor Layer 24] Detected history_length=4 from /home/michael/heteroPredict/trainingData/qwen3_30b/transformer_final_pfill_markov_emb/transformer_eh4_h64_f2/layer_24/best.json
[TorchScriptPredictor Layer 24] Loading model on CPU
[TorchScriptPredictor Layer 24] Assuming prefill_dist, prev_expert_onehot, and prev_layers_feat support (v3 API).
[TorchScriptPredictor Layer 24] prefill_dist support: yes, prev_expert_onehot support: yes, prev_layers_feat support: yes
[TorchScriptPredictor Layer 24] Loaded model: /home/michael/heteroPredict/trainingData/qwen3_30b/transformer_final_pfill_markov_emb/transformer_eh4_h64_f2/layer_24/best_jit.pt
[ThreadedTorchScriptPredictor Layer 25] Detected history_length=4 from /home/michael/heteroPredict/trainingData/qwen3_30b/transformer_final_pfill_markov_emb/transformer_eh4_h64_f2/layer_25/best.json
[TorchScriptPredictor Layer 25] Loading model on CPU
[TorchScriptPredictor Layer 25] Assuming prefill_dist, prev_expert_onehot, and prev_layers_feat support (v3 API).
[TorchScriptPredictor Layer 25] prefill_dist support: yes, prev_expert_onehot support: yes, prev_layers_feat support: yes
[TorchScriptPredictor Layer 25] Loaded model: /home/michael/heteroPredict/trainingData/qwen3_30b/transformer_final_pfill_markov_emb/transformer_eh4_h64_f2/layer_25/best_jit.pt
[ThreadedTorchScriptPredictor Layer 26] Detected history_length=4 from /home/michael/heteroPredict/trainingData/qwen3_30b/transformer_final_pfill_markov_emb/transformer_eh4_h64_f2/layer_26/best.json
[TorchScriptPredictor Layer 26] Loading model on CPU
[TorchScriptPredictor Layer 26] Assuming prefill_dist, prev_expert_onehot, and prev_layers_feat support (v3 API).
[TorchScriptPredictor Layer 26] prefill_dist support: yes, prev_expert_onehot support: yes, prev_layers_feat support: yes
[TorchScriptPredictor Layer 26] Loaded model: /home/michael/heteroPredict/trainingData/qwen3_30b/transformer_final_pfill_markov_emb/transformer_eh4_h64_f2/layer_26/best_jit.pt
[ThreadedTorchScriptPredictor Layer 27] Detected history_length=4 from /home/michael/heteroPredict/trainingData/qwen3_30b/transformer_final_pfill_markov_emb/transformer_eh4_h64_f2/layer_27/best.json
[TorchScriptPredictor Layer 27] Loading model on CPU
[TorchScriptPredictor Layer 27] Assuming prefill_dist, prev_expert_onehot, and prev_layers_feat support (v3 API).
[TorchScriptPredictor Layer 27] prefill_dist support: yes, prev_expert_onehot support: yes, prev_layers_feat support: yes
[TorchScriptPredictor Layer 27] Loaded model: /home/michael/heteroPredict/trainingData/qwen3_30b/transformer_final_pfill_markov_emb/transformer_eh4_h64_f2/layer_27/best_jit.pt
[ThreadedTorchScriptPredictor Layer 28] Detected history_length=4 from /home/michael/heteroPredict/trainingData/qwen3_30b/transformer_final_pfill_markov_emb/transformer_eh4_h64_f2/layer_28/best.json
[TorchScriptPredictor Layer 28] Loading model on CPU
[TorchScriptPredictor Layer 28] Assuming prefill_dist, prev_expert_onehot, and prev_layers_feat support (v3 API).
[TorchScriptPredictor Layer 28] prefill_dist support: yes, prev_expert_onehot support: yes, prev_layers_feat support: yes
[TorchScriptPredictor Layer 28] Loaded model: /home/michael/heteroPredict/trainingData/qwen3_30b/transformer_final_pfill_markov_emb/transformer_eh4_h64_f2/layer_28/best_jit.pt
[ThreadedTorchScriptPredictor Layer 29] Detected history_length=4 from /home/michael/heteroPredict/trainingData/qwen3_30b/transformer_final_pfill_markov_emb/transformer_eh4_h64_f2/layer_29/best.json
[TorchScriptPredictor Layer 29] Loading model on CPU
[TorchScriptPredictor Layer 29] Assuming prefill_dist, prev_expert_onehot, and prev_layers_feat support (v3 API).
[TorchScriptPredictor Layer 29] prefill_dist support: yes, prev_expert_onehot support: yes, prev_layers_feat support: yes
[TorchScriptPredictor Layer 29] Loaded model: /home/michael/heteroPredict/trainingData/qwen3_30b/transformer_final_pfill_markov_emb/transformer_eh4_h64_f2/layer_29/best_jit.pt
[ThreadedTorchScriptPredictor Layer 30] Detected history_length=4 from /home/michael/heteroPredict/trainingData/qwen3_30b/transformer_final_pfill_markov_emb/transformer_eh4_h64_f2/layer_30/best.json
[TorchScriptPredictor Layer 30] Loading model on CPU
[TorchScriptPredictor Layer 30] Assuming prefill_dist, prev_expert_onehot, and prev_layers_feat support (v3 API).
[TorchScriptPredictor Layer 30] prefill_dist support: yes, prev_expert_onehot support: yes, prev_layers_feat support: yes
[TorchScriptPredictor Layer 30] Loaded model: /home/michael/heteroPredict/trainingData/qwen3_30b/transformer_final_pfill_markov_emb/transformer_eh4_h64_f2/layer_30/best_jit.pt
[ThreadedTorchScriptPredictor Layer 31] Detected history_length=4 from /home/michael/heteroPredict/trainingData/qwen3_30b/transformer_final_pfill_markov_emb/transformer_eh4_h64_f2/layer_31/best.json
[TorchScriptPredictor Layer 31] Loading model on CPU
[TorchScriptPredictor Layer 31] Assuming prefill_dist, prev_expert_onehot, and prev_layers_feat support (v3 API).
[TorchScriptPredictor Layer 31] prefill_dist support: yes, prev_expert_onehot support: yes, prev_layers_feat support: yes
[TorchScriptPredictor Layer 31] Loaded model: /home/michael/heteroPredict/trainingData/qwen3_30b/transformer_final_pfill_markov_emb/transformer_eh4_h64_f2/layer_31/best_jit.pt
[ThreadedTorchScriptPredictor Layer 32] Detected history_length=4 from /home/michael/heteroPredict/trainingData/qwen3_30b/transformer_final_pfill_markov_emb/transformer_eh4_h64_f2/layer_32/best.json
[TorchScriptPredictor Layer 32] Loading model on CPU
[TorchScriptPredictor Layer 32] Assuming prefill_dist, prev_expert_onehot, and prev_layers_feat support (v3 API).
[TorchScriptPredictor Layer 32] prefill_dist support: yes, prev_expert_onehot support: yes, prev_layers_feat support: yes
[TorchScriptPredictor Layer 32] Loaded model: /home/michael/heteroPredict/trainingData/qwen3_30b/transformer_final_pfill_markov_emb/transformer_eh4_h64_f2/layer_32/best_jit.pt
[ThreadedTorchScriptPredictor Layer 33] Detected history_length=4 from /home/michael/heteroPredict/trainingData/qwen3_30b/transformer_final_pfill_markov_emb/transformer_eh4_h64_f2/layer_33/best.json
[TorchScriptPredictor Layer 33] Loading model on CPU
[TorchScriptPredictor Layer 33] Assuming prefill_dist, prev_expert_onehot, and prev_layers_feat support (v3 API).
[TorchScriptPredictor Layer 33] prefill_dist support: yes, prev_expert_onehot support: yes, prev_layers_feat support: yes
[TorchScriptPredictor Layer 33] Loaded model: /home/michael/heteroPredict/trainingData/qwen3_30b/transformer_final_pfill_markov_emb/transformer_eh4_h64_f2/layer_33/best_jit.pt
[ThreadedTorchScriptPredictor Layer 34] Detected history_length=4 from /home/michael/heteroPredict/trainingData/qwen3_30b/transformer_final_pfill_markov_emb/transformer_eh4_h64_f2/layer_34/best.json
[TorchScriptPredictor Layer 34] Loading model on CPU
[TorchScriptPredictor Layer 34] Assuming prefill_dist, prev_expert_onehot, and prev_layers_feat support (v3 API).
[TorchScriptPredictor Layer 34] prefill_dist support: yes, prev_expert_onehot support: yes, prev_layers_feat support: yes
[TorchScriptPredictor Layer 34] Loaded model: /home/michael/heteroPredict/trainingData/qwen3_30b/transformer_final_pfill_markov_emb/transformer_eh4_h64_f2/layer_34/best_jit.pt
[ThreadedTorchScriptPredictor Layer 35] Detected history_length=4 from /home/michael/heteroPredict/trainingData/qwen3_30b/transformer_final_pfill_markov_emb/transformer_eh4_h64_f2/layer_35/best.json
[TorchScriptPredictor Layer 35] Loading model on CPU
[TorchScriptPredictor Layer 35] Assuming prefill_dist, prev_expert_onehot, and prev_layers_feat support (v3 API).
[TorchScriptPredictor Layer 35] prefill_dist support: yes, prev_expert_onehot support: yes, prev_layers_feat support: yes
[TorchScriptPredictor Layer 35] Loaded model: /home/michael/heteroPredict/trainingData/qwen3_30b/transformer_final_pfill_markov_emb/transformer_eh4_h64_f2/layer_35/best_jit.pt
[ThreadedTorchScriptPredictor Layer 36] Detected history_length=4 from /home/michael/heteroPredict/trainingData/qwen3_30b/transformer_final_pfill_markov_emb/transformer_eh4_h64_f2/layer_36/best.json
[TorchScriptPredictor Layer 36] Loading model on CPU
[TorchScriptPredictor Layer 36] Assuming prefill_dist, prev_expert_onehot, and prev_layers_feat support (v3 API).
[TorchScriptPredictor Layer 36] prefill_dist support: yes, prev_expert_onehot support: yes, prev_layers_feat support: yes
[TorchScriptPredictor Layer 36] Loaded model: /home/michael/heteroPredict/trainingData/qwen3_30b/transformer_final_pfill_markov_emb/transformer_eh4_h64_f2/layer_36/best_jit.pt
[ThreadedTorchScriptPredictor Layer 37] Detected history_length=4 from /home/michael/heteroPredict/trainingData/qwen3_30b/transformer_final_pfill_markov_emb/transformer_eh4_h64_f2/layer_37/best.json
[TorchScriptPredictor Layer 37] Loading model on CPU
[TorchScriptPredictor Layer 37] Assuming prefill_dist, prev_expert_onehot, and prev_layers_feat support (v3 API).
[TorchScriptPredictor Layer 37] prefill_dist support: yes, prev_expert_onehot support: yes, prev_layers_feat support: yes
[TorchScriptPredictor Layer 37] Loaded model: /home/michael/heteroPredict/trainingData/qwen3_30b/transformer_final_pfill_markov_emb/transformer_eh4_h64_f2/layer_37/best_jit.pt
[ThreadedTorchScriptPredictor Layer 38] Detected history_length=4 from /home/michael/heteroPredict/trainingData/qwen3_30b/transformer_final_pfill_markov_emb/transformer_eh4_h64_f2/layer_38/best.json
[TorchScriptPredictor Layer 38] Loading model on CPU
[TorchScriptPredictor Layer 38] Assuming prefill_dist, prev_expert_onehot, and prev_layers_feat support (v3 API).
[TorchScriptPredictor Layer 38] prefill_dist support: yes, prev_expert_onehot support: yes, prev_layers_feat support: yes
[TorchScriptPredictor Layer 38] Loaded model: /home/michael/heteroPredict/trainingData/qwen3_30b/transformer_final_pfill_markov_emb/transformer_eh4_h64_f2/layer_38/best_jit.pt
[ThreadedTorchScriptPredictor Layer 39] Detected history_length=4 from /home/michael/heteroPredict/trainingData/qwen3_30b/transformer_final_pfill_markov_emb/transformer_eh4_h64_f2/layer_39/best.json
[TorchScriptPredictor Layer 39] Loading model on CPU
[TorchScriptPredictor Layer 39] Assuming prefill_dist, prev_expert_onehot, and prev_layers_feat support (v3 API).
[TorchScriptPredictor Layer 39] prefill_dist support: yes, prev_expert_onehot support: yes, prev_layers_feat support: yes
[TorchScriptPredictor Layer 39] Loaded model: /home/michael/heteroPredict/trainingData/qwen3_30b/transformer_final_pfill_markov_emb/transformer_eh4_h64_f2/layer_39/best_jit.pt
[ThreadedTorchScriptPredictor Layer 40] Detected history_length=4 from /home/michael/heteroPredict/trainingData/qwen3_30b/transformer_final_pfill_markov_emb/transformer_eh4_h64_f2/layer_40/best.json
[TorchScriptPredictor Layer 40] Loading model on CPU
[TorchScriptPredictor Layer 40] Assuming prefill_dist, prev_expert_onehot, and prev_layers_feat support (v3 API).
[TorchScriptPredictor Layer 40] prefill_dist support: yes, prev_expert_onehot support: yes, prev_layers_feat support: yes
[TorchScriptPredictor Layer 40] Loaded model: /home/michael/heteroPredict/trainingData/qwen3_30b/transformer_final_pfill_markov_emb/transformer_eh4_h64_f2/layer_40/best_jit.pt
[ThreadedTorchScriptPredictor Layer 41] Detected history_length=4 from /home/michael/heteroPredict/trainingData/qwen3_30b/transformer_final_pfill_markov_emb/transformer_eh4_h64_f2/layer_41/best.json
[TorchScriptPredictor Layer 41] Loading model on CPU
[TorchScriptPredictor Layer 41] Assuming prefill_dist, prev_expert_onehot, and prev_layers_feat support (v3 API).
[TorchScriptPredictor Layer 41] prefill_dist support: yes, prev_expert_onehot support: yes, prev_layers_feat support: yes
[TorchScriptPredictor Layer 41] Loaded model: /home/michael/heteroPredict/trainingData/qwen3_30b/transformer_final_pfill_markov_emb/transformer_eh4_h64_f2/layer_41/best_jit.pt
[ThreadedTorchScriptPredictor Layer 42] Detected history_length=4 from /home/michael/heteroPredict/trainingData/qwen3_30b/transformer_final_pfill_markov_emb/transformer_eh4_h64_f2/layer_42/best.json
[TorchScriptPredictor Layer 42] Loading model on CPU
[TorchScriptPredictor Layer 42] Assuming prefill_dist, prev_expert_onehot, and prev_layers_feat support (v3 API).
[TorchScriptPredictor Layer 42] prefill_dist support: yes, prev_expert_onehot support: yes, prev_layers_feat support: yes
[TorchScriptPredictor Layer 42] Loaded model: /home/michael/heteroPredict/trainingData/qwen3_30b/transformer_final_pfill_markov_emb/transformer_eh4_h64_f2/layer_42/best_jit.pt
[ThreadedTorchScriptPredictor Layer 43] Detected history_length=4 from /home/michael/heteroPredict/trainingData/qwen3_30b/transformer_final_pfill_markov_emb/transformer_eh4_h64_f2/layer_43/best.json
[TorchScriptPredictor Layer 43] Loading model on CPU
[TorchScriptPredictor Layer 43] Assuming prefill_dist, prev_expert_onehot, and prev_layers_feat support (v3 API).
[TorchScriptPredictor Layer 43] prefill_dist support: yes, prev_expert_onehot support: yes, prev_layers_feat support: yes
[TorchScriptPredictor Layer 43] Loaded model: /home/michael/heteroPredict/trainingData/qwen3_30b/transformer_final_pfill_markov_emb/transformer_eh4_h64_f2/layer_43/best_jit.pt
[ThreadedTorchScriptPredictor Layer 44] Detected history_length=4 from /home/michael/heteroPredict/trainingData/qwen3_30b/transformer_final_pfill_markov_emb/transformer_eh4_h64_f2/layer_44/best.json
[TorchScriptPredictor Layer 44] Loading model on CPU
[TorchScriptPredictor Layer 44] Assuming prefill_dist, prev_expert_onehot, and prev_layers_feat support (v3 API).
[TorchScriptPredictor Layer 44] prefill_dist support: yes, prev_expert_onehot support: yes, prev_layers_feat support: yes
[TorchScriptPredictor Layer 44] Loaded model: /home/michael/heteroPredict/trainingData/qwen3_30b/transformer_final_pfill_markov_emb/transformer_eh4_h64_f2/layer_44/best_jit.pt
[ThreadedTorchScriptPredictor Layer 45] Detected history_length=4 from /home/michael/heteroPredict/trainingData/qwen3_30b/transformer_final_pfill_markov_emb/transformer_eh4_h64_f2/layer_45/best.json
[TorchScriptPredictor Layer 45] Loading model on CPU
[TorchScriptPredictor Layer 45] Assuming prefill_dist, prev_expert_onehot, and prev_layers_feat support (v3 API).
[TorchScriptPredictor Layer 45] prefill_dist support: yes, prev_expert_onehot support: yes, prev_layers_feat support: yes
[TorchScriptPredictor Layer 45] Loaded model: /home/michael/heteroPredict/trainingData/qwen3_30b/transformer_final_pfill_markov_emb/transformer_eh4_h64_f2/layer_45/best_jit.pt
[ThreadedTorchScriptPredictor Layer 46] Detected history_length=4 from /home/michael/heteroPredict/trainingData/qwen3_30b/transformer_final_pfill_markov_emb/transformer_eh4_h64_f2/layer_46/best.json
[TorchScriptPredictor Layer 46] Loading model on CPU
[TorchScriptPredictor Layer 46] Assuming prefill_dist, prev_expert_onehot, and prev_layers_feat support (v3 API).
[TorchScriptPredictor Layer 46] prefill_dist support: yes, prev_expert_onehot support: yes, prev_layers_feat support: yes
[TorchScriptPredictor Layer 46] Loaded model: /home/michael/heteroPredict/trainingData/qwen3_30b/transformer_final_pfill_markov_emb/transformer_eh4_h64_f2/layer_46/best_jit.pt
[ThreadedTorchScriptPredictor Layer 47] Detected history_length=4 from /home/michael/heteroPredict/trainingData/qwen3_30b/transformer_final_pfill_markov_emb/transformer_eh4_h64_f2/layer_47/best.json
[TorchScriptPredictor Layer 47] Loading model on CPU
[TorchScriptPredictor Layer 47] Assuming prefill_dist, prev_expert_onehot, and prev_layers_feat support (v3 API).
[TorchScriptPredictor Layer 47] prefill_dist support: yes, prev_expert_onehot support: yes, prev_layers_feat support: yes
[TorchScriptPredictor Layer 47] Loaded model: /home/michael/heteroPredict/trainingData/qwen3_30b/transformer_final_pfill_markov_emb/transformer_eh4_h64_f2/layer_47/best_jit.pt
UnifiedLLMW4A16 moved to device: cuda:0
Preloading MoE kernels...
MoE kernels preloaded.
UnifiedLLMW4A16 initialized on device: cuda:0 with w4a16 quantization
[Predictor] Lookahead stride set to 2 (predictor fires every 2 decode tokens)
Loading non-quantized weights from safetensors (mmap): /home/michael/heteroPredict/py/unified_llm_w4a16/model_weights/Qwen3-30B-A3B-AWQ.safetensors
Loaded 243 non-quantized parameters, skipped 0
Loading quantized weights from bins: /home/michael/heteroPredict/py/unified_llm_w4a16/model_weights/Qwen3-30B-A3B-AWQ_unpacked
  Expert weights dir override: /home/michael/heteroPredict/py/unified_llm_w4a16/model_weights/Qwen3-30B-A3B-AWQ_packed
Pre-warming 32 experts for all layers...
Layer 0: Pre-warming 32 experts.
Layer 0: using packed expert format.
[MoE I/O] Expert weight reads require O_DIRECT (no buffered fallback).
Layer 1: Pre-warming 32 experts.
Layer 1: using packed expert format.
Layer 2: Pre-warming 32 experts.
Layer 2: using packed expert format.
Layer 3: Pre-warming 32 experts.
Layer 3: using packed expert format.
Prewarmed experts for layer 4/48
Layer 4: Pre-warming 32 experts.
Layer 4: using packed expert format.
Layer 5: Pre-warming 32 experts.
Layer 5: using packed expert format.
Layer 6: Pre-warming 32 experts.
Layer 6: using packed expert format.
Layer 7: Pre-warming 32 experts.
Layer 7: using packed expert format.
Prewarmed experts for layer 8/48
Layer 8: Pre-warming 32 experts.
Layer 8: using packed expert format.
Layer 9: Pre-warming 32 experts.
Layer 9: using packed expert format.
Layer 10: Pre-warming 32 experts.
Layer 10: using packed expert format.
Layer 11: Pre-warming 32 experts.
Layer 11: using packed expert format.
Prewarmed experts for layer 12/48
Layer 12: Pre-warming 32 experts.
Layer 12: using packed expert format.
Layer 13: Pre-warming 32 experts.
Layer 13: using packed expert format.
Layer 14: Pre-warming 32 experts.
Layer 14: using packed expert format.
Layer 15: Pre-warming 32 experts.
Layer 15: using packed expert format.
Prewarmed experts for layer 16/48
Layer 16: Pre-warming 32 experts.
Layer 16: using packed expert format.
Layer 17: Pre-warming 32 experts.
Layer 17: using packed expert format.
Layer 18: Pre-warming 32 experts.
Layer 18: using packed expert format.
Layer 19: Pre-warming 32 experts.
Layer 19: using packed expert format.
Prewarmed experts for layer 20/48
Layer 20: Pre-warming 32 experts.
Layer 20: using packed expert format.
Layer 21: Pre-warming 32 experts.
Layer 21: using packed expert format.
Layer 22: Pre-warming 32 experts.
Layer 22: using packed expert format.
Layer 23: Pre-warming 32 experts.
Layer 23: using packed expert format.
Prewarmed experts for layer 24/48
Layer 24: Pre-warming 32 experts.
Layer 24: using packed expert format.
Layer 25: Pre-warming 32 experts.
Layer 25: using packed expert format.
Layer 26: Pre-warming 32 experts.
Layer 26: using packed expert format.
Layer 27: Pre-warming 32 experts.
Layer 27: using packed expert format.
Prewarmed experts for layer 28/48
Layer 28: Pre-warming 32 experts.
Layer 28: using packed expert format.
Layer 29: Pre-warming 32 experts.
Layer 29: using packed expert format.
Layer 30: Pre-warming 32 experts.
Layer 30: using packed expert format.
Layer 31: Pre-warming 32 experts.
Layer 31: using packed expert format.
Prewarmed experts for layer 32/48
Layer 32: Pre-warming 32 experts.
Layer 32: using packed expert format.
Layer 33: Pre-warming 32 experts.
Layer 33: using packed expert format.
Layer 34: Pre-warming 32 experts.
Layer 34: using packed expert format.
Layer 35: Pre-warming 32 experts.
Layer 35: using packed expert format.
Prewarmed experts for layer 36/48
Layer 36: Pre-warming 32 experts.
Layer 36: using packed expert format.
Layer 37: Pre-warming 32 experts.
Layer 37: using packed expert format.
Layer 38: Pre-warming 32 experts.
Layer 38: using packed expert format.
Layer 39: Pre-warming 32 experts.
Layer 39: using packed expert format.
Prewarmed experts for layer 40/48
Layer 40: Pre-warming 32 experts.
Layer 40: using packed expert format.
Layer 41: Pre-warming 32 experts.
Layer 41: using packed expert format.
Layer 42: Pre-warming 32 experts.
Layer 42: using packed expert format.
Layer 43: Pre-warming 32 experts.
Layer 43: using packed expert format.
Prewarmed experts for layer 44/48
Layer 44: Pre-warming 32 experts.
Layer 44: using packed expert format.
Layer 45: Pre-warming 32 experts.
Layer 45: using packed expert format.
Layer 46: Pre-warming 32 experts.
Layer 46: using packed expert format.
Layer 47: Pre-warming 32 experts.
Layer 47: using packed expert format.
Prewarmed experts for layer 48/48
Libtorch input_ids shape: [1, 512]
Skipping warmup.
Prefill time: 18.8489 seconds
[Predictor] Prefill-end expert cache warmup (excluded from generation TPS).
[Layer 0 Warmup Debug] predict_sync returned: 28 91 51 64 87 46 105 118 122 68 110 33 112 77 120 41 75 86 23 107 31 82 67 69 72 34 47 53 124 30 111 17 101 63 100 7 125 83 29 66 21 6 70 81 12 13 4 98 116 126 104 40 24 80 65 50 16 73 93 119 38 18 22 92 2 62 97 102 79 44 95 26 103 0 74 3 19 11 61 123 37 117 71 14 85 89 106 90 78 114 43 57 109 9 76 99 27 113 45 36 42 1 88 49 56 25 32 54 52 84 58 48 8 59 15 5 96 39 115 20 35 55 121 10 60 94 127 108 
[Layer 0 Warmup Debug] experts_to_prefetch returned: 28 91 51 64 87 46 105 118 
[Layer 0 Warmup Debug] After prefill-end warmup, slots are: 87 46 102 103 104 105 106 107 108 109 110 111 112 113 114 115 116 117 118 119 120 121 122 123 124 125 126 127 28 91 51 64 
Generation phase
[Layer 0 Step 0 Debug] Slots before check: 87 46 102 103 104 105 106 107 108 109 110 111 112 113 114 115 116 117 118 119 120 121 122 123 124 125 126 127 28 91 51 64 
[Layer 0 Step 0 Debug] Requested: 95 87 83 73 28 41 46 118 
[gen 5/79] elapsed=1.7s  TPS=2.967
[gen 10/79] elapsed=2.6s  TPS=3.851
[gen 15/79] elapsed=3.7s  TPS=4.053
[gen 20/79] elapsed=4.5s  TPS=4.407
[gen 25/79] elapsed=5.7s  TPS=4.387
[gen 30/79] elapsed=6.9s  TPS=4.376
[gen 35/79] elapsed=8.2s  TPS=4.247
[gen 40/79] elapsed=9.2s  TPS=4.329
[gen 45/79] elapsed=10.2s  TPS=4.423
[gen 50/79] elapsed=11.3s  TPS=4.418
[gen 55/79] elapsed=13.1s  TPS=4.197
[gen 60/79] elapsed=14.5s  TPS=4.147
[gen 65/79] elapsed=15.8s  TPS=4.106
[gen 70/79] elapsed=17.2s  TPS=4.068
[gen 75/79] elapsed=18.6s  TPS=4.043
Prefill time (summary): 18.849 seconds
Total Generation Time: 19.548 seconds
Average Time per Token: 0.247444 seconds

Expert Cache Statistics:
Layer 0 Cache Stats: Hits=353, Misses=279, HitRate=55.85%
    Predictor Routed-Expert HitRate=33.33% (13/39, routed_n=1, horizon=2)
    Predictor RoutedForcedN HitRate=33.33% (13/39)
    Predictor RoutedTopK HitRate=27.88% (87/312)
    Predicted RequestedByRouterForcedN Rate=4.17% (13/312)
    Predicted RequestedByRouterTopK Rate=27.88% (87/312)
    Predictor WindowRecall Rate=28.87% (166/575)
    Predictor WindowPrecision Rate=53.21% (166/312)
    Loads Per Step: 0Loads=3, 1Load=6, >1Load=70
    Bandwidth: StallLoads=279, PrefetchLoads=128, AvgLoadTime=2.59ms
    PrefetchOverlap: HiddenReady=73, HiddenWait=0, TicksSkipped=0
    MissCause: NotPresent=279, NotReadyStall=0
    PrefetchEff: Dropped=0, AlreadyCached=192, UsedBeforeEvict=73, EvictedBeforeUse=50
    GlobalSpecLoad: PeakConcurrent=6
    Predictor TopK matches: 0=26 1=13 >=2=0
Layer 1 Cache Stats: Hits=431, Misses=201, HitRate=68.20%
    Predictor Routed-Expert HitRate=25.64% (10/39, routed_n=1, horizon=2)
    Predictor RoutedForcedN HitRate=25.64% (10/39)
    Predictor RoutedTopK HitRate=33.97% (106/312)
    Predicted RequestedByRouterForcedN Rate=3.21% (10/312)
    Predicted RequestedByRouterTopK Rate=33.97% (106/312)
    Predictor WindowRecall Rate=33.84% (178/526)
    Predictor WindowPrecision Rate=57.05% (178/312)
    Loads Per Step: 0Loads=4, 1Load=16, >1Load=59
    Bandwidth: StallLoads=201, PrefetchLoads=96, AvgLoadTime=3.11ms
    PrefetchOverlap: HiddenReady=57, HiddenWait=0, TicksSkipped=0
    MissCause: NotPresent=201, NotReadyStall=0
    PrefetchEff: Dropped=0, AlreadyCached=224, UsedBeforeEvict=57, EvictedBeforeUse=37
    Predictor TopK matches: 0=29 1=10 >=2=0
Layer 2 Cache Stats: Hits=451, Misses=181, HitRate=71.36%
    Predictor Routed-Expert HitRate=25.64% (10/39, routed_n=1, horizon=2)
    Predictor RoutedForcedN HitRate=25.64% (10/39)
    Predictor RoutedTopK HitRate=31.09% (97/312)
    Predicted RequestedByRouterForcedN Rate=3.21% (10/312)
    Predicted RequestedByRouterTopK Rate=31.09% (97/312)
    Predictor WindowRecall Rate=30.65% (156/509)
    Predictor WindowPrecision Rate=50.00% (156/312)
    Loads Per Step: 0Loads=7, 1Load=23, >1Load=49
    Bandwidth: StallLoads=181, PrefetchLoads=86, AvgLoadTime=3.31ms
    PrefetchOverlap: HiddenReady=51, HiddenWait=0, TicksSkipped=0
    MissCause: NotPresent=181, NotReadyStall=0
    PrefetchEff: Dropped=0, AlreadyCached=234, UsedBeforeEvict=51, EvictedBeforeUse=32
    Predictor TopK matches: 0=29 1=10 >=2=0
Layer 3 Cache Stats: Hits=446, Misses=186, HitRate=70.57%
    Predictor Routed-Expert HitRate=35.90% (14/39, routed_n=1, horizon=2)
    Predictor RoutedForcedN HitRate=35.90% (14/39)
    Predictor RoutedTopK HitRate=32.37% (101/312)
    Predicted RequestedByRouterForcedN Rate=4.49% (14/312)
    Predicted RequestedByRouterTopK Rate=32.37% (101/312)
    Predictor WindowRecall Rate=33.87% (169/499)
    Predictor WindowPrecision Rate=54.17% (169/312)
    Loads Per Step: 0Loads=5, 1Load=21, >1Load=53
    Bandwidth: StallLoads=186, PrefetchLoads=89, AvgLoadTime=3.06ms
    PrefetchOverlap: HiddenReady=51, HiddenWait=0, TicksSkipped=0
    MissCause: NotPresent=186, NotReadyStall=0
    PrefetchEff: Dropped=0, AlreadyCached=231, UsedBeforeEvict=51, EvictedBeforeUse=33
    Predictor TopK matches: 0=25 1=14 >=2=0
Layer 4 Cache Stats: Hits=489, Misses=143, HitRate=77.37%
    Predictor Routed-Expert HitRate=69.23% (27/39, routed_n=1, horizon=2)
    Predictor RoutedForcedN HitRate=69.23% (27/39)
    Predictor RoutedTopK HitRate=42.95% (134/312)
    Predicted RequestedByRouterForcedN Rate=8.65% (27/312)
    Predicted RequestedByRouterTopK Rate=42.95% (134/312)
    Predictor WindowRecall Rate=39.84% (196/492)
    Predictor WindowPrecision Rate=62.82% (196/312)
    Loads Per Step: 0Loads=10, 1Load=23, >1Load=46
    Bandwidth: StallLoads=143, PrefetchLoads=49, AvgLoadTime=3.53ms
    PrefetchOverlap: HiddenReady=31, HiddenWait=0, TicksSkipped=0
    MissCause: NotPresent=143, NotReadyStall=0
    PrefetchEff: Dropped=0, AlreadyCached=271, UsedBeforeEvict=31, EvictedBeforeUse=16
    Predictor TopK matches: 0=12 1=27 >=2=0
Layer 5 Cache Stats: Hits=482, Misses=150, HitRate=76.27%
    Predictor Routed-Expert HitRate=35.90% (14/39, routed_n=1, horizon=2)
    Predictor RoutedForcedN HitRate=35.90% (14/39)
    Predictor RoutedTopK HitRate=38.78% (121/312)
    Predicted RequestedByRouterForcedN Rate=4.49% (14/312)
    Predicted RequestedByRouterTopK Rate=38.78% (121/312)
    Predictor WindowRecall Rate=37.88% (186/491)
    Predictor WindowPrecision Rate=59.62% (186/312)
    Loads Per Step: 0Loads=11, 1Load=19, >1Load=49
    Bandwidth: StallLoads=150, PrefetchLoads=67, AvgLoadTime=3.12ms
    PrefetchOverlap: HiddenReady=35, HiddenWait=0, TicksSkipped=0
    MissCause: NotPresent=150, NotReadyStall=0
    PrefetchEff: Dropped=0, AlreadyCached=253, UsedBeforeEvict=35, EvictedBeforeUse=30
    Predictor TopK matches: 0=25 1=14 >=2=0
Layer 6 Cache Stats: Hits=574, Misses=58, HitRate=90.82%
    Predictor Routed-Expert HitRate=56.41% (22/39, routed_n=1, horizon=2)
    Predictor RoutedForcedN HitRate=56.41% (22/39)
    Predictor RoutedTopK HitRate=53.53% (167/312)
    Predicted RequestedByRouterForcedN Rate=7.05% (22/312)
    Predicted RequestedByRouterTopK Rate=53.53% (167/312)
    Predictor WindowRecall Rate=52.12% (234/449)
    Predictor WindowPrecision Rate=75.00% (234/312)
    Loads Per Step: 0Loads=40, 1Load=26, >1Load=13
    Bandwidth: StallLoads=58, PrefetchLoads=7, AvgLoadTime=4.03ms
    PrefetchOverlap: HiddenReady=3, HiddenWait=0, TicksSkipped=0
    MissCause: NotPresent=58, NotReadyStall=0
    PrefetchEff: Dropped=0, AlreadyCached=313, UsedBeforeEvict=3, EvictedBeforeUse=4
    Predictor TopK matches: 0=17 1=22 >=2=0
Layer 7 Cache Stats: Hits=574, Misses=58, HitRate=90.82%
    Predictor Routed-Expert HitRate=79.49% (31/39, routed_n=1, horizon=2)
    Predictor RoutedForcedN HitRate=79.49% (31/39)
    Predictor RoutedTopK HitRate=56.41% (176/312)
    Predicted RequestedByRouterForcedN Rate=9.94% (31/312)
    Predicted RequestedByRouterTopK Rate=56.41% (176/312)
    Predictor WindowRecall Rate=50.79% (225/443)
    Predictor WindowPrecision Rate=72.12% (225/312)
    Loads Per Step: 0Loads=38, 1Load=28, >1Load=13
    Bandwidth: StallLoads=58, PrefetchLoads=14, AvgLoadTime=3.73ms
    PrefetchOverlap: HiddenReady=9, HiddenWait=0, TicksSkipped=0
    MissCause: NotPresent=58, NotReadyStall=0
    PrefetchEff: Dropped=0, AlreadyCached=306, UsedBeforeEvict=9, EvictedBeforeUse=4
    Predictor TopK matches: 0=8 1=31 >=2=0
Layer 8 Cache Stats: Hits=519, Misses=113, HitRate=82.12%
    Predictor Routed-Expert HitRate=56.41% (22/39, routed_n=1, horizon=2)
    Predictor RoutedForcedN HitRate=56.41% (22/39)
    Predictor RoutedTopK HitRate=46.79% (146/312)
    Predicted RequestedByRouterForcedN Rate=7.05% (22/312)
    Predicted RequestedByRouterTopK Rate=46.79% (146/312)
    Predictor WindowRecall Rate=44.92% (212/472)
    Predictor WindowPrecision Rate=67.95% (212/312)
    Loads Per Step: 0Loads=16, 1Load=35, >1Load=28
    Bandwidth: StallLoads=113, PrefetchLoads=55, AvgLoadTime=3.35ms
    PrefetchOverlap: HiddenReady=31, HiddenWait=0, TicksSkipped=0
    MissCause: NotPresent=113, NotReadyStall=0
    PrefetchEff: Dropped=0, AlreadyCached=265, UsedBeforeEvict=31, EvictedBeforeUse=23
    Predictor TopK matches: 0=17 1=22 >=2=0
Layer 9 Cache Stats: Hits=552, Misses=80, HitRate=87.34%
    Predictor Routed-Expert HitRate=79.49% (31/39, routed_n=1, horizon=2)
    Predictor RoutedForcedN HitRate=79.49% (31/39)
    Predictor RoutedTopK HitRate=50.32% (157/312)
    Predicted RequestedByRouterForcedN Rate=9.94% (31/312)
    Predicted RequestedByRouterTopK Rate=50.32% (157/312)
    Predictor WindowRecall Rate=46.80% (212/453)
    Predictor WindowPrecision Rate=67.95% (212/312)
    Loads Per Step: 0Loads=27, 1Load=31, >1Load=21
    Bandwidth: StallLoads=80, PrefetchLoads=27, AvgLoadTime=3.45ms
    PrefetchOverlap: HiddenReady=17, HiddenWait=0, TicksSkipped=0
    MissCause: NotPresent=80, NotReadyStall=0
    PrefetchEff: Dropped=0, AlreadyCached=293, UsedBeforeEvict=17, EvictedBeforeUse=9
    Predictor TopK matches: 0=8 1=31 >=2=0
Layer 10 Cache Stats: Hits=528, Misses=104, HitRate=83.54%
    Predictor Routed-Expert HitRate=69.23% (27/39, routed_n=1, horizon=2)
    Predictor RoutedForcedN HitRate=69.23% (27/39)
    Predictor RoutedTopK HitRate=50.32% (157/312)
    Predicted RequestedByRouterForcedN Rate=8.65% (27/312)
    Predicted RequestedByRouterTopK Rate=50.32% (157/312)
    Predictor WindowRecall Rate=46.55% (216/464)
    Predictor WindowPrecision Rate=69.23% (216/312)
    Loads Per Step: 0Loads=25, 1Load=25, >1Load=29
    Bandwidth: StallLoads=104, PrefetchLoads=49, AvgLoadTime=3.34ms
    PrefetchOverlap: HiddenReady=27, HiddenWait=0, TicksSkipped=0
    MissCause: NotPresent=104, NotReadyStall=0
    PrefetchEff: Dropped=0, AlreadyCached=271, UsedBeforeEvict=27, EvictedBeforeUse=19
    Predictor TopK matches: 0=12 1=27 >=2=0
Layer 11 Cache Stats: Hits=522, Misses=110, HitRate=82.59%
    Predictor Routed-Expert HitRate=71.79% (28/39, routed_n=1, horizon=2)
    Predictor RoutedForcedN HitRate=71.79% (28/39)
    Predictor RoutedTopK HitRate=51.92% (162/312)
    Predicted RequestedByRouterForcedN Rate=8.97% (28/312)
    Predicted RequestedByRouterTopK Rate=51.92% (162/312)
    Predictor WindowRecall Rate=47.90% (228/476)
    Predictor WindowPrecision Rate=73.08% (228/312)
    Loads Per Step: 0Loads=19, 1Load=30, >1Load=30
    Bandwidth: StallLoads=110, PrefetchLoads=46, AvgLoadTime=3.43ms
    PrefetchOverlap: HiddenReady=30, HiddenWait=0, TicksSkipped=0
    MissCause: NotPresent=110, NotReadyStall=0
    PrefetchEff: Dropped=0, AlreadyCached=274, UsedBeforeEvict=30, EvictedBeforeUse=14
    Predictor TopK matches: 0=11 1=28 >=2=0
Layer 12 Cache Stats: Hits=525, Misses=107, HitRate=83.07%
    Predictor Routed-Expert HitRate=64.10% (25/39, routed_n=1, horizon=2)
    Predictor RoutedForcedN HitRate=64.10% (25/39)
    Predictor RoutedTopK HitRate=53.85% (168/312)
    Predicted RequestedByRouterForcedN Rate=8.01% (25/312)
    Predicted RequestedByRouterTopK Rate=53.85% (168/312)
    Predictor WindowRecall Rate=51.33% (232/452)
    Predictor WindowPrecision Rate=74.36% (232/312)
    Loads Per Step: 0Loads=19, 1Load=36, >1Load=24
    Bandwidth: StallLoads=107, PrefetchLoads=28, AvgLoadTime=3.51ms
    PrefetchOverlap: HiddenReady=18, HiddenWait=0, TicksSkipped=0
    MissCause: NotPresent=107, NotReadyStall=0
    PrefetchEff: Dropped=0, AlreadyCached=292, UsedBeforeEvict=18, EvictedBeforeUse=9
    Predictor TopK matches: 0=14 1=25 >=2=0
Layer 13 Cache Stats: Hits=522, Misses=110, HitRate=82.59%
    Predictor Routed-Expert HitRate=61.54% (24/39, routed_n=1, horizon=2)
    Predictor RoutedForcedN HitRate=61.54% (24/39)
    Predictor RoutedTopK HitRate=47.76% (149/312)
    Predicted RequestedByRouterForcedN Rate=7.69% (24/312)
    Predicted RequestedByRouterTopK Rate=47.76% (149/312)
    Predictor WindowRecall Rate=43.62% (212/486)
    Predictor WindowPrecision Rate=67.95% (212/312)
    Loads Per Step: 0Loads=25, 1Load=22, >1Load=32
    Bandwidth: StallLoads=110, PrefetchLoads=63, AvgLoadTime=3.16ms
    PrefetchOverlap: HiddenReady=41, HiddenWait=0, TicksSkipped=0
    MissCause: NotPresent=110, NotReadyStall=0
    PrefetchEff: Dropped=0, AlreadyCached=257, UsedBeforeEvict=41, EvictedBeforeUse=20
    Predictor TopK matches: 0=15 1=24 >=2=0
Layer 14 Cache Stats: Hits=546, Misses=86, HitRate=86.39%
    Predictor Routed-Expert HitRate=64.10% (25/39, routed_n=1, horizon=2)
    Predictor RoutedForcedN HitRate=64.10% (25/39)
    Predictor RoutedTopK HitRate=56.41% (176/312)
    Predicted RequestedByRouterForcedN Rate=8.01% (25/312)
    Predicted RequestedByRouterTopK Rate=56.41% (176/312)
    Predictor WindowRecall Rate=52.94% (243/459)
    Predictor WindowPrecision Rate=77.88% (243/312)
    Loads Per Step: 0Loads=32, 1Load=18, >1Load=29
    Bandwidth: StallLoads=86, PrefetchLoads=13, AvgLoadTime=3.45ms
    PrefetchOverlap: HiddenReady=12, HiddenWait=0, TicksSkipped=0
    MissCause: NotPresent=86, NotReadyStall=0
    PrefetchEff: Dropped=0, AlreadyCached=307, UsedBeforeEvict=12, EvictedBeforeUse=1
    Predictor TopK matches: 0=14 1=25 >=2=0
Layer 15 Cache Stats: Hits=561, Misses=71, HitRate=88.77%
    Predictor Routed-Expert HitRate=84.62% (33/39, routed_n=1, horizon=2)
    Predictor RoutedForcedN HitRate=84.62% (33/39)
    Predictor RoutedTopK HitRate=55.13% (172/312)
    Predicted RequestedByRouterForcedN Rate=10.58% (33/312)
    Predicted RequestedByRouterTopK Rate=55.13% (172/312)
    Predictor WindowRecall Rate=51.02% (226/443)
    Predictor WindowPrecision Rate=72.44% (226/312)
    Loads Per Step: 0Loads=34, 1Load=28, >1Load=17
    Bandwidth: StallLoads=71, PrefetchLoads=26, AvgLoadTime=3.79ms
    PrefetchOverlap: HiddenReady=13, HiddenWait=0, TicksSkipped=0
    MissCause: NotPresent=71, NotReadyStall=0
    PrefetchEff: Dropped=0, AlreadyCached=294, UsedBeforeEvict=13, EvictedBeforeUse=12
    Predictor TopK matches: 0=6 1=33 >=2=0
Layer 16 Cache Stats: Hits=548, Misses=84, HitRate=86.71%
    Predictor Routed-Expert HitRate=74.36% (29/39, routed_n=1, horizon=2)
    Predictor RoutedForcedN HitRate=74.36% (29/39)
    Predictor RoutedTopK HitRate=52.88% (165/312)
    Predicted RequestedByRouterForcedN Rate=9.29% (29/312)
    Predicted RequestedByRouterTopK Rate=52.88% (165/312)
    Predictor WindowRecall Rate=48.46% (221/456)
    Predictor WindowPrecision Rate=70.83% (221/312)
    Loads Per Step: 0Loads=22, 1Load=37, >1Load=20
    Bandwidth: StallLoads=84, PrefetchLoads=37, AvgLoadTime=3.49ms
    PrefetchOverlap: HiddenReady=23, HiddenWait=0, TicksSkipped=0
    MissCause: NotPresent=84, NotReadyStall=0
    PrefetchEff: Dropped=0, AlreadyCached=283, UsedBeforeEvict=23, EvictedBeforeUse=12
    Predictor TopK matches: 0=10 1=29 >=2=0
Layer 17 Cache Stats: Hits=512, Misses=120, HitRate=81.01%
    Predictor Routed-Expert HitRate=74.36% (29/39, routed_n=1, horizon=2)
    Predictor RoutedForcedN HitRate=74.36% (29/39)
    Predictor RoutedTopK HitRate=50.64% (158/312)
    Predicted RequestedByRouterForcedN Rate=9.29% (29/312)
    Predicted RequestedByRouterTopK Rate=50.64% (158/312)
    Predictor WindowRecall Rate=44.30% (206/465)
    Predictor WindowPrecision Rate=66.03% (206/312)
    Loads Per Step: 0Loads=15, 1Load=33, >1Load=31
    Bandwidth: StallLoads=120, PrefetchLoads=51, AvgLoadTime=2.97ms
    PrefetchOverlap: HiddenReady=23, HiddenWait=0, TicksSkipped=0
    MissCause: NotPresent=120, NotReadyStall=0
    PrefetchEff: Dropped=0, AlreadyCached=269, UsedBeforeEvict=23, EvictedBeforeUse=24
    Predictor TopK matches: 0=10 1=29 >=2=0
Layer 18 Cache Stats: Hits=593, Misses=39, HitRate=93.83%
    Predictor Routed-Expert HitRate=82.05% (32/39, routed_n=1, horizon=2)
    Predictor RoutedForcedN HitRate=82.05% (32/39)
    Predictor RoutedTopK HitRate=59.94% (187/312)
    Predicted RequestedByRouterForcedN Rate=10.26% (32/312)
    Predicted RequestedByRouterTopK Rate=59.94% (187/312)
    Predictor WindowRecall Rate=56.91% (243/427)
    Predictor WindowPrecision Rate=77.88% (243/312)
    Loads Per Step: 0Loads=51, 1Load=22, >1Load=6
    Bandwidth: StallLoads=39, PrefetchLoads=11, AvgLoadTime=3.99ms
    PrefetchOverlap: HiddenReady=9, HiddenWait=0, TicksSkipped=0
    MissCause: NotPresent=39, NotReadyStall=0
    PrefetchEff: Dropped=0, AlreadyCached=309, UsedBeforeEvict=9, EvictedBeforeUse=2
    Predictor TopK matches: 0=7 1=32 >=2=0
Layer 19 Cache Stats: Hits=587, Misses=45, HitRate=92.88%
    Predictor Routed-Expert HitRate=82.05% (32/39, routed_n=1, horizon=2)
    Predictor RoutedForcedN HitRate=82.05% (32/39)
    Predictor RoutedTopK HitRate=70.19% (219/312)
    Predicted RequestedByRouterForcedN Rate=10.26% (32/312)
    Predicted RequestedByRouterTopK Rate=70.19% (219/312)
    Predictor WindowRecall Rate=64.93% (261/402)
    Predictor WindowPrecision Rate=83.65% (261/312)
    Loads Per Step: 0Loads=44, 1Load=28, >1Load=7
    Bandwidth: StallLoads=45, PrefetchLoads=17, AvgLoadTime=3.96ms
    PrefetchOverlap: HiddenReady=10, HiddenWait=0, TicksSkipped=0
    MissCause: NotPresent=45, NotReadyStall=0
    PrefetchEff: Dropped=0, AlreadyCached=303, UsedBeforeEvict=10, EvictedBeforeUse=6
    Predictor TopK matches: 0=7 1=32 >=2=0
Layer 20 Cache Stats: Hits=549, Misses=83, HitRate=86.87%
    Predictor Routed-Expert HitRate=64.10% (25/39, routed_n=1, horizon=2)
    Predictor RoutedForcedN HitRate=64.10% (25/39)
    Predictor RoutedTopK HitRate=55.45% (173/312)
    Predicted RequestedByRouterForcedN Rate=8.01% (25/312)
    Predicted RequestedByRouterTopK Rate=55.45% (173/312)
    Predictor WindowRecall Rate=51.58% (228/442)
    Predictor WindowPrecision Rate=73.08% (228/312)
    Loads Per Step: 0Loads=31, 1Load=23, >1Load=25
    Bandwidth: StallLoads=83, PrefetchLoads=29, AvgLoadTime=3.49ms
    PrefetchOverlap: HiddenReady=17, HiddenWait=0, TicksSkipped=0
    MissCause: NotPresent=83, NotReadyStall=0
    PrefetchEff: Dropped=0, AlreadyCached=291, UsedBeforeEvict=17, EvictedBeforeUse=11
    Predictor TopK matches: 0=14 1=25 >=2=0
Layer 21 Cache Stats: Hits=565, Misses=67, HitRate=89.40%
    Predictor Routed-Expert HitRate=87.18% (34/39, routed_n=1, horizon=2)
    Predictor RoutedForcedN HitRate=87.18% (34/39)
    Predictor RoutedTopK HitRate=59.62% (186/312)
    Predicted RequestedByRouterForcedN Rate=10.90% (34/312)
    Predicted RequestedByRouterTopK Rate=59.62% (186/312)
    Predictor WindowRecall Rate=55.35% (238/430)
    Predictor WindowPrecision Rate=76.28% (238/312)
    Loads Per Step: 0Loads=40, 1Load=22, >1Load=17
    Bandwidth: StallLoads=67, PrefetchLoads=18, AvgLoadTime=3.81ms
    PrefetchOverlap: HiddenReady=12, HiddenWait=0, TicksSkipped=0
    MissCause: NotPresent=67, NotReadyStall=0
    PrefetchEff: Dropped=0, AlreadyCached=302, UsedBeforeEvict=12, EvictedBeforeUse=4
    Predictor TopK matches: 0=5 1=34 >=2=0
Layer 22 Cache Stats: Hits=525, Misses=107, HitRate=83.07%
    Predictor Routed-Expert HitRate=76.92% (30/39, routed_n=1, horizon=2)
    Predictor RoutedForcedN HitRate=76.92% (30/39)
    Predictor RoutedTopK HitRate=56.09% (175/312)
    Predicted RequestedByRouterForcedN Rate=9.62% (30/312)
    Predicted RequestedByRouterTopK Rate=56.09% (175/312)
    Predictor WindowRecall Rate=49.44% (222/449)
    Predictor WindowPrecision Rate=71.15% (222/312)
    Loads Per Step: 0Loads=25, 1Load=28, >1Load=26
    Bandwidth: StallLoads=107, PrefetchLoads=53, AvgLoadTime=3.25ms
    PrefetchOverlap: HiddenReady=32, HiddenWait=0, TicksSkipped=0
    MissCause: NotPresent=107, NotReadyStall=0
    PrefetchEff: Dropped=0, AlreadyCached=267, UsedBeforeEvict=32, EvictedBeforeUse=18
    Predictor TopK matches: 0=9 1=30 >=2=0
Layer 23 Cache Stats: Hits=527, Misses=105, HitRate=83.39%
    Predictor Routed-Expert HitRate=69.23% (27/39, routed_n=1, horizon=2)
    Predictor RoutedForcedN HitRate=69.23% (27/39)
    Predictor RoutedTopK HitRate=57.05% (178/312)
    Predicted RequestedByRouterForcedN Rate=8.65% (27/312)
    Predicted RequestedByRouterTopK Rate=57.05% (178/312)
    Predictor WindowRecall Rate=51.01% (228/447)
    Predictor WindowPrecision Rate=73.08% (228/312)
    Loads Per Step: 0Loads=24, 1Load=28, >1Load=27
    Bandwidth: StallLoads=105, PrefetchLoads=51, AvgLoadTime=3.30ms
    PrefetchOverlap: HiddenReady=35, HiddenWait=0, TicksSkipped=0
    MissCause: NotPresent=105, NotReadyStall=0
    PrefetchEff: Dropped=0, AlreadyCached=269, UsedBeforeEvict=35, EvictedBeforeUse=16
    Predictor TopK matches: 0=12 1=27 >=2=0
Layer 24 Cache Stats: Hits=537, Misses=95, HitRate=84.97%
    Predictor Routed-Expert HitRate=76.92% (30/39, routed_n=1, horizon=2)
    Predictor RoutedForcedN HitRate=76.92% (30/39)
    Predictor RoutedTopK HitRate=56.09% (175/312)
    Predicted RequestedByRouterForcedN Rate=9.62% (30/312)
    Predicted RequestedByRouterTopK Rate=56.09% (175/312)
    Predictor WindowRecall Rate=50.55% (228/451)
    Predictor WindowPrecision Rate=73.08% (228/312)
    Loads Per Step: 0Loads=29, 1Load=27, >1Load=23
    Bandwidth: StallLoads=95, PrefetchLoads=44, AvgLoadTime=3.72ms
    PrefetchOverlap: HiddenReady=27, HiddenWait=0, TicksSkipped=0
    MissCause: NotPresent=95, NotReadyStall=0
    PrefetchEff: Dropped=0, AlreadyCached=276, UsedBeforeEvict=27, EvictedBeforeUse=15
    Predictor TopK matches: 0=9 1=30 >=2=0
Layer 25 Cache Stats: Hits=506, Misses=126, HitRate=80.06%
    Predictor Routed-Expert HitRate=61.54% (24/39, routed_n=1, horizon=2)
    Predictor RoutedForcedN HitRate=61.54% (24/39)
    Predictor RoutedTopK HitRate=47.12% (147/312)
    Predicted RequestedByRouterForcedN Rate=7.69% (24/312)
    Predicted RequestedByRouterTopK Rate=47.12% (147/312)
    Predictor WindowRecall Rate=43.97% (208/473)
    Predictor WindowPrecision Rate=66.67% (208/312)
    Loads Per Step: 0Loads=19, 1Load=25, >1Load=35
    Bandwidth: StallLoads=126, PrefetchLoads=74, AvgLoadTime=3.10ms
    PrefetchOverlap: HiddenReady=43, HiddenWait=0, TicksSkipped=0
    MissCause: NotPresent=126, NotReadyStall=0
    PrefetchEff: Dropped=0, AlreadyCached=246, UsedBeforeEvict=43, EvictedBeforeUse=29
    Predictor TopK matches: 0=15 1=24 >=2=0
Layer 26 Cache Stats: Hits=545, Misses=87, HitRate=86.23%
    Predictor Routed-Expert HitRate=64.10% (25/39, routed_n=1, horizon=2)
    Predictor RoutedForcedN HitRate=64.10% (25/39)
    Predictor RoutedTopK HitRate=51.92% (162/312)
    Predicted RequestedByRouterForcedN Rate=8.01% (25/312)
    Predicted RequestedByRouterTopK Rate=51.92% (162/312)
    Predictor WindowRecall Rate=47.12% (213/452)
    Predictor WindowPrecision Rate=68.27% (213/312)
    Loads Per Step: 0Loads=29, 1Load=27, >1Load=23
    Bandwidth: StallLoads=87, PrefetchLoads=32, AvgLoadTime=3.38ms
    PrefetchOverlap: HiddenReady=23, HiddenWait=0, TicksSkipped=0
    MissCause: NotPresent=87, NotReadyStall=0
    PrefetchEff: Dropped=0, AlreadyCached=288, UsedBeforeEvict=23, EvictedBeforeUse=8
    Predictor TopK matches: 0=14 1=25 >=2=0
Layer 27 Cache Stats: Hits=560, Misses=72, HitRate=88.61%
    Predictor Routed-Expert HitRate=89.74% (35/39, routed_n=1, horizon=2)
    Predictor RoutedForcedN HitRate=89.74% (35/39)
    Predictor RoutedTopK HitRate=58.97% (184/312)
    Predicted RequestedByRouterForcedN Rate=11.22% (35/312)
    Predicted RequestedByRouterTopK Rate=58.97% (184/312)
    Predictor WindowRecall Rate=51.58% (229/444)
    Predictor WindowPrecision Rate=73.40% (229/312)
    Loads Per Step: 0Loads=37, 1Load=25, >1Load=17
    Bandwidth: StallLoads=72, PrefetchLoads=21, AvgLoadTime=3.89ms
    PrefetchOverlap: HiddenReady=14, HiddenWait=0, TicksSkipped=0
    MissCause: NotPresent=72, NotReadyStall=0
    PrefetchEff: Dropped=0, AlreadyCached=299, UsedBeforeEvict=14, EvictedBeforeUse=5
    Predictor TopK matches: 0=4 1=35 >=2=0
Layer 28 Cache Stats: Hits=536, Misses=96, HitRate=84.81%
    Predictor Routed-Expert HitRate=82.05% (32/39, routed_n=1, horizon=2)
    Predictor RoutedForcedN HitRate=82.05% (32/39)
    Predictor RoutedTopK HitRate=52.88% (165/312)
    Predicted RequestedByRouterForcedN Rate=10.26% (32/312)
    Predicted RequestedByRouterTopK Rate=52.88% (165/312)
    Predictor WindowRecall Rate=49.56% (227/458)
    Predictor WindowPrecision Rate=72.76% (227/312)
    Loads Per Step: 0Loads=25, 1Load=29, >1Load=25
    Bandwidth: StallLoads=96, PrefetchLoads=36, AvgLoadTime=3.54ms
    PrefetchOverlap: HiddenReady=22, HiddenWait=0, TicksSkipped=0
    MissCause: NotPresent=96, NotReadyStall=0
    PrefetchEff: Dropped=0, AlreadyCached=284, UsedBeforeEvict=22, EvictedBeforeUse=12
    Predictor TopK matches: 0=7 1=32 >=2=0
Layer 29 Cache Stats: Hits=531, Misses=101, HitRate=84.02%
    Predictor Routed-Expert HitRate=84.62% (33/39, routed_n=1, horizon=2)
    Predictor RoutedForcedN HitRate=84.62% (33/39)
    Predictor RoutedTopK HitRate=55.13% (172/312)
    Predicted RequestedByRouterForcedN Rate=10.58% (33/312)
    Predicted RequestedByRouterTopK Rate=55.13% (172/312)
    Predictor WindowRecall Rate=51.63% (237/459)
    Predictor WindowPrecision Rate=75.96% (237/312)
    Loads Per Step: 0Loads=21, 1Load=26, >1Load=32
    Bandwidth: StallLoads=101, PrefetchLoads=34, AvgLoadTime=3.21ms
    PrefetchOverlap: HiddenReady=21, HiddenWait=0, TicksSkipped=0
    MissCause: NotPresent=101, NotReadyStall=0
    PrefetchEff: Dropped=0, AlreadyCached=286, UsedBeforeEvict=21, EvictedBeforeUse=10
    Predictor TopK matches: 0=6 1=33 >=2=0
Layer 30 Cache Stats: Hits=585, Misses=47, HitRate=92.56%
    Predictor Routed-Expert HitRate=82.05% (32/39, routed_n=1, horizon=2)
    Predictor RoutedForcedN HitRate=82.05% (32/39)
    Predictor RoutedTopK HitRate=57.05% (178/312)
    Predicted RequestedByRouterForcedN Rate=10.26% (32/312)
    Predicted RequestedByRouterTopK Rate=57.05% (178/312)
    Predictor WindowRecall Rate=52.38% (220/420)
    Predictor WindowPrecision Rate=70.51% (220/312)
    Loads Per Step: 0Loads=49, 1Load=21, >1Load=9
    Bandwidth: StallLoads=47, PrefetchLoads=11, AvgLoadTime=3.49ms
    PrefetchOverlap: HiddenReady=7, HiddenWait=0, TicksSkipped=0
    MissCause: NotPresent=47, NotReadyStall=0
    PrefetchEff: Dropped=0, AlreadyCached=309, UsedBeforeEvict=7, EvictedBeforeUse=4
    Predictor TopK matches: 0=7 1=32 >=2=0
Layer 31 Cache Stats: Hits=587, Misses=45, HitRate=92.88%
    Predictor Routed-Expert HitRate=82.05% (32/39, routed_n=1, horizon=2)
    Predictor RoutedForcedN HitRate=82.05% (32/39)
    Predictor RoutedTopK HitRate=67.95% (212/312)
    Predicted RequestedByRouterForcedN Rate=10.26% (32/312)
    Predicted RequestedByRouterTopK Rate=67.95% (212/312)
    Predictor WindowRecall Rate=61.90% (247/399)
    Predictor WindowPrecision Rate=79.17% (247/312)
    Loads Per Step: 0Loads=50, 1Load=19, >1Load=10
    Bandwidth: StallLoads=45, PrefetchLoads=11, AvgLoadTime=3.49ms
    PrefetchOverlap: HiddenReady=8, HiddenWait=0, TicksSkipped=0
    MissCause: NotPresent=45, NotReadyStall=0
    PrefetchEff: Dropped=0, AlreadyCached=309, UsedBeforeEvict=8, EvictedBeforeUse=2
    Predictor TopK matches: 0=7 1=32 >=2=0
Layer 32 Cache Stats: Hits=548, Misses=84, HitRate=86.71%
    Predictor Routed-Expert HitRate=82.05% (32/39, routed_n=1, horizon=2)
    Predictor RoutedForcedN HitRate=82.05% (32/39)
    Predictor RoutedTopK HitRate=53.85% (168/312)
    Predicted RequestedByRouterForcedN Rate=10.26% (32/312)
    Predicted RequestedByRouterTopK Rate=53.85% (168/312)
    Predictor WindowRecall Rate=50.57% (222/439)
    Predictor WindowPrecision Rate=71.15% (222/312)
    Loads Per Step: 0Loads=31, 1Load=25, >1Load=23
    Bandwidth: StallLoads=84, PrefetchLoads=35, AvgLoadTime=3.36ms
    PrefetchOverlap: HiddenReady=20, HiddenWait=0, TicksSkipped=0
    MissCause: NotPresent=84, NotReadyStall=0
    PrefetchEff: Dropped=0, AlreadyCached=285, UsedBeforeEvict=20, EvictedBeforeUse=15
    Predictor TopK matches: 0=7 1=32 >=2=0
Layer 33 Cache Stats: Hits=566, Misses=66, HitRate=89.56%
    Predictor Routed-Expert HitRate=84.62% (33/39, routed_n=1, horizon=2)
    Predictor RoutedForcedN HitRate=84.62% (33/39)
    Predictor RoutedTopK HitRate=58.65% (183/312)
    Predicted RequestedByRouterForcedN Rate=10.58% (33/312)
    Predicted RequestedByRouterTopK Rate=58.65% (183/312)
    Predictor WindowRecall Rate=56.11% (248/442)
    Predictor WindowPrecision Rate=79.49% (248/312)
    Loads Per Step: 0Loads=36, 1Load=30, >1Load=13
    Bandwidth: StallLoads=66, PrefetchLoads=18, AvgLoadTime=3.45ms
    PrefetchOverlap: HiddenReady=16, HiddenWait=0, TicksSkipped=0
    MissCause: NotPresent=66, NotReadyStall=0
    PrefetchEff: Dropped=0, AlreadyCached=302, UsedBeforeEvict=16, EvictedBeforeUse=2
    Predictor TopK matches: 0=6 1=33 >=2=0
Layer 34 Cache Stats: Hits=532, Misses=100, HitRate=84.18%
    Predictor Routed-Expert HitRate=76.92% (30/39, routed_n=1, horizon=2)
    Predictor RoutedForcedN HitRate=76.92% (30/39)
    Predictor RoutedTopK HitRate=54.49% (170/312)
    Predicted RequestedByRouterForcedN Rate=9.62% (30/312)
    Predicted RequestedByRouterTopK Rate=54.49% (170/312)
    Predictor WindowRecall Rate=50.55% (231/457)
    Predictor WindowPrecision Rate=74.04% (231/312)
    Loads Per Step: 0Loads=26, 1Load=21, >1Load=32
    Bandwidth: StallLoads=100, PrefetchLoads=57, AvgLoadTime=3.20ms
    PrefetchOverlap: HiddenReady=37, HiddenWait=0, TicksSkipped=0
    MissCause: NotPresent=100, NotReadyStall=0
    PrefetchEff: Dropped=0, AlreadyCached=263, UsedBeforeEvict=37, EvictedBeforeUse=17
    Predictor TopK matches: 0=9 1=30 >=2=0
Layer 35 Cache Stats: Hits=531, Misses=101, HitRate=84.02%
    Predictor Routed-Expert HitRate=56.41% (22/39, routed_n=1, horizon=2)
    Predictor RoutedForcedN HitRate=56.41% (22/39)
    Predictor RoutedTopK HitRate=53.21% (166/312)
    Predicted RequestedByRouterForcedN Rate=7.05% (22/312)
    Predicted RequestedByRouterTopK Rate=53.21% (166/312)
    Predictor WindowRecall Rate=47.56% (224/471)
    Predictor WindowPrecision Rate=71.79% (224/312)
    Loads Per Step: 0Loads=21, 1Load=31, >1Load=27
    Bandwidth: StallLoads=101, PrefetchLoads=70, AvgLoadTime=3.09ms
    PrefetchOverlap: HiddenReady=44, HiddenWait=0, TicksSkipped=0
    MissCause: NotPresent=101, NotReadyStall=0
    PrefetchEff: Dropped=0, AlreadyCached=250, UsedBeforeEvict=44, EvictedBeforeUse=25
    Predictor TopK matches: 0=17 1=22 >=2=0
Layer 36 Cache Stats: Hits=543, Misses=89, HitRate=85.92%
    Predictor Routed-Expert HitRate=79.49% (31/39, routed_n=1, horizon=2)
    Predictor RoutedForcedN HitRate=79.49% (31/39)
    Predictor RoutedTopK HitRate=58.33% (182/312)
    Predicted RequestedByRouterForcedN Rate=9.94% (31/312)
    Predicted RequestedByRouterTopK Rate=58.33% (182/312)
    Predictor WindowRecall Rate=52.87% (230/435)
    Predictor WindowPrecision Rate=73.72% (230/312)
    Loads Per Step: 0Loads=28, 1Load=30, >1Load=21
    Bandwidth: StallLoads=89, PrefetchLoads=50, AvgLoadTime=3.73ms
    PrefetchOverlap: HiddenReady=35, HiddenWait=0, TicksSkipped=0
    MissCause: NotPresent=89, NotReadyStall=0
    PrefetchEff: Dropped=0, AlreadyCached=270, UsedBeforeEvict=35, EvictedBeforeUse=15
    Predictor TopK matches: 0=8 1=31 >=2=0
Layer 37 Cache Stats: Hits=487, Misses=145, HitRate=77.06%
    Predictor Routed-Expert HitRate=61.54% (24/39, routed_n=1, horizon=2)
    Predictor RoutedForcedN HitRate=61.54% (24/39)
    Predictor RoutedTopK HitRate=46.47% (145/312)
    Predicted RequestedByRouterForcedN Rate=7.69% (24/312)
    Predicted RequestedByRouterTopK Rate=46.47% (145/312)
    Predictor WindowRecall Rate=42.42% (207/488)
    Predictor WindowPrecision Rate=66.35% (207/312)
    Loads Per Step: 0Loads=9, 1Load=29, >1Load=41
    Bandwidth: StallLoads=145, PrefetchLoads=101, AvgLoadTime=3.10ms
    PrefetchOverlap: HiddenReady=61, HiddenWait=0, TicksSkipped=0
    MissCause: NotPresent=145, NotReadyStall=0
    PrefetchEff: Dropped=0, AlreadyCached=219, UsedBeforeEvict=61, EvictedBeforeUse=37
    Predictor TopK matches: 0=15 1=24 >=2=0
Layer 38 Cache Stats: Hits=536, Misses=96, HitRate=84.81%
    Predictor Routed-Expert HitRate=87.18% (34/39, routed_n=1, horizon=2)
    Predictor RoutedForcedN HitRate=87.18% (34/39)
    Predictor RoutedTopK HitRate=52.56% (164/312)
    Predicted RequestedByRouterForcedN Rate=10.90% (34/312)
    Predicted RequestedByRouterTopK Rate=52.56% (164/312)
    Predictor WindowRecall Rate=51.08% (237/464)
    Predictor WindowPrecision Rate=75.96% (237/312)
    Loads Per Step: 0Loads=31, 1Load=24, >1Load=24
    Bandwidth: StallLoads=96, PrefetchLoads=44, AvgLoadTime=3.77ms
    PrefetchOverlap: HiddenReady=29, HiddenWait=0, TicksSkipped=0
    MissCause: NotPresent=96, NotReadyStall=0
    PrefetchEff: Dropped=0, AlreadyCached=276, UsedBeforeEvict=29, EvictedBeforeUse=12
    Predictor TopK matches: 0=5 1=34 >=2=0
Layer 39 Cache Stats: Hits=537, Misses=95, HitRate=84.97%
    Predictor Routed-Expert HitRate=71.79% (28/39, routed_n=1, horizon=2)
    Predictor RoutedForcedN HitRate=71.79% (28/39)
    Predictor RoutedTopK HitRate=51.28% (160/312)
    Predicted RequestedByRouterForcedN Rate=8.97% (28/312)
    Predicted RequestedByRouterTopK Rate=51.28% (160/312)
    Predictor WindowRecall Rate=48.16% (222/461)
    Predictor WindowPrecision Rate=71.15% (222/312)
    Loads Per Step: 0Loads=26, 1Load=28, >1Load=25
    Bandwidth: StallLoads=95, PrefetchLoads=40, AvgLoadTime=4.01ms
    PrefetchOverlap: HiddenReady=26, HiddenWait=0, TicksSkipped=0
    MissCause: NotPresent=95, NotReadyStall=0
    PrefetchEff: Dropped=0, AlreadyCached=280, UsedBeforeEvict=26, EvictedBeforeUse=13
    Predictor TopK matches: 0=11 1=28 >=2=0
Layer 40 Cache Stats: Hits=530, Misses=102, HitRate=83.86%
    Predictor Routed-Expert HitRate=71.79% (28/39, routed_n=1, horizon=2)
    Predictor RoutedForcedN HitRate=71.79% (28/39)
    Predictor RoutedTopK HitRate=54.17% (169/312)
    Predicted RequestedByRouterForcedN Rate=8.97% (28/312)
    Predicted RequestedByRouterTopK Rate=54.17% (169/312)
    Predictor WindowRecall Rate=50.77% (231/455)
    Predictor WindowPrecision Rate=74.04% (231/312)
    Loads Per Step: 0Loads=28, 1Load=23, >1Load=28
    Bandwidth: StallLoads=102, PrefetchLoads=49, AvgLoadTime=3.54ms
    PrefetchOverlap: HiddenReady=29, HiddenWait=0, TicksSkipped=0
    MissCause: NotPresent=102, NotReadyStall=0
    PrefetchEff: Dropped=0, AlreadyCached=271, UsedBeforeEvict=29, EvictedBeforeUse=20
    Predictor TopK matches: 0=11 1=28 >=2=0
Layer 41 Cache Stats: Hits=519, Misses=113, HitRate=82.12%
    Predictor Routed-Expert HitRate=53.85% (21/39, routed_n=1, horizon=2)
    Predictor RoutedForcedN HitRate=53.85% (21/39)
    Predictor RoutedTopK HitRate=45.51% (142/312)
    Predicted RequestedByRouterForcedN Rate=6.73% (21/312)
    Predicted RequestedByRouterTopK Rate=45.51% (142/312)
    Predictor WindowRecall Rate=44.97% (219/487)
    Predictor WindowPrecision Rate=70.19% (219/312)
    Loads Per Step: 0Loads=22, 1Load=28, >1Load=29
    Bandwidth: StallLoads=113, PrefetchLoads=70, AvgLoadTime=3.52ms
    PrefetchOverlap: HiddenReady=43, HiddenWait=0, TicksSkipped=0
    MissCause: NotPresent=113, NotReadyStall=0
    PrefetchEff: Dropped=0, AlreadyCached=250, UsedBeforeEvict=43, EvictedBeforeUse=25
    Predictor TopK matches: 0=18 1=21 >=2=0
Layer 42 Cache Stats: Hits=513, Misses=119, HitRate=81.17%
    Predictor Routed-Expert HitRate=56.41% (22/39, routed_n=1, horizon=2)
    Predictor RoutedForcedN HitRate=56.41% (22/39)
    Predictor RoutedTopK HitRate=44.87% (140/312)
    Predicted RequestedByRouterForcedN Rate=7.05% (22/312)
    Predicted RequestedByRouterTopK Rate=44.87% (140/312)
    Predictor WindowRecall Rate=45.84% (226/493)
    Predictor WindowPrecision Rate=72.44% (226/312)
    Loads Per Step: 0Loads=23, 1Load=25, >1Load=31
    Bandwidth: StallLoads=119, PrefetchLoads=61, AvgLoadTime=3.53ms
    PrefetchOverlap: HiddenReady=38, HiddenWait=0, TicksSkipped=0
    MissCause: NotPresent=119, NotReadyStall=0
    PrefetchEff: Dropped=0, AlreadyCached=259, UsedBeforeEvict=38, EvictedBeforeUse=20
    Predictor TopK matches: 0=17 1=22 >=2=0
Layer 43 Cache Stats: Hits=549, Misses=83, HitRate=86.87%
    Predictor Routed-Expert HitRate=58.97% (23/39, routed_n=1, horizon=2)
    Predictor RoutedForcedN HitRate=58.97% (23/39)
    Predictor RoutedTopK HitRate=49.04% (153/312)
    Predicted RequestedByRouterForcedN Rate=7.37% (23/312)
    Predicted RequestedByRouterTopK Rate=49.04% (153/312)
    Predictor WindowRecall Rate=48.93% (229/468)
    Predictor WindowPrecision Rate=73.40% (229/312)
    Loads Per Step: 0Loads=34, 1Load=24, >1Load=21
    Bandwidth: StallLoads=83, PrefetchLoads=43, AvgLoadTime=3.78ms
    PrefetchOverlap: HiddenReady=25, HiddenWait=0, TicksSkipped=0
    MissCause: NotPresent=83, NotReadyStall=0
    PrefetchEff: Dropped=0, AlreadyCached=277, UsedBeforeEvict=25, EvictedBeforeUse=17
    Predictor TopK matches: 0=16 1=23 >=2=0
Layer 44 Cache Stats: Hits=556, Misses=76, HitRate=87.97%
    Predictor Routed-Expert HitRate=66.67% (26/39, routed_n=1, horizon=2)
    Predictor RoutedForcedN HitRate=66.67% (26/39)
    Predictor RoutedTopK HitRate=49.04% (153/312)
    Predicted RequestedByRouterForcedN Rate=8.33% (26/312)
    Predicted RequestedByRouterTopK Rate=49.04% (153/312)
    Predictor WindowRecall Rate=47.84% (221/462)
    Predictor WindowPrecision Rate=70.83% (221/312)
    Loads Per Step: 0Loads=37, 1Load=20, >1Load=22
    Bandwidth: StallLoads=76, PrefetchLoads=48, AvgLoadTime=3.58ms
    PrefetchOverlap: HiddenReady=25, HiddenWait=0, TicksSkipped=0
    MissCause: NotPresent=76, NotReadyStall=0
    PrefetchEff: Dropped=0, AlreadyCached=272, UsedBeforeEvict=25, EvictedBeforeUse=18
    Predictor TopK matches: 0=13 1=26 >=2=0
Layer 45 Cache Stats: Hits=544, Misses=88, HitRate=86.08%
    Predictor Routed-Expert HitRate=79.49% (31/39, routed_n=1, horizon=2)
    Predictor RoutedForcedN HitRate=79.49% (31/39)
    Predictor RoutedTopK HitRate=48.08% (150/312)
    Predicted RequestedByRouterForcedN Rate=9.94% (31/312)
    Predicted RequestedByRouterTopK Rate=48.08% (150/312)
    Predictor WindowRecall Rate=46.46% (223/480)
    Predictor WindowPrecision Rate=71.47% (223/312)
    Loads Per Step: 0Loads=33, 1Load=22, >1Load=24
    Bandwidth: StallLoads=88, PrefetchLoads=40, AvgLoadTime=3.64ms
    PrefetchOverlap: HiddenReady=22, HiddenWait=0, TicksSkipped=0
    MissCause: NotPresent=88, NotReadyStall=0
    PrefetchEff: Dropped=0, AlreadyCached=280, UsedBeforeEvict=22, EvictedBeforeUse=15
    Predictor TopK matches: 0=8 1=31 >=2=0
Layer 46 Cache Stats: Hits=541, Misses=91, HitRate=85.60%
    Predictor Routed-Expert HitRate=51.28% (20/39, routed_n=1, horizon=2)
    Predictor RoutedForcedN HitRate=51.28% (20/39)
    Predictor RoutedTopK HitRate=48.08% (150/312)
    Predicted RequestedByRouterForcedN Rate=6.41% (20/312)
    Predicted RequestedByRouterTopK Rate=48.08% (150/312)
    Predictor WindowRecall Rate=46.69% (233/499)
    Predictor WindowPrecision Rate=74.68% (233/312)
    Loads Per Step: 0Loads=33, 1Load=19, >1Load=27
    Bandwidth: StallLoads=91, PrefetchLoads=45, AvgLoadTime=4.15ms
    PrefetchOverlap: HiddenReady=33, HiddenWait=0, TicksSkipped=0
    MissCause: NotPresent=91, NotReadyStall=0
    PrefetchEff: Dropped=0, AlreadyCached=275, UsedBeforeEvict=33, EvictedBeforeUse=8
    Predictor TopK matches: 0=19 1=20 >=2=0
Layer 47 Cache Stats: Hits=514, Misses=118, HitRate=81.33%
    Predictor Routed-Expert HitRate=46.15% (18/39, routed_n=1, horizon=2)
    Predictor RoutedForcedN HitRate=46.15% (18/39)
    Predictor RoutedTopK HitRate=42.63% (133/312)
    Predicted RequestedByRouterForcedN Rate=5.77% (18/312)
    Predicted RequestedByRouterTopK Rate=42.63% (133/312)
    Predictor WindowRecall Rate=45.70% (234/512)
    Predictor WindowPrecision Rate=75.00% (234/312)
    Loads Per Step: 0Loads=25, 1Load=19, >1Load=35
    Bandwidth: StallLoads=118, PrefetchLoads=65, AvgLoadTime=3.22ms
    PrefetchOverlap: HiddenReady=44, HiddenWait=0, TicksSkipped=0
    MissCause: NotPresent=118, NotReadyStall=0
    PrefetchEff: Dropped=0, AlreadyCached=255, UsedBeforeEvict=44, EvictedBeforeUse=18
    Predictor TopK matches: 0=21 1=18 >=2=0
============================================================
[TorchScriptPredictor Layer 0] Shutdown complete
[TorchScriptPredictor Layer 1] Shutdown complete
[TorchScriptPredictor Layer 2] Shutdown complete
[TorchScriptPredictor Layer 3] Shutdown complete
[TorchScriptPredictor Layer 4] Shutdown complete
[TorchScriptPredictor Layer 5] Shutdown complete
[TorchScriptPredictor Layer 6] Shutdown complete
[TorchScriptPredictor Layer 7] Shutdown complete
[TorchScriptPredictor Layer 8] Shutdown complete
[TorchScriptPredictor Layer 9] Shutdown complete
[TorchScriptPredictor Layer 10] Shutdown complete
[TorchScriptPredictor Layer 11] Shutdown complete
[TorchScriptPredictor Layer 12] Shutdown complete
[TorchScriptPredictor Layer 13] Shutdown complete
[TorchScriptPredictor Layer 14] Shutdown complete
[TorchScriptPredictor Layer 15] Shutdown complete
[TorchScriptPredictor Layer 16] Shutdown complete
[TorchScriptPredictor Layer 17] Shutdown complete
[TorchScriptPredictor Layer 18] Shutdown complete
[TorchScriptPredictor Layer 19] Shutdown complete
[TorchScriptPredictor Layer 20] Shutdown complete
[TorchScriptPredictor Layer 21] Shutdown complete
[TorchScriptPredictor Layer 22] Shutdown complete
[TorchScriptPredictor Layer 23] Shutdown complete
[TorchScriptPredictor Layer 24] Shutdown complete
[TorchScriptPredictor Layer 25] Shutdown complete
[TorchScriptPredictor Layer 26] Shutdown complete
[TorchScriptPredictor Layer 27] Shutdown complete
[TorchScriptPredictor Layer 28] Shutdown complete
[TorchScriptPredictor Layer 29] Shutdown complete
[TorchScriptPredictor Layer 30] Shutdown complete
[TorchScriptPredictor Layer 31] Shutdown complete
[TorchScriptPredictor Layer 32] Shutdown complete
[TorchScriptPredictor Layer 33] Shutdown complete
[TorchScriptPredictor Layer 34] Shutdown complete
[TorchScriptPredictor Layer 35] Shutdown complete
[TorchScriptPredictor Layer 36] Shutdown complete
[TorchScriptPredictor Layer 37] Shutdown complete
[TorchScriptPredictor Layer 38] Shutdown complete
[TorchScriptPredictor Layer 39] Shutdown complete
[TorchScriptPredictor Layer 40] Shutdown complete
[TorchScriptPredictor Layer 41] Shutdown complete
[TorchScriptPredictor Layer 42] Shutdown complete
[TorchScriptPredictor Layer 43] Shutdown complete
[TorchScriptPredictor Layer 44] Shutdown complete
[TorchScriptPredictor Layer 45] Shutdown complete
[TorchScriptPredictor Layer 46] Shutdown complete
[TorchScriptPredictor Layer 47] Shutdown complete
============================================================
Initializing Qwen3 30B-A3B AWQ w4a16 quantized model...
============================================================
Loading quantized weights from QuixiAI/Qwen3-30B-A3B-AWQ...
Using saved safetensors: /home/michael/heteroPredict/py/unified_llm_w4a16/model_weights/Qwen3-30B-A3B-AWQ.safetensors
Expert weights dir: /home/michael/heteroPredict/py/unified_llm_w4a16/model_weights/Qwen3-30B-A3B-AWQ_packed  (format: packed)
Using existing attention weights in /home/michael/heteroPredict/py/unified_llm_w4a16/model_weights/Qwen3-30B-A3B-AWQ_unpacked
Weights loaded (expert dir override) in 0.29 seconds
Pre-warming expert cache with 32 experts...
Model initialized successfully!
Set expert cache policy to LFRU.

Running sweep using prompts from JSON: /tmp/tmpdltwwuj5.json
Loaded 1 prompts for sweeping.

Processing Prompt 1/1...

============================================================
Generated text only:
============================================================
 time was too " literary " and not sufficiently " classical " . However , he was not discouraged and continued to travel . He later took the exam again in 741 , and passed it . He was then given a minor post in the capital . 

 = = = The An Lushan rebellion and the fall of the Tang = = = 

 In 755 , the An L
============================================================

============================================================
Sweep Complete.
Average Time per Token: 0.495796
End-to-End TPS: 2.0170
Cache Stats: Hits=25414, Misses=4922, HitRate=83.78%
Predictor Stats: Hits=1260, Total=1872, HitRate=67.31%
Initializing UnifiedLLMW4A16Impl_base
Using NPU config struct.
Configuring NPU (Base):
  Heterogeneity: gpu
  GPU Count: 1
  Debug Verbosity: 1
  Dummy Weights: false
  Warmup: false
  Preload MoE: true
  Minimal PDI: true
[GPU SELECT] Free VRAM ranking: gpu0=28.00/28.00 GiB
[GPU SELECT] Selected GPUs for gpu-count=1: [0]
[GPU MAP] Single-GPU placement on gpu0
[Predictor] Layer 0 model path resolved to: /home/michael/heteroPredict/trainingData/qwen3_30b/transformer_final_pfill_markov_emb/transformer_eh4_h64_f2/layer_0/best_jit.pt
[Predictor] Running on device: CPU (NPU path) (heterogeneity="gpu", predictor_device="cpu")
[ThreadedTorchScriptPredictor Layer 0] Detected history_length=4 from /home/michael/heteroPredict/trainingData/qwen3_30b/transformer_final_pfill_markov_emb/transformer_eh4_h64_f2/layer_0/best.json
[TorchScriptPredictor Layer 0] Loading model on CPU
[TorchScriptPredictor Layer 0] Assuming prefill_dist, prev_expert_onehot, and prev_layers_feat support (v3 API).
[TorchScriptPredictor Layer 0] prefill_dist support: yes, prev_expert_onehot support: yes, prev_layers_feat support: yes
[TorchScriptPredictor Layer 0] Loaded model: /home/michael/heteroPredict/trainingData/qwen3_30b/transformer_final_pfill_markov_emb/transformer_eh4_h64_f2/layer_0/best_jit.pt
[ThreadedTorchScriptPredictor Layer 1] Detected history_length=4 from /home/michael/heteroPredict/trainingData/qwen3_30b/transformer_final_pfill_markov_emb/transformer_eh4_h64_f2/layer_1/best.json
[TorchScriptPredictor Layer 1] Loading model on CPU
[TorchScriptPredictor Layer 1] Assuming prefill_dist, prev_expert_onehot, and prev_layers_feat support (v3 API).
[TorchScriptPredictor Layer 1] prefill_dist support: yes, prev_expert_onehot support: yes, prev_layers_feat support: yes
[TorchScriptPredictor Layer 1] Loaded model: /home/michael/heteroPredict/trainingData/qwen3_30b/transformer_final_pfill_markov_emb/transformer_eh4_h64_f2/layer_1/best_jit.pt
[ThreadedTorchScriptPredictor Layer 2] Detected history_length=4 from /home/michael/heteroPredict/trainingData/qwen3_30b/transformer_final_pfill_markov_emb/transformer_eh4_h64_f2/layer_2/best.json
[TorchScriptPredictor Layer 2] Loading model on CPU
[TorchScriptPredictor Layer 2] Assuming prefill_dist, prev_expert_onehot, and prev_layers_feat support (v3 API).
[TorchScriptPredictor Layer 2] prefill_dist support: yes, prev_expert_onehot support: yes, prev_layers_feat support: yes
[TorchScriptPredictor Layer 2] Loaded model: /home/michael/heteroPredict/trainingData/qwen3_30b/transformer_final_pfill_markov_emb/transformer_eh4_h64_f2/layer_2/best_jit.pt
[ThreadedTorchScriptPredictor Layer 3] Detected history_length=4 from /home/michael/heteroPredict/trainingData/qwen3_30b/transformer_final_pfill_markov_emb/transformer_eh4_h64_f2/layer_3/best.json
[TorchScriptPredictor Layer 3] Loading model on CPU
[TorchScriptPredictor Layer 3] Assuming prefill_dist, prev_expert_onehot, and prev_layers_feat support (v3 API).
[TorchScriptPredictor Layer 3] prefill_dist support: yes, prev_expert_onehot support: yes, prev_layers_feat support: yes
[TorchScriptPredictor Layer 3] Loaded model: /home/michael/heteroPredict/trainingData/qwen3_30b/transformer_final_pfill_markov_emb/transformer_eh4_h64_f2/layer_3/best_jit.pt
[ThreadedTorchScriptPredictor Layer 4] Detected history_length=4 from /home/michael/heteroPredict/trainingData/qwen3_30b/transformer_final_pfill_markov_emb/transformer_eh4_h64_f2/layer_4/best.json
[TorchScriptPredictor Layer 4] Loading model on CPU
[TorchScriptPredictor Layer 4] Assuming prefill_dist, prev_expert_onehot, and prev_layers_feat support (v3 API).
[TorchScriptPredictor Layer 4] prefill_dist support: yes, prev_expert_onehot support: yes, prev_layers_feat support: yes
[TorchScriptPredictor Layer 4] Loaded model: /home/michael/heteroPredict/trainingData/qwen3_30b/transformer_final_pfill_markov_emb/transformer_eh4_h64_f2/layer_4/best_jit.pt
[ThreadedTorchScriptPredictor Layer 5] Detected history_length=4 from /home/michael/heteroPredict/trainingData/qwen3_30b/transformer_final_pfill_markov_emb/transformer_eh4_h64_f2/layer_5/best.json
[TorchScriptPredictor Layer 5] Loading model on CPU
[TorchScriptPredictor Layer 5] Assuming prefill_dist, prev_expert_onehot, and prev_layers_feat support (v3 API).
[TorchScriptPredictor Layer 5] prefill_dist support: yes, prev_expert_onehot support: yes, prev_layers_feat support: yes
[TorchScriptPredictor Layer 5] Loaded model: /home/michael/heteroPredict/trainingData/qwen3_30b/transformer_final_pfill_markov_emb/transformer_eh4_h64_f2/layer_5/best_jit.pt
[ThreadedTorchScriptPredictor Layer 6] Detected history_length=4 from /home/michael/heteroPredict/trainingData/qwen3_30b/transformer_final_pfill_markov_emb/transformer_eh4_h64_f2/layer_6/best.json
[TorchScriptPredictor Layer 6] Loading model on CPU
[TorchScriptPredictor Layer 6] Assuming prefill_dist, prev_expert_onehot, and prev_layers_feat support (v3 API).
[TorchScriptPredictor Layer 6] prefill_dist support: yes, prev_expert_onehot support: yes, prev_layers_feat support: yes
[TorchScriptPredictor Layer 6] Loaded model: /home/michael/heteroPredict/trainingData/qwen3_30b/transformer_final_pfill_markov_emb/transformer_eh4_h64_f2/layer_6/best_jit.pt
[ThreadedTorchScriptPredictor Layer 7] Detected history_length=4 from /home/michael/heteroPredict/trainingData/qwen3_30b/transformer_final_pfill_markov_emb/transformer_eh4_h64_f2/layer_7/best.json
[TorchScriptPredictor Layer 7] Loading model on CPU
[TorchScriptPredictor Layer 7] Assuming prefill_dist, prev_expert_onehot, and prev_layers_feat support (v3 API).
[TorchScriptPredictor Layer 7] prefill_dist support: yes, prev_expert_onehot support: yes, prev_layers_feat support: yes
[TorchScriptPredictor Layer 7] Loaded model: /home/michael/heteroPredict/trainingData/qwen3_30b/transformer_final_pfill_markov_emb/transformer_eh4_h64_f2/layer_7/best_jit.pt
[ThreadedTorchScriptPredictor Layer 8] Detected history_length=4 from /home/michael/heteroPredict/trainingData/qwen3_30b/transformer_final_pfill_markov_emb/transformer_eh4_h64_f2/layer_8/best.json
[TorchScriptPredictor Layer 8] Loading model on CPU
[TorchScriptPredictor Layer 8] Assuming prefill_dist, prev_expert_onehot, and prev_layers_feat support (v3 API).
[TorchScriptPredictor Layer 8] prefill_dist support: yes, prev_expert_onehot support: yes, prev_layers_feat support: yes
[TorchScriptPredictor Layer 8] Loaded model: /home/michael/heteroPredict/trainingData/qwen3_30b/transformer_final_pfill_markov_emb/transformer_eh4_h64_f2/layer_8/best_jit.pt
[ThreadedTorchScriptPredictor Layer 9] Detected history_length=4 from /home/michael/heteroPredict/trainingData/qwen3_30b/transformer_final_pfill_markov_emb/transformer_eh4_h64_f2/layer_9/best.json
[TorchScriptPredictor Layer 9] Loading model on CPU
[TorchScriptPredictor Layer 9] Assuming prefill_dist, prev_expert_onehot, and prev_layers_feat support (v3 API).
[TorchScriptPredictor Layer 9] prefill_dist support: yes, prev_expert_onehot support: yes, prev_layers_feat support: yes
[TorchScriptPredictor Layer 9] Loaded model: /home/michael/heteroPredict/trainingData/qwen3_30b/transformer_final_pfill_markov_emb/transformer_eh4_h64_f2/layer_9/best_jit.pt
[ThreadedTorchScriptPredictor Layer 10] Detected history_length=4 from /home/michael/heteroPredict/trainingData/qwen3_30b/transformer_final_pfill_markov_emb/transformer_eh4_h64_f2/layer_10/best.json
[TorchScriptPredictor Layer 10] Loading model on CPU
[TorchScriptPredictor Layer 10] Assuming prefill_dist, prev_expert_onehot, and prev_layers_feat support (v3 API).
[TorchScriptPredictor Layer 10] prefill_dist support: yes, prev_expert_onehot support: yes, prev_layers_feat support: yes
[TorchScriptPredictor Layer 10] Loaded model: /home/michael/heteroPredict/trainingData/qwen3_30b/transformer_final_pfill_markov_emb/transformer_eh4_h64_f2/layer_10/best_jit.pt
[ThreadedTorchScriptPredictor Layer 11] Detected history_length=4 from /home/michael/heteroPredict/trainingData/qwen3_30b/transformer_final_pfill_markov_emb/transformer_eh4_h64_f2/layer_11/best.json
[TorchScriptPredictor Layer 11] Loading model on CPU
[TorchScriptPredictor Layer 11] Assuming prefill_dist, prev_expert_onehot, and prev_layers_feat support (v3 API).
[TorchScriptPredictor Layer 11] prefill_dist support: yes, prev_expert_onehot support: yes, prev_layers_feat support: yes
[TorchScriptPredictor Layer 11] Loaded model: /home/michael/heteroPredict/trainingData/qwen3_30b/transformer_final_pfill_markov_emb/transformer_eh4_h64_f2/layer_11/best_jit.pt
[ThreadedTorchScriptPredictor Layer 12] Detected history_length=4 from /home/michael/heteroPredict/trainingData/qwen3_30b/transformer_final_pfill_markov_emb/transformer_eh4_h64_f2/layer_12/best.json
[TorchScriptPredictor Layer 12] Loading model on CPU
[TorchScriptPredictor Layer 12] Assuming prefill_dist, prev_expert_onehot, and prev_layers_feat support (v3 API).
[TorchScriptPredictor Layer 12] prefill_dist support: yes, prev_expert_onehot support: yes, prev_layers_feat support: yes
[TorchScriptPredictor Layer 12] Loaded model: /home/michael/heteroPredict/trainingData/qwen3_30b/transformer_final_pfill_markov_emb/transformer_eh4_h64_f2/layer_12/best_jit.pt
[ThreadedTorchScriptPredictor Layer 13] Detected history_length=4 from /home/michael/heteroPredict/trainingData/qwen3_30b/transformer_final_pfill_markov_emb/transformer_eh4_h64_f2/layer_13/best.json
[TorchScriptPredictor Layer 13] Loading model on CPU
[TorchScriptPredictor Layer 13] Assuming prefill_dist, prev_expert_onehot, and prev_layers_feat support (v3 API).
[TorchScriptPredictor Layer 13] prefill_dist support: yes, prev_expert_onehot support: yes, prev_layers_feat support: yes
[TorchScriptPredictor Layer 13] Loaded model: /home/michael/heteroPredict/trainingData/qwen3_30b/transformer_final_pfill_markov_emb/transformer_eh4_h64_f2/layer_13/best_jit.pt
[ThreadedTorchScriptPredictor Layer 14] Detected history_length=4 from /home/michael/heteroPredict/trainingData/qwen3_30b/transformer_final_pfill_markov_emb/transformer_eh4_h64_f2/layer_14/best.json
[TorchScriptPredictor Layer 14] Loading model on CPU
[TorchScriptPredictor Layer 14] Assuming prefill_dist, prev_expert_onehot, and prev_layers_feat support (v3 API).
[TorchScriptPredictor Layer 14] prefill_dist support: yes, prev_expert_onehot support: yes, prev_layers_feat support: yes
[TorchScriptPredictor Layer 14] Loaded model: /home/michael/heteroPredict/trainingData/qwen3_30b/transformer_final_pfill_markov_emb/transformer_eh4_h64_f2/layer_14/best_jit.pt
[ThreadedTorchScriptPredictor Layer 15] Detected history_length=4 from /home/michael/heteroPredict/trainingData/qwen3_30b/transformer_final_pfill_markov_emb/transformer_eh4_h64_f2/layer_15/best.json
[TorchScriptPredictor Layer 15] Loading model on CPU
[TorchScriptPredictor Layer 15] Assuming prefill_dist, prev_expert_onehot, and prev_layers_feat support (v3 API).
[TorchScriptPredictor Layer 15] prefill_dist support: yes, prev_expert_onehot support: yes, prev_layers_feat support: yes
[TorchScriptPredictor Layer 15] Loaded model: /home/michael/heteroPredict/trainingData/qwen3_30b/transformer_final_pfill_markov_emb/transformer_eh4_h64_f2/layer_15/best_jit.pt
[ThreadedTorchScriptPredictor Layer 16] Detected history_length=4 from /home/michael/heteroPredict/trainingData/qwen3_30b/transformer_final_pfill_markov_emb/transformer_eh4_h64_f2/layer_16/best.json
[TorchScriptPredictor Layer 16] Loading model on CPU
[TorchScriptPredictor Layer 16] Assuming prefill_dist, prev_expert_onehot, and prev_layers_feat support (v3 API).
[TorchScriptPredictor Layer 16] prefill_dist support: yes, prev_expert_onehot support: yes, prev_layers_feat support: yes
[TorchScriptPredictor Layer 16] Loaded model: /home/michael/heteroPredict/trainingData/qwen3_30b/transformer_final_pfill_markov_emb/transformer_eh4_h64_f2/layer_16/best_jit.pt
[ThreadedTorchScriptPredictor Layer 17] Detected history_length=4 from /home/michael/heteroPredict/trainingData/qwen3_30b/transformer_final_pfill_markov_emb/transformer_eh4_h64_f2/layer_17/best.json
[TorchScriptPredictor Layer 17] Loading model on CPU
[TorchScriptPredictor Layer 17] Assuming prefill_dist, prev_expert_onehot, and prev_layers_feat support (v3 API).
[TorchScriptPredictor Layer 17] prefill_dist support: yes, prev_expert_onehot support: yes, prev_layers_feat support: yes
[TorchScriptPredictor Layer 17] Loaded model: /home/michael/heteroPredict/trainingData/qwen3_30b/transformer_final_pfill_markov_emb/transformer_eh4_h64_f2/layer_17/best_jit.pt
[ThreadedTorchScriptPredictor Layer 18] Detected history_length=4 from /home/michael/heteroPredict/trainingData/qwen3_30b/transformer_final_pfill_markov_emb/transformer_eh4_h64_f2/layer_18/best.json
[TorchScriptPredictor Layer 18] Loading model on CPU
[TorchScriptPredictor Layer 18] Assuming prefill_dist, prev_expert_onehot, and prev_layers_feat support (v3 API).
[TorchScriptPredictor Layer 18] prefill_dist support: yes, prev_expert_onehot support: yes, prev_layers_feat support: yes
[TorchScriptPredictor Layer 18] Loaded model: /home/michael/heteroPredict/trainingData/qwen3_30b/transformer_final_pfill_markov_emb/transformer_eh4_h64_f2/layer_18/best_jit.pt
[ThreadedTorchScriptPredictor Layer 19] Detected history_length=4 from /home/michael/heteroPredict/trainingData/qwen3_30b/transformer_final_pfill_markov_emb/transformer_eh4_h64_f2/layer_19/best.json
[TorchScriptPredictor Layer 19] Loading model on CPU
[TorchScriptPredictor Layer 19] Assuming prefill_dist, prev_expert_onehot, and prev_layers_feat support (v3 API).
[TorchScriptPredictor Layer 19] prefill_dist support: yes, prev_expert_onehot support: yes, prev_layers_feat support: yes
[TorchScriptPredictor Layer 19] Loaded model: /home/michael/heteroPredict/trainingData/qwen3_30b/transformer_final_pfill_markov_emb/transformer_eh4_h64_f2/layer_19/best_jit.pt
[ThreadedTorchScriptPredictor Layer 20] Detected history_length=4 from /home/michael/heteroPredict/trainingData/qwen3_30b/transformer_final_pfill_markov_emb/transformer_eh4_h64_f2/layer_20/best.json
[TorchScriptPredictor Layer 20] Loading model on CPU
[TorchScriptPredictor Layer 20] Assuming prefill_dist, prev_expert_onehot, and prev_layers_feat support (v3 API).
[TorchScriptPredictor Layer 20] prefill_dist support: yes, prev_expert_onehot support: yes, prev_layers_feat support: yes
[TorchScriptPredictor Layer 20] Loaded model: /home/michael/heteroPredict/trainingData/qwen3_30b/transformer_final_pfill_markov_emb/transformer_eh4_h64_f2/layer_20/best_jit.pt
[ThreadedTorchScriptPredictor Layer 21] Detected history_length=4 from /home/michael/heteroPredict/trainingData/qwen3_30b/transformer_final_pfill_markov_emb/transformer_eh4_h64_f2/layer_21/best.json
[TorchScriptPredictor Layer 21] Loading model on CPU
[TorchScriptPredictor Layer 21] Assuming prefill_dist, prev_expert_onehot, and prev_layers_feat support (v3 API).
[TorchScriptPredictor Layer 21] prefill_dist support: yes, prev_expert_onehot support: yes, prev_layers_feat support: yes
[TorchScriptPredictor Layer 21] Loaded model: /home/michael/heteroPredict/trainingData/qwen3_30b/transformer_final_pfill_markov_emb/transformer_eh4_h64_f2/layer_21/best_jit.pt
[ThreadedTorchScriptPredictor Layer 22] Detected history_length=4 from /home/michael/heteroPredict/trainingData/qwen3_30b/transformer_final_pfill_markov_emb/transformer_eh4_h64_f2/layer_22/best.json
[TorchScriptPredictor Layer 22] Loading model on CPU
[TorchScriptPredictor Layer 22] Assuming prefill_dist, prev_expert_onehot, and prev_layers_feat support (v3 API).
[TorchScriptPredictor Layer 22] prefill_dist support: yes, prev_expert_onehot support: yes, prev_layers_feat support: yes
[TorchScriptPredictor Layer 22] Loaded model: /home/michael/heteroPredict/trainingData/qwen3_30b/transformer_final_pfill_markov_emb/transformer_eh4_h64_f2/layer_22/best_jit.pt
[ThreadedTorchScriptPredictor Layer 23] Detected history_length=4 from /home/michael/heteroPredict/trainingData/qwen3_30b/transformer_final_pfill_markov_emb/transformer_eh4_h64_f2/layer_23/best.json
[TorchScriptPredictor Layer 23] Loading model on CPU
[TorchScriptPredictor Layer 23] Assuming prefill_dist, prev_expert_onehot, and prev_layers_feat support (v3 API).
[TorchScriptPredictor Layer 23] prefill_dist support: yes, prev_expert_onehot support: yes, prev_layers_feat support: yes
[TorchScriptPredictor Layer 23] Loaded model: /home/michael/heteroPredict/trainingData/qwen3_30b/transformer_final_pfill_markov_emb/transformer_eh4_h64_f2/layer_23/best_jit.pt
[ThreadedTorchScriptPredictor Layer 24] Detected history_length=4 from /home/michael/heteroPredict/trainingData/qwen3_30b/transformer_final_pfill_markov_emb/transformer_eh4_h64_f2/layer_24/best.json
[TorchScriptPredictor Layer 24] Loading model on CPU
[TorchScriptPredictor Layer 24] Assuming prefill_dist, prev_expert_onehot, and prev_layers_feat support (v3 API).
[TorchScriptPredictor Layer 24] prefill_dist support: yes, prev_expert_onehot support: yes, prev_layers_feat support: yes
[TorchScriptPredictor Layer 24] Loaded model: /home/michael/heteroPredict/trainingData/qwen3_30b/transformer_final_pfill_markov_emb/transformer_eh4_h64_f2/layer_24/best_jit.pt
[ThreadedTorchScriptPredictor Layer 25] Detected history_length=4 from /home/michael/heteroPredict/trainingData/qwen3_30b/transformer_final_pfill_markov_emb/transformer_eh4_h64_f2/layer_25/best.json
[TorchScriptPredictor Layer 25] Loading model on CPU
[TorchScriptPredictor Layer 25] Assuming prefill_dist, prev_expert_onehot, and prev_layers_feat support (v3 API).
[TorchScriptPredictor Layer 25] prefill_dist support: yes, prev_expert_onehot support: yes, prev_layers_feat support: yes
[TorchScriptPredictor Layer 25] Loaded model: /home/michael/heteroPredict/trainingData/qwen3_30b/transformer_final_pfill_markov_emb/transformer_eh4_h64_f2/layer_25/best_jit.pt
[ThreadedTorchScriptPredictor Layer 26] Detected history_length=4 from /home/michael/heteroPredict/trainingData/qwen3_30b/transformer_final_pfill_markov_emb/transformer_eh4_h64_f2/layer_26/best.json
[TorchScriptPredictor Layer 26] Loading model on CPU
[TorchScriptPredictor Layer 26] Assuming prefill_dist, prev_expert_onehot, and prev_layers_feat support (v3 API).
[TorchScriptPredictor Layer 26] prefill_dist support: yes, prev_expert_onehot support: yes, prev_layers_feat support: yes
[TorchScriptPredictor Layer 26] Loaded model: /home/michael/heteroPredict/trainingData/qwen3_30b/transformer_final_pfill_markov_emb/transformer_eh4_h64_f2/layer_26/best_jit.pt
[ThreadedTorchScriptPredictor Layer 27] Detected history_length=4 from /home/michael/heteroPredict/trainingData/qwen3_30b/transformer_final_pfill_markov_emb/transformer_eh4_h64_f2/layer_27/best.json
[TorchScriptPredictor Layer 27] Loading model on CPU
[TorchScriptPredictor Layer 27] Assuming prefill_dist, prev_expert_onehot, and prev_layers_feat support (v3 API).
[TorchScriptPredictor Layer 27] prefill_dist support: yes, prev_expert_onehot support: yes, prev_layers_feat support: yes
[TorchScriptPredictor Layer 27] Loaded model: /home/michael/heteroPredict/trainingData/qwen3_30b/transformer_final_pfill_markov_emb/transformer_eh4_h64_f2/layer_27/best_jit.pt
[ThreadedTorchScriptPredictor Layer 28] Detected history_length=4 from /home/michael/heteroPredict/trainingData/qwen3_30b/transformer_final_pfill_markov_emb/transformer_eh4_h64_f2/layer_28/best.json
[TorchScriptPredictor Layer 28] Loading model on CPU
[TorchScriptPredictor Layer 28] Assuming prefill_dist, prev_expert_onehot, and prev_layers_feat support (v3 API).
[TorchScriptPredictor Layer 28] prefill_dist support: yes, prev_expert_onehot support: yes, prev_layers_feat support: yes
[TorchScriptPredictor Layer 28] Loaded model: /home/michael/heteroPredict/trainingData/qwen3_30b/transformer_final_pfill_markov_emb/transformer_eh4_h64_f2/layer_28/best_jit.pt
[ThreadedTorchScriptPredictor Layer 29] Detected history_length=4 from /home/michael/heteroPredict/trainingData/qwen3_30b/transformer_final_pfill_markov_emb/transformer_eh4_h64_f2/layer_29/best.json
[TorchScriptPredictor Layer 29] Loading model on CPU
[TorchScriptPredictor Layer 29] Assuming prefill_dist, prev_expert_onehot, and prev_layers_feat support (v3 API).
[TorchScriptPredictor Layer 29] prefill_dist support: yes, prev_expert_onehot support: yes, prev_layers_feat support: yes
[TorchScriptPredictor Layer 29] Loaded model: /home/michael/heteroPredict/trainingData/qwen3_30b/transformer_final_pfill_markov_emb/transformer_eh4_h64_f2/layer_29/best_jit.pt
[ThreadedTorchScriptPredictor Layer 30] Detected history_length=4 from /home/michael/heteroPredict/trainingData/qwen3_30b/transformer_final_pfill_markov_emb/transformer_eh4_h64_f2/layer_30/best.json
[TorchScriptPredictor Layer 30] Loading model on CPU
[TorchScriptPredictor Layer 30] Assuming prefill_dist, prev_expert_onehot, and prev_layers_feat support (v3 API).
[TorchScriptPredictor Layer 30] prefill_dist support: yes, prev_expert_onehot support: yes, prev_layers_feat support: yes
[TorchScriptPredictor Layer 30] Loaded model: /home/michael/heteroPredict/trainingData/qwen3_30b/transformer_final_pfill_markov_emb/transformer_eh4_h64_f2/layer_30/best_jit.pt
[ThreadedTorchScriptPredictor Layer 31] Detected history_length=4 from /home/michael/heteroPredict/trainingData/qwen3_30b/transformer_final_pfill_markov_emb/transformer_eh4_h64_f2/layer_31/best.json
[TorchScriptPredictor Layer 31] Loading model on CPU
[TorchScriptPredictor Layer 31] Assuming prefill_dist, prev_expert_onehot, and prev_layers_feat support (v3 API).
[TorchScriptPredictor Layer 31] prefill_dist support: yes, prev_expert_onehot support: yes, prev_layers_feat support: yes
[TorchScriptPredictor Layer 31] Loaded model: /home/michael/heteroPredict/trainingData/qwen3_30b/transformer_final_pfill_markov_emb/transformer_eh4_h64_f2/layer_31/best_jit.pt
[ThreadedTorchScriptPredictor Layer 32] Detected history_length=4 from /home/michael/heteroPredict/trainingData/qwen3_30b/transformer_final_pfill_markov_emb/transformer_eh4_h64_f2/layer_32/best.json
[TorchScriptPredictor Layer 32] Loading model on CPU
[TorchScriptPredictor Layer 32] Assuming prefill_dist, prev_expert_onehot, and prev_layers_feat support (v3 API).
[TorchScriptPredictor Layer 32] prefill_dist support: yes, prev_expert_onehot support: yes, prev_layers_feat support: yes
[TorchScriptPredictor Layer 32] Loaded model: /home/michael/heteroPredict/trainingData/qwen3_30b/transformer_final_pfill_markov_emb/transformer_eh4_h64_f2/layer_32/best_jit.pt
[ThreadedTorchScriptPredictor Layer 33] Detected history_length=4 from /home/michael/heteroPredict/trainingData/qwen3_30b/transformer_final_pfill_markov_emb/transformer_eh4_h64_f2/layer_33/best.json
[TorchScriptPredictor Layer 33] Loading model on CPU
[TorchScriptPredictor Layer 33] Assuming prefill_dist, prev_expert_onehot, and prev_layers_feat support (v3 API).
[TorchScriptPredictor Layer 33] prefill_dist support: yes, prev_expert_onehot support: yes, prev_layers_feat support: yes
[TorchScriptPredictor Layer 33] Loaded model: /home/michael/heteroPredict/trainingData/qwen3_30b/transformer_final_pfill_markov_emb/transformer_eh4_h64_f2/layer_33/best_jit.pt
[ThreadedTorchScriptPredictor Layer 34] Detected history_length=4 from /home/michael/heteroPredict/trainingData/qwen3_30b/transformer_final_pfill_markov_emb/transformer_eh4_h64_f2/layer_34/best.json
[TorchScriptPredictor Layer 34] Loading model on CPU
[TorchScriptPredictor Layer 34] Assuming prefill_dist, prev_expert_onehot, and prev_layers_feat support (v3 API).
[TorchScriptPredictor Layer 34] prefill_dist support: yes, prev_expert_onehot support: yes, prev_layers_feat support: yes
[TorchScriptPredictor Layer 34] Loaded model: /home/michael/heteroPredict/trainingData/qwen3_30b/transformer_final_pfill_markov_emb/transformer_eh4_h64_f2/layer_34/best_jit.pt
[ThreadedTorchScriptPredictor Layer 35] Detected history_length=4 from /home/michael/heteroPredict/trainingData/qwen3_30b/transformer_final_pfill_markov_emb/transformer_eh4_h64_f2/layer_35/best.json
[TorchScriptPredictor Layer 35] Loading model on CPU
[TorchScriptPredictor Layer 35] Assuming prefill_dist, prev_expert_onehot, and prev_layers_feat support (v3 API).
[TorchScriptPredictor Layer 35] prefill_dist support: yes, prev_expert_onehot support: yes, prev_layers_feat support: yes
[TorchScriptPredictor Layer 35] Loaded model: /home/michael/heteroPredict/trainingData/qwen3_30b/transformer_final_pfill_markov_emb/transformer_eh4_h64_f2/layer_35/best_jit.pt
[ThreadedTorchScriptPredictor Layer 36] Detected history_length=4 from /home/michael/heteroPredict/trainingData/qwen3_30b/transformer_final_pfill_markov_emb/transformer_eh4_h64_f2/layer_36/best.json
[TorchScriptPredictor Layer 36] Loading model on CPU
[TorchScriptPredictor Layer 36] Assuming prefill_dist, prev_expert_onehot, and prev_layers_feat support (v3 API).
[TorchScriptPredictor Layer 36] prefill_dist support: yes, prev_expert_onehot support: yes, prev_layers_feat support: yes
[TorchScriptPredictor Layer 36] Loaded model: /home/michael/heteroPredict/trainingData/qwen3_30b/transformer_final_pfill_markov_emb/transformer_eh4_h64_f2/layer_36/best_jit.pt
[ThreadedTorchScriptPredictor Layer 37] Detected history_length=4 from /home/michael/heteroPredict/trainingData/qwen3_30b/transformer_final_pfill_markov_emb/transformer_eh4_h64_f2/layer_37/best.json
[TorchScriptPredictor Layer 37] Loading model on CPU
[TorchScriptPredictor Layer 37] Assuming prefill_dist, prev_expert_onehot, and prev_layers_feat support (v3 API).
[TorchScriptPredictor Layer 37] prefill_dist support: yes, prev_expert_onehot support: yes, prev_layers_feat support: yes
[TorchScriptPredictor Layer 37] Loaded model: /home/michael/heteroPredict/trainingData/qwen3_30b/transformer_final_pfill_markov_emb/transformer_eh4_h64_f2/layer_37/best_jit.pt
[ThreadedTorchScriptPredictor Layer 38] Detected history_length=4 from /home/michael/heteroPredict/trainingData/qwen3_30b/transformer_final_pfill_markov_emb/transformer_eh4_h64_f2/layer_38/best.json
[TorchScriptPredictor Layer 38] Loading model on CPU
[TorchScriptPredictor Layer 38] Assuming prefill_dist, prev_expert_onehot, and prev_layers_feat support (v3 API).
[TorchScriptPredictor Layer 38] prefill_dist support: yes, prev_expert_onehot support: yes, prev_layers_feat support: yes
[TorchScriptPredictor Layer 38] Loaded model: /home/michael/heteroPredict/trainingData/qwen3_30b/transformer_final_pfill_markov_emb/transformer_eh4_h64_f2/layer_38/best_jit.pt
[ThreadedTorchScriptPredictor Layer 39] Detected history_length=4 from /home/michael/heteroPredict/trainingData/qwen3_30b/transformer_final_pfill_markov_emb/transformer_eh4_h64_f2/layer_39/best.json
[TorchScriptPredictor Layer 39] Loading model on CPU
[TorchScriptPredictor Layer 39] Assuming prefill_dist, prev_expert_onehot, and prev_layers_feat support (v3 API).
[TorchScriptPredictor Layer 39] prefill_dist support: yes, prev_expert_onehot support: yes, prev_layers_feat support: yes
[TorchScriptPredictor Layer 39] Loaded model: /home/michael/heteroPredict/trainingData/qwen3_30b/transformer_final_pfill_markov_emb/transformer_eh4_h64_f2/layer_39/best_jit.pt
[ThreadedTorchScriptPredictor Layer 40] Detected history_length=4 from /home/michael/heteroPredict/trainingData/qwen3_30b/transformer_final_pfill_markov_emb/transformer_eh4_h64_f2/layer_40/best.json
[TorchScriptPredictor Layer 40] Loading model on CPU
[TorchScriptPredictor Layer 40] Assuming prefill_dist, prev_expert_onehot, and prev_layers_feat support (v3 API).
[TorchScriptPredictor Layer 40] prefill_dist support: yes, prev_expert_onehot support: yes, prev_layers_feat support: yes
[TorchScriptPredictor Layer 40] Loaded model: /home/michael/heteroPredict/trainingData/qwen3_30b/transformer_final_pfill_markov_emb/transformer_eh4_h64_f2/layer_40/best_jit.pt
[ThreadedTorchScriptPredictor Layer 41] Detected history_length=4 from /home/michael/heteroPredict/trainingData/qwen3_30b/transformer_final_pfill_markov_emb/transformer_eh4_h64_f2/layer_41/best.json
[TorchScriptPredictor Layer 41] Loading model on CPU
[TorchScriptPredictor Layer 41] Assuming prefill_dist, prev_expert_onehot, and prev_layers_feat support (v3 API).
[TorchScriptPredictor Layer 41] prefill_dist support: yes, prev_expert_onehot support: yes, prev_layers_feat support: yes
[TorchScriptPredictor Layer 41] Loaded model: /home/michael/heteroPredict/trainingData/qwen3_30b/transformer_final_pfill_markov_emb/transformer_eh4_h64_f2/layer_41/best_jit.pt
[ThreadedTorchScriptPredictor Layer 42] Detected history_length=4 from /home/michael/heteroPredict/trainingData/qwen3_30b/transformer_final_pfill_markov_emb/transformer_eh4_h64_f2/layer_42/best.json
[TorchScriptPredictor Layer 42] Loading model on CPU
[TorchScriptPredictor Layer 42] Assuming prefill_dist, prev_expert_onehot, and prev_layers_feat support (v3 API).
[TorchScriptPredictor Layer 42] prefill_dist support: yes, prev_expert_onehot support: yes, prev_layers_feat support: yes
[TorchScriptPredictor Layer 42] Loaded model: /home/michael/heteroPredict/trainingData/qwen3_30b/transformer_final_pfill_markov_emb/transformer_eh4_h64_f2/layer_42/best_jit.pt
[ThreadedTorchScriptPredictor Layer 43] Detected history_length=4 from /home/michael/heteroPredict/trainingData/qwen3_30b/transformer_final_pfill_markov_emb/transformer_eh4_h64_f2/layer_43/best.json
[TorchScriptPredictor Layer 43] Loading model on CPU
[TorchScriptPredictor Layer 43] Assuming prefill_dist, prev_expert_onehot, and prev_layers_feat support (v3 API).
[TorchScriptPredictor Layer 43] prefill_dist support: yes, prev_expert_onehot support: yes, prev_layers_feat support: yes
[TorchScriptPredictor Layer 43] Loaded model: /home/michael/heteroPredict/trainingData/qwen3_30b/transformer_final_pfill_markov_emb/transformer_eh4_h64_f2/layer_43/best_jit.pt
[ThreadedTorchScriptPredictor Layer 44] Detected history_length=4 from /home/michael/heteroPredict/trainingData/qwen3_30b/transformer_final_pfill_markov_emb/transformer_eh4_h64_f2/layer_44/best.json
[TorchScriptPredictor Layer 44] Loading model on CPU
[TorchScriptPredictor Layer 44] Assuming prefill_dist, prev_expert_onehot, and prev_layers_feat support (v3 API).
[TorchScriptPredictor Layer 44] prefill_dist support: yes, prev_expert_onehot support: yes, prev_layers_feat support: yes
[TorchScriptPredictor Layer 44] Loaded model: /home/michael/heteroPredict/trainingData/qwen3_30b/transformer_final_pfill_markov_emb/transformer_eh4_h64_f2/layer_44/best_jit.pt
[ThreadedTorchScriptPredictor Layer 45] Detected history_length=4 from /home/michael/heteroPredict/trainingData/qwen3_30b/transformer_final_pfill_markov_emb/transformer_eh4_h64_f2/layer_45/best.json
[TorchScriptPredictor Layer 45] Loading model on CPU
[TorchScriptPredictor Layer 45] Assuming prefill_dist, prev_expert_onehot, and prev_layers_feat support (v3 API).
[TorchScriptPredictor Layer 45] prefill_dist support: yes, prev_expert_onehot support: yes, prev_layers_feat support: yes
[TorchScriptPredictor Layer 45] Loaded model: /home/michael/heteroPredict/trainingData/qwen3_30b/transformer_final_pfill_markov_emb/transformer_eh4_h64_f2/layer_45/best_jit.pt
[ThreadedTorchScriptPredictor Layer 46] Detected history_length=4 from /home/michael/heteroPredict/trainingData/qwen3_30b/transformer_final_pfill_markov_emb/transformer_eh4_h64_f2/layer_46/best.json
[TorchScriptPredictor Layer 46] Loading model on CPU
[TorchScriptPredictor Layer 46] Assuming prefill_dist, prev_expert_onehot, and prev_layers_feat support (v3 API).
[TorchScriptPredictor Layer 46] prefill_dist support: yes, prev_expert_onehot support: yes, prev_layers_feat support: yes
[TorchScriptPredictor Layer 46] Loaded model: /home/michael/heteroPredict/trainingData/qwen3_30b/transformer_final_pfill_markov_emb/transformer_eh4_h64_f2/layer_46/best_jit.pt
[ThreadedTorchScriptPredictor Layer 47] Detected history_length=4 from /home/michael/heteroPredict/trainingData/qwen3_30b/transformer_final_pfill_markov_emb/transformer_eh4_h64_f2/layer_47/best.json
[TorchScriptPredictor Layer 47] Loading model on CPU
[TorchScriptPredictor Layer 47] Assuming prefill_dist, prev_expert_onehot, and prev_layers_feat support (v3 API).
[TorchScriptPredictor Layer 47] prefill_dist support: yes, prev_expert_onehot support: yes, prev_layers_feat support: yes
[TorchScriptPredictor Layer 47] Loaded model: /home/michael/heteroPredict/trainingData/qwen3_30b/transformer_final_pfill_markov_emb/transformer_eh4_h64_f2/layer_47/best_jit.pt
UnifiedLLMW4A16 moved to device: cuda:0
Preloading MoE kernels...
MoE kernels preloaded.
UnifiedLLMW4A16 initialized on device: cuda:0 with w4a16 quantization
[Predictor] Lookahead stride set to 2 (predictor fires every 2 decode tokens)
Loading non-quantized weights from safetensors (mmap): /home/michael/heteroPredict/py/unified_llm_w4a16/model_weights/Qwen3-30B-A3B-AWQ.safetensors
Loaded 243 non-quantized parameters, skipped 0
Loading quantized weights from bins: /home/michael/heteroPredict/py/unified_llm_w4a16/model_weights/Qwen3-30B-A3B-AWQ_unpacked
  Expert weights dir override: /home/michael/heteroPredict/py/unified_llm_w4a16/model_weights/Qwen3-30B-A3B-AWQ_packed
Pre-warming 32 experts for all layers...
Layer 0: Pre-warming 32 experts.
Layer 0: using packed expert format.
[MoE I/O] Expert weight reads require O_DIRECT (no buffered fallback).
Layer 1: Pre-warming 32 experts.
Layer 1: using packed expert format.
Layer 2: Pre-warming 32 experts.
Layer 2: using packed expert format.
Layer 3: Pre-warming 32 experts.
Layer 3: using packed expert format.
Prewarmed experts for layer 4/48
Layer 4: Pre-warming 32 experts.
Layer 4: using packed expert format.
Layer 5: Pre-warming 32 experts.
Layer 5: using packed expert format.
Layer 6: Pre-warming 32 experts.
Layer 6: using packed expert format.
Layer 7: Pre-warming 32 experts.
Layer 7: using packed expert format.
Prewarmed experts for layer 8/48
Layer 8: Pre-warming 32 experts.
Layer 8: using packed expert format.
Layer 9: Pre-warming 32 experts.
Layer 9: using packed expert format.
Layer 10: Pre-warming 32 experts.
Layer 10: using packed expert format.
Layer 11: Pre-warming 32 experts.
Layer 11: using packed expert format.
Prewarmed experts for layer 12/48
Layer 12: Pre-warming 32 experts.
Layer 12: using packed expert format.
Layer 13: Pre-warming 32 experts.
Layer 13: using packed expert format.
Layer 14: Pre-warming 32 experts.
Layer 14: using packed expert format.
Layer 15: Pre-warming 32 experts.
Layer 15: using packed expert format.
Prewarmed experts for layer 16/48
Layer 16: Pre-warming 32 experts.
Layer 16: using packed expert format.
Layer 17: Pre-warming 32 experts.
Layer 17: using packed expert format.
Layer 18: Pre-warming 32 experts.
Layer 18: using packed expert format.
Layer 19: Pre-warming 32 experts.
Layer 19: using packed expert format.
Prewarmed experts for layer 20/48
Layer 20: Pre-warming 32 experts.
Layer 20: using packed expert format.
Layer 21: Pre-warming 32 experts.
Layer 21: using packed expert format.
Layer 22: Pre-warming 32 experts.
Layer 22: using packed expert format.
Layer 23: Pre-warming 32 experts.
Layer 23: using packed expert format.
Prewarmed experts for layer 24/48
Layer 24: Pre-warming 32 experts.
Layer 24: using packed expert format.
Layer 25: Pre-warming 32 experts.
Layer 25: using packed expert format.
Layer 26: Pre-warming 32 experts.
Layer 26: using packed expert format.
Layer 27: Pre-warming 32 experts.
Layer 27: using packed expert format.
Prewarmed experts for layer 28/48
Layer 28: Pre-warming 32 experts.
Layer 28: using packed expert format.
Layer 29: Pre-warming 32 experts.
Layer 29: using packed expert format.
Layer 30: Pre-warming 32 experts.
Layer 30: using packed expert format.
Layer 31: Pre-warming 32 experts.
Layer 31: using packed expert format.
Prewarmed experts for layer 32/48
Layer 32: Pre-warming 32 experts.
Layer 32: using packed expert format.
Layer 33: Pre-warming 32 experts.
Layer 33: using packed expert format.
Layer 34: Pre-warming 32 experts.
Layer 34: using packed expert format.
Layer 35: Pre-warming 32 experts.
Layer 35: using packed expert format.
Prewarmed experts for layer 36/48
Layer 36: Pre-warming 32 experts.
Layer 36: using packed expert format.
Layer 37: Pre-warming 32 experts.
Layer 37: using packed expert format.
Layer 38: Pre-warming 32 experts.
Layer 38: using packed expert format.
Layer 39: Pre-warming 32 experts.
Layer 39: using packed expert format.
Prewarmed experts for layer 40/48
Layer 40: Pre-warming 32 experts.
Layer 40: using packed expert format.
Layer 41: Pre-warming 32 experts.
Layer 41: using packed expert format.
Layer 42: Pre-warming 32 experts.
Layer 42: using packed expert format.
Layer 43: Pre-warming 32 experts.
Layer 43: using packed expert format.
Prewarmed experts for layer 44/48
Layer 44: Pre-warming 32 experts.
Layer 44: using packed expert format.
Layer 45: Pre-warming 32 experts.
Layer 45: using packed expert format.
Layer 46: Pre-warming 32 experts.
Layer 46: using packed expert format.
Layer 47: Pre-warming 32 experts.
Layer 47: using packed expert format.
Prewarmed experts for layer 48/48
Libtorch input_ids shape: [1, 512]
Skipping warmup.
Prefill time: 19.277 seconds
[Predictor] Prefill-end expert cache warmup (excluded from generation TPS).
[Layer 0 Warmup Debug] predict_sync returned: 28 91 72 100 65 64 98 122 40 87 105 33 73 46 75 43 110 82 51 68 112 124 86 13 34 6 118 26 23 77 30 41 102 17 67 21 101 0 125 47 44 7 50 79 31 63 120 107 80 19 119 11 69 66 81 111 126 83 95 70 37 45 89 2 4 12 29 116 78 14 103 92 123 3 109 76 90 18 24 53 38 62 117 97 113 114 93 84 85 88 57 99 58 42 71 59 1 106 56 121 27 49 22 36 96 54 8 25 104 39 35 55 108 9 5 52 74 15 48 10 115 94 20 127 16 60 61 32 
[Layer 0 Warmup Debug] experts_to_prefetch returned: 28 91 72 100 65 64 98 122 
[Layer 0 Warmup Debug] After prefill-end warmup, slots are: 100 65 64 103 104 105 106 107 108 109 110 111 112 113 114 115 116 117 118 119 120 121 122 123 124 125 126 127 28 91 98 72 
Generation phase
[Layer 0 Step 0 Debug] Slots before check: 100 65 64 103 104 105 106 107 108 109 110 111 112 113 114 115 116 117 118 119 120 121 122 123 124 125 126 127 28 91 98 72 
[Layer 0 Step 0 Debug] Requested: 119 34 28 7 51 110 46 72 
[gen 5/79] elapsed=1.7s  TPS=3.002
[gen 10/79] elapsed=2.9s  TPS=3.442
[gen 15/79] elapsed=3.9s  TPS=3.882
[gen 20/79] elapsed=4.9s  TPS=4.122
[gen 25/79] elapsed=5.8s  TPS=4.298
[gen 30/79] elapsed=6.5s  TPS=4.582
[gen 35/79] elapsed=7.5s  TPS=4.680
[gen 40/79] elapsed=8.3s  TPS=4.831
[gen 45/79] elapsed=9.1s  TPS=4.941
[gen 50/79] elapsed=9.9s  TPS=5.058
[gen 55/79] elapsed=10.8s  TPS=5.076
[gen 60/79] elapsed=11.7s  TPS=5.124
[gen 65/79] elapsed=13.2s  TPS=4.934
[gen 70/79] elapsed=14.1s  TPS=4.966
[gen 75/79] elapsed=15.1s  TPS=4.981
Prefill time (summary): 19.277 seconds
Total Generation Time: 15.787 seconds
Average Time per Token: 0.199841 seconds

Expert Cache Statistics:
Layer 0 Cache Stats: Hits=378, Misses=254, HitRate=59.81%
    Predictor Routed-Expert HitRate=35.90% (14/39, routed_n=1, horizon=2)
    Predictor RoutedForcedN HitRate=35.90% (14/39)
    Predictor RoutedTopK HitRate=25.00% (78/312)
    Predicted RequestedByRouterForcedN Rate=4.49% (14/312)
    Predicted RequestedByRouterTopK Rate=25.00% (78/312)
    Predictor WindowRecall Rate=33.06% (198/599)
    Predictor WindowPrecision Rate=63.46% (198/312)
    Loads Per Step: 0Loads=1, 1Load=13, >1Load=65
    Bandwidth: StallLoads=254, PrefetchLoads=146, AvgLoadTime=2.57ms
    PrefetchOverlap: HiddenReady=88, HiddenWait=0, TicksSkipped=0
    MissCause: NotPresent=254, NotReadyStall=0
    PrefetchEff: Dropped=0, AlreadyCached=174, UsedBeforeEvict=88, EvictedBeforeUse=52
    GlobalSpecLoad: PeakConcurrent=7
    Predictor TopK matches: 0=25 1=14 >=2=0
Layer 1 Cache Stats: Hits=463, Misses=169, HitRate=73.26%
    Predictor Routed-Expert HitRate=53.85% (21/39, routed_n=1, horizon=2)
    Predictor RoutedForcedN HitRate=53.85% (21/39)
    Predictor RoutedTopK HitRate=39.74% (124/312)
    Predicted RequestedByRouterForcedN Rate=6.73% (21/312)
    Predicted RequestedByRouterTopK Rate=39.74% (124/312)
    Predictor WindowRecall Rate=41.79% (219/524)
    Predictor WindowPrecision Rate=70.19% (219/312)
    Loads Per Step: 0Loads=9, 1Load=19, >1Load=51
    Bandwidth: StallLoads=169, PrefetchLoads=94, AvgLoadTime=3.21ms
    PrefetchOverlap: HiddenReady=63, HiddenWait=0, TicksSkipped=0
    MissCause: NotPresent=169, NotReadyStall=0
    PrefetchEff: Dropped=0, AlreadyCached=226, UsedBeforeEvict=63, EvictedBeforeUse=24
    Predictor TopK matches: 0=18 1=21 >=2=0
Layer 2 Cache Stats: Hits=488, Misses=144, HitRate=77.22%
    Predictor Routed-Expert HitRate=56.41% (22/39, routed_n=1, horizon=2)
    Predictor RoutedForcedN HitRate=56.41% (22/39)
    Predictor RoutedTopK HitRate=45.51% (142/312)
    Predicted RequestedByRouterForcedN Rate=7.05% (22/312)
    Predicted RequestedByRouterTopK Rate=45.51% (142/312)
    Predictor WindowRecall Rate=43.10% (228/529)
    Predictor WindowPrecision Rate=73.08% (228/312)
    Loads Per Step: 0Loads=15, 1Load=22, >1Load=42
    Bandwidth: StallLoads=144, PrefetchLoads=57, AvgLoadTime=3.97ms
    PrefetchOverlap: HiddenReady=43, HiddenWait=0, TicksSkipped=0
    MissCause: NotPresent=144, NotReadyStall=0
    PrefetchEff: Dropped=0, AlreadyCached=263, UsedBeforeEvict=43, EvictedBeforeUse=13
    Predictor TopK matches: 0=17 1=22 >=2=0
Layer 3 Cache Stats: Hits=486, Misses=146, HitRate=76.90%
    Predictor Routed-Expert HitRate=58.97% (23/39, routed_n=1, horizon=2)
    Predictor RoutedForcedN HitRate=58.97% (23/39)
    Predictor RoutedTopK HitRate=44.23% (138/312)
    Predicted RequestedByRouterForcedN Rate=7.37% (23/312)
    Predicted RequestedByRouterTopK Rate=44.23% (138/312)
    Predictor WindowRecall Rate=44.47% (229/515)
    Predictor WindowPrecision Rate=73.40% (229/312)
    Loads Per Step: 0Loads=9, 1Load=23, >1Load=47
    Bandwidth: StallLoads=146, PrefetchLoads=79, AvgLoadTime=3.13ms
    PrefetchOverlap: HiddenReady=61, HiddenWait=0, TicksSkipped=0
    MissCause: NotPresent=146, NotReadyStall=0
    PrefetchEff: Dropped=0, AlreadyCached=241, UsedBeforeEvict=61, EvictedBeforeUse=16
    Predictor TopK matches: 0=16 1=23 >=2=0
Layer 4 Cache Stats: Hits=527, Misses=105, HitRate=83.39%
    Predictor Routed-Expert HitRate=56.41% (22/39, routed_n=1, horizon=2)
    Predictor RoutedForcedN HitRate=56.41% (22/39)
    Predictor RoutedTopK HitRate=42.95% (134/312)
    Predicted RequestedByRouterForcedN Rate=7.05% (22/312)
    Predicted RequestedByRouterTopK Rate=42.95% (134/312)
    Predictor WindowRecall Rate=46.46% (230/495)
    Predictor WindowPrecision Rate=73.72% (230/312)
    Loads Per Step: 0Loads=18, 1Load=36, >1Load=25
    Bandwidth: StallLoads=105, PrefetchLoads=42, AvgLoadTime=3.65ms
    PrefetchOverlap: HiddenReady=27, HiddenWait=0, TicksSkipped=0
    MissCause: NotPresent=105, NotReadyStall=0
    PrefetchEff: Dropped=0, AlreadyCached=278, UsedBeforeEvict=27, EvictedBeforeUse=10
    Predictor TopK matches: 0=17 1=22 >=2=0
Layer 5 Cache Stats: Hits=533, Misses=99, HitRate=84.34%
    Predictor Routed-Expert HitRate=56.41% (22/39, routed_n=1, horizon=2)
    Predictor RoutedForcedN HitRate=56.41% (22/39)
    Predictor RoutedTopK HitRate=45.51% (142/312)
    Predicted RequestedByRouterForcedN Rate=7.05% (22/312)
    Predicted RequestedByRouterTopK Rate=45.51% (142/312)
    Predictor WindowRecall Rate=46.11% (231/501)
    Predictor WindowPrecision Rate=74.04% (231/312)
    Loads Per Step: 0Loads=23, 1Load=28, >1Load=28
    Bandwidth: StallLoads=99, PrefetchLoads=43, AvgLoadTime=3.67ms
    PrefetchOverlap: HiddenReady=30, HiddenWait=0, TicksSkipped=0
    MissCause: NotPresent=99, NotReadyStall=0
    PrefetchEff: Dropped=0, AlreadyCached=277, UsedBeforeEvict=30, EvictedBeforeUse=9
    Predictor TopK matches: 0=17 1=22 >=2=0
Layer 6 Cache Stats: Hits=593, Misses=39, HitRate=93.83%
    Predictor Routed-Expert HitRate=87.18% (34/39, routed_n=1, horizon=2)
    Predictor RoutedForcedN HitRate=87.18% (34/39)
    Predictor RoutedTopK HitRate=64.10% (200/312)
    Predicted RequestedByRouterForcedN Rate=10.90% (34/312)
    Predicted RequestedByRouterTopK Rate=64.10% (200/312)
    Predictor WindowRecall Rate=59.35% (257/433)
    Predictor WindowPrecision Rate=82.37% (257/312)
    Loads Per Step: 0Loads=49, 1Load=23, >1Load=7
    Bandwidth: StallLoads=39, PrefetchLoads=6, AvgLoadTime=3.89ms
    PrefetchOverlap: HiddenReady=4, HiddenWait=0, TicksSkipped=0
    MissCause: NotPresent=39, NotReadyStall=0
    PrefetchEff: Dropped=0, AlreadyCached=314, UsedBeforeEvict=4, EvictedBeforeUse=2
    Predictor TopK matches: 0=5 1=34 >=2=0
Layer 7 Cache Stats: Hits=603, Misses=29, HitRate=95.41%
    Predictor Routed-Expert HitRate=92.31% (36/39, routed_n=1, horizon=2)
    Predictor RoutedForcedN HitRate=92.31% (36/39)
    Predictor RoutedTopK HitRate=71.47% (223/312)
    Predicted RequestedByRouterForcedN Rate=11.54% (36/312)
    Predicted RequestedByRouterTopK Rate=71.47% (223/312)
    Predictor WindowRecall Rate=67.92% (271/399)
    Predictor WindowPrecision Rate=86.86% (271/312)
    Loads Per Step: 0Loads=57, 1Load=18, >1Load=4
    Bandwidth: StallLoads=29, PrefetchLoads=4, AvgLoadTime=3.86ms
    PrefetchOverlap: HiddenReady=4, HiddenWait=0, TicksSkipped=0
    MissCause: NotPresent=29, NotReadyStall=0
    PrefetchEff: Dropped=0, AlreadyCached=316, UsedBeforeEvict=4, EvictedBeforeUse=0
    Predictor TopK matches: 0=3 1=36 >=2=0
Layer 8 Cache Stats: Hits=557, Misses=75, HitRate=88.13%
    Predictor Routed-Expert HitRate=61.54% (24/39, routed_n=1, horizon=2)
    Predictor RoutedForcedN HitRate=61.54% (24/39)
    Predictor RoutedTopK HitRate=57.05% (178/312)
    Predicted RequestedByRouterForcedN Rate=7.69% (24/312)
    Predicted RequestedByRouterTopK Rate=57.05% (178/312)
    Predictor WindowRecall Rate=53.29% (243/456)
    Predictor WindowPrecision Rate=77.88% (243/312)
    Loads Per Step: 0Loads=31, 1Load=28, >1Load=20
    Bandwidth: StallLoads=75, PrefetchLoads=18, AvgLoadTime=3.39ms
    PrefetchOverlap: HiddenReady=13, HiddenWait=0, TicksSkipped=0
    MissCause: NotPresent=75, NotReadyStall=0
    PrefetchEff: Dropped=0, AlreadyCached=302, UsedBeforeEvict=13, EvictedBeforeUse=2
    Predictor TopK matches: 0=15 1=24 >=2=0
Layer 9 Cache Stats: Hits=577, Misses=55, HitRate=91.30%
    Predictor Routed-Expert HitRate=61.54% (24/39, routed_n=1, horizon=2)
    Predictor RoutedForcedN HitRate=61.54% (24/39)
    Predictor RoutedTopK HitRate=58.33% (182/312)
    Predicted RequestedByRouterForcedN Rate=7.69% (24/312)
    Predicted RequestedByRouterTopK Rate=58.33% (182/312)
    Predictor WindowRecall Rate=55.36% (253/457)
    Predictor WindowPrecision Rate=81.09% (253/312)
    Loads Per Step: 0Loads=43, 1Load=25, >1Load=11
    Bandwidth: StallLoads=55, PrefetchLoads=13, AvgLoadTime=3.33ms
    PrefetchOverlap: HiddenReady=9, HiddenWait=0, TicksSkipped=0
    MissCause: NotPresent=55, NotReadyStall=0
    PrefetchEff: Dropped=0, AlreadyCached=307, UsedBeforeEvict=9, EvictedBeforeUse=4
    Predictor TopK matches: 0=15 1=24 >=2=0
Layer 10 Cache Stats: Hits=573, Misses=59, HitRate=90.66%
    Predictor Routed-Expert HitRate=71.79% (28/39, routed_n=1, horizon=2)
    Predictor RoutedForcedN HitRate=71.79% (28/39)
    Predictor RoutedTopK HitRate=56.73% (177/312)
    Predicted RequestedByRouterForcedN Rate=8.97% (28/312)
    Predicted RequestedByRouterTopK Rate=56.73% (177/312)
    Predictor WindowRecall Rate=53.10% (231/435)
    Predictor WindowPrecision Rate=74.04% (231/312)
    Loads Per Step: 0Loads=38, 1Load=29, >1Load=12
    Bandwidth: StallLoads=59, PrefetchLoads=30, AvgLoadTime=3.64ms
    PrefetchOverlap: HiddenReady=15, HiddenWait=0, TicksSkipped=0
    MissCause: NotPresent=59, NotReadyStall=0
    PrefetchEff: Dropped=0, AlreadyCached=290, UsedBeforeEvict=15, EvictedBeforeUse=11
    Predictor TopK matches: 0=11 1=28 >=2=0
Layer 11 Cache Stats: Hits=534, Misses=98, HitRate=84.49%
    Predictor Routed-Expert HitRate=79.49% (31/39, routed_n=1, horizon=2)
    Predictor RoutedForcedN HitRate=79.49% (31/39)
    Predictor RoutedTopK HitRate=57.69% (180/312)
    Predicted RequestedByRouterForcedN Rate=9.94% (31/312)
    Predicted RequestedByRouterTopK Rate=57.69% (180/312)
    Predictor WindowRecall Rate=52.99% (248/468)
    Predictor WindowPrecision Rate=79.49% (248/312)
    Loads Per Step: 0Loads=26, 1Load=23, >1Load=30
    Bandwidth: StallLoads=98, PrefetchLoads=28, AvgLoadTime=3.16ms
    PrefetchOverlap: HiddenReady=17, HiddenWait=0, TicksSkipped=0
    MissCause: NotPresent=98, NotReadyStall=0
    PrefetchEff: Dropped=0, AlreadyCached=292, UsedBeforeEvict=17, EvictedBeforeUse=6
    Predictor TopK matches: 0=8 1=31 >=2=0
Layer 12 Cache Stats: Hits=555, Misses=77, HitRate=87.82%
    Predictor Routed-Expert HitRate=76.92% (30/39, routed_n=1, horizon=2)
    Predictor RoutedForcedN HitRate=76.92% (30/39)
    Predictor RoutedTopK HitRate=59.62% (186/312)
    Predicted RequestedByRouterForcedN Rate=9.62% (30/312)
    Predicted RequestedByRouterTopK Rate=59.62% (186/312)
    Predictor WindowRecall Rate=55.73% (248/445)
    Predictor WindowPrecision Rate=79.49% (248/312)
    Loads Per Step: 0Loads=27, 1Load=37, >1Load=15
    Bandwidth: StallLoads=77, PrefetchLoads=28, AvgLoadTime=4.09ms
    PrefetchOverlap: HiddenReady=16, HiddenWait=0, TicksSkipped=0
    MissCause: NotPresent=77, NotReadyStall=0
    PrefetchEff: Dropped=0, AlreadyCached=292, UsedBeforeEvict=16, EvictedBeforeUse=8
    Predictor TopK matches: 0=9 1=30 >=2=0
Layer 13 Cache Stats: Hits=527, Misses=105, HitRate=83.39%
    Predictor Routed-Expert HitRate=56.41% (22/39, routed_n=1, horizon=2)
    Predictor RoutedForcedN HitRate=56.41% (22/39)
    Predictor RoutedTopK HitRate=44.23% (138/312)
    Predicted RequestedByRouterForcedN Rate=7.05% (22/312)
    Predicted RequestedByRouterTopK Rate=44.23% (138/312)
    Predictor WindowRecall Rate=48.19% (239/496)
    Predictor WindowPrecision Rate=76.60% (239/312)
    Loads Per Step: 0Loads=27, 1Load=22, >1Load=30
    Bandwidth: StallLoads=105, PrefetchLoads=40, AvgLoadTime=3.14ms
    PrefetchOverlap: HiddenReady=28, HiddenWait=0, TicksSkipped=0
    MissCause: NotPresent=105, NotReadyStall=0
    PrefetchEff: Dropped=0, AlreadyCached=280, UsedBeforeEvict=28, EvictedBeforeUse=9
    Predictor TopK matches: 0=17 1=22 >=2=0
Layer 14 Cache Stats: Hits=591, Misses=41, HitRate=93.51%
    Predictor Routed-Expert HitRate=84.62% (33/39, routed_n=1, horizon=2)
    Predictor RoutedForcedN HitRate=84.62% (33/39)
    Predictor RoutedTopK HitRate=64.74% (202/312)
    Predicted RequestedByRouterForcedN Rate=10.58% (33/312)
    Predicted RequestedByRouterTopK Rate=64.74% (202/312)
    Predictor WindowRecall Rate=62.25% (277/445)
    Predictor WindowPrecision Rate=88.78% (277/312)
    Loads Per Step: 0Loads=48, 1Load=23, >1Load=8
    Bandwidth: StallLoads=41, PrefetchLoads=9, AvgLoadTime=3.60ms
    PrefetchOverlap: HiddenReady=7, HiddenWait=0, TicksSkipped=0
    MissCause: NotPresent=41, NotReadyStall=0
    PrefetchEff: Dropped=0, AlreadyCached=311, UsedBeforeEvict=7, EvictedBeforeUse=0
    Predictor TopK matches: 0=6 1=33 >=2=0
Layer 15 Cache Stats: Hits=591, Misses=41, HitRate=93.51%
    Predictor Routed-Expert HitRate=87.18% (34/39, routed_n=1, horizon=2)
    Predictor RoutedForcedN HitRate=87.18% (34/39)
    Predictor RoutedTopK HitRate=58.33% (182/312)
    Predicted RequestedByRouterForcedN Rate=10.90% (34/312)
    Predicted RequestedByRouterTopK Rate=58.33% (182/312)
    Predictor WindowRecall Rate=57.21% (250/437)
    Predictor WindowPrecision Rate=80.13% (250/312)
    Loads Per Step: 0Loads=47, 1Load=25, >1Load=7
    Bandwidth: StallLoads=41, PrefetchLoads=9, AvgLoadTime=3.71ms
    PrefetchOverlap: HiddenReady=5, HiddenWait=0, TicksSkipped=0
    MissCause: NotPresent=41, NotReadyStall=0
    PrefetchEff: Dropped=0, AlreadyCached=311, UsedBeforeEvict=5, EvictedBeforeUse=2
    Predictor TopK matches: 0=5 1=34 >=2=0
Layer 16 Cache Stats: Hits=565, Misses=67, HitRate=89.40%
    Predictor Routed-Expert HitRate=76.92% (30/39, routed_n=1, horizon=2)
    Predictor RoutedForcedN HitRate=76.92% (30/39)
    Predictor RoutedTopK HitRate=54.81% (171/312)
    Predicted RequestedByRouterForcedN Rate=9.62% (30/312)
    Predicted RequestedByRouterTopK Rate=54.81% (171/312)
    Predictor WindowRecall Rate=54.13% (249/460)
    Predictor WindowPrecision Rate=79.81% (249/312)
    Loads Per Step: 0Loads=34, 1Load=32, >1Load=13
    Bandwidth: StallLoads=67, PrefetchLoads=28, AvgLoadTime=3.78ms
    PrefetchOverlap: HiddenReady=17, HiddenWait=0, TicksSkipped=0
    MissCause: NotPresent=67, NotReadyStall=0
    PrefetchEff: Dropped=0, AlreadyCached=292, UsedBeforeEvict=17, EvictedBeforeUse=9
    Predictor TopK matches: 0=9 1=30 >=2=0
Layer 17 Cache Stats: Hits=541, Misses=91, HitRate=85.60%
    Predictor Routed-Expert HitRate=89.74% (35/39, routed_n=1, horizon=2)
    Predictor RoutedForcedN HitRate=89.74% (35/39)
    Predictor RoutedTopK HitRate=46.47% (145/312)
    Predicted RequestedByRouterForcedN Rate=11.22% (35/312)
    Predicted RequestedByRouterTopK Rate=46.47% (145/312)
    Predictor WindowRecall Rate=48.13% (232/482)
    Predictor WindowPrecision Rate=74.36% (232/312)
    Loads Per Step: 0Loads=27, 1Load=24, >1Load=28
    Bandwidth: StallLoads=91, PrefetchLoads=44, AvgLoadTime=3.18ms
    PrefetchOverlap: HiddenReady=35, HiddenWait=0, TicksSkipped=0
    MissCause: NotPresent=91, NotReadyStall=0
    PrefetchEff: Dropped=0, AlreadyCached=276, UsedBeforeEvict=35, EvictedBeforeUse=7
    Predictor TopK matches: 0=4 1=35 >=2=0
Layer 18 Cache Stats: Hits=604, Misses=28, HitRate=95.57%
    Predictor Routed-Expert HitRate=84.62% (33/39, routed_n=1, horizon=2)
    Predictor RoutedForcedN HitRate=84.62% (33/39)
    Predictor RoutedTopK HitRate=63.46% (198/312)
    Predicted RequestedByRouterForcedN Rate=10.58% (33/312)
    Predicted RequestedByRouterTopK Rate=63.46% (198/312)
    Predictor WindowRecall Rate=58.10% (244/420)
    Predictor WindowPrecision Rate=78.21% (244/312)
    Loads Per Step: 0Loads=56, 1Load=20, >1Load=3
    Bandwidth: StallLoads=28, PrefetchLoads=14, AvgLoadTime=4.10ms
    PrefetchOverlap: HiddenReady=8, HiddenWait=0, TicksSkipped=0
    MissCause: NotPresent=28, NotReadyStall=0
    PrefetchEff: Dropped=0, AlreadyCached=306, UsedBeforeEvict=8, EvictedBeforeUse=3
    Predictor TopK matches: 0=6 1=33 >=2=0
Layer 19 Cache Stats: Hits=608, Misses=24, HitRate=96.20%
    Predictor Routed-Expert HitRate=84.62% (33/39, routed_n=1, horizon=2)
    Predictor RoutedForcedN HitRate=84.62% (33/39)
    Predictor RoutedTopK HitRate=74.04% (231/312)
    Predicted RequestedByRouterForcedN Rate=10.58% (33/312)
    Predicted RequestedByRouterTopK Rate=74.04% (231/312)
    Predictor WindowRecall Rate=67.36% (260/386)
    Predictor WindowPrecision Rate=83.33% (260/312)
    Loads Per Step: 0Loads=61, 1Load=15, >1Load=3
    Bandwidth: StallLoads=24, PrefetchLoads=7, AvgLoadTime=3.93ms
    PrefetchOverlap: HiddenReady=4, HiddenWait=0, TicksSkipped=0
    MissCause: NotPresent=24, NotReadyStall=0
    PrefetchEff: Dropped=0, AlreadyCached=313, UsedBeforeEvict=4, EvictedBeforeUse=1
    Predictor TopK matches: 0=6 1=33 >=2=0
Layer 20 Cache Stats: Hits=578, Misses=54, HitRate=91.46%
    Predictor Routed-Expert HitRate=74.36% (29/39, routed_n=1, horizon=2)
    Predictor RoutedForcedN HitRate=74.36% (29/39)
    Predictor RoutedTopK HitRate=59.29% (185/312)
    Predicted RequestedByRouterForcedN Rate=9.29% (29/312)
    Predicted RequestedByRouterTopK Rate=59.29% (185/312)
    Predictor WindowRecall Rate=56.81% (246/433)
    Predictor WindowPrecision Rate=78.85% (246/312)
    Loads Per Step: 0Loads=39, 1Load=33, >1Load=7
    Bandwidth: StallLoads=54, PrefetchLoads=18, AvgLoadTime=3.79ms
    PrefetchOverlap: HiddenReady=11, HiddenWait=0, TicksSkipped=0
    MissCause: NotPresent=54, NotReadyStall=0
    PrefetchEff: Dropped=0, AlreadyCached=302, UsedBeforeEvict=11, EvictedBeforeUse=6
    Predictor TopK matches: 0=10 1=29 >=2=0
Layer 21 Cache Stats: Hits=579, Misses=53, HitRate=91.61%
    Predictor Routed-Expert HitRate=64.10% (25/39, routed_n=1, horizon=2)
    Predictor RoutedForcedN HitRate=64.10% (25/39)
    Predictor RoutedTopK HitRate=60.90% (190/312)
    Predicted RequestedByRouterForcedN Rate=8.01% (25/312)
    Predicted RequestedByRouterTopK Rate=60.90% (190/312)
    Predictor WindowRecall Rate=57.49% (261/454)
    Predictor WindowPrecision Rate=83.65% (261/312)
    Loads Per Step: 0Loads=43, 1Load=25, >1Load=11
    Bandwidth: StallLoads=53, PrefetchLoads=11, AvgLoadTime=3.68ms
    PrefetchOverlap: HiddenReady=7, HiddenWait=0, TicksSkipped=0
    MissCause: NotPresent=53, NotReadyStall=0
    PrefetchEff: Dropped=0, AlreadyCached=309, UsedBeforeEvict=7, EvictedBeforeUse=0
    Predictor TopK matches: 0=14 1=25 >=2=0
Layer 22 Cache Stats: Hits=562, Misses=70, HitRate=88.92%
    Predictor Routed-Expert HitRate=76.92% (30/39, routed_n=1, horizon=2)
    Predictor RoutedForcedN HitRate=76.92% (30/39)
    Predictor RoutedTopK HitRate=54.49% (170/312)
    Predicted RequestedByRouterForcedN Rate=9.62% (30/312)
    Predicted RequestedByRouterTopK Rate=54.49% (170/312)
    Predictor WindowRecall Rate=51.62% (239/463)
    Predictor WindowPrecision Rate=76.60% (239/312)
    Loads Per Step: 0Loads=35, 1Load=28, >1Load=16
    Bandwidth: StallLoads=70, PrefetchLoads=29, AvgLoadTime=3.76ms
    PrefetchOverlap: HiddenReady=17, HiddenWait=0, TicksSkipped=0
    MissCause: NotPresent=70, NotReadyStall=0
    PrefetchEff: Dropped=0, AlreadyCached=291, UsedBeforeEvict=17, EvictedBeforeUse=9
    Predictor TopK matches: 0=9 1=30 >=2=0
Layer 23 Cache Stats: Hits=515, Misses=117, HitRate=81.49%
    Predictor Routed-Expert HitRate=76.92% (30/39, routed_n=1, horizon=2)
    Predictor RoutedForcedN HitRate=76.92% (30/39)
    Predictor RoutedTopK HitRate=53.21% (166/312)
    Predicted RequestedByRouterForcedN Rate=9.62% (30/312)
    Predicted RequestedByRouterTopK Rate=53.21% (166/312)
    Predictor WindowRecall Rate=48.86% (235/481)
    Predictor WindowPrecision Rate=75.32% (235/312)
    Loads Per Step: 0Loads=16, 1Load=33, >1Load=30
    Bandwidth: StallLoads=117, PrefetchLoads=34, AvgLoadTime=3.16ms
    PrefetchOverlap: HiddenReady=24, HiddenWait=0, TicksSkipped=0
    MissCause: NotPresent=117, NotReadyStall=0
    PrefetchEff: Dropped=0, AlreadyCached=286, UsedBeforeEvict=24, EvictedBeforeUse=7
    Predictor TopK matches: 0=9 1=30 >=2=0
Layer 24 Cache Stats: Hits=554, Misses=78, HitRate=87.66%
    Predictor Routed-Expert HitRate=82.05% (32/39, routed_n=1, horizon=2)
    Predictor RoutedForcedN HitRate=82.05% (32/39)
    Predictor RoutedTopK HitRate=58.97% (184/312)
    Predicted RequestedByRouterForcedN Rate=10.26% (32/312)
    Predicted RequestedByRouterTopK Rate=58.97% (184/312)
    Predictor WindowRecall Rate=53.74% (244/454)
    Predictor WindowPrecision Rate=78.21% (244/312)
    Loads Per Step: 0Loads=31, 1Load=25, >1Load=23
    Bandwidth: StallLoads=78, PrefetchLoads=24, AvgLoadTime=3.70ms
    PrefetchOverlap: HiddenReady=17, HiddenWait=0, TicksSkipped=0
    MissCause: NotPresent=78, NotReadyStall=0
    PrefetchEff: Dropped=0, AlreadyCached=296, UsedBeforeEvict=17, EvictedBeforeUse=5
    Predictor TopK matches: 0=7 1=32 >=2=0
Layer 25 Cache Stats: Hits=513, Misses=119, HitRate=81.17%
    Predictor Routed-Expert HitRate=51.28% (20/39, routed_n=1, horizon=2)
    Predictor RoutedForcedN HitRate=51.28% (20/39)
    Predictor RoutedTopK HitRate=39.74% (124/312)
    Predicted RequestedByRouterForcedN Rate=6.41% (20/312)
    Predicted RequestedByRouterTopK Rate=39.74% (124/312)
    Predictor WindowRecall Rate=41.60% (213/512)
    Predictor WindowPrecision Rate=68.27% (213/312)
    Loads Per Step: 0Loads=15, 1Load=32, >1Load=32
    Bandwidth: StallLoads=119, PrefetchLoads=74, AvgLoadTime=3.01ms
    PrefetchOverlap: HiddenReady=52, HiddenWait=0, TicksSkipped=0
    MissCause: NotPresent=119, NotReadyStall=0
    PrefetchEff: Dropped=0, AlreadyCached=246, UsedBeforeEvict=52, EvictedBeforeUse=17
    Predictor TopK matches: 0=19 1=20 >=2=0
Layer 26 Cache Stats: Hits=580, Misses=52, HitRate=91.77%
    Predictor Routed-Expert HitRate=79.49% (31/39, routed_n=1, horizon=2)
    Predictor RoutedForcedN HitRate=79.49% (31/39)
    Predictor RoutedTopK HitRate=62.50% (195/312)
    Predicted RequestedByRouterForcedN Rate=9.94% (31/312)
    Predicted RequestedByRouterTopK Rate=62.50% (195/312)
    Predictor WindowRecall Rate=59.82% (271/453)
    Predictor WindowPrecision Rate=86.86% (271/312)
    Loads Per Step: 0Loads=43, 1Load=23, >1Load=13
    Bandwidth: StallLoads=52, PrefetchLoads=17, AvgLoadTime=3.48ms
    PrefetchOverlap: HiddenReady=13, HiddenWait=0, TicksSkipped=0
    MissCause: NotPresent=52, NotReadyStall=0
    PrefetchEff: Dropped=0, AlreadyCached=303, UsedBeforeEvict=13, EvictedBeforeUse=1
    Predictor TopK matches: 0=8 1=31 >=2=0
Layer 27 Cache Stats: Hits=582, Misses=50, HitRate=92.09%
    Predictor Routed-Expert HitRate=82.05% (32/39, routed_n=1, horizon=2)
    Predictor RoutedForcedN HitRate=82.05% (32/39)
    Predictor RoutedTopK HitRate=56.73% (177/312)
    Predicted RequestedByRouterForcedN Rate=10.26% (32/312)
    Predicted RequestedByRouterTopK Rate=56.73% (177/312)
    Predictor WindowRecall Rate=53.47% (239/447)
    Predictor WindowPrecision Rate=76.60% (239/312)
    Loads Per Step: 0Loads=42, 1Load=28, >1Load=9
    Bandwidth: StallLoads=50, PrefetchLoads=12, AvgLoadTime=4.15ms
    PrefetchOverlap: HiddenReady=9, HiddenWait=0, TicksSkipped=0
    MissCause: NotPresent=50, NotReadyStall=0
    PrefetchEff: Dropped=0, AlreadyCached=308, UsedBeforeEvict=9, EvictedBeforeUse=1
    Predictor TopK matches: 0=7 1=32 >=2=0
Layer 28 Cache Stats: Hits=545, Misses=87, HitRate=86.23%
    Predictor Routed-Expert HitRate=84.62% (33/39, routed_n=1, horizon=2)
    Predictor RoutedForcedN HitRate=84.62% (33/39)
    Predictor RoutedTopK HitRate=54.17% (169/312)
    Predicted RequestedByRouterForcedN Rate=10.58% (33/312)
    Predicted RequestedByRouterTopK Rate=54.17% (169/312)
    Predictor WindowRecall Rate=53.88% (250/464)
    Predictor WindowPrecision Rate=80.13% (250/312)
    Loads Per Step: 0Loads=30, 1Load=25, >1Load=24
    Bandwidth: StallLoads=87, PrefetchLoads=34, AvgLoadTime=3.42ms
    PrefetchOverlap: HiddenReady=21, HiddenWait=0, TicksSkipped=0
    MissCause: NotPresent=87, NotReadyStall=0
    PrefetchEff: Dropped=0, AlreadyCached=286, UsedBeforeEvict=21, EvictedBeforeUse=9
    Predictor TopK matches: 0=6 1=33 >=2=0
Layer 29 Cache Stats: Hits=528, Misses=104, HitRate=83.54%
    Predictor Routed-Expert HitRate=89.74% (35/39, routed_n=1, horizon=2)
    Predictor RoutedForcedN HitRate=89.74% (35/39)
    Predictor RoutedTopK HitRate=47.44% (148/312)
    Predicted RequestedByRouterForcedN Rate=11.22% (35/312)
    Predicted RequestedByRouterTopK Rate=47.44% (148/312)
    Predictor WindowRecall Rate=47.03% (222/472)
    Predictor WindowPrecision Rate=71.15% (222/312)
    Loads Per Step: 0Loads=24, 1Load=26, >1Load=29
    Bandwidth: StallLoads=104, PrefetchLoads=40, AvgLoadTime=3.15ms
    PrefetchOverlap: HiddenReady=25, HiddenWait=0, TicksSkipped=0
    MissCause: NotPresent=104, NotReadyStall=0
    PrefetchEff: Dropped=0, AlreadyCached=280, UsedBeforeEvict=25, EvictedBeforeUse=12
    Predictor TopK matches: 0=4 1=35 >=2=0
Layer 30 Cache Stats: Hits=595, Misses=37, HitRate=94.15%
    Predictor Routed-Expert HitRate=89.74% (35/39, routed_n=1, horizon=2)
    Predictor RoutedForcedN HitRate=89.74% (35/39)
    Predictor RoutedTopK HitRate=59.62% (186/312)
    Predicted RequestedByRouterForcedN Rate=11.22% (35/312)
    Predicted RequestedByRouterTopK Rate=59.62% (186/312)
    Predictor WindowRecall Rate=56.67% (242/427)
    Predictor WindowPrecision Rate=77.56% (242/312)
    Loads Per Step: 0Loads=56, 1Load=15, >1Load=8
    Bandwidth: StallLoads=37, PrefetchLoads=9, AvgLoadTime=3.75ms
    PrefetchOverlap: HiddenReady=4, HiddenWait=0, TicksSkipped=0
    MissCause: NotPresent=37, NotReadyStall=0
    PrefetchEff: Dropped=0, AlreadyCached=311, UsedBeforeEvict=4, EvictedBeforeUse=2
    Predictor TopK matches: 0=4 1=35 >=2=0
Layer 31 Cache Stats: Hits=602, Misses=30, HitRate=95.25%
    Predictor Routed-Expert HitRate=92.31% (36/39, routed_n=1, horizon=2)
    Predictor RoutedForcedN HitRate=92.31% (36/39)
    Predictor RoutedTopK HitRate=72.76% (227/312)
    Predicted RequestedByRouterForcedN Rate=11.54% (36/312)
    Predicted RequestedByRouterTopK Rate=72.76% (227/312)
    Predictor WindowRecall Rate=67.97% (278/409)
    Predictor WindowPrecision Rate=89.10% (278/312)
    Loads Per Step: 0Loads=60, 1Load=13, >1Load=6
    Bandwidth: StallLoads=30, PrefetchLoads=2, AvgLoadTime=3.65ms
    PrefetchOverlap: HiddenReady=1, HiddenWait=0, TicksSkipped=0
    MissCause: NotPresent=30, NotReadyStall=0
    PrefetchEff: Dropped=0, AlreadyCached=318, UsedBeforeEvict=1, EvictedBeforeUse=0
    Predictor TopK matches: 0=3 1=36 >=2=0
Layer 32 Cache Stats: Hits=575, Misses=57, HitRate=90.98%
    Predictor Routed-Expert HitRate=79.49% (31/39, routed_n=1, horizon=2)
    Predictor RoutedForcedN HitRate=79.49% (31/39)
    Predictor RoutedTopK HitRate=52.56% (164/312)
    Predicted RequestedByRouterForcedN Rate=9.94% (31/312)
    Predicted RequestedByRouterTopK Rate=52.56% (164/312)
    Predictor WindowRecall Rate=52.14% (231/443)
    Predictor WindowPrecision Rate=74.04% (231/312)
    Loads Per Step: 0Loads=44, 1Load=21, >1Load=14
    Bandwidth: StallLoads=57, PrefetchLoads=17, AvgLoadTime=3.52ms
    PrefetchOverlap: HiddenReady=10, HiddenWait=0, TicksSkipped=0
    MissCause: NotPresent=57, NotReadyStall=0
    PrefetchEff: Dropped=0, AlreadyCached=303, UsedBeforeEvict=10, EvictedBeforeUse=4
    Predictor TopK matches: 0=8 1=31 >=2=0
Layer 33 Cache Stats: Hits=599, Misses=33, HitRate=94.78%
    Predictor Routed-Expert HitRate=71.79% (28/39, routed_n=1, horizon=2)
    Predictor RoutedForcedN HitRate=71.79% (28/39)
    Predictor RoutedTopK HitRate=62.18% (194/312)
    Predicted RequestedByRouterForcedN Rate=8.97% (28/312)
    Predicted RequestedByRouterTopK Rate=62.18% (194/312)
    Predictor WindowRecall Rate=61.29% (266/434)
    Predictor WindowPrecision Rate=85.26% (266/312)
    Loads Per Step: 0Loads=59, 1Load=15, >1Load=5
    Bandwidth: StallLoads=33, PrefetchLoads=10, AvgLoadTime=3.75ms
    PrefetchOverlap: HiddenReady=8, HiddenWait=0, TicksSkipped=0
    MissCause: NotPresent=33, NotReadyStall=0
    PrefetchEff: Dropped=0, AlreadyCached=310, UsedBeforeEvict=8, EvictedBeforeUse=1
    Predictor TopK matches: 0=11 1=28 >=2=0
Layer 34 Cache Stats: Hits=573, Misses=59, HitRate=90.66%
    Predictor Routed-Expert HitRate=82.05% (32/39, routed_n=1, horizon=2)
    Predictor RoutedForcedN HitRate=82.05% (32/39)
    Predictor RoutedTopK HitRate=59.62% (186/312)
    Predicted RequestedByRouterForcedN Rate=10.26% (32/312)
    Predicted RequestedByRouterTopK Rate=59.62% (186/312)
    Predictor WindowRecall Rate=55.04% (251/456)
    Predictor WindowPrecision Rate=80.45% (251/312)
    Loads Per Step: 0Loads=41, 1Load=25, >1Load=13
    Bandwidth: StallLoads=59, PrefetchLoads=19, AvgLoadTime=3.33ms
    PrefetchOverlap: HiddenReady=11, HiddenWait=0, TicksSkipped=0
    MissCause: NotPresent=59, NotReadyStall=0
    PrefetchEff: Dropped=0, AlreadyCached=301, UsedBeforeEvict=11, EvictedBeforeUse=3
    Predictor TopK matches: 0=7 1=32 >=2=0
Layer 35 Cache Stats: Hits=532, Misses=100, HitRate=84.18%
    Predictor Routed-Expert HitRate=82.05% (32/39, routed_n=1, horizon=2)
    Predictor RoutedForcedN HitRate=82.05% (32/39)
    Predictor RoutedTopK HitRate=55.77% (174/312)
    Predicted RequestedByRouterForcedN Rate=10.26% (32/312)
    Predicted RequestedByRouterTopK Rate=55.77% (174/312)
    Predictor WindowRecall Rate=53.10% (248/467)
    Predictor WindowPrecision Rate=79.49% (248/312)
    Loads Per Step: 0Loads=26, 1Load=26, >1Load=27
    Bandwidth: StallLoads=100, PrefetchLoads=36, AvgLoadTime=2.82ms
    PrefetchOverlap: HiddenReady=27, HiddenWait=0, TicksSkipped=0
    MissCause: NotPresent=100, NotReadyStall=0
    PrefetchEff: Dropped=0, AlreadyCached=284, UsedBeforeEvict=27, EvictedBeforeUse=5
    Predictor TopK matches: 0=7 1=32 >=2=0
Layer 36 Cache Stats: Hits=557, Misses=75, HitRate=88.13%
    Predictor Routed-Expert HitRate=89.74% (35/39, routed_n=1, horizon=2)
    Predictor RoutedForcedN HitRate=89.74% (35/39)
    Predictor RoutedTopK HitRate=59.94% (187/312)
    Predicted RequestedByRouterForcedN Rate=11.22% (35/312)
    Predicted RequestedByRouterTopK Rate=59.94% (187/312)
    Predictor WindowRecall Rate=57.14% (256/448)
    Predictor WindowPrecision Rate=82.05% (256/312)
    Loads Per Step: 0Loads=32, 1Load=30, >1Load=17
    Bandwidth: StallLoads=75, PrefetchLoads=24, AvgLoadTime=3.78ms
    PrefetchOverlap: HiddenReady=17, HiddenWait=0, TicksSkipped=0
    MissCause: NotPresent=75, NotReadyStall=0
    PrefetchEff: Dropped=0, AlreadyCached=296, UsedBeforeEvict=17, EvictedBeforeUse=5
    Predictor TopK matches: 0=4 1=35 >=2=0
Layer 37 Cache Stats: Hits=513, Misses=119, HitRate=81.17%
    Predictor Routed-Expert HitRate=48.72% (19/39, routed_n=1, horizon=2)
    Predictor RoutedForcedN HitRate=48.72% (19/39)
    Predictor RoutedTopK HitRate=46.79% (146/312)
    Predicted RequestedByRouterForcedN Rate=6.09% (19/312)
    Predicted RequestedByRouterTopK Rate=46.79% (146/312)
    Predictor WindowRecall Rate=49.21% (248/504)
    Predictor WindowPrecision Rate=79.49% (248/312)
    Loads Per Step: 0Loads=18, 1Load=30, >1Load=31
    Bandwidth: StallLoads=119, PrefetchLoads=84, AvgLoadTime=2.83ms
    PrefetchOverlap: HiddenReady=59, HiddenWait=0, TicksSkipped=0
    MissCause: NotPresent=119, NotReadyStall=0
    PrefetchEff: Dropped=0, AlreadyCached=236, UsedBeforeEvict=59, EvictedBeforeUse=20
    Predictor TopK matches: 0=20 1=19 >=2=0
Layer 38 Cache Stats: Hits=582, Misses=50, HitRate=92.09%
    Predictor Routed-Expert HitRate=94.87% (37/39, routed_n=1, horizon=2)
    Predictor RoutedForcedN HitRate=94.87% (37/39)
    Predictor RoutedTopK HitRate=53.85% (168/312)
    Predicted RequestedByRouterForcedN Rate=11.86% (37/312)
    Predicted RequestedByRouterTopK Rate=53.85% (168/312)
    Predictor WindowRecall Rate=57.78% (260/450)
    Predictor WindowPrecision Rate=83.33% (260/312)
    Loads Per Step: 0Loads=47, 1Load=21, >1Load=11
    Bandwidth: StallLoads=50, PrefetchLoads=20, AvgLoadTime=3.88ms
    PrefetchOverlap: HiddenReady=15, HiddenWait=0, TicksSkipped=0
    MissCause: NotPresent=50, NotReadyStall=0
    PrefetchEff: Dropped=0, AlreadyCached=300, UsedBeforeEvict=15, EvictedBeforeUse=3
    Predictor TopK matches: 0=2 1=37 >=2=0
Layer 39 Cache Stats: Hits=579, Misses=53, HitRate=91.61%
    Predictor Routed-Expert HitRate=89.74% (35/39, routed_n=1, horizon=2)
    Predictor RoutedForcedN HitRate=89.74% (35/39)
    Predictor RoutedTopK HitRate=57.37% (179/312)
    Predicted RequestedByRouterForcedN Rate=11.22% (35/312)
    Predicted RequestedByRouterTopK Rate=57.37% (179/312)
    Predictor WindowRecall Rate=56.47% (253/448)
    Predictor WindowPrecision Rate=81.09% (253/312)
    Loads Per Step: 0Loads=43, 1Load=27, >1Load=9
    Bandwidth: StallLoads=53, PrefetchLoads=13, AvgLoadTime=4.34ms
    PrefetchOverlap: HiddenReady=11, HiddenWait=0, TicksSkipped=0
    MissCause: NotPresent=53, NotReadyStall=0
    PrefetchEff: Dropped=0, AlreadyCached=307, UsedBeforeEvict=11, EvictedBeforeUse=1
    Predictor TopK matches: 0=4 1=35 >=2=0
Layer 40 Cache Stats: Hits=568, Misses=64, HitRate=89.87%
    Predictor Routed-Expert HitRate=82.05% (32/39, routed_n=1, horizon=2)
    Predictor RoutedForcedN HitRate=82.05% (32/39)
    Predictor RoutedTopK HitRate=55.45% (173/312)
    Predicted RequestedByRouterForcedN Rate=10.26% (32/312)
    Predicted RequestedByRouterTopK Rate=55.45% (173/312)
    Predictor WindowRecall Rate=56.49% (261/462)
    Predictor WindowPrecision Rate=83.65% (261/312)
    Loads Per Step: 0Loads=43, 1Load=22, >1Load=14
    Bandwidth: StallLoads=64, PrefetchLoads=31, AvgLoadTime=3.74ms
    PrefetchOverlap: HiddenReady=23, HiddenWait=0, TicksSkipped=0
    MissCause: NotPresent=64, NotReadyStall=0
    PrefetchEff: Dropped=0, AlreadyCached=289, UsedBeforeEvict=23, EvictedBeforeUse=5
    Predictor TopK matches: 0=7 1=32 >=2=0
Layer 41 Cache Stats: Hits=557, Misses=75, HitRate=88.13%
    Predictor Routed-Expert HitRate=35.90% (14/39, routed_n=1, horizon=2)
    Predictor RoutedForcedN HitRate=35.90% (14/39)
    Predictor RoutedTopK HitRate=45.19% (141/312)
    Predicted RequestedByRouterForcedN Rate=4.49% (14/312)
    Predicted RequestedByRouterTopK Rate=45.19% (141/312)
    Predictor WindowRecall Rate=51.88% (262/505)
    Predictor WindowPrecision Rate=83.97% (262/312)
    Loads Per Step: 0Loads=35, 1Load=27, >1Load=17
    Bandwidth: StallLoads=75, PrefetchLoads=48, AvgLoadTime=3.56ms
    PrefetchOverlap: HiddenReady=35, HiddenWait=0, TicksSkipped=0
    MissCause: NotPresent=75, NotReadyStall=0
    PrefetchEff: Dropped=0, AlreadyCached=272, UsedBeforeEvict=35, EvictedBeforeUse=8
    Predictor TopK matches: 0=25 1=14 >=2=0
Layer 42 Cache Stats: Hits=557, Misses=75, HitRate=88.13%
    Predictor Routed-Expert HitRate=38.46% (15/39, routed_n=1, horizon=2)
    Predictor RoutedForcedN HitRate=38.46% (15/39)
    Predictor RoutedTopK HitRate=44.87% (140/312)
    Predicted RequestedByRouterForcedN Rate=4.81% (15/312)
    Predicted RequestedByRouterTopK Rate=44.87% (140/312)
    Predictor WindowRecall Rate=49.30% (245/497)
    Predictor WindowPrecision Rate=78.53% (245/312)
    Loads Per Step: 0Loads=37, 1Load=22, >1Load=20
    Bandwidth: StallLoads=75, PrefetchLoads=46, AvgLoadTime=3.93ms
    PrefetchOverlap: HiddenReady=31, HiddenWait=0, TicksSkipped=0
    MissCause: NotPresent=75, NotReadyStall=0
    PrefetchEff: Dropped=0, AlreadyCached=274, UsedBeforeEvict=31, EvictedBeforeUse=12
    Predictor TopK matches: 0=24 1=15 >=2=0
Layer 43 Cache Stats: Hits=584, Misses=48, HitRate=92.41%
    Predictor Routed-Expert HitRate=51.28% (20/39, routed_n=1, horizon=2)
    Predictor RoutedForcedN HitRate=51.28% (20/39)
    Predictor RoutedTopK HitRate=53.85% (168/312)
    Predicted RequestedByRouterForcedN Rate=6.41% (20/312)
    Predicted RequestedByRouterTopK Rate=53.85% (168/312)
    Predictor WindowRecall Rate=56.86% (257/452)
    Predictor WindowPrecision Rate=82.37% (257/312)
    Loads Per Step: 0Loads=50, 1Load=18, >1Load=11
    Bandwidth: StallLoads=48, PrefetchLoads=22, AvgLoadTime=3.72ms
    PrefetchOverlap: HiddenReady=16, HiddenWait=0, TicksSkipped=0
    MissCause: NotPresent=48, NotReadyStall=0
    PrefetchEff: Dropped=0, AlreadyCached=298, UsedBeforeEvict=16, EvictedBeforeUse=4
    Predictor TopK matches: 0=19 1=20 >=2=0
Layer 44 Cache Stats: Hits=592, Misses=40, HitRate=93.67%
    Predictor Routed-Expert HitRate=74.36% (29/39, routed_n=1, horizon=2)
    Predictor RoutedForcedN HitRate=74.36% (29/39)
    Predictor RoutedTopK HitRate=57.37% (179/312)
    Predicted RequestedByRouterForcedN Rate=9.29% (29/312)
    Predicted RequestedByRouterTopK Rate=57.37% (179/312)
    Predictor WindowRecall Rate=58.58% (273/466)
    Predictor WindowPrecision Rate=87.50% (273/312)
    Loads Per Step: 0Loads=54, 1Load=18, >1Load=7
    Bandwidth: StallLoads=40, PrefetchLoads=15, AvgLoadTime=4.03ms
    PrefetchOverlap: HiddenReady=12, HiddenWait=0, TicksSkipped=0
    MissCause: NotPresent=40, NotReadyStall=0
    PrefetchEff: Dropped=0, AlreadyCached=305, UsedBeforeEvict=12, EvictedBeforeUse=3
    Predictor TopK matches: 0=10 1=29 >=2=0
Layer 45 Cache Stats: Hits=593, Misses=39, HitRate=93.83%
    Predictor Routed-Expert HitRate=71.79% (28/39, routed_n=1, horizon=2)
    Predictor RoutedForcedN HitRate=71.79% (28/39)
    Predictor RoutedTopK HitRate=51.60% (161/312)
    Predicted RequestedByRouterForcedN Rate=8.97% (28/312)
    Predicted RequestedByRouterTopK Rate=51.60% (161/312)
    Predictor WindowRecall Rate=55.67% (260/467)
    Predictor WindowPrecision Rate=83.33% (260/312)
    Loads Per Step: 0Loads=59, 1Load=11, >1Load=9
    Bandwidth: StallLoads=39, PrefetchLoads=7, AvgLoadTime=3.90ms
    PrefetchOverlap: HiddenReady=4, HiddenWait=0, TicksSkipped=0
    MissCause: NotPresent=39, NotReadyStall=0
    PrefetchEff: Dropped=0, AlreadyCached=313, UsedBeforeEvict=4, EvictedBeforeUse=3
    Predictor TopK matches: 0=11 1=28 >=2=0
Layer 46 Cache Stats: Hits=583, Misses=49, HitRate=92.25%
    Predictor Routed-Expert HitRate=46.15% (18/39, routed_n=1, horizon=2)
    Predictor RoutedForcedN HitRate=46.15% (18/39)
    Predictor RoutedTopK HitRate=48.08% (150/312)
    Predicted RequestedByRouterForcedN Rate=5.77% (18/312)
    Predicted RequestedByRouterTopK Rate=48.08% (150/312)
    Predictor WindowRecall Rate=52.23% (258/494)
    Predictor WindowPrecision Rate=82.69% (258/312)
    Loads Per Step: 0Loads=50, 1Load=21, >1Load=8
    Bandwidth: StallLoads=49, PrefetchLoads=22, AvgLoadTime=4.30ms
    PrefetchOverlap: HiddenReady=16, HiddenWait=0, TicksSkipped=0
    MissCause: NotPresent=49, NotReadyStall=0
    PrefetchEff: Dropped=0, AlreadyCached=298, UsedBeforeEvict=16, EvictedBeforeUse=5
    Predictor TopK matches: 0=21 1=18 >=2=0
Layer 47 Cache Stats: Hits=543, Misses=89, HitRate=85.92%
    Predictor Routed-Expert HitRate=30.77% (12/39, routed_n=1, horizon=2)
    Predictor RoutedForcedN HitRate=30.77% (12/39)
    Predictor RoutedTopK HitRate=40.38% (126/312)
    Predicted RequestedByRouterForcedN Rate=3.85% (12/312)
    Predicted RequestedByRouterTopK Rate=40.38% (126/312)
    Predictor WindowRecall Rate=50.74% (274/540)
    Predictor WindowPrecision Rate=87.82% (274/312)
    Loads Per Step: 0Loads=27, 1Load=29, >1Load=23
    Bandwidth: StallLoads=89, PrefetchLoads=51, AvgLoadTime=3.43ms
    PrefetchOverlap: HiddenReady=41, HiddenWait=0, TicksSkipped=0
    MissCause: NotPresent=89, NotReadyStall=0
    PrefetchEff: Dropped=0, AlreadyCached=269, UsedBeforeEvict=41, EvictedBeforeUse=8
    Predictor TopK matches: 0=27 1=12 >=2=0
============================================================
[TorchScriptPredictor Layer 0] Shutdown complete
[TorchScriptPredictor Layer 1] Shutdown complete
[TorchScriptPredictor Layer 2] Shutdown complete
[TorchScriptPredictor Layer 3] Shutdown complete
[TorchScriptPredictor Layer 4] Shutdown complete
[TorchScriptPredictor Layer 5] Shutdown complete
[TorchScriptPredictor Layer 6] Shutdown complete
[TorchScriptPredictor Layer 7] Shutdown complete
[TorchScriptPredictor Layer 8] Shutdown complete
[TorchScriptPredictor Layer 9] Shutdown complete
[TorchScriptPredictor Layer 10] Shutdown complete
[TorchScriptPredictor Layer 11] Shutdown complete
[TorchScriptPredictor Layer 12] Shutdown complete
[TorchScriptPredictor Layer 13] Shutdown complete
[TorchScriptPredictor Layer 14] Shutdown complete
[TorchScriptPredictor Layer 15] Shutdown complete
[TorchScriptPredictor Layer 16] Shutdown complete
[TorchScriptPredictor Layer 17] Shutdown complete
[TorchScriptPredictor Layer 18] Shutdown complete
[TorchScriptPredictor Layer 19] Shutdown complete
[TorchScriptPredictor Layer 20] Shutdown complete
[TorchScriptPredictor Layer 21] Shutdown complete
[TorchScriptPredictor Layer 22] Shutdown complete
[TorchScriptPredictor Layer 23] Shutdown complete
[TorchScriptPredictor Layer 24] Shutdown complete
[TorchScriptPredictor Layer 25] Shutdown complete
[TorchScriptPredictor Layer 26] Shutdown complete
[TorchScriptPredictor Layer 27] Shutdown complete
[TorchScriptPredictor Layer 28] Shutdown complete
[TorchScriptPredictor Layer 29] Shutdown complete
[TorchScriptPredictor Layer 30] Shutdown complete
[TorchScriptPredictor Layer 31] Shutdown complete
[TorchScriptPredictor Layer 32] Shutdown complete
[TorchScriptPredictor Layer 33] Shutdown complete
[TorchScriptPredictor Layer 34] Shutdown complete
[TorchScriptPredictor Layer 35] Shutdown complete
[TorchScriptPredictor Layer 36] Shutdown complete
[TorchScriptPredictor Layer 37] Shutdown complete
[TorchScriptPredictor Layer 38] Shutdown complete
[TorchScriptPredictor Layer 39] Shutdown complete
[TorchScriptPredictor Layer 40] Shutdown complete
[TorchScriptPredictor Layer 41] Shutdown complete
[TorchScriptPredictor Layer 42] Shutdown complete
[TorchScriptPredictor Layer 43] Shutdown complete
[TorchScriptPredictor Layer 44] Shutdown complete
[TorchScriptPredictor Layer 45] Shutdown complete
[TorchScriptPredictor Layer 46] Shutdown complete
[TorchScriptPredictor Layer 47] Shutdown complete
============================================================
Initializing Qwen3 30B-A3B AWQ w4a16 quantized model...
============================================================
Loading quantized weights from QuixiAI/Qwen3-30B-A3B-AWQ...
Using saved safetensors: /home/michael/heteroPredict/py/unified_llm_w4a16/model_weights/Qwen3-30B-A3B-AWQ.safetensors
Expert weights dir: /home/michael/heteroPredict/py/unified_llm_w4a16/model_weights/Qwen3-30B-A3B-AWQ_packed  (format: packed)
Using existing attention weights in /home/michael/heteroPredict/py/unified_llm_w4a16/model_weights/Qwen3-30B-A3B-AWQ_unpacked
Weights loaded (expert dir override) in 0.33 seconds
Pre-warming expert cache with 32 experts...
Model initialized successfully!
Set expert cache policy to LFRU.

Running sweep using prompts from JSON: /tmp/tmpke6r4quv.json
Loaded 1 prompts for sweeping.

Processing Prompt 1/1...

============================================================
Generated text only:
============================================================
 new emperor , Suzong . He was captured by the rebels and held in the capital for a time . He managed to escape and joined the new emperor in the south . He was then appointed as a minor official in the court of the new emperor . However , he was soon dismissed for criticizing the emperor 's policies . He was then appointed as a minor official in the court of the new emperor .
============================================================

============================================================
Sweep Complete.
Average Time per Token: 0.457159
End-to-End TPS: 2.1874
Cache Stats: Hits=26714, Misses=3622, HitRate=88.06%
Predictor Stats: Hits=1336, Total=1872, HitRate=71.37%
Initializing UnifiedLLMW4A16Impl_base
Using NPU config struct.
Configuring NPU (Base):
  Heterogeneity: gpu
  GPU Count: 1
  Debug Verbosity: 1
  Dummy Weights: false
  Warmup: false
  Preload MoE: true
  Minimal PDI: true
[GPU SELECT] Free VRAM ranking: gpu0=28.00/28.00 GiB
[GPU SELECT] Selected GPUs for gpu-count=1: [0]
[GPU MAP] Single-GPU placement on gpu0
[Predictor] Layer 0 model path resolved to: /home/michael/heteroPredict/trainingData/qwen3_30b/transformer_final_pfill_markov_emb/transformer_eh4_h64_f2/layer_0/best_jit.pt
[Predictor] Running on device: CPU (NPU path) (heterogeneity="gpu", predictor_device="cpu")
[ThreadedTorchScriptPredictor Layer 0] Detected history_length=4 from /home/michael/heteroPredict/trainingData/qwen3_30b/transformer_final_pfill_markov_emb/transformer_eh4_h64_f2/layer_0/best.json
[TorchScriptPredictor Layer 0] Loading model on CPU
[TorchScriptPredictor Layer 0] Assuming prefill_dist, prev_expert_onehot, and prev_layers_feat support (v3 API).
[TorchScriptPredictor Layer 0] prefill_dist support: yes, prev_expert_onehot support: yes, prev_layers_feat support: yes
[TorchScriptPredictor Layer 0] Loaded model: /home/michael/heteroPredict/trainingData/qwen3_30b/transformer_final_pfill_markov_emb/transformer_eh4_h64_f2/layer_0/best_jit.pt
[ThreadedTorchScriptPredictor Layer 1] Detected history_length=4 from /home/michael/heteroPredict/trainingData/qwen3_30b/transformer_final_pfill_markov_emb/transformer_eh4_h64_f2/layer_1/best.json
[TorchScriptPredictor Layer 1] Loading model on CPU
[TorchScriptPredictor Layer 1] Assuming prefill_dist, prev_expert_onehot, and prev_layers_feat support (v3 API).
[TorchScriptPredictor Layer 1] prefill_dist support: yes, prev_expert_onehot support: yes, prev_layers_feat support: yes
[TorchScriptPredictor Layer 1] Loaded model: /home/michael/heteroPredict/trainingData/qwen3_30b/transformer_final_pfill_markov_emb/transformer_eh4_h64_f2/layer_1/best_jit.pt
[ThreadedTorchScriptPredictor Layer 2] Detected history_length=4 from /home/michael/heteroPredict/trainingData/qwen3_30b/transformer_final_pfill_markov_emb/transformer_eh4_h64_f2/layer_2/best.json
[TorchScriptPredictor Layer 2] Loading model on CPU
[TorchScriptPredictor Layer 2] Assuming prefill_dist, prev_expert_onehot, and prev_layers_feat support (v3 API).
[TorchScriptPredictor Layer 2] prefill_dist support: yes, prev_expert_onehot support: yes, prev_layers_feat support: yes
[TorchScriptPredictor Layer 2] Loaded model: /home/michael/heteroPredict/trainingData/qwen3_30b/transformer_final_pfill_markov_emb/transformer_eh4_h64_f2/layer_2/best_jit.pt
[ThreadedTorchScriptPredictor Layer 3] Detected history_length=4 from /home/michael/heteroPredict/trainingData/qwen3_30b/transformer_final_pfill_markov_emb/transformer_eh4_h64_f2/layer_3/best.json
[TorchScriptPredictor Layer 3] Loading model on CPU
[TorchScriptPredictor Layer 3] Assuming prefill_dist, prev_expert_onehot, and prev_layers_feat support (v3 API).
[TorchScriptPredictor Layer 3] prefill_dist support: yes, prev_expert_onehot support: yes, prev_layers_feat support: yes
[TorchScriptPredictor Layer 3] Loaded model: /home/michael/heteroPredict/trainingData/qwen3_30b/transformer_final_pfill_markov_emb/transformer_eh4_h64_f2/layer_3/best_jit.pt
[ThreadedTorchScriptPredictor Layer 4] Detected history_length=4 from /home/michael/heteroPredict/trainingData/qwen3_30b/transformer_final_pfill_markov_emb/transformer_eh4_h64_f2/layer_4/best.json
[TorchScriptPredictor Layer 4] Loading model on CPU
[TorchScriptPredictor Layer 4] Assuming prefill_dist, prev_expert_onehot, and prev_layers_feat support (v3 API).
[TorchScriptPredictor Layer 4] prefill_dist support: yes, prev_expert_onehot support: yes, prev_layers_feat support: yes
[TorchScriptPredictor Layer 4] Loaded model: /home/michael/heteroPredict/trainingData/qwen3_30b/transformer_final_pfill_markov_emb/transformer_eh4_h64_f2/layer_4/best_jit.pt
[ThreadedTorchScriptPredictor Layer 5] Detected history_length=4 from /home/michael/heteroPredict/trainingData/qwen3_30b/transformer_final_pfill_markov_emb/transformer_eh4_h64_f2/layer_5/best.json
[TorchScriptPredictor Layer 5] Loading model on CPU
[TorchScriptPredictor Layer 5] Assuming prefill_dist, prev_expert_onehot, and prev_layers_feat support (v3 API).
[TorchScriptPredictor Layer 5] prefill_dist support: yes, prev_expert_onehot support: yes, prev_layers_feat support: yes
[TorchScriptPredictor Layer 5] Loaded model: /home/michael/heteroPredict/trainingData/qwen3_30b/transformer_final_pfill_markov_emb/transformer_eh4_h64_f2/layer_5/best_jit.pt
[ThreadedTorchScriptPredictor Layer 6] Detected history_length=4 from /home/michael/heteroPredict/trainingData/qwen3_30b/transformer_final_pfill_markov_emb/transformer_eh4_h64_f2/layer_6/best.json
[TorchScriptPredictor Layer 6] Loading model on CPU
[TorchScriptPredictor Layer 6] Assuming prefill_dist, prev_expert_onehot, and prev_layers_feat support (v3 API).
[TorchScriptPredictor Layer 6] prefill_dist support: yes, prev_expert_onehot support: yes, prev_layers_feat support: yes
[TorchScriptPredictor Layer 6] Loaded model: /home/michael/heteroPredict/trainingData/qwen3_30b/transformer_final_pfill_markov_emb/transformer_eh4_h64_f2/layer_6/best_jit.pt
[ThreadedTorchScriptPredictor Layer 7] Detected history_length=4 from /home/michael/heteroPredict/trainingData/qwen3_30b/transformer_final_pfill_markov_emb/transformer_eh4_h64_f2/layer_7/best.json
[TorchScriptPredictor Layer 7] Loading model on CPU
[TorchScriptPredictor Layer 7] Assuming prefill_dist, prev_expert_onehot, and prev_layers_feat support (v3 API).
[TorchScriptPredictor Layer 7] prefill_dist support: yes, prev_expert_onehot support: yes, prev_layers_feat support: yes
[TorchScriptPredictor Layer 7] Loaded model: /home/michael/heteroPredict/trainingData/qwen3_30b/transformer_final_pfill_markov_emb/transformer_eh4_h64_f2/layer_7/best_jit.pt
[ThreadedTorchScriptPredictor Layer 8] Detected history_length=4 from /home/michael/heteroPredict/trainingData/qwen3_30b/transformer_final_pfill_markov_emb/transformer_eh4_h64_f2/layer_8/best.json
[TorchScriptPredictor Layer 8] Loading model on CPU
[TorchScriptPredictor Layer 8] Assuming prefill_dist, prev_expert_onehot, and prev_layers_feat support (v3 API).
[TorchScriptPredictor Layer 8] prefill_dist support: yes, prev_expert_onehot support: yes, prev_layers_feat support: yes
[TorchScriptPredictor Layer 8] Loaded model: /home/michael/heteroPredict/trainingData/qwen3_30b/transformer_final_pfill_markov_emb/transformer_eh4_h64_f2/layer_8/best_jit.pt
[ThreadedTorchScriptPredictor Layer 9] Detected history_length=4 from /home/michael/heteroPredict/trainingData/qwen3_30b/transformer_final_pfill_markov_emb/transformer_eh4_h64_f2/layer_9/best.json
[TorchScriptPredictor Layer 9] Loading model on CPU
[TorchScriptPredictor Layer 9] Assuming prefill_dist, prev_expert_onehot, and prev_layers_feat support (v3 API).
[TorchScriptPredictor Layer 9] prefill_dist support: yes, prev_expert_onehot support: yes, prev_layers_feat support: yes
[TorchScriptPredictor Layer 9] Loaded model: /home/michael/heteroPredict/trainingData/qwen3_30b/transformer_final_pfill_markov_emb/transformer_eh4_h64_f2/layer_9/best_jit.pt
[ThreadedTorchScriptPredictor Layer 10] Detected history_length=4 from /home/michael/heteroPredict/trainingData/qwen3_30b/transformer_final_pfill_markov_emb/transformer_eh4_h64_f2/layer_10/best.json
[TorchScriptPredictor Layer 10] Loading model on CPU
[TorchScriptPredictor Layer 10] Assuming prefill_dist, prev_expert_onehot, and prev_layers_feat support (v3 API).
[TorchScriptPredictor Layer 10] prefill_dist support: yes, prev_expert_onehot support: yes, prev_layers_feat support: yes
[TorchScriptPredictor Layer 10] Loaded model: /home/michael/heteroPredict/trainingData/qwen3_30b/transformer_final_pfill_markov_emb/transformer_eh4_h64_f2/layer_10/best_jit.pt
[ThreadedTorchScriptPredictor Layer 11] Detected history_length=4 from /home/michael/heteroPredict/trainingData/qwen3_30b/transformer_final_pfill_markov_emb/transformer_eh4_h64_f2/layer_11/best.json
[TorchScriptPredictor Layer 11] Loading model on CPU
[TorchScriptPredictor Layer 11] Assuming prefill_dist, prev_expert_onehot, and prev_layers_feat support (v3 API).
[TorchScriptPredictor Layer 11] prefill_dist support: yes, prev_expert_onehot support: yes, prev_layers_feat support: yes
[TorchScriptPredictor Layer 11] Loaded model: /home/michael/heteroPredict/trainingData/qwen3_30b/transformer_final_pfill_markov_emb/transformer_eh4_h64_f2/layer_11/best_jit.pt
[ThreadedTorchScriptPredictor Layer 12] Detected history_length=4 from /home/michael/heteroPredict/trainingData/qwen3_30b/transformer_final_pfill_markov_emb/transformer_eh4_h64_f2/layer_12/best.json
[TorchScriptPredictor Layer 12] Loading model on CPU
[TorchScriptPredictor Layer 12] Assuming prefill_dist, prev_expert_onehot, and prev_layers_feat support (v3 API).
[TorchScriptPredictor Layer 12] prefill_dist support: yes, prev_expert_onehot support: yes, prev_layers_feat support: yes
[TorchScriptPredictor Layer 12] Loaded model: /home/michael/heteroPredict/trainingData/qwen3_30b/transformer_final_pfill_markov_emb/transformer_eh4_h64_f2/layer_12/best_jit.pt
[ThreadedTorchScriptPredictor Layer 13] Detected history_length=4 from /home/michael/heteroPredict/trainingData/qwen3_30b/transformer_final_pfill_markov_emb/transformer_eh4_h64_f2/layer_13/best.json
[TorchScriptPredictor Layer 13] Loading model on CPU
[TorchScriptPredictor Layer 13] Assuming prefill_dist, prev_expert_onehot, and prev_layers_feat support (v3 API).
[TorchScriptPredictor Layer 13] prefill_dist support: yes, prev_expert_onehot support: yes, prev_layers_feat support: yes
[TorchScriptPredictor Layer 13] Loaded model: /home/michael/heteroPredict/trainingData/qwen3_30b/transformer_final_pfill_markov_emb/transformer_eh4_h64_f2/layer_13/best_jit.pt
[ThreadedTorchScriptPredictor Layer 14] Detected history_length=4 from /home/michael/heteroPredict/trainingData/qwen3_30b/transformer_final_pfill_markov_emb/transformer_eh4_h64_f2/layer_14/best.json
[TorchScriptPredictor Layer 14] Loading model on CPU
[TorchScriptPredictor Layer 14] Assuming prefill_dist, prev_expert_onehot, and prev_layers_feat support (v3 API).
[TorchScriptPredictor Layer 14] prefill_dist support: yes, prev_expert_onehot support: yes, prev_layers_feat support: yes
[TorchScriptPredictor Layer 14] Loaded model: /home/michael/heteroPredict/trainingData/qwen3_30b/transformer_final_pfill_markov_emb/transformer_eh4_h64_f2/layer_14/best_jit.pt
[ThreadedTorchScriptPredictor Layer 15] Detected history_length=4 from /home/michael/heteroPredict/trainingData/qwen3_30b/transformer_final_pfill_markov_emb/transformer_eh4_h64_f2/layer_15/best.json
[TorchScriptPredictor Layer 15] Loading model on CPU
[TorchScriptPredictor Layer 15] Assuming prefill_dist, prev_expert_onehot, and prev_layers_feat support (v3 API).
[TorchScriptPredictor Layer 15] prefill_dist support: yes, prev_expert_onehot support: yes, prev_layers_feat support: yes
[TorchScriptPredictor Layer 15] Loaded model: /home/michael/heteroPredict/trainingData/qwen3_30b/transformer_final_pfill_markov_emb/transformer_eh4_h64_f2/layer_15/best_jit.pt
[ThreadedTorchScriptPredictor Layer 16] Detected history_length=4 from /home/michael/heteroPredict/trainingData/qwen3_30b/transformer_final_pfill_markov_emb/transformer_eh4_h64_f2/layer_16/best.json
[TorchScriptPredictor Layer 16] Loading model on CPU
[TorchScriptPredictor Layer 16] Assuming prefill_dist, prev_expert_onehot, and prev_layers_feat support (v3 API).
[TorchScriptPredictor Layer 16] prefill_dist support: yes, prev_expert_onehot support: yes, prev_layers_feat support: yes
[TorchScriptPredictor Layer 16] Loaded model: /home/michael/heteroPredict/trainingData/qwen3_30b/transformer_final_pfill_markov_emb/transformer_eh4_h64_f2/layer_16/best_jit.pt
[ThreadedTorchScriptPredictor Layer 17] Detected history_length=4 from /home/michael/heteroPredict/trainingData/qwen3_30b/transformer_final_pfill_markov_emb/transformer_eh4_h64_f2/layer_17/best.json
[TorchScriptPredictor Layer 17] Loading model on CPU
[TorchScriptPredictor Layer 17] Assuming prefill_dist, prev_expert_onehot, and prev_layers_feat support (v3 API).
[TorchScriptPredictor Layer 17] prefill_dist support: yes, prev_expert_onehot support: yes, prev_layers_feat support: yes
[TorchScriptPredictor Layer 17] Loaded model: /home/michael/heteroPredict/trainingData/qwen3_30b/transformer_final_pfill_markov_emb/transformer_eh4_h64_f2/layer_17/best_jit.pt
[ThreadedTorchScriptPredictor Layer 18] Detected history_length=4 from /home/michael/heteroPredict/trainingData/qwen3_30b/transformer_final_pfill_markov_emb/transformer_eh4_h64_f2/layer_18/best.json
[TorchScriptPredictor Layer 18] Loading model on CPU
[TorchScriptPredictor Layer 18] Assuming prefill_dist, prev_expert_onehot, and prev_layers_feat support (v3 API).
[TorchScriptPredictor Layer 18] prefill_dist support: yes, prev_expert_onehot support: yes, prev_layers_feat support: yes
[TorchScriptPredictor Layer 18] Loaded model: /home/michael/heteroPredict/trainingData/qwen3_30b/transformer_final_pfill_markov_emb/transformer_eh4_h64_f2/layer_18/best_jit.pt
[ThreadedTorchScriptPredictor Layer 19] Detected history_length=4 from /home/michael/heteroPredict/trainingData/qwen3_30b/transformer_final_pfill_markov_emb/transformer_eh4_h64_f2/layer_19/best.json
[TorchScriptPredictor Layer 19] Loading model on CPU
[TorchScriptPredictor Layer 19] Assuming prefill_dist, prev_expert_onehot, and prev_layers_feat support (v3 API).
[TorchScriptPredictor Layer 19] prefill_dist support: yes, prev_expert_onehot support: yes, prev_layers_feat support: yes
[TorchScriptPredictor Layer 19] Loaded model: /home/michael/heteroPredict/trainingData/qwen3_30b/transformer_final_pfill_markov_emb/transformer_eh4_h64_f2/layer_19/best_jit.pt
[ThreadedTorchScriptPredictor Layer 20] Detected history_length=4 from /home/michael/heteroPredict/trainingData/qwen3_30b/transformer_final_pfill_markov_emb/transformer_eh4_h64_f2/layer_20/best.json
[TorchScriptPredictor Layer 20] Loading model on CPU
[TorchScriptPredictor Layer 20] Assuming prefill_dist, prev_expert_onehot, and prev_layers_feat support (v3 API).
[TorchScriptPredictor Layer 20] prefill_dist support: yes, prev_expert_onehot support: yes, prev_layers_feat support: yes
[TorchScriptPredictor Layer 20] Loaded model: /home/michael/heteroPredict/trainingData/qwen3_30b/transformer_final_pfill_markov_emb/transformer_eh4_h64_f2/layer_20/best_jit.pt
[ThreadedTorchScriptPredictor Layer 21] Detected history_length=4 from /home/michael/heteroPredict/trainingData/qwen3_30b/transformer_final_pfill_markov_emb/transformer_eh4_h64_f2/layer_21/best.json
[TorchScriptPredictor Layer 21] Loading model on CPU
[TorchScriptPredictor Layer 21] Assuming prefill_dist, prev_expert_onehot, and prev_layers_feat support (v3 API).
[TorchScriptPredictor Layer 21] prefill_dist support: yes, prev_expert_onehot support: yes, prev_layers_feat support: yes
[TorchScriptPredictor Layer 21] Loaded model: /home/michael/heteroPredict/trainingData/qwen3_30b/transformer_final_pfill_markov_emb/transformer_eh4_h64_f2/layer_21/best_jit.pt
[ThreadedTorchScriptPredictor Layer 22] Detected history_length=4 from /home/michael/heteroPredict/trainingData/qwen3_30b/transformer_final_pfill_markov_emb/transformer_eh4_h64_f2/layer_22/best.json
[TorchScriptPredictor Layer 22] Loading model on CPU
[TorchScriptPredictor Layer 22] Assuming prefill_dist, prev_expert_onehot, and prev_layers_feat support (v3 API).
[TorchScriptPredictor Layer 22] prefill_dist support: yes, prev_expert_onehot support: yes, prev_layers_feat support: yes
[TorchScriptPredictor Layer 22] Loaded model: /home/michael/heteroPredict/trainingData/qwen3_30b/transformer_final_pfill_markov_emb/transformer_eh4_h64_f2/layer_22/best_jit.pt
[ThreadedTorchScriptPredictor Layer 23] Detected history_length=4 from /home/michael/heteroPredict/trainingData/qwen3_30b/transformer_final_pfill_markov_emb/transformer_eh4_h64_f2/layer_23/best.json
[TorchScriptPredictor Layer 23] Loading model on CPU
[TorchScriptPredictor Layer 23] Assuming prefill_dist, prev_expert_onehot, and prev_layers_feat support (v3 API).
[TorchScriptPredictor Layer 23] prefill_dist support: yes, prev_expert_onehot support: yes, prev_layers_feat support: yes
[TorchScriptPredictor Layer 23] Loaded model: /home/michael/heteroPredict/trainingData/qwen3_30b/transformer_final_pfill_markov_emb/transformer_eh4_h64_f2/layer_23/best_jit.pt
[ThreadedTorchScriptPredictor Layer 24] Detected history_length=4 from /home/michael/heteroPredict/trainingData/qwen3_30b/transformer_final_pfill_markov_emb/transformer_eh4_h64_f2/layer_24/best.json
[TorchScriptPredictor Layer 24] Loading model on CPU
[TorchScriptPredictor Layer 24] Assuming prefill_dist, prev_expert_onehot, and prev_layers_feat support (v3 API).
[TorchScriptPredictor Layer 24] prefill_dist support: yes, prev_expert_onehot support: yes, prev_layers_feat support: yes
[TorchScriptPredictor Layer 24] Loaded model: /home/michael/heteroPredict/trainingData/qwen3_30b/transformer_final_pfill_markov_emb/transformer_eh4_h64_f2/layer_24/best_jit.pt
[ThreadedTorchScriptPredictor Layer 25] Detected history_length=4 from /home/michael/heteroPredict/trainingData/qwen3_30b/transformer_final_pfill_markov_emb/transformer_eh4_h64_f2/layer_25/best.json
[TorchScriptPredictor Layer 25] Loading model on CPU
[TorchScriptPredictor Layer 25] Assuming prefill_dist, prev_expert_onehot, and prev_layers_feat support (v3 API).
[TorchScriptPredictor Layer 25] prefill_dist support: yes, prev_expert_onehot support: yes, prev_layers_feat support: yes
[TorchScriptPredictor Layer 25] Loaded model: /home/michael/heteroPredict/trainingData/qwen3_30b/transformer_final_pfill_markov_emb/transformer_eh4_h64_f2/layer_25/best_jit.pt
[ThreadedTorchScriptPredictor Layer 26] Detected history_length=4 from /home/michael/heteroPredict/trainingData/qwen3_30b/transformer_final_pfill_markov_emb/transformer_eh4_h64_f2/layer_26/best.json
[TorchScriptPredictor Layer 26] Loading model on CPU
[TorchScriptPredictor Layer 26] Assuming prefill_dist, prev_expert_onehot, and prev_layers_feat support (v3 API).
[TorchScriptPredictor Layer 26] prefill_dist support: yes, prev_expert_onehot support: yes, prev_layers_feat support: yes
[TorchScriptPredictor Layer 26] Loaded model: /home/michael/heteroPredict/trainingData/qwen3_30b/transformer_final_pfill_markov_emb/transformer_eh4_h64_f2/layer_26/best_jit.pt
[ThreadedTorchScriptPredictor Layer 27] Detected history_length=4 from /home/michael/heteroPredict/trainingData/qwen3_30b/transformer_final_pfill_markov_emb/transformer_eh4_h64_f2/layer_27/best.json
[TorchScriptPredictor Layer 27] Loading model on CPU
[TorchScriptPredictor Layer 27] Assuming prefill_dist, prev_expert_onehot, and prev_layers_feat support (v3 API).
[TorchScriptPredictor Layer 27] prefill_dist support: yes, prev_expert_onehot support: yes, prev_layers_feat support: yes
[TorchScriptPredictor Layer 27] Loaded model: /home/michael/heteroPredict/trainingData/qwen3_30b/transformer_final_pfill_markov_emb/transformer_eh4_h64_f2/layer_27/best_jit.pt
[ThreadedTorchScriptPredictor Layer 28] Detected history_length=4 from /home/michael/heteroPredict/trainingData/qwen3_30b/transformer_final_pfill_markov_emb/transformer_eh4_h64_f2/layer_28/best.json
[TorchScriptPredictor Layer 28] Loading model on CPU
[TorchScriptPredictor Layer 28] Assuming prefill_dist, prev_expert_onehot, and prev_layers_feat support (v3 API).
[TorchScriptPredictor Layer 28] prefill_dist support: yes, prev_expert_onehot support: yes, prev_layers_feat support: yes
[TorchScriptPredictor Layer 28] Loaded model: /home/michael/heteroPredict/trainingData/qwen3_30b/transformer_final_pfill_markov_emb/transformer_eh4_h64_f2/layer_28/best_jit.pt
[ThreadedTorchScriptPredictor Layer 29] Detected history_length=4 from /home/michael/heteroPredict/trainingData/qwen3_30b/transformer_final_pfill_markov_emb/transformer_eh4_h64_f2/layer_29/best.json
[TorchScriptPredictor Layer 29] Loading model on CPU
[TorchScriptPredictor Layer 29] Assuming prefill_dist, prev_expert_onehot, and prev_layers_feat support (v3 API).
[TorchScriptPredictor Layer 29] prefill_dist support: yes, prev_expert_onehot support: yes, prev_layers_feat support: yes
[TorchScriptPredictor Layer 29] Loaded model: /home/michael/heteroPredict/trainingData/qwen3_30b/transformer_final_pfill_markov_emb/transformer_eh4_h64_f2/layer_29/best_jit.pt
[ThreadedTorchScriptPredictor Layer 30] Detected history_length=4 from /home/michael/heteroPredict/trainingData/qwen3_30b/transformer_final_pfill_markov_emb/transformer_eh4_h64_f2/layer_30/best.json
[TorchScriptPredictor Layer 30] Loading model on CPU
[TorchScriptPredictor Layer 30] Assuming prefill_dist, prev_expert_onehot, and prev_layers_feat support (v3 API).
[TorchScriptPredictor Layer 30] prefill_dist support: yes, prev_expert_onehot support: yes, prev_layers_feat support: yes
[TorchScriptPredictor Layer 30] Loaded model: /home/michael/heteroPredict/trainingData/qwen3_30b/transformer_final_pfill_markov_emb/transformer_eh4_h64_f2/layer_30/best_jit.pt
[ThreadedTorchScriptPredictor Layer 31] Detected history_length=4 from /home/michael/heteroPredict/trainingData/qwen3_30b/transformer_final_pfill_markov_emb/transformer_eh4_h64_f2/layer_31/best.json
[TorchScriptPredictor Layer 31] Loading model on CPU
[TorchScriptPredictor Layer 31] Assuming prefill_dist, prev_expert_onehot, and prev_layers_feat support (v3 API).
[TorchScriptPredictor Layer 31] prefill_dist support: yes, prev_expert_onehot support: yes, prev_layers_feat support: yes
[TorchScriptPredictor Layer 31] Loaded model: /home/michael/heteroPredict/trainingData/qwen3_30b/transformer_final_pfill_markov_emb/transformer_eh4_h64_f2/layer_31/best_jit.pt
[ThreadedTorchScriptPredictor Layer 32] Detected history_length=4 from /home/michael/heteroPredict/trainingData/qwen3_30b/transformer_final_pfill_markov_emb/transformer_eh4_h64_f2/layer_32/best.json
[TorchScriptPredictor Layer 32] Loading model on CPU
[TorchScriptPredictor Layer 32] Assuming prefill_dist, prev_expert_onehot, and prev_layers_feat support (v3 API).
[TorchScriptPredictor Layer 32] prefill_dist support: yes, prev_expert_onehot support: yes, prev_layers_feat support: yes
[TorchScriptPredictor Layer 32] Loaded model: /home/michael/heteroPredict/trainingData/qwen3_30b/transformer_final_pfill_markov_emb/transformer_eh4_h64_f2/layer_32/best_jit.pt
[ThreadedTorchScriptPredictor Layer 33] Detected history_length=4 from /home/michael/heteroPredict/trainingData/qwen3_30b/transformer_final_pfill_markov_emb/transformer_eh4_h64_f2/layer_33/best.json
[TorchScriptPredictor Layer 33] Loading model on CPU
[TorchScriptPredictor Layer 33] Assuming prefill_dist, prev_expert_onehot, and prev_layers_feat support (v3 API).
[TorchScriptPredictor Layer 33] prefill_dist support: yes, prev_expert_onehot support: yes, prev_layers_feat support: yes
[TorchScriptPredictor Layer 33] Loaded model: /home/michael/heteroPredict/trainingData/qwen3_30b/transformer_final_pfill_markov_emb/transformer_eh4_h64_f2/layer_33/best_jit.pt
[ThreadedTorchScriptPredictor Layer 34] Detected history_length=4 from /home/michael/heteroPredict/trainingData/qwen3_30b/transformer_final_pfill_markov_emb/transformer_eh4_h64_f2/layer_34/best.json
[TorchScriptPredictor Layer 34] Loading model on CPU
[TorchScriptPredictor Layer 34] Assuming prefill_dist, prev_expert_onehot, and prev_layers_feat support (v3 API).
[TorchScriptPredictor Layer 34] prefill_dist support: yes, prev_expert_onehot support: yes, prev_layers_feat support: yes
[TorchScriptPredictor Layer 34] Loaded model: /home/michael/heteroPredict/trainingData/qwen3_30b/transformer_final_pfill_markov_emb/transformer_eh4_h64_f2/layer_34/best_jit.pt
[ThreadedTorchScriptPredictor Layer 35] Detected history_length=4 from /home/michael/heteroPredict/trainingData/qwen3_30b/transformer_final_pfill_markov_emb/transformer_eh4_h64_f2/layer_35/best.json
[TorchScriptPredictor Layer 35] Loading model on CPU
[TorchScriptPredictor Layer 35] Assuming prefill_dist, prev_expert_onehot, and prev_layers_feat support (v3 API).
[TorchScriptPredictor Layer 35] prefill_dist support: yes, prev_expert_onehot support: yes, prev_layers_feat support: yes
[TorchScriptPredictor Layer 35] Loaded model: /home/michael/heteroPredict/trainingData/qwen3_30b/transformer_final_pfill_markov_emb/transformer_eh4_h64_f2/layer_35/best_jit.pt
[ThreadedTorchScriptPredictor Layer 36] Detected history_length=4 from /home/michael/heteroPredict/trainingData/qwen3_30b/transformer_final_pfill_markov_emb/transformer_eh4_h64_f2/layer_36/best.json
[TorchScriptPredictor Layer 36] Loading model on CPU
[TorchScriptPredictor Layer 36] Assuming prefill_dist, prev_expert_onehot, and prev_layers_feat support (v3 API).
[TorchScriptPredictor Layer 36] prefill_dist support: yes, prev_expert_onehot support: yes, prev_layers_feat support: yes
[TorchScriptPredictor Layer 36] Loaded model: /home/michael/heteroPredict/trainingData/qwen3_30b/transformer_final_pfill_markov_emb/transformer_eh4_h64_f2/layer_36/best_jit.pt
[ThreadedTorchScriptPredictor Layer 37] Detected history_length=4 from /home/michael/heteroPredict/trainingData/qwen3_30b/transformer_final_pfill_markov_emb/transformer_eh4_h64_f2/layer_37/best.json
[TorchScriptPredictor Layer 37] Loading model on CPU
[TorchScriptPredictor Layer 37] Assuming prefill_dist, prev_expert_onehot, and prev_layers_feat support (v3 API).
[TorchScriptPredictor Layer 37] prefill_dist support: yes, prev_expert_onehot support: yes, prev_layers_feat support: yes
[TorchScriptPredictor Layer 37] Loaded model: /home/michael/heteroPredict/trainingData/qwen3_30b/transformer_final_pfill_markov_emb/transformer_eh4_h64_f2/layer_37/best_jit.pt
[ThreadedTorchScriptPredictor Layer 38] Detected history_length=4 from /home/michael/heteroPredict/trainingData/qwen3_30b/transformer_final_pfill_markov_emb/transformer_eh4_h64_f2/layer_38/best.json
[TorchScriptPredictor Layer 38] Loading model on CPU
[TorchScriptPredictor Layer 38] Assuming prefill_dist, prev_expert_onehot, and prev_layers_feat support (v3 API).
[TorchScriptPredictor Layer 38] prefill_dist support: yes, prev_expert_onehot support: yes, prev_layers_feat support: yes
[TorchScriptPredictor Layer 38] Loaded model: /home/michael/heteroPredict/trainingData/qwen3_30b/transformer_final_pfill_markov_emb/transformer_eh4_h64_f2/layer_38/best_jit.pt
[ThreadedTorchScriptPredictor Layer 39] Detected history_length=4 from /home/michael/heteroPredict/trainingData/qwen3_30b/transformer_final_pfill_markov_emb/transformer_eh4_h64_f2/layer_39/best.json
[TorchScriptPredictor Layer 39] Loading model on CPU
[TorchScriptPredictor Layer 39] Assuming prefill_dist, prev_expert_onehot, and prev_layers_feat support (v3 API).
[TorchScriptPredictor Layer 39] prefill_dist support: yes, prev_expert_onehot support: yes, prev_layers_feat support: yes
[TorchScriptPredictor Layer 39] Loaded model: /home/michael/heteroPredict/trainingData/qwen3_30b/transformer_final_pfill_markov_emb/transformer_eh4_h64_f2/layer_39/best_jit.pt
[ThreadedTorchScriptPredictor Layer 40] Detected history_length=4 from /home/michael/heteroPredict/trainingData/qwen3_30b/transformer_final_pfill_markov_emb/transformer_eh4_h64_f2/layer_40/best.json
[TorchScriptPredictor Layer 40] Loading model on CPU
[TorchScriptPredictor Layer 40] Assuming prefill_dist, prev_expert_onehot, and prev_layers_feat support (v3 API).
[TorchScriptPredictor Layer 40] prefill_dist support: yes, prev_expert_onehot support: yes, prev_layers_feat support: yes
[TorchScriptPredictor Layer 40] Loaded model: /home/michael/heteroPredict/trainingData/qwen3_30b/transformer_final_pfill_markov_emb/transformer_eh4_h64_f2/layer_40/best_jit.pt
[ThreadedTorchScriptPredictor Layer 41] Detected history_length=4 from /home/michael/heteroPredict/trainingData/qwen3_30b/transformer_final_pfill_markov_emb/transformer_eh4_h64_f2/layer_41/best.json
[TorchScriptPredictor Layer 41] Loading model on CPU
[TorchScriptPredictor Layer 41] Assuming prefill_dist, prev_expert_onehot, and prev_layers_feat support (v3 API).
[TorchScriptPredictor Layer 41] prefill_dist support: yes, prev_expert_onehot support: yes, prev_layers_feat support: yes
[TorchScriptPredictor Layer 41] Loaded model: /home/michael/heteroPredict/trainingData/qwen3_30b/transformer_final_pfill_markov_emb/transformer_eh4_h64_f2/layer_41/best_jit.pt
[ThreadedTorchScriptPredictor Layer 42] Detected history_length=4 from /home/michael/heteroPredict/trainingData/qwen3_30b/transformer_final_pfill_markov_emb/transformer_eh4_h64_f2/layer_42/best.json
[TorchScriptPredictor Layer 42] Loading model on CPU
[TorchScriptPredictor Layer 42] Assuming prefill_dist, prev_expert_onehot, and prev_layers_feat support (v3 API).
[TorchScriptPredictor Layer 42] prefill_dist support: yes, prev_expert_onehot support: yes, prev_layers_feat support: yes
[TorchScriptPredictor Layer 42] Loaded model: /home/michael/heteroPredict/trainingData/qwen3_30b/transformer_final_pfill_markov_emb/transformer_eh4_h64_f2/layer_42/best_jit.pt
[ThreadedTorchScriptPredictor Layer 43] Detected history_length=4 from /home/michael/heteroPredict/trainingData/qwen3_30b/transformer_final_pfill_markov_emb/transformer_eh4_h64_f2/layer_43/best.json
[TorchScriptPredictor Layer 43] Loading model on CPU
[TorchScriptPredictor Layer 43] Assuming prefill_dist, prev_expert_onehot, and prev_layers_feat support (v3 API).
[TorchScriptPredictor Layer 43] prefill_dist support: yes, prev_expert_onehot support: yes, prev_layers_feat support: yes
[TorchScriptPredictor Layer 43] Loaded model: /home/michael/heteroPredict/trainingData/qwen3_30b/transformer_final_pfill_markov_emb/transformer_eh4_h64_f2/layer_43/best_jit.pt
[ThreadedTorchScriptPredictor Layer 44] Detected history_length=4 from /home/michael/heteroPredict/trainingData/qwen3_30b/transformer_final_pfill_markov_emb/transformer_eh4_h64_f2/layer_44/best.json
[TorchScriptPredictor Layer 44] Loading model on CPU
[TorchScriptPredictor Layer 44] Assuming prefill_dist, prev_expert_onehot, and prev_layers_feat support (v3 API).
[TorchScriptPredictor Layer 44] prefill_dist support: yes, prev_expert_onehot support: yes, prev_layers_feat support: yes
[TorchScriptPredictor Layer 44] Loaded model: /home/michael/heteroPredict/trainingData/qwen3_30b/transformer_final_pfill_markov_emb/transformer_eh4_h64_f2/layer_44/best_jit.pt
[ThreadedTorchScriptPredictor Layer 45] Detected history_length=4 from /home/michael/heteroPredict/trainingData/qwen3_30b/transformer_final_pfill_markov_emb/transformer_eh4_h64_f2/layer_45/best.json
[TorchScriptPredictor Layer 45] Loading model on CPU
[TorchScriptPredictor Layer 45] Assuming prefill_dist, prev_expert_onehot, and prev_layers_feat support (v3 API).
[TorchScriptPredictor Layer 45] prefill_dist support: yes, prev_expert_onehot support: yes, prev_layers_feat support: yes
[TorchScriptPredictor Layer 45] Loaded model: /home/michael/heteroPredict/trainingData/qwen3_30b/transformer_final_pfill_markov_emb/transformer_eh4_h64_f2/layer_45/best_jit.pt
[ThreadedTorchScriptPredictor Layer 46] Detected history_length=4 from /home/michael/heteroPredict/trainingData/qwen3_30b/transformer_final_pfill_markov_emb/transformer_eh4_h64_f2/layer_46/best.json
[TorchScriptPredictor Layer 46] Loading model on CPU
[TorchScriptPredictor Layer 46] Assuming prefill_dist, prev_expert_onehot, and prev_layers_feat support (v3 API).
[TorchScriptPredictor Layer 46] prefill_dist support: yes, prev_expert_onehot support: yes, prev_layers_feat support: yes
[TorchScriptPredictor Layer 46] Loaded model: /home/michael/heteroPredict/trainingData/qwen3_30b/transformer_final_pfill_markov_emb/transformer_eh4_h64_f2/layer_46/best_jit.pt
[ThreadedTorchScriptPredictor Layer 47] Detected history_length=4 from /home/michael/heteroPredict/trainingData/qwen3_30b/transformer_final_pfill_markov_emb/transformer_eh4_h64_f2/layer_47/best.json
[TorchScriptPredictor Layer 47] Loading model on CPU
[TorchScriptPredictor Layer 47] Assuming prefill_dist, prev_expert_onehot, and prev_layers_feat support (v3 API).
[TorchScriptPredictor Layer 47] prefill_dist support: yes, prev_expert_onehot support: yes, prev_layers_feat support: yes
[TorchScriptPredictor Layer 47] Loaded model: /home/michael/heteroPredict/trainingData/qwen3_30b/transformer_final_pfill_markov_emb/transformer_eh4_h64_f2/layer_47/best_jit.pt
UnifiedLLMW4A16 moved to device: cuda:0
Preloading MoE kernels...
MoE kernels preloaded.
UnifiedLLMW4A16 initialized on device: cuda:0 with w4a16 quantization
[Predictor] Lookahead stride set to 2 (predictor fires every 2 decode tokens)
Loading non-quantized weights from safetensors (mmap): /home/michael/heteroPredict/py/unified_llm_w4a16/model_weights/Qwen3-30B-A3B-AWQ.safetensors
Loaded 243 non-quantized parameters, skipped 0
Loading quantized weights from bins: /home/michael/heteroPredict/py/unified_llm_w4a16/model_weights/Qwen3-30B-A3B-AWQ_unpacked
  Expert weights dir override: /home/michael/heteroPredict/py/unified_llm_w4a16/model_weights/Qwen3-30B-A3B-AWQ_packed
Pre-warming 32 experts for all layers...
Layer 0: Pre-warming 32 experts.
Layer 0: using packed expert format.
[MoE I/O] Expert weight reads require O_DIRECT (no buffered fallback).
Layer 1: Pre-warming 32 experts.
Layer 1: using packed expert format.
Layer 2: Pre-warming 32 experts.
Layer 2: using packed expert format.
Layer 3: Pre-warming 32 experts.
Layer 3: using packed expert format.
Prewarmed experts for layer 4/48
Layer 4: Pre-warming 32 experts.
Layer 4: using packed expert format.
Layer 5: Pre-warming 32 experts.
Layer 5: using packed expert format.
Layer 6: Pre-warming 32 experts.
Layer 6: using packed expert format.
Layer 7: Pre-warming 32 experts.
Layer 7: using packed expert format.
Prewarmed experts for layer 8/48
Layer 8: Pre-warming 32 experts.
Layer 8: using packed expert format.
Layer 9: Pre-warming 32 experts.
Layer 9: using packed expert format.
Layer 10: Pre-warming 32 experts.
Layer 10: using packed expert format.
Layer 11: Pre-warming 32 experts.
Layer 11: using packed expert format.
Prewarmed experts for layer 12/48
Layer 12: Pre-warming 32 experts.
Layer 12: using packed expert format.
Layer 13: Pre-warming 32 experts.
Layer 13: using packed expert format.
Layer 14: Pre-warming 32 experts.
Layer 14: using packed expert format.
Layer 15: Pre-warming 32 experts.
Layer 15: using packed expert format.
Prewarmed experts for layer 16/48
Layer 16: Pre-warming 32 experts.
Layer 16: using packed expert format.
Layer 17: Pre-warming 32 experts.
Layer 17: using packed expert format.
Layer 18: Pre-warming 32 experts.
Layer 18: using packed expert format.
Layer 19: Pre-warming 32 experts.
Layer 19: using packed expert format.
Prewarmed experts for layer 20/48
Layer 20: Pre-warming 32 experts.
Layer 20: using packed expert format.
Layer 21: Pre-warming 32 experts.
Layer 21: using packed expert format.
Layer 22: Pre-warming 32 experts.
Layer 22: using packed expert format.
Layer 23: Pre-warming 32 experts.
Layer 23: using packed expert format.
Prewarmed experts for layer 24/48
Layer 24: Pre-warming 32 experts.
Layer 24: using packed expert format.
Layer 25: Pre-warming 32 experts.
Layer 25: using packed expert format.
Layer 26: Pre-warming 32 experts.
Layer 26: using packed expert format.
Layer 27: Pre-warming 32 experts.
Layer 27: using packed expert format.
Prewarmed experts for layer 28/48
Layer 28: Pre-warming 32 experts.
Layer 28: using packed expert format.
Layer 29: Pre-warming 32 experts.
Layer 29: using packed expert format.
Layer 30: Pre-warming 32 experts.
Layer 30: using packed expert format.
Layer 31: Pre-warming 32 experts.
Layer 31: using packed expert format.
Prewarmed experts for layer 32/48
Layer 32: Pre-warming 32 experts.
Layer 32: using packed expert format.
Layer 33: Pre-warming 32 experts.
Layer 33: using packed expert format.
Layer 34: Pre-warming 32 experts.
Layer 34: using packed expert format.
Layer 35: Pre-warming 32 experts.
Layer 35: using packed expert format.
Prewarmed experts for layer 36/48
Layer 36: Pre-warming 32 experts.
Layer 36: using packed expert format.
Layer 37: Pre-warming 32 experts.
Layer 37: using packed expert format.
Layer 38: Pre-warming 32 experts.
Layer 38: using packed expert format.
Layer 39: Pre-warming 32 experts.
Layer 39: using packed expert format.
Prewarmed experts for layer 40/48
Layer 40: Pre-warming 32 experts.
Layer 40: using packed expert format.
Layer 41: Pre-warming 32 experts.
Layer 41: using packed expert format.
Layer 42: Pre-warming 32 experts.
Layer 42: using packed expert format.
Layer 43: Pre-warming 32 experts.
Layer 43: using packed expert format.
Prewarmed experts for layer 44/48
Layer 44: Pre-warming 32 experts.
Layer 44: using packed expert format.
Layer 45: Pre-warming 32 experts.
Layer 45: using packed expert format.
Layer 46: Pre-warming 32 experts.
Layer 46: using packed expert format.
Layer 47: Pre-warming 32 experts.
Layer 47: using packed expert format.
Prewarmed experts for layer 48/48
Libtorch input_ids shape: [1, 512]
Skipping warmup.
Prefill time: 18.5092 seconds
[Predictor] Prefill-end expert cache warmup (excluded from generation TPS).
[Layer 0 Warmup Debug] predict_sync returned: 28 91 64 122 31 87 107 69 33 46 105 68 82 75 124 110 81 120 47 112 66 53 93 86 101 67 72 14 77 62 74 61 6 100 65 83 23 44 73 125 63 30 98 40 0 41 92 9 43 95 24 22 79 26 34 123 38 118 11 70 18 32 57 126 37 102 90 89 3 56 13 21 50 12 35 27 17 78 42 80 113 108 51 116 25 96 106 20 7 5 109 19 111 49 119 103 39 55 59 54 10 15 76 16 1 99 104 29 115 127 60 85 71 88 4 2 117 94 114 45 8 58 36 84 52 48 121 97 
[Layer 0 Warmup Debug] experts_to_prefetch returned: 28 91 64 122 31 87 107 69 
[Layer 0 Warmup Debug] After prefill-end warmup, slots are: 31 87 69 102 103 104 105 106 107 108 109 110 111 112 113 114 115 116 117 118 119 120 121 122 123 124 125 126 127 28 91 64 
Generation phase
[Layer 0 Step 0 Debug] Slots before check: 31 87 69 102 103 104 105 106 107 108 109 110 111 112 113 114 115 116 117 118 119 120 121 122 123 124 125 126 127 28 91 64 
[Layer 0 Step 0 Debug] Requested: 28 64 77 82 23 122 116 112 
[gen 5/79] elapsed=1.5s  TPS=3.254
[gen 10/79] elapsed=2.7s  TPS=3.695
[gen 15/79] elapsed=4.6s  TPS=3.233
[gen 20/79] elapsed=6.0s  TPS=3.356
[gen 25/79] elapsed=7.2s  TPS=3.496
[gen 30/79] elapsed=8.6s  TPS=3.486
[gen 35/79] elapsed=9.8s  TPS=3.557
[gen 40/79] elapsed=11.2s  TPS=3.577
[gen 45/79] elapsed=12.6s  TPS=3.582
[gen 50/79] elapsed=14.0s  TPS=3.567
[gen 55/79] elapsed=15.6s  TPS=3.536
[gen 60/79] elapsed=16.9s  TPS=3.552
[gen 65/79] elapsed=18.1s  TPS=3.584
[gen 70/79] elapsed=19.6s  TPS=3.574
[gen 75/79] elapsed=20.8s  TPS=3.600
Prefill time (summary): 18.509 seconds
Total Generation Time: 21.950 seconds
Average Time per Token: 0.27785 seconds

Expert Cache Statistics:
Layer 0 Cache Stats: Hits=342, Misses=290, HitRate=54.11%
    Predictor Routed-Expert HitRate=17.95% (7/39, routed_n=1, horizon=2)
    Predictor RoutedForcedN HitRate=17.95% (7/39)
    Predictor RoutedTopK HitRate=21.15% (66/312)
    Predicted RequestedByRouterForcedN Rate=2.24% (7/312)
    Predicted RequestedByRouterTopK Rate=21.15% (66/312)
    Predictor WindowRecall Rate=30.86% (179/580)
    Predictor WindowPrecision Rate=57.37% (179/312)
    Loads Per Step: 0Loads=4, 1Load=8, >1Load=67
    Bandwidth: StallLoads=290, PrefetchLoads=160, AvgLoadTime=2.61ms
    PrefetchOverlap: HiddenReady=86, HiddenWait=0, TicksSkipped=0
    MissCause: NotPresent=290, NotReadyStall=0
    PrefetchEff: Dropped=0, AlreadyCached=160, UsedBeforeEvict=86, EvictedBeforeUse=66
    GlobalSpecLoad: PeakConcurrent=6
    Predictor TopK matches: 0=32 1=7 >=2=0
Layer 1 Cache Stats: Hits=428, Misses=204, HitRate=67.72%
    Predictor Routed-Expert HitRate=41.03% (16/39, routed_n=1, horizon=2)
    Predictor RoutedForcedN HitRate=41.03% (16/39)
    Predictor RoutedTopK HitRate=42.95% (134/312)
    Predicted RequestedByRouterForcedN Rate=5.13% (16/312)
    Predicted RequestedByRouterTopK Rate=42.95% (134/312)
    Predictor WindowRecall Rate=43.31% (230/531)
    Predictor WindowPrecision Rate=73.72% (230/312)
    Loads Per Step: 0Loads=7, 1Load=15, >1Load=57
    Bandwidth: StallLoads=204, PrefetchLoads=87, AvgLoadTime=3.08ms
    PrefetchOverlap: HiddenReady=64, HiddenWait=0, TicksSkipped=0
    MissCause: NotPresent=204, NotReadyStall=0
    PrefetchEff: Dropped=0, AlreadyCached=233, UsedBeforeEvict=64, EvictedBeforeUse=20
    Predictor TopK matches: 0=23 1=16 >=2=0
Layer 2 Cache Stats: Hits=480, Misses=152, HitRate=75.95%
    Predictor Routed-Expert HitRate=64.10% (25/39, routed_n=1, horizon=2)
    Predictor RoutedForcedN HitRate=64.10% (25/39)
    Predictor RoutedTopK HitRate=40.38% (126/312)
    Predicted RequestedByRouterForcedN Rate=8.01% (25/312)
    Predicted RequestedByRouterTopK Rate=40.38% (126/312)
    Predictor WindowRecall Rate=42.99% (224/521)
    Predictor WindowPrecision Rate=71.79% (224/312)
    Loads Per Step: 0Loads=10, 1Load=23, >1Load=46
    Bandwidth: StallLoads=152, PrefetchLoads=60, AvgLoadTime=3.97ms
    PrefetchOverlap: HiddenReady=49, HiddenWait=0, TicksSkipped=0
    MissCause: NotPresent=152, NotReadyStall=0
    PrefetchEff: Dropped=0, AlreadyCached=260, UsedBeforeEvict=49, EvictedBeforeUse=9
    Predictor TopK matches: 0=14 1=25 >=2=0
Layer 3 Cache Stats: Hits=453, Misses=179, HitRate=71.68%
    Predictor Routed-Expert HitRate=56.41% (22/39, routed_n=1, horizon=2)
    Predictor RoutedForcedN HitRate=56.41% (22/39)
    Predictor RoutedTopK HitRate=39.42% (123/312)
    Predicted RequestedByRouterForcedN Rate=7.05% (22/312)
    Predicted RequestedByRouterTopK Rate=39.42% (123/312)
    Predictor WindowRecall Rate=41.21% (218/529)
    Predictor WindowPrecision Rate=69.87% (218/312)
    Loads Per Step: 0Loads=12, 1Load=19, >1Load=48
    Bandwidth: StallLoads=179, PrefetchLoads=81, AvgLoadTime=2.98ms
    PrefetchOverlap: HiddenReady=56, HiddenWait=0, TicksSkipped=0
    MissCause: NotPresent=179, NotReadyStall=0
    PrefetchEff: Dropped=0, AlreadyCached=239, UsedBeforeEvict=56, EvictedBeforeUse=24
    Predictor TopK matches: 0=17 1=22 >=2=0
Layer 4 Cache Stats: Hits=500, Misses=132, HitRate=79.11%
    Predictor Routed-Expert HitRate=58.97% (23/39, routed_n=1, horizon=2)
    Predictor RoutedForcedN HitRate=58.97% (23/39)
    Predictor RoutedTopK HitRate=46.15% (144/312)
    Predicted RequestedByRouterForcedN Rate=7.37% (23/312)
    Predicted RequestedByRouterTopK Rate=46.15% (144/312)
    Predictor WindowRecall Rate=45.11% (226/501)
    Predictor WindowPrecision Rate=72.44% (226/312)
    Loads Per Step: 0Loads=16, 1Load=22, >1Load=41
    Bandwidth: StallLoads=132, PrefetchLoads=50, AvgLoadTime=3.38ms
    PrefetchOverlap: HiddenReady=36, HiddenWait=0, TicksSkipped=0
    MissCause: NotPresent=132, NotReadyStall=0
    PrefetchEff: Dropped=0, AlreadyCached=270, UsedBeforeEvict=36, EvictedBeforeUse=14
    Predictor TopK matches: 0=16 1=23 >=2=0
Layer 5 Cache Stats: Hits=501, Misses=131, HitRate=79.27%
    Predictor Routed-Expert HitRate=41.03% (16/39, routed_n=1, horizon=2)
    Predictor RoutedForcedN HitRate=41.03% (16/39)
    Predictor RoutedTopK HitRate=40.71% (127/312)
    Predicted RequestedByRouterForcedN Rate=5.13% (16/312)
    Predicted RequestedByRouterTopK Rate=40.71% (127/312)
    Predictor WindowRecall Rate=45.19% (230/509)
    Predictor WindowPrecision Rate=73.72% (230/312)
    Loads Per Step: 0Loads=16, 1Load=27, >1Load=36
    Bandwidth: StallLoads=131, PrefetchLoads=61, AvgLoadTime=3.24ms
    PrefetchOverlap: HiddenReady=36, HiddenWait=0, TicksSkipped=0
    MissCause: NotPresent=131, NotReadyStall=0
    PrefetchEff: Dropped=0, AlreadyCached=259, UsedBeforeEvict=36, EvictedBeforeUse=25
    Predictor TopK matches: 0=23 1=16 >=2=0
Layer 6 Cache Stats: Hits=569, Misses=63, HitRate=90.03%
    Predictor Routed-Expert HitRate=74.36% (29/39, routed_n=1, horizon=2)
    Predictor RoutedForcedN HitRate=74.36% (29/39)
    Predictor RoutedTopK HitRate=56.09% (175/312)
    Predicted RequestedByRouterForcedN Rate=9.29% (29/312)
    Predicted RequestedByRouterTopK Rate=56.09% (175/312)
    Predictor WindowRecall Rate=53.52% (243/454)
    Predictor WindowPrecision Rate=77.88% (243/312)
    Loads Per Step: 0Loads=31, 1Load=35, >1Load=13
    Bandwidth: StallLoads=63, PrefetchLoads=21, AvgLoadTime=3.89ms
    PrefetchOverlap: HiddenReady=16, HiddenWait=0, TicksSkipped=0
    MissCause: NotPresent=63, NotReadyStall=0
    PrefetchEff: Dropped=0, AlreadyCached=299, UsedBeforeEvict=16, EvictedBeforeUse=4
    Predictor TopK matches: 0=10 1=29 >=2=0
Layer 7 Cache Stats: Hits=583, Misses=49, HitRate=92.25%
    Predictor Routed-Expert HitRate=71.79% (28/39, routed_n=1, horizon=2)
    Predictor RoutedForcedN HitRate=71.79% (28/39)
    Predictor RoutedTopK HitRate=58.01% (181/312)
    Predicted RequestedByRouterForcedN Rate=8.97% (28/312)
    Predicted RequestedByRouterTopK Rate=58.01% (181/312)
    Predictor WindowRecall Rate=55.41% (251/453)
    Predictor WindowPrecision Rate=80.45% (251/312)
    Loads Per Step: 0Loads=42, 1Load=28, >1Load=9
    Bandwidth: StallLoads=49, PrefetchLoads=11, AvgLoadTime=4.28ms
    PrefetchOverlap: HiddenReady=8, HiddenWait=0, TicksSkipped=0
    MissCause: NotPresent=49, NotReadyStall=0
    PrefetchEff: Dropped=0, AlreadyCached=309, UsedBeforeEvict=8, EvictedBeforeUse=3
    Predictor TopK matches: 0=11 1=28 >=2=0
Layer 8 Cache Stats: Hits=546, Misses=86, HitRate=86.39%
    Predictor Routed-Expert HitRate=56.41% (22/39, routed_n=1, horizon=2)
    Predictor RoutedForcedN HitRate=56.41% (22/39)
    Predictor RoutedTopK HitRate=48.08% (150/312)
    Predicted RequestedByRouterForcedN Rate=7.05% (22/312)
    Predicted RequestedByRouterTopK Rate=48.08% (150/312)
    Predictor WindowRecall Rate=50.92% (248/487)
    Predictor WindowPrecision Rate=79.49% (248/312)
    Loads Per Step: 0Loads=25, 1Load=33, >1Load=21
    Bandwidth: StallLoads=86, PrefetchLoads=43, AvgLoadTime=3.27ms
    PrefetchOverlap: HiddenReady=37, HiddenWait=0, TicksSkipped=0
    MissCause: NotPresent=86, NotReadyStall=0
    PrefetchEff: Dropped=0, AlreadyCached=277, UsedBeforeEvict=37, EvictedBeforeUse=6
    Predictor TopK matches: 0=17 1=22 >=2=0
Layer 9 Cache Stats: Hits=547, Misses=85, HitRate=86.55%
    Predictor Routed-Expert HitRate=76.92% (30/39, routed_n=1, horizon=2)
    Predictor RoutedForcedN HitRate=76.92% (30/39)
    Predictor RoutedTopK HitRate=50.96% (159/312)
    Predicted RequestedByRouterForcedN Rate=9.62% (30/312)
    Predicted RequestedByRouterTopK Rate=50.96% (159/312)
    Predictor WindowRecall Rate=50.94% (243/477)
    Predictor WindowPrecision Rate=77.88% (243/312)
    Loads Per Step: 0Loads=22, 1Load=37, >1Load=20
    Bandwidth: StallLoads=85, PrefetchLoads=31, AvgLoadTime=3.75ms
    PrefetchOverlap: HiddenReady=24, HiddenWait=0, TicksSkipped=0
    MissCause: NotPresent=85, NotReadyStall=0
    PrefetchEff: Dropped=0, AlreadyCached=289, UsedBeforeEvict=24, EvictedBeforeUse=7
    Predictor TopK matches: 0=9 1=30 >=2=0
Layer 10 Cache Stats: Hits=512, Misses=120, HitRate=81.01%
    Predictor Routed-Expert HitRate=64.10% (25/39, routed_n=1, horizon=2)
    Predictor RoutedForcedN HitRate=64.10% (25/39)
    Predictor RoutedTopK HitRate=46.79% (146/312)
    Predicted RequestedByRouterForcedN Rate=8.01% (25/312)
    Predicted RequestedByRouterTopK Rate=46.79% (146/312)
    Predictor WindowRecall Rate=47.91% (241/503)
    Predictor WindowPrecision Rate=77.24% (241/312)
    Loads Per Step: 0Loads=21, 1Load=22, >1Load=36
    Bandwidth: StallLoads=120, PrefetchLoads=49, AvgLoadTime=3.37ms
    PrefetchOverlap: HiddenReady=38, HiddenWait=0, TicksSkipped=0
    MissCause: NotPresent=120, NotReadyStall=0
    PrefetchEff: Dropped=0, AlreadyCached=271, UsedBeforeEvict=38, EvictedBeforeUse=11
    Predictor TopK matches: 0=14 1=25 >=2=0
Layer 11 Cache Stats: Hits=477, Misses=155, HitRate=75.47%
    Predictor Routed-Expert HitRate=71.79% (28/39, routed_n=1, horizon=2)
    Predictor RoutedForcedN HitRate=71.79% (28/39)
    Predictor RoutedTopK HitRate=41.99% (131/312)
    Predicted RequestedByRouterForcedN Rate=8.97% (28/312)
    Predicted RequestedByRouterTopK Rate=41.99% (131/312)
    Predictor WindowRecall Rate=46.25% (234/506)
    Predictor WindowPrecision Rate=75.00% (234/312)
    Loads Per Step: 0Loads=8, 1Load=24, >1Load=47
    Bandwidth: StallLoads=155, PrefetchLoads=61, AvgLoadTime=2.99ms
    PrefetchOverlap: HiddenReady=50, HiddenWait=0, TicksSkipped=0
    MissCause: NotPresent=155, NotReadyStall=0
    PrefetchEff: Dropped=0, AlreadyCached=259, UsedBeforeEvict=50, EvictedBeforeUse=11
    Predictor TopK matches: 0=11 1=28 >=2=0
Layer 12 Cache Stats: Hits=510, Misses=122, HitRate=80.70%
    Predictor Routed-Expert HitRate=53.85% (21/39, routed_n=1, horizon=2)
    Predictor RoutedForcedN HitRate=53.85% (21/39)
    Predictor RoutedTopK HitRate=46.47% (145/312)
    Predicted RequestedByRouterForcedN Rate=6.73% (21/312)
    Predicted RequestedByRouterTopK Rate=46.47% (145/312)
    Predictor WindowRecall Rate=48.07% (236/491)
    Predictor WindowPrecision Rate=75.64% (236/312)
    Loads Per Step: 0Loads=12, 1Load=35, >1Load=32
    Bandwidth: StallLoads=122, PrefetchLoads=59, AvgLoadTime=3.47ms
    PrefetchOverlap: HiddenReady=43, HiddenWait=0, TicksSkipped=0
    MissCause: NotPresent=122, NotReadyStall=0
    PrefetchEff: Dropped=0, AlreadyCached=261, UsedBeforeEvict=43, EvictedBeforeUse=15
    Predictor TopK matches: 0=18 1=21 >=2=0
Layer 13 Cache Stats: Hits=478, Misses=154, HitRate=75.63%
    Predictor Routed-Expert HitRate=56.41% (22/39, routed_n=1, horizon=2)
    Predictor RoutedForcedN HitRate=56.41% (22/39)
    Predictor RoutedTopK HitRate=48.08% (150/312)
    Predicted RequestedByRouterForcedN Rate=7.05% (22/312)
    Predicted RequestedByRouterTopK Rate=48.08% (150/312)
    Predictor WindowRecall Rate=47.64% (242/508)
    Predictor WindowPrecision Rate=77.56% (242/312)
    Loads Per Step: 0Loads=8, 1Load=24, >1Load=47
    Bandwidth: StallLoads=154, PrefetchLoads=70, AvgLoadTime=3.21ms
    PrefetchOverlap: HiddenReady=54, HiddenWait=0, TicksSkipped=0
    MissCause: NotPresent=154, NotReadyStall=0
    PrefetchEff: Dropped=0, AlreadyCached=250, UsedBeforeEvict=54, EvictedBeforeUse=15
    Predictor TopK matches: 0=17 1=22 >=2=0
Layer 14 Cache Stats: Hits=518, Misses=114, HitRate=81.96%
    Predictor Routed-Expert HitRate=56.41% (22/39, routed_n=1, horizon=2)
    Predictor RoutedForcedN HitRate=56.41% (22/39)
    Predictor RoutedTopK HitRate=46.47% (145/312)
    Predicted RequestedByRouterForcedN Rate=7.05% (22/312)
    Predicted RequestedByRouterTopK Rate=46.47% (145/312)
    Predictor WindowRecall Rate=46.94% (230/490)
    Predictor WindowPrecision Rate=73.72% (230/312)
    Loads Per Step: 0Loads=20, 1Load=26, >1Load=33
    Bandwidth: StallLoads=114, PrefetchLoads=55, AvgLoadTime=3.53ms
    PrefetchOverlap: HiddenReady=42, HiddenWait=0, TicksSkipped=0
    MissCause: NotPresent=114, NotReadyStall=0
    PrefetchEff: Dropped=0, AlreadyCached=265, UsedBeforeEvict=42, EvictedBeforeUse=12
    Predictor TopK matches: 0=17 1=22 >=2=0
Layer 15 Cache Stats: Hits=552, Misses=80, HitRate=87.34%
    Predictor Routed-Expert HitRate=69.23% (27/39, routed_n=1, horizon=2)
    Predictor RoutedForcedN HitRate=69.23% (27/39)
    Predictor RoutedTopK HitRate=50.00% (156/312)
    Predicted RequestedByRouterForcedN Rate=8.65% (27/312)
    Predicted RequestedByRouterTopK Rate=50.00% (156/312)
    Predictor WindowRecall Rate=48.82% (228/467)
    Predictor WindowPrecision Rate=73.08% (228/312)
    Loads Per Step: 0Loads=32, 1Load=26, >1Load=21
    Bandwidth: StallLoads=80, PrefetchLoads=40, AvgLoadTime=4.12ms
    PrefetchOverlap: HiddenReady=25, HiddenWait=0, TicksSkipped=0
    MissCause: NotPresent=80, NotReadyStall=0
    PrefetchEff: Dropped=0, AlreadyCached=280, UsedBeforeEvict=25, EvictedBeforeUse=15
    Predictor TopK matches: 0=12 1=27 >=2=0
Layer 16 Cache Stats: Hits=512, Misses=120, HitRate=81.01%
    Predictor Routed-Expert HitRate=87.18% (34/39, routed_n=1, horizon=2)
    Predictor RoutedForcedN HitRate=87.18% (34/39)
    Predictor RoutedTopK HitRate=48.40% (151/312)
    Predicted RequestedByRouterForcedN Rate=10.90% (34/312)
    Predicted RequestedByRouterTopK Rate=48.40% (151/312)
    Predictor WindowRecall Rate=48.30% (227/470)
    Predictor WindowPrecision Rate=72.76% (227/312)
    Loads Per Step: 0Loads=15, 1Load=26, >1Load=38
    Bandwidth: StallLoads=120, PrefetchLoads=44, AvgLoadTime=3.39ms
    PrefetchOverlap: HiddenReady=27, HiddenWait=0, TicksSkipped=0
    MissCause: NotPresent=120, NotReadyStall=0
    PrefetchEff: Dropped=0, AlreadyCached=276, UsedBeforeEvict=27, EvictedBeforeUse=14
    Predictor TopK matches: 0=5 1=34 >=2=0
Layer 17 Cache Stats: Hits=506, Misses=126, HitRate=80.06%
    Predictor Routed-Expert HitRate=53.85% (21/39, routed_n=1, horizon=2)
    Predictor RoutedForcedN HitRate=53.85% (21/39)
    Predictor RoutedTopK HitRate=42.63% (133/312)
    Predicted RequestedByRouterForcedN Rate=6.73% (21/312)
    Predicted RequestedByRouterTopK Rate=42.63% (133/312)
    Predictor WindowRecall Rate=43.73% (223/510)
    Predictor WindowPrecision Rate=71.47% (223/312)
    Loads Per Step: 0Loads=15, 1Load=23, >1Load=41
    Bandwidth: StallLoads=126, PrefetchLoads=84, AvgLoadTime=3.13ms
    PrefetchOverlap: HiddenReady=59, HiddenWait=0, TicksSkipped=0
    MissCause: NotPresent=126, NotReadyStall=0
    PrefetchEff: Dropped=0, AlreadyCached=236, UsedBeforeEvict=59, EvictedBeforeUse=20
    Predictor TopK matches: 0=18 1=21 >=2=0
Layer 18 Cache Stats: Hits=572, Misses=60, HitRate=90.51%
    Predictor Routed-Expert HitRate=71.79% (28/39, routed_n=1, horizon=2)
    Predictor RoutedForcedN HitRate=71.79% (28/39)
    Predictor RoutedTopK HitRate=55.77% (174/312)
    Predicted RequestedByRouterForcedN Rate=8.97% (28/312)
    Predicted RequestedByRouterTopK Rate=55.77% (174/312)
    Predictor WindowRecall Rate=54.08% (252/466)
    Predictor WindowPrecision Rate=80.77% (252/312)
    Loads Per Step: 0Loads=39, 1Load=26, >1Load=14
    Bandwidth: StallLoads=60, PrefetchLoads=20, AvgLoadTime=3.90ms
    PrefetchOverlap: HiddenReady=20, HiddenWait=0, TicksSkipped=0
    MissCause: NotPresent=60, NotReadyStall=0
    PrefetchEff: Dropped=0, AlreadyCached=300, UsedBeforeEvict=20, EvictedBeforeUse=0
    Predictor TopK matches: 0=11 1=28 >=2=0
Layer 19 Cache Stats: Hits=576, Misses=56, HitRate=91.14%
    Predictor Routed-Expert HitRate=76.92% (30/39, routed_n=1, horizon=2)
    Predictor RoutedForcedN HitRate=76.92% (30/39)
    Predictor RoutedTopK HitRate=59.29% (185/312)
    Predicted RequestedByRouterForcedN Rate=9.62% (30/312)
    Predicted RequestedByRouterTopK Rate=59.29% (185/312)
    Predictor WindowRecall Rate=55.83% (249/446)
    Predictor WindowPrecision Rate=79.81% (249/312)
    Loads Per Step: 0Loads=39, 1Load=24, >1Load=16
    Bandwidth: StallLoads=56, PrefetchLoads=17, AvgLoadTime=4.24ms
    PrefetchOverlap: HiddenReady=13, HiddenWait=0, TicksSkipped=0
    MissCause: NotPresent=56, NotReadyStall=0
    PrefetchEff: Dropped=0, AlreadyCached=303, UsedBeforeEvict=13, EvictedBeforeUse=2
    Predictor TopK matches: 0=9 1=30 >=2=0
Layer 20 Cache Stats: Hits=548, Misses=84, HitRate=86.71%
    Predictor Routed-Expert HitRate=74.36% (29/39, routed_n=1, horizon=2)
    Predictor RoutedForcedN HitRate=74.36% (29/39)
    Predictor RoutedTopK HitRate=50.96% (159/312)
    Predicted RequestedByRouterForcedN Rate=9.29% (29/312)
    Predicted RequestedByRouterTopK Rate=50.96% (159/312)
    Predictor WindowRecall Rate=49.79% (242/486)
    Predictor WindowPrecision Rate=77.56% (242/312)
    Loads Per Step: 0Loads=27, 1Load=28, >1Load=24
    Bandwidth: StallLoads=84, PrefetchLoads=27, AvgLoadTime=3.88ms
    PrefetchOverlap: HiddenReady=23, HiddenWait=0, TicksSkipped=0
    MissCause: NotPresent=84, NotReadyStall=0
    PrefetchEff: Dropped=0, AlreadyCached=293, UsedBeforeEvict=23, EvictedBeforeUse=4
    Predictor TopK matches: 0=10 1=29 >=2=0
Layer 21 Cache Stats: Hits=572, Misses=60, HitRate=90.51%
    Predictor Routed-Expert HitRate=69.23% (27/39, routed_n=1, horizon=2)
    Predictor RoutedForcedN HitRate=69.23% (27/39)
    Predictor RoutedTopK HitRate=56.73% (177/312)
    Predicted RequestedByRouterForcedN Rate=8.65% (27/312)
    Predicted RequestedByRouterTopK Rate=56.73% (177/312)
    Predictor WindowRecall Rate=52.90% (255/482)
    Predictor WindowPrecision Rate=81.73% (255/312)
    Loads Per Step: 0Loads=34, 1Load=35, >1Load=10
    Bandwidth: StallLoads=60, PrefetchLoads=18, AvgLoadTime=3.96ms
    PrefetchOverlap: HiddenReady=16, HiddenWait=0, TicksSkipped=0
    MissCause: NotPresent=60, NotReadyStall=0
    PrefetchEff: Dropped=0, AlreadyCached=302, UsedBeforeEvict=16, EvictedBeforeUse=2
    Predictor TopK matches: 0=12 1=27 >=2=0
Layer 22 Cache Stats: Hits=502, Misses=130, HitRate=79.43%
    Predictor Routed-Expert HitRate=71.79% (28/39, routed_n=1, horizon=2)
    Predictor RoutedForcedN HitRate=71.79% (28/39)
    Predictor RoutedTopK HitRate=49.36% (154/312)
    Predicted RequestedByRouterForcedN Rate=8.97% (28/312)
    Predicted RequestedByRouterTopK Rate=49.36% (154/312)
    Predictor WindowRecall Rate=48.12% (243/505)
    Predictor WindowPrecision Rate=77.88% (243/312)
    Loads Per Step: 0Loads=11, 1Load=29, >1Load=39
    Bandwidth: StallLoads=130, PrefetchLoads=49, AvgLoadTime=3.45ms
    PrefetchOverlap: HiddenReady=38, HiddenWait=0, TicksSkipped=0
    MissCause: NotPresent=130, NotReadyStall=0
    PrefetchEff: Dropped=0, AlreadyCached=271, UsedBeforeEvict=38, EvictedBeforeUse=11
    Predictor TopK matches: 0=11 1=28 >=2=0
Layer 23 Cache Stats: Hits=501, Misses=131, HitRate=79.27%
    Predictor Routed-Expert HitRate=71.79% (28/39, routed_n=1, horizon=2)
    Predictor RoutedForcedN HitRate=71.79% (28/39)
    Predictor RoutedTopK HitRate=43.91% (137/312)
    Predicted RequestedByRouterForcedN Rate=8.97% (28/312)
    Predicted RequestedByRouterTopK Rate=43.91% (137/312)
    Predictor WindowRecall Rate=46.61% (234/502)
    Predictor WindowPrecision Rate=75.00% (234/312)
    Loads Per Step: 0Loads=20, 1Load=17, >1Load=42
    Bandwidth: StallLoads=131, PrefetchLoads=74, AvgLoadTime=3.16ms
    PrefetchOverlap: HiddenReady=64, HiddenWait=0, TicksSkipped=0
    MissCause: NotPresent=131, NotReadyStall=0
    PrefetchEff: Dropped=0, AlreadyCached=246, UsedBeforeEvict=64, EvictedBeforeUse=9
    Predictor TopK matches: 0=11 1=28 >=2=0
Layer 24 Cache Stats: Hits=520, Misses=112, HitRate=82.28%
    Predictor Routed-Expert HitRate=61.54% (24/39, routed_n=1, horizon=2)
    Predictor RoutedForcedN HitRate=61.54% (24/39)
    Predictor RoutedTopK HitRate=52.56% (164/312)
    Predicted RequestedByRouterForcedN Rate=7.69% (24/312)
    Predicted RequestedByRouterTopK Rate=52.56% (164/312)
    Predictor WindowRecall Rate=51.02% (251/492)
    Predictor WindowPrecision Rate=80.45% (251/312)
    Loads Per Step: 0Loads=20, 1Load=22, >1Load=37
    Bandwidth: StallLoads=112, PrefetchLoads=53, AvgLoadTime=3.88ms
    PrefetchOverlap: HiddenReady=44, HiddenWait=0, TicksSkipped=0
    MissCause: NotPresent=112, NotReadyStall=0
    PrefetchEff: Dropped=0, AlreadyCached=267, UsedBeforeEvict=44, EvictedBeforeUse=8
    Predictor TopK matches: 0=15 1=24 >=2=0
Layer 25 Cache Stats: Hits=484, Misses=148, HitRate=76.58%
    Predictor Routed-Expert HitRate=58.97% (23/39, routed_n=1, horizon=2)
    Predictor RoutedForcedN HitRate=58.97% (23/39)
    Predictor RoutedTopK HitRate=39.42% (123/312)
    Predicted RequestedByRouterForcedN Rate=7.37% (23/312)
    Predicted RequestedByRouterTopK Rate=39.42% (123/312)
    Predictor WindowRecall Rate=42.31% (220/520)
    Predictor WindowPrecision Rate=70.51% (220/312)
    Loads Per Step: 0Loads=12, 1Load=20, >1Load=47
    Bandwidth: StallLoads=148, PrefetchLoads=63, AvgLoadTime=3.45ms
    PrefetchOverlap: HiddenReady=43, HiddenWait=0, TicksSkipped=0
    MissCause: NotPresent=148, NotReadyStall=0
    PrefetchEff: Dropped=0, AlreadyCached=257, UsedBeforeEvict=43, EvictedBeforeUse=18
    Predictor TopK matches: 0=16 1=23 >=2=0
Layer 26 Cache Stats: Hits=499, Misses=133, HitRate=78.96%
    Predictor Routed-Expert HitRate=56.41% (22/39, routed_n=1, horizon=2)
    Predictor RoutedForcedN HitRate=56.41% (22/39)
    Predictor RoutedTopK HitRate=44.23% (138/312)
    Predicted RequestedByRouterForcedN Rate=7.05% (22/312)
    Predicted RequestedByRouterTopK Rate=44.23% (138/312)
    Predictor WindowRecall Rate=47.00% (235/500)
    Predictor WindowPrecision Rate=75.32% (235/312)
    Loads Per Step: 0Loads=10, 1Load=31, >1Load=38
    Bandwidth: StallLoads=133, PrefetchLoads=61, AvgLoadTime=3.37ms
    PrefetchOverlap: HiddenReady=49, HiddenWait=0, TicksSkipped=0
    MissCause: NotPresent=133, NotReadyStall=0
    PrefetchEff: Dropped=0, AlreadyCached=259, UsedBeforeEvict=49, EvictedBeforeUse=11
    Predictor TopK matches: 0=17 1=22 >=2=0
Layer 27 Cache Stats: Hits=531, Misses=101, HitRate=84.02%
    Predictor Routed-Expert HitRate=71.79% (28/39, routed_n=1, horizon=2)
    Predictor RoutedForcedN HitRate=71.79% (28/39)
    Predictor RoutedTopK HitRate=53.85% (168/312)
    Predicted RequestedByRouterForcedN Rate=8.97% (28/312)
    Predicted RequestedByRouterTopK Rate=53.85% (168/312)
    Predictor WindowRecall Rate=52.07% (251/482)
    Predictor WindowPrecision Rate=80.45% (251/312)
    Loads Per Step: 0Loads=19, 1Load=36, >1Load=24
    Bandwidth: StallLoads=101, PrefetchLoads=32, AvgLoadTime=3.49ms
    PrefetchOverlap: HiddenReady=26, HiddenWait=0, TicksSkipped=0
    MissCause: NotPresent=101, NotReadyStall=0
    PrefetchEff: Dropped=0, AlreadyCached=288, UsedBeforeEvict=26, EvictedBeforeUse=6
    Predictor TopK matches: 0=11 1=28 >=2=0
Layer 28 Cache Stats: Hits=504, Misses=128, HitRate=79.75%
    Predictor Routed-Expert HitRate=76.92% (30/39, routed_n=1, horizon=2)
    Predictor RoutedForcedN HitRate=76.92% (30/39)
    Predictor RoutedTopK HitRate=46.79% (146/312)
    Predicted RequestedByRouterForcedN Rate=9.62% (30/312)
    Predicted RequestedByRouterTopK Rate=46.79% (146/312)
    Predictor WindowRecall Rate=48.35% (235/486)
    Predictor WindowPrecision Rate=75.32% (235/312)
    Loads Per Step: 0Loads=13, 1Load=26, >1Load=40
    Bandwidth: StallLoads=128, PrefetchLoads=40, AvgLoadTime=3.57ms
    PrefetchOverlap: HiddenReady=25, HiddenWait=0, TicksSkipped=0
    MissCause: NotPresent=128, NotReadyStall=0
    PrefetchEff: Dropped=0, AlreadyCached=280, UsedBeforeEvict=25, EvictedBeforeUse=14
    Predictor TopK matches: 0=9 1=30 >=2=0
Layer 29 Cache Stats: Hits=502, Misses=130, HitRate=79.43%
    Predictor Routed-Expert HitRate=48.72% (19/39, routed_n=1, horizon=2)
    Predictor RoutedForcedN HitRate=48.72% (19/39)
    Predictor RoutedTopK HitRate=40.71% (127/312)
    Predicted RequestedByRouterForcedN Rate=6.09% (19/312)
    Predicted RequestedByRouterTopK Rate=40.71% (127/312)
    Predictor WindowRecall Rate=45.22% (232/513)
    Predictor WindowPrecision Rate=74.36% (232/312)
    Loads Per Step: 0Loads=17, 1Load=27, >1Load=35
    Bandwidth: StallLoads=130, PrefetchLoads=73, AvgLoadTime=3.01ms
    PrefetchOverlap: HiddenReady=52, HiddenWait=0, TicksSkipped=0
    MissCause: NotPresent=130, NotReadyStall=0
    PrefetchEff: Dropped=0, AlreadyCached=247, UsedBeforeEvict=52, EvictedBeforeUse=19
    Predictor TopK matches: 0=20 1=19 >=2=0
Layer 30 Cache Stats: Hits=569, Misses=63, HitRate=90.03%
    Predictor Routed-Expert HitRate=64.10% (25/39, routed_n=1, horizon=2)
    Predictor RoutedForcedN HitRate=64.10% (25/39)
    Predictor RoutedTopK HitRate=47.76% (149/312)
    Predicted RequestedByRouterForcedN Rate=8.01% (25/312)
    Predicted RequestedByRouterTopK Rate=47.76% (149/312)
    Predictor WindowRecall Rate=47.21% (220/466)
    Predictor WindowPrecision Rate=70.51% (220/312)
    Loads Per Step: 0Loads=37, 1Load=28, >1Load=14
    Bandwidth: StallLoads=63, PrefetchLoads=20, AvgLoadTime=3.80ms
    PrefetchOverlap: HiddenReady=14, HiddenWait=0, TicksSkipped=0
    MissCause: NotPresent=63, NotReadyStall=0
    PrefetchEff: Dropped=0, AlreadyCached=300, UsedBeforeEvict=14, EvictedBeforeUse=5
    Predictor TopK matches: 0=14 1=25 >=2=0
Layer 31 Cache Stats: Hits=575, Misses=57, HitRate=90.98%
    Predictor Routed-Expert HitRate=69.23% (27/39, routed_n=1, horizon=2)
    Predictor RoutedForcedN HitRate=69.23% (27/39)
    Predictor RoutedTopK HitRate=54.49% (170/312)
    Predicted RequestedByRouterForcedN Rate=8.65% (27/312)
    Predicted RequestedByRouterTopK Rate=54.49% (170/312)
    Predictor WindowRecall Rate=53.30% (242/454)
    Predictor WindowPrecision Rate=77.56% (242/312)
    Loads Per Step: 0Loads=40, 1Load=28, >1Load=11
    Bandwidth: StallLoads=57, PrefetchLoads=24, AvgLoadTime=4.07ms
    PrefetchOverlap: HiddenReady=21, HiddenWait=0, TicksSkipped=0
    MissCause: NotPresent=57, NotReadyStall=0
    PrefetchEff: Dropped=0, AlreadyCached=296, UsedBeforeEvict=21, EvictedBeforeUse=3
    Predictor TopK matches: 0=12 1=27 >=2=0
Layer 32 Cache Stats: Hits=528, Misses=104, HitRate=83.54%
    Predictor Routed-Expert HitRate=64.10% (25/39, routed_n=1, horizon=2)
    Predictor RoutedForcedN HitRate=64.10% (25/39)
    Predictor RoutedTopK HitRate=46.79% (146/312)
    Predicted RequestedByRouterForcedN Rate=8.01% (25/312)
    Predicted RequestedByRouterTopK Rate=46.79% (146/312)
    Predictor WindowRecall Rate=48.73% (231/474)
    Predictor WindowPrecision Rate=74.04% (231/312)
    Loads Per Step: 0Loads=22, 1Load=27, >1Load=30
    Bandwidth: StallLoads=104, PrefetchLoads=40, AvgLoadTime=3.13ms
    PrefetchOverlap: HiddenReady=29, HiddenWait=0, TicksSkipped=0
    MissCause: NotPresent=104, NotReadyStall=0
    PrefetchEff: Dropped=0, AlreadyCached=280, UsedBeforeEvict=29, EvictedBeforeUse=10
    Predictor TopK matches: 0=14 1=25 >=2=0
Layer 33 Cache Stats: Hits=544, Misses=88, HitRate=86.08%
    Predictor Routed-Expert HitRate=74.36% (29/39, routed_n=1, horizon=2)
    Predictor RoutedForcedN HitRate=74.36% (29/39)
    Predictor RoutedTopK HitRate=55.45% (173/312)
    Predicted RequestedByRouterForcedN Rate=9.29% (29/312)
    Predicted RequestedByRouterTopK Rate=55.45% (173/312)
    Predictor WindowRecall Rate=52.59% (244/464)
    Predictor WindowPrecision Rate=78.21% (244/312)
    Loads Per Step: 0Loads=20, 1Load=37, >1Load=22
    Bandwidth: StallLoads=88, PrefetchLoads=28, AvgLoadTime=3.97ms
    PrefetchOverlap: HiddenReady=25, HiddenWait=0, TicksSkipped=0
    MissCause: NotPresent=88, NotReadyStall=0
    PrefetchEff: Dropped=0, AlreadyCached=292, UsedBeforeEvict=25, EvictedBeforeUse=3
    Predictor TopK matches: 0=10 1=29 >=2=0
Layer 34 Cache Stats: Hits=500, Misses=132, HitRate=79.11%
    Predictor Routed-Expert HitRate=64.10% (25/39, routed_n=1, horizon=2)
    Predictor RoutedForcedN HitRate=64.10% (25/39)
    Predictor RoutedTopK HitRate=46.79% (146/312)
    Predicted RequestedByRouterForcedN Rate=8.01% (25/312)
    Predicted RequestedByRouterTopK Rate=46.79% (146/312)
    Predictor WindowRecall Rate=47.35% (241/509)
    Predictor WindowPrecision Rate=77.24% (241/312)
    Loads Per Step: 0Loads=17, 1Load=25, >1Load=37
    Bandwidth: StallLoads=132, PrefetchLoads=53, AvgLoadTime=3.23ms
    PrefetchOverlap: HiddenReady=37, HiddenWait=0, TicksSkipped=0
    MissCause: NotPresent=132, NotReadyStall=0
    PrefetchEff: Dropped=0, AlreadyCached=267, UsedBeforeEvict=37, EvictedBeforeUse=16
    Predictor TopK matches: 0=14 1=25 >=2=0
Layer 35 Cache Stats: Hits=472, Misses=160, HitRate=74.68%
    Predictor Routed-Expert HitRate=69.23% (27/39, routed_n=1, horizon=2)
    Predictor RoutedForcedN HitRate=69.23% (27/39)
    Predictor RoutedTopK HitRate=38.78% (121/312)
    Predicted RequestedByRouterForcedN Rate=8.65% (27/312)
    Predicted RequestedByRouterTopK Rate=38.78% (121/312)
    Predictor WindowRecall Rate=43.85% (228/520)
    Predictor WindowPrecision Rate=73.08% (228/312)
    Loads Per Step: 0Loads=15, 1Load=17, >1Load=47
    Bandwidth: StallLoads=160, PrefetchLoads=77, AvgLoadTime=2.99ms
    PrefetchOverlap: HiddenReady=58, HiddenWait=0, TicksSkipped=0
    MissCause: NotPresent=160, NotReadyStall=0
    PrefetchEff: Dropped=0, AlreadyCached=243, UsedBeforeEvict=58, EvictedBeforeUse=16
    Predictor TopK matches: 0=12 1=27 >=2=0
Layer 36 Cache Stats: Hits=491, Misses=141, HitRate=77.69%
    Predictor Routed-Expert HitRate=74.36% (29/39, routed_n=1, horizon=2)
    Predictor RoutedForcedN HitRate=74.36% (29/39)
    Predictor RoutedTopK HitRate=48.72% (152/312)
    Predicted RequestedByRouterForcedN Rate=9.29% (29/312)
    Predicted RequestedByRouterTopK Rate=48.72% (152/312)
    Predictor WindowRecall Rate=48.79% (242/496)
    Predictor WindowPrecision Rate=77.56% (242/312)
    Loads Per Step: 0Loads=10, 1Load=26, >1Load=43
    Bandwidth: StallLoads=141, PrefetchLoads=54, AvgLoadTime=3.57ms
    PrefetchOverlap: HiddenReady=41, HiddenWait=0, TicksSkipped=0
    MissCause: NotPresent=141, NotReadyStall=0
    PrefetchEff: Dropped=0, AlreadyCached=266, UsedBeforeEvict=41, EvictedBeforeUse=11
    Predictor TopK matches: 0=10 1=29 >=2=0
Layer 37 Cache Stats: Hits=468, Misses=164, HitRate=74.05%
    Predictor Routed-Expert HitRate=51.28% (20/39, routed_n=1, horizon=2)
    Predictor RoutedForcedN HitRate=51.28% (20/39)
    Predictor RoutedTopK HitRate=40.38% (126/312)
    Predicted RequestedByRouterForcedN Rate=6.41% (20/312)
    Predicted RequestedByRouterTopK Rate=40.38% (126/312)
    Predictor WindowRecall Rate=45.42% (238/524)
    Predictor WindowPrecision Rate=76.28% (238/312)
    Loads Per Step: 0Loads=9, 1Load=25, >1Load=45
    Bandwidth: StallLoads=164, PrefetchLoads=72, AvgLoadTime=3.09ms
    PrefetchOverlap: HiddenReady=52, HiddenWait=0, TicksSkipped=0
    MissCause: NotPresent=164, NotReadyStall=0
    PrefetchEff: Dropped=0, AlreadyCached=248, UsedBeforeEvict=52, EvictedBeforeUse=18
    Predictor TopK matches: 0=19 1=20 >=2=0
Layer 38 Cache Stats: Hits=494, Misses=138, HitRate=78.16%
    Predictor Routed-Expert HitRate=66.67% (26/39, routed_n=1, horizon=2)
    Predictor RoutedForcedN HitRate=66.67% (26/39)
    Predictor RoutedTopK HitRate=47.44% (148/312)
    Predicted RequestedByRouterForcedN Rate=8.33% (26/312)
    Predicted RequestedByRouterTopK Rate=47.44% (148/312)
    Predictor WindowRecall Rate=48.36% (236/488)
    Predictor WindowPrecision Rate=75.64% (236/312)
    Loads Per Step: 0Loads=18, 1Load=20, >1Load=41
    Bandwidth: StallLoads=138, PrefetchLoads=53, AvgLoadTime=3.51ms
    PrefetchOverlap: HiddenReady=38, HiddenWait=0, TicksSkipped=0
    MissCause: NotPresent=138, NotReadyStall=0
    PrefetchEff: Dropped=0, AlreadyCached=267, UsedBeforeEvict=38, EvictedBeforeUse=13
    Predictor TopK matches: 0=13 1=26 >=2=0
Layer 39 Cache Stats: Hits=525, Misses=107, HitRate=83.07%
    Predictor Routed-Expert HitRate=79.49% (31/39, routed_n=1, horizon=2)
    Predictor RoutedForcedN HitRate=79.49% (31/39)
    Predictor RoutedTopK HitRate=50.64% (158/312)
    Predicted RequestedByRouterForcedN Rate=9.94% (31/312)
    Predicted RequestedByRouterTopK Rate=50.64% (158/312)
    Predictor WindowRecall Rate=48.47% (237/489)
    Predictor WindowPrecision Rate=75.96% (237/312)
    Loads Per Step: 0Loads=20, 1Load=31, >1Load=28
    Bandwidth: StallLoads=107, PrefetchLoads=53, AvgLoadTime=3.87ms
    PrefetchOverlap: HiddenReady=32, HiddenWait=0, TicksSkipped=0
    MissCause: NotPresent=107, NotReadyStall=0
    PrefetchEff: Dropped=0, AlreadyCached=267, UsedBeforeEvict=32, EvictedBeforeUse=19
    Predictor TopK matches: 0=8 1=31 >=2=0
Layer 40 Cache Stats: Hits=506, Misses=126, HitRate=80.06%
    Predictor Routed-Expert HitRate=56.41% (22/39, routed_n=1, horizon=2)
    Predictor RoutedForcedN HitRate=56.41% (22/39)
    Predictor RoutedTopK HitRate=46.79% (146/312)
    Predicted RequestedByRouterForcedN Rate=7.05% (22/312)
    Predicted RequestedByRouterTopK Rate=46.79% (146/312)
    Predictor WindowRecall Rate=49.90% (250/501)
    Predictor WindowPrecision Rate=80.13% (250/312)
    Loads Per Step: 0Loads=20, 1Load=19, >1Load=40
    Bandwidth: StallLoads=126, PrefetchLoads=66, AvgLoadTime=3.57ms
    PrefetchOverlap: HiddenReady=51, HiddenWait=0, TicksSkipped=0
    MissCause: NotPresent=126, NotReadyStall=0
    PrefetchEff: Dropped=0, AlreadyCached=254, UsedBeforeEvict=51, EvictedBeforeUse=12
    Predictor TopK matches: 0=17 1=22 >=2=0
Layer 41 Cache Stats: Hits=464, Misses=168, HitRate=73.42%
    Predictor Routed-Expert HitRate=41.03% (16/39, routed_n=1, horizon=2)
    Predictor RoutedForcedN HitRate=41.03% (16/39)
    Predictor RoutedTopK HitRate=35.58% (111/312)
    Predicted RequestedByRouterForcedN Rate=5.13% (16/312)
    Predicted RequestedByRouterTopK Rate=35.58% (111/312)
    Predictor WindowRecall Rate=43.17% (240/556)
    Predictor WindowPrecision Rate=76.92% (240/312)
    Loads Per Step: 0Loads=11, 1Load=23, >1Load=45
    Bandwidth: StallLoads=168, PrefetchLoads=88, AvgLoadTime=3.38ms
    PrefetchOverlap: HiddenReady=75, HiddenWait=0, TicksSkipped=0
    MissCause: NotPresent=168, NotReadyStall=0
    PrefetchEff: Dropped=0, AlreadyCached=232, UsedBeforeEvict=75, EvictedBeforeUse=12
    Predictor TopK matches: 0=23 1=16 >=2=0
Layer 42 Cache Stats: Hits=485, Misses=147, HitRate=76.74%
    Predictor Routed-Expert HitRate=41.03% (16/39, routed_n=1, horizon=2)
    Predictor RoutedForcedN HitRate=41.03% (16/39)
    Predictor RoutedTopK HitRate=36.86% (115/312)
    Predicted RequestedByRouterForcedN Rate=5.13% (16/312)
    Predicted RequestedByRouterTopK Rate=36.86% (115/312)
    Predictor WindowRecall Rate=46.17% (253/548)
    Predictor WindowPrecision Rate=81.09% (253/312)
    Loads Per Step: 0Loads=18, 1Load=22, >1Load=39
    Bandwidth: StallLoads=147, PrefetchLoads=95, AvgLoadTime=3.26ms
    PrefetchOverlap: HiddenReady=84, HiddenWait=0, TicksSkipped=0
    MissCause: NotPresent=147, NotReadyStall=0
    PrefetchEff: Dropped=0, AlreadyCached=225, UsedBeforeEvict=84, EvictedBeforeUse=11
    Predictor TopK matches: 0=23 1=16 >=2=0
Layer 43 Cache Stats: Hits=508, Misses=124, HitRate=80.38%
    Predictor Routed-Expert HitRate=56.41% (22/39, routed_n=1, horizon=2)
    Predictor RoutedForcedN HitRate=56.41% (22/39)
    Predictor RoutedTopK HitRate=43.91% (137/312)
    Predicted RequestedByRouterForcedN Rate=7.05% (22/312)
    Predicted RequestedByRouterTopK Rate=43.91% (137/312)
    Predictor WindowRecall Rate=48.64% (251/516)
    Predictor WindowPrecision Rate=80.45% (251/312)
    Loads Per Step: 0Loads=26, 1Load=17, >1Load=36
    Bandwidth: StallLoads=124, PrefetchLoads=47, AvgLoadTime=3.92ms
    PrefetchOverlap: HiddenReady=44, HiddenWait=0, TicksSkipped=0
    MissCause: NotPresent=124, NotReadyStall=0
    PrefetchEff: Dropped=0, AlreadyCached=273, UsedBeforeEvict=44, EvictedBeforeUse=3
    Predictor TopK matches: 0=17 1=22 >=2=0
Layer 44 Cache Stats: Hits=519, Misses=113, HitRate=82.12%
    Predictor Routed-Expert HitRate=64.10% (25/39, routed_n=1, horizon=2)
    Predictor RoutedForcedN HitRate=64.10% (25/39)
    Predictor RoutedTopK HitRate=44.87% (140/312)
    Predicted RequestedByRouterForcedN Rate=8.01% (25/312)
    Predicted RequestedByRouterTopK Rate=44.87% (140/312)
    Predictor WindowRecall Rate=47.01% (244/519)
    Predictor WindowPrecision Rate=78.21% (244/312)
    Loads Per Step: 0Loads=26, 1Load=24, >1Load=29
    Bandwidth: StallLoads=113, PrefetchLoads=52, AvgLoadTime=3.40ms
    PrefetchOverlap: HiddenReady=42, HiddenWait=0, TicksSkipped=0
    MissCause: NotPresent=113, NotReadyStall=0
    PrefetchEff: Dropped=0, AlreadyCached=268, UsedBeforeEvict=42, EvictedBeforeUse=10
    Predictor TopK matches: 0=14 1=25 >=2=0
Layer 45 Cache Stats: Hits=548, Misses=84, HitRate=86.71%
    Predictor Routed-Expert HitRate=53.85% (21/39, routed_n=1, horizon=2)
    Predictor RoutedForcedN HitRate=53.85% (21/39)
    Predictor RoutedTopK HitRate=46.15% (144/312)
    Predicted RequestedByRouterForcedN Rate=6.73% (21/312)
    Predicted RequestedByRouterTopK Rate=46.15% (144/312)
    Predictor WindowRecall Rate=51.68% (262/507)
    Predictor WindowPrecision Rate=83.97% (262/312)
    Loads Per Step: 0Loads=38, 1Load=21, >1Load=20
    Bandwidth: StallLoads=84, PrefetchLoads=40, AvgLoadTime=3.49ms
    PrefetchOverlap: HiddenReady=33, HiddenWait=0, TicksSkipped=0
    MissCause: NotPresent=84, NotReadyStall=0
    PrefetchEff: Dropped=0, AlreadyCached=280, UsedBeforeEvict=33, EvictedBeforeUse=6
    Predictor TopK matches: 0=18 1=21 >=2=0
Layer 46 Cache Stats: Hits=496, Misses=136, HitRate=78.48%
    Predictor Routed-Expert HitRate=33.33% (13/39, routed_n=1, horizon=2)
    Predictor RoutedForcedN HitRate=33.33% (13/39)
    Predictor RoutedTopK HitRate=42.95% (134/312)
    Predicted RequestedByRouterForcedN Rate=4.17% (13/312)
    Predicted RequestedByRouterTopK Rate=42.95% (134/312)
    Predictor WindowRecall Rate=45.74% (247/540)
    Predictor WindowPrecision Rate=79.17% (247/312)
    Loads Per Step: 0Loads=14, 1Load=30, >1Load=35
    Bandwidth: StallLoads=136, PrefetchLoads=70, AvgLoadTime=3.83ms
    PrefetchOverlap: HiddenReady=64, HiddenWait=0, TicksSkipped=0
    MissCause: NotPresent=136, NotReadyStall=0
    PrefetchEff: Dropped=0, AlreadyCached=250, UsedBeforeEvict=64, EvictedBeforeUse=5
    Predictor TopK matches: 0=26 1=13 >=2=0
Layer 47 Cache Stats: Hits=475, Misses=157, HitRate=75.16%
    Predictor Routed-Expert HitRate=46.15% (18/39, routed_n=1, horizon=2)
    Predictor RoutedForcedN HitRate=46.15% (18/39)
    Predictor RoutedTopK HitRate=34.94% (109/312)
    Predicted RequestedByRouterForcedN Rate=5.77% (18/312)
    Predicted RequestedByRouterTopK Rate=34.94% (109/312)
    Predictor WindowRecall Rate=43.77% (246/562)
    Predictor WindowPrecision Rate=78.85% (246/312)
    Loads Per Step: 0Loads=14, 1Load=25, >1Load=40
    Bandwidth: StallLoads=157, PrefetchLoads=65, AvgLoadTime=3.09ms
    PrefetchOverlap: HiddenReady=58, HiddenWait=0, TicksSkipped=0
    MissCause: NotPresent=157, NotReadyStall=0
    PrefetchEff: Dropped=0, AlreadyCached=255, UsedBeforeEvict=58, EvictedBeforeUse=7
    Predictor TopK matches: 0=21 1=18 >=2=0
============================================================
[TorchScriptPredictor Layer 0] Shutdown complete
[TorchScriptPredictor Layer 1] Shutdown complete
[TorchScriptPredictor Layer 2] Shutdown complete
[TorchScriptPredictor Layer 3] Shutdown complete
[TorchScriptPredictor Layer 4] Shutdown complete
[TorchScriptPredictor Layer 5] Shutdown complete
[TorchScriptPredictor Layer 6] Shutdown complete
[TorchScriptPredictor Layer 7] Shutdown complete
[TorchScriptPredictor Layer 8] Shutdown complete
[TorchScriptPredictor Layer 9] Shutdown complete
[TorchScriptPredictor Layer 10] Shutdown complete
[TorchScriptPredictor Layer 11] Shutdown complete
[TorchScriptPredictor Layer 12] Shutdown complete
[TorchScriptPredictor Layer 13] Shutdown complete
[TorchScriptPredictor Layer 14] Shutdown complete
[TorchScriptPredictor Layer 15] Shutdown complete
[TorchScriptPredictor Layer 16] Shutdown complete
[TorchScriptPredictor Layer 17] Shutdown complete
[TorchScriptPredictor Layer 18] Shutdown complete
[TorchScriptPredictor Layer 19] Shutdown complete
[TorchScriptPredictor Layer 20] Shutdown complete
[TorchScriptPredictor Layer 21] Shutdown complete
[TorchScriptPredictor Layer 22] Shutdown complete
[TorchScriptPredictor Layer 23] Shutdown complete
[TorchScriptPredictor Layer 24] Shutdown complete
[TorchScriptPredictor Layer 25] Shutdown complete
[TorchScriptPredictor Layer 26] Shutdown complete
[TorchScriptPredictor Layer 27] Shutdown complete
[TorchScriptPredictor Layer 28] Shutdown complete
[TorchScriptPredictor Layer 29] Shutdown complete
[TorchScriptPredictor Layer 30] Shutdown complete
[TorchScriptPredictor Layer 31] Shutdown complete
[TorchScriptPredictor Layer 32] Shutdown complete
[TorchScriptPredictor Layer 33] Shutdown complete
[TorchScriptPredictor Layer 34] Shutdown complete
[TorchScriptPredictor Layer 35] Shutdown complete
[TorchScriptPredictor Layer 36] Shutdown complete
[TorchScriptPredictor Layer 37] Shutdown complete
[TorchScriptPredictor Layer 38] Shutdown complete
[TorchScriptPredictor Layer 39] Shutdown complete
[TorchScriptPredictor Layer 40] Shutdown complete
[TorchScriptPredictor Layer 41] Shutdown complete
[TorchScriptPredictor Layer 42] Shutdown complete
[TorchScriptPredictor Layer 43] Shutdown complete
[TorchScriptPredictor Layer 44] Shutdown complete
[TorchScriptPredictor Layer 45] Shutdown complete
[TorchScriptPredictor Layer 46] Shutdown complete
[TorchScriptPredictor Layer 47] Shutdown complete
============================================================
Initializing Qwen3 30B-A3B AWQ w4a16 quantized model...
============================================================
Loading quantized weights from QuixiAI/Qwen3-30B-A3B-AWQ...
Using saved safetensors: /home/michael/heteroPredict/py/unified_llm_w4a16/model_weights/Qwen3-30B-A3B-AWQ.safetensors
Expert weights dir: /home/michael/heteroPredict/py/unified_llm_w4a16/model_weights/Qwen3-30B-A3B-AWQ_packed  (format: packed)
Using existing attention weights in /home/michael/heteroPredict/py/unified_llm_w4a16/model_weights/Qwen3-30B-A3B-AWQ_unpacked
Weights loaded (expert dir override) in 0.29 seconds
Pre-warming expert cache with 32 experts...
Model initialized successfully!
Set expert cache policy to LFRU.

Running sweep using prompts from JSON: /tmp/tmpx_dfiwxp.json
Loaded 1 prompts for sweeping.

Processing Prompt 1/1...

============================================================
Generated text only:
============================================================
 inscription for Du Fu in 813 . 

The text is about the life of Du Fu, a famous Chinese poet. Based on the information in the text, answer the following question: What was the reason for Du Fu's death?

A. He died of old age and illness.
B. He died of a sudden illness.
C. He died of war.
D. He died of
============================================================

============================================================
Sweep Complete.
Average Time per Token: 0.522388
End-to-End TPS: 1.9143
Cache Stats: Hits=24492, Misses=5844, HitRate=80.74%
Predictor Stats: Hits=1151, Total=1872, HitRate=61.49%
Initializing UnifiedLLMW4A16Impl_base
Using NPU config struct.
Configuring NPU (Base):
  Heterogeneity: gpu
  GPU Count: 1
  Debug Verbosity: 1
  Dummy Weights: false
  Warmup: false
  Preload MoE: true
  Minimal PDI: true
[GPU SELECT] Free VRAM ranking: gpu0=28.00/28.00 GiB
[GPU SELECT] Selected GPUs for gpu-count=1: [0]
[GPU MAP] Single-GPU placement on gpu0
[Predictor] Layer 0 model path resolved to: /home/michael/heteroPredict/trainingData/qwen3_30b/transformer_final_pfill_markov_emb/transformer_eh4_h64_f2/layer_0/best_jit.pt
[Predictor] Running on device: CPU (NPU path) (heterogeneity="gpu", predictor_device="cpu")
[ThreadedTorchScriptPredictor Layer 0] Detected history_length=4 from /home/michael/heteroPredict/trainingData/qwen3_30b/transformer_final_pfill_markov_emb/transformer_eh4_h64_f2/layer_0/best.json
[TorchScriptPredictor Layer 0] Loading model on CPU
[TorchScriptPredictor Layer 0] Assuming prefill_dist, prev_expert_onehot, and prev_layers_feat support (v3 API).
[TorchScriptPredictor Layer 0] prefill_dist support: yes, prev_expert_onehot support: yes, prev_layers_feat support: yes
[TorchScriptPredictor Layer 0] Loaded model: /home/michael/heteroPredict/trainingData/qwen3_30b/transformer_final_pfill_markov_emb/transformer_eh4_h64_f2/layer_0/best_jit.pt
[ThreadedTorchScriptPredictor Layer 1] Detected history_length=4 from /home/michael/heteroPredict/trainingData/qwen3_30b/transformer_final_pfill_markov_emb/transformer_eh4_h64_f2/layer_1/best.json
[TorchScriptPredictor Layer 1] Loading model on CPU
[TorchScriptPredictor Layer 1] Assuming prefill_dist, prev_expert_onehot, and prev_layers_feat support (v3 API).
[TorchScriptPredictor Layer 1] prefill_dist support: yes, prev_expert_onehot support: yes, prev_layers_feat support: yes
[TorchScriptPredictor Layer 1] Loaded model: /home/michael/heteroPredict/trainingData/qwen3_30b/transformer_final_pfill_markov_emb/transformer_eh4_h64_f2/layer_1/best_jit.pt
[ThreadedTorchScriptPredictor Layer 2] Detected history_length=4 from /home/michael/heteroPredict/trainingData/qwen3_30b/transformer_final_pfill_markov_emb/transformer_eh4_h64_f2/layer_2/best.json
[TorchScriptPredictor Layer 2] Loading model on CPU
[TorchScriptPredictor Layer 2] Assuming prefill_dist, prev_expert_onehot, and prev_layers_feat support (v3 API).
[TorchScriptPredictor Layer 2] prefill_dist support: yes, prev_expert_onehot support: yes, prev_layers_feat support: yes
[TorchScriptPredictor Layer 2] Loaded model: /home/michael/heteroPredict/trainingData/qwen3_30b/transformer_final_pfill_markov_emb/transformer_eh4_h64_f2/layer_2/best_jit.pt
[ThreadedTorchScriptPredictor Layer 3] Detected history_length=4 from /home/michael/heteroPredict/trainingData/qwen3_30b/transformer_final_pfill_markov_emb/transformer_eh4_h64_f2/layer_3/best.json
[TorchScriptPredictor Layer 3] Loading model on CPU
[TorchScriptPredictor Layer 3] Assuming prefill_dist, prev_expert_onehot, and prev_layers_feat support (v3 API).
[TorchScriptPredictor Layer 3] prefill_dist support: yes, prev_expert_onehot support: yes, prev_layers_feat support: yes
[TorchScriptPredictor Layer 3] Loaded model: /home/michael/heteroPredict/trainingData/qwen3_30b/transformer_final_pfill_markov_emb/transformer_eh4_h64_f2/layer_3/best_jit.pt
[ThreadedTorchScriptPredictor Layer 4] Detected history_length=4 from /home/michael/heteroPredict/trainingData/qwen3_30b/transformer_final_pfill_markov_emb/transformer_eh4_h64_f2/layer_4/best.json
[TorchScriptPredictor Layer 4] Loading model on CPU
[TorchScriptPredictor Layer 4] Assuming prefill_dist, prev_expert_onehot, and prev_layers_feat support (v3 API).
[TorchScriptPredictor Layer 4] prefill_dist support: yes, prev_expert_onehot support: yes, prev_layers_feat support: yes
[TorchScriptPredictor Layer 4] Loaded model: /home/michael/heteroPredict/trainingData/qwen3_30b/transformer_final_pfill_markov_emb/transformer_eh4_h64_f2/layer_4/best_jit.pt
[ThreadedTorchScriptPredictor Layer 5] Detected history_length=4 from /home/michael/heteroPredict/trainingData/qwen3_30b/transformer_final_pfill_markov_emb/transformer_eh4_h64_f2/layer_5/best.json
[TorchScriptPredictor Layer 5] Loading model on CPU
[TorchScriptPredictor Layer 5] Assuming prefill_dist, prev_expert_onehot, and prev_layers_feat support (v3 API).
[TorchScriptPredictor Layer 5] prefill_dist support: yes, prev_expert_onehot support: yes, prev_layers_feat support: yes
[TorchScriptPredictor Layer 5] Loaded model: /home/michael/heteroPredict/trainingData/qwen3_30b/transformer_final_pfill_markov_emb/transformer_eh4_h64_f2/layer_5/best_jit.pt
[ThreadedTorchScriptPredictor Layer 6] Detected history_length=4 from /home/michael/heteroPredict/trainingData/qwen3_30b/transformer_final_pfill_markov_emb/transformer_eh4_h64_f2/layer_6/best.json
[TorchScriptPredictor Layer 6] Loading model on CPU
[TorchScriptPredictor Layer 6] Assuming prefill_dist, prev_expert_onehot, and prev_layers_feat support (v3 API).
[TorchScriptPredictor Layer 6] prefill_dist support: yes, prev_expert_onehot support: yes, prev_layers_feat support: yes
[TorchScriptPredictor Layer 6] Loaded model: /home/michael/heteroPredict/trainingData/qwen3_30b/transformer_final_pfill_markov_emb/transformer_eh4_h64_f2/layer_6/best_jit.pt
[ThreadedTorchScriptPredictor Layer 7] Detected history_length=4 from /home/michael/heteroPredict/trainingData/qwen3_30b/transformer_final_pfill_markov_emb/transformer_eh4_h64_f2/layer_7/best.json
[TorchScriptPredictor Layer 7] Loading model on CPU
[TorchScriptPredictor Layer 7] Assuming prefill_dist, prev_expert_onehot, and prev_layers_feat support (v3 API).
[TorchScriptPredictor Layer 7] prefill_dist support: yes, prev_expert_onehot support: yes, prev_layers_feat support: yes
[TorchScriptPredictor Layer 7] Loaded model: /home/michael/heteroPredict/trainingData/qwen3_30b/transformer_final_pfill_markov_emb/transformer_eh4_h64_f2/layer_7/best_jit.pt
[ThreadedTorchScriptPredictor Layer 8] Detected history_length=4 from /home/michael/heteroPredict/trainingData/qwen3_30b/transformer_final_pfill_markov_emb/transformer_eh4_h64_f2/layer_8/best.json
[TorchScriptPredictor Layer 8] Loading model on CPU
[TorchScriptPredictor Layer 8] Assuming prefill_dist, prev_expert_onehot, and prev_layers_feat support (v3 API).
[TorchScriptPredictor Layer 8] prefill_dist support: yes, prev_expert_onehot support: yes, prev_layers_feat support: yes
[TorchScriptPredictor Layer 8] Loaded model: /home/michael/heteroPredict/trainingData/qwen3_30b/transformer_final_pfill_markov_emb/transformer_eh4_h64_f2/layer_8/best_jit.pt
[ThreadedTorchScriptPredictor Layer 9] Detected history_length=4 from /home/michael/heteroPredict/trainingData/qwen3_30b/transformer_final_pfill_markov_emb/transformer_eh4_h64_f2/layer_9/best.json
[TorchScriptPredictor Layer 9] Loading model on CPU
[TorchScriptPredictor Layer 9] Assuming prefill_dist, prev_expert_onehot, and prev_layers_feat support (v3 API).
[TorchScriptPredictor Layer 9] prefill_dist support: yes, prev_expert_onehot support: yes, prev_layers_feat support: yes
[TorchScriptPredictor Layer 9] Loaded model: /home/michael/heteroPredict/trainingData/qwen3_30b/transformer_final_pfill_markov_emb/transformer_eh4_h64_f2/layer_9/best_jit.pt
[ThreadedTorchScriptPredictor Layer 10] Detected history_length=4 from /home/michael/heteroPredict/trainingData/qwen3_30b/transformer_final_pfill_markov_emb/transformer_eh4_h64_f2/layer_10/best.json
[TorchScriptPredictor Layer 10] Loading model on CPU
[TorchScriptPredictor Layer 10] Assuming prefill_dist, prev_expert_onehot, and prev_layers_feat support (v3 API).
[TorchScriptPredictor Layer 10] prefill_dist support: yes, prev_expert_onehot support: yes, prev_layers_feat support: yes
[TorchScriptPredictor Layer 10] Loaded model: /home/michael/heteroPredict/trainingData/qwen3_30b/transformer_final_pfill_markov_emb/transformer_eh4_h64_f2/layer_10/best_jit.pt
[ThreadedTorchScriptPredictor Layer 11] Detected history_length=4 from /home/michael/heteroPredict/trainingData/qwen3_30b/transformer_final_pfill_markov_emb/transformer_eh4_h64_f2/layer_11/best.json
[TorchScriptPredictor Layer 11] Loading model on CPU
[TorchScriptPredictor Layer 11] Assuming prefill_dist, prev_expert_onehot, and prev_layers_feat support (v3 API).
[TorchScriptPredictor Layer 11] prefill_dist support: yes, prev_expert_onehot support: yes, prev_layers_feat support: yes
[TorchScriptPredictor Layer 11] Loaded model: /home/michael/heteroPredict/trainingData/qwen3_30b/transformer_final_pfill_markov_emb/transformer_eh4_h64_f2/layer_11/best_jit.pt
[ThreadedTorchScriptPredictor Layer 12] Detected history_length=4 from /home/michael/heteroPredict/trainingData/qwen3_30b/transformer_final_pfill_markov_emb/transformer_eh4_h64_f2/layer_12/best.json
[TorchScriptPredictor Layer 12] Loading model on CPU
[TorchScriptPredictor Layer 12] Assuming prefill_dist, prev_expert_onehot, and prev_layers_feat support (v3 API).
[TorchScriptPredictor Layer 12] prefill_dist support: yes, prev_expert_onehot support: yes, prev_layers_feat support: yes
[TorchScriptPredictor Layer 12] Loaded model: /home/michael/heteroPredict/trainingData/qwen3_30b/transformer_final_pfill_markov_emb/transformer_eh4_h64_f2/layer_12/best_jit.pt
[ThreadedTorchScriptPredictor Layer 13] Detected history_length=4 from /home/michael/heteroPredict/trainingData/qwen3_30b/transformer_final_pfill_markov_emb/transformer_eh4_h64_f2/layer_13/best.json
[TorchScriptPredictor Layer 13] Loading model on CPU
[TorchScriptPredictor Layer 13] Assuming prefill_dist, prev_expert_onehot, and prev_layers_feat support (v3 API).
[TorchScriptPredictor Layer 13] prefill_dist support: yes, prev_expert_onehot support: yes, prev_layers_feat support: yes
[TorchScriptPredictor Layer 13] Loaded model: /home/michael/heteroPredict/trainingData/qwen3_30b/transformer_final_pfill_markov_emb/transformer_eh4_h64_f2/layer_13/best_jit.pt
[ThreadedTorchScriptPredictor Layer 14] Detected history_length=4 from /home/michael/heteroPredict/trainingData/qwen3_30b/transformer_final_pfill_markov_emb/transformer_eh4_h64_f2/layer_14/best.json
[TorchScriptPredictor Layer 14] Loading model on CPU
[TorchScriptPredictor Layer 14] Assuming prefill_dist, prev_expert_onehot, and prev_layers_feat support (v3 API).
[TorchScriptPredictor Layer 14] prefill_dist support: yes, prev_expert_onehot support: yes, prev_layers_feat support: yes
[TorchScriptPredictor Layer 14] Loaded model: /home/michael/heteroPredict/trainingData/qwen3_30b/transformer_final_pfill_markov_emb/transformer_eh4_h64_f2/layer_14/best_jit.pt
[ThreadedTorchScriptPredictor Layer 15] Detected history_length=4 from /home/michael/heteroPredict/trainingData/qwen3_30b/transformer_final_pfill_markov_emb/transformer_eh4_h64_f2/layer_15/best.json
[TorchScriptPredictor Layer 15] Loading model on CPU
[TorchScriptPredictor Layer 15] Assuming prefill_dist, prev_expert_onehot, and prev_layers_feat support (v3 API).
[TorchScriptPredictor Layer 15] prefill_dist support: yes, prev_expert_onehot support: yes, prev_layers_feat support: yes
[TorchScriptPredictor Layer 15] Loaded model: /home/michael/heteroPredict/trainingData/qwen3_30b/transformer_final_pfill_markov_emb/transformer_eh4_h64_f2/layer_15/best_jit.pt
[ThreadedTorchScriptPredictor Layer 16] Detected history_length=4 from /home/michael/heteroPredict/trainingData/qwen3_30b/transformer_final_pfill_markov_emb/transformer_eh4_h64_f2/layer_16/best.json
[TorchScriptPredictor Layer 16] Loading model on CPU
[TorchScriptPredictor Layer 16] Assuming prefill_dist, prev_expert_onehot, and prev_layers_feat support (v3 API).
[TorchScriptPredictor Layer 16] prefill_dist support: yes, prev_expert_onehot support: yes, prev_layers_feat support: yes
[TorchScriptPredictor Layer 16] Loaded model: /home/michael/heteroPredict/trainingData/qwen3_30b/transformer_final_pfill_markov_emb/transformer_eh4_h64_f2/layer_16/best_jit.pt
[ThreadedTorchScriptPredictor Layer 17] Detected history_length=4 from /home/michael/heteroPredict/trainingData/qwen3_30b/transformer_final_pfill_markov_emb/transformer_eh4_h64_f2/layer_17/best.json
[TorchScriptPredictor Layer 17] Loading model on CPU
[TorchScriptPredictor Layer 17] Assuming prefill_dist, prev_expert_onehot, and prev_layers_feat support (v3 API).
[TorchScriptPredictor Layer 17] prefill_dist support: yes, prev_expert_onehot support: yes, prev_layers_feat support: yes
[TorchScriptPredictor Layer 17] Loaded model: /home/michael/heteroPredict/trainingData/qwen3_30b/transformer_final_pfill_markov_emb/transformer_eh4_h64_f2/layer_17/best_jit.pt
[ThreadedTorchScriptPredictor Layer 18] Detected history_length=4 from /home/michael/heteroPredict/trainingData/qwen3_30b/transformer_final_pfill_markov_emb/transformer_eh4_h64_f2/layer_18/best.json
[TorchScriptPredictor Layer 18] Loading model on CPU
[TorchScriptPredictor Layer 18] Assuming prefill_dist, prev_expert_onehot, and prev_layers_feat support (v3 API).
[TorchScriptPredictor Layer 18] prefill_dist support: yes, prev_expert_onehot support: yes, prev_layers_feat support: yes
[TorchScriptPredictor Layer 18] Loaded model: /home/michael/heteroPredict/trainingData/qwen3_30b/transformer_final_pfill_markov_emb/transformer_eh4_h64_f2/layer_18/best_jit.pt
[ThreadedTorchScriptPredictor Layer 19] Detected history_length=4 from /home/michael/heteroPredict/trainingData/qwen3_30b/transformer_final_pfill_markov_emb/transformer_eh4_h64_f2/layer_19/best.json
[TorchScriptPredictor Layer 19] Loading model on CPU
[TorchScriptPredictor Layer 19] Assuming prefill_dist, prev_expert_onehot, and prev_layers_feat support (v3 API).
[TorchScriptPredictor Layer 19] prefill_dist support: yes, prev_expert_onehot support: yes, prev_layers_feat support: yes
[TorchScriptPredictor Layer 19] Loaded model: /home/michael/heteroPredict/trainingData/qwen3_30b/transformer_final_pfill_markov_emb/transformer_eh4_h64_f2/layer_19/best_jit.pt
[ThreadedTorchScriptPredictor Layer 20] Detected history_length=4 from /home/michael/heteroPredict/trainingData/qwen3_30b/transformer_final_pfill_markov_emb/transformer_eh4_h64_f2/layer_20/best.json
[TorchScriptPredictor Layer 20] Loading model on CPU
[TorchScriptPredictor Layer 20] Assuming prefill_dist, prev_expert_onehot, and prev_layers_feat support (v3 API).
[TorchScriptPredictor Layer 20] prefill_dist support: yes, prev_expert_onehot support: yes, prev_layers_feat support: yes
[TorchScriptPredictor Layer 20] Loaded model: /home/michael/heteroPredict/trainingData/qwen3_30b/transformer_final_pfill_markov_emb/transformer_eh4_h64_f2/layer_20/best_jit.pt
[ThreadedTorchScriptPredictor Layer 21] Detected history_length=4 from /home/michael/heteroPredict/trainingData/qwen3_30b/transformer_final_pfill_markov_emb/transformer_eh4_h64_f2/layer_21/best.json
[TorchScriptPredictor Layer 21] Loading model on CPU
[TorchScriptPredictor Layer 21] Assuming prefill_dist, prev_expert_onehot, and prev_layers_feat support (v3 API).
[TorchScriptPredictor Layer 21] prefill_dist support: yes, prev_expert_onehot support: yes, prev_layers_feat support: yes
[TorchScriptPredictor Layer 21] Loaded model: /home/michael/heteroPredict/trainingData/qwen3_30b/transformer_final_pfill_markov_emb/transformer_eh4_h64_f2/layer_21/best_jit.pt
[ThreadedTorchScriptPredictor Layer 22] Detected history_length=4 from /home/michael/heteroPredict/trainingData/qwen3_30b/transformer_final_pfill_markov_emb/transformer_eh4_h64_f2/layer_22/best.json
[TorchScriptPredictor Layer 22] Loading model on CPU
[TorchScriptPredictor Layer 22] Assuming prefill_dist, prev_expert_onehot, and prev_layers_feat support (v3 API).
[TorchScriptPredictor Layer 22] prefill_dist support: yes, prev_expert_onehot support: yes, prev_layers_feat support: yes
[TorchScriptPredictor Layer 22] Loaded model: /home/michael/heteroPredict/trainingData/qwen3_30b/transformer_final_pfill_markov_emb/transformer_eh4_h64_f2/layer_22/best_jit.pt
[ThreadedTorchScriptPredictor Layer 23] Detected history_length=4 from /home/michael/heteroPredict/trainingData/qwen3_30b/transformer_final_pfill_markov_emb/transformer_eh4_h64_f2/layer_23/best.json
[TorchScriptPredictor Layer 23] Loading model on CPU
[TorchScriptPredictor Layer 23] Assuming prefill_dist, prev_expert_onehot, and prev_layers_feat support (v3 API).
[TorchScriptPredictor Layer 23] prefill_dist support: yes, prev_expert_onehot support: yes, prev_layers_feat support: yes
[TorchScriptPredictor Layer 23] Loaded model: /home/michael/heteroPredict/trainingData/qwen3_30b/transformer_final_pfill_markov_emb/transformer_eh4_h64_f2/layer_23/best_jit.pt
[ThreadedTorchScriptPredictor Layer 24] Detected history_length=4 from /home/michael/heteroPredict/trainingData/qwen3_30b/transformer_final_pfill_markov_emb/transformer_eh4_h64_f2/layer_24/best.json
[TorchScriptPredictor Layer 24] Loading model on CPU
[TorchScriptPredictor Layer 24] Assuming prefill_dist, prev_expert_onehot, and prev_layers_feat support (v3 API).
[TorchScriptPredictor Layer 24] prefill_dist support: yes, prev_expert_onehot support: yes, prev_layers_feat support: yes
[TorchScriptPredictor Layer 24] Loaded model: /home/michael/heteroPredict/trainingData/qwen3_30b/transformer_final_pfill_markov_emb/transformer_eh4_h64_f2/layer_24/best_jit.pt
[ThreadedTorchScriptPredictor Layer 25] Detected history_length=4 from /home/michael/heteroPredict/trainingData/qwen3_30b/transformer_final_pfill_markov_emb/transformer_eh4_h64_f2/layer_25/best.json
[TorchScriptPredictor Layer 25] Loading model on CPU
[TorchScriptPredictor Layer 25] Assuming prefill_dist, prev_expert_onehot, and prev_layers_feat support (v3 API).
[TorchScriptPredictor Layer 25] prefill_dist support: yes, prev_expert_onehot support: yes, prev_layers_feat support: yes
[TorchScriptPredictor Layer 25] Loaded model: /home/michael/heteroPredict/trainingData/qwen3_30b/transformer_final_pfill_markov_emb/transformer_eh4_h64_f2/layer_25/best_jit.pt
[ThreadedTorchScriptPredictor Layer 26] Detected history_length=4 from /home/michael/heteroPredict/trainingData/qwen3_30b/transformer_final_pfill_markov_emb/transformer_eh4_h64_f2/layer_26/best.json
[TorchScriptPredictor Layer 26] Loading model on CPU
[TorchScriptPredictor Layer 26] Assuming prefill_dist, prev_expert_onehot, and prev_layers_feat support (v3 API).
[TorchScriptPredictor Layer 26] prefill_dist support: yes, prev_expert_onehot support: yes, prev_layers_feat support: yes
[TorchScriptPredictor Layer 26] Loaded model: /home/michael/heteroPredict/trainingData/qwen3_30b/transformer_final_pfill_markov_emb/transformer_eh4_h64_f2/layer_26/best_jit.pt
[ThreadedTorchScriptPredictor Layer 27] Detected history_length=4 from /home/michael/heteroPredict/trainingData/qwen3_30b/transformer_final_pfill_markov_emb/transformer_eh4_h64_f2/layer_27/best.json
[TorchScriptPredictor Layer 27] Loading model on CPU
[TorchScriptPredictor Layer 27] Assuming prefill_dist, prev_expert_onehot, and prev_layers_feat support (v3 API).
[TorchScriptPredictor Layer 27] prefill_dist support: yes, prev_expert_onehot support: yes, prev_layers_feat support: yes
[TorchScriptPredictor Layer 27] Loaded model: /home/michael/heteroPredict/trainingData/qwen3_30b/transformer_final_pfill_markov_emb/transformer_eh4_h64_f2/layer_27/best_jit.pt
[ThreadedTorchScriptPredictor Layer 28] Detected history_length=4 from /home/michael/heteroPredict/trainingData/qwen3_30b/transformer_final_pfill_markov_emb/transformer_eh4_h64_f2/layer_28/best.json
[TorchScriptPredictor Layer 28] Loading model on CPU
[TorchScriptPredictor Layer 28] Assuming prefill_dist, prev_expert_onehot, and prev_layers_feat support (v3 API).
[TorchScriptPredictor Layer 28] prefill_dist support: yes, prev_expert_onehot support: yes, prev_layers_feat support: yes
[TorchScriptPredictor Layer 28] Loaded model: /home/michael/heteroPredict/trainingData/qwen3_30b/transformer_final_pfill_markov_emb/transformer_eh4_h64_f2/layer_28/best_jit.pt
[ThreadedTorchScriptPredictor Layer 29] Detected history_length=4 from /home/michael/heteroPredict/trainingData/qwen3_30b/transformer_final_pfill_markov_emb/transformer_eh4_h64_f2/layer_29/best.json
[TorchScriptPredictor Layer 29] Loading model on CPU
[TorchScriptPredictor Layer 29] Assuming prefill_dist, prev_expert_onehot, and prev_layers_feat support (v3 API).
[TorchScriptPredictor Layer 29] prefill_dist support: yes, prev_expert_onehot support: yes, prev_layers_feat support: yes
[TorchScriptPredictor Layer 29] Loaded model: /home/michael/heteroPredict/trainingData/qwen3_30b/transformer_final_pfill_markov_emb/transformer_eh4_h64_f2/layer_29/best_jit.pt
[ThreadedTorchScriptPredictor Layer 30] Detected history_length=4 from /home/michael/heteroPredict/trainingData/qwen3_30b/transformer_final_pfill_markov_emb/transformer_eh4_h64_f2/layer_30/best.json
[TorchScriptPredictor Layer 30] Loading model on CPU
[TorchScriptPredictor Layer 30] Assuming prefill_dist, prev_expert_onehot, and prev_layers_feat support (v3 API).
[TorchScriptPredictor Layer 30] prefill_dist support: yes, prev_expert_onehot support: yes, prev_layers_feat support: yes
[TorchScriptPredictor Layer 30] Loaded model: /home/michael/heteroPredict/trainingData/qwen3_30b/transformer_final_pfill_markov_emb/transformer_eh4_h64_f2/layer_30/best_jit.pt
[ThreadedTorchScriptPredictor Layer 31] Detected history_length=4 from /home/michael/heteroPredict/trainingData/qwen3_30b/transformer_final_pfill_markov_emb/transformer_eh4_h64_f2/layer_31/best.json
[TorchScriptPredictor Layer 31] Loading model on CPU
[TorchScriptPredictor Layer 31] Assuming prefill_dist, prev_expert_onehot, and prev_layers_feat support (v3 API).
[TorchScriptPredictor Layer 31] prefill_dist support: yes, prev_expert_onehot support: yes, prev_layers_feat support: yes
[TorchScriptPredictor Layer 31] Loaded model: /home/michael/heteroPredict/trainingData/qwen3_30b/transformer_final_pfill_markov_emb/transformer_eh4_h64_f2/layer_31/best_jit.pt
[ThreadedTorchScriptPredictor Layer 32] Detected history_length=4 from /home/michael/heteroPredict/trainingData/qwen3_30b/transformer_final_pfill_markov_emb/transformer_eh4_h64_f2/layer_32/best.json
[TorchScriptPredictor Layer 32] Loading model on CPU
[TorchScriptPredictor Layer 32] Assuming prefill_dist, prev_expert_onehot, and prev_layers_feat support (v3 API).
[TorchScriptPredictor Layer 32] prefill_dist support: yes, prev_expert_onehot support: yes, prev_layers_feat support: yes
[TorchScriptPredictor Layer 32] Loaded model: /home/michael/heteroPredict/trainingData/qwen3_30b/transformer_final_pfill_markov_emb/transformer_eh4_h64_f2/layer_32/best_jit.pt
[ThreadedTorchScriptPredictor Layer 33] Detected history_length=4 from /home/michael/heteroPredict/trainingData/qwen3_30b/transformer_final_pfill_markov_emb/transformer_eh4_h64_f2/layer_33/best.json
[TorchScriptPredictor Layer 33] Loading model on CPU
[TorchScriptPredictor Layer 33] Assuming prefill_dist, prev_expert_onehot, and prev_layers_feat support (v3 API).
[TorchScriptPredictor Layer 33] prefill_dist support: yes, prev_expert_onehot support: yes, prev_layers_feat support: yes
[TorchScriptPredictor Layer 33] Loaded model: /home/michael/heteroPredict/trainingData/qwen3_30b/transformer_final_pfill_markov_emb/transformer_eh4_h64_f2/layer_33/best_jit.pt
[ThreadedTorchScriptPredictor Layer 34] Detected history_length=4 from /home/michael/heteroPredict/trainingData/qwen3_30b/transformer_final_pfill_markov_emb/transformer_eh4_h64_f2/layer_34/best.json
[TorchScriptPredictor Layer 34] Loading model on CPU
[TorchScriptPredictor Layer 34] Assuming prefill_dist, prev_expert_onehot, and prev_layers_feat support (v3 API).
[TorchScriptPredictor Layer 34] prefill_dist support: yes, prev_expert_onehot support: yes, prev_layers_feat support: yes
[TorchScriptPredictor Layer 34] Loaded model: /home/michael/heteroPredict/trainingData/qwen3_30b/transformer_final_pfill_markov_emb/transformer_eh4_h64_f2/layer_34/best_jit.pt
[ThreadedTorchScriptPredictor Layer 35] Detected history_length=4 from /home/michael/heteroPredict/trainingData/qwen3_30b/transformer_final_pfill_markov_emb/transformer_eh4_h64_f2/layer_35/best.json
[TorchScriptPredictor Layer 35] Loading model on CPU
[TorchScriptPredictor Layer 35] Assuming prefill_dist, prev_expert_onehot, and prev_layers_feat support (v3 API).
[TorchScriptPredictor Layer 35] prefill_dist support: yes, prev_expert_onehot support: yes, prev_layers_feat support: yes
[TorchScriptPredictor Layer 35] Loaded model: /home/michael/heteroPredict/trainingData/qwen3_30b/transformer_final_pfill_markov_emb/transformer_eh4_h64_f2/layer_35/best_jit.pt
[ThreadedTorchScriptPredictor Layer 36] Detected history_length=4 from /home/michael/heteroPredict/trainingData/qwen3_30b/transformer_final_pfill_markov_emb/transformer_eh4_h64_f2/layer_36/best.json
[TorchScriptPredictor Layer 36] Loading model on CPU
[TorchScriptPredictor Layer 36] Assuming prefill_dist, prev_expert_onehot, and prev_layers_feat support (v3 API).
[TorchScriptPredictor Layer 36] prefill_dist support: yes, prev_expert_onehot support: yes, prev_layers_feat support: yes
[TorchScriptPredictor Layer 36] Loaded model: /home/michael/heteroPredict/trainingData/qwen3_30b/transformer_final_pfill_markov_emb/transformer_eh4_h64_f2/layer_36/best_jit.pt
[ThreadedTorchScriptPredictor Layer 37] Detected history_length=4 from /home/michael/heteroPredict/trainingData/qwen3_30b/transformer_final_pfill_markov_emb/transformer_eh4_h64_f2/layer_37/best.json
[TorchScriptPredictor Layer 37] Loading model on CPU
[TorchScriptPredictor Layer 37] Assuming prefill_dist, prev_expert_onehot, and prev_layers_feat support (v3 API).
[TorchScriptPredictor Layer 37] prefill_dist support: yes, prev_expert_onehot support: yes, prev_layers_feat support: yes
[TorchScriptPredictor Layer 37] Loaded model: /home/michael/heteroPredict/trainingData/qwen3_30b/transformer_final_pfill_markov_emb/transformer_eh4_h64_f2/layer_37/best_jit.pt
[ThreadedTorchScriptPredictor Layer 38] Detected history_length=4 from /home/michael/heteroPredict/trainingData/qwen3_30b/transformer_final_pfill_markov_emb/transformer_eh4_h64_f2/layer_38/best.json
[TorchScriptPredictor Layer 38] Loading model on CPU
[TorchScriptPredictor Layer 38] Assuming prefill_dist, prev_expert_onehot, and prev_layers_feat support (v3 API).
[TorchScriptPredictor Layer 38] prefill_dist support: yes, prev_expert_onehot support: yes, prev_layers_feat support: yes
[TorchScriptPredictor Layer 38] Loaded model: /home/michael/heteroPredict/trainingData/qwen3_30b/transformer_final_pfill_markov_emb/transformer_eh4_h64_f2/layer_38/best_jit.pt
[ThreadedTorchScriptPredictor Layer 39] Detected history_length=4 from /home/michael/heteroPredict/trainingData/qwen3_30b/transformer_final_pfill_markov_emb/transformer_eh4_h64_f2/layer_39/best.json
[TorchScriptPredictor Layer 39] Loading model on CPU
[TorchScriptPredictor Layer 39] Assuming prefill_dist, prev_expert_onehot, and prev_layers_feat support (v3 API).
[TorchScriptPredictor Layer 39] prefill_dist support: yes, prev_expert_onehot support: yes, prev_layers_feat support: yes
[TorchScriptPredictor Layer 39] Loaded model: /home/michael/heteroPredict/trainingData/qwen3_30b/transformer_final_pfill_markov_emb/transformer_eh4_h64_f2/layer_39/best_jit.pt
[ThreadedTorchScriptPredictor Layer 40] Detected history_length=4 from /home/michael/heteroPredict/trainingData/qwen3_30b/transformer_final_pfill_markov_emb/transformer_eh4_h64_f2/layer_40/best.json
[TorchScriptPredictor Layer 40] Loading model on CPU
[TorchScriptPredictor Layer 40] Assuming prefill_dist, prev_expert_onehot, and prev_layers_feat support (v3 API).
[TorchScriptPredictor Layer 40] prefill_dist support: yes, prev_expert_onehot support: yes, prev_layers_feat support: yes
[TorchScriptPredictor Layer 40] Loaded model: /home/michael/heteroPredict/trainingData/qwen3_30b/transformer_final_pfill_markov_emb/transformer_eh4_h64_f2/layer_40/best_jit.pt
[ThreadedTorchScriptPredictor Layer 41] Detected history_length=4 from /home/michael/heteroPredict/trainingData/qwen3_30b/transformer_final_pfill_markov_emb/transformer_eh4_h64_f2/layer_41/best.json
[TorchScriptPredictor Layer 41] Loading model on CPU
[TorchScriptPredictor Layer 41] Assuming prefill_dist, prev_expert_onehot, and prev_layers_feat support (v3 API).
[TorchScriptPredictor Layer 41] prefill_dist support: yes, prev_expert_onehot support: yes, prev_layers_feat support: yes
[TorchScriptPredictor Layer 41] Loaded model: /home/michael/heteroPredict/trainingData/qwen3_30b/transformer_final_pfill_markov_emb/transformer_eh4_h64_f2/layer_41/best_jit.pt
[ThreadedTorchScriptPredictor Layer 42] Detected history_length=4 from /home/michael/heteroPredict/trainingData/qwen3_30b/transformer_final_pfill_markov_emb/transformer_eh4_h64_f2/layer_42/best.json
[TorchScriptPredictor Layer 42] Loading model on CPU
[TorchScriptPredictor Layer 42] Assuming prefill_dist, prev_expert_onehot, and prev_layers_feat support (v3 API).
[TorchScriptPredictor Layer 42] prefill_dist support: yes, prev_expert_onehot support: yes, prev_layers_feat support: yes
[TorchScriptPredictor Layer 42] Loaded model: /home/michael/heteroPredict/trainingData/qwen3_30b/transformer_final_pfill_markov_emb/transformer_eh4_h64_f2/layer_42/best_jit.pt
[ThreadedTorchScriptPredictor Layer 43] Detected history_length=4 from /home/michael/heteroPredict/trainingData/qwen3_30b/transformer_final_pfill_markov_emb/transformer_eh4_h64_f2/layer_43/best.json
[TorchScriptPredictor Layer 43] Loading model on CPU
[TorchScriptPredictor Layer 43] Assuming prefill_dist, prev_expert_onehot, and prev_layers_feat support (v3 API).
[TorchScriptPredictor Layer 43] prefill_dist support: yes, prev_expert_onehot support: yes, prev_layers_feat support: yes
[TorchScriptPredictor Layer 43] Loaded model: /home/michael/heteroPredict/trainingData/qwen3_30b/transformer_final_pfill_markov_emb/transformer_eh4_h64_f2/layer_43/best_jit.pt
[ThreadedTorchScriptPredictor Layer 44] Detected history_length=4 from /home/michael/heteroPredict/trainingData/qwen3_30b/transformer_final_pfill_markov_emb/transformer_eh4_h64_f2/layer_44/best.json
[TorchScriptPredictor Layer 44] Loading model on CPU
[TorchScriptPredictor Layer 44] Assuming prefill_dist, prev_expert_onehot, and prev_layers_feat support (v3 API).
[TorchScriptPredictor Layer 44] prefill_dist support: yes, prev_expert_onehot support: yes, prev_layers_feat support: yes
[TorchScriptPredictor Layer 44] Loaded model: /home/michael/heteroPredict/trainingData/qwen3_30b/transformer_final_pfill_markov_emb/transformer_eh4_h64_f2/layer_44/best_jit.pt
[ThreadedTorchScriptPredictor Layer 45] Detected history_length=4 from /home/michael/heteroPredict/trainingData/qwen3_30b/transformer_final_pfill_markov_emb/transformer_eh4_h64_f2/layer_45/best.json
[TorchScriptPredictor Layer 45] Loading model on CPU
[TorchScriptPredictor Layer 45] Assuming prefill_dist, prev_expert_onehot, and prev_layers_feat support (v3 API).
[TorchScriptPredictor Layer 45] prefill_dist support: yes, prev_expert_onehot support: yes, prev_layers_feat support: yes
[TorchScriptPredictor Layer 45] Loaded model: /home/michael/heteroPredict/trainingData/qwen3_30b/transformer_final_pfill_markov_emb/transformer_eh4_h64_f2/layer_45/best_jit.pt
[ThreadedTorchScriptPredictor Layer 46] Detected history_length=4 from /home/michael/heteroPredict/trainingData/qwen3_30b/transformer_final_pfill_markov_emb/transformer_eh4_h64_f2/layer_46/best.json
[TorchScriptPredictor Layer 46] Loading model on CPU
[TorchScriptPredictor Layer 46] Assuming prefill_dist, prev_expert_onehot, and prev_layers_feat support (v3 API).
[TorchScriptPredictor Layer 46] prefill_dist support: yes, prev_expert_onehot support: yes, prev_layers_feat support: yes
[TorchScriptPredictor Layer 46] Loaded model: /home/michael/heteroPredict/trainingData/qwen3_30b/transformer_final_pfill_markov_emb/transformer_eh4_h64_f2/layer_46/best_jit.pt
[ThreadedTorchScriptPredictor Layer 47] Detected history_length=4 from /home/michael/heteroPredict/trainingData/qwen3_30b/transformer_final_pfill_markov_emb/transformer_eh4_h64_f2/layer_47/best.json
[TorchScriptPredictor Layer 47] Loading model on CPU
[TorchScriptPredictor Layer 47] Assuming prefill_dist, prev_expert_onehot, and prev_layers_feat support (v3 API).
[TorchScriptPredictor Layer 47] prefill_dist support: yes, prev_expert_onehot support: yes, prev_layers_feat support: yes
[TorchScriptPredictor Layer 47] Loaded model: /home/michael/heteroPredict/trainingData/qwen3_30b/transformer_final_pfill_markov_emb/transformer_eh4_h64_f2/layer_47/best_jit.pt
UnifiedLLMW4A16 moved to device: cuda:0
Preloading MoE kernels...
MoE kernels preloaded.
UnifiedLLMW4A16 initialized on device: cuda:0 with w4a16 quantization
[Predictor] Lookahead stride set to 2 (predictor fires every 2 decode tokens)
Loading non-quantized weights from safetensors (mmap): /home/michael/heteroPredict/py/unified_llm_w4a16/model_weights/Qwen3-30B-A3B-AWQ.safetensors
Loaded 243 non-quantized parameters, skipped 0
Loading quantized weights from bins: /home/michael/heteroPredict/py/unified_llm_w4a16/model_weights/Qwen3-30B-A3B-AWQ_unpacked
  Expert weights dir override: /home/michael/heteroPredict/py/unified_llm_w4a16/model_weights/Qwen3-30B-A3B-AWQ_packed
Pre-warming 32 experts for all layers...
Layer 0: Pre-warming 32 experts.
Layer 0: using packed expert format.
[MoE I/O] Expert weight reads require O_DIRECT (no buffered fallback).
Layer 1: Pre-warming 32 experts.
Layer 1: using packed expert format.
Layer 2: Pre-warming 32 experts.
Layer 2: using packed expert format.
Layer 3: Pre-warming 32 experts.
Layer 3: using packed expert format.
Prewarmed experts for layer 4/48
Layer 4: Pre-warming 32 experts.
Layer 4: using packed expert format.
Layer 5: Pre-warming 32 experts.
Layer 5: using packed expert format.
Layer 6: Pre-warming 32 experts.
Layer 6: using packed expert format.
Layer 7: Pre-warming 32 experts.
Layer 7: using packed expert format.
Prewarmed experts for layer 8/48
Layer 8: Pre-warming 32 experts.
Layer 8: using packed expert format.
Layer 9: Pre-warming 32 experts.
Layer 9: using packed expert format.
Layer 10: Pre-warming 32 experts.
Layer 10: using packed expert format.
Layer 11: Pre-warming 32 experts.
Layer 11: using packed expert format.
Prewarmed experts for layer 12/48
Layer 12: Pre-warming 32 experts.
Layer 12: using packed expert format.
Layer 13: Pre-warming 32 experts.
Layer 13: using packed expert format.
Layer 14: Pre-warming 32 experts.
Layer 14: using packed expert format.
Layer 15: Pre-warming 32 experts.
Layer 15: using packed expert format.
Prewarmed experts for layer 16/48
Layer 16: Pre-warming 32 experts.
Layer 16: using packed expert format.
Layer 17: Pre-warming 32 experts.
Layer 17: using packed expert format.
Layer 18: Pre-warming 32 experts.
Layer 18: using packed expert format.
Layer 19: Pre-warming 32 experts.
Layer 19: using packed expert format.
Prewarmed experts for layer 20/48
Layer 20: Pre-warming 32 experts.
Layer 20: using packed expert format.
Layer 21: Pre-warming 32 experts.
Layer 21: using packed expert format.
Layer 22: Pre-warming 32 experts.
Layer 22: using packed expert format.
Layer 23: Pre-warming 32 experts.
Layer 23: using packed expert format.
Prewarmed experts for layer 24/48
Layer 24: Pre-warming 32 experts.
Layer 24: using packed expert format.
Layer 25: Pre-warming 32 experts.
Layer 25: using packed expert format.
Layer 26: Pre-warming 32 experts.
Layer 26: using packed expert format.
Layer 27: Pre-warming 32 experts.
Layer 27: using packed expert format.
Prewarmed experts for layer 28/48
Layer 28: Pre-warming 32 experts.
Layer 28: using packed expert format.
Layer 29: Pre-warming 32 experts.
Layer 29: using packed expert format.
Layer 30: Pre-warming 32 experts.
Layer 30: using packed expert format.
Layer 31: Pre-warming 32 experts.
Layer 31: using packed expert format.
Prewarmed experts for layer 32/48
Layer 32: Pre-warming 32 experts.
Layer 32: using packed expert format.
Layer 33: Pre-warming 32 experts.
Layer 33: using packed expert format.
Layer 34: Pre-warming 32 experts.
Layer 34: using packed expert format.
Layer 35: Pre-warming 32 experts.
Layer 35: using packed expert format.
Prewarmed experts for layer 36/48
Layer 36: Pre-warming 32 experts.
Layer 36: using packed expert format.
Layer 37: Pre-warming 32 experts.
Layer 37: using packed expert format.
Layer 38: Pre-warming 32 experts.
Layer 38: using packed expert format.
Layer 39: Pre-warming 32 experts.
Layer 39: using packed expert format.
Prewarmed experts for layer 40/48
Layer 40: Pre-warming 32 experts.
Layer 40: using packed expert format.
Layer 41: Pre-warming 32 experts.
Layer 41: using packed expert format.
Layer 42: Pre-warming 32 experts.
Layer 42: using packed expert format.
Layer 43: Pre-warming 32 experts.
Layer 43: using packed expert format.
Prewarmed experts for layer 44/48
Layer 44: Pre-warming 32 experts.
Layer 44: using packed expert format.
Layer 45: Pre-warming 32 experts.
Layer 45: using packed expert format.
Layer 46: Pre-warming 32 experts.
Layer 46: using packed expert format.
Layer 47: Pre-warming 32 experts.
Layer 47: using packed expert format.
Prewarmed experts for layer 48/48
Libtorch input_ids shape: [1, 512]
Skipping warmup.
Prefill time: 31.0916 seconds
[Predictor] Prefill-end expert cache warmup (excluded from generation TPS).
[Layer 0 Warmup Debug] predict_sync returned: 51 106 0 24 68 31 57 101 107 14 69 103 46 127 81 92 53 110 72 100 118 65 50 93 98 22 89 13 74 40 49 27 19 28 102 41 26 119 116 33 77 21 76 78 83 12 34 48 17 38 30 70 32 45 79 23 112 95 67 43 6 71 121 58 9 99 7 37 47 64 52 125 126 82 108 60 73 88 85 94 8 113 114 35 3 62 90 25 1 63 44 59 29 75 96 18 109 86 11 16 84 80 15 111 36 5 104 115 10 117 105 39 4 20 55 120 54 42 122 87 66 124 56 61 91 123 2 97 
[Layer 0 Warmup Debug] experts_to_prefetch returned: 51 106 0 24 68 31 57 101 
[Layer 0 Warmup Debug] After prefill-end warmup, slots are: 68 31 101 57 103 104 105 106 107 108 109 110 111 112 113 114 115 116 117 118 119 120 121 122 123 124 125 126 127 51 0 24 
Generation phase
[Layer 0 Step 0 Debug] Slots before check: 68 31 101 57 103 104 105 106 107 108 109 110 111 112 113 114 115 116 117 118 119 120 121 122 123 124 125 126 127 51 0 24 
[Layer 0 Step 0 Debug] Requested: 68 107 0 81 31 92 69 51 
[gen 5/79] elapsed=3.5s  TPS=1.441
[gen 10/79] elapsed=6.5s  TPS=1.549
[gen 15/79] elapsed=9.0s  TPS=1.669
[gen 20/79] elapsed=11.4s  TPS=1.756
[gen 25/79] elapsed=13.9s  TPS=1.798
[gen 30/79] elapsed=16.1s  TPS=1.862
[gen 35/79] elapsed=19.3s  TPS=1.817
[gen 40/79] elapsed=21.6s  TPS=1.851
[gen 45/79] elapsed=24.1s  TPS=1.866
[gen 50/79] elapsed=26.5s  TPS=1.885
[gen 55/79] elapsed=29.1s  TPS=1.891
[gen 60/79] elapsed=31.6s  TPS=1.901
[gen 65/79] elapsed=33.5s  TPS=1.940
[gen 70/79] elapsed=35.8s  TPS=1.953
[gen 75/79] elapsed=39.0s  TPS=1.925
Prefill time (summary): 31.092 seconds
Total Generation Time: 40.894 seconds
Average Time per Token: 0.517645 seconds

Expert Cache Statistics:
Layer 0 Cache Stats: Hits=333, Misses=299, HitRate=52.69%
    Predictor Routed-Expert HitRate=28.21% (11/39, routed_n=1, horizon=2)
    Predictor RoutedForcedN HitRate=28.21% (11/39)
    Predictor RoutedTopK HitRate=23.08% (72/312)
    Predicted RequestedByRouterForcedN Rate=3.53% (11/312)
    Predicted RequestedByRouterTopK Rate=23.08% (72/312)
    Predictor WindowRecall Rate=28.20% (161/571)
    Predictor WindowPrecision Rate=51.60% (161/312)
    Loads Per Step: 0Loads=2, 1Load=9, >1Load=68
    Bandwidth: StallLoads=299, PrefetchLoads=140, AvgLoadTime=4.80ms
    PrefetchOverlap: HiddenReady=69, HiddenWait=0, TicksSkipped=0
    MissCause: NotPresent=299, NotReadyStall=0
    PrefetchEff: Dropped=0, AlreadyCached=180, UsedBeforeEvict=69, EvictedBeforeUse=65
    GlobalSpecLoad: PeakConcurrent=8
    Predictor TopK matches: 0=28 1=11 >=2=0
Layer 1 Cache Stats: Hits=420, Misses=212, HitRate=66.46%
    Predictor Routed-Expert HitRate=23.08% (9/39, routed_n=1, horizon=2)
    Predictor RoutedForcedN HitRate=23.08% (9/39)
    Predictor RoutedTopK HitRate=31.41% (98/312)
    Predicted RequestedByRouterForcedN Rate=2.88% (9/312)
    Predicted RequestedByRouterTopK Rate=31.41% (98/312)
    Predictor WindowRecall Rate=36.90% (193/523)
    Predictor WindowPrecision Rate=61.86% (193/312)
    Loads Per Step: 0Loads=1, 1Load=19, >1Load=59
    Bandwidth: StallLoads=212, PrefetchLoads=108, AvgLoadTime=6.37ms
    PrefetchOverlap: HiddenReady=64, HiddenWait=0, TicksSkipped=0
    MissCause: NotPresent=212, NotReadyStall=0
    PrefetchEff: Dropped=0, AlreadyCached=212, UsedBeforeEvict=64, EvictedBeforeUse=40
    Predictor TopK matches: 0=30 1=9 >=2=0
Layer 2 Cache Stats: Hits=448, Misses=184, HitRate=70.89%
    Predictor Routed-Expert HitRate=48.72% (19/39, routed_n=1, horizon=2)
    Predictor RoutedForcedN HitRate=48.72% (19/39)
    Predictor RoutedTopK HitRate=32.05% (100/312)
    Predicted RequestedByRouterForcedN Rate=6.09% (19/312)
    Predicted RequestedByRouterTopK Rate=32.05% (100/312)
    Predictor WindowRecall Rate=36.11% (191/529)
    Predictor WindowPrecision Rate=61.22% (191/312)
    Loads Per Step: 0Loads=12, 1Load=12, >1Load=55
    Bandwidth: StallLoads=184, PrefetchLoads=84, AvgLoadTime=6.62ms
    PrefetchOverlap: HiddenReady=52, HiddenWait=0, TicksSkipped=0
    MissCause: NotPresent=184, NotReadyStall=0
    PrefetchEff: Dropped=0, AlreadyCached=236, UsedBeforeEvict=52, EvictedBeforeUse=31
    Predictor TopK matches: 0=20 1=19 >=2=0
Layer 3 Cache Stats: Hits=429, Misses=203, HitRate=67.88%
    Predictor Routed-Expert HitRate=46.15% (18/39, routed_n=1, horizon=2)
    Predictor RoutedForcedN HitRate=46.15% (18/39)
    Predictor RoutedTopK HitRate=32.05% (100/312)
    Predicted RequestedByRouterForcedN Rate=5.77% (18/312)
    Predicted RequestedByRouterTopK Rate=32.05% (100/312)
    Predictor WindowRecall Rate=35.89% (187/521)
    Predictor WindowPrecision Rate=59.94% (187/312)
    Loads Per Step: 0Loads=3, 1Load=14, >1Load=62
    Bandwidth: StallLoads=203, PrefetchLoads=83, AvgLoadTime=6.45ms
    PrefetchOverlap: HiddenReady=47, HiddenWait=0, TicksSkipped=0
    MissCause: NotPresent=203, NotReadyStall=0
    PrefetchEff: Dropped=0, AlreadyCached=237, UsedBeforeEvict=47, EvictedBeforeUse=33
    Predictor TopK matches: 0=21 1=18 >=2=0
Layer 4 Cache Stats: Hits=482, Misses=150, HitRate=76.27%
    Predictor Routed-Expert HitRate=61.54% (24/39, routed_n=1, horizon=2)
    Predictor RoutedForcedN HitRate=61.54% (24/39)
    Predictor RoutedTopK HitRate=42.63% (133/312)
    Predicted RequestedByRouterForcedN Rate=7.69% (24/312)
    Predicted RequestedByRouterTopK Rate=42.63% (133/312)
    Predictor WindowRecall Rate=42.71% (214/501)
    Predictor WindowPrecision Rate=68.59% (214/312)
    Loads Per Step: 0Loads=15, 1Load=19, >1Load=45
    Bandwidth: StallLoads=150, PrefetchLoads=51, AvgLoadTime=7.18ms
    PrefetchOverlap: HiddenReady=32, HiddenWait=0, TicksSkipped=0
    MissCause: NotPresent=150, NotReadyStall=0
    PrefetchEff: Dropped=0, AlreadyCached=269, UsedBeforeEvict=32, EvictedBeforeUse=17
    Predictor TopK matches: 0=15 1=24 >=2=0
Layer 5 Cache Stats: Hits=450, Misses=182, HitRate=71.20%
    Predictor Routed-Expert HitRate=64.10% (25/39, routed_n=1, horizon=2)
    Predictor RoutedForcedN HitRate=64.10% (25/39)
    Predictor RoutedTopK HitRate=34.62% (108/312)
    Predicted RequestedByRouterForcedN Rate=8.01% (25/312)
    Predicted RequestedByRouterTopK Rate=34.62% (108/312)
    Predictor WindowRecall Rate=38.77% (195/503)
    Predictor WindowPrecision Rate=62.50% (195/312)
    Loads Per Step: 0Loads=3, 1Load=17, >1Load=59
    Bandwidth: StallLoads=182, PrefetchLoads=76, AvgLoadTime=6.49ms
    PrefetchOverlap: HiddenReady=50, HiddenWait=0, TicksSkipped=0
    MissCause: NotPresent=182, NotReadyStall=0
    PrefetchEff: Dropped=0, AlreadyCached=244, UsedBeforeEvict=50, EvictedBeforeUse=24
    Predictor TopK matches: 0=14 1=25 >=2=0
Layer 6 Cache Stats: Hits=565, Misses=67, HitRate=89.40%
    Predictor Routed-Expert HitRate=66.67% (26/39, routed_n=1, horizon=2)
    Predictor RoutedForcedN HitRate=66.67% (26/39)
    Predictor RoutedTopK HitRate=53.21% (166/312)
    Predicted RequestedByRouterForcedN Rate=8.33% (26/312)
    Predicted RequestedByRouterTopK Rate=53.21% (166/312)
    Predictor WindowRecall Rate=51.73% (239/462)
    Predictor WindowPrecision Rate=76.60% (239/312)
    Loads Per Step: 0Loads=35, 1Load=29, >1Load=15
    Bandwidth: StallLoads=67, PrefetchLoads=10, AvgLoadTime=9.62ms
    PrefetchOverlap: HiddenReady=6, HiddenWait=0, TicksSkipped=0
    MissCause: NotPresent=67, NotReadyStall=0
    PrefetchEff: Dropped=0, AlreadyCached=310, UsedBeforeEvict=6, EvictedBeforeUse=4
    Predictor TopK matches: 0=13 1=26 >=2=0
Layer 7 Cache Stats: Hits=570, Misses=62, HitRate=90.19%
    Predictor Routed-Expert HitRate=71.79% (28/39, routed_n=1, horizon=2)
    Predictor RoutedForcedN HitRate=71.79% (28/39)
    Predictor RoutedTopK HitRate=59.62% (186/312)
    Predicted RequestedByRouterForcedN Rate=8.97% (28/312)
    Predicted RequestedByRouterTopK Rate=59.62% (186/312)
    Predictor WindowRecall Rate=56.43% (237/420)
    Predictor WindowPrecision Rate=75.96% (237/312)
    Loads Per Step: 0Loads=41, 1Load=22, >1Load=16
    Bandwidth: StallLoads=62, PrefetchLoads=15, AvgLoadTime=7.83ms
    PrefetchOverlap: HiddenReady=7, HiddenWait=0, TicksSkipped=0
    MissCause: NotPresent=62, NotReadyStall=0
    PrefetchEff: Dropped=0, AlreadyCached=305, UsedBeforeEvict=7, EvictedBeforeUse=7
    Predictor TopK matches: 0=11 1=28 >=2=0
Layer 8 Cache Stats: Hits=537, Misses=95, HitRate=84.97%
    Predictor Routed-Expert HitRate=61.54% (24/39, routed_n=1, horizon=2)
    Predictor RoutedForcedN HitRate=61.54% (24/39)
    Predictor RoutedTopK HitRate=45.83% (143/312)
    Predicted RequestedByRouterForcedN Rate=7.69% (24/312)
    Predicted RequestedByRouterTopK Rate=45.83% (143/312)
    Predictor WindowRecall Rate=45.42% (213/469)
    Predictor WindowPrecision Rate=68.27% (213/312)
    Loads Per Step: 0Loads=25, 1Load=28, >1Load=26
    Bandwidth: StallLoads=95, PrefetchLoads=35, AvgLoadTime=7.16ms
    PrefetchOverlap: HiddenReady=25, HiddenWait=0, TicksSkipped=0
    MissCause: NotPresent=95, NotReadyStall=0
    PrefetchEff: Dropped=0, AlreadyCached=285, UsedBeforeEvict=25, EvictedBeforeUse=10
    Predictor TopK matches: 0=15 1=24 >=2=0
Layer 9 Cache Stats: Hits=555, Misses=77, HitRate=87.82%
    Predictor Routed-Expert HitRate=82.05% (32/39, routed_n=1, horizon=2)
    Predictor RoutedForcedN HitRate=82.05% (32/39)
    Predictor RoutedTopK HitRate=48.40% (151/312)
    Predicted RequestedByRouterForcedN Rate=10.26% (32/312)
    Predicted RequestedByRouterTopK Rate=48.40% (151/312)
    Predictor WindowRecall Rate=48.28% (224/464)
    Predictor WindowPrecision Rate=71.79% (224/312)
    Loads Per Step: 0Loads=29, 1Load=29, >1Load=21
    Bandwidth: StallLoads=77, PrefetchLoads=32, AvgLoadTime=8.46ms
    PrefetchOverlap: HiddenReady=24, HiddenWait=0, TicksSkipped=0
    MissCause: NotPresent=77, NotReadyStall=0
    PrefetchEff: Dropped=0, AlreadyCached=288, UsedBeforeEvict=24, EvictedBeforeUse=8
    Predictor TopK matches: 0=7 1=32 >=2=0
Layer 10 Cache Stats: Hits=511, Misses=121, HitRate=80.85%
    Predictor Routed-Expert HitRate=58.97% (23/39, routed_n=1, horizon=2)
    Predictor RoutedForcedN HitRate=58.97% (23/39)
    Predictor RoutedTopK HitRate=45.51% (142/312)
    Predicted RequestedByRouterForcedN Rate=7.37% (23/312)
    Predicted RequestedByRouterTopK Rate=45.51% (142/312)
    Predictor WindowRecall Rate=43.71% (212/485)
    Predictor WindowPrecision Rate=67.95% (212/312)
    Loads Per Step: 0Loads=19, 1Load=25, >1Load=35
    Bandwidth: StallLoads=121, PrefetchLoads=51, AvgLoadTime=7.29ms
    PrefetchOverlap: HiddenReady=32, HiddenWait=0, TicksSkipped=0
    MissCause: NotPresent=121, NotReadyStall=0
    PrefetchEff: Dropped=0, AlreadyCached=269, UsedBeforeEvict=32, EvictedBeforeUse=19
    Predictor TopK matches: 0=16 1=23 >=2=0
Layer 11 Cache Stats: Hits=484, Misses=148, HitRate=76.58%
    Predictor Routed-Expert HitRate=82.05% (32/39, routed_n=1, horizon=2)
    Predictor RoutedForcedN HitRate=82.05% (32/39)
    Predictor RoutedTopK HitRate=42.63% (133/312)
    Predicted RequestedByRouterForcedN Rate=10.26% (32/312)
    Predicted RequestedByRouterTopK Rate=42.63% (133/312)
    Predictor WindowRecall Rate=42.97% (214/498)
    Predictor WindowPrecision Rate=68.59% (214/312)
    Loads Per Step: 0Loads=13, 1Load=19, >1Load=47
    Bandwidth: StallLoads=148, PrefetchLoads=68, AvgLoadTime=6.79ms
    PrefetchOverlap: HiddenReady=47, HiddenWait=0, TicksSkipped=0
    MissCause: NotPresent=148, NotReadyStall=0
    PrefetchEff: Dropped=0, AlreadyCached=252, UsedBeforeEvict=47, EvictedBeforeUse=18
    Predictor TopK matches: 0=7 1=32 >=2=0
Layer 12 Cache Stats: Hits=516, Misses=116, HitRate=81.65%
    Predictor Routed-Expert HitRate=61.54% (24/39, routed_n=1, horizon=2)
    Predictor RoutedForcedN HitRate=61.54% (24/39)
    Predictor RoutedTopK HitRate=49.04% (153/312)
    Predicted RequestedByRouterForcedN Rate=7.69% (24/312)
    Predicted RequestedByRouterTopK Rate=49.04% (153/312)
    Predictor WindowRecall Rate=46.34% (215/464)
    Predictor WindowPrecision Rate=68.91% (215/312)
    Loads Per Step: 0Loads=13, 1Load=37, >1Load=29
    Bandwidth: StallLoads=116, PrefetchLoads=57, AvgLoadTime=7.71ms
    PrefetchOverlap: HiddenReady=33, HiddenWait=0, TicksSkipped=0
    MissCause: NotPresent=116, NotReadyStall=0
    PrefetchEff: Dropped=0, AlreadyCached=263, UsedBeforeEvict=33, EvictedBeforeUse=23
    Predictor TopK matches: 0=15 1=24 >=2=0
Layer 13 Cache Stats: Hits=492, Misses=140, HitRate=77.85%
    Predictor Routed-Expert HitRate=48.72% (19/39, routed_n=1, horizon=2)
    Predictor RoutedForcedN HitRate=48.72% (19/39)
    Predictor RoutedTopK HitRate=42.31% (132/312)
    Predicted RequestedByRouterForcedN Rate=6.09% (19/312)
    Predicted RequestedByRouterTopK Rate=42.31% (132/312)
    Predictor WindowRecall Rate=44.94% (222/494)
    Predictor WindowPrecision Rate=71.15% (222/312)
    Loads Per Step: 0Loads=15, 1Load=25, >1Load=39
    Bandwidth: StallLoads=140, PrefetchLoads=74, AvgLoadTime=6.54ms
    PrefetchOverlap: HiddenReady=56, HiddenWait=0, TicksSkipped=0
    MissCause: NotPresent=140, NotReadyStall=0
    PrefetchEff: Dropped=0, AlreadyCached=246, UsedBeforeEvict=56, EvictedBeforeUse=16
    Predictor TopK matches: 0=20 1=19 >=2=0
Layer 14 Cache Stats: Hits=551, Misses=81, HitRate=87.18%
    Predictor Routed-Expert HitRate=71.79% (28/39, routed_n=1, horizon=2)
    Predictor RoutedForcedN HitRate=71.79% (28/39)
    Predictor RoutedTopK HitRate=50.64% (158/312)
    Predicted RequestedByRouterForcedN Rate=8.97% (28/312)
    Predicted RequestedByRouterTopK Rate=50.64% (158/312)
    Predictor WindowRecall Rate=49.68% (230/463)
    Predictor WindowPrecision Rate=73.72% (230/312)
    Loads Per Step: 0Loads=23, 1Load=40, >1Load=16
    Bandwidth: StallLoads=81, PrefetchLoads=30, AvgLoadTime=9.63ms
    PrefetchOverlap: HiddenReady=22, HiddenWait=0, TicksSkipped=0
    MissCause: NotPresent=81, NotReadyStall=0
    PrefetchEff: Dropped=0, AlreadyCached=290, UsedBeforeEvict=22, EvictedBeforeUse=6
    Predictor TopK matches: 0=11 1=28 >=2=0
Layer 15 Cache Stats: Hits=545, Misses=87, HitRate=86.23%
    Predictor Routed-Expert HitRate=82.05% (32/39, routed_n=1, horizon=2)
    Predictor RoutedForcedN HitRate=82.05% (32/39)
    Predictor RoutedTopK HitRate=47.44% (148/312)
    Predicted RequestedByRouterForcedN Rate=10.26% (32/312)
    Predicted RequestedByRouterTopK Rate=47.44% (148/312)
    Predictor WindowRecall Rate=47.74% (222/465)
    Predictor WindowPrecision Rate=71.15% (222/312)
    Loads Per Step: 0Loads=26, 1Load=31, >1Load=22
    Bandwidth: StallLoads=87, PrefetchLoads=30, AvgLoadTime=8.31ms
    PrefetchOverlap: HiddenReady=21, HiddenWait=0, TicksSkipped=0
    MissCause: NotPresent=87, NotReadyStall=0
    PrefetchEff: Dropped=0, AlreadyCached=290, UsedBeforeEvict=21, EvictedBeforeUse=8
    Predictor TopK matches: 0=7 1=32 >=2=0
Layer 16 Cache Stats: Hits=510, Misses=122, HitRate=80.70%
    Predictor Routed-Expert HitRate=58.97% (23/39, routed_n=1, horizon=2)
    Predictor RoutedForcedN HitRate=58.97% (23/39)
    Predictor RoutedTopK HitRate=49.04% (153/312)
    Predicted RequestedByRouterForcedN Rate=7.37% (23/312)
    Predicted RequestedByRouterTopK Rate=49.04% (153/312)
    Predictor WindowRecall Rate=44.94% (213/474)
    Predictor WindowPrecision Rate=68.27% (213/312)
    Loads Per Step: 0Loads=18, 1Load=25, >1Load=36
    Bandwidth: StallLoads=122, PrefetchLoads=41, AvgLoadTime=7.52ms
    PrefetchOverlap: HiddenReady=23, HiddenWait=0, TicksSkipped=0
    MissCause: NotPresent=122, NotReadyStall=0
    PrefetchEff: Dropped=0, AlreadyCached=279, UsedBeforeEvict=23, EvictedBeforeUse=15
    Predictor TopK matches: 0=16 1=23 >=2=0
Layer 17 Cache Stats: Hits=522, Misses=110, HitRate=82.59%
    Predictor Routed-Expert HitRate=74.36% (29/39, routed_n=1, horizon=2)
    Predictor RoutedForcedN HitRate=74.36% (29/39)
    Predictor RoutedTopK HitRate=41.99% (131/312)
    Predicted RequestedByRouterForcedN Rate=9.29% (29/312)
    Predicted RequestedByRouterTopK Rate=41.99% (131/312)
    Predictor WindowRecall Rate=43.50% (214/492)
    Predictor WindowPrecision Rate=68.59% (214/312)
    Loads Per Step: 0Loads=20, 1Load=28, >1Load=31
    Bandwidth: StallLoads=110, PrefetchLoads=39, AvgLoadTime=7.35ms
    PrefetchOverlap: HiddenReady=31, HiddenWait=0, TicksSkipped=0
    MissCause: NotPresent=110, NotReadyStall=0
    PrefetchEff: Dropped=0, AlreadyCached=281, UsedBeforeEvict=31, EvictedBeforeUse=7
    Predictor TopK matches: 0=10 1=29 >=2=0
Layer 18 Cache Stats: Hits=598, Misses=34, HitRate=94.62%
    Predictor Routed-Expert HitRate=71.79% (28/39, routed_n=1, horizon=2)
    Predictor RoutedForcedN HitRate=71.79% (28/39)
    Predictor RoutedTopK HitRate=60.58% (189/312)
    Predicted RequestedByRouterForcedN Rate=8.97% (28/312)
    Predicted RequestedByRouterTopK Rate=60.58% (189/312)
    Predictor WindowRecall Rate=56.06% (245/437)
    Predictor WindowPrecision Rate=78.53% (245/312)
    Loads Per Step: 0Loads=50, 1Load=25, >1Load=4
    Bandwidth: StallLoads=34, PrefetchLoads=8, AvgLoadTime=10.43ms
    PrefetchOverlap: HiddenReady=7, HiddenWait=0, TicksSkipped=0
    MissCause: NotPresent=34, NotReadyStall=0
    PrefetchEff: Dropped=0, AlreadyCached=312, UsedBeforeEvict=7, EvictedBeforeUse=0
    Predictor TopK matches: 0=11 1=28 >=2=0
Layer 19 Cache Stats: Hits=579, Misses=53, HitRate=91.61%
    Predictor Routed-Expert HitRate=84.62% (33/39, routed_n=1, horizon=2)
    Predictor RoutedForcedN HitRate=84.62% (33/39)
    Predictor RoutedTopK HitRate=65.38% (204/312)
    Predicted RequestedByRouterForcedN Rate=10.58% (33/312)
    Predicted RequestedByRouterTopK Rate=65.38% (204/312)
    Predictor WindowRecall Rate=59.38% (250/421)
    Predictor WindowPrecision Rate=80.13% (250/312)
    Loads Per Step: 0Loads=42, 1Load=22, >1Load=15
    Bandwidth: StallLoads=53, PrefetchLoads=17, AvgLoadTime=9.00ms
    PrefetchOverlap: HiddenReady=13, HiddenWait=0, TicksSkipped=0
    MissCause: NotPresent=53, NotReadyStall=0
    PrefetchEff: Dropped=0, AlreadyCached=303, UsedBeforeEvict=13, EvictedBeforeUse=4
    Predictor TopK matches: 0=6 1=33 >=2=0
Layer 20 Cache Stats: Hits=541, Misses=91, HitRate=85.60%
    Predictor Routed-Expert HitRate=66.67% (26/39, routed_n=1, horizon=2)
    Predictor RoutedForcedN HitRate=66.67% (26/39)
    Predictor RoutedTopK HitRate=43.91% (137/312)
    Predicted RequestedByRouterForcedN Rate=8.33% (26/312)
    Predicted RequestedByRouterTopK Rate=43.91% (137/312)
    Predictor WindowRecall Rate=45.49% (212/466)
    Predictor WindowPrecision Rate=67.95% (212/312)
    Loads Per Step: 0Loads=28, 1Load=22, >1Load=29
    Bandwidth: StallLoads=91, PrefetchLoads=34, AvgLoadTime=7.13ms
    PrefetchOverlap: HiddenReady=23, HiddenWait=0, TicksSkipped=0
    MissCause: NotPresent=91, NotReadyStall=0
    PrefetchEff: Dropped=0, AlreadyCached=286, UsedBeforeEvict=23, EvictedBeforeUse=10
    Predictor TopK matches: 0=13 1=26 >=2=0
Layer 21 Cache Stats: Hits=576, Misses=56, HitRate=91.14%
    Predictor Routed-Expert HitRate=82.05% (32/39, routed_n=1, horizon=2)
    Predictor RoutedForcedN HitRate=82.05% (32/39)
    Predictor RoutedTopK HitRate=55.45% (173/312)
    Predicted RequestedByRouterForcedN Rate=10.26% (32/312)
    Predicted RequestedByRouterTopK Rate=55.45% (173/312)
    Predictor WindowRecall Rate=51.73% (239/462)
    Predictor WindowPrecision Rate=76.60% (239/312)
    Loads Per Step: 0Loads=37, 1Load=29, >1Load=13
    Bandwidth: StallLoads=56, PrefetchLoads=29, AvgLoadTime=9.10ms
    PrefetchOverlap: HiddenReady=19, HiddenWait=0, TicksSkipped=0
    MissCause: NotPresent=56, NotReadyStall=0
    PrefetchEff: Dropped=0, AlreadyCached=291, UsedBeforeEvict=19, EvictedBeforeUse=8
    Predictor TopK matches: 0=7 1=32 >=2=0
Layer 22 Cache Stats: Hits=514, Misses=118, HitRate=81.33%
    Predictor Routed-Expert HitRate=48.72% (19/39, routed_n=1, horizon=2)
    Predictor RoutedForcedN HitRate=48.72% (19/39)
    Predictor RoutedTopK HitRate=42.95% (134/312)
    Predicted RequestedByRouterForcedN Rate=6.09% (19/312)
    Predicted RequestedByRouterTopK Rate=42.95% (134/312)
    Predictor WindowRecall Rate=41.37% (206/498)
    Predictor WindowPrecision Rate=66.03% (206/312)
    Loads Per Step: 0Loads=22, 1Load=18, >1Load=39
    Bandwidth: StallLoads=118, PrefetchLoads=44, AvgLoadTime=6.63ms
    PrefetchOverlap: HiddenReady=30, HiddenWait=0, TicksSkipped=0
    MissCause: NotPresent=118, NotReadyStall=0
    PrefetchEff: Dropped=0, AlreadyCached=276, UsedBeforeEvict=30, EvictedBeforeUse=13
    Predictor TopK matches: 0=20 1=19 >=2=0
Layer 23 Cache Stats: Hits=493, Misses=139, HitRate=78.01%
    Predictor Routed-Expert HitRate=71.79% (28/39, routed_n=1, horizon=2)
    Predictor RoutedForcedN HitRate=71.79% (28/39)
    Predictor RoutedTopK HitRate=46.47% (145/312)
    Predicted RequestedByRouterForcedN Rate=8.97% (28/312)
    Predicted RequestedByRouterTopK Rate=46.47% (145/312)
    Predictor WindowRecall Rate=45.97% (228/496)
    Predictor WindowPrecision Rate=73.08% (228/312)
    Loads Per Step: 0Loads=15, 1Load=20, >1Load=44
    Bandwidth: StallLoads=139, PrefetchLoads=57, AvgLoadTime=6.68ms
    PrefetchOverlap: HiddenReady=44, HiddenWait=0, TicksSkipped=0
    MissCause: NotPresent=139, NotReadyStall=0
    PrefetchEff: Dropped=0, AlreadyCached=263, UsedBeforeEvict=44, EvictedBeforeUse=12
    Predictor TopK matches: 0=11 1=28 >=2=0
Layer 24 Cache Stats: Hits=523, Misses=109, HitRate=82.75%
    Predictor Routed-Expert HitRate=79.49% (31/39, routed_n=1, horizon=2)
    Predictor RoutedForcedN HitRate=79.49% (31/39)
    Predictor RoutedTopK HitRate=51.92% (162/312)
    Predicted RequestedByRouterForcedN Rate=9.94% (31/312)
    Predicted RequestedByRouterTopK Rate=51.92% (162/312)
    Predictor WindowRecall Rate=47.28% (226/478)
    Predictor WindowPrecision Rate=72.44% (226/312)
    Loads Per Step: 0Loads=20, 1Load=27, >1Load=32
    Bandwidth: StallLoads=109, PrefetchLoads=46, AvgLoadTime=8.17ms
    PrefetchOverlap: HiddenReady=26, HiddenWait=0, TicksSkipped=0
    MissCause: NotPresent=109, NotReadyStall=0
    PrefetchEff: Dropped=0, AlreadyCached=274, UsedBeforeEvict=26, EvictedBeforeUse=17
    Predictor TopK matches: 0=8 1=31 >=2=0
Layer 25 Cache Stats: Hits=479, Misses=153, HitRate=75.79%
    Predictor Routed-Expert HitRate=51.28% (20/39, routed_n=1, horizon=2)
    Predictor RoutedForcedN HitRate=51.28% (20/39)
    Predictor RoutedTopK HitRate=41.03% (128/312)
    Predicted RequestedByRouterForcedN Rate=6.41% (20/312)
    Predicted RequestedByRouterTopK Rate=41.03% (128/312)
    Predictor WindowRecall Rate=42.47% (220/518)
    Predictor WindowPrecision Rate=70.51% (220/312)
    Loads Per Step: 0Loads=15, 1Load=20, >1Load=44
    Bandwidth: StallLoads=153, PrefetchLoads=83, AvgLoadTime=6.14ms
    PrefetchOverlap: HiddenReady=63, HiddenWait=0, TicksSkipped=0
    MissCause: NotPresent=153, NotReadyStall=0
    PrefetchEff: Dropped=0, AlreadyCached=237, UsedBeforeEvict=63, EvictedBeforeUse=17
    Predictor TopK matches: 0=19 1=20 >=2=0
Layer 26 Cache Stats: Hits=545, Misses=87, HitRate=86.23%
    Predictor Routed-Expert HitRate=61.54% (24/39, routed_n=1, horizon=2)
    Predictor RoutedForcedN HitRate=61.54% (24/39)
    Predictor RoutedTopK HitRate=49.04% (153/312)
    Predicted RequestedByRouterForcedN Rate=7.69% (24/312)
    Predicted RequestedByRouterTopK Rate=49.04% (153/312)
    Predictor WindowRecall Rate=49.04% (230/469)
    Predictor WindowPrecision Rate=73.72% (230/312)
    Loads Per Step: 0Loads=27, 1Load=25, >1Load=27
    Bandwidth: StallLoads=87, PrefetchLoads=47, AvgLoadTime=8.46ms
    PrefetchOverlap: HiddenReady=32, HiddenWait=0, TicksSkipped=0
    MissCause: NotPresent=87, NotReadyStall=0
    PrefetchEff: Dropped=0, AlreadyCached=273, UsedBeforeEvict=32, EvictedBeforeUse=14
    Predictor TopK matches: 0=15 1=24 >=2=0
Layer 27 Cache Stats: Hits=543, Misses=89, HitRate=85.92%
    Predictor Routed-Expert HitRate=61.54% (24/39, routed_n=1, horizon=2)
    Predictor RoutedForcedN HitRate=61.54% (24/39)
    Predictor RoutedTopK HitRate=49.36% (154/312)
    Predicted RequestedByRouterForcedN Rate=7.69% (24/312)
    Predicted RequestedByRouterTopK Rate=49.36% (154/312)
    Predictor WindowRecall Rate=48.79% (222/455)
    Predictor WindowPrecision Rate=71.15% (222/312)
    Loads Per Step: 0Loads=26, 1Load=29, >1Load=24
    Bandwidth: StallLoads=89, PrefetchLoads=31, AvgLoadTime=8.26ms
    PrefetchOverlap: HiddenReady=19, HiddenWait=0, TicksSkipped=0
    MissCause: NotPresent=89, NotReadyStall=0
    PrefetchEff: Dropped=0, AlreadyCached=289, UsedBeforeEvict=19, EvictedBeforeUse=11
    Predictor TopK matches: 0=15 1=24 >=2=0
Layer 28 Cache Stats: Hits=507, Misses=125, HitRate=80.22%
    Predictor Routed-Expert HitRate=56.41% (22/39, routed_n=1, horizon=2)
    Predictor RoutedForcedN HitRate=56.41% (22/39)
    Predictor RoutedTopK HitRate=46.47% (145/312)
    Predicted RequestedByRouterForcedN Rate=7.05% (22/312)
    Predicted RequestedByRouterTopK Rate=46.47% (145/312)
    Predictor WindowRecall Rate=45.05% (214/475)
    Predictor WindowPrecision Rate=68.59% (214/312)
    Loads Per Step: 0Loads=16, 1Load=21, >1Load=42
    Bandwidth: StallLoads=125, PrefetchLoads=56, AvgLoadTime=6.87ms
    PrefetchOverlap: HiddenReady=35, HiddenWait=0, TicksSkipped=0
    MissCause: NotPresent=125, NotReadyStall=0
    PrefetchEff: Dropped=0, AlreadyCached=264, UsedBeforeEvict=35, EvictedBeforeUse=17
    Predictor TopK matches: 0=17 1=22 >=2=0
Layer 29 Cache Stats: Hits=511, Misses=121, HitRate=80.85%
    Predictor Routed-Expert HitRate=58.97% (23/39, routed_n=1, horizon=2)
    Predictor RoutedForcedN HitRate=58.97% (23/39)
    Predictor RoutedTopK HitRate=51.28% (160/312)
    Predicted RequestedByRouterForcedN Rate=7.37% (23/312)
    Predicted RequestedByRouterTopK Rate=51.28% (160/312)
    Predictor WindowRecall Rate=48.14% (233/484)
    Predictor WindowPrecision Rate=74.68% (233/312)
    Loads Per Step: 0Loads=14, 1Load=31, >1Load=34
    Bandwidth: StallLoads=121, PrefetchLoads=50, AvgLoadTime=7.53ms
    PrefetchOverlap: HiddenReady=36, HiddenWait=0, TicksSkipped=0
    MissCause: NotPresent=121, NotReadyStall=0
    PrefetchEff: Dropped=0, AlreadyCached=270, UsedBeforeEvict=36, EvictedBeforeUse=13
    Predictor TopK matches: 0=16 1=23 >=2=0
Layer 30 Cache Stats: Hits=593, Misses=39, HitRate=93.83%
    Predictor Routed-Expert HitRate=74.36% (29/39, routed_n=1, horizon=2)
    Predictor RoutedForcedN HitRate=74.36% (29/39)
    Predictor RoutedTopK HitRate=61.22% (191/312)
    Predicted RequestedByRouterForcedN Rate=9.29% (29/312)
    Predicted RequestedByRouterTopK Rate=61.22% (191/312)
    Predictor WindowRecall Rate=59.36% (260/438)
    Predictor WindowPrecision Rate=83.33% (260/312)
    Loads Per Step: 0Loads=49, 1Load=23, >1Load=7
    Bandwidth: StallLoads=39, PrefetchLoads=17, AvgLoadTime=9.82ms
    PrefetchOverlap: HiddenReady=9, HiddenWait=0, TicksSkipped=0
    MissCause: NotPresent=39, NotReadyStall=0
    PrefetchEff: Dropped=0, AlreadyCached=303, UsedBeforeEvict=9, EvictedBeforeUse=6
    Predictor TopK matches: 0=10 1=29 >=2=0
Layer 31 Cache Stats: Hits=579, Misses=53, HitRate=91.61%
    Predictor Routed-Expert HitRate=79.49% (31/39, routed_n=1, horizon=2)
    Predictor RoutedForcedN HitRate=79.49% (31/39)
    Predictor RoutedTopK HitRate=62.82% (196/312)
    Predicted RequestedByRouterForcedN Rate=9.94% (31/312)
    Predicted RequestedByRouterTopK Rate=62.82% (196/312)
    Predictor WindowRecall Rate=56.63% (235/415)
    Predictor WindowPrecision Rate=75.32% (235/312)
    Loads Per Step: 0Loads=40, 1Load=26, >1Load=13
    Bandwidth: StallLoads=53, PrefetchLoads=25, AvgLoadTime=8.23ms
    PrefetchOverlap: HiddenReady=12, HiddenWait=0, TicksSkipped=0
    MissCause: NotPresent=53, NotReadyStall=0
    PrefetchEff: Dropped=0, AlreadyCached=295, UsedBeforeEvict=12, EvictedBeforeUse=11
    Predictor TopK matches: 0=8 1=31 >=2=0
Layer 32 Cache Stats: Hits=548, Misses=84, HitRate=86.71%
    Predictor Routed-Expert HitRate=61.54% (24/39, routed_n=1, horizon=2)
    Predictor RoutedForcedN HitRate=61.54% (24/39)
    Predictor RoutedTopK HitRate=50.64% (158/312)
    Predicted RequestedByRouterForcedN Rate=7.69% (24/312)
    Predicted RequestedByRouterTopK Rate=50.64% (158/312)
    Predictor WindowRecall Rate=47.60% (218/458)
    Predictor WindowPrecision Rate=69.87% (218/312)
    Loads Per Step: 0Loads=28, 1Load=27, >1Load=24
    Bandwidth: StallLoads=84, PrefetchLoads=48, AvgLoadTime=7.69ms
    PrefetchOverlap: HiddenReady=32, HiddenWait=0, TicksSkipped=0
    MissCause: NotPresent=84, NotReadyStall=0
    PrefetchEff: Dropped=0, AlreadyCached=272, UsedBeforeEvict=32, EvictedBeforeUse=16
    Predictor TopK matches: 0=15 1=24 >=2=0
Layer 33 Cache Stats: Hits=564, Misses=68, HitRate=89.24%
    Predictor Routed-Expert HitRate=76.92% (30/39, routed_n=1, horizon=2)
    Predictor RoutedForcedN HitRate=76.92% (30/39)
    Predictor RoutedTopK HitRate=53.53% (167/312)
    Predicted RequestedByRouterForcedN Rate=9.62% (30/312)
    Predicted RequestedByRouterTopK Rate=53.53% (167/312)
    Predictor WindowRecall Rate=54.53% (247/453)
    Predictor WindowPrecision Rate=79.17% (247/312)
    Loads Per Step: 0Loads=36, 1Load=25, >1Load=18
    Bandwidth: StallLoads=68, PrefetchLoads=45, AvgLoadTime=8.27ms
    PrefetchOverlap: HiddenReady=33, HiddenWait=0, TicksSkipped=0
    MissCause: NotPresent=68, NotReadyStall=0
    PrefetchEff: Dropped=0, AlreadyCached=275, UsedBeforeEvict=33, EvictedBeforeUse=12
    Predictor TopK matches: 0=9 1=30 >=2=0
Layer 34 Cache Stats: Hits=510, Misses=122, HitRate=80.70%
    Predictor Routed-Expert HitRate=58.97% (23/39, routed_n=1, horizon=2)
    Predictor RoutedForcedN HitRate=58.97% (23/39)
    Predictor RoutedTopK HitRate=47.76% (149/312)
    Predicted RequestedByRouterForcedN Rate=7.37% (23/312)
    Predicted RequestedByRouterTopK Rate=47.76% (149/312)
    Predictor WindowRecall Rate=47.65% (233/489)
    Predictor WindowPrecision Rate=74.68% (233/312)
    Loads Per Step: 0Loads=15, 1Load=34, >1Load=30
    Bandwidth: StallLoads=122, PrefetchLoads=61, AvgLoadTime=7.43ms
    PrefetchOverlap: HiddenReady=42, HiddenWait=0, TicksSkipped=0
    MissCause: NotPresent=122, NotReadyStall=0
    PrefetchEff: Dropped=0, AlreadyCached=259, UsedBeforeEvict=42, EvictedBeforeUse=17
    Predictor TopK matches: 0=16 1=23 >=2=0
Layer 35 Cache Stats: Hits=495, Misses=137, HitRate=78.32%
    Predictor Routed-Expert HitRate=64.10% (25/39, routed_n=1, horizon=2)
    Predictor RoutedForcedN HitRate=64.10% (25/39)
    Predictor RoutedTopK HitRate=49.04% (153/312)
    Predicted RequestedByRouterForcedN Rate=8.01% (25/312)
    Predicted RequestedByRouterTopK Rate=49.04% (153/312)
    Predictor WindowRecall Rate=48.07% (237/493)
    Predictor WindowPrecision Rate=75.96% (237/312)
    Loads Per Step: 0Loads=9, 1Load=29, >1Load=41
    Bandwidth: StallLoads=137, PrefetchLoads=65, AvgLoadTime=7.15ms
    PrefetchOverlap: HiddenReady=51, HiddenWait=0, TicksSkipped=0
    MissCause: NotPresent=137, NotReadyStall=0
    PrefetchEff: Dropped=0, AlreadyCached=255, UsedBeforeEvict=51, EvictedBeforeUse=12
    Predictor TopK matches: 0=14 1=25 >=2=0
Layer 36 Cache Stats: Hits=527, Misses=105, HitRate=83.39%
    Predictor Routed-Expert HitRate=71.79% (28/39, routed_n=1, horizon=2)
    Predictor RoutedForcedN HitRate=71.79% (28/39)
    Predictor RoutedTopK HitRate=55.13% (172/312)
    Predicted RequestedByRouterForcedN Rate=8.97% (28/312)
    Predicted RequestedByRouterTopK Rate=55.13% (172/312)
    Predictor WindowRecall Rate=52.99% (248/468)
    Predictor WindowPrecision Rate=79.49% (248/312)
    Loads Per Step: 0Loads=21, 1Load=27, >1Load=31
    Bandwidth: StallLoads=105, PrefetchLoads=52, AvgLoadTime=8.32ms
    PrefetchOverlap: HiddenReady=43, HiddenWait=0, TicksSkipped=0
    MissCause: NotPresent=105, NotReadyStall=0
    PrefetchEff: Dropped=0, AlreadyCached=268, UsedBeforeEvict=43, EvictedBeforeUse=8
    Predictor TopK matches: 0=11 1=28 >=2=0
Layer 37 Cache Stats: Hits=482, Misses=150, HitRate=76.27%
    Predictor Routed-Expert HitRate=61.54% (24/39, routed_n=1, horizon=2)
    Predictor RoutedForcedN HitRate=61.54% (24/39)
    Predictor RoutedTopK HitRate=42.95% (134/312)
    Predicted RequestedByRouterForcedN Rate=7.69% (24/312)
    Predicted RequestedByRouterTopK Rate=42.95% (134/312)
    Predictor WindowRecall Rate=44.61% (236/529)
    Predictor WindowPrecision Rate=75.64% (236/312)
    Loads Per Step: 0Loads=15, 1Load=17, >1Load=47
    Bandwidth: StallLoads=150, PrefetchLoads=115, AvgLoadTime=6.26ms
    PrefetchOverlap: HiddenReady=97, HiddenWait=0, TicksSkipped=0
    MissCause: NotPresent=150, NotReadyStall=0
    PrefetchEff: Dropped=0, AlreadyCached=205, UsedBeforeEvict=97, EvictedBeforeUse=16
    Predictor TopK matches: 0=15 1=24 >=2=0
Layer 38 Cache Stats: Hits=532, Misses=100, HitRate=84.18%
    Predictor Routed-Expert HitRate=92.31% (36/39, routed_n=1, horizon=2)
    Predictor RoutedForcedN HitRate=92.31% (36/39)
    Predictor RoutedTopK HitRate=49.04% (153/312)
    Predicted RequestedByRouterForcedN Rate=11.54% (36/312)
    Predicted RequestedByRouterTopK Rate=49.04% (153/312)
    Predictor WindowRecall Rate=49.29% (243/493)
    Predictor WindowPrecision Rate=77.88% (243/312)
    Loads Per Step: 0Loads=24, 1Load=23, >1Load=32
    Bandwidth: StallLoads=100, PrefetchLoads=54, AvgLoadTime=8.19ms
    PrefetchOverlap: HiddenReady=45, HiddenWait=0, TicksSkipped=0
    MissCause: NotPresent=100, NotReadyStall=0
    PrefetchEff: Dropped=0, AlreadyCached=266, UsedBeforeEvict=45, EvictedBeforeUse=8
    Predictor TopK matches: 0=3 1=36 >=2=0
Layer 39 Cache Stats: Hits=523, Misses=109, HitRate=82.75%
    Predictor Routed-Expert HitRate=64.10% (25/39, routed_n=1, horizon=2)
    Predictor RoutedForcedN HitRate=64.10% (25/39)
    Predictor RoutedTopK HitRate=50.32% (157/312)
    Predicted RequestedByRouterForcedN Rate=8.01% (25/312)
    Predicted RequestedByRouterTopK Rate=50.32% (157/312)
    Predictor WindowRecall Rate=47.86% (235/491)
    Predictor WindowPrecision Rate=75.32% (235/312)
    Loads Per Step: 0Loads=24, 1Load=21, >1Load=34
    Bandwidth: StallLoads=109, PrefetchLoads=50, AvgLoadTime=7.67ms
    PrefetchOverlap: HiddenReady=38, HiddenWait=0, TicksSkipped=0
    MissCause: NotPresent=109, NotReadyStall=0
    PrefetchEff: Dropped=0, AlreadyCached=270, UsedBeforeEvict=38, EvictedBeforeUse=11
    Predictor TopK matches: 0=14 1=25 >=2=0
Layer 40 Cache Stats: Hits=527, Misses=105, HitRate=83.39%
    Predictor Routed-Expert HitRate=64.10% (25/39, routed_n=1, horizon=2)
    Predictor RoutedForcedN HitRate=64.10% (25/39)
    Predictor RoutedTopK HitRate=53.85% (168/312)
    Predicted RequestedByRouterForcedN Rate=8.01% (25/312)
    Predicted RequestedByRouterTopK Rate=53.85% (168/312)
    Predictor WindowRecall Rate=50.83% (246/484)
    Predictor WindowPrecision Rate=78.85% (246/312)
    Loads Per Step: 0Loads=24, 1Load=27, >1Load=28
    Bandwidth: StallLoads=105, PrefetchLoads=52, AvgLoadTime=7.56ms
    PrefetchOverlap: HiddenReady=44, HiddenWait=0, TicksSkipped=0
    MissCause: NotPresent=105, NotReadyStall=0
    PrefetchEff: Dropped=0, AlreadyCached=268, UsedBeforeEvict=44, EvictedBeforeUse=6
    Predictor TopK matches: 0=14 1=25 >=2=0
Layer 41 Cache Stats: Hits=515, Misses=117, HitRate=81.49%
    Predictor Routed-Expert HitRate=46.15% (18/39, routed_n=1, horizon=2)
    Predictor RoutedForcedN HitRate=46.15% (18/39)
    Predictor RoutedTopK HitRate=46.15% (144/312)
    Predicted RequestedByRouterForcedN Rate=5.77% (18/312)
    Predicted RequestedByRouterTopK Rate=46.15% (144/312)
    Predictor WindowRecall Rate=46.82% (250/534)
    Predictor WindowPrecision Rate=80.13% (250/312)
    Loads Per Step: 0Loads=18, 1Load=29, >1Load=32
    Bandwidth: StallLoads=117, PrefetchLoads=74, AvgLoadTime=7.23ms
    PrefetchOverlap: HiddenReady=66, HiddenWait=0, TicksSkipped=0
    MissCause: NotPresent=117, NotReadyStall=0
    PrefetchEff: Dropped=0, AlreadyCached=246, UsedBeforeEvict=66, EvictedBeforeUse=8
    Predictor TopK matches: 0=21 1=18 >=2=0
Layer 42 Cache Stats: Hits=515, Misses=117, HitRate=81.49%
    Predictor Routed-Expert HitRate=46.15% (18/39, routed_n=1, horizon=2)
    Predictor RoutedForcedN HitRate=46.15% (18/39)
    Predictor RoutedTopK HitRate=40.38% (126/312)
    Predicted RequestedByRouterForcedN Rate=5.77% (18/312)
    Predicted RequestedByRouterTopK Rate=40.38% (126/312)
    Predictor WindowRecall Rate=43.83% (231/527)
    Predictor WindowPrecision Rate=74.04% (231/312)
    Loads Per Step: 0Loads=22, 1Load=26, >1Load=31
    Bandwidth: StallLoads=117, PrefetchLoads=83, AvgLoadTime=7.00ms
    PrefetchOverlap: HiddenReady=58, HiddenWait=0, TicksSkipped=0
    MissCause: NotPresent=117, NotReadyStall=0
    PrefetchEff: Dropped=0, AlreadyCached=237, UsedBeforeEvict=58, EvictedBeforeUse=23
    Predictor TopK matches: 0=21 1=18 >=2=0
Layer 43 Cache Stats: Hits=542, Misses=90, HitRate=85.76%
    Predictor Routed-Expert HitRate=58.97% (23/39, routed_n=1, horizon=2)
    Predictor RoutedForcedN HitRate=58.97% (23/39)
    Predictor RoutedTopK HitRate=50.00% (156/312)
    Predicted RequestedByRouterForcedN Rate=7.37% (23/312)
    Predicted RequestedByRouterTopK Rate=50.00% (156/312)
    Predictor WindowRecall Rate=49.11% (248/505)
    Predictor WindowPrecision Rate=79.49% (248/312)
    Loads Per Step: 0Loads=30, 1Load=26, >1Load=23
    Bandwidth: StallLoads=90, PrefetchLoads=48, AvgLoadTime=8.39ms
    PrefetchOverlap: HiddenReady=38, HiddenWait=0, TicksSkipped=0
    MissCause: NotPresent=90, NotReadyStall=0
    PrefetchEff: Dropped=0, AlreadyCached=272, UsedBeforeEvict=38, EvictedBeforeUse=10
    Predictor TopK matches: 0=16 1=23 >=2=0
Layer 44 Cache Stats: Hits=570, Misses=62, HitRate=90.19%
    Predictor Routed-Expert HitRate=69.23% (27/39, routed_n=1, horizon=2)
    Predictor RoutedForcedN HitRate=69.23% (27/39)
    Predictor RoutedTopK HitRate=49.68% (155/312)
    Predicted RequestedByRouterForcedN Rate=8.65% (27/312)
    Predicted RequestedByRouterTopK Rate=49.68% (155/312)
    Predictor WindowRecall Rate=51.28% (240/468)
    Predictor WindowPrecision Rate=76.92% (240/312)
    Loads Per Step: 0Loads=46, 1Load=17, >1Load=16
    Bandwidth: StallLoads=62, PrefetchLoads=22, AvgLoadTime=8.13ms
    PrefetchOverlap: HiddenReady=19, HiddenWait=0, TicksSkipped=0
    MissCause: NotPresent=62, NotReadyStall=0
    PrefetchEff: Dropped=0, AlreadyCached=298, UsedBeforeEvict=19, EvictedBeforeUse=3
    Predictor TopK matches: 0=12 1=27 >=2=0
Layer 45 Cache Stats: Hits=567, Misses=65, HitRate=89.72%
    Predictor Routed-Expert HitRate=66.67% (26/39, routed_n=1, horizon=2)
    Predictor RoutedForcedN HitRate=66.67% (26/39)
    Predictor RoutedTopK HitRate=47.76% (149/312)
    Predicted RequestedByRouterForcedN Rate=8.33% (26/312)
    Predicted RequestedByRouterTopK Rate=47.76% (149/312)
    Predictor WindowRecall Rate=49.28% (241/489)
    Predictor WindowPrecision Rate=77.24% (241/312)
    Loads Per Step: 0Loads=38, 1Load=25, >1Load=16
    Bandwidth: StallLoads=65, PrefetchLoads=38, AvgLoadTime=8.61ms
    PrefetchOverlap: HiddenReady=29, HiddenWait=0, TicksSkipped=0
    MissCause: NotPresent=65, NotReadyStall=0
    PrefetchEff: Dropped=0, AlreadyCached=282, UsedBeforeEvict=29, EvictedBeforeUse=9
    Predictor TopK matches: 0=13 1=26 >=2=0
Layer 46 Cache Stats: Hits=550, Misses=82, HitRate=87.03%
    Predictor Routed-Expert HitRate=53.85% (21/39, routed_n=1, horizon=2)
    Predictor RoutedForcedN HitRate=53.85% (21/39)
    Predictor RoutedTopK HitRate=48.08% (150/312)
    Predicted RequestedByRouterForcedN Rate=6.73% (21/312)
    Predicted RequestedByRouterTopK Rate=48.08% (150/312)
    Predictor WindowRecall Rate=49.71% (253/509)
    Predictor WindowPrecision Rate=81.09% (253/312)
    Loads Per Step: 0Loads=37, 1Load=21, >1Load=21
    Bandwidth: StallLoads=82, PrefetchLoads=39, AvgLoadTime=8.28ms
    PrefetchOverlap: HiddenReady=35, HiddenWait=0, TicksSkipped=0
    MissCause: NotPresent=82, NotReadyStall=0
    PrefetchEff: Dropped=0, AlreadyCached=281, UsedBeforeEvict=35, EvictedBeforeUse=3
    Predictor TopK matches: 0=18 1=21 >=2=0
Layer 47 Cache Stats: Hits=470, Misses=162, HitRate=74.37%
    Predictor Routed-Expert HitRate=48.72% (19/39, routed_n=1, horizon=2)
    Predictor RoutedForcedN HitRate=48.72% (19/39)
    Predictor RoutedTopK HitRate=39.10% (122/312)
    Predicted RequestedByRouterForcedN Rate=6.09% (19/312)
    Predicted RequestedByRouterTopK Rate=39.10% (122/312)
    Predictor WindowRecall Rate=42.63% (237/556)
    Predictor WindowPrecision Rate=75.96% (237/312)
    Loads Per Step: 0Loads=20, 1Load=18, >1Load=41
    Bandwidth: StallLoads=162, PrefetchLoads=69, AvgLoadTime=6.30ms
    PrefetchOverlap: HiddenReady=51, HiddenWait=0, TicksSkipped=0
    MissCause: NotPresent=162, NotReadyStall=0
    PrefetchEff: Dropped=0, AlreadyCached=251, UsedBeforeEvict=51, EvictedBeforeUse=17
    Predictor TopK matches: 0=20 1=19 >=2=0
============================================================
[TorchScriptPredictor Layer 0] Shutdown complete
[TorchScriptPredictor Layer 1] Shutdown complete
[TorchScriptPredictor Layer 2] Shutdown complete
[TorchScriptPredictor Layer 3] Shutdown complete
[TorchScriptPredictor Layer 4] Shutdown complete
[TorchScriptPredictor Layer 5] Shutdown complete
[TorchScriptPredictor Layer 6] Shutdown complete
[TorchScriptPredictor Layer 7] Shutdown complete
[TorchScriptPredictor Layer 8] Shutdown complete
[TorchScriptPredictor Layer 9] Shutdown complete
[TorchScriptPredictor Layer 10] Shutdown complete
[TorchScriptPredictor Layer 11] Shutdown complete
[TorchScriptPredictor Layer 12] Shutdown complete
[TorchScriptPredictor Layer 13] Shutdown complete
[TorchScriptPredictor Layer 14] Shutdown complete
[TorchScriptPredictor Layer 15] Shutdown complete
[TorchScriptPredictor Layer 16] Shutdown complete
[TorchScriptPredictor Layer 17] Shutdown complete
[TorchScriptPredictor Layer 18] Shutdown complete
[TorchScriptPredictor Layer 19] Shutdown complete
[TorchScriptPredictor Layer 20] Shutdown complete
[TorchScriptPredictor Layer 21] Shutdown complete
[TorchScriptPredictor Layer 22] Shutdown complete
[TorchScriptPredictor Layer 23] Shutdown complete
[TorchScriptPredictor Layer 24] Shutdown complete
[TorchScriptPredictor Layer 25] Shutdown complete
[TorchScriptPredictor Layer 26] Shutdown complete
[TorchScriptPredictor Layer 27] Shutdown complete
[TorchScriptPredictor Layer 28] Shutdown complete
[TorchScriptPredictor Layer 29] Shutdown complete
[TorchScriptPredictor Layer 30] Shutdown complete
[TorchScriptPredictor Layer 31] Shutdown complete
[TorchScriptPredictor Layer 32] Shutdown complete
[TorchScriptPredictor Layer 33] Shutdown complete
[TorchScriptPredictor Layer 34] Shutdown complete
[TorchScriptPredictor Layer 35] Shutdown complete
[TorchScriptPredictor Layer 36] Shutdown complete
[TorchScriptPredictor Layer 37] Shutdown complete
[TorchScriptPredictor Layer 38] Shutdown complete
[TorchScriptPredictor Layer 39] Shutdown complete
[TorchScriptPredictor Layer 40] Shutdown complete
[TorchScriptPredictor Layer 41] Shutdown complete
[TorchScriptPredictor Layer 42] Shutdown complete
[TorchScriptPredictor Layer 43] Shutdown complete
[TorchScriptPredictor Layer 44] Shutdown complete
[TorchScriptPredictor Layer 45] Shutdown complete
[TorchScriptPredictor Layer 46] Shutdown complete
[TorchScriptPredictor Layer 47] Shutdown complete
============================================================
Initializing Qwen3 30B-A3B AWQ w4a16 quantized model...
============================================================
Loading quantized weights from QuixiAI/Qwen3-30B-A3B-AWQ...
Using saved safetensors: /home/michael/heteroPredict/py/unified_llm_w4a16/model_weights/Qwen3-30B-A3B-AWQ.safetensors
Expert weights dir: /home/michael/heteroPredict/py/unified_llm_w4a16/model_weights/Qwen3-30B-A3B-AWQ_packed  (format: packed)
Using existing attention weights in /home/michael/heteroPredict/py/unified_llm_w4a16/model_weights/Qwen3-30B-A3B-AWQ_unpacked
Weights loaded (expert dir override) in 0.29 seconds
Pre-warming expert cache with 32 experts...
Model initialized successfully!
Set expert cache policy to LFRU.

Running sweep using prompts from JSON: /tmp/tmpfr3e95hh.json
Loaded 1 prompts for sweeping.

Processing Prompt 1/1...

============================================================
Generated text only:
============================================================
 of his experience . 

 Du Fu 's technical mastery is also reflected in his use of parallelism and tonal patterns . He was a master of the regulated verse ( 律詩 lǜshī ) , a form of poetry that requires parallelism and tonal balance . His regulated verse is often considered to be the best in the Tang dynasty . Owen notes that Du Fu 's regulated verse
============================================================

============================================================
Sweep Complete.
Average Time per Token: 0.919149
End-to-End TPS: 1.0880
Cache Stats: Hits=24938, Misses=5398, HitRate=82.21%
Predictor Stats: Hits=1188, Total=1872, HitRate=63.46%
Initializing UnifiedLLMW4A16Impl_base
Using NPU config struct.
Configuring NPU (Base):
  Heterogeneity: gpu
  GPU Count: 1
  Debug Verbosity: 1
  Dummy Weights: false
  Warmup: false
  Preload MoE: true
  Minimal PDI: true
[GPU SELECT] Free VRAM ranking: gpu0=28.00/28.00 GiB
[GPU SELECT] Selected GPUs for gpu-count=1: [0]
[GPU MAP] Single-GPU placement on gpu0
[Predictor] Layer 0 model path resolved to: /home/michael/heteroPredict/trainingData/qwen3_30b/transformer_final_pfill_markov_emb/transformer_eh4_h64_f2/layer_0/best_jit.pt
[Predictor] Running on device: CPU (NPU path) (heterogeneity="gpu", predictor_device="cpu")
[ThreadedTorchScriptPredictor Layer 0] Detected history_length=4 from /home/michael/heteroPredict/trainingData/qwen3_30b/transformer_final_pfill_markov_emb/transformer_eh4_h64_f2/layer_0/best.json
[TorchScriptPredictor Layer 0] Loading model on CPU
[TorchScriptPredictor Layer 0] Assuming prefill_dist, prev_expert_onehot, and prev_layers_feat support (v3 API).
[TorchScriptPredictor Layer 0] prefill_dist support: yes, prev_expert_onehot support: yes, prev_layers_feat support: yes
[TorchScriptPredictor Layer 0] Loaded model: /home/michael/heteroPredict/trainingData/qwen3_30b/transformer_final_pfill_markov_emb/transformer_eh4_h64_f2/layer_0/best_jit.pt
[ThreadedTorchScriptPredictor Layer 1] Detected history_length=4 from /home/michael/heteroPredict/trainingData/qwen3_30b/transformer_final_pfill_markov_emb/transformer_eh4_h64_f2/layer_1/best.json
[TorchScriptPredictor Layer 1] Loading model on CPU
[TorchScriptPredictor Layer 1] Assuming prefill_dist, prev_expert_onehot, and prev_layers_feat support (v3 API).
[TorchScriptPredictor Layer 1] prefill_dist support: yes, prev_expert_onehot support: yes, prev_layers_feat support: yes
[TorchScriptPredictor Layer 1] Loaded model: /home/michael/heteroPredict/trainingData/qwen3_30b/transformer_final_pfill_markov_emb/transformer_eh4_h64_f2/layer_1/best_jit.pt
[ThreadedTorchScriptPredictor Layer 2] Detected history_length=4 from /home/michael/heteroPredict/trainingData/qwen3_30b/transformer_final_pfill_markov_emb/transformer_eh4_h64_f2/layer_2/best.json
[TorchScriptPredictor Layer 2] Loading model on CPU
[TorchScriptPredictor Layer 2] Assuming prefill_dist, prev_expert_onehot, and prev_layers_feat support (v3 API).
[TorchScriptPredictor Layer 2] prefill_dist support: yes, prev_expert_onehot support: yes, prev_layers_feat support: yes
[TorchScriptPredictor Layer 2] Loaded model: /home/michael/heteroPredict/trainingData/qwen3_30b/transformer_final_pfill_markov_emb/transformer_eh4_h64_f2/layer_2/best_jit.pt
[ThreadedTorchScriptPredictor Layer 3] Detected history_length=4 from /home/michael/heteroPredict/trainingData/qwen3_30b/transformer_final_pfill_markov_emb/transformer_eh4_h64_f2/layer_3/best.json
[TorchScriptPredictor Layer 3] Loading model on CPU
[TorchScriptPredictor Layer 3] Assuming prefill_dist, prev_expert_onehot, and prev_layers_feat support (v3 API).
[TorchScriptPredictor Layer 3] prefill_dist support: yes, prev_expert_onehot support: yes, prev_layers_feat support: yes
[TorchScriptPredictor Layer 3] Loaded model: /home/michael/heteroPredict/trainingData/qwen3_30b/transformer_final_pfill_markov_emb/transformer_eh4_h64_f2/layer_3/best_jit.pt
[ThreadedTorchScriptPredictor Layer 4] Detected history_length=4 from /home/michael/heteroPredict/trainingData/qwen3_30b/transformer_final_pfill_markov_emb/transformer_eh4_h64_f2/layer_4/best.json
[TorchScriptPredictor Layer 4] Loading model on CPU
[TorchScriptPredictor Layer 4] Assuming prefill_dist, prev_expert_onehot, and prev_layers_feat support (v3 API).
[TorchScriptPredictor Layer 4] prefill_dist support: yes, prev_expert_onehot support: yes, prev_layers_feat support: yes
[TorchScriptPredictor Layer 4] Loaded model: /home/michael/heteroPredict/trainingData/qwen3_30b/transformer_final_pfill_markov_emb/transformer_eh4_h64_f2/layer_4/best_jit.pt
[ThreadedTorchScriptPredictor Layer 5] Detected history_length=4 from /home/michael/heteroPredict/trainingData/qwen3_30b/transformer_final_pfill_markov_emb/transformer_eh4_h64_f2/layer_5/best.json
[TorchScriptPredictor Layer 5] Loading model on CPU
[TorchScriptPredictor Layer 5] Assuming prefill_dist, prev_expert_onehot, and prev_layers_feat support (v3 API).
[TorchScriptPredictor Layer 5] prefill_dist support: yes, prev_expert_onehot support: yes, prev_layers_feat support: yes
[TorchScriptPredictor Layer 5] Loaded model: /home/michael/heteroPredict/trainingData/qwen3_30b/transformer_final_pfill_markov_emb/transformer_eh4_h64_f2/layer_5/best_jit.pt
[ThreadedTorchScriptPredictor Layer 6] Detected history_length=4 from /home/michael/heteroPredict/trainingData/qwen3_30b/transformer_final_pfill_markov_emb/transformer_eh4_h64_f2/layer_6/best.json
[TorchScriptPredictor Layer 6] Loading model on CPU
[TorchScriptPredictor Layer 6] Assuming prefill_dist, prev_expert_onehot, and prev_layers_feat support (v3 API).
[TorchScriptPredictor Layer 6] prefill_dist support: yes, prev_expert_onehot support: yes, prev_layers_feat support: yes
[TorchScriptPredictor Layer 6] Loaded model: /home/michael/heteroPredict/trainingData/qwen3_30b/transformer_final_pfill_markov_emb/transformer_eh4_h64_f2/layer_6/best_jit.pt
[ThreadedTorchScriptPredictor Layer 7] Detected history_length=4 from /home/michael/heteroPredict/trainingData/qwen3_30b/transformer_final_pfill_markov_emb/transformer_eh4_h64_f2/layer_7/best.json
[TorchScriptPredictor Layer 7] Loading model on CPU
[TorchScriptPredictor Layer 7] Assuming prefill_dist, prev_expert_onehot, and prev_layers_feat support (v3 API).
[TorchScriptPredictor Layer 7] prefill_dist support: yes, prev_expert_onehot support: yes, prev_layers_feat support: yes
[TorchScriptPredictor Layer 7] Loaded model: /home/michael/heteroPredict/trainingData/qwen3_30b/transformer_final_pfill_markov_emb/transformer_eh4_h64_f2/layer_7/best_jit.pt
[ThreadedTorchScriptPredictor Layer 8] Detected history_length=4 from /home/michael/heteroPredict/trainingData/qwen3_30b/transformer_final_pfill_markov_emb/transformer_eh4_h64_f2/layer_8/best.json
[TorchScriptPredictor Layer 8] Loading model on CPU
[TorchScriptPredictor Layer 8] Assuming prefill_dist, prev_expert_onehot, and prev_layers_feat support (v3 API).
[TorchScriptPredictor Layer 8] prefill_dist support: yes, prev_expert_onehot support: yes, prev_layers_feat support: yes
[TorchScriptPredictor Layer 8] Loaded model: /home/michael/heteroPredict/trainingData/qwen3_30b/transformer_final_pfill_markov_emb/transformer_eh4_h64_f2/layer_8/best_jit.pt
[ThreadedTorchScriptPredictor Layer 9] Detected history_length=4 from /home/michael/heteroPredict/trainingData/qwen3_30b/transformer_final_pfill_markov_emb/transformer_eh4_h64_f2/layer_9/best.json
[TorchScriptPredictor Layer 9] Loading model on CPU
[TorchScriptPredictor Layer 9] Assuming prefill_dist, prev_expert_onehot, and prev_layers_feat support (v3 API).
[TorchScriptPredictor Layer 9] prefill_dist support: yes, prev_expert_onehot support: yes, prev_layers_feat support: yes
[TorchScriptPredictor Layer 9] Loaded model: /home/michael/heteroPredict/trainingData/qwen3_30b/transformer_final_pfill_markov_emb/transformer_eh4_h64_f2/layer_9/best_jit.pt
[ThreadedTorchScriptPredictor Layer 10] Detected history_length=4 from /home/michael/heteroPredict/trainingData/qwen3_30b/transformer_final_pfill_markov_emb/transformer_eh4_h64_f2/layer_10/best.json
[TorchScriptPredictor Layer 10] Loading model on CPU
[TorchScriptPredictor Layer 10] Assuming prefill_dist, prev_expert_onehot, and prev_layers_feat support (v3 API).
[TorchScriptPredictor Layer 10] prefill_dist support: yes, prev_expert_onehot support: yes, prev_layers_feat support: yes
[TorchScriptPredictor Layer 10] Loaded model: /home/michael/heteroPredict/trainingData/qwen3_30b/transformer_final_pfill_markov_emb/transformer_eh4_h64_f2/layer_10/best_jit.pt
[ThreadedTorchScriptPredictor Layer 11] Detected history_length=4 from /home/michael/heteroPredict/trainingData/qwen3_30b/transformer_final_pfill_markov_emb/transformer_eh4_h64_f2/layer_11/best.json
[TorchScriptPredictor Layer 11] Loading model on CPU
[TorchScriptPredictor Layer 11] Assuming prefill_dist, prev_expert_onehot, and prev_layers_feat support (v3 API).
[TorchScriptPredictor Layer 11] prefill_dist support: yes, prev_expert_onehot support: yes, prev_layers_feat support: yes
[TorchScriptPredictor Layer 11] Loaded model: /home/michael/heteroPredict/trainingData/qwen3_30b/transformer_final_pfill_markov_emb/transformer_eh4_h64_f2/layer_11/best_jit.pt
[ThreadedTorchScriptPredictor Layer 12] Detected history_length=4 from /home/michael/heteroPredict/trainingData/qwen3_30b/transformer_final_pfill_markov_emb/transformer_eh4_h64_f2/layer_12/best.json
[TorchScriptPredictor Layer 12] Loading model on CPU
[TorchScriptPredictor Layer 12] Assuming prefill_dist, prev_expert_onehot, and prev_layers_feat support (v3 API).
[TorchScriptPredictor Layer 12] prefill_dist support: yes, prev_expert_onehot support: yes, prev_layers_feat support: yes
[TorchScriptPredictor Layer 12] Loaded model: /home/michael/heteroPredict/trainingData/qwen3_30b/transformer_final_pfill_markov_emb/transformer_eh4_h64_f2/layer_12/best_jit.pt
[ThreadedTorchScriptPredictor Layer 13] Detected history_length=4 from /home/michael/heteroPredict/trainingData/qwen3_30b/transformer_final_pfill_markov_emb/transformer_eh4_h64_f2/layer_13/best.json
[TorchScriptPredictor Layer 13] Loading model on CPU
[TorchScriptPredictor Layer 13] Assuming prefill_dist, prev_expert_onehot, and prev_layers_feat support (v3 API).
[TorchScriptPredictor Layer 13] prefill_dist support: yes, prev_expert_onehot support: yes, prev_layers_feat support: yes
[TorchScriptPredictor Layer 13] Loaded model: /home/michael/heteroPredict/trainingData/qwen3_30b/transformer_final_pfill_markov_emb/transformer_eh4_h64_f2/layer_13/best_jit.pt
[ThreadedTorchScriptPredictor Layer 14] Detected history_length=4 from /home/michael/heteroPredict/trainingData/qwen3_30b/transformer_final_pfill_markov_emb/transformer_eh4_h64_f2/layer_14/best.json
[TorchScriptPredictor Layer 14] Loading model on CPU
[TorchScriptPredictor Layer 14] Assuming prefill_dist, prev_expert_onehot, and prev_layers_feat support (v3 API).
[TorchScriptPredictor Layer 14] prefill_dist support: yes, prev_expert_onehot support: yes, prev_layers_feat support: yes
[TorchScriptPredictor Layer 14] Loaded model: /home/michael/heteroPredict/trainingData/qwen3_30b/transformer_final_pfill_markov_emb/transformer_eh4_h64_f2/layer_14/best_jit.pt
[ThreadedTorchScriptPredictor Layer 15] Detected history_length=4 from /home/michael/heteroPredict/trainingData/qwen3_30b/transformer_final_pfill_markov_emb/transformer_eh4_h64_f2/layer_15/best.json
[TorchScriptPredictor Layer 15] Loading model on CPU
[TorchScriptPredictor Layer 15] Assuming prefill_dist, prev_expert_onehot, and prev_layers_feat support (v3 API).
[TorchScriptPredictor Layer 15] prefill_dist support: yes, prev_expert_onehot support: yes, prev_layers_feat support: yes
[TorchScriptPredictor Layer 15] Loaded model: /home/michael/heteroPredict/trainingData/qwen3_30b/transformer_final_pfill_markov_emb/transformer_eh4_h64_f2/layer_15/best_jit.pt
[ThreadedTorchScriptPredictor Layer 16] Detected history_length=4 from /home/michael/heteroPredict/trainingData/qwen3_30b/transformer_final_pfill_markov_emb/transformer_eh4_h64_f2/layer_16/best.json
[TorchScriptPredictor Layer 16] Loading model on CPU
[TorchScriptPredictor Layer 16] Assuming prefill_dist, prev_expert_onehot, and prev_layers_feat support (v3 API).
[TorchScriptPredictor Layer 16] prefill_dist support: yes, prev_expert_onehot support: yes, prev_layers_feat support: yes
[TorchScriptPredictor Layer 16] Loaded model: /home/michael/heteroPredict/trainingData/qwen3_30b/transformer_final_pfill_markov_emb/transformer_eh4_h64_f2/layer_16/best_jit.pt
[ThreadedTorchScriptPredictor Layer 17] Detected history_length=4 from /home/michael/heteroPredict/trainingData/qwen3_30b/transformer_final_pfill_markov_emb/transformer_eh4_h64_f2/layer_17/best.json
[TorchScriptPredictor Layer 17] Loading model on CPU
[TorchScriptPredictor Layer 17] Assuming prefill_dist, prev_expert_onehot, and prev_layers_feat support (v3 API).
[TorchScriptPredictor Layer 17] prefill_dist support: yes, prev_expert_onehot support: yes, prev_layers_feat support: yes
[TorchScriptPredictor Layer 17] Loaded model: /home/michael/heteroPredict/trainingData/qwen3_30b/transformer_final_pfill_markov_emb/transformer_eh4_h64_f2/layer_17/best_jit.pt
[ThreadedTorchScriptPredictor Layer 18] Detected history_length=4 from /home/michael/heteroPredict/trainingData/qwen3_30b/transformer_final_pfill_markov_emb/transformer_eh4_h64_f2/layer_18/best.json
[TorchScriptPredictor Layer 18] Loading model on CPU
[TorchScriptPredictor Layer 18] Assuming prefill_dist, prev_expert_onehot, and prev_layers_feat support (v3 API).
[TorchScriptPredictor Layer 18] prefill_dist support: yes, prev_expert_onehot support: yes, prev_layers_feat support: yes
[TorchScriptPredictor Layer 18] Loaded model: /home/michael/heteroPredict/trainingData/qwen3_30b/transformer_final_pfill_markov_emb/transformer_eh4_h64_f2/layer_18/best_jit.pt
[ThreadedTorchScriptPredictor Layer 19] Detected history_length=4 from /home/michael/heteroPredict/trainingData/qwen3_30b/transformer_final_pfill_markov_emb/transformer_eh4_h64_f2/layer_19/best.json
[TorchScriptPredictor Layer 19] Loading model on CPU
[TorchScriptPredictor Layer 19] Assuming prefill_dist, prev_expert_onehot, and prev_layers_feat support (v3 API).
[TorchScriptPredictor Layer 19] prefill_dist support: yes, prev_expert_onehot support: yes, prev_layers_feat support: yes
[TorchScriptPredictor Layer 19] Loaded model: /home/michael/heteroPredict/trainingData/qwen3_30b/transformer_final_pfill_markov_emb/transformer_eh4_h64_f2/layer_19/best_jit.pt
[ThreadedTorchScriptPredictor Layer 20] Detected history_length=4 from /home/michael/heteroPredict/trainingData/qwen3_30b/transformer_final_pfill_markov_emb/transformer_eh4_h64_f2/layer_20/best.json
[TorchScriptPredictor Layer 20] Loading model on CPU
[TorchScriptPredictor Layer 20] Assuming prefill_dist, prev_expert_onehot, and prev_layers_feat support (v3 API).
[TorchScriptPredictor Layer 20] prefill_dist support: yes, prev_expert_onehot support: yes, prev_layers_feat support: yes
[TorchScriptPredictor Layer 20] Loaded model: /home/michael/heteroPredict/trainingData/qwen3_30b/transformer_final_pfill_markov_emb/transformer_eh4_h64_f2/layer_20/best_jit.pt
[ThreadedTorchScriptPredictor Layer 21] Detected history_length=4 from /home/michael/heteroPredict/trainingData/qwen3_30b/transformer_final_pfill_markov_emb/transformer_eh4_h64_f2/layer_21/best.json
[TorchScriptPredictor Layer 21] Loading model on CPU
[TorchScriptPredictor Layer 21] Assuming prefill_dist, prev_expert_onehot, and prev_layers_feat support (v3 API).
[TorchScriptPredictor Layer 21] prefill_dist support: yes, prev_expert_onehot support: yes, prev_layers_feat support: yes
[TorchScriptPredictor Layer 21] Loaded model: /home/michael/heteroPredict/trainingData/qwen3_30b/transformer_final_pfill_markov_emb/transformer_eh4_h64_f2/layer_21/best_jit.pt
[ThreadedTorchScriptPredictor Layer 22] Detected history_length=4 from /home/michael/heteroPredict/trainingData/qwen3_30b/transformer_final_pfill_markov_emb/transformer_eh4_h64_f2/layer_22/best.json
[TorchScriptPredictor Layer 22] Loading model on CPU
[TorchScriptPredictor Layer 22] Assuming prefill_dist, prev_expert_onehot, and prev_layers_feat support (v3 API).
[TorchScriptPredictor Layer 22] prefill_dist support: yes, prev_expert_onehot support: yes, prev_layers_feat support: yes
[TorchScriptPredictor Layer 22] Loaded model: /home/michael/heteroPredict/trainingData/qwen3_30b/transformer_final_pfill_markov_emb/transformer_eh4_h64_f2/layer_22/best_jit.pt
[ThreadedTorchScriptPredictor Layer 23] Detected history_length=4 from /home/michael/heteroPredict/trainingData/qwen3_30b/transformer_final_pfill_markov_emb/transformer_eh4_h64_f2/layer_23/best.json
[TorchScriptPredictor Layer 23] Loading model on CPU
[TorchScriptPredictor Layer 23] Assuming prefill_dist, prev_expert_onehot, and prev_layers_feat support (v3 API).
[TorchScriptPredictor Layer 23] prefill_dist support: yes, prev_expert_onehot support: yes, prev_layers_feat support: yes
[TorchScriptPredictor Layer 23] Loaded model: /home/michael/heteroPredict/trainingData/qwen3_30b/transformer_final_pfill_markov_emb/transformer_eh4_h64_f2/layer_23/best_jit.pt
[ThreadedTorchScriptPredictor Layer 24] Detected history_length=4 from /home/michael/heteroPredict/trainingData/qwen3_30b/transformer_final_pfill_markov_emb/transformer_eh4_h64_f2/layer_24/best.json
[TorchScriptPredictor Layer 24] Loading model on CPU
[TorchScriptPredictor Layer 24] Assuming prefill_dist, prev_expert_onehot, and prev_layers_feat support (v3 API).
[TorchScriptPredictor Layer 24] prefill_dist support: yes, prev_expert_onehot support: yes, prev_layers_feat support: yes
[TorchScriptPredictor Layer 24] Loaded model: /home/michael/heteroPredict/trainingData/qwen3_30b/transformer_final_pfill_markov_emb/transformer_eh4_h64_f2/layer_24/best_jit.pt
[ThreadedTorchScriptPredictor Layer 25] Detected history_length=4 from /home/michael/heteroPredict/trainingData/qwen3_30b/transformer_final_pfill_markov_emb/transformer_eh4_h64_f2/layer_25/best.json
[TorchScriptPredictor Layer 25] Loading model on CPU
[TorchScriptPredictor Layer 25] Assuming prefill_dist, prev_expert_onehot, and prev_layers_feat support (v3 API).
[TorchScriptPredictor Layer 25] prefill_dist support: yes, prev_expert_onehot support: yes, prev_layers_feat support: yes
[TorchScriptPredictor Layer 25] Loaded model: /home/michael/heteroPredict/trainingData/qwen3_30b/transformer_final_pfill_markov_emb/transformer_eh4_h64_f2/layer_25/best_jit.pt
[ThreadedTorchScriptPredictor Layer 26] Detected history_length=4 from /home/michael/heteroPredict/trainingData/qwen3_30b/transformer_final_pfill_markov_emb/transformer_eh4_h64_f2/layer_26/best.json
[TorchScriptPredictor Layer 26] Loading model on CPU
[TorchScriptPredictor Layer 26] Assuming prefill_dist, prev_expert_onehot, and prev_layers_feat support (v3 API).
[TorchScriptPredictor Layer 26] prefill_dist support: yes, prev_expert_onehot support: yes, prev_layers_feat support: yes
[TorchScriptPredictor Layer 26] Loaded model: /home/michael/heteroPredict/trainingData/qwen3_30b/transformer_final_pfill_markov_emb/transformer_eh4_h64_f2/layer_26/best_jit.pt
[ThreadedTorchScriptPredictor Layer 27] Detected history_length=4 from /home/michael/heteroPredict/trainingData/qwen3_30b/transformer_final_pfill_markov_emb/transformer_eh4_h64_f2/layer_27/best.json
[TorchScriptPredictor Layer 27] Loading model on CPU
[TorchScriptPredictor Layer 27] Assuming prefill_dist, prev_expert_onehot, and prev_layers_feat support (v3 API).
[TorchScriptPredictor Layer 27] prefill_dist support: yes, prev_expert_onehot support: yes, prev_layers_feat support: yes
[TorchScriptPredictor Layer 27] Loaded model: /home/michael/heteroPredict/trainingData/qwen3_30b/transformer_final_pfill_markov_emb/transformer_eh4_h64_f2/layer_27/best_jit.pt
[ThreadedTorchScriptPredictor Layer 28] Detected history_length=4 from /home/michael/heteroPredict/trainingData/qwen3_30b/transformer_final_pfill_markov_emb/transformer_eh4_h64_f2/layer_28/best.json
[TorchScriptPredictor Layer 28] Loading model on CPU
[TorchScriptPredictor Layer 28] Assuming prefill_dist, prev_expert_onehot, and prev_layers_feat support (v3 API).
[TorchScriptPredictor Layer 28] prefill_dist support: yes, prev_expert_onehot support: yes, prev_layers_feat support: yes
[TorchScriptPredictor Layer 28] Loaded model: /home/michael/heteroPredict/trainingData/qwen3_30b/transformer_final_pfill_markov_emb/transformer_eh4_h64_f2/layer_28/best_jit.pt
[ThreadedTorchScriptPredictor Layer 29] Detected history_length=4 from /home/michael/heteroPredict/trainingData/qwen3_30b/transformer_final_pfill_markov_emb/transformer_eh4_h64_f2/layer_29/best.json
[TorchScriptPredictor Layer 29] Loading model on CPU
[TorchScriptPredictor Layer 29] Assuming prefill_dist, prev_expert_onehot, and prev_layers_feat support (v3 API).
[TorchScriptPredictor Layer 29] prefill_dist support: yes, prev_expert_onehot support: yes, prev_layers_feat support: yes
[TorchScriptPredictor Layer 29] Loaded model: /home/michael/heteroPredict/trainingData/qwen3_30b/transformer_final_pfill_markov_emb/transformer_eh4_h64_f2/layer_29/best_jit.pt
[ThreadedTorchScriptPredictor Layer 30] Detected history_length=4 from /home/michael/heteroPredict/trainingData/qwen3_30b/transformer_final_pfill_markov_emb/transformer_eh4_h64_f2/layer_30/best.json
[TorchScriptPredictor Layer 30] Loading model on CPU
[TorchScriptPredictor Layer 30] Assuming prefill_dist, prev_expert_onehot, and prev_layers_feat support (v3 API).
[TorchScriptPredictor Layer 30] prefill_dist support: yes, prev_expert_onehot support: yes, prev_layers_feat support: yes
[TorchScriptPredictor Layer 30] Loaded model: /home/michael/heteroPredict/trainingData/qwen3_30b/transformer_final_pfill_markov_emb/transformer_eh4_h64_f2/layer_30/best_jit.pt
[ThreadedTorchScriptPredictor Layer 31] Detected history_length=4 from /home/michael/heteroPredict/trainingData/qwen3_30b/transformer_final_pfill_markov_emb/transformer_eh4_h64_f2/layer_31/best.json
[TorchScriptPredictor Layer 31] Loading model on CPU
[TorchScriptPredictor Layer 31] Assuming prefill_dist, prev_expert_onehot, and prev_layers_feat support (v3 API).
[TorchScriptPredictor Layer 31] prefill_dist support: yes, prev_expert_onehot support: yes, prev_layers_feat support: yes
[TorchScriptPredictor Layer 31] Loaded model: /home/michael/heteroPredict/trainingData/qwen3_30b/transformer_final_pfill_markov_emb/transformer_eh4_h64_f2/layer_31/best_jit.pt
[ThreadedTorchScriptPredictor Layer 32] Detected history_length=4 from /home/michael/heteroPredict/trainingData/qwen3_30b/transformer_final_pfill_markov_emb/transformer_eh4_h64_f2/layer_32/best.json
[TorchScriptPredictor Layer 32] Loading model on CPU
[TorchScriptPredictor Layer 32] Assuming prefill_dist, prev_expert_onehot, and prev_layers_feat support (v3 API).
[TorchScriptPredictor Layer 32] prefill_dist support: yes, prev_expert_onehot support: yes, prev_layers_feat support: yes
[TorchScriptPredictor Layer 32] Loaded model: /home/michael/heteroPredict/trainingData/qwen3_30b/transformer_final_pfill_markov_emb/transformer_eh4_h64_f2/layer_32/best_jit.pt
[ThreadedTorchScriptPredictor Layer 33] Detected history_length=4 from /home/michael/heteroPredict/trainingData/qwen3_30b/transformer_final_pfill_markov_emb/transformer_eh4_h64_f2/layer_33/best.json
[TorchScriptPredictor Layer 33] Loading model on CPU
[TorchScriptPredictor Layer 33] Assuming prefill_dist, prev_expert_onehot, and prev_layers_feat support (v3 API).
[TorchScriptPredictor Layer 33] prefill_dist support: yes, prev_expert_onehot support: yes, prev_layers_feat support: yes
[TorchScriptPredictor Layer 33] Loaded model: /home/michael/heteroPredict/trainingData/qwen3_30b/transformer_final_pfill_markov_emb/transformer_eh4_h64_f2/layer_33/best_jit.pt
[ThreadedTorchScriptPredictor Layer 34] Detected history_length=4 from /home/michael/heteroPredict/trainingData/qwen3_30b/transformer_final_pfill_markov_emb/transformer_eh4_h64_f2/layer_34/best.json
[TorchScriptPredictor Layer 34] Loading model on CPU
[TorchScriptPredictor Layer 34] Assuming prefill_dist, prev_expert_onehot, and prev_layers_feat support (v3 API).
[TorchScriptPredictor Layer 34] prefill_dist support: yes, prev_expert_onehot support: yes, prev_layers_feat support: yes
[TorchScriptPredictor Layer 34] Loaded model: /home/michael/heteroPredict/trainingData/qwen3_30b/transformer_final_pfill_markov_emb/transformer_eh4_h64_f2/layer_34/best_jit.pt
[ThreadedTorchScriptPredictor Layer 35] Detected history_length=4 from /home/michael/heteroPredict/trainingData/qwen3_30b/transformer_final_pfill_markov_emb/transformer_eh4_h64_f2/layer_35/best.json
[TorchScriptPredictor Layer 35] Loading model on CPU
[TorchScriptPredictor Layer 35] Assuming prefill_dist, prev_expert_onehot, and prev_layers_feat support (v3 API).
[TorchScriptPredictor Layer 35] prefill_dist support: yes, prev_expert_onehot support: yes, prev_layers_feat support: yes
[TorchScriptPredictor Layer 35] Loaded model: /home/michael/heteroPredict/trainingData/qwen3_30b/transformer_final_pfill_markov_emb/transformer_eh4_h64_f2/layer_35/best_jit.pt
[ThreadedTorchScriptPredictor Layer 36] Detected history_length=4 from /home/michael/heteroPredict/trainingData/qwen3_30b/transformer_final_pfill_markov_emb/transformer_eh4_h64_f2/layer_36/best.json
[TorchScriptPredictor Layer 36] Loading model on CPU
[TorchScriptPredictor Layer 36] Assuming prefill_dist, prev_expert_onehot, and prev_layers_feat support (v3 API).
[TorchScriptPredictor Layer 36] prefill_dist support: yes, prev_expert_onehot support: yes, prev_layers_feat support: yes
[TorchScriptPredictor Layer 36] Loaded model: /home/michael/heteroPredict/trainingData/qwen3_30b/transformer_final_pfill_markov_emb/transformer_eh4_h64_f2/layer_36/best_jit.pt
[ThreadedTorchScriptPredictor Layer 37] Detected history_length=4 from /home/michael/heteroPredict/trainingData/qwen3_30b/transformer_final_pfill_markov_emb/transformer_eh4_h64_f2/layer_37/best.json
[TorchScriptPredictor Layer 37] Loading model on CPU
[TorchScriptPredictor Layer 37] Assuming prefill_dist, prev_expert_onehot, and prev_layers_feat support (v3 API).
[TorchScriptPredictor Layer 37] prefill_dist support: yes, prev_expert_onehot support: yes, prev_layers_feat support: yes
[TorchScriptPredictor Layer 37] Loaded model: /home/michael/heteroPredict/trainingData/qwen3_30b/transformer_final_pfill_markov_emb/transformer_eh4_h64_f2/layer_37/best_jit.pt
[ThreadedTorchScriptPredictor Layer 38] Detected history_length=4 from /home/michael/heteroPredict/trainingData/qwen3_30b/transformer_final_pfill_markov_emb/transformer_eh4_h64_f2/layer_38/best.json
[TorchScriptPredictor Layer 38] Loading model on CPU
[TorchScriptPredictor Layer 38] Assuming prefill_dist, prev_expert_onehot, and prev_layers_feat support (v3 API).
[TorchScriptPredictor Layer 38] prefill_dist support: yes, prev_expert_onehot support: yes, prev_layers_feat support: yes
[TorchScriptPredictor Layer 38] Loaded model: /home/michael/heteroPredict/trainingData/qwen3_30b/transformer_final_pfill_markov_emb/transformer_eh4_h64_f2/layer_38/best_jit.pt
[ThreadedTorchScriptPredictor Layer 39] Detected history_length=4 from /home/michael/heteroPredict/trainingData/qwen3_30b/transformer_final_pfill_markov_emb/transformer_eh4_h64_f2/layer_39/best.json
[TorchScriptPredictor Layer 39] Loading model on CPU
[TorchScriptPredictor Layer 39] Assuming prefill_dist, prev_expert_onehot, and prev_layers_feat support (v3 API).
[TorchScriptPredictor Layer 39] prefill_dist support: yes, prev_expert_onehot support: yes, prev_layers_feat support: yes
[TorchScriptPredictor Layer 39] Loaded model: /home/michael/heteroPredict/trainingData/qwen3_30b/transformer_final_pfill_markov_emb/transformer_eh4_h64_f2/layer_39/best_jit.pt
[ThreadedTorchScriptPredictor Layer 40] Detected history_length=4 from /home/michael/heteroPredict/trainingData/qwen3_30b/transformer_final_pfill_markov_emb/transformer_eh4_h64_f2/layer_40/best.json
[TorchScriptPredictor Layer 40] Loading model on CPU
[TorchScriptPredictor Layer 40] Assuming prefill_dist, prev_expert_onehot, and prev_layers_feat support (v3 API).
[TorchScriptPredictor Layer 40] prefill_dist support: yes, prev_expert_onehot support: yes, prev_layers_feat support: yes
[TorchScriptPredictor Layer 40] Loaded model: /home/michael/heteroPredict/trainingData/qwen3_30b/transformer_final_pfill_markov_emb/transformer_eh4_h64_f2/layer_40/best_jit.pt
[ThreadedTorchScriptPredictor Layer 41] Detected history_length=4 from /home/michael/heteroPredict/trainingData/qwen3_30b/transformer_final_pfill_markov_emb/transformer_eh4_h64_f2/layer_41/best.json
[TorchScriptPredictor Layer 41] Loading model on CPU
[TorchScriptPredictor Layer 41] Assuming prefill_dist, prev_expert_onehot, and prev_layers_feat support (v3 API).
[TorchScriptPredictor Layer 41] prefill_dist support: yes, prev_expert_onehot support: yes, prev_layers_feat support: yes
[TorchScriptPredictor Layer 41] Loaded model: /home/michael/heteroPredict/trainingData/qwen3_30b/transformer_final_pfill_markov_emb/transformer_eh4_h64_f2/layer_41/best_jit.pt
[ThreadedTorchScriptPredictor Layer 42] Detected history_length=4 from /home/michael/heteroPredict/trainingData/qwen3_30b/transformer_final_pfill_markov_emb/transformer_eh4_h64_f2/layer_42/best.json
[TorchScriptPredictor Layer 42] Loading model on CPU
[TorchScriptPredictor Layer 42] Assuming prefill_dist, prev_expert_onehot, and prev_layers_feat support (v3 API).
[TorchScriptPredictor Layer 42] prefill_dist support: yes, prev_expert_onehot support: yes, prev_layers_feat support: yes
[TorchScriptPredictor Layer 42] Loaded model: /home/michael/heteroPredict/trainingData/qwen3_30b/transformer_final_pfill_markov_emb/transformer_eh4_h64_f2/layer_42/best_jit.pt
[ThreadedTorchScriptPredictor Layer 43] Detected history_length=4 from /home/michael/heteroPredict/trainingData/qwen3_30b/transformer_final_pfill_markov_emb/transformer_eh4_h64_f2/layer_43/best.json
[TorchScriptPredictor Layer 43] Loading model on CPU
[TorchScriptPredictor Layer 43] Assuming prefill_dist, prev_expert_onehot, and prev_layers_feat support (v3 API).
[TorchScriptPredictor Layer 43] prefill_dist support: yes, prev_expert_onehot support: yes, prev_layers_feat support: yes
[TorchScriptPredictor Layer 43] Loaded model: /home/michael/heteroPredict/trainingData/qwen3_30b/transformer_final_pfill_markov_emb/transformer_eh4_h64_f2/layer_43/best_jit.pt
[ThreadedTorchScriptPredictor Layer 44] Detected history_length=4 from /home/michael/heteroPredict/trainingData/qwen3_30b/transformer_final_pfill_markov_emb/transformer_eh4_h64_f2/layer_44/best.json
[TorchScriptPredictor Layer 44] Loading model on CPU
[TorchScriptPredictor Layer 44] Assuming prefill_dist, prev_expert_onehot, and prev_layers_feat support (v3 API).
[TorchScriptPredictor Layer 44] prefill_dist support: yes, prev_expert_onehot support: yes, prev_layers_feat support: yes
[TorchScriptPredictor Layer 44] Loaded model: /home/michael/heteroPredict/trainingData/qwen3_30b/transformer_final_pfill_markov_emb/transformer_eh4_h64_f2/layer_44/best_jit.pt
[ThreadedTorchScriptPredictor Layer 45] Detected history_length=4 from /home/michael/heteroPredict/trainingData/qwen3_30b/transformer_final_pfill_markov_emb/transformer_eh4_h64_f2/layer_45/best.json
[TorchScriptPredictor Layer 45] Loading model on CPU
[TorchScriptPredictor Layer 45] Assuming prefill_dist, prev_expert_onehot, and prev_layers_feat support (v3 API).
[TorchScriptPredictor Layer 45] prefill_dist support: yes, prev_expert_onehot support: yes, prev_layers_feat support: yes
[TorchScriptPredictor Layer 45] Loaded model: /home/michael/heteroPredict/trainingData/qwen3_30b/transformer_final_pfill_markov_emb/transformer_eh4_h64_f2/layer_45/best_jit.pt
[ThreadedTorchScriptPredictor Layer 46] Detected history_length=4 from /home/michael/heteroPredict/trainingData/qwen3_30b/transformer_final_pfill_markov_emb/transformer_eh4_h64_f2/layer_46/best.json
[TorchScriptPredictor Layer 46] Loading model on CPU
[TorchScriptPredictor Layer 46] Assuming prefill_dist, prev_expert_onehot, and prev_layers_feat support (v3 API).
[TorchScriptPredictor Layer 46] prefill_dist support: yes, prev_expert_onehot support: yes, prev_layers_feat support: yes
[TorchScriptPredictor Layer 46] Loaded model: /home/michael/heteroPredict/trainingData/qwen3_30b/transformer_final_pfill_markov_emb/transformer_eh4_h64_f2/layer_46/best_jit.pt
[ThreadedTorchScriptPredictor Layer 47] Detected history_length=4 from /home/michael/heteroPredict/trainingData/qwen3_30b/transformer_final_pfill_markov_emb/transformer_eh4_h64_f2/layer_47/best.json
[TorchScriptPredictor Layer 47] Loading model on CPU
[TorchScriptPredictor Layer 47] Assuming prefill_dist, prev_expert_onehot, and prev_layers_feat support (v3 API).
[TorchScriptPredictor Layer 47] prefill_dist support: yes, prev_expert_onehot support: yes, prev_layers_feat support: yes
[TorchScriptPredictor Layer 47] Loaded model: /home/michael/heteroPredict/trainingData/qwen3_30b/transformer_final_pfill_markov_emb/transformer_eh4_h64_f2/layer_47/best_jit.pt
UnifiedLLMW4A16 moved to device: cuda:0
Preloading MoE kernels...
MoE kernels preloaded.
UnifiedLLMW4A16 initialized on device: cuda:0 with w4a16 quantization
[Predictor] Lookahead stride set to 2 (predictor fires every 2 decode tokens)
Loading non-quantized weights from safetensors (mmap): /home/michael/heteroPredict/py/unified_llm_w4a16/model_weights/Qwen3-30B-A3B-AWQ.safetensors
Loaded 243 non-quantized parameters, skipped 0
Loading quantized weights from bins: /home/michael/heteroPredict/py/unified_llm_w4a16/model_weights/Qwen3-30B-A3B-AWQ_unpacked
  Expert weights dir override: /home/michael/heteroPredict/py/unified_llm_w4a16/model_weights/Qwen3-30B-A3B-AWQ_packed
Pre-warming 32 experts for all layers...
Layer 0: Pre-warming 32 experts.
Layer 0: using packed expert format.
[MoE I/O] Expert weight reads require O_DIRECT (no buffered fallback).
Layer 1: Pre-warming 32 experts.
Layer 1: using packed expert format.
Layer 2: Pre-warming 32 experts.
Layer 2: using packed expert format.
Layer 3: Pre-warming 32 experts.
Layer 3: using packed expert format.
Prewarmed experts for layer 4/48
Layer 4: Pre-warming 32 experts.
Layer 4: using packed expert format.
Layer 5: Pre-warming 32 experts.
Layer 5: using packed expert format.
Layer 6: Pre-warming 32 experts.
Layer 6: using packed expert format.
Layer 7: Pre-warming 32 experts.
Layer 7: using packed expert format.
Prewarmed experts for layer 8/48
Layer 8: Pre-warming 32 experts.
Layer 8: using packed expert format.
Layer 9: Pre-warming 32 experts.
Layer 9: using packed expert format.
Layer 10: Pre-warming 32 experts.
Layer 10: using packed expert format.
Layer 11: Pre-warming 32 experts.
Layer 11: using packed expert format.
Prewarmed experts for layer 12/48
Layer 12: Pre-warming 32 experts.
Layer 12: using packed expert format.
Layer 13: Pre-warming 32 experts.
Layer 13: using packed expert format.
Layer 14: Pre-warming 32 experts.
Layer 14: using packed expert format.
Layer 15: Pre-warming 32 experts.
Layer 15: using packed expert format.
Prewarmed experts for layer 16/48
Layer 16: Pre-warming 32 experts.
Layer 16: using packed expert format.
Layer 17: Pre-warming 32 experts.
Layer 17: using packed expert format.
Layer 18: Pre-warming 32 experts.
Layer 18: using packed expert format.
Layer 19: Pre-warming 32 experts.
Layer 19: using packed expert format.
Prewarmed experts for layer 20/48
Layer 20: Pre-warming 32 experts.
Layer 20: using packed expert format.
Layer 21: Pre-warming 32 experts.
Layer 21: using packed expert format.
Layer 22: Pre-warming 32 experts.
Layer 22: using packed expert format.
Layer 23: Pre-warming 32 experts.
Layer 23: using packed expert format.
Prewarmed experts for layer 24/48
Layer 24: Pre-warming 32 experts.
Layer 24: using packed expert format.
Layer 25: Pre-warming 32 experts.
Layer 25: using packed expert format.
Layer 26: Pre-warming 32 experts.
Layer 26: using packed expert format.
Layer 27: Pre-warming 32 experts.
Layer 27: using packed expert format.
Prewarmed experts for layer 28/48
Layer 28: Pre-warming 32 experts.
Layer 28: using packed expert format.
Layer 29: Pre-warming 32 experts.
Layer 29: using packed expert format.
Layer 30: Pre-warming 32 experts.
Layer 30: using packed expert format.
Layer 31: Pre-warming 32 experts.
Layer 31: using packed expert format.
Prewarmed experts for layer 32/48
Layer 32: Pre-warming 32 experts.
Layer 32: using packed expert format.
Layer 33: Pre-warming 32 experts.
Layer 33: using packed expert format.
Layer 34: Pre-warming 32 experts.
Layer 34: using packed expert format.
Layer 35: Pre-warming 32 experts.
Layer 35: using packed expert format.
Prewarmed experts for layer 36/48
Layer 36: Pre-warming 32 experts.
Layer 36: using packed expert format.
Layer 37: Pre-warming 32 experts.
Layer 37: using packed expert format.
Layer 38: Pre-warming 32 experts.
Layer 38: using packed expert format.
Layer 39: Pre-warming 32 experts.
Layer 39: using packed expert format.
Prewarmed experts for layer 40/48
Layer 40: Pre-warming 32 experts.
Layer 40: using packed expert format.
Layer 41: Pre-warming 32 experts.
Layer 41: using packed expert format.
Layer 42: Pre-warming 32 experts.
Layer 42: using packed expert format.
Layer 43: Pre-warming 32 experts.
Layer 43: using packed expert format.
Prewarmed experts for layer 44/48
Layer 44: Pre-warming 32 experts.
Layer 44: using packed expert format.
Layer 45: Pre-warming 32 experts.
Layer 45: using packed expert format.
Layer 46: Pre-warming 32 experts.
Layer 46: using packed expert format.
Layer 47: Pre-warming 32 experts.
Layer 47: using packed expert format.
Prewarmed experts for layer 48/48
Libtorch input_ids shape: [1, 512]
Skipping warmup.
Prefill time: 18.6404 seconds
[Predictor] Prefill-end expert cache warmup (excluded from generation TPS).
[Layer 0 Warmup Debug] predict_sync returned: 28 112 23 83 111 118 41 120 31 77 24 46 81 51 103 107 14 12 50 92 106 97 125 63 122 30 116 105 68 32 104 74 2 57 0 101 71 64 29 16 67 53 38 21 126 75 86 72 91 27 22 18 33 110 9 69 62 82 124 13 49 3 78 89 79 100 70 87 58 60 26 17 109 25 61 80 85 48 37 90 127 73 95 88 47 76 11 54 44 119 108 121 102 4 52 36 113 6 5 65 115 66 20 7 93 42 1 56 39 8 10 84 55 99 94 45 114 96 35 59 43 15 40 34 98 117 19 123 
[Layer 0 Warmup Debug] experts_to_prefetch returned: 28 112 23 83 111 118 41 120 
[Layer 0 Warmup Debug] After prefill-end warmup, slots are: 99 100 101 102 103 104 105 106 107 109 110 111 112 113 114 115 116 117 118 119 120 121 122 123 124 125 126 127 28 23 83 41 
Generation phase
[Layer 0 Step 0 Debug] Slots before check: 99 100 101 102 103 104 105 106 107 109 110 111 112 113 114 115 116 117 118 119 120 121 122 123 124 125 126 127 28 23 83 41 
[Layer 0 Step 0 Debug] Requested: 105 77 28 91 122 112 64 46 
[gen 5/79] elapsed=1.6s  TPS=3.139
[gen 10/79] elapsed=2.7s  TPS=3.646
[gen 15/79] elapsed=4.0s  TPS=3.760
[gen 20/79] elapsed=5.2s  TPS=3.828
[gen 25/79] elapsed=6.9s  TPS=3.616
[gen 30/79] elapsed=8.5s  TPS=3.545
[gen 35/79] elapsed=9.8s  TPS=3.571
[gen 40/79] elapsed=11.0s  TPS=3.653
[gen 45/79] elapsed=12.2s  TPS=3.692
[gen 50/79] elapsed=13.6s  TPS=3.681
[gen 55/79] elapsed=14.8s  TPS=3.715
[gen 60/79] elapsed=16.0s  TPS=3.753
[gen 65/79] elapsed=17.3s  TPS=3.754
[gen 70/79] elapsed=18.5s  TPS=3.778
[gen 75/79] elapsed=19.5s  TPS=3.844
Prefill time (summary): 18.640 seconds
Total Generation Time: 20.360 seconds
Average Time per Token: 0.257721 seconds

Expert Cache Statistics:
Layer 0 Cache Stats: Hits=320, Misses=312, HitRate=50.63%
    Predictor Routed-Expert HitRate=20.51% (8/39, routed_n=1, horizon=2)
    Predictor RoutedForcedN HitRate=20.51% (8/39)
    Predictor RoutedTopK HitRate=19.87% (62/312)
    Predicted RequestedByRouterForcedN Rate=2.56% (8/312)
    Predicted RequestedByRouterTopK Rate=19.87% (62/312)
    Predictor WindowRecall Rate=26.26% (151/575)
    Predictor WindowPrecision Rate=48.40% (151/312)
    Loads Per Step: 0Loads=0, 1Load=6, >1Load=73
    Bandwidth: StallLoads=312, PrefetchLoads=136, AvgLoadTime=2.47ms
    PrefetchOverlap: HiddenReady=69, HiddenWait=0, TicksSkipped=0
    MissCause: NotPresent=312, NotReadyStall=0
    PrefetchEff: Dropped=0, AlreadyCached=184, UsedBeforeEvict=69, EvictedBeforeUse=63
    GlobalSpecLoad: PeakConcurrent=6
    Predictor TopK matches: 0=31 1=8 >=2=0
Layer 1 Cache Stats: Hits=425, Misses=207, HitRate=67.25%
    Predictor Routed-Expert HitRate=25.64% (10/39, routed_n=1, horizon=2)
    Predictor RoutedForcedN HitRate=25.64% (10/39)
    Predictor RoutedTopK HitRate=32.69% (102/312)
    Predicted RequestedByRouterForcedN Rate=3.21% (10/312)
    Predicted RequestedByRouterTopK Rate=32.69% (102/312)
    Predictor WindowRecall Rate=37.04% (193/521)
    Predictor WindowPrecision Rate=61.86% (193/312)
    Loads Per Step: 0Loads=3, 1Load=17, >1Load=59
    Bandwidth: StallLoads=207, PrefetchLoads=83, AvgLoadTime=3.00ms
    PrefetchOverlap: HiddenReady=41, HiddenWait=0, TicksSkipped=0
    MissCause: NotPresent=207, NotReadyStall=0
    PrefetchEff: Dropped=0, AlreadyCached=237, UsedBeforeEvict=41, EvictedBeforeUse=40
    Predictor TopK matches: 0=29 1=10 >=2=0
Layer 2 Cache Stats: Hits=456, Misses=176, HitRate=72.15%
    Predictor Routed-Expert HitRate=28.21% (11/39, routed_n=1, horizon=2)
    Predictor RoutedForcedN HitRate=28.21% (11/39)
    Predictor RoutedTopK HitRate=31.09% (97/312)
    Predicted RequestedByRouterForcedN Rate=3.53% (11/312)
    Predicted RequestedByRouterTopK Rate=31.09% (97/312)
    Predictor WindowRecall Rate=33.01% (168/509)
    Predictor WindowPrecision Rate=53.85% (168/312)
    Loads Per Step: 0Loads=4, 1Load=20, >1Load=55
    Bandwidth: StallLoads=176, PrefetchLoads=97, AvgLoadTime=3.34ms
    PrefetchOverlap: HiddenReady=55, HiddenWait=0, TicksSkipped=0
    MissCause: NotPresent=176, NotReadyStall=0
    PrefetchEff: Dropped=0, AlreadyCached=223, UsedBeforeEvict=55, EvictedBeforeUse=38
    Predictor TopK matches: 0=28 1=11 >=2=0
Layer 3 Cache Stats: Hits=450, Misses=182, HitRate=71.20%
    Predictor Routed-Expert HitRate=41.03% (16/39, routed_n=1, horizon=2)
    Predictor RoutedForcedN HitRate=41.03% (16/39)
    Predictor RoutedTopK HitRate=32.69% (102/312)
    Predicted RequestedByRouterForcedN Rate=5.13% (16/312)
    Predicted RequestedByRouterTopK Rate=32.69% (102/312)
    Predictor WindowRecall Rate=34.50% (177/513)
    Predictor WindowPrecision Rate=56.73% (177/312)
    Loads Per Step: 0Loads=6, 1Load=18, >1Load=55
    Bandwidth: StallLoads=182, PrefetchLoads=80, AvgLoadTime=3.10ms
    PrefetchOverlap: HiddenReady=48, HiddenWait=0, TicksSkipped=0
    MissCause: NotPresent=182, NotReadyStall=0
    PrefetchEff: Dropped=0, AlreadyCached=240, UsedBeforeEvict=48, EvictedBeforeUse=30
    Predictor TopK matches: 0=23 1=16 >=2=0
Layer 4 Cache Stats: Hits=478, Misses=154, HitRate=75.63%
    Predictor Routed-Expert HitRate=48.72% (19/39, routed_n=1, horizon=2)
    Predictor RoutedForcedN HitRate=48.72% (19/39)
    Predictor RoutedTopK HitRate=36.54% (114/312)
    Predicted RequestedByRouterForcedN Rate=6.09% (19/312)
    Predicted RequestedByRouterTopK Rate=36.54% (114/312)
    Predictor WindowRecall Rate=38.57% (194/503)
    Predictor WindowPrecision Rate=62.18% (194/312)
    Loads Per Step: 0Loads=9, 1Load=20, >1Load=50
    Bandwidth: StallLoads=154, PrefetchLoads=59, AvgLoadTime=3.35ms
    PrefetchOverlap: HiddenReady=37, HiddenWait=0, TicksSkipped=0
    MissCause: NotPresent=154, NotReadyStall=0
    PrefetchEff: Dropped=0, AlreadyCached=261, UsedBeforeEvict=37, EvictedBeforeUse=21
    Predictor TopK matches: 0=20 1=19 >=2=0
Layer 5 Cache Stats: Hits=473, Misses=159, HitRate=74.84%
    Predictor Routed-Expert HitRate=58.97% (23/39, routed_n=1, horizon=2)
    Predictor RoutedForcedN HitRate=58.97% (23/39)
    Predictor RoutedTopK HitRate=44.23% (138/312)
    Predicted RequestedByRouterForcedN Rate=7.37% (23/312)
    Predicted RequestedByRouterTopK Rate=44.23% (138/312)
    Predictor WindowRecall Rate=42.12% (211/501)
    Predictor WindowPrecision Rate=67.63% (211/312)
    Loads Per Step: 0Loads=8, 1Load=22, >1Load=49
    Bandwidth: StallLoads=159, PrefetchLoads=64, AvgLoadTime=3.04ms
    PrefetchOverlap: HiddenReady=35, HiddenWait=0, TicksSkipped=0
    MissCause: NotPresent=159, NotReadyStall=0
    PrefetchEff: Dropped=0, AlreadyCached=256, UsedBeforeEvict=35, EvictedBeforeUse=28
    Predictor TopK matches: 0=16 1=23 >=2=0
Layer 6 Cache Stats: Hits=573, Misses=59, HitRate=90.66%
    Predictor Routed-Expert HitRate=66.67% (26/39, routed_n=1, horizon=2)
    Predictor RoutedForcedN HitRate=66.67% (26/39)
    Predictor RoutedTopK HitRate=57.69% (180/312)
    Predicted RequestedByRouterForcedN Rate=8.33% (26/312)
    Predicted RequestedByRouterTopK Rate=57.69% (180/312)
    Predictor WindowRecall Rate=51.98% (236/454)
    Predictor WindowPrecision Rate=75.64% (236/312)
    Loads Per Step: 0Loads=37, 1Load=28, >1Load=14
    Bandwidth: StallLoads=59, PrefetchLoads=14, AvgLoadTime=4.24ms
    PrefetchOverlap: HiddenReady=11, HiddenWait=0, TicksSkipped=0
    MissCause: NotPresent=59, NotReadyStall=0
    PrefetchEff: Dropped=0, AlreadyCached=306, UsedBeforeEvict=11, EvictedBeforeUse=3
    Predictor TopK matches: 0=13 1=26 >=2=0
Layer 7 Cache Stats: Hits=584, Misses=48, HitRate=92.41%
    Predictor Routed-Expert HitRate=74.36% (29/39, routed_n=1, horizon=2)
    Predictor RoutedForcedN HitRate=74.36% (29/39)
    Predictor RoutedTopK HitRate=57.05% (178/312)
    Predicted RequestedByRouterForcedN Rate=9.29% (29/312)
    Predicted RequestedByRouterTopK Rate=57.05% (178/312)
    Predictor WindowRecall Rate=51.98% (236/454)
    Predictor WindowPrecision Rate=75.64% (236/312)
    Loads Per Step: 0Loads=43, 1Load=26, >1Load=10
    Bandwidth: StallLoads=48, PrefetchLoads=20, AvgLoadTime=3.92ms
    PrefetchOverlap: HiddenReady=15, HiddenWait=0, TicksSkipped=0
    MissCause: NotPresent=48, NotReadyStall=0
    PrefetchEff: Dropped=0, AlreadyCached=300, UsedBeforeEvict=15, EvictedBeforeUse=4
    Predictor TopK matches: 0=10 1=29 >=2=0
Layer 8 Cache Stats: Hits=532, Misses=100, HitRate=84.18%
    Predictor Routed-Expert HitRate=56.41% (22/39, routed_n=1, horizon=2)
    Predictor RoutedForcedN HitRate=56.41% (22/39)
    Predictor RoutedTopK HitRate=42.95% (134/312)
    Predicted RequestedByRouterForcedN Rate=7.05% (22/312)
    Predicted RequestedByRouterTopK Rate=42.95% (134/312)
    Predictor WindowRecall Rate=43.52% (205/471)
    Predictor WindowPrecision Rate=65.71% (205/312)
    Loads Per Step: 0Loads=26, 1Load=22, >1Load=31
    Bandwidth: StallLoads=100, PrefetchLoads=45, AvgLoadTime=3.27ms
    PrefetchOverlap: HiddenReady=23, HiddenWait=0, TicksSkipped=0
    MissCause: NotPresent=100, NotReadyStall=0
    PrefetchEff: Dropped=0, AlreadyCached=275, UsedBeforeEvict=23, EvictedBeforeUse=22
    Predictor TopK matches: 0=17 1=22 >=2=0
Layer 9 Cache Stats: Hits=550, Misses=82, HitRate=87.03%
    Predictor Routed-Expert HitRate=64.10% (25/39, routed_n=1, horizon=2)
    Predictor RoutedForcedN HitRate=64.10% (25/39)
    Predictor RoutedTopK HitRate=49.36% (154/312)
    Predicted RequestedByRouterForcedN Rate=8.01% (25/312)
    Predicted RequestedByRouterTopK Rate=49.36% (154/312)
    Predictor WindowRecall Rate=46.30% (219/473)
    Predictor WindowPrecision Rate=70.19% (219/312)
    Loads Per Step: 0Loads=21, 1Load=35, >1Load=23
    Bandwidth: StallLoads=82, PrefetchLoads=29, AvgLoadTime=3.82ms
    PrefetchOverlap: HiddenReady=19, HiddenWait=0, TicksSkipped=0
    MissCause: NotPresent=82, NotReadyStall=0
    PrefetchEff: Dropped=0, AlreadyCached=291, UsedBeforeEvict=19, EvictedBeforeUse=9
    Predictor TopK matches: 0=14 1=25 >=2=0
Layer 10 Cache Stats: Hits=509, Misses=123, HitRate=80.54%
    Predictor Routed-Expert HitRate=66.67% (26/39, routed_n=1, horizon=2)
    Predictor RoutedForcedN HitRate=66.67% (26/39)
    Predictor RoutedTopK HitRate=48.72% (152/312)
    Predicted RequestedByRouterForcedN Rate=8.33% (26/312)
    Predicted RequestedByRouterTopK Rate=48.72% (152/312)
    Predictor WindowRecall Rate=45.72% (219/479)
    Predictor WindowPrecision Rate=70.19% (219/312)
    Loads Per Step: 0Loads=17, 1Load=24, >1Load=38
    Bandwidth: StallLoads=123, PrefetchLoads=47, AvgLoadTime=3.24ms
    PrefetchOverlap: HiddenReady=32, HiddenWait=0, TicksSkipped=0
    MissCause: NotPresent=123, NotReadyStall=0
    PrefetchEff: Dropped=0, AlreadyCached=273, UsedBeforeEvict=32, EvictedBeforeUse=14
    Predictor TopK matches: 0=13 1=26 >=2=0
Layer 11 Cache Stats: Hits=506, Misses=126, HitRate=80.06%
    Predictor Routed-Expert HitRate=69.23% (27/39, routed_n=1, horizon=2)
    Predictor RoutedForcedN HitRate=69.23% (27/39)
    Predictor RoutedTopK HitRate=47.12% (147/312)
    Predicted RequestedByRouterForcedN Rate=8.65% (27/312)
    Predicted RequestedByRouterTopK Rate=47.12% (147/312)
    Predictor WindowRecall Rate=45.62% (219/480)
    Predictor WindowPrecision Rate=70.19% (219/312)
    Loads Per Step: 0Loads=15, 1Load=25, >1Load=39
    Bandwidth: StallLoads=126, PrefetchLoads=57, AvgLoadTime=3.22ms
    PrefetchOverlap: HiddenReady=41, HiddenWait=0, TicksSkipped=0
    MissCause: NotPresent=126, NotReadyStall=0
    PrefetchEff: Dropped=0, AlreadyCached=263, UsedBeforeEvict=41, EvictedBeforeUse=15
    Predictor TopK matches: 0=12 1=27 >=2=0
Layer 12 Cache Stats: Hits=507, Misses=125, HitRate=80.22%
    Predictor Routed-Expert HitRate=69.23% (27/39, routed_n=1, horizon=2)
    Predictor RoutedForcedN HitRate=69.23% (27/39)
    Predictor RoutedTopK HitRate=50.64% (158/312)
    Predicted RequestedByRouterForcedN Rate=8.65% (27/312)
    Predicted RequestedByRouterTopK Rate=50.64% (158/312)
    Predictor WindowRecall Rate=46.01% (219/476)
    Predictor WindowPrecision Rate=70.19% (219/312)
    Loads Per Step: 0Loads=15, 1Load=23, >1Load=41
    Bandwidth: StallLoads=125, PrefetchLoads=43, AvgLoadTime=3.41ms
    PrefetchOverlap: HiddenReady=36, HiddenWait=0, TicksSkipped=0
    MissCause: NotPresent=125, NotReadyStall=0
    PrefetchEff: Dropped=0, AlreadyCached=277, UsedBeforeEvict=36, EvictedBeforeUse=7
    Predictor TopK matches: 0=12 1=27 >=2=0
Layer 13 Cache Stats: Hits=492, Misses=140, HitRate=77.85%
    Predictor Routed-Expert HitRate=53.85% (21/39, routed_n=1, horizon=2)
    Predictor RoutedForcedN HitRate=53.85% (21/39)
    Predictor RoutedTopK HitRate=38.14% (119/312)
    Predicted RequestedByRouterForcedN Rate=6.73% (21/312)
    Predicted RequestedByRouterTopK Rate=38.14% (119/312)
    Predictor WindowRecall Rate=42.48% (212/499)
    Predictor WindowPrecision Rate=67.95% (212/312)
    Loads Per Step: 0Loads=13, 1Load=21, >1Load=45
    Bandwidth: StallLoads=140, PrefetchLoads=61, AvgLoadTime=3.10ms
    PrefetchOverlap: HiddenReady=40, HiddenWait=0, TicksSkipped=0
    MissCause: NotPresent=140, NotReadyStall=0
    PrefetchEff: Dropped=0, AlreadyCached=259, UsedBeforeEvict=40, EvictedBeforeUse=21
    Predictor TopK matches: 0=18 1=21 >=2=0
Layer 14 Cache Stats: Hits=516, Misses=116, HitRate=81.65%
    Predictor Routed-Expert HitRate=64.10% (25/39, routed_n=1, horizon=2)
    Predictor RoutedForcedN HitRate=64.10% (25/39)
    Predictor RoutedTopK HitRate=50.64% (158/312)
    Predicted RequestedByRouterForcedN Rate=8.01% (25/312)
    Predicted RequestedByRouterTopK Rate=50.64% (158/312)
    Predictor WindowRecall Rate=47.21% (220/466)
    Predictor WindowPrecision Rate=70.51% (220/312)
    Loads Per Step: 0Loads=18, 1Load=24, >1Load=37
    Bandwidth: StallLoads=116, PrefetchLoads=31, AvgLoadTime=3.64ms
    PrefetchOverlap: HiddenReady=20, HiddenWait=0, TicksSkipped=0
    MissCause: NotPresent=116, NotReadyStall=0
    PrefetchEff: Dropped=0, AlreadyCached=289, UsedBeforeEvict=20, EvictedBeforeUse=10
    Predictor TopK matches: 0=14 1=25 >=2=0
Layer 15 Cache Stats: Hits=553, Misses=79, HitRate=87.50%
    Predictor Routed-Expert HitRate=74.36% (29/39, routed_n=1, horizon=2)
    Predictor RoutedForcedN HitRate=74.36% (29/39)
    Predictor RoutedTopK HitRate=56.09% (175/312)
    Predicted RequestedByRouterForcedN Rate=9.29% (29/312)
    Predicted RequestedByRouterTopK Rate=56.09% (175/312)
    Predictor WindowRecall Rate=52.55% (247/470)
    Predictor WindowPrecision Rate=79.17% (247/312)
    Loads Per Step: 0Loads=31, 1Load=27, >1Load=21
    Bandwidth: StallLoads=79, PrefetchLoads=21, AvgLoadTime=3.66ms
    PrefetchOverlap: HiddenReady=15, HiddenWait=0, TicksSkipped=0
    MissCause: NotPresent=79, NotReadyStall=0
    PrefetchEff: Dropped=0, AlreadyCached=299, UsedBeforeEvict=15, EvictedBeforeUse=5
    Predictor TopK matches: 0=10 1=29 >=2=0
Layer 16 Cache Stats: Hits=527, Misses=105, HitRate=83.39%
    Predictor Routed-Expert HitRate=41.03% (16/39, routed_n=1, horizon=2)
    Predictor RoutedForcedN HitRate=41.03% (16/39)
    Predictor RoutedTopK HitRate=46.15% (144/312)
    Predicted RequestedByRouterForcedN Rate=5.13% (16/312)
    Predicted RequestedByRouterTopK Rate=46.15% (144/312)
    Predictor WindowRecall Rate=46.42% (227/489)
    Predictor WindowPrecision Rate=72.76% (227/312)
    Loads Per Step: 0Loads=16, 1Load=32, >1Load=31
    Bandwidth: StallLoads=105, PrefetchLoads=43, AvgLoadTime=3.62ms
    PrefetchOverlap: HiddenReady=31, HiddenWait=0, TicksSkipped=0
    MissCause: NotPresent=105, NotReadyStall=0
    PrefetchEff: Dropped=0, AlreadyCached=277, UsedBeforeEvict=31, EvictedBeforeUse=10
    Predictor TopK matches: 0=23 1=16 >=2=0
Layer 17 Cache Stats: Hits=519, Misses=113, HitRate=82.12%
    Predictor Routed-Expert HitRate=69.23% (27/39, routed_n=1, horizon=2)
    Predictor RoutedForcedN HitRate=69.23% (27/39)
    Predictor RoutedTopK HitRate=47.44% (148/312)
    Predicted RequestedByRouterForcedN Rate=8.65% (27/312)
    Predicted RequestedByRouterTopK Rate=47.44% (148/312)
    Predictor WindowRecall Rate=46.28% (230/497)
    Predictor WindowPrecision Rate=73.72% (230/312)
    Loads Per Step: 0Loads=18, 1Load=30, >1Load=31
    Bandwidth: StallLoads=113, PrefetchLoads=39, AvgLoadTime=3.09ms
    PrefetchOverlap: HiddenReady=28, HiddenWait=0, TicksSkipped=0
    MissCause: NotPresent=113, NotReadyStall=0
    PrefetchEff: Dropped=0, AlreadyCached=281, UsedBeforeEvict=28, EvictedBeforeUse=11
    Predictor TopK matches: 0=12 1=27 >=2=0
Layer 18 Cache Stats: Hits=591, Misses=41, HitRate=93.51%
    Predictor Routed-Expert HitRate=71.79% (28/39, routed_n=1, horizon=2)
    Predictor RoutedForcedN HitRate=71.79% (28/39)
    Predictor RoutedTopK HitRate=54.49% (170/312)
    Predicted RequestedByRouterForcedN Rate=8.97% (28/312)
    Predicted RequestedByRouterTopK Rate=54.49% (170/312)
    Predictor WindowRecall Rate=49.89% (229/459)
    Predictor WindowPrecision Rate=73.40% (229/312)
    Loads Per Step: 0Loads=49, 1Load=21, >1Load=9
    Bandwidth: StallLoads=41, PrefetchLoads=10, AvgLoadTime=4.04ms
    PrefetchOverlap: HiddenReady=5, HiddenWait=0, TicksSkipped=0
    MissCause: NotPresent=41, NotReadyStall=0
    PrefetchEff: Dropped=0, AlreadyCached=310, UsedBeforeEvict=5, EvictedBeforeUse=5
    Predictor TopK matches: 0=11 1=28 >=2=0
Layer 19 Cache Stats: Hits=591, Misses=41, HitRate=93.51%
    Predictor Routed-Expert HitRate=76.92% (30/39, routed_n=1, horizon=2)
    Predictor RoutedForcedN HitRate=76.92% (30/39)
    Predictor RoutedTopK HitRate=59.62% (186/312)
    Predicted RequestedByRouterForcedN Rate=9.62% (30/312)
    Predicted RequestedByRouterTopK Rate=59.62% (186/312)
    Predictor WindowRecall Rate=57.30% (255/445)
    Predictor WindowPrecision Rate=81.73% (255/312)
    Loads Per Step: 0Loads=49, 1Load=22, >1Load=8
    Bandwidth: StallLoads=41, PrefetchLoads=7, AvgLoadTime=4.19ms
    PrefetchOverlap: HiddenReady=5, HiddenWait=0, TicksSkipped=0
    MissCause: NotPresent=41, NotReadyStall=0
    PrefetchEff: Dropped=0, AlreadyCached=313, UsedBeforeEvict=5, EvictedBeforeUse=2
    Predictor TopK matches: 0=9 1=30 >=2=0
Layer 20 Cache Stats: Hits=564, Misses=68, HitRate=89.24%
    Predictor Routed-Expert HitRate=64.10% (25/39, routed_n=1, horizon=2)
    Predictor RoutedForcedN HitRate=64.10% (25/39)
    Predictor RoutedTopK HitRate=51.28% (160/312)
    Predicted RequestedByRouterForcedN Rate=8.01% (25/312)
    Predicted RequestedByRouterTopK Rate=51.28% (160/312)
    Predictor WindowRecall Rate=46.74% (222/475)
    Predictor WindowPrecision Rate=71.15% (222/312)
    Loads Per Step: 0Loads=31, 1Load=33, >1Load=15
    Bandwidth: StallLoads=68, PrefetchLoads=18, AvgLoadTime=3.57ms
    PrefetchOverlap: HiddenReady=10, HiddenWait=0, TicksSkipped=0
    MissCause: NotPresent=68, NotReadyStall=0
    PrefetchEff: Dropped=0, AlreadyCached=302, UsedBeforeEvict=10, EvictedBeforeUse=7
    Predictor TopK matches: 0=14 1=25 >=2=0
Layer 21 Cache Stats: Hits=557, Misses=75, HitRate=88.13%
    Predictor Routed-Expert HitRate=84.62% (33/39, routed_n=1, horizon=2)
    Predictor RoutedForcedN HitRate=84.62% (33/39)
    Predictor RoutedTopK HitRate=51.60% (161/312)
    Predicted RequestedByRouterForcedN Rate=10.58% (33/312)
    Predicted RequestedByRouterTopK Rate=51.60% (161/312)
    Predictor WindowRecall Rate=49.15% (230/468)
    Predictor WindowPrecision Rate=73.72% (230/312)
    Loads Per Step: 0Loads=29, 1Load=30, >1Load=20
    Bandwidth: StallLoads=75, PrefetchLoads=21, AvgLoadTime=3.83ms
    PrefetchOverlap: HiddenReady=15, HiddenWait=0, TicksSkipped=0
    MissCause: NotPresent=75, NotReadyStall=0
    PrefetchEff: Dropped=0, AlreadyCached=299, UsedBeforeEvict=15, EvictedBeforeUse=5
    Predictor TopK matches: 0=6 1=33 >=2=0
Layer 22 Cache Stats: Hits=528, Misses=104, HitRate=83.54%
    Predictor Routed-Expert HitRate=64.10% (25/39, routed_n=1, horizon=2)
    Predictor RoutedForcedN HitRate=64.10% (25/39)
    Predictor RoutedTopK HitRate=47.76% (149/312)
    Predicted RequestedByRouterForcedN Rate=8.01% (25/312)
    Predicted RequestedByRouterTopK Rate=47.76% (149/312)
    Predictor WindowRecall Rate=45.15% (219/485)
    Predictor WindowPrecision Rate=70.19% (219/312)
    Loads Per Step: 0Loads=24, 1Load=24, >1Load=31
    Bandwidth: StallLoads=104, PrefetchLoads=40, AvgLoadTime=3.31ms
    PrefetchOverlap: HiddenReady=33, HiddenWait=0, TicksSkipped=0
    MissCause: NotPresent=104, NotReadyStall=0
    PrefetchEff: Dropped=0, AlreadyCached=280, UsedBeforeEvict=33, EvictedBeforeUse=6
    Predictor TopK matches: 0=14 1=25 >=2=0
Layer 23 Cache Stats: Hits=499, Misses=133, HitRate=78.96%
    Predictor Routed-Expert HitRate=64.10% (25/39, routed_n=1, horizon=2)
    Predictor RoutedForcedN HitRate=64.10% (25/39)
    Predictor RoutedTopK HitRate=48.08% (150/312)
    Predicted RequestedByRouterForcedN Rate=8.01% (25/312)
    Predicted RequestedByRouterTopK Rate=48.08% (150/312)
    Predictor WindowRecall Rate=45.47% (226/497)
    Predictor WindowPrecision Rate=72.44% (226/312)
    Loads Per Step: 0Loads=12, 1Load=25, >1Load=42
    Bandwidth: StallLoads=133, PrefetchLoads=50, AvgLoadTime=3.19ms
    PrefetchOverlap: HiddenReady=35, HiddenWait=0, TicksSkipped=0
    MissCause: NotPresent=133, NotReadyStall=0
    PrefetchEff: Dropped=0, AlreadyCached=270, UsedBeforeEvict=35, EvictedBeforeUse=14
    Predictor TopK matches: 0=14 1=25 >=2=0
Layer 24 Cache Stats: Hits=535, Misses=97, HitRate=84.65%
    Predictor Routed-Expert HitRate=84.62% (33/39, routed_n=1, horizon=2)
    Predictor RoutedForcedN HitRate=84.62% (33/39)
    Predictor RoutedTopK HitRate=53.21% (166/312)
    Predicted RequestedByRouterForcedN Rate=10.58% (33/312)
    Predicted RequestedByRouterTopK Rate=53.21% (166/312)
    Predictor WindowRecall Rate=47.65% (223/468)
    Predictor WindowPrecision Rate=71.47% (223/312)
    Loads Per Step: 0Loads=24, 1Load=26, >1Load=29
    Bandwidth: StallLoads=97, PrefetchLoads=35, AvgLoadTime=3.67ms
    PrefetchOverlap: HiddenReady=21, HiddenWait=0, TicksSkipped=0
    MissCause: NotPresent=97, NotReadyStall=0
    PrefetchEff: Dropped=0, AlreadyCached=285, UsedBeforeEvict=21, EvictedBeforeUse=14
    Predictor TopK matches: 0=6 1=33 >=2=0
Layer 25 Cache Stats: Hits=486, Misses=146, HitRate=76.90%
    Predictor Routed-Expert HitRate=51.28% (20/39, routed_n=1, horizon=2)
    Predictor RoutedForcedN HitRate=51.28% (20/39)
    Predictor RoutedTopK HitRate=40.71% (127/312)
    Predicted RequestedByRouterForcedN Rate=6.41% (20/312)
    Predicted RequestedByRouterTopK Rate=40.71% (127/312)
    Predictor WindowRecall Rate=43.03% (219/509)
    Predictor WindowPrecision Rate=70.19% (219/312)
    Loads Per Step: 0Loads=13, 1Load=21, >1Load=45
    Bandwidth: StallLoads=146, PrefetchLoads=63, AvgLoadTime=3.15ms
    PrefetchOverlap: HiddenReady=44, HiddenWait=0, TicksSkipped=0
    MissCause: NotPresent=146, NotReadyStall=0
    PrefetchEff: Dropped=0, AlreadyCached=257, UsedBeforeEvict=44, EvictedBeforeUse=19
    Predictor TopK matches: 0=19 1=20 >=2=0
Layer 26 Cache Stats: Hits=529, Misses=103, HitRate=83.70%
    Predictor Routed-Expert HitRate=82.05% (32/39, routed_n=1, horizon=2)
    Predictor RoutedForcedN HitRate=82.05% (32/39)
    Predictor RoutedTopK HitRate=55.45% (173/312)
    Predicted RequestedByRouterForcedN Rate=10.26% (32/312)
    Predicted RequestedByRouterTopK Rate=55.45% (173/312)
    Predictor WindowRecall Rate=50.63% (240/474)
    Predictor WindowPrecision Rate=76.92% (240/312)
    Loads Per Step: 0Loads=21, 1Load=29, >1Load=29
    Bandwidth: StallLoads=103, PrefetchLoads=32, AvgLoadTime=3.51ms
    PrefetchOverlap: HiddenReady=26, HiddenWait=0, TicksSkipped=0
    MissCause: NotPresent=103, NotReadyStall=0
    PrefetchEff: Dropped=0, AlreadyCached=288, UsedBeforeEvict=26, EvictedBeforeUse=6
    Predictor TopK matches: 0=7 1=32 >=2=0
Layer 27 Cache Stats: Hits=559, Misses=73, HitRate=88.45%
    Predictor Routed-Expert HitRate=89.74% (35/39, routed_n=1, horizon=2)
    Predictor RoutedForcedN HitRate=89.74% (35/39)
    Predictor RoutedTopK HitRate=55.77% (174/312)
    Predicted RequestedByRouterForcedN Rate=11.22% (35/312)
    Predicted RequestedByRouterTopK Rate=55.77% (174/312)
    Predictor WindowRecall Rate=51.84% (240/463)
    Predictor WindowPrecision Rate=76.92% (240/312)
    Loads Per Step: 0Loads=32, 1Load=28, >1Load=19
    Bandwidth: StallLoads=73, PrefetchLoads=25, AvgLoadTime=3.74ms
    PrefetchOverlap: HiddenReady=18, HiddenWait=0, TicksSkipped=0
    MissCause: NotPresent=73, NotReadyStall=0
    PrefetchEff: Dropped=0, AlreadyCached=295, UsedBeforeEvict=18, EvictedBeforeUse=7
    Predictor TopK matches: 0=4 1=35 >=2=0
Layer 28 Cache Stats: Hits=522, Misses=110, HitRate=82.59%
    Predictor Routed-Expert HitRate=58.97% (23/39, routed_n=1, horizon=2)
    Predictor RoutedForcedN HitRate=58.97% (23/39)
    Predictor RoutedTopK HitRate=49.68% (155/312)
    Predicted RequestedByRouterForcedN Rate=7.37% (23/312)
    Predicted RequestedByRouterTopK Rate=49.68% (155/312)
    Predictor WindowRecall Rate=47.18% (226/479)
    Predictor WindowPrecision Rate=72.44% (226/312)
    Loads Per Step: 0Loads=17, 1Load=32, >1Load=30
    Bandwidth: StallLoads=110, PrefetchLoads=43, AvgLoadTime=3.37ms
    PrefetchOverlap: HiddenReady=30, HiddenWait=0, TicksSkipped=0
    MissCause: NotPresent=110, NotReadyStall=0
    PrefetchEff: Dropped=0, AlreadyCached=277, UsedBeforeEvict=30, EvictedBeforeUse=12
    Predictor TopK matches: 0=16 1=23 >=2=0
Layer 29 Cache Stats: Hits=519, Misses=113, HitRate=82.12%
    Predictor Routed-Expert HitRate=71.79% (28/39, routed_n=1, horizon=2)
    Predictor RoutedForcedN HitRate=71.79% (28/39)
    Predictor RoutedTopK HitRate=51.28% (160/312)
    Predicted RequestedByRouterForcedN Rate=8.97% (28/312)
    Predicted RequestedByRouterTopK Rate=51.28% (160/312)
    Predictor WindowRecall Rate=47.52% (230/484)
    Predictor WindowPrecision Rate=73.72% (230/312)
    Loads Per Step: 0Loads=23, 1Load=25, >1Load=31
    Bandwidth: StallLoads=113, PrefetchLoads=39, AvgLoadTime=3.18ms
    PrefetchOverlap: HiddenReady=27, HiddenWait=0, TicksSkipped=0
    MissCause: NotPresent=113, NotReadyStall=0
    PrefetchEff: Dropped=0, AlreadyCached=281, UsedBeforeEvict=27, EvictedBeforeUse=12
    Predictor TopK matches: 0=11 1=28 >=2=0
Layer 30 Cache Stats: Hits=585, Misses=47, HitRate=92.56%
    Predictor Routed-Expert HitRate=76.92% (30/39, routed_n=1, horizon=2)
    Predictor RoutedForcedN HitRate=76.92% (30/39)
    Predictor RoutedTopK HitRate=55.77% (174/312)
    Predicted RequestedByRouterForcedN Rate=9.62% (30/312)
    Predicted RequestedByRouterTopK Rate=55.77% (174/312)
    Predictor WindowRecall Rate=53.88% (243/451)
    Predictor WindowPrecision Rate=77.88% (243/312)
    Loads Per Step: 0Loads=48, 1Load=19, >1Load=12
    Bandwidth: StallLoads=47, PrefetchLoads=14, AvgLoadTime=3.52ms
    PrefetchOverlap: HiddenReady=9, HiddenWait=0, TicksSkipped=0
    MissCause: NotPresent=47, NotReadyStall=0
    PrefetchEff: Dropped=0, AlreadyCached=306, UsedBeforeEvict=9, EvictedBeforeUse=5
    Predictor TopK matches: 0=9 1=30 >=2=0
Layer 31 Cache Stats: Hits=573, Misses=59, HitRate=90.66%
    Predictor Routed-Expert HitRate=82.05% (32/39, routed_n=1, horizon=2)
    Predictor RoutedForcedN HitRate=82.05% (32/39)
    Predictor RoutedTopK HitRate=63.14% (197/312)
    Predicted RequestedByRouterForcedN Rate=10.26% (32/312)
    Predicted RequestedByRouterTopK Rate=63.14% (197/312)
    Predictor WindowRecall Rate=58.18% (256/440)
    Predictor WindowPrecision Rate=82.05% (256/312)
    Loads Per Step: 0Loads=39, 1Load=28, >1Load=12
    Bandwidth: StallLoads=59, PrefetchLoads=12, AvgLoadTime=3.67ms
    PrefetchOverlap: HiddenReady=10, HiddenWait=0, TicksSkipped=0
    MissCause: NotPresent=59, NotReadyStall=0
    PrefetchEff: Dropped=0, AlreadyCached=308, UsedBeforeEvict=10, EvictedBeforeUse=1
    Predictor TopK matches: 0=7 1=32 >=2=0
Layer 32 Cache Stats: Hits=546, Misses=86, HitRate=86.39%
    Predictor Routed-Expert HitRate=71.79% (28/39, routed_n=1, horizon=2)
    Predictor RoutedForcedN HitRate=71.79% (28/39)
    Predictor RoutedTopK HitRate=52.24% (163/312)
    Predicted RequestedByRouterForcedN Rate=8.97% (28/312)
    Predicted RequestedByRouterTopK Rate=52.24% (163/312)
    Predictor WindowRecall Rate=51.42% (235/457)
    Predictor WindowPrecision Rate=75.32% (235/312)
    Loads Per Step: 0Loads=24, 1Load=35, >1Load=20
    Bandwidth: StallLoads=86, PrefetchLoads=27, AvgLoadTime=3.42ms
    PrefetchOverlap: HiddenReady=13, HiddenWait=0, TicksSkipped=0
    MissCause: NotPresent=86, NotReadyStall=0
    PrefetchEff: Dropped=0, AlreadyCached=293, UsedBeforeEvict=13, EvictedBeforeUse=13
    Predictor TopK matches: 0=11 1=28 >=2=0
Layer 33 Cache Stats: Hits=543, Misses=89, HitRate=85.92%
    Predictor Routed-Expert HitRate=79.49% (31/39, routed_n=1, horizon=2)
    Predictor RoutedForcedN HitRate=79.49% (31/39)
    Predictor RoutedTopK HitRate=54.81% (171/312)
    Predicted RequestedByRouterForcedN Rate=9.94% (31/312)
    Predicted RequestedByRouterTopK Rate=54.81% (171/312)
    Predictor WindowRecall Rate=50.00% (233/466)
    Predictor WindowPrecision Rate=74.68% (233/312)
    Loads Per Step: 0Loads=28, 1Load=28, >1Load=23
    Bandwidth: StallLoads=89, PrefetchLoads=26, AvgLoadTime=3.30ms
    PrefetchOverlap: HiddenReady=16, HiddenWait=0, TicksSkipped=0
    MissCause: NotPresent=89, NotReadyStall=0
    PrefetchEff: Dropped=0, AlreadyCached=294, UsedBeforeEvict=16, EvictedBeforeUse=8
    Predictor TopK matches: 0=8 1=31 >=2=0
Layer 34 Cache Stats: Hits=514, Misses=118, HitRate=81.33%
    Predictor Routed-Expert HitRate=56.41% (22/39, routed_n=1, horizon=2)
    Predictor RoutedForcedN HitRate=56.41% (22/39)
    Predictor RoutedTopK HitRate=48.72% (152/312)
    Predicted RequestedByRouterForcedN Rate=7.05% (22/312)
    Predicted RequestedByRouterTopK Rate=48.72% (152/312)
    Predictor WindowRecall Rate=45.04% (218/484)
    Predictor WindowPrecision Rate=69.87% (218/312)
    Loads Per Step: 0Loads=13, 1Load=30, >1Load=36
    Bandwidth: StallLoads=118, PrefetchLoads=44, AvgLoadTime=3.11ms
    PrefetchOverlap: HiddenReady=31, HiddenWait=0, TicksSkipped=0
    MissCause: NotPresent=118, NotReadyStall=0
    PrefetchEff: Dropped=0, AlreadyCached=276, UsedBeforeEvict=31, EvictedBeforeUse=13
    Predictor TopK matches: 0=17 1=22 >=2=0
Layer 35 Cache Stats: Hits=518, Misses=114, HitRate=81.96%
    Predictor Routed-Expert HitRate=48.72% (19/39, routed_n=1, horizon=2)
    Predictor RoutedForcedN HitRate=48.72% (19/39)
    Predictor RoutedTopK HitRate=48.72% (152/312)
    Predicted RequestedByRouterForcedN Rate=6.09% (19/312)
    Predicted RequestedByRouterTopK Rate=48.72% (152/312)
    Predictor WindowRecall Rate=46.91% (228/486)
    Predictor WindowPrecision Rate=73.08% (228/312)
    Loads Per Step: 0Loads=22, 1Load=22, >1Load=35
    Bandwidth: StallLoads=114, PrefetchLoads=61, AvgLoadTime=3.07ms
    PrefetchOverlap: HiddenReady=44, HiddenWait=0, TicksSkipped=0
    MissCause: NotPresent=114, NotReadyStall=0
    PrefetchEff: Dropped=0, AlreadyCached=259, UsedBeforeEvict=44, EvictedBeforeUse=16
    Predictor TopK matches: 0=20 1=19 >=2=0
Layer 36 Cache Stats: Hits=518, Misses=114, HitRate=81.96%
    Predictor Routed-Expert HitRate=76.92% (30/39, routed_n=1, horizon=2)
    Predictor RoutedForcedN HitRate=76.92% (30/39)
    Predictor RoutedTopK HitRate=53.53% (167/312)
    Predicted RequestedByRouterForcedN Rate=9.62% (30/312)
    Predicted RequestedByRouterTopK Rate=53.53% (167/312)
    Predictor WindowRecall Rate=49.67% (229/461)
    Predictor WindowPrecision Rate=73.40% (229/312)
    Loads Per Step: 0Loads=17, 1Load=27, >1Load=35
    Bandwidth: StallLoads=114, PrefetchLoads=35, AvgLoadTime=3.54ms
    PrefetchOverlap: HiddenReady=26, HiddenWait=0, TicksSkipped=0
    MissCause: NotPresent=114, NotReadyStall=0
    PrefetchEff: Dropped=0, AlreadyCached=285, UsedBeforeEvict=26, EvictedBeforeUse=8
    Predictor TopK matches: 0=9 1=30 >=2=0
Layer 37 Cache Stats: Hits=478, Misses=154, HitRate=75.63%
    Predictor Routed-Expert HitRate=53.85% (21/39, routed_n=1, horizon=2)
    Predictor RoutedForcedN HitRate=53.85% (21/39)
    Predictor RoutedTopK HitRate=45.19% (141/312)
    Predicted RequestedByRouterForcedN Rate=6.73% (21/312)
    Predicted RequestedByRouterTopK Rate=45.19% (141/312)
    Predictor WindowRecall Rate=43.29% (216/499)
    Predictor WindowPrecision Rate=69.23% (216/312)
    Loads Per Step: 0Loads=10, 1Load=26, >1Load=43
    Bandwidth: StallLoads=154, PrefetchLoads=83, AvgLoadTime=2.86ms
    PrefetchOverlap: HiddenReady=66, HiddenWait=0, TicksSkipped=0
    MissCause: NotPresent=154, NotReadyStall=0
    PrefetchEff: Dropped=0, AlreadyCached=237, UsedBeforeEvict=66, EvictedBeforeUse=14
    Predictor TopK matches: 0=18 1=21 >=2=0
Layer 38 Cache Stats: Hits=528, Misses=104, HitRate=83.54%
    Predictor Routed-Expert HitRate=61.54% (24/39, routed_n=1, horizon=2)
    Predictor RoutedForcedN HitRate=61.54% (24/39)
    Predictor RoutedTopK HitRate=53.21% (166/312)
    Predicted RequestedByRouterForcedN Rate=7.69% (24/312)
    Predicted RequestedByRouterTopK Rate=53.21% (166/312)
    Predictor WindowRecall Rate=48.81% (226/463)
    Predictor WindowPrecision Rate=72.44% (226/312)
    Loads Per Step: 0Loads=24, 1Load=25, >1Load=30
    Bandwidth: StallLoads=104, PrefetchLoads=55, AvgLoadTime=3.62ms
    PrefetchOverlap: HiddenReady=36, HiddenWait=0, TicksSkipped=0
    MissCause: NotPresent=104, NotReadyStall=0
    PrefetchEff: Dropped=0, AlreadyCached=265, UsedBeforeEvict=36, EvictedBeforeUse=17
    Predictor TopK matches: 0=15 1=24 >=2=0
Layer 39 Cache Stats: Hits=530, Misses=102, HitRate=83.86%
    Predictor Routed-Expert HitRate=69.23% (27/39, routed_n=1, horizon=2)
    Predictor RoutedForcedN HitRate=69.23% (27/39)
    Predictor RoutedTopK HitRate=52.88% (165/312)
    Predicted RequestedByRouterForcedN Rate=8.65% (27/312)
    Predicted RequestedByRouterTopK Rate=52.88% (165/312)
    Predictor WindowRecall Rate=47.97% (225/469)
    Predictor WindowPrecision Rate=72.12% (225/312)
    Loads Per Step: 0Loads=29, 1Load=22, >1Load=28
    Bandwidth: StallLoads=102, PrefetchLoads=40, AvgLoadTime=3.83ms
    PrefetchOverlap: HiddenReady=32, HiddenWait=0, TicksSkipped=0
    MissCause: NotPresent=102, NotReadyStall=0
    PrefetchEff: Dropped=0, AlreadyCached=280, UsedBeforeEvict=32, EvictedBeforeUse=7
    Predictor TopK matches: 0=12 1=27 >=2=0
Layer 40 Cache Stats: Hits=544, Misses=88, HitRate=86.08%
    Predictor Routed-Expert HitRate=48.72% (19/39, routed_n=1, horizon=2)
    Predictor RoutedForcedN HitRate=48.72% (19/39)
    Predictor RoutedTopK HitRate=53.21% (166/312)
    Predicted RequestedByRouterForcedN Rate=6.09% (19/312)
    Predicted RequestedByRouterTopK Rate=53.21% (166/312)
    Predictor WindowRecall Rate=50.42% (241/478)
    Predictor WindowPrecision Rate=77.24% (241/312)
    Loads Per Step: 0Loads=27, 1Load=25, >1Load=27
    Bandwidth: StallLoads=88, PrefetchLoads=57, AvgLoadTime=4.02ms
    PrefetchOverlap: HiddenReady=48, HiddenWait=0, TicksSkipped=0
    MissCause: NotPresent=88, NotReadyStall=0
    PrefetchEff: Dropped=0, AlreadyCached=263, UsedBeforeEvict=48, EvictedBeforeUse=8
    Predictor TopK matches: 0=20 1=19 >=2=0
Layer 41 Cache Stats: Hits=507, Misses=125, HitRate=80.22%
    Predictor Routed-Expert HitRate=51.28% (20/39, routed_n=1, horizon=2)
    Predictor RoutedForcedN HitRate=51.28% (20/39)
    Predictor RoutedTopK HitRate=39.42% (123/312)
    Predicted RequestedByRouterForcedN Rate=6.41% (20/312)
    Predicted RequestedByRouterTopK Rate=39.42% (123/312)
    Predictor WindowRecall Rate=44.49% (230/517)
    Predictor WindowPrecision Rate=73.72% (230/312)
    Loads Per Step: 0Loads=25, 1Load=22, >1Load=32
    Bandwidth: StallLoads=125, PrefetchLoads=89, AvgLoadTime=3.22ms
    PrefetchOverlap: HiddenReady=70, HiddenWait=0, TicksSkipped=0
    MissCause: NotPresent=125, NotReadyStall=0
    PrefetchEff: Dropped=0, AlreadyCached=231, UsedBeforeEvict=70, EvictedBeforeUse=19
    Predictor TopK matches: 0=19 1=20 >=2=0
Layer 42 Cache Stats: Hits=514, Misses=118, HitRate=81.33%
    Predictor Routed-Expert HitRate=38.46% (15/39, routed_n=1, horizon=2)
    Predictor RoutedForcedN HitRate=38.46% (15/39)
    Predictor RoutedTopK HitRate=39.74% (124/312)
    Predicted RequestedByRouterForcedN Rate=4.81% (15/312)
    Predicted RequestedByRouterTopK Rate=39.74% (124/312)
    Predictor WindowRecall Rate=40.81% (211/517)
    Predictor WindowPrecision Rate=67.63% (211/312)
    Loads Per Step: 0Loads=23, 1Load=22, >1Load=34
    Bandwidth: StallLoads=118, PrefetchLoads=72, AvgLoadTime=3.42ms
    PrefetchOverlap: HiddenReady=52, HiddenWait=0, TicksSkipped=0
    MissCause: NotPresent=118, NotReadyStall=0
    PrefetchEff: Dropped=0, AlreadyCached=248, UsedBeforeEvict=52, EvictedBeforeUse=18
    Predictor TopK matches: 0=24 1=15 >=2=0
Layer 43 Cache Stats: Hits=550, Misses=82, HitRate=87.03%
    Predictor Routed-Expert HitRate=51.28% (20/39, routed_n=1, horizon=2)
    Predictor RoutedForcedN HitRate=51.28% (20/39)
    Predictor RoutedTopK HitRate=53.53% (167/312)
    Predicted RequestedByRouterForcedN Rate=6.41% (20/312)
    Predicted RequestedByRouterTopK Rate=53.53% (167/312)
    Predictor WindowRecall Rate=49.39% (241/488)
    Predictor WindowPrecision Rate=77.24% (241/312)
    Loads Per Step: 0Loads=33, 1Load=27, >1Load=19
    Bandwidth: StallLoads=82, PrefetchLoads=36, AvgLoadTime=4.27ms
    PrefetchOverlap: HiddenReady=27, HiddenWait=0, TicksSkipped=0
    MissCause: NotPresent=82, NotReadyStall=0
    PrefetchEff: Dropped=0, AlreadyCached=284, UsedBeforeEvict=27, EvictedBeforeUse=7
    Predictor TopK matches: 0=19 1=20 >=2=0
Layer 44 Cache Stats: Hits=559, Misses=73, HitRate=88.45%
    Predictor Routed-Expert HitRate=82.05% (32/39, routed_n=1, horizon=2)
    Predictor RoutedForcedN HitRate=82.05% (32/39)
    Predictor RoutedTopK HitRate=54.81% (171/312)
    Predicted RequestedByRouterForcedN Rate=10.26% (32/312)
    Predicted RequestedByRouterTopK Rate=54.81% (171/312)
    Predictor WindowRecall Rate=54.16% (254/469)
    Predictor WindowPrecision Rate=81.41% (254/312)
    Loads Per Step: 0Loads=37, 1Load=21, >1Load=21
    Bandwidth: StallLoads=73, PrefetchLoads=26, AvgLoadTime=3.81ms
    PrefetchOverlap: HiddenReady=18, HiddenWait=0, TicksSkipped=0
    MissCause: NotPresent=73, NotReadyStall=0
    PrefetchEff: Dropped=0, AlreadyCached=294, UsedBeforeEvict=18, EvictedBeforeUse=8
    Predictor TopK matches: 0=7 1=32 >=2=0
Layer 45 Cache Stats: Hits=563, Misses=69, HitRate=89.08%
    Predictor Routed-Expert HitRate=76.92% (30/39, routed_n=1, horizon=2)
    Predictor RoutedForcedN HitRate=76.92% (30/39)
    Predictor RoutedTopK HitRate=50.32% (157/312)
    Predicted RequestedByRouterForcedN Rate=9.62% (30/312)
    Predicted RequestedByRouterTopK Rate=50.32% (157/312)
    Predictor WindowRecall Rate=47.62% (230/483)
    Predictor WindowPrecision Rate=73.72% (230/312)
    Loads Per Step: 0Loads=41, 1Load=23, >1Load=15
    Bandwidth: StallLoads=69, PrefetchLoads=31, AvgLoadTime=3.72ms
    PrefetchOverlap: HiddenReady=23, HiddenWait=0, TicksSkipped=0
    MissCause: NotPresent=69, NotReadyStall=0
    PrefetchEff: Dropped=0, AlreadyCached=289, UsedBeforeEvict=23, EvictedBeforeUse=8
    Predictor TopK matches: 0=9 1=30 >=2=0
Layer 46 Cache Stats: Hits=553, Misses=79, HitRate=87.50%
    Predictor Routed-Expert HitRate=46.15% (18/39, routed_n=1, horizon=2)
    Predictor RoutedForcedN HitRate=46.15% (18/39)
    Predictor RoutedTopK HitRate=48.40% (151/312)
    Predicted RequestedByRouterForcedN Rate=5.77% (18/312)
    Predicted RequestedByRouterTopK Rate=48.40% (151/312)
    Predictor WindowRecall Rate=47.10% (227/482)
    Predictor WindowPrecision Rate=72.76% (227/312)
    Loads Per Step: 0Loads=37, 1Load=23, >1Load=19
    Bandwidth: StallLoads=79, PrefetchLoads=23, AvgLoadTime=4.49ms
    PrefetchOverlap: HiddenReady=14, HiddenWait=0, TicksSkipped=0
    MissCause: NotPresent=79, NotReadyStall=0
    PrefetchEff: Dropped=0, AlreadyCached=297, UsedBeforeEvict=14, EvictedBeforeUse=9
    Predictor TopK matches: 0=21 1=18 >=2=0
Layer 47 Cache Stats: Hits=494, Misses=138, HitRate=78.16%
    Predictor Routed-Expert HitRate=35.90% (14/39, routed_n=1, horizon=2)
    Predictor RoutedForcedN HitRate=35.90% (14/39)
    Predictor RoutedTopK HitRate=36.54% (114/312)
    Predicted RequestedByRouterForcedN Rate=4.49% (14/312)
    Predicted RequestedByRouterTopK Rate=36.54% (114/312)
    Predictor WindowRecall Rate=38.63% (209/541)
    Predictor WindowPrecision Rate=66.99% (209/312)
    Loads Per Step: 0Loads=24, 1Load=15, >1Load=40
    Bandwidth: StallLoads=138, PrefetchLoads=63, AvgLoadTime=3.41ms
    PrefetchOverlap: HiddenReady=46, HiddenWait=0, TicksSkipped=0
    MissCause: NotPresent=138, NotReadyStall=0
    PrefetchEff: Dropped=0, AlreadyCached=257, UsedBeforeEvict=46, EvictedBeforeUse=17
    Predictor TopK matches: 0=25 1=14 >=2=0
============================================================
[TorchScriptPredictor Layer 0] Shutdown complete
[TorchScriptPredictor Layer 1] Shutdown complete
[TorchScriptPredictor Layer 2] Shutdown complete
[TorchScriptPredictor Layer 3] Shutdown complete
[TorchScriptPredictor Layer 4] Shutdown complete
[TorchScriptPredictor Layer 5] Shutdown complete
[TorchScriptPredictor Layer 6] Shutdown complete
[TorchScriptPredictor Layer 7] Shutdown complete
[TorchScriptPredictor Layer 8] Shutdown complete
[TorchScriptPredictor Layer 9] Shutdown complete
[TorchScriptPredictor Layer 10] Shutdown complete
[TorchScriptPredictor Layer 11] Shutdown complete
[TorchScriptPredictor Layer 12] Shutdown complete
[TorchScriptPredictor Layer 13] Shutdown complete
[TorchScriptPredictor Layer 14] Shutdown complete
[TorchScriptPredictor Layer 15] Shutdown complete
[TorchScriptPredictor Layer 16] Shutdown complete
[TorchScriptPredictor Layer 17] Shutdown complete
[TorchScriptPredictor Layer 18] Shutdown complete
[TorchScriptPredictor Layer 19] Shutdown complete
[TorchScriptPredictor Layer 20] Shutdown complete
[TorchScriptPredictor Layer 21] Shutdown complete
[TorchScriptPredictor Layer 22] Shutdown complete
[TorchScriptPredictor Layer 23] Shutdown complete
[TorchScriptPredictor Layer 24] Shutdown complete
[TorchScriptPredictor Layer 25] Shutdown complete
[TorchScriptPredictor Layer 26] Shutdown complete
[TorchScriptPredictor Layer 27] Shutdown complete
[TorchScriptPredictor Layer 28] Shutdown complete
[TorchScriptPredictor Layer 29] Shutdown complete
[TorchScriptPredictor Layer 30] Shutdown complete
[TorchScriptPredictor Layer 31] Shutdown complete
[TorchScriptPredictor Layer 32] Shutdown complete
[TorchScriptPredictor Layer 33] Shutdown complete
[TorchScriptPredictor Layer 34] Shutdown complete
[TorchScriptPredictor Layer 35] Shutdown complete
[TorchScriptPredictor Layer 36] Shutdown complete
[TorchScriptPredictor Layer 37] Shutdown complete
[TorchScriptPredictor Layer 38] Shutdown complete
[TorchScriptPredictor Layer 39] Shutdown complete
[TorchScriptPredictor Layer 40] Shutdown complete
[TorchScriptPredictor Layer 41] Shutdown complete
[TorchScriptPredictor Layer 42] Shutdown complete
[TorchScriptPredictor Layer 43] Shutdown complete
[TorchScriptPredictor Layer 44] Shutdown complete
[TorchScriptPredictor Layer 45] Shutdown complete
[TorchScriptPredictor Layer 46] Shutdown complete
[TorchScriptPredictor Layer 47] Shutdown complete
============================================================
Initializing Qwen3 30B-A3B AWQ w4a16 quantized model...
============================================================
Loading quantized weights from QuixiAI/Qwen3-30B-A3B-AWQ...
Using saved safetensors: /home/michael/heteroPredict/py/unified_llm_w4a16/model_weights/Qwen3-30B-A3B-AWQ.safetensors
Expert weights dir: /home/michael/heteroPredict/py/unified_llm_w4a16/model_weights/Qwen3-30B-A3B-AWQ_packed  (format: packed)
Using existing attention weights in /home/michael/heteroPredict/py/unified_llm_w4a16/model_weights/Qwen3-30B-A3B-AWQ_unpacked
Weights loaded (expert dir override) in 0.29 seconds
Pre-warming expert cache with 32 experts...
Model initialized successfully!
Set expert cache policy to LFRU.

Running sweep using prompts from JSON: /tmp/tmpyck3nmh6.json
Loaded 1 prompts for sweeping.

Processing Prompt 1/1...

============================================================
Generated text only:
============================================================
 critics of the time also appreciated his use of the regulated verse form and his use of allusion . 

 = = Legacy = = 

 Du Fu 's legacy is immense . He is often referred to as the " Sage of Poetry " ( 诗圣 ) , and his works are considered the pinnacle of Chinese poetry . His influence extends beyond the literary world into the cultural and political spheres . In the
============================================================

============================================================
Sweep Complete.
Average Time per Token: 0.505564
End-to-End TPS: 1.9780
Cache Stats: Hits=25067, Misses=5269, HitRate=82.63%
Predictor Stats: Hits=1156, Total=1872, HitRate=61.75%
Initializing UnifiedLLMW4A16Impl_base
Using NPU config struct.
Configuring NPU (Base):
  Heterogeneity: gpu
  GPU Count: 1
  Debug Verbosity: 1
  Dummy Weights: false
  Warmup: false
  Preload MoE: true
  Minimal PDI: true
[GPU SELECT] Free VRAM ranking: gpu0=28.00/28.00 GiB
[GPU SELECT] Selected GPUs for gpu-count=1: [0]
[GPU MAP] Single-GPU placement on gpu0
[Predictor] Layer 0 model path resolved to: /home/michael/heteroPredict/trainingData/qwen3_30b/transformer_final_pfill_markov_emb/transformer_eh4_h64_f2/layer_0/best_jit.pt
[Predictor] Running on device: CPU (NPU path) (heterogeneity="gpu", predictor_device="cpu")
[ThreadedTorchScriptPredictor Layer 0] Detected history_length=4 from /home/michael/heteroPredict/trainingData/qwen3_30b/transformer_final_pfill_markov_emb/transformer_eh4_h64_f2/layer_0/best.json
[TorchScriptPredictor Layer 0] Loading model on CPU
[TorchScriptPredictor Layer 0] Assuming prefill_dist, prev_expert_onehot, and prev_layers_feat support (v3 API).
[TorchScriptPredictor Layer 0] prefill_dist support: yes, prev_expert_onehot support: yes, prev_layers_feat support: yes
[TorchScriptPredictor Layer 0] Loaded model: /home/michael/heteroPredict/trainingData/qwen3_30b/transformer_final_pfill_markov_emb/transformer_eh4_h64_f2/layer_0/best_jit.pt
[ThreadedTorchScriptPredictor Layer 1] Detected history_length=4 from /home/michael/heteroPredict/trainingData/qwen3_30b/transformer_final_pfill_markov_emb/transformer_eh4_h64_f2/layer_1/best.json
[TorchScriptPredictor Layer 1] Loading model on CPU
[TorchScriptPredictor Layer 1] Assuming prefill_dist, prev_expert_onehot, and prev_layers_feat support (v3 API).
[TorchScriptPredictor Layer 1] prefill_dist support: yes, prev_expert_onehot support: yes, prev_layers_feat support: yes
[TorchScriptPredictor Layer 1] Loaded model: /home/michael/heteroPredict/trainingData/qwen3_30b/transformer_final_pfill_markov_emb/transformer_eh4_h64_f2/layer_1/best_jit.pt
[ThreadedTorchScriptPredictor Layer 2] Detected history_length=4 from /home/michael/heteroPredict/trainingData/qwen3_30b/transformer_final_pfill_markov_emb/transformer_eh4_h64_f2/layer_2/best.json
[TorchScriptPredictor Layer 2] Loading model on CPU
[TorchScriptPredictor Layer 2] Assuming prefill_dist, prev_expert_onehot, and prev_layers_feat support (v3 API).
[TorchScriptPredictor Layer 2] prefill_dist support: yes, prev_expert_onehot support: yes, prev_layers_feat support: yes
[TorchScriptPredictor Layer 2] Loaded model: /home/michael/heteroPredict/trainingData/qwen3_30b/transformer_final_pfill_markov_emb/transformer_eh4_h64_f2/layer_2/best_jit.pt
[ThreadedTorchScriptPredictor Layer 3] Detected history_length=4 from /home/michael/heteroPredict/trainingData/qwen3_30b/transformer_final_pfill_markov_emb/transformer_eh4_h64_f2/layer_3/best.json
[TorchScriptPredictor Layer 3] Loading model on CPU
[TorchScriptPredictor Layer 3] Assuming prefill_dist, prev_expert_onehot, and prev_layers_feat support (v3 API).
[TorchScriptPredictor Layer 3] prefill_dist support: yes, prev_expert_onehot support: yes, prev_layers_feat support: yes
[TorchScriptPredictor Layer 3] Loaded model: /home/michael/heteroPredict/trainingData/qwen3_30b/transformer_final_pfill_markov_emb/transformer_eh4_h64_f2/layer_3/best_jit.pt
[ThreadedTorchScriptPredictor Layer 4] Detected history_length=4 from /home/michael/heteroPredict/trainingData/qwen3_30b/transformer_final_pfill_markov_emb/transformer_eh4_h64_f2/layer_4/best.json
[TorchScriptPredictor Layer 4] Loading model on CPU
[TorchScriptPredictor Layer 4] Assuming prefill_dist, prev_expert_onehot, and prev_layers_feat support (v3 API).
[TorchScriptPredictor Layer 4] prefill_dist support: yes, prev_expert_onehot support: yes, prev_layers_feat support: yes
[TorchScriptPredictor Layer 4] Loaded model: /home/michael/heteroPredict/trainingData/qwen3_30b/transformer_final_pfill_markov_emb/transformer_eh4_h64_f2/layer_4/best_jit.pt
[ThreadedTorchScriptPredictor Layer 5] Detected history_length=4 from /home/michael/heteroPredict/trainingData/qwen3_30b/transformer_final_pfill_markov_emb/transformer_eh4_h64_f2/layer_5/best.json
[TorchScriptPredictor Layer 5] Loading model on CPU
[TorchScriptPredictor Layer 5] Assuming prefill_dist, prev_expert_onehot, and prev_layers_feat support (v3 API).
[TorchScriptPredictor Layer 5] prefill_dist support: yes, prev_expert_onehot support: yes, prev_layers_feat support: yes
[TorchScriptPredictor Layer 5] Loaded model: /home/michael/heteroPredict/trainingData/qwen3_30b/transformer_final_pfill_markov_emb/transformer_eh4_h64_f2/layer_5/best_jit.pt
[ThreadedTorchScriptPredictor Layer 6] Detected history_length=4 from /home/michael/heteroPredict/trainingData/qwen3_30b/transformer_final_pfill_markov_emb/transformer_eh4_h64_f2/layer_6/best.json
[TorchScriptPredictor Layer 6] Loading model on CPU
[TorchScriptPredictor Layer 6] Assuming prefill_dist, prev_expert_onehot, and prev_layers_feat support (v3 API).
[TorchScriptPredictor Layer 6] prefill_dist support: yes, prev_expert_onehot support: yes, prev_layers_feat support: yes
[TorchScriptPredictor Layer 6] Loaded model: /home/michael/heteroPredict/trainingData/qwen3_30b/transformer_final_pfill_markov_emb/transformer_eh4_h64_f2/layer_6/best_jit.pt
[ThreadedTorchScriptPredictor Layer 7] Detected history_length=4 from /home/michael/heteroPredict/trainingData/qwen3_30b/transformer_final_pfill_markov_emb/transformer_eh4_h64_f2/layer_7/best.json
[TorchScriptPredictor Layer 7] Loading model on CPU
[TorchScriptPredictor Layer 7] Assuming prefill_dist, prev_expert_onehot, and prev_layers_feat support (v3 API).
[TorchScriptPredictor Layer 7] prefill_dist support: yes, prev_expert_onehot support: yes, prev_layers_feat support: yes
[TorchScriptPredictor Layer 7] Loaded model: /home/michael/heteroPredict/trainingData/qwen3_30b/transformer_final_pfill_markov_emb/transformer_eh4_h64_f2/layer_7/best_jit.pt
[ThreadedTorchScriptPredictor Layer 8] Detected history_length=4 from /home/michael/heteroPredict/trainingData/qwen3_30b/transformer_final_pfill_markov_emb/transformer_eh4_h64_f2/layer_8/best.json
[TorchScriptPredictor Layer 8] Loading model on CPU
[TorchScriptPredictor Layer 8] Assuming prefill_dist, prev_expert_onehot, and prev_layers_feat support (v3 API).
[TorchScriptPredictor Layer 8] prefill_dist support: yes, prev_expert_onehot support: yes, prev_layers_feat support: yes
[TorchScriptPredictor Layer 8] Loaded model: /home/michael/heteroPredict/trainingData/qwen3_30b/transformer_final_pfill_markov_emb/transformer_eh4_h64_f2/layer_8/best_jit.pt
[ThreadedTorchScriptPredictor Layer 9] Detected history_length=4 from /home/michael/heteroPredict/trainingData/qwen3_30b/transformer_final_pfill_markov_emb/transformer_eh4_h64_f2/layer_9/best.json
[TorchScriptPredictor Layer 9] Loading model on CPU
[TorchScriptPredictor Layer 9] Assuming prefill_dist, prev_expert_onehot, and prev_layers_feat support (v3 API).
[TorchScriptPredictor Layer 9] prefill_dist support: yes, prev_expert_onehot support: yes, prev_layers_feat support: yes
[TorchScriptPredictor Layer 9] Loaded model: /home/michael/heteroPredict/trainingData/qwen3_30b/transformer_final_pfill_markov_emb/transformer_eh4_h64_f2/layer_9/best_jit.pt
[ThreadedTorchScriptPredictor Layer 10] Detected history_length=4 from /home/michael/heteroPredict/trainingData/qwen3_30b/transformer_final_pfill_markov_emb/transformer_eh4_h64_f2/layer_10/best.json
[TorchScriptPredictor Layer 10] Loading model on CPU
[TorchScriptPredictor Layer 10] Assuming prefill_dist, prev_expert_onehot, and prev_layers_feat support (v3 API).
[TorchScriptPredictor Layer 10] prefill_dist support: yes, prev_expert_onehot support: yes, prev_layers_feat support: yes
[TorchScriptPredictor Layer 10] Loaded model: /home/michael/heteroPredict/trainingData/qwen3_30b/transformer_final_pfill_markov_emb/transformer_eh4_h64_f2/layer_10/best_jit.pt
[ThreadedTorchScriptPredictor Layer 11] Detected history_length=4 from /home/michael/heteroPredict/trainingData/qwen3_30b/transformer_final_pfill_markov_emb/transformer_eh4_h64_f2/layer_11/best.json
[TorchScriptPredictor Layer 11] Loading model on CPU
[TorchScriptPredictor Layer 11] Assuming prefill_dist, prev_expert_onehot, and prev_layers_feat support (v3 API).
[TorchScriptPredictor Layer 11] prefill_dist support: yes, prev_expert_onehot support: yes, prev_layers_feat support: yes
[TorchScriptPredictor Layer 11] Loaded model: /home/michael/heteroPredict/trainingData/qwen3_30b/transformer_final_pfill_markov_emb/transformer_eh4_h64_f2/layer_11/best_jit.pt
[ThreadedTorchScriptPredictor Layer 12] Detected history_length=4 from /home/michael/heteroPredict/trainingData/qwen3_30b/transformer_final_pfill_markov_emb/transformer_eh4_h64_f2/layer_12/best.json
[TorchScriptPredictor Layer 12] Loading model on CPU
[TorchScriptPredictor Layer 12] Assuming prefill_dist, prev_expert_onehot, and prev_layers_feat support (v3 API).
[TorchScriptPredictor Layer 12] prefill_dist support: yes, prev_expert_onehot support: yes, prev_layers_feat support: yes
[TorchScriptPredictor Layer 12] Loaded model: /home/michael/heteroPredict/trainingData/qwen3_30b/transformer_final_pfill_markov_emb/transformer_eh4_h64_f2/layer_12/best_jit.pt
[ThreadedTorchScriptPredictor Layer 13] Detected history_length=4 from /home/michael/heteroPredict/trainingData/qwen3_30b/transformer_final_pfill_markov_emb/transformer_eh4_h64_f2/layer_13/best.json
[TorchScriptPredictor Layer 13] Loading model on CPU
[TorchScriptPredictor Layer 13] Assuming prefill_dist, prev_expert_onehot, and prev_layers_feat support (v3 API).
[TorchScriptPredictor Layer 13] prefill_dist support: yes, prev_expert_onehot support: yes, prev_layers_feat support: yes
[TorchScriptPredictor Layer 13] Loaded model: /home/michael/heteroPredict/trainingData/qwen3_30b/transformer_final_pfill_markov_emb/transformer_eh4_h64_f2/layer_13/best_jit.pt
[ThreadedTorchScriptPredictor Layer 14] Detected history_length=4 from /home/michael/heteroPredict/trainingData/qwen3_30b/transformer_final_pfill_markov_emb/transformer_eh4_h64_f2/layer_14/best.json
[TorchScriptPredictor Layer 14] Loading model on CPU
[TorchScriptPredictor Layer 14] Assuming prefill_dist, prev_expert_onehot, and prev_layers_feat support (v3 API).
[TorchScriptPredictor Layer 14] prefill_dist support: yes, prev_expert_onehot support: yes, prev_layers_feat support: yes
[TorchScriptPredictor Layer 14] Loaded model: /home/michael/heteroPredict/trainingData/qwen3_30b/transformer_final_pfill_markov_emb/transformer_eh4_h64_f2/layer_14/best_jit.pt
[ThreadedTorchScriptPredictor Layer 15] Detected history_length=4 from /home/michael/heteroPredict/trainingData/qwen3_30b/transformer_final_pfill_markov_emb/transformer_eh4_h64_f2/layer_15/best.json
[TorchScriptPredictor Layer 15] Loading model on CPU
[TorchScriptPredictor Layer 15] Assuming prefill_dist, prev_expert_onehot, and prev_layers_feat support (v3 API).
[TorchScriptPredictor Layer 15] prefill_dist support: yes, prev_expert_onehot support: yes, prev_layers_feat support: yes
[TorchScriptPredictor Layer 15] Loaded model: /home/michael/heteroPredict/trainingData/qwen3_30b/transformer_final_pfill_markov_emb/transformer_eh4_h64_f2/layer_15/best_jit.pt
[ThreadedTorchScriptPredictor Layer 16] Detected history_length=4 from /home/michael/heteroPredict/trainingData/qwen3_30b/transformer_final_pfill_markov_emb/transformer_eh4_h64_f2/layer_16/best.json
[TorchScriptPredictor Layer 16] Loading model on CPU
[TorchScriptPredictor Layer 16] Assuming prefill_dist, prev_expert_onehot, and prev_layers_feat support (v3 API).
[TorchScriptPredictor Layer 16] prefill_dist support: yes, prev_expert_onehot support: yes, prev_layers_feat support: yes
[TorchScriptPredictor Layer 16] Loaded model: /home/michael/heteroPredict/trainingData/qwen3_30b/transformer_final_pfill_markov_emb/transformer_eh4_h64_f2/layer_16/best_jit.pt
[ThreadedTorchScriptPredictor Layer 17] Detected history_length=4 from /home/michael/heteroPredict/trainingData/qwen3_30b/transformer_final_pfill_markov_emb/transformer_eh4_h64_f2/layer_17/best.json
[TorchScriptPredictor Layer 17] Loading model on CPU
[TorchScriptPredictor Layer 17] Assuming prefill_dist, prev_expert_onehot, and prev_layers_feat support (v3 API).
[TorchScriptPredictor Layer 17] prefill_dist support: yes, prev_expert_onehot support: yes, prev_layers_feat support: yes
[TorchScriptPredictor Layer 17] Loaded model: /home/michael/heteroPredict/trainingData/qwen3_30b/transformer_final_pfill_markov_emb/transformer_eh4_h64_f2/layer_17/best_jit.pt
[ThreadedTorchScriptPredictor Layer 18] Detected history_length=4 from /home/michael/heteroPredict/trainingData/qwen3_30b/transformer_final_pfill_markov_emb/transformer_eh4_h64_f2/layer_18/best.json
[TorchScriptPredictor Layer 18] Loading model on CPU
[TorchScriptPredictor Layer 18] Assuming prefill_dist, prev_expert_onehot, and prev_layers_feat support (v3 API).
[TorchScriptPredictor Layer 18] prefill_dist support: yes, prev_expert_onehot support: yes, prev_layers_feat support: yes
[TorchScriptPredictor Layer 18] Loaded model: /home/michael/heteroPredict/trainingData/qwen3_30b/transformer_final_pfill_markov_emb/transformer_eh4_h64_f2/layer_18/best_jit.pt
[ThreadedTorchScriptPredictor Layer 19] Detected history_length=4 from /home/michael/heteroPredict/trainingData/qwen3_30b/transformer_final_pfill_markov_emb/transformer_eh4_h64_f2/layer_19/best.json
[TorchScriptPredictor Layer 19] Loading model on CPU
[TorchScriptPredictor Layer 19] Assuming prefill_dist, prev_expert_onehot, and prev_layers_feat support (v3 API).
[TorchScriptPredictor Layer 19] prefill_dist support: yes, prev_expert_onehot support: yes, prev_layers_feat support: yes
[TorchScriptPredictor Layer 19] Loaded model: /home/michael/heteroPredict/trainingData/qwen3_30b/transformer_final_pfill_markov_emb/transformer_eh4_h64_f2/layer_19/best_jit.pt
[ThreadedTorchScriptPredictor Layer 20] Detected history_length=4 from /home/michael/heteroPredict/trainingData/qwen3_30b/transformer_final_pfill_markov_emb/transformer_eh4_h64_f2/layer_20/best.json
[TorchScriptPredictor Layer 20] Loading model on CPU
[TorchScriptPredictor Layer 20] Assuming prefill_dist, prev_expert_onehot, and prev_layers_feat support (v3 API).
[TorchScriptPredictor Layer 20] prefill_dist support: yes, prev_expert_onehot support: yes, prev_layers_feat support: yes
[TorchScriptPredictor Layer 20] Loaded model: /home/michael/heteroPredict/trainingData/qwen3_30b/transformer_final_pfill_markov_emb/transformer_eh4_h64_f2/layer_20/best_jit.pt
[ThreadedTorchScriptPredictor Layer 21] Detected history_length=4 from /home/michael/heteroPredict/trainingData/qwen3_30b/transformer_final_pfill_markov_emb/transformer_eh4_h64_f2/layer_21/best.json
[TorchScriptPredictor Layer 21] Loading model on CPU
[TorchScriptPredictor Layer 21] Assuming prefill_dist, prev_expert_onehot, and prev_layers_feat support (v3 API).
[TorchScriptPredictor Layer 21] prefill_dist support: yes, prev_expert_onehot support: yes, prev_layers_feat support: yes
[TorchScriptPredictor Layer 21] Loaded model: /home/michael/heteroPredict/trainingData/qwen3_30b/transformer_final_pfill_markov_emb/transformer_eh4_h64_f2/layer_21/best_jit.pt
[ThreadedTorchScriptPredictor Layer 22] Detected history_length=4 from /home/michael/heteroPredict/trainingData/qwen3_30b/transformer_final_pfill_markov_emb/transformer_eh4_h64_f2/layer_22/best.json
[TorchScriptPredictor Layer 22] Loading model on CPU
[TorchScriptPredictor Layer 22] Assuming prefill_dist, prev_expert_onehot, and prev_layers_feat support (v3 API).
[TorchScriptPredictor Layer 22] prefill_dist support: yes, prev_expert_onehot support: yes, prev_layers_feat support: yes
[TorchScriptPredictor Layer 22] Loaded model: /home/michael/heteroPredict/trainingData/qwen3_30b/transformer_final_pfill_markov_emb/transformer_eh4_h64_f2/layer_22/best_jit.pt
[ThreadedTorchScriptPredictor Layer 23] Detected history_length=4 from /home/michael/heteroPredict/trainingData/qwen3_30b/transformer_final_pfill_markov_emb/transformer_eh4_h64_f2/layer_23/best.json
[TorchScriptPredictor Layer 23] Loading model on CPU
[TorchScriptPredictor Layer 23] Assuming prefill_dist, prev_expert_onehot, and prev_layers_feat support (v3 API).
[TorchScriptPredictor Layer 23] prefill_dist support: yes, prev_expert_onehot support: yes, prev_layers_feat support: yes
[TorchScriptPredictor Layer 23] Loaded model: /home/michael/heteroPredict/trainingData/qwen3_30b/transformer_final_pfill_markov_emb/transformer_eh4_h64_f2/layer_23/best_jit.pt
[ThreadedTorchScriptPredictor Layer 24] Detected history_length=4 from /home/michael/heteroPredict/trainingData/qwen3_30b/transformer_final_pfill_markov_emb/transformer_eh4_h64_f2/layer_24/best.json
[TorchScriptPredictor Layer 24] Loading model on CPU
[TorchScriptPredictor Layer 24] Assuming prefill_dist, prev_expert_onehot, and prev_layers_feat support (v3 API).
[TorchScriptPredictor Layer 24] prefill_dist support: yes, prev_expert_onehot support: yes, prev_layers_feat support: yes
[TorchScriptPredictor Layer 24] Loaded model: /home/michael/heteroPredict/trainingData/qwen3_30b/transformer_final_pfill_markov_emb/transformer_eh4_h64_f2/layer_24/best_jit.pt
[ThreadedTorchScriptPredictor Layer 25] Detected history_length=4 from /home/michael/heteroPredict/trainingData/qwen3_30b/transformer_final_pfill_markov_emb/transformer_eh4_h64_f2/layer_25/best.json
[TorchScriptPredictor Layer 25] Loading model on CPU
[TorchScriptPredictor Layer 25] Assuming prefill_dist, prev_expert_onehot, and prev_layers_feat support (v3 API).
[TorchScriptPredictor Layer 25] prefill_dist support: yes, prev_expert_onehot support: yes, prev_layers_feat support: yes
[TorchScriptPredictor Layer 25] Loaded model: /home/michael/heteroPredict/trainingData/qwen3_30b/transformer_final_pfill_markov_emb/transformer_eh4_h64_f2/layer_25/best_jit.pt
[ThreadedTorchScriptPredictor Layer 26] Detected history_length=4 from /home/michael/heteroPredict/trainingData/qwen3_30b/transformer_final_pfill_markov_emb/transformer_eh4_h64_f2/layer_26/best.json
[TorchScriptPredictor Layer 26] Loading model on CPU
[TorchScriptPredictor Layer 26] Assuming prefill_dist, prev_expert_onehot, and prev_layers_feat support (v3 API).
[TorchScriptPredictor Layer 26] prefill_dist support: yes, prev_expert_onehot support: yes, prev_layers_feat support: yes
[TorchScriptPredictor Layer 26] Loaded model: /home/michael/heteroPredict/trainingData/qwen3_30b/transformer_final_pfill_markov_emb/transformer_eh4_h64_f2/layer_26/best_jit.pt
[ThreadedTorchScriptPredictor Layer 27] Detected history_length=4 from /home/michael/heteroPredict/trainingData/qwen3_30b/transformer_final_pfill_markov_emb/transformer_eh4_h64_f2/layer_27/best.json
[TorchScriptPredictor Layer 27] Loading model on CPU
[TorchScriptPredictor Layer 27] Assuming prefill_dist, prev_expert_onehot, and prev_layers_feat support (v3 API).
[TorchScriptPredictor Layer 27] prefill_dist support: yes, prev_expert_onehot support: yes, prev_layers_feat support: yes
[TorchScriptPredictor Layer 27] Loaded model: /home/michael/heteroPredict/trainingData/qwen3_30b/transformer_final_pfill_markov_emb/transformer_eh4_h64_f2/layer_27/best_jit.pt
[ThreadedTorchScriptPredictor Layer 28] Detected history_length=4 from /home/michael/heteroPredict/trainingData/qwen3_30b/transformer_final_pfill_markov_emb/transformer_eh4_h64_f2/layer_28/best.json
[TorchScriptPredictor Layer 28] Loading model on CPU
[TorchScriptPredictor Layer 28] Assuming prefill_dist, prev_expert_onehot, and prev_layers_feat support (v3 API).
[TorchScriptPredictor Layer 28] prefill_dist support: yes, prev_expert_onehot support: yes, prev_layers_feat support: yes
[TorchScriptPredictor Layer 28] Loaded model: /home/michael/heteroPredict/trainingData/qwen3_30b/transformer_final_pfill_markov_emb/transformer_eh4_h64_f2/layer_28/best_jit.pt
[ThreadedTorchScriptPredictor Layer 29] Detected history_length=4 from /home/michael/heteroPredict/trainingData/qwen3_30b/transformer_final_pfill_markov_emb/transformer_eh4_h64_f2/layer_29/best.json
[TorchScriptPredictor Layer 29] Loading model on CPU
[TorchScriptPredictor Layer 29] Assuming prefill_dist, prev_expert_onehot, and prev_layers_feat support (v3 API).
[TorchScriptPredictor Layer 29] prefill_dist support: yes, prev_expert_onehot support: yes, prev_layers_feat support: yes
[TorchScriptPredictor Layer 29] Loaded model: /home/michael/heteroPredict/trainingData/qwen3_30b/transformer_final_pfill_markov_emb/transformer_eh4_h64_f2/layer_29/best_jit.pt
[ThreadedTorchScriptPredictor Layer 30] Detected history_length=4 from /home/michael/heteroPredict/trainingData/qwen3_30b/transformer_final_pfill_markov_emb/transformer_eh4_h64_f2/layer_30/best.json
[TorchScriptPredictor Layer 30] Loading model on CPU
[TorchScriptPredictor Layer 30] Assuming prefill_dist, prev_expert_onehot, and prev_layers_feat support (v3 API).
[TorchScriptPredictor Layer 30] prefill_dist support: yes, prev_expert_onehot support: yes, prev_layers_feat support: yes
[TorchScriptPredictor Layer 30] Loaded model: /home/michael/heteroPredict/trainingData/qwen3_30b/transformer_final_pfill_markov_emb/transformer_eh4_h64_f2/layer_30/best_jit.pt
[ThreadedTorchScriptPredictor Layer 31] Detected history_length=4 from /home/michael/heteroPredict/trainingData/qwen3_30b/transformer_final_pfill_markov_emb/transformer_eh4_h64_f2/layer_31/best.json
[TorchScriptPredictor Layer 31] Loading model on CPU
[TorchScriptPredictor Layer 31] Assuming prefill_dist, prev_expert_onehot, and prev_layers_feat support (v3 API).
[TorchScriptPredictor Layer 31] prefill_dist support: yes, prev_expert_onehot support: yes, prev_layers_feat support: yes
[TorchScriptPredictor Layer 31] Loaded model: /home/michael/heteroPredict/trainingData/qwen3_30b/transformer_final_pfill_markov_emb/transformer_eh4_h64_f2/layer_31/best_jit.pt
[ThreadedTorchScriptPredictor Layer 32] Detected history_length=4 from /home/michael/heteroPredict/trainingData/qwen3_30b/transformer_final_pfill_markov_emb/transformer_eh4_h64_f2/layer_32/best.json
[TorchScriptPredictor Layer 32] Loading model on CPU
[TorchScriptPredictor Layer 32] Assuming prefill_dist, prev_expert_onehot, and prev_layers_feat support (v3 API).
[TorchScriptPredictor Layer 32] prefill_dist support: yes, prev_expert_onehot support: yes, prev_layers_feat support: yes
[TorchScriptPredictor Layer 32] Loaded model: /home/michael/heteroPredict/trainingData/qwen3_30b/transformer_final_pfill_markov_emb/transformer_eh4_h64_f2/layer_32/best_jit.pt
[ThreadedTorchScriptPredictor Layer 33] Detected history_length=4 from /home/michael/heteroPredict/trainingData/qwen3_30b/transformer_final_pfill_markov_emb/transformer_eh4_h64_f2/layer_33/best.json
[TorchScriptPredictor Layer 33] Loading model on CPU
[TorchScriptPredictor Layer 33] Assuming prefill_dist, prev_expert_onehot, and prev_layers_feat support (v3 API).
[TorchScriptPredictor Layer 33] prefill_dist support: yes, prev_expert_onehot support: yes, prev_layers_feat support: yes
[TorchScriptPredictor Layer 33] Loaded model: /home/michael/heteroPredict/trainingData/qwen3_30b/transformer_final_pfill_markov_emb/transformer_eh4_h64_f2/layer_33/best_jit.pt
[ThreadedTorchScriptPredictor Layer 34] Detected history_length=4 from /home/michael/heteroPredict/trainingData/qwen3_30b/transformer_final_pfill_markov_emb/transformer_eh4_h64_f2/layer_34/best.json
[TorchScriptPredictor Layer 34] Loading model on CPU
[TorchScriptPredictor Layer 34] Assuming prefill_dist, prev_expert_onehot, and prev_layers_feat support (v3 API).
[TorchScriptPredictor Layer 34] prefill_dist support: yes, prev_expert_onehot support: yes, prev_layers_feat support: yes
[TorchScriptPredictor Layer 34] Loaded model: /home/michael/heteroPredict/trainingData/qwen3_30b/transformer_final_pfill_markov_emb/transformer_eh4_h64_f2/layer_34/best_jit.pt
[ThreadedTorchScriptPredictor Layer 35] Detected history_length=4 from /home/michael/heteroPredict/trainingData/qwen3_30b/transformer_final_pfill_markov_emb/transformer_eh4_h64_f2/layer_35/best.json
[TorchScriptPredictor Layer 35] Loading model on CPU
[TorchScriptPredictor Layer 35] Assuming prefill_dist, prev_expert_onehot, and prev_layers_feat support (v3 API).
[TorchScriptPredictor Layer 35] prefill_dist support: yes, prev_expert_onehot support: yes, prev_layers_feat support: yes
[TorchScriptPredictor Layer 35] Loaded model: /home/michael/heteroPredict/trainingData/qwen3_30b/transformer_final_pfill_markov_emb/transformer_eh4_h64_f2/layer_35/best_jit.pt
[ThreadedTorchScriptPredictor Layer 36] Detected history_length=4 from /home/michael/heteroPredict/trainingData/qwen3_30b/transformer_final_pfill_markov_emb/transformer_eh4_h64_f2/layer_36/best.json
[TorchScriptPredictor Layer 36] Loading model on CPU
[TorchScriptPredictor Layer 36] Assuming prefill_dist, prev_expert_onehot, and prev_layers_feat support (v3 API).
[TorchScriptPredictor Layer 36] prefill_dist support: yes, prev_expert_onehot support: yes, prev_layers_feat support: yes
[TorchScriptPredictor Layer 36] Loaded model: /home/michael/heteroPredict/trainingData/qwen3_30b/transformer_final_pfill_markov_emb/transformer_eh4_h64_f2/layer_36/best_jit.pt
[ThreadedTorchScriptPredictor Layer 37] Detected history_length=4 from /home/michael/heteroPredict/trainingData/qwen3_30b/transformer_final_pfill_markov_emb/transformer_eh4_h64_f2/layer_37/best.json
[TorchScriptPredictor Layer 37] Loading model on CPU
[TorchScriptPredictor Layer 37] Assuming prefill_dist, prev_expert_onehot, and prev_layers_feat support (v3 API).
[TorchScriptPredictor Layer 37] prefill_dist support: yes, prev_expert_onehot support: yes, prev_layers_feat support: yes
[TorchScriptPredictor Layer 37] Loaded model: /home/michael/heteroPredict/trainingData/qwen3_30b/transformer_final_pfill_markov_emb/transformer_eh4_h64_f2/layer_37/best_jit.pt
[ThreadedTorchScriptPredictor Layer 38] Detected history_length=4 from /home/michael/heteroPredict/trainingData/qwen3_30b/transformer_final_pfill_markov_emb/transformer_eh4_h64_f2/layer_38/best.json
[TorchScriptPredictor Layer 38] Loading model on CPU
[TorchScriptPredictor Layer 38] Assuming prefill_dist, prev_expert_onehot, and prev_layers_feat support (v3 API).
[TorchScriptPredictor Layer 38] prefill_dist support: yes, prev_expert_onehot support: yes, prev_layers_feat support: yes
[TorchScriptPredictor Layer 38] Loaded model: /home/michael/heteroPredict/trainingData/qwen3_30b/transformer_final_pfill_markov_emb/transformer_eh4_h64_f2/layer_38/best_jit.pt
[ThreadedTorchScriptPredictor Layer 39] Detected history_length=4 from /home/michael/heteroPredict/trainingData/qwen3_30b/transformer_final_pfill_markov_emb/transformer_eh4_h64_f2/layer_39/best.json
[TorchScriptPredictor Layer 39] Loading model on CPU
[TorchScriptPredictor Layer 39] Assuming prefill_dist, prev_expert_onehot, and prev_layers_feat support (v3 API).
[TorchScriptPredictor Layer 39] prefill_dist support: yes, prev_expert_onehot support: yes, prev_layers_feat support: yes
[TorchScriptPredictor Layer 39] Loaded model: /home/michael/heteroPredict/trainingData/qwen3_30b/transformer_final_pfill_markov_emb/transformer_eh4_h64_f2/layer_39/best_jit.pt
[ThreadedTorchScriptPredictor Layer 40] Detected history_length=4 from /home/michael/heteroPredict/trainingData/qwen3_30b/transformer_final_pfill_markov_emb/transformer_eh4_h64_f2/layer_40/best.json
[TorchScriptPredictor Layer 40] Loading model on CPU
[TorchScriptPredictor Layer 40] Assuming prefill_dist, prev_expert_onehot, and prev_layers_feat support (v3 API).
[TorchScriptPredictor Layer 40] prefill_dist support: yes, prev_expert_onehot support: yes, prev_layers_feat support: yes
[TorchScriptPredictor Layer 40] Loaded model: /home/michael/heteroPredict/trainingData/qwen3_30b/transformer_final_pfill_markov_emb/transformer_eh4_h64_f2/layer_40/best_jit.pt
[ThreadedTorchScriptPredictor Layer 41] Detected history_length=4 from /home/michael/heteroPredict/trainingData/qwen3_30b/transformer_final_pfill_markov_emb/transformer_eh4_h64_f2/layer_41/best.json
[TorchScriptPredictor Layer 41] Loading model on CPU
[TorchScriptPredictor Layer 41] Assuming prefill_dist, prev_expert_onehot, and prev_layers_feat support (v3 API).
[TorchScriptPredictor Layer 41] prefill_dist support: yes, prev_expert_onehot support: yes, prev_layers_feat support: yes
[TorchScriptPredictor Layer 41] Loaded model: /home/michael/heteroPredict/trainingData/qwen3_30b/transformer_final_pfill_markov_emb/transformer_eh4_h64_f2/layer_41/best_jit.pt
[ThreadedTorchScriptPredictor Layer 42] Detected history_length=4 from /home/michael/heteroPredict/trainingData/qwen3_30b/transformer_final_pfill_markov_emb/transformer_eh4_h64_f2/layer_42/best.json
[TorchScriptPredictor Layer 42] Loading model on CPU
[TorchScriptPredictor Layer 42] Assuming prefill_dist, prev_expert_onehot, and prev_layers_feat support (v3 API).
[TorchScriptPredictor Layer 42] prefill_dist support: yes, prev_expert_onehot support: yes, prev_layers_feat support: yes
[TorchScriptPredictor Layer 42] Loaded model: /home/michael/heteroPredict/trainingData/qwen3_30b/transformer_final_pfill_markov_emb/transformer_eh4_h64_f2/layer_42/best_jit.pt
[ThreadedTorchScriptPredictor Layer 43] Detected history_length=4 from /home/michael/heteroPredict/trainingData/qwen3_30b/transformer_final_pfill_markov_emb/transformer_eh4_h64_f2/layer_43/best.json
[TorchScriptPredictor Layer 43] Loading model on CPU
[TorchScriptPredictor Layer 43] Assuming prefill_dist, prev_expert_onehot, and prev_layers_feat support (v3 API).
[TorchScriptPredictor Layer 43] prefill_dist support: yes, prev_expert_onehot support: yes, prev_layers_feat support: yes
[TorchScriptPredictor Layer 43] Loaded model: /home/michael/heteroPredict/trainingData/qwen3_30b/transformer_final_pfill_markov_emb/transformer_eh4_h64_f2/layer_43/best_jit.pt
[ThreadedTorchScriptPredictor Layer 44] Detected history_length=4 from /home/michael/heteroPredict/trainingData/qwen3_30b/transformer_final_pfill_markov_emb/transformer_eh4_h64_f2/layer_44/best.json
[TorchScriptPredictor Layer 44] Loading model on CPU
[TorchScriptPredictor Layer 44] Assuming prefill_dist, prev_expert_onehot, and prev_layers_feat support (v3 API).
[TorchScriptPredictor Layer 44] prefill_dist support: yes, prev_expert_onehot support: yes, prev_layers_feat support: yes
[TorchScriptPredictor Layer 44] Loaded model: /home/michael/heteroPredict/trainingData/qwen3_30b/transformer_final_pfill_markov_emb/transformer_eh4_h64_f2/layer_44/best_jit.pt
[ThreadedTorchScriptPredictor Layer 45] Detected history_length=4 from /home/michael/heteroPredict/trainingData/qwen3_30b/transformer_final_pfill_markov_emb/transformer_eh4_h64_f2/layer_45/best.json
[TorchScriptPredictor Layer 45] Loading model on CPU
[TorchScriptPredictor Layer 45] Assuming prefill_dist, prev_expert_onehot, and prev_layers_feat support (v3 API).
[TorchScriptPredictor Layer 45] prefill_dist support: yes, prev_expert_onehot support: yes, prev_layers_feat support: yes
[TorchScriptPredictor Layer 45] Loaded model: /home/michael/heteroPredict/trainingData/qwen3_30b/transformer_final_pfill_markov_emb/transformer_eh4_h64_f2/layer_45/best_jit.pt
[ThreadedTorchScriptPredictor Layer 46] Detected history_length=4 from /home/michael/heteroPredict/trainingData/qwen3_30b/transformer_final_pfill_markov_emb/transformer_eh4_h64_f2/layer_46/best.json
[TorchScriptPredictor Layer 46] Loading model on CPU
[TorchScriptPredictor Layer 46] Assuming prefill_dist, prev_expert_onehot, and prev_layers_feat support (v3 API).
[TorchScriptPredictor Layer 46] prefill_dist support: yes, prev_expert_onehot support: yes, prev_layers_feat support: yes
[TorchScriptPredictor Layer 46] Loaded model: /home/michael/heteroPredict/trainingData/qwen3_30b/transformer_final_pfill_markov_emb/transformer_eh4_h64_f2/layer_46/best_jit.pt
[ThreadedTorchScriptPredictor Layer 47] Detected history_length=4 from /home/michael/heteroPredict/trainingData/qwen3_30b/transformer_final_pfill_markov_emb/transformer_eh4_h64_f2/layer_47/best.json
[TorchScriptPredictor Layer 47] Loading model on CPU
[TorchScriptPredictor Layer 47] Assuming prefill_dist, prev_expert_onehot, and prev_layers_feat support (v3 API).
[TorchScriptPredictor Layer 47] prefill_dist support: yes, prev_expert_onehot support: yes, prev_layers_feat support: yes
[TorchScriptPredictor Layer 47] Loaded model: /home/michael/heteroPredict/trainingData/qwen3_30b/transformer_final_pfill_markov_emb/transformer_eh4_h64_f2/layer_47/best_jit.pt
UnifiedLLMW4A16 moved to device: cuda:0
Preloading MoE kernels...
MoE kernels preloaded.
UnifiedLLMW4A16 initialized on device: cuda:0 with w4a16 quantization
[Predictor] Lookahead stride set to 2 (predictor fires every 2 decode tokens)
Loading non-quantized weights from safetensors (mmap): /home/michael/heteroPredict/py/unified_llm_w4a16/model_weights/Qwen3-30B-A3B-AWQ.safetensors
Loaded 243 non-quantized parameters, skipped 0
Loading quantized weights from bins: /home/michael/heteroPredict/py/unified_llm_w4a16/model_weights/Qwen3-30B-A3B-AWQ_unpacked
  Expert weights dir override: /home/michael/heteroPredict/py/unified_llm_w4a16/model_weights/Qwen3-30B-A3B-AWQ_packed
Pre-warming 32 experts for all layers...
Layer 0: Pre-warming 32 experts.
Layer 0: using packed expert format.
[MoE I/O] Expert weight reads require O_DIRECT (no buffered fallback).
Layer 1: Pre-warming 32 experts.
Layer 1: using packed expert format.
Layer 2: Pre-warming 32 experts.
Layer 2: using packed expert format.
Layer 3: Pre-warming 32 experts.
Layer 3: using packed expert format.
Prewarmed experts for layer 4/48
Layer 4: Pre-warming 32 experts.
Layer 4: using packed expert format.
Layer 5: Pre-warming 32 experts.
Layer 5: using packed expert format.
Layer 6: Pre-warming 32 experts.
Layer 6: using packed expert format.
Layer 7: Pre-warming 32 experts.
Layer 7: using packed expert format.
Prewarmed experts for layer 8/48
Layer 8: Pre-warming 32 experts.
Layer 8: using packed expert format.
Layer 9: Pre-warming 32 experts.
Layer 9: using packed expert format.
Layer 10: Pre-warming 32 experts.
Layer 10: using packed expert format.
Layer 11: Pre-warming 32 experts.
Layer 11: using packed expert format.
Prewarmed experts for layer 12/48
Layer 12: Pre-warming 32 experts.
Layer 12: using packed expert format.
Layer 13: Pre-warming 32 experts.
Layer 13: using packed expert format.
Layer 14: Pre-warming 32 experts.
Layer 14: using packed expert format.
Layer 15: Pre-warming 32 experts.
Layer 15: using packed expert format.
Prewarmed experts for layer 16/48
Layer 16: Pre-warming 32 experts.
Layer 16: using packed expert format.
Layer 17: Pre-warming 32 experts.
Layer 17: using packed expert format.
Layer 18: Pre-warming 32 experts.
Layer 18: using packed expert format.
Layer 19: Pre-warming 32 experts.
Layer 19: using packed expert format.
Prewarmed experts for layer 20/48
Layer 20: Pre-warming 32 experts.
Layer 20: using packed expert format.
Layer 21: Pre-warming 32 experts.
Layer 21: using packed expert format.
Layer 22: Pre-warming 32 experts.
Layer 22: using packed expert format.
Layer 23: Pre-warming 32 experts.
Layer 23: using packed expert format.
Prewarmed experts for layer 24/48
Layer 24: Pre-warming 32 experts.
Layer 24: using packed expert format.
Layer 25: Pre-warming 32 experts.
Layer 25: using packed expert format.
Layer 26: Pre-warming 32 experts.
Layer 26: using packed expert format.
Layer 27: Pre-warming 32 experts.
Layer 27: using packed expert format.
Prewarmed experts for layer 28/48
Layer 28: Pre-warming 32 experts.
Layer 28: using packed expert format.
Layer 29: Pre-warming 32 experts.
Layer 29: using packed expert format.
Layer 30: Pre-warming 32 experts.
Layer 30: using packed expert format.
Layer 31: Pre-warming 32 experts.
Layer 31: using packed expert format.
Prewarmed experts for layer 32/48
Layer 32: Pre-warming 32 experts.
Layer 32: using packed expert format.
Layer 33: Pre-warming 32 experts.
Layer 33: using packed expert format.
Layer 34: Pre-warming 32 experts.
Layer 34: using packed expert format.
Layer 35: Pre-warming 32 experts.
Layer 35: using packed expert format.
Prewarmed experts for layer 36/48
Layer 36: Pre-warming 32 experts.
Layer 36: using packed expert format.
Layer 37: Pre-warming 32 experts.
Layer 37: using packed expert format.
Layer 38: Pre-warming 32 experts.
Layer 38: using packed expert format.
Layer 39: Pre-warming 32 experts.
Layer 39: using packed expert format.
Prewarmed experts for layer 40/48
Layer 40: Pre-warming 32 experts.
Layer 40: using packed expert format.
Layer 41: Pre-warming 32 experts.
Layer 41: using packed expert format.
Layer 42: Pre-warming 32 experts.
Layer 42: using packed expert format.
Layer 43: Pre-warming 32 experts.
Layer 43: using packed expert format.
Prewarmed experts for layer 44/48
Layer 44: Pre-warming 32 experts.
Layer 44: using packed expert format.
Layer 45: Pre-warming 32 experts.
Layer 45: using packed expert format.
Layer 46: Pre-warming 32 experts.
Layer 46: using packed expert format.
Layer 47: Pre-warming 32 experts.
Layer 47: using packed expert format.
Prewarmed experts for layer 48/48
Libtorch input_ids shape: [1, 512]
Skipping warmup.
Prefill time: 18.6103 seconds
[Predictor] Prefill-end expert cache warmup (excluded from generation TPS).
[Layer 0 Warmup Debug] predict_sync returned: 72 100 46 58 88 119 109 85 114 7 11 16 32 123 117 121 98 47 89 33 122 51 9 101 118 6 28 64 65 27 50 24 120 82 13 45 26 91 0 76 44 49 75 92 110 80 43 4 40 37 126 21 30 53 78 102 62 74 77 86 73 70 97 22 69 48 93 106 14 35 60 52 84 41 38 99 23 111 104 87 3 124 116 57 125 29 108 42 68 2 59 90 81 8 31 113 95 61 105 127 112 5 1 94 67 25 20 115 39 55 71 63 10 15 83 103 107 12 34 54 96 18 36 56 19 66 17 79 
[Layer 0 Warmup Debug] experts_to_prefetch returned: 72 100 46 58 88 119 109 85 
[Layer 0 Warmup Debug] After prefill-end warmup, slots are: 102 103 104 105 106 107 108 109 110 111 112 113 114 116 117 118 119 120 121 122 123 124 125 126 127 72 46 58 88 85 100 101 
Generation phase
[Layer 0 Step 0 Debug] Slots before check: 102 103 104 105 106 107 108 109 110 111 112 113 114 116 117 118 119 120 121 122 123 124 125 126 127 72 46 58 88 85 100 101 
[Layer 0 Step 0 Debug] Requested: 105 91 87 46 33 124 28 90 
[gen 5/79] elapsed=1.8s  TPS=2.857
[gen 10/79] elapsed=3.0s  TPS=3.363
[gen 15/79] elapsed=4.0s  TPS=3.732
[gen 20/79] elapsed=5.1s  TPS=3.897
[gen 25/79] elapsed=6.4s  TPS=3.931
[gen 30/79] elapsed=7.3s  TPS=4.082
[gen 35/79] elapsed=8.5s  TPS=4.104
[gen 40/79] elapsed=9.7s  TPS=4.131
[gen 45/79] elapsed=10.6s  TPS=4.257
[gen 50/79] elapsed=11.8s  TPS=4.231
[gen 55/79] elapsed=13.0s  TPS=4.220
[gen 60/79] elapsed=14.2s  TPS=4.218
[gen 65/79] elapsed=15.4s  TPS=4.213
[gen 70/79] elapsed=16.4s  TPS=4.260
[gen 75/79] elapsed=17.6s  TPS=4.251
Prefill time (summary): 18.610 seconds
Total Generation Time: 18.432 seconds
Average Time per Token: 0.233317 seconds

Expert Cache Statistics:
Layer 0 Cache Stats: Hits=386, Misses=246, HitRate=61.08%
    Predictor Routed-Expert HitRate=48.72% (19/39, routed_n=1, horizon=2)
    Predictor RoutedForcedN HitRate=48.72% (19/39)
    Predictor RoutedTopK HitRate=37.82% (118/312)
    Predicted RequestedByRouterForcedN Rate=6.09% (19/312)
    Predicted RequestedByRouterTopK Rate=37.82% (118/312)
    Predictor WindowRecall Rate=38.19% (215/563)
    Predictor WindowPrecision Rate=68.91% (215/312)
    Loads Per Step: 0Loads=6, 1Load=7, >1Load=66
    Bandwidth: StallLoads=246, PrefetchLoads=137, AvgLoadTime=2.62ms
    PrefetchOverlap: HiddenReady=99, HiddenWait=0, TicksSkipped=0
    MissCause: NotPresent=246, NotReadyStall=0
    PrefetchEff: Dropped=0, AlreadyCached=183, UsedBeforeEvict=99, EvictedBeforeUse=34
    GlobalSpecLoad: PeakConcurrent=6
    Predictor TopK matches: 0=20 1=19 >=2=0
Layer 1 Cache Stats: Hits=454, Misses=178, HitRate=71.84%
    Predictor Routed-Expert HitRate=48.72% (19/39, routed_n=1, horizon=2)
    Predictor RoutedForcedN HitRate=48.72% (19/39)
    Predictor RoutedTopK HitRate=45.83% (143/312)
    Predicted RequestedByRouterForcedN Rate=6.09% (19/312)
    Predicted RequestedByRouterTopK Rate=45.83% (143/312)
    Predictor WindowRecall Rate=44.40% (226/509)
    Predictor WindowPrecision Rate=72.44% (226/312)
    Loads Per Step: 0Loads=11, 1Load=13, >1Load=55
    Bandwidth: StallLoads=178, PrefetchLoads=71, AvgLoadTime=3.28ms
    PrefetchOverlap: HiddenReady=52, HiddenWait=0, TicksSkipped=0
    MissCause: NotPresent=178, NotReadyStall=0
    PrefetchEff: Dropped=0, AlreadyCached=249, UsedBeforeEvict=52, EvictedBeforeUse=16
    Predictor TopK matches: 0=20 1=19 >=2=0
Layer 2 Cache Stats: Hits=498, Misses=134, HitRate=78.80%
    Predictor Routed-Expert HitRate=58.97% (23/39, routed_n=1, horizon=2)
    Predictor RoutedForcedN HitRate=58.97% (23/39)
    Predictor RoutedTopK HitRate=43.27% (135/312)
    Predicted RequestedByRouterForcedN Rate=7.37% (23/312)
    Predicted RequestedByRouterTopK Rate=43.27% (135/312)
    Predictor WindowRecall Rate=39.68% (200/504)
    Predictor WindowPrecision Rate=64.10% (200/312)
    Loads Per Step: 0Loads=15, 1Load=26, >1Load=38
    Bandwidth: StallLoads=134, PrefetchLoads=69, AvgLoadTime=3.61ms
    PrefetchOverlap: HiddenReady=46, HiddenWait=0, TicksSkipped=0
    MissCause: NotPresent=134, NotReadyStall=0
    PrefetchEff: Dropped=0, AlreadyCached=251, UsedBeforeEvict=46, EvictedBeforeUse=23
    Predictor TopK matches: 0=16 1=23 >=2=0
Layer 3 Cache Stats: Hits=498, Misses=134, HitRate=78.80%
    Predictor Routed-Expert HitRate=53.85% (21/39, routed_n=1, horizon=2)
    Predictor RoutedForcedN HitRate=53.85% (21/39)
    Predictor RoutedTopK HitRate=41.35% (129/312)
    Predicted RequestedByRouterForcedN Rate=6.73% (21/312)
    Predicted RequestedByRouterTopK Rate=41.35% (129/312)
    Predictor WindowRecall Rate=41.43% (203/490)
    Predictor WindowPrecision Rate=65.06% (203/312)
    Loads Per Step: 0Loads=12, 1Load=34, >1Load=33
    Bandwidth: StallLoads=134, PrefetchLoads=62, AvgLoadTime=3.53ms
    PrefetchOverlap: HiddenReady=31, HiddenWait=0, TicksSkipped=0
    MissCause: NotPresent=134, NotReadyStall=0
    PrefetchEff: Dropped=0, AlreadyCached=258, UsedBeforeEvict=31, EvictedBeforeUse=30
    Predictor TopK matches: 0=18 1=21 >=2=0
Layer 4 Cache Stats: Hits=535, Misses=97, HitRate=84.65%
    Predictor Routed-Expert HitRate=53.85% (21/39, routed_n=1, horizon=2)
    Predictor RoutedForcedN HitRate=53.85% (21/39)
    Predictor RoutedTopK HitRate=49.36% (154/312)
    Predicted RequestedByRouterForcedN Rate=6.73% (21/312)
    Predicted RequestedByRouterTopK Rate=49.36% (154/312)
    Predictor WindowRecall Rate=48.25% (221/458)
    Predictor WindowPrecision Rate=70.83% (221/312)
    Loads Per Step: 0Loads=22, 1Load=34, >1Load=23
    Bandwidth: StallLoads=97, PrefetchLoads=48, AvgLoadTime=3.50ms
    PrefetchOverlap: HiddenReady=26, HiddenWait=0, TicksSkipped=0
    MissCause: NotPresent=97, NotReadyStall=0
    PrefetchEff: Dropped=0, AlreadyCached=272, UsedBeforeEvict=26, EvictedBeforeUse=22
    Predictor TopK matches: 0=18 1=21 >=2=0
Layer 5 Cache Stats: Hits=528, Misses=104, HitRate=83.54%
    Predictor Routed-Expert HitRate=69.23% (27/39, routed_n=1, horizon=2)
    Predictor RoutedForcedN HitRate=69.23% (27/39)
    Predictor RoutedTopK HitRate=52.56% (164/312)
    Predicted RequestedByRouterForcedN Rate=8.65% (27/312)
    Predicted RequestedByRouterTopK Rate=52.56% (164/312)
    Predictor WindowRecall Rate=47.88% (226/472)
    Predictor WindowPrecision Rate=72.44% (226/312)
    Loads Per Step: 0Loads=22, 1Load=28, >1Load=29
    Bandwidth: StallLoads=104, PrefetchLoads=49, AvgLoadTime=3.49ms
    PrefetchOverlap: HiddenReady=39, HiddenWait=0, TicksSkipped=0
    MissCause: NotPresent=104, NotReadyStall=0
    PrefetchEff: Dropped=0, AlreadyCached=271, UsedBeforeEvict=39, EvictedBeforeUse=9
    Predictor TopK matches: 0=12 1=27 >=2=0
Layer 6 Cache Stats: Hits=592, Misses=40, HitRate=93.67%
    Predictor Routed-Expert HitRate=92.31% (36/39, routed_n=1, horizon=2)
    Predictor RoutedForcedN HitRate=92.31% (36/39)
    Predictor RoutedTopK HitRate=58.65% (183/312)
    Predicted RequestedByRouterForcedN Rate=11.54% (36/312)
    Predicted RequestedByRouterTopK Rate=58.65% (183/312)
    Predictor WindowRecall Rate=53.51% (236/441)
    Predictor WindowPrecision Rate=75.64% (236/312)
    Loads Per Step: 0Loads=51, 1Load=20, >1Load=8
    Bandwidth: StallLoads=40, PrefetchLoads=7, AvgLoadTime=4.00ms
    PrefetchOverlap: HiddenReady=5, HiddenWait=0, TicksSkipped=0
    MissCause: NotPresent=40, NotReadyStall=0
    PrefetchEff: Dropped=0, AlreadyCached=313, UsedBeforeEvict=5, EvictedBeforeUse=1
    Predictor TopK matches: 0=3 1=36 >=2=0
Layer 7 Cache Stats: Hits=593, Misses=39, HitRate=93.83%
    Predictor Routed-Expert HitRate=89.74% (35/39, routed_n=1, horizon=2)
    Predictor RoutedForcedN HitRate=89.74% (35/39)
    Predictor RoutedTopK HitRate=67.63% (211/312)
    Predicted RequestedByRouterForcedN Rate=11.22% (35/312)
    Predicted RequestedByRouterTopK Rate=67.63% (211/312)
    Predictor WindowRecall Rate=59.95% (250/417)
    Predictor WindowPrecision Rate=80.13% (250/312)
    Loads Per Step: 0Loads=46, 1Load=27, >1Load=6
    Bandwidth: StallLoads=39, PrefetchLoads=15, AvgLoadTime=4.35ms
    PrefetchOverlap: HiddenReady=7, HiddenWait=0, TicksSkipped=0
    MissCause: NotPresent=39, NotReadyStall=0
    PrefetchEff: Dropped=0, AlreadyCached=305, UsedBeforeEvict=7, EvictedBeforeUse=8
    Predictor TopK matches: 0=4 1=35 >=2=0
Layer 8 Cache Stats: Hits=539, Misses=93, HitRate=85.28%
    Predictor Routed-Expert HitRate=64.10% (25/39, routed_n=1, horizon=2)
    Predictor RoutedForcedN HitRate=64.10% (25/39)
    Predictor RoutedTopK HitRate=48.08% (150/312)
    Predicted RequestedByRouterForcedN Rate=8.01% (25/312)
    Predicted RequestedByRouterTopK Rate=48.08% (150/312)
    Predictor WindowRecall Rate=46.70% (219/469)
    Predictor WindowPrecision Rate=70.19% (219/312)
    Loads Per Step: 0Loads=30, 1Load=24, >1Load=25
    Bandwidth: StallLoads=93, PrefetchLoads=36, AvgLoadTime=3.15ms
    PrefetchOverlap: HiddenReady=24, HiddenWait=0, TicksSkipped=0
    MissCause: NotPresent=93, NotReadyStall=0
    PrefetchEff: Dropped=0, AlreadyCached=284, UsedBeforeEvict=24, EvictedBeforeUse=12
    Predictor TopK matches: 0=14 1=25 >=2=0
Layer 9 Cache Stats: Hits=558, Misses=74, HitRate=88.29%
    Predictor Routed-Expert HitRate=79.49% (31/39, routed_n=1, horizon=2)
    Predictor RoutedForcedN HitRate=79.49% (31/39)
    Predictor RoutedTopK HitRate=57.69% (180/312)
    Predicted RequestedByRouterForcedN Rate=9.94% (31/312)
    Predicted RequestedByRouterTopK Rate=57.69% (180/312)
    Predictor WindowRecall Rate=53.78% (235/437)
    Predictor WindowPrecision Rate=75.32% (235/312)
    Loads Per Step: 0Loads=29, 1Load=31, >1Load=19
    Bandwidth: StallLoads=74, PrefetchLoads=29, AvgLoadTime=3.57ms
    PrefetchOverlap: HiddenReady=14, HiddenWait=0, TicksSkipped=0
    MissCause: NotPresent=74, NotReadyStall=0
    PrefetchEff: Dropped=0, AlreadyCached=291, UsedBeforeEvict=14, EvictedBeforeUse=14
    Predictor TopK matches: 0=8 1=31 >=2=0
Layer 10 Cache Stats: Hits=547, Misses=85, HitRate=86.55%
    Predictor Routed-Expert HitRate=79.49% (31/39, routed_n=1, horizon=2)
    Predictor RoutedForcedN HitRate=79.49% (31/39)
    Predictor RoutedTopK HitRate=53.53% (167/312)
    Predicted RequestedByRouterForcedN Rate=9.94% (31/312)
    Predicted RequestedByRouterTopK Rate=53.53% (167/312)
    Predictor WindowRecall Rate=48.48% (223/460)
    Predictor WindowPrecision Rate=71.47% (223/312)
    Loads Per Step: 0Loads=26, 1Load=31, >1Load=22
    Bandwidth: StallLoads=85, PrefetchLoads=40, AvgLoadTime=3.50ms
    PrefetchOverlap: HiddenReady=21, HiddenWait=0, TicksSkipped=0
    MissCause: NotPresent=85, NotReadyStall=0
    PrefetchEff: Dropped=0, AlreadyCached=280, UsedBeforeEvict=21, EvictedBeforeUse=19
    Predictor TopK matches: 0=8 1=31 >=2=0
Layer 11 Cache Stats: Hits=529, Misses=103, HitRate=83.70%
    Predictor Routed-Expert HitRate=71.79% (28/39, routed_n=1, horizon=2)
    Predictor RoutedForcedN HitRate=71.79% (28/39)
    Predictor RoutedTopK HitRate=52.56% (164/312)
    Predicted RequestedByRouterForcedN Rate=8.97% (28/312)
    Predicted RequestedByRouterTopK Rate=52.56% (164/312)
    Predictor WindowRecall Rate=47.72% (230/482)
    Predictor WindowPrecision Rate=73.72% (230/312)
    Loads Per Step: 0Loads=21, 1Load=26, >1Load=32
    Bandwidth: StallLoads=103, PrefetchLoads=41, AvgLoadTime=3.30ms
    PrefetchOverlap: HiddenReady=33, HiddenWait=0, TicksSkipped=0
    MissCause: NotPresent=103, NotReadyStall=0
    PrefetchEff: Dropped=0, AlreadyCached=279, UsedBeforeEvict=33, EvictedBeforeUse=7
    Predictor TopK matches: 0=11 1=28 >=2=0
Layer 12 Cache Stats: Hits=545, Misses=87, HitRate=86.23%
    Predictor Routed-Expert HitRate=84.62% (33/39, routed_n=1, horizon=2)
    Predictor RoutedForcedN HitRate=84.62% (33/39)
    Predictor RoutedTopK HitRate=58.01% (181/312)
    Predicted RequestedByRouterForcedN Rate=10.58% (33/312)
    Predicted RequestedByRouterTopK Rate=58.01% (181/312)
    Predictor WindowRecall Rate=55.17% (240/435)
    Predictor WindowPrecision Rate=76.92% (240/312)
    Loads Per Step: 0Loads=29, 1Load=27, >1Load=23
    Bandwidth: StallLoads=87, PrefetchLoads=41, AvgLoadTime=3.46ms
    PrefetchOverlap: HiddenReady=31, HiddenWait=0, TicksSkipped=0
    MissCause: NotPresent=87, NotReadyStall=0
    PrefetchEff: Dropped=0, AlreadyCached=279, UsedBeforeEvict=31, EvictedBeforeUse=10
    Predictor TopK matches: 0=6 1=33 >=2=0
Layer 13 Cache Stats: Hits=527, Misses=105, HitRate=83.39%
    Predictor Routed-Expert HitRate=71.79% (28/39, routed_n=1, horizon=2)
    Predictor RoutedForcedN HitRate=71.79% (28/39)
    Predictor RoutedTopK HitRate=49.04% (153/312)
    Predicted RequestedByRouterForcedN Rate=8.97% (28/312)
    Predicted RequestedByRouterTopK Rate=49.04% (153/312)
    Predictor WindowRecall Rate=48.15% (234/486)
    Predictor WindowPrecision Rate=75.00% (234/312)
    Loads Per Step: 0Loads=16, 1Load=34, >1Load=29
    Bandwidth: StallLoads=105, PrefetchLoads=57, AvgLoadTime=3.35ms
    PrefetchOverlap: HiddenReady=46, HiddenWait=0, TicksSkipped=0
    MissCause: NotPresent=105, NotReadyStall=0
    PrefetchEff: Dropped=0, AlreadyCached=263, UsedBeforeEvict=46, EvictedBeforeUse=10
    Predictor TopK matches: 0=11 1=28 >=2=0
Layer 14 Cache Stats: Hits=555, Misses=77, HitRate=87.82%
    Predictor Routed-Expert HitRate=76.92% (30/39, routed_n=1, horizon=2)
    Predictor RoutedForcedN HitRate=76.92% (30/39)
    Predictor RoutedTopK HitRate=57.37% (179/312)
    Predicted RequestedByRouterForcedN Rate=9.62% (30/312)
    Predicted RequestedByRouterTopK Rate=57.37% (179/312)
    Predictor WindowRecall Rate=52.41% (239/456)
    Predictor WindowPrecision Rate=76.60% (239/312)
    Loads Per Step: 0Loads=24, 1Load=37, >1Load=18
    Bandwidth: StallLoads=77, PrefetchLoads=20, AvgLoadTime=3.79ms
    PrefetchOverlap: HiddenReady=13, HiddenWait=0, TicksSkipped=0
    MissCause: NotPresent=77, NotReadyStall=0
    PrefetchEff: Dropped=0, AlreadyCached=300, UsedBeforeEvict=13, EvictedBeforeUse=7
    Predictor TopK matches: 0=9 1=30 >=2=0
Layer 15 Cache Stats: Hits=577, Misses=55, HitRate=91.30%
    Predictor Routed-Expert HitRate=94.87% (37/39, routed_n=1, horizon=2)
    Predictor RoutedForcedN HitRate=94.87% (37/39)
    Predictor RoutedTopK HitRate=58.01% (181/312)
    Predicted RequestedByRouterForcedN Rate=11.86% (37/312)
    Predicted RequestedByRouterTopK Rate=58.01% (181/312)
    Predictor WindowRecall Rate=55.56% (245/441)
    Predictor WindowPrecision Rate=78.53% (245/312)
    Loads Per Step: 0Loads=40, 1Load=28, >1Load=11
    Bandwidth: StallLoads=55, PrefetchLoads=18, AvgLoadTime=3.58ms
    PrefetchOverlap: HiddenReady=14, HiddenWait=0, TicksSkipped=0
    MissCause: NotPresent=55, NotReadyStall=0
    PrefetchEff: Dropped=0, AlreadyCached=302, UsedBeforeEvict=14, EvictedBeforeUse=4
    Predictor TopK matches: 0=2 1=37 >=2=0
Layer 16 Cache Stats: Hits=570, Misses=62, HitRate=90.19%
    Predictor Routed-Expert HitRate=84.62% (33/39, routed_n=1, horizon=2)
    Predictor RoutedForcedN HitRate=84.62% (33/39)
    Predictor RoutedTopK HitRate=60.58% (189/312)
    Predicted RequestedByRouterForcedN Rate=10.58% (33/312)
    Predicted RequestedByRouterTopK Rate=60.58% (189/312)
    Predictor WindowRecall Rate=54.95% (250/455)
    Predictor WindowPrecision Rate=80.13% (250/312)
    Loads Per Step: 0Loads=36, 1Load=27, >1Load=16
    Bandwidth: StallLoads=62, PrefetchLoads=22, AvgLoadTime=3.50ms
    PrefetchOverlap: HiddenReady=18, HiddenWait=0, TicksSkipped=0
    MissCause: NotPresent=62, NotReadyStall=0
    PrefetchEff: Dropped=0, AlreadyCached=298, UsedBeforeEvict=18, EvictedBeforeUse=4
    Predictor TopK matches: 0=6 1=33 >=2=0
Layer 17 Cache Stats: Hits=552, Misses=80, HitRate=87.34%
    Predictor Routed-Expert HitRate=89.74% (35/39, routed_n=1, horizon=2)
    Predictor RoutedForcedN HitRate=89.74% (35/39)
    Predictor RoutedTopK HitRate=53.21% (166/312)
    Predicted RequestedByRouterForcedN Rate=11.22% (35/312)
    Predicted RequestedByRouterTopK Rate=53.21% (166/312)
    Predictor WindowRecall Rate=51.63% (237/459)
    Predictor WindowPrecision Rate=75.96% (237/312)
    Loads Per Step: 0Loads=30, 1Load=28, >1Load=21
    Bandwidth: StallLoads=80, PrefetchLoads=27, AvgLoadTime=3.24ms
    PrefetchOverlap: HiddenReady=17, HiddenWait=0, TicksSkipped=0
    MissCause: NotPresent=80, NotReadyStall=0
    PrefetchEff: Dropped=0, AlreadyCached=293, UsedBeforeEvict=17, EvictedBeforeUse=9
    Predictor TopK matches: 0=4 1=35 >=2=0
Layer 18 Cache Stats: Hits=602, Misses=30, HitRate=95.25%
    Predictor Routed-Expert HitRate=51.28% (20/39, routed_n=1, horizon=2)
    Predictor RoutedForcedN HitRate=51.28% (20/39)
    Predictor RoutedTopK HitRate=58.01% (181/312)
    Predicted RequestedByRouterForcedN Rate=6.41% (20/312)
    Predicted RequestedByRouterTopK Rate=58.01% (181/312)
    Predictor WindowRecall Rate=51.61% (224/434)
    Predictor WindowPrecision Rate=71.79% (224/312)
    Loads Per Step: 0Loads=53, 1Load=22, >1Load=4
    Bandwidth: StallLoads=30, PrefetchLoads=7, AvgLoadTime=3.80ms
    PrefetchOverlap: HiddenReady=7, HiddenWait=0, TicksSkipped=0
    MissCause: NotPresent=30, NotReadyStall=0
    PrefetchEff: Dropped=0, AlreadyCached=313, UsedBeforeEvict=7, EvictedBeforeUse=0
    Predictor TopK matches: 0=19 1=20 >=2=0
Layer 19 Cache Stats: Hits=598, Misses=34, HitRate=94.62%
    Predictor Routed-Expert HitRate=87.18% (34/39, routed_n=1, horizon=2)
    Predictor RoutedForcedN HitRate=87.18% (34/39)
    Predictor RoutedTopK HitRate=67.95% (212/312)
    Predicted RequestedByRouterForcedN Rate=10.90% (34/312)
    Predicted RequestedByRouterTopK Rate=67.95% (212/312)
    Predictor WindowRecall Rate=62.08% (257/414)
    Predictor WindowPrecision Rate=82.37% (257/312)
    Loads Per Step: 0Loads=54, 1Load=18, >1Load=7
    Bandwidth: StallLoads=34, PrefetchLoads=9, AvgLoadTime=3.89ms
    PrefetchOverlap: HiddenReady=7, HiddenWait=0, TicksSkipped=0
    MissCause: NotPresent=34, NotReadyStall=0
    PrefetchEff: Dropped=0, AlreadyCached=311, UsedBeforeEvict=7, EvictedBeforeUse=1
    Predictor TopK matches: 0=5 1=34 >=2=0
Layer 20 Cache Stats: Hits=555, Misses=77, HitRate=87.82%
    Predictor Routed-Expert HitRate=71.79% (28/39, routed_n=1, horizon=2)
    Predictor RoutedForcedN HitRate=71.79% (28/39)
    Predictor RoutedTopK HitRate=56.09% (175/312)
    Predicted RequestedByRouterForcedN Rate=8.97% (28/312)
    Predicted RequestedByRouterTopK Rate=56.09% (175/312)
    Predictor WindowRecall Rate=49.67% (227/457)
    Predictor WindowPrecision Rate=72.76% (227/312)
    Loads Per Step: 0Loads=27, 1Load=34, >1Load=18
    Bandwidth: StallLoads=77, PrefetchLoads=21, AvgLoadTime=3.26ms
    PrefetchOverlap: HiddenReady=18, HiddenWait=0, TicksSkipped=0
    MissCause: NotPresent=77, NotReadyStall=0
    PrefetchEff: Dropped=0, AlreadyCached=299, UsedBeforeEvict=18, EvictedBeforeUse=3
    Predictor TopK matches: 0=11 1=28 >=2=0
Layer 21 Cache Stats: Hits=563, Misses=69, HitRate=89.08%
    Predictor Routed-Expert HitRate=82.05% (32/39, routed_n=1, horizon=2)
    Predictor RoutedForcedN HitRate=82.05% (32/39)
    Predictor RoutedTopK HitRate=61.22% (191/312)
    Predicted RequestedByRouterForcedN Rate=10.26% (32/312)
    Predicted RequestedByRouterTopK Rate=61.22% (191/312)
    Predictor WindowRecall Rate=55.68% (250/449)
    Predictor WindowPrecision Rate=80.13% (250/312)
    Loads Per Step: 0Loads=36, 1Load=24, >1Load=19
    Bandwidth: StallLoads=69, PrefetchLoads=12, AvgLoadTime=3.30ms
    PrefetchOverlap: HiddenReady=9, HiddenWait=0, TicksSkipped=0
    MissCause: NotPresent=69, NotReadyStall=0
    PrefetchEff: Dropped=0, AlreadyCached=308, UsedBeforeEvict=9, EvictedBeforeUse=2
    Predictor TopK matches: 0=7 1=32 >=2=0
Layer 22 Cache Stats: Hits=535, Misses=97, HitRate=84.65%
    Predictor Routed-Expert HitRate=71.79% (28/39, routed_n=1, horizon=2)
    Predictor RoutedForcedN HitRate=71.79% (28/39)
    Predictor RoutedTopK HitRate=53.85% (168/312)
    Predicted RequestedByRouterForcedN Rate=8.97% (28/312)
    Predicted RequestedByRouterTopK Rate=53.85% (168/312)
    Predictor WindowRecall Rate=48.10% (228/474)
    Predictor WindowPrecision Rate=73.08% (228/312)
    Loads Per Step: 0Loads=21, 1Load=33, >1Load=25
    Bandwidth: StallLoads=97, PrefetchLoads=30, AvgLoadTime=3.28ms
    PrefetchOverlap: HiddenReady=23, HiddenWait=0, TicksSkipped=0
    MissCause: NotPresent=97, NotReadyStall=0
    PrefetchEff: Dropped=0, AlreadyCached=290, UsedBeforeEvict=23, EvictedBeforeUse=6
    Predictor TopK matches: 0=11 1=28 >=2=0
Layer 23 Cache Stats: Hits=504, Misses=128, HitRate=79.75%
    Predictor Routed-Expert HitRate=61.54% (24/39, routed_n=1, horizon=2)
    Predictor RoutedForcedN HitRate=61.54% (24/39)
    Predictor RoutedTopK HitRate=48.40% (151/312)
    Predicted RequestedByRouterForcedN Rate=7.69% (24/312)
    Predicted RequestedByRouterTopK Rate=48.40% (151/312)
    Predictor WindowRecall Rate=45.83% (220/480)
    Predictor WindowPrecision Rate=70.51% (220/312)
    Loads Per Step: 0Loads=13, 1Load=26, >1Load=40
    Bandwidth: StallLoads=128, PrefetchLoads=31, AvgLoadTime=3.00ms
    PrefetchOverlap: HiddenReady=25, HiddenWait=0, TicksSkipped=0
    MissCause: NotPresent=128, NotReadyStall=0
    PrefetchEff: Dropped=0, AlreadyCached=289, UsedBeforeEvict=25, EvictedBeforeUse=4
    Predictor TopK matches: 0=15 1=24 >=2=0
Layer 24 Cache Stats: Hits=549, Misses=83, HitRate=86.87%
    Predictor Routed-Expert HitRate=69.23% (27/39, routed_n=1, horizon=2)
    Predictor RoutedForcedN HitRate=69.23% (27/39)
    Predictor RoutedTopK HitRate=53.53% (167/312)
    Predicted RequestedByRouterForcedN Rate=8.65% (27/312)
    Predicted RequestedByRouterTopK Rate=53.53% (167/312)
    Predictor WindowRecall Rate=51.11% (230/450)
    Predictor WindowPrecision Rate=73.72% (230/312)
    Loads Per Step: 0Loads=27, 1Load=29, >1Load=23
    Bandwidth: StallLoads=83, PrefetchLoads=26, AvgLoadTime=3.46ms
    PrefetchOverlap: HiddenReady=22, HiddenWait=0, TicksSkipped=0
    MissCause: NotPresent=83, NotReadyStall=0
    PrefetchEff: Dropped=0, AlreadyCached=294, UsedBeforeEvict=22, EvictedBeforeUse=4
    Predictor TopK matches: 0=12 1=27 >=2=0
Layer 25 Cache Stats: Hits=508, Misses=124, HitRate=80.38%
    Predictor Routed-Expert HitRate=58.97% (23/39, routed_n=1, horizon=2)
    Predictor RoutedForcedN HitRate=58.97% (23/39)
    Predictor RoutedTopK HitRate=49.68% (155/312)
    Predicted RequestedByRouterForcedN Rate=7.37% (23/312)
    Predicted RequestedByRouterTopK Rate=49.68% (155/312)
    Predictor WindowRecall Rate=46.40% (232/500)
    Predictor WindowPrecision Rate=74.36% (232/312)
    Loads Per Step: 0Loads=14, 1Load=26, >1Load=39
    Bandwidth: StallLoads=124, PrefetchLoads=60, AvgLoadTime=3.18ms
    PrefetchOverlap: HiddenReady=48, HiddenWait=0, TicksSkipped=0
    MissCause: NotPresent=124, NotReadyStall=0
    PrefetchEff: Dropped=0, AlreadyCached=260, UsedBeforeEvict=48, EvictedBeforeUse=11
    Predictor TopK matches: 0=16 1=23 >=2=0
Layer 26 Cache Stats: Hits=543, Misses=89, HitRate=85.92%
    Predictor Routed-Expert HitRate=82.05% (32/39, routed_n=1, horizon=2)
    Predictor RoutedForcedN HitRate=82.05% (32/39)
    Predictor RoutedTopK HitRate=55.45% (173/312)
    Predicted RequestedByRouterForcedN Rate=10.26% (32/312)
    Predicted RequestedByRouterTopK Rate=55.45% (173/312)
    Predictor WindowRecall Rate=50.77% (232/457)
    Predictor WindowPrecision Rate=74.36% (232/312)
    Loads Per Step: 0Loads=18, 1Load=41, >1Load=20
    Bandwidth: StallLoads=89, PrefetchLoads=28, AvgLoadTime=3.61ms
    PrefetchOverlap: HiddenReady=21, HiddenWait=0, TicksSkipped=0
    MissCause: NotPresent=89, NotReadyStall=0
    PrefetchEff: Dropped=0, AlreadyCached=292, UsedBeforeEvict=21, EvictedBeforeUse=6
    Predictor TopK matches: 0=7 1=32 >=2=0
Layer 27 Cache Stats: Hits=562, Misses=70, HitRate=88.92%
    Predictor Routed-Expert HitRate=76.92% (30/39, routed_n=1, horizon=2)
    Predictor RoutedForcedN HitRate=76.92% (30/39)
    Predictor RoutedTopK HitRate=55.77% (174/312)
    Predicted RequestedByRouterForcedN Rate=9.62% (30/312)
    Predicted RequestedByRouterTopK Rate=55.77% (174/312)
    Predictor WindowRecall Rate=52.19% (238/456)
    Predictor WindowPrecision Rate=76.28% (238/312)
    Loads Per Step: 0Loads=35, 1Load=27, >1Load=17
    Bandwidth: StallLoads=70, PrefetchLoads=19, AvgLoadTime=3.71ms
    PrefetchOverlap: HiddenReady=16, HiddenWait=0, TicksSkipped=0
    MissCause: NotPresent=70, NotReadyStall=0
    PrefetchEff: Dropped=0, AlreadyCached=301, UsedBeforeEvict=16, EvictedBeforeUse=2
    Predictor TopK matches: 0=9 1=30 >=2=0
Layer 28 Cache Stats: Hits=548, Misses=84, HitRate=86.71%
    Predictor Routed-Expert HitRate=76.92% (30/39, routed_n=1, horizon=2)
    Predictor RoutedForcedN HitRate=76.92% (30/39)
    Predictor RoutedTopK HitRate=56.41% (176/312)
    Predicted RequestedByRouterForcedN Rate=9.62% (30/312)
    Predicted RequestedByRouterTopK Rate=56.41% (176/312)
    Predictor WindowRecall Rate=51.73% (239/462)
    Predictor WindowPrecision Rate=76.60% (239/312)
    Loads Per Step: 0Loads=23, 1Load=35, >1Load=21
    Bandwidth: StallLoads=84, PrefetchLoads=36, AvgLoadTime=3.51ms
    PrefetchOverlap: HiddenReady=28, HiddenWait=0, TicksSkipped=0
    MissCause: NotPresent=84, NotReadyStall=0
    PrefetchEff: Dropped=0, AlreadyCached=284, UsedBeforeEvict=28, EvictedBeforeUse=5
    Predictor TopK matches: 0=9 1=30 >=2=0
Layer 29 Cache Stats: Hits=536, Misses=96, HitRate=84.81%
    Predictor Routed-Expert HitRate=66.67% (26/39, routed_n=1, horizon=2)
    Predictor RoutedForcedN HitRate=66.67% (26/39)
    Predictor RoutedTopK HitRate=53.53% (167/312)
    Predicted RequestedByRouterForcedN Rate=8.33% (26/312)
    Predicted RequestedByRouterTopK Rate=53.53% (167/312)
    Predictor WindowRecall Rate=48.51% (228/470)
    Predictor WindowPrecision Rate=73.08% (228/312)
    Loads Per Step: 0Loads=19, 1Load=33, >1Load=27
    Bandwidth: StallLoads=96, PrefetchLoads=38, AvgLoadTime=3.30ms
    PrefetchOverlap: HiddenReady=25, HiddenWait=0, TicksSkipped=0
    MissCause: NotPresent=96, NotReadyStall=0
    PrefetchEff: Dropped=0, AlreadyCached=282, UsedBeforeEvict=25, EvictedBeforeUse=12
    Predictor TopK matches: 0=13 1=26 >=2=0
Layer 30 Cache Stats: Hits=605, Misses=27, HitRate=95.73%
    Predictor Routed-Expert HitRate=92.31% (36/39, routed_n=1, horizon=2)
    Predictor RoutedForcedN HitRate=92.31% (36/39)
    Predictor RoutedTopK HitRate=64.42% (201/312)
    Predicted RequestedByRouterForcedN Rate=11.54% (36/312)
    Predicted RequestedByRouterTopK Rate=64.42% (201/312)
    Predictor WindowRecall Rate=57.31% (251/438)
    Predictor WindowPrecision Rate=80.45% (251/312)
    Loads Per Step: 0Loads=55, 1Load=21, >1Load=3
    Bandwidth: StallLoads=27, PrefetchLoads=4, AvgLoadTime=3.89ms
    PrefetchOverlap: HiddenReady=4, HiddenWait=0, TicksSkipped=0
    MissCause: NotPresent=27, NotReadyStall=0
    PrefetchEff: Dropped=0, AlreadyCached=316, UsedBeforeEvict=4, EvictedBeforeUse=0
    Predictor TopK matches: 0=3 1=36 >=2=0
Layer 31 Cache Stats: Hits=602, Misses=30, HitRate=95.25%
    Predictor Routed-Expert HitRate=89.74% (35/39, routed_n=1, horizon=2)
    Predictor RoutedForcedN HitRate=89.74% (35/39)
    Predictor RoutedTopK HitRate=66.67% (208/312)
    Predicted RequestedByRouterForcedN Rate=11.22% (35/312)
    Predicted RequestedByRouterTopK Rate=66.67% (208/312)
    Predictor WindowRecall Rate=60.29% (249/413)
    Predictor WindowPrecision Rate=79.81% (249/312)
    Loads Per Step: 0Loads=58, 1Load=17, >1Load=4
    Bandwidth: StallLoads=30, PrefetchLoads=8, AvgLoadTime=3.73ms
    PrefetchOverlap: HiddenReady=5, HiddenWait=0, TicksSkipped=0
    MissCause: NotPresent=30, NotReadyStall=0
    PrefetchEff: Dropped=0, AlreadyCached=312, UsedBeforeEvict=5, EvictedBeforeUse=3
    Predictor TopK matches: 0=4 1=35 >=2=0
Layer 32 Cache Stats: Hits=549, Misses=83, HitRate=86.87%
    Predictor Routed-Expert HitRate=74.36% (29/39, routed_n=1, horizon=2)
    Predictor RoutedForcedN HitRate=74.36% (29/39)
    Predictor RoutedTopK HitRate=56.09% (175/312)
    Predicted RequestedByRouterForcedN Rate=9.29% (29/312)
    Predicted RequestedByRouterTopK Rate=56.09% (175/312)
    Predictor WindowRecall Rate=51.09% (235/460)
    Predictor WindowPrecision Rate=75.32% (235/312)
    Loads Per Step: 0Loads=32, 1Load=23, >1Load=24
    Bandwidth: StallLoads=83, PrefetchLoads=22, AvgLoadTime=3.29ms
    PrefetchOverlap: HiddenReady=19, HiddenWait=0, TicksSkipped=0
    MissCause: NotPresent=83, NotReadyStall=0
    PrefetchEff: Dropped=0, AlreadyCached=298, UsedBeforeEvict=19, EvictedBeforeUse=3
    Predictor TopK matches: 0=10 1=29 >=2=0
Layer 33 Cache Stats: Hits=554, Misses=78, HitRate=87.66%
    Predictor Routed-Expert HitRate=71.79% (28/39, routed_n=1, horizon=2)
    Predictor RoutedForcedN HitRate=71.79% (28/39)
    Predictor RoutedTopK HitRate=62.50% (195/312)
    Predicted RequestedByRouterForcedN Rate=8.97% (28/312)
    Predicted RequestedByRouterTopK Rate=62.50% (195/312)
    Predictor WindowRecall Rate=56.82% (254/447)
    Predictor WindowPrecision Rate=81.41% (254/312)
    Loads Per Step: 0Loads=28, 1Load=35, >1Load=16
    Bandwidth: StallLoads=78, PrefetchLoads=26, AvgLoadTime=3.36ms
    PrefetchOverlap: HiddenReady=23, HiddenWait=0, TicksSkipped=0
    MissCause: NotPresent=78, NotReadyStall=0
    PrefetchEff: Dropped=0, AlreadyCached=294, UsedBeforeEvict=23, EvictedBeforeUse=3
    Predictor TopK matches: 0=11 1=28 >=2=0
Layer 34 Cache Stats: Hits=537, Misses=95, HitRate=84.97%
    Predictor Routed-Expert HitRate=66.67% (26/39, routed_n=1, horizon=2)
    Predictor RoutedForcedN HitRate=66.67% (26/39)
    Predictor RoutedTopK HitRate=57.69% (180/312)
    Predicted RequestedByRouterForcedN Rate=8.33% (26/312)
    Predicted RequestedByRouterTopK Rate=57.69% (180/312)
    Predictor WindowRecall Rate=53.95% (246/456)
    Predictor WindowPrecision Rate=78.85% (246/312)
    Loads Per Step: 0Loads=26, 1Load=30, >1Load=23
    Bandwidth: StallLoads=95, PrefetchLoads=40, AvgLoadTime=3.29ms
    PrefetchOverlap: HiddenReady=32, HiddenWait=0, TicksSkipped=0
    MissCause: NotPresent=95, NotReadyStall=0
    PrefetchEff: Dropped=0, AlreadyCached=280, UsedBeforeEvict=32, EvictedBeforeUse=6
    Predictor TopK matches: 0=13 1=26 >=2=0
Layer 35 Cache Stats: Hits=513, Misses=119, HitRate=81.17%
    Predictor Routed-Expert HitRate=76.92% (30/39, routed_n=1, horizon=2)
    Predictor RoutedForcedN HitRate=76.92% (30/39)
    Predictor RoutedTopK HitRate=53.21% (166/312)
    Predicted RequestedByRouterForcedN Rate=9.62% (30/312)
    Predicted RequestedByRouterTopK Rate=53.21% (166/312)
    Predictor WindowRecall Rate=51.24% (247/482)
    Predictor WindowPrecision Rate=79.17% (247/312)
    Loads Per Step: 0Loads=23, 1Load=20, >1Load=36
    Bandwidth: StallLoads=119, PrefetchLoads=62, AvgLoadTime=2.89ms
    PrefetchOverlap: HiddenReady=51, HiddenWait=0, TicksSkipped=0
    MissCause: NotPresent=119, NotReadyStall=0
    PrefetchEff: Dropped=0, AlreadyCached=258, UsedBeforeEvict=51, EvictedBeforeUse=8
    Predictor TopK matches: 0=9 1=30 >=2=0
Layer 36 Cache Stats: Hits=537, Misses=95, HitRate=84.97%
    Predictor Routed-Expert HitRate=89.74% (35/39, routed_n=1, horizon=2)
    Predictor RoutedForcedN HitRate=89.74% (35/39)
    Predictor RoutedTopK HitRate=58.97% (184/312)
    Predicted RequestedByRouterForcedN Rate=11.22% (35/312)
    Predicted RequestedByRouterTopK Rate=58.97% (184/312)
    Predictor WindowRecall Rate=53.22% (248/466)
    Predictor WindowPrecision Rate=79.49% (248/312)
    Loads Per Step: 0Loads=25, 1Load=30, >1Load=24
    Bandwidth: StallLoads=95, PrefetchLoads=32, AvgLoadTime=3.58ms
    PrefetchOverlap: HiddenReady=23, HiddenWait=0, TicksSkipped=0
    MissCause: NotPresent=95, NotReadyStall=0
    PrefetchEff: Dropped=0, AlreadyCached=288, UsedBeforeEvict=23, EvictedBeforeUse=8
    Predictor TopK matches: 0=4 1=35 >=2=0
Layer 37 Cache Stats: Hits=524, Misses=108, HitRate=82.91%
    Predictor Routed-Expert HitRate=71.79% (28/39, routed_n=1, horizon=2)
    Predictor RoutedForcedN HitRate=71.79% (28/39)
    Predictor RoutedTopK HitRate=57.05% (178/312)
    Predicted RequestedByRouterForcedN Rate=8.97% (28/312)
    Predicted RequestedByRouterTopK Rate=57.05% (178/312)
    Predictor WindowRecall Rate=51.55% (250/485)
    Predictor WindowPrecision Rate=80.13% (250/312)
    Loads Per Step: 0Loads=15, 1Load=37, >1Load=27
    Bandwidth: StallLoads=108, PrefetchLoads=69, AvgLoadTime=3.24ms
    PrefetchOverlap: HiddenReady=59, HiddenWait=0, TicksSkipped=0
    MissCause: NotPresent=108, NotReadyStall=0
    PrefetchEff: Dropped=0, AlreadyCached=251, UsedBeforeEvict=59, EvictedBeforeUse=8
    Predictor TopK matches: 0=11 1=28 >=2=0
Layer 38 Cache Stats: Hits=547, Misses=85, HitRate=86.55%
    Predictor Routed-Expert HitRate=87.18% (34/39, routed_n=1, horizon=2)
    Predictor RoutedForcedN HitRate=87.18% (34/39)
    Predictor RoutedTopK HitRate=57.05% (178/312)
    Predicted RequestedByRouterForcedN Rate=10.90% (34/312)
    Predicted RequestedByRouterTopK Rate=57.05% (178/312)
    Predictor WindowRecall Rate=53.58% (247/461)
    Predictor WindowPrecision Rate=79.17% (247/312)
    Loads Per Step: 0Loads=24, 1Load=35, >1Load=20
    Bandwidth: StallLoads=85, PrefetchLoads=34, AvgLoadTime=3.72ms
    PrefetchOverlap: HiddenReady=28, HiddenWait=0, TicksSkipped=0
    MissCause: NotPresent=85, NotReadyStall=0
    PrefetchEff: Dropped=0, AlreadyCached=286, UsedBeforeEvict=28, EvictedBeforeUse=6
    Predictor TopK matches: 0=5 1=34 >=2=0
Layer 39 Cache Stats: Hits=543, Misses=89, HitRate=85.92%
    Predictor Routed-Expert HitRate=71.79% (28/39, routed_n=1, horizon=2)
    Predictor RoutedForcedN HitRate=71.79% (28/39)
    Predictor RoutedTopK HitRate=51.28% (160/312)
    Predicted RequestedByRouterForcedN Rate=8.97% (28/312)
    Predicted RequestedByRouterTopK Rate=51.28% (160/312)
    Predictor WindowRecall Rate=50.21% (238/474)
    Predictor WindowPrecision Rate=76.28% (238/312)
    Loads Per Step: 0Loads=22, 1Load=37, >1Load=20
    Bandwidth: StallLoads=89, PrefetchLoads=29, AvgLoadTime=3.98ms
    PrefetchOverlap: HiddenReady=25, HiddenWait=0, TicksSkipped=0
    MissCause: NotPresent=89, NotReadyStall=0
    PrefetchEff: Dropped=0, AlreadyCached=291, UsedBeforeEvict=25, EvictedBeforeUse=3
    Predictor TopK matches: 0=11 1=28 >=2=0
Layer 40 Cache Stats: Hits=546, Misses=86, HitRate=86.39%
    Predictor Routed-Expert HitRate=61.54% (24/39, routed_n=1, horizon=2)
    Predictor RoutedForcedN HitRate=61.54% (24/39)
    Predictor RoutedTopK HitRate=49.36% (154/312)
    Predicted RequestedByRouterForcedN Rate=7.69% (24/312)
    Predicted RequestedByRouterTopK Rate=49.36% (154/312)
    Predictor WindowRecall Rate=48.85% (233/477)
    Predictor WindowPrecision Rate=74.68% (233/312)
    Loads Per Step: 0Loads=29, 1Load=28, >1Load=22
    Bandwidth: StallLoads=86, PrefetchLoads=63, AvgLoadTime=3.60ms
    PrefetchOverlap: HiddenReady=44, HiddenWait=0, TicksSkipped=0
    MissCause: NotPresent=86, NotReadyStall=0
    PrefetchEff: Dropped=0, AlreadyCached=257, UsedBeforeEvict=44, EvictedBeforeUse=17
    Predictor TopK matches: 0=15 1=24 >=2=0
Layer 41 Cache Stats: Hits=521, Misses=111, HitRate=82.44%
    Predictor Routed-Expert HitRate=61.54% (24/39, routed_n=1, horizon=2)
    Predictor RoutedForcedN HitRate=61.54% (24/39)
    Predictor RoutedTopK HitRate=49.36% (154/312)
    Predicted RequestedByRouterForcedN Rate=7.69% (24/312)
    Predicted RequestedByRouterTopK Rate=49.36% (154/312)
    Predictor WindowRecall Rate=48.70% (244/501)
    Predictor WindowPrecision Rate=78.21% (244/312)
    Loads Per Step: 0Loads=18, 1Load=33, >1Load=28
    Bandwidth: StallLoads=111, PrefetchLoads=85, AvgLoadTime=3.39ms
    PrefetchOverlap: HiddenReady=70, HiddenWait=0, TicksSkipped=0
    MissCause: NotPresent=111, NotReadyStall=0
    PrefetchEff: Dropped=0, AlreadyCached=235, UsedBeforeEvict=70, EvictedBeforeUse=15
    Predictor TopK matches: 0=15 1=24 >=2=0
Layer 42 Cache Stats: Hits=534, Misses=98, HitRate=84.49%
    Predictor Routed-Expert HitRate=64.10% (25/39, routed_n=1, horizon=2)
    Predictor RoutedForcedN HitRate=64.10% (25/39)
    Predictor RoutedTopK HitRate=46.79% (146/312)
    Predicted RequestedByRouterForcedN Rate=8.01% (25/312)
    Predicted RequestedByRouterTopK Rate=46.79% (146/312)
    Predictor WindowRecall Rate=47.05% (239/508)
    Predictor WindowPrecision Rate=76.60% (239/312)
    Loads Per Step: 0Loads=22, 1Load=32, >1Load=25
    Bandwidth: StallLoads=98, PrefetchLoads=70, AvgLoadTime=3.73ms
    PrefetchOverlap: HiddenReady=50, HiddenWait=0, TicksSkipped=0
    MissCause: NotPresent=98, NotReadyStall=0
    PrefetchEff: Dropped=0, AlreadyCached=250, UsedBeforeEvict=50, EvictedBeforeUse=18
    Predictor TopK matches: 0=14 1=25 >=2=0
Layer 43 Cache Stats: Hits=531, Misses=101, HitRate=84.02%
    Predictor Routed-Expert HitRate=66.67% (26/39, routed_n=1, horizon=2)
    Predictor RoutedForcedN HitRate=66.67% (26/39)
    Predictor RoutedTopK HitRate=54.49% (170/312)
    Predicted RequestedByRouterForcedN Rate=8.33% (26/312)
    Predicted RequestedByRouterTopK Rate=54.49% (170/312)
    Predictor WindowRecall Rate=51.80% (245/473)
    Predictor WindowPrecision Rate=78.53% (245/312)
    Loads Per Step: 0Loads=26, 1Load=25, >1Load=28
    Bandwidth: StallLoads=101, PrefetchLoads=42, AvgLoadTime=3.84ms
    PrefetchOverlap: HiddenReady=31, HiddenWait=0, TicksSkipped=0
    MissCause: NotPresent=101, NotReadyStall=0
    PrefetchEff: Dropped=0, AlreadyCached=278, UsedBeforeEvict=31, EvictedBeforeUse=11
    Predictor TopK matches: 0=13 1=26 >=2=0
Layer 44 Cache Stats: Hits=534, Misses=98, HitRate=84.49%
    Predictor Routed-Expert HitRate=94.87% (37/39, routed_n=1, horizon=2)
    Predictor RoutedForcedN HitRate=94.87% (37/39)
    Predictor RoutedTopK HitRate=55.13% (172/312)
    Predicted RequestedByRouterForcedN Rate=11.86% (37/312)
    Predicted RequestedByRouterTopK Rate=55.13% (172/312)
    Predictor WindowRecall Rate=51.05% (242/474)
    Predictor WindowPrecision Rate=77.56% (242/312)
    Loads Per Step: 0Loads=27, 1Load=24, >1Load=28
    Bandwidth: StallLoads=98, PrefetchLoads=40, AvgLoadTime=3.59ms
    PrefetchOverlap: HiddenReady=35, HiddenWait=0, TicksSkipped=0
    MissCause: NotPresent=98, NotReadyStall=0
    PrefetchEff: Dropped=0, AlreadyCached=280, UsedBeforeEvict=35, EvictedBeforeUse=5
    Predictor TopK matches: 0=2 1=37 >=2=0
Layer 45 Cache Stats: Hits=550, Misses=82, HitRate=87.03%
    Predictor Routed-Expert HitRate=76.92% (30/39, routed_n=1, horizon=2)
    Predictor RoutedForcedN HitRate=76.92% (30/39)
    Predictor RoutedTopK HitRate=55.13% (172/312)
    Predicted RequestedByRouterForcedN Rate=9.62% (30/312)
    Predicted RequestedByRouterTopK Rate=55.13% (172/312)
    Predictor WindowRecall Rate=50.53% (240/475)
    Predictor WindowPrecision Rate=76.92% (240/312)
    Loads Per Step: 0Loads=31, 1Load=24, >1Load=24
    Bandwidth: StallLoads=82, PrefetchLoads=45, AvgLoadTime=3.65ms
    PrefetchOverlap: HiddenReady=35, HiddenWait=0, TicksSkipped=0
    MissCause: NotPresent=82, NotReadyStall=0
    PrefetchEff: Dropped=0, AlreadyCached=275, UsedBeforeEvict=35, EvictedBeforeUse=9
    Predictor TopK matches: 0=9 1=30 >=2=0
Layer 46 Cache Stats: Hits=541, Misses=91, HitRate=85.60%
    Predictor Routed-Expert HitRate=53.85% (21/39, routed_n=1, horizon=2)
    Predictor RoutedForcedN HitRate=53.85% (21/39)
    Predictor RoutedTopK HitRate=47.76% (149/312)
    Predicted RequestedByRouterForcedN Rate=6.73% (21/312)
    Predicted RequestedByRouterTopK Rate=47.76% (149/312)
    Predictor WindowRecall Rate=46.60% (226/485)
    Predictor WindowPrecision Rate=72.44% (226/312)
    Loads Per Step: 0Loads=27, 1Load=29, >1Load=23
    Bandwidth: StallLoads=91, PrefetchLoads=52, AvgLoadTime=3.87ms
    PrefetchOverlap: HiddenReady=39, HiddenWait=0, TicksSkipped=0
    MissCause: NotPresent=91, NotReadyStall=0
    PrefetchEff: Dropped=0, AlreadyCached=268, UsedBeforeEvict=39, EvictedBeforeUse=12
    Predictor TopK matches: 0=18 1=21 >=2=0
Layer 47 Cache Stats: Hits=506, Misses=126, HitRate=80.06%
    Predictor Routed-Expert HitRate=61.54% (24/39, routed_n=1, horizon=2)
    Predictor RoutedForcedN HitRate=61.54% (24/39)
    Predictor RoutedTopK HitRate=51.60% (161/312)
    Predicted RequestedByRouterForcedN Rate=7.69% (24/312)
    Predicted RequestedByRouterTopK Rate=51.60% (161/312)
    Predictor WindowRecall Rate=50.10% (257/513)
    Predictor WindowPrecision Rate=82.37% (257/312)
    Loads Per Step: 0Loads=19, 1Load=32, >1Load=28
    Bandwidth: StallLoads=126, PrefetchLoads=94, AvgLoadTime=3.31ms
    PrefetchOverlap: HiddenReady=83, HiddenWait=0, TicksSkipped=0
    MissCause: NotPresent=126, NotReadyStall=0
    PrefetchEff: Dropped=0, AlreadyCached=226, UsedBeforeEvict=83, EvictedBeforeUse=11
    Predictor TopK matches: 0=15 1=24 >=2=0
============================================================
[TorchScriptPredictor Layer 0] Shutdown complete
[TorchScriptPredictor Layer 1] Shutdown complete
[TorchScriptPredictor Layer 2] Shutdown complete
[TorchScriptPredictor Layer 3] Shutdown complete
[TorchScriptPredictor Layer 4] Shutdown complete
[TorchScriptPredictor Layer 5] Shutdown complete
[TorchScriptPredictor Layer 6] Shutdown complete
[TorchScriptPredictor Layer 7] Shutdown complete
[TorchScriptPredictor Layer 8] Shutdown complete
[TorchScriptPredictor Layer 9] Shutdown complete
[TorchScriptPredictor Layer 10] Shutdown complete
[TorchScriptPredictor Layer 11] Shutdown complete
[TorchScriptPredictor Layer 12] Shutdown complete
[TorchScriptPredictor Layer 13] Shutdown complete
[TorchScriptPredictor Layer 14] Shutdown complete
[TorchScriptPredictor Layer 15] Shutdown complete
[TorchScriptPredictor Layer 16] Shutdown complete
[TorchScriptPredictor Layer 17] Shutdown complete
[TorchScriptPredictor Layer 18] Shutdown complete
[TorchScriptPredictor Layer 19] Shutdown complete
[TorchScriptPredictor Layer 20] Shutdown complete
[TorchScriptPredictor Layer 21] Shutdown complete
[TorchScriptPredictor Layer 22] Shutdown complete
[TorchScriptPredictor Layer 23] Shutdown complete
[TorchScriptPredictor Layer 24] Shutdown complete
[TorchScriptPredictor Layer 25] Shutdown complete
[TorchScriptPredictor Layer 26] Shutdown complete
[TorchScriptPredictor Layer 27] Shutdown complete
[TorchScriptPredictor Layer 28] Shutdown complete
[TorchScriptPredictor Layer 29] Shutdown complete
[TorchScriptPredictor Layer 30] Shutdown complete
[TorchScriptPredictor Layer 31] Shutdown complete
[TorchScriptPredictor Layer 32] Shutdown complete
[TorchScriptPredictor Layer 33] Shutdown complete
[TorchScriptPredictor Layer 34] Shutdown complete
[TorchScriptPredictor Layer 35] Shutdown complete
[TorchScriptPredictor Layer 36] Shutdown complete
[TorchScriptPredictor Layer 37] Shutdown complete
[TorchScriptPredictor Layer 38] Shutdown complete
[TorchScriptPredictor Layer 39] Shutdown complete
[TorchScriptPredictor Layer 40] Shutdown complete
[TorchScriptPredictor Layer 41] Shutdown complete
[TorchScriptPredictor Layer 42] Shutdown complete
[TorchScriptPredictor Layer 43] Shutdown complete
[TorchScriptPredictor Layer 44] Shutdown complete
[TorchScriptPredictor Layer 45] Shutdown complete
[TorchScriptPredictor Layer 46] Shutdown complete
[TorchScriptPredictor Layer 47] Shutdown complete
============================================================
Initializing Qwen3 30B-A3B AWQ w4a16 quantized model...
============================================================
Loading quantized weights from QuixiAI/Qwen3-30B-A3B-AWQ...
Using saved safetensors: /home/michael/heteroPredict/py/unified_llm_w4a16/model_weights/Qwen3-30B-A3B-AWQ.safetensors
Expert weights dir: /home/michael/heteroPredict/py/unified_llm_w4a16/model_weights/Qwen3-30B-A3B-AWQ_packed  (format: packed)
Using existing attention weights in /home/michael/heteroPredict/py/unified_llm_w4a16/model_weights/Qwen3-30B-A3B-AWQ_unpacked
Weights loaded (expert dir override) in 0.29 seconds
Pre-warming expert cache with 32 experts...
Model initialized successfully!
Set expert cache policy to LFRU.

Running sweep using prompts from JSON: /tmp/tmp1o66khrh.json
Loaded 1 prompts for sweeping.

Processing Prompt 1/1...

============================================================
Generated text only:
============================================================
 townspeople ) . In the 18th century , the Japanese poet and scholar of the Dutch studies ( rangaku ) , Arai Hakuseki ( 1657 – 1725 ) , who was also a Confucian scholar , wrote a commentary on Du Fu 's poetry in the style of Chinese classical prose . In the 19th century , the
============================================================

============================================================
Sweep Complete.
Average Time per Token: 0.481719
End-to-End TPS: 2.0759
Cache Stats: Hits=25960, Misses=4376, HitRate=85.57%
Predictor Stats: Hits=1366, Total=1872, HitRate=72.97%
Initializing UnifiedLLMW4A16Impl_base
Using NPU config struct.
Configuring NPU (Base):
  Heterogeneity: gpu
  GPU Count: 1
  Debug Verbosity: 1
  Dummy Weights: false
  Warmup: false
  Preload MoE: true
  Minimal PDI: true
[GPU SELECT] Free VRAM ranking: gpu0=28.00/28.00 GiB
[GPU SELECT] Selected GPUs for gpu-count=1: [0]
[GPU MAP] Single-GPU placement on gpu0
[Predictor] Layer 0 model path resolved to: /home/michael/heteroPredict/trainingData/qwen3_30b/transformer_final_pfill_markov_emb/transformer_eh4_h64_f2/layer_0/best_jit.pt
[Predictor] Running on device: CPU (NPU path) (heterogeneity="gpu", predictor_device="cpu")
[ThreadedTorchScriptPredictor Layer 0] Detected history_length=4 from /home/michael/heteroPredict/trainingData/qwen3_30b/transformer_final_pfill_markov_emb/transformer_eh4_h64_f2/layer_0/best.json
[TorchScriptPredictor Layer 0] Loading model on CPU
[TorchScriptPredictor Layer 0] Assuming prefill_dist, prev_expert_onehot, and prev_layers_feat support (v3 API).
[TorchScriptPredictor Layer 0] prefill_dist support: yes, prev_expert_onehot support: yes, prev_layers_feat support: yes
[TorchScriptPredictor Layer 0] Loaded model: /home/michael/heteroPredict/trainingData/qwen3_30b/transformer_final_pfill_markov_emb/transformer_eh4_h64_f2/layer_0/best_jit.pt
[ThreadedTorchScriptPredictor Layer 1] Detected history_length=4 from /home/michael/heteroPredict/trainingData/qwen3_30b/transformer_final_pfill_markov_emb/transformer_eh4_h64_f2/layer_1/best.json
[TorchScriptPredictor Layer 1] Loading model on CPU
[TorchScriptPredictor Layer 1] Assuming prefill_dist, prev_expert_onehot, and prev_layers_feat support (v3 API).
[TorchScriptPredictor Layer 1] prefill_dist support: yes, prev_expert_onehot support: yes, prev_layers_feat support: yes
[TorchScriptPredictor Layer 1] Loaded model: /home/michael/heteroPredict/trainingData/qwen3_30b/transformer_final_pfill_markov_emb/transformer_eh4_h64_f2/layer_1/best_jit.pt
[ThreadedTorchScriptPredictor Layer 2] Detected history_length=4 from /home/michael/heteroPredict/trainingData/qwen3_30b/transformer_final_pfill_markov_emb/transformer_eh4_h64_f2/layer_2/best.json
[TorchScriptPredictor Layer 2] Loading model on CPU
[TorchScriptPredictor Layer 2] Assuming prefill_dist, prev_expert_onehot, and prev_layers_feat support (v3 API).
[TorchScriptPredictor Layer 2] prefill_dist support: yes, prev_expert_onehot support: yes, prev_layers_feat support: yes
[TorchScriptPredictor Layer 2] Loaded model: /home/michael/heteroPredict/trainingData/qwen3_30b/transformer_final_pfill_markov_emb/transformer_eh4_h64_f2/layer_2/best_jit.pt
[ThreadedTorchScriptPredictor Layer 3] Detected history_length=4 from /home/michael/heteroPredict/trainingData/qwen3_30b/transformer_final_pfill_markov_emb/transformer_eh4_h64_f2/layer_3/best.json
[TorchScriptPredictor Layer 3] Loading model on CPU
[TorchScriptPredictor Layer 3] Assuming prefill_dist, prev_expert_onehot, and prev_layers_feat support (v3 API).
[TorchScriptPredictor Layer 3] prefill_dist support: yes, prev_expert_onehot support: yes, prev_layers_feat support: yes
[TorchScriptPredictor Layer 3] Loaded model: /home/michael/heteroPredict/trainingData/qwen3_30b/transformer_final_pfill_markov_emb/transformer_eh4_h64_f2/layer_3/best_jit.pt
[ThreadedTorchScriptPredictor Layer 4] Detected history_length=4 from /home/michael/heteroPredict/trainingData/qwen3_30b/transformer_final_pfill_markov_emb/transformer_eh4_h64_f2/layer_4/best.json
[TorchScriptPredictor Layer 4] Loading model on CPU
[TorchScriptPredictor Layer 4] Assuming prefill_dist, prev_expert_onehot, and prev_layers_feat support (v3 API).
[TorchScriptPredictor Layer 4] prefill_dist support: yes, prev_expert_onehot support: yes, prev_layers_feat support: yes
[TorchScriptPredictor Layer 4] Loaded model: /home/michael/heteroPredict/trainingData/qwen3_30b/transformer_final_pfill_markov_emb/transformer_eh4_h64_f2/layer_4/best_jit.pt
[ThreadedTorchScriptPredictor Layer 5] Detected history_length=4 from /home/michael/heteroPredict/trainingData/qwen3_30b/transformer_final_pfill_markov_emb/transformer_eh4_h64_f2/layer_5/best.json
[TorchScriptPredictor Layer 5] Loading model on CPU
[TorchScriptPredictor Layer 5] Assuming prefill_dist, prev_expert_onehot, and prev_layers_feat support (v3 API).
[TorchScriptPredictor Layer 5] prefill_dist support: yes, prev_expert_onehot support: yes, prev_layers_feat support: yes
[TorchScriptPredictor Layer 5] Loaded model: /home/michael/heteroPredict/trainingData/qwen3_30b/transformer_final_pfill_markov_emb/transformer_eh4_h64_f2/layer_5/best_jit.pt
[ThreadedTorchScriptPredictor Layer 6] Detected history_length=4 from /home/michael/heteroPredict/trainingData/qwen3_30b/transformer_final_pfill_markov_emb/transformer_eh4_h64_f2/layer_6/best.json
[TorchScriptPredictor Layer 6] Loading model on CPU
[TorchScriptPredictor Layer 6] Assuming prefill_dist, prev_expert_onehot, and prev_layers_feat support (v3 API).
[TorchScriptPredictor Layer 6] prefill_dist support: yes, prev_expert_onehot support: yes, prev_layers_feat support: yes
[TorchScriptPredictor Layer 6] Loaded model: /home/michael/heteroPredict/trainingData/qwen3_30b/transformer_final_pfill_markov_emb/transformer_eh4_h64_f2/layer_6/best_jit.pt
[ThreadedTorchScriptPredictor Layer 7] Detected history_length=4 from /home/michael/heteroPredict/trainingData/qwen3_30b/transformer_final_pfill_markov_emb/transformer_eh4_h64_f2/layer_7/best.json
[TorchScriptPredictor Layer 7] Loading model on CPU
[TorchScriptPredictor Layer 7] Assuming prefill_dist, prev_expert_onehot, and prev_layers_feat support (v3 API).
[TorchScriptPredictor Layer 7] prefill_dist support: yes, prev_expert_onehot support: yes, prev_layers_feat support: yes
[TorchScriptPredictor Layer 7] Loaded model: /home/michael/heteroPredict/trainingData/qwen3_30b/transformer_final_pfill_markov_emb/transformer_eh4_h64_f2/layer_7/best_jit.pt
[ThreadedTorchScriptPredictor Layer 8] Detected history_length=4 from /home/michael/heteroPredict/trainingData/qwen3_30b/transformer_final_pfill_markov_emb/transformer_eh4_h64_f2/layer_8/best.json
[TorchScriptPredictor Layer 8] Loading model on CPU
[TorchScriptPredictor Layer 8] Assuming prefill_dist, prev_expert_onehot, and prev_layers_feat support (v3 API).
[TorchScriptPredictor Layer 8] prefill_dist support: yes, prev_expert_onehot support: yes, prev_layers_feat support: yes
[TorchScriptPredictor Layer 8] Loaded model: /home/michael/heteroPredict/trainingData/qwen3_30b/transformer_final_pfill_markov_emb/transformer_eh4_h64_f2/layer_8/best_jit.pt
[ThreadedTorchScriptPredictor Layer 9] Detected history_length=4 from /home/michael/heteroPredict/trainingData/qwen3_30b/transformer_final_pfill_markov_emb/transformer_eh4_h64_f2/layer_9/best.json
[TorchScriptPredictor Layer 9] Loading model on CPU
[TorchScriptPredictor Layer 9] Assuming prefill_dist, prev_expert_onehot, and prev_layers_feat support (v3 API).
[TorchScriptPredictor Layer 9] prefill_dist support: yes, prev_expert_onehot support: yes, prev_layers_feat support: yes
[TorchScriptPredictor Layer 9] Loaded model: /home/michael/heteroPredict/trainingData/qwen3_30b/transformer_final_pfill_markov_emb/transformer_eh4_h64_f2/layer_9/best_jit.pt
[ThreadedTorchScriptPredictor Layer 10] Detected history_length=4 from /home/michael/heteroPredict/trainingData/qwen3_30b/transformer_final_pfill_markov_emb/transformer_eh4_h64_f2/layer_10/best.json
[TorchScriptPredictor Layer 10] Loading model on CPU
[TorchScriptPredictor Layer 10] Assuming prefill_dist, prev_expert_onehot, and prev_layers_feat support (v3 API).
[TorchScriptPredictor Layer 10] prefill_dist support: yes, prev_expert_onehot support: yes, prev_layers_feat support: yes
[TorchScriptPredictor Layer 10] Loaded model: /home/michael/heteroPredict/trainingData/qwen3_30b/transformer_final_pfill_markov_emb/transformer_eh4_h64_f2/layer_10/best_jit.pt
[ThreadedTorchScriptPredictor Layer 11] Detected history_length=4 from /home/michael/heteroPredict/trainingData/qwen3_30b/transformer_final_pfill_markov_emb/transformer_eh4_h64_f2/layer_11/best.json
[TorchScriptPredictor Layer 11] Loading model on CPU
[TorchScriptPredictor Layer 11] Assuming prefill_dist, prev_expert_onehot, and prev_layers_feat support (v3 API).
[TorchScriptPredictor Layer 11] prefill_dist support: yes, prev_expert_onehot support: yes, prev_layers_feat support: yes
[TorchScriptPredictor Layer 11] Loaded model: /home/michael/heteroPredict/trainingData/qwen3_30b/transformer_final_pfill_markov_emb/transformer_eh4_h64_f2/layer_11/best_jit.pt
[ThreadedTorchScriptPredictor Layer 12] Detected history_length=4 from /home/michael/heteroPredict/trainingData/qwen3_30b/transformer_final_pfill_markov_emb/transformer_eh4_h64_f2/layer_12/best.json
[TorchScriptPredictor Layer 12] Loading model on CPU
[TorchScriptPredictor Layer 12] Assuming prefill_dist, prev_expert_onehot, and prev_layers_feat support (v3 API).
[TorchScriptPredictor Layer 12] prefill_dist support: yes, prev_expert_onehot support: yes, prev_layers_feat support: yes
[TorchScriptPredictor Layer 12] Loaded model: /home/michael/heteroPredict/trainingData/qwen3_30b/transformer_final_pfill_markov_emb/transformer_eh4_h64_f2/layer_12/best_jit.pt
[ThreadedTorchScriptPredictor Layer 13] Detected history_length=4 from /home/michael/heteroPredict/trainingData/qwen3_30b/transformer_final_pfill_markov_emb/transformer_eh4_h64_f2/layer_13/best.json
[TorchScriptPredictor Layer 13] Loading model on CPU
[TorchScriptPredictor Layer 13] Assuming prefill_dist, prev_expert_onehot, and prev_layers_feat support (v3 API).
[TorchScriptPredictor Layer 13] prefill_dist support: yes, prev_expert_onehot support: yes, prev_layers_feat support: yes
[TorchScriptPredictor Layer 13] Loaded model: /home/michael/heteroPredict/trainingData/qwen3_30b/transformer_final_pfill_markov_emb/transformer_eh4_h64_f2/layer_13/best_jit.pt
[ThreadedTorchScriptPredictor Layer 14] Detected history_length=4 from /home/michael/heteroPredict/trainingData/qwen3_30b/transformer_final_pfill_markov_emb/transformer_eh4_h64_f2/layer_14/best.json
[TorchScriptPredictor Layer 14] Loading model on CPU
[TorchScriptPredictor Layer 14] Assuming prefill_dist, prev_expert_onehot, and prev_layers_feat support (v3 API).
[TorchScriptPredictor Layer 14] prefill_dist support: yes, prev_expert_onehot support: yes, prev_layers_feat support: yes
[TorchScriptPredictor Layer 14] Loaded model: /home/michael/heteroPredict/trainingData/qwen3_30b/transformer_final_pfill_markov_emb/transformer_eh4_h64_f2/layer_14/best_jit.pt
[ThreadedTorchScriptPredictor Layer 15] Detected history_length=4 from /home/michael/heteroPredict/trainingData/qwen3_30b/transformer_final_pfill_markov_emb/transformer_eh4_h64_f2/layer_15/best.json
[TorchScriptPredictor Layer 15] Loading model on CPU
[TorchScriptPredictor Layer 15] Assuming prefill_dist, prev_expert_onehot, and prev_layers_feat support (v3 API).
[TorchScriptPredictor Layer 15] prefill_dist support: yes, prev_expert_onehot support: yes, prev_layers_feat support: yes
[TorchScriptPredictor Layer 15] Loaded model: /home/michael/heteroPredict/trainingData/qwen3_30b/transformer_final_pfill_markov_emb/transformer_eh4_h64_f2/layer_15/best_jit.pt
[ThreadedTorchScriptPredictor Layer 16] Detected history_length=4 from /home/michael/heteroPredict/trainingData/qwen3_30b/transformer_final_pfill_markov_emb/transformer_eh4_h64_f2/layer_16/best.json
[TorchScriptPredictor Layer 16] Loading model on CPU
[TorchScriptPredictor Layer 16] Assuming prefill_dist, prev_expert_onehot, and prev_layers_feat support (v3 API).
[TorchScriptPredictor Layer 16] prefill_dist support: yes, prev_expert_onehot support: yes, prev_layers_feat support: yes
[TorchScriptPredictor Layer 16] Loaded model: /home/michael/heteroPredict/trainingData/qwen3_30b/transformer_final_pfill_markov_emb/transformer_eh4_h64_f2/layer_16/best_jit.pt
[ThreadedTorchScriptPredictor Layer 17] Detected history_length=4 from /home/michael/heteroPredict/trainingData/qwen3_30b/transformer_final_pfill_markov_emb/transformer_eh4_h64_f2/layer_17/best.json
[TorchScriptPredictor Layer 17] Loading model on CPU
[TorchScriptPredictor Layer 17] Assuming prefill_dist, prev_expert_onehot, and prev_layers_feat support (v3 API).
[TorchScriptPredictor Layer 17] prefill_dist support: yes, prev_expert_onehot support: yes, prev_layers_feat support: yes
[TorchScriptPredictor Layer 17] Loaded model: /home/michael/heteroPredict/trainingData/qwen3_30b/transformer_final_pfill_markov_emb/transformer_eh4_h64_f2/layer_17/best_jit.pt
[ThreadedTorchScriptPredictor Layer 18] Detected history_length=4 from /home/michael/heteroPredict/trainingData/qwen3_30b/transformer_final_pfill_markov_emb/transformer_eh4_h64_f2/layer_18/best.json
[TorchScriptPredictor Layer 18] Loading model on CPU
[TorchScriptPredictor Layer 18] Assuming prefill_dist, prev_expert_onehot, and prev_layers_feat support (v3 API).
[TorchScriptPredictor Layer 18] prefill_dist support: yes, prev_expert_onehot support: yes, prev_layers_feat support: yes
[TorchScriptPredictor Layer 18] Loaded model: /home/michael/heteroPredict/trainingData/qwen3_30b/transformer_final_pfill_markov_emb/transformer_eh4_h64_f2/layer_18/best_jit.pt
[ThreadedTorchScriptPredictor Layer 19] Detected history_length=4 from /home/michael/heteroPredict/trainingData/qwen3_30b/transformer_final_pfill_markov_emb/transformer_eh4_h64_f2/layer_19/best.json
[TorchScriptPredictor Layer 19] Loading model on CPU
[TorchScriptPredictor Layer 19] Assuming prefill_dist, prev_expert_onehot, and prev_layers_feat support (v3 API).
[TorchScriptPredictor Layer 19] prefill_dist support: yes, prev_expert_onehot support: yes, prev_layers_feat support: yes
[TorchScriptPredictor Layer 19] Loaded model: /home/michael/heteroPredict/trainingData/qwen3_30b/transformer_final_pfill_markov_emb/transformer_eh4_h64_f2/layer_19/best_jit.pt
[ThreadedTorchScriptPredictor Layer 20] Detected history_length=4 from /home/michael/heteroPredict/trainingData/qwen3_30b/transformer_final_pfill_markov_emb/transformer_eh4_h64_f2/layer_20/best.json
[TorchScriptPredictor Layer 20] Loading model on CPU
[TorchScriptPredictor Layer 20] Assuming prefill_dist, prev_expert_onehot, and prev_layers_feat support (v3 API).
[TorchScriptPredictor Layer 20] prefill_dist support: yes, prev_expert_onehot support: yes, prev_layers_feat support: yes
[TorchScriptPredictor Layer 20] Loaded model: /home/michael/heteroPredict/trainingData/qwen3_30b/transformer_final_pfill_markov_emb/transformer_eh4_h64_f2/layer_20/best_jit.pt
[ThreadedTorchScriptPredictor Layer 21] Detected history_length=4 from /home/michael/heteroPredict/trainingData/qwen3_30b/transformer_final_pfill_markov_emb/transformer_eh4_h64_f2/layer_21/best.json
[TorchScriptPredictor Layer 21] Loading model on CPU
[TorchScriptPredictor Layer 21] Assuming prefill_dist, prev_expert_onehot, and prev_layers_feat support (v3 API).
[TorchScriptPredictor Layer 21] prefill_dist support: yes, prev_expert_onehot support: yes, prev_layers_feat support: yes
[TorchScriptPredictor Layer 21] Loaded model: /home/michael/heteroPredict/trainingData/qwen3_30b/transformer_final_pfill_markov_emb/transformer_eh4_h64_f2/layer_21/best_jit.pt
[ThreadedTorchScriptPredictor Layer 22] Detected history_length=4 from /home/michael/heteroPredict/trainingData/qwen3_30b/transformer_final_pfill_markov_emb/transformer_eh4_h64_f2/layer_22/best.json
[TorchScriptPredictor Layer 22] Loading model on CPU
[TorchScriptPredictor Layer 22] Assuming prefill_dist, prev_expert_onehot, and prev_layers_feat support (v3 API).
[TorchScriptPredictor Layer 22] prefill_dist support: yes, prev_expert_onehot support: yes, prev_layers_feat support: yes
[TorchScriptPredictor Layer 22] Loaded model: /home/michael/heteroPredict/trainingData/qwen3_30b/transformer_final_pfill_markov_emb/transformer_eh4_h64_f2/layer_22/best_jit.pt
[ThreadedTorchScriptPredictor Layer 23] Detected history_length=4 from /home/michael/heteroPredict/trainingData/qwen3_30b/transformer_final_pfill_markov_emb/transformer_eh4_h64_f2/layer_23/best.json
[TorchScriptPredictor Layer 23] Loading model on CPU
[TorchScriptPredictor Layer 23] Assuming prefill_dist, prev_expert_onehot, and prev_layers_feat support (v3 API).
[TorchScriptPredictor Layer 23] prefill_dist support: yes, prev_expert_onehot support: yes, prev_layers_feat support: yes
[TorchScriptPredictor Layer 23] Loaded model: /home/michael/heteroPredict/trainingData/qwen3_30b/transformer_final_pfill_markov_emb/transformer_eh4_h64_f2/layer_23/best_jit.pt
[ThreadedTorchScriptPredictor Layer 24] Detected history_length=4 from /home/michael/heteroPredict/trainingData/qwen3_30b/transformer_final_pfill_markov_emb/transformer_eh4_h64_f2/layer_24/best.json
[TorchScriptPredictor Layer 24] Loading model on CPU
[TorchScriptPredictor Layer 24] Assuming prefill_dist, prev_expert_onehot, and prev_layers_feat support (v3 API).
[TorchScriptPredictor Layer 24] prefill_dist support: yes, prev_expert_onehot support: yes, prev_layers_feat support: yes
[TorchScriptPredictor Layer 24] Loaded model: /home/michael/heteroPredict/trainingData/qwen3_30b/transformer_final_pfill_markov_emb/transformer_eh4_h64_f2/layer_24/best_jit.pt
[ThreadedTorchScriptPredictor Layer 25] Detected history_length=4 from /home/michael/heteroPredict/trainingData/qwen3_30b/transformer_final_pfill_markov_emb/transformer_eh4_h64_f2/layer_25/best.json
[TorchScriptPredictor Layer 25] Loading model on CPU
[TorchScriptPredictor Layer 25] Assuming prefill_dist, prev_expert_onehot, and prev_layers_feat support (v3 API).
[TorchScriptPredictor Layer 25] prefill_dist support: yes, prev_expert_onehot support: yes, prev_layers_feat support: yes
[TorchScriptPredictor Layer 25] Loaded model: /home/michael/heteroPredict/trainingData/qwen3_30b/transformer_final_pfill_markov_emb/transformer_eh4_h64_f2/layer_25/best_jit.pt
[ThreadedTorchScriptPredictor Layer 26] Detected history_length=4 from /home/michael/heteroPredict/trainingData/qwen3_30b/transformer_final_pfill_markov_emb/transformer_eh4_h64_f2/layer_26/best.json
[TorchScriptPredictor Layer 26] Loading model on CPU
[TorchScriptPredictor Layer 26] Assuming prefill_dist, prev_expert_onehot, and prev_layers_feat support (v3 API).
[TorchScriptPredictor Layer 26] prefill_dist support: yes, prev_expert_onehot support: yes, prev_layers_feat support: yes
[TorchScriptPredictor Layer 26] Loaded model: /home/michael/heteroPredict/trainingData/qwen3_30b/transformer_final_pfill_markov_emb/transformer_eh4_h64_f2/layer_26/best_jit.pt
[ThreadedTorchScriptPredictor Layer 27] Detected history_length=4 from /home/michael/heteroPredict/trainingData/qwen3_30b/transformer_final_pfill_markov_emb/transformer_eh4_h64_f2/layer_27/best.json
[TorchScriptPredictor Layer 27] Loading model on CPU
[TorchScriptPredictor Layer 27] Assuming prefill_dist, prev_expert_onehot, and prev_layers_feat support (v3 API).
[TorchScriptPredictor Layer 27] prefill_dist support: yes, prev_expert_onehot support: yes, prev_layers_feat support: yes
[TorchScriptPredictor Layer 27] Loaded model: /home/michael/heteroPredict/trainingData/qwen3_30b/transformer_final_pfill_markov_emb/transformer_eh4_h64_f2/layer_27/best_jit.pt
[ThreadedTorchScriptPredictor Layer 28] Detected history_length=4 from /home/michael/heteroPredict/trainingData/qwen3_30b/transformer_final_pfill_markov_emb/transformer_eh4_h64_f2/layer_28/best.json
[TorchScriptPredictor Layer 28] Loading model on CPU
[TorchScriptPredictor Layer 28] Assuming prefill_dist, prev_expert_onehot, and prev_layers_feat support (v3 API).
[TorchScriptPredictor Layer 28] prefill_dist support: yes, prev_expert_onehot support: yes, prev_layers_feat support: yes
[TorchScriptPredictor Layer 28] Loaded model: /home/michael/heteroPredict/trainingData/qwen3_30b/transformer_final_pfill_markov_emb/transformer_eh4_h64_f2/layer_28/best_jit.pt
[ThreadedTorchScriptPredictor Layer 29] Detected history_length=4 from /home/michael/heteroPredict/trainingData/qwen3_30b/transformer_final_pfill_markov_emb/transformer_eh4_h64_f2/layer_29/best.json
[TorchScriptPredictor Layer 29] Loading model on CPU
[TorchScriptPredictor Layer 29] Assuming prefill_dist, prev_expert_onehot, and prev_layers_feat support (v3 API).
[TorchScriptPredictor Layer 29] prefill_dist support: yes, prev_expert_onehot support: yes, prev_layers_feat support: yes
[TorchScriptPredictor Layer 29] Loaded model: /home/michael/heteroPredict/trainingData/qwen3_30b/transformer_final_pfill_markov_emb/transformer_eh4_h64_f2/layer_29/best_jit.pt
[ThreadedTorchScriptPredictor Layer 30] Detected history_length=4 from /home/michael/heteroPredict/trainingData/qwen3_30b/transformer_final_pfill_markov_emb/transformer_eh4_h64_f2/layer_30/best.json
[TorchScriptPredictor Layer 30] Loading model on CPU
[TorchScriptPredictor Layer 30] Assuming prefill_dist, prev_expert_onehot, and prev_layers_feat support (v3 API).
[TorchScriptPredictor Layer 30] prefill_dist support: yes, prev_expert_onehot support: yes, prev_layers_feat support: yes
[TorchScriptPredictor Layer 30] Loaded model: /home/michael/heteroPredict/trainingData/qwen3_30b/transformer_final_pfill_markov_emb/transformer_eh4_h64_f2/layer_30/best_jit.pt
[ThreadedTorchScriptPredictor Layer 31] Detected history_length=4 from /home/michael/heteroPredict/trainingData/qwen3_30b/transformer_final_pfill_markov_emb/transformer_eh4_h64_f2/layer_31/best.json
[TorchScriptPredictor Layer 31] Loading model on CPU
[TorchScriptPredictor Layer 31] Assuming prefill_dist, prev_expert_onehot, and prev_layers_feat support (v3 API).
[TorchScriptPredictor Layer 31] prefill_dist support: yes, prev_expert_onehot support: yes, prev_layers_feat support: yes
[TorchScriptPredictor Layer 31] Loaded model: /home/michael/heteroPredict/trainingData/qwen3_30b/transformer_final_pfill_markov_emb/transformer_eh4_h64_f2/layer_31/best_jit.pt
[ThreadedTorchScriptPredictor Layer 32] Detected history_length=4 from /home/michael/heteroPredict/trainingData/qwen3_30b/transformer_final_pfill_markov_emb/transformer_eh4_h64_f2/layer_32/best.json
[TorchScriptPredictor Layer 32] Loading model on CPU
[TorchScriptPredictor Layer 32] Assuming prefill_dist, prev_expert_onehot, and prev_layers_feat support (v3 API).
[TorchScriptPredictor Layer 32] prefill_dist support: yes, prev_expert_onehot support: yes, prev_layers_feat support: yes
[TorchScriptPredictor Layer 32] Loaded model: /home/michael/heteroPredict/trainingData/qwen3_30b/transformer_final_pfill_markov_emb/transformer_eh4_h64_f2/layer_32/best_jit.pt
[ThreadedTorchScriptPredictor Layer 33] Detected history_length=4 from /home/michael/heteroPredict/trainingData/qwen3_30b/transformer_final_pfill_markov_emb/transformer_eh4_h64_f2/layer_33/best.json
[TorchScriptPredictor Layer 33] Loading model on CPU
[TorchScriptPredictor Layer 33] Assuming prefill_dist, prev_expert_onehot, and prev_layers_feat support (v3 API).
[TorchScriptPredictor Layer 33] prefill_dist support: yes, prev_expert_onehot support: yes, prev_layers_feat support: yes
[TorchScriptPredictor Layer 33] Loaded model: /home/michael/heteroPredict/trainingData/qwen3_30b/transformer_final_pfill_markov_emb/transformer_eh4_h64_f2/layer_33/best_jit.pt
[ThreadedTorchScriptPredictor Layer 34] Detected history_length=4 from /home/michael/heteroPredict/trainingData/qwen3_30b/transformer_final_pfill_markov_emb/transformer_eh4_h64_f2/layer_34/best.json
[TorchScriptPredictor Layer 34] Loading model on CPU
[TorchScriptPredictor Layer 34] Assuming prefill_dist, prev_expert_onehot, and prev_layers_feat support (v3 API).
[TorchScriptPredictor Layer 34] prefill_dist support: yes, prev_expert_onehot support: yes, prev_layers_feat support: yes
[TorchScriptPredictor Layer 34] Loaded model: /home/michael/heteroPredict/trainingData/qwen3_30b/transformer_final_pfill_markov_emb/transformer_eh4_h64_f2/layer_34/best_jit.pt
[ThreadedTorchScriptPredictor Layer 35] Detected history_length=4 from /home/michael/heteroPredict/trainingData/qwen3_30b/transformer_final_pfill_markov_emb/transformer_eh4_h64_f2/layer_35/best.json
[TorchScriptPredictor Layer 35] Loading model on CPU
[TorchScriptPredictor Layer 35] Assuming prefill_dist, prev_expert_onehot, and prev_layers_feat support (v3 API).
[TorchScriptPredictor Layer 35] prefill_dist support: yes, prev_expert_onehot support: yes, prev_layers_feat support: yes
[TorchScriptPredictor Layer 35] Loaded model: /home/michael/heteroPredict/trainingData/qwen3_30b/transformer_final_pfill_markov_emb/transformer_eh4_h64_f2/layer_35/best_jit.pt
[ThreadedTorchScriptPredictor Layer 36] Detected history_length=4 from /home/michael/heteroPredict/trainingData/qwen3_30b/transformer_final_pfill_markov_emb/transformer_eh4_h64_f2/layer_36/best.json
[TorchScriptPredictor Layer 36] Loading model on CPU
[TorchScriptPredictor Layer 36] Assuming prefill_dist, prev_expert_onehot, and prev_layers_feat support (v3 API).
[TorchScriptPredictor Layer 36] prefill_dist support: yes, prev_expert_onehot support: yes, prev_layers_feat support: yes
[TorchScriptPredictor Layer 36] Loaded model: /home/michael/heteroPredict/trainingData/qwen3_30b/transformer_final_pfill_markov_emb/transformer_eh4_h64_f2/layer_36/best_jit.pt
[ThreadedTorchScriptPredictor Layer 37] Detected history_length=4 from /home/michael/heteroPredict/trainingData/qwen3_30b/transformer_final_pfill_markov_emb/transformer_eh4_h64_f2/layer_37/best.json
[TorchScriptPredictor Layer 37] Loading model on CPU
[TorchScriptPredictor Layer 37] Assuming prefill_dist, prev_expert_onehot, and prev_layers_feat support (v3 API).
[TorchScriptPredictor Layer 37] prefill_dist support: yes, prev_expert_onehot support: yes, prev_layers_feat support: yes
[TorchScriptPredictor Layer 37] Loaded model: /home/michael/heteroPredict/trainingData/qwen3_30b/transformer_final_pfill_markov_emb/transformer_eh4_h64_f2/layer_37/best_jit.pt
[ThreadedTorchScriptPredictor Layer 38] Detected history_length=4 from /home/michael/heteroPredict/trainingData/qwen3_30b/transformer_final_pfill_markov_emb/transformer_eh4_h64_f2/layer_38/best.json
[TorchScriptPredictor Layer 38] Loading model on CPU
[TorchScriptPredictor Layer 38] Assuming prefill_dist, prev_expert_onehot, and prev_layers_feat support (v3 API).
[TorchScriptPredictor Layer 38] prefill_dist support: yes, prev_expert_onehot support: yes, prev_layers_feat support: yes
[TorchScriptPredictor Layer 38] Loaded model: /home/michael/heteroPredict/trainingData/qwen3_30b/transformer_final_pfill_markov_emb/transformer_eh4_h64_f2/layer_38/best_jit.pt
[ThreadedTorchScriptPredictor Layer 39] Detected history_length=4 from /home/michael/heteroPredict/trainingData/qwen3_30b/transformer_final_pfill_markov_emb/transformer_eh4_h64_f2/layer_39/best.json
[TorchScriptPredictor Layer 39] Loading model on CPU
[TorchScriptPredictor Layer 39] Assuming prefill_dist, prev_expert_onehot, and prev_layers_feat support (v3 API).
[TorchScriptPredictor Layer 39] prefill_dist support: yes, prev_expert_onehot support: yes, prev_layers_feat support: yes
[TorchScriptPredictor Layer 39] Loaded model: /home/michael/heteroPredict/trainingData/qwen3_30b/transformer_final_pfill_markov_emb/transformer_eh4_h64_f2/layer_39/best_jit.pt
[ThreadedTorchScriptPredictor Layer 40] Detected history_length=4 from /home/michael/heteroPredict/trainingData/qwen3_30b/transformer_final_pfill_markov_emb/transformer_eh4_h64_f2/layer_40/best.json
[TorchScriptPredictor Layer 40] Loading model on CPU
[TorchScriptPredictor Layer 40] Assuming prefill_dist, prev_expert_onehot, and prev_layers_feat support (v3 API).
[TorchScriptPredictor Layer 40] prefill_dist support: yes, prev_expert_onehot support: yes, prev_layers_feat support: yes
[TorchScriptPredictor Layer 40] Loaded model: /home/michael/heteroPredict/trainingData/qwen3_30b/transformer_final_pfill_markov_emb/transformer_eh4_h64_f2/layer_40/best_jit.pt
[ThreadedTorchScriptPredictor Layer 41] Detected history_length=4 from /home/michael/heteroPredict/trainingData/qwen3_30b/transformer_final_pfill_markov_emb/transformer_eh4_h64_f2/layer_41/best.json
[TorchScriptPredictor Layer 41] Loading model on CPU
[TorchScriptPredictor Layer 41] Assuming prefill_dist, prev_expert_onehot, and prev_layers_feat support (v3 API).
[TorchScriptPredictor Layer 41] prefill_dist support: yes, prev_expert_onehot support: yes, prev_layers_feat support: yes
[TorchScriptPredictor Layer 41] Loaded model: /home/michael/heteroPredict/trainingData/qwen3_30b/transformer_final_pfill_markov_emb/transformer_eh4_h64_f2/layer_41/best_jit.pt
[ThreadedTorchScriptPredictor Layer 42] Detected history_length=4 from /home/michael/heteroPredict/trainingData/qwen3_30b/transformer_final_pfill_markov_emb/transformer_eh4_h64_f2/layer_42/best.json
[TorchScriptPredictor Layer 42] Loading model on CPU
[TorchScriptPredictor Layer 42] Assuming prefill_dist, prev_expert_onehot, and prev_layers_feat support (v3 API).
[TorchScriptPredictor Layer 42] prefill_dist support: yes, prev_expert_onehot support: yes, prev_layers_feat support: yes
[TorchScriptPredictor Layer 42] Loaded model: /home/michael/heteroPredict/trainingData/qwen3_30b/transformer_final_pfill_markov_emb/transformer_eh4_h64_f2/layer_42/best_jit.pt
[ThreadedTorchScriptPredictor Layer 43] Detected history_length=4 from /home/michael/heteroPredict/trainingData/qwen3_30b/transformer_final_pfill_markov_emb/transformer_eh4_h64_f2/layer_43/best.json
[TorchScriptPredictor Layer 43] Loading model on CPU
[TorchScriptPredictor Layer 43] Assuming prefill_dist, prev_expert_onehot, and prev_layers_feat support (v3 API).
[TorchScriptPredictor Layer 43] prefill_dist support: yes, prev_expert_onehot support: yes, prev_layers_feat support: yes
[TorchScriptPredictor Layer 43] Loaded model: /home/michael/heteroPredict/trainingData/qwen3_30b/transformer_final_pfill_markov_emb/transformer_eh4_h64_f2/layer_43/best_jit.pt
[ThreadedTorchScriptPredictor Layer 44] Detected history_length=4 from /home/michael/heteroPredict/trainingData/qwen3_30b/transformer_final_pfill_markov_emb/transformer_eh4_h64_f2/layer_44/best.json
[TorchScriptPredictor Layer 44] Loading model on CPU
[TorchScriptPredictor Layer 44] Assuming prefill_dist, prev_expert_onehot, and prev_layers_feat support (v3 API).
[TorchScriptPredictor Layer 44] prefill_dist support: yes, prev_expert_onehot support: yes, prev_layers_feat support: yes
[TorchScriptPredictor Layer 44] Loaded model: /home/michael/heteroPredict/trainingData/qwen3_30b/transformer_final_pfill_markov_emb/transformer_eh4_h64_f2/layer_44/best_jit.pt
[ThreadedTorchScriptPredictor Layer 45] Detected history_length=4 from /home/michael/heteroPredict/trainingData/qwen3_30b/transformer_final_pfill_markov_emb/transformer_eh4_h64_f2/layer_45/best.json
[TorchScriptPredictor Layer 45] Loading model on CPU
[TorchScriptPredictor Layer 45] Assuming prefill_dist, prev_expert_onehot, and prev_layers_feat support (v3 API).
[TorchScriptPredictor Layer 45] prefill_dist support: yes, prev_expert_onehot support: yes, prev_layers_feat support: yes
[TorchScriptPredictor Layer 45] Loaded model: /home/michael/heteroPredict/trainingData/qwen3_30b/transformer_final_pfill_markov_emb/transformer_eh4_h64_f2/layer_45/best_jit.pt
[ThreadedTorchScriptPredictor Layer 46] Detected history_length=4 from /home/michael/heteroPredict/trainingData/qwen3_30b/transformer_final_pfill_markov_emb/transformer_eh4_h64_f2/layer_46/best.json
[TorchScriptPredictor Layer 46] Loading model on CPU
[TorchScriptPredictor Layer 46] Assuming prefill_dist, prev_expert_onehot, and prev_layers_feat support (v3 API).
[TorchScriptPredictor Layer 46] prefill_dist support: yes, prev_expert_onehot support: yes, prev_layers_feat support: yes
[TorchScriptPredictor Layer 46] Loaded model: /home/michael/heteroPredict/trainingData/qwen3_30b/transformer_final_pfill_markov_emb/transformer_eh4_h64_f2/layer_46/best_jit.pt
[ThreadedTorchScriptPredictor Layer 47] Detected history_length=4 from /home/michael/heteroPredict/trainingData/qwen3_30b/transformer_final_pfill_markov_emb/transformer_eh4_h64_f2/layer_47/best.json
[TorchScriptPredictor Layer 47] Loading model on CPU
[TorchScriptPredictor Layer 47] Assuming prefill_dist, prev_expert_onehot, and prev_layers_feat support (v3 API).
[TorchScriptPredictor Layer 47] prefill_dist support: yes, prev_expert_onehot support: yes, prev_layers_feat support: yes
[TorchScriptPredictor Layer 47] Loaded model: /home/michael/heteroPredict/trainingData/qwen3_30b/transformer_final_pfill_markov_emb/transformer_eh4_h64_f2/layer_47/best_jit.pt
UnifiedLLMW4A16 moved to device: cuda:0
Preloading MoE kernels...
MoE kernels preloaded.
UnifiedLLMW4A16 initialized on device: cuda:0 with w4a16 quantization
[Predictor] Lookahead stride set to 2 (predictor fires every 2 decode tokens)
Loading non-quantized weights from safetensors (mmap): /home/michael/heteroPredict/py/unified_llm_w4a16/model_weights/Qwen3-30B-A3B-AWQ.safetensors
Loaded 243 non-quantized parameters, skipped 0
Loading quantized weights from bins: /home/michael/heteroPredict/py/unified_llm_w4a16/model_weights/Qwen3-30B-A3B-AWQ_unpacked
  Expert weights dir override: /home/michael/heteroPredict/py/unified_llm_w4a16/model_weights/Qwen3-30B-A3B-AWQ_packed
Pre-warming 32 experts for all layers...
Layer 0: Pre-warming 32 experts.
Layer 0: using packed expert format.
[MoE I/O] Expert weight reads require O_DIRECT (no buffered fallback).
Layer 1: Pre-warming 32 experts.
Layer 1: using packed expert format.
Layer 2: Pre-warming 32 experts.
Layer 2: using packed expert format.
Layer 3: Pre-warming 32 experts.
Layer 3: using packed expert format.
Prewarmed experts for layer 4/48
Layer 4: Pre-warming 32 experts.
Layer 4: using packed expert format.
Layer 5: Pre-warming 32 experts.
Layer 5: using packed expert format.
Layer 6: Pre-warming 32 experts.
Layer 6: using packed expert format.
Layer 7: Pre-warming 32 experts.
Layer 7: using packed expert format.
Prewarmed experts for layer 8/48
Layer 8: Pre-warming 32 experts.
Layer 8: using packed expert format.
Layer 9: Pre-warming 32 experts.
Layer 9: using packed expert format.
Layer 10: Pre-warming 32 experts.
Layer 10: using packed expert format.
Layer 11: Pre-warming 32 experts.
Layer 11: using packed expert format.
Prewarmed experts for layer 12/48
Layer 12: Pre-warming 32 experts.
Layer 12: using packed expert format.
Layer 13: Pre-warming 32 experts.
Layer 13: using packed expert format.
Layer 14: Pre-warming 32 experts.
Layer 14: using packed expert format.
Layer 15: Pre-warming 32 experts.
Layer 15: using packed expert format.
Prewarmed experts for layer 16/48
Layer 16: Pre-warming 32 experts.
Layer 16: using packed expert format.
Layer 17: Pre-warming 32 experts.
Layer 17: using packed expert format.
Layer 18: Pre-warming 32 experts.
Layer 18: using packed expert format.
Layer 19: Pre-warming 32 experts.
Layer 19: using packed expert format.
Prewarmed experts for layer 20/48
Layer 20: Pre-warming 32 experts.
Layer 20: using packed expert format.
Layer 21: Pre-warming 32 experts.
Layer 21: using packed expert format.
Layer 22: Pre-warming 32 experts.
Layer 22: using packed expert format.
Layer 23: Pre-warming 32 experts.
Layer 23: using packed expert format.
Prewarmed experts for layer 24/48
Layer 24: Pre-warming 32 experts.
Layer 24: using packed expert format.
Layer 25: Pre-warming 32 experts.
Layer 25: using packed expert format.
Layer 26: Pre-warming 32 experts.
Layer 26: using packed expert format.
Layer 27: Pre-warming 32 experts.
Layer 27: using packed expert format.
Prewarmed experts for layer 28/48
Layer 28: Pre-warming 32 experts.
Layer 28: using packed expert format.
Layer 29: Pre-warming 32 experts.
Layer 29: using packed expert format.
Layer 30: Pre-warming 32 experts.
Layer 30: using packed expert format.
Layer 31: Pre-warming 32 experts.
Layer 31: using packed expert format.
Prewarmed experts for layer 32/48
Layer 32: Pre-warming 32 experts.
Layer 32: using packed expert format.
Layer 33: Pre-warming 32 experts.
Layer 33: using packed expert format.
Layer 34: Pre-warming 32 experts.
Layer 34: using packed expert format.
Layer 35: Pre-warming 32 experts.
Layer 35: using packed expert format.
Prewarmed experts for layer 36/48
Layer 36: Pre-warming 32 experts.
Layer 36: using packed expert format.
Layer 37: Pre-warming 32 experts.
Layer 37: using packed expert format.
Layer 38: Pre-warming 32 experts.
Layer 38: using packed expert format.
Layer 39: Pre-warming 32 experts.
Layer 39: using packed expert format.
Prewarmed experts for layer 40/48
Layer 40: Pre-warming 32 experts.
Layer 40: using packed expert format.
Layer 41: Pre-warming 32 experts.
Layer 41: using packed expert format.
Layer 42: Pre-warming 32 experts.
Layer 42: using packed expert format.
Layer 43: Pre-warming 32 experts.
Layer 43: using packed expert format.
Prewarmed experts for layer 44/48
Layer 44: Pre-warming 32 experts.
Layer 44: using packed expert format.
Layer 45: Pre-warming 32 experts.
Layer 45: using packed expert format.
Layer 46: Pre-warming 32 experts.
Layer 46: using packed expert format.
Layer 47: Pre-warming 32 experts.
Layer 47: using packed expert format.
Prewarmed experts for layer 48/48
Libtorch input_ids shape: [1, 512]
Skipping warmup.
Prefill time: 19.3847 seconds
[Predictor] Prefill-end expert cache warmup (excluded from generation TPS).
[Layer 0 Warmup Debug] predict_sync returned: 120 51 63 46 0 21 29 28 118 126 122 83 97 104 31 62 77 111 93 14 38 53 22 3 74 16 67 64 2 69 101 61 71 33 116 12 13 124 106 7 103 107 19 82 91 80 47 125 81 112 34 87 57 41 110 4 92 66 18 72 9 23 86 17 75 24 68 89 48 79 11 49 32 123 84 105 27 42 44 73 37 50 6 52 98 54 70 30 100 58 40 65 25 26 45 35 119 5 36 95 108 43 39 85 114 78 127 10 55 117 115 1 102 90 15 20 56 96 99 76 59 88 109 121 8 94 60 113 
[Layer 0 Warmup Debug] experts_to_prefetch returned: 120 51 63 46 0 21 29 28 
[Layer 0 Warmup Debug] After prefill-end warmup, slots are: 46 0 21 29 28 103 104 105 106 107 108 109 110 111 112 113 114 115 116 117 118 119 120 121 122 123 124 125 126 127 51 63 
Generation phase
[Layer 0 Step 0 Debug] Slots before check: 46 0 21 29 28 103 104 105 106 107 108 109 110 111 112 113 114 115 116 117 118 119 120 121 122 123 124 125 126 127 51 63 
[Layer 0 Step 0 Debug] Requested: 75 82 64 91 33 14 110 74 
[gen 5/79] elapsed=1.1s  TPS=4.378
[gen 10/79] elapsed=1.7s  TPS=5.739
[gen 15/79] elapsed=2.4s  TPS=6.271
[gen 20/79] elapsed=2.9s  TPS=6.974
[gen 25/79] elapsed=4.2s  TPS=6.007
[gen 30/79] elapsed=5.6s  TPS=5.332
[gen 35/79] elapsed=6.7s  TPS=5.194
[gen 40/79] elapsed=7.6s  TPS=5.285
[gen 45/79] elapsed=8.8s  TPS=5.086
[gen 50/79] elapsed=9.8s  TPS=5.096
[gen 55/79] elapsed=10.7s  TPS=5.133
[gen 60/79] elapsed=12.2s  TPS=4.917
[gen 65/79] elapsed=13.5s  TPS=4.817
[gen 70/79] elapsed=14.6s  TPS=4.783
[gen 75/79] elapsed=15.8s  TPS=4.733
Prefill time (summary): 19.385 seconds
Total Generation Time: 16.742 seconds
Average Time per Token: 0.211918 seconds

Expert Cache Statistics:
Layer 0 Cache Stats: Hits=414, Misses=218, HitRate=65.51%
    Predictor Routed-Expert HitRate=23.08% (9/39, routed_n=1, horizon=2)
    Predictor RoutedForcedN HitRate=23.08% (9/39)
    Predictor RoutedTopK HitRate=25.96% (81/312)
    Predicted RequestedByRouterForcedN Rate=2.88% (9/312)
    Predicted RequestedByRouterTopK Rate=25.96% (81/312)
    Predictor WindowRecall Rate=33.67% (203/603)
    Predictor WindowPrecision Rate=65.06% (203/312)
    Loads Per Step: 0Loads=12, 1Load=14, >1Load=53
    Bandwidth: StallLoads=218, PrefetchLoads=82, AvgLoadTime=2.56ms
    PrefetchOverlap: HiddenReady=55, HiddenWait=0, TicksSkipped=0
    MissCause: NotPresent=218, NotReadyStall=0
    PrefetchEff: Dropped=0, AlreadyCached=238, UsedBeforeEvict=55, EvictedBeforeUse=23
    GlobalSpecLoad: PeakConcurrent=6
    Predictor TopK matches: 0=30 1=9 >=2=0
Layer 1 Cache Stats: Hits=484, Misses=148, HitRate=76.58%
    Predictor Routed-Expert HitRate=61.54% (24/39, routed_n=1, horizon=2)
    Predictor RoutedForcedN HitRate=61.54% (24/39)
    Predictor RoutedTopK HitRate=39.42% (123/312)
    Predicted RequestedByRouterForcedN Rate=7.69% (24/312)
    Predicted RequestedByRouterTopK Rate=39.42% (123/312)
    Predictor WindowRecall Rate=42.83% (230/537)
    Predictor WindowPrecision Rate=73.72% (230/312)
    Loads Per Step: 0Loads=14, 1Load=23, >1Load=42
    Bandwidth: StallLoads=148, PrefetchLoads=79, AvgLoadTime=3.07ms
    PrefetchOverlap: HiddenReady=62, HiddenWait=0, TicksSkipped=0
    MissCause: NotPresent=148, NotReadyStall=0
    PrefetchEff: Dropped=0, AlreadyCached=241, UsedBeforeEvict=62, EvictedBeforeUse=14
    Predictor TopK matches: 0=15 1=24 >=2=0
Layer 2 Cache Stats: Hits=489, Misses=143, HitRate=77.37%
    Predictor Routed-Expert HitRate=53.85% (21/39, routed_n=1, horizon=2)
    Predictor RoutedForcedN HitRate=53.85% (21/39)
    Predictor RoutedTopK HitRate=40.71% (127/312)
    Predicted RequestedByRouterForcedN Rate=6.73% (21/312)
    Predicted RequestedByRouterTopK Rate=40.71% (127/312)
    Predictor WindowRecall Rate=42.06% (233/554)
    Predictor WindowPrecision Rate=74.68% (233/312)
    Loads Per Step: 0Loads=17, 1Load=19, >1Load=43
    Bandwidth: StallLoads=143, PrefetchLoads=49, AvgLoadTime=3.33ms
    PrefetchOverlap: HiddenReady=28, HiddenWait=0, TicksSkipped=0
    MissCause: NotPresent=143, NotReadyStall=0
    PrefetchEff: Dropped=0, AlreadyCached=271, UsedBeforeEvict=28, EvictedBeforeUse=20
    Predictor TopK matches: 0=18 1=21 >=2=0
Layer 3 Cache Stats: Hits=467, Misses=165, HitRate=73.89%
    Predictor Routed-Expert HitRate=53.85% (21/39, routed_n=1, horizon=2)
    Predictor RoutedForcedN HitRate=53.85% (21/39)
    Predictor RoutedTopK HitRate=35.26% (110/312)
    Predicted RequestedByRouterForcedN Rate=6.73% (21/312)
    Predicted RequestedByRouterTopK Rate=35.26% (110/312)
    Predictor WindowRecall Rate=38.10% (205/538)
    Predictor WindowPrecision Rate=65.71% (205/312)
    Loads Per Step: 0Loads=14, 1Load=15, >1Load=50
    Bandwidth: StallLoads=165, PrefetchLoads=91, AvgLoadTime=2.86ms
    PrefetchOverlap: HiddenReady=54, HiddenWait=0, TicksSkipped=0
    MissCause: NotPresent=165, NotReadyStall=0
    PrefetchEff: Dropped=0, AlreadyCached=229, UsedBeforeEvict=54, EvictedBeforeUse=34
    Predictor TopK matches: 0=18 1=21 >=2=0
Layer 4 Cache Stats: Hits=515, Misses=117, HitRate=81.49%
    Predictor Routed-Expert HitRate=66.67% (26/39, routed_n=1, horizon=2)
    Predictor RoutedForcedN HitRate=66.67% (26/39)
    Predictor RoutedTopK HitRate=43.27% (135/312)
    Predicted RequestedByRouterForcedN Rate=8.33% (26/312)
    Predicted RequestedByRouterTopK Rate=43.27% (135/312)
    Predictor WindowRecall Rate=46.99% (242/515)
    Predictor WindowPrecision Rate=77.56% (242/312)
    Loads Per Step: 0Loads=17, 1Load=30, >1Load=32
    Bandwidth: StallLoads=117, PrefetchLoads=46, AvgLoadTime=3.35ms
    PrefetchOverlap: HiddenReady=34, HiddenWait=0, TicksSkipped=0
    MissCause: NotPresent=117, NotReadyStall=0
    PrefetchEff: Dropped=0, AlreadyCached=274, UsedBeforeEvict=34, EvictedBeforeUse=12
    Predictor TopK matches: 0=13 1=26 >=2=0
Layer 5 Cache Stats: Hits=535, Misses=97, HitRate=84.65%
    Predictor Routed-Expert HitRate=71.79% (28/39, routed_n=1, horizon=2)
    Predictor RoutedForcedN HitRate=71.79% (28/39)
    Predictor RoutedTopK HitRate=48.08% (150/312)
    Predicted RequestedByRouterForcedN Rate=8.97% (28/312)
    Predicted RequestedByRouterTopK Rate=48.08% (150/312)
    Predictor WindowRecall Rate=47.38% (235/496)
    Predictor WindowPrecision Rate=75.32% (235/312)
    Loads Per Step: 0Loads=28, 1Load=22, >1Load=29
    Bandwidth: StallLoads=97, PrefetchLoads=35, AvgLoadTime=3.30ms
    PrefetchOverlap: HiddenReady=29, HiddenWait=0, TicksSkipped=0
    MissCause: NotPresent=97, NotReadyStall=0
    PrefetchEff: Dropped=0, AlreadyCached=285, UsedBeforeEvict=29, EvictedBeforeUse=5
    Predictor TopK matches: 0=11 1=28 >=2=0
Layer 6 Cache Stats: Hits=575, Misses=57, HitRate=90.98%
    Predictor Routed-Expert HitRate=97.44% (38/39, routed_n=1, horizon=2)
    Predictor RoutedForcedN HitRate=97.44% (38/39)
    Predictor RoutedTopK HitRate=58.33% (182/312)
    Predicted RequestedByRouterForcedN Rate=12.18% (38/312)
    Predicted RequestedByRouterTopK Rate=58.33% (182/312)
    Predictor WindowRecall Rate=52.77% (248/470)
    Predictor WindowPrecision Rate=79.49% (248/312)
    Loads Per Step: 0Loads=41, 1Load=22, >1Load=16
    Bandwidth: StallLoads=57, PrefetchLoads=19, AvgLoadTime=3.81ms
    PrefetchOverlap: HiddenReady=12, HiddenWait=0, TicksSkipped=0
    MissCause: NotPresent=57, NotReadyStall=0
    PrefetchEff: Dropped=0, AlreadyCached=301, UsedBeforeEvict=12, EvictedBeforeUse=6
    Predictor TopK matches: 0=1 1=38 >=2=0
Layer 7 Cache Stats: Hits=590, Misses=42, HitRate=93.35%
    Predictor Routed-Expert HitRate=94.87% (37/39, routed_n=1, horizon=2)
    Predictor RoutedForcedN HitRate=94.87% (37/39)
    Predictor RoutedTopK HitRate=66.03% (206/312)
    Predicted RequestedByRouterForcedN Rate=11.86% (37/312)
    Predicted RequestedByRouterTopK Rate=66.03% (206/312)
    Predictor WindowRecall Rate=60.88% (263/432)
    Predictor WindowPrecision Rate=84.29% (263/312)
    Loads Per Step: 0Loads=48, 1Load=22, >1Load=9
    Bandwidth: StallLoads=42, PrefetchLoads=17, AvgLoadTime=3.89ms
    PrefetchOverlap: HiddenReady=13, HiddenWait=0, TicksSkipped=0
    MissCause: NotPresent=42, NotReadyStall=0
    PrefetchEff: Dropped=0, AlreadyCached=303, UsedBeforeEvict=13, EvictedBeforeUse=4
    Predictor TopK matches: 0=2 1=37 >=2=0
Layer 8 Cache Stats: Hits=570, Misses=62, HitRate=90.19%
    Predictor Routed-Expert HitRate=58.97% (23/39, routed_n=1, horizon=2)
    Predictor RoutedForcedN HitRate=58.97% (23/39)
    Predictor RoutedTopK HitRate=51.60% (161/312)
    Predicted RequestedByRouterForcedN Rate=7.37% (23/312)
    Predicted RequestedByRouterTopK Rate=51.60% (161/312)
    Predictor WindowRecall Rate=53.14% (254/478)
    Predictor WindowPrecision Rate=81.41% (254/312)
    Loads Per Step: 0Loads=41, 1Load=19, >1Load=19
    Bandwidth: StallLoads=62, PrefetchLoads=33, AvgLoadTime=3.50ms
    PrefetchOverlap: HiddenReady=27, HiddenWait=0, TicksSkipped=0
    MissCause: NotPresent=62, NotReadyStall=0
    PrefetchEff: Dropped=0, AlreadyCached=287, UsedBeforeEvict=27, EvictedBeforeUse=4
    Predictor TopK matches: 0=16 1=23 >=2=0
Layer 9 Cache Stats: Hits=564, Misses=68, HitRate=89.24%
    Predictor Routed-Expert HitRate=79.49% (31/39, routed_n=1, horizon=2)
    Predictor RoutedForcedN HitRate=79.49% (31/39)
    Predictor RoutedTopK HitRate=57.37% (179/312)
    Predicted RequestedByRouterForcedN Rate=9.94% (31/312)
    Predicted RequestedByRouterTopK Rate=57.37% (179/312)
    Predictor WindowRecall Rate=55.48% (258/465)
    Predictor WindowPrecision Rate=82.69% (258/312)
    Loads Per Step: 0Loads=32, 1Load=30, >1Load=17
    Bandwidth: StallLoads=68, PrefetchLoads=28, AvgLoadTime=3.98ms
    PrefetchOverlap: HiddenReady=21, HiddenWait=0, TicksSkipped=0
    MissCause: NotPresent=68, NotReadyStall=0
    PrefetchEff: Dropped=0, AlreadyCached=292, UsedBeforeEvict=21, EvictedBeforeUse=4
    Predictor TopK matches: 0=8 1=31 >=2=0
Layer 10 Cache Stats: Hits=549, Misses=83, HitRate=86.87%
    Predictor Routed-Expert HitRate=74.36% (29/39, routed_n=1, horizon=2)
    Predictor RoutedForcedN HitRate=74.36% (29/39)
    Predictor RoutedTopK HitRate=55.13% (172/312)
    Predicted RequestedByRouterForcedN Rate=9.29% (29/312)
    Predicted RequestedByRouterTopK Rate=55.13% (172/312)
    Predictor WindowRecall Rate=57.56% (274/476)
    Predictor WindowPrecision Rate=87.82% (274/312)
    Loads Per Step: 0Loads=30, 1Load=24, >1Load=25
    Bandwidth: StallLoads=83, PrefetchLoads=35, AvgLoadTime=3.49ms
    PrefetchOverlap: HiddenReady=29, HiddenWait=0, TicksSkipped=0
    MissCause: NotPresent=83, NotReadyStall=0
    PrefetchEff: Dropped=0, AlreadyCached=285, UsedBeforeEvict=29, EvictedBeforeUse=5
    Predictor TopK matches: 0=10 1=29 >=2=0
Layer 11 Cache Stats: Hits=533, Misses=99, HitRate=84.34%
    Predictor Routed-Expert HitRate=82.05% (32/39, routed_n=1, horizon=2)
    Predictor RoutedForcedN HitRate=82.05% (32/39)
    Predictor RoutedTopK HitRate=49.68% (155/312)
    Predicted RequestedByRouterForcedN Rate=10.26% (32/312)
    Predicted RequestedByRouterTopK Rate=49.68% (155/312)
    Predictor WindowRecall Rate=52.66% (257/488)
    Predictor WindowPrecision Rate=82.37% (257/312)
    Loads Per Step: 0Loads=24, 1Load=25, >1Load=30
    Bandwidth: StallLoads=99, PrefetchLoads=55, AvgLoadTime=3.15ms
    PrefetchOverlap: HiddenReady=43, HiddenWait=0, TicksSkipped=0
    MissCause: NotPresent=99, NotReadyStall=0
    PrefetchEff: Dropped=0, AlreadyCached=265, UsedBeforeEvict=43, EvictedBeforeUse=10
    Predictor TopK matches: 0=7 1=32 >=2=0
Layer 12 Cache Stats: Hits=570, Misses=62, HitRate=90.19%
    Predictor Routed-Expert HitRate=71.79% (28/39, routed_n=1, horizon=2)
    Predictor RoutedForcedN HitRate=71.79% (28/39)
    Predictor RoutedTopK HitRate=55.77% (174/312)
    Predicted RequestedByRouterForcedN Rate=8.97% (28/312)
    Predicted RequestedByRouterTopK Rate=55.77% (174/312)
    Predictor WindowRecall Rate=57.73% (269/466)
    Predictor WindowPrecision Rate=86.22% (269/312)
    Loads Per Step: 0Loads=36, 1Load=28, >1Load=15
    Bandwidth: StallLoads=62, PrefetchLoads=29, AvgLoadTime=3.75ms
    PrefetchOverlap: HiddenReady=20, HiddenWait=0, TicksSkipped=0
    MissCause: NotPresent=62, NotReadyStall=0
    PrefetchEff: Dropped=0, AlreadyCached=291, UsedBeforeEvict=20, EvictedBeforeUse=8
    Predictor TopK matches: 0=11 1=28 >=2=0
Layer 13 Cache Stats: Hits=540, Misses=92, HitRate=85.44%
    Predictor Routed-Expert HitRate=76.92% (30/39, routed_n=1, horizon=2)
    Predictor RoutedForcedN HitRate=76.92% (30/39)
    Predictor RoutedTopK HitRate=53.85% (168/312)
    Predicted RequestedByRouterForcedN Rate=9.62% (30/312)
    Predicted RequestedByRouterTopK Rate=53.85% (168/312)
    Predictor WindowRecall Rate=51.00% (256/502)
    Predictor WindowPrecision Rate=82.05% (256/312)
    Loads Per Step: 0Loads=30, 1Load=23, >1Load=26
    Bandwidth: StallLoads=92, PrefetchLoads=55, AvgLoadTime=3.30ms
    PrefetchOverlap: HiddenReady=47, HiddenWait=0, TicksSkipped=0
    MissCause: NotPresent=92, NotReadyStall=0
    PrefetchEff: Dropped=0, AlreadyCached=265, UsedBeforeEvict=47, EvictedBeforeUse=8
    Predictor TopK matches: 0=9 1=30 >=2=0
Layer 14 Cache Stats: Hits=562, Misses=70, HitRate=88.92%
    Predictor Routed-Expert HitRate=71.79% (28/39, routed_n=1, horizon=2)
    Predictor RoutedForcedN HitRate=71.79% (28/39)
    Predictor RoutedTopK HitRate=58.33% (182/312)
    Predicted RequestedByRouterForcedN Rate=8.97% (28/312)
    Predicted RequestedByRouterTopK Rate=58.33% (182/312)
    Predictor WindowRecall Rate=55.22% (259/469)
    Predictor WindowPrecision Rate=83.01% (259/312)
    Loads Per Step: 0Loads=30, 1Load=32, >1Load=17
    Bandwidth: StallLoads=70, PrefetchLoads=36, AvgLoadTime=3.64ms
    PrefetchOverlap: HiddenReady=33, HiddenWait=0, TicksSkipped=0
    MissCause: NotPresent=70, NotReadyStall=0
    PrefetchEff: Dropped=0, AlreadyCached=284, UsedBeforeEvict=33, EvictedBeforeUse=3
    Predictor TopK matches: 0=11 1=28 >=2=0
Layer 15 Cache Stats: Hits=577, Misses=55, HitRate=91.30%
    Predictor Routed-Expert HitRate=79.49% (31/39, routed_n=1, horizon=2)
    Predictor RoutedForcedN HitRate=79.49% (31/39)
    Predictor RoutedTopK HitRate=58.65% (183/312)
    Predicted RequestedByRouterForcedN Rate=9.94% (31/312)
    Predicted RequestedByRouterTopK Rate=58.65% (183/312)
    Predictor WindowRecall Rate=56.34% (262/465)
    Predictor WindowPrecision Rate=83.97% (262/312)
    Loads Per Step: 0Loads=39, 1Load=26, >1Load=14
    Bandwidth: StallLoads=55, PrefetchLoads=19, AvgLoadTime=4.23ms
    PrefetchOverlap: HiddenReady=14, HiddenWait=0, TicksSkipped=0
    MissCause: NotPresent=55, NotReadyStall=0
    PrefetchEff: Dropped=0, AlreadyCached=301, UsedBeforeEvict=14, EvictedBeforeUse=4
    Predictor TopK matches: 0=8 1=31 >=2=0
Layer 16 Cache Stats: Hits=552, Misses=80, HitRate=87.34%
    Predictor Routed-Expert HitRate=87.18% (34/39, routed_n=1, horizon=2)
    Predictor RoutedForcedN HitRate=87.18% (34/39)
    Predictor RoutedTopK HitRate=57.37% (179/312)
    Predicted RequestedByRouterForcedN Rate=10.90% (34/312)
    Predicted RequestedByRouterTopK Rate=57.37% (179/312)
    Predictor WindowRecall Rate=54.43% (252/463)
    Predictor WindowPrecision Rate=80.77% (252/312)
    Loads Per Step: 0Loads=29, 1Load=27, >1Load=23
    Bandwidth: StallLoads=80, PrefetchLoads=35, AvgLoadTime=3.55ms
    PrefetchOverlap: HiddenReady=25, HiddenWait=0, TicksSkipped=0
    MissCause: NotPresent=80, NotReadyStall=0
    PrefetchEff: Dropped=0, AlreadyCached=285, UsedBeforeEvict=25, EvictedBeforeUse=8
    Predictor TopK matches: 0=5 1=34 >=2=0
Layer 17 Cache Stats: Hits=516, Misses=116, HitRate=81.65%
    Predictor Routed-Expert HitRate=74.36% (29/39, routed_n=1, horizon=2)
    Predictor RoutedForcedN HitRate=74.36% (29/39)
    Predictor RoutedTopK HitRate=49.36% (154/312)
    Predicted RequestedByRouterForcedN Rate=9.29% (29/312)
    Predicted RequestedByRouterTopK Rate=49.36% (154/312)
    Predictor WindowRecall Rate=48.94% (255/521)
    Predictor WindowPrecision Rate=81.73% (255/312)
    Loads Per Step: 0Loads=15, 1Load=29, >1Load=35
    Bandwidth: StallLoads=116, PrefetchLoads=51, AvgLoadTime=2.96ms
    PrefetchOverlap: HiddenReady=37, HiddenWait=0, TicksSkipped=0
    MissCause: NotPresent=116, NotReadyStall=0
    PrefetchEff: Dropped=0, AlreadyCached=269, UsedBeforeEvict=37, EvictedBeforeUse=10
    Predictor TopK matches: 0=10 1=29 >=2=0
Layer 18 Cache Stats: Hits=602, Misses=30, HitRate=95.25%
    Predictor Routed-Expert HitRate=87.18% (34/39, routed_n=1, horizon=2)
    Predictor RoutedForcedN HitRate=87.18% (34/39)
    Predictor RoutedTopK HitRate=64.10% (200/312)
    Predicted RequestedByRouterForcedN Rate=10.90% (34/312)
    Predicted RequestedByRouterTopK Rate=64.10% (200/312)
    Predictor WindowRecall Rate=59.54% (259/435)
    Predictor WindowPrecision Rate=83.01% (259/312)
    Loads Per Step: 0Loads=52, 1Load=24, >1Load=3
    Bandwidth: StallLoads=30, PrefetchLoads=8, AvgLoadTime=3.91ms
    PrefetchOverlap: HiddenReady=6, HiddenWait=0, TicksSkipped=0
    MissCause: NotPresent=30, NotReadyStall=0
    PrefetchEff: Dropped=0, AlreadyCached=312, UsedBeforeEvict=6, EvictedBeforeUse=1
    Predictor TopK matches: 0=5 1=34 >=2=0
Layer 19 Cache Stats: Hits=605, Misses=27, HitRate=95.73%
    Predictor Routed-Expert HitRate=89.74% (35/39, routed_n=1, horizon=2)
    Predictor RoutedForcedN HitRate=89.74% (35/39)
    Predictor RoutedTopK HitRate=70.19% (219/312)
    Predicted RequestedByRouterForcedN Rate=11.22% (35/312)
    Predicted RequestedByRouterTopK Rate=70.19% (219/312)
    Predictor WindowRecall Rate=63.03% (266/422)
    Predictor WindowPrecision Rate=85.26% (266/312)
    Loads Per Step: 0Loads=58, 1Load=15, >1Load=6
    Bandwidth: StallLoads=27, PrefetchLoads=5, AvgLoadTime=4.60ms
    PrefetchOverlap: HiddenReady=5, HiddenWait=0, TicksSkipped=0
    MissCause: NotPresent=27, NotReadyStall=0
    PrefetchEff: Dropped=0, AlreadyCached=315, UsedBeforeEvict=5, EvictedBeforeUse=0
    Predictor TopK matches: 0=4 1=35 >=2=0
Layer 20 Cache Stats: Hits=580, Misses=52, HitRate=91.77%
    Predictor Routed-Expert HitRate=74.36% (29/39, routed_n=1, horizon=2)
    Predictor RoutedForcedN HitRate=74.36% (29/39)
    Predictor RoutedTopK HitRate=59.62% (186/312)
    Predicted RequestedByRouterForcedN Rate=9.29% (29/312)
    Predicted RequestedByRouterTopK Rate=59.62% (186/312)
    Predictor WindowRecall Rate=58.11% (265/456)
    Predictor WindowPrecision Rate=84.94% (265/312)
    Loads Per Step: 0Loads=44, 1Load=25, >1Load=10
    Bandwidth: StallLoads=52, PrefetchLoads=21, AvgLoadTime=3.48ms
    PrefetchOverlap: HiddenReady=13, HiddenWait=0, TicksSkipped=0
    MissCause: NotPresent=52, NotReadyStall=0
    PrefetchEff: Dropped=0, AlreadyCached=299, UsedBeforeEvict=13, EvictedBeforeUse=8
    Predictor TopK matches: 0=10 1=29 >=2=0
Layer 21 Cache Stats: Hits=572, Misses=60, HitRate=90.51%
    Predictor Routed-Expert HitRate=89.74% (35/39, routed_n=1, horizon=2)
    Predictor RoutedForcedN HitRate=89.74% (35/39)
    Predictor RoutedTopK HitRate=62.82% (196/312)
    Predicted RequestedByRouterForcedN Rate=11.22% (35/312)
    Predicted RequestedByRouterTopK Rate=62.82% (196/312)
    Predictor WindowRecall Rate=58.41% (271/464)
    Predictor WindowPrecision Rate=86.86% (271/312)
    Loads Per Step: 0Loads=36, 1Load=30, >1Load=13
    Bandwidth: StallLoads=60, PrefetchLoads=11, AvgLoadTime=3.65ms
    PrefetchOverlap: HiddenReady=9, HiddenWait=0, TicksSkipped=0
    MissCause: NotPresent=60, NotReadyStall=0
    PrefetchEff: Dropped=0, AlreadyCached=309, UsedBeforeEvict=9, EvictedBeforeUse=1
    Predictor TopK matches: 0=4 1=35 >=2=0
Layer 22 Cache Stats: Hits=551, Misses=81, HitRate=87.18%
    Predictor Routed-Expert HitRate=79.49% (31/39, routed_n=1, horizon=2)
    Predictor RoutedForcedN HitRate=79.49% (31/39)
    Predictor RoutedTopK HitRate=53.85% (168/312)
    Predicted RequestedByRouterForcedN Rate=9.94% (31/312)
    Predicted RequestedByRouterTopK Rate=53.85% (168/312)
    Predictor WindowRecall Rate=54.29% (266/490)
    Predictor WindowPrecision Rate=85.26% (266/312)
    Loads Per Step: 0Loads=30, 1Load=25, >1Load=24
    Bandwidth: StallLoads=81, PrefetchLoads=30, AvgLoadTime=3.44ms
    PrefetchOverlap: HiddenReady=21, HiddenWait=0, TicksSkipped=0
    MissCause: NotPresent=81, NotReadyStall=0
    PrefetchEff: Dropped=0, AlreadyCached=290, UsedBeforeEvict=21, EvictedBeforeUse=8
    Predictor TopK matches: 0=8 1=31 >=2=0
Layer 23 Cache Stats: Hits=527, Misses=105, HitRate=83.39%
    Predictor Routed-Expert HitRate=76.92% (30/39, routed_n=1, horizon=2)
    Predictor RoutedForcedN HitRate=76.92% (30/39)
    Predictor RoutedTopK HitRate=53.21% (166/312)
    Predicted RequestedByRouterForcedN Rate=9.62% (30/312)
    Predicted RequestedByRouterTopK Rate=53.21% (166/312)
    Predictor WindowRecall Rate=51.93% (256/493)
    Predictor WindowPrecision Rate=82.05% (256/312)
    Loads Per Step: 0Loads=26, 1Load=22, >1Load=31
    Bandwidth: StallLoads=105, PrefetchLoads=53, AvgLoadTime=3.08ms
    PrefetchOverlap: HiddenReady=39, HiddenWait=0, TicksSkipped=0
    MissCause: NotPresent=105, NotReadyStall=0
    PrefetchEff: Dropped=0, AlreadyCached=267, UsedBeforeEvict=39, EvictedBeforeUse=9
    Predictor TopK matches: 0=9 1=30 >=2=0
Layer 24 Cache Stats: Hits=561, Misses=71, HitRate=88.77%
    Predictor Routed-Expert HitRate=76.92% (30/39, routed_n=1, horizon=2)
    Predictor RoutedForcedN HitRate=76.92% (30/39)
    Predictor RoutedTopK HitRate=56.73% (177/312)
    Predicted RequestedByRouterForcedN Rate=9.62% (30/312)
    Predicted RequestedByRouterTopK Rate=56.73% (177/312)
    Predictor WindowRecall Rate=56.08% (272/485)
    Predictor WindowPrecision Rate=87.18% (272/312)
    Loads Per Step: 0Loads=26, 1Load=38, >1Load=15
    Bandwidth: StallLoads=71, PrefetchLoads=18, AvgLoadTime=4.00ms
    PrefetchOverlap: HiddenReady=14, HiddenWait=0, TicksSkipped=0
    MissCause: NotPresent=71, NotReadyStall=0
    PrefetchEff: Dropped=0, AlreadyCached=302, UsedBeforeEvict=14, EvictedBeforeUse=2
    Predictor TopK matches: 0=9 1=30 >=2=0
Layer 25 Cache Stats: Hits=526, Misses=106, HitRate=83.23%
    Predictor Routed-Expert HitRate=84.62% (33/39, routed_n=1, horizon=2)
    Predictor RoutedForcedN HitRate=84.62% (33/39)
    Predictor RoutedTopK HitRate=48.08% (150/312)
    Predicted RequestedByRouterForcedN Rate=10.58% (33/312)
    Predicted RequestedByRouterTopK Rate=48.08% (150/312)
    Predictor WindowRecall Rate=49.71% (257/517)
    Predictor WindowPrecision Rate=82.37% (257/312)
    Loads Per Step: 0Loads=25, 1Load=17, >1Load=37
    Bandwidth: StallLoads=106, PrefetchLoads=71, AvgLoadTime=3.22ms
    PrefetchOverlap: HiddenReady=57, HiddenWait=0, TicksSkipped=0
    MissCause: NotPresent=106, NotReadyStall=0
    PrefetchEff: Dropped=0, AlreadyCached=249, UsedBeforeEvict=57, EvictedBeforeUse=13
    Predictor TopK matches: 0=6 1=33 >=2=0
Layer 26 Cache Stats: Hits=547, Misses=85, HitRate=86.55%
    Predictor Routed-Expert HitRate=84.62% (33/39, routed_n=1, horizon=2)
    Predictor RoutedForcedN HitRate=84.62% (33/39)
    Predictor RoutedTopK HitRate=58.97% (184/312)
    Predicted RequestedByRouterForcedN Rate=10.58% (33/312)
    Predicted RequestedByRouterTopK Rate=58.97% (184/312)
    Predictor WindowRecall Rate=53.78% (256/476)
    Predictor WindowPrecision Rate=82.05% (256/312)
    Loads Per Step: 0Loads=25, 1Load=28, >1Load=26
    Bandwidth: StallLoads=85, PrefetchLoads=30, AvgLoadTime=3.63ms
    PrefetchOverlap: HiddenReady=23, HiddenWait=0, TicksSkipped=0
    MissCause: NotPresent=85, NotReadyStall=0
    PrefetchEff: Dropped=0, AlreadyCached=290, UsedBeforeEvict=23, EvictedBeforeUse=5
    Predictor TopK matches: 0=6 1=33 >=2=0
Layer 27 Cache Stats: Hits=562, Misses=70, HitRate=88.92%
    Predictor Routed-Expert HitRate=79.49% (31/39, routed_n=1, horizon=2)
    Predictor RoutedForcedN HitRate=79.49% (31/39)
    Predictor RoutedTopK HitRate=60.26% (188/312)
    Predicted RequestedByRouterForcedN Rate=9.94% (31/312)
    Predicted RequestedByRouterTopK Rate=60.26% (188/312)
    Predictor WindowRecall Rate=54.39% (254/467)
    Predictor WindowPrecision Rate=81.41% (254/312)
    Loads Per Step: 0Loads=33, 1Load=28, >1Load=18
    Bandwidth: StallLoads=70, PrefetchLoads=15, AvgLoadTime=3.75ms
    PrefetchOverlap: HiddenReady=10, HiddenWait=0, TicksSkipped=0
    MissCause: NotPresent=70, NotReadyStall=0
    PrefetchEff: Dropped=0, AlreadyCached=305, UsedBeforeEvict=10, EvictedBeforeUse=3
    Predictor TopK matches: 0=8 1=31 >=2=0
Layer 28 Cache Stats: Hits=551, Misses=81, HitRate=87.18%
    Predictor Routed-Expert HitRate=89.74% (35/39, routed_n=1, horizon=2)
    Predictor RoutedForcedN HitRate=89.74% (35/39)
    Predictor RoutedTopK HitRate=61.86% (193/312)
    Predicted RequestedByRouterForcedN Rate=11.22% (35/312)
    Predicted RequestedByRouterTopK Rate=61.86% (193/312)
    Predictor WindowRecall Rate=56.89% (260/457)
    Predictor WindowPrecision Rate=83.33% (260/312)
    Loads Per Step: 0Loads=29, 1Load=27, >1Load=23
    Bandwidth: StallLoads=81, PrefetchLoads=36, AvgLoadTime=3.75ms
    PrefetchOverlap: HiddenReady=29, HiddenWait=0, TicksSkipped=0
    MissCause: NotPresent=81, NotReadyStall=0
    PrefetchEff: Dropped=0, AlreadyCached=284, UsedBeforeEvict=29, EvictedBeforeUse=6
    Predictor TopK matches: 0=4 1=35 >=2=0
Layer 29 Cache Stats: Hits=534, Misses=98, HitRate=84.49%
    Predictor Routed-Expert HitRate=71.79% (28/39, routed_n=1, horizon=2)
    Predictor RoutedForcedN HitRate=71.79% (28/39)
    Predictor RoutedTopK HitRate=52.88% (165/312)
    Predicted RequestedByRouterForcedN Rate=8.97% (28/312)
    Predicted RequestedByRouterTopK Rate=52.88% (165/312)
    Predictor WindowRecall Rate=50.10% (253/505)
    Predictor WindowPrecision Rate=81.09% (253/312)
    Loads Per Step: 0Loads=27, 1Load=23, >1Load=29
    Bandwidth: StallLoads=98, PrefetchLoads=36, AvgLoadTime=3.10ms
    PrefetchOverlap: HiddenReady=25, HiddenWait=0, TicksSkipped=0
    MissCause: NotPresent=98, NotReadyStall=0
    PrefetchEff: Dropped=0, AlreadyCached=284, UsedBeforeEvict=25, EvictedBeforeUse=10
    Predictor TopK matches: 0=11 1=28 >=2=0
Layer 30 Cache Stats: Hits=603, Misses=29, HitRate=95.41%
    Predictor Routed-Expert HitRate=97.44% (38/39, routed_n=1, horizon=2)
    Predictor RoutedForcedN HitRate=97.44% (38/39)
    Predictor RoutedTopK HitRate=65.38% (204/312)
    Predicted RequestedByRouterForcedN Rate=12.18% (38/312)
    Predicted RequestedByRouterTopK Rate=65.38% (204/312)
    Predictor WindowRecall Rate=60.43% (255/422)
    Predictor WindowPrecision Rate=81.73% (255/312)
    Loads Per Step: 0Loads=56, 1Load=18, >1Load=5
    Bandwidth: StallLoads=29, PrefetchLoads=10, AvgLoadTime=3.75ms
    PrefetchOverlap: HiddenReady=10, HiddenWait=0, TicksSkipped=0
    MissCause: NotPresent=29, NotReadyStall=0
    PrefetchEff: Dropped=0, AlreadyCached=310, UsedBeforeEvict=10, EvictedBeforeUse=0
    Predictor TopK matches: 0=1 1=38 >=2=0
Layer 31 Cache Stats: Hits=604, Misses=28, HitRate=95.57%
    Predictor Routed-Expert HitRate=92.31% (36/39, routed_n=1, horizon=2)
    Predictor RoutedForcedN HitRate=92.31% (36/39)
    Predictor RoutedTopK HitRate=71.47% (223/312)
    Predicted RequestedByRouterForcedN Rate=11.54% (36/312)
    Predicted RequestedByRouterTopK Rate=71.47% (223/312)
    Predictor WindowRecall Rate=65.29% (269/412)
    Predictor WindowPrecision Rate=86.22% (269/312)
    Loads Per Step: 0Loads=57, 1Load=16, >1Load=6
    Bandwidth: StallLoads=28, PrefetchLoads=5, AvgLoadTime=4.18ms
    PrefetchOverlap: HiddenReady=5, HiddenWait=0, TicksSkipped=0
    MissCause: NotPresent=28, NotReadyStall=0
    PrefetchEff: Dropped=0, AlreadyCached=315, UsedBeforeEvict=5, EvictedBeforeUse=0
    Predictor TopK matches: 0=3 1=36 >=2=0
Layer 32 Cache Stats: Hits=574, Misses=58, HitRate=90.82%
    Predictor Routed-Expert HitRate=82.05% (32/39, routed_n=1, horizon=2)
    Predictor RoutedForcedN HitRate=82.05% (32/39)
    Predictor RoutedTopK HitRate=63.78% (199/312)
    Predicted RequestedByRouterForcedN Rate=10.26% (32/312)
    Predicted RequestedByRouterTopK Rate=63.78% (199/312)
    Predictor WindowRecall Rate=60.73% (266/438)
    Predictor WindowPrecision Rate=85.26% (266/312)
    Loads Per Step: 0Loads=37, 1Load=30, >1Load=12
    Bandwidth: StallLoads=58, PrefetchLoads=19, AvgLoadTime=3.41ms
    PrefetchOverlap: HiddenReady=14, HiddenWait=0, TicksSkipped=0
    MissCause: NotPresent=58, NotReadyStall=0
    PrefetchEff: Dropped=0, AlreadyCached=301, UsedBeforeEvict=14, EvictedBeforeUse=5
    Predictor TopK matches: 0=7 1=32 >=2=0
Layer 33 Cache Stats: Hits=569, Misses=63, HitRate=90.03%
    Predictor Routed-Expert HitRate=82.05% (32/39, routed_n=1, horizon=2)
    Predictor RoutedForcedN HitRate=82.05% (32/39)
    Predictor RoutedTopK HitRate=67.63% (211/312)
    Predicted RequestedByRouterForcedN Rate=10.26% (32/312)
    Predicted RequestedByRouterTopK Rate=67.63% (211/312)
    Predictor WindowRecall Rate=61.73% (271/439)
    Predictor WindowPrecision Rate=86.86% (271/312)
    Loads Per Step: 0Loads=35, 1Load=29, >1Load=15
    Bandwidth: StallLoads=63, PrefetchLoads=24, AvgLoadTime=3.39ms
    PrefetchOverlap: HiddenReady=21, HiddenWait=0, TicksSkipped=0
    MissCause: NotPresent=63, NotReadyStall=0
    PrefetchEff: Dropped=0, AlreadyCached=296, UsedBeforeEvict=21, EvictedBeforeUse=1
    Predictor TopK matches: 0=7 1=32 >=2=0
Layer 34 Cache Stats: Hits=552, Misses=80, HitRate=87.34%
    Predictor Routed-Expert HitRate=92.31% (36/39, routed_n=1, horizon=2)
    Predictor RoutedForcedN HitRate=92.31% (36/39)
    Predictor RoutedTopK HitRate=60.58% (189/312)
    Predicted RequestedByRouterForcedN Rate=11.54% (36/312)
    Predicted RequestedByRouterTopK Rate=60.58% (189/312)
    Predictor WindowRecall Rate=58.35% (276/473)
    Predictor WindowPrecision Rate=88.46% (276/312)
    Loads Per Step: 0Loads=23, 1Load=43, >1Load=13
    Bandwidth: StallLoads=80, PrefetchLoads=31, AvgLoadTime=3.43ms
    PrefetchOverlap: HiddenReady=24, HiddenWait=0, TicksSkipped=0
    MissCause: NotPresent=80, NotReadyStall=0
    PrefetchEff: Dropped=0, AlreadyCached=289, UsedBeforeEvict=24, EvictedBeforeUse=6
    Predictor TopK matches: 0=3 1=36 >=2=0
Layer 35 Cache Stats: Hits=539, Misses=93, HitRate=85.28%
    Predictor Routed-Expert HitRate=74.36% (29/39, routed_n=1, horizon=2)
    Predictor RoutedForcedN HitRate=74.36% (29/39)
    Predictor RoutedTopK HitRate=58.97% (184/312)
    Predicted RequestedByRouterForcedN Rate=9.29% (29/312)
    Predicted RequestedByRouterTopK Rate=58.97% (184/312)
    Predictor WindowRecall Rate=56.85% (274/482)
    Predictor WindowPrecision Rate=87.82% (274/312)
    Loads Per Step: 0Loads=28, 1Load=27, >1Load=24
    Bandwidth: StallLoads=93, PrefetchLoads=53, AvgLoadTime=3.04ms
    PrefetchOverlap: HiddenReady=42, HiddenWait=0, TicksSkipped=0
    MissCause: NotPresent=93, NotReadyStall=0
    PrefetchEff: Dropped=0, AlreadyCached=267, UsedBeforeEvict=42, EvictedBeforeUse=8
    Predictor TopK matches: 0=10 1=29 >=2=0
Layer 36 Cache Stats: Hits=560, Misses=72, HitRate=88.61%
    Predictor Routed-Expert HitRate=82.05% (32/39, routed_n=1, horizon=2)
    Predictor RoutedForcedN HitRate=82.05% (32/39)
    Predictor RoutedTopK HitRate=59.62% (186/312)
    Predicted RequestedByRouterForcedN Rate=10.26% (32/312)
    Predicted RequestedByRouterTopK Rate=59.62% (186/312)
    Predictor WindowRecall Rate=56.63% (269/475)
    Predictor WindowPrecision Rate=86.22% (269/312)
    Loads Per Step: 0Loads=29, 1Load=34, >1Load=16
    Bandwidth: StallLoads=72, PrefetchLoads=26, AvgLoadTime=3.94ms
    PrefetchOverlap: HiddenReady=23, HiddenWait=0, TicksSkipped=0
    MissCause: NotPresent=72, NotReadyStall=0
    PrefetchEff: Dropped=0, AlreadyCached=294, UsedBeforeEvict=23, EvictedBeforeUse=2
    Predictor TopK matches: 0=7 1=32 >=2=0
Layer 37 Cache Stats: Hits=538, Misses=94, HitRate=85.13%
    Predictor Routed-Expert HitRate=79.49% (31/39, routed_n=1, horizon=2)
    Predictor RoutedForcedN HitRate=79.49% (31/39)
    Predictor RoutedTopK HitRate=52.56% (164/312)
    Predicted RequestedByRouterForcedN Rate=9.94% (31/312)
    Predicted RequestedByRouterTopK Rate=52.56% (164/312)
    Predictor WindowRecall Rate=53.08% (276/520)
    Predictor WindowPrecision Rate=88.46% (276/312)
    Loads Per Step: 0Loads=26, 1Load=26, >1Load=27
    Bandwidth: StallLoads=94, PrefetchLoads=76, AvgLoadTime=3.08ms
    PrefetchOverlap: HiddenReady=69, HiddenWait=0, TicksSkipped=0
    MissCause: NotPresent=94, NotReadyStall=0
    PrefetchEff: Dropped=0, AlreadyCached=244, UsedBeforeEvict=69, EvictedBeforeUse=5
    Predictor TopK matches: 0=8 1=31 >=2=0
Layer 38 Cache Stats: Hits=559, Misses=73, HitRate=88.45%
    Predictor Routed-Expert HitRate=87.18% (34/39, routed_n=1, horizon=2)
    Predictor RoutedForcedN HitRate=87.18% (34/39)
    Predictor RoutedTopK HitRate=60.58% (189/312)
    Predicted RequestedByRouterForcedN Rate=10.90% (34/312)
    Predicted RequestedByRouterTopK Rate=60.58% (189/312)
    Predictor WindowRecall Rate=56.56% (263/465)
    Predictor WindowPrecision Rate=84.29% (263/312)
    Loads Per Step: 0Loads=33, 1Load=25, >1Load=21
    Bandwidth: StallLoads=73, PrefetchLoads=38, AvgLoadTime=4.14ms
    PrefetchOverlap: HiddenReady=34, HiddenWait=0, TicksSkipped=0
    MissCause: NotPresent=73, NotReadyStall=0
    PrefetchEff: Dropped=0, AlreadyCached=282, UsedBeforeEvict=34, EvictedBeforeUse=4
    Predictor TopK matches: 0=5 1=34 >=2=0
Layer 39 Cache Stats: Hits=556, Misses=76, HitRate=87.97%
    Predictor Routed-Expert HitRate=82.05% (32/39, routed_n=1, horizon=2)
    Predictor RoutedForcedN HitRate=82.05% (32/39)
    Predictor RoutedTopK HitRate=63.14% (197/312)
    Predicted RequestedByRouterForcedN Rate=10.26% (32/312)
    Predicted RequestedByRouterTopK Rate=63.14% (197/312)
    Predictor WindowRecall Rate=57.65% (275/477)
    Predictor WindowPrecision Rate=88.14% (275/312)
    Loads Per Step: 0Loads=31, 1Load=32, >1Load=16
    Bandwidth: StallLoads=76, PrefetchLoads=28, AvgLoadTime=4.12ms
    PrefetchOverlap: HiddenReady=24, HiddenWait=0, TicksSkipped=0
    MissCause: NotPresent=76, NotReadyStall=0
    PrefetchEff: Dropped=0, AlreadyCached=292, UsedBeforeEvict=24, EvictedBeforeUse=4
    Predictor TopK matches: 0=7 1=32 >=2=0
Layer 40 Cache Stats: Hits=564, Misses=68, HitRate=89.24%
    Predictor Routed-Expert HitRate=82.05% (32/39, routed_n=1, horizon=2)
    Predictor RoutedForcedN HitRate=82.05% (32/39)
    Predictor RoutedTopK HitRate=63.14% (197/312)
    Predicted RequestedByRouterForcedN Rate=10.26% (32/312)
    Predicted RequestedByRouterTopK Rate=63.14% (197/312)
    Predictor WindowRecall Rate=59.70% (280/469)
    Predictor WindowPrecision Rate=89.74% (280/312)
    Loads Per Step: 0Loads=40, 1Load=20, >1Load=19
    Bandwidth: StallLoads=68, PrefetchLoads=37, AvgLoadTime=3.76ms
    PrefetchOverlap: HiddenReady=32, HiddenWait=0, TicksSkipped=0
    MissCause: NotPresent=68, NotReadyStall=0
    PrefetchEff: Dropped=0, AlreadyCached=283, UsedBeforeEvict=32, EvictedBeforeUse=4
    Predictor TopK matches: 0=7 1=32 >=2=0
Layer 41 Cache Stats: Hits=549, Misses=83, HitRate=86.87%
    Predictor Routed-Expert HitRate=51.28% (20/39, routed_n=1, horizon=2)
    Predictor RoutedForcedN HitRate=51.28% (20/39)
    Predictor RoutedTopK HitRate=50.32% (157/312)
    Predicted RequestedByRouterForcedN Rate=6.41% (20/312)
    Predicted RequestedByRouterTopK Rate=50.32% (157/312)
    Predictor WindowRecall Rate=51.09% (258/505)
    Predictor WindowPrecision Rate=82.69% (258/312)
    Loads Per Step: 0Loads=30, 1Load=28, >1Load=21
    Bandwidth: StallLoads=83, PrefetchLoads=57, AvgLoadTime=3.48ms
    PrefetchOverlap: HiddenReady=47, HiddenWait=0, TicksSkipped=0
    MissCause: NotPresent=83, NotReadyStall=0
    PrefetchEff: Dropped=0, AlreadyCached=263, UsedBeforeEvict=47, EvictedBeforeUse=9
    Predictor TopK matches: 0=19 1=20 >=2=0
Layer 42 Cache Stats: Hits=547, Misses=85, HitRate=86.55%
    Predictor Routed-Expert HitRate=61.54% (24/39, routed_n=1, horizon=2)
    Predictor RoutedForcedN HitRate=61.54% (24/39)
    Predictor RoutedTopK HitRate=54.49% (170/312)
    Predicted RequestedByRouterForcedN Rate=7.69% (24/312)
    Predicted RequestedByRouterTopK Rate=54.49% (170/312)
    Predictor WindowRecall Rate=55.39% (267/482)
    Predictor WindowPrecision Rate=85.58% (267/312)
    Loads Per Step: 0Loads=27, 1Load=29, >1Load=23
    Bandwidth: StallLoads=85, PrefetchLoads=53, AvgLoadTime=3.56ms
    PrefetchOverlap: HiddenReady=47, HiddenWait=0, TicksSkipped=0
    MissCause: NotPresent=85, NotReadyStall=0
    PrefetchEff: Dropped=0, AlreadyCached=267, UsedBeforeEvict=47, EvictedBeforeUse=6
    Predictor TopK matches: 0=15 1=24 >=2=0
Layer 43 Cache Stats: Hits=568, Misses=64, HitRate=89.87%
    Predictor Routed-Expert HitRate=64.10% (25/39, routed_n=1, horizon=2)
    Predictor RoutedForcedN HitRate=64.10% (25/39)
    Predictor RoutedTopK HitRate=59.29% (185/312)
    Predicted RequestedByRouterForcedN Rate=8.01% (25/312)
    Predicted RequestedByRouterTopK Rate=59.29% (185/312)
    Predictor WindowRecall Rate=58.21% (273/469)
    Predictor WindowPrecision Rate=87.50% (273/312)
    Loads Per Step: 0Loads=39, 1Load=24, >1Load=16
    Bandwidth: StallLoads=64, PrefetchLoads=32, AvgLoadTime=3.87ms
    PrefetchOverlap: HiddenReady=30, HiddenWait=0, TicksSkipped=0
    MissCause: NotPresent=64, NotReadyStall=0
    PrefetchEff: Dropped=0, AlreadyCached=288, UsedBeforeEvict=30, EvictedBeforeUse=2
    Predictor TopK matches: 0=14 1=25 >=2=0
Layer 44 Cache Stats: Hits=575, Misses=57, HitRate=90.98%
    Predictor Routed-Expert HitRate=87.18% (34/39, routed_n=1, horizon=2)
    Predictor RoutedForcedN HitRate=87.18% (34/39)
    Predictor RoutedTopK HitRate=60.58% (189/312)
    Predicted RequestedByRouterForcedN Rate=10.90% (34/312)
    Predicted RequestedByRouterTopK Rate=60.58% (189/312)
    Predictor WindowRecall Rate=57.11% (265/464)
    Predictor WindowPrecision Rate=84.94% (265/312)
    Loads Per Step: 0Loads=44, 1Load=19, >1Load=16
    Bandwidth: StallLoads=57, PrefetchLoads=29, AvgLoadTime=4.01ms
    PrefetchOverlap: HiddenReady=27, HiddenWait=0, TicksSkipped=0
    MissCause: NotPresent=57, NotReadyStall=0
    PrefetchEff: Dropped=0, AlreadyCached=291, UsedBeforeEvict=27, EvictedBeforeUse=2
    Predictor TopK matches: 0=5 1=34 >=2=0
Layer 45 Cache Stats: Hits=591, Misses=41, HitRate=93.51%
    Predictor Routed-Expert HitRate=79.49% (31/39, routed_n=1, horizon=2)
    Predictor RoutedForcedN HitRate=79.49% (31/39)
    Predictor RoutedTopK HitRate=57.37% (179/312)
    Predicted RequestedByRouterForcedN Rate=9.94% (31/312)
    Predicted RequestedByRouterTopK Rate=57.37% (179/312)
    Predictor WindowRecall Rate=57.68% (274/475)
    Predictor WindowPrecision Rate=87.82% (274/312)
    Loads Per Step: 0Loads=51, 1Load=18, >1Load=10
    Bandwidth: StallLoads=41, PrefetchLoads=15, AvgLoadTime=4.13ms
    PrefetchOverlap: HiddenReady=13, HiddenWait=0, TicksSkipped=0
    MissCause: NotPresent=41, NotReadyStall=0
    PrefetchEff: Dropped=0, AlreadyCached=305, UsedBeforeEvict=13, EvictedBeforeUse=2
    Predictor TopK matches: 0=8 1=31 >=2=0
Layer 46 Cache Stats: Hits=567, Misses=65, HitRate=89.72%
    Predictor Routed-Expert HitRate=53.85% (21/39, routed_n=1, horizon=2)
    Predictor RoutedForcedN HitRate=53.85% (21/39)
    Predictor RoutedTopK HitRate=58.33% (182/312)
    Predicted RequestedByRouterForcedN Rate=6.73% (21/312)
    Predicted RequestedByRouterTopK Rate=58.33% (182/312)
    Predictor WindowRecall Rate=55.26% (273/494)
    Predictor WindowPrecision Rate=87.50% (273/312)
    Loads Per Step: 0Loads=38, 1Load=26, >1Load=15
    Bandwidth: StallLoads=65, PrefetchLoads=30, AvgLoadTime=4.19ms
    PrefetchOverlap: HiddenReady=24, HiddenWait=0, TicksSkipped=0
    MissCause: NotPresent=65, NotReadyStall=0
    PrefetchEff: Dropped=0, AlreadyCached=290, UsedBeforeEvict=24, EvictedBeforeUse=4
    Predictor TopK matches: 0=18 1=21 >=2=0
Layer 47 Cache Stats: Hits=545, Misses=87, HitRate=86.23%
    Predictor Routed-Expert HitRate=46.15% (18/39, routed_n=1, horizon=2)
    Predictor RoutedForcedN HitRate=46.15% (18/39)
    Predictor RoutedTopK HitRate=40.71% (127/312)
    Predicted RequestedByRouterForcedN Rate=5.77% (18/312)
    Predicted RequestedByRouterTopK Rate=40.71% (127/312)
    Predictor WindowRecall Rate=49.46% (275/556)
    Predictor WindowPrecision Rate=88.14% (275/312)
    Loads Per Step: 0Loads=28, 1Load=28, >1Load=23
    Bandwidth: StallLoads=87, PrefetchLoads=57, AvgLoadTime=3.52ms
    PrefetchOverlap: HiddenReady=52, HiddenWait=0, TicksSkipped=0
    MissCause: NotPresent=87, NotReadyStall=0
    PrefetchEff: Dropped=0, AlreadyCached=263, UsedBeforeEvict=52, EvictedBeforeUse=4
    Predictor TopK matches: 0=21 1=18 >=2=0
============================================================
[TorchScriptPredictor Layer 0] Shutdown complete
[TorchScriptPredictor Layer 1] Shutdown complete
[TorchScriptPredictor Layer 2] Shutdown complete
[TorchScriptPredictor Layer 3] Shutdown complete
[TorchScriptPredictor Layer 4] Shutdown complete
[TorchScriptPredictor Layer 5] Shutdown complete
[TorchScriptPredictor Layer 6] Shutdown complete
[TorchScriptPredictor Layer 7] Shutdown complete
[TorchScriptPredictor Layer 8] Shutdown complete
[TorchScriptPredictor Layer 9] Shutdown complete
[TorchScriptPredictor Layer 10] Shutdown complete
[TorchScriptPredictor Layer 11] Shutdown complete
[TorchScriptPredictor Layer 12] Shutdown complete
[TorchScriptPredictor Layer 13] Shutdown complete
[TorchScriptPredictor Layer 14] Shutdown complete
[TorchScriptPredictor Layer 15] Shutdown complete
[TorchScriptPredictor Layer 16] Shutdown complete
[TorchScriptPredictor Layer 17] Shutdown complete
[TorchScriptPredictor Layer 18] Shutdown complete
[TorchScriptPredictor Layer 19] Shutdown complete
[TorchScriptPredictor Layer 20] Shutdown complete
[TorchScriptPredictor Layer 21] Shutdown complete
[TorchScriptPredictor Layer 22] Shutdown complete
[TorchScriptPredictor Layer 23] Shutdown complete
[TorchScriptPredictor Layer 24] Shutdown complete
[TorchScriptPredictor Layer 25] Shutdown complete
[TorchScriptPredictor Layer 26] Shutdown complete
[TorchScriptPredictor Layer 27] Shutdown complete
[TorchScriptPredictor Layer 28] Shutdown complete
[TorchScriptPredictor Layer 29] Shutdown complete
[TorchScriptPredictor Layer 30] Shutdown complete
[TorchScriptPredictor Layer 31] Shutdown complete
[TorchScriptPredictor Layer 32] Shutdown complete
[TorchScriptPredictor Layer 33] Shutdown complete
[TorchScriptPredictor Layer 34] Shutdown complete
[TorchScriptPredictor Layer 35] Shutdown complete
[TorchScriptPredictor Layer 36] Shutdown complete
[TorchScriptPredictor Layer 37] Shutdown complete
[TorchScriptPredictor Layer 38] Shutdown complete
[TorchScriptPredictor Layer 39] Shutdown complete
[TorchScriptPredictor Layer 40] Shutdown complete
[TorchScriptPredictor Layer 41] Shutdown complete
[TorchScriptPredictor Layer 42] Shutdown complete
[TorchScriptPredictor Layer 43] Shutdown complete
[TorchScriptPredictor Layer 44] Shutdown complete
[TorchScriptPredictor Layer 45] Shutdown complete
[TorchScriptPredictor Layer 46] Shutdown complete
[TorchScriptPredictor Layer 47] Shutdown complete
============================================================
Initializing Qwen3 30B-A3B AWQ w4a16 quantized model...
============================================================
Loading quantized weights from QuixiAI/Qwen3-30B-A3B-AWQ...
Using saved safetensors: /home/michael/heteroPredict/py/unified_llm_w4a16/model_weights/Qwen3-30B-A3B-AWQ.safetensors
Expert weights dir: /home/michael/heteroPredict/py/unified_llm_w4a16/model_weights/Qwen3-30B-A3B-AWQ_packed  (format: packed)
Using existing attention weights in /home/michael/heteroPredict/py/unified_llm_w4a16/model_weights/Qwen3-30B-A3B-AWQ_unpacked
Weights loaded (expert dir override) in 0.30 seconds
Pre-warming expert cache with 32 experts...
Model initialized successfully!
Set expert cache policy to LFRU.

Running sweep using prompts from JSON: /tmp/tmp4_ok5x4i.json
Loaded 1 prompts for sweeping.

Processing Prompt 1/1...

============================================================
Generated text only:
============================================================
 Finland , France , Germany , Hungary , Netherlands , New Zealand , Norway , Spain , Sweden , Switzerland and the United States . It also reached number one on the Irish Singles Chart and the UK Singles Chart . The song was certified platinum in the UK and gold in Ireland . The music video for " Kiss You " was directed by Declan Luce and features the group performing the song in a large ball
============================================================

============================================================
Sweep Complete.
Average Time per Token: 0.467796
End-to-End TPS: 2.1377
Cache Stats: Hits=26480, Misses=3856, HitRate=87.29%
Predictor Stats: Hits=1420, Total=1872, HitRate=75.85%
Initializing UnifiedLLMW4A16Impl_base
Using NPU config struct.
Configuring NPU (Base):
  Heterogeneity: gpu
  GPU Count: 1
  Debug Verbosity: 1
  Dummy Weights: false
  Warmup: false
  Preload MoE: true
  Minimal PDI: true
[GPU SELECT] Free VRAM ranking: gpu0=28.00/28.00 GiB
[GPU SELECT] Selected GPUs for gpu-count=1: [0]
[GPU MAP] Single-GPU placement on gpu0
[Predictor] Layer 0 model path resolved to: /home/michael/heteroPredict/trainingData/qwen3_30b/transformer_final_pfill_markov_emb/transformer_eh4_h64_f2/layer_0/best_jit.pt
[Predictor] Running on device: CPU (NPU path) (heterogeneity="gpu", predictor_device="cpu")
[ThreadedTorchScriptPredictor Layer 0] Detected history_length=4 from /home/michael/heteroPredict/trainingData/qwen3_30b/transformer_final_pfill_markov_emb/transformer_eh4_h64_f2/layer_0/best.json
[TorchScriptPredictor Layer 0] Loading model on CPU
[TorchScriptPredictor Layer 0] Assuming prefill_dist, prev_expert_onehot, and prev_layers_feat support (v3 API).
[TorchScriptPredictor Layer 0] prefill_dist support: yes, prev_expert_onehot support: yes, prev_layers_feat support: yes
[TorchScriptPredictor Layer 0] Loaded model: /home/michael/heteroPredict/trainingData/qwen3_30b/transformer_final_pfill_markov_emb/transformer_eh4_h64_f2/layer_0/best_jit.pt
[ThreadedTorchScriptPredictor Layer 1] Detected history_length=4 from /home/michael/heteroPredict/trainingData/qwen3_30b/transformer_final_pfill_markov_emb/transformer_eh4_h64_f2/layer_1/best.json
[TorchScriptPredictor Layer 1] Loading model on CPU
[TorchScriptPredictor Layer 1] Assuming prefill_dist, prev_expert_onehot, and prev_layers_feat support (v3 API).
[TorchScriptPredictor Layer 1] prefill_dist support: yes, prev_expert_onehot support: yes, prev_layers_feat support: yes
[TorchScriptPredictor Layer 1] Loaded model: /home/michael/heteroPredict/trainingData/qwen3_30b/transformer_final_pfill_markov_emb/transformer_eh4_h64_f2/layer_1/best_jit.pt
[ThreadedTorchScriptPredictor Layer 2] Detected history_length=4 from /home/michael/heteroPredict/trainingData/qwen3_30b/transformer_final_pfill_markov_emb/transformer_eh4_h64_f2/layer_2/best.json
[TorchScriptPredictor Layer 2] Loading model on CPU
[TorchScriptPredictor Layer 2] Assuming prefill_dist, prev_expert_onehot, and prev_layers_feat support (v3 API).
[TorchScriptPredictor Layer 2] prefill_dist support: yes, prev_expert_onehot support: yes, prev_layers_feat support: yes
[TorchScriptPredictor Layer 2] Loaded model: /home/michael/heteroPredict/trainingData/qwen3_30b/transformer_final_pfill_markov_emb/transformer_eh4_h64_f2/layer_2/best_jit.pt
[ThreadedTorchScriptPredictor Layer 3] Detected history_length=4 from /home/michael/heteroPredict/trainingData/qwen3_30b/transformer_final_pfill_markov_emb/transformer_eh4_h64_f2/layer_3/best.json
[TorchScriptPredictor Layer 3] Loading model on CPU
[TorchScriptPredictor Layer 3] Assuming prefill_dist, prev_expert_onehot, and prev_layers_feat support (v3 API).
[TorchScriptPredictor Layer 3] prefill_dist support: yes, prev_expert_onehot support: yes, prev_layers_feat support: yes
[TorchScriptPredictor Layer 3] Loaded model: /home/michael/heteroPredict/trainingData/qwen3_30b/transformer_final_pfill_markov_emb/transformer_eh4_h64_f2/layer_3/best_jit.pt
[ThreadedTorchScriptPredictor Layer 4] Detected history_length=4 from /home/michael/heteroPredict/trainingData/qwen3_30b/transformer_final_pfill_markov_emb/transformer_eh4_h64_f2/layer_4/best.json
[TorchScriptPredictor Layer 4] Loading model on CPU
[TorchScriptPredictor Layer 4] Assuming prefill_dist, prev_expert_onehot, and prev_layers_feat support (v3 API).
[TorchScriptPredictor Layer 4] prefill_dist support: yes, prev_expert_onehot support: yes, prev_layers_feat support: yes
[TorchScriptPredictor Layer 4] Loaded model: /home/michael/heteroPredict/trainingData/qwen3_30b/transformer_final_pfill_markov_emb/transformer_eh4_h64_f2/layer_4/best_jit.pt
[ThreadedTorchScriptPredictor Layer 5] Detected history_length=4 from /home/michael/heteroPredict/trainingData/qwen3_30b/transformer_final_pfill_markov_emb/transformer_eh4_h64_f2/layer_5/best.json
[TorchScriptPredictor Layer 5] Loading model on CPU
[TorchScriptPredictor Layer 5] Assuming prefill_dist, prev_expert_onehot, and prev_layers_feat support (v3 API).
[TorchScriptPredictor Layer 5] prefill_dist support: yes, prev_expert_onehot support: yes, prev_layers_feat support: yes
[TorchScriptPredictor Layer 5] Loaded model: /home/michael/heteroPredict/trainingData/qwen3_30b/transformer_final_pfill_markov_emb/transformer_eh4_h64_f2/layer_5/best_jit.pt
[ThreadedTorchScriptPredictor Layer 6] Detected history_length=4 from /home/michael/heteroPredict/trainingData/qwen3_30b/transformer_final_pfill_markov_emb/transformer_eh4_h64_f2/layer_6/best.json
[TorchScriptPredictor Layer 6] Loading model on CPU
[TorchScriptPredictor Layer 6] Assuming prefill_dist, prev_expert_onehot, and prev_layers_feat support (v3 API).
[TorchScriptPredictor Layer 6] prefill_dist support: yes, prev_expert_onehot support: yes, prev_layers_feat support: yes
[TorchScriptPredictor Layer 6] Loaded model: /home/michael/heteroPredict/trainingData/qwen3_30b/transformer_final_pfill_markov_emb/transformer_eh4_h64_f2/layer_6/best_jit.pt
[ThreadedTorchScriptPredictor Layer 7] Detected history_length=4 from /home/michael/heteroPredict/trainingData/qwen3_30b/transformer_final_pfill_markov_emb/transformer_eh4_h64_f2/layer_7/best.json
[TorchScriptPredictor Layer 7] Loading model on CPU
[TorchScriptPredictor Layer 7] Assuming prefill_dist, prev_expert_onehot, and prev_layers_feat support (v3 API).
[TorchScriptPredictor Layer 7] prefill_dist support: yes, prev_expert_onehot support: yes, prev_layers_feat support: yes
[TorchScriptPredictor Layer 7] Loaded model: /home/michael/heteroPredict/trainingData/qwen3_30b/transformer_final_pfill_markov_emb/transformer_eh4_h64_f2/layer_7/best_jit.pt
[ThreadedTorchScriptPredictor Layer 8] Detected history_length=4 from /home/michael/heteroPredict/trainingData/qwen3_30b/transformer_final_pfill_markov_emb/transformer_eh4_h64_f2/layer_8/best.json
[TorchScriptPredictor Layer 8] Loading model on CPU
[TorchScriptPredictor Layer 8] Assuming prefill_dist, prev_expert_onehot, and prev_layers_feat support (v3 API).
[TorchScriptPredictor Layer 8] prefill_dist support: yes, prev_expert_onehot support: yes, prev_layers_feat support: yes
[TorchScriptPredictor Layer 8] Loaded model: /home/michael/heteroPredict/trainingData/qwen3_30b/transformer_final_pfill_markov_emb/transformer_eh4_h64_f2/layer_8/best_jit.pt
[ThreadedTorchScriptPredictor Layer 9] Detected history_length=4 from /home/michael/heteroPredict/trainingData/qwen3_30b/transformer_final_pfill_markov_emb/transformer_eh4_h64_f2/layer_9/best.json
[TorchScriptPredictor Layer 9] Loading model on CPU
[TorchScriptPredictor Layer 9] Assuming prefill_dist, prev_expert_onehot, and prev_layers_feat support (v3 API).
[TorchScriptPredictor Layer 9] prefill_dist support: yes, prev_expert_onehot support: yes, prev_layers_feat support: yes
[TorchScriptPredictor Layer 9] Loaded model: /home/michael/heteroPredict/trainingData/qwen3_30b/transformer_final_pfill_markov_emb/transformer_eh4_h64_f2/layer_9/best_jit.pt
[ThreadedTorchScriptPredictor Layer 10] Detected history_length=4 from /home/michael/heteroPredict/trainingData/qwen3_30b/transformer_final_pfill_markov_emb/transformer_eh4_h64_f2/layer_10/best.json
[TorchScriptPredictor Layer 10] Loading model on CPU
[TorchScriptPredictor Layer 10] Assuming prefill_dist, prev_expert_onehot, and prev_layers_feat support (v3 API).
[TorchScriptPredictor Layer 10] prefill_dist support: yes, prev_expert_onehot support: yes, prev_layers_feat support: yes
[TorchScriptPredictor Layer 10] Loaded model: /home/michael/heteroPredict/trainingData/qwen3_30b/transformer_final_pfill_markov_emb/transformer_eh4_h64_f2/layer_10/best_jit.pt
[ThreadedTorchScriptPredictor Layer 11] Detected history_length=4 from /home/michael/heteroPredict/trainingData/qwen3_30b/transformer_final_pfill_markov_emb/transformer_eh4_h64_f2/layer_11/best.json
[TorchScriptPredictor Layer 11] Loading model on CPU
[TorchScriptPredictor Layer 11] Assuming prefill_dist, prev_expert_onehot, and prev_layers_feat support (v3 API).
[TorchScriptPredictor Layer 11] prefill_dist support: yes, prev_expert_onehot support: yes, prev_layers_feat support: yes
[TorchScriptPredictor Layer 11] Loaded model: /home/michael/heteroPredict/trainingData/qwen3_30b/transformer_final_pfill_markov_emb/transformer_eh4_h64_f2/layer_11/best_jit.pt
[ThreadedTorchScriptPredictor Layer 12] Detected history_length=4 from /home/michael/heteroPredict/trainingData/qwen3_30b/transformer_final_pfill_markov_emb/transformer_eh4_h64_f2/layer_12/best.json
[TorchScriptPredictor Layer 12] Loading model on CPU
[TorchScriptPredictor Layer 12] Assuming prefill_dist, prev_expert_onehot, and prev_layers_feat support (v3 API).
[TorchScriptPredictor Layer 12] prefill_dist support: yes, prev_expert_onehot support: yes, prev_layers_feat support: yes
[TorchScriptPredictor Layer 12] Loaded model: /home/michael/heteroPredict/trainingData/qwen3_30b/transformer_final_pfill_markov_emb/transformer_eh4_h64_f2/layer_12/best_jit.pt
[ThreadedTorchScriptPredictor Layer 13] Detected history_length=4 from /home/michael/heteroPredict/trainingData/qwen3_30b/transformer_final_pfill_markov_emb/transformer_eh4_h64_f2/layer_13/best.json
[TorchScriptPredictor Layer 13] Loading model on CPU
[TorchScriptPredictor Layer 13] Assuming prefill_dist, prev_expert_onehot, and prev_layers_feat support (v3 API).
[TorchScriptPredictor Layer 13] prefill_dist support: yes, prev_expert_onehot support: yes, prev_layers_feat support: yes
[TorchScriptPredictor Layer 13] Loaded model: /home/michael/heteroPredict/trainingData/qwen3_30b/transformer_final_pfill_markov_emb/transformer_eh4_h64_f2/layer_13/best_jit.pt
[ThreadedTorchScriptPredictor Layer 14] Detected history_length=4 from /home/michael/heteroPredict/trainingData/qwen3_30b/transformer_final_pfill_markov_emb/transformer_eh4_h64_f2/layer_14/best.json
[TorchScriptPredictor Layer 14] Loading model on CPU
[TorchScriptPredictor Layer 14] Assuming prefill_dist, prev_expert_onehot, and prev_layers_feat support (v3 API).
[TorchScriptPredictor Layer 14] prefill_dist support: yes, prev_expert_onehot support: yes, prev_layers_feat support: yes
[TorchScriptPredictor Layer 14] Loaded model: /home/michael/heteroPredict/trainingData/qwen3_30b/transformer_final_pfill_markov_emb/transformer_eh4_h64_f2/layer_14/best_jit.pt
[ThreadedTorchScriptPredictor Layer 15] Detected history_length=4 from /home/michael/heteroPredict/trainingData/qwen3_30b/transformer_final_pfill_markov_emb/transformer_eh4_h64_f2/layer_15/best.json
[TorchScriptPredictor Layer 15] Loading model on CPU
[TorchScriptPredictor Layer 15] Assuming prefill_dist, prev_expert_onehot, and prev_layers_feat support (v3 API).
[TorchScriptPredictor Layer 15] prefill_dist support: yes, prev_expert_onehot support: yes, prev_layers_feat support: yes
[TorchScriptPredictor Layer 15] Loaded model: /home/michael/heteroPredict/trainingData/qwen3_30b/transformer_final_pfill_markov_emb/transformer_eh4_h64_f2/layer_15/best_jit.pt
[ThreadedTorchScriptPredictor Layer 16] Detected history_length=4 from /home/michael/heteroPredict/trainingData/qwen3_30b/transformer_final_pfill_markov_emb/transformer_eh4_h64_f2/layer_16/best.json
[TorchScriptPredictor Layer 16] Loading model on CPU
[TorchScriptPredictor Layer 16] Assuming prefill_dist, prev_expert_onehot, and prev_layers_feat support (v3 API).
[TorchScriptPredictor Layer 16] prefill_dist support: yes, prev_expert_onehot support: yes, prev_layers_feat support: yes
[TorchScriptPredictor Layer 16] Loaded model: /home/michael/heteroPredict/trainingData/qwen3_30b/transformer_final_pfill_markov_emb/transformer_eh4_h64_f2/layer_16/best_jit.pt
[ThreadedTorchScriptPredictor Layer 17] Detected history_length=4 from /home/michael/heteroPredict/trainingData/qwen3_30b/transformer_final_pfill_markov_emb/transformer_eh4_h64_f2/layer_17/best.json
[TorchScriptPredictor Layer 17] Loading model on CPU
[TorchScriptPredictor Layer 17] Assuming prefill_dist, prev_expert_onehot, and prev_layers_feat support (v3 API).
[TorchScriptPredictor Layer 17] prefill_dist support: yes, prev_expert_onehot support: yes, prev_layers_feat support: yes
[TorchScriptPredictor Layer 17] Loaded model: /home/michael/heteroPredict/trainingData/qwen3_30b/transformer_final_pfill_markov_emb/transformer_eh4_h64_f2/layer_17/best_jit.pt
[ThreadedTorchScriptPredictor Layer 18] Detected history_length=4 from /home/michael/heteroPredict/trainingData/qwen3_30b/transformer_final_pfill_markov_emb/transformer_eh4_h64_f2/layer_18/best.json
[TorchScriptPredictor Layer 18] Loading model on CPU
[TorchScriptPredictor Layer 18] Assuming prefill_dist, prev_expert_onehot, and prev_layers_feat support (v3 API).
[TorchScriptPredictor Layer 18] prefill_dist support: yes, prev_expert_onehot support: yes, prev_layers_feat support: yes
[TorchScriptPredictor Layer 18] Loaded model: /home/michael/heteroPredict/trainingData/qwen3_30b/transformer_final_pfill_markov_emb/transformer_eh4_h64_f2/layer_18/best_jit.pt
[ThreadedTorchScriptPredictor Layer 19] Detected history_length=4 from /home/michael/heteroPredict/trainingData/qwen3_30b/transformer_final_pfill_markov_emb/transformer_eh4_h64_f2/layer_19/best.json
[TorchScriptPredictor Layer 19] Loading model on CPU
[TorchScriptPredictor Layer 19] Assuming prefill_dist, prev_expert_onehot, and prev_layers_feat support (v3 API).
[TorchScriptPredictor Layer 19] prefill_dist support: yes, prev_expert_onehot support: yes, prev_layers_feat support: yes
[TorchScriptPredictor Layer 19] Loaded model: /home/michael/heteroPredict/trainingData/qwen3_30b/transformer_final_pfill_markov_emb/transformer_eh4_h64_f2/layer_19/best_jit.pt
[ThreadedTorchScriptPredictor Layer 20] Detected history_length=4 from /home/michael/heteroPredict/trainingData/qwen3_30b/transformer_final_pfill_markov_emb/transformer_eh4_h64_f2/layer_20/best.json
[TorchScriptPredictor Layer 20] Loading model on CPU
[TorchScriptPredictor Layer 20] Assuming prefill_dist, prev_expert_onehot, and prev_layers_feat support (v3 API).
[TorchScriptPredictor Layer 20] prefill_dist support: yes, prev_expert_onehot support: yes, prev_layers_feat support: yes
[TorchScriptPredictor Layer 20] Loaded model: /home/michael/heteroPredict/trainingData/qwen3_30b/transformer_final_pfill_markov_emb/transformer_eh4_h64_f2/layer_20/best_jit.pt
[ThreadedTorchScriptPredictor Layer 21] Detected history_length=4 from /home/michael/heteroPredict/trainingData/qwen3_30b/transformer_final_pfill_markov_emb/transformer_eh4_h64_f2/layer_21/best.json
[TorchScriptPredictor Layer 21] Loading model on CPU
[TorchScriptPredictor Layer 21] Assuming prefill_dist, prev_expert_onehot, and prev_layers_feat support (v3 API).
[TorchScriptPredictor Layer 21] prefill_dist support: yes, prev_expert_onehot support: yes, prev_layers_feat support: yes
[TorchScriptPredictor Layer 21] Loaded model: /home/michael/heteroPredict/trainingData/qwen3_30b/transformer_final_pfill_markov_emb/transformer_eh4_h64_f2/layer_21/best_jit.pt
[ThreadedTorchScriptPredictor Layer 22] Detected history_length=4 from /home/michael/heteroPredict/trainingData/qwen3_30b/transformer_final_pfill_markov_emb/transformer_eh4_h64_f2/layer_22/best.json
[TorchScriptPredictor Layer 22] Loading model on CPU
[TorchScriptPredictor Layer 22] Assuming prefill_dist, prev_expert_onehot, and prev_layers_feat support (v3 API).
[TorchScriptPredictor Layer 22] prefill_dist support: yes, prev_expert_onehot support: yes, prev_layers_feat support: yes
[TorchScriptPredictor Layer 22] Loaded model: /home/michael/heteroPredict/trainingData/qwen3_30b/transformer_final_pfill_markov_emb/transformer_eh4_h64_f2/layer_22/best_jit.pt
[ThreadedTorchScriptPredictor Layer 23] Detected history_length=4 from /home/michael/heteroPredict/trainingData/qwen3_30b/transformer_final_pfill_markov_emb/transformer_eh4_h64_f2/layer_23/best.json
[TorchScriptPredictor Layer 23] Loading model on CPU
[TorchScriptPredictor Layer 23] Assuming prefill_dist, prev_expert_onehot, and prev_layers_feat support (v3 API).
[TorchScriptPredictor Layer 23] prefill_dist support: yes, prev_expert_onehot support: yes, prev_layers_feat support: yes
[TorchScriptPredictor Layer 23] Loaded model: /home/michael/heteroPredict/trainingData/qwen3_30b/transformer_final_pfill_markov_emb/transformer_eh4_h64_f2/layer_23/best_jit.pt
[ThreadedTorchScriptPredictor Layer 24] Detected history_length=4 from /home/michael/heteroPredict/trainingData/qwen3_30b/transformer_final_pfill_markov_emb/transformer_eh4_h64_f2/layer_24/best.json
[TorchScriptPredictor Layer 24] Loading model on CPU
[TorchScriptPredictor Layer 24] Assuming prefill_dist, prev_expert_onehot, and prev_layers_feat support (v3 API).
[TorchScriptPredictor Layer 24] prefill_dist support: yes, prev_expert_onehot support: yes, prev_layers_feat support: yes
[TorchScriptPredictor Layer 24] Loaded model: /home/michael/heteroPredict/trainingData/qwen3_30b/transformer_final_pfill_markov_emb/transformer_eh4_h64_f2/layer_24/best_jit.pt
[ThreadedTorchScriptPredictor Layer 25] Detected history_length=4 from /home/michael/heteroPredict/trainingData/qwen3_30b/transformer_final_pfill_markov_emb/transformer_eh4_h64_f2/layer_25/best.json
[TorchScriptPredictor Layer 25] Loading model on CPU
[TorchScriptPredictor Layer 25] Assuming prefill_dist, prev_expert_onehot, and prev_layers_feat support (v3 API).
[TorchScriptPredictor Layer 25] prefill_dist support: yes, prev_expert_onehot support: yes, prev_layers_feat support: yes
[TorchScriptPredictor Layer 25] Loaded model: /home/michael/heteroPredict/trainingData/qwen3_30b/transformer_final_pfill_markov_emb/transformer_eh4_h64_f2/layer_25/best_jit.pt
[ThreadedTorchScriptPredictor Layer 26] Detected history_length=4 from /home/michael/heteroPredict/trainingData/qwen3_30b/transformer_final_pfill_markov_emb/transformer_eh4_h64_f2/layer_26/best.json
[TorchScriptPredictor Layer 26] Loading model on CPU
[TorchScriptPredictor Layer 26] Assuming prefill_dist, prev_expert_onehot, and prev_layers_feat support (v3 API).
[TorchScriptPredictor Layer 26] prefill_dist support: yes, prev_expert_onehot support: yes, prev_layers_feat support: yes
[TorchScriptPredictor Layer 26] Loaded model: /home/michael/heteroPredict/trainingData/qwen3_30b/transformer_final_pfill_markov_emb/transformer_eh4_h64_f2/layer_26/best_jit.pt
[ThreadedTorchScriptPredictor Layer 27] Detected history_length=4 from /home/michael/heteroPredict/trainingData/qwen3_30b/transformer_final_pfill_markov_emb/transformer_eh4_h64_f2/layer_27/best.json
[TorchScriptPredictor Layer 27] Loading model on CPU
[TorchScriptPredictor Layer 27] Assuming prefill_dist, prev_expert_onehot, and prev_layers_feat support (v3 API).
[TorchScriptPredictor Layer 27] prefill_dist support: yes, prev_expert_onehot support: yes, prev_layers_feat support: yes
[TorchScriptPredictor Layer 27] Loaded model: /home/michael/heteroPredict/trainingData/qwen3_30b/transformer_final_pfill_markov_emb/transformer_eh4_h64_f2/layer_27/best_jit.pt
[ThreadedTorchScriptPredictor Layer 28] Detected history_length=4 from /home/michael/heteroPredict/trainingData/qwen3_30b/transformer_final_pfill_markov_emb/transformer_eh4_h64_f2/layer_28/best.json
[TorchScriptPredictor Layer 28] Loading model on CPU
[TorchScriptPredictor Layer 28] Assuming prefill_dist, prev_expert_onehot, and prev_layers_feat support (v3 API).
[TorchScriptPredictor Layer 28] prefill_dist support: yes, prev_expert_onehot support: yes, prev_layers_feat support: yes
[TorchScriptPredictor Layer 28] Loaded model: /home/michael/heteroPredict/trainingData/qwen3_30b/transformer_final_pfill_markov_emb/transformer_eh4_h64_f2/layer_28/best_jit.pt
[ThreadedTorchScriptPredictor Layer 29] Detected history_length=4 from /home/michael/heteroPredict/trainingData/qwen3_30b/transformer_final_pfill_markov_emb/transformer_eh4_h64_f2/layer_29/best.json
[TorchScriptPredictor Layer 29] Loading model on CPU
[TorchScriptPredictor Layer 29] Assuming prefill_dist, prev_expert_onehot, and prev_layers_feat support (v3 API).
[TorchScriptPredictor Layer 29] prefill_dist support: yes, prev_expert_onehot support: yes, prev_layers_feat support: yes
[TorchScriptPredictor Layer 29] Loaded model: /home/michael/heteroPredict/trainingData/qwen3_30b/transformer_final_pfill_markov_emb/transformer_eh4_h64_f2/layer_29/best_jit.pt
[ThreadedTorchScriptPredictor Layer 30] Detected history_length=4 from /home/michael/heteroPredict/trainingData/qwen3_30b/transformer_final_pfill_markov_emb/transformer_eh4_h64_f2/layer_30/best.json
[TorchScriptPredictor Layer 30] Loading model on CPU
[TorchScriptPredictor Layer 30] Assuming prefill_dist, prev_expert_onehot, and prev_layers_feat support (v3 API).
[TorchScriptPredictor Layer 30] prefill_dist support: yes, prev_expert_onehot support: yes, prev_layers_feat support: yes
[TorchScriptPredictor Layer 30] Loaded model: /home/michael/heteroPredict/trainingData/qwen3_30b/transformer_final_pfill_markov_emb/transformer_eh4_h64_f2/layer_30/best_jit.pt
[ThreadedTorchScriptPredictor Layer 31] Detected history_length=4 from /home/michael/heteroPredict/trainingData/qwen3_30b/transformer_final_pfill_markov_emb/transformer_eh4_h64_f2/layer_31/best.json
[TorchScriptPredictor Layer 31] Loading model on CPU
[TorchScriptPredictor Layer 31] Assuming prefill_dist, prev_expert_onehot, and prev_layers_feat support (v3 API).
[TorchScriptPredictor Layer 31] prefill_dist support: yes, prev_expert_onehot support: yes, prev_layers_feat support: yes
[TorchScriptPredictor Layer 31] Loaded model: /home/michael/heteroPredict/trainingData/qwen3_30b/transformer_final_pfill_markov_emb/transformer_eh4_h64_f2/layer_31/best_jit.pt
[ThreadedTorchScriptPredictor Layer 32] Detected history_length=4 from /home/michael/heteroPredict/trainingData/qwen3_30b/transformer_final_pfill_markov_emb/transformer_eh4_h64_f2/layer_32/best.json
[TorchScriptPredictor Layer 32] Loading model on CPU
[TorchScriptPredictor Layer 32] Assuming prefill_dist, prev_expert_onehot, and prev_layers_feat support (v3 API).
[TorchScriptPredictor Layer 32] prefill_dist support: yes, prev_expert_onehot support: yes, prev_layers_feat support: yes
[TorchScriptPredictor Layer 32] Loaded model: /home/michael/heteroPredict/trainingData/qwen3_30b/transformer_final_pfill_markov_emb/transformer_eh4_h64_f2/layer_32/best_jit.pt
[ThreadedTorchScriptPredictor Layer 33] Detected history_length=4 from /home/michael/heteroPredict/trainingData/qwen3_30b/transformer_final_pfill_markov_emb/transformer_eh4_h64_f2/layer_33/best.json
[TorchScriptPredictor Layer 33] Loading model on CPU
[TorchScriptPredictor Layer 33] Assuming prefill_dist, prev_expert_onehot, and prev_layers_feat support (v3 API).
[TorchScriptPredictor Layer 33] prefill_dist support: yes, prev_expert_onehot support: yes, prev_layers_feat support: yes
[TorchScriptPredictor Layer 33] Loaded model: /home/michael/heteroPredict/trainingData/qwen3_30b/transformer_final_pfill_markov_emb/transformer_eh4_h64_f2/layer_33/best_jit.pt
[ThreadedTorchScriptPredictor Layer 34] Detected history_length=4 from /home/michael/heteroPredict/trainingData/qwen3_30b/transformer_final_pfill_markov_emb/transformer_eh4_h64_f2/layer_34/best.json
[TorchScriptPredictor Layer 34] Loading model on CPU
[TorchScriptPredictor Layer 34] Assuming prefill_dist, prev_expert_onehot, and prev_layers_feat support (v3 API).
[TorchScriptPredictor Layer 34] prefill_dist support: yes, prev_expert_onehot support: yes, prev_layers_feat support: yes
[TorchScriptPredictor Layer 34] Loaded model: /home/michael/heteroPredict/trainingData/qwen3_30b/transformer_final_pfill_markov_emb/transformer_eh4_h64_f2/layer_34/best_jit.pt
[ThreadedTorchScriptPredictor Layer 35] Detected history_length=4 from /home/michael/heteroPredict/trainingData/qwen3_30b/transformer_final_pfill_markov_emb/transformer_eh4_h64_f2/layer_35/best.json
[TorchScriptPredictor Layer 35] Loading model on CPU
[TorchScriptPredictor Layer 35] Assuming prefill_dist, prev_expert_onehot, and prev_layers_feat support (v3 API).
[TorchScriptPredictor Layer 35] prefill_dist support: yes, prev_expert_onehot support: yes, prev_layers_feat support: yes
[TorchScriptPredictor Layer 35] Loaded model: /home/michael/heteroPredict/trainingData/qwen3_30b/transformer_final_pfill_markov_emb/transformer_eh4_h64_f2/layer_35/best_jit.pt
[ThreadedTorchScriptPredictor Layer 36] Detected history_length=4 from /home/michael/heteroPredict/trainingData/qwen3_30b/transformer_final_pfill_markov_emb/transformer_eh4_h64_f2/layer_36/best.json
[TorchScriptPredictor Layer 36] Loading model on CPU
[TorchScriptPredictor Layer 36] Assuming prefill_dist, prev_expert_onehot, and prev_layers_feat support (v3 API).
[TorchScriptPredictor Layer 36] prefill_dist support: yes, prev_expert_onehot support: yes, prev_layers_feat support: yes
[TorchScriptPredictor Layer 36] Loaded model: /home/michael/heteroPredict/trainingData/qwen3_30b/transformer_final_pfill_markov_emb/transformer_eh4_h64_f2/layer_36/best_jit.pt
[ThreadedTorchScriptPredictor Layer 37] Detected history_length=4 from /home/michael/heteroPredict/trainingData/qwen3_30b/transformer_final_pfill_markov_emb/transformer_eh4_h64_f2/layer_37/best.json
[TorchScriptPredictor Layer 37] Loading model on CPU
[TorchScriptPredictor Layer 37] Assuming prefill_dist, prev_expert_onehot, and prev_layers_feat support (v3 API).
[TorchScriptPredictor Layer 37] prefill_dist support: yes, prev_expert_onehot support: yes, prev_layers_feat support: yes
[TorchScriptPredictor Layer 37] Loaded model: /home/michael/heteroPredict/trainingData/qwen3_30b/transformer_final_pfill_markov_emb/transformer_eh4_h64_f2/layer_37/best_jit.pt
[ThreadedTorchScriptPredictor Layer 38] Detected history_length=4 from /home/michael/heteroPredict/trainingData/qwen3_30b/transformer_final_pfill_markov_emb/transformer_eh4_h64_f2/layer_38/best.json
[TorchScriptPredictor Layer 38] Loading model on CPU
[TorchScriptPredictor Layer 38] Assuming prefill_dist, prev_expert_onehot, and prev_layers_feat support (v3 API).
[TorchScriptPredictor Layer 38] prefill_dist support: yes, prev_expert_onehot support: yes, prev_layers_feat support: yes
[TorchScriptPredictor Layer 38] Loaded model: /home/michael/heteroPredict/trainingData/qwen3_30b/transformer_final_pfill_markov_emb/transformer_eh4_h64_f2/layer_38/best_jit.pt
[ThreadedTorchScriptPredictor Layer 39] Detected history_length=4 from /home/michael/heteroPredict/trainingData/qwen3_30b/transformer_final_pfill_markov_emb/transformer_eh4_h64_f2/layer_39/best.json
[TorchScriptPredictor Layer 39] Loading model on CPU
[TorchScriptPredictor Layer 39] Assuming prefill_dist, prev_expert_onehot, and prev_layers_feat support (v3 API).
[TorchScriptPredictor Layer 39] prefill_dist support: yes, prev_expert_onehot support: yes, prev_layers_feat support: yes
[TorchScriptPredictor Layer 39] Loaded model: /home/michael/heteroPredict/trainingData/qwen3_30b/transformer_final_pfill_markov_emb/transformer_eh4_h64_f2/layer_39/best_jit.pt
[ThreadedTorchScriptPredictor Layer 40] Detected history_length=4 from /home/michael/heteroPredict/trainingData/qwen3_30b/transformer_final_pfill_markov_emb/transformer_eh4_h64_f2/layer_40/best.json
[TorchScriptPredictor Layer 40] Loading model on CPU
[TorchScriptPredictor Layer 40] Assuming prefill_dist, prev_expert_onehot, and prev_layers_feat support (v3 API).
[TorchScriptPredictor Layer 40] prefill_dist support: yes, prev_expert_onehot support: yes, prev_layers_feat support: yes
[TorchScriptPredictor Layer 40] Loaded model: /home/michael/heteroPredict/trainingData/qwen3_30b/transformer_final_pfill_markov_emb/transformer_eh4_h64_f2/layer_40/best_jit.pt
[ThreadedTorchScriptPredictor Layer 41] Detected history_length=4 from /home/michael/heteroPredict/trainingData/qwen3_30b/transformer_final_pfill_markov_emb/transformer_eh4_h64_f2/layer_41/best.json
[TorchScriptPredictor Layer 41] Loading model on CPU
[TorchScriptPredictor Layer 41] Assuming prefill_dist, prev_expert_onehot, and prev_layers_feat support (v3 API).
[TorchScriptPredictor Layer 41] prefill_dist support: yes, prev_expert_onehot support: yes, prev_layers_feat support: yes
[TorchScriptPredictor Layer 41] Loaded model: /home/michael/heteroPredict/trainingData/qwen3_30b/transformer_final_pfill_markov_emb/transformer_eh4_h64_f2/layer_41/best_jit.pt
[ThreadedTorchScriptPredictor Layer 42] Detected history_length=4 from /home/michael/heteroPredict/trainingData/qwen3_30b/transformer_final_pfill_markov_emb/transformer_eh4_h64_f2/layer_42/best.json
[TorchScriptPredictor Layer 42] Loading model on CPU
[TorchScriptPredictor Layer 42] Assuming prefill_dist, prev_expert_onehot, and prev_layers_feat support (v3 API).
[TorchScriptPredictor Layer 42] prefill_dist support: yes, prev_expert_onehot support: yes, prev_layers_feat support: yes
[TorchScriptPredictor Layer 42] Loaded model: /home/michael/heteroPredict/trainingData/qwen3_30b/transformer_final_pfill_markov_emb/transformer_eh4_h64_f2/layer_42/best_jit.pt
[ThreadedTorchScriptPredictor Layer 43] Detected history_length=4 from /home/michael/heteroPredict/trainingData/qwen3_30b/transformer_final_pfill_markov_emb/transformer_eh4_h64_f2/layer_43/best.json
[TorchScriptPredictor Layer 43] Loading model on CPU
[TorchScriptPredictor Layer 43] Assuming prefill_dist, prev_expert_onehot, and prev_layers_feat support (v3 API).
[TorchScriptPredictor Layer 43] prefill_dist support: yes, prev_expert_onehot support: yes, prev_layers_feat support: yes
[TorchScriptPredictor Layer 43] Loaded model: /home/michael/heteroPredict/trainingData/qwen3_30b/transformer_final_pfill_markov_emb/transformer_eh4_h64_f2/layer_43/best_jit.pt
[ThreadedTorchScriptPredictor Layer 44] Detected history_length=4 from /home/michael/heteroPredict/trainingData/qwen3_30b/transformer_final_pfill_markov_emb/transformer_eh4_h64_f2/layer_44/best.json
[TorchScriptPredictor Layer 44] Loading model on CPU
[TorchScriptPredictor Layer 44] Assuming prefill_dist, prev_expert_onehot, and prev_layers_feat support (v3 API).
[TorchScriptPredictor Layer 44] prefill_dist support: yes, prev_expert_onehot support: yes, prev_layers_feat support: yes
[TorchScriptPredictor Layer 44] Loaded model: /home/michael/heteroPredict/trainingData/qwen3_30b/transformer_final_pfill_markov_emb/transformer_eh4_h64_f2/layer_44/best_jit.pt
[ThreadedTorchScriptPredictor Layer 45] Detected history_length=4 from /home/michael/heteroPredict/trainingData/qwen3_30b/transformer_final_pfill_markov_emb/transformer_eh4_h64_f2/layer_45/best.json
[TorchScriptPredictor Layer 45] Loading model on CPU
[TorchScriptPredictor Layer 45] Assuming prefill_dist, prev_expert_onehot, and prev_layers_feat support (v3 API).
[TorchScriptPredictor Layer 45] prefill_dist support: yes, prev_expert_onehot support: yes, prev_layers_feat support: yes
[TorchScriptPredictor Layer 45] Loaded model: /home/michael/heteroPredict/trainingData/qwen3_30b/transformer_final_pfill_markov_emb/transformer_eh4_h64_f2/layer_45/best_jit.pt
[ThreadedTorchScriptPredictor Layer 46] Detected history_length=4 from /home/michael/heteroPredict/trainingData/qwen3_30b/transformer_final_pfill_markov_emb/transformer_eh4_h64_f2/layer_46/best.json
[TorchScriptPredictor Layer 46] Loading model on CPU
[TorchScriptPredictor Layer 46] Assuming prefill_dist, prev_expert_onehot, and prev_layers_feat support (v3 API).
[TorchScriptPredictor Layer 46] prefill_dist support: yes, prev_expert_onehot support: yes, prev_layers_feat support: yes
[TorchScriptPredictor Layer 46] Loaded model: /home/michael/heteroPredict/trainingData/qwen3_30b/transformer_final_pfill_markov_emb/transformer_eh4_h64_f2/layer_46/best_jit.pt
[ThreadedTorchScriptPredictor Layer 47] Detected history_length=4 from /home/michael/heteroPredict/trainingData/qwen3_30b/transformer_final_pfill_markov_emb/transformer_eh4_h64_f2/layer_47/best.json
[TorchScriptPredictor Layer 47] Loading model on CPU
[TorchScriptPredictor Layer 47] Assuming prefill_dist, prev_expert_onehot, and prev_layers_feat support (v3 API).
[TorchScriptPredictor Layer 47] prefill_dist support: yes, prev_expert_onehot support: yes, prev_layers_feat support: yes
[TorchScriptPredictor Layer 47] Loaded model: /home/michael/heteroPredict/trainingData/qwen3_30b/transformer_final_pfill_markov_emb/transformer_eh4_h64_f2/layer_47/best_jit.pt
UnifiedLLMW4A16 moved to device: cuda:0
Preloading MoE kernels...
MoE kernels preloaded.
UnifiedLLMW4A16 initialized on device: cuda:0 with w4a16 quantization
[Predictor] Lookahead stride set to 2 (predictor fires every 2 decode tokens)
Loading non-quantized weights from safetensors (mmap): /home/michael/heteroPredict/py/unified_llm_w4a16/model_weights/Qwen3-30B-A3B-AWQ.safetensors
Loaded 243 non-quantized parameters, skipped 0
Loading quantized weights from bins: /home/michael/heteroPredict/py/unified_llm_w4a16/model_weights/Qwen3-30B-A3B-AWQ_unpacked
  Expert weights dir override: /home/michael/heteroPredict/py/unified_llm_w4a16/model_weights/Qwen3-30B-A3B-AWQ_packed
Pre-warming 32 experts for all layers...
Layer 0: Pre-warming 32 experts.
Layer 0: using packed expert format.
[MoE I/O] Expert weight reads require O_DIRECT (no buffered fallback).
Layer 1: Pre-warming 32 experts.
Layer 1: using packed expert format.
Layer 2: Pre-warming 32 experts.
Layer 2: using packed expert format.
Layer 3: Pre-warming 32 experts.
Layer 3: using packed expert format.
Prewarmed experts for layer 4/48
Layer 4: Pre-warming 32 experts.
Layer 4: using packed expert format.
Layer 5: Pre-warming 32 experts.
Layer 5: using packed expert format.
Layer 6: Pre-warming 32 experts.
Layer 6: using packed expert format.
Layer 7: Pre-warming 32 experts.
Layer 7: using packed expert format.
Prewarmed experts for layer 8/48
Layer 8: Pre-warming 32 experts.
Layer 8: using packed expert format.
Layer 9: Pre-warming 32 experts.
Layer 9: using packed expert format.
Layer 10: Pre-warming 32 experts.
Layer 10: using packed expert format.
Layer 11: Pre-warming 32 experts.
Layer 11: using packed expert format.
Prewarmed experts for layer 12/48
Layer 12: Pre-warming 32 experts.
Layer 12: using packed expert format.
Layer 13: Pre-warming 32 experts.
Layer 13: using packed expert format.
Layer 14: Pre-warming 32 experts.
Layer 14: using packed expert format.
Layer 15: Pre-warming 32 experts.
Layer 15: using packed expert format.
Prewarmed experts for layer 16/48
Layer 16: Pre-warming 32 experts.
Layer 16: using packed expert format.
Layer 17: Pre-warming 32 experts.
Layer 17: using packed expert format.
Layer 18: Pre-warming 32 experts.
Layer 18: using packed expert format.
Layer 19: Pre-warming 32 experts.
Layer 19: using packed expert format.
Prewarmed experts for layer 20/48
Layer 20: Pre-warming 32 experts.
Layer 20: using packed expert format.
Layer 21: Pre-warming 32 experts.
Layer 21: using packed expert format.
Layer 22: Pre-warming 32 experts.
Layer 22: using packed expert format.
Layer 23: Pre-warming 32 experts.
Layer 23: using packed expert format.
Prewarmed experts for layer 24/48
Layer 24: Pre-warming 32 experts.
Layer 24: using packed expert format.
Layer 25: Pre-warming 32 experts.
Layer 25: using packed expert format.
Layer 26: Pre-warming 32 experts.
Layer 26: using packed expert format.
Layer 27: Pre-warming 32 experts.
Layer 27: using packed expert format.
Prewarmed experts for layer 28/48
Layer 28: Pre-warming 32 experts.
Layer 28: using packed expert format.
Layer 29: Pre-warming 32 experts.
Layer 29: using packed expert format.
Layer 30: Pre-warming 32 experts.
Layer 30: using packed expert format.
Layer 31: Pre-warming 32 experts.
Layer 31: using packed expert format.
Prewarmed experts for layer 32/48
Layer 32: Pre-warming 32 experts.
Layer 32: using packed expert format.
Layer 33: Pre-warming 32 experts.
Layer 33: using packed expert format.
Layer 34: Pre-warming 32 experts.
Layer 34: using packed expert format.
Layer 35: Pre-warming 32 experts.
Layer 35: using packed expert format.
Prewarmed experts for layer 36/48
Layer 36: Pre-warming 32 experts.
Layer 36: using packed expert format.
Layer 37: Pre-warming 32 experts.
Layer 37: using packed expert format.
Layer 38: Pre-warming 32 experts.
Layer 38: using packed expert format.
Layer 39: Pre-warming 32 experts.
Layer 39: using packed expert format.
Prewarmed experts for layer 40/48
Layer 40: Pre-warming 32 experts.
Layer 40: using packed expert format.
Layer 41: Pre-warming 32 experts.
Layer 41: using packed expert format.
Layer 42: Pre-warming 32 experts.
Layer 42: using packed expert format.
Layer 43: Pre-warming 32 experts.
Layer 43: using packed expert format.
Prewarmed experts for layer 44/48
Layer 44: Pre-warming 32 experts.
Layer 44: using packed expert format.
Layer 45: Pre-warming 32 experts.
Layer 45: using packed expert format.
Layer 46: Pre-warming 32 experts.
Layer 46: using packed expert format.
Layer 47: Pre-warming 32 experts.
Layer 47: using packed expert format.
Prewarmed experts for layer 48/48
Libtorch input_ids shape: [1, 512]
Skipping warmup.
Prefill time: 19.8244 seconds
[Predictor] Prefill-end expert cache warmup (excluded from generation TPS).
[Layer 0 Warmup Debug] predict_sync returned: 38 122 18 28 33 64 118 4 124 91 86 82 87 75 100 72 70 24 92 14 46 89 74 32 21 9 79 69 117 68 103 44 112 57 37 101 119 22 105 42 98 12 0 125 11 110 65 26 29 53 25 45 43 107 3 16 106 66 102 95 23 85 58 50 114 6 111 47 126 77 31 48 40 93 73 90 120 76 13 67 109 80 62 99 113 41 116 78 60 104 121 59 94 81 56 71 97 49 35 8 51 39 115 54 20 52 55 36 88 108 10 5 30 15 96 7 1 17 27 61 123 2 127 83 84 34 19 63 
[Layer 0 Warmup Debug] experts_to_prefetch returned: 38 122 18 28 33 64 118 4 
[Layer 0 Warmup Debug] After prefill-end warmup, slots are: 64 4 102 103 104 105 106 107 108 109 110 111 112 113 114 115 116 117 118 119 120 121 122 123 124 125 126 127 38 18 28 33 
Generation phase
[Layer 0 Step 0 Debug] Slots before check: 64 4 102 103 104 105 106 107 108 109 110 111 112 113 114 115 116 117 118 119 120 121 122 123 124 125 126 127 38 18 28 33 
[Layer 0 Step 0 Debug] Requested: 18 38 122 82 33 118 70 86 
[gen 5/79] elapsed=1.9s  TPS=2.701
[gen 10/79] elapsed=3.0s  TPS=3.389
[gen 15/79] elapsed=4.1s  TPS=3.685
[gen 20/79] elapsed=5.3s  TPS=3.774
[gen 25/79] elapsed=6.5s  TPS=3.849
[gen 30/79] elapsed=7.5s  TPS=4.017
[gen 35/79] elapsed=8.4s  TPS=4.182
[gen 40/79] elapsed=9.4s  TPS=4.239
[gen 45/79] elapsed=10.7s  TPS=4.216
[gen 50/79] elapsed=11.9s  TPS=4.198
[gen 55/79] elapsed=13.1s  TPS=4.189
[gen 60/79] elapsed=14.2s  TPS=4.231
[gen 65/79] elapsed=15.3s  TPS=4.249
[gen 70/79] elapsed=16.2s  TPS=4.331
[gen 75/79] elapsed=17.2s  TPS=4.364
Prefill time (summary): 19.824 seconds
Total Generation Time: 18.320 seconds
Average Time per Token: 0.231902 seconds

Expert Cache Statistics:
Layer 0 Cache Stats: Hits=382, Misses=250, HitRate=60.44%
    Predictor Routed-Expert HitRate=35.90% (14/39, routed_n=1, horizon=2)
    Predictor RoutedForcedN HitRate=35.90% (14/39)
    Predictor RoutedTopK HitRate=28.53% (89/312)
    Predicted RequestedByRouterForcedN Rate=4.49% (14/312)
    Predicted RequestedByRouterTopK Rate=28.53% (89/312)
    Predictor WindowRecall Rate=31.54% (188/596)
    Predictor WindowPrecision Rate=60.26% (188/312)
    Loads Per Step: 0Loads=11, 1Load=11, >1Load=57
    Bandwidth: StallLoads=250, PrefetchLoads=131, AvgLoadTime=2.60ms
    PrefetchOverlap: HiddenReady=69, HiddenWait=0, TicksSkipped=0
    MissCause: NotPresent=250, NotReadyStall=0
    PrefetchEff: Dropped=0, AlreadyCached=189, UsedBeforeEvict=69, EvictedBeforeUse=55
    GlobalSpecLoad: PeakConcurrent=8
    Predictor TopK matches: 0=25 1=14 >=2=0
Layer 1 Cache Stats: Hits=450, Misses=182, HitRate=71.20%
    Predictor Routed-Expert HitRate=41.03% (16/39, routed_n=1, horizon=2)
    Predictor RoutedForcedN HitRate=41.03% (16/39)
    Predictor RoutedTopK HitRate=36.86% (115/312)
    Predicted RequestedByRouterForcedN Rate=5.13% (16/312)
    Predicted RequestedByRouterTopK Rate=36.86% (115/312)
    Predictor WindowRecall Rate=37.43% (201/537)
    Predictor WindowPrecision Rate=64.42% (201/312)
    Loads Per Step: 0Loads=12, 1Load=12, >1Load=55
    Bandwidth: StallLoads=182, PrefetchLoads=96, AvgLoadTime=3.12ms
    PrefetchOverlap: HiddenReady=59, HiddenWait=0, TicksSkipped=0
    MissCause: NotPresent=182, NotReadyStall=0
    PrefetchEff: Dropped=0, AlreadyCached=224, UsedBeforeEvict=59, EvictedBeforeUse=32
    Predictor TopK matches: 0=23 1=16 >=2=0
Layer 2 Cache Stats: Hits=432, Misses=200, HitRate=68.35%
    Predictor Routed-Expert HitRate=56.41% (22/39, routed_n=1, horizon=2)
    Predictor RoutedForcedN HitRate=56.41% (22/39)
    Predictor RoutedTopK HitRate=42.31% (132/312)
    Predicted RequestedByRouterForcedN Rate=7.05% (22/312)
    Predicted RequestedByRouterTopK Rate=42.31% (132/312)
    Predictor WindowRecall Rate=38.32% (210/548)
    Predictor WindowPrecision Rate=67.31% (210/312)
    Loads Per Step: 0Loads=2, 1Load=20, >1Load=57
    Bandwidth: StallLoads=200, PrefetchLoads=84, AvgLoadTime=3.34ms
    PrefetchOverlap: HiddenReady=52, HiddenWait=0, TicksSkipped=0
    MissCause: NotPresent=200, NotReadyStall=0
    PrefetchEff: Dropped=0, AlreadyCached=236, UsedBeforeEvict=52, EvictedBeforeUse=30
    Predictor TopK matches: 0=17 1=22 >=2=0
Layer 3 Cache Stats: Hits=435, Misses=197, HitRate=68.83%
    Predictor Routed-Expert HitRate=56.41% (22/39, routed_n=1, horizon=2)
    Predictor RoutedForcedN HitRate=56.41% (22/39)
    Predictor RoutedTopK HitRate=39.42% (123/312)
    Predicted RequestedByRouterForcedN Rate=7.05% (22/312)
    Predicted RequestedByRouterTopK Rate=39.42% (123/312)
    Predictor WindowRecall Rate=39.77% (212/533)
    Predictor WindowPrecision Rate=67.95% (212/312)
    Loads Per Step: 0Loads=3, 1Load=16, >1Load=60
    Bandwidth: StallLoads=197, PrefetchLoads=97, AvgLoadTime=3.07ms
    PrefetchOverlap: HiddenReady=72, HiddenWait=0, TicksSkipped=0
    MissCause: NotPresent=197, NotReadyStall=0
    PrefetchEff: Dropped=0, AlreadyCached=223, UsedBeforeEvict=72, EvictedBeforeUse=20
    Predictor TopK matches: 0=17 1=22 >=2=0
Layer 4 Cache Stats: Hits=472, Misses=160, HitRate=74.68%
    Predictor Routed-Expert HitRate=74.36% (29/39, routed_n=1, horizon=2)
    Predictor RoutedForcedN HitRate=74.36% (29/39)
    Predictor RoutedTopK HitRate=44.87% (140/312)
    Predicted RequestedByRouterForcedN Rate=9.29% (29/312)
    Predicted RequestedByRouterTopK Rate=44.87% (140/312)
    Predictor WindowRecall Rate=41.09% (212/516)
    Predictor WindowPrecision Rate=67.95% (212/312)
    Loads Per Step: 0Loads=6, 1Load=26, >1Load=47
    Bandwidth: StallLoads=160, PrefetchLoads=70, AvgLoadTime=3.29ms
    PrefetchOverlap: HiddenReady=48, HiddenWait=0, TicksSkipped=0
    MissCause: NotPresent=160, NotReadyStall=0
    PrefetchEff: Dropped=0, AlreadyCached=250, UsedBeforeEvict=48, EvictedBeforeUse=21
    Predictor TopK matches: 0=10 1=29 >=2=0
Layer 5 Cache Stats: Hits=501, Misses=131, HitRate=79.27%
    Predictor Routed-Expert HitRate=66.67% (26/39, routed_n=1, horizon=2)
    Predictor RoutedForcedN HitRate=66.67% (26/39)
    Predictor RoutedTopK HitRate=48.72% (152/312)
    Predicted RequestedByRouterForcedN Rate=8.33% (26/312)
    Predicted RequestedByRouterTopK Rate=48.72% (152/312)
    Predictor WindowRecall Rate=45.93% (237/516)
    Predictor WindowPrecision Rate=75.96% (237/312)
    Loads Per Step: 0Loads=18, 1Load=19, >1Load=42
    Bandwidth: StallLoads=131, PrefetchLoads=40, AvgLoadTime=3.28ms
    PrefetchOverlap: HiddenReady=25, HiddenWait=0, TicksSkipped=0
    MissCause: NotPresent=131, NotReadyStall=0
    PrefetchEff: Dropped=0, AlreadyCached=280, UsedBeforeEvict=25, EvictedBeforeUse=14
    Predictor TopK matches: 0=13 1=26 >=2=0
Layer 6 Cache Stats: Hits=563, Misses=69, HitRate=89.08%
    Predictor Routed-Expert HitRate=92.31% (36/39, routed_n=1, horizon=2)
    Predictor RoutedForcedN HitRate=92.31% (36/39)
    Predictor RoutedTopK HitRate=58.65% (183/312)
    Predicted RequestedByRouterForcedN Rate=11.54% (36/312)
    Predicted RequestedByRouterTopK Rate=58.65% (183/312)
    Predictor WindowRecall Rate=50.55% (231/457)
    Predictor WindowPrecision Rate=74.04% (231/312)
    Loads Per Step: 0Loads=29, 1Load=37, >1Load=13
    Bandwidth: StallLoads=69, PrefetchLoads=16, AvgLoadTime=3.75ms
    PrefetchOverlap: HiddenReady=12, HiddenWait=0, TicksSkipped=0
    MissCause: NotPresent=69, NotReadyStall=0
    PrefetchEff: Dropped=0, AlreadyCached=304, UsedBeforeEvict=12, EvictedBeforeUse=4
    Predictor TopK matches: 0=3 1=36 >=2=0
Layer 7 Cache Stats: Hits=583, Misses=49, HitRate=92.25%
    Predictor Routed-Expert HitRate=74.36% (29/39, routed_n=1, horizon=2)
    Predictor RoutedForcedN HitRate=74.36% (29/39)
    Predictor RoutedTopK HitRate=56.73% (177/312)
    Predicted RequestedByRouterForcedN Rate=9.29% (29/312)
    Predicted RequestedByRouterTopK Rate=56.73% (177/312)
    Predictor WindowRecall Rate=51.68% (231/447)
    Predictor WindowPrecision Rate=74.04% (231/312)
    Loads Per Step: 0Loads=50, 1Load=16, >1Load=13
    Bandwidth: StallLoads=49, PrefetchLoads=9, AvgLoadTime=3.32ms
    PrefetchOverlap: HiddenReady=9, HiddenWait=0, TicksSkipped=0
    MissCause: NotPresent=49, NotReadyStall=0
    PrefetchEff: Dropped=0, AlreadyCached=311, UsedBeforeEvict=9, EvictedBeforeUse=0
    Predictor TopK matches: 0=10 1=29 >=2=0
Layer 8 Cache Stats: Hits=543, Misses=89, HitRate=85.92%
    Predictor Routed-Expert HitRate=79.49% (31/39, routed_n=1, horizon=2)
    Predictor RoutedForcedN HitRate=79.49% (31/39)
    Predictor RoutedTopK HitRate=58.01% (181/312)
    Predicted RequestedByRouterForcedN Rate=9.94% (31/312)
    Predicted RequestedByRouterTopK Rate=58.01% (181/312)
    Predictor WindowRecall Rate=52.25% (244/467)
    Predictor WindowPrecision Rate=78.21% (244/312)
    Loads Per Step: 0Loads=27, 1Load=28, >1Load=24
    Bandwidth: StallLoads=89, PrefetchLoads=32, AvgLoadTime=3.24ms
    PrefetchOverlap: HiddenReady=20, HiddenWait=0, TicksSkipped=0
    MissCause: NotPresent=89, NotReadyStall=0
    PrefetchEff: Dropped=0, AlreadyCached=288, UsedBeforeEvict=20, EvictedBeforeUse=11
    Predictor TopK matches: 0=8 1=31 >=2=0
Layer 9 Cache Stats: Hits=553, Misses=79, HitRate=87.50%
    Predictor Routed-Expert HitRate=82.05% (32/39, routed_n=1, horizon=2)
    Predictor RoutedForcedN HitRate=82.05% (32/39)
    Predictor RoutedTopK HitRate=62.82% (196/312)
    Predicted RequestedByRouterForcedN Rate=10.26% (32/312)
    Predicted RequestedByRouterTopK Rate=62.82% (196/312)
    Predictor WindowRecall Rate=57.92% (256/442)
    Predictor WindowPrecision Rate=82.05% (256/312)
    Loads Per Step: 0Loads=33, 1Load=23, >1Load=23
    Bandwidth: StallLoads=79, PrefetchLoads=23, AvgLoadTime=3.40ms
    PrefetchOverlap: HiddenReady=18, HiddenWait=0, TicksSkipped=0
    MissCause: NotPresent=79, NotReadyStall=0
    PrefetchEff: Dropped=0, AlreadyCached=297, UsedBeforeEvict=18, EvictedBeforeUse=4
    Predictor TopK matches: 0=7 1=32 >=2=0
Layer 10 Cache Stats: Hits=530, Misses=102, HitRate=83.86%
    Predictor Routed-Expert HitRate=74.36% (29/39, routed_n=1, horizon=2)
    Predictor RoutedForcedN HitRate=74.36% (29/39)
    Predictor RoutedTopK HitRate=53.85% (168/312)
    Predicted RequestedByRouterForcedN Rate=9.29% (29/312)
    Predicted RequestedByRouterTopK Rate=53.85% (168/312)
    Predictor WindowRecall Rate=51.90% (246/474)
    Predictor WindowPrecision Rate=78.85% (246/312)
    Loads Per Step: 0Loads=22, 1Load=24, >1Load=33
    Bandwidth: StallLoads=102, PrefetchLoads=34, AvgLoadTime=3.42ms
    PrefetchOverlap: HiddenReady=24, HiddenWait=0, TicksSkipped=0
    MissCause: NotPresent=102, NotReadyStall=0
    PrefetchEff: Dropped=0, AlreadyCached=286, UsedBeforeEvict=24, EvictedBeforeUse=9
    Predictor TopK matches: 0=10 1=29 >=2=0
Layer 11 Cache Stats: Hits=489, Misses=143, HitRate=77.37%
    Predictor Routed-Expert HitRate=56.41% (22/39, routed_n=1, horizon=2)
    Predictor RoutedForcedN HitRate=56.41% (22/39)
    Predictor RoutedTopK HitRate=45.83% (143/312)
    Predicted RequestedByRouterForcedN Rate=7.05% (22/312)
    Predicted RequestedByRouterTopK Rate=45.83% (143/312)
    Predictor WindowRecall Rate=45.95% (227/494)
    Predictor WindowPrecision Rate=72.76% (227/312)
    Loads Per Step: 0Loads=13, 1Load=24, >1Load=42
    Bandwidth: StallLoads=143, PrefetchLoads=68, AvgLoadTime=2.95ms
    PrefetchOverlap: HiddenReady=46, HiddenWait=0, TicksSkipped=0
    MissCause: NotPresent=143, NotReadyStall=0
    PrefetchEff: Dropped=0, AlreadyCached=252, UsedBeforeEvict=46, EvictedBeforeUse=20
    Predictor TopK matches: 0=17 1=22 >=2=0
Layer 12 Cache Stats: Hits=540, Misses=92, HitRate=85.44%
    Predictor Routed-Expert HitRate=79.49% (31/39, routed_n=1, horizon=2)
    Predictor RoutedForcedN HitRate=79.49% (31/39)
    Predictor RoutedTopK HitRate=56.09% (175/312)
    Predicted RequestedByRouterForcedN Rate=9.94% (31/312)
    Predicted RequestedByRouterTopK Rate=56.09% (175/312)
    Predictor WindowRecall Rate=52.49% (242/461)
    Predictor WindowPrecision Rate=77.56% (242/312)
    Loads Per Step: 0Loads=25, 1Load=27, >1Load=27
    Bandwidth: StallLoads=92, PrefetchLoads=25, AvgLoadTime=3.47ms
    PrefetchOverlap: HiddenReady=16, HiddenWait=0, TicksSkipped=0
    MissCause: NotPresent=92, NotReadyStall=0
    PrefetchEff: Dropped=0, AlreadyCached=295, UsedBeforeEvict=16, EvictedBeforeUse=8
    Predictor TopK matches: 0=8 1=31 >=2=0
Layer 13 Cache Stats: Hits=533, Misses=99, HitRate=84.34%
    Predictor Routed-Expert HitRate=61.54% (24/39, routed_n=1, horizon=2)
    Predictor RoutedForcedN HitRate=61.54% (24/39)
    Predictor RoutedTopK HitRate=52.88% (165/312)
    Predicted RequestedByRouterForcedN Rate=7.69% (24/312)
    Predicted RequestedByRouterTopK Rate=52.88% (165/312)
    Predictor WindowRecall Rate=48.57% (238/490)
    Predictor WindowPrecision Rate=76.28% (238/312)
    Loads Per Step: 0Loads=25, 1Load=24, >1Load=30
    Bandwidth: StallLoads=99, PrefetchLoads=43, AvgLoadTime=3.12ms
    PrefetchOverlap: HiddenReady=35, HiddenWait=0, TicksSkipped=0
    MissCause: NotPresent=99, NotReadyStall=0
    PrefetchEff: Dropped=0, AlreadyCached=277, UsedBeforeEvict=35, EvictedBeforeUse=8
    Predictor TopK matches: 0=15 1=24 >=2=0
Layer 14 Cache Stats: Hits=549, Misses=83, HitRate=86.87%
    Predictor Routed-Expert HitRate=89.74% (35/39, routed_n=1, horizon=2)
    Predictor RoutedForcedN HitRate=89.74% (35/39)
    Predictor RoutedTopK HitRate=61.22% (191/312)
    Predicted RequestedByRouterForcedN Rate=11.22% (35/312)
    Predicted RequestedByRouterTopK Rate=61.22% (191/312)
    Predictor WindowRecall Rate=53.39% (244/457)
    Predictor WindowPrecision Rate=78.21% (244/312)
    Loads Per Step: 0Loads=28, 1Load=28, >1Load=23
    Bandwidth: StallLoads=83, PrefetchLoads=27, AvgLoadTime=3.46ms
    PrefetchOverlap: HiddenReady=19, HiddenWait=0, TicksSkipped=0
    MissCause: NotPresent=83, NotReadyStall=0
    PrefetchEff: Dropped=0, AlreadyCached=293, UsedBeforeEvict=19, EvictedBeforeUse=8
    Predictor TopK matches: 0=4 1=35 >=2=0
Layer 15 Cache Stats: Hits=566, Misses=66, HitRate=89.56%
    Predictor Routed-Expert HitRate=89.74% (35/39, routed_n=1, horizon=2)
    Predictor RoutedForcedN HitRate=89.74% (35/39)
    Predictor RoutedTopK HitRate=59.62% (186/312)
    Predicted RequestedByRouterForcedN Rate=11.22% (35/312)
    Predicted RequestedByRouterTopK Rate=59.62% (186/312)
    Predictor WindowRecall Rate=54.95% (250/455)
    Predictor WindowPrecision Rate=80.13% (250/312)
    Loads Per Step: 0Loads=29, 1Load=36, >1Load=14
    Bandwidth: StallLoads=66, PrefetchLoads=12, AvgLoadTime=3.75ms
    PrefetchOverlap: HiddenReady=9, HiddenWait=0, TicksSkipped=0
    MissCause: NotPresent=66, NotReadyStall=0
    PrefetchEff: Dropped=0, AlreadyCached=308, UsedBeforeEvict=9, EvictedBeforeUse=3
    Predictor TopK matches: 0=4 1=35 >=2=0
Layer 16 Cache Stats: Hits=542, Misses=90, HitRate=85.76%
    Predictor Routed-Expert HitRate=87.18% (34/39, routed_n=1, horizon=2)
    Predictor RoutedForcedN HitRate=87.18% (34/39)
    Predictor RoutedTopK HitRate=57.69% (180/312)
    Predicted RequestedByRouterForcedN Rate=10.90% (34/312)
    Predicted RequestedByRouterTopK Rate=57.69% (180/312)
    Predictor WindowRecall Rate=51.18% (239/467)
    Predictor WindowPrecision Rate=76.60% (239/312)
    Loads Per Step: 0Loads=27, 1Load=24, >1Load=28
    Bandwidth: StallLoads=90, PrefetchLoads=37, AvgLoadTime=3.46ms
    PrefetchOverlap: HiddenReady=27, HiddenWait=0, TicksSkipped=0
    MissCause: NotPresent=90, NotReadyStall=0
    PrefetchEff: Dropped=0, AlreadyCached=283, UsedBeforeEvict=27, EvictedBeforeUse=10
    Predictor TopK matches: 0=5 1=34 >=2=0
Layer 17 Cache Stats: Hits=503, Misses=129, HitRate=79.59%
    Predictor Routed-Expert HitRate=64.10% (25/39, routed_n=1, horizon=2)
    Predictor RoutedForcedN HitRate=64.10% (25/39)
    Predictor RoutedTopK HitRate=49.36% (154/312)
    Predicted RequestedByRouterForcedN Rate=8.01% (25/312)
    Predicted RequestedByRouterTopK Rate=49.36% (154/312)
    Predictor WindowRecall Rate=46.79% (233/498)
    Predictor WindowPrecision Rate=74.68% (233/312)
    Loads Per Step: 0Loads=12, 1Load=26, >1Load=41
    Bandwidth: StallLoads=129, PrefetchLoads=32, AvgLoadTime=3.03ms
    PrefetchOverlap: HiddenReady=22, HiddenWait=0, TicksSkipped=0
    MissCause: NotPresent=129, NotReadyStall=0
    PrefetchEff: Dropped=0, AlreadyCached=288, UsedBeforeEvict=22, EvictedBeforeUse=10
    Predictor TopK matches: 0=14 1=25 >=2=0
Layer 18 Cache Stats: Hits=586, Misses=46, HitRate=92.72%
    Predictor Routed-Expert HitRate=92.31% (36/39, routed_n=1, horizon=2)
    Predictor RoutedForcedN HitRate=92.31% (36/39)
    Predictor RoutedTopK HitRate=60.90% (190/312)
    Predicted RequestedByRouterForcedN Rate=11.54% (36/312)
    Predicted RequestedByRouterTopK Rate=60.90% (190/312)
    Predictor WindowRecall Rate=56.43% (250/443)
    Predictor WindowPrecision Rate=80.13% (250/312)
    Loads Per Step: 0Loads=42, 1Load=30, >1Load=7
    Bandwidth: StallLoads=46, PrefetchLoads=10, AvgLoadTime=3.65ms
    PrefetchOverlap: HiddenReady=7, HiddenWait=0, TicksSkipped=0
    MissCause: NotPresent=46, NotReadyStall=0
    PrefetchEff: Dropped=0, AlreadyCached=310, UsedBeforeEvict=7, EvictedBeforeUse=3
    Predictor TopK matches: 0=3 1=36 >=2=0
Layer 19 Cache Stats: Hits=596, Misses=36, HitRate=94.30%
    Predictor Routed-Expert HitRate=82.05% (32/39, routed_n=1, horizon=2)
    Predictor RoutedForcedN HitRate=82.05% (32/39)
    Predictor RoutedTopK HitRate=58.01% (181/312)
    Predicted RequestedByRouterForcedN Rate=10.26% (32/312)
    Predicted RequestedByRouterTopK Rate=58.01% (181/312)
    Predictor WindowRecall Rate=56.15% (251/447)
    Predictor WindowPrecision Rate=80.45% (251/312)
    Loads Per Step: 0Loads=54, 1Load=17, >1Load=8
    Bandwidth: StallLoads=36, PrefetchLoads=8, AvgLoadTime=3.74ms
    PrefetchOverlap: HiddenReady=8, HiddenWait=0, TicksSkipped=0
    MissCause: NotPresent=36, NotReadyStall=0
    PrefetchEff: Dropped=0, AlreadyCached=312, UsedBeforeEvict=8, EvictedBeforeUse=0
    Predictor TopK matches: 0=7 1=32 >=2=0
Layer 20 Cache Stats: Hits=566, Misses=66, HitRate=89.56%
    Predictor Routed-Expert HitRate=84.62% (33/39, routed_n=1, horizon=2)
    Predictor RoutedForcedN HitRate=84.62% (33/39)
    Predictor RoutedTopK HitRate=58.65% (183/312)
    Predicted RequestedByRouterForcedN Rate=10.58% (33/312)
    Predicted RequestedByRouterTopK Rate=58.65% (183/312)
    Predictor WindowRecall Rate=52.98% (240/453)
    Predictor WindowPrecision Rate=76.92% (240/312)
    Loads Per Step: 0Loads=36, 1Load=24, >1Load=19
    Bandwidth: StallLoads=66, PrefetchLoads=19, AvgLoadTime=3.46ms
    PrefetchOverlap: HiddenReady=15, HiddenWait=0, TicksSkipped=0
    MissCause: NotPresent=66, NotReadyStall=0
    PrefetchEff: Dropped=0, AlreadyCached=301, UsedBeforeEvict=15, EvictedBeforeUse=3
    Predictor TopK matches: 0=6 1=33 >=2=0
Layer 21 Cache Stats: Hits=566, Misses=66, HitRate=89.56%
    Predictor Routed-Expert HitRate=94.87% (37/39, routed_n=1, horizon=2)
    Predictor RoutedForcedN HitRate=94.87% (37/39)
    Predictor RoutedTopK HitRate=64.10% (200/312)
    Predicted RequestedByRouterForcedN Rate=11.86% (37/312)
    Predicted RequestedByRouterTopK Rate=64.10% (200/312)
    Predictor WindowRecall Rate=58.22% (262/450)
    Predictor WindowPrecision Rate=83.97% (262/312)
    Loads Per Step: 0Loads=37, 1Load=25, >1Load=17
    Bandwidth: StallLoads=66, PrefetchLoads=16, AvgLoadTime=3.36ms
    PrefetchOverlap: HiddenReady=13, HiddenWait=0, TicksSkipped=0
    MissCause: NotPresent=66, NotReadyStall=0
    PrefetchEff: Dropped=0, AlreadyCached=304, UsedBeforeEvict=13, EvictedBeforeUse=3
    Predictor TopK matches: 0=2 1=37 >=2=0
Layer 22 Cache Stats: Hits=527, Misses=105, HitRate=83.39%
    Predictor Routed-Expert HitRate=69.23% (27/39, routed_n=1, horizon=2)
    Predictor RoutedForcedN HitRate=69.23% (27/39)
    Predictor RoutedTopK HitRate=47.12% (147/312)
    Predicted RequestedByRouterForcedN Rate=8.65% (27/312)
    Predicted RequestedByRouterTopK Rate=47.12% (147/312)
    Predictor WindowRecall Rate=46.76% (224/479)
    Predictor WindowPrecision Rate=71.79% (224/312)
    Loads Per Step: 0Loads=19, 1Load=30, >1Load=30
    Bandwidth: StallLoads=105, PrefetchLoads=21, AvgLoadTime=3.44ms
    PrefetchOverlap: HiddenReady=17, HiddenWait=0, TicksSkipped=0
    MissCause: NotPresent=105, NotReadyStall=0
    PrefetchEff: Dropped=0, AlreadyCached=299, UsedBeforeEvict=17, EvictedBeforeUse=4
    Predictor TopK matches: 0=12 1=27 >=2=0
Layer 23 Cache Stats: Hits=508, Misses=124, HitRate=80.38%
    Predictor Routed-Expert HitRate=53.85% (21/39, routed_n=1, horizon=2)
    Predictor RoutedForcedN HitRate=53.85% (21/39)
    Predictor RoutedTopK HitRate=45.83% (143/312)
    Predicted RequestedByRouterForcedN Rate=6.73% (21/312)
    Predicted RequestedByRouterTopK Rate=45.83% (143/312)
    Predictor WindowRecall Rate=44.83% (221/493)
    Predictor WindowPrecision Rate=70.83% (221/312)
    Loads Per Step: 0Loads=14, 1Load=33, >1Load=32
    Bandwidth: StallLoads=124, PrefetchLoads=65, AvgLoadTime=3.09ms
    PrefetchOverlap: HiddenReady=44, HiddenWait=0, TicksSkipped=0
    MissCause: NotPresent=124, NotReadyStall=0
    PrefetchEff: Dropped=0, AlreadyCached=255, UsedBeforeEvict=44, EvictedBeforeUse=18
    Predictor TopK matches: 0=18 1=21 >=2=0
Layer 24 Cache Stats: Hits=549, Misses=83, HitRate=86.87%
    Predictor Routed-Expert HitRate=79.49% (31/39, routed_n=1, horizon=2)
    Predictor RoutedForcedN HitRate=79.49% (31/39)
    Predictor RoutedTopK HitRate=56.41% (176/312)
    Predicted RequestedByRouterForcedN Rate=9.94% (31/312)
    Predicted RequestedByRouterTopK Rate=56.41% (176/312)
    Predictor WindowRecall Rate=52.24% (245/469)
    Predictor WindowPrecision Rate=78.53% (245/312)
    Loads Per Step: 0Loads=27, 1Load=25, >1Load=27
    Bandwidth: StallLoads=83, PrefetchLoads=24, AvgLoadTime=3.80ms
    PrefetchOverlap: HiddenReady=18, HiddenWait=0, TicksSkipped=0
    MissCause: NotPresent=83, NotReadyStall=0
    PrefetchEff: Dropped=0, AlreadyCached=296, UsedBeforeEvict=18, EvictedBeforeUse=5
    Predictor TopK matches: 0=8 1=31 >=2=0
Layer 25 Cache Stats: Hits=521, Misses=111, HitRate=82.44%
    Predictor Routed-Expert HitRate=71.79% (28/39, routed_n=1, horizon=2)
    Predictor RoutedForcedN HitRate=71.79% (28/39)
    Predictor RoutedTopK HitRate=50.00% (156/312)
    Predicted RequestedByRouterForcedN Rate=8.97% (28/312)
    Predicted RequestedByRouterTopK Rate=50.00% (156/312)
    Predictor WindowRecall Rate=47.52% (240/505)
    Predictor WindowPrecision Rate=76.92% (240/312)
    Loads Per Step: 0Loads=14, 1Load=33, >1Load=32
    Bandwidth: StallLoads=111, PrefetchLoads=53, AvgLoadTime=3.42ms
    PrefetchOverlap: HiddenReady=39, HiddenWait=0, TicksSkipped=0
    MissCause: NotPresent=111, NotReadyStall=0
    PrefetchEff: Dropped=0, AlreadyCached=267, UsedBeforeEvict=39, EvictedBeforeUse=12
    Predictor TopK matches: 0=11 1=28 >=2=0
Layer 26 Cache Stats: Hits=543, Misses=89, HitRate=85.92%
    Predictor Routed-Expert HitRate=71.79% (28/39, routed_n=1, horizon=2)
    Predictor RoutedForcedN HitRate=71.79% (28/39)
    Predictor RoutedTopK HitRate=57.37% (179/312)
    Predicted RequestedByRouterForcedN Rate=8.97% (28/312)
    Predicted RequestedByRouterTopK Rate=57.37% (179/312)
    Predictor WindowRecall Rate=50.96% (238/467)
    Predictor WindowPrecision Rate=76.28% (238/312)
    Loads Per Step: 0Loads=29, 1Load=25, >1Load=25
    Bandwidth: StallLoads=89, PrefetchLoads=24, AvgLoadTime=3.33ms
    PrefetchOverlap: HiddenReady=15, HiddenWait=0, TicksSkipped=0
    MissCause: NotPresent=89, NotReadyStall=0
    PrefetchEff: Dropped=0, AlreadyCached=296, UsedBeforeEvict=15, EvictedBeforeUse=9
    Predictor TopK matches: 0=11 1=28 >=2=0
Layer 27 Cache Stats: Hits=543, Misses=89, HitRate=85.92%
    Predictor Routed-Expert HitRate=87.18% (34/39, routed_n=1, horizon=2)
    Predictor RoutedForcedN HitRate=87.18% (34/39)
    Predictor RoutedTopK HitRate=56.41% (176/312)
    Predicted RequestedByRouterForcedN Rate=10.90% (34/312)
    Predicted RequestedByRouterTopK Rate=56.41% (176/312)
    Predictor WindowRecall Rate=49.68% (231/465)
    Predictor WindowPrecision Rate=74.04% (231/312)
    Loads Per Step: 0Loads=29, 1Load=24, >1Load=26
    Bandwidth: StallLoads=89, PrefetchLoads=23, AvgLoadTime=3.28ms
    PrefetchOverlap: HiddenReady=16, HiddenWait=0, TicksSkipped=0
    MissCause: NotPresent=89, NotReadyStall=0
    PrefetchEff: Dropped=0, AlreadyCached=297, UsedBeforeEvict=16, EvictedBeforeUse=7
    Predictor TopK matches: 0=5 1=34 >=2=0
Layer 28 Cache Stats: Hits=537, Misses=95, HitRate=84.97%
    Predictor Routed-Expert HitRate=74.36% (29/39, routed_n=1, horizon=2)
    Predictor RoutedForcedN HitRate=74.36% (29/39)
    Predictor RoutedTopK HitRate=52.88% (165/312)
    Predicted RequestedByRouterForcedN Rate=9.29% (29/312)
    Predicted RequestedByRouterTopK Rate=52.88% (165/312)
    Predictor WindowRecall Rate=48.44% (233/481)
    Predictor WindowPrecision Rate=74.68% (233/312)
    Loads Per Step: 0Loads=27, 1Load=23, >1Load=29
    Bandwidth: StallLoads=95, PrefetchLoads=42, AvgLoadTime=3.50ms
    PrefetchOverlap: HiddenReady=33, HiddenWait=0, TicksSkipped=0
    MissCause: NotPresent=95, NotReadyStall=0
    PrefetchEff: Dropped=0, AlreadyCached=278, UsedBeforeEvict=33, EvictedBeforeUse=7
    Predictor TopK matches: 0=10 1=29 >=2=0
Layer 29 Cache Stats: Hits=498, Misses=134, HitRate=78.80%
    Predictor Routed-Expert HitRate=69.23% (27/39, routed_n=1, horizon=2)
    Predictor RoutedForcedN HitRate=69.23% (27/39)
    Predictor RoutedTopK HitRate=45.19% (141/312)
    Predicted RequestedByRouterForcedN Rate=8.65% (27/312)
    Predicted RequestedByRouterTopK Rate=45.19% (141/312)
    Predictor WindowRecall Rate=42.75% (221/517)
    Predictor WindowPrecision Rate=70.83% (221/312)
    Loads Per Step: 0Loads=12, 1Load=24, >1Load=43
    Bandwidth: StallLoads=134, PrefetchLoads=42, AvgLoadTime=3.14ms
    PrefetchOverlap: HiddenReady=28, HiddenWait=0, TicksSkipped=0
    MissCause: NotPresent=134, NotReadyStall=0
    PrefetchEff: Dropped=0, AlreadyCached=278, UsedBeforeEvict=28, EvictedBeforeUse=13
    Predictor TopK matches: 0=12 1=27 >=2=0
Layer 30 Cache Stats: Hits=587, Misses=45, HitRate=92.88%
    Predictor Routed-Expert HitRate=76.92% (30/39, routed_n=1, horizon=2)
    Predictor RoutedForcedN HitRate=76.92% (30/39)
    Predictor RoutedTopK HitRate=56.41% (176/312)
    Predicted RequestedByRouterForcedN Rate=9.62% (30/312)
    Predicted RequestedByRouterTopK Rate=56.41% (176/312)
    Predictor WindowRecall Rate=50.87% (233/458)
    Predictor WindowPrecision Rate=74.68% (233/312)
    Loads Per Step: 0Loads=49, 1Load=18, >1Load=12
    Bandwidth: StallLoads=45, PrefetchLoads=6, AvgLoadTime=3.65ms
    PrefetchOverlap: HiddenReady=5, HiddenWait=0, TicksSkipped=0
    MissCause: NotPresent=45, NotReadyStall=0
    PrefetchEff: Dropped=0, AlreadyCached=314, UsedBeforeEvict=5, EvictedBeforeUse=1
    Predictor TopK matches: 0=9 1=30 >=2=0
Layer 31 Cache Stats: Hits=595, Misses=37, HitRate=94.15%
    Predictor Routed-Expert HitRate=87.18% (34/39, routed_n=1, horizon=2)
    Predictor RoutedForcedN HitRate=87.18% (34/39)
    Predictor RoutedTopK HitRate=61.22% (191/312)
    Predicted RequestedByRouterForcedN Rate=10.90% (34/312)
    Predicted RequestedByRouterTopK Rate=61.22% (191/312)
    Predictor WindowRecall Rate=58.12% (254/437)
    Predictor WindowPrecision Rate=81.41% (254/312)
    Loads Per Step: 0Loads=56, 1Load=14, >1Load=9
    Bandwidth: StallLoads=37, PrefetchLoads=8, AvgLoadTime=3.26ms
    PrefetchOverlap: HiddenReady=6, HiddenWait=0, TicksSkipped=0
    MissCause: NotPresent=37, NotReadyStall=0
    PrefetchEff: Dropped=0, AlreadyCached=312, UsedBeforeEvict=6, EvictedBeforeUse=2
    Predictor TopK matches: 0=5 1=34 >=2=0
Layer 32 Cache Stats: Hits=557, Misses=75, HitRate=88.13%
    Predictor Routed-Expert HitRate=79.49% (31/39, routed_n=1, horizon=2)
    Predictor RoutedForcedN HitRate=79.49% (31/39)
    Predictor RoutedTopK HitRate=58.97% (184/312)
    Predicted RequestedByRouterForcedN Rate=9.94% (31/312)
    Predicted RequestedByRouterTopK Rate=58.97% (184/312)
    Predictor WindowRecall Rate=53.80% (248/461)
    Predictor WindowPrecision Rate=79.49% (248/312)
    Loads Per Step: 0Loads=29, 1Load=31, >1Load=19
    Bandwidth: StallLoads=75, PrefetchLoads=22, AvgLoadTime=3.49ms
    PrefetchOverlap: HiddenReady=16, HiddenWait=0, TicksSkipped=0
    MissCause: NotPresent=75, NotReadyStall=0
    PrefetchEff: Dropped=0, AlreadyCached=298, UsedBeforeEvict=16, EvictedBeforeUse=6
    Predictor TopK matches: 0=8 1=31 >=2=0
Layer 33 Cache Stats: Hits=575, Misses=57, HitRate=90.98%
    Predictor Routed-Expert HitRate=87.18% (34/39, routed_n=1, horizon=2)
    Predictor RoutedForcedN HitRate=87.18% (34/39)
    Predictor RoutedTopK HitRate=64.10% (200/312)
    Predicted RequestedByRouterForcedN Rate=10.90% (34/312)
    Predicted RequestedByRouterTopK Rate=64.10% (200/312)
    Predictor WindowRecall Rate=61.00% (269/441)
    Predictor WindowPrecision Rate=86.22% (269/312)
    Loads Per Step: 0Loads=41, 1Load=25, >1Load=13
    Bandwidth: StallLoads=57, PrefetchLoads=16, AvgLoadTime=3.57ms
    PrefetchOverlap: HiddenReady=15, HiddenWait=0, TicksSkipped=0
    MissCause: NotPresent=57, NotReadyStall=0
    PrefetchEff: Dropped=0, AlreadyCached=304, UsedBeforeEvict=15, EvictedBeforeUse=1
    Predictor TopK matches: 0=5 1=34 >=2=0
Layer 34 Cache Stats: Hits=534, Misses=98, HitRate=84.49%
    Predictor Routed-Expert HitRate=74.36% (29/39, routed_n=1, horizon=2)
    Predictor RoutedForcedN HitRate=74.36% (29/39)
    Predictor RoutedTopK HitRate=58.01% (181/312)
    Predicted RequestedByRouterForcedN Rate=9.29% (29/312)
    Predicted RequestedByRouterTopK Rate=58.01% (181/312)
    Predictor WindowRecall Rate=52.97% (241/455)
    Predictor WindowPrecision Rate=77.24% (241/312)
    Loads Per Step: 0Loads=22, 1Load=31, >1Load=26
    Bandwidth: StallLoads=98, PrefetchLoads=42, AvgLoadTime=3.25ms
    PrefetchOverlap: HiddenReady=26, HiddenWait=0, TicksSkipped=0
    MissCause: NotPresent=98, NotReadyStall=0
    PrefetchEff: Dropped=0, AlreadyCached=278, UsedBeforeEvict=26, EvictedBeforeUse=16
    Predictor TopK matches: 0=10 1=29 >=2=0
Layer 35 Cache Stats: Hits=516, Misses=116, HitRate=81.65%
    Predictor Routed-Expert HitRate=66.67% (26/39, routed_n=1, horizon=2)
    Predictor RoutedForcedN HitRate=66.67% (26/39)
    Predictor RoutedTopK HitRate=49.36% (154/312)
    Predicted RequestedByRouterForcedN Rate=8.33% (26/312)
    Predicted RequestedByRouterTopK Rate=49.36% (154/312)
    Predictor WindowRecall Rate=48.57% (237/488)
    Predictor WindowPrecision Rate=75.96% (237/312)
    Loads Per Step: 0Loads=18, 1Load=31, >1Load=30
    Bandwidth: StallLoads=116, PrefetchLoads=70, AvgLoadTime=3.03ms
    PrefetchOverlap: HiddenReady=49, HiddenWait=0, TicksSkipped=0
    MissCause: NotPresent=116, NotReadyStall=0
    PrefetchEff: Dropped=0, AlreadyCached=250, UsedBeforeEvict=49, EvictedBeforeUse=20
    Predictor TopK matches: 0=13 1=26 >=2=0
Layer 36 Cache Stats: Hits=539, Misses=93, HitRate=85.28%
    Predictor Routed-Expert HitRate=84.62% (33/39, routed_n=1, horizon=2)
    Predictor RoutedForcedN HitRate=84.62% (33/39)
    Predictor RoutedTopK HitRate=59.29% (185/312)
    Predicted RequestedByRouterForcedN Rate=10.58% (33/312)
    Predicted RequestedByRouterTopK Rate=59.29% (185/312)
    Predictor WindowRecall Rate=53.94% (253/469)
    Predictor WindowPrecision Rate=81.09% (253/312)
    Loads Per Step: 0Loads=25, 1Load=31, >1Load=23
    Bandwidth: StallLoads=93, PrefetchLoads=48, AvgLoadTime=3.65ms
    PrefetchOverlap: HiddenReady=40, HiddenWait=0, TicksSkipped=0
    MissCause: NotPresent=93, NotReadyStall=0
    PrefetchEff: Dropped=0, AlreadyCached=272, UsedBeforeEvict=40, EvictedBeforeUse=7
    Predictor TopK matches: 0=6 1=33 >=2=0
Layer 37 Cache Stats: Hits=515, Misses=117, HitRate=81.49%
    Predictor Routed-Expert HitRate=56.41% (22/39, routed_n=1, horizon=2)
    Predictor RoutedForcedN HitRate=56.41% (22/39)
    Predictor RoutedTopK HitRate=48.72% (152/312)
    Predicted RequestedByRouterForcedN Rate=7.05% (22/312)
    Predicted RequestedByRouterTopK Rate=48.72% (152/312)
    Predictor WindowRecall Rate=47.99% (239/498)
    Predictor WindowPrecision Rate=76.60% (239/312)
    Loads Per Step: 0Loads=22, 1Load=23, >1Load=34
    Bandwidth: StallLoads=117, PrefetchLoads=58, AvgLoadTime=3.29ms
    PrefetchOverlap: HiddenReady=50, HiddenWait=0, TicksSkipped=0
    MissCause: NotPresent=117, NotReadyStall=0
    PrefetchEff: Dropped=0, AlreadyCached=262, UsedBeforeEvict=50, EvictedBeforeUse=8
    Predictor TopK matches: 0=17 1=22 >=2=0
Layer 38 Cache Stats: Hits=573, Misses=59, HitRate=90.66%
    Predictor Routed-Expert HitRate=92.31% (36/39, routed_n=1, horizon=2)
    Predictor RoutedForcedN HitRate=92.31% (36/39)
    Predictor RoutedTopK HitRate=59.94% (187/312)
    Predicted RequestedByRouterForcedN Rate=11.54% (36/312)
    Predicted RequestedByRouterTopK Rate=59.94% (187/312)
    Predictor WindowRecall Rate=55.58% (254/457)
    Predictor WindowPrecision Rate=81.41% (254/312)
    Loads Per Step: 0Loads=38, 1Load=29, >1Load=12
    Bandwidth: StallLoads=59, PrefetchLoads=46, AvgLoadTime=3.84ms
    PrefetchOverlap: HiddenReady=30, HiddenWait=0, TicksSkipped=0
    MissCause: NotPresent=59, NotReadyStall=0
    PrefetchEff: Dropped=0, AlreadyCached=274, UsedBeforeEvict=30, EvictedBeforeUse=15
    Predictor TopK matches: 0=3 1=36 >=2=0
Layer 39 Cache Stats: Hits=559, Misses=73, HitRate=88.45%
    Predictor Routed-Expert HitRate=82.05% (32/39, routed_n=1, horizon=2)
    Predictor RoutedForcedN HitRate=82.05% (32/39)
    Predictor RoutedTopK HitRate=61.54% (192/312)
    Predicted RequestedByRouterForcedN Rate=10.26% (32/312)
    Predicted RequestedByRouterTopK Rate=61.54% (192/312)
    Predictor WindowRecall Rate=54.46% (244/448)
    Predictor WindowPrecision Rate=78.21% (244/312)
    Loads Per Step: 0Loads=35, 1Load=25, >1Load=19
    Bandwidth: StallLoads=73, PrefetchLoads=27, AvgLoadTime=4.23ms
    PrefetchOverlap: HiddenReady=21, HiddenWait=0, TicksSkipped=0
    MissCause: NotPresent=73, NotReadyStall=0
    PrefetchEff: Dropped=0, AlreadyCached=293, UsedBeforeEvict=21, EvictedBeforeUse=5
    Predictor TopK matches: 0=7 1=32 >=2=0
Layer 40 Cache Stats: Hits=550, Misses=82, HitRate=87.03%
    Predictor Routed-Expert HitRate=84.62% (33/39, routed_n=1, horizon=2)
    Predictor RoutedForcedN HitRate=84.62% (33/39)
    Predictor RoutedTopK HitRate=58.65% (183/312)
    Predicted RequestedByRouterForcedN Rate=10.58% (33/312)
    Predicted RequestedByRouterTopK Rate=58.65% (183/312)
    Predictor WindowRecall Rate=55.05% (256/465)
    Predictor WindowPrecision Rate=82.05% (256/312)
    Loads Per Step: 0Loads=26, 1Load=34, >1Load=19
    Bandwidth: StallLoads=82, PrefetchLoads=43, AvgLoadTime=3.82ms
    PrefetchOverlap: HiddenReady=33, HiddenWait=0, TicksSkipped=0
    MissCause: NotPresent=82, NotReadyStall=0
    PrefetchEff: Dropped=0, AlreadyCached=277, UsedBeforeEvict=33, EvictedBeforeUse=10
    Predictor TopK matches: 0=6 1=33 >=2=0
Layer 41 Cache Stats: Hits=544, Misses=88, HitRate=86.08%
    Predictor Routed-Expert HitRate=69.23% (27/39, routed_n=1, horizon=2)
    Predictor RoutedForcedN HitRate=69.23% (27/39)
    Predictor RoutedTopK HitRate=50.64% (158/312)
    Predicted RequestedByRouterForcedN Rate=8.65% (27/312)
    Predicted RequestedByRouterTopK Rate=50.64% (158/312)
    Predictor WindowRecall Rate=53.02% (263/496)
    Predictor WindowPrecision Rate=84.29% (263/312)
    Loads Per Step: 0Loads=31, 1Load=27, >1Load=21
    Bandwidth: StallLoads=88, PrefetchLoads=50, AvgLoadTime=3.71ms
    PrefetchOverlap: HiddenReady=39, HiddenWait=0, TicksSkipped=0
    MissCause: NotPresent=88, NotReadyStall=0
    PrefetchEff: Dropped=0, AlreadyCached=270, UsedBeforeEvict=39, EvictedBeforeUse=10
    Predictor TopK matches: 0=12 1=27 >=2=0
Layer 42 Cache Stats: Hits=564, Misses=68, HitRate=89.24%
    Predictor Routed-Expert HitRate=71.79% (28/39, routed_n=1, horizon=2)
    Predictor RoutedForcedN HitRate=71.79% (28/39)
    Predictor RoutedTopK HitRate=56.09% (175/312)
    Predicted RequestedByRouterForcedN Rate=8.97% (28/312)
    Predicted RequestedByRouterTopK Rate=56.09% (175/312)
    Predictor WindowRecall Rate=53.35% (263/493)
    Predictor WindowPrecision Rate=84.29% (263/312)
    Loads Per Step: 0Loads=36, 1Load=29, >1Load=14
    Bandwidth: StallLoads=68, PrefetchLoads=40, AvgLoadTime=3.71ms
    PrefetchOverlap: HiddenReady=33, HiddenWait=0, TicksSkipped=0
    MissCause: NotPresent=68, NotReadyStall=0
    PrefetchEff: Dropped=0, AlreadyCached=280, UsedBeforeEvict=33, EvictedBeforeUse=6
    Predictor TopK matches: 0=11 1=28 >=2=0
Layer 43 Cache Stats: Hits=585, Misses=47, HitRate=92.56%
    Predictor Routed-Expert HitRate=64.10% (25/39, routed_n=1, horizon=2)
    Predictor RoutedForcedN HitRate=64.10% (25/39)
    Predictor RoutedTopK HitRate=56.09% (175/312)
    Predicted RequestedByRouterForcedN Rate=8.01% (25/312)
    Predicted RequestedByRouterTopK Rate=56.09% (175/312)
    Predictor WindowRecall Rate=54.79% (263/480)
    Predictor WindowPrecision Rate=84.29% (263/312)
    Loads Per Step: 0Loads=52, 1Load=15, >1Load=12
    Bandwidth: StallLoads=47, PrefetchLoads=18, AvgLoadTime=4.70ms
    PrefetchOverlap: HiddenReady=15, HiddenWait=0, TicksSkipped=0
    MissCause: NotPresent=47, NotReadyStall=0
    PrefetchEff: Dropped=0, AlreadyCached=302, UsedBeforeEvict=15, EvictedBeforeUse=2
    Predictor TopK matches: 0=14 1=25 >=2=0
Layer 44 Cache Stats: Hits=574, Misses=58, HitRate=90.82%
    Predictor Routed-Expert HitRate=97.44% (38/39, routed_n=1, horizon=2)
    Predictor RoutedForcedN HitRate=97.44% (38/39)
    Predictor RoutedTopK HitRate=55.77% (174/312)
    Predicted RequestedByRouterForcedN Rate=12.18% (38/312)
    Predicted RequestedByRouterTopK Rate=55.77% (174/312)
    Predictor WindowRecall Rate=53.16% (261/491)
    Predictor WindowPrecision Rate=83.65% (261/312)
    Loads Per Step: 0Loads=41, 1Load=23, >1Load=15
    Bandwidth: StallLoads=58, PrefetchLoads=30, AvgLoadTime=4.14ms
    PrefetchOverlap: HiddenReady=24, HiddenWait=0, TicksSkipped=0
    MissCause: NotPresent=58, NotReadyStall=0
    PrefetchEff: Dropped=0, AlreadyCached=290, UsedBeforeEvict=24, EvictedBeforeUse=4
    Predictor TopK matches: 0=1 1=38 >=2=0
Layer 45 Cache Stats: Hits=597, Misses=35, HitRate=94.46%
    Predictor Routed-Expert HitRate=66.67% (26/39, routed_n=1, horizon=2)
    Predictor RoutedForcedN HitRate=66.67% (26/39)
    Predictor RoutedTopK HitRate=60.90% (190/312)
    Predicted RequestedByRouterForcedN Rate=8.33% (26/312)
    Predicted RequestedByRouterTopK Rate=60.90% (190/312)
    Predictor WindowRecall Rate=57.71% (262/454)
    Predictor WindowPrecision Rate=83.97% (262/312)
    Loads Per Step: 0Loads=60, 1Load=9, >1Load=10
    Bandwidth: StallLoads=35, PrefetchLoads=11, AvgLoadTime=4.28ms
    PrefetchOverlap: HiddenReady=10, HiddenWait=0, TicksSkipped=0
    MissCause: NotPresent=35, NotReadyStall=0
    PrefetchEff: Dropped=0, AlreadyCached=309, UsedBeforeEvict=10, EvictedBeforeUse=1
    Predictor TopK matches: 0=13 1=26 >=2=0
Layer 46 Cache Stats: Hits=574, Misses=58, HitRate=90.82%
    Predictor Routed-Expert HitRate=66.67% (26/39, routed_n=1, horizon=2)
    Predictor RoutedForcedN HitRate=66.67% (26/39)
    Predictor RoutedTopK HitRate=57.05% (178/312)
    Predicted RequestedByRouterForcedN Rate=8.33% (26/312)
    Predicted RequestedByRouterTopK Rate=57.05% (178/312)
    Predictor WindowRecall Rate=54.66% (252/461)
    Predictor WindowPrecision Rate=80.77% (252/312)
    Loads Per Step: 0Loads=46, 1Load=18, >1Load=15
    Bandwidth: StallLoads=58, PrefetchLoads=23, AvgLoadTime=4.80ms
    PrefetchOverlap: HiddenReady=18, HiddenWait=0, TicksSkipped=0
    MissCause: NotPresent=58, NotReadyStall=0
    PrefetchEff: Dropped=0, AlreadyCached=297, UsedBeforeEvict=18, EvictedBeforeUse=5
    Predictor TopK matches: 0=13 1=26 >=2=0
Layer 47 Cache Stats: Hits=545, Misses=87, HitRate=86.23%
    Predictor Routed-Expert HitRate=56.41% (22/39, routed_n=1, horizon=2)
    Predictor RoutedForcedN HitRate=56.41% (22/39)
    Predictor RoutedTopK HitRate=46.15% (144/312)
    Predicted RequestedByRouterForcedN Rate=7.05% (22/312)
    Predicted RequestedByRouterTopK Rate=46.15% (144/312)
    Predictor WindowRecall Rate=47.65% (253/531)
    Predictor WindowPrecision Rate=81.09% (253/312)
    Loads Per Step: 0Loads=36, 1Load=21, >1Load=22
    Bandwidth: StallLoads=87, PrefetchLoads=33, AvgLoadTime=3.69ms
    PrefetchOverlap: HiddenReady=23, HiddenWait=0, TicksSkipped=0
    MissCause: NotPresent=87, NotReadyStall=0
    PrefetchEff: Dropped=0, AlreadyCached=287, UsedBeforeEvict=23, EvictedBeforeUse=10
    Predictor TopK matches: 0=17 1=22 >=2=0
============================================================
[TorchScriptPredictor Layer 0] Shutdown complete
[TorchScriptPredictor Layer 1] Shutdown complete
[TorchScriptPredictor Layer 2] Shutdown complete
[TorchScriptPredictor Layer 3] Shutdown complete
[TorchScriptPredictor Layer 4] Shutdown complete
[TorchScriptPredictor Layer 5] Shutdown complete
[TorchScriptPredictor Layer 6] Shutdown complete
[TorchScriptPredictor Layer 7] Shutdown complete
[TorchScriptPredictor Layer 8] Shutdown complete
[TorchScriptPredictor Layer 9] Shutdown complete
[TorchScriptPredictor Layer 10] Shutdown complete
[TorchScriptPredictor Layer 11] Shutdown complete
[TorchScriptPredictor Layer 12] Shutdown complete
[TorchScriptPredictor Layer 13] Shutdown complete
[TorchScriptPredictor Layer 14] Shutdown complete
[TorchScriptPredictor Layer 15] Shutdown complete
[TorchScriptPredictor Layer 16] Shutdown complete
[TorchScriptPredictor Layer 17] Shutdown complete
[TorchScriptPredictor Layer 18] Shutdown complete
[TorchScriptPredictor Layer 19] Shutdown complete
[TorchScriptPredictor Layer 20] Shutdown complete
[TorchScriptPredictor Layer 21] Shutdown complete
[TorchScriptPredictor Layer 22] Shutdown complete
[TorchScriptPredictor Layer 23] Shutdown complete
[TorchScriptPredictor Layer 24] Shutdown complete
[TorchScriptPredictor Layer 25] Shutdown complete
[TorchScriptPredictor Layer 26] Shutdown complete
[TorchScriptPredictor Layer 27] Shutdown complete
[TorchScriptPredictor Layer 28] Shutdown complete
[TorchScriptPredictor Layer 29] Shutdown complete
[TorchScriptPredictor Layer 30] Shutdown complete
[TorchScriptPredictor Layer 31] Shutdown complete
[TorchScriptPredictor Layer 32] Shutdown complete
[TorchScriptPredictor Layer 33] Shutdown complete
[TorchScriptPredictor Layer 34] Shutdown complete
[TorchScriptPredictor Layer 35] Shutdown complete
[TorchScriptPredictor Layer 36] Shutdown complete
[TorchScriptPredictor Layer 37] Shutdown complete
[TorchScriptPredictor Layer 38] Shutdown complete
[TorchScriptPredictor Layer 39] Shutdown complete
[TorchScriptPredictor Layer 40] Shutdown complete
[TorchScriptPredictor Layer 41] Shutdown complete
[TorchScriptPredictor Layer 42] Shutdown complete
[TorchScriptPredictor Layer 43] Shutdown complete
[TorchScriptPredictor Layer 44] Shutdown complete
[TorchScriptPredictor Layer 45] Shutdown complete
[TorchScriptPredictor Layer 46] Shutdown complete
[TorchScriptPredictor Layer 47] Shutdown complete
============================================================
Initializing Qwen3 30B-A3B AWQ w4a16 quantized model...
============================================================
Loading quantized weights from QuixiAI/Qwen3-30B-A3B-AWQ...
Using saved safetensors: /home/michael/heteroPredict/py/unified_llm_w4a16/model_weights/Qwen3-30B-A3B-AWQ.safetensors
Expert weights dir: /home/michael/heteroPredict/py/unified_llm_w4a16/model_weights/Qwen3-30B-A3B-AWQ_packed  (format: packed)
Using existing attention weights in /home/michael/heteroPredict/py/unified_llm_w4a16/model_weights/Qwen3-30B-A3B-AWQ_unpacked
Weights loaded (expert dir override) in 0.31 seconds
Pre-warming expert cache with 32 experts...
Model initialized successfully!
Set expert cache policy to LFRU.

Running sweep using prompts from JSON: /tmp/tmp5bpostkf.json
Loaded 1 prompts for sweeping.

Processing Prompt 1/1...

============================================================
Generated text only:
============================================================
iamo 's review of the song in the magazine , " The Guardian " , described the song as a " power pop " track with " a catchy hook " and " a strong chorus " . The review also noted that the song 's " na na na " breakdown is " a highlight " . The review also stated that the song is " a bit of a departure " from the group 's
============================================================

============================================================
Sweep Complete.
Average Time per Token: 0.491334
End-to-End TPS: 2.0353
Cache Stats: Hits=25789, Misses=4547, HitRate=85.01%
Predictor Stats: Hits=1387, Total=1872, HitRate=74.09%
