question,label,backend,cache_size,lambda_val,forced_top_n,prob_mass_threshold,forced_top_p,lookahead,predictor_stride,prefetch_budget,predictor_tag,mode_perplexity,mode_generate,bookend_pass,gen_perplexity,gen_perplexity_std,tokens_per_second,tokens_per_second_std,cache_hits,cache_misses,hit_rate_pct,pred_hits,pred_total,pred_hit_rate_pct,pred_hits_routed_forced_n,pred_total_routed_forced_n,pred_hit_rate_routed_forced_n_pct,pred_hits_routed_topk,pred_total_routed_topk,pred_hit_rate_routed_topk_pct,pred_requested_hits_forced_n,pred_requested_total_forced_n,pred_requested_rate_forced_n_pct,pred_requested_hits_topk,pred_requested_total_topk,pred_requested_rate_topk_pct,stall_loads,prefetch_loads,prefetch_hits_ready,prefetch_hits_wait,prefetch_ticks_skipped,avg_ms_per_expert_load,run_id,row_timestamp,prompt_hash,config_id,run_iter,pred_hits_window_recall,pred_total_window_recall,pred_window_recall_pct,pred_hits_window_precision,pred_total_window_precision,pred_window_precision_pct
ORACLE_BASELINE_SWEEP,Neither (LRU),cached,8,0.0,0,-1.0,-1.0,1,1,,,False,True,main,,,7.34363157692606,,70088,81592,46.206,,,,,,,,,,,,,,,,81592,0,,,,0.34859067513043934,20260630_023632_50bd4362,2026-06-30 02:38:37,f6d0ccda646c,0,0,,,,,,
ORACLE_BASELINE_SWEEP,Neither (RANDOM),cached,8,0.0,0,-1.0,-1.0,1,1,,,False,True,main,,,7.365587882685043,,70099,81581,46.215999999999994,,,,,,,,,,,,,,,,81581,0,,,,0.34674106335029115,20260630_023632_50bd4362,2026-06-30 02:40:41,f6d0ccda646c,1,0,,,,,,
ORACLE_BASELINE_SWEEP,Oracle Top-B B=2,predict,8,0.0,0,-1.0,-1.0,1,1,2.0,,False,True,main,,,7.620972430731373,,80579,71101,53.122,4402.0,18720.0,23.516,4402.0,18720.0,23.514957264957264,37440.0,149760.0,25.0,4402.0,37440.0,11.757478632478632,37440.0,37440.0,100.0,71101,20114,19851.0,0.0,0.0,0.4035320788137888,20260630_023632_50bd4362,2026-06-30 02:42:46,f6d0ccda646c,2,0,37440.0,149760.0,25.0,37440.0,37440.0,100.0
ORACLE_BASELINE_SWEEP,Actual Predictor B=2,predict,8,0.0,0,-1.0,-1.0,1,1,2.0,,False,True,main,,,7.080045767435708,,75240,76440,49.604,9117.0,18720.0,48.702,9117.0,18720.0,48.70192307692308,32555.0,149760.0,21.738114316239315,9117.0,37440.0,24.35096153846154,32555.0,37440.0,86.95245726495726,76440,12015,9357.0,0.0,0.0,0.46260411541721635,20260630_023632_50bd4362,2026-06-30 02:45:01,f6d0ccda646c,3,0,32555.0,149760.0,21.738114316239315,32555.0,37440.0,86.95245726495726
ORACLE_BASELINE_SWEEP,Oracle Top-B B=4,predict,8,0.0,0,-1.0,-1.0,1,1,4.0,,False,True,main,,,8.050204591733692,,95972,55708,63.272000000000006,9090.0,18720.0,48.55800000000001,9090.0,18720.0,48.55769230769231,74880.0,149760.0,50.0,9090.0,74880.0,12.139423076923077,74880.0,74880.0,100.0,55708,40041,39527.0,0.0,0.0,0.42427154028607045,20260630_023632_50bd4362,2026-06-30 02:47:03,f6d0ccda646c,4,0,74880.0,149760.0,50.0,74880.0,74880.0,100.0
ORACLE_BASELINE_SWEEP,Actual Predictor B=4,predict,8,0.0,0,-1.0,-1.0,1,1,4.0,,False,True,main,,,7.036274466741813,,82370,69310,54.306,12780.0,18720.0,68.27000000000001,12780.0,18720.0,68.26923076923076,59844.0,149760.0,39.9599358974359,12780.0,74880.0,17.06730769230769,59844.0,74880.0,79.9198717948718,69310,29416,20447.0,0.0,0.0,0.5024105654725106,20260630_023632_50bd4362,2026-06-30 02:49:19,f6d0ccda646c,5,0,59844.0,149760.0,39.9599358974359,59844.0,74880.0,79.9198717948718
ORACLE_BASELINE_SWEEP,Oracle Top-B B=6,predict,8,0.0,0,-1.0,-1.0,1,1,6.0,,False,True,main,,,8.484152149702714,,118606,33074,78.19399999999999,14013.0,18720.0,74.858,14013.0,18720.0,74.85576923076924,112320.0,149760.0,75.0,14013.0,112320.0,12.475961538461538,112320.0,112320.0,100.0,33074,60065,59278.0,0.0,0.0,0.4712797920282047,20260630_023632_50bd4362,2026-06-30 02:51:18,f6d0ccda646c,6,0,112320.0,149760.0,75.0,112320.0,112320.0,100.0
ORACLE_BASELINE_SWEEP,Actual Predictor B=6,predict,8,0.0,0,-1.0,-1.0,1,1,6.0,,False,True,main,,,6.8825010767788,,90205,61475,59.470000000000006,14540.0,18720.0,77.67,14540.0,18720.0,77.67094017094016,81228.0,149760.0,54.23878205128206,14540.0,112320.0,12.945156695156694,81228.0,112320.0,72.31837606837607,61475,51334,31290.0,0.0,0.0,0.5073784963182619,20260630_023632_50bd4362,2026-06-30 02:53:34,f6d0ccda646c,7,0,81228.0,149760.0,54.23878205128206,81228.0,112320.0,72.31837606837607
ORACLE_BASELINE_SWEEP,Oracle Top-B B=8,predict,8,0.0,0,-1.0,-1.0,1,1,8.0,,False,True,main,,,12.321335676306642,,151680,0,100.0,18720.0,18720.0,100.0,18720.0,18720.0,100.0,149760.0,149760.0,100.0,18720.0,149760.0,12.5,149760.0,149760.0,100.0,0,80864,79802.0,0.0,0.0,0.4400251294948564,20260630_023632_50bd4362,2026-06-30 02:55:20,f6d0ccda646c,8,0,149760.0,149760.0,100.0,149760.0,149760.0,100.0
ORACLE_BASELINE_SWEEP,Actual Predictor B=8,predict,8,0.0,0,-1.0,-1.0,1,1,8.0,,False,True,main,,,6.6120852150422,,97648,54032,64.376,15543.0,18720.0,83.02799999999999,15543.0,18720.0,83.02884615384616,96771.0,149760.0,64.61738782051282,15543.0,149760.0,10.37860576923077,96771.0,149760.0,64.61738782051282,54032,76621,40291.0,0.0,0.0,0.49765409383407844,20260630_023632_50bd4362,2026-06-30 02:57:38,f6d0ccda646c,9,0,96771.0,149760.0,64.61738782051282,96771.0,149760.0,64.61738782051282
ORACLE_BASELINE_SWEEP,Oracle Full Union LA=1,predict,8,0.0,0,-1.0,-1.0,1,1,8.0,,False,True,main,,,12.234121488827531,,151680,0,100.0,18720.0,18720.0,100.0,18720.0,18720.0,100.0,149760.0,149760.0,100.0,18720.0,149760.0,12.5,149760.0,149760.0,100.0,0,80864,79802.0,0.0,0.0,0.4491371746962688,20260630_023632_50bd4362,2026-06-30 02:59:24,f6d0ccda646c,10,0,149760.0,149760.0,100.0,149760.0,149760.0,100.0
ORACLE_BASELINE_SWEEP,Oracle Top-B B=2,predict,8,0.0,0,-1.0,-1.0,2,2,2.0,,False,True,main,,,7.509827241178764,,74956,76724,49.42,2842.0,9360.0,30.363999999999997,2842.0,9360.0,30.363247863247864,17422.0,74880.0,23.26655982905983,2842.0,18720.0,15.181623931623932,17422.0,18720.0,93.06623931623932,76724,7982,7770.0,0.0,0.0,0.3730305279603564,20260630_023632_50bd4362,2026-06-30 03:01:30,f6d0ccda646c,11,0,18720.0,114174.0,16.399009336113515,18720.0,18720.0,100.0
ORACLE_BASELINE_SWEEP,Actual Predictor B=2,predict,8,0.0,0,-1.0,-1.0,2,2,2.0,,False,True,main,,,7.182220006594456,,72220,79460,47.612,3127.0,9360.0,33.408,3127.0,9360.0,33.40811965811966,13000.0,74880.0,17.36111111111111,3127.0,18720.0,16.70405982905983,13000.0,18720.0,69.44444444444444,79460,6626,4452.0,0.0,0.0,0.4140825229584239,20260630_023632_50bd4362,2026-06-30 03:03:44,f6d0ccda646c,12,0,17023.0,114174.0,14.910803650446434,17023.0,18720.0,90.93482905982907
ORACLE_BASELINE_SWEEP,Oracle Top-B B=4,predict,8,0.0,0,-1.0,-1.0,2,2,4.0,,False,True,main,,,7.753547244814593,,83027,68653,54.739999999999995,5030.0,9360.0,53.739999999999995,5030.0,9360.0,53.73931623931624,29981.0,74880.0,40.03872863247863,5030.0,37440.0,13.43482905982906,29981.0,37440.0,80.07745726495726,68653,17491,17030.0,0.0,0.0,0.3889527957457145,20260630_023632_50bd4362,2026-06-30 03:05:49,f6d0ccda646c,13,0,37440.0,114174.0,32.79801867222703,37440.0,37440.0,100.0
ORACLE_BASELINE_SWEEP,Actual Predictor B=4,predict,8,0.0,0,-1.0,-1.0,2,2,4.0,,False,True,main,,,7.118528950748619,,74927,76753,49.398,4722.0,9360.0,50.448,4722.0,9360.0,50.44871794871795,23571.0,74880.0,31.478365384615387,4722.0,37440.0,12.612179487179487,23571.0,37440.0,62.956730769230774,76753,15853,9323.0,0.0,0.0,0.4393086091606778,20260630_023632_50bd4362,2026-06-30 03:08:03,f6d0ccda646c,14,0,32115.0,114174.0,28.130153727936346,32115.0,37440.0,85.77724358974359
ORACLE_BASELINE_SWEEP,Oracle Top-B B=6,predict,8,0.0,0,-1.0,-1.0,2,2,6.0,,False,True,main,,,7.891140966951413,,95125,56555,62.715999999999994,5905.0,9360.0,63.086,5905.0,9360.0,63.087606837606835,35084.0,74880.0,46.853632478632484,5905.0,56160.0,10.51460113960114,35084.0,56160.0,62.471509971509974,56555,28859,28112.0,0.0,0.0,0.4176998163806266,20260630_023632_50bd4362,2026-06-30 03:10:08,f6d0ccda646c,15,0,56160.0,114174.0,49.19702800834055,56160.0,56160.0,100.0
ORACLE_BASELINE_SWEEP,Actual Predictor B=6,predict,8,0.0,0,-1.0,-1.0,2,2,6.0,,False,True,main,,,6.986380330691776,,77865,73815,51.336,5599.0,9360.0,59.818000000000005,5599.0,9360.0,59.818376068376075,31710.0,74880.0,42.34775641025641,5599.0,56160.0,9.969729344729345,31710.0,56160.0,56.46367521367521,73815,27628,14150.0,0.0,0.0,0.449278107625602,20260630_023632_50bd4362,2026-06-30 03:12:24,f6d0ccda646c,16,0,44953.0,114174.0,39.3741714111208,44953.0,56160.0,80.04451566951568
ORACLE_BASELINE_SWEEP,Oracle Top-B B=8,predict,8,0.0,0,-1.0,-1.0,2,2,8.0,,False,True,main,,,9.567030274842221,,111998,39682,73.838,5967.0,9360.0,63.748000000000005,5967.0,9360.0,63.75,35586.0,74880.0,47.52403846153847,5967.0,74880.0,7.96875,35586.0,74880.0,47.52403846153847,39682,41570,40508.0,0.0,0.0,0.41058355840606087,20260630_023632_50bd4362,2026-06-30 03:14:18,f6d0ccda646c,17,0,74880.0,114174.0,65.59603734445406,74880.0,74880.0,100.0
ORACLE_BASELINE_SWEEP,Actual Predictor B=8,predict,8,0.0,0,-1.0,-1.0,2,2,8.0,,False,True,main,,,6.803407632600454,,80934,70746,53.358000000000004,6244.0,9360.0,66.71000000000001,6244.0,9360.0,66.7094017094017,38215.0,74880.0,51.03498931623931,6244.0,74880.0,8.338675213675213,38215.0,74880.0,51.03498931623931,70746,40962,18319.0,0.0,0.0,0.4493708952463981,20260630_023632_50bd4362,2026-06-30 03:16:36,f6d0ccda646c,18,0,55656.0,114174.0,48.74738262456396,55656.0,74880.0,74.32692307692307
ORACLE_BASELINE_SWEEP,Oracle Full Union LA=2,predict,8,0.0,0,-1.0,-1.0,2,2,8.0,,False,True,main,,,8.807665508663526,,111998,39682,73.838,5967.0,9360.0,63.748000000000005,5967.0,9360.0,63.75,35586.0,74880.0,47.52403846153847,5967.0,74880.0,7.96875,35586.0,74880.0,47.52403846153847,39682,41570,40508.0,0.0,0.0,0.4915109936789629,20260630_023632_50bd4362,2026-06-30 03:18:36,f6d0ccda646c,19,0,74880.0,114174.0,65.59603734445406,74880.0,74880.0,100.0
ORACLE_BASELINE_SWEEP,Oracle Top-B B=2,predict,8,0.0,0,-1.0,-1.0,4,4,2.0,,False,True,main,,,7.398679019439352,,72255,79425,47.638,1505.0,4560.0,33.004000000000005,1505.0,4560.0,33.00438596491228,7483.0,36480.0,20.51260964912281,1505.0,9120.0,16.50219298245614,7483.0,9120.0,82.05043859649123,79425,3395,2941.0,0.0,0.0,0.35890438332176877,20260630_023632_50bd4362,2026-06-30 03:20:43,f6d0ccda646c,20,0,9120.0,85222.0,10.70443773475678,9120.0,9120.0,100.0
ORACLE_BASELINE_SWEEP,Actual Predictor B=2,predict,8,0.0,0,-1.0,-1.0,4,4,2.0,,False,True,main,,,7.194778195661082,,70579,81101,46.532,1066.0,4560.0,23.375999999999998,1066.0,4560.0,23.37719298245614,4893.0,36480.0,13.412828947368421,1066.0,9120.0,11.68859649122807,4893.0,9120.0,53.651315789473685,81101,4207,2133.0,0.0,0.0,0.38769709235270045,20260630_023632_50bd4362,2026-06-30 03:22:57,f6d0ccda646c,21,0,8277.0,85222.0,9.712406469614706,8277.0,9120.0,90.75657894736841
ORACLE_BASELINE_SWEEP,Oracle Top-B B=4,predict,8,0.0,0,-1.0,-1.0,4,4,4.0,,False,True,main,,,7.481080589979143,,75175,76505,49.562,2278.0,4560.0,49.958,2278.0,4560.0,49.95614035087719,12712.0,36480.0,34.84649122807018,2278.0,18240.0,12.489035087719298,12712.0,18240.0,69.69298245614036,76505,8467,6626.0,0.0,0.0,0.36733901129614277,20260630_023632_50bd4362,2026-06-30 03:25:03,f6d0ccda646c,22,0,18240.0,85222.0,21.40887546951356,18240.0,18240.0,100.0
ORACLE_BASELINE_SWEEP,Actual Predictor B=4,predict,8,0.0,0,-1.0,-1.0,4,4,4.0,,False,True,main,,,7.117130806108871,,71216,80464,46.95,1744.0,4560.0,38.244,1744.0,4560.0,38.24561403508772,9073.0,36480.0,24.871162280701753,1744.0,18240.0,9.56140350877193,9073.0,18240.0,49.74232456140351,80464,9208,4064.0,0.0,0.0,0.3987842935384857,20260630_023632_50bd4362,2026-06-30 03:27:17,f6d0ccda646c,23,0,15840.0,85222.0,18.58203604605794,15840.0,18240.0,86.84210526315789
ORACLE_BASELINE_SWEEP,Oracle Top-B B=6,predict,8,0.0,0,-1.0,-1.0,4,4,6.0,,False,True,main,,,7.4650180985055155,,78368,73312,51.668000000000006,2665.0,4560.0,58.44,2665.0,4560.0,58.44298245614035,16401.0,36480.0,44.95888157894737,2665.0,27360.0,9.740497076023392,16401.0,27360.0,59.94517543859649,73312,14810,10234.0,0.0,0.0,0.37759949717863633,20260630_023632_50bd4362,2026-06-30 03:29:24,f6d0ccda646c,24,0,27360.0,85222.0,32.11331320427034,27360.0,27360.0,100.0
ORACLE_BASELINE_SWEEP,Actual Predictor B=6,predict,8,0.0,0,-1.0,-1.0,4,4,6.0,,False,True,main,,,7.031189644003756,,71928,79752,47.422000000000004,2146.0,4560.0,47.062,2146.0,4560.0,47.06140350877193,12284.0,36480.0,33.67324561403509,2146.0,27360.0,7.843567251461988,12284.0,27360.0,44.89766081871345,79752,15320,5964.0,0.0,0.0,0.4033479579474287,20260630_023632_50bd4362,2026-06-30 03:31:40,f6d0ccda646c,25,0,22670.0,85222.0,26.5928964732474,22670.0,27360.0,82.85818713450291
ORACLE_BASELINE_SWEEP,Oracle Top-B B=8,predict,8,0.0,0,-1.0,-1.0,4,4,8.0,,False,True,main,,,7.44513384359233,,81518,70162,53.74400000000001,3000.0,4560.0,65.78999999999999,3000.0,4560.0,65.78947368421052,20122.0,36480.0,55.15899122807017,3000.0,36480.0,8.223684210526315,20122.0,36480.0,55.15899122807017,70162,21910,13242.0,0.0,0.0,0.3868990620520188,20260630_023632_50bd4362,2026-06-30 03:33:47,f6d0ccda646c,26,0,36480.0,85222.0,42.81775093902712,36480.0,36480.0,100.0
ORACLE_BASELINE_SWEEP,Actual Predictor B=8,predict,8,0.0,0,-1.0,-1.0,4,4,8.0,,False,True,main,,,6.88630021489548,,72879,78801,48.04600000000001,2433.0,4560.0,53.354,2433.0,4560.0,53.35526315789474,14772.0,36480.0,40.493421052631575,2433.0,36480.0,6.6694078947368425,14772.0,36480.0,40.493421052631575,78801,22206,7713.0,0.0,0.0,0.40619458965844046,20260630_023632_50bd4362,2026-06-30 03:36:03,f6d0ccda646c,27,0,28662.0,85222.0,33.62065124513964,28662.0,36480.0,78.56907894736841
ORACLE_BASELINE_SWEEP,Oracle Full Union LA=4,predict,8,0.0,0,-1.0,-1.0,4,4,8.0,,False,True,main,,,7.442925132907691,,81518,70162,53.74400000000001,3000.0,4560.0,65.78999999999999,3000.0,4560.0,65.78947368421052,20122.0,36480.0,55.15899122807017,3000.0,36480.0,8.223684210526315,20122.0,36480.0,55.15899122807017,70162,21910,13242.0,0.0,0.0,0.3882272684974179,20260630_023632_50bd4362,2026-06-30 03:38:10,f6d0ccda646c,28,0,36480.0,85222.0,42.81775093902712,36480.0,36480.0,100.0
ORACLE_BASELINE_SWEEP,Oracle Top-B B=2,predict,8,0.0,0,-1.0,-1.0,6,6,2.0,,False,True,main,,,7.324265737154063,,71233,80447,46.962,1082.0,3120.0,34.68,1082.0,3120.0,34.67948717948718,5018.0,24960.0,20.104166666666664,1082.0,6240.0,17.33974358974359,5018.0,6240.0,80.41666666666666,80447,2345,1578.0,0.0,0.0,0.35865275659401497,20260630_023632_50bd4362,2026-06-30 03:40:17,f6d0ccda646c,29,0,6240.0,74703.0,8.353840617659674,6240.0,6240.0,100.0
ORACLE_BASELINE_SWEEP,Actual Predictor B=2,predict,8,0.0,0,-1.0,-1.0,6,6,2.0,,False,True,main,,,7.1808374483304735,,70117,81563,46.228,597.0,3120.0,19.136000000000003,597.0,3120.0,19.134615384615383,2913.0,24960.0,11.670673076923077,597.0,6240.0,9.567307692307692,2913.0,6240.0,46.68269230769231,81563,3389,1362.0,0.0,0.0,0.37925696216249927,20260630_023632_50bd4362,2026-06-30 03:42:31,f6d0ccda646c,30,0,5621.0,74703.0,7.523325612738043,5621.0,6240.0,90.0801282051282
ORACLE_BASELINE_SWEEP,Oracle Top-B B=4,predict,8,0.0,0,-1.0,-1.0,6,6,4.0,,False,True,main,,,7.349832796451589,,72586,79094,47.856,1563.0,3120.0,50.096,1563.0,3120.0,50.09615384615385,8538.0,24960.0,34.20673076923077,1563.0,12480.0,12.524038461538462,8538.0,12480.0,68.41346153846153,79094,5954,3464.0,0.0,0.0,0.36318101112652235,20260630_023632_50bd4362,2026-06-30 03:44:39,f6d0ccda646c,31,0,12480.0,74703.0,16.70768123531935,12480.0,12480.0,100.0
ORACLE_BASELINE_SWEEP,Actual Predictor B=4,predict,8,0.0,0,-1.0,-1.0,6,6,4.0,,False,True,main,,,7.127693353266895,,70411,81269,46.422000000000004,1103.0,3120.0,35.352,1103.0,3120.0,35.3525641025641,5688.0,24960.0,22.78846153846154,1103.0,12480.0,8.838141025641026,5688.0,12480.0,45.57692307692308,81269,7023,2540.0,0.0,0.0,0.3871514528164419,20260630_023632_50bd4362,2026-06-30 03:46:53,f6d0ccda646c,32,0,11037.0,74703.0,14.772212239125988,11037.0,12480.0,88.4375
ORACLE_BASELINE_SWEEP,Oracle Top-B B=6,predict,8,0.0,0,-1.0,-1.0,6,6,6.0,,False,True,main,,,7.344840870034846,,74203,77477,48.92,1820.0,3120.0,58.33200000000001,1820.0,3120.0,58.333333333333336,11099.0,24960.0,44.46714743589744,1820.0,18720.0,9.722222222222223,11099.0,18720.0,59.28952991452992,77477,10546,5484.0,0.0,0.0,0.36820201715177436,20260630_023632_50bd4362,2026-06-30 03:49:01,f6d0ccda646c,33,0,18720.0,74703.0,25.06152185297903,18720.0,18720.0,100.0
ORACLE_BASELINE_SWEEP,Actual Predictor B=6,predict,8,0.0,0,-1.0,-1.0,6,6,6.0,,False,True,main,,,6.888032799820894,,70861,80819,46.718,1409.0,3120.0,45.160000000000004,1409.0,3120.0,45.16025641025641,7925.0,24960.0,31.75080128205128,1409.0,18720.0,7.526709401709402,7925.0,18720.0,42.33440170940171,80819,11356,3742.0,0.0,0.0,0.4102272613408945,20260630_023632_50bd4362,2026-06-30 03:51:17,f6d0ccda646c,34,0,16053.0,74703.0,21.484314460349875,16053.0,18720.0,85.75320512820512
ORACLE_BASELINE_SWEEP,Oracle Top-B B=8,predict,8,0.0,0,-1.0,-1.0,6,6,8.0,,False,True,main,,,7.35754313433012,,76216,75464,50.25,2014.0,3120.0,64.55,2014.0,3120.0,64.55128205128206,12933.0,24960.0,51.81490384615385,2014.0,24960.0,8.068910256410257,12933.0,24960.0,51.81490384615385,75464,15558,7397.0,0.0,0.0,0.3708387352598754,20260630_023632_50bd4362,2026-06-30 03:53:24,f6d0ccda646c,35,0,24960.0,74703.0,33.4153624706387,24960.0,24960.0,100.0
ORACLE_BASELINE_SWEEP,Actual Predictor B=8,predict,8,0.0,0,-1.0,-1.0,6,6,8.0,,False,True,main,,,7.0731460369608765,,71422,80258,47.088,1613.0,3120.0,51.698,1613.0,3120.0,51.69871794871794,9650.0,24960.0,38.66185897435897,1613.0,24960.0,6.462339743589743,9650.0,24960.0,38.66185897435897,80258,16103,4803.0,0.0,0.0,0.38111354496271665,20260630_023632_50bd4362,2026-06-30 03:55:39,f6d0ccda646c,36,0,20645.0,74703.0,27.629577730443394,20645.0,24960.0,82.71233974358975
ORACLE_BASELINE_SWEEP,Oracle Full Union LA=6,predict,8,0.0,0,-1.0,-1.0,6,6,8.0,,False,True,main,,,7.3723464998081365,,76216,75464,50.25,2014.0,3120.0,64.55,2014.0,3120.0,64.55128205128206,12933.0,24960.0,51.81490384615385,2014.0,24960.0,8.068910256410257,12933.0,24960.0,51.81490384615385,75464,15558,7397.0,0.0,0.0,0.37151474681031765,20260630_023632_50bd4362,2026-06-30 03:57:46,f6d0ccda646c,37,0,24960.0,74703.0,33.4153624706387,24960.0,24960.0,100.0
ORACLE_BASELINE_SWEEP,Oracle Top-B B=2,predict,8,0.0,0,-1.0,-1.0,8,8,2.0,,False,True,main,,,7.210101156171883,,70993,80687,46.806,714.0,2160.0,33.056,714.0,2160.0,33.05555555555556,3288.0,17280.0,19.02777777777778,714.0,4320.0,16.52777777777778,3288.0,4320.0,76.11111111111111,80687,1618,1105.0,0.0,0.0,0.35491828020803623,20260630_023632_50bd4362,2026-06-30 03:59:55,f6d0ccda646c,38,0,4320.0,61013.0,7.082960765021092,4320.0,4320.0,100.0
ORACLE_BASELINE_SWEEP,Actual Predictor B=2,predict,8,0.0,0,-1.0,-1.0,8,8,2.0,,False,True,main,,,7.299495620378117,,70104,81576,46.215999999999994,14.0,90.0,15.556000000000001,14.0,90.0,15.555555555555554,69.0,720.0,9.583333333333334,14.0,180.0,7.777777777777777,69.0,180.0,38.333333333333336,81576,118,41.0,0.0,0.0,0.3456213029960125,20260630_023632_50bd4362,2026-06-30 04:02:02,f6d0ccda646c,39,0,158.0,3580.0,4.423414840123185,158.0,180.0,87.77777777777779
ORACLE_BASELINE_SWEEP,Oracle Top-B B=4,predict,8,0.0,0,-1.0,-1.0,8,8,4.0,,False,True,main,,,7.378933823435277,,71949,79731,47.434000000000005,1039.0,2160.0,48.104,1039.0,2160.0,48.101851851851855,5581.0,17280.0,32.2974537037037,1039.0,8640.0,12.025462962962964,5581.0,8640.0,64.5949074074074,79731,4115,2388.0,0.0,0.0,0.3544569793059598,20260630_023632_50bd4362,2026-06-30 04:04:08,f6d0ccda646c,40,0,8640.0,61013.0,14.165921530042183,8640.0,8640.0,100.0
ORACLE_BASELINE_SWEEP,Actual Predictor B=4,predict,8,0.0,0,-1.0,-1.0,8,8,4.0,,False,True,main,,,7.319413459100046,,70119,81561,46.226,18.0,90.0,20.0,18.0,90.0,20.0,110.0,720.0,15.277777777777777,18.0,360.0,5.0,110.0,360.0,30.555555555555554,81561,272,76.0,0.0,0.0,0.3455671083366422,20260630_023632_50bd4362,2026-06-30 04:06:15,f6d0ccda646c,41,0,311.0,3580.0,8.708085223582824,311.0,360.0,86.38888888888889
ORACLE_BASELINE_SWEEP,Oracle Top-B B=6,predict,8,0.0,0,-1.0,-1.0,8,8,6.0,,False,True,main,,,7.402096796432725,,72946,78734,48.094,1220.0,2160.0,56.482000000000006,1220.0,2160.0,56.48148148148148,7344.0,17280.0,42.5,1220.0,12960.0,9.413580246913579,7344.0,12960.0,56.666666666666664,78734,7354,3730.0,0.0,0.0,0.3561374170864032,20260630_023632_50bd4362,2026-06-30 04:08:22,f6d0ccda646c,42,0,12960.0,61013.0,21.248882295063275,12960.0,12960.0,100.0
ORACLE_BASELINE_SWEEP,Actual Predictor B=6,predict,8,0.0,0,-1.0,-1.0,8,8,6.0,,False,True,main,,,7.329552751159531,,70124,81556,46.232,21.0,90.0,23.334,21.0,90.0,23.333333333333336,139.0,720.0,19.305555555555554,21.0,540.0,3.8888888888888884,139.0,540.0,25.74074074074074,81556,437,104.0,0.0,0.0,0.3443951973943373,20260630_023632_50bd4362,2026-06-30 04:10:29,f6d0ccda646c,43,0,448.0,3580.0,12.537973385819948,448.0,540.0,82.96296296296296
ORACLE_BASELINE_SWEEP,Oracle Top-B B=8,predict,8,0.0,0,-1.0,-1.0,8,8,8.0,,False,True,main,,,7.364698564832755,,74196,77484,48.918,1391.0,2160.0,64.396,1391.0,2160.0,64.39814814814815,8712.0,17280.0,50.41666666666667,1391.0,17280.0,8.049768518518519,8712.0,17280.0,50.41666666666667,77484,10930,4995.0,0.0,0.0,0.36291638650696667,20260630_023632_50bd4362,2026-06-30 04:12:36,f6d0ccda646c,44,0,17280.0,61013.0,28.331843060084367,17280.0,17280.0,100.0
ORACLE_BASELINE_SWEEP,Actual Predictor B=8,predict,8,0.0,0,-1.0,-1.0,8,8,8.0,,False,True,main,,,7.287088210338718,,70126,81554,46.232,25.0,90.0,27.776,25.0,90.0,27.77777777777778,166.0,720.0,23.055555555555554,25.0,720.0,3.4722222222222223,166.0,720.0,23.055555555555554,81554,607,135.0,0.0,0.0,0.34722504716249786,20260630_023632_50bd4362,2026-06-30 04:14:44,f6d0ccda646c,45,0,578.0,3580.0,16.173539329051497,578.0,720.0,80.27777777777777
ORACLE_BASELINE_SWEEP,Oracle Full Union LA=8,predict,8,0.0,0,-1.0,-1.0,8,8,8.0,,False,True,main,,,7.374009344026334,,74196,77484,48.918,1391.0,2160.0,64.396,1391.0,2160.0,64.39814814814815,8712.0,17280.0,50.41666666666667,1391.0,17280.0,8.049768518518519,8712.0,17280.0,50.41666666666667,77484,10930,4995.0,0.0,0.0,0.3616271665211276,20260630_023632_50bd4362,2026-06-30 04:16:51,f6d0ccda646c,46,0,17280.0,61013.0,28.331843060084367,17280.0,17280.0,100.0
ORACLE_BASELINE_SWEEP,Oracle Top-B B=2,predict,8,0.0,0,-1.0,-1.0,16,16,2.0,,False,True,main,,,7.330978913307814,,70503,81177,46.482,283.0,960.0,29.476,283.0,960.0,29.479166666666668,1423.0,7680.0,18.528645833333332,283.0,1920.0,14.739583333333334,1423.0,1920.0,74.11458333333333,81177,725,417.0,0.0,0.0,0.34913234481924765,20260630_023632_50bd4362,2026-06-30 04:18:59,f6d0ccda646c,47,0,1920.0,38050.0,5.051916295608647,1920.0,1920.0,100.0
ORACLE_BASELINE_SWEEP,Actual Predictor B=2,predict,8,0.0,0,-1.0,-1.0,16,16,2.0,,False,True,main,,,7.316979003702221,,70088,81592,46.206,0.0,0.0,0.0,,,,,,,,,,,,,81592,0,,,,0.3429810615789399,20260630_023632_50bd4362,2026-06-30 04:21:05,f6d0ccda646c,48,0,,,,,,
ORACLE_BASELINE_SWEEP,Oracle Top-B B=4,predict,8,0.0,0,-1.0,-1.0,16,16,4.0,,False,True,main,,,7.370160604994071,,70861,80819,46.718,417.0,960.0,43.438,417.0,960.0,43.4375,2409.0,7680.0,31.3671875,417.0,3840.0,10.859375,2409.0,3840.0,62.734375,80819,1997,966.0,0.0,0.0,0.34890122466697127,20260630_023632_50bd4362,2026-06-30 04:23:11,f6d0ccda646c,49,0,3840.0,38050.0,10.103832591217294,3840.0,3840.0,100.0
ORACLE_BASELINE_SWEEP,Actual Predictor B=4,predict,8,0.0,0,-1.0,-1.0,16,16,4.0,,False,True,main,,,7.336272627442378,,70088,81592,46.206,0.0,0.0,0.0,,,,,,,,,,,,,81592,0,,,,0.3417172999572766,20260630_023632_50bd4362,2026-06-30 04:25:18,f6d0ccda646c,50,0,,,,,,
ORACLE_BASELINE_SWEEP,Oracle Top-B B=6,predict,8,0.0,0,-1.0,-1.0,16,16,6.0,,False,True,main,,,7.343883601563855,,71234,80446,46.964,522.0,960.0,54.374,522.0,960.0,54.375,3191.0,7680.0,41.54947916666667,522.0,5760.0,9.0625,3191.0,5760.0,55.39930555555556,80446,3533,1494.0,0.0,0.0,0.3509123155427974,20260630_023632_50bd4362,2026-06-30 04:27:25,f6d0ccda646c,51,0,5760.0,38050.0,15.155748886825938,5760.0,5760.0,100.0
ORACLE_BASELINE_SWEEP,Actual Predictor B=6,predict,8,0.0,0,-1.0,-1.0,16,16,6.0,,False,True,main,,,7.323543117391017,,70088,81592,46.206,0.0,0.0,0.0,,,,,,,,,,,,,81592,0,,,,0.34439830053180914,20260630_023632_50bd4362,2026-06-30 04:29:31,f6d0ccda646c,52,0,,,,,,
ORACLE_BASELINE_SWEEP,Oracle Top-B B=8,predict,8,0.0,0,-1.0,-1.0,16,16,8.0,,False,True,main,,,7.315811976387218,,71692,79988,47.263999999999996,596.0,960.0,62.081999999999994,596.0,960.0,62.083333333333336,3788.0,7680.0,49.322916666666664,596.0,7680.0,7.760416666666667,3788.0,7680.0,49.322916666666664,79988,5311,2016.0,0.0,0.0,0.35338839607956596,20260630_023632_50bd4362,2026-06-30 04:31:38,f6d0ccda646c,53,0,7680.0,38050.0,20.20766518243459,7680.0,7680.0,100.0
ORACLE_BASELINE_SWEEP,Actual Predictor B=8,predict,8,0.0,0,-1.0,-1.0,16,16,8.0,,False,True,main,,,7.308019887483077,,70088,81592,46.206,0.0,0.0,0.0,,,,,,,,,,,,,81592,0,,,,0.3434997311881774,20260630_023632_50bd4362,2026-06-30 04:33:45,f6d0ccda646c,54,0,,,,,,
ORACLE_BASELINE_SWEEP,Oracle Full Union LA=16,predict,8,0.0,0,-1.0,-1.0,16,16,8.0,,False,True,main,,,7.354557123994903,,71692,79988,47.263999999999996,596.0,960.0,62.081999999999994,596.0,960.0,62.083333333333336,3788.0,7680.0,49.322916666666664,596.0,7680.0,7.760416666666667,3788.0,7680.0,49.322916666666664,79988,5311,2016.0,0.0,0.0,0.3526057423770723,20260630_023632_50bd4362,2026-06-30 04:35:52,f6d0ccda646c,55,0,7680.0,38050.0,20.20766518243459,7680.0,7680.0,100.0
ORACLE_BASELINE_SWEEP,Neither (LRU),cached,16,0.0,0,-1.0,-1.0,1,1,,,False,True,main,,,8.637496833880867,,93011,58669,61.32000000000001,,,,,,,,,,,,,,,,58669,0,,,,0.3726358264748539,20260630_023632_50bd4362,2026-06-30 04:37:51,f6d0ccda646c,56,0,,,,,,
ORACLE_BASELINE_SWEEP,Neither (RANDOM),cached,16,0.0,0,-1.0,-1.0,1,1,,,False,True,main,,,8.418322565879894,,89801,61879,59.202,,,,,,,,,,,,,,,,61879,0,,,,0.36767634387062603,20260630_023632_50bd4362,2026-06-30 04:39:51,f6d0ccda646c,57,0,,,,,,
ORACLE_BASELINE_SWEEP,Oracle Top-B B=4,predict,16,0.0,0,-1.0,-1.0,1,1,4.0,,False,True,main,,,9.785516044331573,,120101,31579,79.18,9090.0,18720.0,48.55800000000001,9090.0,18720.0,48.55769230769231,74880.0,149760.0,50.0,9090.0,74880.0,12.139423076923077,74880.0,74880.0,100.0,31579,28609,28286.0,0.0,0.0,0.48410177059931864,20260630_023632_50bd4362,2026-06-30 04:41:47,f6d0ccda646c,58,0,74880.0,149760.0,50.0,74880.0,74880.0,100.0
ORACLE_BASELINE_SWEEP,Actual Predictor B=4,predict,16,0.0,0,-1.0,-1.0,1,1,4.0,,False,True,main,,,8.32630267982795,,105661,46019,69.65799999999999,12780.0,18720.0,68.27000000000001,12780.0,18720.0,68.26923076923076,59844.0,149760.0,39.9599358974359,12780.0,74880.0,17.06730769230769,59844.0,74880.0,79.9198717948718,46019,18136,14476.0,0.0,0.0,0.521869947497312,20260630_023632_50bd4362,2026-06-30 04:43:56,f6d0ccda646c,59,0,59844.0,149760.0,39.9599358974359,59844.0,74880.0,79.9198717948718
ORACLE_BASELINE_SWEEP,Oracle Top-B B=8,predict,16,0.0,0,-1.0,-1.0,1,1,8.0,,False,True,main,,,13.811956457945746,,151680,0,100.0,18720.0,18720.0,100.0,18720.0,18720.0,100.0,149760.0,149760.0,100.0,18720.0,149760.0,12.5,149760.0,149760.0,100.0,0,57866,57189.0,0.0,0.0,0.4542771986714703,20260630_023632_50bd4362,2026-06-30 04:45:40,f6d0ccda646c,60,0,149760.0,149760.0,100.0,149760.0,149760.0,100.0
ORACLE_BASELINE_SWEEP,Actual Predictor B=8,predict,16,0.0,0,-1.0,-1.0,1,1,8.0,,False,True,main,,,8.316877685223716,,117663,34017,77.574,15543.0,18720.0,83.02799999999999,15543.0,18720.0,83.02884615384616,96771.0,149760.0,64.61738782051282,15543.0,149760.0,10.37860576923077,96771.0,149760.0,64.61738782051282,34017,45066,29079.0,0.0,0.0,0.5407334493113217,20260630_023632_50bd4362,2026-06-30 04:47:50,f6d0ccda646c,61,0,96771.0,149760.0,64.61738782051282,96771.0,149760.0,64.61738782051282
ORACLE_BASELINE_SWEEP,Oracle Top-B B=12,predict,16,0.0,0,-1.0,-1.0,1,1,12.0,,False,True,main,,,13.793250753022345,,151680,0,100.0,18720.0,18720.0,100.0,18720.0,18720.0,100.0,149760.0,149760.0,100.0,18720.0,149760.0,12.5,149760.0,149760.0,100.0,0,57100,56423.0,0.0,0.0,0.4622443020134036,20260630_023632_50bd4362,2026-06-30 04:49:34,f6d0ccda646c,62,0,149760.0,149760.0,100.0,149760.0,149760.0,100.0
ORACLE_BASELINE_SWEEP,Actual Predictor B=12,predict,16,0.0,0,-1.0,-1.0,1,1,12.0,,False,True,main,,,7.958880712309546,,124461,27219,82.05199999999999,16702.0,18720.0,89.218,16702.0,18720.0,89.22008547008548,115615.0,149760.0,77.20018696581197,16702.0,224640.0,7.4350071225071215,115615.0,224640.0,51.46679131054132,27219,79274,39198.0,0.0,0.0,0.5106442720848172,20260630_023632_50bd4362,2026-06-30 04:51:46,f6d0ccda646c,63,0,115615.0,149760.0,77.20018696581197,115615.0,224640.0,51.46679131054132
ORACLE_BASELINE_SWEEP,Oracle Top-B B=16,predict,16,0.0,0,-1.0,-1.0,1,1,16.0,,False,True,main,,,13.774194141553128,,151680,0,100.0,18720.0,18720.0,100.0,18720.0,18720.0,100.0,149760.0,149760.0,100.0,18720.0,149760.0,12.5,149760.0,149760.0,100.0,0,56924,56247.0,0.0,0.0,0.46232075964127634,20260630_023632_50bd4362,2026-06-30 04:53:31,f6d0ccda646c,64,0,149760.0,149760.0,100.0,149760.0,149760.0,100.0
ORACLE_BASELINE_SWEEP,Actual Predictor B=16,predict,16,0.0,0,-1.0,-1.0,1,1,16.0,,False,True,main,,,7.051861389024934,,127079,24601,83.782,17309.0,18720.0,92.462,17309.0,18720.0,92.46260683760684,125833.0,149760.0,84.02310363247864,17309.0,299520.0,5.778912927350428,125833.0,299520.0,42.01155181623932,24601,121951,46735.0,0.0,0.0,0.5065257538606192,20260630_023632_50bd4362,2026-06-30 04:55:49,f6d0ccda646c,65,0,125833.0,149760.0,84.02310363247864,125833.0,299520.0,42.01155181623932
ORACLE_BASELINE_SWEEP,Oracle Full Union LA=1,predict,16,0.0,0,-1.0,-1.0,1,1,16.0,,False,True,main,,,13.881326621120033,,151680,0,100.0,18720.0,18720.0,100.0,18720.0,18720.0,100.0,149760.0,149760.0,100.0,18720.0,149760.0,12.5,149760.0,149760.0,100.0,0,56924,56247.0,0.0,0.0,0.45680651136330797,20260630_023632_50bd4362,2026-06-30 04:57:33,f6d0ccda646c,66,0,149760.0,149760.0,100.0,149760.0,149760.0,100.0
ORACLE_BASELINE_SWEEP,Oracle Top-B B=4,predict,16,0.0,0,-1.0,-1.0,2,2,4.0,,False,True,main,,,8.978928152679686,,104268,47412,68.74199999999999,5030.0,9360.0,53.739999999999995,5030.0,9360.0,53.73931623931624,29981.0,74880.0,40.03872863247863,5030.0,37440.0,13.43482905982906,29981.0,37440.0,80.07745726495726,47412,11678,11409.0,0.0,0.0,0.426143255996294,20260630_023632_50bd4362,2026-06-30 04:59:34,f6d0ccda646c,67,0,37440.0,114174.0,32.79801867222703,37440.0,37440.0,100.0
ORACLE_BASELINE_SWEEP,Actual Predictor B=4,predict,16,0.0,0,-1.0,-1.0,2,2,4.0,,False,True,main,,,8.41025523605759,,99794,51886,65.794,4722.0,9360.0,50.448,4722.0,9360.0,50.44871794871795,23571.0,74880.0,31.478365384615387,4722.0,37440.0,12.612179487179487,23571.0,37440.0,62.956730769230774,51886,9019,7298.0,0.0,0.0,0.4589847155902366,20260630_023632_50bd4362,2026-06-30 05:01:42,f6d0ccda646c,68,0,32115.0,114174.0,28.130153727936346,32115.0,37440.0,85.77724358974359
ORACLE_BASELINE_SWEEP,Oracle Top-B B=8,predict,16,0.0,0,-1.0,-1.0,2,2,8.0,,False,True,main,,,10.958431461979236,,122972,28708,81.074,5967.0,9360.0,63.748000000000005,5967.0,9360.0,63.75,35586.0,74880.0,47.52403846153847,5967.0,74880.0,7.96875,35586.0,74880.0,47.52403846153847,28708,29143,28466.0,0.0,0.0,0.42726892801313554,20260630_023632_50bd4362,2026-06-30 05:03:34,f6d0ccda646c,69,0,74880.0,114174.0,65.59603734445406,74880.0,74880.0,100.0
ORACLE_BASELINE_SWEEP,Actual Predictor B=8,predict,16,0.0,0,-1.0,-1.0,2,2,8.0,,False,True,main,,,8.459176224930738,,107923,43757,71.152,6244.0,9360.0,66.71000000000001,6244.0,9360.0,66.7094017094017,38215.0,74880.0,51.03498931623931,6244.0,74880.0,8.338675213675213,38215.0,74880.0,51.03498931623931,43757,23199,16200.0,0.0,0.0,0.4904406590793807,20260630_023632_50bd4362,2026-06-30 05:05:42,f6d0ccda646c,70,0,55656.0,114174.0,48.74738262456396,55656.0,74880.0,74.32692307692307
ORACLE_BASELINE_SWEEP,Oracle Top-B B=12,predict,16,0.0,0,-1.0,-1.0,2,2,12.0,,False,True,main,,,12.493535975989195,,145431,6249,95.88000000000001,8534.0,9360.0,91.176,8534.0,9360.0,91.17521367521367,67421.0,74880.0,90.03872863247862,8534.0,106715.0,7.997981824238923,67421.0,106715.0,63.18653008703751,6249,49672,48500.0,0.0,0.0,0.4746852355511269,20260630_023632_50bd4362,2026-06-30 05:07:29,f6d0ccda646c,71,0,106715.0,114174.0,93.47523151332072,106715.0,106715.0,100.0
ORACLE_BASELINE_SWEEP,Actual Predictor B=12,predict,16,0.0,0,-1.0,-1.0,2,2,12.0,,False,True,main,,,8.352507618380889,,114101,37579,75.224,7165.0,9360.0,76.548,7165.0,9360.0,76.5491452991453,47760.0,74880.0,63.782051282051285,7165.0,112320.0,6.3790954415954415,47760.0,112320.0,42.52136752136752,37579,41311,23880.0,0.0,0.0,0.4876238301389254,20260630_023632_50bd4362,2026-06-30 05:09:39,f6d0ccda646c,72,0,71454.0,114174.0,62.58438075586698,71454.0,112320.0,63.61645299145299
ORACLE_BASELINE_SWEEP,Oracle Top-B B=16,predict,16,0.0,0,-1.0,-1.0,2,2,16.0,,False,True,main,,,14.027463032036872,,151680,0,100.0,9360.0,9360.0,100.0,9360.0,9360.0,100.0,74880.0,74880.0,100.0,9360.0,114174.0,8.199504668056758,74880.0,114174.0,65.59603734445406,0,54096,52822.0,0.0,0.0,0.5084725607004439,20260630_023632_50bd4362,2026-06-30 05:11:22,f6d0ccda646c,73,0,114174.0,114174.0,100.0,114174.0,114174.0,100.0
ORACLE_BASELINE_SWEEP,Actual Predictor B=16,predict,16,0.0,0,-1.0,-1.0,2,2,16.0,,False,True,main,,,7.88563247473933,,116994,34686,77.13199999999999,7742.0,9360.0,82.716,7742.0,9360.0,82.71367521367522,54442.0,74880.0,72.70566239316238,7742.0,149760.0,5.169604700854701,54442.0,149760.0,36.35283119658119,34686,64253,29238.0,0.0,0.0,0.47792746429888355,20260630_023632_50bd4362,2026-06-30 05:13:39,f6d0ccda646c,74,0,82298.0,114174.0,72.07914615239875,82298.0,149760.0,54.953258547008545
ORACLE_BASELINE_SWEEP,Oracle Full Union LA=2,predict,16,0.0,0,-1.0,-1.0,2,2,16.0,,False,True,main,,,14.092936212017596,,151680,0,100.0,9360.0,9360.0,100.0,9360.0,9360.0,100.0,74880.0,74880.0,100.0,9360.0,114174.0,8.199504668056758,74880.0,114174.0,65.59603734445406,0,54096,52822.0,0.0,0.0,0.5052800249569638,20260630_023632_50bd4362,2026-06-30 05:15:24,f6d0ccda646c,75,0,114174.0,114174.0,100.0,114174.0,114174.0,100.0
ORACLE_BASELINE_SWEEP,Oracle Top-B B=4,predict,16,0.0,0,-1.0,-1.0,4,4,4.0,,False,True,main,,,8.711352777659773,,98590,53090,65.0,2278.0,4560.0,49.958,2278.0,4560.0,49.95614035087719,12712.0,36480.0,34.84649122807018,2278.0,18240.0,12.489035087719298,12712.0,18240.0,69.69298245614036,53090,5322,5285.0,0.0,0.0,0.4012991726357953,20260630_023632_50bd4362,2026-06-30 05:17:24,f6d0ccda646c,76,0,18240.0,85222.0,21.40887546951356,18240.0,18240.0,100.0
ORACLE_BASELINE_SWEEP,Actual Predictor B=4,predict,16,0.0,0,-1.0,-1.0,4,4,4.0,,False,True,main,,,8.406688376385919,,96564,55116,63.666,1744.0,4560.0,38.244,1744.0,4560.0,38.24561403508772,9073.0,36480.0,24.871162280701753,1744.0,18240.0,9.56140350877193,9073.0,18240.0,49.74232456140351,55116,5377,3847.0,0.0,0.0,0.42564140856678073,20260630_023632_50bd4362,2026-06-30 05:19:33,f6d0ccda646c,77,0,15840.0,85222.0,18.58203604605794,15840.0,18240.0,86.84210526315789
ORACLE_BASELINE_SWEEP,Oracle Top-B B=8,predict,16,0.0,0,-1.0,-1.0,4,4,8.0,,False,True,main,,,9.131437475282391,,108860,42820,71.77000000000001,3000.0,4560.0,65.78999999999999,3000.0,4560.0,65.78947368421052,20122.0,36480.0,55.15899122807017,3000.0,36480.0,8.223684210526315,20122.0,36480.0,55.15899122807017,42820,15084,14749.0,0.0,0.0,0.43051498535338456,20260630_023632_50bd4362,2026-06-30 05:21:32,f6d0ccda646c,78,0,36480.0,85222.0,42.81775093902712,36480.0,36480.0,100.0
ORACLE_BASELINE_SWEEP,Actual Predictor B=8,predict,16,0.0,0,-1.0,-1.0,4,4,8.0,,False,True,main,,,8.372689765148818,,100465,51215,66.236,2433.0,4560.0,53.354,2433.0,4560.0,53.35526315789474,14772.0,36480.0,40.493421052631575,2433.0,36480.0,6.6694078947368425,14772.0,36480.0,40.493421052631575,51215,13803,8508.0,0.0,0.0,0.44411836341238475,20260630_023632_50bd4362,2026-06-30 05:23:40,f6d0ccda646c,79,0,28662.0,85222.0,33.62065124513964,28662.0,36480.0,78.56907894736841
ORACLE_BASELINE_SWEEP,Oracle Top-B B=12,predict,16,0.0,0,-1.0,-1.0,4,4,12.0,,False,True,main,,,10.150893553136981,,122170,29510,80.54400000000001,3237.0,4560.0,70.99,3237.0,4560.0,70.98684210526315,22223.0,36480.0,60.91831140350878,3237.0,54684.0,5.919447266427042,22223.0,54684.0,40.6388565783179,29510,26441,25913.0,0.0,0.0,0.44846662268384085,20260630_023632_50bd4362,2026-06-30 05:25:35,f6d0ccda646c,80,0,54684.0,85222.0,64.18405899307517,54684.0,54684.0,100.0
ORACLE_BASELINE_SWEEP,Actual Predictor B=12,predict,16,0.0,0,-1.0,-1.0,4,4,12.0,,False,True,main,,,8.18838513186554,,103231,48449,68.058,2849.0,4560.0,62.477999999999994,2849.0,4560.0,62.478070175438596,18688.0,36480.0,51.228070175438596,2849.0,54720.0,5.206505847953216,18688.0,54720.0,34.15204678362573,48449,24473,12639.0,0.0,0.0,0.44947263544349153,20260630_023632_50bd4362,2026-06-30 05:27:48,f6d0ccda646c,81,0,39051.0,85222.0,45.80499280257864,39051.0,54720.0,71.36513157894737
ORACLE_BASELINE_SWEEP,Oracle Top-B B=16,predict,16,0.0,0,-1.0,-1.0,4,4,16.0,,False,True,main,,,11.625856878165578,,136994,14686,90.318,3565.0,4560.0,78.17999999999999,3565.0,4560.0,78.1798245614035,26295.0,36480.0,72.08059210526315,3565.0,71383.0,4.994488470818071,26295.0,71383.0,36.84015721182291,14686,38264,37339.0,0.0,0.0,0.4714573538546147,20260630_023632_50bd4362,2026-06-30 05:29:38,f6d0ccda646c,82,0,71383.0,85222.0,83.77950872857639,71383.0,71383.0,100.0
ORACLE_BASELINE_SWEEP,Actual Predictor B=16,predict,16,0.0,0,-1.0,-1.0,4,4,16.0,,False,True,main,,,7.9153792169411235,,103756,47924,68.404,3180.0,4560.0,69.736,3180.0,4560.0,69.73684210526315,21763.0,36480.0,59.65734649122807,3180.0,72960.0,4.358552631578947,21763.0,72960.0,29.828673245614034,47924,36849,14929.0,0.0,0.0,0.44043014222070853,20260630_023632_50bd4362,2026-06-30 05:31:50,f6d0ccda646c,83,0,47327.0,85222.0,55.51367731815092,47327.0,72960.0,64.8670504385965
ORACLE_BASELINE_SWEEP,Oracle Full Union LA=4,predict,16,0.0,0,-1.0,-1.0,4,4,16.0,,False,True,main,,,11.559000922401834,,136994,14686,90.318,3565.0,4560.0,78.17999999999999,3565.0,4560.0,78.1798245614035,26295.0,36480.0,72.08059210526315,3565.0,71383.0,4.994488470818071,26295.0,71383.0,36.84015721182291,14686,38264,37339.0,0.0,0.0,0.48067087326049374,20260630_023632_50bd4362,2026-06-30 05:33:41,f6d0ccda646c,84,0,71383.0,85222.0,83.77950872857639,71383.0,71383.0,100.0
ORACLE_BASELINE_SWEEP,Oracle Top-B B=4,predict,16,0.0,0,-1.0,-1.0,6,6,4.0,,False,True,main,,,8.58969625840313,,96559,55121,63.660000000000004,1563.0,3120.0,50.096,1563.0,3120.0,50.09615384615385,8538.0,24960.0,34.20673076923077,1563.0,12480.0,12.524038461538462,8538.0,12480.0,68.41346153846153,55121,3461,3092.0,0.0,0.0,0.39518619264255384,20260630_023632_50bd4362,2026-06-30 05:35:42,f6d0ccda646c,85,0,12480.0,74703.0,16.70768123531935,12480.0,12480.0,100.0
ORACLE_BASELINE_SWEEP,Actual Predictor B=4,predict,16,0.0,0,-1.0,-1.0,6,6,4.0,,False,True,main,,,8.220214105210472,,95261,56419,62.802,1103.0,3120.0,35.352,1103.0,3120.0,35.3525641025641,5688.0,24960.0,22.78846153846154,1103.0,12480.0,8.838141025641026,5688.0,12480.0,45.57692307692308,56419,4304,2685.0,0.0,0.0,0.41752953421126343,20260630_023632_50bd4362,2026-06-30 05:37:53,f6d0ccda646c,86,0,11037.0,74703.0,14.772212239125988,11037.0,12480.0,88.4375
ORACLE_BASELINE_SWEEP,Oracle Top-B B=8,predict,16,0.0,0,-1.0,-1.0,6,6,8.0,,False,True,main,,,8.834348407444212,,102675,49005,67.69399999999999,2014.0,3120.0,64.55,2014.0,3120.0,64.55128205128206,12933.0,24960.0,51.81490384615385,2014.0,24960.0,8.068910256410257,12933.0,24960.0,51.81490384615385,49005,10170,8600.0,0.0,0.0,0.4104839622465059,20260630_023632_50bd4362,2026-06-30 05:39:53,f6d0ccda646c,87,0,24960.0,74703.0,33.4153624706387,24960.0,24960.0,100.0
ORACLE_BASELINE_SWEEP,Actual Predictor B=8,predict,16,0.0,0,-1.0,-1.0,6,6,8.0,,False,True,main,,,8.358363395780405,,97482,54198,64.27000000000001,1613.0,3120.0,51.698,1613.0,3120.0,51.69871794871794,9650.0,24960.0,38.66185897435897,1613.0,24960.0,6.462339743589743,9650.0,24960.0,38.66185897435897,54198,10160,5440.0,0.0,0.0,0.4221771615582452,20260630_023632_50bd4362,2026-06-30 05:42:02,f6d0ccda646c,88,0,20645.0,74703.0,27.629577730443394,20645.0,24960.0,82.71233974358975
ORACLE_BASELINE_SWEEP,Oracle Top-B B=12,predict,16,0.0,0,-1.0,-1.0,6,6,12.0,,False,True,main,,,8.99530092155544,,108578,43102,71.584,2362.0,3120.0,75.70599999999999,2362.0,3120.0,75.7051282051282,16425.0,24960.0,65.80528846153847,2362.0,37439.0,6.308918721225052,16425.0,37439.0,43.8713228285153,43102,18098,13836.0,0.0,0.0,0.42748946141951205,20260630_023632_50bd4362,2026-06-30 05:44:03,f6d0ccda646c,89,0,37439.0,74703.0,50.12168140093796,37439.0,37439.0,100.0
ORACLE_BASELINE_SWEEP,Actual Predictor B=12,predict,16,0.0,0,-1.0,-1.0,6,6,12.0,,False,True,main,,,8.193959909749019,,98605,53075,65.00800000000001,1916.0,3120.0,61.410000000000004,1916.0,3120.0,61.41025641025641,12385.0,24960.0,49.61939102564103,1916.0,37440.0,5.117521367521368,12385.0,37440.0,33.07959401709402,53075,17633,7829.0,0.0,0.0,0.42421603204389563,20260630_023632_50bd4362,2026-06-30 05:46:13,f6d0ccda646c,90,0,28798.0,74703.0,38.539958250621446,28798.0,37440.0,76.91773504273505
ORACLE_BASELINE_SWEEP,Oracle Top-B B=16,predict,16,0.0,0,-1.0,-1.0,6,6,16.0,,False,True,main,,,9.603167856519821,,118107,33573,77.866,2482.0,3120.0,79.55199999999999,2482.0,3120.0,79.55128205128206,17559.0,24960.0,70.3485576923077,2482.0,49786.0,4.985135650718318,17559.0,49786.0,35.2679768131096,33573,26664,21102.0,0.0,0.0,0.4435088598036284,20260630_023632_50bd4362,2026-06-30 05:48:11,f6d0ccda646c,91,0,49786.0,74703.0,66.6503555714535,49786.0,49786.0,100.0
ORACLE_BASELINE_SWEEP,Actual Predictor B=16,predict,16,0.0,0,-1.0,-1.0,6,6,16.0,,False,True,main,,,7.951919091164756,,98630,53050,65.026,2131.0,3120.0,68.30199999999999,2131.0,3120.0,68.30128205128206,14353.0,24960.0,57.50400641025641,2131.0,49920.0,4.268830128205129,14353.0,49920.0,28.752003205128204,53050,26263,9186.0,0.0,0.0,0.42246436366085494,20260630_023632_50bd4362,2026-06-30 05:50:23,f6d0ccda646c,92,0,35648.0,74703.0,47.70851256157224,35648.0,49920.0,71.41025641025641
ORACLE_BASELINE_SWEEP,Oracle Full Union LA=6,predict,16,0.0,0,-1.0,-1.0,6,6,16.0,,False,True,main,,,9.560401161629041,,118107,33573,77.866,2482.0,3120.0,79.55199999999999,2482.0,3120.0,79.55128205128206,17559.0,24960.0,70.3485576923077,2482.0,49786.0,4.985135650718318,17559.0,49786.0,35.2679768131096,33573,26664,21102.0,0.0,0.0,0.4477046696797123,20260630_023632_50bd4362,2026-06-30 05:52:20,f6d0ccda646c,93,0,49786.0,74703.0,66.6503555714535,49786.0,49786.0,100.0
ORACLE_BASELINE_SWEEP,Oracle Top-B B=4,predict,16,0.0,0,-1.0,-1.0,8,8,4.0,,False,True,main,,,8.508294485935517,,95680,56000,63.08200000000001,1039.0,2160.0,48.104,1039.0,2160.0,48.101851851851855,5581.0,17280.0,32.2974537037037,1039.0,8640.0,12.025462962962964,5581.0,8640.0,64.5949074074074,56000,2374,2127.0,0.0,0.0,0.39365653485548285,20260630_023632_50bd4362,2026-06-30 05:54:22,f6d0ccda646c,94,0,8640.0,61013.0,14.165921530042183,8640.0,8640.0,100.0
ORACLE_BASELINE_SWEEP,Actual Predictor B=4,predict,16,0.0,0,-1.0,-1.0,8,8,4.0,,False,True,main,,,8.370374824593878,,92939,58741,61.272000000000006,18.0,90.0,20.0,18.0,90.0,20.0,110.0,720.0,15.277777777777777,18.0,360.0,5.0,110.0,360.0,30.555555555555554,58741,220,116.0,0.0,0.0,0.37993380276089983,20260630_023632_50bd4362,2026-06-30 05:56:25,f6d0ccda646c,95,0,311.0,3580.0,8.708085223582824,311.0,360.0,86.38888888888889
ORACLE_BASELINE_SWEEP,Oracle Top-B B=8,predict,16,0.0,0,-1.0,-1.0,8,8,8.0,,False,True,main,,,8.687906454755803,,99630,52050,65.684,1391.0,2160.0,64.396,1391.0,2160.0,64.39814814814815,8712.0,17280.0,50.41666666666667,1391.0,17280.0,8.049768518518519,8712.0,17280.0,50.41666666666667,52050,6924,5662.0,0.0,0.0,0.40264736646972654,20260630_023632_50bd4362,2026-06-30 05:58:27,f6d0ccda646c,96,0,17280.0,61013.0,28.331843060084367,17280.0,17280.0,100.0
ORACLE_BASELINE_SWEEP,Actual Predictor B=8,predict,16,0.0,0,-1.0,-1.0,8,8,8.0,,False,True,main,,,8.393701724405357,,93038,58642,61.336,25.0,90.0,27.776,25.0,90.0,27.77777777777778,166.0,720.0,23.055555555555554,25.0,720.0,3.4722222222222223,166.0,720.0,23.055555555555554,58642,479,224.0,0.0,0.0,0.3800213721826925,20260630_023632_50bd4362,2026-06-30 06:00:30,f6d0ccda646c,97,0,578.0,3580.0,16.173539329051497,578.0,720.0,80.27777777777777
ORACLE_BASELINE_SWEEP,Oracle Top-B B=12,predict,16,0.0,0,-1.0,-1.0,8,8,12.0,,False,True,main,,,8.787006237600199,,104164,47516,68.67,1582.0,2160.0,73.24,1582.0,2160.0,73.24074074074073,10547.0,17280.0,61.03587962962963,1582.0,25920.0,6.103395061728395,10547.0,25920.0,40.69058641975308,47516,12577,9648.0,0.0,0.0,0.41728573758863713,20260630_023632_50bd4362,2026-06-30 06:02:30,f6d0ccda646c,98,0,25920.0,61013.0,42.49776459012655,25920.0,25920.0,100.0
ORACLE_BASELINE_SWEEP,Actual Predictor B=12,predict,16,0.0,0,-1.0,-1.0,8,8,12.0,,False,True,main,,,8.330635730053777,,93072,58608,61.36,32.0,90.0,35.553999999999995,32.0,90.0,35.55555555555556,211.0,720.0,29.305555555555554,32.0,1080.0,2.962962962962963,211.0,1080.0,19.537037037037038,58608,780,304.0,0.0,0.0,0.38571113252562506,20260630_023632_50bd4362,2026-06-30 06:04:34,f6d0ccda646c,99,0,811.0,3580.0,22.689228500823692,811.0,1080.0,75.09259259259258
ORACLE_BASELINE_SWEEP,Oracle Top-B B=16,predict,16,0.0,0,-1.0,-1.0,8,8,16.0,,False,True,main,,,8.773824024480025,,107977,43703,71.186,1749.0,2160.0,80.97200000000001,1749.0,2160.0,80.97222222222221,12255.0,17280.0,70.92013888888889,1749.0,34545.0,5.062918268059842,12255.0,34545.0,35.47557192168223,43703,18871,12818.0,0.0,0.0,0.4388651561531659,20260630_023632_50bd4362,2026-06-30 06:06:36,f6d0ccda646c,100,0,34545.0,61013.0,56.63873179486639,34545.0,34545.0,100.0
ORACLE_BASELINE_SWEEP,Actual Predictor B=16,predict,16,0.0,0,-1.0,-1.0,8,8,16.0,,False,True,main,,,8.293770825584975,,93068,58612,61.36,39.0,90.0,43.332,39.0,90.0,43.333333333333336,258.0,720.0,35.83333333333333,39.0,1440.0,2.7083333333333335,258.0,1440.0,17.916666666666664,58612,1090,349.0,0.0,0.0,0.3886039013718375,20260630_023632_50bd4362,2026-06-30 06:08:39,f6d0ccda646c,101,0,1052.0,3580.0,29.422004580849425,1052.0,1440.0,73.05555555555556
ORACLE_BASELINE_SWEEP,Oracle Full Union LA=8,predict,16,0.0,0,-1.0,-1.0,8,8,16.0,,False,True,main,,,8.783713797552863,,107977,43703,71.186,1749.0,2160.0,80.97200000000001,1749.0,2160.0,80.97222222222221,12255.0,17280.0,70.92013888888889,1749.0,34545.0,5.062918268059842,12255.0,34545.0,35.47557192168223,43703,18871,12818.0,0.0,0.0,0.43817133359838517,20260630_023632_50bd4362,2026-06-30 06:10:40,f6d0ccda646c,102,0,34545.0,61013.0,56.63873179486639,34545.0,34545.0,100.0
ORACLE_BASELINE_SWEEP,Oracle Top-B B=4,predict,16,0.0,0,-1.0,-1.0,16,16,4.0,,False,True,main,,,8.352035239278447,,94312,57368,62.17999999999999,417.0,960.0,43.438,417.0,960.0,43.4375,2409.0,7680.0,31.3671875,417.0,3840.0,10.859375,2409.0,3840.0,62.734375,57368,964,771.0,0.0,0.0,0.39477531148538725,20260630_023632_50bd4362,2026-06-30 06:12:44,f6d0ccda646c,103,0,3840.0,38050.0,10.103832591217294,3840.0,3840.0,100.0
ORACLE_BASELINE_SWEEP,Actual Predictor B=4,predict,16,0.0,0,-1.0,-1.0,16,16,4.0,,False,True,main,,,8.343191867958822,,92830,58850,61.2,0.0,0.0,0.0,,,,,,,,,,,,,58850,0,,,,0.3819885040072962,20260630_023632_50bd4362,2026-06-30 06:14:47,f6d0ccda646c,104,0,,,,,,
ORACLE_BASELINE_SWEEP,Oracle Top-B B=8,predict,16,0.0,0,-1.0,-1.0,16,16,8.0,,False,True,main,,,8.527096972731071,,95929,55751,63.24400000000001,596.0,960.0,62.081999999999994,596.0,960.0,62.083333333333336,3788.0,7680.0,49.322916666666664,596.0,7680.0,7.760416666666667,3788.0,7680.0,49.322916666666664,55751,2916,2020.0,0.0,0.0,0.39092735850301097,20260630_023632_50bd4362,2026-06-30 06:16:50,f6d0ccda646c,105,0,7680.0,38050.0,20.20766518243459,7680.0,7680.0,100.0
ORACLE_BASELINE_SWEEP,Actual Predictor B=8,predict,16,0.0,0,-1.0,-1.0,16,16,8.0,,False,True,main,,,8.403542385707324,,92830,58850,61.2,0.0,0.0,0.0,,,,,,,,,,,,,58850,0,,,,0.3781830948343048,20260630_023632_50bd4362,2026-06-30 06:18:53,f6d0ccda646c,106,0,,,,,,
ORACLE_BASELINE_SWEEP,Oracle Top-B B=12,predict,16,0.0,0,-1.0,-1.0,16,16,12.0,,False,True,main,,,8.556547874919307,,97478,54202,64.268,684.0,960.0,71.252,684.0,960.0,71.25,4620.0,7680.0,60.15625,684.0,11520.0,5.9375,4620.0,11520.0,40.10416666666667,54202,5444,3362.0,0.0,0.0,0.39513885171270885,20260630_023632_50bd4362,2026-06-30 06:20:55,f6d0ccda646c,107,0,11520.0,38050.0,30.311497773651876,11520.0,11520.0,100.0
ORACLE_BASELINE_SWEEP,Actual Predictor B=12,predict,16,0.0,0,-1.0,-1.0,16,16,12.0,,False,True,main,,,8.40094066038413,,92830,58850,61.2,0.0,0.0,0.0,,,,,,,,,,,,,58850,0,,,,0.3760015370048756,20260630_023632_50bd4362,2026-06-30 06:22:57,f6d0ccda646c,108,0,,,,,,
ORACLE_BASELINE_SWEEP,Oracle Top-B B=16,predict,16,0.0,0,-1.0,-1.0,16,16,16.0,,False,True,main,,,7.919779349577302,,98393,53287,64.86800000000001,746.0,960.0,77.71000000000001,746.0,960.0,77.70833333333334,5250.0,7680.0,68.359375,746.0,15360.0,4.856770833333334,5250.0,15360.0,34.1796875,53287,8552,4280.0,0.0,0.0,0.4745943420162743,20260630_023632_50bd4362,2026-06-30 06:25:06,f6d0ccda646c,109,0,15360.0,38050.0,40.41533036486918,15360.0,15360.0,100.0
ORACLE_BASELINE_SWEEP,Actual Predictor B=16,predict,16,0.0,0,-1.0,-1.0,16,16,16.0,,False,True,main,,,8.425121274497247,,92830,58850,61.2,0.0,0.0,0.0,,,,,,,,,,,,,58850,0,,,,0.37604918408821464,20260630_023632_50bd4362,2026-06-30 06:27:07,f6d0ccda646c,110,0,,,,,,
ORACLE_BASELINE_SWEEP,Oracle Full Union LA=16,predict,16,0.0,0,-1.0,-1.0,16,16,16.0,,False,True,main,,,8.512879439896157,,98393,53287,64.86800000000001,746.0,960.0,77.71000000000001,746.0,960.0,77.70833333333334,5250.0,7680.0,68.359375,746.0,15360.0,4.856770833333334,5250.0,15360.0,34.1796875,53287,8552,4280.0,0.0,0.0,0.40109100705984924,20260630_023632_50bd4362,2026-06-30 06:29:10,f6d0ccda646c,111,0,15360.0,38050.0,40.41533036486918,15360.0,15360.0,100.0
ORACLE_BASELINE_SWEEP,Neither (LRU),cached,24,0.0,0,-1.0,-1.0,1,1,,,False,True,main,,,9.59742522849319,,106779,44901,70.398,,,,,,,,,,,,,,,,44901,0,,,,0.3971149899256547,20260630_023632_50bd4362,2026-06-30 06:31:07,f6d0ccda646c,112,0,,,,,,
ORACLE_BASELINE_SWEEP,Neither (RANDOM),cached,24,0.0,0,-1.0,-1.0,1,1,,,False,True,main,,,9.29516152815443,,103275,48405,68.088,,,,,,,,,,,,,,,,48405,0,,,,0.39299344192030394,20260630_023632_50bd4362,2026-06-30 06:33:05,f6d0ccda646c,113,0,,,,,,
ORACLE_BASELINE_SWEEP,Oracle Top-B B=6,predict,24,0.0,0,-1.0,-1.0,1,1,6.0,,False,True,main,,,11.906043334187261,,139593,12087,92.03200000000001,14013.0,18720.0,74.858,14013.0,18720.0,74.85576923076924,112320.0,149760.0,75.0,14013.0,112320.0,12.475961538461538,112320.0,112320.0,100.0,12087,32990,32603.0,0.0,0.0,0.5301045800050505,20260630_023632_50bd4362,2026-06-30 06:34:56,f6d0ccda646c,114,0,112320.0,149760.0,75.0,112320.0,112320.0,100.0
ORACLE_BASELINE_SWEEP,Actual Predictor B=6,predict,24,0.0,0,-1.0,-1.0,1,1,6.0,,False,True,main,,,9.366634381346488,,121760,29920,80.274,14540.0,18720.0,77.67,14540.0,18720.0,77.67094017094016,81228.0,149760.0,54.23878205128206,14540.0,112320.0,12.945156695156694,81228.0,112320.0,72.31837606837607,29920,21993,16867.0,0.0,0.0,0.5604805999949749,20260630_023632_50bd4362,2026-06-30 06:37:03,f6d0ccda646c,115,0,81228.0,149760.0,54.23878205128206,81228.0,112320.0,72.31837606837607
ORACLE_BASELINE_SWEEP,Oracle Top-B B=12,predict,24,0.0,0,-1.0,-1.0,1,1,12.0,,False,True,main,,,14.844013702794928,,151680,0,100.0,18720.0,18720.0,100.0,18720.0,18720.0,100.0,149760.0,149760.0,100.0,18720.0,149760.0,12.5,149760.0,149760.0,100.0,0,43288,42765.0,0.0,0.0,0.47798494569927463,20260630_023632_50bd4362,2026-06-30 06:38:48,f6d0ccda646c,116,0,149760.0,149760.0,100.0,149760.0,149760.0,100.0
ORACLE_BASELINE_SWEEP,Actual Predictor B=12,predict,24,0.0,0,-1.0,-1.0,1,1,12.0,,False,True,main,,,9.251962664143033,,131569,20111,86.74,16702.0,18720.0,89.218,16702.0,18720.0,89.22008547008548,115615.0,149760.0,77.20018696581197,16702.0,224640.0,7.4350071225071215,115615.0,224640.0,51.46679131054132,20111,56453,31114.0,0.0,0.0,0.5402422017816333,20260630_023632_50bd4362,2026-06-30 06:40:55,f6d0ccda646c,117,0,115615.0,149760.0,77.20018696581197,115615.0,224640.0,51.46679131054132
ORACLE_BASELINE_SWEEP,Oracle Top-B B=18,predict,24,0.0,0,-1.0,-1.0,1,1,18.0,,False,True,main,,,14.789369044989764,,151680,0,100.0,18720.0,18720.0,100.0,18720.0,18720.0,100.0,149760.0,149760.0,100.0,18720.0,149760.0,12.5,149760.0,149760.0,100.0,0,43143,42620.0,0.0,0.0,0.48215583636216336,20260630_023632_50bd4362,2026-06-30 06:42:41,f6d0ccda646c,118,0,149760.0,149760.0,100.0,149760.0,149760.0,100.0
ORACLE_BASELINE_SWEEP,Actual Predictor B=18,predict,24,0.0,0,-1.0,-1.0,1,1,18.0,,False,True,main,,,8.178976291445384,,136235,15445,89.816,17524.0,18720.0,93.612,17524.0,18720.0,93.61111111111111,129258.0,149760.0,86.31009615384616,17524.0,336960.0,5.200617283950618,129258.0,336960.0,38.36004273504274,15445,104943,40279.0,0.0,0.0,0.5126139804982254,20260630_023632_50bd4362,2026-06-30 06:44:53,f6d0ccda646c,119,0,129258.0,149760.0,86.31009615384616,129258.0,336960.0,38.36004273504274
ORACLE_BASELINE_SWEEP,Oracle Top-B B=24,predict,24,0.0,0,-1.0,-1.0,1,1,24.0,,False,True,main,,,14.893645389395648,,151680,0,100.0,18720.0,18720.0,100.0,18720.0,18720.0,100.0,149760.0,149760.0,100.0,18720.0,149760.0,12.5,149760.0,149760.0,100.0,0,43143,42620.0,0.0,0.0,0.47642134565432775,20260630_023632_50bd4362,2026-06-30 06:46:39,f6d0ccda646c,120,0,149760.0,149760.0,100.0,149760.0,149760.0,100.0
ORACLE_BASELINE_SWEEP,Actual Predictor B=24,predict,24,0.0,0,-1.0,-1.0,1,1,24.0,,False,True,main,,,6.782329961903538,,137639,14041,90.74199999999999,17928.0,18720.0,95.77000000000001,17928.0,18720.0,95.76923076923077,136200.0,149760.0,90.94551282051282,17928.0,449280.0,3.9903846153846154,136200.0,449280.0,30.31517094017094,14041,168016,47777.0,0.0,0.0,0.5515572053245782,20260630_023632_50bd4362,2026-06-30 06:49:03,f6d0ccda646c,121,0,136200.0,149760.0,90.94551282051282,136200.0,449280.0,30.31517094017094
ORACLE_BASELINE_SWEEP,Oracle Full Union LA=1,predict,24,0.0,0,-1.0,-1.0,1,1,24.0,,False,True,main,,,14.764535783660335,,151680,0,100.0,18720.0,18720.0,100.0,18720.0,18720.0,100.0,149760.0,149760.0,100.0,18720.0,149760.0,12.5,149760.0,149760.0,100.0,0,43143,42620.0,0.0,0.0,0.48209002093998576,20260630_023632_50bd4362,2026-06-30 06:50:48,f6d0ccda646c,122,0,149760.0,149760.0,100.0,149760.0,149760.0,100.0
ORACLE_BASELINE_SWEEP,Oracle Top-B B=6,predict,24,0.0,0,-1.0,-1.0,2,2,6.0,,False,True,main,,,10.35499403869207,,121898,29782,80.366,5905.0,9360.0,63.086,5905.0,9360.0,63.087606837606835,35084.0,74880.0,46.853632478632484,5905.0,56160.0,10.51460113960114,35084.0,56160.0,62.471509971509974,29782,14852,14506.0,0.0,0.0,0.47544330329085566,20260630_023632_50bd4362,2026-06-30 06:52:44,f6d0ccda646c,123,0,56160.0,114174.0,49.19702800834055,56160.0,56160.0,100.0
ORACLE_BASELINE_SWEEP,Actual Predictor B=6,predict,24,0.0,0,-1.0,-1.0,2,2,6.0,,False,True,main,,,9.341535541457674,,115336,36344,76.038,5599.0,9360.0,59.818000000000005,5599.0,9360.0,59.818376068376075,31710.0,74880.0,42.34775641025641,5599.0,56160.0,9.969729344729345,31710.0,56160.0,56.46367521367521,36344,10744,8669.0,0.0,0.0,0.5065278411513738,20260630_023632_50bd4362,2026-06-30 06:54:50,f6d0ccda646c,124,0,44953.0,114174.0,39.3741714111208,44953.0,56160.0,80.04451566951568
ORACLE_BASELINE_SWEEP,Oracle Top-B B=12,predict,24,0.0,0,-1.0,-1.0,2,2,12.0,,False,True,main,,,13.767491059559177,,147116,4564,96.99199999999999,8534.0,9360.0,91.176,8534.0,9360.0,91.17521367521367,67421.0,74880.0,90.03872863247862,8534.0,106715.0,7.997981824238923,67421.0,106715.0,63.18653008703751,4564,38076,37174.0,0.0,0.0,0.47329255471231735,20260630_023632_50bd4362,2026-06-30 06:56:38,f6d0ccda646c,125,0,106715.0,114174.0,93.47523151332072,106715.0,106715.0,100.0
ORACLE_BASELINE_SWEEP,Actual Predictor B=12,predict,24,0.0,0,-1.0,-1.0,2,2,12.0,,False,True,main,,,9.48091304731312,,123328,28352,81.30799999999999,7165.0,9360.0,76.548,7165.0,9360.0,76.5491452991453,47760.0,74880.0,63.782051282051285,7165.0,112320.0,6.3790954415954415,47760.0,112320.0,42.52136752136752,28352,27722,18194.0,0.0,0.0,0.5175608053602581,20260630_023632_50bd4362,2026-06-30 06:58:45,f6d0ccda646c,126,0,71454.0,114174.0,62.58438075586698,71454.0,112320.0,63.61645299145299
ORACLE_BASELINE_SWEEP,Oracle Top-B B=18,predict,24,0.0,0,-1.0,-1.0,2,2,18.0,,False,True,main,,,15.015626694463103,,151680,0,100.0,9360.0,9360.0,100.0,9360.0,9360.0,100.0,74880.0,74880.0,100.0,9360.0,114174.0,8.199504668056758,74880.0,114174.0,65.59603734445406,0,41234,40254.0,0.0,0.0,0.49185421413386976,20260630_023632_50bd4362,2026-06-30 07:00:31,f6d0ccda646c,127,0,114174.0,114174.0,100.0,114174.0,114174.0,100.0
ORACLE_BASELINE_SWEEP,Actual Predictor B=18,predict,24,0.0,0,-1.0,-1.0,2,2,18.0,,False,True,main,,,9.201125363802328,,128857,22823,84.952,7943.0,9360.0,84.86,7943.0,9360.0,84.86111111111111,56975.0,74880.0,76.08840811965811,7943.0,168480.0,4.714506172839506,56975.0,168480.0,33.81707027540361,22823,50273,25892.0,0.0,0.0,0.5097094313414408,20260630_023632_50bd4362,2026-06-30 07:02:40,f6d0ccda646c,128,0,86335.0,114174.0,75.61360974744636,86335.0,168480.0,51.2434710351377
ORACLE_BASELINE_SWEEP,Oracle Top-B B=24,predict,24,0.0,0,-1.0,-1.0,2,2,24.0,,False,True,main,,,15.026248172668693,,151680,0,100.0,9360.0,9360.0,100.0,9360.0,9360.0,100.0,74880.0,74880.0,100.0,9360.0,114174.0,8.199504668056758,74880.0,114174.0,65.59603734445406,0,41188,40208.0,0.0,0.0,0.5003790480127598,20260630_023632_50bd4362,2026-06-30 07:04:25,f6d0ccda646c,129,0,114174.0,114174.0,100.0,114174.0,114174.0,100.0
ORACLE_BASELINE_SWEEP,Actual Predictor B=24,predict,24,0.0,0,-1.0,-1.0,2,2,24.0,,False,True,main,,,8.398548483463003,,131279,20401,86.55,8399.0,9360.0,89.73400000000001,8399.0,9360.0,89.73290598290598,62366.0,74880.0,83.28792735042735,8399.0,224640.0,3.7388710826210825,62366.0,224640.0,27.762642450142447,20401,80053,31813.0,0.0,0.0,0.5131638908095921,20260630_023632_50bd4362,2026-06-30 07:06:37,f6d0ccda646c,130,0,94942.0,114174.0,83.1504338912533,94942.0,224640.0,42.26406695156695
ORACLE_BASELINE_SWEEP,Oracle Full Union LA=2,predict,24,0.0,0,-1.0,-1.0,2,2,24.0,,False,True,main,,,15.079769566495633,,151680,0,100.0,9360.0,9360.0,100.0,9360.0,9360.0,100.0,74880.0,74880.0,100.0,9360.0,114174.0,8.199504668056758,74880.0,114174.0,65.59603734445406,0,41188,40208.0,0.0,0.0,0.4984353738659141,20260630_023632_50bd4362,2026-06-30 07:08:23,f6d0ccda646c,131,0,114174.0,114174.0,100.0,114174.0,114174.0,100.0
ORACLE_BASELINE_SWEEP,Oracle Top-B B=6,predict,24,0.0,0,-1.0,-1.0,4,4,6.0,,False,True,main,,,9.69834917244076,,114541,37139,75.514,2665.0,4560.0,58.44,2665.0,4560.0,58.44298245614035,16401.0,36480.0,44.95888157894737,2665.0,27360.0,9.740497076023392,16401.0,27360.0,59.94517543859649,37139,6927,6914.0,0.0,0.0,0.44887723323978185,20260630_023632_50bd4362,2026-06-30 07:10:23,f6d0ccda646c,132,0,27360.0,85222.0,32.11331320427034,27360.0,27360.0,100.0
ORACLE_BASELINE_SWEEP,Actual Predictor B=6,predict,24,0.0,0,-1.0,-1.0,4,4,6.0,,False,True,main,,,9.310752334603182,,111172,40508,73.29400000000001,2146.0,4560.0,47.062,2146.0,4560.0,47.06140350877193,12284.0,36480.0,33.67324561403509,2146.0,27360.0,7.843567251461988,12284.0,27360.0,44.89766081871345,40508,4963,3948.0,0.0,0.0,0.46230384223913956,20260630_023632_50bd4362,2026-06-30 07:12:29,f6d0ccda646c,133,0,22670.0,85222.0,26.5928964732474,22670.0,27360.0,82.85818713450291
ORACLE_BASELINE_SWEEP,Oracle Top-B B=12,predict,24,0.0,0,-1.0,-1.0,4,4,12.0,,False,True,main,,,11.233591866705474,,129425,22255,85.328,3237.0,4560.0,70.99,3237.0,4560.0,70.98684210526315,22223.0,36480.0,60.91831140350878,3237.0,54684.0,5.919447266427042,22223.0,54684.0,40.6388565783179,22255,20018,19863.0,0.0,0.0,0.4698672792474903,20260630_023632_50bd4362,2026-06-30 07:14:22,f6d0ccda646c,134,0,54684.0,85222.0,64.18405899307517,54684.0,54684.0,100.0
ORACLE_BASELINE_SWEEP,Actual Predictor B=12,predict,24,0.0,0,-1.0,-1.0,4,4,12.0,,False,True,main,,,9.51742753396021,,116292,35388,76.67,2849.0,4560.0,62.477999999999994,2849.0,4560.0,62.478070175438596,18688.0,36480.0,51.228070175438596,2849.0,54720.0,5.206505847953216,18688.0,54720.0,34.15204678362573,35388,13093,8935.0,0.0,0.0,0.4815186743288441,20260630_023632_50bd4362,2026-06-30 07:16:29,f6d0ccda646c,135,0,39051.0,85222.0,45.80499280257864,39051.0,54720.0,71.36513157894737
ORACLE_BASELINE_SWEEP,Oracle Top-B B=18,predict,24,0.0,0,-1.0,-1.0,4,4,18.0,,False,True,main,,,13.692059296941476,,145224,6456,95.74199999999999,3867.0,4560.0,84.804,3867.0,4560.0,84.80263157894737,29981.0,36480.0,82.18475877192982,3867.0,77548.0,4.987358236489075,29981.0,77548.0,38.66937319180008,6456,32760,32121.0,0.0,0.0,0.48386956535152076,20260630_023632_50bd4362,2026-06-30 07:18:16,f6d0ccda646c,136,0,77548.0,85222.0,91.00907052779043,77548.0,77548.0,100.0
ORACLE_BASELINE_SWEEP,Actual Predictor B=18,predict,24,0.0,0,-1.0,-1.0,4,4,18.0,,False,True,main,,,9.450956166576958,,120107,31573,79.186,3308.0,4560.0,72.54400000000001,3308.0,4560.0,72.54385964912281,23066.0,36480.0,63.229166666666664,3308.0,82080.0,4.030214424951267,23066.0,82080.0,28.101851851851855,31573,24299,13692.0,0.0,0.0,0.4780478413242514,20260630_023632_50bd4362,2026-06-30 07:20:24,f6d0ccda646c,137,0,50831.0,85222.0,59.624888417707055,50831.0,82080.0,61.928606237816766
ORACLE_BASELINE_SWEEP,Oracle Top-B B=24,predict,24,0.0,0,-1.0,-1.0,4,4,24.0,,False,True,main,,,15.10277472429244,,151140,540,99.644,4488.0,4560.0,98.42,4488.0,4560.0,98.42105263157895,35940.0,36480.0,98.51973684210526,4488.0,84682.0,5.301453599524309,35940.0,84682.0,42.45324312644091,540,36876,36060.0,0.0,0.0,0.7495422607933755,20260630_023632_50bd4362,2026-06-30 07:22:09,f6d0ccda646c,138,0,84682.0,85222.0,99.36748015026508,84682.0,84682.0,100.0
ORACLE_BASELINE_SWEEP,Actual Predictor B=24,predict,24,0.0,0,-1.0,-1.0,4,4,24.0,,False,True,main,,,8.875852256635916,,121319,30361,79.984,3635.0,4560.0,79.712,3635.0,4560.0,79.71491228070175,26212.0,36480.0,71.8530701754386,3635.0,109440.0,3.321454678362573,26212.0,109440.0,23.951023391812864,30361,39971,16904.0,0.0,0.0,0.4832238445433535,20260630_023632_50bd4362,2026-06-30 07:24:18,f6d0ccda646c,139,0,59340.0,85222.0,69.61019160882711,59340.0,109440.0,54.22149122807018
ORACLE_BASELINE_SWEEP,Oracle Full Union LA=4,predict,24,0.0,0,-1.0,-1.0,4,4,24.0,,False,True,main,,,15.092269187012755,,151140,540,99.644,4488.0,4560.0,98.42,4488.0,4560.0,98.42105263157895,35940.0,36480.0,98.51973684210526,4488.0,84682.0,5.301453599524309,35940.0,84682.0,42.45324312644091,540,36876,36060.0,0.0,0.0,0.7325799317680943,20260630_023632_50bd4362,2026-06-30 07:26:03,f6d0ccda646c,140,0,84682.0,85222.0,99.36748015026508,84682.0,84682.0,100.0
ORACLE_BASELINE_SWEEP,Oracle Top-B B=6,predict,24,0.0,0,-1.0,-1.0,6,6,6.0,,False,True,main,,,9.653243195759691,,111937,39743,73.8,1820.0,3120.0,58.33200000000001,1820.0,3120.0,58.333333333333336,11099.0,24960.0,44.46714743589744,1820.0,18720.0,9.722222222222223,11099.0,18720.0,59.28952991452992,39743,4390,4089.0,0.0,0.0,0.432818352293966,20260630_023632_50bd4362,2026-06-30 07:28:02,f6d0ccda646c,141,0,18720.0,74703.0,25.06152185297903,18720.0,18720.0,100.0
ORACLE_BASELINE_SWEEP,Actual Predictor B=6,predict,24,0.0,0,-1.0,-1.0,6,6,6.0,,False,True,main,,,9.372842373888803,,110004,41676,72.524,1409.0,3120.0,45.160000000000004,1409.0,3120.0,45.16025641025641,7925.0,24960.0,31.75080128205128,1409.0,18720.0,7.526709401709402,7925.0,18720.0,42.33440170940171,41676,3976,2839.0,0.0,0.0,0.4426719354762513,20260630_023632_50bd4362,2026-06-30 07:30:08,f6d0ccda646c,142,0,16053.0,74703.0,21.484314460349875,16053.0,18720.0,85.75320512820512
ORACLE_BASELINE_SWEEP,Oracle Top-B B=12,predict,24,0.0,0,-1.0,-1.0,6,6,12.0,,False,True,main,,,10.30065794715387,,121681,29999,80.22,2362.0,3120.0,75.70599999999999,2362.0,3120.0,75.7051282051282,16425.0,24960.0,65.80528846153847,2362.0,37439.0,6.308918721225052,16425.0,37439.0,43.8713228285153,29999,13158,12069.0,0.0,0.0,0.460441942148672,20260630_023632_50bd4362,2026-06-30 07:32:06,f6d0ccda646c,143,0,37439.0,74703.0,50.12168140093796,37439.0,37439.0,100.0
ORACLE_BASELINE_SWEEP,Actual Predictor B=12,predict,24,0.0,0,-1.0,-1.0,6,6,12.0,,False,True,main,,,9.43067958107576,,113703,37977,74.962,1916.0,3120.0,61.410000000000004,1916.0,3120.0,61.41025641025641,12385.0,24960.0,49.61939102564103,1916.0,37440.0,5.117521367521368,12385.0,37440.0,33.07959401709402,37977,10262,6375.0,0.0,0.0,0.46092533051330536,20260630_023632_50bd4362,2026-06-30 07:34:13,f6d0ccda646c,144,0,28798.0,74703.0,38.539958250621446,28798.0,37440.0,76.91773504273505
ORACLE_BASELINE_SWEEP,Oracle Top-B B=18,predict,24,0.0,0,-1.0,-1.0,6,6,18.0,,False,True,main,,,11.67031374178065,,134129,17551,88.42999999999999,2510.0,3120.0,80.44800000000001,2510.0,3120.0,80.44871794871794,18021.0,24960.0,72.19951923076924,2510.0,55701.0,4.50593758156488,18021.0,55701.0,32.35203285700432,17551,23620,21755.0,0.0,0.0,0.479086074844548,20260630_023632_50bd4362,2026-06-30 07:36:05,f6d0ccda646c,145,0,55701.0,74703.0,74.56809095642814,55701.0,55701.0,100.0
ORACLE_BASELINE_SWEEP,Actual Predictor B=18,predict,24,0.0,0,-1.0,-1.0,6,6,18.0,,False,True,main,,,9.301607144621935,,116224,35456,76.626,2217.0,3120.0,71.058,2217.0,3120.0,71.0576923076923,15186.0,24960.0,60.84134615384615,2217.0,56160.0,3.947649572649573,15186.0,56160.0,27.04059829059829,35456,18852,9649.0,0.0,0.0,0.46433166343054894,20260630_023632_50bd4362,2026-06-30 07:38:12,f6d0ccda646c,146,0,38727.0,74703.0,51.83011921952296,38727.0,56160.0,68.95833333333334
ORACLE_BASELINE_SWEEP,Oracle Top-B B=24,predict,24,0.0,0,-1.0,-1.0,6,6,24.0,,False,True,main,,,13.598063158706367,,145515,6165,95.936,2766.0,3120.0,88.652,2766.0,3120.0,88.65384615384616,21590.0,24960.0,86.49839743589743,2766.0,69179.0,3.9984970307248773,21590.0,69179.0,31.210508162492737,6165,31892,29297.0,0.0,0.0,0.5524849064434182,20260630_023632_50bd4362,2026-06-30 07:40:00,f6d0ccda646c,147,0,69179.0,74703.0,92.60764088111465,69179.0,69179.0,100.0
ORACLE_BASELINE_SWEEP,Actual Predictor B=24,predict,24,0.0,0,-1.0,-1.0,6,6,24.0,,False,True,main,,,8.913187227617936,,116322,35358,76.69,2439.0,3120.0,78.172,2439.0,3120.0,78.17307692307693,17377.0,24960.0,69.61939102564102,2439.0,74880.0,3.2572115384615388,17377.0,74880.0,23.206463675213676,35358,30001,11512.0,0.0,0.0,0.46366089052102877,20260630_023632_50bd4362,2026-06-30 07:42:11,f6d0ccda646c,148,0,46503.0,74703.0,62.239266319504225,46503.0,74880.0,62.10336538461538
ORACLE_BASELINE_SWEEP,Oracle Full Union LA=6,predict,24,0.0,0,-1.0,-1.0,6,6,24.0,,False,True,main,,,13.638916734662036,,145515,6165,95.936,2766.0,3120.0,88.652,2766.0,3120.0,88.65384615384616,21590.0,24960.0,86.49839743589743,2766.0,69179.0,3.9984970307248773,21590.0,69179.0,31.210508162492737,6165,31892,29297.0,0.0,0.0,0.5514428025474839,20260630_023632_50bd4362,2026-06-30 07:43:59,f6d0ccda646c,149,0,69179.0,74703.0,92.60764088111465,69179.0,69179.0,100.0
ORACLE_BASELINE_SWEEP,Oracle Top-B B=6,predict,24,0.0,0,-1.0,-1.0,8,8,6.0,,False,True,main,,,9.551565604892401,,110760,40920,73.022,1220.0,2160.0,56.482000000000006,1220.0,2160.0,56.48148148148148,7344.0,17280.0,42.5,1220.0,12960.0,9.413580246913579,7344.0,12960.0,56.666666666666664,40920,2970,2901.0,0.0,0.0,0.4303577693450248,20260630_023632_50bd4362,2026-06-30 07:45:59,f6d0ccda646c,150,0,12960.0,61013.0,21.248882295063275,12960.0,12960.0,100.0
ORACLE_BASELINE_SWEEP,Actual Predictor B=6,predict,24,0.0,0,-1.0,-1.0,8,8,6.0,,False,True,main,,,9.342477701573136,,106794,44886,70.408,21.0,90.0,23.334,21.0,90.0,23.333333333333336,139.0,720.0,19.305555555555554,21.0,540.0,3.8888888888888884,139.0,540.0,25.74074074074074,44886,289,181.0,0.0,0.0,0.4051334254775715,20260630_023632_50bd4362,2026-06-30 07:48:01,f6d0ccda646c,151,0,448.0,3580.0,12.537973385819948,448.0,540.0,82.96296296296296
ORACLE_BASELINE_SWEEP,Oracle Top-B B=12,predict,24,0.0,0,-1.0,-1.0,8,8,12.0,,False,True,main,,,9.6545605032077,,118154,33526,77.898,1582.0,2160.0,73.24,1582.0,2160.0,73.24074074074073,10547.0,17280.0,61.03587962962963,1582.0,25920.0,6.103395061728395,10547.0,25920.0,40.69058641975308,33526,8882,8598.0,0.0,0.0,0.49763025250287035,20260630_023632_50bd4362,2026-06-30 07:50:02,f6d0ccda646c,152,0,25920.0,61013.0,42.49776459012655,25920.0,25920.0,100.0
ORACLE_BASELINE_SWEEP,Actual Predictor B=12,predict,24,0.0,0,-1.0,-1.0,8,8,12.0,,False,True,main,,,9.3412815127627,,106922,44758,70.488,32.0,90.0,35.553999999999995,32.0,90.0,35.55555555555556,211.0,720.0,29.305555555555554,32.0,1080.0,2.962962962962963,211.0,1080.0,19.537037037037038,44758,654,333.0,0.0,0.0,0.40780251395380107,20260630_023632_50bd4362,2026-06-30 07:52:04,f6d0ccda646c,153,0,811.0,3580.0,22.689228500823692,811.0,1080.0,75.09259259259258
ORACLE_BASELINE_SWEEP,Oracle Top-B B=18,predict,24,0.0,0,-1.0,-1.0,8,8,18.0,,False,True,main,,,10.837377463334539,,126590,25090,83.458,1788.0,2160.0,82.776,1788.0,2160.0,82.77777777777779,12657.0,17280.0,73.24652777777779,1788.0,38825.0,4.605206922508332,12657.0,38825.0,32.60064527923702,25090,16079,14997.0,0.0,0.0,0.4666829966390907,20260630_023632_50bd4362,2026-06-30 07:53:59,f6d0ccda646c,154,0,38825.0,61013.0,63.655355983278845,38825.0,38825.0,100.0
ORACLE_BASELINE_SWEEP,Actual Predictor B=18,predict,24,0.0,0,-1.0,-1.0,8,8,18.0,,False,True,main,,,9.329329567262711,,106998,44682,70.54400000000001,41.0,90.0,45.556,41.0,90.0,45.55555555555556,281.0,720.0,39.02777777777778,41.0,1620.0,2.5308641975308643,281.0,1620.0,17.345679012345677,44682,1025,440.0,0.0,0.0,0.4096528445384746,20260630_023632_50bd4362,2026-06-30 07:56:00,f6d0ccda646c,155,0,1161.0,3580.0,32.47774972847124,1161.0,1620.0,71.66666666666667
ORACLE_BASELINE_SWEEP,Oracle Top-B B=24,predict,24,0.0,0,-1.0,-1.0,8,8,24.0,,False,True,main,,,12.395094183145876,,137572,14108,90.69800000000001,1856.0,2160.0,85.926,1856.0,2160.0,85.92592592592592,13701.0,17280.0,79.28819444444444,1856.0,50562.0,3.6709287289675623,13701.0,50562.0,27.098079099503337,14108,23536,22327.0,0.0,0.0,0.4896576047731488,20260630_023632_50bd4362,2026-06-30 07:57:52,f6d0ccda646c,156,0,50562.0,61013.0,82.89496528998588,50562.0,50562.0,100.0
ORACLE_BASELINE_SWEEP,Actual Predictor B=24,predict,24,0.0,0,-1.0,-1.0,8,8,24.0,,False,True,main,,,9.295186838652414,,107016,44664,70.55600000000001,47.0,90.0,52.224000000000004,47.0,90.0,52.222222222222214,340.0,720.0,47.22222222222222,47.0,2160.0,2.175925925925926,340.0,2160.0,15.740740740740742,44664,1417,503.0,0.0,0.0,0.41287388235869127,20260630_023632_50bd4362,2026-06-30 07:59:53,f6d0ccda646c,157,0,1479.0,3580.0,41.34975390547,1479.0,2160.0,68.47222222222221
ORACLE_BASELINE_SWEEP,Oracle Full Union LA=8,predict,24,0.0,0,-1.0,-1.0,8,8,24.0,,False,True,main,,,12.395301896213272,,137572,14108,90.69800000000001,1856.0,2160.0,85.926,1856.0,2160.0,85.92592592592592,13701.0,17280.0,79.28819444444444,1856.0,50562.0,3.6709287289675623,13701.0,50562.0,27.098079099503337,14108,23536,22327.0,0.0,0.0,0.4930620860839728,20260630_023632_50bd4362,2026-06-30 08:01:43,f6d0ccda646c,158,0,50562.0,61013.0,82.89496528998588,50562.0,50562.0,100.0
ORACLE_BASELINE_SWEEP,Oracle Top-B B=6,predict,24,0.0,0,-1.0,-1.0,16,16,6.0,,False,True,main,,,9.488158819675107,,108843,42837,71.758,522.0,960.0,54.374,522.0,960.0,54.375,3191.0,7680.0,41.54947916666667,522.0,5760.0,9.0625,3191.0,5760.0,55.39930555555556,42837,1238,1081.0,0.0,0.0,0.41538257334562567,20260630_023632_50bd4362,2026-06-30 08:03:43,f6d0ccda646c,159,0,5760.0,38050.0,15.155748886825938,5760.0,5760.0,100.0
ORACLE_BASELINE_SWEEP,Actual Predictor B=6,predict,24,0.0,0,-1.0,-1.0,16,16,6.0,,False,True,main,,,9.345875369823863,,106657,45023,70.318,0.0,0.0,0.0,,,,,,,,,,,,,45023,0,,,,0.4023972022708161,20260630_023632_50bd4362,2026-06-30 08:05:43,f6d0ccda646c,160,0,,,,,,
ORACLE_BASELINE_SWEEP,Oracle Top-B B=12,predict,24,0.0,0,-1.0,-1.0,16,16,12.0,,False,True,main,,,9.646693826273264,,111985,39695,73.83,684.0,960.0,71.252,684.0,960.0,71.25,4620.0,7680.0,60.15625,684.0,11520.0,5.9375,4620.0,11520.0,40.10416666666667,39695,3853,3165.0,0.0,0.0,0.42715279372278514,20260630_023632_50bd4362,2026-06-30 08:07:42,f6d0ccda646c,161,0,11520.0,38050.0,30.311497773651876,11520.0,11520.0,100.0
ORACLE_BASELINE_SWEEP,Actual Predictor B=12,predict,24,0.0,0,-1.0,-1.0,16,16,12.0,,False,True,main,,,9.372049688843806,,106657,45023,70.318,0.0,0.0,0.0,,,,,,,,,,,,,45023,0,,,,0.40306083552838795,20260630_023632_50bd4362,2026-06-30 08:09:42,f6d0ccda646c,162,0,,,,,,
ORACLE_BASELINE_SWEEP,Oracle Top-B B=18,predict,24,0.0,0,-1.0,-1.0,16,16,18.0,,False,True,main,,,9.875949916605077,,115368,36312,76.05799999999999,774.0,960.0,80.626,774.0,960.0,80.625,5495.0,7680.0,71.54947916666666,774.0,17280.0,4.479166666666667,5495.0,17280.0,31.799768518518523,36312,7056,5432.0,0.0,0.0,0.4361298332810929,20260630_023632_50bd4362,2026-06-30 08:11:41,f6d0ccda646c,163,0,17280.0,38050.0,45.46724666047782,17280.0,17280.0,100.0
ORACLE_BASELINE_SWEEP,Actual Predictor B=18,predict,24,0.0,0,-1.0,-1.0,16,16,18.0,,False,True,main,,,9.391273726024943,,106657,45023,70.318,0.0,0.0,0.0,,,,,,,,,,,,,45023,0,,,,0.39912848203984186,20260630_023632_50bd4362,2026-06-30 08:13:40,f6d0ccda646c,164,0,,,,,,
ORACLE_BASELINE_SWEEP,Oracle Top-B B=24,predict,24,0.0,0,-1.0,-1.0,16,16,24.0,,False,True,main,,,9.984857503962019,,118282,33398,77.982,836.0,960.0,87.084,836.0,960.0,87.08333333333334,6129.0,7680.0,79.8046875,836.0,23025.0,3.6307100464072826,6129.0,23025.0,26.618433798865908,33398,10901,7491.0,0.0,0.0,0.4499482486825996,20260630_023632_50bd4362,2026-06-30 08:15:39,f6d0ccda646c,165,0,23025.0,38050.0,60.58401208546079,23025.0,23025.0,100.0
ORACLE_BASELINE_SWEEP,Actual Predictor B=24,predict,24,0.0,0,-1.0,-1.0,16,16,24.0,,False,True,main,,,9.392353224043319,,106657,45023,70.318,0.0,0.0,0.0,,,,,,,,,,,,,45023,0,,,,0.3983468955122056,20260630_023632_50bd4362,2026-06-30 08:17:38,f6d0ccda646c,166,0,,,,,,
ORACLE_BASELINE_SWEEP,Oracle Full Union LA=16,predict,24,0.0,0,-1.0,-1.0,16,16,24.0,,False,True,main,,,10.011801094522664,,118282,33398,77.982,836.0,960.0,87.084,836.0,960.0,87.08333333333334,6129.0,7680.0,79.8046875,836.0,23025.0,3.6307100464072826,6129.0,23025.0,26.618433798865908,33398,10901,7491.0,0.0,0.0,0.4478109676015201,20260630_023632_50bd4362,2026-06-30 08:19:37,f6d0ccda646c,167,0,23025.0,38050.0,60.58401208546079,23025.0,23025.0,100.0
ORACLE_BASELINE_SWEEP,Neither (LRU),cached,32,0.0,0,-1.0,-1.0,1,1,,,False,True,main,,,10.73686277128123,,117762,33918,77.638,,,,,,,,,,,,,,,,33918,0,,,,0.4226908463538657,20260630_023632_50bd4362,2026-06-30 08:21:34,f6d0ccda646c,168,0,,,,,,
ORACLE_BASELINE_SWEEP,Neither (RANDOM),cached,32,0.0,0,-1.0,-1.0,1,1,,,False,True,main,,,10.146479524429349,,113499,38181,74.828,,,,,,,,,,,,,,,,38181,0,,,,0.42154119499411224,20260630_023632_50bd4362,2026-06-30 08:23:32,f6d0ccda646c,169,0,,,,,,
ORACLE_BASELINE_SWEEP,Oracle Top-B B=8,predict,32,0.0,0,-1.0,-1.0,1,1,8.0,,False,True,main,,,15.72873661889265,,151680,0,100.0,18720.0,18720.0,100.0,18720.0,18720.0,100.0,149760.0,149760.0,100.0,18720.0,149760.0,12.5,149760.0,149760.0,100.0,0,33051,32678.0,0.0,0.0,0.49645404148601946,20260630_023632_50bd4362,2026-06-30 08:25:18,f6d0ccda646c,170,0,149760.0,149760.0,100.0,149760.0,149760.0,100.0
ORACLE_BASELINE_SWEEP,Actual Predictor B=8,predict,32,0.0,0,-1.0,-1.0,1,1,8.0,,False,True,main,,,10.504802626475328,,131808,19872,86.9,15543.0,18720.0,83.02799999999999,15543.0,18720.0,83.02884615384616,96771.0,149760.0,64.61738782051282,15543.0,149760.0,10.37860576923077,96771.0,149760.0,64.61738782051282,19872,23245,16835.0,0.0,0.0,0.5828418089850396,20260630_023632_50bd4362,2026-06-30 08:27:23,f6d0ccda646c,171,0,96771.0,149760.0,64.61738782051282,96771.0,149760.0,64.61738782051282
ORACLE_BASELINE_SWEEP,Oracle Top-B B=16,predict,32,0.0,0,-1.0,-1.0,1,1,16.0,,False,True,main,,,15.731099263384298,,151680,0,100.0,18720.0,18720.0,100.0,18720.0,18720.0,100.0,149760.0,149760.0,100.0,18720.0,149760.0,12.5,149760.0,149760.0,100.0,0,32281,31908.0,0.0,0.0,0.504207327469564,20260630_023632_50bd4362,2026-06-30 08:29:09,f6d0ccda646c,172,0,149760.0,149760.0,100.0,149760.0,149760.0,100.0
ORACLE_BASELINE_SWEEP,Actual Predictor B=16,predict,32,0.0,0,-1.0,-1.0,1,1,16.0,,False,True,main,,,9.711151790895244,,138858,12822,91.546,17309.0,18720.0,92.462,17309.0,18720.0,92.46260683760684,125833.0,149760.0,84.02310363247864,17309.0,299520.0,5.778912927350428,125833.0,299520.0,42.01155181623932,12822,64727,30853.0,0.0,0.0,0.5389677342066868,20260630_023632_50bd4362,2026-06-30 08:31:17,f6d0ccda646c,173,0,125833.0,149760.0,84.02310363247864,125833.0,299520.0,42.01155181623932
ORACLE_BASELINE_SWEEP,Oracle Top-B B=24,predict,32,0.0,0,-1.0,-1.0,1,1,24.0,,False,True,main,,,15.818813854490173,,151680,0,100.0,18720.0,18720.0,100.0,18720.0,18720.0,100.0,149760.0,149760.0,100.0,18720.0,149760.0,12.5,149760.0,149760.0,100.0,0,32281,31908.0,0.0,0.0,0.4999262787895839,20260630_023632_50bd4362,2026-06-30 08:33:03,f6d0ccda646c,174,0,149760.0,149760.0,100.0,149760.0,149760.0,100.0
ORACLE_BASELINE_SWEEP,Actual Predictor B=24,predict,32,0.0,0,-1.0,-1.0,1,1,24.0,,False,True,main,,,8.04222504438863,,142035,9645,93.64,17928.0,18720.0,95.77000000000001,17928.0,18720.0,95.76923076923077,136200.0,149760.0,90.94551282051282,17928.0,449280.0,3.9903846153846154,136200.0,449280.0,30.31517094017094,9645,125977,39638.0,0.0,0.0,0.539706090616905,20260630_023632_50bd4362,2026-06-30 08:35:19,f6d0ccda646c,175,0,136200.0,149760.0,90.94551282051282,136200.0,449280.0,30.31517094017094
ORACLE_BASELINE_SWEEP,Oracle Top-B B=32,predict,32,0.0,0,-1.0,-1.0,1,1,32.0,,False,True,main,,,15.76133980318466,,151680,0,100.0,18720.0,18720.0,100.0,18720.0,18720.0,100.0,149760.0,149760.0,100.0,18720.0,149760.0,12.5,149760.0,149760.0,100.0,0,32281,31908.0,0.0,0.0,0.5031824442725408,20260630_023632_50bd4362,2026-06-30 08:37:05,f6d0ccda646c,176,0,149760.0,149760.0,100.0,149760.0,149760.0,100.0
ORACLE_BASELINE_SWEEP,Actual Predictor B=32,predict,32,0.0,0,-1.0,-1.0,1,1,32.0,,False,True,main,,,6.2711539498402775,,142808,8872,94.152,18224.0,18720.0,97.352,18224.0,18720.0,97.35042735042735,141247.0,149760.0,94.31557158119658,18224.0,599040.0,3.0422008547008548,141247.0,599040.0,23.578892895299145,8872,210273,47225.0,18.0,0.0,0.762473774285391,20260630_023632_50bd4362,2026-06-30 08:39:35,f6d0ccda646c,177,0,141247.0,149760.0,94.31557158119658,141247.0,599040.0,23.578892895299145
ORACLE_BASELINE_SWEEP,Oracle Full Union LA=1,predict,32,0.0,0,-1.0,-1.0,1,1,32.0,,False,True,main,,,15.728414812544077,,151680,0,100.0,18720.0,18720.0,100.0,18720.0,18720.0,100.0,149760.0,149760.0,100.0,18720.0,149760.0,12.5,149760.0,149760.0,100.0,0,32281,31908.0,0.0,0.0,0.5006990003186532,20260630_023632_50bd4362,2026-06-30 08:41:21,f6d0ccda646c,178,0,149760.0,149760.0,100.0,149760.0,149760.0,100.0
ORACLE_BASELINE_SWEEP,Oracle Top-B B=8,predict,32,0.0,0,-1.0,-1.0,2,2,8.0,,False,True,main,,,12.999438297933006,,135427,16253,89.284,5967.0,9360.0,63.748000000000005,5967.0,9360.0,63.75,35586.0,74880.0,47.52403846153847,5967.0,74880.0,7.96875,35586.0,74880.0,47.52403846153847,16253,16751,16378.0,0.0,0.0,0.4746397251513604,20260630_023632_50bd4362,2026-06-30 08:43:12,f6d0ccda646c,179,0,74880.0,114174.0,65.59603734445406,74880.0,74880.0,100.0
ORACLE_BASELINE_SWEEP,Actual Predictor B=8,predict,32,0.0,0,-1.0,-1.0,2,2,8.0,,False,True,main,,,10.494377318636742,,126143,25537,83.164,6244.0,9360.0,66.71000000000001,6244.0,9360.0,66.7094017094017,38215.0,74880.0,51.03498931623931,6244.0,74880.0,8.338675213675213,38215.0,74880.0,51.03498931623931,25537,10943,8641.0,0.0,0.0,0.5331812918893256,20260630_023632_50bd4362,2026-06-30 08:45:16,f6d0ccda646c,180,0,55656.0,114174.0,48.74738262456396,55656.0,74880.0,74.32692307692307
ORACLE_BASELINE_SWEEP,Oracle Top-B B=16,predict,32,0.0,0,-1.0,-1.0,2,2,16.0,,False,True,main,,,15.898022458693859,,151680,0,100.0,9360.0,9360.0,100.0,9360.0,9360.0,100.0,74880.0,74880.0,100.0,9360.0,114174.0,8.199504668056758,74880.0,114174.0,65.59603734445406,0,30948,30240.0,0.0,0.0,0.5044640503055785,20260630_023632_50bd4362,2026-06-30 08:47:01,f6d0ccda646c,181,0,114174.0,114174.0,100.0,114174.0,114174.0,100.0
ORACLE_BASELINE_SWEEP,Actual Predictor B=16,predict,32,0.0,0,-1.0,-1.0,2,2,16.0,,False,True,main,,,10.560198029776592,,132822,18858,87.566,7742.0,9360.0,82.716,7742.0,9360.0,82.71367521367522,54442.0,74880.0,72.70566239316238,7742.0,149760.0,5.169604700854701,54442.0,149760.0,36.35283119658119,18858,29803,18086.0,0.0,0.0,0.5304079595695352,20260630_023632_50bd4362,2026-06-30 08:49:05,f6d0ccda646c,182,0,82298.0,114174.0,72.07914615239875,82298.0,149760.0,54.953258547008545
ORACLE_BASELINE_SWEEP,Oracle Top-B B=24,predict,32,0.0,0,-1.0,-1.0,2,2,24.0,,False,True,main,,,16.03731314983312,,151680,0,100.0,9360.0,9360.0,100.0,9360.0,9360.0,100.0,74880.0,74880.0,100.0,9360.0,114174.0,8.199504668056758,74880.0,114174.0,65.59603734445406,0,30821,30113.0,0.0,0.0,0.5054233953411262,20260630_023632_50bd4362,2026-06-30 08:50:52,f6d0ccda646c,183,0,114174.0,114174.0,100.0,114174.0,114174.0,100.0
ORACLE_BASELINE_SWEEP,Actual Predictor B=24,predict,32,0.0,0,-1.0,-1.0,2,2,24.0,,False,True,main,,,9.8873425418772,,136868,14812,90.23400000000001,8399.0,9360.0,89.73400000000001,8399.0,9360.0,89.73290598290598,62366.0,74880.0,83.28792735042735,8399.0,224640.0,3.7388710826210825,62366.0,224640.0,27.762642450142447,14812,56729,25552.0,0.0,0.0,0.5167814624982514,20260630_023632_50bd4362,2026-06-30 08:52:59,f6d0ccda646c,184,0,94942.0,114174.0,83.1504338912533,94942.0,224640.0,42.26406695156695
ORACLE_BASELINE_SWEEP,Oracle Top-B B=32,predict,32,0.0,0,-1.0,-1.0,2,2,32.0,,False,True,main,,,15.871940271363627,,151680,0,100.0,9360.0,9360.0,100.0,9360.0,9360.0,100.0,74880.0,74880.0,100.0,9360.0,114174.0,8.199504668056758,74880.0,114174.0,65.59603734445406,0,30821,30113.0,0.0,0.0,0.5087620980660944,20260630_023632_50bd4362,2026-06-30 08:54:46,f6d0ccda646c,185,0,114174.0,114174.0,100.0,114174.0,114174.0,100.0
ORACLE_BASELINE_SWEEP,Actual Predictor B=32,predict,32,0.0,0,-1.0,-1.0,2,2,32.0,,False,True,main,,,8.593149101267597,,138749,12931,91.476,8748.0,9360.0,93.462,8748.0,9360.0,93.46153846153847,66754.0,74880.0,89.14797008547009,8748.0,299520.0,2.920673076923077,66754.0,299520.0,22.286992521367523,12931,93832,31834.0,0.0,0.0,0.5706097480728979,20260630_023632_50bd4362,2026-06-30 08:56:59,f6d0ccda646c,186,0,101902.0,114174.0,89.24485238355746,101902.0,299520.0,34.021768162393165
ORACLE_BASELINE_SWEEP,Oracle Full Union LA=2,predict,32,0.0,0,-1.0,-1.0,2,2,32.0,,False,True,main,,,15.941724059450138,,151680,0,100.0,9360.0,9360.0,100.0,9360.0,9360.0,100.0,74880.0,74880.0,100.0,9360.0,114174.0,8.199504668056758,74880.0,114174.0,65.59603734445406,0,30821,30113.0,0.0,0.0,0.5109676130788218,20260630_023632_50bd4362,2026-06-30 08:58:46,f6d0ccda646c,187,0,114174.0,114174.0,100.0,114174.0,114174.0,100.0
ORACLE_BASELINE_SWEEP,Oracle Top-B B=8,predict,32,0.0,0,-1.0,-1.0,4,4,8.0,,False,True,main,,,11.113712975662807,,126901,24779,83.664,3000.0,4560.0,65.78999999999999,3000.0,4560.0,65.78947368421052,20122.0,36480.0,55.15899122807017,3000.0,36480.0,8.223684210526315,20122.0,36480.0,55.15899122807017,24779,7839,7798.0,0.0,0.0,0.49007922903162876,20260630_023632_50bd4362,2026-06-30 09:00:42,f6d0ccda646c,188,0,36480.0,85222.0,42.81775093902712,36480.0,36480.0,100.0
ORACLE_BASELINE_SWEEP,Actual Predictor B=8,predict,32,0.0,0,-1.0,-1.0,4,4,8.0,,False,True,main,,,10.436410986183562,,122175,29505,80.546,2433.0,4560.0,53.354,2433.0,4560.0,53.35526315789474,14772.0,36480.0,40.493421052631575,2433.0,36480.0,6.6694078947368425,14772.0,36480.0,40.493421052631575,29505,4608,3730.0,0.0,0.0,0.4916150993300025,20260630_023632_50bd4362,2026-06-30 09:02:47,f6d0ccda646c,189,0,28662.0,85222.0,33.62065124513964,28662.0,36480.0,78.56907894736841
ORACLE_BASELINE_SWEEP,Oracle Top-B B=16,predict,32,0.0,0,-1.0,-1.0,4,4,16.0,,False,True,main,,,13.985199562356375,,143398,8282,94.538,3565.0,4560.0,78.17999999999999,3565.0,4560.0,78.1798245614035,26295.0,36480.0,72.08059210526315,3565.0,71383.0,4.994488470818071,26295.0,71383.0,36.84015721182291,8282,21814,21494.0,0.0,0.0,0.48704224666650225,20260630_023632_50bd4362,2026-06-30 09:04:36,f6d0ccda646c,190,0,71383.0,85222.0,83.77950872857639,71383.0,71383.0,100.0
ORACLE_BASELINE_SWEEP,Actual Predictor B=16,predict,32,0.0,0,-1.0,-1.0,4,4,16.0,,False,True,main,,,10.505727705278506,,126603,25077,83.468,3180.0,4560.0,69.736,3180.0,4560.0,69.73684210526315,21763.0,36480.0,59.65734649122807,3180.0,72960.0,4.358552631578947,21763.0,72960.0,29.828673245614034,25077,12228,8342.0,0.0,0.0,0.5183771660329295,20260630_023632_50bd4362,2026-06-30 09:06:40,f6d0ccda646c,191,0,47327.0,85222.0,55.51367731815092,47327.0,72960.0,64.8670504385965
ORACLE_BASELINE_SWEEP,Oracle Top-B B=24,predict,32,0.0,0,-1.0,-1.0,4,4,24.0,,False,True,main,,,16.096009432776366,,151247,433,99.714,4488.0,4560.0,98.42,4488.0,4560.0,98.42105263157895,35940.0,36480.0,98.51973684210526,4488.0,84682.0,5.301453599524309,35940.0,84682.0,42.45324312644091,433,27513,26923.0,0.0,0.0,0.6371805467855195,20260630_023632_50bd4362,2026-06-30 09:08:27,f6d0ccda646c,192,0,84682.0,85222.0,99.36748015026508,84682.0,84682.0,100.0
ORACLE_BASELINE_SWEEP,Actual Predictor B=24,predict,32,0.0,0,-1.0,-1.0,4,4,24.0,,False,True,main,,,10.456373452576619,,130017,21663,85.718,3635.0,4560.0,79.712,3635.0,4560.0,79.71491228070175,26212.0,36480.0,71.8530701754386,3635.0,109440.0,3.321454678362573,26212.0,109440.0,23.951023391812864,21663,23339,12924.0,0.0,0.0,0.516844838061845,20260630_023632_50bd4362,2026-06-30 09:10:34,f6d0ccda646c,193,0,59340.0,85222.0,69.61019160882711,59340.0,109440.0,54.22149122807018
ORACLE_BASELINE_SWEEP,Oracle Top-B B=32,predict,32,0.0,0,-1.0,-1.0,4,4,32.0,,False,True,main,,,16.467638807370808,,151680,0,100.0,4560.0,4560.0,100.0,4560.0,4560.0,100.0,36480.0,36480.0,100.0,4560.0,85222.0,5.35221886737839,36480.0,85222.0,42.81775093902712,0,27750,27149.0,0.0,0.0,0.9474414869772121,20260630_023632_50bd4362,2026-06-30 09:12:20,f6d0ccda646c,194,0,85222.0,85222.0,100.0,85222.0,85222.0,100.0
ORACLE_BASELINE_SWEEP,Actual Predictor B=32,predict,32,0.0,0,-1.0,-1.0,4,4,32.0,,False,True,main,,,9.85764397526405,,131254,20426,86.534,3935.0,4560.0,86.29400000000001,3935.0,4560.0,86.29385964912281,29241.0,36480.0,80.15625,3935.0,145920.0,2.6966831140350878,29241.0,145920.0,20.0390625,20426,40552,16666.0,1.0,0.0,0.5094469784695637,20260630_023632_50bd4362,2026-06-30 09:14:27,f6d0ccda646c,195,0,67227.0,85220.0,78.86978716806257,67227.0,145920.0,46.071134868421055
ORACLE_BASELINE_SWEEP,Oracle Full Union LA=4,predict,32,0.0,0,-1.0,-1.0,4,4,32.0,,False,True,main,,,16.314516474915184,,151680,0,100.0,4560.0,4560.0,100.0,4560.0,4560.0,100.0,36480.0,36480.0,100.0,4560.0,85222.0,5.35221886737839,36480.0,85222.0,42.81775093902712,0,27750,27149.0,0.0,0.0,0.958549706153058,20260630_023632_50bd4362,2026-06-30 09:16:14,f6d0ccda646c,196,0,85222.0,85222.0,100.0,85222.0,85222.0,100.0
ORACLE_BASELINE_SWEEP,Oracle Top-B B=8,predict,32,0.0,0,-1.0,-1.0,6,6,8.0,,False,True,main,,,10.806628736084598,,123628,28052,81.506,2014.0,3120.0,64.55,2014.0,3120.0,64.55128205128206,12933.0,24960.0,51.81490384615385,2014.0,24960.0,8.068910256410257,12933.0,24960.0,51.81490384615385,28052,4924,4596.0,0.0,0.0,0.4749138999862607,20260630_023632_50bd4362,2026-06-30 09:18:11,f6d0ccda646c,197,0,24960.0,74703.0,33.4153624706387,24960.0,24960.0,100.0
ORACLE_BASELINE_SWEEP,Actual Predictor B=8,predict,32,0.0,0,-1.0,-1.0,6,6,8.0,,False,True,main,,,10.410002633300863,,121042,30638,79.8,1613.0,3120.0,51.698,1613.0,3120.0,51.69871794871794,9650.0,24960.0,38.66185897435897,1613.0,24960.0,6.462339743589743,9650.0,24960.0,38.66185897435897,30638,3048,2363.0,0.0,0.0,0.4804229287902234,20260630_023632_50bd4362,2026-06-30 09:20:16,f6d0ccda646c,198,0,20645.0,74703.0,27.629577730443394,20645.0,24960.0,82.71233974358975
ORACLE_BASELINE_SWEEP,Oracle Top-B B=16,predict,32,0.0,0,-1.0,-1.0,6,6,16.0,,False,True,main,,,12.22995437915382,,135190,16490,89.13,2482.0,3120.0,79.55199999999999,2482.0,3120.0,79.55128205128206,17559.0,24960.0,70.3485576923077,2482.0,49786.0,4.985135650718318,17559.0,49786.0,35.2679768131096,16490,14695,13735.0,0.0,0.0,0.4964083375283776,20260630_023632_50bd4362,2026-06-30 09:22:09,f6d0ccda646c,199,0,49786.0,74703.0,66.6503555714535,49786.0,49786.0,100.0
ORACLE_BASELINE_SWEEP,Actual Predictor B=16,predict,32,0.0,0,-1.0,-1.0,6,6,16.0,,False,True,main,,,10.557264532103636,,124560,27120,82.12,2131.0,3120.0,68.30199999999999,2131.0,3120.0,68.30128205128206,14353.0,24960.0,57.50400641025641,2131.0,49920.0,4.268830128205129,14353.0,49920.0,28.752003205128204,27120,8133,5423.0,0.0,0.0,0.49973899172310265,20260630_023632_50bd4362,2026-06-30 09:24:15,f6d0ccda646c,200,0,35648.0,74703.0,47.70851256157224,35648.0,49920.0,71.41025641025641
ORACLE_BASELINE_SWEEP,Oracle Top-B B=24,predict,32,0.0,0,-1.0,-1.0,6,6,24.0,,False,True,main,,,14.721300216632358,,147205,4475,97.05,2766.0,3120.0,88.652,2766.0,3120.0,88.65384615384616,21590.0,24960.0,86.49839743589743,2766.0,69179.0,3.9984970307248773,21590.0,69179.0,31.210508162492737,4475,23648,21961.0,0.0,0.0,0.5102832738115178,20260630_023632_50bd4362,2026-06-30 09:26:03,f6d0ccda646c,201,0,69179.0,74703.0,92.60764088111465,69179.0,69179.0,100.0
ORACLE_BASELINE_SWEEP,Actual Predictor B=24,predict,32,0.0,0,-1.0,-1.0,6,6,24.0,,False,True,main,,,10.555358490364327,,127083,24597,83.784,2439.0,3120.0,78.172,2439.0,3120.0,78.17307692307693,17377.0,24960.0,69.61939102564102,2439.0,74880.0,3.2572115384615388,17377.0,74880.0,23.206463675213676,24597,15609,8517.0,0.0,0.0,0.4984561286922841,20260630_023632_50bd4362,2026-06-30 09:28:08,f6d0ccda646c,202,0,46503.0,74703.0,62.239266319504225,46503.0,74880.0,62.10336538461538
ORACLE_BASELINE_SWEEP,Oracle Top-B B=32,predict,32,0.0,0,-1.0,-1.0,6,6,32.0,,False,True,main,,,16.279887129287346,,151273,407,99.732,3079.0,3120.0,98.688,3079.0,3120.0,98.68589743589743,24627.0,24960.0,98.66586538461539,3079.0,74306.0,4.144026309952901,24627.0,74306.0,33.14558092883194,407,26164,24208.0,0.0,0.0,0.8141728788013507,20260630_023632_50bd4362,2026-06-30 09:29:53,f6d0ccda646c,203,0,74306.0,74703.0,99.46860042164226,74306.0,74306.0,100.0
ORACLE_BASELINE_SWEEP,Actual Predictor B=32,predict,32,0.0,0,-1.0,-1.0,6,6,32.0,,False,True,main,,,9.998152997721746,,127752,23928,84.226,2636.0,3120.0,84.486,2636.0,3120.0,84.48717948717949,19518.0,24960.0,78.19711538461539,2636.0,99840.0,2.640224358974359,19518.0,99840.0,19.549278846153847,23928,28063,10924.0,0.0,0.0,0.4996205245981697,20260630_023632_50bd4362,2026-06-30 09:32:00,f6d0ccda646c,204,0,54542.0,74703.0,73.00172251117564,54542.0,99840.0,54.62940705128206
ORACLE_BASELINE_SWEEP,Oracle Full Union LA=6,predict,32,0.0,0,-1.0,-1.0,6,6,32.0,,False,True,main,,,16.22183579978935,,151273,407,99.732,3079.0,3120.0,98.688,3079.0,3120.0,98.68589743589743,24627.0,24960.0,98.66586538461539,3079.0,74306.0,4.144026309952901,24627.0,74306.0,33.14558092883194,407,26164,24208.0,0.0,0.0,0.8092223258598269,20260630_023632_50bd4362,2026-06-30 09:33:46,f6d0ccda646c,205,0,74306.0,74703.0,99.46860042164226,74306.0,74306.0,100.0
ORACLE_BASELINE_SWEEP,Oracle Top-B B=8,predict,32,0.0,0,-1.0,-1.0,8,8,8.0,,False,True,main,,,10.740156730568515,,122355,29325,80.666,1391.0,2160.0,64.396,1391.0,2160.0,64.39814814814815,8712.0,17280.0,50.41666666666667,1391.0,17280.0,8.049768518518519,8712.0,17280.0,50.41666666666667,29325,3257,3254.0,0.0,0.0,0.4637797644525315,20260630_023632_50bd4362,2026-06-30 09:35:44,f6d0ccda646c,206,0,17280.0,61013.0,28.331843060084367,17280.0,17280.0,100.0
ORACLE_BASELINE_SWEEP,Actual Predictor B=8,predict,32,0.0,0,-1.0,-1.0,8,8,8.0,,False,True,main,,,10.37899968100309,,117875,33805,77.712,25.0,90.0,27.776,25.0,90.0,27.77777777777778,166.0,720.0,23.055555555555554,25.0,720.0,3.4722222222222223,166.0,720.0,23.055555555555554,33805,316,217.0,0.0,0.0,0.4347836924173104,20260630_023632_50bd4362,2026-06-30 09:37:43,f6d0ccda646c,207,0,578.0,3580.0,16.173539329051497,578.0,720.0,80.27777777777777
ORACLE_BASELINE_SWEEP,Oracle Top-B B=16,predict,32,0.0,0,-1.0,-1.0,8,8,16.0,,False,True,main,,,11.667492751959625,,131060,20620,86.404,1749.0,2160.0,80.97200000000001,1749.0,2160.0,80.97222222222221,12255.0,17280.0,70.92013888888889,1749.0,34545.0,5.062918268059842,12255.0,34545.0,35.47557192168223,20620,9668,9580.0,0.0,0.0,0.49278310529825287,20260630_023632_50bd4362,2026-06-30 09:39:39,f6d0ccda646c,208,0,34545.0,61013.0,56.63873179486639,34545.0,34545.0,100.0
ORACLE_BASELINE_SWEEP,Actual Predictor B=16,predict,32,0.0,0,-1.0,-1.0,8,8,16.0,,False,True,main,,,10.304870889911612,,118025,33655,77.812,39.0,90.0,43.332,39.0,90.0,43.333333333333336,258.0,720.0,35.83333333333333,39.0,1440.0,2.7083333333333335,258.0,1440.0,17.916666666666664,33655,703,411.0,0.0,0.0,0.44504236641406125,20260630_023632_50bd4362,2026-06-30 09:41:38,f6d0ccda646c,209,0,1052.0,3580.0,29.422004580849425,1052.0,1440.0,73.05555555555556
ORACLE_BASELINE_SWEEP,Oracle Top-B B=24,predict,32,0.0,0,-1.0,-1.0,8,8,24.0,,False,True,main,,,13.812450359865078,,142170,9510,93.732,1856.0,2160.0,85.926,1856.0,2160.0,85.92592592592592,13701.0,17280.0,79.28819444444444,1856.0,50562.0,3.6709287289675623,13701.0,50562.0,27.098079099503337,9510,17408,17223.0,0.0,0.0,0.4974995822907494,20260630_023632_50bd4362,2026-06-30 09:43:29,f6d0ccda646c,210,0,50562.0,61013.0,82.89496528998588,50562.0,50562.0,100.0
ORACLE_BASELINE_SWEEP,Actual Predictor B=24,predict,32,0.0,0,-1.0,-1.0,8,8,24.0,,False,True,main,,,10.275886380392155,,118132,33548,77.88399999999999,47.0,90.0,52.224000000000004,47.0,90.0,52.222222222222214,340.0,720.0,47.22222222222222,47.0,2160.0,2.175925925925926,340.0,2160.0,15.740740740740742,33548,1122,554.0,0.0,0.0,0.44831871788199695,20260630_023632_50bd4362,2026-06-30 09:45:28,f6d0ccda646c,211,0,1479.0,3580.0,41.34975390547,1479.0,2160.0,68.47222222222221
ORACLE_BASELINE_SWEEP,Oracle Top-B B=32,predict,32,0.0,0,-1.0,-1.0,8,8,32.0,,False,True,main,,,15.89769258101864,,149348,2332,98.462,2052.0,2160.0,95.0,2052.0,2160.0,95.0,16107.0,17280.0,93.21180555555556,2052.0,58985.0,3.479654441730838,16107.0,58985.0,27.31608002791366,2332,21593,21220.0,0.0,0.0,0.6966597909015197,20260630_023632_50bd4362,2026-06-30 09:47:14,f6d0ccda646c,212,0,58985.0,61013.0,96.68584184262737,58985.0,58985.0,100.0
ORACLE_BASELINE_SWEEP,Actual Predictor B=32,predict,32,0.0,0,-1.0,-1.0,8,8,32.0,,False,True,main,,,10.26404902379291,,118156,33524,77.898,57.0,90.0,63.336,57.0,90.0,63.333333333333336,401.0,720.0,55.69444444444444,57.0,2880.0,1.9791666666666667,401.0,2880.0,13.92361111111111,33524,1588,621.0,0.0,0.0,0.4499023924834774,20260630_023632_50bd4362,2026-06-30 09:49:13,f6d0ccda646c,213,0,1827.0,3580.0,51.068801824382646,1827.0,2880.0,63.4375
ORACLE_BASELINE_SWEEP,Oracle Full Union LA=8,predict,32,0.0,0,-1.0,-1.0,8,8,32.0,,False,True,main,,,15.810064542386948,,149348,2332,98.462,2052.0,2160.0,95.0,2052.0,2160.0,95.0,16107.0,17280.0,93.21180555555556,2052.0,58985.0,3.479654441730838,16107.0,58985.0,27.31608002791366,2332,21593,21220.0,0.0,0.0,0.7323655372298055,20260630_023632_50bd4362,2026-06-30 09:50:59,f6d0ccda646c,214,0,58985.0,61013.0,96.68584184262737,58985.0,58985.0,100.0
ORACLE_BASELINE_SWEEP,Oracle Top-B B=8,predict,32,0.0,0,-1.0,-1.0,16,16,8.0,,False,True,main,,,10.546178812227115,,120247,31433,79.27799999999999,596.0,960.0,62.081999999999994,596.0,960.0,62.083333333333336,3788.0,7680.0,49.322916666666664,596.0,7680.0,7.760416666666667,3788.0,7680.0,49.322916666666664,31433,1335,1282.0,0.0,0.0,0.45491287565357474,20260630_023632_50bd4362,2026-06-30 09:52:58,f6d0ccda646c,215,0,7680.0,38050.0,20.20766518243459,7680.0,7680.0,100.0
ORACLE_BASELINE_SWEEP,Actual Predictor B=8,predict,32,0.0,0,-1.0,-1.0,16,16,8.0,,False,True,main,,,10.415775042696273,,117642,34038,77.55799999999999,0.0,0.0,0.0,,,,,,,,,,,,,34038,0,,,,0.4268812859669572,20260630_023632_50bd4362,2026-06-30 09:54:57,f6d0ccda646c,216,0,,,,,,
ORACLE_BASELINE_SWEEP,Oracle Top-B B=16,predict,32,0.0,0,-1.0,-1.0,16,16,16.0,,False,True,main,,,10.898383208560675,,124277,27403,81.934,746.0,960.0,77.71000000000001,746.0,960.0,77.70833333333334,5250.0,7680.0,68.359375,746.0,15360.0,4.856770833333334,5250.0,15360.0,34.1796875,27403,4179,3825.0,0.0,0.0,0.4692999215789249,20260630_023632_50bd4362,2026-06-30 09:56:54,f6d0ccda646c,217,0,15360.0,38050.0,40.41533036486918,15360.0,15360.0,100.0
ORACLE_BASELINE_SWEEP,Actual Predictor B=16,predict,32,0.0,0,-1.0,-1.0,16,16,16.0,,False,True,main,,,10.432608243213817,,117642,34038,77.55799999999999,0.0,0.0,0.0,,,,,,,,,,,,,34038,0,,,,0.42455717943704496,20260630_023632_50bd4362,2026-06-30 09:58:52,f6d0ccda646c,218,0,,,,,,
ORACLE_BASELINE_SWEEP,Oracle Top-B B=24,predict,32,0.0,0,-1.0,-1.0,16,16,24.0,,False,True,main,,,11.501574921012331,,129648,22032,85.476,836.0,960.0,87.084,836.0,960.0,87.08333333333334,6129.0,7680.0,79.8046875,836.0,23025.0,3.6307100464072826,6129.0,23025.0,26.618433798865908,22032,7747,6963.0,0.0,0.0,0.4917378468245506,20260630_023632_50bd4362,2026-06-30 10:00:47,f6d0ccda646c,219,0,23025.0,38050.0,60.58401208546079,23025.0,23025.0,100.0
ORACLE_BASELINE_SWEEP,Actual Predictor B=24,predict,32,0.0,0,-1.0,-1.0,16,16,24.0,,False,True,main,,,10.411845416759324,,117642,34038,77.55799999999999,0.0,0.0,0.0,,,,,,,,,,,,,34038,0,,,,0.42859838022141983,20260630_023632_50bd4362,2026-06-30 10:02:46,f6d0ccda646c,220,0,,,,,,
ORACLE_BASELINE_SWEEP,Oracle Top-B B=32,predict,32,0.0,0,-1.0,-1.0,16,16,32.0,,False,True,main,,,12.557323241350492,,135239,16441,89.16,877.0,960.0,91.35600000000001,877.0,960.0,91.35416666666666,6715.0,7680.0,87.43489583333334,877.0,30169.0,2.9068143005205287,6715.0,30169.0,22.258080506291638,16441,11676,9954.0,0.0,0.0,0.49974904434073136,20260630_023632_50bd4362,2026-06-30 10:04:39,f6d0ccda646c,221,0,30169.0,38050.0,79.37910655072122,30169.0,30169.0,100.0
ORACLE_BASELINE_SWEEP,Actual Predictor B=32,predict,32,0.0,0,-1.0,-1.0,16,16,32.0,,False,True,main,,,10.414695096759463,,117642,34038,77.55799999999999,0.0,0.0,0.0,,,,,,,,,,,,,34038,0,,,,0.4291121964201371,20260630_023632_50bd4362,2026-06-30 10:06:37,f6d0ccda646c,222,0,,,,,,
ORACLE_BASELINE_SWEEP,Oracle Full Union LA=16,predict,32,0.0,0,-1.0,-1.0,16,16,32.0,,False,True,main,,,12.56013257091919,,135239,16441,89.16,877.0,960.0,91.35600000000001,877.0,960.0,91.35416666666666,6715.0,7680.0,87.43489583333334,877.0,30169.0,2.9068143005205287,6715.0,30169.0,22.258080506291638,16441,11676,9954.0,0.0,0.0,0.5014644896426329,20260630_023632_50bd4362,2026-06-30 10:08:31,f6d0ccda646c,223,0,30169.0,38050.0,79.37910655072122,30169.0,30169.0,100.0
ORACLE_BASELINE_SWEEP,Neither (LRU),cached,40,0.0,0,-1.0,-1.0,1,1,,,False,True,main,,,11.891230824434691,,126426,25254,83.35,,,,,,,,,,,,,,,,25254,0,,,,0.45456413678499474,20260630_023632_50bd4362,2026-06-30 10:10:24,f6d0ccda646c,224,0,,,,,,
ORACLE_BASELINE_SWEEP,Neither (RANDOM),cached,40,0.0,0,-1.0,-1.0,1,1,,,False,True,main,,,10.951604691182046,,120938,30742,79.732,,,,,,,,,,,,,,,,30742,0,,,,0.4484699327302496,20260630_023632_50bd4362,2026-06-30 10:12:21,f6d0ccda646c,225,0,,,,,,
ORACLE_BASELINE_SWEEP,Oracle Top-B B=10,predict,40,0.0,0,-1.0,-1.0,1,1,10.0,,False,True,main,,,16.623868725584096,,151680,0,100.0,18720.0,18720.0,100.0,18720.0,18720.0,100.0,149760.0,149760.0,100.0,18720.0,149760.0,12.5,149760.0,149760.0,100.0,0,23914,23677.0,0.0,0.0,0.5367537642469324,20260630_023632_50bd4362,2026-06-30 10:14:09,f6d0ccda646c,226,0,149760.0,149760.0,100.0,149760.0,149760.0,100.0
ORACLE_BASELINE_SWEEP,Actual Predictor B=10,predict,40,0.0,0,-1.0,-1.0,1,1,10.0,,False,True,main,,,11.564117830140972,,138341,13339,91.20599999999999,16239.0,18720.0,86.74600000000001,16239.0,18720.0,86.74679487179488,107698.0,149760.0,71.91372863247864,16239.0,187200.0,8.674679487179487,107698.0,187200.0,57.53098290598291,13339,22611,15479.0,0.0,0.0,0.6027992298789219,20260630_023632_50bd4362,2026-06-30 10:16:13,f6d0ccda646c,227,0,107698.0,149760.0,71.91372863247864,107698.0,187200.0,57.53098290598291
ORACLE_BASELINE_SWEEP,Oracle Top-B B=20,predict,40,0.0,0,-1.0,-1.0,1,1,20.0,,False,True,main,,,16.677850782069505,,151680,0,100.0,18720.0,18720.0,100.0,18720.0,18720.0,100.0,149760.0,149760.0,100.0,18720.0,149760.0,12.5,149760.0,149760.0,100.0,0,23634,23397.0,0.0,0.0,0.5364923103854273,20260630_023632_50bd4362,2026-06-30 10:17:59,f6d0ccda646c,228,0,149760.0,149760.0,100.0,149760.0,149760.0,100.0
ORACLE_BASELINE_SWEEP,Actual Predictor B=20,predict,40,0.0,0,-1.0,-1.0,1,1,20.0,,False,True,main,,,10.244105370343743,,143288,8392,94.468,17694.0,18720.0,94.518,17694.0,18720.0,94.51923076923076,132151.0,149760.0,88.24185363247864,17694.0,374400.0,4.725961538461538,132151.0,374400.0,35.296741452991455,8392,69625,29341.0,0.0,0.0,0.5459833391573676,20260630_023632_50bd4362,2026-06-30 10:20:07,f6d0ccda646c,229,0,132151.0,149760.0,88.24185363247864,132151.0,374400.0,35.296741452991455
ORACLE_BASELINE_SWEEP,Oracle Top-B B=30,predict,40,0.0,0,-1.0,-1.0,1,1,30.0,,False,True,main,,,16.624735781570855,,151680,0,100.0,18720.0,18720.0,100.0,18720.0,18720.0,100.0,149760.0,149760.0,100.0,18720.0,149760.0,12.5,149760.0,149760.0,100.0,0,23634,23397.0,0.0,0.0,0.5437359702844361,20260630_023632_50bd4362,2026-06-30 10:21:54,f6d0ccda646c,230,0,149760.0,149760.0,100.0,149760.0,149760.0,100.0
ORACLE_BASELINE_SWEEP,Actual Predictor B=30,predict,40,0.0,0,-1.0,-1.0,1,1,30.0,,False,True,main,,,7.951885178549107,,145306,6374,95.798,18159.0,18711.0,97.048,18159.0,18711.0,97.04915817114612,140190.0,149688.0,93.65415025486561,18159.0,561330.0,3.2349719390382043,140190.0,561330.0,24.974440067964164,6374,142783,38260.0,1.0,6.0,0.5786993742758555,20260630_023632_50bd4362,2026-06-30 10:24:15,f6d0ccda646c,231,0,140190.0,149688.0,93.65415025486561,140190.0,561330.0,24.974440067964164
ORACLE_BASELINE_SWEEP,Oracle Top-B B=40,predict,40,0.0,0,-1.0,-1.0,1,1,40.0,,False,True,main,,,16.65241191029166,,151680,0,100.0,18720.0,18720.0,100.0,18720.0,18720.0,100.0,149760.0,149760.0,100.0,18720.0,149760.0,12.5,149760.0,149760.0,100.0,0,23634,23397.0,0.0,0.0,0.5337095449560788,20260630_023632_50bd4362,2026-06-30 10:26:02,f6d0ccda646c,232,0,149760.0,149760.0,100.0,149760.0,149760.0,100.0
ORACLE_BASELINE_SWEEP,Actual Predictor B=40,predict,40,0.0,0,-1.0,-1.0,1,1,40.0,,False,True,main,,,5.909859461781467,,145544,6136,95.954,18344.0,18682.0,98.192,18344.0,18682.0,98.19187007901255,143648.0,149456.0,96.11623533793663,18344.0,747280.0,2.4547967519753136,143648.0,747280.0,19.223247067587327,6136,246942,45669.0,215.0,38.0,1.1219371112117797,20260630_023632_50bd4362,2026-06-30 10:28:39,f6d0ccda646c,233,0,143648.0,149456.0,96.11623533793663,143648.0,747280.0,19.223247067587327
ORACLE_BASELINE_SWEEP,Oracle Full Union LA=1,predict,40,0.0,0,-1.0,-1.0,1,1,40.0,,False,True,main,,,16.661249397270986,,151680,0,100.0,18720.0,18720.0,100.0,18720.0,18720.0,100.0,149760.0,149760.0,100.0,18720.0,149760.0,12.5,149760.0,149760.0,100.0,0,23634,23397.0,0.0,0.0,0.5366341217645664,20260630_023632_50bd4362,2026-06-30 10:30:27,f6d0ccda646c,234,0,149760.0,149760.0,100.0,149760.0,149760.0,100.0
ORACLE_BASELINE_SWEEP,Oracle Top-B B=10,predict,40,0.0,0,-1.0,-1.0,2,2,10.0,,False,True,main,,,15.002361806349601,,145346,6334,95.824,7360.0,9360.0,78.634,7360.0,9360.0,78.63247863247864,53804.0,74880.0,71.85363247863248,7360.0,93098.0,7.905782969030405,53804.0,93098.0,57.79456379165676,6334,17601,17259.0,0.0,0.0,0.5217168630569623,20260630_023632_50bd4362,2026-06-30 10:32:17,f6d0ccda646c,235,0,93098.0,114174.0,81.55409147963753,93098.0,93098.0,100.0
ORACLE_BASELINE_SWEEP,Actual Predictor B=10,predict,40,0.0,0,-1.0,-1.0,2,2,10.0,,False,True,main,,,11.566873302861861,,133998,17682,88.34400000000001,6747.0,9360.0,72.084,6747.0,9360.0,72.08333333333334,43399.0,74880.0,57.95806623931624,6747.0,93600.0,7.208333333333333,43399.0,93600.0,46.36645299145299,17682,10250,7947.0,0.0,0.0,0.5767810648650162,20260630_023632_50bd4362,2026-06-30 10:34:22,f6d0ccda646c,236,0,64368.0,114174.0,56.37822120772137,64368.0,93600.0,68.76923076923076
ORACLE_BASELINE_SWEEP,Oracle Top-B B=20,predict,40,0.0,0,-1.0,-1.0,2,2,20.0,,False,True,main,,,16.815366996251043,,151680,0,100.0,9360.0,9360.0,100.0,9360.0,9360.0,100.0,74880.0,74880.0,100.0,9360.0,114174.0,8.199504668056758,74880.0,114174.0,65.59603734445406,0,22601,22136.0,0.0,0.0,0.55100380502583,20260630_023632_50bd4362,2026-06-30 10:36:09,f6d0ccda646c,237,0,114174.0,114174.0,100.0,114174.0,114174.0,100.0
ORACLE_BASELINE_SWEEP,Actual Predictor B=20,predict,40,0.0,0,-1.0,-1.0,2,2,20.0,,False,True,main,,,11.32568817544058,,138860,12820,91.548,8128.0,9360.0,86.838,8128.0,9360.0,86.83760683760684,59092.0,74880.0,78.9155982905983,8128.0,187200.0,4.341880341880342,59092.0,187200.0,31.56623931623932,12820,29541,16728.0,0.0,0.0,0.5620538064628581,20260630_023632_50bd4362,2026-06-30 10:38:14,f6d0ccda646c,238,0,89726.0,114174.0,78.58287318052103,89726.0,187200.0,47.93055555555556
ORACLE_BASELINE_SWEEP,Oracle Top-B B=30,predict,40,0.0,0,-1.0,-1.0,2,2,30.0,,False,True,main,,,16.741995226078657,,151680,0,100.0,9360.0,9360.0,100.0,9360.0,9360.0,100.0,74880.0,74880.0,100.0,9360.0,114174.0,8.199504668056758,74880.0,114174.0,65.59603734445406,0,22596,22131.0,0.0,0.0,0.5503879995372281,20260630_023632_50bd4362,2026-06-30 10:40:00,f6d0ccda646c,239,0,114174.0,114174.0,100.0,114174.0,114174.0,100.0
ORACLE_BASELINE_SWEEP,Actual Predictor B=30,predict,40,0.0,0,-1.0,-1.0,2,2,30.0,,False,True,main,,,10.370030465506119,,141828,9852,93.506,8687.0,9360.0,92.808,8687.0,9360.0,92.80982905982906,65873.0,74880.0,87.97142094017094,8687.0,280800.0,3.0936609686609686,65873.0,280800.0,23.459045584045583,9852,60240,24054.0,0.0,0.0,0.5513523893841537,20260630_023632_50bd4362,2026-06-30 10:42:08,f6d0ccda646c,240,0,100516.0,114174.0,88.0314134995572,100516.0,280800.0,35.79629629629629
ORACLE_BASELINE_SWEEP,Oracle Top-B B=40,predict,40,0.0,0,-1.0,-1.0,2,2,40.0,,False,True,main,,,16.79820697430162,,151680,0,100.0,9360.0,9360.0,100.0,9360.0,9360.0,100.0,74880.0,74880.0,100.0,9360.0,114174.0,8.199504668056758,74880.0,114174.0,65.59603734445406,0,22596,22131.0,0.0,0.0,0.5475116515301373,20260630_023632_50bd4362,2026-06-30 10:43:56,f6d0ccda646c,241,0,114174.0,114174.0,100.0,114174.0,114174.0,100.0
ORACLE_BASELINE_SWEEP,Actual Predictor B=40,predict,40,0.0,0,-1.0,-1.0,2,2,40.0,,False,True,main,,,8.75341439567242,,143198,8482,94.408,8941.0,9360.0,95.522,8941.0,9360.0,95.52350427350427,69448.0,74880.0,92.7457264957265,8941.0,374400.0,2.388087606837607,69448.0,374400.0,18.5491452991453,8482,105693,30643.0,1.0,0.0,0.6751759847506624,20260630_023632_50bd4362,2026-06-30 10:46:13,f6d0ccda646c,242,0,106052.0,114142.0,92.90613710595774,106052.0,374400.0,28.3258547008547
ORACLE_BASELINE_SWEEP,Oracle Full Union LA=2,predict,40,0.0,0,-1.0,-1.0,2,2,40.0,,False,True,main,,,16.821075297633108,,151680,0,100.0,9360.0,9360.0,100.0,9360.0,9360.0,100.0,74880.0,74880.0,100.0,9360.0,114174.0,8.199504668056758,74880.0,114174.0,65.59603734445406,0,22596,22131.0,0.0,0.0,0.5396825826962878,20260630_023632_50bd4362,2026-06-30 10:48:00,f6d0ccda646c,243,0,114174.0,114174.0,100.0,114174.0,114174.0,100.0
ORACLE_BASELINE_SWEEP,Oracle Top-B B=10,predict,40,0.0,0,-1.0,-1.0,4,4,10.0,,False,True,main,,,12.741874314533995,,136206,15474,89.798,3196.0,4560.0,70.088,3196.0,4560.0,70.08771929824562,21866.0,36480.0,59.939692982456144,3196.0,45600.0,7.008771929824562,21866.0,45600.0,47.95175438596491,15474,8225,8184.0,0.0,0.0,0.535436615762009,20260630_023632_50bd4362,2026-06-30 10:49:55,f6d0ccda646c,244,0,45600.0,85222.0,53.5221886737839,45600.0,45600.0,100.0
ORACLE_BASELINE_SWEEP,Actual Predictor B=10,predict,40,0.0,0,-1.0,-1.0,4,4,10.0,,False,True,main,,,11.426255984928293,,130648,21032,86.13199999999999,2655.0,4560.0,58.224000000000004,2655.0,4560.0,58.223684210526315,16834.0,36480.0,46.145833333333336,2655.0,45600.0,5.822368421052632,16834.0,45600.0,36.91666666666667,21032,4205,3457.0,0.0,0.0,0.5485299083584942,20260630_023632_50bd4362,2026-06-30 10:51:58,f6d0ccda646c,245,0,34129.0,85222.0,40.032077509230646,34129.0,45600.0,74.84429824561403
ORACLE_BASELINE_SWEEP,Oracle Top-B B=20,predict,40,0.0,0,-1.0,-1.0,4,4,20.0,,False,True,main,,,16.103187120685114,,149728,1952,98.712,4166.0,4560.0,91.35799999999999,4166.0,4560.0,91.35964912280701,33092.0,36480.0,90.71271929824562,4166.0,81548.0,5.109954278297074,33092.0,81548.0,40.5908053512149,1952,19288,18940.0,0.0,0.0,0.5778804549626931,20260630_023632_50bd4362,2026-06-30 10:53:47,f6d0ccda646c,246,0,81548.0,85222.0,95.69713287091513,81548.0,81548.0,100.0
ORACLE_BASELINE_SWEEP,Actual Predictor B=20,predict,40,0.0,0,-1.0,-1.0,4,4,20.0,,False,True,main,,,11.659166388692219,,134327,17353,88.56,3420.0,4560.0,75.0,3420.0,4560.0,75.0,24275.0,36480.0,66.54331140350878,3420.0,91200.0,3.75,24275.0,91200.0,26.617324561403507,17353,11123,7486.0,0.0,0.0,0.5661395769078713,20260630_023632_50bd4362,2026-06-30 10:55:50,f6d0ccda646c,247,0,54067.0,85222.0,63.42254213853048,54067.0,91200.0,59.28399122807017
ORACLE_BASELINE_SWEEP,Oracle Top-B B=30,predict,40,0.0,0,-1.0,-1.0,4,4,30.0,,False,True,main,,,17.178807986000127,,151678,2,100.0,4559.0,4560.0,99.978,4559.0,4560.0,99.9780701754386,36477.0,36480.0,99.99177631578948,4559.0,85219.0,5.351266525291651,36477.0,85219.0,42.81574190871992,2,20543,20137.0,0.0,0.0,0.9508893294262476,20260630_023632_50bd4362,2026-06-30 10:57:38,f6d0ccda646c,248,0,85219.0,85222.0,99.99650710499346,85219.0,85219.0,100.0
ORACLE_BASELINE_SWEEP,Actual Predictor B=30,predict,40,0.0,0,-1.0,-1.0,4,4,30.0,,False,True,main,,,11.410255438400473,,136534,15146,90.014,3868.0,4560.0,84.824,3868.0,4560.0,84.82456140350877,28588.0,36480.0,78.36622807017544,3868.0,136800.0,2.827485380116959,28588.0,136800.0,20.89766081871345,15146,22271,11561.0,1.0,0.0,0.55303740409931,20260630_023632_50bd4362,2026-06-30 10:59:43,f6d0ccda646c,249,0,65485.0,85192.0,76.85077956274529,65485.0,136800.0,47.869152046783626
ORACLE_BASELINE_SWEEP,Oracle Top-B B=40,predict,40,0.0,0,-1.0,-1.0,4,4,40.0,,False,True,main,,,17.177587894538107,,151680,0,100.0,4560.0,4560.0,100.0,4560.0,4560.0,100.0,36480.0,36480.0,100.0,4560.0,85222.0,5.35221886737839,36480.0,85222.0,42.81775093902712,0,20536,20130.0,0.0,0.0,0.988386876059072,20260630_023632_50bd4362,2026-06-30 11:01:30,f6d0ccda646c,250,0,85222.0,85222.0,100.0,85222.0,85222.0,100.0
ORACLE_BASELINE_SWEEP,Actual Predictor B=40,predict,40,0.0,0,-1.0,-1.0,4,4,40.0,,False,True,main,,,10.623248077461385,,137863,13817,90.892,4126.0,4560.0,90.48400000000001,4126.0,4560.0,90.48245614035088,31382.0,36480.0,86.02521929824562,4126.0,182400.0,2.262061403508772,31382.0,182400.0,17.205043859649123,13817,41439,15818.0,0.0,0.0,0.5593309285913339,20260630_023632_50bd4362,2026-06-30 11:03:38,f6d0ccda646c,251,0,72803.0,85222.0,85.41359145959309,72803.0,182400.0,39.91392543859649
ORACLE_BASELINE_SWEEP,Oracle Full Union LA=4,predict,40,0.0,0,-1.0,-1.0,4,4,40.0,,False,True,main,,,17.087528327662845,,151680,0,100.0,4560.0,4560.0,100.0,4560.0,4560.0,100.0,36480.0,36480.0,100.0,4560.0,85222.0,5.35221886737839,36480.0,85222.0,42.81775093902712,0,20536,20130.0,0.0,0.0,0.946476205082815,20260630_023632_50bd4362,2026-06-30 11:05:30,f6d0ccda646c,252,0,85222.0,85222.0,100.0,85222.0,85222.0,100.0
ORACLE_BASELINE_SWEEP,Oracle Top-B B=10,predict,40,0.0,0,-1.0,-1.0,6,6,10.0,,False,True,main,,,11.917086309690148,,132717,18963,87.498,2186.0,3120.0,70.064,2186.0,3120.0,70.06410256410257,14686.0,24960.0,58.83814102564103,2186.0,31200.0,7.006410256410257,14686.0,31200.0,47.07051282051282,18963,5057,4745.0,0.0,0.0,0.5233920014527459,20260630_023632_50bd4362,2026-06-30 11:07:27,f6d0ccda646c,253,0,31200.0,74703.0,41.769203088298376,31200.0,31200.0,100.0
ORACLE_BASELINE_SWEEP,Actual Predictor B=10,predict,40,0.0,0,-1.0,-1.0,6,6,10.0,,False,True,main,,,11.465094300973494,,129502,22178,85.378,1782.0,3120.0,57.114,1782.0,3120.0,57.11538461538462,11111.0,24960.0,44.51522435897436,1782.0,31200.0,5.711538461538462,11111.0,31200.0,35.61217948717949,22178,2550,2046.0,0.0,0.0,0.5244061307356211,20260630_023632_50bd4362,2026-06-30 11:09:32,f6d0ccda646c,254,0,24866.0,74703.0,33.278093909506566,24866.0,31200.0,79.69871794871794
ORACLE_BASELINE_SWEEP,Oracle Top-B B=20,predict,40,0.0,0,-1.0,-1.0,6,6,20.0,,False,True,main,,,14.625343772722996,,144317,7363,95.144,2565.0,3120.0,82.21000000000001,2565.0,3120.0,82.21153846153847,18870.0,24960.0,75.60096153846153,2565.0,61083.0,4.199087115143405,18870.0,61083.0,30.892616193633863,7363,14582,13677.0,0.0,0.0,0.5060169066667882,20260630_023632_50bd4362,2026-06-30 11:11:24,f6d0ccda646c,255,0,61083.0,74703.0,81.77179901753834,61083.0,61083.0,100.0
ORACLE_BASELINE_SWEEP,Actual Predictor B=20,predict,40,0.0,0,-1.0,-1.0,6,6,20.0,,False,True,main,,,11.779906619384017,,132542,19138,87.384,2299.0,3120.0,73.686,2299.0,3120.0,73.68589743589743,16004.0,24960.0,64.11858974358975,2299.0,62400.0,3.6842948717948714,16004.0,62400.0,25.6474358974359,19138,6651,4648.0,0.0,0.0,0.53682164841406,20260630_023632_50bd4362,2026-06-30 11:13:28,f6d0ccda646c,256,0,41528.0,74703.0,55.578876542523986,41528.0,62400.0,66.55128205128206
ORACLE_BASELINE_SWEEP,Oracle Top-B B=30,predict,40,0.0,0,-1.0,-1.0,6,6,30.0,,False,True,main,,,16.753920568224547,,151037,643,99.576,3042.0,3120.0,97.5,3042.0,3120.0,97.5,24304.0,24960.0,97.37179487179488,3042.0,73878.0,4.117838949773534,24304.0,73878.0,32.90034363533266,643,19338,17973.0,0.0,0.0,0.5774698026814928,20260630_023632_50bd4362,2026-06-30 11:15:15,f6d0ccda646c,257,0,73878.0,74703.0,98.8960418378588,73878.0,73878.0,100.0
ORACLE_BASELINE_SWEEP,Actual Predictor B=30,predict,40,0.0,0,-1.0,-1.0,6,6,30.0,,False,True,main,,,11.669361818509483,,134495,17185,88.66799999999999,2595.0,3120.0,83.172,2595.0,3120.0,83.17307692307693,19052.0,24960.0,76.3301282051282,2595.0,93600.0,2.7724358974358974,19052.0,93600.0,20.354700854700855,17185,13231,7334.0,1.0,0.0,0.5348868272938977,20260630_023632_50bd4362,2026-06-30 11:17:19,f6d0ccda646c,258,0,52706.0,74634.0,70.61031211017817,52706.0,93600.0,56.30982905982906
ORACLE_BASELINE_SWEEP,Oracle Top-B B=40,predict,40,0.0,0,-1.0,-1.0,6,6,40.0,,False,True,main,,,17.20990589816177,,151671,9,99.994,3119.0,3120.0,99.968,3119.0,3120.0,99.96794871794872,24951.0,24960.0,99.9639423076923,3119.0,74694.0,4.1760959724055455,24951.0,74694.0,33.40735475969188,9,19625,18223.0,0.0,0.0,0.9936662215818096,20260630_023632_50bd4362,2026-06-30 11:19:06,f6d0ccda646c,259,0,74694.0,74703.0,99.98800157924543,74694.0,74694.0,100.0
ORACLE_BASELINE_SWEEP,Actual Predictor B=40,predict,40,0.0,0,-1.0,-1.0,6,6,40.0,,False,True,main,,,11.075428016210452,,135340,16340,89.228,2783.0,3120.0,89.196,2783.0,3120.0,89.19871794871794,21079.0,24960.0,84.4511217948718,2783.0,124800.0,2.229967948717949,21079.0,124800.0,16.890224358974358,16340,25994,9911.0,0.0,0.0,0.5303951631019629,20260630_023632_50bd4362,2026-06-30 11:21:13,f6d0ccda646c,260,0,60406.0,74703.0,80.85198218227127,60406.0,124800.0,48.40224358974359
ORACLE_BASELINE_SWEEP,Oracle Full Union LA=6,predict,40,0.0,0,-1.0,-1.0,6,6,40.0,,False,True,main,,,17.215623627243822,,151671,9,99.994,3119.0,3120.0,99.968,3119.0,3120.0,99.96794871794872,24951.0,24960.0,99.9639423076923,3119.0,74694.0,4.1760959724055455,24951.0,74694.0,33.40735475969188,9,19625,18223.0,0.0,0.0,1.0112338407273298,20260630_023632_50bd4362,2026-06-30 11:23:00,f6d0ccda646c,261,0,74694.0,74703.0,99.98800157924543,74694.0,74694.0,100.0
ORACLE_BASELINE_SWEEP,Oracle Top-B B=10,predict,40,0.0,0,-1.0,-1.0,8,8,10.0,,False,True,main,,,12.006887772183731,,131305,20375,86.566,1491.0,2160.0,69.02799999999999,1491.0,2160.0,69.02777777777779,9683.0,17280.0,56.03587962962963,1491.0,21600.0,6.902777777777777,9683.0,21600.0,44.82870370370371,20375,3417,3415.0,0.0,0.0,0.5059381834934623,20260630_023632_50bd4362,2026-06-30 11:24:57,f6d0ccda646c,262,0,21600.0,61013.0,35.41480382510546,21600.0,21600.0,100.0
ORACLE_BASELINE_SWEEP,Actual Predictor B=10,predict,40,0.0,0,-1.0,-1.0,8,8,10.0,,False,True,main,,,11.474819896046302,,126640,25040,83.49,31.0,90.0,34.44199999999999,31.0,90.0,34.44444444444444,190.0,720.0,26.388888888888886,31.0,900.0,3.444444444444444,190.0,900.0,21.11111111111111,25040,282,202.0,0.0,0.0,0.47151072716986225,20260630_023632_50bd4362,2026-06-30 11:26:54,f6d0ccda646c,263,0,693.0,3580.0,19.392217042226925,693.0,900.0,77.0
ORACLE_BASELINE_SWEEP,Oracle Top-B B=20,predict,40,0.0,0,-1.0,-1.0,8,8,20.0,,False,True,main,,,13.700769630424952,,140465,11215,92.606,1813.0,2160.0,83.936,1813.0,2160.0,83.93518518518519,12899.0,17280.0,74.64699074074073,1813.0,43004.0,4.215914114172355,12899.0,43004.0,29.995870742686037,11215,10144,10096.0,0.0,0.0,0.5167368537020203,20260630_023632_50bd4362,2026-06-30 11:28:47,f6d0ccda646c,264,0,43004.0,61013.0,70.5060053994316,43004.0,43004.0,100.0
ORACLE_BASELINE_SWEEP,Actual Predictor B=20,predict,40,0.0,0,-1.0,-1.0,8,8,20.0,,False,True,main,,,11.4475970979675,,126854,24826,83.634,41.0,90.0,45.556,41.0,90.0,45.55555555555556,301.0,720.0,41.80555555555556,41.0,1800.0,2.2777777777777777,301.0,1800.0,16.72222222222222,24826,647,397.0,0.0,0.0,0.4783399711261998,20260630_023632_50bd4362,2026-06-30 11:30:44,f6d0ccda646c,265,0,1275.0,3580.0,35.65714922438392,1275.0,1800.0,70.83333333333333
ORACLE_BASELINE_SWEEP,Oracle Top-B B=30,predict,40,0.0,0,-1.0,-1.0,8,8,30.0,,False,True,main,,,16.269802240691334,,149016,2664,98.24600000000001,2000.0,2160.0,92.592,2000.0,2160.0,92.5925925925926,15590.0,17280.0,90.21990740740742,2000.0,57757.0,3.4632564308869904,15590.0,57757.0,26.998743559563867,2664,15857,15626.0,0.0,0.0,0.5387544679793328,20260630_023632_50bd4362,2026-06-30 11:32:32,f6d0ccda646c,266,0,57757.0,61013.0,94.67695220341216,57757.0,57757.0,100.0
ORACLE_BASELINE_SWEEP,Actual Predictor B=30,predict,40,0.0,0,-1.0,-1.0,8,8,30.0,,False,True,main,,,11.35629377969499,,126994,24686,83.726,56.0,90.0,62.226,56.0,90.0,62.22222222222223,390.0,720.0,54.166666666666664,56.0,2700.0,2.074074074074074,390.0,2700.0,14.444444444444446,24686,1082,556.0,0.0,0.0,0.49225661989114844,20260630_023632_50bd4362,2026-06-30 11:34:31,f6d0ccda646c,267,0,1751.0,3580.0,48.94478513388903,1751.0,2700.0,64.85185185185185
ORACLE_BASELINE_SWEEP,Oracle Top-B B=40,predict,40,0.0,0,-1.0,-1.0,8,8,40.0,,False,True,main,,,17.289981517717372,,151438,242,99.84200000000001,2138.0,2160.0,98.97999999999999,2138.0,2160.0,98.98148148148148,17127.0,17280.0,99.11458333333334,2138.0,60788.0,3.5184111241918394,17127.0,60788.0,28.185276870504293,242,17136,16829.0,0.0,0.0,0.8893009121887868,20260630_023632_50bd4362,2026-06-30 11:36:18,f6d0ccda646c,268,0,60788.0,61013.0,99.63161911470498,60788.0,60788.0,100.0
ORACLE_BASELINE_SWEEP,Actual Predictor B=40,predict,40,0.0,0,-1.0,-1.0,8,8,40.0,,False,True,main,,,11.331719254747675,,127016,24664,83.74199999999999,60.0,90.0,66.666,60.0,90.0,66.66666666666667,463.0,720.0,64.30555555555556,60.0,3600.0,1.6666666666666667,463.0,3600.0,12.86111111111111,24664,1628,642.0,0.0,0.0,0.49669787965044454,20260630_023632_50bd4362,2026-06-30 11:38:16,f6d0ccda646c,269,0,2129.0,3580.0,59.518579599562074,2129.0,3600.0,59.13888888888889
ORACLE_BASELINE_SWEEP,Oracle Full Union LA=8,predict,40,0.0,0,-1.0,-1.0,8,8,40.0,,False,True,main,,,17.20934348471538,,151438,242,99.84200000000001,2138.0,2160.0,98.97999999999999,2138.0,2160.0,98.98148148148148,17127.0,17280.0,99.11458333333334,2138.0,60788.0,3.5184111241918394,17127.0,60788.0,28.185276870504293,242,17136,16829.0,0.0,0.0,0.9081689288447901,20260630_023632_50bd4362,2026-06-30 11:40:03,f6d0ccda646c,270,0,60788.0,61013.0,99.63161911470498,60788.0,60788.0,100.0
ORACLE_BASELINE_SWEEP,Oracle Top-B B=10,predict,40,0.0,0,-1.0,-1.0,16,16,10.0,,False,True,main,,,11.779571027812182,,129261,22419,85.22,639.0,960.0,66.562,639.0,960.0,66.5625,4223.0,7680.0,54.986979166666664,639.0,9600.0,6.65625,4223.0,9600.0,43.98958333333333,22419,1352,1337.0,0.0,0.0,0.4920965318224318,20260630_023632_50bd4362,2026-06-30 11:42:00,f6d0ccda646c,271,0,9600.0,38050.0,25.259581478043234,9600.0,9600.0,100.0
ORACLE_BASELINE_SWEEP,Actual Predictor B=10,predict,40,0.0,0,-1.0,-1.0,16,16,10.0,,False,True,main,,,11.525339602194183,,126407,25273,83.338,0.0,0.0,0.0,,,,,,,,,,,,,25273,0,,,,0.4615472779632461,20260630_023632_50bd4362,2026-06-30 11:43:59,f6d0ccda646c,272,0,,,,,,
ORACLE_BASELINE_SWEEP,Oracle Top-B B=20,predict,40,0.0,0,-1.0,-1.0,16,16,20.0,,False,True,main,,,12.412128288654262,,133982,17698,88.33,801.0,960.0,83.434,801.0,960.0,83.4375,5734.0,7680.0,74.66145833333333,801.0,19200.0,4.171875,5734.0,19200.0,29.864583333333332,17698,4172,4093.0,0.0,0.0,0.5183108026840827,20260630_023632_50bd4362,2026-06-30 11:45:56,f6d0ccda646c,273,0,19200.0,38050.0,50.51916295608647,19200.0,19200.0,100.0
ORACLE_BASELINE_SWEEP,Actual Predictor B=20,predict,40,0.0,0,-1.0,-1.0,16,16,20.0,,False,True,main,,,11.536857916749788,,126407,25273,83.338,0.0,0.0,0.0,,,,,,,,,,,,,25273,0,,,,0.46011884981165335,20260630_023632_50bd4362,2026-06-30 11:47:53,f6d0ccda646c,274,0,,,,,,
ORACLE_BASELINE_SWEEP,Oracle Top-B B=30,predict,40,0.0,0,-1.0,-1.0,16,16,30.0,,False,True,main,,,13.700493097512133,,140134,11546,92.388,867.0,960.0,90.312,867.0,960.0,90.3125,6594.0,7680.0,85.859375,867.0,28511.0,3.0406695378627306,6594.0,28511.0,23.12704099007431,11546,7857,7559.0,0.0,0.0,0.528715753235665,20260630_023632_50bd4362,2026-06-30 11:49:46,f6d0ccda646c,275,0,28511.0,38050.0,75.01929571470562,28511.0,28511.0,100.0
ORACLE_BASELINE_SWEEP,Actual Predictor B=30,predict,40,0.0,0,-1.0,-1.0,16,16,30.0,,False,True,main,,,11.559473068332426,,126407,25273,83.338,0.0,0.0,0.0,,,,,,,,,,,,,25273,0,,,,0.4572316577587536,20260630_023632_50bd4362,2026-06-30 11:51:43,f6d0ccda646c,276,0,,,,,,
ORACLE_BASELINE_SWEEP,Oracle Top-B B=40,predict,40,0.0,0,-1.0,-1.0,16,16,40.0,,False,True,main,,,15.715191898941452,,146286,5394,96.444,909.0,960.0,94.688,909.0,960.0,94.6875,7123.0,7680.0,92.74739583333334,909.0,35116.0,2.5899427447205396,7123.0,35116.0,20.296649400083247,5394,11064,10589.0,0.0,0.0,0.6031343029211053,20260630_023632_50bd4362,2026-06-30 11:53:33,f6d0ccda646c,277,0,35116.0,38050.0,92.35436143100712,35116.0,35116.0,100.0
ORACLE_BASELINE_SWEEP,Actual Predictor B=40,predict,40,0.0,0,-1.0,-1.0,16,16,40.0,,False,True,main,,,11.577456247884772,,126407,25273,83.338,0.0,0.0,0.0,,,,,,,,,,,,,25273,0,,,,0.45488354630201855,20260630_023632_50bd4362,2026-06-30 11:55:30,f6d0ccda646c,278,0,,,,,,
ORACLE_BASELINE_SWEEP,Oracle Full Union LA=16,predict,40,0.0,0,-1.0,-1.0,16,16,40.0,,False,True,main,,,15.766116212830624,,146286,5394,96.444,909.0,960.0,94.688,909.0,960.0,94.6875,7123.0,7680.0,92.74739583333334,909.0,35116.0,2.5899427447205396,7123.0,35116.0,20.296649400083247,5394,11064,10589.0,0.0,0.0,0.5911005930342542,20260630_023632_50bd4362,2026-06-30 11:57:21,f6d0ccda646c,279,0,35116.0,38050.0,92.35436143100712,35116.0,35116.0,100.0
