MODEL: qwen3_30b
TOKEN_COUNT: 128
ACTIVE_EXPERTS: 8
================================================================================
PROMPT TEXT:
The majority of material created for previous games , such as the <unk> system and the design of maps , was carried over . Alongside this , improvements were made to the game 's graphics and some elements were expanded , such as map layouts , mission structure , and the number of playable units per mission . A part of this upgrade involved creating unique polygon models for each character 's body . In order to achieve this , the cooperative elements incorporated into the second game were removed , as they took up a large portion of memory space needed for the improvements . They also adjusted the difficulty settings and ease of play so they could appeal to new players while retaining the essential components of the series ' gameplay . The newer systems were decided upon early in development . The character designs were done by <unk> Honjou , who had worked on the previous Valkyria Chronicles games . When creating the Nameless Squad , Honjou was faced with the same problem he had had during the first game : the military uniforms essentially destroyed character individuality , despite him needing to create unique characters the player could identify while maintaining a sense of reality within the Valkyria Chronicles world . The main color of the Nameless was black . As with the previous Valkyria games , Valkyria Chronicles III used the <unk> graphics engine . The anime opening was produced by Production I.G.
================================================================================
GENERATED TEXT:
 , and the soundtrack was composed by <unk> . The game was released in Japan on 2007 - 03 - 23 . The game was released in North America on 2008 - 03 - 28 . The game was released in Europe on 2008 - 04 - 02 . The game was released in Australia on 2008 - 04 - 03 . The game was released in South Korea on 2008 - 04 - 03 . The game was released in China on 200
================================================================================
EXPERT TRACE (Per token, list of layer expert IDs):
================================================================================
Token   0: [13,26,46,65,72,98,100,102] [33,49,50,70,94,100,122,124] [40,49,53,78,84,88,99,113] [6,20,31,34,36,37,101,124] [11,52,64,76,79,85,106,115] [33,42,59,61,64,66,75,125] [13,22,35,56,63,83,105,127] [33,44,48,49,50,82,100,106] [44,61,84,86,90,121,123,127] [0,7,9,66,80,102,110,111] [18,50,61,73,83,85,91,105] [26,43,49,60,61,69,99,115] [2,15,30,34,95,99,102,127] [2,6,10,15,28,80,91,106] [3,15,20,38,44,48,53,111] [6,16,40,63,75,82,85,120] [1,8,11,80,84,108,115,124] [9,19,37,53,72,82,103,112] [23,46,52,56,63,64,104,105] [33,44,48,49,73,82,100,106] [17,21,44,84,86,90,121,123] [0,9,68,80,102,110,111,125] [18,19,30,50,61,69,85,105] [23,24,26,49,54,61,69,96] [2,15,34,73,79,99,102,107] [6,15,28,58,80,82,91,106] [3,4,17,20,38,48,53,55] [6,16,40,50,63,75,85,101] [8,39,48,53,60,80,108,124] [1,4,19,53,72,82,103,118] [34,35,52,56,63,83,104,105] [33,49,56,82,100,106,112,123] [44,45,65,66,72,84,90,121] [9,26,80,98,102,110,111,125] [30,50,56,61,69,73,85,105] [23,24,26,49,60,61,99,115] [2,15,23,42,73,99,102,107] [6,15,28,78,80,91,106,118] [3,20,38,48,55,86,111,115] [16,17,31,40,52,61,85,101] [8,30,54,80,105,108,115,124] [9,19,42,53,69,72,80,103] [14,23,24,39,73,74,115,126] [19,46,49,56,77,88,104,120] [0,6,8,37,45,53,69,104] [22,27,45,46,63,87,112,114] [5,52,60,82,97,104,123,124] [32,35,73,74,86,90,95,109]
Token   1: [0,21,31,41,63,74,83,120] [2,6,8,23,34,41,49,122] [36,41,50,53,67,84,88,107] [6,20,34,36,64,89,101,124] [7,11,25,67,76,79,85,106] [42,47,61,75,84,97,103,125] [52,56,63,83,85,104,105,112] [5,33,44,48,49,73,100,106] [44,61,66,83,84,86,90,121] [0,9,80,97,98,102,110,111] [2,18,30,50,61,73,85,105] [26,28,49,60,61,69,90,115] [2,15,34,79,95,99,102,107] [6,13,21,28,80,83,91,118] [3,10,38,48,53,55,79,110] [6,16,23,40,50,85,99,103] [1,8,14,73,80,84,115,124] [1,4,9,19,37,69,99,103] [34,52,56,63,64,104,105,126] [3,33,44,49,73,82,100,106] [21,44,66,72,84,90,116,121] [0,9,68,80,98,102,110,125] [7,30,50,61,73,90,105,113] [23,24,26,49,54,60,61,69] [2,15,23,34,73,79,99,107] [6,13,15,28,80,83,106,118] [3,10,38,48,53,55,79,115] [16,17,23,40,50,82,85,120] [1,8,14,30,55,73,80,124] [1,4,9,13,19,69,82,103] [34,46,56,63,64,83,104,105] [32,33,44,49,73,82,100,106] [17,21,44,66,84,86,90,121] [9,66,68,80,98,102,110,111] [30,50,61,69,73,85,90,105] [24,26,49,60,61,69,85,115] [2,15,23,73,79,99,102,107] [6,13,28,29,80,98,106,118] [3,10,38,48,53,55,79,115] [7,16,17,23,40,85,103,120] [8,30,55,73,80,105,115,124] [1,9,15,19,48,69,80,103] [21,23,24,31,64,68,80,115] [12,46,49,77,83,88,104,120] [0,6,53,73,88,99,104,107] [2,17,22,27,32,45,46,114] [30,52,60,63,97,101,104,105] [32,71,73,86,95,111,117,124]
Token   2: [14,22,38,51,57,103,106,118] [8,9,23,33,44,48,111,122] [36,41,53,81,90,107,122,125] [3,29,39,64,66,71,94,112] [11,50,63,67,79,89,95,113] [18,31,42,47,51,96,105,119] [20,46,47,63,87,104,108,112] [32,33,44,48,73,82,100,106] [36,44,67,86,90,99,109,123] [26,32,65,68,79,80,98,102] [7,18,28,30,50,73,107,123] [1,26,53,60,67,69,109,115] [2,27,34,79,95,102,107,114] [6,10,13,66,91,98,106,118] [3,10,16,53,55,57,69,105] [3,17,23,40,72,75,103,120] [1,8,14,55,80,84,114,119] [2,19,35,66,77,90,100,103] [22,46,56,63,64,104,116,124] [33,44,48,73,82,94,100,106] [44,45,66,67,86,90,123,124] [26,32,66,68,80,98,102,111] [7,18,30,50,69,73,91,98] [26,53,60,69,96,99,109,115] [2,14,34,73,79,102,107,115] [13,66,80,83,104,106,112,118] [3,10,16,38,53,57,69,105] [3,17,23,40,72,75,82,120] [1,8,12,14,30,43,80,119] [2,9,35,66,82,83,90,103] [46,54,63,64,74,89,104,124] [32,33,44,56,73,82,106,123] [21,45,66,67,86,88,109,123] [32,66,68,80,97,98,99,111] [7,30,50,73,83,85,90,94] [26,47,60,69,85,99,109,115] [2,23,30,46,79,102,107,114] [6,66,80,83,98,106,113,118] [3,10,16,38,53,55,105,115] [3,4,7,16,40,72,89,120] [1,12,30,43,55,80,115,119] [2,9,20,35,66,80,90,103] [14,18,23,27,80,93,102,115] [6,29,36,46,87,100,104,120] [6,14,20,48,56,69,98,104] [20,22,32,37,45,70,114,123] [52,55,60,68,101,115,117,125] [36,47,66,85,88,112,120,123]
Token   3: [28,33,64,77,82,91,112,118] [8,16,29,45,48,67,104,122] [4,5,36,44,76,106,125,126] [12,24,40,56,62,70,92,101] [5,7,11,27,34,50,60,104] [0,10,48,87,96,115,117,119] [20,46,63,64,86,94,103,104] [7,32,33,44,69,73,82,106] [0,20,35,44,67,86,94,97] [0,32,35,49,80,96,102,109] [7,10,18,30,50,62,91,95] [16,43,48,60,69,85,92,97] [2,14,17,34,42,46,103,114] [10,29,68,83,91,106,109,123] [3,16,44,53,55,57,60,109] [6,7,20,40,72,77,82,120] [1,14,30,60,77,80,94,110] [0,27,36,46,64,65,103,107] [46,54,63,64,89,103,104,116] [31,32,33,44,73,82,100,106] [21,37,44,45,86,90,94,95] [35,40,67,79,80,97,102,113] [7,10,30,50,91,95,109,124] [16,18,42,60,69,92,97,115] [0,2,14,34,46,67,102,103] [29,41,57,62,68,106,109,123] [3,38,53,55,60,71,109,115] [16,20,40,72,77,82,120,126] [1,14,30,44,60,80,94,110] [0,4,9,36,46,64,82,103] [23,46,54,63,64,66,104,118] [32,33,44,50,73,82,100,106] [17,20,21,35,44,45,86,94] [32,35,40,68,79,80,102,111] [10,18,30,50,69,95,107,124] [25,42,60,69,73,92,97,115] [0,2,12,34,67,73,102,103] [10,16,41,57,62,68,91,106] [3,22,47,53,55,60,71,102] [16,20,31,40,46,51,60,72] [44,60,80,94,108,109,110,115] [15,36,46,54,64,80,103,122] [8,23,24,49,68,80,90,125] [12,19,49,80,100,104,121,125] [6,23,45,80,88,98,99,104] [5,17,22,26,45,76,112,114] [30,39,52,60,81,104,105,124] [15,21,31,35,95,111,121,127]
Token   4: [16,51,53,92,97,104,111,120] [20,34,86,92,104,107,109,122] [10,14,85,87,116,125,126,127] [12,13,25,29,32,61,76,89] [0,11,23,25,34,74,83,118] [31,47,80,96,97,103,107,119] [13,47,56,63,64,94,104,116] [33,44,50,73,82,87,100,106] [35,44,64,86,90,99,113,127] [0,32,45,80,94,97,102,111] [10,14,18,29,30,50,107,108] [3,8,48,67,69,86,115,120] [2,30,34,42,53,61,95,102] [13,44,68,75,83,91,98,106] [3,10,44,53,55,57,79,80] [3,16,40,50,60,63,82,120] [1,7,14,40,60,80,84,94] [1,9,15,37,53,90,93,103] [13,22,41,46,58,63,64,104] [33,44,73,82,87,94,100,106] [5,21,37,44,45,64,86,90] [0,5,79,80,94,102,106,111] [7,10,14,18,19,30,50,91] [1,20,54,60,69,86,92,115] [2,27,30,34,46,53,67,73] [13,16,29,44,59,75,91,106] [3,38,53,54,55,80,109,115] [3,7,16,17,40,60,82,120] [1,7,14,15,30,40,60,80] [1,9,15,52,53,82,103,112] [22,23,54,63,66,89,104,127] [32,33,44,73,82,87,100,106] [17,21,44,45,61,64,86,100] [51,66,71,80,94,97,99,111] [7,18,19,30,50,69,85,91] [43,60,69,86,92,104,115,120] [2,30,34,42,46,53,95,102] [10,16,21,29,44,68,75,106] [3,11,29,53,55,79,80,115] [16,17,31,40,50,60,78,120] [1,7,15,30,40,60,80,115] [1,9,15,52,53,78,80,103] [14,23,24,37,59,73,80,125] [8,43,49,81,100,104,112,120] [6,37,39,45,54,80,98,104] [22,37,45,46,63,80,112,114] [39,52,63,80,82,84,105,124] [27,32,34,35,52,71,90,95]
Token   5: [3,12,28,29,62,67,77,126] [11,45,67,78,86,104,114,122] [36,59,64,73,87,119,121,125] [1,11,26,61,73,76,95,101] [0,1,7,11,20,39,74,83] [1,23,48,80,83,96,97,119] [20,55,63,64,74,94,104,116] [19,33,44,73,82,87,100,106] [21,24,27,35,44,45,64,99] [0,51,59,66,68,80,94,111] [7,14,18,30,50,91,107,120] [16,60,68,69,86,90,97,115] [2,18,27,34,53,67,95,126] [24,44,68,75,89,91,95,106] [3,9,19,38,53,55,62,115] [3,20,40,50,54,84,87,89] [1,30,77,80,94,111,115,123] [1,9,53,65,78,82,84,103] [20,46,63,64,66,103,104,124] [31,32,33,44,73,82,87,106] [17,21,24,44,45,61,72,90] [35,66,71,79,80,94,102,111] [7,18,30,50,85,91,95,124] [16,20,60,68,86,97,115,120] [2,27,38,46,53,67,95,102] [24,29,44,68,91,106,109,123] [3,9,18,38,53,55,62,115] [16,32,40,50,75,87,89,98] [1,24,29,30,77,80,111,123] [0,1,9,53,65,73,82,84] [54,63,64,66,77,104,118,127] [32,33,44,73,82,87,100,106] [17,21,24,27,45,61,69,72] [14,51,66,71,80,94,97,111] [14,30,50,69,85,91,95,120] [60,68,85,86,92,97,115,120] [2,27,53,67,73,95,101,102] [24,44,49,68,91,95,106,123] [3,11,29,53,55,62,111,115] [16,17,20,31,40,50,87,121] [29,30,75,77,80,109,111,115] [0,9,53,63,65,80,84,103] [14,20,23,24,28,75,80,115] [2,8,47,56,83,104,120,121] [6,8,13,54,80,104,107,110] [5,22,45,47,63,83,87,114] [5,10,45,52,96,97,104,125] [11,31,44,54,74,82,90,127]
Token   6: [51,53,61,69,70,81,92,93] [20,41,45,53,67,83,91,122] [36,42,64,87,103,116,117,125] [1,11,26,51,73,76,101,124] [0,11,39,83,91,111,113,118] [31,75,80,96,97,111,119,123] [20,54,63,64,66,94,104,127] [31,32,33,44,72,73,82,106] [17,21,27,28,37,44,61,99] [0,45,48,59,66,80,97,99] [7,14,18,30,50,83,91,107] [13,15,58,60,69,90,115,120] [2,18,27,34,68,69,95,126] [32,44,55,68,83,93,106,121] [3,10,19,28,38,53,55,115] [3,23,36,40,50,75,89,121] [1,14,20,24,75,80,105,121] [1,9,14,45,53,82,97,112] [23,63,64,87,89,104,124,127] [31,32,33,44,73,82,100,106] [17,21,44,61,72,90,99,100] [48,66,67,71,76,80,102,111] [7,14,18,30,50,83,85,91] [13,58,60,69,90,92,115,120] [2,4,27,34,46,68,69,95] [25,29,32,44,93,106,107,121] [3,28,38,53,55,57,109,115] [3,16,17,32,40,75,89,121] [1,14,30,80,93,105,113,121] [1,9,45,73,82,89,100,112] [20,54,63,66,87,89,104,127] [31,32,33,44,73,82,100,106] [17,21,44,61,90,99,100,123] [17,66,67,71,76,80,99,111] [7,14,30,83,85,91,94,126] [13,58,60,79,90,102,115,120] [2,4,8,27,46,69,126,127] [25,29,32,44,79,93,106,121] [3,10,28,38,55,66,84,115] [16,31,40,49,50,75,89,121] [1,20,30,48,80,105,115,121] [1,9,14,18,45,73,80,82] [14,21,23,43,65,80,101,115] [4,5,20,37,46,83,104,120] [6,47,56,71,98,104,107,108] [2,27,32,37,45,54,77,114] [5,52,60,63,93,97,101,125] [6,20,34,58,73,74,86,117]
Token   7: [40,47,72,100,102,113,119,127] [21,28,60,70,71,106,108,122] [30,40,72,75,95,99,124,125] [14,37,74,82,103,106,110,124] [11,31,32,48,52,113,115,118] [17,18,22,31,33,37,75,103] [34,53,56,63,70,71,76,104] [8,18,24,45,59,100,106,109] [38,57,65,89,90,99,116,127] [0,2,19,49,80,96,122,125] [3,16,26,57,68,78,85,105] [20,24,59,60,61,90,96,125] [2,15,34,56,65,96,99,105] [0,15,26,28,47,58,78,81] [3,17,48,67,81,100,110,115] [16,40,41,49,52,85,101,120] [24,30,65,80,81,89,105,115] [18,21,33,42,55,82,83,99] [24,26,34,44,63,104,105,116] [24,49,59,62,101,106,109,112] [38,46,65,72,84,101,121,124] [0,9,49,80,96,110,122,125] [26,56,61,68,78,90,98,105] [3,7,23,24,49,54,61,125] [9,15,23,56,65,85,96,99] [0,15,19,26,28,58,78,104] [4,17,48,55,81,86,100,110] [16,41,49,52,59,70,120,127] [39,48,81,83,89,103,105,115] [1,18,21,42,55,78,82,99] [24,26,34,44,53,63,105,126] [8,18,24,59,62,106,109,112] [15,38,46,53,65,72,101,121] [0,10,16,49,96,98,122,125] [16,26,56,68,78,90,98,105] [3,4,23,52,54,59,121,125] [2,21,56,65,73,79,85,96] [20,47,61,78,81,93,104,117] [1,4,19,29,55,81,115,125] [2,26,41,48,49,52,59,89] [5,39,48,65,80,89,105,115] [1,18,55,58,59,72,82,123] [9,14,17,39,56,109,113,115] [37,45,78,83,86,90,104,120] [6,9,16,51,98,104,121,127] [1,18,32,38,52,77,107,114] [4,52,62,97,104,106,119,125] [2,39,46,48,60,65,101,125]
Token   8: [25,28,32,33,37,72,78,124] [4,28,46,61,73,105,122,124] [30,34,36,40,89,91,103,127] [14,17,20,47,79,94,100,110] [7,11,28,30,34,60,70,114] [18,31,35,79,84,93,110,127] [20,63,70,87,94,104,107,111] [7,8,19,32,44,82,106,123] [17,21,22,41,45,53,90,117] [0,2,7,33,49,80,82,96] [3,16,26,47,55,57,68,94] [28,54,56,59,60,65,99,108] [2,21,35,56,64,89,94,123] [26,33,39,45,47,78,81,91] [1,22,26,38,67,81,110,115] [8,16,40,41,46,51,52,93] [5,33,35,65,76,89,105,115] [18,33,37,55,58,75,82,99] [24,34,55,63,70,89,107,126] [8,18,30,56,62,100,109,123] [16,41,53,57,65,72,81,114] [0,10,33,47,49,50,80,122] [16,19,31,36,47,55,57,68] [1,25,54,56,59,65,88,103] [9,21,35,64,71,89,94,123] [26,33,39,47,63,78,81,110] [1,4,14,63,73,81,106,110] [2,8,31,41,52,59,93,127] [5,35,48,62,65,89,105,115] [1,18,55,75,80,82,108,122] [24,34,70,107,112,122,126,127] [33,56,62,75,92,100,109,123] [16,17,35,41,53,57,89,114] [2,31,33,49,80,96,111,122] [16,19,31,36,47,68,85,111] [1,3,25,52,54,56,59,74] [2,21,46,71,94,123,126,127] [33,45,47,63,78,91,106,112] [3,4,14,26,38,55,81,115] [2,31,40,41,51,52,110,127] [5,27,30,46,48,54,105,115] [1,18,26,54,73,81,93,109] [8,9,14,17,30,69,106,113] [31,47,56,75,80,83,120,122] [6,8,9,16,51,59,67,104] [0,23,38,52,76,77,87,95] [1,5,9,76,90,97,106,125] [25,44,46,74,92,93,98,122]
Token   9: [40,51,84,92,99,100,102,119] [30,38,73,84,89,97,117,122] [30,40,49,89,93,99,125,127] [20,79,82,88,94,95,110,124] [11,29,43,52,92,99,114,118] [18,22,31,33,42,84,110,127] [24,34,63,66,70,87,107,111] [8,24,33,44,62,82,106,123] [16,17,21,35,41,45,53,90] [0,7,41,49,80,96,111,125] [16,47,57,68,85,94,103,126] [1,20,54,59,60,65,90,99] [2,9,21,34,64,123,126,127] [32,33,47,78,81,91,92,106] [1,3,32,38,67,81,110,115] [8,16,31,40,41,52,93,120] [24,65,76,80,84,89,105,115] [9,18,42,58,77,82,88,112] [24,34,58,63,89,104,107,127] [8,9,33,59,62,75,100,123] [16,17,53,57,61,72,114,127] [0,2,10,49,80,99,111,122] [7,16,19,31,36,47,55,57] [1,20,30,52,54,59,90,103] [2,9,21,22,46,60,64,71] [33,45,47,61,78,81,92,106] [4,14,32,38,55,63,73,115] [2,16,40,52,75,89,93,127] [1,24,30,48,65,80,105,115] [1,9,18,73,80,82,112,122] [24,63,87,89,104,107,122,127] [8,32,33,44,56,82,106,123] [16,17,22,53,61,90,92,114] [0,7,33,50,80,82,85,111] [16,19,36,57,69,85,94,126] [3,30,52,59,60,90,99,103] [2,8,21,46,71,73,92,127] [33,45,47,78,92,93,106,112] [4,14,15,32,38,55,66,115] [31,32,40,52,75,80,89,117] [1,30,39,48,54,80,105,115] [0,1,18,73,80,81,82,93] [14,17,30,52,69,86,115,126] [5,37,46,56,75,83,104,120] [6,8,9,11,19,47,104,107] [2,5,27,32,45,77,87,114] [1,5,51,52,63,97,101,125] [6,20,44,58,73,82,86,109]
Token  10: [40,43,45,65,72,73,100,102] [18,38,61,70,94,100,122,127] [38,40,57,82,84,85,88,99] [6,49,72,84,94,116,123,124] [11,32,52,76,85,99,106,115] [33,37,59,61,64,66,103,125] [8,34,47,56,63,83,88,105] [18,24,33,49,100,106,109,112] [44,45,65,84,90,116,121,127] [0,2,9,49,80,110,111,125] [16,18,30,61,78,85,90,105] [24,49,54,59,60,61,92,125] [2,15,34,56,79,95,96,99] [6,15,23,28,47,58,78,106] [3,4,17,20,38,48,81,115] [8,10,16,40,52,70,85,101] [8,39,65,73,81,89,115,124] [1,18,19,33,42,82,99,105] [24,34,56,63,88,105,122,126] [3,33,49,59,75,100,112,123] [17,53,65,72,84,114,116,121] [0,9,10,49,80,110,122,125] [16,31,47,56,61,68,90,105] [1,23,24,49,54,59,61,92] [15,21,35,56,64,73,96,99] [15,28,33,47,58,61,78,81] [4,14,17,20,32,48,86,100] [16,40,49,52,70,85,101,127] [39,48,62,65,80,81,115,124] [1,18,21,55,80,82,105,118] [24,34,56,63,105,107,122,126] [18,33,49,75,100,106,112,123] [17,53,65,72,84,90,114,121] [0,9,13,16,80,110,111,125] [16,50,56,61,68,69,78,105] [1,3,23,24,49,54,61,125] [2,15,21,23,73,79,96,99] [15,23,26,28,58,78,106,118] [3,4,32,55,81,86,104,115] [31,40,49,52,59,70,85,127] [39,48,54,73,80,81,115,124] [19,21,42,48,55,69,80,105] [24,31,32,64,80,113,114,115] [31,37,77,78,83,88,100,104] [6,16,47,53,73,90,102,104] [22,27,38,52,82,87,101,114] [5,34,38,52,60,97,98,118] [20,44,57,73,74,77,86,109]
Token  11: [14,21,50,51,57,103,106,110] [3,6,9,28,33,62,95,122] [12,36,41,84,90,100,122,125] [4,5,39,71,87,95,115,123] [7,11,34,50,56,58,67,83] [18,31,47,51,68,103,105,119] [23,46,56,63,104,112,116,126] [33,44,48,73,82,94,100,106] [35,36,44,67,86,90,109,127] [0,9,32,65,80,98,102,122] [18,29,30,50,69,78,91,113] [48,54,60,67,69,109,115,125] [2,15,34,65,73,79,95,115] [6,23,28,66,83,91,106,118] [3,16,48,53,55,69,90,109] [6,16,17,40,72,85,99,103] [14,55,80,81,114,115,119,124] [1,2,19,77,90,93,99,103] [34,56,58,63,64,83,104,105] [3,33,49,75,82,100,106,112] [44,65,72,84,114,116,121,127] [0,9,13,80,98,110,122,125] [50,56,61,69,78,90,98,105] [3,23,24,49,54,60,61,125] [15,23,34,65,73,79,96,99] [15,26,28,58,82,104,106,118] [3,4,16,17,48,53,69,105] [16,17,40,70,72,75,99,120] [1,14,30,39,80,81,84,119] [1,21,66,78,82,83,90,103] [34,46,56,63,64,83,104,126] [3,33,44,75,82,94,106,112] [44,45,65,67,86,109,114,127] [32,65,80,84,98,102,111,125] [18,29,30,50,69,78,90,98] [3,23,54,60,69,85,109,125] [2,23,24,65,73,79,102,114] [23,66,68,82,83,98,106,118] [3,16,53,55,69,90,105,115] [9,16,31,40,61,72,103,120] [12,30,43,55,80,105,115,119] [2,9,35,66,78,80,90,103] [14,18,23,27,80,93,102,115] [6,29,36,46,65,87,100,104] [6,14,20,27,48,69,98,104] [22,27,32,45,58,70,114,123] [52,55,60,63,68,101,115,117] [36,47,66,86,88,120,123,124]
Token  12: [28,36,51,83,87,112,124,125] [9,16,29,45,48,67,68,122] [4,23,36,42,67,76,100,125] [4,12,20,70,73,92,112,114] [5,7,11,27,38,50,56,60] [10,63,74,87,93,103,110,115] [20,46,63,87,104,111,116,118] [2,32,33,44,73,82,100,106] [15,20,35,43,44,86,90,127] [32,35,59,65,66,68,80,102] [10,18,30,50,91,95,103,109] [8,16,22,42,48,53,60,69] [0,2,14,17,26,34,114,115] [10,40,41,57,82,83,91,106] [3,16,53,55,60,69,102,109] [16,17,31,32,40,72,82,126] [1,14,30,60,80,84,110,114] [46,64,77,82,93,94,100,103] [22,46,63,64,103,104,116,124] [9,32,33,44,82,94,100,106] [20,40,44,45,67,86,90,123] [17,32,35,66,68,80,102,111] [18,23,30,50,69,98,103,109] [8,18,22,42,53,60,96,99] [0,2,14,25,26,34,73,115] [18,41,57,82,91,104,106,112] [3,16,53,55,60,69,102,109] [6,16,32,40,58,72,82,120] [1,50,60,80,84,94,108,110] [15,46,64,66,78,82,94,103] [34,46,56,63,66,104,116,118] [33,44,56,73,82,94,100,106] [20,44,45,67,72,86,90,127] [32,35,57,65,68,80,102,111] [18,23,30,41,50,69,103,108] [22,42,53,60,69,85,89,115] [2,14,25,26,34,42,73,115] [10,18,41,57,76,82,91,106] [3,16,53,55,60,69,80,102] [9,16,31,40,60,61,72,120] [55,60,80,84,94,108,110,115] [15,36,46,52,64,78,103,122] [8,23,24,49,73,80,90,125] [12,19,49,80,100,104,121,125] [6,11,23,45,88,98,99,104] [17,22,26,45,46,76,112,114] [5,29,30,39,52,81,104,105] [15,21,35,74,95,111,121,127]
Token  13: [0,16,51,53,70,97,104,120] [20,24,34,62,76,86,107,122] [10,14,81,87,100,107,116,125] [12,13,25,32,61,76,89,105] [0,11,23,25,38,73,74,124] [31,47,68,74,80,97,107,119] [14,46,56,63,64,111,115,116] [33,44,60,82,87,94,100,106] [15,36,44,45,64,86,90,127] [0,32,45,65,68,80,94,102] [14,18,30,50,69,103,108,113] [8,48,60,67,69,86,89,115] [26,34,42,53,73,79,85,115] [21,43,44,75,82,83,98,106] [3,29,53,55,63,69,79,80] [6,16,17,26,40,50,60,79] [7,14,15,40,60,80,84,122] [13,15,52,53,77,88,94,103] [39,46,56,58,63,64,104,116] [33,44,59,82,87,94,100,106] [36,44,45,64,72,86,114,127] [0,2,32,65,68,80,94,111] [14,18,30,50,69,98,103,113] [20,48,60,63,69,82,89,115] [2,34,42,53,73,79,102,115] [21,44,75,78,82,83,98,106] [3,38,53,55,57,69,80,109] [6,16,17,40,58,60,82,120] [1,14,30,40,60,80,84,114] [9,15,52,53,77,82,83,103] [22,46,58,63,64,89,104,116] [32,33,44,82,87,94,100,106] [17,44,45,64,67,72,86,90] [17,68,76,80,94,97,102,111] [18,30,50,69,91,98,108,113] [8,20,60,69,85,86,89,115] [2,34,42,53,73,95,102,115] [10,21,44,75,76,82,98,106] [3,29,38,53,55,69,79,80] [16,17,31,40,50,60,61,120] [7,15,40,60,80,84,115,127] [9,15,52,53,78,80,103,117] [23,24,37,59,73,74,80,125] [8,43,46,49,81,100,104,120] [6,37,39,45,54,80,98,104] [20,22,45,46,63,80,112,114] [39,52,55,63,82,84,105,124] [10,27,32,35,52,71,90,95]
Token  14: [3,28,29,62,77,80,111,126] [11,45,62,76,78,86,114,122] [23,36,42,72,115,119,121,125] [1,11,20,25,76,101,105,119] [0,7,11,34,39,40,74,97] [1,30,55,80,97,103,119,122] [46,63,64,89,104,111,115,116] [31,33,44,82,87,94,100,106] [24,27,44,45,55,86,90,108] [0,32,62,68,80,94,97,102] [14,18,30,50,69,91,95,120] [8,60,68,69,86,97,115,120] [2,34,53,67,80,95,102,115] [24,31,44,68,75,82,95,106] [3,7,9,29,55,62,69,109] [6,16,17,40,50,79,99,120] [1,14,80,84,111,114,115,123] [9,53,65,77,78,84,103,107] [22,34,46,56,63,64,104,115] [33,44,59,82,87,94,100,106] [40,44,45,55,72,86,90,127] [0,17,62,68,80,94,102,111] [7,18,30,50,69,91,95,120] [20,31,48,60,68,69,89,97] [2,27,34,53,67,73,102,115] [24,44,49,68,82,91,98,106] [3,9,38,55,62,69,101,109] [6,17,40,61,63,79,98,120] [1,14,30,80,111,114,123,127] [9,53,62,65,77,82,84,103] [22,34,46,63,89,104,115,116] [21,33,44,82,87,94,100,106] [24,32,44,45,55,72,86,114] [0,17,68,76,80,94,102,111] [7,18,30,50,69,91,113,120] [48,60,68,85,86,89,115,120] [2,27,34,53,73,95,102,115] [24,44,49,68,75,91,95,106] [3,4,29,38,55,62,69,109] [16,17,20,31,40,50,71,120] [14,29,30,77,80,111,115,127] [53,65,77,78,80,82,84,103] [20,23,24,28,75,80,115,117] [5,8,46,47,100,104,120,121] [3,6,13,29,80,98,104,110] [5,20,22,45,47,83,87,114] [5,10,45,52,55,68,104,125] [11,31,44,54,74,90,112,127]
Token  15: [0,31,61,69,81,93,101,107] [26,45,60,62,83,91,98,122] [62,68,92,116,117,121,123,125] [1,11,20,25,93,99,106,119] [0,7,11,39,89,91,102,111] [30,31,35,55,80,97,111,119] [22,46,63,64,89,104,115,116] [5,33,44,72,82,94,100,106] [27,28,44,45,55,67,86,99] [17,62,68,76,80,84,102,105] [7,14,18,29,50,83,84,91] [13,15,53,58,69,86,115,120] [4,34,47,69,85,95,112,115] [13,24,31,44,68,85,106,121] [3,28,29,55,69,84,101,109] [3,6,17,34,40,50,100,120] [1,20,80,84,114,121,123,127] [5,14,30,45,77,97,103,107] [22,46,63,64,89,104,116,124] [5,33,44,72,82,94,100,106] [27,32,37,44,45,86,90,99] [17,24,43,68,76,80,102,105] [7,14,18,50,69,91,116,120] [13,58,60,85,86,90,96,115] [2,27,34,47,69,95,115,120] [44,55,82,85,91,106,107,121] [3,38,53,55,57,69,101,109] [3,6,17,34,40,63,75,100] [1,14,30,80,84,114,121,127] [1,5,9,30,45,77,82,103] [22,46,63,89,104,115,116,124] [33,44,72,82,88,94,100,106] [28,32,37,45,67,86,99,100] [17,68,76,80,85,102,105,111] [14,18,30,50,63,69,91,94] [13,58,60,85,86,90,96,115] [2,4,27,34,36,69,95,115] [55,68,79,85,93,106,107,121] [3,28,38,55,57,69,84,101] [3,17,34,40,50,89,100,120] [1,20,30,80,105,115,121,127] [1,14,30,45,77,80,97,121] [14,23,55,80,101,115,117,119] [4,5,36,46,58,100,104,120] [6,29,54,69,71,98,104,108] [2,22,27,45,71,114,117,127] [52,55,63,67,68,77,117,125] [32,34,55,58,74,86,112,117]
Token  16: [22,33,64,75,87,91,101,110] [9,13,28,60,63,71,122,126] [4,12,36,42,46,60,64,104] [24,30,70,73,74,80,100,106] [5,7,11,51,57,60,70,102] [0,20,55,75,87,115,119,122] [14,46,63,89,103,104,111,116] [5,32,33,44,82,94,100,106] [32,35,37,44,45,86,100,104] [7,17,35,41,68,76,80,102] [18,33,40,50,82,85,91,103] [46,60,62,85,94,97,100,122] [2,14,34,36,61,95,102,115] [2,40,68,85,87,106,109,112] [3,15,29,38,57,60,69,109] [6,17,32,40,54,63,100,120] [1,14,28,30,80,84,108,127] [9,26,30,36,65,77,82,103] [14,22,46,63,89,103,104,116] [5,21,33,44,82,94,100,106] [32,40,45,67,86,90,100,104] [7,17,24,35,68,76,80,102] [7,18,33,50,82,91,95,124] [18,42,43,60,85,94,97,100] [2,4,14,27,34,36,61,102] [57,62,68,87,106,109,112,123] [3,15,38,55,57,60,69,71] [6,17,32,40,54,100,120,126] [1,14,30,44,80,84,108,127] [0,9,36,65,77,81,82,103] [14,22,46,58,63,89,104,116] [5,21,33,44,82,94,100,106] [27,32,35,44,45,55,86,100] [7,17,35,41,68,76,80,102] [15,18,33,50,69,82,91,124] [25,42,60,85,94,97,100,115] [0,2,4,14,34,61,73,102] [57,62,68,85,87,106,112,123] [3,15,38,55,60,61,69,71] [17,20,30,31,32,40,54,107] [29,30,44,54,77,108,115,127] [0,9,36,63,65,77,82,121] [23,24,49,55,75,80,115,126] [8,46,56,68,75,100,120,121] [3,6,11,29,80,98,104,110] [5,12,22,45,47,83,87,114] [5,10,45,52,55,68,104,117] [11,15,31,44,74,82,112,127]
Token  17: [31,32,53,61,69,93,120,122] [2,25,45,52,63,83,91,122] [12,65,68,104,116,117,123,125] [1,20,25,89,93,100,101,106] [0,7,11,63,79,91,102,111] [30,55,97,100,103,111,119,125] [14,46,56,63,89,104,115,116] [5,33,44,72,82,94,100,106] [27,28,44,45,55,86,90,99] [17,43,68,76,80,84,102,105] [7,14,18,26,50,83,91,123] [13,58,60,86,90,104,115,120] [2,4,34,69,85,102,115,126] [44,68,79,85,91,95,106,121] [3,28,38,55,57,69,101,125] [3,17,34,40,45,50,100,120] [14,20,80,84,90,114,121,127] [1,7,9,45,61,77,78,103] [22,46,56,63,96,104,115,116] [33,44,72,82,88,94,100,106] [27,32,44,45,55,72,86,90] [17,43,62,68,76,80,102,111] [7,14,18,50,69,84,91,98] [13,20,58,60,89,90,115,120] [2,4,27,34,69,73,102,115] [44,79,85,91,95,106,117,121] [3,4,38,55,69,101,109,125] [3,17,30,34,40,45,63,100] [1,14,80,84,90,114,121,127] [1,5,45,61,77,80,82,103] [22,46,58,63,89,104,115,116] [19,33,44,72,82,94,100,106] [32,45,55,67,72,86,99,114] [17,68,76,80,85,102,105,111] [14,18,40,50,63,69,91,94] [13,58,60,72,85,90,115,120] [2,4,27,36,69,73,115,126] [0,32,68,79,93,106,117,121] [3,4,38,55,69,84,101,125] [16,30,31,34,40,45,50,100] [20,30,54,80,90,115,121,127] [5,14,45,61,77,80,82,97] [23,65,75,80,101,108,115,117] [4,46,58,65,66,100,104,120] [6,16,29,46,54,71,98,104] [20,22,45,50,54,71,87,114] [5,27,52,55,67,68,77,117] [32,34,44,55,58,74,112,117]
Token  18: [11,16,72,85,100,101,114,119] [21,37,60,63,75,89,106,122] [16,36,45,65,78,101,111,125] [1,25,37,81,93,101,103,106] [2,7,11,30,57,63,96,102] [18,30,55,71,97,103,114,119] [13,56,58,63,89,104,115,116] [9,33,44,58,82,94,100,106] [32,44,45,55,67,72,86,99] [0,17,51,62,68,80,85,102] [7,18,40,50,69,83,91,99] [45,58,60,90,94,102,115,120] [2,4,34,36,54,95,115,126] [32,47,61,66,68,79,91,106] [3,38,55,67,68,69,119,125] [3,17,30,34,40,45,88,100] [1,14,30,80,84,90,114,127] [1,5,7,44,53,77,82,114] [22,46,63,96,104,115,116,124] [8,33,44,58,82,94,100,106] [32,44,45,55,67,72,86,90] [17,62,68,76,80,85,102,111] [7,16,18,50,63,69,91,94] [52,53,58,60,72,85,90,115] [2,4,8,27,34,64,115,127] [29,47,78,79,92,103,106,117] [3,38,55,68,69,98,109,125] [17,29,32,40,45,75,89,120] [1,14,30,54,80,90,114,127] [5,7,22,44,57,77,80,82] [22,46,58,63,96,104,115,116] [21,32,33,44,82,94,100,106] [32,45,67,77,86,90,102,123] [17,62,68,80,85,100,102,111] [7,16,18,50,58,63,91,94] [45,53,60,72,85,90,96,99] [2,4,27,34,36,64,73,127] [0,32,47,78,93,103,106,117] [3,55,66,67,68,69,98,119] [17,29,30,40,45,50,75,89] [0,1,30,54,80,90,106,112] [5,7,44,57,73,77,80,82] [14,23,58,71,80,99,108,117] [20,46,58,66,68,100,104,115] [6,29,39,46,98,104,108,111] [4,20,45,50,71,91,95,114] [16,27,63,68,76,93,104,125] [3,53,58,76,87,102,104,112]
Token  19: [7,58,72,85,88,109,117,121] [1,27,37,60,63,65,89,122] [12,16,45,60,81,107,111,127] [28,37,81,91,100,103,106,126] [7,11,30,52,57,63,81,101] [17,25,37,59,64,74,103,110] [34,53,56,63,70,71,76,104] [18,24,45,82,100,106,109,112] [38,44,45,65,67,90,116,127] [0,2,19,49,80,96,102,122] [16,18,26,47,56,78,105,116] [24,28,30,49,54,60,61,125] [2,9,15,56,65,96,99,105] [0,15,19,23,26,28,58,78] [1,17,20,57,67,81,100,110] [16,41,49,59,70,91,101,120] [65,73,80,81,83,89,105,115] [1,18,21,33,42,55,82,83] [24,26,34,47,63,71,104,116] [24,28,49,62,82,106,109,112] [38,45,46,65,72,84,101,121] [0,9,10,49,80,110,122,125] [26,56,58,61,68,78,90,98] [3,7,21,23,24,28,96,125] [9,15,56,64,65,85,96,99] [15,19,26,28,58,78,103,104] [4,17,55,81,86,100,107,110] [16,49,59,70,75,101,120,127] [39,80,81,83,87,89,105,115] [1,18,21,55,75,82,88,93] [24,26,34,47,53,63,71,83] [9,18,24,59,82,106,109,112] [9,15,22,38,46,65,72,101] [10,49,69,87,96,114,122,125] [16,26,56,68,78,98,105,116] [3,4,21,23,64,96,121,125] [2,4,56,64,65,85,92,96] [0,20,61,67,93,104,112,117] [1,12,55,67,68,69,119,125] [28,29,30,45,49,63,106,110] [0,1,30,54,90,101,106,115] [5,7,11,44,50,57,77,80] [23,52,58,80,99,108,111,117] [0,5,46,58,66,100,115,122] [3,6,16,29,46,104,108,111] [29,50,65,87,91,95,99,114] [5,27,32,68,76,94,104,125] [4,44,53,87,92,102,107,112]
Token  20: [35,52,57,76,109,117,123,127] [27,37,46,60,63,89,103,122] [29,42,45,48,64,65,101,103] [25,67,81,93,100,101,103,106] [7,11,16,57,63,89,96,102] [18,20,55,71,97,103,110,112] [17,63,87,89,104,111,115,116] [24,32,33,44,82,94,100,106] [32,44,45,67,72,86,108,123] [7,17,62,68,76,80,85,102] [4,7,18,40,50,63,91,94] [45,50,53,59,60,90,94,102] [2,4,34,36,54,95,126,127] [29,47,61,67,91,92,103,106] [3,38,55,67,68,69,86,125] [16,17,34,40,45,75,87,100] [0,1,48,76,80,90,114,115] [1,5,18,50,57,77,82,114] [13,26,58,63,96,104,115,116] [24,33,44,59,82,94,100,123] [32,45,53,72,77,87,90,114] [0,2,17,76,80,82,85,100] [4,7,16,18,40,50,63,69] [20,30,52,59,60,72,90,102] [2,4,9,34,46,64,95,126] [29,45,47,67,78,103,106,117] [1,3,4,38,55,68,69,125] [17,29,40,45,75,87,89,100] [0,1,14,30,76,90,114,127] [1,5,7,50,57,77,80,82] [13,17,58,63,87,104,115,122] [33,44,56,59,82,94,100,123] [32,45,53,72,77,86,90,114] [0,17,68,80,82,85,100,111] [4,7,16,18,27,63,69,94] [30,45,53,59,60,72,90,95] [2,4,36,64,73,117,126,127] [0,8,45,47,67,93,106,117] [1,3,55,67,68,69,98,119] [16,29,30,31,40,45,63,100] [0,1,30,54,80,90,101,115] [5,7,11,50,57,77,80,82] [12,23,52,58,80,86,108,117] [0,5,46,58,66,100,104,115] [6,16,29,46,58,98,104,108] [50,64,71,87,91,95,99,114] [5,16,27,32,63,68,94,104] [3,4,44,53,87,102,107,112]
Token  21: [35,46,52,57,76,117,123,127] [18,25,27,52,63,89,109,122] [12,29,42,45,60,64,65,104] [20,25,28,74,81,100,104,106] [7,11,37,51,53,57,60,70] [18,20,55,84,93,110,112,119] [20,46,63,87,89,104,111,124] [1,32,33,44,82,94,100,106] [35,44,45,67,86,87,88,123] [7,17,67,68,76,80,100,102] [4,7,18,27,30,63,91,94] [43,53,60,90,94,97,99,102] [2,4,8,27,34,46,115,127] [8,40,67,91,92,106,112,117] [3,15,38,53,57,68,69,115] [3,17,29,32,40,45,75,89] [0,1,14,80,84,93,101,106] [1,7,50,57,77,82,100,103] [17,22,46,63,64,87,104,116] [32,33,44,73,82,94,100,106] [22,44,45,67,77,86,90,123] [7,17,68,80,82,100,102,111] [4,7,18,30,63,69,91,94] [53,59,60,72,90,99,100,102] [2,4,14,27,34,64,115,127] [45,61,67,92,104,106,112,117] [1,3,38,53,68,69,98,115] [6,17,29,32,40,45,75,89] [0,1,14,80,84,90,106,114] [1,5,7,50,57,73,77,82] [17,22,46,63,87,104,107,115] [32,33,44,56,82,94,100,106] [32,44,45,53,67,77,86,123] [7,17,68,80,85,100,102,111] [4,7,13,16,18,27,63,94] [45,53,59,60,72,90,95,99] [2,4,8,27,64,115,117,127] [32,45,67,93,103,106,112,117] [1,66,67,68,69,98,109,125] [29,32,40,45,63,75,89,125] [0,1,30,80,90,106,112,126] [5,7,34,50,57,73,77,82] [3,30,43,58,80,99,108,117] [5,20,46,58,66,68,100,104] [6,14,27,58,63,98,104,108] [43,45,50,64,65,99,114,117] [14,18,27,32,63,76,119,125] [3,4,8,53,87,102,107,113]
Token  22: [24,27,52,76,88,117,121,127] [13,25,27,37,52,60,63,122] [27,29,36,60,64,65,101,104] [19,20,25,60,74,93,101,103] [7,11,16,51,57,60,100,126] [9,18,20,55,71,103,110,112] [17,20,46,63,104,111,115,116] [1,32,33,44,82,94,100,106] [30,32,44,45,86,87,108,123] [7,17,68,76,80,85,100,102] [4,7,12,18,27,63,91,94] [45,53,56,60,94,95,97,100] [2,4,7,8,34,36,115,127] [8,31,47,89,91,92,106,112] [2,3,15,23,38,53,68,69] [17,32,40,45,54,75,100,120] [0,1,14,80,84,90,108,114] [1,5,11,36,50,57,77,101] [17,22,46,63,87,104,115,116] [31,33,44,48,82,94,100,106] [30,32,44,45,77,86,87,90] [7,17,68,76,80,100,102,111] [2,4,13,18,27,40,69,98] [30,45,53,56,60,94,95,100] [2,4,8,27,34,36,64,127] [8,31,47,67,91,103,106,112] [3,15,38,55,68,69,109,125] [17,32,40,75,87,89,100,120] [0,1,13,14,80,90,113,127] [11,50,57,73,77,80,82,92] [17,22,58,63,87,104,115,122] [24,33,44,59,82,100,106,123] [30,32,45,53,72,86,87,114] [17,68,76,80,85,100,102,111] [4,18,27,40,63,69,91,94] [30,45,53,56,60,94,95,100] [2,4,7,36,64,73,115,127] [8,31,47,91,103,106,112,127] [2,3,4,15,38,55,68,69] [2,30,31,32,40,63,75,100] [0,1,13,30,54,80,90,115] [0,50,57,63,77,78,80,81] [14,23,24,52,69,80,117,126] [46,47,53,66,100,120,121,122] [6,16,29,64,70,94,104,110] [5,22,45,50,71,87,95,99] [1,5,27,32,57,68,71,125] [4,14,44,74,87,92,107,112]
Token  23: [17,45,52,65,98,100,102,120] [18,32,63,70,94,122,125,127] [30,53,65,82,87,88,99,123] [19,25,31,73,86,93,101,111] [11,52,73,78,79,85,92,106] [18,33,42,55,59,71,104,109] [34,63,71,76,89,104,115,116] [8,24,33,44,82,94,100,109] [32,44,45,53,72,86,102,127] [0,2,17,51,62,76,80,85] [4,16,18,40,50,57,73,98] [26,45,52,53,59,60,94,120] [4,7,8,21,36,54,65,126] [31,33,47,78,80,91,103,106] [1,3,38,55,67,69,109,125] [16,31,40,49,52,87,89,100] [10,30,76,90,103,105,114,115] [5,7,18,50,55,77,82,123] [26,34,44,58,63,96,115,116] [8,24,33,56,58,59,100,123] [22,32,41,45,53,72,93,102] [0,2,17,49,55,82,85,100] [4,16,40,47,50,57,69,73] [14,30,45,52,53,94,95,103] [4,8,21,41,54,64,126,127] [0,31,35,45,47,78,80,103] [1,3,4,38,55,69,110,125] [16,29,32,45,52,87,93,100] [1,14,30,42,76,90,97,127] [16,18,50,77,80,82,99,123] [26,39,58,63,96,104,115,116] [8,9,33,44,58,59,94,100] [32,45,53,72,87,90,93,102] [0,2,17,51,55,76,85,100] [4,16,18,57,58,63,68,69] [45,52,53,59,72,94,95,100] [2,4,8,34,36,41,126,127] [31,35,47,78,91,103,106,117] [1,3,55,67,69,98,119,125] [16,29,30,31,40,45,52,83] [30,48,54,76,90,112,115,127] [5,7,11,50,72,77,80,82] [21,23,30,39,47,80,108,117] [18,46,53,58,66,68,100,120] [6,16,25,29,46,57,64,70] [29,45,50,52,71,91,95,99] [27,32,38,68,76,77,94,123] [3,58,73,76,87,107,109,112]
Token  24: [11,16,46,72,85,100,114,119] [22,32,63,70,106,119,122,127] [2,16,45,65,78,95,99,123] [17,19,25,86,93,101,102,111] [11,51,52,57,73,75,92,96] [33,42,55,59,79,104,109,112] [34,35,58,63,89,104,111,115] [8,9,24,33,44,59,100,109] [21,38,45,72,85,86,102,127] [0,2,17,55,62,71,80,85] [16,18,40,50,57,69,73,91] [20,26,30,45,53,59,60,94] [2,4,8,21,36,64,65,89] [31,33,47,78,80,91,103,106] [1,3,38,67,68,69,110,125] [11,16,40,45,52,87,89,100] [39,65,76,89,90,105,114,115] [5,7,18,50,55,77,82,123] [34,35,58,63,87,96,115,116] [8,24,33,44,58,59,100,123] [22,32,45,53,66,72,77,102] [0,17,49,55,82,85,98,100] [4,16,47,50,57,69,73,90] [26,30,45,52,53,72,81,103] [4,8,21,41,46,54,64,126] [31,35,47,78,80,91,103,117] [1,3,4,38,68,69,121,125] [17,29,30,32,40,45,52,100] [1,14,30,76,90,103,113,127] [5,7,34,50,57,77,82,99] [22,35,39,63,96,104,115,116] [8,33,44,56,58,82,94,100] [30,32,45,53,67,77,90,102] [2,17,23,76,80,85,100,111] [7,16,18,57,58,63,91,94] [45,52,53,60,72,81,90,95] [2,4,8,21,34,41,64,126] [31,35,47,78,93,103,106,117] [3,55,66,67,68,69,98,125] [17,29,30,40,45,50,52,75] [1,30,54,76,80,90,112,127] [5,7,44,50,57,73,77,82] [3,23,58,80,87,108,112,117] [46,53,58,66,100,104,115,120] [3,6,29,46,57,98,104,108] [24,30,45,50,54,71,114,117] [16,27,32,63,68,76,93,125] [3,4,53,76,87,102,107,112]
Token  25: [32,35,46,57,58,72,109,123] [1,18,32,37,44,52,63,122] [2,12,48,60,94,103,111,127] [17,25,28,72,74,81,86,94] [7,11,19,57,64,73,92,96] [18,20,55,99,100,109,112,119] [22,63,87,96,104,111,115,116] [33,36,44,58,82,94,100,106] [21,22,32,45,72,77,86,102] [2,17,62,63,68,80,82,85] [4,7,16,18,59,63,91,94] [53,59,60,72,81,90,95,120] [4,8,27,34,41,47,64,127] [31,35,47,67,91,92,103,106] [1,3,38,67,68,69,123,125] [17,29,40,45,50,63,89,100] [0,76,80,84,90,93,106,114] [1,3,7,44,57,77,82,123] [46,58,63,87,96,104,115,116] [33,44,56,58,82,94,100,123] [30,32,45,53,72,77,86,102] [0,2,17,50,68,80,85,100] [4,7,12,16,50,63,67,94] [30,45,53,60,72,81,90,103] [2,4,8,34,46,64,126,127] [31,35,47,67,92,103,106,117] [1,3,38,67,69,98,109,125] [17,29,32,40,45,63,75,89] [0,1,14,30,80,84,90,127] [1,7,22,44,50,57,77,82] [17,22,46,63,96,104,115,116] [21,32,33,44,82,94,100,106] [32,45,55,67,77,86,87,102] [17,68,76,80,85,100,102,111] [4,7,12,18,58,63,91,94] [45,53,60,72,90,95,96,99] [2,4,8,27,34,41,64,127] [0,31,32,67,93,103,106,117] [3,55,66,67,68,69,98,109] [17,29,30,40,45,50,75,89] [0,1,30,54,76,80,84,90] [7,11,44,50,57,73,77,82] [3,23,43,58,80,87,108,117] [20,46,53,58,66,100,104,120] [6,29,44,46,69,98,104,108] [2,30,45,50,93,99,114,117] [27,32,63,68,76,93,94,125] [3,4,8,53,76,87,102,107]
Token  26: [30,52,76,88,109,117,121,127] [1,27,32,37,52,63,65,122] [12,29,42,48,60,64,65,104] [17,19,25,28,60,69,100,125] [2,7,11,16,30,57,60,96] [18,23,55,71,91,109,110,112] [17,43,63,87,104,111,115,116] [32,33,36,44,82,94,106,125] [21,30,32,45,55,83,86,87] [2,17,53,68,80,82,85,100] [4,7,18,27,50,58,63,94] [36,45,53,59,60,72,81,95] [4,7,8,34,36,64,94,127] [8,31,35,47,67,91,106,112] [1,3,38,68,69,109,123,125] [17,32,40,45,89,100,106,120] [0,1,54,76,80,84,90,114] [1,11,18,50,57,77,82,88] [17,58,63,87,96,104,115,116] [33,44,58,82,94,100,123,125] [30,32,45,53,72,77,102,114] [2,17,62,68,76,80,85,100] [4,7,18,27,50,63,69,94] [30,45,53,56,60,72,81,95] [2,4,8,34,36,46,64,127] [8,31,47,67,91,103,106,112] [1,3,15,55,68,69,109,125] [0,17,29,32,40,45,63,106] [0,1,30,54,76,90,97,113] [5,11,50,57,73,77,82,123] [17,58,63,87,96,104,115,116] [33,44,58,59,82,94,100,123] [30,32,45,72,77,87,90,102] [11,17,53,68,80,85,96,100] [4,18,27,50,58,63,69,91] [14,45,53,56,60,72,81,95] [2,4,34,36,41,64,126,127] [8,31,35,47,67,91,106,112] [2,15,16,55,61,69,94,98] [17,30,32,40,63,75,100,106] [0,1,34,46,54,76,90,115] [11,50,57,77,80,81,82,100] [23,24,47,52,69,87,116,117] [10,53,66,96,99,100,115,122] [6,11,16,29,70,102,104,108] [41,45,50,67,71,86,95,99] [17,27,32,63,68,76,93,125] [4,44,46,58,74,92,107,112]
Token  27: [17,45,52,65,98,100,102,120] [31,32,70,96,108,122,125,127] [30,49,53,65,82,87,99,123] [25,45,84,86,93,101,111,125] [7,11,19,73,92,96,108,126] [9,33,42,59,91,104,109,112] [13,22,35,63,104,111,115,124] [24,33,44,79,82,88,94,100] [30,32,45,53,66,72,102,108] [0,2,17,55,76,80,85,100] [4,16,18,27,57,63,90,94] [30,31,45,53,60,72,90,95] [4,8,21,34,41,54,126,127] [8,31,33,47,78,91,103,106] [1,2,3,67,68,69,92,125] [17,29,32,40,45,52,89,106] [1,14,35,39,90,105,106,127] [1,7,44,50,57,77,82,118] [17,35,63,89,96,104,115,126] [8,33,44,58,82,88,94,100] [30,32,45,53,72,77,86,102] [0,2,17,68,76,80,85,100] [4,7,16,27,50,57,63,94] [25,30,45,52,53,72,90,95] [2,4,8,27,34,61,64,127] [8,31,35,47,78,103,106,117] [1,3,4,38,67,68,69,109] [17,29,40,45,52,75,89,106] [0,1,14,30,54,76,80,90] [7,22,57,77,80,82,99,105] [17,46,58,63,96,104,115,116] [21,33,44,59,82,88,94,106] [30,32,45,53,55,86,90,102] [2,17,68,80,85,100,102,111] [4,7,16,18,27,57,63,91] [45,52,53,56,60,72,81,95] [2,4,8,41,64,66,126,127] [0,31,35,78,93,103,106,117] [1,2,55,67,69,98,109,125] [29,30,40,45,50,52,75,106] [1,54,76,80,90,106,112,115] [7,11,50,57,73,77,80,82] [14,23,47,69,80,99,108,117] [10,20,58,66,75,99,100,115] [6,16,29,46,98,104,108,111] [38,45,50,71,90,92,95,99] [27,32,63,68,76,77,94,125] [28,58,71,76,87,107,109,118]
Token  28: [11,16,46,72,85,100,114,119] [22,32,63,64,96,119,122,127] [16,29,45,65,78,89,95,123] [17,19,25,45,84,86,93,102] [11,19,52,63,73,92,96,126] [18,25,59,64,97,99,109,112] [13,35,47,63,71,104,107,115] [9,24,33,59,82,94,100,109] [38,45,53,57,65,72,90,102] [0,2,17,19,49,55,80,85] [16,18,26,47,57,58,63,68] [28,30,53,59,60,72,90,95] [2,4,8,34,56,64,65,127] [8,28,40,58,91,103,106,112] [3,20,53,57,68,69,110,115] [6,16,17,32,40,45,89,106] [0,14,75,80,84,105,114,115] [1,7,18,33,50,57,77,103] [56,63,64,87,104,107,115,124] [32,33,44,82,94,100,106,112] [30,32,44,45,53,65,77,86] [0,17,62,76,80,85,100,111] [4,16,18,27,63,69,94,98] [21,53,60,72,95,96,99,125] [2,4,34,36,61,64,65,127] [8,31,67,91,104,106,112,117] [1,3,38,53,67,68,69,115] [17,29,32,40,45,58,89,106] [0,1,10,14,80,90,106,114] [1,7,50,57,72,77,82,88] [63,87,89,104,107,115,116,124] [19,33,44,56,59,82,94,100] [30,32,45,53,67,77,86,102] [2,7,17,68,80,85,100,111] [4,7,12,16,18,27,63,94] [45,53,56,72,90,95,96,99] [2,4,8,33,34,41,64,127] [0,31,35,92,93,106,112,117] [1,2,67,68,69,98,109,125] [29,30,40,45,50,63,75,106] [0,1,30,54,80,84,90,106] [5,7,44,50,57,77,82,105] [14,23,43,71,80,99,108,117] [5,52,58,66,68,100,104,115] [6,25,29,46,98,104,108,111] [45,50,65,71,91,99,114,116] [16,27,32,76,77,94,103,125] [3,4,8,48,53,76,87,102]
Token  29: [7,32,46,58,88,109,117,121] [1,27,32,44,65,97,104,122] [25,29,48,60,89,95,103,111] [19,25,28,49,81,86,111,126] [2,11,16,30,57,92,96,126] [18,55,99,103,109,110,112,119] [17,47,63,71,104,111,115,124] [9,24,33,44,82,94,100,106] [30,38,45,67,77,86,102,108] [0,2,17,68,76,80,85,100] [4,16,18,26,27,58,63,94] [3,31,53,59,60,72,95,99] [2,4,8,49,54,61,75,117] [8,20,67,91,103,106,112,117] [42,67,69,78,92,110,115,125] [17,25,29,32,34,40,89,106] [0,10,35,48,76,80,82,115] [1,3,7,44,57,61,77,82] [63,87,89,96,104,107,115,124] [32,33,40,44,45,82,94,106] [17,30,32,45,53,77,92,124] [0,2,17,51,69,80,85,100] [4,12,27,63,92,94,118,126] [3,53,56,60,72,81,95,120] [4,8,27,34,54,61,64,127] [8,35,67,92,93,103,106,117] [1,2,3,38,67,69,98,109] [17,26,29,32,40,45,63,89] [0,1,24,30,54,76,80,97] [7,22,44,57,61,73,77,82] [17,58,63,87,96,104,115,116] [7,21,33,44,56,82,94,106] [30,32,45,67,77,86,90,102] [2,17,67,68,80,85,100,102] [4,7,12,18,27,63,91,94] [45,53,56,60,72,90,95,99] [2,4,8,27,34,50,64,127] [8,31,35,67,92,93,106,117] [2,12,66,67,69,98,109,119] [29,30,40,45,50,63,64,75] [0,1,30,54,80,84,90,106] [5,7,44,50,57,73,77,80] [23,52,71,80,87,99,108,117] [10,20,58,66,100,101,104,115] [6,16,29,46,104,105,108,111] [23,30,65,87,91,95,99,114] [20,27,32,57,63,68,94,125] [4,44,53,84,87,102,107,112]
Token  30: [30,52,76,88,109,117,121,127] [1,27,32,52,63,97,104,122] [27,29,48,60,64,65,89,103] [19,25,60,86,93,101,119,126] [2,7,11,16,57,73,96,126] [18,20,55,91,104,109,110,112] [26,46,63,87,89,104,115,124] [33,36,44,82,94,100,106,123] [21,30,32,45,55,72,86,108] [2,11,17,68,76,80,85,100] [4,5,7,18,26,27,50,63] [14,39,45,53,56,60,72,95] [4,8,34,36,54,94,95,126] [8,31,47,67,91,103,106,112] [1,3,38,67,68,69,109,125] [17,29,32,40,41,58,64,120] [0,1,30,44,54,76,80,90] [18,44,50,57,77,82,108,114] [17,46,58,63,96,104,115,116] [33,44,58,59,82,94,100,123] [30,32,44,45,53,55,72,87] [0,2,17,68,76,80,85,100] [4,7,18,27,40,50,63,69] [20,25,30,45,53,56,60,95] [2,4,34,54,64,94,102,127] [8,31,47,67,78,91,103,106] [3,4,12,38,55,68,69,110] [16,17,32,40,49,63,64,75] [0,1,14,44,54,90,108,127] [0,11,50,57,63,65,77,108] [17,58,63,96,104,115,116,122] [33,44,48,59,82,94,100,123] [30,32,44,45,55,72,87,90] [17,41,62,76,80,85,100,111] [4,18,27,40,50,51,63,69] [3,45,53,56,60,85,94,95] [2,4,7,34,73,94,115,117] [8,31,47,67,78,106,109,112] [2,3,4,18,38,55,68,69] [17,30,31,40,50,61,64,107] [0,1,30,54,80,90,115,127] [0,50,57,63,65,77,78,82] [23,24,69,80,113,115,117,126] [46,47,53,58,100,120,121,122] [6,16,29,80,98,104,108,110] [5,45,47,50,83,87,95,99] [1,5,10,32,68,71,94,123] [4,15,31,44,74,92,107,127]
Token  31: [40,43,45,52,65,73,98,100] [18,31,38,80,94,100,122,127] [3,38,57,82,84,88,99,104] [6,25,31,37,71,86,93,127] [7,11,76,85,92,99,106,115] [59,61,64,66,97,109,114,125] [34,41,56,58,63,83,105,115] [9,18,33,49,94,100,109,112] [44,45,65,72,84,86,121,127] [0,9,17,62,80,85,102,110] [16,18,26,30,47,50,61,105] [24,45,49,54,60,61,95,125] [2,15,34,56,95,99,102,115] [6,15,26,28,58,80,91,106] [3,4,17,20,38,48,69,110] [6,16,17,31,40,85,101,120] [8,39,73,76,81,114,115,124] [1,18,19,77,78,99,103,105] [26,34,41,56,58,63,105,115] [3,33,44,49,59,100,112,123] [44,45,65,72,84,116,121,127] [0,9,17,80,85,110,122,125] [26,50,56,61,78,90,98,105] [3,23,24,49,54,60,61,125] [2,15,23,34,56,79,96,99] [6,15,26,28,58,78,106,118] [4,17,20,48,69,86,100,110] [16,40,49,70,85,101,120,127] [8,39,48,73,80,81,115,124] [1,19,21,33,42,55,80,105] [24,34,56,63,83,105,115,126] [18,33,49,59,75,94,100,112] [38,44,45,65,72,114,121,127] [0,9,13,16,85,98,110,125] [18,50,51,56,68,78,90,98] [3,23,24,49,54,60,61,125] [21,23,34,65,73,79,96,99] [6,15,23,28,58,78,106,118] [3,17,20,55,69,86,100,104] [40,49,52,70,85,101,103,127] [39,73,80,81,89,115,124,127] [1,9,19,21,42,48,69,80] [23,24,31,64,80,113,114,115] [31,37,46,77,88,100,104,120] [6,8,16,53,73,90,98,104] [2,22,27,32,45,87,101,114] [5,11,34,52,55,60,98,118] [20,57,73,74,77,86,105,109]
Token  32: [14,21,50,51,57,103,106,110] [3,6,9,28,33,80,95,122] [36,41,84,90,100,115,122,125] [4,12,39,71,86,87,95,115] [7,11,20,50,52,56,67,73] [18,31,47,51,68,103,105,119] [26,34,47,56,58,63,104,116] [33,44,48,82,94,100,106,109] [36,44,45,67,72,86,109,127] [0,9,32,65,80,96,102,122] [18,26,29,30,50,69,78,123] [53,54,60,63,67,69,109,115] [2,15,24,34,56,65,73,79] [23,26,66,82,91,98,106,118] [3,4,10,16,55,69,105,110] [16,17,40,49,72,85,103,120] [12,14,80,81,115,119,124,127] [1,18,55,78,82,90,99,103] [26,34,56,63,83,89,105,116] [3,24,33,49,59,75,100,112] [45,65,72,84,114,116,121,127] [0,9,49,80,98,110,122,125] [19,51,56,61,78,90,98,105] [3,23,24,26,49,54,61,125] [2,23,24,65,73,79,96,99] [15,26,28,58,66,80,83,118] [3,4,16,48,57,69,105,110] [6,16,17,23,40,70,72,120] [14,30,80,81,84,89,119,127] [2,9,66,78,82,83,90,103] [22,34,46,56,63,89,104,116] [3,33,44,75,82,94,100,106] [44,45,55,67,72,86,109,127] [32,65,68,76,80,84,96,102] [18,30,50,69,85,91,98,113] [3,59,60,63,69,85,109,115] [2,23,24,34,73,79,102,114] [10,23,66,82,98,106,113,118] [3,8,16,53,55,69,90,105] [3,9,16,17,40,72,103,120] [12,30,43,80,84,115,119,127] [2,9,35,66,78,82,90,103] [14,18,23,27,80,93,102,115] [5,6,29,36,46,87,100,104] [6,14,20,27,48,69,98,104] [22,27,32,45,58,70,80,114] [52,55,60,63,75,104,115,117] [36,47,66,86,88,120,123,124]
Token  33: [28,51,83,87,91,112,124,125] [9,16,29,45,48,67,68,122] [4,23,36,42,67,76,100,125] [12,70,73,92,100,101,112,114] [7,11,27,38,50,61,83,119] [10,35,47,63,74,87,93,115] [20,23,46,63,104,111,115,116] [2,19,33,44,82,94,100,106] [15,18,20,35,44,67,86,127] [0,32,35,65,66,68,80,102] [7,18,30,50,91,103,109,111] [8,22,36,42,48,53,60,69] [2,14,26,34,41,73,114,115] [13,35,68,82,83,91,98,106] [3,47,53,55,60,69,90,102] [17,31,40,50,72,75,82,120] [1,14,60,80,84,110,115,122] [46,52,64,77,78,82,94,103] [13,34,46,56,63,104,115,116] [2,33,44,59,82,94,100,106] [18,20,35,44,67,72,86,127] [0,32,65,68,80,84,102,111] [18,30,36,50,69,98,103,109] [8,22,42,48,53,60,96,99] [0,2,26,34,73,79,85,115] [13,41,82,83,91,98,104,106] [3,16,38,53,55,60,69,102] [6,16,17,40,61,72,79,120] [14,60,80,84,94,110,114,122] [4,15,46,77,78,82,94,103] [34,46,56,63,89,104,116,119] [2,33,44,56,82,94,100,106] [18,20,44,45,67,72,86,127] [32,35,57,65,68,80,102,111] [18,23,30,36,41,50,69,103] [22,42,53,60,69,85,89,115] [2,26,34,42,61,73,102,115] [10,13,18,41,76,82,91,106] [3,16,53,55,60,69,80,102] [16,17,40,60,61,71,72,120] [55,60,80,84,108,110,115,127] [15,36,46,52,64,78,103,122] [8,23,24,49,68,80,90,125] [12,19,49,80,100,104,121,125] [6,11,23,45,88,98,99,104] [17,22,26,45,46,76,112,114] [5,29,30,39,52,81,104,105] [15,21,35,74,95,111,121,127]
Token  34: [0,16,51,53,70,97,104,120] [20,24,34,62,76,86,107,122] [10,14,81,87,100,107,116,125] [3,12,13,23,25,32,76,105] [0,11,23,25,38,73,74,83] [31,35,47,68,80,97,107,119] [13,34,56,58,63,107,115,116] [33,44,60,82,87,94,100,106] [18,36,44,45,64,72,86,127] [0,32,65,68,80,84,94,102] [14,18,29,30,36,50,103,113] [8,22,28,60,67,69,89,115] [26,34,53,65,73,79,85,115] [13,44,68,75,82,91,98,118] [3,10,11,29,55,69,79,80] [16,17,26,31,40,50,60,120] [7,14,40,60,80,84,115,122] [15,52,53,77,78,90,99,103] [13,34,56,58,63,89,116,122] [33,44,59,75,82,87,94,100] [5,18,36,45,64,72,114,127] [0,51,65,69,80,94,111,122] [18,19,29,36,50,69,98,113] [20,30,48,60,63,65,115,120] [2,34,53,71,73,79,85,115] [13,44,75,78,82,83,98,118] [3,10,38,55,57,69,80,115] [6,16,17,40,50,60,61,120] [7,14,30,40,80,84,114,127] [9,15,52,53,77,78,90,103] [22,39,46,58,63,89,104,116] [5,33,44,82,87,94,100,106] [18,35,44,45,55,64,72,86] [0,17,68,76,80,94,102,111] [18,19,30,36,50,69,91,113] [8,20,60,69,85,86,89,115] [2,30,34,42,53,73,102,115] [13,21,44,75,76,82,106,118] [3,29,53,55,57,69,79,80] [9,16,17,40,60,61,71,120] [7,14,15,40,80,84,115,127] [9,15,52,53,78,90,103,117] [23,24,37,59,68,73,80,125] [20,43,46,49,81,100,104,120] [6,37,39,45,54,80,98,104] [22,45,46,63,80,104,112,114] [39,52,55,80,82,84,105,124] [10,27,32,35,52,71,90,95]
Token  35: [3,28,29,62,77,80,111,126] [11,45,62,76,78,86,93,122] [23,36,42,72,115,119,121,125] [1,11,20,25,76,101,105,119] [0,7,11,39,40,74,83,119] [1,30,55,60,80,97,119,122] [20,46,63,64,66,104,115,116] [9,33,44,82,87,94,100,106] [18,27,44,45,55,67,72,86] [0,32,62,68,80,84,94,102] [14,18,29,36,50,69,116,120] [60,68,69,86,89,93,115,120] [28,30,34,53,73,85,102,115] [24,44,68,75,82,91,106,118] [3,9,11,29,38,55,62,69] [2,6,17,31,40,50,79,99] [14,29,84,111,115,122,123,127] [1,53,77,78,84,90,99,103] [13,46,63,66,89,104,116,122] [33,36,44,59,82,87,94,100] [18,24,44,45,55,72,86,114] [0,17,62,68,76,80,94,102] [14,18,19,36,50,69,113,120] [1,20,30,68,85,86,115,120] [9,30,34,53,71,73,79,102] [24,33,44,82,83,91,98,118] [3,4,10,29,38,55,62,69] [2,6,17,38,40,50,98,120] [14,29,30,80,111,114,123,127] [9,53,77,78,82,84,90,103] [22,34,58,63,89,104,115,116] [5,33,44,82,87,94,100,106] [18,24,35,44,45,72,86,127] [17,62,68,76,80,94,102,111] [18,19,36,50,69,91,113,120] [1,60,68,69,85,86,115,120] [23,30,34,53,71,73,95,102] [13,24,44,49,68,91,106,118] [3,11,29,38,55,57,62,69] [2,16,17,20,31,40,71,120] [23,29,30,80,111,115,123,127] [9,53,65,77,78,84,90,103] [20,23,24,28,68,75,80,115] [5,8,26,46,100,104,120,121] [6,13,29,69,80,98,104,110] [5,22,45,47,63,83,87,114] [10,45,52,55,68,82,104,125] [11,27,31,54,74,90,112,127]
Token  36: [0,31,61,69,81,93,101,107] [26,45,60,83,86,91,98,122] [68,92,103,116,117,121,123,125] [1,20,25,99,100,106,117,119] [0,7,11,83,89,91,102,111] [30,31,35,55,80,97,111,119] [22,46,63,64,66,104,115,116] [5,33,44,72,82,94,100,106] [27,28,45,55,67,72,86,99] [0,62,68,76,80,84,102,105] [7,14,18,29,36,50,84,116] [13,22,58,69,85,86,115,120] [28,30,34,69,73,85,102,120] [13,31,44,68,91,106,118,121] [3,10,28,29,55,69,84,101] [3,17,26,34,40,50,63,100] [14,20,30,80,84,121,122,127] [1,14,30,45,78,90,97,124] [13,22,46,63,89,104,116,124] [5,33,44,72,82,94,100,106] [18,27,35,44,45,72,86,90] [17,43,68,76,80,98,102,105] [14,18,19,36,50,69,85,91] [1,13,46,58,85,90,115,122] [27,30,34,69,79,80,102,107] [13,68,83,85,106,107,118,121] [3,10,29,38,55,57,69,109] [3,6,17,34,40,63,100,120] [1,14,24,30,80,84,121,127] [1,9,14,30,45,77,82,90] [14,22,58,63,89,104,116,124] [5,33,40,44,82,88,94,106] [32,35,37,45,67,72,86,100] [17,68,76,80,98,102,105,111] [14,18,19,50,83,90,91,94] [1,13,54,58,60,69,85,90] [23,27,36,69,79,102,107,126] [13,33,55,68,83,106,118,121] [3,10,29,38,55,57,69,101] [3,16,17,34,40,50,89,100] [1,20,30,80,105,115,121,127] [1,14,30,45,77,78,90,97] [14,23,55,80,101,115,117,119] [4,5,26,36,46,100,104,120] [6,29,54,69,71,98,104,108] [2,20,22,27,45,54,114,127] [14,52,55,63,67,68,117,125] [32,34,55,58,74,86,112,117]
Token  37: [28,33,34,75,87,91,101,110] [28,37,60,63,71,77,90,122] [12,36,42,46,48,64,68,104] [21,24,68,71,73,74,100,106] [7,11,51,53,57,60,70,102] [18,31,35,55,93,110,119,122] [14,20,46,63,87,89,104,124] [5,32,33,40,44,82,94,106] [32,35,37,45,86,100,104,108] [17,41,68,76,80,82,102,105] [15,18,33,50,82,85,91,103] [18,48,62,85,94,97,100,122] [2,14,24,30,34,36,61,67] [2,34,40,68,91,106,112,127] [3,15,38,53,55,57,64,109] [17,32,40,54,89,100,106,120] [1,10,14,30,80,84,115,127] [1,3,9,30,36,61,82,92] [14,22,46,58,63,89,104,116] [5,33,36,44,82,88,94,106] [21,32,37,40,45,86,100,108] [0,7,17,35,68,76,80,82] [15,33,50,82,85,91,94,124] [1,18,25,54,85,94,97,100] [2,14,24,27,34,36,67,127] [2,61,68,89,106,112,120,127] [3,15,38,53,55,57,64,69] [0,32,40,54,89,100,106,119] [1,10,14,30,80,93,100,127] [3,36,61,78,81,82,92,100] [14,22,63,89,97,104,116,119] [5,19,33,44,82,88,89,94] [4,32,35,37,45,86,100,108] [7,17,41,68,76,80,82,105] [9,15,18,40,50,82,91,124] [1,18,25,30,48,85,94,100] [14,24,27,34,36,46,67,112] [68,87,89,91,106,112,120,127] [3,15,38,55,57,64,69,87] [15,32,40,54,89,100,106,125] [13,14,28,30,80,100,115,127] [1,9,30,61,78,92,100,121] [8,14,23,30,55,80,86,115] [5,26,46,68,80,100,104,124] [6,11,27,39,69,104,108,126] [2,12,22,32,45,92,114,117] [35,51,52,55,68,104,117,122] [10,21,26,30,57,58,94,114]
Token  38: [41,75,87,91,105,110,111,122] [13,16,37,38,46,59,63,103] [36,42,49,57,60,64,72,104] [3,20,24,70,71,73,80,106] [5,7,11,51,57,60,70,102] [1,31,35,55,93,115,119,122] [14,22,46,63,89,104,116,124] [5,19,33,44,82,94,100,106] [10,45,50,67,86,90,108,123] [8,17,35,41,68,76,80,102] [7,15,18,50,82,85,91,124] [1,38,46,62,94,97,100,122] [2,4,14,30,34,36,67,126] [2,40,62,68,103,106,109,112] [3,15,29,38,53,57,69,109] [6,16,17,32,40,54,100,125] [1,14,30,80,84,108,115,127] [1,9,26,36,62,77,78,100] [14,22,46,63,64,89,104,116] [5,33,44,82,88,94,100,106] [32,35,37,45,50,61,67,86] [7,17,24,35,68,76,80,102] [15,18,33,50,82,85,91,124] [1,54,60,73,85,94,97,100] [2,4,7,14,34,61,67,102] [2,57,62,68,106,109,112,123] [3,15,38,55,57,60,69,71] [6,17,32,40,54,120,125,126] [14,30,44,80,84,93,108,127] [9,26,36,77,78,81,82,100] [14,22,63,66,89,104,116,118] [5,33,44,82,88,94,100,106] [32,35,37,44,45,50,86,100] [7,8,17,35,41,68,76,80] [15,18,19,50,82,91,124,127] [1,25,54,73,85,94,100,115] [2,4,14,34,67,73,102,103] [41,57,62,63,68,87,106,112] [3,11,15,38,55,69,71,87] [17,20,32,40,54,107,125,126] [29,30,77,80,93,114,115,127] [0,26,63,65,77,78,80,103] [23,24,50,68,75,80,117,126] [46,47,56,68,75,100,120,121] [3,6,11,29,69,80,98,110] [5,22,27,45,47,83,87,114] [5,10,52,55,68,71,104,117] [15,21,31,44,74,82,112,127]
Token  39: [31,47,53,61,69,93,120,122] [2,13,25,45,63,83,91,122] [12,68,72,104,116,117,123,125] [1,3,20,71,89,93,101,106] [11,43,63,79,83,91,102,111] [30,35,55,97,103,111,119,125] [14,39,46,58,63,96,115,116] [9,33,44,72,82,94,100,106] [10,27,44,45,72,86,99,123] [0,17,43,51,68,76,80,105] [14,18,21,50,69,83,91,113] [1,13,58,69,86,115,120,122] [2,4,30,34,69,80,102,126] [13,44,68,79,91,95,106,121] [3,11,28,29,55,69,101,125] [2,17,34,40,45,100,112,120] [20,30,48,84,114,115,121,127] [1,7,45,61,77,99,122,124] [22,34,46,56,58,63,115,116] [5,33,44,72,82,94,100,123] [27,44,45,55,72,86,99,114] [17,68,76,80,97,102,105,111] [14,18,19,31,33,50,91,113] [1,46,54,58,85,86,115,120] [2,34,53,66,69,73,102,126] [13,33,44,68,91,95,106,117] [3,4,38,55,63,69,101,125] [2,17,32,34,40,45,50,100] [14,30,48,76,90,114,121,127] [1,5,61,77,80,82,99,124] [22,34,58,63,89,96,115,116] [33,44,48,72,82,94,100,123] [18,32,44,45,72,90,99,114] [17,68,76,80,85,102,105,111] [14,18,19,36,50,63,68,69] [1,13,54,58,60,90,115,120] [2,4,34,69,71,73,102,126] [13,32,33,68,79,91,106,121] [3,4,11,38,55,69,101,125] [2,16,31,34,40,45,100,127] [20,30,54,76,80,115,121,127] [14,45,61,62,77,80,82,97] [14,23,65,75,80,101,115,117] [4,20,46,65,66,100,104,120] [6,16,29,54,69,71,98,104] [2,22,30,32,45,54,71,114] [27,52,55,63,67,68,77,117] [32,34,44,55,74,112,117,124]
Token  40: [11,16,72,85,100,101,114,119] [21,37,60,63,75,89,106,122] [16,45,65,78,101,103,112,125] [1,20,25,81,93,101,103,106] [7,11,43,63,78,83,96,102] [18,30,55,71,97,103,114,119] [13,46,56,58,63,104,115,116] [9,33,44,58,82,94,100,106] [32,44,45,72,86,90,99,123] [0,17,51,62,68,80,85,102] [18,29,36,50,63,69,83,116] [58,60,65,72,85,90,115,120] [2,4,8,27,34,54,66,126] [32,47,61,66,91,106,117,126] [3,38,55,67,68,69,109,125] [3,17,29,40,45,63,100,120] [30,76,80,84,90,106,114,127] [1,5,7,44,53,77,80,82] [46,58,63,87,96,104,115,116] [33,44,82,88,94,100,106,123] [21,32,45,55,67,72,86,99] [17,62,68,76,80,85,102,111] [16,18,19,36,50,63,91,94] [5,36,58,60,72,85,90,115] [2,4,27,34,66,71,102,126] [32,33,47,78,99,103,106,117] [3,38,63,67,69,109,119,125] [17,29,40,45,58,63,75,120] [14,30,76,80,84,90,114,127] [5,7,62,73,77,78,82,120] [22,46,58,63,66,104,115,116] [33,44,59,82,88,94,100,106] [32,37,45,67,72,77,86,90] [17,62,68,76,80,85,102,111] [16,18,19,36,50,63,91,94] [1,14,45,60,72,85,90,120] [2,4,27,35,36,64,71,126] [0,32,33,47,93,103,106,117] [3,55,67,68,69,98,119,125] [29,31,40,45,50,52,63,127] [0,30,48,54,76,90,106,115] [5,7,44,55,77,78,80,82] [14,23,35,47,52,80,108,117] [37,46,58,66,100,104,115,120] [6,16,29,46,102,104,105,108] [20,40,45,50,54,71,95,114] [16,27,63,68,76,93,104,125] [3,53,58,76,87,102,104,112]
Token  41: [7,58,72,85,88,109,117,121] [1,27,37,60,63,65,89,122] [16,40,45,81,95,107,111,127] [3,20,81,84,91,103,106,127] [7,11,30,34,52,63,73,81] [17,25,37,59,64,73,103,114] [24,27,34,53,56,63,71,76] [18,24,59,75,100,106,109,112] [38,45,57,65,72,90,116,127] [0,9,19,49,80,96,122,125] [16,18,26,56,61,68,78,105] [3,24,28,49,54,60,61,125] [2,9,15,56,65,79,96,99] [15,19,23,26,28,42,78,91] [3,20,48,67,69,100,110,115] [6,16,40,49,70,85,101,120] [14,39,65,73,80,81,89,115] [1,18,19,21,42,77,78,83] [24,26,34,39,56,63,105,116] [3,33,44,49,82,100,106,112] [38,65,72,84,101,116,121,127] [0,9,10,49,110,111,122,125] [18,56,58,61,69,78,98,105] [21,23,24,49,54,61,96,125] [9,15,34,56,65,79,96,99] [15,26,28,42,58,104,106,112] [17,48,53,86,90,107,110,115] [6,16,40,49,59,61,70,120] [14,39,48,80,81,89,105,115] [1,21,72,75,77,82,83,93] [8,24,34,56,63,83,107,116] [18,24,33,44,82,94,100,109] [9,15,35,38,44,72,101,116] [0,10,49,62,80,96,111,117] [7,26,30,33,58,82,98,103] [4,21,37,64,78,94,96,99] [2,4,9,14,34,36,42,108] [10,20,42,73,77,104,106,112] [3,44,53,57,68,69,109,125] [11,32,40,48,59,75,83,120] [0,14,42,80,87,105,107,115] [13,34,59,77,82,88,93,105] [17,33,56,70,80,111,114,115] [11,24,46,61,74,80,82,83] [5,6,11,25,29,30,64,114] [29,41,64,99,107,110,114,121] [16,27,32,37,46,74,94,100] [4,53,72,87,102,107,112,113]
Token  42: [35,52,57,76,109,117,123,127] [27,37,46,60,63,89,103,122] [29,45,48,64,65,101,103,104] [20,25,67,74,93,101,103,106] [7,11,16,57,63,83,96,102] [20,35,55,71,97,103,110,112] [58,63,87,96,104,112,115,116] [24,32,33,36,44,82,94,100] [32,44,45,55,67,72,86,123] [17,62,68,76,80,85,102,105] [4,12,18,36,50,63,91,94] [53,59,60,62,72,90,94,102] [2,4,27,30,34,36,54,126] [13,47,68,91,92,103,106,117] [1,3,38,67,68,69,119,125] [15,17,34,40,45,66,75,100] [0,48,76,80,84,90,114,115] [1,7,18,62,77,78,82,124] [22,26,44,58,63,104,115,116] [33,44,59,82,94,100,106,123] [18,32,44,45,55,72,86,114] [0,17,50,51,62,68,80,111] [16,18,19,36,50,60,63,69] [1,30,58,60,72,85,90,94] [2,4,27,30,34,54,60,126] [30,32,47,91,93,103,106,117] [1,3,63,67,69,98,109,125] [17,29,40,45,58,75,120,125] [0,1,30,80,84,90,114,127] [1,5,7,50,57,73,77,82] [22,46,63,66,89,104,115,116] [33,36,44,82,88,94,100,106] [32,37,44,45,67,77,86,90] [17,62,68,76,80,85,102,111] [18,19,36,50,58,63,91,94] [1,45,53,60,72,85,90,96] [2,4,27,35,36,64,71,126] [13,32,47,67,93,103,106,117] [1,3,55,67,68,69,98,109] [16,29,30,40,45,50,63,127] [0,30,48,80,90,106,112,115] [5,7,50,55,57,77,80,82] [23,43,47,58,80,99,108,117] [46,58,66,68,98,100,104,115] [6,29,39,46,58,60,104,105] [45,50,54,64,71,91,99,114] [16,27,32,57,68,76,94,104] [3,53,72,76,87,102,107,112]
Token  43: [24,35,52,57,76,117,123,127] [18,25,27,60,63,89,109,122] [12,29,45,60,64,65,103,104] [19,20,25,28,74,81,93,106] [7,11,28,37,51,53,57,70] [18,35,55,63,93,110,112,119] [20,46,63,74,87,104,111,116] [19,32,33,44,82,94,100,106] [22,35,45,67,86,87,88,123] [7,17,67,68,76,80,100,102] [4,7,18,27,50,63,91,94] [21,53,60,90,95,99,100,102] [2,4,8,14,27,34,115,127] [40,67,91,92,93,106,112,117] [3,15,38,53,57,67,69,115] [3,6,17,32,40,75,89,120] [0,1,14,50,80,84,93,105] [1,7,34,50,77,82,100,103] [22,44,46,63,64,87,104,116] [32,33,44,82,88,94,100,106] [21,44,45,67,77,86,90,123] [7,17,68,69,76,80,102,111] [7,18,30,58,63,69,94,98] [53,60,67,72,90,96,99,100] [2,4,14,26,34,65,115,127] [92,93,99,103,104,106,112,117] [3,15,38,53,66,69,109,116] [6,17,32,40,61,75,89,120] [0,1,53,80,84,93,105,113] [1,72,77,82,88,93,100,103] [20,46,63,66,87,102,104,116] [19,24,44,59,82,94,100,106] [9,35,45,67,86,90,94,123] [7,8,17,59,68,80,102,111] [2,7,18,30,58,71,82,94] [4,21,53,60,96,99,100,102] [2,4,14,32,34,92,115,127] [20,85,92,93,104,106,112,117] [3,15,24,53,69,87,102,125] [32,40,50,51,75,89,110,125] [0,1,30,42,80,84,93,107] [7,34,50,59,73,77,82,88] [17,41,56,58,80,108,111,117] [46,58,66,68,72,80,82,115] [5,6,25,29,46,96,104,108] [29,45,50,64,71,88,99,114] [15,16,27,32,43,76,94,125] [3,4,53,72,76,87,102,107]
Token  44: [24,27,52,76,88,117,121,127] [13,25,27,38,52,60,63,122] [27,29,36,60,64,65,101,104] [19,20,25,60,74,80,93,103] [7,11,16,37,51,57,60,96] [9,18,43,55,71,110,112,122] [17,46,63,97,104,111,115,116] [32,33,36,44,82,94,100,106] [30,32,44,45,86,87,108,123] [17,51,62,68,80,85,100,102] [4,12,18,27,31,63,91,94] [1,45,53,56,60,94,95,100] [2,4,7,8,30,34,111,127] [8,31,43,67,91,92,106,112] [1,2,3,15,67,68,69,119] [17,32,40,45,54,84,89,120] [0,10,30,80,84,90,106,114] [1,11,36,50,57,62,77,82] [17,22,46,58,63,104,115,116] [31,33,44,48,82,94,100,106] [30,32,44,45,55,86,90,122] [17,51,62,68,76,80,100,102] [2,4,18,19,27,31,91,94] [1,45,53,56,60,85,94,95] [2,4,8,34,35,36,64,127] [8,31,47,67,95,106,112,117] [3,14,15,38,67,68,69,109] [17,29,32,40,45,75,87,120] [0,1,14,30,76,80,90,127] [11,50,57,73,77,82,100,120] [17,22,58,63,89,104,115,116] [19,33,44,82,88,94,100,123] [30,32,44,45,72,86,87,90] [17,50,68,76,80,85,100,102] [4,18,19,27,31,50,63,91] [1,45,53,56,60,72,85,95] [2,4,7,34,35,36,64,127] [8,31,47,63,91,103,106,112] [2,3,15,55,68,69,98,109] [2,31,32,40,50,63,83,100] [0,30,48,54,76,80,90,115] [50,57,77,80,81,82,100,120] [14,23,47,52,69,80,113,117] [37,46,53,66,68,100,120,122] [6,16,29,39,67,70,94,108] [4,29,45,50,54,95,99,114] [5,27,32,52,68,76,90,123] [4,14,44,58,74,92,107,112]
Token  45: [17,45,52,65,98,100,102,120] [18,32,63,70,94,122,125,127] [30,53,65,82,87,88,99,123] [25,45,73,86,93,101,102,116] [11,52,57,59,73,78,79,92] [33,42,55,59,71,79,104,109] [34,58,63,71,87,104,115,116] [9,24,33,44,82,94,100,109] [32,45,69,72,102,108,123,127] [0,2,17,51,62,80,85,92] [4,16,18,27,50,57,73,94] [1,26,28,45,53,60,94,95] [4,8,21,30,36,54,126,127] [0,31,33,47,80,91,103,106] [1,3,38,55,67,69,86,125] [17,40,52,66,75,87,89,100] [1,10,30,48,76,90,91,115] [1,7,18,50,77,78,82,123] [26,44,51,58,91,96,115,116] [8,33,52,58,59,88,100,123] [32,45,53,72,93,102,114,127] [0,2,17,49,51,76,80,85] [4,16,19,36,40,47,50,57] [30,45,53,81,94,95,100,103] [4,9,21,35,41,64,71,126] [31,33,43,47,78,103,112,117] [1,3,69,86,92,110,113,125] [2,26,32,50,52,75,87,100] [30,34,48,76,90,97,100,103] [7,50,77,80,99,105,123,124] [26,34,47,58,63,89,96,115] [8,24,29,33,47,58,59,100] [32,45,53,72,87,90,102,114] [2,17,51,55,76,80,85,92] [4,18,19,38,50,57,63,94] [31,45,52,53,72,90,95,100] [4,18,21,34,41,71,126,127] [31,35,47,78,91,93,106,117] [1,2,3,55,67,69,98,119] [16,29,31,40,45,50,52,83] [30,48,54,76,90,112,115,127] [7,34,44,50,55,57,77,82] [14,23,35,47,80,99,108,117] [5,46,53,66,68,100,115,120] [6,16,29,39,46,57,70,104] [29,38,45,50,54,71,95,114] [27,32,38,63,68,76,77,106] [58,65,73,76,92,107,109,112]
Token  46: [11,16,46,72,85,100,114,119] [22,32,63,70,106,119,122,127] [2,16,45,65,78,95,99,123] [17,19,25,60,84,86,93,102] [7,11,52,57,63,73,92,96] [17,33,37,59,64,73,104,112] [34,53,63,71,89,104,107,115] [9,18,24,33,59,100,106,109] [38,45,65,72,86,90,116,127] [0,2,17,19,49,71,80,96] [3,16,18,47,51,57,78,105] [20,21,24,28,54,59,60,125] [2,4,15,34,56,61,65,115] [15,23,28,40,42,78,91,106] [3,17,20,53,57,69,110,115] [6,16,17,31,32,40,49,101] [14,80,81,84,89,105,114,115] [1,7,18,42,77,82,83,103] [34,56,58,63,64,104,105,116] [33,44,59,82,94,100,106,112] [35,38,44,45,65,86,116,127] [0,17,62,68,80,111,122,125] [18,30,56,58,69,94,98,103] [21,23,60,67,96,99,122,125] [2,9,26,34,36,65,80,127] [2,42,58,82,91,104,106,112] [3,38,53,57,69,86,109,115] [6,16,17,32,40,59,61,120] [1,14,50,80,84,89,93,105] [1,72,77,82,88,93,99,124] [34,56,63,83,104,107,111,116] [24,33,44,56,82,94,100,106] [9,35,67,72,86,90,123,127] [7,10,17,23,33,68,80,111] [2,7,18,33,58,82,94,103] [4,21,28,37,53,94,96,99] [2,14,28,32,34,36,108,127] [20,27,73,91,104,106,112,119] [3,15,22,53,69,102,109,125] [11,32,40,48,58,75,83,120] [1,42,48,50,80,105,107,113] [1,34,39,59,82,88,100,105] [17,33,43,56,70,80,111,115] [24,46,72,74,75,82,98,106] [5,6,9,11,25,30,64,104] [29,41,73,77,88,110,114,121] [16,27,37,46,63,74,76,93] [3,4,8,53,76,87,102,104]
Token  47: [32,35,46,57,58,72,109,123] [1,18,27,32,33,52,63,122] [2,12,48,60,95,103,111,127] [17,25,28,74,81,86,93,94] [7,11,52,57,64,73,92,96] [18,55,59,71,100,110,112,119] [26,58,63,71,87,104,115,116] [9,24,33,44,82,94,100,106] [22,32,45,53,72,77,86,102] [0,2,17,44,68,80,82,85] [4,12,16,18,50,63,69,94] [52,53,56,60,72,81,90,95] [2,4,8,21,27,34,65,127] [8,31,47,67,91,92,106,112] [1,3,38,67,68,69,115,125] [0,17,29,32,40,45,89,125] [0,30,76,80,82,84,90,106] [1,7,34,44,57,77,82,90] [46,58,63,87,96,104,115,116] [33,44,58,82,88,94,100,106] [30,32,45,53,77,86,102,124] [2,17,51,68,76,80,85,100] [4,12,18,19,50,63,91,94] [52,53,56,60,72,85,90,95] [2,4,8,27,30,34,61,111] [31,35,67,92,93,103,106,117] [1,3,38,67,69,98,109,125] [17,29,32,40,45,50,63,120] [0,30,54,76,80,84,90,127] [7,44,57,62,73,77,82,120] [22,46,58,63,66,104,115,116] [19,33,44,56,82,88,94,106] [32,37,45,67,77,86,90,102] [17,68,76,80,85,100,102,111] [4,12,18,50,58,63,91,94] [14,45,53,60,72,90,95,96] [2,4,27,34,41,64,102,126] [0,31,67,78,93,103,106,117] [3,38,55,66,67,69,98,125] [9,17,29,40,45,50,63,89] [0,30,54,76,80,84,90,127] [7,44,50,57,77,78,82,105] [14,23,41,58,80,99,108,117] [46,52,53,58,66,100,104,115] [3,6,29,44,46,69,98,104] [30,37,45,50,65,71,99,114] [16,27,32,55,63,68,76,104] [3,4,8,53,76,87,102,107]
Token  48: [30,52,76,88,109,117,121,127] [1,27,32,37,52,63,97,122] [12,27,29,48,60,64,65,111] [17,19,25,35,60,69,93,126] [2,7,11,16,30,57,96,100] [30,43,55,71,91,99,110,112] [17,63,87,88,96,97,104,115] [32,33,36,44,82,94,100,106] [30,32,45,55,83,86,87,90] [0,17,62,68,79,80,85,100] [4,12,15,18,27,50,63,84] [36,45,53,56,60,72,81,95] [4,7,8,35,41,64,94,125] [8,31,35,47,61,67,91,106] [1,2,67,68,69,98,109,125] [17,29,40,45,73,84,100,106] [0,24,30,48,54,84,90,106] [1,7,18,44,50,57,77,124] [17,25,39,63,87,96,115,116] [33,44,58,82,88,94,100,125] [18,30,32,45,53,77,86,114] [2,17,62,68,76,80,85,100] [4,12,18,19,27,31,50,84] [1,45,53,56,60,72,85,95] [2,4,34,35,50,64,102,117] [8,31,35,38,47,67,106,117] [3,14,38,67,68,69,109,119] [17,29,30,40,45,63,106,120] [0,30,54,76,80,90,106,127] [11,22,50,57,77,80,123,124] [17,52,58,63,87,96,115,116] [33,36,44,58,82,94,100,125] [18,30,32,45,77,87,108,114] [17,50,68,76,80,85,100,102] [4,12,18,27,31,36,63,91] [1,14,45,53,56,72,81,95] [2,4,7,35,41,64,89,125] [8,31,35,38,47,67,92,106] [1,2,3,12,55,68,69,98] [2,16,17,29,40,45,64,106] [0,30,34,48,54,76,90,115] [7,50,57,77,80,81,82,100] [14,23,33,47,52,69,108,117] [53,66,80,96,99,100,115,122] [6,16,29,70,102,104,108,127] [41,45,50,54,71,81,95,99] [27,32,63,76,90,93,94,113] [4,18,44,49,53,58,92,107]
Token  49: [17,45,52,98,100,102,108,120] [31,32,70,96,108,122,125,127] [29,30,49,53,65,82,99,123] [19,25,45,86,93,94,101,111] [2,7,11,19,57,92,96,126] [9,55,59,91,99,104,109,112] [13,35,63,89,104,107,115,124] [24,33,79,82,84,88,94,100] [30,32,45,53,69,72,102,108] [0,2,17,55,80,85,92,100] [4,16,18,27,57,63,90,94] [28,53,56,60,72,90,95,120] [4,8,21,27,34,65,71,127] [8,31,33,47,58,78,91,106] [1,15,49,67,68,69,92,125] [17,25,29,32,40,45,52,106] [10,24,30,39,46,90,106,127] [1,7,44,50,57,77,82,118] [17,22,63,87,96,115,116,126] [32,33,44,58,82,88,94,100] [21,30,32,45,53,77,86,102] [2,17,68,76,80,85,89,100] [4,18,27,50,57,63,91,94] [25,45,52,53,56,72,90,95] [2,4,8,27,34,64,71,102] [8,31,35,78,92,103,106,117] [3,38,63,67,69,98,109,125] [17,29,40,45,52,89,106,120] [0,14,30,54,80,84,90,127] [7,50,57,73,77,80,82,105] [46,58,63,66,96,104,115,116] [8,19,33,44,82,88,94,106] [30,32,45,67,77,86,90,102] [17,50,68,76,80,85,100,111] [4,12,18,27,57,63,91,94] [14,45,53,56,60,72,95,120] [2,4,8,27,41,64,102,126] [0,8,31,35,78,103,106,117] [1,2,3,55,67,69,98,119] [16,29,40,45,50,52,63,106] [0,30,48,54,76,80,90,106] [5,7,44,50,57,77,82,105] [14,23,47,71,80,99,108,117] [20,58,66,68,99,100,104,115] [6,16,29,39,46,70,98,111] [18,29,38,45,50,71,95,99] [27,32,68,76,77,94,104,122] [8,44,53,58,76,107,109,112]
Token  50: [11,16,46,72,85,100,114,119] [22,32,63,64,96,119,122,127] [16,29,45,65,78,89,95,123] [19,25,45,49,84,86,93,126] [2,11,52,63,73,92,96,126] [17,25,59,64,74,103,109,112] [24,34,47,53,63,71,89,107] [9,18,24,45,59,100,106,109] [38,45,53,57,65,90,116,127] [0,2,17,19,49,80,96,122] [3,16,18,47,51,57,78,105] [21,24,28,30,54,59,60,125] [2,9,34,56,61,65,113,115] [10,28,40,42,82,91,101,106] [3,20,23,53,57,69,110,115] [6,8,16,17,40,85,101,120] [14,50,80,83,84,89,114,115] [1,7,17,18,42,77,83,103] [10,56,63,64,85,104,105,116] [3,34,49,82,94,100,106,112] [44,65,84,103,106,116,121,122] [0,9,10,80,102,110,125,127] [18,30,50,56,61,78,98,105] [3,21,61,67,82,96,115,125] [2,9,34,42,46,61,95,102] [42,58,71,73,82,104,106,115] [3,7,8,14,53,86,95,110] [1,6,16,35,40,75,86,99] [42,48,50,80,84,89,114,115] [62,72,83,93,103,107,116,117] [10,56,64,74,83,85,104,110] [3,34,44,75,82,100,103,106] [9,14,15,43,44,84,90,106] [9,59,65,68,80,102,110,113] [7,18,30,39,50,62,80,108] [0,4,21,33,43,78,85,121] [14,32,34,39,42,61,102,108] [20,25,27,29,71,104,106,125] [3,19,29,53,95,102,110,125] [11,32,33,40,75,84,102,120] [1,12,42,50,80,84,107,113] [13,34,59,77,88,103,105,116] [17,25,56,70,80,96,111,114] [30,53,68,72,74,80,99,106] [5,12,25,29,30,34,103,114] [29,41,73,77,88,110,113,117] [16,27,37,46,76,93,99,125] [3,4,8,53,76,87,102,104]
Token  51: [7,32,46,58,88,109,117,121] [1,17,27,32,44,65,97,104] [25,29,60,81,89,95,103,111] [19,25,49,71,86,111,118,126] [7,11,30,52,57,92,96,119] [17,18,25,64,74,103,110,112] [34,46,47,56,58,63,71,104] [24,31,33,44,82,100,106,109] [3,38,67,72,77,86,90,127] [0,49,68,71,80,96,102,122] [16,18,25,50,51,63,69,78] [20,21,24,28,43,48,53,60] [2,15,34,50,56,61,102,115] [10,28,40,42,82,91,101,106] [3,7,17,23,53,57,69,110] [1,6,16,17,40,85,101,120] [0,14,50,80,84,89,114,115] [1,7,17,18,19,77,88,103] [56,63,64,85,104,105,110,116] [33,34,49,82,94,100,106,112] [38,44,65,84,106,116,121,122] [0,9,68,80,102,110,111,125] [18,30,56,61,69,78,98,105] [3,23,24,49,61,96,122,125] [2,15,34,65,73,79,96,99] [15,26,28,42,58,82,104,106] [3,14,17,48,53,86,90,110] [6,16,26,40,59,70,75,120] [39,48,80,81,82,89,105,115] [1,21,72,75,77,88,93,103] [12,24,34,56,63,83,105,116] [3,49,73,75,82,94,100,112] [9,15,44,65,84,116,121,127] [5,23,49,65,80,102,117,123] [7,18,30,33,50,80,82,94] [4,33,53,78,85,99,120,121] [4,14,32,34,42,92,95,108] [20,27,29,67,82,92,108,125] [29,53,68,69,103,108,109,125] [7,11,26,32,58,75,87,88] [0,1,42,48,80,107,113,122] [33,34,44,50,59,77,88,105] [17,52,56,69,99,108,111,117] [0,10,46,58,66,80,99,115] [5,6,25,29,46,70,108,111] [29,50,51,65,90,91,99,114] [16,27,32,76,93,94,122,125] [3,4,8,53,72,87,102,107]
Token  52: [27,52,76,88,109,117,121,127] [25,27,32,52,63,97,104,122] [29,48,60,64,65,89,104,112] [19,25,28,60,86,93,111,119] [2,7,11,16,26,57,96,126] [18,43,55,71,99,109,112,114] [26,46,63,88,96,104,115,116] [33,36,44,82,94,100,106,120] [30,32,45,55,72,86,87,108] [2,17,51,68,76,80,85,100] [4,5,18,26,27,50,63,94] [1,14,36,45,53,56,60,95] [2,4,8,34,35,61,94,117] [8,31,35,47,67,91,106,112] [1,3,12,67,68,69,119,125] [17,29,30,32,40,50,75,125] [0,10,30,39,44,54,90,114] [1,5,44,50,57,77,78,108] [17,22,46,58,63,96,115,116] [33,44,58,59,82,88,94,100] [30,32,44,45,55,72,87,114] [17,51,62,68,76,80,85,100] [4,18,19,27,31,50,63,94] [1,45,53,54,56,60,85,95] [2,4,34,35,54,64,94,102] [8,31,35,47,67,91,106,112] [3,4,14,18,55,68,69,109] [2,16,17,26,32,40,50,64] [0,10,14,44,48,54,62,127] [0,11,50,57,63,77,103,108] [17,34,58,63,89,107,115,116] [33,44,48,59,89,94,100,123] [30,32,44,45,55,72,87,108] [17,51,62,76,79,85,100,111] [4,18,19,27,31,50,91,127] [1,45,53,54,56,60,85,95] [2,4,7,34,35,64,94,117] [8,31,35,38,47,63,67,106] [3,4,18,46,55,68,69,94] [2,17,30,31,40,54,64,107] [0,14,54,77,80,90,115,127] [0,11,50,57,63,65,77,103] [20,23,24,69,80,115,117,126] [46,47,53,58,100,120,121,122] [3,6,16,29,69,98,108,110] [5,22,45,47,83,87,95,99] [1,5,10,32,68,71,94,123] [4,14,31,44,74,92,107,127]
Token  53: [40,43,45,52,65,73,98,100] [18,31,38,80,94,100,122,127] [3,38,57,82,84,88,99,104] [6,25,37,71,86,93,94,127] [7,11,52,76,78,85,106,115] [59,61,64,66,97,109,114,125] [34,41,56,63,83,105,115,116] [5,18,33,49,94,100,109,112] [44,45,65,72,84,93,121,127] [0,9,17,62,71,80,102,110] [18,26,36,47,50,61,90,105] [1,24,45,49,54,61,122,125] [15,56,61,73,79,95,99,102] [6,15,26,28,58,80,106,118] [3,4,17,20,32,48,69,86] [16,17,31,40,49,63,85,101] [8,39,48,89,114,115,122,127] [1,18,19,42,77,78,99,105] [34,56,58,105,115,116,122,126] [3,33,49,58,59,100,112,123] [35,45,66,72,84,114,116,121] [0,9,50,85,98,110,122,125] [19,31,50,56,61,78,90,105] [1,23,24,49,54,61,85,92] [15,23,24,34,35,79,96,99] [15,28,58,78,91,106,110,118] [4,14,17,20,48,69,86,104] [2,16,40,70,85,101,120,127] [39,48,62,73,81,89,124,127] [19,21,33,42,78,80,105,118] [24,34,56,83,88,105,115,126] [5,24,33,49,75,94,100,112] [32,35,45,65,66,72,84,121] [9,51,76,85,98,104,110,125] [18,50,56,61,68,78,90,105] [1,3,23,24,54,61,85,125] [21,23,34,61,73,79,96,99] [13,15,23,28,58,78,106,118] [3,17,20,48,55,69,86,100] [17,40,52,70,85,101,103,127] [39,73,80,81,105,115,124,127] [1,19,21,42,48,69,80,103] [23,24,64,68,80,113,114,115] [31,37,46,77,88,100,104,120] [6,53,69,73,90,98,102,104] [2,22,27,32,45,87,101,114] [5,11,34,52,55,60,98,117] [20,57,73,74,77,86,105,109]
Token  54: [14,21,50,51,57,103,106,110] [3,6,9,28,33,80,95,122] [41,81,84,90,100,115,122,125] [4,39,71,86,87,95,115,117] [7,11,28,34,50,56,67,83] [18,31,47,51,68,105,110,119] [26,34,56,58,63,112,116,126] [5,33,36,44,82,94,100,106] [36,44,45,67,72,86,109,127] [0,8,32,51,65,68,80,122] [18,26,29,30,50,78,90,123] [48,53,54,60,63,69,85,109] [2,23,24,65,73,79,95,107] [23,26,31,66,68,82,83,118] [3,4,11,16,69,105,109,110] [16,17,40,50,64,72,103,120] [48,80,81,115,119,122,124,127] [1,18,55,78,82,90,99,103] [26,34,41,58,63,116,122,126] [3,24,33,49,59,75,100,112] [45,65,66,72,84,116,121,127] [0,9,49,80,98,110,122,125] [19,56,61,73,78,90,98,105] [3,23,24,26,49,54,61,125] [15,23,24,65,73,79,96,99] [15,28,58,78,80,82,110,118] [4,14,16,48,69,89,105,110] [6,16,40,49,59,70,72,120] [12,14,48,80,81,89,119,127] [1,18,66,78,83,90,99,103] [26,34,46,56,58,63,89,126] [3,33,56,59,75,100,106,112] [36,45,65,66,72,109,114,127] [0,32,49,65,80,84,96,98] [16,29,36,50,51,69,90,98] [3,23,53,54,59,63,85,109] [21,23,24,34,61,73,79,114] [13,66,82,91,106,113,118,125] [3,11,16,55,57,69,90,105] [9,16,17,31,40,58,72,120] [12,14,30,80,84,115,119,127] [2,9,35,66,78,80,90,103] [18,23,27,68,80,93,102,115] [6,29,36,46,87,100,104,120] [6,14,20,38,48,69,98,104] [22,27,32,45,58,70,80,114] [52,55,60,63,75,101,115,117] [36,47,66,86,88,120,123,124]
Token  55: [28,51,83,87,91,112,124,125] [9,16,29,45,48,67,68,122] [4,23,36,42,67,76,100,125] [12,70,73,92,100,101,112,114] [7,11,28,37,38,50,83,119] [10,35,63,74,87,93,114,115] [46,63,87,104,111,115,116,118] [2,19,32,33,44,82,100,106] [15,18,20,35,44,67,86,127] [0,32,35,65,66,68,80,102] [7,18,30,50,91,103,109,111] [8,22,36,42,48,53,60,69] [2,26,27,34,41,65,73,115] [13,23,68,82,83,91,106,118] [3,16,53,55,60,63,69,102] [6,17,40,50,60,64,72,120] [14,60,80,84,108,110,115,122] [46,52,77,78,82,90,94,103] [13,34,46,56,63,104,116,119] [2,33,44,75,82,94,100,106] [18,20,35,45,67,72,86,127] [0,32,51,65,68,80,102,111] [18,36,50,69,98,103,109,111] [14,20,22,31,48,53,60,85] [23,26,34,71,73,79,85,107] [23,68,78,82,83,98,118,119] [3,16,27,29,55,69,83,102] [6,40,50,64,72,79,99,120] [14,55,60,80,94,108,110,122] [4,13,46,78,82,94,99,103] [13,34,46,58,63,89,116,126] [2,33,44,56,82,94,100,106] [18,36,45,67,72,86,90,127] [0,23,32,65,68,80,102,111] [18,30,36,41,50,69,103,109] [8,22,31,53,60,69,85,115] [26,34,61,71,73,80,101,115] [13,41,68,76,82,91,106,118] [3,11,16,53,55,69,80,102] [16,17,31,40,51,60,61,120] [14,60,80,108,110,115,122,127] [15,36,46,52,78,90,103,122] [23,24,49,68,80,90,115,125] [12,19,49,80,100,104,121,125] [6,11,23,45,88,98,99,104] [17,22,26,45,46,76,112,114] [29,30,39,52,60,81,104,105] [15,35,71,74,95,111,121,127]
Token  56: [0,16,51,53,70,97,104,120] [20,24,34,62,76,86,107,122] [14,72,81,87,92,100,116,125] [12,13,23,25,32,76,105,117] [0,11,23,25,38,73,83,89] [31,35,47,68,80,97,107,119] [13,34,41,56,58,63,115,116] [33,44,60,82,87,94,100,106] [18,36,44,45,64,72,86,127] [0,2,32,65,68,80,94,102] [14,18,29,36,50,69,113,116] [3,30,48,54,60,63,69,120] [23,26,53,65,73,79,85,115] [13,26,44,68,75,82,83,118] [3,4,11,29,55,63,69,80] [2,5,16,17,31,40,50,60] [7,14,40,60,84,89,115,122] [1,18,52,53,77,78,90,99] [26,34,58,63,89,116,122,126] [5,33,59,75,82,87,100,123] [5,35,45,64,65,72,114,127] [0,49,51,80,85,94,98,122] [16,19,26,29,36,68,78,90] [7,20,30,48,54,60,65,103] [9,21,23,24,28,79,85,126] [26,33,68,78,82,83,91,118] [3,4,38,55,63,69,80,110] [2,5,6,16,38,40,50,120] [7,14,30,40,89,114,122,127] [13,52,77,78,90,99,123,124] [13,26,34,58,63,89,115,126] [33,56,58,59,75,84,87,100] [5,18,36,45,64,72,90,127] [17,51,65,76,80,85,94,96] [18,30,36,50,69,91,94,116] [8,52,54,60,65,85,104,120] [20,23,34,53,73,79,111,115] [13,44,75,82,83,91,106,118] [3,11,29,55,57,69,79,80] [16,17,31,40,48,60,61,120] [1,7,14,30,40,80,115,127] [15,52,53,78,80,90,103,124] [23,24,37,59,68,73,80,125] [43,46,49,81,96,100,104,120] [6,37,38,39,45,80,98,104] [22,45,46,63,80,104,112,114] [39,52,55,63,82,84,105,124] [27,32,35,52,71,90,95,108]
Token  57: [3,28,29,62,77,80,111,126] [11,45,62,76,78,86,93,122] [23,36,42,72,115,119,121,125] [1,11,20,25,76,101,105,119] [0,7,11,39,40,74,83,97] [1,8,30,55,80,97,119,122] [46,63,64,66,104,111,115,116] [9,33,44,82,87,94,100,106] [18,27,44,45,55,67,72,86] [0,32,62,68,80,84,94,102] [1,14,18,29,36,50,116,120] [22,60,68,69,86,93,115,120] [23,34,53,73,79,85,102,115] [24,44,49,68,75,83,106,118] [3,4,9,11,29,55,62,69] [2,5,17,26,31,40,50,79] [40,84,111,114,115,122,123,127] [1,53,77,78,84,90,99,103] [34,46,63,66,96,115,116,126] [9,33,36,44,82,87,94,100] [18,24,45,55,72,86,114,127] [0,17,51,62,68,80,94,98] [14,18,19,36,43,50,90,120] [31,48,52,54,60,68,85,120] [20,23,28,35,79,85,101,107] [24,31,33,49,68,78,91,118] [3,29,38,62,63,69,109,110] [2,26,38,40,50,63,79,84] [14,29,30,97,111,122,123,127] [68,77,80,84,99,120,123,124] [13,22,34,58,89,115,116,126] [5,33,44,87,89,94,100,108] [18,24,27,32,45,72,90,127] [17,63,68,76,80,94,98,105] [36,37,50,77,84,90,91,120] [1,31,48,54,60,68,85,120] [20,23,34,53,61,73,79,101] [13,49,68,83,91,106,118,125] [3,10,11,29,55,57,62,69] [5,16,17,31,40,46,58,89] [23,30,80,111,115,122,123,127] [53,77,78,80,84,90,103,121] [14,23,24,28,55,68,80,115] [5,8,26,46,96,100,120,121] [6,13,29,69,80,98,104,110] [2,5,22,45,47,83,114,117] [10,45,52,55,68,76,104,125] [11,31,54,82,84,90,112,127]
Token  58: [0,31,61,69,81,93,101,107] [26,45,60,62,83,86,91,122] [68,72,92,103,116,117,123,125] [1,20,25,99,100,106,117,119] [0,11,83,89,91,100,102,111] [30,31,35,55,80,97,111,119] [22,41,46,63,66,104,115,116] [5,33,44,72,82,94,100,106] [27,28,45,55,67,72,86,99] [0,21,68,76,80,84,102,105] [1,14,18,29,36,50,84,116] [13,15,22,58,69,93,115,120] [4,23,28,69,73,78,79,85] [13,31,44,68,83,91,118,121] [3,10,28,29,38,69,84,101] [3,5,26,34,40,50,63,84] [14,20,84,98,105,121,122,127] [1,14,30,77,78,90,97,124] [22,26,46,58,63,89,116,126] [5,33,44,59,72,82,94,100] [27,28,35,37,45,72,86,127] [17,50,68,69,76,80,98,105] [14,18,19,36,50,69,90,116] [13,26,48,54,58,60,90,120] [23,34,69,79,85,102,107,126] [13,33,35,68,80,83,106,118] [3,10,29,38,55,57,63,69] [3,6,17,26,34,40,63,100] [1,14,30,80,84,105,121,127] [1,9,14,30,77,78,82,90] [46,58,63,89,104,116,124,126] [5,33,36,44,82,88,94,106] [32,35,37,45,66,67,72,86] [17,68,76,80,85,98,102,105] [14,18,50,73,83,90,91,94] [13,26,54,58,60,85,90,120] [23,27,36,69,79,102,107,126] [13,33,68,83,93,106,118,121] [3,10,29,38,55,57,66,69] [3,17,26,34,40,50,89,100] [14,30,48,80,105,115,121,127] [1,14,30,45,77,78,90,97] [14,21,23,55,80,101,115,119] [4,5,36,37,46,100,104,120] [6,29,54,69,71,98,104,108] [22,27,45,54,104,114,117,127] [14,52,55,63,67,117,125,127] [20,32,34,55,58,86,112,117]
Token  59: [28,64,75,87,91,101,105,110] [9,16,28,44,60,63,71,122] [4,36,42,46,60,64,83,104] [21,24,70,71,73,80,106,117] [5,7,11,51,57,60,70,102] [18,31,43,55,93,115,119,122] [14,20,46,63,89,104,116,124] [5,32,33,36,44,82,88,94] [21,32,35,37,45,67,86,104] [0,8,17,41,68,76,80,102] [15,18,29,50,82,85,91,124] [1,48,54,62,94,97,100,122] [2,8,14,27,30,34,61,67] [34,40,62,68,83,106,112,119] [3,15,29,38,53,57,69,109] [17,32,40,54,63,89,100,106] [1,14,30,80,84,98,108,127] [1,9,36,49,78,81,82,100] [14,22,46,63,89,104,116,119] [5,21,33,36,44,82,88,94] [32,35,37,45,67,72,86,100] [7,8,17,35,68,76,79,80] [15,18,33,50,82,85,91,124] [1,48,54,62,73,85,97,100] [2,4,14,27,34,61,67,127] [2,8,62,68,89,106,112,120] [3,15,38,55,57,64,69,71] [6,17,32,40,50,54,89,126] [14,30,44,80,84,93,108,127] [9,36,49,77,78,81,82,100] [14,20,22,46,63,66,89,116] [5,19,33,44,82,88,94,100] [32,35,37,45,67,72,86,100] [0,7,8,17,41,68,76,80] [15,18,19,50,82,91,124,127] [1,25,54,62,73,85,94,100] [2,14,27,34,67,102,112,126] [36,62,63,68,91,106,112,119] [3,11,15,38,55,57,69,87] [2,17,31,32,40,54,106,126] [14,44,54,77,80,108,115,127] [0,36,49,63,65,77,78,121] [23,24,68,75,80,115,117,126] [46,47,56,68,75,100,120,121] [3,6,11,29,69,80,98,110] [5,12,22,45,47,83,87,117] [5,10,45,52,55,68,104,117] [15,31,44,74,82,90,112,127]
Token  60: [31,47,53,61,69,93,120,122] [2,13,25,45,63,83,91,122] [12,68,72,104,116,117,123,125] [1,20,71,89,93,101,106,117] [11,43,63,79,83,91,102,111] [30,35,55,97,103,111,119,125] [14,39,46,63,89,96,115,116] [9,33,36,44,72,82,94,100] [10,27,44,45,55,72,86,99] [0,14,17,43,68,76,80,105] [14,18,21,50,69,83,91,113] [1,54,58,69,90,115,120,122] [4,27,30,66,67,69,102,126] [33,44,68,91,103,106,112,121] [3,11,28,55,57,63,69,125] [2,17,34,40,100,106,120,125] [48,84,98,114,115,121,122,127] [1,7,61,77,78,99,122,124] [14,46,58,63,89,96,115,116] [5,33,36,44,72,82,94,123] [18,27,32,35,45,72,86,99] [0,17,43,51,68,76,102,105] [14,18,19,31,33,50,91,113] [1,36,54,58,60,85,99,120] [2,34,35,47,66,69,85,126] [26,33,35,44,59,68,95,106] [3,4,14,55,63,69,109,125] [2,17,34,40,45,50,63,100] [14,30,48,76,90,97,121,127] [13,14,61,77,78,80,114,124] [9,22,58,89,96,115,116,126] [33,44,48,59,72,89,94,100] [18,32,35,45,72,90,99,114] [17,50,51,62,85,102,105,111] [18,19,31,50,63,68,91,94] [1,13,54,58,60,72,85,120] [4,34,35,36,66,69,71,126] [13,32,33,44,68,79,106,125] [3,4,29,55,63,69,98,101] [2,17,31,34,40,45,100,127] [14,30,48,54,76,80,115,121] [14,45,61,77,80,82,97,103] [21,23,65,80,101,115,117,119] [4,37,46,65,66,100,104,120] [6,16,29,46,54,69,71,98] [2,20,32,45,54,71,104,114] [5,27,52,55,67,68,76,77] [34,44,55,58,74,92,112,117]
Token  61: [11,16,72,85,100,101,114,119] [21,37,60,63,75,89,106,122] [16,45,65,78,101,103,111,112] [1,20,25,81,93,101,103,106] [7,11,52,57,63,83,96,102] [31,55,59,71,97,103,114,119] [13,26,58,63,89,104,115,116] [9,31,33,44,82,94,100,106] [21,32,45,55,67,72,86,99] [0,17,62,68,76,80,85,102] [18,36,50,63,68,69,78,91] [22,54,60,72,85,90,120,125] [2,4,18,27,30,34,66,126] [32,66,68,85,91,106,117,126] [3,38,55,63,67,68,69,125] [3,11,17,34,40,45,100,120] [30,76,80,84,90,106,114,127] [1,5,7,9,26,77,82,124] [22,46,63,66,89,96,115,116] [33,36,44,82,88,94,100,106] [32,45,55,67,72,86,90,99] [17,62,68,76,80,97,102,111] [16,18,19,50,63,69,91,94] [1,58,60,72,85,90,100,115] [2,4,27,30,34,61,102,126] [35,68,92,99,103,106,112,117] [3,27,38,63,67,69,109,125] [6,17,29,32,40,45,50,120] [14,30,80,84,90,106,114,127] [5,7,9,13,72,73,77,82] [46,58,63,66,89,96,115,116] [33,36,44,82,88,94,100,106] [9,32,37,45,67,72,86,102] [17,51,68,76,80,85,102,111] [16,18,19,30,50,63,91,94] [14,45,54,72,85,96,115,120] [4,27,34,41,64,66,102,126] [0,32,47,68,93,103,106,117] [3,27,55,67,69,98,119,125] [17,29,40,45,50,63,75,127] [0,30,48,54,90,106,115,127] [5,7,55,57,77,78,80,88] [14,23,35,47,80,108,114,117] [7,46,58,96,98,100,115,120] [6,29,39,46,52,69,105,108] [29,40,45,50,54,64,71,114] [16,27,63,68,76,93,99,125] [3,53,58,76,87,102,104,112]
Token  62: [7,58,72,85,88,109,117,121] [1,37,44,60,63,65,89,122] [16,40,45,60,81,95,104,127] [3,20,71,81,84,103,106,127] [7,11,30,34,52,63,73,81] [17,25,37,64,73,74,103,114] [24,27,34,53,58,63,71,76] [18,24,59,75,100,106,109,112] [38,45,57,65,72,90,116,127] [0,9,19,49,80,110,122,125] [16,26,56,61,68,78,90,105] [24,28,49,54,60,61,103,125] [2,9,15,56,65,79,96,99] [15,19,23,26,28,42,78,91] [3,4,17,20,48,67,100,110] [8,16,40,59,70,85,101,120] [14,39,65,73,81,82,89,115] [1,18,19,21,55,83,99,123] [24,26,34,41,63,71,105,116] [9,24,49,59,100,106,109,112] [38,45,65,72,84,101,111,121] [0,9,49,96,98,110,122,125] [26,56,61,68,78,90,98,105] [3,23,24,49,54,61,92,125] [15,21,23,56,65,79,96,99] [15,26,28,58,78,81,104,118] [4,48,55,81,89,103,107,110] [16,41,49,59,70,101,120,127] [39,48,65,81,82,89,105,115] [1,18,21,55,75,83,93,118] [24,26,27,34,63,83,105,126] [3,18,24,59,75,100,109,112] [15,38,46,65,72,90,101,121] [0,16,49,96,98,110,122,125] [16,26,56,68,78,90,98,105] [3,23,24,49,54,64,121,125] [21,23,65,73,79,85,96,108] [20,47,61,78,91,104,112,118] [3,49,57,81,86,102,110,125] [11,15,25,48,49,75,91,120] [35,39,42,48,80,87,107,113] [21,30,34,39,59,77,88,105] [4,17,33,56,70,80,111,114] [11,61,72,80,82,83,98,99] [5,7,9,25,29,42,96,104] [3,29,51,73,91,107,110,121] [16,27,33,40,43,46,94,100] [4,17,53,72,87,102,107,112]
Token  63: [35,52,57,76,109,117,123,127] [27,37,46,60,63,89,103,122] [29,45,48,60,64,65,101,103] [25,67,71,74,93,101,103,106] [7,11,16,57,63,83,96,119] [20,35,55,71,97,103,110,112] [26,39,63,87,96,104,115,116] [9,24,33,36,44,82,94,100] [21,32,44,45,55,67,72,86] [0,17,21,62,68,76,80,85] [4,12,18,36,50,63,91,94] [53,54,60,62,72,90,94,102] [2,4,8,27,30,34,54,126] [30,33,43,47,68,91,106,117] [1,3,38,63,67,68,69,125] [15,17,34,40,45,50,66,100] [0,48,76,84,90,106,114,127] [1,7,77,78,82,90,123,124] [22,26,44,46,58,63,115,116] [33,36,44,82,94,100,106,123] [18,32,44,45,72,86,90,114] [17,50,51,62,68,76,80,111] [12,18,19,36,50,60,63,91] [1,31,54,58,72,85,90,115] [4,27,30,34,35,54,66,126] [30,35,43,68,85,106,117,118] [1,3,27,38,63,67,69,109] [17,29,40,45,58,75,120,125] [0,76,80,84,90,106,112,127] [5,7,16,50,57,73,77,82] [22,46,58,63,66,89,115,116] [19,33,36,44,82,94,100,106] [32,35,45,50,55,67,72,86] [17,62,68,76,80,85,102,111] [12,18,19,30,36,50,63,91] [1,45,53,54,60,72,85,90] [4,27,34,35,36,71,102,126] [32,33,47,83,93,103,106,117] [3,55,63,67,68,69,98,119] [17,29,30,40,45,50,63,127] [0,30,48,80,90,106,112,127] [5,7,44,50,55,57,77,80] [23,43,47,58,80,99,108,117] [0,26,53,58,66,98,100,115] [6,9,29,39,46,52,58,105] [18,50,54,64,71,91,95,99] [16,27,32,43,68,76,94,104] [3,53,72,76,87,102,103,107]
Token  64: [24,35,52,57,76,117,123,127] [18,25,27,60,63,89,109,122] [12,29,45,60,64,65,103,104] [19,20,25,28,74,81,93,106] [7,11,28,37,51,53,57,70] [18,31,35,55,93,110,112,119] [20,46,63,74,87,104,111,116] [32,33,44,63,82,94,100,106] [22,35,45,67,86,87,88,123] [0,7,17,68,76,80,100,102] [4,18,27,50,63,69,91,94] [21,36,53,60,90,95,99,100] [2,4,8,14,27,34,115,127] [40,67,91,92,93,106,112,117] [3,15,38,53,57,69,109,115] [3,6,17,32,40,75,89,120] [0,1,14,80,84,93,105,127] [1,7,50,62,77,82,100,103] [22,46,63,64,87,89,104,116] [19,32,33,44,82,94,100,106] [21,40,44,45,67,86,90,123] [7,17,66,68,76,80,102,111] [7,18,30,50,63,91,94,98] [22,53,60,67,72,99,100,102] [2,4,14,27,34,102,115,127] [82,92,93,99,104,106,112,117] [3,15,38,53,57,66,69,109] [3,6,32,40,75,89,120,125] [1,14,80,84,93,105,113,127] [62,72,77,82,100,103,116,121] [20,46,63,66,89,102,104,116] [19,33,44,63,82,94,100,106] [9,35,45,67,86,90,119,123] [7,17,66,68,76,80,102,111] [7,18,21,30,71,82,91,94] [4,53,60,78,94,96,99,100] [2,4,14,34,36,92,115,127] [20,27,52,85,92,104,106,112] [3,15,24,26,49,92,102,125] [11,25,32,40,51,75,110,125] [1,30,42,80,84,93,105,107] [26,34,39,59,77,80,82,88] [17,33,56,58,70,80,111,117] [18,46,68,72,80,82,99,115] [5,6,29,42,46,62,104,108] [29,45,50,51,64,99,110,121] [15,16,27,32,43,76,94,125] [3,4,53,72,76,87,102,107]
Token  65: [24,27,52,76,88,117,121,127] [13,25,27,38,52,60,63,122] [27,29,36,60,64,65,101,104] [19,25,60,74,80,93,95,103] [7,11,16,28,51,57,60,119] [9,18,31,55,71,110,112,122] [17,22,46,63,97,104,115,116] [32,33,36,44,82,94,100,106] [18,30,32,45,86,87,108,123] [17,62,68,76,80,85,100,102] [4,12,18,27,31,63,91,94] [17,31,53,54,56,75,94,100] [2,4,8,27,34,35,94,111] [8,31,43,63,91,92,106,112] [1,3,15,38,68,69,98,119] [17,32,34,40,45,54,100,126] [0,10,76,84,90,114,115,127] [1,11,50,57,62,77,82,90] [17,22,46,58,63,96,115,116] [33,36,44,82,89,94,100,123] [18,30,32,35,44,45,72,87] [7,17,51,62,68,76,80,100] [4,12,18,27,31,36,50,91] [30,45,53,56,85,94,95,110] [2,4,34,35,36,64,94,111] [8,31,38,47,63,67,106,112] [3,14,15,67,68,69,109,119] [17,26,29,32,40,45,87,100] [0,14,62,76,90,97,114,127] [5,11,13,50,57,73,77,122] [17,52,58,87,89,96,115,116] [19,33,44,48,82,94,100,123] [18,30,32,45,72,87,90,108] [17,23,50,62,76,80,85,100] [4,18,27,31,36,38,63,91] [17,45,48,53,54,56,94,95] [4,7,8,35,61,111,115,126] [8,31,40,47,103,106,112,117] [2,3,15,55,67,69,98,109] [2,17,26,32,40,45,100,127] [0,14,30,46,48,54,76,115] [7,50,57,77,80,81,82,100] [14,23,47,52,69,80,108,117] [5,37,46,53,66,100,120,122] [3,6,16,29,46,70,94,108] [4,29,45,50,71,95,99,114] [5,27,32,68,76,90,93,94] [4,18,44,58,74,92,107,112]
Token  66: [17,45,52,65,98,100,102,120] [32,63,70,94,108,122,125,127] [30,53,65,82,87,88,99,123] [25,45,73,86,93,101,102,108] [11,32,52,57,73,78,83,92] [42,55,59,71,79,99,104,109] [26,39,63,71,89,96,115,116] [9,24,33,36,44,82,94,100] [21,32,45,69,72,102,108,123] [0,2,17,21,51,62,80,85] [4,12,16,18,36,50,57,94] [28,53,54,60,90,94,104,120] [4,8,21,34,54,111,126,127] [0,31,33,47,80,91,92,106] [1,3,38,55,67,69,86,125] [17,31,41,45,52,66,89,100] [10,46,48,76,90,91,115,122] [1,7,18,50,77,82,123,124] [26,44,58,89,91,96,115,122] [8,24,33,58,59,88,100,123] [18,32,45,53,72,93,102,114] [0,2,17,23,50,51,76,85] [16,19,31,36,40,47,50,84] [31,45,53,72,90,94,95,103] [9,18,35,54,64,71,111,126] [25,31,43,47,68,78,85,117] [1,63,67,69,97,109,110,113] [21,26,45,50,68,75,100,109] [10,46,48,76,90,97,106,127] [7,13,50,77,80,99,123,124] [26,34,39,58,89,91,96,115] [8,33,47,48,56,58,59,100] [3,18,32,45,53,90,99,102] [2,17,51,69,76,85,91,106] [4,5,16,35,63,67,92,118] [3,6,52,53,65,72,75,78] [4,8,22,41,64,92,111,127] [13,25,31,35,91,93,106,117] [2,55,63,67,69,98,119,125] [26,29,30,40,45,52,83,127] [30,48,54,76,90,106,112,127] [7,44,50,55,57,77,80,82] [23,35,39,47,80,99,108,117] [5,46,53,58,66,100,115,120] [6,16,29,46,52,70,98,108] [29,45,50,54,71,91,95,114] [14,27,32,68,76,77,104,106] [58,65,71,76,84,107,109,112]
Token  67: [11,16,46,72,85,100,114,119] [22,32,63,70,106,119,122,127] [2,16,45,65,78,95,99,123] [17,19,25,60,81,84,86,93] [7,11,52,57,63,73,92,96] [17,37,59,64,73,74,112,114] [27,34,53,58,63,71,89,107] [9,18,24,59,100,106,109,112] [38,45,57,65,72,90,102,127] [0,17,19,49,80,96,111,122] [3,16,18,47,51,57,78,105] [21,24,28,32,54,60,103,125] [2,8,15,56,65,96,105,115] [15,23,26,28,58,78,91,106] [3,17,20,67,69,81,100,110] [8,16,40,49,70,85,101,120] [14,39,65,80,81,83,89,115] [18,21,33,42,55,77,82,83] [24,26,34,44,46,63,88,105] [6,9,24,49,100,106,109,112] [37,38,46,65,72,101,121,124] [0,9,10,49,96,110,111,125] [26,30,47,56,58,69,94,98] [7,21,64,65,96,99,124,125] [2,9,17,34,43,46,65,119] [73,77,92,99,104,106,112,125] [53,57,76,88,99,107,110,115] [6,8,16,59,76,91,93,120] [1,65,80,83,89,93,105,115] [1,18,72,75,82,88,93,123] [26,34,63,70,75,83,89,104] [6,28,30,36,43,103,106,109] [9,14,15,37,38,41,46,72] [10,23,49,54,65,80,96,104] [7,47,65,71,88,109,112,119] [4,21,29,37,64,78,99,111] [9,14,17,42,46,95,108,123] [20,27,36,47,78,92,104,112] [1,7,26,30,36,92,102,125] [8,11,25,46,75,91,106,120] [1,12,40,42,48,107,113,115] [13,34,59,82,86,88,105,123] [8,17,25,56,66,67,70,111] [10,18,72,74,80,82,99,111] [5,9,12,25,34,42,62,103] [29,41,51,73,77,98,110,117] [16,27,37,43,46,76,100,106] [3,4,8,48,76,87,102,104]
Token  68: [32,35,46,57,58,72,109,123] [1,18,27,32,33,52,63,122] [2,48,60,94,95,103,111,127] [17,25,28,49,74,81,86,93] [7,11,37,52,57,73,92,96] [18,55,59,100,104,110,112,119] [44,58,63,71,87,104,115,116] [9,24,33,44,82,94,100,106] [38,45,53,67,72,86,90,102] [0,7,17,68,71,80,85,96] [16,18,26,50,63,69,91,94] [21,28,53,60,90,95,96,99] [2,4,8,27,34,65,115,127] [8,40,58,67,91,92,106,112] [3,15,38,53,57,69,115,125] [16,17,32,40,45,75,89,120] [0,1,14,80,84,93,105,114] [1,7,62,77,82,100,103,124] [22,46,63,64,87,104,115,116] [5,33,44,82,88,94,100,106] [35,44,45,65,67,86,90,123] [7,17,59,68,80,102,104,111] [7,18,45,50,63,69,94,98] [52,53,60,67,85,96,99,100] [2,4,34,79,80,85,95,102] [23,82,83,99,104,106,112,118] [3,10,38,53,57,69,75,109] [3,6,17,40,58,75,82,120] [1,14,30,80,84,93,114,127] [9,62,72,77,82,88,90,103] [34,46,63,66,89,102,104,116] [9,33,44,73,82,94,100,106] [9,35,43,45,55,67,72,86] [57,59,68,76,80,102,104,111] [7,18,30,50,82,91,94,113] [4,39,53,69,78,96,100,115] [2,4,14,34,42,80,92,102] [20,61,67,83,92,104,106,112] [3,29,53,55,57,69,109,125] [11,17,40,50,58,75,89,120] [0,1,39,42,48,80,107,127] [7,34,44,57,59,77,88,105] [17,56,58,80,108,111,114,117] [0,46,53,58,66,99,100,115] [5,6,25,29,46,104,108,111] [29,45,50,71,99,114,117,121] [15,16,27,32,68,76,94,125] [3,4,8,53,76,87,102,107]
Token  69: [30,52,76,88,109,117,121,127] [1,4,27,32,52,63,97,122] [25,29,48,60,64,65,104,109] [17,19,23,25,28,60,93,126] [2,7,11,16,30,57,60,96] [30,43,55,71,84,91,99,112] [17,63,89,96,97,104,115,116] [31,33,36,44,82,94,100,106] [21,30,32,45,55,67,86,90] [0,17,62,68,80,85,100,107] [4,12,15,18,27,31,63,94] [1,36,45,53,56,72,81,95] [2,4,7,27,30,35,64,94] [8,31,35,47,67,92,106,112] [1,3,38,67,68,69,119,121] [17,29,30,32,40,45,50,100] [0,24,27,30,84,90,106,127] [1,7,11,50,57,77,82,99] [17,39,46,63,89,96,115,116] [5,21,33,44,58,82,94,100] [30,32,35,45,55,77,86,114] [17,51,62,68,76,80,85,100] [4,12,18,19,27,31,50,91] [1,45,52,53,56,72,85,95] [2,4,27,34,35,54,61,64] [8,31,35,38,47,67,106,117] [3,14,67,68,69,98,109,119] [17,26,29,40,45,50,63,99] [0,14,27,30,54,90,97,127] [5,7,11,22,50,57,77,114] [17,58,63,87,89,96,115,116] [21,33,44,48,58,82,94,100] [30,32,35,45,72,77,90,114] [17,23,51,62,68,80,85,100] [4,12,18,27,31,50,63,91] [1,45,53,54,56,72,81,95] [2,4,8,34,35,41,64,127] [8,31,35,38,47,67,106,117] [2,3,12,55,67,69,98,119] [2,11,16,17,29,45,50,106] [0,30,48,54,76,90,106,112] [7,50,57,77,80,81,93,100] [23,47,52,69,87,108,113,117] [18,24,53,66,91,100,115,122] [3,16,29,46,52,67,70,102] [41,45,50,67,71,90,95,99] [27,32,66,76,90,94,113,125] [4,18,44,58,74,92,93,107]
Token  70: [17,45,52,98,100,102,108,120] [31,32,70,96,108,122,125,127] [29,30,49,53,65,82,99,123] [19,25,45,86,93,94,101,111] [2,11,19,52,57,92,96,126] [9,55,59,71,99,104,109,112] [13,22,63,89,96,104,115,116] [24,31,33,82,84,89,94,100] [30,32,45,53,72,102,108,123] [0,2,17,55,80,85,92,100] [4,12,18,27,57,63,90,94] [45,53,54,56,72,90,95,120] [4,8,23,27,40,65,71,127] [8,31,33,78,91,93,106,112] [1,14,22,67,68,69,92,125] [17,29,32,40,45,52,106,125] [14,30,39,46,90,106,113,127] [1,7,44,50,57,77,82,105] [22,35,63,89,96,115,116,126] [32,33,44,58,82,88,94,100] [21,30,32,45,72,77,86,102] [2,17,51,68,76,80,85,100] [4,12,19,27,50,57,63,91] [25,45,52,53,56,72,90,95] [2,4,27,30,41,61,64,66] [8,31,33,35,92,93,106,117] [1,3,38,63,67,69,109,119] [17,29,32,40,45,50,52,89] [0,14,30,76,84,90,106,127] [7,13,50,57,73,77,82,105] [17,46,58,63,89,96,115,116] [19,32,33,44,82,88,94,106] [21,30,32,45,67,77,86,102] [17,50,51,68,76,80,85,100] [4,12,18,27,57,63,91,94] [45,53,56,72,90,95,104,120] [2,4,27,35,41,64,126,127] [8,31,35,38,93,103,106,117] [2,3,12,55,67,69,98,119] [17,29,40,45,50,52,64,106] [0,30,48,54,80,90,106,112] [7,44,50,55,57,77,80,105] [23,47,71,80,87,99,108,117] [0,7,26,58,66,68,100,115] [2,6,16,29,39,46,57,111] [20,29,45,50,71,91,95,99] [27,32,51,68,76,77,94,120] [8,20,28,58,76,92,109,112]
Token  71: [11,16,72,85,100,108,114,119] [22,32,63,72,96,119,122,127] [16,29,45,65,78,89,95,123] [19,25,45,49,60,84,86,93] [2,11,52,57,63,73,92,96] [17,18,59,64,74,103,109,112] [25,34,47,58,63,71,107,115] [9,24,31,33,82,94,100,106] [38,45,53,55,57,72,86,102] [0,2,17,55,80,85,96,122] [16,18,26,50,63,69,78,94] [20,28,53,54,56,59,60,95] [2,4,8,34,56,61,65,127] [23,28,40,42,91,101,106,112] [3,22,23,42,53,57,69,115] [6,16,17,32,40,75,89,120] [0,1,14,80,93,105,114,115] [1,7,35,42,57,77,88,103] [23,46,56,63,64,87,104,115] [33,44,45,48,82,94,100,106] [35,44,45,67,77,86,122,123] [17,62,68,80,100,102,104,111] [13,18,23,27,30,63,94,98] [21,22,56,67,72,85,99,122] [2,4,26,32,34,43,64,127] [8,49,91,99,104,106,112,117] [3,7,8,53,69,109,111,116] [6,11,17,26,40,61,102,120] [10,14,50,80,82,93,101,114] [13,72,77,82,88,93,99,103] [46,52,63,64,74,104,115,116] [33,44,56,82,94,100,103,106] [9,35,43,67,83,86,90,123] [8,33,68,80,102,104,111,123] [2,7,18,30,45,80,103,121] [0,4,21,28,53,78,96,99] [4,14,32,34,42,61,92,108] [20,27,31,91,92,104,106,112] [3,49,53,68,69,102,109,125] [11,33,40,75,89,106,120,125] [1,28,34,42,48,80,107,113] [13,34,59,77,88,93,105,118] [17,56,70,78,80,87,111,117] [66,74,80,83,91,99,101,115] [2,5,6,29,46,104,111,114] [29,50,67,71,90,99,110,114] [16,27,32,46,63,76,93,125] [3,4,8,53,76,87,102,104]
Token  72: [7,32,35,46,57,58,109,123] [1,18,27,32,52,97,104,122] [2,29,37,48,60,94,103,111] [19,25,28,45,49,81,86,93] [2,7,11,19,57,92,96,119] [18,55,99,100,109,110,112,119] [17,46,63,87,96,104,115,116] [9,33,36,44,82,94,100,106] [30,32,45,53,67,77,86,102] [11,14,17,68,76,80,85,100] [4,12,16,18,27,58,63,94] [48,53,56,59,60,72,95,120] [2,4,8,20,27,34,47,127] [8,35,58,67,91,93,106,112] [1,3,15,38,67,69,98,115] [0,17,29,32,40,45,89,125] [0,14,48,80,82,84,106,127] [1,7,44,50,57,73,77,82] [17,46,63,87,96,104,107,115] [32,33,44,45,82,88,94,100] [17,30,32,45,53,72,77,102] [0,17,50,51,68,69,80,85] [4,12,16,27,63,94,118,126] [36,52,53,56,72,95,102,120] [4,8,41,47,64,77,92,111] [8,35,47,67,78,92,93,117] [1,38,67,69,78,97,98,109] [26,29,40,45,50,63,75,89] [0,30,33,54,76,90,97,106] [7,13,44,50,57,73,77,99] [17,58,63,87,96,104,115,116] [33,44,56,58,82,88,94,123] [30,32,45,53,67,77,90,102] [0,2,17,68,76,80,85,100] [4,12,18,27,58,63,91,94] [45,52,53,56,72,95,120,121] [2,4,8,27,61,64,111,127] [8,31,35,38,67,93,106,117] [1,2,12,38,55,67,69,119] [17,29,40,45,50,63,64,106] [0,1,30,54,76,90,106,112] [5,7,44,50,55,57,77,82] [14,23,52,80,87,99,108,117] [0,5,46,58,66,100,104,115] [2,6,25,29,46,57,108,111] [29,50,71,87,91,95,99,121] [5,16,27,32,68,76,77,94] [3,4,8,53,76,87,102,107]
Token  73: [46,52,76,88,109,117,121,127] [1,25,27,32,52,63,65,97] [3,25,29,48,60,64,65,104] [19,25,46,49,60,93,111,126] [2,11,16,30,57,60,96,126] [18,30,43,55,71,99,109,112] [17,20,63,88,96,104,115,116] [33,36,44,82,94,100,106,120] [21,30,32,45,72,86,87,108] [11,17,62,68,76,80,85,100] [4,12,18,27,31,42,63,94] [36,45,53,54,56,60,72,95] [2,4,7,8,27,34,35,94] [8,31,35,38,47,67,106,112] [3,12,38,67,68,69,81,119] [17,29,30,32,40,45,50,100] [0,14,54,84,90,106,114,127] [1,5,11,44,50,57,77,108] [17,39,46,63,96,104,115,116] [5,21,33,44,58,88,94,100] [30,32,35,45,55,72,86,90] [17,51,62,68,76,80,85,100] [4,12,18,19,27,31,50,91] [1,36,45,53,54,56,85,95] [2,4,27,34,35,54,61,64] [8,35,38,47,67,91,106,110] [3,4,12,14,68,69,81,109] [2,16,17,29,40,45,50,99] [0,14,30,54,62,88,97,127] [0,11,13,50,57,77,80,108] [17,58,88,89,115,116,122,126] [33,48,58,59,89,94,100,123] [30,32,35,45,72,77,87,90] [17,50,51,76,79,85,100,111] [4,12,18,27,31,50,68,91] [1,45,53,54,56,85,92,95] [2,4,7,34,35,64,94,117] [8,31,35,38,47,63,67,106] [3,4,12,18,55,68,69,81] [2,17,30,31,40,54,64,107] [0,14,48,54,80,108,115,127] [0,11,50,57,63,65,77,100] [20,23,24,69,80,87,117,126] [46,47,58,100,115,120,121,122] [3,6,16,29,69,94,108,110] [5,45,83,86,87,95,99,114] [1,5,10,32,68,71,94,123] [4,14,31,44,74,92,107,127]
Token  74: [40,43,45,52,65,73,98,100] [18,31,38,94,96,100,122,127] [3,38,57,82,84,88,99,104] [6,37,71,86,93,94,95,127] [7,11,76,78,85,92,106,115] [59,61,64,66,97,109,114,125] [34,41,56,63,83,105,115,126] [5,18,33,49,94,100,109,112] [45,65,72,84,86,93,121,127] [0,9,62,80,85,102,110,122] [18,26,47,50,61,78,90,105] [1,24,49,54,60,61,95,125] [15,34,35,56,79,95,99,102] [6,15,26,28,58,91,106,118] [3,4,17,20,48,69,81,104] [16,17,31,38,40,85,101,120] [8,39,48,81,89,114,115,127] [1,18,19,33,42,78,99,105] [34,56,63,88,105,115,116,126] [5,33,36,44,49,94,100,112] [32,35,45,66,72,84,116,121] [0,9,51,68,85,98,110,125] [31,45,50,56,61,78,90,105] [1,23,24,49,54,61,85,92] [15,23,34,35,61,79,96,99] [15,28,35,36,58,106,110,118] [14,17,20,48,69,86,89,100] [16,26,40,70,85,99,120,127] [14,39,48,62,73,81,124,127] [19,21,33,42,55,78,105,118] [24,34,56,83,88,105,115,126] [5,24,33,49,59,75,100,112] [32,35,45,65,72,84,121,127] [9,51,62,76,98,102,110,125] [18,50,56,61,68,78,90,105] [3,23,24,49,54,61,85,125] [15,21,23,34,61,79,96,99] [15,23,28,33,58,68,106,118] [3,17,20,48,55,86,90,100] [40,52,59,70,85,101,103,127] [48,73,80,81,84,115,124,127] [1,9,19,21,42,48,69,80] [24,31,32,64,80,113,114,115] [31,37,46,77,78,88,100,104] [6,8,53,73,90,98,102,104] [22,27,32,45,82,87,101,114] [5,11,34,52,55,60,98,118] [20,44,73,74,77,86,105,109]
Token  75: [14,21,50,51,57,103,106,110] [3,6,9,28,44,80,95,122] [36,41,84,90,100,115,122,125] [4,12,39,71,86,87,95,117] [7,11,20,28,34,50,56,83] [18,47,51,68,73,105,110,119] [26,34,56,58,63,115,116,126] [33,36,44,82,94,100,106,109] [35,36,45,67,72,86,109,127] [0,8,32,65,68,80,98,122] [18,26,29,47,50,68,78,90] [3,48,53,54,60,63,69,109] [23,24,65,73,78,79,85,107] [23,26,31,66,68,82,83,118] [3,4,16,69,105,109,110,123] [16,17,23,40,50,66,72,103] [12,48,65,81,89,115,119,122] [1,18,55,78,83,90,99,123] [26,34,41,63,105,116,122,126] [3,6,9,24,49,59,100,112] [38,45,65,66,72,84,116,121] [0,9,32,49,98,110,122,125] [29,56,61,68,78,90,98,105] [23,24,26,49,54,61,109,125] [15,21,23,24,47,79,96,99] [15,28,31,66,80,82,110,118] [3,4,16,30,69,89,105,110] [6,16,40,59,64,72,103,120] [12,14,48,55,80,81,89,119] [1,2,13,66,78,83,90,99] [34,46,56,58,63,89,116,126] [3,33,44,75,82,94,100,106] [36,45,72,86,90,109,114,127] [32,49,65,68,80,84,96,98] [18,30,36,50,69,90,98,113] [3,54,59,60,63,69,85,109] [2,23,24,34,61,73,79,114] [10,23,66,82,98,106,113,118] [3,16,53,55,57,69,90,105] [9,16,17,40,61,72,103,120] [12,14,43,80,84,115,119,127] [2,9,35,66,78,90,103,112] [18,23,27,68,80,93,102,115] [6,29,36,46,87,100,104,120] [6,14,20,27,48,69,98,104] [22,27,32,45,58,70,80,114] [52,55,60,63,75,101,115,117] [36,47,66,86,88,120,123,124]
Token  76: [28,51,83,87,91,112,124,125] [9,16,29,45,48,67,68,122] [23,36,42,64,67,76,100,125] [12,20,70,73,100,101,112,114] [7,11,28,37,38,50,83,119] [10,35,63,74,87,93,110,114] [46,63,87,104,111,115,116,118] [2,19,32,33,44,82,100,106] [15,18,20,35,44,67,86,127] [0,32,35,65,66,68,80,102] [18,30,50,69,91,103,109,111] [8,22,36,42,48,53,60,69] [2,26,34,41,65,73,85,115] [13,68,82,83,91,106,110,118] [3,4,16,29,53,63,69,102] [2,17,31,38,40,50,72,120] [14,60,80,84,89,110,115,122] [13,46,52,77,82,90,94,122] [13,46,63,96,104,116,119,126] [2,33,44,75,82,94,100,106] [5,18,35,45,67,72,86,114] [0,32,51,65,66,80,98,111] [29,36,50,75,90,103,109,111] [11,14,31,32,48,53,54,60] [21,23,26,28,57,79,85,108] [23,50,68,78,82,110,118,119] [3,16,29,69,83,89,102,110] [5,6,40,50,72,79,99,120] [14,48,55,60,80,94,108,122] [4,13,46,52,78,94,99,103] [13,34,41,58,63,89,116,126] [2,33,44,56,82,94,100,106] [18,36,45,67,72,86,90,127] [32,65,68,80,96,102,111,123] [18,30,36,41,50,69,103,109] [8,22,53,60,63,69,85,115] [26,34,42,61,73,79,80,115] [13,41,68,76,82,91,106,118] [3,11,16,53,55,69,80,102] [16,17,31,40,51,60,61,120] [14,60,80,84,108,110,115,127] [15,36,46,52,64,78,103,122] [8,23,24,49,68,80,90,125] [12,19,49,80,100,104,121,125] [6,11,23,45,88,98,99,104] [17,22,26,45,46,76,112,114] [5,29,30,39,52,81,104,105] [15,35,52,71,74,95,111,127]
Token  77: [0,16,51,53,70,97,104,120] [20,24,34,62,76,86,107,122] [14,72,81,87,92,100,116,125] [12,13,23,25,32,76,105,117] [0,11,23,25,38,73,83,89] [31,35,47,68,80,97,107,119] [26,34,41,58,63,111,115,116] [24,33,36,82,87,94,100,106] [18,38,44,45,64,72,86,127] [0,2,32,68,80,94,102,122] [14,18,29,36,50,69,78,116] [28,30,48,54,60,63,69,93] [23,26,53,65,73,78,79,85] [26,33,44,68,82,83,110,118] [3,11,29,55,63,69,80,110] [2,5,16,17,31,40,50,60] [7,14,40,48,89,115,122,127] [1,18,52,53,77,78,90,99] [26,34,63,89,107,116,122,126] [5,24,59,82,87,100,112,123] [5,35,45,53,64,65,72,114] [0,32,49,51,85,94,98,122] [3,16,19,31,36,68,78,90] [3,30,31,54,62,63,65,103] [9,21,23,24,28,35,79,85] [26,33,78,82,83,91,110,118] [4,24,29,49,69,80,89,110] [2,5,6,16,26,40,50,120] [7,14,40,48,60,89,103,122] [13,52,53,77,78,90,99,123] [26,34,41,58,63,89,116,126] [33,44,59,75,82,87,94,100] [5,18,45,55,64,72,86,127] [0,17,51,62,76,80,94,98] [18,19,26,36,50,69,91,98] [8,48,54,60,63,65,69,85] [23,34,53,71,73,79,80,115] [44,68,75,82,83,91,106,118] [3,11,29,55,57,69,79,80] [9,16,17,31,40,60,61,120] [7,14,15,40,80,84,115,127] [9,15,52,53,78,80,90,103] [23,24,37,59,68,73,80,125] [43,46,81,96,100,104,120,124] [6,37,39,45,54,80,98,104] [22,45,46,63,80,104,112,114] [39,52,55,75,82,84,105,124] [27,32,35,52,71,90,95,108]
Token  78: [3,28,29,62,77,80,111,126] [11,24,45,62,76,78,86,122] [23,36,72,77,115,119,121,125] [1,11,20,25,76,101,105,119] [0,11,39,40,74,83,97,119] [1,8,30,55,73,80,97,122] [20,46,63,66,104,111,115,116] [9,33,44,82,87,94,100,106] [18,27,44,45,55,67,72,86] [0,44,62,68,76,80,94,102] [1,14,18,29,36,50,69,120] [22,48,54,60,68,69,93,120] [23,27,53,65,73,79,85,102] [24,44,49,68,83,106,110,118] [3,4,9,11,29,62,63,69] [2,17,26,31,40,50,79,84] [29,40,84,111,114,115,122,127] [1,53,77,78,82,84,90,103] [46,63,68,96,104,115,116,126] [9,33,36,44,82,87,94,100] [18,24,44,45,55,72,86,127] [0,17,51,62,68,76,80,94] [18,19,29,36,37,50,90,120] [31,48,52,54,60,68,85,120] [20,23,28,71,79,85,101,107] [24,37,49,68,82,83,91,118] [3,9,29,62,69,74,89,110] [2,5,6,17,26,40,99,120] [14,29,30,111,114,122,123,127] [53,77,78,82,84,90,103,123] [14,34,46,58,63,89,116,126] [5,33,36,44,48,82,94,100] [24,27,32,35,45,72,86,127] [17,68,76,80,94,98,102,105] [18,19,36,50,69,90,91,120] [48,54,60,68,69,71,85,120] [20,21,23,34,53,73,79,102] [24,44,49,68,83,91,106,118] [3,10,11,29,55,57,62,69] [5,16,17,31,40,46,89,120] [23,29,30,80,111,115,123,127] [53,77,78,81,84,90,103,121] [14,23,24,28,55,68,80,115] [5,8,46,96,100,104,120,121] [3,6,13,69,80,98,104,110] [5,12,22,45,47,83,114,117] [10,45,52,55,68,76,77,104] [11,27,31,54,84,90,112,127]
Token  79: [0,31,61,69,81,93,101,107] [26,45,60,83,86,91,98,122] [68,72,92,103,116,117,123,125] [1,20,25,99,100,106,117,119] [0,11,83,89,91,100,102,111] [30,31,35,55,80,97,111,119] [22,43,46,63,66,104,115,116] [5,33,44,72,82,94,100,106] [27,28,45,55,67,72,86,99] [0,21,68,76,80,84,85,105] [1,14,18,29,36,50,84,116] [13,15,22,48,54,58,69,120] [18,23,27,28,69,78,85,92] [13,31,44,68,83,85,118,121] [3,10,28,29,38,69,84,101] [3,5,23,34,40,50,84,100] [1,20,84,98,105,121,122,127] [1,14,30,45,78,90,97,124] [22,39,46,63,89,104,116,126] [5,33,36,44,72,82,94,100] [28,32,35,45,66,72,86,99] [17,50,68,69,76,80,98,105] [1,19,36,50,69,73,90,116] [13,15,26,48,54,58,90,120] [23,34,61,69,79,85,107,126] [33,35,68,80,83,106,118,121] [3,10,29,38,55,57,63,69] [3,6,17,23,26,34,40,100] [14,24,30,80,84,105,121,127] [1,9,30,77,78,82,90,114] [14,22,63,89,104,116,124,126] [5,33,36,44,61,82,88,94] [32,35,37,45,66,67,72,86] [17,50,68,76,80,98,102,105] [14,18,19,36,50,90,91,94] [13,26,54,58,60,85,90,120] [2,23,27,69,79,102,107,126] [13,33,68,83,93,106,118,121] [3,10,29,38,55,57,66,69] [3,5,16,26,34,40,89,100] [1,20,30,80,105,115,121,127] [1,9,14,30,45,78,90,97] [14,21,23,55,80,101,115,119] [4,5,26,36,46,100,104,120] [6,47,54,69,71,98,104,108] [22,27,30,45,54,114,117,127] [14,52,55,60,63,67,117,127] [20,32,34,55,58,86,112,117]
Token  80: [6,64,75,87,91,101,105,110] [9,13,60,63,71,90,93,122] [4,36,42,46,57,60,64,104] [21,24,37,68,70,73,80,106] [5,11,46,51,57,60,70,102] [18,31,43,55,63,93,115,119] [14,46,63,89,98,104,111,116] [5,32,33,36,44,82,94,106] [10,32,45,61,86,90,100,108] [0,7,17,41,68,76,80,102] [15,18,29,50,82,85,91,124] [48,54,60,62,85,94,97,100] [2,14,27,30,34,36,61,67] [2,40,68,83,87,106,112,120] [3,15,29,38,53,57,69,109] [32,40,50,54,63,89,100,125] [14,24,30,80,84,98,115,127] [1,9,26,36,78,81,82,100] [14,22,41,46,63,89,96,116] [5,33,36,44,82,88,94,119] [32,35,45,67,72,86,90,100] [0,7,17,50,68,69,76,80] [1,15,50,82,85,91,94,124] [1,48,54,62,73,85,97,100] [2,4,27,34,61,67,92,127] [8,62,68,87,89,106,112,120] [3,4,14,15,38,57,69,71] [6,17,32,40,54,89,125,126] [14,28,30,44,80,84,93,127] [9,26,36,77,78,81,82,100] [14,22,63,66,87,89,96,116] [5,33,36,44,82,88,89,94] [32,35,45,72,86,100,104,108] [0,7,13,17,23,76,80,102] [15,18,29,50,82,91,94,124] [1,25,54,62,73,85,94,100] [2,14,27,34,67,92,112,126] [62,63,68,87,91,92,106,112] [3,4,15,38,55,57,69,87] [2,17,31,32,40,100,125,126] [14,30,39,54,93,108,115,127] [26,63,65,77,78,80,81,82] [23,24,49,52,68,69,115,126] [5,46,47,56,68,75,100,121] [3,6,11,29,69,80,94,110] [2,5,12,45,47,83,87,117] [5,10,33,55,68,71,104,117] [15,23,31,44,58,74,82,127]
Token  81: [31,47,53,61,69,93,120,122] [2,25,45,52,63,83,91,122] [12,68,72,104,116,117,123,125] [1,20,25,71,89,93,101,106] [11,43,63,79,83,91,102,111] [30,35,55,97,103,111,119,125] [14,22,39,46,63,96,115,116] [5,9,33,36,44,72,82,94] [27,32,44,45,72,86,99,123] [0,2,17,43,68,76,105,111] [14,18,21,50,69,83,91,94] [1,28,54,58,60,69,120,122] [27,30,69,85,92,111,112,126] [26,32,33,44,68,85,91,106] [3,11,29,38,57,63,69,125] [2,34,40,50,63,100,112,125] [48,76,84,91,98,121,122,127] [1,26,61,77,78,99,122,124] [14,46,58,63,89,96,115,116] [5,33,36,44,72,82,94,100] [27,32,35,44,45,72,86,114] [0,14,17,50,51,68,76,105] [15,18,19,31,50,90,113,127] [1,36,48,54,58,60,99,120] [23,24,35,66,67,69,85,126] [26,33,35,68,78,106,117,118] [3,4,14,55,63,67,69,125] [2,6,17,34,40,45,63,100] [14,30,48,62,76,97,121,127] [14,51,61,77,78,80,99,118] [22,58,63,89,96,115,116,126] [5,33,61,72,89,94,100,123] [32,35,45,66,72,90,99,114] [14,17,43,50,76,85,98,105] [14,18,19,31,50,68,90,94] [1,3,13,54,58,60,72,99] [2,4,21,34,69,71,73,126] [32,33,44,68,79,93,106,117] [3,29,55,69,84,98,101,125] [2,17,31,34,45,63,100,127] [14,30,48,54,76,91,115,121] [14,45,51,61,77,80,82,97] [3,21,23,65,101,115,117,119] [4,5,37,46,65,100,104,120] [6,16,29,46,54,69,71,98] [2,20,32,45,54,71,114,127] [27,52,55,67,68,76,77,117] [34,44,55,58,74,87,112,117]
Token  82: [11,16,72,85,100,101,114,119] [21,37,60,63,75,89,106,122] [16,45,65,92,101,107,111,112] [20,25,81,93,101,103,106,109] [7,11,52,63,78,83,96,102] [59,71,73,97,103,109,110,114] [26,44,56,58,63,87,115,116] [9,24,33,44,59,82,94,100] [9,21,32,38,45,67,72,86] [0,2,17,62,68,80,84,111] [18,26,50,63,68,69,78,91] [3,28,48,54,60,90,120,125] [2,4,8,18,27,65,85,126] [0,26,66,68,91,106,110,112] [3,38,53,55,57,68,69,125] [3,17,32,40,45,58,100,120] [0,30,50,84,90,93,114,127] [1,5,7,9,26,77,78,124] [22,46,63,89,96,115,116,119] [33,36,44,82,88,94,100,106] [32,35,44,45,67,72,86,90] [17,68,76,80,96,97,102,111] [1,18,19,50,63,69,91,94] [1,54,67,72,85,90,92,100] [2,4,14,27,34,46,61,102] [35,83,99,104,106,112,117,118] [3,27,38,53,57,69,75,109] [3,6,17,26,34,40,120,122] [1,14,30,50,80,84,114,127] [1,9,62,72,73,77,82,103] [22,46,63,66,88,89,104,116] [5,33,36,44,82,94,100,106] [9,35,44,45,55,67,72,86] [17,57,66,68,76,80,102,104] [2,7,18,30,33,45,50,91] [4,78,79,85,92,94,102,114] [14,17,32,34,36,42,61,102] [20,29,36,68,85,104,106,112] [3,27,29,53,57,69,102,125] [11,17,32,40,50,75,120,125] [1,14,42,80,84,107,113,127] [9,34,59,72,78,88,89,121] [8,17,25,33,56,66,80,111] [18,46,68,69,72,74,80,111] [5,6,25,39,42,69,104,126] [29,41,51,88,98,110,113,114] [16,27,43,63,76,93,99,125] [3,10,58,76,87,102,104,112]
Token  83: [7,58,72,85,88,109,117,121] [1,27,37,60,63,65,89,122] [16,40,45,60,81,95,107,127] [3,20,41,71,84,103,106,127] [7,11,30,48,52,63,73,81] [9,17,37,64,73,74,103,114] [24,27,34,53,58,63,71,76] [9,18,24,59,75,106,109,112] [38,45,57,65,67,72,90,127] [0,10,19,49,80,96,122,125] [16,26,56,61,68,69,78,105] [24,28,49,54,60,61,103,125] [2,9,15,56,65,79,96,99] [15,19,23,26,28,42,78,91] [3,4,17,20,48,67,100,110] [8,16,40,59,70,85,101,120] [14,24,65,73,81,83,89,115] [1,18,19,55,77,78,83,123] [24,26,34,39,41,63,105,116] [9,24,33,44,49,100,106,112] [38,45,46,65,72,93,121,124] [0,10,38,49,96,110,122,125] [26,56,61,68,78,90,98,105] [23,54,64,65,82,92,96,125] [15,23,28,49,65,79,96,99] [42,49,58,77,82,99,104,118] [3,30,38,53,66,69,110,115] [6,16,17,40,58,61,75,120] [14,42,48,80,82,84,89,115] [1,72,77,82,83,90,93,103] [34,63,64,74,83,104,107,115] [3,33,44,60,82,94,100,106] [9,15,35,44,45,67,86,90] [10,33,62,66,68,69,80,102] [2,7,30,33,45,86,103,111] [4,14,21,64,68,79,94,96] [14,17,32,34,36,61,92,108] [20,27,29,42,73,91,104,106] [3,44,53,69,95,102,109,125] [11,14,37,40,64,75,117,120] [1,42,48,50,62,80,107,113] [13,34,39,59,61,88,93,105] [4,10,17,56,70,80,96,111] [7,30,55,56,74,80,83,99] [2,5,12,25,29,42,114,127] [29,41,48,51,88,91,110,121] [16,27,33,43,46,94,100,106] [4,17,53,72,94,102,107,110]
Token  84: [35,52,57,76,109,117,123,127] [27,37,46,60,63,89,103,122] [29,45,48,64,65,101,103,104] [21,25,67,74,93,101,103,106] [7,11,16,57,63,83,96,126] [20,55,71,84,97,103,110,112] [17,63,87,96,104,107,115,116] [9,24,33,36,44,82,94,100] [21,32,44,45,55,67,72,86] [0,2,17,21,62,68,80,85] [4,12,18,36,48,63,69,91] [53,54,60,62,72,90,102,110] [4,8,27,34,54,92,111,126] [30,33,43,68,85,91,106,117] [1,3,38,63,67,68,69,125] [15,17,34,40,45,50,63,100] [0,48,76,84,90,106,114,127] [1,7,75,77,78,82,90,124] [22,26,46,58,63,96,115,116] [33,36,44,82,94,100,106,123] [32,44,45,55,72,86,90,114] [17,50,51,68,76,80,102,111] [18,19,36,50,60,63,69,91] [5,31,54,58,60,72,85,90] [2,4,27,30,34,35,92,126] [30,33,43,47,68,85,106,117] [3,4,27,38,63,67,69,109] [17,29,34,40,45,75,120,125] [0,14,30,76,90,106,114,127] [5,7,9,50,57,73,77,82] [22,39,63,66,89,96,115,116] [5,19,33,44,82,94,100,106] [21,32,35,44,45,55,72,86] [17,62,68,76,80,85,102,111] [12,18,19,31,50,63,91,94] [1,45,54,60,72,85,90,102] [4,27,34,35,36,66,71,126] [13,32,33,47,93,103,106,117] [27,55,63,67,69,98,109,119] [17,26,29,30,40,45,63,127] [0,30,46,48,80,90,106,112] [5,7,44,50,55,57,77,80] [14,23,43,58,80,99,108,117] [0,5,58,66,82,98,100,115] [6,9,25,29,46,58,60,105] [18,50,64,71,91,99,113,117] [16,27,32,43,68,76,94,104] [3,17,53,72,76,87,102,107]
Token  85: [24,35,52,57,76,117,123,127] [18,25,27,52,63,89,109,122] [12,29,45,60,64,65,103,104] [19,20,21,25,28,74,81,106] [7,11,28,37,51,53,57,70] [18,31,55,74,93,110,112,119] [20,46,63,74,87,104,111,116] [19,32,33,44,82,94,100,106] [22,35,45,67,86,87,88,123] [0,7,17,68,76,80,100,102] [4,18,27,63,69,91,94,126] [21,28,48,53,60,90,95,99] [2,4,8,14,27,34,115,127] [40,67,91,92,93,106,112,117] [3,15,38,53,57,69,109,115] [3,17,32,40,75,89,120,121] [0,1,14,80,84,93,105,127] [1,7,50,77,82,100,103,112] [22,46,63,64,87,89,104,116] [32,33,44,82,88,94,100,106] [21,45,67,72,86,90,123,124] [7,13,68,69,80,84,102,111] [7,18,50,63,78,83,94,98] [3,5,21,48,60,67,96,102] [2,9,21,34,46,65,79,127] [42,82,91,103,104,106,112,124] [3,14,29,53,86,110,115,125] [6,16,40,44,49,59,61,75] [1,42,48,50,80,84,105,115] [72,82,83,88,93,103,104,116] [34,52,56,74,83,86,104,116] [3,36,43,44,73,100,106,123] [9,14,15,43,44,82,90,104] [0,10,49,59,68,80,96,102] [2,7,10,26,50,103,112,119] [0,4,21,37,39,78,99,121] [9,14,32,39,43,46,61,108] [20,27,42,71,73,91,92,104] [1,3,53,87,92,95,102,125] [11,32,37,40,58,63,75,89] [0,1,42,80,93,105,107,113] [13,34,50,59,77,88,105,116] [8,17,25,56,66,70,80,111] [11,18,69,72,80,82,99,115] [5,25,29,34,46,96,103,127] [29,50,64,73,77,90,99,110] [15,16,27,32,76,94,100,106] [3,4,53,72,76,87,102,107]
Token  86: [24,27,52,76,88,117,121,127] [13,25,27,52,60,63,97,122] [27,29,36,60,64,65,101,104] [19,20,25,60,74,80,93,103] [11,16,28,51,57,60,96,119] [9,31,55,71,110,112,114,122] [17,22,46,63,97,104,115,116] [32,33,36,44,82,94,100,106] [18,30,32,45,86,87,108,123] [0,17,62,68,76,80,85,100] [4,18,27,36,58,63,91,94] [22,48,53,54,56,60,75,100] [2,4,7,8,27,34,111,127] [8,31,43,91,92,97,106,112] [1,3,14,15,38,57,68,69] [17,32,34,40,45,54,100,120] [0,14,30,76,84,90,114,127] [1,11,36,50,57,77,82,90] [17,22,44,46,58,63,115,116] [31,33,36,44,82,94,100,123] [18,30,32,44,45,72,86,90] [7,17,51,62,68,76,80,100] [4,18,27,31,36,50,91,103] [31,45,53,56,85,94,95,110] [4,34,35,36,64,94,111,117] [8,31,47,63,67,106,112,117] [2,14,15,27,67,68,69,109] [15,29,32,45,87,100,109,122] [0,10,62,76,90,97,100,127] [11,13,30,50,57,77,93,122] [17,52,55,58,96,115,116,126] [12,33,44,48,59,94,100,123] [18,30,32,45,72,87,90,108] [17,62,76,80,85,100,105,107] [4,18,27,31,36,38,63,91] [17,45,48,53,54,56,72,95] [4,7,8,34,35,36,41,78] [8,31,47,91,103,106,112,117] [2,3,15,55,63,67,69,98] [2,17,32,40,45,63,100,127] [0,30,46,48,54,76,90,115] [7,50,55,57,77,80,81,82] [14,23,35,47,52,69,115,117] [5,37,46,53,66,96,100,122] [6,16,29,46,67,70,94,108] [2,4,45,50,54,71,95,99] [5,15,27,32,68,76,77,90] [4,14,44,58,74,92,107,112]
Token  87: [17,45,52,65,98,100,102,120] [32,63,70,94,108,122,125,127] [30,53,65,82,87,88,99,123] [25,45,73,86,93,101,108,111] [11,32,52,57,78,83,92,126] [42,55,59,71,79,99,104,109] [22,26,58,63,71,89,115,116] [9,24,33,36,82,88,94,100] [32,45,69,72,85,102,108,123] [0,2,17,21,51,62,80,85] [4,12,16,18,36,50,57,94] [28,53,54,60,90,94,104,120] [4,8,21,27,54,111,126,127] [0,31,33,35,47,91,92,106] [1,38,63,67,69,86,89,125] [17,41,45,50,52,63,66,100] [10,46,48,76,90,91,115,122] [1,7,18,50,77,82,99,123] [26,39,44,58,91,96,115,122] [8,29,33,44,58,88,100,123] [18,32,45,53,72,93,102,114] [0,2,17,23,50,51,76,85] [4,16,19,31,36,50,57,84] [5,31,45,53,94,95,103,121] [4,18,35,40,54,64,111,126] [20,25,31,43,47,78,85,117] [1,4,63,67,69,110,113,125] [21,26,45,50,63,68,75,122] [10,34,46,48,76,90,97,127] [7,13,50,77,99,105,123,124] [26,39,58,63,89,91,96,115] [8,29,33,44,48,58,59,100] [32,45,53,54,72,90,102,114] [2,17,50,51,76,80,85,92] [12,18,35,36,50,63,76,91] [6,31,45,52,53,72,90,95] [4,21,34,35,41,66,71,126] [31,33,35,47,78,93,106,117] [1,55,63,67,69,98,119,125] [17,29,40,45,50,52,63,127] [30,48,54,76,80,90,112,127] [7,50,55,57,77,80,82,105] [23,35,47,71,80,99,108,117] [5,46,53,58,66,100,115,120] [6,16,25,29,46,69,70,98] [45,50,54,71,91,95,99,114] [27,32,43,57,68,76,77,104] [20,58,76,84,87,107,109,112]
Token  88: [11,16,46,72,85,100,114,119] [22,32,63,70,106,119,122,127] [2,16,27,45,65,78,99,123] [17,19,25,60,81,84,86,93] [7,11,52,57,63,73,92,96] [17,37,59,64,73,74,104,112] [27,34,53,58,63,71,107,115] [8,9,18,24,59,100,106,109] [38,45,57,65,72,86,102,127] [0,2,17,19,49,80,96,122] [3,16,18,26,47,51,57,78] [3,21,24,28,54,60,103,125] [2,4,8,15,56,65,96,105] [15,23,26,28,58,78,91,106] [3,17,67,69,81,100,110,115] [8,16,40,49,70,85,101,120] [14,39,65,80,81,83,89,115] [18,21,33,42,55,77,82,83] [24,26,34,46,59,63,88,105] [6,9,24,44,49,100,106,112] [38,46,65,72,84,93,121,124] [0,9,10,38,49,110,122,125] [47,56,61,68,78,90,98,105] [23,24,49,54,61,64,96,125] [15,23,34,46,65,79,96,99] [15,28,36,42,58,110,118,125] [3,14,22,48,69,86,110,115] [0,6,16,19,26,40,75,120] [23,35,39,48,80,82,84,89] [72,75,77,83,88,90,93,118] [24,34,46,52,63,83,115,116] [3,21,33,36,44,94,100,106] [9,44,45,55,72,86,90,93] [10,23,62,65,79,80,85,102] [7,37,41,43,45,50,86,111] [4,39,53,64,68,85,92,114] [14,17,34,42,54,61,95,102] [20,27,29,36,42,91,104,124] [22,36,49,69,95,96,102,125] [11,17,40,72,75,94,104,120] [1,14,32,42,80,84,107,113] [34,59,62,72,77,78,88,105] [8,17,25,28,33,56,80,111] [18,68,69,72,74,80,82,98] [5,6,25,29,30,34,100,101] [29,31,33,41,88,110,113,117] [16,27,43,46,68,76,93,100] [3,4,48,76,84,87,102,104]
Token  89: [32,35,46,57,58,72,109,123] [1,18,27,32,33,52,63,122] [2,48,60,94,95,103,111,127] [17,25,49,74,81,86,93,94] [7,11,52,57,64,73,92,96] [18,55,59,99,100,104,110,119] [44,58,63,71,87,104,115,116] [9,33,36,44,82,94,100,106] [32,38,45,53,67,72,77,102] [0,2,7,17,68,80,85,107] [16,18,50,58,63,69,91,94] [21,28,48,53,60,90,96,99] [2,4,8,27,34,65,111,127] [8,31,35,67,91,92,106,112] [1,3,15,38,57,67,69,125] [17,29,32,40,45,89,120,125] [0,14,30,80,84,93,106,127] [1,7,50,57,77,82,90,124] [22,46,58,63,87,96,115,116] [21,33,36,44,82,88,94,100] [32,45,72,77,86,90,102,124] [17,50,51,68,76,80,85,100] [4,18,36,50,63,84,91,118] [31,52,53,72,90,95,117,120] [2,4,20,27,47,92,111,125] [31,35,52,67,92,99,106,117] [1,67,69,78,97,98,109,125] [11,15,26,29,40,45,50,100] [0,30,33,70,76,90,106,127] [3,7,44,57,72,77,99,120] [17,58,63,89,96,104,115,116] [5,19,33,44,56,82,94,106] [3,21,32,45,77,83,90,102] [2,17,63,68,69,76,80,85] [4,5,29,63,67,80,92,118] [52,53,72,75,84,96,117,120] [4,8,41,62,92,111,125,127] [13,31,35,67,93,106,110,117] [1,2,3,67,69,98,109,125] [17,26,29,40,45,50,63,127] [0,30,48,54,80,90,106,112] [7,44,50,55,57,77,80,105] [14,23,50,58,80,99,108,117] [5,46,53,58,66,100,104,115] [3,6,25,29,46,69,98,108] [45,50,54,65,85,99,114,117] [15,16,27,32,63,68,76,104] [3,4,8,53,76,87,102,107]
Token  90: [27,30,76,88,109,117,121,127] [1,27,32,52,63,65,97,122] [25,29,48,60,64,65,104,109] [17,19,23,25,28,60,93,126] [2,11,16,30,57,60,96,119] [30,43,55,71,91,99,110,112] [22,39,63,88,89,96,104,115] [33,36,44,82,94,100,106,125] [18,30,32,45,67,83,86,90] [0,17,62,68,80,85,100,107] [4,12,18,27,31,63,84,94] [36,45,48,53,56,72,81,95] [2,4,8,20,27,35,64,94] [8,31,35,47,67,91,92,106] [1,2,3,38,67,68,69,121] [17,29,32,40,45,73,100,125] [0,24,27,30,84,90,106,127] [1,11,50,57,77,82,88,99] [17,39,58,63,88,96,115,116] [5,33,58,75,82,88,94,100] [18,30,32,35,45,77,86,114] [17,51,62,68,76,80,85,100] [4,12,18,27,31,36,50,63] [31,45,48,53,56,72,85,95] [4,34,35,36,40,54,61,64] [8,31,35,47,67,85,106,117] [3,14,67,68,69,98,109,113] [17,26,29,40,45,99,100,109] [0,10,34,54,62,90,97,127] [7,11,13,57,77,88,122,123] [17,58,63,89,96,115,116,126] [33,44,48,58,82,94,100,123] [18,30,32,35,45,90,108,114] [17,23,51,76,80,85,96,100] [4,5,12,18,27,31,36,91] [31,45,48,53,54,56,72,95] [2,4,34,35,41,64,89,115] [8,31,35,47,67,83,106,117] [2,3,55,63,67,69,98,109] [17,26,29,40,45,63,106,127] [0,30,48,54,76,106,112,115] [7,50,57,77,80,81,82,100] [23,47,52,69,71,87,108,117] [18,53,65,66,91,100,115,122] [6,9,16,29,46,67,70,104] [41,45,50,52,67,71,95,99] [27,32,76,77,90,93,94,113] [4,18,44,49,53,58,93,107]
Token  91: [17,45,52,98,100,102,108,120] [31,32,70,96,108,122,125,127] [29,30,49,53,65,82,99,123] [19,25,35,45,86,93,101,111] [2,11,19,52,57,92,96,126] [55,59,71,97,99,104,109,114] [22,63,87,89,96,104,107,115] [24,31,33,36,82,89,94,100] [30,32,45,53,69,72,102,108] [0,2,17,55,80,85,92,100] [4,12,27,57,63,84,90,94] [28,53,56,72,81,90,95,120] [4,8,21,27,41,65,71,127] [8,31,33,58,91,93,106,112] [1,14,22,38,67,69,92,125] [17,29,32,40,45,52,106,125] [10,14,30,39,46,76,106,127] [1,7,34,50,57,77,82,90] [17,22,63,89,96,115,116,126] [8,33,44,58,82,88,94,100] [21,30,32,45,72,86,87,102] [17,51,68,76,80,85,92,100] [4,12,27,36,50,63,91,94] [45,52,53,56,72,90,95,120] [2,4,8,27,34,41,61,64] [8,31,33,35,67,92,106,117] [1,3,38,63,67,69,109,119] [17,29,40,45,50,52,106,120] [0,14,30,76,90,106,112,127] [5,7,50,57,73,77,82,105] [17,22,58,63,89,96,115,116] [21,32,33,44,82,88,94,106] [21,30,32,45,67,77,86,102] [17,50,51,68,76,80,85,100] [4,12,18,27,36,63,91,94] [45,53,54,56,60,72,90,95] [2,4,18,34,35,41,64,126] [31,33,35,38,93,106,110,117] [3,55,63,67,69,98,109,119] [29,40,45,50,52,64,106,127] [0,30,48,54,80,90,112,127] [7,50,55,57,77,80,82,105] [14,23,43,80,87,99,108,117] [0,5,46,58,66,100,104,115] [2,3,6,16,29,46,57,111] [20,45,50,71,91,95,99,114] [3,27,32,68,76,77,94,120] [8,58,71,76,92,107,109,112]
Token  92: [11,16,46,72,85,100,114,119] [22,32,63,64,96,119,122,127] [16,29,65,78,89,95,109,123] [19,25,45,49,60,84,86,93] [11,52,57,63,70,73,92,96] [17,59,64,74,76,103,112,114] [24,34,53,58,63,71,89,107] [9,18,24,33,59,100,106,109] [38,45,53,57,72,90,102,127] [0,2,17,19,49,80,85,122] [16,18,26,51,63,69,78,98] [21,24,28,37,53,54,60,99] [2,4,8,34,56,61,65,127] [10,28,40,42,91,101,106,112] [3,15,23,53,57,69,110,115] [6,8,16,17,32,40,89,120] [14,50,80,84,89,105,114,115] [1,7,18,42,75,77,82,103] [34,56,63,64,87,89,104,115] [5,32,33,44,82,94,100,106] [35,44,45,53,65,72,86,127] [0,10,17,68,69,80,84,111] [16,18,50,78,83,94,98,103] [21,52,60,65,67,85,96,99] [2,9,26,34,64,65,79,127] [42,82,91,99,104,106,112,125] [38,53,69,86,107,109,111,113] [6,11,16,40,58,61,102,120] [42,48,50,73,80,82,89,115] [13,72,77,82,83,88,93,99] [9,30,34,52,63,64,83,115] [3,5,33,44,82,94,100,106] [5,9,14,15,44,56,67,90] [10,23,65,68,69,80,96,102] [2,7,13,18,30,33,80,86] [4,21,28,53,78,94,111,121] [2,32,34,42,61,74,92,108] [20,27,73,92,104,106,124,125] [3,29,49,53,69,109,113,125] [11,16,17,26,40,50,64,75] [1,34,42,48,80,98,107,122] [7,34,44,50,77,78,105,118] [23,33,70,80,87,99,108,117] [11,18,46,58,66,80,100,115] [2,25,29,46,57,111,114,127] [29,50,64,67,71,91,114,116] [14,16,27,32,46,76,94,122] [3,8,53,76,87,102,104,112]
Token  93: [7,32,35,46,57,58,109,123] [1,18,27,32,52,97,104,122] [29,37,48,60,94,95,103,111] [19,25,28,45,49,81,86,127] [2,11,19,57,73,92,96,119] [18,55,93,99,100,110,112,119] [17,46,63,87,104,111,115,116] [9,19,32,33,44,82,94,106] [22,38,45,53,67,72,77,102] [0,2,11,14,17,68,80,85] [4,16,18,27,58,63,69,94] [28,53,60,72,95,96,99,120] [2,4,8,20,27,34,65,127] [8,58,67,91,92,93,106,112] [3,15,22,38,53,57,69,115] [6,17,32,40,66,89,120,125] [0,1,14,30,80,84,93,127] [1,7,9,50,57,77,82,100] [17,22,46,63,87,89,104,116] [32,33,36,44,82,88,94,100] [18,45,53,72,77,86,90,102] [0,17,51,68,69,80,85,92] [4,9,36,63,71,84,94,126] [31,48,52,53,72,95,102,120] [4,8,20,27,47,92,111,117] [20,35,67,85,92,93,117,119] [1,38,67,69,78,97,98,109] [15,26,29,40,45,50,68,89] [0,25,30,54,76,106,112,127] [7,13,44,50,57,73,77,99] [17,58,63,87,96,104,115,116] [19,33,44,56,82,88,94,106] [18,30,32,45,53,77,90,102] [2,17,51,68,76,80,85,100] [4,12,18,27,36,63,91,94] [45,48,52,53,56,72,95,120] [4,34,35,61,64,77,111,117] [31,35,40,67,91,93,106,117] [2,3,38,55,67,69,98,119] [17,26,29,30,40,45,63,64] [0,30,48,54,90,106,112,127] [7,44,50,55,57,77,80,82] [23,52,71,80,87,99,108,117] [0,5,46,58,66,100,104,115] [2,6,25,29,46,57,108,111] [29,50,65,71,91,95,99,121] [1,16,27,32,68,76,77,94] [3,4,8,53,76,87,102,107]
Token  94: [30,52,76,88,109,117,121,127] [1,4,27,52,63,65,97,122] [25,29,48,60,64,65,104,109] [19,25,35,49,60,69,93,126] [2,11,16,30,57,60,96,126] [30,43,55,71,99,109,110,112] [17,22,63,66,96,104,115,116] [33,36,44,82,94,100,106,120] [30,32,45,55,72,86,87,101] [0,2,17,62,68,80,85,100] [4,12,18,27,31,47,50,63] [36,45,53,54,56,60,72,95] [4,8,20,27,35,64,94,112] [8,31,35,38,47,67,106,110] [1,3,12,67,68,69,81,119] [2,17,19,29,30,40,45,50] [0,54,65,76,84,90,114,127] [11,44,50,57,77,82,88,108] [17,41,46,63,88,96,115,116] [5,21,33,36,44,58,94,100] [30,32,35,45,55,72,86,90] [0,17,50,51,68,76,85,100] [4,12,18,19,27,31,50,63] [1,36,45,53,54,56,85,95] [4,20,23,35,61,64,94,117] [8,35,38,47,67,106,110,115] [3,12,14,68,69,97,119,126] [17,19,26,28,29,40,45,99] [0,14,34,54,62,97,114,127] [11,13,50,57,77,80,108,114] [17,58,88,89,115,116,122,126] [5,33,48,58,94,100,120,123] [30,32,35,45,72,79,90,114] [17,50,51,62,76,85,98,100] [4,12,18,27,31,50,68,90] [1,3,45,54,56,85,92,95] [2,4,23,34,35,64,67,94] [8,35,38,47,63,67,106,118] [3,4,12,14,18,55,69,81] [2,17,30,31,40,64,100,107] [0,14,39,48,54,90,115,127] [0,11,50,57,63,65,77,100] [20,23,24,47,69,113,117,126] [46,47,53,58,100,120,121,122] [3,6,16,29,47,94,102,110] [2,5,45,54,87,95,99,114] [1,5,32,68,71,76,94,123] [4,14,37,44,74,92,107,127]
Token  95: [40,43,45,52,65,73,98,100] [18,31,38,94,96,100,122,127] [3,38,57,82,84,88,92,99] [6,37,71,86,93,94,95,127] [7,11,32,76,78,85,106,115] [59,61,64,66,97,109,114,125] [35,41,63,83,105,115,116,126] [5,18,33,49,94,100,109,112] [45,57,65,72,84,93,121,127] [0,2,9,62,80,85,110,122] [18,26,31,47,50,61,90,105] [1,24,49,54,61,95,120,125] [15,23,35,56,78,79,99,126] [6,15,26,28,68,80,106,118] [3,17,20,38,48,69,81,104] [17,31,40,50,84,85,101,120] [8,39,48,81,89,115,122,127] [1,18,19,42,78,99,105,123] [26,34,58,63,88,105,116,126] [5,9,36,49,59,75,100,112] [35,45,65,66,72,84,116,121] [0,9,16,49,51,98,110,125] [45,47,56,61,78,90,98,105] [1,23,24,49,54,61,92,125] [15,21,23,35,61,79,96,99] [1,15,28,35,36,58,78,110] [14,48,69,86,89,100,104,110] [5,16,19,59,70,85,120,127] [39,48,62,73,81,89,124,127] [19,21,33,42,55,75,105,118] [24,34,83,88,96,105,115,126] [5,33,48,49,75,100,112,123] [35,45,65,66,72,84,90,121] [9,13,16,51,76,98,110,125] [18,50,56,61,68,78,90,105] [3,23,24,49,54,61,85,125] [15,21,23,34,61,79,96,99] [15,23,28,33,58,68,106,118] [3,17,20,48,55,69,86,100] [40,49,52,59,70,85,101,127] [39,48,73,80,81,89,115,124] [1,9,19,21,42,48,69,78] [24,31,32,64,80,113,114,115] [31,37,46,77,78,88,100,104] [6,8,16,53,73,90,98,104] [22,27,32,45,82,87,101,114] [5,11,34,38,52,55,60,118] [20,57,73,74,77,86,105,109]
Token  96: [14,21,50,51,57,103,106,110] [3,6,9,28,37,80,95,122] [41,81,84,90,100,115,122,125] [4,39,71,86,87,95,117,127] [7,11,28,34,50,56,58,83] [18,47,51,68,73,105,110,119] [26,34,41,58,63,112,116,126] [5,33,36,44,82,94,100,106] [35,36,45,67,72,86,109,127] [0,2,32,65,68,80,98,122] [26,29,36,47,50,68,78,90] [3,48,54,60,63,103,109,125] [23,24,65,78,79,85,107,125] [23,26,31,33,66,68,110,118] [3,4,16,42,105,109,110,123] [16,17,23,40,50,66,72,103] [42,48,65,81,89,115,119,122] [18,55,78,82,83,90,99,123] [26,34,41,58,63,83,116,126] [6,9,24,36,59,100,106,112] [5,38,45,65,66,72,109,111] [0,32,49,65,69,98,122,125] [26,29,36,56,68,78,90,98] [14,23,26,48,54,63,103,109] [21,23,24,28,47,79,89,107] [31,33,66,80,82,110,118,119] [3,4,16,38,69,89,105,110] [16,17,40,50,72,79,99,120] [12,14,48,55,80,89,119,127] [13,66,77,78,82,83,90,99] [34,58,63,89,107,115,116,126] [33,36,44,75,82,94,100,106] [5,36,45,72,86,90,109,127] [32,51,65,68,80,84,96,98] [18,29,36,50,51,69,90,98] [3,43,53,60,63,69,85,109] [21,23,24,34,73,79,114,115] [23,66,68,82,91,106,113,118] [3,8,16,53,55,69,90,105] [6,9,16,17,31,40,72,120] [12,14,55,80,84,115,119,127] [2,9,35,66,78,80,90,103] [18,23,27,68,80,93,102,115] [6,29,36,46,87,100,104,120] [6,14,20,27,48,69,98,104] [22,27,32,45,58,70,80,114] [52,55,60,63,75,101,115,117] [36,47,66,86,88,120,123,124]
Token  97: [28,51,83,87,91,112,124,125] [9,16,29,33,45,48,68,122] [23,36,42,64,67,76,100,125] [12,70,73,92,100,101,112,114] [7,11,28,38,50,57,83,119] [10,35,63,74,87,93,110,114] [46,63,87,104,111,115,116,118] [2,19,32,33,44,82,100,106] [15,18,20,35,44,67,86,127] [0,23,32,35,66,68,80,102] [18,30,36,50,69,103,109,111] [22,36,42,48,53,54,60,69] [2,26,27,34,41,73,85,115] [13,68,82,83,91,106,110,118] [3,4,16,29,38,63,69,102] [2,5,17,31,40,50,72,120] [14,42,60,84,89,110,115,122] [13,46,52,77,82,90,94,122] [22,46,63,96,104,116,119,126] [2,33,36,44,82,94,100,106] [15,18,20,35,45,67,72,86] [0,32,51,65,66,68,80,111] [29,36,50,75,102,103,109,111] [11,14,31,32,48,53,54,60] [23,26,28,34,57,79,85,108] [23,50,68,82,91,110,118,119] [3,16,27,29,69,89,102,110] [5,40,50,58,72,79,99,120] [14,48,60,89,94,108,110,122] [4,13,37,46,52,78,94,99] [13,34,41,58,63,89,116,126] [2,33,44,56,82,94,100,106] [18,36,45,67,72,86,90,127] [0,32,65,68,80,102,111,123] [18,30,36,41,50,69,103,109] [8,22,53,60,64,69,85,115] [26,34,42,61,73,80,85,115] [13,41,68,76,82,83,91,106] [3,16,47,53,55,69,80,102] [16,17,31,40,51,60,64,120] [14,60,80,84,108,110,115,127] [15,36,46,52,64,78,103,122] [8,23,24,49,68,80,90,125] [12,19,49,80,100,104,121,125] [6,11,23,45,88,98,99,104] [17,22,26,45,46,76,112,114] [5,29,30,39,52,81,104,105] [15,35,52,71,74,95,111,127]
Token  98: [0,16,51,53,70,97,104,120] [20,24,34,62,76,86,107,122] [14,72,81,87,92,100,116,125] [12,23,25,32,71,76,105,117] [0,11,23,25,38,73,83,119] [31,35,68,80,97,107,110,119] [26,34,41,58,63,111,115,116] [24,33,36,44,82,87,94,100] [18,38,45,64,72,86,93,127] [0,2,32,68,80,85,94,122] [14,29,36,50,68,69,78,116] [28,30,48,54,60,63,69,93] [23,53,65,73,78,79,85,126] [26,33,44,68,82,83,110,118] [3,11,29,63,69,80,102,110] [5,17,31,40,48,50,60,79] [7,40,48,65,89,115,122,127] [1,18,52,77,78,90,99,123] [26,34,58,63,89,116,122,126] [5,9,24,45,59,87,100,123] [5,45,53,57,64,65,72,114] [0,32,38,49,51,94,98,122] [3,16,19,29,31,36,68,90] [30,31,54,60,62,63,65,103] [21,23,24,28,78,79,85,108] [26,33,78,82,83,91,110,118] [4,24,29,49,69,80,89,110] [2,5,16,26,40,50,99,120] [7,14,40,48,60,89,122,127] [13,52,53,77,78,90,99,123] [26,34,41,58,63,89,116,126] [5,33,44,59,82,87,94,100] [5,45,55,64,72,86,90,127] [0,17,51,68,76,80,94,98] [18,19,36,50,51,69,91,98] [8,48,54,60,63,65,69,85] [23,34,53,73,79,80,85,115] [44,68,75,82,83,91,106,118] [3,11,29,55,57,69,79,80] [16,17,31,40,50,60,61,120] [7,14,15,40,80,84,115,127] [9,15,52,53,78,80,90,103] [23,24,37,59,68,73,80,125] [43,46,81,96,100,104,120,124] [6,37,39,45,54,80,98,104] [22,45,46,63,80,104,112,114] [39,52,55,75,82,84,105,124] [27,32,35,52,71,90,95,108]
Token  99: [3,28,29,62,77,80,111,126] [11,45,62,76,78,81,86,122] [23,36,72,114,115,119,121,125] [1,11,20,25,76,101,105,119] [0,11,39,40,74,83,97,119] [1,8,30,55,73,80,97,122] [46,63,66,104,111,112,115,116] [24,33,44,82,87,94,100,106] [18,27,35,45,55,67,72,86] [0,44,62,68,80,85,94,102] [1,14,18,29,36,50,54,120] [22,48,54,60,68,69,93,120] [23,27,53,77,79,85,92,102] [24,44,49,68,83,106,110,118] [3,9,29,38,62,63,69,110] [2,17,26,31,40,50,79,84] [14,40,84,111,114,115,122,127] [1,53,77,78,82,84,90,122] [46,63,68,89,96,115,116,126] [9,33,36,44,82,87,94,100] [18,24,44,45,55,72,86,127] [0,17,51,62,68,80,94,98] [19,29,36,37,50,77,90,120] [31,48,52,54,60,68,85,120] [20,21,23,28,71,79,85,107] [24,33,37,49,68,82,91,118] [3,29,62,63,69,74,89,110] [2,5,17,26,38,40,99,120] [14,29,48,111,114,122,123,127] [37,53,77,78,84,90,99,123] [26,34,58,63,89,115,116,126] [5,33,36,44,82,87,94,100] [24,27,32,45,55,72,86,127] [0,17,68,76,80,94,102,105] [18,36,37,50,69,90,91,120] [31,48,54,60,68,69,85,120] [21,23,34,53,73,79,85,102] [24,44,49,68,83,91,106,118] [3,10,11,29,38,55,62,69] [5,16,17,31,40,46,89,120] [14,23,29,80,111,115,123,127] [53,65,77,78,84,90,103,121] [20,23,24,28,55,68,80,115] [5,8,46,96,100,104,120,121] [3,6,13,29,80,98,104,110] [5,12,22,45,47,83,114,117] [10,45,52,55,68,76,82,104] [11,27,31,54,84,90,112,127]
Token 100: [0,31,61,69,81,93,101,107] [26,45,60,83,86,91,98,122] [68,72,92,103,116,117,123,125] [1,20,25,99,100,106,117,119] [0,11,83,89,91,100,102,111] [30,31,35,55,80,97,111,119] [22,43,46,63,104,112,115,116] [5,33,44,72,82,94,100,106] [18,27,28,45,67,72,86,99] [0,17,21,68,76,80,85,105] [1,14,18,29,36,50,84,116] [13,15,22,48,54,58,69,120] [18,27,47,69,78,85,92,126] [13,31,44,68,83,85,118,121] [3,10,28,29,38,57,69,84] [3,23,34,40,50,84,100,106] [14,20,84,98,105,121,122,127] [1,14,30,45,78,90,97,124] [22,26,39,46,63,89,116,126] [5,33,36,44,72,82,94,100] [32,35,45,66,72,86,99,114] [17,50,68,69,76,80,98,105] [1,19,36,50,69,78,90,116] [13,26,48,54,58,90,96,120] [21,23,61,69,79,85,107,126] [30,33,68,80,83,106,118,125] [3,4,10,29,38,57,63,69] [3,5,6,17,26,34,40,100] [14,24,30,80,84,105,121,127] [1,9,30,77,78,82,90,100] [14,22,46,63,89,104,116,126] [5,33,36,44,61,82,88,94] [32,35,45,66,67,72,86,100] [13,17,50,68,76,80,98,105] [14,18,50,73,85,90,91,94] [13,26,48,54,58,60,85,90] [21,23,27,34,69,79,107,126] [13,33,68,83,93,106,118,121] [3,10,29,38,55,57,66,69] [3,5,17,26,34,40,89,100] [20,30,48,80,105,115,121,127] [1,9,14,30,45,78,90,97] [21,23,55,65,80,101,115,119] [4,5,11,36,46,100,104,120] [6,47,52,54,69,71,98,104] [22,27,45,54,104,114,117,127] [14,52,55,60,63,67,117,127] [20,32,34,55,58,73,86,117]
Token 101: [28,33,34,64,75,87,91,110] [28,60,63,71,73,90,93,122] [4,36,46,48,60,64,68,104] [21,24,68,71,73,74,106,125] [11,46,51,53,57,60,70,102] [18,31,55,63,93,110,119,122] [14,46,63,87,89,97,98,104] [5,32,33,36,40,44,82,94] [32,37,45,70,86,100,108,123] [0,7,17,68,76,80,82,105] [1,15,33,50,82,85,91,94] [18,48,54,62,90,94,97,100] [4,27,30,61,67,93,126,127] [68,74,83,87,92,106,112,120] [15,29,38,42,49,57,64,92] [3,5,32,40,54,84,89,100] [1,10,14,30,84,91,98,127] [1,3,30,60,61,78,82,121] [14,22,63,89,96,97,104,116] [5,33,44,82,88,89,94,119] [4,22,32,35,37,72,100,108] [0,7,13,17,68,69,76,79] [1,15,31,33,55,82,85,94] [1,25,48,50,54,62,100,120] [24,27,57,61,67,93,112,127] [35,61,68,74,83,87,92,120] [3,14,15,38,55,57,64,92] [0,5,25,32,40,89,100,119] [10,14,27,30,35,63,76,127] [3,61,73,78,82,92,100,114] [14,22,77,89,97,104,116,124] [5,40,44,61,82,88,89,118] [4,22,32,70,72,100,104,108] [0,7,13,17,51,76,82,105] [9,15,29,55,82,85,91,94] [18,25,30,48,54,62,84,100] [2,24,27,34,36,46,67,127] [45,68,83,89,93,106,120,127] [3,15,38,55,57,64,66,87] [16,25,32,33,40,77,89,100] [1,13,14,30,80,100,115,127] [1,30,61,78,81,82,92,100] [3,8,14,23,80,86,115,116] [5,16,18,26,46,68,80,100] [6,11,39,47,69,104,108,126] [2,12,22,45,65,92,114,117] [35,51,52,55,74,104,117,122] [10,21,26,30,58,94,110,114]
Token 102: [33,64,75,91,92,110,111,122] [16,25,34,38,46,60,63,103] [4,42,46,49,57,60,64,104] [24,68,70,73,78,80,100,106] [5,7,11,46,51,57,70,102] [23,31,43,55,75,93,115,123] [14,22,46,63,89,103,104,116] [5,19,33,40,44,82,94,100] [35,37,45,61,86,94,100,108] [0,7,17,35,68,76,80,102] [1,15,18,50,82,85,91,124] [48,54,55,60,84,94,97,100] [2,14,27,34,36,61,67,126] [2,40,62,68,87,91,106,112] [3,15,23,29,38,53,57,69] [6,17,32,40,54,89,100,125] [1,11,14,80,84,108,115,127] [1,9,26,36,78,81,82,112] [14,22,46,63,89,104,116,124] [5,21,33,36,44,82,89,94] [32,37,45,72,86,94,100,108] [0,7,17,35,68,76,80,102] [1,15,18,50,82,85,91,124] [1,48,54,55,73,92,97,100] [2,4,14,27,34,61,67,102] [2,62,68,87,92,106,112,120] [3,14,15,38,53,55,57,71] [6,17,32,40,50,54,89,125] [1,14,30,44,80,84,93,127] [9,26,36,77,78,81,82,100] [14,22,46,63,89,104,116,124] [5,21,33,36,44,82,89,94] [32,35,37,45,72,86,94,100] [0,7,8,17,68,76,80,102] [15,18,50,69,82,85,91,124] [1,48,54,55,73,84,85,100] [2,14,61,67,73,102,112,126] [57,62,63,68,87,106,112,127] [3,15,29,38,55,57,69,71] [2,17,32,40,50,107,125,126] [30,54,77,80,93,108,115,127] [0,26,49,63,65,77,78,81] [23,24,49,68,69,80,115,126] [46,47,56,68,75,100,120,121] [6,11,29,80,94,98,104,110] [2,5,22,45,47,83,87,117] [1,5,10,52,55,68,71,104] [15,21,23,31,44,74,82,127]
Token 103: [31,47,53,61,69,93,120,122] [2,25,45,52,63,83,91,122] [12,68,72,104,116,117,123,125] [1,20,25,71,89,93,101,106] [11,43,63,79,83,91,102,111] [30,35,55,97,103,111,119,125] [14,39,46,63,89,104,115,116] [5,33,36,44,72,82,94,100] [10,27,45,55,72,86,99,123] [0,2,14,17,68,76,80,105] [14,18,21,50,83,85,91,94] [1,48,54,58,60,69,120,122] [4,27,30,34,67,69,85,126] [32,33,44,68,87,91,103,106] [3,11,29,38,57,63,69,125] [17,32,40,50,63,84,100,112] [1,14,84,114,115,121,122,127] [1,53,61,77,78,99,122,124] [14,46,58,63,89,96,104,115] [33,36,44,50,72,82,94,100] [27,32,35,44,45,55,72,86] [0,17,51,68,76,80,102,111] [18,19,31,33,50,85,91,113] [1,48,54,58,60,85,92,99] [2,4,7,35,47,66,69,126] [32,33,35,44,47,68,95,106] [3,4,38,55,63,69,97,125] [2,17,34,38,40,45,50,100] [14,30,48,76,97,114,121,127] [5,14,61,77,78,80,99,114] [22,58,63,89,115,116,124,126] [5,33,36,44,72,94,100,123] [32,35,45,55,72,90,99,114] [17,43,50,68,76,102,105,111] [14,18,19,31,50,68,69,91] [1,13,17,54,58,60,85,115] [2,4,34,69,71,73,102,126] [13,32,33,44,68,79,106,117] [3,29,55,69,84,98,101,125] [2,16,17,31,34,40,45,100] [14,30,48,54,76,115,121,127] [1,14,45,61,77,80,82,97] [3,21,23,65,80,115,117,119] [4,5,37,46,65,66,100,120] [6,16,29,46,54,71,98,104] [2,22,30,32,45,54,71,114] [26,27,52,55,67,68,76,77] [32,34,55,58,74,87,112,117]
Token 104: [11,16,72,85,100,101,114,119] [21,37,60,63,75,89,106,122] [16,45,65,92,101,103,111,112] [20,25,87,93,101,103,106,109] [7,11,52,63,70,83,96,102] [23,31,55,59,73,97,103,114] [26,56,58,63,89,104,115,116] [9,24,31,33,44,82,94,100] [32,38,45,55,67,72,86,90] [0,2,17,62,68,76,80,111] [18,26,50,63,68,69,78,91] [3,28,48,54,60,85,90,120] [2,4,8,27,34,85,95,126] [26,32,66,68,91,103,106,117] [3,38,55,57,68,69,105,125] [3,6,17,32,34,40,45,100] [1,4,14,50,84,90,114,127] [1,7,9,42,75,77,78,82] [46,63,87,96,104,115,116,124] [21,33,36,44,82,94,100,106] [32,44,45,55,67,86,90,100] [17,57,62,68,76,80,102,111] [18,19,50,63,69,83,91,94] [67,72,85,90,92,99,102,115] [2,4,34,46,61,78,95,102] [35,92,99,104,106,112,117,126] [3,38,44,53,57,69,95,115] [6,17,32,34,40,75,82,120] [1,4,14,50,80,84,114,127] [5,9,62,72,77,82,100,103] [22,46,63,66,89,104,116,124] [21,33,36,44,82,94,100,106] [9,21,44,45,55,67,86,90] [7,17,66,68,76,80,102,111] [7,18,30,50,63,82,91,94] [4,53,60,72,78,85,99,100] [2,4,14,32,34,61,92,102] [20,85,92,93,103,106,112,117] [1,3,15,27,29,69,109,125] [9,29,32,40,45,63,75,125] [0,1,42,48,80,84,106,107] [1,5,7,34,59,77,82,88] [17,56,58,66,80,108,111,117] [11,18,46,58,66,80,100,115] [5,6,19,29,46,104,105,108] [29,45,50,54,67,71,114,117] [16,26,27,43,74,76,93,125] [3,53,58,76,87,102,104,112]
Token 105: [7,58,72,85,88,109,117,121] [1,27,37,60,63,65,89,122] [12,16,40,45,81,95,107,127] [3,20,68,71,84,103,106,127] [7,11,30,52,57,63,73,81] [9,17,37,64,73,74,103,114] [24,27,34,53,58,63,71,76] [9,18,24,59,75,106,109,112] [38,45,57,65,67,72,90,127] [0,19,49,80,84,96,122,125] [16,26,56,61,68,69,78,105] [3,24,28,49,54,60,61,125] [15,56,65,79,85,96,99,105] [15,19,23,26,28,42,58,78] [3,4,17,48,67,81,100,110] [8,16,41,49,70,85,101,120] [39,65,73,81,82,89,105,115] [1,18,21,42,55,83,93,123] [24,26,34,59,63,70,88,105] [6,9,24,30,49,62,106,112] [38,46,65,72,101,111,121,124] [0,9,16,49,98,110,122,125] [47,56,61,68,78,90,98,105] [3,23,24,49,54,61,64,125] [15,21,23,65,79,85,96,99] [0,15,19,26,28,49,58,118] [1,4,49,81,89,100,107,110] [16,19,41,49,59,70,120,127] [39,48,65,81,82,83,89,115] [1,18,21,55,83,99,118,120] [24,26,27,58,63,70,105,126] [18,24,59,62,75,106,109,112] [37,38,46,65,72,90,101,111] [0,16,49,87,96,98,122,125] [16,26,56,68,78,90,98,105] [3,5,23,52,54,64,65,125] [21,23,65,73,79,85,96,108] [11,20,26,47,78,91,104,118] [3,49,55,81,86,102,110,125] [11,25,48,49,59,72,75,120] [1,35,42,48,70,107,113,115] [1,21,30,34,59,77,88,105] [8,17,33,56,66,70,111,114] [58,72,80,82,96,98,99,111] [5,7,9,25,29,42,103,127] [3,29,51,65,91,99,110,121] [15,16,27,32,43,46,94,100] [4,53,72,84,87,102,107,112]
Token 106: [35,52,57,76,109,117,123,127] [25,27,37,46,60,63,89,122] [29,45,48,64,65,101,103,104] [25,56,67,74,93,101,103,106] [7,11,16,57,63,83,96,126] [20,23,55,71,73,103,104,112] [17,63,87,96,104,107,115,116] [24,33,36,44,82,84,94,100] [21,32,45,55,67,72,86,102] [0,14,17,21,62,68,80,85] [4,12,18,36,48,63,91,94] [53,54,60,62,90,94,102,110] [4,27,34,54,92,111,112,126] [33,35,43,68,85,91,106,117] [1,3,38,63,67,68,69,125] [15,17,34,40,45,50,63,100] [0,1,48,76,80,84,114,127] [1,7,75,77,78,82,90,124] [22,46,58,63,96,104,115,116] [33,36,44,82,94,100,106,123] [32,44,45,55,72,86,90,114] [17,50,62,68,76,80,102,111] [7,18,19,36,50,60,63,91] [5,58,60,72,85,90,94,115] [2,4,27,30,34,92,102,126] [12,30,33,43,47,85,106,117] [3,27,38,57,63,67,69,98] [6,17,29,34,40,45,75,120] [0,1,14,80,84,90,114,127] [1,5,7,9,22,77,82,114] [22,46,63,89,104,115,116,124] [33,36,40,44,82,94,100,106] [32,44,45,55,67,72,86,90] [17,50,62,68,76,80,102,111] [12,18,19,36,50,63,91,94] [45,48,54,60,72,84,85,90] [4,8,27,34,35,36,71,126] [13,32,33,47,93,103,106,117] [3,55,63,67,69,98,109,119] [16,26,29,30,40,45,63,127] [0,1,30,48,80,90,106,112] [5,7,50,55,57,77,80,82] [3,23,58,80,87,99,108,117] [5,26,58,66,98,100,108,115] [6,29,46,58,102,104,105,108] [18,50,54,64,71,91,99,117] [16,27,32,43,68,76,94,104] [3,4,53,72,76,87,102,107]
Token 107: [24,35,52,57,76,117,123,127] [18,25,27,52,63,89,109,122] [12,29,45,60,65,101,103,104] [19,20,25,28,60,74,81,106] [7,11,28,37,51,53,57,70] [18,23,31,55,93,110,112,119] [46,63,74,87,104,111,116,124] [19,32,33,44,82,94,100,106] [22,35,45,67,86,87,90,123] [0,7,17,68,76,80,102,111] [4,18,27,63,69,91,94,126] [21,28,48,53,60,90,95,99] [2,4,8,14,27,34,115,127] [8,40,91,92,93,106,112,117] [3,15,38,53,57,69,102,115] [3,6,17,32,40,75,89,120] [0,1,50,80,84,93,105,127] [1,7,50,77,82,100,103,116] [22,46,63,64,87,104,116,124] [9,33,44,73,82,94,100,106] [21,44,45,67,72,86,90,123] [7,17,66,68,76,80,102,111] [7,18,30,50,63,91,94,98] [22,53,60,67,72,90,99,100] [2,4,14,26,34,92,115,127] [35,51,92,99,104,106,112,117] [3,15,27,53,57,66,113,116] [6,15,32,40,61,75,88,89] [0,14,53,80,84,93,105,113] [13,72,82,93,100,103,116,120] [3,46,54,63,66,74,86,119] [33,44,73,82,94,100,106,110] [2,9,44,67,86,90,94,123] [7,25,68,80,102,111,113,123] [2,7,10,30,71,82,94,103] [0,4,21,53,78,96,99,100] [14,17,32,42,77,92,115,127] [20,27,92,93,104,106,112,117] [3,15,36,53,57,87,102,125] [11,32,40,50,75,89,110,125] [0,30,42,80,93,105,107,113] [6,34,50,59,77,82,88,100] [4,17,43,56,70,80,111,117] [46,58,66,68,74,80,82,115] [5,6,9,11,25,29,46,104] [29,50,64,71,91,98,99,114] [15,16,27,32,43,54,76,94] [3,4,8,53,72,87,102,107]
Token 108: [24,27,52,76,88,117,121,127] [13,25,27,52,60,63,97,122] [27,29,36,60,64,65,101,104] [19,25,60,74,80,93,95,103] [2,7,11,16,51,57,60,119] [9,23,31,55,71,110,112,114] [17,22,63,87,97,104,115,116] [1,33,36,40,44,82,94,100] [18,30,32,45,86,87,108,123] [0,17,62,68,76,80,85,100] [4,18,27,36,58,63,91,94] [22,48,53,56,60,75,94,100] [2,4,7,8,27,34,111,127] [8,31,43,63,91,92,106,112] [1,3,14,15,38,57,68,69] [17,32,34,40,54,99,120,126] [0,14,76,80,84,90,114,127] [1,36,50,57,62,77,82,124] [17,22,44,46,63,104,115,116] [31,33,36,44,82,88,94,100] [18,30,32,44,45,72,86,90] [7,17,51,62,68,76,80,100] [4,18,27,31,36,50,91,102] [17,22,45,53,56,94,95,110] [4,8,34,35,36,64,94,111] [8,31,43,63,67,106,112,117] [2,14,15,27,67,68,69,73] [11,15,17,29,32,45,87,100] [0,10,62,76,90,97,100,127] [7,13,37,50,57,73,77,122] [17,58,89,96,104,112,115,116] [19,33,40,44,48,82,94,100] [30,32,45,72,87,90,108,114] [17,47,50,76,80,85,100,102] [4,5,18,27,31,36,63,91] [17,45,53,56,60,72,85,95] [4,8,34,35,64,71,111,126] [8,31,47,91,103,106,112,117] [2,3,15,55,67,69,98,109] [2,16,17,32,40,50,100,127] [0,1,30,48,54,76,90,115] [7,50,55,57,77,80,81,82] [14,23,47,52,69,108,115,117] [5,37,46,53,66,100,120,122] [6,16,29,46,70,94,104,108] [4,29,45,50,71,95,99,114] [5,27,32,68,71,76,77,90] [4,14,44,58,74,92,107,112]
Token 109: [17,45,52,65,98,100,102,120] [32,63,70,94,108,122,125,127] [30,53,65,82,87,88,99,123] [19,25,73,86,93,101,108,111] [11,32,52,57,78,83,92,126] [23,55,59,71,79,99,104,109] [26,39,63,71,87,89,115,116] [9,24,33,44,82,94,100,109] [32,45,69,72,85,102,108,123] [0,2,17,21,62,76,80,85] [4,12,16,18,36,57,94,98] [52,53,54,60,90,94,104,120] [4,8,21,54,65,111,126,127] [0,31,33,47,87,91,92,106] [1,38,63,67,69,78,86,125] [17,45,50,52,63,66,100,117] [10,46,48,76,90,103,115,122] [1,7,18,50,77,82,99,123] [26,44,58,87,91,96,115,122] [8,33,56,58,59,88,100,123] [18,32,45,53,72,93,102,114] [0,2,17,23,50,51,76,85] [4,16,19,31,36,50,57,94] [45,52,53,54,72,90,94,95] [4,18,21,35,40,54,111,126] [20,31,33,43,47,78,85,117] [1,4,63,67,69,110,113,125] [21,26,29,45,50,52,75,109] [1,10,14,46,76,90,97,127] [5,7,50,77,80,99,105,124] [39,58,89,96,104,115,116,124] [8,33,40,44,56,58,94,100] [32,45,53,72,90,102,108,114] [17,23,50,76,80,85,96,100] [12,18,19,36,38,50,63,91] [45,52,53,72,84,85,90,95] [4,7,8,21,34,41,71,126] [31,33,35,47,78,93,106,117] [2,3,55,63,67,69,98,109] [16,29,40,45,50,52,75,127] [1,48,54,76,90,112,115,127] [7,50,55,57,77,80,82,105] [3,23,39,47,80,99,108,117] [5,46,53,66,100,108,115,120] [6,16,29,46,70,98,104,108] [45,50,54,71,91,95,114,117] [14,27,32,68,76,77,93,104] [20,58,73,76,87,107,109,112]
Token 110: [11,16,46,72,85,100,114,119] [22,32,63,70,106,119,122,127] [2,16,27,45,65,78,99,123] [17,19,25,60,81,84,86,93] [7,11,52,57,63,73,92,96] [17,37,59,64,73,74,104,112] [27,34,53,58,63,71,89,107] [9,18,24,33,59,100,106,109] [38,45,53,57,65,72,102,127] [0,2,17,19,49,80,96,122] [16,18,26,47,51,57,68,78] [3,21,24,28,54,60,103,125] [2,8,15,56,65,73,96,105] [0,15,19,23,26,28,58,78] [1,3,17,67,69,81,100,110] [8,16,40,41,49,70,101,120] [39,65,76,80,81,89,105,115] [18,21,33,42,55,77,82,83] [24,26,34,47,59,63,70,88] [6,9,24,28,30,49,106,112] [37,38,46,65,72,111,121,124] [0,9,10,49,80,92,110,125] [26,47,56,58,61,90,94,98] [7,21,23,64,65,96,99,125] [9,22,34,46,65,85,119,127] [77,81,82,92,99,104,112,125] [7,30,57,61,88,99,107,110] [6,19,61,75,76,91,93,113] [59,65,67,83,89,93,105,115] [18,50,71,72,75,82,86,93] [26,34,59,70,86,89,94,104] [28,30,36,43,73,100,103,106] [9,14,15,31,37,41,46,90] [2,10,23,49,54,80,99,104] [7,30,37,45,47,65,71,119] [4,21,37,64,78,99,111,126] [9,32,33,42,46,95,108,127] [20,27,36,92,104,117,124,125] [1,19,23,26,30,76,87,125] [8,11,25,63,75,89,91,117] [1,12,42,93,105,107,113,115] [34,50,59,80,82,88,100,105] [8,17,25,56,66,67,70,111] [10,18,72,74,80,82,99,111] [5,12,29,34,42,46,103,104] [29,41,73,77,98,110,117,121] [16,27,37,46,76,90,93,100] [3,4,8,67,76,87,102,104]
Token 111: [32,35,46,57,58,72,109,123] [1,18,27,32,33,52,63,122] [2,48,60,95,101,103,111,127] [17,25,28,49,74,86,94,118] [7,11,37,52,57,73,92,96] [17,18,55,59,100,110,112,119] [44,46,58,63,71,104,115,116] [9,24,33,44,82,94,100,106] [38,45,53,67,72,86,90,102] [0,7,17,68,71,80,96,107] [16,18,50,63,69,78,91,94] [21,28,48,53,54,60,90,99] [2,4,8,27,34,65,102,127] [8,40,42,67,91,92,106,112] [3,15,38,44,53,57,69,115] [3,17,32,40,75,82,89,120] [0,1,14,80,84,93,114,127] [1,7,9,57,77,82,100,103] [22,46,63,64,89,104,116,124] [5,33,36,44,82,94,100,106] [35,37,44,45,65,86,90,100] [7,13,17,68,76,80,102,111] [18,50,63,69,78,91,94,98] [54,60,85,90,92,96,99,100] [2,4,8,14,27,34,79,102] [35,83,93,99,104,106,112,117] [3,38,53,57,66,109,115,125] [3,6,17,32,40,75,120,125] [0,1,7,14,80,84,93,127] [1,9,72,77,82,88,100,103] [22,34,46,63,64,89,104,116] [9,33,44,82,94,100,106,110] [9,35,44,45,61,67,86,90] [7,57,68,76,80,96,102,111] [7,18,30,50,63,85,91,94] [4,39,43,53,78,96,99,100] [2,4,17,34,42,92,102,111] [20,67,92,93,103,106,112,117] [1,3,27,67,69,98,119,125] [16,17,26,29,40,45,50,63] [0,1,48,54,76,90,106,112] [5,7,44,50,55,57,77,82] [3,23,50,58,80,99,108,117] [5,46,53,58,66,100,108,115] [3,6,29,39,46,98,104,108] [45,50,54,65,93,99,114,117] [15,16,27,32,68,76,93,104] [3,4,8,53,76,87,102,107]
Token 112: [30,52,76,88,109,117,121,127] [1,27,32,37,52,63,97,122] [12,29,48,60,64,65,104,109] [17,19,23,25,49,60,93,126] [2,8,11,16,30,57,96,119] [23,43,55,71,84,91,110,112] [17,22,63,89,96,97,104,115] [33,36,40,44,82,89,94,100] [18,30,32,45,55,67,86,90] [0,17,68,76,80,85,100,107] [4,12,18,27,31,63,84,94] [36,45,52,53,56,72,81,95] [2,4,8,20,27,64,93,94] [8,31,35,47,67,91,92,106] [1,2,3,14,38,67,68,69] [17,21,29,32,40,45,73,99] [0,10,24,27,30,84,90,127] [1,11,50,57,77,82,88,99] [17,39,58,63,88,96,115,116] [5,33,45,58,75,82,94,100] [18,30,32,35,45,77,108,114] [17,51,62,68,76,80,85,100] [4,12,18,27,31,36,63,102] [31,45,48,53,56,72,85,95] [4,34,35,36,40,54,61,64] [8,31,35,47,67,85,106,117] [3,14,67,68,69,97,98,109] [17,26,29,40,45,50,99,109] [0,10,46,54,62,90,97,127] [7,13,22,50,57,77,88,122] [17,58,63,96,112,115,116,126] [33,44,48,58,82,94,100,123] [30,32,35,45,77,90,108,114] [17,23,51,76,80,85,96,100] [4,5,12,18,27,36,63,91] [43,45,48,53,54,56,72,95] [2,4,34,35,36,41,64,89] [8,31,35,47,67,91,106,117] [2,3,55,63,67,68,69,98] [17,26,29,40,45,63,100,106] [0,1,48,54,76,90,112,115] [7,11,50,55,57,77,81,82] [23,47,52,69,80,87,108,117] [53,65,66,91,99,100,115,122] [6,16,29,46,67,70,104,108] [4,45,50,52,67,71,95,114] [27,32,63,76,77,90,93,125] [4,18,25,44,58,92,93,107]
Token 113: [17,45,52,98,100,102,108,120] [31,32,70,96,108,122,125,127] [29,30,49,53,65,82,99,123] [19,25,35,45,86,93,101,111] [2,7,11,19,57,92,96,126] [23,55,59,71,91,97,104,109] [22,63,87,89,104,107,115,124] [24,33,36,82,84,89,94,100] [30,32,45,53,72,90,102,108] [0,2,11,17,55,80,85,92] [4,12,16,27,63,84,90,94] [22,52,53,56,72,81,90,95] [4,8,21,27,54,65,71,127] [8,31,33,35,87,91,93,106] [1,14,22,42,67,69,92,125] [17,25,29,32,40,45,52,106] [1,10,14,30,46,76,106,127] [1,7,39,50,57,77,80,82] [17,22,63,89,96,104,115,126] [8,33,44,58,82,88,94,100] [30,32,45,53,72,86,87,102] [17,50,68,76,80,85,92,100] [4,12,18,27,36,50,63,91] [45,52,53,56,72,90,95,120] [2,4,8,27,34,61,64,71] [8,31,33,35,47,67,106,117] [1,3,38,63,67,69,98,109] [17,29,40,45,50,52,75,120] [0,1,10,14,76,84,90,127] [7,22,50,57,77,82,105,114] [17,63,89,96,104,115,116,124] [21,33,36,40,44,82,94,106] [30,32,45,55,67,86,90,102] [17,68,76,80,85,96,100,102] [4,7,12,18,27,36,63,91] [45,53,56,72,84,85,90,95] [2,4,35,41,61,64,71,102] [8,29,31,33,35,38,106,117] [3,32,55,63,67,69,98,119] [17,29,30,40,45,52,75,127] [1,48,54,90,106,112,115,127] [7,11,50,55,57,77,80,82] [3,23,47,80,87,99,108,117] [7,46,58,66,100,108,115,120] [2,6,16,29,46,57,104,108] [29,45,50,71,91,92,95,114] [27,68,74,76,77,93,104,125] [58,76,87,92,107,109,112,118]
Token 114: [11,16,72,85,100,106,114,119] [22,32,63,72,96,106,119,122] [16,29,65,78,89,95,109,123] [19,25,45,49,60,84,86,93] [2,11,52,63,70,73,92,96] [17,18,59,64,74,103,104,112] [34,53,58,63,71,89,107,115] [9,18,24,33,59,100,106,109] [38,45,53,57,72,90,102,127] [0,2,17,19,49,80,85,122] [16,18,26,51,63,69,78,98] [21,24,28,48,53,54,60,99] [2,4,8,34,56,61,65,127] [28,40,42,91,92,101,106,112] [3,15,23,53,57,69,110,115] [3,6,16,17,32,40,89,120] [14,50,80,84,105,114,115,127] [1,7,42,75,77,82,90,103] [22,34,56,63,64,87,89,104] [5,33,44,82,94,100,106,112] [35,44,45,65,72,86,116,127] [0,10,17,68,80,84,96,111] [16,18,50,58,78,83,94,98] [4,21,60,67,85,92,96,125] [2,9,34,61,65,79,85,124] [42,82,83,91,99,104,106,125] [3,8,27,38,53,69,86,116] [6,11,40,61,64,75,102,120] [1,14,30,50,80,84,113,127] [72,77,82,83,88,90,99,103] [34,46,58,63,89,99,104,116] [3,21,33,44,82,94,100,106] [9,44,67,72,86,90,111,127] [10,24,68,80,84,96,102,123] [2,7,18,30,50,86,88,98] [0,4,14,28,53,85,96,99] [2,14,32,34,42,61,92,115] [20,82,91,92,103,104,106,112] [3,29,53,57,68,69,109,125] [11,16,17,33,40,75,79,120] [1,30,39,42,48,80,107,127] [34,44,50,59,77,78,88,105] [17,33,70,80,87,99,114,117] [10,18,66,80,99,108,111,115] [2,5,29,46,104,105,111,127] [29,50,67,71,91,99,110,114] [16,27,32,43,46,76,93,94] [3,4,8,53,76,87,102,104]
Token 115: [32,35,46,57,58,109,117,123] [1,18,27,32,52,97,104,122] [29,33,48,60,81,95,103,111] [19,25,28,45,49,86,111,127] [2,7,11,19,57,92,96,119] [18,23,55,93,104,110,112,119] [17,46,58,63,87,104,115,116] [9,24,32,33,44,82,94,106] [22,38,45,53,67,72,77,102] [0,7,14,17,68,80,85,107] [4,16,18,25,58,63,69,94] [21,28,48,53,60,72,95,99] [2,4,8,27,34,64,65,127] [8,40,67,91,92,93,106,112] [3,15,22,38,53,57,69,115] [6,16,17,32,40,75,89,125] [0,1,14,78,80,84,93,127] [1,7,9,77,82,100,103,121] [3,22,46,63,87,89,104,116] [32,33,44,82,88,94,100,106] [22,53,67,77,86,90,123,124] [0,7,8,17,69,76,80,111] [7,30,36,63,71,83,94,126] [48,52,53,72,95,96,99,100] [2,4,20,21,34,92,109,127] [67,92,93,99,104,106,112,117] [38,53,57,66,67,86,98,109] [26,29,32,40,50,75,89,125] [0,1,14,48,80,105,106,127] [1,7,44,57,72,77,82,99] [17,22,52,63,74,87,89,104] [19,31,33,36,44,82,100,106] [9,17,45,53,77,90,92,100] [7,17,76,80,85,96,99,111] [7,18,30,63,85,91,94,126] [4,43,53,60,72,78,99,121] [2,4,28,34,61,64,92,111] [20,31,35,67,91,93,106,117] [1,3,38,67,68,69,113,119] [16,17,26,29,40,45,50,63] [0,1,30,48,54,90,106,112] [5,7,44,50,55,57,77,80] [23,52,80,87,99,108,112,117] [0,5,20,46,58,66,100,115] [2,25,29,46,57,104,108,111] [29,50,65,71,91,95,99,121] [1,16,27,32,68,76,94,122] [3,4,8,53,76,87,102,107]
Token 116: [30,52,76,88,109,117,121,127] [1,25,27,52,63,65,97,122] [25,29,48,60,64,65,104,109] [19,25,35,49,60,69,93,126] [2,7,11,16,30,57,96,126] [23,43,55,71,91,109,110,112] [17,63,88,89,96,104,115,116] [33,36,40,44,82,94,100,120] [30,32,45,55,72,83,86,87] [0,2,11,17,68,80,85,100] [4,18,27,31,36,47,63,94] [22,45,48,53,54,56,72,95] [2,4,8,20,27,35,64,94] [8,31,35,38,63,67,106,110] [1,3,12,38,67,68,69,119] [2,17,31,40,45,73,99,100] [54,65,76,90,114,115,122,127] [11,18,44,50,57,77,82,108] [17,39,46,63,96,115,116,122] [5,33,36,44,58,94,100,123] [18,30,32,35,45,55,72,77] [0,17,47,62,68,76,85,100] [4,18,19,27,31,36,50,63] [36,45,48,54,56,85,94,95] [4,18,34,35,64,71,94,117] [8,38,47,60,63,67,106,110] [3,14,38,68,69,98,119,126] [2,17,28,29,40,50,83,99] [0,14,54,62,76,90,114,127] [0,11,50,57,77,108,114,122] [17,34,58,88,112,115,116,126] [33,36,44,48,58,94,100,123] [18,30,32,35,45,72,77,87] [17,31,51,68,76,85,100,104] [4,15,18,27,31,36,68,127] [3,45,53,54,56,85,95,103] [2,4,34,35,38,55,64,94] [8,31,38,47,63,67,106,109] [3,4,12,14,18,55,69,81] [2,16,17,30,40,64,100,107] [0,14,54,76,77,80,115,127] [0,11,50,57,63,65,77,78] [12,20,23,24,69,80,117,126] [46,47,53,58,100,120,121,122] [3,6,16,29,80,94,104,110] [5,22,45,52,83,87,95,99] [1,5,10,32,68,71,94,123] [4,14,31,44,74,92,107,127]
Token 117: [40,43,45,52,65,73,98,100] [18,31,38,94,96,100,122,127] [3,38,57,82,84,88,92,99] [6,37,71,86,93,94,95,127] [7,11,32,76,78,85,106,115] [59,61,64,66,97,109,114,125] [35,41,63,83,105,115,116,126] [5,33,49,75,94,100,109,112] [18,45,65,72,84,93,121,127] [0,2,9,76,80,85,110,122] [18,26,47,50,61,68,90,105] [1,24,49,54,61,95,120,125] [15,23,35,56,78,79,99,126] [6,15,26,28,33,68,106,118] [3,4,17,20,38,48,81,104] [17,40,48,49,50,85,101,120] [8,39,48,81,89,115,122,127] [1,18,19,33,42,78,99,105] [24,34,63,88,89,105,116,126] [5,33,36,49,82,94,100,112] [32,35,45,66,72,84,86,121] [0,9,50,68,76,98,110,125] [19,31,45,50,56,61,90,105] [1,23,24,49,54,61,92,103] [15,21,23,35,61,89,96,99] [15,28,35,38,58,78,106,110] [3,4,14,20,27,32,86,104] [2,5,6,16,19,40,99,127] [14,39,48,62,73,97,98,127] [19,21,42,75,78,105,108,118] [14,24,34,58,83,88,89,126] [5,24,33,40,49,89,112,123] [35,45,65,66,72,84,90,121] [9,13,16,50,76,98,110,125] [31,50,56,61,68,78,90,105] [1,3,23,24,49,54,85,125] [15,21,23,34,79,85,96,99] [11,15,23,28,58,68,106,118] [3,17,20,32,55,57,86,100] [16,17,40,49,52,70,101,127] [39,48,73,80,81,115,124,127] [1,21,42,48,69,78,80,105] [23,24,31,64,80,113,114,115] [11,31,37,46,77,88,100,104] [6,8,16,53,73,90,98,104] [2,22,27,32,82,87,101,114] [5,11,34,52,55,60,98,118] [20,44,73,74,77,86,105,109]
Token 118: [14,21,50,51,57,103,106,110] [3,6,9,28,37,80,95,122] [41,81,84,90,100,115,122,125] [4,39,71,86,87,95,117,127] [7,11,28,34,50,56,58,83] [18,47,51,68,73,105,110,119] [26,34,41,58,63,112,116,126] [5,33,36,44,82,94,100,106] [35,36,45,67,72,86,109,127] [0,2,32,51,68,80,98,122] [26,29,47,50,68,69,78,90] [48,53,54,60,63,103,109,125] [23,24,65,78,79,85,107,125] [23,26,31,33,66,68,110,118] [3,4,16,42,105,109,110,123] [16,23,40,50,66,70,72,103] [42,48,65,81,89,115,119,127] [18,55,78,82,83,90,99,123] [26,34,41,63,83,105,116,126] [3,9,24,33,49,59,100,112] [38,45,65,66,72,84,116,121] [0,9,16,49,98,110,122,125] [29,56,61,68,78,90,98,105] [23,24,26,49,54,61,109,125] [15,21,23,24,47,79,96,99] [15,28,31,36,66,91,118,119] [3,4,14,16,69,89,105,110] [5,16,40,64,72,90,103,120] [12,39,48,80,81,89,119,127] [1,13,66,77,78,83,90,99] [24,34,58,89,105,115,116,126] [33,49,56,75,94,100,112,123] [36,45,65,72,90,109,121,127] [9,32,44,65,80,96,98,125] [29,36,50,51,56,68,78,90] [3,23,54,60,63,85,109,125] [21,23,24,34,42,61,73,79] [23,33,66,82,91,106,118,125] [3,16,55,57,66,69,90,105] [9,16,17,40,50,72,103,120] [12,14,55,80,84,115,119,127] [2,9,35,66,78,80,90,103] [18,23,27,68,80,93,102,115] [6,29,36,46,87,100,104,120] [6,14,20,38,48,69,98,104] [22,27,32,45,58,70,80,114] [36,52,55,60,63,75,115,117] [36,47,66,86,88,120,123,124]
Token 119: [28,51,83,87,91,112,124,125] [9,16,29,33,45,48,68,122] [23,36,42,56,67,76,100,125] [12,70,73,95,100,101,112,114] [7,11,28,37,38,50,83,119] [10,35,63,74,87,93,110,114] [46,63,87,104,111,115,116,118] [2,19,32,33,44,82,100,106] [15,18,20,35,44,45,86,127] [0,23,32,35,66,68,80,102] [18,30,36,50,69,103,109,111] [22,36,42,48,53,54,60,69] [2,26,27,34,41,65,73,85] [13,33,68,82,83,106,110,118] [3,4,16,29,38,63,69,102] [2,5,17,31,40,50,72,120] [14,42,60,84,89,110,115,122] [13,46,52,77,82,90,94,122] [46,63,89,96,104,116,119,126] [2,33,36,44,82,94,100,106] [15,18,35,45,67,72,86,114] [0,32,51,66,68,80,102,111] [29,36,50,75,89,103,109,111] [5,11,14,31,32,48,53,60] [23,26,28,34,57,79,85,108] [23,35,50,68,82,110,118,119] [3,16,27,29,69,89,102,110] [5,6,40,50,72,79,99,120] [14,48,60,94,108,110,122,127] [4,13,37,46,52,78,94,99] [13,34,39,58,63,89,116,126] [2,33,36,44,82,94,100,106] [18,36,45,67,72,86,90,127] [32,51,65,68,80,102,111,123] [18,29,30,36,50,69,103,109] [8,22,31,38,53,60,64,85] [26,34,42,61,73,80,85,115] [13,41,68,76,82,83,91,106] [3,16,47,53,55,69,80,102] [9,16,17,40,51,60,72,120] [14,60,80,84,108,110,115,127] [15,36,46,52,64,78,103,122] [23,24,49,68,80,90,115,125] [12,19,49,80,100,104,121,125] [6,11,23,45,88,98,99,104] [17,22,26,45,46,76,112,114] [29,30,39,52,60,81,104,105] [15,35,52,71,74,95,111,127]
Token 120: [0,16,51,53,70,97,104,120] [20,24,34,62,76,86,107,122] [14,72,81,87,92,100,116,125] [12,23,25,32,71,76,105,117] [0,11,23,25,38,73,83,119] [31,35,73,80,97,107,110,119] [26,34,41,58,63,111,115,116] [24,33,36,44,82,87,94,100] [18,38,45,64,72,86,93,127] [0,2,32,68,80,85,94,122] [14,29,36,50,68,69,78,116] [28,30,48,54,60,63,69,93] [21,23,78,79,85,92,105,126] [26,33,44,68,83,91,110,118] [3,4,29,63,69,80,102,110] [5,16,17,31,40,48,50,60] [7,40,48,60,89,115,122,127] [1,15,18,52,77,78,90,99] [8,26,58,63,89,116,122,126] [9,24,59,75,87,100,112,123] [5,45,53,57,64,65,72,114] [0,32,38,49,51,85,94,98] [3,16,19,29,31,36,68,90] [4,30,31,54,60,63,65,103] [21,23,24,28,57,78,79,85] [33,73,78,82,83,91,110,118] [3,4,24,29,69,80,89,110] [2,5,40,50,63,79,99,120] [7,14,40,60,89,97,122,127] [13,52,53,77,78,90,99,123] [34,39,58,63,89,115,116,126] [5,33,36,56,59,87,94,100] [5,45,55,64,72,90,108,127] [0,13,38,51,76,80,94,96] [18,19,29,36,50,51,75,91] [8,31,39,60,62,65,85,120] [23,34,53,73,79,80,85,115] [44,68,75,82,83,91,106,118] [2,3,29,55,57,69,79,80] [9,16,17,31,40,50,60,120] [7,14,15,40,80,84,115,127] [9,15,52,53,78,80,90,103] [23,24,37,59,68,73,80,125] [20,43,56,81,96,100,104,120] [6,37,38,39,45,80,98,104] [22,45,46,63,84,104,112,114] [39,52,55,75,82,84,105,124] [27,32,35,52,71,90,95,108]
Token 121: [3,28,29,62,77,80,111,126] [11,24,45,62,76,78,86,122] [23,36,72,114,115,119,121,125] [1,11,20,25,76,101,105,119] [0,11,39,40,74,83,97,119] [1,8,30,55,73,80,97,122] [46,58,63,66,104,112,115,116] [33,36,44,82,87,94,100,106] [18,27,35,45,55,67,72,86] [0,44,62,68,80,85,94,102] [1,14,18,29,36,50,54,120] [22,48,54,60,68,69,93,120] [23,27,53,77,79,85,92,102] [24,33,44,49,68,83,110,118] [3,9,19,29,38,62,63,69] [2,17,40,50,79,84,117,120] [14,29,40,84,111,115,122,127] [1,53,77,78,82,84,90,122] [46,63,89,96,104,115,116,126] [9,33,36,44,82,87,94,100] [5,24,44,45,55,72,86,127] [0,17,51,62,68,76,80,94] [18,19,29,36,37,50,90,120] [4,31,48,54,60,68,85,120] [20,21,23,28,71,78,79,85] [24,33,49,68,82,83,91,118] [3,9,29,62,63,69,74,110] [2,5,17,40,50,84,99,120] [14,29,30,48,111,122,123,127] [53,77,78,84,90,99,114,123] [34,58,63,89,96,115,116,126] [5,33,36,44,82,87,94,100] [24,27,32,35,45,72,86,127] [13,17,68,76,80,94,98,102] [18,36,37,50,77,90,91,120] [31,48,54,60,68,71,85,120] [20,23,27,34,73,79,80,85] [24,44,49,68,83,91,106,118] [3,10,11,29,38,55,62,69] [5,16,17,31,40,46,89,120] [14,23,29,80,111,115,123,127] [53,77,78,80,84,90,103,121] [20,23,24,28,55,68,80,115] [5,8,46,96,100,104,120,121] [3,6,13,69,80,98,104,110] [5,12,22,45,47,83,114,117] [10,45,52,55,68,76,82,104] [11,15,31,54,82,84,90,127]
Token 122: [0,31,61,69,81,93,101,107] [26,45,60,62,76,83,91,122] [68,72,92,103,116,117,123,125] [1,20,25,99,100,106,117,119] [11,51,83,89,91,100,102,110] [30,31,35,55,80,97,111,119] [14,22,46,63,89,104,115,116] [5,33,44,72,82,94,100,106] [18,27,28,45,67,72,86,99] [0,17,21,68,76,80,85,105] [1,14,18,29,36,50,84,116] [13,15,22,48,54,58,69,120] [18,23,27,69,78,85,92,126] [13,31,33,68,83,85,110,121] [3,10,28,29,38,57,69,84] [3,23,34,40,50,84,100,106] [14,20,84,98,105,121,122,127] [1,14,30,45,78,90,97,124] [22,26,39,46,63,89,116,126] [5,33,36,44,72,82,94,100] [28,32,35,45,66,72,86,99] [0,17,50,68,76,80,98,105] [1,19,36,50,69,73,90,91] [3,13,26,48,54,58,85,90] [21,23,61,69,79,85,107,126] [33,35,68,80,83,106,118,125] [3,10,14,29,38,57,63,69] [3,5,6,17,34,40,100,121] [14,24,30,80,84,105,121,127] [1,9,30,77,78,82,90,100] [14,22,46,63,89,104,116,126] [5,33,36,40,44,82,88,94] [32,35,45,66,67,72,86,100] [13,17,68,76,80,98,102,105] [14,18,19,50,73,85,90,91] [13,26,48,54,58,60,90,96] [21,23,27,69,79,102,107,126] [13,33,68,83,93,106,118,121] [3,10,29,38,55,57,66,69] [3,5,16,17,34,40,89,100] [1,30,48,80,105,115,121,127] [1,9,14,30,45,78,90,97] [21,23,55,65,80,101,115,119] [4,5,36,37,46,100,104,120] [6,47,54,69,71,98,104,108] [22,27,40,45,54,114,117,127] [14,52,55,60,63,67,117,127] [20,32,34,55,58,73,86,117]
Token 123: [28,33,64,75,87,91,101,110] [9,28,60,63,71,97,122,126] [4,12,42,57,60,64,83,104] [21,24,68,70,73,100,106,125] [5,6,7,8,11,51,70,102] [18,31,43,55,93,115,119,123] [14,46,63,87,89,104,116,124] [5,24,33,40,44,82,84,94] [32,35,45,67,86,100,104,108] [0,7,17,35,68,76,80,102] [15,18,25,50,82,85,91,124] [1,48,54,60,85,94,97,100] [2,4,14,27,34,61,67,126] [2,40,68,83,87,91,106,112] [3,15,23,38,53,57,69,109] [6,17,32,40,54,63,84,89] [1,14,24,30,80,84,98,127] [1,27,36,37,78,81,100,114] [14,46,63,89,96,104,116,124] [5,33,36,40,44,82,84,94] [32,45,61,67,72,86,100,108] [7,17,24,35,68,76,80,102] [1,18,25,50,82,85,91,124] [1,18,48,54,69,94,97,100] [2,4,14,34,46,61,67,102] [2,40,62,68,87,106,112,120] [3,15,23,38,55,57,69,71] [17,32,40,54,89,120,121,126] [14,30,44,80,84,93,108,127] [9,36,77,78,81,82,100,114] [14,22,46,63,89,104,116,124] [5,33,36,40,44,82,84,94] [32,35,45,72,86,100,104,108] [0,7,17,68,76,80,102,115] [15,18,50,69,82,91,94,124] [1,18,48,54,62,73,94,100] [2,14,24,34,61,67,102,112] [29,62,63,68,83,87,106,112] [3,15,38,55,57,60,66,71] [2,17,32,40,54,89,107,126] [44,54,77,80,84,108,115,127] [0,36,63,65,78,81,82,100] [23,24,49,68,80,110,115,126] [5,26,33,56,68,100,120,121] [6,11,69,80,98,104,108,110] [5,12,22,27,40,45,83,117] [5,10,51,52,55,71,117,127] [15,21,31,44,58,74,82,127]
Token 124: [31,47,53,61,69,93,120,122] [2,25,45,52,63,83,91,122] [12,68,72,104,116,117,123,125] [1,3,20,71,89,93,101,106] [11,43,63,79,83,91,102,111] [30,35,55,97,103,111,119,125] [14,39,47,58,63,112,115,116] [9,33,40,44,72,82,84,94] [10,27,32,45,55,72,86,99] [0,2,17,68,76,105,107,111] [14,18,21,50,69,83,91,94] [1,13,28,48,54,58,69,120] [4,30,67,69,85,92,111,126] [33,44,63,68,87,91,106,122] [3,11,38,57,63,69,97,125] [15,17,34,40,50,84,99,100] [48,76,84,97,115,121,122,127] [1,61,77,99,114,122,123,124] [14,46,58,63,96,115,116,124] [5,33,36,44,72,94,100,123] [27,32,35,45,55,72,99,114] [0,17,50,51,68,76,102,105] [15,18,19,31,50,91,113,127] [1,25,48,54,58,60,99,120] [2,4,35,47,66,67,85,126] [26,33,35,47,68,73,87,106] [3,4,14,63,69,97,110,125] [0,2,17,34,38,40,45,100] [14,16,48,62,97,103,121,127] [51,61,77,80,99,114,118,122] [14,34,47,58,89,122,124,126] [5,33,40,72,84,94,100,123] [18,32,35,45,72,90,99,114] [13,14,23,43,50,76,105,111] [5,18,19,31,50,68,94,121] [1,13,17,54,58,60,99,104] [21,47,69,71,73,85,102,126] [33,44,68,79,93,103,106,122] [3,38,55,69,84,98,101,125] [2,16,17,31,34,40,45,100] [14,48,54,76,105,115,121,127] [1,9,14,45,61,77,80,82] [21,23,65,75,101,115,117,119] [4,20,37,41,65,75,100,120] [6,16,29,54,69,71,98,104] [22,32,40,45,54,71,104,114] [26,52,55,67,68,77,104,117] [32,34,44,55,58,74,112,117]
Token 125: [11,16,72,85,100,101,114,119] [21,37,60,63,75,89,106,122] [16,45,65,78,92,101,103,112] [20,25,56,93,101,103,106,109] [7,11,52,63,73,83,96,102] [55,59,73,91,97,103,109,114] [26,47,58,63,89,115,116,124] [9,24,33,44,59,82,94,100] [21,32,38,45,67,72,86,90] [0,2,17,76,80,84,96,111] [18,26,43,50,68,69,78,91] [3,28,48,54,60,85,90,120] [2,4,34,61,65,78,85,126] [0,26,66,68,91,103,106,122] [3,38,55,57,69,81,110,125] [3,15,16,17,40,45,100,120] [7,14,50,84,90,114,115,127] [1,7,19,37,42,77,78,114] [46,63,88,89,105,116,119,124] [24,33,36,40,44,82,94,100] [32,44,45,65,67,72,86,100] [13,17,68,76,79,80,102,125] [18,19,45,50,68,69,78,91] [3,23,52,54,85,92,100,102] [2,34,47,61,73,79,95,102] [35,36,99,106,112,118,125,126] [3,14,27,38,69,86,109,125] [6,16,17,26,40,72,75,120] [1,14,30,39,40,113,114,127] [1,9,72,77,82,90,93,103] [14,22,34,63,88,89,104,115] [5,21,33,40,44,82,94,100] [9,15,32,35,44,45,55,86] [10,51,62,68,76,80,102,105] [33,37,45,50,86,88,109,111] [4,58,68,85,92,102,111,114] [1,14,17,36,42,61,92,102] [1,20,27,29,36,68,85,104] [3,27,29,69,86,102,121,125] [9,11,17,40,48,72,75,120] [1,14,42,80,84,107,113,127] [34,59,72,77,78,88,89,121] [8,17,25,33,56,66,80,111] [18,26,27,68,72,74,80,111] [5,6,29,30,34,69,101,104] [29,33,41,88,110,113,114,117] [16,21,43,63,76,93,110,125] [3,58,84,87,102,104,112,118]
Token 126: [7,58,72,85,88,109,117,121] [1,27,37,60,63,65,89,122] [12,16,40,45,60,81,95,127] [3,20,68,71,84,103,106,127] [7,11,30,52,57,63,73,81] [9,17,37,64,73,74,103,114] [24,27,34,53,58,63,71,76] [9,18,24,59,75,106,109,112] [38,45,57,65,72,90,116,127] [0,2,19,49,80,84,122,125] [26,56,61,68,69,78,105,116] [3,24,28,49,54,60,103,125] [2,15,56,65,85,96,99,105] [0,15,19,26,28,42,58,78] [4,17,67,81,89,100,110,115] [8,41,49,59,70,101,120,127] [0,1,65,81,82,89,105,115] [18,21,33,42,55,82,83,93] [24,26,44,47,59,63,70,104] [6,9,24,28,30,62,106,112] [37,38,46,65,72,101,111,124] [0,10,49,80,110,111,122,125] [26,47,56,58,78,90,94,98] [3,7,21,64,65,96,124,125] [9,50,56,65,85,96,105,119] [0,42,58,77,92,99,103,104] [17,66,74,81,86,100,107,110] [44,49,59,70,75,91,117,120] [48,65,80,83,87,89,105,115] [1,18,21,55,72,82,83,88] [24,26,34,53,59,63,70,75] [6,9,18,28,30,59,82,109] [9,15,29,38,46,72,101,111] [10,38,49,69,87,96,114,122] [7,8,26,32,58,98,109,116] [4,14,21,28,64,65,70,96] [8,17,49,65,77,85,105,108] [0,20,27,42,92,103,104,112] [5,15,27,57,86,94,102,125] [32,40,48,49,59,75,91,120] [1,30,42,80,84,87,105,107] [1,21,30,34,59,82,88,105] [17,33,56,70,80,111,114,115] [46,61,72,74,80,82,96,98] [5,11,25,29,30,39,96,127] [29,41,51,65,91,107,110,114] [16,32,37,46,74,94,100,106] [4,48,53,72,102,107,110,112]
Token 127: [35,52,57,76,109,117,123,127] [25,27,37,46,60,63,89,122] [29,45,48,64,65,101,103,104] [25,56,67,74,93,101,103,106] [7,11,16,57,63,83,96,126] [20,55,71,73,91,97,103,112] [17,39,47,63,87,104,115,126] [24,33,40,44,82,84,94,100] [21,32,45,55,67,72,86,102] [0,2,14,17,62,68,80,85] [4,5,12,18,36,48,63,91] [53,54,60,62,77,90,102,110] [4,27,34,54,92,111,125,126] [30,33,35,43,68,85,106,117] [1,3,29,38,63,67,69,125] [15,17,34,40,45,50,84,100] [0,10,46,76,84,90,114,127] [1,7,75,77,82,90,114,124] [46,58,63,96,104,115,116,124] [33,36,40,44,82,94,100,123] [32,44,45,55,72,86,90,114] [17,50,62,68,76,80,102,111] [7,18,19,36,50,60,63,91] [5,54,58,60,72,85,90,115] [2,4,20,27,30,34,102,126] [12,30,33,43,68,85,106,117] [3,27,38,57,63,67,69,125] [6,17,29,34,40,45,120,125] [0,14,46,80,84,90,114,127] [1,5,7,9,22,77,82,114] [22,46,47,63,89,115,116,124] [33,36,40,44,82,84,94,100] [32,35,44,45,55,67,86,90] [0,17,62,68,76,80,102,111] [12,18,19,36,50,63,91,94] [45,48,54,60,72,85,90,115] [2,4,34,35,36,71,102,126] [32,33,47,83,93,103,106,117] [3,55,63,67,68,69,98,119] [16,17,29,30,40,45,63,127] [0,30,46,48,90,106,112,115] [5,7,50,55,57,77,80,114] [23,57,58,80,87,99,108,117] [13,26,33,58,66,98,100,115] [6,29,46,78,102,104,105,108] [18,40,50,64,71,91,99,117] [16,27,32,57,68,76,94,104] [3,4,53,72,76,87,102,107]
