MODEL: qwen3_30b
TOKEN_COUNT: 128
ACTIVE_EXPERTS: 8
================================================================================
PROMPT TEXT:
It met with positive sales in Japan , and was praised by both Japanese and western critics . After release , it received downloadable content , along with an expanded edition in November of that year . It was also adapted into manga and an original video animation series . Due to low sales of Valkyria Chronicles II , Valkyria Chronicles III was not localized , but a fan translation compatible with the game 's expanded edition was released in 2014 . Media.Vision would return to the franchise with the development of Valkyria : Azure Revolution for the PlayStation 4 .
================================================================================
GENERATED TEXT:
 The game was released in Japan in 2015 and in the West in 2016 . It was also released on the PlayStation 4 in 2017 as a remaster . The game was also released on the PlayStation 4 in 2017 as a remaster . The game was also released on the PlayStation 4 in 2017 as a remaster . The game was also released on the PlayStation 4 in 2017 as a remaster . The game was also released on the PlayStation 4 in 2017 as a remaster . The game
================================================================================
EXPERT TRACE (Per token, list of layer expert IDs):
================================================================================
Token   0: [14,21,50,51,57,103,106,110] [3,6,9,28,48,80,95,122] [40,41,84,90,111,122,123,125] [2,3,4,39,71,85,87,115] [7,11,20,37,44,50,56,86] [18,47,51,59,68,103,105,119] [22,26,34,47,56,63,104,116] [24,33,44,48,82,94,100,106] [35,36,44,72,86,90,109,127] [0,9,32,65,80,96,102,111] [7,18,29,30,50,69,113,123] [3,24,60,67,69,96,109,115] [2,15,34,65,79,80,97,115] [6,10,23,26,28,29,82,98] [3,16,17,38,48,55,81,110] [6,16,17,40,50,72,85,103] [12,14,39,80,81,115,119,124] [1,18,19,69,78,83,99,103] [24,34,56,63,83,105,116,126] [3,33,49,59,75,82,100,112] [38,44,65,72,84,116,121,127] [0,9,49,80,98,110,122,125] [26,50,56,61,69,90,98,105] [23,24,26,32,49,54,61,125] [15,23,24,65,79,96,99,107] [15,28,58,66,80,82,83,118] [3,4,16,48,55,57,105,110] [6,16,17,40,70,72,103,120] [12,14,30,80,81,89,115,119] [1,2,9,66,77,82,90,103] [22,34,56,63,104,107,111,116] [33,44,56,75,82,94,100,106] [44,67,72,86,90,109,123,127] [0,32,65,68,80,84,102,111] [16,18,30,50,51,69,98,123] [3,20,59,60,63,69,85,109] [2,24,42,61,73,79,114,115] [23,66,82,91,98,106,113,118] [3,8,16,53,55,69,90,105] [9,16,17,40,61,72,103,120] [12,14,30,43,80,84,115,119] [2,9,35,66,77,78,82,103] [14,18,23,27,80,93,102,115] [6,29,36,46,65,87,100,104] [6,20,27,48,56,69,98,104] [22,27,32,37,45,58,70,114] [22,52,55,60,101,104,115,117] [36,47,66,86,88,120,123,124]
Token   1: [28,51,83,87,91,112,124,125] [9,16,29,45,48,67,68,122] [5,23,36,42,67,76,100,125] [3,12,20,70,73,92,100,112] [5,7,11,27,37,50,57,61] [10,63,74,87,89,103,115,119] [20,46,63,64,104,111,116,118] [19,32,33,44,82,94,100,106] [15,20,35,44,86,90,123,127] [32,35,59,65,66,68,80,102] [7,18,30,50,88,91,103,109] [8,22,42,43,53,60,89,115] [2,14,26,34,46,102,114,115] [10,29,41,57,82,91,98,106] [3,16,53,55,60,69,102,109] [6,16,17,31,40,60,72,99] [1,14,60,80,84,94,110,115] [46,64,77,82,94,100,102,103] [46,52,63,64,103,104,116,119] [19,32,33,44,82,94,100,106] [15,20,35,40,44,67,86,90] [32,35,65,66,68,80,102,111] [18,30,41,50,91,95,103,109] [8,22,42,53,60,96,99,115] [2,14,26,34,52,73,114,115] [23,41,57,59,82,98,104,106] [3,16,53,55,60,69,90,102] [6,16,17,40,60,61,72,120] [1,14,60,80,84,94,110,114] [4,15,36,46,77,82,94,103] [22,39,46,56,63,64,104,116] [2,33,44,56,82,94,100,106] [15,44,55,67,72,86,90,127] [0,32,35,65,68,80,102,111] [18,30,41,50,69,98,103,113] [8,20,22,59,60,69,89,115] [2,26,42,63,73,80,102,115] [10,18,41,57,76,82,91,106] [3,16,53,55,60,69,80,102] [9,16,17,31,40,60,61,120] [14,55,60,80,84,108,110,115] [15,36,46,52,64,78,103,122] [8,23,24,49,73,80,90,125] [12,19,49,80,100,104,121,125] [6,11,23,45,88,94,98,99] [17,22,26,45,46,76,112,114] [5,29,30,39,52,60,81,105] [15,35,52,74,95,111,121,127]
Token   2: [0,16,53,70,97,104,111,120] [20,24,34,62,76,86,107,122] [12,14,81,87,100,107,116,125] [3,12,13,25,32,76,89,105] [0,7,11,23,25,38,74,89] [31,47,80,89,97,103,107,119] [13,39,47,56,63,104,116,124] [33,44,60,82,87,94,100,106] [15,36,44,45,64,86,90,127] [0,32,45,65,80,94,102,111] [14,18,30,50,69,103,108,113] [8,20,63,67,69,86,89,115] [2,9,26,34,53,73,75,115] [21,23,29,44,75,82,91,98] [3,34,55,69,74,79,80,102] [8,16,17,40,50,60,95,117] [7,14,30,40,48,60,80,89] [1,15,18,52,53,94,99,103] [12,13,34,39,52,56,63,64] [33,59,60,75,82,87,100,106] [15,36,44,64,72,86,114,127] [0,32,65,80,84,94,102,111] [14,18,50,68,69,98,103,113] [8,46,59,60,63,69,89,115] [2,34,52,53,61,71,73,115] [13,33,44,75,82,91,98,106] [3,4,23,55,57,69,80,110] [6,16,17,40,58,60,61,99] [1,14,30,40,60,80,84,114] [9,15,52,53,77,78,82,103] [22,39,46,56,63,64,104,116] [33,44,48,82,87,94,100,106] [44,45,55,64,72,86,90,114] [0,68,76,80,84,94,102,111] [6,18,30,50,69,91,98,113] [8,59,60,69,85,86,89,115] [2,34,42,53,73,80,102,115] [10,21,44,75,82,91,98,106] [3,23,29,53,55,69,79,80] [9,16,17,40,50,60,61,120] [7,14,15,40,60,80,115,127] [9,15,52,53,78,80,103,117] [23,24,37,59,73,74,80,125] [43,44,46,49,81,100,104,120] [6,25,37,45,54,80,98,104] [22,45,46,63,80,104,112,114] [39,52,55,63,80,82,105,124] [10,27,32,35,52,71,90,95]
Token   3: [3,28,29,62,77,80,111,126] [11,45,62,76,78,86,114,122] [23,42,72,78,115,119,121,125] [1,11,20,25,76,101,105,119] [0,7,11,37,39,40,74,97] [30,55,60,80,97,103,119,122] [39,46,63,64,104,115,116,124] [31,33,44,82,87,94,100,106] [27,35,44,55,67,72,86,90] [17,44,62,68,80,94,102,111] [7,14,18,30,50,77,91,120] [8,60,68,69,86,89,115,120] [2,34,53,73,80,85,102,115] [24,29,44,75,82,95,98,106] [3,7,9,23,29,55,62,69] [3,16,17,40,50,98,99,120] [1,29,80,84,111,114,122,123] [1,53,65,77,78,84,99,103] [13,22,46,56,63,64,104,115] [33,44,48,82,87,94,100,106] [44,45,55,64,72,86,90,114] [0,17,62,68,80,94,102,111] [18,30,50,69,91,107,113,120] [8,46,60,68,86,89,115,120] [2,52,53,61,71,73,80,102] [13,24,44,49,91,95,98,106] [3,7,9,23,38,55,62,69] [16,17,40,50,63,98,99,120] [14,30,80,84,111,114,123,127] [9,53,65,77,80,82,84,103] [22,46,63,89,104,115,116,124] [5,33,44,82,87,94,100,106] [24,27,32,44,45,55,72,86] [17,62,68,76,80,94,102,111] [18,30,50,69,77,91,113,120] [8,20,60,68,85,86,115,120] [2,27,53,61,73,80,95,102] [24,29,44,49,75,91,95,106] [3,4,29,38,55,62,69,109] [16,17,20,31,40,50,71,120] [23,29,77,80,84,111,115,127] [0,9,53,63,65,77,84,103] [20,23,24,28,80,115,117,126] [8,20,46,47,100,104,120,121] [6,13,29,69,80,98,104,110] [5,22,45,47,63,83,87,114] [5,10,45,52,55,68,82,104] [11,15,31,44,74,90,112,127]
Token   4: [0,31,61,69,81,93,101,107] [26,45,60,63,83,86,91,122] [68,92,103,116,117,121,123,125] [1,20,25,93,99,100,106,119] [0,7,11,39,89,91,102,111] [2,30,31,55,80,97,111,119] [46,47,63,64,89,104,115,116] [5,33,44,72,82,94,100,106] [27,44,45,55,67,72,86,99] [17,62,68,76,80,84,102,105] [7,14,18,36,50,83,84,113] [8,13,15,22,58,69,86,115] [2,4,34,47,69,85,95,115] [13,29,31,44,55,68,106,121] [3,28,29,55,69,84,101,109] [3,17,34,40,50,98,100,120] [1,20,80,84,114,121,123,127] [5,14,30,45,77,97,103,124] [13,22,46,63,64,104,115,116] [9,33,44,72,82,94,100,106] [27,32,44,45,55,86,90,99] [17,62,68,76,80,102,105,111] [14,18,50,69,91,107,116,120] [13,58,69,85,86,90,115,120] [2,4,52,61,69,71,73,80] [13,44,79,85,91,106,107,121] [3,23,38,55,57,69,84,101] [3,17,34,40,75,100,117,120] [1,14,30,80,84,114,121,127] [1,5,9,30,45,77,82,103] [22,46,63,89,104,115,116,124] [5,33,44,72,82,88,94,106] [28,32,37,45,67,86,99,100] [17,68,76,80,85,102,105,111] [14,18,30,50,63,83,91,94] [13,58,60,85,86,90,96,115] [2,4,27,36,61,69,73,102] [13,55,79,99,106,107,117,121] [3,28,38,55,69,84,101,109] [3,16,17,34,40,50,100,120] [14,20,30,80,105,115,121,127] [1,9,14,30,45,77,97,121] [14,23,55,80,101,115,117,119] [4,5,36,37,46,100,104,120] [3,6,29,54,69,71,98,104] [12,20,22,27,45,71,114,127] [52,55,63,67,68,77,98,117] [32,34,55,58,86,112,117,124]
Token   5: [22,33,64,75,87,91,101,110] [9,28,60,63,68,71,122,126] [12,36,42,46,60,64,74,104] [20,24,30,70,73,80,100,106] [5,7,11,51,57,60,70,102] [0,20,55,75,87,115,119,122] [14,46,63,89,103,104,111,116] [5,33,36,44,82,94,100,106] [35,37,45,67,86,90,100,104] [17,24,35,41,68,76,80,102] [18,30,33,40,50,82,85,91] [39,60,62,85,94,97,100,122] [2,14,34,36,61,95,102,115] [40,68,85,87,106,109,112,123] [3,15,29,38,57,60,69,109] [6,17,32,40,54,63,100,120] [1,14,28,30,80,84,108,127] [1,9,30,36,62,65,77,112] [14,22,46,63,89,104,116,119] [5,21,33,44,82,94,100,106] [32,35,37,44,45,86,90,100] [7,17,24,35,68,76,80,102] [18,33,40,50,82,85,91,124] [9,18,43,85,94,97,100,115] [2,14,25,34,36,38,61,102] [18,40,57,62,106,109,112,123] [3,15,38,55,57,60,69,73] [17,32,40,54,63,75,100,120] [1,14,24,44,80,84,108,127] [0,9,30,36,65,77,82,103] [14,22,46,63,89,104,116,118] [5,21,33,44,82,94,100,106] [27,32,44,45,55,86,90,100] [17,23,35,41,68,76,80,102] [15,18,33,50,82,91,124,127] [9,60,73,85,94,97,100,115] [0,2,4,14,25,38,73,102] [18,57,62,87,91,106,112,123] [3,15,18,38,55,60,69,71] [17,20,31,32,40,50,54,107] [29,30,44,77,80,108,115,127] [0,9,26,63,65,77,82,121] [23,24,30,49,80,115,117,126] [8,47,56,68,75,100,120,121] [3,6,11,29,80,98,104,110] [5,12,22,45,47,54,83,87] [5,10,45,52,55,68,104,117] [15,31,44,74,82,90,112,127]
Token   6: [31,38,61,69,93,107,120,122] [2,25,52,60,63,83,122,126] [64,68,92,104,116,117,123,125] [1,20,25,89,93,100,106,119] [0,7,11,79,91,102,111,119] [30,55,71,97,103,111,119,125] [14,47,56,63,89,104,115,116] [5,33,44,72,82,94,100,106] [27,28,44,45,55,72,86,99] [17,43,62,68,76,80,102,105] [7,14,18,29,50,83,91,113] [13,36,58,60,86,115,120,122] [2,34,36,69,80,85,115,120] [13,29,44,79,91,95,106,121] [3,11,28,55,57,69,84,101] [11,15,17,34,40,50,100,117] [14,20,80,84,114,121,123,127] [1,5,7,30,45,77,103,124] [13,22,56,63,64,104,115,116] [5,21,33,44,72,82,94,100] [27,44,45,55,72,86,90,114] [0,17,43,68,76,80,102,105] [14,18,50,60,69,91,113,120] [20,46,58,85,86,115,120,122] [2,52,66,69,71,73,95,102] [13,44,79,91,95,106,117,121] [3,38,55,69,74,84,101,125] [16,17,34,40,45,54,75,100] [1,14,48,80,90,114,121,127] [1,5,30,45,77,80,82,103] [22,46,58,63,104,115,116,124] [21,33,44,72,82,94,100,106] [27,32,44,45,72,86,90,99] [17,43,68,76,80,102,105,111] [14,18,40,50,63,69,91,94] [13,58,60,85,86,90,115,120] [2,4,36,69,71,73,95,102] [13,32,79,91,93,106,117,121] [3,38,55,69,84,98,101,109] [16,17,30,31,34,40,50,100] [14,30,80,84,114,115,121,127] [1,14,30,45,77,80,82,97] [23,55,65,80,101,115,117,119] [4,5,36,46,66,100,104,120] [6,29,46,54,69,71,98,104] [20,22,27,45,71,93,114,127] [27,52,55,63,67,68,77,117] [32,34,55,58,86,87,112,117]
Token   7: [11,72,85,98,100,101,114,119] [21,25,60,63,75,89,106,122] [16,45,64,65,78,101,111,125] [19,20,25,87,93,100,101,106] [7,11,37,43,57,63,64,70] [18,31,55,79,97,103,110,119] [46,56,63,87,104,111,115,116] [19,32,33,44,82,94,100,106] [35,44,45,55,67,86,90,123] [0,7,17,68,76,80,102,111] [7,13,18,30,50,63,69,91] [8,46,53,60,67,90,115,122] [2,4,9,34,46,102,115,127] [10,40,49,59,66,91,106,117] [3,14,53,57,69,102,111,115] [6,16,32,40,80,89,106,125] [1,14,35,80,84,93,94,101] [1,26,34,75,77,82,100,103] [22,46,63,64,87,104,116,119] [32,33,44,49,82,94,100,106] [35,40,44,67,86,90,121,123] [7,17,66,68,80,102,111,125] [7,13,18,30,69,82,91,94] [23,53,60,67,72,99,115,122] [2,4,30,34,61,73,102,127] [15,58,92,99,104,106,112,117] [3,14,23,53,69,86,111,115] [6,16,17,40,58,61,75,120] [1,14,39,50,80,93,101,114] [1,72,75,77,82,93,100,103] [22,34,63,64,74,87,104,111] [19,32,33,44,82,94,100,106] [9,35,40,44,67,86,90,123] [7,33,49,66,68,80,102,111] [2,7,18,30,33,82,94,103] [0,4,20,53,78,99,111,115] [2,4,9,14,32,102,108,127] [20,27,29,92,93,104,106,112] [3,15,49,53,55,102,109,125] [11,32,40,50,75,89,120,125] [1,32,42,80,101,105,107,113] [1,13,34,59,77,82,88,105] [8,17,25,43,56,58,70,111] [46,61,72,74,80,82,83,91] [5,6,11,25,52,103,104,108] [29,41,71,77,90,110,114,117] [16,27,46,76,93,100,122,125] [3,10,58,76,87,102,104,112]
Token   8: [7,32,58,72,88,109,117,121] [1,22,25,27,60,63,65,122] [12,16,40,60,81,95,104,127] [20,25,41,75,84,103,106,115] [11,30,52,53,57,73,81,115] [17,25,37,59,64,73,91,103] [24,34,47,53,63,71,76,89] [18,24,33,59,100,106,109,112] [38,45,57,65,72,90,116,127] [0,19,49,55,80,96,122,125] [16,26,57,61,68,78,105,116] [3,21,24,28,49,60,61,125] [2,9,15,56,65,96,99,115] [15,19,23,26,28,58,78,104] [3,17,20,48,67,81,100,110] [8,16,40,49,70,85,101,120] [14,30,39,65,80,89,105,115] [1,18,21,33,42,55,83,99] [24,34,39,44,56,63,105,116] [3,24,49,59,62,100,109,112] [38,45,65,72,84,101,121,127] [0,9,49,96,110,111,122,125] [26,56,61,68,69,90,98,105] [7,21,23,24,28,54,61,125] [9,15,23,56,65,96,99,105] [0,15,19,26,28,58,78,103] [4,17,48,55,81,86,100,110] [16,41,49,59,70,101,120,127] [39,48,81,87,89,103,105,115] [1,18,21,42,55,78,83,88] [8,24,26,34,53,63,89,126] [18,24,59,75,100,106,109,112] [38,46,57,65,72,90,101,121] [0,10,49,87,96,110,122,125] [26,56,68,78,90,98,105,116] [3,4,23,28,54,64,121,125] [8,23,56,65,73,85,96,108] [0,20,26,47,78,103,104,112] [17,49,64,81,86,102,103,125] [11,25,32,33,49,59,75,120] [35,39,42,48,70,87,105,107] [1,21,34,39,59,78,88,105] [8,17,33,56,66,70,111,114] [30,68,72,80,96,98,99,111] [5,6,12,25,30,94,96,127] [3,29,41,67,91,99,107,110] [16,32,37,43,46,53,94,106] [4,48,53,55,72,102,107,110]
Token   9: [35,52,57,76,109,117,123,127] [24,25,27,46,60,63,89,122] [29,42,48,64,65,92,101,103] [25,56,67,93,100,101,106,117] [7,11,16,43,57,63,89,102] [18,55,71,84,97,103,112,119] [39,43,63,89,96,104,115,116] [31,33,36,44,82,94,100,106] [27,32,44,45,55,72,86,90] [8,14,17,62,68,76,80,102] [4,7,18,22,29,36,50,91] [45,56,58,60,90,94,102,115] [2,4,27,34,36,54,92,95] [29,31,43,79,85,91,106,117] [3,55,67,68,69,109,119,125] [3,16,17,34,40,45,50,63] [0,46,48,80,84,90,106,114] [1,5,7,30,50,77,82,103] [22,46,58,63,64,104,115,116] [31,33,44,82,94,100,106,123] [32,44,45,55,67,86,90,114] [0,14,17,62,68,80,102,111] [6,18,19,40,50,60,63,69] [58,59,60,72,79,90,102,115] [2,4,27,34,36,46,71,73] [12,32,47,79,91,106,107,117] [3,38,55,67,68,69,98,115] [6,16,17,29,34,40,45,120] [0,46,48,80,84,90,106,114] [1,7,50,51,57,77,80,82] [17,22,63,87,104,115,116,124] [19,33,44,82,94,100,106,123] [32,44,45,55,67,86,90,114] [0,17,62,68,76,80,102,111] [12,18,30,36,63,69,91,94] [45,53,60,72,85,90,94,121] [2,4,8,27,36,64,73,127] [32,47,67,91,93,103,106,117] [3,55,67,68,69,98,109,119] [16,17,29,30,40,45,63,127] [0,30,48,80,90,106,112,115] [5,7,50,55,57,77,80,82] [12,23,43,58,80,99,108,117] [0,5,46,58,66,98,100,115] [6,29,39,46,52,58,102,104] [45,50,64,71,91,95,99,114] [16,27,32,68,76,94,104,122] [3,53,76,87,102,107,112,113]
Token  10: [46,47,52,76,88,117,123,127] [25,27,44,52,60,63,109,122] [5,12,29,42,60,64,104,127] [19,25,60,73,74,86,93,100] [7,11,16,37,51,53,57,70] [18,35,55,74,93,110,112,119] [20,46,63,87,104,111,116,124] [1,32,33,44,82,94,100,106] [35,67,86,87,88,90,119,123] [7,17,67,68,76,80,102,111] [7,18,25,30,63,82,91,94] [18,21,53,60,72,90,99,100] [2,4,14,34,46,65,115,127] [10,40,89,91,92,106,112,117] [3,15,38,53,55,57,71,115] [6,17,32,40,75,89,91,125] [0,1,14,75,78,80,94,126] [9,27,77,82,100,103,112,121] [22,46,63,87,104,111,116,119] [32,33,44,73,82,94,100,106] [44,67,86,88,90,94,95,123] [7,49,68,76,80,99,102,111] [18,23,30,69,82,83,94,98] [0,21,22,53,60,67,99,100] [2,4,14,32,34,46,115,127] [25,27,92,99,104,106,112,117] [3,15,36,53,57,66,99,115] [3,7,17,40,50,75,89,91] [1,14,50,78,79,80,105,126] [6,72,82,100,103,112,116,121] [3,20,63,74,89,104,109,119] [1,13,32,44,45,73,82,106] [9,44,47,67,86,88,95,123] [7,25,68,80,102,111,113,117] [7,25,30,42,71,82,94,103] [0,4,20,53,60,96,99,100] [2,4,14,17,42,92,115,127] [20,52,92,93,104,106,112,117] [1,55,67,69,92,98,109,125] [29,40,45,50,75,89,110,125] [0,1,30,42,48,80,106,112] [7,34,50,57,73,77,82,88] [30,43,71,80,99,108,111,117] [34,44,46,58,66,68,100,104] [6,14,27,39,52,98,104,108] [29,45,50,53,64,65,99,114] [14,16,21,27,32,63,94,125] [3,4,53,72,87,102,107,113]
Token  11: [27,52,76,88,109,117,121,127] [13,25,27,52,60,63,97,122] [27,29,42,60,64,65,101,104] [19,25,60,68,74,80,93,108] [7,11,16,37,43,51,57,60] [9,20,55,71,97,103,110,112] [17,22,63,97,104,115,116,124] [32,33,44,82,89,94,100,106] [30,32,44,45,67,86,87,108] [7,17,62,68,76,80,100,102] [4,7,12,18,27,63,91,94] [45,53,54,56,94,95,97,100] [2,4,7,27,30,34,36,61] [8,31,47,63,67,91,106,112] [2,3,15,18,23,55,68,69] [6,16,17,31,32,40,45,120] [0,46,80,84,90,108,114,115] [1,11,36,50,57,63,77,103] [17,22,39,63,64,104,115,116] [33,44,48,82,88,94,100,106] [30,32,35,44,55,86,90,122] [17,62,68,76,80,100,102,111] [4,12,18,19,27,31,69,91] [1,45,46,53,54,56,94,95] [2,4,30,36,61,64,71,73] [8,31,47,67,106,109,112,123] [3,14,15,18,55,68,69,109] [2,6,16,17,32,40,54,75] [0,14,44,46,80,90,108,114] [0,11,50,57,63,65,77,122] [17,22,56,58,63,104,107,115] [19,33,44,48,82,89,94,100] [27,30,32,44,86,87,90,114] [17,41,62,68,80,100,102,111] [4,18,27,40,50,68,69,91] [45,53,56,60,85,94,95,115] [2,4,7,38,64,73,94,115] [8,31,47,91,106,109,112,123] [2,3,4,15,18,55,68,69] [16,17,30,31,32,40,50,107] [0,54,77,80,90,108,115,127] [0,11,50,57,63,65,77,103] [20,23,24,69,80,115,117,126] [8,46,47,53,100,120,121,122] [6,11,29,69,80,98,104,110] [5,22,45,47,83,87,99,114] [1,5,10,32,45,68,122,123] [4,15,31,44,74,82,107,127]
Token  12: [0,31,41,52,63,83,89,120] [2,8,34,41,52,63,122,124] [53,65,67,81,84,88,92,125] [6,20,25,86,87,93,100,111] [7,11,76,79,85,102,106,110] [2,30,42,61,71,97,114,125] [8,47,56,63,83,104,105,115] [5,33,48,49,82,94,100,106] [44,45,55,66,84,86,121,127] [0,9,17,62,80,98,102,110] [7,18,50,61,69,73,105,113] [8,26,45,49,53,61,69,115] [2,15,34,73,99,102,107,115] [6,13,28,29,31,80,91,106] [3,10,23,48,55,69,79,110] [16,17,31,38,40,75,85,103] [1,8,10,48,114,115,124,127] [1,15,19,50,69,77,99,103] [13,34,52,56,63,105,115,116] [5,33,44,48,49,82,94,100] [32,44,45,55,66,72,84,121] [0,9,17,76,80,98,110,125] [18,50,61,69,73,90,105,113] [23,24,26,46,49,60,61,115] [2,15,52,71,73,80,99,107] [6,13,15,28,80,91,106,118] [3,23,38,48,55,69,79,110] [6,16,17,40,75,85,99,120] [8,14,80,84,114,115,124,127] [1,4,9,13,15,19,77,103] [22,39,56,63,89,104,105,116] [5,33,44,48,49,82,94,100] [44,45,55,66,72,86,90,121] [9,17,68,76,80,98,102,110] [18,50,61,69,73,90,98,105] [23,24,26,49,53,61,85,115] [2,23,61,73,79,99,102,107] [6,13,28,31,80,91,106,118] [3,10,38,48,55,57,69,79] [9,16,17,31,40,78,85,120] [8,14,30,80,84,115,124,127] [9,15,19,53,69,77,90,103] [21,23,24,64,68,74,80,115] [12,19,46,49,88,100,104,120] [0,6,29,45,69,88,98,104] [5,17,22,27,45,46,112,114] [10,30,39,52,55,60,81,105] [32,35,73,86,90,95,111,117]
Token  13: [21,22,31,38,69,93,107,118] [8,23,25,34,60,63,83,122] [11,53,65,68,116,117,123,125] [1,25,29,37,64,86,93,106] [7,11,43,56,79,83,102,111] [2,31,42,47,55,96,111,122] [14,26,47,63,85,89,104,115] [5,33,44,72,82,94,95,100] [18,27,28,44,55,66,86,99] [17,62,68,76,79,80,98,105] [14,18,29,50,73,90,107,123] [1,26,53,58,69,85,115,122] [27,30,34,61,69,79,80,107] [6,13,29,35,68,91,106,118] [2,3,10,38,55,57,69,101] [3,17,23,34,40,64,87,100] [8,10,20,30,84,114,121,127] [1,30,45,51,77,90,97,124] [13,14,26,46,63,89,115,116] [5,33,44,72,82,94,100,106] [27,32,37,44,45,55,66,86] [17,68,76,79,80,98,102,105] [18,50,69,73,90,91,113,120] [1,26,53,58,85,90,115,122] [2,23,27,69,79,80,102,107] [6,30,80,83,91,106,107,118] [3,10,38,57,69,84,101,109] [3,17,34,40,58,100,120,121] [14,24,30,80,84,114,121,127] [1,9,30,45,77,82,90,103] [22,46,63,66,89,104,116,124] [5,33,44,72,82,88,94,106] [32,37,45,66,67,86,99,100] [17,68,76,79,80,98,102,105] [14,18,19,50,73,83,90,91] [1,13,26,58,85,90,115,122] [2,23,27,36,69,79,102,107] [6,13,55,83,106,107,118,121] [3,10,28,38,55,57,69,101] [3,16,17,34,40,89,100,120] [20,30,80,84,105,115,121,127] [1,9,14,30,45,77,90,97] [14,23,55,80,101,115,117,119] [4,5,26,36,46,100,104,120] [6,29,54,69,71,98,104,108] [12,22,27,45,54,104,114,127] [14,52,55,63,67,68,101,117] [32,34,55,58,86,112,117,124]
Token  14: [14,22,51,57,71,101,106,110] [8,25,39,46,48,57,60,62] [41,42,65,68,90,122,125,126] [21,26,29,37,64,67,100,106] [7,11,56,63,79,86,102,111] [2,18,47,51,55,96,105,119] [39,46,63,89,104,115,116,124] [33,36,44,72,82,94,100,106] [27,28,44,45,55,67,86,99] [17,32,68,76,79,80,102,105] [14,18,30,50,73,91,107,123] [1,13,58,69,92,94,109,115] [27,30,34,36,61,69,107,114] [13,29,55,66,83,98,106,113] [3,10,16,55,57,69,101,105] [3,15,23,34,40,100,120,125] [12,14,30,80,84,114,119,127] [2,9,30,45,66,77,82,90] [14,22,44,46,63,64,89,116] [5,33,36,44,72,82,88,94] [32,37,45,55,86,99,100,108] [17,57,68,76,79,80,102,105] [14,16,18,50,73,85,91,94] [1,13,20,58,92,94,100,109] [27,30,34,36,61,67,69,114] [35,55,66,68,91,106,112,113] [3,16,38,55,57,69,101,105] [3,17,32,34,40,63,100,120] [12,14,30,80,84,93,119,127] [2,9,30,66,77,82,99,100] [13,14,22,46,63,89,104,116] [5,33,36,44,56,82,88,94] [32,37,45,50,67,86,100,104] [7,17,32,68,76,79,80,105] [14,18,33,40,50,82,91,94] [1,13,58,85,92,94,100,109] [2,27,30,36,61,67,69,102] [40,66,68,83,91,106,107,113] [3,16,38,55,57,69,101,105] [3,16,17,34,40,89,100,120] [12,14,30,80,114,115,119,127] [2,9,30,35,45,66,77,90] [14,18,23,27,55,80,102,115] [5,29,36,46,65,100,104,120] [6,27,29,48,56,69,98,104] [12,20,22,27,37,45,114,117] [52,55,60,77,98,115,117,127] [7,36,47,86,112,120,123,124]
Token  15: [28,33,34,64,75,87,91,110] [9,16,28,48,60,63,90,122] [4,36,42,46,60,64,68,104] [21,24,70,73,74,93,100,106] [6,7,11,51,57,60,70,102] [18,55,71,96,108,110,115,122] [14,43,46,58,63,85,89,104] [31,33,36,44,82,88,94,100] [35,44,45,61,67,86,90,104] [17,24,35,41,68,76,80,102] [15,18,33,50,82,85,91,107] [1,16,69,94,97,100,115,122] [2,7,14,24,30,36,61,103] [2,10,40,68,106,109,112,123] [3,15,18,38,55,57,64,109] [6,16,17,32,40,54,84,100] [14,24,30,80,84,108,115,127] [1,9,36,61,65,102,103,112] [14,22,46,63,64,89,116,119] [5,33,44,82,88,94,100,106] [27,32,35,37,45,61,86,90] [17,24,35,68,76,79,80,102] [15,18,33,50,82,85,91,124] [1,18,85,92,94,97,100,122] [2,14,25,34,38,61,67,102] [2,57,62,74,106,109,112,123] [3,38,55,57,60,64,69,71] [6,17,32,40,54,75,121,126] [14,30,44,77,80,84,108,127] [3,9,36,61,65,77,82,103] [14,22,63,87,89,104,116,118] [5,33,36,44,82,88,94,106] [27,32,35,37,44,45,86,100] [17,35,41,68,76,79,80,102] [9,15,18,33,50,82,91,124] [1,25,42,73,85,92,94,115] [0,2,7,14,61,67,102,103] [29,41,57,62,91,95,106,112] [3,11,55,57,60,64,69,71] [17,20,31,32,40,71,107,126] [29,30,77,80,108,114,115,127] [0,36,61,63,65,77,103,122] [8,23,24,49,55,68,75,80] [16,46,56,80,100,111,120,121] [3,6,11,69,80,98,110,126] [5,12,22,45,47,83,87,114] [10,45,51,52,55,68,104,117] [10,15,21,23,31,82,114,127]
Token  16: [18,38,66,69,93,107,120,122] [25,39,46,60,63,83,103,122] [64,68,104,116,117,120,123,125] [21,29,64,73,80,89,93,106] [7,11,51,79,83,91,102,111] [2,55,71,96,97,111,122,125] [14,23,58,63,85,89,115,116] [5,21,33,44,72,82,94,100] [27,28,35,44,45,86,90,99] [17,24,43,68,76,80,102,105] [14,18,33,50,73,91,107,123] [1,13,26,58,69,92,115,122] [2,4,7,27,30,36,66,69] [2,6,44,79,91,95,106,121] [3,10,28,55,57,69,84,101] [3,11,17,34,40,50,84,100] [14,20,30,80,84,114,121,127] [1,30,45,53,77,103,122,124] [22,39,46,63,64,89,115,116] [5,33,44,50,72,82,94,100] [27,32,35,44,45,55,86,90] [17,68,76,79,80,97,102,105] [18,33,50,60,69,73,91,113] [1,20,46,58,85,92,115,122] [2,27,30,61,66,69,73,102] [6,44,79,91,95,106,117,121] [3,38,55,57,69,84,101,125] [16,17,30,32,34,40,45,100] [14,30,80,84,90,114,121,127] [1,5,30,45,77,80,82,103] [9,22,58,63,88,89,115,116] [33,44,56,72,82,88,94,100] [18,27,32,44,45,86,90,99] [17,62,68,76,79,80,102,105] [14,18,19,50,69,73,91,107] [1,13,58,85,86,92,94,115] [2,4,30,36,61,69,102,126] [32,44,47,68,79,91,106,121] [3,10,55,57,69,84,98,101] [16,17,30,31,34,40,45,100] [30,80,84,112,114,115,121,127] [14,30,45,77,80,82,97,103] [23,30,68,80,101,115,117,119] [4,37,46,58,66,100,104,120] [6,29,46,54,69,71,98,104] [2,20,22,45,71,93,114,127] [27,52,55,63,67,68,77,117] [32,34,55,58,74,87,112,117]
Token  17: [11,72,85,98,100,101,114,119] [21,25,60,63,75,103,106,122] [16,45,60,64,65,78,101,104] [1,19,20,25,60,93,101,106] [7,11,19,57,63,79,83,102] [55,59,71,77,96,97,103,112] [56,58,63,88,89,104,115,116] [31,33,36,44,82,94,100,106] [27,44,45,67,86,90,99,127] [0,17,62,68,76,80,102,111] [18,50,63,69,78,91,98,105] [24,46,53,58,60,67,90,115] [2,4,15,34,61,65,80,99] [10,15,28,40,59,66,91,106] [3,20,23,53,55,57,69,115] [3,16,17,32,40,85,89,125] [0,1,14,80,84,93,101,114] [1,7,19,42,77,82,100,103] [46,52,56,63,64,87,104,105] [33,44,49,82,94,100,106,112] [35,40,44,67,84,86,121,122] [9,17,68,80,102,110,111,125] [13,18,19,56,61,69,91,105] [1,23,24,46,49,54,61,122] [2,15,30,34,61,73,80,99] [15,28,40,58,104,106,110,117] [3,14,17,20,48,53,69,86] [6,16,17,40,48,61,85,122] [14,39,48,62,80,82,114,124] [1,75,77,82,93,100,103,118] [24,56,63,83,87,104,105,107] [19,33,49,75,82,100,106,112] [9,35,65,84,90,114,121,123] [7,9,68,80,102,110,111,125] [18,56,61,68,78,82,94,105] [1,3,23,24,53,54,99,125] [2,4,15,73,80,96,108,127] [20,27,29,31,92,93,106,112] [3,15,27,49,53,55,109,125] [11,32,40,75,83,89,102,125] [1,28,32,42,80,105,107,113] [1,13,34,59,80,88,93,105] [8,17,25,43,56,70,111,115] [46,61,72,74,80,82,91,98] [5,6,9,11,25,103,104,107] [29,41,73,77,90,110,114,117] [16,27,43,46,63,76,100,125] [3,10,46,58,76,87,102,112]
Token  18: [7,32,58,72,88,109,117,121] [1,25,27,60,63,65,103,122] [12,16,40,60,78,95,104,127] [20,41,60,68,75,84,106,115] [7,11,30,52,57,64,70,81] [17,37,59,64,73,91,103,114] [34,53,56,58,63,71,76,89] [24,33,59,82,100,106,109,112] [35,38,45,65,72,86,90,127] [0,17,19,71,80,102,111,125] [16,18,50,51,68,69,78,105] [3,20,24,28,49,60,61,125] [2,9,15,34,56,65,99,115] [10,15,28,40,42,58,91,106] [3,17,20,48,55,57,67,115] [6,16,17,31,32,40,85,101] [0,14,30,39,80,105,114,115] [1,18,19,21,42,77,99,103] [22,24,34,56,63,83,105,116] [3,33,44,49,82,100,106,112] [38,44,65,72,84,116,121,127] [0,9,62,80,102,110,111,125] [18,50,56,61,69,78,98,105] [21,23,24,49,61,96,99,125] [2,9,15,34,46,61,65,79] [15,28,42,58,91,104,106,112] [3,7,8,53,57,69,107,115] [6,16,17,32,40,59,61,120] [14,50,80,84,89,113,114,115] [1,9,72,75,77,82,93,103] [34,56,63,64,83,85,104,116] [2,19,33,44,82,94,100,106] [9,15,35,44,67,86,122,123] [10,62,66,68,80,102,104,111] [7,13,18,30,33,45,103,109] [4,20,21,78,85,96,99,116] [2,14,32,36,42,61,74,102] [10,20,29,42,77,91,104,106] [3,7,49,53,95,102,109,125] [11,32,33,37,40,75,89,120] [1,42,48,50,80,105,107,113] [34,59,72,77,78,82,88,93] [17,33,43,56,70,80,111,114] [30,61,72,74,80,82,96,99] [5,6,12,25,30,42,104,114] [29,41,51,91,98,99,110,114] [16,33,43,46,53,74,93,94] [4,12,17,53,72,102,107,110]
Token  19: [35,52,57,76,109,117,123,127] [25,27,46,60,62,63,103,122] [29,42,48,64,65,92,101,103] [25,56,67,93,100,101,106,117] [7,11,57,63,83,102,119,127] [30,55,71,96,97,103,112,122] [39,58,63,89,96,104,115,116] [31,33,36,44,82,89,94,100] [18,27,32,35,44,45,55,86] [8,14,17,62,68,76,80,102] [4,7,18,36,40,50,63,107] [1,45,58,69,85,90,102,115] [2,4,27,30,34,36,54,61] [18,43,47,79,85,91,106,117] [3,10,49,55,67,68,69,119] [3,17,34,40,45,63,84,125] [0,10,46,84,90,106,114,127] [1,7,50,51,77,90,103,124] [22,46,52,58,63,64,115,116] [33,36,44,82,88,94,100,106] [18,32,44,45,55,67,86,90] [17,51,62,68,76,80,102,111] [18,19,40,50,60,63,73,91] [1,45,58,72,85,90,92,115] [2,4,27,30,34,46,61,102] [47,67,79,85,91,106,117,118] [3,10,63,67,68,69,98,109] [17,29,30,40,45,58,120,125] [0,30,80,84,90,106,114,127] [1,5,7,9,57,77,82,103] [22,46,63,66,89,104,115,116] [33,36,44,82,88,94,100,106] [18,32,44,45,55,67,86,90] [17,62,68,76,80,85,102,111] [12,18,19,30,36,50,63,91] [1,45,53,60,72,85,90,96] [2,4,27,35,36,64,102,126] [13,32,47,83,91,93,106,117] [3,55,67,68,69,98,109,119] [17,29,30,31,40,45,63,127] [0,30,34,80,90,106,112,115] [5,7,50,55,57,77,80,82] [14,23,43,58,80,99,108,117] [5,46,58,66,98,100,104,115] [2,6,29,46,52,60,102,104] [20,41,50,64,71,91,99,114] [14,16,27,32,76,94,104,122] [3,53,72,76,87,102,107,113]
Token  20: [24,46,52,76,88,117,123,127] [25,27,44,52,60,63,109,122] [12,29,42,60,64,101,104,127] [19,20,25,28,73,74,93,100] [7,11,37,51,53,57,70,119] [18,55,63,93,103,110,112,119] [20,22,46,63,87,104,111,116] [1,32,33,44,82,94,100,106] [18,35,38,67,86,88,90,123] [0,7,17,67,68,76,80,102] [7,18,25,30,63,69,91,94] [21,53,60,72,90,95,99,100] [2,4,8,14,34,65,115,127] [10,40,58,91,92,106,112,117] [3,15,38,53,55,57,69,115] [6,16,17,32,40,89,120,125] [0,14,50,80,84,93,105,127] [1,9,18,73,77,82,103,112] [22,56,63,64,87,89,104,116] [33,36,44,82,88,94,100,106] [38,44,61,72,86,104,123,127] [7,17,66,71,76,80,102,111] [18,50,69,85,94,98,103,126] [21,22,28,60,67,96,99,100] [2,4,8,34,61,74,102,115] [2,40,82,91,99,104,106,112] [3,7,23,38,57,95,107,115] [6,16,17,32,40,75,86,125] [14,30,80,84,93,114,115,127] [1,9,72,82,93,102,103,107] [10,22,56,63,64,104,110,116] [33,36,44,82,88,94,100,106] [9,44,45,61,86,90,104,122] [24,66,68,76,80,102,103,111] [7,18,33,52,85,94,103,119] [4,20,29,60,85,96,99,115] [2,14,32,42,61,74,102,108] [2,20,29,51,92,104,106,112] [3,7,23,29,38,95,115,125] [11,17,32,40,50,75,117,125] [0,1,11,30,42,48,107,113] [34,50,59,80,82,88,93,105] [8,17,25,56,80,111,114,117] [46,58,68,72,74,80,82,115] [2,5,9,11,12,25,46,108] [3,29,50,64,90,99,110,114] [16,20,27,32,46,76,93,94] [3,4,53,72,76,87,102,107]
Token  21: [24,27,76,88,109,117,121,127] [13,25,27,38,52,63,103,122] [5,29,36,60,64,65,101,104] [19,20,25,51,60,74,93,100] [2,7,11,16,46,51,57,60] [9,43,55,71,97,99,110,112] [22,39,46,63,97,104,115,116] [32,33,36,44,82,89,94,100] [30,32,35,44,45,86,87,108] [17,44,62,68,76,80,100,102] [4,7,12,18,27,63,91,94] [1,36,45,53,56,92,94,100] [2,4,7,18,34,35,36,61] [8,31,43,47,89,91,106,112] [3,15,18,23,55,68,69,81] [16,17,32,38,40,84,107,120] [0,54,80,84,90,108,114,115] [1,11,50,57,63,77,99,108] [17,22,46,63,64,88,115,116] [33,44,48,82,89,94,100,106] [30,32,35,44,45,55,86,90] [17,62,68,76,79,80,100,102] [2,4,12,18,27,31,50,91] [1,45,53,56,85,92,94,95] [2,4,34,35,38,61,64,117] [8,31,47,95,106,109,112,123] [3,14,15,18,68,69,81,109] [2,16,17,32,40,75,99,122] [0,14,44,54,62,80,108,127] [0,11,50,57,63,65,77,108] [17,56,63,88,115,116,118,126] [33,44,48,82,89,94,100,123] [27,30,32,44,76,86,87,90] [17,41,44,62,79,80,100,102] [4,18,27,31,40,50,82,91] [1,45,53,54,56,92,94,95] [2,4,7,34,35,38,67,94] [8,31,47,91,106,109,112,123] [3,4,15,18,55,68,69,81] [17,20,31,32,40,61,107,125] [0,44,54,77,80,108,115,127] [0,11,50,57,63,65,77,103] [20,23,24,30,69,80,117,126] [8,47,53,56,100,120,121,122] [3,6,11,25,29,80,98,110] [5,22,45,47,83,87,95,99] [1,5,10,32,45,68,71,123] [4,15,31,44,74,92,107,127]
Token  22: [40,43,52,65,72,73,98,100] [18,38,63,70,94,100,122,127] [38,40,57,84,88,99,109,123] [6,25,31,71,73,86,93,116] [7,11,20,44,76,85,106,115] [8,37,59,61,64,66,97,125] [34,47,56,63,83,88,104,105] [3,18,33,49,94,100,109,112] [44,45,65,72,84,90,121,127] [0,9,17,62,76,80,102,110] [5,18,50,61,69,78,105,113] [24,28,49,53,54,61,115,125] [2,15,34,56,61,65,80,99] [6,15,23,28,58,78,91,106] [3,17,20,48,55,69,81,110] [8,16,17,31,40,85,101,122] [8,14,39,73,114,115,122,124] [1,19,33,42,69,99,103,105] [24,34,56,63,83,88,105,115] [3,33,48,49,59,82,100,112] [35,44,65,72,84,114,121,127] [0,9,62,76,80,102,110,125] [18,19,50,56,61,68,69,105] [1,23,24,46,49,54,61,125] [2,15,34,61,71,80,96,99] [15,26,28,33,58,78,106,110] [4,14,17,20,48,86,100,104] [2,6,16,40,70,85,101,127] [14,39,48,73,80,81,115,124] [1,19,21,33,42,55,105,118] [24,34,56,63,83,105,107,126] [18,33,48,49,75,82,100,112] [35,44,65,72,84,90,114,121] [0,9,13,80,102,110,111,125] [18,50,56,61,68,69,78,105] [3,23,24,46,49,54,61,125] [2,15,21,23,73,79,96,99] [15,23,28,31,58,78,106,118] [3,17,20,48,55,81,86,104] [17,40,52,70,85,101,103,127] [39,73,80,81,89,105,115,124] [1,19,21,42,48,69,80,105] [24,31,32,64,80,113,114,115] [31,37,46,77,88,100,104,120] [6,16,53,73,90,98,104,107] [2,22,27,32,82,87,101,114] [5,11,34,52,55,60,97,98] [20,57,73,74,77,86,105,109]
Token  23: [2,21,32,50,61,75,103,104] [3,6,9,28,58,80,95,122] [10,40,46,84,100,104,122,125] [4,20,39,64,71,86,87,111] [7,11,20,23,25,50,56,83] [18,47,75,89,103,107,110,119] [34,39,46,56,63,87,104,116] [2,32,33,44,82,94,100,106] [35,36,44,64,86,90,109,127] [0,7,44,65,68,80,102,111] [7,18,29,30,50,103,108,113] [8,20,22,46,53,67,69,115] [2,24,26,34,80,97,107,115] [2,10,21,23,29,91,98,106] [3,42,53,55,69,79,80,109] [6,11,16,17,40,60,64,120] [1,7,14,55,60,80,84,115] [1,4,15,46,69,77,88,103] [46,52,56,63,64,87,104,116] [2,33,44,50,82,94,100,106] [15,35,40,44,67,86,90,122] [9,17,65,68,80,102,111,125] [18,30,50,69,73,91,103,113] [8,23,46,53,60,99,115,122] [2,26,34,42,61,73,102,115] [2,6,16,21,23,40,98,106] [3,14,34,53,55,69,80,92] [0,6,16,17,40,60,61,99] [1,7,14,45,60,80,114,122] [4,9,15,46,77,82,103,117] [9,22,56,63,64,104,110,111] [2,33,44,48,82,94,100,106] [5,36,44,67,86,90,109,122] [22,65,68,80,102,111,113,127] [18,30,39,50,69,103,108,113] [8,20,53,59,60,85,115,122] [2,24,26,42,61,63,73,115] [2,10,23,61,76,82,98,106] [3,23,34,53,55,69,79,80] [9,16,17,40,56,60,61,120] [7,14,15,55,60,80,83,115] [9,15,17,46,52,78,103,106] [22,23,24,37,73,74,80,125] [12,19,43,49,56,100,104,120] [6,11,19,38,45,88,98,99] [17,22,45,46,58,63,112,114] [29,30,39,52,80,81,84,105] [6,35,52,71,74,95,108,111]
Token  24: [16,18,51,53,97,101,104,111] [3,20,33,34,44,86,107,122] [10,14,36,81,87,100,125,127] [25,29,68,71,76,87,105,111] [0,7,11,23,25,56,83,89] [18,31,47,80,89,97,107,119] [26,34,47,56,58,63,104,116] [33,60,82,84,87,94,100,106] [35,36,44,45,64,72,86,127] [0,8,51,65,68,80,94,102] [7,14,18,29,50,103,108,113] [8,53,60,62,67,69,85,115] [2,26,27,34,53,79,80,115] [13,21,23,29,44,75,91,98] [3,11,55,69,74,79,80,109] [16,17,40,50,60,64,95,99] [7,14,40,48,60,80,84,122] [1,4,15,52,53,90,99,103] [9,46,56,58,63,64,104,116] [33,44,60,82,87,94,100,106] [5,36,44,45,64,72,86,127] [0,51,65,68,80,94,102,111] [6,14,18,29,30,50,69,113] [8,46,59,60,63,65,69,115] [2,34,61,71,73,79,80,115] [23,33,44,75,82,98,106,118] [3,11,53,55,57,69,80,115] [6,16,17,23,40,60,61,120] [7,14,30,40,80,84,122,127] [9,15,17,52,53,77,90,103] [22,39,46,56,63,104,111,116] [21,33,44,82,87,94,100,106] [36,44,45,64,67,86,122,127] [0,24,51,65,68,80,94,102] [6,18,30,50,52,69,108,113] [8,20,46,60,69,85,86,115] [2,42,53,61,71,73,80,102] [10,44,75,76,82,91,98,106] [3,23,34,53,55,69,79,80] [9,16,17,40,60,61,95,120] [7,14,15,40,60,80,84,115] [9,15,52,53,78,103,106,117] [22,23,24,37,73,74,80,125] [43,46,49,56,81,100,104,120] [6,19,37,45,54,80,98,104] [22,27,45,46,63,80,112,114] [39,52,55,80,82,84,105,124] [27,32,34,35,52,86,90,95]
Token  25: [0,2,51,63,73,97,111,118] [3,23,32,42,86,107,116,122] [8,14,42,54,72,81,100,125] [1,25,29,38,76,87,95,105] [0,7,11,19,23,25,56,83] [3,34,47,80,82,89,97,122] [34,41,47,56,63,104,112,116] [3,33,82,87,94,95,100,106] [35,36,44,45,55,64,72,127] [0,65,69,71,80,94,98,102] [1,7,18,29,50,69,108,113] [8,20,26,62,69,85,115,120] [27,30,34,53,79,80,107,118] [21,29,44,75,76,91,98,118] [3,8,10,11,55,74,79,80] [16,17,23,26,40,60,61,87] [1,7,14,15,40,80,84,127] [1,4,15,17,52,53,99,103] [9,13,26,46,56,58,63,112] [3,33,75,82,87,94,95,100] [5,35,36,44,45,64,66,114] [0,13,65,68,80,94,98,102] [6,18,29,50,69,73,90,113] [8,26,46,59,63,69,86,115] [34,53,61,71,73,79,107,118] [33,44,75,83,91,98,106,118] [3,10,11,53,54,55,79,80] [6,16,17,23,40,58,87,120] [7,14,30,40,48,80,84,122] [9,15,17,52,53,78,90,103] [22,34,46,56,63,64,112,116] [33,44,82,87,94,95,100,106] [35,36,44,55,64,67,86,90] [5,65,68,80,94,97,98,102] [6,18,30,50,69,90,91,113] [8,20,54,60,65,69,86,115] [30,53,71,73,79,80,102,118] [10,21,44,75,76,91,98,106] [3,10,23,53,55,69,79,80] [6,17,40,60,61,78,87,120] [7,14,15,40,60,80,84,115] [9,15,17,52,53,77,80,103] [23,24,37,59,73,74,80,125] [43,44,46,49,81,100,104,120] [6,37,38,45,54,80,98,104] [22,27,45,46,63,80,112,114] [39,52,55,75,80,82,105,124] [27,32,34,35,52,71,90,95]
Token  26: [3,28,29,62,77,80,111,126] [11,45,76,78,86,113,114,122] [23,36,42,72,115,119,121,125] [1,11,20,25,76,101,105,119] [0,11,18,39,40,74,83,97] [30,55,60,79,80,97,119,122] [22,46,58,63,64,89,104,116] [33,36,44,82,87,94,100,106] [18,27,44,45,55,67,72,86] [44,59,62,68,76,80,94,102] [14,18,36,50,91,107,113,120] [8,21,22,68,69,86,115,120] [2,27,30,34,53,79,102,107] [24,29,44,49,75,95,98,106] [3,9,10,29,55,62,69,101] [3,23,26,40,87,98,99,120] [29,80,84,111,115,122,123,127] [1,53,62,77,78,84,90,103] [9,13,22,46,63,104,116,124] [9,33,44,82,87,94,100,106] [18,27,35,44,45,55,64,86] [0,45,68,80,94,97,102,105] [18,19,30,50,69,107,113,120] [8,20,68,69,85,86,115,122] [2,30,53,73,79,102,107,118] [24,44,49,75,83,98,106,118] [3,9,10,55,57,62,69,101] [3,6,17,40,58,82,98,120] [14,30,80,84,111,114,123,127] [9,53,62,65,77,82,84,103] [22,46,63,66,102,104,116,124] [9,21,33,44,82,94,100,106] [24,27,35,44,45,55,67,86] [17,59,66,68,80,94,102,105] [18,19,30,50,69,107,113,120] [8,20,68,69,85,86,115,120] [2,30,34,53,61,73,80,102] [10,24,44,49,75,91,95,106] [3,11,29,53,55,62,69,109] [9,16,17,20,31,40,58,120] [29,77,80,84,111,115,123,127] [0,53,63,65,77,80,84,103] [20,23,24,28,75,80,115,126] [8,20,46,47,100,104,121,127] [3,6,13,54,80,98,104,110] [5,22,45,47,63,83,87,114] [5,10,45,52,55,68,82,104] [11,15,27,31,54,74,90,127]
Token  27: [31,53,61,66,69,81,93,101] [4,25,45,83,91,98,115,122] [5,68,103,116,117,121,123,125] [1,3,20,25,76,101,106,119] [11,39,43,63,83,91,102,111] [2,30,55,80,97,111,119,123] [39,46,63,64,104,115,116,124] [9,33,44,72,82,94,100,106] [27,28,44,45,67,72,86,99] [17,48,59,68,80,85,102,105] [14,18,29,50,83,91,107,113] [8,13,20,58,69,100,115,122] [2,4,27,30,34,69,102,120] [13,29,44,55,68,106,107,121] [3,10,28,53,55,69,101,125] [3,6,17,34,40,98,100,120] [14,20,76,80,84,121,123,127] [14,45,61,77,82,90,97,103] [13,22,46,63,64,66,104,116] [9,33,44,72,82,94,100,106] [27,35,44,45,72,86,90,99] [48,59,68,79,80,97,102,105] [14,18,30,50,69,107,113,120] [13,20,58,69,86,92,115,122] [2,30,34,69,73,79,102,107] [40,44,55,83,85,106,107,121] [3,10,38,53,55,69,101,125] [3,17,23,26,34,40,100,120] [14,30,80,84,93,114,121,127] [14,45,61,62,77,82,97,103] [22,46,63,66,102,104,116,124] [33,44,72,82,88,94,100,106] [27,43,45,55,67,72,86,99] [17,48,59,66,68,80,102,105] [14,18,30,50,69,83,91,107] [13,47,58,69,86,90,115,122] [2,27,30,34,69,73,102,120] [55,68,79,93,99,106,107,121] [3,28,38,53,55,69,84,101] [3,16,17,34,40,89,100,120] [20,30,80,84,93,105,121,127] [9,14,45,61,77,80,82,97] [14,23,65,75,80,101,115,119] [4,20,36,46,65,89,100,104] [6,14,54,69,71,98,104,108] [22,27,30,35,45,54,84,114] [14,52,55,63,67,68,117,125] [32,34,55,58,86,99,117,124]
Token  28: [4,14,51,57,101,103,106,118] [25,37,44,48,57,60,91,122] [16,36,42,68,90,122,125,126] [3,5,20,21,26,37,106,119] [7,11,37,43,63,102,111,114] [35,51,55,93,99,105,119,123] [14,22,39,46,63,89,104,116] [33,44,63,72,82,94,100,106] [27,28,44,45,50,86,99,123] [7,17,32,66,68,80,102,105] [7,14,18,19,21,50,83,91] [13,58,69,94,100,109,115,122] [2,30,34,36,68,69,102,120] [29,55,66,91,106,107,112,113] [3,10,16,53,55,69,105,125] [3,17,34,40,89,100,120,125] [12,14,30,43,80,84,119,127] [2,45,61,62,66,77,82,90] [22,46,63,64,102,104,116,124] [9,33,44,72,82,88,94,100] [28,44,45,67,86,90,99,123] [17,32,48,66,68,80,102,105] [14,18,19,30,40,50,85,91] [13,20,58,69,90,94,109,115] [2,4,27,30,32,34,69,102] [40,44,55,66,83,106,107,113] [3,10,16,38,53,55,69,105] [3,6,15,17,34,40,58,100] [12,14,30,80,84,93,119,127] [2,35,61,62,66,77,82,100] [20,22,46,63,66,102,104,116] [19,33,44,63,82,88,94,100] [35,43,50,55,67,86,99,123] [7,17,32,66,68,80,102,105] [14,18,21,69,73,83,91,94] [13,58,69,90,94,100,109,115] [2,4,27,30,34,69,73,126] [55,66,79,93,99,106,107,113] [3,10,16,38,55,66,69,105] [3,6,17,34,40,58,89,100] [12,30,80,84,93,105,119,127] [2,35,45,61,66,77,82,90] [18,23,27,55,80,93,102,115] [20,29,36,46,65,89,100,104] [6,14,48,69,92,98,104,108] [20,22,27,30,35,45,54,114] [14,52,55,60,63,115,117,125] [36,47,58,86,88,120,123,124]
Token  29: [28,33,47,64,75,82,91,95] [28,47,48,62,93,105,109,122] [4,5,34,46,60,72,78,83] [14,20,24,70,72,73,103,106] [5,7,11,37,43,46,57,60] [0,8,35,63,74,87,93,115] [20,46,63,102,103,104,111,116] [19,33,44,82,88,94,100,106] [10,40,43,45,86,90,94,123] [0,7,17,32,35,68,80,102] [13,18,21,30,82,91,94,124] [18,48,62,90,94,97,100,122] [2,4,14,27,34,36,46,127] [40,57,83,85,91,106,112,127] [3,15,16,38,53,55,60,111] [32,40,54,89,100,120,125,126] [13,14,80,84,93,94,100,106] [1,26,36,77,82,90,92,101] [22,46,63,87,102,103,104,116] [19,33,44,82,88,94,100,106] [35,45,60,67,86,90,94,123] [7,17,35,66,68,80,82,102] [18,21,36,40,82,85,91,124] [9,18,22,60,69,94,100,116] [2,14,25,27,34,36,46,102] [2,18,82,83,106,117,120,127] [3,15,16,38,53,55,69,73] [3,17,26,32,40,100,120,125] [13,14,30,80,84,93,94,100] [7,26,36,62,77,82,92,100] [20,46,63,66,102,103,104,116] [19,33,44,63,82,88,94,100] [45,50,60,67,72,86,94,123] [7,17,41,66,68,80,82,102] [18,21,36,69,71,82,91,94] [18,30,62,69,90,94,99,100] [2,4,14,34,36,73,102,127] [83,92,93,106,112,117,120,127] [15,16,38,53,55,66,69,87] [32,40,58,80,89,100,125,126] [13,30,80,84,93,94,100,112] [26,62,77,81,82,92,100,122] [14,23,58,80,86,106,108,117] [20,38,46,66,82,100,120,122] [6,11,38,57,64,69,92,98] [22,26,27,30,35,45,71,114] [3,14,27,32,51,52,77,122] [15,21,26,57,58,82,86,116]
Token  30: [11,72,85,98,100,114,119,122] [14,38,62,63,103,106,119,122] [2,5,16,40,60,78,111,127] [3,20,28,68,73,103,106,116] [2,11,30,37,52,57,63,64] [18,35,59,64,74,84,103,119] [34,46,56,58,63,71,89,116] [24,33,44,59,82,94,100,106] [35,38,45,65,72,86,90,127] [0,7,17,55,68,80,102,111] [16,18,50,51,69,78,91,98] [3,20,24,28,60,90,99,124] [2,4,15,34,56,65,115,127] [10,15,28,40,58,82,91,106] [3,15,20,55,81,110,115,125] [6,16,17,32,40,85,89,101] [14,39,80,84,101,105,114,115] [1,18,19,26,42,72,77,99] [24,34,52,56,63,83,88,105] [33,44,49,82,94,100,106,112] [35,44,55,65,84,121,122,124] [0,9,62,80,102,110,122,125] [18,56,61,68,69,78,98,105] [1,23,24,46,54,61,69,125] [9,15,34,65,79,80,96,99] [28,42,58,99,104,106,110,118] [3,7,8,29,57,107,110,115] [6,11,19,40,61,75,99,122] [14,42,48,80,89,113,114,115] [1,72,75,77,82,88,90,93] [9,22,34,56,63,64,83,89] [19,33,44,56,82,100,103,106] [9,14,15,35,44,86,90,123] [62,65,66,68,80,102,104,114] [7,18,30,33,45,80,88,109] [0,4,29,78,85,99,111,115] [14,32,34,36,61,80,92,102] [20,27,29,36,42,104,106,126] [3,7,53,57,69,95,102,125] [11,33,37,40,72,75,120,125] [1,42,80,84,107,109,113,116] [13,34,59,77,82,88,105,118] [8,17,25,43,56,58,70,111] [18,61,72,74,80,91,99,111] [5,6,11,12,19,34,104,108] [29,51,64,88,110,113,114,117] [16,26,27,33,43,46,76,125] [3,53,58,76,87,102,104,110]
Token  31: [7,27,30,32,58,88,109,121] [1,14,62,65,71,104,105,122] [5,31,49,60,78,111,112,127] [3,18,20,23,24,28,60,103] [5,7,11,30,46,57,60,101] [0,8,35,46,63,87,93,115] [46,63,66,102,103,104,111,116] [19,33,44,63,82,88,94,100] [10,40,45,83,86,90,94,123] [7,17,41,68,80,100,102,125] [15,18,27,50,63,82,91,124] [38,48,53,73,94,97,100,122] [2,4,14,34,36,46,94,127] [8,40,57,62,85,91,106,112] [3,15,16,18,53,55,69,71] [17,32,40,54,89,100,125,126] [0,14,44,80,84,93,106,108] [0,26,34,36,62,77,82,113] [22,46,63,102,103,104,116,119] [33,44,63,73,82,94,100,106] [18,40,45,50,83,86,90,94] [7,17,35,41,47,68,80,102] [15,18,23,36,40,63,82,91] [9,22,46,53,60,94,99,100] [0,2,4,25,34,38,94,102] [18,47,57,106,109,112,123,127] [3,15,38,53,55,60,69,71] [17,40,54,58,100,120,125,126] [14,30,44,80,84,93,108,114] [26,36,62,65,77,82,92,103] [20,22,46,63,102,103,104,116] [33,44,63,82,88,94,100,106] [40,43,44,45,83,86,90,94] [7,17,32,35,41,68,80,102] [15,18,23,36,69,82,91,124] [53,69,73,85,94,99,100,115] [0,2,4,14,25,73,94,102] [8,18,57,62,106,112,123,127] [3,15,16,18,55,60,69,71] [17,20,40,54,100,107,125,126] [13,44,77,80,84,93,108,127] [0,26,34,36,63,65,77,82] [23,24,49,58,80,86,115,126] [20,46,58,65,100,104,121,122] [6,11,39,69,80,92,98,110] [5,22,27,45,83,87,99,114] [1,5,10,32,51,52,55,119] [4,15,21,31,44,86,107,127]
Token  32: [31,32,46,52,69,93,107,120] [2,45,53,60,63,83,105,122] [40,68,92,103,116,117,123,125] [3,20,86,89,93,95,106,119] [2,7,11,37,79,91,102,111] [2,35,55,97,100,111,119,125] [14,43,46,47,63,104,115,116] [5,33,44,72,82,94,100,106] [27,28,44,45,72,86,90,99] [17,43,68,76,80,102,105,111] [14,18,50,83,91,107,113,123] [13,17,58,69,86,94,115,122] [2,4,30,34,36,69,102,120] [29,44,55,79,85,95,106,121] [3,23,28,55,57,69,84,111] [3,6,17,32,34,40,100,120] [14,20,80,84,114,115,121,127] [1,26,30,45,62,77,103,113] [13,14,22,46,63,64,89,116] [33,44,50,72,82,94,100,106] [18,27,35,44,45,55,86,90] [17,66,68,76,80,102,105,111] [18,19,33,36,69,91,113,127] [13,20,58,69,85,86,94,115] [2,27,30,53,69,71,73,102] [44,79,82,83,91,95,106,121] [3,10,23,28,38,55,69,101] [6,17,26,34,40,58,100,120] [14,20,30,80,84,114,121,127] [1,9,30,45,62,77,82,103] [22,46,63,66,89,102,104,116] [5,33,44,72,82,94,100,106] [18,27,32,35,44,45,55,86] [17,43,68,76,80,102,105,111] [14,18,19,50,69,91,107,113] [13,58,59,69,85,86,115,122] [2,4,20,30,36,69,73,102] [29,55,79,91,93,106,107,121] [3,28,38,55,57,69,84,101] [3,16,17,34,40,89,100,120] [20,30,80,84,114,115,121,127] [1,9,14,30,45,77,90,97] [14,23,55,80,101,115,117,119] [4,5,20,36,46,100,104,120] [6,29,54,69,71,92,98,104] [2,22,27,45,54,93,114,127] [52,55,63,67,68,77,117,119] [32,34,55,58,86,112,117,124]
Token  33: [11,16,72,85,100,101,114,119] [21,60,63,72,75,106,119,122] [2,16,45,65,78,101,107,111] [1,19,20,25,81,93,103,106] [7,11,43,46,57,63,70,102] [30,55,59,71,77,97,103,112] [26,46,56,58,63,104,115,116] [31,33,36,44,82,94,100,106] [27,35,44,45,67,86,90,127] [0,9,17,62,68,80,102,111] [2,18,50,63,69,91,105,113] [46,53,58,61,69,90,115,122] [2,4,30,34,69,73,80,99] [6,10,28,55,66,91,95,106] [3,10,53,55,68,69,111,125] [3,6,16,17,23,40,82,120] [14,80,84,90,101,114,115,127] [5,19,30,62,77,82,103,113] [22,46,63,64,102,104,115,116] [9,33,44,72,82,94,100,106] [21,35,44,45,55,86,90,123] [5,17,66,68,79,80,102,111] [18,30,36,45,50,69,84,91] [8,58,60,69,78,86,92,115] [2,4,30,34,61,73,79,102] [40,66,99,104,106,107,112,117] [3,10,23,38,53,69,109,125] [6,17,34,40,58,76,120,125] [14,30,80,82,84,93,114,122] [9,30,62,72,77,82,90,103] [22,46,63,66,89,102,104,116] [9,33,44,56,82,94,100,106] [9,43,44,45,55,67,86,90] [57,59,66,68,80,102,104,105] [2,18,30,63,91,103,107,113] [4,46,53,58,69,94,99,115] [2,4,30,69,73,80,92,102] [20,52,76,79,92,93,106,117] [3,27,49,55,69,109,121,125] [11,16,17,34,40,50,63,120] [0,42,48,80,84,100,101,107] [5,30,34,44,77,80,82,88] [21,23,58,66,80,108,111,117] [20,30,46,58,66,100,104,115] [6,25,39,69,98,104,108,111] [20,40,45,50,54,71,93,114] [14,16,26,27,63,76,104,125] [3,53,58,76,87,102,104,112]
Token  34: [7,58,72,76,88,109,117,121] [1,24,27,28,60,65,97,122] [12,16,40,60,81,104,107,127] [20,68,81,84,91,103,106,115] [11,30,52,53,57,63,70,81] [17,18,25,37,59,64,103,112] [34,53,56,63,71,76,89,104] [24,33,44,59,82,100,106,109] [35,38,45,65,72,86,116,127] [0,17,49,71,76,80,102,111] [18,50,51,68,69,78,98,105] [3,20,24,28,48,60,99,125] [2,9,15,34,56,65,115,127] [10,15,23,28,42,58,91,106] [3,17,20,38,48,57,110,115] [6,8,16,17,32,40,85,101] [0,14,39,65,80,105,114,115] [1,18,19,42,77,99,103,105] [24,34,52,56,63,83,88,105] [3,33,48,49,82,100,106,112] [35,44,65,72,84,121,122,127] [0,9,62,102,110,111,122,125] [18,56,61,68,78,90,98,105] [1,23,24,46,49,54,61,125] [15,34,35,56,65,80,96,99] [15,19,26,28,49,58,110,118] [4,14,48,81,100,103,107,110] [2,6,16,26,40,61,99,127] [14,39,48,81,82,89,97,115] [1,21,33,55,75,77,93,118] [12,22,24,34,56,83,105,126] [18,33,49,75,100,109,112,123] [5,9,15,65,84,90,101,121] [0,9,13,65,96,110,122,125] [18,56,61,68,78,90,98,105] [3,4,23,24,28,54,94,125] [2,4,21,23,56,65,79,108] [20,29,31,78,92,104,106,118] [3,15,29,49,74,104,115,125] [11,15,16,25,32,59,75,117] [35,42,49,80,105,107,111,113] [1,30,34,39,59,82,88,105] [8,17,50,56,66,70,111,115] [30,72,74,80,82,98,99,111] [5,9,12,29,42,56,103,119] [29,41,91,99,110,114,117,121] [15,16,32,37,43,46,94,100] [4,42,53,55,72,102,107,118]
Token  35: [35,52,57,76,109,117,123,127] [24,27,47,60,63,89,109,122] [12,29,48,64,65,92,101,104] [20,25,56,64,67,93,106,117] [7,11,16,43,57,63,83,102] [30,35,55,71,97,103,112,122] [39,43,58,63,96,104,115,116] [31,33,36,44,82,94,100,106] [18,32,44,45,55,72,86,108] [8,17,34,62,68,80,102,105] [7,18,22,36,40,50,63,91] [45,53,54,58,90,102,110,115] [2,4,27,30,34,36,69,92] [29,43,59,79,85,91,106,117] [3,10,55,67,68,69,111,119] [3,11,17,34,38,40,45,75] [0,48,80,84,90,106,114,122] [1,7,53,75,77,90,103,124] [13,22,46,58,63,104,115,116] [33,36,44,82,88,94,100,123] [18,27,32,44,45,55,86,90] [0,17,43,62,68,80,102,111] [18,19,36,40,50,63,69,113] [13,58,69,72,86,90,94,115] [2,4,30,36,61,69,71,102] [43,44,47,79,95,106,107,117] [3,55,63,67,68,69,98,119] [6,17,30,34,40,45,100,120] [0,14,30,80,84,90,100,114] [1,7,30,62,77,82,103,114] [22,34,46,58,63,104,115,116] [33,36,44,82,94,100,106,123] [18,32,35,44,45,55,86,90] [17,23,62,68,76,80,102,111] [18,19,36,40,50,63,69,91] [45,53,69,72,85,90,94,115] [2,4,30,36,64,71,73,102] [13,32,47,67,91,93,106,117] [3,55,63,67,68,69,98,119] [17,26,29,30,40,45,63,127] [0,30,48,90,101,106,112,115] [5,7,30,50,55,57,77,80] [12,23,58,69,80,99,108,117] [0,7,46,58,66,98,100,115] [2,6,29,39,46,58,102,104] [18,45,50,64,71,91,99,114] [16,27,32,68,76,94,104,122] [3,4,53,72,76,87,102,107]
Token  36: [46,47,52,76,88,117,123,127] [25,27,52,60,63,65,109,122] [5,12,29,60,64,81,104,127] [3,19,20,25,73,74,86,100] [7,11,37,51,53,57,70,119] [18,55,74,93,103,110,112,119] [20,22,46,63,87,104,111,116] [1,32,33,44,82,94,100,106] [35,45,67,86,88,90,108,123] [0,7,17,67,68,76,80,102] [7,18,25,27,30,63,91,94] [21,53,60,72,90,99,100,124] [2,4,8,14,34,65,115,127] [10,40,91,92,104,106,112,117] [3,15,23,53,55,57,69,115] [6,17,32,40,75,89,120,125] [0,1,14,50,80,84,93,101] [1,9,50,77,82,92,100,103] [22,46,63,64,87,104,116,124] [32,33,44,73,82,94,100,106] [35,40,44,45,67,86,90,123] [7,17,66,68,76,80,102,111] [7,18,23,30,45,83,91,94] [21,22,46,53,67,96,99,115] [2,14,26,32,34,43,61,127] [2,40,92,99,104,106,112,117] [3,7,23,29,53,57,69,111] [3,6,17,32,37,40,75,89] [1,14,50,80,84,93,105,114] [34,66,72,77,82,88,100,103] [46,63,66,87,89,104,111,116] [32,33,44,73,82,94,100,106] [9,35,40,44,67,86,95,123] [7,25,66,68,80,102,104,111] [2,7,18,30,45,82,103,111] [4,20,21,53,78,85,96,99] [2,4,14,17,32,36,42,92] [10,20,27,29,104,106,112,117] [3,53,57,69,92,102,109,125] [11,37,40,50,75,89,120,125] [0,1,32,42,48,80,107,113] [34,50,59,77,82,88,93,105] [17,25,33,43,56,70,80,111] [18,46,72,74,80,82,99,115] [5,6,9,11,42,62,104,108] [29,50,51,64,88,99,110,114] [15,16,27,32,46,76,93,94] [3,4,53,72,76,87,102,107]
Token  37: [24,27,76,88,109,117,121,127] [13,25,27,38,52,60,63,122] [5,12,29,60,64,65,101,104] [19,20,25,60,68,74,87,93] [7,11,16,37,51,57,60,65] [9,18,43,55,71,97,110,112] [22,39,63,97,104,111,115,116] [32,33,44,82,89,94,100,106] [30,32,35,40,45,86,87,108] [7,17,62,68,76,80,100,102] [4,12,18,25,27,63,91,94] [45,46,53,54,56,94,97,100] [2,4,7,30,34,36,61,80] [8,31,43,89,91,106,110,112] [2,3,15,18,55,68,69,81] [2,16,17,32,40,54,66,125] [0,14,80,84,90,108,114,115] [1,11,36,50,57,63,77,99] [17,22,39,46,63,104,115,116] [33,36,44,48,82,94,100,106] [30,32,35,44,45,55,86,90] [17,62,68,76,80,85,100,102] [4,18,19,27,31,40,50,91] [1,45,53,54,56,69,94,95] [2,4,30,35,36,61,64,117] [8,31,47,67,95,106,109,112] [3,14,15,18,55,68,69,109] [6,16,17,32,40,54,120,125] [0,14,30,44,80,84,108,114] [0,11,50,57,63,65,77,103] [17,22,58,63,104,115,116,118] [33,36,44,82,89,94,100,106] [27,30,32,44,45,55,86,114] [17,41,68,76,80,100,102,111] [4,18,19,27,40,50,69,91] [1,45,53,54,56,94,95,115] [2,4,7,30,36,38,64,94] [8,31,47,63,106,109,112,123] [2,3,15,18,55,68,69,71] [17,20,31,32,40,54,107,125] [0,29,54,77,80,84,115,127] [0,11,50,57,63,65,77,103] [20,23,24,49,69,80,117,126] [20,46,47,53,75,100,121,122] [6,11,69,80,98,104,108,110] [5,22,27,45,47,83,84,87] [1,5,10,32,45,52,55,68] [4,15,31,44,74,82,107,127]
Token  38: [21,32,52,63,71,93,107,120] [19,41,53,63,83,106,116,122] [7,87,103,116,117,122,123,125] [11,20,21,25,26,86,93,106] [7,11,39,40,76,79,91,118] [2,30,31,82,97,111,122,125] [23,34,46,47,63,104,115,116] [33,44,60,82,94,95,100,106] [27,44,45,55,72,86,99,127] [17,43,45,48,68,80,102,111] [7,14,18,50,73,83,113,123] [13,26,53,58,69,86,115,122] [2,30,34,53,60,69,80,102] [6,21,29,31,79,95,106,121] [3,23,28,55,69,79,101,111] [3,17,31,40,60,87,98,120] [4,80,84,105,114,115,124,127] [1,45,53,72,77,82,99,103] [9,13,34,46,63,104,115,116] [33,44,50,82,94,95,100,106] [27,35,44,45,55,64,86,99] [0,17,43,68,76,80,102,111] [14,18,19,30,69,91,107,113] [1,46,53,58,69,86,115,122] [2,30,53,69,71,73,80,102] [6,10,21,44,79,91,95,106] [3,23,28,53,55,69,101,109] [6,16,17,40,58,82,98,120] [4,14,30,80,84,93,114,127] [9,45,53,62,77,82,97,103] [20,22,46,63,66,102,104,116] [21,33,44,78,82,94,100,106] [27,35,43,45,55,67,86,90] [17,43,57,68,80,85,102,111] [2,14,18,30,40,69,83,91] [53,58,59,69,86,90,105,115] [2,9,30,32,60,73,80,102] [6,10,35,44,79,91,106,121] [3,28,53,55,69,79,109,111] [3,6,16,17,40,61,89,120] [4,14,30,40,80,84,105,115] [9,45,53,69,82,97,103,113] [14,23,24,59,73,80,101,115] [4,20,46,81,87,89,100,104] [6,14,54,71,92,98,104,108] [22,27,32,35,45,80,84,114] [14,44,52,55,63,67,101,117] [32,34,58,74,86,104,117,124]
Token  39: [0,27,32,48,49,50,106,110] [44,46,72,91,99,116,122,126] [7,45,50,74,81,92,122,125] [3,26,64,71,76,86,94,106] [0,7,11,37,43,79,97,118] [2,31,47,51,93,105,111,119] [46,63,64,86,104,111,115,116] [32,33,44,60,82,94,100,106] [2,27,44,45,64,67,86,99] [5,48,57,59,68,80,102,111] [2,7,14,18,30,40,50,83] [8,13,47,53,58,67,69,115] [27,32,34,68,69,102,120,124] [12,29,66,79,91,106,107,113] [2,3,53,55,69,96,105,109] [3,17,40,64,75,82,102,120] [1,4,51,80,84,101,114,121] [2,35,45,53,62,66,77,103] [9,46,63,66,102,104,115,116] [33,36,44,82,88,94,100,106] [2,45,55,64,67,86,90,123] [43,57,59,68,80,97,102,111] [7,14,18,30,40,50,91,107] [8,20,58,60,69,79,86,115] [2,32,53,68,69,100,102,124] [10,12,40,44,66,79,106,107] [3,23,34,53,55,69,101,105] [3,6,9,17,40,58,82,120] [4,14,51,80,84,101,114,127] [2,45,53,62,66,77,82,103] [20,46,63,66,102,104,115,116] [33,44,63,78,82,94,100,106] [2,21,35,43,45,55,67,86] [57,59,62,66,68,80,102,111] [2,14,18,30,40,69,83,91] [47,58,59,60,69,85,86,115] [9,27,30,32,46,68,73,102] [10,12,66,79,91,99,106,107] [3,36,39,53,55,69,96,105] [3,4,6,9,17,40,89,120] [4,30,43,51,80,84,105,121] [2,9,35,45,66,77,103,126] [14,23,73,80,93,98,102,115] [20,36,46,81,87,89,100,104] [6,14,20,48,69,92,98,104] [20,22,27,30,45,70,80,114] [14,44,52,55,63,115,117,119] [36,47,86,88,104,120,123,124]
Token  40: [22,28,32,33,47,62,64,72] [19,24,29,45,48,90,116,122] [4,5,62,77,81,85,107,125] [3,19,62,76,78,100,119,120] [7,11,37,53,77,89,116,120] [18,31,58,74,78,99,119,122] [20,46,55,63,64,87,104,116] [31,32,33,44,82,94,100,106] [2,13,35,44,45,86,122,123] [33,35,68,80,91,96,102,111] [2,18,30,33,37,40,63,124] [14,18,43,48,53,68,97,115] [2,4,32,46,60,80,102,124] [10,12,45,52,89,91,106,120] [3,23,26,49,53,64,69,109] [0,6,17,40,77,89,117,120] [1,4,14,35,50,80,82,84] [1,12,54,66,77,84,92,103] [46,55,63,66,89,104,115,116] [9,33,44,82,94,100,106,110] [4,22,44,45,67,86,90,123] [5,33,59,68,76,80,82,102] [2,7,9,18,30,40,91,124] [50,68,69,97,105,111,115,126] [2,30,32,34,52,100,102,124] [10,12,49,52,61,106,120,127] [3,23,26,49,53,64,69,92] [0,6,25,40,63,77,89,120] [4,35,50,80,82,84,114,116] [54,66,77,82,92,100,103,107] [46,47,55,63,66,104,115,116] [33,36,44,78,82,94,100,106] [22,43,45,55,60,67,86,88] [33,57,59,68,80,82,102,111] [2,9,18,30,33,37,40,120] [18,25,30,59,60,68,86,115] [2,29,32,34,42,80,102,112] [12,45,52,61,89,106,120,127] [3,26,33,49,53,55,66,92] [0,17,25,40,58,77,89,120] [4,30,35,80,82,84,100,115] [9,49,54,82,92,99,103,113] [4,23,33,66,70,80,86,123] [16,20,41,88,89,99,100,104] [6,14,39,42,62,92,98,104] [6,35,45,48,51,88,114,116] [14,23,26,33,43,54,63,125] [0,17,23,39,42,53,80,119]
Token  41: [3,11,12,28,29,70,86,118] [2,24,78,91,105,115,116,122] [0,4,5,36,49,115,119,125] [3,11,70,76,101,109,119,120] [5,11,27,34,37,60,68,114] [0,18,24,35,48,60,119,122] [20,46,63,64,103,104,111,116] [7,32,33,44,82,94,100,106] [43,44,45,86,88,94,122,123] [35,40,41,68,80,96,102,109] [2,18,30,63,91,94,95,124] [16,25,53,68,73,75,81,97] [2,4,22,32,34,38,102,103] [40,52,62,91,106,109,112,123] [3,18,23,24,53,64,69,109] [6,17,32,40,77,89,120,125] [13,23,29,35,80,84,109,110] [0,24,64,75,77,84,92,103] [46,55,63,64,98,103,104,116] [7,33,44,82,88,94,100,106] [4,24,44,45,86,90,94,123] [5,35,40,59,68,80,82,102] [2,9,18,30,40,91,95,124] [16,25,46,53,68,73,97,115] [2,32,34,38,80,102,103,112] [12,49,52,62,106,109,123,127] [3,18,23,53,55,64,69,71] [6,25,40,46,75,77,120,126] [13,23,35,44,80,84,109,114] [0,36,54,75,81,82,84,92] [46,55,63,66,103,104,116,118] [19,33,44,82,88,94,100,106] [2,20,45,67,72,86,94,123] [35,39,40,68,80,91,102,111] [2,9,18,37,40,71,95,124] [8,25,42,60,68,73,97,115] [0,2,32,38,73,102,103,112] [12,41,49,52,62,106,109,123] [3,18,26,53,55,60,92,111] [17,20,25,31,40,46,51,125] [23,28,35,77,80,84,109,115] [0,49,54,63,64,65,93,103] [23,24,49,66,70,80,90,126] [18,46,47,74,75,99,100,121] [6,11,23,42,62,80,98,110] [5,22,26,45,48,83,87,114] [1,5,10,33,51,52,68,117] [15,21,31,44,74,114,121,127]
Token  42: [40,43,65,72,73,98,100,122] [18,38,70,94,100,106,122,127] [3,38,40,84,88,99,111,123] [6,31,71,76,87,89,93,94] [7,11,52,64,76,85,106,115] [37,59,61,64,66,97,103,125] [34,35,47,56,63,83,104,105] [33,49,59,94,100,106,109,112] [44,55,65,72,84,86,121,127] [0,9,62,68,80,102,110,111] [2,18,50,51,61,78,105,107] [3,24,49,54,61,69,115,125] [2,9,15,34,65,80,99,102] [6,12,15,23,28,58,78,106] [3,17,20,23,48,69,81,111] [10,16,31,38,40,85,101,122] [8,39,73,84,114,115,124,127] [1,19,42,69,77,99,103,105] [34,52,56,63,83,88,105,115] [33,44,48,49,82,94,100,112] [35,44,55,72,84,86,90,121] [0,9,68,76,80,102,110,125] [13,18,50,56,61,91,105,113] [1,23,24,46,49,54,61,92] [2,4,15,61,79,80,96,99] [6,15,23,28,58,106,110,118] [3,14,17,20,48,55,86,104] [6,16,40,59,70,75,85,101] [14,39,48,62,80,81,115,124] [1,19,21,33,42,77,105,118] [24,34,56,63,83,88,105,126] [18,33,48,49,75,100,109,112] [44,53,65,84,90,114,121,127] [9,16,80,98,102,110,111,125] [18,50,56,61,68,78,90,105] [1,3,23,24,49,54,61,125] [4,15,21,23,65,79,96,99] [15,23,28,58,78,104,106,118] [3,17,20,32,55,69,86,104] [17,40,52,59,70,85,101,127] [14,48,73,80,81,89,115,124] [1,19,21,42,48,55,69,82] [24,31,32,64,80,113,114,115] [31,37,46,77,78,88,100,104] [0,6,53,69,73,90,98,104] [2,22,27,32,82,87,101,114] [5,11,34,38,52,55,60,97] [20,57,73,74,77,86,105,109]
Token  43: [14,21,50,57,74,103,106,110] [3,6,9,28,48,62,95,122] [41,46,84,90,100,111,122,125] [3,4,23,37,39,71,87,115] [7,11,23,37,50,56,83,86] [18,31,47,51,68,103,105,110] [26,34,47,56,58,63,104,116] [5,33,44,48,82,94,100,106] [35,36,44,45,72,86,109,127] [0,8,32,65,68,80,96,102] [7,18,29,30,50,91,113,123] [48,53,54,63,67,69,109,115] [2,24,34,61,65,79,114,115] [21,23,66,82,91,98,106,118] [3,4,11,16,48,55,105,110] [6,16,17,40,72,85,99,103] [12,14,48,80,81,115,119,124] [1,2,18,19,69,78,99,103] [24,34,56,63,83,105,122,126] [3,33,49,59,75,82,100,112] [44,65,72,84,114,116,121,127] [0,9,65,80,98,110,122,125] [18,19,56,61,69,90,98,105] [1,23,24,26,49,54,61,125] [15,23,24,34,79,80,96,99] [15,26,28,33,58,66,110,118] [3,4,16,17,48,90,105,110] [6,16,17,40,70,72,99,103] [12,14,48,80,81,89,119,124] [1,2,21,66,77,82,90,103] [22,34,56,63,83,105,107,126] [33,49,75,82,94,100,106,112] [44,65,72,86,90,109,121,127] [9,32,65,80,102,110,111,125] [18,50,56,61,69,78,98,105] [23,24,49,53,61,63,109,125] [2,24,61,73,79,96,99,114] [23,31,66,82,91,98,106,118] [3,16,55,57,69,90,105,115] [6,16,17,40,61,72,89,103] [12,14,30,43,80,105,115,119] [2,9,35,66,77,82,103,112] [14,18,23,27,80,93,102,115] [6,29,36,46,87,100,104,120] [6,20,27,48,56,69,98,104] [12,22,27,32,45,58,70,114] [22,52,55,60,75,101,115,117] [36,47,66,86,88,120,123,124]
Token  44: [28,51,83,87,91,112,124,125] [9,16,29,45,48,67,68,122] [5,23,36,42,67,76,100,125] [12,20,70,73,92,101,112,114] [7,11,27,37,38,50,57,61] [10,74,87,89,93,103,115,119] [20,46,63,64,104,111,116,118] [2,19,33,44,82,94,100,106] [15,20,35,44,67,86,123,127] [32,35,65,66,68,80,102,111] [7,18,30,50,88,91,103,109] [8,22,36,42,53,60,69,115] [2,14,26,34,41,73,114,115] [13,29,41,57,82,91,98,106] [3,16,23,53,55,60,69,102] [6,16,17,40,60,72,75,117] [1,14,60,80,84,110,115,122] [1,15,46,52,64,77,94,103] [46,52,56,63,64,104,116,119] [2,32,33,44,82,94,100,106] [15,18,20,35,44,67,86,90] [32,35,65,66,68,80,102,111] [18,30,36,69,88,103,109,113] [8,22,42,46,48,53,85,115] [0,2,14,26,34,57,73,80] [18,23,41,57,82,98,106,110] [3,16,23,53,55,60,69,102] [6,16,17,40,61,72,99,120] [14,60,80,84,94,108,110,122] [4,15,46,64,82,94,103,122] [34,46,56,63,64,89,116,118] [2,33,44,82,94,100,106,110] [15,18,20,35,44,67,86,122] [0,32,35,65,68,80,102,111] [18,23,30,36,50,69,103,113] [8,20,22,42,59,69,85,115] [2,26,34,42,73,80,114,115] [10,18,41,57,76,82,91,106] [3,16,53,55,60,69,80,102] [6,16,17,40,56,60,61,120] [14,55,60,80,84,108,110,115] [9,15,36,46,52,64,103,122] [8,23,24,49,73,80,90,125] [12,19,49,80,100,104,121,125] [6,11,23,38,45,88,98,99] [5,17,22,26,46,76,112,114] [5,29,30,39,52,80,81,105] [15,35,71,74,86,95,111,127]
Token  45: [0,16,51,53,70,97,104,120] [20,24,34,62,76,86,107,122] [14,72,81,87,100,107,116,125] [12,13,23,25,32,76,105,117] [0,11,23,25,38,61,74,89] [31,47,68,80,97,103,107,119] [34,39,47,56,58,63,104,116] [33,44,60,82,87,94,100,106] [18,36,44,45,64,72,86,127] [0,32,65,80,84,94,102,111] [14,18,29,30,50,103,108,113] [8,22,60,67,69,86,89,115] [2,26,34,53,65,73,79,115] [21,29,44,75,82,91,98,118] [3,11,53,55,69,74,79,80] [6,16,17,26,40,50,60,99] [7,14,40,60,80,84,89,122] [1,15,18,52,53,55,99,103] [13,34,56,63,89,104,107,116] [33,59,60,75,82,87,100,106] [5,18,36,44,45,64,72,114] [0,32,51,65,80,94,111,122] [14,18,19,36,50,68,69,113] [3,8,20,54,59,63,65,69] [2,21,34,53,71,73,79,80] [33,44,75,82,91,98,110,118] [3,38,53,55,57,69,80,115] [6,16,17,40,50,60,61,120] [7,14,30,40,60,80,84,122] [9,15,52,53,77,90,103,117] [22,39,46,63,89,104,110,116] [21,33,44,82,87,94,100,106] [5,44,45,64,72,86,90,127] [24,51,68,80,94,102,111,127] [18,30,36,50,69,98,108,113] [8,20,60,69,85,86,89,115] [2,42,53,61,73,80,102,115] [21,44,75,76,82,91,98,106] [3,23,34,53,55,69,79,80] [6,9,16,17,40,60,61,120] [7,14,15,40,60,80,84,115] [9,15,52,53,78,103,106,117] [23,24,37,59,73,74,80,125] [43,44,49,56,81,100,104,120] [6,25,37,45,54,80,98,104] [22,27,45,46,63,80,112,114] [39,52,55,80,82,84,105,124] [27,32,34,35,52,71,90,95]
Token  46: [0,2,51,63,73,97,111,118] [32,53,76,86,107,116,122,126] [8,14,20,42,54,72,100,125] [1,25,30,38,71,76,87,105] [0,11,22,23,25,74,83,95] [31,34,47,80,82,89,97,122] [34,41,47,56,58,63,104,116] [3,33,82,87,94,95,100,106] [18,35,36,44,55,64,86,127] [0,45,65,71,80,94,98,102] [7,18,29,30,36,50,108,113] [3,8,20,22,67,69,86,115] [26,27,30,34,53,73,79,118] [21,29,44,75,91,98,102,118] [3,8,10,11,55,74,79,80] [6,17,23,26,38,40,60,61] [7,14,15,40,80,84,115,122] [1,15,18,52,53,93,99,103] [9,13,34,46,56,63,112,126] [3,33,75,82,87,94,95,100] [5,18,35,36,44,64,72,114] [0,45,65,80,94,96,98,102] [18,19,36,50,69,90,108,113] [8,20,54,63,65,69,86,115] [21,23,53,71,73,79,107,118] [33,44,75,82,83,98,102,118] [3,8,10,55,74,80,110,115] [6,16,23,40,60,61,82,120] [7,14,30,40,80,84,122,127] [9,15,17,52,53,78,90,103] [22,34,46,58,63,64,89,116] [21,33,44,82,87,94,100,106] [18,44,55,64,67,72,86,127] [0,24,59,68,76,80,94,102] [6,18,19,30,36,50,69,113] [8,20,60,65,69,85,86,115] [2,30,53,61,73,79,102,118] [10,21,44,75,91,98,102,106] [3,23,29,53,55,69,79,80] [6,16,17,40,60,61,78,120] [7,14,15,40,60,80,84,115] [9,15,17,52,53,90,103,106] [23,24,37,59,73,74,80,125] [43,46,49,56,81,100,104,120] [6,37,38,45,54,80,98,104] [22,45,46,63,80,104,112,114] [39,52,55,75,80,82,105,124] [27,32,34,35,52,71,90,95]
Token  47: [3,28,29,62,77,80,111,126] [11,45,72,76,78,86,113,122] [0,36,42,72,115,119,121,125] [1,11,20,25,76,101,105,119] [0,11,39,40,74,83,97,119] [30,55,60,80,97,100,119,122] [22,46,63,64,104,115,116,119] [9,33,44,82,87,94,100,106] [18,27,35,44,55,67,72,86] [44,59,62,68,80,94,102,111] [14,18,30,36,50,91,113,120] [8,22,60,68,69,86,115,120] [2,27,30,34,53,79,85,102] [24,44,49,68,75,91,95,106] [3,9,10,11,29,55,62,69] [2,3,17,31,40,98,99,120] [29,40,80,84,111,115,122,123] [1,53,62,77,84,90,103,113] [9,13,22,46,63,64,68,116] [33,36,44,82,87,94,100,106] [18,27,35,44,45,55,86,90] [0,45,59,68,80,94,102,105] [6,18,19,36,50,69,113,120] [1,20,46,54,68,69,86,115] [30,53,71,73,79,102,107,118] [24,33,44,49,75,83,106,118] [3,9,10,29,55,62,69,101] [2,6,17,40,58,82,98,120] [14,30,80,84,114,122,123,127] [9,53,65,77,82,84,90,103] [22,34,46,58,63,89,104,116] [33,36,44,82,87,94,100,106] [18,27,44,45,55,72,86,114] [0,17,59,68,80,94,102,111] [6,18,19,36,50,69,113,120] [3,68,69,71,85,86,115,120] [2,30,34,39,53,73,80,102] [24,33,44,49,75,91,95,106] [3,11,29,53,55,62,69,109] [6,16,17,20,31,40,58,120] [29,77,80,84,111,115,123,127] [0,53,63,65,77,80,84,103] [20,23,24,28,68,75,80,115] [8,20,46,47,100,104,120,121] [3,6,13,69,80,98,104,110] [5,22,45,47,63,83,87,114] [5,10,45,52,55,68,82,104] [11,15,31,44,54,74,90,127]
Token  48: [31,53,61,66,69,81,93,101] [4,25,45,83,91,98,115,122] [5,68,72,103,116,117,123,125] [1,3,5,20,25,101,106,119] [11,39,43,63,83,91,102,111] [2,30,31,80,97,111,119,123] [20,39,46,63,64,104,115,116] [9,33,44,72,82,94,100,106] [18,27,28,44,45,72,86,99] [17,48,59,68,69,80,102,105] [14,18,36,50,83,91,107,113] [13,15,58,69,86,110,115,122] [2,27,30,34,68,69,102,120] [13,24,44,55,68,91,106,121] [3,10,19,28,55,69,101,125] [3,6,34,40,50,98,100,120] [14,20,80,84,121,122,123,127] [14,45,61,77,90,97,103,124] [22,34,46,63,66,96,104,116] [9,33,44,72,82,94,100,106] [18,27,35,44,45,72,86,99] [43,48,59,68,80,92,102,105] [14,18,19,36,50,69,91,113] [1,13,20,58,69,90,115,122] [2,30,34,69,79,102,107,120] [13,44,55,82,83,106,118,121] [3,10,28,38,53,55,69,101] [3,6,17,23,34,40,100,120] [14,20,30,80,84,93,121,127] [1,14,45,61,77,82,90,103] [22,46,63,66,102,104,116,124] [33,44,72,82,88,94,100,106] [27,28,43,45,67,72,86,99] [17,48,59,66,68,80,102,105] [14,18,19,36,50,69,83,91] [1,13,58,60,69,90,115,122] [2,23,30,69,73,85,102,120] [13,55,79,83,99,106,107,121] [3,10,28,38,55,66,69,101] [3,16,17,34,40,58,89,100] [20,30,80,84,105,115,121,127] [14,45,61,77,80,82,90,97] [14,23,65,75,80,101,115,119] [4,20,36,46,65,89,100,104] [6,29,54,69,71,98,104,108] [22,27,30,45,54,84,114,127] [14,52,55,63,67,68,115,117] [32,34,55,58,74,86,117,124]
Token  49: [4,14,51,57,101,106,110,118] [25,37,44,48,57,60,91,122] [16,36,42,68,81,90,125,126] [3,5,20,21,26,37,99,106] [7,11,37,43,63,83,102,114] [35,51,55,93,97,99,105,119] [14,22,39,46,63,89,104,116] [33,44,63,72,82,94,100,106] [27,28,40,45,50,86,99,123] [7,17,32,66,68,80,102,105] [14,18,19,21,30,50,91,94] [13,53,58,69,90,94,100,109] [2,4,14,30,34,68,69,120] [55,66,83,91,106,107,112,113] [3,10,16,53,55,69,105,125] [3,15,17,34,40,100,120,125] [12,14,80,84,93,101,119,127] [1,2,61,62,66,77,82,90] [22,46,63,87,89,102,104,116] [33,44,63,72,82,88,94,100] [18,21,28,35,45,86,90,99] [17,32,59,66,68,80,102,105] [14,18,19,36,50,69,85,91] [13,58,69,90,94,109,115,122] [2,4,27,30,34,69,107,120] [13,55,66,83,91,106,107,118] [3,10,16,38,55,69,105,125] [3,6,15,23,34,40,58,100] [12,14,30,80,84,93,119,127] [2,61,62,66,77,78,82,90] [22,46,63,66,102,104,116,124] [19,33,44,56,63,82,94,100] [35,43,55,67,72,86,99,123] [17,32,66,68,80,102,105,111] [14,18,19,21,36,69,91,94] [13,28,58,69,90,94,109,115] [2,4,27,30,34,69,73,126] [33,55,66,83,91,93,106,113] [3,10,16,38,55,66,69,105] [3,6,17,34,40,89,100,120] [12,30,80,84,93,105,119,127] [2,35,45,61,66,77,82,90] [18,23,27,55,80,93,102,115] [20,29,36,46,65,89,100,104] [6,14,48,69,92,98,104,108] [22,27,30,35,45,54,70,114] [14,52,55,63,115,117,119,125] [36,47,58,86,88,120,123,124]
Token  50: [28,33,47,64,75,82,91,95] [28,47,48,62,93,104,105,122] [4,5,34,46,60,72,78,83] [14,20,24,70,72,73,103,106] [5,7,11,43,46,57,60,119] [0,8,35,63,74,87,93,115] [20,46,63,66,102,103,104,111] [19,33,44,82,88,94,100,106] [10,18,43,45,86,90,94,123] [0,7,17,32,35,68,80,102] [13,18,21,36,82,91,94,124] [18,31,48,62,90,94,100,122] [2,4,14,27,30,34,36,127] [40,83,85,91,106,107,112,127] [3,15,16,38,53,55,60,102] [32,40,54,89,100,120,125,126] [1,14,80,84,93,94,100,106] [1,7,26,36,70,77,82,90] [22,46,63,87,102,103,104,116] [19,33,44,82,88,94,100,106] [10,18,35,45,86,90,94,123] [7,17,35,59,66,68,80,102] [18,21,23,36,82,85,91,124] [18,22,60,90,94,99,100,116] [2,14,25,27,34,36,46,102] [18,83,91,106,112,117,120,127] [3,15,16,38,53,55,69,73] [3,15,32,40,89,100,120,125] [13,14,30,80,84,93,94,100] [7,26,36,62,77,82,92,100] [20,46,63,66,102,103,104,116] [19,33,44,63,82,88,94,100] [45,50,67,72,86,90,94,123] [0,7,17,66,68,80,82,102] [18,21,29,36,71,82,91,94] [18,30,62,69,90,94,99,100] [2,4,14,34,36,73,102,127] [33,83,93,106,112,117,120,127] [3,15,38,53,55,63,66,69] [15,32,40,45,58,89,100,125] [13,30,80,84,93,94,100,112] [26,62,77,81,82,92,100,122] [23,58,80,81,86,106,108,117] [20,38,46,66,82,100,120,122] [6,11,57,64,69,92,98,104] [22,26,27,30,45,50,71,114] [3,14,27,32,51,52,60,77] [15,21,26,57,58,74,82,86]
Token  51: [11,72,85,98,100,114,119,122] [14,38,62,63,103,106,119,122] [2,5,16,40,60,78,111,127] [3,20,28,68,73,84,103,106] [11,30,37,52,57,63,64,92] [18,59,64,74,79,93,103,119] [34,46,56,58,63,71,89,116] [24,33,44,82,94,100,106,109] [35,38,45,65,72,86,90,127] [0,17,55,68,80,102,111,125] [16,18,50,51,69,78,91,98] [3,20,24,28,60,99,124,125] [2,15,34,56,65,73,115,127] [15,26,28,58,78,91,103,106] [3,20,48,67,69,81,110,115] [8,16,17,32,40,85,101,120] [14,39,48,65,81,89,105,115] [1,18,19,21,42,55,77,99] [24,34,56,63,83,88,105,115] [3,18,24,49,100,106,109,112] [38,65,72,84,101,116,121,127] [0,9,49,62,96,110,122,125] [16,19,56,61,68,90,98,105] [1,7,23,24,49,54,61,125] [9,15,33,35,56,65,96,99] [15,26,28,49,58,77,78,110] [4,48,67,81,98,103,107,110] [5,16,26,49,70,101,120,127] [48,65,81,82,89,97,105,115] [1,18,21,55,77,93,99,118] [24,26,34,58,63,83,105,126] [3,18,49,75,100,109,112,123] [9,15,46,65,84,90,101,121] [0,9,10,49,79,96,110,125] [10,30,56,68,78,84,98,105] [3,4,21,23,54,64,121,125] [4,23,33,56,65,73,92,108] [20,35,47,78,91,92,93,104] [49,69,74,86,98,104,110,125] [0,11,25,26,51,75,79,117] [12,28,35,42,49,82,111,116] [26,34,49,59,75,77,105,118] [17,25,58,70,80,106,114,117] [18,46,61,68,80,82,98,115] [2,5,6,11,57,98,104,126] [26,29,50,71,76,110,114,117] [14,16,27,46,49,76,93,125] [3,8,53,58,76,87,102,104]
Token  52: [7,27,30,32,58,88,109,121] [1,14,62,65,71,104,105,122] [5,31,49,60,78,111,112,127] [3,18,20,23,24,28,60,103] [5,7,11,30,46,57,60,101] [0,8,35,46,63,87,93,112] [46,63,66,102,103,104,111,116] [19,33,44,63,82,88,94,100] [40,43,45,83,86,90,94,123] [7,17,32,41,68,80,102,125] [18,21,27,50,63,82,91,124] [38,48,53,73,94,99,100,122] [2,4,14,27,36,85,94,127] [8,62,67,85,91,92,106,112] [3,15,16,38,53,55,69,87] [32,40,54,58,89,100,125,126] [0,44,56,80,84,93,106,108] [26,34,62,77,82,90,100,101] [20,22,46,63,102,103,104,116] [7,33,44,63,82,94,100,106] [18,40,45,50,83,86,90,94] [7,17,35,41,47,68,80,102] [15,18,36,40,63,82,91,103] [22,46,53,69,85,94,99,100] [2,4,14,25,34,36,94,102] [8,18,57,83,106,109,112,127] [3,15,38,53,55,60,69,71] [6,32,40,54,89,100,125,126] [14,44,80,84,93,108,114,122] [26,34,36,62,65,77,82,122] [46,63,102,103,104,112,116,118] [33,44,63,82,88,94,100,106] [18,43,44,45,50,67,83,86] [7,17,35,41,47,68,80,102] [15,18,23,36,50,69,82,91] [9,18,53,69,94,99,100,115] [0,4,14,39,73,94,102,103] [8,33,57,62,63,91,106,112] [3,11,15,16,53,55,69,71] [17,20,40,54,80,107,125,126] [29,44,77,80,84,93,115,127] [0,26,34,36,63,65,77,82] [23,24,58,68,80,106,115,126] [20,46,47,58,75,100,121,122] [3,6,11,69,92,98,108,110] [5,22,27,45,83,87,99,114] [5,10,32,52,55,75,94,119] [4,15,21,31,44,74,86,127]
Token  53: [31,32,46,52,69,93,107,120] [2,45,53,60,63,83,105,122] [68,72,92,103,116,117,123,125] [1,3,20,89,93,95,106,119] [2,11,37,79,83,91,102,111] [20,30,35,55,97,111,119,125] [43,46,56,63,104,112,115,116] [5,33,44,72,82,94,100,106] [18,27,28,44,45,72,86,99] [17,43,68,76,80,102,105,111] [14,18,36,50,83,91,107,113] [13,58,69,86,93,94,115,122] [2,4,26,27,30,34,69,120] [6,44,79,80,91,95,106,121] [3,10,11,28,55,69,101,111] [2,17,31,34,40,45,100,120] [20,80,84,114,115,121,122,127] [1,5,30,45,77,99,103,122] [13,14,22,34,46,56,63,116] [33,44,50,59,72,82,94,100] [18,27,35,45,72,86,90,114] [0,17,68,76,80,102,105,111] [18,19,31,33,36,68,69,113] [3,13,20,58,69,86,94,103] [2,9,35,36,53,69,71,73] [33,47,77,78,83,91,95,110] [3,4,55,63,69,101,109,110] [2,16,26,34,38,40,100,120] [30,48,91,97,114,115,121,127] [1,30,53,77,80,103,122,123] [9,13,34,58,63,107,112,115] [18,24,33,59,72,75,100,109] [5,18,27,32,45,57,72,114] [0,2,17,49,62,96,105,111] [6,31,36,50,68,69,98,113] [3,13,20,26,58,69,85,86] [2,4,21,35,36,39,69,73] [13,29,33,78,79,91,106,121] [3,11,28,55,69,84,86,101] [2,16,17,30,34,40,100,120] [20,30,80,91,114,115,121,127] [1,14,30,45,77,90,97,103] [23,55,68,80,101,115,117,119] [4,5,20,36,37,46,100,104] [6,29,52,54,69,71,98,104] [2,20,22,27,45,93,114,127] [52,55,63,67,68,77,98,117] [32,34,55,74,86,87,112,117]
Token  54: [11,16,72,85,100,101,114,119] [21,60,63,72,75,106,119,122] [2,16,45,65,78,101,107,111] [19,20,25,68,81,93,103,106] [7,11,43,46,57,63,70,102] [18,30,55,59,71,97,103,112] [46,56,58,63,104,111,115,116] [31,33,36,44,82,94,100,106] [35,44,45,67,86,90,123,127] [0,7,9,17,68,80,102,111] [2,18,50,63,69,91,94,105] [3,46,53,61,69,89,90,115] [2,4,9,15,65,73,99,115] [10,28,40,66,82,83,91,106] [3,10,20,23,53,55,68,69] [3,6,16,17,40,45,61,120] [14,80,84,90,114,115,122,127] [1,17,19,72,77,78,90,103] [34,46,63,64,88,105,115,116] [33,44,49,82,94,100,106,112] [44,45,65,72,84,86,121,123] [9,62,68,80,102,110,111,125] [18,45,50,56,61,69,98,105] [23,24,46,49,61,69,115,122] [2,15,30,34,61,79,80,99] [15,28,40,58,104,106,110,112] [3,14,23,48,53,57,86,115] [3,6,16,37,40,61,75,89] [14,39,80,84,93,105,114,115] [1,72,75,77,82,93,100,103] [46,52,56,63,74,83,87,104] [19,32,33,44,82,94,100,106] [9,35,44,67,83,86,90,123] [7,65,66,68,79,80,102,111] [2,7,18,30,33,82,94,103] [4,53,78,92,96,99,100,111] [2,4,14,32,36,92,108,127] [20,27,29,92,93,104,106,112] [3,15,49,53,87,102,109,125] [11,32,40,75,83,89,120,125] [1,28,42,80,101,105,107,113] [1,34,59,77,82,88,93,105] [8,17,50,56,58,66,80,111] [30,46,61,72,80,82,106,111] [5,6,9,11,12,25,103,104] [29,41,71,77,98,110,114,117] [16,27,46,76,93,100,122,125] [3,7,10,58,76,87,102,104]
Token  55: [7,58,72,88,101,109,117,121] [1,24,27,28,60,65,97,122] [12,16,40,60,81,95,107,127] [20,68,71,75,81,84,103,106] [11,30,37,52,53,57,70,81] [9,17,25,37,59,64,103,110] [27,34,53,56,63,71,76,89] [18,24,33,59,100,106,109,112] [38,45,57,65,72,86,90,127] [0,2,17,19,49,80,122,125] [16,26,51,56,68,69,78,105] [3,23,24,28,49,54,60,125] [2,9,15,56,65,96,99,115] [15,19,23,26,28,58,78,104] [3,17,20,67,81,100,107,110] [8,16,41,49,70,85,101,120] [14,30,39,65,81,89,105,115] [18,21,33,42,55,77,82,83] [24,34,44,63,71,104,105,116] [9,24,49,59,100,106,109,112] [38,45,65,72,101,116,121,124] [0,9,49,80,96,110,122,125] [26,56,58,68,69,78,90,98] [7,21,23,28,64,65,124,125] [9,15,28,56,65,85,96,99] [0,26,29,58,78,103,104,112] [4,17,81,86,100,107,110,115] [16,32,44,49,59,70,101,120] [39,48,80,81,89,103,105,115] [1,18,21,55,72,82,83,96] [24,26,34,44,63,75,83,89] [9,18,44,56,59,82,100,109] [9,15,38,46,72,90,101,127] [10,49,69,80,87,96,111,114] [26,58,67,98,103,109,111,116] [4,5,21,28,64,94,96,100] [2,4,14,17,34,49,65,85] [0,20,42,51,92,103,104,112] [3,15,49,57,86,102,107,125] [11,32,33,40,49,59,75,120] [0,1,14,42,70,80,87,107] [1,6,34,59,77,78,88,105] [17,56,66,80,109,111,114,115] [30,46,72,74,80,96,98,99] [5,12,29,30,96,102,104,127] [29,41,64,65,91,99,110,114] [16,27,32,43,46,94,100,106] [4,17,53,72,87,102,107,118]
Token  56: [35,52,57,76,109,117,123,127] [24,27,47,60,63,89,109,122] [12,29,48,64,65,92,101,104] [20,25,56,67,93,106,114,117] [11,16,43,57,63,83,102,127] [35,55,71,97,99,103,112,122] [39,43,63,66,96,104,115,116] [33,36,44,82,84,94,100,106] [18,27,32,44,45,55,83,86] [8,17,34,62,68,80,102,105] [7,18,22,36,40,50,63,91] [45,53,58,90,94,102,110,115] [2,4,27,30,34,36,54,92] [13,43,59,79,85,91,106,117] [3,10,55,67,68,69,111,125] [3,16,17,34,38,40,45,125] [0,48,80,84,90,106,114,122] [1,7,53,75,77,90,122,124] [13,22,46,58,63,104,115,116] [33,36,44,82,88,94,100,123] [18,32,35,44,45,55,72,86] [0,17,43,62,68,80,102,111] [18,19,36,40,50,63,69,113] [13,58,69,72,79,90,94,115] [2,4,30,36,69,71,73,102] [43,47,79,91,95,106,117,118] [3,55,63,68,69,98,109,125] [6,17,30,38,40,45,59,120] [0,46,80,84,90,91,114,122] [1,7,77,82,90,99,120,124] [22,34,46,52,58,63,112,115] [33,44,56,82,94,100,106,123] [18,32,35,44,45,55,72,86] [0,17,62,68,80,96,102,111] [6,18,19,30,36,40,63,69] [21,28,45,52,53,72,76,90] [2,4,35,36,39,64,71,73] [32,33,47,83,91,93,106,117] [3,55,63,67,68,69,98,119] [17,26,29,30,40,45,63,127] [0,30,48,90,100,106,112,115] [5,7,44,50,55,57,77,80] [12,58,69,80,87,99,108,117] [0,7,46,58,66,98,100,115] [6,7,29,46,58,102,104,108] [18,20,50,64,71,91,99,114] [16,27,32,68,74,76,94,125] [3,4,53,72,76,87,102,107]
Token  57: [24,47,52,76,88,117,123,127] [25,27,44,52,60,63,109,122] [5,12,29,60,64,81,104,127] [3,19,20,25,73,74,86,100] [7,11,16,37,51,53,57,70] [18,55,74,93,103,110,112,119] [20,46,63,87,104,111,116,124] [19,32,33,44,82,94,100,106] [35,45,67,86,87,88,90,123] [0,7,17,67,68,76,80,102] [7,18,25,27,30,63,91,94] [18,21,48,53,60,90,99,100] [2,4,8,14,34,65,115,127] [8,40,89,91,92,106,112,117] [3,15,23,53,57,69,71,115] [6,17,32,40,75,89,91,125] [0,1,14,78,80,84,93,94] [1,9,75,77,82,92,100,103] [22,46,63,64,87,89,104,116] [32,33,44,73,82,94,100,106] [35,44,45,67,86,90,94,123] [7,17,68,71,76,80,102,111] [18,23,30,82,91,94,98,103] [21,22,53,60,67,99,100,107] [2,4,14,26,34,61,115,127] [40,51,92,99,104,106,112,117] [3,15,38,53,57,66,109,116] [6,32,40,59,61,75,89,125] [0,1,50,80,84,93,100,105] [1,34,72,82,88,93,100,124] [34,52,63,87,89,104,110,116] [32,33,44,82,94,100,106,110] [9,15,35,44,86,94,123,127] [0,7,49,68,80,91,102,111] [2,7,13,18,30,82,94,103] [4,21,22,53,94,99,100,111] [2,4,14,32,42,108,115,127] [10,20,29,91,92,104,106,112] [15,26,49,53,87,92,109,125] [11,25,32,40,50,75,89,125] [0,1,35,42,80,93,105,107] [13,30,34,59,77,82,88,100] [4,17,33,43,56,70,111,117] [46,61,74,75,82,91,98,115] [5,6,9,11,42,46,52,102] [16,29,50,51,64,88,99,114] [14,16,27,32,43,46,93,94] [3,4,8,53,72,87,102,107]
Token  58: [24,27,76,88,109,117,121,127] [13,25,27,52,60,63,97,122] [5,12,29,60,64,65,101,104] [19,20,25,60,74,87,93,101] [7,11,16,26,46,57,60,65] [9,55,71,97,103,110,112,122] [39,46,63,97,102,104,115,116] [32,33,36,44,82,94,100,106] [18,30,32,40,45,86,87,108] [7,8,17,68,76,80,100,102] [4,18,27,36,40,63,91,94] [17,45,46,53,54,56,94,100] [2,4,7,26,30,35,36,94] [8,31,43,67,91,106,110,112] [2,3,14,15,18,55,68,69] [2,16,17,31,32,40,54,125] [0,80,84,90,108,114,115,122] [1,11,50,57,63,77,90,99] [17,22,39,46,63,112,115,116] [33,36,44,82,88,94,100,123] [18,30,32,35,44,45,55,86] [17,41,47,62,68,100,102,111] [4,18,27,31,36,40,91,127] [9,45,53,56,69,94,95,100] [2,4,7,9,35,36,64,94] [8,18,31,47,63,82,91,106] [3,14,18,55,68,69,73,110] [2,16,32,40,59,87,107,120] [10,29,62,77,91,108,114,115] [0,11,50,63,65,77,93,122] [9,13,17,58,63,112,115,118] [19,33,44,82,94,100,116,123] [18,27,30,32,35,45,55,87] [17,41,47,62,76,100,102,111] [4,18,23,27,36,40,69,127] [9,21,45,53,56,94,95,100] [2,4,7,39,61,73,94,102] [8,29,31,91,95,106,109,112] [3,11,15,18,55,68,69,94] [2,16,17,20,32,40,107,125] [0,29,54,77,91,108,115,127] [0,11,50,57,63,65,77,103] [20,23,24,49,68,69,117,126] [8,46,47,53,58,100,104,121] [6,11,29,69,80,98,104,110] [5,22,45,47,83,87,99,114] [1,5,10,32,52,55,68,124] [4,15,31,44,74,82,107,127]
Token  59: [21,32,52,63,71,93,107,120] [19,26,53,63,83,106,116,122] [87,88,103,111,116,117,122,125] [11,20,26,71,86,87,93,106] [7,11,39,43,79,83,91,118] [2,49,82,97,100,111,122,125] [23,34,39,63,64,104,115,116] [33,44,60,82,94,95,100,106] [18,27,44,45,55,86,99,127] [17,43,45,48,68,80,102,111] [14,18,36,50,69,83,107,113] [3,26,53,58,69,86,115,122] [2,30,39,53,60,65,69,73] [21,31,33,44,79,91,106,121] [3,11,28,55,63,69,101,125] [2,16,17,31,38,40,120,127] [4,48,80,84,103,105,114,115] [1,18,45,53,55,72,99,124] [13,34,56,63,112,115,116,122] [24,50,59,62,72,75,95,123] [5,18,45,57,72,90,99,114] [0,2,43,47,49,96,111,122] [16,19,31,36,68,69,73,113] [3,20,28,30,58,86,93,103] [9,21,35,52,56,69,73,89] [33,60,63,73,78,91,95,110] [4,14,55,63,101,107,110,125] [2,16,38,40,59,61,87,120] [4,48,65,80,89,91,105,115] [18,45,53,80,90,99,123,124] [13,34,44,58,63,107,112,116] [18,24,33,59,60,82,94,123] [5,15,18,45,72,103,114,127] [0,43,45,49,51,80,96,111] [2,6,14,26,36,68,69,113] [3,20,26,53,58,69,86,103] [9,21,32,39,71,73,85,102] [13,31,33,44,79,91,106,121] [3,11,23,28,53,55,79,88] [2,6,16,17,40,50,58,120] [4,14,30,80,84,91,105,115] [9,45,53,82,90,97,103,124] [23,24,59,68,73,80,101,115] [4,18,20,46,81,100,104,120] [6,54,69,71,92,98,104,108] [20,22,27,32,45,84,104,114] [44,52,55,63,67,75,117,119] [32,34,71,74,86,104,117,124]
Token  60: [0,27,32,48,49,50,106,110] [44,46,72,91,99,116,122,126] [7,45,50,74,81,92,122,125] [3,26,71,76,86,94,99,106] [7,11,37,43,79,83,110,118] [31,47,51,93,97,105,111,119] [20,39,46,63,64,104,111,116] [19,33,44,60,82,94,100,106] [2,18,27,44,45,67,86,99] [5,48,57,59,68,80,102,111] [2,7,14,18,30,40,50,83] [8,13,47,53,58,67,69,115] [27,30,32,34,68,69,102,124] [12,29,63,66,79,91,106,113] [2,3,11,53,55,69,96,105] [3,23,27,38,40,75,102,120] [1,4,51,80,84,101,121,122] [2,35,45,53,66,77,90,103] [9,22,46,63,66,102,104,116] [33,36,44,82,88,94,100,106] [2,18,45,55,67,86,90,123] [43,57,59,68,80,97,102,111] [18,19,30,36,40,50,69,91] [20,58,69,79,86,92,115,126] [32,39,52,69,73,100,102,124] [12,33,44,66,79,83,91,106] [3,23,53,55,69,105,110,125] [2,6,38,40,58,61,82,120] [4,14,51,80,84,91,114,115] [2,53,66,80,82,99,103,124] [9,46,58,63,66,104,116,124] [24,33,44,56,82,88,94,106] [2,45,55,67,86,90,117,124] [0,57,59,62,68,69,80,102] [2,14,18,30,36,40,69,91] [20,21,28,33,58,69,86,96] [32,39,46,61,73,78,85,102] [12,33,40,66,91,106,107,119] [2,3,11,23,53,55,96,105] [2,6,17,40,50,58,89,120] [4,51,80,84,89,91,105,115] [2,35,66,77,78,90,103,124] [23,73,80,93,98,102,115,123] [20,36,41,46,81,87,100,104] [6,14,20,39,48,92,98,104] [20,22,45,70,80,84,104,114] [19,44,52,55,75,115,117,119] [36,47,86,88,104,120,123,124]
Token  61: [22,28,32,33,47,62,64,72] [19,24,45,48,71,90,116,122] [4,5,62,72,81,85,107,125] [3,19,24,76,100,101,119,120] [7,11,26,37,53,89,116,120] [18,24,31,52,74,78,103,122] [20,46,55,63,64,66,87,104] [31,32,33,44,82,94,100,106] [18,35,43,44,45,67,86,123] [0,7,68,76,80,96,102,111] [2,18,30,33,40,63,91,94] [5,18,21,43,48,53,60,68] [2,4,32,34,65,102,124,127] [12,45,49,52,61,91,106,120] [3,11,23,26,49,53,55,64] [0,2,3,38,40,77,89,120] [4,35,48,80,82,84,115,116] [1,12,54,77,84,92,99,103] [13,46,55,63,89,115,116,118] [26,36,44,56,82,94,100,106] [4,6,18,22,86,114,123,124] [0,2,5,33,47,68,80,102] [2,7,9,33,36,37,40,127] [1,9,25,30,50,68,92,94] [9,18,28,29,32,78,92,112] [12,49,52,63,89,91,120,127] [26,42,49,64,73,92,107,110] [0,2,6,25,46,61,77,120] [4,35,80,82,84,89,100,115] [54,58,68,75,82,92,100,122] [9,20,46,55,63,66,104,116] [9,33,44,60,82,94,100,106] [2,6,22,45,86,90,94,127] [0,33,40,47,68,80,82,102] [2,9,23,30,33,36,37,40] [5,14,21,25,33,68,73,111] [14,28,29,32,61,78,92,112] [12,52,61,89,91,106,120,127] [3,26,49,53,55,64,73,92] [0,25,27,40,58,63,77,120] [4,14,35,80,82,84,100,115] [9,49,54,78,92,99,103,124] [4,23,30,33,66,70,80,116] [16,18,20,41,88,99,100,104] [6,14,39,42,62,92,98,104] [26,45,48,51,54,88,114,116] [14,26,33,43,52,54,63,79] [0,17,23,39,42,53,80,119]
Token  62: [3,11,12,28,29,70,86,118] [24,54,78,91,105,115,116,122] [0,4,5,36,49,115,119,125] [3,11,70,76,101,109,119,120] [5,11,27,34,37,60,114,119] [0,18,35,48,87,110,119,122] [46,63,64,102,103,104,111,116] [7,32,33,44,82,94,100,106] [18,43,44,86,88,94,122,123] [17,35,40,41,68,79,80,102] [2,18,30,51,71,91,94,124] [16,53,68,73,75,81,92,111] [2,4,22,32,34,102,103,127] [12,52,62,63,89,91,106,112] [3,11,18,53,55,69,94,109] [2,6,31,32,38,40,77,89] [4,29,35,44,80,84,109,115] [63,65,75,77,81,84,103,108] [13,46,55,63,104,107,112,116] [33,59,82,88,94,100,106,123] [18,27,44,45,55,72,90,123] [0,35,41,47,68,79,80,102] [2,9,18,30,31,36,40,91] [3,9,20,25,53,68,73,78] [2,9,21,22,32,34,38,102] [12,33,63,73,78,91,109,123] [3,4,14,18,55,64,69,110] [2,25,40,46,77,87,120,126] [4,29,35,44,48,62,91,108] [13,63,65,80,81,84,108,122] [9,24,52,58,63,112,118,122] [18,24,33,48,59,75,94,100] [18,27,45,53,57,72,90,114] [0,2,41,47,96,99,102,111] [2,9,18,31,36,68,69,98] [3,9,25,42,52,68,73,103] [21,38,39,52,65,73,92,94] [33,41,52,62,78,91,109,110] [3,4,14,18,47,55,81,86] [2,17,25,40,46,77,107,125] [23,29,77,80,91,94,109,115] [49,54,63,64,65,77,82,84] [8,24,66,68,70,80,90,126] [46,47,74,75,80,99,121,125] [6,23,42,47,80,94,98,110] [5,22,26,45,76,83,87,114] [1,5,10,52,55,71,75,76] [15,21,31,44,74,98,114,127]
Token  63: [40,43,65,72,73,98,100,122] [18,38,70,94,100,106,122,127] [3,38,40,57,84,88,99,123] [6,31,67,71,76,87,89,94] [7,11,52,64,76,85,106,115] [37,59,61,64,66,73,97,125] [24,34,56,63,83,105,112,116] [18,24,33,49,59,100,109,112] [18,57,65,72,81,84,121,127] [0,9,49,55,84,110,122,125] [3,26,36,53,61,68,69,78] [24,49,54,59,61,93,103,125] [9,15,21,56,65,85,96,99] [6,15,28,33,58,78,91,110] [11,17,20,32,48,55,81,110] [2,10,16,31,41,52,85,101] [8,39,65,81,89,103,115,124] [18,19,33,42,55,78,99,105] [8,24,35,71,81,105,107,112] [18,24,49,59,100,109,112,123] [16,18,41,57,72,81,84,121] [0,2,9,49,98,110,122,125] [16,31,36,47,56,61,68,90] [3,7,24,30,61,93,103,107] [8,9,21,35,64,89,94,99] [15,19,38,58,60,78,81,110] [4,14,20,32,55,81,104,110] [2,8,16,28,52,70,120,127] [39,48,62,65,81,89,97,115] [1,18,21,33,42,55,105,108] [24,26,52,58,63,107,112,126] [18,24,59,75,106,109,112,123] [18,53,65,72,84,101,114,121] [0,2,16,49,50,96,122,125] [26,31,36,56,68,72,78,98] [3,5,32,54,56,93,103,125] [4,21,35,52,73,96,99,108] [15,26,28,31,58,78,91,110] [3,4,17,20,55,81,100,104] [2,16,49,52,59,70,101,127] [17,65,73,80,81,89,115,124] [1,21,42,48,55,69,82,105] [24,31,32,64,80,113,114,115] [31,37,46,77,78,88,104,120] [6,53,69,73,90,94,98,104] [22,27,32,82,87,94,101,114] [11,34,38,52,55,60,97,98] [20,57,73,74,77,86,105,109]
Token  64: [14,21,50,57,74,103,106,110] [3,6,9,28,62,95,109,122] [12,41,84,90,111,115,122,125] [4,23,39,71,87,95,115,117] [7,11,23,37,50,56,83,119] [18,31,47,51,68,103,105,110] [26,34,56,58,63,104,112,116] [5,33,36,44,82,94,100,106] [18,35,36,44,72,86,109,127] [0,32,65,68,80,96,102,122] [18,26,29,36,50,68,69,113] [3,53,54,59,63,67,69,109] [2,23,24,56,65,73,79,97] [23,26,33,78,91,98,118,122] [3,4,16,55,81,105,109,110] [2,16,17,31,40,59,72,103] [48,65,81,89,91,115,119,124] [1,2,18,55,78,82,90,99] [24,34,63,83,107,112,122,126] [24,56,59,62,75,100,106,112] [5,9,18,57,66,72,109,114] [0,2,9,49,65,98,122,125] [16,31,36,56,68,69,90,98] [3,7,26,32,54,56,59,103] [21,23,24,56,65,73,79,89] [26,33,61,66,78,91,110,118] [4,16,55,63,81,105,107,110] [2,8,16,59,70,72,103,120] [12,48,65,80,89,91,115,119] [2,18,55,66,78,82,83,99] [26,34,52,58,63,107,112,126] [24,33,56,59,60,75,106,109] [15,18,36,72,90,101,109,114] [0,32,49,65,80,84,96,98] [26,36,50,68,69,90,98,113] [3,20,53,54,59,63,103,109] [21,23,24,52,73,79,80,85] [33,66,82,91,98,106,110,118] [3,8,11,16,55,88,90,105] [6,16,17,40,61,72,103,120] [12,14,30,80,91,115,119,122] [2,9,35,66,78,82,90,103] [18,23,27,68,80,93,102,115] [6,29,36,46,87,100,104,120] [6,20,27,38,48,69,98,104] [22,27,32,45,58,70,80,114] [52,55,60,75,98,101,115,127] [36,47,66,86,88,120,123,124]
Token  65: [28,51,83,87,91,112,124,125] [9,16,28,29,45,48,68,122] [5,23,36,42,67,76,100,125] [3,12,70,73,92,101,112,114] [7,11,37,38,50,61,83,119] [10,63,74,87,89,93,103,119] [20,46,63,104,111,116,118,124] [2,19,33,44,82,94,100,106] [15,18,20,35,44,86,123,127] [0,32,35,65,66,68,80,102] [18,30,50,69,88,91,103,109] [8,22,42,48,53,60,69,89] [2,26,34,41,65,73,85,115] [13,29,76,82,91,98,106,110] [3,11,16,38,53,55,63,102] [2,16,17,31,40,50,72,75] [14,48,60,80,84,110,115,122] [1,46,77,82,90,94,99,103] [13,46,56,63,104,112,116,119] [2,33,44,75,82,94,100,106] [5,15,18,20,72,86,114,127] [0,2,32,47,65,80,111,122] [18,36,68,69,75,103,109,111] [3,8,20,30,48,56,59,63] [9,21,24,26,57,73,75,108] [13,33,41,61,78,91,110,118] [3,4,16,55,63,73,102,110] [2,11,16,40,50,51,72,120] [48,60,65,89,91,110,115,122] [4,18,46,55,64,68,94,122] [13,34,52,63,107,112,122,126] [2,33,56,59,60,75,82,106] [5,15,18,53,57,72,114,127] [0,32,47,49,50,65,80,111] [6,36,50,68,75,103,109,111] [3,8,22,30,42,59,64,103] [14,21,26,39,52,57,61,73] [13,33,41,76,82,91,106,110] [3,4,11,47,55,60,102,110] [2,16,17,31,40,60,61,120] [14,60,80,91,94,108,110,115] [15,36,46,64,78,94,103,122] [8,23,24,49,68,80,90,125] [12,19,49,80,100,104,121,125] [6,11,23,45,88,94,98,99] [5,17,22,26,46,76,112,114] [5,29,30,39,52,60,81,105] [15,35,71,74,86,95,111,127]
Token  66: [0,16,51,53,70,97,104,120] [20,24,34,62,76,86,107,122] [12,14,72,81,87,107,116,125] [12,13,23,25,32,76,105,117] [0,11,23,25,38,74,83,89] [31,35,47,68,80,97,107,119] [34,39,41,47,56,58,63,116] [24,33,60,82,87,94,100,106] [18,36,44,45,64,72,86,127] [0,2,32,65,80,84,94,102] [14,18,29,36,50,68,69,113] [3,28,30,48,67,69,89,93] [21,26,53,56,65,73,85,115] [26,33,44,75,78,82,91,110] [3,11,55,63,79,80,81,110] [2,16,17,31,38,40,50,60] [7,40,60,65,80,89,115,122] [1,15,18,52,53,55,99,122] [8,13,63,89,112,116,122,126] [18,24,45,56,59,75,87,100] [5,18,45,53,57,64,72,114] [0,2,49,50,65,94,98,122] [3,16,19,31,36,47,68,90] [3,30,32,54,63,65,103,107] [9,21,23,24,28,35,85,89] [0,13,60,73,78,91,110,118] [4,24,55,63,67,80,107,110] [2,8,11,16,26,38,75,120] [40,48,65,89,91,103,115,122] [13,18,52,53,68,94,99,123] [26,34,44,52,58,63,112,126] [24,33,45,51,59,60,87,100] [5,18,57,64,72,101,103,111] [0,2,49,62,69,81,94,96] [3,26,31,36,68,75,98,112] [3,21,33,37,54,64,103,107] [21,35,42,52,53,73,75,85] [10,13,33,44,75,82,91,103] [3,24,34,55,79,80,107,110] [2,16,17,40,48,60,95,120] [7,40,60,80,89,91,115,122] [15,52,53,78,80,103,106,117] [23,24,37,59,68,73,80,125] [43,44,49,81,96,100,104,120] [6,37,39,45,54,80,98,104] [22,45,46,63,80,104,112,114] [39,52,55,80,82,84,105,124] [27,32,34,35,52,71,90,95]
Token  67: [0,2,51,63,73,97,111,118] [32,53,76,86,107,116,122,126] [8,14,20,54,72,81,100,125] [1,25,30,38,71,76,87,105] [0,11,19,23,25,74,83,95] [31,34,80,82,89,97,114,122] [34,41,47,58,63,104,112,116] [24,33,82,87,92,94,95,100] [18,36,44,55,64,72,86,127] [0,2,65,69,80,94,98,102] [18,26,36,50,68,69,78,113] [3,48,54,69,86,93,115,120] [21,53,73,79,85,92,107,118] [29,44,75,78,82,83,91,102] [3,10,11,55,63,79,80,110] [2,8,16,23,31,38,60,95] [7,40,42,48,65,89,115,122] [1,15,18,53,55,58,68,99] [13,34,52,63,107,112,122,126] [24,45,56,59,87,95,100,123] [5,18,35,36,53,64,72,114] [0,2,33,49,50,65,94,98] [16,19,31,36,47,68,75,113] [3,8,30,54,63,65,103,124] [9,21,23,35,53,89,92,118] [0,60,73,77,78,91,110,118] [4,55,63,73,74,81,107,110] [2,8,11,16,38,75,87,120] [7,48,65,89,91,97,115,122] [18,49,58,68,99,120,122,124] [26,34,52,58,63,112,116,126] [9,24,33,51,59,60,95,123] [5,18,36,41,64,72,101,114] [0,2,49,69,81,94,96,98] [3,26,30,31,36,68,75,112] [3,8,21,30,37,54,65,103] [21,35,52,53,73,85,92,118] [10,44,71,73,75,89,91,102] [3,34,55,72,79,80,107,110] [2,16,17,40,48,87,95,120] [7,14,40,80,89,91,115,122] [15,52,53,80,85,90,103,124] [23,24,37,59,68,73,74,125] [8,43,49,56,81,100,104,120] [6,8,37,45,47,54,80,98] [22,35,45,46,84,104,112,114] [39,52,55,82,84,104,105,124] [27,32,35,52,71,90,95,108]
Token  68: [3,28,29,62,77,80,111,126] [11,45,72,76,78,86,113,122] [36,42,72,108,115,119,121,125] [1,11,20,25,76,101,105,119] [0,11,39,40,74,83,97,119] [8,30,31,55,80,97,103,122] [22,46,58,63,64,104,112,116] [9,33,44,82,87,94,100,106] [18,27,44,45,55,67,72,86] [0,17,44,68,69,80,94,102] [1,14,18,36,50,69,91,120] [3,21,22,60,68,69,86,115] [25,30,53,65,73,79,85,102] [24,44,75,78,91,95,106,110] [3,9,10,11,29,55,62,69] [2,16,17,31,40,50,75,120] [29,48,80,84,111,115,122,123] [1,9,53,77,84,90,103,113] [22,46,52,63,64,89,115,116] [33,36,44,82,87,94,100,106] [18,27,35,44,45,55,86,90] [0,5,66,68,80,94,102,111] [18,19,36,50,69,91,113,120] [3,20,46,48,68,69,86,115] [30,53,73,79,85,102,107,118] [24,33,44,49,83,91,106,118] [3,4,9,29,62,69,109,110] [2,16,17,40,59,84,98,120] [29,48,89,91,111,114,122,123] [29,53,77,84,93,120,123,124] [9,22,34,46,58,63,115,116] [33,36,44,56,87,88,94,100] [5,18,27,45,55,86,90,127] [0,44,63,66,68,80,94,102] [18,36,37,50,75,77,91,120] [21,28,31,37,52,68,120,121] [20,28,34,53,61,73,85,102] [24,29,44,49,89,91,92,106] [3,11,29,55,62,69,72,110] [2,16,17,40,46,48,84,120] [14,23,80,91,111,115,122,127] [53,77,81,82,84,100,103,124] [14,20,23,24,28,68,71,80] [2,11,18,46,75,96,100,121] [6,11,13,80,94,104,108,110] [4,5,45,47,83,87,114,117] [5,10,43,45,52,96,97,125] [31,44,54,71,74,90,110,127]
Token  69: [31,53,61,66,69,81,93,101] [25,45,46,83,91,98,115,122] [5,68,72,103,116,117,123,125] [1,3,5,20,25,101,106,119] [11,39,43,63,83,91,102,111] [30,31,55,80,97,111,119,123] [39,46,63,64,104,112,115,116] [9,33,44,72,82,94,100,106] [18,27,28,45,67,72,86,99] [0,2,51,68,69,80,102,105] [1,14,18,36,50,83,91,113] [13,14,15,22,58,69,110,115] [27,30,34,69,73,79,85,102] [13,44,55,68,83,91,106,121] [3,11,19,28,29,55,69,101] [2,3,6,34,40,50,100,120] [14,20,48,80,84,121,122,127] [1,14,45,61,77,90,97,124] [22,34,46,63,89,96,112,116] [9,33,44,72,82,94,100,123] [18,27,35,45,72,86,99,114] [0,17,48,68,80,98,102,105] [2,6,18,19,36,50,69,113] [1,3,13,20,30,48,58,115] [9,21,30,34,39,52,69,73] [13,33,77,78,85,91,110,118] [4,19,29,55,63,81,110,125] [2,15,26,34,50,79,100,120] [20,48,91,97,98,103,121,122] [14,51,61,78,80,82,99,124] [13,34,44,58,63,101,107,112] [24,33,36,44,56,59,72,100] [5,18,45,53,57,72,99,114] [0,17,66,68,69,80,96,105] [3,14,26,36,68,69,75,91] [3,13,21,28,31,37,52,58] [21,27,35,46,69,73,75,85] [33,73,78,79,91,106,110,122] [3,28,29,38,55,63,84,101] [2,16,17,34,40,49,89,100] [20,30,84,91,105,115,121,127] [14,45,51,61,77,82,97,124] [23,58,65,68,75,80,101,115] [4,20,37,46,65,75,100,104] [6,54,64,69,71,98,104,108] [2,22,27,45,54,87,114,127] [5,52,55,63,67,117,119,125] [32,34,55,58,74,86,117,124]
Token  70: [4,14,51,57,101,106,110,118] [25,37,44,48,57,60,91,122] [16,36,42,68,81,90,107,125] [3,5,20,21,26,37,56,106] [7,11,37,43,63,83,102,114] [35,51,55,93,97,99,105,119] [14,22,39,46,63,89,104,116] [33,44,63,72,82,94,100,106] [27,28,40,50,83,86,99,123] [0,7,17,32,66,68,80,105] [14,18,19,21,50,69,91,94] [13,48,53,69,90,94,100,109] [2,4,30,34,39,65,68,69] [40,55,66,83,91,106,112,113] [3,11,15,16,53,55,69,105] [3,15,17,32,34,40,100,125] [12,14,30,80,84,101,119,127] [1,2,61,62,77,82,90,124] [3,22,46,58,63,89,102,116] [9,24,33,44,82,88,94,100] [18,35,45,72,86,90,99,124] [0,5,17,66,68,80,102,105] [14,16,18,19,36,50,91,94] [3,13,20,52,58,90,94,109] [21,27,30,39,69,73,78,125] [29,31,33,78,83,91,106,118] [16,29,38,55,63,105,109,125] [2,15,26,34,40,50,79,100] [12,50,80,84,91,93,100,119] [13,51,61,72,78,82,99,124] [9,34,44,47,58,63,66,104] [24,33,44,56,59,63,72,88] [3,21,45,74,90,99,119,124] [32,33,68,69,80,81,91,105] [5,9,28,75,77,92,114,118] [28,52,53,75,77,84,109,120] [4,28,47,69,78,92,111,125] [13,35,66,91,106,119,124,125] [15,16,29,38,53,55,72,105] [5,16,34,40,58,63,89,100] [12,84,91,93,98,105,115,119] [2,61,66,77,82,90,100,124] [23,27,30,68,80,92,102,115] [20,29,36,46,65,89,100,104] [6,48,56,69,92,98,104,108] [20,22,27,30,35,40,45,114] [14,52,55,63,75,104,115,119] [36,47,71,86,112,120,123,124]
Token  71: [28,33,47,64,75,82,91,95] [28,47,48,62,93,105,109,122] [4,5,46,56,60,72,78,83] [14,20,24,70,72,73,103,106] [5,7,11,43,46,57,60,119] [0,8,35,63,74,87,93,115] [46,63,66,102,103,104,111,116] [19,33,44,82,88,94,100,106] [10,18,40,45,86,90,94,123] [0,7,17,32,35,38,68,80] [18,21,36,82,85,91,94,124] [18,31,48,53,62,90,94,100] [2,4,14,27,34,39,73,127] [18,40,83,85,91,106,112,127] [3,15,16,38,53,55,60,102] [32,40,54,89,100,120,125,126] [14,80,84,93,94,100,106,115] [1,7,26,36,70,77,82,90] [22,46,63,87,102,103,104,116] [24,33,44,82,88,94,100,106] [10,18,35,45,86,90,94,123] [7,17,47,66,68,80,102,111] [18,21,23,36,82,85,91,124] [15,18,22,48,60,94,99,100] [2,14,27,34,36,46,73,127] [18,83,85,91,106,112,117,127] [3,15,16,38,69,73,97,125] [2,6,15,26,40,100,120,125] [80,84,91,93,98,100,103,122] [26,72,77,82,93,100,122,124] [9,34,36,46,52,63,87,103] [19,24,33,44,59,82,94,100] [10,13,35,45,72,86,90,94] [0,7,41,47,63,68,80,102] [18,22,29,36,40,82,91,94] [21,22,25,31,92,94,99,100] [4,14,61,78,80,85,92,127] [13,20,27,89,91,92,106,112] [3,15,24,53,55,83,87,108] [2,15,16,26,58,89,100,125] [80,84,91,93,94,98,100,115] [26,34,77,81,82,92,100,124] [23,25,57,58,80,86,106,117] [10,20,46,66,80,82,100,122] [6,11,57,64,92,94,98,108] [26,27,30,45,50,71,76,114] [3,14,27,32,51,52,74,77] [15,21,26,53,57,58,82,124]
Token  72: [11,72,85,98,100,114,119,122] [14,38,62,63,103,106,119,122] [2,5,16,40,60,78,111,127] [3,20,28,68,73,84,103,106] [11,30,37,52,57,63,64,92] [8,17,25,59,64,73,74,103] [34,53,63,70,71,76,89,107] [18,24,33,59,82,100,106,109] [38,45,57,65,72,86,90,127] [0,2,17,19,49,80,96,111] [3,16,26,57,68,69,78,105] [3,24,28,30,54,59,60,125] [2,9,56,65,85,105,115,127] [0,23,28,42,58,78,104,106] [3,57,67,81,100,107,110,115] [8,16,17,40,49,70,101,120] [14,39,65,80,81,103,105,115] [18,21,33,42,55,77,78,83] [8,24,34,44,63,89,104,116] [9,24,33,36,82,94,100,109] [32,38,65,72,86,116,124,127] [0,10,49,76,80,96,111,122] [13,26,68,69,78,86,94,98] [7,21,28,64,65,67,96,125] [2,9,26,46,56,61,65,74] [42,77,82,91,99,104,112,125] [3,7,8,57,69,107,110,115] [6,16,17,40,61,75,99,120] [14,48,50,80,89,114,115,127] [72,77,82,88,90,93,103,117] [63,64,83,89,104,110,116,123] [33,44,82,86,94,95,100,106] [9,15,35,44,45,86,90,95] [10,24,62,80,102,111,123,127] [7,13,18,33,39,86,103,108] [4,29,79,85,99,111,114,122] [2,32,39,42,61,74,108,114] [10,20,29,76,82,91,104,106] [3,7,53,57,86,95,109,125] [11,32,40,72,75,99,117,120] [14,32,42,48,50,80,107,113] [13,34,59,82,88,93,100,105] [10,17,25,30,56,70,96,111] [11,30,35,69,72,99,101,106] [5,6,12,25,30,34,102,108] [29,41,73,90,110,114,116,117] [16,27,43,46,49,93,100,125] [3,7,53,76,87,102,104,110]
Token  73: [7,27,30,32,58,88,109,121] [1,14,62,65,71,104,105,122] [5,31,49,60,78,111,112,127] [3,18,20,23,24,28,60,103] [5,7,11,30,46,57,60,101] [0,8,35,46,63,87,93,112] [46,63,66,102,103,104,111,116] [19,33,44,63,82,88,94,100] [18,40,43,45,83,86,90,94] [7,17,32,41,68,80,102,125] [18,21,36,50,63,82,91,124] [48,53,60,73,94,99,100,122] [2,4,18,27,36,85,94,127] [8,18,62,63,85,91,106,112] [3,15,16,38,53,55,69,121] [17,32,40,54,89,100,125,126] [0,44,80,84,93,106,108,115] [26,34,36,62,70,77,82,90] [14,22,46,63,102,103,104,116] [33,44,63,78,82,94,100,106] [18,40,45,50,72,83,86,90] [7,17,35,41,47,68,80,102] [15,18,36,82,85,91,103,127] [9,22,28,53,60,94,99,100] [4,34,36,38,46,57,85,94] [57,63,78,91,99,106,109,112] [3,14,15,18,55,69,94,110] [2,11,15,26,63,100,125,126] [48,80,91,93,98,100,115,122] [26,34,37,77,82,93,100,122] [9,34,52,58,103,112,116,118] [2,33,44,48,60,94,100,106] [5,15,18,27,45,50,83,90] [0,7,17,41,47,63,68,102] [18,23,33,36,75,82,91,103] [21,22,28,42,53,94,99,100] [4,14,34,54,73,78,85,92] [8,31,57,91,92,106,112,125] [3,15,53,55,69,83,94,110] [2,17,32,58,80,107,125,126] [14,29,80,91,93,115,122,127] [26,34,36,50,63,65,77,82] [23,24,58,68,69,80,106,115] [20,46,47,58,82,100,121,122] [3,6,11,39,92,98,108,110] [2,5,27,45,47,83,87,114] [10,19,32,45,52,55,104,119] [4,15,21,31,44,82,107,127]
Token  74: [31,32,46,52,69,93,107,120] [2,45,53,60,63,83,105,122] [64,68,72,92,116,117,123,125] [1,3,20,23,89,93,95,106] [2,11,30,37,79,83,102,111] [20,31,35,55,97,111,119,125] [14,43,46,63,104,112,115,116] [5,33,44,72,82,94,100,106] [18,27,28,44,45,72,86,99] [0,17,43,68,76,80,102,105] [14,18,26,36,50,69,91,113] [3,13,48,58,69,86,93,115] [2,4,21,39,47,69,73,85] [18,33,44,63,91,95,106,121] [3,10,11,28,55,63,69,125] [2,31,32,34,38,40,45,100] [42,48,84,106,114,115,121,127] [1,5,30,77,82,99,122,124] [13,34,58,63,89,112,116,122] [24,45,56,59,72,75,100,123] [5,18,27,45,53,57,72,114] [0,2,17,47,50,105,106,111] [2,19,31,36,47,68,75,127] [3,30,54,58,63,93,103,117] [9,21,35,47,69,75,85,89] [0,60,73,77,78,91,95,110] [4,14,55,63,76,81,107,110] [2,11,26,38,63,75,87,120] [48,65,89,91,97,101,103,113] [14,18,30,77,80,99,123,124] [13,26,44,52,58,63,101,126] [24,33,45,48,59,72,106,123] [5,18,27,45,57,72,101,114] [0,2,43,49,69,81,96,105] [3,26,31,36,68,75,80,112] [1,3,13,33,37,54,58,103] [4,21,35,52,69,77,85,92] [33,47,71,73,78,79,91,110] [15,55,72,81,84,101,107,110] [2,16,17,26,34,83,100,120] [1,80,89,91,114,115,122,127] [1,30,45,73,77,80,82,124] [23,30,43,68,80,115,117,119] [5,7,37,46,58,96,100,115] [3,6,29,52,54,69,71,104] [2,20,45,54,71,93,114,127] [52,55,63,67,68,76,77,125] [34,55,58,71,83,87,112,117]
Token  75: [11,16,72,85,100,101,114,119] [21,60,63,72,75,106,119,122] [16,45,65,78,101,107,111,127] [19,20,25,68,81,93,103,106] [7,11,46,52,57,63,70,102] [18,55,59,64,71,97,103,112] [34,46,56,58,63,104,115,116] [9,31,33,44,82,94,100,106] [38,44,45,67,72,86,90,127] [0,2,9,17,68,80,102,111] [18,36,50,68,69,78,91,105] [3,20,24,28,46,54,60,93] [2,4,9,15,56,65,73,115] [28,33,66,82,83,91,104,106] [3,10,11,55,68,69,110,125] [2,6,8,16,17,23,40,45] [14,48,65,80,84,114,115,127] [1,17,18,19,75,77,90,103] [34,46,52,56,63,64,105,116] [33,44,49,82,94,100,106,112] [44,65,72,84,86,121,122,127] [9,62,68,80,98,102,110,125] [18,39,52,56,61,69,90,105] [1,23,24,46,49,54,61,122] [15,34,47,61,79,80,96,99] [15,28,36,58,104,106,110,118] [3,14,48,53,57,69,86,107] [6,16,26,40,48,61,75,122] [39,62,73,80,82,93,114,115] [1,72,75,77,82,93,100,103] [9,56,63,64,83,88,104,105] [33,44,49,82,94,100,106,112] [9,35,44,65,84,86,121,123] [9,33,68,79,80,102,110,125] [18,30,33,37,45,70,82,109] [4,23,53,68,78,92,99,125] [9,14,22,32,34,61,80,108] [20,27,36,59,82,91,92,104] [3,7,22,29,53,102,109,125] [11,17,33,40,72,75,102,120] [1,42,48,50,80,84,107,113] [34,59,72,77,88,89,93,105] [17,25,33,56,66,70,80,111] [18,30,46,72,74,80,82,99] [5,6,9,39,42,103,126,127] [29,41,51,73,77,88,110,114] [16,27,46,76,100,106,122,125] [3,46,58,76,84,87,102,112]
Token  76: [7,58,72,76,88,109,117,121] [1,24,27,28,60,65,97,122] [12,16,40,60,81,95,107,127] [20,68,71,75,84,103,106,115] [11,30,37,52,53,57,70,81] [9,17,25,37,59,64,73,103] [24,27,34,53,63,71,76,107] [9,18,24,59,100,106,109,112] [38,45,57,65,72,86,90,127] [0,2,19,49,80,96,122,125] [16,26,56,68,69,78,105,116] [3,24,28,54,59,60,103,125] [2,9,15,56,65,85,99,105] [15,19,23,26,28,42,58,78] [4,17,67,81,100,107,110,115] [8,16,41,49,59,70,101,120] [0,1,39,65,89,103,105,115] [18,21,33,42,55,77,83,105] [24,34,44,63,71,104,105,116] [9,24,49,59,100,106,109,112] [38,45,65,72,101,116,121,124] [0,10,19,49,96,110,122,125] [26,56,58,68,69,78,94,98] [3,7,21,23,28,65,124,125] [9,15,28,56,65,85,96,99] [0,15,26,58,78,99,103,104] [4,49,81,86,103,107,110,115] [11,16,44,49,59,70,75,120] [48,65,80,82,83,89,105,115] [1,18,21,55,72,83,93,120] [24,26,27,34,63,75,83,89] [9,18,33,51,60,100,106,109] [9,15,29,38,46,72,101,103] [0,10,49,65,79,96,104,114] [7,26,30,45,98,109,112,116] [4,21,29,37,64,65,94,121] [4,14,17,28,42,51,74,108] [20,27,29,77,92,104,112,124] [49,59,74,89,107,109,110,125] [11,32,33,48,75,83,84,120] [35,42,48,50,80,98,107,113] [13,34,59,72,82,88,93,105] [4,17,25,56,66,77,109,111] [7,30,72,74,80,83,91,99] [5,12,26,29,34,103,119,127] [3,29,41,64,65,73,107,110] [15,16,43,46,94,100,106,120] [4,17,53,72,94,102,107,118]
Token  77: [35,52,57,76,109,117,123,127] [24,25,27,60,63,89,109,122] [12,29,48,64,65,92,101,104] [20,25,56,67,93,106,114,117] [11,43,57,63,83,102,119,127] [20,35,55,71,97,99,103,112] [39,43,63,96,104,112,115,116] [33,36,44,82,84,92,94,100] [18,32,44,45,55,72,83,86] [8,17,34,62,68,80,102,105] [1,7,12,18,22,36,63,69] [36,45,53,54,90,94,102,110] [4,18,27,36,54,73,92,111] [13,18,43,85,91,97,106,117] [3,11,55,63,67,68,69,125] [2,17,21,34,40,45,84,125] [0,48,84,90,106,114,115,122] [1,7,30,75,77,90,122,124] [26,46,58,63,104,112,115,116] [33,36,44,82,88,94,100,123] [18,32,35,45,55,72,86,114] [0,14,17,43,62,68,80,85] [2,7,18,19,36,50,63,68] [4,58,65,72,78,94,103,117] [4,9,20,36,37,54,69,92] [31,43,47,52,85,91,99,117] [63,67,69,72,83,110,113,125] [11,21,59,63,75,84,88,100] [0,10,53,90,91,97,100,122] [13,30,50,77,89,99,120,124] [3,9,34,39,52,58,96,115] [31,33,36,56,72,100,123,125] [2,18,32,45,48,72,90,118] [0,8,14,17,43,44,63,96] [36,40,42,63,75,84,92,102] [21,31,45,53,65,94,102,108] [4,11,18,36,54,78,85,92] [27,31,43,85,89,91,106,125] [2,15,67,68,69,98,109,110] [11,16,17,26,48,50,63,102] [0,34,46,90,100,106,115,122] [7,13,50,57,77,80,89,124] [4,30,43,58,87,99,108,117] [11,53,58,66,82,91,98,115] [7,25,29,30,46,52,58,102] [18,41,50,64,71,91,99,113] [16,27,35,74,76,94,100,113] [3,48,53,76,87,102,107,119]
Token  78: [24,47,52,76,88,117,123,127] [25,27,44,52,60,63,109,122] [5,12,29,60,64,81,104,127] [3,19,20,25,73,74,86,100] [7,11,37,46,51,53,57,70] [18,55,74,93,103,110,112,119] [20,22,46,63,87,104,111,116] [19,32,33,44,82,94,100,106] [35,45,67,86,87,90,108,123] [0,7,17,68,76,80,102,111] [7,18,25,27,63,69,91,94] [18,21,48,53,60,90,99,100] [2,4,8,14,34,65,115,127] [8,40,91,92,104,106,112,117] [3,15,23,53,57,69,71,115] [6,17,32,40,75,89,120,125] [0,14,50,80,84,93,115,127] [1,9,18,77,82,102,103,112] [22,46,63,64,87,89,104,116] [5,33,36,44,82,94,100,106] [44,45,61,86,95,104,122,123] [24,66,68,69,76,80,102,111] [18,69,78,83,85,94,98,103] [21,28,29,46,67,85,100,115] [2,26,34,43,58,61,74,124] [2,40,82,104,106,112,115,124] [3,7,14,23,29,57,111,115] [6,11,16,17,32,40,69,75] [14,48,50,62,80,114,115,127] [9,72,77,82,93,103,107,117] [42,56,63,83,85,104,110,116] [33,43,48,82,86,94,95,100] [9,15,35,44,86,90,106,122] [24,76,80,102,104,111,113,127] [7,13,18,33,39,103,108,119] [4,19,29,78,85,111,114,121] [14,32,39,42,61,63,74,108] [20,25,29,68,76,82,106,124] [3,16,23,29,53,95,109,125] [11,17,32,33,40,75,117,120] [1,14,32,42,50,80,107,113] [13,34,50,59,80,88,93,105] [8,17,25,50,56,70,96,111] [68,69,72,74,80,82,98,101] [5,9,11,12,34,104,107,108] [29,39,41,64,73,77,99,121] [16,27,32,46,76,93,94,100] [3,4,53,72,87,102,107,118]
Token  79: [24,27,76,88,109,117,121,127] [13,25,27,52,60,63,97,122] [5,12,29,60,64,65,101,104] [19,20,25,60,74,87,93,101] [7,11,16,26,46,57,60,65] [9,43,55,71,97,110,112,122] [17,39,63,97,102,104,115,116] [32,33,36,44,82,94,100,106] [18,30,32,40,45,86,87,108] [7,8,17,68,76,80,100,102] [4,18,27,31,36,63,69,94] [17,45,48,53,54,56,94,100] [2,4,7,27,35,36,73,94] [8,31,43,47,63,91,106,112] [2,3,11,14,15,55,68,69] [2,16,31,32,40,54,84,125] [0,48,80,84,90,108,114,115] [1,11,50,57,63,77,90,99] [17,22,39,46,63,112,115,116] [33,36,44,56,82,94,100,123] [18,30,32,35,45,55,72,86] [0,17,41,47,62,100,102,111] [2,4,18,27,31,36,68,127] [28,45,53,56,94,95,100,103] [4,7,9,35,36,64,85,94] [8,31,63,73,78,91,106,112] [3,14,18,68,69,107,109,110] [2,11,16,17,87,107,120,126] [10,14,62,65,91,97,114,115] [11,14,63,65,72,77,93,122] [9,17,34,52,58,115,118,126] [33,48,51,60,94,100,103,123] [5,15,18,27,30,35,44,90] [17,41,47,49,62,96,100,104] [4,18,23,33,36,45,82,127] [22,31,33,45,53,95,100,114] [4,7,14,34,35,61,92,94] [8,31,43,63,89,91,95,112] [2,3,14,15,68,72,81,110] [2,16,17,32,40,107,120,125] [0,14,54,80,89,91,115,122] [11,50,57,63,65,73,77,124] [20,23,24,30,68,69,87,115] [11,46,47,53,94,100,111,121] [3,6,11,29,80,94,104,110] [2,4,5,45,47,83,86,87] [1,10,17,32,45,97,104,123] [4,14,29,31,44,82,107,127]
Token  80: [21,32,52,63,71,93,107,120] [19,26,53,63,83,106,116,122] [87,88,103,111,116,117,122,125] [11,20,26,86,87,93,106,117] [7,11,43,79,83,91,100,118] [2,31,49,97,100,111,122,125] [22,23,34,39,63,64,104,116] [33,44,82,84,94,95,100,106] [18,27,44,45,72,86,99,127] [0,2,17,43,68,80,102,111] [14,18,36,50,68,69,73,78] [3,5,26,48,53,58,86,93] [8,9,21,25,65,69,73,92] [29,31,33,63,78,79,91,121] [3,11,28,55,63,101,110,125] [2,16,31,38,40,75,112,120] [4,42,48,89,97,103,105,115] [18,45,53,55,72,99,122,124] [13,34,44,58,63,112,116,122] [18,24,45,59,62,72,75,123] [5,18,41,45,53,57,72,114] [0,2,43,47,49,50,111,122] [7,14,16,31,36,47,68,127] [3,30,54,58,63,93,103,107] [8,9,21,35,69,75,89,92] [0,60,73,78,81,91,95,110] [4,14,55,63,81,89,107,110] [2,11,28,41,63,75,87,120] [4,27,65,76,89,97,100,103] [13,18,53,96,99,120,123,124] [13,26,44,52,58,63,86,126] [33,45,59,60,95,103,106,123] [5,18,41,45,57,72,101,111] [0,2,43,49,80,81,85,96] [3,26,30,31,36,68,75,112] [3,13,37,53,54,58,103,121] [21,32,35,46,52,73,85,92] [10,25,33,73,79,91,95,110] [12,53,55,63,79,81,107,110] [2,8,13,16,17,89,112,120] [4,48,65,80,89,91,105,115] [45,53,69,80,82,90,103,124] [14,30,59,68,71,73,80,115] [4,11,18,41,46,96,100,104] [6,52,54,64,71,98,104,108] [2,20,45,87,94,104,114,127] [44,52,54,63,67,97,119,125] [32,34,39,46,71,83,104,117]
Token  81: [0,27,48,49,50,70,106,110] [44,46,72,91,99,116,122,126] [7,45,74,81,92,111,122,125] [3,26,71,76,94,99,106,114] [7,11,37,43,79,83,110,118] [31,51,84,93,97,105,111,119] [20,39,46,63,64,104,111,116] [9,19,33,44,82,94,100,106] [2,18,27,45,67,86,90,99] [5,48,57,59,68,80,102,111] [2,14,18,30,36,40,50,69] [8,47,52,53,58,60,108,115] [25,32,39,65,68,69,73,124] [12,18,33,63,66,79,91,106] [2,3,11,53,55,69,105,109] [2,3,17,38,40,75,120,125] [1,4,48,51,80,84,115,122] [39,75,77,80,82,90,103,124] [22,46,63,87,89,104,115,116] [33,36,44,82,88,94,100,106] [21,45,55,67,86,90,123,124] [5,57,68,69,79,80,102,111] [2,18,30,36,54,69,91,94] [52,53,58,60,65,67,92,99] [2,9,28,47,78,92,102,111] [12,13,91,99,104,106,112,119] [2,3,23,53,69,86,105,107] [6,11,40,58,61,75,102,120] [4,14,48,80,84,93,113,127] [22,66,72,82,90,93,103,124] [9,46,52,63,89,104,116,124] [9,33,36,44,82,94,100,106] [9,37,43,44,45,67,86,90] [23,57,68,76,80,102,104,111] [2,7,18,30,33,37,45,119] [4,29,78,85,96,111,121,126] [14,32,39,74,92,95,102,108] [12,13,20,87,89,104,106,112] [3,23,53,57,105,109,121,125] [11,17,32,50,63,75,88,120] [1,4,42,48,51,80,100,107] [34,39,78,80,103,105,124,126] [14,30,47,76,98,102,114,115] [6,11,41,46,55,94,100,101] [5,6,48,64,70,98,104,108] [2,12,20,40,45,104,114,121] [19,26,44,49,52,66,119,125] [7,36,39,71,97,104,110,120]
Token  82: [22,28,32,33,47,62,64,72] [19,24,45,48,71,90,116,122] [4,5,62,72,81,85,107,125] [3,19,24,76,100,101,119,120] [7,11,26,37,53,116,119,120] [18,24,31,52,74,103,119,122] [20,46,55,63,66,87,104,112] [31,32,33,44,82,94,100,106] [18,38,43,44,45,67,86,123] [0,7,68,76,80,96,102,111] [2,18,30,43,63,69,91,94] [3,5,18,21,48,53,60,68] [2,4,8,32,34,65,73,127] [12,18,49,52,89,91,103,106] [3,11,26,42,53,64,71,92] [0,2,11,38,40,61,77,89] [4,35,48,50,80,82,100,115] [1,18,54,77,84,92,99,103] [13,46,55,87,89,115,116,118] [26,36,44,56,60,94,100,106] [2,4,6,18,22,53,55,127] [0,2,33,47,68,82,102,117] [2,9,23,31,36,37,40,127] [4,5,14,25,30,48,99,103] [9,18,32,57,78,85,92,108] [12,49,52,61,73,78,91,99] [26,27,72,89,92,107,109,110] [0,2,11,19,25,27,61,120] [4,35,46,82,89,91,100,122] [37,68,72,82,93,99,122,123] [20,34,46,55,63,64,74,116] [9,33,44,60,82,94,100,106] [6,9,22,45,55,86,94,127] [33,40,68,80,102,104,106,117] [2,7,9,18,30,33,37,45] [4,22,25,29,68,92,111,114] [9,14,17,32,42,85,92,102] [12,20,27,52,61,89,91,124] [3,7,26,49,53,92,110,125] [0,11,25,46,75,77,84,120] [35,42,48,80,82,100,107,115] [49,54,78,80,92,99,103,124] [4,30,33,66,70,80,89,116] [2,16,18,41,88,99,100,111] [5,6,25,27,39,42,62,104] [45,48,51,54,88,89,114,116] [26,33,43,52,54,63,76,104] [17,23,39,42,53,71,80,119]
Token  83: [3,11,12,28,29,70,86,118] [24,54,78,91,105,115,116,122] [4,5,36,49,62,115,119,125] [3,11,70,76,101,109,119,120] [5,11,27,34,37,60,114,119] [0,18,31,35,48,87,119,122] [46,63,64,103,104,111,116,118] [7,32,33,44,82,94,100,106] [18,43,44,45,86,90,94,123] [17,35,40,41,68,79,80,102] [2,18,30,40,71,91,94,124] [48,53,68,73,75,81,92,111] [2,4,32,34,73,102,103,127] [12,18,62,63,91,103,106,112] [3,11,18,55,69,81,94,109] [2,16,17,31,32,38,40,120] [4,35,44,80,84,109,114,115] [18,63,65,75,77,84,103,108] [13,46,55,63,104,107,112,116] [33,44,59,82,94,100,106,123] [18,27,44,45,55,72,90,123] [0,2,41,47,68,79,80,102] [2,18,23,31,36,68,94,127] [3,25,30,33,73,81,99,103] [4,9,21,34,35,38,75,94] [0,33,73,78,91,103,109,110] [4,14,18,55,63,81,107,110] [2,11,16,28,87,102,120,126] [48,62,65,89,97,103,113,115] [18,55,65,75,89,108,122,123] [24,26,52,58,63,112,122,126] [24,33,48,59,75,100,106,123] [5,18,35,53,57,72,101,114] [0,2,16,49,50,90,96,99] [18,26,27,31,36,68,75,112] [1,3,7,37,53,54,93,103] [1,21,35,38,52,94,97,108] [47,63,73,78,91,95,109,110] [3,4,12,14,55,81,107,110] [2,8,16,17,31,51,59,107] [48,54,65,80,89,91,115,122] [11,18,63,65,78,82,85,111] [20,24,68,69,75,80,113,126] [46,47,75,84,99,104,121,122] [6,12,16,67,80,94,102,110] [2,5,26,45,82,86,87,95] [1,5,37,45,71,76,97,123] [14,15,23,44,74,82,92,127]
Token  84: [40,43,65,72,73,98,100,122] [18,38,70,94,100,106,122,127] [3,38,40,82,84,88,99,111] [6,31,67,71,76,87,94,117] [7,11,52,64,76,85,106,115] [37,59,61,64,66,73,97,125] [24,34,35,63,83,105,107,112] [18,24,49,59,88,100,109,112] [9,18,57,65,72,84,121,127] [0,2,9,49,85,110,122,125] [3,26,31,36,61,68,78,90] [3,24,54,61,63,93,103,125] [9,21,35,56,65,73,75,99] [15,26,33,58,78,80,91,110] [17,20,32,55,81,100,104,110] [2,8,31,41,52,85,101,120] [8,39,65,76,81,89,97,115] [11,18,19,33,42,58,99,105] [24,35,70,81,105,107,112,126] [18,24,49,59,62,109,112,123] [16,18,41,57,72,81,84,121] [0,9,49,50,98,110,122,125] [31,36,45,47,56,61,68,90] [3,24,30,54,61,93,103,107] [21,35,64,82,85,89,94,99] [0,15,19,47,58,60,81,110] [1,4,14,32,55,81,104,107] [2,8,16,28,37,41,52,120] [17,48,62,65,81,89,101,115] [11,18,21,42,55,108,118,123] [8,24,26,52,58,63,81,126] [18,24,59,75,106,109,112,123] [18,46,57,65,72,101,111,121] [0,2,13,16,49,50,85,125] [26,27,31,36,56,68,78,112] [3,23,37,53,54,95,103,125] [4,21,35,52,85,94,96,97] [15,26,28,33,47,58,110,118] [4,17,32,55,81,100,104,107] [2,16,40,49,59,70,85,101] [48,54,65,80,81,89,115,124] [1,18,21,42,48,55,82,105] [24,31,32,52,64,80,113,115] [11,31,37,46,77,78,88,104] [6,8,53,73,90,94,98,102] [22,27,32,82,87,94,101,114] [5,11,34,38,52,55,97,98] [20,44,73,74,77,86,105,109]
Token  85: [14,21,50,51,57,74,103,106] [3,6,9,28,62,95,109,122] [12,41,84,90,100,111,122,125] [4,23,39,67,71,87,95,117] [7,11,23,37,50,56,83,119] [18,31,47,51,68,73,105,110] [26,34,56,58,63,112,116,126] [24,33,44,59,82,94,100,106] [18,36,38,45,72,86,109,127] [0,2,32,63,65,80,98,122] [26,29,31,36,68,69,78,90] [3,48,54,59,63,93,103,109] [21,23,24,35,56,65,73,79] [26,29,33,66,78,91,110,122] [4,16,42,55,63,81,105,110] [2,16,17,31,49,59,72,103] [42,65,81,89,97,103,115,119] [1,18,55,75,78,90,99,105] [8,24,63,70,89,107,122,126] [24,56,59,62,75,106,112,123] [16,18,41,57,66,72,81,114] [0,2,49,50,85,98,122,125] [16,26,31,36,47,58,68,90] [26,32,54,56,63,103,107,109] [21,23,24,35,64,75,79,89] [31,61,66,73,78,81,91,110] [4,16,63,81,89,105,107,110] [2,8,12,16,41,59,72,120] [12,48,65,89,91,100,115,119] [2,18,27,49,66,68,99,123] [26,34,52,58,63,70,75,126] [24,30,33,59,75,106,109,123] [15,18,36,46,72,90,101,111] [0,32,49,60,65,80,96,98] [26,30,36,51,68,75,90,112] [3,21,37,53,54,63,103,109] [21,23,24,52,65,73,79,85] [26,33,66,82,91,92,110,118] [3,8,16,38,55,90,105,110] [16,40,59,72,84,89,103,120] [12,55,80,89,91,105,115,119] [2,9,35,66,78,82,90,103] [14,18,27,68,80,93,102,115] [6,29,36,46,87,100,104,120] [6,14,20,27,48,69,98,104] [22,27,32,45,58,70,80,114] [22,52,55,60,75,98,115,117] [36,47,66,86,88,120,123,124]
Token  86: [28,51,83,87,91,112,124,125] [9,16,29,33,45,48,68,122] [23,36,42,64,67,76,100,125] [3,12,70,73,92,101,112,114] [7,11,37,38,50,61,83,119] [10,35,63,74,87,93,103,119] [20,46,63,87,104,111,116,118] [2,32,33,44,82,94,100,106] [15,18,20,35,44,86,123,127] [0,32,35,65,66,68,80,102] [18,30,36,50,69,103,109,111] [22,28,30,36,42,48,53,60] [2,26,39,41,65,73,85,115] [18,29,78,82,83,91,106,110] [3,5,16,53,55,63,102,110] [2,16,17,31,40,72,75,117] [42,48,60,80,84,110,115,122] [1,13,18,46,82,90,94,99] [3,46,63,87,104,112,116,119] [2,24,33,45,59,82,100,106] [5,15,18,45,72,86,90,114] [0,2,32,47,65,66,80,111] [18,36,68,69,75,103,109,111] [3,4,8,14,30,33,48,63] [9,21,24,26,52,57,75,108] [13,33,73,78,82,91,110,119] [3,4,16,63,73,89,102,110] [2,8,11,50,51,79,99,120] [48,60,65,89,91,94,110,122] [4,13,18,46,68,94,99,122] [3,13,34,52,63,107,112,126] [2,24,33,56,59,60,82,106] [5,15,18,53,72,90,114,127] [0,23,32,49,56,63,65,80] [3,26,36,42,68,75,109,111] [3,11,21,22,30,31,33,64] [14,21,26,52,57,61,73,85] [13,33,71,76,82,91,110,125] [3,16,24,55,72,81,102,110] [2,16,17,31,40,51,79,120] [14,60,80,91,108,110,115,122] [36,46,64,81,94,103,122,124] [8,23,24,49,68,80,90,125] [12,19,49,75,80,100,104,125] [6,11,23,45,88,94,98,99] [5,17,22,26,45,46,76,87] [5,29,30,39,52,81,104,105] [15,44,71,74,95,111,114,127]
Token  87: [16,51,53,70,97,104,111,120] [20,24,34,62,76,86,107,122] [14,72,81,87,100,107,116,125] [12,13,23,25,32,76,105,117] [0,11,23,25,38,74,83,89] [31,35,73,80,97,107,110,119] [26,34,39,41,56,58,63,116] [24,33,60,82,87,94,100,106] [18,38,44,45,64,72,86,127] [0,2,32,80,85,94,102,125] [1,6,14,36,68,69,78,116] [3,28,30,48,54,63,93,103] [21,23,26,53,56,65,73,85] [26,29,33,44,82,83,91,110] [3,4,11,29,55,63,80,110] [2,16,17,31,38,40,50,60] [7,40,48,65,80,89,115,122] [1,15,18,52,53,55,99,122] [8,13,26,63,89,112,116,126] [24,45,56,59,75,87,100,106] [5,18,45,53,57,64,72,114] [0,2,32,38,49,50,94,122] [3,16,19,31,36,47,68,75] [4,30,48,54,63,65,103,107] [9,19,21,24,28,35,85,89] [0,13,26,60,73,78,91,110] [4,24,63,74,76,80,107,110] [2,5,8,11,16,38,44,120] [7,40,48,65,89,91,113,122] [13,18,53,68,94,99,123,124] [3,13,26,52,58,63,75,126] [24,30,33,45,59,60,87,106] [5,18,45,53,64,72,101,111] [0,38,49,63,80,81,94,96] [3,26,30,31,36,68,75,112] [21,33,37,54,64,65,99,103] [33,35,42,52,53,73,85,92] [10,13,44,71,75,82,89,91] [3,24,29,55,72,80,107,110] [2,8,16,17,40,48,84,120] [7,40,65,80,89,91,115,122] [15,49,52,53,80,103,106,124] [23,24,37,68,73,74,80,125] [43,44,49,81,96,100,104,120] [6,8,37,39,45,54,80,98] [22,27,45,46,63,104,112,114] [39,44,52,55,82,84,105,124] [27,32,35,52,71,86,90,95]
Token  88: [0,2,51,63,73,97,111,118] [32,53,76,86,107,116,122,126] [8,14,20,54,72,81,100,125] [1,25,30,38,71,76,87,105] [0,11,19,23,25,74,83,95] [31,34,73,80,82,89,97,122] [26,27,34,41,58,63,112,116] [24,33,82,87,92,94,95,100] [18,36,44,45,64,72,86,114] [0,2,69,80,94,98,115,125] [3,18,26,36,68,78,90,113] [3,48,54,60,69,86,93,120] [21,23,53,73,79,85,92,118] [29,33,44,82,83,91,102,122] [3,10,55,63,74,79,80,110] [2,8,16,17,31,60,75,95] [7,40,42,48,65,97,115,122] [1,15,18,55,58,68,99,122] [13,26,34,58,63,112,122,126] [45,56,59,75,87,95,100,123] [5,18,35,36,53,64,72,114] [0,2,33,47,50,65,84,94] [16,19,26,31,36,47,68,75] [4,30,52,54,65,103,107,120] [9,21,35,57,78,85,92,118] [0,71,73,77,78,81,91,110] [4,63,72,74,80,81,109,110] [2,5,8,11,16,75,87,120] [7,48,65,89,91,97,113,122] [13,18,49,58,68,99,122,124] [3,9,13,34,36,52,58,126] [29,33,36,51,56,59,60,87] [5,11,15,18,41,72,90,101] [0,49,56,63,69,81,94,96] [3,5,26,30,31,36,75,112] [21,31,33,37,39,52,65,120] [33,34,52,53,78,85,92,118] [44,68,71,73,89,91,102,125] [3,29,30,55,72,81,107,110] [2,16,17,40,48,84,87,120] [7,14,40,65,80,91,115,122] [49,52,53,68,80,100,103,124] [23,24,30,37,68,71,73,74] [11,30,43,56,75,96,100,120] [6,37,39,45,83,94,98,104] [4,22,45,46,92,104,112,114] [21,39,52,82,84,104,105,124] [27,35,46,52,71,90,95,108]
Token  89: [3,28,29,62,77,80,111,126] [11,45,72,76,78,86,113,122] [36,42,72,108,115,119,121,125] [1,11,20,25,76,101,105,119] [11,39,40,74,83,89,97,119] [8,30,31,55,80,97,103,122] [22,46,58,63,66,104,112,116] [9,33,44,82,87,94,100,106] [18,27,44,45,55,67,72,86] [0,2,44,68,69,80,94,102] [1,14,18,36,50,69,91,120] [3,15,21,22,48,60,68,120] [25,53,65,71,73,78,85,92] [18,24,33,44,78,91,106,110] [3,9,11,29,62,63,69,109] [2,8,16,17,31,40,50,75] [42,48,80,84,97,111,115,122] [1,70,77,82,84,90,99,122] [22,46,58,63,112,115,116,122] [24,33,56,82,87,94,100,123] [5,18,27,35,44,45,72,114] [0,2,44,50,63,80,94,105] [18,19,36,54,68,75,113,120] [4,15,30,48,52,54,78,120] [9,23,24,28,35,75,77,85] [0,37,49,73,78,91,99,110] [29,62,63,69,72,74,109,110] [2,5,8,11,21,75,87,120] [29,65,89,91,97,111,122,123] [13,37,51,77,84,89,99,124] [3,9,34,36,52,58,101,126] [24,29,33,44,87,94,100,123] [5,18,24,27,45,48,90,108] [0,39,44,56,63,94,96,105] [3,5,26,36,37,42,75,77] [17,21,31,37,53,68,120,121] [11,20,28,34,77,78,85,101] [24,27,49,89,91,106,124,125] [3,29,55,62,69,72,109,110] [2,5,16,17,40,48,58,79] [14,23,80,89,91,111,115,122] [53,77,82,84,89,100,103,124] [14,24,28,30,68,71,110,115] [2,7,11,18,46,75,96,100] [6,11,13,39,94,104,108,114] [2,4,5,45,47,83,87,114] [10,43,45,74,96,97,104,125] [39,42,51,54,61,71,110,127]
Token  90: [31,53,61,66,69,81,93,101] [25,45,46,83,91,98,115,122] [5,68,72,103,116,117,123,125] [1,3,5,20,25,101,106,119] [11,43,63,83,91,102,111,119] [30,31,55,80,97,111,119,123] [39,46,63,66,104,112,115,116] [9,33,44,72,82,94,100,106] [18,27,28,45,55,72,86,99] [0,2,51,68,69,80,102,105] [1,14,18,36,50,69,83,91] [3,13,15,22,52,58,69,115] [4,27,30,34,69,73,79,85] [13,33,44,55,91,103,106,121] [3,11,28,29,55,63,69,125] [2,3,34,38,40,50,100,120] [20,48,80,84,115,121,122,127] [1,14,61,77,90,99,122,124] [22,34,46,63,96,112,116,122] [24,33,44,59,72,82,94,123] [18,27,35,45,72,86,99,114] [0,2,17,68,80,98,102,105] [2,18,19,31,36,68,75,113] [3,13,15,20,30,48,54,58] [9,21,24,30,35,69,73,85] [0,13,14,33,73,78,91,110] [4,19,29,63,72,81,107,110] [2,5,11,21,50,79,100,120] [48,76,89,91,98,103,121,122] [14,37,51,61,95,99,123,124] [3,9,39,44,52,58,101,104] [12,19,24,36,38,44,72,84] [5,18,45,48,74,90,99,108] [0,14,21,39,43,56,63,105] [3,5,36,42,50,75,84,91] [13,15,17,21,31,37,58,66] [11,28,54,69,78,85,106,122] [13,27,30,71,91,106,122,124] [2,19,29,53,55,72,97,101] [2,11,16,17,34,40,84,100] [14,76,80,89,91,105,115,122] [14,45,51,61,77,80,82,124] [23,57,58,65,68,80,101,115] [4,5,20,46,65,75,96,100] [6,54,64,70,71,98,104,108] [2,22,27,40,45,54,114,127] [26,35,52,55,67,93,119,125] [34,42,46,55,58,83,110,117]
Token  91: [4,14,51,57,101,106,110,118] [25,37,44,48,57,60,91,122] [36,42,68,81,90,107,111,125] [3,5,20,21,26,37,56,106] [7,11,37,43,63,83,102,114] [35,51,55,93,97,99,105,119] [14,22,46,63,66,89,104,116] [33,44,63,72,82,94,100,106] [27,28,40,50,83,86,99,123] [0,7,17,32,66,68,80,105] [6,14,18,21,36,50,69,91] [13,31,48,52,53,94,100,109] [2,4,30,34,39,65,69,73] [18,66,78,91,103,106,112,113] [3,11,15,16,55,66,69,105] [2,3,15,17,40,49,100,120] [12,14,24,48,80,84,115,119] [1,55,62,77,78,80,82,90] [22,34,44,46,56,58,63,116] [9,24,33,44,59,75,94,100] [5,35,45,57,65,72,114,116] [0,49,80,96,98,111,122,125] [19,36,56,68,69,78,90,98] [3,21,23,54,92,96,109,125] [9,23,46,65,79,96,108,125] [26,33,77,82,91,99,104,118] [16,29,69,101,103,107,110,125] [6,11,15,19,34,61,79,120] [48,53,65,89,113,114,115,119] [18,72,75,83,90,93,123,124] [9,26,34,46,63,89,115,116] [3,33,44,60,94,100,103,106] [9,14,35,44,72,86,93,127] [49,62,70,80,96,102,104,114] [2,7,30,37,45,86,109,111] [4,64,82,94,96,109,114,116] [14,17,32,34,42,61,92,95] [20,27,31,42,51,89,91,104] [3,7,16,69,83,95,105,125] [11,17,33,40,72,75,91,120] [1,12,42,48,80,84,107,119] [34,59,61,77,78,83,88,89] [8,17,25,27,56,80,87,111] [18,29,46,65,69,74,80,99] [5,6,11,30,98,104,112,126] [3,29,41,45,58,110,114,117] [51,52,53,63,68,100,120,125] [3,36,38,42,58,83,110,116]
Token  92: [28,33,47,64,75,82,91,95] [28,47,48,62,90,93,105,122] [4,5,46,56,60,72,78,83] [14,20,24,70,72,73,103,106] [5,7,11,32,43,57,60,119] [0,8,35,63,74,87,93,115] [46,63,66,102,103,104,111,116] [19,33,44,82,88,94,100,106] [10,18,45,86,90,94,108,123] [0,7,17,32,35,38,68,80] [18,21,36,69,82,91,94,124] [3,28,31,48,62,90,94,100] [2,4,14,18,34,39,73,127] [18,40,78,83,85,91,106,112] [2,3,15,16,38,53,55,60] [16,31,32,40,54,89,100,125] [14,80,84,93,94,100,106,115] [1,26,36,77,80,82,90,92] [22,46,63,87,103,104,116,118] [24,33,44,82,88,94,100,106] [35,45,65,86,90,94,114,123] [0,7,17,47,68,80,102,111] [18,21,22,23,36,82,85,91] [22,25,31,46,78,94,100,110] [18,33,34,36,46,61,85,108] [23,73,85,91,99,104,106,112] [3,14,27,59,69,94,113,125] [2,11,15,16,26,75,100,125] [4,42,48,50,91,98,100,113] [13,26,72,77,82,93,100,122] [9,22,34,52,56,63,83,116] [3,33,44,60,82,94,100,103] [9,15,35,44,55,72,86,90] [23,62,65,80,96,102,104,111] [2,7,18,45,75,80,82,94] [4,85,92,94,99,100,111,121] [2,4,9,36,61,80,95,108] [20,25,27,92,104,106,112,125] [3,15,53,69,86,109,110,125] [11,26,32,40,58,75,120,125] [1,42,48,80,93,105,107,113] [13,34,59,77,82,88,100,105] [17,25,56,78,80,106,111,114] [18,24,30,46,68,74,80,82] [5,6,11,52,64,70,94,108] [26,29,43,45,64,71,110,114] [13,14,27,49,63,76,77,100] [38,42,45,58,61,67,76,83]
Token  93: [11,72,85,98,100,114,119,122] [14,38,62,63,103,106,119,122] [2,5,16,40,60,78,111,127] [3,20,28,68,73,84,103,106] [11,30,37,52,57,63,64,92] [17,25,37,59,64,73,74,103] [34,53,63,70,71,76,89,107] [18,24,33,59,82,100,106,109] [38,45,57,65,72,86,90,127] [0,2,17,19,49,80,96,111] [3,16,26,47,57,68,69,78] [3,24,28,30,54,60,103,125] [2,9,56,65,73,85,105,127] [0,23,26,42,58,82,91,106] [3,17,55,81,100,107,110,115] [8,16,17,31,40,49,101,120] [14,30,65,75,80,83,103,115] [1,9,18,77,82,83,102,103] [34,39,56,63,64,104,105,116] [3,33,36,44,51,82,94,100] [38,44,65,72,86,103,116,127] [0,10,49,76,80,84,96,111] [13,18,26,30,56,86,94,98] [7,21,28,64,67,96,99,125] [2,9,26,34,46,61,74,104] [42,77,82,99,104,106,112,125] [3,7,8,69,107,110,111,115] [6,16,17,40,61,75,99,120] [1,14,42,48,80,89,114,115] [34,72,75,77,82,93,103,107] [34,36,56,63,64,83,104,116] [3,33,44,60,82,94,100,106] [9,14,15,35,44,67,86,90] [10,62,66,68,80,102,104,111] [2,7,18,30,45,88,103,109] [4,21,28,37,64,78,79,116] [2,9,14,32,42,61,74,92] [20,27,29,36,42,73,82,104] [3,7,29,53,69,95,102,125] [11,17,32,37,40,75,91,120] [1,32,42,50,62,80,107,113] [34,59,77,78,82,88,93,105] [17,25,43,56,70,80,111,114] [18,30,72,74,80,82,99,111] [5,6,12,29,30,34,52,104] [26,29,41,88,110,113,114,117] [16,43,46,76,93,100,106,125] [3,61,76,83,87,102,104,110]
Token  94: [7,27,30,32,58,88,109,121] [1,14,62,65,71,104,105,122] [5,31,49,60,78,111,112,127] [3,20,23,24,28,60,81,103] [5,11,30,46,57,60,96,101] [0,8,35,46,63,87,93,112] [46,63,66,102,103,104,111,116] [19,33,44,63,82,88,94,100] [18,40,43,45,83,86,90,94] [0,7,17,41,68,80,102,125] [18,21,36,50,63,82,91,124] [22,28,48,53,60,73,94,100] [2,4,18,36,62,85,94,127] [8,18,62,78,85,91,106,112] [3,15,16,38,55,69,109,121] [2,17,32,40,54,100,125,126] [44,80,84,93,106,108,115,122] [26,34,36,62,70,77,82,90] [14,22,46,63,102,104,116,118] [33,44,63,82,88,94,100,106] [18,40,45,50,72,83,86,90] [5,7,17,41,47,68,80,102] [18,23,36,82,85,91,103,127] [22,28,46,53,60,94,99,100] [4,26,34,36,46,57,85,94] [8,31,63,78,91,99,106,112] [3,14,15,29,69,83,108,121] [2,11,15,40,58,63,100,125] [42,80,91,93,98,103,113,122] [26,34,37,72,77,93,100,122] [9,34,52,58,63,103,116,124] [24,33,44,56,82,94,100,106] [5,18,27,45,83,86,90,94] [7,17,41,43,68,69,80,102] [18,23,29,33,36,82,91,103] [17,22,28,31,53,94,99,100] [4,14,20,34,54,78,85,92] [13,27,31,91,106,112,122,125] [3,15,29,53,69,83,94,109] [2,16,17,50,58,63,84,125] [14,80,91,93,94,98,115,122] [26,34,50,77,82,100,118,124] [23,24,30,58,68,80,106,115] [18,37,46,58,82,96,98,100] [6,11,39,70,94,98,104,108] [2,26,45,54,64,86,87,114] [32,35,43,52,94,104,119,125] [0,4,42,58,82,83,110,119]
Token  95: [31,32,46,52,69,93,107,120] [2,45,53,60,63,83,105,122] [68,72,92,103,116,117,123,125] [1,3,20,23,89,93,95,106] [2,11,30,37,79,83,102,111] [20,31,35,55,97,111,119,125] [14,43,46,63,104,112,115,116] [5,33,44,72,82,94,100,106] [18,27,44,45,72,83,86,99] [0,2,17,43,68,80,102,105] [14,18,22,31,36,54,68,69] [3,13,28,48,58,60,86,93] [20,21,23,39,47,69,73,85] [18,33,63,91,95,103,106,121] [3,11,63,69,84,94,110,125] [2,15,17,31,34,38,45,100] [42,48,76,97,106,115,121,127] [1,30,77,82,90,99,122,124] [34,58,63,87,89,112,116,122] [24,33,45,56,59,72,75,123] [5,18,27,45,53,57,72,114] [0,2,17,47,50,105,106,111] [7,31,36,47,68,75,116,122] [3,13,30,54,58,65,93,103] [21,24,35,47,57,69,85,89] [0,47,60,73,78,95,99,110] [4,24,63,67,69,81,109,110] [2,11,34,38,63,75,84,100] [1,65,91,97,98,103,107,113] [13,14,30,51,77,99,123,124] [3,9,44,52,58,63,96,126] [24,33,39,45,59,72,106,123] [5,18,21,45,72,74,90,101] [0,43,49,63,81,85,105,115] [3,36,42,51,68,75,116,121] [13,21,31,53,58,101,103,107] [4,11,20,35,69,77,85,122] [0,71,73,91,106,110,122,125] [24,55,69,72,81,84,101,110] [2,5,11,26,34,63,100,112] [14,65,80,89,91,107,115,122] [30,45,51,73,77,80,82,124] [23,33,43,50,80,115,117,119] [11,37,75,96,98,99,100,106] [3,6,29,69,94,102,104,108] [2,20,45,54,71,93,114,127] [49,52,67,68,76,77,104,125] [34,48,55,58,71,83,112,119]
Token  96: [11,16,72,85,100,101,114,119] [21,60,63,72,75,106,119,122] [16,45,65,78,104,107,111,127] [19,20,25,68,87,93,103,106] [11,46,52,57,63,70,102,119] [17,55,59,64,71,97,103,112] [26,34,56,58,63,112,115,116] [9,24,33,44,82,94,100,106] [9,38,45,65,72,86,90,127] [0,2,17,49,68,80,102,111] [18,36,43,50,68,69,78,105] [3,28,30,48,54,60,93,103] [2,8,9,35,56,65,73,85] [29,33,66,78,82,91,104,110] [3,4,42,68,69,81,110,125] [2,16,17,31,40,45,49,75] [48,65,80,81,89,103,114,115] [1,18,33,55,75,77,82,99] [24,34,38,63,83,88,105,115] [18,24,49,56,100,109,112,123] [38,53,57,65,72,81,84,121] [0,9,10,49,96,110,122,125] [3,16,31,36,47,56,61,105] [23,24,29,37,49,61,103,107] [9,15,35,43,64,74,75,99] [15,28,36,49,58,73,81,104] [14,22,32,48,52,88,107,110] [8,16,37,53,63,69,75,120] [62,65,82,83,89,97,113,115] [18,27,72,75,86,93,118,123] [24,26,34,46,52,63,75,80] [6,30,51,60,73,103,106,117] [5,7,9,15,39,46,111,125] [9,33,49,52,54,62,64,73] [7,37,39,45,101,110,112,119] [4,8,29,37,53,64,68,114] [9,32,41,42,52,92,95,119] [10,20,27,31,49,61,104,115] [22,26,36,92,102,107,110,125] [11,46,51,59,69,75,120,123] [12,23,42,48,80,105,107,115] [1,6,18,30,34,59,72,88] [8,17,25,28,56,67,77,111] [18,30,68,72,74,80,82,91] [5,6,12,29,30,42,99,102] [3,29,36,40,41,51,88,98] [16,21,43,46,76,94,103,106] [3,7,61,83,87,94,102,104]
Token  97: [7,58,72,76,88,109,117,121] [1,24,27,28,60,65,97,122] [12,16,40,60,81,95,107,127] [19,20,68,71,84,103,106,115] [11,30,37,52,53,57,70,81] [9,17,25,37,59,64,73,103] [24,27,34,53,63,71,76,107] [9,18,24,33,59,106,109,112] [9,38,45,57,65,72,90,127] [0,2,17,19,49,80,96,122] [16,26,56,68,69,78,105,116] [3,24,28,54,59,60,103,125] [2,9,35,56,65,85,96,105] [15,19,26,28,42,58,78,104] [3,17,67,81,100,107,110,115] [8,16,41,49,59,70,101,120] [1,14,30,65,80,89,115,127] [1,18,21,33,77,82,83,99] [8,24,34,44,63,88,104,105] [9,24,49,82,100,106,109,112] [38,46,65,72,84,101,121,124] [0,9,10,49,80,96,110,125] [13,26,47,56,61,68,98,105] [21,23,24,49,54,61,92,125] [9,15,23,33,56,85,96,99] [0,1,15,26,28,58,104,118] [48,81,88,90,94,103,107,110] [12,15,16,19,44,59,75,120] [34,65,73,82,83,89,111,115] [18,21,55,72,75,77,93,118] [24,26,27,52,63,75,88,89] [30,49,51,100,103,106,109,112] [9,15,46,65,84,101,103,121] [9,10,49,62,79,96,110,125] [30,39,45,56,61,98,105,116] [4,21,23,29,49,64,92,125] [4,33,36,42,47,74,85,97] [20,31,42,82,85,92,104,124] [7,19,49,59,69,89,110,125] [11,17,48,59,75,83,91,120] [1,35,42,50,80,87,107,113] [1,13,34,59,77,83,88,105] [4,8,17,56,66,70,111,115] [30,72,74,80,82,98,99,111] [5,12,29,30,42,96,103,114] [29,41,43,64,65,99,107,110] [15,16,17,32,43,46,94,106] [4,53,55,61,72,84,102,107]
Token  98: [35,52,57,76,109,117,123,127] [24,27,47,60,63,89,109,122] [12,29,48,64,65,92,101,104] [20,25,56,67,93,106,114,117] [11,43,57,63,83,102,119,127] [20,35,55,71,97,99,103,112] [39,43,63,96,104,112,115,116] [33,36,44,82,84,92,94,100] [18,32,44,45,72,83,86,123] [0,8,17,62,68,80,102,105] [1,6,12,18,22,36,63,69] [36,45,53,90,94,102,110,121] [4,18,27,36,54,73,92,111] [18,31,43,85,91,97,106,117] [2,3,11,63,67,68,69,125] [2,21,34,40,45,50,84,125] [0,48,82,84,90,100,106,122] [1,7,30,75,77,90,122,124] [46,58,63,89,104,112,115,116] [33,44,56,82,88,94,100,123] [18,32,45,55,72,86,114,123] [0,14,17,43,51,62,80,85] [7,18,19,22,36,50,63,75] [4,52,58,65,72,94,102,117] [9,36,37,45,54,69,85,92] [12,31,43,52,85,91,99,117] [63,67,69,72,83,110,113,125] [11,15,21,34,75,84,88,100] [0,4,10,53,91,98,100,122] [13,30,50,77,89,99,120,124] [3,9,39,58,77,96,111,115] [12,36,39,40,41,56,72,100] [2,11,18,32,45,48,90,118] [8,14,15,17,43,51,63,115] [28,36,42,63,75,84,92,102] [17,31,53,65,94,102,108,120] [4,11,18,28,54,78,85,122] [13,27,31,43,91,97,106,124] [2,68,69,97,98,109,110,113] [11,16,17,21,26,48,50,63] [0,10,34,46,90,91,106,122] [7,13,34,50,77,80,89,124] [4,43,58,66,87,99,108,117] [11,30,53,58,66,91,98,115] [7,29,30,46,52,60,102,108] [18,41,50,64,71,91,99,113] [13,27,43,74,76,94,100,113] [3,48,53,76,87,102,107,119]
Token  99: [24,47,52,76,88,117,123,127] [25,27,44,52,60,63,109,122] [5,12,29,60,64,81,104,127] [3,19,20,25,60,73,74,95] [7,11,37,51,53,57,70,119] [18,55,74,93,103,110,112,119] [20,39,46,63,87,104,111,116] [19,32,33,44,82,94,100,106] [35,45,67,86,87,90,108,123] [0,7,17,68,76,80,96,102] [7,18,27,36,63,69,91,94] [21,28,48,53,60,90,99,100] [2,4,8,14,34,65,115,127] [8,18,40,91,92,106,112,117] [3,15,23,53,57,69,71,115] [3,6,16,17,32,40,75,89] [0,1,14,50,75,80,84,115] [1,9,62,77,82,100,103,112] [22,46,56,63,64,87,104,116] [33,36,44,48,82,94,100,106] [35,40,44,67,86,90,122,123] [7,17,66,68,76,80,102,111] [7,18,23,83,91,94,98,103] [22,46,53,54,67,69,99,122] [14,26,34,43,61,79,80,124] [2,40,99,104,106,112,117,118] [3,7,8,23,29,57,69,107] [6,11,17,37,40,61,120,122] [1,14,50,80,84,93,113,114] [72,75,77,82,88,93,100,103] [9,46,52,63,64,104,111,116] [19,33,44,82,94,100,106,110] [5,9,14,35,44,67,86,90] [10,33,66,68,80,102,104,111] [2,7,18,30,45,88,103,109] [4,20,78,79,85,92,111,115] [14,22,32,36,61,80,92,102] [20,27,29,36,59,68,104,106] [3,7,53,69,95,102,109,125] [11,33,37,40,51,75,120,125] [1,32,42,80,84,94,107,113] [34,39,59,72,78,88,93,103] [8,17,25,43,50,56,80,111] [18,46,72,74,80,82,99,111] [5,6,12,34,42,62,101,104] [29,41,51,64,93,110,113,114] [16,27,43,76,93,94,100,110] [3,4,53,72,83,87,102,107]
Token 100: [24,27,76,88,109,117,121,127] [13,25,27,52,60,63,97,122] [5,12,29,60,64,65,101,104] [19,20,25,60,74,87,93,101] [7,11,16,26,46,57,60,65] [9,43,55,71,97,110,112,122] [17,39,63,97,102,104,115,116] [32,33,36,44,82,94,100,106] [18,30,32,40,45,86,87,108] [0,8,14,17,68,80,100,102] [4,18,27,31,36,63,69,94] [17,45,48,53,54,56,94,100] [2,4,7,21,35,36,73,94] [8,18,31,43,91,106,110,112] [2,3,14,15,55,68,69,81] [2,16,17,31,32,40,84,125] [0,48,80,84,90,114,115,122] [1,11,50,57,63,77,90,99] [17,39,46,63,112,115,116,118] [33,36,44,56,82,94,100,123] [18,30,32,35,45,55,86,87] [17,41,47,62,68,100,102,111] [2,4,18,27,31,36,91,127] [28,45,53,56,94,95,103,121] [4,9,35,36,46,64,85,94] [8,31,63,73,91,95,106,112] [2,3,14,68,69,107,109,110] [2,11,16,17,87,102,107,120] [10,62,65,89,91,97,98,114] [11,14,50,72,77,89,93,122] [9,17,26,34,52,58,115,126] [33,48,51,60,94,100,103,123] [15,18,27,30,35,87,101,108] [17,41,47,49,62,96,100,111] [4,18,23,27,33,36,82,127] [11,17,22,33,45,53,94,95] [4,7,34,78,85,92,94,108] [13,31,43,63,89,91,106,112] [2,3,15,24,68,72,81,110] [2,16,17,32,40,87,99,125] [10,14,54,65,89,91,115,122] [11,49,50,57,73,77,89,124] [23,25,30,52,66,69,87,115] [11,46,47,53,83,94,96,111] [6,11,29,78,94,104,108,110] [2,4,36,45,86,87,104,114] [1,10,17,42,90,97,104,123] [4,14,44,82,84,107,110,127]
Token 101: [21,32,52,63,71,93,107,120] [19,26,53,63,83,106,116,122] [87,88,103,111,116,117,122,125] [11,20,26,86,87,93,106,117] [7,11,43,79,83,91,100,118] [2,31,49,97,100,111,122,125] [22,23,26,34,39,63,104,116] [33,44,82,84,94,95,100,106] [18,27,44,45,72,86,99,127] [0,2,17,43,68,80,102,111] [7,9,14,18,36,68,69,78] [3,48,53,54,58,93,95,103] [8,21,25,65,69,73,85,92] [18,31,33,63,79,91,103,121] [3,11,28,55,63,92,109,110] [2,16,17,31,38,40,84,112] [4,42,48,89,97,103,105,115] [18,45,53,90,99,122,123,124] [13,26,58,63,89,112,116,122] [24,45,59,62,72,75,95,123] [5,18,45,53,57,72,114,123] [0,2,43,47,49,50,85,111] [7,14,31,36,47,68,75,127] [3,30,54,58,65,93,103,107] [21,24,28,35,69,85,89,92] [47,60,73,78,81,91,95,110] [4,14,63,81,107,109,110,125] [2,11,12,41,63,75,87,120] [4,65,89,91,97,100,103,122] [13,14,18,53,68,99,123,124] [9,13,26,44,52,58,107,126] [33,36,45,59,60,62,106,123] [5,18,27,45,74,99,101,111] [0,13,43,49,50,81,85,96] [26,30,31,36,40,51,68,75] [31,33,37,53,54,58,95,103] [21,32,35,41,52,73,85,92] [0,25,33,73,80,91,110,125] [2,19,55,72,79,81,107,110] [2,8,12,16,17,87,112,120] [4,14,65,80,89,91,105,115] [45,53,73,80,90,103,123,124] [14,30,59,68,71,76,80,115] [11,18,41,46,94,96,104,106] [6,42,52,54,71,78,104,108] [2,40,45,51,94,104,114,127] [43,44,52,54,67,97,120,125] [34,46,61,71,83,104,110,117]
Token 102: [0,27,32,48,49,50,106,110] [24,44,46,91,99,116,122,126] [7,36,45,74,81,111,122,125] [3,26,71,76,94,99,106,114] [7,11,37,43,79,83,110,118] [31,51,84,93,97,105,111,119] [20,39,46,63,64,104,111,116] [9,19,33,44,82,94,100,106] [2,18,27,45,67,86,90,99] [0,5,57,68,80,102,106,111] [2,14,18,36,50,63,69,78] [21,22,48,52,53,58,60,108] [25,39,65,69,73,92,111,112] [12,18,29,33,63,66,91,106] [2,3,11,53,55,92,105,109] [2,3,17,38,40,75,120,125] [4,42,48,51,80,84,97,115] [1,39,80,82,90,99,122,124] [26,46,63,71,87,89,112,116] [9,24,33,36,44,59,94,100] [2,5,45,65,72,114,123,124] [0,2,49,51,80,85,92,111] [7,23,31,36,54,68,71,126] [28,31,52,65,78,81,103,124] [9,21,28,33,47,92,122,125] [12,52,73,78,91,99,119,126] [81,94,96,105,107,110,113,121] [2,11,19,21,63,75,88,102] [4,51,53,65,89,91,97,113] [13,18,68,72,93,99,123,124] [9,26,30,34,52,63,75,101] [9,33,51,60,94,100,103,106] [2,5,9,15,46,72,103,111] [23,49,62,69,79,80,96,117] [2,7,30,37,45,80,102,119] [4,15,17,29,64,78,111,114] [17,22,32,74,92,110,118,122] [12,20,66,91,119,124,125,126] [19,22,94,96,105,110,121,125] [11,26,33,75,80,84,88,120] [4,42,48,51,53,98,105,115] [2,11,39,66,80,88,124,126] [14,23,30,71,98,102,115,123] [6,38,41,46,58,100,101,104] [6,48,56,70,98,104,108,127] [2,20,32,40,45,65,104,114] [26,44,49,52,66,106,119,125] [7,36,39,71,97,104,110,120]
Token 103: [22,28,32,33,47,62,64,72] [19,24,45,48,71,90,116,122] [4,5,62,72,81,85,107,125] [3,19,24,76,100,101,119,120] [7,11,26,37,53,83,119,120] [18,24,31,52,74,103,119,122] [20,46,55,63,66,87,104,112] [31,32,33,44,82,94,100,106] [18,38,40,43,45,67,86,123] [0,7,68,76,80,96,102,111] [18,30,43,63,69,78,91,94] [3,18,21,28,48,53,60,68] [2,4,8,32,34,65,73,127] [12,18,49,52,89,91,103,106] [3,11,26,42,49,64,71,92] [0,2,11,38,40,61,77,89] [4,35,48,50,80,82,100,115] [1,18,54,77,84,92,99,103] [46,55,63,87,89,115,116,118] [26,33,36,44,56,94,100,106] [18,22,53,86,90,118,124,127] [0,5,33,47,80,82,102,117] [2,9,18,23,31,36,37,82] [4,5,14,22,25,30,68,94] [9,32,41,43,46,85,108,124] [12,49,52,61,63,73,91,99] [14,26,27,30,53,107,110,113] [0,6,11,61,63,84,102,120] [35,80,82,89,97,100,113,115] [18,72,75,93,103,113,122,123] [26,30,34,46,63,64,80,116] [33,51,60,94,100,103,106,117] [9,15,35,44,45,55,86,103] [33,49,62,80,96,102,104,117] [2,18,30,37,39,45,86,109] [4,29,64,68,78,92,114,115] [9,14,32,42,52,74,95,118] [12,20,49,52,61,91,115,124] [3,26,36,49,69,86,92,125] [0,11,17,25,40,53,75,120] [14,35,42,50,80,82,107,127] [34,49,54,59,72,77,88,99] [4,17,23,33,56,66,70,111] [16,18,27,61,80,82,99,111] [5,6,11,25,30,42,49,62] [3,16,29,45,48,51,67,114] [19,26,33,43,46,54,79,90] [0,17,23,39,42,53,80,119]
Token 104: [3,11,12,28,29,70,86,118] [24,54,78,91,105,115,116,122] [4,5,36,49,62,115,119,125] [3,11,70,76,101,109,119,120] [5,11,27,34,37,60,114,119] [0,18,31,35,48,87,119,122] [46,63,64,103,104,111,116,118] [7,32,33,44,82,94,100,106] [18,43,44,45,86,90,94,123] [0,35,40,41,68,79,80,102] [2,18,30,36,69,71,91,124] [3,25,48,53,68,73,75,81] [2,4,32,65,67,73,102,127] [18,33,62,63,91,103,106,112] [3,11,18,55,69,81,94,109] [2,16,27,31,32,38,40,127] [4,35,44,48,65,80,109,115] [18,55,63,65,75,84,90,108] [55,63,88,107,112,116,118,122] [24,44,45,59,82,94,100,123] [5,18,45,53,57,72,114,123] [0,2,41,47,50,56,79,111] [2,16,26,31,36,68,94,127] [3,30,36,53,54,81,103,107] [21,24,35,57,75,85,89,94] [0,38,47,60,73,78,81,110] [4,12,14,55,76,81,107,110] [2,8,28,41,87,102,120,125] [34,48,54,62,65,89,97,101] [11,18,68,75,89,108,122,123] [24,26,52,58,63,86,108,126] [7,24,45,48,59,75,106,123] [18,53,57,72,81,101,114,125] [0,13,41,49,50,85,90,100] [26,27,30,31,36,51,68,99] [1,3,21,53,54,56,94,103] [21,35,41,52,85,89,94,108] [26,33,47,63,73,78,91,110] [4,12,14,26,55,81,107,110] [2,8,17,31,51,100,120,122] [23,48,54,65,89,91,115,122] [11,18,54,82,108,111,120,123] [17,20,24,66,69,70,113,115] [27,46,47,74,75,84,94,99] [6,9,11,12,67,69,94,102] [2,54,77,82,86,87,95,114] [1,5,37,71,76,81,97,123] [14,23,25,44,74,82,92,98]
Token 105: [40,43,65,72,73,98,100,122] [18,38,70,94,100,106,122,127] [3,38,40,57,82,84,88,99] [6,31,67,71,76,87,94,117] [7,11,52,64,76,85,106,115] [37,59,61,64,66,73,97,125] [24,34,35,63,83,105,107,112] [24,49,59,82,88,100,109,112] [9,18,57,65,72,81,84,121] [0,2,9,49,85,110,122,125] [3,26,31,36,61,68,78,90] [1,3,24,54,61,63,93,103] [21,23,35,56,65,89,99,108] [15,26,33,58,60,80,91,110] [4,20,32,55,81,100,104,110] [2,8,31,41,49,52,101,120] [42,62,65,76,81,89,97,115] [11,18,19,33,41,42,99,105] [8,24,35,63,70,71,81,126] [24,49,59,101,109,112,119,123] [16,35,41,57,72,81,84,121] [0,9,49,50,98,110,122,125] [31,36,45,47,56,61,68,90] [24,32,49,53,54,61,103,107] [15,21,28,35,46,64,89,99] [15,28,38,47,60,73,81,110] [4,14,32,76,81,104,107,110] [2,8,16,28,37,41,52,120] [39,48,62,65,89,97,101,115] [11,18,27,42,86,108,118,123] [24,26,52,58,70,80,86,126] [24,48,59,75,92,106,112,123] [16,30,41,65,72,111,121,125] [0,13,16,49,50,85,100,125] [26,27,31,36,51,56,68,78] [3,23,37,53,54,56,103,125] [2,21,35,52,65,85,94,96] [15,26,33,47,58,73,91,110] [4,17,32,55,81,100,104,107] [2,8,16,49,52,59,70,127] [17,48,54,65,81,89,105,115] [1,18,21,48,55,69,82,105] [31,32,52,64,68,80,113,115] [11,31,37,46,77,78,88,104] [6,16,53,73,90,94,98,104] [22,27,32,82,87,94,101,114] [5,11,34,38,52,55,97,98] [20,44,57,73,74,86,105,109]
Token 106: [14,21,50,51,57,74,103,106] [3,6,9,28,62,95,109,122] [12,41,84,90,111,115,122,125] [4,23,39,67,71,87,95,117] [7,11,23,37,50,56,83,119] [18,31,47,51,68,73,105,110] [26,34,56,58,63,112,116,126] [24,33,36,44,59,82,94,100] [18,36,38,45,72,86,109,127] [0,2,32,49,65,80,85,122] [3,29,31,36,59,68,78,90] [3,48,53,54,63,93,103,109] [21,23,24,35,56,65,73,108] [26,33,66,83,91,110,118,122] [4,16,42,55,63,81,105,110] [2,16,17,31,49,59,72,103] [42,48,65,81,89,97,115,119] [1,18,55,75,82,90,99,123] [24,26,27,63,70,112,122,126] [24,56,59,62,106,109,112,123] [41,57,66,72,81,101,109,114] [0,13,49,50,85,98,122,125] [3,36,47,51,58,68,90,98] [4,26,30,32,54,103,107,109] [21,23,24,28,47,79,85,89] [31,47,66,73,81,91,110,119] [4,16,42,63,81,105,107,110] [2,12,16,28,63,72,103,120] [12,48,65,89,91,98,115,119] [2,18,27,49,68,86,99,123] [26,34,52,63,70,75,86,126] [9,24,30,33,59,75,106,123] [36,41,53,57,72,90,101,111] [0,13,32,49,50,65,80,96] [26,30,36,51,68,75,90,112] [3,21,37,53,54,64,103,109] [21,23,24,52,73,80,85,92] [26,33,66,73,82,91,110,118] [3,4,16,55,81,90,105,110] [2,16,17,40,72,84,103,120] [12,55,80,89,91,105,115,119] [2,18,66,78,80,82,90,103] [18,23,27,68,80,102,115,123] [6,29,36,41,46,87,100,104] [6,20,27,48,69,98,104,121] [12,22,27,32,45,58,70,114] [52,55,60,75,98,104,115,117] [36,47,66,71,86,88,120,123]
Token 107: [28,51,83,87,91,112,124,125] [9,16,28,29,45,48,68,122] [23,36,42,64,67,76,100,125] [3,12,70,73,92,101,112,114] [7,11,37,38,50,57,83,119] [10,35,63,74,87,93,103,119] [20,46,63,104,111,112,116,118] [2,32,33,44,82,94,100,106] [15,18,20,35,44,72,86,123] [0,32,35,66,68,80,102,125] [6,18,36,68,69,103,109,111] [14,22,28,30,36,48,53,60] [2,21,26,41,65,73,85,115] [18,29,33,82,83,91,106,110] [3,4,5,16,55,63,102,110] [2,16,17,31,40,51,72,75] [42,48,60,80,89,110,115,122] [1,13,18,46,75,82,94,99] [46,58,63,87,89,104,112,116] [2,24,33,45,82,94,100,106] [5,18,20,45,72,86,90,114] [0,2,32,47,65,66,80,111] [10,18,36,75,94,103,109,111] [11,14,22,30,36,48,63,64] [9,19,26,28,57,75,85,108] [2,23,73,78,91,106,110,119] [4,16,72,83,89,102,109,110] [2,5,11,50,59,72,99,120] [27,48,60,65,89,91,94,122] [4,13,18,46,68,94,99,122] [3,13,34,52,63,107,112,126] [2,33,56,60,82,100,106,123] [5,15,18,53,72,90,101,114] [0,23,32,49,50,63,65,80] [3,26,36,42,68,75,103,109] [3,11,17,21,31,33,64,65] [19,21,26,52,57,73,75,85] [13,71,76,82,91,106,110,125] [3,16,23,24,55,72,102,110] [2,16,17,40,51,72,79,120] [14,60,65,80,89,91,115,122] [36,46,81,82,94,103,122,124] [8,23,24,68,80,90,115,125] [12,19,49,74,75,80,100,125] [6,11,23,45,88,98,99,104] [17,22,26,45,46,76,87,114] [5,29,30,39,52,81,104,105] [15,35,71,74,95,111,114,127]
Token 108: [0,16,51,53,70,97,104,120] [20,24,34,62,76,86,107,122] [14,72,81,87,100,107,116,125] [12,13,23,25,32,76,105,117] [0,11,23,25,38,73,83,89] [31,35,73,80,97,107,110,119] [26,34,39,41,58,63,112,116] [24,33,59,82,87,94,100,106] [18,38,44,45,64,72,86,127] [0,2,32,69,80,85,94,125] [1,6,14,31,36,68,69,78] [3,28,30,48,54,63,93,103] [21,23,24,53,65,73,85,92] [26,29,33,44,82,83,91,110] [4,29,55,63,66,80,102,110] [2,16,17,31,40,50,60,79] [7,40,42,48,65,89,115,122] [1,18,52,53,55,78,99,122] [8,26,63,87,89,112,116,126] [24,45,56,59,75,87,100,106] [5,18,45,53,57,65,72,114] [0,2,32,38,49,50,94,122] [3,16,19,31,36,47,68,75] [4,30,48,54,65,103,107,120] [9,19,21,24,28,35,85,89] [0,13,26,60,73,78,91,110] [4,24,63,74,76,80,81,110] [2,5,8,11,19,44,68,120] [7,40,48,65,89,91,113,122] [13,18,52,53,94,99,123,124] [13,26,44,52,58,63,75,126] [24,29,30,33,45,59,87,106] [5,18,45,64,72,74,90,111] [0,13,38,49,80,81,94,96] [3,26,30,36,51,68,75,116] [3,21,28,64,65,96,107,120] [21,33,34,42,52,53,73,85] [13,44,71,75,89,91,110,124] [3,24,29,55,72,80,107,110] [2,8,16,17,40,48,84,120] [7,40,65,80,89,91,115,122] [49,52,53,78,80,94,103,124] [23,24,37,59,68,73,80,125] [43,44,49,56,96,100,104,120] [6,8,37,39,45,80,98,104] [2,22,45,46,94,104,112,114] [39,44,52,55,82,84,105,124] [27,32,35,52,71,90,95,108]
Token 109: [0,2,51,63,73,97,111,118] [32,53,76,86,107,116,122,126] [8,14,20,54,72,81,100,125] [1,25,30,38,71,76,87,105] [0,11,19,23,25,74,83,95] [31,34,41,73,80,82,97,122] [26,27,34,41,58,63,112,116] [24,33,56,82,87,92,95,100] [5,11,18,45,64,72,86,114] [0,2,69,80,85,94,115,125] [3,18,26,36,50,68,78,90] [3,48,54,60,65,72,93,120] [21,23,65,73,79,85,92,118] [0,29,33,44,83,91,102,122] [4,10,55,63,79,80,92,110] [2,8,16,17,31,60,75,87] [7,40,42,48,65,97,115,122] [18,49,58,68,78,99,122,123] [13,26,27,34,58,63,112,126] [45,56,59,75,87,95,100,123] [5,18,35,45,53,72,101,114] [0,2,33,47,50,56,65,94] [16,19,26,31,36,47,68,75] [4,30,48,52,54,65,107,120] [9,21,28,35,78,85,92,118] [0,71,73,78,81,91,95,110] [63,72,74,80,81,103,109,110] [2,5,8,11,59,68,75,87] [7,40,65,89,91,98,113,122] [13,18,37,58,89,99,120,124] [3,9,34,36,52,58,98,126] [24,29,33,36,59,60,87,123] [5,11,18,36,48,72,74,90] [0,2,49,56,63,81,94,96] [3,5,26,30,36,50,75,112] [11,21,31,37,52,65,81,120] [33,34,52,75,78,85,92,118] [44,68,71,73,89,91,102,125] [3,23,29,30,55,72,81,110] [2,5,16,17,40,48,84,87] [7,14,40,80,91,111,115,122] [37,49,52,53,82,100,103,124] [23,24,30,37,68,71,74,80] [11,44,56,75,96,100,104,120] [6,27,37,39,45,94,98,104] [22,45,46,87,92,104,112,114] [39,43,52,82,84,104,105,124] [35,46,52,71,74,90,95,108]
Token 110: [3,28,29,62,77,80,111,126] [11,45,72,76,78,86,113,122] [36,42,72,108,115,119,121,125] [1,11,20,25,76,101,105,119] [11,39,40,74,83,89,97,119] [8,30,31,55,80,97,103,122] [22,46,58,63,66,104,112,116] [9,33,44,82,87,94,100,106] [18,27,44,45,55,67,72,86] [0,2,44,68,69,80,94,102] [1,6,9,18,36,50,69,120] [3,15,21,22,48,60,68,120] [23,25,65,71,73,78,85,92] [24,33,44,91,103,106,110,119] [3,9,11,19,29,62,63,69] [2,17,26,40,50,63,75,79] [42,48,80,84,97,111,115,122] [1,70,77,84,90,99,122,124] [44,46,58,63,104,112,115,116] [24,33,56,82,87,94,100,123] [5,18,27,44,45,55,72,114] [0,2,15,44,50,63,80,94] [18,19,36,50,54,75,77,120] [4,15,30,31,48,52,68,120] [24,28,77,79,85,92,106,108] [0,37,49,73,91,110,119,126] [9,29,62,63,69,72,89,110] [2,5,21,63,84,88,99,122] [23,29,65,89,91,111,122,123] [13,22,29,37,51,84,120,124] [9,36,39,52,55,58,63,101] [24,29,33,36,44,56,87,94] [5,6,18,24,45,48,90,108] [0,39,44,56,63,81,94,96] [5,26,34,36,37,42,75,77] [11,15,17,21,31,68,81,120] [11,28,33,34,77,85,101,106] [27,31,49,89,91,106,124,125] [2,3,29,62,72,97,103,110] [5,16,17,40,48,79,84,99] [14,23,80,89,91,111,115,122] [77,81,82,89,100,103,118,124] [14,24,28,30,43,57,71,110] [2,11,18,46,75,94,96,100] [6,11,78,94,104,108,114,126] [2,4,31,45,86,87,110,114] [43,45,74,96,97,104,120,125] [14,39,42,46,54,61,71,110]
Token 111: [31,53,61,66,69,81,93,101] [25,45,46,83,91,98,115,122] [5,68,72,103,116,117,123,125] [1,3,5,20,101,106,117,119] [11,43,63,83,91,102,111,119] [30,31,41,80,97,111,119,123] [39,46,63,66,104,112,115,116] [9,33,44,72,82,94,100,106] [18,27,28,45,72,86,99,123] [0,2,51,68,69,80,102,105] [1,6,14,18,36,50,69,91] [13,15,22,48,52,58,69,115] [27,30,34,65,69,73,79,85] [13,18,33,44,91,103,106,121] [3,11,19,28,29,63,69,125] [2,34,38,40,50,63,100,120] [20,48,76,80,84,115,121,122] [1,14,61,77,90,99,122,124] [22,34,46,58,63,112,116,122] [24,44,59,72,82,94,100,123] [18,27,35,45,50,57,72,114] [0,2,14,51,68,80,98,105] [18,19,31,36,48,54,68,75] [3,13,15,30,31,48,54,58] [21,24,28,35,69,85,106,108] [13,14,31,73,78,83,91,110] [13,19,29,59,72,81,87,110] [2,5,11,21,50,100,112,122] [10,32,70,89,91,98,103,122] [13,14,37,51,61,95,99,124] [3,9,39,44,58,94,101,120] [11,12,19,36,38,44,72,106] [5,18,48,50,74,90,99,108] [8,14,15,21,39,56,63,105] [1,3,5,32,36,42,75,84] [13,15,17,21,28,31,58,104] [11,28,47,54,57,77,85,106] [13,27,30,68,91,106,122,124] [2,19,29,72,83,84,97,101] [16,17,48,50,63,84,99,100] [14,80,89,91,98,105,115,122] [45,51,61,77,80,82,100,124] [21,30,57,58,68,71,80,115] [5,11,46,65,75,96,98,124] [6,54,64,71,94,98,104,108] [2,40,41,45,54,87,114,127] [26,35,52,63,67,74,120,125] [34,42,46,55,58,65,110,117]
Token 112: [4,14,51,57,101,103,106,118] [25,37,44,48,57,60,91,122] [36,42,68,81,90,107,111,125] [3,5,20,21,26,37,56,106] [7,11,37,43,63,83,102,114] [35,51,55,93,97,99,105,119] [14,22,46,63,66,89,104,116] [33,44,63,72,82,94,100,106] [18,28,40,45,50,86,99,123] [0,7,17,32,66,68,80,105] [6,14,18,19,21,36,69,91] [3,21,28,31,48,53,60,109] [2,4,34,39,65,71,73,85] [18,33,66,78,91,103,106,112] [3,11,15,16,63,105,109,110] [2,11,15,16,17,40,49,100] [12,14,48,80,84,103,115,119] [1,18,55,62,78,82,90,99] [24,34,44,58,63,71,116,122] [9,24,56,59,75,94,100,112] [5,35,45,57,65,72,114,116] [0,10,49,96,98,111,122,125] [3,16,19,36,56,75,90,98] [1,23,37,54,92,103,109,125] [9,21,23,46,65,79,96,108] [31,33,36,49,73,78,81,110] [16,22,59,86,94,105,110,125] [5,15,16,34,59,75,100,120] [4,12,48,89,105,113,115,119] [13,18,68,72,75,93,99,120] [9,26,27,30,34,63,75,101] [9,30,33,60,94,100,103,106] [5,9,15,45,46,93,101,111] [23,30,49,62,63,80,96,104] [7,30,45,86,102,109,110,119] [4,37,64,78,94,109,114,126] [1,9,17,22,74,92,95,125] [20,27,29,74,85,91,104,124] [16,36,87,101,105,107,110,125] [11,21,33,44,75,84,91,120] [1,12,42,48,80,107,113,119] [13,30,34,59,61,88,89,100] [8,17,27,50,56,80,111,115] [29,30,46,65,74,80,82,98] [5,6,11,30,64,70,104,112] [3,29,41,45,65,110,114,117] [26,51,52,63,93,106,120,125] [36,42,46,48,58,83,110,116]
Token 113: [28,33,47,64,75,82,91,95] [28,47,48,62,93,105,109,122] [4,5,46,56,60,72,78,83] [20,21,24,70,72,73,103,106] [5,7,11,32,43,57,60,119] [0,4,8,35,63,87,93,115] [46,63,66,102,103,104,111,116] [19,33,44,82,88,94,100,106] [10,18,45,86,90,94,108,123] [0,7,17,32,35,38,68,80] [18,21,36,69,82,91,94,124] [3,28,31,48,62,90,94,100] [2,4,14,18,34,39,73,127] [18,40,78,83,85,91,106,112] [2,3,15,16,38,53,55,60] [15,16,17,32,40,89,100,125] [14,42,50,80,84,94,100,115] [1,26,36,77,80,82,90,99] [22,46,63,87,103,104,116,118] [24,33,44,82,88,94,100,106] [10,35,45,86,90,94,114,123] [0,7,17,66,68,80,102,111] [18,21,22,23,36,82,85,91] [15,25,31,52,78,94,110,120] [18,24,33,36,46,85,91,108] [12,25,59,73,85,91,99,117] [16,29,59,72,83,94,113,125] [2,11,15,26,84,100,120,125] [1,4,42,91,94,98,100,122] [13,26,34,72,89,99,100,124] [3,9,36,39,58,63,77,104] [33,39,44,56,63,76,100,106] [3,10,11,21,45,90,119,124] [38,56,63,69,70,80,81,91] [5,29,42,67,75,81,92,102] [17,62,75,76,84,110,117,120] [59,62,77,91,92,106,111,125] [13,25,35,85,86,91,92,112] [13,15,19,29,83,87,94,113] [26,27,32,50,58,63,84,125] [34,91,93,94,98,100,106,122] [26,34,60,77,78,82,100,124] [23,30,47,57,58,80,106,117] [11,18,20,46,65,80,82,96] [6,11,57,64,70,94,98,108] [26,41,45,71,76,90,110,114] [14,27,49,66,76,77,122,125] [14,30,58,61,82,83,119,124]
Token 114: [11,72,85,98,100,114,119,122] [14,38,62,63,93,103,106,122] [2,5,16,40,60,78,111,127] [3,20,28,68,73,84,103,106] [11,30,37,52,57,63,64,92] [8,17,25,59,64,73,74,103] [34,53,63,70,71,76,107,116] [18,24,33,59,82,100,106,109] [9,38,45,57,65,72,86,127] [0,2,17,19,49,80,96,111] [3,16,26,47,57,68,69,78] [3,21,24,28,48,54,60,125] [2,8,56,65,73,85,105,127] [0,23,26,58,78,91,106,110] [3,17,67,81,100,107,110,115] [8,16,17,31,40,49,101,120] [14,39,65,81,89,103,105,115] [1,18,21,55,77,78,82,99] [8,24,34,44,63,83,88,105] [24,49,51,82,100,106,109,112] [38,46,65,72,84,101,121,124] [0,9,49,80,85,96,110,125] [45,47,56,61,68,98,105,112] [23,24,49,54,61,92,107,125] [9,15,33,35,65,75,96,99] [0,1,15,28,58,73,81,110] [14,22,32,48,81,85,107,110] [2,15,16,26,41,59,75,120] [39,65,73,82,83,89,97,115] [1,18,21,55,72,75,93,118] [24,26,27,52,63,75,105,126] [30,33,49,100,103,106,109,112] [9,15,46,65,84,101,103,121] [9,10,49,62,79,96,110,125] [30,39,45,56,61,68,78,105] [4,23,29,37,49,61,64,125] [9,15,42,47,52,92,97,99] [10,20,31,49,77,78,85,104] [19,22,36,102,107,109,110,125] [11,53,59,69,75,83,91,120] [42,48,50,80,84,105,107,113] [1,34,59,72,77,82,88,100] [8,17,25,28,56,66,80,111] [18,30,72,74,80,82,91,99] [5,6,29,30,42,52,100,108] [3,29,41,43,67,88,110,114] [16,17,21,43,46,49,76,100] [3,17,61,76,80,87,102,104]
Token 115: [7,27,30,32,58,88,109,121] [1,14,62,65,71,104,105,122] [5,31,49,60,78,111,112,127] [3,20,23,24,28,60,81,103] [5,11,30,46,57,60,96,101] [0,8,35,46,63,87,93,112] [46,63,66,102,103,104,111,116] [19,33,44,63,82,94,100,106] [18,40,43,45,83,86,90,94] [0,7,17,41,68,80,102,125] [18,21,27,36,50,63,82,91] [22,28,48,53,60,73,94,100] [2,4,18,36,73,85,94,127] [8,18,33,62,63,91,106,112] [3,15,16,38,55,69,109,121] [2,15,17,32,40,100,125,126] [0,80,84,93,106,108,115,122] [26,34,36,62,70,77,82,90] [14,22,46,63,102,104,116,118] [33,44,63,82,88,94,100,106] [18,40,45,50,72,83,86,90] [7,17,41,47,66,68,80,102] [18,23,36,82,85,91,103,127] [14,15,22,53,60,94,99,100] [4,26,34,36,46,57,85,127] [63,73,78,91,95,99,106,112] [3,14,15,29,69,83,109,121] [2,11,15,40,58,63,100,125] [4,42,91,93,98,103,113,122] [26,34,37,72,77,93,100,122] [9,34,52,58,63,103,116,124] [24,33,44,56,82,94,100,106] [5,9,18,27,45,83,86,90] [0,7,17,41,63,68,80,102] [7,18,29,33,82,91,94,103] [17,22,31,53,94,99,100,102] [4,7,14,22,26,34,78,85] [20,27,35,91,103,106,112,125] [15,53,61,69,83,94,108,121] [11,17,32,50,58,63,84,125] [14,80,91,93,98,107,115,122] [26,34,37,77,78,82,100,124] [30,33,43,57,58,68,80,115] [18,46,82,96,98,99,100,106] [6,11,29,39,78,94,104,108] [2,4,26,40,45,64,67,114] [20,35,43,49,93,94,104,120] [0,4,42,58,80,83,110,119]
Token 116: [31,32,51,52,69,93,107,120] [2,45,53,60,63,83,105,122] [64,68,72,92,116,117,123,125] [1,3,20,23,89,93,95,106] [2,11,30,37,79,83,102,111] [20,31,35,55,97,111,119,125] [14,43,46,63,104,112,115,116] [33,36,44,72,82,94,100,106] [18,27,28,45,72,86,90,99] [0,2,17,43,68,76,80,105] [14,18,22,31,36,54,68,69] [3,13,28,48,54,58,60,93] [20,21,23,47,69,73,85,92] [18,33,63,91,103,106,110,121] [38,63,69,84,94,109,110,125] [2,15,17,31,34,38,50,100] [42,48,76,82,115,121,122,127] [1,30,70,77,90,99,122,124] [58,63,87,89,112,115,116,122] [24,33,45,56,59,72,75,123] [5,18,27,45,53,57,72,114] [0,2,32,50,56,105,106,111] [19,31,36,47,68,75,116,122] [3,11,30,48,54,58,65,103] [21,24,35,47,57,69,85,89] [0,31,60,73,78,95,99,110] [4,24,63,72,81,84,109,110] [2,11,15,34,63,75,84,100] [1,65,70,97,98,107,113,122] [12,13,14,30,51,77,99,123] [3,9,39,52,58,96,104,126] [11,39,59,72,87,100,106,115] [5,18,28,48,72,74,90,101] [0,13,43,53,63,80,81,105] [3,26,36,51,75,80,84,116] [11,13,17,31,58,101,103,120] [11,20,28,54,69,77,85,122] [71,73,91,106,110,122,124,125] [2,29,69,72,84,97,101,110] [15,17,26,34,48,63,100,112] [14,80,89,91,98,115,122,127] [30,45,73,77,80,82,123,124] [33,43,50,66,88,115,117,119] [11,53,96,98,99,100,101,106] [6,29,41,94,102,104,108,114] [2,45,51,67,71,93,114,127] [35,67,76,77,93,97,120,125] [0,48,55,58,61,83,112,119]
Token 117: [11,16,72,85,100,101,114,119] [21,60,63,72,75,106,119,122] [16,45,65,78,104,107,111,127] [19,20,25,68,93,103,106,114] [11,46,52,57,63,70,102,119] [17,55,59,64,97,103,110,112] [26,34,56,58,63,112,115,116] [9,24,33,59,82,94,100,106] [9,38,45,65,72,86,90,127] [0,2,17,49,71,80,96,111] [3,18,31,36,43,68,69,78] [3,24,28,48,54,60,93,103] [2,21,35,56,65,73,85,105] [33,66,82,83,91,104,106,110] [3,42,66,69,81,107,110,125] [2,16,17,31,40,45,49,75] [14,48,65,80,84,114,115,127] [1,18,30,62,75,77,82,103] [39,46,52,63,64,105,115,116] [33,36,44,82,94,100,106,112] [44,45,55,72,86,90,122,127] [5,62,66,68,80,102,104,111] [18,30,33,36,45,50,91,113] [8,9,36,46,67,78,92,122] [9,28,43,46,47,80,102,111] [23,36,42,91,99,104,106,125] [3,7,8,14,30,52,69,107] [6,11,15,40,61,75,79,120] [1,10,14,80,84,113,114,115] [30,34,37,72,75,77,93,103] [9,36,42,46,63,104,115,116] [33,44,48,60,82,94,100,103] [5,9,15,44,45,55,86,123] [21,23,62,68,80,102,104,111] [2,7,18,33,37,45,77,88] [4,17,46,78,85,102,111,122] [9,32,34,47,80,92,102,108] [20,27,36,82,89,92,106,125] [3,7,23,29,53,69,83,125] [11,17,33,40,58,63,75,120] [1,10,14,42,50,80,107,113] [1,13,34,59,77,88,93,105] [17,25,33,50,56,66,80,111] [18,46,72,74,80,82,99,106] [5,6,25,39,42,103,126,127] [29,41,51,73,77,110,114,117] [16,27,46,63,76,100,106,125] [3,7,46,58,76,87,102,112]
Token 118: [7,58,72,76,88,109,117,121] [1,24,27,28,60,65,97,122] [12,16,40,60,81,95,107,127] [19,20,68,71,84,103,106,115] [11,30,37,52,53,57,70,81] [9,17,25,37,59,64,73,103] [24,27,34,53,63,71,76,107] [9,18,24,59,82,106,109,112] [9,38,45,57,65,72,86,127] [0,2,17,19,49,80,96,122] [16,26,56,68,69,78,105,116] [3,24,28,54,59,60,103,125] [2,9,35,56,65,85,96,105] [0,15,19,23,26,58,78,110] [4,17,67,81,100,107,110,115] [2,16,41,49,59,70,101,120] [0,1,39,65,89,103,105,115] [18,21,33,55,77,82,83,105] [8,24,44,63,70,71,88,105] [9,18,24,49,82,106,109,112] [38,46,57,65,72,84,121,124] [0,9,38,49,80,96,110,125] [7,26,47,56,58,61,68,98] [7,23,24,54,61,103,107,125] [15,28,33,56,65,75,96,99] [0,15,28,49,58,77,81,104] [4,12,22,48,81,92,107,110] [0,8,16,41,49,59,75,120] [35,48,65,82,83,89,111,115] [1,18,21,50,55,68,72,120] [26,27,46,52,63,75,80,86] [6,9,30,36,103,106,109,115] [9,15,29,38,45,46,72,111] [9,10,33,49,79,80,81,105] [7,26,30,37,45,98,112,119] [4,21,37,64,68,78,94,107] [9,17,28,32,42,74,97,108] [10,20,27,52,61,77,104,115] [6,19,26,36,102,107,110,125] [11,33,44,59,69,75,91,120] [1,35,42,48,80,107,111,113] [6,30,34,37,50,59,72,88] [8,17,28,52,56,66,109,111] [72,74,80,82,83,91,99,111] [5,29,42,52,72,96,100,127] [3,16,29,41,51,67,88,99] [16,17,21,43,46,94,100,106] [4,17,48,53,61,72,102,107]
Token 119: [35,52,57,76,109,117,123,127] [24,25,27,60,63,89,109,122] [12,29,48,64,65,92,101,104] [20,25,56,67,93,106,114,117] [11,43,57,63,83,102,119,127] [4,35,55,71,97,99,103,112] [39,43,63,96,104,112,115,116] [33,36,44,82,84,92,94,100] [18,32,45,55,72,83,86,123] [0,17,62,68,80,85,102,105] [0,1,6,12,18,22,36,69] [36,53,54,72,90,94,102,110] [4,18,27,36,54,73,92,111] [13,18,43,85,91,97,106,117] [2,3,11,63,67,68,69,125] [21,34,40,45,50,84,100,125] [0,48,82,84,90,100,106,122] [1,7,30,75,77,90,122,124] [26,46,58,63,104,112,115,116] [33,44,56,82,88,94,100,123] [18,32,45,55,72,108,114,123] [0,14,17,43,50,51,80,85] [7,19,22,36,50,63,75,102] [4,31,58,65,72,90,94,102] [20,28,36,54,69,85,92,125] [12,43,52,85,91,99,110,117] [29,63,67,69,72,110,113,125] [11,15,21,34,75,84,88,102] [0,4,10,53,70,91,98,122] [13,30,50,77,89,99,120,124] [3,9,39,77,91,96,111,115] [12,29,36,39,40,72,84,100] [11,18,32,45,48,74,90,118] [8,14,15,17,43,63,95,115] [5,36,42,63,75,84,92,114] [17,31,53,65,94,102,108,120] [4,11,18,20,28,54,78,122] [27,31,43,91,97,106,124,125] [2,67,68,69,97,98,110,113] [11,16,17,21,26,48,50,63] [0,10,34,46,90,91,106,122] [7,13,34,50,77,80,89,124] [30,33,43,58,66,87,108,117] [7,11,53,58,66,91,98,115] [7,25,29,30,46,52,78,102] [18,41,50,64,71,91,113,116] [13,27,74,76,90,94,100,113] [3,53,61,76,87,102,107,119]
Token 120: [24,47,52,76,88,117,123,127] [25,27,44,52,60,63,109,122] [5,12,29,60,64,81,104,127] [3,19,20,25,60,73,74,95] [7,11,37,51,53,57,70,119] [18,55,74,93,103,110,112,119] [20,39,46,63,87,104,111,116] [19,32,33,44,82,94,100,106] [35,45,67,86,87,90,108,123] [0,7,17,34,68,76,80,102] [7,18,25,27,63,69,91,94] [21,28,48,53,60,90,99,100] [2,4,8,14,34,65,115,127] [8,40,91,92,104,106,112,117] [3,15,53,57,66,69,71,115] [3,6,17,32,40,75,89,125] [0,14,50,75,80,84,115,127] [1,9,18,77,82,100,103,112] [22,46,56,63,64,87,104,116] [32,33,44,82,88,94,100,106] [17,35,44,61,67,86,123,127] [7,17,66,68,76,80,102,111] [18,23,30,83,85,94,98,103] [21,22,53,60,67,69,99,115] [2,4,26,34,43,61,79,127] [2,25,82,99,104,106,112,117] [3,7,14,23,38,53,111,115] [6,11,16,17,40,61,75,120] [14,42,48,50,80,84,93,114] [13,66,72,77,82,90,93,103] [34,36,52,63,83,89,115,116] [9,33,44,82,94,100,103,106] [5,9,15,35,44,86,90,123] [17,21,65,68,80,102,104,111] [7,13,18,30,45,88,103,119] [4,46,53,78,85,99,111,121] [2,4,14,34,36,39,43,108] [20,27,68,73,82,92,106,112] [3,15,24,30,53,102,109,125] [11,17,32,33,40,75,83,125] [1,28,30,42,48,80,107,113] [1,34,39,50,59,88,93,105] [17,25,33,43,50,56,70,111] [11,30,46,68,69,72,80,82] [5,9,25,29,103,104,108,126] [29,41,73,77,99,114,117,121] [16,27,32,46,93,94,100,103] [3,4,53,72,87,102,107,118]
Token 121: [24,27,76,88,109,117,121,127] [13,25,27,52,60,63,97,122] [5,12,29,60,64,65,101,104] [19,20,25,60,74,87,93,101] [7,11,16,26,46,57,60,65] [9,43,55,71,97,110,112,122] [17,39,63,97,102,104,115,116] [32,33,36,44,82,94,100,106] [18,30,32,40,45,86,87,108] [0,8,14,17,68,80,100,102] [4,18,27,31,36,63,69,94] [17,22,48,53,54,56,94,100] [2,4,7,35,36,73,92,94] [8,31,43,91,106,110,112,122] [2,3,14,15,24,55,68,69] [2,16,17,31,32,40,84,125] [0,48,80,84,97,114,115,122] [1,11,50,57,63,77,82,90] [17,22,39,46,63,112,115,116] [33,36,44,56,82,94,100,123] [18,30,32,35,45,55,72,87] [7,17,41,47,62,68,100,111] [2,4,18,27,31,36,91,127] [28,45,48,53,56,94,95,103] [4,7,9,35,36,46,64,85] [8,31,63,73,91,99,110,112] [2,14,24,68,69,72,94,110] [2,11,15,87,100,102,107,120] [4,10,65,89,91,98,100,122] [11,13,14,72,77,89,93,122] [9,26,34,36,52,58,115,126] [33,48,56,60,94,100,103,123] [5,9,18,27,30,32,104,108] [17,23,41,49,62,80,85,96] [4,18,30,33,36,80,82,127] [11,17,22,31,45,53,95,100] [4,7,34,52,54,85,92,94] [20,31,43,89,91,112,124,125] [2,3,15,24,68,72,81,110] [2,17,21,32,75,84,87,125] [10,46,48,54,65,91,115,122] [11,49,50,72,77,81,89,124] [23,30,52,57,69,87,88,115] [11,30,46,47,53,96,111,120] [6,11,29,70,78,94,104,108] [2,45,86,87,92,104,114,117] [1,17,32,42,97,104,123,125] [4,14,39,44,54,61,107,110]
Token 122: [21,32,52,63,71,93,107,120] [19,26,53,63,83,106,116,122] [87,88,103,111,116,117,122,125] [11,20,26,86,87,93,106,117] [7,11,43,79,83,91,100,118] [2,31,49,79,97,111,122,125] [22,26,39,63,104,112,115,116] [33,44,82,84,94,95,100,106] [18,27,44,45,72,86,99,123] [0,2,8,17,43,68,80,111] [6,7,9,14,18,36,68,69] [3,48,53,54,58,93,95,103] [8,21,23,25,69,73,85,92] [18,31,33,63,79,91,110,121] [2,3,28,63,69,92,109,110] [2,17,31,38,40,84,90,112] [4,42,48,89,91,97,105,115] [18,45,53,90,99,122,123,124] [13,26,58,63,89,112,116,122] [24,45,56,59,62,72,75,123] [5,18,45,53,57,72,114,123] [0,2,43,47,49,50,85,111] [7,14,19,31,36,47,68,75] [3,30,54,58,65,93,103,107] [21,24,35,69,75,85,89,92] [31,60,73,78,81,91,95,110] [4,14,63,76,81,109,110,125] [2,11,12,63,75,87,112,120] [4,27,48,65,89,91,97,103] [12,13,14,18,89,99,123,124] [9,26,44,52,58,96,107,126] [33,36,45,59,62,72,106,123] [5,18,21,72,74,99,108,111] [0,13,43,49,50,81,85,92] [26,30,31,36,51,68,75,118] [3,17,31,37,53,54,58,103] [21,35,41,52,73,85,89,92] [25,31,33,71,81,91,110,125] [2,55,72,79,81,94,110,121] [2,8,12,16,17,87,112,120] [4,14,65,80,89,91,105,115] [45,53,68,80,90,103,123,124] [14,30,59,68,71,76,80,115] [11,18,46,61,96,104,106,120] [6,42,52,54,71,104,108,127] [2,45,51,92,94,104,114,127] [43,44,52,54,67,93,97,125] [34,46,61,71,83,104,110,117]
Token 123: [0,27,48,49,50,70,106,110] [44,46,72,91,99,116,122,126] [7,45,74,81,92,111,122,125] [3,26,71,76,94,99,106,114] [7,11,37,43,83,100,110,118] [31,51,84,93,105,111,114,119] [20,39,46,63,87,104,111,116] [9,19,33,44,82,94,100,106] [2,18,45,67,72,86,90,99] [0,5,57,68,80,85,102,111] [2,7,14,18,36,63,69,78] [3,21,22,48,53,58,60,62] [25,39,65,69,73,92,111,112] [12,18,33,63,66,91,106,119] [2,3,11,42,53,55,92,105] [2,38,40,75,80,89,120,125] [4,48,51,53,80,84,98,115] [1,39,80,82,90,99,122,124] [46,58,63,87,89,112,116,122] [24,33,36,44,59,75,94,123] [2,5,45,53,72,114,123,124] [0,2,14,51,78,85,92,115] [7,8,31,36,54,75,94,122] [31,52,58,65,103,110,120,124] [28,47,70,77,92,108,111,122] [12,13,35,78,81,99,119,126] [35,72,81,94,96,105,121,125] [2,11,27,63,75,84,88,102] [1,4,51,53,91,98,100,113] [13,39,72,89,93,99,123,124] [3,9,39,44,63,77,101,104] [10,28,33,36,39,88,106,115] [2,9,23,45,56,76,90,127] [14,21,43,56,80,81,96,115] [2,5,7,29,54,84,102,121] [4,14,17,21,64,65,120,121] [20,28,47,78,85,92,108,125] [12,13,20,27,35,89,119,125] [2,29,53,72,94,105,113,121] [16,17,48,50,58,63,72,84] [4,51,53,80,89,91,98,115] [39,78,80,90,100,103,124,126] [14,23,30,71,76,80,98,115] [11,41,46,53,55,98,100,101] [6,30,56,64,70,98,104,108] [2,20,39,40,45,104,110,114] [20,26,44,49,52,119,120,125] [7,36,39,46,71,97,104,110]
Token 124: [22,28,32,33,47,62,64,72] [19,24,45,48,71,90,116,122] [4,5,62,72,81,85,107,125] [3,17,19,24,76,100,101,119] [7,11,26,37,53,83,119,120] [18,24,31,52,74,103,119,122] [20,46,55,63,66,87,104,112] [31,32,33,44,82,94,100,106] [18,22,38,40,45,67,86,123] [0,7,68,76,80,96,102,111] [18,43,58,63,69,78,91,94] [3,18,21,28,48,53,60,68] [2,4,8,32,34,65,73,127] [12,18,49,52,61,91,103,106] [3,26,42,49,64,71,92,110] [0,2,11,38,40,61,77,89] [4,35,48,50,80,82,100,115] [1,18,54,55,90,92,99,122] [46,55,63,87,89,112,116,118] [24,31,33,36,56,82,94,100] [4,18,22,45,53,90,118,123] [0,2,39,47,69,80,102,111] [2,7,9,29,31,36,37,94] [4,5,14,22,25,30,52,68] [9,28,41,46,78,85,108,124] [12,37,49,52,63,73,99,110] [7,14,26,27,107,109,110,113] [2,11,15,48,61,63,102,120] [35,65,82,89,97,100,113,115] [18,68,72,75,93,103,122,123] [26,30,34,52,63,75,80,116] [33,51,60,94,100,103,106,117] [5,9,15,44,46,72,101,103] [23,33,49,62,69,80,96,104] [2,30,37,45,86,88,101,109] [4,29,37,64,68,78,114,126] [1,9,32,42,52,74,95,118] [10,12,20,49,52,61,108,115] [26,49,64,69,86,92,94,125] [0,17,25,40,75,77,87,120] [35,42,48,65,80,82,100,115] [18,49,54,72,81,82,92,99] [4,21,30,33,66,70,71,123] [2,16,18,41,88,99,100,111] [5,6,29,39,42,62,104,108] [3,45,48,51,54,88,89,114] [14,26,33,43,54,63,93,125] [17,23,39,42,53,61,80,119]
Token 125: [3,11,12,28,29,70,86,118] [24,54,78,91,105,115,116,122] [4,5,36,49,62,115,119,125] [3,11,70,76,101,109,119,120] [5,11,27,34,37,60,114,119] [0,18,31,35,48,87,119,122] [46,63,64,103,104,111,116,118] [7,32,33,44,82,94,100,106] [18,43,44,45,86,90,94,123] [0,35,40,41,68,79,80,102] [2,18,30,36,69,71,91,124] [3,25,48,53,68,73,75,81] [2,4,21,65,67,73,92,127] [12,33,62,63,91,103,106,112] [3,11,18,55,69,81,94,109] [2,16,27,31,32,38,40,127] [4,35,44,48,65,80,109,115] [18,63,75,81,84,90,99,108] [13,55,58,63,107,112,116,118] [24,33,45,59,82,94,100,123] [5,18,45,53,57,72,114,123] [0,2,41,47,50,56,68,79] [2,31,36,47,55,68,71,127] [3,25,30,53,54,75,81,103] [21,24,35,46,57,85,89,94] [0,38,52,60,73,78,81,110] [4,12,14,74,76,81,107,110] [2,11,28,41,87,102,120,125] [34,48,62,65,89,97,109,113] [11,18,54,75,89,108,122,123] [24,26,52,58,75,112,122,126] [7,24,45,48,59,75,106,123] [5,16,18,53,57,81,114,125] [0,13,49,50,85,90,92,100] [12,26,27,31,36,51,68,99] [3,5,21,53,54,56,103,121] [21,35,41,52,85,89,92,94] [26,31,33,47,63,73,91,110] [4,12,14,26,55,81,105,110] [2,17,19,31,41,51,75,125] [23,34,54,65,89,91,109,115] [11,18,54,73,78,81,82,120] [20,23,24,66,69,70,76,113] [18,46,47,74,75,84,96,99] [6,9,11,12,30,67,94,102] [26,54,76,77,82,87,95,114] [1,5,20,37,71,76,97,123] [14,23,25,44,58,74,82,92]
Token 126: [40,43,65,72,73,98,100,122] [18,38,70,94,100,106,122,127] [3,38,40,82,84,88,99,123] [6,31,67,71,76,87,94,117] [7,11,52,64,76,85,106,115] [37,59,61,64,66,73,97,125] [24,34,35,63,83,105,107,112] [24,49,59,75,88,100,109,112] [9,18,57,65,72,81,84,121] [0,9,19,49,85,110,122,125] [3,31,36,57,61,68,78,90] [3,24,54,61,63,93,103,125] [21,23,35,56,65,89,99,108] [15,26,33,58,60,80,91,110] [12,20,32,55,81,100,104,110] [2,8,16,31,41,49,52,101] [42,62,65,76,81,89,97,115] [11,18,33,41,42,68,99,105] [8,24,44,63,71,81,112,126] [24,49,59,62,101,112,119,123] [16,35,41,57,66,72,81,114] [0,2,49,50,85,98,110,125] [27,31,36,47,51,56,68,90] [3,32,53,54,56,65,103,107] [21,28,35,46,64,75,85,89] [8,15,38,47,60,73,81,110] [4,14,22,32,76,81,104,126] [2,8,28,37,52,120,125,127] [34,48,62,65,89,97,98,101] [11,18,27,55,57,80,108,123] [24,26,36,52,58,63,70,126] [24,45,59,75,92,106,112,123] [16,30,65,72,81,111,114,125] [0,2,13,50,85,90,100,125] [4,26,27,31,36,51,68,90] [3,21,23,53,54,56,103,125] [21,35,61,65,85,89,94,125] [0,26,31,33,47,58,91,110] [4,12,32,55,81,100,104,107] [2,10,17,40,49,52,59,70] [45,48,54,65,81,89,105,115] [1,18,21,48,55,69,78,105] [31,32,52,64,68,80,113,115] [11,31,37,46,77,78,88,104] [6,8,16,53,73,90,98,104] [22,27,32,82,87,94,101,114] [5,11,34,38,52,55,71,98] [20,44,57,73,74,86,105,109]
Token 127: [14,21,50,51,57,74,103,106] [3,6,9,28,62,95,109,122] [12,41,84,90,111,115,122,125] [4,23,39,67,71,87,95,117] [7,11,23,50,56,58,83,119] [18,31,47,51,68,73,105,110] [26,34,56,58,63,112,116,126] [24,33,36,44,59,82,94,100] [18,36,38,45,72,86,109,127] [0,2,32,49,80,85,122,125] [3,29,31,36,59,68,78,90] [3,48,53,54,63,93,103,109] [21,23,24,35,65,73,79,108] [26,31,33,83,91,110,118,122] [4,16,42,63,81,105,109,110] [2,11,16,31,49,59,72,103] [42,48,65,81,89,97,115,119] [1,18,55,75,82,90,99,123] [24,26,63,70,87,112,122,126] [24,59,62,75,106,112,119,123] [5,57,66,72,81,101,109,114] [0,2,13,49,50,98,122,125] [3,31,36,47,51,58,68,90] [26,32,54,56,95,103,107,109] [21,23,24,28,35,47,65,89] [31,47,66,73,81,91,110,119] [4,14,16,63,81,89,105,110] [2,12,16,28,41,59,72,120] [12,48,65,89,91,98,100,119] [18,39,49,68,80,99,120,123] [26,52,58,63,70,75,86,126] [24,33,59,73,75,92,106,123] [36,41,53,57,72,90,101,111] [0,13,32,49,50,85,96,98] [26,30,31,36,51,68,90,112] [3,21,28,53,54,103,107,109] [21,23,24,41,65,73,85,125] [26,29,33,66,82,91,110,118] [3,4,16,55,81,105,107,110] [2,16,17,40,59,72,84,120] [12,80,89,91,105,115,119,122] [2,18,66,78,80,82,103,124] [18,23,27,68,80,102,115,123] [6,29,36,41,46,87,100,104] [6,20,27,48,69,98,104,121] [12,22,27,32,45,58,70,114] [52,55,60,75,104,115,117,127] [36,47,66,71,86,88,120,123]
