MODEL: qwen3_30b
TOKEN_COUNT: 128
ACTIVE_EXPERTS: 8
================================================================================
PROMPT TEXT:
In September 2010 , a teaser website was revealed by Sega , hinting at a new Valkyria Chronicles game . In its September issue , Famitsu listed that Senjō no Valkyria 3 would be arriving on the PlayStation Portable . Its first public appearance was at the 2010 Tokyo Game Show ( TGS ) , where a demo was made available for journalists and attendees . During the publicity , story details were kept scant so as not to spoil too much for potential players , along with some of its content still being in flux at the time of its reveal . To promote the game and detail the story leading into the game 's events , an episodic Flash visual novel written by Fujii began release in January 2011 . The game was released January 27 , 2011 . During an interview , the development team said that the game had the capacity for downloadable content ( DLC ) , but that no plans were finalized . Multiple DLC maps , featuring additional missions and recruitable characters , were released between February and April 2011 . An expanded edition of the game , Valkyria Chronicles III Extra Edition , released on November 23 , 2011 . Packaged and sold at a lower price than the original , Extra Edition game with seven additional episodes : three new , three chosen by staff from the game 's DLC , and one made available as a pre @-@ order bonus . People who also owned the original game could transfer their save data between versions .
================================================================================
GENERATED TEXT:
 The game was released in North America on May 3 , 2011 . The game was released in Europe on October 28 , 2011 . The game was released in Japan on January 27 , 2011 . The game was released in Japan on January 27 , 2011 . The game was released in Japan on January 27 , 2011 . The game was released in Japan on January 27 , 2011 . The game was released in Japan on January 27 , 2011 . The game was
================================================================================
EXPERT TRACE (Per token, list of layer expert IDs):
================================================================================
Token   0: [14,21,50,51,57,103,106,110] [3,6,9,28,37,62,95,122] [41,50,84,90,111,115,122,125] [3,4,20,32,39,71,87,118] [11,34,37,50,56,58,63,64] [18,47,51,68,103,105,110,119] [26,34,44,46,47,56,63,116] [33,44,48,82,94,100,106,109] [36,44,67,72,86,90,109,127] [0,9,32,65,68,80,102,110] [18,30,50,61,91,105,113,123] [3,24,49,61,69,109,115,125] [15,24,34,56,65,79,99,115] [6,23,26,28,66,98,106,118] [3,4,16,17,48,53,90,105] [16,17,40,70,72,85,101,103] [12,14,39,81,84,115,119,124] [1,18,19,55,69,77,99,103] [34,56,58,63,83,105,116,122] [3,33,49,75,82,94,100,112] [44,65,72,84,114,116,121,127] [0,9,80,98,102,110,122,125] [18,50,56,61,78,90,98,105] [3,23,24,26,49,54,61,125] [15,23,24,34,79,80,96,99] [15,23,26,28,58,66,110,118] [3,4,16,17,20,48,100,105] [16,17,40,59,70,72,120,127] [12,14,30,48,80,81,119,124] [1,21,55,66,77,83,90,103] [34,56,63,83,104,105,107,126] [33,44,49,75,82,94,100,112] [44,65,72,86,90,109,121,127] [0,9,32,80,98,102,122,125] [18,50,56,69,78,90,98,105] [3,23,24,54,61,63,109,125] [2,23,24,34,65,73,79,114] [23,66,78,82,98,106,113,118] [3,16,53,55,69,90,105,115] [9,16,17,40,61,72,103,120] [12,14,30,80,84,115,119,127] [2,9,35,66,77,78,82,103] [18,23,27,80,92,93,102,115] [6,29,36,46,65,87,100,104] [6,14,20,27,48,69,98,104] [22,27,32,45,58,70,80,114] [52,55,63,75,101,104,115,117] [36,47,66,86,88,120,123,124]
Token   1: [28,36,83,87,91,112,124,125] [9,16,29,45,48,68,71,122] [4,5,23,36,67,76,100,125] [12,20,70,73,92,101,112,114] [7,11,27,37,38,50,57,60] [10,63,74,87,93,103,115,119] [23,46,63,103,104,111,116,118] [2,19,33,44,82,94,100,106] [15,20,35,43,44,67,86,127] [32,35,57,65,66,68,80,102] [10,18,30,50,88,91,103,109] [8,22,36,42,53,69,89,115] [2,26,34,73,75,102,114,115] [41,57,76,82,83,91,98,106] [3,16,23,53,55,60,69,102] [6,16,17,32,40,72,82,126] [1,14,55,60,80,84,108,110] [15,46,52,64,77,82,94,103] [46,52,56,63,104,115,116,124] [2,32,33,44,82,94,100,106] [15,35,40,44,45,67,72,86] [17,32,35,65,68,80,102,111] [18,23,30,50,91,98,103,109] [8,22,42,46,48,53,85,96] [0,2,14,26,34,73,80,115] [18,23,41,57,82,91,98,106] [3,16,53,55,60,69,102,109] [6,16,17,40,58,72,99,120] [1,14,60,80,84,108,110,122] [15,46,64,77,78,82,94,103] [22,46,56,63,89,104,116,124] [2,33,36,44,82,94,100,106] [20,44,45,55,67,72,86,127] [0,32,35,65,68,80,102,111] [18,23,30,50,69,98,103,113] [22,42,53,60,69,85,89,115] [2,26,34,42,61,73,80,115] [10,18,41,57,76,82,91,106] [3,16,53,55,60,69,80,102] [9,16,17,31,40,60,61,120] [14,60,80,84,108,110,115,127] [15,36,46,52,64,78,103,122] [23,24,49,52,73,80,90,125] [12,19,49,80,100,104,121,125] [6,11,23,45,88,98,99,104] [5,17,22,45,46,76,112,114] [5,29,30,39,52,81,104,105] [15,35,71,74,95,111,121,127]
Token   2: [0,16,51,53,70,97,104,120] [20,24,34,62,76,86,107,122] [10,14,81,87,100,107,116,125] [3,12,13,20,25,32,76,105] [0,11,23,25,38,58,74,89] [47,68,74,80,97,103,107,119] [13,39,46,56,58,63,64,116] [33,44,60,82,87,94,100,106] [15,36,44,45,64,67,86,127] [0,8,32,65,68,80,94,102] [14,18,30,50,69,103,108,113] [8,22,48,67,69,86,89,115] [2,26,34,42,53,73,79,115] [21,44,68,75,82,91,98,106] [3,11,29,53,55,69,79,80] [6,16,17,40,50,60,61,120] [7,14,39,40,60,80,84,122] [1,15,52,53,77,82,94,103] [22,39,46,56,63,89,104,116] [33,44,59,82,87,94,100,106] [36,44,45,55,64,72,86,114] [0,32,65,68,76,80,94,102] [6,14,18,30,50,69,91,113] [8,20,48,60,63,69,89,115] [2,34,53,71,73,79,80,115] [44,75,82,83,91,98,106,118] [3,23,38,53,55,57,69,80] [6,9,16,17,40,60,61,120] [1,14,30,40,80,84,114,127] [9,15,52,53,77,82,90,103] [22,39,46,63,89,104,116,124] [21,33,44,82,87,94,100,106] [44,45,55,64,67,72,86,127] [17,24,68,76,80,94,102,111] [7,18,30,50,69,91,108,113] [8,60,69,85,86,89,115,122] [2,30,34,53,61,73,80,102] [10,21,44,75,76,82,98,106] [3,29,53,55,69,79,80,95] [9,16,17,40,60,61,78,120] [7,14,15,30,40,80,84,127] [9,15,52,53,78,103,106,117] [23,24,37,59,73,74,80,125] [20,43,46,49,81,100,104,120] [6,37,38,45,54,80,98,104] [22,27,45,46,63,80,112,114] [39,52,55,63,82,84,105,124] [10,27,32,35,52,71,90,95]
Token   3: [3,28,29,62,77,80,111,126] [11,45,62,76,78,86,93,122] [0,23,36,72,115,119,121,125] [1,11,20,25,76,101,105,119] [0,11,37,39,40,57,74,97] [30,55,80,97,99,103,119,122] [39,46,63,64,89,104,115,116] [9,33,44,82,87,94,100,106] [24,27,44,55,67,72,86,127] [17,32,62,68,80,94,97,102] [1,14,18,30,50,91,113,120] [8,22,68,69,86,89,115,120] [2,26,34,53,73,80,102,115] [24,44,49,68,75,82,98,106] [3,11,23,29,55,62,69,101] [16,17,40,61,78,98,99,120] [1,14,40,80,84,111,114,123] [9,53,62,77,82,84,103,107] [22,46,56,63,64,104,115,116] [33,36,44,82,87,94,100,106] [24,44,45,55,64,72,86,90] [62,68,76,80,94,97,102,111] [6,18,36,50,69,91,113,120] [46,48,60,68,69,86,89,115] [2,27,34,53,71,73,80,102] [18,24,44,49,82,83,98,106] [3,9,10,23,55,62,69,101] [3,6,17,40,79,82,98,120] [1,14,30,80,84,114,123,127] [9,14,53,65,77,82,84,103] [22,46,63,89,102,104,116,124] [33,36,44,82,87,94,100,106] [24,27,37,44,45,55,72,86] [17,68,76,80,94,102,105,111] [18,30,36,50,69,91,113,120] [20,68,69,71,85,86,115,122] [30,34,39,53,73,80,95,102] [24,44,49,75,91,95,106,107] [3,11,29,38,53,55,62,69] [16,17,20,31,40,61,71,120] [23,29,80,84,111,115,123,127] [0,53,63,65,77,80,84,103] [20,23,24,28,75,80,115,117] [8,20,46,47,100,104,120,121] [3,6,13,80,98,104,108,110] [5,22,27,45,47,83,87,114] [10,45,52,55,68,82,104,124] [11,27,31,54,74,90,112,127]
Token   4: [0,31,61,69,81,93,101,107] [45,60,62,63,83,91,115,122] [68,92,103,116,117,121,123,125] [1,20,25,93,99,100,106,119] [0,7,11,39,89,91,102,111] [30,31,55,80,97,99,111,119] [22,46,63,64,89,104,115,116] [5,33,44,72,82,94,100,106] [27,28,44,45,55,67,86,99] [17,62,68,76,80,84,102,105] [14,18,50,83,84,91,113,116] [13,15,22,53,58,69,86,115] [27,34,47,69,73,85,95,102] [13,24,31,44,68,85,106,121] [3,28,29,55,69,84,101,109] [3,17,34,40,50,98,100,120] [1,14,20,80,84,121,123,127] [5,14,30,45,62,77,97,103] [22,46,63,64,89,104,116,124] [5,33,44,72,82,94,100,106] [32,37,44,45,72,86,90,99] [17,24,68,76,80,94,102,105] [7,14,18,50,69,91,113,120] [13,58,69,86,89,90,115,122] [2,27,30,34,61,69,73,102] [40,44,82,83,85,106,107,121] [3,38,55,57,69,84,101,109] [3,6,17,34,40,100,120,121] [1,14,30,80,84,114,121,127] [1,9,14,30,45,77,82,103] [14,22,46,63,89,104,116,124] [5,32,33,44,82,88,94,106] [27,32,37,45,55,67,86,100] [17,24,57,68,76,80,102,105] [14,18,45,50,69,83,91,120] [13,58,60,69,85,86,115,122] [2,27,36,69,73,95,102,120] [13,55,68,79,99,106,107,121] [3,28,29,38,55,57,69,101] [3,9,16,17,34,40,50,100] [20,30,80,84,105,114,121,127] [1,9,14,30,45,77,97,103] [14,23,55,80,101,115,117,119] [4,5,20,36,46,58,100,104] [3,6,54,56,69,71,98,104] [20,22,27,45,54,114,117,127] [14,52,55,63,67,77,98,117] [27,32,34,55,58,86,112,117]
Token   5: [28,33,34,75,87,91,101,110] [28,37,60,63,71,90,93,122] [4,36,42,46,48,64,68,104] [21,24,71,73,74,93,103,106] [7,11,51,53,57,60,70,102] [18,35,55,63,93,110,119,122] [14,46,63,87,89,97,104,124] [5,32,33,40,44,82,94,106] [4,32,35,37,45,86,100,108] [7,17,35,68,76,80,102,105] [18,33,40,50,82,85,91,103] [18,48,50,85,94,97,100,122] [2,4,14,34,36,61,95,126] [2,34,40,68,106,112,120,127] [3,15,38,53,55,57,64,109] [3,17,32,40,54,89,100,120] [1,10,13,14,30,80,84,127] [1,3,9,30,36,61,82,92] [14,22,46,63,89,104,116,119] [5,33,36,44,82,88,94,100] [4,32,37,45,61,86,100,108] [7,17,24,35,68,76,80,102] [15,18,33,50,82,85,91,124] [18,60,69,85,94,97,100,122] [2,14,27,30,34,36,67,102] [2,62,82,89,106,112,120,127] [3,15,38,49,55,57,64,71] [0,32,40,54,58,100,106,120] [1,14,30,80,84,93,100,127] [3,30,36,61,73,82,92,100] [14,22,46,63,89,104,116,124] [5,33,44,82,88,89,94,106] [4,22,32,35,37,45,86,100] [7,17,41,68,76,80,82,105] [9,15,18,50,82,85,91,124] [18,25,30,60,85,94,100,115] [2,14,24,27,34,36,73,112] [45,87,89,91,106,112,120,127] [3,15,38,55,57,64,69,87] [25,32,40,54,77,89,100,106] [13,14,28,30,80,100,115,127] [1,6,9,30,61,92,100,121] [3,8,14,23,55,80,86,115] [5,26,46,68,80,100,104,124] [6,11,27,39,62,69,104,126] [2,12,22,32,45,92,114,117] [14,35,51,52,55,104,117,122] [10,21,26,30,57,58,94,114]
Token   6: [41,75,87,91,105,110,111,122] [13,16,37,38,46,59,63,103] [36,42,49,57,60,64,72,104] [3,20,24,70,71,73,80,106] [5,7,11,37,51,57,60,102] [35,55,63,87,93,115,119,122] [14,22,46,63,89,102,104,116] [5,19,33,44,82,94,100,106] [10,37,45,50,67,86,108,123] [8,17,35,41,68,76,80,102] [7,18,33,50,82,85,91,124] [38,46,62,73,94,97,100,122] [2,4,7,14,34,36,61,126] [2,40,62,68,106,109,112,123] [3,15,18,29,38,57,69,109] [16,17,32,40,54,63,100,125] [1,11,14,30,80,84,108,127] [1,9,26,36,62,65,77,100] [14,22,46,63,89,104,116,119] [5,33,44,82,88,94,100,106] [32,35,45,61,67,86,90,100] [7,17,24,35,68,76,80,102] [15,18,33,50,82,85,91,124] [1,42,43,85,94,97,100,122] [0,2,4,14,34,38,67,102] [2,57,62,106,109,112,123,127] [3,15,38,55,57,60,69,71] [17,32,40,54,63,120,125,126] [14,30,44,80,84,93,108,127] [0,9,26,36,65,77,81,82] [14,22,46,63,89,104,116,118] [5,33,36,44,82,88,94,106] [27,32,37,44,45,50,86,100] [8,17,35,41,68,76,80,102] [15,18,33,50,69,82,91,124] [25,42,73,85,94,97,100,115] [0,2,4,14,38,73,102,103] [41,57,62,68,106,109,112,123] [3,15,18,38,55,60,69,71] [17,20,32,40,54,107,125,126] [29,30,44,77,80,93,115,127] [0,9,26,63,65,77,82,103] [23,24,49,75,80,115,117,126] [8,46,56,68,100,104,120,121] [3,6,11,29,69,80,98,110] [5,22,27,45,47,83,87,114] [10,45,52,55,60,68,104,117] [15,31,44,74,82,90,112,127]
Token   7: [31,47,53,61,69,93,120,122] [2,13,25,45,63,83,91,122] [12,65,68,104,116,117,123,125] [1,20,25,71,89,93,101,106] [11,37,43,63,79,85,91,111] [30,35,55,97,103,111,119,125] [14,39,46,63,64,96,115,116] [5,33,44,72,82,94,100,106] [27,28,44,45,72,86,90,99] [17,43,48,68,76,80,102,105] [14,18,21,50,83,91,113,123] [13,46,58,86,89,115,120,122] [2,4,30,34,69,73,80,102] [21,44,68,79,91,95,106,121] [3,23,28,38,55,69,101,125] [3,17,34,40,45,50,100,120] [14,20,30,80,84,114,121,127] [1,7,14,45,61,77,97,103] [14,22,46,56,63,64,115,116] [33,44,72,82,88,94,100,106] [21,27,44,45,55,86,90,99] [17,68,76,80,97,102,105,111] [13,14,18,19,50,69,91,113] [1,58,69,85,89,90,115,122] [2,4,30,34,53,69,73,102] [44,79,82,91,95,106,117,121] [3,4,38,55,69,84,101,125] [3,16,17,34,40,45,100,120] [1,14,30,80,84,114,121,127] [1,5,7,45,61,77,82,103] [22,46,63,66,89,104,115,116] [19,33,44,72,82,88,94,106] [27,32,44,45,50,72,86,99] [17,68,76,80,85,102,105,111] [14,18,19,40,50,63,69,91] [13,58,60,72,85,86,90,115] [2,4,36,66,69,71,73,126] [32,44,47,79,93,106,117,121] [3,38,55,67,69,101,119,125] [16,29,30,31,34,40,45,100] [30,54,80,90,112,115,121,127] [7,14,45,61,77,80,82,97] [23,65,75,80,101,108,115,117] [4,46,65,66,100,104,115,120] [6,29,46,54,69,71,98,104] [2,20,22,27,45,50,71,114] [27,52,55,63,67,68,77,117] [32,34,55,58,71,86,112,117]
Token   8: [2,21,33,75,87,91,104,123] [28,45,60,63,65,75,103,122] [46,60,64,65,81,101,104,127] [5,25,60,64,93,103,106,117] [11,37,43,57,60,64,96,102] [30,55,71,93,97,99,103,112] [39,46,56,63,89,96,104,115] [31,33,36,44,82,88,94,100] [30,32,44,45,55,86,90,123] [0,17,62,68,76,80,100,102] [4,18,27,40,50,91,94,97] [45,46,56,58,72,90,115,120] [2,4,30,34,36,54,61,73] [8,13,43,47,79,85,91,106] [3,14,15,23,68,69,119,125] [16,17,32,40,45,54,84,106] [10,28,30,46,48,84,90,114] [1,5,7,49,57,77,82,99] [17,22,39,63,87,96,115,116] [33,44,48,58,82,94,100,123] [30,32,44,45,55,90,114,122] [17,62,68,76,85,97,100,102] [2,4,18,19,27,40,50,91] [1,45,54,56,58,60,72,85] [2,4,30,35,36,64,73,102] [8,43,47,67,82,95,106,117] [3,14,67,68,69,98,109,119] [16,17,29,30,40,45,100,106] [0,14,28,46,90,112,114,127] [5,7,11,57,77,80,82,122] [17,22,58,63,87,104,115,116] [32,33,44,48,82,94,100,123] [30,32,35,44,45,90,108,114] [17,23,41,62,76,85,100,111] [4,18,19,27,40,50,63,69] [1,45,54,56,72,94,95,100] [2,4,35,36,54,64,73,127] [8,38,47,67,91,106,112,117] [2,3,15,55,67,68,69,98] [17,29,30,31,32,100,106,125] [0,1,28,30,46,54,90,115] [7,11,49,57,77,81,82,88] [14,17,23,25,52,69,87,117] [24,53,66,99,115,120,122,124] [9,11,29,41,94,104,108,113] [20,45,48,50,63,71,87,95] [27,32,33,51,68,76,77,122] [14,23,28,44,58,82,107,112]
Token   9: [16,38,72,98,100,114,119,122] [25,44,52,63,77,78,106,122] [29,45,60,65,78,103,111,127] [5,19,20,25,80,93,103,106] [2,7,11,37,57,60,63,70] [18,20,55,71,93,110,112,119] [20,39,46,63,89,97,104,115] [33,36,44,63,82,89,94,100] [30,32,45,55,86,90,108,123] [7,17,62,68,80,85,100,102] [4,7,12,18,27,63,91,94] [31,45,53,56,72,90,95,100] [2,4,8,34,61,66,71,102] [8,35,87,92,93,106,112,117] [3,14,67,68,69,109,119,125] [3,17,29,32,40,45,58,106] [28,30,80,84,90,106,114,127] [1,5,7,44,57,62,77,82] [22,46,63,87,96,104,115,116] [33,36,44,82,88,94,100,106] [21,30,32,45,55,67,86,90] [17,62,68,80,85,100,102,111] [4,12,18,27,50,63,91,94] [45,53,56,60,72,90,95,100] [2,4,8,27,34,61,102,127] [8,47,92,93,103,106,112,117] [3,38,67,68,69,98,109,119] [17,29,32,40,45,89,120,125] [0,1,30,80,84,90,106,127] [5,7,44,57,73,77,82,88] [22,46,63,66,87,104,115,116] [19,32,33,44,82,88,94,106] [30,32,45,67,77,86,90,123] [2,17,68,76,80,85,100,111] [4,12,18,27,50,63,91,94] [45,53,56,60,72,90,95,96] [2,4,8,27,64,66,117,127] [0,8,38,67,93,103,106,117] [2,55,67,68,69,98,109,119] [29,30,31,40,45,63,106,127] [0,30,48,54,90,97,106,112] [7,44,50,55,57,73,77,80] [14,23,52,71,80,99,108,117] [20,52,58,66,68,100,104,115] [6,29,39,46,57,105,108,111] [30,50,54,71,87,91,99,114] [16,27,32,68,76,77,94,125] [3,8,53,76,87,102,104,112]
Token  10: [7,30,38,58,72,88,109,121] [24,25,27,52,63,65,77,122] [29,45,60,65,89,101,111,112] [19,20,25,28,69,80,93,108] [2,7,11,30,57,63,100,112] [18,20,55,71,93,110,112,119] [17,46,63,89,96,104,115,116] [1,33,44,78,82,88,94,106] [30,32,77,83,86,87,108,123] [7,17,53,68,80,82,85,100] [4,16,18,27,63,91,94,126] [45,53,56,59,72,95,99,121] [2,4,8,18,27,47,64,127] [8,35,67,78,91,92,106,112] [3,14,15,38,67,68,69,125] [17,29,32,40,45,75,89,106] [0,1,14,30,80,82,84,106] [1,7,34,44,57,77,82,88] [17,46,63,87,96,104,115,116] [32,33,44,58,82,88,94,106] [30,32,45,53,67,77,83,90] [7,17,51,68,80,85,100,115] [4,9,12,27,63,91,94,126] [45,52,53,56,60,72,95,121] [2,4,8,27,37,54,64,127] [8,35,47,52,67,92,106,117] [3,38,67,68,69,98,109,113] [0,21,26,29,40,45,50,106] [0,1,27,30,34,54,70,90] [13,57,73,77,80,82,88,99] [17,58,63,96,104,115,116,120] [33,44,56,58,82,88,94,120] [21,30,32,45,53,77,90,124] [17,53,68,69,80,81,85,100] [4,5,9,35,63,67,92,118] [28,52,53,72,84,95,117,120] [4,8,22,64,92,111,117,127] [8,35,47,52,67,91,106,117] [2,12,15,38,55,67,68,69] [16,29,32,40,45,50,63,106] [0,30,48,54,90,106,112,115] [5,7,11,44,50,57,77,80] [14,23,52,69,80,99,108,117] [0,46,52,58,66,100,115,122] [2,6,16,29,39,46,105,111] [5,30,50,65,87,91,95,99] [1,5,27,32,68,76,94,122] [4,44,53,58,87,102,107,112]
Token  11: [13,26,52,65,72,98,100,102] [18,50,63,94,100,122,124,127] [49,53,57,65,84,88,99,104] [19,25,45,71,86,93,94,116] [2,17,79,85,96,102,106,115] [30,42,55,59,64,71,103,112] [35,56,63,83,89,96,115,116] [5,33,44,49,82,88,94,100] [32,40,44,45,55,86,87,123] [17,62,68,76,80,85,100,102] [4,16,18,27,50,57,63,73] [26,45,52,53,56,95,99,115] [2,4,8,27,36,61,69,117] [6,8,47,67,78,91,106,112] [3,20,38,55,63,68,69,125] [17,29,32,40,45,52,63,106] [28,30,54,76,84,90,108,127] [1,49,50,57,72,77,82,122] [17,22,46,63,87,96,115,116] [33,44,58,82,88,94,100,123] [30,32,44,45,53,55,72,90] [17,68,76,80,85,100,102,111] [4,18,19,27,50,91,94,126] [25,31,45,52,56,60,95,115] [2,4,27,61,64,71,102,117] [8,47,67,78,91,95,106,112] [3,14,20,55,68,69,109,125] [16,17,32,40,50,52,106,120] [14,30,54,90,97,100,108,127] [57,61,73,77,80,99,118,120] [9,34,58,63,87,96,115,116] [33,44,58,82,88,94,100,123] [30,32,45,53,72,77,90,114] [17,51,76,80,85,100,111,115] [4,18,27,40,50,63,70,73] [45,52,53,56,85,94,95,99] [2,4,7,34,36,64,73,117] [8,35,36,47,78,91,106,112] [20,32,55,67,68,69,98,119] [16,29,30,40,45,50,52,63] [0,30,48,54,90,106,115,127] [5,7,50,57,72,77,80,82] [23,24,39,69,80,108,115,117] [18,46,58,66,75,100,115,120] [6,16,25,29,46,53,104,108] [2,20,38,45,50,71,95,99] [27,32,68,76,77,94,122,123] [4,58,71,73,76,107,109,112]
Token  12: [11,16,45,72,85,100,114,119] [8,22,63,70,106,119,122,127] [2,16,45,65,78,101,104,127] [19,25,29,72,74,81,86,93] [46,52,64,70,81,92,93,115] [9,22,25,37,59,64,91,103] [27,34,47,53,63,71,76,89] [9,18,24,59,100,106,109,112] [9,38,45,57,65,90,116,127] [0,2,17,19,49,55,80,96] [3,16,18,26,57,68,105,112] [23,24,28,49,52,60,61,125] [2,15,34,56,65,96,99,115] [15,23,26,28,58,78,106,118] [3,17,20,48,67,81,100,110] [16,40,49,59,70,85,101,120] [30,39,65,73,81,89,105,115] [1,18,21,42,55,77,83,99] [24,34,39,56,63,105,116,126] [3,24,49,59,62,100,109,112] [38,65,72,84,101,116,121,127] [0,9,49,96,98,110,122,125] [16,56,61,68,78,90,98,105] [3,7,23,24,49,54,61,125] [4,15,23,56,65,79,96,99] [15,19,26,28,29,58,78,118] [4,48,55,81,98,100,103,110] [16,31,41,49,59,70,120,127] [39,48,73,81,87,89,105,115] [1,18,21,42,55,77,83,120] [24,26,34,53,63,83,105,126] [18,24,59,75,100,109,112,123] [29,57,65,66,72,90,101,121] [0,13,49,96,98,110,122,125] [16,26,56,68,78,90,98,105] [3,23,52,54,66,94,121,125] [21,23,56,65,73,79,85,96] [0,20,31,47,78,103,104,118] [3,17,49,55,81,86,102,125] [11,48,49,51,59,75,83,120] [1,34,42,70,87,107,115,127] [1,34,59,72,77,78,88,120] [8,17,50,56,70,111,114,115] [18,30,68,72,80,96,98,99] [5,6,7,12,25,30,102,104] [29,41,58,67,73,107,110,117] [16,27,37,46,76,100,103,122] [3,46,76,87,99,102,104,112]
Token  13: [7,32,58,72,88,109,117,121] [1,8,27,63,65,97,109,122] [12,45,60,81,95,107,111,127] [19,20,25,71,72,81,103,126] [2,11,30,37,52,57,70,81] [17,18,64,74,103,110,112,119] [34,39,46,56,63,87,104,116] [24,33,44,82,88,94,100,106] [44,45,65,67,72,86,90,127] [0,17,68,76,80,96,102,111] [18,50,51,69,78,85,91,105] [24,28,43,46,48,49,60,89] [2,4,15,34,56,65,102,115] [10,15,28,40,58,91,106,112] [3,20,23,53,57,67,69,115] [6,16,17,32,40,85,89,120] [0,80,84,93,105,114,115,124] [1,5,17,19,57,77,82,103] [22,46,52,56,104,105,115,116] [33,44,49,58,82,94,100,112] [44,45,55,65,84,86,121,122] [9,17,68,80,102,104,110,125] [18,30,45,50,56,61,91,105] [1,23,24,46,49,61,99,122] [2,15,30,34,73,80,99,102] [15,28,58,106,112,115,118,125] [3,7,14,20,30,48,69,109] [0,16,17,26,32,40,58,120] [14,39,48,62,80,84,114,127] [72,75,77,82,88,93,103,118] [22,46,63,83,89,104,105,116] [5,33,44,49,82,94,106,112] [9,35,44,45,65,84,86,121] [9,23,68,76,80,102,110,125] [18,19,33,50,56,61,105,113] [1,4,23,49,54,61,85,125] [14,34,36,54,61,73,102,108] [13,20,27,52,82,92,106,112] [3,15,53,55,57,69,102,125] [11,17,32,33,40,58,72,75] [1,42,48,80,107,111,113,127] [34,39,59,72,77,80,88,93] [8,17,56,66,70,80,111,115] [5,46,68,72,74,80,82,99] [5,6,34,39,69,76,104,126] [29,41,54,73,91,110,114,117] [15,16,43,46,63,94,100,125] [4,53,72,94,99,102,107,113]
Token  14: [35,52,57,76,109,117,123,127] [8,27,52,63,89,97,109,122] [29,48,60,64,65,101,103,104] [19,25,29,67,71,74,86,93] [2,11,16,43,57,64,89,96] [20,55,71,93,103,109,110,112] [39,46,63,89,96,104,115,116] [31,33,36,44,82,94,100,106] [21,32,45,55,72,86,87,90] [14,17,26,34,68,80,85,102] [4,5,12,18,22,42,50,63] [13,45,53,60,90,94,95,110] [2,4,8,27,34,36,54,117] [43,47,85,91,93,106,117,118] [3,49,67,68,69,83,113,125] [3,17,26,34,40,45,50,125] [0,30,80,84,90,100,106,114] [1,7,50,62,77,82,100,103] [22,39,46,63,104,115,116,124] [19,33,44,82,88,94,100,106] [21,32,44,45,55,67,86,123] [17,62,68,76,80,102,105,111] [7,18,19,40,50,63,69,91] [13,31,58,60,72,90,110,115] [2,4,27,34,36,69,73,102] [47,55,85,93,95,99,106,117] [3,27,67,69,74,84,98,109] [11,15,17,34,40,45,75,117] [0,14,30,80,84,106,114,127] [1,7,73,77,82,100,114,120] [22,46,63,89,104,115,116,124] [19,33,36,44,82,94,100,106] [32,37,44,45,55,67,86,90] [17,26,68,76,80,85,102,111] [12,18,19,40,50,63,91,94] [45,53,60,72,85,90,95,110] [2,4,8,27,35,36,71,102] [13,32,47,91,93,103,106,117] [2,3,55,67,69,98,109,119] [16,29,30,40,45,50,63,127] [0,30,48,80,90,106,112,115] [5,7,34,50,55,57,77,80] [14,23,58,71,80,99,108,117] [46,58,66,68,98,100,104,115] [6,9,29,39,46,102,104,108] [8,45,50,64,71,91,99,114] [16,27,32,76,94,100,104,125] [3,53,61,76,80,87,102,107]
Token  15: [46,47,52,76,88,117,123,127] [25,27,44,47,52,63,109,122] [12,29,48,60,64,81,104,127] [18,19,20,25,73,74,86,93] [7,11,30,37,51,53,57,70] [18,55,63,74,93,110,112,119] [20,46,63,87,104,109,111,116] [1,19,32,44,82,94,100,106] [35,67,86,87,88,90,108,123] [7,17,57,67,68,76,80,102] [7,18,25,30,50,63,91,94] [18,21,43,53,60,90,99,100] [2,4,8,14,27,34,115,127] [40,87,89,91,92,106,112,117] [3,15,23,38,53,57,69,115] [3,6,17,32,40,75,89,125] [0,1,80,84,93,94,100,127] [1,34,50,75,77,82,100,103] [46,56,63,64,87,104,116,124] [19,33,44,82,88,94,100,106] [35,44,45,67,86,90,94,123] [2,7,17,68,76,80,102,111] [18,30,50,58,63,91,94,103] [22,53,60,67,72,99,100,115] [2,4,14,26,32,34,115,127] [51,92,93,99,104,106,112,117] [3,15,38,53,57,66,109,111] [3,6,32,40,75,89,120,125] [0,1,14,80,84,93,100,105] [1,34,50,72,77,82,100,103] [22,46,63,87,89,103,104,116] [19,33,44,82,88,94,100,106] [9,37,44,45,67,86,90,123] [7,17,66,68,76,80,102,111] [2,7,18,21,30,91,94,103] [4,53,60,94,96,99,100,104] [2,4,14,32,42,92,108,115] [20,27,91,92,93,104,106,112] [3,15,27,38,53,109,115,125] [11,25,32,40,50,75,89,125] [0,1,28,35,42,48,80,107] [30,34,50,59,77,80,82,88] [4,17,56,69,70,80,111,117] [18,46,58,72,80,82,99,115] [5,9,11,29,46,102,104,108] [29,48,50,51,64,88,99,114] [16,27,32,46,54,63,94,125] [3,4,53,72,76,87,102,107]
Token  16: [46,47,52,76,88,117,123,127] [13,25,27,52,63,97,109,122] [29,36,60,64,65,95,101,104] [19,25,60,74,93,101,108,114] [7,11,16,28,51,57,60,96] [9,20,55,71,99,103,110,112] [17,22,39,46,63,97,104,115] [33,36,44,82,89,94,100,106] [21,30,32,45,87,90,108,123] [7,17,68,76,80,85,100,102] [4,12,18,19,27,63,91,94] [22,45,53,54,56,94,95,100] [2,4,7,8,27,34,94,127] [8,31,67,85,91,92,106,112] [2,3,14,15,23,57,68,69] [16,17,32,40,54,120,125,126] [0,30,54,80,84,90,108,114] [1,50,57,63,77,82,108,114] [17,22,39,46,63,104,115,116] [19,33,44,48,82,88,94,100] [30,32,44,45,55,86,87,90] [17,41,62,68,76,80,100,102] [2,4,18,19,27,36,50,91] [1,45,46,53,54,56,94,95] [2,4,8,34,35,36,71,94] [8,31,47,63,67,95,106,112] [2,3,4,14,18,69,98,109] [2,16,17,26,32,40,107,120] [0,14,30,54,62,108,114,127] [0,11,50,57,63,77,108,122] [17,22,39,56,58,63,115,116] [33,44,48,59,82,94,100,123] [27,30,32,45,55,87,90,114] [17,41,62,68,80,85,100,111] [4,18,19,27,36,50,91,127] [45,53,54,56,60,85,94,95] [2,4,34,38,73,94,102,115] [8,31,47,63,106,109,112,123] [2,3,4,18,38,55,68,69] [2,16,17,31,40,54,58,107] [0,14,54,77,80,108,115,127] [0,50,57,63,65,77,82,103] [14,20,23,24,69,80,117,126] [46,47,53,100,104,120,121,122] [6,11,29,69,80,98,104,110] [5,22,45,47,83,87,95,99] [1,5,10,32,68,71,122,123] [4,15,31,44,74,92,107,127]
Token  17: [40,43,52,65,72,73,98,100] [18,38,63,70,94,100,122,127] [38,40,57,82,84,88,99,104] [6,25,31,71,86,93,101,116] [7,11,40,76,85,89,106,115] [37,59,61,64,66,97,103,125] [34,47,56,63,83,105,115,116] [18,33,48,49,94,100,109,112] [44,45,55,65,72,84,121,127] [0,9,17,62,76,80,102,110] [1,18,50,61,68,78,105,113] [24,46,49,53,54,61,115,125] [2,15,56,73,79,80,96,99] [6,15,23,28,80,91,106,118] [3,4,7,11,17,20,48,69] [6,16,17,32,40,78,85,101] [8,39,73,84,114,115,124,127] [1,19,42,69,77,99,103,105] [14,22,56,83,89,105,115,116] [5,33,44,49,82,94,100,112] [44,45,65,72,84,86,90,121] [9,17,68,76,80,102,110,125] [18,19,50,56,61,91,105,113] [1,23,24,46,49,54,61,69] [2,15,30,73,80,96,99,102] [6,15,26,28,33,58,78,106] [3,4,14,17,20,48,69,104] [16,17,32,40,70,85,101,127] [8,39,48,62,81,115,124,127] [1,19,21,42,77,80,103,118] [24,56,63,83,105,115,116,126] [5,33,49,75,94,100,112,123] [32,44,65,72,84,90,114,121] [9,13,76,98,102,110,111,125] [18,19,50,56,61,78,90,105] [1,3,23,24,49,54,61,125] [2,15,21,23,73,79,96,99] [6,13,15,23,28,58,106,118] [3,17,20,48,55,69,86,104] [16,17,40,70,85,101,103,127] [14,39,73,80,81,115,124,127] [1,9,19,21,42,48,69,103] [23,24,31,64,80,113,114,115] [31,37,46,77,88,100,104,120] [6,25,53,69,73,90,98,104] [2,22,27,32,45,87,101,114] [11,34,52,55,60,63,104,118] [20,57,73,74,77,86,105,109]
Token  18: [14,21,50,57,74,103,106,110] [3,6,9,28,33,37,62,122] [12,41,84,90,100,111,122,125] [4,20,23,39,66,71,87,117] [11,23,37,50,56,58,83,119] [18,47,51,68,103,105,110,119] [39,46,47,56,63,104,112,116] [33,36,44,48,82,94,100,106] [36,44,67,72,86,109,123,127] [0,32,65,68,80,84,96,102] [18,26,29,30,50,91,113,123] [48,53,60,63,67,69,109,115] [2,24,34,56,61,65,79,115] [21,23,66,82,91,98,106,118] [3,4,11,16,53,55,69,105] [6,9,16,17,40,50,72,103] [12,55,80,81,84,119,124,127] [1,2,18,55,78,82,99,103] [34,56,83,89,104,105,116,122] [3,5,44,59,75,82,100,112] [45,65,72,84,114,116,121,127] [0,9,65,80,98,110,122,125] [50,56,61,73,78,90,98,105] [3,23,24,26,49,54,61,125] [15,21,23,24,73,79,96,99] [26,28,58,66,80,82,83,118] [3,4,10,16,48,57,69,105] [6,16,17,23,40,72,103,120] [12,14,30,80,81,114,119,127] [2,9,35,66,77,82,90,103] [22,34,46,56,63,89,104,116] [33,44,56,75,82,94,100,106] [36,44,45,55,86,90,109,127] [32,65,68,76,80,96,98,102] [18,50,51,69,94,98,113,123] [46,53,59,63,69,85,109,115] [2,24,34,73,80,102,114,115] [10,23,66,82,98,106,113,118] [3,8,16,38,55,69,90,105] [4,9,16,17,40,61,72,120] [12,30,43,80,84,115,119,127] [2,9,35,66,78,82,90,103] [14,18,23,27,80,93,102,115] [6,20,29,36,46,87,100,104] [6,14,20,27,48,69,98,104] [22,27,32,45,58,70,80,114] [52,55,60,63,75,101,115,117] [36,47,66,86,88,120,123,124]
Token  19: [28,51,83,87,91,112,124,125] [9,16,28,29,45,48,68,122] [4,5,23,36,67,76,100,125] [12,20,70,73,92,101,112,114] [7,11,28,37,38,50,83,119] [10,35,63,74,87,93,103,119] [23,46,63,64,104,111,116,118] [2,19,33,44,82,94,100,106] [15,18,20,35,44,67,86,123] [17,32,35,65,66,68,80,102] [18,30,50,88,91,103,109,111] [8,22,42,48,53,60,69,89] [2,26,27,34,41,73,114,115] [13,23,35,68,82,91,98,106] [3,16,53,55,60,69,90,102] [16,17,31,40,50,60,64,72] [14,30,60,80,84,108,110,122] [1,46,77,78,82,90,94,103] [13,34,46,56,63,104,116,119] [2,33,44,75,82,94,100,106] [15,18,36,45,72,86,114,127] [0,32,65,68,80,84,102,111] [18,36,41,50,69,103,109,113] [8,20,42,48,53,60,63,96] [2,26,34,61,73,79,114,115] [13,23,41,82,83,98,106,118] [3,16,38,53,55,69,102,109] [6,16,17,40,50,51,72,79] [14,30,60,80,84,94,110,122] [15,46,64,77,82,94,103,122] [13,34,39,46,56,63,104,116] [2,33,44,56,82,94,100,106] [18,20,44,67,72,86,90,127] [24,32,35,65,68,80,102,111] [18,30,36,41,50,69,103,109] [22,42,53,59,60,69,85,115] [2,26,34,42,61,73,80,102] [13,18,41,57,76,82,91,106] [3,16,53,55,60,69,80,102] [16,17,31,40,60,61,72,120] [14,60,80,84,108,110,115,127] [15,36,46,52,64,80,103,122] [23,24,49,68,73,80,90,125] [12,19,49,80,100,104,121,125] [6,11,23,45,88,98,99,104] [17,22,26,45,46,76,112,114] [5,29,30,39,52,81,104,105] [15,35,71,74,95,111,121,127]
Token  20: [0,16,51,53,70,97,104,120] [20,24,34,62,76,86,107,122] [14,72,81,87,100,107,116,125] [12,13,20,23,25,32,76,105] [0,11,23,25,38,74,83,89] [31,47,68,80,97,107,110,119] [13,34,39,47,56,58,63,116] [33,44,60,82,87,94,100,106] [18,36,44,45,64,72,86,127] [0,32,65,68,80,84,94,102] [14,18,29,36,50,103,108,113] [8,22,63,67,69,89,104,115] [2,26,34,53,65,73,79,115] [13,21,44,68,75,82,98,118] [3,4,11,29,55,69,79,80] [16,17,26,40,50,60,61,120] [7,14,40,60,80,84,122,127] [1,15,52,53,77,90,99,103] [13,34,39,56,63,89,104,116] [33,44,75,82,87,94,100,106] [18,36,44,45,64,72,86,114] [0,65,68,76,80,92,94,102] [14,18,19,36,50,69,91,113] [8,20,48,54,63,69,89,115] [2,23,34,53,73,79,80,115] [13,44,75,82,83,98,106,118] [3,8,10,38,55,57,69,80] [6,17,23,40,50,60,61,120] [14,30,40,80,84,114,122,127] [9,15,52,53,77,82,90,103] [22,39,46,63,89,104,116,124] [5,33,44,82,87,94,100,106] [18,35,44,45,55,64,72,86] [17,51,68,76,80,94,102,111] [18,19,30,36,50,69,91,113] [8,20,54,60,69,85,86,115] [2,23,30,34,53,73,80,102] [13,21,44,75,76,82,106,118] [3,11,29,53,55,69,79,80] [9,16,17,40,60,61,78,120] [7,14,15,40,80,84,115,127] [9,15,52,53,78,90,103,117] [23,24,37,59,68,73,80,125] [20,43,46,49,81,100,104,120] [6,37,38,45,54,80,98,104] [22,45,46,63,80,104,112,114] [39,52,55,63,75,82,105,124] [10,27,32,35,52,71,90,95]
Token  21: [3,28,29,62,77,80,111,126] [11,24,45,62,76,78,86,122] [23,36,72,77,115,119,121,125] [1,11,20,25,76,101,105,119] [0,11,39,40,74,83,97,119] [30,55,80,97,99,103,119,122] [39,46,63,64,66,104,115,116] [33,36,44,82,87,94,100,106] [18,24,27,44,55,67,72,86] [17,32,62,68,76,80,94,102] [1,14,18,29,36,50,91,120] [22,60,68,69,86,89,115,120] [2,34,53,73,79,85,102,115] [13,24,44,68,75,82,106,118] [3,9,10,11,29,55,62,69] [16,17,20,31,40,50,61,98] [29,40,80,84,111,122,123,127] [1,53,77,82,84,90,99,103] [13,34,46,63,66,89,116,122] [33,36,44,59,82,87,94,100] [18,35,45,55,72,86,90,114] [17,68,76,80,94,98,102,105] [18,19,36,50,69,91,113,120] [1,46,54,63,68,69,86,115] [23,30,53,71,73,79,80,107] [24,49,75,82,83,91,106,118] [3,10,29,55,62,69,101,109] [2,6,17,26,40,58,98,120] [14,29,30,48,114,122,123,127] [53,65,77,82,84,90,99,103] [22,34,46,63,89,104,116,126] [5,33,36,44,82,87,94,100] [18,24,27,32,35,45,72,86] [17,62,68,76,80,94,102,105] [18,19,36,50,69,90,113,120] [1,54,60,68,69,85,115,120] [23,30,34,53,73,79,80,102] [13,24,44,49,75,91,106,118] [3,11,29,38,55,57,62,69] [9,16,17,31,40,58,71,120] [23,29,80,84,111,115,123,127] [53,65,77,78,80,84,90,103] [20,23,24,28,68,75,80,115] [2,8,20,46,100,104,120,121] [6,13,69,80,94,98,104,110] [5,22,45,47,63,83,87,114] [10,45,52,55,63,68,82,104] [11,15,31,54,82,90,112,127]
Token  22: [0,31,61,69,81,93,101,107] [45,60,62,63,83,86,91,122] [68,92,103,116,117,121,123,125] [1,20,25,99,100,106,117,119] [0,11,83,89,91,102,110,111] [5,30,31,80,97,99,111,119] [22,39,46,63,64,104,115,116] [5,33,44,72,82,94,100,106] [27,28,45,55,67,72,86,99] [62,68,76,80,84,85,102,105] [1,14,18,36,50,83,84,113] [13,22,53,58,69,85,86,115] [2,27,30,34,69,73,85,120] [13,31,44,68,83,85,106,121] [3,10,11,28,29,55,69,101] [3,17,26,34,40,50,63,100] [14,20,80,84,121,122,123,127] [1,7,14,30,45,90,97,124] [22,39,46,63,89,104,116,122] [5,21,33,44,72,82,94,100] [18,27,35,44,45,72,86,114] [17,66,68,76,80,98,102,105] [14,18,19,36,50,85,90,91] [13,46,48,58,85,90,115,122] [23,30,34,69,73,79,102,107] [13,44,82,83,91,106,118,121] [3,10,38,55,57,69,84,101] [3,17,34,40,58,100,120,121] [1,14,30,80,84,114,121,127] [1,9,14,30,45,77,82,90] [22,46,63,66,89,104,116,124] [5,32,33,44,82,88,94,106] [32,35,37,45,67,72,86,100] [17,68,76,80,85,98,102,105] [14,18,19,36,50,90,91,94] [1,13,26,54,58,69,85,90] [2,23,27,36,69,73,79,102] [13,33,55,79,83,106,118,121] [3,10,28,38,55,57,69,101] [3,9,16,17,34,40,89,100] [1,14,20,30,80,115,121,127] [1,14,30,45,77,78,90,97] [14,23,55,80,101,115,117,119] [4,5,20,36,46,100,104,120] [6,29,54,69,71,98,104,108] [22,27,45,54,104,114,117,127] [14,52,55,63,67,77,117,125] [27,32,34,55,58,86,112,117]
Token  23: [64,75,86,87,91,101,105,110] [9,16,28,44,60,63,71,122] [4,36,42,46,60,64,83,104] [21,24,70,71,73,80,106,117] [5,11,37,51,57,60,70,102] [18,43,55,63,93,115,119,122] [14,22,39,46,63,89,104,116] [5,19,33,36,44,82,88,94] [21,32,35,37,45,67,86,104] [8,17,35,41,68,76,80,102] [13,15,18,50,82,85,91,124] [1,48,54,62,94,97,100,122] [2,14,27,30,34,36,61,67] [2,40,62,68,91,106,112,119] [3,15,29,38,53,57,69,109] [3,17,32,40,54,63,89,100] [1,14,30,80,84,98,108,127] [1,9,36,49,62,82,100,112] [14,22,46,63,89,104,116,119] [5,33,36,44,82,88,94,106] [21,32,35,37,45,86,90,100] [7,17,24,35,68,76,80,102] [15,18,50,82,85,91,94,124] [1,54,73,85,92,94,97,100] [2,4,14,27,34,61,67,102] [2,40,62,89,106,109,112,127] [3,15,38,57,60,64,69,71] [6,17,32,40,50,54,89,126] [14,30,44,80,84,93,108,127] [9,36,49,65,77,81,82,100] [14,22,46,63,66,89,116,119] [5,33,36,44,82,88,94,106] [32,35,37,45,55,67,86,100] [7,8,17,41,68,76,80,102] [15,18,19,50,69,82,91,124] [1,25,54,73,85,94,100,115] [2,4,14,27,34,67,73,102] [57,62,63,91,95,106,109,112] [3,11,15,38,55,57,69,71] [2,17,20,32,40,106,107,126] [14,29,44,77,80,108,115,127] [0,9,49,63,65,77,103,121] [23,24,49,68,75,80,117,126] [8,46,47,68,100,104,120,121] [3,6,11,29,69,80,98,110] [5,12,22,45,47,71,83,87] [10,19,52,55,68,104,117,122] [11,15,31,44,82,90,112,127]
Token  24: [31,47,53,61,69,93,120,122] [13,25,45,63,83,91,103,122] [12,68,72,104,116,117,123,125] [1,20,55,71,89,93,101,106] [11,43,63,79,83,91,102,111] [30,55,71,97,103,111,119,125] [14,39,46,63,89,96,115,116] [5,33,36,44,72,82,94,100] [27,44,45,55,72,86,90,99] [17,43,62,68,76,80,102,105] [14,18,21,50,83,91,94,113] [1,13,58,69,86,115,120,122] [2,4,30,53,66,69,102,126] [44,68,79,91,95,103,106,121] [3,11,28,29,57,69,101,125] [3,17,34,40,45,50,100,121] [14,20,30,48,84,114,121,127] [1,7,9,45,61,77,122,124] [14,22,46,56,63,89,115,116] [5,33,36,44,50,72,82,94] [27,32,35,44,45,72,86,99] [17,68,76,80,97,102,105,111] [18,19,31,36,50,85,91,113] [1,43,54,58,85,115,120,122] [2,4,30,61,66,69,73,102] [13,26,33,44,68,95,106,117] [3,4,38,55,63,67,69,101] [2,16,17,34,40,45,50,100] [14,30,80,84,90,114,121,127] [1,5,7,13,61,77,80,82] [22,46,58,63,66,89,115,116] [19,33,44,72,82,88,94,100] [32,45,55,67,72,86,90,99] [17,68,76,80,85,102,105,111] [14,18,19,36,50,63,73,91] [1,54,58,72,85,90,115,120] [2,4,27,35,36,69,73,126] [13,32,33,79,93,106,117,121] [3,38,55,67,69,98,101,125] [17,29,34,40,45,50,100,127] [30,54,80,90,112,115,121,127] [7,14,45,61,77,80,82,97] [14,23,65,80,101,108,115,117] [4,46,65,66,100,104,115,120] [6,29,46,52,54,69,71,98] [2,20,22,45,50,54,71,114] [27,52,55,63,67,68,77,117] [20,32,34,55,58,73,112,117]
Token  25: [6,64,75,87,91,110,123,125] [37,45,60,63,65,75,103,122] [4,5,29,46,60,64,65,104] [5,20,25,60,71,93,103,106] [11,37,43,57,64,96,102,110] [30,35,43,55,71,97,99,112] [26,39,46,63,89,96,104,115] [21,32,33,36,44,82,94,100] [30,32,44,45,55,86,90,123] [0,17,62,68,76,85,100,102] [4,18,27,36,50,63,91,94] [1,45,46,48,56,75,90,100] [2,4,27,30,34,35,36,61] [8,13,38,43,47,91,102,106] [3,14,38,67,68,69,97,119] [16,17,30,40,45,50,84,106] [24,46,48,84,90,97,114,127] [1,5,11,57,77,82,99,124] [12,17,39,58,63,87,96,115] [33,44,48,58,82,94,100,123] [30,32,35,44,45,55,86,114] [17,62,68,76,79,85,97,100] [2,4,12,18,19,27,31,50] [1,45,54,56,72,75,85,94] [2,4,34,35,36,61,64,91] [8,38,43,47,67,95,106,117] [3,14,67,68,69,98,109,119] [16,17,29,30,40,45,100,106] [0,14,54,62,90,112,114,127] [5,7,11,13,57,77,88,120] [17,22,39,58,87,96,115,116] [33,44,48,82,89,94,100,120] [30,32,35,45,55,90,108,114] [17,23,51,62,76,80,85,100] [4,12,18,19,27,31,40,63] [1,45,54,56,72,94,95,100] [2,4,7,24,35,36,64,67] [8,12,38,47,67,106,112,117] [2,3,55,67,68,69,98,119] [2,29,30,31,45,100,106,125] [0,1,30,54,90,100,112,115] [7,11,49,57,77,81,82,88] [14,23,30,52,69,87,108,117] [7,53,58,66,68,100,115,120] [6,11,19,29,41,69,94,101] [18,20,45,50,71,76,95,114] [27,32,51,68,76,77,122,125] [6,14,44,57,58,82,107,112]
Token  26: [16,72,85,98,100,114,119,122] [25,44,52,63,78,103,106,122] [16,29,45,60,65,103,111,127] [5,19,20,25,46,93,103,106] [2,11,51,57,60,63,70,114] [18,30,31,55,71,110,112,119] [39,63,89,96,97,104,115,116] [21,32,33,44,82,94,100,106] [30,32,40,45,86,90,108,123] [17,62,68,76,80,85,100,102] [3,4,12,18,27,63,91,94] [31,45,53,56,72,75,90,95] [2,4,8,27,34,40,61,102] [8,35,43,92,93,106,112,117] [2,3,38,67,68,69,119,125] [17,29,32,40,45,50,58,106] [14,30,80,84,90,106,114,127] [1,5,7,57,62,77,82,100] [22,46,63,66,96,104,115,116] [33,36,44,82,88,94,100,106] [21,30,32,45,55,67,86,90] [17,62,68,76,80,85,100,111] [4,18,19,27,50,63,91,94] [53,56,60,72,90,95,100,102] [2,4,8,27,30,34,61,102] [8,83,92,93,103,106,112,117] [1,3,38,67,69,98,109,125] [17,29,32,40,45,89,120,125] [0,14,30,80,84,90,106,127] [7,9,13,22,57,73,77,82] [22,46,63,66,89,96,115,116] [7,19,33,44,82,88,94,106] [17,30,32,45,67,77,86,102] [7,17,68,76,80,85,100,111] [4,12,18,27,50,63,91,94] [53,56,72,90,95,96,99,120] [2,4,8,27,41,64,126,127] [8,32,38,47,93,103,106,117] [3,12,66,67,69,98,109,125] [17,29,30,32,40,45,106,127] [0,30,48,54,80,90,106,112] [7,44,50,55,57,77,80,88] [14,23,52,80,99,108,112,117] [20,52,58,66,68,100,104,115] [6,29,39,46,57,60,105,111] [29,50,54,71,91,95,99,114] [16,27,32,49,68,76,77,104] [3,8,53,76,87,102,104,112]
Token  27: [7,58,72,76,88,109,117,121] [1,25,27,44,52,63,65,122] [16,29,60,65,78,89,112,127] [19,25,46,71,91,93,111,126] [2,11,30,34,37,52,57,96] [18,84,93,103,110,112,114,119] [39,46,56,63,87,96,115,116] [9,31,33,44,82,94,100,106] [38,45,67,77,83,86,90,123] [0,7,17,68,80,96,102,111] [18,27,50,63,69,78,91,94] [28,46,53,60,72,95,99,100] [2,4,8,27,34,65,102,115] [8,40,67,89,91,101,106,112] [3,15,23,53,57,67,69,115] [3,6,16,17,32,40,89,120] [0,14,50,80,84,114,115,127] [1,9,62,77,82,90,103,112] [22,39,46,56,63,64,104,116] [5,33,36,44,82,94,100,106] [44,45,65,86,90,116,122,127] [24,66,68,76,80,84,97,102] [18,30,45,50,69,78,83,91] [0,21,48,67,69,85,115,125] [2,14,34,61,65,79,95,102] [23,42,82,99,104,106,112,118] [3,7,8,38,53,57,69,115] [0,6,16,17,32,40,75,120] [1,14,30,50,80,84,113,114] [9,72,77,82,88,90,93,103] [22,39,56,63,64,83,104,115] [33,44,48,51,82,94,100,106] [9,44,45,67,80,86,90,122] [1,62,65,80,96,99,102,111] [7,13,18,30,33,91,94,103] [4,29,43,78,99,111,115,121] [2,4,8,14,34,64,92,127] [8,20,52,61,67,93,106,117] [3,12,38,55,67,68,69,125] [16,26,29,30,40,45,63,106] [0,30,48,54,90,106,112,127] [5,7,44,50,55,57,77,80] [23,52,69,80,87,99,108,117] [0,52,58,66,68,100,115,122] [3,16,29,39,46,94,108,111] [29,50,65,87,90,91,95,99] [5,27,32,68,76,94,104,122] [3,4,44,53,74,87,102,107]
Token  28: [27,52,76,88,109,117,121,127] [25,27,52,63,97,103,109,122] [29,48,60,64,65,89,101,112] [19,20,25,46,66,67,87,93] [2,11,16,26,57,60,96,114] [18,55,71,93,99,110,112,114] [39,46,63,89,96,97,104,115] [32,33,44,82,89,94,106,108] [21,30,32,67,86,87,108,123] [17,60,68,76,80,85,100,102] [4,18,27,63,76,91,94,126] [45,53,56,85,94,95,99,100] [2,4,8,27,34,101,117,127] [8,35,47,67,91,92,106,112] [3,14,15,38,57,68,69,125] [11,17,26,29,32,40,50,106] [0,10,14,30,54,84,90,127] [1,50,57,73,77,82,88,122] [17,46,63,87,96,104,115,116] [33,44,56,58,82,88,94,123] [21,30,32,45,55,86,87,90] [17,51,68,76,80,85,100,105] [4,18,19,27,50,63,91,94] [36,45,53,56,60,72,95,110] [2,4,27,35,54,64,71,117] [8,35,47,49,67,95,106,112] [3,4,14,38,68,69,109,125] [16,17,26,40,50,99,106,120] [0,10,14,30,54,90,97,127] [11,13,50,57,73,77,80,114] [17,58,63,87,89,96,115,116] [33,44,82,88,94,100,120,123] [30,32,45,72,77,86,87,90] [17,51,68,76,80,85,100,111] [4,18,19,27,31,50,63,91] [1,45,53,54,56,60,94,95] [2,4,7,34,36,54,64,91] [8,35,47,63,67,91,106,112] [2,3,38,46,55,68,69,98] [2,16,17,30,40,50,106,125] [0,14,30,48,54,90,115,127] [0,11,36,50,57,77,80,100] [14,23,24,30,52,69,80,117] [46,47,58,66,100,115,120,122] [6,12,16,29,39,41,94,104] [5,29,50,87,91,95,99,117] [1,5,27,32,68,94,104,122] [4,14,44,58,74,107,112,127]
Token  29: [13,26,40,52,65,72,98,100] [18,50,63,70,94,100,124,127] [49,53,57,65,84,88,99,104] [19,25,37,51,71,85,86,93] [11,43,79,85,96,102,106,115] [42,55,59,64,66,71,103,112] [35,56,63,83,105,115,116,126] [5,33,36,44,49,82,94,100] [44,45,55,84,86,87,123,127] [0,9,17,68,76,80,102,110] [4,18,50,61,69,73,91,105] [1,24,45,46,49,61,95,115] [2,4,15,30,34,73,99,102] [6,28,40,91,101,106,112,115] [3,15,20,23,44,48,57,69] [17,32,37,40,63,85,106,120] [8,54,84,108,114,115,124,127] [1,19,26,50,72,77,103,124] [14,22,46,63,85,88,105,116] [5,33,36,44,49,82,94,100] [27,32,35,44,45,84,86,121] [9,17,68,76,79,80,110,125] [18,45,50,61,85,90,91,105] [1,24,49,54,61,85,92,122] [2,15,34,35,61,80,99,102] [15,28,35,36,106,110,112,115] [3,14,20,30,48,69,109,125] [16,26,32,37,40,48,85,120] [14,28,39,62,80,84,114,127] [61,72,75,77,80,103,118,120] [22,58,88,89,105,115,116,126] [5,33,44,49,89,94,100,112] [32,35,45,65,76,84,108,121] [9,62,76,98,102,104,110,125] [18,50,56,61,73,90,105,113] [1,23,24,49,54,62,85,92] [4,15,23,61,80,92,99,102] [13,15,20,36,47,78,112,118] [14,32,55,57,69,101,109,125] [16,32,34,50,63,75,100,106] [1,28,42,48,54,111,115,127] [34,50,59,61,72,77,82,88] [14,23,25,39,114,115,116,117] [30,46,58,96,98,100,101,120] [6,16,25,29,52,69,108,127] [20,29,38,45,54,71,95,127] [49,63,68,74,76,77,123,125] [41,48,58,76,84,109,110,112]
Token  30: [11,16,45,72,85,100,114,119] [8,22,63,72,106,119,122,127] [2,16,45,65,78,101,104,127] [17,19,25,29,74,81,86,93] [11,46,52,70,81,83,92,115] [25,37,59,64,73,91,97,114] [24,34,47,53,63,71,76,107] [18,24,44,59,100,106,109,112] [9,38,57,65,72,90,116,127] [0,17,19,49,71,80,96,102] [3,18,26,50,51,68,78,105] [7,24,28,49,54,60,61,125] [2,4,15,34,56,65,105,115] [0,15,23,26,28,58,91,106] [3,17,20,57,67,69,90,110] [6,16,17,31,40,49,70,101] [14,30,39,65,80,81,84,115] [1,18,21,42,55,77,78,83] [24,26,34,56,58,63,105,116] [3,33,44,49,59,82,100,112] [9,38,45,65,72,116,121,127] [0,9,49,80,110,111,122,125] [26,56,58,61,78,90,94,98] [7,21,23,28,61,64,96,125] [2,4,9,15,34,56,65,96] [15,58,78,91,103,104,106,112] [3,38,53,69,86,103,110,115] [6,16,31,32,40,59,61,120] [30,39,48,80,84,89,105,115] [1,18,21,72,77,82,83,93] [34,46,56,63,83,89,115,116] [3,33,44,59,82,94,100,106] [9,44,45,72,86,111,116,127] [10,49,69,70,80,96,102,114] [7,26,30,41,45,86,98,111] [4,21,28,64,82,96,114,116] [14,17,32,34,37,42,61,92] [20,27,29,31,42,51,91,104] [3,22,31,53,69,82,102,125] [11,17,33,40,58,75,120,125] [1,14,42,50,80,84,107,113] [34,59,72,77,78,83,88,103] [8,17,25,56,70,80,87,111] [18,30,72,74,80,96,99,111] [3,5,6,25,29,30,101,104] [29,33,41,88,98,110,113,114] [16,43,63,76,93,100,122,125] [3,76,83,87,102,104,110,112]
Token  31: [7,32,58,72,88,109,117,121] [1,25,27,33,44,63,65,122] [2,16,45,60,101,104,107,127] [19,20,25,71,72,74,81,126] [2,11,30,37,52,53,57,119] [18,59,74,103,110,112,114,119] [39,46,56,63,87,104,111,116] [19,32,33,44,82,94,100,106] [38,45,67,83,86,90,123,127] [0,7,17,68,76,80,96,111] [16,18,27,50,69,78,91,94] [21,28,48,53,60,99,100,124] [2,4,14,27,34,65,115,127] [10,40,82,91,92,103,106,112] [3,15,23,53,55,69,111,115] [6,16,17,32,40,89,120,121] [0,14,80,84,93,101,114,115] [1,35,50,57,77,82,103,112] [34,56,63,64,104,105,115,116] [19,33,44,82,94,100,106,112] [35,44,65,86,103,122,123,127] [7,17,62,68,80,102,111,125] [13,18,30,50,91,94,98,103] [21,22,46,67,96,99,122,125] [2,9,14,26,34,61,115,127] [2,27,36,42,104,106,112,125] [3,15,53,57,69,86,107,109] [6,16,17,32,40,58,61,120] [1,14,42,50,80,84,93,113] [66,72,77,82,88,93,100,103] [34,46,56,63,89,104,111,116] [24,33,44,56,82,94,100,106] [9,15,35,67,83,86,90,127] [7,10,17,68,80,102,111,123] [2,7,18,30,33,82,94,103] [4,14,21,22,53,96,99,104] [2,14,32,34,36,42,54,115] [20,27,82,91,103,104,106,112] [3,15,27,37,53,69,109,125] [11,32,37,40,75,83,99,120] [1,42,48,53,80,105,107,113] [13,34,39,59,82,88,93,105] [17,43,50,56,66,70,111,116] [18,30,53,55,91,106,113,115] [5,6,25,29,62,70,104,127] [29,48,50,64,65,88,99,114] [16,27,32,33,43,46,94,103] [4,53,72,84,99,102,107,113]
Token  32: [35,52,57,76,109,117,123,127] [17,25,27,33,47,63,109,122] [29,48,60,64,65,101,103,104] [20,25,29,67,71,74,93,101] [2,11,16,57,64,89,96,107] [20,55,71,97,103,109,110,112] [39,43,63,89,96,104,115,116] [31,33,36,44,82,88,94,100] [21,32,45,55,67,86,90,123] [8,17,26,34,62,68,80,85] [4,5,12,18,22,36,42,63] [13,45,53,60,90,95,102,110] [2,4,27,30,34,36,60,71] [13,43,47,85,91,106,117,118] [2,3,49,63,67,68,69,125] [11,17,19,26,34,40,45,50] [0,82,84,100,106,114,122,127] [1,7,77,82,90,99,122,124] [22,39,46,63,96,104,115,116] [33,36,44,82,88,94,100,123] [18,32,44,45,55,72,86,123] [17,51,62,68,76,80,102,111] [18,19,22,42,50,63,91,115] [13,31,58,60,72,90,94,110] [2,4,20,30,34,36,69,77] [13,47,85,91,95,99,106,117] [3,27,49,63,67,69,84,98] [11,15,17,34,40,45,50,75] [0,1,14,80,84,106,114,127] [7,13,30,77,82,99,120,124] [22,39,63,66,89,104,115,116] [19,33,44,56,82,94,100,106] [18,32,40,45,55,67,86,90] [8,17,43,68,76,80,85,102] [12,18,19,30,36,50,63,91] [13,45,53,60,72,85,95,110] [4,8,20,27,35,36,61,126] [13,34,47,91,93,103,106,117] [2,3,49,55,67,69,98,109] [29,30,40,45,63,64,125,127] [0,30,34,48,54,90,106,112] [5,7,50,55,57,77,80,82] [14,23,52,58,80,99,108,117] [58,66,68,82,91,98,100,115] [6,9,29,39,46,52,102,104] [8,50,64,71,91,99,107,114] [16,27,32,68,76,94,104,122] [3,53,61,76,80,87,102,107]
Token  33: [46,47,52,76,88,117,123,127] [25,27,44,47,52,63,109,122] [12,29,48,60,64,81,104,127] [18,19,20,25,73,74,86,95] [7,11,16,37,51,53,57,70] [18,51,55,74,93,110,112,119] [20,46,63,87,89,104,111,116] [19,32,33,44,82,94,100,106] [35,45,67,86,87,90,108,123] [0,7,17,67,68,76,80,102] [7,18,30,50,63,69,91,94] [21,48,53,60,90,96,99,100] [2,4,8,14,27,34,115,127] [40,58,89,91,92,106,112,117] [3,15,38,53,57,69,109,115] [3,6,17,32,40,89,120,125] [0,1,14,50,80,84,93,105] [1,75,77,82,92,100,103,112] [22,46,56,63,64,87,104,116] [32,33,44,73,82,94,100,106] [35,44,45,67,86,90,123,124] [7,17,66,68,76,80,102,111] [7,13,18,23,30,83,91,94] [21,22,53,60,67,78,99,100] [2,14,32,34,42,102,115,127] [82,92,93,99,104,106,112,124] [3,15,29,38,53,95,111,115] [3,6,11,16,32,40,61,75] [1,4,14,50,80,84,93,113] [34,66,72,77,82,93,100,103] [63,66,86,87,89,104,110,116] [32,33,44,73,82,94,100,106] [9,35,44,67,86,94,95,123] [7,25,68,80,91,102,111,113] [2,7,13,18,30,82,94,103] [4,21,60,94,96,99,100,104] [2,14,32,42,92,108,115,127] [10,20,27,92,104,106,112,124] [3,15,19,27,53,87,109,125] [11,15,25,32,33,40,75,89] [0,1,35,42,80,105,107,113] [30,34,50,59,77,82,88,100] [4,17,30,33,56,70,111,117] [46,61,66,74,75,82,91,115] [5,6,9,11,29,46,62,102] [29,48,50,51,64,88,99,114] [16,27,32,43,46,54,63,94] [3,4,53,72,76,87,102,107]
Token  34: [46,47,52,76,88,117,123,127] [13,25,27,52,63,97,109,122] [29,36,60,64,65,95,101,104] [19,25,51,60,74,93,101,108] [7,11,16,51,57,60,96,119] [9,20,55,71,103,109,110,112] [17,22,39,63,96,97,104,115] [32,33,36,44,82,94,100,106] [18,30,32,45,67,87,108,123] [17,62,68,76,80,85,100,102] [4,12,18,27,36,63,91,94] [22,45,46,53,54,56,95,100] [2,4,8,27,30,34,35,94] [8,31,85,89,91,106,112,118] [2,3,14,15,49,68,69,115] [16,17,32,40,66,107,120,126] [0,44,54,80,84,108,114,127] [1,50,57,63,77,82,90,108] [17,22,39,46,63,88,115,116] [33,44,59,82,89,94,100,123] [18,30,32,35,44,45,86,90] [17,51,62,68,80,85,100,102] [4,18,19,27,31,36,50,91] [1,45,53,54,56,85,94,95] [2,4,34,35,36,61,64,94] [8,25,31,47,67,95,106,112] [2,3,14,18,68,69,81,109] [2,16,17,26,32,40,50,107] [0,44,54,62,80,108,114,127] [0,11,50,57,63,77,108,122] [17,22,56,63,88,115,116,126] [33,44,48,82,89,94,100,123] [18,27,30,32,45,87,90,114] [17,41,68,80,100,102,111,115] [4,18,19,27,31,36,50,91] [1,45,53,54,56,85,94,95] [2,4,34,38,67,94,102,115] [8,31,47,63,106,109,112,123] [2,3,4,14,18,55,69,81] [2,17,30,31,40,48,61,107] [0,14,54,77,80,108,115,127] [0,11,50,57,63,65,77,103] [14,20,23,24,69,80,117,126] [8,46,47,53,100,120,121,122] [3,6,11,29,69,80,104,110] [5,22,45,47,83,87,95,99] [1,5,10,32,68,71,122,123] [4,14,31,44,74,92,107,127]
Token  35: [40,43,52,65,72,73,98,100] [18,38,63,70,94,100,122,127] [38,40,57,82,84,88,99,109] [6,25,31,37,71,86,93,116] [7,11,40,76,85,106,111,115] [37,59,61,64,66,73,97,125] [34,56,63,83,105,115,116,126] [3,18,33,49,75,100,109,112] [35,44,45,65,72,84,121,127] [0,9,17,62,76,102,110,122] [5,18,26,50,61,78,90,105] [1,24,49,54,61,92,115,125] [15,35,56,73,79,80,99,107] [6,15,26,28,58,83,106,118] [3,4,17,20,48,55,67,69] [16,17,31,40,48,50,85,101] [8,39,73,114,115,122,124,127] [1,19,21,42,77,78,99,105] [34,56,58,105,115,116,122,126] [3,5,33,49,59,75,112,123] [32,35,65,66,72,84,116,121] [0,9,17,62,98,110,122,125] [18,19,50,56,61,78,90,105] [1,23,24,49,54,61,92,125] [15,21,23,35,73,79,96,99] [6,15,28,58,78,106,110,118] [3,14,17,20,48,69,86,100] [2,16,40,59,70,85,101,127] [8,39,48,62,73,81,124,127] [1,19,21,42,55,80,103,118] [24,34,56,58,83,88,105,126] [18,33,49,75,100,109,112,123] [44,65,66,72,84,90,121,127] [0,9,51,98,102,110,123,125] [18,50,56,61,68,78,90,105] [3,23,24,49,54,61,85,125] [15,21,23,34,65,79,96,99] [13,15,23,28,58,78,106,118] [3,17,20,48,55,69,86,100] [17,40,59,70,85,101,103,127] [14,39,73,80,81,115,124,127] [1,9,19,21,42,48,69,103] [23,24,31,64,80,113,114,115] [31,37,46,77,88,100,104,120] [6,8,47,53,73,90,98,104] [2,22,27,32,45,87,101,114] [5,11,34,52,55,60,63,118] [20,57,73,74,77,86,105,109]
Token  36: [14,21,50,57,75,103,106,110] [3,6,9,28,33,62,95,122] [41,84,90,100,111,122,125,127] [4,12,20,39,71,87,117,127] [11,23,34,37,50,56,58,83] [18,47,51,68,103,105,110,119] [26,39,46,56,58,63,112,116] [33,36,44,48,82,94,100,106] [36,44,45,67,72,86,109,127] [0,32,65,68,80,96,102,122] [18,26,29,30,36,50,113,123] [48,53,54,63,67,69,109,115] [2,24,27,34,61,65,73,79] [23,26,31,66,82,83,98,118] [3,4,10,11,16,55,69,105] [16,17,40,50,64,72,99,103] [14,48,81,84,119,122,124,127] [1,18,55,78,82,90,99,103] [34,56,58,63,83,105,116,126] [3,33,49,59,75,82,100,112] [44,45,65,72,84,116,121,127] [0,9,13,80,98,110,122,125] [45,50,56,61,78,90,98,105] [23,24,26,49,54,61,92,125] [15,23,24,34,79,80,96,99] [15,26,28,58,66,80,83,118] [3,4,16,48,57,69,101,105] [6,16,17,40,59,72,79,120] [12,14,80,81,84,114,119,127] [1,21,66,77,82,83,90,103] [34,46,56,58,63,105,116,126] [3,33,44,75,82,94,100,112] [44,45,65,72,90,109,116,127] [9,32,44,65,80,84,98,102] [18,36,50,69,78,90,98,113] [46,53,54,63,69,85,109,115] [2,24,34,73,79,80,114,115] [23,66,82,91,98,106,113,118] [3,8,16,53,55,69,90,105] [6,9,16,17,40,61,72,120] [12,14,43,80,84,115,119,127] [2,9,35,66,78,82,90,103] [14,18,23,27,80,93,102,115] [5,6,29,36,46,87,100,104] [6,14,20,27,48,69,98,104] [22,27,32,45,58,70,80,114] [52,55,60,63,75,101,115,117] [36,47,66,86,88,120,123,124]
Token  37: [28,36,83,87,91,112,124,125] [9,16,28,29,45,48,68,122] [4,23,36,56,67,76,100,125] [3,12,20,70,73,101,112,114] [7,11,28,37,38,50,83,119] [10,35,63,74,87,93,114,119] [23,46,63,64,104,111,116,118] [2,19,33,44,82,94,100,106] [15,18,20,35,44,67,86,123] [0,32,35,65,66,68,80,102] [18,29,30,50,91,103,109,111] [8,14,22,42,48,53,60,69] [2,26,27,34,41,73,85,115] [13,35,68,82,83,106,110,118] [2,3,29,38,55,60,63,69] [16,17,31,40,50,60,64,72] [14,30,60,80,84,89,110,122] [1,13,46,77,82,90,94,103] [13,34,46,56,63,104,116,126] [2,33,44,75,82,94,100,106] [15,18,20,35,72,86,90,127] [0,32,51,65,68,80,102,111] [16,18,29,36,50,69,103,109] [8,11,14,53,54,60,63,85] [21,23,26,34,57,61,79,107] [23,41,50,78,82,98,110,118] [3,4,16,38,69,102,109,110] [6,16,17,40,64,72,79,99] [14,55,60,80,94,108,110,122] [13,15,46,82,90,94,103,122] [13,34,46,56,63,89,116,126] [2,33,44,56,82,94,100,106] [18,44,45,55,72,86,90,127] [23,32,65,66,68,80,102,111] [18,30,36,50,69,103,109,113] [8,22,42,53,60,69,85,115] [2,26,34,42,61,73,80,115] [10,13,41,57,76,82,91,106] [3,16,53,55,60,69,80,102] [6,16,17,40,51,60,61,120] [14,60,80,84,108,110,115,127] [15,36,46,52,64,78,103,122] [23,24,49,68,73,80,90,125] [12,19,49,80,100,104,121,125] [6,11,23,45,88,98,99,104] [17,22,26,45,46,76,112,114] [29,30,39,52,60,81,104,105] [15,35,52,71,74,95,111,127]
Token  38: [0,16,51,53,70,97,104,120] [20,24,34,62,76,86,107,122] [10,14,72,81,87,107,116,125] [12,13,20,23,25,32,76,105] [0,11,23,25,38,58,83,89] [31,35,47,68,80,97,107,119] [13,26,34,39,56,58,63,116] [33,44,60,82,87,94,100,106] [18,36,44,45,64,72,86,127] [0,32,62,65,68,80,94,102] [14,18,29,36,50,103,108,113] [22,48,54,63,67,69,89,115] [23,26,34,53,65,73,79,85] [13,26,44,68,75,82,83,118] [3,11,29,55,63,69,79,80] [2,5,16,17,31,40,50,60] [7,14,40,60,81,89,122,127] [1,15,18,52,77,78,90,99] [13,26,34,63,89,116,122,126] [5,33,59,75,87,100,112,123] [5,32,35,36,45,65,72,127] [0,10,65,76,94,96,98,122] [16,19,29,36,50,69,90,113] [26,53,54,60,62,63,65,103] [20,21,23,24,28,73,79,107] [13,31,33,78,82,83,110,118] [3,4,10,16,38,69,80,115] [6,17,23,26,40,50,58,64] [7,14,30,40,80,114,122,127] [15,52,53,77,90,99,103,114] [22,58,63,89,104,116,124,126] [5,33,44,82,87,94,100,106] [18,32,35,44,45,55,64,86] [51,68,76,80,94,98,102,111] [18,19,36,50,69,90,91,113] [54,60,63,65,69,85,86,115] [23,34,53,73,79,80,102,115] [10,13,44,75,82,83,106,118] [3,29,53,55,57,69,79,80] [9,16,17,40,60,61,78,120] [7,14,15,40,80,84,115,127] [9,15,52,53,78,90,103,117] [23,24,37,59,68,73,80,125] [20,43,46,49,81,100,104,120] [6,37,38,45,54,80,98,104] [22,45,46,63,80,104,112,114] [39,52,55,63,82,84,105,124] [10,27,32,35,52,71,90,95]
Token  39: [3,28,29,62,77,80,111,126] [11,24,45,62,76,78,86,122] [23,36,72,77,115,119,121,125] [1,11,20,25,76,101,105,119] [0,11,39,40,74,83,97,119] [1,30,55,80,97,99,119,122] [46,63,64,66,104,115,116,119] [9,33,44,82,87,94,100,106] [18,24,27,44,55,67,72,86] [0,17,62,68,76,80,94,102] [1,14,18,29,36,50,91,120] [22,60,68,69,86,93,115,120] [2,23,27,53,73,79,85,102] [24,44,68,75,82,83,106,118] [3,9,10,11,29,55,62,69] [2,17,20,26,40,50,78,79] [29,40,80,84,111,122,123,127] [1,53,77,78,82,84,90,103] [46,63,66,89,104,115,116,126] [9,33,36,44,82,87,94,100] [18,27,35,45,55,72,86,90] [17,62,68,76,80,94,98,102] [18,19,36,37,50,90,91,120] [53,54,60,68,69,85,115,120] [20,23,34,73,79,85,102,107] [24,31,33,49,82,83,106,118] [2,3,10,29,62,69,101,109] [2,6,17,38,40,98,99,120] [14,29,30,84,111,122,123,127] [53,65,77,82,84,90,103,114] [22,46,58,63,89,104,116,126] [5,33,36,44,82,87,94,100] [18,27,32,35,45,67,72,86] [17,68,76,80,94,98,102,105] [18,19,36,50,69,90,91,120] [54,60,68,69,85,86,115,120] [23,34,53,71,73,79,80,102] [24,44,49,75,83,95,106,118] [3,10,11,29,38,55,62,69] [9,16,17,20,31,40,58,120] [23,29,77,80,84,111,115,127] [53,63,65,77,78,84,90,103] [20,23,24,28,68,75,80,115] [2,8,20,46,100,104,120,121] [3,6,13,69,80,98,104,110] [5,22,27,45,47,83,87,114] [10,45,52,55,63,68,82,104] [11,15,27,31,54,90,112,127]
Token  40: [0,31,61,69,81,93,101,107] [26,45,60,62,83,86,91,122] [68,92,103,116,117,121,123,125] [1,20,25,99,106,108,117,119] [0,11,83,89,91,100,102,110] [30,31,55,80,97,99,111,119] [39,46,63,96,104,115,116,119] [5,33,44,72,82,94,100,106] [27,28,45,55,67,72,86,99] [62,68,76,80,84,85,102,105] [1,14,18,36,50,83,84,91] [13,15,22,48,58,69,86,115] [23,28,30,69,78,79,85,120] [13,31,44,55,68,83,85,121] [3,10,11,28,29,38,69,101] [3,5,34,40,50,64,84,100] [1,14,20,84,98,121,122,127] [1,14,30,45,75,78,90,97] [22,39,46,63,89,104,116,126] [5,33,36,44,72,82,94,100] [32,35,37,45,66,72,86,114] [0,17,68,76,80,98,102,105] [14,18,19,36,50,73,90,91] [13,26,48,54,58,85,90,92] [23,34,36,61,69,79,102,107] [13,30,80,83,106,107,118,121] [3,10,29,38,57,69,84,101] [3,17,26,34,40,58,100,121] [1,14,24,30,80,84,121,127] [1,9,30,77,82,90,100,114] [14,22,63,89,104,116,124,126] [5,33,36,40,44,82,88,94] [32,35,37,45,66,67,86,100] [17,66,68,76,80,98,102,105] [14,18,50,83,85,90,91,94] [13,26,54,58,60,85,90,96] [2,23,27,36,69,79,102,107] [13,33,68,79,83,106,118,121] [3,10,29,38,55,57,66,69] [3,16,17,26,34,40,89,100] [1,20,30,80,84,105,121,127] [1,14,30,45,77,78,90,97] [14,23,55,65,80,101,115,119] [4,5,26,36,46,100,104,120] [6,29,54,69,71,98,104,108] [22,27,45,54,104,114,117,127] [14,52,55,63,67,68,101,117] [27,32,34,55,58,86,112,117]
Token  41: [22,33,64,75,87,91,101,110] [9,13,28,60,63,71,122,126] [4,12,42,46,60,64,74,104] [20,24,30,70,73,80,100,106] [5,7,11,51,57,60,70,102] [20,43,55,75,87,93,115,119] [14,39,46,63,89,103,104,116] [5,33,44,58,82,94,100,106] [32,35,37,45,86,94,100,104] [7,17,35,41,68,76,80,102] [13,15,18,50,82,85,91,124] [48,54,62,85,94,97,100,122] [2,7,14,30,34,36,61,67] [2,40,68,83,87,91,106,112] [3,15,23,29,38,57,60,69] [6,9,17,32,40,54,63,100] [1,11,14,30,80,84,108,127] [1,9,26,36,62,77,82,112] [14,22,39,46,63,89,104,116] [5,21,33,44,82,94,100,106] [32,35,45,61,86,90,100,104] [7,17,24,35,68,76,80,102] [15,18,33,50,82,85,91,124] [1,18,43,54,85,94,97,100] [2,14,25,34,36,61,67,102] [2,57,62,87,106,109,112,123] [3,15,23,38,57,60,69,71] [6,17,32,40,100,120,121,126] [14,30,44,80,84,108,114,127] [0,9,36,65,77,81,82,122] [14,46,63,89,104,115,116,118] [5,21,33,44,82,94,100,106] [32,35,37,44,45,55,86,114] [7,17,23,41,68,76,80,102] [15,18,50,69,82,91,124,127] [1,9,25,54,85,94,100,115] [0,2,14,34,36,67,73,103] [18,57,62,63,87,91,106,112] [3,15,38,55,57,60,69,71] [17,20,32,40,71,100,107,126] [29,30,44,77,108,114,115,127] [0,26,36,63,65,77,82,121] [23,24,49,52,68,69,75,80] [46,47,56,68,75,100,120,121] [3,6,11,29,80,98,104,110] [5,12,22,27,45,47,83,87] [10,45,52,55,68,104,117,125] [15,21,31,44,82,90,112,127]
Token  42: [31,32,53,61,69,93,120,122] [2,25,45,52,63,83,91,122] [12,68,72,104,116,117,123,125] [1,20,25,89,93,100,101,106] [11,43,63,79,83,91,102,111] [30,55,71,97,103,111,119,125] [14,39,46,63,96,104,115,116] [33,36,44,72,82,94,100,106] [27,44,45,55,72,86,99,123] [17,43,62,68,76,80,102,105] [14,18,21,50,83,91,94,113] [1,13,54,58,69,115,120,122] [2,4,30,34,66,67,69,80] [13,44,68,79,85,91,106,121] [3,11,23,28,57,69,101,125] [3,17,40,45,50,78,100,120] [20,80,84,106,114,121,122,127] [1,7,45,61,77,78,122,124] [22,46,63,89,96,104,115,116] [5,21,33,44,72,82,94,100] [18,27,32,44,45,72,86,99] [17,62,68,76,80,97,102,105] [13,18,19,31,36,50,91,113] [1,13,43,54,58,85,86,90] [2,30,35,66,69,73,102,126] [33,44,73,82,91,95,106,117] [3,23,38,55,63,69,101,125] [16,17,34,38,40,45,100,120] [14,48,84,90,112,114,121,127] [5,7,9,45,61,77,80,82] [22,46,63,89,104,112,115,116] [33,44,59,72,82,94,100,106] [18,32,44,45,72,86,99,114] [17,50,62,68,76,102,105,111] [14,18,19,31,36,50,68,69] [1,13,54,58,60,85,86,90] [4,21,36,39,66,69,73,126] [13,32,33,44,79,106,117,121] [3,38,55,63,69,101,119,125] [16,17,30,34,40,45,100,127] [30,48,80,112,114,115,121,127] [7,14,45,61,77,80,82,97] [23,65,75,80,101,108,115,117] [4,46,65,66,100,104,115,120] [6,29,46,54,69,71,98,104] [20,22,27,30,45,50,54,114] [27,52,55,63,67,68,77,117] [32,34,55,58,71,73,112,117]
Token  43: [6,30,57,75,87,91,110,123] [31,45,60,63,65,72,75,122] [4,46,60,64,65,92,104,125] [5,25,60,64,93,94,103,106] [11,37,57,60,64,83,96,102] [30,43,55,71,97,103,112,119] [39,46,63,89,96,104,115,116] [32,33,36,44,82,94,100,106] [30,32,44,45,55,86,90,123] [0,17,62,68,76,80,85,100] [12,18,22,27,31,50,91,94] [45,54,56,60,72,85,90,100] [2,4,27,34,36,60,67,95] [0,8,35,43,47,67,91,106] [3,14,15,63,67,68,69,119] [17,30,32,40,45,50,84,106] [48,84,90,91,97,106,114,127] [1,7,11,57,77,82,99,114] [17,39,46,63,87,96,115,116] [33,44,48,58,82,94,100,108] [30,32,35,44,45,55,86,114] [17,47,62,76,80,85,89,100] [2,4,12,18,27,31,50,94] [1,9,45,54,56,60,72,94] [2,4,35,36,39,61,64,71] [8,38,45,47,63,67,106,117] [3,67,68,69,73,109,119,125] [16,17,29,45,63,100,106,107] [0,46,54,90,100,106,112,114] [0,7,11,57,77,114,120,122] [17,39,58,87,96,104,112,115] [33,40,48,82,88,89,94,100] [30,32,44,45,77,87,90,114] [17,23,47,62,76,80,85,100] [4,12,18,27,31,40,91,94] [1,9,45,54,56,72,94,95] [4,8,35,36,39,64,73,89] [8,12,38,47,91,106,112,117] [3,15,55,67,68,69,98,119] [15,17,30,45,75,100,106,125] [0,1,30,48,54,90,112,115] [7,11,55,57,77,81,82,88] [14,23,52,69,87,108,110,117] [7,46,53,66,68,100,115,120] [11,29,69,101,102,104,105,108] [18,20,31,41,45,50,71,95] [27,32,66,68,76,77,93,122] [14,28,44,58,82,83,107,112]
Token  44: [11,16,72,85,98,100,114,119] [25,38,52,63,103,106,115,122] [16,29,45,60,65,103,111,127] [5,19,25,28,93,94,103,106] [2,7,11,46,57,60,63,70] [18,20,55,71,93,110,112,119] [63,89,96,97,104,115,116,119] [32,33,44,58,82,94,100,106] [30,32,45,67,86,90,108,123] [17,62,68,76,80,85,100,102] [4,7,12,18,27,63,91,94] [45,53,56,60,72,90,95,99] [2,4,8,27,34,40,61,66] [8,35,87,92,93,106,112,117] [2,3,38,67,68,69,115,125] [17,29,32,40,45,58,99,106] [1,14,80,84,90,106,114,127] [1,7,57,62,75,77,82,121] [39,46,63,87,96,104,115,116] [21,33,44,82,88,94,100,106] [21,30,32,45,55,67,86,90] [17,62,68,76,80,85,100,102] [4,7,18,27,50,63,91,94] [9,45,53,60,72,90,95,100] [2,4,27,34,39,61,64,102] [8,67,92,93,103,106,112,117] [3,38,68,69,73,98,109,119] [17,29,32,40,45,75,120,125] [0,1,14,80,84,90,106,127] [5,7,22,44,57,62,77,82] [17,46,63,87,96,104,115,116] [21,32,33,44,82,88,94,106] [21,30,32,45,55,77,86,90] [17,68,76,80,85,97,100,102] [4,7,12,18,27,63,91,94] [45,53,56,60,72,85,90,95] [2,4,8,39,64,66,102,127] [8,32,38,67,93,106,112,117] [2,3,63,67,68,69,98,119] [17,29,40,45,50,75,106,125] [0,1,30,54,80,90,106,112] [5,7,44,50,55,57,77,82] [14,23,71,80,87,99,108,117] [0,38,58,66,68,100,115,120] [6,29,46,101,104,105,108,111] [18,45,50,69,71,91,99,114] [16,20,27,32,63,76,93,125] [3,53,76,87,102,104,112,118]
Token  45: [7,32,58,72,88,109,117,121] [1,25,27,52,63,65,97,122] [16,29,60,65,89,104,112,127] [19,25,68,84,91,93,111,126] [2,11,30,34,37,52,57,96] [18,74,84,93,103,110,112,119] [39,44,46,63,96,104,115,116] [9,31,33,44,82,94,100,106] [38,45,55,67,72,77,86,90] [0,7,17,68,80,96,102,111] [18,27,50,63,69,78,91,94] [21,28,53,60,72,90,99,100] [2,4,8,27,34,65,102,115] [8,26,28,42,67,82,91,106] [3,7,15,23,53,67,69,115] [6,16,17,32,40,45,82,120] [0,14,48,80,84,114,115,127] [1,5,7,57,77,90,99,103] [46,56,63,64,87,105,115,116] [33,44,49,82,94,100,106,112] [44,45,55,65,77,84,86,121] [9,17,62,68,80,102,110,125] [18,45,50,56,61,78,98,105] [23,24,46,49,61,67,85,125] [2,15,26,34,61,79,80,102] [42,99,104,106,112,115,118,125] [3,7,29,53,69,86,109,113] [0,6,17,37,40,58,75,120] [1,10,14,80,82,84,114,127] [57,66,72,75,77,82,88,103] [22,46,63,66,83,89,104,116] [21,33,44,56,82,94,100,106] [9,35,44,45,55,67,86,90] [17,23,33,66,68,80,102,105] [7,9,18,30,45,50,63,88] [4,21,28,45,53,85,99,104] [14,34,36,61,64,92,102,118] [20,52,67,93,106,112,117,125] [1,3,27,67,69,83,109,125] [16,29,40,45,50,63,106,110] [0,1,48,54,90,106,112,115] [7,34,44,50,55,57,77,80] [23,71,80,87,99,108,111,117] [0,5,46,58,66,100,104,115] [6,9,29,46,104,105,108,111] [29,50,54,65,91,95,99,114] [27,32,63,68,76,94,122,125] [3,4,44,53,72,87,102,107]
Token  46: [27,52,76,88,109,117,121,127] [1,25,27,52,63,93,97,109] [29,42,48,60,65,101,104,112] [19,25,60,87,93,111,119,126] [2,7,8,16,26,57,63,96] [43,55,71,93,99,110,112,114] [17,39,63,89,96,97,104,115] [33,36,40,44,82,89,94,108] [30,32,45,55,86,87,90,108] [0,17,62,76,80,85,89,100] [4,7,12,18,27,91,94,98] [45,53,54,56,60,94,95,100] [2,4,8,34,55,94,117,127] [8,35,38,63,67,91,106,112] [2,3,14,15,38,68,69,119] [17,29,32,40,45,50,106,125] [0,14,54,62,90,106,114,127] [1,11,50,57,77,82,114,122] [17,46,63,87,96,104,115,118] [24,32,33,44,58,82,94,100] [30,32,45,55,86,87,90,114] [7,17,47,62,76,85,89,100] [2,4,18,27,31,36,50,94] [9,28,30,45,56,60,94,95] [2,4,34,35,39,55,64,94] [8,38,47,63,67,91,95,106] [3,14,38,68,69,73,111,125] [16,17,29,32,40,45,48,107] [0,14,30,54,62,90,114,127] [0,11,13,50,57,77,114,122] [17,52,87,89,96,104,112,115] [33,44,48,58,89,94,100,123] [18,30,32,44,45,77,87,90] [17,23,47,62,76,85,100,102] [4,13,18,27,36,40,50,127] [1,9,45,56,60,85,94,95] [2,4,36,55,64,73,94,117] [8,36,47,63,67,91,106,112] [3,4,15,38,46,55,68,69] [2,16,17,30,32,40,50,125] [0,1,14,30,54,90,115,127] [7,11,50,57,73,77,81,88] [23,24,30,52,69,87,108,117] [46,53,58,66,100,115,120,122] [6,16,25,29,58,69,94,104] [2,5,50,65,87,95,99,117] [27,32,68,76,94,104,122,123] [4,14,44,58,92,107,112,127]
Token  47: [13,26,40,52,65,72,98,100] [18,50,63,94,100,122,124,127] [49,53,57,65,84,88,99,104] [19,25,37,51,71,85,86,93] [2,7,43,79,85,96,102,106] [42,55,59,64,71,103,109,112] [26,35,56,58,63,96,115,116] [5,9,33,44,82,94,100,106] [45,55,72,86,90,114,123,127] [0,9,17,62,68,76,80,84] [18,26,36,50,61,69,73,105] [1,24,45,49,54,61,95,122] [2,8,15,30,35,67,73,99] [0,6,13,28,63,91,106,110] [3,7,11,15,20,48,69,111] [17,32,38,40,63,78,85,106] [54,84,90,100,108,114,115,127] [1,19,50,72,77,99,122,124] [14,63,88,89,105,115,116,118] [5,24,33,44,49,89,94,100] [18,27,32,44,45,55,84,121] [0,9,17,68,76,79,110,125] [15,18,19,31,50,61,105,127] [1,24,25,49,54,61,85,92] [2,15,35,36,67,73,99,102] [2,15,28,35,63,82,91,106] [14,20,32,48,68,69,107,111] [2,5,16,17,26,32,99,100] [28,39,48,62,89,100,114,127] [11,13,53,77,80,114,118,122] [52,58,88,105,112,115,122,126] [5,33,48,49,59,100,112,123] [15,32,65,84,103,114,121,127] [0,9,17,23,47,76,110,125] [18,31,39,50,56,61,105,127] [1,23,24,49,54,61,85,100] [4,21,23,34,36,73,92,99] [13,15,47,63,106,112,117,125] [3,22,32,49,55,69,101,125] [17,26,32,34,75,100,106,125] [0,28,42,48,54,89,115,127] [1,49,50,61,72,77,88,118] [17,25,39,50,56,114,115,117] [18,30,53,65,82,96,98,120] [5,16,25,29,41,94,104,108] [29,38,40,54,71,90,95,127] [63,68,74,76,77,90,97,123] [46,58,65,76,84,109,110,112]
Token  48: [0,11,16,72,85,100,114,119] [8,22,63,72,106,119,122,127] [2,16,45,65,78,101,104,127] [19,25,29,60,74,81,86,93] [11,52,64,70,81,83,92,115] [8,17,25,37,59,64,73,103] [24,34,47,53,58,63,71,76] [9,18,24,59,100,106,109,112] [9,38,45,57,65,72,116,127] [0,17,19,49,80,96,122,125] [16,18,26,56,61,68,78,105] [7,24,28,49,54,60,61,125] [2,15,56,65,96,99,105,115] [15,19,23,26,28,58,78,118] [3,17,20,67,69,81,100,110] [16,41,49,59,70,85,101,120] [14,30,39,65,73,81,89,115] [18,21,33,42,55,77,78,83] [24,34,39,44,53,63,105,116] [24,49,59,62,100,106,109,112] [38,45,65,72,84,101,116,121] [0,9,49,85,96,110,122,125] [45,56,61,68,78,90,98,105] [7,23,24,28,49,54,61,125] [15,23,49,56,65,79,96,99] [0,15,19,26,28,49,58,103] [4,74,81,89,98,100,103,110] [16,41,49,59,70,120,122,127] [39,48,65,81,82,87,89,115] [1,13,18,21,55,83,93,120] [24,26,27,34,53,63,75,126] [18,24,59,75,100,106,109,112] [15,38,46,65,72,90,101,121] [0,9,10,49,96,110,122,125] [26,56,61,68,78,90,98,105] [4,21,23,24,54,64,94,125] [15,17,23,56,65,73,79,85] [0,15,20,29,78,85,104,124] [49,55,69,86,89,102,103,125] [11,25,48,49,59,75,83,120] [35,42,49,87,107,113,115,127] [1,34,59,77,78,83,88,93] [17,33,56,67,70,109,111,114] [18,38,72,80,96,98,99,106] [5,7,12,30,102,104,107,114] [29,41,67,73,88,107,110,117] [16,43,46,76,100,103,106,122] [3,46,76,87,102,104,112,118]
Token  49: [7,32,58,72,88,109,117,121] [1,25,27,44,47,63,65,122] [16,60,81,95,101,104,107,127] [19,20,25,71,72,81,84,126] [2,11,30,37,52,53,57,70] [17,18,59,64,74,103,110,114] [34,44,46,56,58,63,71,116] [9,33,44,59,82,94,100,106] [38,45,65,67,72,86,90,127] [0,17,71,80,96,102,111,122] [18,26,50,51,69,78,91,98] [24,28,46,48,60,96,124,125] [2,4,15,34,56,65,79,115] [15,23,26,28,42,58,91,106] [3,20,23,48,53,69,110,115] [6,16,17,40,61,85,101,120] [0,14,39,48,80,84,114,115] [1,18,19,21,42,72,77,103] [34,56,63,83,88,105,115,116] [3,33,49,75,82,94,100,112] [35,44,65,72,84,116,121,127] [9,62,68,80,102,110,111,125] [18,45,50,56,61,78,98,105] [23,24,46,49,54,61,96,125] [2,15,34,65,79,80,96,99] [15,28,36,58,83,104,106,118] [3,17,20,48,69,86,107,110] [6,16,26,40,59,75,79,120] [14,39,73,80,82,84,114,115] [21,72,75,77,83,88,93,103] [34,46,56,63,64,83,115,116] [21,33,44,82,94,98,100,106] [9,44,55,67,86,116,122,127] [10,24,33,62,68,79,80,102] [7,18,30,37,41,45,86,103] [4,21,28,33,85,92,94,114] [14,17,32,34,42,61,92,102] [20,27,36,42,59,92,104,124] [3,22,27,69,95,102,109,125] [9,11,17,40,58,61,75,120] [32,42,50,80,84,107,113,127] [34,39,59,72,77,78,88,105] [8,10,17,25,33,56,80,111] [11,18,30,72,74,80,98,99] [5,6,25,29,39,101,104,126] [29,33,41,45,64,110,114,117] [16,43,46,93,94,100,110,122] [4,53,61,72,84,102,107,113]
Token  50: [35,52,57,76,109,117,123,127] [25,27,47,52,63,109,115,122] [29,48,60,64,65,92,101,103] [20,25,29,67,74,93,101,106] [2,11,16,57,64,89,96,107] [20,55,71,97,103,109,110,112] [39,58,63,96,104,112,115,116] [33,36,44,82,88,94,100,106] [32,45,55,67,72,86,87,90] [11,14,17,26,68,80,85,107] [5,6,12,18,22,36,42,50] [13,45,53,60,76,90,95,110] [2,4,27,34,36,54,60,92] [31,35,43,47,85,91,106,117] [2,3,14,49,63,67,69,125] [17,34,40,45,48,50,63,125] [0,1,46,84,90,106,114,127] [1,7,50,77,82,114,122,123] [39,46,63,89,96,104,115,116] [33,36,44,82,88,89,94,100] [18,21,32,45,55,67,86,123] [14,17,62,68,80,85,102,111] [7,12,18,19,36,50,63,102] [13,31,45,60,72,94,110,117] [1,2,4,34,36,77,92,111] [12,31,43,47,85,95,106,117] [3,27,49,63,68,69,83,84] [15,17,34,40,45,75,99,107] [0,1,14,46,54,90,114,127] [7,30,37,50,77,99,114,124] [39,52,58,63,96,104,115,116] [33,36,44,48,82,94,100,106] [18,32,44,45,55,67,86,90] [17,43,62,68,76,80,85,102] [4,12,13,18,36,40,50,63] [45,52,53,60,72,90,102,110] [4,27,34,36,39,64,111,115] [31,32,47,67,91,93,106,117] [2,55,63,67,68,69,98,119] [17,29,30,40,45,50,63,127] [0,1,46,48,54,90,106,112] [5,7,34,50,55,57,77,80] [23,52,58,71,80,99,108,117] [5,7,58,66,68,98,100,115] [29,39,46,52,78,100,104,108] [8,50,64,67,71,91,99,114] [16,27,43,49,74,76,94,122] [3,53,76,80,87,102,103,107]
Token  51: [46,47,52,76,88,117,123,127] [25,27,44,47,52,63,109,122] [12,29,42,48,60,64,104,127] [18,19,20,25,73,74,86,100] [7,11,16,37,51,53,57,70] [18,51,55,74,93,110,112,119] [20,46,63,87,89,104,111,116] [19,32,33,44,82,94,100,106] [35,45,67,86,87,90,108,123] [0,7,17,67,68,76,80,102] [7,18,25,30,50,63,91,94] [21,48,53,60,90,95,99,100] [2,4,8,14,27,34,65,127] [40,89,91,92,104,106,112,117] [3,15,38,53,57,69,71,115] [6,17,32,40,75,89,91,120] [0,1,14,80,84,100,115,127] [1,66,77,82,92,100,103,121] [46,56,63,64,87,104,116,124] [32,33,44,73,82,94,100,106] [35,43,44,67,86,90,123,124] [7,57,66,68,80,102,111,113] [7,18,23,30,45,50,83,94] [21,22,36,53,67,78,99,100] [2,14,32,34,43,46,95,115] [25,27,42,82,99,104,106,112] [3,36,44,53,66,75,111,115] [3,6,11,17,40,76,82,120] [1,14,50,78,80,84,113,126] [34,66,72,77,82,100,103,116] [46,52,63,86,89,104,110,119] [3,32,44,73,82,100,106,110] [3,9,44,67,86,94,95,123] [25,57,68,80,102,111,113,117] [2,7,13,18,30,33,82,94] [4,21,51,53,78,96,104,111] [14,32,33,42,74,92,95,108] [20,25,27,61,92,104,106,112] [15,49,53,57,87,92,102,125] [0,11,25,27,40,75,102,125] [0,35,42,48,80,82,107,113] [34,39,50,59,77,88,93,118] [4,17,25,56,70,96,111,117] [5,7,18,46,68,80,82,115] [5,9,29,46,102,103,104,114] [29,41,50,51,64,88,99,110] [16,27,32,43,46,76,94,122] [3,4,53,72,76,87,102,107]
Token  52: [46,47,52,76,88,117,123,127] [13,25,27,52,63,97,109,122] [29,56,60,64,65,83,101,104] [19,25,60,74,93,101,108,114] [7,11,16,51,57,60,96,119] [9,20,55,71,103,109,110,112] [17,39,63,89,97,104,112,115] [9,33,36,44,82,94,100,106] [18,30,32,45,67,87,90,108] [17,62,68,76,80,85,100,102] [4,12,18,27,36,63,94,103] [22,45,53,54,56,95,100,110] [2,4,8,27,34,73,78,94] [8,31,63,67,91,106,110,112] [2,3,14,15,68,69,81,119] [2,16,17,32,40,107,120,126] [0,44,54,84,90,108,114,127] [1,50,57,63,77,90,108,114] [17,22,46,63,96,115,116,118] [33,36,44,48,82,88,94,100] [18,30,32,44,45,55,86,108] [17,41,47,62,68,85,100,102] [2,4,13,18,27,31,36,50] [1,9,45,53,56,60,85,95] [2,4,30,34,35,55,94,102] [8,31,38,63,67,95,106,109] [3,14,18,68,69,73,82,111] [2,16,17,19,32,40,87,107] [0,44,54,62,77,108,114,127] [0,11,57,63,65,77,108,122] [17,22,89,104,112,115,116,118] [5,33,36,44,48,82,94,100] [18,27,30,32,35,44,90,114] [17,47,62,68,76,85,100,102] [4,13,18,27,31,36,50,127] [1,9,45,53,54,56,60,95] [2,4,34,35,36,38,73,94] [4,8,31,63,67,106,109,112] [2,3,4,18,38,55,69,81] [2,17,30,32,40,61,64,107] [0,14,29,54,77,80,115,127] [0,50,57,63,65,77,103,121] [12,20,23,24,69,80,115,126] [8,46,47,53,100,120,121,122] [6,29,47,80,94,98,104,110] [5,22,45,47,83,87,99,114] [1,5,10,32,52,68,71,123] [4,31,44,74,82,92,107,127]
Token  53: [40,43,52,65,72,73,98,100] [18,38,63,70,94,100,122,127] [38,40,57,82,84,88,99,109] [6,25,31,37,71,86,93,116] [7,11,40,76,85,106,108,115] [37,59,61,64,66,73,97,125] [34,56,63,83,105,112,115,116] [18,33,49,59,75,100,109,112] [18,45,57,65,72,84,121,127] [0,9,17,62,76,85,110,122] [18,26,31,50,61,68,90,105] [1,24,49,53,54,61,122,125] [15,35,56,73,78,79,85,99] [6,15,26,28,58,91,106,110] [3,4,17,20,48,69,81,104] [2,16,17,31,40,49,85,101] [8,39,81,114,115,122,124,127] [1,18,19,33,42,78,99,105] [34,56,105,112,115,116,122,126] [3,5,24,49,59,75,100,112] [32,35,45,66,72,84,114,121] [0,9,50,76,85,110,122,125] [19,31,50,56,61,68,90,105] [1,23,24,49,54,61,92,103] [9,15,23,35,73,79,96,99] [15,26,28,58,73,78,91,110] [4,14,17,20,32,48,86,107] [2,16,49,59,70,85,101,127] [39,48,62,65,81,89,124,127] [1,18,19,21,33,42,55,118] [8,24,34,56,83,88,105,126] [18,24,49,75,100,109,112,123] [35,65,72,84,103,116,121,127] [0,9,16,49,85,104,110,125] [31,50,56,61,68,78,90,105] [1,23,24,48,49,54,61,125] [15,21,23,56,73,79,96,99] [15,23,28,33,58,78,110,118] [3,4,17,32,55,81,86,104] [2,40,52,59,70,85,101,127] [48,73,80,81,89,115,124,127] [1,21,42,48,55,69,103,105] [24,31,32,64,80,113,114,115] [31,37,46,77,78,88,100,104] [6,47,53,69,73,90,98,104] [2,22,27,32,45,87,101,114] [11,34,38,52,55,60,63,118] [20,57,73,74,77,86,105,109]
Token  54: [14,21,50,57,75,103,106,110] [3,6,9,28,33,62,95,122] [12,41,84,90,100,122,125,127] [4,12,20,39,71,87,117,127] [11,34,37,50,56,58,64,83] [18,47,51,68,103,105,110,119] [26,39,56,58,63,112,116,126] [33,36,44,59,82,94,100,106] [36,44,45,67,72,86,109,127] [0,32,65,68,80,96,102,122] [18,26,29,36,50,90,113,123] [48,53,54,60,63,69,103,109] [2,23,24,65,73,79,85,107] [23,26,31,66,82,83,91,118] [3,4,16,55,63,69,105,110] [16,17,40,49,50,70,72,103] [14,48,65,81,89,115,119,124] [1,18,55,78,82,90,99,123] [24,26,34,63,105,116,122,126] [3,24,59,62,75,100,109,112] [9,45,65,66,72,101,109,121] [0,9,16,49,98,110,122,125] [16,26,31,36,56,68,73,90] [23,24,26,28,54,61,63,103] [9,15,21,23,24,75,79,99] [15,26,28,66,80,82,110,118] [4,16,74,89,103,105,107,110] [2,5,16,49,59,72,103,120] [12,48,65,81,82,89,115,119] [1,13,18,55,66,78,83,90] [24,26,34,56,58,63,89,126] [24,59,60,62,75,100,109,112] [15,18,36,65,66,72,101,109] [0,32,49,65,96,98,122,125] [26,36,50,51,69,90,98,113] [3,23,26,48,54,59,63,109] [21,23,24,34,42,73,79,114] [23,33,66,82,91,106,113,118] [3,8,16,38,55,69,90,105] [4,16,17,31,40,72,103,120] [12,14,43,80,84,115,119,127] [2,9,35,66,78,82,90,103] [18,23,27,68,80,93,102,115] [5,6,29,36,46,87,100,104] [6,14,20,27,48,69,98,104] [22,27,32,37,45,58,70,114] [52,55,60,63,75,101,115,117] [36,47,66,86,88,120,123,124]
Token  55: [28,83,87,91,112,118,124,125] [9,16,28,29,45,48,68,122] [4,23,36,56,67,76,100,125] [3,12,20,70,73,101,112,114] [7,11,28,37,38,50,83,119] [10,35,63,74,87,93,114,119] [23,46,63,87,104,111,116,118] [2,19,33,44,82,94,100,106] [15,18,20,35,67,86,123,127] [0,32,35,65,66,68,80,102] [18,29,30,50,69,103,109,111] [8,14,22,42,48,53,60,69] [2,26,34,41,65,73,85,115] [13,35,68,82,83,91,106,118] [3,4,16,29,38,63,69,102] [2,16,17,31,38,40,50,72] [14,30,60,80,89,110,115,122] [1,13,46,77,78,82,90,94] [13,34,46,58,63,104,116,126] [2,33,44,75,82,94,100,106] [15,18,20,35,72,86,114,127] [0,32,65,66,80,84,102,111] [16,18,36,50,69,103,109,111] [8,11,14,48,53,54,60,64] [9,21,23,26,28,34,57,79] [2,23,50,78,82,83,98,118] [3,4,16,29,69,89,102,110] [6,16,17,40,58,61,79,99] [14,55,60,80,89,108,110,122] [13,46,78,82,90,94,103,122] [13,34,39,46,63,112,116,126] [2,33,44,56,82,94,100,106] [15,18,36,45,72,86,90,127] [0,32,65,66,68,80,102,111] [18,30,36,50,69,98,103,109] [22,42,48,60,64,69,85,115] [2,21,26,34,42,73,79,115] [13,33,41,76,82,91,106,118] [3,11,16,55,60,69,80,102] [9,16,17,31,40,51,60,61] [14,60,80,84,108,110,115,127] [15,36,46,52,64,78,103,122] [23,24,49,68,80,90,115,125] [12,19,49,80,100,104,121,125] [6,11,23,45,88,98,99,104] [17,22,26,45,46,76,112,114] [5,29,30,39,52,81,104,105] [15,35,71,74,95,111,121,127]
Token  56: [0,16,53,70,97,104,111,120] [20,24,34,62,76,86,107,122] [10,14,72,81,87,107,116,125] [12,13,23,25,32,76,105,117] [0,11,23,25,58,73,83,89] [31,35,68,80,97,107,110,119] [13,26,34,39,56,58,63,116] [24,33,44,82,87,94,100,106] [18,44,45,55,64,72,86,127] [0,32,62,65,68,80,94,102] [14,18,29,36,50,69,103,113] [28,30,48,54,60,63,69,93] [23,26,53,65,73,79,85,126] [26,33,44,68,75,82,83,118] [3,4,11,29,55,63,69,80] [2,5,16,17,31,40,50,60] [7,14,40,81,89,115,122,127] [1,15,18,52,77,78,90,99] [24,26,34,63,89,116,122,126] [3,24,59,75,82,87,100,112] [5,35,45,57,64,65,72,127] [0,51,65,76,85,94,98,122] [16,19,29,36,50,69,90,113] [26,30,54,60,63,65,85,103] [9,21,23,24,73,79,85,107] [26,33,78,80,82,83,91,118] [3,4,10,57,63,69,80,110] [5,6,16,17,23,38,40,99] [7,14,30,40,80,89,114,127] [15,52,53,77,78,82,90,103] [22,46,58,63,89,115,116,126] [5,21,33,44,82,87,94,100] [18,44,64,72,86,90,124,127] [0,17,68,76,80,94,98,102] [18,36,50,69,90,91,98,113] [3,54,60,63,65,69,85,115] [21,23,34,42,53,73,79,115] [13,33,44,75,82,91,106,118] [3,10,29,38,55,69,79,80] [9,16,17,40,60,61,71,120] [7,14,15,40,80,84,115,127] [15,52,53,78,80,90,103,117] [23,24,37,59,68,73,80,125] [43,46,49,81,96,100,104,120] [6,37,38,45,54,80,98,104] [22,45,46,63,80,104,112,114] [39,52,55,63,82,84,105,124] [27,32,34,35,52,71,90,95]
Token  57: [3,28,29,62,77,80,111,126] [11,24,45,62,76,78,86,122] [23,36,56,72,115,119,121,125] [1,11,20,25,76,101,105,119] [0,11,39,40,74,83,97,119] [1,30,55,80,97,99,103,122] [46,63,64,66,104,112,115,116] [9,33,44,82,87,94,100,106] [18,27,44,45,55,67,72,86] [0,17,44,62,68,80,94,102] [1,14,18,29,36,50,91,120] [22,48,60,68,69,86,93,120] [23,27,28,53,73,79,85,102] [24,44,68,82,83,91,106,118] [3,4,9,11,29,55,62,69] [2,16,17,26,40,50,78,79] [29,40,80,84,111,114,122,127] [1,53,77,78,82,84,90,103] [34,46,63,66,96,115,116,126] [9,33,36,44,82,87,94,100] [18,27,44,45,55,72,86,127] [0,17,51,62,68,80,94,102] [18,19,29,36,50,90,91,120] [3,48,54,60,68,69,85,120] [23,34,71,73,79,85,102,107] [24,33,49,82,83,91,106,118] [3,4,10,29,62,63,69,101] [2,6,17,38,40,58,100,120] [14,29,30,77,111,114,123,127] [53,65,77,78,82,84,90,103] [46,58,63,89,112,115,116,126] [5,21,33,44,82,87,94,100] [18,27,32,44,45,72,86,127] [0,17,62,68,76,80,94,98] [18,36,50,69,90,91,113,120] [48,54,60,68,69,85,86,120] [20,21,23,39,53,71,73,79] [24,33,44,49,83,91,106,118] [3,10,11,29,55,62,63,69] [16,17,31,40,46,58,71,120] [23,29,80,84,111,115,123,127] [53,65,77,78,84,90,103,121] [23,24,28,55,68,75,80,115] [8,20,46,96,100,104,120,121] [3,6,13,80,94,98,104,110] [5,22,27,45,47,83,87,114] [10,45,52,55,68,82,104,117] [11,15,27,31,54,90,112,127]
Token  58: [0,31,61,69,81,93,101,107] [26,45,60,62,83,86,91,122] [68,72,92,103,116,117,123,125] [1,20,25,99,106,108,117,119] [0,11,83,89,91,100,102,110] [30,31,35,55,80,97,111,119] [22,39,46,63,96,104,115,116] [5,33,44,72,82,94,100,106] [27,28,45,55,67,72,86,99] [0,68,76,80,84,85,102,105] [1,14,18,36,50,69,84,116] [13,15,22,54,58,69,115,120] [4,23,28,69,73,78,85,92] [13,31,44,68,83,91,106,121] [3,10,11,28,29,38,69,84] [3,5,17,34,40,50,100,106] [14,20,30,84,98,121,122,127] [1,14,30,45,78,90,97,124] [22,26,39,46,63,89,116,126] [33,36,44,59,72,82,94,100] [27,28,35,45,72,86,99,114] [0,17,68,76,80,98,102,105] [14,18,19,36,50,69,90,91] [13,26,31,48,54,58,85,90] [23,34,61,69,79,85,102,107] [33,80,83,91,106,107,118,121] [3,10,29,38,57,63,69,101] [3,5,6,17,26,34,40,100] [14,30,50,80,84,114,121,127] [1,9,14,30,77,78,82,90] [14,22,58,63,89,104,116,126] [5,21,33,36,44,82,88,94] [32,35,37,45,66,72,86,100] [0,17,68,76,80,98,102,105] [14,18,19,36,50,69,90,91] [13,26,48,54,58,60,85,90] [21,23,27,36,69,73,79,126] [13,33,79,83,91,106,118,121] [3,29,38,55,57,63,66,69] [3,16,17,26,34,40,89,100] [1,20,30,80,105,115,121,127] [1,9,14,30,45,78,90,97] [14,23,55,80,101,115,117,119] [4,5,36,37,46,100,104,120] [6,29,47,54,69,71,98,104] [20,22,27,45,54,104,114,127] [14,52,55,63,67,68,115,117] [32,34,55,57,58,86,112,117]
Token  59: [22,33,64,75,87,91,101,110] [9,13,28,60,63,71,122,126] [4,36,42,46,60,64,74,104] [21,24,30,70,73,80,100,106] [5,7,11,51,57,60,70,102] [20,55,75,87,93,115,119,122] [14,39,46,63,89,102,104,116] [5,33,36,44,82,94,100,106] [18,35,37,45,67,86,100,104] [7,17,35,41,68,76,80,102] [18,33,36,50,82,85,91,103] [39,48,60,62,85,94,100,122] [2,7,14,34,36,61,85,102] [62,68,83,85,87,91,106,112] [2,3,15,29,38,57,60,69] [2,17,32,40,54,63,84,100] [1,11,14,30,80,84,108,127] [1,9,36,63,65,77,81,90] [14,22,39,46,63,89,104,116] [5,21,33,44,82,94,100,106] [18,32,35,45,72,86,90,100] [7,17,23,35,68,76,80,102] [15,18,33,36,50,82,85,127] [42,43,46,48,54,85,94,100] [0,2,26,34,36,61,73,102] [18,57,63,82,83,91,106,112] [3,15,38,55,57,69,71,73] [2,16,17,32,40,54,100,126] [14,24,30,80,84,108,114,127] [9,30,36,62,65,81,82,122] [14,46,58,63,104,112,116,118] [5,21,33,44,59,82,94,100] [18,27,32,35,45,72,86,114] [0,17,41,47,62,68,76,80] [15,18,36,50,69,82,91,127] [9,25,60,69,85,94,100,115] [0,2,14,34,35,39,73,102] [13,33,62,63,87,91,106,112] [3,11,15,38,55,60,69,71] [2,17,20,30,32,40,107,126] [29,30,44,77,80,108,115,127] [0,9,63,65,77,82,103,121] [23,24,49,52,68,75,80,126] [46,47,56,75,100,104,120,121] [3,6,11,29,80,98,104,110] [5,22,27,45,47,83,87,114] [5,10,52,55,68,104,117,125] [15,31,44,74,82,90,112,127]
Token  60: [31,32,53,61,69,93,120,122] [2,25,45,52,63,83,91,122] [12,68,72,104,116,117,123,125] [1,20,25,89,93,101,106,117] [11,43,63,79,83,91,102,111] [30,35,55,97,103,111,119,125] [14,39,46,63,96,112,115,116] [33,36,44,72,82,94,100,106] [18,27,44,45,55,72,86,99] [0,17,43,62,68,76,80,105] [14,18,26,36,50,83,91,113] [13,58,69,86,90,93,115,120] [2,20,53,69,73,80,85,126] [13,33,44,63,68,91,106,121] [3,10,11,28,38,63,69,125] [2,17,30,34,40,45,100,120] [20,48,84,106,114,115,121,127] [1,7,18,45,61,77,78,90] [13,26,34,58,63,115,116,122] [33,44,50,59,72,94,100,123] [18,27,32,35,45,55,72,99] [0,17,62,85,98,104,105,122] [19,31,36,68,69,73,90,113] [3,26,54,58,60,63,86,103] [21,23,35,66,69,73,107,118] [33,44,78,83,91,95,117,118] [3,4,10,55,63,69,101,125] [2,16,17,34,38,40,45,100] [14,48,76,90,101,114,121,127] [1,45,55,61,77,78,80,82] [13,22,46,58,63,112,115,116] [24,33,44,59,72,82,94,100] [18,27,32,35,45,72,99,114] [0,17,62,68,80,98,102,105] [14,18,36,50,68,69,91,98] [3,13,48,58,60,72,90,103] [4,21,35,66,69,71,73,126] [13,33,78,79,91,103,106,117] [3,38,55,63,67,69,101,119] [17,30,34,40,45,100,120,127] [30,48,76,80,112,115,121,127] [1,7,14,45,61,77,80,82] [21,23,65,75,80,101,115,117] [4,20,46,65,66,100,104,120] [6,29,46,54,71,98,104,108] [20,22,27,30,45,50,54,114] [27,52,55,67,68,77,117,125] [32,34,55,73,74,86,112,117]
Token  61: [6,30,57,75,87,91,110,123] [28,31,45,60,63,65,75,122] [4,46,60,64,65,92,104,125] [5,25,60,71,93,94,103,106] [11,37,57,64,83,96,102,119] [30,35,43,55,71,97,103,112] [39,63,89,96,104,112,115,116] [33,36,44,58,82,88,94,100] [18,30,32,45,55,72,86,90] [0,17,62,68,76,80,85,100] [12,18,22,27,31,36,50,69] [45,48,56,60,90,93,110,120] [2,4,27,34,35,36,73,95] [8,13,35,43,63,85,91,106] [3,15,55,63,68,69,119,125] [2,17,32,40,45,54,106,125] [46,48,90,91,97,106,114,127] [1,7,11,57,77,90,99,122] [63,87,96,112,115,116,118,122] [33,58,59,82,84,94,100,123] [18,30,32,35,45,57,72,114] [0,17,47,50,62,76,85,100] [15,18,27,31,33,36,68,127] [3,30,45,56,72,85,94,103] [4,9,34,35,36,64,73,107] [8,38,45,47,63,67,73,91] [14,55,68,69,94,107,113,125] [2,17,29,30,45,59,100,106] [14,46,90,91,100,112,114,127] [11,30,57,68,77,80,99,122] [3,52,58,63,87,96,115,122] [24,33,45,47,58,59,94,100] [18,30,32,45,48,90,114,124] [0,17,23,41,47,80,85,100] [18,27,36,40,50,80,94,127] [21,28,31,45,56,60,94,100] [4,8,34,36,64,73,78,127] [8,13,31,35,91,92,106,117] [2,3,15,24,55,68,69,98] [2,15,17,32,40,100,106,125] [0,46,54,76,90,91,100,115] [7,11,57,73,77,81,82,88] [8,17,23,69,70,80,110,117] [24,53,58,66,80,100,115,120] [6,11,16,19,29,94,104,108] [20,40,45,50,54,71,81,95] [27,32,51,68,76,77,93,125] [23,44,58,82,83,107,112,118]
Token  62: [11,16,72,85,98,100,114,119] [25,38,52,63,103,106,115,122] [16,29,45,60,65,103,111,127] [5,19,25,28,93,94,103,106] [2,7,11,57,60,63,70,119] [18,20,55,71,93,110,112,119] [39,63,89,96,104,115,116,119] [32,33,40,44,82,94,100,106] [18,30,32,45,67,86,90,102] [7,17,62,68,76,80,85,100] [4,12,18,27,36,63,91,94] [53,56,60,72,75,76,90,99] [2,4,27,34,40,61,64,127] [8,13,35,85,91,93,106,117] [2,3,15,38,67,68,69,125] [17,32,40,45,50,63,75,106] [1,14,80,84,90,106,114,127] [1,7,57,62,77,82,90,121] [39,46,63,89,96,104,115,116] [21,33,44,82,88,94,100,106] [18,21,30,32,45,55,86,90] [17,62,68,76,80,85,97,100] [4,7,18,27,36,50,63,91] [45,53,56,60,72,85,90,94] [2,4,27,52,61,64,73,102] [8,47,83,92,99,106,117,118] [2,3,10,38,63,68,69,109] [17,29,40,45,75,99,106,120] [0,1,14,30,84,90,114,127] [5,7,9,22,57,62,77,82] [22,46,63,96,104,115,116,124] [21,33,36,44,82,88,94,106] [30,32,35,45,77,86,87,90] [17,68,80,85,97,100,102,111] [4,12,18,27,36,50,63,91] [45,53,60,72,85,90,95,104] [2,4,8,35,64,66,102,127] [8,38,83,91,93,106,112,117] [3,55,63,67,69,98,109,119] [17,26,29,40,45,50,75,106] [0,1,30,48,54,90,106,112] [5,7,11,44,50,55,57,77] [14,23,71,80,87,99,108,117] [38,58,66,68,100,104,115,120] [6,29,46,101,104,105,108,111] [18,45,50,54,71,91,92,114] [16,27,32,63,68,76,93,125] [3,53,76,87,102,104,112,118]
Token  63: [7,32,58,72,88,109,117,121] [1,25,27,52,63,65,115,122] [16,29,60,65,89,104,112,127] [19,25,68,84,91,93,111,126] [2,11,30,34,37,52,57,96] [17,18,74,93,103,110,112,119] [26,39,44,46,58,63,115,116] [9,31,33,44,82,94,100,106] [38,45,55,67,72,86,90,127] [0,7,17,68,80,96,111,122] [18,27,50,63,69,78,91,94] [21,28,46,48,53,60,96,99] [2,4,8,34,65,73,78,85] [8,26,42,67,82,91,106,122] [3,4,15,23,53,67,69,115] [16,17,32,40,45,49,89,120] [0,14,48,50,84,114,115,127] [1,7,18,62,75,77,82,90] [34,39,44,46,56,63,87,104] [9,33,44,59,75,82,94,100] [32,44,45,72,86,90,109,116] [0,10,49,80,84,96,102,111] [18,26,36,69,83,86,94,126] [4,9,21,48,60,65,67,96] [2,4,9,26,34,43,61,102] [42,73,82,92,104,106,112,125] [3,7,14,53,69,107,110,115] [0,6,16,17,32,40,48,75] [14,42,48,50,80,113,114,115] [57,72,75,77,82,89,93,103] [22,39,52,56,64,83,104,115] [33,44,48,51,60,82,100,106] [9,15,36,44,86,90,103,122] [33,62,65,80,89,96,102,111] [7,13,18,30,33,37,50,91] [4,28,43,78,85,115,120,121] [2,14,32,34,39,80,102,108] [20,27,68,91,104,106,112,125] [3,15,30,38,53,69,109,125] [11,17,32,40,48,50,75,120] [0,1,35,42,70,80,107,113] [34,50,59,77,82,88,103,105] [8,17,25,56,66,70,111,117] [10,18,30,58,74,80,111,115] [5,12,25,29,46,108,111,114] [29,50,54,65,76,99,110,117] [16,27,32,43,76,93,94,100] [3,4,53,72,87,102,107,112]
Token  64: [27,52,76,88,109,117,121,127] [1,25,27,52,63,93,97,109] [29,42,48,60,65,101,104,112] [19,25,60,87,93,111,119,126] [2,7,8,16,26,57,63,96] [43,55,71,93,99,110,112,114] [17,39,63,89,96,97,104,115] [32,33,36,40,44,82,89,94] [18,30,32,45,86,87,90,108] [0,17,62,68,76,80,85,100] [4,18,27,31,36,91,94,98] [45,53,56,60,93,94,95,100] [2,4,7,8,34,35,36,94] [8,35,38,63,67,91,106,112] [2,3,14,15,38,55,68,69] [2,17,32,40,63,84,99,125] [14,48,54,62,84,90,114,127] [1,11,50,57,77,82,90,122] [17,46,63,87,96,112,115,116] [24,33,36,44,82,94,100,123] [18,30,32,45,55,72,86,87] [0,17,47,62,76,85,100,111] [4,15,18,27,36,50,91,127] [9,28,30,45,56,60,94,95] [4,9,34,35,52,55,64,94] [8,25,38,47,63,67,91,106] [3,14,68,69,94,107,109,125] [2,16,17,40,99,100,107,120] [0,14,54,62,90,100,114,122] [11,13,50,57,77,88,114,122] [17,52,58,96,104,112,115,116] [33,48,56,58,59,60,94,100] [5,18,27,30,32,35,45,90] [17,47,62,76,85,100,105,111] [4,18,27,36,40,50,94,127] [21,31,45,53,60,94,95,100] [4,18,34,35,64,73,94,117] [8,47,63,67,91,103,106,112] [3,15,38,55,68,69,94,109] [2,16,17,30,40,50,100,125] [0,14,54,80,90,91,115,127] [11,49,50,57,73,77,81,88] [23,24,30,47,69,80,87,117] [46,53,58,66,100,115,120,122] [6,16,25,29,46,58,94,104] [2,5,50,65,87,95,99,117] [27,32,68,76,77,94,122,123] [4,14,44,58,92,107,112,127]
Token  65: [13,26,52,65,72,98,100,102] [18,50,63,70,94,100,124,127] [49,53,57,65,84,88,99,104] [19,25,37,51,71,85,86,93] [2,43,79,85,92,96,102,106] [42,55,59,64,71,103,109,112] [35,44,56,58,63,112,115,116] [9,24,31,33,59,82,94,100] [18,45,55,72,90,114,123,127] [0,9,17,62,76,80,84,111] [18,26,36,50,54,68,69,98] [3,24,54,60,61,93,95,103] [9,15,21,35,56,73,85,99] [26,28,33,47,78,80,91,106] [20,32,38,55,63,69,81,125] [2,8,16,17,31,40,53,85] [8,48,65,90,108,114,115,127] [1,18,55,72,77,90,99,122] [13,24,34,105,112,115,116,122] [18,24,49,59,100,103,112,123] [18,35,41,57,72,84,114,121] [0,2,9,17,49,50,110,125] [15,31,36,47,61,68,90,127] [1,19,30,37,45,54,93,103] [9,35,52,64,75,89,94,99] [38,47,60,63,67,77,78,95] [14,32,55,63,68,69,107,110] [2,16,26,28,38,52,63,120] [48,62,65,76,89,97,100,127] [11,18,72,77,99,118,122,123] [24,26,30,34,52,58,115,116] [36,51,58,59,60,100,103,123] [15,18,46,72,84,101,103,121] [0,2,9,47,49,96,104,110] [26,31,33,36,68,82,112,127] [1,21,37,52,54,100,103,120] [21,33,35,52,54,73,92,97] [13,20,31,47,63,78,80,91] [19,20,26,32,55,69,104,125] [17,32,48,50,75,83,120,125] [28,42,48,54,106,107,115,127] [1,50,53,61,72,77,82,88] [35,39,66,69,87,111,115,117] [18,30,37,46,53,58,75,100] [6,16,29,30,46,53,104,108] [2,29,38,40,54,71,95,114] [63,68,76,77,97,103,123,125] [48,58,76,83,84,107,109,112]
Token  66: [0,11,16,72,85,100,114,119] [8,22,63,72,106,119,122,127] [2,16,45,65,78,101,104,127] [19,25,29,60,74,81,86,93] [46,52,64,70,81,83,92,115] [8,9,17,25,37,59,64,73] [24,34,47,53,63,71,76,107] [9,18,24,59,100,106,109,112] [9,18,38,45,57,65,72,127] [0,17,19,49,80,96,122,125] [3,16,26,68,69,78,105,112] [3,7,24,28,49,54,60,125] [2,9,15,56,65,96,99,105] [0,15,19,26,28,58,78,122] [4,17,20,67,69,81,100,110] [16,31,41,49,59,70,101,120] [1,39,65,81,82,89,103,115] [18,21,33,42,55,77,78,83] [8,24,26,34,47,63,71,105] [6,9,24,59,100,106,109,112] [38,45,46,65,72,101,116,121] [0,10,49,85,87,96,122,125] [7,26,56,58,68,78,94,98] [3,7,21,23,64,96,124,125] [8,9,49,56,65,96,99,105] [0,19,26,58,78,92,103,112] [4,17,81,86,98,100,107,110] [49,59,70,75,83,101,120,127] [39,65,81,83,89,103,105,115] [1,18,21,55,72,83,93,120] [24,26,27,34,63,70,75,89] [9,18,30,59,100,106,109,112] [9,15,29,38,46,65,72,101] [0,10,38,49,87,91,96,114] [7,8,26,32,58,78,98,116] [4,21,28,64,94,96,121,125] [4,8,14,17,28,56,65,96] [20,29,42,77,91,103,104,112] [15,17,86,102,103,107,109,125] [32,33,40,48,49,59,75,120] [30,42,80,87,105,107,115,127] [1,21,34,59,77,82,88,105] [17,25,33,56,70,111,114,115] [61,68,69,72,74,80,82,96] [5,25,29,30,69,102,104,119] [3,4,29,51,107,110,117,121] [16,17,33,37,46,76,100,122] [3,10,46,76,87,102,110,112]
Token  67: [7,32,58,72,88,109,117,121] [1,25,27,44,47,63,65,122] [16,17,60,95,101,104,107,127] [19,20,71,72,74,84,103,126] [2,11,30,52,53,57,70,119] [17,18,59,64,74,103,110,114] [26,34,44,56,58,63,71,87] [24,33,44,59,82,94,100,106] [38,45,65,67,72,86,90,127] [0,17,49,71,80,96,111,122] [18,26,50,51,68,69,78,98] [3,21,24,28,48,53,60,96] [2,4,15,34,56,65,79,115] [15,23,26,28,42,58,91,106] [3,4,23,53,67,69,110,115] [6,11,16,17,32,40,61,120] [0,14,48,65,80,84,114,115] [1,18,19,21,75,77,82,103] [34,39,56,63,83,104,105,116] [33,44,49,75,82,94,100,112] [35,44,65,72,84,116,121,127] [0,9,10,62,80,110,111,125] [18,45,50,56,61,78,98,105] [23,24,28,46,49,54,61,125] [2,15,23,34,79,80,96,99] [15,28,35,42,58,104,106,118] [3,48,49,66,69,107,110,113] [0,6,11,26,40,61,102,120] [14,48,80,82,84,114,115,127] [72,77,82,83,88,90,93,103] [9,34,46,63,64,89,115,116] [5,21,33,36,44,82,94,100] [9,35,44,45,55,67,86,104] [10,23,62,68,76,80,102,104] [7,18,37,41,45,86,88,111] [4,33,53,68,85,92,94,114] [14,34,36,42,61,74,95,102] [20,27,29,42,82,104,115,125] [3,30,57,69,95,96,102,125] [11,17,40,48,75,99,106,120] [1,42,50,80,84,107,113,127] [9,34,59,72,77,78,88,121] [8,17,25,28,56,66,80,111] [18,27,68,72,74,80,82,99] [5,6,25,29,69,101,104,126] [29,33,41,54,88,110,114,117] [16,43,46,63,93,94,100,125] [3,4,17,72,84,102,107,112]
Token  68: [35,52,57,76,109,117,123,127] [25,27,47,52,63,109,115,122] [29,48,60,64,65,92,101,103] [20,25,29,67,74,93,101,106] [2,11,16,57,64,89,96,107] [20,55,71,93,103,109,110,112] [39,58,63,96,104,112,115,116] [33,36,44,82,88,94,100,106] [18,32,45,67,72,86,87,90] [11,17,26,34,62,68,80,85] [5,12,18,22,31,36,42,50] [45,53,60,90,93,95,102,110] [2,4,8,27,36,73,85,92] [35,43,47,85,91,103,106,117] [2,12,49,63,67,68,69,125] [17,34,40,45,48,50,63,75] [0,1,48,54,90,100,106,127] [1,7,50,77,82,90,114,122] [46,63,89,96,104,112,115,116] [33,44,82,88,89,94,100,123] [18,32,45,55,72,86,87,114] [0,2,14,17,62,80,85,111] [4,7,18,36,50,63,69,102] [13,30,45,52,53,60,94,103] [4,34,36,52,69,73,85,92] [31,47,78,83,91,99,117,118] [2,3,10,63,67,68,69,113] [11,15,59,75,79,99,107,125] [0,14,46,54,90,91,100,127] [13,30,50,77,89,99,120,124] [39,58,63,89,96,104,115,116] [33,36,44,56,58,89,94,100] [11,18,21,32,45,90,118,124] [17,26,43,68,69,80,81,85] [4,5,28,29,63,81,92,102] [28,52,53,65,66,72,76,110] [4,8,22,62,92,106,111,125] [13,31,35,85,91,93,106,117] [2,15,19,55,67,68,69,98] [17,29,30,40,45,50,63,127] [0,46,48,54,90,106,112,127] [5,7,50,55,57,77,80,124] [23,43,50,52,58,99,108,117] [0,5,7,58,66,91,98,115] [29,30,46,52,78,102,104,108] [41,50,64,67,71,91,99,113] [16,27,43,76,94,100,104,122] [3,17,53,76,80,87,102,107]
Token  69: [46,47,52,76,88,117,123,127] [25,27,44,47,52,63,109,122] [12,29,42,48,60,64,104,127] [19,20,25,74,86,95,100,114] [7,11,16,37,51,53,57,70] [18,55,74,84,93,110,112,119] [17,20,46,63,87,104,111,116] [19,32,33,44,82,94,100,106] [35,45,53,67,86,87,90,123] [0,7,17,67,68,76,80,102] [7,18,27,50,63,69,91,94] [21,48,53,60,90,99,100,124] [2,4,8,14,27,34,65,127] [58,91,92,103,104,106,112,117] [3,15,38,53,57,66,69,115] [16,17,32,40,49,75,89,120] [0,1,14,50,80,84,115,127] [1,9,62,77,78,82,90,103] [22,34,44,46,56,63,104,116] [9,33,36,44,82,94,100,106] [21,44,45,72,86,90,124,127] [5,66,68,76,80,96,102,111] [7,18,30,50,83,85,91,94] [9,60,67,69,99,100,115,121] [2,4,14,26,34,79,95,102] [23,42,82,83,99,104,106,112] [3,29,38,53,86,109,115,125] [11,15,16,32,40,58,75,120] [1,14,50,80,84,93,113,115] [13,30,66,72,82,93,103,124] [9,46,52,56,63,64,83,104] [9,31,33,44,82,94,100,106] [9,15,17,44,45,67,86,90] [7,33,65,66,68,80,102,111] [2,7,10,18,30,33,82,103] [4,21,64,78,79,94,99,121] [2,14,32,34,42,46,102,108] [20,27,36,68,73,104,106,112] [3,15,29,53,87,102,109,125] [11,15,16,17,32,40,75,120] [1,30,35,42,50,80,107,113] [13,34,39,59,77,82,88,103] [4,17,25,33,56,57,70,111] [18,46,61,72,74,80,82,111] [5,6,25,29,42,96,103,107] [29,41,51,64,77,99,114,117] [16,27,32,43,46,76,93,94] [3,4,39,53,72,87,102,107]
Token  70: [46,47,52,76,88,117,123,127] [13,25,27,52,63,97,109,122] [29,56,60,64,65,83,101,104] [19,25,60,74,93,101,108,114] [7,11,16,51,57,60,96,119] [9,20,43,55,71,109,110,112] [17,39,63,89,97,104,112,115] [9,33,44,82,88,94,100,106] [18,30,32,45,67,72,87,90] [0,17,62,68,76,80,85,100] [4,18,27,31,36,63,68,103] [22,45,53,54,56,60,93,95] [2,4,7,26,35,73,85,94] [0,8,31,47,73,91,106,112] [2,3,4,12,15,55,69,81] [2,16,17,31,32,40,49,120] [0,14,44,48,54,90,108,115] [1,18,63,77,78,90,99,122] [17,58,88,107,112,115,116,122] [5,24,33,44,59,92,100,123] [18,27,30,32,35,72,87,114] [0,2,17,41,47,50,62,85] [2,4,18,27,31,36,68,127] [3,19,30,45,53,56,95,103] [4,9,35,55,64,75,85,94] [8,31,38,47,60,63,67,73] [4,14,18,68,69,81,110,125] [2,16,28,83,87,107,120,127] [29,44,48,54,62,65,77,89] [0,11,18,63,65,77,108,122] [24,34,52,58,112,115,122,126] [18,24,59,60,75,100,109,123] [18,27,45,57,72,90,103,114] [0,2,41,47,49,50,85,96] [4,26,27,31,36,68,112,127] [3,53,54,56,93,95,100,103] [4,21,35,52,55,73,89,94] [8,13,31,33,47,63,67,91] [3,4,12,14,55,69,81,110] [2,15,17,30,31,40,50,107] [0,14,29,54,77,80,115,127] [11,50,57,63,65,77,82,103] [12,20,23,24,69,115,117,126] [46,47,53,75,100,120,121,122] [3,6,11,29,80,94,104,110] [5,22,45,83,87,95,99,114] [1,5,10,32,52,68,71,123] [4,15,31,44,74,92,107,127]
Token  71: [40,43,52,65,72,73,98,100] [18,38,63,70,94,100,122,127] [38,40,57,82,84,88,99,109] [6,31,71,85,86,93,101,116] [7,11,40,52,76,85,106,115] [37,59,61,64,66,73,97,125] [34,63,76,83,105,107,112,115] [18,24,49,59,75,100,109,112] [18,57,65,72,81,84,121,127] [0,9,49,85,98,110,122,125] [26,31,36,61,68,69,78,90] [24,53,54,61,63,93,103,125] [15,21,35,56,65,78,85,99] [15,26,28,33,58,80,91,110] [4,20,32,55,67,81,93,110] [2,8,31,41,49,85,101,120] [8,39,65,76,81,89,103,115] [11,18,33,42,55,78,99,105] [24,35,44,81,112,116,122,126] [24,49,59,62,75,101,112,123] [16,18,41,57,72,81,84,121] [0,9,49,50,98,110,122,125] [31,36,47,56,61,68,69,90] [23,24,49,54,61,93,103,107] [15,21,23,35,64,82,89,99] [15,19,28,47,58,60,78,110] [4,14,20,32,55,104,107,110] [2,8,16,28,59,70,120,127] [39,48,62,65,83,89,97,115] [11,18,21,42,49,55,108,118] [8,24,26,52,58,63,105,126] [24,59,75,103,106,109,112,123] [15,18,46,65,72,101,111,121] [0,2,13,16,49,85,110,125] [26,31,36,51,56,68,78,90] [3,23,24,39,49,54,103,125] [21,23,33,35,52,73,96,99] [15,31,33,47,58,103,110,118] [3,4,17,32,55,81,85,104] [2,40,49,59,70,83,101,127] [48,54,65,80,81,89,105,115] [1,21,42,48,55,69,103,105] [24,31,32,64,68,80,113,115] [31,37,46,77,78,88,100,104] [6,8,53,73,90,94,98,104] [22,27,32,45,87,94,101,114] [5,11,34,38,52,55,97,118] [20,57,73,74,77,86,105,109]
Token  72: [14,21,50,57,75,103,106,110] [3,6,9,28,33,62,80,122] [12,41,84,90,100,122,125,127] [4,20,39,71,87,95,117,127] [11,37,50,56,58,64,83,119] [18,31,47,51,68,105,110,119] [26,34,39,56,58,63,112,116] [33,36,44,59,82,94,100,106] [18,36,45,67,72,86,109,127] [0,32,65,68,80,96,98,122] [26,29,36,50,68,69,78,90] [3,48,54,59,63,69,103,109] [8,21,23,24,65,73,78,79] [26,31,33,66,82,83,91,118] [3,4,16,55,63,81,105,110] [2,16,40,49,59,70,72,103] [42,65,81,89,91,97,115,119] [1,18,55,78,82,90,99,123] [24,26,27,34,63,116,122,126] [24,59,62,75,100,109,112,123] [9,45,57,65,66,72,101,109] [0,10,49,65,96,98,122,125] [31,36,47,51,56,68,90,98] [23,26,32,54,63,103,107,109] [9,21,23,24,73,75,79,89] [33,61,66,73,80,82,91,110] [4,16,63,74,89,105,107,110] [2,8,16,18,59,72,103,120] [12,48,65,83,89,91,115,119] [1,13,18,66,78,83,90,99] [26,34,52,58,63,86,112,126] [24,33,59,60,62,75,100,109] [15,18,36,72,101,109,111,114] [0,2,32,49,51,65,96,98] [26,31,36,51,68,69,90,98] [3,21,39,54,63,64,103,109] [21,23,24,35,39,52,73,79] [31,33,66,82,91,106,118,125] [3,4,16,38,55,69,90,105] [2,16,17,40,61,72,103,120] [12,14,80,91,115,119,122,127] [2,9,35,66,78,82,90,103] [18,23,27,68,80,93,102,115] [6,29,36,37,46,87,100,104] [6,14,20,38,48,69,98,104] [22,27,32,45,58,70,80,114] [52,55,60,63,75,104,115,117] [36,47,66,86,88,120,123,124]
Token  73: [28,51,83,87,91,112,124,125] [9,16,28,29,45,48,68,122] [23,36,42,56,67,76,100,125] [3,12,20,70,73,101,112,114] [7,11,28,37,38,50,83,119] [4,10,63,74,87,93,103,119] [46,63,87,104,111,112,116,118] [2,19,33,44,82,94,100,106] [15,18,20,35,67,86,123,127] [0,32,35,65,66,68,80,102] [18,29,36,50,69,103,109,111] [22,28,30,42,48,53,60,69] [2,26,34,41,65,73,85,115] [13,33,68,82,83,91,106,110] [3,4,16,38,55,63,69,102] [2,16,17,31,38,40,49,72] [14,42,60,65,89,110,115,122] [1,13,18,46,77,82,90,94] [13,34,46,63,104,112,116,126] [2,33,45,75,82,94,100,106] [5,15,18,35,45,72,86,114] [0,2,32,65,66,80,84,111] [36,50,69,75,94,103,109,111] [3,11,14,30,33,48,60,64] [9,21,23,26,28,33,52,57] [13,23,50,73,78,91,110,118] [3,4,16,72,89,102,109,110] [2,5,16,40,50,72,79,99] [48,60,65,89,91,94,115,122] [4,13,18,46,68,94,99,122] [13,34,58,63,107,112,122,126] [2,24,33,56,59,60,82,100] [5,15,18,53,72,90,114,127] [0,2,32,49,50,65,80,96] [3,26,36,50,68,75,109,111] [3,21,30,33,52,53,60,64] [14,21,26,34,42,52,73,85] [13,33,35,76,82,91,106,125] [3,4,16,47,55,72,102,110] [2,16,17,40,51,64,72,79] [14,60,80,91,94,110,115,122] [15,36,46,64,81,94,103,122] [23,24,49,68,80,90,115,125] [12,19,49,80,100,104,121,125] [6,11,23,45,88,98,99,104] [17,22,26,45,46,76,112,114] [5,29,30,39,52,60,104,105] [15,35,71,74,95,111,114,127]
Token  74: [0,16,53,70,97,104,111,120] [20,24,34,62,76,86,107,122] [10,14,72,81,87,107,116,125] [12,13,23,25,32,76,105,117] [0,11,23,25,58,73,83,89] [31,35,68,73,80,97,107,119] [26,34,39,56,58,63,115,116] [24,33,44,82,87,94,100,106] [18,38,44,45,64,72,86,127] [0,2,32,80,85,94,102,111] [14,18,29,36,50,68,69,78] [3,28,30,48,54,60,63,93] [21,23,53,65,73,79,85,126] [26,33,44,68,75,82,83,91] [3,11,29,55,63,69,80,110] [2,16,17,31,40,50,59,60] [7,14,40,60,65,89,115,122] [1,15,18,52,78,90,99,122] [8,26,63,89,112,116,122,126] [24,45,56,59,87,100,106,123] [5,9,18,45,53,57,72,114] [0,2,32,49,50,94,98,122] [3,16,19,31,36,47,68,90] [3,30,48,54,63,65,103,107] [9,21,23,28,33,35,52,89] [13,60,73,78,82,91,110,118] [4,24,63,74,80,89,107,110] [2,5,8,16,26,38,63,120] [7,11,40,48,65,89,91,97] [13,18,49,52,53,75,99,123] [26,34,52,58,63,86,112,126] [24,33,59,60,75,87,100,123] [5,18,45,64,72,101,114,124] [0,13,49,50,69,81,94,96] [3,26,30,31,36,51,68,75] [3,21,33,54,64,65,99,103] [21,34,35,42,52,53,73,85] [13,33,44,75,91,103,106,125] [3,24,29,30,55,79,80,110] [2,16,17,31,40,48,50,120] [7,14,40,80,89,91,115,122] [15,49,52,53,78,90,103,124] [23,24,37,59,68,73,80,125] [8,43,49,81,96,100,104,120] [6,37,38,45,54,80,98,104] [22,35,45,46,84,104,112,114] [39,52,55,75,82,84,105,124] [27,32,35,52,71,90,95,108]
Token  75: [3,28,29,62,77,80,111,126] [11,24,45,62,76,78,86,122] [36,56,72,77,115,119,121,125] [1,11,20,25,76,101,105,119] [0,11,39,40,74,83,97,119] [1,8,30,55,80,97,103,122] [46,63,66,104,112,115,116,119] [24,33,44,82,87,94,100,106] [18,27,44,45,55,67,72,86] [0,44,62,68,80,85,94,102] [1,14,18,29,36,50,69,120] [3,21,22,28,48,60,68,120] [23,25,28,53,65,73,85,92] [24,31,44,49,68,83,91,106] [3,9,11,29,55,62,63,69] [2,8,16,17,31,40,50,79] [14,40,80,84,111,115,122,127] [1,53,77,78,84,90,121,122] [46,63,89,96,104,112,115,116] [33,36,44,82,87,94,100,123] [18,24,44,45,55,72,86,90] [0,2,17,62,68,76,80,94] [18,19,29,36,37,43,50,120] [30,48,52,54,60,68,85,120] [9,20,23,28,34,52,79,85] [31,49,73,82,83,91,106,118] [2,3,29,62,63,69,74,110] [2,5,17,38,40,84,99,120] [14,29,48,91,111,122,123,127] [13,37,53,77,84,99,122,124] [34,36,55,58,63,89,115,116] [5,33,44,48,60,87,94,100] [5,18,24,27,45,72,90,127] [0,23,44,62,63,80,94,105] [18,36,37,50,75,80,86,120] [21,31,33,52,60,68,85,120] [20,28,34,52,53,61,73,85] [13,24,44,49,68,91,106,125] [2,3,11,29,55,62,69,110] [2,5,16,17,40,48,84,120] [14,23,80,91,111,115,122,127] [53,77,78,80,81,84,103,121] [20,23,24,28,52,68,80,115] [2,8,46,96,100,104,120,121] [3,6,13,29,80,94,98,104] [5,22,45,47,83,87,114,117] [10,45,52,55,68,82,104,125] [11,31,54,74,84,90,112,127]
Token  76: [0,31,61,69,81,93,101,107] [26,45,60,76,83,86,91,122] [68,72,92,103,116,117,123,125] [1,20,25,99,106,108,117,119] [0,11,83,89,91,100,102,110] [30,31,35,55,80,97,111,119] [39,46,63,96,104,112,115,116] [5,33,44,72,82,94,100,106] [18,27,45,55,67,72,86,99] [0,17,21,68,76,80,85,105] [1,14,18,36,50,69,84,116] [13,15,28,48,58,60,69,120] [23,28,47,65,69,73,85,92] [13,31,44,68,83,91,106,121] [3,10,11,29,38,55,63,69] [2,17,34,40,50,63,84,100] [20,91,97,98,103,121,122,127] [1,14,30,78,90,122,123,124] [26,44,46,58,63,89,116,126] [5,44,59,72,75,82,94,119] [27,28,32,35,45,72,86,114] [0,2,17,51,69,76,98,105] [2,14,19,29,36,50,90,116] [13,15,28,48,54,58,90,120] [9,23,28,34,69,73,79,85] [31,33,35,68,83,91,110,118] [3,10,29,38,57,63,69,89] [2,5,26,34,40,50,100,120] [14,30,48,89,91,121,122,127] [14,30,77,78,82,90,99,124] [14,22,34,44,58,89,116,126] [5,24,33,36,44,59,72,94] [28,32,35,45,72,90,100,127] [0,13,17,23,50,76,80,105] [14,18,36,50,68,90,91,116] [3,13,15,31,52,54,58,90] [21,34,35,39,69,73,85,126] [13,33,68,78,83,91,106,125] [3,29,38,55,57,63,69,84] [2,16,17,26,34,40,89,100] [20,48,80,91,105,115,121,127] [1,14,30,45,78,90,97,124] [23,55,65,68,80,101,115,119] [4,26,36,37,46,100,104,120] [6,29,47,54,69,71,98,104] [22,27,30,37,45,93,114,127] [52,55,60,63,67,68,98,117] [32,34,55,58,71,86,112,117]
Token  77: [22,33,64,75,87,91,101,110] [9,28,44,60,63,71,122,126] [4,36,42,46,60,64,74,104] [21,24,30,70,73,80,100,106] [5,7,11,51,57,60,70,102] [20,55,75,87,93,115,119,122] [14,22,39,46,63,89,104,116] [5,33,36,44,82,94,100,106] [18,35,37,45,67,72,86,100] [0,7,17,35,41,68,76,80] [18,33,36,50,82,85,91,103] [4,48,60,62,85,94,100,122] [2,14,34,36,62,73,85,95] [13,68,83,85,87,91,106,112] [2,3,15,29,38,55,57,69] [2,17,32,40,54,63,84,100] [1,14,30,80,84,108,115,127] [1,9,36,62,77,82,90,124] [14,22,46,58,63,89,104,116] [5,21,33,44,82,94,100,123] [18,32,35,45,72,86,100,114] [0,7,17,35,41,68,76,80] [15,18,33,36,50,82,85,127] [22,28,42,48,54,85,94,100] [0,2,9,26,34,36,61,85] [2,13,33,57,63,87,91,112] [2,3,14,29,30,63,71,73] [2,15,17,32,54,87,100,126] [1,14,48,89,91,98,122,127] [26,37,65,68,80,99,120,122] [14,52,58,89,104,112,116,122] [5,24,33,48,59,94,100,123] [18,32,35,72,90,108,114,127] [0,17,23,41,47,50,76,96] [15,18,31,36,68,82,112,127] [3,22,25,31,54,94,100,103] [14,21,34,35,52,61,75,92] [13,33,73,87,91,106,112,125] [3,15,38,55,57,63,72,110] [2,16,17,32,40,48,120,125] [14,70,76,89,91,115,122,127] [36,65,77,81,82,93,121,124] [23,24,50,52,68,69,70,115] [47,56,68,75,96,100,120,121] [3,6,11,29,80,94,104,110] [2,5,45,47,83,87,114,117] [10,52,55,63,68,97,104,125] [15,23,31,44,82,84,112,127]
Token  78: [31,32,53,61,69,93,120,122] [2,25,45,63,83,91,115,122] [12,68,72,104,116,117,123,125] [1,20,71,89,93,101,106,117] [11,43,63,79,83,91,102,111] [30,35,55,97,103,111,119,125] [14,39,46,63,96,112,115,116] [24,33,44,72,82,94,100,106] [18,27,44,45,55,72,86,99] [0,2,17,43,51,68,76,105] [14,18,26,31,36,50,68,69] [3,13,28,48,58,60,93,120] [8,20,23,35,69,73,85,126] [0,26,33,44,91,103,106,122] [3,5,11,38,63,67,69,125] [2,16,17,34,40,45,49,100] [48,76,103,106,114,115,121,127] [1,7,18,61,77,78,90,122] [26,44,58,63,112,115,116,122] [24,56,59,72,75,100,119,123] [18,27,35,45,57,72,99,114] [0,2,17,50,85,98,105,122] [14,19,31,36,58,68,69,90] [3,54,58,65,90,93,103,117] [9,21,23,35,66,69,89,107] [0,33,60,77,78,91,95,118] [4,63,67,69,98,101,110,125] [2,11,34,45,63,87,100,120] [14,34,65,76,91,97,103,121] [14,18,61,77,80,99,123,124] [26,39,52,58,63,96,115,126] [24,33,58,59,72,94,100,123] [18,32,35,45,72,99,101,114] [0,2,17,49,50,85,96,105] [3,26,31,36,68,75,84,112] [13,31,33,39,54,58,103,117] [4,21,34,52,69,85,92,111] [13,25,71,73,91,93,106,125] [3,38,55,69,72,84,101,110] [2,5,17,26,34,40,63,100] [76,80,89,91,105,115,121,127] [1,45,51,61,77,80,82,124] [3,21,23,43,71,80,115,117] [4,5,37,46,58,65,100,104] [6,16,29,54,69,71,98,104] [2,22,30,40,45,54,114,127] [52,55,63,67,68,77,117,125] [20,32,34,55,71,73,112,117]
Token  79: [6,30,57,75,87,91,110,123] [28,31,45,60,63,65,72,122] [46,60,64,65,72,92,104,125] [5,25,60,71,93,94,103,106] [11,37,57,64,83,96,102,119] [30,35,43,55,71,97,103,112] [39,63,89,96,104,112,115,116] [21,33,36,44,82,88,94,100] [18,30,32,45,55,72,86,90] [0,17,62,68,76,80,85,100] [12,18,22,27,31,36,69,94] [22,48,56,60,90,100,110,120] [2,4,23,35,36,73,91,92] [8,13,18,43,63,85,91,106] [1,3,15,55,63,69,113,125] [2,17,32,40,45,54,106,125] [46,48,90,91,97,106,114,115] [1,18,57,77,90,99,122,124] [58,63,87,96,112,115,116,118] [24,33,45,56,59,94,100,123] [18,30,32,35,45,57,72,114] [0,2,17,47,50,62,85,100] [2,15,18,27,31,33,36,127] [4,30,45,56,94,100,110,117] [4,9,35,36,46,64,92,95] [8,38,43,63,73,91,99,125] [14,30,69,86,94,110,113,125] [11,21,26,75,99,100,102,106] [42,48,91,97,98,100,107,113] [13,68,77,89,93,104,120,123] [9,34,58,63,87,89,96,115] [33,47,48,56,58,60,94,100] [5,30,32,45,48,90,108,127] [0,17,23,49,51,85,96,123] [5,29,36,50,75,80,82,102] [17,21,31,33,45,100,120,121] [4,11,18,34,78,85,91,92] [13,35,89,91,92,112,122,125] [2,14,15,53,55,69,72,113] [16,17,26,32,50,100,106,125] [14,46,54,76,91,100,115,122] [11,26,73,77,81,82,100,124] [23,47,69,70,71,87,110,117] [11,24,53,55,68,91,100,106] [6,9,11,29,52,70,94,104] [16,18,31,40,53,71,81,117] [20,49,66,68,76,77,110,125] [45,46,58,76,83,107,112,118]
Token  80: [11,16,72,85,98,100,114,119] [25,44,52,63,103,106,115,122] [16,29,45,60,65,103,111,127] [5,19,25,28,93,94,103,106] [2,7,11,57,60,63,70,119] [18,20,55,71,93,110,112,119] [63,89,96,97,104,115,116,119] [32,33,40,44,82,94,100,106] [18,30,32,45,67,86,90,102] [0,7,17,62,68,76,80,85] [4,12,18,27,36,63,91,94] [21,53,56,60,72,76,90,99] [2,4,8,27,34,35,64,127] [8,18,35,63,85,91,106,117] [2,3,15,38,67,68,69,125] [17,32,40,45,50,75,106,117] [1,14,80,84,90,106,114,127] [1,7,57,77,82,90,122,124] [39,46,63,87,96,104,115,116] [21,33,44,82,88,94,100,106] [18,21,30,32,45,55,72,86] [17,50,62,68,76,80,85,100] [4,7,18,36,50,63,91,94] [36,45,52,53,60,72,90,94] [2,4,8,27,34,39,61,102] [52,83,85,91,99,106,112,117] [2,29,69,86,94,109,113,125] [11,15,21,40,75,99,102,106] [1,14,28,42,91,113,116,127] [22,37,72,77,82,93,114,124] [9,22,39,63,96,104,115,116] [33,44,48,56,82,94,100,106] [9,44,45,67,86,90,91,100] [17,66,68,76,80,89,96,102] [2,7,18,50,82,91,94,103] [4,60,85,94,99,100,104,121] [2,14,17,34,36,95,102,108] [20,27,77,85,87,92,106,112] [2,3,15,38,69,87,109,125] [11,32,33,58,75,102,106,125] [1,28,42,48,93,105,107,113] [26,34,59,77,80,82,88,93] [8,17,25,33,56,58,70,111] [11,18,46,69,74,80,82,98] [5,25,29,34,64,70,76,104] [29,41,64,71,73,77,110,121] [16,27,43,76,93,100,122,125] [3,7,61,76,87,102,104,112]
Token  81: [7,32,58,72,88,109,117,121] [1,25,27,52,63,65,97,122] [16,29,60,65,89,104,112,127] [19,25,68,84,91,93,111,126] [2,11,30,34,52,57,70,96] [17,18,74,84,93,103,110,119] [26,39,44,58,63,71,115,116] [9,24,31,33,44,82,94,100] [38,45,57,67,72,77,86,90] [0,17,49,68,80,84,96,111] [18,26,27,50,63,68,69,78] [3,21,28,48,53,60,96,99] [2,4,8,18,65,73,78,85] [8,42,67,82,91,106,112,122] [3,15,38,53,67,69,110,115] [16,17,32,40,49,75,89,120] [0,14,48,50,80,84,115,127] [1,18,62,75,77,82,90,103] [22,34,44,46,56,63,104,116] [9,33,36,44,75,82,94,100] [32,44,45,65,72,86,116,124] [0,10,49,62,80,84,96,111] [13,18,26,30,69,78,83,94] [21,28,31,60,65,67,82,85] [2,4,9,26,34,61,74,79] [42,73,82,99,104,106,112,125] [7,8,14,69,86,107,110,115] [6,16,17,32,40,48,75,106] [1,14,42,48,80,113,114,115] [72,75,77,83,89,93,103,114] [22,34,39,56,63,83,104,115] [33,44,48,60,82,94,100,106] [5,9,15,44,55,90,103,127] [10,62,65,80,84,96,102,114] [5,7,13,18,26,30,50,86] [4,21,28,37,78,82,85,115] [9,32,34,39,42,95,102,108] [10,20,27,29,42,91,104,106] [3,7,30,49,53,69,109,125] [11,17,40,48,50,75,99,120] [0,1,42,48,50,80,107,113] [13,34,59,77,82,88,103,105] [8,17,21,25,56,66,111,117] [18,30,68,74,80,82,99,111] [5,12,29,39,42,103,114,127] [29,41,54,65,99,110,113,117] [16,27,32,43,46,93,94,100] [3,4,53,72,84,87,102,107]
Token  82: [27,52,76,88,109,117,121,127] [1,25,27,52,63,93,97,109] [29,42,48,60,65,101,104,112] [19,25,60,87,93,111,119,126] [2,7,8,16,26,57,63,96] [43,55,71,93,99,110,112,114] [17,39,63,89,96,97,104,115] [33,36,40,44,82,89,94,108] [18,30,32,45,86,87,90,108] [0,17,62,68,76,80,85,100] [4,12,18,27,31,36,94,98] [48,53,56,60,93,94,95,100] [2,4,8,34,35,65,94,127] [8,18,35,63,67,91,106,112] [2,3,14,15,38,63,68,69] [2,13,17,32,40,63,84,99] [14,48,62,84,90,114,115,127] [1,11,50,57,77,82,90,122] [17,46,63,87,96,112,115,116] [24,33,44,45,82,89,94,100] [18,30,32,45,55,72,86,87] [0,2,7,17,47,62,85,100] [2,4,18,36,80,91,94,127] [28,45,53,60,85,94,95,100] [4,9,34,35,55,85,94,95] [8,25,63,67,91,99,106,125] [3,14,30,52,68,69,107,125] [5,11,17,26,68,75,99,107] [14,62,91,98,100,113,114,127] [11,13,50,68,72,77,93,122] [9,34,36,52,63,96,115,116] [33,44,48,60,89,94,100,103] [9,32,35,44,45,55,59,103] [17,23,62,68,76,85,104,111] [2,13,18,30,33,36,39,45] [4,17,33,45,53,85,95,100] [4,9,34,42,63,92,95,108] [8,20,35,52,67,76,91,125] [3,14,15,69,81,107,109,125] [11,17,48,50,63,64,75,120] [10,14,42,48,54,107,115,127] [11,34,50,57,77,88,100,124] [17,25,47,52,58,69,87,117] [5,46,53,58,75,96,106,111] [12,25,29,70,94,104,108,127] [3,29,54,65,67,87,99,117] [32,46,49,68,77,90,94,122] [4,17,18,44,49,58,107,112]
Token  83: [13,26,52,65,72,98,100,102] [18,50,63,70,94,100,124,127] [49,53,57,65,84,88,99,104] [19,25,37,51,71,85,86,93] [2,19,43,85,92,96,102,106] [41,42,59,64,71,84,109,112] [35,44,58,63,66,112,115,116] [9,24,33,59,82,88,94,100] [18,38,45,57,72,90,114,123] [0,2,17,51,80,84,85,125] [26,31,36,54,57,68,69,73] [3,53,54,60,93,95,103,121] [2,8,21,35,65,73,78,85] [0,26,33,47,58,78,91,106] [20,38,55,63,69,81,100,125] [2,17,31,32,41,52,63,127] [42,48,65,76,97,103,114,115] [1,18,55,72,77,90,99,122] [24,26,44,70,88,105,115,116] [18,24,49,59,100,103,112,123] [18,35,41,57,72,81,84,121] [0,49,85,90,98,104,110,125] [26,31,36,45,47,61,68,90] [1,19,30,37,54,64,103,107] [9,15,35,52,64,75,82,89] [15,28,36,45,47,60,73,99] [14,32,68,69,74,88,107,125] [16,19,37,52,53,63,75,120] [48,62,65,67,83,89,100,101] [11,18,27,61,72,77,86,93] [26,30,34,40,46,63,75,80] [6,30,36,60,73,103,106,117] [7,9,15,45,46,54,101,111] [23,49,52,54,57,73,80,96] [7,30,37,40,101,104,110,112] [4,29,37,64,78,115,121,126] [9,17,42,52,82,92,95,114] [10,20,27,29,47,61,91,104] [19,20,26,36,55,84,107,125] [11,25,41,51,75,83,87,120] [42,48,54,80,107,111,113,115] [18,34,59,61,72,80,88,105] [8,17,25,28,39,56,66,111] [18,69,72,74,80,82,91,111] [5,9,29,30,42,51,94,113] [29,38,40,41,51,77,88,98] [21,26,43,74,94,106,120,123] [17,42,55,58,65,107,109,110]
Token  84: [0,11,16,72,85,100,114,119] [8,22,63,72,106,119,122,127] [2,16,45,65,78,101,104,127] [19,25,29,60,74,81,86,93] [12,46,52,70,81,83,93,115] [8,9,17,25,37,59,64,73] [24,34,53,58,63,71,76,107] [9,18,24,59,100,106,109,112] [9,38,45,57,65,72,114,127] [0,2,19,49,80,96,122,125] [3,16,26,36,68,69,78,105] [3,7,24,28,54,59,60,125] [2,8,18,21,56,65,96,105] [0,19,23,26,58,78,91,122] [4,17,55,67,81,100,107,110] [5,16,31,41,49,59,120,127] [1,39,65,81,89,103,105,115] [18,21,33,42,55,77,78,83] [8,24,26,27,34,44,63,70] [6,9,24,59,100,106,109,112] [9,38,45,57,65,72,101,116] [0,10,38,49,85,87,122,125] [26,56,58,68,78,94,98,116] [3,7,21,23,64,96,124,125] [4,8,9,56,65,85,96,105] [0,26,58,78,99,103,104,112] [4,17,81,86,98,100,107,110] [12,32,49,59,70,101,120,127] [39,48,65,80,89,103,105,115] [1,18,21,55,72,82,83,120] [24,26,27,34,44,63,75,89] [9,18,30,44,82,100,106,109] [9,15,29,38,46,72,101,111] [10,49,69,70,80,87,91,96] [7,8,26,30,58,67,98,103] [4,21,28,64,65,94,96,121] [4,8,17,28,34,65,85,122] [0,1,20,27,31,103,104,112] [15,31,57,86,94,102,109,125] [11,32,33,40,48,49,75,120] [1,42,70,80,84,87,105,107] [6,34,59,77,82,88,100,105] [8,17,33,43,56,70,111,114] [18,69,72,74,80,96,99,111] [5,12,29,42,82,96,102,104] [29,41,67,73,88,110,113,114] [16,26,43,46,63,94,100,106] [3,39,46,76,87,102,110,119]
Token  85: [7,32,58,72,88,109,117,121] [1,25,27,44,47,63,65,122] [16,17,60,95,101,104,107,127] [19,20,68,71,72,84,118,126] [2,11,30,52,53,57,70,119] [17,18,25,59,64,74,103,110] [26,34,39,44,56,58,63,71] [9,24,33,59,82,100,106,109] [38,45,57,67,72,86,90,127] [0,10,17,49,80,96,111,122] [18,26,27,50,68,69,78,98] [3,21,24,28,48,53,54,60] [2,4,9,34,56,65,79,115] [8,23,28,42,58,78,91,106] [3,4,17,66,67,69,110,115] [6,16,17,40,49,61,101,120] [0,14,39,65,80,84,114,115] [1,18,19,21,77,82,99,103] [34,39,56,63,83,105,115,116] [3,24,33,49,59,94,100,112] [35,38,65,72,84,116,121,127] [0,9,10,49,62,110,122,125] [56,61,68,78,86,90,98,105] [23,24,28,49,54,61,92,125] [9,15,23,56,65,79,96,99] [15,28,36,42,49,58,110,118] [14,22,48,69,86,103,110,113] [0,5,16,19,26,79,102,120] [39,48,73,82,113,114,115,127] [55,72,75,77,83,90,93,103] [26,30,34,63,83,88,115,116] [3,33,51,58,60,94,100,103] [9,15,35,44,72,84,121,127] [10,23,49,62,80,96,104,114] [7,30,41,45,80,86,109,111] [4,28,29,64,78,85,92,114] [9,14,17,34,42,61,74,95] [20,29,36,42,59,85,104,124] [3,21,30,36,69,86,96,125] [11,17,40,48,63,75,104,120] [1,42,48,50,80,107,113,127] [34,59,62,72,77,78,88,121] [8,17,25,33,56,66,80,111] [18,27,53,68,72,74,80,82] [5,6,15,29,52,69,101,104] [3,29,33,41,93,110,114,117] [16,26,43,63,70,94,100,125] [3,4,53,72,84,102,107,110]
Token  86: [35,52,57,76,109,117,123,127] [25,27,47,52,63,109,115,122] [29,48,60,64,65,92,101,103] [20,25,29,67,74,93,101,106] [2,11,16,46,57,64,89,96] [4,20,55,71,103,109,110,112] [17,39,58,63,96,112,115,116] [33,36,44,82,88,94,100,106] [18,32,45,67,72,86,87,90] [0,11,17,26,34,68,80,85] [5,6,12,18,22,31,36,42] [53,60,76,90,93,95,102,110] [4,8,18,36,73,85,92,111] [18,31,35,43,91,103,106,117] [2,12,14,49,63,67,69,125] [2,11,17,19,34,45,75,100] [0,48,54,76,82,90,100,106] [1,7,30,50,77,82,90,122] [58,63,89,96,104,112,115,116] [24,33,44,82,88,94,100,123] [18,32,45,53,72,87,114,123] [0,2,14,15,17,80,85,115] [4,7,36,58,63,75,102,126] [4,13,36,52,53,65,94,103] [1,54,59,69,85,92,125,126] [20,31,47,78,85,91,99,117] [2,13,27,35,63,69,83,113] [11,15,19,21,34,75,79,84] [0,34,46,53,54,91,100,122] [13,50,72,77,89,99,120,124] [9,39,77,89,93,96,104,120] [36,39,40,56,72,89,100,115] [3,10,11,54,75,83,90,118] [15,26,38,69,75,81,85,115] [22,28,29,42,67,81,92,102] [17,53,65,66,76,110,117,120] [4,54,62,77,106,111,122,125] [13,31,34,35,43,86,91,124] [2,13,19,27,59,68,69,81] [5,21,26,50,63,79,84,88] [0,10,34,46,50,54,98,106] [34,50,77,78,80,94,100,124] [41,43,47,58,66,87,99,117] [11,30,53,58,91,98,99,115] [7,29,30,46,52,78,102,105] [8,41,50,64,67,71,91,99] [13,27,43,66,76,94,100,122] [3,53,61,76,80,87,102,107]
Token  87: [46,47,52,76,88,117,123,127] [25,27,44,47,52,63,109,122] [12,29,42,48,60,64,104,127] [19,20,25,74,86,95,100,114] [7,11,16,37,51,53,57,70] [18,55,74,84,93,110,112,119] [20,39,46,63,87,104,111,116] [19,32,33,44,82,94,100,106] [35,45,67,86,87,90,108,123] [0,7,17,67,68,76,80,102] [7,18,27,36,63,69,91,94] [21,28,48,53,60,90,99,100] [2,4,8,14,27,34,65,127] [18,58,91,92,104,106,112,117] [3,15,38,53,66,69,71,115] [16,17,32,40,49,75,89,120] [0,1,14,50,80,84,105,115] [1,9,62,77,78,82,90,103] [22,34,39,46,56,63,104,116] [9,33,44,82,88,94,100,106] [9,44,45,65,72,86,90,127] [66,68,76,80,92,96,102,111] [18,50,78,83,85,94,103,126] [5,21,28,60,65,67,99,125] [2,4,9,26,34,74,102,115] [2,42,82,92,99,104,106,112] [3,38,69,86,107,109,110,115] [11,16,17,32,40,61,75,120] [1,14,30,48,80,105,113,115] [9,72,77,82,89,93,103,114] [22,34,56,64,83,87,116,124] [2,33,36,44,82,94,100,106] [9,44,45,61,86,90,104,123] [7,66,76,80,89,96,102,111] [7,18,82,85,91,94,103,126] [4,21,28,43,60,99,100,121] [2,8,14,34,42,92,108,127] [20,27,29,89,91,104,106,112] [3,15,38,86,92,102,109,125] [11,25,32,33,40,75,102,125] [0,1,35,42,48,53,105,107] [1,34,50,59,77,82,88,105] [4,17,25,50,56,69,70,111] [18,61,72,74,80,82,99,111] [5,9,11,25,29,42,104,108] [29,41,51,64,88,91,99,110] [16,27,32,43,46,94,100,125] [3,4,53,61,72,87,102,107]
Token  88: [46,47,52,76,88,117,123,127] [13,25,27,52,63,97,109,122] [29,56,60,64,65,83,101,104] [19,25,60,74,93,101,108,114] [7,11,16,51,57,60,96,119] [9,20,43,55,71,109,110,112] [17,39,44,63,97,104,112,115] [9,24,33,44,82,94,100,106] [18,30,32,45,67,72,87,90] [0,7,17,68,76,80,85,100] [4,18,31,36,63,68,78,103] [22,53,54,56,60,93,95,103] [2,4,7,8,35,73,85,94] [0,8,31,73,91,106,110,112] [2,4,12,15,55,69,81,125] [2,16,17,31,32,38,40,49] [44,48,54,65,76,97,114,115] [13,18,63,77,90,99,108,122] [17,44,58,63,112,115,116,122] [24,33,56,59,75,94,100,123] [18,30,32,35,57,72,81,114] [0,2,17,41,50,62,85,100] [2,4,27,31,33,36,68,127] [3,45,48,53,54,56,95,103] [4,9,21,35,64,85,89,94] [0,8,31,38,47,60,73,78] [4,14,55,68,69,74,81,110] [2,16,19,28,37,75,87,120] [48,54,62,65,88,89,97,101] [11,18,50,65,77,108,122,123] [24,36,52,58,112,115,122,126] [7,24,48,58,59,75,103,123] [18,27,53,57,72,81,114,124] [0,2,13,49,50,85,90,100] [4,26,27,31,36,45,51,68] [1,3,37,53,54,56,95,103] [1,21,35,52,85,89,94,108] [8,26,33,47,63,67,91,110] [4,12,14,55,69,81,107,110] [2,8,17,19,28,30,31,122] [0,54,65,70,89,91,115,122] [11,30,50,57,63,65,77,82] [12,20,23,24,69,77,113,115] [47,53,75,84,94,100,121,122] [1,3,6,8,11,29,67,94] [5,45,77,83,86,87,95,114] [1,5,32,68,71,76,97,123] [4,14,44,74,82,92,107,127]
Token  89: [40,43,52,65,72,73,98,100] [18,38,63,70,94,100,122,127] [38,40,57,82,84,88,99,109] [6,31,71,85,86,93,101,116] [7,11,52,76,85,106,115,119] [37,59,61,64,66,73,97,125] [27,34,76,83,105,107,112,126] [18,24,49,59,75,88,109,112] [9,18,57,65,72,81,84,121] [0,9,49,85,98,110,122,125] [3,26,31,36,61,68,78,90] [1,24,53,54,61,93,95,103] [21,35,56,78,85,89,99,105] [15,26,33,58,73,80,91,110] [4,12,20,67,76,81,100,110] [2,8,16,31,41,49,101,120] [42,65,76,81,89,97,114,115] [11,18,19,33,41,42,99,105] [8,24,44,70,81,116,122,126] [24,49,59,101,103,112,119,123] [16,41,57,66,72,81,84,121] [0,49,50,85,98,110,122,125] [31,36,45,47,56,61,68,90] [23,24,49,54,61,92,103,107] [9,15,21,35,64,85,89,99] [15,28,36,47,60,73,77,110] [4,12,14,32,81,88,104,107] [2,8,16,19,28,37,75,120] [39,48,62,65,83,89,101,115] [11,18,21,27,42,55,108,118] [24,26,52,58,80,81,105,126] [24,43,48,49,59,75,112,123] [46,57,65,72,84,101,111,121] [0,13,16,49,50,85,98,125] [26,31,36,51,56,68,78,112] [3,23,37,53,54,56,103,125] [21,35,41,52,85,89,96,97] [15,28,33,35,47,58,78,110] [4,12,32,55,81,85,104,107] [2,17,40,49,51,52,59,70] [48,54,65,80,81,89,115,124] [1,21,41,42,48,55,69,105] [24,31,32,52,64,80,113,115] [31,37,46,77,78,88,100,104] [6,8,53,69,73,90,98,104] [22,27,32,45,87,94,101,114] [5,11,34,38,52,55,63,118] [20,57,73,74,77,86,105,109]
Token  90: [14,21,50,57,75,103,106,110] [3,6,9,28,62,80,95,122] [41,84,90,100,115,122,125,127] [4,20,39,71,87,95,117,127] [11,37,50,56,58,64,83,119] [18,47,51,68,73,105,110,119] [26,34,39,58,63,112,116,126] [24,33,36,44,59,82,94,100] [18,36,45,72,86,109,114,127] [0,32,49,65,80,85,98,122] [3,26,29,36,59,68,78,90] [3,48,53,54,63,93,103,109] [8,21,23,24,65,73,78,105] [26,31,33,66,83,91,110,118] [4,16,42,55,63,81,105,110] [2,16,31,49,59,70,72,103] [42,48,65,81,89,97,115,119] [1,18,55,78,82,90,99,123] [24,26,27,34,63,116,122,126] [6,24,59,62,106,112,119,123] [9,35,57,66,72,101,109,114] [0,10,13,49,85,98,122,125] [26,31,36,47,51,56,68,90] [23,26,32,54,63,103,107,109] [21,23,24,28,35,75,79,89] [31,61,66,73,80,91,110,118] [4,16,63,74,89,105,107,110] [2,8,12,16,59,72,103,120] [12,48,65,89,91,100,115,119] [13,18,49,68,77,78,99,123] [26,34,52,58,63,75,86,126] [24,33,56,59,62,75,100,123] [15,18,36,72,74,101,111,114] [0,13,32,49,65,85,96,98] [3,26,30,36,51,68,75,90] [3,21,53,54,63,64,103,109] [21,23,24,52,65,73,85,125] [26,31,33,66,82,91,110,118] [3,4,16,55,81,90,105,110] [2,17,31,40,59,72,84,120] [12,55,80,89,91,115,119,127] [2,9,35,66,78,82,90,103] [18,23,27,68,80,93,102,115] [6,29,36,41,46,87,100,104] [6,14,20,38,48,69,98,104] [22,27,32,45,58,70,80,114] [52,55,60,63,68,104,115,117] [36,47,66,86,88,120,123,124]
Token  91: [28,51,83,87,91,112,124,125] [9,16,28,29,45,48,68,122] [23,36,42,56,67,76,100,125] [12,20,70,73,100,101,112,114] [7,11,28,37,38,50,83,119] [4,10,63,74,87,93,103,119] [46,63,87,104,111,112,116,118] [2,19,33,44,82,94,100,106] [15,18,20,35,67,86,90,123] [0,2,32,66,68,80,102,125] [18,29,36,50,69,103,109,111] [3,22,28,30,36,48,53,60] [2,21,26,41,57,65,73,85] [13,33,78,82,83,91,106,110] [3,4,16,29,38,63,69,102] [2,16,17,31,40,49,50,72] [42,48,60,65,89,110,115,122] [1,13,18,46,77,82,90,94] [46,58,63,87,89,104,112,116] [2,32,33,45,82,94,100,106] [5,15,18,20,45,72,86,90] [0,2,32,65,66,80,84,111] [10,23,36,75,94,103,109,111] [14,30,31,33,48,52,64,65] [19,21,26,28,33,57,85,108] [23,35,50,73,78,91,110,119] [4,16,72,83,89,102,109,110] [2,5,16,50,59,72,79,99] [48,60,65,89,91,94,110,122] [4,13,37,46,68,94,99,122] [13,34,39,63,112,116,122,126] [2,24,33,56,59,60,82,100] [5,15,18,53,72,90,114,127] [0,2,32,49,50,63,65,80] [3,26,36,42,50,68,75,109] [21,31,33,48,52,53,64,65] [11,19,26,28,52,57,73,85] [13,68,71,76,82,91,106,125] [3,16,29,55,72,102,103,110] [2,16,17,40,51,64,72,79] [14,60,80,89,91,94,115,122] [36,46,64,81,82,94,103,122] [8,23,24,49,68,80,90,125] [12,19,46,49,75,80,100,125] [6,11,23,45,88,98,99,104] [5,17,22,26,45,76,112,114] [14,29,30,52,60,81,104,105] [15,21,71,74,111,114,121,127]
Token  92: [0,16,53,70,97,104,111,120] [20,24,34,62,76,86,107,122] [10,14,72,81,87,107,116,125] [13,23,25,32,71,76,105,117] [0,11,23,25,58,73,83,89] [31,68,73,80,97,107,110,119] [26,34,39,58,63,112,115,116] [24,33,59,82,87,94,100,106] [18,38,45,64,72,86,114,127] [0,2,32,80,85,94,111,125] [14,29,31,36,68,69,78,116] [3,28,30,48,54,60,63,93] [21,23,53,65,73,85,105,126] [26,33,44,68,82,83,91,110] [3,4,11,29,63,69,80,110] [2,16,17,31,40,50,59,60] [7,14,40,48,60,65,89,115] [1,18,52,77,78,90,99,122] [26,63,87,89,112,116,122,126] [24,45,56,59,75,87,100,123] [5,9,18,45,53,57,72,114] [0,2,32,38,49,50,94,122] [3,16,19,31,36,47,68,75] [4,30,48,54,63,65,103,107] [9,19,21,23,24,28,33,35] [0,13,26,73,78,91,110,118] [4,24,29,63,74,80,89,110] [2,5,8,16,38,44,63,79] [7,11,40,48,65,89,91,97] [13,18,49,52,53,99,120,123] [13,26,34,52,58,63,75,126] [24,33,59,60,62,87,100,123] [5,18,45,64,72,90,124,127] [0,49,56,63,81,94,96,123] [3,5,26,30,36,68,75,80] [21,33,48,52,53,64,65,96] [21,33,34,42,52,53,73,85] [0,13,44,75,89,91,106,125] [2,3,24,29,55,69,80,110] [2,16,17,40,48,50,79,120] [7,14,40,80,89,91,115,122] [49,52,53,78,80,90,103,124] [23,24,37,59,68,73,80,125] [8,26,43,81,96,100,104,120] [6,37,38,39,45,80,98,104] [22,45,46,63,84,104,112,114] [39,52,55,75,82,84,105,124] [27,32,35,52,71,90,95,108]
Token  93: [3,28,29,62,77,80,111,126] [11,24,45,62,76,78,86,122] [36,56,72,114,115,119,121,125] [1,11,20,25,76,101,105,119] [0,11,39,40,74,83,97,119] [1,8,30,55,73,80,97,122] [46,63,66,104,112,115,116,119] [24,33,44,82,87,94,100,106] [18,24,27,45,55,67,72,86] [0,44,62,68,80,85,94,102] [1,14,18,29,36,50,69,120] [3,21,22,28,48,60,68,120] [23,25,28,53,65,73,85,92] [24,31,44,49,68,83,91,106] [3,9,11,29,62,63,66,69] [2,8,16,17,40,50,75,79] [40,48,80,84,111,115,122,127] [1,53,70,77,78,84,90,122] [46,63,87,96,104,112,115,116] [33,44,59,82,87,94,100,123] [5,18,24,44,45,55,72,114] [0,2,32,50,51,62,80,94] [18,19,29,36,37,43,50,120] [30,31,48,52,54,68,85,120] [9,20,23,24,28,52,79,85] [0,31,49,73,83,91,110,118] [2,29,62,63,69,72,74,110] [2,5,17,38,50,84,88,99] [29,40,48,89,91,111,122,123] [13,37,51,53,77,84,99,124] [34,36,39,55,58,63,115,116] [5,33,48,60,87,94,100,123] [5,18,24,27,45,72,90,127] [0,21,44,56,63,94,123,124] [29,36,37,42,50,75,77,80] [21,31,33,48,52,60,68,120] [20,28,34,52,53,57,77,85] [13,24,31,44,49,91,106,125] [2,3,29,55,62,69,72,110] [5,16,17,40,48,58,79,84] [14,23,89,91,111,115,122,127] [53,77,80,81,84,100,103,118] [3,23,24,28,30,68,80,115] [2,5,8,46,75,96,100,121] [3,6,13,29,69,80,94,104] [2,5,45,47,83,87,114,117] [10,45,52,55,68,76,104,125] [31,54,71,74,84,90,112,127]
Token  94: [0,31,61,69,81,93,101,107] [26,45,60,76,83,86,91,122] [68,72,92,103,116,117,123,125] [1,20,25,99,106,108,117,119] [0,11,83,89,91,100,102,110] [30,31,35,55,80,97,111,119] [39,46,63,104,112,115,116,119] [24,33,44,72,82,94,100,106] [18,27,45,55,67,72,86,99] [0,17,21,68,76,80,85,105] [1,9,14,18,36,69,84,116] [13,15,28,48,54,58,60,120] [18,23,28,47,69,73,85,92] [13,18,31,35,68,91,106,121] [3,4,11,29,38,63,69,84] [2,17,34,40,49,50,63,100] [48,91,97,98,103,121,122,127] [1,30,77,78,90,122,123,124] [26,44,46,58,63,89,104,116] [5,44,59,72,75,82,94,119] [5,28,32,45,57,72,86,114] [0,2,17,50,51,76,80,105] [7,14,19,29,36,50,90,116] [13,15,28,48,54,58,90,120] [9,23,28,34,47,69,79,85] [13,31,33,35,83,91,110,118] [2,27,29,63,69,74,84,89] [2,5,15,26,34,50,79,100] [14,48,89,91,113,121,122,127] [13,30,51,77,90,99,120,124] [14,34,39,58,63,89,116,126] [5,12,24,33,36,44,72,89] [28,32,45,72,90,100,108,127] [0,13,17,21,23,63,76,105] [14,36,42,50,75,80,116,118] [3,13,15,17,31,58,60,121] [21,34,47,69,73,78,85,126] [13,33,68,83,91,106,110,125] [3,29,38,55,57,63,69,84] [2,16,17,26,34,40,89,100] [48,80,89,91,105,115,121,127] [1,14,30,45,78,90,97,124] [23,55,65,68,80,101,115,119] [4,5,26,36,37,46,100,104] [6,29,47,54,69,71,98,104] [2,22,27,45,93,114,117,127] [52,55,60,63,67,68,117,125] [32,34,55,58,73,86,112,117]
Token  95: [22,33,64,75,87,91,101,110] [9,28,44,60,63,71,122,126] [4,36,42,46,60,64,74,104] [21,24,30,70,73,80,100,106] [5,7,11,51,57,60,70,102] [20,55,75,87,93,115,119,122] [14,39,46,63,89,104,116,118] [5,33,36,44,82,94,100,106] [18,37,45,67,72,86,100,104] [0,7,17,35,41,68,76,80] [18,33,36,50,82,85,91,103] [3,4,48,60,62,85,94,100] [2,8,14,36,62,73,85,95] [33,83,85,87,91,106,112,122] [2,3,15,29,38,57,69,109] [2,17,32,40,54,63,84,100] [1,14,30,80,84,115,122,127] [1,9,30,36,62,78,90,122] [14,22,46,58,63,89,104,116] [5,21,33,44,82,94,100,123] [18,32,35,45,72,86,100,114] [0,7,17,23,41,50,76,80] [15,18,33,36,50,82,85,127] [22,42,48,52,54,85,94,100] [9,26,28,34,35,36,61,85] [2,13,33,63,87,91,112,125] [2,3,14,27,29,30,63,71] [2,15,17,32,50,87,100,126] [14,48,65,89,91,98,122,127] [26,37,53,68,93,99,120,122] [14,34,36,52,58,104,112,116] [5,33,48,56,60,94,100,123] [18,27,32,35,90,100,108,114] [0,17,23,41,47,63,76,96] [5,36,68,75,80,82,112,127] [21,22,31,33,37,62,94,100] [11,14,34,61,75,85,92,93] [13,27,73,87,91,106,112,125] [3,15,30,38,57,72,109,110] [2,16,17,32,40,48,54,79] [14,65,76,89,91,115,122,127] [73,77,81,82,93,100,121,124] [23,24,50,68,69,70,110,115] [5,47,56,68,75,96,100,120] [3,6,11,29,70,94,104,110] [2,5,40,47,83,87,114,117] [10,33,63,68,97,104,123,125] [23,31,44,82,84,110,112,127]
Token  96: [31,32,53,61,69,93,120,122] [2,25,45,63,83,91,115,122] [12,68,72,104,116,117,123,125] [1,20,71,89,93,101,106,117] [11,43,63,79,83,91,102,111] [30,35,55,97,103,111,119,125] [14,39,46,63,96,112,115,116] [9,24,33,44,72,82,94,100] [18,27,45,55,72,86,99,123] [0,2,17,51,68,76,85,105] [14,18,26,31,36,68,69,90] [3,28,48,54,58,60,93,120] [8,20,21,23,69,73,85,126] [0,26,33,44,91,103,106,122] [3,5,11,38,63,67,69,125] [2,8,17,34,40,45,49,100] [48,76,106,114,115,121,122,127] [1,7,18,61,77,90,122,124] [26,44,58,63,112,115,116,126] [24,56,59,72,75,100,119,123] [5,18,35,45,57,72,99,114] [0,2,17,50,85,98,105,122] [7,14,19,31,36,68,90,116] [13,54,58,60,65,90,103,117] [9,21,23,35,69,85,89,107] [33,47,60,73,78,85,91,95] [4,63,67,69,98,107,110,125] [2,28,34,45,63,75,100,120] [34,48,65,76,97,101,103,121] [14,18,51,61,77,99,123,124] [26,44,52,58,63,96,115,126] [24,33,58,59,72,106,119,123] [18,45,53,72,81,99,101,114] [0,14,43,49,50,85,92,105] [3,26,31,36,51,68,80,84] [3,13,17,31,33,54,58,103] [4,21,35,52,54,69,85,122] [25,35,71,73,91,106,122,125] [19,55,69,72,81,84,101,110] [2,15,17,26,34,63,100,112] [14,76,89,91,105,115,122,127] [1,45,51,61,77,80,82,124] [21,23,43,71,80,115,117,119] [4,5,10,37,46,58,65,100] [6,29,54,69,71,98,104,108] [2,30,40,45,54,65,114,127] [52,55,63,67,68,77,104,125] [20,34,55,71,73,110,112,117]
Token  97: [6,30,57,75,87,91,110,123] [28,31,45,60,63,65,72,122] [46,60,64,65,72,92,104,125] [5,25,60,71,93,94,103,106] [11,37,57,64,83,96,102,119] [30,43,55,71,97,103,109,112] [39,63,89,96,104,112,115,116] [24,33,36,44,82,88,94,100] [18,30,32,38,45,55,72,90] [0,2,17,62,68,76,80,85] [12,18,22,27,36,69,94,126] [22,48,54,56,60,90,110,120] [4,8,23,36,73,85,91,92] [8,18,35,43,63,85,91,106] [1,2,15,63,67,69,94,125] [2,17,32,45,50,54,100,106] [4,46,48,90,91,97,106,115] [1,18,77,90,99,122,123,124] [58,63,87,96,104,112,115,116] [24,33,45,56,59,94,100,123] [18,30,32,45,57,72,108,114] [0,2,17,47,50,62,85,100] [4,15,18,27,31,36,80,127] [45,56,60,94,100,110,117,120] [4,9,28,34,36,45,46,85] [8,35,38,43,63,91,99,125] [14,30,69,86,94,110,113,125] [11,21,44,75,99,100,102,106] [4,10,53,91,98,100,107,113] [13,68,72,77,89,93,120,123] [9,34,36,52,58,63,96,115] [10,33,36,48,56,60,94,100] [5,9,17,32,45,90,93,127] [0,17,21,23,49,85,96,123] [5,7,30,45,80,82,86,102] [4,17,33,53,78,85,114,120] [14,17,34,42,74,92,95,108] [20,27,35,43,89,91,124,125] [2,15,69,89,94,110,113,125] [11,17,26,44,48,63,75,106] [42,48,50,80,91,98,107,115] [11,34,77,81,82,88,100,124] [17,43,69,70,71,87,110,117] [5,11,53,68,80,96,99,100] [11,29,70,82,94,103,104,127] [18,40,53,71,81,107,114,117] [51,68,70,76,77,90,110,125] [18,45,46,48,58,76,107,112]
Token  98: [11,16,72,85,98,100,114,119] [25,38,52,63,103,106,115,122] [16,29,45,60,65,103,111,127] [5,19,25,28,93,94,103,106] [2,7,11,57,60,63,70,119] [18,20,55,71,93,110,112,119] [63,89,96,104,112,115,116,119] [32,33,40,44,82,94,100,106] [18,30,32,45,67,86,90,102] [0,7,17,62,68,76,80,85] [12,18,27,36,63,69,91,94] [21,53,56,60,72,76,90,99] [2,4,8,27,64,65,85,127] [8,18,35,63,91,106,112,117] [2,3,15,67,68,69,113,125] [2,17,32,40,45,50,106,117] [1,14,80,84,90,106,114,127] [1,7,75,77,82,90,122,124] [39,46,63,87,96,104,115,116] [21,33,44,82,88,94,100,106] [18,21,30,32,45,55,72,86] [17,50,62,68,76,80,85,100] [4,7,18,36,50,63,91,94] [36,48,52,53,60,72,90,104] [2,4,8,28,34,77,79,102] [23,83,85,91,99,106,117,118] [2,3,29,59,69,86,109,113] [11,15,21,40,75,99,102,120] [1,14,80,84,98,107,113,127] [13,62,72,82,93,103,114,120] [9,22,34,46,63,99,104,116] [33,36,44,63,82,94,100,106] [9,40,43,45,55,67,86,90] [17,23,57,65,66,68,80,102] [2,7,18,30,45,50,82,88] [4,53,60,78,85,100,121,122] [9,14,34,36,74,95,102,108] [20,27,36,77,103,104,106,112] [3,15,24,30,53,69,109,125] [11,32,48,58,75,102,106,125] [1,42,48,50,80,93,107,113] [13,34,59,80,82,88,93,100] [8,17,33,56,70,80,106,111] [18,46,69,74,80,82,91,98] [5,6,34,39,64,76,104,108] [29,41,53,67,77,110,114,121] [16,27,46,63,76,100,122,125] [3,7,46,67,76,87,102,104]
Token  99: [7,38,58,72,88,109,117,121] [1,25,27,52,63,65,97,122] [16,29,60,65,78,89,112,127] [19,25,68,71,84,93,111,126] [2,11,30,34,52,57,73,96] [17,18,74,84,93,103,110,119] [26,39,44,58,63,71,115,116] [9,24,31,33,44,59,82,94] [38,45,57,67,72,86,90,101] [0,17,49,80,84,96,111,122] [18,27,50,63,68,69,78,98] [3,21,28,48,53,60,72,96] [2,4,8,18,65,73,78,85] [8,42,67,82,91,106,110,112] [3,15,53,66,67,69,110,115] [16,17,32,40,49,75,89,120] [0,14,48,65,80,84,115,127] [1,18,62,75,77,82,90,99] [34,44,46,56,63,87,104,116] [9,24,33,59,75,82,94,100] [44,45,57,65,72,86,116,124] [0,10,49,80,84,96,111,122] [13,26,30,69,78,83,86,98] [21,28,31,37,64,65,67,96] [9,26,34,43,49,74,95,124] [42,73,77,91,92,99,104,112] [8,27,69,88,89,107,110,113] [6,16,44,56,59,61,75,120] [36,48,50,89,113,114,115,127] [18,72,77,83,90,103,120,123] [26,30,34,58,63,89,115,116] [3,33,51,58,60,94,100,103] [9,15,44,45,46,93,101,103] [10,23,49,57,62,96,104,114] [7,39,45,86,88,109,111,119] [4,29,37,64,78,85,92,114] [9,17,42,43,63,74,95,118] [10,20,29,42,76,85,104,124] [3,30,36,53,69,109,110,125] [11,17,40,53,63,75,104,120] [14,16,42,50,80,84,107,127] [34,39,59,72,77,78,88,126] [8,17,21,56,66,80,87,111] [46,58,68,74,80,82,99,111] [5,6,29,30,42,52,104,127] [3,29,41,54,91,99,110,117] [16,27,43,54,63,94,100,110] [3,4,17,53,72,87,102,107]
Token 100: [27,52,76,88,109,117,121,127] [1,25,27,52,63,93,97,109] [29,42,48,56,60,65,101,112] [19,25,60,87,93,111,119,126] [2,7,8,16,26,57,63,96] [43,55,71,93,99,110,112,114] [17,39,63,96,97,104,112,115] [33,36,40,44,82,89,94,108] [18,30,32,45,86,87,90,108] [0,17,62,68,76,80,85,100] [4,12,18,27,31,36,94,98] [22,31,48,56,60,94,95,100] [2,4,8,35,64,65,94,127] [8,18,35,63,67,91,106,112] [2,14,15,38,63,68,69,121] [2,13,17,32,40,63,84,99] [10,14,48,62,90,97,114,115] [1,11,50,57,77,82,90,122] [17,39,63,87,96,112,115,116] [5,24,33,44,45,82,94,100] [18,30,32,45,55,72,86,87] [0,2,7,17,47,62,85,100] [2,4,15,18,36,80,94,127] [28,31,45,53,60,85,94,95] [4,28,34,35,54,77,85,94] [8,25,52,63,67,91,99,125] [3,14,68,69,107,110,113,125] [5,11,17,26,68,75,99,120] [10,14,54,62,91,98,100,113] [11,13,50,72,77,93,120,122] [30,34,36,52,63,96,115,116] [33,36,48,58,60,94,100,103] [9,32,35,44,55,59,90,103] [17,23,49,62,85,96,104,111] [18,30,33,39,45,80,82,86] [4,17,19,45,53,78,85,114] [9,34,37,63,74,92,95,108] [20,35,52,76,89,91,124,125] [3,14,53,69,81,107,109,125] [5,11,17,26,48,50,64,75] [0,10,14,42,48,54,107,127] [11,34,50,77,81,88,100,124] [25,30,47,52,66,69,87,117] [10,53,58,75,91,96,106,111] [11,12,25,29,70,94,104,108] [3,29,38,54,65,87,99,117] [32,46,68,76,90,94,122,125] [4,17,18,42,44,49,58,107]
Token 101: [13,26,52,65,72,98,100,102] [18,50,63,70,94,100,124,127] [49,53,57,65,84,88,99,104] [19,25,37,51,71,85,86,93] [2,19,73,85,92,96,102,106] [41,42,59,64,97,103,104,109] [35,44,58,63,71,112,115,116] [9,24,33,59,75,88,94,100] [18,38,45,57,72,90,114,123] [0,2,17,51,55,84,85,125] [26,31,36,54,57,68,69,73] [3,28,53,54,60,93,95,103] [8,21,35,65,73,78,85,108] [0,26,33,47,58,78,91,110] [20,38,63,67,69,81,110,125] [2,31,32,38,41,49,52,63] [42,48,65,76,97,100,115,127] [1,18,55,72,77,90,99,122] [24,26,44,63,70,96,115,126] [24,30,59,100,103,106,112,123] [18,35,41,53,57,72,81,121] [0,49,85,96,98,104,110,125] [3,26,31,36,45,47,56,61] [24,37,53,54,64,78,103,107] [9,28,35,43,46,64,82,99] [15,28,36,49,70,99,115,125] [14,22,52,88,89,99,107,112] [37,44,53,63,68,112,113,120] [36,65,67,68,73,83,101,127] [18,27,71,72,77,86,120,123] [26,34,46,75,80,96,113,115] [6,36,58,60,103,106,107,117] [7,9,15,39,45,72,93,111] [23,49,54,57,62,78,96,117] [7,30,39,45,86,88,104,112] [4,15,29,37,64,76,78,126] [9,42,52,82,85,97,116,122] [10,20,29,31,34,78,115,124] [20,26,55,61,84,87,107,125] [11,13,25,41,75,83,87,120] [40,42,48,54,65,107,111,115] [18,34,49,59,72,80,88,105] [8,17,25,28,39,56,66,111] [18,30,72,80,82,91,96,98] [5,30,34,42,50,94,108,113] [3,29,40,41,51,88,98,114] [15,26,41,43,74,77,103,123] [42,55,58,65,76,83,109,110]
Token 102: [0,11,16,72,85,100,114,119] [8,22,63,72,106,119,122,127] [2,16,45,65,78,101,104,127] [19,25,29,60,74,86,93,101] [12,46,52,64,70,81,83,93] [8,9,17,25,37,59,64,73] [24,34,53,58,63,71,76,107] [9,18,24,59,100,106,109,112] [9,38,45,57,65,72,114,127] [0,2,19,49,80,96,122,125] [16,26,36,68,69,78,105,112] [3,7,24,28,54,59,103,125] [2,8,56,65,85,96,99,105] [0,15,19,26,28,58,78,122] [4,17,55,67,81,100,107,110] [8,16,31,41,49,59,101,120] [1,39,65,81,83,89,103,115] [18,19,21,33,42,55,77,99] [8,24,47,63,71,88,105,126] [18,24,49,59,100,106,109,112] [38,41,46,65,72,84,101,121] [0,9,49,96,98,110,122,125] [26,47,56,61,68,90,98,105] [1,3,23,24,49,54,61,125] [9,15,35,43,56,65,75,99] [15,19,26,28,58,73,77,110] [4,32,48,81,88,89,107,110] [2,16,19,41,59,85,101,120] [39,48,65,81,82,83,89,115] [1,18,21,26,42,55,72,118] [24,26,34,52,58,80,105,126] [36,49,100,103,106,109,112,123] [15,46,65,72,84,101,111,121] [9,13,16,49,79,96,110,125] [30,56,61,68,78,98,105,112] [23,24,29,37,49,61,64,125] [15,21,33,52,73,85,96,108] [0,20,28,49,78,85,92,104] [13,19,22,26,49,89,107,125] [11,25,49,51,59,75,106,120] [35,42,48,50,80,87,107,113] [1,13,30,34,59,82,88,118] [8,17,33,56,70,109,111,115] [18,61,68,72,74,80,82,98] [5,6,30,42,50,52,102,104] [29,41,54,67,73,98,110,117] [16,21,26,46,63,100,103,122] [3,64,76,80,87,102,104,110]
Token 103: [7,32,58,72,88,109,117,121] [1,25,27,44,47,63,65,122] [16,17,60,95,101,104,107,127] [19,20,68,71,72,74,84,126] [2,11,30,52,53,57,70,119] [17,18,59,64,74,93,103,110] [26,34,44,56,58,63,71,116] [9,24,33,59,82,94,100,106] [38,45,57,67,72,86,90,127] [0,2,17,49,80,96,111,122] [16,18,26,27,68,69,78,98] [3,7,21,28,48,53,54,60] [2,4,8,34,56,65,115,127] [8,23,42,58,91,106,110,112] [3,15,53,66,67,69,110,115] [6,16,17,32,40,49,89,120] [0,14,39,48,80,84,114,115] [1,18,19,75,77,82,99,103] [34,56,63,83,104,105,115,116] [3,24,33,49,82,94,100,112] [35,65,72,84,86,116,121,127] [0,9,10,49,62,110,122,125] [45,56,61,68,78,86,90,105] [23,24,46,49,54,61,92,125] [9,15,34,47,54,79,96,99] [15,28,31,36,58,110,118,125] [14,48,69,86,92,107,110,113] [0,5,11,15,16,26,79,120] [39,48,62,73,82,89,114,127] [55,72,75,77,88,93,103,118] [14,24,30,34,88,89,115,116] [5,33,44,49,60,94,100,103] [9,15,35,84,86,103,108,121] [9,10,23,68,76,79,104,110] [7,39,45,61,68,80,86,119] [4,33,37,78,85,92,102,114] [9,14,34,36,61,74,95,108] [20,36,42,71,73,85,124,125] [3,30,57,69,86,89,102,125] [11,17,32,40,48,75,106,120] [1,42,48,50,80,107,113,127] [1,34,39,59,88,89,105,121] [8,17,25,56,66,70,111,115] [18,61,68,72,74,80,82,99] [5,6,42,69,103,104,119,126] [3,29,41,51,73,110,114,117] [16,33,43,46,63,94,100,125] [3,17,72,102,107,110,113,119]
Token 104: [35,52,57,76,109,117,123,127] [25,27,47,52,63,109,115,122] [29,48,60,64,65,92,101,103] [20,25,29,67,71,74,93,101] [2,11,16,57,64,89,96,107] [4,20,55,71,103,109,110,112] [17,39,58,63,96,112,115,116] [33,36,44,82,88,94,100,106] [18,32,45,67,72,86,87,90] [0,8,11,17,26,34,80,85] [5,6,12,18,22,31,36,42] [48,53,60,76,90,95,102,110] [4,8,18,36,85,92,111,125] [18,31,35,43,63,91,103,106] [2,12,14,49,63,67,69,125] [2,11,15,17,34,45,84,100] [0,42,48,54,76,82,100,106] [1,7,30,50,77,82,90,122] [58,63,89,96,104,112,115,116] [24,33,44,82,88,94,100,123] [18,32,45,72,87,114,118,123] [0,2,14,15,17,85,115,124] [4,7,36,59,63,75,102,126] [4,13,31,36,52,53,65,102] [1,54,59,77,85,92,111,125] [20,31,35,43,78,91,99,117] [19,27,69,72,83,113,121,125] [11,15,19,21,34,75,84,117] [10,34,53,54,70,91,100,122] [13,50,72,77,93,99,120,124] [9,39,63,77,96,104,111,115] [10,24,33,36,40,44,100,106] [9,32,54,72,74,76,90,118] [14,17,26,43,53,56,85,95] [7,42,50,67,75,81,102,121] [4,21,53,65,94,102,120,121] [4,34,54,85,92,108,125,127] [20,27,35,43,91,92,106,112] [15,27,49,59,69,98,116,125] [11,26,32,50,63,75,79,125] [0,1,10,42,46,48,50,107] [13,34,50,59,77,93,105,124] [41,47,58,66,87,96,99,117] [11,30,53,91,98,99,106,115] [7,29,46,52,78,100,102,104] [41,50,64,67,71,90,91,113] [4,13,35,43,76,94,100,125] [3,53,61,76,80,87,102,119]
Token 105: [46,47,52,76,88,117,123,127] [25,27,44,47,52,63,109,122] [12,29,42,48,60,64,104,127] [19,20,25,68,74,86,100,114] [7,11,16,37,51,53,57,70] [18,55,74,84,93,110,112,119] [17,20,46,63,87,104,111,116] [19,32,33,44,82,94,100,106] [35,38,45,67,86,87,90,123] [0,7,17,67,68,76,80,102] [7,18,27,50,63,69,91,94] [21,28,48,53,60,90,99,100] [2,4,8,14,27,34,65,127] [58,91,92,103,104,106,112,117] [3,15,53,55,66,69,71,115] [16,17,32,40,49,75,89,120] [0,1,14,50,80,84,115,127] [1,9,30,62,75,77,82,103] [22,46,56,63,64,87,104,116] [9,33,44,82,88,94,100,106] [44,45,65,67,86,90,123,124] [7,66,68,76,80,84,102,111] [7,18,50,83,85,91,94,103] [31,60,67,69,78,85,99,109] [2,4,26,34,79,95,102,115] [23,42,82,99,104,106,112,118] [3,29,38,53,69,107,109,115] [11,17,40,58,61,75,102,120] [1,14,80,84,93,113,114,127] [62,72,77,78,82,90,93,103] [9,22,34,46,52,63,104,116] [19,33,44,60,82,94,100,106] [9,35,44,45,67,72,86,90] [7,17,23,66,68,80,102,105] [2,7,18,30,33,45,50,82] [4,53,60,78,85,94,99,100] [14,32,34,39,74,92,95,108] [0,20,27,52,92,104,106,112] [3,15,27,30,53,92,102,125] [11,25,32,40,50,58,75,125] [1,42,48,50,80,84,93,107] [26,34,59,77,80,82,88,100] [8,17,25,33,56,70,80,111] [18,46,55,69,82,91,98,99] [5,42,60,62,64,82,104,114] [29,41,51,64,67,88,110,114] [16,27,32,43,54,93,94,100] [3,53,61,72,76,87,102,107]
Token 106: [46,47,52,76,88,117,123,127] [13,25,27,52,63,97,109,122] [29,56,60,64,65,83,101,104] [19,25,60,74,93,101,108,114] [7,11,16,51,57,60,96,119] [4,9,20,55,71,109,110,112] [17,39,44,63,97,104,112,115] [9,24,33,44,82,94,100,106] [18,30,32,45,72,87,90,108] [0,6,7,17,76,80,85,100] [4,18,31,36,68,69,78,103] [3,22,53,54,56,60,95,103] [2,4,8,21,35,73,85,94] [0,8,31,91,103,106,110,112] [2,4,12,15,38,69,81,125] [2,17,31,32,38,40,49,120] [14,44,48,54,65,76,97,115] [11,13,18,63,77,99,108,122] [17,24,58,107,112,115,116,122] [24,33,45,59,75,94,100,123] [18,30,32,35,57,72,81,114] [0,2,17,41,50,62,85,100] [4,18,27,31,36,68,75,90] [3,45,48,53,54,56,95,103] [4,9,21,35,64,85,89,94] [8,31,35,38,47,60,73,78] [4,12,14,63,69,81,107,110] [2,19,28,37,87,102,120,127] [28,48,54,62,65,89,97,101] [11,18,26,50,77,108,122,123] [24,36,52,58,88,115,122,126] [7,24,33,48,58,59,75,123] [18,27,30,57,81,114,124,125] [0,13,49,50,85,90,92,100] [4,26,27,31,36,51,68,99] [1,3,53,54,56,94,95,103] [21,35,52,85,89,92,94,108] [26,31,33,35,47,63,91,110] [4,12,14,15,55,59,81,107] [2,8,15,17,28,49,100,122] [0,28,54,65,76,89,91,115] [11,18,50,57,77,81,111,120] [12,20,23,24,50,69,77,121] [47,53,56,75,84,94,96,122] [3,6,8,11,29,67,94,102] [5,77,86,87,94,95,114,117] [1,5,32,71,76,81,97,123] [4,14,44,74,82,92,107,127]
Token 107: [40,43,52,65,72,73,98,100] [18,38,63,70,94,100,122,127] [38,40,57,82,84,88,99,109] [6,31,56,71,85,86,101,116] [7,11,52,73,76,85,106,115] [37,59,61,64,66,73,97,125] [24,27,35,76,105,107,112,126] [24,49,59,75,88,100,109,112] [9,18,57,65,72,81,84,121] [0,9,19,49,85,110,122,125] [3,26,31,36,61,68,78,90] [3,24,53,54,61,93,95,103] [21,23,35,56,65,78,85,99] [26,31,33,58,73,80,91,110] [4,12,20,67,81,100,104,110] [2,8,16,31,41,49,101,120] [42,62,65,76,81,89,97,115] [11,18,33,41,42,55,99,105] [8,24,44,70,71,81,88,126] [24,49,59,75,101,112,119,123] [16,35,41,57,66,72,81,114] [0,49,50,85,98,100,122,125] [31,36,45,47,51,56,68,90] [24,32,53,54,56,95,103,107] [21,23,28,35,64,85,89,99] [15,28,31,38,47,60,73,110] [4,12,14,22,32,81,89,104] [2,8,12,19,28,37,120,127] [39,48,62,65,73,89,97,101] [11,18,27,50,55,105,108,123] [24,26,36,52,58,105,115,126] [24,43,58,59,75,92,112,123] [16,65,72,81,101,111,121,125] [0,13,16,49,50,85,100,125] [26,27,31,36,51,68,78,90] [3,23,53,54,56,103,107,125] [21,35,52,61,65,75,85,96] [15,26,31,33,47,58,91,110] [4,32,55,81,85,100,104,107] [2,17,40,49,51,52,59,70] [48,54,65,81,89,115,124,127] [1,18,21,42,48,55,69,105] [24,31,32,52,64,68,80,115] [31,37,46,77,78,88,100,104] [6,8,53,73,90,94,98,104] [22,27,32,45,87,94,101,114] [5,11,34,38,52,55,97,118] [20,57,73,74,77,86,105,109]
Token 108: [14,21,50,57,75,103,106,110] [3,6,9,28,62,80,95,122] [12,41,84,90,115,122,125,127] [4,20,39,71,87,95,117,127] [11,50,56,57,58,64,83,119] [18,47,51,68,73,105,110,119] [26,34,39,58,63,112,116,126] [24,33,36,44,59,82,94,100] [18,36,38,45,72,109,114,127] [0,32,49,65,80,85,98,122] [3,29,31,36,59,68,78,90] [3,48,53,54,63,93,103,109] [8,21,23,24,65,73,78,79] [26,31,33,66,83,91,110,118] [4,16,42,63,76,81,105,110] [2,16,17,49,59,70,72,103] [42,48,65,81,89,97,115,119] [1,13,18,55,78,82,90,99] [24,26,34,44,63,116,122,126] [24,59,62,75,106,112,119,123] [9,35,57,66,72,101,109,114] [0,10,13,49,50,98,122,125] [26,36,47,51,58,68,78,90] [4,26,31,32,54,95,103,109] [21,23,24,28,79,89,92,107] [31,33,66,73,80,91,118,119] [4,16,42,63,89,105,107,110] [0,2,8,12,59,72,103,120] [12,48,65,82,89,91,98,119] [13,18,49,68,78,99,120,123] [3,26,39,52,58,63,107,126] [24,33,36,56,59,75,100,123] [36,53,72,74,90,101,109,111] [0,2,13,32,49,65,85,96] [26,29,30,36,50,51,68,75] [3,21,28,53,54,63,64,109] [20,21,24,52,73,75,85,125] [26,31,66,73,82,91,110,118] [3,16,55,81,90,105,107,110] [16,17,40,59,64,72,84,120] [12,55,80,91,115,119,122,127] [2,18,66,78,80,82,90,103] [18,23,27,60,68,80,102,115] [6,11,29,36,46,87,100,104] [6,20,27,38,48,69,98,104] [12,22,27,32,45,58,70,114] [52,55,60,63,68,104,115,117] [36,47,66,71,86,88,120,123]
Token 109: [28,51,83,87,91,112,124,125] [9,16,28,29,45,48,68,122] [23,36,42,56,67,76,100,125] [3,12,70,73,100,101,112,114] [7,11,28,37,38,50,83,119] [4,10,63,74,87,93,103,110] [46,63,104,111,112,116,118,124] [2,19,33,44,82,94,100,106] [15,18,20,35,67,86,90,123] [0,32,66,68,80,85,102,125] [18,29,36,68,69,103,109,111] [14,22,28,30,36,48,53,60] [2,23,26,28,41,65,73,85] [13,33,68,82,83,91,106,110] [4,16,29,38,63,66,69,102] [2,16,17,31,40,49,72,117] [42,48,60,65,89,110,115,122] [1,13,18,46,82,90,94,122] [46,58,63,87,104,112,116,119] [2,32,33,44,82,94,100,106] [5,15,18,20,45,72,86,90] [0,2,32,66,80,84,92,111] [10,23,36,75,94,103,109,111] [11,14,31,48,52,53,60,65] [19,26,28,33,57,85,108,111] [35,50,73,78,82,91,110,119] [4,16,72,83,89,102,109,110] [2,11,16,50,59,72,79,99] [48,60,89,91,94,108,110,122] [4,13,37,46,94,99,120,122] [13,34,39,63,112,116,122,126] [2,24,33,56,59,60,82,100] [5,15,18,36,72,90,108,114] [0,2,32,50,63,65,80,96] [26,36,42,50,68,75,103,109] [21,31,33,52,60,64,65,120] [19,20,26,28,34,57,73,85] [2,13,68,73,82,91,106,125] [3,16,22,55,72,102,103,110] [16,17,40,51,64,72,79,120] [14,60,80,91,94,115,122,127] [36,46,52,80,81,94,103,122] [8,23,24,49,68,80,90,125] [12,19,46,49,75,80,100,125] [6,11,23,88,94,98,99,104] [5,17,22,26,45,76,112,114] [14,29,30,52,60,81,104,105] [15,21,71,74,111,114,121,127]
Token 110: [0,16,53,70,97,104,111,120] [20,24,34,62,76,86,107,122] [10,14,72,81,87,107,116,125] [13,23,25,32,71,76,105,117] [0,11,23,25,58,73,83,119] [31,68,73,80,97,107,110,119] [26,34,39,58,63,87,112,116] [24,33,59,82,87,94,100,106] [18,38,45,64,72,85,86,114] [0,2,21,32,80,85,94,125] [3,14,29,31,36,68,78,116] [3,28,30,48,54,63,93,120] [21,23,53,65,73,85,92,105] [26,33,44,68,82,83,91,110] [4,29,63,66,69,80,102,110] [2,8,16,17,31,40,50,60] [7,14,40,48,65,89,115,122] [1,18,52,77,78,90,99,122] [8,13,26,63,89,112,116,126] [24,45,56,59,75,87,100,106] [5,9,45,53,57,65,72,114] [0,2,32,38,49,50,94,122] [3,16,19,31,36,68,75,94] [4,11,30,48,54,65,103,107] [9,19,24,28,33,35,57,85] [0,13,26,31,73,78,91,110] [4,24,63,74,80,89,103,110] [2,5,8,11,19,38,44,63] [7,40,48,65,89,91,97,100] [13,18,49,52,77,99,120,123] [13,26,34,52,55,58,63,126] [24,33,59,60,62,87,100,123] [5,18,41,45,64,72,90,101] [0,49,51,63,81,94,96,123] [3,5,26,30,36,68,75,116] [21,37,39,52,64,65,96,120] [33,34,42,52,53,73,85,92] [0,13,44,82,89,91,124,125] [2,3,24,29,55,80,109,113] [2,16,17,26,40,48,79,120] [7,14,40,80,89,91,115,122] [49,52,53,78,80,94,103,124] [23,24,37,59,68,73,80,125] [8,26,32,43,96,100,104,120] [6,8,37,39,45,80,98,104] [12,22,45,46,84,104,112,114] [39,44,52,55,82,84,105,124] [10,27,35,52,71,90,95,108]
Token 111: [3,28,29,62,77,80,111,126] [11,24,45,62,76,78,86,122] [36,56,72,114,115,119,121,125] [1,11,20,25,76,101,105,119] [0,11,39,40,74,83,97,119] [1,8,30,55,73,80,97,122] [46,63,66,104,112,115,116,119] [24,33,44,82,87,94,100,106] [18,24,27,45,55,67,72,86] [0,44,62,68,80,85,94,102] [1,14,18,29,36,59,69,120] [3,4,22,28,48,60,68,120] [23,25,28,53,65,73,85,92] [24,31,44,49,68,91,103,106] [4,9,11,29,62,63,66,69] [2,17,40,49,50,75,79,117] [40,48,80,84,111,115,122,127] [1,18,70,77,78,84,90,122] [44,46,58,63,104,115,116,122] [33,56,59,82,87,94,100,123] [5,18,24,44,45,55,72,114] [0,2,32,44,50,62,80,94] [19,29,31,36,43,50,75,120] [30,31,33,48,52,54,68,120] [20,21,23,28,33,77,79,85] [31,35,49,73,83,91,110,118] [2,29,63,69,72,74,89,110] [2,5,38,68,84,88,99,122] [40,48,89,91,97,111,122,123] [13,37,51,77,84,99,120,124] [3,34,36,39,55,58,115,116] [29,33,56,60,87,94,100,123] [5,18,24,27,45,72,90,108] [0,21,44,56,63,94,96,124] [36,37,42,50,75,76,77,80] [21,31,33,48,52,60,68,120] [11,20,28,34,52,77,85,101] [13,24,31,49,91,106,124,125] [2,3,29,55,62,69,72,110] [5,16,17,40,48,58,79,120] [14,23,89,91,111,115,122,127] [53,77,81,84,100,103,118,121] [14,23,24,28,30,68,80,115] [2,5,8,46,75,96,100,121] [3,6,13,29,69,80,94,104] [2,5,45,47,83,87,114,117] [10,45,52,55,68,76,104,125] [31,54,71,74,84,90,112,127]
Token 112: [0,31,61,69,81,93,101,107] [26,45,60,76,83,86,91,122] [68,72,92,103,116,117,123,125] [1,20,25,99,106,108,117,119] [0,11,83,89,91,100,102,110] [30,31,35,55,80,97,111,119] [39,46,63,104,112,115,116,119] [24,33,44,72,82,94,100,106] [18,27,45,55,67,72,86,99] [0,21,68,69,76,80,85,105] [1,6,9,14,36,69,84,116] [13,15,28,48,54,58,60,120] [18,23,28,47,69,73,85,92] [13,31,35,68,91,103,121,122] [2,11,29,38,63,69,84,92] [2,17,34,40,49,50,63,100] [48,91,97,98,103,121,122,127] [1,30,77,78,90,122,123,124] [26,44,46,58,63,89,104,116] [33,44,59,72,82,94,119,123] [5,28,32,45,53,72,86,114] [0,2,17,21,51,76,80,105] [7,14,19,29,36,43,50,116] [13,15,31,48,54,58,90,120] [23,28,47,69,78,79,85,92] [31,33,35,83,91,99,110,118] [27,29,63,69,74,84,89,110] [2,5,15,26,34,50,79,100] [1,48,89,91,113,121,122,127] [30,51,77,89,90,99,120,124] [14,34,39,44,58,89,116,126] [5,12,33,36,44,56,72,94] [28,32,56,72,90,100,108,127] [0,17,21,23,43,63,76,105] [14,36,42,50,75,76,80,116] [13,15,17,31,48,58,120,121] [21,34,47,69,73,78,85,126] [13,33,68,83,91,106,110,125] [3,29,38,55,57,63,69,84] [16,17,26,34,40,48,89,100] [48,80,89,91,105,115,121,127] [1,14,30,45,78,90,97,124] [23,55,65,68,80,101,115,119] [4,5,26,36,37,46,100,104] [6,29,47,54,69,71,98,104] [2,22,27,37,45,93,114,127] [52,55,60,63,67,68,117,125] [32,34,55,58,73,86,112,117]
Token 113: [6,22,33,64,75,87,91,110] [9,28,44,60,63,71,122,126] [4,36,42,46,60,64,74,104] [21,24,30,70,73,80,100,106] [5,7,11,51,57,60,70,102] [20,55,75,87,93,115,119,122] [14,39,46,63,89,104,112,116] [5,33,36,44,82,94,100,106] [18,32,37,45,67,72,86,100] [0,7,17,35,41,68,76,80] [18,33,36,50,82,85,91,103] [3,4,48,54,60,62,94,100] [2,4,8,14,36,62,73,85] [33,85,87,91,103,106,112,122] [2,3,15,29,38,57,69,109] [2,17,32,40,54,63,84,100] [1,14,30,80,84,115,122,127] [1,9,30,36,78,82,90,122] [14,22,46,58,63,89,104,116] [5,21,33,44,59,82,94,100] [18,32,45,72,86,90,100,114] [0,7,17,41,50,68,76,80] [7,15,18,33,36,50,85,127] [22,31,48,52,54,85,94,100] [7,18,26,28,34,36,61,85] [2,13,63,73,87,91,112,125] [2,3,14,27,29,30,72,89] [2,15,32,50,59,75,87,100] [1,14,48,89,91,98,122,127] [37,68,89,93,99,120,122,123] [14,34,36,52,58,104,112,116] [5,33,48,56,60,94,100,123] [0,18,32,35,72,90,100,108] [0,17,23,41,47,63,76,96] [5,15,36,68,75,80,82,127] [3,21,22,31,33,62,94,100] [11,14,34,61,75,85,92,93] [13,27,73,87,91,106,112,125] [3,15,24,38,57,72,109,110] [2,16,17,32,40,48,54,79] [14,65,76,89,91,115,122,127] [37,73,77,81,82,93,100,121] [23,24,50,68,69,70,110,115] [47,56,68,74,75,96,100,120] [3,6,11,29,69,94,104,110] [2,5,40,45,83,87,114,117] [10,33,63,68,93,97,104,125] [14,23,31,44,82,84,110,127]
Token 114: [31,32,53,61,69,93,120,122] [2,25,45,63,83,91,115,122] [12,68,72,92,104,116,117,125] [1,20,71,89,93,101,106,117] [11,43,63,79,83,91,102,111] [4,30,35,55,97,103,111,119] [14,39,46,63,96,112,115,116] [9,24,33,44,72,82,94,100] [18,27,45,55,72,86,99,123] [0,2,17,43,51,68,85,105] [6,14,18,26,31,36,68,69] [3,28,48,54,58,60,93,120] [8,20,21,23,69,73,85,126] [0,33,44,63,91,103,106,122] [5,11,29,38,63,67,69,125] [0,2,17,34,45,49,100,112] [48,76,103,106,115,121,122,127] [1,7,18,61,77,90,122,124] [26,44,58,63,96,115,116,126] [24,56,59,72,75,100,119,123] [5,18,32,35,57,72,99,114] [0,2,17,50,85,105,111,122] [7,12,14,19,31,36,68,90] [13,54,58,60,65,90,103,117] [4,21,23,35,54,69,85,89] [33,35,73,78,91,95,99,110] [4,63,67,69,98,109,110,125] [2,21,34,45,63,83,88,100] [48,65,76,91,97,103,107,122] [13,14,51,61,77,99,123,124] [9,39,52,58,96,115,120,126] [24,33,45,56,59,72,100,123] [18,28,32,56,72,90,99,101] [13,14,17,43,50,85,92,105] [3,14,26,36,68,75,84,121] [13,17,31,39,54,58,77,103] [18,28,34,54,69,77,85,122] [35,68,71,91,106,122,124,125] [2,19,55,69,72,84,101,110] [15,26,34,48,50,63,100,112] [14,76,89,91,105,115,122,127] [1,45,51,61,77,80,82,124] [3,21,23,35,71,115,117,119] [5,10,37,46,65,68,100,120] [6,8,29,69,71,98,104,108] [2,12,30,40,45,54,114,127] [52,55,63,67,68,77,125,127] [20,34,55,71,73,110,112,117]
Token 115: [6,30,57,75,87,91,110,123] [25,28,31,45,60,63,65,122] [46,60,64,65,72,92,104,125] [5,25,60,71,93,94,103,106] [11,57,64,65,83,96,102,119] [30,43,55,71,97,103,109,112] [39,63,89,96,104,112,115,116] [24,33,36,44,82,88,94,100] [18,30,32,38,45,55,72,90] [0,2,7,17,62,76,80,85] [12,18,22,27,36,78,94,126] [22,48,54,60,62,90,110,120] [4,8,11,23,36,73,85,92] [8,13,35,43,63,85,91,106] [1,2,15,63,67,69,94,125] [2,17,32,33,45,84,100,106] [4,28,46,48,90,91,97,106] [1,18,77,90,99,122,123,124] [58,63,87,96,104,112,115,116] [24,33,45,56,59,100,119,123] [18,30,32,45,57,72,108,114] [0,2,17,47,50,62,85,100] [4,15,27,31,36,54,75,127] [31,45,48,56,94,100,110,120] [4,28,36,45,46,57,85,92] [8,35,38,43,63,73,91,99] [2,14,59,86,94,110,113,125] [11,21,59,75,99,100,102,106] [4,10,53,91,98,100,107,113] [13,37,77,89,93,99,120,123] [9,34,36,52,58,63,96,115] [10,24,33,36,56,60,94,100] [5,17,18,32,45,48,90,101] [0,17,23,49,63,85,96,123] [3,5,36,75,80,82,102,116] [17,21,31,33,53,94,100,120] [11,18,28,54,78,85,91,92] [27,35,71,89,91,122,124,125] [2,15,69,72,94,109,110,113] [17,26,32,48,84,100,106,118] [28,54,76,91,98,107,115,122] [11,34,73,77,81,82,100,124] [47,69,70,71,80,87,110,117] [11,53,68,80,83,91,100,106] [11,12,19,29,70,103,104,114] [18,31,40,41,53,71,114,117] [20,49,66,76,77,90,110,125] [45,46,58,76,83,96,112,118]
Token 116: [11,16,72,85,98,100,114,119] [25,38,52,63,103,106,115,122] [16,29,45,60,65,103,111,127] [5,19,25,28,93,94,103,106] [2,7,11,57,60,63,70,119] [18,20,55,71,93,110,112,119] [39,63,89,96,104,112,115,116] [32,33,40,44,82,94,100,106] [18,30,32,45,72,86,90,102] [0,7,17,68,69,76,80,85] [12,18,36,63,78,91,94,98] [3,28,53,56,60,72,76,90] [2,4,8,18,27,65,85,127] [8,18,35,63,91,92,106,117] [2,3,15,67,68,69,113,125] [2,17,40,45,50,84,106,117] [1,14,48,80,84,90,106,127] [1,7,75,77,82,90,122,124] [39,46,63,87,96,104,115,116] [21,33,44,56,82,88,94,100] [18,21,30,32,45,55,72,86] [17,50,62,68,76,80,85,100] [7,12,18,36,50,63,91,94] [36,48,52,53,60,72,76,90] [2,4,28,34,77,79,92,102] [23,43,83,91,99,106,117,118] [2,27,29,59,69,86,109,113] [11,15,21,75,99,102,106,120] [1,4,10,70,97,98,113,127] [13,37,72,77,93,114,120,124] [9,22,34,39,63,104,115,116] [5,33,36,44,60,94,100,125] [9,40,44,45,55,86,90,91] [21,23,62,68,76,89,96,102] [7,18,33,45,50,80,86,88] [4,17,53,78,85,94,104,114] [34,36,61,74,95,102,108,114] [20,27,68,85,87,106,112,125] [3,7,15,30,57,69,121,125] [11,17,32,33,48,75,106,125] [1,30,42,48,50,80,107,127] [34,59,72,78,80,88,89,93] [17,25,56,70,87,111,114,115] [18,68,69,72,74,80,82,99] [5,6,15,19,30,104,108,126] [29,31,41,54,73,110,113,117] [16,46,63,70,76,93,100,125] [3,10,46,76,87,102,104,112]
Token 117: [7,38,58,72,88,109,117,121] [1,25,27,52,63,65,97,122] [16,29,60,65,78,89,112,127] [19,25,68,71,84,93,111,126] [2,11,30,34,52,57,73,96] [17,18,74,84,93,103,110,119] [26,39,44,46,58,63,71,116] [9,24,31,33,44,82,94,106] [38,45,57,67,72,83,86,90] [0,7,17,68,80,84,96,111] [18,27,50,63,68,69,78,94] [3,21,28,48,53,60,72,96] [2,4,8,18,34,65,73,85] [8,42,67,83,91,106,110,112] [3,15,23,53,66,69,110,115] [16,17,32,40,49,75,89,120] [0,14,48,80,84,114,115,127] [1,9,18,62,75,77,82,90] [39,44,46,56,63,104,105,116] [9,21,33,44,82,94,100,112] [32,44,45,65,72,86,90,116] [0,10,49,76,80,96,102,125] [18,36,45,50,56,69,78,94] [23,31,52,65,67,78,85,125] [9,26,34,46,61,79,95,102] [35,42,91,99,104,106,112,115] [3,7,69,95,107,109,111,113] [6,11,17,40,56,61,76,120] [1,14,30,80,84,113,114,127] [9,72,75,77,82,103,107,120] [22,34,46,63,96,104,115,116] [33,36,44,82,94,100,103,106] [9,14,15,32,44,45,55,86] [10,17,62,68,76,80,102,104] [7,18,37,41,45,50,86,111] [4,33,78,85,114,115,122,126] [17,36,42,61,74,92,95,102] [20,29,42,52,76,85,91,104] [3,36,57,69,86,96,102,125] [11,17,40,72,75,104,106,120] [1,30,42,48,80,84,107,127] [9,34,39,59,77,78,88,121] [3,8,17,23,25,56,80,111] [18,58,68,72,74,80,82,111] [5,6,29,30,42,69,104,114] [29,41,93,99,110,114,117,127] [27,43,63,68,94,100,110,125] [3,4,17,53,84,102,107,112]
Token 118: [27,52,76,88,109,117,121,127] [1,25,27,52,63,93,97,109] [29,42,48,56,60,65,101,112] [19,25,60,87,93,111,119,126] [2,7,8,16,26,57,63,96] [43,55,71,93,99,110,112,114] [17,39,63,96,97,104,112,115] [33,36,40,44,82,89,94,108] [18,30,32,45,86,87,90,108] [0,2,17,62,76,80,85,100] [4,18,19,27,31,36,94,98] [22,31,48,56,60,95,100,110] [2,4,8,35,64,65,91,94] [8,18,35,67,91,92,106,112] [2,14,15,38,63,68,69,121] [2,13,17,32,40,63,84,99] [10,14,48,62,90,97,114,127] [1,11,50,57,77,82,90,122] [17,44,63,96,112,115,116,118] [5,24,33,44,45,82,94,100] [18,30,32,45,55,72,86,87] [0,2,17,23,47,62,85,100] [4,18,27,36,80,94,126,127] [28,31,45,48,53,60,94,95] [4,28,34,35,54,77,85,94] [8,25,52,63,67,91,99,125] [14,69,72,83,107,110,113,125] [2,5,11,26,63,68,99,120] [10,14,34,54,91,98,100,122] [11,13,50,72,77,93,120,122] [34,36,52,58,63,96,115,116] [33,36,48,60,94,100,103,106] [5,9,44,45,55,86,90,103] [17,23,49,62,80,85,96,111] [2,18,30,33,39,45,80,86] [4,17,53,78,85,92,114,120] [9,34,37,42,74,92,95,108] [0,20,35,52,89,91,124,125] [3,14,15,53,69,81,109,125] [11,17,26,48,50,58,64,75] [10,14,42,48,53,54,91,107] [11,13,34,50,77,88,100,124] [17,30,47,52,66,69,87,117] [53,58,68,75,80,96,106,111] [12,15,29,39,70,94,103,108] [3,16,29,54,65,87,99,117] [32,46,66,68,70,90,94,122] [4,17,18,44,58,107,112,113]
Token 119: [13,26,52,65,72,98,100,102] [18,50,63,70,94,100,124,127] [49,53,57,65,84,88,99,104] [19,25,51,71,85,86,93,116] [2,19,73,85,92,96,102,121] [41,42,59,64,84,97,104,109] [35,44,58,63,71,112,115,116] [9,24,33,59,75,88,94,100] [18,38,45,57,72,90,114,123] [0,2,17,51,55,85,111,125] [4,16,31,36,54,57,68,73] [3,53,54,60,65,93,95,103] [8,21,35,65,73,78,85,108] [0,33,47,58,78,91,106,110] [20,38,63,67,69,81,110,125] [2,32,38,41,52,63,106,127] [42,48,54,65,76,97,115,127] [18,55,72,77,90,99,122,123] [24,26,44,63,70,96,115,116] [8,24,56,58,59,100,112,123] [18,41,53,57,72,81,114,124] [0,2,49,50,78,85,96,98] [16,31,36,45,47,68,90,94] [15,36,52,54,65,78,103,107] [21,28,33,35,54,85,89,108] [36,47,49,73,78,81,92,99] [2,22,74,89,98,107,109,113] [11,12,44,51,52,63,68,106] [28,46,65,91,97,98,100,107] [13,18,50,61,72,99,120,123] [26,27,30,34,39,75,96,115] [30,36,58,60,103,106,107,115] [9,15,21,41,46,74,111,125] [49,78,81,83,85,96,105,117] [2,7,26,30,37,45,88,112] [4,29,37,64,78,107,111,126] [9,17,37,41,42,43,92,108] [10,20,25,27,29,77,104,124] [19,22,26,32,61,87,110,125] [11,21,41,49,51,75,83,120] [1,42,48,54,65,89,107,111] [13,34,49,50,59,61,72,88] [8,17,25,28,39,56,66,111] [18,30,72,74,80,82,96,99] [5,19,29,30,34,42,94,102] [29,38,51,77,98,110,114,116] [41,43,74,77,90,94,103,123] [46,55,58,65,76,107,109,110]
Token 120: [0,11,16,72,85,100,114,119] [8,22,63,72,106,119,122,127] [2,16,45,65,78,101,104,127] [19,25,29,60,74,86,93,101] [12,46,52,64,70,81,83,93] [8,9,17,25,37,59,64,73] [24,34,53,58,63,71,76,107] [9,18,24,59,100,106,109,112] [9,38,45,57,65,72,114,127] [0,2,19,49,80,85,96,122] [3,16,26,36,68,69,78,105] [3,7,24,28,54,60,103,125] [2,8,18,56,65,85,96,105] [0,19,26,58,78,91,110,122] [4,17,67,81,89,100,107,110] [8,16,31,41,49,59,101,120] [1,39,65,81,89,103,115,127] [18,21,33,55,77,78,82,83] [24,26,34,39,44,63,88,105] [9,24,49,51,100,106,109,112] [46,65,72,84,101,111,121,124] [0,9,10,38,49,96,110,125] [26,30,45,47,56,61,98,105] [23,24,49,61,64,96,107,125] [9,15,43,46,65,74,75,99] [15,28,49,73,77,99,104,112] [22,52,76,88,89,99,107,110] [6,18,44,53,56,75,76,120] [36,65,82,83,89,113,115,127] [18,71,72,77,86,93,120,123] [26,27,30,34,42,75,80,115] [30,36,51,58,60,103,106,117] [5,7,9,15,39,46,72,111] [33,49,54,57,62,104,105,127] [30,37,39,45,100,109,119,120] [4,29,37,64,68,78,114,115] [9,42,52,74,95,109,116,122] [12,20,49,52,61,85,115,124] [9,26,36,92,102,107,110,125] [11,53,59,69,75,83,104,120] [12,16,42,48,50,80,105,107] [1,34,59,72,80,82,88,120] [8,17,56,66,67,70,109,111] [18,38,68,72,74,80,82,99] [5,6,30,42,50,72,108,127] [29,41,73,98,109,110,114,117] [16,43,46,62,63,76,106,110] [3,30,76,87,102,104,110,116]
Token 121: [7,32,58,72,88,109,117,121] [1,25,27,44,47,63,65,122] [16,17,60,95,101,104,107,127] [19,20,68,71,72,74,114,126] [2,11,30,52,53,57,70,119] [17,18,59,64,74,93,103,110] [26,44,56,58,63,71,87,112] [9,24,31,33,59,82,88,94] [38,45,57,67,72,77,86,90] [0,2,17,49,80,96,111,122] [16,18,26,27,68,69,78,98] [3,7,21,28,48,53,60,124] [2,4,8,34,56,65,115,127] [8,23,42,58,78,91,106,112] [3,15,53,66,67,69,110,115] [6,16,17,32,40,49,89,120] [0,14,48,50,80,84,114,115] [1,18,62,75,77,82,103,105] [22,34,39,56,63,104,105,116] [3,33,59,75,82,94,100,112] [35,44,45,65,72,86,116,127] [0,10,49,80,84,96,111,122] [26,30,56,78,80,86,94,98] [3,21,28,65,67,82,96,125] [2,9,26,28,34,65,74,124] [23,42,77,82,99,104,112,125] [3,8,69,74,75,86,107,110] [6,11,16,40,59,61,99,120] [14,48,50,80,89,114,115,127] [18,72,77,82,83,88,93,103] [34,39,46,56,63,104,115,116] [3,33,44,59,60,82,94,100] [9,14,15,44,45,72,116,127] [10,23,49,62,80,96,114,123] [30,37,41,45,80,86,109,111] [4,21,28,64,68,82,85,114] [14,17,32,34,42,92,95,124] [20,29,31,42,52,91,104,124] [3,31,36,53,69,82,86,125] [11,17,33,40,44,58,75,120] [1,42,48,50,80,84,107,113] [34,39,59,72,77,78,83,88] [8,17,23,25,56,80,87,111] [18,53,58,72,74,80,96,99] [5,6,25,29,30,94,101,104] [3,29,31,41,51,91,110,114] [16,17,43,46,94,100,110,125] [4,53,72,84,102,107,110,112]
Token 122: [35,52,57,76,109,117,123,127] [25,27,47,52,63,109,115,122] [29,48,60,64,65,92,101,103] [20,25,29,67,71,74,93,101] [2,11,16,57,64,89,96,119] [4,20,55,71,103,109,110,112] [17,39,58,63,96,112,115,126] [33,36,44,82,88,94,100,106] [18,32,45,67,72,86,87,90] [0,8,11,17,26,34,80,85] [6,12,18,22,31,36,42,59] [4,48,53,60,76,95,102,110] [4,8,11,18,85,92,111,125] [18,31,35,43,91,93,103,106] [2,12,49,63,67,69,121,125] [11,15,17,19,34,45,84,100] [0,4,48,54,76,82,100,106] [1,7,30,50,77,82,90,122] [58,63,89,96,104,112,115,116] [24,33,44,82,88,94,100,123] [18,32,45,72,87,114,118,123] [0,2,14,15,17,34,85,124] [7,36,48,59,63,75,102,126] [4,13,31,52,53,65,76,102] [1,54,59,77,85,92,111,125] [12,20,31,35,43,91,99,117] [2,19,27,69,72,113,121,125] [11,15,19,21,34,75,84,111] [4,10,34,53,54,70,91,113] [13,50,72,77,93,99,120,124] [9,39,77,91,96,104,111,115] [10,24,33,40,44,56,100,123] [9,32,45,72,76,90,108,118] [11,14,17,26,43,53,56,95] [7,42,50,67,75,91,94,102] [4,21,53,94,100,102,120,121] [4,28,54,85,92,108,111,125] [13,20,27,43,91,97,106,112] [15,27,49,69,83,98,116,125] [11,26,32,50,63,64,75,79] [0,1,10,42,46,98,106,107] [13,34,50,77,89,94,105,124] [33,47,58,66,87,96,116,117] [11,30,53,91,98,99,106,115] [2,7,29,46,52,78,102,105] [41,64,71,90,91,99,113,121] [4,13,35,43,76,92,94,100] [3,53,61,76,80,87,102,119]
Token 123: [46,47,52,76,88,117,123,127] [25,27,44,47,52,63,109,122] [12,29,42,48,60,64,104,127] [19,20,25,74,86,95,100,114] [7,11,16,37,51,53,57,70] [18,55,74,84,93,110,112,119] [17,20,46,63,87,104,111,116] [19,32,33,44,82,94,100,106] [35,38,45,67,86,87,90,123] [0,7,17,67,68,76,80,102] [7,18,27,36,63,69,91,94] [21,28,48,53,60,90,95,99] [2,4,8,14,27,34,65,127] [58,91,92,103,104,106,112,117] [3,15,38,66,67,69,71,115] [16,17,32,40,49,75,89,120] [0,14,48,50,80,84,115,127] [1,62,73,77,78,82,90,103] [22,34,44,46,56,63,104,116] [9,24,33,59,75,82,94,100] [9,45,57,65,72,86,116,127] [0,10,49,80,84,92,96,111] [26,30,78,83,86,94,98,126] [7,21,28,31,60,65,96,125] [2,4,9,26,28,34,46,124] [25,42,73,82,92,99,104,112] [8,57,69,88,94,107,110,115] [6,16,32,40,44,59,75,120] [48,73,80,89,105,113,115,127] [1,18,72,77,82,83,93,103] [30,34,39,52,56,63,104,115] [3,9,33,44,51,60,100,109] [5,9,15,32,44,45,90,118] [10,17,23,49,62,80,85,96] [7,10,18,26,30,38,50,86] [4,21,28,37,64,85,94,121] [14,17,28,34,42,91,92,108] [20,29,35,52,77,85,104,112] [3,15,30,49,53,69,74,125] [11,15,17,32,33,63,75,117] [0,1,35,42,48,80,107,113] [1,13,34,50,59,77,88,105] [17,25,33,50,56,87,111,117] [18,53,68,74,80,82,91,99] [5,9,12,29,52,100,103,114] [3,29,41,64,73,93,99,110] [16,27,32,43,46,93,94,100] [3,4,53,61,72,87,102,107]
Token 124: [46,47,52,76,88,117,123,127] [13,25,27,52,63,97,109,122] [29,56,60,64,65,83,101,104] [19,25,60,74,93,101,108,114] [7,11,16,57,60,73,96,119] [4,9,20,43,55,109,110,112] [17,22,39,63,97,104,112,115] [9,24,33,44,82,94,100,106] [18,30,32,45,67,72,87,108] [0,7,17,76,80,85,100,125] [4,18,31,36,63,68,78,103] [3,22,53,54,56,60,95,103] [2,4,8,21,35,73,85,94] [0,8,31,91,103,106,110,112] [2,4,12,15,69,81,109,125] [2,17,32,38,49,107,120,126] [0,44,48,54,65,76,81,97] [11,13,18,50,77,90,99,108] [17,24,44,58,112,115,116,122] [24,33,45,56,59,75,100,123] [18,30,32,35,57,72,81,114] [0,2,17,47,50,62,85,100] [4,31,36,54,58,68,75,90] [3,11,48,53,54,56,65,103] [4,21,35,64,75,85,89,94] [8,31,38,47,60,73,78,125] [4,12,14,68,74,81,107,125] [2,11,19,28,37,87,122,127] [28,48,54,62,65,89,97,101] [11,18,26,50,57,108,122,123] [24,36,52,58,88,112,122,126] [7,33,45,48,58,59,75,123] [16,18,30,57,81,108,114,125] [0,13,41,50,85,90,92,100] [4,26,27,31,36,51,68,99] [1,3,53,54,56,94,95,103] [21,35,52,61,85,89,94,108] [8,26,31,33,35,47,91,110] [4,12,14,15,55,81,105,107] [2,8,15,17,28,49,75,122] [0,28,54,65,76,89,91,115] [11,18,50,57,73,77,81,82] [17,20,24,50,52,69,76,116] [47,53,58,62,75,94,96,122] [3,6,11,29,67,94,102,104] [2,29,45,77,87,95,114,117] [1,20,32,37,71,76,93,123] [4,14,25,44,74,82,92,107]
Token 125: [40,43,52,65,72,73,98,100] [18,38,63,70,94,100,122,127] [38,40,57,82,84,88,99,109] [6,31,71,85,86,101,108,116] [7,11,52,76,85,106,115,119] [37,59,61,64,66,73,97,125] [27,35,76,83,105,107,112,126] [18,24,49,59,75,88,100,112] [9,18,57,65,72,81,84,121] [0,9,19,49,85,110,122,125] [3,26,31,36,61,68,78,90] [1,3,24,53,54,93,95,103] [21,35,56,65,78,85,89,99] [26,31,33,58,80,91,110,122] [4,12,20,32,81,100,104,110] [2,11,16,31,41,49,101,120] [42,62,65,76,81,89,97,115] [11,18,33,42,55,99,105,123] [8,24,44,81,112,116,122,126] [24,59,75,101,106,112,119,123] [16,35,53,57,66,72,81,114] [0,2,13,49,50,85,98,125] [27,31,36,47,51,56,68,90] [3,32,53,54,56,65,103,107] [21,23,28,35,64,75,85,89] [8,15,31,33,38,47,73,110] [4,14,22,32,63,100,104,126] [2,12,16,28,37,120,125,127] [39,48,62,65,73,89,97,101] [11,18,55,57,105,108,118,123] [24,26,52,58,78,105,115,126] [24,43,48,59,75,112,119,123] [16,30,65,72,81,111,121,125] [0,2,13,16,50,85,100,125] [4,26,27,31,56,68,78,90] [3,23,53,54,56,95,103,125] [21,35,61,65,75,85,89,96] [26,31,33,47,58,91,103,110] [4,32,55,81,85,100,104,107] [2,17,40,49,52,59,70,85] [45,48,54,65,81,89,115,124] [1,18,21,42,48,55,69,105] [23,24,31,32,64,68,80,115] [31,37,46,77,78,88,100,104] [6,8,53,73,90,94,98,104] [22,27,32,45,87,94,101,114] [5,11,34,38,52,55,97,118] [20,57,73,74,77,86,105,109]
Token 126: [14,21,50,57,75,103,106,110] [3,6,9,28,62,80,95,122] [12,41,84,90,115,122,125,127] [4,20,39,71,87,95,117,127] [11,50,56,57,58,64,83,119] [18,47,51,68,73,105,110,119] [26,39,58,63,107,112,116,126] [24,33,36,59,82,88,94,100] [18,36,38,45,67,72,109,114] [0,32,49,80,85,98,122,125] [3,29,31,36,59,68,78,90] [3,48,53,54,63,93,103,109] [8,21,23,24,65,73,108,125] [26,31,33,66,83,91,110,118] [4,16,42,63,81,92,105,110] [2,11,16,17,49,72,84,103] [42,48,65,81,89,97,115,119] [1,13,18,55,75,82,90,99] [24,26,44,63,112,116,122,126] [24,59,62,75,106,112,119,123] [5,9,35,57,66,72,109,114] [0,13,49,50,85,98,122,125] [3,31,36,48,51,68,78,90] [4,26,32,53,54,56,103,109] [21,23,24,28,35,47,79,89] [31,66,73,80,91,110,118,119] [4,16,42,63,89,105,107,110] [0,2,8,12,59,72,90,120] [12,48,65,82,89,91,98,119] [13,18,68,77,78,99,120,123] [3,26,34,52,58,63,115,126] [24,33,36,59,62,75,100,106] [36,57,72,74,90,101,111,114] [2,13,32,49,50,81,85,96] [26,31,36,51,68,90,112,115] [3,21,53,54,63,64,103,109] [20,21,23,24,73,75,85,125] [26,31,66,73,82,91,110,118] [3,16,53,55,81,105,107,110] [2,16,17,31,40,64,72,120] [12,80,89,91,115,119,122,127] [2,66,78,80,82,90,103,124] [18,23,27,68,76,80,102,115] [6,11,29,36,46,87,100,104] [6,20,27,29,48,69,98,104] [22,27,32,45,58,70,104,114] [36,52,55,60,63,68,115,117] [36,47,66,71,86,88,120,123]
Token 127: [28,51,83,87,91,112,124,125] [9,16,28,29,45,48,68,122] [4,36,42,56,67,76,100,125] [3,12,70,73,100,101,112,114] [7,11,28,37,38,50,83,119] [4,10,35,63,74,87,93,110] [46,63,87,104,111,112,116,118] [2,19,33,44,82,94,100,106] [15,18,45,67,72,86,90,123] [0,32,66,68,80,85,102,125] [6,18,36,68,69,103,109,111] [3,22,28,30,36,48,53,60] [2,23,28,41,57,65,73,85] [13,33,35,82,91,106,110,119] [4,16,29,38,63,66,69,102] [2,17,40,49,50,72,79,117] [42,48,65,80,94,110,115,122] [13,18,46,75,82,90,94,122] [46,58,63,87,104,112,116,119] [2,32,33,44,82,94,100,106] [5,18,45,72,86,90,108,114] [0,2,32,50,66,80,92,111] [10,36,75,94,102,103,109,111] [4,14,17,31,48,52,65,117] [19,20,28,41,85,108,111,125] [23,34,35,50,73,91,110,119] [4,16,72,83,89,103,109,110] [2,5,50,51,72,79,99,111] [48,60,65,89,91,94,110,122] [4,13,37,46,89,94,99,120] [13,34,39,58,63,112,116,126] [2,24,33,56,60,82,94,100] [5,15,18,36,72,90,114,127] [0,2,32,63,65,80,115,123] [5,10,26,36,42,50,75,109] [11,21,31,48,52,60,64,65] [19,20,26,28,34,73,85,101] [2,13,35,68,82,91,106,125] [3,16,22,55,72,102,103,110] [16,17,40,51,64,72,79,84] [14,60,80,91,94,115,122,127] [36,46,52,78,81,94,103,122] [8,23,24,49,68,80,90,125] [12,19,46,49,75,80,100,125] [6,11,23,45,88,98,99,104] [5,17,22,26,45,76,112,114] [14,29,30,39,52,81,104,105] [15,35,71,95,111,114,121,127]
