MODEL: qwen3_30b
TOKEN_COUNT: 128
ACTIVE_EXPERTS: 8
================================================================================
PROMPT TEXT:
The game takes place during the Second Europan War . Gallian Army Squad 422 , also known as " The Nameless " , are a penal military unit composed of criminals , foreign deserters , and military offenders whose real names are erased from the records and thereon officially referred to by numbers . Ordered by the Gallian military to perform the most dangerous missions that the Regular Army and Militia will not do , they are nevertheless up to the task , exemplified by their motto , <unk> <unk> , meaning " Always Ready . " The three main characters are No.7 Kurt Irving , an army officer falsely accused of treason who wishes to redeem himself ; Ace No.1 Imca , a female Darcsen heavy weapons specialist who seeks revenge against the Valkyria who destroyed her home ; and No.13 Riela <unk> , a seemingly jinxed young woman who is unknowingly a descendant of the Valkyria . Together with their fellow squad members , these three are tasked to fight against a mysterious Imperial unit known as Calamity Raven , consisting of mostly Darcsen soldiers .
================================================================================
GENERATED TEXT:
 The game 's story is divided into three acts : the first act is the squad 's mission to destroy the Imperial 's secret base in the northern region of Gallia , the second act is the squad 's mission to stop the Imperial 's plan to launch a nuclear weapon at the Gallian capital , and the third act is the squad 's final battle against the Imperial 's superweapon , the Calamity Raven . The game is set in a fictional world of Europan history and is inspired by the real - world events of the Second World War . The game 's setting is a world where the concept of " Valk
================================================================================
EXPERT TRACE (Per token, list of layer expert IDs):
================================================================================
Token   0: [14,21,50,51,57,103,106,110] [3,6,9,28,48,62,95,122] [36,41,46,84,90,100,122,125] [4,39,56,71,78,118,123,127] [11,50,56,57,63,67,86,113] [18,45,47,51,68,103,105,110] [23,54,56,63,86,104,109,127] [1,32,33,45,48,82,106,109] [36,44,61,67,72,109,116,127] [0,32,49,65,80,81,97,99] [18,25,29,30,50,53,113,123] [21,48,60,67,69,96,109,115] [2,15,24,34,56,65,79,115] [10,23,26,28,66,73,98,106] [3,16,48,57,90,109,110,115] [16,17,40,59,66,72,85,91] [1,78,80,81,89,115,119,124] [1,2,18,19,77,82,103,112] [34,56,58,63,87,104,105,124] [3,32,45,49,82,100,106,112] [38,44,65,84,86,116,121,127] [0,9,49,80,96,110,111,125] [18,30,50,56,61,69,98,105] [23,24,49,54,60,61,96,125] [2,15,34,65,79,96,99,115] [15,23,26,28,58,82,104,106] [3,17,38,48,53,57,109,115] [16,17,32,40,49,70,101,120] [1,14,78,80,81,89,119,124] [1,21,66,72,80,82,83,103] [34,56,63,83,87,104,105,116] [3,44,45,75,82,100,106,112] [9,38,65,67,86,109,123,127] [32,65,68,80,102,111,122,125] [7,30,50,69,78,94,98,103] [4,7,53,60,63,96,99,109] [2,24,42,65,73,92,114,115] [10,20,23,66,82,98,104,106] [3,8,16,23,55,90,105,115] [4,16,17,40,50,61,72,103] [12,14,43,55,78,80,115,119] [2,9,20,35,66,78,103,112] [16,18,27,80,93,102,115,123] [6,29,36,44,46,65,87,104] [6,20,27,48,69,81,98,104] [12,22,27,58,70,80,114,123] [22,52,55,60,98,115,117,127] [36,47,66,85,86,88,120,123]
Token   1: [28,51,83,87,91,112,124,125] [9,16,29,48,67,68,74,122] [4,23,36,67,76,100,125,126] [4,12,61,70,73,92,101,112] [7,11,27,50,57,67,101,104] [10,18,63,74,87,103,110,115] [23,54,63,66,71,86,104,111] [1,32,33,45,73,82,100,106] [15,20,44,67,83,86,123,127] [32,35,59,65,68,80,96,102] [18,30,50,82,88,91,103,109] [8,16,39,42,53,89,96,97] [2,4,14,26,34,114,115,127] [10,41,57,73,82,101,106,112] [3,16,23,47,53,60,90,102] [16,17,31,40,72,82,89,91] [1,14,30,60,78,80,108,110] [27,36,46,64,77,94,100,103] [46,63,66,103,104,116,119,124] [32,33,44,45,73,82,100,106] [38,44,67,86,94,101,123,127] [7,17,35,65,68,80,102,111] [18,23,30,50,82,94,109,124] [18,22,42,53,60,96,99,115] [0,2,4,14,26,34,115,127] [18,41,57,62,82,104,106,112] [3,38,53,55,60,71,102,109] [16,17,32,40,61,72,89,126] [1,14,30,60,80,94,108,110] [1,4,36,46,82,94,100,103] [3,46,56,63,104,116,118,119] [3,33,44,56,73,82,100,106] [15,20,38,44,67,86,95,127] [32,35,57,65,68,80,102,111] [18,23,30,36,50,69,98,103] [18,22,42,60,69,89,96,115] [2,9,14,26,42,73,103,115] [10,18,41,57,76,82,91,106] [3,8,16,55,60,69,80,102] [16,40,51,56,60,61,120,126] [15,55,60,80,94,108,110,115] [15,36,46,52,64,78,103,122] [8,24,49,73,74,80,90,125] [12,19,46,49,80,104,121,125] [6,11,23,45,88,98,99,104] [17,22,26,46,58,76,112,114] [5,29,30,39,52,80,81,105] [15,35,71,74,95,111,121,127]
Token   2: [72,76,95,100,102,110,119,122] [12,62,64,70,94,100,106,122] [30,40,75,77,87,94,99,125] [13,25,61,73,82,101,103,105] [11,50,52,63,86,92,118,126] [2,17,25,33,37,59,64,103] [34,35,46,47,53,63,71,107] [2,18,24,45,62,82,106,109] [22,53,67,72,86,99,102,127] [0,17,19,32,55,80,87,111] [16,18,26,30,57,58,98,103] [3,5,20,21,52,53,59,96] [2,8,21,56,65,85,105,115] [0,58,73,78,81,91,103,122] [1,3,38,53,67,81,109,110] [16,31,40,49,52,59,70,93] [65,78,80,81,89,103,105,115] [1,18,42,55,77,78,82,99] [13,24,26,34,44,63,70,116] [8,18,24,45,59,62,106,109] [5,22,38,45,53,65,72,127] [0,2,49,55,80,96,111,122] [9,16,19,26,57,68,78,98] [3,5,7,52,54,60,96,125] [2,8,9,21,56,65,96,105] [0,26,47,58,78,81,103,104] [1,4,38,55,81,92,100,110] [16,31,49,52,59,70,120,127] [39,42,48,81,89,103,105,115] [1,18,21,42,55,80,82,99] [13,26,34,53,63,71,107,122] [8,18,24,56,59,62,75,109] [26,29,38,45,53,57,72,114] [0,2,19,49,55,69,87,96] [3,9,16,26,57,68,98,116] [3,5,7,14,28,52,59,96] [8,18,21,56,59,65,105,126] [0,47,52,78,81,91,103,104] [1,32,55,81,86,92,110,125] [0,16,25,31,52,59,70,72] [11,34,35,65,70,89,103,115] [6,18,21,46,72,82,103,123] [4,24,50,58,66,70,77,111] [2,18,56,69,75,82,96,98] [5,6,11,16,42,62,70,99] [26,29,38,48,52,76,94,95] [5,9,17,43,54,76,84,106] [8,23,48,65,74,92,109,110]
Token   3: [32,46,48,49,58,72,78,118] [2,12,34,62,93,107,122,123] [14,40,51,77,90,100,115,125] [13,37,73,82,101,110,116,125] [11,23,38,50,57,59,63,101] [18,45,55,59,74,99,105,107] [13,22,46,56,63,86,100,104] [2,32,33,45,73,82,100,106] [36,44,64,67,72,86,90,127] [0,32,49,65,66,80,99,102] [16,18,30,50,69,88,103,113] [8,59,69,79,86,96,109,115] [2,26,32,34,42,114,115,125] [2,10,66,68,78,82,106,113] [3,8,16,53,55,90,102,105] [16,17,40,60,61,72,91,120] [11,14,43,60,78,80,84,119] [2,20,35,66,94,103,107,112] [13,46,47,56,63,64,86,104] [2,3,32,33,45,73,82,106] [5,15,36,44,64,67,86,127] [0,22,32,65,80,99,102,111] [18,30,41,50,69,98,103,113] [8,20,59,69,89,96,109,115] [2,26,34,42,73,114,115,125] [2,10,66,78,82,98,104,106] [3,8,53,55,99,102,105,115] [16,17,40,56,61,72,91,120] [1,11,14,30,60,78,80,119] [2,35,66,83,94,103,112,120] [3,34,46,63,66,86,104,119] [2,3,33,44,56,73,82,106] [44,67,86,90,95,101,123,127] [22,49,65,68,80,99,102,111] [30,41,50,69,88,98,103,113] [20,59,64,69,85,89,109,115] [2,9,26,42,73,114,115,125] [2,10,66,68,78,82,106,113] [3,8,55,69,90,102,105,115] [3,17,31,40,56,61,72,91] [43,51,78,80,115,119,126,127] [2,9,20,35,66,78,103,112] [18,25,27,80,93,98,102,123] [6,29,36,46,65,87,91,104] [6,14,20,27,48,81,98,104] [12,22,37,45,63,70,80,114] [22,52,55,60,80,98,115,117] [36,47,66,71,85,88,120,123]
Token   4: [0,23,28,41,62,87,124,125] [25,29,38,45,67,73,77,122] [4,36,59,73,76,125,126,127] [12,13,15,24,40,62,70,92] [11,27,47,50,57,60,77,104] [10,18,48,74,83,87,115,117] [3,34,46,63,66,86,104,116] [32,33,69,73,82,100,106,110] [6,20,67,86,90,118,123,127] [35,49,65,80,81,96,99,106] [18,30,41,50,88,89,95,109] [16,39,55,64,82,89,96,115] [34,42,80,95,103,114,115,125] [10,41,68,82,85,106,109,123] [3,23,47,53,60,99,102,109] [16,17,40,56,72,77,79,91] [1,14,60,78,80,94,110,126] [36,46,64,83,93,94,103,107] [23,54,56,63,65,66,86,104] [3,32,33,45,73,82,106,110] [44,67,86,95,101,116,123,124] [22,35,62,65,71,80,96,99] [18,30,41,50,95,98,109,124] [16,18,42,55,89,96,97,115] [2,14,25,34,42,73,114,115] [10,29,57,62,82,104,106,120] [3,8,47,55,60,71,99,102] [16,17,40,56,72,77,91,120] [1,14,60,78,80,94,110,114] [4,6,36,46,68,83,92,103] [3,56,63,75,86,104,110,118] [3,32,33,45,73,82,100,106] [0,20,67,86,95,101,116,118] [22,35,62,65,80,99,106,123] [30,41,50,69,89,95,109,113] [18,42,55,64,69,85,89,115] [0,2,19,42,73,80,103,115] [10,16,41,57,62,76,82,106] [3,8,47,55,60,71,80,102] [20,31,40,51,56,60,61,77] [44,60,78,80,94,108,110,115] [15,36,46,52,64,80,103,106] [8,23,24,49,73,80,90,125] [12,19,49,74,80,104,121,125] [6,23,45,72,88,98,99,104] [5,17,22,26,46,76,112,114] [29,30,39,52,80,81,96,105] [15,35,52,95,111,114,121,127]
Token   5: [16,38,47,53,66,104,107,120] [34,45,62,67,77,86,107,122] [14,40,59,84,87,116,125,126] [12,13,25,56,76,89,90,101] [0,11,23,25,58,74,77,104] [17,18,45,68,80,103,107,125] [8,34,56,63,75,86,110,116] [45,50,51,60,73,82,87,106] [64,67,72,86,95,99,116,127] [0,22,45,49,65,80,94,99] [14,18,30,50,53,98,108,113] [8,67,69,86,89,96,115,120] [42,53,56,85,95,97,115,116] [10,16,21,44,75,82,98,106] [3,8,53,57,79,80,99,109] [6,16,40,56,60,68,91,95] [1,7,40,60,78,80,81,89] [1,15,52,53,93,99,103,107] [13,34,56,63,64,86,104,116] [3,32,45,75,82,87,100,106] [36,44,64,65,95,116,124,127] [0,22,65,80,94,99,111,114] [14,19,30,50,69,98,113,121] [8,20,54,63,64,69,89,115] [2,34,42,53,65,73,80,115] [16,21,26,44,82,91,98,106] [3,4,8,55,57,80,99,115] [16,17,40,56,60,91,99,120] [7,14,40,60,75,78,80,114] [6,15,52,53,83,103,106,117] [54,56,63,75,86,89,104,110] [3,32,33,45,60,73,82,106] [33,47,64,67,86,95,116,127] [22,49,76,80,94,99,111,113] [14,30,45,50,69,98,108,113] [33,64,67,69,86,89,115,120] [2,9,42,53,73,80,95,115] [10,21,44,75,76,78,82,106] [3,8,34,55,57,79,80,99] [6,31,40,56,60,61,91,120] [7,15,40,60,78,80,115,127] [6,15,52,53,80,103,106,117] [22,24,37,59,73,80,123,125] [8,36,43,49,81,104,112,124] [6,27,37,45,54,80,81,104] [22,37,46,63,80,112,114,123] [22,39,52,55,80,82,105,124] [27,32,34,35,52,71,90,95]
Token   6: [0,3,28,29,30,62,67,126] [11,67,74,78,86,99,114,122] [69,70,73,87,119,121,125,126] [1,11,25,26,43,76,78,101] [0,11,39,57,74,77,104,116] [11,18,45,54,56,60,78,80] [34,46,55,63,64,71,86,104] [3,33,69,73,82,87,103,106] [24,27,44,64,67,86,95,127] [45,49,65,80,94,96,104,114] [14,18,30,45,50,83,108,113] [15,39,58,67,68,86,89,115] [34,42,53,54,95,115,116,121] [10,21,24,44,49,68,75,106] [3,8,28,29,53,62,74,96] [26,40,56,61,79,91,117,120] [1,14,40,60,78,80,111,114] [4,27,53,84,93,103,107,121] [34,36,56,63,64,86,104,115] [3,9,32,45,73,82,87,106] [3,36,64,67,86,95,116,127] [45,62,68,80,94,99,106,114] [18,30,45,50,60,69,98,113] [20,68,69,83,86,89,96,115] [9,34,42,53,73,95,115,118] [10,24,29,44,49,82,104,106] [3,8,9,53,55,62,69,96] [16,17,40,56,61,91,98,120] [1,14,30,78,80,101,111,114] [6,53,77,84,103,107,121,126] [3,34,54,56,63,86,104,115] [3,32,33,58,82,100,103,106] [3,35,64,67,95,101,125,127] [49,62,68,80,94,104,111,114] [14,30,45,50,69,98,113,120] [15,21,68,85,86,89,102,115] [2,9,42,53,54,73,95,115] [10,24,29,44,49,91,95,106] [3,8,29,55,62,96,103,109] [31,40,56,61,83,91,106,120] [1,29,77,78,80,111,115,123] [0,53,63,65,80,84,103,121] [8,20,23,24,28,55,75,80] [2,16,47,58,72,100,104,121] [6,13,27,32,72,80,104,110] [5,12,22,47,63,83,87,114] [5,10,45,52,74,76,96,104] [11,27,31,54,71,74,90,127]
Token   7: [43,61,69,80,81,93,97,101] [41,47,57,83,85,86,116,124] [62,69,72,87,116,117,125,126] [1,5,11,19,26,85,101,114] [0,7,11,39,51,74,91,104] [2,18,45,54,56,74,80,111] [13,34,46,63,75,86,104,115] [3,33,69,72,73,82,103,106] [3,27,28,39,64,67,86,125] [45,48,49,57,62,80,99,114] [14,18,25,30,45,50,83,86] [15,46,47,58,67,86,110,115] [9,34,68,69,85,95,102,115] [10,21,24,44,68,85,106,121] [28,29,36,44,53,69,96,99] [3,17,40,50,56,82,91,120] [1,14,43,78,80,114,121,126] [14,27,53,77,97,103,107,121] [23,63,66,86,104,115,119,124] [1,4,27,32,44,45,82,106] [3,44,47,64,67,86,101,127] [62,67,71,80,97,99,111,114] [7,14,18,25,30,45,50,94] [33,60,67,85,90,96,99,115] [2,4,34,46,95,115,118,127] [44,51,99,104,106,112,117,121] [3,23,28,44,53,69,96,109] [3,17,40,82,83,89,91,121] [1,14,78,80,101,105,114,121] [1,27,45,77,82,112,121,126] [3,23,63,86,89,104,109,115] [1,27,32,33,45,58,82,106] [3,32,35,67,95,101,123,125] [17,57,62,76,80,97,99,104] [14,25,30,45,58,69,83,94] [13,33,58,67,85,86,96,102] [4,9,50,68,69,73,95,115] [24,29,44,85,99,106,121,126] [3,28,29,55,84,96,101,109] [3,31,40,61,83,91,100,120] [4,20,78,80,105,115,121,126] [5,14,30,45,80,83,97,126] [12,21,23,65,80,93,101,119] [4,6,36,46,58,66,87,104] [6,14,20,27,54,71,104,121] [12,22,45,70,71,80,103,114] [52,55,63,67,68,77,98,115] [32,34,47,66,71,88,117,123]
Token   8: [7,30,34,50,51,61,80,123] [22,60,65,75,85,89,99,116] [8,45,70,72,90,122,125,126] [12,45,69,77,81,91,117,126] [0,4,11,57,67,86,87,104] [18,30,45,54,77,93,105,110] [34,54,63,77,86,89,104,115] [3,32,33,45,69,73,82,106] [2,3,35,38,67,101,123,125] [49,62,68,80,99,100,104,114] [18,27,30,45,50,80,83,99] [15,33,45,46,50,86,115,120] [9,34,46,68,95,115,118,121] [10,44,66,67,102,106,113,126] [3,8,36,53,68,69,96,99] [3,17,37,40,56,75,91,120] [1,14,43,51,78,80,101,114] [2,11,35,57,66,107,121,126] [3,23,54,63,65,86,104,115] [3,32,45,69,73,82,100,106] [3,35,61,67,86,95,101,123] [24,62,71,80,99,100,104,114] [2,18,27,30,45,50,99,100] [33,45,50,59,83,86,89,115] [2,9,32,34,64,73,95,118] [8,44,45,66,67,102,106,113] [3,44,53,57,68,69,96,99] [17,37,40,82,89,91,120,121] [1,14,51,78,80,101,114,126] [2,11,35,57,66,77,112,126] [3,23,46,54,63,86,104,115] [32,33,45,58,73,82,100,106] [30,35,67,77,95,101,123,125] [49,62,68,80,99,100,104,114] [25,27,30,45,69,80,94,99] [33,45,50,56,86,94,96,115] [9,34,42,64,95,115,117,118] [8,10,66,67,99,102,106,113] [3,8,55,58,68,69,96,99] [3,37,40,61,89,91,100,120] [1,51,78,80,101,114,115,126] [2,9,11,35,57,66,103,126] [18,23,80,86,93,98,102,123] [6,16,36,58,81,87,100,104] [3,6,20,27,48,72,104,121] [12,20,22,45,70,80,103,114] [22,52,55,68,80,94,98,115] [26,36,47,66,88,103,107,123]
Token   9: [23,28,41,52,80,120,124,126] [16,29,65,67,74,85,89,122] [4,25,36,59,67,76,115,125] [45,51,81,86,91,93,104,106] [5,11,27,28,60,68,101,109] [0,11,18,39,48,56,74,83] [47,63,66,71,86,104,111,124] [7,32,44,69,73,82,106,113] [0,2,29,67,101,122,123,125] [35,62,68,80,100,104,109,114] [18,30,45,50,80,99,109,116] [16,36,38,45,64,73,95,97] [16,34,38,85,95,103,115,117] [10,36,41,51,85,106,109,123] [3,18,44,47,68,69,99,109] [17,20,40,50,77,91,106,119] [14,46,77,78,80,110,114,115] [0,11,36,54,65,68,103,120] [3,54,63,65,66,86,104,115] [3,32,33,45,73,82,100,106] [3,35,67,86,95,101,105,116] [17,35,62,71,80,97,100,114] [18,27,30,45,50,80,99,109] [16,42,45,73,85,95,96,97] [0,2,34,38,64,95,103,117] [36,41,45,57,62,106,109,123] [3,18,26,47,55,68,69,71] [17,20,37,40,77,89,106,120] [14,35,44,77,78,80,101,114] [0,11,36,54,65,68,77,88] [3,54,56,63,86,104,115,118] [3,32,33,45,47,73,82,106] [20,35,67,95,101,116,125,127] [35,40,62,80,99,100,104,114] [30,45,69,70,95,99,109,124] [16,25,42,45,73,89,95,97] [0,38,73,95,103,112,115,117] [10,36,41,57,62,106,109,123] [3,18,22,26,47,55,60,68] [17,20,37,40,51,61,106,107] [29,44,77,78,80,109,110,115] [0,11,54,63,64,65,80,115] [8,24,25,49,70,80,87,126] [8,47,49,61,100,104,121,125] [6,11,23,32,37,80,104,110] [5,22,47,76,83,87,114,119] [1,5,10,33,52,82,123,124] [15,31,44,74,82,90,92,127]
Token  10: [8,65,72,98,100,102,119,121] [18,70,79,94,100,108,122,127] [40,78,84,87,88,99,113,125] [12,37,45,47,82,89,93,104] [11,52,76,77,79,106,115,118] [33,45,54,59,61,66,82,125] [34,35,47,56,63,71,83,105] [3,45,49,73,82,106,109,112] [44,67,84,99,102,116,121,127] [0,9,45,62,80,104,110,114] [30,45,50,61,73,83,105,116] [24,26,49,61,67,69,90,115] [15,34,56,65,95,99,115,116] [6,10,15,28,32,58,79,106] [3,8,17,20,48,55,69,109] [16,23,31,40,85,91,101,120] [8,73,80,81,105,114,115,124] [1,42,53,69,72,99,103,120] [8,34,56,58,63,64,105,115] [3,32,33,45,49,82,106,112] [35,65,67,84,90,116,121,127] [0,9,62,80,110,114,122,125] [30,45,50,61,73,98,105,113] [23,24,49,61,69,89,96,115] [2,9,15,34,73,95,99,115] [6,15,26,28,32,47,58,106] [3,4,17,20,48,55,100,109] [16,31,40,61,70,85,101,127] [14,73,78,80,81,105,114,124] [1,19,42,53,55,77,80,83] [3,13,35,56,63,105,107,115] [3,32,33,45,49,75,82,106] [3,10,67,84,95,101,121,127] [9,45,51,62,80,99,110,114] [25,30,57,69,73,98,105,116] [24,26,49,61,67,89,90,95] [9,15,65,73,95,99,107,115] [6,10,15,28,32,58,78,106] [17,20,23,48,55,86,90,100] [17,23,40,85,89,91,101,127] [8,73,78,80,81,105,115,124] [19,21,42,48,53,69,72,77] [21,24,31,39,64,80,113,115] [31,36,46,58,77,88,100,104] [0,6,27,53,73,81,90,104] [22,27,32,82,87,101,114,123] [5,22,52,55,63,68,98,118] [20,57,73,74,85,86,109,117]
Token  11: [14,22,46,51,57,103,106,110] [3,6,9,23,48,65,116,122] [61,70,87,88,90,122,123,125] [2,5,37,47,56,64,94,99] [11,56,63,67,77,79,89,118] [2,18,45,47,51,83,105,110] [3,54,63,86,100,104,111,115] [1,32,45,73,82,95,100,106] [3,28,67,99,101,109,122,123] [32,45,48,62,80,81,97,99] [14,18,30,73,80,83,100,123] [26,46,67,79,109,115,120,122] [9,34,52,68,95,107,114,115] [10,21,66,79,85,98,106,113] [3,16,44,55,69,99,101,105] [3,17,23,26,40,50,87,91] [1,12,14,43,78,105,114,119] [2,35,53,66,72,88,107,121] [13,23,63,64,66,86,100,104] [1,32,45,48,82,95,100,106] [3,44,47,67,95,101,105,122] [1,17,62,71,80,97,99,114] [18,25,30,50,69,73,80,83] [30,67,79,82,89,109,115,122] [2,9,34,46,50,64,95,115] [10,32,66,78,79,101,106,107] [3,16,23,44,55,69,99,105] [3,17,23,40,82,89,91,121] [12,14,75,78,105,114,119,127] [2,9,35,66,77,103,106,121] [14,23,63,65,86,100,104,115] [1,3,5,32,45,48,82,100] [32,44,47,67,101,105,108,123] [32,45,62,71,76,80,97,99] [18,25,30,69,73,80,83,94] [26,30,33,59,67,89,109,122] [2,9,46,52,73,87,107,114] [10,66,78,79,82,98,106,113] [10,16,23,44,55,90,101,105] [17,23,31,34,40,72,89,91] [12,14,78,80,102,105,115,119] [2,9,35,66,90,103,112,121] [18,27,55,80,93,102,115,123] [6,29,36,44,46,65,87,104] [6,20,27,48,56,69,81,104] [12,20,22,27,32,70,80,114] [22,52,55,68,80,98,115,117] [36,47,66,71,86,88,120,123]
Token  12: [7,21,28,34,40,51,63,87] [16,23,48,65,67,75,116,122] [8,36,65,70,90,100,112,125] [12,37,47,64,77,93,94,112] [10,11,30,50,56,57,87,95] [18,30,45,47,68,71,83,105] [3,54,56,63,86,104,109,115] [3,32,33,45,73,82,95,106] [3,4,35,36,67,101,123,127] [17,26,32,45,62,65,80,99] [15,18,30,50,80,83,100,127] [33,50,75,79,109,115,120,122] [52,54,64,95,101,115,118,125] [8,10,63,66,85,98,102,113] [3,8,55,64,68,69,101,109] [17,33,40,50,54,61,72,87] [1,10,14,51,78,101,114,119] [2,4,46,66,77,88,103,126] [23,56,63,64,104,111,115,116] [3,32,33,45,82,95,100,106] [3,4,35,44,67,86,90,101] [17,32,62,65,71,80,99,114] [15,18,27,30,33,50,80,127] [20,33,50,56,85,89,120,122] [2,9,34,50,54,64,95,115] [8,10,47,66,71,91,102,106] [3,16,44,55,64,68,69,109] [17,33,40,54,61,72,83,120] [10,14,60,78,80,101,114,115] [2,4,46,53,77,88,103,126] [3,12,13,56,63,86,104,115] [3,32,33,45,48,82,100,106] [3,4,35,47,67,95,101,105] [17,32,33,62,65,80,99,111] [15,18,27,30,69,80,100,127] [30,33,50,56,85,89,115,122] [2,9,34,42,52,64,73,95] [8,10,16,63,66,98,102,106] [3,23,44,55,64,68,69,71] [17,33,37,40,54,60,83,120] [51,60,78,80,101,108,115,119] [2,15,36,46,53,66,103,126] [23,24,38,77,80,86,98,125] [12,16,19,43,49,58,104,121] [3,6,27,37,45,80,88,99] [5,17,20,22,32,46,112,114] [30,52,68,80,81,94,98,117] [15,21,26,31,35,95,111,127]
Token  13: [23,28,29,62,66,72,80,126] [16,29,59,63,85,89,113,122] [4,25,36,49,64,67,76,125] [45,51,70,77,86,92,93,104] [11,27,50,51,77,97,101,104] [10,18,30,31,48,71,74,83] [23,48,63,66,86,104,111,118] [1,3,44,45,69,73,82,106] [3,18,20,35,67,95,101,123] [17,32,35,62,68,80,100,114] [15,27,30,50,80,100,109,127] [16,33,42,64,73,89,95,122] [7,28,32,34,52,64,101,115] [8,10,41,62,68,71,85,106] [3,13,36,68,69,83,90,99] [17,40,50,77,79,91,106,111] [1,14,78,80,101,110,114,126] [4,46,54,64,77,88,93,103] [3,23,63,65,66,104,109,111] [1,3,9,32,45,79,82,106] [3,18,35,44,67,95,101,123] [17,35,62,71,80,97,99,114] [15,18,27,30,50,80,109,127] [16,42,56,73,89,95,97,122] [0,2,7,34,50,64,101,115] [8,41,51,57,62,106,109,123] [3,44,55,60,69,71,73,109] [16,17,40,79,82,111,120,126] [14,44,60,78,80,108,110,114] [15,17,46,64,77,88,103,121] [3,23,56,63,65,104,115,118] [1,3,32,33,45,50,82,106] [18,20,35,44,47,67,95,101] [32,35,62,80,97,99,106,111] [15,18,23,30,69,109,124,127] [25,30,42,55,73,85,89,122] [0,2,9,42,52,64,103,115] [8,10,16,18,41,57,62,106] [3,23,26,47,55,60,71,80] [1,17,20,40,60,61,91,120] [44,60,78,80,108,109,110,115] [11,15,36,46,52,54,64,103] [8,24,49,52,73,80,90,125] [12,19,43,49,74,104,121,125] [6,13,23,27,45,80,88,99] [5,17,22,46,63,76,112,114] [22,29,30,39,52,80,81,105] [31,35,52,71,74,95,111,127]
Token  14: [16,18,53,61,104,107,118,120] [33,34,56,86,107,113,115,122] [14,36,50,67,87,107,116,125] [5,12,19,25,29,51,89,93] [0,11,23,25,63,77,118,124] [30,45,47,68,71,74,80,107] [13,34,56,63,75,86,96,115] [45,50,60,69,73,82,87,106] [3,35,36,64,67,99,101,127] [45,57,62,80,94,99,114,117] [14,30,50,80,83,100,113,127] [8,64,67,86,89,115,120,122] [7,9,34,52,53,95,107,115] [10,16,21,44,75,85,91,98] [3,8,29,55,69,79,80,101] [23,26,40,50,60,61,79,88] [7,40,53,60,78,80,105,114] [4,15,52,53,88,103,107,122] [3,13,56,63,65,86,104,115] [1,3,32,45,82,87,95,106] [3,5,35,64,90,95,101,116] [45,62,80,91,92,94,99,114] [14,18,30,50,60,80,83,113] [67,86,89,95,96,115,120,122] [7,9,34,53,64,73,95,115] [10,13,16,21,29,32,44,106] [3,44,55,57,69,80,99,101] [1,16,17,23,40,60,82,91] [7,14,40,60,75,78,80,114] [15,53,77,97,103,106,112,121] [23,63,65,86,100,104,110,115] [1,3,5,32,33,45,82,106] [35,44,47,64,67,95,101,105] [45,62,71,80,94,97,99,111] [2,14,18,25,30,69,80,83] [33,59,67,85,86,89,115,122] [2,9,42,50,53,73,87,115] [10,21,29,32,44,75,78,106] [3,8,23,44,55,69,79,80] [1,17,23,40,60,61,91,120] [7,14,40,60,78,80,105,115] [1,15,52,53,103,106,117,121] [23,24,37,59,73,80,123,125] [4,36,43,44,46,49,81,104] [3,6,27,37,45,54,80,81] [22,27,32,46,63,80,112,114] [22,39,52,55,80,82,105,124] [32,34,35,74,86,90,95,117]
Token  15: [0,14,51,57,101,103,106,127] [3,9,48,86,113,116,122,126] [14,36,67,70,87,90,122,125] [5,9,12,19,26,76,93,94] [0,11,47,63,77,86,102,118] [11,18,30,45,51,71,80,105] [3,34,63,75,86,100,109,115] [3,32,45,69,73,82,100,106] [3,28,35,44,67,99,101,109] [22,32,45,48,62,80,99,114] [2,14,18,25,30,80,83,100] [33,47,67,89,90,109,115,122] [9,32,34,60,68,95,115,125] [10,21,32,44,66,79,107,113] [16,44,55,57,69,99,101,105] [3,4,17,23,26,40,50,91] [12,14,40,43,78,80,114,119] [2,35,53,66,103,106,107,121] [13,23,36,63,65,86,100,104] [1,4,26,32,45,48,82,106] [3,33,44,47,67,101,105,122] [22,32,48,62,71,80,97,99] [14,18,25,30,60,74,80,83] [33,47,67,82,89,109,115,122] [2,32,34,42,46,68,87,115] [10,44,66,71,75,101,106,113] [16,23,44,55,69,99,101,105] [1,3,17,23,40,91,98,121] [12,14,43,75,78,102,114,119] [2,9,35,66,77,106,112,121] [22,23,63,65,86,100,104,109] [1,4,5,32,45,48,82,100] [3,44,47,67,100,105,122,123] [1,32,62,71,76,80,97,99] [2,18,25,30,69,80,83,94] [33,46,47,59,67,105,109,115] [2,32,42,46,68,80,87,115] [10,29,44,66,99,101,106,113] [10,16,23,39,44,55,101,105] [1,3,4,17,34,40,91,121] [4,12,14,43,78,80,102,119] [2,9,35,66,103,106,112,121] [18,27,55,73,93,102,115,123] [6,29,36,44,46,65,87,104] [3,6,20,27,48,69,81,104] [12,22,27,32,70,80,114,123] [22,52,55,60,80,98,115,117] [36,47,66,85,86,88,120,123]
Token  16: [28,30,33,64,82,87,91,105] [9,16,22,48,68,74,85,122] [4,36,41,51,64,76,91,126] [24,54,70,76,78,109,112,114] [5,11,27,57,67,86,113,114] [5,18,45,75,79,87,110,115] [23,66,86,87,104,109,111,118] [1,2,4,13,32,45,82,108] [3,20,47,61,67,76,108,123] [32,35,66,80,91,97,99,124] [18,25,30,41,85,94,95,103] [16,18,33,42,43,96,99,100] [0,2,14,26,32,34,46,87] [2,10,57,84,92,101,106,123] [16,22,23,26,44,57,60,115] [17,32,40,51,77,89,91,121] [1,11,14,78,80,108,110,126] [9,27,36,54,82,93,100,112] [22,23,63,65,87,104,111,127] [1,2,4,32,45,48,82,100] [17,44,47,61,67,100,105,123] [35,47,66,71,76,80,97,99] [18,23,25,30,85,94,103,109] [18,22,42,46,60,96,99,116] [0,2,14,26,32,34,46,127] [2,18,29,57,101,106,120,124] [3,16,23,44,55,73,76,115] [17,25,32,40,51,89,121,126] [11,14,35,50,78,94,108,110] [9,36,54,82,92,112,121,122] [23,63,100,104,109,111,118,127] [1,2,4,13,32,45,48,82] [20,22,33,47,61,67,100,105] [32,35,71,80,97,99,111,123] [2,9,18,23,25,69,85,103] [18,22,25,30,42,43,115,120] [0,2,14,25,26,73,80,87] [2,10,18,41,57,62,101,106] [16,22,23,26,44,55,60,73] [1,17,25,31,40,51,121,126] [11,14,35,49,78,108,110,115] [9,17,36,49,54,103,106,121] [8,16,24,49,70,74,90,125] [8,18,19,43,44,56,80,121] [6,11,23,27,45,80,88,99] [5,17,22,26,46,76,112,114] [5,22,30,33,39,80,82,105] [15,35,71,74,95,114,121,127]
Token  17: [72,76,95,100,102,110,119,122] [12,70,94,100,105,106,117,122] [40,75,77,78,87,93,99,113] [25,35,50,61,73,94,105,116] [11,52,59,86,92,113,118,126] [17,25,31,33,37,45,59,64] [34,35,53,54,56,63,71,107] [8,18,24,45,59,62,82,109] [38,53,57,67,90,102,116,127] [0,2,17,19,49,55,80,111] [3,16,26,30,57,58,98,116] [3,21,28,52,59,60,96,125] [2,8,21,34,56,65,105,115] [0,33,58,78,81,91,103,106] [1,3,17,67,81,100,109,110] [8,16,40,49,52,59,70,120] [30,65,78,80,81,89,105,115] [1,18,33,42,55,82,83,99] [24,26,27,34,44,47,63,116] [18,24,45,59,62,106,109,112] [38,46,53,65,72,101,121,127] [0,49,55,80,96,111,122,125] [16,26,56,57,68,78,90,98] [3,7,21,23,52,54,96,125] [2,8,9,21,56,65,79,96] [0,26,47,58,78,81,103,104] [4,17,38,55,81,98,100,110] [16,31,49,52,59,70,120,127] [39,48,65,81,89,103,105,115] [1,18,21,42,55,77,83,99] [8,13,24,26,44,63,107,122] [8,18,56,59,62,75,109,112] [38,53,57,65,72,90,101,114] [0,2,49,55,80,87,96,122] [3,16,26,57,58,68,78,98] [3,5,7,14,52,96,121,125] [4,8,21,56,59,65,73,105] [47,52,58,78,81,91,103,104] [1,32,49,55,86,92,110,125] [0,16,25,41,49,52,59,70] [11,28,35,42,65,70,89,115] [6,18,21,72,77,80,118,123] [4,50,66,70,77,106,109,111] [2,18,56,74,75,80,91,96] [5,6,11,16,23,42,62,114] [26,29,48,52,76,88,90,95] [5,17,46,54,76,84,97,104] [8,39,53,65,74,92,109,110]
Token  18: [32,46,48,49,58,72,78,118] [2,12,34,62,66,85,93,122] [14,40,41,51,77,90,100,115] [13,35,50,73,78,116,123,125] [23,38,46,63,67,70,97,113] [5,18,45,74,75,99,105,107] [13,22,23,63,86,100,109,127] [1,2,4,33,45,48,73,82] [3,33,44,47,61,67,95,122] [32,48,66,80,97,99,111,123] [2,18,30,35,80,83,85,103] [8,33,47,86,105,109,111,115] [26,32,34,46,68,87,115,125] [2,10,29,66,71,106,107,113] [23,35,44,55,69,99,105,115] [1,17,26,40,50,68,91,121] [11,14,43,53,78,96,114,119] [2,9,35,66,106,107,112,121] [13,23,36,63,65,86,104,127] [1,2,4,32,45,48,82,106] [3,33,44,47,61,100,105,108] [32,48,52,71,80,97,99,111] [2,18,25,30,35,60,80,103] [20,33,47,79,89,105,109,115] [32,34,42,46,68,87,115,125] [2,10,29,44,66,71,101,113] [3,7,23,44,54,55,69,105] [1,17,40,68,82,91,98,121] [11,14,75,78,96,102,114,119] [2,9,66,77,106,107,112,121] [10,22,23,63,65,86,100,104] [1,2,4,5,32,45,48,82] [3,33,44,47,67,100,105,122] [1,62,71,76,80,97,99,111] [2,18,25,30,35,69,83,103] [33,43,46,47,105,109,115,122] [26,32,42,46,73,80,87,125] [2,10,42,66,99,101,106,113] [3,23,39,44,55,58,69,105] [1,3,17,31,34,40,98,121] [11,14,43,75,78,115,119,127] [2,9,20,35,66,103,106,121] [16,18,27,71,93,98,102,123] [6,29,36,44,68,87,91,104] [3,6,20,27,48,69,81,104] [4,12,20,22,70,80,114,123] [22,52,55,68,80,98,115,117] [36,47,66,71,86,88,120,123]
Token  19: [0,23,28,46,91,105,112,124] [22,29,63,67,73,74,77,122] [4,23,36,51,64,67,73,76] [9,12,35,40,59,62,76,109] [7,10,11,27,57,67,77,119] [5,10,18,45,48,87,99,117] [10,22,23,66,100,104,109,118] [1,4,27,32,33,45,48,82] [3,20,33,44,47,67,80,122] [35,52,62,71,77,80,97,99] [2,18,25,30,35,80,95,109] [16,33,43,55,82,89,105,115] [2,32,34,42,46,87,101,125] [10,29,41,42,71,106,109,123] [7,16,23,44,47,55,69,99] [1,17,40,75,77,89,91,121] [1,14,29,53,75,77,78,110] [9,27,64,65,84,106,107,112] [10,13,23,36,63,65,86,104] [1,4,26,32,44,45,48,82] [3,15,33,44,47,67,105,122] [35,52,66,71,77,80,97,99] [2,18,25,30,35,41,95,109] [16,20,33,42,96,97,115,116] [0,2,25,32,34,46,52,87] [10,18,29,41,45,57,101,106] [3,16,23,44,47,55,60,69] [16,17,20,40,68,77,89,98] [1,14,16,29,77,78,110,114] [0,9,36,64,65,84,106,121] [10,22,23,63,65,100,104,118] [1,4,5,32,45,48,82,100] [20,33,44,47,67,101,105,108] [35,71,76,77,80,97,99,111] [2,18,25,30,35,69,95,109] [16,25,30,42,55,97,105,115] [0,2,46,73,80,87,103,115] [10,29,41,57,101,106,109,123] [3,18,23,44,47,55,60,71] [1,17,20,31,40,51,77,90] [14,29,77,78,109,110,115,127] [0,9,36,63,64,65,80,121] [24,49,55,70,71,75,90,126] [8,44,47,74,99,104,121,125] [6,8,23,27,37,80,104,110] [5,12,26,47,76,83,86,87] [5,10,45,52,82,96,117,124] [15,21,31,71,74,114,121,127]
Token  20: [11,61,70,81,84,118,120,122] [14,19,67,74,77,83,122,123] [10,36,51,64,67,116,117,123] [9,10,12,35,59,76,78,91] [10,39,51,57,77,91,97,111] [5,18,34,45,99,111,116,117] [3,10,23,63,64,79,86,104] [1,4,5,32,45,48,72,82] [28,33,44,47,51,61,99,122] [43,45,48,52,62,97,99,105] [2,18,25,30,35,74,80,83] [13,47,58,79,89,105,115,122] [32,46,68,69,87,100,120,124] [10,24,44,55,79,101,106,121] [7,16,23,28,44,55,69,80] [1,3,17,40,82,90,91,98] [1,14,15,20,75,78,114,121] [9,14,15,17,45,106,107,121] [10,23,52,65,79,86,100,104] [1,4,5,32,45,48,72,82] [15,28,44,47,100,105,108,122] [43,48,52,80,97,99,105,111] [14,18,25,30,35,74,83,120] [13,47,58,89,90,96,105,115] [2,34,46,53,68,69,115,120] [10,24,44,75,101,106,107,121] [3,23,27,28,44,55,76,115] [3,17,23,40,82,89,98,121] [1,14,15,16,78,102,121,127] [1,9,15,17,45,52,112,121] [14,22,23,65,100,104,109,111] [1,5,13,32,45,48,82,108] [28,47,56,67,76,100,105,108] [43,48,52,76,97,99,105,111] [18,25,35,69,74,83,94,120] [13,43,47,58,67,71,105,115] [2,46,68,69,73,87,100,124] [29,44,75,79,99,101,106,121] [23,27,28,44,55,57,80,101] [1,8,17,34,60,78,100,121] [7,14,15,78,102,115,121,127] [1,14,15,17,45,52,72,121] [7,21,37,65,71,74,101,115] [4,5,8,19,43,44,65,104] [0,27,45,54,69,88,104,113] [4,12,17,46,112,114,117,123] [19,22,29,30,39,55,80,105] [32,35,52,71,86,95,108,111]
Token  21: [3,28,29,62,67,77,116,126] [67,72,74,78,91,114,122,123] [4,36,51,60,62,73,119,120] [7,9,11,78,91,93,120,127] [11,18,39,40,51,57,91,116] [5,16,18,45,48,78,79,116] [10,22,23,79,86,100,104,109] [1,13,32,45,48,53,82,124] [24,47,51,56,67,95,108,122] [37,48,52,76,81,97,99,103] [18,25,35,62,74,76,83,120] [16,33,47,71,87,97,105,110] [2,34,46,68,87,100,120,124] [10,24,49,71,79,101,106,121] [23,27,28,44,55,62,76,99] [1,3,17,50,82,89,98,115] [1,14,16,20,43,78,102,123] [9,14,17,84,106,107,112,121] [10,22,23,54,86,100,104,109] [1,5,13,32,45,48,53,82] [24,44,47,51,67,105,108,122] [35,37,48,52,76,81,97,99] [18,25,35,62,74,76,95,120] [16,43,71,77,87,97,105,115] [2,34,46,68,75,87,100,115] [10,24,49,71,73,101,106,121] [23,27,28,44,55,57,62,76] [3,8,17,68,82,89,98,115] [14,16,20,30,78,102,123,127] [14,62,79,82,84,97,112,121] [0,3,22,23,86,100,104,109] [1,5,13,32,45,48,53,82] [24,47,51,56,67,74,108,122] [37,48,52,60,76,97,99,111] [18,25,43,69,76,83,94,120] [30,46,47,71,87,105,110,115] [2,46,61,68,73,87,100,120] [24,40,49,55,73,99,106,121] [3,22,23,27,28,55,57,62] [3,8,17,40,51,89,98,115] [14,20,78,102,115,121,123,127] [1,9,14,20,84,97,112,121] [3,8,28,65,71,80,101,115] [2,4,5,36,44,46,87,104] [13,23,27,54,69,71,104,116] [2,4,12,27,32,114,117,123] [5,19,52,55,63,67,101,117] [32,34,71,74,85,86,114,117]
Token  22: [14,24,51,57,61,81,103,106] [9,46,48,62,91,98,122,126] [16,36,41,52,62,90,120,122] [7,11,26,61,78,119,120,127] [11,18,39,40,51,57,63,67] [5,16,18,45,51,79,105,110] [10,13,23,86,87,100,104,109] [1,5,13,32,45,48,53,82] [28,47,51,56,67,100,108,122] [32,37,48,60,76,81,97,99] [9,18,25,76,80,83,94,103] [46,47,71,77,87,90,105,109] [2,46,68,87,100,106,120,123] [37,49,55,66,71,101,106,113] [9,16,23,44,55,57,76,105] [1,3,17,40,50,89,98,115] [1,12,14,43,78,102,119,127] [2,9,35,62,66,82,112,121] [14,22,23,65,86,100,104,111] [1,5,13,32,45,48,53,82] [44,47,56,67,100,105,108,123] [32,48,60,71,76,97,99,111] [7,18,25,30,69,76,83,85] [13,46,47,87,90,105,109,115] [2,34,46,68,75,87,100,120] [10,29,55,66,92,101,106,113] [3,16,23,44,53,57,76,105] [3,17,40,69,82,89,98,121] [12,14,16,78,102,105,119,127] [2,9,27,35,66,82,112,121] [14,22,23,54,86,100,104,109] [1,5,13,32,45,48,53,82] [47,56,67,74,100,105,108,123] [32,37,48,66,76,97,99,111] [18,25,69,76,83,94,103,110] [13,46,47,87,90,105,109,116] [2,46,68,73,87,120,121,123] [29,40,55,66,73,99,106,113] [3,16,23,38,53,55,57,105] [3,4,7,17,34,40,89,98] [12,14,43,78,102,105,119,127] [2,9,20,35,66,82,112,121] [18,27,55,71,80,93,102,115] [6,29,36,44,46,65,87,104] [20,27,48,56,69,81,104,116] [4,12,27,32,70,80,114,117] [22,52,55,61,63,101,115,117] [36,47,78,85,86,88,120,123]
Token  23: [28,64,67,75,77,82,91,110] [9,13,16,28,48,63,74,122] [4,36,41,46,57,64,70,74] [9,24,68,70,73,74,78,124] [5,11,46,51,57,67,70,113] [18,36,45,55,75,87,93,115] [22,23,54,87,100,104,111,118] [1,2,5,32,45,82,100,108] [4,61,67,76,95,100,108,123] [7,17,25,32,35,76,80,99] [18,25,82,85,94,95,103,110] [18,29,46,50,99,100,105,116] [2,14,24,26,43,46,87,103] [2,40,71,73,92,106,112,127] [15,16,23,53,57,60,64,115] [17,32,40,75,77,89,121,125] [1,11,13,14,78,102,109,127] [9,36,66,82,92,112,121,124] [6,22,23,65,87,89,100,104] [1,2,5,32,45,48,82,108] [4,47,61,67,100,105,108,123] [7,17,35,47,76,80,97,99] [18,23,25,40,82,85,103,127] [18,22,29,42,46,100,105,116] [2,14,24,25,34,46,75,87] [2,18,63,73,92,106,120,127] [16,23,44,55,57,73,76,115] [17,32,40,77,89,106,121,125] [11,13,14,78,100,102,109,127] [9,36,66,82,92,112,121,122] [6,22,23,54,87,89,100,104] [1,2,5,13,32,45,48,82] [4,47,56,67,76,100,108,123] [7,32,35,37,76,82,97,99] [23,25,69,82,85,94,103,110] [9,18,22,25,29,30,99,116] [2,14,24,25,32,46,73,103] [2,18,40,62,106,112,120,127] [15,16,23,55,57,64,73,115] [17,32,40,77,89,106,125,126] [11,13,14,78,102,109,115,126] [2,6,9,35,66,92,112,121] [3,16,18,27,71,86,98,115] [16,29,36,44,56,68,87,104] [11,20,23,27,56,69,81,116] [4,12,27,32,70,114,117,123] [19,51,52,55,60,101,115,117] [10,15,21,26,74,82,86,120]
Token  24: [72,76,95,100,102,110,119,122] [12,13,70,94,100,106,117,122] [40,41,75,77,78,87,99,113] [13,50,73,82,94,116,123,125] [11,52,57,70,92,99,118,126] [17,18,33,37,59,64,79,105] [34,35,54,56,63,71,87,104] [1,2,8,32,45,62,82,88] [17,53,61,67,90,99,102,105] [0,7,17,32,76,80,99,111] [16,18,25,57,69,85,94,103] [20,36,50,52,59,99,109,116] [2,21,32,46,65,115,125,127] [2,10,52,66,78,81,106,127] [16,42,53,55,57,67,92,115] [0,16,17,25,40,52,89,121] [11,14,30,78,80,89,105,115] [1,9,18,66,82,92,112,121] [3,13,54,56,63,87,89,104] [1,8,32,45,48,56,62,82] [5,22,53,65,67,95,105,123] [0,7,17,32,76,80,99,111] [9,16,18,25,57,94,98,103] [20,25,52,59,96,99,109,125] [21,26,46,59,73,92,125,127] [2,47,52,61,78,81,91,92] [4,16,32,33,38,55,92,115] [0,8,17,25,32,40,52,89] [11,14,35,42,48,78,89,119] [6,18,66,80,82,92,99,112] [13,22,55,87,89,104,107,122] [1,2,5,8,45,56,62,82] [22,53,61,67,90,102,114,118] [0,7,32,55,76,99,106,111] [16,25,35,69,84,85,94,103] [28,50,52,59,79,99,109,116] [21,26,32,46,59,73,92,125] [2,45,52,61,78,81,106,112] [15,23,32,55,92,102,105,115] [0,17,25,31,32,51,52,125] [11,14,28,35,78,105,115,119] [6,9,18,49,80,82,92,121] [3,4,27,50,66,70,71,80] [2,18,29,68,75,80,91,104] [5,11,16,27,42,62,64,69] [4,12,26,29,48,95,114,117] [5,19,22,43,51,54,76,104] [8,23,42,65,74,92,109,110]
Token  25: [32,46,48,49,58,72,78,118] [2,12,13,34,63,67,77,122] [2,14,41,51,77,90,100,115] [13,37,50,73,78,116,123,125] [11,23,51,57,63,70,113,122] [5,18,55,75,79,99,105,107] [13,14,23,86,87,89,100,127] [1,2,5,32,45,53,73,82] [47,56,61,95,100,104,105,108] [32,37,48,66,76,97,99,111] [16,18,25,35,52,76,85,103] [29,33,47,59,99,105,109,116] [2,21,26,46,68,75,87,125] [2,10,40,49,66,71,73,113] [16,23,35,55,57,76,105,115] [3,8,17,40,50,89,98,115] [1,11,14,43,48,78,102,119] [2,9,20,35,66,82,112,121] [10,13,22,23,87,100,104,127] [1,2,5,26,32,45,48,82] [5,47,61,67,100,105,108,123] [1,20,32,48,76,97,99,111] [7,16,18,25,40,85,103,110] [20,33,43,99,105,109,115,116] [2,26,32,34,46,75,87,125] [2,10,29,66,78,92,101,113] [3,23,44,55,57,76,105,115] [3,8,17,32,40,82,89,98] [11,14,16,43,78,102,119,127] [2,9,66,82,106,107,112,121] [13,22,23,54,86,87,100,104] [1,2,5,13,32,45,48,82] [47,56,67,74,100,105,108,123] [5,48,66,76,97,99,102,111] [18,25,35,69,76,94,103,110] [29,59,79,99,105,109,115,116] [2,26,46,61,68,73,87,125] [2,40,66,73,78,99,106,113] [3,22,23,53,55,57,105,115] [3,4,6,17,32,40,89,98] [11,14,43,78,102,115,119,127] [2,9,20,35,66,80,112,121] [18,25,27,71,93,98,102,115] [29,36,44,46,68,87,91,104] [20,27,48,56,69,81,104,116] [4,12,27,70,80,114,117,123] [19,22,52,55,63,101,115,117] [36,47,66,86,88,120,123,124]
Token  26: [0,28,62,68,87,89,112,124] [29,45,48,73,74,77,99,122] [4,36,51,70,73,76,90,118] [9,13,62,73,77,78,109,125] [11,47,51,57,67,77,87,113] [5,16,18,58,78,99,105,116] [14,22,23,55,86,89,100,104] [1,5,13,26,32,45,48,82] [4,44,47,56,74,95,100,108] [1,33,35,37,76,97,99,102] [18,25,35,41,76,80,110,119] [16,18,29,33,50,79,105,116] [32,42,43,46,68,87,100,123] [2,10,71,73,102,113,120,127] [23,34,35,44,57,64,76,96] [1,3,8,17,77,82,89,98] [1,13,14,43,51,78,102,116] [2,9,35,66,106,107,112,121] [10,23,36,54,55,86,100,104] [1,5,13,26,32,45,48,82] [4,44,47,56,67,100,105,108] [1,22,33,35,52,76,97,99] [7,18,25,35,40,41,74,110] [16,20,43,50,97,105,115,116] [2,32,34,42,46,75,87,100] [10,29,71,101,102,106,113,127] [8,23,44,53,55,57,64,76] [3,8,17,40,46,77,82,89] [1,13,14,16,78,83,102,109] [2,9,66,68,79,82,107,121] [14,22,23,54,86,89,100,104] [1,5,13,32,45,82,108,124] [4,47,56,67,74,100,105,108] [5,33,35,66,76,82,97,99] [7,18,25,33,41,69,76,91] [18,29,30,50,59,105,115,116] [2,32,34,46,61,73,87,103] [29,40,45,73,102,106,120,127] [23,44,53,55,57,64,82,108] [3,17,33,40,46,77,89,94] [13,14,16,51,78,102,109,115] [2,6,9,35,62,66,92,121] [3,8,18,71,80,86,98,115] [16,29,36,44,68,80,87,104] [20,23,27,48,56,69,104,116] [4,12,26,32,70,114,117,123] [19,52,55,60,75,115,117,127] [26,47,66,86,88,114,120,123]
Token  27: [17,28,30,81,112,116,122,124] [29,45,63,67,74,97,120,122] [4,27,36,48,49,64,76,112] [5,35,54,61,70,78,92,125] [7,11,27,51,57,61,67,113] [5,10,16,18,48,79,87,116] [14,22,23,86,89,100,104,111] [1,5,13,32,44,45,82,108] [20,44,47,56,74,100,105,108] [32,35,37,66,76,97,99,106] [18,25,35,76,95,109,110,119] [16,29,42,46,55,97,105,116] [0,32,38,43,46,87,103,121] [41,42,57,73,101,106,109,123] [18,23,44,53,55,57,59,89] [17,20,40,75,77,82,89,121] [1,14,29,77,78,102,110,127] [0,9,36,37,64,82,107,121] [10,14,22,23,54,86,100,104] [1,4,5,32,45,48,53,82] [47,56,61,67,100,105,108,122] [35,52,66,76,81,97,99,106] [7,18,25,76,95,109,110,124] [16,42,43,46,55,97,105,116] [0,2,14,38,46,75,87,112] [29,41,57,62,101,106,109,123] [3,18,23,44,55,60,71,76] [8,17,20,40,51,77,89,126] [1,14,16,44,77,78,110,127] [0,9,36,54,64,65,82,121] [14,22,23,54,100,104,111,118] [1,5,32,45,48,53,82,108] [20,32,47,56,67,100,105,108] [32,35,66,76,97,99,106,111] [18,25,69,94,95,109,110,124] [16,42,46,55,73,97,115,116] [0,2,38,46,73,103,112,121] [29,41,57,62,73,106,109,123] [3,18,22,23,38,55,60,102] [8,17,20,31,40,51,89,107] [6,14,44,77,78,110,115,127] [0,1,54,63,64,65,121,122] [8,24,49,71,80,90,115,126] [8,36,47,72,80,104,121,125] [22,23,27,69,80,104,110,116] [4,5,12,47,76,83,87,114] [5,10,19,52,55,82,117,124] [15,21,31,44,74,86,114,127]
Token  28: [31,47,61,69,81,93,107,120] [47,60,63,66,74,83,103,122] [6,36,67,68,116,117,120,123] [10,26,32,35,61,78,89,106] [11,38,51,57,79,91,102,111] [2,5,16,18,45,55,111,125] [10,13,14,23,86,97,100,104] [1,5,32,45,48,72,82,100] [27,28,44,47,56,74,99,108] [37,43,48,76,97,99,102,105] [14,18,25,35,76,80,83,110] [13,29,46,47,58,79,105,116] [32,46,68,69,75,87,100,120] [10,42,55,71,79,101,106,121] [3,7,16,23,28,44,55,101] [1,3,17,34,40,89,98,100] [14,16,20,50,78,102,121,127] [1,9,17,30,45,89,107,121] [10,13,14,23,65,86,100,104] [1,5,13,45,48,53,72,82] [27,28,47,56,67,99,105,122] [43,48,52,76,97,99,105,111] [14,18,25,30,40,76,83,91] [13,46,58,71,79,90,105,115] [2,34,46,69,87,115,120,127] [10,29,55,73,79,101,106,121] [3,23,28,38,44,55,57,76] [3,15,16,17,34,40,89,100] [1,14,16,50,78,105,121,127] [1,14,30,45,77,82,97,121] [14,22,23,65,87,89,100,104] [1,5,32,45,48,72,74,82] [28,32,56,67,99,100,108,123] [17,43,48,76,97,99,105,111] [14,18,25,40,69,76,83,94] [13,47,58,59,76,79,90,115] [2,36,46,68,69,73,120,121] [29,55,73,79,93,99,106,121] [23,28,38,55,57,66,84,101] [3,7,17,34,40,83,89,100] [14,20,78,105,114,121,126,127] [1,14,30,45,80,82,97,121] [3,55,65,71,80,101,115,119] [4,5,7,36,46,65,68,104] [6,27,52,54,56,69,71,104] [2,4,12,27,32,114,117,127] [52,55,63,67,68,101,117,127] [32,34,55,58,74,86,99,117]
Token  29: [14,22,51,57,101,103,106,127] [39,44,46,47,48,60,97,103] [16,36,52,68,90,123,125,126] [10,21,26,61,64,78,106,127] [11,51,57,63,67,79,102,111] [5,18,45,49,51,55,105,111] [14,22,23,86,87,89,100,104] [1,5,13,32,45,48,72,82] [27,28,47,56,67,74,99,100] [17,32,43,76,81,97,99,105] [9,14,18,25,40,76,83,123] [13,46,47,58,79,90,94,109] [2,36,46,47,68,69,120,121] [13,55,66,73,79,92,106,113] [16,22,23,44,57,76,101,105] [3,15,17,34,40,68,89,100] [1,12,14,43,78,102,119,127] [2,27,30,35,45,66,79,121] [14,23,86,89,93,97,100,104] [1,5,13,32,45,48,53,82] [32,47,56,67,99,100,105,123] [17,32,76,80,97,99,105,111] [7,18,25,30,40,76,83,94] [13,58,60,79,90,94,109,115] [2,14,34,46,68,69,115,127] [29,66,79,92,101,104,106,113] [3,16,23,44,53,55,57,76] [3,7,17,34,40,82,89,100] [12,14,16,78,80,105,119,127] [2,30,35,45,66,79,82,121] [14,23,54,86,89,93,100,104] [1,5,32,45,74,82,91,108] [32,47,56,67,76,99,100,123] [17,32,76,86,97,99,105,111] [7,14,25,40,69,76,83,94] [13,47,58,79,90,94,109,115] [2,36,46,68,69,120,121,127] [10,29,55,66,79,99,106,113] [16,23,38,55,57,66,101,105] [3,6,7,17,34,40,89,100] [12,14,78,105,114,119,126,127] [2,30,35,45,61,66,79,121] [18,27,55,71,80,93,102,115] [5,6,26,29,36,65,68,104] [6,20,27,48,52,56,69,104] [2,12,27,32,42,70,114,117] [52,55,61,63,68,101,115,117] [36,47,78,86,88,112,120,123]
Token  30: [17,28,33,64,67,82,91,110] [16,48,60,63,74,77,90,122] [4,36,64,70,74,101,104,106] [21,24,68,73,77,78,93,106] [6,10,51,57,67,70,87,102] [5,18,36,45,55,71,93,115] [14,22,77,89,93,104,111,124] [1,5,32,45,74,82,91,111] [4,32,47,54,56,100,105,108] [7,17,32,35,76,81,99,105] [7,15,18,25,33,40,76,82] [18,46,50,79,94,97,100,109] [2,32,34,36,46,61,71,121] [71,73,74,87,102,106,113,127] [3,16,23,38,44,57,64,101] [3,17,34,40,89,100,106,117] [1,10,13,14,30,51,78,127] [2,27,35,36,37,66,75,121] [14,54,86,87,89,93,104,124] [1,5,32,40,45,82,91,108] [32,47,56,67,76,100,105,123] [7,17,35,76,81,97,99,105] [15,25,30,33,40,76,82,94] [20,30,46,50,79,94,97,100] [2,32,34,36,46,52,61,121] [45,73,74,87,102,106,120,127] [3,16,23,38,44,55,57,64] [3,17,32,34,40,89,100,106] [1,10,13,14,16,30,78,127] [30,36,61,66,79,82,92,121] [6,14,22,89,93,96,97,104] [1,5,32,45,74,82,91,108] [4,32,54,56,67,100,105,108] [17,32,35,76,82,86,99,105] [15,25,33,40,69,76,82,94] [18,33,46,50,94,97,100,115] [2,14,32,36,46,61,103,121] [45,73,74,102,106,113,120,127] [16,23,38,53,55,57,64,101] [3,7,17,40,77,89,100,106] [13,14,16,51,78,115,126,127] [2,30,35,61,66,79,92,121] [18,27,55,71,80,86,98,115] [5,16,26,29,36,65,68,104] [6,20,27,48,56,69,104,126] [2,12,27,32,42,70,114,117] [51,52,55,61,63,101,115,117] [15,21,26,58,71,78,86,120]
Token  31: [23,28,30,51,91,105,112,122] [13,29,37,46,52,63,74,103] [36,49,64,67,76,104,106,126] [5,70,71,73,77,80,106,114] [10,27,51,57,67,70,102,113] [5,18,36,45,48,55,71,93] [14,22,23,77,89,93,104,111] [1,5,32,45,61,74,82,91] [32,35,47,56,67,100,108,123] [17,32,35,41,76,81,99,105] [18,25,40,76,82,85,94,109] [16,46,55,90,94,97,99,100] [2,32,36,46,93,103,121,127] [41,45,74,87,92,106,109,123] [3,16,18,23,38,44,57,64] [3,15,17,40,77,89,100,106] [1,14,30,78,80,110,126,127] [0,1,27,36,64,65,107,121] [14,23,54,86,87,89,93,104] [1,4,5,32,40,45,48,82] [22,32,47,56,67,100,108,123] [17,35,41,76,80,97,99,105] [7,18,25,30,40,76,94,109] [16,20,30,42,46,55,94,97] [0,2,36,38,46,61,115,121] [41,45,57,74,87,106,109,123] [3,16,23,38,44,55,57,71] [16,17,32,40,77,89,106,126] [1,14,16,34,44,78,110,127] [0,36,64,68,79,82,120,121] [13,14,23,87,89,93,104,118] [1,5,32,45,47,48,82,91] [20,22,32,35,56,67,100,105] [17,32,35,41,76,99,106,111] [18,25,40,69,76,94,109,124] [16,42,46,55,73,94,97,115] [0,2,14,38,46,73,103,121] [41,57,62,74,106,109,112,123] [3,16,18,23,38,55,57,60] [17,20,31,40,89,106,107,126] [14,44,77,78,108,110,115,127] [0,1,63,64,65,80,115,121] [24,49,55,71,80,90,115,126] [8,26,47,56,75,104,121,125] [6,23,27,37,69,80,104,110] [2,5,12,47,76,83,87,114] [1,5,10,52,55,117,123,124] [15,21,31,44,74,86,92,127]
Token  32: [31,53,68,69,70,101,107,118] [13,37,63,75,83,85,103,122] [36,59,64,67,104,117,123,126] [5,10,21,54,71,80,87,127] [10,11,38,51,67,91,102,111] [5,18,45,55,71,93,111,122] [13,14,23,77,89,93,104,111] [1,5,32,45,61,74,82,111] [28,32,35,47,56,99,100,105] [17,43,48,76,81,97,99,105] [2,7,14,18,25,40,76,83] [13,46,47,79,90,94,102,115] [36,46,68,69,115,120,121,123] [10,55,73,74,79,92,106,121] [22,23,28,38,57,64,84,101] [3,17,34,40,50,89,100,106] [1,14,16,20,78,105,121,127] [1,14,45,61,75,82,97,121] [13,14,54,86,87,89,104,111] [1,5,32,45,48,72,74,82] [22,28,32,56,67,100,105,123] [17,43,48,76,80,99,105,106] [14,25,30,40,58,69,76,94] [13,20,50,60,79,94,102,115] [2,27,36,46,69,115,120,121] [29,55,73,74,79,92,106,121] [23,38,44,55,57,84,101,110] [3,17,34,40,89,100,106,121] [1,14,16,20,78,105,121,127] [1,14,45,61,68,79,82,121] [3,13,14,54,87,89,93,104] [1,5,32,45,47,74,82,91] [28,32,53,56,67,100,105,123] [7,17,43,48,76,99,105,111] [14,18,25,40,69,76,83,94] [13,47,59,79,90,94,102,115] [2,27,36,46,69,120,121,127] [32,55,73,79,93,99,106,121] [23,28,38,55,57,66,84,101] [3,17,31,34,40,89,100,106] [14,20,78,105,115,121,126,127] [1,14,18,45,61,82,97,121] [41,55,65,71,80,92,101,115] [4,36,41,46,65,68,75,104] [6,27,52,54,56,69,71,77] [2,12,27,32,65,114,117,127] [52,55,63,67,97,101,117,127] [32,34,55,58,73,86,99,117]
Token  33: [28,33,52,64,75,82,91,124] [9,24,28,60,63,74,90,122] [4,17,46,74,81,97,104,107] [9,24,68,74,78,87,103,109] [11,23,46,51,53,57,60,70] [5,18,45,52,55,81,93,110] [3,6,14,54,87,89,104,111] [1,5,32,45,47,74,82,91] [8,11,22,32,67,100,108,123] [7,17,35,41,76,80,81,99] [13,18,25,40,82,85,94,103] [18,59,75,90,94,99,100,102] [2,14,26,34,36,46,61,127] [2,29,71,73,91,92,106,112] [14,15,22,23,38,53,57,92] [17,31,32,40,89,119,121,125] [1,11,14,28,35,78,115,127] [1,18,27,36,82,92,118,121] [3,14,54,65,86,87,89,104] [1,2,5,32,45,48,82,100] [22,32,53,61,67,100,104,123] [7,17,47,76,80,82,99,111] [7,9,23,40,55,85,94,103] [18,22,25,75,79,94,96,99] [2,25,26,34,36,46,112,127] [2,18,61,63,73,92,106,120] [15,33,38,53,55,57,73,92] [0,17,25,32,40,89,119,125] [1,14,28,35,78,80,100,127] [1,18,68,82,93,118,121,122] [14,22,54,63,87,89,104,107] [1,2,5,32,45,74,82,108] [22,32,53,61,67,100,104,123] [7,17,47,76,80,82,99,111] [7,9,23,40,55,71,94,103] [9,18,22,25,30,59,94,99] [2,14,24,46,92,112,121,127] [45,52,61,87,92,93,112,127] [15,22,26,38,55,57,73,92] [0,25,32,51,89,106,110,125] [27,28,35,78,82,100,126,127] [1,18,49,82,92,99,118,121] [4,8,17,33,69,70,80,92] [10,24,41,61,75,80,83,111] [9,11,27,42,62,66,96,104] [4,41,48,67,88,114,116,117] [14,18,33,46,49,54,63,125] [0,6,17,23,53,58,80,96]
Token  34: [4,24,38,66,86,101,118,122] [24,31,33,40,47,57,85,126] [4,46,55,57,60,74,83,97] [9,29,67,68,80,94,114,117] [46,51,57,60,65,70,95,100] [0,18,32,45,55,81,93,106] [3,14,54,87,89,104,108,111] [5,13,32,44,45,74,82,108] [5,11,32,67,76,94,100,123] [7,17,35,41,76,80,91,99] [7,25,54,71,82,85,94,124] [18,25,36,73,94,97,99,100] [14,22,34,40,46,92,121,127] [29,62,71,73,87,92,106,112] [15,23,38,42,55,57,74,92] [17,32,40,75,89,117,119,125] [1,14,28,39,78,108,126,127] [36,37,75,79,81,82,118,121] [6,14,22,54,87,89,104,111] [1,2,5,7,32,45,82,100] [22,32,56,61,67,100,104,123] [7,17,35,41,76,80,82,99] [7,25,40,55,71,85,94,124] [18,25,59,60,73,94,99,100] [2,14,25,34,46,92,112,127] [2,61,62,73,92,106,112,120] [15,23,33,38,55,57,73,92] [0,17,32,40,75,89,125,126] [1,14,35,44,78,100,108,127] [9,36,68,75,81,82,121,122] [14,22,23,87,89,104,107,118] [1,5,32,45,74,82,89,108] [22,32,53,61,67,100,105,123] [7,17,35,41,47,76,82,99] [23,25,55,71,82,94,103,124] [22,25,42,52,73,76,94,99] [0,2,14,38,92,112,121,127] [57,62,73,92,106,109,112,123] [4,15,18,38,55,57,71,92] [17,32,40,89,107,110,125,126] [28,34,44,77,78,108,115,127] [0,49,63,65,75,82,100,121] [3,24,49,50,69,75,80,126] [8,24,47,56,68,75,104,121] [6,11,27,37,69,80,104,110] [5,12,27,32,47,83,87,114] [1,5,10,55,117,122,123,124] [15,23,31,44,74,82,86,127]
Token  35: [13,26,47,65,72,98,100,122] [18,50,63,70,94,100,122,127] [36,40,49,53,78,84,88,99] [34,37,68,89,94,100,116,127] [7,11,76,79,85,86,106,115] [5,18,37,42,59,61,66,125] [10,14,23,56,63,83,100,105] [1,5,43,45,48,49,82,100] [44,47,56,65,67,84,121,122] [9,37,52,76,80,97,99,110] [18,25,30,61,73,83,98,105] [24,26,49,61,71,89,115,122] [2,15,34,46,87,99,100,127] [6,10,11,15,28,78,101,106] [3,20,23,44,48,55,57,69] [1,8,16,17,40,82,85,89] [8,14,75,78,102,108,124,127] [1,9,17,19,69,72,103,121] [10,14,23,56,63,100,104,105] [1,5,32,45,48,49,82,112] [44,47,67,84,100,121,122,123] [9,76,80,97,99,110,111,125] [2,18,25,30,56,61,94,105] [23,24,46,49,61,96,99,125] [2,15,34,46,87,99,115,121] [6,15,28,58,101,104,106,115] [3,7,17,20,23,44,48,55] [16,17,32,40,59,82,85,101] [8,14,39,53,62,78,108,124] [1,19,42,53,72,103,118,121] [14,23,56,63,83,100,104,105] [1,5,32,45,48,49,82,112] [35,47,65,67,84,101,121,122] [9,76,80,97,99,110,111,125] [18,25,30,56,61,73,90,105] [23,24,26,46,49,61,65,76] [2,15,23,34,79,99,107,115] [6,13,15,28,78,80,106,118] [3,17,20,23,44,48,55,86] [17,31,40,61,83,85,94,101] [8,14,78,102,105,108,115,124] [1,19,42,53,69,72,80,121] [24,31,39,64,68,80,115,126] [8,19,31,43,49,77,88,104] [0,6,27,37,45,53,69,104] [2,12,22,27,46,87,112,114] [39,52,55,82,105,117,123,124] [32,73,74,86,90,95,109,124]
Token  36: [14,24,46,51,57,74,103,106] [6,8,9,48,50,63,77,122] [10,53,70,87,88,90,122,125] [2,29,34,37,64,68,94,118] [11,40,63,67,79,83,113,118] [5,18,42,45,47,51,96,105] [14,23,56,63,83,86,89,104] [1,5,45,48,50,60,82,95] [35,36,47,56,66,67,99,100] [9,26,32,76,98,99,111,117] [2,18,25,30,73,80,83,90] [26,59,79,90,99,109,115,122] [9,15,32,52,79,80,107,125] [6,10,21,28,66,80,98,118] [8,10,16,48,55,74,93,105] [16,17,40,50,68,85,87,117] [8,12,14,53,78,114,119,124] [1,19,72,88,99,103,107,121] [10,13,23,56,63,64,83,105] [1,3,32,45,48,49,82,112] [44,47,66,67,84,116,121,122] [9,62,80,97,98,99,110,125] [18,30,56,61,73,80,90,105] [23,24,26,46,49,61,109,115] [15,23,34,79,95,99,107,115] [6,15,28,66,78,80,106,118] [3,4,14,16,48,55,74,105] [16,17,26,59,61,68,72,127] [12,14,42,53,78,80,114,119] [1,53,66,72,80,88,99,103] [13,56,63,65,104,105,115,122] [3,32,33,45,49,82,100,106] [10,18,35,66,67,90,101,108] [26,32,80,98,99,110,111,125] [2,25,30,69,73,80,90,105] [23,24,26,49,59,61,76,109] [23,32,35,52,73,79,107,115] [6,13,66,78,80,91,106,118] [3,10,16,23,55,57,90,105] [16,17,31,40,72,83,89,127] [12,14,78,80,112,115,119,126] [2,35,66,80,90,103,121,124] [18,27,68,71,76,80,102,115] [6,29,36,41,46,65,87,104] [6,20,27,48,57,64,69,104] [4,12,20,32,58,70,114,123] [19,52,55,61,77,115,117,127] [36,47,71,86,88,112,120,123]
Token  37: [7,28,34,41,51,57,87,123] [8,16,23,48,63,65,75,122] [8,25,54,65,70,90,100,112] [5,12,19,29,64,77,93,94] [10,20,30,56,57,79,83,87] [18,30,42,47,71,96,105,122] [23,34,47,56,63,86,96,115] [3,33,45,60,69,82,95,106] [3,4,35,36,66,83,101,122] [26,32,62,80,98,99,100,122] [2,15,27,30,73,80,90,100] [1,26,46,50,96,99,102,122] [23,30,32,52,64,79,80,107] [8,10,16,28,66,102,106,118] [3,10,16,55,64,68,69,109] [17,23,33,37,40,72,99,111] [10,14,51,78,80,101,114,115] [4,46,72,88,99,107,124,126] [13,52,56,63,86,104,105,115] [1,3,32,45,48,82,100,106] [35,44,66,67,83,101,116,127] [0,9,17,62,80,98,99,110] [27,30,50,61,73,80,90,105] [1,23,24,26,45,49,56,61] [15,23,64,79,95,99,107,115] [8,15,28,47,80,91,106,118] [3,42,55,64,68,69,99,110] [16,17,33,61,68,72,87,91] [10,14,42,60,78,100,101,114] [3,68,77,88,99,122,124,126] [3,12,13,56,63,65,104,115] [1,3,32,33,45,82,100,106] [4,30,35,66,67,90,101,127] [32,62,65,80,98,99,100,124] [15,19,27,30,31,42,90,127] [1,8,15,26,45,50,54,56] [23,35,52,64,73,79,101,115] [8,16,63,89,91,102,118,126] [11,16,55,64,68,73,103,110] [2,17,31,33,37,40,72,87] [14,51,60,78,100,101,115,119] [11,36,46,66,80,88,124,126] [24,30,38,68,77,86,98,126] [12,16,19,30,31,49,58,104] [3,6,27,45,72,88,99,121] [5,17,20,22,32,63,114,123] [22,30,51,52,81,94,98,127] [15,21,26,31,107,111,120,127]
Token  38: [23,28,41,66,80,112,118,126] [16,29,63,65,85,89,113,122] [4,25,36,49,64,67,76,125] [45,51,70,76,84,92,93,104] [11,27,51,67,77,83,97,101] [10,18,30,48,71,74,83,96] [63,64,66,86,100,104,111,115] [3,32,45,46,69,73,82,106] [3,18,21,67,83,101,122,125] [13,17,35,62,68,80,99,100] [15,25,27,30,50,80,90,109] [1,25,46,69,73,95,96,122] [7,30,32,50,52,64,79,80] [8,10,33,41,62,68,106,118] [3,10,23,44,53,68,69,99] [17,23,26,40,50,77,91,106] [1,14,78,80,101,108,110,114] [46,54,64,88,90,103,107,124] [23,63,64,66,86,100,104,115] [1,3,32,45,48,82,100,106] [3,30,44,67,83,95,101,122] [17,35,62,71,80,97,99,100] [15,18,19,25,27,30,80,90] [1,46,54,56,73,75,82,95] [7,18,34,35,46,64,79,80] [8,13,33,41,68,71,106,118] [3,44,47,55,69,71,76,109] [17,26,32,40,50,72,106,126] [14,44,60,78,80,108,110,115] [46,64,68,83,88,103,121,122] [3,13,23,56,63,100,115,118] [1,3,5,32,33,45,82,106] [5,18,35,47,67,101,122,123] [17,35,62,80,97,99,106,111] [15,18,19,25,30,69,109,127] [1,25,42,54,55,73,89,95] [0,7,18,35,52,71,80,115] [8,10,16,29,41,57,91,106] [11,23,26,44,47,55,60,71] [17,20,31,40,60,78,91,106] [14,44,60,78,108,109,110,115] [11,15,36,46,54,64,103,121] [24,49,68,70,74,80,90,125] [12,19,43,44,49,104,121,125] [6,13,23,27,45,80,88,99] [5,17,22,46,63,76,112,114] [22,29,30,39,52,80,81,105] [15,31,35,52,71,95,111,127]
Token  39: [16,18,53,61,104,107,118,120] [33,34,56,69,86,107,122,124] [10,14,67,81,87,107,116,125] [5,12,19,25,29,51,76,93] [0,11,23,30,63,77,83,118] [18,30,45,71,80,82,96,107] [13,30,34,56,63,75,86,115] [3,45,60,69,82,87,95,106] [3,18,35,64,67,99,101,127] [13,45,62,80,94,98,99,122] [14,18,19,30,50,80,83,90] [1,36,46,67,69,96,115,122] [7,9,30,52,53,79,80,107] [10,13,16,21,33,44,106,118] [10,11,28,55,69,74,79,80] [17,23,26,40,61,68,91,99] [7,14,40,60,78,80,96,114] [4,53,88,90,97,103,104,107] [13,23,36,47,63,65,100,104] [1,3,32,45,48,82,95,106] [35,44,47,64,95,99,101,122] [22,45,62,80,94,98,99,111] [18,19,30,60,80,83,90,113] [1,46,54,67,89,90,95,115] [9,23,30,34,79,80,107,115] [13,16,17,33,44,101,106,118] [3,10,23,44,55,63,69,99] [1,17,23,26,38,40,68,91] [14,26,40,75,78,80,102,114] [53,68,90,97,103,106,107,121] [3,13,23,56,63,65,86,100] [1,3,5,32,33,45,48,82] [5,10,44,47,67,105,108,122] [45,62,80,94,97,98,99,111] [18,19,25,30,69,74,83,90] [1,33,46,54,67,89,105,115] [23,30,46,53,79,80,107,115] [10,13,29,44,75,101,106,118] [8,10,11,23,44,55,79,80] [1,17,23,40,61,78,91,94] [7,14,20,40,78,102,114,115] [1,9,14,15,53,80,97,103] [24,37,59,68,73,74,101,125] [4,8,19,43,44,46,49,104] [3,6,27,37,45,54,80,107] [22,27,32,46,63,112,114,127] [39,52,55,80,82,97,105,124] [32,34,35,74,86,90,95,117]
Token  40: [0,24,51,57,101,103,106,127] [3,9,33,48,86,116,122,126] [14,41,70,87,90,120,122,125] [12,19,26,29,67,76,93,94] [0,11,63,77,83,89,118,127] [18,31,45,51,71,102,105,110] [22,23,63,86,100,104,111,115] [1,32,45,48,69,82,100,106] [28,44,47,67,99,101,109,122] [32,48,62,76,80,97,98,99] [18,19,25,30,42,80,83,90] [1,36,43,46,47,67,69,109] [23,30,34,42,46,68,79,80] [10,65,66,83,101,106,113,118] [7,10,16,23,44,57,76,105] [1,17,23,26,40,68,89,91] [1,14,43,50,78,80,102,119] [2,17,27,35,66,107,112,121] [10,23,63,86,87,100,104,109] [1,4,5,27,32,45,48,82] [3,33,44,47,67,105,122,123] [1,52,71,76,80,97,99,111] [7,18,19,25,30,69,78,94] [1,46,67,69,96,99,109,115] [2,34,46,75,79,80,87,115] [66,92,99,101,104,106,112,118] [10,16,23,44,57,66,99,115] [1,8,17,32,40,89,91,121] [1,14,75,78,102,114,119,127] [1,9,17,72,82,106,112,121] [14,23,86,87,100,104,109,127] [1,5,13,27,32,45,48,82] [9,33,44,47,67,95,105,123] [1,32,37,71,76,80,97,99] [2,7,18,25,30,52,94,103] [4,33,46,69,75,96,99,109] [2,14,34,42,46,80,87,92] [10,13,20,29,66,101,106,112] [3,10,16,23,44,55,105,115] [1,3,4,17,34,40,98,121] [12,14,43,75,78,102,119,127] [2,9,20,35,66,103,112,121] [3,16,18,23,27,93,102,123] [6,29,36,43,44,68,87,104] [6,20,27,48,56,69,81,104] [4,12,32,70,80,114,117,123] [19,22,52,55,80,115,117,127] [36,47,66,85,86,88,120,123]
Token  41: [28,30,33,64,82,87,91,105] [9,16,22,48,68,74,85,122] [4,36,41,51,64,76,91,126] [9,24,35,70,76,78,109,114] [11,27,57,67,70,83,113,114] [5,10,18,45,75,79,87,110] [22,23,66,104,109,111,118,120] [1,2,4,13,32,45,82,108] [20,44,47,61,67,76,108,123] [7,32,35,66,80,91,97,99] [18,25,30,85,91,94,95,103] [16,22,36,42,43,96,99,100] [0,2,14,26,34,46,75,87] [2,13,57,62,84,101,106,112] [16,22,23,44,57,60,76,115] [17,32,40,51,75,89,119,121] [1,11,14,30,78,80,108,126] [9,27,36,54,82,93,100,112] [23,63,65,87,104,109,111,127] [1,2,4,32,45,48,81,82] [15,18,47,61,67,100,105,123] [35,37,66,71,80,97,99,124] [7,18,25,30,36,85,94,103] [22,42,43,46,60,99,102,116] [0,2,14,26,34,46,75,87] [2,57,73,99,101,104,106,112] [3,23,36,44,53,66,76,115] [7,8,17,32,40,82,91,121] [11,14,78,79,80,101,122,126] [1,9,62,72,82,93,112,121] [20,23,66,100,104,109,119,127] [1,2,4,13,32,45,48,82] [9,17,33,35,47,61,67,105] [7,24,32,37,71,97,99,111] [7,25,30,45,71,85,94,103] [4,25,43,60,85,94,96,99] [2,14,17,26,46,92,108,127] [2,13,20,52,73,104,106,112] [16,23,55,73,76,92,115,125] [17,25,32,40,51,77,89,126] [11,14,35,78,100,108,109,110] [9,17,36,46,54,103,112,121] [24,49,68,69,70,74,80,90] [8,12,18,19,43,44,56,121] [6,11,23,27,45,80,88,116] [4,5,24,46,47,76,112,114] [5,19,22,39,60,80,82,105] [15,35,44,74,82,92,95,127]
Token  42: [72,76,95,100,102,110,119,122] [12,70,94,100,105,106,117,122] [40,75,77,78,87,93,99,127] [35,50,73,84,94,116,123,125] [11,52,57,70,92,113,118,126] [17,25,31,33,37,59,64,103] [13,34,35,53,56,63,71,107] [18,24,32,45,62,82,106,109] [38,53,57,65,67,90,116,127] [0,2,19,49,64,80,87,111] [18,26,30,50,51,58,98,116] [3,7,21,24,28,60,96,125] [2,15,34,56,65,105,113,115] [0,10,15,23,28,58,101,106] [3,17,48,53,57,67,90,115] [16,40,59,70,85,89,91,101] [1,14,78,80,81,89,105,115] [1,18,19,42,78,82,83,112] [34,44,46,56,63,104,105,116] [3,32,45,49,82,100,106,112] [38,65,84,86,116,121,124,127] [0,9,49,76,80,110,111,125] [18,30,56,61,78,94,98,105] [21,23,24,49,61,96,99,125] [2,15,34,46,56,65,96,99] [15,28,58,92,93,104,106,112] [3,38,53,57,66,86,109,115] [6,16,32,40,59,89,120,125] [1,14,39,78,80,93,105,115] [1,18,34,72,75,82,93,100] [54,56,63,83,87,89,104,107] [7,24,32,44,45,82,100,106] [9,53,67,86,101,118,123,127] [0,7,17,38,68,76,80,111] [7,18,30,71,82,94,98,103] [4,21,53,90,94,96,99,100] [2,4,14,36,92,108,115,127] [20,78,92,93,103,104,106,112] [15,22,38,53,92,109,115,125] [11,25,32,40,51,75,89,125] [35,42,48,80,82,105,107,115] [21,34,49,59,80,82,88,105] [4,17,30,33,50,56,70,111] [2,31,56,61,75,82,96,113] [5,6,11,16,25,62,99,113] [29,48,51,77,86,88,95,114] [16,21,29,33,46,74,81,118] [2,48,54,65,101,109,110,114]
Token  43: [32,46,48,49,58,72,78,118] [2,12,34,38,62,85,93,122] [14,41,51,68,77,90,100,115] [13,35,50,73,78,116,123,125] [23,46,63,67,70,83,97,113] [5,18,45,74,75,99,105,107] [13,14,22,23,63,100,104,112] [1,2,4,32,33,45,48,82] [3,18,44,47,61,67,105,122] [13,32,48,62,80,97,99,111] [18,25,30,35,36,74,80,103] [36,43,46,47,69,82,105,109] [21,26,30,32,68,71,80,125] [2,13,29,66,83,106,113,118] [10,11,44,55,69,74,83,105] [1,17,23,26,38,40,50,117] [1,11,14,43,78,96,119,122] [2,20,35,66,90,107,122,124] [9,23,36,54,63,65,100,104] [1,2,4,5,32,45,48,82] [5,18,44,47,67,105,108,122] [52,62,71,80,97,99,106,111] [18,19,25,30,35,36,42,80] [4,20,30,33,79,102,109,115] [30,34,46,71,80,87,115,125] [2,29,33,59,66,101,106,118] [3,10,23,44,54,55,105,115] [1,8,17,23,26,38,40,98] [11,14,16,78,102,114,119,122] [2,9,17,66,90,106,107,121] [10,22,23,65,86,100,104,109] [1,2,5,13,32,45,48,82] [18,47,56,67,100,105,108,122] [1,37,52,71,76,80,97,99] [18,19,25,35,36,52,69,103] [33,43,46,69,105,109,115,116] [26,30,46,80,87,100,115,125] [2,10,29,66,83,101,106,113] [10,11,23,39,44,55,58,105] [1,3,17,40,78,94,98,121] [11,14,43,51,78,102,115,119] [2,9,20,35,66,103,106,121] [16,18,27,68,71,98,102,123] [6,29,36,44,87,91,97,104] [3,6,20,27,48,69,81,104] [12,20,22,63,70,80,114,123] [22,52,55,80,98,115,117,127] [36,47,66,71,85,88,120,123]
Token  44: [0,23,28,46,91,105,112,124] [29,63,67,68,73,74,77,122] [4,23,36,51,64,72,73,76] [9,12,35,40,59,76,78,109] [11,27,40,57,77,83,97,113] [5,10,18,45,78,87,99,117] [10,22,23,63,66,100,104,118] [1,4,5,13,32,45,48,82] [3,18,20,44,47,67,80,122] [35,62,71,77,80,89,97,99] [18,19,25,30,35,36,74,109] [1,16,36,43,69,82,105,122] [2,30,32,34,46,80,101,125] [10,29,41,101,106,117,118,123] [7,10,11,23,44,47,55,63] [1,17,20,26,31,40,72,117] [1,14,29,77,78,110,114,122] [9,64,65,90,99,107,112,121] [10,23,36,63,66,86,100,104] [1,3,4,26,32,45,48,82] [3,18,44,47,67,105,108,122] [22,35,71,77,80,97,99,124] [2,18,19,25,30,35,36,109] [16,30,33,42,55,68,79,116] [0,9,32,46,71,87,101,115] [24,33,41,57,71,91,101,106] [3,16,23,47,54,55,63,110] [2,8,17,26,38,40,77,98] [14,16,29,78,110,114,115,122] [64,65,80,84,99,121,122,124] [13,22,23,36,63,65,100,118] [1,3,5,32,45,48,82,100] [18,33,47,67,90,101,105,108] [35,52,77,80,97,99,106,111] [18,19,25,30,35,36,69,109] [1,30,42,55,60,79,105,115] [0,2,30,46,71,87,101,115] [10,29,41,57,83,91,101,106] [3,10,11,23,44,47,55,60] [8,17,20,31,40,77,90,94] [14,29,77,78,109,110,115,122] [0,9,36,64,65,80,103,121] [24,49,68,70,71,75,77,90] [8,44,49,74,99,104,121,125] [3,6,13,23,27,37,80,110] [5,26,47,63,76,83,86,87] [5,10,45,76,96,97,104,124] [15,31,71,74,90,114,121,127]
Token  45: [11,61,70,81,84,118,120,122] [19,67,74,77,83,91,122,123] [36,51,64,72,116,117,120,123] [9,10,12,56,59,76,78,91] [10,39,51,57,77,83,91,111] [5,18,23,34,79,97,99,111] [10,14,22,23,79,89,100,104] [1,4,5,32,45,48,72,82] [18,28,44,47,51,61,67,122] [43,45,48,52,62,97,99,105] [18,19,25,35,36,74,80,83] [1,13,36,47,58,67,69,105] [30,68,69,79,80,100,120,124] [10,24,29,44,79,106,118,121] [3,10,11,23,28,44,55,80] [1,17,23,26,40,68,78,117] [1,14,15,20,78,114,121,122] [1,15,17,45,90,97,107,121] [9,10,23,52,63,65,100,104] [1,5,32,45,48,72,82,100] [28,44,47,67,101,105,108,122] [43,48,52,76,80,97,98,99] [18,19,25,30,35,74,83,90] [1,43,46,58,71,90,96,115] [2,23,30,34,46,79,80,100] [24,33,83,101,106,107,118,121] [3,10,23,28,44,55,63,115] [1,17,23,38,40,82,98,121] [14,15,16,78,102,114,122,127] [9,15,17,45,52,90,106,121] [10,14,22,23,65,100,104,109] [1,5,13,32,45,48,82,108] [47,56,67,100,105,108,122,123] [37,52,76,97,98,99,105,111] [18,19,25,35,36,69,74,83] [1,43,46,58,67,69,71,105] [30,46,73,79,80,87,100,124] [29,44,75,79,83,101,106,121] [10,11,23,44,55,57,80,101] [1,8,17,23,34,35,60,78] [7,11,14,15,78,102,121,127] [9,15,17,45,52,72,106,121] [2,3,7,21,37,65,71,74] [4,8,12,19,43,44,97,104] [0,27,45,54,69,88,104,113] [4,17,46,63,112,114,117,123] [19,22,29,30,39,55,80,105] [32,35,52,71,86,95,108,111]
Token  46: [3,11,28,29,62,111,124,126] [22,60,74,76,78,114,122,123] [14,36,50,51,52,112,119,120] [7,12,26,59,78,91,120,125] [11,18,39,40,51,57,86,91] [5,16,18,30,45,79,93,117] [10,23,66,86,87,100,104,109] [1,13,32,43,45,48,82,87] [24,39,47,51,61,67,108,122] [37,48,52,60,76,97,99,103] [18,25,52,62,74,80,107,120] [16,47,69,71,79,87,96,105] [30,46,68,80,87,100,123,124] [24,55,71,75,84,101,106,121] [10,23,28,44,55,62,76,101] [1,8,17,35,40,50,78,98] [1,14,16,20,78,102,122,123] [1,9,14,17,84,93,106,121] [10,22,23,63,65,100,104,109] [1,5,13,32,43,45,48,82] [24,47,51,67,105,108,122,123] [1,37,48,52,80,97,99,103] [18,19,25,30,52,74,95,120] [1,43,46,69,71,87,105,115] [2,30,46,80,87,100,123,124] [24,29,71,83,84,101,106,121] [3,23,28,44,55,62,76,101] [1,3,8,17,40,51,69,98] [14,16,20,78,102,122,123,127] [9,17,68,84,97,106,112,121] [10,22,23,65,86,100,104,109] [1,5,32,45,48,82,89,91] [24,47,51,67,74,105,108,122] [37,48,52,60,76,97,99,103] [18,19,25,52,69,74,76,120] [1,29,30,47,69,71,87,105] [2,46,67,73,87,100,120,123] [24,40,55,73,84,99,106,121] [22,23,28,55,57,62,101,115] [3,8,17,31,51,69,98,121] [14,20,78,102,115,121,123,127] [1,9,14,20,54,84,97,112] [3,8,28,65,71,80,101,115] [2,4,36,44,46,83,87,104] [13,23,27,54,71,104,107,113] [2,4,12,22,27,32,114,117] [22,52,55,63,67,74,97,101] [32,34,71,74,85,86,114,117]
Token  47: [14,24,38,57,61,92,106,118] [7,9,17,26,48,91,98,105] [7,36,52,62,90,112,120,122] [7,11,12,26,78,119,120,125] [23,39,40,51,57,63,105,111] [5,16,18,23,45,51,105,110] [13,23,66,86,87,100,104,111] [1,32,33,43,45,48,82,91] [24,28,47,51,61,67,108,122] [32,37,48,60,76,97,99,103] [18,19,25,52,76,80,94,103] [46,47,69,87,90,105,109,110] [2,46,68,75,87,100,120,123] [55,66,71,78,92,106,113,126] [7,16,23,44,57,76,105,115] [1,3,17,26,40,69,89,98] [1,12,14,43,78,102,119,122] [2,9,20,66,75,90,112,121] [10,22,23,54,65,86,100,104] [1,5,13,32,33,45,48,82] [47,61,67,100,105,108,122,123] [1,32,48,76,97,99,103,111] [7,18,19,25,52,74,76,120] [43,46,69,79,87,105,109,115] [22,30,46,68,75,80,87,123] [29,66,83,92,99,101,106,113] [3,16,23,44,55,57,76,115] [1,3,8,17,40,69,75,98] [1,14,16,43,78,102,119,127] [2,9,20,35,66,82,112,121] [22,23,54,86,97,100,104,111] [1,5,13,32,45,82,91,124] [8,47,67,74,105,108,122,123] [32,37,46,76,81,97,99,111] [18,25,69,74,76,83,94,110] [29,46,69,87,105,109,115,116] [2,46,61,68,80,100,120,123] [40,49,55,66,73,99,106,113] [16,23,39,55,57,58,101,105] [3,4,8,17,34,69,78,98] [12,14,43,78,102,115,119,127] [2,9,20,35,61,66,112,121] [3,18,27,71,80,93,102,115] [6,29,36,44,46,68,87,104] [6,20,27,48,56,69,81,104] [4,12,27,32,70,80,114,117] [22,52,55,61,80,101,115,117] [36,47,66,85,86,88,120,123]
Token  48: [28,64,67,75,77,82,91,110] [9,16,28,48,63,74,90,122] [4,36,41,46,57,64,70,74] [9,24,68,73,77,78,123,124] [7,11,46,51,57,67,70,113] [18,36,45,55,75,93,115,122] [6,22,23,87,100,104,111,118] [1,2,32,33,45,82,89,100] [4,17,61,67,76,100,108,123] [7,17,32,35,37,76,80,99] [18,19,25,82,85,94,95,103] [14,18,29,33,46,100,105,116] [2,14,24,26,43,46,87,103] [2,40,57,71,73,92,106,112] [15,16,23,57,60,64,76,115] [17,32,40,77,89,119,121,125] [1,11,13,14,78,102,109,127] [9,27,36,66,75,82,112,124] [22,23,65,87,89,100,104,118] [1,2,5,32,33,45,48,82] [4,61,67,95,100,105,108,123] [7,32,35,47,76,80,97,99] [18,23,25,36,82,85,103,127] [22,25,29,33,42,46,99,116] [2,24,26,34,46,61,75,87] [2,18,57,63,73,101,106,127] [16,23,44,55,57,73,76,115] [8,17,32,40,77,89,121,126] [11,13,14,78,102,109,122,127] [9,66,82,92,112,121,122,124] [22,23,86,87,89,97,100,112] [1,2,5,32,45,48,82,89] [4,47,61,67,100,105,108,123] [7,32,35,37,47,76,97,99] [23,25,36,69,82,85,94,103] [9,18,22,25,29,46,99,116] [2,14,26,30,46,61,73,103] [2,18,40,62,73,106,112,127] [15,16,23,55,57,64,73,115] [17,32,40,77,98,106,125,126] [11,13,14,78,102,108,109,115] [2,6,9,36,66,92,112,121] [3,16,18,71,86,98,115,126] [16,29,36,44,56,68,87,104] [11,20,23,27,69,81,104,116] [4,12,27,32,47,114,117,123] [5,19,22,52,55,60,80,127] [15,21,26,74,82,86,120,127]
Token  49: [72,76,95,100,102,110,119,122] [12,13,70,94,100,106,117,122] [40,41,49,75,77,78,99,113] [20,50,73,82,94,116,123,125] [11,52,57,70,92,99,113,118] [17,18,33,37,59,64,75,105] [13,34,35,56,63,71,87,107] [2,18,32,45,62,82,106,109] [38,53,61,65,67,90,102,127] [0,7,17,19,32,49,80,111] [16,18,30,50,57,58,69,98] [20,21,28,36,59,60,96,99] [2,4,34,46,56,65,115,127] [10,40,42,91,92,101,106,112] [3,23,36,53,55,57,99,115] [8,17,32,40,75,89,91,121] [1,11,14,75,78,80,105,126] [9,18,27,34,77,82,100,112] [63,65,66,86,87,104,111,119] [1,7,32,44,45,82,100,106] [5,67,86,94,95,118,123,124] [7,8,17,49,76,80,99,111] [7,18,23,30,66,71,82,94] [21,22,53,67,73,96,99,100] [2,4,14,34,46,65,92,127] [20,51,92,93,99,104,106,112] [3,15,38,53,57,66,86,115] [3,6,17,32,40,75,89,125] [1,14,78,80,93,105,126,127] [1,18,34,72,73,77,82,100] [22,54,63,87,89,103,104,111] [7,32,33,44,45,82,100,106] [5,9,53,67,94,118,123,124] [7,8,38,67,80,92,102,111] [7,13,18,30,71,82,94,103] [4,20,53,94,96,99,100,111] [2,4,14,32,92,108,111,127] [20,52,61,91,92,104,106,112] [15,32,55,69,84,92,115,125] [11,25,32,51,52,75,110,125] [1,28,35,42,48,80,107,115] [34,49,59,73,80,82,88,100] [4,17,30,50,56,66,70,111] [2,18,56,61,74,75,80,91] [5,9,11,16,25,27,42,62] [12,29,48,88,90,95,114,127] [17,43,46,51,54,74,76,104] [8,23,39,53,65,76,109,110]
Token  50: [32,46,48,49,58,72,78,118] [2,12,13,19,34,63,77,122] [2,41,49,51,77,90,100,115] [13,37,59,73,78,116,123,125] [23,40,51,57,63,70,113,122] [5,18,45,55,75,99,105,107] [13,23,86,89,100,104,108,127] [1,2,5,32,45,48,82,89] [8,47,56,61,95,105,108,122] [32,37,48,76,97,99,103,111] [16,18,25,35,52,76,85,103] [29,33,46,47,99,105,109,116] [21,26,46,68,75,87,123,125] [2,49,55,66,71,73,78,113] [16,23,55,57,76,101,105,115] [1,3,8,17,38,40,50,98] [1,11,14,43,78,102,119,122] [2,20,66,82,90,107,112,124] [10,13,23,36,65,100,104,127] [1,2,13,26,32,45,48,82] [18,47,61,67,100,105,108,122] [1,20,37,48,60,76,97,99] [7,18,19,25,35,36,103,110] [20,33,43,69,105,109,115,116] [30,46,68,71,75,87,100,125] [2,10,29,66,71,73,78,113] [10,11,23,44,55,63,76,105] [1,8,17,26,38,40,69,98] [11,14,16,43,78,102,119,122] [2,9,20,66,106,107,112,121] [3,10,22,23,86,100,104,109] [1,2,5,13,26,32,45,82] [18,47,67,74,105,108,122,123] [37,48,76,81,97,99,102,103] [18,19,25,35,36,52,69,103] [29,47,59,69,105,109,115,116] [26,30,46,68,80,87,100,125] [2,40,66,73,78,99,106,113] [3,10,23,39,55,57,105,115] [1,3,8,17,40,51,94,98] [11,14,43,51,78,102,115,119] [2,9,20,35,66,103,112,121] [3,18,27,71,80,93,98,102] [6,29,36,44,68,87,91,104] [20,27,48,56,69,81,104,116] [4,12,32,70,80,114,117,123] [19,22,52,55,61,80,101,115] [36,47,66,86,88,120,123,124]
Token  51: [0,12,23,28,62,89,112,124] [16,29,48,63,67,74,77,122] [4,36,50,51,59,73,76,126] [32,40,59,62,78,92,125,127] [10,11,18,27,51,57,67,77] [5,18,45,48,58,87,116,117] [10,22,23,52,86,100,104,111] [1,5,32,43,45,48,82,89] [15,20,44,56,74,104,108,122] [35,37,76,81,97,99,102,103] [18,25,35,52,74,95,109,110] [8,16,29,33,46,68,105,116] [25,43,46,54,75,87,100,125] [2,41,42,71,84,101,109,123] [16,23,44,47,55,57,76,99] [1,8,17,40,68,77,89,98] [1,14,29,33,78,96,102,110] [9,17,27,65,103,107,112,121] [10,13,23,36,52,86,100,104] [1,5,26,32,33,45,48,82] [14,15,44,47,74,105,108,122] [1,33,35,52,76,97,99,103] [7,18,25,35,95,109,110,120] [16,20,29,55,69,97,105,116] [30,38,46,67,75,80,87,123] [29,41,71,84,101,106,109,123] [3,8,23,47,55,74,76,92] [8,17,25,68,69,77,94,98] [1,6,14,16,35,78,102,110] [0,9,36,64,103,106,107,121] [10,22,23,65,86,96,100,104] [1,5,11,32,45,48,82,89] [20,22,47,67,74,105,108,122] [35,37,76,97,99,103,106,111] [9,18,25,69,74,95,109,110] [25,29,42,55,97,105,115,116] [0,2,38,46,67,73,87,103] [40,41,57,73,84,106,109,123] [3,18,23,47,55,60,74,87] [8,17,20,31,40,77,94,107] [6,29,44,77,78,102,110,115] [0,49,54,63,64,65,80,103] [8,24,49,70,71,75,90,126] [18,44,47,49,74,80,121,125] [13,23,27,37,47,80,104,110] [5,12,47,48,76,86,87,114] [5,10,33,52,55,82,96,124] [15,23,31,44,74,86,114,127]
Token  52: [9,11,61,81,84,101,118,120] [5,19,66,77,83,115,122,123] [14,36,50,51,116,117,123,126] [10,12,32,59,62,78,91,127] [10,18,51,57,77,86,91,111] [16,18,30,34,45,58,111,117] [10,23,39,52,79,86,100,104] [1,34,43,45,48,72,82,89] [28,39,44,51,61,105,108,122] [37,43,48,52,62,76,99,103] [18,25,35,52,74,83,97,119] [13,29,47,58,79,105,115,116] [30,43,68,87,100,120,123,124] [2,24,55,58,79,101,106,121] [23,28,44,55,57,74,76,80] [1,3,8,17,60,68,69,98] [1,11,14,15,20,78,102,121] [9,15,17,45,52,107,112,121] [10,13,23,52,97,100,104,111] [1,5,32,40,45,48,82,89] [28,44,51,74,104,105,108,122] [43,48,52,76,97,99,103,111] [7,18,25,35,74,83,97,107] [13,20,29,47,69,79,105,115] [46,61,68,75,80,87,100,124] [2,29,71,73,79,101,106,121] [3,23,28,44,55,57,76,80] [1,3,8,17,40,94,98,121] [1,11,14,15,16,78,102,127] [6,9,15,17,52,79,106,121] [6,23,86,89,97,100,104,111] [1,5,13,32,45,82,91,124] [28,47,67,74,105,108,122,123] [37,43,52,76,81,97,99,103] [18,25,35,69,74,76,83,97] [12,13,47,58,67,69,105,115] [40,46,68,73,80,87,100,124] [21,40,44,73,75,79,99,121] [23,39,55,57,58,80,84,101] [1,8,17,23,40,60,78,94] [7,14,15,78,102,115,121,127] [6,15,17,45,52,72,106,121] [3,7,16,21,37,65,71,74] [4,8,12,19,26,43,44,104] [0,27,45,88,104,113,116,122] [4,12,17,46,112,114,117,123] [7,19,22,29,30,39,80,105] [35,52,71,78,85,95,108,111]
Token  53: [3,28,29,47,62,112,124,126] [45,57,66,74,78,115,122,123] [4,36,52,62,73,112,119,120] [7,11,78,91,118,119,120,127] [11,18,39,40,51,91,97,105] [5,18,30,45,55,79,80,99] [10,22,23,86,97,100,104,109] [1,13,32,44,45,53,82,89] [24,47,51,56,67,74,108,122] [37,52,76,86,94,97,99,102] [3,18,25,35,74,76,97,120] [29,46,47,71,87,105,110,120] [25,43,46,61,68,87,100,124] [24,45,49,71,73,75,79,121] [9,23,28,55,62,69,76,108] [3,8,17,69,78,82,98,116] [14,16,20,52,78,102,114,123] [9,14,36,62,79,84,107,121] [10,22,23,54,86,100,104,109] [1,13,29,32,44,45,53,82] [24,47,51,67,74,105,108,122] [5,37,52,76,86,97,99,102] [18,25,35,74,76,95,97,120] [46,71,87,97,105,110,116,120] [46,61,68,75,80,87,100,102] [24,29,49,71,73,101,106,121] [22,23,44,55,57,62,76,108] [3,8,17,40,68,82,89,98] [14,16,20,78,102,114,123,127] [14,36,62,68,82,84,97,121] [22,23,86,96,97,100,104,109] [1,13,29,45,53,82,91,124] [24,47,51,67,74,105,108,122] [37,48,52,66,76,86,97,99] [18,25,69,76,77,83,97,120] [29,46,47,68,71,87,105,115] [46,61,68,73,80,87,100,120] [24,40,49,73,75,99,106,121] [22,23,28,39,55,57,62,108] [3,4,8,17,40,51,98,115] [14,20,23,78,102,115,121,123] [1,14,20,62,80,84,97,121] [3,8,28,65,71,80,101,115] [4,26,36,44,46,68,87,104] [13,23,27,54,56,71,104,116] [4,12,27,32,45,114,117,123] [19,45,52,55,67,101,115,117] [32,34,54,74,78,86,117,124]
Token  54: [27,38,49,50,61,92,106,110] [9,14,57,66,91,99,105,122] [36,45,50,52,62,120,122,125] [7,11,59,78,94,119,120,127] [11,18,39,51,57,67,97,105] [5,18,45,49,51,55,79,105] [10,13,23,86,97,100,104,109] [1,13,32,45,53,82,89,91] [2,24,47,51,67,74,108,122] [37,48,52,76,81,97,99,102] [9,18,25,74,76,97,110,120] [29,36,46,47,71,87,105,110] [25,46,47,61,68,71,87,100] [12,66,73,75,106,113,119,126] [9,22,23,39,57,69,76,105] [3,8,17,26,40,50,88,98] [1,14,43,51,78,102,123,127] [2,20,35,62,66,103,107,121] [6,10,22,23,86,97,100,104] [1,5,13,45,48,82,89,91] [2,44,47,67,74,105,108,122] [37,48,52,76,97,99,102,103] [7,18,25,35,74,97,110,120] [29,47,69,71,79,87,105,115] [34,46,68,70,75,80,87,115] [12,29,40,66,71,106,113,126] [9,22,23,34,55,57,76,105] [1,3,8,17,50,68,69,98] [1,14,16,43,51,78,102,127] [2,9,35,62,66,68,79,121] [6,22,86,97,100,104,109,111] [1,5,13,32,45,82,89,91] [2,47,67,74,76,105,108,122] [37,60,76,81,86,97,99,103] [18,25,69,74,76,83,97,110] [29,43,46,47,71,87,105,115] [46,61,68,75,80,87,100,102] [12,40,66,73,99,106,113,126] [22,23,39,55,57,58,96,105] [3,4,7,8,17,40,94,98] [14,43,51,78,102,121,123,127] [2,9,20,35,66,103,121,126] [3,18,71,80,93,98,102,123] [6,26,36,44,68,81,87,104] [20,27,48,56,69,81,104,116] [4,12,20,70,80,114,117,123] [19,22,52,55,61,101,115,117] [36,47,66,78,86,88,120,123]
Token  55: [22,28,47,64,67,68,86,91] [7,22,37,48,68,74,90,122] [4,6,27,36,70,74,94,120] [24,39,71,73,77,78,125,127] [5,6,11,18,51,57,67,87] [5,16,18,45,55,81,87,115] [6,22,86,97,100,103,104,111] [1,13,32,45,53,82,89,91] [2,4,47,67,74,94,105,122] [25,35,37,40,60,76,99,102] [3,10,18,25,76,82,95,110] [12,16,29,46,50,78,97,105] [34,38,40,46,61,87,100,103] [1,12,40,71,73,102,109,127] [23,39,53,57,60,76,99,108] [3,6,8,17,40,69,77,96] [1,13,14,51,52,78,102,127] [35,36,62,66,87,92,107,121] [6,22,86,89,97,100,103,104] [1,13,32,45,53,82,89,91] [4,47,67,74,94,105,108,122] [5,25,35,37,76,81,86,99] [10,18,25,76,82,97,110,124] [12,16,18,42,46,50,73,97] [14,32,34,40,46,75,87,103] [1,57,62,71,73,106,120,127] [23,53,55,57,60,71,76,108] [6,17,40,77,82,89,125,126] [1,13,14,78,94,102,109,127] [35,36,62,66,87,92,107,121] [6,22,33,86,97,100,103,104] [1,13,29,45,53,82,89,91] [4,67,74,76,94,105,108,122] [5,25,35,37,40,76,97,99] [10,18,25,41,69,82,110,124] [12,18,25,29,46,50,73,97] [14,29,34,40,46,61,103,112] [1,12,40,73,102,106,120,127] [22,23,53,55,57,64,87,108] [17,27,77,96,98,106,125,126] [13,14,51,78,94,102,109,115] [2,6,35,62,66,92,121,122] [3,5,18,71,80,86,98,106] [16,26,36,44,68,80,87,104] [6,20,23,27,39,104,116,119] [4,12,26,42,76,114,117,123] [7,8,19,51,52,55,115,117] [15,21,26,63,71,78,120,121]
Token  56: [11,28,64,87,91,112,122,124] [13,14,29,37,38,40,92,122] [4,6,49,50,52,76,115,120] [3,46,70,78,92,109,125,127] [1,5,6,18,27,51,57,67] [16,18,45,48,49,87,93,115] [6,10,22,86,97,100,104,111] [1,13,29,32,45,53,82,89] [2,20,27,67,74,94,105,122] [25,35,37,52,76,99,102,106] [3,10,25,82,95,97,109,110] [12,16,29,46,55,71,97,105] [0,38,46,75,87,100,102,103] [12,40,41,57,71,73,109,123] [18,23,53,55,57,60,76,108] [6,8,17,20,77,82,96,98] [14,29,77,78,102,108,110,127] [0,17,36,62,64,65,84,121] [6,10,22,23,86,100,103,104] [1,13,29,44,45,48,53,82] [2,44,47,67,74,105,108,122] [5,35,37,52,76,86,97,99] [10,18,25,52,76,95,110,124] [16,29,42,46,55,97,105,116] [0,14,34,38,46,75,87,103] [12,57,62,73,101,106,109,123] [18,22,23,55,60,71,76,108] [8,17,20,40,77,82,98,126] [14,29,44,78,94,102,110,127] [0,36,62,63,64,65,92,121] [6,10,22,86,97,100,104,118] [1,5,13,45,48,53,89,124] [2,20,47,67,74,105,108,122] [35,37,40,52,76,97,99,106] [10,18,25,40,69,95,110,124] [16,29,42,46,55,71,73,97] [0,2,38,46,67,75,87,103] [12,41,57,62,73,106,109,123] [18,22,23,55,57,60,71,108] [8,17,20,31,51,94,107,126] [14,29,44,77,78,110,115,127] [0,63,64,65,80,84,121,122] [24,49,55,71,75,90,106,126] [8,26,44,47,80,104,121,125] [8,23,27,39,80,104,110,116] [4,5,26,47,76,83,87,123] [5,10,19,45,52,55,82,124] [15,21,31,44,74,90,121,127]
Token  57: [31,32,51,61,69,107,120,122] [2,14,45,66,74,76,83,122] [6,37,52,62,68,116,117,120] [0,1,46,59,78,89,106,127] [18,39,51,57,79,91,102,111] [2,5,16,18,30,45,49,111] [6,9,10,14,86,100,104,109] [1,13,45,53,72,82,91,124] [2,27,28,47,67,74,99,108] [37,43,48,52,76,97,99,105] [3,14,18,25,76,83,97,120] [12,13,29,46,47,58,71,105] [43,46,68,69,87,100,120,124] [12,13,24,55,71,73,79,121] [22,23,28,39,57,69,76,101] [3,8,17,34,50,69,98,100] [14,20,78,102,114,121,123,127] [14,17,45,51,62,84,97,121] [6,10,14,29,86,97,100,109] [1,13,29,45,48,72,89,91] [27,28,47,67,74,105,108,122] [37,43,48,52,76,97,99,105] [14,18,25,52,76,97,110,120] [12,13,29,46,58,71,79,105] [46,68,69,75,87,100,102,120] [29,40,55,71,73,79,101,121] [23,28,44,55,57,76,101,108] [3,8,17,34,69,94,98,100] [14,16,20,52,78,102,121,127] [14,45,68,77,79,97,112,121] [6,10,14,86,89,97,100,104] [1,5,32,45,48,82,89,91] [32,47,67,74,100,105,108,122] [37,43,48,60,76,97,99,105] [14,25,40,52,69,76,83,120] [13,29,46,47,58,71,90,105] [46,61,68,69,87,100,120,121] [40,55,73,79,99,106,107,121] [23,28,38,55,57,69,84,101] [3,4,17,34,40,89,94,100] [14,20,78,102,105,114,121,127] [1,9,14,45,51,80,97,121] [3,55,65,71,75,80,101,115] [4,36,41,44,46,58,65,104] [6,27,52,54,56,69,71,104] [2,12,27,32,45,114,117,127] [52,55,63,67,97,101,117,127] [27,32,34,55,58,85,86,117]
Token  58: [14,18,51,57,74,103,106,110] [9,24,33,48,56,116,122,126] [16,36,52,68,90,101,120,122] [10,12,21,26,64,78,106,127] [2,40,51,57,63,67,102,111] [5,18,45,49,51,55,105,111] [6,14,22,86,96,97,100,104] [1,5,13,45,53,72,82,91] [28,47,54,56,67,74,99,100] [32,37,43,48,76,97,99,105] [3,14,18,25,40,76,83,123] [13,46,47,58,79,90,94,109] [36,46,68,69,71,87,120,121] [31,55,66,71,73,79,92,113] [9,16,22,23,57,76,101,105] [3,8,17,34,50,68,69,100] [1,14,16,43,78,102,119,127] [2,27,35,45,51,61,77,121] [6,14,22,86,89,97,100,104] [1,5,32,45,48,82,89,91] [32,54,74,100,105,108,122,123] [17,48,60,76,81,99,103,105] [18,25,40,52,76,85,103,123] [12,13,46,47,58,90,105,109] [2,46,61,68,69,75,87,123] [2,40,55,66,73,79,92,106] [16,23,38,55,57,76,101,105] [3,6,17,34,40,94,100,121] [1,12,14,16,78,102,119,127] [2,9,35,68,79,82,112,121] [6,14,22,54,89,97,100,104] [1,5,32,45,47,82,89,91] [32,56,61,67,100,104,108,123] [17,32,48,76,81,97,99,105] [14,25,40,69,76,85,94,103] [13,20,29,47,79,94,99,109] [2,30,46,61,68,69,120,121] [40,55,66,73,99,106,107,113] [16,23,38,39,55,57,101,105] [3,4,17,34,40,89,94,100] [12,14,43,78,102,114,119,127] [2,9,35,45,61,66,112,121] [3,16,18,27,55,93,102,115] [6,26,29,36,44,65,68,104] [6,20,27,48,56,69,81,104] [2,12,27,32,70,80,114,117] [22,52,55,63,101,115,117,127] [36,47,66,85,86,88,120,123]
Token  59: [28,33,52,64,75,82,91,124] [9,24,28,33,48,63,74,122] [4,17,46,74,81,97,104,107] [9,24,68,74,78,103,109,127] [11,23,46,51,53,57,60,70] [5,18,52,55,79,81,93,110] [3,6,14,54,87,89,104,111] [1,5,13,32,45,74,82,91] [32,56,67,70,74,100,108,123] [7,17,32,35,76,81,82,99] [18,25,40,76,82,85,94,103] [18,33,50,59,75,90,99,116] [26,36,40,46,61,93,121,127] [2,71,73,87,92,106,112,120] [14,15,16,23,38,55,57,92] [17,32,40,89,100,106,119,125] [1,14,28,35,78,82,102,127] [9,36,79,82,92,112,118,121] [13,14,22,23,87,89,100,104] [1,2,5,32,45,48,82,91] [18,22,32,56,61,100,104,105] [7,17,32,47,60,76,99,105] [9,23,25,40,55,76,85,103] [18,22,25,43,46,79,94,116] [2,14,26,36,46,75,80,87] [2,18,61,63,73,101,106,127] [15,16,23,38,55,57,73,92] [0,17,25,32,34,40,100,125] [1,14,16,28,35,78,100,127] [9,68,82,92,99,118,121,122] [14,22,87,89,97,100,104,107] [1,2,5,32,45,82,89,91] [22,32,53,61,67,100,104,108] [7,17,32,47,76,82,99,105] [9,23,25,36,55,82,94,103] [9,18,22,25,59,75,94,99] [2,14,24,36,46,92,121,127] [45,52,61,87,92,112,120,127] [15,16,22,26,55,57,73,92] [0,25,32,51,89,106,110,125] [27,28,35,78,82,100,115,127] [9,18,82,92,99,112,118,121] [4,8,17,33,69,70,71,106] [24,41,61,68,75,80,104,111] [9,11,27,42,62,66,96,104] [4,12,48,67,88,114,116,117] [14,18,33,46,51,54,63,104] [0,6,17,23,39,53,80,96]
Token  60: [4,24,38,66,86,101,118,122] [24,31,47,57,85,89,122,126] [12,36,41,57,60,70,74,104] [18,29,45,66,67,68,72,118] [6,23,46,51,57,60,65,70] [0,18,20,32,45,55,93,106] [14,22,47,54,87,89,104,111] [1,7,13,32,45,74,82,108] [11,32,67,94,100,104,108,123] [7,17,21,35,76,80,92,99] [7,25,71,76,82,85,94,103] [18,25,38,43,73,99,100,107] [2,14,40,46,61,92,93,127] [2,20,40,62,71,87,92,112] [14,15,23,24,38,42,57,92] [17,32,40,75,89,110,119,125] [1,11,13,14,28,78,126,127] [9,36,75,82,100,112,118,121] [14,22,65,87,89,103,104,111] [1,5,7,32,45,82,89,100] [5,11,32,61,67,100,108,123] [7,17,35,71,76,92,97,99] [7,23,25,71,82,85,94,103] [18,22,25,60,73,99,100,116] [2,4,25,34,46,92,112,127] [2,18,20,62,87,92,112,127] [15,23,38,55,57,71,73,115] [17,32,40,75,89,121,125,126] [1,13,14,28,35,78,100,127] [9,36,82,92,100,112,121,122] [14,22,23,54,87,89,103,104] [1,2,5,32,45,74,82,108] [4,11,32,53,76,100,108,123] [7,32,35,47,76,82,92,99] [23,25,66,71,82,85,94,103] [9,18,22,25,73,99,100,116] [2,14,25,46,92,103,112,121] [18,40,62,73,87,112,120,127] [15,16,23,38,55,57,60,73] [17,32,40,89,94,100,125,126] [13,14,16,51,78,102,115,127] [2,6,9,35,49,66,92,121] [3,16,18,55,69,71,86,98] [16,26,29,36,65,68,75,104] [6,11,20,27,56,69,81,104] [12,20,24,27,32,114,117,123] [22,51,52,55,101,115,117,127] [15,21,26,58,82,85,86,127]
Token  61: [24,28,67,86,91,105,112,122] [13,25,29,52,63,74,89,122] [4,6,27,36,48,50,64,76] [13,34,68,70,73,109,116,125] [11,27,51,57,60,64,70,113] [5,18,55,71,75,87,93,99] [6,14,23,86,89,97,104,111] [1,5,13,32,45,81,82,108] [32,47,56,74,100,104,108,123] [17,32,34,35,76,97,99,106] [18,25,76,82,85,91,94,103] [16,46,55,75,90,97,99,105] [2,14,36,46,61,87,103,121] [1,2,40,41,57,106,109,123] [16,18,23,38,44,57,60,64] [6,8,17,20,32,40,89,100] [1,14,30,78,102,109,110,127] [0,9,27,36,51,64,65,121] [14,22,23,86,89,97,100,104] [1,5,32,45,48,82,89,108] [32,56,61,67,100,105,108,122] [17,35,37,41,60,76,97,99] [18,25,40,76,85,95,97,103] [16,28,42,46,55,94,97,116] [0,2,36,38,46,61,75,103] [2,29,57,73,101,106,109,123] [18,23,38,44,55,57,60,64] [17,32,40,77,89,100,106,126] [1,14,16,44,78,109,110,127] [0,1,9,27,36,64,82,121] [14,22,23,89,97,100,104,118] [1,2,5,32,45,48,82,89] [4,20,32,47,56,67,100,105] [17,32,34,35,41,76,99,106] [25,40,41,69,76,94,103,124] [28,42,46,55,73,94,97,99] [0,2,14,46,73,75,103,121] [41,57,62,73,106,109,123,127] [16,18,23,38,55,57,60,64] [17,31,40,46,89,106,107,126] [13,14,78,105,108,109,115,127] [0,1,9,63,64,65,121,122] [3,8,24,49,55,90,115,126] [8,36,47,68,74,104,121,125] [11,22,23,27,69,80,104,110] [2,5,26,27,32,83,87,114] [5,10,52,55,68,101,117,127] [15,21,31,44,58,74,86,127]
Token  62: [13,26,40,65,72,98,100,122] [18,50,63,70,94,100,122,127] [36,40,49,53,57,78,84,88] [6,68,78,89,93,94,116,125] [7,11,76,79,85,86,106,115] [18,42,45,55,59,61,66,125] [10,14,23,56,83,86,100,105] [1,5,43,45,48,49,82,89] [47,56,66,74,84,105,121,122] [9,37,60,76,97,99,103,110] [18,25,52,61,73,76,98,105] [1,24,29,46,49,61,69,122] [15,23,30,34,46,61,87,99] [6,10,15,28,40,73,101,106] [3,7,20,23,44,48,57,76] [1,8,17,31,68,69,85,94] [8,14,78,102,108,114,115,124] [1,9,17,19,69,72,99,121] [10,22,23,56,65,86,100,105] [1,13,29,32,45,48,49,82] [44,47,76,84,105,108,121,122] [9,37,60,79,97,99,110,125] [10,18,19,25,30,31,61,105] [1,23,24,46,49,54,61,92] [2,15,34,35,46,67,80,99] [6,15,19,28,58,71,101,106] [3,14,17,20,23,32,48,55] [2,16,17,32,40,68,85,101] [1,8,14,34,39,62,78,108] [1,19,42,59,80,93,118,121] [56,65,83,100,104,105,107,126] [1,5,32,45,48,49,82,112] [47,65,66,67,84,90,121,122] [9,76,97,98,99,110,111,125] [18,19,25,56,61,73,90,105] [1,23,24,49,54,61,76,99] [2,15,23,52,79,99,107,127] [6,15,28,78,80,92,106,118] [17,20,23,32,38,48,55,86] [17,40,51,52,83,85,89,101] [8,54,78,105,108,115,124,127] [1,19,42,53,69,72,82,121] [3,21,24,39,68,71,115,126] [5,31,37,46,75,77,88,104] [0,6,9,27,52,53,56,69] [2,12,27,32,65,114,117,124] [52,55,63,97,101,117,123,127] [20,32,58,73,74,86,109,117]
Token  63: [14,21,31,51,63,74,83,120] [6,8,23,26,34,41,122,126] [36,40,53,62,67,84,88,107] [5,6,20,29,64,89,93,119] [11,40,76,79,83,85,86,106] [18,42,45,47,61,96,103,125] [56,63,66,83,105,112,115,126] [3,45,49,69,82,95,106,109] [3,66,67,84,101,116,121,122] [9,49,62,80,98,99,104,110] [2,18,30,61,73,80,90,105] [1,24,26,49,61,92,96,122] [15,23,30,34,79,99,107,115] [6,10,15,28,80,83,106,118] [3,10,36,48,69,79,94,109] [17,23,26,40,50,61,85,91] [8,14,48,73,78,80,114,115] [1,19,68,69,88,99,103,107] [13,34,56,63,83,86,105,126] [3,32,45,49,82,100,106,112] [35,65,66,84,90,95,116,121] [0,9,62,80,98,99,110,125] [2,18,30,56,61,73,90,105] [1,23,24,26,49,54,61,92] [9,15,23,34,35,99,107,115] [6,15,28,58,80,91,106,118] [3,14,48,55,69,78,86,109] [16,17,26,40,59,61,85,99] [8,14,39,42,73,78,80,124] [1,19,68,83,88,99,103,118] [13,56,63,88,100,105,115,126] [3,33,45,49,82,100,106,109] [10,35,66,84,90,101,121,127] [9,80,98,99,104,110,123,125] [2,25,30,50,61,73,90,105] [1,23,24,26,49,54,61,76] [15,23,34,73,79,99,107,115] [6,10,28,29,80,91,106,118] [3,10,23,48,55,79,86,103] [10,17,26,31,40,83,85,106] [8,14,34,73,78,80,115,124] [19,48,53,69,80,83,103,124] [21,23,24,31,64,68,80,115] [31,46,75,77,88,98,100,104] [0,6,27,39,53,64,73,104] [2,20,22,27,63,94,114,127] [38,52,55,67,68,76,77,97] [28,32,34,48,71,73,83,117]
Token  64: [14,22,51,57,71,103,106,118] [8,9,23,44,48,116,122,126] [10,36,52,53,67,90,122,125] [12,29,39,64,93,94,112,127] [11,40,43,63,65,79,89,113] [18,31,42,45,51,96,105,110] [56,63,66,71,104,111,115,126] [1,32,33,45,69,73,82,106] [3,38,47,66,67,109,122,123] [7,32,62,68,76,80,98,99] [7,18,25,30,58,63,80,94] [46,53,67,90,96,99,100,109] [2,4,14,34,46,65,115,127] [10,40,66,87,92,101,106,112] [3,16,23,53,57,76,99,115] [17,32,40,75,89,91,121,125] [1,14,75,78,80,105,119,126] [9,27,75,77,82,100,112,121] [22,23,63,66,86,87,104,111] [1,7,32,44,45,82,100,106] [5,11,67,86,95,113,118,123] [7,17,44,76,80,97,99,111] [7,18,25,30,66,71,94,98] [21,22,53,60,67,96,99,100] [2,4,34,46,65,92,115,127] [20,58,92,93,99,104,106,112] [15,23,53,57,66,86,99,115] [16,17,32,40,75,89,91,125] [1,14,78,80,102,105,119,127] [1,6,9,72,82,100,112,121] [38,63,83,86,100,104,109,127] [1,4,32,45,48,73,82,106] [9,33,44,67,90,95,105,115] [25,32,49,65,71,80,99,123] [2,7,30,52,71,82,88,94] [4,33,78,94,96,99,109,111] [2,14,32,42,92,108,125,127] [10,20,71,89,92,104,106,112] [15,53,57,87,99,105,115,125] [11,32,33,40,72,75,89,117] [1,12,42,48,105,107,113,119] [34,49,59,82,88,89,100,105] [4,8,17,25,30,56,70,111] [10,24,29,30,61,68,72,80] [5,6,9,11,42,46,64,99] [20,29,41,64,88,114,116,117] [1,15,27,46,51,76,77,81] [26,36,53,58,71,83,110,120]
Token  65: [7,28,30,34,63,87,118,123] [8,16,23,48,65,85,87,122] [8,25,54,65,70,90,100,112] [5,12,29,69,77,81,93,94] [23,30,56,57,67,83,87,95] [18,30,43,68,71,96,105,122] [3,34,56,63,86,96,112,115] [3,32,33,45,69,82,95,109] [3,4,35,66,83,90,101,125] [32,62,80,81,98,99,100,104] [15,27,73,78,80,90,100,127] [1,26,50,96,101,109,122,125] [18,23,30,54,79,80,101,107] [8,63,66,83,102,106,113,118] [3,10,16,36,64,68,69,109] [17,23,33,37,50,59,72,106] [10,14,53,78,80,100,101,114] [11,46,77,88,99,120,124,126] [27,34,54,63,65,115,116,126] [1,3,32,33,45,82,100,106] [3,30,35,66,67,83,95,101] [0,17,62,80,91,98,99,100] [19,27,30,50,58,73,80,90] [1,26,33,45,50,54,56,96] [23,35,54,64,79,80,107,115] [8,47,66,80,91,106,118,126] [3,64,68,69,76,99,109,110] [17,33,37,59,61,72,87,106] [10,14,26,34,60,78,80,101] [3,11,46,68,88,120,124,126] [3,13,52,63,75,104,115,126] [3,32,33,45,56,82,100,106] [3,4,35,67,83,90,101,127] [17,23,32,62,65,80,100,124] [15,19,27,30,33,50,80,100] [1,8,21,46,50,54,56,96] [7,35,54,64,67,80,101,115] [8,16,66,89,91,102,106,126] [11,16,55,64,68,73,103,109] [2,17,31,33,37,87,91,106] [13,34,51,78,80,100,101,115] [11,36,46,80,88,92,124,126] [23,24,30,38,77,80,86,98] [6,16,30,31,41,58,100,104] [3,6,27,39,72,83,99,104] [12,20,22,32,37,45,114,123] [51,52,68,81,94,98,122,127] [15,21,26,74,94,107,120,127]
Token  66: [23,28,52,80,92,112,122,126] [16,29,33,63,65,85,89,122] [4,25,36,49,56,67,76,125] [45,51,70,84,86,92,93,104] [11,27,30,51,67,77,83,101] [0,10,18,71,74,83,110,122] [27,63,66,100,104,111,115,118] [3,32,44,45,69,73,82,106] [3,18,47,67,83,101,122,123] [17,35,62,68,80,99,100,104] [15,25,27,30,50,80,90,109] [1,33,46,73,95,96,101,122] [7,30,32,34,50,79,80,121] [8,33,41,62,89,106,110,118] [3,10,23,44,47,68,69,99] [17,23,26,40,50,77,91,106] [1,14,78,80,101,110,114,126] [46,54,64,83,88,103,107,124] [3,23,63,64,66,100,104,115] [1,3,32,45,48,82,100,106] [3,30,44,67,83,95,101,122] [17,35,62,71,80,97,99,111] [18,19,25,27,30,50,58,109] [1,42,46,54,55,56,73,95] [4,7,23,35,64,79,80,115] [8,33,41,62,89,106,112,118] [3,23,26,47,71,92,99,109] [17,32,37,40,89,91,106,126] [14,35,60,78,80,108,110,114] [46,68,80,83,88,103,122,124] [3,23,63,100,104,107,115,118] [1,3,32,45,48,50,82,106] [5,18,67,95,101,105,122,127] [35,62,65,80,81,97,99,106] [18,19,25,30,50,51,80,109] [1,25,42,46,54,55,73,96] [0,2,18,30,42,80,111,115] [10,16,41,57,62,91,106,112] [3,11,23,26,47,55,60,71] [17,20,31,40,60,91,106,126] [14,60,78,108,109,110,115,122] [11,15,36,46,54,64,80,103] [8,24,49,68,70,80,90,125] [12,19,43,44,49,104,121,125] [6,11,13,23,27,45,88,99] [5,17,22,46,58,63,112,114] [29,30,39,52,80,81,104,105] [15,31,35,52,71,95,111,127]
Token  67: [16,18,53,61,104,107,118,120] [33,34,56,69,86,107,122,124] [10,14,62,81,87,107,116,125] [5,19,29,51,56,67,76,93] [0,11,23,74,77,83,118,127] [18,30,45,71,80,96,110,122] [30,34,56,63,75,86,115,126] [3,45,60,69,73,82,87,95] [3,18,35,64,67,99,101,122] [13,45,48,62,80,94,98,99] [14,19,30,42,73,80,83,90] [1,26,54,67,69,75,96,122] [18,23,30,50,53,79,80,107] [16,21,30,33,44,83,106,118] [10,11,55,63,69,79,80,109] [17,23,26,40,50,61,68,91] [14,40,53,60,78,80,114,122] [53,88,90,97,103,107,122,124] [23,63,65,86,100,104,111,126] [1,3,32,45,48,82,87,106] [44,47,95,99,101,105,122,123] [13,22,45,62,80,98,99,111] [18,19,25,30,73,74,80,90] [1,46,54,67,90,92,95,115] [18,23,30,34,79,80,107,115] [13,16,33,44,71,101,106,118] [3,10,23,44,54,55,69,99] [1,17,23,26,38,40,68,91] [14,34,40,78,80,102,114,122] [17,53,90,97,103,106,112,121] [10,23,63,65,86,100,104,126] [1,26,32,33,45,48,82,100] [5,33,47,67,95,105,122,123] [1,62,76,80,94,97,98,99] [2,18,19,25,30,74,83,90] [1,26,33,46,54,67,105,115] [23,30,46,79,80,87,107,115] [10,21,44,75,83,101,106,118] [10,11,23,28,44,55,79,80] [1,17,23,31,40,78,91,94] [7,14,20,40,78,102,115,122] [1,9,53,80,97,103,106,112] [23,24,37,59,68,73,101,125] [4,43,44,46,49,77,81,104] [6,27,37,45,54,80,104,107] [22,27,32,46,63,112,114,127] [22,52,55,80,82,97,105,124] [32,34,35,73,86,90,95,117]
Token  68: [0,24,51,57,101,103,106,127] [3,9,33,48,86,116,122,126] [14,41,70,74,87,90,122,125] [12,26,29,56,67,76,93,94] [0,11,63,77,83,89,118,127] [18,31,45,51,71,96,105,110] [23,63,86,100,104,109,111,115] [1,32,45,48,69,82,95,106] [3,28,67,99,101,102,109,122] [13,32,48,62,76,80,98,99] [18,19,25,30,42,80,83,90] [36,46,54,67,69,90,96,109] [23,30,34,46,68,79,80,107] [10,65,66,83,101,106,113,118] [10,16,23,44,76,99,101,105] [1,3,17,23,26,40,82,91] [1,14,78,80,102,114,119,126] [2,17,27,35,66,107,112,121] [10,23,63,86,100,104,109,111] [1,26,27,32,45,48,82,100] [33,44,47,67,95,105,122,123] [1,52,71,80,81,97,99,103] [18,25,30,52,60,66,83,94] [29,46,60,67,69,105,109,115] [2,14,34,46,75,80,87,127] [10,42,92,99,101,104,106,112] [7,23,34,57,76,95,99,115] [1,6,8,17,68,69,91,121] [1,14,75,78,80,83,102,119] [17,27,68,72,93,103,106,112] [10,23,36,65,86,100,104,127] [1,26,32,45,48,82,100,124] [9,44,47,67,95,103,105,122] [1,37,71,80,81,97,99,103] [7,18,25,52,85,88,94,103] [4,12,33,94,96,99,107,109] [2,14,42,46,87,92,108,111] [20,29,42,66,73,92,104,112] [15,16,23,55,57,105,115,125] [11,17,32,34,40,75,89,106] [1,12,14,42,48,78,80,119] [2,9,34,35,66,88,103,112] [3,16,18,23,27,71,80,102] [6,29,36,44,46,68,87,104] [6,20,27,48,64,69,81,104] [12,20,32,58,70,80,114,123] [22,52,55,80,98,115,117,127] [36,47,66,85,86,88,120,123]
Token  69: [28,30,33,64,82,89,91,105] [9,16,22,48,68,74,85,122] [4,36,41,51,64,76,91,126] [9,24,35,70,76,78,109,114] [11,27,57,67,70,83,113,114] [5,10,18,45,75,79,87,110] [22,23,87,104,109,111,118,120] [1,2,4,13,32,45,82,108] [20,47,61,67,76,100,108,123] [7,32,35,66,76,80,97,99] [18,25,30,85,91,94,103,109] [22,36,42,43,65,96,99,100] [2,14,26,27,34,46,87,127] [2,57,62,84,91,101,106,112] [3,15,16,23,44,57,60,115] [17,32,40,75,89,91,121,125] [1,11,14,30,78,80,108,126] [9,27,36,54,82,100,112,121] [23,63,65,86,87,104,111,127] [1,2,32,45,48,73,82,106] [17,33,44,47,61,67,105,123] [35,37,71,80,81,97,99,104] [7,18,23,25,30,85,94,103] [22,42,43,96,99,100,102,107] [0,2,14,26,34,46,75,87] [2,57,73,99,101,104,106,112] [3,14,23,53,57,76,99,115] [5,8,16,17,32,40,68,121] [11,14,34,48,50,75,78,102] [1,9,18,72,93,112,121,122] [23,36,38,52,83,86,88,127] [1,2,32,45,48,73,82,109] [9,15,17,35,47,61,67,105] [7,65,71,80,97,99,104,111] [7,18,25,82,85,94,103,126] [4,25,33,38,60,85,96,99] [2,14,26,42,46,87,108,127] [10,20,29,73,101,104,106,112] [3,15,23,26,55,104,115,125] [11,16,25,32,51,58,75,89] [1,11,35,42,48,78,105,107] [1,18,34,54,59,81,88,105] [4,8,17,30,56,70,111,114] [18,56,61,72,75,80,82,83] [5,6,9,11,23,39,89,127] [4,29,45,76,77,95,114,117] [5,33,46,51,54,90,97,104] [6,23,44,58,74,82,92,110]
Token  70: [72,76,95,100,102,110,119,122] [12,70,94,100,105,106,117,122] [16,40,75,77,78,87,99,127] [35,50,73,84,94,116,123,125] [11,51,52,57,70,92,113,118] [17,25,33,37,59,64,75,103] [13,34,53,54,56,63,71,107] [18,24,32,45,62,82,106,109] [38,53,57,65,67,90,116,127] [0,2,19,49,64,80,87,111] [26,30,51,57,58,98,105,116] [3,7,21,24,28,60,96,125] [2,15,56,65,96,99,105,115] [10,15,23,26,28,58,78,106] [3,17,48,53,57,67,90,100] [16,31,40,59,85,91,101,120] [14,65,73,78,80,81,89,115] [1,18,19,21,42,55,82,83] [24,34,44,56,63,71,105,116] [3,24,49,59,82,106,109,112] [38,65,72,84,101,116,121,127] [0,9,49,80,96,110,122,125] [26,30,56,58,61,78,98,105] [21,23,24,49,54,61,96,125] [2,9,15,56,65,79,96,99] [0,15,26,28,58,78,103,104] [4,17,32,48,107,109,110,115] [16,31,40,49,59,70,91,120] [39,48,80,81,83,89,103,115] [1,18,21,55,72,75,82,83] [24,34,44,56,63,75,83,105] [9,18,59,75,82,106,109,112] [9,15,38,65,72,86,101,121] [0,10,49,80,96,110,111,125] [7,26,30,56,68,78,98,105] [3,4,7,21,23,52,64,125] [2,17,42,56,65,85,92,96] [20,29,78,82,91,103,104,112] [3,22,86,92,102,103,107,125] [11,40,48,49,59,75,91,120] [35,42,70,80,82,87,107,113] [13,34,50,59,78,83,88,93] [4,17,56,66,70,80,111,114] [18,72,74,80,96,99,106,113] [5,6,11,12,25,30,42,114] [26,29,41,76,90,110,114,127] [16,33,43,46,53,74,81,94] [39,48,54,65,102,110,114,119]
Token  71: [32,46,48,49,58,72,78,118] [2,12,33,34,62,85,93,122] [14,41,51,68,77,90,100,115] [13,35,50,73,78,116,123,125] [11,23,46,63,67,70,83,113] [5,18,74,75,99,105,107,110] [13,14,22,23,63,100,104,112] [1,2,4,32,33,45,48,82] [3,18,33,47,61,67,105,122] [13,32,48,80,92,97,99,111] [18,25,30,35,36,80,103,107] [21,36,43,47,69,96,105,109] [21,26,30,37,68,71,80,125] [2,58,66,78,83,110,113,118] [10,11,23,44,55,69,83,105] [1,17,23,26,31,38,40,91] [1,11,14,53,78,114,119,122] [35,66,75,90,107,121,122,124] [9,10,23,54,63,65,100,104] [1,2,4,20,32,45,48,82] [5,18,47,61,105,108,122,123] [62,80,81,97,99,106,111,123] [18,19,25,30,35,36,42,80] [4,20,30,33,54,60,79,109] [30,34,37,46,71,87,115,125] [2,29,59,66,71,91,106,118] [22,23,44,55,99,105,113,115] [1,8,17,26,38,51,91,98] [1,11,14,78,96,102,119,122] [2,35,66,104,106,107,121,124] [13,23,38,63,79,100,104,109] [1,2,32,33,45,48,56,82] [5,18,33,47,67,90,105,108] [38,69,71,80,81,97,99,106] [25,30,35,36,74,80,92,103] [33,43,60,65,96,99,109,116] [26,46,75,80,87,111,115,125] [2,40,42,66,83,101,106,113] [10,11,22,23,39,44,55,105] [1,8,17,32,51,94,98,121] [11,14,43,78,102,115,119,122] [2,9,20,35,66,103,106,121] [16,18,27,68,93,98,102,123] [6,29,36,44,81,87,91,104] [3,6,20,27,39,48,81,104] [12,20,22,63,70,80,114,123] [22,52,55,80,98,115,117,127] [36,47,66,71,85,88,120,123]
Token  72: [0,17,28,34,51,62,73,77] [16,45,74,77,89,99,116,122] [4,8,64,65,70,90,112,125] [35,61,77,78,93,94,99,125] [11,22,40,57,67,87,97,113] [5,18,30,45,71,79,99,105] [10,23,38,63,86,100,104,109] [1,26,27,32,33,45,48,82] [3,4,44,47,67,95,122,123] [13,22,33,62,80,81,97,99] [2,18,25,30,35,74,80,107] [16,33,36,50,54,69,105,122] [20,25,30,32,67,80,87,118] [42,71,83,97,102,106,113,115] [7,23,36,44,64,69,99,101] [1,17,33,37,38,40,77,78] [1,10,14,43,51,78,80,114] [2,27,35,66,103,105,106,107] [13,23,36,63,86,100,104,111] [1,4,26,32,33,45,48,82] [4,35,44,47,67,105,122,123] [17,33,52,62,80,81,97,99] [2,15,18,19,25,30,35,80] [1,20,50,54,69,75,79,83] [16,30,32,46,67,80,115,118] [10,29,56,71,102,106,113,120] [23,44,54,55,64,69,74,101] [1,17,33,40,50,68,82,98] [1,10,14,30,51,78,102,114] [2,35,66,68,106,107,112,121] [23,63,65,86,100,104,109,111] [1,5,26,32,33,45,48,82] [4,33,47,67,101,105,108,122] [1,33,37,62,71,81,97,99] [2,18,19,25,33,35,69,80] [1,16,33,46,50,54,105,115] [30,32,46,67,80,87,100,103] [10,66,73,101,102,106,113,127] [23,39,44,55,58,64,68,82] [1,3,17,33,37,77,94,98] [13,14,43,51,78,102,109,115] [2,35,66,80,92,106,121,126] [16,18,23,80,86,98,102,123] [6,16,36,44,87,91,97,104] [3,6,20,27,39,48,81,104] [12,20,22,63,70,80,114,123] [22,52,55,68,80,98,115,117] [26,36,47,66,71,88,120,123]
Token  73: [23,28,64,87,91,105,112,124] [7,25,29,63,89,97,113,122] [4,36,49,52,60,76,106,120] [9,12,41,59,70,76,78,93] [5,11,27,51,57,60,67,68] [5,18,45,48,74,79,87,93] [10,22,23,86,100,104,109,111] [1,13,27,32,45,48,69,82] [3,6,20,44,47,67,122,123] [13,35,52,62,76,80,97,99] [7,18,25,30,35,80,95,109] [16,33,46,55,73,92,96,105] [30,32,38,42,46,80,87,103] [10,29,41,101,106,109,110,123] [3,18,23,44,47,55,69,99] [1,17,20,40,75,77,82,91] [1,14,29,70,77,78,114,122] [0,27,64,65,84,106,107,121] [23,63,65,86,100,104,109,111] [1,5,27,32,33,45,48,82] [6,44,47,67,101,105,122,123] [35,52,62,71,80,81,97,99] [18,25,30,35,43,95,109,124] [1,16,42,46,54,55,92,97] [30,32,34,38,80,87,103,115] [10,41,45,57,101,106,109,123] [3,22,23,44,47,55,69,76] [1,17,40,51,68,77,98,121] [1,14,29,70,77,78,102,110] [0,36,64,65,84,106,112,121] [10,23,63,65,100,104,109,118] [1,5,26,32,45,48,82,100] [20,47,67,90,95,105,108,122] [35,62,76,80,97,99,106,111] [18,19,25,69,80,95,109,124] [16,33,42,46,55,97,105,115] [0,2,46,67,80,87,100,103] [10,29,41,57,101,106,109,123] [18,22,23,44,47,55,60,69] [1,17,20,31,40,51,77,107] [14,29,44,77,78,102,110,115] [0,9,63,64,65,80,121,122] [8,24,49,55,71,80,90,126] [8,47,49,74,80,104,121,125] [6,13,23,27,80,104,110,122] [5,26,47,76,83,86,87,114] [5,10,22,45,52,82,96,124] [15,31,44,71,74,90,121,127]
Token  74: [61,68,69,81,93,120,122,126] [19,25,47,63,83,115,122,124] [36,68,69,94,116,117,120,123] [10,12,26,78,93,97,101,121] [11,39,57,67,79,91,111,116] [2,16,18,45,49,111,116,117] [10,23,63,79,86,100,104,111] [1,32,45,48,69,72,82,95] [28,44,47,51,67,99,102,122] [13,43,48,52,62,80,97,99] [14,18,25,30,35,74,80,83] [13,26,36,47,58,69,105,110] [30,68,69,80,87,100,106,120] [24,30,55,79,101,106,110,121] [9,10,23,28,44,55,63,101] [1,3,17,50,91,98,112,115] [1,14,20,43,78,114,121,122] [1,14,45,61,97,112,122,124] [10,23,36,52,65,86,100,104] [1,5,32,33,45,48,72,82] [44,47,61,67,95,105,108,122] [1,43,48,52,80,81,97,99] [18,19,25,30,35,52,74,120] [13,46,58,69,71,105,110,115] [2,30,42,46,69,80,87,120] [10,24,55,71,79,101,106,121] [3,10,23,28,44,55,76,115] [1,3,17,40,68,98,115,121] [14,20,43,78,80,102,121,122] [9,14,45,61,68,97,112,121] [3,23,65,86,100,104,109,127] [1,5,26,32,33,45,48,82] [17,28,61,67,95,105,108,122] [37,43,48,76,81,97,99,111] [18,19,25,30,69,83,85,120] [13,33,46,47,58,71,105,115] [2,46,68,69,80,100,104,120] [24,55,73,79,99,101,106,121] [10,23,28,55,57,84,101,115] [3,4,17,31,34,40,89,121] [14,20,43,78,102,105,115,121] [1,9,14,45,61,80,97,112] [3,16,21,65,71,80,101,115] [4,36,46,58,65,68,83,104] [6,27,52,54,56,71,104,107] [2,12,27,32,45,114,117,127] [22,52,55,60,63,67,97,101] [32,34,71,73,74,85,86,117]
Token  75: [14,24,51,57,66,103,106,118] [9,17,20,25,48,91,122,126] [36,52,68,69,90,107,120,122] [9,10,12,26,37,69,78,127] [11,40,51,57,63,67,111,113] [16,18,49,51,55,75,105,110] [14,22,23,86,87,100,104,127] [1,32,40,45,48,69,72,82] [28,47,61,67,99,100,122,123] [13,32,37,48,76,81,97,99] [9,18,25,76,80,85,98,103] [13,22,46,47,65,79,90,109] [2,46,68,69,80,87,106,120] [29,43,55,66,71,101,106,113] [10,16,23,57,76,99,105,115] [3,17,34,40,50,68,75,121] [1,4,12,14,43,78,102,119] [1,2,9,35,66,75,112,121] [22,23,86,100,104,109,111,127] [1,26,32,44,45,48,82,100] [44,47,61,95,100,105,108,122] [1,37,60,76,97,99,103,111] [7,18,25,30,52,85,94,103] [22,43,46,65,105,107,109,115] [2,22,26,34,46,75,80,87] [2,66,71,92,99,101,104,106] [3,16,23,34,57,76,105,115] [8,17,32,40,69,75,89,121] [1,12,14,78,80,102,119,127] [2,9,35,72,82,93,112,121] [22,23,52,86,100,104,111,127] [1,5,32,45,48,56,82,100] [15,17,47,61,67,105,108,123] [32,48,76,80,97,99,103,111] [7,18,25,32,80,85,94,103] [13,33,46,47,79,92,99,109] [2,32,46,68,80,92,104,120] [29,40,55,66,73,99,106,113] [10,11,16,23,55,57,105,115] [3,4,8,17,34,40,89,121] [12,14,43,78,102,105,115,119] [2,9,20,35,61,66,112,121] [16,18,27,71,80,93,102,115] [6,29,36,44,46,65,87,104] [6,20,27,48,56,69,81,104] [12,27,32,70,80,114,117,123] [22,52,55,60,61,101,115,117] [36,47,66,85,86,88,120,123]
Token  76: [28,64,67,75,77,82,91,110] [9,13,16,28,48,63,74,122] [4,36,41,46,57,64,70,74] [9,24,37,68,73,74,78,124] [5,46,51,57,60,67,70,113] [18,36,45,55,75,93,115,122] [6,22,23,87,100,104,118,127] [1,2,32,33,45,82,89,100] [4,17,61,67,76,100,108,123] [7,32,35,37,76,80,91,99] [18,25,82,85,94,95,103,127] [18,29,33,46,99,100,105,116] [2,14,24,26,46,59,87,103] [2,40,57,71,73,101,106,112] [15,16,23,57,60,64,76,115] [17,32,38,40,75,89,121,125] [1,11,13,14,78,102,109,127] [6,9,36,75,82,112,121,124] [22,23,65,87,89,100,104,111] [1,2,5,32,45,48,82,100] [47,61,67,95,100,105,108,123] [7,32,35,47,76,80,81,99] [18,23,25,36,40,82,85,103] [22,25,29,33,42,46,107,116] [0,2,32,34,46,61,75,87] [2,18,40,57,61,63,106,127] [16,23,55,57,64,73,76,115] [8,17,32,40,77,88,121,126] [11,13,14,34,78,102,109,122] [9,66,68,92,112,121,122,124] [22,23,86,89,100,104,107,111] [1,2,5,32,33,45,48,82] [4,18,61,67,100,105,108,123] [7,32,35,47,76,80,97,99] [23,25,36,41,82,85,94,103] [9,18,22,25,46,92,99,116] [2,14,25,26,46,59,75,103] [2,18,73,91,106,112,120,127] [15,16,23,55,57,64,73,115] [17,32,40,77,106,121,125,126] [11,13,14,78,102,108,109,115] [0,6,9,63,66,92,112,121] [3,16,18,71,80,86,115,126] [16,29,36,44,56,68,104,121] [11,23,27,69,80,81,104,110] [5,12,27,32,47,114,117,123] [1,5,22,52,55,60,101,127] [15,21,26,44,74,85,86,127]
Token  77: [72,76,95,100,102,110,119,122] [12,13,70,94,100,106,117,122] [16,40,41,49,75,77,78,99] [50,71,73,82,94,116,123,125] [11,52,57,70,92,99,118,126] [17,18,33,59,64,75,103,105] [13,34,53,56,63,71,87,107] [2,18,32,45,62,82,106,109] [38,53,57,65,67,90,102,127] [0,7,17,19,32,49,80,111] [16,18,30,57,58,68,69,98] [20,21,24,28,59,60,96,99] [2,4,34,46,56,65,115,127] [10,23,28,40,42,91,101,106] [3,23,36,53,55,57,99,115] [8,17,32,40,82,89,91,121] [11,14,50,65,78,80,114,115] [1,9,17,18,35,103,112,121] [23,56,63,86,87,104,105,127] [1,32,45,48,73,82,100,106] [17,44,61,95,103,105,109,127] [1,71,76,80,81,97,99,111] [18,25,30,50,83,85,94,98] [22,67,96,105,107,109,115,125] [2,26,34,42,46,75,87,115] [10,42,82,99,101,104,106,112] [14,23,44,53,57,86,99,115] [16,17,32,40,75,89,91,121] [1,11,14,42,75,78,102,115] [1,9,72,82,93,100,112,121] [23,52,56,65,83,86,87,127] [1,2,4,32,45,48,60,82] [9,15,33,61,67,95,100,105] [7,66,71,76,80,97,99,111] [7,25,33,80,82,85,94,103] [4,21,33,60,78,94,96,99] [2,9,14,42,46,59,108,127] [10,20,27,73,92,104,106,112] [15,22,32,38,44,55,115,125] [11,32,40,41,51,52,75,89] [1,11,35,42,89,105,107,115] [34,49,59,72,80,82,88,100] [4,8,17,30,43,56,70,111] [18,31,56,68,74,80,98,113] [5,6,11,16,23,25,62,113] [16,29,76,90,95,114,117,127] [16,43,46,54,74,90,94,118] [8,39,53,65,101,109,110,114]
Token  78: [32,46,48,49,58,72,78,118] [2,12,13,19,34,63,77,122] [2,41,49,51,77,90,100,115] [13,37,50,73,78,116,123,125] [11,23,46,51,57,63,70,107] [5,18,45,55,75,99,105,107] [13,14,23,86,89,100,104,127] [1,2,5,13,32,45,48,82] [8,47,61,67,95,105,108,122] [32,37,48,76,81,97,99,111] [16,18,25,35,52,76,85,103] [33,46,47,79,86,99,105,109] [21,25,26,32,46,68,87,125] [2,29,66,71,78,79,110,113] [10,16,23,55,57,76,105,115] [1,3,17,31,38,40,50,68] [1,11,14,43,78,102,119,122] [2,20,45,66,90,107,112,124] [10,13,22,23,36,86,100,104] [1,2,13,26,32,45,48,82] [18,61,67,99,100,105,108,122] [1,20,37,48,76,97,99,106] [7,18,19,25,35,36,40,103] [33,43,46,69,79,105,109,116] [32,46,68,71,75,80,87,125] [2,10,56,66,71,79,101,113] [10,11,23,44,55,57,76,105] [1,3,17,23,38,69,94,98] [11,14,43,78,102,114,119,122] [2,9,35,66,106,107,112,121] [3,10,22,23,86,100,104,109] [1,2,5,13,26,32,45,82] [47,61,67,74,105,108,122,123] [37,48,66,76,81,97,99,102] [18,19,25,35,36,69,85,103] [47,59,69,79,105,109,115,116] [26,30,32,46,68,80,87,125] [2,29,66,73,83,99,106,113] [3,10,23,39,55,58,105,115] [1,3,4,8,17,40,98,121] [11,14,43,51,78,102,115,119] [2,9,20,35,61,66,112,121] [3,18,27,71,80,93,98,102] [6,29,36,44,68,87,91,104] [6,20,27,48,69,81,104,116] [4,12,32,70,80,114,117,123] [19,22,52,55,60,61,101,115] [36,47,85,86,88,120,123,124]
Token  79: [0,28,34,35,62,64,68,112] [2,16,48,73,74,77,99,122] [4,8,36,41,70,77,81,90] [9,13,14,24,37,61,78,125] [7,11,51,53,57,70,87,113] [5,18,32,45,75,79,99,116] [6,22,23,86,97,100,104,111] [1,13,26,32,45,53,82,89] [4,61,67,74,76,95,104,108] [5,33,35,37,39,76,99,113] [25,35,40,41,76,80,85,94] [18,33,50,79,97,105,107,116] [21,25,32,40,42,46,61,87] [10,45,71,73,102,113,120,127] [23,49,53,64,76,82,99,115] [3,7,17,40,75,77,91,121] [1,14,35,51,52,78,102,126] [9,62,66,92,107,112,116,121] [6,22,65,86,100,104,109,111] [1,13,26,32,44,45,82,91] [4,22,67,74,100,105,108,123] [5,14,33,37,39,76,82,99] [7,9,18,25,35,40,41,110] [18,20,50,69,97,105,115,116] [16,32,34,42,46,75,87,100] [10,12,45,71,73,102,120,127] [23,49,53,55,57,64,82,108] [3,6,7,17,40,75,77,82] [1,14,16,30,35,78,80,102] [9,62,66,82,92,107,112,121] [3,6,22,54,86,100,104,109] [1,13,32,44,45,53,82,108] [4,22,67,74,76,105,108,123] [5,33,37,66,76,81,82,99] [7,9,25,33,41,69,94,118] [18,21,25,50,59,69,79,115] [16,32,34,40,42,46,61,112] [45,61,73,89,102,106,120,127] [23,49,53,55,64,82,92,108] [0,6,7,17,25,40,77,125] [1,13,14,35,78,102,115,126] [9,49,62,66,92,99,112,121] [3,4,16,18,66,71,80,86] [16,36,44,68,80,87,104,111] [6,27,62,81,92,103,104,116] [4,12,20,37,45,101,114,123] [11,19,22,51,52,61,63,75] [15,21,23,26,71,74,98,124]
Token  80: [12,28,66,87,111,118,122,124] [13,17,25,29,36,38,113,122] [0,4,36,41,49,52,76,120] [23,56,70,71,78,109,118,127] [5,11,18,27,51,57,107,114] [0,10,18,24,48,87,93,115] [6,14,22,86,97,100,108,111] [1,13,29,32,44,45,82,89] [20,47,67,74,94,108,122,123] [35,37,39,66,76,81,99,102] [10,18,25,35,82,94,95,109] [16,29,42,46,60,73,97,105] [2,32,34,42,46,75,87,103] [40,41,57,71,101,106,109,123] [22,23,53,57,60,76,99,108] [6,17,20,51,69,77,89,96] [14,37,52,77,78,102,108,110] [0,36,62,64,65,75,79,121] [6,22,52,54,86,100,104,109] [1,13,32,44,45,48,82,100] [44,47,67,74,76,105,108,122] [5,35,37,66,81,97,99,102] [7,18,25,40,95,109,110,124] [16,29,46,55,73,97,105,116] [0,34,38,46,75,80,87,103] [12,57,62,71,101,106,109,123] [3,18,23,53,55,60,71,108] [17,20,40,69,77,82,89,126] [1,14,44,78,94,102,108,110] [0,36,62,64,82,92,103,121] [3,22,54,86,100,104,109,118] [1,13,32,44,45,48,82,108] [2,20,47,67,76,105,108,123] [35,37,40,66,99,102,106,111] [18,25,69,71,94,95,109,124] [16,25,42,46,55,73,97,116] [0,2,19,38,46,67,103,112] [41,57,62,73,106,109,123,127] [3,18,22,23,55,60,87,108] [17,20,31,40,51,89,107,126] [14,44,77,78,105,108,110,115] [0,63,64,65,80,82,121,122] [24,49,71,80,90,106,115,126] [8,44,46,47,49,104,121,125] [8,23,27,37,64,80,104,110] [2,4,5,27,32,76,87,114] [1,5,10,19,52,101,117,124] [15,21,31,44,74,86,124,127]
Token  81: [13,26,40,65,72,98,100,122] [18,50,61,70,94,100,122,127] [36,40,49,53,57,84,88,113] [6,61,68,69,71,89,94,116] [7,11,52,76,79,85,106,115] [18,42,59,61,66,75,93,125] [47,56,63,83,86,100,104,105] [1,32,45,48,49,53,82,100] [44,47,56,67,84,99,121,122] [9,32,37,76,81,97,99,110] [18,25,61,73,76,98,105,107] [26,49,54,61,90,92,116,122] [2,15,30,32,46,80,87,99] [6,10,15,28,73,101,106,110] [3,7,20,23,44,48,53,76] [1,3,8,16,17,82,85,91] [8,14,78,102,105,108,122,124] [1,19,59,72,75,99,112,121] [10,23,56,65,86,100,104,105] [1,32,45,48,49,82,100,112] [44,47,65,67,84,105,121,122] [9,62,80,97,99,110,111,125] [18,19,25,30,56,61,73,105] [1,23,24,46,49,54,61,92] [2,15,30,34,46,80,96,99] [6,15,28,29,47,58,106,110] [3,14,17,20,23,48,55,86] [2,16,17,40,68,75,85,101] [1,8,14,78,82,102,108,124] [1,19,53,72,75,80,103,118] [56,63,65,83,100,104,105,107] [1,32,33,45,48,49,82,112] [53,65,67,84,90,105,121,122] [9,80,97,99,110,111,123,125] [18,19,25,30,56,61,73,105] [1,23,24,26,49,54,61,92] [2,9,15,46,73,99,107,115] [6,15,28,47,78,79,80,106] [10,20,23,38,48,55,66,86] [7,17,23,40,61,85,89,101] [8,14,78,102,105,108,115,124] [1,19,42,53,72,80,82,121] [3,24,39,71,80,92,115,126] [8,36,44,46,49,77,88,104] [0,6,27,37,53,56,104,116] [2,4,12,27,32,45,114,117] [19,52,55,63,97,101,123,124] [20,32,73,74,86,90,109,117]
Token  82: [9,14,46,51,57,74,103,106] [3,6,8,9,48,50,77,122] [53,70,84,87,88,90,122,125] [2,29,33,37,64,69,94,118] [10,11,43,57,63,79,113,118] [18,42,47,51,93,105,110,111] [23,54,56,63,86,87,100,111] [1,32,45,48,50,60,82,95] [35,36,47,67,99,109,123,127] [26,32,45,76,81,99,111,117] [14,18,25,40,42,73,80,83] [26,40,46,67,79,90,109,115] [2,9,32,46,52,60,125,127] [6,10,66,71,73,79,98,106] [10,16,23,53,55,76,105,125] [3,17,23,40,61,68,87,89] [4,8,12,14,78,102,105,119] [1,2,45,53,72,75,103,121] [13,22,52,54,86,87,100,104] [1,26,32,44,45,48,82,100] [5,35,44,56,67,99,105,108] [5,43,45,80,81,99,106,111] [18,19,25,30,40,73,94,113] [26,69,75,79,90,109,115,120] [2,9,30,34,46,52,75,125] [6,32,47,66,71,79,106,107] [3,16,23,53,55,57,105,125] [3,6,17,23,40,61,68,89] [4,14,16,78,93,102,105,119] [1,2,53,62,66,68,82,121] [3,22,54,86,87,100,104,111] [1,13,32,44,45,53,82,91] [47,53,56,67,74,105,108,123] [7,26,32,37,76,81,99,111] [2,25,40,69,73,80,83,94] [26,59,67,79,90,99,109,115] [2,9,32,46,52,107,125,127] [6,32,66,73,79,99,106,113] [3,10,16,23,53,55,66,105] [3,4,7,17,40,58,61,89] [4,12,14,78,102,105,119,126] [2,18,35,66,82,90,112,121] [18,27,71,80,92,93,102,115] [6,29,36,41,46,68,87,104] [6,20,27,48,52,56,104,116] [4,12,27,32,45,70,80,114] [19,22,52,55,61,63,101,115] [36,47,74,85,86,88,120,123]
Token  83: [28,32,33,37,64,72,75,91] [19,24,28,48,63,74,90,122] [4,36,46,74,81,97,104,107] [9,24,66,67,68,74,78,103] [11,46,51,53,57,60,67,70] [5,18,32,55,75,79,93,110] [14,22,54,87,89,100,104,111] [1,5,13,32,45,48,82,100] [11,47,56,61,67,100,108,123] [7,17,32,35,76,80,81,99] [18,25,40,55,80,82,85,94] [18,33,46,53,59,79,90,99] [2,9,24,26,32,46,52,127] [2,61,63,71,73,92,106,120] [14,15,16,23,42,49,53,92] [17,32,40,68,77,89,122,125] [10,14,34,48,78,82,100,105] [1,18,27,36,68,82,93,99] [52,63,65,86,87,100,104,118] [1,2,32,33,45,48,82,100] [11,17,22,53,61,67,101,105] [7,32,47,80,81,82,99,111] [2,18,25,40,55,85,94,103] [9,18,30,33,46,79,99,117] [2,9,26,46,52,75,80,127] [2,18,47,63,92,106,120,127] [14,16,23,42,53,55,73,92] [0,17,25,32,40,77,89,125] [14,27,34,35,78,82,100,115] [18,68,82,92,93,99,121,122] [22,52,86,87,100,104,107,112] [1,32,33,45,47,48,82,100] [11,15,22,53,61,67,105,108] [7,32,47,56,81,82,99,111] [9,23,25,55,82,94,103,127] [9,18,22,25,30,33,90,99] [2,14,24,29,46,52,112,127] [45,52,61,92,106,112,120,127] [15,16,26,33,53,55,73,92] [0,25,32,51,77,89,106,125] [27,35,78,82,100,105,115,126] [18,49,54,68,82,92,93,99] [4,17,33,66,70,71,80,116] [2,24,41,46,61,72,80,104] [9,11,27,42,52,62,96,104] [48,51,67,88,98,114,116,117] [14,26,33,35,43,54,63,79] [0,6,17,23,39,42,53,80]
Token  84: [4,12,28,29,38,66,117,122] [5,24,47,52,57,74,92,126] [1,4,36,46,55,57,77,81] [24,30,59,62,66,74,78,109] [11,46,53,55,57,60,89,118] [16,18,32,45,55,79,86,93] [3,54,66,87,89,100,104,111] [1,7,32,45,48,76,82,100] [11,67,74,105,108,115,122,123] [7,35,60,76,80,81,82,99] [7,9,25,63,71,94,98,124] [18,28,33,53,73,99,107,117] [4,24,32,34,46,65,92,127] [40,52,71,89,92,112,120,127] [3,22,23,53,57,76,99,108] [17,32,40,68,75,77,89,91] [1,14,27,35,78,80,102,127] [27,36,62,75,82,92,112,121] [20,63,65,86,87,100,104,109] [1,5,32,45,48,82,100,106] [11,22,44,67,95,105,123,124] [7,17,76,80,81,99,103,111] [7,9,18,25,30,71,83,94] [21,22,53,67,96,99,100,117] [2,4,34,46,65,92,115,127] [10,52,71,92,99,104,106,112] [23,34,57,66,86,92,99,115] [1,17,68,69,75,89,91,121] [4,14,27,35,75,78,80,102] [6,68,72,79,82,104,112,121] [23,54,86,87,97,100,104,109] [1,5,26,32,45,48,82,100] [9,11,22,33,44,67,95,105] [7,24,76,80,81,99,103,111] [7,9,25,52,71,82,94,103] [4,25,29,33,96,99,107,117] [2,14,24,42,46,61,92,127] [20,45,52,71,92,112,120,127] [15,16,22,26,55,73,82,92] [0,17,25,32,77,89,110,125] [26,27,35,65,78,82,100,109] [18,49,68,75,82,92,99,118] [4,17,33,66,70,71,80,106] [2,16,24,41,61,74,75,99] [9,11,23,27,42,62,104,114] [4,16,48,51,67,88,114,117] [14,33,43,46,54,61,63,74] [0,6,17,23,39,53,80,119]
Token  85: [4,24,38,41,70,86,105,122] [3,5,20,24,57,92,114,126] [1,4,36,46,55,62,95,120] [4,19,24,62,66,74,78,116] [7,28,51,55,57,60,107,118] [0,16,18,26,45,93,99,110] [54,66,86,87,100,104,108,111] [1,7,13,32,45,74,82,108] [11,17,67,74,108,115,122,123] [7,35,60,76,80,81,99,124] [7,18,25,71,76,80,82,94] [18,25,33,53,73,90,99,117] [16,24,32,46,52,92,125,127] [20,29,51,62,71,92,112,120] [16,22,23,47,49,53,57,99] [17,32,40,75,77,89,119,125] [1,10,13,14,78,102,126,127] [18,27,68,75,79,82,107,112] [3,38,86,87,100,104,108,119] [1,7,26,32,44,45,82,100] [4,5,11,22,67,105,108,123] [7,32,35,76,80,81,82,99] [7,18,23,25,43,71,80,94] [18,25,30,33,73,99,107,117] [24,25,32,46,52,92,112,127] [18,62,71,73,92,106,120,127] [16,23,47,53,55,57,73,92] [17,25,40,68,75,77,89,126] [1,13,14,16,78,80,100,102] [36,68,75,82,92,100,121,122] [3,6,22,54,86,87,100,104] [1,13,32,44,45,82,91,108] [11,22,40,53,67,74,105,123] [7,32,35,37,47,81,82,99] [2,7,23,25,36,43,71,94] [9,18,25,30,33,73,90,99] [2,24,29,46,52,92,112,127] [18,45,62,73,92,112,120,127] [16,22,23,53,55,73,87,92] [7,8,17,51,77,89,110,126] [13,14,78,100,102,109,115,126] [0,18,75,81,82,90,92,122] [18,70,71,80,86,92,106,115] [36,41,74,75,87,104,121,125] [6,11,23,27,56,104,116,122] [4,12,26,27,32,76,114,123] [19,51,52,61,63,96,101,117] [15,21,57,74,82,86,121,127]
Token  86: [28,33,44,64,75,82,91,122] [28,30,46,47,74,96,122,126] [4,12,36,46,56,60,97,127] [2,20,66,67,70,121,123,124] [11,26,43,57,60,67,112,122] [0,18,48,72,79,87,93,110] [22,54,65,86,87,100,104,118] [1,2,13,32,45,48,53,82] [17,47,61,67,76,100,108,123] [7,32,35,37,76,81,86,99] [18,25,40,80,82,85,94,103] [33,40,46,55,59,65,73,99] [0,2,26,32,46,52,75,127] [2,45,57,62,71,92,112,120] [15,16,22,23,53,57,99,115] [7,17,32,40,51,77,89,125] [1,11,14,44,65,78,102,108] [18,36,62,68,79,82,112,121] [22,54,86,87,100,104,109,118] [1,13,26,32,44,45,53,82] [8,22,47,61,67,105,108,123] [7,14,35,37,47,86,97,99] [7,18,23,25,40,82,85,94] [22,25,30,33,42,55,73,99] [2,25,34,46,52,94,112,127] [18,57,62,71,73,92,106,109] [15,16,22,23,53,55,73,108] [17,32,40,51,82,89,125,126] [13,14,16,34,44,78,93,108] [0,36,62,82,92,100,121,122] [22,54,86,87,100,104,109,118] [1,13,32,44,45,48,53,82] [20,22,47,67,74,105,108,123] [7,32,35,47,82,99,106,111] [18,23,25,71,82,94,103,124] [9,18,25,30,46,55,73,99] [0,2,25,46,52,80,112,127] [18,57,62,73,92,106,112,123] [15,16,18,22,23,53,55,71] [17,32,40,51,89,106,125,126] [14,28,44,77,78,93,108,115] [0,26,49,54,63,65,82,121] [8,24,49,69,71,80,106,126] [8,47,56,75,80,82,104,121] [8,11,27,64,80,104,110,116] [4,5,12,27,47,76,87,114] [1,5,10,19,52,77,117,124] [15,21,31,44,74,92,124,127]
Token  87: [40,43,65,72,73,98,100,122] [18,38,49,70,94,100,122,127] [38,40,57,84,88,99,113,123] [2,6,31,34,89,94,116,124] [7,11,52,76,85,86,106,115] [25,45,59,61,64,66,103,125] [8,34,47,56,63,71,83,105] [18,45,49,82,100,106,109,112] [9,38,65,67,84,116,121,127] [0,9,49,64,80,110,111,117] [18,26,30,50,53,56,61,105] [21,24,49,54,60,61,96,125] [2,9,15,56,65,96,99,115] [6,10,15,23,28,58,73,106] [3,17,20,48,53,75,90,100] [10,16,31,40,70,85,91,101] [8,39,73,78,80,81,115,124] [1,18,19,21,33,42,69,99] [8,34,56,63,71,83,104,105] [3,32,45,49,75,82,106,112] [44,65,67,84,95,116,121,127] [0,9,80,99,110,122,123,125] [19,30,50,56,61,78,98,105] [3,23,24,49,54,61,96,125] [2,15,56,65,79,96,99,115] [6,15,23,26,28,58,78,104] [4,17,20,48,55,86,90,100] [10,16,31,40,70,85,101,127] [8,14,39,48,73,80,81,124] [1,19,21,33,42,48,55,103] [8,24,56,63,83,105,107,126] [3,18,49,59,75,82,109,112] [38,65,67,84,90,114,116,121] [0,2,9,16,80,110,122,125] [30,50,56,61,68,78,98,105] [3,7,23,24,49,54,61,125] [15,42,56,65,73,79,96,99] [15,23,26,28,58,78,104,118] [17,20,48,55,81,86,90,100] [10,40,52,59,70,85,101,127] [39,73,78,80,81,89,115,124] [1,19,21,42,48,55,69,83] [24,31,32,64,80,113,114,115] [31,37,46,71,77,78,88,104] [6,8,53,73,90,102,104,107] [2,22,27,32,82,87,101,114] [5,11,34,38,52,97,98,118] [20,57,73,74,77,86,105,109]
Token  88: [14,21,50,51,57,103,106,110] [3,6,9,47,48,62,95,122] [36,40,41,70,84,90,122,125] [4,12,39,43,71,78,115,123] [11,23,50,56,57,67,70,86] [18,45,47,51,59,68,105,110] [47,54,56,63,83,86,104,109] [33,44,45,73,82,100,106,109] [36,38,67,72,86,109,116,127] [0,9,10,32,49,65,68,80] [18,29,30,50,53,105,113,123] [24,63,67,69,96,109,115,125] [2,15,24,56,65,79,95,115] [21,23,26,66,78,82,98,118] [3,16,17,53,90,105,109,110] [16,17,40,72,85,91,103,117] [1,73,78,80,81,115,119,124] [1,2,18,69,83,90,99,103] [3,34,56,63,83,104,116,126] [3,24,45,59,75,82,106,112] [36,65,67,72,109,116,121,127] [0,9,65,80,98,110,122,125] [19,30,50,56,69,78,90,98] [3,23,26,32,54,63,96,125] [2,23,34,65,73,79,96,115] [23,26,66,82,91,104,106,118] [3,4,53,55,90,99,105,115] [6,16,17,40,72,91,103,120] [12,14,30,55,78,80,81,119] [1,2,4,66,82,83,90,103] [34,46,56,63,66,87,104,107] [3,32,56,73,75,82,100,106] [36,44,67,90,95,109,116,127] [32,65,71,80,99,102,111,123] [25,30,50,51,69,98,113,123] [20,59,63,69,89,99,109,115] [2,24,34,42,73,79,114,115] [10,23,66,82,91,98,106,113] [3,8,16,23,55,90,105,115] [16,17,31,40,56,61,72,91] [12,43,78,80,114,115,119,126] [2,9,20,35,66,78,103,112] [16,18,27,80,93,102,115,123] [6,29,36,46,65,87,104,112] [6,14,20,27,48,81,98,104] [12,22,27,37,58,70,80,114] [22,52,55,60,80,98,115,117] [36,47,66,85,86,88,120,123]
Token  89: [28,51,83,87,91,112,124,125] [9,16,29,48,67,68,74,122] [4,23,36,67,76,100,125,126] [4,12,61,70,73,92,101,112] [7,11,27,50,57,67,101,104] [10,18,45,74,87,103,110,115] [54,63,66,71,86,87,104,111] [2,32,33,44,73,82,100,106] [15,20,44,67,72,86,123,127] [25,32,35,65,66,68,80,102] [18,30,50,82,88,91,103,109] [8,16,22,42,43,53,96,115] [2,4,14,26,34,114,115,127] [10,41,57,82,91,98,106,112] [3,16,36,53,60,69,90,102] [6,16,17,31,32,40,72,91] [1,14,60,80,84,108,110,115] [27,46,77,82,94,102,103,112] [23,46,52,56,63,64,104,124] [33,44,45,73,82,94,100,106] [38,44,67,86,94,116,123,127] [7,32,35,65,68,80,102,111] [18,23,30,50,82,94,103,109] [8,18,22,42,53,96,99,115] [0,2,14,26,34,73,114,115] [18,41,57,82,91,98,104,106] [3,53,55,57,60,69,90,102] [6,16,17,31,40,61,120,126] [14,30,60,80,84,108,110,122] [4,15,46,52,82,83,94,103] [46,56,63,104,110,116,118,119] [3,32,33,44,73,82,100,106] [15,20,44,67,86,95,116,127] [32,35,62,65,68,80,102,111] [23,30,36,41,50,69,103,109] [18,22,42,69,85,89,96,115] [0,2,14,26,34,42,73,115] [10,18,41,57,76,82,91,106] [3,8,16,55,60,73,80,102] [6,20,31,40,56,60,61,120] [15,44,55,60,80,108,110,115] [15,36,46,52,64,78,103,122] [8,23,24,49,73,80,90,125] [12,19,49,80,100,104,121,125] [6,11,23,45,88,98,99,104] [17,22,26,46,58,76,112,114] [5,29,30,39,52,80,81,105] [15,35,52,74,95,111,121,127]
Token  90: [16,38,53,70,104,107,110,120] [24,33,34,62,76,86,107,122] [10,14,36,81,87,100,116,125] [12,13,25,32,61,76,89,105] [0,11,23,25,38,58,74,118] [18,45,68,74,80,103,107,110] [34,46,56,63,66,71,111,116] [33,44,45,60,73,82,87,106] [15,36,64,67,72,86,99,127] [0,32,45,65,80,84,94,102] [14,30,50,53,103,108,113,116] [8,63,67,69,86,89,96,115] [2,26,34,42,53,56,85,115] [21,44,68,75,82,91,98,106] [3,8,29,53,75,80,102,109] [6,17,40,50,60,79,99,120] [1,7,14,40,60,78,80,84] [1,15,52,53,77,99,103,107] [34,46,56,58,63,104,116,124] [3,33,45,73,82,87,100,106] [36,44,64,67,72,86,95,127] [0,32,65,80,84,94,102,111] [14,18,30,50,69,98,103,113] [20,48,60,63,69,89,96,115] [2,26,34,42,53,65,73,115] [44,75,82,83,91,98,104,106] [3,8,38,53,55,57,80,109] [6,16,40,56,60,61,91,120] [1,7,14,30,40,60,78,80] [15,52,53,77,83,103,106,117] [34,46,56,63,104,110,116,119] [32,33,44,73,82,87,100,106] [44,64,67,72,86,95,116,127] [22,68,80,84,94,102,111,113] [14,18,30,50,69,98,108,113] [6,60,67,69,86,89,99,115] [2,9,26,42,53,73,95,115] [10,21,44,68,75,76,82,106] [3,8,29,53,55,69,79,80] [6,31,40,56,60,61,95,120] [7,15,40,60,80,84,115,127] [15,52,53,78,80,103,106,117] [22,24,37,59,73,80,123,125] [8,43,49,81,100,104,112,124] [6,14,27,37,45,54,80,98] [22,27,45,46,63,80,112,114] [22,39,52,55,80,82,105,124] [27,32,34,35,86,90,95,124]
Token  91: [0,3,28,29,30,62,97,126] [11,25,62,76,78,86,109,122] [24,67,70,112,119,121,125,126] [1,16,25,26,59,76,100,105] [0,11,25,39,57,74,77,124] [18,30,45,56,74,80,83,95] [14,23,56,63,86,109,111,119] [33,45,69,73,82,87,100,106] [24,27,36,64,67,72,99,127] [0,38,44,65,80,94,102,105] [14,18,30,50,74,113,116,118] [48,54,68,69,86,87,115,120] [2,42,53,67,77,80,95,115] [21,24,37,44,68,75,82,98] [8,9,29,53,62,69,99,101] [1,6,16,17,40,56,82,91] [1,14,40,60,78,80,111,123] [12,53,54,84,103,106,107,121] [46,54,63,66,86,104,111,115] [3,32,45,73,82,87,100,106] [5,24,36,64,67,95,99,127] [49,65,76,80,94,97,99,105] [14,18,30,50,51,60,113,122] [20,60,68,69,86,89,96,115] [34,42,53,67,71,73,95,115] [24,44,45,75,82,98,104,106] [3,44,53,55,57,62,69,101] [6,16,17,40,91,98,100,120] [14,40,78,80,111,114,123,127] [53,54,77,78,84,103,106,121] [14,54,63,65,86,89,97,104] [5,32,44,45,73,82,100,106] [24,27,32,64,67,88,95,127] [49,68,76,80,94,99,105,111] [14,18,30,50,51,69,113,120] [59,60,68,69,86,89,104,115] [2,34,42,46,53,73,95,115] [10,24,44,68,75,82,95,106] [3,8,53,55,57,62,69,101] [6,17,31,40,61,71,87,91] [29,78,80,111,114,115,123,127] [53,54,65,77,84,103,106,121] [8,20,24,28,55,73,75,80] [2,8,16,18,58,80,104,121] [3,6,13,23,27,80,110,113] [5,22,45,47,63,76,83,86] [5,10,45,52,74,76,96,104] [11,27,31,54,74,90,114,127]
Token  92: [18,31,38,61,69,93,107,120] [60,76,83,85,86,91,105,122] [65,68,112,116,117,119,123,125] [1,11,25,26,33,46,76,106] [0,11,39,60,77,91,102,111] [2,5,18,45,55,80,83,111] [14,63,66,86,104,111,112,124] [5,32,44,45,72,73,82,106] [27,28,67,88,90,99,123,127] [0,45,48,49,68,80,99,105] [14,18,25,30,50,83,113,120] [13,48,58,67,69,86,89,115] [34,42,47,53,68,69,95,115] [24,44,68,75,82,85,106,121] [3,28,29,44,53,69,99,101] [3,17,26,34,40,50,91,100] [1,20,43,78,80,115,121,127] [14,30,45,51,77,97,103,121] [3,14,54,63,66,86,104,111] [5,32,44,45,72,73,82,106] [44,64,67,86,95,99,123,127] [17,65,76,80,94,99,102,105] [2,14,18,30,50,60,113,122] [13,58,60,69,86,89,96,115] [2,32,34,42,53,69,73,115] [10,24,44,79,82,104,106,121] [3,28,44,53,55,57,99,101] [3,6,17,34,40,91,100,121] [14,16,43,78,80,114,121,127] [6,30,45,51,77,97,103,121] [14,54,63,86,89,97,104,115] [1,5,32,45,73,82,100,106] [32,44,56,67,95,99,105,123] [17,48,49,76,80,99,105,111] [14,18,25,30,50,69,83,94] [13,47,58,60,69,86,89,115] [2,34,42,46,69,73,95,115] [10,24,44,55,79,99,106,121] [28,53,55,57,69,84,99,101] [3,6,17,34,40,50,91,100] [14,20,43,78,80,114,121,127] [1,6,14,30,45,77,97,121] [55,65,71,75,80,101,115,119] [4,6,26,36,46,65,81,104] [6,14,27,54,56,69,71,81] [2,12,27,32,45,114,117,127] [52,55,63,67,68,77,101,117] [32,34,55,58,86,112,117,124]
Token  93: [27,48,49,50,70,101,106,110] [44,46,60,62,75,91,99,122] [36,45,52,68,101,122,125,126] [12,26,61,94,106,109,114,127] [0,11,57,67,77,102,110,111] [5,18,20,51,74,93,105,111] [13,14,54,63,66,86,104,111] [1,5,32,45,72,73,82,106] [2,28,47,56,67,95,99,123] [45,48,76,80,81,97,99,105] [14,18,25,29,30,50,76,83] [13,15,47,58,67,89,94,115] [34,42,46,47,68,69,95,115] [10,12,44,55,66,106,113,119] [3,23,44,53,57,96,99,105] [3,17,34,40,56,68,91,100] [1,14,43,51,78,80,121,127] [2,27,30,35,66,103,107,121] [14,63,85,86,104,109,111,119] [1,32,44,45,73,82,100,106] [2,37,44,67,95,104,105,123] [22,24,25,49,76,80,99,111] [2,14,18,25,30,50,76,94] [0,58,67,94,99,100,107,115] [2,14,32,34,42,46,73,115] [10,12,66,82,99,104,106,112] [3,44,53,55,57,96,99,105] [3,6,7,17,40,61,91,121] [14,43,51,78,80,102,121,127] [2,6,30,66,79,102,103,121] [14,54,63,85,86,89,97,104] [1,32,44,45,73,82,100,106] [2,21,38,44,67,88,95,123] [22,25,76,80,81,99,105,111] [2,14,25,30,50,69,83,94] [0,47,60,67,89,94,96,115] [2,9,32,42,46,68,95,115] [10,12,66,99,104,106,113,119] [3,53,55,57,58,96,99,105] [3,6,34,40,56,61,91,100] [43,51,78,80,114,115,121,127] [2,6,30,35,45,66,103,121] [18,55,80,93,98,102,115,123] [6,26,36,46,65,81,87,104] [6,14,20,27,48,69,81,104] [12,20,37,45,70,80,114,123] [19,22,52,55,80,98,115,117] [36,47,66,71,86,88,120,123]
Token  94: [22,28,64,67,77,82,87,91] [13,45,48,67,75,99,114,122] [4,36,64,70,74,90,121,125] [9,16,53,62,73,77,106,110] [11,51,57,70,87,102,104,116] [18,45,83,103,105,108,115,122] [14,54,55,63,66,86,89,104] [5,32,44,45,73,82,100,106] [2,4,29,44,86,95,103,127] [23,25,35,49,51,76,80,87] [2,29,30,33,40,41,50,95] [5,16,50,60,62,94,97,115] [2,14,34,46,62,95,103,115] [10,12,68,85,91,102,106,113] [3,29,38,44,53,57,96,99] [3,6,16,40,50,77,91,100] [13,43,51,78,80,109,111,127] [2,30,35,66,103,107,120,121] [14,54,55,63,65,86,89,104] [5,32,44,45,73,82,100,106] [2,4,44,86,90,95,103,127] [22,33,35,49,76,80,81,102] [2,30,40,41,50,69,95,110] [0,5,16,20,50,60,94,115] [9,32,34,42,46,73,103,115] [10,12,82,85,102,106,113,127] [3,38,53,55,57,64,96,102] [6,31,40,46,50,61,77,91] [1,13,14,51,78,80,109,127] [2,6,30,35,66,82,92,103] [14,55,63,65,86,89,97,104] [5,32,44,45,73,82,100,106] [2,4,32,56,67,95,123,127] [33,35,49,76,80,81,99,111] [2,29,30,33,40,41,67,69] [16,18,21,50,60,94,97,115] [9,14,32,46,68,73,103,115] [10,12,99,102,106,113,120,127] [53,55,57,64,69,82,96,102] [3,6,40,46,61,77,91,100] [13,14,51,78,80,109,115,127] [2,6,30,35,66,92,103,121] [18,55,71,80,86,98,102,115] [6,16,26,36,58,65,68,104] [6,20,27,48,69,72,81,104] [12,20,32,45,70,80,114,123] [22,52,55,80,98,101,115,117] [26,36,47,66,86,88,120,123]
Token  95: [28,41,74,87,91,105,110,122] [13,14,29,63,67,97,109,122] [4,36,49,59,64,76,106,125] [70,71,73,78,92,106,121,127] [11,27,38,51,55,57,77,102] [10,18,48,55,83,87,93,115] [3,14,63,85,86,104,111,124] [32,44,45,82,100,106,113,118] [0,2,20,29,67,95,103,123] [15,25,35,41,51,76,80,99] [2,29,30,41,50,84,109,121] [16,53,55,60,65,94,96,97] [32,34,42,46,62,85,103,115] [10,12,41,43,85,106,109,123] [3,18,23,53,57,60,64,99] [6,17,31,40,50,56,89,91] [1,14,77,78,80,110,126,127] [27,37,64,65,102,103,107,121] [3,14,54,63,66,86,89,104] [32,44,45,73,82,91,100,106] [2,44,67,72,86,90,95,123] [35,68,76,80,81,97,99,111] [2,18,30,41,50,76,95,109] [16,42,55,60,65,94,96,97] [0,2,14,32,42,46,73,115] [12,29,41,57,82,106,109,123] [3,38,44,53,55,57,60,99] [6,16,17,20,40,61,77,91] [14,16,75,77,78,80,110,127] [0,64,65,79,82,102,103,121] [3,14,54,63,86,89,104,118] [5,32,44,45,82,91,100,106] [2,20,44,67,86,95,123,127] [22,35,76,80,81,99,106,111] [2,29,30,50,69,95,109,124] [42,55,60,65,89,94,97,115] [0,2,14,38,42,73,103,115] [10,12,41,57,91,106,109,123] [3,18,53,55,57,60,99,111] [6,17,20,31,40,61,91,107] [29,44,77,78,80,110,115,127] [0,6,63,64,65,103,121,122] [8,24,49,71,80,90,115,126] [8,26,47,49,80,104,121,125] [6,11,23,27,37,72,80,110] [5,12,22,47,76,87,112,114] [5,10,39,52,55,82,105,124] [10,15,31,44,74,86,90,127]
Token  96: [31,53,68,69,107,110,111,122] [13,29,63,67,75,83,85,122] [6,36,59,64,67,117,123,126] [10,71,73,78,94,106,121,127] [10,11,38,77,91,102,110,111] [2,18,45,54,74,83,93,111] [3,13,14,63,85,86,104,111] [32,44,45,72,73,82,100,106] [2,28,51,67,86,95,99,123] [43,45,48,76,80,81,99,106] [14,25,29,30,50,83,121,123] [13,47,60,78,79,94,102,115] [32,34,42,46,60,68,69,115] [10,12,55,79,85,92,106,121] [3,28,38,53,57,84,99,111] [3,6,40,50,56,68,91,100] [1,20,43,78,80,96,121,127] [14,27,45,53,97,103,107,121] [3,13,14,54,63,66,86,104] [26,32,44,45,72,82,100,106] [2,14,28,67,90,95,99,123] [22,43,48,76,80,81,99,102] [2,14,30,40,50,76,80,113] [13,20,59,79,89,96,102,115] [2,32,42,46,68,69,73,115] [10,12,44,55,79,82,106,121] [3,28,38,53,55,57,84,99] [3,6,17,40,61,89,91,121] [14,43,78,80,102,105,121,127] [6,45,68,79,82,102,103,121] [3,14,54,63,85,86,89,104] [5,32,44,45,73,82,100,106] [21,28,32,44,67,95,123,127] [43,48,76,80,81,99,111,113] [14,25,30,40,69,76,83,94] [13,47,59,79,90,96,102,115] [2,9,42,46,69,73,115,127] [10,32,79,92,93,99,106,121] [22,28,38,53,55,57,66,84] [3,6,7,34,40,61,89,106] [20,43,78,80,105,121,126,127] [1,6,14,18,45,82,97,121] [41,55,65,71,80,92,101,115] [4,36,41,46,58,65,81,104] [6,27,54,56,69,71,77,104] [2,12,27,32,45,92,114,127] [14,52,55,63,97,101,117,127] [27,32,34,58,85,86,99,117]
Token  97: [0,28,33,64,75,89,91,110] [28,60,63,67,74,75,90,122] [4,6,36,46,60,81,101,103] [20,24,71,73,74,87,103,108] [5,11,51,55,57,60,70,122] [0,18,55,63,93,110,115,122] [3,14,66,86,87,89,119,124] [1,19,33,44,45,82,100,106] [21,22,37,45,67,86,95,123] [7,17,25,35,68,76,80,82] [2,13,18,30,40,82,91,94] [18,33,50,59,90,94,97,100] [2,14,32,34,36,46,115,127] [10,45,61,91,92,112,120,127] [15,38,49,53,55,57,92,111] [6,16,32,40,61,77,89,91] [13,14,35,65,78,105,115,127] [18,27,36,49,82,92,112,121] [13,14,22,54,86,87,89,97] [1,5,32,44,45,82,89,100] [22,32,53,61,95,100,104,123] [7,17,47,49,76,80,82,99] [2,9,13,23,30,40,55,94] [9,18,25,30,79,94,96,99] [2,9,32,34,46,73,115,127] [10,18,45,61,92,106,120,127] [15,38,49,53,55,57,73,92] [0,6,25,32,40,61,89,121] [14,26,35,50,78,80,100,127] [6,36,49,82,92,112,121,122] [14,22,34,54,87,89,97,104] [5,32,44,45,47,82,89,108] [22,32,67,95,100,104,123,127] [7,8,17,47,76,80,82,99] [2,9,23,40,55,69,82,94] [9,18,25,30,59,79,99,100] [14,25,29,32,46,92,112,127] [45,52,61,92,93,119,120,127] [15,33,38,49,55,57,73,92] [0,25,32,40,77,89,106,125] [28,35,78,80,82,100,126,127] [6,18,49,82,92,99,118,121] [4,17,66,70,71,80,92,116] [24,26,41,61,68,75,80,104] [6,9,11,27,62,69,96,104] [4,12,32,45,48,88,114,117] [14,46,51,52,55,61,63,117] [6,17,23,42,53,58,80,82]
Token  98: [4,38,47,66,101,117,118,122] [13,26,31,37,44,63,67,122] [18,60,64,74,77,81,95,104] [5,18,54,55,71,73,80,117] [34,51,57,60,64,70,89,107] [0,18,32,55,93,99,110,115] [3,14,54,65,66,103,104,111] [1,5,7,32,33,45,82,91] [4,5,22,32,67,70,108,123] [7,8,17,35,76,80,81,99] [25,40,45,71,76,82,85,94] [18,25,33,73,94,97,99,100] [14,26,32,34,40,46,92,127] [2,45,52,61,62,71,92,112] [15,23,26,49,57,64,92,99] [6,17,25,32,40,89,91,100] [11,13,14,30,35,78,115,127] [6,36,66,79,82,92,112,121] [14,22,54,65,86,87,89,104] [1,2,5,32,44,45,82,100] [5,22,32,53,61,95,100,123] [7,17,35,76,80,81,82,99] [9,23,25,71,76,82,85,94] [9,18,25,30,73,94,99,116] [2,14,32,34,46,92,112,127] [18,71,73,92,106,112,120,127] [15,38,53,55,57,71,73,99] [6,17,32,40,61,89,121,126] [11,13,14,78,80,96,102,127] [6,36,79,82,92,107,112,121] [14,22,54,85,86,89,97,104] [1,5,32,44,45,82,89,108] [22,32,56,61,76,95,104,123] [7,17,24,35,76,80,82,99] [2,25,40,69,71,82,94,124] [18,25,30,59,73,97,99,100] [14,25,32,46,92,103,112,121] [29,40,62,92,102,112,120,127] [15,33,35,55,57,60,64,73] [6,17,25,32,40,87,100,126] [13,14,43,51,78,80,102,127] [2,6,35,49,66,92,100,121] [3,18,41,55,71,80,86,115] [6,16,26,36,58,65,68,104] [6,11,20,27,56,62,69,81] [12,27,32,70,80,103,114,117] [22,51,52,55,80,98,115,117] [10,15,21,26,82,85,86,127]
Token  99: [23,41,77,86,87,105,112,122] [13,29,45,63,66,67,122,126] [4,48,59,64,65,73,76,125] [13,40,62,70,71,73,78,111] [10,11,27,51,57,70,77,93] [18,48,55,63,87,93,115,122] [14,54,66,85,86,89,104,115] [1,5,32,45,82,100,106,108] [35,37,44,67,95,103,123,127] [25,35,41,76,80,81,99,106] [2,13,18,30,40,41,95,121] [16,55,60,78,79,94,97,116] [14,32,34,36,42,46,103,115] [1,10,40,41,42,71,109,123] [18,23,31,47,55,57,99,111] [6,21,31,40,56,77,89,91] [1,14,26,77,78,94,114,127] [0,6,64,65,82,102,103,107] [13,54,63,85,86,89,97,104] [1,26,32,45,47,82,100,106] [6,14,44,95,100,104,105,123] [17,22,35,76,80,81,99,102] [2,13,18,30,40,41,95,121] [16,55,78,79,94,97,99,116] [0,14,32,34,38,42,46,103] [1,10,29,45,57,91,109,123] [47,53,55,57,60,99,102,111] [6,17,31,40,56,77,89,91] [14,44,78,80,94,108,114,127] [0,6,36,65,77,82,103,121] [54,63,85,86,89,97,104,118] [1,5,32,45,82,100,106,108] [20,22,32,44,67,95,103,123] [22,35,41,62,76,80,99,106] [2,30,40,41,69,95,109,124] [42,55,59,73,79,94,97,116] [0,14,34,38,42,73,103,115] [1,10,41,45,57,62,109,123] [18,47,55,57,60,69,102,111] [6,17,20,31,40,61,77,107] [44,77,80,94,110,114,115,127] [0,6,63,64,65,77,103,115] [3,24,49,59,71,75,90,126] [8,26,47,49,74,104,121,125] [3,6,11,23,27,37,80,110] [5,12,22,26,47,76,83,87] [1,5,10,52,55,82,96,124] [15,21,31,44,74,82,90,127]
Token 100: [24,31,47,63,81,83,111,120] [2,8,13,34,41,52,67,122] [36,40,53,67,84,88,123,125] [6,68,71,73,78,80,89,111] [11,76,79,85,86,93,106,124] [2,18,42,61,83,103,122,125] [8,14,47,56,63,83,86,105] [5,32,45,49,73,82,100,106] [2,66,67,84,86,103,121,127] [0,9,49,76,80,81,98,110] [2,30,40,50,61,73,105,113] [24,26,49,60,61,79,94,115] [32,34,42,73,95,99,107,115] [6,10,12,25,28,80,91,106] [3,10,48,53,57,75,99,111] [3,6,40,56,77,85,91,100] [8,18,43,73,80,94,124,127] [6,19,30,37,83,102,103,107] [13,63,75,85,86,89,104,110] [26,32,45,73,82,100,106,110] [10,14,44,66,67,95,103,116] [9,22,49,76,80,98,123,127] [2,7,30,50,64,69,73,105] [0,20,26,61,79,89,94,115] [32,34,42,73,79,99,107,115] [6,10,28,29,80,82,91,104] [10,48,53,55,57,58,79,99] [3,6,16,23,40,56,85,91] [1,8,14,43,78,80,124,127] [6,19,20,83,102,103,107,121] [3,54,63,75,85,86,89,104] [32,45,47,49,73,82,100,106] [14,33,44,56,66,67,95,121] [22,48,49,76,80,81,98,99] [30,50,69,73,83,90,98,105] [20,26,47,49,59,61,94,115] [15,34,42,73,79,99,107,115] [6,10,28,29,65,80,83,85] [10,39,48,55,57,58,79,99] [3,6,17,23,40,61,85,91] [8,14,43,78,80,102,124,127] [6,15,19,20,69,83,103,121] [3,5,21,24,64,71,80,115] [6,12,19,26,36,49,88,104] [0,6,20,27,69,81,88,99] [12,17,22,70,80,112,114,127] [22,30,52,55,80,81,98,115] [32,34,48,73,86,95,111,117]
Token 101: [16,22,51,53,104,107,118,120] [8,23,33,34,86,107,116,122] [10,14,81,87,100,112,116,125] [25,29,37,64,71,76,87,101] [0,11,23,38,43,79,114,124] [18,35,45,47,80,93,96,107] [8,13,14,34,56,63,66,108] [5,33,44,60,73,82,87,106] [36,45,64,67,86,90,99,127] [45,49,65,68,79,80,94,102] [14,28,30,50,73,84,103,107] [8,26,60,67,69,81,90,115] [26,34,42,53,54,95,107,115] [6,10,21,44,68,75,85,98] [3,10,53,57,74,79,80,99] [6,16,40,50,60,91,99,120] [1,7,40,53,60,78,80,124] [1,15,52,53,82,99,103,107] [13,47,56,63,64,86,104,105] [3,45,49,60,73,82,87,106] [64,65,84,86,90,95,116,121] [0,9,22,80,84,110,125,127] [30,50,61,64,73,98,105,113] [20,24,26,49,60,61,89,96] [2,15,34,42,73,99,107,115] [6,15,28,29,82,91,104,106] [3,38,48,53,55,57,80,99] [6,16,31,40,56,61,91,99] [7,30,40,60,78,80,124,127] [4,15,52,53,80,103,117,120] [13,56,63,64,75,86,104,110] [32,33,44,49,73,82,87,106] [64,67,86,90,95,103,121,127] [22,49,79,80,94,102,111,127] [2,28,30,50,69,73,98,107] [8,20,26,59,60,69,89,115] [2,42,53,63,73,99,107,115] [6,10,13,21,44,75,98,106] [3,8,10,53,55,57,79,80] [6,31,40,56,60,61,91,120] [7,15,40,60,80,83,115,127] [15,52,53,78,80,103,106,117] [22,24,37,59,73,80,123,125] [8,43,49,81,100,104,112,124] [6,27,37,45,54,80,98,104] [12,22,45,46,63,80,112,114] [22,39,52,55,80,82,105,124] [27,32,34,35,71,86,90,95]
Token 102: [3,12,28,29,62,77,116,126] [11,67,76,78,86,114,116,122] [4,15,23,36,73,119,121,125] [1,16,25,26,53,76,111,123] [0,11,39,70,74,77,104,116] [18,45,47,78,80,83,96,122] [55,56,63,64,74,86,89,104] [33,44,73,82,87,100,106,110] [27,44,64,72,95,99,123,127] [22,45,49,59,68,80,94,102] [14,18,30,50,83,107,108,120] [0,15,60,68,69,92,96,115] [2,34,42,53,62,95,107,115] [10,24,44,68,75,91,98,106] [3,10,19,28,53,57,62,99] [3,6,40,56,84,91,99,117] [1,18,40,60,78,80,84,111] [14,45,53,84,103,104,107,120] [47,63,64,66,75,86,104,124] [32,40,44,73,82,87,100,106] [44,64,67,86,90,95,99,103] [22,48,49,76,80,94,96,102] [14,18,30,50,60,69,107,120] [0,20,60,68,69,86,92,115] [2,9,34,42,52,53,115,118] [10,24,44,76,91,98,102,106] [3,8,19,55,57,62,99,111] [6,16,40,56,77,84,87,91] [18,30,75,78,80,83,111,127] [6,53,82,84,102,103,104,120] [55,63,64,75,86,89,104,124] [5,33,40,44,82,100,106,110] [33,44,56,64,86,90,95,99] [22,48,49,76,80,94,96,102] [13,14,30,50,69,107,113,120] [5,16,20,68,69,86,92,115] [2,34,42,53,67,73,106,115] [10,24,44,49,68,91,95,106] [3,19,22,53,55,57,62,111] [6,16,31,40,56,77,87,91] [23,29,80,89,109,111,115,127] [53,65,80,82,84,85,103,121] [20,24,28,66,71,75,80,115] [2,16,18,47,56,74,104,121] [6,11,13,27,54,69,80,110] [5,22,47,63,83,86,87,114] [5,10,45,52,55,74,96,104] [11,31,44,54,71,74,90,127]
Token 103: [43,53,61,69,81,92,93,101] [30,39,41,53,67,83,91,122] [15,36,50,51,73,116,117,125] [1,25,26,29,48,76,101,111] [0,11,39,77,91,104,111,118] [18,45,47,78,80,103,111,122] [13,63,64,66,86,89,104,119] [33,44,72,73,82,100,106,110] [27,28,44,51,86,95,99,127] [0,45,48,49,59,68,80,102] [14,18,30,34,50,83,107,108] [13,15,47,58,67,69,110,115] [34,42,60,62,68,95,115,120] [10,24,25,44,55,68,85,121] [3,10,19,28,53,57,99,111] [3,6,17,40,48,50,56,91] [1,14,20,43,78,80,121,127] [6,14,45,97,103,104,107,116] [3,54,63,66,75,86,89,104] [32,44,60,73,82,100,106,110] [21,44,67,86,90,95,99,123] [22,45,48,68,76,80,102,111] [2,13,14,30,50,69,83,107] [0,47,58,60,67,69,90,115] [2,9,32,34,42,60,68,115] [10,44,55,104,106,107,112,121] [3,19,28,38,53,55,57,111] [3,6,23,40,61,89,91,121] [14,30,43,78,80,105,121,127] [1,6,45,82,97,102,112,121] [22,54,63,65,86,89,97,104] [1,32,73,82,100,106,108,110] [32,44,67,76,95,99,108,123] [17,48,49,76,80,96,99,111] [13,14,18,25,30,69,83,94] [13,15,47,58,67,69,90,115] [2,4,34,42,68,69,115,120] [10,13,25,55,85,99,107,121] [3,10,19,28,55,57,84,111] [3,6,17,23,31,34,40,91] [4,14,20,43,80,115,121,127] [1,6,14,20,45,61,77,97] [3,21,65,71,80,93,101,115] [4,6,36,46,68,81,87,104] [6,20,27,54,69,71,81,104] [12,22,32,70,80,114,117,127] [22,52,55,67,80,98,115,117] [32,34,47,85,86,88,117,123]
Token 104: [14,47,51,57,103,106,110,117] [30,39,44,46,47,48,62,122] [15,36,41,81,90,120,122,125] [9,26,37,48,80,87,109,127] [11,46,57,63,70,77,107,118] [18,51,55,79,93,105,110,122] [13,54,63,66,86,87,89,108] [1,32,45,73,82,91,100,106] [28,35,44,45,67,86,95,99] [0,32,48,49,76,80,96,99] [13,14,18,25,30,50,83,123] [5,47,48,67,90,109,111,115] [2,9,34,42,60,68,115,120] [10,25,55,66,92,106,107,113] [3,16,53,57,94,99,105,111] [3,6,17,32,40,89,91,125] [1,12,14,43,78,105,119,127] [2,6,35,66,77,82,103,107] [22,54,63,86,89,97,100,104] [1,32,44,45,82,100,106,108] [44,67,76,95,99,103,123,127] [7,25,48,76,80,81,102,111] [2,7,13,14,30,83,94,123] [47,58,67,90,100,101,109,115] [9,14,32,34,42,46,68,115] [10,40,66,79,92,104,112,113] [16,53,55,57,66,99,105,111] [3,6,17,40,61,89,91,121] [14,26,30,78,80,102,119,127] [2,6,66,77,82,102,112,121] [22,54,63,86,89,97,100,104] [1,32,45,82,89,100,106,108] [32,44,67,76,95,104,108,123] [17,25,32,48,76,80,103,111] [13,18,25,30,69,83,94,103] [47,67,79,90,100,109,115,116] [2,4,9,34,61,68,115,120] [10,40,55,66,99,106,107,113] [3,16,39,55,57,69,105,111] [3,6,17,31,34,40,91,98] [12,14,43,80,102,114,119,127] [2,6,20,35,66,77,102,103] [3,18,27,71,80,93,102,115] [6,26,29,36,58,65,68,104] [6,20,27,48,56,69,81,104] [12,20,27,32,70,80,114,117] [22,52,55,80,98,101,115,117] [36,47,85,86,88,112,120,123]
Token 105: [4,17,19,28,34,51,68,80] [13,16,48,67,74,75,99,122] [4,8,36,70,73,74,90,125] [5,37,61,71,73,77,94,108] [10,11,34,51,57,70,77,87] [18,45,55,83,93,103,105,122] [14,23,63,66,86,89,100,104] [1,33,44,45,82,100,106,110] [4,21,35,44,67,86,95,103] [25,32,33,35,49,76,80,102] [5,13,18,30,33,41,95,107] [16,28,48,50,97,115,116,122] [2,14,34,42,46,60,87,115] [10,43,85,91,102,106,113,127] [16,44,53,55,57,64,99,111] [3,6,17,31,40,77,84,91] [1,13,14,51,78,80,109,127] [2,6,66,102,103,104,107,112] [55,63,75,85,86,89,97,104] [1,32,45,73,82,100,106,110] [4,14,44,61,67,86,95,103] [1,22,33,35,76,80,81,96] [2,13,18,30,40,41,64,95] [16,50,79,97,101,115,116,122] [2,9,14,34,42,46,60,87] [10,40,43,85,102,106,113,127] [16,44,53,55,57,64,99,111] [6,32,40,61,77,84,91,120] [1,13,14,78,80,100,109,127] [2,6,66,82,92,102,112,120] [22,34,54,63,86,89,97,104] [1,5,44,56,82,100,106,108] [4,44,56,67,76,95,103,108] [25,32,33,35,49,76,80,96] [13,18,30,33,38,41,69,103] [1,16,18,50,79,109,115,116] [2,9,30,34,46,67,103,125] [10,45,85,91,102,113,120,127] [16,55,57,64,73,82,96,102] [6,17,31,33,40,46,77,91] [13,14,51,80,109,114,115,127] [2,6,35,66,77,92,102,121] [3,8,18,27,66,86,98,115] [6,16,26,29,36,68,80,104] [6,20,22,27,69,72,81,121] [4,12,20,22,32,37,114,123] [51,52,55,68,98,115,117,122] [15,21,26,86,98,112,114,120]
Token 106: [17,45,65,72,98,100,119,120] [18,32,70,94,106,113,122,127] [30,49,53,78,87,88,99,123] [37,71,73,82,84,93,94,125] [11,34,52,76,78,79,92,106] [18,33,42,59,64,75,79,122] [34,35,55,63,66,71,89,111] [7,8,24,45,82,100,106,109] [4,5,53,86,90,95,102,127] [0,17,32,33,76,80,82,91] [16,30,32,33,41,57,73,98] [20,26,36,50,52,59,79,96] [8,21,32,46,54,65,92,115] [1,29,33,45,47,73,91,108] [16,49,57,64,67,82,92,125] [6,16,25,40,52,77,87,89] [35,51,76,80,109,115,116,127] [3,6,18,42,55,66,82,92] [13,44,55,63,87,89,107,116] [8,9,24,26,44,45,56,59] [5,22,45,53,57,72,102,114] [0,2,32,33,55,80,82,91] [3,9,16,55,57,68,71,98] [3,7,11,25,52,54,59,124] [8,9,21,22,65,73,75,96] [1,47,61,73,78,103,104,108] [4,33,42,49,64,92,110,125] [25,33,46,52,77,87,122,127] [35,42,48,80,103,109,115,116] [3,6,18,42,55,82,92,99] [13,34,47,55,58,63,107,122] [8,24,44,45,56,75,100,123] [4,22,37,53,57,90,102,114] [0,2,4,33,55,69,80,82] [3,9,16,33,38,41,57,71] [3,14,36,52,59,79,81,104] [21,29,32,62,65,73,92,115] [45,47,52,78,89,91,120,127] [32,49,55,57,64,78,82,92] [6,25,31,33,46,52,77,84] [13,80,94,101,109,115,116,127] [6,72,92,102,103,112,116,122] [3,8,16,66,70,71,80,86] [16,26,36,44,68,80,104,111] [6,22,27,69,72,81,108,121] [4,12,20,22,26,45,76,101] [11,51,52,55,68,98,104,117] [3,15,21,26,65,71,109,114]
Token 107: [25,28,41,46,87,91,105,110] [6,32,36,38,63,67,113,122] [4,36,49,59,60,64,73,106] [45,70,71,73,77,78,95,118] [5,11,51,57,60,87,114,116] [18,55,83,93,105,115,116,122] [14,63,66,85,86,89,104,119] [1,32,33,44,45,82,100,106] [0,4,21,44,67,86,95,123] [25,32,35,49,76,80,99,102] [13,18,25,30,33,41,50,95] [16,48,50,101,109,115,116,122] [7,14,34,42,59,60,103,115] [10,43,68,102,106,109,113,123] [16,44,53,55,57,64,99,111] [3,6,17,31,32,40,56,91] [1,13,14,43,78,80,102,127] [2,6,9,35,66,103,112,121] [22,63,75,85,86,89,97,104] [1,5,32,44,45,82,100,106] [4,14,32,44,56,67,95,103] [1,22,35,48,76,80,81,127] [2,13,30,40,41,50,64,95] [16,20,50,97,109,111,115,122] [2,7,9,34,42,46,68,115] [10,40,43,65,102,106,113,127] [16,53,55,57,64,99,102,111] [3,6,17,32,40,56,77,91] [13,14,26,30,43,78,80,127] [2,6,35,66,102,103,112,121] [22,54,63,86,89,97,100,104] [1,5,44,82,89,100,106,108] [4,32,37,44,67,76,95,103] [17,25,32,35,49,76,80,96] [13,18,25,30,33,41,69,103] [16,50,55,90,92,109,115,116] [2,7,9,30,34,68,103,125] [10,42,78,99,102,106,113,127] [10,16,39,55,57,64,102,111] [3,4,6,17,31,40,50,77] [13,14,43,51,80,105,115,127] [1,2,6,35,66,77,80,92] [3,18,27,71,86,98,102,115] [6,16,26,29,36,58,68,104] [6,13,20,27,48,56,69,81] [12,20,32,45,70,80,114,117] [22,52,55,68,80,98,115,117] [26,36,47,86,88,112,120,123]
Token 108: [23,28,41,77,105,112,122,125] [13,16,29,45,62,63,67,122] [4,36,60,67,76,115,120,125] [12,13,40,62,77,78,84,121] [11,20,27,51,55,57,77,86] [18,45,48,55,78,100,117,122] [23,39,63,85,86,97,100,104] [1,33,45,73,82,100,106,110] [14,20,35,44,67,86,95,122] [32,35,60,76,80,102,106,114] [5,13,18,30,41,70,95,109] [0,16,53,55,64,97,115,117] [34,38,42,60,61,62,74,115] [10,36,40,41,43,85,109,123] [16,18,47,55,57,69,99,111] [3,6,17,31,40,77,84,91] [1,14,77,78,80,102,110,127] [0,6,64,65,102,103,104,107] [63,75,85,86,89,97,100,104] [1,45,51,82,89,100,106,108] [14,15,32,44,67,76,95,103] [1,22,35,49,76,79,80,81] [2,13,30,41,64,70,95,109] [16,20,42,55,92,97,115,116] [0,14,32,34,38,42,46,103] [10,29,36,40,41,57,109,123] [18,47,53,55,57,99,102,111] [6,17,20,31,40,77,91,120] [14,30,44,77,78,80,110,127] [0,6,36,64,65,77,102,103] [63,75,86,89,97,100,104,118] [1,33,82,89,100,106,108,110] [10,14,20,44,76,95,103,108] [22,32,35,49,51,76,80,106] [13,18,30,69,70,95,109,124] [16,42,55,79,92,97,115,116] [0,2,34,38,73,101,103,115] [10,36,41,57,78,91,109,123] [16,18,47,55,57,60,69,111] [6,17,20,31,40,90,106,107] [14,29,44,77,80,110,114,115] [0,63,64,65,77,80,103,115] [3,24,25,49,59,71,90,126] [8,47,49,68,74,104,121,125] [6,8,11,13,27,37,80,110] [5,12,22,47,63,83,87,112] [1,5,10,55,76,82,96,124] [11,15,31,44,74,82,90,127]
Token 109: [0,9,31,53,68,69,81,107] [13,29,39,63,67,75,83,122] [36,59,67,115,117,123,125,126] [10,12,62,78,108,109,114,127] [10,11,30,51,57,77,91,111] [18,45,78,83,103,111,117,122] [39,63,85,86,89,96,100,104] [1,33,45,48,72,82,100,106] [14,28,35,44,51,86,95,99] [43,48,60,62,76,80,96,99] [5,13,14,18,30,70,83,123] [13,47,64,79,90,102,115,116] [2,34,42,60,68,69,115,120] [10,25,36,42,55,68,79,121] [3,16,28,57,69,84,99,111] [3,6,17,23,34,40,91,120] [1,14,20,43,96,114,121,127] [14,45,77,93,97,102,103,107] [9,63,75,86,89,97,100,104] [1,32,40,45,51,82,100,106] [15,28,44,86,95,99,103,108] [22,43,45,48,76,80,81,111] [7,13,14,18,30,40,64,107] [13,20,47,69,79,90,102,115] [2,9,34,42,52,60,68,73] [10,29,40,55,79,106,107,121] [28,55,57,69,84,99,111,115] [3,6,17,34,40,89,91,121] [14,30,43,75,78,102,121,127] [1,6,45,77,82,97,102,112] [6,22,54,86,89,97,100,104] [1,32,40,45,82,89,100,108] [28,32,44,74,76,95,108,127] [17,43,48,60,76,80,99,111] [13,14,18,25,30,69,83,123] [13,47,58,67,79,90,102,115] [2,4,34,36,61,68,69,120] [10,40,55,79,99,106,107,121] [10,23,28,55,57,69,84,111] [3,6,17,23,31,34,40,89] [14,20,102,105,114,115,121,127] [1,6,14,45,77,80,97,102] [3,16,41,65,71,101,115,119] [4,6,26,36,44,58,68,104] [6,27,54,56,69,71,81,104] [12,20,27,32,37,114,117,127] [52,55,67,68,80,98,117,127] [32,34,55,71,86,99,112,117]
Token 110: [0,14,51,57,101,103,106,127] [13,16,39,44,48,62,75,122] [10,36,41,90,115,122,123,125] [10,12,71,78,108,109,114,127] [11,51,57,63,70,77,86,111] [18,45,51,55,93,105,111,122] [14,22,23,63,86,89,97,104] [1,5,32,33,45,82,100,106] [28,35,44,67,86,95,99,123] [17,32,43,48,76,80,81,99] [7,13,14,18,25,30,70,123] [13,47,58,79,90,102,109,115] [34,36,60,61,62,68,69,120] [10,40,42,55,66,79,106,113] [3,16,57,69,84,99,105,111] [3,6,17,34,40,75,91,117] [1,12,14,78,102,114,119,127] [2,6,35,45,66,77,102,107] [22,23,54,86,89,97,100,104] [1,32,45,48,82,89,100,108] [32,44,74,95,104,105,122,123] [17,25,60,76,80,81,99,111] [2,7,13,18,25,30,40,94] [13,22,60,79,102,105,111,115] [14,26,32,34,42,46,68,87] [10,66,71,92,104,106,112,117] [16,23,38,57,69,99,105,111] [3,6,17,32,34,89,91,121] [12,14,26,78,102,114,119,127] [1,2,6,66,77,82,100,102] [6,22,54,86,89,97,100,104] [1,5,45,56,82,89,100,108] [28,32,44,74,76,95,108,127] [0,17,32,60,76,80,103,111] [13,14,18,25,40,80,83,94] [13,47,79,90,102,109,115,116] [2,4,34,36,61,68,120,127] [40,55,66,91,99,106,107,113] [16,23,55,57,66,69,84,105] [3,6,17,31,34,40,50,89] [12,14,30,105,114,115,119,127] [2,6,35,45,61,66,77,80] [3,16,18,27,41,71,102,115] [6,26,29,36,44,58,68,104] [6,20,27,48,52,56,69,104] [4,12,20,27,32,70,114,117] [55,68,77,80,101,115,117,127] [36,47,66,86,88,112,120,123]
Token 111: [7,28,34,41,50,75,87,123] [16,28,48,63,65,75,85,122] [8,36,46,64,65,90,104,112] [19,37,74,77,78,93,103,114] [11,30,46,51,57,60,70,87] [18,55,71,93,99,105,110,122] [22,54,87,89,97,104,111,115] [1,5,32,45,82,89,100,108] [4,10,44,83,95,108,122,123] [17,35,62,76,80,81,99,102] [13,18,25,40,76,82,94,124] [18,40,50,90,94,97,100,116] [24,32,34,36,46,61,62,127] [8,10,71,73,91,102,106,113] [16,23,57,64,68,69,99,111] [3,6,17,32,33,40,89,91] [1,13,14,51,78,101,114,115] [1,6,36,66,77,88,92,100] [6,86,89,97,100,104,115,125] [1,32,40,45,82,89,100,108] [4,22,32,44,76,83,95,123] [7,17,60,76,80,82,99,100] [2,13,18,23,27,40,82,94] [9,18,30,50,94,99,100,116] [25,32,34,36,39,46,64,127] [8,18,45,92,102,106,120,127] [16,55,57,64,68,69,73,111] [3,6,17,32,33,40,89,119] [1,14,26,30,78,100,101,127] [3,6,66,68,77,82,88,100] [6,22,54,89,97,100,104,125] [1,32,40,82,89,100,108,116] [4,10,32,67,74,76,83,108] [7,17,32,60,76,80,82,100] [15,18,25,27,33,69,82,94] [9,18,30,45,50,99,100,116] [4,24,34,36,61,64,73,127] [40,45,89,91,106,112,120,127] [15,16,55,57,64,68,69,73] [17,32,33,37,40,54,89,94] [13,14,26,30,100,101,115,127] [6,9,11,77,81,92,100,126] [3,16,23,38,71,86,98,115] [16,26,36,44,58,68,72,104] [3,6,27,52,56,64,69,104] [12,20,24,32,37,91,114,117] [51,52,55,68,94,98,117,127] [15,21,26,36,57,94,107,120]
Token 112: [28,75,87,91,105,110,122,125] [25,52,63,65,85,89,113,122] [4,36,46,48,49,60,64,115] [24,45,71,73,78,93,104,114] [2,5,11,51,57,60,70,127] [0,18,46,55,71,93,115,122] [3,14,22,86,89,97,103,104] [1,5,32,44,45,82,100,108] [4,10,35,56,67,76,95,123] [0,7,17,25,35,76,80,99] [13,18,25,33,41,82,85,94] [18,53,55,65,97,100,101,102] [4,14,32,34,36,46,59,127] [45,89,91,92,93,112,120,127] [15,42,55,57,64,69,87,99] [3,6,17,31,32,40,89,91] [10,13,14,30,94,100,115,127] [1,3,6,66,77,82,92,100] [13,87,89,97,100,103,118,125] [1,5,24,45,82,89,100,108] [4,22,32,50,53,76,94,114] [0,7,17,60,76,80,82,99] [2,13,18,25,55,82,94,124] [18,25,30,33,55,56,81,100] [4,9,30,32,34,36,46,127] [43,73,78,91,106,112,120,127] [15,55,57,64,69,73,87,111] [6,11,17,21,32,40,89,99] [14,26,30,53,93,94,100,127] [3,6,66,77,82,92,100,121] [6,22,63,89,97,100,103,125] [1,45,56,82,89,100,108,116] [0,4,10,32,50,67,76,94] [0,7,17,76,80,82,99,106] [2,13,18,25,82,94,121,124] [25,53,55,65,73,95,99,100] [4,14,24,34,59,67,112,127] [27,40,89,91,106,112,120,127] [15,16,23,55,57,64,69,87] [17,32,37,40,50,77,89,110] [13,14,26,30,93,94,100,115] [6,11,77,80,81,92,100,116] [3,8,23,30,43,71,86,106] [16,26,41,68,75,80,96,104] [6,11,27,39,41,72,83,104] [12,20,24,26,64,76,114,117] [21,43,51,52,55,68,122,127] [10,21,26,57,58,82,110,121]
Token 113: [75,86,87,91,105,107,110,122] [16,38,48,52,63,85,89,113] [4,49,60,64,65,76,106,120] [12,19,25,45,60,70,78,93] [5,6,46,51,57,60,68,70] [16,18,48,55,63,87,110,115] [23,89,97,100,103,104,111,115] [1,32,44,45,82,100,106,108] [10,44,76,83,94,95,108,123] [17,25,35,41,76,80,99,102] [10,13,18,25,30,82,94,124] [16,53,55,94,97,100,101,116] [4,14,34,36,46,61,62,127] [10,40,57,85,106,109,112,123] [15,16,18,23,57,69,99,111] [3,6,17,31,32,40,89,91] [14,30,44,78,102,108,115,127] [0,6,26,36,50,65,77,121] [22,23,86,89,97,100,103,104] [1,5,32,45,82,89,100,108] [10,32,44,67,76,83,94,95] [7,17,25,35,76,80,99,103] [2,13,18,25,30,82,95,124] [16,18,53,55,73,97,100,116] [0,2,4,14,32,34,38,42] [10,40,43,57,62,109,112,123] [15,18,53,57,60,69,71,111] [6,17,32,40,84,89,91,126] [14,30,44,78,80,94,108,127] [0,6,26,36,65,77,100,121] [63,86,89,97,100,103,104,118] [1,32,40,82,89,100,106,108] [10,32,44,76,83,94,95,108] [7,17,35,41,51,76,80,106] [13,18,25,30,69,82,95,124] [16,42,53,55,73,97,100,116] [0,2,4,14,34,38,103,115] [40,57,62,91,106,109,112,123] [15,16,18,55,57,60,69,111] [6,17,20,31,32,40,107,126] [14,44,54,77,80,108,115,127] [0,26,63,64,65,77,100,121] [3,23,24,49,71,90,115,126] [8,47,49,68,74,104,121,125] [6,11,23,27,69,80,104,110] [4,5,12,26,47,83,87,117] [1,5,10,52,55,96,123,124] [15,21,31,44,74,82,92,127]
Token 114: [40,43,65,72,73,98,100,122] [18,38,63,70,94,100,122,127] [38,40,57,84,88,99,113,123] [6,31,71,73,89,116,124,127] [7,11,52,76,85,86,106,115] [25,37,59,61,64,66,103,125] [8,34,47,56,63,71,83,105] [24,45,49,82,100,106,109,112] [38,65,72,84,86,116,121,127] [0,9,19,49,80,110,117,125] [16,26,30,50,53,61,78,105] [23,24,49,54,60,61,69,125] [15,42,56,79,95,96,99,115] [6,10,15,23,26,28,58,78] [17,20,48,53,57,75,104,111] [6,10,16,31,40,85,91,101] [8,39,73,78,80,81,115,124] [1,6,19,42,69,99,103,105] [8,56,63,75,86,89,105,107] [3,24,45,49,82,100,106,112] [44,65,84,90,95,103,116,121] [0,9,22,49,80,84,110,125] [13,30,50,56,61,78,98,105] [3,23,24,49,54,61,96,125] [2,15,42,56,73,96,99,115] [6,15,23,26,28,58,91,104] [17,20,48,55,57,86,90,100] [10,16,31,40,59,70,85,101] [8,39,48,73,80,81,115,124] [1,19,21,42,48,69,103,105] [8,34,56,63,75,83,105,107] [3,18,49,75,82,106,109,112] [65,84,90,95,103,114,116,121] [0,9,49,80,84,110,123,125] [30,50,56,61,68,78,98,105] [3,15,23,24,49,54,61,125] [2,15,56,65,73,96,99,115] [6,10,15,23,28,58,68,78] [3,17,20,55,86,90,100,104] [10,40,52,70,85,101,103,127] [8,39,73,80,81,89,115,124] [1,19,21,42,48,69,80,103] [24,31,36,64,80,113,114,115] [31,37,43,46,71,77,88,104] [0,6,27,53,73,90,104,107] [12,22,27,32,45,87,101,114] [5,11,34,52,55,63,98,118] [20,57,73,74,77,86,105,109]
Token 115: [14,21,50,51,57,103,106,110] [3,6,9,28,48,62,95,122] [36,41,70,84,90,115,122,125] [4,23,39,67,71,87,108,123] [11,23,50,56,58,67,70,86] [18,45,47,51,68,103,105,110] [3,47,56,58,63,66,112,116] [3,32,33,44,69,73,82,106] [36,67,72,86,109,114,116,127] [0,32,49,65,68,80,102,122] [25,29,30,36,50,53,113,123] [48,67,69,90,96,109,115,125] [2,24,34,42,79,95,114,115] [21,23,66,82,91,98,106,118] [3,4,16,53,55,57,90,109] [6,16,40,72,85,91,99,103] [1,73,78,80,81,115,119,124] [1,2,18,19,69,83,99,103] [34,56,63,64,86,104,105,116] [3,33,49,73,75,82,106,112] [65,72,84,90,95,116,121,127] [0,9,49,65,80,96,110,125] [19,30,50,56,61,78,105,113] [23,24,49,54,61,96,109,125] [15,24,34,73,79,96,99,115] [15,23,26,28,58,66,82,104] [3,4,16,48,53,90,105,110] [6,16,40,44,59,72,91,120] [12,30,48,73,80,81,89,119] [1,2,4,66,82,83,103,120] [34,56,63,75,87,104,107,116] [3,33,56,73,75,82,100,106] [36,44,67,90,95,109,114,127] [32,49,51,65,80,96,102,111] [29,30,50,51,69,98,113,123] [3,20,59,63,69,89,109,115] [2,24,34,42,57,73,114,115] [10,23,66,68,82,98,106,113] [3,8,16,53,55,57,90,105] [4,6,31,40,56,61,72,91] [12,43,55,78,80,115,119,127] [2,9,20,35,66,78,103,112] [16,18,27,71,80,93,102,115] [6,26,29,36,46,65,87,104] [6,14,20,27,48,69,81,98] [12,27,32,45,70,80,114,123] [22,52,55,60,80,98,115,117] [36,47,66,85,86,88,120,123]
Token 116: [28,51,83,87,91,112,124,125] [9,16,29,48,67,68,74,122] [4,23,36,67,76,100,125,126] [12,37,61,70,73,92,101,112] [7,11,50,57,61,83,104,119] [10,18,63,74,87,93,103,115] [22,63,66,71,86,104,111,116] [2,32,33,44,73,82,100,106] [15,18,20,37,44,67,86,127] [25,32,35,65,68,80,96,102] [18,30,50,82,88,91,103,109] [8,22,42,53,69,96,99,115] [2,14,26,34,41,114,115,127] [10,23,41,57,76,91,98,106] [3,16,53,57,60,69,71,102] [17,31,40,60,72,82,91,99] [14,60,78,80,108,110,115,122] [27,46,77,82,94,103,121,122] [3,13,46,63,64,86,104,124] [32,33,44,45,73,82,100,106] [18,44,67,72,86,94,116,123] [7,32,35,65,68,80,102,111] [18,23,30,36,50,94,98,103] [18,20,22,42,53,89,96,99] [0,2,14,26,34,57,73,115] [23,41,57,82,91,98,104,106] [3,22,38,53,55,57,60,102] [6,16,31,40,44,51,60,61] [14,30,60,80,94,108,110,122] [4,13,15,46,52,82,94,103] [3,46,63,66,89,104,110,116] [3,33,44,56,73,82,100,106] [18,20,44,67,86,90,95,127] [32,35,49,65,68,80,102,111] [18,23,30,36,41,50,69,103] [18,22,42,48,69,89,99,115] [0,2,14,26,42,57,73,115] [10,13,18,41,57,76,82,91] [3,8,16,53,55,60,80,102] [6,16,31,40,56,60,61,126] [15,55,60,80,94,108,110,115] [15,36,46,52,64,78,103,122] [8,23,24,49,74,80,90,125] [12,19,43,49,80,104,121,125] [6,11,23,45,88,98,99,104] [17,22,26,46,58,76,112,114] [5,29,30,39,52,80,81,105] [15,21,35,74,95,111,121,127]
Token 117: [72,76,95,100,102,110,119,122] [12,62,70,93,94,100,106,122] [30,40,75,77,78,87,99,125] [10,25,61,73,82,103,105,116] [11,50,52,59,63,92,118,126] [9,17,25,33,37,59,64,103] [24,34,35,53,56,63,71,107] [18,24,45,59,62,82,106,109] [38,53,57,67,90,102,116,127] [0,2,17,19,32,49,80,125] [3,16,26,30,47,57,68,103] [3,5,20,21,48,52,59,125] [2,8,21,56,65,96,105,115] [0,52,78,81,82,91,103,106] [1,3,53,67,81,92,110,115] [8,16,40,52,59,70,120,127] [24,65,80,81,89,103,105,115] [1,18,21,33,55,82,83,99] [24,27,34,44,63,70,75,116] [8,18,24,45,59,62,109,112] [5,38,45,53,65,72,101,114] [0,49,55,65,80,96,122,125] [9,16,19,31,36,68,78,98] [1,3,23,52,54,63,103,125] [21,23,65,73,75,79,89,96] [26,52,58,78,81,82,104,118] [4,42,55,67,81,92,100,110] [0,16,41,52,59,72,120,127] [11,42,48,81,87,89,105,115] [1,18,21,55,72,80,99,120] [13,24,26,34,63,75,107,126] [18,24,56,62,75,106,109,112] [37,45,53,57,72,90,101,114] [0,38,43,49,65,80,87,96] [3,9,16,26,36,68,75,98] [3,4,5,15,21,52,54,102] [2,4,21,26,59,65,73,92] [2,52,61,78,81,82,91,119] [1,32,84,92,102,110,115,125] [0,8,16,25,41,51,52,72] [11,28,35,42,65,89,115,122] [18,34,37,72,80,82,99,118] [4,24,47,50,66,70,77,106] [2,18,74,75,80,91,94,99] [5,6,11,16,42,62,99,114] [26,29,48,76,77,88,95,114] [17,43,54,76,81,84,97,104] [8,23,39,46,53,65,109,110]
Token 118: [32,46,48,49,58,72,78,118] [2,12,33,34,62,93,107,122] [14,51,65,77,90,100,115,125] [13,15,37,60,73,84,116,125] [11,23,38,50,59,63,73,113] [18,45,74,83,99,105,107,119] [13,46,56,63,64,86,89,104] [2,32,33,44,73,82,100,106] [36,44,64,67,72,86,90,127] [32,49,51,65,66,80,96,102] [16,18,30,36,50,88,103,113] [8,14,22,69,86,89,109,115] [2,26,34,42,79,114,115,125] [2,66,73,82,91,98,106,113] [3,8,11,53,55,74,105,109] [16,38,40,50,72,91,99,117] [11,48,60,78,80,84,119,122] [2,20,35,66,90,99,103,107] [13,34,46,56,63,86,104,112] [2,3,33,45,73,75,82,106] [5,36,64,67,72,86,90,127] [0,22,32,49,51,65,80,123] [6,16,30,36,50,80,88,113] [20,48,59,69,89,96,109,115] [2,34,42,71,73,79,114,125] [2,23,66,78,82,83,91,98] [3,8,53,55,57,90,99,105] [6,16,40,56,61,72,91,120] [11,14,60,78,80,94,119,122] [2,6,35,66,78,83,94,103] [34,46,54,63,75,86,89,104] [2,32,33,44,73,82,100,106] [21,44,56,67,86,90,95,127] [49,51,65,68,80,96,102,111] [30,36,50,69,83,88,103,113] [20,36,69,85,89,99,109,115] [2,9,26,42,73,114,115,125] [2,10,66,76,82,99,106,113] [3,8,53,55,57,90,102,105] [3,6,40,56,61,72,91,120] [11,43,78,80,115,119,126,127] [2,9,20,35,66,78,103,112] [18,25,27,80,93,98,102,123] [6,29,36,46,65,87,91,104] [6,14,20,27,48,81,98,104] [12,22,32,45,70,80,114,123] [22,52,55,60,80,98,115,117] [36,47,66,85,86,88,120,123]
Token 119: [0,3,23,28,62,112,124,126] [29,63,73,77,78,86,107,122] [36,49,59,67,76,112,119,125] [15,33,40,53,62,70,76,92] [1,11,27,50,51,77,104,121] [10,18,45,48,56,83,87,117] [3,14,63,66,86,104,111,119] [3,32,44,45,73,82,100,106] [15,20,29,44,67,86,95,127] [23,35,49,57,65,68,80,114] [18,30,41,50,88,95,109,111] [0,16,39,68,82,89,96,115] [2,34,42,95,103,114,115,126] [10,41,68,76,82,106,109,123] [3,8,44,47,53,57,69,99] [6,7,17,40,72,77,91,120] [1,14,23,60,78,80,126,127] [4,46,64,83,84,103,107,121] [3,14,63,65,66,86,104,111] [3,5,32,45,73,82,100,106] [14,18,44,67,72,95,123,127] [22,35,49,51,76,80,99,124] [30,41,50,88,95,109,111,124] [16,48,55,68,69,89,97,115] [25,26,34,42,52,73,114,115] [18,41,57,82,91,98,104,106] [3,8,47,53,55,57,60,99] [6,16,17,31,40,72,77,91] [14,16,23,60,78,80,110,127] [6,36,46,64,83,84,103,121] [14,56,63,65,75,86,97,118] [3,5,32,45,73,82,100,106] [15,20,56,67,86,95,116,127] [22,35,49,76,80,102,106,123] [30,41,50,69,88,95,109,124] [16,18,42,55,68,69,89,115] [0,2,25,42,73,103,114,115] [10,16,18,41,57,76,82,91] [3,8,47,53,55,57,60,71] [6,20,31,40,56,60,61,72] [23,44,60,78,80,110,115,127] [15,36,46,52,64,80,103,121] [8,24,28,49,73,80,90,125] [8,12,19,49,74,104,121,125] [6,13,27,45,72,80,88,99] [5,12,17,22,26,46,58,112] [29,30,39,45,52,80,81,105] [15,35,52,71,74,95,111,127]
Token 120: [0,16,53,61,104,107,118,120] [33,34,62,73,86,105,107,122] [10,14,40,72,84,87,116,125] [13,26,46,76,89,108,114,127] [0,11,25,34,38,74,77,118] [5,18,45,56,80,102,107,119] [14,34,56,63,66,96,111,116] [3,5,50,60,73,82,87,106] [21,47,64,67,72,95,99,127] [0,23,45,49,80,94,99,105] [14,19,30,36,50,83,108,113] [21,39,48,67,69,86,89,115] [9,26,34,42,53,73,95,115] [10,16,21,44,75,91,98,106] [3,38,47,53,74,79,80,99] [3,6,40,60,68,77,91,117] [1,7,40,48,60,78,80,127] [52,53,93,99,103,107,121,122] [14,56,63,86,89,104,111,112] [3,5,32,45,60,82,87,106] [5,64,67,95,99,116,123,127] [0,22,45,51,65,80,94,102] [14,30,50,60,80,108,113,121] [0,8,20,60,69,89,96,115] [2,9,34,42,52,53,73,115] [13,21,44,82,91,98,104,106] [3,8,44,53,55,57,80,99] [3,6,16,17,40,56,60,91] [7,14,16,40,60,78,80,127] [6,52,53,77,79,103,117,121] [14,54,63,85,86,89,97,104] [1,5,32,45,73,82,100,106] [32,44,56,64,67,95,104,127] [22,45,49,76,80,94,99,111] [14,25,30,50,69,76,83,113] [0,20,60,67,69,86,89,115] [2,9,34,42,53,73,95,115] [10,13,21,44,75,76,82,106] [3,8,53,55,57,69,79,80] [6,7,40,56,60,61,91,95] [7,15,40,60,78,80,115,127] [1,15,52,53,103,106,117,121] [22,24,37,59,73,80,115,125] [4,8,26,36,43,49,81,104] [6,27,37,45,54,69,80,81] [12,22,27,46,63,80,112,114] [22,39,52,55,80,82,105,124] [27,32,34,35,52,86,90,95]
Token 121: [0,27,48,49,50,101,106,110] [62,73,76,86,99,116,122,126] [10,14,45,70,72,87,122,125] [26,67,71,76,94,108,114,127] [0,11,34,38,67,77,114,118] [5,7,18,45,51,80,93,105] [14,63,86,89,96,104,111,119] [5,32,45,60,73,82,100,106] [2,28,47,56,67,95,99,123] [45,48,76,80,81,97,99,105] [2,14,25,30,50,76,80,83] [21,47,62,67,86,89,90,115] [32,34,42,46,53,68,95,115] [10,12,29,44,59,66,113,119] [3,23,44,53,57,96,99,105] [3,6,7,17,40,50,68,91] [1,4,14,51,60,78,80,127] [2,6,27,53,66,103,107,121] [14,54,63,65,86,89,97,104] [1,5,32,45,73,82,100,106] [2,44,64,67,95,104,108,123] [25,45,76,80,81,91,99,111] [2,14,25,30,50,60,76,83] [60,65,67,69,86,89,115,124] [2,32,34,42,46,52,53,115] [10,12,44,66,82,104,106,119] [3,23,44,53,55,57,99,105] [3,6,17,40,61,69,91,121] [4,14,51,53,78,80,102,127] [2,6,66,79,102,103,112,121] [14,54,63,86,89,97,100,104] [1,5,32,45,82,100,106,108] [2,44,67,76,95,104,108,123] [22,24,76,80,81,99,102,111] [2,14,18,25,30,76,83,94] [0,33,47,67,69,86,89,115] [9,32,34,42,46,68,115,121] [10,12,44,66,99,106,113,119] [8,39,53,55,57,96,99,105] [3,4,6,7,40,56,61,91] [4,43,51,53,78,80,114,127] [2,6,35,66,103,106,121,126] [18,71,73,80,93,98,102,123] [6,26,36,46,65,81,87,104] [6,14,20,27,48,69,72,81] [12,20,32,45,70,80,114,123] [19,22,44,52,55,80,115,117] [36,47,66,85,86,88,120,123]
Token 122: [22,28,41,47,87,91,105,110] [7,28,29,48,63,67,90,122] [4,6,36,59,64,73,76,106] [21,37,70,71,73,76,114,127] [10,11,38,51,57,70,77,87] [10,18,45,54,55,93,115,122] [3,14,66,85,86,89,104,111] [5,32,44,45,73,82,100,106] [2,18,20,35,67,95,97,123] [25,35,49,68,76,80,81,99] [2,29,30,41,50,76,95,109] [16,33,42,65,94,96,97,115] [0,32,34,42,46,62,95,115] [10,12,41,71,73,106,109,123] [3,23,44,53,57,60,64,99] [6,17,40,56,68,89,91,100] [1,14,78,80,89,110,126,127] [27,64,68,82,102,106,107,121] [3,14,63,85,86,89,97,104] [1,5,26,32,45,82,100,106] [2,18,44,67,90,95,105,123] [22,35,76,80,81,91,99,111] [2,25,30,41,50,76,95,109] [20,42,65,79,89,96,115,124] [0,2,32,34,42,46,73,115] [10,12,18,29,41,44,57,106] [44,53,55,57,60,64,73,99] [6,17,40,56,68,77,91,121] [14,16,75,78,80,102,110,127] [6,53,64,68,79,102,103,121] [3,14,54,85,86,89,97,104] [1,5,32,45,82,91,100,106] [2,18,20,44,67,95,104,123] [22,24,35,76,80,81,99,111] [2,23,25,30,41,69,76,109] [0,33,42,65,69,79,89,115] [0,2,9,14,42,73,101,115] [10,12,18,40,41,57,91,106] [23,55,57,60,64,99,102,111] [6,17,20,31,40,56,61,77] [44,77,78,80,102,110,115,127] [0,6,36,64,65,103,106,121] [3,8,16,24,49,71,73,90] [8,26,49,56,80,104,121,125] [6,11,23,27,37,72,80,110] [5,12,46,47,76,87,112,114] [10,39,52,55,80,82,105,124] [10,15,31,74,90,95,121,127]
Token 123: [2,13,51,61,69,80,120,122] [13,58,62,63,67,83,103,122] [10,59,67,100,116,117,122,126] [10,21,26,64,71,76,78,127] [0,10,38,51,57,77,91,102] [5,18,45,55,82,93,107,111] [3,8,13,14,63,85,86,104] [32,45,48,50,82,91,95,106] [2,29,39,44,95,99,103,109] [43,45,48,51,76,80,81,99] [2,18,25,30,50,76,80,83] [47,58,67,79,86,89,98,115] [7,32,42,53,68,73,95,115] [2,10,12,21,44,79,98,121] [8,28,34,44,55,57,79,99] [1,6,31,56,68,90,91,103] [14,20,55,73,78,80,102,127] [6,27,45,69,97,102,107,121] [3,14,63,85,86,89,97,104] [1,32,45,48,82,95,100,106] [5,39,44,95,103,108,109,123] [43,45,76,80,81,99,103,127] [18,25,30,50,69,83,107,113] [47,65,67,79,86,89,105,115] [7,34,42,46,53,68,73,115] [10,17,21,44,65,71,79,121] [23,28,39,53,55,57,79,99] [1,3,6,17,56,91,103,121] [14,20,55,73,78,80,102,127] [6,17,69,79,97,106,112,121] [6,54,85,86,89,97,100,104] [1,32,45,82,91,100,108,115] [44,67,76,95,104,108,109,123] [24,45,48,76,80,81,99,111] [18,25,30,69,76,83,94,123] [0,20,33,47,67,79,89,115] [7,9,34,42,46,68,73,115] [10,21,40,55,79,98,99,121] [23,28,39,53,55,57,79,99] [3,4,6,17,40,61,103,121] [14,20,55,73,78,80,102,127] [6,9,45,48,69,97,112,121] [3,16,37,64,71,80,101,115] [4,6,26,30,36,77,87,104] [6,27,53,56,71,73,81,116] [12,27,32,45,114,117,123,127] [19,22,52,55,67,101,115,117] [32,34,47,73,85,86,117,123]
Token 124: [14,24,57,66,103,106,110,118] [9,25,44,46,48,56,57,103] [7,11,36,41,52,90,122,125] [9,37,39,64,71,78,112,127] [10,11,50,51,57,63,70,77] [18,45,51,55,93,105,107,110] [14,23,86,89,97,100,104,109] [1,5,32,45,73,82,91,100] [61,67,74,95,100,104,109,123] [32,48,76,80,81,99,102,103] [18,25,30,76,83,85,94,123] [33,47,67,79,101,109,111,115] [25,34,42,61,68,95,114,115] [10,29,40,55,65,66,71,113] [7,16,23,34,55,57,99,105] [6,17,40,68,72,90,91,103] [1,12,14,55,78,102,119,127] [2,6,27,75,102,107,112,121] [22,54,85,86,89,97,100,104] [1,32,45,48,82,89,100,108] [44,95,103,104,108,109,122,123] [17,76,80,81,92,99,103,111] [7,18,25,30,76,83,94,123] [21,65,67,90,99,105,109,115] [2,34,42,46,68,87,95,115] [10,27,66,71,92,101,106,112] [7,16,23,34,44,57,99,105] [3,6,17,32,69,72,91,121] [1,14,55,78,102,114,119,127] [2,6,66,72,77,82,112,121] [14,22,54,86,89,97,100,104] [1,5,32,45,82,89,100,108] [32,44,67,76,104,108,109,123] [32,48,76,80,81,99,102,103] [7,18,25,76,80,85,94,123] [4,29,33,47,67,79,109,115] [2,9,34,46,61,68,114,120] [10,29,40,55,66,99,106,113] [16,23,39,53,55,57,99,105] [3,6,7,17,40,61,72,91] [12,14,43,78,80,102,119,127] [2,6,9,20,35,66,112,121] [3,16,18,27,71,80,102,115] [6,26,29,36,65,68,87,104] [6,20,27,48,56,69,81,104] [12,32,45,70,80,114,117,123] [22,52,55,98,101,115,117,127] [36,47,66,85,86,88,120,123]
Token 125: [12,23,28,41,51,77,112,116] [16,29,44,48,67,74,114,122] [15,23,36,50,59,73,76,125] [16,40,62,79,90,92,109,112] [10,11,18,27,43,50,51,77] [10,18,45,56,78,108,117,126] [3,63,85,86,100,104,110,111] [45,60,73,82,91,93,106,115] [15,33,44,67,95,103,104,127] [22,32,35,49,80,81,102,117] [25,30,40,53,64,88,95,109] [0,9,16,40,79,101,111,115] [9,25,34,42,62,76,114,115] [10,41,45,65,71,73,76,77] [8,16,34,47,55,57,74,99] [6,40,55,56,72,91,95,117] [1,14,55,60,78,80,109,110] [6,64,68,82,102,103,104,107] [47,63,75,85,86,89,97,104] [1,26,32,45,60,82,100,115] [5,22,37,44,67,95,103,104] [22,32,33,49,76,80,81,102] [7,25,30,41,60,64,69,109] [0,20,33,59,78,79,115,116] [22,42,43,73,76,115,118,123] [10,29,41,45,71,76,77,91] [8,16,34,47,55,57,99,111] [6,55,56,61,68,72,77,91] [1,14,78,80,102,109,110,127] [6,46,64,68,102,103,106,107] [63,75,85,86,89,97,104,110] [1,39,45,47,51,82,100,115] [22,33,38,44,67,95,103,104] [1,22,32,49,80,81,102,127] [13,25,30,64,69,108,109,119] [0,33,42,59,79,98,101,115] [0,9,19,34,42,73,103,114] [10,29,41,45,57,76,77,91] [7,16,34,47,55,57,60,111] [6,31,56,61,72,77,90,106] [6,55,60,78,80,109,110,115] [6,36,46,64,80,85,103,115] [3,24,49,59,70,77,90,125] [12,18,26,49,74,104,121,125] [6,13,23,27,72,88,99,104] [4,5,12,17,45,76,86,114] [5,19,30,33,52,81,96,125] [15,31,71,74,94,114,121,127]
Token 126: [18,31,53,68,69,81,107,118] [13,29,39,67,75,83,91,122] [15,36,59,73,87,117,123,125] [10,16,26,62,79,90,109,112] [11,38,47,50,77,91,111,118] [18,45,56,78,102,111,116,117] [3,75,85,86,89,100,104,110] [32,45,60,82,93,98,100,115] [28,33,39,44,51,95,103,127] [22,43,48,80,81,99,117,127] [7,14,25,30,64,80,83,88] [0,13,29,47,79,101,102,115] [9,34,42,43,62,68,114,115] [10,29,40,55,65,71,76,121] [8,28,39,47,55,57,84,99] [3,6,31,55,56,72,91,94] [1,14,60,78,102,105,109,121] [6,14,20,45,97,102,104,107] [3,65,85,86,89,97,100,104] [1,26,32,36,45,82,93,100] [28,33,44,95,103,104,123,124] [22,76,80,81,99,102,103,127] [7,25,30,52,64,69,80,119] [0,13,20,29,47,102,107,115] [34,42,43,46,61,68,115,123] [10,29,40,45,65,71,107,121] [23,39,53,55,57,84,95,99] [3,6,61,72,75,89,91,121] [1,14,43,75,78,80,102,121] [6,20,47,68,79,102,112,121] [3,54,86,89,97,104,109,119] [1,13,32,45,82,91,108,115] [28,38,47,67,95,110,123,127] [24,37,49,76,80,81,99,102] [7,13,25,69,74,83,88,94] [0,13,33,47,67,90,102,115] [9,34,42,43,46,68,114,120] [10,29,42,55,79,99,104,121] [28,39,53,55,57,66,84,99] [3,4,6,23,61,89,91,121] [14,20,78,102,105,115,121,126] [6,9,14,45,97,102,112,121] [3,16,41,65,71,80,101,115] [4,6,36,46,65,68,75,104] [6,14,27,54,71,81,104,116] [4,12,27,32,45,114,117,127] [19,22,52,55,63,67,101,117] [32,34,57,74,85,86,99,117]
Token 127: [35,72,76,95,100,102,110,119] [12,64,67,70,75,94,106,122] [40,75,77,78,87,99,113,125] [10,37,79,82,94,103,108,124] [10,11,47,50,51,52,77,118] [2,11,18,22,33,45,56,103] [8,34,47,56,63,75,86,104] [8,40,45,51,60,62,82,109] [8,38,67,90,95,99,103,127] [8,45,49,80,81,99,117,127] [7,16,53,57,64,80,83,88] [5,13,67,79,90,101,102,115] [9,34,42,43,68,71,95,114] [10,29,32,71,73,78,79,81] [3,8,34,55,57,84,99,111] [6,31,52,55,61,72,91,95] [1,14,60,78,89,96,105,115] [6,20,27,53,102,103,104,107] [47,63,75,85,86,89,97,104] [1,8,26,32,45,60,62,82] [5,44,53,67,95,103,105,124] [22,45,49,76,80,81,99,117] [7,16,25,57,64,69,80,94] [33,59,79,90,101,102,115,116] [9,34,42,43,46,61,68,114] [10,29,40,65,71,73,81,107] [23,34,39,42,53,55,57,99] [3,6,52,61,72,75,89,91] [1,14,78,80,89,102,105,127] [6,20,27,68,102,106,112,121] [3,54,86,89,97,100,104,109] [1,32,45,73,82,91,108,115] [21,53,67,76,95,103,105,123] [37,45,49,76,80,81,99,117] [7,16,25,57,69,80,83,94] [30,33,59,67,90,99,101,102] [9,32,34,46,68,73,114,127] [32,45,71,78,81,93,99,107] [23,53,55,57,66,84,99,110] [3,6,7,52,61,89,91,121] [4,65,78,89,102,105,115,126] [6,9,18,42,72,112,121,126] [3,21,39,41,80,92,115,123] [6,29,36,41,46,87,88,104] [6,14,27,56,81,104,116,122] [4,12,32,45,101,114,117,123] [19,22,52,55,61,63,101,117] [20,57,65,73,85,86,99,109]
