MODEL: qwen3_30b
TOKEN_COUNT: 128
ACTIVE_EXPERTS: 8
================================================================================
PROMPT TEXT:
Famitsu enjoyed the story , and were particularly pleased with the improvements to gameplay . Japanese gaming site Game Watch Impress , despite negatively noting its pacing and elements recycled from previous games , was generally positive about its story and characters , and found its gameplay entertaining despite off @-@ putting difficulty spikes . 4Gamer.net writer Naohiko <unk> , in a " Play Test " article based on the game 's PSN demo , felt that Valkyria Chronicles III provided a " profound feeling of closure " for the Valkyria Chronicles series . He praised its gameplay despite annoying limitations to aspects such as special abilities , and positively noted its shift in story to a tone similar to the first game .
================================================================================
GENERATED TEXT:
 4Gamer.net 's Tetsuya <unk> , in a review of the game 's PSN demo , felt that the game 's story was " very good " and that the gameplay was " very good " as well . 4Gamer.net 's Tetsuya <unk> , in a review of the game 's PSN demo , felt that the game 's story was " very good " and that the gameplay was " very good " as well . 4Gamer.net 's Tetsuya <unk> , in a review of the game 's PSN demo , felt that the
================================================================================
EXPERT TRACE (Per token, list of layer expert IDs):
================================================================================
Token   0: [11,16,72,85,100,106,114,119] [18,21,43,70,94,119,122,127] [2,30,38,45,65,93,99,109] [4,6,25,31,72,81,84,115] [11,52,63,73,75,81,85,115] [33,37,59,61,64,66,68,73] [34,47,53,63,70,71,83,105] [18,24,49,59,62,75,109,112] [16,41,44,65,72,80,84,121] [0,9,49,96,98,110,111,122] [26,47,56,57,61,78,90,105] [7,23,24,49,54,61,103,125] [9,15,23,56,65,79,96,99] [6,15,26,28,33,58,78,118] [3,17,20,32,48,81,100,110] [8,16,49,59,70,85,101,120] [30,65,73,81,83,89,105,115] [18,19,21,33,42,55,99,105] [24,34,41,47,63,105,116,126] [24,33,49,59,62,100,109,112] [16,38,65,66,72,84,101,121] [0,9,49,96,98,110,122,125] [19,31,56,61,78,90,98,105] [1,23,24,49,54,61,103,125] [15,23,35,64,65,79,96,99] [15,19,26,28,58,61,78,118] [4,17,32,48,81,100,110,115] [16,31,41,52,59,70,120,127] [48,73,81,82,83,89,105,115] [1,18,21,42,55,82,88,99] [24,26,39,56,63,83,105,126] [8,24,33,59,75,100,109,112] [38,45,53,65,72,90,101,114] [0,23,49,55,96,98,122,125] [16,26,56,68,78,90,98,105] [3,7,23,24,52,54,121,125] [2,21,23,64,65,73,79,96] [0,26,47,58,78,82,91,118] [1,3,4,38,55,81,86,100] [16,40,41,48,49,70,120,127] [30,54,70,76,81,101,103,115] [1,21,48,55,72,77,82,88] [6,14,32,52,56,80,109,115] [31,37,46,58,71,96,104,120] [6,53,69,70,90,94,98,104] [22,29,45,54,71,82,87,114] [26,27,34,37,76,93,104,125] [3,20,58,73,76,86,87,104]
Token   1: [30,32,58,72,85,88,109,121] [1,27,64,65,87,120,122,125] [3,25,39,45,85,101,107,109] [4,14,37,72,81,82,84,115] [11,30,37,50,52,53,63,64] [8,18,37,59,63,64,68,112] [24,26,34,56,58,63,71,107] [9,18,24,59,75,100,109,112] [18,45,72,77,86,90,114,127] [0,7,17,49,65,80,96,122] [18,26,27,55,68,85,90,127] [18,30,48,59,60,63,69,90] [2,26,30,34,64,75,79,96] [2,8,26,47,61,67,82,118] [3,38,55,67,68,109,110,115] [16,17,31,40,49,72,89,120] [0,14,24,30,76,81,101,115] [1,9,18,77,80,82,88,90] [22,26,44,56,58,63,87,104] [33,59,75,82,88,100,112,123] [22,35,45,61,72,77,83,114] [0,7,47,65,80,96,111,122] [16,19,36,55,85,88,94,103] [11,25,30,43,48,54,63,90] [2,23,26,73,79,108,114,127] [2,26,47,61,67,82,83,118] [3,4,14,15,38,73,92,115] [0,16,32,40,72,89,120,125] [0,1,11,24,30,76,82,100] [9,46,82,88,92,93,112,122] [22,44,56,58,63,77,87,104] [2,9,31,33,36,44,82,88] [18,22,35,45,61,83,86,90] [0,7,47,65,80,82,96,111] [16,23,36,55,82,85,94,127] [9,18,30,43,54,59,69,99] [2,14,27,52,64,73,114,127] [45,47,61,67,82,92,93,106] [1,3,15,38,55,68,73,109] [0,16,40,63,87,89,120,125] [0,1,30,76,80,84,100,101] [5,11,34,44,57,82,88,99] [12,14,23,52,58,80,92,111] [5,20,41,58,100,101,104,120] [6,16,19,58,62,94,98,104] [22,32,45,54,88,91,95,99] [21,26,32,44,57,93,94,125] [4,42,53,72,98,107,116,124]
Token   2: [6,46,48,49,52,75,78,117] [5,28,31,63,65,85,89,122] [4,5,6,36,46,49,60,111] [3,4,14,18,24,45,60,86] [7,11,30,37,57,60,73,101] [8,18,31,56,63,93,110,112] [3,44,46,63,66,71,87,104] [7,24,32,44,56,82,100,106] [22,45,53,67,72,86,87,123] [0,7,35,68,80,82,92,96] [4,26,27,55,71,82,91,94] [18,25,30,48,59,73,95,99] [2,4,8,14,46,73,85,127] [8,61,63,82,91,92,106,112] [1,3,11,15,33,38,55,68] [8,16,31,32,40,49,89,120] [14,24,30,76,81,83,84,115] [1,9,18,36,46,75,82,99] [22,26,44,56,63,87,107,118] [2,31,33,59,75,88,100,123] [18,22,35,45,61,90,100,114] [0,7,47,65,80,82,96,111] [36,55,82,85,88,94,103,127] [22,25,30,43,48,56,95,99] [2,26,34,36,73,75,114,127] [2,18,61,63,82,91,106,125] [3,14,15,33,71,73,107,110] [0,16,32,40,48,80,120,126] [1,11,34,62,83,93,100,122] [26,75,82,89,92,93,112,122] [38,52,63,77,87,104,107,112] [2,31,33,48,51,88,110,123] [22,35,61,86,90,94,98,100] [0,7,23,47,49,65,96,111] [23,36,82,85,88,94,113,127] [9,15,22,25,30,43,99,115] [2,14,52,57,73,75,114,127] [52,61,82,91,92,103,106,112] [1,15,33,38,55,73,86,92] [0,16,25,32,63,80,89,110] [1,30,35,46,76,93,100,101] [11,26,39,75,81,82,99,105] [4,14,33,58,70,80,87,111] [5,20,41,58,69,80,82,98] [2,6,19,29,62,70,98,104] [22,45,48,54,64,67,88,114] [18,26,43,52,54,63,104,125] [0,17,39,42,53,80,107,113]
Token   3: [0,4,24,28,33,38,89,117] [2,24,31,33,68,90,109,122] [4,5,41,46,49,60,67,78] [4,20,36,45,60,86,104,114] [7,11,37,52,60,64,108,126] [0,8,31,39,63,74,75,114] [39,46,64,71,102,103,104,108] [7,9,19,33,44,82,88,113] [45,67,85,86,90,94,118,123] [7,8,35,67,80,82,92,96] [7,21,66,71,82,85,91,94] [25,48,60,73,95,96,99,100] [2,4,8,14,85,91,111,127] [34,51,62,87,92,106,112,122] [3,15,24,38,55,57,102,109] [16,32,40,49,75,89,120,125] [1,14,27,30,76,80,84,94] [9,18,27,36,49,75,81,82] [22,39,44,56,63,87,103,104] [7,9,33,44,59,82,88,94] [13,45,61,86,90,94,100,118] [7,8,17,67,80,82,96,111] [7,21,23,36,71,82,91,94] [18,25,31,48,73,95,99,100] [2,4,8,25,73,111,112,127] [18,29,62,82,92,103,106,112] [3,15,24,38,55,71,73,102] [16,32,40,75,89,120,125,126] [1,11,27,30,76,84,100,122] [18,36,46,75,81,82,92,122] [39,44,56,58,63,87,103,104] [2,7,9,31,33,88,106,123] [17,45,53,61,86,90,94,118] [7,8,47,65,80,82,96,111] [7,23,36,71,82,85,91,94] [9,18,20,22,25,69,73,99] [2,14,52,73,111,112,114,127] [2,18,29,62,82,92,106,112] [3,15,24,38,55,73,102,109] [16,31,32,40,89,120,125,126] [11,30,76,84,93,94,100,115] [9,26,36,46,49,82,100,103] [14,23,24,30,69,86,92,125] [12,19,41,56,75,80,99,120] [6,11,25,70,88,98,99,104] [12,22,26,27,54,87,95,117] [1,5,26,30,55,60,125,127] [15,44,58,74,82,98,111,116]
Token   4: [24,27,38,51,66,72,95,122] [2,14,45,56,62,96,120,122] [5,10,48,49,60,78,95,103] [3,5,20,34,45,73,104,118] [11,37,48,60,61,64,73,126] [0,8,31,39,46,63,100,103] [34,39,44,56,63,104,118,124] [7,9,24,33,44,59,82,88] [45,61,67,83,86,90,94,100] [0,7,8,35,80,95,96,111] [21,71,82,85,91,94,121,124] [30,43,48,60,73,75,99,100] [2,4,8,14,26,41,73,127] [2,47,57,62,63,82,106,112] [3,11,15,38,55,60,102,111] [16,32,40,63,89,120,125,126] [11,24,30,76,91,94,108,115] [1,9,18,26,36,46,82,112] [22,39,52,56,63,87,104,118] [2,9,31,33,44,84,88,123] [18,45,61,83,86,90,100,123] [7,17,35,47,65,80,96,111] [7,36,82,85,88,91,94,103] [20,22,42,43,60,69,73,99] [0,2,26,27,71,73,114,127] [2,18,47,57,63,82,106,112] [3,15,38,55,60,71,73,115] [16,32,40,41,75,120,125,126] [1,14,24,30,76,83,108,122] [9,26,36,46,81,82,112,122] [44,56,58,63,87,104,112,118] [2,9,31,33,48,51,88,123] [17,18,45,53,61,83,86,90] [7,35,65,80,82,96,106,111] [23,36,69,82,85,91,94,121] [30,43,60,69,73,75,99,115] [2,14,27,30,71,73,114,127] [18,33,62,82,83,103,106,112] [3,11,15,38,55,71,73,109] [16,32,40,86,120,121,125,126] [1,24,30,54,76,83,108,115] [9,17,36,46,81,82,103,112] [14,24,30,52,68,74,86,125] [12,19,56,75,100,104,120,121] [6,11,45,88,94,98,99,104] [5,17,22,27,32,37,54,87] [5,30,52,55,60,98,104,127] [15,21,74,82,85,109,111,127]
Token   5: [18,35,72,76,95,100,102,119] [2,12,31,70,96,100,122,127] [30,40,41,75,77,78,99,125] [13,20,25,34,73,86,101,116] [11,50,52,85,92,99,118,126] [8,17,33,37,59,64,75,103] [24,34,35,53,56,58,63,71] [2,18,24,33,59,62,88,109] [45,53,57,61,72,86,90,127] [0,17,49,55,85,87,96,111] [16,18,26,57,85,91,103,121] [5,7,20,30,48,52,59,60] [2,8,9,21,56,65,89,105] [0,47,58,78,81,82,91,103] [1,3,38,67,81,109,110,115] [16,31,40,49,52,59,70,120] [11,24,30,65,89,103,105,115] [1,18,33,42,55,78,82,99] [22,24,26,39,44,56,63,116] [24,33,59,62,88,100,109,112] [5,38,41,45,53,65,72,114] [0,19,49,55,85,96,122,125] [16,19,31,57,68,78,94,98] [3,7,23,52,54,96,103,125] [2,4,8,9,21,56,65,96] [0,26,47,58,78,81,103,104] [1,4,38,55,81,92,100,110] [31,32,41,49,52,59,70,127] [42,48,81,89,97,103,105,115] [1,18,21,55,73,82,83,99] [13,24,26,44,63,70,107,122] [8,18,24,56,59,62,75,109] [16,41,53,57,72,90,101,114] [0,2,49,50,55,58,87,96] [3,9,16,26,57,58,68,98] [3,5,7,14,52,59,96,121] [2,7,18,21,59,65,73,92] [47,52,61,78,81,91,103,112] [1,32,55,86,92,109,110,115] [0,16,25,26,31,41,49,52] [35,48,54,65,76,89,105,115] [18,21,72,80,82,103,120,123] [9,14,24,50,66,77,109,113] [2,18,56,75,82,96,98,122] [6,11,16,42,62,70,94,99] [0,29,38,48,52,88,94,95] [5,9,54,71,76,84,104,106] [8,44,46,48,65,74,92,109]
Token   6: [25,32,46,48,49,58,72,78] [2,12,31,34,63,93,122,123] [14,40,51,77,90,100,115,125] [13,20,34,73,101,116,118,125] [11,23,50,63,73,85,113,126] [18,31,68,74,75,103,105,107] [22,34,39,44,56,63,64,104] [2,9,31,33,82,88,100,106] [35,44,45,61,72,86,90,99] [0,17,49,65,66,80,96,111] [13,18,26,85,88,91,103,113] [30,48,60,69,89,105,109,115] [2,26,30,52,73,114,125,127] [2,10,63,66,76,82,106,113] [3,11,34,38,55,105,111,115] [16,17,32,40,50,72,79,120] [11,30,43,84,89,98,119,122] [1,2,9,20,66,82,94,103] [13,22,26,39,41,56,63,127] [2,31,33,50,51,84,88,123] [17,35,36,45,61,72,90,100] [0,17,65,66,76,80,96,111] [19,36,50,69,85,88,91,113] [20,54,60,69,89,90,109,115] [2,27,30,71,73,79,114,125] [2,33,66,82,83,98,106,113] [3,10,11,38,55,63,105,115] [16,23,32,40,72,89,120,121] [11,24,30,80,83,84,105,119] [1,2,9,18,66,73,82,112] [44,56,58,63,104,116,124,127] [2,9,31,32,33,44,82,88] [17,35,45,61,67,69,86,90] [7,17,65,66,80,96,99,111] [18,19,69,85,88,91,94,126] [1,59,60,69,90,99,109,115] [2,27,30,71,73,114,125,127] [2,10,33,66,82,93,106,113] [3,10,38,55,66,102,105,115] [3,16,32,40,72,89,120,121] [1,11,24,30,80,105,115,119] [1,2,9,66,73,80,82,112] [14,18,23,27,80,92,98,115] [29,37,46,83,87,91,100,120] [6,29,48,94,98,104,107,108] [2,22,27,32,45,54,77,101] [52,60,63,97,98,104,125,127] [20,36,58,73,74,85,86,97]
Token   7: [0,6,40,49,50,72,75,89] [15,19,28,33,73,77,122,123] [2,12,46,104,107,111,125,127] [12,14,15,74,100,103,114,124] [7,11,30,37,50,53,60,126] [18,20,63,74,75,103,110,119] [44,46,63,64,87,104,119,127] [9,31,32,33,44,82,88,106] [17,22,35,45,61,67,86,90] [7,17,49,65,80,82,96,111] [16,26,30,55,85,91,94,126] [18,30,43,48,59,60,90,99] [2,8,24,30,46,114,125,127] [2,10,45,61,92,93,103,106] [3,14,33,38,55,67,92,115] [0,16,32,40,72,80,89,120] [1,11,24,82,83,84,105,106] [1,9,18,27,39,80,82,112] [22,23,44,56,63,87,104,127] [9,31,32,33,59,82,88,123] [17,22,35,45,53,61,90,114] [0,2,7,65,80,82,96,111] [7,9,16,19,55,85,94,126] [1,30,43,54,60,69,90,99] [2,8,24,27,30,73,114,127] [2,29,33,47,61,93,106,118] [3,4,14,33,38,55,92,115] [0,16,32,40,75,80,89,120] [1,14,24,35,80,82,84,105] [1,9,18,39,73,80,82,93] [44,56,58,63,87,104,119,127] [9,31,32,33,44,56,82,88] [17,22,45,53,61,90,92,98] [0,7,33,80,82,96,99,111] [7,9,16,19,55,85,94,126] [1,30,59,60,90,96,99,102] [2,8,24,27,67,73,112,127] [29,45,61,87,92,93,103,106] [1,14,33,38,55,66,92,115] [0,16,25,40,75,80,89,117] [1,30,39,80,82,97,103,105] [1,18,39,72,73,82,93,99] [4,14,17,30,58,80,92,111] [5,37,41,69,75,83,98,120] [6,9,11,62,96,98,104,107] [22,30,32,45,54,77,92,114] [1,26,37,43,54,63,90,125] [0,17,39,42,53,61,80,93]
Token   8: [4,18,28,33,89,103,117,124] [9,28,33,49,53,54,73,122] [10,42,46,81,97,107,115,127] [9,24,36,39,74,100,114,123] [7,11,12,45,53,60,70,100] [18,20,31,75,83,102,104,110] [20,44,63,66,77,87,104,127] [1,7,32,33,44,52,82,106] [17,21,22,45,61,67,113,123] [7,35,44,80,82,92,96,99] [7,48,55,71,85,91,94,126] [18,25,36,60,90,99,107,121] [2,8,21,24,27,37,46,127] [20,29,45,51,52,61,92,93] [3,14,27,38,42,55,92,115] [0,16,32,40,75,89,117,119] [1,14,27,78,80,82,103,105] [1,18,27,54,73,82,93,112] [44,63,87,104,107,116,119,127] [7,9,31,32,33,44,82,88] [13,17,22,45,53,61,90,92] [0,7,44,70,80,82,92,96] [7,9,12,55,71,85,94,126] [20,25,30,52,59,60,90,99] [2,8,22,24,46,73,112,127] [29,47,52,61,92,93,103,106] [3,14,27,38,42,55,92,115] [0,16,32,40,75,89,117,120] [1,14,24,28,35,80,82,105] [1,18,27,54,73,82,93,112] [39,44,63,77,87,104,107,127] [31,32,33,44,52,56,82,106] [17,22,45,53,61,67,90,92] [0,7,44,69,80,82,92,96] [7,9,12,55,71,85,94,126] [25,30,36,52,59,65,90,99] [2,8,24,37,46,111,112,127] [29,45,52,61,84,87,92,93] [14,22,26,49,55,66,92,115] [0,25,51,75,89,110,117,125] [1,27,28,35,39,82,97,103] [1,18,54,73,75,82,93,99] [4,14,17,25,33,69,70,80] [18,20,24,61,69,75,83,100] [6,9,11,19,82,96,104,108] [6,32,45,54,77,98,105,114] [14,26,33,37,54,63,90,125] [6,17,18,23,53,80,93,96]
Token   9: [0,4,9,18,24,38,117,118] [21,33,49,54,73,76,77,122] [12,42,57,60,81,97,104,127] [9,24,46,74,85,91,100,123] [7,11,12,21,32,60,65,121] [18,20,31,75,93,104,109,110] [63,64,87,96,104,119,124,127] [1,7,32,33,52,58,82,106] [5,13,17,32,61,67,92,123] [7,21,35,68,80,82,92,99] [7,54,66,71,82,85,94,126] [17,18,25,73,90,97,99,100] [2,4,8,14,46,47,92,127] [20,51,62,87,92,93,106,112] [14,15,24,38,42,53,55,115] [16,32,40,75,89,110,119,125] [1,11,14,27,39,80,82,97] [1,18,27,73,81,82,93,118] [44,63,87,98,104,107,119,127] [7,32,33,52,82,88,106,113] [5,17,22,45,53,67,92,123] [0,7,21,76,80,82,91,96] [7,12,54,55,71,85,94,126] [17,20,25,30,59,60,90,99] [2,4,8,22,47,92,112,127] [20,29,78,87,92,93,106,112] [14,15,24,38,55,92,109,115] [16,32,40,49,75,89,120,125] [1,11,14,39,48,80,105,106] [1,18,27,73,80,81,82,105] [39,44,63,87,104,107,119,127] [7,31,32,33,44,56,82,106] [5,17,45,53,61,90,92,114] [2,7,21,49,80,82,96,99] [7,12,54,69,71,85,94,126] [17,25,30,60,65,73,90,99] [2,8,47,67,73,92,112,127] [20,29,62,87,92,93,103,112] [4,14,15,24,38,55,71,115] [2,16,32,40,75,89,110,125] [1,39,62,80,97,103,105,115] [1,18,36,46,73,81,82,93] [14,17,30,50,69,80,92,114] [5,24,37,56,69,75,83,120] [6,9,11,16,47,94,99,104] [2,22,27,32,54,77,95,114] [5,37,51,63,71,90,101,125] [6,18,20,44,53,58,74,86]
Token  10: [24,47,72,100,102,108,119,127] [49,70,77,96,108,122,126,127] [30,40,75,82,93,95,99,125] [13,34,74,82,103,110,123,124] [11,52,71,73,79,85,113,118] [18,31,33,37,59,75,103,104] [35,44,56,63,71,87,104,127] [8,9,24,31,33,62,82,106] [17,45,57,61,86,89,90,99] [0,2,7,49,71,80,96,111] [16,26,55,57,73,81,85,126] [20,26,30,36,59,60,90,99] [2,8,27,30,46,75,89,127] [33,45,47,78,81,92,103,106] [1,11,14,38,55,67,115,125] [16,31,40,41,52,89,119,121] [1,24,39,65,76,91,105,115] [1,9,18,59,61,80,82,112] [13,44,58,87,104,107,119,127] [8,31,32,33,56,82,88,123] [5,17,22,45,53,57,90,114] [0,2,7,49,55,80,82,91] [7,16,19,31,47,55,57,126] [26,30,52,59,60,79,99,103] [2,9,21,46,64,69,71,127] [29,33,47,61,78,81,93,103] [1,4,14,38,73,98,115,125] [2,16,40,41,52,59,93,120] [24,48,65,76,97,103,105,115] [1,18,61,73,80,82,99,122] [26,34,44,58,87,104,112,122] [8,24,32,33,36,56,59,123] [17,41,53,57,72,89,90,114] [0,2,31,49,55,80,82,111] [6,16,36,55,57,81,94,126] [1,3,52,59,60,99,103,121] [2,8,21,71,73,91,126,127] [33,47,78,91,92,93,103,122] [1,14,19,38,55,81,107,115] [2,16,40,41,52,89,93,110] [26,75,76,91,97,100,105,115] [13,18,58,59,73,80,82,123] [9,14,17,47,69,109,113,115] [25,37,56,75,83,90,104,120] [9,16,36,51,70,104,107,127] [32,38,40,54,77,95,114,119] [9,41,52,61,90,104,106,125] [2,39,46,48,65,101,109,125]
Token  11: [21,25,28,32,33,37,72,124] [4,26,28,46,73,105,122,124] [36,40,60,89,91,95,103,127] [14,17,34,47,79,94,100,110] [7,11,28,34,60,81,114,126] [8,18,31,58,84,103,104,127] [26,44,56,58,63,70,89,107] [7,9,24,28,32,82,106,123] [17,22,37,41,45,57,72,90] [0,2,33,49,80,82,85,96] [16,26,47,55,57,71,94,126] [25,30,56,59,60,65,99,107] [2,8,21,64,89,94,123,126] [0,33,39,45,47,81,103,122] [1,22,26,38,49,81,115,125] [16,41,46,49,50,51,52,93] [1,5,33,65,76,89,103,115] [3,18,33,54,78,82,109,123] [24,26,44,47,55,58,70,104] [8,28,30,43,56,59,62,123] [16,17,41,45,53,57,72,114] [0,2,49,50,55,82,85,122] [9,16,31,36,47,55,57,68] [7,25,30,39,52,59,88,103] [9,21,35,64,71,94,123,126] [33,45,47,61,63,78,81,103] [1,4,14,26,73,81,106,110] [2,16,25,41,49,59,93,127] [5,35,48,65,76,89,103,115] [18,58,75,82,99,108,122,123] [24,26,34,55,58,70,112,122] [8,30,43,56,62,75,92,123] [2,16,41,53,57,72,90,114] [0,2,31,47,49,50,82,111] [6,16,36,47,55,68,71,126] [3,25,52,56,60,99,103,107] [2,21,35,39,71,73,94,127] [33,47,63,78,91,92,106,112] [1,3,4,14,26,38,55,115] [2,16,25,31,32,40,41,110] [5,48,54,75,76,80,91,115] [18,26,36,46,54,73,82,93] [8,9,14,17,66,69,77,113] [15,24,31,56,75,80,83,122] [9,16,25,59,67,94,99,104] [23,29,38,48,52,77,87,95] [5,9,71,76,81,90,106,125] [18,25,44,46,48,74,92,122]
Token  12: [40,51,84,92,98,99,100,119] [30,38,73,84,89,97,122,127] [40,49,77,89,93,99,125,127] [68,79,82,84,88,95,110,124] [11,48,52,81,85,92,99,118] [18,22,31,33,42,75,103,104] [22,24,34,56,63,87,107,127] [2,8,31,33,62,82,100,123] [16,17,44,45,53,61,80,90] [0,7,49,65,71,80,96,111] [16,18,57,71,85,88,94,126] [20,28,43,59,60,90,99,105] [2,27,30,46,64,73,99,127] [2,10,16,33,47,92,93,106] [3,11,14,20,32,38,55,115] [16,32,40,41,52,89,120,121] [1,11,39,83,105,106,108,115] [1,9,18,27,42,80,82,112] [24,44,56,63,87,104,122,127] [9,31,32,33,59,62,82,88] [17,22,45,53,61,90,92,114] [0,2,7,80,82,91,96,111] [7,16,19,31,55,85,94,126] [1,20,25,30,54,59,60,99] [2,21,30,35,64,73,94,127] [2,29,33,47,61,78,106,112] [3,4,14,32,38,55,73,115] [16,32,40,75,84,89,120,126] [11,24,44,48,62,80,108,115] [9,18,46,73,80,103,112,122] [24,56,58,63,87,118,122,127] [2,31,33,48,50,51,88,106] [17,22,35,53,61,90,92,114] [0,7,14,49,65,80,96,111] [16,19,55,69,85,94,124,126] [1,25,43,54,60,65,99,115] [0,2,21,67,73,92,94,127] [2,16,57,62,76,78,106,112] [3,11,14,15,32,55,71,115] [16,20,31,32,40,52,60,120] [11,15,39,54,80,83,108,115] [15,17,18,36,46,52,80,103] [14,17,23,24,49,69,74,125] [12,19,43,56,75,83,100,120] [6,9,11,25,45,88,99,104] [5,17,22,46,63,77,87,112] [5,22,29,30,39,80,97,105] [35,52,74,82,95,109,111,127]
Token  13: [13,26,65,72,96,98,100,108] [18,50,70,94,100,122,124,127] [49,53,82,84,88,95,99,125] [20,34,61,68,74,94,123,124] [11,50,76,79,85,99,106,118] [31,42,59,66,75,103,104,125] [13,22,34,35,56,63,105,127] [9,31,33,48,49,50,88,100] [17,44,45,61,66,80,86,90] [0,26,49,65,71,80,96,111] [16,57,61,69,73,85,88,113] [20,26,28,60,61,69,99,115] [2,21,30,56,73,99,114,127] [2,6,16,47,78,80,82,106] [3,4,11,20,32,38,48,115] [16,17,40,48,72,85,87,121] [11,24,60,105,108,115,122,124] [1,9,18,72,99,112,114,124] [13,22,23,39,56,58,63,127] [31,33,48,49,50,51,88,123] [5,17,35,61,84,90,114,121] [0,9,65,80,96,110,111,122] [19,31,61,85,94,105,113,126] [1,20,49,54,60,61,69,99] [2,15,30,35,73,97,99,114] [6,15,28,33,47,91,106,118] [3,4,14,20,32,48,55,115] [16,32,37,40,59,72,85,121] [11,24,30,48,83,108,115,122] [9,18,19,53,77,80,103,112] [13,39,44,56,58,63,105,127] [2,31,33,49,51,100,106,110] [17,18,35,44,53,61,90,99] [9,23,26,65,71,80,96,111] [18,19,30,69,73,85,91,126] [1,26,43,49,60,79,99,115] [2,15,27,30,71,73,99,114] [2,6,10,15,78,79,80,106] [3,11,20,38,48,55,111,115] [16,31,40,52,85,101,120,121] [8,54,75,80,83,108,115,124] [9,19,42,53,69,72,80,103] [14,23,24,31,39,64,68,74] [19,43,56,77,88,100,104,120] [0,6,25,37,45,53,80,88] [5,17,22,27,46,63,87,112] [10,30,39,82,97,104,105,123] [35,71,73,74,90,95,109,111]
Token  14: [9,21,25,32,69,93,107,120] [6,8,23,49,50,60,83,122] [36,68,72,82,116,117,123,125] [2,5,25,34,64,74,101,106] [11,25,50,56,79,102,111,113] [2,31,47,75,82,103,104,111] [23,34,39,43,47,56,63,127] [9,31,33,48,51,72,82,106] [17,28,44,45,61,80,90,99] [0,26,49,65,80,96,105,111] [14,18,69,73,85,88,113,123] [1,26,58,60,69,89,105,115] [2,30,39,52,69,73,114,127] [2,16,21,79,82,98,106,121] [3,11,28,38,55,85,101,115] [16,34,40,72,87,100,112,121] [11,20,48,73,83,115,121,122] [1,14,30,45,72,99,122,124] [13,26,39,41,56,58,63,127] [31,33,51,72,75,84,88,123] [5,17,35,61,72,90,99,114] [0,43,65,80,92,96,105,111] [6,14,19,35,50,69,123,126] [1,20,54,58,60,69,89,121] [2,4,20,30,69,71,73,114] [26,33,78,79,82,91,95,106] [3,11,55,63,69,101,110,115] [16,17,34,38,40,82,100,120] [14,24,26,30,80,83,121,122] [9,14,30,45,77,97,103,124] [13,39,44,56,58,63,104,112] [9,31,33,72,88,106,110,123] [44,45,80,86,90,99,101,111] [26,43,65,80,96,97,105,111] [14,18,19,30,40,69,88,91] [1,13,58,60,105,111,115,121] [2,27,30,36,52,69,71,73] [10,55,79,91,98,106,107,121] [3,11,28,55,69,84,101,115] [3,16,17,31,34,40,100,120] [20,30,80,83,105,114,115,121] [1,14,30,45,77,82,97,103] [14,23,55,68,80,101,115,119] [4,37,46,81,87,100,104,120] [6,25,54,71,98,104,108,121] [22,27,32,45,54,80,93,114] [52,55,67,68,80,98,115,127] [32,34,55,71,74,86,112,117]
Token  15: [4,27,48,49,50,101,106,110] [23,37,46,60,75,99,122,126] [10,36,45,52,68,101,122,125] [25,26,34,64,74,94,106,110] [11,22,43,56,79,102,111,118] [2,18,31,51,103,105,108,111] [23,34,39,52,56,63,66,75] [9,31,33,48,72,73,106,123] [2,28,44,80,86,90,99,111] [0,26,48,49,80,89,96,105] [14,18,30,40,69,88,123,126] [43,58,60,67,94,105,115,121] [2,30,36,52,68,69,71,114] [10,12,66,79,91,106,113,119] [3,11,55,76,96,105,115,125] [3,15,16,17,34,40,100,120] [1,24,43,51,80,83,121,122] [1,2,30,37,66,90,103,124] [23,39,44,52,58,63,104,127] [9,31,33,48,51,88,110,123] [2,44,45,72,86,90,111,114] [2,69,80,96,97,102,105,111] [7,18,19,30,35,36,50,91] [4,20,60,75,96,111,115,121] [2,4,22,34,69,71,114,122] [12,29,33,66,79,91,106,119] [3,11,38,55,69,105,109,115] [16,17,38,40,75,82,100,120] [1,14,30,51,80,83,114,121] [2,30,35,66,77,82,103,124] [39,44,56,58,63,104,116,119] [9,31,33,51,88,94,106,110] [2,44,45,67,86,90,111,123] [26,49,68,69,80,96,97,111] [14,18,19,30,36,69,83,91] [13,43,60,79,94,96,115,121] [2,27,30,42,68,69,71,102] [10,12,33,66,99,106,113,119] [3,10,11,39,55,96,105,109] [3,4,16,31,34,40,100,120] [30,43,51,80,83,114,115,121] [2,30,35,45,66,77,103,126] [14,18,23,80,93,98,102,123] [36,46,81,87,100,104,112,120] [6,20,29,39,48,98,104,121] [20,22,27,32,45,70,80,114] [44,52,55,68,80,98,115,127] [36,47,66,86,88,120,123,124]
Token  16: [3,22,23,28,62,77,112,125] [4,29,45,48,60,88,90,122] [15,23,36,50,64,76,95,125] [24,62,70,90,92,101,106,119] [10,11,27,47,48,56,97,104] [10,39,48,74,78,87,103,108] [39,44,56,63,64,66,104,116] [9,31,33,44,51,88,94,110] [2,6,20,44,80,86,90,111] [26,35,49,80,89,95,96,111] [18,19,26,30,36,91,95,109] [16,43,48,60,94,97,105,115] [2,17,20,30,32,52,61,103] [12,41,57,91,101,106,109,123] [3,38,47,55,60,69,102,115] [16,17,20,31,40,77,89,120] [14,29,30,77,80,83,84,110] [0,1,9,36,64,66,84,103] [22,39,44,56,63,103,104,116] [9,31,33,44,82,88,94,110] [6,45,67,72,86,90,94,111] [24,35,40,80,89,91,96,111] [18,19,30,50,91,95,109,124] [1,16,42,60,68,73,94,97] [2,27,30,34,38,67,102,103] [12,41,57,62,106,109,120,123] [3,18,47,55,60,69,71,102] [16,17,20,40,77,89,120,126] [1,23,30,44,77,83,94,110] [0,22,36,58,64,65,84,103] [39,44,56,58,63,104,116,118] [9,31,33,51,88,94,106,110] [2,6,20,44,45,86,90,111] [23,35,40,41,80,96,99,111] [18,19,30,69,88,95,109,124] [1,42,43,60,79,94,97,115] [0,2,30,42,52,67,73,103] [10,12,41,57,62,106,109,123] [3,11,18,47,55,60,102,111] [16,17,20,31,40,90,107,120] [23,29,44,77,80,83,110,115] [0,36,58,63,64,65,80,103] [14,23,24,49,77,80,90,126] [30,49,74,100,104,120,121,125] [6,13,23,37,80,98,110,121] [5,22,26,46,76,83,87,112] [5,10,39,82,96,105,122,124] [15,21,31,44,74,95,121,127]
Token  17: [24,31,53,68,69,81,101,107] [45,46,60,75,83,88,91,122] [15,36,50,95,117,123,125,126] [10,11,62,76,90,101,106,119] [10,11,47,67,91,97,104,111] [31,78,97,99,103,108,111,122] [39,41,44,52,56,63,104,116] [31,33,48,51,72,88,110,123] [2,28,44,51,80,86,90,111] [26,43,48,49,65,80,96,111] [14,18,26,40,74,83,88,123] [13,47,58,60,94,102,105,115] [2,30,36,52,68,69,73,120] [10,12,55,68,79,91,106,121] [3,11,28,55,69,84,109,111] [3,16,17,40,98,100,115,120] [1,14,20,30,43,83,84,121] [1,9,14,45,84,97,103,122] [13,39,44,52,56,58,63,104] [9,31,33,72,82,88,110,123] [28,35,44,45,51,72,86,90] [0,23,43,48,65,80,96,111] [7,13,14,18,19,40,91,123] [13,20,60,94,102,111,115,121] [2,30,36,69,71,73,114,120] [12,24,49,55,68,79,106,121] [3,22,28,55,62,69,84,111] [4,16,40,50,58,98,115,120] [1,14,20,30,80,84,114,121] [1,14,45,77,82,84,97,103] [13,39,46,58,63,104,116,124] [9,33,44,82,88,94,100,106] [28,35,44,45,51,67,86,90] [43,48,62,68,80,96,102,111] [14,18,19,30,69,74,88,91] [13,47,60,69,79,102,115,122] [2,27,30,36,69,71,100,120] [42,49,55,68,79,106,107,121] [3,11,28,53,55,69,84,109] [4,16,17,31,40,50,115,120] [14,20,30,80,84,114,115,121] [1,14,45,77,80,82,97,103] [14,23,41,65,80,101,115,119] [4,5,20,46,65,87,100,104] [3,6,54,64,71,98,104,121] [2,22,27,32,45,54,114,127] [52,55,63,67,68,101,104,117] [32,34,71,86,99,112,117,124]
Token  18: [0,14,51,57,74,101,103,106] [9,39,45,48,75,91,105,122] [15,41,90,104,107,122,123,125] [10,11,20,32,61,90,97,119] [7,11,47,63,67,73,97,111] [18,51,74,103,105,108,110,119] [39,46,52,63,64,66,104,116] [33,44,51,82,94,100,106,110] [28,35,44,67,86,90,111,123] [32,48,68,80,96,102,106,111] [14,18,23,30,63,91,103,123] [13,43,47,53,65,102,109,115] [2,4,26,36,68,73,120,127] [10,31,55,66,91,101,106,113] [3,7,16,53,55,69,105,109] [4,16,17,32,40,75,89,120] [1,14,43,80,83,84,114,119] [2,27,35,66,77,100,103,113] [22,46,56,63,64,104,115,116] [33,44,48,82,94,100,106,110] [21,35,38,44,45,67,86,90] [17,62,68,76,80,96,102,111] [18,19,30,69,91,94,98,103] [53,60,67,69,96,99,109,115] [2,4,14,26,34,36,65,79] [42,66,91,92,104,106,112,125] [3,16,38,53,66,69,105,109] [6,16,17,32,40,58,89,120] [1,12,14,30,80,84,114,119] [1,2,66,72,77,82,100,103] [46,56,63,89,104,111,115,116] [33,44,56,82,94,100,106,123] [9,28,35,45,67,86,90,123] [10,17,32,68,80,102,104,111] [18,30,50,82,88,94,98,103] [4,8,20,21,53,96,99,109] [2,4,14,26,32,42,115,125] [10,20,31,66,104,106,112,113] [3,16,53,55,69,105,109,125] [3,4,16,17,34,40,100,120] [12,30,43,80,84,114,115,119] [2,35,66,77,78,82,90,103] [18,23,27,41,80,93,102,115] [6,20,29,46,65,87,100,104] [3,6,20,48,69,98,104,121] [20,22,27,32,45,70,80,114] [52,55,63,68,75,101,115,117] [36,47,66,86,88,120,123,124]
Token  19: [28,51,83,87,91,112,124,125] [9,16,45,48,67,68,88,122] [5,23,36,42,67,76,100,125] [12,20,70,73,92,100,101,114] [5,7,10,11,27,37,38,57] [10,63,74,87,93,103,115,122] [20,46,52,63,103,104,116,118] [2,33,44,82,94,100,106,110] [15,20,35,43,44,67,86,90] [32,35,41,66,68,80,102,111] [18,30,63,91,95,103,109,111] [8,22,42,48,53,96,115,116] [0,2,4,14,26,34,42,127] [2,10,41,57,91,101,106,123] [3,7,16,53,60,69,102,109] [16,17,31,32,40,89,99,126] [1,4,14,80,84,108,110,114] [0,27,64,65,77,88,93,103] [46,52,56,63,64,104,116,118] [2,33,44,82,94,100,106,110] [15,20,44,45,67,83,86,90] [32,35,41,66,68,80,102,111] [18,23,30,36,82,91,103,109] [8,22,42,48,53,96,102,116] [0,2,4,14,26,34,38,71] [13,41,57,91,104,106,109,112] [3,16,38,53,69,102,109,113] [16,20,32,40,50,58,120,126] [30,44,77,80,91,108,110,122] [0,65,77,82,93,100,103,122] [34,52,58,63,104,112,116,118] [2,33,44,56,82,94,106,123] [15,20,44,45,67,72,86,90] [23,32,35,41,68,80,96,111] [18,19,23,30,36,69,92,103] [8,9,22,42,53,96,115,116] [0,2,14,26,38,39,71,85] [18,41,57,68,91,106,109,123] [3,11,53,55,60,69,102,109] [16,17,20,31,40,107,120,126] [29,44,77,80,108,110,114,115] [36,63,64,65,77,80,103,122] [8,23,24,49,75,80,90,126] [30,46,56,80,100,104,121,125] [3,6,11,23,80,98,104,110] [5,22,26,45,47,76,83,87] [5,10,52,68,96,104,122,124] [15,21,31,44,74,82,92,127]
Token  20: [72,76,95,100,102,110,119,122] [12,62,64,70,94,100,106,122] [40,75,77,78,87,99,125,127] [13,20,25,73,82,103,116,124] [7,10,11,12,52,92,118,126] [8,9,17,33,37,59,64,103] [34,35,44,53,56,63,71,107] [2,18,24,59,62,82,88,109] [38,53,57,86,90,99,116,127] [0,17,19,49,55,80,96,111] [3,16,18,26,47,57,103,112] [7,21,28,30,48,52,59,125] [2,4,9,21,30,56,65,105] [0,26,58,78,81,91,103,106] [3,17,55,67,81,90,110,115] [16,40,49,52,59,70,101,120] [14,24,30,81,83,89,105,115] [1,18,21,42,55,82,83,99] [24,34,39,56,63,75,105,116] [3,33,49,51,62,100,109,112] [35,38,53,65,84,90,116,121] [0,9,49,80,96,110,122,125] [13,16,56,61,78,90,98,105] [7,23,24,49,54,61,96,125] [15,23,34,56,65,79,96,99] [15,26,28,58,78,91,104,125] [4,17,48,86,100,107,110,115] [16,32,49,59,70,75,101,120] [14,42,48,80,81,83,89,115] [1,18,21,55,72,82,93,99] [26,39,56,63,75,83,89,116] [24,33,51,56,59,88,94,112] [9,35,38,44,65,86,90,111] [0,10,23,24,49,80,96,123] [7,9,30,33,45,86,98,111] [4,21,52,64,85,94,96,121] [2,14,17,32,42,65,92,108] [20,27,36,78,91,104,112,125] [3,55,57,87,94,102,109,125] [11,16,40,41,48,75,87,120] [1,30,42,48,50,58,80,107] [9,21,34,58,59,72,82,88] [8,17,28,56,66,70,77,111] [2,56,72,74,80,96,98,113] [5,6,25,41,42,102,113,114] [29,38,52,90,95,110,117,127] [9,16,41,70,74,94,118,122] [8,48,65,77,83,93,109,110]
Token  21: [32,46,48,49,58,72,78,118] [2,12,19,28,34,62,93,122] [14,48,51,77,90,100,115,125] [13,15,37,50,73,100,116,125] [7,10,11,23,38,46,63,113] [55,74,97,103,105,107,110,119] [13,39,46,52,63,64,104,116] [2,33,44,48,82,94,100,106] [28,35,44,64,67,86,90,111] [32,48,62,80,96,102,105,111] [14,18,30,35,40,83,103,123] [8,22,47,86,102,109,115,116] [2,26,34,36,68,73,120,125] [2,42,55,66,79,106,107,113] [3,53,55,69,84,101,105,113] [3,4,16,17,34,40,115,120] [11,14,43,80,83,84,114,119] [2,20,35,45,66,77,103,107] [39,46,52,63,64,104,116,124] [2,21,33,44,82,94,106,110] [3,28,44,45,64,67,86,90] [43,48,68,80,96,102,106,111] [6,18,19,30,40,91,103,123] [13,20,69,96,102,109,115,116] [2,30,36,68,69,71,102,125] [2,10,42,55,66,79,106,113] [3,11,38,44,53,55,69,105] [3,16,23,40,50,58,82,120] [1,11,14,43,80,84,114,119] [2,35,66,77,82,90,103,107] [22,46,63,102,104,110,116,124] [2,9,33,44,82,94,100,106] [21,28,44,45,67,72,86,90] [17,48,57,68,80,96,102,111] [18,19,30,36,40,69,83,103] [59,69,90,96,102,109,115,116] [2,26,30,36,39,71,102,125] [2,33,42,66,99,106,107,125] [3,11,53,55,63,69,102,105] [3,4,9,16,17,34,40,120] [30,43,80,84,93,114,115,119] [2,20,35,66,77,82,90,103] [18,23,27,80,93,98,102,115] [20,29,46,65,87,91,100,104] [6,20,48,64,69,98,104,121] [22,27,32,35,45,70,80,114] [14,52,55,63,101,115,117,125] [36,47,66,86,88,120,123,124]
Token  22: [0,6,28,32,33,72,75,89] [15,28,36,73,77,93,105,122] [4,5,46,60,78,93,107,111] [3,13,14,15,24,73,74,103] [7,11,30,37,46,57,60,73] [8,17,18,35,63,74,103,110] [3,44,46,63,87,104,116,119] [19,24,33,44,82,94,100,106] [43,44,45,67,86,90,94,123] [0,7,17,35,68,80,102,111] [18,30,43,55,82,91,94,124] [18,21,48,53,59,90,97,100] [2,4,14,26,34,46,65,127] [10,40,45,91,106,112,120,127] [3,11,15,33,53,61,69,102] [16,32,40,80,82,89,120,125] [13,14,50,80,84,93,94,115] [1,26,36,66,77,82,92,99] [22,46,52,56,58,63,64,118] [9,33,44,88,94,100,106,123] [18,22,44,45,50,86,90,114] [0,7,17,41,47,80,97,102] [18,20,36,40,55,82,91,127] [25,30,31,94,96,99,111,116] [2,4,33,34,36,46,71,102] [61,63,84,91,106,120,125,127] [3,14,15,19,30,55,73,110] [0,16,48,75,80,100,120,125] [35,42,80,93,94,100,115,122] [26,68,82,92,93,103,122,124] [44,52,58,63,64,104,112,116] [9,31,33,36,44,94,100,106] [22,44,45,50,59,86,90,98] [0,7,17,23,47,80,96,102] [18,20,22,23,36,40,55,82] [9,18,25,30,94,99,116,121] [2,14,29,36,39,71,102,125] [52,61,89,91,106,120,125,127] [15,19,26,33,55,61,73,92] [0,16,25,40,58,80,89,125] [30,35,80,84,93,94,100,115] [26,34,77,81,82,92,93,99] [4,23,25,58,80,86,92,106] [10,18,20,41,46,82,100,111] [6,57,62,64,76,92,98,104] [22,26,45,48,51,67,92,114] [3,14,26,33,54,63,76,125] [8,17,39,42,53,58,87,124]
Token  23: [0,4,38,46,48,49,117,121] [28,56,88,95,102,104,105,122] [5,36,46,60,64,107,111,125] [5,20,23,24,66,70,73,94] [5,7,11,30,43,57,60,95] [0,8,35,74,87,103,115,119] [46,63,64,66,103,104,111,116] [7,19,33,44,82,88,94,106] [45,50,60,67,86,94,108,123] [7,35,57,68,80,92,97,102] [18,21,25,30,71,82,91,124] [18,25,38,43,73,94,99,100] [2,14,17,20,34,46,102,127] [40,51,62,106,109,112,120,127] [3,15,36,38,44,53,61,102] [32,40,82,86,89,120,125,126] [1,13,28,76,80,84,93,94] [9,26,36,66,77,82,92,101] [46,63,64,102,103,104,116,124] [9,21,33,44,82,88,94,106] [3,43,45,50,67,86,90,94] [7,17,35,57,59,68,80,102] [18,23,36,40,41,82,91,124] [18,25,55,73,94,96,99,100] [2,4,14,25,36,71,102,127] [18,45,57,62,106,112,120,127] [3,15,53,55,61,69,71,73] [16,32,40,80,82,120,125,126] [1,13,28,80,84,93,94,100] [26,36,58,66,82,92,103,122] [46,63,64,103,104,112,116,118] [9,31,33,44,82,94,100,106] [21,44,45,50,67,86,90,94] [7,35,40,57,68,80,96,102] [18,30,36,40,71,82,91,124] [18,25,39,53,73,99,115,116] [2,4,14,36,46,71,102,103] [18,33,62,91,106,112,120,127] [3,11,15,24,55,61,73,109] [9,16,40,54,80,120,125,126] [13,28,80,84,93,94,100,115] [9,26,35,36,66,80,92,103] [14,18,23,80,86,92,98,106] [20,41,46,82,87,100,104,121] [6,11,20,38,92,98,104,121] [22,26,27,30,32,35,45,114] [36,51,52,60,75,98,104,117] [15,21,26,71,74,82,121,127]
Token  24: [22,28,33,51,62,89,112,122] [29,37,45,71,73,76,96,122] [23,36,42,72,76,81,125,127] [13,20,70,87,99,100,109,119] [1,5,7,11,18,27,37,97] [10,48,74,87,93,103,119,122] [46,63,64,66,104,111,116,118] [19,21,33,44,82,94,100,106] [20,35,43,44,60,67,86,90] [35,41,57,68,80,97,102,106] [13,18,20,30,40,95,109,124] [16,31,53,55,73,94,116,122] [0,2,17,36,38,46,102,103] [10,41,57,62,106,109,112,123] [3,7,18,36,49,53,69,109] [16,31,40,77,82,86,120,125] [1,14,30,80,84,108,110,114] [22,26,36,49,64,66,77,103] [39,46,52,63,64,104,116,118] [9,31,33,44,82,94,106,110] [3,44,45,67,80,86,90,122] [35,41,47,80,96,97,102,106] [18,20,23,30,36,40,91,124] [9,42,53,55,73,94,96,116] [0,2,25,34,36,38,71,102] [18,57,62,63,106,109,119,123] [3,18,26,53,55,60,71,73] [16,40,46,48,82,120,125,126] [44,77,80,84,108,110,115,122] [0,13,26,36,65,92,103,122] [52,56,63,64,66,112,116,118] [9,31,33,51,82,94,106,110] [3,15,18,20,44,72,86,90] [8,23,35,41,47,80,96,106] [18,20,23,30,33,36,40,124] [9,25,42,55,73,94,115,116] [0,2,25,38,39,71,73,103] [18,41,57,62,106,109,119,123] [3,11,18,26,55,60,69,102] [16,17,20,40,46,107,120,125] [6,23,44,77,80,108,110,115] [26,36,49,54,63,64,65,103] [23,24,49,50,70,80,90,126] [30,72,80,99,100,104,121,125] [6,23,80,88,94,98,99,110] [5,17,22,26,45,76,83,87] [10,29,30,33,52,68,75,122] [15,21,31,44,82,111,121,127]
Token  25: [13,26,47,65,70,72,98,100] [18,50,70,94,100,122,124,127] [49,82,84,88,95,104,123,125] [2,20,25,31,61,68,89,119] [7,11,25,47,76,85,106,115] [42,59,61,66,97,103,108,125] [24,35,39,56,63,83,105,112] [33,48,49,50,51,100,110,112] [2,44,80,84,90,101,111,121] [0,9,49,65,80,96,110,111] [13,18,19,26,61,105,113,127] [7,23,28,49,61,69,94,115] [2,7,18,30,34,56,73,99] [6,10,12,16,21,28,63,106] [3,11,20,48,55,63,80,115] [16,17,38,40,60,85,120,126] [8,11,48,83,89,108,115,122] [1,18,72,75,99,103,122,124] [13,39,41,56,58,63,105,127] [31,33,48,49,50,51,88,123] [2,17,35,61,84,90,114,121] [0,9,65,80,96,110,111,125] [18,19,31,36,61,69,94,105] [1,24,49,54,60,61,94,99] [2,7,15,30,35,71,73,99] [12,15,16,28,33,58,91,106] [3,14,20,32,48,55,110,115] [2,16,38,40,59,60,85,120] [11,30,48,62,83,108,115,122] [1,15,19,46,52,103,118,120] [24,56,58,75,104,105,112,127] [31,33,39,48,49,50,51,106] [5,17,18,35,61,90,114,121] [0,9,26,38,80,96,111,125] [18,19,35,36,50,61,69,105] [1,24,43,49,60,61,94,115] [2,7,30,42,71,73,99,115] [2,6,10,15,16,21,76,106] [3,11,20,32,38,55,80,115] [1,16,40,48,60,85,95,120] [8,11,15,30,80,83,108,115] [15,17,36,42,46,52,72,103] [14,24,39,68,74,80,123,125] [12,19,43,56,77,100,104,120] [6,11,25,37,45,53,88,99] [5,17,22,24,46,58,63,112] [22,29,30,39,80,84,104,105] [35,52,71,73,95,108,109,111]
Token  26: [21,28,29,33,62,120,124,126] [6,8,11,58,78,86,107,122] [9,14,24,51,59,72,85,119] [1,7,13,25,34,37,74,105] [0,11,22,25,39,47,74,77] [24,34,75,78,80,97,103,116] [39,41,56,63,75,79,110,127] [31,33,39,48,50,51,87,110] [24,44,51,61,80,90,111,113] [0,1,26,49,65,94,96,111] [18,19,50,69,83,108,113,126] [28,60,67,87,89,107,115,121] [2,18,21,28,30,53,65,73] [2,16,21,24,33,44,75,91] [3,11,22,28,34,62,63,115] [7,16,38,40,84,95,103,120] [1,11,48,55,83,115,122,123] [1,17,69,99,103,106,112,122] [13,41,56,63,75,104,112,127] [33,39,50,51,87,88,110,123] [5,17,35,44,61,72,90,114] [0,1,65,80,87,94,96,111] [6,7,19,35,36,50,69,75] [11,20,28,54,60,65,87,107] [2,20,21,30,39,53,71,73] [13,16,24,29,33,68,91,106] [3,11,22,62,82,92,110,115] [8,16,40,59,87,95,98,103] [1,40,78,80,83,115,122,123] [17,58,68,69,99,103,106,120] [38,56,75,79,104,110,111,112] [26,33,39,50,51,60,87,110] [5,22,24,72,90,95,103,105] [0,1,26,80,87,94,96,111] [6,19,35,36,50,52,69,108] [11,28,43,60,87,105,107,115] [2,39,42,53,71,73,75,87] [16,21,24,44,75,91,101,106] [3,11,34,55,62,99,110,115] [8,16,31,40,55,95,98,103] [40,45,55,80,83,115,122,123] [1,48,53,58,69,85,103,106] [2,8,22,28,31,68,75,123] [2,4,43,56,77,81,104,112] [6,37,54,73,80,81,113,122] [2,22,27,47,87,92,94,114] [22,52,55,80,82,97,104,124] [32,34,44,71,85,86,90,117]
Token  27: [2,14,18,38,61,80,84,103] [3,30,58,67,83,86,92,122] [9,24,72,84,100,117,122,125] [7,25,58,59,82,90,101,105] [7,11,22,25,39,47,77,91] [34,78,80,82,97,103,107,111] [39,41,44,56,63,75,104,110] [33,39,48,50,51,60,106,110] [18,44,51,72,90,109,114,123] [0,1,26,45,80,96,111,127] [19,50,52,69,74,83,107,108] [21,28,47,60,67,105,107,115] [2,18,42,68,73,87,97,100] [2,10,16,21,33,44,76,121] [3,8,11,27,28,34,79,82] [1,7,8,16,40,95,103,120] [14,20,45,55,80,83,84,98] [1,17,69,99,103,104,106,122] [39,52,56,63,104,110,116,119] [31,33,50,51,62,88,106,110] [5,44,90,101,103,109,114,116] [0,1,65,80,87,96,111,127] [7,18,19,30,35,50,69,83] [1,54,60,67,69,90,107,115] [2,30,42,63,71,73,75,97] [2,16,32,33,44,91,106,121] [3,27,28,34,55,63,110,115] [16,23,40,75,91,95,99,103] [1,45,55,73,80,83,115,122] [1,69,90,103,106,112,117,120] [38,52,56,63,75,104,110,119] [3,51,60,62,73,82,106,110] [17,33,44,90,95,103,109,122] [1,45,69,80,96,111,113,127] [7,19,30,39,50,69,108,123] [15,28,60,67,85,96,107,115] [2,42,57,63,71,73,97,114] [10,16,21,29,68,76,91,121] [3,11,28,34,53,55,79,115] [16,23,31,40,55,56,95,103] [20,45,55,73,80,105,115,124] [1,20,48,69,80,82,97,112] [31,36,37,64,75,80,101,115] [4,30,37,46,77,88,100,104] [0,6,27,53,73,81,98,104] [2,22,27,32,37,45,87,114] [22,52,55,63,67,80,97,101] [32,34,71,73,74,85,86,117]
Token  28: [14,18,24,51,57,74,103,106] [3,9,30,48,56,92,116,126] [10,16,36,50,72,90,122,125] [37,39,56,59,66,105,112,114] [7,11,23,47,50,63,77,114] [18,31,51,93,97,105,107,110] [13,46,52,63,100,104,110,116] [33,44,73,82,94,95,106,110] [28,44,67,90,99,109,122,123] [22,32,48,68,80,102,113,127] [18,23,30,39,83,103,108,123] [47,53,67,70,107,109,115,120] [2,25,34,42,63,68,97,114] [10,16,21,65,66,76,106,113] [3,16,34,39,53,55,105,116] [1,7,16,17,40,72,95,103] [1,14,55,78,80,84,119,126] [2,35,66,75,77,103,107,112] [46,52,56,63,85,104,110,119] [33,44,73,82,94,100,106,110] [21,43,44,67,86,88,90,123] [22,57,68,80,102,111,113,127] [7,18,19,30,50,69,83,98] [21,53,67,69,96,99,109,115] [2,4,26,34,42,65,73,79] [66,76,83,91,99,104,106,112] [3,16,34,53,55,66,86,105] [1,7,16,35,40,44,56,75] [1,12,14,43,80,84,114,119] [2,20,35,66,72,103,112,117] [46,56,63,85,86,104,110,119] [3,32,44,73,82,100,106,110] [9,43,44,67,88,90,95,109] [22,32,68,80,102,111,113,127] [25,30,69,88,94,103,108,123] [0,20,28,29,96,109,115,120] [2,42,61,68,73,114,115,120] [10,55,66,76,91,99,106,113] [3,8,16,39,53,55,105,115] [3,4,6,7,16,40,56,72] [12,43,55,80,84,115,119,126] [2,9,20,35,66,103,106,112] [5,18,27,80,93,102,115,123] [6,29,36,46,65,87,100,104] [6,14,20,27,48,81,98,104] [12,22,37,45,70,80,114,123] [22,52,55,75,80,98,115,117] [36,47,66,71,88,120,123,124]
Token  29: [28,51,83,87,91,112,124,125] [9,16,29,48,67,68,90,122] [4,5,23,36,67,76,100,125] [12,20,70,73,92,101,112,114] [7,10,11,27,37,48,50,119] [10,35,63,74,87,93,114,115] [46,52,63,87,104,110,116,118] [2,33,44,82,94,100,106,110] [15,18,20,35,44,67,86,90] [32,35,59,66,68,80,91,102] [7,18,30,69,88,95,103,109] [8,22,29,36,42,53,96,115] [0,2,14,26,34,41,42,114] [2,10,13,40,41,57,76,106] [3,16,34,53,60,69,102,109] [16,17,38,40,50,60,99,111] [1,14,60,80,84,94,108,126] [15,37,46,64,77,82,94,103] [46,52,63,86,103,104,110,119] [2,32,33,44,73,82,106,110] [15,18,20,44,67,86,90,123] [32,35,59,66,68,80,102,111] [7,18,23,30,50,91,103,109] [8,22,31,42,53,96,115,120] [0,2,14,26,34,42,54,91] [2,13,18,29,41,57,91,106] [3,16,27,53,55,60,75,102] [16,40,44,50,60,99,111,120] [1,14,55,60,80,94,108,110] [13,15,46,52,94,103,106,117] [46,52,63,85,104,110,118,119] [2,33,44,73,82,100,106,110] [18,20,33,44,67,86,90,95] [22,32,35,68,80,102,113,127] [23,30,41,64,69,103,108,109] [0,22,42,96,98,107,115,120] [2,14,26,42,63,73,101,115] [2,10,16,18,41,57,76,91] [3,16,34,53,55,60,80,102] [1,31,40,51,55,56,60,95] [15,18,55,60,80,108,110,115] [15,36,46,52,64,103,106,122] [24,49,68,73,80,90,123,125] [12,19,43,49,80,100,121,125] [6,11,23,45,88,98,99,122] [5,17,22,45,46,58,76,112] [5,29,30,39,52,80,81,105] [15,35,52,71,74,95,111,127]
Token  30: [72,76,95,100,102,110,119,122] [12,62,64,70,94,100,106,122] [40,75,77,78,87,99,113,125] [25,73,82,84,103,105,112,116] [7,11,12,50,52,92,118,126] [8,17,25,33,37,59,64,103] [34,35,44,53,56,63,71,107] [8,18,24,59,62,88,106,109] [18,38,53,57,72,90,116,127] [0,17,19,49,80,96,111,125] [3,16,18,47,57,85,103,112] [7,21,24,28,37,48,59,125] [2,4,9,30,34,56,65,105] [15,23,28,58,81,91,103,106] [3,17,55,67,90,100,110,115] [8,16,40,52,59,70,101,120] [14,24,30,80,83,89,105,115] [1,9,18,19,42,82,99,112] [34,39,41,56,63,88,105,116] [3,33,49,51,62,88,100,112] [35,38,44,65,84,90,116,121] [0,9,49,80,96,110,122,125] [45,56,61,69,78,90,98,105] [23,24,49,54,61,92,96,125] [2,15,23,34,65,79,96,99] [15,28,58,91,104,106,112,125] [3,8,48,57,75,86,110,115] [16,32,40,59,75,91,99,120] [1,14,30,80,83,84,89,115] [1,9,21,72,82,102,103,112] [22,39,56,63,64,104,110,116] [31,33,44,51,59,82,88,94] [9,44,45,61,67,86,90,111] [24,33,49,66,69,80,96,104] [7,30,33,45,85,86,91,103] [4,21,43,85,94,96,99,115] [2,14,17,32,42,59,92,108] [20,27,29,36,61,91,104,112] [3,55,86,92,102,109,115,125] [11,16,32,37,40,75,87,120] [1,11,30,35,42,48,80,107] [34,49,59,72,80,82,88,126] [4,8,17,56,66,70,111,116] [2,18,56,71,75,99,113,120] [5,25,31,41,42,62,104,114] [29,38,48,51,52,86,88,95] [16,54,74,76,81,104,118,123] [46,48,65,77,93,109,110,114]
Token  31: [32,46,48,49,58,72,78,118] [2,12,28,34,62,93,107,122] [14,48,51,77,90,100,115,125] [13,15,50,73,75,100,116,125] [7,11,23,38,46,50,63,119] [18,31,35,55,74,105,107,119] [13,46,52,63,64,89,104,116] [2,33,44,73,82,94,100,106] [18,35,44,64,67,86,90,102] [32,38,48,68,80,102,113,127] [16,18,30,69,83,88,103,108] [8,20,29,47,85,86,109,115] [2,26,34,42,68,73,114,125] [2,10,16,29,66,76,78,113] [3,8,11,34,53,55,105,110] [16,38,40,72,75,95,99,117] [1,11,43,48,80,84,89,119] [2,20,66,99,103,104,107,117] [13,36,46,52,63,75,104,110] [2,26,33,51,73,82,106,110] [5,15,18,28,64,67,90,114] [0,22,32,80,102,111,113,127] [6,7,30,50,75,103,108,123] [11,20,50,59,89,107,109,115] [2,39,42,68,71,73,114,125] [2,29,66,76,78,91,106,113] [3,8,11,34,53,55,105,110] [7,16,40,44,50,56,72,95] [1,11,43,48,55,80,84,119] [2,20,35,66,103,106,107,117] [46,52,63,85,104,110,116,119] [2,3,32,33,44,73,82,106] [21,29,33,44,67,88,90,95] [22,49,68,80,102,111,113,127] [7,30,50,69,83,88,103,108] [0,47,59,69,102,107,109,115] [2,26,42,68,73,104,114,125] [2,10,29,66,76,91,99,113] [3,8,39,53,55,58,102,105] [1,3,4,7,31,40,56,72] [1,11,43,51,80,115,119,126] [2,20,35,66,103,106,112,117] [5,18,27,80,93,98,102,123] [6,29,36,46,87,91,100,104] [6,14,20,27,48,81,98,104] [12,22,32,45,70,80,114,123] [22,52,55,75,80,98,115,117] [36,47,66,71,88,120,123,124]
Token  32: [0,23,28,41,62,87,124,125] [29,45,62,67,73,77,93,122] [4,36,73,76,106,125,126,127] [12,13,14,15,24,40,62,70] [7,11,27,50,57,60,77,93] [10,11,18,48,87,115,117,119] [46,63,64,86,104,110,116,118] [32,44,69,73,82,100,106,110] [0,20,44,67,86,90,95,123] [25,35,68,80,102,109,113,127] [7,18,30,41,50,88,95,124] [16,29,33,55,85,96,97,107] [0,2,14,38,42,80,103,114] [10,18,41,57,76,106,109,123] [3,6,34,53,55,60,75,99] [1,17,40,56,72,77,91,120] [1,14,60,78,80,83,114,126] [27,36,37,46,64,103,104,107] [23,52,63,65,104,110,119,124] [32,33,45,48,73,82,106,110] [3,6,33,67,86,90,95,101] [35,40,68,71,80,99,102,113] [7,10,23,30,41,95,109,124] [9,16,18,42,48,64,97,116] [0,2,14,17,25,42,103,114] [18,57,62,63,76,91,106,109] [3,6,47,53,55,60,71,73] [16,40,44,54,77,91,120,126] [1,6,44,60,78,80,83,94] [36,46,64,83,103,106,117,122] [3,52,63,75,104,110,116,118] [32,33,51,73,82,100,106,110] [3,20,67,86,90,95,101,103] [0,22,35,40,80,102,113,127] [10,23,30,41,69,88,95,124] [9,18,25,42,55,85,107,115] [0,2,12,25,42,63,73,103] [10,16,18,41,57,62,76,91] [3,21,34,47,55,60,71,102] [20,31,40,51,54,56,60,77] [44,55,60,80,94,108,110,115] [15,36,46,52,64,103,106,117] [8,24,49,73,80,90,123,125] [12,19,49,74,80,104,121,125] [6,13,23,45,88,99,104,122] [5,17,22,26,46,76,112,114] [22,30,39,52,80,81,96,105] [15,35,74,95,111,114,121,127]
Token  33: [16,51,53,97,101,104,111,120] [20,30,34,62,67,86,107,122] [10,14,40,72,87,116,120,125] [12,13,23,25,37,76,89,105] [0,11,22,23,29,53,74,77] [18,24,80,97,107,119,125,126] [13,52,56,63,75,100,110,119] [33,50,51,60,73,82,87,106] [39,44,64,67,90,95,103,123] [0,1,22,80,94,102,113,127] [16,18,30,69,75,83,108,127] [3,48,65,75,86,106,115,120] [2,18,26,42,53,73,97,112] [10,16,21,44,63,68,75,91] [3,11,19,34,55,79,80,110] [16,38,40,50,60,68,91,95] [7,40,48,60,80,83,89,115] [1,15,53,99,104,106,117,122] [9,13,52,56,63,75,104,110] [3,33,50,51,73,87,106,110] [5,44,53,64,72,90,95,114] [0,80,94,96,106,111,113,127] [6,10,18,19,30,50,75,127] [9,48,54,65,69,85,115,120] [2,6,30,42,46,53,71,73] [10,13,42,44,75,76,91,106] [3,6,21,34,55,80,99,110] [8,16,40,44,55,60,91,95] [1,7,40,45,60,80,83,115] [1,6,52,53,68,103,106,117] [52,56,63,75,85,104,110,119] [26,51,62,73,82,87,106,110] [29,33,44,64,67,90,95,103] [0,22,49,80,94,113,124,127] [30,39,64,69,80,83,108,119] [33,69,85,86,98,107,115,120] [12,32,42,53,63,73,97,126] [10,21,29,44,65,75,76,91] [3,21,34,39,55,79,80,99] [1,31,40,55,56,60,91,95] [1,7,40,45,60,80,83,115] [15,52,53,80,85,103,106,117] [22,24,37,59,73,80,123,125] [4,36,43,49,81,100,104,112] [6,37,45,54,80,81,104,122] [20,22,37,46,63,80,112,123] [22,44,52,80,82,84,105,124] [27,32,34,35,71,74,90,95]
Token  34: [0,72,76,95,100,102,110,119] [12,62,64,70,86,94,106,122] [40,75,77,78,87,93,99,125] [1,23,33,63,76,82,103,124] [11,29,32,47,52,74,118,120] [2,18,22,33,34,37,103,126] [13,34,52,56,63,75,107,110] [8,24,33,51,60,62,109,123] [5,56,64,72,90,95,99,103] [0,45,49,53,80,96,125,127] [2,3,16,52,57,73,80,83] [20,23,48,67,86,90,107,115] [2,4,9,21,34,42,53,97] [32,33,44,47,78,79,81,91] [3,17,34,55,80,84,110,125] [8,16,31,40,50,52,87,95] [40,48,51,80,83,89,105,115] [1,18,42,53,82,99,104,106] [38,39,52,56,58,63,75,104] [8,31,33,51,62,88,110,123] [5,45,53,64,72,89,90,101] [0,1,8,49,80,94,96,111] [3,6,7,16,19,50,57,94] [11,20,60,65,86,90,107,115] [2,4,9,21,53,71,75,97] [10,32,33,44,47,81,91,106] [3,34,55,86,109,110,115,125] [16,40,52,75,87,89,91,120] [1,14,40,48,80,83,89,105] [1,18,53,82,99,104,107,117] [36,38,52,56,63,75,104,110] [8,26,51,62,73,82,106,110] [3,5,46,53,64,90,95,105] [1,33,49,80,96,111,113,127] [2,3,7,16,30,57,69,80] [33,52,59,67,86,90,96,107] [2,9,21,32,42,53,73,97] [10,29,32,33,44,71,78,81] [17,21,34,55,75,80,86,99] [1,7,52,55,75,91,95,101] [1,4,40,45,80,89,105,115] [15,42,53,72,90,103,106,117] [22,24,37,39,73,80,123,125] [36,49,77,81,97,100,104,112] [6,8,37,54,80,81,104,122] [22,37,46,63,80,112,114,123] [22,44,52,80,82,84,105,124] [27,35,71,73,85,90,95,109]
Token  35: [17,21,34,46,61,63,118,120] [6,53,61,62,99,111,116,122] [8,9,50,54,70,90,94,127] [4,33,37,62,72,76,77,116] [0,11,22,29,30,32,87,107] [18,24,34,59,78,90,97,126] [38,42,52,55,66,104,110,116] [26,33,51,60,82,87,106,110] [4,33,39,44,64,67,90,95] [0,1,22,33,80,94,113,127] [2,3,7,16,30,39,64,108] [48,50,65,85,86,107,115,120] [2,8,32,42,53,63,97,118] [10,44,76,78,81,91,102,108] [3,34,55,75,82,99,110,116] [1,16,31,60,68,87,91,95] [1,7,40,45,51,80,89,115] [1,37,53,99,104,106,107,117] [36,38,52,55,63,75,104,110] [26,31,33,51,73,82,106,110] [4,5,22,53,64,67,90,95] [0,1,22,33,80,96,113,127] [7,16,30,50,64,69,75,108] [20,30,48,50,86,107,115,120] [2,32,34,42,46,53,97,118] [10,29,44,78,81,102,106,108] [3,34,53,55,82,99,110,116] [40,56,68,75,87,91,95,120] [1,7,25,40,45,78,80,89] [6,27,53,104,106,107,112,117] [36,38,52,63,85,86,104,110] [26,33,51,73,82,100,106,110] [33,44,64,67,86,90,95,105] [0,1,22,33,49,80,113,127] [2,7,30,52,64,69,108,119] [20,30,33,50,59,86,98,107] [9,32,42,53,73,76,87,118] [10,29,44,65,76,78,81,102] [21,34,39,55,80,82,99,110] [1,7,31,56,75,87,91,95] [1,7,40,51,65,80,89,115] [52,53,80,85,90,103,106,117] [22,37,68,73,80,98,123,125] [16,36,49,81,97,100,104,112] [6,8,37,44,54,81,104,122] [20,22,37,63,80,112,114,123] [22,44,52,80,82,84,105,124] [27,32,35,74,85,90,95,99]
Token  36: [17,28,34,51,61,62,81,87] [23,46,61,77,99,113,116,122] [8,9,24,49,70,73,90,127] [1,37,38,62,71,76,77,121] [0,7,11,22,32,74,87,116] [18,24,48,78,80,90,97,126] [9,38,44,52,63,104,110,116] [26,31,33,73,82,87,106,110] [4,27,33,44,64,67,90,95] [1,14,22,33,80,94,113,127] [2,7,18,30,39,64,80,108] [16,33,65,85,86,98,107,115] [12,28,32,38,42,53,63,97] [10,44,76,91,95,102,108,123] [3,18,29,34,55,75,82,116] [1,33,40,50,54,75,87,95] [1,40,45,53,65,70,80,89] [0,1,53,65,104,106,107,117] [38,44,52,63,64,104,110,116] [26,31,33,73,82,94,106,110] [4,33,44,64,67,86,90,95] [0,1,22,33,80,102,113,127] [2,7,18,30,64,80,95,108] [16,30,33,48,85,86,107,115] [2,32,34,38,42,53,97,112] [29,91,95,102,106,108,109,123] [3,34,53,55,75,82,110,116] [16,33,50,75,77,87,89,95] [1,44,45,65,77,80,89,115] [0,18,65,68,104,106,107,117] [38,52,55,63,104,110,116,118] [26,33,45,51,73,82,106,110] [4,13,27,33,64,86,90,95] [0,33,35,80,94,99,113,127] [2,7,30,33,69,72,95,124] [16,30,73,85,86,97,107,115] [32,38,42,52,57,97,103,112] [10,29,62,89,95,102,109,123] [3,18,34,53,55,82,110,111] [16,20,33,40,54,75,77,87] [1,13,44,65,77,80,89,115] [0,11,18,63,65,85,103,106] [8,18,20,55,75,80,98,126] [8,16,47,75,80,100,104,121] [5,6,8,80,81,94,104,110] [2,5,12,22,37,47,83,87] [1,5,10,52,71,76,98,123] [15,21,44,74,82,92,114,127]
Token  37: [72,73,76,95,100,102,110,119] [12,64,70,84,94,100,117,122] [38,40,49,77,78,84,99,113] [6,31,76,94,97,116,121,124] [29,48,76,85,99,106,115,120] [33,42,59,66,78,90,103,126] [38,39,42,52,56,107,110,116] [8,31,33,48,49,51,60,110] [4,27,44,64,84,90,103,111] [0,33,49,53,96,113,125,127] [2,3,16,52,61,94,105,108] [11,36,49,61,85,99,107,115] [2,27,33,34,42,87,97,99] [10,28,47,91,95,102,106,108] [3,20,32,34,48,82,110,116] [8,16,33,38,48,50,54,95] [40,42,44,48,53,65,80,115] [1,18,19,72,99,106,117,122] [38,52,56,63,75,105,110,116] [31,33,48,49,51,88,110,123] [5,44,53,84,90,103,114,121] [0,9,33,80,96,110,125,127] [18,19,30,50,61,75,94,105] [1,23,24,30,49,54,61,85] [2,15,30,34,42,46,73,99] [15,28,47,58,91,95,102,106] [3,14,32,34,48,82,110,116] [8,16,40,48,54,77,87,99] [29,44,48,62,77,80,108,115] [0,1,53,59,65,99,118,122] [24,38,52,55,56,107,110,118] [26,33,48,49,51,60,62,112] [44,53,64,65,84,90,103,121] [0,33,35,53,96,113,125,127] [2,18,19,30,50,56,69,95] [23,24,43,60,85,97,114,115] [0,2,6,38,42,73,99,103] [15,47,91,95,102,106,109,123] [3,18,32,34,55,68,82,111] [16,20,31,40,52,77,87,107] [29,44,54,77,80,83,108,115] [0,11,63,65,77,80,85,103] [8,14,20,24,49,75,80,126] [16,47,49,75,80,100,104,121] [5,6,11,16,25,80,104,110] [5,22,47,63,83,87,95,114] [1,5,10,45,52,104,122,123] [15,31,44,74,90,92,109,127]
Token  38: [9,31,63,74,83,89,90,120] [8,34,41,46,49,111,122,124] [50,53,59,67,70,84,88,125] [6,20,37,62,76,97,121,124] [7,11,29,43,76,79,85,106] [18,24,42,61,90,97,103,125] [13,52,56,63,83,104,105,110] [31,33,48,49,51,56,106,110] [44,66,84,90,103,111,116,121] [0,9,80,96,98,110,125,127] [16,18,30,52,61,73,90,105] [26,28,48,49,61,90,106,115] [2,15,18,42,65,79,99,107] [6,10,28,80,91,101,106,118] [3,10,34,48,63,79,82,116] [16,21,23,38,40,85,95,117] [1,8,45,48,80,83,122,124] [1,19,37,69,72,75,99,122] [38,39,52,56,63,104,105,110] [31,33,48,49,51,106,110,112] [35,44,65,66,84,90,114,121] [0,9,80,96,98,110,125,127] [7,18,19,30,50,61,73,105] [1,24,26,48,49,54,61,69] [2,15,30,71,73,79,99,107] [6,15,28,33,80,91,101,106] [3,14,48,55,79,110,115,116] [8,16,23,40,85,95,99,120] [1,8,14,78,80,83,89,124] [1,15,19,68,69,75,103,118] [38,39,52,56,63,104,105,110] [31,33,48,49,51,62,106,110] [44,64,66,84,90,95,114,121] [9,80,96,98,110,111,113,125] [19,30,50,61,69,73,90,105] [23,24,26,43,49,60,61,107] [2,15,23,42,71,79,99,107] [6,10,21,28,29,80,83,118] [3,10,11,34,48,55,79,86] [1,16,23,31,40,55,85,95] [8,15,40,45,80,83,115,124] [15,17,19,53,69,80,103,106] [21,24,31,68,73,74,80,123] [19,43,49,77,88,100,104,112] [0,6,37,45,81,88,99,104] [17,22,27,46,63,80,112,114] [22,30,39,44,52,80,105,124] [32,35,52,71,73,86,95,111]
Token  39: [2,13,14,22,80,84,89,103] [3,8,23,34,58,83,116,122] [9,53,84,100,104,117,122,123] [19,26,29,33,38,64,82,90] [11,22,43,47,76,79,83,91] [18,23,42,47,82,96,107,111] [38,41,42,52,56,66,75,110] [33,39,48,51,60,88,95,110] [18,44,66,80,90,103,109,123] [1,34,38,49,96,98,107,127] [18,30,52,73,83,90,107,108] [11,21,26,67,69,90,107,115] [2,42,54,68,79,87,97,107] [6,13,21,76,91,98,118,121] [3,10,19,28,34,55,79,110] [1,8,16,23,38,50,95,103] [1,8,42,48,55,80,83,124] [1,17,37,69,75,99,106,122] [13,38,52,56,63,75,104,110] [31,33,48,51,62,88,106,110] [5,66,85,90,95,109,114,123] [0,1,26,80,92,96,98,127] [7,30,50,60,66,73,75,90] [4,11,26,28,60,65,107,115] [2,23,34,42,54,79,92,107] [6,13,20,42,80,91,106,118] [3,10,19,34,55,75,79,110] [16,23,40,50,68,95,103,120] [1,14,30,55,73,78,80,83] [1,37,48,69,90,99,103,106] [38,52,56,63,104,110,116,119] [3,51,56,62,82,94,106,110] [5,33,44,66,67,90,95,109] [1,22,79,80,96,98,113,127] [30,50,52,69,73,74,90,108] [26,28,60,67,69,85,107,115] [2,23,42,57,73,79,97,107] [6,10,13,83,91,98,118,121] [10,11,28,34,48,55,75,79] [1,7,16,23,40,56,95,103] [20,45,55,73,80,83,115,124] [1,20,48,69,85,97,106,112] [31,36,37,64,68,80,101,115] [4,46,77,87,88,100,104,112] [6,27,53,73,81,98,104,107] [2,22,27,32,37,45,80,114] [22,52,55,63,80,97,98,101] [32,34,71,73,85,86,111,117]
Token  40: [14,18,51,57,74,103,106,110] [3,9,16,23,48,111,116,122] [10,36,50,90,94,100,122,125] [5,29,32,37,39,97,112,114] [11,23,47,50,56,63,77,83] [18,31,47,51,96,105,107,119] [38,46,52,63,66,104,110,116] [44,48,73,82,94,95,106,110] [28,44,67,86,90,109,122,123] [1,22,32,68,80,102,113,127] [7,18,28,30,103,107,108,123] [9,31,67,69,85,107,109,115] [18,25,42,68,79,107,112,114] [13,63,65,66,76,83,113,118] [3,10,16,19,34,55,105,116] [1,16,23,40,50,72,95,103] [1,12,14,55,80,83,84,119] [1,2,66,75,90,103,106,117] [9,46,52,63,104,110,116,119] [33,44,48,73,82,94,106,110] [3,33,44,66,67,86,90,95] [1,22,68,80,98,102,113,127] [7,18,30,50,69,73,90,108] [26,31,69,92,96,107,109,115] [2,23,34,42,61,68,79,107] [30,66,80,83,91,106,118,125] [3,10,16,19,53,75,105,116] [3,23,35,40,50,72,75,120] [1,12,14,43,78,80,84,119] [2,20,35,66,83,90,103,106] [46,52,63,66,104,109,110,119] [1,3,32,44,73,82,106,110] [3,44,67,86,90,95,109,123] [22,32,68,80,99,102,113,127] [7,25,30,69,83,88,103,123] [0,21,26,47,69,96,109,115] [2,42,50,57,68,104,107,114] [10,29,55,66,83,91,99,113] [3,10,11,16,39,53,55,105] [1,3,4,7,40,56,72,91] [1,12,43,55,80,115,119,126] [2,20,35,66,90,103,112,117] [5,18,27,80,93,102,115,123] [6,29,36,46,87,100,104,112] [6,14,20,27,48,81,98,104] [12,22,37,45,70,80,114,123] [22,52,55,75,80,98,115,117] [36,47,66,71,88,120,123,124]
Token  41: [28,56,64,77,82,91,95,112] [3,16,29,48,62,68,114,122] [4,5,36,67,76,78,106,125] [4,12,24,30,40,62,73,112] [5,7,11,27,50,60,68,77] [30,48,60,74,87,93,96,117] [7,46,63,64,98,104,110,111] [32,44,45,69,73,82,106,110] [3,6,20,43,44,67,86,90] [32,35,68,80,91,102,113,127] [10,30,41,50,89,95,107,109] [0,16,25,38,48,69,97,120] [14,17,34,38,42,67,103,114] [10,41,57,76,91,106,109,123] [3,6,16,31,47,53,55,60] [20,35,40,72,77,82,91,120] [1,14,18,60,77,80,84,94] [0,26,46,64,66,103,107,122] [46,52,63,64,85,104,110,119] [3,33,44,73,82,100,106,110] [3,6,20,33,67,86,90,106] [22,32,35,68,79,80,102,113] [7,10,23,30,41,50,95,124] [1,9,16,18,25,42,92,116] [0,14,17,25,38,42,67,103] [18,29,57,63,76,91,106,109] [3,16,53,55,60,71,73,75] [16,20,40,56,72,75,77,126] [1,14,23,44,60,80,84,94] [36,46,64,92,94,103,117,122] [46,52,63,110,112,116,118,119] [3,33,44,73,82,94,106,110] [3,6,20,29,44,67,86,90] [22,32,35,47,80,102,113,127] [6,19,23,30,41,69,108,124] [1,9,18,25,42,54,69,73] [0,14,25,42,63,67,71,103] [10,16,18,41,57,62,76,91] [11,21,34,47,55,60,71,102] [1,20,31,35,56,60,77,126] [23,44,55,60,80,108,110,115] [15,36,46,52,64,103,106,122] [24,49,68,73,80,90,123,125] [12,19,49,74,100,112,121,125] [6,13,23,45,80,88,98,99] [5,17,22,26,45,46,63,112] [29,30,39,52,75,80,96,105] [15,21,35,74,95,111,121,127]
Token  42: [16,51,53,92,97,104,111,120] [20,24,34,62,76,86,107,122] [10,14,17,87,100,116,120,125] [12,13,25,32,76,89,97,105] [0,11,22,23,43,74,77,83] [1,18,80,96,97,107,119,126] [13,42,52,63,107,110,116,119] [44,50,60,73,82,87,106,110] [18,21,39,44,64,67,85,90] [0,32,80,94,102,107,113,127] [14,30,64,75,83,103,107,108] [1,9,11,31,69,86,115,120] [18,25,30,33,42,53,97,101] [13,16,21,44,75,76,91,118] [10,19,34,79,80,83,110,113] [16,38,44,50,60,68,88,95] [1,7,40,60,80,89,98,122] [1,53,75,90,99,117,122,124] [9,36,38,52,63,75,104,110] [33,48,50,51,87,88,106,110] [5,18,35,50,64,85,90,114] [0,23,79,80,94,96,113,127] [7,10,19,30,50,60,75,108] [1,9,11,33,54,92,107,115] [6,27,39,42,53,67,71,126] [13,44,71,75,76,91,106,125] [3,21,34,53,55,75,80,110] [16,50,60,68,75,88,95,99] [1,7,40,45,60,80,89,115] [53,68,103,104,106,107,117,124] [38,52,63,75,104,110,116,119] [26,33,51,60,82,87,106,110] [18,21,29,33,64,67,90,95] [0,22,79,80,94,102,113,127] [7,19,30,50,69,80,107,108] [1,54,69,85,86,107,115,120] [30,32,42,53,57,63,71,126] [10,21,44,65,75,76,91,106] [11,21,34,39,53,55,79,80] [1,6,23,31,35,56,60,95] [1,7,18,40,60,80,84,115] [15,52,53,85,90,103,106,117] [22,24,37,68,73,80,123,125] [36,43,49,81,100,104,112,127] [6,37,45,54,80,81,98,104] [22,45,46,63,80,112,114,123] [22,39,44,52,80,82,105,124] [27,32,34,35,71,74,90,95]
Token  43: [0,72,76,95,100,102,110,119] [12,62,64,70,94,106,117,122] [40,75,77,78,82,87,99,125] [1,23,33,76,82,94,103,124] [11,26,29,47,74,83,118,120] [22,33,34,42,59,64,96,103] [13,38,52,56,63,107,110,116] [8,24,33,45,51,60,62,110] [5,18,53,64,90,95,99,103] [0,45,49,53,80,96,113,127] [3,16,52,57,73,75,83,107] [1,9,23,67,69,86,104,107] [2,9,21,30,42,53,71,97] [32,44,47,75,78,79,81,91] [3,10,17,34,55,109,110,113] [8,16,52,60,68,84,87,101] [40,51,60,80,83,89,105,115] [1,18,42,53,90,99,104,106] [38,52,56,58,63,75,104,110] [8,31,33,51,62,88,110,112] [5,18,45,53,64,89,90,101] [0,8,49,69,80,94,96,111] [3,7,16,19,50,57,75,94] [1,11,60,65,90,92,107,115] [2,4,9,21,27,34,46,53] [10,32,33,44,47,81,91,106] [3,53,55,76,86,110,115,125] [16,40,52,75,87,89,91,120] [1,40,48,65,80,83,89,105] [1,18,42,53,82,99,104,117] [38,44,47,52,63,104,110,116] [8,26,31,51,56,62,82,110] [5,18,33,53,64,90,95,105] [0,23,49,80,94,96,113,127] [2,3,7,16,19,30,36,57] [1,33,52,85,86,90,96,107] [21,30,32,35,42,53,71,126] [10,29,32,33,44,78,81,83] [10,21,34,53,55,66,75,86] [1,23,35,40,52,75,89,95] [1,40,65,80,84,89,105,115] [42,53,72,80,90,103,106,117] [22,37,39,68,73,80,123,125] [36,49,81,88,100,104,112,127] [6,37,54,80,81,98,104,108] [20,22,45,63,80,112,114,123] [22,44,52,80,82,84,124,125] [27,32,35,73,74,85,90,95]
Token  44: [17,21,34,46,61,63,118,120] [6,15,53,61,62,99,111,122] [8,9,54,70,72,91,94,127] [1,33,37,38,62,72,76,77] [0,7,11,22,29,32,83,87] [22,24,34,59,78,90,96,126] [13,38,44,52,66,104,110,116] [31,33,48,60,82,87,106,110] [18,21,33,64,67,85,90,95] [0,22,33,53,80,94,113,127] [2,3,30,39,64,80,107,108] [50,65,69,86,107,108,115,120] [2,8,30,32,42,53,97,118] [44,71,75,81,83,91,102,108] [3,10,34,55,75,82,109,110] [8,16,50,60,68,75,87,95] [1,7,40,51,65,80,89,115] [1,37,53,99,104,106,107,117] [9,36,38,52,55,104,110,116] [26,31,33,48,51,60,106,110] [4,5,18,53,64,90,95,103] [0,22,33,79,80,96,113,127] [2,3,7,33,36,75,80,94] [1,30,33,50,54,92,107,120] [2,9,32,35,42,46,97,122] [10,47,59,71,81,102,106,108] [34,53,55,64,73,82,110,116] [8,16,33,50,75,87,89,91] [1,7,25,40,65,80,89,100] [18,27,53,99,104,117,122,124] [36,38,52,55,104,110,112,116] [26,45,48,51,56,62,82,110] [4,18,33,53,64,90,105,114] [0,33,49,53,80,96,113,127] [2,7,19,30,31,33,36,112] [30,33,37,48,85,86,107,120] [35,42,61,71,87,112,118,127] [29,44,71,83,89,91,102,108] [10,21,34,39,53,55,82,110] [1,7,8,56,75,87,91,95] [1,7,40,51,65,80,89,115] [52,53,80,85,90,103,106,117] [22,30,37,58,68,73,80,123] [36,49,75,81,100,104,112,127] [6,8,37,54,81,98,104,108] [20,22,45,63,80,112,114,123] [22,44,52,80,82,84,124,125] [27,32,35,71,74,90,95,99]
Token  45: [17,28,34,51,61,62,81,87] [23,46,61,77,99,113,116,122] [8,9,24,49,70,73,90,127] [1,37,38,62,71,76,77,121] [11,22,32,55,57,87,116,119] [18,22,24,48,78,90,97,126] [38,44,52,63,104,110,112,116] [31,33,73,82,88,94,106,110] [4,18,27,33,64,67,90,95] [0,1,22,33,53,80,113,127] [2,30,36,64,72,80,107,108] [33,50,65,85,86,93,107,117] [32,38,42,53,57,62,97,101] [44,47,71,81,91,95,102,108] [3,10,18,34,75,82,110,116] [1,2,8,33,38,50,87,95] [1,18,40,51,65,80,89,115] [0,18,37,53,65,104,106,117] [38,52,63,85,88,104,110,116] [26,33,51,82,87,88,94,110] [4,5,18,33,64,67,90,95] [0,22,33,79,80,96,113,127] [2,30,31,36,64,75,80,108] [1,16,30,33,85,92,103,107] [32,35,38,42,52,64,94,122] [47,71,81,95,102,108,109,123] [14,18,34,55,82,92,110,116] [2,16,33,50,77,87,89,95] [1,29,40,44,65,77,80,89] [0,18,65,81,104,106,108,122] [36,38,52,55,88,104,110,118] [26,45,51,82,106,110,121,123] [4,18,27,33,53,64,90,114] [0,33,53,94,99,104,113,127] [2,23,30,31,33,36,95,127] [1,16,30,37,54,73,86,107] [30,32,35,38,42,52,94,97] [10,62,63,95,102,108,109,123] [3,18,34,53,55,82,110,116] [1,2,20,33,40,77,87,107] [1,29,44,65,77,80,89,115] [0,11,18,63,65,85,103,106] [8,20,68,73,75,80,98,126] [16,47,75,80,100,104,121,122] [5,6,8,13,80,81,104,110] [5,22,32,45,47,63,83,87] [1,5,10,52,71,76,98,123] [15,21,44,74,82,92,114,127]
Token  46: [72,76,95,100,102,110,118,119] [12,64,70,84,94,106,117,122] [38,40,49,77,84,93,99,113] [6,31,68,76,94,97,116,124] [11,19,29,85,98,99,106,115] [4,9,22,33,42,46,59,66] [38,39,42,55,56,105,110,116] [8,31,33,48,49,73,106,112] [18,53,84,90,103,111,114,121] [0,2,9,33,110,113,125,127] [3,16,18,30,36,61,73,107] [1,20,52,61,69,85,92,115] [2,18,30,42,65,97,99,118] [6,10,28,47,81,91,95,102] [3,10,20,32,34,82,110,116] [8,16,31,33,38,48,50,87] [42,44,48,65,80,83,89,115] [1,18,19,65,72,99,106,122] [13,38,52,56,75,88,105,110] [3,8,26,48,49,51,110,112] [5,18,35,53,84,90,103,121] [0,9,33,79,96,104,110,127] [16,30,31,36,50,61,69,105] [1,24,49,54,61,85,92,103] [6,15,35,38,42,67,94,99] [6,15,28,47,71,95,109,123] [3,14,18,32,48,55,82,110] [2,16,20,40,77,85,87,120] [29,44,48,62,65,77,80,108] [0,11,13,63,65,68,118,122] [24,34,38,52,75,88,110,118] [3,26,33,48,49,51,110,112] [18,27,35,53,65,84,90,121] [23,33,35,79,96,104,125,127] [30,31,33,36,50,56,95,105] [1,23,24,54,85,92,97,114] [0,2,30,35,38,42,67,94] [10,47,91,95,102,106,109,123] [3,18,32,34,55,68,82,111] [16,20,40,48,77,87,107,120] [29,44,54,77,80,83,115,122] [0,11,63,65,80,85,103,106] [14,20,23,24,68,75,80,126] [8,16,47,49,75,100,104,121] [5,6,11,16,39,80,104,110] [5,22,32,45,47,63,83,87] [1,5,10,22,45,52,104,123] [15,31,44,74,90,92,109,127]
Token  47: [21,32,46,63,71,93,107,120] [46,49,53,83,92,106,116,122] [57,60,84,88,116,117,122,125] [1,10,26,64,76,106,121,124] [0,11,29,76,79,91,111,118] [47,78,82,97,102,111,125,126] [13,38,42,52,63,85,104,110] [26,33,48,60,73,95,106,110] [27,44,64,84,90,99,103,109] [0,1,22,33,43,48,113,127] [30,36,52,64,73,107,108,123] [13,26,33,58,69,92,107,115] [2,9,32,42,53,60,69,97] [6,10,55,71,79,91,95,121] [3,28,34,79,82,101,110,111] [8,16,34,38,40,85,87,95] [1,4,14,45,80,89,115,124] [1,18,37,45,53,72,85,117] [13,36,38,52,63,75,104,110] [12,33,41,45,48,76,95,106] [5,45,50,53,64,85,90,124] [0,2,33,43,53,80,96,123] [7,29,30,50,75,80,92,94] [3,11,25,48,58,60,92,107] [2,24,32,41,42,50,69,92] [29,61,78,91,95,99,104,122] [55,61,81,109,110,111,121,125] [0,16,19,40,68,87,100,120] [1,4,14,25,30,74,80,83] [22,37,45,72,82,99,104,120] [39,44,52,58,63,75,98,104] [31,39,56,60,82,95,100,106] [3,5,21,45,64,90,99,124] [21,33,43,69,80,81,85,91] [5,9,28,35,73,80,92,118] [3,53,58,65,96,107,117,120] [4,22,24,50,69,92,111,118] [10,68,78,79,91,95,104,106] [3,19,53,55,79,109,111,125] [7,8,16,31,40,87,90,120] [4,14,30,40,80,84,105,115] [45,48,53,69,80,85,103,106] [14,30,31,59,73,75,80,101] [2,4,18,46,75,81,100,104] [6,37,54,62,73,98,104,108] [22,32,45,63,80,87,114,127] [22,44,52,67,82,84,104,124] [32,34,55,71,86,90,104,117]
Token  48: [21,28,34,61,62,63,73,87] [23,46,53,58,99,109,116,122] [8,9,50,53,54,70,95,127] [1,2,15,19,23,38,64,106] [2,7,11,22,25,76,79,105] [24,34,42,82,96,122,125,126] [38,41,42,52,56,85,110,116] [31,33,48,51,60,94,95,110] [11,15,18,27,36,44,64,90] [0,1,22,33,53,104,113,127] [30,39,64,73,107,108,112,113] [1,8,26,33,69,86,115,122] [30,42,53,79,87,97,107,118] [6,10,28,71,79,91,95,102] [3,18,34,55,81,82,111,116] [2,8,16,31,38,55,87,95] [7,8,44,45,83,89,111,115] [0,1,19,26,49,65,99,117] [13,36,38,42,52,75,88,110] [26,45,48,49,51,93,95,112] [5,35,84,85,90,95,103,124] [0,9,79,96,104,110,125,127] [6,30,61,64,73,90,105,108] [1,20,26,33,54,61,85,92] [15,35,38,39,42,67,99,118] [6,28,84,91,95,102,109,123] [3,14,18,75,81,82,86,110] [2,16,19,50,51,87,120,122] [4,42,44,54,62,80,111,115] [0,19,26,49,63,65,68,120] [36,47,52,56,88,110,116,118] [33,48,49,51,56,88,95,110] [27,44,84,85,90,103,114,121] [0,23,53,79,96,104,113,127] [30,33,39,50,61,69,73,95] [1,8,16,26,54,85,92,97] [2,18,38,42,67,73,94,118] [91,95,102,106,109,110,123,125] [3,18,34,55,81,86,97,111] [2,8,16,31,40,48,87,107] [4,29,54,77,80,108,111,115] [0,49,53,61,63,65,80,85] [14,20,24,37,66,69,114,126] [8,16,47,56,75,94,100,121] [5,6,8,11,25,80,104,110] [5,16,22,47,76,83,87,95] [1,5,10,37,71,97,122,123] [15,31,44,74,82,90,92,127]
Token  49: [40,43,65,72,73,98,100,122] [18,38,70,94,100,113,122,127] [38,40,57,84,88,99,113,123] [2,6,31,53,73,84,116,124] [7,11,52,76,81,85,106,115] [8,37,59,61,64,66,97,125] [8,34,41,56,63,83,105,107] [18,24,31,33,49,51,109,112] [44,65,72,84,90,114,116,121] [0,9,24,49,96,110,125,127] [16,18,31,47,53,61,78,105] [1,23,24,49,54,60,61,125] [2,9,15,30,56,96,97,99] [6,15,23,26,28,58,78,110] [3,11,17,20,48,90,110,115] [8,10,16,31,40,59,85,101] [8,39,65,73,83,89,115,124] [1,18,19,33,42,69,99,105] [8,41,56,75,83,88,105,127] [24,33,48,49,51,100,109,112] [17,35,44,57,65,84,90,121] [0,9,80,96,110,111,122,125] [18,19,31,56,61,68,78,105] [1,23,24,28,49,54,61,125] [2,15,30,35,56,73,96,99] [6,15,26,28,58,78,91,110] [3,4,14,17,48,55,86,115] [2,16,31,40,70,85,101,127] [39,48,62,81,83,89,115,124] [1,18,19,21,33,42,75,118] [24,41,56,83,105,107,126,127] [33,48,49,51,75,109,112,123] [17,35,61,65,84,90,114,121] [0,9,96,98,110,111,122,125] [19,31,56,61,68,78,90,105] [1,23,24,49,54,61,65,125] [2,15,21,23,73,79,96,99] [15,23,28,58,78,106,110,118] [3,17,20,55,81,86,104,115] [16,31,40,52,70,85,101,127] [30,48,73,81,89,105,115,124] [1,19,21,42,48,69,80,82] [14,31,32,64,80,113,114,115] [31,37,46,77,88,100,104,120] [6,53,69,73,90,98,104,108] [22,27,32,38,54,87,101,114] [11,34,52,60,63,98,125,127] [20,57,73,74,77,86,105,109]
Token  50: [11,16,45,46,72,85,100,114] [15,18,21,43,70,119,122,127] [25,30,38,40,45,65,93,99] [2,6,31,72,75,84,115,124] [11,52,63,73,75,81,85,115] [22,37,59,61,64,66,73,103] [24,34,35,53,63,76,83,105] [18,24,49,59,62,75,109,112] [16,35,57,65,72,80,84,121] [0,9,49,96,98,110,122,125] [16,47,56,57,61,78,90,105] [1,23,24,49,54,61,103,125] [9,15,23,56,65,79,96,99] [15,19,26,28,33,78,80,118] [4,17,20,32,48,81,100,110] [8,16,49,59,70,85,101,120] [65,73,81,83,89,105,115,124] [18,19,21,33,41,42,55,99] [24,34,41,47,63,105,116,126] [3,24,33,49,59,62,100,112] [16,35,38,65,72,84,101,121] [0,9,49,96,98,110,122,125] [19,31,56,61,78,90,98,105] [1,3,23,24,49,54,61,103] [15,21,23,33,35,79,96,99] [15,26,28,58,78,110,118,125] [3,4,32,48,81,89,110,115] [16,31,41,49,51,70,120,127] [48,73,81,82,83,89,103,115] [1,21,42,55,75,88,99,120] [24,26,56,58,83,105,126,127] [8,33,39,49,75,100,112,123] [18,35,61,65,66,72,90,121] [0,9,13,23,96,98,122,125] [16,36,56,68,78,90,98,105] [3,23,52,54,65,90,121,125] [2,21,23,64,65,73,79,96] [47,78,91,93,106,110,117,118] [1,3,38,55,81,86,98,125] [16,40,41,52,63,70,89,127] [34,48,54,76,81,101,105,115] [1,21,55,72,77,80,82,88] [14,23,43,56,80,109,113,115] [31,37,46,58,71,100,115,120] [6,16,70,90,94,98,102,104] [22,29,38,45,54,71,87,114] [16,26,27,63,76,93,104,125] [3,20,58,73,76,86,87,102]
Token  51: [30,32,58,72,85,88,109,121] [1,15,64,65,87,97,122,125] [3,25,31,39,82,85,95,109] [4,14,23,37,72,75,81,115] [11,30,50,52,53,63,64,126] [8,17,37,59,63,64,68,103] [24,26,34,56,63,71,89,107] [9,18,24,59,75,100,109,112] [18,38,57,72,86,90,114,127] [0,7,17,49,65,96,98,122] [18,26,27,55,68,78,85,90] [18,24,28,48,54,63,90,125] [2,23,35,56,64,65,79,105] [15,23,26,28,67,83,91,118] [3,15,17,38,68,81,110,115] [16,17,23,40,49,59,89,120] [0,14,30,81,89,101,105,115] [1,9,18,82,83,88,90,112] [22,41,56,58,63,104,116,126] [31,33,59,75,82,88,100,112] [35,45,61,65,66,72,77,100] [0,65,80,96,98,111,122,125] [36,50,56,69,78,85,90,98] [23,26,31,48,54,90,96,125] [2,23,65,73,79,96,107,114] [61,82,83,91,106,110,118,125] [3,4,14,15,38,42,92,115] [0,16,32,40,48,72,120,125] [0,1,24,30,82,83,100,122] [1,9,46,75,82,90,103,122] [39,44,56,63,87,104,116,126] [9,31,33,44,51,75,88,94] [18,22,35,45,61,83,86,90] [0,7,47,65,80,96,98,111] [16,19,36,55,82,85,90,94] [3,48,54,59,69,90,99,100] [2,14,21,23,73,79,114,127] [45,47,61,67,82,92,93,112] [1,3,15,38,55,68,73,109] [16,32,40,63,80,89,120,125] [0,1,30,76,80,84,100,101] [11,34,44,57,77,82,88,99] [12,14,23,47,58,80,92,111] [5,20,41,58,72,100,101,120] [6,19,26,58,62,98,104,108] [22,32,33,45,88,91,99,114] [26,32,52,57,74,93,94,125] [4,42,53,72,98,107,116,124]
Token  52: [6,46,48,49,52,78,117,127] [28,31,63,65,71,85,89,122] [4,5,6,36,46,49,60,111] [3,4,14,24,45,49,60,86] [7,11,30,37,50,57,70,101] [8,18,31,56,63,93,110,112] [3,44,46,63,71,87,104,116] [9,24,44,82,88,94,100,106] [22,45,53,57,67,86,87,90] [0,7,17,35,49,80,82,96] [18,27,55,68,71,82,91,94] [18,25,48,56,63,94,95,99] [2,4,8,14,34,46,114,127] [10,26,40,82,83,91,106,112] [3,15,53,55,57,68,107,115] [3,16,17,32,40,80,89,121] [1,14,50,80,84,94,115,127] [1,9,26,36,77,82,103,112] [22,56,63,64,87,89,104,116] [33,44,82,88,94,100,106,110] [38,44,45,61,65,72,86,90] [0,2,7,17,76,80,96,111] [18,26,69,78,83,91,94,98] [3,7,21,67,96,99,100,125] [2,4,8,14,34,65,79,96] [23,42,58,91,103,104,106,112] [3,8,15,38,53,57,86,110] [6,16,32,40,49,59,120,125] [14,30,80,84,93,105,115,127] [1,9,26,72,82,102,103,112] [46,56,63,64,89,104,110,116] [33,44,51,56,82,88,94,110] [9,44,45,67,72,86,90,111] [7,24,69,70,80,96,102,111] [30,45,71,82,86,91,94,103] [4,20,21,25,85,96,99,100] [2,14,33,42,59,92,108,127] [20,27,51,91,92,104,106,112] [3,5,15,33,86,104,109,125] [11,16,25,32,40,75,80,125] [1,11,30,35,42,48,93,107] [1,26,34,39,59,82,88,105] [4,8,17,25,56,70,111,116] [18,41,56,69,74,80,98,99] [5,6,9,12,25,42,62,104] [29,48,51,64,77,88,114,121] [16,18,26,43,46,54,63,90] [0,17,39,42,61,80,87,102]
Token  53: [0,4,24,28,33,38,89,117] [2,24,31,33,68,90,109,122] [4,5,41,46,49,56,60,78] [4,36,45,60,86,99,104,114] [7,11,37,52,60,64,108,126] [0,8,31,39,63,74,75,114] [22,39,46,64,71,103,104,108] [7,9,33,44,59,82,88,113] [45,67,85,86,90,94,118,123] [7,8,35,67,80,82,92,96] [7,21,66,71,82,85,91,94] [25,48,60,73,95,96,99,100] [2,4,8,14,85,91,111,127] [18,34,62,87,92,106,112,122] [3,15,24,38,55,57,102,109] [16,32,40,49,75,89,120,125] [1,14,30,76,80,84,94,115] [1,9,18,36,49,75,81,82] [22,39,44,63,87,103,104,116] [9,31,33,44,59,84,88,94] [18,45,61,86,90,94,100,118] [7,17,47,66,80,82,96,111] [7,21,23,36,82,85,91,94] [18,22,25,31,48,73,99,100] [2,4,25,26,34,73,112,127] [2,29,63,82,91,92,106,112] [3,14,15,38,55,71,73,102] [16,32,40,75,89,120,125,126] [1,11,27,30,84,93,100,122] [36,46,75,82,92,93,120,122] [38,39,44,52,63,87,104,116] [2,7,31,33,44,88,94,123] [18,35,45,61,86,90,94,118] [0,7,8,23,47,65,96,111] [23,36,71,82,85,88,94,127] [18,22,25,30,31,48,73,99] [2,14,25,52,73,111,114,127] [18,34,82,91,92,106,112,127] [3,15,24,38,55,73,102,109] [16,25,32,40,89,120,125,126] [30,65,76,80,84,93,100,115] [26,36,46,49,75,81,82,100] [14,23,66,69,70,80,86,92] [5,12,41,56,75,80,99,120] [6,11,69,70,88,98,99,104] [2,12,22,26,32,45,54,117] [1,5,26,52,55,60,125,127] [15,44,58,74,82,98,111,116]
Token  54: [24,27,38,56,66,72,95,122] [2,14,45,56,62,64,96,122] [10,48,56,60,78,83,95,103] [3,5,20,34,45,73,104,118] [7,11,37,60,61,64,73,126] [8,31,39,46,63,75,100,103] [34,39,44,56,63,104,118,124] [9,24,33,44,59,82,88,123] [18,45,61,83,86,90,94,100] [0,7,17,35,65,80,96,111] [18,71,82,85,91,94,103,124] [30,54,60,73,75,81,99,100] [2,8,14,26,41,73,75,127] [2,57,62,63,82,91,106,112] [3,11,15,38,55,60,102,111] [16,32,40,79,89,120,125,126] [14,24,30,76,84,91,108,115] [1,9,26,36,46,82,90,112] [3,22,39,56,63,87,104,118] [2,21,31,33,44,82,88,123] [18,45,61,83,86,90,100,123] [7,17,47,65,71,80,96,111] [7,36,82,85,88,91,94,103] [22,30,42,48,54,75,99,100] [2,35,36,52,71,73,114,127] [2,47,82,83,106,110,112,118] [3,14,15,38,55,71,73,115] [16,26,32,40,63,120,125,126] [11,24,30,80,83,94,100,122] [9,26,46,82,92,103,112,122] [22,44,58,63,87,112,118,126] [2,31,33,48,59,75,88,123] [17,18,35,45,61,86,90,100] [7,17,23,47,65,80,96,111] [19,23,36,82,85,91,94,103] [18,43,54,60,69,99,100,115] [2,14,23,30,71,73,114,127] [33,62,76,82,83,106,112,118] [3,11,15,38,55,63,71,102] [16,31,32,40,120,121,125,126] [24,30,54,80,83,91,108,115] [9,17,36,46,80,82,103,112] [14,24,52,68,70,74,86,125] [12,19,56,75,100,104,120,121] [6,11,27,88,94,98,99,104] [5,12,17,22,27,32,37,45] [5,30,52,55,60,81,98,127] [15,21,44,74,82,109,111,127]
Token  55: [18,72,76,95,100,102,110,119] [12,31,64,70,96,100,117,122] [30,38,41,77,82,93,99,125] [13,20,25,34,73,82,101,116] [11,50,52,85,92,99,118,126] [17,33,37,59,64,75,103,104] [13,24,34,35,56,63,71,107] [2,18,24,33,59,62,100,109] [38,53,57,61,72,90,102,127] [0,17,49,65,85,87,96,111] [16,18,26,57,69,85,91,103] [3,20,28,30,43,48,59,60] [2,8,9,56,59,65,73,105] [26,42,58,78,82,91,103,106] [3,38,55,86,90,107,110,115] [16,17,40,49,59,70,101,120] [14,24,30,80,81,83,89,115] [1,9,18,82,83,102,103,112] [34,39,41,56,63,75,105,116] [3,24,33,51,59,94,100,112] [35,38,44,65,72,95,103,111] [0,2,10,49,80,96,122,127] [9,30,43,56,69,78,86,98] [3,4,21,22,67,85,96,125] [2,9,12,26,34,42,61,65] [42,77,82,91,104,106,112,125] [3,6,8,34,75,99,110,115] [16,40,56,75,91,95,99,120] [18,42,48,50,80,83,89,115] [9,72,82,93,103,104,112,117] [38,56,63,64,75,88,110,116] [3,31,33,51,60,75,94,110] [9,35,44,61,90,95,111,116] [22,24,33,80,96,104,123,127] [7,30,33,39,45,85,86,108] [4,21,78,85,114,115,121,122] [2,14,33,42,59,92,108,114] [10,20,51,61,82,104,112,125] [3,6,32,38,102,109,115,125] [11,16,32,40,48,75,87,120] [1,11,24,30,42,48,94,107] [1,13,34,59,80,82,88,99] [4,8,14,17,50,56,70,111] [2,5,56,74,80,98,113,120] [6,9,11,25,42,94,99,113] [26,29,38,48,77,88,90,95] [17,43,54,74,81,104,122,125] [8,23,39,46,53,65,109,110]
Token  56: [25,32,46,48,49,58,72,78] [2,9,12,31,34,93,96,122] [14,51,77,82,90,100,115,125] [13,20,34,73,101,115,116,125] [11,23,50,63,73,83,85,113] [18,31,68,75,103,105,107,122] [22,26,34,39,56,63,64,127] [2,9,31,33,50,51,88,100] [35,44,45,61,72,86,90,111] [0,17,65,66,80,92,96,111] [18,69,85,88,91,103,113,127] [30,48,54,60,69,105,109,115] [2,23,26,30,73,75,114,125] [2,33,66,82,83,103,106,113] [3,4,11,34,38,55,105,115] [16,17,32,40,72,79,120,121] [11,24,30,83,84,105,119,122] [1,2,9,18,82,90,99,112] [13,26,56,58,63,112,126,127] [2,31,33,59,62,75,88,123] [5,17,18,35,36,61,72,114] [0,23,65,80,96,98,111,122] [19,36,68,69,73,85,90,113] [20,26,54,60,63,90,109,121] [2,23,73,75,79,107,114,125] [2,33,82,83,91,106,110,118] [3,4,10,38,55,63,105,115] [16,32,38,40,48,59,72,120] [11,24,30,48,83,105,119,122] [1,9,18,80,82,90,112,124] [44,58,63,104,112,116,126,127] [2,31,32,33,56,82,88,121] [17,18,35,45,53,61,86,90] [0,17,23,65,80,96,98,111] [19,36,69,85,88,91,94,126] [54,60,63,69,90,99,109,121] [2,21,23,30,71,73,114,125] [33,66,82,83,93,106,110,118] [3,10,38,55,63,66,105,115] [16,31,32,40,72,89,120,121] [1,11,24,30,48,105,115,119] [1,2,9,73,80,82,90,112] [14,21,25,27,30,80,92,115] [5,29,37,46,75,83,91,120] [6,47,48,94,98,104,107,108] [2,22,27,32,37,45,54,77] [52,60,63,97,98,101,125,127] [6,18,20,33,58,73,86,97]
Token  57: [0,6,40,49,50,72,75,89] [19,28,33,56,73,77,122,123] [2,46,60,78,104,107,111,127] [14,15,20,74,100,103,124,125] [7,11,37,46,50,53,60,113] [18,20,63,74,75,103,104,110] [44,46,56,63,87,104,119,127] [2,9,31,32,33,82,88,100] [17,18,44,45,61,86,90,98] [0,7,17,49,65,80,96,111] [18,36,55,69,85,88,94,126] [18,30,48,59,60,89,90,93] [2,24,26,39,73,114,125,127] [2,10,45,61,63,82,92,106] [3,11,14,33,38,42,55,115] [16,32,40,80,89,119,120,121] [11,48,80,82,101,105,106,115] [1,9,18,39,82,90,112,122] [13,63,87,104,107,112,122,127] [2,31,32,33,59,75,88,123] [17,18,22,35,53,61,98,114] [0,7,17,47,80,82,96,111] [31,36,55,69,85,94,126,127] [9,20,30,48,60,90,94,99] [2,9,35,36,64,73,114,127] [2,47,61,63,73,82,91,106] [3,14,33,38,55,73,92,115] [0,2,16,32,40,59,89,119] [11,34,35,48,82,91,100,105] [1,18,39,73,82,93,112,122] [52,58,63,77,87,104,112,127] [2,31,32,33,45,48,82,100] [15,17,18,22,35,61,90,98] [0,7,23,47,49,96,99,111] [9,36,55,69,85,94,126,127] [9,22,30,60,79,90,99,121] [2,24,39,46,71,73,114,127] [45,61,82,83,91,92,93,106] [14,15,33,38,55,73,92,115] [0,16,25,40,75,80,89,117] [1,24,35,39,82,100,105,115] [1,18,39,73,82,93,99,124] [4,14,17,58,80,92,111,115] [5,37,41,69,75,83,98,120] [6,9,11,62,96,98,104,107] [2,22,30,32,45,77,92,114] [1,26,35,43,54,63,79,125] [0,17,39,42,53,61,80,96]
Token  58: [4,18,28,33,46,89,103,124] [9,16,28,33,49,54,73,122] [10,36,42,46,81,97,107,115] [9,24,36,39,74,100,114,123] [7,11,50,53,55,60,100,119] [18,20,31,75,83,102,104,110] [20,44,63,77,87,104,124,127] [1,7,32,33,56,76,82,106] [13,17,45,61,67,90,92,123] [7,35,44,80,82,92,96,111] [36,55,71,82,85,91,94,126] [18,25,43,48,60,90,99,107] [2,8,24,26,39,46,75,127] [2,45,61,63,73,92,106,112] [3,14,38,42,55,76,92,115] [16,32,40,75,89,119,120,121] [1,11,24,75,80,83,105,106] [1,9,18,27,36,82,93,112] [23,44,52,63,87,104,116,127] [2,9,31,32,33,82,88,110] [17,18,22,45,61,90,92,114] [7,17,47,71,80,82,96,111] [7,36,55,69,85,94,126,127] [20,25,28,30,43,59,60,99] [2,22,24,36,64,112,114,127] [45,47,61,63,78,91,92,106] [3,14,15,27,55,73,92,115] [0,2,16,25,32,40,75,89] [1,35,39,46,80,91,100,105] [1,18,27,73,82,93,112,122] [23,52,58,63,87,104,107,127] [2,31,32,33,45,48,56,82] [17,22,35,53,61,90,92,105] [0,7,31,47,49,69,82,111] [7,9,23,55,71,82,94,126] [22,25,30,60,76,99,102,121] [2,8,24,29,46,92,112,127] [27,52,87,89,91,92,93,112] [14,15,26,49,55,73,92,115] [0,25,75,89,106,110,117,125] [1,27,28,35,39,82,97,100] [18,54,73,75,81,82,93,99] [4,10,17,25,33,69,70,97] [18,24,41,61,69,75,83,101] [9,11,19,62,82,96,104,114] [32,43,48,54,67,77,88,114] [26,33,43,54,63,79,104,125] [6,17,18,23,39,53,80,96]
Token  59: [0,4,9,18,24,38,117,118] [21,33,49,54,73,76,77,122] [12,42,56,57,60,97,104,127] [9,24,46,70,74,91,100,123] [7,11,21,32,46,60,65,124] [18,20,31,75,93,104,109,110] [63,64,66,87,104,119,124,127] [1,7,32,33,52,82,88,106] [5,17,32,61,67,90,92,123] [7,17,21,35,68,80,82,92] [7,54,66,71,82,85,94,126] [17,18,25,60,73,90,99,100] [2,4,8,39,46,47,92,127] [2,29,62,63,92,93,106,112] [3,14,38,42,55,76,94,115] [16,32,40,75,89,119,120,121] [1,11,30,39,75,80,83,108] [1,9,18,27,36,46,82,112] [22,23,44,63,87,104,118,127] [2,31,32,33,44,82,88,110] [5,13,17,22,61,67,90,92] [0,7,21,47,80,82,96,111] [7,23,36,55,85,94,126,127] [20,25,30,43,56,60,73,99] [2,22,26,64,73,92,112,127] [2,18,47,63,78,92,106,112] [3,4,14,15,38,55,73,115] [2,16,32,40,75,89,125,126] [1,11,30,39,65,78,80,83] [1,18,36,46,73,82,112,122] [56,63,87,104,107,112,122,127] [2,31,32,33,48,51,82,123] [15,17,18,35,53,61,90,114] [7,23,35,47,49,96,106,111] [23,35,36,71,82,85,94,126] [9,22,25,55,60,69,73,99] [2,25,26,73,92,112,114,127] [2,18,62,76,92,93,106,112] [3,11,14,15,38,55,71,115] [2,16,32,40,89,121,125,126] [11,39,75,80,83,91,100,115] [17,18,36,46,73,80,82,103] [14,17,24,50,69,74,92,125] [12,19,56,75,83,100,120,121] [6,9,11,16,45,88,99,104] [5,17,22,32,38,46,77,95] [5,29,30,39,63,81,105,125] [15,44,74,86,92,95,111,127]
Token  60: [24,47,72,100,102,108,119,127] [49,64,70,96,111,122,126,127] [40,72,75,82,93,95,99,125] [13,34,74,82,103,110,116,124] [11,48,50,52,73,85,113,118] [18,31,33,37,59,75,103,104] [44,56,63,71,87,104,112,127] [8,9,24,33,62,82,109,123] [17,38,45,57,61,89,90,99] [0,7,49,71,80,96,106,111] [16,26,57,69,73,81,85,126] [26,28,30,59,60,90,99,125] [2,4,8,9,65,73,75,127] [0,33,47,58,78,81,103,106] [11,38,55,67,81,110,115,125] [2,16,31,40,41,49,52,89] [4,11,62,65,76,89,105,115] [1,18,59,61,72,82,99,112] [24,34,87,107,112,118,126,127] [8,18,24,33,59,73,100,123] [5,17,18,41,53,57,93,114] [0,7,10,31,49,82,106,122] [16,31,36,47,55,57,68,111] [3,30,55,59,60,88,99,103] [9,21,35,36,71,73,89,127] [26,33,47,73,78,81,91,104] [1,4,14,55,63,91,115,125] [2,16,21,41,52,58,59,93] [24,48,65,76,89,91,100,127] [18,58,61,80,82,99,122,124] [26,34,52,58,77,89,112,127] [8,33,36,48,56,100,106,123] [15,17,41,53,72,89,90,93] [0,2,23,31,43,49,96,111] [16,26,36,47,57,68,84,112] [5,39,52,59,60,99,104,121] [18,21,49,71,73,77,89,127] [33,47,78,81,91,92,93,103] [1,19,38,55,76,81,91,115] [2,16,41,48,50,52,89,93] [26,65,75,76,78,91,100,115] [10,18,59,73,80,82,123,124] [9,14,17,47,69,109,113,115] [25,37,45,56,83,90,104,120] [6,9,16,25,36,51,104,127] [16,32,38,40,54,77,95,119] [9,41,52,61,90,102,104,106] [2,39,46,48,65,73,101,125]
Token  61: [25,28,32,33,37,72,78,124] [4,26,28,46,61,73,122,124] [34,36,60,89,91,95,103,127] [14,17,34,47,79,94,100,110] [7,11,28,34,60,84,114,126] [18,31,58,79,84,103,104,127] [44,56,63,70,89,107,111,127] [7,8,24,28,32,82,106,123] [17,22,41,45,53,57,72,90] [0,2,49,71,80,82,85,96] [16,26,31,47,57,68,85,126] [3,7,54,56,59,60,99,103] [2,4,8,64,65,89,94,123] [0,33,45,47,78,81,91,103] [1,22,26,38,81,110,115,125] [2,16,31,40,41,49,52,93] [5,35,62,65,76,89,97,115] [11,18,37,58,59,77,82,88] [24,55,58,70,87,89,107,127] [8,18,33,45,59,62,100,123] [16,17,41,53,57,72,105,114] [0,2,10,31,47,49,50,85] [16,26,31,36,47,55,57,68] [3,30,39,54,56,59,60,103] [9,21,35,64,71,89,94,123] [26,33,47,63,73,78,81,91] [1,4,14,32,38,55,73,115] [2,16,31,41,52,59,87,127] [35,48,62,65,89,91,103,115] [11,18,73,80,82,88,99,122] [24,26,34,58,107,112,122,127] [18,33,36,56,62,100,109,123] [16,17,41,53,57,90,101,114] [0,2,7,31,49,80,96,111] [16,31,33,36,47,68,94,127] [3,21,39,52,60,99,104,121] [2,18,21,49,73,75,94,127] [47,63,78,91,92,106,112,119] [1,3,14,26,38,55,71,115] [2,16,31,32,40,41,48,110] [11,30,54,76,80,91,115,122] [18,46,54,73,75,81,82,93] [8,14,17,33,66,69,77,113] [24,56,75,80,83,94,120,122] [9,16,25,42,59,67,94,99] [23,29,38,48,52,77,87,95] [5,9,43,76,81,90,104,106] [18,25,44,46,48,58,74,93]
Token  62: [40,51,84,92,98,99,100,119] [30,38,73,84,89,97,122,127] [40,49,77,82,89,93,125,127] [23,68,79,88,94,95,123,124] [11,48,52,53,67,85,99,118] [18,31,33,42,75,103,104,110] [22,24,56,63,87,107,112,127] [2,8,31,33,62,100,112,123] [16,17,45,53,61,80,90,113] [0,2,7,49,65,80,96,111] [16,36,57,85,88,94,103,126] [20,28,54,60,65,69,93,99] [2,7,26,39,52,73,75,127] [2,16,33,47,63,78,91,106] [3,11,14,32,38,55,63,115] [2,16,31,32,38,40,41,52] [11,26,30,65,83,91,108,115] [1,18,46,80,82,99,112,122] [13,24,56,87,107,112,122,127] [2,32,33,59,62,75,100,123] [17,18,35,53,57,61,72,114] [0,7,47,49,65,96,111,122] [16,19,31,36,68,85,126,127] [1,3,30,54,56,60,63,103] [9,21,35,36,52,64,73,127] [2,47,63,73,78,82,91,118] [3,4,14,32,55,73,110,115] [2,16,37,40,48,59,72,126] [11,48,62,65,83,101,108,122] [18,46,73,80,103,112,120,122] [24,41,44,58,87,112,122,127] [2,31,33,48,51,59,75,100] [15,17,18,35,53,61,90,114] [0,7,23,47,49,65,96,111] [19,35,36,69,85,103,126,127] [3,43,55,60,65,69,99,115] [2,9,21,26,52,73,75,127] [2,76,78,82,91,103,106,112] [3,11,15,32,38,55,71,115] [2,16,32,40,52,60,120,126] [11,54,80,83,91,108,115,122] [15,17,18,36,46,73,80,103] [14,24,49,52,68,69,74,125] [12,19,43,56,96,100,120,121] [6,11,45,88,94,98,99,104] [5,17,22,45,46,63,87,112] [5,22,29,30,39,80,81,105] [35,44,74,82,95,109,111,127]
Token  63: [13,26,65,72,96,98,100,108] [50,61,70,94,100,122,124,127] [49,53,82,84,88,93,95,99] [20,61,68,74,94,95,123,124] [11,48,50,52,79,85,106,113] [31,42,59,66,75,103,104,125] [13,22,34,35,56,63,105,127] [9,31,33,48,49,50,88,100] [17,36,44,45,61,80,90,113] [0,7,26,65,71,80,96,111] [16,26,36,57,69,73,85,113] [26,28,59,60,61,69,93,103] [2,21,26,52,73,75,97,114] [2,6,33,47,78,80,82,91] [3,11,20,38,48,55,63,115] [2,8,16,17,31,40,72,85] [11,26,65,89,91,108,115,122] [1,18,55,72,90,99,122,124] [13,24,34,35,56,112,122,127] [3,18,24,59,75,109,112,123] [5,18,35,53,57,72,114,116] [0,49,65,96,98,111,122,125] [16,19,31,36,57,68,69,90] [1,3,26,30,54,63,93,103] [2,9,21,35,64,73,75,89] [2,26,33,73,78,82,91,118] [3,4,14,32,55,63,110,115] [2,8,16,38,41,51,59,120] [11,28,34,48,65,83,91,108] [18,19,53,80,99,118,120,124] [24,41,44,58,67,75,112,127] [33,39,48,51,56,59,75,123] [18,53,66,72,90,101,113,114] [0,23,49,65,80,96,98,111] [19,35,36,68,69,73,85,113] [1,3,26,52,54,60,103,121] [2,21,30,52,71,73,99,114] [6,15,76,78,79,80,91,106] [3,11,20,38,48,55,86,115] [2,16,17,40,52,85,120,121] [30,75,83,91,108,115,122,124] [17,19,53,69,72,73,80,103] [14,23,24,39,64,68,74,115] [46,56,77,83,88,100,104,120] [0,6,37,53,88,98,104,107] [2,5,22,27,32,45,87,114] [30,52,60,82,97,98,104,123] [71,73,74,86,90,95,109,111]
Token  64: [21,25,32,69,74,93,107,120] [6,8,23,49,60,74,83,122] [68,72,82,107,116,117,123,125] [2,34,37,64,66,74,106,111] [11,25,50,53,56,79,102,111] [2,31,47,75,103,104,108,111] [26,34,39,43,56,63,112,127] [31,33,48,51,72,82,88,100] [17,28,45,61,80,90,99,111] [0,26,65,80,92,96,105,111] [14,18,19,36,69,73,113,123] [26,48,58,60,69,105,115,121] [2,39,52,69,71,73,75,114] [2,16,21,63,79,82,91,98] [3,11,28,38,55,63,101,115] [16,17,31,34,48,72,87,100] [11,48,73,89,91,115,121,122] [1,18,30,45,90,99,122,124] [12,13,26,56,58,112,122,127] [24,33,59,72,75,84,100,123] [5,17,18,53,72,90,99,114] [0,43,65,92,96,105,111,122] [6,14,19,31,36,68,69,126] [3,30,48,58,60,63,69,103] [20,21,30,35,69,71,73,114] [2,26,33,73,82,91,95,118] [3,4,55,63,101,109,110,115] [2,16,34,38,40,59,100,120] [11,14,48,83,91,115,121,122] [14,30,45,80,99,103,120,124] [13,23,39,44,58,63,112,116] [31,33,48,56,59,72,106,123] [5,45,80,86,90,99,101,114] [0,23,26,49,80,96,105,111] [6,14,18,19,30,36,69,88] [13,43,58,60,79,111,115,121] [2,30,36,39,52,69,71,73] [33,79,91,103,106,107,121,125] [3,10,11,28,38,55,101,109] [2,16,17,34,40,94,100,120] [20,30,83,91,114,115,121,122] [9,14,30,45,80,90,97,103] [14,23,55,68,80,101,115,119] [2,4,37,46,52,100,104,120] [6,54,69,71,98,104,108,121] [2,22,27,32,37,45,93,114] [52,55,60,67,68,98,125,127] [28,32,34,55,71,74,83,117]
Token  65: [27,32,48,49,50,101,106,110] [23,46,60,62,75,99,122,126] [36,45,52,68,72,122,125,126] [25,26,34,64,66,87,94,106] [7,11,22,43,56,79,102,111] [2,18,31,51,103,105,108,111] [26,39,44,52,63,66,75,110] [31,33,48,51,72,73,106,123] [2,44,45,80,86,90,99,111] [0,26,49,80,89,96,97,105] [14,18,30,36,40,78,88,123] [48,58,60,69,94,105,115,121] [2,4,36,68,69,71,73,122] [12,63,66,79,91,106,113,119] [3,11,38,55,76,105,115,125] [3,16,17,34,40,59,100,120] [24,30,51,83,98,103,121,122] [1,2,30,66,75,90,122,124] [39,44,46,52,58,63,104,116] [9,31,33,48,88,94,100,123] [2,35,44,45,72,86,90,114] [0,69,71,80,96,97,105,111] [6,7,18,19,36,69,75,91] [4,31,58,60,75,94,111,121] [2,30,52,69,73,92,114,122] [12,29,59,66,91,106,118,119] [3,55,63,69,105,110,115,125] [2,16,17,26,38,40,100,120] [1,14,51,80,83,91,114,122] [2,30,35,66,77,82,90,124] [39,44,46,63,104,112,116,124] [31,33,48,51,56,94,106,110] [2,3,44,45,67,80,86,90] [23,49,62,69,80,96,97,111] [7,18,19,20,30,36,69,91] [13,43,60,69,94,111,115,121] [2,30,42,71,73,75,92,102] [12,29,33,66,91,106,113,119] [3,10,11,55,63,96,105,109] [2,16,17,34,40,89,100,120] [30,43,51,80,83,91,115,121] [2,30,35,66,80,90,103,126] [14,18,23,68,80,93,98,102] [6,46,81,87,100,104,112,120] [3,6,20,48,81,98,104,121] [20,22,30,37,45,70,80,114] [44,52,55,68,80,98,115,127] [36,47,66,71,88,120,123,124]
Token  66: [3,22,23,28,62,77,112,125] [29,45,48,60,68,71,90,122] [15,23,36,64,72,76,95,125] [24,37,70,90,92,101,106,119] [11,27,47,48,83,97,104,108] [10,17,39,48,78,87,103,108] [41,44,52,63,66,104,112,116] [9,31,33,44,51,88,94,110] [2,6,20,44,80,86,90,111] [23,26,35,49,80,95,96,111] [18,19,26,30,36,91,95,109] [14,28,43,60,94,105,115,121] [2,18,20,30,32,39,65,127] [12,41,57,91,101,103,106,109] [3,11,38,47,55,60,63,123] [16,17,20,40,48,50,89,120] [23,29,30,77,83,84,110,115] [1,9,58,64,84,99,103,122] [26,39,44,46,58,63,104,116] [9,31,33,51,88,94,110,123] [2,6,45,72,80,86,90,111] [0,35,49,80,89,91,96,111] [18,19,23,35,36,91,95,109] [28,30,42,60,68,94,111,121] [2,17,32,34,36,38,49,102] [12,37,41,57,73,91,106,109] [3,47,55,73,89,102,109,110] [2,15,16,38,40,77,100,120] [4,23,29,77,91,94,110,122] [13,30,64,65,84,103,122,124] [9,13,44,52,58,63,112,118] [9,31,33,39,48,106,110,125] [2,6,18,20,44,45,86,90] [0,35,40,47,65,80,96,111] [18,19,23,26,36,69,88,109] [9,28,42,60,79,94,111,121] [0,2,39,49,71,73,101,103] [12,18,33,41,57,91,106,125] [3,11,30,47,55,60,102,109] [2,15,16,17,40,46,48,120] [23,46,80,91,94,110,115,122] [9,30,36,58,64,80,103,114] [14,23,24,49,57,68,76,90] [30,52,74,80,100,120,121,125] [6,23,39,80,94,98,104,108] [5,22,26,45,76,86,87,110] [5,10,35,76,96,124,125,127] [15,21,31,44,74,82,121,127]
Token  67: [24,31,53,68,69,74,81,107] [45,46,60,75,83,88,91,122] [15,36,64,72,95,117,123,125] [10,11,37,76,90,101,106,119] [10,11,39,47,67,91,97,111] [78,96,97,99,103,108,111,122] [39,41,44,52,56,63,112,116] [9,31,33,48,51,88,110,123] [2,28,44,51,72,80,90,111] [0,43,48,49,80,92,96,111] [14,18,19,26,40,74,88,123] [13,47,60,94,102,105,115,121] [2,30,36,52,68,69,73,120] [12,33,55,68,79,91,106,121] [3,10,11,28,55,63,84,94] [16,17,40,48,50,100,115,120] [14,20,30,48,80,83,121,122] [1,14,45,90,99,103,122,124] [9,13,26,39,44,58,63,112] [9,31,33,48,72,88,100,123] [5,18,28,45,51,72,90,114] [0,23,43,48,71,80,96,111] [6,14,18,19,31,36,40,69] [13,20,28,30,60,102,111,121] [2,21,36,39,52,69,73,120] [12,33,37,49,55,73,78,91] [3,9,13,55,63,69,84,110] [16,38,50,51,59,100,115,120] [20,23,73,80,83,91,121,122] [14,45,54,82,84,90,97,124] [13,39,44,52,58,63,112,116] [9,31,33,44,56,94,106,110] [18,28,35,44,45,51,86,90] [0,23,43,48,66,80,96,111] [14,18,19,20,30,36,69,91] [13,43,60,90,102,111,115,122] [2,35,36,39,69,71,73,120] [33,55,79,91,106,107,121,125] [3,10,11,28,55,63,84,109] [2,16,17,40,50,58,115,120] [14,20,30,80,91,115,121,122] [1,9,14,45,58,80,82,97] [14,23,41,65,68,80,101,115] [2,4,46,83,98,100,104,120] [6,29,39,54,71,98,104,108] [2,22,27,31,32,45,114,127] [43,52,55,67,93,104,110,125] [0,28,34,61,71,83,99,117]
Token  68: [0,14,51,57,74,101,103,106] [9,39,45,48,75,91,105,122] [15,41,72,90,107,122,123,125] [10,11,20,37,90,97,101,119] [7,11,47,63,67,73,97,111] [18,51,74,103,105,110,119,122] [39,44,46,63,66,104,116,119] [9,33,44,82,94,100,106,110] [28,35,44,45,67,86,90,123] [17,32,48,68,80,96,102,111] [18,30,63,69,94,98,103,123] [13,21,43,53,60,96,102,109] [2,4,34,65,68,73,120,127] [42,55,66,91,101,106,112,113] [3,15,16,53,55,69,105,109] [3,4,16,17,32,40,75,89] [1,14,78,80,84,115,119,126] [9,35,66,77,82,100,103,112] [22,46,63,87,89,104,111,116] [32,33,44,45,82,94,100,106] [35,38,44,67,86,90,95,123] [7,8,68,76,80,99,102,111] [7,18,23,30,69,71,83,94] [21,53,67,96,99,100,102,109] [2,4,14,34,46,65,115,127] [51,66,91,92,99,104,106,112] [3,36,53,57,66,99,105,115] [3,17,32,40,56,75,82,91] [1,12,14,78,80,114,119,126] [6,66,72,82,100,103,112,121] [23,46,63,104,109,111,119,127] [1,27,32,44,45,73,82,106] [3,9,17,47,67,88,95,123] [24,37,57,68,80,97,99,111] [7,25,30,42,45,85,94,103] [4,78,94,96,99,102,109,111] [2,14,17,42,92,95,108,125] [20,61,66,85,92,104,106,112] [16,23,36,91,105,109,115,125] [11,17,26,32,34,40,75,89] [1,12,14,42,48,80,107,119] [13,34,59,77,80,88,89,105] [17,27,30,56,80,111,114,115] [29,46,65,68,69,72,80,113] [5,6,11,27,39,104,108,114] [29,45,58,88,98,110,114,117] [35,52,55,63,100,117,125,127] [0,3,7,36,71,83,110,120]
Token  69: [28,51,83,87,91,112,124,125] [9,16,45,48,67,68,88,122] [5,36,56,67,72,76,100,125] [12,20,37,70,73,92,101,114] [7,10,11,27,37,38,57,60] [10,63,74,87,93,103,114,122] [20,46,63,87,104,115,116,118] [2,33,44,82,94,100,106,110] [15,18,20,35,44,86,90,118] [32,35,41,66,68,80,102,111] [18,30,63,69,91,92,103,109] [8,22,36,42,48,53,96,116] [0,2,4,14,26,41,75,127] [2,10,18,42,57,91,101,106] [3,11,16,60,63,69,102,109] [16,17,31,32,40,75,99,126] [1,14,42,80,84,97,108,115] [1,37,77,82,90,93,103,122] [52,56,58,63,104,112,116,118] [2,31,33,44,82,94,100,106] [15,18,20,45,72,85,86,90] [32,41,47,69,80,96,102,111] [10,18,19,36,54,91,103,109] [4,17,22,31,53,94,96,102] [2,26,33,34,36,41,49,91] [2,13,42,43,91,106,112,125] [3,24,27,29,38,83,102,109] [2,11,16,40,50,58,75,99] [1,34,53,70,80,91,113,122] [13,37,72,82,89,93,99,124] [9,34,44,52,63,89,104,107] [2,24,31,33,44,56,82,100] [0,5,15,40,45,72,90,118] [23,32,41,69,80,96,111,123] [9,18,30,36,41,92,103,109] [11,22,28,31,48,53,96,116] [14,26,28,34,71,73,78,85] [13,33,50,52,68,91,106,125] [3,11,29,55,63,72,102,109] [16,17,40,50,51,58,77,120] [14,80,91,94,108,110,115,122] [36,77,82,93,100,103,122,124] [14,23,24,47,68,69,70,80] [30,56,80,96,100,120,121,125] [6,11,23,94,104,108,110,114] [5,22,26,45,76,95,110,114] [5,10,19,52,96,104,122,125] [14,15,31,44,74,82,92,127]
Token  70: [72,76,95,100,102,110,119,122] [12,62,64,70,94,100,106,122] [72,75,77,78,87,99,125,127] [10,20,25,73,82,103,116,124] [7,11,12,52,57,92,118,126] [9,17,25,33,37,59,64,103] [34,35,44,53,56,63,71,107] [2,18,24,59,62,88,100,109] [38,53,57,65,72,90,116,127] [0,10,17,19,49,80,96,111] [3,16,18,26,57,85,103,112] [21,28,37,52,54,59,60,125] [2,9,21,30,56,65,96,105] [0,23,26,28,58,78,81,91] [3,17,81,90,100,107,110,115] [8,16,40,49,59,70,101,120] [30,65,80,81,83,89,105,115] [1,18,21,42,55,82,83,99] [24,26,34,44,63,75,88,105] [24,49,59,62,100,106,109,112] [38,53,65,72,84,101,111,121] [0,9,49,80,96,110,122,125] [13,16,56,61,78,94,98,105] [3,7,23,24,52,54,61,125] [9,15,23,56,65,85,96,99] [0,15,26,28,58,78,81,104] [4,17,32,48,81,86,100,110] [16,49,59,70,75,101,120,127] [48,81,83,87,89,103,105,115] [1,18,21,55,78,83,99,120] [24,26,27,44,53,63,75,126] [18,24,28,59,62,106,109,112] [9,38,46,57,65,72,90,101] [0,10,49,69,87,96,122,125] [16,26,30,56,58,68,78,98] [3,4,7,21,52,64,121,125] [8,17,56,65,73,85,96,105] [0,20,26,78,91,103,104,119] [17,49,86,94,104,109,110,125] [11,25,48,49,59,70,75,120] [35,42,50,70,82,87,107,115] [21,34,59,72,83,88,118,123] [4,8,17,56,66,70,111,114] [2,74,80,96,98,99,108,113] [5,6,12,25,42,50,62,114] [3,16,29,48,51,77,88,110] [21,43,46,53,54,62,74,125] [39,46,48,65,83,93,109,110]
Token  71: [25,32,46,48,49,58,72,78] [2,12,19,28,34,62,93,122] [14,48,51,77,90,100,115,125] [13,15,37,50,73,100,116,125] [10,11,23,38,46,63,100,113] [31,55,74,97,103,105,107,110] [13,39,46,52,63,104,115,127] [2,33,44,73,82,94,100,106] [18,35,44,64,67,86,90,111] [17,32,48,66,80,96,102,111] [18,30,36,40,63,69,92,103] [22,47,53,86,102,109,115,116] [2,4,26,34,36,68,73,125] [2,33,42,55,66,106,107,113] [3,11,55,69,84,105,109,113] [3,4,26,34,38,40,115,120] [11,43,80,84,96,114,119,122] [1,2,45,66,90,99,122,124] [9,13,39,46,63,104,116,124] [2,33,44,82,88,94,106,110] [18,28,45,67,72,86,90,114] [32,43,47,48,80,96,102,106] [6,14,18,19,36,40,91,103] [13,20,65,90,94,102,109,111] [2,33,34,36,39,69,102,125] [2,33,59,66,68,78,91,106] [3,63,69,84,105,109,110,113] [26,34,38,50,58,59,100,120] [11,80,91,94,96,100,119,122] [13,66,82,99,114,120,122,124] [46,52,58,63,104,112,116,124] [2,33,36,44,56,94,106,125] [35,45,53,55,62,72,86,90] [0,23,38,68,80,96,102,111] [18,20,30,36,40,69,91,103] [31,43,48,52,90,109,115,116] [21,26,39,46,71,73,78,125] [2,33,66,78,91,106,107,125] [3,11,53,55,63,66,105,109] [2,16,17,38,40,58,89,120] [1,30,80,84,91,93,115,119] [2,9,66,77,80,82,90,103] [14,23,25,27,80,92,98,115] [20,29,46,87,91,100,104,120] [6,48,64,69,92,98,104,108] [22,27,30,32,35,45,70,114] [52,55,63,75,104,115,117,125] [36,47,71,73,88,120,123,124]
Token  72: [0,6,28,32,33,72,75,89] [15,28,36,73,77,93,105,122] [4,5,46,60,72,78,93,111] [3,14,15,24,61,73,74,103] [7,11,30,37,46,52,57,70] [17,18,35,63,64,74,103,110] [3,44,46,63,71,87,104,119] [9,24,44,45,82,94,100,106] [38,45,57,67,86,90,116,123] [0,7,17,49,68,80,96,111] [18,26,30,43,78,82,91,94] [18,21,28,37,48,60,90,125] [2,4,14,34,46,50,65,127] [10,40,42,84,91,101,106,112] [3,15,33,53,69,102,110,115] [16,17,32,40,80,89,120,121] [14,50,80,83,84,94,114,115] [1,9,18,26,77,82,103,112] [22,39,52,56,63,64,104,116] [33,44,48,51,88,94,100,110] [35,44,61,80,86,90,111,116] [1,10,24,66,80,96,102,127] [18,30,50,69,83,86,91,98] [21,22,43,67,85,96,114,115] [2,12,14,26,34,42,74,102] [2,84,91,99,104,106,112,125] [3,6,8,22,102,110,111,115] [0,16,32,40,75,91,120,125] [1,11,27,80,83,93,105,115] [9,26,72,77,82,93,103,112] [22,38,56,63,87,104,110,116] [31,33,44,51,82,88,94,110] [9,35,45,61,67,86,100,111] [7,23,66,80,96,104,111,127] [7,13,45,82,85,91,94,126] [4,25,78,85,99,100,121,122] [2,14,27,36,39,92,108,127] [20,27,51,61,92,104,106,112] [3,15,26,38,92,102,109,125] [0,11,16,25,32,75,80,125] [1,11,30,35,42,48,93,107] [1,26,34,39,59,72,82,88] [4,17,25,30,56,70,111,116] [18,24,41,74,80,82,98,99] [5,6,11,25,42,62,70,104] [29,48,51,64,88,90,110,114] [3,26,33,43,46,54,74,100] [8,17,39,42,53,61,87,110]
Token  73: [0,4,38,46,48,49,117,121] [28,56,88,95,102,104,105,122] [5,36,46,60,64,107,111,125] [5,20,23,24,66,70,73,94] [5,7,11,30,43,57,60,95] [0,8,35,74,87,103,115,119] [46,63,64,66,103,104,111,116] [7,19,33,44,82,88,94,106] [45,50,67,86,94,108,111,123] [7,35,57,68,80,82,97,102] [18,21,25,30,71,82,91,124] [18,25,43,73,94,96,99,100] [2,14,17,20,34,46,102,127] [18,45,62,91,106,112,120,127] [3,15,36,38,44,60,61,102] [32,40,80,82,89,119,120,125] [1,13,28,30,80,84,93,94] [9,26,36,66,77,82,92,101] [46,63,64,87,104,116,118,124] [9,31,33,44,82,88,94,106] [3,22,45,50,67,86,90,114] [7,17,35,47,68,80,97,102] [18,20,22,23,36,41,82,91] [25,31,60,94,96,99,111,116] [2,4,14,20,33,34,36,102] [51,63,68,91,106,112,120,127] [3,15,19,24,61,72,109,110] [11,26,59,75,99,100,120,125] [1,28,34,42,49,91,100,122] [13,26,30,37,92,93,120,122] [22,36,39,52,58,63,64,107] [31,33,36,44,56,94,106,125] [3,18,45,50,85,86,90,94] [0,7,23,40,47,63,80,96] [20,22,23,30,36,71,82,91] [21,22,25,28,31,99,116,120] [4,14,17,20,49,78,92,102] [27,89,91,106,112,120,125,127] [3,15,19,55,61,73,83,109] [2,16,17,32,40,58,80,125] [13,28,80,91,93,94,100,115] [9,26,49,80,92,100,103,124] [23,25,30,33,50,80,86,106] [18,20,41,82,91,100,111,120] [5,6,11,39,94,98,104,108] [2,22,26,30,45,51,114,117] [51,52,60,75,104,119,122,127] [15,21,26,42,71,82,110,121]
Token  74: [22,28,33,51,62,89,112,122] [29,37,45,71,73,76,96,122] [4,23,36,42,72,76,81,125] [3,13,20,70,87,99,100,119] [1,7,11,18,27,37,60,97] [10,74,87,93,103,110,119,122] [46,63,64,66,104,111,116,118] [19,33,44,73,82,94,100,106] [20,35,44,60,67,86,90,111] [35,41,57,68,80,102,106,111] [13,18,20,30,40,58,91,124] [31,38,48,53,55,73,94,116] [0,2,4,36,39,46,102,103] [57,62,63,91,101,106,112,119] [3,7,11,18,55,69,109,111] [16,31,38,40,82,120,125,126] [44,80,83,84,108,110,114,115] [1,22,26,77,82,99,103,122] [3,46,52,63,64,104,112,118] [31,33,48,51,94,106,110,123] [3,18,44,45,67,80,86,90] [0,23,35,41,47,80,96,111] [18,20,30,31,33,36,40,91] [22,31,42,60,65,94,96,99] [2,4,7,34,36,46,94,102] [57,63,91,106,109,110,119,125] [3,14,27,30,55,71,107,110] [2,16,48,59,102,120,125,126] [42,62,73,80,85,91,115,122] [13,26,37,68,93,103,120,122] [36,52,56,58,63,112,116,118] [31,33,48,50,51,100,106,110] [15,18,20,44,72,86,90,101] [0,23,35,41,47,96,106,111] [5,18,20,23,33,36,68,127] [3,9,22,31,42,55,65,94] [2,4,14,18,33,73,75,85] [31,41,57,68,91,106,119,125] [3,26,30,55,72,94,109,110] [2,16,17,31,40,46,48,125] [14,23,80,91,108,110,115,122] [26,49,54,80,82,96,100,103] [23,24,50,66,68,70,77,90] [30,47,72,75,83,99,100,111] [6,23,39,42,94,99,104,114] [5,22,26,45,51,76,87,88] [5,71,76,90,97,122,123,125] [14,15,21,23,44,58,82,127]
Token  75: [13,26,47,65,72,98,100,108] [50,64,70,94,100,122,124,127] [49,81,82,84,88,95,104,125] [2,20,25,68,71,89,108,119] [7,11,25,52,76,85,106,115] [42,59,61,66,75,103,108,125] [24,39,41,52,56,63,105,112] [33,48,49,50,51,75,88,100] [18,44,80,84,90,111,114,121] [0,9,49,80,96,110,111,125] [13,18,19,26,31,36,61,127] [7,28,49,60,61,69,93,94] [2,7,26,56,73,75,89,99] [12,16,33,63,73,91,106,119] [3,11,20,55,63,80,110,115] [2,16,17,31,38,40,60,120] [23,48,83,89,105,108,115,122] [1,18,55,72,90,99,122,124] [24,26,56,58,63,105,112,122] [18,24,50,59,62,100,112,123] [5,18,35,41,57,72,101,114] [0,49,50,96,110,111,122,125] [16,19,31,36,47,61,68,127] [3,30,54,60,65,93,94,103] [7,9,21,35,73,75,89,99] [12,15,16,33,60,73,91,110] [4,22,32,63,80,94,107,110] [2,8,16,38,41,51,59,120] [11,48,65,83,89,91,115,122] [18,46,52,68,80,118,120,124] [24,26,41,52,58,75,112,127] [33,36,48,50,51,59,62,100] [5,18,35,72,90,101,103,114] [0,23,49,65,80,96,104,111] [19,26,31,36,39,68,69,112] [1,3,21,54,60,93,103,121] [7,21,35,39,52,53,71,73] [15,16,33,76,91,103,106,125] [3,20,30,32,38,55,80,110] [2,16,17,40,48,60,94,120] [11,75,80,83,91,108,115,122] [15,17,42,46,52,72,80,103] [2,14,23,24,39,68,74,125] [12,19,30,43,56,77,104,120] [0,6,25,45,53,88,99,104] [17,22,24,46,63,87,112,119] [22,29,30,39,80,84,97,105] [35,52,71,73,74,95,109,111]
Token  76: [21,28,29,33,62,120,124,126] [6,8,11,58,78,86,107,122] [9,14,56,59,72,82,85,119] [1,7,13,25,37,74,101,105] [0,11,22,23,25,39,47,74] [24,34,75,78,80,97,103,116] [13,39,41,63,75,79,110,127] [31,33,39,48,50,51,87,110] [24,44,51,61,90,111,113,114] [0,1,26,38,49,94,96,111] [8,19,36,50,69,78,83,126] [7,14,28,60,87,107,115,121] [2,18,21,28,53,65,71,73] [16,21,24,33,44,68,75,91] [3,11,22,55,62,63,110,115] [2,16,31,38,84,95,103,127] [26,48,83,89,91,103,115,123] [1,18,55,58,99,103,122,123] [13,26,44,56,58,75,112,122] [24,50,59,62,84,87,88,123] [5,18,51,53,57,72,90,114] [0,2,47,49,50,94,96,111] [3,6,7,19,31,35,36,75] [3,11,25,30,48,60,103,107] [9,20,21,35,52,53,73,89] [16,24,33,61,73,78,91,110] [4,22,62,63,73,89,92,110] [2,8,16,38,59,68,81,87] [26,48,83,89,91,115,122,123] [18,58,68,80,99,104,120,124] [3,13,38,44,75,79,107,112] [45,48,51,56,60,62,87,93] [5,18,24,72,90,95,105,114] [0,1,23,26,49,81,94,96] [3,6,26,35,36,52,69,75] [3,21,25,28,30,60,87,107] [21,28,39,42,52,53,73,75] [24,44,71,75,89,91,101,125] [6,21,22,30,55,62,99,110] [2,8,16,48,50,55,84,94] [40,46,55,75,91,115,122,123] [48,58,68,69,85,103,106,124] [2,8,14,28,66,68,75,123] [2,24,30,56,61,83,94,96] [9,54,73,94,104,107,113,114] [31,86,87,88,92,94,119,127] [43,67,74,90,93,97,104,125] [0,34,51,54,61,71,83,110]
Token  77: [2,14,18,38,61,80,84,103] [3,30,58,67,83,86,92,122] [9,24,72,84,100,117,122,125] [7,25,56,67,82,90,101,105] [7,11,22,25,47,64,77,91] [34,80,82,93,97,103,107,111] [39,41,44,52,75,79,110,116] [33,39,48,50,51,60,75,110] [18,44,51,72,90,109,114,123] [0,1,26,45,65,96,111,127] [19,36,50,69,74,78,83,108] [21,28,47,60,67,93,107,115] [2,18,28,65,68,73,75,97] [16,21,33,44,75,76,91,121] [3,11,27,28,34,55,63,79] [7,8,16,40,50,84,95,103] [20,45,55,80,83,98,115,122] [1,17,69,90,103,104,106,122] [13,52,56,63,75,104,110,112] [31,33,48,50,51,62,88,110] [5,18,44,51,72,90,109,114] [0,1,45,49,80,87,96,111] [6,7,18,19,35,36,50,69] [20,28,48,60,65,69,107,115] [2,9,21,30,53,73,75,92] [16,33,44,78,91,106,118,121] [3,10,27,55,63,76,110,115] [2,8,16,23,38,59,103,112] [1,48,55,73,83,91,115,122] [18,37,48,68,69,90,120,124] [39,52,58,63,75,107,110,112] [3,24,33,39,51,56,62,110] [5,35,53,72,90,95,109,114] [0,21,23,49,69,80,96,111] [6,19,30,35,36,50,69,75] [11,21,28,31,60,67,85,107] [6,18,28,39,42,73,75,106] [16,33,68,71,76,91,121,125] [3,11,27,53,55,63,99,110] [2,7,8,16,40,44,55,112] [55,65,73,80,89,91,115,122] [1,18,48,69,82,85,103,124] [14,24,37,64,68,80,115,123] [30,69,77,83,98,100,104,124] [6,8,32,53,73,104,108,113] [2,22,32,45,87,94,114,127] [52,67,76,93,97,99,104,125] [28,32,34,71,73,74,83,117]
Token  78: [14,18,24,51,57,74,103,106] [3,9,30,48,56,92,116,126] [10,50,62,72,90,120,122,125] [5,39,56,59,66,105,112,114] [7,11,23,40,47,50,63,114] [18,31,51,93,97,105,107,110] [13,46,52,63,66,87,110,116] [33,44,51,73,82,94,106,110] [21,28,38,44,67,90,109,123] [0,32,68,80,96,102,113,127] [30,36,69,75,98,103,108,123] [21,28,48,53,67,109,115,120] [2,25,42,65,68,73,112,114] [16,18,63,66,68,76,91,113] [3,11,16,34,53,55,105,116] [1,7,16,17,40,72,95,103] [1,14,55,80,84,89,119,126] [1,2,35,37,75,90,103,112] [44,52,56,63,104,110,116,119] [31,33,44,51,82,94,106,110] [35,44,65,67,90,101,114,116] [0,69,80,96,102,111,113,127] [18,19,30,50,69,78,83,98] [48,54,67,69,96,109,115,120] [2,30,34,42,65,73,79,97] [23,42,83,91,99,104,106,112] [3,8,16,53,66,75,86,115] [16,23,35,40,56,75,95,120] [1,14,45,55,80,84,115,122] [1,66,72,75,82,103,112,117] [38,52,56,63,85,104,110,116] [3,33,44,51,82,94,106,110] [9,14,44,45,67,90,95,109] [24,69,80,84,96,102,113,127] [7,18,30,45,80,98,103,126] [0,4,53,85,96,99,109,120] [2,42,63,85,92,108,111,115] [10,20,66,68,76,104,106,112] [3,29,53,55,105,109,115,125] [16,32,33,40,50,72,75,125] [12,42,80,91,98,101,119,122] [18,34,49,75,78,80,82,124] [14,27,30,43,50,58,80,102] [6,10,29,41,46,98,100,104] [6,19,27,39,52,104,108,114] [12,22,31,45,58,65,88,114] [19,52,55,60,104,117,125,127] [7,28,36,71,83,110,112,120]
Token  79: [28,36,51,83,87,112,124,125] [9,16,29,48,67,68,90,122] [4,5,36,56,67,76,100,125] [12,20,37,70,73,101,112,114] [7,11,37,38,50,57,83,119] [4,10,63,74,87,93,110,114] [46,52,63,87,104,110,116,118] [2,19,33,44,82,94,106,110] [15,18,20,35,67,86,90,123] [32,35,59,66,68,80,99,102] [7,18,30,36,69,98,103,109] [8,22,36,42,48,53,96,120] [0,2,14,25,26,41,42,71] [2,13,18,41,76,91,106,119] [3,11,16,53,60,83,102,109] [16,17,38,40,50,72,99,111] [1,14,42,48,60,80,84,126] [1,37,46,75,94,99,103,122] [38,46,52,63,104,110,112,119] [2,32,33,44,82,94,106,110] [5,18,20,53,67,85,86,90] [0,32,47,66,69,80,102,111] [6,36,54,75,80,89,102,103] [11,28,31,48,52,53,65,120] [2,19,21,26,39,78,91,111] [2,13,29,50,61,78,91,119] [24,27,73,83,102,109,110,116] [2,11,25,44,50,72,99,117] [40,48,87,91,94,100,110,122] [13,37,46,68,99,104,122,124] [3,9,13,36,63,104,107,112] [2,24,33,41,44,56,82,106] [5,18,22,48,53,72,90,114] [0,23,32,47,69,70,80,123] [6,9,36,41,75,80,102,103] [11,22,25,28,31,48,52,120] [14,18,26,28,42,57,78,111] [13,50,61,68,71,76,91,125] [3,16,53,55,72,73,91,102] [2,16,40,44,50,58,77,84] [27,80,91,94,100,108,110,115] [36,46,49,80,93,100,122,124] [0,8,14,24,30,70,80,106] [12,56,74,75,80,96,99,100] [6,11,23,88,94,99,104,114] [17,26,45,76,77,95,110,114] [5,30,52,81,90,96,104,125] [42,44,46,71,74,82,111,114]
Token  80: [72,76,95,100,102,110,119,122] [12,62,64,70,94,100,106,122] [40,72,75,77,78,87,99,125] [20,25,73,82,103,105,112,116] [7,11,12,52,57,92,118,126] [9,17,25,33,37,59,64,103] [24,34,44,53,56,63,71,107] [18,24,59,62,82,88,106,109] [18,38,53,57,65,72,90,127] [0,17,19,49,80,96,111,125] [3,16,57,78,85,98,103,112] [3,7,21,28,37,54,60,125] [2,4,8,9,21,56,65,105] [23,26,28,58,78,81,91,103] [3,17,67,81,100,107,110,115] [8,16,40,49,59,70,101,120] [30,65,80,83,89,103,105,115] [1,18,21,42,55,82,83,99] [24,26,34,44,63,75,88,105] [33,49,59,62,100,106,109,112] [35,38,57,65,72,84,101,121] [0,9,49,96,104,110,122,125] [16,31,56,61,68,90,98,105] [3,23,24,49,54,61,103,125] [9,15,23,33,35,65,96,99] [15,26,28,58,77,81,104,110] [4,14,17,48,81,103,107,115] [0,16,19,26,41,59,70,120] [34,39,65,82,83,89,103,115] [1,18,21,55,72,93,99,118] [26,30,34,56,63,67,75,88] [33,36,51,67,73,100,103,106] [9,15,35,46,72,84,90,103] [10,23,49,65,69,80,96,104] [7,30,33,39,45,88,112,119] [4,21,29,37,64,78,85,121] [9,28,33,42,74,85,95,108] [10,20,29,52,77,91,104,124] [30,55,86,92,102,107,115,125] [11,25,32,40,48,75,120,121] [1,24,35,42,50,82,105,107] [1,13,34,59,80,88,105,123] [4,8,17,56,66,70,111,115] [2,5,55,61,69,74,82,96] [5,6,11,25,42,62,104,114] [16,29,41,48,77,88,110,117] [43,46,54,70,74,94,100,125] [0,3,46,48,65,93,109,110]
Token  81: [32,46,48,49,58,72,78,118] [2,12,28,34,62,93,107,122] [14,48,51,77,90,100,115,125] [13,15,42,50,73,75,116,125] [11,23,38,46,50,63,83,119] [18,31,55,74,105,107,110,119] [13,39,46,52,63,104,110,116] [2,33,44,73,82,94,100,106] [18,35,44,64,67,86,90,102] [0,32,38,66,80,102,113,127] [16,18,30,36,69,75,88,103] [3,20,22,36,48,85,109,115] [2,25,26,42,68,71,114,125] [2,18,29,66,76,78,91,113] [3,11,34,53,55,74,105,110] [16,38,40,44,50,72,95,99] [11,43,48,80,89,96,119,122] [1,2,20,90,99,104,107,122] [9,13,36,52,63,104,110,112] [2,26,33,45,56,82,88,106] [0,5,18,45,53,72,90,114] [0,32,38,47,69,80,92,96] [6,7,16,19,31,36,50,75] [3,11,20,25,30,48,52,109] [9,21,39,71,73,92,114,125] [2,29,33,66,73,78,91,113] [4,24,63,99,103,105,109,110] [2,38,44,51,59,72,81,118] [11,48,80,91,94,100,119,122] [66,68,80,83,99,122,123,124] [3,13,58,63,75,107,112,122] [2,3,24,33,56,59,62,82] [0,18,29,48,53,72,90,114] [0,23,38,47,69,80,81,96] [3,6,16,31,36,50,69,75] [11,28,31,52,101,109,116,120] [21,26,39,42,71,73,114,125] [2,33,66,71,78,91,106,125] [3,29,53,55,63,99,105,110] [2,7,16,40,44,50,72,91] [1,11,51,80,89,91,115,119] [2,66,80,82,83,90,103,124] [18,25,27,30,80,98,102,123] [6,18,29,36,41,91,100,104] [6,8,27,72,81,98,104,108] [12,20,22,32,37,45,70,114] [22,52,55,98,115,117,125,127] [26,28,36,66,71,74,85,120]
Token  82: [0,23,28,41,62,87,124,125] [29,45,62,67,73,77,93,122] [4,36,49,73,76,125,126,127] [12,13,15,24,40,62,70,114] [7,11,27,50,57,73,77,93] [10,11,18,48,74,87,117,119] [46,63,66,86,104,110,116,118] [32,33,44,69,73,82,106,110] [20,67,86,90,95,111,118,123] [25,35,68,80,102,109,113,127] [10,18,30,41,50,88,95,124] [16,29,33,48,85,96,97,107] [0,2,18,38,42,67,103,114] [18,41,57,76,91,106,109,123] [3,6,34,53,55,60,99,109] [1,17,31,40,54,72,91,120] [1,14,60,78,80,83,114,115] [1,36,37,46,104,107,122,124] [52,63,64,75,104,110,116,118] [32,33,45,51,73,82,106,110] [3,18,20,33,67,86,90,95] [0,35,47,69,80,96,102,113] [7,10,23,30,36,41,124,127] [9,18,28,31,42,48,85,116] [0,2,14,17,19,28,42,50] [13,63,68,76,78,91,106,125] [2,30,47,71,99,109,110,116] [2,11,54,75,77,99,117,126] [1,6,60,80,89,91,94,122] [30,46,68,83,93,104,122,124] [36,52,63,75,110,112,116,118] [3,31,33,51,60,82,106,110] [0,3,13,15,18,20,67,90] [0,23,40,47,80,96,106,113] [9,10,23,30,36,41,124,127] [9,21,25,31,48,55,73,85] [14,16,19,28,42,62,103,112] [41,62,63,68,76,89,91,125] [3,21,22,47,55,99,102,110] [2,16,40,51,54,75,77,126] [6,46,60,80,91,94,110,115] [6,46,49,54,81,103,122,124] [8,23,24,57,68,70,77,80] [12,18,41,74,80,100,104,111] [5,6,23,39,88,99,104,114] [5,16,17,26,76,110,114,119] [29,30,52,81,93,96,104,125] [46,71,82,83,110,111,114,121]
Token  83: [16,51,53,97,101,104,111,120] [20,30,34,62,67,86,107,122] [10,14,72,74,87,116,120,125] [12,13,23,37,76,89,105,114] [0,11,23,30,43,74,77,118] [18,24,34,80,97,107,110,126] [13,52,56,63,75,110,112,116] [33,50,51,60,73,82,87,106] [18,44,64,67,90,103,114,123] [0,80,94,96,107,113,124,127] [18,30,36,69,75,83,108,127] [3,28,48,65,86,106,115,120] [2,18,25,39,42,53,73,97] [13,16,44,63,75,76,78,91] [3,11,19,55,63,79,80,110] [2,16,31,38,44,50,60,88] [7,40,48,80,89,105,115,122] [1,18,53,55,68,80,99,124] [13,38,52,63,75,112,118,122] [24,45,51,59,62,75,87,109] [5,18,45,53,57,72,90,114] [0,2,47,49,50,56,94,96] [10,19,31,36,68,69,75,127] [3,11,20,30,65,103,107,120] [9,21,35,39,53,73,75,126] [13,26,33,44,60,63,78,91] [4,19,21,55,63,80,109,110] [2,8,16,38,50,59,88,120] [7,40,48,65,89,91,103,115] [18,53,68,80,99,122,123,124] [13,44,58,63,75,107,112,122] [18,24,33,56,59,60,62,87] [5,18,48,53,57,72,90,114] [0,2,23,49,50,80,94,96] [3,6,26,31,36,68,69,98] [3,19,21,86,101,103,107,120] [21,35,39,42,53,71,73,126] [33,44,68,71,75,76,91,125] [3,4,21,55,63,80,99,110] [2,7,8,16,40,55,84,91] [7,40,80,89,91,105,115,122] [6,18,49,53,68,80,103,124] [14,24,37,59,68,73,123,125] [56,75,83,94,96,98,100,104] [6,8,19,32,33,37,54,104] [16,37,87,92,94,104,114,119] [5,44,52,76,82,84,104,124] [19,27,34,44,46,74,90,92]
Token  84: [0,72,76,95,100,102,110,119] [12,64,70,86,94,106,117,122] [75,77,78,82,87,93,99,125] [23,33,56,76,82,94,103,124] [11,29,32,47,52,67,115,118] [17,18,22,33,49,59,103,114] [34,35,41,56,63,75,112,116] [8,24,33,51,60,62,109,123] [5,45,64,72,90,99,103,111] [0,8,45,49,53,80,96,125] [3,16,36,57,69,73,75,83] [21,48,54,67,86,90,93,102] [2,9,18,23,39,71,73,75] [12,32,33,44,47,81,85,91] [3,11,55,63,76,84,110,125] [8,16,21,31,52,81,84,87] [40,48,65,83,89,91,105,115] [1,18,42,53,55,90,99,123] [26,34,41,44,58,63,112,116] [8,24,33,56,59,62,88,123] [45,53,72,89,90,111,114,124] [0,8,23,49,50,87,96,111] [16,19,31,36,47,57,69,75] [3,4,30,52,60,65,90,107] [2,4,9,21,34,64,73,75] [13,33,47,73,78,81,91,106] [1,3,4,55,63,109,110,125] [2,16,38,50,52,59,75,87] [40,46,65,89,91,105,115,122] [18,53,68,80,82,99,120,124] [26,34,44,52,58,75,112,116] [8,33,36,39,51,56,62,123] [35,45,53,72,79,89,90,114] [0,23,49,50,53,69,80,96] [3,16,31,36,47,50,57,68] [5,21,28,52,85,90,107,120] [21,35,42,62,71,73,75,126] [32,33,60,78,81,83,91,125] [21,55,63,66,72,86,107,110] [2,8,40,50,52,55,84,89] [1,40,46,65,89,91,105,115] [18,42,53,72,80,90,106,124] [23,24,30,39,68,73,80,123] [2,37,77,81,100,101,104,112] [6,8,16,33,37,39,81,104] [16,22,37,45,63,94,104,114] [5,22,44,52,82,84,124,125] [27,46,71,73,74,90,92,109]
Token  85: [17,21,34,51,61,63,118,120] [6,53,61,62,99,111,116,122] [8,9,54,70,72,91,94,127] [1,33,37,62,72,76,77,116] [7,11,22,29,32,40,87,107] [18,22,24,34,59,90,97,126] [38,63,66,87,104,110,112,116] [26,33,48,60,82,88,106,110] [4,18,45,64,67,90,95,111] [0,2,23,33,69,80,113,127] [2,3,16,30,75,80,94,108] [28,30,48,50,54,65,107,120] [2,8,18,25,28,39,42,118] [18,47,63,78,81,91,102,108] [11,55,63,66,76,82,110,116] [7,8,16,31,38,50,87,95] [7,40,46,51,65,89,91,115] [1,18,53,68,75,82,90,99] [38,52,55,75,87,110,112,116] [24,26,33,45,51,56,88,110] [4,5,22,53,72,90,114,124] [0,2,23,33,47,49,69,96] [2,23,31,33,36,55,75,94] [11,25,30,50,52,65,85,107] [6,9,35,46,64,92,95,122] [61,63,78,81,91,102,108,125] [19,42,73,82,87,92,110,116] [0,16,33,50,77,87,89,119] [7,46,65,89,91,100,111,115] [18,68,82,99,100,104,122,124] [34,38,55,58,75,87,110,116] [33,36,51,60,93,94,96,110] [4,22,53,64,79,90,95,111] [0,23,33,47,49,82,96,113] [2,3,15,23,30,33,43,82] [21,25,28,30,48,52,107,120] [28,29,42,62,92,112,118,127] [71,78,89,91,92,102,108,125] [6,21,55,73,82,87,99,110] [2,33,50,55,84,87,89,91] [7,40,46,89,91,98,100,115] [18,49,53,58,80,81,106,124] [8,30,37,58,68,70,73,123] [16,41,56,80,81,82,100,112] [5,6,8,37,81,103,104,113] [20,22,30,37,63,92,104,114] [22,44,51,52,82,84,104,124] [27,46,51,71,74,99,110,113]
Token  86: [17,28,34,51,61,62,81,87] [23,46,61,77,99,113,116,122] [9,24,49,56,70,72,73,127] [1,19,37,62,71,76,77,121] [7,11,22,32,55,57,87,116] [4,18,24,48,78,90,97,126] [38,44,52,63,104,110,112,116] [31,33,51,73,82,88,106,110] [4,18,27,64,67,86,90,95] [0,14,33,50,53,80,113,127] [2,18,30,33,36,72,80,108] [28,33,48,54,65,85,86,107] [2,25,28,38,39,42,57,62] [18,44,81,91,95,102,108,110] [3,18,19,34,75,82,110,116] [1,2,19,31,38,50,54,95] [1,40,48,53,65,80,89,115] [1,18,65,75,104,106,117,122] [38,52,63,85,104,110,116,118] [26,31,33,51,82,88,106,110] [4,18,33,44,64,90,95,114] [0,33,47,80,96,102,113,127] [2,18,23,30,31,36,80,127] [16,30,33,65,85,103,107,114] [2,6,32,34,35,38,42,94] [63,91,95,102,106,108,109,125] [3,14,30,73,82,99,110,116] [2,16,33,54,75,77,87,99] [4,40,62,65,80,89,91,115] [11,26,65,68,93,104,107,122] [38,52,55,75,107,110,112,118] [24,26,33,48,51,60,110,121] [4,18,27,53,64,90,103,124] [0,23,33,47,53,96,113,127] [2,23,33,36,72,75,80,127] [21,25,28,33,65,73,107,114] [28,32,42,55,94,112,122,127] [62,63,89,91,102,108,112,125] [14,46,53,55,82,87,110,116] [2,16,33,40,50,54,77,87] [13,54,65,80,89,91,93,115] [11,18,58,68,75,81,82,124] [2,8,14,20,30,77,78,80] [2,16,47,70,80,83,94,96] [5,6,8,39,67,72,94,104] [2,16,77,86,87,92,114,119] [5,76,90,93,97,103,122,123] [14,18,25,44,46,58,74,114]
Token  87: [72,76,95,100,102,110,118,119] [12,64,70,84,94,100,117,122] [38,40,49,77,78,84,99,113] [6,31,68,76,94,97,116,124] [11,19,29,30,85,98,99,115] [4,18,22,33,42,59,66,97] [38,39,56,107,110,112,116,120] [31,33,45,49,82,88,106,112] [18,27,83,84,90,103,114,118] [0,2,49,96,110,124,125,127] [16,26,31,36,61,94,105,127] [3,14,21,30,49,60,61,93] [2,8,21,65,73,75,97,99] [28,33,47,81,91,95,102,108] [4,11,32,55,63,82,110,125] [2,8,16,31,33,38,52,127] [26,42,48,65,83,89,91,115] [1,18,55,72,90,99,122,124] [13,24,34,56,58,105,112,122] [18,24,45,49,59,109,112,123] [5,18,53,57,72,84,114,121] [0,2,9,47,49,96,110,125] [31,36,47,56,61,68,105,127] [3,19,28,30,61,93,103,107] [9,21,35,55,64,73,89,94] [8,38,60,63,73,78,81,91] [4,12,14,32,48,82,107,110] [2,8,16,28,33,59,68,120] [29,48,62,65,83,89,91,97] [11,18,68,75,99,118,122,124] [24,36,44,52,55,58,75,112] [24,33,39,48,59,60,100,109] [18,35,57,72,90,101,103,114] [0,2,23,47,49,96,104,125] [26,31,33,36,68,98,112,127] [3,21,52,54,103,107,114,121] [1,21,33,35,52,56,73,85] [63,78,81,89,91,95,108,125] [4,14,30,32,55,81,82,110] [2,8,16,48,54,59,77,110] [48,54,65,80,85,91,115,122] [11,58,75,80,82,96,104,124] [2,14,15,20,50,53,77,121] [5,18,24,47,56,83,91,96] [6,12,94,104,108,110,114,126] [2,5,65,86,87,110,117,119] [43,71,76,90,93,97,123,125] [14,44,46,65,74,82,109,110]
Token  88: [9,14,31,63,83,89,90,120] [8,34,41,46,49,92,111,122] [53,67,70,72,84,88,104,107] [6,20,37,62,64,76,121,124] [7,11,29,43,76,79,85,106] [18,24,42,47,61,93,97,125] [13,39,41,52,83,105,110,112] [31,33,48,49,51,95,106,110] [11,18,44,66,84,90,121,123] [0,9,23,80,96,98,110,127] [18,31,36,61,69,73,90,94] [21,22,26,28,30,48,61,65] [2,18,25,28,65,73,79,107] [6,13,18,28,78,80,91,119] [10,11,24,48,63,79,110,116] [2,16,21,31,38,85,125,127] [8,42,48,65,89,91,115,124] [1,18,19,49,55,72,122,124] [13,24,44,105,107,112,116,122] [18,24,45,49,59,109,112,123] [5,18,53,57,66,72,84,114] [0,2,9,47,49,50,96,98] [31,36,47,68,69,73,75,90] [3,4,11,26,30,65,103,107] [21,39,65,73,85,89,92,107] [13,29,33,60,78,80,81,91] [4,12,63,82,89,109,110,116] [2,16,21,50,59,75,87,106] [1,28,48,89,91,97,115,122] [13,19,40,49,68,80,99,124] [9,13,55,58,75,107,112,120] [12,24,33,39,45,56,59,60] [5,22,48,53,57,66,90,114] [0,23,33,70,81,92,96,98] [6,36,48,68,73,75,90,118] [3,11,21,26,28,31,52,103] [18,21,28,39,73,75,85,111] [29,33,68,78,80,91,108,125] [11,30,55,97,103,110,113,116] [2,8,16,48,50,84,85,87] [8,14,75,80,89,91,115,122] [18,19,48,53,69,80,93,124] [2,14,21,30,64,68,76,80] [2,24,69,83,94,98,99,100] [0,6,9,19,39,99,104,114] [16,45,65,94,114,117,119,127] [17,43,52,67,90,93,97,125] [0,48,51,54,71,79,83,110]
Token  89: [2,13,14,22,80,84,103,118] [3,8,23,34,58,83,116,122] [9,53,72,100,104,117,122,123] [19,26,29,33,38,64,68,82] [11,29,43,47,76,79,83,91] [18,23,42,47,93,96,107,111] [38,41,42,52,66,75,110,112] [33,39,48,51,60,88,95,110] [18,44,66,80,90,103,109,123] [0,1,14,38,96,98,107,127] [28,69,73,75,90,107,108,126] [11,21,26,60,69,90,107,115] [2,18,39,42,54,79,97,107] [6,13,18,80,91,98,118,121] [3,10,11,34,55,63,79,110] [2,8,16,17,38,50,95,103] [8,42,48,55,78,83,91,98] [1,37,68,69,75,90,99,122] [13,26,38,58,75,104,107,112] [31,33,39,45,48,51,88,95] [5,53,66,90,109,113,114,123] [0,14,23,47,81,92,96,98] [6,7,31,36,50,73,75,90] [4,25,26,28,60,65,103,121] [21,39,54,71,85,92,107,108] [13,29,33,78,80,91,118,122] [2,13,19,27,42,91,110,116] [2,21,50,59,68,75,103,117] [1,34,42,55,73,91,98,107] [4,13,48,69,93,99,104,124] [3,9,13,36,58,88,104,107] [24,33,39,45,56,60,76,125] [5,18,48,53,66,85,90,109] [0,21,53,63,79,81,96,98] [6,36,50,75,90,102,115,118] [1,11,21,26,28,31,65,92] [18,28,39,54,62,73,75,106] [13,30,68,71,83,89,91,125] [19,27,55,82,91,97,103,110] [2,16,44,50,72,99,103,112] [14,55,65,80,91,98,115,119] [37,48,68,69,80,93,95,124] [14,30,33,37,64,68,77,80] [11,30,69,82,83,98,100,124] [6,19,39,73,104,107,108,113] [31,45,94,114,116,117,121,127] [18,35,43,52,67,93,99,125] [0,34,42,51,65,71,79,110]
Token  90: [14,18,51,57,74,103,106,110] [3,9,16,23,48,111,116,122] [10,72,81,90,100,107,122,125] [5,29,37,39,71,97,112,114] [11,23,47,50,56,63,83,89] [4,18,31,47,51,96,105,107] [38,52,63,66,87,110,112,116] [33,44,73,82,94,95,106,110] [18,28,44,67,85,90,109,123] [32,38,44,68,80,102,113,127] [28,30,69,75,98,103,107,123] [9,21,36,53,69,72,108,109] [2,18,25,39,42,68,79,107] [13,18,58,63,66,76,91,118] [3,10,11,19,55,105,110,116] [8,16,17,23,40,72,95,127] [1,14,78,80,83,84,119,126] [1,9,18,34,75,82,100,112] [52,56,63,64,104,105,116,119] [31,33,48,51,82,106,110,112] [35,44,45,61,65,72,86,90] [0,71,76,80,96,98,111,125] [18,56,69,78,90,91,94,98] [23,31,48,54,60,92,96,125] [2,4,23,34,46,65,79,96] [23,58,91,93,104,106,112,125] [3,14,38,57,75,86,109,115] [16,32,40,59,72,75,99,120] [1,14,50,80,83,84,105,119] [1,9,66,72,75,82,103,112] [39,46,56,63,75,104,110,116] [31,33,44,51,82,88,94,110] [9,44,45,61,67,86,90,111] [7,24,49,66,76,80,96,111] [7,30,45,82,85,91,94,103] [4,43,85,99,100,109,120,121] [2,14,33,42,92,108,114,127] [20,27,29,92,104,106,112,125] [3,15,16,38,57,86,109,125] [11,16,32,33,40,72,75,120] [1,12,30,42,48,80,107,119] [1,34,59,72,80,82,88,93] [8,17,27,30,56,70,111,114] [29,41,65,68,80,83,98,101] [5,6,11,25,39,104,108,112] [29,41,45,58,77,110,114,117] [43,46,51,52,63,93,104,125] [28,36,51,58,71,83,110,120]
Token  91: [28,56,64,77,82,91,95,112] [3,8,16,29,48,62,68,122] [4,5,36,56,67,72,76,78] [4,12,24,30,40,62,73,112] [5,7,11,27,50,60,68,77] [1,30,39,74,87,93,96,117] [7,20,46,63,98,104,110,111] [32,44,45,69,73,82,106,110] [3,6,20,43,67,86,90,123] [32,35,51,68,80,102,113,127] [10,18,30,41,50,95,107,109] [0,1,16,25,48,69,108,120] [14,25,30,34,42,47,67,103] [18,29,63,68,76,91,106,109] [3,16,47,53,55,60,71,109] [2,20,31,38,40,72,77,91] [14,18,77,80,84,89,94,115] [1,26,37,46,82,94,99,122] [46,63,64,85,110,112,116,118] [3,33,44,45,73,82,106,110] [3,6,20,33,67,85,86,90] [0,32,35,47,79,80,102,113] [10,23,30,31,36,41,50,127] [1,9,25,31,33,42,92,103] [0,17,19,35,46,47,67,112] [13,63,73,78,91,106,116,125] [14,16,30,53,72,83,109,110] [2,11,68,72,75,77,99,126] [23,42,62,80,89,91,94,98] [26,37,75,93,94,104,122,124] [9,36,52,58,88,110,112,118] [3,24,33,39,45,48,88,106] [0,3,6,13,20,35,85,90] [0,23,32,47,79,104,115,123] [10,23,30,36,41,71,75,80] [1,21,25,31,33,54,85,92] [14,18,19,26,28,42,61,67] [41,63,68,76,89,91,106,125] [3,16,30,47,55,72,102,110] [2,16,40,44,55,77,99,110] [23,60,80,89,91,94,98,115] [26,46,75,93,103,116,122,124] [14,24,30,50,57,68,76,80] [7,12,18,30,74,80,99,100] [5,6,12,39,72,99,104,108] [16,17,19,26,51,109,110,114] [29,30,49,90,93,96,104,125] [0,46,48,51,58,71,83,110]
Token  92: [16,51,53,92,97,104,111,120] [20,24,34,62,76,86,107,122] [10,14,17,72,87,92,116,125] [13,23,29,32,76,89,97,105] [0,11,23,43,74,83,110,114] [1,4,18,24,80,96,97,107] [13,52,62,63,107,110,112,116] [44,50,60,73,82,87,106,110] [18,50,64,67,85,90,114,123] [0,2,32,80,94,107,113,127] [14,30,72,75,78,98,107,108] [1,3,9,21,69,86,115,120] [11,18,25,30,33,39,42,53] [13,18,20,44,63,75,76,91] [10,11,19,63,80,83,110,113] [2,25,38,44,50,60,88,127] [7,40,42,48,62,89,98,115] [1,53,75,80,90,122,123,124] [38,52,58,63,75,110,112,120] [33,45,48,51,56,75,87,93] [5,18,50,64,72,90,114,123] [0,2,23,32,47,79,94,96] [3,6,10,31,36,48,75,127] [1,4,11,33,65,92,107,120] [18,20,30,33,35,39,92,111] [13,34,59,78,91,95,119,122] [2,19,80,83,109,110,113,116] [2,8,11,38,50,59,88,118] [7,25,26,40,87,91,98,107] [22,37,40,53,68,99,120,124] [3,9,36,38,48,52,77,120] [12,33,39,41,47,56,87,125] [5,18,48,50,64,85,90,123] [0,21,38,58,81,92,94,115] [3,10,19,31,36,75,80,92] [1,11,31,92,101,104,107,120] [11,28,35,39,42,53,61,62] [27,44,68,71,75,91,106,125] [2,19,21,55,99,103,110,113] [2,8,16,17,55,84,88,118] [7,14,26,40,78,80,91,115] [49,53,68,75,80,95,103,124] [14,24,30,37,50,76,78,116] [24,56,94,96,98,99,101,124] [6,8,9,12,19,39,104,114] [16,77,92,94,104,110,114,119] [5,43,49,76,90,93,97,125] [0,14,44,46,48,58,74,110]
Token  93: [0,72,76,95,100,102,110,119] [12,62,64,70,94,106,117,122] [40,75,77,78,82,87,93,125] [1,23,33,76,82,103,108,124] [11,29,43,47,74,83,118,120] [4,17,22,33,59,96,103,114] [38,39,41,56,63,93,112,116] [8,24,33,44,45,51,62,123] [5,18,45,56,64,72,90,99] [0,8,49,53,80,92,96,125] [3,9,16,31,57,73,75,107] [1,5,11,15,21,69,120,125] [2,18,21,30,39,66,71,126] [32,33,44,47,58,81,84,91] [3,10,11,17,63,76,110,113] [8,16,21,38,48,52,81,87] [40,48,65,68,89,91,105,115] [1,18,53,86,90,99,123,124] [26,34,38,41,52,58,75,112] [8,33,45,56,62,73,109,112] [5,18,41,53,72,90,101,111] [0,8,23,38,49,96,104,106] [3,16,19,31,36,47,48,57] [4,11,39,52,65,79,92,103] [9,21,35,37,49,85,92,95] [33,47,73,81,91,103,106,125] [2,42,72,91,107,109,110,125] [2,21,27,52,59,84,87,99] [40,46,65,89,91,97,98,113] [13,18,53,89,99,104,120,124] [3,9,34,36,38,55,58,75] [8,33,36,39,56,62,84,125] [5,18,48,53,75,89,90,118] [0,8,15,49,63,70,96,123] [1,3,5,16,36,50,75,92] [5,11,21,28,31,52,108,120] [11,18,28,62,77,78,126,127] [27,53,71,81,89,91,106,125] [2,19,21,29,55,72,103,110] [21,26,44,50,52,55,63,84] [40,46,65,89,91,98,105,115] [18,53,59,72,80,82,100,124] [30,33,39,43,58,66,68,80] [5,10,18,75,94,99,100,101] [6,8,12,26,34,39,104,114] [2,16,92,94,104,110,114,119] [41,44,49,62,84,93,104,125] [27,46,61,65,71,73,109,110]
Token  94: [17,21,34,51,61,63,118,120] [6,15,28,53,61,62,99,111] [8,54,70,72,90,91,94,127] [1,33,37,62,72,76,77,116] [11,22,29,32,83,87,107,119] [18,22,24,34,59,90,96,126] [38,44,63,66,87,110,112,116] [31,33,44,82,88,94,106,110] [18,21,45,57,64,67,90,123] [0,2,21,33,53,80,113,127] [3,16,69,75,78,80,84,94] [21,28,48,50,107,108,120,125] [2,8,28,42,65,85,118,127] [18,58,81,89,91,102,106,108] [3,11,34,75,81,82,109,110] [8,16,33,38,40,87,95,120] [7,40,51,65,83,89,91,115] [1,18,82,90,99,106,117,124] [38,52,75,87,88,110,116,118] [26,39,48,51,56,100,110,112] [4,18,35,44,53,90,95,103] [0,7,33,49,96,104,111,125] [2,3,30,31,33,36,47,94] [29,30,37,50,85,100,107,114] [6,9,34,35,42,46,74,95] [38,71,81,99,102,104,108,125] [6,34,52,75,82,88,107,110] [11,18,44,56,61,91,95,120] [7,45,65,83,85,89,100,115] [18,72,93,103,104,106,117,122] [30,34,38,42,67,75,110,116] [26,36,39,51,60,73,103,110] [9,35,44,46,80,95,103,111] [1,23,24,33,49,96,104,127] [13,30,33,39,45,52,82,108] [4,8,20,29,78,85,107,122] [9,32,42,58,74,87,108,118] [10,20,27,76,91,102,108,125] [30,36,55,82,86,95,110,125] [8,11,33,48,55,75,87,120] [7,14,40,42,48,80,107,115] [1,13,34,49,59,88,104,124] [8,17,25,30,33,56,70,111] [16,24,30,69,80,82,96,101] [5,7,25,34,103,108,112,113] [16,53,92,104,107,110,114,117] [43,44,63,70,74,110,120,125] [0,42,46,51,61,80,99,110]
Token  95: [17,28,34,51,61,62,81,87] [23,46,61,76,99,113,116,122] [9,24,49,56,70,72,73,127] [1,19,37,62,71,76,77,121] [11,22,32,55,57,87,116,119] [4,22,24,43,48,78,97,126] [38,44,52,63,88,110,112,116] [31,33,73,82,94,106,110,123] [4,11,18,27,33,64,67,90] [0,33,50,53,58,80,113,127] [3,16,30,36,72,75,80,108] [1,33,65,85,92,107,117,120] [28,35,38,42,57,62,92,94] [18,47,73,81,91,95,102,108] [11,18,34,63,81,82,110,116] [2,8,33,38,50,84,87,95] [40,48,65,74,80,89,115,122] [0,18,65,104,106,117,122,124] [38,52,67,75,88,110,116,118] [3,26,45,48,51,87,93,110] [4,5,18,27,64,90,95,103] [0,23,33,47,79,104,113,127] [2,15,31,33,36,75,80,94] [30,33,65,85,92,103,107,114] [6,9,35,64,85,92,94,122] [38,63,71,73,78,81,91,95] [3,14,30,76,82,107,110,116] [2,8,16,33,50,59,84,87] [40,62,65,89,91,98,100,115] [11,65,68,75,93,104,120,122] [36,38,52,55,67,75,88,110] [3,26,31,39,48,51,110,121] [5,18,27,64,79,90,105,124] [0,23,33,53,79,94,96,104] [2,23,30,31,33,36,45,80] [15,31,33,37,65,96,107,114] [1,28,35,42,62,92,94,122] [63,89,91,95,102,108,122,125] [14,30,55,72,81,82,110,116] [2,8,16,33,50,77,84,87] [48,65,80,89,91,111,115,122] [11,18,37,73,75,82,100,124] [0,2,8,14,20,30,76,78] [16,24,47,70,72,75,80,96] [5,8,39,67,94,104,108,113] [2,16,77,86,92,114,117,119] [5,46,64,76,90,103,122,123] [14,25,44,46,58,74,82,93]
Token  96: [72,76,95,100,102,110,118,119] [12,64,70,84,94,106,117,122] [38,40,49,77,84,93,99,113] [6,31,68,76,94,97,116,124] [11,19,29,30,85,98,99,115] [4,9,18,22,33,42,59,66] [38,39,56,88,107,110,112,116] [31,33,45,49,82,88,106,112] [18,45,53,57,83,84,90,114] [0,2,49,96,110,124,125,127] [3,16,31,36,69,92,98,107] [1,3,61,92,93,103,120,125] [2,15,21,39,65,73,96,99] [28,47,58,73,78,81,91,95] [11,20,32,63,81,82,110,116] [2,8,16,33,38,41,52,127] [40,42,48,65,83,89,115,119] [1,18,55,72,75,90,99,122] [24,38,56,88,105,112,118,122] [8,18,45,49,59,109,112,123] [5,18,41,53,57,72,84,114] [0,2,47,49,96,104,110,125] [31,36,47,56,61,68,75,127] [19,24,30,35,61,92,103,107] [9,21,35,55,75,85,89,94] [38,60,63,73,81,91,95,104] [14,32,48,76,88,99,107,110] [2,8,16,28,44,59,68,120] [34,36,62,65,83,91,97,115] [11,18,65,68,72,93,99,122] [24,26,34,52,58,63,75,88] [33,48,51,60,73,103,106,112] [5,9,18,27,46,72,84,90] [0,2,23,49,69,79,96,104] [7,30,33,36,39,45,75,112] [4,8,21,29,37,78,114,121] [1,6,26,42,52,74,92,108] [10,20,34,52,89,91,95,125] [3,14,32,81,82,109,110,125] [2,8,16,17,55,75,77,83] [42,48,54,65,91,94,107,115] [11,37,59,80,85,93,96,124] [14,20,30,50,52,53,68,69] [5,10,16,47,56,75,83,94] [5,11,39,94,104,108,110,114] [2,5,47,65,83,86,92,94] [1,10,35,43,45,76,104,123] [31,42,65,71,109,110,119,127]
Token  97: [21,32,46,63,71,93,107,120] [46,49,53,83,106,111,116,122] [60,84,88,111,116,117,122,125] [1,10,26,64,76,106,121,124] [2,11,29,30,76,79,91,118] [24,31,78,82,102,111,125,126] [13,38,42,52,63,104,110,112] [26,33,48,60,82,92,95,106] [18,27,44,64,90,99,103,123] [0,2,23,33,43,48,96,127] [31,36,69,73,94,107,108,123] [1,9,21,26,48,58,69,107] [2,25,39,60,65,69,71,92] [6,18,20,58,79,91,95,121] [3,4,11,19,63,81,109,110] [2,8,16,25,31,38,87,90] [4,14,40,42,65,89,91,115] [1,18,37,45,53,72,75,82] [13,38,44,58,63,87,107,112] [26,31,33,45,60,72,95,123] [5,22,45,53,64,90,101,114] [0,2,33,43,51,56,106,123] [3,6,29,31,36,75,80,122] [20,25,31,33,58,92,103,107] [20,21,35,39,69,92,118,122] [29,52,61,78,91,95,99,122] [19,24,81,92,101,109,110,125] [2,21,59,84,87,90,100,118] [4,34,40,53,91,98,100,107] [13,22,37,45,99,104,120,124] [3,9,36,38,48,94,104,107] [25,39,56,60,72,76,95,102] [5,10,18,50,85,90,99,101] [21,33,43,53,63,69,81,123] [3,5,42,75,80,92,102,118] [33,58,65,76,101,104,107,121] [11,20,28,36,42,92,111,122] [34,52,61,71,73,89,91,95] [19,55,81,91,92,101,109,110] [0,8,16,25,55,84,87,90] [4,35,65,91,98,100,111,115] [45,53,72,80,85,93,99,124] [4,25,30,50,59,66,68,114] [2,18,65,75,94,96,99,113] [5,42,54,62,104,108,113,114] [48,51,63,88,92,94,121,127] [26,33,44,51,54,67,74,84] [17,34,46,54,55,71,104,110]
Token  98: [21,28,34,61,62,63,73,87] [23,46,53,58,99,116,122,123] [8,9,53,54,60,70,72,127] [1,2,19,23,38,64,106,124] [2,7,11,22,64,76,79,105] [22,24,34,82,96,122,125,126] [38,41,42,52,88,110,112,116] [31,33,48,51,56,60,94,95] [11,15,18,27,36,64,90,124] [0,1,33,51,53,104,113,127] [30,31,64,73,75,107,108,113] [1,8,26,33,69,85,86,120] [11,28,30,39,42,97,108,118] [6,18,20,58,71,91,95,102] [3,11,18,55,81,110,111,116] [2,8,16,31,38,81,87,95] [7,44,48,54,65,83,111,115] [1,18,37,49,63,65,68,122] [38,52,63,67,75,88,110,112] [26,33,45,48,51,56,93,95] [5,18,27,53,90,95,114,124] [0,16,23,47,53,79,96,104] [6,15,23,31,36,48,75,94] [1,4,11,25,33,65,92,103] [21,35,38,39,92,94,108,118] [29,63,78,81,91,95,109,122] [4,14,18,81,86,103,109,110] [2,8,16,59,87,107,117,122] [34,44,48,54,62,65,91,111] [37,65,68,75,104,108,120,122] [24,36,52,75,88,107,112,122] [24,33,39,48,49,51,59,88] [5,18,27,48,84,90,105,114] [0,16,41,47,53,79,96,123] [31,33,36,48,68,75,98,127] [1,3,8,21,31,65,92,103] [21,26,39,73,75,94,108,118] [63,81,91,95,97,102,110,122] [3,4,14,24,55,76,81,110] [2,8,16,17,31,59,87,122] [27,48,54,65,89,91,111,115] [49,63,65,85,93,111,123,124] [20,30,63,66,69,109,113,116] [24,46,47,56,75,83,84,96] [5,9,12,67,94,102,104,110] [5,18,54,77,82,86,87,95] [1,5,37,71,76,90,97,123] [14,23,25,44,58,74,82,92]
Token  99: [40,43,65,72,73,98,100,122] [18,62,70,94,100,113,122,127] [38,40,57,84,88,99,113,123] [2,6,31,71,73,84,95,124] [7,11,52,76,81,85,106,115] [8,37,59,61,64,66,97,125] [8,24,34,56,63,83,105,112] [18,24,31,49,59,100,109,112] [9,18,57,65,72,81,84,121] [0,9,49,96,104,110,122,125] [26,31,36,47,61,68,78,105] [7,24,30,54,61,93,103,125] [9,15,35,56,65,73,75,99] [6,15,26,28,33,58,77,110] [4,17,20,32,48,81,110,115] [2,8,16,41,52,85,93,101] [8,65,73,81,83,89,115,124] [18,19,33,41,42,55,99,105] [24,63,81,105,107,112,122,126] [18,24,45,49,59,62,112,123] [18,41,53,57,72,81,84,121] [0,9,49,50,96,110,122,125] [26,31,36,47,56,61,68,90] [3,19,24,30,61,93,103,107] [15,21,35,82,89,94,96,99] [15,28,38,58,60,78,91,110] [4,12,14,20,32,48,55,81] [2,8,16,52,59,85,101,120] [39,62,65,81,83,91,103,115] [18,19,21,42,55,105,108,118] [24,26,44,58,63,75,112,126] [18,24,49,59,75,106,109,112] [18,65,72,90,101,111,114,121] [0,16,49,96,98,104,122,125] [26,31,36,56,68,78,90,98] [1,3,23,24,54,93,103,125] [21,23,35,54,73,96,99,108] [15,26,31,33,58,78,91,110] [3,4,14,17,55,81,100,104] [2,16,52,59,70,101,122,127] [48,54,65,76,81,89,105,115] [1,21,48,55,73,82,105,123] [14,31,32,43,52,64,113,115] [31,37,46,77,78,88,104,120] [6,53,69,73,90,98,102,104] [22,27,32,38,54,87,101,114] [34,52,55,60,63,98,125,127] [20,57,73,74,77,86,105,109]
Token 100: [11,16,45,46,72,85,100,114] [15,18,21,64,70,119,122,127] [25,38,40,45,82,93,95,99] [6,25,31,72,75,84,115,124] [11,32,52,63,73,81,85,115] [22,25,37,59,61,64,66,73] [24,27,34,35,53,63,70,105] [18,24,49,59,75,101,109,112] [9,16,18,57,65,72,84,121] [0,9,49,50,96,98,110,122] [26,31,47,61,68,78,90,105] [1,24,49,54,61,93,103,125] [9,15,23,35,56,64,65,99] [0,15,19,26,33,80,110,118] [1,4,20,32,67,81,100,110] [8,41,49,52,59,93,101,120] [65,73,81,83,89,99,105,115] [18,19,21,33,41,42,55,83] [24,34,63,70,71,78,81,126] [24,30,49,59,62,101,106,112] [16,35,38,41,72,81,84,121] [0,49,96,98,104,110,122,125] [26,31,36,45,47,56,61,90] [3,23,24,49,54,59,61,103] [15,21,23,35,64,65,96,99] [0,15,19,26,28,73,81,110] [4,32,48,81,89,100,107,110] [2,16,41,49,51,52,59,120] [34,39,65,82,83,89,103,115] [1,18,21,41,55,88,93,118] [24,26,44,47,58,81,88,126] [24,33,49,59,106,109,112,123] [15,18,35,46,65,72,101,121] [0,13,49,69,79,98,104,125] [26,30,36,68,84,90,98,112] [3,15,21,23,53,54,64,125] [23,33,41,54,64,65,73,85] [0,1,20,26,78,91,110,117] [1,4,12,55,81,98,100,125] [2,26,49,51,75,83,120,127] [34,42,46,48,76,81,89,107] [1,21,34,59,73,80,82,88] [14,17,35,43,56,111,115,116] [30,38,46,58,82,83,92,115] [5,6,9,30,90,94,102,104] [29,54,71,77,107,110,114,121] [16,27,34,38,76,93,100,125] [3,20,44,53,58,87,102,105]
Token 101: [30,32,58,72,85,88,109,121] [1,15,62,64,65,87,122,125] [3,25,31,39,82,85,95,109] [4,23,37,72,75,81,84,115] [11,26,30,50,52,53,64,126] [8,17,37,59,63,64,68,103] [24,26,27,34,56,63,71,107] [9,18,24,59,75,100,109,112] [18,38,57,65,72,77,114,127] [0,7,19,49,82,96,98,122] [26,27,31,68,69,78,90,112] [3,7,28,30,48,54,59,63] [2,8,23,35,56,65,79,105] [0,26,33,58,83,91,118,122] [1,15,17,42,81,92,100,110] [2,8,32,49,59,70,93,120] [0,1,42,65,81,89,105,115] [18,21,33,55,82,83,88,90] [24,26,34,47,63,104,107,126] [6,24,59,62,75,106,109,112] [9,35,38,66,72,81,101,114] [0,10,49,50,85,96,98,122] [16,26,31,36,47,68,78,90] [3,26,32,54,59,63,95,103] [21,23,28,64,73,79,96,107] [26,33,61,78,82,83,110,118] [3,4,10,63,66,81,89,110] [0,2,16,41,70,120,125,127] [48,65,81,82,89,91,100,115] [1,4,18,55,82,90,99,123] [24,39,56,58,107,112,122,126] [3,31,33,39,59,62,75,100] [18,22,35,36,53,72,90,114] [0,13,23,65,96,98,111,122] [16,19,36,50,55,68,69,90] [3,5,25,48,52,54,62,63] [2,21,23,24,34,52,73,127] [26,33,61,78,82,91,92,93] [3,14,15,38,55,73,81,92] [2,16,25,40,77,89,106,125] [0,30,35,76,82,94,100,115] [11,57,75,80,81,82,99,124] [14,23,47,58,70,80,111,116] [5,41,58,72,80,82,98,120] [6,19,52,62,70,94,98,104] [22,32,45,54,65,99,110,114] [3,26,32,52,74,93,94,125] [4,39,42,53,58,72,107,116]
Token 102: [6,46,48,49,52,78,117,127] [5,28,31,63,71,85,89,122] [4,5,6,36,46,49,60,111] [3,4,14,24,45,49,60,86] [11,30,37,50,52,57,60,101] [8,18,31,63,74,93,103,112] [44,46,63,71,87,104,107,116] [9,24,44,59,82,88,100,106] [38,45,53,57,72,86,87,90] [0,7,17,49,64,80,82,96] [18,43,55,68,69,71,91,94] [3,18,25,28,48,63,95,99] [2,4,8,34,56,64,65,127] [26,40,42,82,83,91,106,112] [3,15,22,55,57,107,110,115] [16,17,32,40,49,80,89,120] [1,14,50,80,83,84,94,115] [1,9,18,26,75,82,103,112] [34,39,41,44,56,63,104,116] [24,33,51,59,75,88,100,110] [35,38,44,45,72,86,111,116] [0,10,49,76,80,96,111,122] [7,23,30,69,71,86,94,98] [21,22,60,67,85,96,99,125] [2,9,14,17,26,34,46,65] [42,82,91,92,104,106,112,125] [3,8,15,30,57,102,110,115] [0,16,32,37,40,75,120,125] [1,48,80,83,89,93,105,115] [9,26,72,75,82,93,103,112] [22,44,56,63,87,88,104,116] [24,33,44,51,82,84,88,123] [9,35,45,61,67,86,90,100] [7,23,24,66,80,96,104,111] [7,13,33,45,82,85,91,94] [4,37,85,94,99,100,115,121] [2,14,33,36,39,108,114,127] [20,27,91,92,104,106,112,124] [3,15,30,38,55,102,109,125] [11,16,32,40,63,75,89,125] [1,30,35,42,46,48,105,107] [26,34,39,59,82,88,100,105] [4,8,17,25,30,56,70,111] [18,41,69,74,80,82,98,99] [5,6,11,23,42,62,103,104] [26,29,48,76,77,88,114,117] [18,26,43,46,54,63,90,94] [0,17,23,39,42,53,80,119]
Token 103: [0,4,24,28,33,38,89,117] [2,24,31,33,68,90,109,122] [4,5,41,46,49,56,60,78] [4,36,45,60,86,99,104,114] [7,11,37,52,60,64,108,126] [0,8,31,39,63,74,75,114] [22,39,46,64,71,103,104,108] [7,9,33,44,59,82,88,113] [45,61,67,86,90,94,118,123] [0,7,8,67,80,82,92,96] [7,21,66,71,82,85,91,94] [25,48,60,73,95,96,99,100] [2,4,8,14,85,91,111,127] [18,34,62,87,91,92,106,112] [3,15,24,38,55,57,102,109] [16,32,40,49,75,89,120,125] [1,14,24,76,80,84,94,115] [1,9,18,36,49,75,81,82] [22,44,46,63,87,103,104,118] [9,24,31,33,44,59,88,94] [18,45,61,86,90,100,114,118] [0,7,17,47,80,82,96,111] [7,23,36,71,82,85,91,94] [9,22,25,31,48,73,99,100] [2,4,25,36,73,111,114,127] [2,29,63,73,82,91,106,112] [3,14,15,38,71,73,102,107] [16,26,32,40,75,120,125,126] [1,11,27,93,100,113,122,127] [68,82,92,93,94,104,120,122] [38,39,44,63,87,104,112,116] [24,31,33,44,84,88,94,123] [35,45,61,86,90,94,100,118] [0,7,23,47,65,80,82,96] [23,36,71,82,85,88,94,127] [15,25,30,31,73,99,100,108] [2,14,29,33,73,111,114,127] [34,82,91,92,106,112,124,127] [3,15,19,24,38,55,73,109] [16,25,32,40,89,120,125,126] [1,65,76,91,93,94,100,115] [26,36,49,75,81,82,93,100] [14,23,30,47,66,69,70,86] [5,24,46,56,75,80,99,120] [6,11,70,94,98,99,104,108] [2,10,12,22,26,37,54,117] [5,26,55,60,93,104,125,127] [15,21,44,58,74,82,98,116]
Token 104: [24,27,38,56,66,72,95,122] [2,14,45,56,62,64,96,122] [10,48,56,60,82,83,95,103] [3,5,20,34,45,73,86,118] [11,26,37,60,61,64,73,126] [8,31,39,46,63,75,100,103] [22,39,44,56,63,104,118,124] [9,24,31,33,44,59,82,88] [18,45,57,61,83,86,90,100] [0,7,17,35,49,80,96,111] [21,31,71,82,85,91,94,103] [30,48,54,60,75,81,99,100] [2,8,14,26,41,73,75,127] [2,33,62,63,82,91,106,112] [3,11,15,38,55,63,92,109] [2,16,32,40,79,89,125,126] [1,24,30,48,76,84,91,115] [1,9,18,26,36,82,90,122] [22,39,58,63,87,104,118,126] [2,31,33,59,82,88,100,123] [18,35,45,61,83,90,100,114] [0,7,17,47,65,80,96,111] [7,36,82,85,88,94,103,127] [3,30,31,48,54,75,99,100] [2,18,35,41,52,73,92,114] [2,26,33,73,82,83,91,110] [3,4,15,30,89,107,109,110] [2,16,26,32,41,75,79,126] [1,48,91,98,100,113,115,122] [26,46,68,82,89,92,120,122] [22,34,58,63,104,107,112,126] [2,21,33,48,59,75,100,123] [5,18,35,45,53,90,100,114] [0,7,17,47,49,65,96,111] [36,68,75,82,85,88,94,103] [3,30,52,60,62,75,99,100] [2,14,18,21,39,71,73,92] [33,76,82,83,91,106,110,112] [3,4,15,38,55,63,71,72] [2,16,17,32,40,121,125,126] [11,30,48,76,80,91,94,115] [9,26,36,46,73,81,82,103] [14,24,52,68,69,70,116,125] [12,19,56,75,83,120,121,122] [6,11,16,27,88,94,99,104] [5,17,22,32,37,45,95,117] [5,29,30,52,60,81,98,127] [15,44,58,74,82,109,111,127]
Token 105: [18,72,76,95,100,102,110,119] [12,31,64,70,96,100,117,122] [30,38,41,77,78,82,99,125] [13,20,25,34,73,82,101,116] [11,32,50,52,85,92,99,126] [17,33,37,59,64,75,103,104] [24,26,34,35,56,63,71,107] [2,8,18,24,33,59,62,109] [38,53,57,61,72,90,102,127] [0,17,49,82,85,87,96,111] [16,26,31,43,57,68,69,85] [3,20,28,30,48,54,59,60] [2,8,21,56,65,73,75,105] [26,33,78,82,91,103,106,110] [3,11,38,55,67,86,110,115] [8,16,31,40,49,52,59,120] [11,24,65,81,89,103,105,115] [1,18,55,68,80,82,99,122] [13,24,63,87,107,112,122,126] [24,45,56,59,62,88,100,112] [5,9,17,18,22,53,57,114] [0,2,47,49,50,55,106,122] [9,16,19,31,36,75,94,103] [3,4,15,25,52,54,63,103] [21,23,28,35,59,73,75,92] [26,31,33,52,61,78,81,91] [1,4,42,63,67,81,92,105] [0,2,21,25,41,52,79,122] [11,42,48,70,82,89,91,122] [37,50,68,73,80,99,120,124] [3,22,26,58,77,107,112,122] [2,8,24,29,44,56,62,104] [5,18,53,90,100,108,114,118] [0,2,6,51,53,55,58,87] [3,6,16,31,36,67,68,121] [5,15,31,52,60,62,103,108] [18,20,21,28,39,59,73,77] [47,52,72,78,81,82,91,110] [1,31,32,38,55,72,89,92] [0,16,25,26,41,48,52,118] [11,26,35,76,89,91,115,122] [6,10,34,37,80,82,100,124] [4,14,30,47,50,66,69,109] [2,18,75,91,96,98,106,120] [6,11,16,62,70,99,104,114] [16,29,48,52,77,90,95,114] [43,46,54,76,81,104,106,125] [8,39,42,46,53,65,109,110]
Token 106: [25,32,46,48,49,58,72,78] [2,9,12,31,34,93,96,122] [14,51,77,82,90,100,115,125] [13,20,34,73,101,115,116,125] [11,23,50,63,73,83,85,113] [18,31,68,75,103,105,107,122] [22,26,34,39,44,56,63,127] [2,9,31,33,50,51,88,123] [18,35,44,45,61,72,86,90] [0,17,50,65,80,85,96,111] [18,26,31,68,69,85,88,103] [14,28,30,48,54,60,69,109] [2,21,23,73,75,85,112,125] [2,33,82,83,91,103,106,113] [3,11,38,55,63,105,110,115] [16,17,32,40,49,72,79,120] [11,30,48,89,91,105,115,119] [1,18,55,82,90,99,112,122] [13,26,58,63,112,116,126,127] [2,33,45,59,62,75,88,123] [5,17,18,35,53,57,72,114] [0,2,47,49,50,65,98,122] [16,19,31,36,68,69,75,85] [3,25,30,54,63,90,103,109] [21,23,24,35,73,75,79,125] [26,33,73,78,82,91,110,118] [4,24,63,76,105,109,110,115] [2,16,38,59,72,75,79,120] [1,11,48,89,91,103,119,122] [13,18,66,80,89,99,120,124] [34,44,58,107,112,122,126,127] [2,33,45,48,59,75,100,121] [5,17,18,29,35,53,90,114] [0,17,23,49,65,96,99,111] [6,19,31,36,68,69,85,121] [3,52,54,60,63,90,103,109] [2,21,23,35,39,71,73,125] [33,78,82,83,91,93,106,110] [3,38,55,63,66,98,105,115] [2,16,32,40,49,72,89,121] [1,11,48,76,91,105,115,119] [1,9,73,80,82,90,93,112] [14,23,25,27,80,92,98,115] [5,29,37,46,83,91,101,120] [6,19,48,94,98,104,107,108] [2,22,27,32,45,54,77,114] [52,60,63,97,98,101,125,127] [18,20,33,58,73,74,86,97]
Token 107: [0,6,40,49,50,72,75,89] [19,28,33,64,73,77,122,123] [2,46,60,78,104,107,111,127] [15,20,24,68,74,100,103,124] [7,11,37,46,50,53,60,113] [18,20,63,75,84,103,104,110] [41,44,56,63,77,87,104,127] [2,9,31,32,33,82,88,100] [17,18,45,57,61,86,90,98] [0,7,17,49,80,82,96,111] [19,36,43,55,69,85,94,126] [18,30,48,59,60,81,90,93] [2,8,24,39,73,75,125,127] [2,33,63,82,83,91,103,106] [3,11,14,33,38,55,63,115] [2,16,32,40,72,80,89,119] [11,48,82,89,91,105,106,115] [1,18,39,82,90,99,112,122] [44,58,87,107,112,118,122,127] [2,33,45,56,59,75,100,123] [5,17,35,53,57,61,98,114] [0,7,47,49,50,96,111,122] [15,31,36,47,55,68,85,127] [3,30,48,54,56,65,99,103] [20,21,24,26,35,36,64,75] [2,47,63,73,78,91,106,110] [4,14,30,63,89,107,110,115] [0,2,16,37,44,48,59,72] [11,48,65,82,91,100,101,103] [18,39,68,89,93,104,122,124] [34,44,52,87,112,122,126,127] [2,24,33,45,59,75,100,123] [15,17,18,35,53,57,90,114] [0,7,23,31,47,49,96,111] [31,36,55,68,75,82,118,127] [3,9,22,37,54,99,103,104] [18,21,24,35,52,73,75,125] [61,63,87,89,91,92,93,110] [14,15,33,38,55,92,107,115] [0,2,16,25,26,32,80,89] [1,35,76,82,91,100,105,115] [1,18,39,73,82,93,99,124] [4,14,17,58,80,92,111,115] [5,37,41,69,82,83,98,120] [6,9,11,62,64,98,104,107] [2,32,45,53,77,88,114,117] [1,26,35,43,54,63,79,125] [0,17,39,42,53,61,80,96]
Token 108: [4,18,28,33,46,89,103,124] [9,16,28,33,49,54,73,122] [10,36,42,46,72,97,107,115] [9,24,36,39,74,99,100,114] [7,11,50,53,55,60,100,119] [18,20,31,75,83,102,104,110] [20,44,63,77,87,104,124,127] [7,31,32,33,56,76,82,106] [13,17,61,67,90,92,113,123] [7,35,44,80,82,92,96,111] [36,55,71,82,85,94,103,126] [18,25,43,48,60,90,99,100] [2,8,24,26,39,46,75,127] [2,18,45,63,73,92,106,112] [3,14,38,55,76,92,94,115] [16,32,40,75,89,119,120,121] [11,24,30,65,75,80,83,115] [1,9,18,36,37,80,82,112] [39,52,63,87,104,116,118,127] [2,31,32,33,48,51,88,110] [17,22,35,45,61,90,111,114] [0,7,47,80,82,96,99,111] [7,18,36,55,85,94,126,127] [25,43,48,54,60,99,107,120] [2,9,33,35,36,46,64,127] [2,61,63,91,106,110,112,125] [3,14,27,30,76,92,107,115] [0,16,37,40,59,75,84,120] [14,19,35,46,80,83,100,101] [9,18,72,82,93,103,112,122] [38,52,63,75,87,104,116,127] [31,33,44,48,51,94,103,110] [9,15,17,22,35,61,86,113] [7,23,24,49,80,96,104,111] [20,30,33,45,82,85,94,126] [4,8,25,85,92,99,120,121] [2,9,33,36,46,74,108,127] [20,52,89,92,93,106,112,125] [14,15,27,53,73,92,115,125] [0,25,32,49,63,75,89,121] [1,28,35,42,46,69,100,115] [18,26,54,73,80,82,93,99] [4,10,14,17,25,30,69,70] [24,37,41,61,69,75,82,83] [9,11,19,42,62,82,104,114] [32,43,48,67,77,88,114,117] [26,33,54,63,90,93,104,125] [6,17,18,23,39,53,80,96]
Token 109: [0,4,9,18,24,38,117,118] [21,33,49,54,73,76,77,122] [12,42,56,57,60,97,104,127] [9,24,46,70,74,91,100,123] [7,11,12,32,46,60,65,124] [18,20,31,75,93,104,109,110] [63,64,66,87,104,119,124,127] [1,7,32,33,52,82,88,106] [5,13,17,32,61,67,92,123] [7,17,21,35,68,80,82,92] [7,54,66,71,82,85,94,126] [17,25,60,73,90,99,100,121] [2,4,8,39,46,47,92,127] [2,29,62,63,92,93,106,112] [3,14,38,42,55,76,94,115] [2,16,32,40,75,89,119,120] [1,11,39,65,75,80,83,108] [1,9,18,36,46,82,112,122] [22,44,63,87,104,118,119,127] [2,31,32,33,44,82,88,123] [5,13,17,22,61,90,92,114] [0,7,21,47,80,82,96,111] [7,23,36,71,85,94,126,127] [17,25,30,43,60,99,107,121] [2,8,22,39,46,75,92,127] [2,29,47,63,78,91,106,112] [3,4,14,15,55,76,86,115] [2,16,32,40,75,117,120,126] [1,11,39,48,65,89,91,100] [18,37,73,82,93,104,112,122] [52,63,87,104,107,112,122,127] [2,31,32,33,45,48,73,123] [15,17,35,53,61,90,105,114] [0,7,23,31,47,49,96,111] [23,36,71,82,85,94,126,127] [17,22,25,31,55,60,73,99] [18,29,46,47,73,75,92,127] [27,63,73,87,91,92,93,112] [14,15,55,72,76,83,110,115] [2,16,32,89,110,117,121,125] [39,65,75,76,91,97,100,115] [18,46,49,73,75,81,82,93] [14,17,50,69,77,83,92,114] [12,24,56,69,75,82,83,120] [8,9,11,16,41,94,99,104] [2,22,29,32,38,77,95,114] [5,63,71,81,90,97,106,125] [6,20,44,58,73,74,82,92]
Token 110: [46,47,72,100,102,108,119,127] [49,64,70,77,96,111,122,127] [40,72,75,82,93,95,99,125] [34,49,74,82,103,110,116,124] [11,48,52,73,85,113,114,118] [18,31,33,59,75,103,104,109] [44,56,63,70,71,87,112,127] [8,9,24,45,59,62,109,123] [17,38,57,61,72,89,90,99] [0,7,49,50,80,96,111,125] [16,26,31,47,57,68,78,85] [3,26,30,59,60,90,99,125] [2,4,21,35,56,65,73,127] [0,26,47,58,78,81,91,106] [11,17,81,100,107,110,115,125] [2,25,31,41,49,52,89,120] [50,62,65,81,89,103,105,115] [1,18,21,33,55,72,82,99] [24,34,44,70,88,112,126,127] [6,8,30,73,106,109,112,123] [31,38,41,53,57,65,93,124] [0,10,47,49,50,98,106,125] [16,23,31,36,47,57,58,68] [30,37,54,59,78,88,99,103] [9,21,35,46,64,82,89,127] [47,70,73,78,81,99,104,110] [1,14,42,88,92,107,115,125] [2,11,41,52,53,76,112,120] [50,65,67,89,91,100,113,115] [18,23,71,72,86,93,113,122] [26,34,52,59,70,75,80,113] [6,30,36,43,73,103,106,117] [9,14,15,31,41,46,93,103] [10,23,49,54,57,78,80,96] [7,39,45,47,65,101,112,119] [4,21,29,37,64,78,107,126] [9,22,42,46,74,95,108,123] [12,20,27,91,92,101,104,124] [1,19,30,36,37,76,107,125] [8,11,41,47,69,75,91,120] [1,4,42,48,75,98,107,115] [13,18,34,59,72,86,88,123] [8,9,17,25,47,56,66,111] [69,72,74,80,82,83,90,99] [5,7,9,25,42,51,103,112] [16,29,38,40,73,77,107,110] [26,41,46,70,74,106,116,120] [2,39,46,48,65,76,101,110]
Token 111: [25,28,32,33,37,72,78,124] [4,26,28,46,73,122,124,126] [34,36,60,89,91,95,103,127] [17,34,47,79,94,100,101,110] [7,11,28,34,53,60,114,126] [18,31,58,84,103,104,109,127] [44,63,70,87,107,111,112,127] [7,28,32,61,82,100,106,123] [17,22,41,45,53,57,72,90] [0,2,7,49,80,82,85,96] [3,16,26,31,47,57,68,85] [3,7,28,54,56,60,99,103] [2,4,21,35,64,65,89,94] [0,33,45,47,78,81,91,103] [1,22,26,38,63,81,115,125] [2,16,31,32,41,51,52,93] [5,33,35,62,65,89,97,115] [18,37,54,58,59,77,82,122] [24,26,44,58,87,89,107,127] [8,43,45,56,62,92,100,123] [16,17,41,45,53,57,72,114] [0,2,10,31,47,49,50,106] [16,23,31,33,36,47,55,68] [25,30,39,52,59,60,88,103] [9,21,35,36,64,71,89,94] [0,33,47,63,73,78,81,91] [1,4,14,55,73,107,110,115] [2,16,41,52,58,59,79,87] [48,62,65,89,91,97,100,103] [11,18,59,73,80,89,99,122] [24,26,34,77,107,112,122,127] [18,33,45,56,100,109,114,123] [2,17,41,53,57,70,90,114] [0,2,31,47,49,80,96,111] [5,16,31,33,36,68,94,112] [3,21,31,40,52,60,99,104] [2,18,21,49,73,75,94,123] [47,63,78,91,92,106,119,122] [3,14,26,38,55,76,81,115] [2,8,16,17,32,41,48,110] [5,54,65,76,89,91,115,122] [3,18,54,73,75,82,93,100] [8,14,33,52,66,69,77,113] [24,56,75,80,82,83,94,120] [8,9,16,25,42,67,94,99] [2,38,52,54,77,87,95,117] [5,9,71,76,81,90,106,125] [18,25,44,48,58,74,93,122]
Token 112: [40,51,84,92,98,99,100,119] [30,38,73,84,89,97,122,127] [40,49,77,82,89,93,99,125] [20,23,68,79,88,94,95,124] [11,48,52,53,67,98,99,118] [31,33,42,75,84,103,104,110] [22,24,56,63,87,107,112,127] [2,24,31,33,62,75,100,123] [16,17,45,53,61,80,90,113] [0,2,7,49,80,96,111,122] [16,31,36,57,69,78,85,126] [28,30,54,60,65,93,99,103] [2,21,23,35,39,73,75,127] [2,26,33,47,63,78,91,106] [4,11,14,32,55,63,110,115] [2,16,32,38,40,41,52,72] [11,39,65,89,91,108,115,122] [1,18,46,55,82,90,99,122] [24,44,58,87,107,112,122,127] [2,18,33,59,75,100,112,123] [5,17,35,41,53,57,72,114] [0,7,47,49,50,111,122,125] [16,31,36,47,68,85,126,127] [1,3,30,54,60,63,65,103] [9,21,26,35,59,64,75,94] [2,26,47,73,77,78,81,91] [4,14,32,55,63,107,110,115] [2,16,32,37,38,41,59,120] [11,48,62,65,91,101,103,122] [11,18,75,80,89,118,120,122] [24,34,41,52,112,122,126,127] [18,33,48,59,75,100,103,109] [5,18,35,41,53,57,90,114] [0,31,47,49,65,90,96,122] [3,26,31,36,68,75,112,127] [3,33,37,52,54,93,99,103] [18,21,35,39,52,73,75,94] [2,33,63,71,76,91,110,112] [4,14,15,32,55,81,110,115] [2,8,16,17,32,40,110,120] [11,39,54,60,75,91,115,122] [17,18,36,46,73,81,82,103] [2,14,17,24,52,68,69,74] [12,19,31,56,75,83,96,120] [6,8,11,16,88,94,99,104] [5,17,22,38,46,63,87,95] [5,29,30,39,71,81,105,122] [15,44,74,82,92,109,111,127]
Token 113: [13,26,65,72,96,98,100,108] [50,61,70,94,100,122,124,127] [49,53,82,84,88,93,95,99] [20,49,61,68,94,95,123,124] [11,48,50,52,79,85,106,113] [22,31,42,59,66,75,103,104] [22,35,56,63,105,112,126,127] [2,9,24,31,33,49,50,100] [17,36,44,61,80,90,113,114] [0,26,65,71,85,87,96,111] [16,26,31,36,69,73,85,90] [26,28,30,48,60,72,93,103] [2,9,21,35,52,73,75,89] [26,33,47,78,80,82,91,103] [12,20,32,38,63,110,115,125] [2,16,17,40,49,52,72,125] [11,26,65,89,91,108,115,122] [1,18,55,72,82,90,99,122] [24,26,35,58,112,122,126,127] [18,24,45,56,59,75,112,123] [5,18,41,53,57,66,72,114] [0,2,49,50,96,98,111,122] [3,19,31,36,47,57,68,90] [1,3,26,54,63,65,93,103] [21,23,35,59,64,75,89,92] [26,33,60,73,78,81,91,118] [4,61,63,72,76,81,107,110] [2,8,11,41,51,52,75,120] [11,28,34,65,89,91,103,122] [3,13,18,68,89,118,120,124] [24,26,44,52,58,63,75,126] [24,33,48,56,59,62,106,123] [5,18,57,72,90,101,113,114] [0,2,26,49,50,65,81,96] [26,30,31,36,68,73,75,112] [3,11,31,54,65,103,104,107] [21,33,35,52,54,73,77,92] [2,33,78,80,87,91,103,110] [3,19,20,38,55,81,110,115] [2,16,17,48,49,50,52,63] [54,65,75,76,89,91,115,122] [18,53,59,72,73,82,103,124] [14,23,24,39,64,68,74,115] [30,56,77,83,88,100,104,120] [0,3,6,9,53,73,94,104] [2,22,32,65,87,94,114,119] [38,52,81,82,97,104,123,125] [3,48,71,73,74,87,109,111]
Token 114: [21,25,32,51,69,93,107,120] [6,8,23,60,74,83,111,122] [68,72,82,107,116,117,123,125] [2,34,37,64,74,101,106,111] [11,25,50,53,56,79,102,111] [2,31,47,75,103,104,108,111] [26,34,39,41,43,63,112,127] [31,33,48,72,82,88,100,123] [28,45,61,80,90,99,111,113] [0,26,65,80,92,96,105,111] [9,14,18,19,36,69,123,126] [48,58,60,69,81,93,103,121] [2,23,52,69,71,73,85,112] [13,33,34,63,85,91,103,106] [3,11,42,63,84,101,115,125] [16,17,25,34,72,87,100,112] [11,42,48,89,91,115,121,122] [18,30,45,75,90,99,122,124] [13,26,43,44,58,63,112,127] [33,45,56,59,72,75,100,123] [5,17,18,45,53,72,99,114] [0,2,26,43,92,96,105,111] [14,31,36,68,69,75,122,126] [4,30,48,58,60,65,103,121] [20,21,28,54,69,85,92,108] [0,33,73,78,82,91,95,110] [63,72,89,94,103,109,110,115] [2,8,16,26,34,38,100,112] [11,48,89,91,97,103,121,122] [14,30,51,80,89,99,120,124] [3,9,13,34,39,44,58,112] [33,36,56,59,72,84,100,123] [5,11,18,45,90,99,101,114] [0,26,43,49,63,80,96,105] [14,26,35,36,75,88,91,118] [13,21,31,43,58,60,111,121] [20,28,52,54,69,75,85,122] [13,27,79,85,91,103,106,125] [3,30,55,69,89,101,109,110] [2,16,26,34,40,48,100,120] [30,48,89,91,97,115,121,122] [14,30,45,73,80,82,103,124] [14,23,43,68,76,101,115,119] [2,4,37,52,96,100,104,120] [6,39,42,54,69,71,104,108] [22,24,30,31,45,93,114,117] [52,55,67,76,90,93,125,127] [0,28,34,55,71,83,117,119]
Token 115: [27,48,49,50,51,101,106,110] [23,46,60,75,99,116,122,126] [36,45,52,68,72,122,125,126] [20,25,26,64,66,87,94,106] [11,22,43,56,79,83,102,111] [2,18,31,51,103,105,108,111] [26,39,43,44,52,63,66,112] [31,33,48,51,72,88,106,123] [2,44,45,80,86,90,99,111] [0,23,26,49,80,89,96,105] [14,18,19,36,40,69,78,126] [48,58,60,72,94,105,115,121] [2,4,36,39,69,71,73,112] [12,33,63,66,91,106,113,119] [3,11,55,63,92,105,110,125] [16,17,25,34,40,59,100,120] [24,48,51,78,80,83,115,122] [1,18,30,75,82,90,99,124] [24,26,44,52,58,63,87,116] [9,24,31,33,51,88,100,123] [2,5,35,45,57,72,114,124] [0,10,23,49,80,96,111,122] [18,19,31,36,68,69,78,94] [3,48,54,65,67,78,96,121] [9,23,33,46,65,79,92,95] [12,42,82,91,99,104,119,125] [3,30,86,88,96,105,107,110] [8,11,16,19,44,75,91,120] [42,48,51,83,85,89,113,115] [30,66,72,75,90,93,103,124] [30,41,56,63,75,83,110,116] [3,33,43,48,51,75,95,123] [9,14,15,35,44,90,95,116] [23,24,65,80,96,104,123,127] [7,30,33,39,45,52,88,108] [4,58,78,85,107,111,114,121] [2,14,33,39,42,63,74,108] [10,12,20,27,29,76,104,125] [3,6,38,82,87,94,115,125] [11,15,16,32,33,48,55,75] [1,4,42,48,51,107,111,113] [1,30,34,39,59,82,88,105] [8,17,30,50,56,70,111,114] [16,65,68,80,82,98,99,101] [5,6,11,12,101,104,112,114] [29,31,73,77,86,91,110,117] [43,46,51,90,93,110,125,127] [7,36,42,46,58,83,110,116]
Token 116: [3,22,23,28,62,77,112,125] [4,7,29,45,48,60,88,122] [15,36,56,64,72,76,95,125] [37,67,70,90,92,101,106,119] [11,27,28,48,83,97,104,108] [10,17,39,87,96,103,104,108] [41,44,52,63,66,104,112,116] [9,31,33,44,51,88,94,110] [2,6,44,72,80,86,90,111] [0,23,26,35,80,95,96,111] [18,19,26,34,36,69,91,109] [14,28,43,48,60,94,105,121] [2,8,18,20,30,39,65,73] [12,18,33,41,91,103,106,117] [3,11,36,38,47,55,63,123] [2,15,16,31,40,48,100,120] [23,42,48,83,84,110,115,122] [1,37,64,70,82,90,99,122] [26,44,46,58,63,112,116,118] [9,24,31,33,39,51,88,123] [2,6,45,72,80,86,111,124] [0,49,69,80,82,91,96,111] [2,23,34,36,43,88,109,111] [25,31,48,60,64,68,94,121] [9,17,33,34,46,91,106,122] [12,37,41,73,78,91,106,110] [47,72,83,89,94,107,109,110] [2,12,15,16,38,41,100,120] [1,4,23,48,91,94,110,122] [13,22,30,37,64,84,104,122] [26,36,44,52,58,63,67,112] [31,33,39,48,60,100,106,125] [2,5,6,18,45,80,86,90] [0,23,41,47,63,80,96,111] [2,18,34,36,48,75,109,111] [21,22,28,31,60,79,94,121] [33,34,49,75,78,85,101,122] [12,27,41,73,89,91,106,125] [3,30,47,55,72,102,109,110] [2,15,16,17,40,46,48,120] [14,23,46,91,97,110,115,122] [58,73,80,82,100,103,114,123] [14,23,24,33,43,57,68,76] [18,30,74,80,82,94,98,125] [6,9,23,39,94,104,108,114] [4,26,76,86,87,110,117,119] [35,70,76,90,93,96,99,125] [14,42,44,71,82,94,110,114]
Token 117: [14,31,53,68,69,74,81,107] [45,46,60,75,83,88,91,122] [15,36,64,72,95,117,123,125] [10,11,67,76,90,101,106,119] [10,11,47,67,83,91,97,111] [31,78,97,99,103,108,111,122] [39,41,44,52,63,112,116,119] [9,31,33,48,72,88,110,123] [2,28,44,51,72,80,90,111] [0,43,48,49,80,92,96,111] [14,18,19,26,36,69,74,123] [13,28,60,94,102,105,115,121] [2,18,30,36,68,71,73,120] [12,33,55,68,91,106,117,121] [3,9,11,28,63,84,92,94] [15,16,17,40,48,100,115,120] [20,42,48,83,97,98,121,122] [14,45,54,80,90,99,122,124] [13,26,44,58,63,112,116,122] [24,31,33,45,56,88,100,123] [2,5,28,45,51,53,72,114] [0,2,43,47,63,80,92,96] [6,7,31,36,48,58,75,122] [13,25,30,36,60,94,102,121] [18,21,39,47,69,91,106,122] [12,29,37,43,49,73,78,91] [13,19,63,84,89,94,109,110] [2,12,15,21,38,112,115,120] [1,20,23,48,73,91,121,122] [13,14,22,37,54,80,99,124] [3,9,13,36,47,52,58,79] [24,36,39,41,47,56,72,125] [2,5,6,28,48,51,90,108] [0,43,53,63,70,80,81,96] [5,34,36,42,48,75,77,118] [13,21,28,31,52,66,77,102] [18,34,49,78,85,91,106,122] [12,27,49,68,91,106,122,125] [3,29,30,55,72,84,109,110] [2,16,17,40,48,50,58,112] [14,50,69,80,89,91,115,122] [13,45,51,73,82,95,100,124] [14,33,41,43,50,66,76,88] [2,11,18,69,94,96,98,99] [6,42,70,94,104,108,113,114] [31,40,51,94,110,114,121,127] [26,35,43,67,74,90,120,125] [34,46,61,65,71,79,99,110]
Token 118: [0,14,51,57,74,101,103,106] [9,25,39,45,48,75,91,105] [15,41,72,90,107,122,123,125] [10,11,37,90,97,101,114,119] [7,11,47,63,73,97,111,114] [18,51,74,97,103,105,110,122] [39,44,63,66,87,104,116,119] [9,19,33,44,82,94,100,106] [28,35,38,45,67,86,90,123] [0,17,32,68,80,96,102,111] [18,30,43,63,69,78,94,103] [13,21,28,48,53,60,102,109] [2,4,8,34,65,73,120,127] [31,42,55,66,91,106,112,113] [3,11,16,69,105,107,109,110] [8,16,17,40,49,75,89,120] [1,12,14,80,83,84,115,119] [1,17,18,27,35,82,103,112] [39,44,52,56,63,104,105,116] [24,33,39,48,51,100,110,112] [35,44,65,72,80,103,111,116] [0,10,49,80,96,122,125,127] [19,30,56,69,78,83,94,98] [21,37,60,67,85,92,96,125] [2,9,26,34,42,74,95,104] [23,42,73,77,99,104,106,125] [3,8,14,30,90,110,111,115] [16,40,44,56,75,91,103,120] [1,42,80,83,89,105,115,119] [1,72,75,82,93,103,112,117] [38,42,52,56,75,83,87,110] [3,33,43,48,51,60,95,123] [9,15,17,35,44,61,84,90] [7,24,65,76,96,104,111,127] [7,13,18,39,82,85,94,103] [4,78,85,94,99,109,121,122] [2,14,36,39,42,74,108,127] [10,20,91,93,104,106,112,125] [3,15,16,38,57,102,115,125] [11,16,32,33,40,75,89,125] [1,12,30,42,48,105,107,119] [1,30,34,59,72,82,88,105] [17,25,50,56,66,70,111,116] [18,41,46,61,74,98,99,113] [5,9,11,25,42,70,104,114] [29,41,51,64,88,110,114,121] [16,21,43,46,74,94,100,125] [3,36,46,53,65,83,102,110]
Token 119: [28,36,51,83,87,112,124,125] [9,16,45,48,67,68,88,122] [36,56,64,67,72,76,100,125] [12,20,70,73,100,101,111,114] [7,10,11,38,57,60,100,119] [10,63,74,87,93,103,110,114] [20,46,63,87,104,115,116,118] [2,19,33,44,82,94,100,106] [15,18,20,35,44,86,90,118] [23,32,35,41,66,68,80,102] [18,30,36,63,69,92,103,109] [8,22,36,48,53,96,102,116] [0,2,4,14,26,41,65,127] [13,18,42,91,106,117,119,122] [3,11,16,60,63,69,102,109] [15,16,17,32,40,75,99,126] [1,14,42,80,84,94,97,115] [1,18,55,77,82,90,103,122] [44,46,58,63,104,112,116,118] [2,33,44,45,82,94,100,106] [35,45,65,72,85,86,90,118] [0,32,41,69,80,96,102,111] [10,18,36,54,75,94,98,103] [4,22,31,36,53,65,96,99] [2,26,34,46,49,85,91,111] [42,43,51,104,106,112,119,125] [3,29,38,53,66,86,107,109] [16,40,44,50,58,59,75,120] [53,80,87,91,103,113,115,122] [13,30,72,82,93,94,99,124] [9,22,34,44,52,63,89,107] [2,24,33,44,59,60,82,100] [5,9,15,45,72,86,90,127] [7,23,65,66,80,96,102,111] [7,18,82,94,98,103,111,112] [4,14,21,28,37,94,96,99] [2,9,14,17,28,42,108,127] [20,27,91,92,104,106,112,125] [3,30,53,102,108,109,110,125] [11,15,32,40,49,58,75,84] [1,42,48,69,107,113,115,122] [13,34,59,80,81,88,100,105] [17,30,33,47,56,69,70,111] [24,30,46,56,75,82,96,100] [5,6,8,11,39,70,94,99] [16,29,38,64,77,82,95,114] [2,5,21,46,81,90,120,122] [14,44,46,58,65,74,98,110]
Token 120: [72,76,95,100,102,110,119,122] [12,62,64,70,94,100,106,122] [72,75,77,78,87,99,125,127] [10,20,25,73,82,103,114,116] [7,11,12,52,57,92,118,126] [9,17,25,33,37,59,64,103] [34,35,44,53,56,63,71,107] [2,8,18,24,59,62,88,109] [17,38,53,57,72,90,116,127] [0,17,19,49,80,87,96,111] [3,16,31,47,57,68,98,103] [3,21,28,37,48,52,54,60] [2,4,9,21,56,65,73,105] [0,26,33,58,78,81,82,91] [3,17,67,81,100,107,110,115] [8,16,49,52,59,70,101,120] [65,80,81,83,89,103,105,115] [1,18,21,42,55,82,83,99] [24,26,34,44,63,67,75,88] [6,18,24,62,100,106,109,112] [35,38,46,53,65,72,111,124] [0,10,49,80,96,111,122,125] [13,26,47,56,58,78,94,98] [7,21,37,64,67,96,107,125] [2,9,26,43,46,65,74,119] [42,77,78,81,92,99,104,112] [30,42,72,88,92,107,110,115] [6,8,16,18,44,61,91,120] [65,73,83,89,97,105,113,115] [1,18,27,72,82,93,103,123] [26,30,34,52,59,63,70,75] [6,30,36,60,73,100,103,106] [9,14,15,35,37,41,46,103] [23,30,49,57,65,69,96,104] [7,26,30,34,39,45,112,119] [4,29,37,64,65,78,94,126] [9,17,42,54,74,85,92,108] [10,20,27,52,85,104,119,124] [13,19,76,92,107,110,115,125] [11,40,48,49,75,84,91,120] [24,35,42,89,98,107,111,115] [1,13,34,59,80,82,88,118] [4,17,50,56,66,96,111,115] [2,5,18,61,72,80,91,113] [5,6,11,12,42,50,114,127] [3,16,29,38,48,90,98,110] [41,43,53,54,62,70,100,106] [0,39,46,48,65,83,109,110]
Token 121: [25,32,46,48,49,58,72,78] [2,12,28,33,34,62,93,122] [14,48,51,77,90,100,115,125] [13,15,37,42,50,73,100,116] [11,23,38,46,57,63,100,114] [31,55,74,97,103,105,107,110] [13,39,46,63,104,115,116,127] [2,33,44,73,82,94,100,106] [18,35,44,45,67,86,90,111] [17,23,32,66,80,96,102,111] [18,36,43,63,69,75,92,103] [36,48,53,99,102,106,109,116] [2,4,26,34,68,73,112,125] [2,18,33,42,55,91,106,113] [3,11,55,63,69,105,109,113] [17,26,34,38,40,73,99,120] [11,48,80,84,91,94,119,122] [1,66,75,80,90,99,122,124] [13,26,39,46,58,63,112,116] [2,29,33,44,72,94,106,123] [0,5,18,45,53,72,90,114] [0,32,38,47,69,80,92,106] [6,7,36,40,48,75,92,103] [4,20,25,31,52,65,102,109] [18,33,36,37,47,59,85,125] [29,50,53,78,85,91,110,126] [29,35,72,84,105,109,110,113] [2,21,26,34,50,59,73,118] [11,49,87,91,100,107,119,122] [13,22,37,60,95,99,120,124] [3,9,36,39,44,55,58,120] [2,24,33,36,56,72,102,125] [0,18,45,48,72,90,99,108] [38,43,63,69,80,81,96,105] [1,5,22,35,36,75,92,121] [17,21,31,52,65,102,109,117] [11,18,28,33,62,78,85,125] [2,27,68,71,91,106,122,125] [2,29,72,83,105,109,110,113] [16,17,26,48,50,58,84,118] [80,89,91,98,105,115,119,122] [77,78,80,82,83,93,100,124] [23,25,27,30,47,57,80,115] [5,18,29,30,46,91,98,101] [6,11,64,70,98,104,108,112] [30,40,45,64,110,114,117,121] [3,49,52,63,76,93,104,125] [36,39,58,71,110,112,120,124]
Token 122: [0,6,28,32,33,72,75,89] [15,28,36,73,77,93,105,122] [4,5,46,60,72,78,93,111] [3,15,20,24,61,73,74,103] [7,11,30,37,46,52,57,70] [8,17,18,35,63,64,74,103] [27,44,46,63,71,87,104,116] [9,24,44,45,82,94,100,106] [38,45,57,67,72,86,90,116] [0,7,17,49,68,80,96,111] [18,26,43,55,68,78,91,94] [3,21,28,37,48,60,90,125] [2,4,8,21,50,56,65,127] [0,33,42,78,84,91,106,117] [1,3,15,33,53,107,110,115] [8,16,32,40,49,80,89,120] [14,50,65,83,89,103,105,115] [1,17,18,26,77,82,99,112] [39,41,44,56,63,75,88,116] [3,33,51,59,100,109,110,112] [35,38,57,65,72,109,111,116] [0,10,49,78,80,84,96,122] [7,29,30,68,69,86,94,98] [3,21,28,30,37,67,96,125] [2,9,21,26,39,56,65,79] [23,42,91,99,104,106,112,125] [3,14,30,42,61,94,110,115] [2,16,40,44,75,91,103,120] [42,48,62,65,80,89,113,115] [1,18,26,72,77,82,93,104] [38,63,75,83,88,104,107,110] [3,33,48,51,82,95,100,123] [9,15,17,35,44,61,90,103] [0,7,23,38,80,96,111,113] [7,10,13,18,33,82,85,94] [4,7,28,43,78,85,99,121] [2,14,32,33,39,42,74,108] [2,20,76,91,104,106,112,125] [3,5,15,38,53,57,115,125] [11,16,25,32,48,72,75,125] [1,11,35,42,48,50,107,122] [26,34,39,49,59,82,88,99] [17,25,30,33,56,58,111,116] [18,38,68,74,80,82,98,111] [5,25,39,42,50,103,104,108] [29,43,48,51,90,110,114,117] [26,33,43,46,54,64,79,100] [17,39,42,53,58,61,80,110]
Token 123: [0,4,38,46,48,49,117,121] [28,56,88,95,102,104,105,122] [5,36,46,60,64,107,111,125] [5,20,23,24,66,70,73,94] [5,7,11,30,43,57,60,95] [0,8,35,74,87,103,110,119] [46,63,66,103,104,111,116,118] [7,19,33,44,82,88,94,106] [45,50,67,86,90,94,108,123] [7,35,57,68,80,82,97,102] [18,21,25,30,82,91,94,124] [18,25,31,36,73,96,99,100] [2,14,20,34,36,46,102,127] [18,62,63,91,106,112,120,127] [3,15,36,38,44,60,61,69] [32,40,80,82,89,119,120,125] [1,13,30,80,84,93,94,115] [26,36,77,80,82,90,92,122] [44,46,58,63,64,87,116,118] [9,24,31,33,44,88,94,100] [3,22,45,50,85,86,90,114] [0,7,17,47,68,69,80,96] [18,20,22,23,36,75,82,114] [4,25,31,52,65,76,94,120] [20,33,45,47,54,62,85,108] [13,23,25,52,85,91,99,112] [19,24,26,42,61,72,92,113] [0,11,15,21,75,100,102,125] [1,4,10,28,42,49,91,100] [12,13,26,30,37,72,89,93] [9,36,39,44,63,77,96,104] [10,29,31,33,36,76,88,125] [3,5,9,17,45,50,90,99] [4,8,56,65,67,69,80,96] [7,10,34,75,82,94,114,126] [4,11,28,94,99,104,108,121] [14,17,18,34,47,54,93,108] [20,25,27,68,87,89,106,112] [3,15,61,83,94,104,110,125] [11,15,16,17,21,63,75,80] [1,42,48,50,93,98,107,113] [13,26,34,59,88,100,105,123] [8,17,30,33,50,56,70,111] [7,18,24,30,46,74,80,82] [5,6,11,70,78,94,103,112] [2,16,26,41,45,110,114,117] [20,26,46,51,63,76,102,119] [3,39,42,46,58,61,65,110]
Token 124: [22,28,33,51,62,89,112,122] [29,37,45,71,73,76,96,122] [4,23,36,42,72,76,81,125] [3,13,20,70,87,99,100,119] [1,7,10,11,18,37,60,97] [4,10,74,87,93,103,110,119] [46,63,64,66,104,111,116,118] [19,33,44,45,82,94,100,106] [3,20,35,44,60,67,86,90] [8,41,57,68,80,102,106,111] [18,20,30,40,58,91,92,124] [31,48,53,54,55,94,96,116] [2,4,34,36,39,65,102,127] [18,33,62,63,91,106,112,119] [3,7,11,26,55,63,69,109] [2,16,31,38,40,120,125,126] [35,42,44,48,80,84,114,115] [1,18,26,36,80,82,99,122] [39,44,52,58,63,112,116,118] [31,33,45,48,51,94,100,123] [35,44,45,72,86,90,101,114] [0,17,23,41,47,80,96,111] [18,31,33,36,40,58,94,127] [25,30,31,60,65,94,99,102] [7,20,33,35,36,46,85,94] [0,63,73,91,106,110,119,125] [3,14,26,30,72,94,107,110] [2,16,59,75,102,120,125,126] [42,48,62,73,89,91,113,122] [13,14,22,26,93,104,120,122] [36,39,52,58,63,107,112,126] [31,33,39,48,50,100,106,123] [0,5,15,35,44,72,90,101] [0,8,23,41,47,65,96,106] [5,23,30,33,36,68,82,127] [21,22,28,31,53,55,94,102] [7,14,18,33,34,61,78,85] [31,89,91,97,106,112,119,125] [3,26,30,49,72,81,97,110] [2,16,17,37,40,48,50,125] [14,23,42,80,89,91,115,122] [13,26,49,96,100,103,118,124] [4,24,30,50,70,76,77,115] [30,72,75,80,83,99,111,120] [6,9,11,42,94,99,104,114] [2,26,51,67,76,87,88,117] [5,71,81,90,97,122,123,125] [14,17,23,42,44,58,61,65]
Token 125: [13,26,47,65,72,98,100,108] [50,64,70,94,100,122,124,127] [49,56,82,84,88,95,104,125] [2,20,31,37,68,71,108,119] [7,11,12,25,52,85,106,115] [42,59,61,66,75,103,108,125] [13,24,35,39,56,63,105,112] [31,33,48,49,50,51,75,100] [44,72,80,84,90,111,113,114] [0,2,26,49,96,110,111,125] [18,19,26,31,36,61,68,78] [3,7,28,60,61,93,94,103] [2,7,21,23,65,73,75,108] [12,16,33,58,63,78,91,119] [11,20,22,63,80,94,110,115] [2,16,17,38,49,51,59,125] [48,65,89,97,105,108,115,122] [18,46,55,72,90,99,122,124] [24,26,58,63,112,116,122,126] [18,24,45,50,59,62,112,123] [5,41,53,57,72,101,111,114] [0,2,49,50,96,111,122,125] [3,19,31,36,47,68,75,127] [3,30,54,60,65,93,103,107] [7,9,21,33,35,75,89,94] [12,31,33,43,60,73,81,91] [4,14,63,76,80,94,107,110] [2,37,41,44,51,75,120,125] [11,28,34,65,83,89,91,122] [13,18,49,68,89,120,123,124] [24,26,52,58,75,107,112,126] [24,33,36,50,59,62,106,123] [2,5,18,57,72,90,101,114] [0,2,43,49,50,56,81,96] [26,30,31,35,36,68,75,112] [3,21,31,33,54,81,93,103] [7,21,33,35,52,73,85,92] [12,33,71,73,91,101,103,125] [3,20,55,72,81,94,107,110] [2,16,17,48,55,63,112,125] [48,65,75,83,89,91,115,122] [17,18,46,72,73,80,82,103] [14,23,24,39,50,68,69,74] [12,19,30,56,77,101,104,120] [6,8,12,45,53,88,99,104] [16,17,22,46,87,92,112,119] [22,29,30,39,84,97,104,105] [35,52,71,73,74,95,109,111]
Token 126: [21,28,29,33,62,120,124,126] [6,8,11,58,78,86,107,122] [9,14,56,59,72,82,85,119] [1,7,19,25,37,66,74,101] [11,22,23,25,32,39,47,74] [4,24,34,73,75,80,97,103] [26,39,41,63,75,79,110,127] [33,39,48,50,51,75,87,110] [24,44,51,61,80,90,113,114] [0,2,26,38,49,94,96,111] [1,19,36,50,69,78,83,126] [7,14,28,48,60,87,107,121] [8,18,21,28,65,71,73,111] [0,16,18,24,33,44,75,91] [3,11,22,62,63,92,110,115] [2,16,31,38,66,84,103,127] [48,65,83,89,91,103,115,123] [18,55,58,70,82,99,122,123] [13,26,38,44,58,75,112,127] [24,33,45,50,59,84,87,123] [5,18,51,53,57,72,90,114] [0,2,47,50,92,94,95,111] [3,6,19,23,31,36,68,75] [4,25,30,60,65,87,103,107] [20,21,28,70,85,92,108,111] [12,24,29,33,37,78,91,110] [4,22,62,63,76,89,92,110] [2,8,16,38,68,87,117,118] [40,48,65,89,91,111,122,123] [4,14,58,68,99,104,120,124] [3,13,36,38,75,79,107,112] [24,39,48,50,51,56,59,87] [5,18,24,48,51,72,90,118] [0,23,44,56,69,81,94,96] [3,6,26,35,36,68,75,102] [15,21,28,31,60,87,104,107] [11,18,28,49,75,85,106,111] [13,24,73,89,91,122,124,125] [2,30,55,62,72,76,99,110] [2,8,16,17,48,50,55,84] [40,46,89,91,111,115,122,123] [13,37,58,68,73,95,103,124] [2,8,14,28,30,69,76,83] [2,11,24,30,56,83,94,96] [9,12,32,52,94,104,113,114] [31,65,86,92,94,110,119,127] [43,67,70,74,90,93,97,125] [0,46,54,61,71,79,83,110]
Token 127: [2,14,18,61,74,80,84,103] [3,30,58,67,83,86,92,122] [9,24,72,82,84,100,117,122] [7,25,56,67,82,90,101,105] [7,11,22,25,47,64,77,91] [4,34,80,82,97,103,107,111] [39,41,44,52,75,79,110,116] [33,39,48,50,51,60,75,110] [18,44,51,72,90,109,114,123] [0,1,2,26,45,96,107,127] [1,19,36,50,69,78,83,126] [21,28,48,60,67,93,106,107] [2,8,18,21,28,65,73,75] [16,33,44,63,75,76,91,121] [3,11,27,28,63,76,79,110] [2,8,16,17,38,84,103,112] [48,55,83,89,91,98,115,122] [1,37,68,90,104,122,123,124] [3,38,52,58,63,75,104,112] [31,33,45,48,50,51,56,62] [5,18,51,72,90,109,113,114] [0,2,50,56,87,92,96,111] [7,19,35,36,50,69,75,122] [4,15,28,48,60,65,87,107] [18,20,21,28,62,75,85,92] [16,20,33,73,78,91,110,122] [27,29,63,76,89,91,103,110] [2,8,38,59,84,103,112,118] [1,55,65,73,89,91,98,122] [37,48,68,69,89,104,120,124] [3,36,39,44,52,75,107,112] [24,36,39,51,56,59,60,62] [5,18,48,72,90,109,113,114] [0,21,23,53,56,69,81,96] [3,6,26,36,50,75,92,115] [11,15,28,31,60,101,107,120] [6,18,20,28,62,75,85,106] [13,68,71,73,91,97,122,125] [19,27,29,30,55,72,91,110] [2,8,16,48,50,55,112,118] [14,65,78,80,89,91,115,122] [13,18,48,68,73,75,82,124] [2,14,43,50,64,76,80,121] [11,30,61,69,83,96,98,100] [6,12,94,104,107,108,113,114] [2,16,31,45,94,114,117,127] [35,43,52,67,90,93,97,125] [0,34,46,61,71,79,110,117]
