MODEL: qwen3_30b
TOKEN_COUNT: 128
ACTIVE_EXPERTS: 8
================================================================================
PROMPT TEXT:
The game began development in 2010 , carrying over a large portion of the work done on Valkyria Chronicles II . While it retained the standard features of the series , it also underwent multiple adjustments , such as making the game more forgiving for series newcomers . Character designer <unk> Honjou and composer Hitoshi Sakimoto both returned from previous entries , along with Valkyria Chronicles II director Takeshi Ozawa . A large team of writers handled the script . The game 's opening theme was sung by May 'n .
================================================================================
GENERATED TEXT:
 The game 's ending theme was performed by Aimer . The game was released in Japan on March 20 , 2013 , and in North America on September 10 , 2013 . The game was released in Europe on March 28 , 2014 . The game was released in Japan on March 20 , 2013 , and in North America on September 10 , 2013 . The game was released in Europe on March 28 , 2014 . The game was released in Japan on March 20 , 
================================================================================
EXPERT TRACE (Per token, list of layer expert IDs):
================================================================================
Token   0: [14,21,50,51,57,103,106,110] [3,6,9,28,37,48,62,122] [41,46,50,84,90,111,122,125] [2,4,29,34,36,64,71,115] [11,50,52,56,64,83,85,119] [18,37,47,51,61,64,105,125] [13,47,56,63,76,83,105,107] [24,33,49,73,82,106,109,112] [36,44,65,72,84,90,109,121] [0,9,49,80,110,111,122,125] [16,18,29,30,61,78,105,126] [24,26,49,59,60,61,99,109] [2,15,24,65,79,99,107,127] [6,10,15,23,28,78,91,92] [3,16,17,38,48,55,81,115] [16,40,49,85,89,101,103,127] [8,39,80,81,105,115,119,124] [1,18,19,55,69,82,99,105] [13,24,34,56,63,87,105,122] [3,33,49,59,75,100,109,112] [44,65,72,84,90,114,116,121] [0,9,49,80,98,110,111,125] [16,50,56,61,68,78,90,105] [3,23,24,49,54,61,99,125] [15,21,23,24,34,79,96,99] [15,26,28,58,61,78,106,118] [3,4,14,16,17,48,53,55] [16,40,59,70,72,85,101,127] [12,39,48,80,81,115,119,124] [1,19,21,55,80,82,103,118] [24,34,56,63,83,105,107,126] [18,33,49,75,100,106,109,112] [44,53,65,66,84,90,114,121] [0,9,32,80,98,110,111,125] [16,50,56,68,69,78,90,105] [3,23,24,59,60,99,109,125] [21,23,24,65,73,79,96,99] [23,26,61,66,78,82,106,118] [3,16,53,55,69,90,105,115] [16,17,40,48,50,61,72,103] [12,30,39,55,80,105,115,119] [2,9,35,49,66,78,90,103] [18,23,27,68,76,80,102,115] [6,29,36,46,65,87,100,104] [6,20,29,48,56,69,98,104] [20,22,32,45,58,70,114,123] [52,55,60,63,68,101,115,117] [36,47,66,86,88,112,120,123]
Token   1: [28,51,83,87,91,112,124,125] [9,16,29,48,67,68,74,122] [4,23,42,67,76,100,125,126] [12,61,70,73,92,100,101,112] [7,11,27,50,57,83,101,119] [10,31,63,74,87,93,110,115] [20,23,46,63,87,104,111,115] [2,33,44,69,73,82,100,106] [15,18,20,35,44,67,86,90] [32,35,65,66,67,68,80,102] [18,30,50,69,88,91,103,109] [22,36,42,53,60,69,89,115] [2,14,26,34,65,73,115,127] [13,76,78,82,83,91,98,106] [3,16,53,55,60,69,90,102] [6,16,17,31,32,40,50,72] [14,60,80,81,108,110,115,122] [1,18,46,77,82,94,99,103] [13,34,46,56,63,104,112,116] [33,44,59,75,82,100,106,112] [18,44,45,65,72,86,114,127] [0,32,65,68,80,102,111,122] [18,36,41,50,69,98,103,109] [11,20,31,32,48,53,60,64] [2,9,21,26,34,65,73,79] [23,41,82,83,91,98,106,118] [3,16,53,55,69,102,110,115] [6,16,17,40,51,58,61,72] [14,60,80,94,108,110,114,122] [15,46,77,82,90,94,99,103] [13,34,46,63,107,115,116,119] [2,33,44,56,82,94,100,106] [18,44,67,72,86,90,114,127] [0,32,62,65,68,80,102,111] [18,23,30,36,41,50,69,103] [22,48,52,59,60,69,85,115] [2,14,26,34,42,73,102,115] [13,18,41,57,76,82,91,106] [3,11,16,53,55,60,69,102] [16,17,31,40,51,60,72,120] [55,60,80,94,108,110,115,122] [15,36,46,64,78,90,103,122] [8,23,24,49,68,80,90,125] [12,19,49,80,100,104,121,125] [6,11,23,45,88,98,99,104] [17,22,26,45,46,76,112,114] [5,29,30,39,52,60,81,105] [15,21,35,74,95,111,121,127]
Token   2: [72,76,95,100,102,110,119,122] [12,62,70,94,100,106,117,122] [40,75,77,78,87,99,113,125] [10,25,73,82,103,105,112,116] [11,50,52,63,83,92,118,126] [17,25,31,33,37,59,64,103] [34,35,44,53,56,63,71,107] [2,18,24,45,59,62,82,109] [5,38,53,57,72,90,99,127] [0,17,19,49,55,80,87,111] [3,16,18,26,30,47,51,57] [3,20,21,28,48,59,60,125] [2,9,34,56,65,73,105,115] [0,26,58,78,81,91,103,106] [3,17,55,67,81,90,100,110] [16,40,49,52,59,70,101,120] [14,30,39,65,80,89,105,115] [1,18,33,42,55,77,82,99] [24,26,34,39,47,56,63,105] [3,18,49,59,62,100,109,112] [38,46,53,65,72,84,121,127] [0,9,19,49,96,110,122,125] [16,26,56,61,90,94,98,105] [7,21,23,24,49,54,61,125] [9,15,23,56,65,79,96,99] [15,26,28,58,78,81,103,104] [4,17,32,48,55,81,100,110] [16,31,49,52,59,70,120,127] [39,48,81,83,89,103,105,115] [1,18,21,42,55,78,83,99] [8,13,24,26,34,56,63,107] [18,33,59,62,75,100,109,112] [38,46,53,57,65,72,90,114] [0,10,49,80,87,96,122,125] [3,16,26,50,56,68,78,98] [3,5,7,21,23,52,121,125] [2,8,21,56,65,73,85,105] [20,26,78,81,82,103,104,106] [3,29,55,86,92,110,115,125] [0,11,16,25,49,52,72,75] [35,39,42,70,82,89,107,115] [21,34,59,72,78,82,88,118] [4,17,56,66,70,106,111,114] [2,18,74,75,80,91,96,98] [5,6,11,25,42,62,99,114] [26,29,38,48,76,77,90,95] [17,43,46,54,76,81,97,104] [2,8,39,46,53,65,109,110]
Token   3: [32,46,48,49,58,72,78,118] [2,12,34,42,62,93,107,122] [14,40,51,77,90,100,115,125] [13,15,50,73,84,101,116,125] [11,23,38,50,63,83,101,119] [22,31,74,83,89,105,107,119] [13,39,41,46,56,63,89,104] [2,33,44,48,73,82,100,106] [18,44,64,67,72,86,90,127] [0,17,32,51,65,66,80,102] [16,18,30,36,50,69,88,103] [3,20,48,59,69,86,109,115] [2,21,26,34,73,79,114,125] [2,29,66,78,82,91,98,113] [3,16,38,53,55,69,90,105] [5,16,17,40,50,72,99,120] [11,14,60,80,84,89,119,122] [1,2,35,66,90,99,103,107] [13,34,46,56,63,104,112,122] [2,33,56,75,82,100,106,123] [5,18,36,53,72,90,114,127] [0,32,49,65,80,92,96,98] [16,18,19,30,36,50,69,113] [20,48,50,59,60,69,109,115] [2,21,23,34,73,79,107,125] [33,66,78,82,83,91,106,118] [3,10,53,55,69,105,110,115] [7,16,17,23,40,50,72,120] [1,11,14,30,80,113,119,122] [2,35,66,78,82,90,103,124] [34,46,54,63,66,104,112,116] [33,44,56,73,82,94,100,106] [18,21,35,45,67,86,90,127] [17,49,65,66,80,96,98,111] [6,18,19,30,36,50,69,90] [20,43,60,69,85,90,109,115] [2,21,23,71,73,79,114,125] [33,66,78,82,83,91,106,118] [3,10,53,55,63,69,102,105] [7,16,17,31,40,61,72,120] [1,11,30,51,80,115,119,126] [2,9,35,66,77,78,90,103] [14,18,23,27,68,80,98,102] [6,29,46,87,91,100,104,120] [6,14,20,39,48,98,104,108] [20,22,32,45,63,70,114,123] [52,55,60,68,101,115,117,125] [36,47,66,86,88,112,120,123]
Token   4: [0,3,22,28,46,89,116,126] [29,61,62,76,77,78,107,122] [49,65,76,106,112,119,120,125] [13,40,62,70,77,92,93,101] [1,11,27,50,57,101,104,116] [30,31,43,48,60,71,96,117] [23,38,46,63,86,104,115,119] [33,48,69,73,82,100,106,109] [6,44,67,70,86,101,111,122] [32,35,49,57,62,80,99,109] [7,18,30,50,88,91,95,124] [1,16,18,48,69,71,73,85] [17,34,38,46,67,102,103,114] [29,62,68,89,91,106,109,115] [3,23,36,53,55,64,69,101] [7,17,40,72,82,89,91,120] [1,13,14,23,78,80,114,126] [24,36,61,66,77,81,82,92] [3,38,46,63,86,104,115,124] [27,33,48,69,73,82,100,106] [3,4,21,67,86,111,117,122] [35,40,57,62,68,71,80,97] [7,15,18,30,41,50,82,124] [1,18,25,54,68,73,85,97] [2,17,34,46,67,102,112,114] [29,45,62,82,91,106,120,127] [3,36,53,55,64,69,71,101] [17,25,40,72,82,89,120,126] [1,6,13,23,30,35,78,80] [36,46,66,68,81,82,92,100] [3,38,46,54,63,104,115,116] [33,36,69,73,82,94,100,106] [20,21,22,35,44,67,86,117] [0,35,40,49,62,80,82,99] [9,15,18,19,30,50,69,124] [1,18,25,54,60,68,73,115] [2,34,46,67,73,95,102,103] [10,45,62,63,91,106,120,127] [3,47,53,55,64,71,73,87] [31,40,46,72,77,82,106,120] [1,13,14,23,60,80,115,126] [9,36,46,80,84,92,93,103] [8,23,24,28,30,77,80,86] [12,72,74,87,100,104,120,121] [6,22,39,72,88,98,99,104] [17,20,22,26,32,45,63,114] [30,51,52,68,98,103,116,127] [15,21,26,31,82,111,121,127]
Token   5: [23,28,36,41,61,62,112,125] [7,29,59,76,88,97,103,122] [4,36,42,49,59,76,125,126] [2,71,92,93,100,108,113,115] [1,11,27,34,83,101,109,114] [0,10,31,48,71,87,96,115] [23,46,63,64,102,103,104,124] [7,33,45,69,73,82,106,113] [0,18,20,21,35,67,86,94] [35,40,49,62,68,80,99,106] [7,10,18,30,50,88,91,109] [1,55,60,64,69,73,92,115] [17,18,30,46,67,102,103,126] [62,68,89,91,106,109,110,119] [3,23,29,53,55,69,76,87] [7,17,40,50,72,82,89,91] [1,14,30,56,78,80,110,114] [9,24,36,46,49,64,77,78] [38,46,54,63,64,103,104,115] [7,32,33,48,73,82,100,106] [8,18,21,35,45,72,86,90] [35,40,49,62,71,79,80,111] [7,10,18,19,30,50,109,124] [1,20,42,54,55,60,73,97] [0,2,30,34,46,67,73,102] [29,41,57,62,68,91,106,109] [3,29,47,53,55,60,69,71] [16,17,40,46,72,75,77,126] [1,14,30,44,56,60,80,110] [36,46,64,68,78,82,103,122] [22,23,34,54,63,66,104,118] [33,36,44,50,73,82,100,106] [18,20,21,35,55,72,86,90] [0,35,40,49,80,99,106,111] [18,19,30,50,69,91,109,124] [1,42,54,55,60,73,85,115] [0,2,30,34,73,95,102,103] [10,16,41,57,62,68,91,106] [3,11,29,47,53,55,71,87] [16,17,20,31,40,46,72,120] [1,44,60,70,80,109,110,115] [1,36,46,49,54,64,80,103] [8,14,23,24,49,68,77,90] [12,46,49,74,80,100,104,121] [6,8,23,39,88,94,99,104] [5,17,22,26,32,76,87,114] [29,30,52,68,81,96,97,125] [15,21,31,74,86,111,121,127]
Token   6: [16,51,53,70,97,104,111,120] [20,24,34,76,86,107,109,122] [10,12,14,72,87,116,120,125] [12,13,25,76,89,108,113,117] [0,11,23,25,74,77,83,118] [1,31,73,80,96,97,107,125] [41,47,56,63,66,88,104,116] [33,48,50,69,73,82,87,106] [21,35,44,64,67,72,90,99] [0,45,62,80,94,97,102,111] [14,18,30,50,69,83,113,116] [1,3,67,69,86,115,120,122] [2,9,30,34,52,53,65,73] [16,26,44,75,78,91,98,106] [3,4,10,11,53,55,79,80] [3,7,16,23,40,50,60,82] [7,40,60,80,89,105,114,122] [1,4,53,90,99,103,122,124] [13,26,34,41,56,58,63,122] [33,50,56,73,87,100,106,123] [5,35,44,64,72,90,99,114] [0,21,49,51,79,80,94,106] [10,14,18,19,30,31,50,60] [1,3,20,54,60,86,103,115] [2,21,30,34,35,53,73,126] [13,16,26,33,44,78,91,106] [3,4,53,55,63,80,110,115] [2,16,23,38,40,50,60,82] [1,7,14,30,40,60,80,105] [1,15,52,53,82,103,112,124] [13,34,54,56,63,104,124,127] [32,33,56,73,82,87,100,106] [17,18,21,35,61,64,86,90] [0,21,49,76,80,94,99,111] [14,18,19,30,50,69,85,91] [1,20,54,60,69,86,115,120] [2,30,34,46,53,73,95,126] [10,13,21,29,44,75,91,106] [3,11,29,53,55,79,80,115] [16,31,40,50,60,61,82,120] [1,7,15,30,40,80,105,115] [1,9,15,52,53,80,90,103] [23,24,37,59,68,73,115,125] [4,43,46,49,81,100,104,120] [6,37,39,45,54,80,98,104] [22,27,32,37,46,63,112,114] [39,52,82,97,103,105,124,125] [27,32,34,35,52,86,90,95]
Token   7: [3,28,29,51,62,77,116,126] [11,45,67,76,78,86,109,122] [23,42,67,73,86,119,121,125] [1,9,11,25,61,73,76,100] [0,1,7,11,39,45,74,101] [18,31,60,74,80,83,96,97] [20,23,47,55,63,64,94,104] [33,44,48,69,73,82,87,106] [3,21,24,27,44,67,86,99] [43,49,80,94,96,97,102,111] [7,14,18,29,30,50,107,120] [15,16,43,68,69,86,90,115] [2,30,34,46,53,71,85,101] [13,24,44,68,75,91,95,106] [3,9,11,53,55,62,115,125] [3,16,31,40,50,75,82,98] [1,30,77,80,91,111,122,123] [1,9,53,78,84,103,112,120] [13,23,41,54,63,64,104,127] [33,48,59,73,82,87,100,106] [17,21,24,44,45,72,86,90] [0,35,66,80,94,96,97,111] [7,14,18,19,30,50,85,120] [1,20,43,60,68,79,86,115] [2,30,46,53,67,71,73,102] [13,24,29,44,68,95,106,109] [3,38,44,53,55,62,102,115] [16,40,50,75,82,98,120,121] [1,14,24,30,80,111,115,123] [9,53,65,82,84,99,103,112] [13,23,54,63,64,94,104,127] [5,21,33,73,82,87,100,106] [17,21,24,27,44,61,72,86] [0,66,71,80,94,97,99,111] [14,18,19,30,50,69,85,120] [1,3,36,54,60,68,86,115] [2,30,46,53,67,73,101,102] [10,24,44,49,91,95,104,106] [3,11,38,44,53,55,62,115] [2,16,17,31,40,50,82,120] [14,29,30,77,80,91,111,115] [1,9,53,63,65,80,84,103] [20,23,24,28,68,75,80,115] [2,8,46,47,100,104,120,121] [6,13,39,80,94,104,107,110] [5,22,32,45,47,83,87,114] [5,10,45,52,71,97,104,125] [11,31,44,54,71,74,90,127]
Token   8: [9,53,61,69,70,81,93,118] [45,53,62,67,83,86,91,122] [64,67,81,87,103,116,117,125] [1,11,26,32,61,76,87,101] [0,11,39,77,83,91,111,118] [18,31,75,80,97,103,111,119] [20,23,54,63,86,94,104,127] [33,44,48,69,72,73,82,106] [18,21,27,28,44,61,72,99] [0,43,45,48,49,80,97,111] [7,14,18,30,50,83,91,116] [1,13,58,69,86,90,115,120] [2,18,30,46,53,68,69,126] [13,24,25,44,55,68,106,121] [3,11,19,28,53,55,76,115] [3,7,23,40,50,82,89,98] [1,14,20,30,75,80,105,121] [1,9,14,45,53,90,97,112] [23,54,63,87,89,104,124,127] [32,33,48,72,73,82,100,106] [17,21,44,61,72,86,90,99] [43,48,71,80,97,99,102,111] [7,14,18,19,30,40,50,91] [1,13,20,58,69,90,92,115] [2,30,34,46,67,69,120,126] [29,33,44,55,106,107,118,121] [3,10,38,53,55,57,63,115] [3,17,23,40,75,82,89,121] [1,14,30,78,80,105,121,127] [1,9,14,45,68,82,90,112] [22,23,54,63,87,89,104,127] [5,32,33,44,73,82,100,106] [17,21,35,61,67,90,99,123] [0,43,48,71,76,80,99,111] [14,19,30,69,83,85,91,94] [1,13,54,58,60,90,102,115] [2,27,30,46,69,73,126,127] [29,32,33,55,79,93,106,121] [3,10,28,38,55,66,84,115] [16,31,34,40,49,75,89,121] [1,20,30,48,80,105,115,121] [1,9,14,45,80,82,90,97] [14,21,23,30,65,80,101,115] [4,5,37,46,75,83,104,120] [6,52,56,71,98,104,107,108] [2,22,27,32,37,45,77,114] [52,60,63,93,97,101,125,127] [20,34,55,58,73,85,86,117]
Token   9: [6,27,47,49,50,72,75,78] [9,15,22,28,49,93,122,126] [2,31,42,45,46,57,109,127] [4,37,74,82,94,100,103,124] [7,11,30,53,57,60,67,113] [2,18,20,31,51,63,75,110] [20,38,47,54,63,87,104,127] [31,32,33,44,59,73,82,106] [17,21,35,61,90,98,100,123] [0,7,17,71,76,80,82,111] [7,18,30,55,85,91,94,126] [4,18,43,48,59,60,90,99] [2,23,24,30,34,46,65,127] [2,12,25,29,61,66,92,106] [3,14,33,38,53,55,66,115] [0,3,32,40,75,80,89,121] [1,30,51,75,80,82,91,105] [1,3,9,18,39,82,90,112] [13,23,54,63,87,89,104,127] [32,33,56,59,73,82,100,106] [17,22,45,53,61,72,86,90] [0,7,17,71,76,80,82,111] [7,16,19,30,55,85,94,126] [1,20,30,54,59,60,90,99] [2,24,27,30,34,46,92,127] [12,29,47,61,78,92,93,106] [3,14,33,38,53,55,92,115] [0,3,40,75,80,89,117,121] [1,14,30,35,80,82,105,127] [1,9,18,39,82,89,93,112] [22,54,63,87,89,104,116,127] [32,33,45,56,73,82,100,106] [2,17,21,22,35,53,61,98] [0,7,17,76,80,82,99,111] [7,16,30,55,85,91,94,126] [30,48,59,60,65,90,99,102] [2,24,27,46,73,92,112,127] [29,45,61,87,92,93,103,106] [14,33,38,53,55,66,92,115] [0,16,25,40,75,80,89,117] [1,30,50,65,80,82,93,105] [1,18,34,39,72,82,93,99] [14,17,23,50,58,92,111,115] [5,15,37,46,83,98,104,120] [6,9,19,52,62,104,107,108] [2,20,32,37,45,77,92,114] [21,26,44,52,54,57,63,125] [39,42,48,53,58,80,98,116]
Token  10: [4,9,22,28,33,47,89,117] [2,24,25,28,46,78,122,126] [17,41,42,46,52,61,62,73] [37,51,59,74,100,108,114,117] [7,11,37,60,101,107,110,127] [0,18,20,24,31,93,110,119] [20,46,63,87,98,104,124,127] [7,19,32,33,44,45,82,106] [5,17,21,86,94,113,118,123] [7,17,35,59,68,80,82,92] [7,21,66,71,82,85,94,126] [25,60,65,73,75,90,99,100] [2,4,14,46,91,92,111,127] [20,52,62,89,92,97,106,112] [3,14,15,38,49,53,92,115] [17,32,40,75,89,110,125,126] [1,11,27,28,39,80,100,108] [18,27,36,49,75,82,100,112] [63,65,87,98,103,104,120,127] [7,19,24,32,33,82,100,106] [5,17,21,22,94,113,118,123] [0,7,14,34,35,80,82,92] [7,55,71,82,85,94,124,126] [1,25,60,65,73,97,99,100] [2,4,46,67,91,92,112,127] [20,52,61,62,89,92,106,112] [3,14,15,38,53,71,92,115] [0,25,32,40,75,89,125,126] [1,11,35,44,50,56,80,108] [18,36,49,75,81,82,101,112] [63,87,98,103,104,108,120,127] [2,7,19,32,33,82,100,106] [17,21,22,61,90,94,113,118] [7,35,71,80,82,92,99,111] [18,71,82,85,94,124,126,127] [1,25,54,60,65,73,99,100] [2,46,67,91,92,94,112,127] [20,52,62,63,92,106,112,123] [3,14,15,18,38,53,55,115] [16,31,32,40,54,107,125,126] [11,28,54,77,80,108,115,127] [0,18,49,63,65,75,82,100] [17,20,23,24,66,69,70,126] [47,56,75,83,99,104,120,121] [6,8,11,69,80,94,104,110] [5,22,45,76,83,87,88,114] [1,5,10,33,52,71,97,123] [15,23,31,44,74,82,92,127]
Token  11: [40,43,65,72,73,98,100,122] [18,38,49,70,94,100,122,127] [38,40,57,82,84,88,99,104] [6,31,34,73,74,94,123,124] [7,11,52,76,85,86,106,115] [18,31,59,61,64,66,75,125] [34,35,56,63,83,105,126,127] [33,45,49,73,82,106,109,112] [44,61,65,72,84,90,121,127] [0,9,51,71,80,110,111,122] [18,30,50,61,78,85,90,105] [1,24,28,49,54,60,61,99] [2,15,18,34,56,65,79,99] [6,10,15,26,28,83,106,118] [3,4,17,20,48,53,81,115] [10,16,17,31,40,85,101,121] [8,14,39,73,80,81,115,124] [1,19,42,69,99,103,105,112] [34,56,63,64,83,105,126,127] [3,33,49,73,82,100,106,112] [35,44,65,72,84,90,116,121] [0,9,51,80,98,102,110,125] [18,30,50,56,61,78,90,105] [1,23,24,49,54,61,92,125] [2,15,23,34,35,79,96,99] [15,26,28,58,91,106,110,118] [3,4,14,17,20,48,53,115] [2,16,40,59,70,85,101,127] [8,14,39,48,73,80,81,124] [1,19,21,42,48,55,105,118] [24,34,56,63,83,88,105,126] [33,49,75,82,100,106,109,112] [17,65,66,72,84,90,114,121] [0,9,51,80,98,110,111,125] [30,50,56,61,68,78,90,105] [3,23,24,49,54,60,61,125] [2,21,23,65,73,79,96,99] [15,23,28,58,78,91,106,118] [3,17,20,48,55,86,104,115] [17,40,52,70,85,101,103,127] [39,48,73,80,81,105,115,124] [1,19,21,42,48,55,69,103] [23,24,31,64,80,113,114,115] [31,37,46,77,88,100,104,120] [6,8,53,73,90,98,104,107] [22,27,32,45,54,87,101,114] [5,11,34,52,55,63,97,118] [20,44,57,73,74,77,105,109]
Token  12: [14,21,50,51,57,103,106,110] [3,6,9,49,62,95,109,122] [41,50,84,90,111,115,122,125] [4,12,34,39,71,87,115,123] [7,11,23,50,56,63,67,83] [18,31,47,51,68,103,105,110] [41,47,56,63,83,107,116,126] [3,24,33,48,82,100,106,109] [35,36,44,67,72,90,109,127] [0,9,32,65,80,98,110,122] [18,26,29,30,50,61,90,105] [24,48,49,54,61,69,109,115] [15,24,56,65,79,99,107,115] [6,23,26,28,66,83,106,118] [3,4,16,38,48,53,55,105] [16,23,31,40,72,85,99,103] [14,30,80,81,89,115,119,124] [1,18,19,78,83,90,99,103] [34,41,56,63,64,104,105,126] [3,33,49,59,75,100,106,112] [44,65,66,72,84,116,121,127] [0,9,65,80,98,110,122,125] [30,50,56,61,69,90,98,105] [23,24,26,32,49,54,61,125] [23,24,34,73,79,96,99,107] [66,78,80,82,83,91,106,118] [3,4,10,16,48,53,105,115] [6,16,17,23,40,72,103,120] [1,12,14,30,55,80,84,119] [1,2,9,35,66,82,90,103] [22,34,46,63,64,89,104,116] [33,44,56,73,82,94,100,106] [17,21,44,45,67,86,90,109] [32,49,65,68,80,98,102,111] [18,30,50,69,85,90,94,113] [3,20,59,60,69,85,109,115] [2,24,34,42,73,102,114,115] [10,23,66,82,98,106,113,118] [3,16,53,55,69,90,105,115] [9,16,17,40,61,72,103,120] [12,30,43,55,80,115,119,127] [2,9,35,66,78,82,103,112] [14,18,23,27,80,93,102,115] [6,29,36,46,87,100,104,120] [6,14,20,27,48,69,98,104] [12,22,27,32,45,58,70,114] [52,55,60,63,75,101,115,117] [36,47,66,86,88,120,123,124]
Token  13: [28,51,83,87,91,112,124,125] [9,16,29,45,48,67,68,122] [4,23,36,42,67,76,100,125] [12,61,70,73,92,100,101,112] [7,11,28,50,57,67,83,119] [10,31,63,74,87,93,110,115] [20,23,46,63,104,111,115,118] [2,33,44,69,73,82,100,106] [15,18,20,35,44,67,86,90] [0,32,35,65,66,68,80,102] [10,18,30,50,88,91,103,109] [22,36,42,48,53,60,69,115] [0,2,14,26,34,114,115,127] [23,68,76,82,83,91,106,110] [3,16,53,55,60,63,69,102] [16,17,32,40,50,72,75,126] [1,14,60,80,84,108,110,122] [46,64,77,82,90,94,103,122] [46,63,64,87,103,104,111,124] [2,32,33,44,82,94,100,106] [15,18,20,35,44,67,86,123] [0,17,35,66,68,80,102,111] [18,23,30,36,50,94,103,109] [20,22,42,48,53,60,96,99] [0,2,14,17,26,34,79,102] [41,82,83,91,98,106,110,112] [3,16,38,53,55,69,102,109] [16,17,32,40,50,58,72,120] [30,60,80,84,94,108,110,122] [15,46,64,78,82,90,94,103] [34,46,63,66,89,104,116,119] [2,33,44,56,82,94,100,106] [15,18,44,45,67,72,86,127] [32,35,57,65,68,80,102,111] [18,30,36,41,50,69,98,103] [8,22,53,60,69,85,96,115] [2,14,26,34,42,73,102,115] [10,18,41,57,76,82,91,106] [3,16,53,55,60,69,80,102] [16,17,31,40,60,72,120,126] [60,80,84,94,108,110,115,127] [15,36,46,52,64,78,103,122] [8,23,24,49,68,80,90,125] [12,19,49,80,100,104,121,125] [6,11,23,45,88,98,99,104] [17,22,26,45,46,76,112,114] [5,29,30,39,52,60,81,105] [15,21,35,74,95,111,121,127]
Token  14: [0,16,51,53,70,97,104,120] [20,24,34,62,76,86,107,122] [10,14,87,100,107,111,116,125] [12,13,25,32,76,89,101,105] [0,11,23,25,38,61,74,83] [18,31,47,74,80,97,107,119] [13,34,47,56,63,96,115,116] [33,44,60,82,87,94,100,106] [15,36,44,45,64,86,90,127] [0,32,51,65,80,94,97,102] [14,18,30,50,69,103,108,113] [8,28,48,67,69,86,89,115] [2,26,34,42,53,65,73,115] [21,44,68,75,82,83,98,106] [3,29,53,55,69,79,80,109] [6,16,17,31,40,50,60,99] [1,7,14,40,60,80,114,122] [1,15,52,53,77,78,94,103] [22,46,56,63,64,89,104,116] [33,44,59,82,87,94,100,106] [5,36,44,45,64,72,86,127] [0,32,65,68,80,94,102,111] [14,18,30,50,51,69,98,113] [20,46,48,60,63,69,89,115] [2,34,53,65,73,79,102,115] [44,75,78,82,83,91,98,106] [3,38,53,55,57,69,80,109] [6,16,17,40,60,61,82,120] [1,14,30,40,60,80,84,114] [1,9,15,52,53,77,82,103] [22,46,58,63,64,89,104,116] [21,33,44,82,87,94,100,106] [44,45,55,64,67,72,86,90] [0,17,66,68,80,94,102,111] [18,30,50,69,91,98,103,113] [3,8,60,69,85,86,89,115] [2,27,34,42,53,73,102,115] [10,21,44,75,82,91,98,106] [3,38,53,55,69,79,80,109] [9,16,17,31,40,50,60,120] [7,15,30,40,80,84,115,127] [9,15,52,53,77,78,103,117] [23,24,37,59,73,80,115,125] [20,43,46,49,81,100,104,120] [6,14,37,45,54,80,98,104] [22,27,45,46,63,84,112,114] [39,52,55,63,75,82,105,124] [10,27,32,35,52,71,90,95]
Token  15: [3,28,29,62,77,80,111,126] [11,45,62,76,78,86,114,122] [0,23,42,78,115,119,121,125] [1,11,20,25,76,101,105,119] [0,7,11,34,39,40,74,97] [1,30,60,80,97,103,122,123] [20,23,46,63,64,104,116,119] [33,44,48,82,87,94,100,106] [27,35,44,45,55,72,86,90] [0,51,62,68,80,94,97,102] [14,18,30,50,69,84,91,120] [48,60,68,69,86,97,115,120] [2,34,53,67,80,95,102,115] [24,31,44,68,75,82,95,106] [3,7,9,29,55,62,69,109] [6,16,17,40,50,79,99,120] [14,29,80,84,111,114,115,123] [1,9,53,77,78,84,103,107] [34,46,56,63,64,104,115,124] [5,33,44,82,87,94,100,106] [24,40,44,45,72,86,90,127] [0,17,68,76,80,94,102,111] [7,14,18,50,51,69,91,120] [20,48,60,68,69,89,97,115] [2,4,53,67,73,80,102,115] [24,29,44,49,82,91,95,106] [3,4,38,55,62,69,109,110] [6,16,17,40,61,63,98,120] [1,14,30,80,111,114,123,127] [9,53,65,77,82,84,103,120] [22,34,46,63,89,104,115,116] [21,33,44,82,87,94,100,106] [24,32,44,45,55,72,86,114] [0,17,68,76,80,94,102,111] [18,30,37,50,69,91,113,120] [48,60,68,85,86,89,115,120] [2,27,34,53,73,95,102,115] [24,44,49,68,75,91,95,106] [3,4,29,38,55,62,69,109] [2,16,17,20,31,40,50,120] [14,29,30,80,84,111,115,127] [53,65,77,78,80,82,84,103] [20,23,24,28,75,80,115,117] [8,46,47,96,100,104,120,121] [6,13,80,94,98,104,108,110] [5,22,45,47,63,83,87,114] [5,10,45,52,55,68,82,125] [11,31,44,54,74,90,112,127]
Token  16: [0,31,61,69,81,93,101,107] [26,45,60,62,83,91,98,122] [50,68,92,116,117,121,123,125] [1,20,25,93,99,101,106,119] [0,7,11,39,91,97,102,111] [30,31,55,80,97,99,111,119] [46,47,63,89,104,115,116,119] [24,33,44,72,82,94,100,106] [27,44,45,55,67,72,86,99] [0,17,62,68,76,80,102,105] [14,18,29,50,69,83,84,120] [13,22,36,58,69,86,115,120] [18,47,67,69,85,95,112,115] [13,24,31,44,68,85,106,121] [3,28,29,53,55,69,84,101] [3,6,17,34,40,50,98,100] [1,20,80,84,114,121,123,127] [5,14,30,45,77,97,103,107] [22,46,63,64,89,104,116,124] [5,33,44,72,82,94,100,106] [27,32,37,44,45,86,90,99] [0,17,68,76,80,85,102,105] [7,14,18,50,69,91,94,120] [13,58,60,86,89,90,100,115] [2,4,27,34,69,95,115,120] [44,55,82,85,91,106,107,121] [3,38,53,55,57,69,101,109] [3,6,17,34,40,63,100,120] [1,14,30,80,84,114,121,127] [1,5,9,30,45,77,82,121] [22,46,63,89,104,115,116,124] [33,44,72,82,88,94,100,106] [28,32,37,45,67,86,99,100] [17,68,76,80,85,102,105,111] [14,18,50,63,69,83,91,94] [13,15,58,60,85,86,96,115] [2,4,27,36,69,73,95,115] [13,68,79,85,93,106,107,121] [3,38,55,57,69,84,101,109] [3,16,17,34,40,50,100,120] [1,20,30,80,105,115,121,127] [1,9,14,30,45,77,97,121] [14,23,55,80,101,115,117,119] [4,5,36,46,58,100,104,120] [3,6,29,54,69,71,98,104] [2,22,27,45,71,114,117,127] [52,55,63,67,68,77,117,125] [32,34,55,58,86,112,117,124]
Token  17: [14,22,33,64,75,87,91,110] [9,13,28,60,63,71,122,126] [4,12,36,42,46,60,64,104] [24,70,73,74,80,93,100,106] [5,7,11,51,57,60,70,102] [20,55,75,87,103,115,119,122] [14,46,63,89,103,104,111,116] [5,32,33,44,82,94,100,106] [32,35,37,44,45,86,100,104] [7,17,35,41,68,76,80,102] [18,33,40,50,82,85,91,103] [39,60,62,85,94,97,100,122] [2,14,27,34,36,61,95,115] [2,40,68,85,87,106,109,112] [3,15,29,38,57,60,69,109] [6,17,32,40,50,54,63,100] [1,14,28,30,80,84,108,127] [1,9,26,30,36,65,77,82] [14,22,46,63,89,99,104,116] [5,21,33,44,82,94,100,106] [32,37,45,61,86,90,100,104] [7,17,24,35,68,76,80,102] [18,33,40,50,82,91,95,124] [18,42,43,60,85,94,97,100] [2,4,14,27,34,36,61,102] [57,62,68,85,87,91,106,112] [3,15,38,55,57,60,69,71] [6,17,32,40,54,100,120,126] [1,14,30,44,80,84,108,127] [9,36,65,77,81,82,103,120] [14,22,46,58,63,89,104,116] [5,33,36,44,82,94,100,106] [27,32,35,37,44,45,86,100] [7,17,35,41,68,76,80,102] [15,18,33,50,69,82,91,124] [25,42,60,85,94,97,100,115] [0,2,4,14,34,73,102,103] [57,62,85,87,91,106,112,123] [3,4,15,38,55,60,69,71] [17,20,31,32,40,54,107,126] [29,30,44,54,77,108,115,127] [0,9,36,63,65,77,82,121] [23,24,30,49,69,80,115,126] [8,46,56,68,75,100,120,121] [3,6,11,29,80,98,104,110] [5,12,22,45,47,54,83,87] [5,10,45,52,55,68,104,117] [11,15,31,44,74,82,112,127]
Token  18: [31,32,53,61,69,93,120,122] [2,25,45,52,63,83,91,122] [12,42,52,68,104,116,117,125] [1,20,25,89,93,100,101,106] [0,7,11,63,79,91,102,111] [30,55,97,100,103,111,119,125] [14,46,56,63,89,104,115,116] [5,33,44,72,82,94,100,106] [27,44,45,55,72,86,90,99] [0,17,43,51,68,76,80,105] [14,18,30,50,69,83,91,123] [13,58,60,86,89,104,115,120] [2,4,18,69,85,102,115,126] [44,68,79,85,91,95,106,121] [3,28,38,55,57,69,101,125] [3,17,34,40,45,50,100,120] [20,30,80,84,90,114,121,127] [1,7,9,45,61,77,97,103] [22,34,46,56,63,104,115,116] [5,33,44,72,82,94,100,106] [27,32,44,45,55,72,86,90] [17,62,68,76,80,102,105,111] [14,18,19,50,51,69,84,91] [13,20,58,60,86,89,90,115] [2,4,27,66,69,73,102,115] [32,44,79,85,91,95,106,121] [3,4,38,55,69,101,109,125] [3,17,34,40,45,63,100,120] [14,30,80,84,90,114,121,127] [1,5,45,61,77,80,82,103] [22,46,58,63,104,115,116,124] [19,33,44,72,82,94,100,106] [32,44,45,67,72,86,99,114] [0,17,68,80,85,102,105,111] [14,18,40,50,63,69,91,94] [13,58,60,72,85,90,115,120] [2,4,27,36,69,73,115,126] [32,79,91,93,103,106,117,121] [3,38,55,69,84,101,119,125] [16,30,31,34,40,45,50,100] [20,30,54,80,84,115,121,127] [5,14,45,61,77,80,82,97] [23,65,75,80,101,108,115,117] [4,46,58,65,66,100,104,120] [6,29,46,69,71,98,104,108] [20,22,27,45,50,54,71,114] [27,52,55,63,67,68,117,125] [32,34,55,58,73,86,112,117]
Token  19: [6,28,33,75,87,91,110,123] [4,24,28,45,60,63,65,122] [4,42,46,60,64,65,92,104] [5,20,23,25,93,100,103,106] [7,11,57,60,64,89,96,102] [18,30,55,71,97,103,112,119] [39,56,63,87,89,96,104,115] [21,31,32,33,44,82,94,100] [30,32,44,45,55,86,90,123] [0,17,51,62,76,80,100,102] [4,18,27,40,50,69,91,94] [22,45,56,58,60,90,97,115] [2,4,34,36,60,95,115,127] [8,29,43,47,68,85,91,106] [3,15,38,55,63,68,69,125] [11,17,30,40,45,50,100,106] [1,46,48,54,80,84,90,114] [1,7,54,57,77,82,99,114] [39,56,63,87,96,104,115,116] [33,44,48,58,82,88,94,100] [30,32,44,45,72,86,90,127] [0,17,62,80,85,100,102,111] [2,4,7,18,27,50,69,94] [30,31,45,56,60,72,94,95] [2,4,34,36,46,64,95,115] [8,29,43,47,89,91,106,117] [3,38,55,68,69,109,110,125] [17,30,32,40,45,63,100,106] [0,14,30,46,53,54,80,90] [5,11,57,73,77,80,82,120] [17,58,63,87,96,104,115,116] [32,33,40,44,58,82,94,100] [30,32,44,45,72,77,90,114] [0,17,51,76,80,85,100,111] [4,18,27,40,50,63,69,91] [45,53,56,60,72,94,95,100] [2,4,8,34,36,64,115,127] [8,35,47,91,103,106,112,117] [2,3,15,55,68,69,97,98] [11,30,31,32,40,50,100,106] [0,1,30,46,54,90,115,127] [11,54,57,77,81,82,88,89] [14,23,24,33,52,69,116,117] [53,66,68,99,100,115,120,122] [6,11,16,29,41,94,104,108] [18,45,48,50,71,86,87,95] [27,32,33,51,68,76,77,125] [14,23,44,58,82,107,112,114]
Token  20: [16,52,72,98,100,114,119,122] [25,52,63,78,96,103,106,122] [29,42,45,48,60,65,103,111] [5,19,25,46,93,100,103,106] [2,7,8,11,57,60,63,67] [18,20,31,55,71,91,110,112] [63,87,96,97,104,115,116,124] [1,21,32,33,44,82,94,125] [30,32,45,86,90,102,108,123] [7,17,68,76,80,85,100,102] [3,4,18,27,50,63,91,94] [31,45,72,90,95,97,99,100] [2,4,7,34,36,61,125,127] [8,29,85,92,93,106,112,117] [3,38,68,69,83,109,119,125] [17,29,32,40,45,89,99,106] [1,14,80,84,90,106,114,127] [1,5,7,57,77,82,114,121] [22,46,63,96,104,115,116,124] [32,33,44,82,88,94,100,106] [21,30,32,45,55,67,86,90] [17,68,76,80,85,100,102,111] [4,7,18,27,50,63,91,94] [25,45,53,60,72,90,99,100] [2,4,8,27,34,46,64,127] [8,67,92,93,103,106,112,117] [3,38,53,67,68,69,98,109] [17,29,32,40,45,75,89,120] [0,1,14,80,84,90,106,127] [5,7,9,22,44,57,77,82] [22,46,63,96,104,115,116,124] [21,32,33,44,82,88,94,106] [10,30,32,45,77,86,87,90] [7,17,67,68,80,85,100,111] [4,7,12,18,27,63,91,94] [45,53,56,60,72,90,95,99] [2,4,8,27,61,64,117,127] [0,8,67,93,103,106,112,117] [3,55,67,68,69,98,109,119] [29,30,40,45,50,63,75,106] [0,1,30,54,80,90,106,112] [5,7,44,50,57,73,77,82] [14,23,71,80,87,99,108,117] [20,46,58,66,68,100,104,115] [6,29,39,46,104,105,108,111] [4,20,45,50,71,91,99,114] [16,27,32,57,63,68,76,125] [3,8,53,76,87,102,104,112]
Token  21: [7,58,66,72,88,109,117,121] [1,25,27,44,52,63,65,122] [16,29,40,60,65,78,89,127] [19,25,46,84,91,93,111,119] [2,7,11,30,52,53,57,73] [17,18,31,64,74,91,103,110] [34,47,56,63,66,71,104,111] [24,33,44,59,82,100,106,109] [38,44,65,72,86,90,116,127] [0,17,49,51,80,102,111,122] [18,26,30,50,51,78,98,105] [3,7,24,28,48,49,60,125] [2,15,34,56,61,65,99,115] [10,15,26,28,58,78,91,106] [3,17,20,48,57,69,110,115] [16,17,40,49,70,85,101,120] [0,14,39,80,81,89,105,115] [1,7,18,19,21,33,42,77] [24,34,56,63,87,89,105,116] [3,33,49,59,82,100,109,112] [38,45,65,72,84,116,121,127] [0,9,10,49,80,110,111,125] [18,56,61,69,78,94,98,105] [7,21,23,24,49,61,96,125] [2,4,9,15,34,46,65,99] [15,28,58,92,104,106,112,117] [3,38,53,57,66,107,110,115] [6,16,40,49,58,59,75,120] [1,48,80,82,89,105,113,115] [1,72,75,77,82,88,93,100] [34,52,56,63,83,89,104,107] [19,24,33,44,82,94,100,106] [9,15,35,44,45,86,90,123] [10,17,49,68,76,80,102,111] [2,7,18,30,82,94,98,103] [4,21,28,37,53,79,96,99] [2,4,9,18,28,34,85,92] [20,52,61,67,93,106,112,117] [1,3,38,55,68,69,109,125] [29,30,32,40,45,50,63,106] [0,1,30,54,90,101,106,115] [5,7,11,44,50,57,77,82] [23,52,80,87,99,108,111,117] [0,10,46,58,66,100,115,122] [6,16,29,46,94,104,108,111] [29,50,65,82,87,91,95,99] [27,32,57,68,76,94,122,125] [4,44,53,74,87,92,102,107]
Token  22: [35,52,57,76,109,117,123,127] [25,27,52,63,103,109,115,122] [29,42,48,64,65,89,101,103] [12,19,25,67,93,100,101,106] [2,7,11,16,60,63,73,102] [18,20,23,31,55,71,110,112] [47,63,87,96,97,104,115,124] [9,33,36,40,44,82,94,100] [30,32,45,55,72,86,87,108] [17,62,68,76,80,85,100,102] [4,18,48,50,63,91,94,126] [45,53,56,72,94,95,99,102] [2,4,7,27,34,36,54,127] [8,29,67,85,91,92,106,112] [3,14,38,55,67,68,69,125] [17,29,34,40,45,50,87,100] [0,1,10,48,54,80,90,114] [1,5,7,44,50,57,77,82] [13,17,63,87,96,104,115,116] [32,33,44,58,72,82,94,100] [30,32,45,53,77,86,87,90] [0,17,68,76,80,85,100,105] [4,7,18,27,50,63,94,126] [30,31,45,53,56,59,60,95] [2,4,34,46,52,64,95,127] [8,35,47,67,91,92,103,106] [3,38,55,68,69,98,109,125] [16,17,29,32,40,63,87,125] [0,1,14,30,53,54,90,127] [11,13,50,57,73,77,82,120] [13,17,58,63,87,96,104,115] [32,33,44,58,82,88,94,100] [30,32,45,72,77,86,87,90] [14,17,51,68,76,80,85,100] [4,18,27,40,50,63,91,94] [45,53,56,60,72,85,94,95] [2,4,7,34,36,64,115,117] [0,8,35,47,67,91,106,112] [3,15,38,55,68,69,98,109] [16,17,30,31,40,50,63,125] [0,1,14,30,54,80,90,115] [5,7,11,44,50,57,77,80] [23,24,52,58,69,80,108,117] [46,58,66,99,100,115,120,122] [6,16,25,29,46,58,94,104] [5,50,64,71,87,91,95,99] [5,27,32,68,76,94,104,122] [4,44,53,87,102,107,112,127]
Token  23: [13,26,40,52,65,72,98,100] [18,50,63,94,100,122,124,127] [40,49,53,65,84,88,99,104] [6,19,25,37,86,93,101,116] [7,59,79,85,92,96,106,115] [33,42,55,59,64,66,71,112] [35,56,63,66,96,104,105,115] [5,33,49,58,82,84,94,100] [32,44,45,55,66,72,86,87] [0,17,26,62,76,80,85,100] [4,16,18,50,57,63,73,98] [26,32,45,49,53,61,95,115] [2,4,7,36,65,115,117,127] [6,29,47,78,91,103,106,112] [3,15,20,38,55,68,69,125] [17,29,32,40,50,63,85,125] [1,8,54,80,84,90,108,127] [1,5,50,57,72,77,78,82] [46,63,87,89,96,104,115,116] [5,33,44,82,88,94,100,123] [30,32,44,45,53,55,72,127] [0,17,68,76,80,85,100,111] [4,7,18,40,50,69,94,126] [20,25,31,45,60,94,95,99] [2,4,8,34,46,64,115,127] [29,47,78,91,92,95,106,112] [3,20,32,38,55,68,69,109] [16,17,32,40,52,63,75,125] [14,30,54,80,90,97,108,127] [1,19,50,57,61,77,80,99] [34,58,63,89,96,104,115,116] [33,44,56,58,82,94,100,123] [32,45,53,72,77,86,90,127] [0,17,26,51,76,80,85,100] [4,18,50,63,69,73,81,94] [45,52,53,60,72,85,94,95] [2,4,7,36,64,73,115,127] [13,35,47,78,80,91,106,117] [3,20,55,67,68,69,98,119] [16,30,31,40,45,50,52,63] [0,54,80,90,106,112,115,127] [1,5,7,57,72,77,80,82] [23,24,39,58,80,108,115,117] [46,58,66,75,98,100,115,120] [6,16,29,46,53,98,104,108] [2,20,45,50,71,87,95,114] [27,63,68,76,77,94,123,125] [58,73,76,84,87,107,109,112]
Token  24: [11,16,45,72,85,100,114,119] [18,22,63,70,106,119,122,127] [2,16,38,45,65,78,101,104] [2,19,25,29,74,81,86,93] [11,46,52,70,81,85,92,115] [9,25,37,59,64,66,73,91] [34,47,53,58,63,70,71,76] [9,18,24,59,82,100,106,109] [9,38,45,65,72,90,116,127] [0,2,17,19,49,55,80,96] [3,18,26,47,57,68,105,116] [7,21,24,28,30,49,59,125] [2,8,9,15,56,65,99,105] [0,15,19,26,28,58,78,103] [3,17,20,55,67,81,100,110] [16,40,49,59,70,85,101,120] [39,65,73,80,81,89,105,115] [18,21,33,42,55,78,82,83] [24,26,34,44,47,63,88,116] [9,24,59,62,100,106,109,112] [38,46,65,72,101,116,121,127] [0,10,49,80,87,96,122,125] [16,26,56,58,68,69,94,98] [3,7,21,23,28,96,103,125] [8,9,15,56,65,96,99,105] [0,15,26,28,58,78,103,104] [4,17,48,55,81,98,100,110] [16,32,49,59,70,101,120,127] [39,48,80,81,89,103,105,115] [1,18,21,42,55,82,83,88] [8,24,26,34,44,53,63,126] [9,18,59,62,75,100,109,112] [26,38,46,65,72,101,116,121] [0,10,19,49,87,96,122,125] [16,26,56,68,78,90,98,105] [3,7,21,23,94,96,121,125] [8,21,23,56,65,73,85,96] [0,20,26,47,78,103,104,112] [4,5,17,55,81,86,100,125] [11,49,59,70,75,101,120,127] [39,42,48,70,87,105,107,115] [1,18,21,34,55,59,78,88] [17,32,33,56,70,81,111,114] [31,68,69,71,72,80,96,99] [5,12,25,29,30,41,94,127] [16,29,41,54,67,73,107,110] [16,27,37,43,46,76,103,122] [3,46,58,76,87,102,104,112]
Token  25: [7,32,58,72,88,109,117,121] [1,8,25,27,44,63,65,122] [12,16,45,81,101,104,107,127] [19,25,71,72,81,84,100,126] [7,11,30,52,53,57,81,119] [18,44,59,64,74,93,110,119] [46,47,63,87,104,111,116,124] [27,33,44,45,82,94,100,106] [35,44,67,83,86,90,123,127] [0,7,17,49,68,80,102,111] [18,30,50,63,69,91,94,103] [18,20,28,53,59,60,99,100] [2,4,14,27,34,46,115,127] [10,40,89,91,92,106,112,120] [3,15,38,53,55,57,69,115] [6,17,32,40,75,89,91,125] [0,1,14,75,78,80,93,101] [9,18,27,75,77,82,100,112] [22,46,63,64,87,104,116,127] [32,33,44,82,88,94,100,106] [17,44,45,67,86,90,100,123] [7,17,68,76,80,96,102,111] [7,18,30,69,85,91,94,103] [21,53,60,67,96,99,100,115] [2,4,26,34,46,65,115,127] [2,29,92,93,99,104,106,112] [3,38,53,66,69,86,109,115] [3,6,16,17,32,40,75,89] [1,14,50,80,93,105,113,114] [1,72,73,77,82,88,100,103] [22,63,87,89,104,111,116,124] [19,33,44,56,82,94,100,106] [9,44,45,67,86,90,119,123] [7,17,66,68,76,80,102,111] [2,7,18,30,85,91,94,103] [4,21,53,60,96,99,100,104] [2,4,14,32,42,92,108,115] [12,20,27,92,103,104,106,112] [3,15,38,53,69,102,109,125] [11,32,40,75,89,110,120,125] [1,30,42,80,93,105,107,127] [1,34,59,72,73,82,88,100] [17,33,43,56,70,80,111,115] [30,46,61,74,80,82,98,99] [5,6,11,62,96,102,104,108] [29,41,51,86,88,91,99,114] [16,27,32,35,46,63,74,94] [4,53,72,94,102,107,110,118]
Token  26: [35,52,57,76,109,117,123,127] [8,24,25,27,52,63,77,122] [29,48,60,64,65,101,103,104] [25,29,64,74,86,93,101,106] [16,34,46,57,60,64,89,96] [9,18,20,55,71,103,110,112] [39,63,89,96,97,104,115,119] [33,36,44,82,88,94,100,106] [32,44,45,67,72,86,87,90] [0,14,17,26,68,80,85,102] [4,7,18,29,40,42,50,63] [13,45,53,60,90,94,95,110] [2,4,34,36,54,115,125,127] [18,29,31,47,85,91,106,117] [3,15,49,55,67,68,69,125] [3,17,19,34,40,45,50,75] [0,1,54,80,84,90,106,114] [1,7,33,77,82,100,103,114] [22,46,63,96,104,115,116,124] [33,44,48,82,88,94,100,106] [32,44,45,67,72,86,90,123] [0,17,43,68,80,85,102,111] [2,7,18,23,40,50,63,69] [9,13,28,31,60,72,90,102] [2,4,27,34,36,46,73,115] [32,78,85,91,93,104,106,117] [3,55,68,69,73,98,109,125] [16,17,34,40,45,63,99,117] [0,1,14,30,80,100,106,114] [1,7,50,73,77,80,82,100] [22,63,87,89,104,112,115,122] [19,31,33,44,82,94,100,106] [21,32,35,44,45,86,90,114] [0,17,62,68,80,85,102,111] [6,12,13,18,30,63,91,94] [45,46,53,60,72,85,90,95] [2,4,8,27,36,39,64,127] [32,38,47,67,93,103,106,117] [55,66,67,68,69,98,109,119] [29,30,40,45,63,89,125,127] [0,1,30,54,80,90,106,112] [5,7,50,55,57,73,77,80] [23,30,43,58,80,99,108,117] [5,46,58,66,98,100,104,115] [6,9,29,39,46,52,104,108] [45,50,64,71,91,99,114,117] [16,27,32,76,93,94,100,125] [3,53,72,76,87,102,107,113]
Token  27: [27,46,52,76,88,117,123,127] [4,25,27,44,52,63,109,122] [12,29,42,48,60,64,101,104] [19,25,60,73,74,86,100,103] [7,8,11,51,53,57,60,101] [18,20,55,74,93,110,112,119] [20,46,63,87,104,111,116,124] [32,33,44,45,82,94,100,106] [3,35,44,67,86,87,90,123] [0,7,17,67,68,76,80,102] [7,18,25,30,63,82,91,94] [18,53,60,72,90,97,99,100] [2,4,14,22,34,46,115,127] [40,67,89,91,92,106,112,117] [3,15,53,55,57,69,99,115] [3,17,32,40,75,89,91,125] [0,1,14,75,78,80,94,127] [18,27,75,77,82,100,112,121] [22,46,63,64,87,104,116,119] [32,33,44,45,82,94,100,106] [17,22,44,67,86,90,123,124] [7,17,49,68,76,80,102,111] [7,18,30,50,69,91,94,98] [21,22,53,60,67,96,99,100] [2,4,14,26,34,46,115,127] [51,92,93,99,104,106,112,117] [3,15,38,53,57,66,86,115] [3,32,40,61,75,89,91,125] [0,1,14,50,78,80,105,113] [1,72,75,77,82,88,100,103] [38,46,63,74,87,89,104,111] [7,32,44,56,73,82,100,106] [9,44,67,86,95,118,123,127] [7,25,38,49,68,80,102,111] [7,18,30,63,71,82,94,103] [4,53,72,96,99,100,107,117] [2,4,14,42,64,92,115,127] [20,52,67,92,93,106,112,117] [1,3,53,66,67,69,98,109] [14,29,32,40,45,63,89,125] [0,1,30,80,90,93,106,112] [1,7,34,50,57,73,77,82] [23,30,43,71,80,99,108,117] [5,46,58,66,68,100,104,115] [6,14,27,52,63,98,104,108] [4,45,50,51,64,65,99,114] [14,16,18,27,32,63,94,125] [3,4,53,72,87,102,107,113]
Token  28: [27,30,52,76,88,117,121,127] [13,25,27,49,52,63,109,122] [29,60,64,65,95,101,104,125] [19,25,60,67,69,74,93,100] [7,11,16,51,57,60,73,96] [9,20,31,55,71,103,110,112] [17,63,96,97,104,115,116,124] [32,33,36,44,82,94,100,106] [30,32,40,45,86,87,90,108] [17,62,68,76,80,85,100,102] [4,12,18,27,50,63,91,94] [45,53,54,56,60,95,97,100] [2,4,7,8,34,35,36,127] [8,31,67,85,89,91,106,112] [2,3,15,18,23,53,68,69] [16,17,32,40,45,75,89,120] [0,14,54,80,84,90,108,114] [1,36,50,57,63,77,108,114] [17,22,46,63,104,115,116,124] [33,44,48,82,88,94,100,106] [30,32,44,45,67,86,87,90] [7,17,68,76,80,100,102,111] [2,4,18,27,69,82,91,94] [1,28,45,53,56,60,95,100] [2,4,34,35,64,115,117,127] [8,31,67,89,91,95,106,112] [3,4,15,18,55,68,69,109] [16,17,32,40,61,75,89,107] [0,14,44,54,80,108,114,127] [0,11,50,57,63,65,77,108] [17,22,56,63,89,104,115,116] [19,33,44,82,94,100,106,123] [27,30,32,44,45,55,86,87] [17,62,68,80,85,100,102,111] [4,18,27,30,50,69,91,94] [45,53,56,60,85,94,95,115] [2,4,8,73,94,102,115,117] [8,31,47,63,91,106,109,112] [2,3,4,18,38,55,68,69] [2,16,17,30,31,40,54,107] [0,54,77,80,84,108,115,127] [0,9,50,57,63,65,77,103] [12,14,20,23,24,69,80,126] [8,46,47,53,100,120,121,122] [3,6,29,80,98,104,108,110] [5,22,45,47,83,87,99,114] [1,10,32,52,68,71,122,123] [4,15,31,44,74,82,107,127]
Token  29: [13,26,40,52,65,72,98,100] [18,50,63,94,100,122,124,127] [49,53,65,84,88,99,104,125] [6,25,31,37,86,93,100,101] [7,11,59,76,79,85,106,115] [42,59,61,64,66,97,109,125] [35,56,63,83,104,105,115,126] [5,33,49,82,94,100,106,112] [44,45,55,72,84,86,121,127] [0,9,26,62,80,85,102,110] [18,30,50,51,61,69,73,105] [24,26,45,49,53,61,95,115] [2,15,34,61,95,99,115,126] [6,13,28,68,78,80,91,106] [3,4,20,32,38,48,55,69] [16,17,31,32,40,50,63,85] [8,54,84,108,114,115,124,127] [1,19,42,69,72,77,78,103] [34,56,58,63,104,105,115,116] [5,33,44,49,82,94,100,106] [32,44,45,72,84,116,121,127] [0,9,17,76,80,85,110,125] [18,50,51,56,61,73,90,105] [23,24,26,49,54,60,61,96] [2,15,34,56,65,80,99,115] [6,15,26,28,58,80,91,106] [3,4,20,48,55,69,103,110] [2,16,40,59,63,85,99,120] [8,48,54,80,108,114,115,124] [1,19,42,72,77,80,103,118] [34,56,58,63,83,105,115,126] [18,33,49,59,94,100,109,112] [44,45,55,65,66,72,121,127] [0,9,26,80,85,98,110,125] [18,50,51,56,73,90,98,105] [23,24,26,49,54,60,61,85] [2,15,23,65,73,79,99,107] [6,13,15,31,78,80,106,118] [3,10,20,32,38,48,55,69] [16,17,30,31,40,61,85,101] [8,54,80,105,108,115,124,127] [1,19,53,72,77,78,90,103] [14,23,24,39,68,80,115,126] [5,8,46,77,88,100,104,120] [0,3,6,29,53,69,98,104] [2,5,22,27,45,87,114,117] [10,52,55,68,82,117,123,124] [32,73,74,86,90,95,109,124]
Token  30: [0,9,14,21,31,63,83,120] [6,8,34,41,42,63,122,126] [50,53,65,67,72,84,88,125] [5,6,20,25,64,76,86,93] [7,11,76,79,85,96,102,106] [31,42,47,61,97,103,109,125] [23,56,63,83,96,105,115,126] [5,9,33,48,49,82,94,100] [44,45,55,66,72,84,121,127] [0,9,17,62,80,98,102,110] [18,28,50,61,69,73,90,105] [22,26,28,49,53,61,90,115] [15,18,34,61,79,99,107,115] [6,13,21,68,80,91,106,118] [3,10,38,48,55,69,79,110] [16,17,23,31,40,50,85,103] [1,8,14,54,84,114,124,127] [1,15,19,69,77,99,103,122] [13,34,41,56,58,63,104,115] [5,33,44,49,58,82,94,100] [32,44,45,55,66,72,84,127] [0,9,17,76,80,85,98,110] [18,50,61,69,73,90,105,113] [20,23,24,26,49,54,60,61] [2,15,23,34,79,99,107,115] [6,28,80,82,83,91,106,118] [3,10,38,48,55,57,69,79] [6,16,17,40,50,58,85,120] [8,14,30,80,84,114,124,127] [9,15,19,62,69,77,82,103] [22,46,63,89,104,105,115,116] [21,33,36,44,49,82,94,100] [32,44,45,55,66,72,86,100] [17,62,68,76,80,98,102,111] [18,30,50,69,73,90,91,105] [24,26,49,60,61,85,90,115] [2,23,34,73,79,99,102,107] [6,13,28,80,91,98,106,118] [3,10,38,48,55,57,69,79] [6,9,16,17,31,40,85,89] [8,14,30,80,84,115,124,127] [1,9,15,19,53,69,77,103] [21,23,24,31,64,68,80,115] [12,46,49,77,88,100,104,120] [0,6,29,69,73,88,98,104] [17,22,27,45,46,54,112,114] [30,39,52,55,60,63,81,105] [32,35,73,74,86,95,111,117]
Token  31: [21,22,31,38,69,93,107,118] [8,23,25,34,60,76,83,122] [50,53,65,68,116,117,123,125] [1,5,25,29,64,86,93,106] [11,34,43,56,79,83,102,111] [2,31,42,47,96,109,111,119] [14,23,41,43,58,63,85,115] [5,33,44,72,82,94,100,106] [18,27,28,44,45,72,86,99] [17,62,68,76,80,98,102,105] [14,18,28,29,50,73,107,123] [1,26,46,58,69,85,115,122] [30,34,61,69,79,80,102,107] [6,13,35,68,91,106,118,121] [2,3,10,29,55,57,69,101] [3,17,23,34,40,50,64,87] [10,20,30,84,98,114,121,127] [1,30,45,77,90,97,123,124] [13,14,26,46,63,89,115,116] [5,33,44,72,82,94,100,106] [27,32,44,45,55,66,86,100] [17,68,76,79,80,98,102,105] [14,18,19,50,73,85,90,91] [1,20,26,58,85,90,115,122] [2,27,34,69,79,80,102,107] [13,80,83,85,91,106,118,121] [3,10,38,55,57,69,84,101] [3,17,34,40,58,87,100,120] [14,24,30,80,84,114,121,127] [1,9,30,45,77,82,90,97] [14,22,46,63,89,104,116,124] [5,33,36,44,82,88,94,106] [32,37,45,66,67,86,99,100] [17,68,76,80,98,102,105,111] [14,18,19,50,73,83,90,91] [1,13,26,58,85,90,96,115] [4,23,27,36,69,79,102,107] [13,55,83,85,106,107,118,121] [3,10,28,38,55,57,69,101] [3,16,17,34,40,50,89,100] [14,20,30,80,105,114,121,127] [1,9,14,30,45,77,90,97] [14,23,55,80,101,115,117,119] [4,5,26,36,46,100,104,120] [6,29,54,69,71,98,104,108] [2,22,27,45,54,114,117,127] [14,52,55,63,67,68,101,117] [32,34,55,58,86,112,117,124]
Token  32: [28,33,34,75,87,91,101,110] [28,37,60,63,71,77,90,122] [4,42,46,48,60,64,68,104] [21,24,68,71,73,74,100,106] [7,11,51,53,57,60,70,102] [18,20,31,55,93,110,119,122] [14,20,63,87,89,96,104,124] [5,32,33,40,44,82,94,106] [32,35,37,45,86,90,100,108] [7,17,41,68,76,80,102,105] [15,18,33,50,82,85,91,124] [48,62,75,85,94,97,100,122] [2,4,14,24,30,34,61,67] [2,34,40,68,91,106,112,127] [3,15,38,53,55,57,64,109] [17,31,32,40,54,63,89,106] [1,10,14,30,80,84,115,127] [1,3,9,26,61,78,82,92] [14,22,46,63,89,97,116,119] [5,33,36,44,82,88,94,100] [4,21,32,37,45,86,100,108] [0,7,17,35,68,76,80,102] [9,15,33,50,82,85,91,124] [1,18,25,85,92,94,97,100] [2,14,24,27,34,36,67,114] [1,2,89,91,106,112,120,127] [3,15,38,55,57,64,69,109] [0,32,40,54,89,100,106,119] [1,10,14,30,80,93,100,127] [3,30,61,73,78,82,92,100] [14,22,63,89,104,116,119,124] [5,33,44,61,82,88,89,94] [4,22,32,37,45,86,100,108] [7,17,41,68,76,80,82,105] [9,15,18,50,82,91,118,124] [1,18,25,85,92,94,100,116] [2,14,27,29,34,36,67,112] [68,87,89,91,106,112,120,127] [3,15,38,55,57,64,69,87] [15,17,32,40,54,77,100,106] [13,14,28,30,80,100,115,127] [1,9,30,61,77,92,100,121] [8,14,23,55,80,86,115,119] [5,26,46,68,80,100,104,124] [6,11,27,39,69,104,108,126] [2,12,22,32,45,92,114,117] [35,51,55,60,68,101,117,122] [10,21,26,30,57,58,94,114]
Token  33: [41,75,87,91,105,110,111,122] [13,16,37,38,46,59,63,103] [36,42,49,57,60,64,72,104] [20,24,70,71,73,80,100,106] [5,7,11,51,57,60,83,102] [1,31,55,96,103,115,119,122] [14,22,46,63,89,104,116,124] [5,33,44,82,88,94,100,106] [10,37,45,50,67,86,90,123] [8,17,35,41,68,76,80,102] [15,18,50,82,85,91,107,124] [1,46,60,69,94,97,100,122] [2,4,7,14,30,34,61,67] [2,40,62,68,87,106,109,112] [3,15,18,38,55,57,69,109] [16,17,32,40,54,89,100,125] [1,11,14,30,80,84,108,127] [1,9,26,36,62,77,100,112] [14,22,46,63,64,104,116,119] [5,33,44,82,88,94,100,106] [32,35,37,45,61,67,86,90] [7,17,35,68,76,79,80,102] [15,18,33,50,82,85,91,124] [1,46,73,85,92,94,97,100] [2,4,7,14,34,61,67,102] [2,57,62,87,89,106,112,127] [3,15,38,55,57,60,69,71] [17,32,40,54,120,121,125,126] [1,14,30,80,84,93,108,127] [9,26,36,65,77,81,82,100] [14,22,63,66,89,104,116,118] [5,33,36,44,82,88,94,106] [32,35,44,45,50,86,90,100] [7,17,35,41,68,76,80,102] [15,18,19,50,82,91,124,127] [1,54,73,85,92,94,100,115] [0,2,4,7,14,61,67,102] [41,57,62,63,68,87,106,112] [3,11,15,38,55,60,69,71] [17,20,32,40,54,107,125,126] [29,30,77,80,93,108,115,127] [26,36,63,65,77,82,100,103] [14,23,24,49,68,80,115,117] [30,46,56,68,100,104,120,121] [3,6,11,29,69,80,98,110] [5,22,27,45,47,83,87,114] [5,10,45,52,55,68,117,122] [15,31,44,74,82,86,112,127]
Token  34: [31,47,53,61,69,93,120,122] [2,25,45,63,83,91,103,122] [12,65,68,104,116,117,123,125] [20,29,71,73,89,93,101,106] [11,43,63,79,83,91,102,111] [30,31,55,71,96,103,111,119] [14,39,46,58,63,96,115,116] [5,33,36,44,72,82,94,100] [18,27,28,44,45,55,86,99] [17,43,62,68,76,80,102,105] [14,18,50,73,83,91,107,123] [1,13,26,46,58,69,115,122] [2,4,7,30,34,66,69,80] [16,44,68,79,91,95,106,121] [3,10,28,55,63,69,101,125] [3,17,34,40,45,50,100,120] [20,30,76,80,84,114,121,127] [1,7,45,61,77,97,122,124] [22,23,46,63,89,96,115,116] [5,33,44,72,82,88,94,100] [27,32,44,45,55,86,90,99] [17,51,68,76,79,80,97,102] [14,18,19,33,50,73,85,91] [1,54,58,85,90,92,115,122] [2,4,30,34,53,66,69,102] [33,44,47,91,95,106,117,121] [3,38,55,63,67,69,101,125] [3,17,32,34,40,45,100,120] [14,30,80,90,106,114,121,127] [5,7,45,61,62,77,80,82] [22,46,58,63,89,104,115,116] [19,33,44,82,88,94,100,106] [32,45,50,67,72,86,90,99] [17,68,76,80,85,102,105,111] [12,14,18,19,50,63,73,91] [1,54,58,60,72,85,90,115] [4,27,35,36,66,69,115,126] [32,33,47,79,93,106,117,121] [3,55,66,67,69,101,119,125] [16,17,29,30,34,40,45,100] [30,54,80,84,90,112,115,121] [7,14,45,61,77,80,82,97] [14,21,23,65,80,101,108,117] [4,46,58,65,66,100,104,120] [6,29,46,54,69,71,98,104] [2,20,22,45,50,54,71,114] [27,52,55,63,67,68,77,117] [20,32,34,55,58,73,112,117]
Token  35: [6,28,75,77,87,91,110,123] [1,45,60,63,65,72,75,122] [4,36,46,60,64,65,104,125] [5,20,25,60,64,93,103,106] [7,11,57,60,64,83,96,102] [30,43,55,71,99,103,109,112] [25,39,63,87,96,104,115,116] [21,33,36,44,82,88,94,100] [30,32,44,45,55,86,90,123] [7,17,62,76,80,85,100,102] [4,18,27,50,63,91,94,107] [1,45,53,56,72,75,85,90] [2,4,30,34,35,36,61,101] [8,13,35,43,47,85,91,106] [3,14,38,68,69,94,119,125] [17,30,40,45,50,63,84,106] [10,39,46,54,84,90,114,115] [1,5,11,57,77,82,99,124] [17,39,58,63,87,96,115,116] [32,33,48,58,82,94,100,125] [30,32,35,44,45,55,86,90] [0,17,51,62,79,80,85,100] [2,4,12,18,19,27,31,50] [1,45,56,60,72,75,85,95] [2,4,24,34,35,46,64,102] [8,38,43,47,67,91,106,117] [3,14,67,68,69,98,109,119] [16,17,29,30,40,45,63,106] [0,14,46,54,90,97,112,114] [5,7,11,13,57,73,77,80] [17,58,63,87,96,104,115,116] [33,44,48,58,82,89,94,100] [30,32,45,72,86,90,108,114] [0,17,51,62,68,80,85,100] [4,12,18,19,27,31,40,91] [1,45,53,54,56,72,95,100] [4,7,8,35,36,41,64,89] [8,38,47,67,91,106,112,117] [3,15,55,67,68,69,98,119] [11,29,30,31,45,50,100,106] [0,30,34,46,54,90,112,115] [7,11,57,77,81,82,88,123] [14,23,52,69,87,108,116,117] [5,7,53,66,68,100,115,122] [6,11,19,25,29,41,94,108] [18,20,31,45,50,71,95,114] [1,27,32,51,68,77,94,122] [14,28,44,57,58,82,107,112]
Token  36: [11,16,72,85,98,100,114,119] [25,52,60,63,72,78,106,122] [29,42,45,60,65,103,111,127] [5,19,20,25,46,93,103,106] [2,7,11,43,57,60,63,92] [18,20,31,55,71,110,112,119] [39,63,87,96,97,104,115,116] [21,33,40,44,58,82,94,106] [30,32,45,86,90,102,108,123] [7,17,68,76,80,85,92,100] [4,12,18,27,63,91,94,98] [31,45,53,72,75,90,95,102] [2,4,8,27,34,61,71,125] [8,35,85,92,93,106,112,117] [2,3,38,67,68,69,109,125] [17,29,40,45,50,58,106,120] [30,54,80,84,90,106,114,127] [1,5,7,57,77,82,100,105] [22,46,63,87,96,104,115,116] [32,33,44,82,88,94,100,106] [21,30,32,45,55,67,86,90] [17,62,68,80,85,100,102,111] [4,12,18,27,50,63,91,94] [45,56,60,72,75,90,95,104] [2,4,8,27,34,46,61,102] [35,83,92,93,103,106,112,117] [3,38,67,68,69,98,109,125] [17,29,32,40,45,89,106,120] [0,14,30,80,84,90,106,127] [5,7,44,57,62,73,77,82] [17,22,46,63,66,104,115,116] [9,33,44,82,88,94,100,106] [30,32,45,67,77,86,87,90] [7,17,68,76,80,85,100,111] [4,12,18,27,50,63,91,94] [45,53,56,60,72,90,95,102] [2,4,8,27,64,117,126,127] [0,8,38,67,93,103,106,117] [3,67,68,69,98,109,119,125] [17,29,30,40,45,63,106,127] [0,30,48,54,80,90,106,112] [5,7,44,50,55,57,77,105] [14,23,52,71,80,99,108,117] [5,46,58,66,68,100,104,115] [6,29,39,46,57,69,105,111] [29,45,50,54,71,99,114,116] [16,27,32,51,52,68,76,125] [3,8,53,76,87,102,104,112]
Token  37: [7,32,58,72,76,88,109,123] [1,25,27,52,63,65,97,122] [2,16,29,40,60,65,89,127] [19,25,28,46,84,93,94,111] [7,11,34,52,53,57,63,96] [18,31,71,74,103,110,112,119] [46,56,63,87,96,104,115,116] [31,32,33,44,82,94,100,106] [35,45,53,67,77,86,90,123] [0,7,17,68,80,96,102,111] [18,27,30,50,63,69,91,94] [21,28,53,60,72,96,99,100] [2,4,8,27,34,65,115,127] [10,40,66,67,91,101,106,112] [3,15,23,38,53,57,69,115] [3,6,16,17,32,40,89,125] [0,1,50,80,93,101,105,114] [1,7,57,75,77,82,100,103] [46,52,56,63,64,87,104,116] [19,32,33,44,82,94,100,106] [35,44,45,67,83,86,90,123] [7,17,68,80,100,102,104,111] [7,18,30,63,69,91,94,98] [21,53,60,72,90,96,99,122] [2,4,14,26,30,34,46,127] [2,8,29,92,104,106,112,117] [3,53,57,66,69,86,109,115] [3,6,17,37,40,75,89,120] [0,14,80,82,93,101,105,114] [1,72,77,82,88,90,93,100] [52,56,63,65,87,104,111,115] [19,32,33,44,56,82,100,106] [9,35,67,77,83,86,90,123] [7,10,17,38,68,80,102,111] [2,7,18,30,58,82,94,103] [4,21,37,46,53,72,96,99] [2,4,14,34,36,64,80,92] [8,20,52,67,91,93,106,117] [3,12,55,67,68,69,109,125] [29,30,32,40,45,63,106,125] [0,30,48,54,90,106,112,115] [7,11,44,50,55,57,77,80] [23,52,69,80,99,108,111,117] [0,46,58,66,68,100,115,122] [6,16,29,39,46,104,105,111] [29,50,65,82,87,91,95,99] [1,27,32,57,68,76,94,122] [4,8,44,53,87,102,107,112]
Token  38: [35,52,57,76,109,117,123,127] [25,27,38,52,63,65,85,97] [29,42,48,60,65,89,101,112] [19,20,25,28,46,81,93,108] [2,7,11,16,57,60,63,96] [18,20,31,43,55,93,110,112] [39,63,65,87,96,97,104,115] [32,33,44,58,82,88,89,106] [30,32,45,86,87,108,123,124] [7,17,60,62,76,80,85,100] [4,5,18,27,63,91,94,126] [45,53,72,84,95,99,100,121] [2,4,8,27,64,71,117,127] [8,35,47,67,91,92,106,112] [1,3,14,38,67,68,69,109] [17,29,32,38,40,50,63,100] [0,30,54,76,84,90,97,114] [1,44,50,57,77,82,88,122] [17,22,46,58,63,96,115,116] [32,33,44,58,82,88,94,100] [30,32,45,53,55,77,87,90] [0,17,51,68,80,85,100,107] [4,18,19,27,50,91,94,126] [1,31,45,53,56,60,95,102] [2,4,34,35,54,64,91,117] [8,35,47,67,91,95,106,112] [3,14,38,55,68,69,97,109] [2,32,40,50,63,84,99,120] [0,28,30,53,54,90,97,127] [11,13,50,57,73,77,80,99] [9,17,58,63,87,96,115,116] [33,44,58,82,88,94,100,123] [18,30,32,45,72,77,87,90] [17,51,68,80,85,100,111,115] [4,18,19,27,31,50,91,94] [1,45,56,60,85,92,94,95] [2,4,7,34,36,64,91,117] [8,35,47,63,67,91,106,112] [3,38,55,68,69,97,98,109] [2,16,17,30,40,54,63,125] [0,14,30,54,80,90,115,127] [5,7,11,44,50,57,77,100] [14,23,24,52,69,80,108,117] [46,47,58,66,100,115,120,122] [6,16,25,29,46,94,104,108] [5,50,65,82,87,95,99,121] [1,5,27,32,68,94,104,122] [4,14,44,58,74,107,112,127]
Token  39: [13,26,40,52,65,72,98,100] [18,50,63,94,100,122,124,127] [40,49,65,84,88,99,104,125] [6,19,25,37,71,86,93,116] [7,11,76,85,96,102,106,115] [42,55,59,61,66,71,112,125] [56,63,83,88,96,104,105,115] [5,33,44,49,82,94,100,106] [44,45,55,84,86,121,123,127] [0,9,17,62,68,76,80,102] [4,18,26,50,61,73,91,105] [1,24,26,45,49,60,61,95] [2,4,8,15,34,99,102,115] [6,15,28,47,91,95,106,112] [3,15,20,38,48,57,69,125] [16,17,30,32,38,40,85,120] [30,54,80,84,90,114,115,127] [1,9,19,72,77,99,103,122] [10,46,56,63,88,105,115,116] [5,33,44,49,82,88,94,100] [27,44,45,84,86,90,116,121] [9,17,68,76,79,80,110,125] [18,45,50,56,61,91,102,105] [1,24,45,49,61,85,92,122] [2,4,15,34,35,36,99,102] [15,28,35,36,91,106,112,125] [3,14,20,48,69,86,103,125] [6,16,32,40,64,75,85,99] [28,39,54,62,80,114,115,127] [19,61,72,77,93,103,105,118] [34,56,63,88,89,96,105,115] [33,44,49,58,94,100,112,123] [5,32,44,45,65,84,90,121] [0,9,62,79,102,104,110,125] [18,45,50,56,61,73,86,105] [1,4,23,24,49,54,85,92] [4,8,23,34,41,91,92,101] [15,20,47,80,91,93,106,112] [3,20,32,49,55,69,109,125] [16,40,45,63,64,89,106,125] [28,30,42,48,54,80,106,115] [5,7,53,72,77,80,82,100] [23,24,30,39,80,108,115,117] [30,46,58,66,75,98,100,120] [6,16,29,46,53,64,69,104] [2,20,29,45,64,71,95,114] [27,63,68,76,77,94,123,125] [49,58,61,76,84,107,109,112]
Token  40: [11,16,45,72,85,100,114,119] [18,22,63,72,106,119,122,127] [2,16,38,45,65,78,101,104] [2,19,25,29,81,86,93,112] [11,52,70,81,83,85,92,115] [25,37,59,64,66,73,91,97] [34,47,53,63,70,71,76,89] [18,24,59,82,100,106,109,112] [9,38,45,65,72,90,116,127] [0,2,19,49,55,80,96,125] [16,18,26,57,68,78,90,105] [3,7,24,28,49,60,61,125] [2,9,15,56,65,96,99,115] [0,15,19,23,28,58,78,106] [3,17,20,48,57,90,100,110] [16,40,49,61,70,85,101,120] [14,30,65,73,80,89,105,115] [1,18,19,42,77,78,82,83] [24,34,41,56,63,104,105,116] [24,33,49,82,94,100,106,112] [35,38,65,72,84,116,121,127] [0,9,10,49,80,96,111,125] [2,18,30,56,61,69,94,98] [7,21,23,28,60,96,99,125] [2,9,34,46,56,65,96,127] [42,58,77,91,103,104,106,112] [3,38,53,69,86,107,110,115] [6,16,40,49,59,61,70,120] [1,14,30,80,84,89,105,115] [1,18,21,72,77,82,93,103] [34,46,56,63,64,104,115,116] [33,44,60,82,94,100,106,110] [9,15,35,44,45,67,86,123] [10,25,66,68,80,102,104,111] [2,18,30,45,103,109,111,112] [4,21,28,37,64,94,96,116] [2,9,14,28,32,34,42,92] [10,20,27,77,91,104,106,112] [3,22,53,69,102,107,109,125] [11,37,40,59,75,89,120,125] [1,42,48,50,62,80,107,113] [13,34,59,72,77,82,88,93] [8,17,25,33,43,56,111,114] [18,61,69,72,74,80,82,99] [5,6,12,25,30,42,104,127] [29,31,41,51,88,110,113,114] [16,43,46,63,74,93,100,125] [3,10,67,76,87,102,104,112]
Token  41: [7,32,58,72,88,109,117,121] [1,8,25,27,63,65,87,122] [12,16,45,95,101,104,107,127] [19,71,72,81,84,103,115,126] [7,11,30,52,53,57,63,81] [18,59,64,74,103,110,114,119] [34,46,47,56,63,71,87,104] [24,33,44,59,82,94,100,106] [35,38,44,67,72,86,90,127] [0,7,17,68,80,102,111,122] [18,30,50,51,68,69,78,98] [3,7,24,28,53,60,99,125] [2,4,15,34,56,65,115,127] [23,26,28,58,82,91,103,106] [3,17,20,53,68,69,110,115] [6,17,32,40,61,85,89,101] [0,14,80,84,101,105,114,115] [1,19,72,77,82,88,103,105] [34,56,63,64,87,104,105,116] [9,33,49,82,94,100,106,112] [35,44,65,84,86,116,121,127] [0,9,10,80,102,110,111,125] [18,30,56,61,69,94,98,105] [21,23,24,49,61,96,99,125] [2,9,15,26,34,65,96,99] [15,28,58,92,99,104,106,112] [3,38,48,53,66,107,109,115] [6,11,16,40,58,59,61,120] [50,80,82,89,93,105,113,115] [1,18,72,77,82,88,93,103] [34,44,46,52,56,63,83,116] [9,33,44,60,82,94,100,106] [9,15,35,44,45,72,86,127] [7,10,66,68,80,102,105,111] [2,7,18,33,58,82,103,109] [4,8,14,21,28,37,79,99] [2,9,32,34,36,42,52,92] [10,20,52,73,77,104,106,124] [3,15,53,69,86,103,109,125] [11,40,58,59,61,75,83,120] [1,42,48,50,62,80,107,113] [13,34,59,77,82,88,93,105] [4,17,33,56,70,96,111,114] [24,30,41,46,61,74,75,82] [5,11,25,30,62,64,99,127] [29,48,64,73,88,99,114,121] [16,27,32,46,74,81,94,100] [4,53,72,99,102,107,110,118]
Token  42: [35,52,57,76,109,117,123,127] [8,25,27,52,63,103,109,122] [29,48,60,64,65,101,103,104] [2,20,23,25,29,74,93,101] [2,11,16,57,60,64,89,96] [20,55,71,99,103,109,110,112] [39,43,58,63,96,104,115,126] [21,33,44,82,84,94,100,106] [18,32,45,55,67,86,102,123] [14,17,26,34,62,68,80,85] [4,5,18,36,42,50,63,91] [13,45,53,60,90,94,102,110] [2,4,30,34,36,54,60,111] [43,47,85,91,92,106,117,118] [3,49,63,67,68,69,119,125] [17,19,34,40,45,50,63,122] [0,30,54,80,84,90,106,114] [1,7,50,77,82,90,100,124] [22,46,63,89,96,104,115,116] [33,44,82,88,94,100,106,123] [18,32,44,45,55,67,86,123] [17,51,62,68,80,85,102,111] [18,19,28,40,42,50,63,91] [13,58,60,72,85,90,110,115] [2,4,27,30,34,36,69,102] [47,78,79,85,91,95,106,117] [3,27,55,63,67,69,98,125] [17,29,34,40,45,75,120,125] [0,14,30,80,84,106,114,127] [7,9,50,73,77,82,99,124] [22,39,63,66,89,104,115,116] [33,44,56,82,88,94,100,106] [18,32,37,40,45,67,86,90] [17,26,68,76,80,85,102,111] [18,19,30,36,50,63,91,94] [1,45,53,60,72,85,95,110] [4,8,27,35,36,41,102,126] [13,34,47,91,93,103,106,117] [3,55,67,68,69,98,109,119] [16,26,29,30,40,45,63,127] [0,30,34,54,90,106,112,115] [5,7,50,55,57,77,80,82] [14,23,58,66,80,99,108,117] [5,58,66,68,82,98,100,115] [6,29,39,46,52,102,104,108] [29,50,64,71,91,99,107,114] [14,16,27,35,74,76,94,122] [0,3,53,72,76,87,102,107]
Token  43: [27,46,52,76,88,117,123,127] [4,25,27,44,52,63,109,122] [12,29,42,48,60,64,81,104] [18,19,20,25,73,74,86,100] [7,11,37,51,53,57,70,101] [18,51,55,74,93,110,112,119] [20,46,63,87,104,111,116,124] [19,32,33,44,82,94,100,106] [3,35,45,67,86,87,90,123] [7,17,67,68,76,80,102,111] [7,18,30,50,63,91,94,126] [18,21,53,60,72,90,99,100] [2,4,8,14,34,65,115,127] [40,89,91,92,104,106,112,117] [3,15,38,53,57,69,71,115] [3,17,32,40,75,89,91,125] [0,1,14,80,84,93,100,105] [1,9,75,77,82,100,103,121] [22,46,63,64,87,104,116,124] [32,33,44,82,88,94,100,106] [35,44,45,67,86,90,94,123] [7,17,66,68,76,80,102,111] [18,30,50,63,69,91,94,98] [21,22,53,60,67,96,99,100] [2,4,14,34,61,92,115,127] [51,92,93,99,104,106,112,117] [3,15,38,53,57,66,109,116] [3,6,32,40,75,89,120,125] [1,14,30,80,84,93,94,105] [1,66,72,73,77,82,100,103] [46,63,66,87,89,102,104,116] [19,33,44,82,88,94,100,106] [9,32,45,67,86,90,123,127] [7,17,66,68,76,80,102,111] [7,18,21,30,82,91,94,103] [4,53,60,94,96,99,100,104] [2,4,14,27,32,92,115,127] [20,85,92,93,103,104,106,112] [3,15,24,38,69,102,109,125] [0,32,40,75,89,110,120,125] [0,28,30,42,48,80,93,107] [1,34,50,59,73,77,82,88] [4,14,17,33,56,80,111,117] [10,18,46,72,80,82,99,115] [5,6,11,25,46,102,104,108] [29,41,50,64,88,99,110,114] [16,27,32,43,76,93,94,125] [3,4,53,72,87,102,107,119]
Token  44: [27,30,52,76,88,117,121,127] [13,25,27,52,63,97,109,122] [12,29,60,64,65,95,101,104] [19,20,25,60,69,74,93,100] [7,11,16,51,57,60,96,119] [9,20,31,55,71,103,110,112] [17,39,43,63,96,97,104,115] [32,33,44,82,89,94,100,106] [18,30,32,45,67,86,87,108] [17,62,68,76,80,85,100,102] [4,18,27,36,50,63,91,94] [1,36,45,53,56,60,95,100] [2,4,7,8,34,35,36,94] [8,31,47,85,87,91,106,112] [2,3,14,15,18,69,81,105] [16,17,32,38,40,48,107,120] [0,44,54,80,84,108,114,127] [1,50,57,63,77,90,108,114] [17,22,46,63,88,96,115,116] [33,44,58,82,88,94,100,106] [18,30,32,35,44,45,86,90] [17,51,62,68,80,85,100,102] [4,18,19,27,31,36,50,91] [1,45,53,56,85,92,94,95] [2,4,34,35,36,61,94,117] [8,31,47,91,95,106,109,112] [2,3,14,18,68,69,81,109] [2,16,17,32,40,64,99,120] [0,14,30,44,54,62,114,127] [0,11,50,57,63,65,77,108] [17,22,56,63,88,115,116,126] [33,44,48,82,89,94,100,123] [18,27,30,32,44,45,87,90] [17,41,51,62,80,85,100,102] [4,18,27,31,36,50,82,91] [1,45,53,54,56,85,92,95] [2,4,34,35,38,67,94,115] [8,31,47,63,91,106,109,112] [2,3,4,18,55,68,69,81] [2,16,17,30,31,32,40,107] [0,54,77,80,84,90,115,127] [0,50,57,63,65,77,82,103] [14,20,23,24,69,80,117,126] [20,46,47,53,100,120,121,122] [6,11,29,80,98,104,108,110] [5,22,45,47,54,83,87,99] [1,5,10,32,68,71,122,123] [4,14,31,44,74,82,107,127]
Token  45: [40,43,52,65,72,73,98,100] [18,38,63,70,94,100,122,127] [38,40,57,82,84,88,99,123] [2,6,31,53,84,86,116,124] [7,11,13,73,76,85,106,115] [37,59,61,64,66,97,103,125] [34,47,56,63,83,88,105,115] [18,33,49,82,94,100,109,112] [44,45,65,72,84,90,121,127] [0,9,17,51,76,80,102,110] [18,26,30,50,56,61,78,105] [24,28,49,53,54,60,61,125] [2,15,34,56,65,79,99,115] [6,15,23,28,58,78,106,118] [3,4,17,20,38,48,69,81] [10,16,17,40,70,85,101,103] [8,30,39,73,81,114,115,124] [1,18,19,42,69,78,99,105] [24,34,56,63,88,105,115,126] [3,33,49,59,75,100,109,112] [38,65,66,72,84,116,121,127] [0,9,49,80,98,110,122,125] [19,50,51,56,61,90,98,105] [23,24,32,49,54,61,92,125] [2,15,21,23,65,79,96,99] [15,28,33,58,78,80,110,118] [4,17,20,48,55,86,100,110] [16,40,49,70,85,101,120,127] [8,39,48,73,80,81,115,124] [1,19,21,42,55,83,103,105] [24,34,56,63,83,105,107,126] [3,18,33,49,75,100,109,112] [44,45,65,66,72,90,121,127] [0,9,80,84,98,110,122,125] [18,50,56,61,78,90,98,105] [3,23,24,49,54,60,61,125] [2,15,21,23,65,79,96,99] [15,23,28,58,78,91,106,118] [3,17,20,48,55,86,90,104] [9,17,40,52,70,85,101,103] [39,73,80,81,84,115,124,127] [1,19,21,42,48,69,78,103] [23,24,31,64,80,113,114,115] [31,37,46,77,88,100,104,120] [6,38,53,69,73,90,98,104] [22,27,32,45,54,87,101,114] [11,34,52,55,60,63,101,117] [20,57,73,74,86,105,109,124]
Token  46: [14,21,50,51,57,103,106,110] [3,6,9,28,33,62,95,122] [36,41,84,90,100,115,122,125] [4,12,39,71,86,87,95,127] [7,11,34,50,56,63,67,83] [18,31,47,51,103,105,110,119] [26,56,58,63,87,96,104,116] [32,33,36,44,82,94,100,106] [36,44,45,67,72,86,109,127] [0,32,51,65,68,80,96,102] [1,7,18,29,30,50,91,123] [48,53,60,67,69,85,109,115] [2,24,34,61,79,95,114,115] [21,23,31,66,68,82,98,106] [3,16,38,53,55,69,105,109] [16,17,40,50,64,72,103,120] [14,55,80,81,84,119,122,127] [2,66,75,77,78,82,90,103] [22,34,46,56,63,104,116,126] [33,44,59,75,82,94,100,106] [5,36,45,67,72,86,109,127] [0,65,68,80,92,98,102,111] [16,18,29,30,50,69,91,113] [20,26,59,60,63,67,69,109] [2,24,34,71,73,79,107,115] [23,33,66,82,83,98,106,118] [3,10,16,38,53,57,69,105] [6,16,17,40,64,72,103,120] [14,30,55,80,84,114,119,127] [2,9,62,66,77,82,90,103] [22,46,63,64,87,89,104,116] [21,33,36,44,82,94,100,106] [35,44,45,55,67,86,90,109] [32,51,57,65,68,80,102,111] [18,30,50,69,88,91,113,123] [53,59,60,69,85,89,109,115] [2,24,30,34,73,79,102,114] [10,23,66,82,98,106,113,118] [3,16,38,53,55,69,90,105] [3,9,16,17,40,72,89,120] [12,30,43,80,84,115,119,127] [2,9,35,66,78,82,90,103] [14,18,23,27,80,93,102,115] [5,6,29,36,46,87,100,104] [6,14,20,48,56,69,98,104] [22,27,32,45,58,70,80,114] [52,55,63,75,98,101,115,117] [36,47,66,86,88,120,123,124]
Token  47: [28,51,83,87,91,112,124,125] [9,16,29,45,48,67,68,122] [4,36,42,67,76,100,125,126] [12,70,73,92,100,101,112,114] [5,7,11,27,28,50,57,61] [10,31,63,74,87,93,110,115] [46,63,87,104,111,115,116,118] [2,32,33,44,73,82,100,106] [15,18,20,35,44,67,86,127] [32,35,65,66,67,68,80,102] [10,18,30,50,91,103,109,111] [8,22,36,42,48,53,60,69] [0,2,14,26,27,34,115,127] [13,35,68,76,82,91,98,106] [3,53,55,60,63,69,90,102] [16,17,40,50,60,64,72,120] [1,14,60,80,84,108,110,122] [15,46,52,64,77,82,94,103] [46,56,63,103,104,115,116,119] [2,33,44,82,88,94,100,106] [15,18,35,44,67,86,123,127] [0,32,35,66,68,80,102,111] [18,23,30,36,50,69,103,109] [8,22,42,48,53,60,96,99] [0,2,14,26,34,73,102,115] [35,41,78,82,83,91,98,106] [3,38,53,55,60,69,102,109] [6,16,17,40,60,61,64,120] [14,30,60,80,84,94,110,122] [15,46,52,77,78,82,94,103] [46,56,63,89,99,104,116,119] [27,33,44,56,82,94,100,106] [18,20,44,67,72,86,90,127] [32,35,57,65,68,80,102,111] [18,23,30,36,50,69,103,109] [22,42,53,60,69,85,99,115] [2,26,34,42,73,80,102,115] [10,13,18,41,76,82,91,106] [3,16,53,55,60,69,80,102] [9,16,17,31,40,60,72,120] [60,80,84,94,108,110,115,127] [15,36,46,52,64,78,103,122] [23,24,49,68,73,80,90,125] [12,19,46,49,80,100,104,121] [6,11,23,45,88,98,99,104] [17,22,26,45,46,76,112,114] [5,29,30,39,52,81,104,105] [15,35,52,74,95,111,121,127]
Token  48: [0,16,51,53,70,97,104,120] [20,24,34,62,76,86,107,122] [10,14,72,81,87,107,116,125] [12,13,23,25,32,76,101,105] [0,11,23,25,38,61,74,83] [31,47,80,97,103,107,110,119] [13,34,56,58,63,96,107,116] [33,44,60,82,87,94,100,106] [18,36,44,45,64,72,86,127] [0,32,51,65,80,94,102,111] [14,18,29,30,36,50,103,113] [22,28,48,60,67,69,104,115] [2,26,34,53,73,79,85,115] [13,21,44,68,75,82,98,118] [3,11,29,38,55,69,79,80] [6,16,17,40,50,60,64,79] [7,14,30,40,60,80,84,122] [1,15,52,53,77,90,99,103] [13,39,46,56,63,89,104,116] [33,44,59,82,87,94,100,106] [5,18,36,45,64,72,86,127] [0,51,65,68,76,80,94,102] [14,18,19,36,50,69,91,113] [20,54,60,63,65,69,89,115] [2,27,34,53,71,73,79,115] [44,75,78,82,83,98,106,118] [3,8,38,53,55,57,69,80] [6,16,17,40,50,60,61,120] [7,14,30,40,80,84,114,127] [9,15,52,53,77,82,90,103] [22,39,46,58,63,89,104,116] [33,44,82,87,88,94,100,106] [44,45,55,64,67,72,86,90] [0,51,68,76,80,94,102,111] [18,30,36,50,69,91,108,113] [8,20,60,69,85,86,89,115] [2,30,34,42,53,73,102,115] [10,21,44,75,76,82,106,118] [3,11,29,53,55,69,79,80] [9,16,17,40,60,61,71,120] [7,14,15,30,40,80,84,115] [9,15,52,53,78,90,103,117] [23,24,37,59,68,73,80,125] [20,43,46,49,81,100,104,120] [6,37,38,45,54,80,98,104] [22,27,45,46,63,80,112,114] [39,52,55,63,82,84,105,124] [10,27,32,34,35,52,90,95]
Token  49: [3,28,29,62,77,80,111,126] [11,45,62,76,78,86,114,122] [23,36,42,72,115,119,121,125] [1,11,20,25,76,101,105,119] [0,7,11,39,40,74,83,97] [1,30,55,60,80,97,103,122] [20,46,63,64,104,115,116,119] [9,33,44,82,87,94,100,106] [18,27,44,45,55,67,72,86] [0,17,51,62,68,80,94,102] [1,14,18,29,36,50,91,120] [22,60,68,69,86,93,115,120] [26,27,34,53,73,85,102,115] [24,31,44,49,68,75,82,106] [3,9,11,29,38,55,62,69] [17,40,50,61,79,98,99,120] [14,40,80,84,111,122,123,127] [53,65,77,78,82,84,90,103] [13,46,63,66,96,104,115,116] [33,36,44,82,87,94,100,106] [18,24,45,55,64,72,86,90] [0,17,62,68,80,94,102,105] [14,18,19,36,50,69,113,120] [1,20,68,69,85,86,115,120] [2,30,34,53,71,73,79,102] [24,33,49,82,91,98,106,118] [3,10,38,55,62,69,101,109] [2,6,17,40,61,64,98,120] [14,30,80,84,111,114,123,127] [9,53,65,77,82,84,90,103] [22,34,46,58,63,89,104,116] [33,44,82,87,88,94,100,106] [18,24,35,44,45,55,72,86] [51,62,68,76,80,94,102,111] [18,19,36,50,69,91,113,120] [1,60,68,69,85,115,120,122] [23,30,34,53,71,73,80,102] [24,33,44,49,75,91,106,118] [3,11,29,38,55,62,69,109] [9,16,17,31,40,46,71,120] [14,23,29,80,111,115,123,127] [53,65,77,78,84,90,103,121] [20,23,24,28,68,75,80,115] [8,20,46,47,100,104,120,121] [3,6,13,69,80,98,104,110] [5,22,45,47,63,83,87,114] [10,45,52,55,68,82,104,117] [11,27,31,54,74,90,112,127]
Token  50: [0,31,61,69,81,93,101,107] [26,45,60,62,83,86,91,122] [64,68,92,116,117,121,123,125] [1,20,25,93,99,100,106,119] [0,7,11,39,89,91,102,111] [30,31,35,55,80,97,111,119] [39,46,47,63,104,115,116,119] [5,33,44,72,82,94,100,106] [27,44,45,55,67,72,86,99] [17,21,62,68,76,80,102,105] [1,14,18,36,50,83,84,116] [13,22,58,69,85,86,93,115] [2,27,30,69,73,85,95,120] [24,31,44,49,55,68,106,121] [3,10,28,29,55,69,84,101] [3,9,34,40,50,98,100,120] [1,14,20,80,84,121,122,127] [1,14,30,45,90,97,103,124] [13,22,46,63,89,104,116,124] [21,33,44,72,82,94,100,106] [27,35,44,45,72,86,90,114] [0,17,43,68,76,80,102,105] [14,18,19,36,50,69,91,113] [13,20,54,58,69,85,90,115] [2,23,30,34,69,79,102,107] [44,82,83,85,91,106,118,121] [3,10,38,55,57,69,101,109] [3,6,15,17,34,40,100,120] [1,14,30,80,84,114,121,127] [1,9,13,30,77,82,90,103] [22,46,58,63,89,104,116,124] [5,33,36,44,82,88,94,106] [32,35,37,45,67,72,86,100] [17,57,68,76,80,102,105,111] [14,18,19,36,50,69,83,91] [13,58,59,60,69,85,86,115] [2,23,27,30,69,71,73,102] [13,33,79,83,106,107,118,121] [3,28,29,38,55,57,63,69] [3,16,17,26,34,40,100,120] [14,20,30,80,105,115,121,127] [1,9,14,30,45,77,90,97] [14,23,55,80,101,115,117,119] [4,5,20,36,46,100,104,120] [6,29,54,69,71,98,104,108] [2,22,27,45,54,114,117,127] [52,55,63,67,68,117,125,127] [32,34,55,58,71,86,112,117]
Token  51: [28,64,75,87,91,101,105,110] [9,16,28,44,60,63,71,122] [4,36,42,46,60,64,83,104] [21,24,70,71,73,80,100,106] [5,7,11,51,57,60,70,102] [18,31,55,93,110,115,119,122] [14,20,46,63,89,104,116,124] [5,32,33,36,44,82,88,94] [21,32,35,37,45,67,86,104] [8,17,24,41,68,76,80,102] [15,18,30,50,82,85,91,124] [39,48,54,62,94,97,100,122] [2,14,27,30,34,36,61,67] [2,40,62,68,91,106,112,119] [3,15,29,38,53,57,69,109] [3,17,32,40,54,89,100,106] [1,14,24,30,80,84,108,127] [1,9,36,49,62,65,82,112] [14,22,46,63,89,97,116,119] [5,33,36,44,82,88,94,106] [32,35,37,45,72,86,90,100] [7,17,24,35,68,76,80,102] [15,18,33,50,82,85,91,124] [1,18,54,73,85,94,97,100] [2,4,14,27,34,61,67,102] [62,68,89,106,109,112,123,127] [3,15,38,55,57,64,69,71] [6,17,32,40,50,54,89,126] [14,30,44,80,84,93,108,127] [9,36,49,65,77,81,82,100] [14,22,46,63,66,89,116,118] [5,33,36,44,82,88,94,106] [32,35,37,40,45,67,86,100] [7,17,35,41,68,76,80,102] [15,18,19,50,69,82,91,124] [1,25,54,73,85,94,100,115] [0,2,4,14,34,67,73,102] [57,62,63,91,106,109,112,123] [3,11,15,38,55,60,69,71] [17,20,30,32,40,106,107,126] [29,44,77,80,84,108,115,127] [0,36,49,63,65,77,103,121] [23,24,49,68,75,80,115,117] [46,56,68,75,100,104,120,121] [3,6,11,29,69,80,98,110] [5,12,22,45,47,71,83,87] [10,19,45,52,55,68,104,117] [11,15,31,44,82,90,112,127]
Token  52: [31,47,53,61,69,93,120,122] [13,25,45,63,83,91,103,122] [12,68,72,104,116,117,123,125] [1,20,25,71,89,93,101,106] [11,43,63,79,83,91,102,111] [30,55,71,97,103,111,119,125] [14,39,46,63,89,96,115,116] [5,33,36,44,72,82,94,106] [10,27,44,45,55,72,86,99] [14,17,43,62,68,76,80,105] [14,18,21,50,83,91,94,113] [1,13,54,58,69,86,115,122] [2,4,27,30,53,66,69,102] [33,44,68,79,91,95,106,121] [3,11,28,38,57,69,101,125] [3,17,34,40,45,100,120,125] [14,20,30,80,84,114,121,127] [1,7,9,45,61,77,122,124] [14,22,46,63,89,96,115,116] [5,33,44,50,72,82,94,100] [27,35,44,45,72,86,90,99] [17,68,76,80,97,102,105,111] [14,18,19,31,50,60,91,113] [1,20,54,58,69,85,86,115] [2,30,53,61,66,69,73,102] [33,44,68,78,95,106,117,121] [3,4,38,55,63,69,101,125] [6,17,26,34,38,40,45,100] [14,30,80,84,90,114,121,127] [5,7,9,13,61,77,80,82] [22,46,63,66,89,96,115,116] [33,36,44,72,82,88,94,100] [18,32,45,50,72,86,90,99] [17,68,76,80,85,102,105,111] [14,18,19,50,63,69,91,113] [1,13,54,58,72,85,90,115] [2,4,35,36,69,71,73,126] [32,33,68,79,93,106,117,121] [3,11,55,63,67,69,98,119] [17,29,30,34,40,45,100,120] [30,54,80,84,90,112,115,121] [7,14,45,61,77,80,82,97] [14,23,65,80,101,108,115,117] [4,46,58,65,66,100,104,120] [6,29,46,52,54,69,71,98] [20,22,30,45,50,54,71,114] [27,52,55,60,67,68,77,117] [20,32,34,55,58,73,112,117]
Token  53: [6,28,33,75,87,91,110,123] [8,24,28,45,60,63,65,122] [46,60,64,65,72,92,104,125] [5,20,23,25,69,93,103,106] [2,11,57,64,83,89,96,102] [30,43,55,71,97,103,112,119] [26,39,56,63,89,96,104,115] [21,31,33,36,44,82,94,100] [30,32,44,45,55,86,90,123] [0,17,62,68,76,80,85,100] [12,18,22,27,31,36,50,94] [22,45,46,56,60,72,90,115] [2,4,27,30,34,36,95,115] [8,13,43,47,61,85,91,106] [3,14,15,26,55,63,68,69] [17,30,32,40,45,84,100,106] [46,48,84,90,106,114,122,127] [1,7,11,57,77,82,122,124] [17,39,46,63,87,96,115,116] [32,33,44,48,82,94,100,125] [18,30,32,35,45,55,86,114] [17,47,62,76,80,85,100,102] [4,12,18,27,31,36,50,91] [1,31,45,56,60,72,85,94] [2,4,27,30,35,36,46,64] [8,38,43,47,63,67,106,117] [3,14,63,67,68,69,73,119] [17,26,29,30,40,45,63,106] [0,14,46,90,106,112,114,127] [5,7,11,13,57,73,77,123] [17,22,58,63,87,96,115,116] [33,48,58,82,88,89,94,100] [18,22,30,32,45,72,90,114] [17,51,62,76,80,85,100,105] [4,12,18,27,31,36,63,91] [1,45,54,56,72,94,95,100] [2,4,24,35,36,64,71,127] [8,38,47,67,92,106,112,117] [3,15,55,67,68,69,98,109] [29,30,31,32,45,63,100,106] [0,30,34,46,54,90,106,115] [7,11,54,57,77,81,82,88] [14,23,33,52,69,108,116,117] [7,53,66,99,100,111,115,120] [11,29,94,101,102,105,108,114] [18,20,31,45,50,51,71,86] [27,32,33,68,76,77,94,122] [23,44,58,82,107,112,113,114]
Token  54: [16,66,72,98,100,114,119,122] [25,52,63,78,96,103,106,122] [16,29,45,60,65,103,111,127] [5,19,20,23,25,93,103,106] [2,7,8,11,57,60,63,70] [18,20,30,31,55,71,110,112] [39,63,89,96,97,104,115,116] [1,21,32,33,36,44,82,94] [30,32,45,67,86,90,108,123] [7,17,68,76,80,85,100,102] [4,12,18,27,50,63,91,94] [22,31,36,56,60,72,90,95] [2,4,27,34,40,61,71,125] [8,85,87,92,93,106,112,117] [3,14,38,67,68,69,109,125] [17,32,40,45,58,99,106,120] [14,30,80,84,90,106,114,127] [1,5,7,57,62,77,82,121] [22,46,63,87,96,104,115,116] [33,36,44,82,88,94,100,106] [21,30,32,45,55,86,90,123] [17,62,68,76,80,85,100,111] [4,18,27,36,50,63,91,94] [45,53,56,60,72,85,90,100] [2,4,8,27,34,61,64,102] [8,35,85,92,93,103,106,117] [3,38,63,67,68,69,98,109] [17,29,32,40,45,89,106,120] [0,14,30,80,84,90,106,127] [5,7,9,13,57,73,77,82] [22,46,63,66,89,96,115,116] [19,33,36,44,82,88,94,106] [17,30,32,45,67,77,86,102] [7,17,51,68,80,85,100,111] [4,12,18,27,50,63,91,94] [45,53,56,72,90,95,96,120] [2,4,8,27,35,64,126,127] [0,8,31,32,93,103,106,117] [3,12,55,67,68,69,98,119] [17,29,30,31,40,45,106,127] [0,30,48,54,80,90,106,112] [5,7,44,50,55,57,77,80] [14,23,52,71,80,99,108,117] [0,58,66,68,100,104,115,120] [6,16,29,46,52,57,105,111] [8,29,38,50,71,91,95,99] [16,20,27,32,68,76,77,93] [3,8,53,76,87,102,104,107]
Token  55: [7,58,66,72,88,109,117,121] [1,25,27,44,52,63,65,122] [16,29,60,65,78,89,95,127] [19,25,68,84,91,93,111,126] [2,7,11,30,52,53,57,96] [17,18,31,64,74,103,110,114] [34,44,47,56,58,63,71,104] [31,33,44,82,94,100,106,109] [35,38,45,67,72,86,90,127] [0,17,51,68,80,102,111,122] [18,50,51,69,78,91,94,98] [3,24,28,43,48,49,60,125] [2,4,15,34,56,65,79,115] [8,10,15,28,42,68,91,106] [3,15,20,38,53,68,69,115] [11,17,32,40,85,89,101,120] [0,14,80,84,105,114,115,127] [1,7,19,75,77,82,103,124] [46,56,63,64,87,104,105,115] [33,44,49,82,94,100,106,112] [35,38,44,45,65,84,86,121] [9,17,68,80,102,110,111,125] [18,50,61,69,91,94,98,105] [23,24,49,60,61,85,92,125] [2,4,15,34,65,79,99,115] [15,28,58,91,104,106,112,118] [3,27,38,53,66,69,86,109] [3,6,37,40,58,61,75,120] [7,14,34,80,82,84,93,114] [66,72,75,77,82,88,100,103] [3,46,52,63,66,86,104,115] [33,44,56,73,82,94,100,106] [9,35,44,67,83,86,90,123] [51,59,66,68,80,102,104,111] [2,7,9,18,30,45,82,103] [4,21,53,78,92,96,99,104] [2,4,32,42,61,64,92,127] [8,20,52,67,92,93,106,117] [3,12,55,67,68,69,98,119] [16,26,29,40,45,63,106,110] [0,30,34,54,90,106,112,115] [7,11,44,50,55,57,77,80] [23,52,69,80,87,99,108,117] [0,10,52,58,66,100,115,122] [16,29,39,46,52,59,94,111] [8,29,50,65,87,91,95,99] [1,5,27,32,57,68,76,94] [4,44,53,72,74,87,102,107]
Token  56: [27,52,76,88,109,117,121,127] [1,25,27,52,63,97,109,122] [29,42,48,60,65,89,101,112] [5,19,25,46,87,93,111,119] [2,7,9,11,16,26,57,96] [18,31,55,93,99,110,112,114] [57,63,89,96,97,104,115,119] [33,36,40,44,82,89,94,106] [30,32,45,67,86,87,108,123] [17,60,62,68,76,80,85,100] [4,18,27,31,50,63,91,94] [31,36,45,48,53,56,95,100] [2,4,8,27,30,34,35,102] [8,35,67,85,92,97,106,112] [3,14,15,38,68,69,83,121] [11,17,32,40,58,63,106,125] [0,10,14,54,80,84,90,127] [1,11,50,57,62,77,82,122] [17,39,46,63,96,104,115,116] [32,33,44,58,82,89,94,100] [30,32,35,45,55,77,86,87] [17,51,62,68,76,80,85,100] [4,12,18,19,27,31,50,91] [1,31,45,53,54,56,85,95] [2,4,27,30,34,35,54,64] [8,38,47,67,91,95,106,112] [3,14,67,68,69,98,109,110] [11,26,29,40,45,50,99,106] [0,10,14,54,62,90,97,127] [11,13,50,57,77,80,114,120] [17,58,63,87,89,96,115,116] [32,33,58,82,88,89,94,100] [30,32,45,72,77,87,90,108] [0,17,51,76,80,85,100,111] [4,18,27,31,34,50,63,91] [1,45,53,54,56,85,94,95] [2,4,7,34,35,36,64,117] [8,35,38,47,63,67,91,106] [3,38,55,67,68,69,98,109] [16,17,29,30,31,40,50,106] [0,14,30,48,54,90,115,127] [7,11,44,50,57,77,89,100] [14,23,24,30,52,69,87,117] [46,58,66,75,100,115,120,122] [6,12,16,25,29,46,94,108] [5,50,65,87,95,99,117,121] [5,27,32,68,76,94,104,122] [4,14,44,53,58,82,107,112]
Token  57: [13,26,40,52,65,72,98,100] [18,50,63,70,94,100,124,127] [49,53,57,65,84,88,99,104] [19,25,51,71,86,93,94,116] [7,11,79,85,96,102,106,115] [42,55,59,64,71,103,112,114] [56,58,63,83,89,96,115,116] [5,9,31,33,44,82,94,100] [44,45,55,86,87,90,123,127] [0,9,17,51,68,76,80,96] [4,18,50,61,63,69,73,105] [1,26,45,49,54,60,61,95] [2,4,15,27,30,34,99,102] [6,28,78,80,91,106,110,112] [3,15,20,38,48,57,69,125] [17,32,38,40,63,85,106,120] [30,54,80,84,114,115,124,127] [1,9,19,26,50,72,77,124] [14,46,63,88,89,105,115,116] [5,33,36,44,49,82,94,100] [27,35,44,45,72,84,86,121] [9,17,68,76,80,102,110,125] [18,19,31,50,56,61,90,105] [1,24,45,49,54,61,85,92] [2,4,15,30,34,35,67,99] [15,28,35,36,78,91,106,118] [3,14,20,32,48,69,103,110] [2,6,16,26,32,85,99,106] [14,28,42,48,62,97,114,127] [13,61,72,77,80,114,118,124] [34,58,88,89,96,105,115,126] [5,33,49,56,89,100,112,123] [32,35,50,65,84,90,108,121] [0,9,17,62,76,98,110,125] [18,19,31,50,56,61,90,105] [1,15,23,24,49,54,85,100] [4,21,23,34,35,52,73,92] [13,15,20,47,78,80,82,106] [3,22,32,55,69,98,101,125] [26,34,48,63,72,100,106,125] [28,30,42,48,54,80,115,127] [1,59,61,72,77,82,88,100] [23,25,30,39,56,111,115,117] [30,46,72,80,96,98,100,120] [6,25,29,46,52,69,108,126] [2,29,40,45,54,71,116,117] [63,68,74,76,77,94,123,125] [48,58,61,76,84,107,109,112]
Token  58: [11,16,45,72,85,100,114,119] [22,50,63,72,106,119,122,127] [2,16,45,65,78,101,104,127] [2,17,25,29,74,81,86,93] [11,52,70,81,83,85,92,115] [37,59,64,66,73,91,97,114] [24,34,47,53,58,63,71,76] [18,24,33,59,82,100,106,109] [9,38,45,65,72,90,116,127] [0,2,17,19,49,80,96,111] [18,26,50,51,68,78,98,105] [3,24,28,49,54,60,61,125] [2,15,34,56,65,79,99,115] [0,15,19,23,26,28,58,106] [3,17,20,48,53,69,90,110] [16,17,40,49,70,85,101,120] [14,39,65,80,81,89,105,115] [1,18,19,55,77,78,83,99] [24,26,34,56,63,88,105,116] [3,24,33,49,59,100,109,112] [38,65,72,84,101,116,121,127] [0,9,10,49,96,110,122,125] [19,56,61,69,86,90,98,105] [1,23,24,49,54,61,92,125] [9,15,23,56,65,79,96,99] [15,26,28,58,82,91,104,118] [4,20,48,81,89,103,107,110] [16,49,59,70,85,120,122,127] [39,48,65,81,82,89,103,115] [1,18,21,55,75,83,93,118] [24,26,27,34,63,83,105,126] [18,33,49,59,75,100,109,112] [15,38,65,72,84,90,101,121] [0,9,49,80,96,110,122,125] [56,61,68,78,90,98,105,116] [21,23,24,49,54,64,92,125] [15,23,33,34,56,65,73,79] [0,11,15,20,78,104,112,118] [3,49,57,69,86,89,110,125] [11,25,32,49,59,75,91,120] [34,35,42,48,80,87,107,113] [1,13,34,49,59,77,88,105] [8,17,50,56,66,70,111,114] [18,69,72,74,80,83,98,99] [5,6,9,12,25,52,107,114] [29,41,67,73,88,107,110,117] [16,27,43,46,63,76,100,125] [3,17,58,61,76,87,102,104]
Token  59: [7,32,58,72,88,109,117,121] [1,25,27,44,63,65,87,122] [2,12,16,45,101,104,107,127] [19,71,72,74,81,84,103,126] [7,11,30,52,53,57,63,119] [18,64,74,93,103,110,112,119] [46,47,56,63,87,104,111,119] [32,33,44,45,82,94,100,106] [35,38,67,83,86,90,123,127] [0,7,17,49,68,80,102,111] [18,27,50,58,63,69,91,94] [21,22,28,48,53,60,99,100] [2,4,27,34,56,65,115,127] [8,58,91,92,103,104,106,112] [3,15,38,53,57,69,71,115] [16,17,32,40,49,89,120,121] [0,14,50,80,101,105,114,115] [1,9,18,35,77,82,103,112] [22,34,56,63,64,87,104,116] [31,33,48,82,94,100,103,106] [35,44,61,86,103,122,123,127] [10,17,71,76,80,102,111,127] [13,18,23,30,50,85,94,103] [9,21,22,67,85,99,105,115] [2,26,32,34,42,61,74,102] [2,40,99,101,104,106,115,125] [3,7,8,14,69,86,111,115] [6,11,16,17,40,75,99,102] [14,42,50,80,84,113,114,115] [72,77,82,88,93,103,107,117] [9,56,63,64,83,85,86,110] [33,44,48,60,82,100,103,106] [9,15,33,44,64,86,90,122] [22,33,62,76,80,102,111,127] [2,7,18,30,33,37,50,62] [0,4,53,68,78,85,115,121] [9,32,34,39,42,74,102,108] [10,20,29,76,104,106,115,124] [3,7,53,69,86,95,109,125] [11,17,40,48,75,99,102,120] [0,14,42,48,50,80,107,113] [34,39,59,77,78,88,103,105] [4,8,17,28,56,76,80,111] [10,30,72,74,80,99,106,111] [5,19,25,34,42,99,103,127] [29,41,91,99,110,114,117,121] [16,32,37,43,46,94,100,125] [4,53,54,61,72,84,102,107]
Token  60: [35,52,57,76,109,117,123,127] [17,25,27,44,47,63,109,122] [29,48,60,64,65,101,103,104] [25,29,64,74,86,93,101,106] [2,11,16,57,60,64,89,96] [4,20,55,71,103,109,110,112] [39,43,63,89,96,104,115,116] [31,33,36,44,82,94,100,106] [21,32,45,67,72,86,87,90] [11,14,17,26,68,80,85,102] [4,5,12,18,29,42,50,63] [13,45,53,60,90,95,102,110] [2,4,27,34,36,54,71,111] [30,43,47,85,91,93,106,117] [3,49,67,68,69,83,97,125] [17,19,26,34,40,45,50,63] [0,30,84,90,106,114,122,127] [1,7,50,77,82,114,122,124] [22,39,46,63,89,96,115,116] [33,44,82,88,94,100,106,123] [32,44,45,55,67,86,90,123] [14,17,51,68,76,80,102,111] [18,19,40,50,60,63,69,91] [13,31,45,58,72,85,94,95] [2,4,30,34,36,69,71,102] [43,47,85,91,95,99,106,117] [3,27,63,67,68,69,84,125] [11,15,34,40,45,75,120,125] [0,14,34,53,90,106,114,127] [7,37,77,89,99,114,120,124] [22,39,52,63,89,111,115,116] [33,36,44,56,82,94,100,106] [3,18,21,32,45,67,90,124] [11,17,26,68,69,80,85,91] [4,5,28,35,63,77,92,118] [3,28,52,53,65,72,76,120] [4,8,22,41,54,92,111,127] [13,47,53,67,91,93,106,117] [2,3,19,55,67,68,69,98] [16,29,30,40,45,50,63,127] [0,34,54,80,90,106,112,127] [5,7,50,55,57,77,80,82] [14,23,52,58,80,99,108,117] [5,10,46,58,66,98,100,115] [6,9,29,46,52,60,102,108] [8,29,50,64,71,91,99,114] [16,27,32,49,74,76,94,122] [3,53,61,72,76,87,102,107]
Token  61: [46,47,52,76,88,117,123,127] [4,25,27,44,52,63,109,122] [12,29,48,60,64,81,104,127] [19,20,25,60,73,74,86,100] [7,11,16,37,51,53,57,70] [18,51,55,74,93,110,112,119] [20,46,63,87,104,111,116,124] [19,32,33,44,82,94,100,106] [3,35,45,67,86,87,90,123] [0,7,17,67,68,76,80,102] [7,18,25,30,63,69,91,94] [21,53,60,72,90,96,99,100] [2,4,14,27,34,65,115,127] [10,40,91,92,93,106,112,117] [3,15,38,53,57,69,109,115] [3,17,32,40,75,89,120,125] [0,1,14,80,84,93,100,105] [1,7,50,75,77,82,100,103] [22,46,63,87,104,116,119,124] [32,33,44,82,88,94,100,106] [35,40,44,45,67,86,90,123] [7,17,66,68,76,80,102,111] [18,30,50,63,69,83,91,94] [21,53,60,67,90,99,100,115] [2,4,14,34,46,102,115,127] [35,85,92,99,104,106,112,117] [3,15,38,44,53,69,109,116] [3,17,40,58,75,82,120,125] [1,14,80,84,93,101,105,127] [62,66,72,77,82,100,103,121] [20,46,63,66,89,102,104,116] [32,33,44,63,73,82,94,106] [9,21,40,43,45,67,86,90] [7,17,59,66,68,80,102,105] [7,18,30,45,50,82,94,103] [4,53,60,78,85,94,99,100] [4,14,34,36,92,95,102,115] [20,61,85,92,103,104,106,112] [3,15,24,49,53,69,109,125] [17,25,40,50,58,75,120,125] [1,14,30,42,80,84,93,107] [13,30,34,59,77,78,82,88] [4,17,25,56,58,80,111,117] [18,46,72,75,82,91,111,115] [5,6,29,46,62,103,104,111] [29,41,50,51,64,88,99,114] [16,27,32,76,93,94,100,122] [3,4,53,72,76,87,102,107]
Token  62: [27,30,76,88,109,117,121,127] [4,13,25,27,38,52,63,122] [12,29,60,64,65,95,101,104] [19,23,25,29,60,74,86,93] [2,7,11,16,51,57,60,96] [9,31,43,55,71,103,110,112] [17,39,63,96,97,104,115,116] [32,33,36,44,82,94,100,106] [30,32,45,67,86,87,90,108] [17,62,68,76,80,85,100,102] [4,12,18,27,50,63,91,94] [1,45,53,54,56,60,95,100] [2,4,27,30,34,35,36,127] [8,31,85,87,89,91,106,112] [2,3,15,18,53,68,69,83] [16,17,32,40,45,54,120,125] [0,54,80,84,90,108,114,127] [1,11,36,50,57,63,77,108] [17,22,46,63,89,104,115,116] [33,36,44,82,88,94,100,106] [30,32,44,45,55,86,87,90] [17,62,68,76,80,85,100,102] [4,12,18,19,27,31,50,91] [1,45,53,54,56,85,95,100] [2,4,30,34,35,61,64,117] [8,31,38,47,67,95,106,112] [3,14,15,18,68,69,81,109] [2,16,17,26,32,40,107,120] [0,14,44,54,62,108,114,127] [0,11,50,57,63,65,77,108] [17,22,39,63,89,96,115,116] [33,36,44,48,82,89,94,100] [27,30,32,44,45,55,87,90] [17,41,62,76,80,85,100,102] [4,18,19,27,31,50,68,91] [1,45,53,54,56,60,85,95] [2,4,7,34,35,36,38,94] [8,31,47,63,106,109,112,123] [2,3,4,14,18,55,68,69] [2,30,31,40,48,107,120,125] [0,44,54,77,80,108,115,127] [0,11,50,57,63,65,77,103] [14,20,23,24,69,80,115,126] [8,47,53,56,100,120,121,122] [3,6,11,25,29,80,104,110] [5,22,45,47,83,87,95,99] [1,5,10,32,68,71,122,123] [4,14,31,44,74,92,107,127]
Token  63: [40,43,52,65,72,73,98,100] [18,38,63,70,94,100,122,127] [38,40,57,82,84,88,99,109] [6,25,71,84,86,93,101,116] [7,11,13,73,76,85,106,115] [37,59,61,64,66,73,97,125] [34,35,47,56,63,83,105,115] [18,33,49,82,94,100,109,112] [44,45,65,72,84,86,121,127] [0,9,17,62,76,80,102,110] [5,18,26,50,61,78,90,105] [1,24,28,49,54,61,69,125] [2,15,30,56,73,79,95,99] [6,15,23,28,58,78,106,118] [3,4,17,20,48,55,69,104] [16,17,31,38,40,85,101,127] [8,39,89,114,115,122,124,127] [1,19,42,69,78,99,103,105] [34,56,63,83,105,115,116,126] [3,5,33,49,59,100,112,123] [32,35,45,65,72,84,121,127] [0,9,17,51,76,98,110,125] [18,19,31,50,56,61,90,105] [1,23,24,45,49,54,61,85] [15,21,23,34,35,79,96,99] [15,28,58,78,91,106,110,118] [3,14,17,20,32,48,69,86] [6,16,26,40,70,85,101,127] [14,39,48,62,73,81,124,127] [1,19,21,42,48,103,105,118] [24,34,56,83,88,105,115,126] [5,33,49,58,75,100,112,123] [32,44,45,65,72,90,121,127] [0,9,51,76,98,102,110,125] [18,50,56,61,68,78,90,105] [1,3,23,24,49,54,85,125] [15,21,23,34,73,79,96,99] [15,23,28,58,78,91,106,118] [3,17,20,48,55,86,90,104] [17,40,52,70,85,101,103,127] [39,73,80,81,84,115,124,127] [1,9,19,21,42,48,69,103] [23,24,31,64,80,113,114,115] [31,37,46,77,88,100,104,120] [6,25,53,69,73,90,98,104] [22,27,32,45,54,87,101,114] [5,11,34,52,55,60,63,98] [20,57,73,74,77,86,105,109]
Token  64: [14,21,50,51,57,103,106,110] [3,6,9,28,62,80,95,122] [36,41,84,90,100,115,122,125] [4,12,39,71,86,87,95,127] [7,11,23,34,50,56,58,83] [18,31,47,51,68,105,110,119] [26,34,56,58,63,115,116,126] [33,36,44,82,94,100,106,109] [36,44,45,67,72,86,109,127] [0,8,32,65,68,80,102,122] [18,26,29,30,50,69,90,123] [48,53,54,60,63,69,85,109] [2,24,34,61,65,73,79,115] [23,26,31,66,82,98,106,118] [3,4,11,16,55,69,105,110] [16,17,23,40,50,72,99,103] [12,14,80,81,115,119,122,124] [1,18,75,78,90,99,103,122] [34,56,58,63,83,105,122,126] [3,33,49,59,75,82,100,112] [45,65,66,72,84,116,121,127] [0,9,65,80,98,110,122,125] [19,56,61,73,78,90,98,105] [23,24,26,49,54,61,109,125] [15,23,24,65,79,96,99,107] [28,31,58,66,80,82,91,118] [3,4,16,48,55,69,105,110] [6,16,17,23,40,72,103,120] [12,14,30,55,80,81,84,119] [1,35,66,78,82,83,90,103] [34,46,56,58,63,89,104,116] [3,33,44,75,82,94,100,106] [44,45,55,72,86,90,109,127] [0,32,51,65,68,80,96,102] [16,18,30,50,51,69,98,113] [3,20,59,63,69,85,109,115] [2,24,61,73,79,102,114,115] [10,23,66,82,98,106,113,118] [3,16,53,55,69,90,105,115] [9,16,17,31,40,61,72,120] [12,30,43,80,84,115,119,127] [2,9,35,66,78,82,90,103] [14,18,23,27,80,93,102,115] [5,6,29,36,46,87,100,104] [6,14,20,38,48,69,98,104] [22,27,37,45,58,70,80,114] [52,55,60,63,75,101,115,117] [36,47,66,86,88,120,123,124]
Token  65: [28,51,83,87,91,112,124,125] [9,16,28,29,45,48,68,122] [4,36,42,67,76,100,125,126] [12,70,73,92,100,101,112,114] [7,11,28,37,50,57,83,119] [10,63,74,87,93,110,115,119] [46,63,87,104,111,115,116,118] [2,19,32,33,44,82,100,106] [15,18,20,35,44,67,86,127] [0,32,35,65,66,68,80,102] [10,18,30,50,91,103,109,111] [8,22,36,42,48,53,60,69] [2,26,27,34,41,73,115,127] [13,68,82,83,91,98,106,110] [3,16,53,55,60,63,69,102] [16,17,31,40,50,60,72,120] [14,60,80,84,108,110,115,122] [1,46,77,82,90,94,99,103] [13,34,46,63,96,104,116,119] [2,33,44,82,88,94,100,106] [15,18,35,67,72,86,114,127] [0,32,65,68,80,92,102,111] [16,18,36,50,94,103,109,111] [14,20,22,32,48,53,60,96] [2,9,24,26,34,57,61,73] [13,23,78,82,91,98,106,110] [3,4,16,27,55,69,102,110] [16,40,50,61,64,72,79,120] [14,55,60,80,94,108,110,122] [13,15,46,78,82,94,99,103] [13,34,46,63,107,116,119,122] [2,33,44,56,82,94,100,106] [15,18,44,67,72,86,90,127] [0,32,51,65,68,80,102,111] [18,30,36,41,50,69,103,109] [8,22,53,60,69,85,89,115] [2,26,34,42,61,73,80,115] [10,13,18,41,76,82,91,106] [3,16,53,55,60,69,80,102] [9,16,17,31,40,60,61,120] [14,60,80,84,94,108,110,115] [15,36,46,52,64,78,103,122] [23,24,49,68,73,80,90,125] [12,19,49,80,100,104,121,125] [6,11,23,45,88,98,99,104] [17,22,26,45,46,76,112,114] [5,29,30,39,52,60,81,105] [15,21,35,74,95,111,121,127]
Token  66: [16,51,53,70,97,104,111,120] [20,24,34,62,76,86,107,122] [10,14,72,87,92,107,116,125] [12,13,23,25,32,76,101,105] [0,11,23,25,38,61,73,83] [31,47,68,80,97,107,110,119] [13,34,56,58,63,96,115,116] [33,44,60,82,87,94,100,106] [18,36,44,45,64,72,86,127] [0,32,51,65,80,94,102,111] [14,18,29,36,50,69,103,113] [22,28,48,54,60,67,69,115] [26,34,53,65,73,79,85,115] [13,44,68,75,82,83,98,118] [3,4,11,29,55,69,79,80] [5,16,17,31,40,50,60,79] [7,14,40,60,80,89,122,127] [1,15,52,53,77,78,90,99] [13,34,58,63,89,116,122,126] [5,33,59,75,82,87,100,123] [5,18,36,45,64,72,114,127] [0,51,65,76,80,94,98,122] [16,18,19,31,36,50,90,113] [8,20,48,53,54,60,63,65] [21,23,24,34,53,73,78,79] [33,44,78,82,83,91,98,118] [3,38,55,57,69,80,110,115] [6,16,17,23,40,50,60,120] [7,14,30,40,80,114,122,127] [9,15,52,53,77,78,90,103] [22,39,58,63,89,104,116,126] [5,33,44,82,87,94,100,106] [18,44,45,55,64,72,86,90] [0,51,68,76,80,94,102,111] [18,30,36,50,69,91,98,113] [8,20,54,60,69,85,86,115] [2,34,42,53,73,80,102,115] [10,13,44,75,82,83,106,118] [3,29,38,53,55,69,79,80] [9,16,17,40,50,60,61,120] [7,14,15,30,40,80,84,115] [9,15,52,53,78,90,103,117] [23,24,37,59,68,73,80,125] [20,43,46,49,81,100,104,120] [6,37,38,45,54,80,98,104] [22,45,46,63,80,104,112,114] [39,52,55,63,75,82,105,124] [10,27,32,34,35,52,90,95]
Token  67: [3,28,29,62,77,80,111,126] [11,24,45,62,76,78,86,122] [23,36,42,72,115,119,121,125] [1,11,20,25,76,101,105,119] [0,11,39,40,74,83,97,119] [1,30,55,60,80,97,103,122] [20,46,63,64,66,104,115,116] [24,33,44,82,87,94,100,106] [18,27,44,45,55,67,72,86] [0,17,44,62,68,80,94,102] [1,14,18,29,36,50,91,120] [22,60,68,69,86,93,115,120] [2,27,53,73,79,85,102,115] [24,44,49,68,75,83,106,118] [3,9,10,11,29,55,62,69] [2,17,31,40,50,79,98,120] [29,40,80,84,111,122,123,127] [1,53,77,78,82,84,90,103] [13,22,46,63,96,116,119,126] [5,33,36,44,82,87,94,100] [18,24,27,35,45,72,86,114] [0,68,76,80,94,98,102,105] [18,19,36,50,69,90,113,120] [20,52,53,54,60,63,68,69] [20,23,34,73,79,80,102,107] [24,33,49,78,82,91,106,118] [3,10,29,55,62,63,69,101] [2,6,17,38,40,63,98,120] [14,29,30,84,111,114,123,127] [53,77,78,82,84,90,103,114] [22,46,58,63,89,104,116,126] [5,33,44,61,82,94,100,120] [18,24,27,32,35,45,72,86] [17,68,76,80,94,98,102,105] [18,19,36,50,69,90,91,120] [54,60,68,69,71,85,115,120] [2,21,23,34,53,73,79,102] [24,33,44,49,68,83,106,118] [3,10,11,29,38,55,62,69] [16,17,20,31,40,58,71,120] [14,29,80,84,111,115,123,127] [53,65,77,78,84,90,103,121] [23,24,28,55,68,75,80,115] [8,20,46,96,100,104,120,121] [3,6,13,80,98,104,108,110] [5,22,27,45,47,83,87,114] [10,45,52,55,63,68,82,117] [11,27,31,54,74,90,112,127]
Token  68: [0,31,61,69,81,93,101,107] [26,45,60,62,83,86,91,122] [68,72,92,116,117,121,123,125] [1,20,25,99,100,106,117,119] [0,11,83,91,100,102,110,111] [30,31,35,55,80,97,111,119] [39,41,46,63,104,115,116,119] [5,33,44,72,82,94,100,106] [27,28,45,55,67,72,86,99] [0,17,21,68,76,80,102,105] [1,14,18,36,50,83,84,116] [13,22,48,58,69,86,93,115] [2,23,27,34,69,79,85,120] [13,31,44,55,68,83,106,121] [3,10,11,28,29,55,69,101] [3,17,34,40,50,63,98,100] [1,14,20,80,84,121,122,127] [1,7,14,30,45,90,97,124] [22,39,46,63,89,104,116,126] [5,21,33,44,72,82,94,100] [27,28,35,45,72,86,90,99] [17,51,68,76,80,98,102,105] [14,18,19,36,50,69,90,91] [13,26,31,48,54,58,85,90] [23,27,34,61,69,79,102,107] [30,80,83,85,91,106,118,121] [3,10,29,38,57,69,101,109] [3,6,17,26,34,40,100,120] [14,24,30,80,84,114,121,127] [1,9,13,30,77,82,90,100] [14,22,63,89,104,116,124,126] [5,33,36,44,82,88,94,106] [32,35,37,45,66,67,86,100] [17,68,76,80,85,98,102,105] [14,18,50,83,85,90,91,94] [13,26,54,58,60,85,90,96] [2,23,27,61,69,79,102,107] [33,68,79,83,93,106,118,121] [3,10,29,38,55,57,66,69] [3,16,26,34,40,89,100,120] [20,30,80,84,105,115,121,127] [1,9,14,30,45,78,90,97] [14,23,55,65,80,101,115,119] [4,5,26,36,46,100,104,120] [6,29,54,69,71,98,104,108] [2,22,27,30,45,54,114,127] [14,52,55,60,63,67,68,117] [3,32,34,55,58,86,112,117]
Token  69: [6,22,33,64,75,87,91,110] [9,13,28,60,63,71,122,126] [4,12,42,46,60,64,74,104] [21,24,30,70,73,80,100,106] [5,7,11,51,57,60,70,102] [20,55,75,87,93,115,119,122] [14,39,46,63,89,103,104,116] [5,33,36,44,82,94,100,106] [32,35,37,45,67,72,86,100] [7,17,35,41,68,76,80,102] [15,18,33,50,82,85,91,103] [48,54,60,62,85,94,100,122] [2,14,27,30,34,36,61,67] [40,62,68,85,87,91,106,112] [2,3,15,29,38,57,60,69] [6,17,32,40,54,63,100,120] [1,14,28,30,80,84,108,127] [1,9,26,36,62,77,90,121] [14,22,46,63,89,99,104,116] [5,21,33,36,44,82,94,100] [18,32,35,37,45,86,90,100] [7,17,35,47,68,76,80,102] [15,18,31,36,50,82,85,127] [9,18,43,46,60,85,94,100] [2,7,34,36,61,71,73,102] [2,18,63,82,83,87,106,112] [3,15,38,55,57,69,71,73] [6,17,32,40,54,100,120,126] [1,14,24,80,84,108,114,127] [9,36,53,62,77,82,121,122] [14,22,46,63,104,112,115,116] [5,21,33,44,82,94,100,106] [21,32,35,44,45,55,72,86] [17,41,57,62,68,76,80,102] [18,33,36,50,69,82,91,127] [9,18,59,69,85,94,100,115] [0,2,14,39,71,73,102,103] [18,41,57,62,63,87,106,112] [3,11,15,29,38,55,69,71] [17,20,32,40,54,107,120,126] [29,30,44,77,80,84,115,127] [0,9,62,63,65,77,82,103] [20,23,24,49,68,75,80,126] [20,46,47,56,100,104,120,121] [3,6,11,29,80,98,104,110] [5,22,27,45,47,83,87,114] [5,10,45,52,55,68,104,117] [11,15,31,44,74,82,112,127]
Token  70: [31,32,53,61,69,93,120,122] [2,25,45,52,63,83,91,122] [12,68,72,104,116,117,123,125] [1,20,25,89,93,100,101,106] [11,43,63,79,83,91,102,111] [30,31,55,97,103,111,119,125] [14,39,46,63,96,104,115,116] [33,36,44,72,82,94,100,106] [27,44,45,55,72,86,99,123] [17,43,51,62,68,76,80,105] [14,18,21,50,69,83,91,113] [13,58,69,90,93,115,120,122] [2,4,27,30,69,73,80,85] [13,44,68,79,82,95,106,121] [3,11,28,55,57,69,101,125] [3,17,34,40,45,78,100,120] [20,76,84,90,114,115,121,127] [1,7,45,53,61,77,78,82] [13,34,46,63,96,112,115,116] [21,33,44,59,72,82,94,100] [18,27,35,45,72,86,99,114] [0,17,43,62,68,80,102,105] [14,18,19,31,36,50,69,113] [1,13,54,58,69,85,86,115] [2,30,35,53,69,71,73,80] [33,44,78,82,83,91,95,106] [3,10,38,55,63,69,101,125] [2,6,17,34,38,40,100,120] [14,30,80,84,90,114,121,127] [45,61,62,77,82,90,103,121] [46,58,63,89,104,112,115,116] [21,33,44,72,82,94,100,106] [21,27,35,45,60,72,86,99] [0,5,17,66,68,80,102,105] [6,14,18,36,50,69,83,91] [13,20,58,59,60,86,90,115] [4,21,36,69,71,73,102,126] [33,79,85,91,93,106,107,121] [3,28,38,55,66,69,101,125] [3,16,17,34,40,50,100,120] [20,30,54,80,84,115,121,127] [9,14,45,61,62,77,82,97] [23,55,65,75,80,101,115,117] [4,5,20,36,46,65,100,104] [3,6,29,54,71,98,104,108] [20,22,27,30,32,45,54,114] [52,55,63,67,68,101,117,125] [27,32,34,55,58,86,112,117]
Token  71: [6,28,33,75,87,91,110,123] [24,25,28,45,60,63,65,122] [42,46,60,64,65,72,92,104] [5,20,23,25,69,93,103,106] [7,11,57,83,89,96,102,119] [30,43,55,71,97,103,112,119] [26,63,87,89,96,104,112,115] [9,31,33,36,44,82,94,100] [18,30,32,45,55,72,86,90] [0,17,51,62,76,80,85,100] [4,12,18,27,36,50,69,94] [22,45,56,60,75,85,90,120] [4,20,30,34,35,36,65,73] [8,13,43,63,85,91,106,107] [3,11,15,55,63,68,69,125] [17,30,40,45,54,100,106,120] [46,48,80,90,106,114,122,127] [1,7,11,57,77,99,122,124] [17,63,87,96,112,115,116,118] [33,45,58,59,82,94,100,123] [18,30,32,35,45,55,72,114] [0,7,17,47,62,85,100,111] [4,15,18,27,31,36,50,69] [3,30,45,56,58,72,85,94] [4,9,35,36,64,66,73,95] [8,38,43,47,63,67,82,91] [3,63,67,68,69,73,110,119] [2,17,29,30,45,71,100,106] [0,46,48,90,91,100,112,114] [11,18,30,57,77,80,99,122] [58,87,96,104,112,115,116,122] [18,24,32,33,58,59,94,100] [18,30,32,45,57,72,90,114] [0,17,47,76,85,96,100,111] [6,18,26,27,36,50,68,69] [3,45,56,58,60,85,90,94] [4,7,21,39,64,71,73,127] [8,33,35,47,67,91,106,117] [3,15,55,63,67,68,69,98] [2,17,30,32,45,100,102,106] [0,1,46,54,90,91,100,115] [7,11,54,57,77,81,82,88] [17,23,24,33,69,70,116,117] [24,53,61,66,83,99,100,115] [6,9,11,29,94,104,108,114] [18,20,45,48,50,71,81,86] [27,32,33,35,68,76,77,125] [14,23,44,58,82,107,112,114]
Token  72: [16,38,72,98,100,114,119,122] [25,52,63,78,103,106,115,122] [16,29,45,60,65,107,111,127] [5,19,20,23,25,93,103,106] [2,7,8,11,57,60,63,73] [18,20,31,55,71,93,110,112] [39,63,87,89,96,97,104,115] [21,31,32,33,44,82,94,125] [18,30,32,45,86,90,102,123] [7,17,68,76,80,85,100,102] [4,12,18,27,50,63,91,94] [22,31,36,53,72,75,90,95] [2,4,27,34,40,61,125,127] [8,35,85,87,92,106,112,117] [2,3,67,68,69,83,109,125] [17,32,40,45,58,99,106,120] [1,14,80,84,90,106,114,127] [1,5,7,57,77,82,114,121] [22,39,46,63,96,104,115,116] [21,33,44,82,88,94,100,106] [21,30,32,45,55,67,86,90] [17,62,68,76,80,85,100,102] [4,18,27,36,50,63,91,94] [25,30,45,56,60,72,90,94] [2,4,27,61,64,73,102,127] [8,45,47,83,85,103,106,117] [3,38,63,68,69,73,98,109] [15,17,29,40,45,75,106,120] [0,1,14,30,84,90,114,127] [5,7,22,57,77,82,88,114] [46,63,89,96,104,115,116,124] [21,33,36,44,82,88,94,100] [30,32,35,45,77,86,87,90] [17,62,68,80,85,100,102,111] [4,18,27,36,63,69,91,94] [45,53,60,72,90,95,96,102] [2,4,34,39,64,73,102,127] [0,8,38,85,91,93,106,117] [3,55,67,68,69,98,109,119] [17,29,30,40,45,63,75,106] [0,1,30,54,80,90,106,112] [5,7,50,55,57,77,82,105] [14,23,71,80,87,99,108,117] [10,58,66,68,100,101,115,120] [6,29,39,46,104,105,108,111] [18,20,45,50,71,91,105,114] [16,20,27,63,68,76,93,125] [3,8,53,76,87,102,104,112]
Token  73: [7,58,66,72,88,109,117,121] [1,25,27,44,52,63,65,122] [16,29,60,65,78,89,95,127] [19,25,46,68,84,93,111,126] [2,7,11,30,52,57,96,101] [17,18,31,64,74,103,110,114] [34,44,47,56,58,63,71,104] [31,33,44,82,94,100,106,109] [35,38,45,67,72,86,90,127] [0,17,49,51,68,80,102,111] [18,27,50,51,63,69,78,94] [3,21,24,28,48,53,60,96] [2,4,27,34,56,65,115,127] [8,28,42,67,82,91,104,106] [3,15,23,53,67,68,69,115] [3,17,32,40,45,49,89,120] [0,14,50,80,101,105,114,115] [1,7,57,75,77,82,90,103] [46,56,63,64,87,104,115,116] [32,33,44,48,82,94,100,106] [35,44,45,67,86,101,123,124] [7,17,68,69,80,84,102,111] [18,30,50,83,91,94,98,103] [21,22,53,65,67,85,96,99] [2,14,26,30,34,46,80,95] [2,82,92,99,104,106,112,117] [3,10,36,53,59,66,109,116] [11,17,40,44,59,82,102,120] [1,14,50,78,80,113,114,126] [13,34,72,82,83,88,100,103] [3,46,52,63,86,104,110,119] [27,32,44,45,73,82,106,110] [3,9,14,44,67,95,101,123] [57,80,99,102,104,111,113,123] [7,18,25,30,45,71,94,103] [0,4,53,78,94,96,99,104] [2,4,14,17,42,77,92,95] [20,52,61,67,104,106,112,117] [3,67,69,91,92,97,109,125] [0,11,16,26,29,50,63,110] [0,1,34,35,42,54,100,106] [7,34,44,50,57,61,77,88] [23,78,80,87,99,108,111,117] [0,5,10,30,46,58,66,115] [9,19,29,46,104,105,108,111] [8,29,50,65,91,95,99,114] [27,32,46,68,76,94,122,125] [3,4,44,53,72,87,102,107]
Token  74: [35,52,57,76,109,117,123,127] [25,27,52,63,103,109,115,122] [29,48,60,64,65,89,101,103] [19,21,25,67,80,93,106,111] [2,7,11,16,26,63,96,102] [20,55,71,72,91,93,110,112] [39,63,87,89,96,97,104,115] [33,36,40,44,82,84,89,94] [30,32,45,55,67,86,87,108] [0,17,62,68,76,80,85,100] [4,18,27,36,50,91,94,126] [45,48,53,54,56,95,100,121] [2,4,27,34,35,54,94,127] [8,35,38,63,67,92,106,112] [3,14,15,38,55,68,69,119] [9,17,32,40,63,89,100,125] [0,14,54,62,80,90,114,127] [1,11,50,57,77,82,88,122] [17,46,63,87,96,112,115,118] [5,33,44,45,58,82,94,100] [18,30,32,45,55,72,87,90] [0,17,47,62,76,80,85,100] [4,18,27,31,36,50,94,127] [28,30,45,56,72,85,94,95] [2,4,9,34,46,54,64,94] [8,38,47,63,67,82,91,106] [3,14,68,69,73,107,110,125] [2,17,29,45,63,100,107,120] [0,40,54,90,91,100,114,127] [11,37,50,57,77,80,89,122] [9,17,34,87,96,104,112,115] [18,33,40,58,59,94,100,123] [18,30,32,40,45,77,87,90] [0,14,17,47,85,96,100,105] [4,18,27,36,40,50,75,127] [9,28,45,56,60,85,94,95] [2,4,34,36,39,64,73,117] [8,35,47,63,67,91,106,112] [3,14,15,55,68,69,94,109] [2,16,17,30,31,40,100,125] [0,14,28,54,80,90,91,115] [5,11,50,57,73,77,81,103] [20,23,24,52,58,69,77,117] [46,47,58,66,99,100,115,122] [6,16,25,29,46,58,94,104] [5,50,64,71,87,95,99,121] [27,32,68,76,77,94,122,125] [4,14,44,87,92,107,112,127]
Token  75: [13,26,40,52,65,72,98,100] [18,50,63,94,100,122,124,127] [49,53,65,81,84,88,99,104] [19,25,37,68,71,86,93,116] [2,7,85,92,96,102,106,115] [42,59,64,71,84,103,109,112] [35,58,63,66,96,112,115,116] [5,9,33,82,84,94,100,106] [32,45,55,72,86,90,123,127] [0,17,51,62,76,80,84,85] [4,18,26,31,36,50,57,73] [3,26,45,54,60,93,94,95] [2,15,30,36,65,69,73,99] [6,13,28,33,47,80,91,106] [3,11,20,38,55,63,69,125] [2,16,17,31,38,40,63,85] [8,65,76,90,108,114,115,127] [1,11,18,55,72,77,99,122] [13,34,58,105,112,115,116,122] [18,24,59,75,100,109,112,123] [18,45,53,57,72,84,114,121] [0,17,47,49,62,110,122,125] [16,19,31,36,47,61,113,127] [1,19,25,30,35,88,93,103] [9,35,55,64,82,89,94,113] [38,47,60,63,67,78,82,88] [4,12,14,20,32,63,107,125] [2,16,26,28,38,45,52,120] [48,62,65,73,89,91,97,114] [1,11,18,77,80,118,122,123] [24,34,52,58,96,105,112,115] [18,33,49,59,100,103,112,123] [15,18,45,72,84,103,114,121] [0,9,17,47,49,96,104,110] [6,26,31,36,50,68,69,113] [3,24,49,52,54,85,95,103] [4,21,35,39,52,55,65,73] [15,33,36,47,63,78,91,117] [3,14,20,32,55,69,98,125] [2,16,26,41,50,52,63,83] [34,48,54,90,91,106,115,127] [1,50,53,59,72,77,82,124] [23,24,39,47,66,114,115,117] [30,46,53,58,75,98,99,100] [6,16,25,29,53,64,104,108] [2,20,38,40,71,95,114,116] [20,63,68,76,77,97,103,123] [46,48,58,76,84,107,109,112]
Token  76: [11,16,45,72,85,100,114,119] [22,63,70,72,106,119,122,127] [2,16,29,45,65,78,104,127] [19,25,29,71,74,81,86,93] [11,46,52,70,81,83,92,115] [8,17,25,37,59,64,73,91] [24,34,47,53,58,63,71,76] [9,18,24,59,100,106,109,112] [9,38,57,65,72,90,116,127] [0,2,19,49,80,96,122,125] [3,16,26,56,68,78,90,105] [7,24,28,49,54,60,61,125] [2,9,15,56,65,96,99,105] [0,15,19,23,26,28,58,78] [4,17,20,48,67,81,100,110] [16,41,49,59,70,85,101,120] [65,73,80,81,83,89,105,115] [18,19,21,33,42,55,78,83] [24,26,34,39,63,71,105,116] [6,24,49,62,100,106,109,112] [38,46,65,72,84,101,111,121] [0,9,49,96,98,110,122,125] [47,56,61,69,78,90,98,105] [21,23,24,49,54,61,64,125] [9,15,23,33,65,79,96,99] [0,15,26,28,49,58,82,104] [4,32,48,81,89,103,107,110] [16,41,44,49,59,70,120,122] [39,48,65,81,82,83,89,115] [1,18,21,55,78,83,88,120] [24,26,34,53,63,75,89,126] [18,24,59,75,100,106,109,112] [15,29,38,46,65,72,90,101] [0,10,49,87,96,110,122,125] [26,56,68,78,84,90,98,105] [3,21,23,49,64,65,66,125] [21,23,33,52,56,65,73,85] [0,15,20,29,47,78,91,104] [49,55,86,89,102,103,110,125] [11,25,49,59,72,75,91,120] [1,35,42,48,80,87,107,115] [1,21,34,59,72,83,88,105] [17,56,66,70,77,109,111,114] [18,68,69,72,80,98,99,106] [5,7,12,25,52,102,104,114] [3,29,41,67,73,88,107,110] [16,33,43,46,76,93,100,106] [3,48,76,87,102,104,110,112]
Token  77: [7,32,58,72,88,109,117,121] [1,25,27,44,52,63,65,122] [12,16,60,81,95,104,107,127] [20,71,72,84,100,116,118,126] [7,11,30,52,53,57,70,119] [17,18,25,59,64,74,103,110] [34,44,47,56,58,63,71,104] [33,44,59,82,94,100,106,109] [3,38,65,67,72,86,90,127] [0,17,49,68,80,102,111,122] [18,50,51,68,69,78,94,98] [3,21,24,28,48,53,60,124] [2,4,9,34,56,65,115,127] [8,28,42,78,82,91,104,106] [3,4,15,53,68,69,110,115] [6,16,17,40,61,89,120,121] [0,14,50,65,80,105,114,115] [1,9,18,35,77,82,103,112] [22,34,56,63,64,104,105,116] [33,48,75,82,94,100,106,112] [35,38,44,65,86,103,123,127] [10,71,76,80,84,96,102,111] [13,18,30,69,85,94,98,103] [21,22,60,65,67,85,96,99] [2,9,26,34,42,46,61,124] [2,42,77,99,104,106,112,125] [3,8,38,107,109,110,111,115] [6,11,16,40,61,75,99,102] [1,14,48,80,89,93,113,115] [53,66,72,77,82,88,93,103] [9,34,52,55,63,64,83,116] [33,44,56,60,82,94,100,106] [9,15,44,45,86,90,103,123] [10,49,65,66,80,102,104,111] [2,7,13,30,33,45,80,103] [4,5,37,53,60,79,94,99] [2,9,32,34,42,74,95,108] [10,20,27,73,77,104,106,124] [3,53,92,102,104,107,109,125] [11,16,25,40,48,75,84,120] [32,35,42,50,80,82,107,113] [34,39,59,77,88,93,103,105] [4,17,25,33,56,70,96,111] [30,41,46,61,72,74,82,98] [5,9,11,30,42,99,102,127] [29,41,51,64,73,88,99,110] [16,27,35,43,46,74,94,100] [4,17,53,72,84,102,107,110]
Token  78: [35,52,57,76,109,117,123,127] [8,24,25,27,52,63,77,122] [29,48,60,64,65,92,101,103] [25,29,64,71,74,86,93,101] [2,11,16,57,64,89,96,119] [4,20,55,71,103,109,110,112] [39,63,89,96,104,112,115,116] [33,36,44,82,84,94,100,106] [18,21,32,45,67,72,86,90] [0,11,17,26,34,68,80,85] [4,5,12,18,36,42,50,63] [13,45,53,60,90,95,102,110] [2,4,27,36,54,60,92,111] [31,43,47,85,91,103,106,117] [2,3,49,63,68,69,83,125] [17,34,40,45,48,50,63,120] [0,1,54,84,90,100,106,114] [1,7,77,82,90,114,122,123] [46,58,63,96,104,112,115,116] [33,36,44,82,88,94,100,123] [18,32,45,55,72,86,87,123] [0,14,17,62,68,80,85,111] [7,18,19,31,36,50,63,69] [13,30,45,58,60,76,94,103] [1,2,4,9,34,69,73,92] [47,67,78,85,91,95,106,117] [3,63,67,68,69,83,109,125] [15,21,34,40,45,63,99,120] [0,34,46,53,54,90,91,100] [7,37,77,99,114,120,123,124] [26,34,39,58,63,89,96,115] [33,36,44,56,58,82,94,100] [18,32,40,45,72,86,87,90] [0,17,43,62,68,80,85,102] [18,28,30,36,40,50,63,91] [28,45,52,53,60,72,95,110] [4,34,36,39,64,73,85,126] [31,47,78,85,91,93,106,117] [2,3,55,63,67,69,98,119] [17,29,40,45,50,63,125,127] [0,34,46,80,90,106,112,115] [5,7,34,50,55,57,77,80] [23,47,58,80,87,99,108,117] [0,5,7,58,66,98,100,115] [29,39,46,52,60,102,104,108] [41,50,64,71,91,99,113,114] [16,27,74,76,94,100,122,125] [0,3,53,61,76,87,102,107]
Token  79: [46,47,52,76,88,117,123,127] [4,25,27,44,52,63,109,122] [12,29,42,48,60,64,104,127] [19,20,25,60,73,74,86,100] [7,11,37,51,53,57,70,119] [18,51,55,74,93,110,112,119] [20,46,63,87,104,111,116,124] [32,33,44,63,82,94,100,106] [35,45,67,86,87,88,90,123] [0,7,17,67,68,76,80,102] [7,18,25,30,50,63,91,94] [21,28,48,53,60,90,99,100] [2,4,14,27,34,65,115,127] [40,89,91,92,104,106,112,117] [3,15,38,53,57,66,69,115] [3,17,32,40,75,89,120,125] [0,1,14,80,84,93,100,105] [1,34,50,75,77,82,100,103] [22,46,63,64,87,104,116,124] [32,33,44,82,88,94,100,106] [35,40,44,45,67,86,90,123] [7,17,66,68,76,80,102,111] [13,18,23,30,83,91,94,98] [21,22,28,53,60,67,99,100] [2,4,14,26,27,34,92,127] [91,92,93,99,104,106,112,117] [3,15,38,53,66,109,111,116] [6,11,32,40,58,61,75,89] [1,30,50,53,80,93,105,113] [1,34,66,72,77,82,100,103] [22,34,63,66,87,89,104,116] [19,33,44,56,82,94,100,106] [9,35,44,45,67,86,123,127] [7,17,68,70,80,91,102,111] [2,7,13,30,45,91,94,103] [4,21,53,60,94,96,99,111] [2,4,14,32,36,108,115,127] [10,20,27,68,92,104,106,112] [3,15,53,69,87,92,109,125] [0,11,25,32,40,75,89,120] [0,35,42,53,80,105,107,113] [30,34,50,59,77,82,88,105] [4,17,25,30,33,56,70,111] [41,46,61,74,75,82,98,115] [5,9,11,42,46,62,100,102] [29,48,50,51,64,88,99,116] [16,27,32,43,46,54,94,100] [3,4,53,72,76,87,102,107]
Token  80: [30,52,76,88,109,117,121,127] [13,25,27,44,52,63,109,122] [12,29,42,60,64,65,101,104] [19,25,60,69,74,93,100,101] [7,11,16,26,57,60,73,96] [9,20,55,71,103,109,110,112] [17,39,43,63,96,104,112,115] [9,33,36,44,82,94,100,106] [21,30,32,45,67,72,86,87] [17,41,62,68,80,85,100,102] [4,18,27,31,36,50,63,94] [45,53,54,56,60,94,95,100] [2,4,7,34,36,73,94,127] [8,31,63,67,85,91,106,112] [2,3,14,15,38,68,69,119] [2,16,17,32,40,58,120,126] [0,14,44,54,84,90,108,114] [1,11,50,57,63,77,90,108] [17,22,63,96,112,115,116,118] [24,33,44,48,94,100,120,123] [18,30,32,44,45,55,87,114] [0,17,41,47,62,68,85,100] [4,13,15,18,27,31,36,127] [9,45,53,56,60,85,94,95] [2,4,34,35,36,55,64,94] [8,31,38,47,63,67,82,106] [3,14,15,68,69,73,81,110] [2,16,17,30,40,100,107,120] [14,54,62,90,91,108,114,127] [11,30,50,63,65,77,80,122] [17,58,63,96,112,115,116,122] [18,24,33,59,94,100,109,123] [18,27,32,44,45,87,90,114] [0,17,41,47,62,85,96,100] [4,6,18,36,50,68,69,127] [3,9,45,53,60,85,94,95] [4,21,39,55,73,94,115,117] [8,31,33,63,67,91,106,112] [3,11,14,18,55,68,69,81] [2,17,30,32,40,61,64,107] [0,29,54,77,80,91,108,115] [0,11,50,57,63,65,77,103] [12,14,20,23,24,69,80,117] [46,47,53,56,100,104,120,121] [3,6,11,29,80,98,104,110] [5,22,45,47,83,87,99,114] [1,5,10,32,52,68,122,123] [4,15,31,44,74,92,107,127]
Token  81: [13,26,52,65,72,98,100,102] [18,50,63,70,94,100,124,127] [49,53,65,81,84,88,99,104] [25,37,46,86,93,100,101,111] [7,11,43,79,85,102,106,115] [42,59,61,64,66,71,109,125] [35,56,58,63,83,105,115,116] [5,33,49,50,82,94,100,112] [44,45,72,84,114,121,123,127] [0,9,17,26,62,84,85,110] [18,31,36,50,57,61,69,73] [26,28,45,53,60,61,93,122] [2,7,9,15,56,73,99,107] [6,13,28,33,78,80,82,91] [11,20,38,48,55,63,69,81] [2,16,17,31,40,49,52,85] [8,54,89,108,114,115,124,127] [18,19,42,55,72,78,90,99] [13,24,26,34,35,112,116,122] [18,24,45,49,59,100,109,123] [18,41,57,66,72,84,114,121] [0,9,17,49,62,96,98,110] [19,31,36,57,61,69,73,90] [9,26,28,30,56,61,93,103] [9,21,35,73,80,82,89,99] [33,47,60,63,78,80,82,91] [4,12,20,32,48,55,63,110] [2,16,38,52,59,85,87,120] [8,48,65,89,91,108,115,124] [1,18,19,53,77,80,99,118] [24,26,34,58,63,105,112,116] [18,33,49,59,100,109,112,123] [18,45,53,66,72,90,114,121] [0,9,49,80,96,98,110,125] [6,26,31,36,50,69,73,90] [3,24,26,49,53,54,61,103] [2,21,23,39,52,71,73,99] [13,15,33,78,80,91,106,118] [3,11,20,32,38,48,55,69] [2,16,17,30,40,61,85,101] [8,54,80,91,108,115,124,127] [9,19,53,69,72,77,82,103] [20,23,24,39,68,80,115,126] [46,49,53,77,88,100,104,120] [0,3,6,29,53,80,98,104] [5,22,27,45,54,83,87,114] [10,45,52,55,63,68,82,123] [73,74,86,90,95,107,109,124]
Token  82: [0,9,14,21,31,63,83,120] [6,8,34,41,42,63,122,126] [53,65,67,72,84,88,107,125] [5,6,20,25,64,76,86,93] [11,43,76,79,85,96,102,106] [31,42,47,61,71,97,109,125] [63,83,96,105,112,115,116,126] [33,49,58,82,92,94,95,100] [44,45,55,66,67,72,84,127] [0,9,17,62,68,85,98,110] [5,18,36,50,61,69,73,90] [26,28,60,61,85,93,115,122] [34,65,73,79,95,99,107,115] [6,13,28,35,80,82,91,106] [3,10,11,38,48,63,69,79] [2,16,17,23,40,50,85,99] [8,48,89,114,115,122,124,127] [1,18,19,53,58,69,77,124] [13,26,34,58,63,112,115,116] [3,5,24,49,59,95,100,109] [5,18,27,44,66,72,84,114] [0,9,17,47,62,98,104,110] [6,31,36,45,50,69,73,90] [9,20,25,26,28,30,45,103] [9,21,35,39,73,85,95,107] [6,33,61,63,78,80,82,91] [11,48,55,63,69,73,79,110] [2,16,38,40,59,85,87,120] [8,48,89,91,114,115,124,127] [18,19,77,80,82,99,122,124] [13,34,58,63,105,112,115,126] [5,24,33,49,59,94,95,100] [18,35,53,66,90,114,121,127] [0,9,23,76,85,96,98,110] [6,18,31,36,50,69,73,90] [1,3,26,53,54,60,85,103] [21,23,34,35,39,71,73,107] [6,13,31,33,80,91,106,118] [3,10,11,48,55,63,69,79] [2,9,16,17,31,40,85,120] [8,14,30,80,91,115,124,127] [1,9,19,48,53,69,77,103] [21,23,24,64,68,74,80,115] [12,46,49,77,88,100,104,120] [0,6,29,69,73,88,98,104] [2,17,22,27,45,46,112,114] [30,39,52,55,63,68,81,105] [32,73,74,86,95,111,117,124]
Token  83: [21,22,31,38,69,93,107,118] [8,23,25,34,60,76,83,122] [53,65,68,72,116,117,123,125] [1,5,25,29,64,71,93,106] [11,34,43,79,95,96,102,111] [2,31,47,55,96,99,111,119] [14,23,41,43,58,63,89,115] [5,33,44,72,82,94,100,106] [18,27,28,45,55,72,86,99] [17,68,76,79,80,85,98,105] [14,18,28,50,73,90,107,123] [1,13,26,58,69,85,92,122] [30,39,69,79,80,85,92,107] [6,13,35,68,91,106,118,121] [3,10,11,38,55,57,69,101] [3,17,23,34,40,50,63,64] [10,20,80,84,98,114,121,127] [1,30,45,75,90,122,123,124] [13,14,26,58,63,89,96,115] [5,33,36,44,72,82,94,95] [18,27,35,45,66,72,86,114] [17,23,62,68,76,80,98,104] [6,18,36,45,50,69,73,90] [9,20,26,45,58,85,103,122] [23,36,39,69,85,92,95,107] [13,30,33,80,82,85,91,118] [2,3,38,63,69,101,109,110] [2,34,38,40,61,87,99,100] [14,48,91,97,100,114,121,127] [14,30,77,80,82,99,114,124] [13,14,22,34,58,89,112,116] [5,33,44,56,72,82,94,100] [18,32,35,66,90,99,108,127] [0,17,23,76,79,98,104,105] [6,18,36,50,69,73,90,91] [1,26,54,58,62,85,90,92] [23,27,34,36,39,69,73,107] [13,33,80,83,85,91,106,125] [3,10,38,55,57,63,69,101] [16,17,26,34,40,58,89,100] [20,30,80,91,105,115,121,127] [1,9,14,30,45,90,97,124] [21,23,55,68,80,101,115,119] [4,5,26,36,46,100,104,120] [6,54,56,69,71,98,104,108] [2,20,22,27,45,93,114,127] [52,55,60,63,67,68,98,117] [32,34,55,58,71,86,112,117]
Token  84: [28,33,34,75,87,91,101,110] [9,28,37,60,63,77,90,122] [4,42,46,48,60,64,68,104] [21,24,68,71,73,74,103,106] [7,11,46,51,57,60,70,102] [31,55,63,93,96,110,119,122] [14,22,63,87,89,96,97,104] [5,32,33,40,44,82,94,100] [32,37,45,86,90,100,104,108] [0,7,17,23,68,76,80,105] [18,33,50,69,82,85,91,103] [1,3,18,48,60,85,100,122] [2,14,30,34,39,65,67,78] [1,2,63,91,103,106,112,127] [3,11,15,38,55,57,64,69] [2,17,31,32,40,49,54,106] [1,10,14,30,84,97,115,127] [1,18,36,61,92,99,122,124] [14,22,63,88,89,112,116,118] [5,33,36,44,75,88,100,123] [32,35,37,45,72,100,108,114] [0,7,17,23,47,76,79,104] [15,31,33,36,50,82,85,127] [1,4,9,62,85,92,94,103] [9,24,28,35,36,39,55,64] [8,13,35,47,63,78,82,91] [3,4,14,64,89,94,107,110] [0,2,15,32,54,100,106,119] [1,10,28,35,89,91,100,127] [13,30,61,92,99,120,122,124] [9,14,34,58,88,89,96,112] [5,33,36,40,44,88,89,108] [4,10,32,35,54,90,100,108] [0,7,17,23,47,76,79,105] [9,15,31,36,50,75,82,127] [1,25,31,54,62,92,94,100] [24,28,34,39,55,61,73,92] [1,13,61,63,74,91,106,112] [15,38,49,55,57,64,73,87] [32,33,40,64,89,100,106,125] [13,28,30,91,93,100,115,127] [1,30,61,81,82,92,100,124] [3,8,14,23,71,80,86,115] [5,16,26,41,46,68,80,100] [6,11,19,29,39,69,104,126] [2,12,32,45,91,92,114,117] [14,35,51,55,60,68,117,122] [26,30,46,57,58,94,110,114]
Token  85: [41,75,87,91,105,110,111,122] [13,16,37,38,46,59,63,103] [36,42,49,57,60,64,72,104] [24,29,70,71,73,80,100,106] [5,7,11,51,57,60,83,102] [1,43,55,93,96,115,119,122] [14,46,58,63,89,104,116,124] [5,33,44,82,88,94,100,106] [10,18,37,45,67,86,90,123] [7,8,17,35,41,68,76,80] [15,18,50,82,85,91,107,124] [1,60,69,85,92,94,100,122] [2,4,7,14,34,61,67,126] [2,34,63,68,91,106,109,112] [3,15,38,55,57,60,69,109] [2,17,32,40,54,63,84,125] [1,14,30,80,84,98,115,127] [1,9,26,36,62,77,112,124] [14,22,46,63,104,116,118,119] [5,33,44,82,88,94,100,106] [27,32,35,45,55,67,86,90] [7,17,35,47,68,76,79,80] [15,18,31,50,82,85,91,127] [1,9,25,46,85,92,94,100] [2,4,34,35,36,61,67,102] [2,8,18,63,82,91,106,112] [3,14,38,57,69,71,73,94] [2,17,32,40,54,100,125,126] [1,10,11,14,30,91,114,127] [26,61,77,80,81,100,122,124] [9,14,22,88,89,112,115,116] [5,33,36,44,82,88,89,94] [0,32,35,45,50,90,100,108] [7,8,17,41,47,76,79,102] [15,18,31,50,82,85,91,127] [1,38,54,62,85,92,94,100] [7,14,22,34,39,61,92,102] [13,41,59,63,87,91,106,112] [3,11,15,55,57,61,69,94] [2,15,17,30,32,40,54,125] [28,30,54,80,91,93,115,127] [26,36,49,73,77,82,100,103] [14,23,24,50,68,71,80,115] [5,30,46,56,68,100,120,121] [3,6,11,29,39,69,94,110] [2,5,45,47,83,87,114,117] [10,19,52,55,68,104,117,122] [31,44,58,74,82,84,112,127]
Token  86: [31,47,53,61,69,93,120,122] [2,25,45,46,63,83,91,122] [12,65,68,72,116,117,123,125] [20,29,71,80,89,93,101,106] [11,43,63,79,83,91,102,111] [30,31,55,79,96,103,111,119] [14,26,39,58,63,96,115,116] [5,33,36,44,72,82,94,100] [27,44,45,55,72,86,99,123] [17,43,62,68,76,80,92,105] [14,18,21,50,73,83,91,107] [1,13,58,65,69,92,115,122] [4,18,39,66,69,80,92,126] [0,32,44,63,91,103,106,121] [3,10,11,38,55,63,69,125] [17,34,40,45,48,50,63,100] [30,48,80,84,90,114,121,127] [1,5,7,53,61,77,122,124] [22,39,58,63,88,96,115,116] [5,33,44,50,72,94,100,123] [18,27,32,35,45,55,72,114] [0,17,23,47,62,79,80,104] [12,18,31,50,73,85,90,127] [1,26,58,72,85,92,103,115] [4,21,35,39,66,69,73,95] [33,44,47,78,91,95,106,117] [3,4,63,69,109,110,113,125] [2,40,45,59,84,87,99,100] [1,10,48,76,90,91,97,100] [13,51,53,61,77,80,99,124] [9,13,34,39,58,63,96,115] [24,33,36,56,59,72,94,100] [18,32,45,90,99,108,114,123] [0,2,14,17,85,96,105,115] [6,19,31,36,50,75,84,91] [1,13,21,31,58,60,92,120] [2,4,21,34,39,66,69,126] [32,33,40,91,103,106,122,125] [3,19,55,63,69,101,113,119] [11,16,17,34,40,45,89,100] [30,54,76,80,91,112,115,121] [7,45,51,61,77,80,82,124] [14,21,23,71,80,115,117,119] [5,46,58,65,66,68,100,120] [3,6,29,46,69,71,104,108] [2,20,22,45,50,71,114,121] [27,52,55,67,68,77,117,127] [20,34,55,58,71,73,112,117]
Token  87: [6,64,75,77,87,91,110,123] [25,45,60,63,65,72,75,122] [4,36,46,60,64,65,92,104] [5,20,25,60,93,99,103,106] [11,43,57,60,64,83,96,102] [43,55,71,93,99,103,109,112] [25,39,63,88,96,104,112,115] [21,32,33,36,44,82,94,100] [30,32,38,45,55,86,90,123] [0,7,17,62,76,80,85,100] [4,12,18,27,31,91,94,98] [1,45,53,56,75,90,100,110] [4,25,30,34,35,36,39,101] [8,13,43,63,73,85,91,106] [1,3,11,14,15,38,69,119] [17,30,32,40,45,63,84,106] [24,30,46,48,90,114,115,127] [1,5,11,57,77,99,123,124] [17,39,58,63,87,96,115,118] [33,44,48,58,94,100,108,123] [30,32,35,44,45,55,79,114] [0,17,23,47,62,76,79,100] [4,12,15,18,27,31,50,127] [1,9,45,52,56,75,85,94] [4,28,34,35,55,64,94,127] [8,25,43,47,63,67,91,106] [3,14,19,68,69,94,113,125] [15,29,45,75,84,87,100,106] [10,46,54,90,91,97,98,100] [11,13,57,73,77,93,122,124] [9,17,39,52,58,87,96,115] [33,36,40,58,89,94,100,108] [13,18,30,32,40,45,90,108] [0,17,51,53,63,79,85,100] [4,12,15,27,31,50,91,127] [1,28,31,45,56,92,94,100] [4,7,18,22,35,64,78,101] [8,12,27,63,89,91,106,117] [2,3,15,55,68,69,103,109] [2,11,45,63,84,87,100,106] [0,46,54,90,91,100,106,115] [7,11,57,73,77,81,82,114] [14,23,52,69,87,108,110,117] [5,24,46,53,66,68,83,115] [11,19,29,39,46,101,104,108] [20,31,41,45,50,71,81,114] [20,27,32,68,76,77,99,122] [14,44,49,58,61,107,112,118]
Token  88: [11,16,72,85,98,100,114,119] [25,44,52,63,72,78,106,122] [16,29,45,60,65,103,104,127] [5,19,20,25,46,80,103,106] [2,7,11,57,60,63,83,96] [18,20,31,55,71,93,110,112] [39,63,87,96,97,104,115,116] [32,33,44,58,82,94,100,106] [30,32,45,86,90,102,108,123] [7,17,68,76,80,85,92,100] [4,12,18,27,63,69,91,98] [21,36,53,60,72,75,76,90] [2,4,8,18,27,39,47,125] [35,58,63,85,91,92,106,117] [2,3,14,67,68,69,119,125] [17,29,40,45,58,63,84,106] [14,30,46,80,84,90,106,127] [1,5,7,57,77,82,100,124] [22,46,63,87,96,104,115,116] [33,44,58,82,88,94,100,106] [21,30,32,45,55,86,90,123] [17,57,62,68,80,85,92,100] [18,27,36,50,63,80,91,94] [45,56,60,72,90,102,104,110] [2,4,8,27,34,39,61,102] [31,35,85,91,92,99,106,117] [2,3,27,29,38,69,109,125] [11,17,40,50,75,99,102,120] [0,1,14,30,34,46,91,127] [22,57,72,73,77,82,120,124] [39,58,63,66,96,104,115,116] [9,33,44,56,82,88,94,106] [3,6,10,21,45,67,83,90] [38,53,68,69,80,81,85,91] [22,29,63,67,81,92,102,114] [17,52,53,75,76,104,110,120] [4,22,41,62,77,101,111,125] [13,35,85,86,91,92,106,117] [2,3,19,68,69,109,113,125] [16,21,26,50,63,64,106,111] [0,34,46,54,90,98,106,115] [7,57,75,77,80,82,105,124] [14,23,78,80,87,99,108,117] [30,58,66,68,83,96,100,115] [19,29,46,104,105,108,111,114] [18,29,41,50,71,91,114,116] [20,27,49,68,76,100,103,122] [3,10,53,76,87,102,104,112]
Token  89: [7,38,58,72,76,88,109,123] [1,25,27,52,63,65,97,122] [16,29,60,65,78,89,104,127] [19,46,68,84,93,94,103,111] [2,11,34,52,53,57,63,96] [18,31,64,74,93,103,110,119] [44,63,71,87,96,104,115,116] [31,32,33,44,82,94,100,106] [38,45,67,72,77,86,90,123] [0,7,17,68,80,96,111,125] [18,27,50,63,69,91,94,98] [21,28,53,60,96,99,100,124] [2,4,8,27,34,65,115,127] [40,67,82,91,92,104,106,112] [3,15,53,55,57,69,71,115] [3,16,17,32,40,89,120,121] [0,1,14,50,80,84,101,115] [1,9,26,77,82,100,103,112] [23,56,63,64,87,104,124,127] [31,32,33,48,73,82,100,106] [17,21,44,61,72,86,90,123] [7,17,66,71,76,80,102,111] [18,30,50,83,85,91,94,126] [9,60,67,69,78,92,99,115] [2,14,26,34,46,61,79,102] [23,82,83,99,104,106,112,125] [3,14,38,53,86,111,115,125] [11,16,32,40,48,75,121,125] [1,11,14,30,50,80,113,115] [9,72,73,82,93,100,103,112] [9,23,63,64,88,104,116,127] [31,33,44,73,82,94,100,106] [5,9,15,17,61,67,69,90] [66,71,79,80,89,102,104,123] [2,7,10,30,50,85,91,126] [0,4,60,78,85,92,99,121] [2,14,32,39,42,74,102,108] [20,27,29,68,92,104,106,112] [3,14,15,29,87,102,115,125] [11,16,25,32,40,75,117,121] [0,35,42,48,80,97,107,113] [1,13,34,39,59,73,88,105] [4,17,25,56,66,70,111,114] [18,30,56,69,72,74,80,83] [5,9,11,29,42,103,107,127] [29,50,51,76,77,88,99,110] [16,27,32,43,46,54,94,100] [3,4,53,61,72,87,102,107]
Token  90: [35,52,57,76,109,117,123,127] [25,27,52,63,65,85,97,126] [29,42,48,60,65,89,101,112] [19,20,25,46,81,93,94,108] [2,7,11,16,26,57,63,96] [20,31,43,55,71,93,110,112] [17,39,63,65,96,97,104,115] [33,40,44,58,82,89,94,100] [30,32,40,45,67,86,87,124] [0,2,17,51,76,80,85,100] [4,5,18,27,31,91,94,126] [1,45,53,56,94,95,100,121] [4,8,35,39,47,55,94,117] [8,47,67,85,91,92,106,112] [3,14,15,38,68,69,109,119] [2,17,29,32,38,40,63,100] [14,30,46,54,76,90,97,127] [1,11,57,77,82,122,123,124] [17,58,63,87,88,96,115,118] [5,33,44,45,58,84,94,100] [18,30,32,35,45,55,87,114] [0,17,23,41,47,79,85,100] [4,15,18,27,31,50,80,127] [1,9,45,56,85,92,94,95] [4,9,28,35,39,55,64,94] [8,25,38,47,63,67,91,106] [3,14,24,69,81,83,94,110] [2,11,15,48,50,84,99,100] [0,28,46,54,90,91,98,100] [13,30,50,51,57,77,120,124] [9,17,39,58,88,89,96,115] [33,36,40,47,48,56,89,100] [18,30,32,45,48,87,90,108] [17,51,53,63,79,85,100,115] [4,5,27,36,50,75,91,102] [1,28,31,45,56,92,95,102] [4,7,18,34,61,62,91,117] [8,47,67,91,97,102,106,122] [3,14,15,24,55,68,69,113] [2,16,17,30,50,63,84,125] [0,14,28,46,54,90,91,115] [49,50,57,73,77,81,82,100] [14,23,47,69,77,83,87,117] [5,30,46,53,58,96,115,120] [12,16,29,78,82,94,104,127] [50,65,67,87,95,99,117,121] [32,68,76,90,94,97,113,122] [4,14,18,44,49,58,107,112]
Token  91: [13,26,40,52,65,72,98,100] [18,50,63,70,94,100,124,127] [49,53,65,84,88,99,104,123] [19,25,37,46,71,86,93,116] [11,43,85,92,96,102,106,115] [35,42,55,59,66,71,84,109] [58,63,66,83,88,105,115,116] [5,31,33,82,84,94,100,106] [32,45,55,86,90,121,123,127] [0,2,9,17,51,76,80,84] [18,26,29,36,50,54,98,105] [1,3,24,28,45,49,60,61] [8,15,30,35,65,73,85,99] [0,6,15,28,33,91,103,106] [4,11,20,48,55,63,69,81] [2,16,17,31,40,41,49,85] [48,54,65,89,90,114,115,127] [1,18,19,55,72,77,99,124] [24,34,63,88,105,112,116,118] [18,24,49,59,100,103,109,112] [18,41,57,72,84,103,114,121] [0,9,47,49,96,104,110,125] [31,36,45,47,56,61,105,127] [1,19,24,30,37,49,61,103] [9,15,35,55,82,89,94,99] [15,28,38,47,60,63,77,78] [4,14,32,48,88,107,110,111] [2,16,38,41,52,53,85,120] [39,46,48,62,65,83,89,91] [18,50,72,77,118,120,122,123] [24,26,34,52,58,63,88,112] [18,49,51,100,103,109,112,123] [15,18,65,84,101,103,114,121] [0,2,9,49,96,104,110,125] [6,26,31,36,56,61,68,69] [3,39,49,53,94,95,103,114] [21,33,35,39,52,73,92,108] [15,20,47,80,81,89,91,92] [14,19,32,49,55,81,98,125] [11,16,26,44,64,75,83,110] [1,34,42,48,54,107,111,115] [34,50,59,72,73,82,88,105] [8,17,25,39,50,56,66,111] [30,46,53,72,80,83,96,98] [5,19,25,29,30,34,102,127] [29,40,54,61,77,110,114,117] [15,21,43,76,77,97,103,123] [46,48,58,76,83,107,109,112]
Token  92: [9,11,16,72,85,100,114,119] [8,22,63,72,106,119,122,127] [2,16,45,60,65,78,104,127] [2,19,25,74,86,93,103,112] [11,46,52,57,70,81,83,115] [8,25,37,59,64,97,103,114] [24,34,53,58,63,71,76,107] [18,24,33,59,100,106,109,112] [9,38,57,65,72,90,116,127] [0,2,19,49,80,96,122,125] [3,16,56,68,69,78,98,105] [3,7,24,28,49,54,60,125] [2,9,15,18,56,65,99,115] [0,15,19,23,26,28,78,91] [3,4,20,55,67,81,100,110] [2,16,31,41,49,101,120,127] [39,65,81,82,89,103,105,115] [18,21,33,42,55,77,78,83] [8,24,26,34,53,63,70,116] [6,18,24,30,73,106,109,112] [31,37,38,46,72,111,121,124] [0,10,49,85,96,110,122,125] [7,26,47,56,58,69,94,98] [4,7,21,64,65,67,96,125] [3,9,43,46,56,65,85,119] [42,49,77,82,92,99,104,112] [22,52,57,74,88,92,107,110] [6,18,53,59,75,76,113,120] [36,48,50,65,67,83,89,115] [18,71,72,83,86,93,120,123] [26,30,34,59,63,70,80,115] [6,51,58,100,103,106,109,117] [7,9,46,72,93,101,103,111] [10,23,49,54,62,78,96,104] [7,30,39,45,104,112,113,119] [4,21,29,37,64,78,85,126] [9,17,42,74,82,95,108,119] [10,20,27,29,85,91,104,124] [3,13,26,89,102,107,110,125] [11,44,69,75,83,84,104,120] [14,42,48,50,80,84,107,113] [1,13,34,59,72,77,86,88] [8,17,23,56,67,71,109,111] [18,61,68,72,74,80,82,99] [5,6,29,30,69,76,108,127] [3,29,41,54,73,88,110,117] [16,21,26,43,46,63,76,125] [3,45,58,76,87,102,116,118]
Token  93: [7,32,58,72,88,109,117,121] [1,8,25,27,63,65,87,122] [12,16,45,95,101,104,107,127] [19,20,68,71,72,84,103,115] [7,11,30,52,53,57,70,81] [17,18,25,64,74,103,110,114] [34,53,56,58,63,71,76,104] [18,24,33,59,82,100,106,109] [38,45,65,67,72,86,90,127] [0,7,17,49,80,96,111,122] [18,26,50,51,68,69,78,98] [3,21,24,28,54,60,96,125] [2,9,34,56,64,65,79,115] [23,26,42,78,82,91,104,106] [3,4,17,53,69,81,110,115] [16,17,40,49,61,70,101,120] [0,14,39,65,80,81,89,115] [1,18,21,75,77,82,83,103] [24,34,56,63,83,104,105,116] [3,18,33,51,75,100,109,112] [38,65,72,101,103,116,124,127] [0,10,49,80,96,111,122,125] [13,26,30,56,69,78,86,98] [21,23,28,64,67,92,96,125] [9,26,28,43,56,65,79,91] [23,42,77,82,99,104,118,125] [8,53,66,74,88,99,107,110] [6,11,40,44,56,75,91,120] [1,14,53,80,89,113,114,115] [18,72,78,82,83,90,93,103] [34,46,63,64,89,104,115,116] [3,33,44,51,82,94,100,106] [9,14,44,45,72,93,111,127] [10,49,62,80,96,102,104,114] [7,30,37,41,45,80,86,111] [4,33,64,82,85,96,114,116] [14,17,32,34,42,92,95,102] [20,27,29,42,51,89,104,124] [3,31,53,69,95,102,109,125] [11,17,40,44,75,84,91,120] [1,42,48,50,70,80,84,107] [33,34,59,77,78,83,88,105] [8,17,56,58,70,80,87,111] [18,69,72,74,80,82,99,111] [3,5,6,25,29,94,101,127] [29,33,41,51,110,113,114,120] [16,26,43,54,93,94,100,125] [3,4,72,83,84,102,107,110]
Token  94: [35,52,57,76,109,117,123,127] [8,25,27,52,63,103,109,122] [29,48,60,64,65,92,101,103] [20,25,29,71,74,87,93,101] [2,11,16,43,57,64,89,96] [4,20,55,71,103,109,110,112] [39,43,63,96,104,112,115,126] [33,44,82,84,88,94,100,106] [18,32,45,67,86,90,102,123] [8,14,17,26,34,68,80,85] [4,5,6,18,22,36,42,63] [13,53,60,76,90,102,110,120] [4,36,39,47,54,92,111,125] [18,35,43,47,85,91,106,117] [2,14,49,63,67,69,84,125] [11,17,19,26,34,45,63,122] [0,46,54,76,82,90,100,106] [1,7,50,77,90,122,123,124] [26,44,46,58,63,96,115,116] [33,44,82,84,88,94,100,123] [18,32,45,55,86,87,114,123] [0,8,14,17,62,68,80,85] [12,18,19,31,50,63,75,102] [13,31,45,52,53,92,94,102] [1,4,54,77,85,91,92,125] [43,47,78,85,91,95,99,117] [13,27,49,69,81,83,84,110] [2,11,15,21,26,27,75,107] [0,34,53,54,70,91,100,113] [13,30,50,61,77,99,120,124] [9,39,44,58,77,88,89,96] [33,36,39,40,56,72,100,106] [6,10,18,45,83,87,90,118] [8,15,26,38,63,69,80,85] [5,22,42,63,67,92,102,121] [5,53,65,66,76,108,110,120] [4,41,62,77,78,101,111,122] [31,34,85,86,91,97,117,125] [2,19,49,59,69,81,97,98] [16,26,27,48,50,63,84,125] [0,34,46,48,54,70,98,106] [13,34,50,77,80,82,120,124] [14,47,58,66,78,87,99,117] [11,30,46,53,91,98,99,115] [7,29,46,52,60,78,82,102] [8,41,50,64,71,90,91,113] [15,35,43,74,76,94,100,113] [0,3,53,76,87,99,102,107]
Token  95: [46,47,52,76,88,117,123,127] [4,25,27,44,52,63,109,122] [12,29,42,48,60,64,81,104] [19,20,25,73,74,86,100,114] [7,11,37,51,53,57,70,119] [18,31,55,74,93,110,112,119] [20,46,63,65,87,104,111,116] [19,32,33,44,82,94,100,106] [35,45,67,86,87,90,108,123] [0,7,17,67,68,76,80,102] [7,18,25,63,69,91,94,126] [21,53,60,72,90,96,99,100] [2,4,8,14,34,65,115,127] [58,91,92,103,104,106,112,117] [3,15,38,53,66,69,71,115] [16,17,32,40,49,75,89,120] [0,1,14,39,80,84,105,115] [1,9,18,21,77,78,82,103] [22,34,56,58,63,87,104,116] [9,33,44,59,82,88,100,106] [9,38,45,65,72,86,124,127] [0,10,49,66,76,80,96,111] [13,26,58,78,86,94,98,126] [7,21,28,60,64,96,99,125] [2,9,14,46,65,92,96,127] [42,58,91,92,99,103,104,112] [22,38,57,102,107,109,110,115] [6,11,32,40,44,61,120,125] [30,80,84,89,93,105,109,115] [1,18,26,50,72,73,82,83] [34,44,46,58,63,89,104,116] [24,33,44,82,94,100,106,110] [9,45,67,72,86,90,123,127] [7,25,66,68,69,80,92,115] [2,7,10,30,71,94,103,111] [4,21,53,64,81,94,96,99] [14,17,32,34,42,92,111,115] [20,27,51,68,92,104,106,112] [3,15,22,53,69,87,102,125] [14,32,37,40,75,89,120,125] [1,4,42,80,84,93,94,107] [26,34,59,78,82,88,93,100] [8,17,25,56,70,80,111,114] [18,46,72,74,80,96,99,111] [5,6,12,19,30,42,104,114] [29,41,64,91,98,110,113,114] [16,27,43,46,93,94,100,125] [3,4,39,53,72,87,102,107]
Token  96: [27,30,52,76,88,117,121,127] [13,25,27,52,63,97,109,122] [12,29,60,64,65,95,101,104] [19,25,60,69,74,86,93,100] [7,11,16,26,57,60,96,119] [4,9,20,55,71,109,110,112] [39,43,63,96,104,112,115,116] [33,36,44,82,89,94,100,106] [18,30,32,45,67,87,108,123] [17,41,62,68,76,80,85,100] [4,18,27,31,36,42,63,103] [1,22,36,45,53,56,60,95] [2,4,8,34,35,39,65,94] [8,31,63,73,85,91,106,112] [2,3,12,15,18,69,81,109] [2,16,17,32,38,40,64,120] [0,44,54,84,90,108,114,127] [11,50,57,63,77,90,108,122] [17,58,63,88,112,115,116,118] [33,48,59,82,88,94,100,123] [18,30,32,35,44,45,72,114] [0,17,41,47,62,79,100,104] [4,13,18,27,31,36,50,127] [9,28,45,56,85,92,94,103] [4,34,35,36,38,55,85,94] [31,47,63,78,82,95,106,109] [3,4,12,14,18,69,81,110] [2,6,16,17,54,59,107,120] [48,54,62,65,88,91,108,114] [11,50,63,65,77,80,108,122] [34,88,89,96,112,115,122,126] [18,24,33,48,100,108,109,123] [18,27,32,35,45,53,90,114] [0,16,17,41,47,79,85,96] [6,18,31,36,50,68,69,127] [1,3,9,45,53,54,92,103] [1,21,34,35,39,55,73,94] [31,33,47,63,81,91,95,106] [3,12,14,55,69,81,103,110] [2,16,17,19,31,32,40,107] [0,14,48,54,91,108,115,127] [11,26,50,58,77,82,103,120] [14,20,23,24,69,80,112,115] [46,47,53,56,75,100,120,122] [6,11,29,67,69,94,104,110] [5,45,54,83,87,95,114,117] [1,5,10,32,68,76,122,123] [4,14,31,44,74,92,107,127]
Token  97: [40,43,52,65,72,73,98,100] [18,38,63,70,94,100,122,127] [38,40,57,82,84,88,99,123] [6,31,71,84,86,95,101,116] [7,11,13,52,76,85,106,115] [37,59,61,64,66,73,97,125] [27,63,76,83,88,105,107,112] [18,24,49,59,75,100,109,112] [18,57,65,72,81,84,121,127] [0,9,49,84,85,110,122,125] [26,31,36,47,61,68,78,90] [1,24,28,49,54,61,93,103] [15,35,56,75,78,85,89,99] [6,15,26,28,33,58,80,110] [4,11,17,20,55,76,81,110] [2,8,31,41,49,85,93,101] [8,65,73,76,81,89,115,124] [18,19,33,42,55,78,99,105] [24,34,35,105,107,112,116,126] [18,24,49,59,75,100,109,112] [18,41,57,66,72,84,114,121] [0,9,49,50,98,110,122,125] [26,31,36,47,56,61,68,90] [3,19,24,54,61,93,103,107] [15,21,23,35,85,89,94,99] [15,28,33,38,58,60,78,110] [4,12,14,17,20,32,81,110] [2,16,31,52,59,70,101,120] [39,48,62,65,83,89,91,115] [18,19,21,33,42,55,105,118] [24,26,34,58,63,105,112,126] [18,24,49,59,106,109,112,123] [18,65,72,84,101,111,114,121] [0,16,49,85,96,104,110,125] [6,26,31,36,56,68,78,90] [3,23,24,48,54,95,103,125] [21,23,35,73,79,89,96,99] [15,28,31,33,58,78,91,118] [3,4,11,17,32,55,81,104] [2,52,59,70,85,101,103,120] [65,73,80,81,89,91,115,124] [1,21,42,48,69,82,103,105] [24,31,32,64,68,80,113,115] [31,37,46,77,78,88,100,104] [6,8,47,53,73,90,98,104] [22,27,32,45,87,94,101,114] [5,11,34,38,52,55,60,63] [20,44,57,73,74,86,105,109]
Token  98: [14,21,50,57,75,103,106,110] [3,6,9,28,33,62,80,122] [41,84,90,92,100,115,122,125] [4,12,39,71,87,95,117,127] [7,11,34,50,56,58,64,83] [18,31,47,51,68,105,110,119] [26,39,41,56,58,63,112,116] [33,36,44,82,94,100,106,109] [36,38,45,67,72,86,109,127] [0,32,65,80,85,96,98,122] [26,29,36,50,68,69,78,90] [28,48,54,60,63,69,103,109] [23,24,56,65,73,78,79,85] [23,26,33,66,82,83,91,118] [3,4,11,16,55,63,105,110] [2,8,16,17,40,59,72,103] [14,48,65,81,89,91,115,119] [1,18,55,75,78,82,90,99] [24,26,34,63,107,112,116,126] [3,24,59,62,75,100,106,112] [5,9,41,65,66,72,109,114] [0,13,49,65,96,98,122,125] [16,19,31,36,47,68,78,90] [3,11,26,32,48,54,103,109] [9,21,23,24,35,73,79,89] [33,61,66,78,80,82,91,118] [4,16,63,81,89,105,107,110] [2,12,16,38,59,72,103,120] [12,48,55,65,89,91,115,119] [4,13,18,66,78,90,99,120] [26,34,39,58,63,107,112,126] [24,33,56,59,60,62,75,100] [15,18,36,53,90,101,109,114] [0,32,49,51,65,96,98,122] [6,19,31,36,50,68,69,90] [3,21,53,54,59,63,103,109] [21,23,24,35,39,71,73,125] [26,33,66,82,91,106,118,125] [3,11,16,38,55,63,90,105] [2,9,16,17,40,72,103,120] [12,14,80,84,91,115,119,127] [2,9,35,66,78,82,90,103] [14,18,23,27,68,80,102,115] [6,29,36,46,87,100,104,120] [6,14,20,38,48,69,98,104] [22,27,37,45,58,70,80,114] [52,55,60,63,75,104,115,117] [36,47,66,86,88,120,123,124]
Token  99: [28,51,83,87,91,112,124,125] [9,16,28,29,45,48,68,122] [36,42,56,67,76,100,125,126] [12,61,70,73,100,101,112,114] [7,11,28,37,50,57,60,61] [10,63,74,87,93,110,115,119] [46,63,87,104,111,115,116,118] [2,19,32,33,44,82,100,106] [15,18,20,35,44,67,86,127] [0,32,35,65,66,68,80,102] [18,30,50,69,91,103,109,111] [22,28,36,42,48,53,60,69] [2,26,34,41,65,73,85,115] [18,33,68,78,82,83,91,106] [3,4,11,16,55,63,69,102] [2,16,17,31,38,40,64,72] [14,60,80,84,89,110,115,122] [18,46,77,82,90,94,103,122] [46,63,64,87,104,112,116,119] [2,33,44,45,82,94,100,106] [5,15,18,20,45,72,86,114] [0,2,32,65,66,80,102,111] [23,36,50,75,94,103,109,111] [11,14,20,22,30,31,48,60] [9,21,24,26,28,34,57,108] [13,33,35,50,78,82,91,119] [3,4,16,27,89,102,109,110] [2,16,40,50,64,72,79,99] [14,48,60,89,91,94,110,122] [4,13,37,46,68,94,99,122] [13,34,58,63,107,112,122,126] [2,24,33,45,56,60,82,106] [5,15,18,53,72,90,114,127] [0,2,32,47,49,63,65,80] [6,31,36,41,50,68,75,103] [3,11,14,31,48,52,53,60] [14,21,23,26,39,61,73,89] [13,33,41,76,78,82,91,106] [3,11,16,53,55,63,69,102] [2,16,17,40,60,64,72,120] [55,60,80,91,94,108,110,115] [9,15,36,46,64,78,103,122] [8,23,24,49,68,80,90,125] [12,19,49,75,80,100,121,125] [6,11,23,45,88,98,99,104] [5,17,22,26,45,46,76,114] [29,30,39,52,81,96,104,105] [15,35,71,74,95,111,121,127]
Token 100: [16,51,53,70,97,104,111,120] [20,24,34,62,76,86,107,122] [10,14,72,81,87,92,116,125] [12,13,23,25,32,76,105,117] [0,11,23,25,61,73,83,89] [31,35,80,93,97,107,110,119] [13,26,41,58,63,96,115,116] [24,33,44,82,87,94,100,106] [18,38,44,45,64,72,86,127] [0,32,51,80,85,94,102,111] [14,18,29,36,50,68,69,116] [21,28,30,48,54,60,69,93] [23,26,53,65,73,78,79,85] [26,33,44,68,75,82,91,118] [3,4,11,55,63,69,80,110] [2,16,17,31,38,40,50,60] [7,40,60,65,80,89,115,122] [1,15,18,52,53,78,90,99] [8,26,34,63,89,112,122,126] [24,33,45,56,59,75,87,100] [5,18,45,53,57,64,72,114] [0,2,49,50,65,94,98,122] [3,16,19,31,36,47,68,90] [4,30,48,54,63,65,103,107] [9,21,23,24,28,35,73,89] [13,26,33,60,78,82,91,118] [4,24,63,74,80,89,107,110] [2,8,16,26,38,50,64,79] [7,11,40,48,65,89,91,122] [13,18,52,53,68,99,120,123] [13,26,34,58,63,89,112,126] [24,33,56,59,60,75,87,100] [5,15,18,53,64,72,90,114] [0,13,23,49,65,80,94,96] [3,6,26,31,36,50,68,75] [3,8,21,48,52,54,65,103] [21,34,35,39,52,53,61,73] [13,33,44,75,82,91,97,106] [3,11,24,29,55,79,80,110] [2,16,17,40,48,50,60,120] [7,14,40,80,84,91,115,122] [9,15,52,53,78,90,103,124] [23,24,37,59,68,73,80,125] [43,46,49,81,96,100,104,120] [6,37,38,45,54,80,98,104] [22,45,46,63,80,104,112,114] [39,52,55,75,82,84,105,124] [27,32,35,52,71,90,95,108]
Token 101: [3,28,29,62,77,80,111,126] [11,24,45,62,76,78,86,122] [23,36,42,72,115,119,121,125] [1,11,20,25,76,101,105,119] [0,11,34,39,40,74,83,97] [1,30,55,60,80,97,103,122] [20,46,63,64,104,115,116,119] [24,33,44,82,87,94,100,106] [18,27,44,45,55,67,72,86] [0,44,62,68,80,85,94,102] [1,14,18,29,36,50,69,120] [22,28,48,60,68,69,93,120] [23,27,28,53,65,73,85,92] [24,31,44,49,68,91,103,106] [3,9,11,29,55,62,63,69] [16,17,26,40,50,79,99,120] [40,80,84,111,114,115,122,123] [1,53,77,78,84,90,103,122] [22,46,63,89,96,104,115,116] [33,36,44,82,87,94,100,106] [18,24,44,45,55,72,86,114] [0,51,62,66,68,80,94,102] [18,19,36,37,43,50,69,120] [20,31,48,52,54,60,68,120] [9,20,28,34,39,53,73,79] [24,29,33,49,78,82,91,118] [2,3,29,62,63,69,74,110] [2,17,26,38,40,64,84,99] [1,29,40,91,111,122,123,127] [53,68,77,82,84,120,122,124] [34,58,63,89,96,115,116,126] [5,21,33,44,82,87,94,100] [5,18,24,27,32,45,90,127] [0,23,44,63,68,76,80,94] [18,36,37,50,75,86,91,120] [1,21,31,52,60,68,85,120] [20,21,34,39,53,61,73,95] [13,24,33,44,49,91,106,125] [3,11,29,55,62,63,69,109] [16,17,40,46,48,58,84,120] [14,23,80,91,111,115,122,127] [9,77,78,80,81,84,103,121] [8,23,24,28,68,75,80,115] [2,8,46,96,100,104,120,121] [3,6,13,29,52,69,80,98] [5,22,45,47,63,83,114,117] [10,45,52,55,68,74,104,125] [11,31,54,83,84,90,112,127]
Token 102: [0,31,61,69,81,93,101,107] [26,45,60,62,83,86,91,122] [68,72,92,116,117,121,123,125] [1,20,25,99,100,106,117,119] [0,11,83,91,100,102,110,111] [30,31,35,55,80,97,111,119] [39,41,46,63,104,115,116,119] [5,33,44,72,82,94,100,106] [27,28,45,55,67,72,86,99] [0,17,21,68,76,80,85,105] [1,14,18,36,50,54,84,116] [13,15,28,36,48,54,58,69] [23,28,47,69,73,78,85,92] [18,31,35,44,49,68,91,121] [3,11,29,38,55,57,63,69] [17,34,40,50,59,63,64,100] [20,84,91,98,115,121,122,127] [1,14,30,78,90,97,122,124] [13,26,46,58,63,89,116,122] [5,33,44,59,72,82,94,100] [18,27,28,35,45,72,86,114] [0,17,51,68,76,80,98,105] [14,16,19,31,36,50,69,90] [3,13,20,54,58,60,90,103] [21,23,30,39,47,69,79,107] [29,31,33,78,83,85,91,118] [27,29,63,69,84,89,101,110] [2,26,34,38,50,79,100,106] [1,14,30,48,91,97,121,127] [13,14,30,78,80,90,99,124] [13,14,34,58,89,112,116,126] [5,24,33,44,59,72,88,89] [18,28,32,45,90,99,100,108] [0,13,17,21,23,76,98,105] [6,14,19,31,36,50,68,90] [1,3,13,15,31,54,58,60] [21,23,27,34,35,39,69,73] [13,33,78,82,83,91,106,125] [3,29,38,55,57,63,84,101] [5,17,26,34,40,58,84,100] [14,30,80,91,115,121,122,127] [14,30,45,78,80,82,90,124] [23,55,65,71,80,101,115,119] [4,5,26,36,46,100,104,120] [6,29,38,54,69,71,98,104] [20,22,27,45,93,114,117,127] [52,55,60,63,67,68,98,117] [32,34,55,58,71,86,112,117]
Token 103: [28,64,75,87,91,101,105,110] [9,16,28,44,60,63,71,122] [4,36,42,46,60,64,72,104] [21,24,71,73,80,100,106,117] [5,7,11,51,57,60,70,102] [18,31,55,93,110,115,119,122] [14,39,46,63,89,104,116,124] [5,32,33,36,44,82,88,94] [21,32,37,45,67,86,100,104] [0,8,17,41,68,76,80,102] [15,18,29,50,82,85,91,124] [48,54,60,62,85,94,100,122] [2,8,14,27,30,35,36,67] [62,63,68,91,103,106,112,119] [3,11,15,29,38,57,69,109] [2,17,32,40,54,84,89,100] [14,30,80,84,97,108,115,127] [1,9,36,62,77,81,82,124] [14,22,46,63,89,96,116,118] [5,21,33,36,44,82,89,94] [18,32,35,37,45,72,86,100] [0,7,8,17,47,68,76,80] [15,18,31,36,50,82,85,127] [1,9,25,48,54,85,94,100] [2,35,36,39,55,61,67,94] [2,29,59,63,91,106,112,125] [3,14,38,64,69,71,89,107] [2,17,32,40,50,87,100,126] [14,89,91,93,98,108,114,127] [30,49,77,80,100,120,122,124] [14,88,89,96,112,115,116,126] [5,33,44,50,58,89,94,100] [22,32,35,45,90,100,108,114] [0,7,8,17,23,41,47,76] [15,18,23,31,50,82,91,127] [1,25,31,54,62,85,94,100] [7,14,34,35,39,67,73,102] [13,27,40,63,89,91,106,112] [3,11,15,38,55,57,69,102] [2,15,17,25,32,40,100,106] [14,26,80,91,93,108,115,127] [30,49,77,81,82,100,103,121] [4,23,24,66,68,70,115,116] [47,56,68,75,80,100,120,121] [3,6,11,29,69,80,94,110] [2,5,45,47,48,83,87,117] [10,33,43,51,55,68,104,123] [11,23,31,42,58,82,112,127]
Token 104: [31,47,53,61,69,93,120,122] [13,25,44,45,63,83,91,122] [12,68,72,92,104,116,117,125] [1,20,71,89,93,101,106,117] [11,43,63,79,83,91,102,111] [30,31,55,97,103,111,119,125] [14,39,46,58,63,96,115,116] [5,33,36,44,72,82,94,100] [27,44,45,55,72,86,99,123] [0,2,17,43,68,76,80,105] [14,18,31,36,50,69,91,127] [28,36,48,58,69,86,93,120] [30,35,39,53,69,73,85,126] [0,33,44,63,73,103,106,121] [3,5,11,38,55,63,69,125] [2,16,17,34,38,45,63,100] [48,89,90,106,114,115,121,127] [1,5,7,18,53,61,77,99] [9,14,34,58,63,112,115,116] [5,18,33,45,50,72,100,123] [5,18,27,35,45,72,99,114] [0,17,23,47,62,76,94,105] [15,18,19,31,50,69,113,127] [1,3,9,20,54,58,85,103] [21,35,39,53,66,69,89,126] [12,26,33,59,63,78,95,117] [4,14,63,69,81,101,107,110] [2,16,34,38,45,84,87,100] [28,48,53,89,90,91,97,100] [13,53,61,77,80,99,120,124] [9,34,52,58,88,96,115,126] [33,36,40,59,72,87,100,123] [5,18,32,48,90,99,101,114] [0,14,17,23,43,81,96,105] [19,31,36,50,68,75,84,116] [1,13,31,39,54,58,65,120] [4,34,35,39,69,85,91,126] [12,27,32,40,44,91,106,125] [3,19,55,69,97,101,110,113] [16,17,26,34,45,63,100,118] [30,53,54,80,91,105,112,115] [13,45,51,61,77,80,82,124] [21,23,71,80,115,116,117,119] [5,46,58,65,66,68,100,120] [6,9,29,46,52,69,104,108] [2,12,20,45,50,71,114,117] [27,52,55,67,68,77,117,125] [20,34,55,58,71,73,112,117]
Token 105: [6,28,33,75,87,91,110,123] [24,28,45,60,63,65,75,122] [42,46,60,64,65,72,92,104] [5,20,23,25,60,93,103,106] [2,11,57,60,83,89,96,102] [18,30,43,55,71,97,103,112] [26,58,63,89,96,104,112,115] [9,31,33,36,44,82,94,100] [30,32,45,55,72,86,90,123] [0,17,53,62,76,80,85,100] [12,18,22,27,31,36,50,127] [22,48,56,60,62,75,90,120] [4,20,24,25,34,36,91,92] [8,18,43,63,73,85,91,106] [11,14,15,63,69,92,110,125] [11,17,21,32,45,100,102,106] [4,10,46,48,90,91,106,115] [1,18,57,77,90,122,123,124] [26,44,58,63,87,96,115,116] [33,45,58,59,75,94,100,123] [22,30,32,35,45,57,72,114] [0,7,17,23,47,62,85,100] [4,15,27,31,36,55,94,127] [28,31,45,56,72,94,117,120] [9,18,24,35,36,64,91,95] [8,35,38,43,52,61,63,91] [2,14,69,89,92,103,110,113] [2,11,26,45,75,84,100,106] [10,46,90,91,98,100,113,127] [5,13,30,57,77,89,93,123] [9,17,36,39,58,87,96,115] [24,33,40,45,47,48,58,100] [2,22,30,32,48,90,98,108] [0,7,17,53,63,85,100,105] [27,36,50,55,63,76,82,94] [17,25,28,31,94,100,117,120] [4,18,24,34,78,91,125,127] [12,27,35,89,91,92,106,122] [2,15,26,55,69,72,83,113] [11,15,26,32,63,100,102,106] [0,28,46,54,91,100,106,115] [54,73,77,81,82,93,100,124] [8,17,33,69,70,110,116,117] [7,24,53,80,83,99,106,115] [9,11,12,29,82,101,105,114] [8,18,31,41,48,50,71,86] [20,27,32,33,35,76,77,90] [23,46,58,61,82,96,114,118]
Token 106: [16,66,72,98,100,114,119,122] [25,44,52,63,78,103,106,122] [16,29,45,60,65,103,111,127] [5,19,23,25,80,93,103,106] [2,7,8,11,57,60,63,70] [18,20,31,55,71,93,110,112] [39,63,89,96,97,104,115,116] [1,21,31,32,33,44,82,94] [30,32,45,86,90,102,108,123] [0,7,17,68,76,80,85,100] [4,12,18,27,48,63,91,94] [15,22,31,36,52,60,72,90] [2,4,27,34,40,61,71,125] [8,35,63,85,91,92,106,117] [2,3,14,67,68,69,83,125] [17,40,45,58,63,99,106,120] [10,30,46,80,84,90,106,127] [1,7,57,77,82,90,122,124] [22,39,46,58,63,96,115,116] [33,36,44,82,88,94,100,106] [18,21,30,32,45,55,86,90] [17,47,62,68,76,80,85,100] [4,12,18,27,36,50,63,94] [31,45,52,56,60,72,90,94] [2,4,18,27,34,39,62,66] [35,37,43,78,85,91,99,117] [2,27,29,69,89,109,113,116] [2,11,15,21,75,99,102,106] [1,4,10,70,91,97,106,113] [13,22,30,72,77,89,93,124] [39,58,63,77,87,89,96,104] [31,32,33,44,56,82,88,106] [3,6,10,21,40,45,56,90] [17,38,44,51,53,80,85,115] [1,38,63,77,84,102,114,126] [17,31,52,53,72,102,110,120] [4,18,19,20,33,34,77,78] [13,35,85,86,91,92,106,117] [2,19,29,68,69,98,109,113] [11,16,17,26,50,63,106,110] [0,1,46,90,98,106,112,127] [7,13,57,75,77,80,82,124] [23,33,71,78,87,99,108,117] [7,10,30,58,66,99,111,115] [12,29,46,52,104,105,111,114] [8,18,41,43,50,67,71,121] [16,20,27,63,76,93,100,125] [3,53,61,76,87,102,104,112]
Token 107: [7,58,66,72,88,109,117,121] [1,25,27,44,52,63,65,122] [16,29,60,65,78,89,95,127] [19,25,46,68,84,93,111,126] [2,7,11,30,52,53,57,96] [17,18,31,64,74,103,110,114] [26,34,44,56,58,63,71,104] [9,18,24,33,59,82,100,109] [38,45,57,67,72,86,90,127] [0,17,49,51,80,96,111,122] [18,26,27,50,68,69,78,116] [3,21,24,28,37,48,54,60] [2,8,9,18,28,56,65,85] [0,26,58,82,91,103,106,110] [3,4,11,17,67,69,81,110] [2,8,16,17,40,49,120,127] [0,39,65,80,81,82,89,115] [1,18,75,77,82,83,90,99] [24,34,63,70,71,88,105,107] [18,24,30,73,100,106,109,112] [38,41,46,57,72,103,121,124] [0,9,10,49,96,104,110,125] [31,36,45,47,56,61,98,105] [23,24,37,49,61,64,107,125] [9,15,35,43,65,74,96,99] [15,28,49,58,67,77,99,104] [22,42,52,88,89,107,110,111] [18,19,44,53,56,75,76,120] [36,48,65,67,82,83,89,115] [18,71,72,77,93,118,120,123] [26,30,34,42,63,70,80,96] [43,51,58,60,100,103,106,117] [5,9,15,39,46,93,103,111] [49,54,57,62,78,96,104,127] [7,30,39,45,101,112,113,119] [4,8,29,37,64,78,115,126] [9,17,42,58,63,74,95,122] [10,20,52,61,76,85,104,115] [13,19,26,36,55,89,107,125] [11,53,69,75,83,84,104,120] [35,42,48,50,80,84,107,113] [1,13,34,37,59,68,72,88] [4,8,17,28,56,66,71,111] [18,72,74,80,82,83,99,115] [5,29,34,42,99,100,102,108] [3,29,41,51,65,73,98,99] [16,27,32,46,53,62,76,94] [3,4,53,72,87,102,107,119]
Token 108: [27,52,76,88,109,117,121,127] [1,25,27,47,52,63,109,122] [29,42,48,60,65,89,101,112] [5,19,25,46,87,93,111,119] [2,7,11,16,26,57,63,96] [31,55,93,99,103,110,112,114] [63,89,96,97,104,115,116,119] [33,36,40,44,82,89,94,108] [30,32,45,86,87,92,108,123] [0,17,60,62,76,80,85,100] [4,18,19,27,31,36,94,127] [28,36,45,48,54,56,94,95] [4,7,30,35,39,55,64,94] [8,35,63,67,73,97,106,112] [11,14,15,19,68,69,98,121] [2,11,17,29,32,38,63,106] [10,48,54,62,90,114,115,127] [1,11,50,57,73,77,122,124] [17,46,63,87,96,115,116,118] [5,33,36,44,56,58,94,100] [30,32,35,45,55,87,108,114] [0,17,23,47,62,76,85,100] [4,15,18,27,31,94,126,127] [1,28,45,54,56,85,94,95] [35,39,55,64,77,85,91,94] [8,29,35,38,53,63,67,125] [14,68,69,81,89,103,107,110] [2,5,11,26,68,84,99,100] [0,10,54,62,90,91,98,127] [11,13,30,50,57,77,93,124] [9,17,36,39,58,88,96,115] [33,36,40,48,89,94,100,123] [30,32,48,72,79,87,90,108] [17,23,51,79,85,96,100,123] [4,5,18,27,50,75,76,80] [1,28,31,45,54,56,94,95] [4,7,18,34,61,78,85,91] [8,12,35,49,67,89,91,106] [14,55,69,72,81,83,109,113] [2,16,17,50,63,84,99,118] [0,10,14,34,54,91,97,115] [13,50,57,73,77,89,100,124] [23,30,69,71,87,88,109,117] [5,7,30,58,96,111,115,120] [6,12,25,29,94,103,108,114] [2,3,65,91,95,99,113,117] [32,63,68,76,90,93,94,122] [4,14,17,42,44,58,107,112]
Token 109: [13,26,40,52,65,72,98,100] [18,50,63,70,94,100,124,127] [49,53,57,65,84,88,99,104] [19,25,51,71,86,93,94,116] [2,79,85,92,96,102,106,121] [42,59,64,71,103,109,112,114] [35,56,58,63,66,112,115,116] [5,9,24,33,82,84,94,100] [32,45,55,72,86,90,114,123] [0,2,17,76,80,84,85,111] [4,16,31,36,54,57,68,73] [26,45,52,56,60,65,93,95] [21,30,65,73,78,89,92,108] [0,33,47,58,78,80,91,103] [11,20,63,67,69,81,110,125] [2,16,31,38,41,52,106,127] [48,54,65,89,100,103,115,127] [18,55,61,72,77,82,99,122] [24,44,63,87,105,112,115,116] [8,18,24,56,59,100,112,123] [18,41,53,57,72,81,84,121] [0,2,34,47,49,104,110,125] [16,19,31,36,47,56,61,127] [4,15,25,52,100,103,107,109] [9,21,35,55,62,89,92,108] [38,47,60,63,78,81,91,99] [12,14,19,32,87,107,110,125] [2,12,26,41,44,50,52,106] [28,48,53,65,89,91,97,100] [18,50,61,72,77,99,120,124] [26,34,39,52,58,63,75,120] [8,30,36,58,100,103,106,123] [9,15,18,41,46,53,72,101] [0,2,23,26,49,63,96,104] [7,10,26,30,36,50,67,75] [4,15,21,29,37,64,78,92] [33,37,41,54,77,92,122,125] [20,27,34,47,78,91,92,124] [13,19,20,32,59,61,116,125] [11,26,34,49,63,75,91,106] [10,42,46,48,54,98,107,115] [34,50,59,72,77,80,100,124] [30,39,43,47,50,87,114,117] [11,30,55,58,75,96,99,101] [6,19,29,70,100,102,108,127] [2,29,38,54,71,98,116,127] [41,76,77,90,94,103,123,125] [14,46,48,58,76,107,109,112]
Token 110: [11,16,45,72,85,100,114,119] [22,50,63,72,106,119,122,127] [2,16,45,65,78,101,104,127] [2,19,25,29,74,86,93,101] [11,52,57,70,81,83,92,115] [9,17,25,37,59,64,73,91] [24,34,53,58,63,71,76,107] [9,18,24,59,100,106,109,112] [9,38,45,57,65,72,90,127] [0,2,19,49,80,96,122,125] [3,16,26,68,69,78,105,112] [3,7,21,24,28,54,60,125] [2,8,9,18,56,65,85,105] [0,19,26,28,58,78,103,122] [4,17,55,67,81,100,107,110] [8,16,31,41,49,59,70,120] [1,39,65,81,89,103,105,115] [18,21,33,42,55,78,82,83] [8,24,26,34,59,63,70,116] [6,9,24,30,100,106,109,112] [38,45,46,65,72,111,116,124] [0,10,38,49,80,87,96,125] [26,47,56,58,78,94,98,116] [3,7,21,23,64,65,96,125] [2,9,26,56,65,85,96,119] [0,26,58,92,99,103,104,112] [16,38,86,88,102,107,110,115] [12,16,32,49,59,70,75,120] [39,65,80,83,89,103,105,115] [1,18,21,50,72,82,83,93] [26,34,44,46,63,71,75,89] [9,18,28,44,82,100,106,109] [9,15,46,72,101,103,111,127] [0,10,38,49,80,87,96,114] [7,26,30,98,103,109,111,112] [4,21,28,37,64,94,96,116] [4,17,34,37,43,65,85,92] [20,27,29,31,77,104,112,124] [3,7,15,16,31,57,102,125] [11,32,40,48,59,75,91,120] [1,42,50,80,84,87,94,107] [6,34,59,78,82,83,88,93] [8,17,56,66,70,80,111,114] [18,61,69,72,74,80,96,99] [5,6,7,12,25,30,39,96] [29,41,51,73,98,107,110,114] [16,26,33,43,46,63,100,106] [3,10,30,61,76,87,102,110]
Token 111: [7,32,58,72,88,109,117,121] [1,17,25,27,44,63,65,122] [2,16,45,95,101,104,107,127] [20,71,72,74,81,84,103,126] [7,11,30,52,53,57,70,119] [18,31,59,64,74,93,103,110] [34,44,47,56,63,71,87,104] [24,32,33,44,45,82,100,106] [38,45,67,72,83,86,123,127] [0,7,17,26,49,80,111,122] [16,18,27,50,68,69,78,94] [3,21,28,48,53,60,99,124] [2,4,9,34,56,65,115,127] [23,58,78,91,92,104,106,112] [3,11,15,38,53,69,110,115] [16,17,32,40,49,89,120,121] [0,14,50,80,84,93,105,115] [1,9,18,75,77,82,90,103] [22,34,56,63,64,104,105,116] [33,44,82,88,94,100,106,112] [35,44,45,65,72,86,123,127] [0,10,17,80,84,102,111,125] [18,50,56,69,78,94,98,103] [21,28,60,67,85,96,99,125] [2,4,9,26,34,46,79,115] [42,91,92,99,104,106,112,125] [3,38,53,66,69,107,109,115] [11,16,40,58,61,64,102,120] [1,14,50,80,89,93,105,113] [1,72,77,82,88,93,100,103] [9,34,52,63,87,104,111,116] [19,32,33,44,82,94,100,106] [9,15,35,45,67,86,90,123] [7,8,10,17,68,80,102,111] [2,7,18,30,58,82,94,103] [4,21,28,37,53,79,96,99] [2,4,9,32,34,36,42,127] [10,20,27,91,93,104,106,112] [3,15,53,69,86,107,109,125] [11,32,40,61,75,83,89,120] [1,42,48,50,80,105,107,113] [1,13,34,59,82,88,100,105] [4,10,17,33,56,70,96,111] [11,30,46,53,55,61,75,82] [5,12,25,30,70,102,104,113] [29,41,73,86,88,99,114,121] [16,27,32,46,63,74,94,100] [4,12,54,72,99,102,107,110]
Token 112: [35,52,57,76,109,117,123,127] [17,25,27,44,47,63,109,122] [29,48,60,64,65,92,101,103] [25,29,64,71,74,93,101,106] [2,11,16,57,64,89,96,107] [4,20,55,71,103,109,110,112] [39,43,63,89,96,112,115,116] [33,36,44,82,88,94,100,106] [21,32,45,67,72,86,87,123] [0,11,17,26,34,68,80,85] [5,6,12,18,22,31,36,42] [13,53,60,76,90,95,102,110] [4,36,39,54,92,111,117,125] [18,35,43,47,85,91,106,117] [2,14,49,63,67,69,84,125] [11,15,17,19,26,34,45,100] [0,46,48,53,54,82,90,100] [1,7,30,50,77,90,122,124] [44,58,63,89,96,112,115,116] [33,44,82,84,88,94,100,123] [18,32,45,72,87,114,118,123] [0,2,8,14,17,26,85,115] [12,19,42,50,63,75,102,115] [4,13,31,45,52,94,102,110] [1,18,54,77,91,92,108,125] [30,43,53,78,85,91,99,126] [27,49,69,72,81,84,97,125] [2,11,15,19,21,34,75,84] [0,10,34,53,70,91,100,106] [13,30,50,61,77,99,120,124] [9,39,44,77,96,111,115,120] [19,36,39,40,41,56,72,100] [10,11,18,45,83,87,90,118] [8,14,17,26,51,63,85,115] [8,36,42,54,63,67,81,84] [5,31,53,65,66,102,110,120] [4,34,49,77,78,91,117,125] [27,31,34,35,91,106,117,125] [2,55,67,68,69,81,98,109] [16,17,26,45,48,50,63,125] [0,34,46,48,91,98,106,112] [7,13,50,77,80,93,123,124] [50,58,66,87,99,108,109,117] [7,11,30,58,91,98,99,115] [7,12,29,30,46,52,78,102] [41,50,64,67,71,91,113,121] [16,27,43,74,76,94,100,122] [3,53,61,76,87,102,103,107]
Token 113: [46,47,52,76,88,117,123,127] [25,27,44,47,52,63,109,122] [12,29,48,60,64,81,104,127] [19,20,25,73,74,86,100,114] [7,11,16,37,51,53,57,70] [18,31,55,74,93,110,112,119] [17,20,46,63,87,104,111,116] [19,32,33,44,82,94,100,106] [35,38,45,67,86,87,90,123] [0,7,17,67,68,76,80,102] [7,18,27,50,63,69,91,94] [21,28,48,53,60,90,96,99] [2,4,8,14,27,34,65,127] [18,58,91,92,104,106,112,117] [3,15,38,53,66,69,71,115] [16,17,32,40,49,75,89,120] [0,14,50,80,84,105,114,115] [1,9,18,77,82,90,103,113] [34,46,56,63,64,87,104,116] [24,33,44,82,88,94,100,106] [38,44,45,65,72,86,116,127] [0,10,49,76,80,96,102,111] [10,30,69,78,80,86,94,98] [21,28,52,60,67,85,96,125] [9,26,33,34,61,74,92,124] [23,42,82,91,99,104,112,125] [8,27,29,53,69,95,110,113] [6,11,40,72,75,84,102,120] [1,53,80,84,103,114,115,127] [66,72,77,82,83,93,103,107] [34,46,63,64,88,104,115,116] [21,33,36,44,82,94,100,106] [6,9,44,45,55,67,72,86] [10,62,68,80,85,102,104,114] [7,37,41,45,86,89,109,111] [4,21,33,64,68,85,114,116] [14,17,34,42,61,92,95,102] [20,27,29,36,42,52,91,104] [3,31,69,82,95,96,102,125] [11,17,40,72,75,104,120,125] [1,42,50,80,84,107,113,127] [34,39,59,77,78,88,89,105] [8,17,25,28,33,56,80,111] [18,68,69,72,74,80,96,99] [5,6,25,29,30,101,102,114] [29,33,41,64,88,110,114,120] [16,43,46,63,93,94,100,110] [3,53,61,72,83,87,102,107]
Token 114: [27,30,76,88,109,117,121,127] [13,25,27,38,52,63,109,122] [12,29,60,64,65,95,101,104] [19,23,25,29,60,74,86,93] [7,11,16,26,46,57,60,96] [4,9,43,55,71,103,110,112] [17,39,63,96,97,104,115,116] [33,36,44,82,94,100,106,123] [30,32,45,67,86,87,90,108] [0,17,62,68,80,85,100,102] [4,12,18,27,31,36,63,94] [1,45,53,54,56,94,95,100] [4,7,30,35,36,39,55,94] [8,18,31,63,91,106,112,118] [2,3,14,15,38,68,69,81] [2,16,17,32,38,40,107,120] [0,44,48,54,108,114,115,127] [1,11,50,57,63,77,108,122] [17,39,58,63,112,115,116,118] [5,24,33,36,89,94,100,123] [27,30,32,35,45,55,72,87] [0,17,41,47,62,85,96,100] [2,4,18,27,31,50,102,127] [1,9,45,53,56,85,94,103] [9,35,38,55,64,85,89,94] [8,31,38,47,63,67,109,125] [2,3,14,68,69,81,107,110] [2,16,19,28,48,84,99,122] [48,54,62,65,89,91,98,127] [0,11,63,65,77,80,108,122] [17,52,88,112,115,116,122,126] [18,33,36,48,59,75,84,100] [18,27,35,53,72,84,90,114] [0,16,41,47,79,96,100,123] [4,5,6,31,36,50,68,127] [1,3,21,45,53,54,95,103] [21,23,35,39,55,73,94,108] [8,31,33,63,91,110,118,122] [3,4,12,14,18,55,81,103] [2,16,17,31,40,59,107,122] [0,23,48,54,91,108,115,127] [1,11,50,57,63,65,100,103] [14,20,24,30,69,76,113,115] [46,47,53,65,94,100,121,122] [1,6,11,16,29,67,102,104] [5,26,45,77,86,87,95,99] [1,5,32,68,76,93,97,123] [4,14,44,74,82,92,107,127]
Token 115: [40,43,52,65,72,73,98,100] [18,38,63,70,94,100,122,127] [38,40,57,82,84,88,99,109] [6,31,71,86,93,95,101,116] [7,11,52,73,76,85,106,115] [37,59,61,64,66,73,97,125] [27,35,63,76,83,105,112,115] [18,24,49,59,75,100,109,112] [9,57,65,72,81,84,121,127] [0,2,9,49,62,85,110,122] [26,31,36,47,61,68,78,90] [1,24,46,49,54,61,93,103] [15,21,35,56,75,78,89,99] [6,15,26,28,33,58,80,110] [4,11,20,48,55,81,93,110] [2,10,16,31,41,49,85,101] [8,65,81,89,97,103,115,124] [18,19,33,41,42,55,99,105] [24,34,35,81,105,112,116,122] [18,24,45,49,59,109,112,123] [16,18,41,72,81,84,114,121] [0,9,49,96,98,110,122,125] [31,36,47,56,61,68,90,105] [3,23,24,32,49,54,61,103] [9,15,21,23,35,89,96,99] [15,28,33,38,47,58,60,78] [4,12,14,32,63,81,89,110] [2,12,16,41,52,59,70,120] [39,48,62,65,81,89,103,115] [1,18,19,21,33,42,55,118] [24,26,34,58,63,88,112,126] [24,49,59,75,106,109,112,123] [18,65,72,84,101,111,114,121] [0,16,49,96,104,110,122,125] [26,31,36,50,56,68,78,90] [3,23,24,39,54,93,103,125] [15,21,23,35,52,73,96,99] [15,26,28,33,58,78,91,110] [3,4,17,32,48,55,81,104] [2,16,40,49,52,70,101,103] [39,65,73,80,81,89,115,124] [1,21,42,48,69,82,103,105] [24,31,32,64,80,113,114,115] [11,31,37,46,77,88,100,104] [6,8,53,73,90,98,102,104] [22,27,32,45,54,87,101,114] [5,11,34,52,55,60,63,75] [20,44,57,73,74,86,105,109]
Token 116: [14,21,50,57,75,103,106,110] [3,6,9,28,33,62,80,122] [41,84,90,92,100,115,122,125] [4,12,39,71,87,95,117,127] [11,28,34,50,56,58,64,83] [18,31,47,51,68,105,110,119] [26,39,41,58,63,112,116,126] [24,33,36,44,82,94,100,106] [36,45,67,72,86,109,123,127] [0,32,49,65,80,85,98,122] [26,29,31,36,68,69,78,90] [3,28,48,53,54,63,103,109] [8,23,24,56,65,73,79,105] [23,26,33,66,82,83,110,118] [4,11,16,63,81,93,105,110] [2,8,16,49,59,70,72,103] [65,78,80,81,89,97,115,119] [1,18,55,78,82,83,90,99] [24,26,27,34,63,70,122,126] [24,59,62,100,106,109,112,123] [5,41,46,66,72,81,109,114] [0,10,16,49,96,98,122,125] [31,36,45,47,51,68,90,98] [23,26,32,54,63,103,109,125] [21,23,24,73,79,89,107,108] [33,61,66,80,82,83,91,118] [3,4,16,63,81,105,107,110] [2,16,38,40,70,72,103,120] [12,48,65,83,89,91,115,119] [1,18,55,66,78,83,90,99] [26,34,58,63,107,112,116,126] [3,24,33,56,59,62,75,100] [18,36,45,72,90,109,114,127] [0,32,49,51,65,80,96,122] [26,36,50,51,68,69,90,98] [3,33,53,54,59,63,85,109] [2,21,23,24,34,73,79,115] [26,33,66,82,91,106,110,118] [3,11,16,53,55,66,90,105] [9,16,31,40,72,89,103,120] [12,55,80,84,91,115,119,127] [2,9,35,66,78,82,90,103] [18,23,27,68,80,93,102,115] [6,29,36,46,87,100,104,120] [6,14,20,38,48,69,98,104] [22,27,37,45,58,70,80,114] [52,55,60,63,75,101,115,117] [36,47,66,86,88,120,123,124]
Token 117: [28,51,83,87,91,112,124,125] [9,16,28,29,45,48,68,122] [36,42,56,67,76,100,125,126] [12,37,70,73,100,101,112,114] [7,11,28,37,50,57,83,119] [10,63,74,87,93,110,114,119] [46,63,87,104,111,115,116,118] [2,19,32,33,44,82,100,106] [15,18,20,35,44,72,86,127] [0,17,32,35,66,68,80,102] [18,29,36,50,69,103,109,111] [22,28,30,36,48,53,54,60] [2,26,28,41,57,65,73,85] [33,35,68,82,83,91,106,110] [3,4,16,38,53,63,69,102] [2,16,17,31,38,40,72,120] [14,60,80,84,89,110,115,122] [1,13,18,46,82,90,94,122] [46,58,63,87,104,112,116,119] [2,32,33,45,75,82,100,106] [5,15,18,45,72,86,90,114] [0,32,47,65,66,80,92,111] [23,36,75,94,102,103,109,111] [11,14,20,30,31,32,48,60] [9,21,24,26,28,57,73,108] [23,33,73,78,82,83,91,110] [3,4,16,63,73,89,102,110] [2,16,40,50,72,79,99,120] [48,60,80,89,91,94,115,122] [4,46,68,78,94,99,103,122] [13,34,63,112,116,119,122,126] [2,3,33,56,60,82,100,106] [5,15,18,53,72,90,114,127] [0,32,47,65,80,96,111,123] [6,18,30,36,41,50,98,103] [3,22,33,48,52,60,85,115] [2,21,26,39,42,71,73,85] [13,33,41,76,78,82,91,106] [3,4,11,16,53,55,80,102] [2,9,16,31,40,60,72,120] [60,80,84,91,94,108,110,115] [15,36,46,52,64,78,103,122] [8,23,24,49,68,80,90,125] [12,19,49,80,100,104,121,125] [6,11,23,45,88,98,99,104] [17,22,26,45,46,76,112,114] [5,29,30,39,52,81,104,105] [15,35,74,82,95,111,121,127]
Token 118: [0,16,51,53,70,97,104,120] [20,24,34,62,76,86,107,122] [10,14,72,81,87,92,116,125] [12,23,25,32,76,101,105,117] [0,11,23,25,38,61,73,83] [31,35,68,80,97,107,110,119] [26,39,41,58,63,96,115,116] [24,33,44,82,87,94,100,106] [18,38,44,45,64,72,86,127] [0,2,32,51,80,85,94,111] [14,29,36,68,69,78,90,116] [3,21,28,30,48,54,93,120] [21,23,53,73,78,85,105,126] [26,33,44,68,82,83,91,110] [4,11,29,55,63,69,80,110] [2,8,16,17,40,50,59,60] [7,14,40,60,65,89,115,122] [1,15,18,52,77,78,90,99] [24,26,63,87,89,116,122,126] [24,33,45,59,75,87,100,106] [5,18,45,53,57,64,72,114] [0,2,49,50,65,94,96,122] [3,16,19,31,36,68,75,90] [4,30,48,54,63,65,103,107] [9,21,23,24,35,73,79,89] [33,60,78,82,83,91,110,118] [4,10,24,63,74,80,107,110] [2,8,16,26,38,60,68,120] [7,40,48,65,89,91,111,115] [18,52,53,68,77,90,99,123] [26,34,52,58,63,112,115,126] [24,33,45,59,60,75,87,100] [5,18,35,44,45,64,72,114] [0,13,23,49,62,80,94,96] [3,6,18,26,31,36,51,68] [3,8,21,33,48,54,65,103] [21,23,34,53,71,73,80,85] [13,33,44,75,82,83,91,106] [3,11,24,29,55,69,79,80] [9,16,17,40,48,50,60,120] [7,15,40,80,84,91,115,122] [9,15,52,53,78,90,103,117] [23,24,37,59,68,73,80,125] [43,46,49,81,96,100,104,120] [6,37,38,45,54,80,98,104] [22,45,46,63,80,104,112,114] [39,52,55,75,82,84,105,124] [10,27,32,35,52,90,95,108]
Token 119: [3,28,29,62,77,80,111,126] [11,24,45,62,76,78,86,122] [23,36,42,72,115,119,121,125] [1,11,20,25,76,101,105,119] [0,11,39,40,74,83,97,119] [1,30,55,73,80,97,109,122] [20,46,63,66,104,112,116,119] [24,33,44,82,87,94,100,106] [18,27,44,45,55,67,72,86] [0,44,62,68,80,85,94,102] [1,14,18,29,36,50,54,120] [22,28,36,48,60,68,93,120] [23,25,27,28,53,73,85,92] [24,31,44,49,68,91,103,106] [3,9,11,29,62,63,69,110] [8,16,17,26,40,50,79,120] [14,40,80,84,111,114,115,122] [1,53,77,78,84,90,122,124] [44,46,63,96,104,112,115,116] [33,36,44,59,82,87,94,100] [18,44,45,55,72,86,114,127] [0,2,32,50,62,68,80,94] [18,19,36,37,43,50,60,120] [31,48,54,60,68,69,85,120] [20,23,28,35,73,79,85,107] [24,33,49,82,83,91,110,118] [3,4,29,62,63,69,109,110] [2,17,26,38,40,63,99,120] [29,48,91,111,114,122,123,127] [53,77,80,82,84,90,99,122] [34,58,63,104,112,115,116,126] [5,33,44,59,82,87,94,100] [18,27,44,45,72,86,114,127] [0,17,47,62,63,68,80,94] [6,18,23,36,37,50,69,120] [3,48,52,60,68,85,86,120] [20,21,34,39,53,73,80,85] [24,33,44,49,75,83,91,106] [3,11,29,55,62,63,69,109] [2,9,16,17,40,46,71,120] [29,80,84,91,111,115,122,127] [9,53,65,77,78,81,84,103] [20,23,24,28,68,75,80,115] [2,8,46,96,100,104,120,121] [3,6,13,29,80,98,104,110] [5,22,45,47,63,83,87,114] [10,45,52,55,63,68,82,125] [11,27,31,54,74,90,112,127]
Token 120: [0,31,61,69,81,93,101,107] [26,45,60,62,83,86,91,122] [68,72,92,116,117,121,123,125] [1,20,25,99,100,101,106,117] [0,11,83,89,91,100,102,111] [30,31,35,55,80,97,111,119] [39,41,46,63,112,115,116,119] [5,33,44,72,82,94,100,106] [18,27,45,55,67,72,86,99] [0,17,21,68,76,80,85,105] [1,14,18,36,50,54,69,84] [13,15,22,28,36,48,58,120] [25,28,47,69,73,85,92,126] [13,31,35,44,63,68,91,121] [3,11,29,38,55,63,69,84] [17,34,40,50,59,63,100,112] [14,84,91,97,98,121,122,127] [1,14,30,77,78,90,123,124] [26,44,46,58,63,89,96,116] [5,33,44,59,72,82,94,100] [5,18,28,35,45,72,86,114] [0,17,50,51,68,76,80,105] [14,19,29,36,50,60,69,90] [13,48,54,58,60,90,120,121] [21,23,27,69,73,79,85,107] [31,33,78,82,83,91,110,118] [3,4,10,29,38,63,69,84] [2,3,17,26,34,40,100,106] [1,14,30,48,89,91,121,127] [1,30,77,78,82,90,99,124] [14,22,58,63,89,104,116,126] [5,33,36,44,72,82,88,94] [28,32,35,45,72,86,90,100] [0,17,23,68,76,80,98,105] [14,18,19,36,50,90,91,94] [3,13,54,58,60,90,96,120] [21,23,27,39,69,71,73,85] [13,33,68,83,91,106,118,121] [3,28,29,38,55,57,63,69] [2,3,16,26,34,40,89,100] [20,30,80,91,105,115,121,127] [1,9,14,30,45,78,90,97] [23,55,65,68,80,101,115,119] [4,5,36,37,46,100,104,120] [6,29,54,69,71,98,104,108] [20,22,27,30,45,54,114,127] [52,55,63,67,68,115,117,125] [32,34,55,58,73,86,112,117]
Token 121: [6,22,33,64,75,87,91,110] [9,13,28,44,60,63,122,126] [4,36,42,46,60,64,74,104] [21,24,30,73,74,80,100,106] [5,7,11,51,57,60,70,102] [20,43,55,87,93,115,119,122] [14,39,46,63,89,104,116,118] [5,33,36,44,82,94,100,106] [32,35,37,45,67,72,86,100] [0,7,17,35,41,68,76,80] [15,18,31,50,82,85,91,103] [4,48,54,62,85,94,100,122] [2,7,14,30,34,36,61,67] [31,63,68,83,87,91,106,112] [2,3,11,15,29,38,57,69] [2,17,32,40,54,63,84,100] [1,14,80,84,108,115,122,127] [1,26,30,36,63,90,122,124] [14,22,46,63,89,104,116,118] [5,21,33,36,44,82,94,100] [32,35,45,72,86,90,100,114] [7,17,23,41,47,68,76,80] [15,18,31,33,36,50,85,127] [9,20,28,48,52,85,94,100] [2,22,34,36,61,73,95,102] [2,18,63,82,87,91,106,112] [2,3,4,29,30,69,71,110] [2,17,32,75,79,87,100,126] [1,14,89,91,98,108,122,127] [26,30,68,81,93,122,123,124] [14,34,58,89,104,112,116,122] [5,24,33,44,48,89,94,100] [27,32,35,45,72,90,100,108] [0,7,17,23,41,47,63,76] [15,18,36,50,75,82,91,127] [21,25,31,38,39,85,94,100] [2,14,34,55,73,85,92,93] [29,63,85,87,91,106,112,125] [3,11,15,38,55,57,69,109] [2,15,17,32,40,54,125,126] [14,28,80,91,108,115,122,127] [26,36,63,65,77,81,82,121] [23,24,49,68,69,70,80,115] [46,47,56,68,75,100,120,121] [3,6,11,29,80,98,104,110] [5,22,45,47,54,83,87,114] [10,45,52,55,68,117,123,125] [15,31,44,74,82,84,90,127]
Token 122: [31,32,53,61,69,93,120,122] [2,25,45,63,83,91,115,122] [12,68,72,92,104,116,117,125] [1,20,71,89,93,101,106,117] [11,43,63,79,83,91,102,111] [5,30,31,55,97,103,111,119] [14,39,58,63,96,112,115,116] [5,33,36,44,72,82,94,100] [18,27,45,55,72,86,99,123] [0,2,17,43,68,76,80,105] [14,18,26,31,36,50,69,127] [13,21,28,48,58,60,90,120] [20,25,69,71,73,85,92,126] [33,44,63,68,79,91,106,121] [3,11,38,55,63,69,110,125] [8,17,34,40,45,63,100,112] [48,76,91,105,115,121,122,127] [1,7,53,61,77,122,123,124] [26,44,58,63,96,112,115,116] [33,45,56,59,72,75,100,123] [5,18,27,32,35,72,99,114] [0,2,17,47,50,62,105,122] [14,19,31,36,47,68,75,127] [1,30,48,54,58,69,90,103] [9,21,30,35,66,69,73,89] [33,47,60,77,78,82,91,95] [4,63,67,69,101,107,110,125] [0,2,11,63,87,100,112,120] [10,14,48,65,89,91,97,100] [18,61,68,77,80,99,122,123] [34,52,58,63,96,112,115,126] [18,24,33,45,59,72,100,123] [18,45,53,72,81,90,99,114] [0,2,14,17,49,50,96,105] [3,26,31,36,51,68,75,84] [1,3,13,31,54,58,93,103] [4,21,35,69,73,75,89,92] [33,71,82,91,93,106,110,125] [3,38,55,69,101,105,110,125] [2,11,15,17,26,34,40,100] [14,76,80,91,115,121,122,127] [14,45,61,77,80,82,97,124] [21,23,65,75,80,101,115,117] [4,5,20,46,65,66,100,104] [6,16,29,54,71,98,104,108] [2,20,22,27,45,54,114,117] [52,55,63,67,68,77,117,125] [32,34,55,58,71,86,112,117]
Token 123: [6,28,33,75,87,91,110,123] [24,25,28,45,60,63,65,122] [42,46,60,64,65,72,92,104] [5,20,23,25,93,103,106,109] [2,11,57,83,96,102,114,119] [30,43,55,71,97,103,109,112] [26,58,63,87,96,104,112,115] [9,31,33,36,44,82,94,100] [18,30,32,45,72,86,90,123] [0,2,17,62,76,80,85,100] [1,12,18,22,27,36,94,126] [22,48,54,56,60,62,90,120] [4,20,25,34,36,54,91,92] [8,13,35,43,63,85,91,106] [1,3,11,15,26,63,69,94] [17,32,40,45,54,63,100,106] [4,46,48,90,91,106,115,122] [1,7,18,30,57,77,122,124] [58,63,87,96,115,116,118,122] [33,45,58,59,75,94,100,123] [30,32,45,57,72,108,114,123] [0,7,17,23,47,62,85,100] [4,15,18,27,31,36,80,127] [28,30,31,45,60,85,94,110] [9,24,28,35,36,46,64,95] [8,43,47,63,85,91,99,125] [30,69,83,89,94,110,113,125] [11,15,21,45,75,100,102,106] [10,46,90,91,98,100,106,113] [13,30,77,89,93,99,123,124] [9,39,44,58,87,89,96,115] [24,33,40,47,56,58,59,100] [5,32,45,48,56,72,90,108] [0,17,51,53,63,81,85,96] [5,36,38,50,75,80,102,116] [11,17,21,31,45,94,100,120] [7,18,24,34,54,78,85,91] [25,27,35,89,91,92,106,125] [2,15,55,69,94,97,109,113] [15,17,26,48,63,100,106,118] [14,28,34,46,76,91,115,122] [11,54,73,77,81,82,100,124] [8,17,23,33,69,70,71,117] [7,24,53,83,99,100,106,115] [6,9,11,29,39,70,104,114] [18,45,50,71,81,86,114,117] [27,33,35,68,76,77,90,125] [14,23,45,58,82,83,84,118]
Token 124: [16,66,72,98,100,114,119,122] [25,44,52,63,78,103,106,122] [16,29,45,60,65,103,111,127] [5,19,23,25,67,93,103,106] [2,7,8,11,57,60,63,70] [18,20,31,55,71,104,110,112] [39,44,63,89,96,97,104,115] [21,31,32,33,44,82,94,125] [18,30,32,45,86,90,102,123] [0,7,17,68,76,80,85,100] [4,12,18,27,48,63,91,94] [22,31,36,52,60,72,75,90] [2,4,27,34,40,61,125,127] [8,35,63,85,91,92,106,117] [2,3,14,67,68,69,83,125] [17,40,45,50,58,99,106,120] [1,10,14,80,84,90,106,127] [1,5,7,57,77,82,122,124] [22,39,46,63,96,104,115,116] [32,33,44,82,88,94,100,106] [30,32,45,55,72,86,90,123] [17,47,50,62,68,80,85,100] [4,7,18,36,50,63,91,94] [9,25,45,52,60,72,85,90] [2,4,27,34,39,64,73,102] [29,52,78,85,91,99,106,117] [2,3,29,68,69,94,109,113] [11,15,17,21,50,75,102,106] [1,10,14,46,90,91,100,113] [13,22,30,77,89,99,105,124] [9,39,44,58,77,96,104,120] [12,40,41,44,47,56,61,102] [6,10,40,45,51,83,90,108] [15,38,44,51,53,63,85,115] [22,38,42,75,81,84,102,114] [17,31,53,76,94,95,104,110] [18,28,33,57,77,91,106,122] [27,35,43,72,85,86,106,126] [2,19,27,69,91,94,97,113] [11,15,17,26,50,63,100,106] [0,10,46,54,90,98,106,127] [7,11,34,77,80,82,105,124] [23,33,71,78,87,99,108,117] [7,11,30,48,58,99,106,115] [29,46,52,104,105,108,111,114] [18,41,43,50,67,71,117,121] [16,27,63,76,93,94,100,125] [3,53,76,84,87,102,104,112]
Token 125: [7,58,66,72,88,109,117,121] [1,25,27,44,52,63,65,122] [16,60,65,78,89,95,112,127] [19,25,46,68,84,93,111,126] [2,7,11,30,52,53,57,96] [17,18,31,64,74,103,110,114] [26,34,44,56,58,63,71,104] [9,24,31,33,59,82,100,109] [38,45,67,72,77,86,90,127] [0,17,49,71,80,96,111,122] [18,26,27,50,68,69,78,116] [3,21,24,28,37,48,54,60] [2,8,9,28,34,35,56,65] [8,26,28,42,82,91,106,110] [3,4,17,67,69,107,110,115] [8,16,17,32,40,49,89,120] [0,14,48,50,65,80,114,115] [1,18,75,77,82,83,90,103] [34,39,63,83,104,105,115,116] [3,33,36,49,82,94,100,112] [44,45,65,72,84,86,121,127] [0,9,10,49,80,110,122,125] [30,45,50,56,61,78,86,105] [23,24,49,54,61,64,92,125] [9,15,17,34,47,95,96,99] [15,28,35,36,42,58,118,125] [3,14,48,69,86,89,107,110] [5,6,16,26,37,40,56,120] [39,48,73,89,103,114,115,127] [55,72,75,77,83,93,103,118] [24,30,34,63,83,88,115,116] [21,33,51,60,94,100,103,112] [6,9,15,45,72,84,101,121] [10,23,49,62,80,96,104,114] [7,37,41,43,45,86,109,111] [4,21,37,39,64,85,92,114] [14,17,34,42,61,92,95,118] [20,36,42,52,85,89,104,124] [3,30,36,49,69,86,96,125] [11,17,40,63,75,104,106,120] [1,42,48,50,80,107,113,127] [34,39,59,72,77,78,88,121] [8,17,25,28,56,66,80,111] [18,68,72,74,80,82,96,99] [3,5,6,25,29,30,42,114] [3,29,41,98,99,110,114,119] [27,43,68,76,94,99,100,110] [3,4,53,72,84,87,102,107]
Token 126: [35,52,57,76,109,117,123,127] [25,27,52,63,103,109,115,122] [29,42,48,60,64,65,89,103] [19,25,60,67,74,80,93,106] [2,7,11,16,26,63,96,102] [20,43,55,71,72,91,110,112] [17,39,63,87,96,97,104,115] [33,36,44,82,84,89,94,100] [30,32,45,55,67,86,87,108] [0,17,51,62,76,80,85,100] [1,4,18,27,31,36,94,126] [48,53,54,56,94,95,100,121] [2,4,8,34,35,54,55,94] [8,35,38,63,67,91,106,112] [3,14,15,38,63,68,69,98] [17,32,38,40,54,63,100,125] [0,48,54,62,90,97,115,127] [1,11,50,57,77,82,122,124] [17,58,63,87,112,115,116,118] [5,33,44,45,82,94,100,123] [18,30,32,45,55,77,87,114] [0,17,23,47,62,76,85,100] [4,15,18,27,31,36,80,127] [28,31,45,56,85,94,95,121] [4,34,46,54,55,64,94,95] [8,25,38,60,63,67,91,106] [14,30,68,69,83,94,110,125] [2,11,15,26,44,63,99,100] [0,10,90,91,98,100,113,122] [13,50,57,77,89,93,123,124] [9,17,52,58,87,96,115,120] [33,36,47,48,59,89,94,100] [18,32,45,48,74,87,90,108] [14,17,51,53,63,85,96,107] [4,5,36,42,50,75,80,102] [11,28,31,40,45,94,95,100] [18,34,49,54,57,78,85,106] [13,27,34,35,91,97,106,125] [3,15,55,69,83,94,109,110] [2,11,16,17,48,50,100,125] [0,14,46,54,91,115,122,127] [11,50,57,73,77,82,89,100] [23,47,58,69,77,80,87,117] [53,58,96,99,100,115,120,122] [6,16,25,29,58,78,94,104] [2,3,64,65,87,95,99,117] [27,32,68,76,90,94,122,123] [4,14,44,55,58,92,107,112]
Token 127: [13,26,52,65,72,98,100,102] [18,50,63,70,94,100,124,127] [49,53,65,81,84,88,99,104] [19,25,37,51,71,86,93,116] [2,7,73,85,92,96,102,106] [42,59,64,71,73,84,109,112] [35,58,63,66,96,112,115,116] [5,9,24,33,82,84,94,100] [32,38,45,55,72,90,114,123] [0,2,17,51,76,80,84,85] [4,16,31,36,54,57,73,90] [26,45,60,65,93,95,120,121] [2,21,64,65,73,89,92,108] [13,33,47,60,78,80,91,106] [11,15,20,38,63,67,69,125] [17,32,38,41,50,52,63,125] [4,46,48,76,97,100,115,127] [1,18,55,72,77,99,122,123] [24,26,44,58,96,112,116,122] [8,24,45,56,59,100,112,123] [5,18,41,53,57,69,72,114] [0,2,14,17,47,49,50,78] [2,16,19,31,36,47,90,127] [15,30,54,78,93,100,103,107] [9,21,33,35,55,75,82,89] [38,47,60,63,73,78,81,95] [4,12,14,63,94,107,110,125] [2,12,19,26,44,63,87,125] [10,28,62,65,89,91,100,122] [14,18,50,72,77,118,122,123] [26,27,30,34,52,75,80,126] [30,51,60,73,100,103,106,123] [5,9,15,27,46,57,84,111] [0,2,9,49,52,54,96,109] [7,26,30,36,37,40,104,112] [4,29,37,53,78,100,114,121] [33,41,52,54,92,101,108,122] [20,31,47,78,89,91,95,124] [12,19,20,26,32,55,107,125] [11,26,41,44,75,106,120,125] [10,28,42,48,54,107,113,115] [30,34,50,59,61,72,73,88] [8,17,25,39,56,66,69,111] [18,30,72,74,80,82,96,98] [5,19,29,30,34,94,108,113] [3,29,38,77,98,110,114,116] [41,43,74,76,77,90,94,123] [3,55,58,65,76,107,109,112]
