MODEL: qwen3_30b
TOKEN_COUNT: 128
ACTIVE_EXPERTS: 8
================================================================================
PROMPT TEXT:
The music was composed by Hitoshi Sakimoto , who had also worked on the previous Valkyria Chronicles games . When he originally heard about the project , he thought it would be a light tone similar to other Valkyria Chronicles games , but found the themes much darker than expected . An early theme he designed around his original vision of the project was rejected . He <unk> the main theme about seven times through the music production due to this need to reassess the game . The main theme was initially recorded using orchestra , then Sakimoto removed elements such as the guitar and bass , then adjusted the theme using a synthesizer before redoing segments such as the guitar piece on their own before incorporating them into the theme . The rejected main theme was used as a hopeful tune that played during the game 's ending . The battle themes were designed around the concept of a " modern battle " divorced from a fantasy scenario by using modern musical instruments , constructed to create a sense of atonality . While Sakimoto was most used to working with synthesized music , he felt that he needed to incorporate live instruments such as orchestra and guitar . The guitar was played by Mitsuhiro Ohta , who also arranged several of the later tracks . The game 's opening theme song , " If You Wish for ... " ( <unk> , <unk> Kimi ga <unk> Nara ) , was sung by Japanese singer May 'n . Its theme was the reason soldiers fought , in particular their wish to protect what was precious to them rather than a sense of responsibility or duty . Its lyrics were written by Seiko Fujibayashi , who had worked on May 'n on previous singles .
================================================================================
GENERATED TEXT:
 The opening theme was composed by Hitoshi Sakimoto and arranged by Tetsuya Sato . The game 's ending theme song , " The World is Mine " ( <unk> , <unk> Sore wa Watashi no Sekai ) , was sung by Japanese singer Yumi Komastu . The lyrics were written by Yumi Komastu and the music was composed by Hitoshi Sakimoto . The ending theme was also used as the game 's menu theme . The game 's soundtrack was released on April 28 , 2010 , in Japan , and on May 11 , 20
================================================================================
EXPERT TRACE (Per token, list of layer expert IDs):
================================================================================
Token   0: [14,21,50,51,57,103,106,110] [3,6,9,28,62,74,95,122] [12,41,82,84,90,115,122,125] [4,39,54,71,87,95,115,123] [7,11,50,56,58,63,67,113] [18,31,47,51,68,103,105,110] [23,26,34,56,58,63,83,104] [33,48,73,75,82,100,106,109] [21,35,36,44,72,90,109,127] [0,9,32,49,65,80,110,122] [18,29,30,50,61,78,105,123] [24,49,54,61,69,109,115,125] [15,34,56,65,79,96,99,115] [6,15,23,26,28,66,106,118] [3,4,11,16,17,48,53,55] [16,23,31,40,70,72,85,103] [14,39,55,80,81,115,119,124] [1,2,18,19,69,78,99,103] [24,34,41,56,63,83,105,126] [3,33,49,75,82,100,106,112] [44,65,66,72,84,114,116,121] [0,9,13,80,98,110,122,125] [19,50,56,61,68,78,90,105] [3,23,24,26,49,54,61,125] [15,23,24,34,73,79,96,99] [15,23,26,28,58,83,110,118] [3,4,17,48,55,90,100,105] [16,40,59,70,72,85,101,127] [12,39,48,80,81,89,119,124] [1,19,21,55,80,90,103,120] [24,34,56,63,83,105,107,126] [3,33,49,75,82,100,106,112] [35,44,65,66,90,109,114,121] [9,32,80,98,110,111,122,125] [30,50,56,61,69,78,90,105] [23,24,49,54,61,63,109,125] [2,23,24,34,73,79,99,114] [10,23,33,66,82,83,106,118] [3,10,16,53,55,90,105,115] [3,7,16,17,40,72,103,120] [12,14,30,43,55,80,115,119] [2,9,35,66,80,90,103,112] [18,23,27,80,93,102,115,123] [6,29,36,46,87,100,104,120] [6,20,39,48,69,81,98,104] [22,32,37,45,58,70,114,123] [22,52,55,60,68,80,115,117] [36,47,66,71,85,88,120,123]
Token   1: [3,23,28,69,112,118,124,126] [16,29,45,48,61,67,88,122] [4,52,76,90,100,106,112,125] [4,24,34,77,93,100,101,112] [7,11,27,50,56,58,87,104] [5,30,31,71,83,103,105,119] [46,54,63,94,96,104,116,118] [33,45,48,69,73,82,100,106] [0,4,8,21,44,67,90,117] [32,35,37,49,62,80,96,97] [7,18,30,41,50,88,91,95] [18,43,48,50,68,69,89,115] [2,26,32,34,46,67,73,114] [29,45,82,91,102,106,113,120] [3,16,53,55,64,69,76,101] [7,17,40,54,72,75,83,120] [1,13,14,23,30,78,80,114] [36,46,61,66,68,92,93,121] [3,38,46,54,63,89,104,119] [32,33,48,69,73,82,100,106] [4,21,35,44,67,86,90,101] [17,35,47,49,62,65,80,97] [15,18,23,30,36,88,91,127] [18,22,42,48,50,68,96,115] [2,25,26,34,46,73,102,114] [18,45,63,82,91,106,120,127] [3,16,53,64,69,71,73,101] [7,16,40,54,72,77,120,126] [1,13,14,23,78,80,100,101] [36,61,66,68,75,92,100,122] [3,46,52,54,63,104,112,119] [32,33,48,69,73,82,94,106] [4,15,21,35,67,86,90,101] [23,32,40,47,49,65,80,82] [15,23,30,33,36,69,88,127] [9,18,22,48,50,68,69,115] [2,25,26,29,34,73,103,114] [10,18,45,62,82,106,120,127] [3,16,22,53,55,64,73,87] [7,16,17,33,40,46,72,77] [1,13,23,60,80,100,115,116] [35,36,46,66,80,81,92,103] [8,18,23,28,30,77,80,86] [5,12,16,36,87,100,104,121] [6,27,39,88,98,99,104,122] [17,20,22,26,32,45,114,123] [30,51,52,68,81,115,117,125] [15,21,26,71,111,120,121,127]
Token   2: [23,28,36,41,61,79,112,125] [7,29,44,45,67,88,97,122] [25,42,49,59,76,106,125,126] [70,77,92,93,100,108,114,117] [7,11,27,34,50,67,101,104] [0,10,31,48,71,83,87,97] [46,54,63,94,103,104,116,118] [7,33,45,46,69,73,82,106] [0,3,20,21,35,86,90,94] [32,35,40,49,62,80,99,102] [7,13,18,30,50,51,88,91] [16,42,55,60,64,73,115,122] [0,2,26,32,34,46,103,114] [57,62,68,82,89,91,106,109] [3,16,29,53,55,60,69,71] [7,20,40,72,75,82,89,91] [1,13,14,30,60,78,80,110] [24,36,46,64,68,77,103,124] [38,46,52,54,63,89,103,104] [32,33,48,69,73,82,100,106] [8,20,21,35,44,67,86,90] [5,35,40,49,76,80,102,111] [18,23,30,36,88,91,109,124] [18,22,42,55,64,73,96,115] [0,2,25,26,34,46,102,114] [18,41,57,62,76,82,98,106] [3,47,53,60,64,69,71,73] [17,40,72,77,79,82,120,126] [14,30,60,78,80,100,110,114] [15,36,46,64,82,92,103,122] [52,54,56,63,94,104,110,118] [33,48,50,73,82,94,100,106] [15,20,21,35,44,86,90,101] [32,35,40,47,65,80,106,111] [18,23,30,36,50,69,88,113] [9,18,22,42,55,69,73,115] [0,2,25,26,42,73,103,114] [10,18,41,57,62,76,82,106] [3,11,47,53,55,60,71,73] [7,16,17,20,40,46,60,126] [44,60,80,100,108,109,110,115] [15,36,46,49,54,64,80,103] [8,23,24,49,73,80,90,125] [12,19,49,74,80,104,121,125] [6,8,11,23,45,88,99,104] [5,17,22,26,32,45,76,114] [5,29,30,52,81,96,105,117] [15,21,71,74,82,111,121,127]
Token   3: [16,51,53,70,97,104,111,120] [20,24,34,76,86,107,109,122] [12,14,72,81,87,107,116,125] [12,13,25,76,89,93,113,117] [0,11,23,25,34,74,77,118] [31,71,80,97,103,107,119,125] [13,54,56,63,64,94,96,111] [33,50,60,73,82,87,100,106] [15,21,35,36,44,64,90,99] [0,32,45,49,62,80,94,102] [14,18,30,50,103,108,113,127] [28,67,69,86,89,115,120,122] [9,26,34,42,53,56,73,115] [16,21,44,75,76,82,91,98] [3,11,53,55,64,69,79,80] [6,7,16,17,40,50,60,82] [1,7,14,15,30,40,60,80] [15,52,53,77,82,88,99,103] [13,34,52,56,63,64,104,112] [33,48,50,73,82,87,100,106] [15,18,21,36,44,64,90,114] [0,32,65,80,94,102,106,111] [14,18,30,50,69,88,103,113] [3,8,55,59,60,69,89,115] [2,26,34,42,53,71,73,102] [2,16,33,44,75,82,98,106] [3,11,34,44,53,55,69,80] [6,7,16,17,40,60,82,120] [7,14,30,40,60,78,80,114] [9,15,17,52,53,62,103,106] [52,54,56,63,64,94,104,110] [33,48,73,82,87,100,106,110] [3,21,44,55,64,80,82,90] [1,22,49,80,94,97,102,111] [7,18,30,50,62,69,108,113] [8,43,59,69,85,86,89,115] [2,9,26,34,42,53,73,102] [10,21,44,75,76,82,101,106] [3,8,34,39,53,55,79,80] [7,16,17,31,40,60,61,82] [1,7,15,40,60,80,83,115] [9,15,52,53,80,103,106,117] [23,24,37,59,73,74,80,125] [8,43,49,81,97,100,104,112] [6,37,45,54,80,98,104,122] [22,45,46,63,80,112,114,123] [22,39,52,80,82,84,105,124] [27,32,34,35,52,71,90,95]
Token   4: [3,12,28,29,62,67,77,126] [11,45,67,76,78,86,109,122] [42,59,64,72,87,119,121,125] [1,11,25,61,73,76,100,101] [0,7,11,18,39,43,59,74] [1,23,31,60,80,83,97,103] [20,54,55,63,64,94,104,116] [19,33,44,73,82,87,100,106] [21,24,27,35,37,44,86,99] [0,23,49,51,80,94,102,111] [7,14,18,30,50,85,91,120] [16,48,60,68,69,86,97,115] [2,18,34,53,67,85,95,126] [10,24,29,44,68,91,95,106] [3,9,19,38,53,60,62,115] [3,16,17,20,40,50,54,82] [1,30,77,80,94,111,115,123] [1,9,36,37,53,78,84,103] [20,54,63,64,66,94,103,104] [31,33,44,73,82,87,100,106] [17,21,24,37,44,45,72,90] [35,40,66,71,80,94,99,111] [7,14,18,30,50,85,95,124] [1,18,54,60,68,69,97,115] [2,25,30,38,53,67,95,102] [18,29,44,62,95,106,109,123] [3,38,53,55,60,71,73,115] [16,17,20,40,54,82,87,120] [1,14,29,30,77,80,111,123] [9,36,53,65,84,103,112,122] [20,54,63,64,94,104,118,127] [31,33,44,48,73,82,100,106] [17,21,24,44,45,61,69,90] [35,47,66,71,80,94,99,111] [19,30,50,69,85,113,120,124] [1,54,60,68,69,73,86,115] [2,30,46,53,67,73,95,102] [10,18,24,44,49,75,95,106] [3,38,53,55,62,102,109,115] [16,17,20,31,40,54,87,120] [29,75,77,80,109,111,115,123] [0,53,63,65,78,80,84,103] [14,20,23,24,28,75,80,115] [2,8,47,96,100,104,120,121] [3,6,11,13,80,104,107,110] [5,22,45,47,63,83,87,114] [5,10,45,52,76,96,97,104] [11,15,31,54,71,74,90,127]
Token   5: [9,53,61,69,70,81,92,93] [20,41,45,53,67,83,91,122] [12,42,64,72,81,116,117,125] [1,11,26,51,73,76,101,119] [0,11,39,83,91,111,113,118] [1,31,75,80,83,97,111,119] [20,47,54,63,66,94,104,127] [31,33,44,72,73,82,100,106] [17,21,27,37,44,61,69,99] [0,43,45,48,71,80,99,111] [7,14,18,30,50,83,85,113] [13,43,58,60,69,86,90,115] [2,18,34,53,69,73,95,126] [10,25,29,44,55,68,106,121] [3,11,19,28,38,53,55,115] [3,4,16,17,40,50,75,121] [1,20,24,30,75,80,105,121] [1,9,27,45,53,97,103,112] [23,54,63,64,89,94,104,127] [31,33,40,48,73,82,100,106] [17,21,44,61,69,72,90,99] [0,48,66,71,80,94,99,111] [7,14,18,19,30,50,85,113] [1,13,54,60,69,86,90,115] [2,27,30,34,46,67,69,73] [29,32,44,55,91,106,107,121] [3,28,38,53,55,57,63,115] [3,16,17,40,58,75,89,121] [1,14,20,24,30,80,105,121] [1,9,14,45,73,82,97,112] [20,23,54,63,64,94,104,127] [31,32,33,44,73,82,100,106] [17,21,45,61,69,86,90,99] [6,17,48,66,71,80,99,111] [14,19,30,69,83,85,94,126] [13,58,60,69,90,102,115,120] [2,27,30,46,69,71,73,126] [29,32,44,55,79,93,106,121] [3,28,38,53,55,66,84,115] [3,16,17,31,34,40,89,121] [1,20,30,48,80,105,115,121] [1,9,14,45,80,82,97,112] [14,21,23,30,65,80,101,115] [4,5,37,46,83,100,104,120] [6,9,54,56,71,104,107,108] [2,22,27,32,37,45,77,114] [52,60,63,67,97,101,103,125] [6,20,34,58,73,85,86,117]
Token   6: [6,28,33,75,109,117,124,126] [3,28,33,49,60,90,122,124] [4,12,42,46,97,107,125,127] [24,37,72,74,97,100,103,124] [7,11,46,53,60,70,100,114] [18,20,31,55,75,83,104,110] [20,54,63,77,87,89,104,127] [31,32,33,40,45,82,100,106] [5,17,21,61,90,92,100,123] [0,7,17,35,71,76,80,82] [7,18,82,85,91,94,103,126] [18,48,59,60,90,97,99,122] [2,8,26,34,39,46,73,127] [2,10,63,73,87,91,92,106] [3,14,15,33,38,55,111,115] [16,17,32,40,75,89,119,121] [1,11,48,75,80,82,105,115] [1,9,18,36,80,99,112,122] [56,58,63,87,104,112,118,127] [2,31,32,33,75,82,100,106] [5,17,21,22,45,61,90,114] [0,7,41,47,71,80,99,111] [2,50,55,82,85,94,103,126] [9,25,30,43,60,69,90,99] [2,9,26,34,46,67,75,127] [2,18,47,61,63,82,91,106] [3,14,15,27,38,55,73,115] [0,16,17,32,40,84,89,121] [11,48,53,70,80,100,115,122] [1,18,54,73,82,93,112,122] [23,52,58,63,87,111,112,127] [2,32,33,48,59,82,100,106] [15,17,21,22,61,72,90,114] [0,7,47,51,71,80,82,111] [9,23,29,55,85,94,103,126] [9,22,25,30,60,99,100,120] [2,8,14,39,46,71,73,127] [52,61,87,91,92,93,106,112] [14,15,22,26,55,73,92,115] [0,25,32,40,51,77,89,106] [1,27,30,35,80,82,100,115] [1,18,54,58,73,82,93,99] [4,8,17,28,66,69,70,92] [24,41,61,69,74,80,83,111] [6,9,19,23,42,82,104,113] [26,43,45,48,76,77,88,114] [33,45,51,54,63,74,90,125] [6,17,23,39,53,80,96,114]
Token   7: [4,9,18,33,38,86,101,111] [3,9,16,33,44,49,109,123] [12,17,42,97,103,104,109,123] [19,24,37,50,68,74,94,100] [7,11,46,53,60,65,100,124] [20,31,41,75,83,104,110,114] [20,54,63,87,89,104,107,127] [7,19,32,33,45,52,82,106] [5,17,21,61,86,92,113,123] [6,7,17,35,38,80,82,125] [7,12,55,71,82,85,94,126] [18,25,60,73,90,99,100,107] [2,4,8,27,39,46,92,127] [2,20,29,91,92,93,106,112] [14,15,24,38,42,49,92,115] [16,32,40,75,77,89,110,119] [1,11,39,46,80,97,105,115] [1,9,18,73,75,82,93,112] [63,87,89,104,107,112,124,127] [2,7,31,32,33,82,100,106] [5,17,21,22,53,61,90,92] [0,7,47,71,76,80,82,99] [7,23,55,71,85,94,103,126] [9,20,25,30,60,90,99,100] [2,18,22,34,39,46,92,127] [18,29,47,78,91,92,106,112] [3,14,15,24,38,55,73,115] [2,16,32,40,75,84,89,110] [1,11,24,39,46,70,80,100] [1,18,73,75,82,93,100,122] [58,63,87,104,107,111,112,127] [2,31,32,33,56,82,100,106] [17,21,22,53,61,72,90,92] [0,7,47,51,71,80,82,111] [7,23,36,55,71,85,94,126] [9,22,25,60,76,90,99,120] [2,8,18,39,46,73,92,127] [20,29,87,91,92,93,106,112] [14,15,24,38,49,55,73,115] [32,40,50,51,75,89,110,117] [1,11,39,54,80,100,105,115] [1,18,49,73,75,80,93,124] [17,25,30,50,69,86,114,115] [24,37,41,56,69,75,83,120] [6,9,11,19,47,70,104,107] [2,27,32,45,77,88,114,117] [51,52,63,90,97,101,122,125] [6,18,20,53,58,82,86,87]
Token   8: [28,33,37,47,64,75,82,122] [28,49,52,73,96,122,124,126] [12,16,17,33,42,46,97,107] [0,19,30,34,74,100,116,124] [7,11,12,46,53,60,70,124] [20,31,55,75,83,103,104,110] [4,20,54,63,87,89,104,127] [7,31,32,33,45,82,100,106] [5,13,17,21,53,61,90,92] [0,7,14,17,35,80,107,111] [7,13,18,82,85,94,103,126] [48,60,90,97,99,100,102,121] [2,4,27,34,46,65,77,127] [2,10,40,63,89,91,92,106] [3,14,15,42,53,55,111,115] [16,17,32,40,50,75,89,121] [1,11,14,75,78,80,82,115] [1,9,36,54,92,100,103,112] [23,56,63,64,87,104,118,127] [2,31,33,48,73,82,100,106] [17,21,22,44,61,86,90,124] [7,35,47,66,71,80,99,111] [18,23,30,50,85,91,103,126] [9,22,25,42,43,55,60,99] [2,14,25,34,46,67,102,127] [2,18,59,63,101,106,112,127] [3,14,15,42,53,71,92,115] [0,11,32,40,54,75,84,126] [1,11,28,35,80,82,100,122] [54,59,73,89,92,93,100,122] [9,20,54,63,87,94,104,127] [2,32,33,44,48,73,82,106] [5,17,21,22,61,90,92,124] [0,7,14,47,80,82,99,111] [9,23,35,55,81,85,94,126] [5,9,22,25,30,43,60,99] [2,4,24,34,77,92,112,127] [29,52,61,87,89,92,106,112] [14,15,24,26,55,73,92,115] [0,25,32,50,89,110,117,125] [1,27,28,35,80,82,100,115] [18,54,73,80,82,93,99,124] [4,10,17,25,33,66,69,70] [7,18,24,41,61,75,83,98] [9,11,19,42,62,82,96,104] [43,48,67,77,88,114,116,117] [16,33,46,54,63,90,104,125] [6,17,18,23,39,53,80,96]
Token   9: [4,9,24,33,38,82,92,122] [3,5,49,67,73,122,123,126] [12,17,42,56,81,89,97,104] [30,66,69,85,87,91,100,117] [7,11,12,43,46,60,110,121] [0,20,31,41,103,104,110,122] [22,29,39,63,90,94,103,104] [7,32,33,44,52,58,82,106] [5,17,21,67,86,92,94,123] [7,8,35,68,80,92,99,109] [7,48,66,71,82,85,94,126] [5,17,60,73,92,99,100,121] [2,4,8,34,91,92,111,127] [20,29,62,89,92,93,106,112] [3,14,15,38,42,53,57,115] [17,32,40,75,89,110,119,125] [1,11,14,27,39,80,84,108] [9,18,27,36,73,81,82,100] [20,63,87,98,103,104,111,127] [7,32,33,44,73,82,100,106] [5,17,21,67,92,94,100,123] [7,8,35,71,76,80,92,107] [7,23,71,82,85,94,124,126] [9,25,60,73,97,99,100,121] [2,4,14,25,34,92,111,127] [18,20,29,62,63,92,106,112] [3,14,15,38,53,55,71,115] [16,17,32,40,75,89,125,126] [1,11,14,44,54,80,108,122] [0,63,65,73,82,100,103,122] [63,66,87,103,104,111,118,127] [2,31,32,33,44,82,100,106] [17,21,44,61,90,92,99,123] [7,8,41,47,71,80,92,111] [23,30,50,85,94,103,124,126] [9,25,43,60,73,97,99,100] [0,2,4,38,73,92,111,127] [2,18,62,63,106,109,112,123] [3,14,15,18,38,55,111,115] [17,31,32,40,54,107,121,125] [29,39,54,75,77,80,108,115] [0,9,18,63,65,73,80,100] [14,17,23,24,30,49,69,126] [8,47,56,75,83,104,120,121] [3,6,8,9,11,80,104,110] [5,22,45,47,77,83,87,114] [1,5,10,52,97,104,122,123] [15,31,44,74,82,86,92,127]
Token  10: [9,24,31,47,63,83,120,122] [2,8,34,41,49,122,124,126] [12,41,53,62,67,88,123,125] [20,23,34,68,74,100,123,124] [7,11,43,67,79,85,106,113] [20,31,42,61,75,97,103,125] [13,23,56,63,83,104,105,127] [2,31,33,49,73,82,100,106] [21,44,61,66,72,90,121,127] [0,9,71,80,89,98,110,111] [2,18,50,61,73,85,90,103] [26,28,49,60,61,99,105,115] [2,18,34,73,79,95,107,115] [2,6,10,28,80,91,103,106] [3,10,38,48,53,55,79,115] [16,17,32,40,50,85,98,121] [1,8,11,39,75,80,122,124] [1,9,15,19,37,78,103,112] [13,23,56,63,64,104,105,127] [31,33,48,49,73,82,100,106] [17,21,61,66,72,84,90,121] [0,9,71,80,98,110,111,125] [18,30,50,61,73,85,105,113] [24,26,43,49,60,61,69,115] [2,15,34,67,73,99,102,107] [2,6,15,28,80,91,101,106] [3,14,38,48,53,55,110,115] [16,17,32,40,48,82,85,120] [1,8,14,30,39,62,80,124] [1,9,15,19,53,73,103,120] [54,56,63,64,104,105,126,127] [31,33,48,49,73,82,100,106] [17,21,44,45,61,66,90,121] [9,49,80,97,98,99,110,111] [30,50,61,69,73,85,90,105] [23,24,26,49,54,60,61,115] [2,15,23,73,79,99,102,107] [6,10,28,29,80,83,106,118] [3,10,38,48,53,55,79,115] [16,17,23,40,48,85,120,121] [1,8,30,75,80,105,115,124] [1,9,15,19,53,69,90,103] [14,21,23,24,31,64,80,115] [12,19,46,49,83,88,104,120] [0,6,37,45,73,88,104,107] [2,17,22,27,32,45,77,114] [30,52,60,63,97,101,105,124] [6,32,35,73,86,90,95,111]
Token  11: [3,28,29,62,67,77,120,126] [8,11,67,78,86,107,114,122] [42,64,70,73,119,121,125,126] [1,7,11,29,32,100,101,119] [7,11,39,45,74,79,97,113] [1,31,47,80,96,97,110,119] [20,23,54,55,63,66,104,124] [7,33,44,73,82,87,106,113] [4,6,21,24,27,37,69,88] [26,35,51,68,79,80,94,102] [7,18,30,50,77,85,107,120] [43,48,60,68,69,90,92,97] [2,18,27,53,67,95,102,126] [24,29,68,89,106,109,112,123] [3,10,19,38,53,62,109,115] [17,20,40,50,75,84,87,89] [1,24,29,30,80,94,111,123] [1,9,36,53,84,100,103,112] [20,23,54,63,64,103,104,127] [31,33,44,48,73,82,100,106] [6,17,21,24,45,61,69,82] [35,40,66,71,79,80,99,111] [7,28,30,50,85,91,95,124] [1,9,18,60,68,73,92,97] [2,25,27,32,38,67,95,102] [18,24,29,62,95,106,109,123] [3,38,53,55,60,73,109,115] [16,20,40,75,77,87,89,120] [1,24,29,30,77,80,111,123] [9,36,53,54,65,84,103,122] [54,55,58,63,64,94,104,118] [9,31,33,36,44,73,82,106] [17,21,24,44,45,61,69,90] [35,40,66,79,80,89,94,111] [28,30,37,50,69,85,120,124] [1,25,60,68,73,92,97,115] [2,27,30,53,67,73,95,102] [13,24,44,49,62,68,95,106] [3,10,38,53,55,62,102,115] [16,17,20,31,40,46,87,106] [1,23,29,44,77,80,111,115] [0,9,53,54,63,65,80,84] [14,20,23,24,28,68,75,115] [2,16,47,83,100,104,120,121] [6,13,54,80,98,104,107,110] [5,22,45,47,63,83,87,114] [5,10,45,52,76,97,104,125] [11,15,31,54,71,74,90,127]
Token  12: [4,9,53,61,69,81,93,120] [8,20,25,53,74,83,91,122] [10,42,64,116,117,123,125,126] [1,11,26,29,32,61,101,119] [11,39,79,83,91,111,113,118] [5,31,75,96,97,103,111,119] [20,23,54,63,66,94,104,127] [31,33,46,72,73,82,100,106] [21,27,28,44,45,61,69,99] [6,26,43,48,66,79,80,99] [7,14,18,30,50,83,85,107] [1,13,58,60,69,90,92,115] [2,18,27,34,67,69,95,126] [13,44,55,68,79,91,106,121] [3,10,19,28,38,53,63,115] [3,17,23,40,50,84,89,121] [1,20,24,30,48,80,105,121] [1,7,9,45,53,97,103,112] [9,23,54,58,63,64,104,127] [31,33,48,72,73,82,100,106] [17,21,44,45,61,69,90,99] [43,48,71,79,80,96,99,111] [7,14,18,28,30,50,85,91] [1,13,54,58,60,90,92,115] [2,27,46,69,95,102,107,126] [32,44,47,55,79,106,107,121] [3,10,19,38,53,55,63,115] [3,16,17,40,86,89,120,121] [1,14,20,24,30,80,105,121] [1,9,45,73,82,90,97,112] [20,23,54,63,64,94,104,127] [31,32,33,44,73,82,100,106] [17,21,44,61,69,90,99,100] [48,66,71,79,80,97,99,111] [14,18,19,30,69,85,91,94] [1,13,58,60,69,90,92,115] [2,8,27,30,46,60,69,126] [25,32,55,79,83,93,106,121] [3,10,28,38,55,63,66,115] [3,16,17,31,34,40,89,121] [1,20,30,48,80,105,115,121] [1,9,14,45,80,82,97,112] [14,21,23,65,80,92,101,115] [4,5,37,46,83,100,104,120] [6,47,54,56,71,104,107,108] [2,27,32,37,45,54,77,114] [52,60,63,67,97,101,103,125] [6,18,20,34,58,73,86,117]
Token  13: [6,40,47,49,50,72,75,78] [3,22,28,49,56,60,122,123] [2,12,42,46,97,104,107,125] [18,68,72,74,100,103,114,124] [7,8,11,46,53,60,64,113] [20,31,75,84,93,103,104,110] [20,54,63,77,87,104,111,127] [31,32,33,44,45,82,100,106] [17,21,22,45,61,90,98,123] [0,6,7,17,33,80,82,111] [7,12,18,55,85,91,94,126] [18,43,59,60,90,92,99,120] [2,8,27,34,46,60,126,127] [2,25,29,47,61,92,93,106] [3,14,33,38,42,53,55,115] [0,3,32,40,75,80,89,121] [1,24,30,75,80,82,105,106] [1,9,18,37,39,82,93,112] [20,54,63,87,89,94,104,127] [31,32,33,44,73,82,100,106] [17,21,22,53,61,90,98,100] [0,7,17,71,79,80,82,111] [7,16,19,55,85,91,94,126] [1,59,60,69,90,92,99,120] [2,22,27,30,34,46,73,127] [29,45,47,61,91,92,93,106] [3,14,33,38,53,55,92,115] [0,3,40,75,80,89,117,121] [1,14,24,30,35,80,82,105] [1,9,18,39,73,82,93,112] [20,22,54,63,66,87,104,127] [31,32,33,44,52,56,82,106] [17,21,22,53,61,90,92,98] [0,7,17,71,80,82,99,111] [7,9,12,16,55,85,94,126] [25,30,48,59,60,90,99,120] [2,4,8,24,27,46,67,127] [45,47,61,87,92,93,103,106] [14,33,38,53,55,66,92,115] [0,16,25,40,75,80,89,117] [1,30,39,62,80,82,105,126] [1,18,34,39,73,82,93,99] [4,14,17,58,80,92,111,115] [5,20,41,46,69,83,98,120] [6,11,19,62,96,98,104,107] [2,22,45,54,77,92,114,117] [1,14,26,35,43,54,63,125] [0,18,39,42,53,61,80,96]
Token  14: [4,18,28,33,46,89,103,124] [9,28,33,49,54,73,122,126] [10,12,17,42,81,97,107,115] [9,39,46,68,74,100,108,114] [7,11,12,53,55,60,89,100] [18,20,31,38,83,102,104,110] [20,54,63,77,87,104,124,127] [7,32,33,52,76,82,88,106] [13,17,21,22,61,67,92,123] [5,7,17,35,44,80,82,99] [7,12,55,71,82,85,94,126] [18,25,36,52,59,60,90,99] [2,8,21,24,34,37,46,127] [29,45,51,52,61,92,93,106] [14,27,38,42,53,55,92,115] [0,32,40,75,89,110,117,119] [1,27,28,39,80,82,105,113] [1,18,27,54,73,82,93,112] [20,54,63,87,89,104,107,127] [7,31,32,33,44,56,82,106] [17,21,22,45,53,61,90,92] [0,7,17,44,71,80,82,92] [7,9,12,55,71,85,94,126] [20,25,30,52,59,60,90,99] [2,4,8,24,27,46,73,127] [29,52,61,78,92,93,103,106] [3,14,38,53,55,66,92,115] [0,25,32,40,75,89,117,125] [1,27,28,30,35,80,82,105] [1,18,27,54,73,82,93,118] [20,54,63,66,87,104,111,127] [31,32,33,44,56,73,82,106] [17,21,22,53,61,67,90,92] [0,7,17,44,80,82,92,115] [7,9,12,55,71,85,94,126] [25,30,36,52,59,60,90,99] [2,8,24,27,37,111,112,127] [20,45,52,61,84,87,92,93] [14,24,26,49,55,66,92,115] [0,25,40,51,89,110,117,125] [1,27,28,30,35,39,80,82] [1,18,54,73,75,82,93,99] [4,14,17,25,69,70,80,116] [18,20,24,46,61,69,75,83] [6,9,11,19,42,82,96,104] [6,45,54,77,98,100,105,114] [14,20,26,33,37,54,63,125] [6,17,18,23,49,53,80,96]
Token  15: [0,4,9,18,24,33,38,117] [21,33,49,54,73,76,77,126] [12,17,42,57,60,97,103,104] [9,46,68,74,85,91,100,123] [7,11,12,46,60,65,121,124] [0,20,31,75,93,104,109,110] [54,63,64,87,96,104,119,127] [7,32,33,45,52,58,82,106] [5,17,21,61,67,92,118,123] [7,17,21,35,68,80,92,109] [7,54,66,71,82,85,94,126] [17,18,25,73,90,97,99,100] [2,4,8,14,46,47,92,127] [20,29,51,87,92,93,106,112] [14,15,24,38,42,53,55,115] [17,32,40,75,89,110,119,125] [1,11,27,30,39,75,80,97] [1,18,27,73,75,82,93,118] [54,63,87,89,98,104,119,127] [7,32,33,52,73,82,100,106] [5,13,17,21,22,53,92,123] [7,17,21,71,76,80,82,99] [7,54,55,66,71,85,94,126] [17,20,25,59,73,90,99,100] [2,4,8,22,47,92,112,127] [20,29,52,87,92,93,106,112] [14,15,24,38,53,66,92,115] [32,40,75,77,89,106,110,125] [1,14,27,30,39,78,80,105] [1,18,73,75,81,82,93,105] [54,63,66,87,104,107,111,127] [7,32,33,44,52,56,82,106] [5,17,21,22,53,67,92,123] [7,14,17,21,80,82,92,99] [7,12,54,55,66,71,94,126] [17,25,31,36,48,73,90,99] [8,37,47,91,92,111,112,127] [20,52,87,92,93,97,106,112] [14,24,49,55,66,92,115,116] [32,40,80,89,106,110,117,125] [1,27,28,30,39,80,105,126] [1,18,49,73,75,82,93,118] [14,17,50,58,69,70,80,114] [5,24,46,61,69,75,82,83] [6,9,11,14,19,96,104,107] [2,27,32,45,77,88,92,114] [14,18,33,43,51,52,63,122] [6,18,20,53,58,67,73,86]
Token  16: [6,32,47,49,50,72,75,122] [22,49,73,77,96,122,124,126] [2,12,17,42,97,104,107,111] [13,19,34,68,74,100,116,124] [7,11,12,46,53,60,64,113] [18,20,31,75,84,103,104,110] [22,54,63,77,87,104,107,127] [7,31,32,33,44,52,82,106] [5,17,21,22,53,61,92,98] [6,7,14,17,67,80,82,111] [7,12,55,71,85,94,118,126] [18,48,59,60,90,99,100,121] [2,4,8,24,27,46,77,127] [20,29,61,91,92,93,106,112] [14,33,38,42,55,66,92,115] [0,16,32,40,75,80,89,119] [1,11,39,80,82,91,97,105] [1,18,34,39,73,80,93,105] [58,63,77,87,89,104,107,127] [31,32,33,52,56,82,106,123] [5,17,22,45,53,90,92,114] [0,7,17,21,67,80,82,111] [7,12,19,55,71,85,94,126] [20,31,48,59,60,90,95,99] [2,8,24,27,37,92,111,127] [29,52,61,87,91,92,93,106] [14,24,33,38,42,86,92,115] [0,32,40,75,80,89,110,117] [1,39,80,82,91,97,105,106] [1,18,34,39,73,82,93,105] [22,54,63,77,87,104,107,127] [7,32,33,44,52,56,82,106] [5,17,21,22,53,87,92,98] [6,7,14,17,21,67,80,82] [7,12,48,55,66,71,94,126] [36,48,59,60,90,95,99,121] [2,8,27,37,41,92,111,127] [20,52,61,84,87,92,93,97] [14,24,33,55,66,74,92,115] [0,16,80,89,106,110,117,125] [27,30,39,76,82,91,105,106] [1,18,34,39,73,93,99,105] [4,14,17,25,58,69,80,111] [5,10,18,37,46,75,83,98] [6,9,11,26,62,104,107,127] [2,32,54,65,77,88,92,114] [1,26,54,63,79,90,92,125] [17,18,39,42,53,61,80,96]
Token  17: [0,4,9,22,28,33,89,124] [28,49,63,73,74,77,124,126] [12,17,37,42,60,81,97,104] [19,24,51,69,74,91,100,114] [7,43,46,51,60,65,70,121] [0,20,31,55,62,104,109,110] [54,63,64,74,87,104,108,127] [7,19,32,33,52,73,82,106] [5,17,21,44,45,61,92,113] [6,7,14,17,35,80,82,99] [7,12,59,71,82,85,94,126] [20,25,60,73,90,99,100,121] [2,4,8,46,77,91,125,127] [29,62,87,91,92,93,106,112] [3,14,15,42,49,55,92,115] [0,16,32,40,75,89,119,121] [1,11,24,28,39,54,80,108] [1,9,18,34,36,49,73,112] [23,54,63,87,89,104,107,127] [31,32,33,52,73,82,100,106] [5,17,21,22,53,90,92,113] [0,7,17,71,80,82,99,111] [7,9,12,55,71,85,94,126] [1,25,54,56,60,73,99,121] [2,8,27,34,67,77,112,127] [29,47,61,78,87,92,106,112] [3,14,15,18,38,55,71,115] [0,16,25,32,40,75,89,126] [11,24,35,44,54,62,80,108] [0,9,49,63,65,73,82,122] [56,63,64,87,104,107,118,127] [2,31,33,56,73,82,100,106] [17,22,53,61,90,92,113,114] [0,7,14,41,79,80,99,111] [40,55,71,82,85,94,124,126] [1,25,52,54,60,73,92,99] [0,2,38,67,77,92,94,127] [29,62,78,92,106,109,112,123] [3,14,15,18,38,55,92,115] [16,25,31,32,40,107,125,126] [28,39,54,75,77,80,108,115] [0,18,49,63,65,73,93,100] [14,17,24,30,50,69,70,126] [8,24,47,56,75,83,120,121] [6,8,9,11,80,94,104,110] [5,32,77,83,87,88,95,114] [1,5,10,45,52,71,123,125] [15,23,31,44,74,82,92,127]
Token  18: [43,47,65,72,73,98,100,122] [18,38,49,94,100,122,126,127] [38,40,57,82,84,88,99,123] [6,31,34,68,74,100,116,124] [7,11,52,76,85,106,111,115] [59,61,64,66,75,97,103,125] [8,34,56,63,83,105,107,127] [24,33,49,59,100,106,109,112] [44,61,65,72,84,116,121,127] [0,2,9,19,80,110,111,125] [18,26,30,56,61,78,85,105] [24,28,49,54,60,61,103,125] [2,9,15,34,56,65,96,99] [6,15,26,28,58,78,91,106] [3,17,20,48,55,81,100,115] [10,16,31,40,70,85,101,127] [8,39,73,80,81,97,115,124] [1,18,19,33,42,78,99,105] [8,34,56,58,63,83,105,126] [24,33,49,59,75,100,112,123] [17,44,65,72,84,90,114,121] [0,9,49,80,110,111,122,125] [19,50,56,61,68,85,90,105] [1,23,24,49,54,60,61,92] [2,15,34,54,73,79,96,99] [6,15,23,26,28,58,106,110] [3,4,14,17,20,48,86,100] [2,16,40,59,70,85,101,127] [39,48,62,73,80,81,115,124] [1,19,21,42,48,55,105,118] [24,34,56,63,83,105,107,126] [18,33,49,75,100,106,109,112] [17,21,65,72,84,90,114,121] [0,2,9,16,80,98,110,125] [50,56,61,68,78,85,90,105] [3,23,24,49,54,60,61,125] [2,15,21,23,34,79,96,99] [15,23,28,58,78,106,110,118] [3,17,20,55,86,90,104,115] [16,17,40,52,70,85,101,127] [39,48,73,80,81,105,115,124] [1,19,21,42,48,55,69,80] [23,24,31,64,80,113,114,115] [31,37,46,77,78,83,88,104] [6,8,16,53,73,90,104,107] [2,22,27,32,82,87,101,114] [5,11,34,38,52,97,98,118] [20,44,73,74,77,86,105,109]
Token  19: [14,21,50,51,57,103,106,110] [3,6,9,28,62,74,95,122] [12,41,84,90,100,115,122,125] [4,12,23,34,39,71,87,115] [7,11,23,50,56,63,67,83] [18,31,47,51,68,103,105,110] [23,26,54,56,58,63,104,116] [33,44,48,58,73,82,100,106] [21,35,36,44,45,72,90,109] [0,9,32,49,65,80,98,122] [18,26,29,30,50,69,78,123] [3,48,60,63,67,69,109,125] [2,15,24,34,65,73,79,115] [23,26,28,66,82,91,106,118] [3,4,16,17,48,53,55,110] [16,17,40,50,70,72,85,103] [12,42,55,80,81,115,119,124] [1,18,19,55,78,90,93,99] [24,26,34,56,63,83,105,126] [3,24,33,49,59,75,100,112] [9,65,66,72,84,114,116,121] [0,9,65,80,98,110,122,125] [19,56,61,68,78,90,98,105] [3,23,24,26,49,54,61,125] [2,15,23,24,73,79,96,99] [15,23,26,28,58,66,110,118] [4,16,17,48,55,89,105,110] [16,49,59,70,72,103,120,127] [12,48,80,81,89,115,119,124] [1,4,21,55,78,83,90,120] [24,34,56,63,83,105,107,126] [3,33,49,75,82,100,106,112] [21,35,65,66,90,109,114,121] [13,32,65,80,96,98,122,125] [19,30,36,50,51,56,78,90] [3,23,24,54,63,90,109,125] [2,21,23,24,34,73,79,114] [23,33,66,82,83,91,106,118] [3,10,16,53,55,66,90,105] [7,16,17,40,72,89,103,120] [12,14,30,55,80,105,115,119] [2,9,20,35,66,82,90,103] [18,23,27,68,80,93,102,115] [6,29,36,46,65,87,100,104] [6,20,27,48,81,98,104,122] [12,22,32,45,70,80,114,123] [22,52,55,60,68,80,115,117] [36,47,66,85,86,88,120,123]
Token  20: [28,51,83,87,91,112,124,125] [16,22,29,48,67,68,74,122] [4,23,42,67,76,100,125,126] [12,24,61,70,73,92,100,101] [5,7,11,27,37,50,57,101] [10,31,74,87,93,103,110,115] [20,46,54,63,104,111,116,118] [2,33,44,69,73,82,100,106] [0,15,20,35,44,67,86,90] [0,25,32,35,66,68,80,102] [18,30,50,82,88,91,103,109] [22,42,48,53,60,69,89,115] [2,14,26,34,73,114,115,127] [10,41,57,76,82,83,91,106] [3,16,53,55,60,69,102,109] [6,16,17,32,40,72,89,126] [14,30,60,80,84,108,110,115] [37,46,64,77,82,94,103,122] [22,46,52,56,63,104,116,124] [2,32,33,44,82,94,100,106] [15,20,35,44,67,86,90,123] [32,35,65,66,68,80,102,111] [18,23,30,50,88,91,103,109] [18,20,22,42,48,53,69,96] [0,2,14,26,34,73,79,114] [2,18,41,57,82,83,91,106] [3,16,53,55,60,69,102,109] [16,17,32,40,50,79,120,126] [14,50,60,80,94,108,110,122] [4,46,82,92,94,103,120,122] [46,52,63,66,104,112,116,118] [2,33,44,56,82,94,100,106] [15,20,21,44,67,86,90,114] [32,35,47,65,68,80,82,111] [18,23,30,36,41,50,69,103] [18,22,25,48,53,69,85,115] [2,14,26,34,39,73,102,114] [10,18,41,45,76,82,91,106] [3,16,53,55,60,69,73,102] [16,17,40,51,61,72,120,126] [13,55,60,80,94,108,110,115] [15,36,46,52,64,80,103,122] [8,23,24,49,74,80,90,125] [12,19,49,80,100,104,121,125] [6,11,23,45,88,98,99,104] [17,22,26,45,46,76,112,114] [5,29,30,52,81,96,104,105] [15,21,71,74,82,111,121,127]
Token  21: [72,76,95,100,102,110,119,122] [12,62,64,70,94,100,106,122] [30,75,77,78,87,99,123,125] [10,25,61,73,82,103,105,116] [11,12,50,52,63,92,118,126] [9,17,25,33,37,59,64,103] [24,34,35,53,56,63,71,107] [18,24,45,59,62,100,106,109] [38,53,65,72,86,90,116,127] [0,17,19,32,49,80,96,111] [3,16,18,26,30,47,57,103] [3,21,28,48,52,54,59,125] [2,9,21,56,65,96,105,115] [0,26,58,78,82,91,103,106] [3,17,55,67,81,90,100,110] [8,16,40,49,59,70,101,120] [30,65,80,81,83,89,105,115] [1,18,21,33,42,55,82,83] [24,34,39,47,53,63,88,105] [18,24,49,62,100,106,109,112] [38,46,53,65,72,84,101,121] [0,9,49,80,96,110,122,125] [16,56,58,61,78,94,98,105] [3,7,23,24,54,61,96,125] [9,15,23,56,65,79,96,99] [15,26,28,58,78,81,103,104] [4,17,32,48,55,86,100,110] [16,32,49,59,70,75,120,127] [39,48,80,81,83,89,105,115] [1,18,21,55,82,83,99,120] [8,24,26,34,53,63,89,126] [9,18,59,62,75,106,109,112] [37,38,46,53,65,72,90,101] [0,10,49,80,87,96,122,125] [9,16,26,56,58,68,78,98] [3,4,21,52,64,96,121,125] [2,8,14,59,65,73,85,92] [20,61,78,82,91,103,104,112] [3,84,86,89,92,102,109,125] [25,41,48,49,51,72,75,120] [1,35,42,50,70,107,111,115] [21,34,59,82,88,99,103,118] [4,50,53,56,66,70,106,114] [2,18,61,69,80,96,98,113] [5,6,11,25,42,62,104,114] [29,48,67,76,77,88,95,107] [15,16,17,33,46,54,104,125] [23,46,48,53,65,83,109,110]
Token  22: [32,46,48,49,58,72,78,118] [2,12,22,34,62,93,107,122] [14,42,51,77,90,100,115,125] [13,15,73,84,100,101,116,125] [11,23,25,38,50,63,83,101] [31,55,74,83,105,107,110,119] [13,46,56,63,64,89,104,116] [2,33,44,48,73,82,100,106] [0,21,44,64,67,86,90,102] [0,17,32,65,66,80,102,111] [7,18,30,50,69,88,91,103] [30,48,69,85,86,89,109,115] [2,26,30,34,73,79,114,125] [2,29,66,68,82,91,106,113] [3,11,16,53,55,69,102,105] [3,16,38,40,50,72,75,99] [11,14,30,48,60,80,119,122] [1,2,35,66,90,99,103,114] [9,13,34,56,58,63,104,112] [2,33,56,73,75,82,100,106] [5,21,35,36,45,72,90,114] [0,13,32,49,65,80,111,122] [6,16,18,19,30,36,50,113] [3,20,48,60,63,69,109,115] [2,21,34,71,73,79,114,125] [2,33,66,78,82,83,106,118] [3,4,8,10,53,55,69,105] [16,26,38,40,51,61,72,79] [1,11,14,30,48,80,119,122] [2,35,66,77,78,82,90,103] [46,54,58,63,66,104,112,116] [2,33,44,56,73,82,100,106] [18,21,35,45,67,86,90,127] [5,17,65,66,68,80,98,111] [6,19,30,36,50,69,88,90] [50,54,63,69,85,90,109,115] [2,23,26,32,73,79,114,125] [2,33,66,82,83,91,106,118] [3,10,53,55,63,66,102,105] [3,7,16,17,31,40,61,72] [11,30,43,51,80,115,119,126] [2,9,20,35,66,80,90,103] [18,23,25,27,80,93,98,102] [6,29,36,46,87,91,100,104] [6,14,20,27,39,48,98,104] [20,22,32,45,70,80,114,123] [22,52,55,63,68,101,115,117] [36,47,66,71,88,112,120,123]
Token  23: [0,3,22,28,46,89,116,126] [16,29,67,76,77,78,107,122] [42,49,65,76,106,112,119,125] [13,62,70,77,92,93,100,101] [1,7,11,27,50,57,101,104] [10,30,31,48,60,71,87,117] [23,46,54,63,86,104,116,118] [32,33,48,69,73,82,100,106] [0,6,21,44,67,86,111,122] [32,35,42,57,62,80,99,109] [7,18,30,50,88,91,95,124] [1,16,48,55,69,71,73,97] [17,30,34,38,46,67,103,114] [29,82,89,91,106,109,115,120] [3,23,53,64,69,76,99,101] [7,17,20,40,75,82,89,91] [1,6,13,14,23,78,80,114] [36,61,64,66,68,77,92,124] [3,38,46,63,104,115,118,124] [27,32,33,44,69,73,82,106] [3,8,21,35,67,86,111,117] [35,40,47,49,57,62,80,81] [7,15,30,41,50,82,91,124] [1,9,18,48,54,55,68,69] [2,17,25,46,67,73,102,114] [18,45,51,62,82,106,120,127] [3,53,55,64,69,71,73,101] [7,16,17,40,82,89,120,126] [1,6,13,23,78,80,94,100] [36,46,66,68,82,92,120,122] [38,46,54,63,96,104,115,116] [32,33,45,69,73,82,100,106] [20,21,35,67,86,101,111,117] [35,40,47,49,62,80,82,99] [9,15,18,19,30,69,124,127] [1,9,18,25,54,55,68,73] [2,7,34,46,67,73,103,112] [10,29,62,63,91,106,120,127] [3,11,22,53,55,64,71,87] [31,40,46,51,72,77,106,126] [1,6,13,23,30,80,100,115] [36,46,66,80,81,84,92,93] [8,23,24,28,30,77,80,86] [36,72,74,75,87,100,104,121] [6,14,22,39,72,98,99,104] [20,22,26,32,45,76,114,123] [51,52,60,68,81,96,98,117] [15,21,26,71,74,82,121,127]
Token  24: [0,23,28,36,41,61,112,125] [7,29,67,76,88,97,103,122] [4,42,49,59,76,106,125,126] [2,92,93,100,108,113,114,115] [1,7,11,27,28,34,101,114] [0,10,30,31,48,60,71,87] [23,46,54,63,102,103,104,116] [7,33,45,69,73,82,106,113] [0,18,20,21,35,67,86,94] [35,40,49,62,80,89,99,106] [7,10,18,30,50,88,91,109] [1,16,55,60,64,69,73,115] [30,32,34,38,46,67,102,103] [51,57,62,68,89,91,106,109] [3,23,29,53,55,69,76,109] [7,40,72,75,82,89,91,119] [1,14,30,56,78,80,110,114] [24,36,46,49,64,68,77,96] [38,46,54,63,103,104,115,124] [32,33,48,69,73,82,100,106] [8,21,35,45,67,72,86,90] [35,40,49,62,71,80,81,97] [7,18,19,30,50,91,109,124] [1,9,42,54,55,60,73,97] [0,2,25,30,34,46,67,102] [18,41,57,62,82,106,109,123] [3,47,53,64,69,71,73,115] [16,17,40,72,77,89,120,126] [1,14,30,44,56,60,80,110] [36,46,64,68,81,92,103,122] [3,34,54,63,104,115,116,118] [3,33,36,50,73,82,100,106] [20,21,35,44,67,72,86,90] [35,40,49,62,80,99,106,111] [9,18,19,30,50,69,109,124] [1,25,42,54,55,60,73,115] [0,2,30,34,67,73,102,103] [10,16,29,41,57,62,91,106] [3,11,47,53,55,71,73,87] [20,31,40,46,61,72,120,126] [44,60,70,80,108,109,110,115] [36,46,49,54,64,80,103,122] [23,24,30,49,68,77,80,90] [12,49,74,75,100,104,121,125] [6,8,23,39,88,98,99,104] [5,17,22,26,32,45,76,114] [30,52,68,81,96,98,117,125] [15,21,31,74,82,111,121,127]
Token  25: [28,70,87,91,112,122,124,125] [29,30,38,76,88,96,109,122] [4,25,42,49,76,77,106,125] [2,70,73,84,92,93,100,124] [1,5,7,10,11,27,50,101] [0,10,31,48,71,87,96,123] [20,38,46,63,103,104,118,124] [33,45,46,62,69,73,82,106] [0,20,21,35,44,67,86,94] [32,35,42,49,62,67,80,106] [10,18,30,50,88,91,109,124] [1,16,42,55,64,69,73,115] [0,30,32,34,46,80,103,114] [10,29,41,57,91,106,109,123] [3,11,29,36,53,55,60,76] [7,37,40,72,82,89,91,119] [1,14,30,50,78,80,101,110] [1,36,46,61,64,68,112,114] [23,38,54,63,94,103,104,124] [32,33,45,48,73,82,100,106] [8,20,21,35,45,67,86,90] [35,40,47,49,80,81,106,111] [18,19,30,36,50,88,91,109] [1,9,20,22,42,55,60,115] [2,30,34,46,71,73,102,114] [33,41,45,57,62,82,106,109] [3,23,53,55,60,71,73,115] [2,16,17,38,40,72,82,126] [14,30,44,70,78,80,110,115] [36,46,64,68,80,81,99,122] [13,34,52,54,63,104,112,118] [3,33,45,50,73,82,100,106] [20,21,35,86,90,101,114,127] [35,40,47,49,80,99,106,111] [6,19,30,36,50,69,109,113] [1,20,42,54,55,60,73,115] [0,2,34,71,73,101,102,103] [16,29,41,57,62,82,91,106] [3,11,22,53,55,60,71,102] [2,17,20,31,40,51,61,72] [44,60,70,80,105,108,110,115] [1,36,46,49,64,80,103,122] [8,23,24,49,68,77,90,115] [12,46,75,80,100,104,121,125] [6,8,23,47,88,94,99,104] [5,17,22,32,45,76,87,114] [5,29,30,52,71,81,122,125] [15,31,44,74,82,86,111,127]
Token  26: [13,26,40,65,72,98,100,122] [18,22,50,94,100,122,124,127] [42,49,53,57,81,84,88,125] [31,71,89,93,100,116,117,124] [7,11,50,76,79,85,106,118] [2,23,31,42,59,66,119,125] [13,34,35,56,63,104,107,116] [33,48,49,50,73,82,100,106] [15,21,35,44,72,84,90,99] [0,26,32,45,80,102,110,111] [13,18,19,50,61,73,88,113] [1,26,49,61,69,90,115,122] [9,30,32,34,73,79,99,114] [6,16,26,28,32,82,91,106] [3,11,20,48,53,55,64,101] [3,7,16,17,23,40,72,85] [8,48,60,80,105,108,115,122] [1,53,72,88,99,103,122,124] [12,13,34,35,55,56,63,115] [3,8,33,48,50,75,100,106] [15,35,44,72,84,90,114,127] [0,9,65,80,106,110,111,122] [6,18,19,30,31,50,61,88] [1,9,24,26,54,61,90,122] [2,30,34,35,67,73,99,114] [6,15,26,28,33,82,91,106] [3,4,14,20,48,53,55,110] [2,16,38,40,72,79,85,87] [8,30,48,60,80,105,108,115] [1,19,53,72,80,82,99,124] [13,34,35,56,63,87,105,112] [8,33,49,56,62,82,100,106] [15,17,21,35,53,90,114,127] [0,26,49,65,80,99,110,111] [14,19,30,50,69,73,88,94] [1,26,49,54,60,79,90,120] [2,9,30,46,71,73,114,126] [6,15,28,32,33,78,79,106] [3,11,20,38,48,53,55,86] [7,16,17,40,52,61,85,89] [1,8,48,80,105,108,115,124] [1,19,53,72,80,82,93,103] [23,24,30,39,43,68,80,115] [37,46,75,77,83,88,100,104] [6,8,16,37,47,53,56,104] [2,22,27,32,45,94,95,114] [5,52,63,97,103,104,124,125] [20,44,73,74,86,92,109,124]
Token  27: [35,72,76,95,100,102,110,119] [8,12,50,70,94,106,122,127] [75,77,78,82,87,99,123,125] [10,12,29,33,63,82,103,124] [7,11,47,50,57,67,79,118] [2,22,31,33,59,83,103,119] [35,47,54,56,63,87,94,104] [8,33,40,45,62,73,82,106] [21,35,86,89,90,99,101,102] [0,8,26,45,49,80,99,111] [7,18,19,30,50,57,83,91] [5,13,21,67,79,90,96,115] [2,30,34,46,52,60,68,127] [29,32,33,47,73,79,81,106] [1,3,11,53,55,66,67,76] [3,7,36,40,52,89,91,120] [1,30,65,78,80,89,105,115] [1,18,42,53,72,80,82,90] [35,38,52,54,63,87,89,104] [8,32,33,62,73,82,100,106] [21,35,44,45,86,90,99,101] [0,7,49,76,80,96,99,111] [7,18,19,30,57,83,91,94] [1,20,31,60,69,79,90,115] [2,30,34,46,71,73,114,127] [29,32,33,47,59,81,106,118] [3,4,10,38,53,55,57,63] [23,38,40,52,75,89,91,120] [1,30,50,78,80,89,105,115] [1,18,42,68,80,82,90,100] [35,38,52,54,63,87,104,116] [8,32,33,45,62,82,100,106] [21,35,53,86,89,90,101,123] [0,7,49,56,80,81,99,111] [7,16,18,19,30,36,57,94] [1,26,30,31,60,90,96,99] [2,9,46,52,71,107,126,127] [29,32,33,81,83,93,103,106] [10,38,53,55,66,86,99,109] [7,8,40,49,52,75,89,91] [1,50,65,78,80,89,105,115] [1,18,42,72,80,82,90,121] [21,23,30,39,43,80,92,115] [32,37,46,75,77,88,97,104] [6,8,53,56,90,104,113,122] [27,32,45,92,101,102,114,123] [5,22,41,52,63,68,103,125] [20,65,73,74,86,101,109,125]
Token  28: [14,21,50,57,75,103,106,110] [6,9,15,28,61,74,122,127] [27,46,90,107,122,123,125,127] [4,33,37,72,74,82,103,116] [7,8,11,32,56,57,60,67] [18,23,31,51,59,83,105,110] [38,54,63,86,87,93,104,107] [33,40,45,62,76,82,88,106] [8,21,86,90,99,101,109,124] [0,32,49,55,56,80,81,82] [3,7,30,43,75,80,91,94] [18,30,33,48,59,90,96,109] [2,8,9,24,46,52,125,127] [29,66,71,81,91,92,106,124] [3,16,42,53,55,72,99,105] [7,31,40,68,75,89,91,120] [1,12,65,78,80,89,105,115] [1,2,18,27,49,68,80,82] [13,38,54,63,87,89,104,122] [26,32,33,45,62,73,82,106] [5,8,21,22,53,67,101,114] [0,7,49,56,80,81,82,111] [7,16,19,30,43,55,58,94] [25,30,33,59,90,96,99,109] [2,4,24,30,34,46,73,127] [29,45,61,66,78,81,92,106] [3,16,38,53,55,92,99,105] [0,8,40,68,75,89,91,120] [1,12,50,78,80,89,105,119] [1,18,27,49,68,82,99,121] [3,38,54,63,86,87,104,107] [26,32,33,45,62,73,82,106] [5,21,22,53,95,105,109,123] [0,7,32,56,80,81,82,99] [3,7,16,43,55,69,80,94] [25,30,33,48,59,96,99,109] [2,24,32,42,46,73,92,127] [29,45,61,71,81,92,93,124] [16,33,55,66,92,99,105,110] [7,8,31,40,72,75,89,91] [1,12,50,65,80,89,115,119] [2,18,35,49,66,82,100,121] [18,27,30,43,80,102,115,123] [6,29,32,46,65,75,87,104] [6,20,27,48,81,104,113,122] [12,45,58,70,101,102,114,123] [5,22,52,68,103,115,117,125] [36,38,57,74,85,86,112,120]
Token  29: [28,75,86,87,91,105,110,125] [9,16,28,48,61,63,74,90] [4,36,42,46,59,60,64,127] [4,24,36,37,70,71,73,112] [7,11,32,51,55,57,60,70] [11,18,22,31,83,89,116,123] [14,22,38,54,86,87,104,124] [7,32,33,40,44,45,82,106] [0,21,35,67,86,118,123,124] [7,32,56,80,81,82,99,124] [3,7,25,30,43,80,91,94] [18,30,31,33,48,65,73,99] [2,24,32,42,46,52,85,127] [29,51,62,71,87,92,106,124] [16,23,38,53,55,64,72,99] [8,32,40,68,75,89,91,110] [1,14,50,65,78,80,126,127] [18,27,36,68,75,81,82,100] [3,14,38,54,65,86,87,104] [7,26,32,33,44,45,69,82] [5,17,22,33,53,67,105,123] [0,7,32,56,80,81,82,124] [7,41,43,55,71,80,94,122] [18,20,30,33,59,65,73,99] [2,14,24,32,46,112,125,127] [29,45,61,71,92,93,120,124] [16,38,47,53,57,64,99,102] [8,40,68,75,77,89,91,120] [1,14,50,65,75,78,80,127] [18,27,36,68,81,82,106,121] [14,38,54,63,86,87,89,104] [26,32,33,44,45,82,93,106] [0,5,21,22,33,95,123,124] [0,32,35,52,56,80,81,82] [7,41,43,52,71,80,94,111] [18,30,33,48,65,73,99,102] [2,14,24,32,52,67,112,127] [29,41,45,62,71,92,93,124] [16,47,55,57,64,87,99,110] [8,40,55,75,77,89,90,91] [1,50,65,78,80,89,108,110] [18,46,64,75,81,82,85,100] [2,8,23,24,43,71,77,80] [12,32,56,68,80,104,121,125] [6,8,11,72,88,99,104,113] [5,17,26,45,76,86,114,127] [5,29,30,52,81,84,96,103] [10,14,44,57,74,82,114,121]
Token  30: [16,38,53,104,107,111,120,122] [13,34,63,67,74,86,107,122] [10,14,42,51,103,116,123,127] [13,25,38,76,89,101,105,112] [0,7,32,51,55,57,60,74] [11,22,55,80,83,89,107,116] [13,14,38,85,86,87,104,124] [26,32,40,45,82,87,93,110] [8,33,61,64,90,95,122,124] [1,32,56,80,81,82,94,127] [3,7,30,43,52,76,80,94] [30,33,90,96,99,101,102,107] [24,42,46,52,53,61,87,127] [29,44,51,71,75,92,93,124] [16,23,55,57,64,72,80,99] [8,40,55,56,60,75,89,91] [1,7,40,50,65,78,89,127] [18,27,53,68,82,94,106,121] [3,14,38,63,86,87,97,104] [26,32,33,45,82,87,91,93] [5,22,53,64,67,95,105,124] [0,32,56,80,81,82,94,124] [3,7,30,41,43,55,80,94] [20,30,33,90,99,101,102,107] [2,24,42,46,52,53,112,127] [29,51,61,71,92,93,106,124] [38,53,57,66,80,99,101,102] [8,40,55,68,75,89,91,117] [1,7,40,50,60,65,78,80] [6,18,27,53,68,82,100,121] [14,38,54,86,87,89,93,104] [26,32,44,45,82,87,91,106] [5,10,48,64,67,95,123,124] [56,80,81,82,94,99,124,127] [7,43,52,69,76,80,92,94] [30,33,59,86,99,101,102,107] [42,46,53,61,80,87,105,127] [29,44,71,75,77,92,93,124] [24,29,55,57,79,80,99,110] [1,8,55,56,75,89,91,106] [1,7,40,50,60,65,78,115] [18,52,53,75,85,100,103,106] [15,24,37,43,59,73,80,125] [8,32,43,49,56,75,97,104] [27,30,37,54,80,104,113,122] [46,87,92,94,101,112,114,127] [11,22,46,68,82,84,104,124] [19,27,34,52,57,71,74,90]
Token  31: [28,33,62,64,75,91,103,124] [9,28,63,74,76,86,99,123] [6,42,46,51,60,68,100,122] [1,38,48,73,76,80,100,105] [7,51,55,57,60,70,74,77] [0,48,55,93,107,110,116,123] [10,38,43,87,97,104,124,125] [1,2,5,7,32,45,82,106] [5,10,21,45,67,86,123,124] [52,56,67,76,80,81,124,127] [3,7,25,52,80,91,92,94] [33,53,73,99,100,101,102,107] [4,11,32,42,46,85,87,127] [29,62,71,87,92,95,112,124] [15,23,53,57,72,75,99,115] [8,32,40,68,75,89,91,125] [1,11,56,65,75,78,108,127] [13,18,27,49,93,100,106,112] [38,63,65,86,87,97,98,104] [2,7,20,26,32,45,82,113] [5,10,22,33,67,95,105,124] [7,52,56,71,80,81,82,124] [3,7,43,52,80,82,94,124] [25,30,33,73,99,100,102,107] [2,4,8,32,46,108,112,127] [29,62,71,92,93,95,112,124] [14,15,38,64,72,86,99,115] [8,32,40,51,75,77,89,125] [1,11,28,50,65,75,78,89] [18,27,49,81,82,100,111,112] [38,63,79,86,87,97,104,111] [2,7,26,32,45,82,93,106] [5,13,22,33,64,95,123,124] [52,56,80,81,82,94,124,127] [2,3,7,35,43,52,71,94] [25,30,33,73,96,99,102,107] [1,24,32,46,52,108,112,127] [2,29,62,71,92,95,112,124] [14,15,22,34,55,99,105,115] [8,32,51,75,77,89,91,125] [1,11,29,50,65,78,108,115] [18,49,63,65,81,82,85,100] [2,8,20,24,43,52,75,126] [2,47,56,75,80,91,99,121] [6,8,11,80,94,104,110,113] [5,22,47,83,87,92,95,114] [1,5,45,52,57,71,123,125] [23,42,44,57,74,82,114,127]
Token  32: [47,72,76,95,100,110,119,122] [12,64,70,84,94,117,122,127] [38,40,49,77,78,99,123,125] [6,31,34,68,76,94,116,124] [11,52,57,85,93,99,106,115] [31,33,42,59,66,83,93,110] [38,54,56,58,63,87,104,105] [8,32,33,45,49,73,82,106] [8,21,67,86,101,105,123,124] [0,7,49,56,80,110,111,125] [3,18,30,57,82,94,98,124] [32,49,60,61,90,96,99,107] [2,4,9,34,46,52,99,127] [15,28,47,71,92,101,106,112] [3,20,23,32,48,53,76,99] [7,8,32,40,52,68,89,91] [1,44,65,75,78,80,108,115] [1,18,27,42,68,82,104,112] [38,52,54,63,65,87,89,104] [20,26,32,45,49,73,82,106] [8,21,22,86,90,95,105,123] [7,9,49,71,80,82,99,111] [7,18,19,30,82,91,94,105] [1,24,30,54,60,61,73,99] [2,4,30,34,46,67,99,127] [15,45,47,51,62,92,106,112] [3,14,15,32,38,53,55,71] [16,32,40,58,77,89,120,126] [1,14,30,44,78,80,108,127] [1,18,36,82,99,100,118,122] [34,38,63,87,104,116,118,124] [32,33,45,59,73,82,106,123] [21,22,35,45,53,90,114,124] [0,7,49,80,82,99,111,125] [7,19,30,82,91,94,124,127] [1,30,52,54,60,73,96,99] [2,52,67,71,73,94,112,127] [29,47,62,63,78,103,106,112] [3,11,15,32,38,55,71,109] [2,31,32,40,52,75,89,126] [1,30,44,54,78,80,108,115] [18,36,63,65,80,81,82,100] [14,23,24,69,77,80,113,126] [12,46,75,80,100,104,121,122] [6,11,16,41,47,94,99,104] [2,5,22,32,45,87,95,114] [5,30,52,71,81,93,122,125] [31,44,74,82,92,109,111,127]
Token  33: [26,46,72,100,102,107,113,119] [15,18,22,35,70,94,122,127] [38,53,75,78,82,87,99,125] [6,14,31,34,79,89,101,124] [11,17,31,34,79,85,106,118] [31,33,42,66,79,83,93,103] [34,35,47,54,56,58,63,104] [8,24,33,44,82,100,106,123] [21,35,44,45,89,90,99,127] [0,7,17,49,80,108,111,117] [18,26,30,50,57,73,83,98] [5,26,53,60,90,99,104,115] [2,4,9,34,60,71,126,127] [6,32,33,47,79,91,103,106] [3,11,38,53,55,63,71,125] [16,17,40,52,61,89,93,120] [1,30,65,78,80,91,105,115] [1,18,53,59,68,72,82,99] [34,35,56,58,63,87,89,104] [8,33,59,62,82,100,106,123] [21,45,53,72,90,99,114,127] [0,7,17,49,76,80,108,111] [2,7,19,50,57,68,73,94] [1,26,30,60,79,90,99,103] [2,9,21,34,60,71,126,127] [29,32,33,47,78,79,103,106] [3,4,38,53,55,57,63,125] [2,16,38,40,52,61,75,89] [1,30,48,50,80,105,115,127] [1,18,42,53,59,80,82,124] [34,35,63,77,89,104,107,112] [8,32,33,56,62,82,106,123] [45,53,72,89,90,99,114,127] [0,2,17,49,50,80,108,111] [6,7,16,19,57,68,73,94] [3,11,26,52,60,90,99,104] [2,9,21,34,60,71,126,127] [29,32,33,47,78,91,93,103] [1,38,55,63,85,86,109,125] [2,40,41,49,52,75,83,89] [1,48,65,78,105,107,115,127] [18,33,59,72,77,82,93,121] [9,10,30,39,80,97,115,118] [2,27,31,37,75,97,101,104] [4,6,16,25,59,101,104,108] [32,33,38,69,88,95,114,120] [5,41,56,57,63,93,118,125] [7,8,20,44,73,74,92,109]
Token  34: [46,72,100,102,108,113,119,127] [12,15,35,64,70,108,122,127] [30,40,75,89,99,103,124,125] [17,33,37,63,72,74,102,110] [11,31,32,34,78,84,92,118] [12,18,31,33,37,59,83,103] [11,20,54,58,63,70,94,112] [8,9,28,30,46,58,106,123] [21,41,45,53,89,90,99,114] [0,2,7,49,57,80,82,108] [3,16,26,47,57,58,94,98] [5,18,26,30,39,59,60,90] [2,9,21,34,60,65,89,127] [26,32,33,47,78,81,103,106] [1,4,11,38,85,93,110,125] [31,40,41,47,52,61,93,120] [5,65,76,80,81,89,105,115] [18,33,58,59,77,80,82,99] [24,26,34,58,63,70,89,104] [8,18,24,56,62,100,109,123] [16,22,41,53,72,89,114,124] [0,2,47,49,50,55,80,82] [7,16,31,36,47,55,57,81] [1,5,9,30,39,59,60,103] [9,21,34,64,71,89,95,127] [29,33,47,61,63,73,78,81] [1,4,14,55,88,93,107,125] [2,16,41,52,59,61,75,93] [48,53,80,89,91,100,105,115] [1,18,80,82,86,93,99,122] [26,34,58,70,89,104,112,122] [8,30,43,56,73,106,109,123] [31,37,38,41,53,89,90,114] [0,2,31,47,49,50,78,114] [6,16,36,47,55,57,68,81] [1,3,5,21,30,39,40,52] [18,21,46,52,71,73,75,127] [33,47,78,81,91,92,103,125] [1,4,19,30,38,55,81,91] [2,16,41,48,49,52,89,93] [5,48,68,80,100,105,115,126] [10,38,59,72,82,86,109,123] [9,14,30,35,47,109,113,115] [15,25,37,41,45,90,100,104] [6,8,16,25,36,51,104,127] [1,18,32,38,40,45,52,95] [5,9,52,93,104,106,117,125] [2,39,46,48,65,101,109,125]
Token  35: [25,28,32,33,37,72,78,124] [4,28,46,73,89,105,122,124] [30,36,42,67,89,91,103,127] [14,17,47,79,88,94,100,110] [7,11,28,34,60,84,114,126] [0,12,16,18,31,84,103,127] [20,59,63,70,94,104,107,111] [7,28,30,46,73,82,106,123] [21,22,31,37,41,45,89,90] [0,2,49,55,80,85,87,93] [3,15,16,26,47,57,68,71] [5,28,39,56,65,73,88,103] [21,64,65,89,94,105,123,126] [0,33,39,45,47,78,81,122] [1,12,22,26,72,81,85,110] [8,16,41,46,52,59,93,120] [5,42,65,76,89,105,115,126] [16,18,33,54,58,75,82,99] [24,26,39,47,55,59,70,122] [8,18,28,30,56,62,109,123] [16,31,41,53,57,72,81,114] [0,2,10,31,47,49,55,122] [16,19,31,36,47,55,57,68] [1,3,25,54,56,59,65,103] [21,35,64,65,71,89,94,123] [26,33,47,60,61,78,81,110] [1,4,14,33,63,73,81,110] [2,31,41,49,52,59,93,127] [5,35,48,62,65,101,105,115] [18,54,55,75,80,82,99,122] [24,26,34,70,107,112,122,126] [30,56,62,75,92,100,109,123] [16,35,37,41,53,57,90,114] [0,2,31,47,49,50,90,122] [6,16,19,31,36,47,55,68] [1,3,25,27,52,54,56,103] [21,35,47,55,71,73,89,94] [33,47,60,63,78,88,91,103] [1,4,22,26,55,81,85,86] [2,16,31,41,49,51,75,110] [1,5,48,49,54,78,115,126] [10,18,26,54,81,82,93,109] [8,9,14,30,52,69,113,121] [15,24,25,31,75,80,84,122] [9,16,25,51,59,67,94,104] [0,2,23,29,38,52,87,95] [5,9,76,90,93,106,122,125] [18,25,44,46,48,74,118,122]
Token  36: [51,84,92,98,99,100,102,119] [12,30,38,73,84,89,97,122] [30,49,77,89,93,99,125,127] [20,79,82,84,88,94,95,110] [11,29,48,52,78,98,99,118] [12,22,31,33,42,58,77,127] [11,20,24,26,63,70,94,107] [8,30,43,58,62,82,106,123] [16,21,22,31,41,45,53,90] [0,47,49,55,56,57,80,96] [3,16,26,47,57,58,94,116] [5,11,20,30,39,56,59,65] [2,9,21,34,52,60,64,126] [29,32,33,45,47,78,81,91] [1,4,32,38,72,85,93,110] [8,31,40,41,52,87,89,93] [1,5,65,76,80,89,105,115] [18,33,58,68,77,80,82,88] [24,34,58,63,89,104,107,116] [8,33,56,62,82,100,106,123] [5,13,16,22,37,53,114,127] [0,2,17,49,55,76,80,82] [7,16,31,36,47,57,68,94] [11,20,30,39,52,60,90,103] [9,21,22,52,64,71,126,127] [29,33,47,78,81,92,103,112] [1,4,32,38,55,57,63,86] [2,32,40,41,52,61,75,89] [1,30,48,65,80,105,115,127] [1,18,55,80,82,88,99,122] [24,34,87,89,104,107,112,122] [8,32,56,59,62,82,106,123] [5,16,37,41,53,98,114,127] [0,2,49,50,55,80,82,108] [6,7,16,57,58,68,71,94] [3,20,52,56,60,99,102,103] [9,21,39,64,71,94,126,127] [29,33,47,60,63,78,81,103] [1,4,32,55,63,85,86,110] [2,31,41,49,52,75,89,117] [1,48,54,65,78,91,105,115] [11,18,72,81,82,93,100,121] [9,10,30,52,97,113,114,115] [2,27,31,58,75,101,104,122] [4,6,16,59,67,101,104,108] [2,23,32,69,87,88,95,114] [5,9,52,57,63,93,122,125] [18,20,33,44,49,86,92,109]
Token  37: [13,26,40,46,65,72,96,100] [50,61,70,94,100,122,124,127] [41,42,49,53,88,99,104,125] [2,49,79,88,101,102,123,124] [11,66,78,79,85,98,106,118] [31,33,42,59,64,104,121,127] [20,34,35,54,63,70,94,104] [33,46,58,73,77,82,106,123] [17,21,35,41,45,66,90,99] [0,17,26,49,80,85,90,108] [3,16,26,47,57,58,73,94] [11,20,26,30,39,59,60,90] [2,8,9,21,52,107,126,127] [0,29,33,47,78,80,103,106] [1,4,10,20,38,69,85,125] [40,47,52,75,83,89,93,120] [1,5,8,65,76,80,105,115] [18,19,58,59,68,72,77,82] [34,35,58,63,87,89,104,107] [8,33,56,62,82,100,106,123] [5,37,45,53,66,72,114,127] [0,17,26,49,80,98,108,111] [2,7,16,31,47,57,68,73] [11,20,26,30,59,60,90,103] [2,9,21,52,60,64,71,126] [29,33,47,78,80,91,103,106] [4,20,38,55,63,85,86,125] [2,40,49,52,61,75,89,93] [1,5,30,48,80,105,115,127] [1,18,19,55,77,80,82,124] [13,34,35,63,89,104,107,112] [8,33,56,62,82,100,106,123] [32,37,41,45,53,66,114,127] [0,17,26,49,80,98,108,111] [6,7,36,47,57,68,69,94] [3,11,26,56,59,60,90,103] [9,21,49,52,71,73,126,127] [29,32,33,47,60,78,93,103] [4,20,55,63,85,86,110,125] [2,8,49,52,75,89,91,101] [1,8,48,65,78,105,115,124] [18,19,33,42,72,82,90,93] [10,30,32,39,43,97,114,118] [2,5,27,29,75,97,101,104] [4,6,16,67,101,104,108,114] [9,32,33,69,88,98,114,120] [5,52,57,63,93,101,103,125] [18,20,33,39,49,73,74,97]
Token  38: [14,46,72,100,102,108,113,127] [8,15,50,64,70,102,108,122] [30,40,75,77,85,99,124,125] [29,33,49,63,79,88,102,110] [11,31,32,52,81,98,118,119] [12,17,18,31,33,103,123,127] [20,34,54,58,59,63,70,94] [8,24,30,45,62,106,109,123] [21,37,38,57,89,90,116,127] [0,2,10,19,49,80,96,122] [16,26,47,57,68,69,90,98] [5,24,28,54,59,60,103,125] [2,15,34,56,65,96,105,113] [0,15,23,26,28,58,81,106] [3,17,53,57,67,81,100,110] [16,40,41,49,52,59,70,120] [1,5,30,65,80,81,89,115] [18,21,33,55,78,82,83,123] [8,24,26,34,47,63,89,104] [9,18,24,30,100,106,109,112] [37,38,46,65,72,101,121,124] [0,10,38,49,80,110,122,125] [7,16,26,47,56,58,68,98] [3,7,21,23,64,96,103,125] [9,15,21,56,64,65,96,99] [0,26,58,78,81,103,104,112] [4,17,86,88,96,98,107,110] [41,49,52,59,61,75,120,127] [48,65,80,81,89,100,105,115] [1,18,21,55,72,82,93,99] [24,26,34,52,63,70,89,104] [18,30,73,75,103,106,109,123] [9,15,37,38,41,46,57,90] [10,16,23,49,57,96,104,114] [5,7,20,26,47,65,112,119] [4,21,37,39,64,66,78,121] [17,18,20,28,52,65,77,92] [20,27,47,61,78,81,85,104] [1,19,55,72,76,91,110,125] [11,16,41,49,52,75,89,117] [1,4,5,48,68,105,115,126] [38,59,61,72,86,90,109,123] [9,41,47,56,104,109,111,113] [15,25,37,83,90,97,100,104] [6,8,16,25,47,51,104,127] [18,32,38,40,45,95,104,114] [41,52,63,93,104,106,117,125] [2,39,46,48,65,83,101,125]
Token  39: [25,28,32,33,37,42,72,124] [28,46,73,89,105,122,124,126] [30,34,36,67,85,89,91,127] [14,17,47,79,94,100,101,110] [7,11,24,34,83,84,114,119] [18,31,38,84,104,110,122,127] [26,54,58,63,70,88,94,107] [7,30,58,62,73,82,106,123] [16,31,37,41,45,53,81,90] [0,2,26,49,79,80,85,90] [3,16,26,31,47,57,68,90] [1,5,39,60,65,74,88,103] [8,21,35,52,64,89,94,126] [33,39,45,47,60,78,81,103] [1,22,72,76,81,93,110,115] [2,8,40,41,47,52,93,120] [5,62,65,76,80,89,105,115] [11,18,33,37,68,80,82,99] [24,26,58,63,70,88,89,122] [8,18,28,30,62,109,112,123] [16,26,41,45,53,57,72,114] [0,2,10,47,49,50,79,122] [16,31,36,47,55,57,68,90] [1,3,30,52,54,56,65,103] [8,21,35,39,64,71,89,94] [33,45,47,63,78,81,91,103] [1,4,14,38,55,63,86,110] [2,31,40,41,49,52,89,127] [5,48,62,65,89,91,105,115] [11,18,55,80,82,88,99,122] [24,34,77,88,89,107,112,122] [8,30,33,56,62,75,106,123] [4,16,22,37,41,53,66,114] [0,2,31,47,49,50,79,85] [3,6,16,31,36,47,68,94] [1,3,27,31,52,54,56,103] [21,35,39,52,71,73,89,94] [29,33,47,63,78,88,91,103] [1,4,14,26,55,63,85,86] [2,41,49,52,75,89,110,127] [1,5,48,54,65,91,105,115] [18,26,54,68,72,81,82,93] [8,9,10,30,52,97,113,114] [5,16,31,46,58,75,101,122] [16,25,59,67,94,101,104,114] [0,2,23,29,32,38,52,95] [5,9,90,93,99,106,122,125] [18,25,44,46,48,74,92,122]
Token  40: [40,51,84,92,99,100,102,119] [12,30,38,73,84,89,97,122] [49,77,85,89,93,99,125,127] [20,79,84,88,94,95,110,123] [11,43,52,67,98,99,118,119] [18,22,31,33,42,49,77,93] [11,24,26,58,63,70,88,107] [8,24,45,58,62,82,106,123] [16,21,41,53,90,102,105,114] [0,26,49,56,79,80,85,90] [3,16,26,47,57,58,90,116] [1,20,26,30,56,59,74,103] [2,8,21,52,64,75,89,126] [26,29,33,47,73,80,81,103] [1,4,32,38,68,69,85,110] [16,31,40,41,52,89,93,120] [1,5,26,65,80,89,105,115] [18,42,68,72,77,80,82,93] [34,58,63,77,89,104,107,116] [8,33,59,62,82,100,106,123] [13,16,45,53,66,72,114,127] [0,2,49,79,80,82,91,111] [2,7,16,31,47,57,90,94] [20,26,30,31,60,90,92,103] [2,9,21,52,64,71,126,127] [29,33,47,78,81,92,103,106] [1,4,38,55,57,63,86,125] [2,38,40,49,52,61,75,89] [1,5,48,65,80,105,115,127] [1,18,27,42,55,80,82,90] [24,34,35,63,87,104,107,112] [8,32,45,56,62,82,106,123] [5,13,18,45,53,66,101,114] [0,2,33,49,80,82,108,111] [2,7,16,19,36,57,68,94] [3,20,31,52,59,90,102,103] [9,21,22,39,52,71,126,127] [29,32,33,47,78,81,93,103] [1,4,32,55,63,66,86,99] [8,31,52,75,89,91,102,117] [1,32,48,50,65,78,105,115] [18,33,42,72,90,93,112,121] [10,23,30,43,52,97,114,118] [2,5,29,58,75,97,101,104] [4,6,59,67,101,104,108,114] [9,23,32,33,69,87,88,114] [3,5,9,57,63,93,101,125] [18,20,33,39,44,49,74,97]
Token  41: [32,46,49,50,58,72,75,78] [6,15,19,28,33,49,73,122] [2,12,42,46,97,104,107,111] [2,4,13,49,74,100,103,115] [7,11,30,32,53,64,72,98] [18,20,23,31,38,83,110,119] [20,38,54,58,63,87,94,104] [33,44,46,58,73,82,106,123] [17,21,22,45,86,90,98,114] [7,17,49,79,80,82,85,111] [7,18,26,47,55,85,94,126] [14,18,20,30,59,60,90,103] [2,8,24,46,52,64,126,127] [29,45,47,61,78,92,103,106] [1,3,4,33,38,53,92,115] [0,16,32,40,75,80,89,93] [1,65,78,80,82,89,105,113] [1,18,27,39,68,80,82,93] [34,54,58,63,77,87,89,104] [24,32,33,56,62,82,106,123] [13,21,22,45,53,72,99,114] [0,7,49,79,80,82,91,111] [2,7,9,16,55,58,94,126] [20,30,31,59,60,90,99,103] [2,9,22,24,52,71,126,127] [29,33,47,61,78,92,103,106] [33,38,42,55,63,86,92,125] [0,25,40,49,75,80,89,117] [1,35,80,82,105,113,115,127] [1,18,27,39,80,82,93,121] [38,63,87,89,104,107,112,122] [26,32,33,45,56,62,82,123] [5,13,22,53,95,98,105,114] [0,2,7,33,55,80,81,82] [2,7,9,16,43,55,94,120] [3,20,30,52,59,90,99,102] [21,22,24,39,52,73,112,127] [29,33,45,52,61,92,93,124] [1,33,55,66,73,86,92,99] [0,8,25,75,80,89,91,117] [1,35,48,65,78,82,105,115] [18,39,68,72,82,93,99,121] [4,10,25,30,58,97,111,114] [2,5,18,41,75,97,101,104] [4,6,62,67,101,104,108,114] [32,33,48,69,88,92,98,114] [3,26,54,57,63,93,103,125] [17,18,39,42,53,61,80,96]
Token  42: [0,4,22,28,33,89,100,124] [23,28,34,49,62,73,74,99] [4,18,42,46,70,97,120,127] [4,24,38,74,87,100,112,114] [7,11,32,56,60,67,87,126] [2,13,20,22,89,104,107,110] [36,38,47,54,63,87,104,120] [2,7,26,32,45,48,82,106] [5,13,15,21,36,45,92,109] [0,7,14,33,56,65,80,82] [3,7,26,43,55,71,94,126] [18,20,25,30,33,59,90,107] [2,8,9,22,24,46,52,127] [29,45,59,71,81,92,119,124] [22,42,69,76,86,92,99,110] [0,8,32,40,75,87,89,95] [1,7,35,50,65,78,106,115] [1,3,18,27,49,68,82,101] [36,38,47,52,63,87,104,107] [2,7,26,32,45,62,82,95] [5,8,13,22,45,53,101,114] [0,20,33,56,80,81,82,96] [3,7,9,16,43,55,71,94] [20,25,30,33,48,59,90,99] [2,8,9,21,22,24,46,127] [29,59,61,71,81,92,119,124] [22,42,54,55,86,92,99,101] [0,8,25,75,87,89,91,119] [1,35,50,65,78,80,105,115] [3,18,27,49,68,101,106,112] [14,36,38,42,86,87,104,107] [2,20,26,32,45,82,93,95] [5,13,15,22,53,61,95,105] [0,1,14,33,52,56,81,82] [3,7,43,52,54,55,71,80] [8,20,25,30,33,59,102,107] [21,22,24,26,73,80,87,127] [29,45,71,77,81,92,119,124] [7,22,34,42,49,86,92,99] [0,8,25,72,75,89,90,95] [1,28,35,48,50,65,78,115] [3,18,49,72,80,81,93,101] [10,30,50,53,66,70,97,114] [2,5,18,27,61,75,76,101] [4,62,67,99,101,104,108,114] [32,48,69,86,88,91,98,114] [5,43,56,63,81,93,104,125] [0,18,23,33,44,49,53,74]
Token  43: [28,32,33,47,64,66,72,122] [23,30,34,41,46,62,74,124] [18,33,42,57,97,103,104,127] [15,23,25,38,64,93,100,110] [7,12,25,32,55,56,74,90] [2,13,20,22,34,82,89,107] [36,38,42,52,63,87,104,110] [2,26,45,48,50,60,82,113] [5,15,36,64,70,90,109,123] [20,45,56,65,80,81,82,127] [3,7,43,52,60,71,80,94] [8,20,25,30,33,59,67,107] [7,22,42,45,46,52,87,118] [17,29,59,71,76,77,92,124] [22,23,34,42,54,72,75,99] [7,8,55,60,68,75,89,95] [1,7,11,32,50,60,65,78] [18,27,49,68,75,93,106,112] [36,38,42,52,87,93,104,107] [7,26,32,45,60,82,93,113] [5,13,15,22,53,64,95,109] [0,1,20,33,56,80,81,82] [3,7,43,55,69,71,80,94] [8,20,25,30,33,59,83,107] [7,22,42,46,52,53,112,127] [17,29,59,71,77,91,92,124] [34,54,55,72,75,86,99,110] [8,55,60,68,75,89,91,95] [1,45,50,60,65,78,89,115] [18,27,53,68,75,82,112,121] [14,38,42,86,87,104,107,112] [5,26,32,45,60,82,91,93] [5,13,15,53,64,95,103,114] [0,1,20,22,56,81,82,127] [6,7,43,52,69,71,80,94] [8,20,25,30,33,59,86,107] [21,22,32,39,42,52,80,87] [29,33,44,59,77,92,93,124] [23,34,42,55,86,94,99,110] [8,55,68,75,89,91,95,117] [1,4,48,50,65,78,80,115] [18,49,68,72,93,101,112,121] [10,30,43,71,74,92,97,114] [2,5,27,70,75,97,101,104] [4,6,12,67,101,104,108,116] [32,33,69,88,98,114,117,120] [3,5,52,54,63,93,103,125] [18,20,28,49,53,74,96,97]
Token  44: [4,9,32,33,47,50,64,75] [9,23,28,46,58,62,124,126] [18,33,37,42,46,97,104,107] [15,23,38,74,76,100,112,116] [7,12,29,32,40,53,60,122] [2,7,13,22,49,93,107,113] [4,14,38,77,87,104,107,109] [2,7,26,32,33,45,82,124] [5,8,13,21,22,33,61,105] [0,1,33,52,55,56,81,82] [3,7,35,55,71,75,85,94] [18,20,25,30,33,59,102,107] [16,22,24,32,42,45,46,87] [2,29,45,61,71,77,92,124] [34,42,72,76,86,92,94,99] [0,8,68,75,89,90,95,117] [1,11,35,50,65,75,78,82] [1,18,27,68,93,101,106,112] [36,38,52,63,79,87,104,107] [2,20,26,32,45,56,82,110] [5,13,22,53,61,105,114,124] [0,7,49,55,56,80,82,99] [2,7,9,16,43,55,71,94] [20,25,30,33,90,99,100,103] [9,22,24,52,67,73,112,127] [29,47,61,78,91,92,103,124] [4,38,42,55,86,92,99,115] [0,2,8,32,75,89,90,117] [1,35,50,65,78,82,113,115] [18,27,68,80,82,93,99,101] [36,38,63,87,89,104,107,122] [2,24,26,32,45,56,82,93] [5,13,22,53,61,105,114,124] [0,7,33,52,55,56,82,99] [3,7,9,16,43,55,71,94] [20,25,30,33,52,59,99,102] [21,22,24,73,92,111,112,127] [29,45,52,61,77,91,92,124] [26,33,55,73,86,92,94,99] [0,8,25,51,75,89,106,117] [1,27,28,35,65,78,82,115] [11,18,54,72,93,99,101,112] [4,10,30,32,53,58,70,97] [2,24,27,41,69,75,80,101] [4,30,62,67,101,104,108,114] [32,48,69,88,98,114,116,121] [33,43,54,63,93,104,109,125] [0,6,17,23,39,53,80,96]
Token  45: [4,18,24,38,86,111,118,122] [26,49,62,92,116,123,124,126] [4,12,17,42,51,56,97,106] [2,15,24,38,50,73,100,112] [7,11,32,48,57,60,67,73] [2,13,22,75,83,89,107,116] [38,42,63,79,87,104,107,127] [2,7,20,26,32,45,82,93] [5,8,13,33,61,95,103,124] [1,20,52,56,80,81,82,127] [2,3,7,35,52,71,75,94] [18,20,25,33,98,99,102,107] [22,32,42,46,52,59,87,92] [2,29,59,71,76,77,97,124] [34,54,72,74,75,86,99,115] [8,32,68,75,89,90,91,95] [1,11,45,50,65,75,78,107] [18,27,68,93,101,106,112,125] [36,38,42,52,79,87,104,127] [2,20,26,32,45,82,93,110] [5,13,22,33,61,95,105,124] [1,20,52,56,71,80,81,82] [2,7,35,43,52,59,71,94] [18,20,25,30,33,101,102,107] [22,32,39,52,59,92,111,127] [2,29,56,71,91,92,93,124] [34,54,72,73,86,99,110,115] [2,8,55,75,89,90,91,95] [1,11,50,65,75,78,107,115] [18,27,68,93,101,106,111,112] [36,38,42,79,86,87,104,127] [2,26,32,45,56,82,93,113] [5,13,33,61,95,103,123,124] [0,1,52,56,81,82,124,127] [2,3,7,35,43,52,71,80] [20,25,33,84,99,101,102,107] [22,32,42,52,59,80,87,92] [2,29,56,62,71,77,92,124] [24,34,35,86,94,99,110,115] [8,55,72,75,89,91,95,117] [1,11,45,50,65,78,88,107] [18,49,72,81,93,100,101,111] [0,10,30,43,50,52,97,114] [2,27,56,75,76,99,101,122] [4,30,59,67,101,104,108,114] [23,32,33,69,88,114,117,120] [5,43,51,54,56,63,93,125] [18,23,44,45,49,53,58,98]
Token  46: [21,34,46,47,63,83,120,122] [22,49,53,74,96,122,124,126] [12,13,33,42,48,81,97,123] [10,15,38,50,73,94,100,110] [7,12,32,55,57,60,87,105] [2,13,51,89,105,107,116,122] [9,36,38,79,86,87,104,107] [2,20,26,31,33,45,82,93] [5,13,28,33,61,86,95,105] [1,20,52,56,80,81,124,127] [2,7,35,52,75,80,92,94] [20,25,30,33,101,102,105,109] [12,22,32,42,52,76,87,125] [2,17,29,59,66,71,77,124] [34,54,72,86,99,105,110,115] [8,55,75,89,90,91,95,121] [1,11,45,50,65,75,78,119] [2,18,27,49,101,106,111,112] [36,38,42,52,63,79,87,104] [2,20,26,32,45,60,82,93] [5,13,33,53,61,64,95,105] [1,20,22,52,56,71,81,82] [2,6,7,23,35,43,80,94] [20,30,33,52,101,102,107,109] [9,22,32,39,52,87,125,127] [29,56,71,78,81,92,93,124] [35,54,73,86,99,105,110,115] [2,8,32,55,75,89,90,91] [1,11,50,65,75,78,115,119] [2,18,27,49,68,101,106,111] [36,38,79,86,87,104,112,122] [2,5,26,32,45,56,60,82] [5,13,33,53,64,95,103,114] [0,1,20,52,56,81,82,127] [2,3,7,35,43,52,80,94] [20,33,50,52,99,102,109,117] [1,22,32,39,52,87,112,125] [2,29,33,59,71,91,92,124] [11,34,35,86,94,99,105,110] [1,8,55,72,75,89,91,95] [1,11,48,50,65,78,80,115] [18,49,72,93,100,101,107,121] [10,13,30,43,55,71,97,114] [5,29,36,75,91,97,101,104] [4,6,59,67,101,104,108,122] [12,23,32,33,69,88,101,114] [5,54,56,57,63,93,104,125] [8,18,20,53,74,86,96,97]
Token  47: [28,33,47,64,72,75,82,91] [7,28,37,49,73,74,77,124] [16,33,42,46,89,97,107,127] [15,30,38,52,76,100,108,116] [7,29,38,51,53,57,60,122] [5,11,16,18,20,55,83,116] [4,14,38,86,87,104,107,115] [5,7,26,45,73,82,93,106] [5,8,13,21,22,33,53,95] [0,33,35,56,76,80,81,82] [3,7,16,35,55,71,80,94] [18,20,25,30,33,59,102,107] [22,24,32,42,45,46,118,127] [29,45,52,61,71,91,92,124] [42,57,64,78,86,92,99,115] [0,8,68,75,77,89,91,117] [1,35,50,65,75,78,82,127] [18,27,68,93,101,107,112,121] [14,38,63,87,89,104,107,115] [5,26,32,45,56,82,106,110] [5,13,14,22,45,53,95,114] [0,7,33,56,80,81,82,106] [7,9,16,43,55,71,80,94] [20,25,30,33,59,96,102,103] [22,24,32,46,73,108,112,127] [29,45,52,61,71,78,92,124] [4,33,42,55,86,92,99,110] [0,8,25,75,77,89,91,117] [1,35,75,78,80,82,115,127] [6,18,68,93,104,106,107,121] [14,38,63,86,87,89,104,107] [5,26,32,45,56,73,82,115] [5,13,22,33,53,56,95,114] [0,33,44,56,76,80,81,82] [2,7,9,16,43,55,71,94] [18,20,25,30,33,59,99,102] [22,24,32,46,92,111,112,127] [29,45,52,61,84,92,93,124] [24,26,33,42,57,86,92,99] [0,25,75,77,89,91,110,117] [1,27,35,65,78,80,82,127] [18,54,68,72,79,93,99,121] [4,10,30,33,58,66,70,97] [2,18,58,61,75,101,111,113] [4,42,62,67,82,101,104,114] [32,48,51,67,69,88,114,117] [18,26,33,43,54,63,93,125] [17,18,23,39,53,80,96,119]
Token  48: [4,9,24,38,61,92,103,117] [23,49,73,74,76,85,124,126] [18,36,42,43,45,60,70,97] [15,18,30,42,72,73,80,100] [7,11,38,51,57,60,65,68] [0,20,39,48,55,63,74,83] [14,38,63,86,87,89,104,107] [7,26,32,45,82,93,106,113] [0,5,13,33,86,95,105,124] [35,52,56,76,80,81,82,124] [2,3,7,35,41,71,80,94] [18,20,25,33,73,83,102,107] [16,22,32,42,46,87,92,125] [29,45,56,59,71,87,92,124] [23,42,54,57,64,72,99,102] [8,55,56,68,75,77,89,91] [1,56,65,75,78,80,108,113] [6,18,24,27,82,101,106,107] [14,36,38,63,85,86,87,104] [20,26,32,45,82,93,113,121] [5,13,18,22,33,53,95,124] [0,22,56,71,80,81,82,124] [2,7,35,43,71,80,94,121] [20,25,30,33,73,102,107,117] [14,22,32,59,92,108,112,127] [29,52,56,62,71,89,92,124] [4,14,35,64,73,81,86,99] [2,8,55,75,77,89,90,91] [1,50,56,65,75,78,94,107] [6,18,27,36,68,81,100,101] [14,36,38,63,86,87,104,107] [20,26,32,33,45,60,82,93] [5,13,22,53,95,103,105,124] [0,35,52,56,80,81,82,127] [2,7,23,43,71,80,89,94] [20,25,33,73,99,101,102,117] [1,22,32,39,52,92,112,127] [29,45,59,62,71,92,112,124] [4,34,55,73,86,94,99,110] [2,8,31,72,75,77,89,95] [1,45,50,65,78,89,107,115] [18,49,72,81,82,93,100,101] [10,23,30,43,50,52,97,114] [2,5,27,75,76,82,97,101] [4,30,59,67,94,104,108,114] [23,32,33,48,69,87,88,114] [5,9,51,54,57,93,104,125] [18,23,33,42,44,49,58,87]
Token  49: [13,24,80,93,98,99,100,122] [64,70,80,84,94,100,122,127] [38,40,42,49,81,84,86,99] [6,18,30,31,34,50,79,100] [7,11,32,85,98,99,106,115] [33,42,59,61,66,83,103,125] [24,34,56,63,83,104,105,107] [33,45,49,82,100,106,112,123] [21,35,53,67,84,86,121,123] [0,7,49,67,80,110,111,125] [7,30,57,58,61,73,94,105] [24,30,32,49,59,60,61,99] [2,9,15,34,46,52,99,127] [15,28,33,47,78,92,103,106] [3,4,11,20,32,48,53,55] [16,32,40,75,85,89,91,120] [1,44,65,78,80,101,108,115] [1,18,19,33,42,68,82,99] [24,38,56,63,87,89,104,105] [32,33,45,49,82,100,106,123] [21,45,53,84,90,101,114,121] [0,7,49,79,80,91,111,125] [2,7,30,31,40,61,68,94] [11,23,24,30,49,60,61,99] [2,9,34,46,71,94,99,127] [15,28,33,47,92,103,106,112] [3,4,14,32,38,53,55,86] [2,16,32,40,61,75,89,120] [39,42,48,54,62,80,115,127] [1,50,80,82,93,100,118,122] [24,34,63,87,104,107,112,122] [33,49,62,82,100,106,112,123] [37,53,65,90,101,114,121,127] [0,2,7,16,49,80,111,125] [2,6,19,31,56,68,82,94] [1,3,23,31,52,54,60,99] [2,21,52,71,77,94,115,127] [29,47,63,78,89,91,106,112] [3,4,11,14,32,55,85,109] [2,16,31,40,52,61,75,110] [1,42,48,54,80,91,108,115] [36,46,73,80,82,93,100,103] [14,23,24,30,69,77,80,113] [12,31,75,96,100,104,121,122] [6,12,16,59,88,94,99,104] [5,17,29,45,52,87,95,114] [5,9,29,30,52,81,122,125] [14,44,74,82,92,109,111,127]
Token  50: [13,26,46,65,72,98,100,108] [18,50,70,80,94,100,122,127] [41,49,53,81,84,88,99,125] [6,31,32,34,68,71,100,124] [7,11,79,85,98,99,106,115] [33,42,59,61,64,66,103,125] [13,34,43,56,63,83,104,105] [33,45,49,50,82,100,106,112] [21,35,44,84,90,114,121,123] [0,7,9,26,49,80,110,111] [7,13,18,30,50,61,73,105] [1,24,28,32,49,60,61,122] [2,9,15,18,30,34,99,127] [6,16,26,28,47,91,106,119] [3,11,20,32,48,53,55,71] [7,16,40,60,72,85,125,126] [60,80,89,98,101,108,115,122] [1,42,46,72,75,82,99,103] [24,34,38,56,63,87,89,105] [32,33,48,49,73,82,100,106] [21,35,44,84,86,90,114,121] [0,7,9,49,80,110,111,125] [18,19,30,31,61,68,94,105] [1,23,24,49,54,60,61,99] [2,15,30,34,35,73,99,127] [15,16,26,28,33,58,91,106] [3,4,14,20,32,48,53,55] [6,16,17,38,40,60,72,85] [30,42,48,60,62,80,108,122] [1,42,46,53,80,103,118,122] [24,34,56,63,87,105,112,122] [33,49,50,73,82,100,106,112] [17,21,35,65,84,90,114,121] [0,9,49,80,99,110,111,125] [19,30,50,56,61,85,94,105] [1,23,24,49,54,61,89,99] [2,15,30,34,71,73,99,102] [10,15,16,76,78,91,106,112] [3,11,20,32,53,55,80,115] [7,16,17,40,52,60,61,120] [1,30,48,55,60,80,108,115] [19,36,42,46,52,72,80,103] [23,24,39,68,77,80,115,125] [12,19,49,77,83,100,104,120] [6,39,45,53,88,99,104,122] [5,17,22,32,45,46,112,114] [29,30,52,81,104,105,123,125] [35,52,71,73,74,95,109,111]
Token  51: [9,16,21,51,53,97,104,120] [6,20,34,58,74,86,107,122] [14,72,87,92,107,116,125,127] [13,23,25,29,37,76,89,114] [0,7,11,23,25,74,85,118] [31,80,97,103,107,110,114,125] [13,47,54,56,63,96,104,112] [33,50,60,73,82,87,100,106] [21,35,44,45,55,64,113,123] [0,5,26,45,80,94,102,111] [14,18,19,30,50,69,83,113] [1,60,67,69,86,89,115,120] [2,9,30,34,53,71,73,115] [13,16,21,43,44,75,91,106] [3,11,53,55,63,79,80,115] [7,16,17,38,40,50,60,127] [7,15,40,42,48,60,80,122] [1,15,52,53,99,103,122,124] [13,34,41,56,58,63,89,104] [33,50,56,75,82,87,100,106] [5,35,44,64,72,90,114,116] [0,2,65,80,94,96,111,122] [14,18,19,30,50,68,69,113] [1,3,20,54,60,86,89,120] [2,20,21,30,34,53,71,73] [13,16,26,33,44,78,91,106] [3,4,11,53,55,63,80,109] [2,6,16,17,38,40,60,82] [14,30,40,48,60,80,91,122] [9,15,52,53,80,103,112,124] [13,34,54,58,63,104,112,127] [33,50,56,73,82,87,100,106] [5,17,21,45,61,64,90,114] [5,26,49,80,94,96,99,111] [6,14,19,30,50,69,85,91] [1,20,60,65,86,89,115,120] [2,30,34,53,71,73,95,102] [10,13,16,21,29,44,75,106] [3,11,38,53,55,79,80,115] [7,16,17,40,60,61,82,120] [1,7,15,30,40,60,80,115] [9,15,52,53,80,90,103,106] [23,24,37,59,68,73,80,125] [8,43,49,56,81,100,104,120] [6,37,39,45,54,80,98,104] [22,32,37,45,46,63,112,114] [39,52,80,82,97,105,124,125] [27,32,34,35,52,71,90,95]
Token  52: [0,3,28,33,62,64,124,126] [11,73,74,76,78,81,86,122] [4,12,33,42,52,72,119,125] [1,11,20,25,73,76,100,105] [7,8,11,26,39,74,112,118] [31,49,60,74,80,83,97,123] [20,47,54,55,63,94,104,111] [32,33,48,69,73,82,87,106] [8,21,24,27,35,37,44,67] [37,43,49,68,80,94,96,111] [7,10,14,18,30,50,120,124] [22,53,54,60,68,69,86,115] [2,30,46,53,67,71,77,95] [20,24,29,44,68,91,95,106] [3,9,11,53,55,62,69,115] [3,7,40,50,82,119,120,121] [1,30,77,80,82,111,122,123] [1,30,36,53,84,112,114,122] [23,54,63,94,103,104,124,127] [32,33,45,73,82,87,100,106] [8,17,21,24,37,61,72,90] [35,40,49,71,80,94,99,111] [7,30,50,77,85,95,120,124] [1,9,20,43,60,68,115,120] [2,22,34,46,53,71,95,126] [13,24,29,33,44,63,95,106] [3,38,53,55,62,73,109,115] [2,16,38,40,75,82,120,121] [1,30,48,78,80,111,122,123] [9,53,78,82,84,112,122,124] [54,63,94,104,112,116,118,127] [32,33,47,56,73,82,87,106] [17,21,24,27,37,45,61,90] [0,26,47,49,80,94,99,111] [6,19,30,36,50,69,85,120] [3,9,25,31,60,68,86,120] [2,39,46,53,71,73,95,126] [13,24,29,44,68,91,95,106] [3,11,22,38,53,55,62,115] [7,16,17,31,40,82,87,121] [1,28,29,77,80,111,115,123] [9,49,65,80,84,93,103,122] [8,14,20,23,24,28,68,75] [2,8,80,83,100,104,120,121] [6,13,80,104,107,110,114,122] [5,32,45,47,83,86,87,114] [10,45,52,74,96,97,104,125] [11,31,54,71,74,83,90,127]
Token  53: [0,9,53,61,69,81,93,120] [30,45,53,62,74,83,92,122] [42,52,81,103,116,117,120,125] [1,11,26,73,76,99,100,101] [0,11,39,83,91,111,113,118] [20,31,53,75,80,83,97,111] [23,47,54,63,77,94,104,127] [32,33,48,69,72,73,82,106] [18,21,27,28,37,44,61,99] [26,43,45,48,49,80,99,111] [7,14,18,30,50,83,85,116] [13,54,58,60,86,90,115,120] [2,18,46,69,71,95,115,120] [13,24,29,32,44,55,106,121] [3,11,19,28,53,55,76,115] [3,4,7,40,50,75,112,121] [1,20,30,75,78,80,105,121] [1,14,27,45,53,97,112,114] [23,54,63,87,89,94,104,127] [32,33,48,72,73,82,100,106] [17,21,44,45,61,86,90,99] [43,48,71,76,80,97,99,111] [7,14,18,19,30,50,85,91] [13,20,43,58,60,90,115,120] [2,30,34,46,69,71,120,126] [29,33,44,55,79,106,107,121] [3,28,38,53,55,57,63,115] [3,17,38,40,75,82,89,121] [1,14,30,75,78,80,105,121] [1,9,45,82,90,97,112,124] [23,38,54,63,87,89,104,127] [5,32,33,56,73,82,100,106] [17,21,35,61,86,90,99,123] [0,43,48,71,76,80,99,111] [14,19,30,69,83,85,91,94] [1,13,58,60,90,102,115,120] [2,27,30,46,69,71,120,126] [29,32,33,55,79,93,106,121] [3,28,38,55,63,66,84,115] [3,7,16,34,40,49,89,121] [1,20,30,48,80,105,115,121] [1,9,14,45,82,90,97,112] [14,21,23,65,80,92,101,115] [4,5,37,41,46,83,104,120] [6,19,54,69,71,104,107,108] [2,22,27,32,37,45,77,114] [52,55,60,63,93,97,101,125] [6,20,34,58,73,85,86,117]
Token  54: [6,14,28,64,75,87,91,110] [9,22,28,60,63,74,90,122] [4,42,46,60,64,74,83,104] [24,68,73,74,79,100,106,123] [5,7,11,51,60,70,87,113] [20,31,55,63,75,83,115,122] [4,14,23,54,63,89,104,127] [5,33,44,58,73,82,100,106] [4,21,35,37,61,86,90,100] [7,17,24,25,35,71,76,80] [18,30,40,50,82,85,91,103] [18,48,50,59,60,90,97,100] [2,14,32,34,46,71,115,126] [10,68,87,91,102,103,106,113] [3,11,15,38,53,55,57,115] [3,16,32,38,40,50,87,121] [1,13,51,75,80,94,115,127] [1,2,9,35,66,82,99,112] [13,58,63,87,89,104,122,127] [5,32,33,73,82,100,106,123] [4,5,17,37,53,61,72,114] [0,7,17,35,47,71,76,80] [2,7,16,36,40,41,50,85] [20,25,30,50,60,79,94,100] [2,9,32,34,46,71,95,115] [33,47,78,87,91,102,106,127] [3,4,15,38,55,57,73,115] [2,6,16,32,40,61,87,121] [13,24,30,75,80,94,115,127] [9,35,66,82,92,112,122,124] [13,34,54,63,89,104,112,127] [2,5,32,33,73,82,100,106] [4,17,21,37,61,86,90,114] [0,7,17,66,71,76,80,111] [6,23,33,36,69,85,91,94] [18,30,50,60,62,99,100,115] [2,14,27,46,71,73,103,115] [33,87,91,102,106,112,120,127] [3,11,15,38,55,57,64,115] [3,16,32,40,77,89,121,125] [1,13,30,51,75,80,115,127] [2,6,9,35,66,90,92,112] [14,16,18,23,80,86,98,115] [5,16,36,46,56,68,104,120] [6,11,39,44,48,56,69,104] [12,20,22,32,37,45,114,123] [51,52,55,60,63,98,115,125] [10,15,21,26,82,85,86,120]
Token  55: [0,28,64,87,91,105,122,124] [2,13,22,52,67,68,74,122] [4,41,42,56,64,72,76,125] [37,50,70,73,79,100,101,124] [7,11,26,27,53,70,110,113] [10,20,31,55,63,75,83,115] [23,54,63,94,103,104,124,127] [2,32,33,40,73,82,100,106] [17,18,20,21,37,61,86,90] [25,35,66,67,71,76,80,106] [7,13,18,30,50,85,91,126] [21,31,55,60,90,97,99,105] [2,18,34,46,71,77,103,115] [2,10,29,41,47,87,91,106] [3,11,38,53,55,57,102,115] [3,16,38,40,89,119,121,125] [1,11,48,80,94,105,110,115] [1,9,64,80,82,93,112,122] [13,34,63,87,89,94,104,127] [32,33,56,73,82,100,106,123] [17,21,37,61,72,86,90,114] [0,5,35,66,71,76,80,111] [6,19,30,36,40,50,85,91] [16,20,28,31,55,60,90,94] [2,32,34,46,71,95,115,126] [29,33,41,57,59,91,93,106] [3,22,38,53,55,73,102,115] [2,16,38,40,51,89,119,121] [30,48,75,78,80,105,110,115] [1,9,64,80,82,112,122,124] [23,54,63,87,104,112,124,127] [2,32,33,73,82,88,100,106] [17,20,21,35,61,86,90,114] [0,35,41,71,80,99,106,111] [6,19,36,69,85,91,94,109] [25,28,31,42,55,60,90,94] [2,14,27,46,71,73,103,126] [32,33,41,57,83,91,93,106] [3,22,38,55,63,66,102,115] [16,40,51,54,75,89,121,125] [1,30,48,75,80,105,110,115] [1,9,36,64,81,82,93,112] [8,14,21,23,30,49,86,115] [5,37,46,56,83,100,104,120] [6,11,19,23,56,104,107,108] [2,27,32,37,45,77,92,114] [52,57,63,93,97,101,104,125] [6,18,20,58,73,85,86,105]
Token  56: [6,32,49,50,72,75,78,122] [2,9,28,49,62,73,122,126] [2,12,42,46,97,104,107,127] [37,68,72,74,100,103,124,126] [7,8,11,46,53,60,65,113] [20,31,55,75,83,84,104,110] [63,77,87,89,104,107,124,127] [24,32,33,40,45,73,82,106] [17,21,61,86,90,98,99,123] [0,7,17,71,76,80,82,111] [7,13,18,55,82,85,94,126] [18,30,48,59,60,90,97,99] [2,4,8,30,34,46,73,127] [2,29,61,63,73,87,92,106] [3,14,33,38,42,53,55,115] [0,3,32,40,75,80,89,119] [1,11,46,75,80,82,105,115] [1,18,39,80,82,93,112,122] [13,58,63,87,89,104,122,127] [24,32,33,56,73,82,100,106] [17,22,35,53,61,90,98,114] [0,7,71,76,80,82,99,111] [7,16,19,55,85,91,94,126] [1,20,30,54,59,60,90,99] [2,22,30,34,46,71,73,127] [2,29,47,61,91,92,93,106] [3,14,33,38,53,55,92,115] [0,16,40,75,80,89,117,121] [1,30,35,48,75,80,82,105] [1,18,39,73,80,82,93,112] [54,63,87,94,104,116,122,127] [2,32,33,56,73,82,100,106] [17,21,22,53,61,90,98,114] [0,7,17,71,80,82,99,111] [7,9,16,19,55,85,94,126] [1,30,48,59,60,65,90,99] [2,8,24,27,46,67,73,127] [29,45,61,87,92,93,103,106] [14,33,38,53,55,66,92,115] [0,16,25,40,75,80,89,117] [1,30,39,65,80,82,105,115] [1,18,34,39,73,82,93,99] [4,14,17,30,58,92,111,115] [5,18,41,46,82,83,98,104] [6,9,11,19,62,104,107,108] [2,32,33,45,67,77,92,114] [1,26,35,43,54,63,93,125] [0,6,17,39,42,53,80,96]
Token  57: [4,9,22,33,47,81,89,117] [9,22,28,49,77,92,124,126] [12,17,33,42,81,97,104,127] [18,24,68,74,97,100,117,126] [7,11,34,55,60,112,122,124] [18,20,23,31,83,93,104,110] [22,54,63,77,87,104,124,127] [7,32,33,44,47,61,63,82] [5,8,17,21,37,86,92,123] [6,7,17,35,71,76,80,82] [7,12,55,71,82,85,94,126] [18,25,65,73,90,97,99,100] [2,4,8,46,47,92,111,127] [20,29,87,92,93,97,106,112] [14,15,38,42,53,76,92,115] [0,32,40,75,89,117,119,125] [1,30,39,46,75,78,79,80] [1,18,27,49,75,82,93,112] [38,54,63,87,89,94,104,127] [7,32,33,73,82,88,100,106] [5,13,17,21,22,53,90,92] [0,7,17,71,76,80,82,99] [7,55,71,82,85,91,94,126] [18,25,30,59,60,65,90,99] [2,8,22,46,47,92,112,127] [29,61,92,93,97,106,112,120] [3,14,15,38,53,57,92,115] [0,32,40,75,89,110,117,125] [1,28,30,39,75,78,80,105] [1,18,73,75,81,82,93,118] [38,54,63,87,104,107,111,127] [7,32,33,45,73,82,100,106] [13,17,21,22,53,92,113,123] [0,7,17,80,82,99,111,115] [7,12,43,55,66,71,94,126] [25,30,31,48,59,65,90,99] [8,46,47,67,92,111,112,127] [20,29,45,87,92,93,97,112] [14,22,24,33,55,66,92,115] [32,40,75,80,89,110,117,125] [1,27,28,30,39,62,80,105] [1,18,49,73,75,81,82,93] [14,17,30,50,58,69,70,114] [24,37,56,75,82,83,99,104] [6,9,11,19,96,104,107,108] [2,6,27,45,77,92,107,114] [14,18,33,51,52,63,119,125] [18,20,23,44,53,58,82,86]
Token  58: [28,32,33,47,50,64,75,122] [22,30,49,73,77,92,122,124] [12,33,42,60,81,97,107,127] [34,68,71,74,91,100,111,117] [7,11,43,46,53,60,102,124] [20,31,53,55,75,83,104,110] [4,46,63,77,87,104,107,127] [7,32,33,45,52,56,82,106] [5,13,17,22,53,61,86,92] [0,7,14,17,39,76,80,82] [7,12,48,55,71,85,94,126] [25,48,59,60,90,99,117,121] [2,8,24,46,77,92,111,127] [20,29,52,61,84,87,92,93] [14,24,26,38,42,49,92,115] [0,32,40,75,89,117,119,125] [1,27,35,39,80,82,91,97] [1,18,25,34,73,80,82,93] [63,65,77,87,89,104,107,127] [7,32,33,45,56,82,100,106] [5,13,17,22,53,69,92,114] [0,7,8,14,39,80,82,99] [7,9,12,55,71,85,94,126] [25,30,31,48,59,60,90,99] [2,8,22,46,92,111,112,127] [29,52,61,84,87,92,93,120] [14,24,26,33,38,49,92,115] [0,25,32,40,75,89,117,125] [1,27,30,35,80,82,91,113] [1,18,25,68,73,82,89,93] [38,54,63,77,87,104,107,127] [7,32,33,45,52,56,82,106] [5,13,17,22,53,92,113,124] [7,8,14,39,44,67,80,82] [7,9,12,48,55,71,94,126] [6,25,48,59,65,99,102,117] [24,28,47,77,91,92,111,127] [1,29,52,61,84,92,93,97] [1,12,14,24,26,33,49,92] [0,25,51,75,89,110,117,125] [1,27,39,81,82,91,97,105] [1,18,21,34,73,81,93,99] [4,17,50,58,66,69,70,116] [5,24,46,75,83,98,99,111] [4,6,9,19,42,62,103,104] [29,32,45,51,67,77,88,114] [51,54,63,90,92,93,104,125] [6,18,23,53,80,93,96,119]
Token  59: [4,9,12,29,38,40,70,117] [13,20,22,24,40,49,85,116] [17,33,42,57,60,74,97,103] [1,15,42,71,93,100,109,117] [7,9,29,40,101,118,122,124] [16,20,30,31,49,62,78,113] [46,55,63,77,87,104,107,115] [7,26,33,52,61,73,82,106] [5,8,13,17,22,53,92,122] [7,17,33,39,76,80,82,113] [7,12,48,55,71,82,94,126] [25,36,48,68,75,99,107,121] [2,8,16,22,46,91,92,127] [1,20,29,52,61,71,92,93] [14,22,24,42,49,86,92,115] [0,32,51,75,89,106,110,125] [1,27,35,39,80,82,91,97] [1,54,68,73,75,82,93,118] [38,63,65,77,87,98,104,107] [7,26,32,52,56,82,106,113] [5,13,17,22,30,53,92,123] [0,7,17,33,39,76,80,82] [7,9,12,43,55,71,94,126] [25,36,48,59,60,75,99,107] [8,22,27,37,46,92,112,127] [1,20,29,52,61,92,93,112] [14,15,24,26,38,86,92,115] [0,25,32,51,75,89,106,125] [1,27,28,35,42,80,82,97] [18,25,54,73,75,81,82,93] [54,63,65,77,87,104,107,108] [7,32,33,52,56,61,82,106] [5,13,17,22,53,69,92,123] [0,6,7,33,39,80,82,92] [7,9,12,48,55,71,94,126] [25,31,36,48,75,99,107,121] [8,37,47,91,92,111,112,127] [1,20,29,52,87,92,93,112] [14,15,22,24,26,74,92,114] [0,25,51,75,89,106,110,125] [1,27,28,35,62,82,97,107] [18,25,34,54,73,75,82,93] [4,14,17,33,69,70,86,111] [18,24,61,69,75,83,99,106] [4,6,9,11,42,62,104,114] [32,48,69,77,88,114,117,124] [26,33,51,54,63,90,104,125] [0,17,18,23,53,58,80,96]
Token  60: [9,18,24,38,48,66,103,122] [20,24,41,49,67,85,116,124] [12,17,33,42,43,81,97,103] [1,15,80,91,93,94,100,117] [7,9,46,60,67,119,122,124] [20,31,53,55,83,104,110,113] [4,22,54,63,87,93,104,127] [7,12,21,32,33,52,82,106] [5,13,17,21,32,92,100,123] [7,17,35,44,71,76,80,82] [7,48,55,71,82,85,94,126] [25,36,60,68,73,99,100,121] [2,4,8,46,47,91,92,127] [20,29,62,92,93,97,106,112] [3,14,22,38,42,74,92,115] [0,32,40,75,89,117,119,121] [1,11,27,35,39,75,80,108] [1,18,27,36,73,82,93,112] [23,54,63,87,104,107,111,127] [7,32,33,56,73,82,100,106] [5,17,21,35,53,61,90,92] [0,7,35,71,80,82,99,111] [7,19,30,71,85,91,94,126] [1,25,31,43,54,60,73,99] [2,22,34,46,67,92,112,127] [2,29,47,61,62,92,106,112] [3,14,15,38,53,55,71,115] [0,25,32,40,75,89,121,126] [1,11,35,44,54,62,80,108] [0,36,73,80,82,93,112,122] [54,63,87,104,111,118,122,127] [2,32,33,61,73,82,100,106] [17,21,22,35,53,61,90,114] [0,7,41,71,80,99,106,111] [19,55,71,82,85,94,124,126] [1,25,54,60,73,94,99,100] [2,38,46,47,92,94,112,127] [29,62,63,92,106,109,112,123] [3,11,14,15,18,38,55,115] [2,25,32,40,75,107,110,117] [1,28,54,75,77,80,108,115] [0,49,63,65,73,82,93,100] [17,20,23,24,30,50,69,126] [47,56,75,83,100,104,120,121] [6,9,11,62,80,104,110,114] [5,22,32,48,77,87,88,114] [1,5,10,52,63,71,123,125] [23,31,42,44,74,82,92,127]
Token  61: [24,43,47,65,73,98,100,122] [18,22,38,49,94,100,122,127] [38,40,57,82,84,88,99,123] [6,31,34,68,71,89,100,124] [7,11,52,76,81,85,106,115] [59,61,64,66,75,97,103,125] [8,34,56,63,83,105,107,127] [33,49,73,75,100,106,109,112] [35,44,61,65,72,84,121,127] [0,2,9,71,80,110,111,122] [18,30,50,61,78,85,90,105] [1,24,28,49,54,60,61,125] [2,15,30,34,56,65,79,99] [6,15,23,26,28,33,58,106] [3,4,11,17,20,48,81,115] [16,17,40,70,85,101,121,127] [8,39,48,73,80,115,122,124] [1,19,33,42,69,99,103,105] [34,56,58,63,83,105,112,127] [33,49,59,73,75,100,106,112] [17,65,72,84,90,114,116,121] [0,9,71,80,110,111,122,125] [19,31,50,56,61,68,85,105] [1,3,23,24,49,54,60,61] [2,15,21,30,34,73,96,99] [6,15,26,28,33,58,78,106] [3,4,14,17,20,48,100,115] [2,16,38,40,70,85,101,127] [8,39,48,73,80,81,91,124] [1,19,21,42,80,103,105,124] [24,34,56,63,83,105,107,112] [3,33,49,73,75,100,106,112] [17,21,35,65,84,90,114,121] [0,9,49,80,110,111,122,125] [19,30,50,56,61,68,78,105] [1,23,24,49,54,60,61,125] [2,15,21,34,71,96,99,102] [6,15,23,28,33,58,78,106] [3,17,20,48,55,86,90,100] [10,40,61,70,85,101,103,127] [8,39,48,73,80,81,115,124] [1,19,21,42,48,69,80,103] [23,24,31,64,80,113,114,115] [31,37,46,77,83,88,104,120] [0,6,8,53,73,90,104,107] [2,22,27,32,87,94,101,114] [5,11,34,52,60,97,98,118] [20,57,73,74,85,86,105,109]
Token  62: [14,21,50,57,74,103,106,110] [3,6,9,28,62,74,95,122] [12,41,84,90,100,115,122,125] [4,5,12,23,39,71,87,115] [7,11,23,50,56,58,67,83] [18,31,47,51,68,103,105,110] [26,56,58,63,83,104,116,126] [33,48,73,75,82,100,106,109] [21,35,36,44,72,90,109,127] [0,2,9,32,65,80,98,122] [26,29,30,50,68,69,78,90] [3,48,54,60,63,69,109,125] [2,15,23,24,34,56,65,79] [23,26,28,33,66,82,91,118] [3,4,16,48,53,105,109,110] [16,23,40,70,72,85,101,103] [12,55,80,81,89,115,119,124] [1,2,18,19,55,90,99,103] [24,34,56,63,83,105,122,126] [3,24,33,49,59,75,100,112] [9,65,66,72,84,114,116,121] [0,9,13,49,98,110,122,125] [19,56,61,68,78,90,98,105] [3,23,24,26,49,54,61,125] [15,21,23,24,73,79,96,99] [15,26,28,58,66,78,110,118] [3,4,16,48,53,89,105,110] [2,16,40,70,72,103,120,127] [12,48,55,80,81,89,119,124] [1,2,4,35,78,90,99,103] [34,56,63,83,104,107,112,126] [33,49,73,75,82,100,106,112] [21,35,36,65,66,90,109,114] [0,32,49,65,80,99,104,111] [16,19,30,50,69,86,113,123] [59,60,63,69,85,89,109,115] [2,21,24,34,42,73,102,114] [10,23,33,66,68,82,106,118] [3,8,11,16,53,55,90,105] [4,7,16,17,40,72,103,120] [12,30,43,55,80,105,115,119] [2,9,20,35,66,90,103,112] [18,23,27,80,93,102,115,123] [6,29,36,46,65,87,100,104] [6,20,27,48,81,98,104,122] [22,32,37,45,58,70,114,123] [22,52,55,60,68,80,101,115] [36,47,66,71,85,88,120,123]
Token  63: [9,28,33,64,82,91,118,125] [16,45,48,57,62,67,68,122] [4,42,59,64,76,100,115,125] [30,40,70,79,92,100,101,112] [5,7,11,27,50,58,67,70] [10,18,31,83,87,103,115,117] [20,54,63,66,89,94,104,118] [32,33,40,48,69,73,82,106] [0,15,20,21,37,44,90,111] [0,32,35,49,65,80,96,109] [7,10,30,34,50,70,88,95] [16,48,60,64,69,89,97,115] [2,18,34,42,54,71,95,114] [29,57,68,82,91,106,109,123] [3,11,16,53,55,57,60,115] [16,20,31,40,72,91,119,120] [1,30,60,75,77,80,110,115] [1,4,27,46,64,103,114,118] [34,38,54,63,89,93,104,124] [31,32,33,48,73,82,100,106] [20,21,37,44,45,72,90,101] [32,35,40,49,71,80,102,111] [6,7,30,50,91,95,109,124] [9,25,42,55,60,64,97,115] [0,2,34,67,71,95,102,114] [18,29,33,41,57,82,98,106] [3,16,47,53,55,60,73,115] [7,16,40,54,72,77,119,120] [1,30,56,60,80,83,94,110] [4,36,46,64,68,78,103,122] [34,54,63,89,94,104,112,118] [31,33,36,45,73,82,100,106] [17,20,21,37,45,72,90,114] [0,32,35,40,47,49,80,111] [6,10,23,30,50,69,70,127] [1,9,25,42,60,64,85,115] [0,2,39,71,73,95,103,114] [16,36,41,57,62,68,82,106] [3,11,16,47,53,55,60,71] [16,20,31,40,54,72,120,125] [44,55,60,80,108,109,110,115] [15,36,46,64,80,103,118,122] [14,24,25,49,68,77,90,125] [12,19,49,74,82,104,121,125] [6,11,13,45,88,94,99,104] [5,17,22,26,46,58,112,114] [29,30,39,52,80,96,104,105] [15,31,35,71,74,95,111,127]
Token  64: [13,16,51,53,97,104,111,120] [3,20,34,62,86,104,107,122] [12,14,72,81,87,100,116,125] [1,13,18,25,76,87,89,111] [0,11,23,25,74,83,89,118] [31,47,80,97,103,107,114,119] [13,56,63,66,94,104,111,116] [33,36,50,60,73,87,100,106] [15,21,37,44,45,64,72,90] [0,23,32,45,49,80,94,96] [14,18,30,50,69,83,108,113] [8,48,60,67,69,86,115,120] [2,18,21,34,53,71,95,126] [21,36,44,68,91,98,103,106] [3,11,53,55,63,80,109,115] [16,17,38,40,50,60,84,120] [1,7,26,40,60,80,105,122] [1,37,52,53,78,99,103,122] [9,13,41,56,58,63,89,104] [31,33,50,82,87,100,106,123] [5,37,44,64,72,90,99,114] [0,65,71,80,94,96,99,111] [6,14,19,30,50,60,85,113] [1,8,20,60,63,86,115,120] [2,52,53,67,71,73,95,126] [26,33,44,73,75,78,98,106] [3,4,53,55,63,80,110,115] [2,16,17,38,40,58,120,121] [7,24,30,40,46,48,60,80] [1,9,53,78,80,103,112,124] [56,58,63,64,89,104,112,127] [31,32,33,73,82,87,100,106] [17,21,44,45,61,64,90,99] [0,21,49,71,80,94,99,111] [6,14,19,30,50,69,85,113] [1,43,54,60,86,89,115,120] [2,42,53,71,73,95,102,126] [10,21,29,36,44,68,75,106] [3,11,34,53,55,79,80,115] [7,16,17,40,48,60,82,120] [1,7,15,40,60,80,83,115] [9,15,52,53,80,103,106,117] [14,23,24,37,59,73,80,125] [43,49,52,81,100,104,112,120] [6,37,44,45,54,80,104,121] [22,32,37,45,46,63,112,114] [39,52,63,80,82,104,105,124] [27,32,34,35,52,71,90,95]
Token  65: [3,28,29,62,69,111,125,126] [3,11,22,45,67,78,86,122] [23,42,44,64,87,119,121,125] [1,11,25,51,73,76,111,119] [0,1,7,11,39,74,110,118] [31,60,70,80,83,97,103,111] [20,34,54,55,63,64,89,104] [31,33,36,73,82,87,100,106] [21,24,27,37,44,45,64,99] [0,23,49,80,89,94,96,99] [7,14,18,30,36,50,77,120] [4,15,43,60,68,86,115,120] [2,18,27,34,53,71,77,95] [20,24,29,44,68,75,95,106] [2,3,11,38,53,55,62,115] [3,16,20,38,40,50,117,120] [1,30,40,46,80,111,115,123] [1,9,37,53,78,103,112,114] [9,54,63,64,89,104,124,127] [31,32,33,73,82,87,106,123] [17,21,24,37,45,69,72,99] [0,15,43,49,71,80,94,111] [6,7,14,30,50,51,85,120] [1,9,20,60,68,86,97,120] [2,39,53,67,71,77,95,102] [24,29,33,44,63,91,95,106] [3,14,38,53,55,62,115,125] [2,16,40,50,54,75,87,120] [1,29,30,42,48,80,111,123] [9,53,68,80,84,120,122,124] [54,58,63,64,104,112,118,127] [31,32,33,73,82,87,100,106] [17,21,24,27,61,69,90,99] [6,21,47,71,80,94,99,111] [6,14,30,50,69,85,120,127] [1,9,43,54,60,68,86,120] [2,46,53,71,73,77,95,126] [24,29,44,68,75,91,95,106] [3,11,38,53,55,62,111,115] [16,17,20,40,50,54,120,121] [29,30,75,77,80,111,115,123] [9,53,63,65,77,80,84,103] [14,20,23,24,28,75,80,115] [2,8,16,83,100,104,120,121] [6,13,54,80,104,107,108,110] [5,22,32,37,47,63,83,114] [10,45,52,76,96,97,104,125] [11,31,54,71,74,82,90,127]
Token  66: [9,43,53,61,69,81,93,111] [45,53,62,67,74,83,86,122] [10,42,64,103,116,117,123,125] [1,10,26,51,61,76,101,124] [0,7,11,83,91,111,113,118] [31,75,80,83,97,103,111,119] [20,41,47,54,63,66,104,127] [31,33,36,72,73,82,100,106] [17,21,27,37,44,61,69,99] [0,6,45,48,49,80,84,99] [7,14,18,30,50,83,85,113] [13,58,60,69,86,90,115,120] [2,18,34,53,60,69,95,126] [24,25,29,44,55,93,106,121] [3,11,19,28,38,53,55,115] [3,16,40,50,75,98,120,121] [1,20,30,75,80,83,105,121] [1,9,14,27,45,97,112,114] [23,54,63,64,89,104,124,127] [31,32,33,72,73,82,100,106] [17,21,37,44,61,69,86,99] [48,49,71,80,96,99,102,111] [7,14,19,30,50,85,91,116] [13,58,60,86,90,102,115,120] [2,27,60,69,71,95,102,126] [29,32,33,44,55,106,107,121] [3,28,38,53,55,57,63,115] [3,16,38,40,75,89,120,121] [1,30,48,75,78,80,105,121] [1,9,45,73,82,112,114,120] [23,54,63,64,87,89,104,127] [31,32,33,45,73,82,100,106] [17,21,37,45,61,86,90,99] [0,6,49,71,76,80,99,111] [7,14,19,30,69,85,91,94] [13,43,58,60,90,102,115,120] [2,8,27,46,60,69,71,126] [29,32,33,68,79,93,106,121] [3,28,38,55,63,66,84,115] [16,34,40,50,89,100,117,121] [1,20,30,48,80,105,115,121] [1,9,14,45,82,93,97,112] [14,21,23,30,65,80,101,115] [4,5,37,41,46,83,104,120] [6,19,54,56,71,104,107,108] [2,22,27,32,37,45,77,114] [52,60,63,97,101,103,125,127] [6,20,34,58,73,85,86,117]
Token  67: [6,32,47,49,50,72,75,78] [9,22,28,49,60,74,122,126] [2,12,42,46,97,104,107,127] [24,37,68,74,100,103,124,126] [7,8,11,46,50,53,60,113] [20,31,55,75,83,103,104,110] [23,63,77,87,89,104,124,127] [2,31,32,33,45,82,100,106] [17,18,21,44,45,61,92,98] [0,7,17,49,71,80,96,111] [18,50,55,85,94,103,126,127] [15,18,43,60,65,90,99,105] [2,4,26,34,36,46,60,127] [2,25,63,73,92,93,101,106] [3,14,15,19,38,55,57,115] [16,32,40,80,84,89,119,121] [1,11,46,75,80,82,105,115] [1,9,39,93,112,114,122,124] [23,52,63,87,89,104,118,127] [2,32,33,56,73,82,100,106] [17,18,21,22,61,86,98,114] [0,7,41,47,71,80,99,111] [2,55,82,85,94,103,126,127] [1,28,43,56,60,65,90,99] [2,26,34,36,46,60,67,127] [2,13,18,47,61,63,93,106] [3,14,27,33,38,55,73,115] [0,16,40,50,80,89,100,121] [11,24,34,46,48,80,82,100] [1,9,39,73,93,112,122,124] [22,58,63,64,87,104,107,127] [2,31,32,33,56,82,100,106] [17,18,21,22,53,61,90,92] [6,7,21,47,71,80,82,111] [9,23,36,55,85,94,103,126] [9,43,60,65,70,90,99,120] [2,8,24,26,27,46,111,127] [45,52,61,87,92,93,106,112] [14,15,33,38,55,73,92,115] [0,16,25,32,40,80,89,117] [1,27,30,39,80,82,100,105] [1,18,39,73,82,93,99,112] [4,14,17,30,58,92,97,115] [5,18,37,41,82,83,98,120] [6,9,11,19,62,104,107,108] [2,33,45,67,77,88,92,114] [1,35,43,54,63,93,104,125] [0,17,18,39,42,53,80,96]
Token  68: [4,9,22,33,47,81,89,117] [9,28,49,74,77,92,124,126] [12,17,33,42,81,97,104,127] [18,24,68,74,97,100,117,126] [7,8,11,34,55,60,122,124] [20,31,41,75,83,93,104,110] [22,54,63,77,87,104,124,127] [32,33,45,47,61,63,82,106] [5,17,21,37,61,86,92,123] [6,7,17,35,71,76,80,82] [7,12,55,71,85,94,103,126] [17,18,25,60,65,90,99,100] [2,8,26,46,47,75,92,127] [2,20,29,92,93,97,106,112] [3,14,15,38,42,57,92,115] [0,32,40,75,89,117,119,125] [1,11,30,39,46,75,80,108] [1,9,18,36,75,82,93,112] [23,38,63,87,89,104,118,127] [2,31,32,33,73,82,100,106] [13,17,18,21,22,61,86,92] [7,35,47,71,80,82,99,111] [7,23,55,85,91,94,103,126] [18,22,25,30,43,60,65,99] [2,14,18,26,46,92,112,127] [2,18,29,47,61,78,92,106] [3,14,15,38,42,55,73,115] [0,16,32,40,75,89,117,125] [1,11,30,39,75,80,100,108] [1,18,73,82,93,112,122,124] [13,52,54,63,87,104,111,127] [2,31,32,33,56,82,100,106] [17,18,21,22,53,61,90,92] [0,7,47,71,80,82,99,111] [23,36,55,71,85,94,103,126] [9,22,25,43,60,65,90,99] [2,8,26,46,73,92,111,127] [2,29,87,92,93,97,106,112] [3,14,15,24,55,73,92,115] [16,32,40,80,89,110,117,125] [1,11,28,39,75,80,100,115] [1,18,49,73,75,80,93,124] [17,50,69,70,86,114,115,126] [24,37,41,56,83,99,104,120] [6,9,11,19,47,62,104,107] [2,22,27,32,77,88,114,117] [33,51,52,63,90,97,101,125] [6,18,23,53,58,86,87,127]
Token  69: [28,32,33,47,50,64,75,122] [22,30,49,73,77,92,122,124] [12,33,42,46,81,97,107,127] [34,68,71,74,100,111,117,124] [7,11,37,43,46,53,60,124] [18,20,31,63,75,83,104,110] [4,22,54,63,77,87,104,127] [2,7,31,32,33,45,82,106] [5,13,17,18,21,53,61,92] [0,7,14,17,71,80,82,111] [12,36,55,71,85,94,103,126] [22,25,43,48,60,90,99,121] [2,4,8,26,34,46,111,127] [2,18,29,63,73,91,93,106] [3,14,38,53,55,57,71,115] [16,17,32,40,75,89,91,121] [1,11,14,75,78,80,82,83] [1,18,36,68,92,99,100,112] [38,63,65,86,87,97,104,127] [1,20,32,45,48,82,100,106] [33,44,61,67,90,95,105,124] [7,49,71,80,81,99,111,125] [18,19,25,30,69,78,83,94] [54,67,96,99,101,107,115,125] [2,14,34,42,46,79,115,127] [42,82,91,92,99,104,106,112] [3,14,53,66,86,99,109,115] [3,7,16,32,40,75,89,91] [1,14,27,78,80,82,102,105] [1,72,82,93,100,104,112,121] [38,52,63,86,87,97,104,127] [1,32,45,48,73,82,100,106] [9,64,67,76,90,95,99,118] [7,14,49,80,102,111,113,127] [2,7,30,34,94,103,121,126] [4,33,78,96,99,107,111,117] [2,4,14,42,74,111,122,127] [20,52,61,92,93,104,106,112] [15,26,49,87,92,109,115,125] [0,25,26,32,40,50,89,125] [1,27,35,42,80,82,93,100] [1,18,21,73,82,93,99,124] [4,10,17,58,66,69,70,116] [10,24,41,46,75,83,99,111] [6,9,11,19,42,62,104,114] [43,48,51,67,77,88,114,117] [33,54,63,90,93,99,104,125] [6,17,18,23,39,53,80,96]
Token  70: [4,9,12,29,38,40,70,117] [13,20,22,24,40,49,74,116] [17,33,42,56,74,89,97,103] [1,15,21,42,71,93,100,117] [7,9,29,40,118,119,122,124] [20,30,31,49,62,78,104,110] [46,55,63,77,87,104,107,115] [7,9,26,33,52,61,82,106] [5,13,17,22,45,53,92,123] [7,14,17,39,76,80,82,92] [7,12,48,54,66,71,94,126] [25,48,60,73,75,99,100,121] [2,4,8,22,34,65,92,127] [20,29,58,89,91,92,106,112] [3,14,17,53,55,57,109,115] [16,17,32,40,75,89,91,120] [1,14,30,50,75,80,84,115] [1,9,18,36,77,82,100,103] [22,46,56,63,65,87,104,124] [7,32,33,44,73,82,100,106] [17,44,67,72,86,90,94,123] [7,66,68,71,76,80,102,111] [7,18,30,71,82,91,94,126] [21,22,25,60,75,96,99,100] [2,4,14,27,34,46,115,127] [20,91,92,93,99,104,106,112] [3,15,38,53,66,86,109,115] [3,6,32,40,75,89,120,125] [1,14,80,84,93,105,113,126] [1,9,72,73,82,100,103,121] [3,46,63,66,87,89,104,116] [19,32,33,44,82,94,100,106] [9,17,32,44,45,67,86,123] [7,59,66,68,76,80,102,111] [7,18,30,71,82,91,94,103] [4,60,75,94,96,99,100,107] [2,4,14,32,92,108,115,127] [20,52,92,93,103,104,106,112] [3,15,26,38,87,92,109,125] [0,25,32,40,51,75,89,125] [1,28,30,35,42,80,93,107] [1,34,59,73,82,88,93,100] [4,14,17,56,70,80,111,114] [18,24,69,74,75,80,83,99] [5,6,9,11,42,62,102,104] [16,29,41,45,48,77,88,114] [21,26,33,35,54,63,90,125] [0,17,23,39,42,53,80,96]
Token  71: [9,18,24,38,48,66,103,122] [20,24,49,63,67,74,116,124] [17,42,43,56,81,97,103,104] [15,42,80,91,93,94,100,117] [1,7,46,60,67,119,122,124] [20,31,53,55,83,100,104,110] [4,22,54,63,87,89,104,127] [7,9,31,32,33,52,82,106] [5,17,21,32,61,92,100,123] [6,7,17,21,44,76,80,82] [7,12,48,55,71,85,94,126] [25,36,60,73,99,100,102,121] [2,4,8,22,26,34,92,127] [2,20,29,62,63,73,97,106] [3,14,15,38,42,55,111,115] [2,32,38,40,50,75,119,121] [1,11,44,54,56,75,80,108] [1,9,37,63,73,82,112,114] [23,54,63,87,89,104,124,127] [2,31,32,33,73,82,100,106] [5,17,18,21,61,86,90,92] [6,7,35,41,47,71,80,111] [2,36,40,50,85,94,103,126] [1,25,28,42,43,55,60,99] [2,26,34,38,67,71,94,127] [2,18,47,57,63,106,109,123] [3,14,15,18,38,55,73,115] [16,32,40,54,89,119,121,126] [11,30,44,62,75,77,80,108] [0,9,63,65,73,112,114,122] [34,52,63,87,104,118,124,127] [2,31,33,36,73,82,100,106] [17,18,21,61,69,90,92,99] [7,41,47,49,71,80,99,111] [30,35,36,82,85,94,103,126] [9,25,43,60,73,99,100,115] [0,2,4,25,26,38,94,127] [2,18,57,63,106,109,112,123] [3,11,14,15,18,38,55,115] [31,32,40,50,51,54,107,121] [29,44,54,75,77,80,108,115] [0,9,54,63,65,73,82,103] [14,17,23,24,49,69,75,126] [8,47,56,75,83,104,120,121] [3,6,9,11,47,80,104,110] [5,22,32,47,77,83,87,114] [1,5,10,52,97,104,123,125] [15,31,44,74,82,90,92,127]
Token  72: [9,14,24,31,47,63,83,120] [2,8,22,34,41,49,122,124] [12,41,42,53,67,88,123,125] [3,6,20,34,50,68,100,123] [7,11,34,76,79,85,106,113] [20,31,42,75,97,103,104,125] [13,23,56,63,83,104,105,127] [31,33,36,49,73,82,100,106] [17,18,21,44,61,66,69,121] [0,9,49,71,80,98,110,111] [18,29,36,50,61,73,85,90] [22,26,49,60,61,99,105,115] [2,4,18,34,79,95,107,115] [2,6,28,80,83,91,106,118] [3,10,11,48,55,63,79,115] [17,19,23,38,40,50,85,121] [1,8,11,42,80,105,122,124] [1,9,15,19,78,99,103,114] [13,56,63,64,87,89,104,127] [31,33,48,73,82,95,100,106] [17,21,61,66,69,72,90,99] [0,9,49,71,80,98,104,111] [19,30,31,50,73,85,90,126] [1,24,26,43,49,60,61,115] [2,15,30,34,71,99,102,107] [6,15,28,33,47,80,106,118] [3,10,11,38,48,53,55,115] [16,17,40,50,82,84,85,120] [1,8,24,30,78,80,83,124] [1,9,19,73,78,82,103,112] [54,63,64,77,104,105,124,127] [31,32,33,49,73,82,100,106] [17,21,45,61,66,69,90,99] [6,49,51,71,80,98,99,111] [30,50,69,73,85,90,94,126] [24,26,43,49,60,90,99,115] [2,23,27,46,71,79,99,107] [6,28,29,68,80,93,106,118] [3,10,11,38,48,55,79,115] [16,17,23,40,85,89,120,121] [8,30,75,80,83,105,115,124] [1,9,15,19,48,69,103,112] [14,21,23,24,31,64,74,115] [12,37,46,49,83,88,104,120] [0,6,37,73,88,99,104,107] [2,17,22,27,32,45,77,114] [30,52,60,63,97,101,124,125] [6,32,73,85,86,90,111,117]
Token  73: [9,14,22,24,38,57,103,106] [8,9,34,44,48,49,77,122] [10,42,52,53,90,107,122,125] [26,29,34,64,68,74,100,123] [7,11,34,40,57,63,79,113] [31,42,47,51,75,96,105,110] [23,54,63,64,66,104,111,127] [31,33,36,73,82,95,100,106] [17,21,37,44,61,66,69,99] [32,48,49,71,79,80,98,111] [7,30,50,73,85,103,107,123] [26,59,60,69,79,92,109,115] [2,18,34,71,79,95,107,115] [6,25,66,80,83,98,113,118] [3,10,11,16,38,55,105,115] [16,23,40,50,72,87,103,121] [1,8,12,30,55,80,119,124] [2,9,66,82,90,103,112,114] [9,13,54,63,87,89,104,127] [31,32,33,73,82,95,100,106] [5,17,21,37,61,66,69,114] [0,6,32,49,80,96,98,111] [7,16,28,30,50,73,90,126] [20,26,43,59,60,62,109,115] [2,23,34,52,71,79,102,107] [6,66,78,80,98,106,113,118] [3,10,11,16,53,55,105,115] [16,17,40,72,82,86,120,121] [1,8,12,14,24,30,80,119] [2,9,35,66,82,90,103,112] [23,54,63,64,94,104,116,127] [31,32,33,56,73,82,100,106] [17,21,45,61,66,69,90,114] [32,48,49,79,80,98,99,111] [7,19,30,50,69,73,85,90] [1,26,54,59,60,69,109,115] [2,23,71,73,79,102,107,114] [6,10,66,80,98,106,113,118] [3,10,11,16,53,55,105,115] [3,4,7,16,17,40,72,120] [1,12,30,43,55,80,115,119] [2,9,20,35,66,78,90,103] [14,18,23,27,80,93,102,115] [6,29,36,65,87,100,104,120] [6,20,44,48,81,98,104,121] [20,22,32,37,45,58,70,114] [52,55,60,80,98,115,117,125] [36,47,66,85,86,88,120,123]
Token  74: [28,74,86,87,91,105,118,124] [8,16,22,48,67,68,74,122] [4,33,42,48,64,76,106,125] [24,29,70,73,92,100,101,112] [5,7,10,11,27,50,64,67] [1,31,83,87,96,103,115,117] [20,46,54,63,86,94,104,118] [33,36,40,44,73,82,106,123] [15,20,21,37,44,45,69,86] [25,32,35,49,79,80,109,115] [7,10,18,30,41,50,95,107] [1,16,39,60,69,92,97,122] [2,18,27,34,85,95,103,114] [1,29,41,68,91,106,109,123] [3,10,16,38,53,55,60,109] [7,20,40,72,75,82,84,120] [1,29,30,60,77,80,94,110] [1,9,37,64,78,103,107,114] [54,63,64,66,89,94,104,124] [9,19,33,44,73,82,100,106] [17,21,37,45,69,72,86,90] [32,35,40,49,66,79,80,115] [7,30,41,50,91,95,111,124] [1,18,42,43,60,68,92,97] [0,2,34,46,67,71,95,102] [1,29,41,57,68,106,109,120] [3,16,53,55,60,102,109,115] [20,40,72,75,77,82,119,120] [1,29,30,56,60,80,94,110] [13,36,46,64,78,103,114,122] [54,58,63,64,77,94,104,118] [10,31,33,36,61,73,82,106] [0,17,20,21,37,45,69,90] [6,32,35,40,79,80,91,115] [10,19,30,41,50,69,124,127] [1,18,42,54,60,73,92,115] [0,2,27,34,46,67,95,103] [1,16,41,57,62,63,68,106] [3,11,16,47,53,55,60,102] [16,20,31,40,72,77,120,125] [30,44,60,80,94,108,110,115] [36,46,53,64,78,80,103,122] [14,23,24,49,68,80,90,125] [12,49,74,80,104,120,121,125] [6,37,45,72,80,88,99,104] [5,17,22,26,45,46,112,114] [10,30,39,52,60,96,105,124] [15,31,35,71,95,111,121,127]
Token  75: [0,16,51,53,92,97,104,120] [20,24,34,86,92,104,107,122] [10,14,81,87,100,116,125,127] [13,18,25,29,32,67,76,89] [0,11,23,25,34,74,118,122] [1,31,47,80,96,97,107,119] [13,41,47,56,63,66,94,96] [33,36,60,73,82,87,100,106] [21,37,44,45,64,72,90,99] [0,23,26,32,45,49,80,94] [14,18,28,29,30,50,69,107] [1,60,62,64,69,72,115,120] [2,18,30,34,53,79,85,107] [16,44,68,75,91,98,106,118] [3,10,38,53,55,79,80,115] [7,16,40,50,60,82,84,120] [1,7,30,40,60,80,94,98] [1,15,52,53,78,99,103,122] [13,34,41,54,58,63,64,104] [33,47,48,73,82,87,100,106] [17,21,37,44,64,72,90,114] [0,32,49,71,79,80,94,111] [6,14,19,28,30,50,73,113] [1,20,54,60,62,92,115,120] [2,30,46,53,67,73,95,107] [44,47,75,78,91,98,106,118] [3,11,38,53,55,63,80,115] [6,16,17,40,59,60,82,120] [7,14,26,30,40,60,80,94] [9,52,53,78,99,103,112,120] [13,34,54,63,64,89,104,127] [33,47,56,73,82,87,100,106] [17,21,37,44,45,61,64,69] [49,79,80,89,94,96,99,111] [14,18,19,30,50,69,85,107] [1,54,60,85,86,92,115,120] [2,30,34,42,53,95,102,126] [10,21,29,44,68,75,91,106] [3,10,11,53,55,79,80,115] [7,16,17,40,48,50,60,120] [1,7,15,30,40,60,80,115] [9,15,52,53,78,80,90,103] [14,23,24,37,59,68,73,125] [8,43,49,81,100,104,112,120] [6,37,39,45,54,80,98,104] [12,22,37,45,46,63,112,114] [39,52,63,80,82,84,105,124] [27,32,35,52,71,90,95,108]
Token  76: [0,12,28,29,62,67,77,126] [11,67,74,78,81,86,104,122] [42,56,59,64,72,119,121,125] [1,11,73,76,100,101,105,119] [0,1,7,11,19,39,74,83] [31,48,60,80,83,96,97,103] [20,54,55,63,64,89,94,104] [31,33,44,73,82,87,100,106] [21,24,27,37,44,45,69,99] [0,32,43,51,66,71,80,94] [7,14,18,30,50,91,107,120] [1,5,15,60,68,69,86,92] [2,18,27,53,67,77,85,126] [24,29,44,68,91,95,106,123] [3,11,19,38,53,62,81,115] [3,16,17,20,40,50,54,84] [1,24,29,30,77,80,111,115] [1,9,37,53,78,84,103,114] [54,58,63,64,66,104,124,127] [19,31,33,44,82,87,100,106] [17,21,45,61,69,72,90,114] [0,35,51,66,71,79,80,94] [7,14,30,31,50,85,95,120] [1,9,25,54,55,60,68,92] [2,27,53,67,71,95,102,126] [24,44,47,49,63,95,106,109] [3,14,38,53,55,62,73,115] [16,17,32,40,50,54,120,121] [24,29,30,48,77,80,111,123] [9,53,65,78,80,84,114,122] [54,58,63,64,104,112,118,127] [31,33,44,61,82,87,100,106] [17,21,24,45,61,69,90,114] [6,47,51,66,79,80,94,111] [19,30,31,50,69,85,120,127] [1,9,54,60,68,86,92,120] [2,27,46,53,67,71,95,126] [24,29,44,49,63,68,95,106] [3,11,38,53,55,62,109,115] [16,17,20,31,40,48,54,120] [1,23,29,30,77,80,111,115] [0,9,53,65,78,80,84,103] [14,20,23,24,28,68,75,80] [2,47,83,96,100,104,120,121] [6,13,39,72,80,104,107,110] [5,22,45,47,83,86,87,114] [10,45,52,76,96,97,104,125] [11,31,54,71,74,82,90,127]
Token  77: [9,53,61,69,70,81,92,93] [20,41,53,67,74,83,91,122] [42,64,72,81,103,116,117,125] [1,11,51,73,76,101,119,124] [0,11,39,64,83,91,111,113] [1,31,75,80,96,97,111,119] [4,20,54,63,66,94,104,127] [31,33,36,44,72,73,82,106] [17,21,27,37,44,61,69,99] [0,47,48,51,66,80,84,99] [7,14,18,29,50,83,85,107] [1,13,58,60,69,90,115,120] [2,18,27,34,69,95,120,126] [29,32,44,55,73,106,107,121] [3,10,19,28,38,53,55,115] [3,4,7,17,40,50,75,121] [1,20,24,30,75,80,105,121] [1,9,14,45,90,97,112,114] [23,54,63,64,89,104,124,127] [31,33,48,72,73,82,100,106] [17,21,44,45,61,72,90,99] [48,71,76,79,80,94,99,111] [7,14,18,19,30,50,85,107] [1,13,58,60,86,90,92,115] [2,27,60,69,71,95,102,126] [29,33,44,55,59,106,107,121] [3,10,28,38,53,55,63,115] [3,17,38,40,58,75,82,120] [1,14,20,24,30,80,105,121] [1,9,14,45,73,82,112,114] [23,35,54,63,64,89,104,127] [31,32,33,72,73,82,100,106] [17,21,45,61,69,90,92,99] [6,17,48,49,79,80,99,111] [7,14,19,30,69,85,94,126] [1,13,54,58,60,90,92,120] [2,27,35,46,60,69,71,126] [32,33,55,68,79,93,106,121] [3,10,28,38,55,63,84,115] [16,17,34,40,75,89,117,121] [1,20,30,48,80,105,115,121] [1,9,14,45,80,82,97,112] [14,21,23,65,80,92,101,115] [4,5,37,41,46,83,104,120] [6,47,54,56,71,104,107,108] [2,22,27,32,45,54,77,114] [52,60,63,67,97,101,103,125] [6,18,20,34,58,73,86,117]
Token  78: [6,28,33,75,109,117,124,126] [3,28,49,60,74,90,122,124] [4,12,42,46,97,107,125,127] [24,37,72,74,97,100,103,124] [7,11,46,53,60,70,100,114] [18,20,31,55,75,83,104,110] [54,63,77,87,89,101,104,127] [2,31,32,33,40,82,100,106] [5,17,21,45,61,90,92,123] [0,6,7,17,35,80,82,111] [7,18,50,82,85,94,103,126] [18,28,43,48,60,90,120,121] [2,8,26,30,34,46,77,127] [2,10,25,63,73,91,101,106] [3,14,15,53,55,76,81,115] [16,17,32,38,40,54,89,121] [1,11,24,75,78,80,82,115] [1,9,18,36,80,99,112,122] [23,52,56,63,64,87,118,127] [2,31,32,33,48,82,100,106] [17,21,35,44,45,61,90,114] [7,41,47,71,79,80,99,111] [30,31,36,50,85,103,126,127] [1,9,28,43,56,60,92,100] [2,35,36,46,55,71,94,95] [2,25,47,63,73,85,91,106] [3,14,15,27,38,53,55,115] [0,8,16,17,32,40,50,121] [11,34,48,62,75,80,100,122] [1,9,54,68,73,93,112,122] [23,52,58,63,64,87,112,127] [2,32,33,48,73,82,100,106] [15,17,21,35,61,80,90,92] [6,7,41,47,71,80,99,111] [9,23,36,85,94,103,126,127] [9,22,25,43,60,75,99,100] [2,14,26,34,46,71,111,127] [52,61,63,87,92,93,106,112] [14,15,22,26,55,73,92,115] [0,25,32,51,54,89,106,117] [1,27,35,80,82,100,105,122] [1,18,49,54,58,73,93,99] [4,8,17,28,30,66,69,70] [24,41,69,74,75,80,83,111] [9,11,23,42,62,82,96,104] [32,45,48,76,77,88,114,117] [33,51,54,63,74,90,104,125] [6,17,23,39,53,80,96,114]
Token  79: [4,9,18,33,38,86,101,111] [3,16,33,44,49,67,109,123] [12,17,33,42,97,103,104,109] [19,24,37,50,68,74,94,100] [7,11,46,53,60,65,100,124] [20,31,41,75,83,104,110,114] [54,63,87,89,97,104,107,127] [7,9,19,32,33,52,82,106] [5,17,21,61,90,92,113,123] [6,7,17,35,38,80,82,125] [7,12,71,82,85,91,94,126] [18,25,60,73,90,99,100,102] [2,4,8,26,46,71,92,127] [2,20,29,91,92,93,106,112] [14,15,22,24,42,49,92,115] [0,16,32,40,75,89,119,121] [1,11,24,39,46,75,80,115] [1,9,18,36,73,75,82,112] [23,63,87,89,104,107,118,127] [2,31,32,33,56,82,100,106] [5,13,17,22,53,61,92,114] [0,7,47,71,76,80,82,111] [7,23,36,55,85,94,103,126] [1,9,25,30,60,90,99,100] [2,18,22,24,35,46,92,127] [2,47,63,73,78,91,106,112] [14,15,24,38,81,86,110,115] [2,16,32,40,68,75,87,121] [1,11,39,46,48,62,100,122] [18,37,73,93,99,100,122,124] [22,34,52,58,63,87,104,127] [2,32,33,45,56,82,100,106] [5,17,21,53,61,72,90,92] [6,7,26,47,51,69,80,107] [22,29,36,71,82,85,94,126] [9,22,25,43,60,62,99,100] [2,8,18,33,46,78,92,127] [2,86,87,91,92,93,106,112] [14,15,24,38,49,55,73,115] [16,17,32,40,50,89,110,117] [1,11,39,46,80,100,105,115] [1,18,49,73,75,80,93,124] [14,17,25,30,50,69,114,115] [24,37,41,56,69,75,83,120] [6,9,11,19,26,70,104,107] [2,16,32,77,88,90,114,117] [43,51,63,90,93,97,101,125] [6,18,20,53,58,82,86,110]
Token  80: [28,32,33,37,47,64,75,122] [28,49,52,73,96,122,124,126] [16,17,33,42,46,56,97,107] [0,19,30,34,74,100,116,124] [7,11,12,46,53,60,70,124] [20,31,55,75,83,103,104,110] [4,54,63,77,87,89,104,127] [31,32,33,40,45,82,100,106] [5,17,21,38,53,61,90,92] [0,7,14,17,35,80,107,111] [18,51,69,78,82,85,94,126] [3,21,28,48,60,99,100,125] [2,4,14,34,46,65,96,127] [2,10,28,40,89,91,106,112] [3,15,17,53,55,57,90,115] [3,6,17,32,40,75,89,91] [1,11,14,39,75,78,80,115] [1,18,36,77,82,100,103,112] [22,23,56,63,87,104,105,127] [31,32,33,48,82,100,106,112] [38,44,65,86,90,95,123,127] [9,10,71,80,96,102,111,125] [7,18,30,56,69,78,94,98] [21,23,37,60,67,96,99,125] [2,4,26,34,42,46,65,127] [2,58,92,93,103,104,106,112] [3,38,53,66,69,86,109,115] [16,17,32,40,58,59,89,120] [1,14,50,80,82,100,105,115] [1,54,72,77,82,93,100,103] [34,56,63,83,87,104,111,116] [24,32,33,44,82,94,100,106] [9,15,35,40,44,67,86,123] [7,10,17,65,68,80,102,111] [7,18,30,58,82,94,98,103] [4,20,21,37,53,94,96,99] [2,4,14,34,36,42,92,127] [20,27,52,61,92,104,106,112] [3,15,26,53,69,92,109,125] [0,11,25,32,40,75,89,125] [1,27,35,42,80,82,105,107] [13,34,54,59,73,82,88,93] [4,17,25,33,56,70,111,114] [2,24,41,55,61,74,82,83] [5,9,11,42,62,82,96,104] [2,29,48,67,77,88,114,116] [33,35,43,46,54,63,90,125] [6,17,18,23,39,80,96,119]
Token  81: [4,9,24,33,38,82,92,122] [3,5,49,73,74,122,123,126] [12,17,42,56,60,89,97,104] [30,69,85,87,91,100,109,117] [7,11,12,43,46,60,110,121] [0,20,31,40,103,104,110,122] [15,22,29,39,63,90,103,104] [7,32,33,52,58,73,82,106] [5,17,21,67,86,92,94,123] [6,7,8,35,80,92,99,109] [7,48,66,71,82,85,94,126] [5,38,60,73,92,99,100,121] [2,4,8,18,34,92,111,127] [2,20,29,62,89,92,106,112] [3,14,15,18,38,60,81,115] [17,32,40,50,75,89,119,121] [1,11,39,44,62,75,80,108] [1,9,10,36,37,73,112,114] [23,54,63,64,87,104,118,127] [2,31,32,33,73,82,100,106] [5,17,21,44,61,72,90,123] [7,35,41,47,71,79,80,111] [7,30,36,82,85,94,103,126] [1,25,42,43,60,92,99,100] [0,2,18,34,38,71,94,102] [2,18,57,63,106,109,110,123] [3,14,15,18,53,60,81,115] [2,16,32,40,54,75,120,126] [11,44,54,62,77,80,108,122] [0,13,63,65,68,108,118,122] [56,63,87,88,104,112,118,127] [2,31,33,48,73,82,100,106] [17,21,27,44,61,90,99,114] [6,7,41,47,51,79,80,111] [30,31,36,50,82,85,126,127] [1,9,54,60,92,97,99,100] [0,2,38,55,67,71,94,102] [2,63,68,95,106,109,112,123] [3,11,14,15,18,38,55,115] [16,17,20,32,40,107,110,125] [29,39,44,54,77,80,108,115] [0,26,63,65,73,77,100,103] [14,17,23,24,49,69,115,126] [8,47,56,75,83,104,120,121] [6,8,9,11,47,80,104,110] [5,22,32,47,77,83,87,114] [1,5,10,45,52,97,123,125] [15,31,44,74,82,86,92,127]
Token  82: [43,47,65,72,73,98,100,122] [18,38,49,94,100,122,126,127] [38,40,57,82,84,88,99,123] [6,31,34,68,71,89,94,100] [7,11,52,76,81,85,106,115] [59,61,64,66,75,97,103,125] [8,34,56,63,83,105,107,112] [18,24,49,59,75,100,109,112] [57,65,72,84,114,116,121,127] [0,9,19,49,80,84,110,125] [26,31,53,56,61,68,78,105] [1,24,49,54,60,61,93,125] [2,15,35,56,65,79,96,99] [6,15,26,28,33,58,78,110] [3,11,17,20,48,81,90,115] [2,10,16,31,40,70,85,101] [8,39,80,81,89,115,122,124] [1,18,19,33,42,69,99,105] [8,34,56,63,83,88,105,126] [33,49,59,82,100,106,112,123] [17,35,65,69,84,90,114,121] [0,9,71,80,104,110,122,125] [19,30,31,56,61,68,78,105] [1,23,24,49,54,60,61,125] [2,15,21,30,34,35,96,99] [6,15,23,28,33,58,106,110] [3,4,14,17,20,48,86,100] [2,10,16,40,70,85,101,127] [8,39,48,62,73,80,81,124] [1,19,21,42,48,55,75,118] [24,34,56,83,88,105,107,126] [3,33,49,75,100,106,109,112] [21,35,65,84,90,114,116,121] [9,16,80,98,110,111,122,125] [19,30,50,56,61,78,90,105] [1,3,23,24,49,54,61,125] [2,15,21,23,34,79,96,99] [15,23,28,58,78,106,110,118] [3,17,20,32,55,86,90,100] [16,40,52,70,85,101,103,127] [39,48,73,80,81,105,115,124] [1,19,21,42,48,69,83,103] [24,31,32,64,80,113,114,115] [11,31,37,46,77,83,88,104] [6,8,16,53,73,90,104,107] [2,22,27,32,82,87,101,114] [5,11,34,52,60,97,98,118] [20,44,73,74,77,86,105,109]
Token  83: [14,21,50,51,57,103,106,110] [3,6,9,28,62,74,95,122] [12,41,84,90,92,115,122,125] [4,23,39,71,87,115,117,123] [7,11,34,50,56,58,67,83] [18,31,47,51,68,103,105,110] [26,41,56,58,63,104,112,116] [24,33,36,44,73,82,100,106] [21,36,44,45,72,90,109,127] [0,2,32,49,65,80,98,122] [26,29,30,50,53,68,69,78] [3,48,54,60,63,69,109,125] [2,23,24,34,56,65,73,79] [23,26,33,66,82,91,98,118] [3,4,11,16,53,55,90,110] [16,17,40,59,70,72,85,103] [12,80,81,89,115,119,122,124] [1,2,18,55,78,90,99,103] [8,24,34,56,63,83,105,126] [3,24,33,49,59,75,100,112] [35,65,66,72,84,114,116,121] [0,9,13,80,98,110,122,125] [45,56,61,68,78,90,98,105] [3,23,24,26,49,54,61,125] [15,23,24,65,73,79,96,99] [15,26,28,58,82,91,110,118] [4,16,17,48,89,90,103,110] [2,16,40,59,70,72,120,127] [12,39,48,80,81,89,119,124] [1,21,55,75,78,83,103,120] [24,34,56,63,83,105,107,126] [3,33,49,75,82,100,106,112] [35,36,65,66,90,109,116,121] [9,13,32,65,80,98,110,125] [30,50,51,56,78,90,98,105] [23,24,49,54,61,63,109,125] [2,23,24,34,65,73,79,114] [23,66,82,83,91,106,113,118] [3,16,53,55,66,90,105,115] [7,16,17,40,72,89,103,120] [12,30,43,55,80,105,115,119] [2,9,20,35,66,78,90,103] [18,23,27,80,93,102,115,123] [6,29,36,46,65,87,100,104] [6,14,20,27,48,81,98,104] [22,32,45,58,70,80,114,123] [22,52,55,60,68,101,115,117] [36,47,66,85,86,88,120,123]
Token  84: [3,28,46,79,89,92,116,126] [16,29,48,67,76,88,90,122] [42,65,67,76,100,106,112,125] [40,62,77,84,92,93,100,112] [7,11,27,50,87,101,104,108] [10,30,31,60,71,83,87,96] [23,46,63,66,104,116,118,124] [32,33,48,69,73,82,106,109] [0,4,6,21,70,86,111,122] [0,32,35,40,49,62,80,109] [7,18,30,50,88,91,95,124] [1,18,22,43,48,60,69,73] [17,26,30,34,46,67,103,114] [29,82,89,91,106,109,115,120] [3,16,23,53,64,69,76,101] [7,17,40,72,75,82,89,91] [1,6,13,14,23,78,80,114] [36,46,61,64,66,68,92,124] [38,46,54,63,103,104,115,124] [27,32,33,48,69,73,82,106] [3,8,18,21,67,86,111,117] [32,35,40,57,62,65,80,81] [7,15,23,30,36,50,88,124] [18,20,22,42,48,68,69,73] [2,25,26,34,46,67,73,114] [18,57,63,82,98,106,120,127] [3,16,53,55,64,69,71,73] [7,16,17,40,72,77,120,126] [1,13,23,60,78,80,100,114] [4,36,46,66,68,92,122,124] [38,46,56,63,104,112,115,118] [33,45,48,69,73,82,100,106] [15,18,21,35,67,90,95,101] [32,40,47,49,62,65,80,99] [15,19,23,30,33,82,88,127] [1,9,18,22,25,48,69,115] [2,25,26,29,42,73,103,114] [10,18,63,82,91,106,120,127] [3,11,16,47,53,55,64,73] [7,16,40,46,72,77,120,126] [1,6,13,23,60,80,100,115] [36,46,66,80,81,84,92,103] [8,18,23,24,28,77,80,86] [12,49,74,87,100,104,121,125] [6,39,72,88,98,99,104,122] [17,20,22,26,32,45,114,123] [22,30,51,52,68,81,98,117] [15,21,26,71,82,111,121,127]
Token  85: [23,28,36,41,61,79,112,125] [7,29,67,76,88,97,103,122] [4,42,49,59,76,106,125,126] [2,40,79,92,93,100,108,113] [7,11,34,50,77,101,109,114] [0,10,31,48,71,83,87,97] [23,46,54,63,102,103,104,118] [7,19,33,69,73,82,106,113] [0,18,20,21,35,67,86,94] [0,32,35,40,49,62,80,99] [7,18,30,50,88,91,109,124] [16,22,55,60,64,69,73,115] [0,18,34,46,85,102,103,114] [57,62,68,82,89,91,106,109] [3,29,53,55,60,64,69,71] [7,20,40,72,82,89,91,119] [1,13,30,56,60,78,80,110] [4,24,46,64,68,99,122,124] [3,38,63,89,96,103,104,115] [33,36,48,73,82,100,106,123] [18,20,21,35,67,72,86,90] [0,32,35,40,47,49,71,80] [10,18,23,30,36,50,88,109] [18,20,22,38,42,55,64,73] [0,2,26,34,71,73,102,114] [18,57,62,63,76,82,98,106] [3,16,53,55,60,69,71,73] [6,16,17,40,72,82,120,126] [13,14,56,60,78,80,108,110] [4,15,36,46,64,68,103,122] [52,54,56,63,64,104,112,118] [33,48,50,60,73,82,100,106] [15,18,20,21,35,44,90,101] [32,35,47,49,65,80,106,111] [19,23,30,36,50,69,109,113] [1,9,22,42,55,69,73,115] [0,2,25,26,42,73,102,103] [10,16,18,41,57,76,82,106] [3,11,47,53,55,60,71,73] [7,16,20,40,46,60,120,126] [15,44,60,80,108,109,110,115] [15,36,46,49,52,54,64,103] [8,23,24,49,68,73,90,125] [12,19,49,74,75,104,121,125] [6,11,13,23,45,88,99,104] [5,17,22,26,46,76,112,114] [22,29,30,39,52,80,81,105] [15,35,71,74,95,111,121,127]
Token  86: [16,51,53,70,97,104,111,120] [20,24,34,76,86,107,109,122] [10,12,14,72,81,87,116,125] [12,13,23,68,76,89,108,117] [0,11,23,25,58,77,83,118] [18,31,71,80,97,107,119,125] [13,41,54,56,63,96,111,116] [33,50,60,73,82,87,100,106] [15,21,35,44,64,72,90,99] [0,32,45,49,80,94,102,111] [14,18,19,50,69,108,113,127] [3,28,67,69,86,115,120,122] [2,9,26,34,53,56,73,115] [13,21,43,44,76,82,91,98] [3,11,53,55,63,64,79,80] [10,16,31,38,40,50,60,61] [7,15,40,48,60,80,115,122] [13,15,18,52,53,88,99,103] [8,13,34,56,58,63,107,112] [33,50,60,73,75,87,100,106] [5,15,18,36,44,64,90,114] [0,32,49,65,80,94,106,111] [14,18,30,36,50,69,103,113] [3,8,20,48,59,60,63,115] [2,7,26,34,42,53,71,73] [16,33,43,44,78,91,98,106] [3,11,53,55,63,69,80,110] [7,16,17,38,40,60,82,120] [7,14,40,60,78,80,114,122] [15,52,53,62,68,90,103,117] [52,54,56,63,64,104,110,112] [33,45,60,73,82,87,100,106] [3,18,21,44,45,64,90,95] [49,62,80,94,97,99,111,113] [6,14,18,19,30,36,69,113] [8,43,60,67,69,86,89,115] [2,30,34,42,53,71,73,102] [10,21,33,44,75,76,82,106] [3,8,11,34,53,55,79,80] [7,16,17,40,60,61,82,120] [1,7,15,40,60,80,83,115] [15,52,53,80,103,106,117,121] [23,24,37,59,73,74,80,125] [8,43,49,81,97,100,104,112] [6,37,45,54,80,81,104,122] [22,45,46,63,80,112,114,123] [22,39,44,52,80,82,105,124] [27,32,34,35,52,71,90,95]
Token  87: [0,2,51,63,73,97,111,118] [32,42,76,86,107,116,122,126] [8,14,42,54,72,81,100,125] [1,25,38,68,76,87,100,105] [0,7,11,22,23,25,74,83] [31,34,80,82,89,97,103,122] [20,41,56,63,104,111,112,116] [33,50,60,73,87,95,100,106] [21,35,36,44,45,55,64,90] [0,45,65,80,89,94,97,111] [18,29,30,50,69,107,108,113] [22,48,54,69,86,115,120,122] [26,30,34,53,73,79,115,118] [21,29,44,75,76,82,98,102] [3,8,10,53,55,79,80,111] [6,16,17,26,31,40,60,61] [1,7,14,15,40,60,80,115] [4,15,37,52,53,93,99,103] [13,34,36,46,52,56,63,104] [33,60,73,82,87,95,100,106] [15,21,35,36,44,64,86,90] [0,5,45,65,80,94,102,111] [18,30,50,60,69,107,108,113] [8,20,59,60,69,86,115,120] [2,34,42,53,73,102,107,118] [10,16,21,44,75,98,102,106] [3,10,34,44,53,55,80,111] [6,16,17,40,60,61,82,120] [7,14,30,40,60,78,80,114] [9,15,17,52,53,78,103,112] [46,52,54,56,63,64,104,116] [33,60,73,82,87,95,100,106] [17,21,37,44,45,64,86,90] [0,49,80,94,96,97,99,111] [18,30,50,69,91,107,108,113] [8,59,60,69,86,115,120,122] [2,30,34,42,53,73,102,118] [10,21,44,75,76,98,102,106] [3,11,34,53,55,79,80,115] [16,17,31,40,60,61,87,120] [1,7,15,30,40,60,80,115] [9,15,52,53,80,103,106,117] [23,24,37,59,73,74,80,125] [8,43,49,56,81,100,104,120] [0,6,37,45,54,80,98,104] [22,37,45,46,63,80,112,114] [39,52,55,80,82,97,105,124] [27,32,34,35,52,71,90,95]
Token  88: [7,29,62,93,97,111,116,126] [11,67,72,74,78,86,113,122] [15,42,67,72,85,119,121,125] [1,3,11,25,26,61,76,79] [0,1,7,11,39,74,77,118] [18,31,80,83,97,102,119,122] [20,34,46,54,63,64,104,111] [33,36,44,73,82,87,100,106] [21,24,27,35,44,55,64,86] [22,32,43,49,80,94,102,111] [14,18,30,50,107,108,113,120] [8,15,68,69,86,106,115,122] [26,30,34,53,73,102,115,118] [10,21,24,44,68,75,95,98] [3,8,10,53,55,62,111,125] [3,20,37,40,61,82,98,120] [1,29,60,77,80,111,114,123] [17,53,62,65,68,84,85,103] [13,26,46,52,54,63,89,104] [33,36,50,73,82,87,100,106] [15,21,27,35,44,64,86,90] [0,5,24,49,80,94,102,111] [13,14,18,30,50,107,108,113] [1,8,69,79,86,105,115,122] [2,30,34,39,46,53,102,118] [10,21,24,44,75,95,98,106] [3,10,11,53,55,62,69,111] [6,16,23,40,82,91,98,120] [14,29,30,78,80,111,114,123] [45,53,65,77,82,84,103,106] [26,34,46,54,56,63,104,112] [21,33,36,47,73,82,100,106] [21,24,27,44,55,64,67,86] [45,49,62,80,94,99,105,111] [6,14,18,30,69,107,113,120] [1,8,65,68,69,86,115,122] [2,30,34,39,53,73,102,124] [10,13,24,44,75,91,95,106] [3,10,18,53,55,62,69,111] [7,17,20,31,40,61,82,120] [14,29,44,77,80,111,114,115] [0,9,53,63,65,80,84,103] [20,23,24,28,55,75,80,126] [2,8,47,81,100,104,112,121] [3,6,8,13,80,98,104,110] [5,22,45,47,63,83,87,114] [5,10,45,52,55,68,96,104] [11,27,31,54,71,74,90,127]
Token  89: [22,61,63,71,81,93,107,118] [41,76,83,86,91,106,113,116] [7,42,67,72,116,117,122,125] [1,11,26,61,76,79,100,106] [0,7,11,39,74,77,91,118] [2,5,31,80,82,97,102,111] [4,20,34,63,75,86,104,116] [33,48,60,73,82,95,100,106] [21,27,35,39,44,64,99,127] [22,43,45,48,49,80,94,102] [7,14,18,30,107,108,113,123] [5,13,47,58,69,86,115,122] [2,34,53,60,68,69,73,124] [10,13,21,24,44,75,106,121] [3,10,28,53,55,101,111,125] [3,40,50,60,61,82,98,120] [1,4,14,40,80,114,121,123] [27,45,53,85,90,97,103,107] [9,22,46,54,63,89,94,104] [33,44,48,73,82,95,100,106] [21,27,35,39,44,64,72,86] [45,48,49,80,94,99,102,111] [6,13,14,18,30,50,107,113] [1,8,58,69,79,86,115,122] [2,30,34,39,53,68,71,118] [10,13,24,44,75,91,106,107] [3,10,11,28,53,55,101,109] [3,7,16,23,40,82,91,120] [1,4,14,30,75,78,80,114] [9,45,53,68,82,90,97,103] [23,46,54,63,94,104,112,116] [21,32,33,45,73,82,100,106] [21,44,45,64,67,86,90,101] [45,49,62,66,76,80,99,111] [2,13,14,18,30,69,83,107] [26,47,58,67,69,86,90,115] [2,9,30,32,46,73,102,124] [10,13,44,79,91,99,106,121] [3,10,28,53,55,79,111,115] [3,7,17,23,40,61,91,120] [4,14,20,78,80,105,115,121] [1,9,45,53,80,90,97,103] [5,23,59,73,80,101,115,123] [4,36,46,81,87,97,100,104] [6,20,54,71,81,98,104,122] [12,20,22,32,45,70,114,123] [22,52,55,67,68,80,115,117] [32,34,71,74,85,86,104,117]
Token  90: [0,4,57,70,103,106,110,127] [9,22,44,48,92,109,116,126] [7,42,67,87,90,92,122,125] [1,26,61,64,76,79,100,106] [0,4,7,11,23,63,77,118] [2,5,31,51,102,105,111,119] [20,23,46,63,86,89,94,104] [33,44,60,73,82,95,100,106] [21,27,28,35,44,64,86,99] [22,32,43,48,49,62,80,105] [2,14,18,30,83,107,108,123] [13,47,58,69,72,86,109,115] [2,32,34,60,68,102,120,124] [10,13,44,55,66,106,107,113] [3,10,16,53,55,105,111,125] [3,7,17,40,61,90,91,120] [1,4,12,14,43,80,114,119] [1,2,35,53,66,90,103,107] [46,52,54,63,89,94,96,104] [32,33,44,48,73,82,100,106] [15,21,28,44,45,64,67,86] [32,45,48,49,76,80,99,111] [2,7,13,14,18,30,91,107] [47,60,69,79,86,90,109,115] [2,32,34,46,60,68,102,124] [10,44,55,66,83,101,106,113] [3,10,16,44,53,55,105,111] [3,7,17,23,40,82,91,120] [1,4,14,30,78,80,114,119] [2,35,62,66,68,82,90,103] [20,38,46,63,66,94,104,116] [33,44,45,69,73,82,94,106] [8,21,44,47,55,67,86,105] [32,49,62,68,80,97,99,111] [2,13,14,18,25,30,69,83] [26,47,60,69,86,90,109,115] [2,30,32,34,46,68,102,124] [10,13,44,66,99,106,107,113] [3,10,16,36,53,55,105,115] [3,4,7,17,40,61,91,120] [4,12,14,78,80,115,119,126] [2,9,35,66,80,90,103,112] [18,23,27,73,80,93,102,123] [6,29,36,46,65,87,100,104] [6,14,20,27,48,98,104,122] [12,22,32,45,70,80,114,123] [22,52,55,68,80,101,115,117] [36,47,66,85,86,88,120,123]
Token  91: [28,51,83,87,91,112,124,125] [16,29,48,67,68,74,116,122] [4,23,36,42,67,76,100,125] [12,24,33,61,70,76,92,100] [5,7,10,11,27,50,57,60] [10,31,63,74,87,103,110,115] [20,46,63,86,104,111,116,118] [2,33,44,69,73,82,100,106] [3,15,20,21,35,44,67,86] [25,32,35,66,68,80,97,102] [2,13,18,30,41,91,103,109] [18,20,38,42,53,60,100,111] [0,2,14,26,32,34,36,65] [2,10,29,57,78,91,106,127] [3,16,53,55,60,69,102,111] [6,17,31,32,40,89,91,125] [4,14,80,84,108,110,114,115] [27,66,77,82,92,100,103,122] [46,52,63,86,87,103,104,118] [2,32,33,44,73,82,100,106] [15,20,21,44,45,67,86,90] [32,35,41,66,68,80,97,111] [13,18,30,41,82,91,103,109] [18,22,42,53,69,96,115,116] [0,2,14,26,32,34,46,102] [2,10,18,57,91,106,112,127] [3,16,38,44,53,69,102,109] [32,40,58,59,82,91,120,125] [1,4,53,80,84,94,100,108] [30,66,82,92,99,100,103,107] [34,46,63,66,104,116,118,124] [2,33,44,56,73,82,94,106] [3,15,20,44,45,67,86,90] [32,35,49,57,66,68,80,111] [2,13,18,23,30,36,41,103] [18,22,25,38,69,96,99,115] [2,14,26,32,34,36,73,103] [10,13,18,45,91,106,120,127] [3,16,36,53,55,60,73,102] [40,51,61,77,89,120,125,126] [4,13,80,94,100,108,115,126] [9,36,64,66,82,92,103,122] [8,18,23,24,49,80,86,90] [46,75,80,87,100,104,121,125] [6,11,14,22,23,27,98,104] [5,12,22,26,35,45,76,114] [5,19,51,52,60,96,104,117] [15,21,71,74,82,114,121,127]
Token  92: [72,76,95,100,102,110,119,122] [12,62,64,70,94,100,106,122] [40,75,77,78,87,99,123,125] [10,25,61,73,82,101,103,116] [7,11,12,52,57,92,118,126] [9,17,25,33,37,59,64,103] [24,34,35,53,56,63,71,107] [18,24,45,59,62,82,106,109] [38,53,57,65,72,90,116,127] [0,2,19,49,55,80,87,96] [3,16,18,26,47,57,68,103] [3,28,30,48,52,54,59,125] [2,9,21,56,65,89,96,105] [26,33,78,81,82,91,103,106] [3,17,55,66,67,100,110,115] [8,16,40,52,59,70,101,120] [24,30,65,80,81,89,105,115] [1,18,21,42,55,77,82,99] [24,26,34,44,56,63,88,116] [3,18,24,59,62,100,109,112] [9,45,53,65,72,101,114,121] [0,9,49,96,110,111,122,125] [9,16,19,31,56,68,78,90] [1,3,23,52,54,61,103,125] [15,21,23,35,65,79,96,99] [15,26,28,58,78,81,110,118] [4,14,67,81,89,100,110,115] [16,41,49,52,59,70,120,127] [39,48,81,87,89,103,105,115] [1,18,21,55,80,99,118,120] [13,24,26,53,63,71,83,126] [3,18,24,62,75,100,109,112] [9,46,53,57,65,90,101,114] [0,13,43,49,55,96,122,125] [16,26,30,56,68,78,84,98] [3,5,23,52,54,94,102,125] [4,21,56,59,65,73,85,108] [20,47,78,81,91,103,110,119] [16,32,55,84,92,110,115,125] [0,16,25,51,52,72,75,100] [27,34,35,42,70,107,115,122] [30,34,59,72,80,82,93,118] [0,4,47,50,66,70,77,114] [2,18,74,75,80,91,96,98] [5,6,11,42,62,70,104,114] [26,29,48,76,88,90,95,114] [15,17,46,54,76,97,104,125] [23,39,46,53,65,71,109,110]
Token  93: [32,46,48,49,58,72,78,118] [2,12,19,22,34,62,93,122] [14,42,51,77,90,100,115,125] [13,15,50,73,76,101,116,125] [7,11,23,38,63,101,113,118] [31,55,74,83,97,105,107,119] [13,14,46,47,63,64,104,115] [2,33,44,48,73,82,100,106] [35,44,64,67,86,90,102,127] [17,32,48,62,66,80,102,111] [2,7,13,18,30,50,91,103] [8,38,47,69,86,102,109,115] [25,26,30,32,34,68,124,125] [2,29,66,78,91,106,107,113] [3,53,55,69,83,102,105,111] [3,26,34,38,40,61,82,120] [4,11,14,51,80,84,114,119] [2,35,53,66,80,90,103,107] [9,13,22,46,63,96,104,124] [2,33,44,73,82,94,100,106] [5,15,21,44,45,64,86,90] [17,32,48,49,66,80,102,111] [2,14,18,30,35,103,107,113] [20,28,47,69,86,90,109,115] [2,32,34,60,68,102,124,125] [2,10,44,66,91,106,107,113] [3,10,36,44,53,55,69,105] [3,7,23,40,61,82,91,120] [4,11,14,78,80,84,114,119] [2,16,35,66,68,82,90,113] [20,38,46,63,66,102,104,116] [33,36,44,69,73,82,94,106] [21,43,44,55,67,86,88,120] [17,49,57,62,68,80,99,111] [2,13,18,30,36,69,83,103] [47,60,69,86,90,109,115,122] [9,30,32,34,73,102,124,125] [2,10,33,66,99,106,107,113] [3,10,36,53,55,66,102,105] [3,4,7,17,40,61,89,120] [4,43,51,80,84,115,119,126] [2,35,66,80,90,103,106,113] [18,23,27,80,93,98,102,123] [29,36,46,65,87,91,100,104] [6,14,20,27,48,98,104,122] [22,32,35,45,70,80,114,123] [22,52,55,63,68,101,115,117] [36,47,66,71,88,112,120,123]
Token  94: [0,28,62,89,95,112,124,125] [29,45,73,74,77,85,122,126] [4,6,42,44,76,81,125,126] [20,32,40,61,65,70,100,101] [5,7,9,11,27,34,97,104] [10,18,31,48,74,87,115,119] [20,46,54,63,102,104,111,116] [32,33,44,69,73,82,94,106] [0,20,43,67,72,86,111,120] [35,40,42,49,57,68,80,109] [2,7,10,30,41,89,109,124] [16,38,48,55,64,73,92,97] [14,17,32,34,38,46,102,103] [10,71,106,109,115,120,123,127] [3,36,44,53,69,83,102,109] [7,40,77,82,89,91,119,120] [1,13,14,68,80,84,114,126] [36,49,54,58,66,83,92,113] [7,20,46,63,66,86,104,115] [21,33,44,69,73,82,94,106] [8,20,21,43,67,86,111,120] [35,40,49,57,66,68,80,82] [2,7,10,30,41,95,109,124] [18,20,42,55,64,73,97,116] [0,14,17,32,34,46,67,103] [45,57,62,91,109,120,123,127] [36,53,55,60,71,76,83,102] [7,40,46,75,77,82,89,126] [1,13,68,78,80,84,94,126] [36,49,54,58,66,86,92,113] [20,46,54,63,66,70,104,118] [6,14,44,69,73,79,82,106] [8,20,21,22,67,97,111,120] [35,40,42,57,68,78,80,82] [2,7,10,25,30,41,71,124] [18,25,30,55,64,73,97,115] [17,29,32,34,46,67,103,112] [1,29,45,62,89,91,120,127] [22,26,36,53,55,60,73,102] [7,46,51,54,77,120,125,126] [1,6,13,80,84,109,115,126] [49,54,58,80,86,92,113,122] [1,18,70,80,86,90,124,126] [40,74,80,87,89,99,104,121] [6,11,14,23,98,104,116,122] [22,26,35,45,76,114,123,125] [5,14,19,51,52,96,117,125] [15,21,26,71,74,82,121,127]
Token  95: [23,28,36,41,46,112,122,125] [29,44,92,96,103,109,122,126] [4,36,42,49,59,76,125,126] [2,13,40,61,92,113,115,117] [1,7,11,27,34,38,77,78] [10,18,26,31,48,62,87,119] [20,46,63,66,86,104,111,124] [7,19,33,44,69,73,82,106] [0,8,20,21,67,86,94,123] [35,40,42,49,67,80,106,109] [2,7,13,18,30,50,91,109] [16,38,41,42,43,55,73,126] [17,32,34,38,46,102,103,126] [10,41,57,62,68,106,109,123] [3,18,29,42,53,55,76,111] [7,20,40,75,82,89,91,119] [1,30,68,77,79,80,84,110] [0,3,37,49,64,65,82,113] [20,46,54,63,66,86,103,104] [14,33,44,69,73,82,100,106] [8,18,20,21,44,67,72,86] [35,40,49,62,68,80,106,113] [2,13,18,30,91,95,109,124] [1,16,42,55,69,73,97,115] [0,2,14,32,34,38,46,103] [10,41,57,62,101,106,109,123] [3,18,47,53,55,60,76,111] [6,7,20,40,77,82,122,126] [1,4,44,77,78,80,110,115] [0,36,49,64,65,68,103,122] [46,52,54,56,63,66,94,118] [33,48,60,73,82,100,106,110] [18,20,21,27,44,90,101,127] [35,38,40,41,80,99,106,111] [2,18,30,39,50,95,109,124] [1,25,42,55,73,92,97,115] [0,2,32,34,38,46,67,103] [10,41,57,62,91,106,109,123] [3,18,47,53,55,60,102,111] [7,17,20,31,40,46,77,107] [6,29,44,77,80,109,110,115] [0,49,63,64,65,80,103,122] [8,23,24,49,70,80,90,126] [8,47,74,80,99,104,121,125] [6,8,23,47,80,98,104,110] [5,22,26,45,47,76,83,87] [1,5,10,52,68,71,96,117] [15,21,31,44,74,92,121,127]
Token  96: [40,43,65,70,72,73,98,100] [18,38,61,70,94,100,122,127] [38,40,42,57,84,88,99,123] [2,6,31,53,71,89,100,124] [7,11,52,76,81,85,106,115] [31,37,59,61,64,66,97,125] [34,41,56,63,83,104,105,116] [3,33,49,73,100,106,109,112] [35,44,55,65,72,84,121,127] [0,9,49,80,102,110,117,125] [2,18,29,30,50,61,78,105] [3,24,49,54,61,69,115,125] [15,34,56,65,79,96,99,115] [6,10,15,23,28,58,91,106] [3,17,20,48,53,55,104,111] [10,16,31,38,40,61,85,101] [8,39,73,80,81,89,115,124] [1,19,21,42,69,99,103,105] [34,46,52,56,63,83,105,107] [45,49,73,75,82,100,106,112] [21,35,44,65,72,84,90,121] [0,5,9,49,80,102,110,125] [2,13,30,50,56,61,105,113] [1,3,23,24,49,61,92,122] [2,15,34,42,46,73,96,99] [6,15,19,28,58,78,106,110] [14,17,20,48,53,55,86,104] [2,6,16,40,70,85,101,127] [39,48,62,73,80,81,115,124] [1,19,21,33,42,55,80,118] [12,24,34,56,63,83,88,105] [18,33,49,59,75,106,112,123] [35,65,72,84,90,114,121,127] [0,2,9,80,110,111,122,125] [30,31,50,56,61,68,78,105] [1,3,15,23,24,49,54,125] [2,15,21,23,34,79,96,99] [15,23,28,58,78,106,110,118] [3,17,20,55,81,86,100,104] [16,40,52,59,70,85,101,127] [39,48,73,80,81,105,115,124] [1,19,21,42,48,69,80,103] [24,31,32,52,64,113,114,115] [31,37,46,71,77,78,88,104] [6,8,16,53,73,90,104,107] [2,22,27,32,82,87,101,114] [5,11,34,38,52,97,98,118] [20,44,73,74,77,86,105,109]
Token  97: [14,21,50,51,57,103,106,110] [3,6,9,28,62,95,109,122] [12,41,81,84,90,115,122,125] [4,5,23,39,71,87,115,117] [7,11,34,50,56,58,67,83] [18,31,47,51,68,103,105,110] [26,34,41,56,58,63,104,116] [33,44,48,73,82,100,106,109] [21,35,36,44,45,72,109,127] [0,2,32,49,65,80,84,122] [26,29,30,50,68,69,78,123] [3,48,54,63,67,69,109,125] [15,24,34,56,65,79,96,115] [23,26,28,33,82,91,98,118] [3,4,16,17,48,105,109,110] [16,17,40,50,70,72,85,103] [12,39,80,81,89,115,119,124] [1,2,18,19,55,78,90,99] [12,24,34,56,63,83,105,126] [3,24,33,49,75,82,100,112] [9,35,65,72,84,114,116,121] [0,9,13,80,98,110,122,125] [19,56,61,68,78,90,98,105] [3,23,24,26,49,54,61,125] [15,23,24,56,65,79,96,99] [15,23,26,28,58,91,110,118] [4,16,17,48,89,90,103,110] [2,10,16,59,70,72,120,127] [39,73,80,81,89,115,119,124] [1,19,21,55,78,83,88,120] [24,34,56,63,83,105,107,126] [3,33,49,75,100,106,109,112] [36,65,66,84,90,109,116,121] [0,13,32,65,80,98,122,125] [16,30,50,51,56,78,90,105] [3,23,24,54,61,63,109,125] [2,23,24,34,42,65,73,79] [23,66,82,83,91,106,110,118] [3,16,53,55,66,90,105,115] [7,16,17,40,72,89,103,120] [12,48,55,80,105,115,119,122] [2,9,35,66,78,80,90,103] [18,23,27,80,93,102,115,123] [6,29,36,46,65,87,100,104] [6,14,20,27,48,81,98,104] [12,22,32,45,58,70,114,123] [22,52,55,63,68,101,115,117] [36,47,66,71,86,88,120,123]
Token  98: [28,51,83,87,91,112,124,125] [16,22,29,48,67,68,74,122] [4,23,42,67,76,100,125,126] [12,24,61,70,92,100,101,112] [5,7,11,27,37,50,67,119] [10,31,63,74,87,93,115,119] [20,46,63,103,104,111,116,118] [2,33,44,69,73,82,100,106] [15,18,20,35,44,67,86,127] [0,32,35,65,66,68,80,102] [10,18,30,50,88,91,103,109] [22,42,48,53,60,69,89,115] [2,14,26,34,73,114,115,127] [41,57,68,76,82,83,91,106] [3,16,53,55,60,69,90,102] [6,16,17,32,40,72,99,126] [1,14,60,80,84,108,110,115] [1,4,15,46,77,82,94,103] [22,34,46,56,63,64,104,111] [2,33,44,75,82,94,100,106] [35,44,45,72,86,90,114,127] [0,32,65,68,80,84,102,111] [18,30,36,50,69,98,103,109] [18,20,53,60,63,69,89,96] [2,14,26,34,42,73,79,114] [2,41,82,83,91,98,106,110] [3,16,53,55,69,102,109,110] [16,17,40,51,58,72,82,120] [30,55,60,80,94,108,110,122] [15,46,64,82,90,94,103,122] [20,34,46,56,63,104,112,116] [2,33,44,56,73,82,100,106] [18,21,44,67,72,86,90,127] [32,35,65,68,80,82,84,111] [23,30,36,41,50,69,103,113] [18,22,48,53,69,85,89,115] [2,14,26,34,42,73,102,114] [10,18,41,45,76,82,91,106] [3,16,53,55,60,69,73,102] [16,31,40,51,60,72,120,126] [60,80,84,94,108,110,115,122] [15,36,46,52,64,80,103,122] [8,23,24,49,74,80,90,125] [12,19,49,80,100,104,121,125] [6,11,23,45,88,98,99,104] [17,22,26,45,46,76,112,114] [5,29,30,39,52,81,104,105] [15,21,35,74,95,111,121,127]
Token  99: [72,76,95,100,102,110,119,122] [12,62,70,94,100,106,117,122] [30,40,75,77,78,87,99,125] [25,61,73,82,101,103,105,116] [11,12,50,52,83,92,118,126] [17,25,31,33,37,59,64,103] [24,34,35,53,56,63,71,107] [18,24,59,62,82,100,106,109] [38,53,65,72,90,102,116,127] [0,2,17,19,32,49,80,96] [3,16,18,26,47,51,57,103] [3,20,28,48,52,54,59,125] [2,34,56,65,73,96,105,115] [26,58,78,81,82,91,103,106] [3,17,55,67,90,100,110,115] [16,40,49,52,59,70,101,120] [14,24,30,80,81,89,105,115] [1,18,21,42,55,78,82,83] [24,34,39,56,63,88,105,116] [3,24,33,49,82,100,106,112] [9,45,65,72,84,116,121,127] [0,9,10,49,80,110,122,125] [18,30,50,56,58,61,94,98] [21,23,24,49,54,61,96,125] [2,15,23,34,56,65,79,96] [42,58,77,82,91,104,106,112] [3,8,53,57,86,102,110,115] [6,16,40,59,75,91,99,120] [1,30,48,50,80,89,113,115] [9,21,72,83,93,103,107,112] [23,34,56,63,64,83,110,127] [3,33,60,73,82,100,106,110] [9,15,21,44,61,82,90,116] [10,49,66,80,84,96,102,123] [7,10,18,30,41,85,86,98] [4,21,43,78,82,85,96,116] [2,14,17,32,34,42,102,108] [20,29,42,51,91,104,106,124] [3,53,84,92,102,109,115,125] [0,11,25,40,51,75,87,120] [1,35,42,80,82,107,111,113] [13,34,39,49,59,80,88,93] [4,10,17,56,70,78,96,111] [2,71,74,75,80,96,99,108] [5,6,11,25,31,94,114,127] [26,29,48,76,88,90,95,110] [16,33,46,54,81,100,104,125] [8,46,48,53,54,65,109,110]
Token 100: [32,46,48,49,58,72,78,118] [2,12,22,33,34,62,93,122] [14,42,51,77,90,100,115,125] [13,15,50,73,84,101,116,125] [11,23,38,50,63,83,101,113] [31,55,74,83,105,107,110,119] [13,41,46,54,63,89,104,116] [2,33,44,73,82,94,100,106] [18,44,64,67,72,86,90,102] [0,17,32,51,65,66,80,102] [7,18,30,50,69,85,88,103] [22,48,69,85,86,89,109,115] [2,21,26,34,73,79,114,125] [2,29,68,82,83,91,106,113] [3,11,29,53,55,63,69,105] [16,26,38,40,50,72,75,120] [11,30,48,78,80,115,119,122] [1,2,35,66,90,99,114,122] [13,26,34,46,63,104,112,126] [2,3,33,36,56,75,82,106] [5,18,21,35,36,72,90,114] [0,13,32,38,65,80,98,122] [6,16,19,36,50,69,90,113] [3,20,54,60,63,69,89,109] [2,21,23,71,73,79,114,125] [26,33,66,82,83,106,110,118] [3,4,10,53,55,66,105,110] [16,23,26,40,58,61,72,120] [1,11,14,30,48,80,119,122] [2,35,66,78,82,90,99,103] [46,54,63,66,104,112,116,126] [2,33,36,44,56,73,82,106] [18,21,35,67,86,90,114,127] [13,17,65,66,68,80,98,111] [19,30,36,50,69,88,90,113] [50,54,63,69,85,90,109,115] [2,21,23,26,73,79,114,125] [2,33,66,82,83,106,113,118] [3,10,29,53,55,66,102,105] [3,7,16,40,61,72,89,120] [30,43,51,80,105,115,119,126] [2,9,20,35,66,78,90,103] [18,23,25,27,80,93,98,102] [6,29,36,46,87,91,100,104] [6,14,20,27,48,81,98,104] [20,22,32,45,70,80,114,123] [22,52,55,63,68,101,115,117] [36,47,66,86,88,112,120,123]
Token 101: [0,28,62,64,77,82,91,112] [8,29,45,67,73,77,104,122] [4,36,42,44,60,76,106,125] [13,15,24,56,58,70,92,101] [1,5,7,11,27,34,50,60] [0,10,31,48,60,87,115,119] [20,46,63,64,94,102,103,104] [7,32,33,44,69,73,82,106] [0,20,21,35,37,67,86,94] [0,35,40,49,66,67,80,109] [10,18,30,50,88,89,91,95] [16,39,43,48,60,73,85,97] [2,14,17,27,34,42,102,114] [1,41,62,68,82,91,106,123] [3,29,44,53,55,60,63,109] [17,20,40,72,77,82,89,120] [1,56,60,77,80,84,94,110] [0,26,36,64,66,81,100,103] [20,46,54,63,64,103,104,116] [31,33,44,73,82,94,100,106] [21,37,44,45,72,86,90,94] [5,35,40,66,68,80,84,96] [18,30,41,43,50,91,95,124] [18,42,55,69,73,85,97,115] [0,2,14,25,34,73,102,103] [41,57,62,68,82,83,91,106] [3,53,55,60,71,75,102,109] [16,40,72,77,82,89,120,126] [1,30,44,50,60,80,94,110] [26,36,46,54,64,81,82,103] [46,54,58,63,66,104,116,118] [33,36,44,73,82,94,100,106] [20,21,35,44,45,72,86,90] [35,40,68,80,84,102,106,111] [18,30,43,50,69,88,91,124] [18,25,42,69,73,85,89,115] [0,2,25,34,42,73,102,103] [16,41,57,62,68,76,82,106] [3,22,53,55,60,69,71,109] [17,20,31,40,46,60,120,126] [44,60,80,94,108,109,110,115] [15,36,46,54,64,80,103,122] [8,23,24,49,52,80,90,125] [12,19,49,80,100,104,121,125] [6,23,39,45,88,98,99,104] [5,17,22,26,45,76,112,114] [29,30,39,52,60,81,105,117] [15,21,35,82,95,111,121,127]
Token 102: [16,38,53,92,97,104,111,120] [20,34,86,92,104,105,107,122] [10,12,14,82,87,107,116,125] [3,13,25,32,61,76,89,101] [0,11,23,25,34,58,74,118] [7,31,80,97,103,107,119,125] [20,34,41,56,58,63,94,116] [33,50,60,73,82,87,100,106] [21,35,44,45,64,72,99,127] [0,32,45,80,84,94,102,111] [14,18,30,50,53,69,83,113] [48,54,64,69,85,86,89,115] [26,34,53,56,67,73,85,115] [16,21,44,75,82,91,98,106] [3,11,29,53,55,79,80,109] [6,16,17,40,50,60,82,120] [7,14,15,30,40,60,80,115] [1,15,52,53,77,78,99,103] [22,34,41,56,58,63,64,116] [3,33,44,59,82,87,100,106] [21,44,45,64,72,86,90,114] [0,5,65,80,84,94,106,111] [14,18,30,50,51,69,98,113] [20,54,60,63,69,86,89,115] [2,30,34,42,53,67,73,102] [16,26,44,75,82,91,98,106] [3,8,44,53,55,69,80,109] [9,16,17,40,60,82,86,120] [1,7,14,30,40,60,80,114] [9,15,52,53,62,82,103,117] [46,54,56,58,63,66,104,116] [33,44,73,82,87,94,100,106] [17,21,44,45,64,72,86,90] [5,68,80,94,96,97,102,111] [18,30,50,69,85,91,98,113] [60,69,85,86,89,104,115,120] [2,34,42,53,73,95,102,115] [10,21,29,44,68,75,82,106] [3,8,38,53,55,69,79,80] [16,17,31,40,60,61,78,120] [1,7,15,30,40,60,80,115] [9,15,52,53,78,80,103,117] [14,23,24,37,59,73,80,125] [8,20,43,49,81,100,104,120] [6,37,39,45,54,80,98,104] [20,22,45,46,63,80,112,114] [39,52,63,82,84,104,105,124] [10,27,32,35,52,71,90,95]
Token 103: [3,28,29,62,77,80,111,126] [11,45,76,78,86,114,116,122] [42,56,64,103,115,119,121,125] [1,11,20,25,76,101,105,119] [0,1,7,11,39,40,74,97] [30,31,53,60,80,97,103,119] [20,23,46,63,64,104,111,116] [33,44,48,82,87,94,100,106] [21,24,27,44,45,64,72,86] [17,68,80,94,96,97,102,111] [14,18,29,30,50,91,116,120] [15,60,68,86,89,97,115,120] [2,27,34,53,61,67,102,115] [24,29,44,49,68,75,95,106] [3,9,29,53,55,62,69,109] [3,9,16,40,50,82,98,120] [1,29,77,80,84,111,114,123] [9,53,77,78,82,84,103,120] [34,46,56,63,64,104,116,124] [9,33,44,82,87,94,100,106] [21,24,44,45,72,86,90,119] [35,68,80,84,94,96,102,111] [7,18,30,50,69,91,113,120] [39,60,68,69,86,89,97,115] [2,34,53,67,73,101,102,115] [24,44,49,68,82,91,95,106] [3,38,53,55,62,69,101,109] [16,17,20,40,63,82,98,120] [1,29,30,77,80,111,114,123] [9,53,62,65,77,82,84,103] [34,46,58,63,104,115,116,124] [33,36,44,82,87,94,100,106] [21,24,27,44,45,72,86,101] [17,66,68,76,80,94,102,111] [14,18,30,50,69,91,113,120] [60,68,85,86,89,97,115,120] [2,27,34,53,73,95,102,115] [24,44,49,68,75,91,95,106] [3,29,38,53,55,62,69,109] [16,17,20,31,40,61,82,120] [29,30,77,80,111,115,123,127] [0,53,63,65,77,80,84,103] [20,23,24,28,52,75,117,126] [2,8,20,47,100,104,120,121] [3,6,13,29,80,98,104,110] [5,20,22,45,47,83,87,114] [5,10,45,52,55,68,82,104] [11,31,44,54,74,90,112,127]
Token 104: [4,31,53,61,66,69,81,93] [25,45,46,83,91,98,115,122] [12,52,68,103,116,117,123,125] [1,20,25,26,71,101,106,119] [0,7,11,39,63,91,102,111] [2,30,31,80,97,100,111,119] [20,46,63,64,94,104,115,116] [9,33,44,72,82,94,100,106] [21,27,28,44,45,72,86,99] [17,43,48,68,80,84,102,105] [14,18,29,30,50,83,91,116] [5,13,15,39,58,86,115,120] [2,4,18,27,34,68,69,102] [13,24,35,44,55,68,106,121] [3,19,28,55,69,101,109,125] [3,16,34,40,50,63,100,120] [1,20,30,80,84,93,114,121] [1,14,45,61,77,82,97,103] [22,46,54,63,89,104,115,116] [33,44,72,82,88,94,100,106] [21,44,45,50,72,86,99,119] [17,43,68,80,96,102,105,111] [7,14,18,30,50,69,83,91] [13,20,39,58,60,86,90,115] [2,4,27,34,53,69,102,115] [44,47,68,79,91,103,106,121] [3,28,38,53,55,69,109,125] [3,17,34,40,63,82,100,120] [1,30,76,80,84,93,114,121] [9,45,61,62,77,82,97,103] [22,46,58,63,66,104,115,116] [33,44,72,82,88,94,100,106] [21,32,45,55,72,86,90,99] [5,17,66,68,80,85,105,111] [14,18,30,50,63,69,91,94] [13,58,60,85,86,90,115,120] [2,4,36,69,73,95,102,126] [32,47,68,79,103,106,117,121] [3,38,53,55,69,84,101,125] [16,17,31,34,40,45,100,120] [1,20,30,54,76,80,115,121] [1,14,45,61,77,80,82,97] [23,65,75,80,101,108,115,117] [4,46,58,65,66,100,104,120] [6,29,46,54,69,71,98,104] [20,22,27,45,50,54,71,114] [27,52,55,67,68,77,117,125] [32,34,55,58,74,86,112,117]
Token 105: [6,14,33,75,87,91,110,123] [22,45,60,63,65,72,75,122] [4,42,46,60,64,65,81,104] [5,19,25,74,93,99,103,106] [7,11,57,60,64,89,96,102] [30,31,55,71,97,103,110,112] [20,56,63,87,89,96,104,115] [31,32,33,44,82,94,100,106] [21,30,32,44,45,55,86,90] [0,17,62,76,80,85,100,102] [4,18,27,40,50,69,91,94] [45,58,60,85,90,94,97,115] [2,4,34,36,95,102,115,127] [8,10,29,43,44,47,91,106] [3,15,38,55,68,69,109,125] [16,32,40,45,63,100,106,120] [1,4,10,30,46,48,90,114] [1,5,45,57,77,82,103,114] [13,56,58,63,96,104,115,116] [33,48,82,88,94,100,106,123] [30,32,44,45,55,72,86,114] [17,62,68,80,85,100,102,111] [2,7,18,27,40,50,69,116] [20,45,58,60,79,86,94,115] [2,4,8,34,36,64,102,115] [8,43,44,47,91,95,106,117] [3,38,55,68,69,98,109,125] [16,32,40,45,63,100,106,120] [0,1,30,80,90,97,100,114] [1,11,57,73,77,80,82,88] [39,58,63,87,96,104,115,116] [32,33,44,82,84,88,94,100] [30,32,44,45,72,86,90,114] [0,17,62,80,85,100,102,111] [4,18,27,40,50,63,69,91] [45,53,56,72,94,95,100,115] [2,4,8,36,64,73,126,127] [8,35,47,67,91,106,112,117] [2,3,15,55,68,69,98,109] [16,30,31,40,50,100,106,125] [0,1,30,46,54,90,100,115] [11,49,57,77,80,81,82,88] [14,17,23,52,69,87,116,117] [46,52,53,61,66,83,115,120] [6,11,16,29,94,101,104,108] [18,20,45,50,71,87,95,114] [27,32,33,51,68,77,93,125] [14,28,44,58,74,82,107,112]
Token 106: [16,72,85,98,100,114,119,122] [25,52,63,78,89,96,106,122] [29,42,45,60,65,103,104,111] [5,19,25,28,93,103,106,111] [2,7,11,55,57,60,63,112] [18,20,31,55,71,83,110,112] [20,63,87,89,96,97,104,115] [32,33,44,73,82,94,100,106] [17,21,30,45,55,86,87,90] [7,17,62,80,85,92,100,102] [4,12,18,27,63,91,94,126] [45,60,72,75,90,97,99,102] [2,4,8,27,34,36,46,127] [8,45,67,92,93,106,112,117] [2,3,55,68,69,83,109,125] [17,29,32,40,45,63,75,120] [1,10,30,80,84,90,106,114] [1,5,7,44,57,77,82,114] [46,63,87,96,104,115,116,124] [32,33,36,44,82,94,100,106] [21,30,32,45,55,77,86,90] [17,68,76,80,85,91,100,111] [4,7,18,27,50,63,69,91] [45,53,60,72,90,94,95,121] [2,4,8,27,34,46,64,126] [8,29,47,92,103,106,112,117] [3,38,53,68,69,98,109,125] [17,29,32,40,45,63,75,120] [0,1,30,80,90,106,113,127] [1,5,7,44,57,77,82,88] [17,58,63,96,104,115,116,124] [21,33,36,44,82,88,94,106] [21,30,32,45,55,77,86,90] [17,67,68,80,85,89,100,111] [4,7,12,18,27,50,63,91] [45,53,56,60,72,90,95,102] [2,4,8,27,64,102,117,127] [0,8,29,34,93,103,106,117] [3,55,66,67,68,69,98,109] [29,40,45,50,63,75,106,120] [0,1,30,54,80,90,106,112] [5,7,44,50,57,73,77,82] [14,23,52,80,87,99,108,117] [5,20,58,66,68,100,104,115] [2,6,29,46,101,104,108,111] [45,50,54,69,71,91,99,114] [16,27,32,63,68,76,93,125] [3,8,53,76,87,102,104,107]
Token 107: [7,32,58,72,88,109,117,121] [1,25,27,52,63,65,97,122] [16,29,60,65,78,89,112,127] [19,25,28,46,68,91,93,111] [2,8,11,30,52,53,57,89] [17,18,31,64,74,103,110,112] [34,47,54,56,63,89,96,104] [9,24,33,59,82,100,106,109] [38,44,72,86,90,108,116,127] [0,17,19,49,80,96,111,122] [18,26,50,51,78,91,105,116] [3,24,28,48,49,60,99,125] [2,4,15,34,56,65,105,115] [15,23,26,28,58,67,91,106] [3,17,53,55,57,67,69,115] [6,16,17,31,40,49,70,101] [0,14,30,39,73,80,81,115] [1,18,21,42,55,77,78,99] [8,24,34,41,56,58,63,105] [3,24,33,49,59,82,100,112] [9,38,65,72,84,116,121,127] [0,9,49,80,110,111,122,125] [56,58,61,78,90,94,98,105] [23,24,28,49,54,61,64,125] [2,15,34,56,65,79,96,99] [15,28,42,58,78,91,104,117] [38,48,86,89,102,103,110,115] [0,6,16,40,49,59,75,120] [0,39,48,73,80,82,105,115] [1,21,55,72,75,77,83,93] [24,26,34,56,63,83,89,107] [9,33,36,44,82,100,106,109] [9,15,72,83,84,90,116,121] [0,2,10,49,80,84,96,110] [5,7,10,30,63,86,98,116] [4,21,28,52,53,64,92,121] [2,4,14,17,34,42,64,92] [8,20,29,31,52,67,93,117] [1,3,12,55,67,68,69,109] [16,29,40,45,63,75,83,106] [0,1,30,54,90,106,112,115] [5,7,44,50,57,77,78,80] [23,52,80,87,99,108,111,117] [0,5,20,46,58,66,100,115] [2,6,29,46,94,104,108,111] [29,50,54,65,87,91,95,99] [5,27,32,68,76,94,122,125] [3,4,44,53,72,87,102,107]
Token 108: [27,52,76,88,109,117,121,127] [25,27,52,57,63,66,97,122] [29,42,48,60,64,65,89,101] [19,20,25,66,87,93,111,119] [2,7,8,11,57,63,96,112] [18,31,55,83,93,110,112,114] [20,63,89,96,97,104,111,115] [1,33,36,40,44,82,89,106] [21,30,32,45,77,86,87,108] [0,17,62,76,80,85,89,100] [4,7,18,26,27,63,91,94] [11,31,45,56,95,99,100,121] [2,4,7,8,34,36,85,127] [8,35,47,67,91,92,106,112] [3,19,55,68,69,83,109,125] [11,17,29,40,63,75,100,120] [0,1,10,30,42,54,80,90] [1,37,44,50,57,77,82,114] [17,46,63,96,104,115,116,124] [33,44,82,88,94,100,106,123] [21,30,32,45,77,86,87,90] [17,62,68,76,80,85,100,111] [4,7,18,27,50,69,91,94] [31,45,53,56,60,94,95,121] [2,4,27,34,46,54,64,95] [8,35,47,67,91,103,106,112] [3,38,55,68,69,97,109,125] [16,17,26,32,40,63,75,120] [0,1,30,54,80,90,113,127] [11,50,57,77,80,82,114,120] [17,58,63,87,96,104,115,116] [32,33,44,82,88,94,100,123] [30,32,45,72,77,86,87,90] [0,17,51,80,85,100,102,111] [4,18,27,40,50,63,91,94] [45,53,56,60,85,94,95,100] [2,4,7,8,34,36,64,115] [8,35,47,67,91,103,106,112] [3,15,38,55,68,69,98,109] [16,17,30,31,40,50,63,106] [0,1,30,54,80,90,115,127] [0,11,36,50,57,63,77,81] [14,23,24,30,52,69,117,126] [46,47,58,66,100,115,121,122] [6,16,25,29,46,94,104,110] [2,5,50,65,86,87,95,99] [5,27,32,68,94,104,122,123] [4,14,44,58,74,107,112,127]
Token 109: [13,26,40,52,65,72,98,100] [18,50,63,94,100,122,124,127] [49,53,57,65,81,84,88,104] [19,25,37,51,86,93,100,116] [7,17,76,79,85,96,106,115] [31,42,59,64,66,71,103,125] [35,56,58,63,104,105,115,116] [33,49,58,82,84,94,100,106] [32,44,45,55,72,86,121,127] [0,9,17,26,55,80,85,110] [4,7,16,18,50,61,73,98] [26,45,49,60,61,94,95,115] [2,4,34,36,99,102,115,117] [6,13,28,47,78,80,91,106] [3,20,48,55,68,69,109,125] [17,31,32,40,52,63,85,120] [30,54,80,90,100,108,114,115] [1,5,19,33,72,77,82,103] [34,56,58,63,89,104,115,116] [33,49,56,59,82,94,100,123] [32,44,45,53,72,84,121,127] [0,9,17,80,85,110,111,125] [7,16,18,50,51,56,61,105] [20,23,24,25,49,52,54,61] [2,4,8,15,21,73,92,99] [15,26,28,47,78,91,95,106] [3,4,20,55,69,92,110,125] [16,32,40,52,63,75,120,127] [30,42,48,90,97,100,103,115] [1,13,42,77,80,82,99,123] [13,34,58,89,96,107,115,122] [8,24,33,56,59,75,100,123] [32,45,53,57,72,90,114,127] [0,17,26,43,80,85,96,125] [16,18,50,57,63,68,73,116] [26,52,53,60,66,85,95,120] [2,4,21,34,65,73,126,127] [13,35,47,78,80,93,106,117] [3,20,32,55,69,98,119,125] [16,30,40,45,50,52,63,89] [1,48,54,80,90,115,124,127] [1,5,19,53,72,77,80,82] [23,24,30,39,80,108,115,117] [46,53,58,66,75,88,100,115] [6,16,29,46,53,64,98,104] [2,20,38,45,71,87,95,114] [5,27,63,68,76,77,123,125] [44,58,73,74,76,87,109,112]
Token 110: [11,16,45,72,85,100,114,119] [8,22,63,72,106,119,122,127] [2,16,38,45,65,78,101,104] [2,19,25,29,72,74,86,93] [12,17,52,58,70,81,92,115] [9,22,25,37,59,64,73,91] [34,47,53,63,71,76,104,107] [18,24,45,59,82,100,106,109] [9,38,45,57,65,90,116,127] [0,2,19,49,55,80,96,122] [3,26,47,57,68,105,112,116] [3,7,24,28,30,59,60,125] [2,8,9,15,56,65,96,105] [0,15,19,26,28,32,58,78] [1,4,17,20,67,81,100,110] [8,16,49,59,70,93,101,120] [39,65,80,81,83,89,105,115] [18,21,33,42,55,78,82,83] [24,26,34,47,59,63,88,116] [6,24,28,59,62,106,109,112] [38,46,53,65,72,101,111,121] [0,10,49,80,87,110,122,125] [16,26,56,58,68,78,94,98] [3,7,21,23,28,54,96,125] [4,8,9,56,65,85,96,105] [0,19,26,58,78,103,104,122] [4,17,55,81,86,98,100,110] [12,41,49,59,70,101,120,127] [39,80,81,87,89,103,105,115] [1,18,21,55,73,82,83,88] [24,26,34,47,53,63,70,71] [9,18,28,59,62,106,109,112] [9,26,37,38,57,65,72,101] [0,2,10,49,55,87,122,125] [16,26,56,58,68,78,98,116] [3,4,7,28,64,94,96,125] [8,17,56,65,73,85,96,105] [0,26,47,58,78,103,104,112] [4,17,55,81,86,100,109,125] [11,49,59,70,75,101,120,127] [39,42,48,70,87,103,107,115] [21,34,55,59,78,88,93,105] [17,32,47,56,81,111,114,116] [31,37,69,71,82,91,96,111] [5,12,25,29,41,51,94,102] [29,38,41,54,67,82,107,110] [16,27,37,46,76,93,103,122] [3,46,48,76,83,87,102,104]
Token 111: [7,32,58,72,88,109,117,121] [1,8,25,27,44,63,65,122] [12,16,60,81,101,104,107,127] [19,25,71,81,91,93,100,126] [2,7,11,30,52,53,57,81] [18,31,64,74,83,103,110,119] [46,47,54,63,87,94,104,111] [24,33,44,45,73,82,100,106] [3,21,44,67,77,83,86,90] [0,7,17,49,71,76,80,111] [16,18,30,50,69,78,91,94] [18,21,28,48,53,59,60,90] [2,4,14,34,46,61,115,127] [10,40,66,82,91,92,101,106] [3,15,53,55,57,69,99,115] [6,17,32,40,75,89,91,125] [0,1,14,78,80,93,100,105] [1,18,75,77,82,100,103,112] [46,56,63,65,87,104,111,119] [32,33,44,45,73,82,100,106] [35,44,67,86,90,95,123,124] [7,17,68,71,76,80,102,111] [7,18,23,30,63,71,82,94] [21,22,53,60,67,72,99,100] [2,4,14,26,32,34,115,127] [51,92,93,99,104,106,112,117] [3,15,53,57,66,86,109,115] [3,6,32,40,59,75,89,125] [0,1,14,50,78,80,100,105] [1,13,72,77,82,88,100,103] [63,65,86,87,89,104,107,111] [7,24,32,33,44,82,100,106] [5,9,35,67,83,86,118,123] [7,17,38,39,68,80,102,111] [7,18,30,58,63,82,94,103] [4,21,53,94,96,99,100,104] [2,4,14,36,42,92,108,127] [20,91,92,93,104,106,112,117] [1,3,15,68,69,98,109,125] [11,32,40,49,75,89,106,125] [0,42,80,93,101,105,107,127] [30,34,59,77,80,82,88,100] [17,43,56,70,80,111,115,117] [30,41,46,58,74,75,80,82] [5,6,11,25,29,64,70,104] [29,50,65,77,86,88,99,114] [16,27,32,35,46,63,74,94] [4,48,53,72,102,107,110,113]
Token 112: [35,52,57,76,109,117,123,127] [17,25,27,47,52,63,109,122] [29,48,60,64,65,101,103,104] [25,29,67,74,86,93,101,106] [2,11,16,57,60,64,89,96] [18,20,45,55,71,103,110,112] [17,20,39,63,89,96,104,115] [31,33,36,44,82,94,100,106] [21,32,44,45,72,86,87,90] [0,14,17,26,68,80,85,102] [4,7,18,29,40,50,63,91] [13,45,53,60,90,94,95,110] [2,4,8,34,36,54,115,127] [29,31,47,85,91,103,106,117] [3,49,55,67,68,69,83,125] [3,17,34,40,45,50,75,120] [0,1,54,80,84,90,106,114] [1,7,37,77,82,100,103,114] [22,39,46,63,104,115,116,124] [31,33,44,82,88,94,100,106] [21,32,44,45,67,86,90,123] [17,68,76,80,85,96,102,111] [7,18,40,50,63,69,91,94] [13,20,58,60,72,90,94,115] [2,4,27,34,36,46,69,127] [67,79,91,93,103,104,106,117] [3,53,55,68,69,98,109,125] [17,34,40,45,63,89,120,125] [0,1,14,54,80,105,106,114] [1,7,77,82,89,100,103,120] [63,87,89,104,111,115,116,124] [32,33,44,82,94,100,106,123] [32,35,44,45,67,86,90,123] [0,17,68,76,80,85,102,111] [13,18,30,58,63,69,91,94] [28,45,53,60,72,90,96,99] [2,4,8,27,36,64,73,127] [31,32,47,67,93,103,106,117] [1,55,66,67,68,69,98,109] [29,30,40,45,59,63,89,127] [0,1,48,54,80,90,106,112] [5,7,50,55,57,77,82,89] [23,30,43,58,80,99,108,117] [46,58,66,68,98,100,104,115] [6,9,29,39,46,52,98,104] [45,50,64,65,71,91,99,114] [14,16,27,32,76,94,104,125] [3,53,61,76,87,102,107,113]
Token 113: [46,47,52,76,88,117,123,127] [4,25,27,44,52,63,109,122] [12,29,42,48,60,64,81,104] [18,19,25,60,73,74,86,100] [7,11,16,30,51,53,57,60] [18,31,35,55,93,110,112,119] [20,46,63,87,104,111,116,124] [32,33,44,63,73,82,100,106] [8,21,35,45,67,86,90,123] [7,17,67,68,76,80,102,111] [4,7,18,30,63,82,91,94] [18,53,60,72,90,97,99,100] [2,4,8,14,27,34,46,127] [40,51,89,91,92,106,112,117] [3,15,53,57,69,99,109,115] [3,17,32,40,75,89,91,125] [0,1,14,78,80,93,100,105] [1,18,27,75,77,82,100,103] [46,63,65,87,104,111,116,119] [7,32,33,44,82,94,100,106] [5,22,67,86,88,90,123,124] [7,17,68,76,80,82,102,111] [7,18,23,30,63,71,91,94] [22,53,60,67,72,90,99,100] [2,4,14,22,26,34,92,127] [29,92,93,99,104,106,112,117] [3,15,38,53,66,86,109,115] [3,21,32,40,75,89,120,125] [0,1,14,50,80,84,105,113] [1,7,34,72,77,82,88,100] [3,46,63,66,87,89,104,111] [7,32,33,44,82,94,100,106] [9,45,53,67,83,86,118,123] [7,17,38,39,68,80,102,111] [7,18,21,63,71,82,91,94] [4,6,53,60,72,96,99,100] [2,4,8,14,64,92,115,127] [20,52,67,92,93,106,112,117] [1,53,66,67,69,98,109,125] [17,29,32,40,45,75,89,125] [0,1,30,80,93,106,112,126] [7,34,50,57,73,77,82,93] [16,23,30,43,80,99,108,117] [5,46,58,66,68,100,104,115] [6,14,27,52,63,98,104,108] [45,50,51,64,65,99,114,117] [14,16,18,27,32,63,94,125] [3,4,53,72,87,102,107,113]
Token 114: [35,52,57,76,109,117,123,127] [13,18,25,27,52,63,97,122] [12,29,42,60,64,65,101,104] [19,25,60,74,86,93,100,108] [7,11,16,51,57,60,61,96] [9,20,31,55,71,103,110,112] [17,39,46,63,89,97,104,115] [31,32,33,44,82,94,100,106] [21,30,32,40,45,67,86,87] [7,17,68,76,80,85,100,102] [4,18,27,50,63,69,91,94] [45,53,56,60,94,95,97,100] [2,4,7,8,27,34,36,127] [8,31,43,67,91,92,106,112] [2,3,15,53,55,68,69,109] [16,17,32,40,45,75,89,120] [0,14,54,80,84,90,108,114] [1,36,50,57,63,77,103,108] [17,22,46,63,104,115,116,119] [9,33,44,48,82,94,100,106] [30,32,44,45,67,86,87,90] [7,17,68,76,80,100,102,111] [2,4,18,27,40,69,91,94] [45,53,56,60,94,95,99,100] [2,4,8,27,34,36,64,127] [8,31,47,67,91,103,106,112] [3,15,18,55,68,69,109,125] [16,17,32,40,63,75,107,120] [0,44,54,77,80,90,108,114] [0,50,57,63,65,77,82,103] [17,22,56,58,63,104,115,116] [9,33,44,82,94,100,106,123] [27,30,32,44,45,72,86,87] [17,62,68,80,85,100,102,111] [4,18,27,50,69,91,94,99] [45,53,56,60,85,94,95,100] [2,4,7,38,73,94,102,115] [8,31,47,91,106,109,112,123] [2,3,18,38,55,68,69,109] [16,17,20,30,31,40,50,107] [0,29,54,77,80,108,115,127] [0,50,57,63,65,77,80,103] [14,20,23,24,69,80,117,126] [46,47,53,100,104,120,121,122] [6,11,25,29,80,98,104,110] [5,22,45,47,83,87,99,114] [1,10,32,52,68,71,122,123] [4,31,44,74,82,92,107,127]
Token 115: [13,26,40,52,65,72,98,100] [18,50,63,94,100,122,124,127] [49,53,65,81,84,88,99,104] [6,25,31,37,86,93,100,101] [7,11,73,76,79,85,106,115] [42,59,61,66,71,97,109,125] [35,56,58,63,83,104,105,115] [33,49,50,82,94,100,106,112] [21,44,45,72,84,86,121,127] [0,9,17,62,80,85,110,111] [18,50,61,69,73,91,105,113] [24,26,45,49,53,60,61,115] [15,34,56,73,95,99,102,115] [6,13,15,28,31,80,95,106] [3,20,32,38,48,55,69,109] [11,16,17,40,50,63,85,120] [8,30,39,54,80,108,114,124] [1,19,42,69,72,77,78,103] [34,56,58,63,89,105,115,116] [3,33,44,49,82,94,100,106] [21,44,45,72,84,86,116,121] [0,9,17,80,84,110,111,125] [18,30,50,56,61,91,98,105] [23,24,49,54,60,61,69,89] [2,15,34,73,79,80,99,102] [6,15,26,28,58,78,91,106] [3,4,17,20,38,48,55,69] [16,17,32,40,63,85,101,120] [30,39,48,54,80,108,114,124] [1,19,42,72,77,80,103,118] [34,46,56,58,63,105,115,116] [33,44,49,82,94,100,106,112] [21,44,45,55,65,72,86,121] [9,17,80,85,102,110,111,125] [18,50,56,61,69,73,91,105] [23,24,26,49,53,61,85,115] [2,15,34,54,73,95,99,102] [6,13,15,28,31,78,80,106] [2,3,20,32,38,48,55,69] [16,17,31,40,63,64,85,101] [8,30,54,80,108,115,124,127] [19,42,53,72,77,78,80,103] [14,23,24,39,80,115,117,126] [46,49,53,77,100,104,120,121] [3,6,29,53,69,80,98,104] [5,22,27,45,47,83,87,114] [10,45,52,55,68,82,123,124] [73,74,86,90,107,109,112,124]
Token 116: [9,21,32,69,90,93,107,120] [6,8,22,45,60,63,83,122] [12,65,68,103,116,117,123,125] [25,64,86,89,93,101,106,110] [7,11,34,79,85,91,102,111] [2,31,47,55,103,109,111,125] [39,43,46,58,63,104,115,116] [33,72,82,84,88,94,100,106] [21,27,28,44,45,72,86,99] [17,26,43,68,76,80,85,105] [14,18,29,50,73,83,91,123] [13,26,45,53,58,60,85,115] [2,4,27,34,36,69,102,120] [6,13,31,35,68,79,106,121] [2,3,28,38,55,69,84,101] [3,17,34,40,50,63,100,120] [1,20,30,54,80,114,121,127] [9,14,30,45,72,77,97,103] [13,22,46,63,89,104,116,124] [5,33,44,72,82,94,106,123] [21,28,32,44,45,86,99,100] [17,43,68,76,80,85,105,111] [7,14,18,40,50,69,73,91] [13,20,58,60,85,90,95,115] [2,27,34,36,52,69,102,120] [13,47,55,68,79,103,106,121] [2,3,28,38,55,57,69,101] [3,6,17,34,40,63,100,120] [1,14,20,30,80,114,121,127] [1,5,9,30,45,77,82,97] [22,46,63,89,96,104,115,116] [5,32,33,44,82,88,94,106] [21,32,35,45,67,86,99,100] [17,68,76,80,85,102,105,111] [14,18,40,50,69,91,94,123] [13,26,58,59,60,85,90,115] [2,27,34,36,69,73,95,102] [13,35,55,68,79,93,106,121] [2,3,28,38,55,69,84,101] [3,16,17,34,40,89,100,120] [1,20,30,80,105,114,121,127] [1,9,14,30,45,77,82,97] [14,23,55,80,101,115,117,119] [4,5,20,36,46,100,104,120] [6,29,54,69,71,98,104,108] [2,20,22,27,45,71,114,127] [52,55,63,67,68,117,125,127] [27,32,34,55,58,86,112,117]
Token 117: [14,22,33,64,75,87,91,110] [9,13,28,60,63,72,122,126] [4,12,42,46,60,64,83,104] [24,30,70,73,74,80,100,106] [5,7,11,51,57,60,64,102] [20,31,55,103,109,110,115,119] [14,39,46,63,87,89,104,116] [5,33,44,58,82,94,100,106] [21,35,37,45,72,86,100,127] [7,17,26,35,41,68,76,80] [18,33,40,50,82,85,91,103] [39,60,62,85,94,97,100,122] [2,8,14,27,34,36,61,115] [2,13,35,40,68,87,106,112] [2,3,15,18,38,57,69,109] [17,32,40,50,54,63,100,120] [1,14,30,54,80,84,108,127] [0,1,9,36,65,77,82,100] [14,22,46,58,63,89,104,116] [5,33,44,82,88,94,100,106] [32,35,44,45,61,86,90,100] [7,17,35,41,68,76,80,102] [18,33,40,50,82,85,91,95] [20,60,62,85,94,97,100,115] [2,14,34,36,52,61,102,115] [13,35,57,68,106,109,112,123] [3,15,18,38,55,57,69,109] [16,17,32,40,54,63,100,120] [1,14,30,44,54,80,108,127] [0,9,30,36,65,77,82,120] [14,22,58,63,104,115,116,118] [5,33,44,82,88,94,106,123] [21,32,35,44,45,72,86,100] [7,17,23,41,68,76,80,102] [18,33,40,50,69,82,91,124] [42,60,62,85,94,97,100,115] [2,14,34,36,38,52,73,102] [35,62,68,87,106,109,112,123] [2,3,15,18,38,55,60,69] [17,20,31,32,40,54,107,126] [30,44,54,77,80,108,115,127] [0,9,63,65,80,82,100,121] [20,23,24,49,70,80,115,126] [46,47,56,68,75,100,120,121] [3,6,11,29,80,98,104,110] [5,22,27,45,47,83,87,114] [1,5,10,52,55,68,123,125] [11,15,31,44,74,82,86,127]
Token 118: [13,26,40,65,72,98,100,122] [18,50,63,94,100,122,124,127] [49,53,57,81,84,88,104,125] [25,30,37,68,71,73,100,125] [7,11,76,79,85,102,106,115] [42,55,59,61,64,66,103,125] [14,35,56,58,63,83,104,105] [5,31,33,36,49,94,100,106] [44,45,55,72,84,86,121,127] [0,9,17,26,76,80,102,110] [18,29,40,50,61,73,91,105] [26,49,60,61,62,94,115,120] [2,27,36,52,61,102,107,115] [6,13,28,35,68,78,80,106] [3,20,38,48,55,57,69,109] [17,23,40,50,63,85,100,120] [1,8,54,80,108,114,124,127] [1,5,9,19,30,72,77,103] [13,14,56,58,63,89,105,115] [5,33,36,48,49,82,94,100] [44,45,66,72,84,86,90,121] [9,17,68,76,80,85,98,110] [18,50,61,69,73,90,105,113] [20,23,24,26,49,60,61,85] [2,15,39,61,73,99,102,108] [6,13,15,28,58,78,91,106] [3,4,20,38,48,55,69,110] [16,17,32,40,63,85,101,120] [8,48,54,80,108,114,124,127] [1,4,19,53,72,77,99,103] [13,34,56,58,63,105,115,116] [33,44,49,82,94,100,106,112] [21,44,45,55,72,86,90,121] [9,17,26,80,85,110,111,125] [18,30,50,56,61,69,73,105] [23,24,26,49,60,61,85,115] [2,15,23,73,79,99,102,107] [6,13,15,28,79,80,106,118] [3,10,20,38,48,55,69,109] [16,17,40,61,71,85,101,120] [8,30,54,80,108,115,124,127] [15,19,42,53,72,77,80,103] [12,23,24,39,68,115,117,126] [8,46,49,77,88,100,104,120] [0,6,29,53,69,80,98,104] [5,22,27,45,54,83,112,114] [10,52,55,68,82,105,123,124] [35,73,74,86,90,95,109,124]
Token 119: [9,14,21,31,63,83,93,120] [8,23,34,41,42,63,122,126] [53,62,67,72,81,84,88,125] [5,6,20,21,25,64,93,111] [7,11,25,43,76,79,85,106] [31,42,47,61,96,97,103,125] [34,41,56,63,83,105,115,116] [5,31,33,48,49,94,100,106] [44,45,55,66,72,84,121,127] [9,17,26,62,80,98,102,110] [18,28,29,50,61,73,90,105] [26,28,49,53,60,61,90,115] [15,18,34,36,79,99,107,115] [6,13,21,80,83,91,106,118] [3,10,38,48,55,69,79,110] [16,23,31,40,50,63,85,103] [8,10,28,73,114,115,124,127] [1,15,19,69,77,99,103,122] [13,56,58,63,89,105,115,116] [5,33,48,49,82,94,95,100] [32,44,45,66,72,84,90,121] [0,9,17,62,76,80,98,110] [18,26,50,61,73,90,105,113] [20,24,26,49,60,61,85,90] [2,15,23,79,99,102,107,115] [6,15,28,80,91,98,106,118] [3,10,38,48,55,69,75,79] [9,16,17,40,63,85,86,120] [8,14,30,80,84,114,124,127] [9,15,19,62,69,77,82,103] [34,46,58,63,104,105,115,116] [33,36,44,49,82,94,100,106] [21,44,45,55,66,72,86,90] [9,17,62,68,80,98,102,111] [18,30,50,61,69,73,90,105] [24,26,49,53,60,61,85,115] [2,15,23,73,79,99,102,107] [6,13,28,68,80,98,106,118] [3,10,38,48,53,55,69,79] [16,17,31,40,50,71,85,120] [8,30,73,80,114,115,124,127] [15,19,48,53,69,77,80,103] [21,23,24,31,64,68,115,117] [12,19,49,77,88,100,104,120] [0,6,29,73,88,98,99,104] [17,22,27,45,46,71,112,114] [29,30,39,52,55,68,81,105] [32,35,52,73,86,95,111,117]
Token 120: [9,21,22,31,38,53,69,93] [8,23,25,45,63,83,91,122] [12,53,65,68,116,117,123,125] [1,25,26,29,64,93,101,106] [11,56,63,79,83,91,102,111] [2,30,31,47,71,96,111,119] [20,46,63,89,96,104,115,116] [33,44,72,82,94,95,100,106] [21,27,28,44,45,72,86,99] [26,62,68,79,80,98,102,105] [14,18,50,73,90,91,107,123] [13,26,39,58,69,85,115,122] [27,30,34,69,79,80,102,107] [6,35,80,83,98,106,118,121] [3,10,28,55,57,69,101,125] [3,17,23,34,40,87,100,120] [20,30,76,80,84,114,121,127] [1,7,45,61,77,90,97,124] [13,22,46,63,89,96,115,116] [33,36,44,72,82,88,94,100] [18,27,32,35,45,66,86,99] [17,68,76,79,80,85,98,105] [18,19,50,63,73,90,91,113] [1,26,58,60,85,90,115,122] [2,4,30,34,69,79,102,107] [6,30,47,80,91,106,117,118] [3,10,38,55,57,69,101,125] [3,17,34,40,45,87,100,120] [30,76,80,84,90,114,121,127] [5,7,45,61,77,82,90,103] [22,46,58,63,89,104,115,116] [33,36,44,82,88,94,100,106] [21,32,37,45,66,72,86,99] [17,68,76,80,85,98,105,111] [18,19,50,63,73,90,91,94] [1,26,58,60,72,85,90,115] [2,4,23,36,69,79,102,107] [6,47,79,80,98,106,117,118] [3,10,38,55,69,84,101,119] [16,17,29,30,34,40,45,100] [30,54,80,84,112,115,121,127] [7,14,45,61,77,80,82,97] [14,23,65,75,80,101,115,117] [4,20,46,65,66,100,104,120] [6,29,46,54,69,71,98,104] [2,22,27,45,50,54,71,114] [27,52,55,67,68,77,104,117] [32,34,55,58,71,86,112,117]
Token 121: [2,6,33,75,87,91,104,123] [8,28,60,63,65,74,103,122] [42,46,60,64,65,92,104,127] [5,25,29,74,93,103,106,110] [7,11,56,57,64,83,96,102] [30,31,43,55,71,96,97,112] [39,47,63,87,88,96,104,115] [31,33,36,58,82,94,100,106] [30,32,44,45,55,86,90,123] [0,17,62,76,79,80,85,100] [4,18,27,50,69,91,94,107] [1,45,56,58,69,85,90,94] [4,7,30,34,35,36,54,107] [8,13,35,47,67,91,106,118] [3,10,55,63,68,69,119,125] [17,30,32,40,45,63,100,106] [10,28,30,90,98,106,114,127] [1,5,7,49,57,77,82,90] [17,22,46,63,87,96,115,116] [32,33,44,58,82,88,94,100] [18,30,32,45,55,72,86,90] [17,62,68,76,79,80,85,100] [4,12,18,19,27,31,50,118] [1,31,45,52,56,60,72,85] [2,4,30,34,35,54,61,64] [8,13,43,47,67,91,106,117] [3,38,67,68,69,109,119,125] [17,29,30,40,45,87,106,120] [0,10,28,30,90,97,112,127] [5,7,11,13,57,77,82,114] [17,22,58,63,87,96,115,116] [33,36,44,82,88,94,100,106] [21,30,32,45,72,86,90,108] [17,23,62,68,76,80,85,100] [4,18,19,27,31,50,63,91] [1,45,56,72,92,94,95,100] [2,4,7,24,35,36,54,64] [8,13,35,38,47,106,112,117] [2,3,15,55,67,68,69,119] [16,29,31,32,40,45,100,106] [0,28,30,48,54,90,112,115] [7,11,49,54,57,77,80,82] [14,23,52,69,86,87,110,117] [24,53,66,99,100,115,122,124] [6,11,19,29,94,104,108,113] [5,20,45,48,50,71,87,114] [27,32,33,51,68,76,77,122] [23,28,44,57,58,82,107,112]
Token 122: [16,38,72,98,100,114,119,122] [22,25,52,63,77,78,106,122] [29,42,45,60,65,101,107,127] [19,20,25,28,68,93,103,106] [2,7,8,11,57,60,63,67] [18,20,31,55,71,91,110,112] [39,46,63,89,96,97,104,115] [33,40,44,58,82,89,94,106] [21,30,32,45,55,86,90,108] [17,62,68,76,80,85,100,102] [4,7,12,18,27,63,91,94] [32,45,56,60,72,90,94,95] [2,4,7,27,34,61,125,127] [8,29,34,35,87,106,112,117] [2,3,10,68,69,94,109,125] [17,29,32,40,45,63,106,120] [1,10,30,80,84,90,106,127] [1,5,7,57,62,77,82,114] [22,46,63,96,104,115,116,124] [32,33,44,82,88,94,100,106] [21,30,32,45,55,67,86,90] [17,62,68,76,79,80,85,100] [4,12,19,27,50,63,91,94] [25,45,52,56,60,72,90,95] [2,4,8,27,30,34,61,102] [67,83,92,93,103,106,117,118] [3,38,53,67,68,69,98,109] [29,40,45,58,89,106,120,125] [0,1,30,80,84,90,106,127] [1,5,7,13,57,73,77,82] [22,46,63,66,87,104,115,116] [9,32,33,44,82,88,94,106] [21,30,32,45,67,77,86,123] [7,17,68,76,80,85,100,111] [4,12,18,27,58,63,91,94] [45,53,56,60,72,90,95,96] [2,4,8,27,46,64,102,127] [0,8,47,67,93,103,106,117] [2,38,55,66,67,69,98,119] [17,29,30,40,45,63,106,127] [0,30,48,54,90,106,112,127] [5,7,44,50,55,57,77,80] [14,23,52,69,80,99,108,117] [46,52,58,66,68,100,104,115] [2,6,29,39,46,57,105,111] [20,29,30,50,71,91,99,114] [16,27,32,57,68,76,104,122] [3,53,76,87,102,104,107,112]
Token 123: [7,38,46,58,72,88,109,123] [1,24,25,27,52,63,65,122] [2,29,45,60,65,89,104,127] [18,19,25,28,68,93,94,103] [2,7,8,11,53,57,63,96] [31,55,71,83,91,103,110,112] [20,46,47,63,87,96,104,115] [33,40,44,58,82,94,100,106] [21,32,45,55,67,77,86,90] [0,7,17,62,68,76,80,85] [4,18,27,50,63,69,91,94] [43,53,60,72,95,96,99,100] [2,4,8,27,34,65,115,127] [8,40,58,66,67,91,106,112] [3,23,53,55,69,109,115,125] [6,16,17,32,40,82,89,120] [0,1,14,50,80,84,114,115] [1,9,17,35,62,77,100,103] [46,52,56,63,64,104,110,116] [33,44,48,73,82,94,100,106] [21,44,45,80,86,95,106,122] [1,5,80,89,96,102,118,127] [18,30,45,50,52,62,64,119] [9,21,29,67,85,96,107,115] [2,34,42,46,58,74,87,102] [10,40,42,91,101,104,106,115] [3,7,8,14,34,53,111,115] [1,16,37,40,48,56,68,75] [1,39,42,50,78,80,114,115] [17,72,75,88,93,103,104,117] [10,36,52,56,63,64,83,110] [33,34,43,48,73,100,103,106] [9,15,21,35,44,90,95,122] [1,65,80,102,111,118,123,127] [2,7,18,30,52,62,80,103] [4,21,28,43,78,85,114,121] [2,4,14,34,42,92,102,108] [20,51,52,67,93,106,112,117] [3,55,67,68,69,92,109,125] [16,29,30,32,40,45,63,125] [0,30,42,48,54,90,112,115] [5,7,11,44,57,77,80,100] [23,52,80,87,99,108,111,117] [30,46,58,66,96,100,115,122] [6,16,29,46,67,94,108,111] [5,29,50,87,91,92,95,99] [5,27,32,68,76,94,104,122] [4,44,53,74,87,92,102,107]
Token 124: [46,52,76,88,109,117,123,127] [25,27,52,57,63,65,77,97] [29,42,48,60,65,89,101,112] [19,20,25,28,51,68,93,108] [2,7,8,11,16,30,57,63] [20,23,31,55,91,93,99,112] [39,46,63,96,97,104,115,117] [1,29,33,36,40,44,82,89] [21,30,32,45,74,87,90,108] [17,51,62,76,80,85,89,100] [4,7,12,18,27,50,91,94] [1,45,53,56,72,85,95,99] [2,4,7,8,30,34,54,80] [8,35,47,67,91,92,106,112] [2,3,14,38,68,69,109,119] [17,29,32,40,45,63,100,120] [0,28,30,54,80,90,98,114] [1,11,50,57,77,82,114,123] [17,22,46,63,96,104,115,116] [21,33,44,58,82,88,94,100] [21,30,32,45,77,86,87,90] [17,62,76,79,80,85,89,100] [4,12,18,27,31,50,91,94] [1,31,45,53,56,60,85,95] [2,4,27,30,34,35,64,117] [8,35,38,47,67,95,106,112] [3,14,38,55,68,69,109,125] [17,29,30,40,45,63,75,120] [0,1,14,28,30,54,90,127] [11,13,50,57,77,80,88,114] [17,22,58,63,96,104,115,116] [33,44,58,82,88,94,100,123] [18,30,32,45,72,77,87,90] [17,51,76,79,80,85,100,115] [4,12,18,19,27,31,50,91] [1,39,45,54,56,85,92,95] [2,4,7,34,35,36,64,117] [8,35,38,47,67,91,106,112] [3,11,38,46,55,68,69,94] [2,16,17,30,31,40,54,125] [0,28,30,54,80,90,115,127] [11,36,44,50,57,77,80,103] [14,23,24,68,69,87,117,126] [30,46,58,66,100,115,120,122] [3,6,11,16,29,69,104,110] [5,20,50,83,87,93,95,99] [5,10,27,32,68,94,104,122] [4,31,44,74,92,107,112,127]
Token 125: [13,26,40,52,65,72,98,100] [18,50,63,94,100,122,124,127] [49,53,57,65,84,88,99,104] [19,25,29,31,37,86,93,116] [7,25,43,73,85,96,102,106] [20,42,55,59,71,96,103,112] [35,47,56,58,63,96,104,115] [8,31,33,36,84,94,100,106] [32,40,44,45,55,72,86,127] [0,17,26,62,76,80,85,100] [4,7,18,50,63,73,81,107] [1,13,26,45,60,69,95,115] [2,4,7,27,30,36,107,117] [6,29,47,58,80,95,106,118] [3,10,20,38,55,68,69,125] [17,32,34,40,48,63,100,106] [28,30,54,80,90,100,114,127] [1,72,77,90,99,122,123,124] [44,56,58,63,89,96,115,116] [33,36,59,82,84,94,100,123] [32,45,53,55,66,72,86,124] [17,23,51,68,79,80,85,98] [16,18,19,31,50,73,81,90] [1,20,31,45,52,60,85,95] [2,4,30,34,35,79,95,107] [36,47,78,91,95,99,106,118] [3,14,20,22,55,69,109,125] [16,26,48,59,63,87,99,106] [10,28,42,48,54,90,97,127] [13,72,77,99,105,114,123,124] [34,44,58,63,88,89,115,116] [24,33,44,56,82,94,100,123] [3,5,18,21,37,45,90,124] [17,26,69,80,81,91,94,105] [5,16,28,35,73,92,114,118] [3,6,52,53,58,66,75,120] [4,7,22,54,69,92,93,111] [13,35,47,78,91,92,106,112] [3,15,20,32,55,68,69,125] [16,40,52,63,83,89,106,120] [1,28,54,80,90,105,115,127] [1,5,50,53,72,77,80,82] [14,23,24,39,68,80,115,117] [30,46,53,58,66,75,100,120] [6,29,46,53,69,98,104,108] [2,20,22,38,45,71,95,114] [27,52,63,68,76,77,123,125] [58,73,76,84,87,107,109,112]
Token 126: [9,11,16,72,85,100,114,119] [15,22,63,72,106,119,122,127] [2,16,29,38,45,65,78,101] [2,19,25,29,74,81,86,93] [11,46,52,70,81,83,92,115] [25,37,59,64,73,91,97,103] [34,47,53,63,71,76,89,107] [9,18,24,33,59,100,106,109] [9,38,45,65,72,90,116,127] [0,2,17,19,49,80,96,122] [3,18,26,51,57,68,78,105] [3,7,24,28,49,54,60,125] [2,15,56,65,96,99,105,115] [15,19,23,26,28,58,78,106] [3,17,20,48,55,57,90,110] [10,16,31,40,70,85,101,120] [14,30,39,73,80,81,89,115] [1,18,19,21,42,77,83,99] [8,24,26,34,56,63,88,105] [3,24,33,49,59,100,106,112] [9,65,72,84,101,116,121,127] [0,9,10,49,80,110,122,125] [56,58,61,68,78,90,98,105] [23,24,28,49,54,61,64,125] [15,23,34,56,65,79,96,99] [15,28,42,58,82,104,110,118] [4,20,48,86,89,103,110,115] [6,16,40,49,59,75,99,120] [39,48,73,80,82,87,89,115] [1,21,33,55,72,75,83,93] [24,34,56,63,83,88,105,107] [3,33,49,82,100,106,109,112] [9,15,65,84,90,101,116,121] [10,25,49,65,80,96,110,123] [5,7,10,26,30,45,86,98] [4,21,28,64,78,82,92,121] [14,17,28,32,34,42,54,108] [20,27,29,42,77,91,104,124] [3,53,57,69,74,86,102,125] [11,17,40,48,75,91,120,121] [1,14,42,50,80,94,107,113] [13,34,50,59,77,83,88,103] [8,17,25,56,70,77,87,111] [18,30,72,74,80,98,99,111] [5,6,12,25,30,103,104,107] [26,29,41,76,88,110,113,114] [16,27,43,46,76,93,99,100] [3,67,76,80,87,102,104,119]
Token 127: [7,32,58,72,88,109,117,121] [25,27,52,63,65,87,97,122] [12,16,45,60,81,101,107,127] [19,25,29,74,81,86,100,103] [2,7,11,16,30,53,57,70] [31,59,64,74,93,103,110,112] [20,34,54,56,63,87,104,111] [24,32,33,44,59,82,100,106] [38,45,72,77,86,90,108,127] [0,7,17,71,76,80,96,111] [18,27,50,51,69,78,91,94] [21,28,48,53,59,60,90,99] [2,4,27,34,61,65,115,127] [10,40,42,82,91,101,103,106] [3,23,53,55,69,90,110,115] [6,16,17,32,40,89,101,121] [0,14,50,75,80,105,114,115] [1,9,17,18,77,82,103,112] [34,52,56,63,64,105,110,127] [33,48,49,51,82,100,106,112] [44,65,84,95,103,116,121,127] [1,9,10,80,110,122,125,127] [18,30,52,56,61,78,98,105] [3,9,23,28,67,92,96,125] [2,9,34,42,46,56,74,104] [23,42,71,73,82,99,104,106] [7,8,14,82,99,102,110,115] [11,16,32,44,48,59,75,91] [1,42,48,50,80,89,114,115] [17,72,75,77,93,103,104,112] [36,52,56,63,64,75,83,110] [33,48,51,73,95,100,106,110] [9,15,33,44,84,90,95,116] [1,9,10,65,80,96,123,127] [7,18,26,35,52,98,103,119] [4,21,29,43,60,78,107,114] [2,14,34,42,75,87,102,108] [2,10,20,29,73,101,104,112] [3,6,15,53,82,102,115,125] [11,16,17,32,40,44,75,91] [1,42,48,50,75,80,105,107] [1,34,39,59,72,77,88,93] [8,17,25,33,56,70,111,114] [18,30,58,61,74,80,82,83] [5,6,9,11,25,29,104,113] [29,77,86,88,91,99,110,114] [16,27,32,37,46,74,94,100] [4,53,54,72,102,107,110,118]
