MODEL: qwen3_30b
TOKEN_COUNT: 128
ACTIVE_EXPERTS: 8
================================================================================
PROMPT TEXT:
Partly due to these events , and partly due to the major losses in manpower Gallia suffers towards the end of the war with the Empire , the Nameless are offered a formal position as a squad in the Gallian Army rather than serve as an anonymous shadow force . This is short @-@ lived , however , as following Maximilian 's defeat , Dahau and Calamity Raven move to activate an ancient <unk> super weapon within the Empire , kept secret by their benefactor . Without the support of Maximilian or the chance to prove themselves in the war with Gallia , it is Dahau 's last trump card in creating a new Darcsen nation . As an armed Gallian force invading the Empire just following the two nations ' cease @-@ fire would certainly wreck their newfound peace , Kurt decides to once again make his squad the Nameless , asking Crowe to list himself and all under his command as killed @-@ in @-@ action . Now owing allegiance to none other than themselves , the 422nd confronts Dahau and destroys the <unk> weapon . Each member then goes their separate ways in order to begin their lives anew .
================================================================================
GENERATED TEXT:
 The 422nd is officially disbanded . 

Based on the passage, what is the reason for the disbanding of the 422nd?

Options:
A) They were offered a position in the Gallian Army
B) They were defeated by the Empire
C) They were disbanded after destroying the super weapon
D) They were ordered to disband by their commander

The passage states that after the 422nd destroys the super weapon, each member goes their separate ways, leading to the official disbanding of the 422nd. The key event here is the destruction of the
================================================================================
EXPERT TRACE (Per token, list of layer expert IDs):
================================================================================
Token   0: [14,21,50,51,57,103,106,110] [3,6,9,48,62,74,95,122] [36,41,50,84,90,101,122,125] [2,4,37,71,78,87,108,123] [11,40,50,52,56,63,67,113] [18,22,47,51,68,75,105,110] [3,23,38,56,63,86,100,111] [1,32,33,45,48,82,106,109] [3,36,38,67,95,105,109,122] [0,32,65,80,81,96,97,99] [18,25,26,30,50,52,69,123] [24,43,46,48,67,69,96,109] [15,34,56,65,75,79,80,115] [10,23,26,28,66,71,91,98] [3,4,16,23,48,99,105,110] [16,17,40,59,72,85,91,103] [14,30,65,78,81,89,115,124] [1,18,19,78,82,83,99,112] [24,34,44,56,58,63,105,116] [3,24,45,49,59,75,82,112] [38,65,72,84,101,121,123,127] [0,9,49,80,98,110,122,125] [19,26,56,61,68,69,90,98] [7,21,23,24,26,54,96,125] [9,15,23,24,65,79,96,99] [15,23,26,28,58,61,82,118] [4,17,48,100,105,109,110,115] [16,17,40,59,70,72,120,127] [14,48,78,81,89,115,119,124] [1,18,66,77,82,83,103,112] [12,23,24,34,56,58,63,107] [45,48,56,75,82,100,106,109] [36,38,44,72,90,101,105,109] [0,32,49,65,80,96,99,111] [18,26,30,50,69,98,103,113] [3,39,46,59,63,69,96,109] [2,24,42,65,73,75,80,114] [23,66,73,82,91,104,106,113] [3,8,16,23,55,90,105,115] [16,17,40,59,61,72,89,121] [12,14,43,78,80,102,115,119] [2,9,18,35,66,80,103,112] [16,18,27,80,93,102,115,123] [6,29,36,44,46,68,87,104] [6,20,27,48,56,69,81,104] [22,27,32,58,70,80,114,123] [22,52,55,60,98,101,115,117] [36,47,66,85,86,88,120,123]
Token   1: [11,16,72,85,100,114,118,119] [16,21,48,63,64,106,111,122] [2,36,45,52,65,93,101,111] [25,37,78,81,93,103,112,123] [11,50,56,57,63,67,83,113] [5,18,22,51,54,75,79,105] [22,23,56,63,86,97,104,127] [1,4,32,45,48,58,81,82] [3,35,36,47,61,67,99,125] [17,24,32,65,71,80,97,99] [16,18,25,80,85,88,103,113] [18,43,46,50,69,72,89,90] [2,26,46,73,75,80,85,114] [2,10,66,71,73,82,98,126] [3,16,23,38,55,68,69,115] [8,16,17,40,68,72,89,121] [14,30,75,78,81,90,101,114] [5,7,9,18,66,77,82,112] [13,22,23,58,63,86,87,104] [1,4,32,45,59,75,82,100] [15,18,35,36,44,55,100,114] [0,32,65,71,84,92,99,122] [16,18,69,85,88,94,103,113] [20,43,46,59,63,69,89,96] [2,34,46,52,73,75,80,114] [2,23,66,73,82,98,106,117] [3,16,23,38,44,68,73,115] [8,16,17,40,68,72,89,121] [1,14,30,75,78,100,101,119] [9,66,77,82,88,99,112,122] [22,23,52,86,87,104,112,127] [2,4,8,45,48,56,82,100] [18,35,36,53,61,77,83,114] [24,32,47,65,71,82,97,99] [16,18,36,69,85,88,94,103] [3,30,33,46,59,69,90,99] [34,39,52,64,73,80,114,127] [45,47,66,82,91,92,106,117] [1,3,16,55,68,73,105,109] [17,40,52,59,72,89,106,120] [12,14,78,90,100,101,115,119] [5,7,34,57,77,82,88,112] [12,16,27,43,71,108,115,117] [7,29,46,58,66,68,82,104] [3,6,27,46,56,57,69,104] [4,12,20,45,58,71,114,117] [16,27,52,55,76,93,104,125] [3,20,53,58,73,76,87,102]
Token   2: [7,30,46,58,72,88,109,121] [1,48,64,65,87,89,111,122] [2,36,45,94,101,107,111,127] [9,23,28,37,81,84,103,112] [11,30,50,52,57,63,67,101] [5,18,44,74,75,79,103,110] [23,54,63,71,86,87,104,127] [1,4,5,32,45,48,82,109] [3,38,47,61,65,67,90,116] [0,17,19,71,80,81,111,124] [18,26,30,53,69,91,94,105] [21,24,28,43,46,60,99,101] [2,15,34,46,56,65,115,127] [0,10,15,19,28,58,101,106] [3,17,57,67,99,100,110,115] [16,17,40,49,70,89,91,101] [14,30,65,78,80,81,89,115] [1,6,18,21,55,78,82,112] [24,34,44,56,63,86,87,104] [9,24,32,45,59,82,109,112] [38,57,65,72,101,116,121,123] [0,49,80,96,110,111,122,125] [26,30,56,61,69,78,94,98] [7,21,23,24,54,61,96,125] [2,9,15,46,56,65,96,99] [15,26,58,78,92,103,104,112] [4,17,38,81,86,100,107,110] [16,49,59,70,91,101,120,127] [48,80,81,83,89,103,105,115] [1,18,21,55,72,75,82,88] [24,34,44,56,63,75,83,89] [18,24,56,59,82,100,106,109] [9,15,38,57,65,72,90,101] [0,10,49,69,80,87,96,111] [7,26,30,58,68,82,98,103] [3,4,21,37,64,96,99,100] [2,4,14,17,42,65,73,85] [20,61,78,82,92,103,104,112] [57,68,81,86,92,109,115,125] [0,25,26,32,49,80,89,120] [0,27,35,42,80,82,100,101] [5,34,44,57,77,82,88,99] [14,43,58,71,80,111,115,117] [7,29,41,46,58,66,104,123] [6,19,27,46,58,104,105,111] [4,45,50,91,95,99,114,117] [27,32,51,52,68,76,94,104] [3,4,53,58,74,87,102,107]
Token   3: [46,52,76,88,109,117,121,127] [27,48,52,63,64,89,97,122] [27,29,45,48,60,65,101,112] [9,74,78,81,103,114,123,125] [2,11,50,57,63,67,70,101] [5,18,79,93,99,110,112,114] [22,23,54,65,86,87,97,104] [1,4,5,32,45,82,100,108] [35,47,61,87,95,100,104,105] [7,17,32,71,76,81,97,99] [4,18,27,69,80,85,91,94] [18,43,46,53,90,96,99,101] [2,14,26,27,34,46,117,127] [40,45,67,71,73,101,106,120] [3,23,38,44,57,68,99,115] [8,16,17,32,40,89,91,121] [0,14,30,65,75,78,101,102] [9,18,36,50,77,82,92,112] [22,23,65,86,87,97,104,127] [1,4,13,32,45,48,82,100] [33,44,47,61,67,87,95,105] [7,66,71,76,80,97,99,111] [4,18,23,25,52,85,94,103] [21,22,43,53,60,67,96,99] [2,14,26,27,32,34,46,127] [2,27,45,71,92,104,106,112] [23,38,44,53,57,76,99,115] [8,17,32,37,40,89,91,121] [1,11,14,30,75,78,100,102] [9,50,72,77,82,88,112,121] [22,23,65,86,87,100,104,127] [1,2,13,32,45,48,82,100] [9,44,61,67,83,87,100,123] [7,66,71,76,80,92,99,111] [4,7,25,71,82,85,94,103] [4,8,22,33,53,60,96,99] [2,4,14,46,64,108,117,127] [20,67,73,92,104,106,112,117] [1,15,38,55,68,109,115,125] [11,17,26,32,37,40,75,125] [0,1,14,30,42,48,78,107] [34,50,57,59,77,82,88,100] [17,56,70,71,87,108,111,117] [7,46,55,58,66,80,82,99] [5,11,19,27,46,58,70,104] [4,29,88,91,99,102,114,117] [16,27,32,46,76,94,100,125] [3,4,53,58,87,102,107,118]
Token   4: [46,52,66,76,88,117,121,127] [25,27,31,47,52,63,97,122] [27,29,36,45,48,60,101,104] [25,45,51,78,81,86,91,111] [2,8,11,30,51,57,67,70] [0,5,18,79,91,93,110,112] [22,23,54,63,65,87,97,111] [1,4,13,29,32,45,81,82] [32,47,61,76,81,87,100,108] [17,24,32,76,81,97,99,100] [4,18,25,27,85,91,94,103] [43,45,46,50,53,73,95,99] [2,26,34,46,64,94,117,127] [8,45,62,67,71,82,92,106] [1,3,16,23,38,57,68,115] [17,28,29,32,40,58,89,121] [0,14,30,75,78,90,93,101] [9,18,36,50,57,82,100,112] [17,22,23,54,65,86,87,111] [1,4,13,26,32,44,45,82] [22,44,47,61,77,87,100,105] [7,32,47,71,82,97,99,100] [4,25,27,55,85,88,94,99] [22,30,33,53,56,59,95,99] [2,26,34,46,64,112,114,127] [8,18,67,73,92,106,120,127] [1,3,15,16,38,68,73,115] [17,32,40,58,61,89,102,121] [0,14,30,32,78,93,100,101] [9,50,57,82,88,89,122,124] [13,17,22,23,38,87,89,107] [1,4,10,13,45,82,100,108] [22,32,35,53,76,77,87,100] [7,17,32,47,82,99,100,111] [4,23,27,36,82,85,91,94] [9,18,22,30,53,73,95,99] [14,22,46,64,73,112,117,127] [8,18,52,67,82,92,112,127] [1,15,16,38,55,68,73,109] [17,32,40,58,75,89,102,121] [0,14,26,30,93,100,101,115] [9,50,57,80,82,92,100,124] [3,14,23,30,43,69,77,86] [44,46,58,68,75,104,120,122] [6,16,26,27,39,58,60,99] [4,12,20,52,91,95,99,117] [5,32,49,52,93,94,104,125] [4,15,44,53,74,82,92,107]
Token   5: [19,37,46,52,78,117,118,127] [31,38,52,63,65,76,85,122] [4,49,64,65,70,90,104,112] [25,45,81,85,86,91,93,104] [50,57,60,61,67,87,113,121] [0,5,18,55,79,99,105,110] [22,23,54,63,87,100,104,118] [1,2,4,32,45,74,82,108] [4,5,18,47,61,87,100,123] [17,32,35,71,80,81,97,99] [4,25,71,80,85,94,103,118] [25,33,46,53,73,95,99,105] [0,2,26,46,75,87,117,127] [2,45,61,62,71,73,82,92] [16,23,42,57,64,68,84,115] [16,17,25,32,33,40,89,121] [11,14,30,75,78,90,101,102] [9,36,46,50,77,82,112,126] [22,23,65,86,87,104,118,125] [1,2,4,5,32,45,82,100] [4,15,18,22,44,61,100,105] [7,35,47,66,71,82,97,99] [18,23,25,82,85,88,94,103] [22,30,42,46,55,95,96,99] [0,2,26,34,46,73,75,127] [2,18,57,63,73,82,98,106] [15,23,38,55,60,71,73,115] [16,17,32,33,40,61,121,126] [11,14,30,60,75,78,100,108] [9,15,36,46,50,82,112,122] [22,23,38,86,87,104,118,127] [1,2,4,32,45,48,82,100] [4,18,44,61,67,100,105,114] [7,32,35,47,65,82,84,99] [18,23,25,69,85,94,98,103] [9,22,30,46,69,73,99,115] [2,25,26,52,73,75,80,87] [18,62,73,76,82,91,92,112] [3,15,23,55,64,68,71,73] [17,32,33,40,61,80,89,126] [14,30,50,60,78,101,108,115] [9,11,36,46,50,81,82,100] [3,16,24,43,49,52,86,125] [12,19,36,56,58,68,104,121] [6,11,27,45,88,94,99,104] [4,5,12,17,27,87,114,123] [5,30,52,55,60,81,117,127] [15,21,74,82,86,107,111,127]
Token   6: [16,22,38,53,104,107,111,120] [34,52,63,74,86,107,111,122] [14,36,50,65,87,100,116,125] [9,13,25,76,86,89,93,123] [0,11,23,25,67,74,113,118] [5,18,75,79,80,99,107,110] [14,23,56,63,86,109,115,127] [1,4,32,45,48,60,82,87] [33,36,47,55,61,64,67,105] [24,32,65,80,94,97,99,111] [18,25,35,80,85,94,103,113] [21,43,46,69,89,105,107,115] [26,42,52,53,73,75,85,87] [2,21,44,71,75,82,91,98] [3,23,34,55,76,79,80,99] [1,8,16,17,40,60,95,121] [11,14,26,40,48,60,75,78] [9,18,53,82,99,103,106,112] [13,23,56,63,86,87,104,127] [1,4,32,45,48,82,87,100] [5,15,36,44,55,64,100,127] [0,65,71,80,84,94,99,111] [18,50,69,85,88,94,103,113] [3,20,33,46,59,89,96,99] [9,26,34,52,53,73,75,80] [2,44,71,76,82,98,101,106] [3,23,34,38,44,57,80,99] [1,16,17,40,60,61,79,121] [14,30,40,60,75,78,80,102] [9,15,17,53,82,103,106,112] [10,22,23,34,63,86,89,104] [1,4,5,26,45,48,82,100] [44,55,64,95,100,105,122,127] [62,80,84,89,94,97,99,111] [18,25,52,69,98,103,113,119] [33,46,69,86,98,99,105,115] [9,12,52,53,73,75,80,87] [10,21,44,73,75,82,101,106] [3,23,34,39,55,79,80,110] [1,8,17,60,61,78,94,95] [7,14,15,40,60,78,102,115] [9,15,52,53,80,85,103,106] [3,16,24,37,71,73,74,125] [8,43,44,49,56,68,81,104] [6,27,37,45,54,80,83,104] [4,22,24,46,80,92,112,114] [19,22,39,80,82,84,105,124] [27,32,35,52,71,85,90,95]
Token   7: [17,51,63,67,77,91,105,120] [22,74,86,99,107,111,114,122] [8,36,50,54,70,118,121,125] [1,25,73,76,77,78,86,105] [0,11,22,67,74,87,116,118] [5,18,34,78,80,99,103,126] [22,23,55,63,86,89,97,100] [1,4,33,45,48,60,82,87] [4,36,55,64,67,80,86,122] [33,65,71,80,89,94,96,99] [18,25,26,30,50,52,80,113] [39,43,50,69,86,96,98,115] [34,42,52,53,75,80,85,87] [10,44,71,73,75,82,98,102] [3,23,34,55,64,69,80,99] [6,8,16,17,40,87,94,95] [14,40,50,60,75,78,109,114] [9,15,53,85,99,103,106,112] [10,22,23,52,55,86,89,104] [1,4,26,45,48,60,82,100] [4,36,44,55,64,95,105,122] [1,33,62,65,80,89,94,99] [18,25,52,60,69,80,107,113] [33,43,46,59,69,86,98,115] [34,52,53,73,75,80,87,118] [10,44,71,75,76,82,98,102] [3,23,34,55,57,64,69,80] [6,17,40,60,61,87,94,95] [14,30,40,75,78,102,109,114] [9,15,17,52,53,77,103,106] [10,22,23,34,55,63,86,89] [1,4,26,33,45,60,82,100] [4,44,55,64,72,95,122,127] [1,33,62,76,80,89,94,99] [18,25,33,50,52,69,91,119] [29,33,43,46,86,98,105,115] [12,34,53,73,75,80,87,102] [10,21,44,65,73,75,102,106] [3,23,39,55,64,69,80,82] [17,31,40,60,61,78,87,94] [7,14,15,40,78,109,111,115] [9,15,52,53,80,85,103,106] [3,16,24,37,71,73,74,125] [8,16,43,44,56,68,104,120] [6,27,37,45,54,80,83,104] [4,12,24,46,63,80,112,114] [19,22,39,80,82,84,105,124] [27,32,35,52,71,90,95,108]
Token   8: [28,33,44,51,62,64,72,82] [11,74,78,86,107,113,115,122] [4,36,50,62,77,107,119,120] [0,1,11,76,87,93,119,120] [11,18,40,45,74,97,113,116] [5,16,18,30,52,78,79,99] [22,23,55,63,97,99,100,109] [1,4,5,13,45,66,82,116] [24,27,47,55,67,100,104,122] [35,71,76,89,94,97,99,102] [18,25,45,52,91,95,119,120] [16,25,46,53,68,86,97,105] [34,43,53,80,87,100,102,123] [40,49,52,71,89,101,106,127] [3,23,34,38,39,44,57,99] [1,6,8,17,40,61,89,121] [14,24,30,40,75,78,102,126] [1,9,18,36,92,103,106,112] [10,22,23,52,65,66,86,104] [1,4,32,43,45,48,82,100] [44,55,61,95,100,105,108,122] [1,52,71,76,80,97,99,111] [9,18,25,52,69,85,94,103] [21,22,46,60,96,99,105,115] [2,14,26,34,46,80,87,123] [27,49,52,92,99,104,106,112] [3,23,38,53,57,66,99,115] [6,17,32,40,61,89,121,122] [14,30,33,35,50,75,78,111] [9,27,72,82,100,106,112,121] [22,23,65,66,86,87,104,127] [1,4,13,32,45,82,100,108] [9,44,61,67,95,100,123,127] [7,66,71,76,80,92,99,111] [2,9,18,25,71,85,94,103] [4,21,25,33,60,68,96,99] [2,14,32,34,42,92,123,127] [20,49,52,61,73,104,106,112] [23,24,26,38,49,55,92,125] [0,17,25,40,51,77,87,89] [14,27,35,40,78,80,82,100] [9,49,54,84,92,99,106,118] [3,4,22,33,66,70,97,116] [2,10,18,44,61,72,75,99] [12,23,27,42,62,104,116,122] [31,48,51,67,76,88,114,116] [18,26,33,35,43,49,54,104] [17,23,39,42,53,71,80,119]
Token   9: [0,3,24,29,87,92,101,124] [8,11,26,47,78,91,105,115] [4,36,49,62,118,119,120,121] [1,11,25,76,78,105,119,121] [11,39,40,57,67,74,113,116] [0,5,16,18,30,48,80,99] [22,23,55,86,97,100,104,109] [1,4,13,45,48,82,87,108] [24,27,44,47,55,67,100,122] [35,62,71,76,89,94,97,99] [18,25,35,52,91,95,119,120] [16,46,60,68,86,96,105,115] [34,52,53,75,80,87,102,123] [24,44,71,75,95,106,109,123] [3,23,34,39,44,57,62,69] [1,6,17,40,50,78,98,121] [14,26,29,30,40,77,78,111] [0,9,65,84,85,103,106,112] [10,22,23,52,55,65,86,104] [1,4,33,43,45,48,82,100] [27,44,55,64,100,104,105,122] [35,52,71,80,89,94,97,99] [18,25,52,95,107,112,119,120] [16,43,46,68,86,98,105,115] [12,34,38,53,80,87,102,123] [24,49,62,95,101,106,109,123] [3,18,22,23,34,55,62,69] [17,40,51,77,78,94,98,121] [14,29,30,44,75,77,78,111] [0,9,36,65,77,81,84,120] [10,22,23,55,86,104,118,125] [1,4,33,43,45,48,82,100] [24,27,44,55,100,105,108,122] [35,40,62,76,89,94,97,99] [18,25,37,52,69,95,120,124] [16,25,46,68,73,86,97,115] [2,34,38,52,53,73,80,102] [24,49,62,73,95,106,109,123] [3,18,22,23,55,57,62,69] [16,17,20,31,40,46,51,94] [14,29,44,77,78,111,114,115] [0,9,54,63,65,77,84,85] [3,20,23,24,28,52,75,126] [2,8,10,44,47,56,104,121] [3,6,8,13,27,80,94,110] [4,5,24,47,82,83,87,114] [1,5,10,45,52,68,71,97] [15,31,44,74,90,92,112,127]
Token  10: [40,43,45,65,72,73,98,100] [18,38,70,94,100,106,122,127] [16,38,40,82,84,88,93,99] [2,6,31,56,71,93,97,116] [11,40,52,67,76,85,106,115] [18,22,59,61,64,66,99,125] [10,23,56,63,83,86,104,105] [1,4,45,48,49,82,100,112] [44,55,65,67,84,105,121,122] [9,62,71,81,89,97,99,110] [18,26,52,61,69,105,107,112] [24,43,46,49,61,69,105,115] [15,34,52,75,80,87,97,99] [6,10,15,28,58,71,73,101] [4,17,20,23,34,48,57,99] [1,6,16,17,40,78,85,101] [8,14,30,75,78,81,114,124] [9,17,19,69,99,103,105,106] [10,23,38,52,56,65,86,105] [4,43,45,48,49,82,100,112] [44,65,84,95,105,114,121,122] [1,9,52,62,71,99,110,125] [18,52,56,61,68,69,105,112] [3,23,24,43,46,49,61,105] [15,34,52,73,75,80,87,99] [6,15,26,28,58,71,73,101] [4,14,17,20,23,48,55,100] [16,17,59,70,85,101,122,127] [14,39,48,75,78,81,103,115] [1,9,18,19,21,42,55,82] [23,24,34,56,63,83,105,122] [18,45,48,75,82,100,109,112] [38,65,72,84,90,114,121,122] [0,9,16,62,99,110,122,125] [18,26,56,61,68,78,98,105] [3,23,24,46,49,61,96,125] [2,21,34,65,73,80,96,99] [15,26,28,58,78,103,104,106] [4,17,23,32,55,81,86,100] [17,49,52,59,70,85,101,127] [39,54,73,78,81,105,115,124] [1,18,19,21,42,48,55,69] [24,31,32,64,67,109,113,114] [31,37,71,77,78,88,96,104] [6,8,53,73,90,94,107,121] [22,27,82,87,94,101,107,114] [5,11,34,38,71,97,98,118] [20,44,57,73,74,77,86,109]
Token  11: [1,5,20,51,53,85,99,100] [15,18,64,70,82,94,119,127] [2,38,47,57,80,84,88,99] [6,16,72,75,84,94,117,124] [11,13,52,81,85,106,111,115] [9,25,33,44,51,59,61,66] [8,35,53,63,71,78,83,105] [18,24,45,49,101,106,109,112] [9,16,38,57,65,84,116,121] [0,9,10,19,49,80,96,110] [26,30,47,53,56,57,61,105] [7,21,23,24,28,49,61,125] [9,15,56,65,80,96,99,105] [6,15,19,23,28,33,58,78] [17,20,32,48,81,90,100,110] [16,41,49,59,70,85,91,101] [65,73,78,81,99,105,115,124] [18,19,21,33,41,42,78,83] [24,34,44,63,71,75,78,105] [24,45,49,59,82,106,109,112] [16,38,65,72,84,101,116,121] [0,9,19,49,80,110,122,125] [26,56,58,61,68,78,98,105] [3,7,23,24,49,54,61,125] [9,15,21,56,65,79,96,99] [15,19,26,28,58,78,103,104] [4,17,20,32,48,81,100,110] [12,16,31,49,59,70,83,120] [48,81,83,87,99,103,105,115] [1,18,21,41,42,55,78,83] [24,26,44,53,63,71,78,105] [18,24,59,75,101,106,109,112] [26,38,46,57,65,72,101,121] [0,10,16,49,69,110,122,125] [26,56,57,58,68,78,98,105] [3,7,21,23,24,28,64,125] [8,15,56,65,79,96,99,105] [0,15,19,26,58,78,104,118] [17,55,81,86,100,107,117,125] [12,49,59,70,75,85,101,127] [53,73,81,87,99,103,105,115] [18,21,41,42,48,55,69,83] [6,31,32,56,64,67,109,113] [31,37,71,77,78,88,96,104] [0,6,31,47,53,73,90,121] [1,22,27,37,85,94,101,107] [11,34,38,71,97,98,102,118] [2,20,73,77,86,101,105,125]
Token  12: [21,50,60,75,83,93,116,126] [6,11,23,58,74,119,122,125] [15,36,46,47,67,117,121,125] [4,37,64,82,84,85,107,115] [11,13,30,52,56,58,81,104] [2,13,25,44,68,74,102,108] [8,27,34,53,63,66,70,71] [18,28,39,51,72,82,106,109] [15,24,36,46,67,99,103,109] [0,9,10,16,49,65,80,96] [14,26,30,53,56,61,116,123] [24,28,30,58,61,63,67,125] [9,15,24,56,65,99,105,116] [16,23,26,28,32,77,82,122] [48,81,88,90,96,100,107,110] [10,16,49,59,70,85,91,120] [65,73,81,83,87,103,111,115] [18,21,27,33,55,78,82,83] [8,24,26,34,63,70,71,75] [18,24,30,59,62,82,106,109] [38,46,57,65,72,101,116,124] [0,10,16,49,87,111,122,125] [26,56,58,68,78,94,98,116] [3,7,21,23,28,63,64,125] [9,24,56,65,85,96,105,119] [0,19,26,42,58,77,103,104] [4,17,19,62,88,94,96,100] [12,49,59,70,87,91,112,120] [73,80,81,83,87,89,103,111] [1,18,45,61,78,82,83,120] [24,26,27,53,63,70,71,75] [18,28,56,59,72,75,106,109] [24,29,36,37,38,46,72,99] [10,38,43,49,65,87,114,122] [14,26,43,58,69,98,111,116] [7,21,28,58,63,64,68,82] [24,50,56,65,69,73,85,105] [25,26,61,68,77,82,91,104] [7,19,55,62,81,88,92,101] [12,13,18,34,59,87,112,120] [6,17,73,83,87,111,115,123] [18,45,53,58,61,82,103,120] [2,14,20,24,28,50,76,114] [2,16,30,72,78,94,96,112] [6,19,54,72,82,94,113,121] [1,26,47,63,76,86,107,114] [37,45,46,74,96,102,103,122] [11,27,42,54,71,79,90,114]
Token  13: [22,31,53,61,69,81,92,93] [23,41,46,58,83,91,116,122] [15,27,36,47,69,116,117,125] [4,16,26,64,80,84,90,106] [11,13,56,58,67,91,104,111] [2,18,25,68,70,82,102,108] [8,16,53,58,63,64,71,75] [18,45,51,72,73,82,106,109] [28,36,46,67,86,99,103,116] [10,48,49,65,80,84,87,96] [14,26,30,53,58,88,112,123] [13,28,30,37,58,63,67,96] [9,24,52,56,60,69,85,116] [24,25,26,77,82,98,121,122] [8,19,28,62,81,88,94,96] [10,12,16,18,59,87,91,112] [20,73,80,83,87,103,115,121] [6,14,18,45,61,78,83,103] [8,25,34,53,63,71,75,86] [18,28,59,72,82,106,109,110] [36,38,45,46,72,99,103,116] [10,49,65,69,80,84,87,114] [14,26,43,58,81,98,116,123] [7,8,13,21,30,58,63,96] [24,50,56,65,85,105,116,119] [0,24,25,42,68,77,82,121] [5,19,36,75,88,89,94,96] [12,18,59,84,91,112,115,120] [20,73,80,83,87,89,103,121] [14,18,45,51,61,78,83,120] [26,44,53,63,70,71,75,98] [18,24,28,59,72,82,106,109] [15,28,29,38,46,72,99,103] [10,21,43,49,65,69,87,114] [8,14,26,29,88,115,116,123] [10,13,21,28,39,58,82,111] [24,28,56,60,69,85,98,120] [0,25,55,68,82,104,121,122] [5,13,19,29,84,88,96,107] [12,18,59,83,91,112,115,120] [4,20,73,80,87,89,115,121] [1,6,14,45,51,61,83,97] [9,36,38,65,67,71,101,119] [4,6,45,78,85,87,96,104] [6,30,54,71,72,81,107,121] [12,21,22,27,85,107,114,127] [52,67,68,97,98,102,104,127] [32,34,46,55,61,66,86,117]
Token  14: [14,51,57,101,103,106,110,118] [9,20,25,39,46,47,48,116] [15,36,47,50,69,90,122,125] [20,26,64,78,84,90,101,106] [11,13,56,58,63,67,77,104] [2,18,44,51,56,102,105,108] [8,16,27,53,63,66,71,75] [18,30,39,45,51,82,106,109] [15,28,29,36,46,67,99,103] [10,32,48,49,65,80,84,96] [13,14,26,30,56,81,88,123] [7,21,28,37,58,109,111,120] [20,28,47,56,60,85,116,120] [25,42,55,66,77,82,113,122] [16,19,71,88,94,96,105,110] [10,12,16,31,44,59,83,91] [1,12,78,80,83,87,115,119] [2,6,18,35,66,83,102,103] [8,30,52,63,75,86,89,97] [1,32,45,51,60,82,100,106] [15,38,44,67,95,101,103,116] [0,10,49,76,80,96,111,114] [13,18,26,30,53,94,98,103] [8,21,64,67,96,99,109,111] [9,26,34,42,46,74,104,116] [25,42,51,66,73,104,106,112] [3,16,57,88,99,107,111,115] [6,10,12,16,59,83,91,120] [12,78,80,83,103,115,119,127] [1,2,18,66,75,82,93,103] [34,44,52,56,63,75,86,89] [32,45,51,60,82,100,106,109] [9,15,38,67,72,95,101,116] [10,32,49,65,80,96,99,111] [18,26,30,81,88,98,103,112] [4,21,37,64,96,109,111,116] [2,4,17,42,47,74,85,92] [10,20,25,31,66,82,104,113] [7,16,19,88,96,105,107,125] [12,16,34,59,72,83,106,120] [12,34,78,80,87,103,115,119] [2,6,18,35,61,66,103,120] [14,18,27,38,76,93,102,123] [6,29,30,65,78,87,104,112] [6,20,27,30,48,72,81,121] [12,22,37,70,80,85,107,114] [52,55,60,80,98,102,115,127] [36,47,66,86,88,112,120,123]
Token  15: [12,23,28,41,77,112,118,125] [16,29,45,48,61,63,88,122] [25,36,47,69,76,100,121,125] [12,16,40,70,78,84,92,101] [13,17,27,58,61,81,86,104] [10,25,68,71,87,103,108,117] [3,8,34,53,63,71,75,98] [18,39,51,82,100,106,109,113] [15,20,29,38,46,95,101,103] [10,32,35,41,49,80,87,96] [13,26,30,53,54,103,109,111] [16,21,28,37,42,64,111,116] [0,2,7,9,26,56,85,116] [25,41,42,49,57,77,82,106] [3,16,47,88,94,102,107,111] [16,18,20,31,59,83,91,120] [26,30,80,83,87,108,110,115] [0,6,18,61,64,78,83,99] [8,34,52,53,63,71,75,86] [9,18,24,51,82,106,109,110] [15,29,38,46,72,101,103,116] [32,41,49,80,87,96,111,114] [13,30,32,53,58,98,103,109] [7,8,21,22,42,64,96,111] [0,2,26,50,56,65,85,116] [0,25,41,57,68,91,104,106] [5,16,29,47,88,94,102,107] [12,16,31,49,59,83,91,120] [23,44,80,83,87,89,108,110] [6,18,63,64,65,78,83,120] [26,27,44,53,63,70,71,75] [18,24,50,59,106,109,110,115] [15,20,29,37,38,46,72,101] [10,32,41,49,69,87,96,114] [26,30,81,98,103,109,111,115] [7,21,22,28,42,64,111,116] [0,17,26,28,56,85,98,101] [25,41,49,57,68,84,91,104] [5,16,29,47,55,88,94,102] [20,31,59,83,90,106,107,120] [23,34,70,77,87,109,110,115] [0,36,54,61,63,64,65,120] [8,14,24,49,59,67,76,90] [30,47,74,78,96,104,121,125] [6,7,23,72,73,94,110,121] [5,22,26,47,76,85,87,107] [10,45,71,96,98,102,122,124] [15,21,31,44,82,90,121,127]
Token  16: [26,44,59,65,66,92,114,118] [2,18,26,50,58,94,124,127] [47,49,54,78,84,88,113,125] [6,16,46,60,82,84,90,101] [25,30,38,47,61,86,93,106] [11,13,56,66,79,82,102,108] [8,35,47,53,63,75,98,105] [18,39,50,51,82,106,109,110] [15,29,46,95,101,103,109,111] [10,26,49,80,84,87,96,110] [26,30,53,56,61,81,86,116] [7,8,21,28,61,64,67,82] [7,8,56,62,85,105,116,126] [16,25,42,68,77,80,82,103] [6,8,20,29,55,88,94,111] [16,18,31,59,84,91,103,120] [26,30,73,80,83,87,108,115] [6,48,61,69,78,83,120,123] [8,25,26,27,53,63,71,75] [18,24,28,50,51,59,106,109] [15,26,29,38,46,72,101,103] [10,19,49,80,84,87,96,114] [26,43,58,74,81,98,103,116] [7,8,21,28,30,64,82,96] [7,24,28,50,56,65,85,105] [0,16,42,68,77,91,104,122] [5,20,66,94,96,103,107,110] [10,12,18,49,59,91,103,120] [55,73,80,83,87,89,103,115] [1,18,19,48,69,78,83,120] [26,27,34,44,53,63,71,75] [18,24,39,50,59,82,106,109] [26,29,38,46,72,103,109,121] [10,19,26,49,69,87,110,114] [26,58,61,74,81,98,105,116] [7,21,24,28,49,61,64,82] [7,28,49,56,65,85,99,105] [0,15,16,28,42,68,77,104] [20,36,48,55,86,89,91,107] [10,18,49,59,70,101,103,120] [8,17,55,73,87,105,115,124] [19,42,48,58,69,72,83,123] [7,31,32,36,39,64,74,76] [30,37,43,77,78,88,96,104] [0,6,30,47,53,72,73,121] [22,27,37,46,63,85,94,107] [29,38,39,84,97,98,102,105] [32,35,73,86,95,109,111,117]
Token  17: [2,13,14,21,50,61,80,120] [3,6,8,45,50,53,58,88] [15,27,36,47,50,122,125,127] [2,16,23,46,82,84,101,112] [13,23,25,47,81,86,91,114] [13,68,70,79,82,105,107,125] [3,8,30,53,63,66,75,89] [18,39,50,51,82,106,109,110] [14,15,29,38,46,95,103,109] [10,26,49,80,87,89,96,114] [5,30,53,74,81,86,115,116] [10,21,28,47,67,82,89,96] [7,12,49,56,85,116,120,124] [16,32,42,66,68,77,113,124] [8,29,57,79,94,96,99,110] [10,18,44,59,70,90,91,120] [30,55,73,80,83,87,115,119] [6,18,22,55,69,78,83,120] [8,25,26,53,63,71,75,86] [18,50,51,60,62,82,106,109] [5,29,38,46,57,72,103,109] [0,10,19,49,80,87,96,122] [26,43,58,74,81,86,98,116] [7,21,28,30,67,82,96,109] [9,12,50,56,65,116,120,124] [16,26,32,42,66,77,91,104] [8,66,79,94,96,99,107,110] [16,44,49,59,70,90,91,120] [14,55,73,83,87,89,115,119] [1,18,69,78,83,85,112,123] [23,34,53,63,71,75,86,127] [18,45,51,60,82,100,106,109] [29,38,72,95,103,109,116,127] [0,10,26,49,62,69,87,103] [26,43,69,74,81,86,98,116] [7,21,28,63,65,67,70,82] [9,12,52,56,65,73,105,113] [16,42,66,77,78,91,98,104] [8,23,55,66,79,91,96,110] [6,17,37,59,61,90,94,121] [14,45,51,55,78,102,115,119] [2,9,18,46,69,85,112,126] [3,16,32,37,59,98,101,125] [6,12,27,44,49,78,87,104] [6,20,27,30,48,81,88,99] [12,17,22,24,70,80,107,112] [22,30,55,80,81,84,98,115] [36,47,66,71,88,111,120,123]
Token  18: [16,18,53,89,104,107,111,118] [3,34,46,58,76,88,124,126] [10,14,36,47,62,107,125,127] [19,67,68,71,84,87,109,112] [2,11,13,23,43,81,89,118] [13,44,79,80,83,93,107,110] [3,8,53,63,66,71,108,111] [18,45,50,60,82,87,106,109] [29,46,67,72,95,103,109,116] [10,26,49,80,87,94,96,114] [14,30,74,80,81,86,116,121] [10,21,28,47,67,82,87,110] [12,28,56,65,85,98,116,120] [16,32,42,68,75,77,91,122] [8,29,79,80,81,91,96,99] [21,31,44,59,70,88,90,91] [7,40,73,78,83,87,105,115] [1,6,14,18,20,69,78,83] [8,26,34,53,63,71,75,86] [18,51,60,62,82,87,106,109] [5,9,29,38,46,72,103,109] [0,10,49,69,80,87,94,96] [16,43,74,86,98,111,116,121] [4,21,28,30,82,87,110,120] [9,12,50,56,65,70,98,120] [16,32,42,75,77,91,104,121] [8,66,79,80,96,99,103,110] [16,44,50,59,61,90,91,120] [7,14,40,73,80,83,87,115] [1,6,18,78,83,112,120,123] [26,34,63,71,75,86,111,127] [18,45,51,60,82,87,106,109] [5,29,38,67,72,95,103,127] [0,10,26,49,80,87,94,96] [3,26,30,69,74,86,98,116] [10,21,28,64,65,70,82,87] [9,28,56,65,73,98,105,113] [42,44,68,75,77,91,104,111] [2,8,23,55,79,91,110,115] [17,56,59,61,90,91,112,121] [7,34,40,73,78,83,105,115] [1,14,18,53,85,97,103,112] [31,32,37,59,73,101,115,125] [4,27,43,44,49,78,81,104] [6,27,30,37,45,54,80,107] [2,22,27,32,46,107,112,127] [22,67,82,84,97,101,105,124] [32,34,35,86,90,95,117,124]
Token  19: [0,51,57,101,103,106,111,127] [3,9,48,54,73,76,109,126] [10,14,47,67,90,122,125,126] [19,39,43,67,76,84,112,127] [13,23,34,63,77,86,113,114] [13,18,44,51,79,83,105,110] [14,16,23,63,75,86,100,104] [1,18,32,45,73,82,106,109] [28,29,47,67,95,103,109,122] [10,49,62,76,80,81,96,99] [18,25,30,74,80,85,94,103] [28,47,67,82,85,101,107,109] [2,9,12,25,34,61,68,113] [16,42,65,66,77,106,111,113] [8,16,23,57,69,99,105,110] [1,17,40,55,61,90,91,94] [12,14,75,78,102,114,115,119] [1,2,17,18,35,66,77,112] [10,23,52,63,75,86,89,100] [32,45,48,51,60,82,100,109] [15,44,95,103,105,109,116,122] [1,10,62,71,99,103,111,127] [2,13,18,25,30,52,69,116] [9,21,28,60,67,101,109,115] [9,34,42,56,61,74,87,104] [32,42,66,71,77,104,106,111] [7,8,23,57,99,105,110,115] [1,8,16,17,90,94,95,121] [12,14,75,78,102,114,115,119] [1,2,9,17,72,93,103,112] [10,23,34,42,56,63,107,127] [1,3,45,48,51,60,100,109] [9,44,95,103,106,109,116,122] [1,10,32,62,76,99,103,111] [7,18,30,52,66,98,103,108] [4,21,28,48,60,82,107,109] [2,9,34,42,56,61,87,113] [10,20,42,66,77,91,104,113] [8,16,23,55,57,96,103,105] [6,17,40,56,59,61,94,121] [12,14,43,78,80,102,115,119] [2,9,20,35,66,83,103,112] [3,16,18,27,93,102,109,123] [6,29,36,44,68,78,87,104] [6,20,27,30,48,72,81,121] [12,22,37,58,70,80,107,114] [22,52,55,60,80,98,115,127] [36,47,66,85,86,88,120,123]
Token  20: [2,12,28,41,51,77,87,116] [16,29,48,58,67,76,88,116] [8,9,15,24,47,59,73,76] [16,26,40,62,77,79,84,112] [13,22,27,47,77,81,86,105] [1,11,13,45,78,80,102,117] [30,47,53,63,75,100,104,108] [18,39,45,51,60,82,106,109] [29,67,80,95,103,106,111,122] [1,10,22,32,49,89,103,114] [25,52,74,89,108,109,111,116] [16,21,28,47,48,79,82,101] [9,12,34,56,87,104,120,124] [25,29,41,42,75,77,95,123] [8,16,23,34,47,55,99,110] [16,31,55,59,90,91,94,95] [6,29,40,73,78,87,102,115] [17,18,64,65,69,85,103,106] [10,30,52,56,63,65,75,100] [1,18,32,45,48,51,60,109] [5,15,38,44,95,101,103,105] [0,1,10,22,49,94,96,103] [2,18,69,74,108,109,111,116] [9,21,28,30,68,82,101,115] [9,32,34,42,53,56,104,124] [24,41,42,45,77,91,95,104] [8,11,16,47,55,73,103,110] [16,55,59,77,90,91,94,95] [6,14,29,55,78,102,110,115] [17,18,64,69,85,103,106,115] [10,23,30,52,56,63,75,100] [3,18,45,48,51,60,100,109] [29,38,44,95,103,106,116,122] [0,1,10,22,32,49,103,114] [52,69,86,98,108,109,111,116] [8,21,28,48,82,101,105,114] [6,9,56,73,87,101,113,124] [10,41,42,77,89,91,95,104] [8,23,34,47,55,57,99,110] [6,17,55,59,69,77,90,94] [6,29,45,55,78,102,110,115] [1,48,49,64,69,85,112,115] [31,32,36,49,59,66,90,115] [44,47,49,74,78,104,121,125] [13,23,27,30,37,73,80,107] [2,27,32,47,76,86,87,127] [45,52,82,84,96,97,98,124] [15,31,32,85,86,90,117,127]
Token  21: [22,31,53,69,70,81,93,120] [19,29,67,74,76,83,88,124] [7,9,24,47,59,72,116,117] [10,19,25,26,60,84,111,112] [26,77,81,86,91,95,105,111] [13,21,80,86,102,106,111,117] [3,23,30,63,75,97,100,104] [1,18,32,45,48,51,82,109] [28,29,44,51,95,103,106,122] [10,22,43,48,49,80,89,103] [18,25,32,52,74,108,116,123] [13,21,28,47,58,79,82,102] [2,12,25,34,68,87,120,124] [29,30,31,42,55,77,83,121] [8,23,28,55,84,99,110,121] [16,17,31,38,55,90,91,94] [15,20,43,48,73,78,115,121] [14,17,18,20,45,97,103,106] [10,23,36,38,52,63,75,100] [1,32,45,48,51,60,82,109] [5,15,28,44,95,103,105,122] [0,1,10,22,43,48,96,103] [14,18,52,69,74,108,116,123] [9,13,21,28,47,82,102,115] [9,34,39,68,87,104,120,124] [24,31,42,55,75,77,91,121] [8,11,23,28,66,99,110,121] [4,16,17,59,90,91,94,121] [14,15,20,75,78,102,115,121] [9,14,17,20,97,103,106,112] [10,13,23,63,86,89,100,127] [1,4,5,33,45,48,51,100] [28,38,44,55,95,104,105,122] [0,1,10,43,48,89,97,103] [18,43,52,69,74,98,108,123] [13,21,28,29,47,58,107,115] [2,9,34,61,73,87,120,124] [10,40,55,77,91,99,101,121] [8,23,28,39,55,84,115,121] [4,17,56,59,61,69,78,94] [14,15,20,78,102,105,115,121] [1,9,14,17,20,45,97,112] [7,22,32,41,65,74,101,115] [4,19,38,43,44,81,104,120] [20,27,30,45,54,71,81,107] [2,4,22,24,27,32,46,114] [22,39,67,80,82,97,105,127] [32,34,35,52,85,86,95,117]
Token  22: [51,57,66,101,103,106,118,127] [9,30,39,48,56,75,91,115] [7,15,24,47,90,120,122,125] [9,10,12,26,78,84,97,127] [13,47,51,63,77,86,105,111] [16,21,51,90,97,102,105,117] [23,63,89,93,96,97,100,123] [1,32,45,48,82,100,106,109] [28,44,80,95,99,103,109,122] [10,32,48,49,80,81,89,103] [18,25,52,74,76,103,108,123] [13,17,21,28,36,47,102,109] [2,25,34,61,68,87,120,125] [29,31,42,55,63,66,77,113] [8,11,16,23,99,105,110,121] [1,4,6,16,17,38,90,94] [12,14,43,78,102,114,115,119] [1,2,17,20,35,66,75,103] [10,23,52,63,75,87,100,104] [1,26,45,48,51,56,60,82] [5,15,28,44,95,103,105,122] [1,10,32,76,80,99,103,127] [16,18,25,52,69,75,108,123] [4,9,28,36,48,101,109,115] [9,34,39,61,87,104,120,124] [31,42,55,66,71,77,82,113] [8,11,16,23,99,105,110,115] [1,16,17,90,94,95,98,121] [12,14,75,78,102,114,115,119] [2,9,17,20,35,66,112,117] [10,22,23,65,100,107,112,127] [5,26,33,45,48,51,56,100] [5,44,55,61,104,105,109,122] [0,1,10,32,62,89,97,99] [18,52,69,85,98,103,108,123] [21,28,29,47,107,109,115,116] [2,9,34,61,73,87,104,120] [10,31,40,55,66,91,99,113] [8,11,16,23,55,57,105,110] [4,6,17,40,59,61,94,121] [12,14,43,78,102,114,115,119] [2,9,20,35,66,103,112,117] [3,16,18,22,27,93,102,115] [6,29,36,44,46,68,87,104] [6,20,27,30,48,69,81,104] [24,27,32,37,70,80,114,117] [22,52,55,60,80,98,115,127] [36,47,66,85,86,88,120,123]
Token  23: [19,28,33,46,64,68,72,80] [16,19,48,67,74,75,90,122] [2,36,62,77,94,107,120,125] [9,62,78,84,93,111,119,120] [18,29,40,47,51,70,107,116] [16,18,56,78,79,99,116,117] [22,23,55,63,89,97,100,125] [1,45,48,73,82,89,108,109] [6,24,44,55,80,95,103,122] [10,32,33,71,80,89,97,103] [18,25,52,76,85,112,119,120] [21,28,29,50,68,105,107,116] [2,23,25,26,34,87,123,125] [40,45,49,52,61,71,77,127] [3,8,16,23,49,78,110,121] [1,8,16,17,38,77,94,95] [14,48,50,51,78,82,102,115] [1,9,12,66,84,89,92,103] [10,23,52,55,65,86,100,118] [1,26,43,45,48,51,100,109] [15,18,24,44,90,103,105,122] [0,1,10,47,62,99,103,127] [9,18,23,37,52,120,124,127] [9,28,29,48,68,114,115,116] [2,9,12,32,34,80,87,123] [45,49,63,71,77,89,91,127] [8,23,34,49,73,92,99,110] [0,16,17,25,59,77,94,98] [14,35,50,75,78,82,102,115] [9,17,66,84,92,106,112,122] [10,22,23,55,97,100,107,112] [1,43,45,48,51,56,100,109] [6,15,22,44,55,95,103,122] [0,10,32,47,49,62,89,103] [9,18,23,37,52,69,120,127] [9,21,25,28,30,68,114,116] [9,25,34,61,73,87,123,125] [45,49,52,61,89,91,120,127] [16,23,26,33,49,55,73,92] [0,17,25,59,61,77,78,94] [14,35,50,78,82,100,102,115] [6,9,49,92,99,103,106,117] [3,4,16,22,27,66,80,123] [2,29,41,43,44,72,97,104] [6,27,42,62,81,83,104,116] [4,12,24,48,51,67,88,101] [3,11,19,22,26,54,61,80] [17,23,39,42,53,80,98,124]
Token  24: [0,4,28,29,46,92,101,124] [8,48,63,67,74,78,91,122] [4,36,41,62,76,89,118,119] [7,11,24,52,62,78,105,120] [11,40,51,60,86,113,114,116] [0,5,16,18,31,45,48,99] [22,23,54,87,89,97,100,104] [1,4,29,32,33,45,82,108] [24,44,47,55,67,100,104,122] [0,32,35,71,76,89,97,99] [18,25,52,71,77,95,119,120] [16,19,25,29,46,68,73,105] [16,34,38,61,87,102,103,123] [40,52,71,89,109,115,123,127] [9,16,23,39,44,57,71,95] [1,17,40,51,77,78,94,121] [1,14,29,30,33,78,102,115] [0,9,36,66,84,92,106,112] [10,22,23,52,54,86,104,118] [1,4,26,43,45,48,82,100] [24,44,55,95,100,104,106,122] [1,24,35,52,71,89,97,99] [9,18,23,52,95,119,120,124] [16,20,22,25,46,68,71,73] [12,25,32,34,38,87,102,123] [18,49,52,71,77,109,123,127] [16,22,23,57,71,73,92,110] [1,17,25,51,73,77,94,121] [14,30,35,50,75,78,102,115] [9,36,66,75,84,92,106,112] [10,22,23,55,86,100,104,118] [1,4,33,43,45,67,82,89] [22,24,55,95,100,104,108,122] [0,10,32,35,40,76,89,97] [9,23,37,69,71,77,120,124] [18,21,25,28,30,68,71,73] [25,28,46,80,92,102,112,123] [45,49,52,62,89,91,120,127] [16,22,23,24,26,55,73,92] [0,17,21,25,46,51,77,94] [13,14,35,50,82,100,109,115] [9,25,49,54,75,81,84,92] [3,4,8,16,28,33,70,86] [2,10,18,44,72,74,75,99] [11,23,27,30,42,62,94,116] [24,26,48,67,76,88,98,117] [19,33,51,54,68,74,96,127] [15,17,21,23,53,114,121,127]
Token  25: [18,24,38,46,69,80,118,122] [8,26,33,47,78,91,105,122] [18,36,50,52,62,69,119,120] [0,7,11,41,78,118,119,120] [18,39,40,51,86,97,105,116] [5,16,30,31,48,60,99,117] [22,23,54,97,100,104,109,118] [1,4,32,33,45,48,82,108] [6,24,44,51,55,95,103,122] [10,32,62,71,89,97,102,103] [18,25,52,62,77,95,119,120] [16,25,29,68,71,101,105,116] [9,26,34,38,61,63,87,102] [10,24,40,71,77,101,109,123] [9,16,23,34,57,62,99,110] [1,17,38,55,78,90,94,95] [14,29,75,77,78,102,114,115] [0,9,17,65,84,99,103,106] [10,22,23,28,42,52,100,118] [1,4,43,45,48,51,100,109] [15,27,44,103,104,105,106,122] [1,10,35,47,52,89,103,127] [18,23,52,69,95,108,120,124] [9,16,28,42,68,71,114,115] [0,9,25,34,38,39,87,123] [18,49,57,71,77,91,109,123] [8,11,16,23,60,71,73,110] [1,16,17,20,59,94,95,126] [14,23,29,44,77,102,114,115] [9,17,36,64,65,84,103,122] [10,22,23,42,55,56,100,118] [33,34,43,45,48,51,100,109] [6,20,24,44,55,103,116,122] [0,10,35,40,62,89,97,103] [18,23,37,52,69,95,120,124] [9,21,28,42,68,71,73,114] [0,9,25,38,56,73,103,113] [41,49,57,62,89,91,109,123] [3,16,18,22,23,55,60,62] [17,20,46,59,61,77,90,94] [14,23,29,44,77,78,115,123] [0,9,36,63,64,65,84,85] [3,16,18,28,32,49,90,126] [44,47,74,75,87,104,121,125] [3,13,27,30,39,80,94,110] [4,5,12,24,26,47,87,114] [5,10,45,52,71,96,97,127] [15,21,31,48,82,83,121,127]
Token  26: [24,31,61,68,69,81,93,107] [26,33,47,75,83,91,105,115] [36,52,62,69,117,120,123,126] [0,10,11,78,93,119,120,122] [18,39,40,45,51,91,105,111] [16,30,45,60,97,99,111,117] [6,10,23,65,89,97,100,125] [1,5,33,43,45,48,100,109] [24,28,44,51,55,103,104,122] [10,43,48,62,89,99,102,103] [14,18,25,52,64,108,120,123] [13,21,29,47,102,105,115,116] [2,23,25,34,68,87,120,123] [24,42,49,55,63,73,77,121] [8,9,19,23,28,55,71,84] [4,17,38,59,88,90,94,98] [14,20,43,78,96,102,115,121] [1,9,14,84,97,99,107,124] [8,10,23,63,65,100,118,125] [1,43,45,48,51,100,108,109] [15,28,44,51,95,103,105,122] [10,43,48,62,89,99,103,106] [14,18,29,52,69,108,120,123] [4,13,20,21,28,47,102,116] [34,49,61,68,69,98,120,123] [24,31,49,55,71,77,91,121] [9,19,23,28,55,84,99,110] [4,17,40,50,59,64,98,121] [14,20,30,50,75,78,102,115] [9,14,82,84,97,112,120,124] [13,22,23,63,65,86,89,100] [1,4,32,45,82,89,100,108] [28,29,44,55,100,104,108,122] [0,10,43,48,71,76,80,99] [14,18,25,29,69,85,94,120] [13,21,28,29,47,71,87,102] [2,39,43,68,73,104,120,123] [40,49,55,77,91,106,107,121] [3,11,22,23,28,55,57,84] [4,16,17,40,59,89,98,121] [14,20,30,75,78,105,115,121] [1,9,14,45,82,97,112,124] [3,14,41,43,65,71,101,115] [4,5,36,44,46,68,75,104] [6,27,54,56,69,71,104,107] [2,4,12,27,32,37,114,117] [52,55,60,67,77,97,117,127] [28,32,34,58,86,117,118,124]
Token  27: [14,24,51,57,101,103,106,127] [9,20,33,47,48,75,91,105] [36,41,62,90,120,122,123,125] [0,10,11,78,97,114,119,122] [18,40,51,63,86,105,111,113] [4,5,16,45,51,97,99,105] [22,23,54,65,89,97,100,104] [1,4,32,43,45,82,100,108] [28,44,55,61,100,104,108,122] [10,32,48,62,76,89,97,99] [14,18,25,52,85,103,119,123] [13,21,29,47,52,75,90,109] [2,25,28,34,43,68,120,123] [31,40,55,66,101,106,113,115] [3,16,23,39,57,71,99,105] [1,3,4,17,40,89,98,121] [14,30,33,43,78,102,115,119] [1,2,9,35,66,103,106,112] [10,22,23,52,86,87,118,127] [1,4,32,45,48,82,100,108] [15,44,61,95,100,105,108,122] [66,71,76,97,99,103,111,127] [13,18,25,52,69,85,103,119] [9,22,28,67,99,105,115,122] [9,26,34,36,43,46,87,123] [2,27,55,66,71,99,104,106] [7,16,23,34,44,57,110,115] [1,6,16,17,32,40,61,121] [14,30,50,78,100,102,105,115] [9,35,82,93,100,107,112,124] [10,22,23,65,86,87,100,104] [1,4,32,45,48,82,100,108] [9,15,44,76,95,100,108,127] [10,32,66,71,80,99,111,127] [2,13,18,25,29,85,94,103] [4,13,21,28,29,99,102,109] [2,9,32,34,42,92,125,127] [20,27,66,91,92,104,106,112] [16,23,38,55,57,84,105,125] [17,32,33,34,40,59,89,106] [12,14,30,78,100,105,115,119] [2,9,35,66,80,82,100,124] [18,27,41,43,71,93,102,115] [6,29,36,44,46,65,68,104] [6,20,27,30,48,56,64,69] [4,12,27,32,37,70,114,117] [52,55,60,61,77,115,117,127] [36,47,66,86,88,120,123,124]
Token  28: [11,47,72,85,100,114,118,119] [16,21,48,63,70,75,106,122] [2,45,47,52,65,78,101,112] [10,25,37,78,81,84,93,123] [10,13,40,57,63,86,87,111] [4,5,18,54,71,79,99,105] [22,23,63,86,89,97,104,127] [1,4,32,45,48,82,100,108] [15,35,44,55,61,100,122,125] [17,24,32,62,71,80,97,99] [18,25,45,52,85,94,103,119] [18,29,50,52,79,90,116,122] [2,9,25,26,34,43,46,127] [2,18,66,71,77,106,113,117] [3,11,16,23,68,69,110,111] [8,16,17,38,40,59,89,121] [11,14,30,78,101,105,114,115] [1,9,18,66,75,77,82,112] [22,23,52,56,63,86,87,118] [1,2,32,45,48,82,100,109] [5,15,44,61,90,100,114,116] [0,7,10,32,47,71,80,111] [13,18,23,40,55,85,103,127] [9,20,22,28,30,79,99,116] [9,26,34,36,43,54,55,127] [2,18,31,47,63,77,89,106] [16,23,27,59,73,107,110,116] [16,17,32,33,44,59,61,90] [11,34,48,50,89,93,100,115] [68,89,93,99,100,122,123,124] [34,52,55,63,87,107,112,127] [2,45,48,56,82,100,108,109] [15,35,48,53,61,83,90,105] [0,7,10,23,32,47,49,111] [16,18,23,82,85,94,103,127] [9,21,22,28,30,52,99,100] [14,34,49,64,78,101,125,127] [27,47,87,89,91,92,112,125] [1,3,15,16,55,68,73,87] [16,17,32,40,58,63,118,125] [14,26,30,78,90,100,101,115] [5,34,44,57,80,82,100,124] [14,43,58,69,95,108,109,115] [29,41,46,58,68,82,91,104] [6,9,27,30,39,56,58,69] [4,18,20,24,71,102,114,117] [13,16,27,46,76,93,99,125] [3,7,53,58,76,87,102,104]
Token  29: [7,30,46,58,72,88,109,121] [1,28,48,64,65,89,111,122] [2,45,85,101,107,109,112,127] [9,23,28,37,78,81,84,103] [11,30,51,52,53,57,63,70] [5,17,18,21,73,75,79,103] [53,54,56,63,71,89,97,104] [18,32,45,82,100,106,108,109] [3,26,38,53,67,90,101,116] [0,10,17,49,80,81,96,122] [18,26,27,30,56,78,85,94] [7,21,23,24,28,50,101,125] [2,4,9,15,34,56,65,113] [32,40,42,66,77,106,111,112] [7,23,39,57,99,110,111,115] [1,16,17,32,55,90,91,94] [14,33,55,75,78,102,114,115] [1,17,18,35,68,77,103,106] [10,23,42,52,63,89,97,100] [1,26,43,45,48,51,60,100] [15,44,95,103,104,105,106,122] [1,10,22,62,71,99,103,127] [13,18,25,52,69,75,83,119] [9,28,29,46,67,101,105,115] [9,34,39,56,61,74,87,104] [25,32,66,71,77,101,106,115] [7,8,11,23,90,95,110,115] [1,2,8,16,17,69,94,95] [1,14,50,75,78,102,114,115] [9,17,72,93,103,106,112,117] [10,23,42,56,85,100,107,112] [1,45,48,51,60,66,95,100] [9,15,44,95,104,106,116,122] [1,60,62,65,71,89,99,103] [7,13,18,25,52,86,108,119] [4,21,28,29,78,107,114,115] [2,39,42,61,74,87,102,108] [10,20,25,36,40,71,101,104] [3,7,23,57,95,110,115,125] [11,17,32,56,69,75,94,103] [0,14,32,42,50,105,107,113] [1,13,34,39,59,88,93,105] [3,8,17,25,56,70,78,111] [30,56,68,72,74,80,99,106] [5,11,12,25,29,34,52,127] [29,41,48,88,91,99,114,117] [16,27,32,33,46,54,94,100] [4,17,53,72,80,102,107,110]
Token  30: [46,52,76,88,109,117,121,127] [27,48,52,63,89,92,97,122] [27,29,45,48,65,81,101,112] [9,24,74,78,103,114,123,125] [2,11,16,51,57,63,70,113] [5,18,21,55,79,81,93,110] [22,54,65,87,89,97,104,125] [1,4,32,45,47,82,100,108] [11,32,67,76,83,87,90,104] [0,7,17,71,76,80,81,89] [4,18,25,27,78,85,91,94] [21,23,28,43,53,90,100,101] [2,4,9,14,34,43,46,127] [18,40,42,71,89,106,112,127] [3,7,23,39,57,69,99,115] [1,3,6,17,40,91,94,121] [14,26,30,78,102,114,115,127] [1,6,9,35,77,92,106,112] [10,22,23,86,89,97,100,104] [1,26,32,45,48,82,89,100] [44,61,67,95,104,105,108,122] [1,62,71,76,97,99,103,111] [13,18,23,25,52,83,103,119] [9,21,22,28,29,67,105,111] [26,34,36,43,46,61,74,87] [25,27,42,99,101,104,106,112] [3,7,11,23,44,57,110,115] [1,2,16,17,32,75,94,121] [1,14,42,78,102,114,115,127] [1,9,50,66,72,75,93,112] [10,23,36,56,65,97,100,104] [1,32,45,48,82,89,95,100] [9,15,44,76,95,104,108,122] [10,33,62,65,76,99,103,111] [7,10,13,18,25,33,103,119] [4,21,28,78,85,94,99,114] [2,14,39,42,61,74,87,108] [20,27,40,73,92,104,106,112] [7,15,23,57,110,115,116,125] [11,17,25,32,75,89,102,125] [0,1,10,14,35,42,107,113] [1,34,49,50,59,68,88,93] [4,8,17,30,56,70,109,111] [7,24,30,55,61,80,106,115] [2,5,9,12,29,42,52,127] [29,41,64,67,77,88,99,114] [18,27,32,54,90,94,100,106] [3,4,17,39,53,87,102,107]
Token  31: [46,52,66,76,88,117,121,127] [25,27,31,47,52,63,97,122] [27,29,45,48,60,101,104,127] [25,28,51,78,86,91,111,125] [2,8,11,30,51,57,65,70] [0,5,18,79,91,93,110,112] [22,23,54,63,65,89,97,118] [1,4,13,29,32,45,47,82] [30,32,47,61,76,87,100,108] [7,17,32,71,76,81,99,100] [4,18,25,27,71,85,94,103] [22,45,50,53,73,95,99,116] [26,34,43,46,64,94,117,127] [8,12,18,45,67,71,92,106] [1,3,16,23,55,57,68,71] [17,28,30,32,37,40,89,121] [0,14,26,30,78,90,101,115] [5,9,18,36,50,77,82,92] [17,22,23,54,86,87,89,118] [1,4,32,44,45,82,100,108] [15,22,44,53,77,87,100,105] [0,7,47,71,82,83,99,100] [4,18,23,27,55,82,94,99] [9,25,30,50,52,53,95,99] [9,34,36,43,64,106,117,127] [31,63,67,92,106,112,120,127] [1,15,38,59,68,73,91,110] [2,32,40,59,61,88,89,102] [0,14,30,53,100,101,113,115] [50,57,59,68,82,88,89,92] [17,22,23,58,87,89,107,125] [1,4,10,13,44,45,100,108] [48,53,76,77,83,87,100,127] [7,10,17,47,49,76,82,100] [4,9,23,27,82,85,91,94] [9,17,22,28,30,45,53,95] [22,34,46,64,78,112,117,127] [31,52,67,89,91,92,120,127] [1,15,16,53,55,68,73,87] [17,40,58,59,64,89,118,121] [0,14,26,30,78,100,101,115] [9,50,57,80,82,92,100,124] [3,14,30,43,69,71,80,86] [36,44,46,58,68,104,120,122] [6,16,27,30,39,58,64,69] [4,12,52,90,91,95,99,117] [5,32,52,55,94,104,125,127] [4,15,44,53,74,82,92,107]
Token  32: [19,37,46,52,78,117,118,127] [31,38,52,63,65,76,85,122] [4,49,60,64,65,90,104,112] [45,78,81,85,86,91,93,104] [6,51,57,60,70,87,113,121] [0,4,5,55,72,79,99,110] [22,23,54,89,97,100,104,118] [1,2,4,5,45,82,100,108] [4,18,61,76,87,94,100,108] [17,35,41,71,76,80,97,99] [4,18,71,82,85,94,103,127] [25,29,53,73,95,99,102,116] [0,25,26,34,43,87,117,127] [2,40,57,62,71,92,106,109] [11,23,38,57,64,68,99,110] [1,17,32,33,38,40,89,121] [10,11,14,30,44,78,101,115] [6,9,36,50,82,88,112,126] [22,23,52,63,65,86,87,118] [1,2,4,32,45,48,82,100] [4,15,20,44,61,100,108,122] [7,35,41,47,71,97,99,111] [13,18,23,82,85,103,119,127] [9,22,25,42,73,99,105,116] [0,25,34,38,43,87,123,127] [2,18,31,57,71,101,109,123] [18,23,59,60,71,73,92,110] [2,16,17,25,32,33,89,126] [10,13,14,30,34,44,50,115] [6,9,50,82,92,100,112,122] [22,23,54,65,87,89,107,118] [1,2,4,32,45,82,100,108] [4,44,76,83,87,100,108,123] [0,7,10,35,41,47,92,99] [4,18,23,25,71,85,94,103] [9,21,25,42,50,73,99,116] [0,25,34,38,73,112,117,127] [18,62,77,89,91,92,112,123] [11,18,23,55,64,68,71,73] [17,32,33,40,89,107,121,126] [13,14,30,44,77,78,101,115] [0,9,11,50,63,65,92,100] [3,16,18,38,43,86,92,126] [16,36,46,47,58,68,104,121] [6,11,27,30,39,69,80,110] [4,5,12,20,27,87,114,117] [19,51,52,55,60,98,117,127] [4,15,21,31,44,82,107,127]
Token  33: [1,53,65,73,98,99,100,102] [15,18,64,70,82,94,119,127] [2,38,47,57,80,99,109,127] [6,13,16,41,60,84,86,89] [13,17,52,76,81,86,106,115] [13,17,25,37,61,66,102,125] [8,30,53,63,78,83,100,105] [18,39,45,49,51,100,109,112] [59,65,84,95,103,111,121,122] [9,10,49,89,103,110,114,117] [18,53,56,61,105,108,116,127] [8,23,24,28,49,61,82,125] [9,12,15,56,96,99,104,116] [6,15,19,25,28,32,42,77] [8,11,17,20,23,48,100,121] [23,31,59,70,85,90,91,101] [8,39,53,73,87,105,115,124] [18,19,21,42,53,69,83,99] [8,30,53,63,71,75,78,105] [18,49,51,60,100,101,109,112] [15,27,29,65,84,101,103,121] [9,10,45,49,96,110,122,125] [56,61,68,86,105,108,111,116] [7,23,24,28,49,61,82,125] [9,15,49,56,65,96,99,126] [15,19,25,26,28,32,42,58] [17,20,48,90,98,100,103,110] [5,10,16,49,59,70,91,101] [53,73,81,83,103,105,115,124] [1,18,21,42,55,69,78,123] [24,44,53,63,71,75,78,105] [18,51,59,62,75,101,109,112] [26,29,65,72,84,103,116,121] [9,10,49,87,110,114,122,125] [56,67,68,78,86,98,105,116] [3,7,14,21,23,28,61,125] [15,33,49,56,65,96,99,126] [0,15,19,25,26,32,58,104] [5,17,55,81,86,100,103,107] [5,10,16,49,59,70,101,127] [34,48,53,81,99,103,105,115] [1,21,42,48,53,55,69,78] [6,31,32,56,64,67,109,113] [31,37,71,77,78,88,92,96] [6,29,31,47,53,73,82,90] [1,22,27,92,94,101,107,114] [11,34,38,52,71,97,102,118] [2,20,73,77,101,105,125,126]
Token  34: [12,21,23,32,60,75,83,125] [6,29,37,88,90,119,121,122] [2,15,25,46,47,109,115,126] [4,17,47,59,82,84,107,115] [27,50,52,56,60,81,104,118] [1,13,25,37,68,76,91,100] [8,24,34,53,63,66,71,98] [7,18,24,30,59,82,106,109] [16,26,29,46,57,69,72,113] [10,49,64,69,84,87,114,122] [26,53,58,68,70,109,111,116] [7,28,62,63,64,117,120,125] [8,17,24,52,56,85,95,126] [0,26,32,36,58,68,103,122] [5,47,81,85,93,96,100,107] [2,10,12,31,49,59,70,120] [6,30,53,81,103,105,110,115] [18,55,58,78,81,83,94,123] [8,26,27,34,53,63,71,75] [7,18,28,30,59,101,106,109] [16,26,29,38,46,57,72,111] [10,49,64,84,87,96,114,122] [26,32,58,70,98,109,111,116] [21,28,30,39,63,64,68,96] [24,49,56,65,85,95,119,126] [0,26,32,36,41,47,68,103] [4,5,47,81,93,98,100,107] [2,12,46,49,59,83,120,127] [6,46,81,87,89,103,105,110] [18,55,58,64,78,81,83,94] [26,27,34,44,53,63,70,71] [9,18,24,28,30,59,75,109] [15,16,26,38,46,57,72,111] [49,57,64,69,84,87,114,122] [26,53,68,70,98,109,111,116] [3,28,30,39,63,64,113,120] [19,24,56,65,73,85,95,126] [0,26,36,41,50,68,82,104] [4,5,47,55,81,88,93,107] [2,10,12,46,49,59,79,120] [6,50,53,60,70,81,110,115] [36,46,58,64,81,94,96,115] [14,25,52,59,60,77,81,90] [12,49,52,74,78,96,121,125] [32,47,65,82,88,94,99,121] [17,26,63,76,82,85,86,107] [29,30,37,71,76,85,96,124] [14,15,31,44,57,82,111,127]
Token  35: [0,1,8,60,65,84,100,119] [14,15,18,37,80,108,119,121] [2,37,47,80,82,87,109,113] [16,18,33,47,59,82,84,110] [30,52,75,78,81,104,115,118] [1,21,25,66,68,79,91,97] [8,25,26,35,53,63,71,78] [18,59,62,75,88,101,106,109] [16,26,46,57,65,72,102,111] [10,49,64,84,87,96,114,122] [7,26,53,56,57,70,83,116] [3,28,63,64,67,109,120,125] [8,56,64,66,85,95,105,126] [0,19,26,32,33,36,58,103] [5,17,20,81,85,86,100,107] [2,5,10,49,59,70,101,110] [5,30,81,89,99,103,105,115] [18,21,42,55,78,82,83,123] [8,24,26,35,53,63,71,78] [7,18,28,30,62,96,101,109] [16,29,38,46,57,72,102,111] [2,10,49,64,69,87,114,122] [26,57,58,68,70,98,111,116] [5,7,28,63,64,90,96,120] [8,33,56,65,85,95,105,126] [0,19,26,32,36,58,103,104] [4,5,17,29,81,86,100,107] [2,49,59,70,93,101,120,127] [30,81,89,99,103,105,111,115] [1,18,21,41,42,55,58,78] [8,26,35,53,63,70,71,78] [18,28,30,59,62,75,101,109] [16,26,46,57,65,72,102,111] [2,19,49,64,69,87,114,122] [26,47,57,68,81,98,111,116] [3,5,7,28,64,113,120,125] [21,33,56,65,85,96,105,126] [0,15,19,26,32,58,104,122] [4,5,17,81,85,86,100,107] [5,10,49,59,70,93,101,127] [17,53,81,87,99,103,105,115] [18,21,41,42,48,55,58,78] [6,21,32,56,64,81,109,113] [31,37,71,77,78,88,92,96] [16,31,47,53,72,73,82,90] [1,44,85,94,101,104,107,127] [3,11,34,38,71,97,102,118] [2,20,73,77,92,101,105,125]
Token  36: [6,32,49,50,60,72,78,106] [6,9,77,80,87,99,119,125] [2,31,37,45,47,57,109,122] [4,16,47,82,84,94,107,115] [13,30,32,52,75,81,118,124] [1,21,25,44,51,68,79,91] [8,24,34,53,63,71,78,111] [18,45,56,62,82,101,106,109] [2,16,26,30,57,81,98,102] [10,45,49,64,80,87,114,122] [26,27,53,55,83,112,116,127] [21,28,30,62,63,67,120,125] [9,23,24,56,64,95,107,126] [8,19,26,32,47,68,118,122] [5,13,17,19,33,81,86,100] [5,10,23,49,59,70,80,117] [30,34,53,87,91,103,105,115] [18,39,55,78,83,88,105,123] [8,24,27,34,47,53,63,71] [18,24,39,62,79,88,106,109] [2,16,26,29,30,46,72,98] [0,10,49,64,87,100,114,122] [26,27,32,55,57,68,98,116] [28,30,56,63,64,90,95,120] [9,24,33,49,56,64,65,126] [0,8,26,32,47,58,103,122] [4,5,17,33,81,98,100,107] [5,10,44,49,59,70,80,127] [34,53,81,87,89,103,105,115] [1,18,21,39,55,78,83,88] [8,24,34,53,63,71,75,91] [3,18,39,59,62,75,96,109] [16,26,29,30,38,57,72,98] [0,45,49,64,87,92,114,122] [2,27,29,55,57,68,98,116] [3,7,19,28,30,56,63,120] [24,33,56,64,65,73,105,126] [0,8,26,32,47,58,104,122] [4,5,17,33,55,81,100,107] [2,5,10,49,59,70,80,127] [50,53,81,87,89,103,105,115] [1,18,21,39,55,81,83,88] [30,32,50,52,69,111,113,116] [2,15,31,37,75,78,82,96] [6,11,32,33,47,62,90,94] [1,27,29,82,92,94,95,107] [1,9,37,38,44,71,98,118] [14,20,42,44,57,73,92,107]
Token  37: [22,45,47,60,80,84,93,99] [38,70,80,119,120,121,122,125] [2,33,47,55,78,87,109,127] [4,16,18,36,47,82,84,107] [13,30,32,52,81,86,115,118] [1,21,22,33,42,68,76,91] [3,8,24,30,35,53,63,104] [18,39,45,51,60,95,100,109] [16,95,99,103,106,109,111,122] [0,10,45,49,80,89,103,122] [18,52,53,57,83,116,123,127] [26,28,29,30,63,67,90,95] [9,23,34,56,64,104,107,126] [8,25,26,32,33,78,107,118] [8,17,20,23,63,86,100,110] [17,23,36,59,70,91,94,101] [8,14,53,73,78,102,105,115] [42,53,69,83,88,103,107,123] [8,10,24,35,52,63,75,100] [1,18,45,51,60,95,100,109] [5,16,44,95,99,103,109,122] [10,22,45,48,49,103,122,127] [2,57,73,83,86,108,116,123] [28,30,58,67,86,90,101,122] [9,33,43,56,104,107,113,126] [25,26,32,42,58,65,77,107] [8,17,23,39,66,99,103,110] [17,23,55,59,69,70,91,101] [14,53,73,75,78,102,105,115] [9,17,20,42,53,69,88,106] [8,10,23,24,35,56,63,100] [1,18,43,45,51,95,100,109] [16,44,95,99,103,106,109,122] [0,1,45,60,71,89,103,122] [25,52,57,69,83,116,119,123] [28,29,30,63,67,101,105,111] [46,56,61,73,74,87,107,113] [25,26,32,40,58,73,78,101] [4,7,17,23,48,55,100,110] [1,17,23,59,69,94,101,103] [8,14,53,78,81,89,102,115] [1,9,21,42,48,69,88,112] [3,16,21,31,39,52,64,74] [31,36,43,44,77,87,88,104] [0,27,47,53,73,81,90,107] [2,24,27,32,80,94,101,114] [11,22,34,55,80,97,98,101] [20,57,73,85,86,105,109,125]
Token  38: [2,14,21,50,74,75,103,104] [3,6,9,28,58,80,122,126] [10,36,41,46,51,100,122,127] [4,37,39,47,72,78,82,84] [23,25,32,47,50,56,67,81] [22,47,55,68,73,75,89,107] [10,23,63,79,100,104,120,123] [1,2,18,45,48,51,95,109] [44,61,64,80,95,103,109,122] [1,24,45,71,89,97,103,122] [35,52,70,83,85,103,108,123] [8,19,28,29,30,36,67,105] [24,26,34,56,63,74,87,97] [2,21,25,26,32,65,77,101] [7,8,23,57,79,80,99,110] [1,17,23,40,60,94,95,121] [11,14,48,55,75,78,102,115] [1,9,15,17,46,104,106,112] [10,23,42,52,79,85,100,127] [1,2,4,43,45,48,95,109] [39,44,61,95,105,106,109,122] [1,10,45,97,99,103,122,127] [18,35,39,52,69,83,108,123] [28,30,47,67,86,101,105,115] [34,43,61,68,74,87,104,107] [2,25,32,65,71,77,83,107] [7,23,34,39,44,57,80,110] [1,8,17,23,59,69,94,121] [11,14,15,75,78,102,114,115] [9,15,17,46,106,112,117,121] [10,22,23,42,86,97,100,127] [1,2,4,43,45,48,66,82] [33,44,47,55,61,105,109,122] [0,1,45,52,71,89,97,99] [18,25,35,52,69,70,103,119] [8,28,29,30,67,105,107,115] [24,26,46,73,74,80,87,102] [2,21,40,73,76,83,98,101] [7,23,34,39,44,55,79,80] [1,8,17,60,69,94,95,121] [7,11,14,15,55,78,102,115] [9,15,17,46,49,52,106,121] [2,16,22,24,37,74,123,125] [8,12,19,43,44,56,97,104] [6,8,27,44,45,88,99,104] [4,17,22,24,46,112,119,123] [22,29,30,39,80,84,104,105] [6,35,52,71,85,95,108,111]
Token  39: [13,16,29,51,53,97,104,111] [3,20,34,77,86,107,116,122] [7,10,14,41,51,87,100,120] [4,25,37,38,76,78,105,123] [0,23,32,40,56,57,86,118] [34,75,80,89,96,97,107,116] [14,23,85,86,89,100,120,127] [1,5,45,48,60,87,100,109] [5,44,61,64,95,99,103,122] [0,1,24,45,71,89,94,103] [18,25,35,52,70,83,103,108] [8,28,29,47,65,67,105,107] [26,34,46,53,63,68,74,87] [2,13,44,65,71,75,83,101] [7,23,44,55,79,80,99,110] [1,17,23,60,69,94,95,121] [7,11,14,15,40,75,78,102] [9,15,17,52,53,77,106,112] [10,22,23,79,85,86,89,100] [1,4,5,26,45,48,87,95] [5,39,44,55,64,99,105,122] [0,1,45,71,89,94,97,99] [6,18,25,35,52,83,119,123] [9,28,30,47,67,105,111,115] [34,46,53,63,68,74,87,104] [2,44,65,71,75,77,83,101] [7,11,23,34,39,57,80,110] [1,8,17,23,60,94,95,121] [7,11,14,40,75,78,102,115] [9,15,17,52,53,106,112,121] [10,22,23,86,97,100,125,127] [1,4,43,45,48,66,87,89] [44,55,64,80,95,105,108,122] [0,1,71,76,89,94,97,99] [2,18,25,35,52,69,83,119] [28,29,69,86,105,107,111,115] [46,53,73,74,80,87,102,104] [2,21,40,44,65,75,83,101] [7,23,34,39,44,55,79,80] [1,8,17,60,69,78,94,121] [4,7,14,15,40,78,83,102] [9,15,17,52,53,103,106,117] [16,22,24,37,73,74,123,125] [8,36,43,44,56,81,97,104] [27,37,39,45,54,80,81,104] [4,24,46,80,92,112,117,123] [22,39,55,80,82,84,105,124] [27,32,35,52,71,85,90,95]
Token  40: [12,29,51,62,66,77,111,126] [11,45,74,78,86,114,115,122] [0,7,51,62,72,118,119,121] [1,9,11,25,59,76,78,105] [0,32,39,67,74,86,91,105] [3,21,34,75,80,97,99,116] [6,10,23,38,79,97,100,127] [1,4,33,45,48,66,87,100] [24,39,44,51,55,61,80,122] [1,24,52,71,89,94,97,99] [18,25,35,52,70,74,119,120] [28,29,36,65,68,105,111,115] [34,46,53,63,74,87,100,102] [2,24,44,63,65,75,83,101] [7,9,11,23,28,39,44,62] [1,3,8,9,17,94,98,121] [14,75,78,83,102,111,115,123] [9,14,17,22,84,97,106,112] [10,23,38,42,52,79,97,118] [1,4,5,26,45,48,66,87] [44,51,55,80,104,105,106,122] [0,1,47,52,71,89,94,99] [6,18,35,52,64,74,119,120] [9,28,29,30,68,105,111,115] [34,39,46,53,67,74,87,104] [18,24,29,44,71,75,77,101] [7,9,11,23,55,62,73,110] [1,8,16,17,54,94,98,121] [14,50,75,78,102,111,115,123] [9,14,17,22,84,106,112,122] [6,10,22,23,42,65,112,125] [1,4,5,33,34,45,48,66] [24,44,55,80,104,105,108,122] [0,1,47,52,71,89,94,97] [6,23,25,35,52,69,119,120] [9,28,29,30,48,68,105,115] [39,46,53,67,73,87,100,102] [2,24,40,44,49,75,89,101] [11,23,28,39,44,55,62,110] [1,3,8,17,40,94,98,121] [14,20,75,102,111,115,121,123] [9,14,20,22,84,97,103,106] [2,3,16,28,65,75,101,123] [4,36,44,52,81,87,104,120] [6,13,20,27,54,71,81,116] [4,12,20,24,37,70,80,117] [52,55,60,67,80,98,115,127] [32,34,47,66,85,88,117,123]
Token  41: [27,50,61,66,81,106,110,118] [9,46,62,74,91,99,115,122] [7,45,50,51,52,72,120,122] [7,11,25,59,61,78,94,105] [9,32,39,63,67,74,86,97] [5,21,51,80,97,99,102,105] [10,23,79,86,97,99,100,120] [1,4,21,33,45,48,66,89] [2,39,44,51,55,104,106,122] [0,24,48,52,71,89,94,97] [18,25,35,52,62,74,83,120] [28,29,36,47,65,87,105,111] [39,46,63,68,74,87,100,102] [2,12,63,65,66,75,119,126] [7,11,23,39,44,55,57,105] [1,3,8,9,17,94,98,121] [14,43,51,75,78,102,115,121] [2,9,17,20,22,35,66,106] [10,22,23,42,52,79,97,118] [1,4,5,26,33,45,48,125] [2,39,44,55,104,105,106,122] [1,48,52,71,76,97,99,127] [6,18,35,52,62,74,107,120] [9,28,29,47,105,111,115,122] [39,61,63,68,74,87,100,102] [12,65,66,71,75,77,101,119] [11,23,39,44,57,95,105,110] [1,2,4,8,17,40,98,121] [14,24,30,50,51,78,102,115] [2,9,20,35,66,106,107,121] [10,22,23,36,54,86,112,125] [1,4,5,26,33,45,73,125] [2,39,55,95,100,104,108,122] [22,48,52,66,71,76,89,97] [6,25,52,62,69,83,91,110] [28,29,47,78,86,87,105,122] [27,32,39,46,68,87,100,102] [12,40,65,66,99,101,107,113] [11,23,39,44,55,57,58,105] [1,3,17,40,71,94,98,121] [14,30,43,51,75,102,121,123] [2,6,9,20,35,66,106,117] [3,16,18,22,93,98,102,123] [6,36,44,52,81,87,104,120] [3,6,20,27,39,48,81,104] [12,20,24,37,70,80,117,123] [44,55,60,80,98,115,117,127] [36,47,66,71,85,88,120,123]
Token  42: [22,23,28,41,47,83,105,112] [7,29,45,48,67,74,115,122] [4,52,59,64,67,73,76,118] [35,59,62,70,78,92,105,120] [9,27,32,63,67,86,97,113] [5,21,48,87,97,99,102,116] [10,22,23,25,89,97,108,125] [1,4,33,45,66,89,108,125] [2,27,55,80,104,105,108,122] [0,24,35,52,71,81,89,97] [5,6,52,62,74,95,109,120] [16,28,29,33,36,43,101,105] [24,25,38,39,46,87,100,102] [12,41,63,71,95,101,109,123] [7,11,23,44,47,57,99,101] [1,8,17,20,31,94,98,121] [14,29,50,75,77,78,110,115] [9,13,22,37,64,65,106,122] [10,22,23,52,64,97,118,125] [1,4,5,26,32,45,48,125] [2,27,44,55,80,104,105,122] [0,35,47,52,71,89,97,99] [6,18,23,52,62,95,109,120] [9,16,28,29,71,105,111,115] [0,25,32,34,38,39,87,102] [12,18,41,71,77,86,109,123] [11,18,23,44,47,60,73,110] [1,16,17,20,40,77,98,121] [14,29,50,77,78,102,110,115] [9,22,53,64,65,84,112,122] [10,13,22,23,36,112,118,125] [1,4,5,33,45,66,89,125] [2,20,27,55,100,104,108,122] [0,35,47,52,71,76,89,97] [23,25,52,95,109,110,119,124] [9,16,28,29,42,78,97,105] [0,38,46,73,87,100,102,103] [12,40,41,57,95,101,109,123] [11,18,23,44,47,55,57,60] [1,17,20,40,77,94,107,121] [14,29,44,75,77,109,110,115] [0,9,63,64,65,85,106,115] [3,16,24,49,55,75,90,126] [8,44,47,74,104,120,121,125] [3,6,13,23,27,80,94,110] [5,12,24,47,76,82,83,87] [5,10,33,45,82,96,104,124] [11,15,31,74,82,90,121,127]
Token  43: [31,61,69,70,81,107,118,120] [25,60,74,83,91,103,115,122] [36,64,67,68,116,117,123,126] [10,35,55,59,62,78,97,106] [51,86,91,97,102,105,111,113] [5,21,55,97,99,102,111,116] [10,18,22,23,25,86,97,104] [1,4,5,33,34,45,72,125] [27,28,39,44,55,99,104,122] [24,43,48,52,71,81,99,105] [6,14,18,35,52,62,74,83] [13,28,29,36,47,58,78,105] [25,27,68,69,87,100,102,120] [12,13,55,63,79,101,107,121] [11,23,28,44,57,84,86,101] [1,3,8,17,34,38,98,121] [14,20,24,43,48,75,78,121] [9,13,14,30,37,45,97,122] [9,10,22,23,36,52,97,104] [1,4,5,32,45,48,72,82] [2,27,28,39,44,55,104,122] [0,48,52,71,76,97,99,105] [6,14,18,25,35,52,107,120] [13,20,28,29,47,58,105,115] [43,63,68,69,87,100,102,120] [55,65,71,77,91,101,107,121] [11,23,28,39,57,84,101,110] [3,4,17,34,40,50,100,121] [14,20,30,75,78,102,115,121] [9,13,14,30,45,82,97,124] [13,22,23,54,86,89,97,112] [1,4,5,33,45,72,89,108] [27,28,55,99,100,104,105,108] [0,48,66,71,76,97,99,105] [13,14,25,29,69,83,91,120] [13,28,29,47,58,86,105,122] [27,30,39,46,69,87,102,120] [40,55,73,79,99,101,107,121] [11,23,28,44,55,57,84,101] [3,4,17,34,40,94,100,121] [14,20,30,75,78,102,115,121] [1,9,14,30,45,51,80,97] [3,16,55,65,71,101,115,119] [4,36,41,44,46,68,104,120] [27,52,54,56,69,71,104,107] [2,12,24,27,32,114,117,127] [55,60,61,67,97,101,117,127] [32,34,55,58,71,86,117,118]
Token  44: [14,22,57,101,103,106,110,127] [25,37,39,48,60,62,103,104] [36,52,67,68,72,90,122,126] [10,12,35,55,61,78,106,127] [51,63,67,86,97,102,111,113] [5,18,31,51,55,99,105,111] [14,22,23,86,89,97,104,125] [1,4,32,33,45,72,82,108] [28,55,67,76,99,100,104,122] [6,32,43,48,71,76,99,105] [5,6,14,18,25,69,85,91] [13,28,29,47,58,65,105,109] [27,28,46,68,69,87,102,120] [18,29,55,63,66,101,107,113] [9,11,16,23,44,57,84,105] [1,3,17,34,40,89,94,121] [12,14,26,43,48,78,102,119] [2,9,30,35,66,90,122,124] [10,22,23,89,97,104,118,125] [1,4,32,45,48,82,89,108] [28,44,61,76,100,104,108,122] [48,66,71,76,89,97,99,102] [2,13,18,25,52,85,91,103] [4,9,13,28,31,94,105,109] [34,43,46,69,87,108,120,122] [13,29,55,66,71,73,101,126] [11,16,23,38,57,105,110,115] [6,15,17,34,40,94,100,121] [12,14,30,78,100,115,119,127] [2,9,30,35,66,82,99,124] [22,23,65,89,97,104,111,112] [1,4,5,45,56,82,89,108] [28,61,76,100,104,108,123,124] [0,25,32,66,76,89,99,105] [13,14,25,29,85,91,94,103] [13,28,48,60,65,94,101,109] [27,34,39,46,69,78,92,120] [40,55,66,89,91,106,107,113] [11,16,23,55,57,87,101,105] [3,4,17,34,40,89,94,100] [12,14,30,43,78,102,115,119] [2,6,9,30,35,66,90,112] [3,16,18,27,55,93,102,115] [5,29,36,44,46,65,68,104] [20,27,48,52,56,69,81,104] [2,12,24,27,32,70,114,117] [52,55,60,98,101,115,117,127] [36,47,66,85,86,88,120,123]
Token  45: [28,33,64,75,79,82,91,124] [9,24,28,48,63,74,90,122] [4,46,55,74,81,97,104,107] [9,21,24,68,74,78,87,109] [11,23,46,51,53,57,60,70] [5,18,21,52,55,79,93,110] [6,14,23,54,86,87,89,104] [1,5,32,33,45,82,100,108] [11,61,67,95,100,104,108,123] [0,7,17,32,35,71,76,81] [13,18,40,82,85,94,103,127] [18,28,29,90,94,99,105,122] [23,24,26,34,39,43,46,87] [2,18,29,40,63,107,112,127] [15,16,23,38,57,84,110,111] [8,17,32,38,54,89,121,125] [11,14,26,28,78,102,115,127] [1,9,13,36,68,82,92,118] [10,14,23,52,65,87,89,118] [1,2,5,32,45,48,82,100] [32,44,55,61,100,104,105,123] [0,7,17,47,71,76,97,99] [9,18,25,52,55,82,85,103] [9,22,25,28,42,94,99,105] [25,34,36,43,46,87,108,122] [2,18,63,71,73,101,112,127] [15,16,23,38,71,73,110,116] [0,16,17,32,54,94,121,126] [11,14,28,35,78,100,102,115] [9,68,92,93,99,105,112,122] [3,14,22,23,36,52,87,112] [2,5,45,48,56,89,100,109] [11,32,44,61,90,100,104,105] [0,7,32,41,47,76,89,99] [9,18,23,55,82,85,103,127] [9,22,25,28,30,94,99,100] [2,14,24,34,39,78,92,127] [52,61,87,89,92,112,120,127] [15,16,22,26,38,57,73,92] [0,25,32,51,89,106,110,125] [14,26,27,28,35,82,100,127] [9,68,73,82,92,99,118,124] [3,4,8,17,33,69,70,106] [24,41,61,68,75,80,83,111] [9,11,27,42,52,62,69,96] [12,48,67,77,88,114,116,117] [18,33,46,51,54,90,104,113] [0,6,17,23,39,53,58,80]
Token  46: [4,24,38,66,86,101,118,122] [24,31,40,47,57,85,89,126] [12,41,55,57,60,70,74,104] [18,24,29,49,66,68,72,118] [6,23,46,51,57,60,65,70] [0,20,21,32,45,55,93,106] [14,22,54,76,77,89,103,104] [1,4,13,32,45,74,82,108] [11,32,61,67,94,100,104,123] [7,17,24,35,76,80,92,99] [7,25,71,82,85,91,94,103] [18,25,36,50,73,94,99,100] [14,27,32,34,46,87,92,127] [2,40,62,63,91,92,112,127] [14,15,16,23,42,57,60,92] [17,32,38,40,80,89,121,125] [11,13,14,28,30,78,115,127] [6,9,36,66,75,80,82,92] [22,23,65,87,89,104,118,125] [1,2,5,32,45,48,82,89] [11,32,61,100,104,105,108,123] [0,7,17,35,47,71,76,99] [18,23,25,71,82,85,94,103] [9,25,28,48,52,94,99,116] [14,25,34,43,46,87,92,127] [2,18,57,63,73,87,112,127] [15,16,23,57,73,105,110,116] [17,32,50,88,94,121,125,126] [13,14,28,53,89,100,115,127] [9,13,30,66,92,100,105,122] [14,22,23,54,87,89,97,112] [1,2,5,45,56,82,89,108] [4,11,32,61,76,100,104,108] [0,7,17,32,47,53,76,99] [23,25,29,71,82,91,94,103] [9,22,25,28,30,94,99,100] [14,24,27,46,61,92,103,111] [18,40,89,91,102,112,120,127] [15,16,23,55,57,73,87,110] [17,25,32,51,89,94,100,125] [13,14,26,28,30,100,109,115] [6,9,30,49,66,75,92,100] [3,16,18,30,69,70,86,98] [7,16,36,41,68,75,91,104] [6,9,11,27,56,69,81,104] [4,12,24,27,32,114,117,123] [51,52,55,60,61,98,117,127] [15,21,26,57,58,82,85,86]
Token  47: [28,64,75,86,87,91,105,122] [13,25,30,31,47,57,63,126] [4,36,46,49,55,60,64,76] [13,34,54,68,70,73,78,106] [5,6,46,51,57,60,70,113] [5,18,21,63,75,87,99,110] [22,23,89,103,104,111,118,125] [1,4,5,32,45,82,100,108] [20,55,61,67,70,100,104,108] [35,41,66,67,71,76,97,99] [18,25,82,85,91,94,95,97] [28,29,46,55,60,94,99,105] [0,24,27,38,46,87,102,103] [2,40,57,63,73,101,109,112] [11,16,18,23,44,57,60,111] [1,8,17,32,38,40,89,121] [14,30,44,75,78,94,102,108] [0,9,17,36,63,65,99,122] [10,22,23,36,52,89,97,118] [1,4,5,45,48,82,100,108] [44,55,67,100,104,105,108,122] [35,47,52,66,71,76,97,99] [2,18,25,52,62,95,119,124] [9,16,28,42,46,55,105,122] [0,25,34,38,39,43,87,102] [2,18,57,71,73,101,109,123] [18,23,44,60,71,95,102,110] [2,16,17,20,32,94,121,126] [14,29,44,50,77,78,102,108] [0,9,17,63,65,81,111,122] [10,22,23,42,52,112,118,125] [1,5,34,45,48,66,89,100] [20,27,44,55,100,104,105,122] [0,35,41,47,71,89,97,127] [18,23,29,39,52,95,119,124] [9,28,29,42,46,55,73,94] [0,14,24,25,38,80,87,102] [2,18,41,57,62,101,109,123] [4,7,18,23,44,57,60,102] [8,17,20,32,40,94,107,121] [14,29,44,77,78,108,114,115] [0,9,63,64,65,85,121,122] [3,16,24,49,52,75,90,126] [8,44,47,49,56,68,120,121] [3,6,11,27,47,80,94,110] [5,12,24,26,47,82,83,87] [1,5,10,60,118,123,124,127] [11,15,21,31,44,77,82,127]
Token  48: [1,16,72,84,98,100,114,122] [15,18,21,70,82,94,119,127] [2,12,38,47,57,80,88,109] [6,15,31,60,89,97,117,127] [32,44,75,76,85,86,106,115] [1,4,37,61,66,73,97,125] [8,10,23,63,78,83,105,108] [1,5,33,45,48,49,100,109] [44,55,84,103,106,113,121,122] [0,9,71,89,103,110,122,125] [2,39,52,61,62,90,105,119] [28,29,36,49,61,105,111,122] [15,23,46,63,74,87,99,107] [6,15,28,63,77,80,107,118] [7,20,23,39,44,48,110,111] [1,8,17,38,78,85,94,101] [8,53,75,78,88,102,115,124] [1,17,18,19,42,68,99,106] [10,23,36,42,52,65,105,118] [1,20,45,48,49,51,95,109] [44,55,66,84,103,106,121,122] [0,9,71,98,103,110,125,127] [2,13,18,52,61,90,105,119] [9,24,28,29,49,61,111,122] [9,15,23,33,43,74,87,99] [15,28,58,63,80,110,115,118] [7,20,23,32,48,103,110,111] [1,2,5,16,17,54,59,69] [8,48,53,65,78,99,102,115] [18,19,21,33,42,55,118,122] [10,23,24,42,53,65,78,105] [18,45,48,49,51,100,109,112] [44,65,66,84,101,103,121,122] [0,9,49,62,98,110,122,125] [13,18,39,56,61,90,105,119] [19,23,24,28,29,49,61,125] [23,33,43,46,79,96,99,107] [15,19,26,78,89,91,110,118] [5,17,32,55,81,86,100,110] [5,17,32,49,59,70,101,127] [39,42,48,53,81,99,103,115] [1,21,34,42,55,78,88,120] [6,47,56,76,81,88,113,114] [31,37,51,65,71,78,92,96] [7,31,47,90,94,102,103,127] [29,31,41,44,53,92,107,113] [34,38,49,53,70,99,118,123] [2,20,39,65,77,101,105,125]
Token  49: [32,49,50,58,60,72,75,78] [6,8,15,25,87,119,122,125] [2,31,46,47,57,92,109,127] [2,82,84,87,91,107,115,117] [13,30,52,75,81,83,95,115] [1,25,37,42,61,68,73,97] [8,24,26,53,63,71,78,105] [18,39,45,49,96,101,109,112] [16,26,30,66,84,98,103,124] [0,9,10,49,98,110,117,122] [27,53,56,61,90,105,116,127] [19,23,26,28,49,61,103,125] [9,23,24,33,43,56,64,107] [8,19,25,26,28,32,80,118] [5,10,19,48,63,67,100,123] [5,23,31,53,59,70,91,101] [8,53,65,78,87,91,105,115] [18,19,39,42,53,83,88,99] [8,24,34,53,63,71,75,105] [3,18,49,51,60,62,96,109] [16,29,35,66,84,101,103,121] [0,9,10,49,98,110,122,125] [2,56,61,73,90,105,116,119] [19,23,24,26,28,49,56,61] [9,23,33,43,56,64,99,107] [8,15,25,26,28,58,80,118] [4,5,17,48,98,100,103,110] [5,23,44,59,70,83,101,127] [8,48,53,65,73,87,105,115] [1,18,39,42,55,78,88,118] [8,24,34,53,63,71,78,105] [3,18,43,59,62,75,101,109] [16,26,30,66,84,98,101,103] [0,49,96,98,100,110,122,125] [2,13,27,68,73,78,90,116] [3,21,23,26,28,56,95,125] [23,33,43,56,64,65,79,107] [8,26,31,78,83,91,110,118] [4,17,33,55,81,100,107,110] [2,5,49,59,70,80,101,127] [34,50,53,70,81,87,105,115] [18,21,39,53,55,88,100,103] [14,43,50,52,69,77,111,113] [10,29,30,31,72,94,96,99] [9,25,42,47,59,62,90,94] [2,23,29,67,77,82,92,107] [9,26,37,38,43,46,71,79] [17,42,44,46,61,80,105,119]
Token  50: [45,60,80,84,89,92,93,99] [33,47,50,70,80,87,120,125] [2,33,47,53,82,87,109,127] [20,29,39,82,84,87,114,119] [13,30,46,70,81,83,93,121] [1,22,42,61,68,73,97,110] [3,24,35,53,63,78,83,105] [18,45,49,51,60,95,100,109] [44,66,80,84,103,106,109,122] [0,45,49,71,89,98,103,122] [2,18,22,52,54,83,90,123] [9,26,28,29,61,67,90,101] [23,25,33,34,74,79,87,107] [18,25,33,63,65,80,83,118] [7,10,20,23,49,63,94,110] [1,17,23,69,90,94,101,103] [8,14,55,75,78,102,104,115] [17,42,53,68,69,88,90,106] [10,23,24,35,42,52,65,100] [1,20,43,45,48,51,60,95] [44,55,66,103,105,106,109,122] [1,10,45,89,98,103,122,127] [2,18,52,83,90,108,116,123] [9,26,28,29,58,67,101,105] [9,23,33,39,79,87,104,107] [25,33,65,77,80,83,110,118] [7,10,11,17,20,23,63,110] [1,17,23,69,70,94,95,103] [8,14,48,53,55,78,102,115] [9,17,20,42,69,90,106,112] [10,23,24,42,65,100,107,112] [1,43,45,48,51,95,100,109] [44,47,66,103,105,106,109,122] [0,1,45,97,98,99,103,122] [18,25,52,76,83,90,119,123] [26,28,29,48,54,67,105,111] [23,33,34,61,74,79,87,107] [13,25,33,40,58,83,101,118] [7,17,23,37,44,55,57,110] [1,17,23,69,70,94,101,103] [8,14,73,75,78,102,115,124] [1,9,19,21,42,48,69,112] [3,16,21,31,39,64,68,115] [31,36,44,68,77,87,88,104] [0,6,27,53,73,81,90,107] [2,12,24,27,32,101,114,117] [11,22,55,60,97,98,101,127] [20,57,73,85,86,105,109,124]
Token  51: [2,14,21,50,74,75,103,104] [3,6,9,28,47,58,80,122] [10,41,46,51,72,100,122,127] [4,20,29,37,39,87,123,127] [23,32,47,56,67,70,83,113] [68,73,75,89,96,97,107,110] [10,23,79,89,97,104,120,127] [1,2,4,32,45,48,82,100] [44,55,61,76,103,104,109,122] [0,24,45,71,76,97,99,122] [18,35,52,70,83,85,103,108] [8,28,29,36,67,69,105,120] [23,24,25,26,34,74,87,107] [2,13,18,65,77,83,101,118] [7,10,11,23,44,79,80,110] [1,8,17,23,40,60,94,121] [11,14,48,55,75,78,102,115] [9,15,17,46,90,104,106,112] [10,22,23,38,54,65,86,127] [1,2,4,32,45,48,82,95] [33,44,47,61,95,105,108,122] [1,24,52,71,97,99,103,127] [18,29,35,36,52,85,103,123] [28,48,67,69,105,107,111,115] [23,24,26,34,74,79,87,107] [2,13,25,65,83,101,110,118] [7,11,23,39,44,80,110,115] [1,8,17,23,60,69,95,121] [11,14,50,75,78,102,115,122] [9,15,17,46,52,90,106,112] [10,23,38,42,65,100,112,127] [1,2,5,43,45,48,82,95] [44,47,61,95,105,108,109,122] [0,1,45,52,71,97,99,103] [18,25,35,36,52,69,103,119] [28,29,30,48,69,105,115,120] [23,24,26,34,46,53,74,87] [2,21,33,40,65,83,101,118] [7,10,23,39,44,55,79,80] [1,8,17,60,69,78,94,121] [7,11,14,15,55,78,102,115] [9,15,17,46,52,103,106,121] [2,3,16,37,68,71,74,125] [8,12,19,43,44,56,97,104] [6,11,27,44,45,88,99,116] [4,17,22,24,46,112,114,123] [19,22,29,30,39,80,84,105] [6,35,52,71,85,95,108,111]
Token  52: [13,16,47,51,53,97,104,111] [3,20,34,39,40,77,86,107] [10,14,41,51,72,87,100,120] [23,25,29,37,76,78,105,114] [0,23,32,40,46,83,89,110] [21,34,75,80,89,96,97,107] [23,79,89,97,100,104,120,127] [1,45,48,56,60,87,100,109] [5,18,44,55,61,64,103,122] [0,1,24,45,71,89,94,103] [18,25,35,36,52,83,103,108] [9,28,48,65,67,69,105,107] [23,25,26,53,71,87,107,111] [2,13,18,44,65,75,83,118] [7,10,11,23,63,79,80,110] [1,8,17,23,50,60,94,121] [7,11,14,40,75,78,102,122] [9,15,17,52,53,90,106,112] [10,23,55,79,89,97,100,127] [1,4,26,45,48,60,87,95] [5,18,44,55,64,99,105,122] [0,1,45,71,89,94,99,103] [18,25,29,35,36,52,83,120] [4,28,48,65,69,105,111,115] [23,33,68,74,79,87,107,111] [2,65,71,75,77,83,110,118] [7,10,23,34,44,80,110,115] [1,8,17,23,60,69,94,121] [11,14,40,75,78,102,115,122] [9,15,17,52,53,90,106,112] [10,22,23,65,86,97,100,127] [1,26,43,45,48,87,89,108] [18,44,55,64,95,105,108,122] [0,1,71,76,89,94,97,99] [18,25,35,36,52,69,83,119] [28,29,48,69,86,105,107,111] [23,46,53,73,74,80,87,102] [2,40,44,65,75,83,101,118] [7,10,23,39,44,55,79,80] [1,8,17,23,60,69,94,121] [7,14,15,40,78,83,102,115] [9,15,17,52,53,103,106,117] [16,24,37,68,73,74,123,125] [8,36,43,44,56,81,97,104] [6,27,37,45,54,80,81,104] [4,12,24,46,80,92,112,117] [22,39,55,80,82,84,105,124] [27,32,34,35,52,85,90,95]
Token  53: [3,28,29,62,64,67,77,126] [11,62,67,74,76,78,86,122] [4,36,51,72,73,119,120,121] [1,11,25,62,76,78,97,105] [39,40,51,55,57,74,86,116] [16,18,48,78,80,97,99,116] [6,10,23,55,97,100,104,127] [1,32,43,45,48,82,87,100] [24,27,44,61,67,95,108,122] [0,35,60,76,81,94,99,103] [18,25,35,52,76,95,119,120] [8,16,28,29,48,68,69,105] [34,38,46,53,74,80,87,123] [2,24,44,75,83,95,101,123] [7,9,23,39,44,57,62,99] [1,17,20,40,69,94,98,121] [14,29,40,78,102,111,115,123] [1,9,17,37,65,84,106,112] [10,22,23,55,65,86,100,104] [1,26,32,43,45,48,82,100] [44,47,61,67,95,105,108,122] [0,1,35,52,71,94,99,103] [18,25,35,52,95,119,120,124] [9,16,28,29,97,105,111,115] [25,39,43,53,67,74,87,123] [24,45,71,77,83,95,101,109] [7,11,23,34,62,73,82,110] [1,8,17,20,69,77,98,121] [14,29,50,77,78,102,111,115] [9,17,36,65,84,106,112,122] [10,23,36,100,104,112,118,127] [1,26,32,33,43,45,48,82] [24,27,44,61,67,105,108,122] [0,1,35,47,52,94,99,103] [6,23,25,52,69,95,120,124] [9,28,29,48,68,71,86,105] [38,39,46,53,67,73,87,123] [24,49,89,91,95,101,109,123] [3,7,18,23,55,62,110,111] [1,8,17,20,31,69,98,107] [14,29,44,77,78,102,111,115] [0,9,63,65,84,106,112,121] [3,20,28,52,55,75,80,126] [2,8,44,47,56,100,104,121] [13,27,39,54,80,94,104,110] [5,12,24,47,82,83,87,119] [10,22,45,52,55,74,96,97] [11,27,31,44,54,74,90,127]
Token  54: [9,53,61,69,70,81,92,93] [26,30,33,41,53,83,91,122] [15,36,51,52,62,116,117,120] [1,11,25,26,78,97,101,106] [0,39,40,43,91,105,111,113] [16,31,49,78,80,97,111,116] [10,23,47,86,97,100,104,127] [1,43,45,48,72,82,89,100] [27,39,44,67,95,99,108,122] [43,48,60,81,94,97,99,103] [14,18,25,35,52,83,120,123] [13,28,29,36,47,58,69,105] [25,46,53,68,69,74,87,120] [24,30,44,55,65,75,83,121] [7,9,23,28,34,39,55,63] [1,3,8,17,68,69,98,121] [14,20,43,50,78,102,115,121] [1,14,17,45,84,97,106,112] [10,23,52,65,79,86,100,104] [1,26,32,45,48,72,82,100] [44,61,67,95,99,105,108,122] [0,1,43,48,52,94,99,103] [14,18,25,35,52,85,120,123] [9,13,28,47,58,86,105,115] [46,53,67,68,69,74,87,120] [24,55,65,71,79,83,107,121] [11,23,28,44,57,76,110,115] [1,3,4,8,17,94,98,121] [14,20,43,50,78,102,115,121] [9,14,27,45,97,106,112,121] [10,22,23,65,100,104,111,127] [1,26,32,45,48,72,82,95] [17,27,44,61,99,105,108,122] [0,1,37,43,48,76,97,99] [6,14,18,25,52,69,85,120] [13,28,29,47,48,58,90,105] [39,46,68,69,87,104,120,123] [25,55,79,83,91,101,107,121] [11,23,28,55,57,84,110,115] [3,4,17,34,40,89,94,121] [14,20,43,78,102,105,115,121] [1,6,9,14,45,97,106,112] [3,16,21,65,75,80,101,115] [4,36,44,46,68,81,87,104] [6,27,54,56,69,71,81,107] [2,12,24,27,32,37,114,117] [22,52,55,61,67,97,101,117] [32,34,47,58,73,85,86,117]
Token  55: [4,14,47,57,103,106,110,117] [9,30,33,46,47,48,62,77] [7,36,41,52,72,90,120,122] [10,26,48,78,97,101,106,117] [40,43,51,57,63,67,111,113] [16,18,49,51,75,97,99,105] [22,23,54,86,89,97,100,104] [1,32,45,48,72,82,89,95] [28,47,61,67,99,108,122,123] [0,32,37,48,76,81,99,103] [14,18,25,52,76,85,103,123] [13,28,29,36,47,58,90,109] [25,28,46,61,68,69,87,120] [2,25,30,55,63,65,66,113] [7,11,16,23,57,76,105,115] [1,3,4,17,40,68,89,121] [12,14,43,78,102,115,119,127] [1,2,35,45,66,75,82,112] [10,22,23,65,86,89,100,104] [1,26,32,45,48,61,82,100] [44,61,67,99,100,105,108,122] [0,32,48,76,80,97,99,103] [6,14,18,25,52,85,103,123] [9,13,28,48,58,105,109,111] [28,39,43,46,69,75,87,120] [2,25,31,55,66,71,107,113] [11,16,23,57,59,105,110,115] [3,4,8,16,17,40,94,121] [12,14,30,78,102,115,119,127] [2,9,35,45,66,99,112,124] [22,23,89,100,104,107,111,127] [1,5,32,45,48,56,82,89] [17,61,67,76,99,100,108,123] [0,32,37,48,76,81,99,111] [6,13,25,29,69,85,94,103] [13,28,29,48,58,60,90,109] [34,39,46,47,61,69,87,120] [25,40,55,66,91,99,107,113] [10,16,23,55,57,105,110,115] [3,4,17,34,40,89,94,121] [12,14,43,78,102,105,115,119] [2,6,9,35,45,66,90,112] [3,16,18,27,80,93,102,115] [6,29,36,44,65,68,87,104] [6,20,27,48,56,69,81,104] [12,24,27,32,70,80,114,117] [22,52,55,60,101,115,117,127] [36,47,66,85,86,88,120,123]
Token  56: [6,28,64,75,82,91,105,110] [9,16,28,48,63,67,90,122] [4,10,36,46,56,60,64,76] [24,37,68,70,73,74,78,109] [5,46,51,55,57,60,70,113] [4,18,21,55,73,75,87,115] [14,22,89,97,100,104,118,125] [1,2,32,45,48,82,100,108] [17,61,67,95,100,104,108,123] [7,17,32,35,76,81,99,103] [18,25,29,52,82,85,94,103] [16,28,29,33,62,99,100,105] [14,24,36,38,46,61,87,127] [2,29,40,41,57,92,109,123] [7,15,16,18,23,57,60,125] [1,8,17,32,38,40,89,121] [11,14,44,48,78,102,108,127] [1,9,27,36,75,82,112,122] [10,22,23,87,89,100,104,118] [1,2,5,26,32,45,48,82] [44,61,67,100,105,108,122,123] [7,17,32,35,41,47,76,99] [18,25,52,82,85,94,103,119] [9,25,28,29,42,46,99,105] [0,25,38,43,46,61,75,87] [2,18,57,63,91,101,109,123] [16,18,23,57,59,60,71,73] [2,8,16,17,32,107,121,126] [11,14,44,77,78,102,108,115] [0,9,37,63,65,105,112,122] [10,22,23,89,100,104,112,118] [1,2,32,45,48,82,89,100] [27,44,61,100,104,108,122,123] [0,7,32,35,41,47,76,99] [6,23,25,29,85,94,103,124] [9,25,28,29,42,48,62,99] [0,14,24,38,43,46,61,67] [2,18,25,62,91,109,112,123] [4,15,18,23,55,57,110,111] [17,20,32,51,94,107,125,126] [14,29,77,78,108,109,115,127] [0,9,49,54,63,65,112,122] [3,49,52,70,75,90,115,126] [8,26,47,56,68,74,80,121] [11,23,27,69,80,94,104,110] [5,12,27,47,76,82,83,87] [5,10,52,55,96,117,118,127] [15,21,31,44,74,82,86,127]
Token  57: [1,16,65,72,84,98,100,114] [15,18,21,70,94,119,122,127] [2,38,47,57,80,92,107,109] [5,6,31,84,89,97,109,117] [7,26,40,76,85,93,106,115] [1,16,17,61,66,73,97,125] [10,14,23,43,63,78,100,105] [1,20,27,43,45,48,49,100] [44,55,65,84,95,103,121,122] [0,9,60,71,76,89,103,110] [18,25,52,56,61,90,105,119] [23,28,29,48,49,61,92,105] [15,23,34,43,67,74,87,99] [2,6,15,25,28,63,83,118] [7,20,23,39,48,99,110,111] [1,8,17,38,69,85,94,101] [8,14,48,53,78,102,115,124] [1,17,19,42,68,99,106,107] [10,23,36,42,65,100,105,123] [1,26,43,45,48,49,51,100] [44,66,84,95,103,105,121,122] [0,1,9,99,103,110,125,127] [2,18,25,52,61,105,119,120] [9,24,28,49,54,61,92,105] [9,15,33,43,61,67,87,99] [15,19,25,28,45,58,71,110] [7,17,20,23,32,48,99,110] [2,5,6,16,17,54,69,101] [14,39,48,53,62,78,102,115] [1,21,42,55,68,78,88,118] [24,36,42,65,78,100,105,126] [1,18,43,45,48,49,109,112] [27,44,65,66,84,103,121,122] [0,9,62,98,99,110,122,125] [18,56,61,68,78,90,105,119] [3,23,24,28,49,54,114,125] [23,33,43,56,79,96,99,107] [15,19,25,26,68,91,110,118] [5,23,55,81,86,100,104,125] [5,17,32,49,59,70,75,127] [39,42,48,53,81,99,103,115] [21,34,49,55,78,80,88,120] [6,17,32,50,56,81,111,114] [10,11,31,37,71,78,92,96] [5,6,7,26,31,47,90,101] [16,29,44,53,92,98,107,117] [3,34,38,46,49,70,76,99] [0,2,20,39,101,105,118,125]
Token  58: [32,49,50,58,60,72,75,78] [13,15,28,87,103,119,122,125] [2,31,39,57,74,109,115,127] [2,23,56,67,84,91,107,117] [11,30,43,52,64,81,83,127] [1,9,17,37,61,68,73,97] [24,27,43,53,63,78,112,126] [1,18,39,45,49,96,108,109] [16,30,66,83,84,98,103,123] [0,9,10,49,81,98,115,122] [1,3,25,27,56,90,97,116] [19,23,26,28,54,56,61,125] [9,23,33,43,56,64,79,107] [8,25,26,28,33,83,110,118] [19,30,48,49,63,73,110,123] [5,8,23,38,44,70,91,101] [8,48,53,65,78,91,105,115] [1,18,33,39,42,68,88,99] [8,24,34,53,63,75,105,126] [18,45,49,51,60,62,96,109] [16,26,35,59,66,84,103,121] [9,10,49,79,98,110,122,125] [2,27,61,73,90,105,116,119] [1,23,26,28,49,54,61,92] [23,33,43,56,64,79,99,107] [8,15,26,28,58,83,110,118] [4,17,19,49,81,98,100,103] [5,10,26,44,59,70,101,127] [34,42,53,65,87,89,105,115] [1,18,39,55,78,88,118,123] [8,24,34,53,63,71,78,126] [18,39,59,62,75,100,101,109] [16,26,29,30,66,72,84,103] [0,13,49,58,96,98,110,122] [27,34,68,73,78,90,116,121] [3,7,21,26,28,54,56,95] [23,33,56,64,65,79,107,126] [8,13,25,26,68,83,110,118] [4,5,17,33,49,81,100,110] [2,5,17,49,59,70,80,127] [34,50,53,70,81,87,105,115] [6,21,39,55,78,88,100,120] [43,50,52,60,66,69,77,116] [30,31,69,82,94,96,98,99] [7,42,47,59,62,82,90,94] [2,19,23,29,77,82,107,116] [1,9,26,37,38,49,71,79] [17,42,44,46,61,80,118,119]
Token  59: [22,45,60,80,89,92,93,99] [33,50,70,80,87,104,120,125] [2,33,53,82,87,109,111,127] [20,29,32,39,67,82,84,114] [13,26,30,44,46,70,83,93] [1,22,42,68,73,79,96,97] [3,24,35,53,63,89,105,126] [1,18,45,48,49,51,100,109] [44,66,84,95,102,103,109,122] [0,60,63,81,89,98,103,122] [18,22,25,52,54,75,83,90] [9,26,28,32,54,67,90,104] [11,23,25,33,34,79,87,107] [18,25,26,33,63,65,83,118] [7,10,17,20,23,49,63,110] [1,17,23,69,90,101,103,127] [8,14,48,55,78,102,105,115] [1,42,53,68,69,88,90,123] [10,23,24,35,52,63,100,126] [1,43,45,48,60,95,100,109] [5,44,66,99,103,105,109,122] [1,10,45,98,99,103,122,127] [2,19,25,78,83,90,116,123] [4,14,26,28,32,54,92,117] [9,23,33,39,43,74,79,107] [25,26,33,71,80,83,110,118] [4,10,11,20,23,49,103,110] [1,5,17,23,55,59,69,103] [8,14,45,48,55,78,102,115] [17,42,55,69,90,104,106,112] [10,23,24,42,65,100,107,126] [1,43,45,48,51,95,100,109] [44,55,95,103,105,106,109,122] [0,1,45,62,89,98,103,122] [18,25,52,69,76,83,90,123] [26,28,29,43,54,67,105,111] [23,33,56,74,79,80,87,107] [25,33,40,58,83,101,110,118] [7,17,20,23,48,49,55,95] [1,17,69,70,94,101,103,121] [8,14,55,75,78,102,115,124] [1,9,21,42,48,69,106,112] [3,16,21,31,39,64,68,115] [31,36,44,68,77,87,88,104] [0,6,27,53,73,81,90,107] [2,12,22,24,27,32,101,114] [11,22,52,55,60,97,98,127] [20,57,73,85,86,105,109,125]
Token  60: [2,14,21,50,74,75,103,104] [3,6,9,15,28,58,80,122] [10,36,41,51,72,100,122,127] [4,29,37,39,78,114,123,127] [23,32,40,47,56,70,83,113] [18,68,73,75,96,97,107,110] [14,23,79,89,97,100,104,127] [1,2,4,32,45,48,56,100] [44,55,61,64,70,103,109,122] [0,24,71,76,97,99,107,122] [18,25,35,52,70,83,85,103] [8,28,29,36,54,67,69,105] [23,24,25,26,34,54,74,87] [2,18,25,29,65,83,101,118] [2,7,10,23,57,79,80,110] [1,5,17,23,31,40,60,121] [11,14,48,55,60,78,102,122] [9,15,17,46,68,90,106,112] [3,10,23,52,79,86,100,127] [1,2,26,32,45,48,82,95] [5,33,44,61,95,105,108,122] [0,1,62,71,97,99,103,127] [18,25,35,36,52,90,103,123] [4,28,47,48,54,69,105,111] [23,33,34,68,74,87,104,107] [2,25,65,71,83,101,110,118] [7,10,11,23,34,39,80,110] [1,5,8,17,23,69,94,121] [11,14,50,75,78,102,115,122] [9,15,17,52,90,106,112,121] [10,22,23,38,65,97,100,127] [1,2,26,43,45,48,89,95] [44,47,61,95,105,108,109,122] [0,1,52,71,89,97,99,103] [18,25,35,36,52,69,103,119] [8,28,29,30,48,67,69,105] [23,24,26,73,74,79,87,107] [2,21,33,40,73,83,101,110] [7,10,23,39,44,55,79,80] [1,8,17,60,69,78,94,121] [7,11,14,15,55,78,102,115] [9,15,17,46,49,52,103,106] [2,3,16,22,37,68,74,125] [8,12,19,43,44,56,97,104] [6,11,27,44,45,88,99,116] [4,17,22,24,46,112,114,123] [22,29,30,39,55,80,84,105] [6,35,52,71,85,95,108,111]
Token  61: [13,16,47,51,53,97,104,111] [3,20,34,39,77,86,107,122] [10,14,41,51,72,87,100,120] [23,25,29,37,76,95,105,114] [0,23,32,40,46,83,89,110] [21,34,75,80,89,96,97,107] [23,79,89,97,100,104,120,127] [1,5,45,48,60,87,100,109] [5,18,44,55,61,64,103,122] [0,45,60,71,89,94,103,107] [18,25,35,36,52,83,103,108] [9,28,36,65,67,69,105,107] [23,25,26,28,33,53,87,111] [2,13,18,44,65,75,83,118] [7,10,23,49,79,80,92,110] [1,5,17,23,50,60,68,121] [7,11,14,15,40,78,102,122] [15,17,52,53,68,90,106,112] [10,23,36,65,79,86,89,100] [1,5,26,32,45,48,87,95] [5,18,44,64,95,105,108,122] [0,1,45,71,94,97,99,103] [18,25,29,35,36,52,83,120] [4,28,47,48,54,69,105,107] [23,33,53,68,74,87,107,111] [2,65,71,75,83,101,110,118] [7,10,23,34,39,49,80,110] [1,5,8,17,23,69,94,121] [11,14,40,75,78,102,115,122] [9,15,17,52,53,90,106,112] [10,22,23,86,97,100,126,127] [1,4,26,43,45,48,87,89] [18,44,55,80,95,105,108,122] [0,1,52,71,89,94,97,99] [18,25,35,36,52,69,83,119] [28,29,48,69,105,107,111,115] [23,46,53,73,74,80,87,102] [2,40,44,65,75,83,101,118] [7,10,23,39,44,55,79,80] [1,8,17,23,60,78,94,121] [7,14,15,40,78,83,102,115] [9,15,17,52,53,103,106,117] [16,22,24,37,73,74,123,125] [8,19,43,44,56,81,97,104] [6,27,37,45,54,80,81,104] [4,12,24,46,80,92,112,117] [22,39,55,80,82,84,105,124] [27,32,35,52,71,85,90,95]
Token  62: [28,33,44,62,64,72,82,89] [11,33,78,86,91,107,115,122] [4,36,62,72,77,107,119,120] [0,11,23,76,87,105,119,120] [18,40,51,74,95,97,113,116] [5,16,18,21,30,31,52,99] [22,23,55,89,97,99,100,118] [1,4,5,13,45,48,89,108] [24,47,54,55,67,100,104,122] [0,24,71,76,89,94,97,102] [9,18,25,52,67,95,119,120] [16,25,28,31,48,68,114,117] [16,25,34,53,67,100,102,123] [18,49,52,63,83,89,95,127] [7,11,23,49,57,63,71,125] [17,38,77,78,87,94,98,121] [14,29,30,40,48,53,82,115] [1,9,12,84,92,99,118,122] [10,22,23,55,65,89,118,125] [1,4,26,43,45,48,87,100] [5,18,24,44,55,91,104,122] [0,35,40,47,62,89,94,97] [2,9,23,37,95,119,120,124] [18,22,25,28,48,68,111,114] [16,25,32,34,53,67,74,87] [18,49,52,61,75,77,83,91] [7,23,34,49,69,73,92,110] [0,1,8,17,25,94,95,98] [14,35,40,82,100,102,111,115] [9,17,36,84,99,106,118,122] [10,22,23,36,42,55,100,125] [1,4,26,43,48,66,89,100] [18,22,24,44,53,55,103,122] [0,33,47,52,82,89,94,97] [2,9,23,37,52,69,71,120] [9,25,28,30,48,59,68,71] [25,46,67,73,80,87,102,123] [13,18,45,49,52,61,89,120] [7,23,26,44,49,55,73,92] [0,1,17,25,51,77,87,94] [14,27,35,40,82,100,102,115] [6,9,53,84,92,99,106,118] [3,4,22,33,66,70,74,116] [2,10,18,41,43,44,61,72] [9,12,27,42,62,104,116,122] [3,48,51,67,88,92,114,116] [18,26,33,35,43,51,54,74] [17,23,39,42,53,61,80,119]
Token  63: [0,3,24,29,87,92,101,124] [8,11,26,47,78,91,105,115] [4,36,49,56,62,72,119,120] [1,11,25,52,62,76,78,105] [39,40,51,74,83,86,113,116] [5,16,18,31,48,80,97,99] [10,22,23,89,97,100,104,118] [1,4,43,45,48,82,87,108] [24,27,44,47,55,67,104,122] [0,24,52,71,76,89,94,97] [18,25,35,52,95,107,119,120] [16,25,28,29,31,48,69,105] [34,38,53,67,87,100,102,123] [24,44,49,75,83,95,109,123] [3,7,9,11,23,44,57,62] [1,6,17,20,78,94,98,121] [14,29,53,77,78,102,111,115] [9,17,53,65,84,106,112,122] [10,22,23,65,97,100,118,125] [1,4,43,45,48,82,87,100] [18,27,44,55,104,106,108,122] [0,35,47,52,89,94,97,103] [2,18,23,35,52,95,119,120] [9,22,28,30,48,69,105,111] [25,34,38,53,74,87,102,123] [18,24,25,44,49,77,83,109] [7,11,23,34,60,62,73,110] [1,8,17,25,55,94,95,98] [14,29,50,77,78,102,111,115] [9,17,53,65,81,84,106,122] [10,22,23,36,42,100,112,118] [1,4,43,45,48,66,89,108] [18,24,27,44,55,80,103,122] [0,35,47,62,89,94,97,103] [23,25,36,43,52,69,95,120] [9,28,30,48,68,71,86,105] [46,53,67,73,87,102,112,123] [18,24,49,62,83,95,109,123] [7,18,22,23,44,55,57,62] [1,8,17,20,94,98,107,121] [14,29,44,77,102,111,114,115] [0,9,53,63,65,84,106,121] [3,16,20,28,52,55,75,126] [2,8,16,44,47,56,104,121] [3,6,13,27,54,80,94,110] [4,5,24,37,47,83,87,119] [10,22,45,55,82,96,97,127] [11,15,27,31,74,82,90,127]
Token  64: [2,21,50,61,63,69,93,120] [26,53,74,76,83,91,122,126] [7,8,65,68,72,116,117,120] [1,21,25,26,64,78,93,106] [0,32,40,76,79,86,91,102] [2,16,30,71,80,97,111,125] [6,10,23,85,89,97,100,115] [1,4,5,45,48,72,95,100] [27,28,39,44,55,99,115,122] [0,43,48,62,71,89,103,105] [14,18,52,83,108,119,120,123] [13,28,29,47,48,58,69,86] [53,60,63,69,74,87,100,120] [24,44,55,79,83,95,107,121] [7,10,23,28,39,55,101,110] [1,8,17,34,78,87,94,98] [14,20,50,78,102,114,115,121] [9,15,17,45,61,103,106,121] [10,23,42,47,52,97,100,115] [1,4,43,45,48,72,95,100] [27,39,44,64,95,99,105,122] [0,1,43,45,48,62,89,103] [2,13,14,18,52,107,120,123] [13,28,29,30,58,69,86,115] [34,53,68,69,74,87,100,104] [44,55,65,71,77,79,83,121] [7,11,23,28,55,69,101,110] [1,4,8,17,34,94,95,121] [10,14,50,75,78,102,114,115] [9,17,45,61,77,97,106,121] [8,10,13,23,65,97,100,115] [1,4,20,33,45,48,95,100] [44,47,55,80,99,105,108,122] [0,1,43,48,62,71,97,99] [18,25,40,52,69,83,119,123] [21,28,29,30,58,59,105,111] [36,46,69,73,74,80,87,104] [25,55,73,79,83,101,115,121] [7,23,28,39,44,55,69,101] [1,17,34,69,71,78,94,121] [14,15,20,78,102,114,115,121] [1,9,14,15,17,45,61,97] [3,16,31,37,65,71,74,101] [4,8,19,36,43,44,81,104] [3,6,27,45,54,71,88,107] [4,17,24,27,46,112,114,123] [22,39,52,55,80,82,97,105] [32,34,35,52,85,86,95,117]
Token  65: [3,28,29,66,67,68,77,126] [8,60,74,75,78,91,107,122] [10,36,51,62,72,73,119,120] [7,11,25,64,78,93,120,127] [39,40,51,57,86,91,107,116] [5,16,18,47,79,97,108,116] [6,10,23,79,97,100,104,109] [1,32,45,47,48,53,82,87] [24,44,47,51,67,74,108,122] [37,52,60,76,81,97,99,103] [18,25,35,40,52,76,119,120] [16,28,29,47,71,87,105,111] [34,36,46,68,87,100,120,123] [2,24,55,65,75,77,79,121] [7,23,28,39,44,55,62,99] [1,8,17,78,94,98,115,121] [14,20,50,62,78,102,115,123] [9,14,17,37,68,84,97,112] [10,23,65,79,97,100,104,118] [1,32,45,48,82,87,89,100] [24,44,47,51,95,105,108,122] [0,1,47,52,62,97,99,103] [18,25,35,40,52,95,120,124] [9,16,28,29,68,71,105,111] [25,34,36,39,46,51,74,87] [18,24,63,71,77,89,101,109] [7,9,11,23,62,71,73,110] [1,2,8,16,17,94,98,115] [14,20,50,78,102,114,115,123] [14,17,36,68,84,106,121,122] [3,10,23,54,65,100,112,118] [1,5,32,45,48,53,82,108] [24,44,47,51,67,105,108,122] [0,37,47,48,52,62,97,99] [6,18,23,25,40,69,120,124] [9,21,28,30,71,87,105,111] [36,39,46,67,73,87,100,120] [24,40,49,55,89,101,107,121] [11,22,23,28,55,57,62,110] [3,4,17,51,91,94,98,115] [14,20,23,78,102,115,121,123] [1,14,20,68,81,84,97,121] [3,16,28,65,71,80,101,115] [2,4,26,36,44,68,87,104] [13,27,54,71,81,104,107,116] [2,4,12,27,32,37,114,123] [19,22,52,55,67,97,101,117] [32,34,71,74,85,86,117,118]
Token  66: [14,24,57,61,66,103,106,111] [9,26,46,48,62,91,98,105] [36,41,52,62,72,90,120,122] [7,11,61,78,87,119,120,127] [18,23,39,40,51,63,67,86] [5,16,18,51,79,97,105,108] [6,14,23,54,86,89,100,104] [1,32,45,47,48,53,82,100] [24,28,51,56,67,108,122,123] [32,37,48,76,81,97,99,103] [6,18,25,52,76,77,103,120] [23,28,29,47,71,87,109,111] [25,28,46,68,87,100,106,120] [40,55,63,66,101,106,113,126] [3,7,9,16,23,57,66,105] [1,3,4,17,78,88,98,115] [12,14,43,48,78,102,115,119] [2,35,37,62,68,121,122,124] [3,10,65,77,86,100,104,118] [1,32,45,47,48,61,82,100] [15,44,51,67,76,105,108,122] [0,47,48,81,97,99,103,111] [6,7,10,18,23,25,40,120] [9,28,31,48,87,109,110,111] [9,34,39,46,69,106,120,123] [37,49,55,66,71,89,113,126] [9,11,16,23,57,61,105,110] [2,4,5,17,50,51,98,115] [12,14,78,89,96,102,115,119] [2,35,66,68,82,121,124,126] [22,47,54,65,86,100,104,112] [1,19,32,40,45,53,56,82] [15,56,67,74,76,90,108,123] [0,5,32,48,66,76,99,111] [14,18,25,83,94,103,110,120] [13,21,28,47,87,105,109,110] [34,39,46,68,87,100,120,123] [40,49,55,66,91,99,107,113] [11,16,22,23,53,55,105,110] [2,3,4,17,40,50,89,98] [12,14,43,78,102,105,115,119] [2,20,35,66,112,121,124,126] [18,27,30,71,80,93,102,123] [6,29,36,44,65,68,87,104] [6,20,27,48,56,81,104,116] [4,12,32,37,70,80,114,123] [19,22,52,55,61,101,115,117] [36,47,66,85,86,88,120,123]
Token  67: [28,34,35,64,68,72,79,91] [2,16,40,48,74,90,99,122] [4,36,41,64,70,74,77,81] [3,9,14,24,37,61,78,125] [11,18,45,51,57,86,87,113] [5,18,21,32,75,79,99,106] [6,22,66,86,89,97,100,104] [1,13,29,45,53,82,89,108] [4,56,67,74,95,100,104,107] [5,32,33,35,37,39,76,81] [6,25,41,76,80,82,96,110] [12,18,28,29,40,48,50,116] [21,23,25,34,40,43,46,103] [18,29,63,71,89,102,120,127] [16,23,49,53,57,64,76,108] [3,7,17,38,50,77,89,91] [4,13,14,51,52,78,102,115] [36,62,66,68,80,82,92,121] [22,65,86,89,97,100,104,118] [1,13,32,45,48,53,82,89] [4,22,67,74,76,94,105,108] [0,35,39,47,76,81,82,99] [9,10,18,23,25,82,110,124] [20,25,28,30,33,50,55,116] [9,32,34,43,46,103,112,127] [18,71,73,89,91,102,120,127] [16,49,53,55,57,73,108,110] [2,16,17,33,77,89,96,126] [13,14,35,50,78,89,100,115] [37,62,66,92,100,121,122,124] [22,54,86,97,100,104,111,112] [1,13,29,32,45,53,82,89] [4,15,22,67,74,76,105,108] [0,5,32,33,39,40,47,99] [9,23,25,33,41,43,94,110] [9,18,21,22,25,28,30,50] [14,29,39,40,46,103,111,112] [18,40,61,73,89,91,120,127] [16,23,49,53,55,64,73,108] [17,25,33,58,77,89,94,125] [13,14,35,78,80,100,102,115] [6,49,62,92,99,116,121,124] [3,8,30,66,70,71,80,86] [16,26,36,41,44,80,104,111] [5,6,27,42,81,103,104,116] [4,12,24,26,37,45,101,114] [11,19,22,51,52,61,75,117] [15,21,23,26,30,71,98,121]
Token  68: [28,64,66,87,91,112,122,124] [17,25,29,36,98,105,113,122] [4,6,36,49,52,56,76,120] [3,70,71,78,109,118,121,127] [5,18,27,51,57,61,114,126] [0,8,10,18,48,87,93,97] [22,29,54,86,97,100,108,118] [1,13,32,45,47,82,89,108] [20,47,67,74,94,108,122,123] [32,35,37,39,76,81,97,99] [10,18,25,82,94,109,110,119] [28,29,42,46,73,99,105,116] [0,22,34,38,43,46,87,103] [40,41,57,71,101,106,109,123] [7,16,18,23,55,57,60,111] [1,17,32,38,69,78,89,98] [14,33,50,78,102,108,110,115] [0,17,36,62,64,65,68,121] [10,22,23,52,65,86,100,118] [1,5,32,43,45,48,82,89] [15,20,44,47,74,105,108,122] [0,35,41,47,52,97,99,103] [10,18,25,52,82,95,119,124] [9,16,28,29,42,46,105,111] [0,25,34,38,46,74,87,123] [18,57,63,71,101,109,115,123] [7,16,18,23,60,71,73,110] [1,2,16,17,20,94,107,126] [14,44,77,78,102,108,110,115] [0,13,17,24,63,64,65,122] [10,22,23,42,65,86,100,118] [1,33,43,45,48,56,82,100] [15,20,27,44,47,103,105,122] [32,35,41,47,62,97,99,103] [10,18,23,25,52,95,109,124] [9,21,25,28,42,55,73,111] [0,1,2,36,38,67,73,103] [18,41,57,62,78,91,109,123] [4,7,18,22,23,55,60,87] [17,20,40,51,90,94,107,126] [14,29,44,77,78,102,110,115] [0,1,63,64,65,84,121,122] [24,49,59,71,75,90,106,126] [8,31,44,47,75,104,121,125] [6,23,27,47,80,94,104,110] [2,4,5,12,47,76,82,83] [10,19,37,52,55,71,97,124] [15,21,31,44,82,86,92,127]
Token  69: [1,16,65,72,84,98,100,114] [15,18,21,70,82,94,119,127] [2,12,47,57,80,92,107,109] [6,31,84,89,91,94,109,117] [7,40,76,81,85,86,106,115] [1,21,37,61,66,73,97,125] [8,10,14,23,78,83,105,115] [1,5,45,48,49,88,100,109] [44,65,67,84,103,121,122,123] [0,9,60,62,89,103,110,125] [25,52,56,61,78,90,105,119] [23,28,29,49,54,61,122,125] [9,15,23,34,36,63,74,99] [6,15,25,28,63,77,115,118] [7,20,23,48,94,99,110,111] [1,5,17,38,78,85,94,101] [8,50,53,78,102,114,115,124] [17,18,19,42,68,99,103,106] [10,24,42,63,75,86,100,105] [1,45,48,49,51,60,100,109] [5,15,44,55,84,103,121,122] [0,9,62,89,103,110,125,127] [2,13,18,61,86,105,119,127] [1,9,24,28,49,54,61,92] [9,15,33,36,67,74,87,99] [15,25,28,58,63,71,110,115] [14,20,23,32,48,52,103,110] [2,5,16,17,55,83,85,94] [9,39,48,53,62,102,114,115] [1,21,33,42,55,88,118,122] [24,30,34,42,75,78,105,115] [18,45,49,51,60,96,109,112] [44,55,65,66,84,101,103,121] [0,49,58,62,98,110,122,125] [33,39,56,61,68,78,90,105] [1,3,23,24,28,49,54,125] [23,33,56,79,96,99,107,108] [15,19,25,26,58,78,110,118] [5,32,55,81,86,98,100,104] [5,17,26,32,49,59,70,127] [6,39,48,53,81,87,99,115] [18,21,42,49,55,78,88,120] [6,20,32,56,69,81,111,114] [11,31,71,78,83,91,96,108] [6,7,26,30,31,47,90,94] [4,16,19,29,36,44,107,114] [3,20,34,38,46,49,70,76] [2,3,20,73,101,105,118,125]
Token  70: [32,49,50,58,60,72,75,78] [6,8,11,15,36,87,122,125] [2,33,46,57,92,109,115,127] [2,5,23,56,84,91,107,117] [11,30,43,52,61,75,81,83] [1,21,25,37,42,68,73,91] [8,24,53,63,71,78,111,126] [10,18,41,56,82,101,106,109] [16,26,30,53,66,72,98,102] [21,34,49,51,87,92,98,122] [1,8,27,53,56,81,90,116] [21,26,28,54,56,76,120,125] [23,24,33,56,64,79,107,126] [8,12,26,47,49,83,110,118] [5,19,27,33,81,100,109,125] [5,49,51,59,70,80,83,117] [26,30,34,53,78,80,87,115] [18,39,55,59,83,88,90,99] [8,24,34,53,63,71,75,126] [18,39,41,82,101,106,109,123] [16,26,30,35,46,65,66,98] [10,49,64,87,98,100,122,125] [27,51,56,68,73,84,90,116] [1,23,26,28,54,56,95,103] [23,24,33,35,56,64,79,107] [8,26,47,80,83,110,118,122] [4,19,33,67,81,98,100,103] [5,44,49,59,70,80,83,127] [34,53,54,65,81,87,105,115] [1,18,39,54,55,59,78,88] [24,34,53,63,71,78,91,126] [18,39,59,62,75,101,109,123] [16,26,30,35,57,66,72,98] [0,13,49,64,92,98,100,122] [12,27,34,51,68,78,90,116] [3,7,21,28,54,56,76,95] [18,23,24,33,56,64,65,79] [0,8,26,83,91,104,110,118] [4,5,17,33,55,81,100,103] [2,5,49,59,70,80,101,127] [17,34,48,53,54,58,81,87] [18,21,39,54,55,78,88,100] [14,43,52,77,81,111,113,114] [11,31,72,78,82,94,96,108] [7,29,47,62,90,94,102,104] [2,23,29,53,77,82,92,107] [9,26,37,38,43,70,71,79] [17,39,42,44,61,80,105,113]
Token  71: [22,45,60,80,89,92,93,99] [33,50,70,80,87,104,120,125] [2,33,53,82,87,109,111,127] [5,20,23,29,39,82,84,109] [13,30,46,70,81,83,93,115] [1,22,42,61,68,73,96,97] [24,35,53,63,71,83,105,126] [1,18,45,49,51,95,100,109] [16,66,84,99,102,103,109,111] [10,11,49,51,80,98,103,122] [1,34,36,42,56,83,90,116] [26,28,52,54,67,76,90,125] [9,23,25,33,34,67,79,107] [8,25,26,33,73,83,110,118] [5,10,17,49,63,86,100,110] [5,23,31,38,70,101,117,127] [8,42,53,78,87,89,105,115] [1,18,42,53,55,88,90,99] [8,24,35,53,63,71,75,126] [18,43,45,49,51,60,95,109] [5,16,35,66,72,84,99,103] [9,10,49,98,110,117,122,125] [2,16,56,61,73,90,105,116] [1,23,26,28,49,54,61,92] [9,23,33,43,56,64,79,107] [8,26,28,58,80,83,110,118] [4,10,17,37,48,49,103,110] [5,10,23,44,59,70,87,101] [34,48,53,65,87,89,105,115] [1,18,42,55,78,88,118,120] [24,30,34,42,53,71,105,126] [18,45,49,51,62,95,100,109] [16,26,29,66,84,103,109,121] [0,9,10,45,49,98,110,122] [19,39,51,57,68,78,90,116] [19,23,26,28,54,63,95,102] [21,23,33,56,64,79,96,107] [8,25,26,33,58,83,110,118] [5,17,36,55,66,81,100,103] [5,17,59,69,70,94,101,127] [14,48,53,81,87,102,115,122] [9,21,42,48,55,69,88,112] [3,16,21,31,39,64,68,114] [11,31,37,44,77,78,88,104] [6,27,47,53,73,81,90,107] [12,22,24,27,94,101,107,114] [11,34,38,52,55,61,97,98] [20,57,73,85,86,105,109,124]
Token  72: [2,14,21,50,74,75,103,104] [3,6,9,28,33,58,80,122] [10,36,41,51,72,100,122,127] [4,29,37,39,114,117,123,127] [23,32,40,46,47,56,70,83] [18,68,73,75,89,96,97,107] [14,23,79,89,97,100,104,127] [1,2,4,32,45,48,100,109] [44,55,61,64,70,103,109,122] [0,14,24,71,76,97,99,107] [18,25,35,52,70,83,85,103] [28,36,52,54,67,69,105,120] [23,25,26,34,54,71,87,107] [2,25,65,77,83,91,110,118] [7,10,23,63,79,80,86,110] [1,5,17,23,31,60,90,121] [11,14,48,55,60,78,102,122] [1,13,15,17,46,90,112,122] [10,23,38,42,52,86,126,127] [1,2,45,48,60,95,100,109] [5,44,61,64,66,103,109,122] [0,1,10,45,98,103,122,127] [19,29,35,36,39,90,103,108] [4,19,26,28,48,54,69,111] [23,33,43,54,74,79,87,107] [2,25,65,80,83,91,110,118] [7,10,23,63,66,80,103,110] [1,5,17,23,60,69,94,121] [11,14,15,78,102,114,115,122] [9,15,17,46,68,90,106,112] [10,22,23,42,97,100,126,127] [1,2,20,26,43,45,48,95] [44,61,80,103,105,108,109,122] [0,1,45,52,71,89,97,98] [25,35,36,52,69,90,103,119] [28,29,30,54,67,69,105,115] [23,24,26,46,73,79,87,107] [2,33,36,40,83,101,110,118] [7,10,23,44,55,66,79,80] [1,8,17,60,69,78,94,121] [7,11,14,15,55,78,102,115] [9,15,17,46,49,52,90,106] [2,3,16,22,37,68,74,125] [8,12,19,43,44,56,97,104] [0,6,8,27,44,45,88,99] [17,22,24,46,63,112,119,123] [22,29,30,39,55,80,84,105] [6,35,52,71,85,95,108,111]
Token  73: [13,16,47,51,53,97,104,111] [3,20,34,40,77,86,107,122] [10,14,41,51,72,87,100,120] [23,25,29,37,71,76,105,114] [0,23,32,40,46,83,89,110] [21,34,75,80,89,96,97,107] [14,23,79,89,100,104,120,127] [1,5,45,48,60,87,100,109] [5,18,44,55,61,64,103,122] [0,45,60,71,89,94,103,107] [18,25,35,36,52,83,103,108] [9,28,36,54,65,67,69,105] [23,25,28,33,53,71,87,111] [2,13,44,65,75,83,110,118] [7,10,11,23,49,63,80,110] [1,5,8,17,23,50,60,121] [7,11,14,40,75,78,102,122] [1,15,17,52,53,90,106,112] [10,23,52,65,79,86,89,100] [1,26,45,48,60,87,95,100] [5,18,44,64,99,105,108,122] [0,1,45,71,89,94,99,103] [25,29,35,36,52,76,83,120] [4,28,47,48,54,69,105,111] [23,33,68,74,79,87,107,111] [25,65,71,75,83,101,110,118] [7,10,23,34,39,57,80,110] [1,5,8,17,23,60,94,121] [11,14,40,75,78,102,115,122] [9,15,17,52,53,90,106,112] [10,22,23,86,89,97,100,127] [1,4,26,43,45,48,87,89] [44,55,64,80,95,105,108,122] [0,1,71,89,94,97,99,103] [2,25,35,36,52,69,83,119] [28,29,69,86,105,107,111,115] [23,46,53,73,74,80,87,102] [2,44,65,75,83,101,110,118] [7,10,23,39,44,55,79,80] [1,8,17,23,60,78,94,121] [7,14,15,40,78,83,102,115] [9,15,17,52,53,90,106,117] [3,16,22,37,68,73,74,125] [8,36,43,44,56,81,97,104] [0,27,37,45,54,80,81,104] [4,12,24,46,80,92,112,117] [22,39,55,80,82,84,105,124] [27,32,35,52,71,85,90,95]
Token  74: [3,12,28,29,62,67,77,126] [2,11,67,74,78,86,114,122] [27,50,51,73,118,119,120,121] [1,11,25,59,76,78,105,119] [39,47,51,61,74,86,113,116] [5,18,34,75,80,97,99,116] [10,22,23,79,89,97,100,104] [1,4,32,33,45,48,82,87] [24,27,44,51,55,61,80,122] [0,1,52,71,89,94,97,99] [18,25,35,52,74,85,119,120] [16,28,29,43,48,65,69,105] [25,46,53,67,74,87,100,102] [2,24,37,44,65,75,83,101] [7,9,23,39,55,57,62,63] [1,8,17,31,94,95,98,121] [9,14,29,78,102,111,115,123] [1,9,15,17,68,84,106,112] [10,22,23,52,65,100,125,127] [1,4,26,32,45,48,51,87] [5,44,51,61,80,105,108,122] [0,1,33,52,89,94,99,103] [2,18,25,35,52,95,120,124] [16,28,29,43,68,69,97,105] [32,43,46,53,67,74,87,102] [24,45,65,71,75,77,83,101] [7,23,34,44,55,62,110,115] [1,8,16,17,94,95,98,121] [14,75,78,83,102,111,115,123] [9,17,36,53,84,85,106,112] [10,22,23,28,65,100,118,125] [1,4,43,45,48,51,66,108] [24,47,55,61,80,105,108,122] [0,1,35,52,89,94,97,99] [25,35,52,69,85,95,119,120] [28,29,30,43,68,69,97,105] [24,46,53,67,73,87,100,102] [24,44,73,75,83,89,95,101] [23,34,39,44,55,57,62,110] [8,17,20,78,87,94,98,121] [14,29,78,83,102,111,115,123] [0,9,53,54,65,84,106,121] [2,3,8,16,20,28,55,75] [2,8,16,44,47,56,97,121] [6,8,13,27,54,80,94,110] [4,5,24,47,83,86,87,117] [10,45,55,74,82,96,97,127] [11,15,31,54,82,85,90,127]
Token  75: [11,18,61,81,84,93,110,118] [19,34,74,83,85,86,115,123] [24,36,50,51,72,116,117,118] [1,11,25,59,78,91,105,119] [39,47,57,74,86,91,97,113] [5,11,18,34,75,80,97,111] [10,22,23,47,79,100,104,127] [1,4,33,45,48,66,72,82] [27,28,44,47,51,55,61,122] [43,48,52,71,89,94,97,105] [7,18,25,35,52,74,83,120] [13,28,29,43,47,58,69,105] [25,53,68,69,74,87,100,102] [2,24,44,65,75,83,86,121] [7,9,23,28,44,55,80,101] [1,3,8,17,60,94,98,121] [9,11,14,15,78,102,121,122] [9,15,17,45,52,90,106,112] [10,22,23,36,52,65,79,100] [1,4,5,26,32,45,48,82] [39,44,47,61,80,105,108,122] [1,48,52,71,76,94,97,99] [18,25,35,52,74,83,107,120] [28,29,47,69,86,105,111,115] [46,53,68,74,87,100,104,124] [2,24,65,75,83,86,101,110] [23,28,39,44,57,80,101,110] [1,8,17,23,60,94,98,121] [11,14,15,78,102,115,122,127] [9,15,17,45,52,106,112,121] [10,22,23,65,79,86,97,100] [1,4,5,40,45,48,89,108] [47,55,76,80,104,105,108,122] [0,37,52,71,76,97,99,105] [25,35,52,62,69,74,83,103] [13,28,43,46,58,69,86,105] [46,53,69,87,100,102,104,124] [2,40,44,65,75,79,83,101] [11,23,39,44,55,57,80,101] [1,8,17,60,78,94,100,121] [7,11,14,15,78,102,115,121] [9,14,15,17,45,52,106,121] [2,3,7,16,21,37,65,74] [4,8,12,19,43,44,56,97] [0,6,27,45,54,88,104,113] [4,17,24,46,112,117,119,123] [22,29,30,39,55,80,84,105] [32,35,52,71,85,95,108,111]
Token  76: [28,33,46,62,64,68,72,80] [19,60,75,78,107,115,122,123] [36,52,62,77,94,118,119,120] [7,11,59,78,91,105,119,120] [18,23,40,45,47,51,74,105] [4,5,16,18,49,79,99,116] [10,22,23,54,97,100,109,125] [1,4,5,13,45,89,108,124] [5,8,24,47,55,67,105,122] [0,37,52,62,71,89,94,97] [18,22,25,35,37,52,77,120] [4,28,29,31,71,86,105,121] [25,26,34,53,87,100,102,124] [2,52,63,65,75,86,89,127] [9,23,27,49,63,78,80,125] [8,17,77,78,87,88,94,98] [9,14,48,50,78,82,102,115] [1,9,12,15,17,52,84,124] [10,22,23,38,52,86,100,125] [1,4,20,26,43,45,48,89] [5,18,24,80,105,108,122,124] [0,1,33,52,81,89,97,99] [9,18,23,35,37,52,120,122] [22,28,43,69,71,105,110,120] [26,33,46,70,87,100,123,124] [18,49,71,77,86,91,95,101] [23,27,34,49,55,92,99,110] [0,1,8,17,25,73,98,121] [14,35,53,78,82,100,102,115] [9,17,84,92,99,104,121,124] [10,13,22,23,38,79,100,125] [1,4,13,43,45,73,89,108] [18,22,24,47,55,105,108,122] [0,33,52,69,71,89,97,99] [9,22,23,25,37,52,77,120] [22,28,43,68,71,77,105,120] [46,62,80,87,100,102,123,124] [18,45,49,52,61,89,91,101] [23,26,44,49,55,73,87,92] [0,1,17,25,78,87,94,100] [14,35,78,82,100,102,115,123] [9,15,17,52,84,99,106,121] [3,4,16,22,66,71,74,123] [2,8,19,41,43,44,72,97] [27,42,45,54,62,81,88,113] [4,24,46,48,67,88,98,101] [11,19,22,26,29,54,84,104] [16,17,23,39,42,80,98,124]
Token  77: [0,4,28,29,46,79,101,124] [8,60,67,74,78,91,115,122] [4,36,41,62,89,118,119,120] [7,11,17,29,52,78,105,120] [39,40,51,74,91,105,113,116] [0,4,5,18,45,48,80,99] [10,22,23,97,100,104,109,118] [1,4,5,13,45,82,87,108] [24,27,47,51,55,67,104,122] [0,52,62,71,76,89,94,97] [18,25,35,52,62,95,119,120] [16,28,29,31,46,71,86,105] [25,26,34,38,53,87,100,102] [24,71,75,91,95,101,109,123] [9,18,23,44,57,62,69,95] [1,8,17,73,78,94,98,121] [14,29,53,77,78,102,115,123] [0,9,17,65,68,84,106,112] [10,22,23,38,54,65,100,125] [1,4,32,43,45,48,100,108] [18,24,27,44,80,104,105,122] [0,1,24,35,52,89,97,99] [18,23,25,35,52,95,119,120] [16,22,28,29,43,69,71,105] [25,34,38,46,87,100,102,123] [18,49,71,95,101,109,110,123] [9,18,23,34,44,55,60,110] [1,8,17,20,31,78,94,98] [14,29,44,50,77,78,102,115] [0,9,17,36,65,81,84,122] [3,10,22,23,42,100,118,125] [1,4,34,43,45,48,51,108] [18,24,27,44,80,105,114,122] [0,1,35,52,62,89,97,99] [23,25,36,52,77,95,120,124] [16,28,30,68,69,71,97,105] [25,38,46,67,73,87,100,102] [18,24,49,95,101,109,110,123] [18,22,23,44,55,57,62,110] [8,17,20,78,94,98,107,121] [14,29,44,77,78,102,115,123] [0,9,49,54,63,65,84,121] [2,3,8,28,52,55,75,126] [2,8,18,44,47,74,75,121] [3,13,23,27,54,80,94,110] [5,24,26,47,82,83,87,119] [5,10,33,45,74,96,97,127] [11,15,31,44,82,90,114,127]
Token  78: [9,24,53,61,69,93,120,122] [8,33,41,53,74,83,91,115] [10,52,62,72,116,117,118,120] [1,11,26,59,78,91,106,119] [39,40,67,76,79,91,111,113] [5,16,49,80,99,111,116,125] [10,22,23,28,47,100,115,125] [1,4,5,45,48,72,89,95] [27,44,55,67,80,90,99,122] [1,43,48,52,71,89,103,115] [14,18,25,35,52,83,120,123] [13,28,29,58,69,86,105,120] [25,53,67,69,74,87,100,120] [13,25,55,79,83,95,101,121] [23,28,39,55,63,69,101,110] [3,8,17,34,78,94,98,121] [14,20,48,78,83,102,115,121] [1,9,14,17,45,97,106,112] [10,22,23,28,36,52,100,125] [1,4,45,48,51,66,72,89] [27,44,61,80,99,104,105,122] [0,1,43,48,52,89,99,103] [2,14,18,52,85,119,120,123] [13,28,29,30,47,58,69,86] [43,46,67,68,69,87,120,123] [25,55,65,79,83,107,110,121] [7,23,28,34,39,57,110,115] [1,3,4,8,17,34,94,121] [9,14,20,78,83,102,115,121] [9,17,45,51,90,97,112,120] [10,22,23,38,52,86,100,127] [1,4,32,45,48,51,72,82] [17,27,44,61,80,99,105,122] [0,1,43,48,71,89,97,99] [14,25,52,69,83,85,119,123] [13,28,29,43,47,58,90,105] [46,68,69,87,100,102,104,120] [25,55,79,83,101,107,110,121] [23,28,44,55,57,101,110,115] [3,4,17,34,40,89,94,121] [14,20,75,78,102,105,115,121] [1,9,14,45,80,90,97,112] [2,3,16,21,65,75,101,115] [4,36,44,68,83,87,104,120] [6,9,27,54,69,71,81,107] [2,24,27,32,37,114,117,127] [52,55,60,61,67,97,101,127] [32,34,55,58,73,85,86,117]
Token  79: [14,17,24,47,51,71,103,106] [3,9,47,60,75,77,115,116] [7,41,51,68,72,90,100,122] [20,26,48,73,78,87,106,117] [23,26,40,45,63,102,111,113] [4,18,49,105,107,108,111,116] [10,23,79,86,100,109,115,127] [1,2,4,32,45,48,72,95] [28,61,76,80,83,99,122,123] [0,6,48,71,81,89,97,105] [9,25,35,40,52,85,103,123] [28,29,47,58,62,105,109,111] [25,26,36,46,68,69,87,120] [2,25,55,65,66,79,101,113] [7,23,44,57,99,101,105,115] [1,3,8,17,34,50,94,121] [11,14,43,58,75,78,102,119] [1,2,9,35,45,66,106,112] [10,22,23,38,52,79,89,127] [1,2,4,5,26,32,45,48] [44,61,95,99,100,104,105,122] [1,43,48,71,76,81,89,99] [6,18,25,35,52,85,103,123] [13,28,47,79,105,109,111,115] [34,39,43,46,68,69,87,123] [2,25,55,66,71,83,107,113] [7,11,23,44,57,105,110,115] [3,4,8,17,34,40,94,121] [11,14,43,50,78,102,115,119] [2,9,13,35,45,66,106,112] [10,22,23,65,86,100,104,127] [1,2,4,32,45,48,73,82] [17,44,61,80,99,100,105,108] [0,48,66,71,76,89,97,99] [25,35,40,52,69,83,85,103] [28,29,43,47,79,105,109,115] [26,34,43,46,68,69,87,104] [2,25,66,73,99,101,107,113] [23,39,44,55,57,84,105,115] [1,3,4,17,34,40,94,121] [11,14,43,75,78,102,115,119] [2,6,9,20,35,45,66,112] [2,16,18,27,71,93,98,102] [29,36,44,68,87,91,104,120] [6,20,27,44,48,69,81,104] [12,24,32,70,80,114,117,123] [22,52,55,60,98,115,117,127] [36,47,66,85,86,88,120,123]
Token  80: [28,33,64,77,82,91,105,112] [2,8,9,16,20,74,77,122] [4,36,41,51,55,64,76,118] [24,32,35,70,78,99,101,124] [5,10,11,27,51,70,107,113] [5,18,48,75,87,99,115,123] [22,23,66,77,89,104,118,127] [1,2,4,32,45,48,82,108] [17,20,44,47,61,67,100,108] [6,35,41,66,71,89,97,99] [18,25,35,40,52,85,95,103] [16,28,29,42,43,48,105,111] [2,34,36,46,59,74,87,103] [2,25,41,57,101,109,110,123] [7,18,23,44,57,60,102,115] [8,16,17,20,40,77,94,121] [11,14,30,78,102,108,110,115] [0,1,9,36,64,65,106,112] [10,22,23,52,65,100,104,127] [1,2,4,32,45,48,82,100] [17,33,44,61,80,100,105,122] [0,1,35,41,66,71,89,99] [18,25,35,52,85,95,103,119] [9,16,28,29,42,43,97,105] [0,25,38,43,46,59,67,87] [2,41,57,77,101,109,110,123] [7,18,23,55,60,73,110,115] [5,8,16,17,40,89,94,121] [11,14,44,50,75,78,110,115] [0,9,36,64,65,112,114,122] [10,22,23,65,87,112,118,127] [1,2,4,32,45,48,51,82] [17,20,44,61,80,95,103,105] [0,35,41,47,71,89,99,111] [35,40,52,85,94,95,103,124] [9,16,25,28,42,48,73,97] [2,14,38,46,67,87,103,112] [2,41,57,62,101,109,110,123] [4,18,23,44,55,60,102,115] [2,16,17,40,89,94,107,121] [23,75,78,105,108,109,110,115] [0,1,9,18,63,64,65,112] [16,24,49,52,90,92,115,126] [31,46,47,56,75,83,104,121] [11,23,27,47,80,94,107,110] [2,5,27,47,76,77,82,87] [10,37,60,97,101,117,118,127] [15,20,31,44,77,82,86,127]
Token  81: [1,53,65,72,84,98,99,100] [5,15,18,70,82,94,119,127] [2,37,38,47,48,57,109,127] [6,16,31,84,87,115,117,120] [52,81,85,93,106,115,124,126] [13,21,25,51,61,66,73,125] [8,47,53,63,71,78,83,105] [18,24,49,59,75,101,109,112] [9,16,26,65,84,103,121,123] [9,10,49,89,103,110,122,125] [2,54,56,61,68,78,105,119] [19,23,24,28,49,54,61,125] [9,15,23,33,43,67,96,99] [6,15,19,25,28,77,110,118] [17,20,48,76,99,100,105,110] [5,8,55,69,85,94,101,127] [8,39,53,78,83,102,115,124] [17,18,19,21,33,42,78,99] [10,24,34,42,75,78,100,105] [18,45,49,51,60,100,109,112] [5,44,65,80,84,95,103,121] [0,9,10,49,79,89,110,125] [2,33,39,56,61,86,105,119] [1,23,24,28,49,54,61,92] [6,9,15,33,43,67,96,99] [15,19,26,28,58,110,115,125] [14,17,32,81,86,100,103,110] [5,16,44,55,59,70,83,127] [34,39,48,53,81,87,103,115] [1,21,33,42,55,78,118,123] [24,34,53,71,75,78,105,126] [18,43,49,51,75,101,109,112] [16,26,57,65,72,84,103,121] [9,10,49,58,96,110,122,125] [39,56,61,68,78,98,105,116] [1,3,7,23,24,28,54,125] [23,33,49,56,65,96,99,126] [15,19,26,58,78,104,110,118] [17,27,55,81,86,98,100,107] [5,10,49,59,70,83,101,127] [17,39,48,53,81,87,103,115] [1,18,21,42,48,55,69,78] [6,24,31,32,56,64,81,109] [31,37,71,77,78,88,92,96] [7,31,47,53,73,82,90,121] [1,22,27,44,85,94,101,107] [11,34,38,84,98,102,103,118] [2,20,73,77,86,101,105,125]
Token  82: [14,21,50,57,60,75,103,106] [3,6,9,15,72,119,122,125] [2,47,82,90,109,122,125,127] [4,16,47,82,84,87,107,115] [23,50,52,56,58,63,81,124] [13,21,25,44,51,68,73,105] [8,27,34,53,56,63,71,108] [18,39,45,51,59,60,106,109] [26,36,46,103,109,114,116,127] [0,10,32,49,65,84,96,122] [26,39,53,56,68,78,112,123] [7,23,28,30,63,67,109,125] [9,24,56,65,96,97,116,126] [0,26,32,66,77,82,118,122] [11,16,17,81,90,100,105,107] [5,10,16,49,59,70,103,120] [65,81,83,89,103,105,115,119] [18,21,33,39,48,55,78,83] [8,24,44,47,53,63,71,78] [18,51,59,62,75,101,109,112] [26,46,57,65,72,103,109,116] [10,19,49,58,64,96,122,125] [26,53,56,58,68,78,98,116] [3,7,23,28,59,63,109,125] [8,24,49,56,65,85,96,126] [0,26,32,58,61,66,82,103] [4,16,17,81,90,100,105,107] [5,10,49,59,70,72,103,127] [12,39,55,81,83,87,103,119] [1,2,18,39,55,66,78,83] [8,27,34,44,53,63,71,75] [18,30,51,56,59,62,75,109] [26,36,46,57,72,103,109,116] [32,49,64,65,69,84,87,122] [26,39,68,69,98,112,116,123] [3,7,28,59,63,89,109,127] [24,56,65,73,74,75,114,116] [0,23,26,66,68,76,78,82] [8,11,16,55,88,90,105,107] [10,18,56,59,61,72,103,120] [12,17,55,83,87,89,115,119] [2,9,18,35,66,78,103,112] [18,27,60,71,76,93,102,109] [6,29,36,52,68,78,87,104] [6,20,27,48,69,72,81,121] [12,22,32,37,58,70,80,107] [52,55,60,61,80,98,115,127] [36,47,66,85,86,88,120,123]
Token  83: [12,23,28,41,77,112,118,125] [16,29,45,48,74,77,88,122] [36,44,47,64,69,76,100,125] [4,12,16,70,78,84,92,112] [13,27,44,50,58,60,81,102] [10,18,68,83,87,97,103,108] [8,27,34,53,63,75,98,118] [18,39,45,51,82,100,106,109] [15,20,29,46,95,101,103,116] [10,32,49,65,80,84,87,96] [13,30,53,88,103,109,111,112] [7,21,28,37,42,64,89,127] [2,9,26,56,74,104,114,116] [2,25,41,57,76,82,106,117] [11,16,47,55,60,88,90,107] [10,16,31,59,72,83,91,120] [55,60,83,87,89,108,110,115] [18,46,52,55,64,78,83,94] [8,34,52,53,56,63,71,75] [18,51,59,60,62,73,106,109] [15,26,36,46,57,101,103,116] [32,49,58,64,65,80,96,111] [13,23,39,53,98,103,109,112] [7,22,30,37,42,64,89,111] [9,26,56,65,73,74,97,104] [2,16,26,41,57,76,78,82] [16,47,55,60,88,90,107,110] [10,16,31,44,60,83,91,120] [55,60,64,83,89,103,108,110] [15,18,46,52,64,78,94,103] [8,12,30,34,42,56,63,75] [45,50,51,59,60,100,106,109] [15,20,26,44,46,101,103,116] [32,45,49,62,65,96,111,114] [13,23,30,39,69,98,103,109] [7,9,22,42,55,64,89,115] [0,25,26,56,63,65,73,74] [10,16,18,21,41,57,76,82] [8,47,55,60,80,88,90,102] [10,16,18,20,56,60,95,120] [15,23,44,55,60,83,108,110] [15,36,46,52,64,94,103,122] [7,8,24,49,73,76,90,125] [12,19,43,49,74,78,104,125] [6,13,23,37,45,88,99,121] [5,17,22,46,58,63,76,112] [22,29,30,39,80,81,84,105] [15,31,35,52,95,108,111,127]
Token  84: [23,28,29,91,105,112,118,122] [45,58,63,78,86,88,97,107] [14,24,36,47,87,115,119,125] [7,9,12,13,16,25,84,89] [0,25,38,39,47,74,91,118] [11,56,68,79,80,82,83,103] [8,34,53,56,63,71,75,98] [18,39,50,51,60,87,106,109] [15,24,29,46,51,101,103,116] [32,45,49,65,87,94,96,111] [13,14,39,53,83,108,112,116] [7,28,37,64,67,87,89,115] [24,53,56,73,74,97,104,126] [16,21,24,32,44,64,75,82] [5,11,28,29,55,62,88,90] [10,16,31,59,83,91,98,103] [17,60,73,83,89,105,115,123] [14,18,55,78,83,97,103,120] [8,30,34,53,56,63,71,75] [18,50,51,59,60,62,87,109] [15,26,36,46,51,101,103,116] [45,49,58,65,87,94,96,111] [13,14,39,53,69,98,108,112] [7,28,30,37,86,87,89,122] [9,52,53,56,65,73,74,97] [0,16,24,26,32,44,75,82] [28,29,55,62,88,90,107,110] [4,10,16,44,55,59,83,91] [20,64,73,78,83,89,103,123] [1,14,18,55,69,78,83,97] [8,30,34,42,56,63,71,75] [45,51,59,60,62,87,100,109] [15,24,26,44,51,101,103,116] [45,49,62,65,94,96,111,114] [13,18,30,39,69,74,98,120] [7,28,67,68,87,89,115,122] [9,39,53,56,65,73,74,104] [10,21,24,32,42,44,75,82] [8,11,23,28,55,62,88,110] [16,17,56,83,94,98,103,120] [20,73,80,83,87,114,115,123] [1,14,48,69,84,85,97,112] [24,28,31,32,36,65,75,101] [2,4,44,77,78,81,96,104] [6,13,32,54,80,94,107,121] [2,12,22,27,47,87,94,127] [17,22,44,67,80,96,97,122] [32,34,44,54,74,86,90,117]
Token  85: [0,2,22,61,80,84,103,120] [3,58,63,69,72,83,86,88] [24,47,72,84,87,117,122,125] [7,9,16,25,82,84,90,94] [0,13,25,47,81,86,91,118] [45,68,80,82,83,103,107,111] [8,26,52,56,63,75,89,104] [18,39,45,50,51,60,106,109] [15,29,44,95,101,103,109,114] [45,49,62,65,80,87,96,111] [13,18,39,53,74,83,108,112] [7,9,28,37,47,67,89,115] [9,25,56,68,74,97,104,120] [16,21,32,42,44,76,82,121] [3,11,28,55,79,86,103,110] [4,16,17,59,83,91,95,103] [20,42,48,55,73,78,83,115] [1,17,45,48,55,69,97,123] [8,34,42,52,56,58,63,75] [45,48,51,60,62,95,100,109] [15,26,44,101,103,109,116,122] [45,49,62,65,96,99,111,127] [13,18,39,52,53,75,83,123] [7,28,37,67,89,90,101,115] [9,39,56,63,68,74,97,104] [16,21,32,65,71,76,82,107] [7,11,23,28,39,55,79,110] [4,10,16,17,23,55,95,103] [14,55,73,78,102,105,114,115] [1,17,48,55,68,69,97,103] [8,10,12,42,56,65,107,112] [1,45,48,51,60,62,95,100] [15,44,95,101,103,105,109,122] [45,49,62,65,96,99,103,111] [6,13,18,39,52,69,98,123] [28,29,67,89,90,101,115,122] [9,39,56,63,73,74,104,114] [16,21,32,55,76,98,115,121] [7,11,23,28,48,55,79,110] [16,17,23,61,85,94,103,121] [14,55,73,78,102,114,115,124] [1,9,19,48,69,80,97,112] [16,24,31,37,64,68,101,115] [8,30,36,43,44,77,88,104] [0,6,27,32,53,73,81,107] [2,12,22,24,27,32,87,114] [22,52,55,67,82,97,98,101] [32,34,73,74,85,86,90,117]
Token  86: [2,21,29,50,51,63,69,93] [3,23,58,63,72,74,75,83] [7,8,47,65,68,101,116,117] [9,16,25,64,78,93,106,112] [25,32,40,50,56,67,91,102] [2,22,30,71,82,89,108,111] [23,54,56,63,86,89,97,100] [1,4,45,48,72,95,100,109] [5,44,90,95,99,104,109,122] [0,10,45,48,62,65,71,89] [5,18,52,69,75,83,88,123] [9,36,58,67,75,89,107,115] [25,34,68,69,97,104,114,115] [16,21,30,55,64,76,98,121] [7,11,23,28,55,79,101,110] [4,16,17,34,38,78,87,112] [10,14,15,20,73,78,114,115] [1,14,17,45,61,68,69,97] [8,10,23,52,63,65,100,112] [1,32,45,48,51,95,100,109] [5,44,90,95,99,101,105,122] [0,1,45,48,62,65,99,103] [6,13,18,52,69,75,88,123] [9,30,47,58,89,101,111,115] [34,39,68,69,74,87,104,114] [55,64,71,77,82,98,107,121] [7,11,23,28,55,69,101,110] [1,4,8,10,16,17,34,94] [10,14,15,20,78,102,114,115] [15,17,45,61,68,77,97,112] [8,10,23,56,65,100,112,115] [1,26,32,33,45,48,95,100] [36,44,47,67,99,105,109,122] [1,37,45,48,62,65,97,99] [6,13,18,25,52,69,88,123] [46,47,58,67,89,105,111,115] [36,39,69,80,87,104,114,120] [10,55,79,82,98,99,101,121] [7,11,23,28,44,55,101,110] [1,4,17,34,78,94,103,121] [14,15,20,78,102,114,115,121] [1,14,15,17,45,61,97,112] [7,31,37,65,71,74,101,115] [4,8,19,43,44,97,104,111] [6,27,45,54,71,73,88,107] [2,17,27,32,46,112,114,123] [22,39,52,55,80,82,97,105] [32,34,35,52,85,86,95,117]
Token  87: [14,57,66,71,103,106,110,127] [9,16,25,46,48,63,75,126] [7,52,65,67,90,120,122,125] [10,26,64,78,93,106,112,127] [40,51,56,57,63,70,86,102] [2,30,51,55,71,97,105,108] [6,23,54,86,89,97,100,104] [1,32,45,48,82,95,100,108] [28,44,99,104,108,109,122,123] [0,32,38,48,62,76,80,99] [6,9,18,25,69,75,88,123] [31,36,46,47,58,75,109,111] [25,34,36,39,68,87,114,120] [18,29,30,55,63,66,106,113] [7,11,16,23,55,101,105,110] [4,15,17,26,34,38,94,103] [12,14,43,55,78,102,114,119] [1,2,20,35,61,66,75,77] [3,10,23,65,89,97,100,104] [1,32,45,48,82,89,95,100] [15,28,44,47,105,108,122,123] [32,48,62,71,76,97,99,111] [13,18,25,52,75,88,120,123] [9,46,47,60,105,109,111,115] [34,36,39,61,74,87,114,123] [29,55,66,71,82,101,106,113] [7,11,16,23,55,69,101,110] [1,4,8,16,17,34,94,121] [12,14,43,78,102,114,115,119] [2,20,35,45,61,66,77,112] [10,23,65,89,97,100,104,112] [1,26,32,45,48,89,95,100] [15,44,47,76,105,108,109,122] [32,48,62,65,76,89,97,99] [6,13,18,25,88,94,103,123] [13,46,47,59,105,109,111,115] [2,36,39,68,69,80,87,120] [10,40,55,66,99,101,106,113] [7,11,16,23,55,57,101,105] [1,3,4,17,34,78,94,121] [12,14,43,78,102,114,115,119] [2,9,20,35,61,66,112,121] [3,16,18,27,71,93,102,115] [6,29,36,44,46,68,87,104] [6,20,27,44,48,69,81,104] [2,12,27,32,37,70,80,114] [22,52,55,60,80,98,115,117] [36,47,66,85,86,88,120,123]
Token  88: [11,47,72,85,100,114,118,119] [16,21,48,63,75,89,106,122] [2,16,45,52,65,77,101,112] [25,37,78,81,93,103,112,125] [40,51,57,63,70,86,102,113] [5,51,55,71,97,99,105,108] [22,23,89,96,97,100,104,115] [1,4,32,45,48,82,100,108] [32,35,44,47,67,99,100,122] [17,24,32,62,71,76,97,99] [13,16,18,25,69,85,88,103] [18,31,36,50,59,72,90,111] [2,25,26,34,36,51,71,114] [2,47,55,66,77,106,113,126] [3,7,11,16,23,68,69,110] [16,17,34,38,40,72,89,121] [11,14,48,55,78,101,114,115] [1,2,66,75,77,99,112,122] [13,23,47,63,89,112,118,127] [1,2,8,32,45,48,82,100] [5,15,22,44,53,61,100,123] [0,2,32,47,62,81,99,111] [6,13,16,75,85,88,103,123] [4,9,20,30,50,59,111,115] [2,9,26,36,69,74,101,114] [2,47,55,61,66,77,81,126] [7,16,23,55,68,73,107,110] [8,16,17,34,52,55,72,121] [11,14,55,78,100,101,114,115] [66,68,77,88,92,99,112,122] [13,22,23,56,63,65,107,112] [1,2,8,48,56,82,100,108] [15,44,47,48,53,61,83,100] [7,32,47,58,62,65,71,99] [6,16,18,23,69,85,88,103] [9,22,30,46,59,111,115,116] [2,26,36,39,64,73,80,87] [18,45,47,66,81,106,125,127] [1,7,16,23,55,68,73,105] [17,32,40,50,58,63,118,121] [14,30,78,90,93,100,101,112] [5,9,34,44,57,77,82,112] [12,23,27,43,69,71,108,115] [7,29,33,46,58,68,91,104] [6,27,39,46,56,58,69,104] [4,18,20,45,71,77,114,117] [16,27,46,76,93,99,100,125] [3,7,53,58,76,87,102,104]
Token  89: [7,30,58,72,85,88,109,121] [1,16,27,48,63,65,89,122] [2,16,45,65,85,101,107,112] [9,23,37,81,84,93,103,127] [30,50,51,52,57,63,70,101] [5,17,18,21,74,75,79,103] [3,14,53,54,56,63,89,97] [1,18,32,45,82,100,108,109] [26,44,53,65,67,90,101,116] [0,10,49,64,80,81,87,96] [18,32,53,63,68,69,78,112] [7,21,23,24,28,37,90,125] [2,4,9,15,34,56,74,104] [25,28,32,42,58,66,82,106] [3,7,17,90,100,107,110,115] [4,10,16,17,31,70,83,103] [14,48,55,78,83,87,114,115] [17,18,35,68,77,83,103,121] [8,10,34,52,56,63,75,115] [32,45,48,51,60,82,100,109] [15,44,65,101,103,105,109,122] [10,49,62,80,96,99,111,114] [13,18,25,30,52,83,94,103] [9,22,37,67,94,99,107,125] [2,4,9,21,34,39,74,104] [32,33,58,71,106,107,112,115] [7,11,23,88,99,107,110,111] [8,16,17,32,55,83,94,103] [42,48,78,82,83,105,114,115] [1,17,55,72,93,104,112,120] [10,12,23,30,42,107,112,127] [45,48,51,60,62,73,95,100] [9,15,17,44,61,101,103,105] [49,62,65,89,96,97,99,111] [6,7,18,52,65,85,94,103] [4,28,43,46,78,99,115,121] [2,4,9,33,39,80,87,108] [20,52,61,92,93,101,106,112] [3,7,15,23,55,92,115,125] [0,11,17,25,32,50,75,89] [0,28,35,42,78,82,105,107] [1,21,34,59,77,80,88,105] [8,17,25,33,56,70,111,115] [7,11,58,68,82,83,98,111] [5,9,11,12,29,46,52,114] [29,41,65,77,88,90,99,117] [16,27,32,33,46,94,100,122] [3,4,53,58,61,72,102,107]
Token  90: [46,52,76,88,109,117,121,127] [27,48,52,63,89,92,97,122] [27,29,45,48,60,65,101,112] [9,24,74,78,93,103,123,125] [2,8,16,51,57,63,70,101] [5,18,32,79,93,110,112,114] [22,54,65,87,89,97,115,125] [1,4,32,40,45,82,100,108] [47,53,67,76,87,90,108,114] [0,7,17,71,76,80,81,89] [4,9,18,25,69,78,94,98] [21,28,37,43,53,90,94,100] [2,4,9,34,73,74,114,127] [18,40,89,91,104,106,112,127] [3,7,23,57,68,69,110,115] [1,3,16,17,37,40,94,121] [0,14,30,78,102,114,115,119] [9,17,35,50,77,92,112,121] [10,22,23,36,65,86,100,127] [1,4,26,32,45,48,82,100] [15,33,44,47,61,95,105,122] [1,62,71,80,97,99,103,111] [13,18,25,52,83,85,94,103] [9,22,28,29,46,67,105,107] [9,26,34,39,43,74,87,104] [2,23,71,99,101,106,112,115] [7,11,23,34,44,83,110,115] [1,8,16,17,32,75,94,95] [1,14,42,75,78,102,114,115] [9,17,50,66,72,93,106,112] [10,23,42,52,56,65,100,127] [1,26,34,45,48,82,95,100] [9,15,44,47,80,95,105,122] [1,52,62,65,97,99,103,111] [7,13,18,25,52,62,85,103] [4,29,43,46,78,99,111,115] [2,33,46,75,80,87,92,108] [20,52,61,71,86,101,106,112] [15,23,44,73,83,92,115,125] [0,25,26,32,50,63,88,110] [0,11,14,27,28,35,82,100] [34,50,57,75,82,92,93,100] [14,69,71,80,87,99,109,116] [7,24,33,41,46,58,68,123] [2,6,9,11,27,39,52,69] [4,16,41,88,91,99,114,117] [27,32,46,49,94,100,113,122] [4,39,53,58,72,87,102,107]
Token  91: [27,52,66,76,88,117,121,127] [25,27,31,47,52,63,97,122] [27,29,45,48,60,64,101,104] [25,49,51,78,86,91,93,111] [2,8,11,30,51,57,65,70] [5,18,32,79,81,91,93,112] [6,22,54,65,84,89,97,100] [1,13,32,40,45,47,82,108] [22,30,32,47,76,87,100,108] [7,17,32,76,81,89,99,100] [4,9,18,25,27,85,94,103] [22,25,45,50,53,95,99,111] [25,26,34,46,64,71,117,127] [12,18,45,47,67,91,92,106] [7,16,23,33,55,68,69,110] [17,28,29,32,40,83,89,121] [14,26,30,65,78,90,101,115] [5,9,18,36,50,57,77,92] [17,22,23,54,86,87,89,118] [1,4,32,44,45,82,100,108] [22,44,53,61,77,87,100,105] [0,7,32,47,71,82,99,100] [4,13,23,55,82,85,94,103] [9,22,25,30,50,95,99,111] [9,34,36,46,94,106,117,127] [18,31,63,67,106,112,126,127] [15,16,55,68,73,83,110,116] [16,17,32,61,88,111,121,126] [11,14,30,60,78,93,100,115] [50,57,68,82,88,92,114,122] [3,22,23,54,65,87,89,112] [1,2,4,45,48,82,100,108] [15,48,61,76,77,83,87,100] [7,17,32,47,58,99,100,111] [4,18,23,25,82,85,94,103] [9,22,30,38,53,95,99,111] [2,14,25,34,39,46,117,127] [8,18,31,52,67,89,112,127] [7,15,16,38,55,68,73,87] [17,32,40,58,63,89,118,121] [0,14,26,30,93,100,101,115] [9,36,50,57,82,92,100,112] [14,30,43,69,71,80,86,115] [12,41,46,58,68,75,104,120] [6,27,39,52,58,60,64,99] [4,20,48,64,91,95,99,117] [32,49,52,76,81,94,104,125] [4,23,39,53,58,72,107,113]
Token  92: [19,37,46,52,78,117,118,127] [31,38,52,63,65,76,85,122] [4,49,56,60,64,65,90,112] [25,77,81,85,86,91,93,104] [51,57,61,67,70,87,113,121] [4,5,55,71,79,105,108,110] [22,23,54,89,100,104,115,118] [1,4,32,45,48,82,100,108] [4,32,47,61,87,100,108,122] [7,17,35,71,76,80,97,99] [4,18,25,71,85,88,94,103] [20,22,25,50,53,95,99,111] [0,2,25,26,46,71,117,127] [2,18,57,61,92,106,113,126] [7,11,16,23,55,64,68,92] [17,32,33,34,38,40,89,121] [10,14,26,30,51,78,101,115] [9,46,50,68,77,82,112,126] [3,22,23,54,65,87,89,118] [1,2,4,32,45,48,82,108] [4,15,47,61,87,100,105,108] [0,7,35,47,97,99,111,124] [13,23,75,82,85,88,94,103] [9,20,22,25,42,95,99,111] [0,2,25,34,46,75,87,127] [2,18,31,57,71,101,106,126] [7,15,23,55,60,71,73,110] [16,17,20,32,33,60,121,126] [10,11,13,14,44,78,108,115] [9,15,17,46,50,52,112,122] [10,22,23,65,100,112,118,127] [1,2,32,45,48,50,82,108] [5,33,44,47,61,80,105,122] [1,35,47,62,71,81,97,99] [6,18,23,25,52,85,88,103] [9,22,42,46,99,105,111,115] [0,25,26,39,73,80,87,103] [2,18,41,57,62,101,102,112] [7,11,23,55,60,64,68,80] [1,17,32,33,60,78,94,126] [11,14,15,44,78,102,108,115] [9,11,15,17,36,46,52,121] [7,16,49,68,71,74,86,125] [8,12,19,43,44,56,58,104] [6,11,27,45,69,88,99,104] [4,5,12,17,24,46,112,123] [22,29,30,39,55,80,81,105] [15,35,52,71,85,95,111,127]
Token  93: [3,22,28,29,67,77,120,126] [52,63,74,78,86,107,122,123] [4,6,36,73,115,116,119,120] [7,9,13,25,37,89,93,104] [18,39,40,57,70,74,91,116] [5,16,18,49,78,79,80,108] [10,22,23,86,100,104,109,125] [1,13,45,48,53,82,87,124] [8,24,44,51,56,67,74,122] [37,52,76,81,94,97,99,111] [18,25,35,52,69,76,88,120] [46,59,60,86,87,105,111,115] [2,34,36,46,51,53,68,87] [2,24,49,75,77,82,101,106] [7,11,23,28,55,62,76,110] [1,8,16,17,38,87,98,115] [11,14,20,48,78,102,115,123] [14,17,68,82,84,97,112,121] [10,13,23,63,65,86,100,118] [1,26,32,45,48,82,87,100] [24,44,51,67,95,105,108,122] [0,47,52,81,94,97,99,103] [6,18,25,35,52,88,95,120] [9,20,29,30,60,105,111,115] [25,34,36,39,53,74,87,114] [18,24,49,71,77,78,106,121] [7,11,23,28,55,62,73,110] [2,4,8,16,17,98,115,118] [14,20,78,100,102,114,115,123] [14,17,68,84,97,121,122,124] [8,10,13,23,65,100,112,118] [1,5,26,32,45,48,53,82] [24,47,51,56,67,105,108,122] [37,47,48,52,81,94,97,99] [6,18,23,25,35,69,88,120] [9,46,47,71,87,105,111,115] [25,39,46,53,68,87,100,120] [24,49,55,71,75,101,107,121] [11,22,23,28,44,55,62,110] [3,4,17,40,94,98,115,118] [14,20,23,78,102,115,121,123] [1,14,20,68,84,97,112,121] [3,25,28,65,71,80,101,115] [2,4,26,36,44,87,97,104] [13,27,54,71,104,107,113,116] [2,4,12,27,32,37,114,117] [19,22,52,55,67,97,101,117] [28,32,34,61,83,86,117,118]
Token  94: [0,14,24,57,61,81,103,106] [9,39,46,48,73,91,97,98] [36,41,52,62,67,90,120,122] [7,11,25,65,78,93,105,120] [18,39,40,51,63,67,74,105] [5,16,18,51,79,80,105,108] [10,23,54,86,100,104,108,109] [1,13,45,47,48,53,82,124] [24,28,44,51,56,67,74,122] [32,37,48,76,81,94,97,99] [6,18,25,35,69,76,103,120] [13,46,47,87,105,109,110,111] [2,25,46,68,87,100,106,120] [18,49,55,63,66,106,113,126] [7,9,11,16,23,66,105,110] [3,4,17,38,50,88,98,115] [1,12,14,43,48,78,102,119] [2,35,37,62,68,121,122,124] [3,22,23,65,86,100,104,118] [1,5,32,45,48,82,100,108] [15,28,44,51,105,108,122,123] [0,47,48,76,81,97,99,111] [6,18,23,25,52,69,103,120] [9,20,46,87,105,109,110,111] [34,36,39,46,101,106,120,123] [29,31,37,49,55,66,78,126] [9,11,16,22,55,105,107,110] [2,4,16,17,50,88,98,115] [12,14,43,78,91,100,115,119] [2,13,35,66,68,121,124,126] [8,13,22,65,86,100,112,120] [1,32,33,45,48,53,82,95] [15,48,56,67,74,105,108,123] [5,32,48,76,81,97,99,111] [6,18,25,76,94,103,110,120] [13,47,79,87,90,109,110,115] [26,34,39,46,68,70,120,123] [31,40,49,55,66,106,107,113] [3,11,16,23,53,55,105,110] [2,4,17,40,50,89,98,115] [12,14,43,78,102,105,115,119] [2,20,35,66,112,121,124,126] [18,27,30,68,71,93,102,123] [6,29,36,44,65,81,87,104] [6,20,27,48,69,81,104,116] [4,12,32,37,70,80,114,123] [19,22,52,55,80,101,115,117] [36,47,66,85,86,88,120,123]
Token  95: [28,34,35,64,68,72,79,91] [2,16,48,73,74,90,99,122] [4,36,41,55,64,70,74,81] [3,9,14,24,54,61,78,125] [11,18,45,51,55,57,87,113] [5,7,18,32,75,79,87,99] [6,22,86,89,97,100,104,118] [1,13,29,45,47,53,82,89] [4,56,67,74,95,100,104,108] [0,32,35,37,39,76,81,99] [9,10,16,18,25,76,82,110] [4,18,28,40,46,48,50,116] [14,21,23,25,34,43,46,127] [18,78,89,91,102,106,120,127] [7,11,16,23,49,60,64,110] [7,16,17,38,50,69,77,89] [4,13,14,48,51,78,102,115] [1,36,55,66,75,80,92,99] [36,52,63,65,86,100,104,118] [1,32,45,48,82,88,100,109] [4,15,67,90,101,103,105,123] [0,32,35,39,47,81,99,111] [2,10,18,25,40,82,124,127] [9,11,28,30,42,79,111,114] [0,9,25,34,36,43,46,74] [18,23,47,57,61,63,71,78] [7,16,49,55,73,83,107,110] [2,16,25,50,77,91,118,126] [13,35,42,78,89,98,100,115] [18,37,66,68,92,120,122,124] [3,52,58,63,65,86,100,112] [1,32,45,48,53,56,82,109] [4,15,48,56,67,74,90,105] [0,32,33,39,40,47,81,99] [9,10,18,23,25,30,76,82] [9,11,22,40,50,79,111,114] [14,18,25,34,46,49,62,103] [18,71,89,91,102,120,125,127] [49,53,55,64,73,83,87,108] [17,25,33,58,77,91,94,118] [13,14,35,78,98,100,102,115] [49,62,68,92,99,103,121,124] [3,8,30,66,71,80,86,106] [16,26,36,44,72,80,104,111] [6,22,27,42,72,103,104,116] [4,12,16,24,37,42,45,114] [11,19,22,51,52,61,75,117] [15,21,23,26,42,71,98,121]
Token  96: [28,64,66,87,91,112,122,124] [17,25,29,36,74,98,113,122] [4,36,49,52,56,74,76,120] [3,70,71,78,109,118,125,127] [5,11,18,27,51,57,61,114] [0,10,18,48,79,87,93,97] [22,54,86,97,100,108,118,125] [1,13,29,32,45,47,82,108] [20,44,67,74,94,108,122,123] [32,35,37,39,76,81,97,99] [10,18,25,71,76,82,94,110] [29,42,46,53,73,99,105,116] [0,22,34,43,46,71,75,87] [18,41,57,62,71,101,106,109] [7,16,18,23,55,57,59,60] [17,20,32,38,69,78,89,98] [14,44,77,78,102,108,110,115] [0,63,64,65,68,75,82,121] [10,22,23,65,86,97,100,118] [1,32,43,45,48,53,82,89] [44,47,56,74,105,108,122,123] [35,37,41,47,81,97,99,103] [10,18,25,52,76,95,110,119] [9,16,29,42,46,73,105,111] [0,25,34,38,39,46,87,123] [18,57,71,73,101,106,109,123] [7,11,18,23,55,60,71,73] [2,16,17,20,77,94,118,126] [14,44,62,77,78,102,108,110] [0,13,17,63,64,65,68,122] [8,10,23,56,65,100,112,118] [1,5,43,45,48,50,82,89] [15,20,27,47,48,74,105,122] [32,35,38,41,47,99,103,106] [6,10,18,23,25,88,95,124] [9,22,42,46,55,73,97,111] [0,25,38,39,46,75,80,103] [18,41,57,84,91,106,109,123] [7,11,18,23,47,55,60,110] [17,20,35,40,51,90,94,107] [14,29,44,77,78,102,108,110] [0,9,36,63,64,65,121,122] [24,31,49,59,64,75,90,126] [8,30,44,49,80,104,121,125] [6,13,27,37,73,80,110,116] [4,5,12,46,47,83,87,112] [10,19,39,82,97,105,122,124] [11,31,35,52,82,90,95,127]
Token  97: [24,26,44,59,65,66,101,114] [2,18,26,34,50,56,94,124] [47,49,54,65,84,88,113,120] [6,9,25,31,55,89,93,104] [25,40,44,76,85,86,102,106] [30,42,61,66,71,82,108,125] [10,23,47,56,83,100,105,115] [1,27,45,48,49,50,100,124] [15,44,55,84,90,101,121,122] [0,9,62,81,89,97,103,110] [18,25,52,53,61,69,88,105] [7,23,28,49,61,89,111,115] [4,7,25,26,34,97,99,104] [6,10,16,21,28,43,64,77] [7,11,20,23,48,55,101,110] [10,16,17,59,60,78,85,103] [8,10,15,55,78,108,114,115] [15,17,19,68,69,72,99,122] [8,10,13,56,63,100,105,118] [1,45,48,49,50,95,100,109] [15,44,84,101,103,116,121,122] [0,9,47,58,62,81,103,110] [13,18,39,52,61,88,105,127] [9,24,28,29,30,49,61,122] [7,9,15,39,56,74,76,99] [6,15,16,28,63,71,77,80] [7,11,20,23,48,55,107,110] [4,10,16,17,55,94,103,118] [8,15,55,78,102,108,114,115] [1,17,19,42,48,55,68,69] [3,8,10,56,65,105,107,112] [1,26,45,48,49,50,95,109] [47,48,55,84,101,103,105,122] [49,58,62,81,89,97,99,110] [6,13,18,52,61,69,76,105] [24,46,49,61,67,101,105,115] [7,12,15,39,80,87,99,104] [6,15,16,21,28,33,71,101] [11,20,23,28,37,48,55,110] [4,16,17,85,94,95,103,121] [8,14,20,55,73,78,102,124] [1,9,19,48,69,72,97,112] [16,24,31,39,64,68,101,115] [30,44,68,77,87,88,104,120] [0,6,27,44,53,73,81,107] [2,4,22,27,94,114,119,127] [19,22,52,55,67,97,98,117] [32,34,73,74,85,86,109,117]
Token  98: [21,34,50,51,63,71,106,120] [6,9,23,50,53,74,85,95] [8,36,47,54,65,90,100,122] [2,9,29,64,71,94,112,123] [22,25,40,50,56,67,79,87] [34,47,54,75,89,105,107,108] [16,23,38,86,99,100,115,127] [1,4,27,32,45,48,50,82] [14,39,55,61,67,95,109,122] [0,24,62,65,81,89,97,99] [18,25,45,52,69,85,103,123] [9,31,43,46,47,50,67,115] [25,26,34,39,80,87,104,118] [2,16,64,66,71,91,102,113] [2,11,23,55,76,84,96,110] [16,17,37,38,72,78,87,121] [11,14,48,51,55,78,99,119] [2,9,35,68,112,122,124,126] [10,13,23,38,104,112,118,127] [1,4,20,26,45,48,82,95] [5,47,55,61,90,104,105,122] [0,24,47,62,89,96,97,99] [6,18,52,60,75,107,115,123] [9,30,43,46,50,101,111,115] [9,12,34,39,74,76,80,118] [2,17,66,71,77,89,102,113] [2,11,23,55,73,84,99,110] [4,16,17,37,68,72,87,118] [14,51,55,78,91,100,115,119] [2,17,35,46,68,112,124,126] [10,13,23,38,63,86,112,127] [1,4,20,26,33,45,48,67] [5,14,15,47,55,61,109,122] [24,37,48,62,71,89,97,99] [6,23,45,52,69,85,107,123] [9,20,30,43,46,47,50,115] [39,46,68,80,87,114,118,120] [16,55,66,71,101,102,113,126] [11,23,55,73,84,96,110,115] [3,4,17,37,40,72,87,121] [14,51,55,75,78,101,115,119] [2,9,35,46,66,112,124,126] [16,18,30,38,68,71,98,102] [6,12,36,44,58,68,87,104] [6,20,27,44,48,81,88,99] [4,12,20,24,37,114,119,123] [21,52,60,81,98,115,117,127] [26,36,47,66,85,94,120,123]
Token  99: [19,23,28,30,36,91,105,112] [2,9,16,59,74,85,89,122] [7,36,41,51,64,69,76,118] [35,50,70,77,78,87,104,123] [10,11,27,50,51,86,102,113] [5,10,18,54,75,87,99,110] [22,23,86,97,104,118,125,127] [1,2,4,32,45,48,67,82] [14,20,21,35,47,55,61,67] [24,35,58,66,71,80,97,99] [18,25,45,52,85,95,103,109] [8,16,31,42,43,46,50,85] [0,2,26,34,46,75,87,102] [2,36,41,57,91,101,109,123] [3,11,23,44,55,60,110,115] [17,20,37,38,40,72,111,121] [11,14,48,55,78,108,110,115] [1,9,46,64,68,112,122,124] [10,22,23,65,86,112,118,127] [1,2,4,32,45,48,82,93] [33,47,55,61,95,105,108,122] [1,24,35,71,81,89,97,99] [18,23,45,52,85,95,103,109] [9,16,22,28,42,43,46,105] [0,25,34,38,39,46,80,87] [2,18,36,57,71,76,109,123] [2,11,23,55,60,83,110,115] [1,8,16,17,37,60,118,121] [6,11,14,75,78,108,110,115] [9,15,17,46,64,68,106,112] [10,22,23,38,86,112,118,127] [1,2,4,20,26,32,45,48] [20,47,55,61,80,95,105,122] [1,24,35,52,71,89,97,99] [6,23,35,45,52,62,85,107] [9,42,43,46,97,98,105,115] [0,12,25,39,80,87,102,103] [2,16,18,36,41,57,71,101] [11,23,44,55,60,80,102,110] [1,17,20,37,60,78,94,121] [6,11,15,55,75,78,108,110] [15,17,36,46,52,64,106,121] [2,16,49,68,71,74,123,125] [8,12,19,43,44,56,97,112] [11,13,27,44,45,88,99,122] [5,17,22,46,92,112,119,123] [22,29,30,39,80,81,84,105] [35,52,71,85,95,108,111,127]
Token 100: [24,29,46,66,80,97,120,126] [2,58,74,76,78,86,107,123] [7,14,36,51,52,68,69,119] [7,13,19,25,59,104,105,123] [0,22,25,39,40,74,86,102] [4,5,18,30,49,54,75,80] [3,10,23,79,86,97,125,127] [1,4,20,45,48,50,82,87] [24,47,55,61,64,67,95,122] [24,62,71,89,94,97,99,105] [18,35,45,52,74,107,112,120] [9,28,31,43,46,86,87,115] [12,23,25,53,75,80,87,118] [2,16,18,24,44,71,75,91] [11,23,44,55,62,76,101,110] [1,16,17,37,38,78,88,98] [11,40,42,78,102,104,114,123] [1,12,14,15,17,99,106,122] [8,10,23,56,65,112,118,127] [1,20,26,45,48,50,51,87] [5,44,64,90,101,103,105,122] [0,1,47,62,94,96,97,105] [3,6,13,18,35,39,52,120] [4,9,20,30,86,101,105,115] [2,9,39,53,74,80,87,97] [2,24,33,44,49,63,71,75] [9,11,23,55,62,101,107,110] [2,8,16,50,54,88,98,118] [11,25,46,75,78,100,115,123] [12,17,53,68,84,104,106,120] [10,23,34,38,63,97,109,112] [5,20,21,26,33,45,48,87] [5,24,47,48,64,90,105,122] [37,52,71,81,94,97,99,105] [3,6,35,45,52,75,107,120] [9,28,30,31,46,71,87,115] [39,46,53,77,80,87,100,111] [24,44,71,75,89,91,101,107] [11,23,44,55,57,62,101,110] [1,8,17,78,82,88,98,121] [14,16,40,75,78,79,115,123] [9,53,68,84,85,106,121,124] [2,16,28,30,55,68,74,123] [2,8,36,44,56,81,97,104] [6,22,27,44,54,80,113,122] [12,47,63,83,92,119,123,127] [10,44,45,67,74,82,84,97] [27,32,34,54,72,85,90,117]
Token 101: [0,14,17,61,71,103,106,117] [3,9,44,53,62,76,77,91] [7,51,52,62,72,90,100,122] [0,7,11,21,59,73,105,108] [4,23,39,40,63,74,86,102] [5,18,30,49,54,105,107,116] [10,13,14,23,38,79,99,109] [1,2,20,26,45,48,56,82] [5,24,33,47,64,67,95,122] [0,24,48,52,71,97,99,105] [3,9,35,45,48,52,63,120] [4,21,36,46,77,101,109,117] [25,28,34,39,65,80,87,125] [2,18,66,71,89,91,101,126] [23,39,55,99,101,105,110,115] [1,17,40,56,78,88,94,121] [9,11,14,75,78,102,115,119] [9,17,35,68,104,106,112,121] [10,22,23,38,52,65,89,127] [1,5,32,43,45,48,82,100] [33,39,44,47,95,104,105,122] [1,52,62,71,97,99,103,127] [18,23,35,39,52,83,119,120] [9,22,28,46,67,101,105,122] [34,39,63,74,76,80,87,124] [2,65,66,71,89,99,101,115] [7,11,23,34,39,95,99,110] [1,8,17,55,78,94,95,98] [11,14,75,78,96,102,114,115] [9,17,72,104,106,107,112,117] [10,23,36,38,42,86,112,127] [1,20,26,34,45,48,67,95] [5,9,47,55,95,103,106,122] [24,52,71,89,97,99,103,104] [2,7,18,35,39,45,52,62] [4,28,29,46,71,101,109,115] [26,39,78,80,87,92,111,125] [2,20,36,66,71,89,101,113] [23,44,55,83,99,101,105,110] [8,17,34,72,84,88,98,100] [11,65,75,78,100,115,119,123] [2,35,49,66,68,106,112,124] [2,18,30,55,68,98,102,123] [6,29,36,44,65,87,91,97] [22,27,44,48,81,104,113,116] [12,20,24,32,37,80,119,123] [19,22,44,52,98,115,117,127] [36,47,66,71,85,88,120,123]
Token 102: [3,17,28,34,66,67,77,126] [7,16,74,76,77,99,114,122] [8,36,55,69,70,72,90,118] [5,21,59,62,77,78,87,91] [4,22,40,67,86,87,102,116] [4,5,18,30,49,54,105,116] [7,10,14,23,38,86,97,109] [1,20,26,45,48,67,82,103] [4,33,47,56,67,95,105,122] [0,24,33,52,71,89,97,104] [3,9,35,45,52,54,75,110] [16,31,33,46,50,75,105,109] [25,28,71,80,87,100,118,125] [18,71,86,89,101,102,113,127] [11,23,44,76,96,99,101,110] [1,17,38,56,78,98,100,121] [11,43,51,75,78,102,115,123] [2,9,17,35,66,75,106,112] [10,23,38,65,86,97,118,127] [1,4,5,20,26,43,45,48] [4,14,27,47,86,95,105,122] [1,24,33,35,52,71,97,99] [6,23,35,45,52,95,110,120] [9,16,28,31,46,71,97,105] [25,34,38,46,74,80,87,102] [18,71,86,89,101,102,109,123] [11,18,23,44,73,83,99,110] [1,8,50,68,77,87,98,121] [11,51,75,78,96,111,115,123] [66,84,99,104,106,112,124,126] [9,10,23,38,55,97,112,127] [5,20,21,26,33,45,48,93] [4,5,27,47,86,104,105,122] [33,52,71,81,97,99,104,105] [6,23,33,35,45,52,95,110] [9,16,31,33,46,50,71,97] [25,39,46,80,87,92,118,125] [18,49,71,89,101,102,113,127] [11,23,44,55,64,73,99,110] [16,17,37,77,87,98,100,121] [13,51,75,78,100,109,111,123] [2,35,66,68,106,121,124,126] [2,16,18,30,55,86,98,123] [6,16,36,41,65,87,91,97] [6,22,27,44,72,104,113,116] [12,20,24,37,103,114,119,123] [19,21,22,44,45,51,52,117] [0,21,26,71,85,103,114,120]
Token 103: [2,12,28,41,46,61,87,118] [7,16,29,63,74,77,85,103] [4,51,54,59,68,69,86,115] [1,12,21,40,59,62,78,122] [4,40,55,57,67,86,102,116] [18,30,48,49,54,87,110,116] [10,23,38,86,97,100,109,127] [1,4,5,20,45,48,82,93] [27,47,61,67,76,95,105,122] [24,52,71,76,81,97,99,104] [18,35,45,52,62,70,95,102] [16,31,33,43,46,71,105,124] [25,34,38,39,46,80,87,100] [2,18,36,71,86,89,101,109] [11,18,23,44,55,99,101,110] [1,8,17,38,78,94,98,121] [14,29,30,75,77,78,102,115] [0,9,17,65,104,106,112,122] [10,23,38,52,65,118,125,127] [1,4,5,20,43,45,48,82] [27,33,44,95,104,105,106,122] [0,1,24,35,52,71,97,99] [18,23,39,51,52,95,120,124] [9,16,28,29,46,71,97,105] [9,38,39,63,74,80,87,108] [36,63,71,89,101,109,115,123] [2,11,18,23,73,101,110,115] [2,8,16,17,20,77,98,118] [29,44,62,77,78,88,108,115] [0,4,17,63,65,68,84,122] [10,23,38,56,107,112,118,127] [5,20,26,43,45,48,60,93] [5,27,47,55,90,95,103,122] [0,35,47,62,89,97,99,103] [6,18,23,39,51,52,95,124] [9,16,42,46,71,97,114,115] [0,25,34,38,39,80,87,103] [18,24,36,41,57,95,109,123] [11,18,23,47,55,60,101,110] [8,16,17,20,78,94,107,121] [29,44,75,77,78,108,110,115] [0,63,65,68,85,106,115,121] [2,8,25,49,55,68,75,126] [2,8,44,47,49,97,104,121] [3,6,13,22,27,80,104,110] [5,12,16,47,63,83,87,119] [1,10,45,82,96,97,122,123] [11,12,31,44,74,82,90,127]
Token 104: [0,24,26,44,59,65,73,114] [2,18,26,50,62,77,94,124] [41,47,49,52,53,84,88,113] [6,21,31,59,68,71,84,97] [40,76,79,85,86,102,106,115] [8,22,30,42,49,61,66,125] [3,8,10,56,83,105,112,123] [1,20,45,48,49,67,69,103] [44,47,84,101,103,116,121,122] [0,9,26,62,89,97,103,110] [5,18,39,53,61,73,105,112] [9,24,26,31,49,61,115,125] [9,15,25,56,97,99,104,107] [6,15,20,23,28,42,80,115] [7,11,20,23,48,55,90,110] [10,16,17,38,59,78,85,94] [8,48,78,102,108,114,115,124] [15,17,19,42,69,72,99,122] [8,10,34,56,63,75,105,125] [45,48,49,50,51,100,109,112] [26,44,55,84,101,103,121,122] [9,49,62,96,103,110,125,127] [13,18,39,52,61,73,105,108] [7,23,24,28,49,61,101,122] [9,15,39,56,63,74,97,99] [6,15,28,58,71,76,80,81] [11,20,32,48,55,90,107,110] [10,16,17,55,83,85,94,101] [8,15,78,89,102,108,115,124] [15,17,19,42,55,68,69,72] [8,10,13,34,56,83,105,112] [1,33,45,48,49,60,109,112] [55,65,84,101,103,116,121,122] [9,49,62,89,96,103,110,125] [6,18,39,52,56,61,73,105] [23,24,26,29,49,61,101,105] [9,15,39,56,73,80,99,107] [6,15,21,28,78,79,80,115] [8,11,20,23,48,55,86,110] [10,16,17,23,61,85,94,101] [8,14,15,83,102,108,115,124] [15,17,19,52,53,69,72,103] [7,16,24,39,68,73,74,126] [8,19,43,44,49,77,88,104] [0,6,27,37,45,53,73,88] [16,17,22,24,46,63,112,119] [22,30,39,80,82,105,123,124] [32,35,52,71,73,90,95,109]
Token 105: [12,21,28,29,62,77,120,126] [6,26,53,74,78,83,107,122] [7,10,36,52,73,116,119,120] [7,16,25,26,59,64,67,120] [0,11,39,67,76,79,91,113] [5,30,47,49,71,82,102,111] [3,8,14,23,63,100,109,123] [1,5,45,48,50,69,82,87] [24,36,44,47,51,95,103,122] [9,22,26,43,49,65,96,103] [14,18,23,52,53,73,74,108] [3,9,26,28,71,79,87,115] [12,15,53,80,97,104,107,124] [6,21,24,29,64,74,79,98] [8,23,28,55,62,73,101,110] [10,16,17,38,85,87,95,98] [15,48,60,78,102,114,123,124] [14,20,45,68,69,72,99,122] [8,10,13,34,36,56,100,112] [45,48,50,51,60,82,87,109] [5,24,36,44,64,103,116,122] [0,1,9,22,43,62,103,127] [39,52,53,69,73,107,108,120] [4,8,20,26,61,79,86,115] [9,12,53,56,80,97,104,124] [6,16,17,21,24,75,79,98] [11,23,28,55,62,101,107,110] [1,4,10,16,17,87,95,98] [6,14,15,20,78,102,114,123] [14,17,20,69,84,97,106,117] [8,10,13,23,34,56,86,100] [1,4,5,33,45,48,50,60] [15,24,39,55,103,104,116,122] [22,26,49,62,81,89,99,103] [18,52,74,85,98,107,108,120] [8,67,71,87,98,101,105,115] [9,12,34,39,53,80,104,124] [10,21,24,44,75,98,115,121] [8,11,23,28,55,57,62,101] [16,17,78,87,94,95,98,103] [14,20,45,73,78,102,115,123] [9,14,20,84,85,97,103,112] [3,8,28,31,36,65,75,101] [2,4,6,44,68,104,112,120] [6,13,27,54,83,104,107,113] [4,20,24,47,86,114,117,127] [18,45,60,67,74,96,97,127] [27,32,34,54,72,79,90,104]
Token 106: [11,43,61,81,84,93,110,111] [19,23,41,57,74,83,107,116] [7,10,12,36,116,117,119,120] [7,12,25,26,64,68,78,91] [0,11,22,39,67,77,79,91] [16,18,20,30,47,82,102,111] [3,10,14,23,86,100,109,123] [1,20,45,48,50,69,82,100] [28,39,44,47,51,95,105,122] [22,24,26,45,48,71,99,103] [18,23,45,52,73,74,102,108] [9,11,46,47,58,67,112,115] [12,25,58,68,75,80,87,124] [21,24,29,30,65,79,98,121] [9,23,27,28,55,99,101,110] [1,4,16,17,38,88,98,121] [1,20,43,48,78,102,121,123] [6,14,20,45,68,72,97,124] [10,23,28,65,97,100,104,125] [1,4,20,43,45,48,50,82] [39,44,55,80,95,104,105,122] [1,24,89,97,99,102,103,127] [18,39,45,52,102,107,108,120] [4,8,43,46,47,101,105,115] [12,34,68,76,80,87,102,124] [16,21,24,29,44,71,98,101] [11,23,27,28,37,39,55,110] [1,4,17,60,61,94,95,98] [14,15,20,43,78,102,115,121] [9,14,17,20,97,106,107,117] [10,22,23,86,89,97,100,125] [1,4,26,33,43,45,48,100] [5,39,55,95,100,104,122,127] [22,48,62,71,76,89,97,99] [6,18,25,52,83,107,108,120] [29,43,46,47,58,67,105,115] [12,34,39,68,80,102,120,124] [24,40,55,65,99,106,115,121] [11,23,28,37,39,55,57,110] [3,4,17,23,40,61,78,94] [9,14,20,43,78,102,115,121] [9,14,20,45,97,103,112,117] [3,5,16,22,65,71,93,101] [4,6,36,44,68,81,87,104] [6,20,27,54,71,81,83,104] [4,12,24,32,37,80,114,117] [22,55,60,67,80,98,115,127] [32,34,47,55,66,85,86,117]
Token 107: [14,24,47,51,57,103,106,118] [3,9,33,44,48,57,62,91] [7,10,36,52,74,90,120,122] [9,12,21,26,59,78,91,97] [0,63,67,77,86,89,102,107] [5,30,47,49,51,97,102,105] [3,14,23,63,86,89,97,100] [1,5,32,45,48,51,82,100] [28,36,44,47,90,95,103,122] [22,32,48,49,62,65,99,103] [6,18,23,25,74,102,107,108] [9,11,47,52,58,67,109,115] [12,25,41,68,80,104,111,124] [43,55,64,66,79,86,98,113] [8,16,23,55,73,101,105,110] [4,16,17,34,38,94,95,98] [1,12,14,43,48,78,114,119] [2,9,20,35,45,66,68,75] [9,10,23,63,65,75,100,104] [1,43,45,48,50,60,82,100] [5,15,44,61,100,104,105,122] [0,32,56,62,81,89,97,99] [18,25,48,75,102,103,107,120] [4,11,46,47,101,105,109,115] [9,12,34,39,80,87,93,124] [2,17,44,66,71,86,89,113] [11,16,23,55,83,101,105,110] [4,16,17,55,61,94,95,98] [12,14,15,78,102,114,115,119] [2,9,15,20,35,66,68,120] [10,13,22,23,34,112,120,125] [1,4,26,43,45,48,60,100] [5,15,55,90,100,104,122,127] [32,49,62,76,89,97,99,103] [6,18,52,80,94,103,107,108] [28,43,46,47,101,105,109,115] [9,12,39,68,80,102,115,124] [40,55,65,66,99,106,113,115] [3,11,16,23,39,101,105,110] [4,16,17,34,61,78,94,98] [9,12,14,43,83,102,115,119] [2,9,20,35,66,103,112,117] [3,16,18,22,27,55,93,102] [6,29,36,44,65,68,87,104] [6,20,27,48,69,81,83,104] [4,12,24,32,37,70,80,117] [22,55,60,80,98,115,117,127] [36,47,66,78,85,88,120,123]
Token 108: [17,28,67,77,86,91,105,110] [2,16,45,48,74,75,99,122] [4,8,41,70,90,118,121,125] [32,62,73,77,78,91,93,124] [10,22,51,86,87,97,113,116] [5,18,75,99,103,105,117,122] [23,55,63,89,97,100,119,127] [1,4,33,45,48,73,82,89] [4,44,55,80,90,95,104,122] [22,32,33,49,62,89,96,99] [5,18,23,52,74,107,108,110] [9,16,31,43,50,78,79,115] [12,21,25,58,68,75,80,124] [10,18,64,65,71,102,113,127] [3,11,16,23,39,55,64,110] [16,17,38,78,87,94,95,98] [13,14,43,51,78,109,114,115] [2,9,20,35,66,103,106,122] [10,22,23,52,55,65,118,125] [1,4,26,33,45,48,60,100] [4,44,55,80,103,104,105,122] [0,1,32,33,47,62,89,96] [2,6,18,23,41,75,80,95] [9,16,20,29,30,50,101,115] [2,9,12,32,39,52,75,80] [44,63,71,73,89,102,106,113] [11,16,23,55,64,69,73,110] [2,8,16,17,61,94,98,118] [10,13,14,89,91,109,115,116] [9,15,17,35,66,99,105,122] [10,13,22,23,34,55,112,125] [1,4,33,45,48,60,100,116] [4,5,15,55,101,103,122,127] [32,33,47,49,62,81,89,96] [6,18,23,33,41,52,80,107] [9,28,43,46,50,101,115,116] [9,12,32,39,80,103,115,124] [18,40,89,101,102,106,113,127] [11,16,23,55,64,73,82,102] [4,17,39,46,77,78,94,98] [9,13,14,43,51,102,109,115] [2,6,9,20,35,66,92,103] [3,16,18,22,27,86,98,102] [6,16,29,41,44,68,87,120] [13,20,22,27,48,81,83,104] [4,12,24,37,63,70,80,117] [19,22,55,60,61,80,115,127] [26,36,47,66,78,88,120,123]
Token 109: [28,33,37,46,64,68,72,80] [19,67,74,107,113,115,122,124] [36,62,77,94,101,118,120,125] [9,11,78,93,111,119,120,121] [11,18,40,51,70,97,107,113] [5,16,18,30,31,56,99,116] [6,22,23,54,89,97,100,109] [1,4,43,45,48,89,100,108] [6,13,24,44,55,90,104,122] [0,32,62,71,81,89,97,99] [9,18,19,37,52,56,69,120] [3,4,22,23,43,46,68,105] [9,23,25,32,34,65,73,80] [18,40,65,89,91,101,106,127] [3,23,39,49,52,55,57,110] [1,6,17,40,61,78,94,121] [9,14,33,75,78,102,114,115] [1,9,17,35,66,103,106,112] [10,23,38,42,52,86,105,123] [1,4,20,43,45,48,82,100] [27,39,44,95,103,105,106,122] [1,10,52,62,89,99,103,127] [2,18,23,52,83,108,119,120] [9,22,28,67,101,105,114,115] [9,12,34,63,80,87,123,124] [25,40,71,89,91,99,101,115] [8,23,34,39,49,52,99,110] [1,17,61,69,78,94,95,121] [14,30,42,75,78,102,114,115] [9,17,72,77,103,106,112,117] [10,22,23,42,97,100,115,125] [1,4,34,43,48,60,67,100] [9,44,55,95,103,104,106,122] [1,24,62,89,97,99,103,127] [2,18,25,39,52,62,108,119] [0,4,28,43,46,68,107,114] [32,34,42,58,74,80,87,102] [20,40,52,61,71,73,101,115] [23,26,44,49,77,92,110,125] [0,11,17,25,50,77,94,100] [14,35,40,42,49,78,82,100] [6,9,12,49,54,72,92,99] [3,4,33,50,66,70,89,116] [2,29,41,44,61,72,91,120] [6,27,39,42,62,81,83,104] [4,24,48,51,67,88,101,116] [11,19,22,26,54,60,62,80] [17,23,39,80,98,106,116,124]
Token 110: [0,4,28,29,46,79,101,124] [2,8,67,74,78,91,115,122] [4,36,41,62,76,89,118,119] [7,11,24,52,62,78,120,121] [11,40,51,60,97,113,114,116] [0,5,16,18,30,48,99,110] [6,22,23,54,89,97,100,104] [1,4,29,33,76,82,89,108] [24,44,55,67,100,104,108,122] [24,35,71,76,80,89,97,99] [9,18,25,52,77,95,119,120] [16,22,25,31,46,68,73,105] [25,34,38,80,87,100,102,123] [18,52,89,91,106,109,123,127] [3,9,16,23,39,44,60,71] [1,17,38,40,61,78,94,122] [1,14,30,33,48,53,78,115] [0,1,9,66,84,92,112,124] [10,22,23,54,65,86,104,118] [1,4,32,43,45,48,82,100] [27,44,55,67,100,104,105,122] [0,24,35,40,71,89,97,99] [2,9,18,23,25,95,119,120] [11,16,22,25,42,46,68,105] [0,12,34,38,46,80,102,123] [18,49,57,89,106,109,115,123] [9,16,22,23,60,77,97,110] [17,25,51,61,73,78,94,121] [1,9,14,30,35,42,78,115] [9,37,75,82,84,92,112,120] [3,10,22,23,34,86,104,118] [1,4,5,33,43,67,82,108] [20,24,55,94,100,104,122,127] [35,39,40,62,66,76,89,97] [2,9,23,37,77,95,120,124] [9,11,22,25,46,68,97,114] [14,25,32,34,46,80,102,123] [18,37,49,52,71,89,106,127] [16,22,23,26,37,57,73,92] [0,17,25,40,51,77,87,94] [9,14,35,78,82,100,109,115] [6,9,25,49,54,84,92,99] [3,4,8,16,28,33,70,86] [2,10,18,41,44,72,74,75] [9,11,23,27,42,62,104,116] [24,26,34,48,67,76,88,117] [1,33,51,54,68,74,96,127] [15,17,23,39,53,80,114,121]
Token 111: [18,24,38,46,69,80,118,122] [8,26,33,47,78,91,105,122] [36,52,62,69,73,89,119,120] [7,11,41,78,93,118,119,120] [27,39,40,51,86,97,113,116] [4,5,18,31,48,99,116,117] [10,22,23,97,100,104,109,118] [1,4,33,43,45,48,89,100] [6,24,44,51,55,104,108,122] [32,35,58,62,81,89,97,102] [18,37,51,52,77,95,107,120] [16,22,29,31,46,71,101,105] [12,25,34,38,80,87,102,103] [18,20,37,89,91,101,109,123] [9,11,16,18,23,62,69,110] [17,20,26,38,50,78,94,122] [14,29,48,53,77,78,114,115] [0,1,9,17,65,84,99,122] [10,23,36,42,52,86,118,125] [1,4,20,43,45,48,51,100] [24,27,44,95,103,105,122,127] [0,1,35,47,62,89,103,127] [2,18,23,51,52,95,108,120] [9,22,36,42,46,55,114,115] [0,9,12,25,34,38,67,80] [18,49,57,63,71,109,115,123] [9,11,16,18,23,55,69,110] [2,16,17,20,55,94,98,126] [14,23,29,44,77,89,114,115] [0,24,64,65,68,75,84,122] [8,10,13,34,42,56,112,118] [33,45,48,51,60,100,109,116] [6,15,20,27,44,103,116,122] [32,35,39,49,58,62,89,103] [18,23,37,39,77,95,110,120] [9,22,28,42,55,68,97,114] [0,9,25,34,38,56,80,103] [10,18,41,49,57,109,123,127] [3,16,18,23,37,47,60,111] [16,17,20,55,61,77,94,107] [14,23,29,44,77,78,80,115] [0,9,63,64,65,84,85,121] [3,20,24,28,49,75,90,126] [8,10,44,47,74,104,121,125] [3,6,13,27,80,83,104,110] [5,24,26,47,83,87,114,119] [1,10,20,45,53,71,96,123] [11,28,31,82,83,94,119,127]
Token 112: [24,31,61,68,69,81,93,107] [26,33,47,75,83,91,105,115] [36,62,69,72,112,117,120,123] [10,11,65,78,93,119,120,121] [39,40,51,57,91,105,111,113] [4,5,16,30,97,99,111,117] [10,23,86,89,97,100,123,125] [1,32,33,43,45,48,89,100] [24,28,39,44,51,55,90,122] [43,48,62,81,89,99,103,107] [6,18,23,52,69,98,107,120] [4,9,13,46,47,102,110,115] [12,25,68,71,80,96,120,124] [18,20,49,55,64,79,91,121] [11,23,28,55,66,73,84,97] [4,17,38,50,98,115,122,127] [14,20,42,43,48,78,100,121] [1,9,14,75,93,97,99,122] [3,13,22,65,66,104,120,125] [4,33,43,45,48,100,108,109] [5,27,28,51,76,90,100,105] [0,2,43,48,56,81,89,99] [2,6,29,48,51,75,120,123] [4,11,13,36,47,101,102,110] [9,12,39,62,80,120,123,124] [29,37,49,53,55,78,79,121] [9,11,19,28,55,84,109,110] [4,17,50,64,88,98,115,118] [14,20,43,78,91,96,115,121] [9,14,68,82,84,97,120,124] [13,22,23,89,107,112,120,125] [1,4,5,33,45,82,108,116] [28,51,55,76,100,104,123,127] [43,48,56,66,71,76,80,99] [6,25,29,51,94,107,120,123] [13,31,46,47,71,87,102,110] [39,62,68,70,80,104,120,123] [40,49,55,71,79,106,107,121] [11,22,23,28,55,57,84,118] [4,17,40,50,94,98,115,121] [14,20,30,43,75,78,102,121] [1,9,14,45,82,97,121,124] [3,16,41,65,71,101,115,119] [4,36,44,46,65,68,87,104] [6,27,39,54,56,69,71,104] [2,4,12,20,24,114,117,127] [18,35,52,55,67,77,97,110] [28,32,34,55,58,61,83,117]
Token 113: [14,24,51,57,101,103,106,127] [33,44,47,48,75,91,105,115] [36,62,72,90,92,120,122,123] [10,11,71,78,97,109,114,119] [40,57,63,67,100,110,111,113] [4,5,16,18,51,97,99,105] [22,23,77,86,89,97,100,104] [1,4,32,43,45,82,100,108] [28,50,90,100,104,108,122,123] [32,48,66,76,80,81,97,99] [6,9,18,23,25,85,98,103] [13,23,31,46,47,65,75,109] [2,20,25,28,43,68,120,123] [18,55,66,89,91,104,106,113] [3,7,16,23,66,71,105,110] [1,4,6,17,38,40,61,121] [1,14,48,78,102,114,115,119] [1,2,9,35,66,75,82,112] [22,23,63,65,86,87,104,127] [1,4,26,32,45,48,82,100] [15,33,44,61,95,100,105,123] [66,71,76,80,97,99,103,111] [13,18,25,29,85,94,103,119] [22,28,46,60,75,99,105,109] [14,26,34,43,46,87,108,123] [2,40,71,99,101,106,112,126] [16,23,38,44,57,105,107,115] [17,32,40,50,61,64,88,121] [1,14,30,33,78,102,115,119] [2,9,35,72,82,93,112,124] [22,23,54,65,86,100,104,127] [1,4,13,32,45,48,82,108] [9,15,33,44,67,95,100,108] [32,66,71,76,80,97,99,111] [2,25,29,45,80,85,103,119] [4,29,60,79,96,99,102,109] [14,32,34,42,46,92,111,115] [10,20,31,66,73,106,112,113] [11,16,23,57,84,96,105,125] [17,32,34,40,50,75,89,106] [12,14,30,48,51,100,115,119] [2,9,35,66,80,82,100,124] [16,18,27,41,71,93,102,115] [6,29,36,44,46,68,87,104] [6,20,27,39,48,56,69,81] [4,12,20,24,37,70,114,117] [52,55,60,77,98,115,117,127] [36,47,66,85,86,88,120,123]
Token 114: [11,47,72,85,100,114,118,119] [16,21,48,63,75,89,106,122] [2,16,45,52,65,72,101,112] [9,10,25,37,78,81,93,123] [10,40,51,57,63,70,111,113] [4,5,18,51,79,97,99,105] [22,23,54,63,89,97,115,127] [1,4,5,32,45,82,100,108] [32,35,53,61,83,90,100,123] [0,7,17,24,32,76,80,99] [9,13,18,25,78,85,98,103] [3,23,31,46,50,72,90,125] [2,25,26,34,43,65,73,96] [2,10,18,66,89,91,103,106] [3,7,11,23,57,107,110,111] [6,16,17,38,40,59,61,122] [14,30,39,78,87,103,114,115] [1,18,21,35,55,77,99,103] [8,30,34,56,63,75,83,105] [18,39,49,51,60,100,109,112] [15,26,35,46,65,84,103,121] [9,10,49,58,96,110,125,127] [39,53,56,61,78,86,105,116] [7,23,24,28,49,61,122,125] [9,15,56,63,74,96,97,99] [0,15,23,26,28,32,58,122] [17,19,48,52,81,90,100,107] [5,10,44,49,55,70,83,103] [39,42,53,55,73,87,103,105] [1,21,34,55,72,78,88,118] [8,30,34,42,63,71,75,105] [18,49,51,59,60,75,109,112] [9,26,35,65,84,101,103,121] [9,49,84,103,110,117,122,125] [39,56,61,68,78,86,98,105] [3,4,7,23,49,61,114,125] [15,56,63,65,73,74,108,125] [0,20,23,58,68,76,78,117] [5,68,81,86,90,98,100,125] [10,44,49,59,63,64,83,89] [14,42,53,87,100,101,106,115] [5,21,34,55,59,77,88,124] [27,43,56,71,109,114,115,117] [7,24,29,46,58,68,91,96] [5,6,9,19,27,39,69,105] [4,18,29,41,71,107,114,117] [16,27,46,62,76,93,99,100] [3,7,53,58,76,87,102,104]
Token 115: [7,30,46,58,72,88,109,121] [1,24,28,48,65,89,97,122] [2,45,81,85,101,107,112,127] [9,23,37,81,84,103,123,127] [11,51,52,57,63,70,101,113] [8,17,18,25,74,79,103,109] [3,8,34,53,56,63,71,89] [18,45,56,59,82,106,108,109] [17,26,57,65,77,90,101,116] [0,10,19,49,64,80,87,96] [26,32,53,56,63,68,78,112] [7,21,23,24,28,37,60,125] [2,4,9,15,28,56,65,96] [0,15,19,23,28,42,58,103] [5,17,48,55,81,90,100,110] [10,16,31,44,49,70,83,101] [17,39,73,81,82,103,105,115] [1,18,21,33,42,55,78,83] [8,24,44,53,63,71,78,105] [9,18,24,59,75,101,109,112] [9,26,46,57,65,103,116,121] [2,9,19,49,64,96,122,125] [26,53,56,68,69,98,116,126] [3,6,7,23,28,61,96,125] [2,8,15,56,65,73,85,99] [0,15,19,26,28,58,103,122] [4,5,48,86,90,100,104,107] [10,16,44,49,59,70,101,127] [39,73,81,82,83,89,103,105] [1,18,21,42,55,78,83,118] [8,44,53,56,63,71,78,105] [18,28,59,62,75,88,109,112] [26,46,57,65,72,84,116,121] [2,9,49,69,87,110,122,125] [26,56,61,68,78,98,105,116] [3,7,23,24,28,61,96,125] [8,15,21,56,65,73,75,96] [0,20,26,52,58,61,68,82] [16,17,81,86,90,100,104,125] [10,25,49,59,70,101,106,127] [27,28,35,42,48,81,103,115] [6,21,34,55,59,78,88,118] [17,27,33,56,70,111,114,116] [11,31,53,58,61,71,82,96] [5,12,19,25,29,42,52,62] [16,29,48,51,67,88,99,117] [16,27,32,33,35,46,94,100] [0,4,39,48,53,72,102,107]
Token 116: [46,52,76,88,109,117,121,127] [27,48,52,63,89,92,97,122] [27,29,45,48,65,81,101,112] [9,46,74,78,103,114,123,125] [2,11,16,51,57,63,70,113] [4,5,18,79,93,110,112,114] [17,22,54,65,87,89,97,125] [1,32,45,47,56,82,100,108] [11,38,53,67,83,87,90,108] [0,49,64,76,80,81,89,92] [5,18,25,26,68,69,78,94] [3,7,21,23,28,37,53,96] [2,4,9,20,28,34,50,56] [18,23,25,42,82,89,91,106] [7,23,52,57,69,71,110,115] [1,17,23,38,61,78,94,95] [0,14,33,55,78,102,114,115] [17,35,50,66,68,92,103,121] [10,23,30,42,63,75,100,125] [1,45,48,51,60,93,95,100] [15,44,55,95,103,105,109,122] [1,10,22,45,62,103,117,127] [2,18,39,64,83,86,108,119] [11,22,28,67,94,98,101,122] [6,9,33,63,74,76,87,104] [23,25,65,71,99,107,115,125] [7,8,23,39,83,94,99,110] [1,16,17,55,61,91,94,95] [9,14,26,42,78,96,102,114] [68,69,72,77,103,106,107,117] [10,23,30,34,42,100,107,115] [1,15,26,45,48,60,95,100] [5,9,15,47,95,103,105,122] [10,49,62,80,81,89,99,103] [7,18,33,39,80,86,101,108] [4,8,28,53,79,101,114,122] [9,34,36,74,92,95,108,114] [20,25,52,67,89,101,106,115] [7,23,44,69,83,94,99,125] [11,17,39,40,50,75,91,94] [0,14,42,48,53,78,101,107] [34,50,57,59,68,77,83,88] [3,17,56,70,71,87,109,111] [7,24,46,58,61,68,91,99] [2,5,6,11,19,27,46,52] [4,16,29,41,50,99,114,117] [27,32,46,51,94,99,100,113] [3,4,39,48,53,58,102,107]
Token 117: [24,52,66,76,88,117,121,127] [25,27,31,47,52,63,97,122] [27,29,45,48,60,64,104,127] [25,28,49,51,78,86,91,111] [2,8,11,30,51,57,65,70] [5,18,32,79,91,93,110,112] [6,22,23,54,63,65,89,97] [1,4,29,32,45,47,56,82] [32,53,61,76,77,87,100,108] [7,17,32,76,80,81,99,100] [4,9,18,25,78,85,94,103] [22,25,50,53,99,100,116,125] [25,26,34,43,71,96,117,127] [8,12,18,52,67,91,92,106] [1,15,16,23,60,68,71,115] [17,32,34,40,88,89,121,126] [0,14,26,30,78,93,101,115] [9,36,37,50,57,92,100,124] [3,17,22,23,54,65,86,87] [1,2,4,32,44,45,82,100] [18,20,44,47,61,87,100,105] [0,7,32,41,47,81,99,124] [2,4,23,29,40,85,94,103] [11,22,28,52,99,102,110,116] [26,34,36,77,106,111,117,127] [18,31,34,52,67,92,112,126] [15,16,27,59,81,83,110,116] [2,17,44,50,61,88,107,122] [14,30,34,53,78,98,100,103] [50,51,59,68,82,99,122,124] [22,54,63,65,86,120,125,127] [2,4,5,45,48,56,82,108] [18,48,76,83,87,90,100,124] [7,32,41,63,66,81,92,124] [4,23,29,75,80,91,94,103] [22,31,33,53,99,101,110,116] [14,26,28,43,62,78,115,127] [31,52,67,71,89,92,112,125] [15,16,23,38,61,68,83,116] [17,32,40,50,64,89,118,125] [0,14,26,30,34,78,100,101] [9,11,50,57,82,92,100,124] [3,14,27,30,43,69,71,86] [33,41,44,46,58,68,75,120] [6,27,39,52,58,64,78,100] [4,20,65,90,91,95,99,117] [1,15,20,32,49,76,94,104] [4,23,39,53,58,72,103,107]
Token 118: [19,37,46,52,78,117,118,127] [31,38,52,63,65,76,85,122] [4,49,56,64,65,90,92,112] [45,70,78,81,85,86,93,104] [26,51,57,61,70,87,113,121] [4,5,55,72,75,79,99,110] [22,23,54,89,100,104,118,127] [1,2,4,5,32,45,82,100] [4,18,32,61,76,87,100,108] [7,17,41,71,76,80,97,99] [18,25,71,85,94,103,110,127] [22,25,46,52,53,95,99,116] [25,26,43,71,80,96,108,127] [2,18,57,91,92,106,109,126] [3,11,15,18,23,38,64,68] [17,32,33,38,40,89,121,122] [10,11,14,30,44,53,78,108] [0,1,9,50,82,88,122,124] [10,22,23,65,86,87,112,118] [1,2,32,43,45,48,82,100] [18,20,27,61,67,100,105,122] [0,35,41,47,58,80,81,124] [2,23,48,75,80,94,103,126] [4,22,42,60,75,99,101,114] [0,9,34,38,80,92,108,123] [2,18,29,34,57,63,109,123] [3,18,35,55,81,83,109,110] [2,16,17,20,33,50,122,126] [10,29,44,54,77,89,108,119] [0,50,63,65,68,75,77,122] [8,34,56,63,107,112,118,120] [2,45,48,51,56,60,100,109] [15,27,48,90,101,103,116,127] [41,47,49,58,80,81,89,103] [6,18,23,29,39,51,95,103] [9,22,42,76,97,99,101,102] [0,9,25,26,34,38,39,56] [18,31,41,57,71,95,109,123] [18,23,55,57,60,64,110,111] [17,20,32,33,61,80,94,107] [14,29,34,44,77,78,108,115] [0,9,11,26,50,63,65,121] [3,16,18,43,49,69,71,126] [8,44,47,56,58,68,104,121] [6,11,27,56,69,80,104,110] [4,5,12,24,47,83,87,117] [1,10,19,37,52,55,117,123] [4,11,15,21,31,82,107,127]
Token 119: [22,24,38,43,45,65,73,98] [18,26,33,38,46,80,89,94] [38,41,47,57,84,88,109,111] [6,16,31,71,84,89,93,124] [7,17,76,81,85,106,115,124] [8,44,61,64,66,97,103,125] [8,34,47,56,63,83,105,123] [18,45,49,51,96,100,109,112] [26,44,65,84,101,103,116,121] [0,9,49,62,96,103,110,117] [39,53,56,61,69,78,105,112] [7,23,24,28,49,61,89,125] [9,15,56,74,96,97,99,104] [6,15,23,25,28,58,64,77] [11,17,20,48,55,90,100,110] [10,16,44,59,70,85,101,103] [8,17,39,73,83,114,115,124] [19,21,33,42,48,55,69,105] [8,34,53,56,63,75,83,105] [18,39,49,51,59,60,109,112] [26,46,65,84,101,103,116,121] [9,49,58,62,96,110,125,127] [13,39,53,56,61,98,105,108] [7,23,24,28,49,61,122,125] [9,15,56,63,65,74,96,99] [6,15,19,23,26,28,58,122] [17,20,32,48,55,90,100,107] [10,16,49,70,83,85,101,103] [8,17,39,73,81,83,103,124] [1,19,21,42,48,55,69,78] [8,53,56,63,71,75,83,105] [18,39,49,51,59,75,109,112] [26,46,65,84,101,103,116,121] [2,9,49,62,84,96,110,125] [39,53,56,61,78,86,98,105] [3,7,23,24,49,61,122,125] [15,23,56,63,65,73,96,99] [6,15,23,25,28,58,78,118] [17,20,48,55,81,86,90,100] [10,18,23,59,70,85,101,103] [8,17,73,81,83,103,115,124] [1,19,21,42,48,55,69,105] [7,24,31,32,36,64,109,114] [7,31,43,44,77,78,88,104] [0,6,47,53,73,90,107,121] [2,12,22,27,82,94,101,107] [11,34,38,52,97,98,118,127] [20,57,73,77,86,105,109,124]
Token 120: [14,21,50,57,74,103,106,110] [3,6,9,24,33,37,56,95] [41,47,74,84,90,120,122,125] [2,4,16,39,71,78,84,87] [11,23,43,50,56,63,83,89] [4,20,47,51,68,79,105,110] [3,8,63,71,75,100,108,112] [1,39,45,48,51,60,106,109] [17,36,61,95,101,103,109,116] [10,32,49,65,80,89,96,103] [23,29,36,39,53,108,113,123] [9,63,67,69,76,109,115,125] [9,23,41,56,74,79,104,114] [21,23,49,64,66,82,98,118] [8,10,16,55,61,88,90,105] [4,10,16,17,72,83,95,103] [12,48,55,78,83,115,119,124] [2,35,48,55,66,69,83,105] [8,30,34,42,53,71,75,83] [18,39,45,51,60,95,106,109] [15,26,35,36,46,101,103,109] [32,45,49,58,65,96,98,127] [13,39,53,73,86,108,113,123] [4,7,11,26,67,69,89,109] [9,20,56,74,79,97,107,114] [6,21,23,64,66,76,98,118] [10,16,55,88,90,105,110,111] [10,16,17,55,72,83,95,103] [12,45,55,78,83,114,119,124] [2,20,35,66,68,78,103,117] [8,30,34,42,56,63,75,107] [3,18,51,60,95,100,106,109] [15,26,36,46,101,103,109,111] [32,45,49,62,65,96,103,114] [13,18,39,86,88,108,113,123] [67,69,89,98,101,109,115,122] [9,24,30,56,63,74,104,114] [10,23,66,76,82,98,113,115] [8,11,16,55,88,90,105,110] [4,17,59,61,72,83,94,103] [12,43,55,83,102,114,115,119] [2,9,20,35,66,103,112,117] [16,18,22,27,71,93,102,123] [6,29,36,44,68,78,87,104] [6,20,27,48,69,72,81,121] [4,12,22,32,37,70,80,107] [22,52,55,60,80,98,115,127] [36,47,66,78,85,88,120,123]
Token 121: [7,12,28,34,46,112,118,124] [16,23,48,74,88,116,117,122] [8,9,15,47,70,73,90,125] [4,9,16,44,77,78,84,112] [50,56,77,81,87,100,104,124] [18,47,56,68,76,78,102,105] [3,8,30,34,63,71,97,100] [1,3,39,45,51,60,106,109] [4,36,46,47,95,101,103,116] [22,32,33,49,65,84,96,114] [5,25,30,39,53,80,108,113] [9,50,64,69,82,89,98,127] [25,41,56,63,104,114,116,118] [23,64,76,82,84,98,102,113] [8,16,22,64,82,88,90,96] [10,16,31,56,61,72,83,95] [13,17,26,43,48,51,83,115] [2,35,46,55,66,78,83,123] [8,30,34,53,55,63,71,75] [18,30,39,45,51,60,106,109] [4,15,26,36,39,46,103,116] [22,32,33,45,49,58,65,96] [32,39,53,80,86,98,108,113] [7,8,37,50,59,64,89,98] [9,56,63,74,97,114,116,118] [21,23,64,76,82,98,102,113] [8,16,55,64,82,88,90,96] [10,33,55,56,72,83,91,95] [13,26,43,45,51,78,83,115] [2,35,54,66,68,78,83,123] [8,27,30,34,53,63,71,75] [18,30,39,51,60,103,106,109] [4,26,35,36,46,101,103,116] [22,32,33,45,49,62,65,96] [30,39,41,53,80,86,108,113] [8,16,50,64,69,89,115,122] [9,32,73,74,95,114,116,118] [65,66,76,82,98,102,113,127] [8,16,55,58,64,82,88,96] [18,33,37,56,59,72,77,91] [13,18,43,51,80,83,114,115] [2,6,35,36,46,66,83,126] [8,18,22,77,86,98,102,109] [6,16,44,52,78,80,87,104] [6,13,20,23,48,72,81,121] [12,20,22,37,70,80,85,107] [22,52,68,80,98,102,115,127] [26,36,47,66,88,120,123,127]
Token 122: [23,28,36,41,77,105,112,125] [29,59,67,74,88,113,114,122] [36,37,47,67,73,76,120,125] [12,16,40,62,77,84,92,121] [27,43,50,51,77,97,109,116] [1,10,18,48,56,78,117,126] [8,23,63,65,75,97,100,118] [1,33,45,48,51,82,100,109] [15,20,36,44,95,103,116,122] [10,22,32,35,65,77,103,114] [18,30,53,80,95,108,109,113] [9,16,42,64,82,98,101,115] [9,25,32,41,42,74,104,114] [10,41,42,64,76,82,98,123] [8,16,47,55,58,69,90,99] [16,17,20,31,37,72,79,91] [14,29,77,78,102,110,114,115] [0,46,64,65,68,83,103,107] [8,30,34,63,65,75,86,100] [1,3,45,48,51,60,100,109] [15,36,44,95,101,103,116,122] [10,22,32,33,49,58,62,77] [41,53,80,86,95,108,109,111] [8,16,42,79,89,98,101,117] [0,9,32,52,74,76,104,114] [41,57,64,76,82,98,109,123] [8,16,47,55,60,99,110,111] [17,20,31,37,55,72,91,95] [14,29,45,77,78,110,114,115] [0,46,64,68,77,85,103,106] [8,30,56,63,75,100,115,118] [1,3,45,51,60,100,103,109] [15,20,39,44,95,103,116,122] [22,32,35,45,49,62,77,103] [39,53,80,95,108,109,111,113] [16,42,55,64,89,98,115,122] [0,12,25,34,74,103,114,116] [10,16,41,57,76,82,109,123] [8,47,52,55,60,71,88,111] [20,37,55,60,72,90,91,94] [29,44,55,60,77,83,110,115] [15,36,46,64,65,85,103,115] [8,31,49,59,77,90,125,126] [8,12,44,49,74,104,121,125] [6,13,23,37,45,80,88,99] [5,17,46,47,76,83,112,119] [10,30,39,80,82,96,105,124] [15,31,35,52,90,95,111,127]
Token 123: [2,18,21,51,61,103,120,125] [2,9,45,53,76,83,88,122] [8,47,54,67,68,100,116,125] [10,12,16,26,84,87,89,106] [25,50,56,77,102,104,111,124] [8,9,78,82,102,107,111,126] [8,30,56,63,71,75,110,112] [39,51,56,60,72,100,106,109] [15,27,28,36,46,83,103,116] [8,22,43,45,49,65,96,105] [30,53,54,80,103,108,113,123] [8,13,52,58,64,79,98,104] [7,9,26,36,41,104,114,116] [10,23,55,64,74,79,95,98] [8,34,55,73,88,90,101,107] [10,16,34,38,44,72,90,95] [7,17,26,45,56,83,108,114] [3,30,46,49,85,99,103,107] [8,30,53,56,63,71,75,83] [18,39,45,50,51,60,106,109] [15,26,36,46,85,103,116,118] [43,45,49,58,64,65,96,105] [39,53,54,80,86,98,108,115] [4,7,8,89,94,104,117,120] [9,26,56,65,74,97,116,122] [16,20,23,68,74,95,98,104] [8,55,61,81,83,88,90,101] [10,15,18,34,44,50,72,87] [7,26,29,42,60,77,83,108] [3,4,13,46,49,77,78,125] [8,30,53,56,63,71,75,115] [39,50,51,56,60,106,109,115] [15,26,36,46,103,116,118,124] [22,43,45,49,58,65,80,105] [30,80,86,95,98,103,108,113] [8,16,79,89,94,98,104,120] [7,9,12,26,56,73,111,116] [10,16,21,74,76,95,109,123] [8,34,52,55,71,88,101,111] [18,20,50,55,56,60,87,94] [29,44,60,77,83,108,114,115] [15,36,46,49,52,65,85,115] [37,49,59,66,71,77,125,126] [12,26,44,49,80,104,121,125] [6,11,13,27,72,80,88,99] [5,16,17,24,47,58,112,119] [10,29,30,81,96,97,106,124] [11,28,31,52,82,83,111,127]
Token 124: [16,47,53,66,104,107,111,120] [34,53,58,86,88,107,113,124] [9,14,47,84,87,100,116,125] [12,16,26,76,84,89,118,127] [0,25,26,43,51,77,118,124] [56,78,80,82,102,107,125,126] [8,30,56,63,75,96,100,108] [48,50,51,60,87,95,100,109] [15,36,46,64,95,99,103,116] [22,45,49,62,65,94,103,127] [39,53,80,83,86,108,112,113] [8,64,67,86,89,98,115,127] [9,42,53,56,74,97,104,116] [16,21,25,32,44,64,75,98] [8,28,47,55,73,80,82,90] [4,10,23,38,44,55,91,95] [7,17,26,40,43,73,105,114] [53,68,69,83,88,93,97,107] [3,8,30,56,63,71,75,100] [39,45,51,60,87,95,100,109] [15,26,36,39,99,101,103,116] [22,45,48,49,58,62,65,94] [39,53,80,86,107,108,113,123] [8,47,67,86,89,98,101,120] [9,12,53,56,74,76,97,104] [16,21,32,44,55,64,65,98] [28,39,55,58,79,90,99,110] [4,10,17,23,44,55,61,91] [7,14,15,40,73,78,102,114] [17,20,53,68,69,77,97,103] [8,10,34,56,63,75,86,100] [1,15,33,45,48,60,95,109] [15,39,44,47,95,103,116,122] [37,45,49,62,81,94,99,103] [14,18,25,52,76,80,83,123] [8,47,67,86,89,101,105,122] [9,53,56,68,74,76,87,104] [21,25,32,44,55,75,107,121] [8,23,28,44,55,79,80,110] [1,4,17,23,50,78,91,94] [7,14,20,40,78,102,114,115] [1,14,15,17,53,85,97,121] [7,37,59,71,73,74,101,125] [4,8,43,44,49,78,81,104] [6,27,37,45,54,71,80,81] [4,12,22,24,46,112,119,127] [7,22,39,52,80,82,97,105] [32,34,35,52,86,90,95,117]
Token 125: [0,14,24,57,101,103,106,127] [3,9,48,76,86,113,116,126] [10,67,72,87,90,92,122,125] [12,26,37,67,76,87,94,127] [0,40,43,47,51,63,77,118] [16,20,51,82,105,110,117,126] [23,39,63,75,86,97,100,123] [1,33,45,48,51,69,95,100] [28,44,47,95,99,103,109,122] [32,38,45,48,62,89,99,103] [18,23,25,42,76,80,83,123] [8,9,31,36,47,67,90,109] [9,25,41,68,74,104,122,125] [25,44,55,65,66,99,107,113] [7,16,23,58,69,73,99,105] [3,4,17,23,26,38,91,96] [12,14,43,53,78,82,114,119] [2,20,35,66,68,77,88,121] [3,10,23,65,86,100,104,125] [1,20,32,45,48,82,95,100] [15,44,47,99,103,105,108,122] [1,45,58,62,81,97,99,103] [2,18,25,42,52,75,120,123] [29,47,67,98,101,105,109,111] [9,34,68,74,76,87,104,122] [17,55,65,66,71,98,101,115] [7,16,23,39,69,99,105,110] [1,4,16,17,50,55,69,94] [12,14,15,43,78,102,114,119] [2,17,20,35,66,68,77,121] [3,10,23,63,65,86,100,109] [1,13,26,32,45,48,82,95] [15,44,47,67,105,108,109,122] [32,37,45,58,62,77,97,99] [18,25,52,76,83,94,103,123] [29,46,47,67,101,105,109,115] [9,34,68,74,80,87,104,120] [55,65,66,99,101,113,115,125] [7,11,16,23,55,58,105,110] [1,3,4,17,56,78,94,121] [12,14,43,78,102,114,115,119] [2,9,20,35,66,112,117,121] [3,7,18,22,27,71,93,102] [6,29,36,43,44,68,87,104] [6,20,27,48,69,81,104,116] [4,12,32,37,70,80,114,123] [19,22,52,55,80,115,117,127] [36,47,66,78,85,88,120,123]
Token 126: [3,28,64,67,68,77,105,116] [16,29,48,67,68,74,114,122] [4,10,36,62,73,76,118,120] [9,11,40,62,78,93,112,120] [18,27,40,51,55,57,70,116] [16,18,31,48,78,79,110,117] [6,23,65,86,97,100,104,118] [1,32,45,47,48,53,82,124] [6,44,56,67,74,105,108,122] [32,37,60,76,81,97,99,103] [18,25,52,67,76,77,95,120] [12,16,29,46,68,101,105,117] [23,25,34,41,46,74,87,100] [18,24,40,49,71,99,109,123] [7,16,23,39,55,62,76,99] [1,17,20,38,78,82,98,115] [14,16,29,77,78,102,115,126] [0,17,62,64,68,84,103,121] [3,10,23,65,86,97,100,118] [1,13,32,43,45,48,53,82] [24,44,47,67,74,105,108,122] [1,35,37,47,52,97,99,103] [18,23,25,52,76,88,95,120] [9,16,22,29,46,71,105,111] [25,34,38,46,61,74,87,103] [18,24,49,57,71,101,109,123] [7,18,23,62,71,76,99,110] [1,8,16,17,20,94,98,118] [14,29,44,77,78,102,114,115] [0,64,65,68,84,121,122,124] [3,10,23,38,65,86,100,118] [1,13,32,45,48,53,82,100] [6,20,24,47,67,105,108,122] [32,35,37,47,62,97,99,103] [18,23,25,37,52,95,120,124] [9,22,28,30,42,68,97,105] [0,18,25,80,87,101,103,123] [18,41,49,57,71,89,109,123] [7,16,18,23,47,55,62,110] [17,20,50,77,90,94,107,118] [14,23,29,44,77,78,102,115] [0,36,64,65,68,84,93,121] [3,24,30,49,59,71,80,90] [33,44,49,72,74,104,121,125] [6,13,27,72,104,110,115,116] [4,5,26,67,86,114,119,121] [35,49,62,93,96,97,109,113] [28,51,65,80,82,83,94,119]
Token 127: [31,53,68,69,81,101,107,118] [26,33,39,67,75,83,91,98] [10,36,62,73,115,117,120,123] [9,10,11,62,78,93,120,127] [18,39,40,51,57,91,111,116] [16,18,31,78,79,97,111,117] [6,23,65,86,89,97,100,108] [1,32,45,47,48,53,82,100] [24,28,44,51,67,105,108,122] [37,43,48,60,81,97,99,103] [6,18,25,42,52,76,83,120] [9,13,23,47,52,102,105,120] [9,23,25,68,74,104,106,120] [24,37,49,55,99,107,121,126] [7,9,23,28,55,73,83,84] [3,4,17,38,50,68,98,115] [14,20,42,43,53,78,102,121] [14,37,68,84,97,121,122,124] [3,10,54,65,86,100,104,112] [1,32,45,47,48,53,82,100] [18,28,44,48,51,105,108,122] [0,43,48,60,81,97,99,103] [2,18,25,29,42,80,88,120] [13,36,47,87,101,102,105,111] [9,52,68,74,76,87,104,120] [24,29,49,55,65,71,77,121] [9,11,28,39,55,83,84,110] [4,17,50,69,91,98,115,118] [14,20,43,53,78,102,115,121] [14,20,45,68,84,97,121,124] [3,10,13,22,23,65,86,100] [1,13,15,32,45,48,53,82] [28,48,51,67,76,105,108,122] [43,46,48,60,76,81,97,99] [14,18,25,76,83,94,119,120] [13,47,71,87,102,105,110,115] [34,43,46,68,100,104,120,123] [49,55,71,99,101,106,107,121] [3,11,23,28,39,55,84,110] [3,4,17,50,69,94,98,115] [14,20,43,78,80,102,115,121] [1,6,14,20,45,68,97,121] [3,5,41,65,71,80,101,115] [4,26,36,44,46,65,87,104] [6,27,54,69,71,81,104,107] [2,4,12,27,32,37,114,117] [19,22,52,55,67,97,101,117] [28,32,34,61,83,86,117,118]
