MODEL: qwen3_30b
TOKEN_COUNT: 128
ACTIVE_EXPERTS: 8
================================================================================
PROMPT TEXT:
Concept work for Valkyria Chronicles III began after development finished on Valkyria Chronicles II in early 2010 , with full development beginning shortly after this . The director of Valkyria Chronicles II , Takeshi Ozawa , returned to that role for Valkyria Chronicles III . Development work took approximately one year . After the release of Valkyria Chronicles II , the staff took a look at both the popular response for the game and what they wanted to do next for the series . Like its predecessor , Valkyria Chronicles III was developed for PlayStation Portable : this was due to the team wanting to refine the mechanics created for Valkyria Chronicles II , and they had not come up with the " revolutionary " idea that would warrant a new entry for the PlayStation 3 . Speaking in an interview , it was stated that the development team considered Valkyria Chronicles III to be the series ' first true sequel : while Valkyria Chronicles II had required a large amount of trial and error during development due to the platform move , the third game gave them a chance to improve upon the best parts of Valkyria Chronicles II due to being on the same platform . In addition to Sega staff from the previous games , development work was also handled by <unk> The original scenario was written Kazuki Yamanobe , while the script was written by Hiroyuki Fujii , Koichi Majima , <unk> Miyagi , Seiki <unk> and Takayuki <unk> . Its story was darker and more somber than that of its predecessor .
================================================================================
GENERATED TEXT:
 The game was released in Japan on April 22 , 2011 . The game was released in North America on May 31 , 2011 . The game was released in Europe on October 28 , 2011 . The game was released in Asia on April 27 , 2012 . The game was released in South Korea on May 11 , 2012 . The game was released in the region of the Pacific on April 26 , 2012 . The game was released in the region of the Middle East on April 2
================================================================================
EXPERT TRACE (Per token, list of layer expert IDs):
================================================================================
Token   0: [14,21,50,51,57,103,106,110] [3,6,9,28,62,77,95,122] [36,41,70,84,90,122,125,127] [2,4,39,71,87,115,118,123] [7,11,23,50,56,58,63,67] [18,47,51,68,103,105,110,119] [23,52,56,58,63,87,104,116] [33,44,45,48,73,82,100,106] [36,44,67,90,99,109,123,127] [0,9,32,65,68,80,102,122] [18,29,30,50,69,78,113,123] [3,20,48,63,67,69,109,115] [2,15,34,42,79,95,114,115] [23,26,66,78,82,91,98,106] [3,4,16,17,48,53,55,105] [16,17,23,40,72,85,101,103] [1,8,14,55,80,81,119,124] [1,18,19,69,75,77,99,103] [34,56,63,64,83,104,105,116] [3,33,49,75,82,100,106,112] [44,65,72,84,90,116,121,127] [0,9,80,96,102,110,122,125] [50,56,61,68,78,90,98,105] [3,23,24,49,54,60,61,125] [2,15,23,34,65,79,96,99] [15,23,26,28,58,80,82,106] [3,4,16,17,20,48,100,105] [16,17,40,49,70,72,101,120] [1,12,14,80,81,84,114,119] [1,2,21,66,78,82,83,103] [34,56,58,63,64,104,107,116] [3,33,44,56,75,82,100,106] [44,65,67,72,86,109,114,127] [0,32,65,68,80,102,111,122] [18,30,50,51,69,98,103,113] [3,20,59,60,63,69,85,109] [2,24,34,73,79,102,114,115] [10,23,66,82,98,106,113,118] [3,8,16,53,55,69,90,105] [4,16,17,31,40,61,72,103] [12,30,43,55,80,115,119,126] [2,9,35,66,78,80,103,112] [18,23,27,80,93,102,115,123] [6,29,36,46,65,87,100,104] [6,14,20,27,48,69,98,104] [12,22,32,45,58,70,80,114] [22,52,55,60,63,101,115,117] [36,47,66,86,88,120,123,124]
Token   1: [28,51,83,87,91,112,124,125] [9,16,29,45,48,67,68,122] [4,23,36,42,67,76,100,125] [3,12,20,70,73,92,101,112] [5,7,11,27,37,50,56,57] [10,63,74,87,93,103,115,122] [46,63,64,103,104,111,116,118] [2,32,33,44,73,82,100,106] [15,20,35,44,67,86,90,123] [25,32,35,65,66,68,80,102] [18,30,50,82,88,91,103,109] [8,22,42,48,53,60,69,96] [0,2,14,26,34,73,114,115] [10,29,41,57,82,91,98,106] [3,16,53,55,60,69,90,102] [16,17,32,40,72,75,82,99] [1,14,60,80,84,94,108,110] [15,37,46,64,77,94,100,103] [46,52,56,63,64,104,116,124] [32,33,44,73,82,94,100,106] [20,40,44,45,67,86,90,123] [32,35,59,66,68,80,102,111] [18,30,41,50,91,98,103,109] [8,22,42,53,60,96,99,115] [0,2,14,17,26,34,57,115] [23,29,41,57,82,98,106,112] [3,16,53,55,60,69,102,109] [6,16,32,40,58,72,82,120] [1,60,80,84,94,108,110,114] [15,46,64,66,78,82,94,103] [34,46,56,63,66,104,116,118] [3,33,44,56,82,94,100,106] [15,20,35,44,67,72,86,127] [32,35,62,65,68,80,102,111] [18,30,41,50,69,98,103,109] [22,42,53,60,69,85,89,115] [2,14,26,34,42,52,73,115] [10,18,41,57,76,82,91,106] [3,16,53,55,60,69,80,102] [6,16,17,40,51,60,61,120] [15,55,60,80,94,108,110,115] [15,36,46,52,64,78,103,122] [8,23,24,49,73,80,90,125] [12,19,49,80,100,104,121,125] [6,11,23,45,88,98,99,104] [17,22,26,46,58,76,112,114] [5,29,30,39,52,81,104,105] [15,35,71,74,95,111,121,127]
Token   2: [16,51,53,70,97,104,111,120] [20,24,34,62,76,86,107,122] [12,14,81,87,100,107,116,125] [3,12,13,23,25,32,76,89] [0,7,11,23,25,38,74,89] [18,31,47,68,80,97,107,119] [13,14,56,63,64,104,111,116] [33,44,60,82,87,94,100,106] [15,36,44,64,67,86,90,127] [0,32,45,65,80,94,102,111] [14,18,30,50,69,103,108,113] [8,22,48,52,64,67,69,115] [26,34,42,53,73,79,85,115] [21,44,75,76,82,91,98,106] [3,29,53,55,69,79,80,102] [16,17,40,50,60,79,117,120] [1,7,14,40,60,80,84,122] [1,15,52,53,77,94,99,103] [22,39,46,56,63,64,104,116] [33,44,59,82,87,94,100,106] [36,44,45,64,72,86,114,127] [32,65,68,76,80,94,102,111] [14,18,30,50,69,98,103,113] [8,20,48,59,60,69,89,115] [2,27,34,53,65,73,79,115] [44,68,75,82,83,91,98,106] [3,38,53,55,57,69,80,109] [6,16,17,40,50,58,60,61] [1,14,30,40,60,80,84,114] [9,15,52,53,77,78,82,103] [22,39,46,58,63,89,104,116] [32,33,44,82,87,94,100,106] [44,45,64,67,72,86,90,127] [17,51,68,76,80,94,102,111] [18,30,50,69,91,98,103,113] [8,60,69,85,86,89,104,115] [2,34,42,53,73,95,102,115] [10,21,44,75,76,82,98,106] [3,29,34,53,55,69,79,80] [16,17,31,40,50,60,61,120] [1,7,15,40,60,80,115,127] [9,15,52,53,78,80,103,117] [23,24,37,59,73,74,80,125] [8,43,46,49,81,100,104,120] [6,14,37,45,54,80,98,104] [22,27,45,46,63,80,112,114] [39,52,55,63,80,82,105,124] [10,27,32,35,52,71,90,95]
Token   3: [3,28,29,51,62,77,80,126] [11,45,62,76,78,86,114,122] [0,23,42,72,115,119,121,125] [1,11,20,25,76,101,105,119] [0,7,11,34,39,40,74,97] [30,55,60,80,97,103,119,122] [23,46,63,64,104,111,115,116] [33,44,48,82,87,94,100,106] [24,27,44,45,55,67,86,90] [17,32,44,62,68,80,94,102] [7,14,18,30,50,91,113,120] [8,60,68,69,86,89,115,120] [2,34,53,67,73,80,102,115] [24,29,44,68,75,82,95,106] [3,9,11,23,29,55,62,69] [16,17,20,40,50,79,99,120] [1,14,29,80,84,111,114,123] [1,9,53,77,78,84,103,107] [22,34,46,56,63,64,104,115] [21,33,44,82,87,94,100,106] [40,44,45,67,72,86,90,127] [17,62,68,76,80,94,102,111] [7,14,18,30,50,69,91,120] [8,20,48,60,68,69,89,97] [2,4,27,34,53,67,73,115] [24,44,49,68,82,91,98,106] [3,29,38,55,62,69,101,109] [16,17,40,58,61,63,79,98] [1,14,30,80,111,114,123,127] [9,53,62,65,77,82,84,103] [22,34,46,63,89,104,115,116] [21,33,44,82,87,94,100,106] [24,27,32,44,45,72,86,114] [17,62,68,76,80,94,102,111] [18,30,50,69,91,98,113,120] [48,60,68,85,86,89,115,120] [2,27,34,53,73,95,102,115] [24,44,49,68,75,91,95,106] [3,29,38,53,55,62,69,109] [2,16,17,20,31,40,50,120] [14,29,30,80,84,111,115,127] [53,65,77,78,80,82,84,103] [20,23,24,28,75,80,115,117] [8,46,47,96,100,104,120,121] [3,6,13,29,80,98,104,110] [5,22,27,45,47,83,87,114] [5,10,45,52,55,68,82,125] [11,31,44,54,74,90,112,127]
Token   4: [0,31,61,69,81,93,101,107] [45,60,62,63,83,91,98,122] [42,68,92,103,116,117,123,125] [1,20,25,46,99,100,106,119] [0,7,11,39,89,91,102,111] [30,35,55,80,97,99,111,119] [22,46,63,64,89,104,115,116] [5,33,44,72,82,94,100,106] [27,28,44,45,55,67,86,99] [17,62,68,76,80,85,102,105] [7,14,18,30,50,54,83,84] [13,15,46,58,69,75,86,115] [4,34,47,69,80,85,95,115] [13,29,31,44,68,85,106,121] [3,28,29,53,55,69,84,101] [3,17,34,40,50,98,100,120] [1,14,20,80,84,114,121,127] [5,14,30,45,77,97,103,107] [22,46,63,64,104,115,116,124] [5,33,44,72,82,94,100,106] [27,32,37,44,45,86,90,99] [17,24,43,68,76,80,102,105] [7,14,18,50,63,69,91,120] [13,48,58,60,85,86,90,115] [2,27,34,69,95,114,115,120] [44,55,82,85,91,106,107,121] [3,38,53,55,57,69,101,109] [3,6,17,34,40,63,100,120] [1,14,30,80,84,114,121,127] [1,5,9,30,45,77,82,103] [22,46,63,89,104,115,116,124] [32,33,44,72,82,94,100,106] [27,32,37,45,67,86,99,100] [17,68,76,80,85,102,105,111] [14,18,30,50,63,83,91,94] [13,58,60,85,86,90,96,115] [2,4,27,36,69,95,102,115] [32,68,79,85,93,106,117,121] [3,29,38,55,69,84,101,109] [3,17,34,40,50,63,100,120] [1,20,30,80,105,115,121,127] [1,14,30,45,77,80,82,97] [23,55,65,80,101,115,117,119] [4,5,36,46,58,100,104,120] [6,27,29,54,69,71,98,104] [2,20,22,27,45,114,117,127] [52,55,63,67,68,77,117,125] [27,32,34,55,58,86,112,117]
Token   5: [14,33,64,75,87,91,101,110] [9,13,28,60,63,71,122,126] [4,12,36,42,46,60,64,104] [21,24,70,73,80,93,100,106] [5,7,11,51,57,60,70,102] [20,55,75,87,103,115,119,122] [14,22,46,63,89,103,104,111] [5,32,33,44,82,94,100,106] [32,35,37,44,45,86,100,104] [17,24,35,41,68,76,80,102] [13,18,33,40,50,82,85,91] [39,46,60,62,94,97,100,122] [2,7,14,34,36,61,95,115] [2,40,68,85,87,106,109,112] [3,15,29,38,53,57,60,69] [17,32,40,50,54,63,100,120] [1,14,30,56,80,84,108,127] [1,9,26,30,36,65,77,82] [14,22,46,63,89,104,116,124] [5,21,33,44,82,94,100,106] [32,40,45,61,67,86,90,100] [7,17,24,35,68,76,80,102] [7,18,33,40,50,82,91,124] [18,42,43,60,85,94,97,100] [2,14,27,34,36,61,95,102] [57,62,68,87,106,109,112,123] [3,15,38,57,60,69,71,109] [17,32,40,54,75,100,120,126] [1,14,30,44,80,84,108,127] [0,9,36,65,77,81,82,103] [14,22,46,58,63,89,104,116] [5,33,36,44,82,94,100,106] [27,32,35,37,44,45,86,100] [7,17,35,41,68,76,80,102] [15,18,33,40,50,82,91,124] [42,60,85,94,97,99,100,115] [0,2,4,14,34,73,95,102] [57,62,68,85,87,106,112,123] [3,15,18,38,55,60,69,71] [17,20,31,32,40,54,107,126] [29,30,44,77,80,108,115,127] [0,9,63,65,77,82,103,121] [23,24,49,75,80,115,117,126] [8,46,56,68,75,100,120,121] [3,6,11,29,80,98,104,110] [5,12,20,22,45,47,83,87] [5,10,45,52,55,68,104,117] [11,15,31,44,74,82,112,127]
Token   6: [31,32,53,61,69,93,120,122] [2,25,45,52,63,83,91,122] [12,42,68,104,116,117,123,125] [1,20,25,89,93,100,101,106] [0,7,11,63,79,91,102,111] [30,55,97,100,103,111,119,125] [14,46,56,63,89,104,115,116] [33,44,72,82,84,94,100,106] [27,28,44,45,55,86,90,99] [17,43,48,68,76,80,102,105] [7,13,14,18,50,83,91,123] [13,58,60,86,89,90,115,120] [2,4,27,34,69,102,115,126] [44,68,79,85,95,103,106,121] [3,28,38,55,57,69,101,125] [3,17,34,40,45,50,100,120] [14,20,30,80,84,114,121,127] [1,7,14,45,61,77,97,103] [22,46,63,64,96,104,115,116] [21,33,44,72,82,94,100,106] [27,32,44,45,55,86,90,99] [17,62,68,76,80,102,105,111] [7,14,18,50,69,84,91,120] [13,58,60,85,89,90,115,120] [2,4,27,34,69,73,102,115] [32,44,79,85,91,106,117,121] [3,4,38,55,69,101,109,125] [3,17,30,34,40,45,63,100] [1,14,80,84,90,114,121,127] [1,5,45,61,77,80,82,103] [22,46,58,63,104,115,116,124] [19,33,44,72,82,94,100,106] [32,44,45,50,55,67,86,99] [17,68,76,80,85,102,105,111] [14,18,40,50,63,69,91,94] [13,58,60,72,85,90,115,120] [2,4,36,66,69,73,95,126] [32,44,68,79,93,106,117,121] [3,4,38,55,69,84,101,125] [16,30,31,34,40,45,50,100] [1,30,54,80,90,115,121,127] [5,14,45,61,77,80,82,97] [23,65,75,80,101,108,115,117] [4,46,58,65,66,100,104,120] [6,16,29,46,69,71,98,104] [2,20,22,45,50,71,87,114] [27,52,55,63,67,68,117,125] [32,34,55,58,73,86,112,117]
Token   7: [6,14,33,75,87,91,110,123] [24,45,60,63,65,72,75,122] [4,36,42,46,60,64,65,104] [5,23,25,60,93,100,103,106] [7,11,57,60,64,89,96,102] [18,30,55,71,97,103,110,112] [39,56,63,87,89,96,104,115] [21,31,33,36,44,82,94,100] [30,32,44,45,55,86,90,108] [17,51,62,68,76,80,100,102] [4,7,18,27,40,50,63,91] [45,60,75,90,94,97,115,120] [2,4,34,36,54,95,115,127] [8,13,29,43,47,85,91,106] [3,15,23,38,55,68,69,125] [17,32,40,45,50,54,100,106] [1,4,10,46,80,84,90,114] [1,5,7,57,77,82,99,114] [39,56,63,96,104,115,116,124] [33,44,48,58,82,84,94,100] [30,32,44,45,55,72,86,90] [17,62,68,76,80,85,100,102] [2,4,7,18,27,50,63,94] [45,53,56,60,72,94,100,110] [2,4,34,36,46,64,95,115] [8,29,47,67,91,103,106,117] [3,38,55,68,69,109,119,125] [16,17,30,32,40,45,99,106] [0,1,14,30,46,53,54,90] [5,11,57,77,80,82,88,114] [17,39,58,63,87,96,104,115] [32,33,40,44,48,82,94,100] [30,32,44,45,72,77,86,90] [17,41,51,62,80,85,100,111] [4,18,27,40,50,63,69,91] [45,53,56,60,72,94,95,100] [2,4,8,34,36,64,115,127] [8,47,67,91,103,106,112,117] [2,3,15,38,55,68,69,98] [11,30,31,32,40,50,100,106] [0,1,30,46,54,90,115,127] [7,11,57,77,80,81,82,88] [23,24,30,52,69,86,87,117] [24,52,53,58,66,115,120,122] [2,11,16,29,41,94,104,108] [18,20,45,50,63,71,87,95] [27,32,33,51,68,76,77,125] [4,14,28,44,58,82,107,112]
Token   8: [16,72,85,98,100,114,119,122] [25,52,63,78,89,96,106,122] [29,36,42,45,60,65,78,111] [5,19,25,28,93,100,103,106] [2,7,11,55,57,60,63,70] [18,20,55,71,93,103,110,112] [20,46,63,87,89,97,104,115] [1,31,33,44,82,94,106,125] [30,32,45,55,86,90,108,123] [7,17,62,68,80,85,100,102] [4,12,18,27,63,91,94,126] [45,52,53,60,72,75,90,102] [2,4,8,27,34,61,64,102] [8,29,67,92,93,106,112,117] [2,3,14,67,68,69,83,125] [17,29,32,40,45,75,106,125] [1,10,14,80,84,90,106,114] [1,5,7,44,57,75,77,82] [39,46,63,96,104,115,116,124] [21,33,44,82,88,94,100,106] [21,30,32,45,55,67,86,90] [17,62,68,80,85,100,102,111] [4,7,18,27,50,63,91,94] [45,53,60,72,90,95,100,102] [2,4,8,27,34,61,64,102] [8,67,92,93,103,106,112,117] [2,3,38,53,68,69,98,109] [17,29,40,45,75,89,120,125] [0,1,14,80,84,90,106,127] [5,7,22,44,57,77,82,88] [17,20,46,63,87,104,115,116] [7,21,33,36,44,82,94,106] [30,32,45,67,77,86,87,90] [7,17,67,68,80,85,100,111] [4,7,12,18,27,63,91,99] [45,53,56,60,72,90,95,102] [2,4,8,27,64,102,117,127] [8,38,67,92,93,103,106,117] [3,55,66,67,69,98,109,119] [29,30,40,45,50,63,75,125] [0,1,30,54,80,90,106,112] [5,7,11,44,50,57,73,77] [23,52,71,80,87,99,108,117] [5,20,58,66,68,100,104,115] [2,6,29,46,57,104,108,111] [15,18,45,50,65,71,91,99] [16,27,32,63,68,76,93,125] [3,8,20,53,76,87,102,104]
Token   9: [7,32,58,72,88,109,117,121] [1,25,27,52,63,65,97,122] [16,29,60,65,78,89,104,127] [19,25,46,68,91,93,111,119] [2,7,11,30,52,53,57,89] [17,18,55,64,74,103,110,112] [34,47,56,58,63,66,71,104] [9,24,33,59,82,100,106,109] [38,44,65,67,72,90,116,127] [0,17,19,80,102,111,122,125] [18,50,51,68,78,98,105,116] [3,7,24,28,49,60,99,125] [2,4,15,34,56,65,96,115] [0,15,26,28,58,78,103,106] [3,17,20,67,69,81,100,110] [16,17,40,49,70,85,101,120] [14,39,65,80,81,89,105,115] [1,18,21,42,55,77,83,99] [24,26,34,56,63,89,105,116] [3,24,49,59,62,100,109,112] [38,65,72,84,101,116,121,127] [0,9,49,80,96,110,122,125] [26,56,61,68,78,90,98,105] [3,7,23,24,54,61,96,125] [2,4,15,56,65,85,96,99] [0,15,26,28,58,78,103,104] [4,48,55,81,86,98,100,110] [16,31,49,59,70,101,120,127] [39,48,81,82,89,103,105,115] [1,18,21,55,75,82,83,88] [24,26,34,44,63,89,107,126] [18,28,59,75,100,106,109,112] [38,53,57,65,72,90,101,121] [0,2,10,49,87,96,122,125] [16,26,56,68,78,90,98,105] [3,4,7,21,23,52,54,125] [4,34,56,64,65,73,92,96] [20,29,67,78,93,106,112,117] [3,38,55,66,67,68,69,119] [28,29,30,40,45,63,75,106] [0,1,30,54,90,101,106,112] [5,7,11,44,50,57,77,78] [23,52,80,87,99,108,111,117] [0,5,20,46,58,66,100,115] [2,16,29,46,94,104,108,111] [29,50,54,65,87,91,95,99] [27,32,57,68,76,94,122,125] [3,4,44,53,87,92,102,107]
Token  10: [52,66,76,88,109,117,121,127] [25,27,52,57,63,92,97,122] [29,42,48,60,65,89,101,112] [19,25,91,93,100,106,111,119] [2,7,8,11,30,57,63,70] [18,20,55,71,93,103,110,112] [20,46,63,89,96,97,104,115] [1,33,36,40,44,82,94,106] [32,45,67,74,86,87,90,108] [17,62,68,76,80,85,100,102] [4,18,19,27,63,91,94,126] [31,45,53,56,72,95,99,100] [2,4,8,34,36,54,61,64] [8,35,47,67,91,92,106,112] [3,14,15,38,55,68,69,125] [11,17,29,40,45,50,63,99] [0,1,10,39,48,54,80,90] [1,5,44,50,57,77,88,114] [17,39,46,63,96,104,115,116] [33,44,58,82,88,94,100,106] [30,32,45,55,77,86,87,90] [17,62,68,76,80,85,89,100] [4,7,18,27,50,63,91,94] [36,45,53,56,60,95,110,124] [2,4,27,34,46,54,64,95] [8,35,47,67,91,103,106,112] [3,38,55,68,69,97,109,125] [16,17,32,40,63,75,99,125] [0,1,14,30,53,54,90,127] [11,50,57,73,77,88,114,120] [17,58,63,87,96,104,115,116] [32,33,44,82,88,94,100,123] [30,32,45,72,77,86,87,90] [17,51,68,80,85,100,102,111] [4,18,27,40,50,63,91,94] [45,53,56,60,72,85,94,95] [2,4,7,34,36,64,115,117] [8,35,47,67,91,103,106,112] [3,15,38,55,68,69,98,109] [16,17,29,30,40,50,63,125] [0,1,30,54,80,90,115,127] [5,7,11,50,57,77,80,81] [23,24,52,69,80,87,108,117] [46,58,66,96,100,115,120,122] [6,16,25,29,41,46,94,104] [5,20,50,65,86,87,95,99] [27,32,68,76,94,122,123,125] [4,14,44,58,74,107,112,127]
Token  11: [13,26,52,65,72,98,100,102] [18,50,63,94,100,122,124,127] [40,49,53,65,78,84,88,99] [6,19,25,37,86,93,100,116] [7,11,76,79,85,96,102,106] [42,55,59,64,71,103,112,125] [35,56,63,83,104,105,115,116] [5,33,44,49,82,84,94,100] [44,45,55,86,87,90,123,127] [9,17,62,68,76,80,85,100] [4,18,50,61,69,73,98,105] [26,45,49,52,60,61,95,115] [2,4,15,34,36,99,115,117] [6,28,29,47,78,91,106,112] [3,20,38,48,55,68,69,125] [17,32,40,45,50,52,63,85] [1,54,80,84,90,108,114,127] [1,19,33,72,77,78,82,114] [46,56,63,89,96,104,115,116] [33,44,59,82,88,94,100,123] [32,44,45,53,72,90,114,127] [0,9,17,68,76,80,85,111] [7,8,16,18,50,61,69,98] [3,20,23,25,52,60,95,124] [2,4,8,22,34,65,73,115] [12,29,47,78,91,95,103,106] [3,4,20,38,55,69,110,125] [16,32,34,40,50,52,63,127] [14,30,48,54,90,100,108,127] [1,19,50,61,72,77,80,99] [13,34,58,63,89,96,115,122] [8,24,33,56,59,82,100,123] [32,45,53,57,72,90,114,127] [0,17,26,43,51,55,80,85] [16,18,50,57,63,69,98,116] [45,52,53,66,72,94,95,120] [4,21,33,34,36,65,73,126] [13,35,47,78,80,91,106,117] [3,20,55,67,69,86,98,119] [29,31,40,45,50,52,63,127] [0,54,80,90,106,112,115,127] [5,7,50,57,72,77,80,82] [23,24,39,80,99,108,115,117] [46,53,58,66,75,98,100,115] [6,16,29,46,53,64,98,104] [2,38,45,50,71,87,95,114] [5,27,63,68,76,77,123,125] [44,58,73,76,87,92,109,112]
Token  12: [11,16,45,72,85,100,114,119] [8,22,63,70,106,119,122,127] [2,16,45,65,78,101,104,127] [2,19,25,29,60,81,86,93] [11,52,64,70,81,92,115,120] [9,22,25,37,59,64,73,91] [34,47,53,63,71,89,104,107] [9,18,24,59,82,100,106,109] [9,38,65,67,72,90,116,127] [0,2,17,19,49,55,80,96] [3,18,26,32,68,98,105,116] [3,7,24,28,30,52,60,125] [2,4,8,15,56,65,96,105] [0,19,26,28,58,78,103,122] [3,4,17,20,67,81,100,110] [8,12,16,40,49,59,101,120] [39,65,80,81,83,89,105,115] [18,21,33,42,55,77,82,83] [24,26,34,44,47,63,70,116] [9,24,59,62,100,106,109,112] [38,53,65,72,84,101,116,121] [0,10,49,80,96,110,122,125] [16,26,56,58,68,78,94,98] [3,7,21,23,28,96,124,125] [4,8,9,56,65,85,96,105] [0,19,26,43,58,78,103,104] [4,17,55,81,86,98,100,110] [16,41,49,59,70,101,120,127] [39,48,80,81,89,103,105,115] [1,18,21,55,82,83,88,120] [24,26,34,44,63,76,83,126] [18,28,59,75,100,106,109,112] [15,38,46,57,65,72,101,121] [0,2,10,49,87,96,122,125] [16,26,56,58,68,78,90,98] [3,7,21,23,52,64,94,125] [8,17,23,56,65,73,85,96] [0,26,47,78,91,103,104,112] [5,17,55,81,86,100,102,125] [11,48,49,59,70,75,120,127] [1,42,48,58,70,87,107,115] [18,21,34,55,59,78,88,120] [8,17,56,66,70,81,111,114] [18,31,69,71,72,80,91,96] [5,7,25,30,41,51,94,102] [29,38,41,54,67,73,107,110] [16,37,43,46,93,103,106,122] [3,46,48,76,83,87,102,104]
Token  13: [7,32,58,72,88,109,117,121] [1,8,25,27,52,63,65,122] [2,12,16,45,101,104,107,127] [23,25,28,68,71,81,93,100] [7,11,30,38,52,53,57,63] [18,64,74,93,103,110,112,119] [22,46,56,63,87,104,111,116] [1,32,33,44,45,82,100,106] [38,44,67,83,86,90,123,127] [0,7,17,68,76,80,102,111] [18,25,30,50,69,78,91,94] [20,28,43,48,53,60,99,100] [2,4,14,34,46,102,115,127] [10,40,51,66,91,92,106,112] [3,15,38,53,55,57,69,115] [6,16,17,32,40,75,89,121] [0,1,14,78,80,105,114,115] [1,9,18,77,82,88,103,112] [22,34,56,63,64,87,104,116] [32,33,44,82,94,100,106,112] [17,44,65,67,72,86,123,127] [7,17,68,76,80,96,102,111] [7,18,30,69,78,91,94,98] [21,28,53,60,67,96,99,125] [2,4,9,26,34,65,115,127] [2,58,91,92,99,104,106,112] [3,15,38,53,69,86,109,115] [6,16,17,32,40,61,89,120] [1,14,50,53,80,105,113,114] [1,72,77,82,88,93,100,103] [34,56,63,83,87,104,111,116] [33,44,56,59,82,94,100,106] [9,35,44,67,86,90,123,127] [7,8,17,26,68,80,102,111] [2,7,18,30,82,94,98,103] [4,14,21,53,96,99,100,104] [2,14,28,34,42,92,115,127] [20,82,92,103,104,106,112,119] [3,15,27,53,69,86,109,125] [11,32,40,49,75,79,89,120] [1,42,53,80,105,107,113,122] [1,34,39,59,82,88,100,105] [4,17,33,56,70,80,111,114] [24,41,46,61,74,80,82,98] [5,6,9,11,25,62,64,104] [29,64,65,86,88,99,114,121] [16,27,32,33,46,74,94,100] [4,17,53,72,87,102,107,113]
Token  14: [35,52,57,76,109,117,123,127] [8,17,24,25,27,52,63,122] [29,42,48,60,64,65,101,103] [20,25,29,67,74,86,93,100] [2,11,16,46,57,64,89,96] [18,20,55,71,103,109,110,112] [22,23,39,63,89,96,104,115] [31,33,36,44,82,94,100,106] [32,44,45,55,67,72,86,90] [11,14,17,26,68,80,85,102] [4,5,7,18,42,50,63,91] [13,45,53,60,90,94,95,110] [2,4,34,36,54,77,106,115] [29,31,43,47,85,91,106,117] [3,15,49,55,67,68,69,125] [3,17,34,40,45,50,75,99] [0,1,80,84,90,100,106,114] [1,7,33,77,82,100,103,114] [22,39,46,63,104,115,116,124] [33,44,48,82,88,94,100,106] [32,44,45,55,67,86,90,123] [14,17,62,68,76,80,102,111] [2,7,18,40,50,63,91,94] [13,53,60,72,90,94,110,117] [2,4,8,27,34,36,92,115] [32,73,85,91,93,103,106,117] [3,38,53,67,68,69,98,109] [11,17,34,40,45,63,89,117] [0,1,14,80,84,90,106,114] [1,7,73,77,80,82,100,114] [22,63,64,87,104,112,115,124] [31,33,44,48,82,94,100,106] [32,35,44,45,67,86,90,114] [17,62,63,68,80,85,102,111] [6,12,18,19,30,63,91,94] [45,46,53,60,72,85,90,95] [2,4,27,35,36,64,66,127] [31,32,38,47,67,93,106,117] [3,63,67,68,69,98,109,119] [16,26,29,30,40,45,63,127] [0,30,48,54,80,90,106,112] [5,7,34,50,55,57,77,80] [12,23,30,43,58,99,108,117] [0,5,46,58,66,82,98,115] [9,29,46,58,96,105,108,111] [18,50,51,64,71,91,99,113] [16,27,32,43,68,76,94,113] [3,53,72,76,87,102,107,113]
Token  15: [46,47,52,76,88,117,123,127] [25,27,44,47,52,63,109,122] [12,29,42,48,60,64,101,104] [19,25,28,60,73,74,86,100] [7,11,16,37,51,53,57,60] [18,20,55,74,93,110,112,119] [20,46,63,87,104,111,116,124] [1,32,33,44,82,94,100,106] [35,67,86,87,88,90,108,123] [7,17,67,68,71,76,80,102] [7,18,25,30,63,82,91,94] [18,53,60,72,90,97,99,100] [2,4,14,27,34,46,115,127] [40,67,89,91,92,106,112,117] [3,15,36,53,57,69,92,115] [3,17,32,40,75,89,91,125] [0,1,14,75,78,80,94,126] [9,27,77,82,100,103,112,121] [22,46,63,87,104,111,116,119] [7,32,44,82,94,100,106,110] [17,44,67,86,90,94,123,124] [7,49,68,71,80,99,102,111] [7,18,23,30,50,63,71,94] [22,53,60,67,72,99,100,107] [2,4,14,22,34,92,115,127] [29,92,93,99,104,106,112,117] [3,15,53,57,66,86,115,116] [3,17,32,40,75,89,91,125] [0,1,14,78,80,100,105,113] [1,72,77,82,88,93,100,103] [38,46,63,87,89,104,110,127] [32,33,44,73,82,100,106,110] [9,17,67,86,90,95,118,123] [7,49,51,68,80,99,102,111] [7,18,30,63,71,82,94,103] [4,53,72,78,96,99,107,117] [2,4,14,17,42,92,115,127] [20,67,92,93,104,106,112,117] [1,15,67,69,98,109,119,125] [29,32,40,45,50,63,89,125] [0,1,30,42,80,90,106,112] [7,34,50,55,57,73,77,82] [23,30,43,71,80,99,108,117] [0,10,46,58,66,68,104,115] [6,29,46,102,104,105,108,111] [29,50,64,65,88,91,99,114] [16,27,32,63,76,93,94,125] [3,4,53,72,76,87,102,107]
Token  16: [24,46,52,76,88,117,123,127] [13,25,27,52,57,63,97,122] [29,42,60,64,65,95,101,104] [19,25,51,60,74,93,100,101] [7,11,16,51,57,60,70,96] [9,18,20,55,71,103,110,112] [17,22,39,63,97,104,115,124] [32,33,44,82,89,94,100,106] [30,32,40,45,67,87,90,108] [17,62,68,76,80,85,100,102] [4,12,18,27,63,82,91,94] [45,46,53,54,56,95,97,100] [2,4,7,34,36,61,80,94] [8,31,67,85,89,91,106,112] [2,3,15,18,23,53,68,69] [16,17,32,40,45,75,99,120] [0,1,54,80,84,90,108,114] [1,50,57,63,77,82,108,114] [17,22,39,46,63,104,115,116] [19,33,44,48,82,94,100,106] [30,32,44,45,67,86,87,90] [17,62,68,76,80,100,102,111] [2,4,7,18,27,50,91,94] [45,46,53,56,60,94,95,100] [2,4,8,34,35,64,80,127] [8,31,47,67,91,103,106,112] [2,3,14,15,18,68,69,109] [2,16,17,32,40,75,107,120] [0,14,44,54,80,90,108,114] [0,11,50,57,63,65,77,108] [17,22,56,58,63,104,115,116] [33,44,59,82,94,100,106,123] [27,30,32,44,45,72,86,87] [17,62,68,80,85,100,102,111] [4,18,27,30,50,69,91,94] [45,46,53,54,56,60,85,95] [2,4,34,38,73,94,102,115] [8,31,47,63,106,109,112,123] [2,3,4,18,38,55,68,69] [2,17,30,31,40,54,61,107] [0,54,77,80,90,108,115,127] [0,50,57,63,65,77,78,103] [14,20,23,24,69,80,117,126] [8,46,47,53,100,120,121,122] [6,11,29,80,98,104,108,110] [5,22,45,47,83,86,87,99] [1,10,32,52,68,71,122,123] [4,31,44,74,82,92,107,127]
Token  17: [40,43,52,65,72,73,98,100] [18,38,63,70,94,100,122,127] [38,40,57,82,84,88,99,109] [6,25,31,37,71,86,93,116] [7,11,40,76,85,99,106,115] [37,59,61,64,66,97,103,125] [34,47,56,63,83,104,105,115] [33,48,49,82,94,100,109,112] [44,45,55,65,84,90,121,127] [0,9,17,62,76,80,102,110] [18,50,51,61,69,78,105,113] [24,28,49,53,60,61,115,125] [15,34,56,79,80,96,99,115] [6,15,26,28,33,58,91,106] [3,4,17,20,48,55,69,90] [10,16,17,31,40,50,85,101] [8,39,73,80,81,115,122,124] [1,19,42,69,77,99,103,105] [34,41,56,58,63,83,105,115] [3,33,49,59,75,82,100,112] [44,65,72,84,114,116,121,127] [0,9,17,62,80,110,122,125] [18,50,56,61,68,78,98,105] [3,23,24,49,54,60,61,125] [2,15,34,65,79,96,99,115] [6,15,26,28,58,78,106,118] [3,4,17,20,48,55,69,100] [16,17,40,70,85,101,120,127] [8,14,39,48,73,80,81,124] [1,19,21,42,55,83,103,105] [24,34,56,63,83,105,107,126] [18,33,49,59,75,82,100,112] [44,45,55,65,72,90,121,127] [0,9,51,80,85,110,122,125] [18,50,51,56,68,78,90,105] [23,24,49,54,60,61,85,125] [2,23,34,65,73,79,96,99] [13,15,23,28,58,78,106,118] [3,17,20,48,55,69,86,104] [17,40,52,70,85,101,103,127] [14,39,73,80,81,115,124,127] [1,9,19,21,42,48,69,103] [23,24,31,64,80,113,114,115] [31,37,46,77,88,100,104,120] [6,16,53,69,73,90,98,104] [2,22,27,32,45,87,101,114] [5,11,34,52,55,60,63,118] [20,57,73,74,77,86,105,109]
Token  18: [14,21,50,51,57,103,106,110] [3,6,9,28,33,62,95,122] [12,41,84,90,100,122,125,127] [4,23,39,56,67,71,87,95] [7,11,23,50,56,63,67,83] [18,47,51,68,103,105,110,119] [23,56,58,63,87,104,112,116] [33,44,48,73,82,94,100,106] [36,44,45,67,86,90,109,123] [0,32,65,68,76,80,96,102] [7,18,29,30,50,84,91,123] [53,60,63,67,69,85,109,115] [2,20,24,34,61,73,114,115] [21,23,26,31,66,82,98,106] [3,4,11,16,53,55,69,105] [16,17,40,50,72,75,99,103] [1,12,14,55,80,114,119,127] [2,4,35,66,77,82,90,103] [46,56,63,64,89,96,104,124] [5,33,44,58,82,94,100,106] [21,36,44,45,67,72,86,90] [49,65,68,80,96,97,102,111] [7,18,30,50,69,73,91,113] [20,26,59,60,67,69,109,115] [2,30,34,73,79,102,107,114] [23,40,66,82,83,98,106,118] [3,10,16,38,53,57,69,105] [6,9,16,17,40,72,82,120] [1,12,14,30,80,114,119,127] [2,9,35,66,77,82,90,103] [22,34,46,63,89,104,116,124] [32,33,44,73,82,94,100,106] [36,44,45,55,67,86,90,109] [24,32,57,65,68,80,102,111] [18,30,50,69,88,91,94,113] [53,59,60,69,85,89,109,115] [2,24,30,34,73,79,102,114] [10,23,66,82,98,106,113,118] [3,16,38,53,55,69,90,105] [3,4,9,16,17,40,72,120] [12,30,43,80,84,115,119,127] [2,9,35,66,78,82,103,112] [14,18,23,27,80,93,102,115] [5,6,29,36,46,87,100,104] [6,14,20,27,48,69,98,104] [22,27,32,45,58,70,80,114] [52,55,60,63,75,101,115,117] [36,47,66,86,88,120,123,124]
Token  19: [28,51,83,87,91,112,124,125] [9,16,29,45,48,67,68,122] [4,23,36,42,67,76,100,125] [12,70,73,92,100,101,112,114] [7,11,27,37,50,61,83,119] [10,47,63,74,87,93,103,115] [23,46,63,64,104,111,116,118] [2,32,33,44,82,94,100,106] [15,18,20,44,67,86,90,127] [32,35,65,66,67,68,80,102] [7,18,30,50,91,103,109,111] [8,22,42,53,60,69,89,96] [2,14,26,34,41,73,114,115] [13,23,29,68,82,91,98,106] [3,16,47,53,55,60,69,102] [16,17,40,50,60,72,75,99] [1,14,60,80,84,108,110,122] [1,15,46,52,77,82,94,103] [13,34,46,56,63,104,116,124] [2,33,44,59,82,94,100,106] [15,18,36,44,67,72,86,127] [0,17,32,65,68,80,102,111] [18,30,36,50,69,98,103,109] [8,20,22,42,48,53,89,96] [2,26,34,52,73,79,85,115] [13,23,41,78,82,83,98,106] [3,16,38,53,55,60,69,102] [6,16,17,40,50,60,61,120] [14,60,80,84,94,108,110,122] [15,46,52,77,78,82,94,103] [34,46,56,63,89,104,116,119] [2,33,44,58,82,94,100,106] [18,20,21,44,67,72,86,127] [32,35,57,65,68,80,102,111] [18,30,36,50,69,98,103,113] [8,22,42,53,60,69,85,115] [2,26,34,42,73,80,102,115] [10,13,18,41,76,82,91,106] [3,16,53,55,60,69,80,102] [6,9,16,17,40,51,60,120] [15,60,80,84,108,110,115,127] [15,36,46,52,64,78,103,122] [23,24,49,68,73,80,90,125] [12,19,49,80,100,104,121,125] [6,11,23,45,88,98,99,104] [17,22,26,45,46,76,112,114] [5,29,30,39,52,81,104,105] [15,35,71,74,95,111,121,127]
Token  20: [0,16,51,53,70,97,104,120] [20,24,34,62,76,86,107,122] [14,72,81,87,100,107,116,125] [12,13,23,25,32,76,87,105] [0,11,23,25,38,74,83,89] [31,47,68,79,80,97,107,119] [13,47,56,58,63,111,115,116] [33,44,60,82,87,94,100,106] [18,36,44,45,64,86,90,127] [0,32,45,65,68,80,94,102] [14,18,29,30,36,50,103,113] [8,22,60,67,69,89,104,115] [2,26,27,34,53,73,85,115] [13,21,44,68,75,82,91,98] [3,11,29,53,55,69,79,80] [16,17,26,40,50,60,75,99] [1,7,14,40,60,80,84,122] [1,15,52,53,77,90,99,103] [13,39,46,56,63,89,96,104] [33,44,59,82,87,94,100,106] [18,36,44,45,64,72,86,114] [0,65,68,80,92,94,102,111] [7,14,18,19,36,50,69,113] [3,8,20,60,63,69,89,115] [2,27,30,34,53,73,79,115] [13,44,75,78,82,83,98,118] [3,10,38,53,55,57,69,80] [6,16,17,40,50,60,61,120] [1,14,30,40,80,84,114,127] [9,15,52,53,77,78,90,103] [22,39,46,58,63,89,104,116] [33,36,44,82,87,94,100,106] [18,44,45,55,64,72,86,90] [17,24,68,76,80,94,102,111] [18,30,36,50,69,91,108,113] [8,20,60,69,85,86,89,115] [2,30,34,42,53,73,80,102] [10,13,21,44,75,76,82,106] [3,29,53,55,57,69,79,80] [9,16,17,40,60,61,78,120] [7,14,15,40,80,84,115,127] [9,15,52,53,78,90,103,117] [23,24,37,59,68,73,80,125] [20,43,46,49,81,100,104,120] [6,37,39,45,54,80,98,104] [22,27,45,46,63,80,112,114] [39,52,55,63,82,84,105,124] [10,27,32,35,52,71,90,95]
Token  21: [3,28,29,62,77,80,111,126] [11,45,62,76,78,86,114,122] [36,42,72,77,115,119,121,125] [1,11,20,25,76,101,105,119] [0,7,11,39,40,74,83,97] [1,30,55,60,80,97,103,122] [46,56,63,64,104,111,115,116] [33,36,44,82,87,94,100,106] [18,27,44,55,67,72,86,90] [17,32,62,68,80,94,97,102] [14,18,30,36,50,69,91,120] [8,60,68,69,86,89,115,120] [2,30,34,53,73,85,102,115] [24,29,44,68,75,82,91,106] [3,9,11,29,38,55,62,69] [2,17,31,40,50,75,98,99] [14,29,80,84,111,122,123,127] [1,53,77,78,84,90,99,103] [13,22,46,63,89,104,116,122] [5,33,44,82,87,94,100,106] [18,24,44,45,64,72,86,90] [0,17,62,68,76,80,94,102] [14,18,19,36,50,69,113,120] [1,20,60,68,69,85,86,115] [27,30,34,53,73,79,102,107] [24,44,49,82,91,98,106,118] [3,10,29,38,55,62,69,101] [2,6,17,38,40,50,98,120] [14,29,30,80,111,114,123,127] [9,53,65,77,82,84,90,103] [22,34,46,58,63,89,104,116] [33,36,44,82,87,94,100,106] [18,24,32,35,44,45,72,86] [17,62,68,76,80,94,102,111] [18,19,36,50,69,91,113,120] [1,60,68,69,85,86,115,122] [2,23,30,34,53,73,80,102] [24,44,49,75,91,95,106,118] [3,11,29,38,55,57,62,69] [2,16,17,31,40,58,71,120] [14,29,30,80,111,115,123,127] [9,53,65,77,78,84,90,103] [20,23,24,28,68,75,80,115] [5,8,46,96,100,104,120,121] [3,6,13,29,80,98,104,110] [5,22,45,47,63,83,87,114] [10,45,52,55,63,68,82,117] [11,27,31,54,74,90,112,127]
Token  22: [0,31,61,69,81,93,101,107] [26,45,60,62,83,86,91,122] [42,68,92,103,116,117,123,125] [1,20,25,99,100,106,117,119] [0,7,11,83,89,91,102,111] [5,30,35,55,80,97,111,119] [39,41,46,63,64,104,115,116] [5,33,44,72,82,94,100,106] [27,28,44,55,67,72,86,99] [17,62,68,76,80,85,102,105] [7,14,18,36,50,83,113,116] [8,13,22,58,69,85,86,115] [27,30,34,69,73,85,102,120] [13,31,44,68,85,91,106,121] [3,10,28,29,55,69,84,101] [3,17,26,34,40,50,98,100] [14,20,80,84,121,122,123,127] [1,14,30,45,51,90,97,124] [13,22,46,63,89,104,116,124] [5,21,33,44,72,82,94,100] [18,27,32,35,44,45,86,90] [17,24,43,68,76,80,102,105] [14,18,19,36,50,85,91,113] [1,13,46,58,85,90,115,122] [2,27,30,34,61,69,102,120] [13,44,83,85,106,107,118,121] [3,10,29,38,55,57,69,109] [3,6,17,34,40,58,100,120] [1,14,24,30,80,84,121,127] [1,9,14,30,77,82,90,103] [14,22,46,63,89,104,116,124] [5,33,36,44,82,88,94,106] [32,35,37,45,67,72,86,100] [17,48,68,76,80,98,105,111] [14,18,19,36,50,83,90,91] [1,13,54,58,60,69,85,90] [4,23,27,36,69,79,120,126] [13,33,55,68,83,106,118,121] [3,10,28,29,38,55,57,69] [3,16,17,34,40,50,89,100] [1,14,20,30,80,105,121,127] [1,14,30,45,77,78,90,97] [14,23,55,80,101,115,117,119] [4,5,26,36,46,100,104,120] [6,29,54,56,69,71,98,104] [2,20,22,27,45,54,114,127] [14,52,55,63,67,117,125,127] [32,34,55,58,86,107,112,117]
Token  23: [28,33,34,75,87,91,101,110] [28,37,60,63,71,77,90,122] [12,36,42,46,48,64,68,104] [21,24,68,71,73,74,100,106] [7,11,46,51,53,57,60,102] [18,35,55,71,93,110,119,122] [14,20,46,63,87,89,104,124] [5,32,33,40,44,82,94,106] [32,35,37,45,86,100,104,108] [17,24,41,68,76,80,102,105] [15,18,33,50,82,85,91,124] [18,48,62,85,94,97,100,122] [2,4,14,30,34,36,61,67] [2,34,40,68,106,112,120,127] [3,15,38,53,55,57,64,109] [17,32,40,54,89,100,106,120] [1,10,13,14,30,80,84,127] [1,3,9,30,36,61,82,92] [14,22,46,63,89,104,116,119] [5,33,44,82,88,94,100,106] [4,21,32,37,45,61,86,100] [0,7,17,35,68,76,80,102] [9,15,33,50,82,85,91,124] [1,18,25,54,85,94,97,100] [2,14,27,34,36,61,67,102] [2,62,68,89,106,112,120,127] [3,15,38,53,55,57,64,69] [0,32,40,54,89,100,106,119] [1,10,14,30,80,93,100,127] [3,36,61,78,81,82,92,100] [14,22,63,89,104,116,119,124] [5,19,33,44,82,88,94,106] [4,32,35,37,45,86,100,108] [0,7,17,68,76,80,82,105] [9,15,18,50,82,91,124,127] [1,18,25,30,48,85,94,100] [2,14,24,27,34,36,67,112] [68,87,89,91,106,112,120,127] [3,15,38,55,57,64,69,87] [15,17,32,40,54,89,100,106] [13,14,28,30,80,100,115,127] [1,9,30,61,82,92,100,121] [8,14,23,30,55,80,86,115] [5,26,46,68,75,80,100,104] [6,11,27,39,56,69,104,126] [2,12,22,32,45,92,114,117] [35,51,52,55,60,68,117,122] [10,21,26,30,57,58,94,114]
Token  24: [41,75,87,91,105,110,111,122] [13,16,37,38,46,60,63,103] [36,42,49,57,60,64,72,104] [20,24,70,71,73,80,100,106] [5,7,11,37,51,57,60,102] [1,55,63,93,103,115,119,122] [14,22,46,63,89,102,104,116] [5,33,44,82,88,94,100,106] [10,45,50,67,86,90,108,123] [8,17,35,41,68,76,80,102] [7,15,18,50,82,85,91,124] [1,38,46,62,94,97,100,122] [2,4,14,30,34,36,67,126] [2,40,62,68,103,106,109,112] [3,15,29,38,55,57,69,109] [16,17,32,40,54,100,120,125] [1,11,14,30,80,84,108,127] [1,9,26,36,62,77,78,112] [14,22,46,63,64,104,116,119] [5,33,44,82,88,94,100,106] [32,35,37,45,61,67,86,90] [7,17,24,35,68,76,80,102] [15,18,33,50,82,85,91,124] [1,43,54,73,85,94,97,100] [2,4,7,14,34,61,67,102] [2,57,62,68,106,109,112,127] [3,15,38,55,57,60,69,71] [17,32,40,54,63,120,125,126] [14,30,44,80,84,93,108,127] [9,26,36,65,77,81,82,100] [14,22,46,63,89,104,116,118] [5,33,44,82,88,94,100,106] [32,35,44,45,50,86,90,100] [7,8,17,35,41,68,76,80] [15,18,19,50,82,91,124,127] [1,25,54,73,85,94,100,115] [0,2,4,14,67,102,103,126] [41,57,62,63,68,87,106,112] [3,11,15,38,55,60,69,71] [17,20,32,40,54,107,125,126] [29,30,44,77,80,93,115,127] [0,26,63,65,77,78,80,103] [23,24,49,50,68,80,115,117] [46,47,56,68,100,104,120,121] [3,6,11,29,69,80,98,110] [5,22,27,45,47,83,87,114] [5,10,44,45,52,55,68,117] [15,31,44,74,82,86,112,127]
Token  25: [31,47,53,61,69,93,120,122] [2,13,25,45,63,83,91,122] [12,68,72,104,116,117,123,125] [1,3,20,71,89,93,101,106] [11,43,63,79,83,91,102,111] [30,35,55,97,103,111,119,125] [14,39,46,56,63,64,115,116] [9,33,44,72,82,94,100,106] [27,28,44,45,72,86,99,123] [14,17,43,68,76,80,102,105] [14,18,21,50,83,91,113,123] [1,13,58,69,90,115,120,122] [2,4,30,34,69,80,92,102] [13,44,68,79,91,95,106,121] [3,11,28,29,55,69,101,125] [3,17,34,40,45,50,100,112] [14,20,30,80,84,114,121,127] [1,7,45,61,77,97,103,124] [13,22,23,46,63,64,115,116] [5,33,44,72,82,88,94,100] [21,27,44,45,55,86,90,99] [17,68,76,80,97,102,105,111] [14,18,19,50,69,85,91,113] [1,46,58,85,86,90,115,122] [2,4,34,53,66,69,73,102] [13,44,82,91,95,106,117,121] [3,4,38,55,63,69,101,125] [3,17,32,34,40,45,100,120] [14,30,80,84,90,114,121,127] [1,5,7,45,61,77,82,103] [22,46,58,63,89,104,115,116] [19,33,44,72,82,88,94,100] [32,45,50,67,72,86,90,99] [17,68,76,80,85,102,105,111] [14,18,19,50,63,69,91,94] [1,54,58,60,72,85,90,115] [2,4,35,36,69,71,73,126] [32,33,68,79,93,106,117,121] [3,38,55,66,69,101,119,125] [16,29,30,34,40,45,50,100] [30,54,76,80,112,115,121,127] [7,14,45,61,77,80,82,97] [14,23,65,80,101,108,115,117] [4,20,46,65,66,100,104,120] [6,29,46,54,69,71,98,104] [2,22,27,45,50,54,71,114] [27,52,55,60,67,68,77,117] [32,34,55,58,73,86,112,117]
Token  26: [2,21,33,75,87,91,104,123] [24,45,60,63,65,75,103,122] [42,46,60,64,65,101,104,127] [5,25,60,64,93,95,103,106] [7,11,57,60,64,83,96,102] [30,43,55,71,97,103,110,112] [39,56,63,87,96,97,104,115] [31,32,33,36,44,82,94,100] [30,32,44,45,55,86,90,123] [0,17,62,68,76,80,100,102] [4,12,18,27,50,63,91,94] [1,45,46,56,72,85,90,115] [2,4,30,34,35,36,54,61] [8,13,29,43,47,85,91,106] [3,14,15,63,68,69,94,125] [17,30,40,45,50,84,100,106] [10,28,30,46,48,84,90,114] [1,5,7,11,49,57,77,82] [17,22,39,63,87,96,115,116] [33,44,48,58,82,88,94,100] [30,32,44,45,55,72,86,90] [17,62,76,79,80,85,97,100] [2,4,12,18,19,27,31,50] [1,28,45,56,60,72,85,95] [2,4,24,34,35,54,64,102] [8,13,38,43,47,67,106,117] [3,14,67,68,69,109,119,125] [17,29,30,32,40,45,87,106] [0,14,28,30,90,106,112,127] [5,7,11,57,73,77,82,114] [17,58,63,87,96,104,115,116] [32,33,44,48,82,88,94,100] [21,30,32,45,72,86,90,108] [17,23,62,68,76,80,85,100] [4,18,19,27,31,40,50,91] [1,45,56,60,72,94,95,100] [2,4,24,27,35,36,54,64] [8,13,35,38,47,106,112,117] [2,3,15,55,68,69,98,119] [2,11,29,31,32,45,50,106] [0,28,30,46,54,90,112,115] [7,11,49,57,77,81,82,88] [14,23,52,69,86,87,108,117] [24,53,66,99,100,115,120,124] [6,11,19,29,94,104,108,113] [2,18,20,41,45,48,50,71] [27,32,33,51,68,76,77,122] [23,44,57,58,82,83,107,112]
Token  27: [16,38,72,98,100,114,119,122] [25,44,52,63,77,78,106,122] [29,42,45,60,65,103,111,127] [5,19,20,25,68,93,103,106] [2,7,11,57,60,63,67,70] [18,20,55,71,93,110,112,119] [39,46,63,74,89,97,104,115] [33,36,44,82,89,94,100,106] [30,32,45,55,86,90,108,123] [7,17,62,68,80,85,100,102] [4,12,18,19,27,63,91,94] [31,36,45,52,56,72,90,95] [2,4,34,40,61,66,71,102] [8,43,87,92,93,106,112,117] [3,14,38,67,68,69,109,125] [17,29,32,40,45,58,99,106] [1,28,30,80,84,90,106,114] [1,5,7,57,62,77,82,100] [22,46,63,87,96,104,115,116] [32,33,44,82,88,94,100,106] [21,30,32,45,55,67,86,90] [17,57,62,68,80,85,100,111] [4,12,18,27,50,63,91,94] [45,53,56,60,72,90,95,110] [2,4,8,27,34,61,102,127] [8,35,92,93,103,106,112,117] [3,38,67,68,69,98,109,119] [17,29,32,40,45,89,106,120] [0,14,30,80,84,90,106,127] [5,7,44,57,73,77,82,88] [22,46,63,66,87,104,115,116] [19,32,33,44,82,88,94,106] [30,32,45,67,77,86,90,123] [2,17,68,76,80,85,100,111] [4,12,18,27,58,63,91,94] [45,53,56,72,84,90,95,96] [2,4,8,27,41,64,66,127] [0,8,38,67,93,103,106,117] [2,55,66,67,69,98,109,119] [17,29,30,40,45,50,63,106] [0,30,48,54,90,97,106,112] [7,44,50,55,57,73,77,82] [14,23,52,69,80,99,108,117] [46,52,58,66,68,100,104,115] [6,29,39,46,57,105,108,111] [29,30,50,65,71,91,99,114] [16,27,32,63,68,76,77,125] [3,8,53,76,87,102,104,112]
Token  28: [7,30,38,58,72,88,109,121] [24,25,27,52,63,65,77,122] [12,29,42,45,60,65,101,112] [19,20,25,28,69,80,81,93] [2,7,11,16,30,57,63,112] [18,20,55,71,93,110,112,119] [17,46,63,66,89,96,104,115] [1,33,40,44,82,94,106,108] [30,32,67,77,83,87,108,123] [7,17,53,68,76,80,85,100] [4,12,16,18,27,63,94,126] [31,45,56,59,72,95,99,121] [2,4,8,18,27,47,64,127] [8,35,67,91,92,93,106,112] [3,14,15,38,67,68,69,98] [11,17,29,32,40,45,75,89] [0,1,30,80,84,90,97,106] [1,7,34,44,57,77,82,88] [17,46,63,87,96,104,115,116] [32,33,44,58,82,88,94,123] [21,30,32,45,67,77,90,108] [17,51,68,69,80,85,100,115] [4,7,12,27,63,91,94,126] [31,45,52,53,56,60,72,95] [2,4,27,35,37,54,64,117] [8,35,38,47,52,67,92,106] [3,14,38,67,68,69,98,109] [0,17,26,29,40,45,50,84] [0,1,14,30,46,54,70,90] [11,44,57,73,77,82,88,99] [17,63,87,96,104,115,116,120] [33,44,56,58,82,88,94,120] [30,32,40,45,53,77,83,90] [17,53,68,76,80,85,100,115] [4,9,18,27,50,63,91,94] [36,45,52,53,56,60,72,95] [2,4,8,27,34,64,117,127] [8,35,47,52,67,106,112,117] [2,3,38,55,67,68,69,98] [16,29,30,31,40,45,63,106] [0,14,30,54,90,106,112,115] [5,7,11,44,50,57,77,80] [14,23,52,69,80,99,108,117] [0,46,58,66,100,115,120,122] [2,6,16,29,39,46,94,111] [5,30,50,82,87,91,95,99] [5,27,32,51,68,76,94,122] [4,44,53,74,87,102,107,112]
Token  29: [46,52,76,88,109,117,123,127] [25,27,52,63,77,97,109,122] [29,48,60,64,65,101,104,112] [19,20,25,28,51,74,93,94] [2,7,9,11,16,57,63,96] [18,20,31,55,71,93,99,112] [39,46,63,89,96,97,104,115] [1,33,36,47,82,89,94,108] [21,30,32,45,55,86,87,108] [17,51,53,62,76,80,85,100] [4,18,26,27,29,91,94,126] [1,45,53,56,94,95,99,100] [2,4,8,35,54,85,102,127] [8,35,47,67,91,92,106,112] [3,14,15,38,69,109,121,125] [17,29,32,40,45,50,63,125] [0,30,54,80,84,90,106,114] [1,26,50,57,77,80,82,124] [17,22,39,46,63,96,115,116] [33,44,58,82,88,89,94,100] [30,32,45,55,77,86,87,90] [17,51,68,76,80,85,89,100] [4,12,18,27,50,54,91,94] [1,31,36,45,53,56,60,95] [2,4,34,35,54,64,102,117] [8,35,38,47,67,92,106,112] [3,14,38,55,68,69,98,109] [16,17,32,40,45,50,75,84] [0,1,14,28,30,54,90,127] [11,26,50,57,73,77,80,88] [17,58,63,87,96,104,115,116] [33,44,48,82,88,94,100,123] [30,32,35,45,72,77,87,90] [17,51,62,68,80,85,100,111] [4,18,19,27,31,34,50,91] [1,45,53,54,56,60,85,95] [2,4,7,34,35,54,64,117] [8,35,47,63,67,91,106,112] [3,38,46,55,68,69,98,109] [2,16,30,31,40,50,54,63] [0,1,14,30,54,80,90,115] [0,11,50,57,77,80,82,88] [14,23,24,30,52,69,87,117] [46,58,66,75,100,115,120,122] [6,16,25,29,39,94,104,108] [5,20,45,50,87,95,99,117] [5,27,32,68,76,77,94,122] [4,14,44,58,82,107,112,127]
Token  30: [13,26,52,65,72,98,100,102] [18,50,63,70,94,100,124,127] [49,53,57,65,84,88,99,104] [19,25,37,51,71,86,93,116] [43,76,79,85,96,102,106,115] [42,59,61,64,66,71,112,125] [35,56,58,63,83,105,115,116] [5,31,33,44,49,82,94,100] [44,45,55,86,87,90,123,127] [9,17,62,68,76,80,102,110] [4,18,50,61,63,69,73,105] [1,24,26,45,49,61,95,115] [2,4,15,34,61,99,102,117] [6,13,28,47,78,91,106,112] [3,15,20,48,57,68,69,125] [6,17,30,32,40,63,85,120] [30,54,80,84,90,114,115,127] [1,19,26,50,72,77,103,124] [46,56,63,88,89,105,115,116] [5,33,44,49,82,94,100,106] [27,32,44,45,84,86,90,121] [9,17,68,76,79,80,110,125] [18,31,33,45,50,61,91,105] [1,24,45,49,61,85,92,122] [2,15,34,35,54,73,99,102] [13,15,28,35,78,106,112,125] [3,14,20,32,48,57,69,125] [6,16,17,32,40,85,99,120] [14,42,54,62,80,114,115,127] [19,72,77,93,99,100,103,118] [34,63,88,89,96,105,115,126] [5,33,44,48,49,94,100,106] [32,35,44,45,84,90,121,127] [9,17,23,68,76,102,110,125] [18,19,50,56,61,73,105,113] [1,23,24,49,54,61,62,85] [4,23,34,37,54,67,73,92] [13,15,20,47,78,106,112,118] [3,20,32,55,69,86,98,125] [16,32,40,50,52,63,125,127] [28,48,54,80,90,106,115,127] [34,50,53,61,72,77,80,82] [23,24,30,39,80,108,115,117] [46,58,66,68,75,98,100,120] [6,16,29,39,46,69,104,108] [29,38,45,54,71,95,114,116] [27,63,68,76,77,94,123,125] [58,61,73,76,87,107,109,112]
Token  31: [11,16,45,72,85,100,114,119] [8,22,63,72,106,119,122,127] [2,16,38,45,65,78,101,127] [2,19,25,29,60,81,86,93] [11,52,57,64,81,83,92,115] [25,33,37,59,64,73,91,97] [34,47,53,63,71,76,107,116] [18,24,59,82,100,106,109,112] [9,38,57,65,72,90,116,127] [0,17,19,49,80,96,122,125] [16,18,26,50,51,68,78,105] [7,24,28,49,54,60,61,125] [2,15,34,56,65,96,99,115] [15,19,26,28,58,78,103,106] [3,17,20,48,57,69,90,110] [16,17,40,49,61,85,101,120] [14,39,73,80,81,89,114,115] [1,18,19,42,77,78,83,103] [24,34,41,56,63,83,105,116] [3,33,49,59,82,100,106,112] [35,38,65,72,84,116,121,127] [0,9,49,80,110,111,122,125] [18,50,56,58,61,78,98,105] [21,23,24,28,49,61,96,125] [2,9,15,56,65,79,96,99] [15,26,28,42,58,91,104,106] [3,17,48,69,86,107,110,115] [6,16,40,49,59,61,70,120] [39,48,73,80,81,89,103,115] [1,18,21,72,75,77,83,93] [24,34,39,56,63,83,105,116] [3,9,33,59,75,100,109,112] [9,44,65,72,101,116,121,127] [0,9,10,49,80,96,122,125] [2,7,18,26,30,41,98,105] [4,21,39,64,78,82,96,125] [1,14,17,32,34,37,42,108] [20,27,29,42,91,104,112,124] [3,31,53,57,69,102,109,125] [11,17,40,44,59,75,102,120] [1,14,42,50,70,80,107,113] [33,34,59,77,83,88,100,103] [8,17,25,56,66,70,80,111] [55,68,72,74,80,82,96,111] [5,6,12,25,30,60,101,104] [26,29,41,86,110,113,114,116] [16,17,46,63,74,76,100,125] [3,10,61,76,87,94,102,104]
Token  32: [7,32,58,72,88,109,117,121] [1,8,27,63,65,87,97,122] [2,12,16,45,81,101,107,127] [19,37,71,72,81,100,103,126] [2,11,16,30,52,53,57,63] [18,59,64,74,103,110,114,119] [34,46,56,63,87,104,111,116] [24,31,32,33,44,82,100,106] [38,45,67,77,86,90,123,127] [0,7,17,68,76,80,102,111] [18,27,50,51,69,78,94,98] [20,21,24,28,53,60,90,124] [2,4,34,61,65,102,115,127] [10,28,40,82,91,103,106,112] [3,17,53,55,57,68,69,115] [17,32,40,61,85,89,101,120] [0,14,50,80,101,105,114,115] [1,19,30,57,77,82,88,103] [34,56,63,64,87,104,105,115] [33,44,49,82,94,100,106,112] [35,44,65,83,84,86,121,127] [9,17,68,80,102,110,111,125] [13,18,30,56,61,94,98,105] [23,24,46,49,61,96,99,122] [2,15,34,65,80,96,99,115] [8,15,28,58,99,104,106,112] [3,14,15,48,53,69,86,109] [5,6,11,16,40,59,61,89] [39,50,60,80,82,100,105,115] [1,72,75,77,88,93,100,103] [34,52,56,63,83,87,104,116] [2,32,33,45,82,94,100,106] [9,35,44,67,83,84,90,127] [7,9,10,17,68,80,111,123] [2,7,18,30,33,39,82,103] [4,53,78,96,99,100,104,124] [2,4,9,14,22,32,34,42] [12,20,27,82,104,106,112,124] [3,15,53,69,74,86,109,125] [11,32,33,40,48,75,83,89] [1,32,42,50,80,105,107,113] [1,34,59,77,82,88,100,105] [17,21,33,43,56,70,111,117] [11,24,46,55,74,80,82,96] [5,6,11,25,29,34,39,104] [16,29,41,86,99,114,121,127] [16,27,32,33,46,74,94,103] [4,53,72,84,102,107,113,118]
Token  33: [35,52,57,76,109,117,123,127] [8,25,27,47,63,97,109,122] [29,48,60,64,65,101,103,104] [20,25,29,64,74,86,93,101] [2,11,16,43,57,64,89,96] [20,55,71,100,103,109,110,112] [17,39,43,63,96,104,115,116] [31,33,36,44,82,94,100,106] [32,45,55,67,86,87,90,123] [11,14,17,26,34,68,80,85] [4,5,7,18,36,42,50,63] [13,45,53,60,90,95,102,110] [2,4,27,34,36,54,77,111] [29,43,47,85,91,106,117,118] [3,49,55,63,67,68,69,125] [15,17,26,34,40,45,50,125] [0,80,82,84,90,100,106,114] [1,7,50,77,82,100,122,124] [22,39,46,63,104,115,116,124] [19,33,44,82,88,94,100,106] [18,32,44,45,55,67,86,123] [17,62,68,76,80,85,102,111] [7,12,18,19,36,50,63,91] [13,31,58,60,72,85,90,110] [2,4,30,34,36,69,77,92] [13,43,47,85,95,99,106,117] [3,27,67,69,84,98,109,125] [11,17,34,40,45,75,120,125] [0,14,30,80,84,106,114,127] [1,7,50,73,77,82,100,120] [22,46,63,89,104,115,116,124] [19,33,36,44,82,94,100,106] [32,40,44,45,55,67,86,90] [17,62,68,76,80,85,102,111] [12,18,19,30,36,50,63,91] [45,53,60,72,85,90,95,110] [4,8,27,34,35,36,102,126] [13,31,34,47,93,103,106,117] [2,3,55,67,68,69,98,109] [16,29,40,45,50,63,125,127] [0,30,48,54,80,90,106,112] [5,7,50,55,57,77,80,82] [14,23,41,58,80,99,108,117] [46,58,66,68,98,100,104,115] [6,29,39,46,60,102,104,108] [45,50,64,71,91,99,113,114] [16,27,32,43,76,93,94,122] [3,53,61,76,80,87,102,107]
Token  34: [46,47,52,76,88,117,123,127] [25,27,44,47,52,63,109,122] [12,29,42,48,60,64,104,127] [19,20,25,28,73,74,86,100] [7,11,16,37,51,53,57,70] [18,20,55,74,93,110,112,119] [20,46,63,87,104,111,116,124] [1,32,33,44,82,94,100,106] [35,67,86,87,88,90,108,123] [7,17,67,68,76,80,102,111] [7,18,25,30,50,63,91,94] [21,53,60,72,90,96,99,100] [2,4,8,14,27,34,115,127] [40,58,91,92,93,106,112,117] [3,15,38,53,57,69,109,115] [17,32,40,75,82,89,120,125] [0,1,14,80,84,93,100,105] [1,7,34,75,77,82,100,103] [46,56,63,87,104,116,119,124] [7,19,33,44,82,94,100,106] [35,40,44,45,67,86,90,123] [7,17,66,68,76,80,102,111] [7,18,30,58,63,91,94,98] [22,53,60,67,72,96,99,100] [2,4,8,14,34,92,115,127] [51,92,93,99,104,106,112,117] [3,15,38,53,57,66,69,109] [6,26,32,40,59,89,120,125] [1,14,80,84,93,94,105,127] [1,34,66,72,77,82,100,103] [46,63,66,87,103,104,111,116] [19,33,44,82,94,100,106,110] [9,35,37,45,67,86,90,123] [7,17,25,68,76,80,102,111] [2,7,18,30,82,91,94,103] [4,21,53,94,96,99,100,104] [2,14,17,32,36,42,92,115] [10,20,85,92,103,104,106,112] [3,15,27,57,69,87,102,125] [11,32,40,50,75,89,120,125] [0,1,30,42,80,84,107,127] [34,50,59,77,78,82,88,103] [14,17,56,70,80,111,114,117] [46,58,68,80,82,91,99,115] [5,6,25,29,46,102,104,108] [29,48,50,51,64,88,99,114] [16,27,32,43,54,93,94,125] [3,4,53,72,76,87,102,107]
Token  35: [24,46,52,76,88,117,123,127] [13,25,27,52,63,97,109,122] [29,42,60,64,65,95,101,104] [19,25,51,60,74,86,93,101] [7,11,16,51,57,60,96,119] [9,20,55,71,103,109,110,112] [17,22,39,63,96,97,104,115] [9,33,36,44,82,94,100,106] [18,30,32,40,45,67,87,108] [17,68,76,80,85,100,102,115] [4,12,18,27,36,63,91,94] [22,45,53,54,56,76,95,100] [2,4,8,26,27,34,35,94] [8,13,31,47,85,91,106,112] [2,3,14,15,18,55,68,69] [16,17,32,40,54,120,125,126] [0,30,44,54,80,84,108,114] [1,50,57,63,77,82,108,114] [17,22,39,46,63,104,115,116] [33,44,48,82,88,94,100,106] [18,30,32,44,45,55,86,90] [17,62,68,76,80,85,100,102] [2,4,18,19,27,31,36,50] [1,45,53,56,60,85,94,95] [2,4,8,34,35,61,94,106] [8,31,47,67,91,95,106,112] [2,3,14,18,68,69,81,125] [2,16,17,26,32,40,107,120] [0,14,30,54,62,108,114,127] [0,11,50,57,63,65,77,108] [17,22,56,63,88,104,115,116] [33,44,48,82,94,100,106,123] [18,27,30,32,44,45,72,86] [17,62,68,80,85,100,102,111] [4,18,19,27,31,36,50,91] [1,45,53,54,56,60,85,95] [2,4,34,35,38,61,94,102] [8,31,47,63,106,109,112,123] [2,3,4,18,38,55,68,69] [2,17,30,31,32,40,54,107] [0,30,54,77,80,90,115,127] [0,50,57,63,65,77,82,103] [14,20,23,24,69,80,117,126] [46,47,53,100,104,120,121,122] [6,11,29,69,80,98,104,110] [5,22,45,83,87,95,99,114] [1,5,10,32,68,71,122,123] [4,31,44,74,82,92,107,127]
Token  36: [40,43,52,65,72,73,98,100] [18,38,63,70,94,100,122,127] [38,40,57,82,84,88,99,109] [6,25,31,37,71,86,93,116] [7,11,40,73,76,85,106,115] [59,61,64,66,73,97,109,125] [34,56,63,83,104,105,107,115] [18,24,33,49,82,100,109,112] [44,45,65,72,84,114,121,127] [0,9,17,62,80,102,110,122] [18,26,36,50,61,78,90,105] [1,3,24,28,49,61,95,125] [15,34,56,65,73,79,99,115] [6,15,26,28,58,78,106,118] [3,4,17,20,48,55,69,104] [16,17,31,40,49,50,85,101] [8,39,73,114,115,122,124,127] [1,18,19,42,78,99,103,105] [34,56,63,105,115,116,122,126] [3,33,49,59,75,100,112,123] [45,65,66,72,84,116,121,127] [0,9,79,85,98,110,122,125] [18,19,31,50,56,61,90,105] [1,23,24,49,54,61,92,125] [15,21,23,34,35,79,96,99] [6,15,26,28,58,78,106,118] [3,4,14,17,20,48,69,104] [2,16,40,70,85,101,120,127] [8,39,48,62,73,81,124,127] [1,19,21,42,80,103,105,118] [24,34,56,83,88,105,115,126] [5,33,44,49,75,100,109,112] [32,35,45,65,66,72,121,127] [9,51,76,85,98,104,110,125] [18,50,56,61,68,78,90,105] [1,3,23,24,54,61,85,125] [15,21,23,34,73,79,96,99] [13,15,23,28,58,78,106,118] [3,17,20,48,55,69,86,100] [17,40,52,70,85,101,103,127] [14,39,73,80,81,115,124,127] [1,9,19,21,42,48,69,103] [23,24,64,68,80,113,114,115] [31,37,46,77,88,100,104,120] [6,47,53,69,73,90,98,104] [2,22,27,32,45,87,101,114] [5,11,34,52,55,60,63,117] [20,57,73,74,77,86,105,109]
Token  37: [14,21,50,51,57,103,106,110] [3,6,9,28,33,62,95,122] [12,41,84,90,100,122,125,127] [4,20,23,39,71,87,95,117] [7,11,23,50,56,63,83,86] [18,47,51,68,103,105,110,119] [26,56,58,63,87,104,112,116] [33,36,44,48,82,94,100,106] [36,44,45,67,72,86,109,123] [0,8,32,65,68,80,102,122] [7,18,26,29,30,50,69,123] [48,53,54,63,67,69,85,109] [2,24,34,61,65,73,79,115] [23,26,31,66,82,83,98,118] [3,4,11,16,38,55,69,105] [16,17,23,40,72,99,103,120] [1,14,55,80,81,119,124,127] [1,2,77,78,82,90,99,103] [34,56,63,83,104,105,116,126] [3,33,59,75,82,100,106,112] [44,45,65,66,72,86,116,127] [0,9,65,80,98,110,122,125] [18,29,50,56,61,90,98,105] [23,24,26,49,54,61,109,125] [15,23,24,34,73,79,99,107] [23,26,66,80,82,83,91,118] [3,4,16,48,53,57,69,105] [6,9,16,17,40,61,72,120] [1,14,30,80,81,84,114,119] [2,9,66,78,82,83,90,103] [22,34,46,63,89,99,104,116] [33,36,44,75,82,94,100,106] [21,44,45,67,86,90,109,127] [32,51,65,68,80,98,102,111] [18,30,50,69,85,90,98,113] [53,59,60,63,69,85,109,115] [2,23,24,34,73,79,102,114] [23,66,68,82,98,106,113,118] [3,16,38,53,55,69,90,105] [9,16,17,31,40,61,72,120] [12,14,30,43,80,115,119,127] [2,9,35,66,78,82,90,103] [18,23,27,68,80,93,102,115] [6,29,36,46,87,100,104,120] [6,14,20,38,48,69,98,104] [22,27,32,45,58,70,80,114] [52,55,60,63,75,101,115,117] [36,47,66,86,88,120,123,124]
Token  38: [28,51,83,87,91,112,124,125] [9,16,29,45,48,67,68,122] [4,23,36,42,67,76,100,125] [12,20,70,73,92,101,112,114] [7,11,37,38,50,61,83,119] [10,63,74,87,89,93,103,115] [23,46,63,64,104,111,116,118] [2,32,33,44,82,94,100,106] [15,18,20,35,44,67,86,123] [32,35,65,66,67,68,80,102] [18,30,50,69,91,103,109,111] [8,22,42,48,53,60,69,96] [2,26,27,34,41,65,73,115] [13,23,68,82,83,91,98,106] [3,16,53,55,60,63,69,102] [16,17,31,40,50,60,72,120] [1,14,60,80,84,108,110,122] [1,46,77,78,82,90,94,103] [13,34,46,56,63,104,116,119] [2,33,44,75,82,94,100,106] [15,18,35,67,72,86,114,127] [0,32,51,65,68,80,102,111] [7,18,30,36,50,69,103,109] [8,14,20,22,31,48,53,60] [23,26,34,71,73,79,85,107] [41,68,78,82,83,98,106,118] [3,10,16,29,38,53,69,102] [6,17,40,50,60,72,79,120] [14,60,80,94,108,110,122,127] [4,15,46,78,82,90,99,103] [13,46,63,89,104,116,119,126] [2,33,44,56,82,94,100,106] [18,36,45,67,72,86,90,127] [23,32,65,68,76,80,102,111] [18,19,36,50,69,103,109,113] [8,22,42,53,60,69,85,115] [2,23,26,30,34,71,73,79] [13,41,68,76,82,91,106,118] [3,11,16,53,55,69,80,102] [16,17,31,40,51,60,72,120] [14,30,60,80,108,110,115,127] [15,36,46,52,78,90,103,122] [23,24,49,68,80,90,115,125] [12,19,46,49,80,100,104,125] [6,11,23,45,88,98,99,104] [5,17,22,26,45,46,76,114] [29,30,39,52,55,60,81,105] [15,35,71,74,95,111,121,127]
Token  39: [0,16,51,53,70,97,104,120] [20,24,34,62,76,86,107,122] [14,72,81,87,92,100,116,125] [12,13,23,25,32,76,105,117] [0,11,23,25,38,74,83,89] [31,47,68,79,80,97,107,119] [13,47,56,58,63,111,115,116] [33,44,60,82,87,94,100,106] [18,36,44,45,64,72,86,127] [0,32,51,65,68,80,94,102] [14,18,29,36,50,69,113,116] [3,22,60,63,67,69,89,115] [26,34,53,65,73,79,85,115] [26,44,68,75,78,82,83,118] [3,4,11,29,55,69,79,80] [2,16,17,26,31,40,50,60] [7,14,40,60,80,84,122,127] [1,15,52,53,77,78,90,99] [13,34,46,63,89,116,122,126] [33,44,59,75,82,87,100,123] [5,35,36,45,64,72,114,127] [0,51,65,68,80,94,98,122] [16,19,29,36,50,69,90,113] [8,20,30,54,60,63,65,103] [21,23,24,34,73,79,85,107] [13,26,33,78,82,83,91,118] [3,4,10,38,55,63,69,80] [2,6,16,17,26,38,40,50] [7,14,30,40,80,97,122,127] [15,52,53,77,90,99,103,114] [13,22,34,58,63,89,116,126] [5,33,44,56,82,87,94,100] [18,32,35,45,64,72,90,100] [17,50,51,68,76,80,94,98] [18,19,36,50,69,90,91,94] [1,8,54,60,65,85,115,120] [23,34,52,53,71,73,79,115] [13,44,68,75,82,91,106,118] [3,11,29,55,57,69,79,80] [16,17,40,50,58,60,61,120] [7,14,15,30,40,80,115,127] [15,52,53,78,80,90,103,124] [23,24,37,59,68,73,80,125] [8,43,49,81,96,100,104,120] [6,37,39,45,54,80,98,104] [22,45,46,63,80,104,112,114] [36,39,52,55,82,84,105,124] [10,27,32,35,52,90,95,108]
Token  40: [3,28,29,62,77,80,111,126] [11,24,45,62,76,78,86,122] [36,42,72,77,115,119,121,125] [1,11,20,25,76,101,105,119] [0,11,39,40,74,83,97,119] [1,30,55,60,80,97,103,122] [46,63,64,104,111,115,116,119] [33,36,44,82,87,94,100,106] [18,27,44,45,55,67,72,86] [0,17,62,68,76,80,94,102] [1,14,18,29,36,50,69,120] [22,60,68,69,86,93,115,120] [27,34,53,73,79,85,102,115] [24,44,68,75,82,83,106,118] [3,9,11,29,55,62,63,69] [2,17,26,31,40,50,79,99] [29,80,84,111,115,122,123,127] [1,53,77,78,84,90,99,103] [13,34,46,63,96,104,116,122] [5,33,36,44,82,87,94,100] [18,24,35,45,55,72,86,114] [0,17,51,62,68,80,94,98] [18,19,36,50,69,90,113,120] [20,31,54,60,68,69,85,120] [20,23,30,35,73,79,85,107] [24,33,49,68,78,91,106,118] [3,4,29,55,62,63,69,110] [2,17,26,38,40,50,63,84] [14,29,30,97,111,122,123,127] [77,78,80,82,84,99,114,124] [22,34,58,63,89,115,116,126] [5,33,36,44,82,87,94,100] [18,24,27,32,35,45,72,127] [17,63,68,76,80,94,102,105] [18,19,36,37,50,69,91,120] [1,21,31,54,68,71,85,120] [23,30,34,53,73,101,102,115] [24,44,49,68,83,91,106,118] [3,10,11,29,55,57,62,69] [2,16,17,31,40,46,58,120] [14,23,30,80,91,111,115,127] [53,77,78,81,84,90,103,121] [14,23,24,28,68,80,115,117] [5,8,26,46,96,100,104,120] [6,13,29,69,80,98,104,110] [2,5,22,45,47,83,114,117] [10,45,52,55,68,76,117,125] [27,31,54,82,84,90,112,127]
Token  41: [0,31,61,69,81,93,101,107] [26,45,60,62,83,86,91,122] [68,92,103,116,117,121,123,125] [1,20,25,99,100,106,117,119] [0,11,83,89,91,100,102,111] [5,30,35,55,80,97,111,119] [39,41,46,63,104,115,116,119] [5,33,44,72,82,94,100,106] [27,28,45,55,67,72,86,99] [21,62,68,76,80,85,102,105] [1,14,18,36,50,69,84,116] [13,15,22,58,69,86,115,120] [4,27,30,34,69,73,78,85] [13,31,44,68,83,106,118,121] [3,10,11,28,29,38,55,69] [3,23,26,34,40,50,63,100] [14,20,80,84,105,121,122,127] [1,14,30,45,78,90,97,124] [22,46,63,89,104,116,124,126] [5,33,40,44,72,82,94,100] [18,27,32,35,37,45,72,86] [17,43,68,76,80,98,102,105] [14,18,19,36,50,85,90,91] [13,26,48,54,58,85,90,94] [2,23,34,61,69,79,102,107] [13,35,68,83,85,106,118,121] [3,10,29,38,57,63,69,109] [3,17,26,34,40,58,100,120] [1,14,30,80,84,97,121,127] [1,9,30,77,78,82,90,100] [22,58,63,89,104,116,124,126] [5,33,36,44,82,88,94,106] [32,35,37,45,66,67,72,86] [17,68,76,80,98,102,105,111] [14,18,19,50,73,90,91,94] [13,26,54,58,60,85,90,96] [23,27,36,69,79,102,107,126] [13,33,68,83,93,106,118,121] [3,10,29,38,55,57,66,69] [3,16,17,34,40,50,89,100] [14,20,30,80,105,115,121,127] [1,14,30,45,77,78,90,97] [14,23,55,65,80,101,115,119] [4,5,36,37,46,100,104,120] [6,29,54,69,71,98,104,108] [22,27,45,54,104,114,117,127] [14,52,55,60,63,67,117,127] [3,32,34,55,58,86,112,117]
Token  42: [28,64,75,87,91,101,105,110] [9,16,28,44,60,63,71,122] [4,36,42,46,60,64,83,104] [21,24,70,71,73,80,100,106] [5,7,11,51,57,60,70,102] [18,43,55,93,110,115,119,122] [14,22,39,46,63,89,104,116] [5,32,33,36,44,82,88,94] [10,32,35,37,45,67,86,104] [8,17,35,41,68,76,80,102] [7,15,18,50,82,85,91,124] [1,48,54,62,94,97,100,122] [2,14,27,30,34,36,61,67] [34,40,62,68,83,106,112,119] [3,15,29,38,53,57,69,109] [3,17,32,40,54,89,100,106] [1,14,30,80,84,98,108,127] [1,9,36,49,78,81,82,100] [14,22,46,63,89,104,116,119] [5,21,33,36,44,82,88,94] [32,35,37,45,67,86,90,100] [7,8,17,35,68,76,79,80] [15,18,33,50,82,85,91,124] [1,18,48,54,73,85,97,100] [2,4,14,27,34,61,67,102] [2,8,62,68,89,106,112,127] [3,15,38,55,57,64,69,71] [6,17,32,40,50,54,89,126] [14,30,44,80,84,93,108,127] [9,36,49,77,78,81,82,100] [14,20,22,63,66,89,96,116] [5,33,36,44,82,88,94,106] [32,35,37,45,50,67,86,100] [7,8,17,41,68,76,80,102] [15,18,19,50,82,91,124,127] [1,25,54,62,73,85,94,100] [2,7,14,27,34,67,102,126] [8,57,62,63,68,91,106,112] [3,11,15,38,55,57,69,71] [2,17,31,32,40,106,107,126] [30,44,54,77,80,108,115,127] [0,36,49,63,65,77,103,121] [23,24,49,68,75,80,115,117] [46,47,68,75,100,104,120,121] [3,6,11,29,52,69,80,110] [5,12,22,45,47,83,87,117] [10,19,51,52,55,68,104,117] [11,15,21,31,44,82,112,127]
Token  43: [31,47,53,61,69,93,120,122] [13,25,45,63,83,91,103,122] [12,68,72,104,116,117,123,125] [1,20,71,89,93,101,106,117] [11,43,63,79,83,91,102,111] [5,30,55,97,103,111,119,125] [14,39,46,58,63,96,115,116] [5,33,36,44,72,82,94,100] [27,44,45,55,72,86,99,123] [14,17,43,62,68,76,80,105] [14,18,21,50,69,83,91,113] [1,54,58,69,90,115,120,122] [2,4,27,30,66,69,102,126] [33,44,68,79,91,106,112,121] [3,11,28,29,55,57,69,125] [3,17,34,40,45,100,120,125] [14,30,84,105,114,121,122,127] [1,7,9,45,61,77,122,124] [14,22,46,63,89,96,115,116] [5,21,33,44,50,72,82,94] [27,32,35,45,72,86,90,99] [17,68,76,80,97,102,105,111] [14,18,19,31,50,60,91,113] [1,20,54,58,85,90,115,120] [2,30,34,35,66,69,102,126] [32,33,35,44,68,95,106,117] [3,4,38,55,63,67,69,119] [2,17,26,34,38,40,45,100] [14,30,84,90,112,114,121,127] [5,7,13,61,77,80,82,114] [22,46,63,89,96,104,115,116] [19,33,36,44,82,88,94,100] [32,35,45,50,67,72,86,99] [17,68,76,80,85,102,105,111] [12,18,19,31,50,63,73,91] [1,13,54,58,72,85,90,120] [4,27,35,36,66,69,71,126] [32,33,68,79,93,106,117,121] [3,38,55,63,67,69,101,119] [17,29,30,40,45,50,100,127] [30,48,54,80,106,112,115,121] [7,14,45,55,61,77,80,82] [21,23,65,80,101,108,115,117] [4,46,65,66,100,104,115,120] [6,29,46,52,54,69,71,98] [12,20,22,45,50,54,71,114] [27,52,55,67,68,76,77,117] [20,32,34,55,58,73,112,117]
Token  44: [6,14,64,75,87,91,110,123] [25,45,60,63,65,75,103,122] [4,29,42,46,60,64,65,104] [5,20,25,60,71,93,103,106] [11,57,60,64,83,96,102,110] [30,43,55,71,97,99,103,112] [39,63,87,89,96,104,115,116] [21,32,33,36,44,82,94,100] [30,32,44,45,55,86,90,123] [0,17,62,68,80,85,100,102] [4,12,18,27,50,63,91,94] [45,46,54,56,75,85,90,100] [4,30,34,35,36,61,66,67] [8,29,43,47,67,91,106,117] [3,14,38,55,68,69,119,125] [16,17,30,40,45,50,84,106] [46,48,84,90,91,106,114,127] [1,5,11,57,77,82,99,121] [17,39,46,58,63,87,96,115] [33,44,48,58,82,94,100,125] [30,32,35,44,45,55,86,114] [17,62,68,76,80,85,97,100] [2,4,12,18,19,27,31,50] [1,45,54,56,72,85,94,95] [2,4,34,35,36,46,61,64] [8,35,38,43,47,67,106,117] [3,14,67,68,69,98,109,119] [16,17,29,30,40,45,100,106] [0,14,54,90,97,112,114,127] [5,7,11,13,57,77,80,114] [17,58,63,87,89,96,115,116] [33,44,48,58,82,89,94,100] [30,32,35,45,55,72,90,114] [0,17,23,51,62,80,85,100] [4,12,18,19,27,31,40,91] [1,45,53,54,56,72,75,95] [4,7,24,35,36,41,64,89] [8,12,38,47,67,106,112,117] [2,3,55,67,68,69,98,119] [29,30,45,50,63,87,100,106] [0,30,46,54,90,106,112,115] [7,11,50,57,77,81,82,88] [14,23,30,52,69,87,108,117] [53,58,66,68,80,100,115,120] [6,11,19,29,69,94,101,108] [18,20,45,50,71,91,95,114] [27,32,51,68,76,77,94,122] [6,44,57,58,82,87,107,112]
Token  45: [16,72,85,98,100,114,119,122] [25,44,52,63,78,103,106,122] [29,42,45,60,65,103,111,127] [5,19,20,25,46,80,93,106] [2,7,11,51,57,60,63,70] [18,31,55,71,93,110,112,119] [39,63,89,96,97,104,115,116] [1,32,33,44,82,94,100,106] [30,32,40,45,67,86,90,123] [17,62,68,76,80,85,100,102] [4,7,12,18,27,63,91,94] [31,45,52,53,56,72,75,90] [2,4,8,27,34,40,61,102] [8,35,43,92,93,106,112,117] [3,14,38,67,68,69,109,125] [17,29,32,40,45,50,58,106] [14,30,80,84,90,106,114,127] [1,7,57,62,75,77,82,100] [22,46,63,87,96,104,115,116] [33,36,44,82,88,94,100,106] [30,32,45,55,67,86,90,123] [17,62,68,76,80,85,100,111] [4,18,19,27,50,63,91,94] [45,53,56,60,72,90,95,99] [2,4,27,30,34,61,102,126] [8,83,92,93,103,106,112,117] [1,3,38,67,68,69,98,109] [17,29,32,40,45,89,120,125] [0,14,30,80,84,90,106,127] [5,7,13,57,73,77,82,88] [22,46,63,66,89,96,115,116] [19,33,44,82,88,94,106,119] [17,30,32,45,67,77,86,102] [7,17,68,76,80,85,100,111] [4,12,18,27,50,63,91,94] [45,53,56,72,90,95,96,120] [2,4,8,27,64,117,126,127] [8,32,38,92,93,103,106,117] [3,12,66,67,69,98,109,125] [17,29,30,40,45,63,106,127] [0,30,48,54,80,90,106,112] [7,44,50,55,57,77,80,88] [14,23,41,52,80,99,108,117] [20,52,58,66,68,100,104,115] [6,29,39,46,57,60,105,111] [29,30,50,54,71,91,95,99] [16,27,32,68,76,77,104,125] [3,8,53,76,87,102,104,112]
Token  46: [7,32,58,72,88,109,117,121] [1,25,27,44,52,63,65,122] [16,29,60,65,78,89,112,127] [19,25,46,71,91,93,111,126] [2,7,11,30,34,53,57,89] [18,55,84,93,103,110,112,114] [39,56,63,87,96,104,115,116] [31,32,33,44,82,94,100,106] [38,45,67,77,83,86,90,123] [0,7,17,68,76,80,102,111] [18,27,50,63,69,78,91,94] [28,53,60,72,90,95,96,99] [2,4,8,27,34,65,115,127] [8,40,58,67,91,103,106,112] [3,15,17,38,53,57,69,115] [16,17,31,32,40,49,101,120] [0,14,80,84,105,114,115,127] [1,7,9,62,77,82,90,103] [34,46,56,63,64,104,105,116] [3,33,44,82,94,100,106,112] [35,44,45,65,67,86,90,127] [10,17,68,80,84,102,111,125] [18,30,50,69,78,83,91,98] [48,60,67,85,92,96,99,125] [2,14,34,61,79,95,102,115] [42,82,91,99,104,106,112,118] [3,8,27,38,53,57,69,109] [6,26,40,58,61,64,75,120] [1,14,50,80,82,84,113,127] [34,61,72,77,78,82,88,103] [9,34,46,63,66,102,104,116] [19,33,44,63,82,94,100,106] [9,35,43,45,67,83,86,90] [7,23,66,68,80,102,104,105] [2,7,18,30,33,50,82,103] [4,21,53,60,78,99,100,111] [4,14,32,34,42,64,92,127] [20,52,61,67,92,93,112,117] [3,12,55,67,68,69,98,109] [16,29,30,32,45,63,106,125] [0,30,42,48,54,90,106,112] [7,11,44,50,55,57,77,80] [23,52,69,80,87,99,108,117] [0,46,52,58,66,100,115,122] [3,6,29,39,46,94,108,111] [8,29,50,65,87,91,95,99] [5,27,32,68,76,94,104,122] [3,4,44,53,74,87,102,107]
Token  47: [27,52,76,88,109,117,121,127] [25,27,52,63,66,97,103,122] [29,42,48,60,65,89,101,112] [19,25,46,66,67,87,93,111] [2,7,11,16,26,57,96,114] [18,36,55,71,93,110,112,114] [6,63,74,89,96,97,104,115] [1,32,33,44,82,89,106,108] [21,30,32,67,86,87,108,123] [17,60,68,76,80,85,100,102] [4,7,18,27,63,91,94,126] [45,53,54,56,95,99,100,121] [2,4,8,27,61,101,117,127] [8,35,47,67,92,97,106,112] [3,14,15,38,57,68,69,125] [11,17,26,29,32,40,50,106] [0,10,14,16,54,84,90,127] [1,50,57,73,77,82,88,122] [17,46,63,87,96,104,115,116] [33,44,56,58,82,88,94,123] [30,32,45,55,77,86,87,90] [0,17,51,68,76,80,85,100] [4,18,19,27,50,63,91,94] [1,31,36,45,53,56,95,110] [2,4,27,34,35,54,64,117] [8,35,38,47,49,53,67,106] [3,14,29,68,69,103,109,125] [17,26,40,45,50,84,99,106] [0,14,30,54,90,97,113,127] [11,13,50,57,73,77,80,114] [17,58,63,87,89,96,115,116] [33,44,58,82,88,94,100,123] [30,32,45,53,72,77,87,90] [17,51,53,68,76,80,85,100] [4,18,19,27,31,50,63,91] [1,45,53,54,56,92,94,95] [2,4,7,27,34,36,64,91] [8,35,38,47,67,91,106,112] [2,3,38,55,68,69,98,109] [2,16,17,30,31,63,106,125] [0,1,14,30,54,90,115,127] [7,11,50,57,77,80,81,89] [14,23,24,30,52,69,87,117] [5,46,58,66,100,115,120,122] [3,6,12,16,29,39,46,94] [2,5,50,65,87,95,99,117] [5,27,32,68,76,94,104,122] [4,14,44,58,74,82,107,112]
Token  48: [13,26,40,52,65,72,98,100] [18,50,63,70,94,100,124,127] [49,53,57,65,84,88,99,104] [19,25,37,51,71,85,86,93] [11,43,79,85,92,96,102,106] [42,55,59,64,71,103,109,112] [35,56,58,63,89,96,115,116] [5,31,33,44,82,94,100,106] [32,44,45,55,67,86,87,123] [0,17,51,62,68,76,80,100] [4,18,26,50,61,63,69,73] [1,26,45,49,52,54,95,115] [2,4,30,34,65,99,115,117] [6,28,40,47,78,91,106,112] [3,20,44,48,55,57,69,125] [17,32,40,63,82,85,106,120] [8,14,54,80,84,114,124,127] [1,9,19,26,72,77,100,124] [14,46,63,88,104,105,115,116] [5,33,44,49,82,94,100,106] [32,35,44,45,65,84,86,121] [9,17,68,76,80,102,110,125] [18,45,50,56,61,91,98,105] [1,24,46,49,54,61,85,92] [2,4,15,34,54,61,99,102] [15,28,35,36,58,78,106,112] [3,14,20,27,48,69,86,125] [6,17,26,32,34,40,85,120] [14,28,39,80,84,93,114,127] [1,72,77,82,93,103,114,124] [22,34,46,63,88,89,115,116] [33,36,44,78,82,94,100,106] [9,35,44,45,55,67,86,127] [10,62,68,80,89,102,104,105] [7,30,37,45,50,70,86,88] [4,52,85,92,94,111,114,126] [17,34,42,61,74,92,95,102] [20,29,36,68,91,104,112,115] [3,20,27,29,55,69,102,125] [11,17,34,40,75,87,100,120] [14,42,48,54,80,84,107,127] [34,53,59,72,77,78,88,105] [8,17,25,39,56,80,111,117] [18,46,56,69,72,74,80,96] [5,6,29,30,34,69,70,94] [29,45,54,71,88,114,117,127] [21,68,74,76,77,90,94,123] [18,45,58,76,84,103,107,109]
Token  49: [11,16,45,72,85,100,114,119] [8,22,63,72,106,119,122,127] [2,16,45,65,78,101,104,127] [2,19,25,29,60,81,86,93] [11,52,64,70,81,83,92,115] [9,25,37,59,64,73,91,97] [34,47,53,63,71,76,89,107] [9,18,24,59,100,106,109,112] [9,38,57,65,72,90,116,127] [0,17,19,49,80,96,122,125] [16,18,26,51,68,69,78,105] [23,24,28,49,54,60,61,125] [2,15,34,56,65,96,99,115] [0,15,19,26,28,58,78,106] [3,17,20,48,69,90,100,110] [16,31,40,49,70,85,101,120] [1,14,39,65,80,81,89,115] [18,19,21,42,55,77,78,83] [24,26,34,39,63,71,105,116] [3,24,49,59,100,106,109,112] [38,65,72,84,101,111,121,127] [0,9,49,87,96,110,122,125] [56,58,61,78,90,94,98,105] [21,23,24,54,61,64,96,125] [15,23,33,49,65,79,96,99] [15,26,28,29,49,58,78,104] [4,48,81,86,89,103,110,115] [16,19,49,59,70,75,120,122] [39,48,65,82,83,89,105,115] [1,18,21,72,75,83,118,120] [24,26,27,34,39,63,89,126] [9,18,28,33,100,106,109,112] [9,15,38,46,65,72,101,121] [0,10,49,70,87,96,110,125] [16,26,30,56,68,78,98,105] [3,4,21,23,64,78,94,125] [2,17,34,52,65,73,85,108] [0,20,78,82,91,103,104,124] [3,49,57,89,94,102,109,125] [11,17,40,48,49,59,75,120] [14,42,50,70,80,87,107,113] [34,59,72,77,82,83,88,105] [8,17,25,33,56,70,80,111] [30,38,61,72,74,80,82,98] [5,6,25,29,82,96,102,104] [29,41,51,73,107,110,114,116] [16,27,35,46,63,76,94,100] [3,46,48,76,87,102,104,110]
Token  50: [7,32,58,72,88,109,117,121] [1,25,27,33,44,63,65,122] [2,12,16,45,101,104,107,127] [19,20,60,71,74,81,100,126] [2,11,30,37,52,53,57,63] [18,74,93,103,110,112,114,119] [22,46,56,63,87,104,111,116] [32,33,44,45,82,94,100,106] [38,45,67,77,83,86,90,123] [0,7,17,68,76,80,102,111] [18,27,50,63,69,78,91,94] [21,28,48,53,60,90,99,124] [2,4,14,27,34,65,115,127] [23,40,82,91,92,103,106,112] [3,15,38,53,55,57,69,115] [16,17,32,40,49,89,120,121] [0,1,14,78,80,105,114,115] [1,35,57,77,82,88,103,112] [34,56,63,64,87,104,105,115] [32,33,49,82,94,100,106,112] [35,44,65,67,86,121,123,127] [7,17,68,76,80,102,111,125] [7,18,30,50,78,83,94,98] [21,46,60,67,85,96,99,115] [2,26,34,42,61,75,80,115] [2,12,42,82,99,104,106,112] [3,10,27,34,53,69,109,111] [11,16,17,40,56,61,102,120] [1,14,33,50,60,78,80,114] [66,72,88,90,93,103,112,117] [9,52,63,83,86,104,110,127] [32,45,60,73,82,100,103,106] [9,35,44,67,86,90,95,123] [62,65,68,80,102,104,111,123] [2,7,18,30,33,45,88,103] [4,15,53,78,79,96,99,104] [9,22,32,33,42,108,111,115] [10,12,20,82,91,104,106,124] [3,53,69,99,102,109,115,125] [11,25,32,33,40,72,75,120] [0,4,42,48,50,80,107,113] [3,13,34,59,77,88,89,105] [8,17,21,25,56,66,87,111] [11,30,69,72,74,80,83,91] [5,6,9,12,25,29,52,107] [29,41,73,88,99,110,114,117] [16,27,32,46,63,94,100,103] [4,7,72,94,99,102,107,113]
Token  51: [35,52,57,76,109,117,123,127] [17,25,27,47,63,72,109,122] [29,48,60,64,65,101,103,104] [20,25,29,71,74,86,93,101] [2,11,16,34,57,64,89,96] [20,55,71,97,103,109,110,112] [39,43,63,89,96,104,115,116] [31,32,33,44,82,94,100,106] [32,45,55,67,72,86,90,123] [8,14,17,26,34,68,80,85] [4,7,18,22,36,42,50,63] [13,45,53,54,60,90,102,110] [2,4,27,30,36,54,77,111] [43,47,85,91,106,110,117,118] [3,49,63,67,68,69,119,125] [17,19,26,34,40,45,50,63] [0,54,84,100,106,114,122,127] [1,7,61,77,82,90,122,124] [22,46,63,89,96,104,115,116] [33,44,82,88,94,100,106,123] [18,32,44,45,55,67,86,123] [14,17,51,62,68,80,102,111] [7,12,18,19,42,50,63,91] [13,31,58,72,85,90,94,110] [2,4,20,30,34,36,69,77] [30,47,68,85,95,99,106,117] [3,27,49,63,69,84,113,125] [11,15,17,34,40,45,50,75] [0,14,34,54,80,106,114,127] [7,13,37,77,82,89,99,124] [22,39,63,66,89,104,115,116] [33,36,44,56,82,94,100,106] [3,18,21,45,50,67,83,90] [8,11,17,68,69,80,85,91] [5,22,28,35,63,67,70,92] [28,52,53,65,72,76,84,120] [4,8,20,22,54,62,92,111] [0,13,47,91,93,103,106,117] [2,19,27,55,67,69,98,109] [26,29,32,40,45,63,125,127] [0,34,48,54,90,106,112,127] [5,7,50,55,57,77,80,82] [23,43,52,58,80,99,108,117] [0,5,58,66,68,98,100,115] [6,29,39,46,102,104,105,108] [29,50,64,71,91,99,113,114] [16,27,32,68,76,94,104,122] [3,53,61,76,80,87,102,113]
Token  52: [46,47,52,76,88,117,123,127] [25,27,44,47,52,63,109,122] [12,29,42,48,60,64,104,127] [18,19,25,28,73,74,86,100] [7,11,16,37,51,53,57,70] [18,51,55,74,93,110,112,119] [20,46,63,87,89,104,111,116] [1,32,33,44,82,94,100,106] [35,67,86,87,88,90,108,123] [0,7,17,67,68,76,80,102] [7,18,25,30,63,69,91,94] [21,53,60,72,90,96,99,100] [2,4,8,14,27,34,65,127] [40,91,92,93,104,106,112,117] [3,15,38,53,57,69,109,115] [3,17,32,40,75,82,89,125] [0,1,14,78,80,84,100,127] [1,77,82,92,100,103,112,121] [46,63,87,104,116,119,124,127] [32,33,44,73,82,94,100,106] [35,44,67,86,88,90,123,124] [7,66,68,71,76,80,102,111] [7,18,23,30,50,71,83,94] [21,22,36,53,60,67,99,100] [2,14,17,34,46,95,115,127] [27,82,92,99,104,106,112,117] [3,36,53,57,66,86,99,115] [3,17,40,56,75,82,91,121] [1,14,50,75,78,80,114,126] [9,13,66,72,82,103,112,121] [3,23,63,86,89,104,109,127] [1,4,32,45,73,82,100,106] [9,17,35,47,61,67,95,123] [24,49,71,80,81,97,99,104] [7,25,30,42,45,71,85,94] [4,36,53,64,78,94,96,117] [2,14,17,42,46,92,95,108] [20,27,85,92,104,106,112,117] [15,23,36,44,53,102,115,125] [11,17,32,40,75,91,121,125] [0,1,42,48,78,80,107,126] [6,13,34,50,59,77,88,105] [8,17,25,33,56,66,70,111] [18,56,72,80,83,91,99,115] [5,6,46,52,102,104,105,108] [29,50,64,88,98,99,110,114] [16,27,32,46,54,94,100,125] [3,4,53,72,76,87,102,107]
Token  53: [24,46,52,76,88,117,123,127] [13,25,27,52,63,97,109,122] [29,36,42,60,64,65,101,104] [19,25,51,60,74,86,93,101] [7,11,16,51,57,60,96,119] [9,20,55,71,103,109,110,112] [17,22,39,63,97,104,115,116] [32,33,36,44,82,94,100,106] [18,30,32,45,67,87,108,123] [17,68,76,80,85,100,102,115] [4,18,27,36,63,91,94,103] [22,45,46,53,54,56,95,100] [2,4,7,23,27,34,35,94] [8,31,85,89,91,106,112,118] [2,3,14,15,38,68,69,81] [16,17,32,40,99,107,120,126] [0,44,54,84,90,108,114,127] [1,50,57,63,77,90,99,108] [17,22,39,46,63,104,115,116] [33,44,82,89,94,100,106,123] [18,30,32,44,45,86,87,90] [17,51,62,68,76,80,85,100] [4,18,19,27,31,36,50,91] [1,45,53,54,56,85,94,95] [2,4,34,35,36,61,64,94] [8,31,35,38,47,95,106,112] [2,3,14,18,27,68,69,81] [2,16,17,26,40,50,99,107] [0,14,44,54,62,80,114,127] [0,11,13,50,57,63,77,108] [17,34,63,88,89,115,116,126] [33,40,44,48,82,89,94,100] [18,27,30,32,35,45,72,90] [17,41,51,62,80,100,102,115] [4,18,27,31,36,50,90,91] [1,45,53,54,56,85,92,95] [1,4,7,34,35,38,94,115] [8,31,47,63,91,106,109,112] [2,3,4,14,18,55,69,81] [2,17,30,31,32,40,61,107] [0,14,54,77,80,108,115,127] [0,11,50,57,63,65,77,103] [14,20,23,24,69,80,117,126] [46,47,53,75,100,120,121,122] [6,11,16,29,69,80,104,110] [5,45,83,86,87,95,99,114] [1,5,10,32,68,71,122,123] [4,14,31,44,74,92,107,127]
Token  54: [40,43,52,65,72,73,98,100] [18,38,63,70,94,100,122,127] [38,40,57,82,84,88,99,109] [6,25,31,37,71,86,93,116] [7,11,40,73,76,85,106,115] [59,61,64,66,73,97,109,125] [56,63,76,83,105,107,115,126] [5,18,33,49,75,100,109,112] [45,57,65,72,84,116,121,127] [0,9,51,62,80,102,110,122] [18,26,50,61,68,78,90,105] [1,3,24,28,49,54,61,125] [15,21,35,56,65,79,99,126] [6,15,26,28,58,78,83,118] [3,4,20,48,55,69,104,110] [16,17,31,40,50,85,99,101] [8,39,89,114,115,122,124,127] [1,18,19,42,78,99,105,123] [34,56,63,88,105,115,116,126] [3,5,33,44,49,59,100,112] [32,35,45,66,72,84,116,121] [0,9,51,76,98,110,122,125] [31,45,50,56,61,78,90,105] [1,3,23,24,49,54,61,92] [15,21,23,34,35,79,96,99] [15,26,28,36,58,78,106,118] [3,4,14,17,20,48,69,86] [2,6,16,40,70,85,101,127] [8,39,48,62,73,81,124,127] [1,19,21,42,55,78,103,118] [24,34,56,63,83,88,105,126] [5,33,49,59,75,100,109,112] [45,65,72,84,90,114,121,127] [9,51,76,98,102,104,110,125] [18,50,56,61,68,78,90,105] [3,23,24,49,54,61,85,125] [21,23,34,65,73,79,96,99] [15,23,28,58,68,78,106,118] [3,17,20,48,55,86,90,100] [17,40,52,70,85,101,103,127] [39,48,73,80,81,84,115,124] [1,9,19,21,42,48,69,103] [23,24,31,64,80,113,114,115] [31,37,46,77,88,100,104,120] [6,8,53,73,90,98,102,104] [2,22,27,32,45,87,101,114] [5,11,34,52,55,63,98,118] [20,57,73,74,77,86,105,109]
Token  55: [14,21,50,51,57,103,106,110] [3,6,9,28,33,62,95,122] [12,41,84,90,100,122,125,127] [4,23,39,71,87,95,117,127] [7,11,23,50,56,58,83,86] [18,31,47,51,68,105,110,119] [26,56,58,63,87,104,112,116] [5,33,36,44,82,94,100,106] [36,44,45,72,86,109,123,127] [0,8,32,65,68,80,102,122] [7,18,26,29,30,36,50,69] [48,53,54,60,63,69,85,109] [2,23,24,65,73,79,85,107] [23,26,31,66,68,82,83,118] [3,4,11,16,55,69,105,110] [16,17,23,40,72,99,103,120] [14,80,81,115,119,122,124,127] [1,18,75,78,82,90,99,103] [34,56,63,83,104,116,122,126] [3,24,33,59,75,82,100,112] [35,45,65,66,72,116,121,127] [0,9,10,80,98,110,122,125] [26,29,56,61,73,90,98,105] [23,24,26,49,54,61,109,125] [15,23,24,73,79,96,99,107] [15,26,28,31,80,82,91,118] [4,16,48,55,69,89,105,110] [0,16,40,50,59,70,72,120] [12,14,48,80,81,89,119,127] [1,4,18,78,83,90,99,103] [34,56,58,63,89,105,107,126] [3,24,33,59,75,100,106,112] [36,65,66,72,90,109,114,127] [0,32,65,80,84,96,98,122] [16,18,36,50,51,69,90,98] [3,53,54,59,60,63,69,109] [2,23,24,34,61,73,79,114] [23,66,82,91,98,106,113,118] [3,16,53,55,57,69,90,105] [9,16,17,31,40,61,72,120] [12,14,30,80,84,115,119,127] [2,9,35,66,78,82,90,103] [18,23,27,68,80,93,102,115] [6,29,36,46,87,100,104,120] [6,14,20,27,48,69,98,104] [22,27,32,45,58,70,80,114] [52,55,60,63,75,101,115,117] [36,47,66,86,88,120,123,124]
Token  56: [28,51,83,87,91,112,124,125] [9,16,29,45,48,67,68,122] [4,23,36,42,67,76,100,125] [3,12,70,73,92,101,112,114] [7,11,28,37,38,50,83,119] [10,35,63,74,87,93,103,119] [23,46,63,104,111,115,116,118] [2,32,33,44,82,94,100,106] [15,18,20,35,44,67,86,123] [0,32,35,65,66,68,80,102] [18,30,50,69,91,103,109,111] [8,22,42,48,53,60,69,96] [2,26,34,41,65,73,85,115] [13,68,78,82,83,91,106,110] [3,11,16,53,55,63,69,102] [16,17,31,38,40,50,72,120] [14,42,60,80,84,110,115,122] [1,46,52,77,78,82,90,94] [13,46,63,96,104,116,119,126] [2,33,44,75,82,94,100,106] [5,18,35,45,67,72,86,114] [0,32,51,65,66,68,80,111] [16,29,36,50,75,103,109,111] [8,11,14,31,53,54,60,63] [21,23,26,28,34,57,79,85] [23,50,78,82,91,98,110,118] [3,4,16,29,83,89,102,110] [5,6,16,40,50,72,79,99] [14,55,60,80,94,108,110,122] [4,13,46,52,78,94,99,103] [13,34,41,58,63,89,116,126] [2,33,44,56,82,94,100,106] [18,36,45,67,72,86,90,127] [0,32,65,66,68,80,102,111] [18,30,36,50,69,103,109,113] [8,22,53,60,64,69,85,115] [2,26,34,42,61,73,80,115] [13,41,68,76,82,91,106,118] [3,16,53,55,60,69,80,102] [9,16,17,40,51,60,61,120] [14,60,80,84,108,110,115,127] [15,36,46,52,64,78,103,122] [23,24,49,68,80,90,115,125] [12,19,49,80,100,104,121,125] [6,11,23,45,88,98,99,104] [17,22,26,45,46,76,112,114] [29,30,39,52,60,81,104,105] [15,35,52,71,74,95,111,127]
Token  57: [0,16,51,53,70,97,104,120] [20,24,34,62,76,86,107,122] [14,72,81,87,92,100,116,125] [12,13,23,25,32,76,105,117] [0,11,23,25,38,74,83,89] [31,47,68,79,80,97,107,119] [26,41,56,58,63,111,115,116] [24,33,44,82,87,94,100,106] [18,36,44,45,64,72,86,127] [0,32,51,65,68,80,94,102] [14,18,29,36,50,69,113,116] [3,28,30,48,54,60,63,69] [21,23,26,53,65,73,79,85] [26,33,44,68,78,82,83,118] [3,4,11,29,55,63,69,80] [2,5,16,17,31,40,50,60] [7,14,40,60,89,115,122,127] [1,18,52,55,77,78,90,99] [13,26,34,63,89,116,122,126] [5,24,59,75,87,100,112,123] [5,35,45,53,57,65,72,114] [0,10,38,51,85,94,98,122] [3,16,19,29,31,36,68,90] [30,31,54,60,62,63,65,103] [21,23,24,28,35,79,85,107] [26,47,73,78,82,91,95,118] [4,14,69,80,81,89,107,110] [2,5,6,16,26,40,50,120] [7,14,40,48,60,89,122,127] [18,52,53,77,78,90,99,123] [26,34,41,58,63,89,115,126] [24,33,56,75,87,94,100,123] [5,18,35,45,55,64,72,127] [0,17,51,62,76,80,94,98] [18,19,26,36,50,68,69,90] [8,39,52,54,60,63,65,85] [21,23,34,42,53,73,79,115] [13,44,68,75,82,83,106,118] [3,29,53,55,57,69,79,80] [9,17,40,50,58,60,61,120] [7,14,15,40,80,84,115,127] [9,15,52,53,78,80,90,103] [23,24,37,59,68,73,80,125] [20,43,46,81,96,100,104,120] [6,37,39,45,54,80,98,104] [22,45,46,63,80,104,112,114] [39,52,55,63,82,84,105,124] [10,27,32,35,52,90,95,108]
Token  58: [3,28,29,62,77,80,111,126] [11,24,45,62,76,78,86,122] [36,42,72,77,115,119,121,125] [1,11,20,25,76,101,105,119] [0,11,39,40,74,83,97,119] [1,30,55,60,80,97,103,122] [46,63,64,104,111,112,115,116] [33,36,44,82,87,94,100,106] [18,27,44,45,55,67,72,86] [0,17,44,62,68,80,94,102] [1,14,18,29,36,50,69,120] [22,48,60,68,69,86,93,120] [23,27,53,65,73,79,85,102] [24,33,44,68,75,83,106,118] [3,4,9,11,29,55,62,69] [2,17,26,31,40,50,79,99] [29,40,80,84,111,115,122,127] [1,53,77,78,82,84,90,103] [46,63,89,96,104,115,116,126] [9,33,36,44,82,87,94,100] [18,24,27,45,55,72,86,127] [0,17,51,62,68,76,80,94] [18,19,29,36,50,77,90,120] [5,31,52,53,54,60,68,120] [20,23,27,28,79,85,102,107] [24,33,49,68,82,83,91,118] [3,10,29,62,63,69,101,110] [2,17,26,38,40,63,99,120] [14,29,30,111,114,122,123,127] [53,65,77,78,82,84,90,103] [14,22,46,58,63,89,116,126] [5,33,36,44,82,94,100,106] [18,27,32,35,45,72,86,127] [17,68,76,80,94,98,102,105] [18,19,36,50,69,90,91,120] [54,60,68,69,85,86,115,120] [2,21,23,34,53,73,79,102] [24,44,49,68,83,91,106,118] [3,10,11,29,55,57,62,69] [16,17,31,40,46,58,89,120] [14,23,29,80,111,115,123,127] [53,77,78,81,84,90,103,121] [23,24,28,55,68,75,80,115] [5,8,46,96,100,104,120,121] [3,6,13,69,80,98,104,110] [5,22,27,45,47,83,114,117] [10,45,52,55,68,76,77,117] [11,27,31,54,86,90,112,127]
Token  59: [0,31,61,69,81,93,101,107] [26,45,60,62,83,86,91,122] [68,72,92,103,116,117,123,125] [1,20,25,99,100,106,117,119] [0,11,83,89,91,100,102,110] [30,31,35,55,80,97,111,119] [39,41,46,63,104,115,116,119] [5,33,44,72,82,94,100,106] [27,28,45,55,67,72,86,99] [0,21,68,76,80,85,102,105] [1,14,18,36,50,69,84,116] [13,15,22,48,54,58,69,120] [4,18,23,27,28,69,78,85] [13,31,44,55,68,83,85,121] [3,10,11,28,29,38,55,69] [3,5,23,34,40,50,84,100] [14,20,84,98,105,121,122,127] [1,14,30,45,78,90,97,124] [22,39,46,63,89,104,116,126] [5,33,40,44,72,82,94,100] [28,32,35,45,66,72,86,99] [0,17,68,76,80,98,102,105] [14,18,19,36,50,69,90,91] [13,26,31,48,54,58,85,90] [23,27,34,61,69,79,102,107] [30,33,68,80,83,106,118,121] [3,10,29,38,57,63,69,101] [3,6,17,26,34,40,100,121] [14,24,30,80,84,105,121,127] [1,9,30,77,78,82,90,114] [14,22,63,89,104,116,124,126] [5,33,36,44,61,82,88,94] [32,35,37,45,66,67,72,86] [17,57,68,76,80,98,102,105] [14,18,50,83,85,90,91,94] [13,26,54,58,60,85,90,96] [2,23,27,69,79,102,107,126] [13,33,68,83,93,106,118,121] [3,10,29,38,55,57,66,69] [3,16,26,34,40,89,100,120] [1,20,30,80,105,115,121,127] [1,14,30,45,77,78,90,97] [14,21,23,55,80,101,115,119] [4,5,26,36,46,100,104,120] [6,47,54,69,71,98,104,108] [22,27,45,54,104,114,117,127] [14,52,55,60,63,67,101,117] [3,32,34,55,58,86,112,117]
Token  60: [33,64,75,86,87,91,101,110] [9,16,28,60,63,90,122,126] [4,42,46,57,60,64,83,104] [21,24,37,71,73,80,100,106] [5,7,11,51,57,60,70,102] [31,43,55,63,93,115,119,122] [14,39,63,89,104,116,119,124] [5,19,32,33,44,82,94,106] [10,21,32,35,45,67,86,123] [7,8,17,35,68,76,80,102] [15,18,33,50,82,85,91,124] [18,48,54,85,94,97,100,122] [2,14,27,30,34,61,67,102] [40,62,68,87,92,106,112,120] [3,15,38,44,49,53,57,69] [3,17,32,40,54,89,120,125] [1,4,14,30,80,84,108,127] [1,9,36,77,81,82,100,112] [14,22,46,63,89,104,116,124] [5,21,33,40,44,82,88,94] [32,35,45,61,67,86,100,104] [7,8,17,24,35,68,76,80] [15,18,33,50,82,85,91,124] [1,18,25,48,54,73,97,100] [2,4,14,34,61,67,102,112] [62,87,89,92,106,112,120,127] [3,15,38,49,55,57,69,71] [17,32,40,54,89,121,125,126] [4,14,30,44,80,84,93,127] [9,36,77,78,81,82,92,100] [14,22,46,63,89,104,116,124] [5,33,40,44,61,82,88,94] [10,32,35,37,45,72,86,100] [0,7,8,17,41,68,76,102] [15,18,19,50,69,82,91,124] [1,25,54,73,85,94,100,115] [0,2,14,27,67,102,112,126] [57,62,63,68,87,91,106,112] [3,15,38,49,55,60,69,71] [2,17,31,32,40,100,125,126] [29,30,44,54,77,93,115,127] [0,26,36,63,65,77,81,82] [14,23,24,49,68,80,115,126] [5,46,47,56,68,100,120,121] [6,11,29,69,80,98,104,110] [5,22,27,45,47,83,87,117] [5,10,51,52,55,68,71,117] [15,21,23,31,44,82,86,127]
Token  61: [31,32,47,53,69,93,120,122] [13,25,45,52,63,83,91,122] [12,68,72,104,116,117,123,125] [1,20,37,71,89,93,101,106] [11,43,63,79,83,91,102,111] [30,49,55,97,103,111,119,125] [14,39,46,63,89,96,115,116] [5,33,36,44,72,82,94,106] [10,27,45,55,72,86,99,123] [14,17,43,62,68,76,80,105] [14,18,50,69,83,91,94,113] [1,13,54,58,69,115,120,122] [2,4,27,34,66,69,102,126] [32,33,44,68,79,91,106,121] [3,11,28,38,55,57,69,125] [3,17,34,40,45,84,100,120] [14,80,84,90,105,114,121,127] [1,7,9,45,61,77,78,124] [14,46,63,96,104,115,116,124] [5,33,36,44,72,82,94,100] [27,32,35,45,55,72,86,99] [17,62,68,76,80,97,102,105] [18,19,31,33,50,69,91,113] [1,20,54,58,72,85,90,99] [2,30,35,61,66,69,102,126] [33,44,47,68,95,106,117,121] [3,4,29,38,55,63,69,125] [2,17,34,38,40,45,100,120] [14,30,84,90,112,114,121,127] [1,5,7,61,77,80,82,114] [22,46,63,96,104,115,116,124] [21,33,36,40,44,82,94,100] [32,35,44,45,72,86,99,114] [17,50,68,76,80,102,105,111] [14,18,19,31,50,63,69,91] [1,13,54,58,72,85,90,115] [2,4,35,36,66,69,71,126] [32,33,68,79,93,106,117,121] [3,55,63,67,69,98,101,119] [16,30,34,40,45,100,120,127] [30,48,54,76,80,112,115,121] [7,14,45,61,77,80,82,97] [21,23,65,80,101,108,115,117] [4,5,46,65,66,100,115,120] [6,29,46,54,69,71,98,104] [20,22,30,45,50,54,71,114] [27,52,55,60,67,68,77,117] [20,32,34,55,58,73,112,117]
Token  62: [6,14,33,75,87,91,110,123] [24,45,60,63,65,72,75,122] [4,46,60,64,65,72,92,104] [5,20,23,25,60,93,103,106] [2,11,57,64,83,89,96,102] [30,43,55,71,97,99,103,112] [14,39,63,87,89,96,104,115] [31,32,33,36,44,82,94,100] [30,32,44,45,55,86,90,123] [0,17,62,68,76,80,85,100] [12,18,27,31,50,69,91,94] [45,48,56,60,72,75,90,120] [2,4,8,27,34,36,60,127] [0,8,29,43,68,91,106,110] [3,14,38,63,67,68,69,119] [17,30,32,40,45,54,84,106] [1,4,46,48,84,90,114,127] [1,5,11,57,77,82,99,114] [17,39,46,63,87,96,104,115] [5,33,48,58,82,94,100,125] [18,30,32,44,45,55,86,114] [0,7,17,47,62,76,85,100] [2,4,12,18,27,31,36,50] [1,45,54,56,60,72,85,94] [2,4,34,35,36,46,61,64] [8,38,43,47,63,67,106,117] [3,14,63,67,68,69,73,119] [17,29,30,40,45,100,106,120] [0,4,46,90,106,112,114,127] [7,11,57,77,80,88,114,123] [17,39,58,87,89,96,112,115] [33,48,58,61,82,88,94,100] [30,32,44,45,72,77,90,114] [0,17,51,62,76,80,85,100] [4,12,18,27,31,36,69,91] [28,45,54,56,72,94,95,100] [4,8,24,35,36,64,71,93] [8,35,47,67,92,106,112,117] [3,15,55,67,68,69,98,109] [2,31,45,50,63,100,106,125] [0,30,46,54,90,106,112,115] [7,11,54,57,77,81,82,88] [23,33,52,69,86,87,108,117] [24,53,66,68,99,100,115,120] [9,11,29,94,101,104,108,114] [18,20,45,48,50,63,71,81] [27,32,33,51,68,76,77,94] [23,28,44,57,58,82,107,112]
Token  63: [16,72,85,98,100,114,119,122] [25,52,63,72,78,89,106,122] [16,29,42,45,60,65,78,127] [5,19,25,28,37,93,103,106] [2,7,11,37,57,60,63,70] [18,45,55,71,93,103,110,112] [39,63,89,96,97,104,115,124] [31,33,40,44,82,94,106,125] [30,32,45,55,86,90,108,123] [17,68,76,80,85,92,100,102] [4,12,18,27,63,91,94,126] [31,36,52,56,72,75,90,95] [2,4,8,27,40,61,64,102] [8,87,91,92,93,106,112,117] [2,3,14,67,68,69,113,125] [17,32,40,45,50,58,63,125] [1,30,80,84,90,106,114,127] [1,5,7,57,75,77,82,114] [39,46,63,96,104,115,116,124] [21,33,44,82,88,94,100,106] [30,32,45,55,67,86,90,100] [17,62,68,76,80,85,100,102] [4,7,18,27,50,63,91,94] [36,45,53,56,60,72,90,95] [2,4,27,34,46,61,102,126] [8,83,92,93,103,106,112,117] [3,38,44,63,68,69,98,109] [17,29,40,45,75,89,120,125] [0,1,14,80,84,90,106,127] [5,7,22,57,77,82,88,114] [22,46,63,96,104,115,116,124] [21,33,40,44,61,82,88,94] [30,32,45,67,77,86,90,102] [17,67,68,76,80,85,100,102] [4,12,18,27,50,63,91,94] [45,53,60,72,90,95,96,120] [2,4,8,27,61,64,126,127] [0,8,38,51,93,103,106,117] [3,55,66,67,69,98,109,119] [29,40,45,50,63,106,125,127] [0,1,48,54,90,106,112,127] [7,50,55,57,77,82,105,114] [14,23,52,80,87,99,108,117] [0,5,20,58,66,100,115,120] [2,6,29,46,57,104,108,111] [40,45,50,54,71,91,114,117] [16,27,32,57,68,76,93,125] [3,8,53,76,87,102,104,112]
Token  64: [7,32,58,72,88,109,117,121] [1,25,27,52,63,65,97,122] [16,29,60,65,78,89,95,127] [19,25,46,68,91,93,111,126] [2,7,11,16,30,52,57,96] [18,64,74,93,103,110,112,114] [25,39,56,58,63,87,104,115] [31,32,33,44,82,94,100,106] [38,45,67,72,83,86,90,123] [0,7,17,68,80,102,111,122] [18,27,50,63,69,78,91,94] [3,21,28,53,60,72,96,99] [2,4,27,34,65,102,115,127] [8,15,23,26,28,42,91,106] [3,15,23,53,55,69,110,115] [3,17,23,32,40,82,101,120] [0,14,50,80,84,114,115,127] [1,7,19,57,77,78,90,103] [46,56,63,64,104,105,115,116] [33,44,49,82,94,100,106,112] [44,45,65,67,84,86,121,124] [9,62,68,80,102,110,111,125] [18,45,50,56,61,78,98,105] [23,24,49,60,61,85,96,125] [2,15,34,61,79,96,99,102] [15,28,42,58,83,99,106,118] [3,10,27,48,53,69,86,109] [0,6,17,26,40,64,75,120] [1,14,80,81,84,113,114,127] [9,72,77,82,83,88,90,103] [22,46,63,89,99,104,116,124] [21,27,33,44,82,94,100,106] [9,21,44,45,55,67,86,90] [24,57,65,68,80,96,102,111] [7,18,30,50,88,91,98,113] [4,53,69,78,85,96,104,115] [2,4,34,42,61,64,92,102] [8,20,52,67,92,93,106,117] [3,55,67,68,69,98,109,119] [16,29,30,40,45,63,106,125] [0,1,30,48,54,90,106,112] [7,44,50,55,57,73,77,80] [23,52,69,80,87,99,108,117] [0,5,20,46,58,66,100,115] [2,25,29,39,46,104,108,111] [29,50,54,65,91,92,95,99] [5,27,32,46,68,76,94,122] [3,4,44,53,74,87,102,107]
Token  65: [27,52,76,88,109,117,121,127] [25,27,52,57,63,66,97,122] [29,42,48,60,65,89,101,112] [19,20,25,60,87,93,111,119] [2,7,8,11,16,26,57,96] [18,43,55,71,93,99,112,114] [17,39,63,89,96,97,104,115] [31,33,36,40,44,82,89,94] [30,32,45,67,86,87,90,108] [0,17,51,62,76,80,85,100] [4,7,12,18,27,63,91,94] [17,31,45,48,54,56,95,99] [2,4,8,27,61,64,117,127] [8,35,47,67,91,92,106,112] [3,14,38,67,68,69,119,121] [17,29,32,40,45,50,63,125] [0,10,14,54,62,84,90,127] [1,50,57,73,77,82,114,122] [17,39,46,63,96,104,115,116] [32,33,44,58,82,88,94,100] [30,32,45,55,77,86,87,90] [17,51,62,68,76,80,85,100] [4,12,18,19,27,31,50,91] [31,36,45,53,54,56,72,95] [2,4,27,30,34,35,64,117] [8,35,38,47,67,92,106,112] [3,14,67,68,69,98,109,119] [17,26,29,40,45,50,75,120] [0,48,54,90,97,103,112,127] [11,13,50,57,73,77,80,114] [17,58,63,87,96,104,115,116] [33,40,44,58,88,94,100,123] [30,32,45,53,72,77,87,90] [0,13,17,51,76,80,85,100] [4,12,18,27,31,50,63,91] [1,39,45,54,56,72,85,95] [2,4,7,34,35,64,91,117] [8,35,38,47,67,91,103,106] [3,38,55,67,68,69,98,109] [2,16,17,29,30,31,63,125] [0,1,30,48,54,90,115,127] [7,11,44,50,57,77,80,81] [23,24,30,52,69,87,108,117] [5,30,46,58,66,115,120,122] [2,6,16,25,29,94,104,108] [5,50,65,87,95,99,117,121] [27,32,68,76,77,94,104,122] [4,44,53,58,74,107,112,113]
Token  66: [13,26,52,65,72,98,100,102] [18,50,63,70,94,100,124,127] [49,53,65,82,84,88,99,104] [19,25,37,51,71,86,93,94] [2,43,79,85,92,96,102,106] [42,55,59,64,71,103,109,112] [35,56,58,63,96,115,116,126] [5,9,31,33,82,84,94,100] [32,45,55,72,86,87,90,123] [0,14,17,51,62,68,76,80] [4,18,27,50,54,69,73,98] [1,26,45,49,52,54,60,95] [2,4,27,30,34,65,85,99] [6,15,28,47,58,78,91,106] [3,20,32,38,48,69,81,125] [17,32,40,63,85,106,120,121] [54,80,84,90,100,114,115,127] [1,19,72,77,80,99,121,124] [14,46,63,88,89,105,115,116] [5,33,36,44,49,82,94,100] [27,32,35,44,45,84,86,121] [9,17,68,76,79,97,110,125] [18,19,31,33,50,61,91,105] [1,24,45,49,54,61,85,92] [15,34,35,36,61,67,99,102] [15,28,35,78,106,112,115,125] [3,14,20,27,32,48,69,107] [5,6,16,17,26,32,40,48] [14,28,39,54,62,97,114,127] [13,72,75,77,80,93,100,118] [14,22,34,88,89,96,105,126] [5,33,40,49,61,89,112,123] [32,35,45,50,84,86,90,121] [9,13,23,76,98,105,110,125] [19,31,50,61,70,73,82,90] [1,23,49,54,72,85,100,120] [4,33,34,36,43,67,92,123] [13,20,47,78,87,93,112,117] [14,15,20,32,55,69,98,125] [16,26,32,40,52,63,75,125] [1,28,42,48,54,106,115,127] [1,7,34,50,61,72,77,80] [17,23,39,47,69,108,115,117] [5,30,46,53,58,83,115,120] [3,16,25,26,29,46,104,108] [29,38,40,45,54,71,95,98] [26,27,63,76,77,94,123,125] [18,58,69,76,84,107,109,112]
Token  67: [11,16,45,72,85,100,114,119] [22,63,70,72,106,119,122,127] [2,16,45,65,78,101,104,127] [19,25,29,60,74,81,86,93] [11,52,64,70,81,83,92,115] [8,9,25,37,59,64,73,91] [24,34,47,53,63,71,76,107] [9,18,24,59,100,106,109,112] [9,38,45,57,65,72,90,127] [0,17,19,49,80,96,122,125] [16,26,51,68,69,78,105,116] [3,24,28,49,54,60,61,125] [2,15,56,65,96,99,105,115] [0,15,19,23,26,28,58,78] [3,4,17,20,48,69,100,110] [16,40,49,59,70,85,101,120] [1,14,39,65,80,81,89,115] [18,21,33,42,55,77,78,83] [8,24,26,34,41,63,105,116] [6,18,24,49,62,100,106,112] [38,46,65,72,84,101,121,124] [0,9,10,49,96,110,122,125] [26,47,56,58,61,90,94,98] [21,23,24,54,61,64,96,125] [9,15,23,49,56,65,96,99] [0,15,26,28,49,58,92,104] [1,4,22,48,81,89,107,110] [16,41,49,59,75,120,122,127] [39,48,65,82,83,89,105,115] [1,18,21,50,55,72,75,93] [24,26,34,52,59,70,83,89] [30,36,43,100,103,106,109,123] [9,15,41,46,72,84,90,121] [10,16,23,49,54,57,65,96] [5,7,26,47,88,112,113,119] [4,29,37,64,66,78,99,121] [9,17,42,46,74,82,95,108] [0,20,27,47,78,104,124,125] [1,7,30,36,37,38,76,125] [7,8,11,46,48,49,75,120] [1,12,42,48,50,105,107,113] [1,13,34,59,82,88,105,123] [8,17,25,56,66,70,111,114] [10,18,69,72,80,82,99,111] [5,9,12,25,29,42,51,103] [29,41,51,73,77,98,110,117] [16,27,43,46,76,93,100,106] [3,46,48,76,87,102,104,110]
Token  68: [7,32,58,72,88,109,117,121] [1,25,27,44,52,63,65,122] [12,16,81,95,101,104,107,127] [20,60,71,72,75,81,100,126] [7,11,30,52,53,57,63,70] [17,18,59,64,74,103,110,114] [22,34,56,58,63,71,87,104] [24,31,33,59,82,100,106,109] [38,45,65,67,72,86,90,127] [0,17,49,76,80,102,111,122] [18,26,50,51,68,69,78,98] [3,24,28,48,53,54,60,125] [2,15,34,56,65,79,115,127] [15,23,26,28,58,82,91,106] [3,17,20,48,55,69,110,115] [6,16,17,32,40,61,85,101] [14,39,48,80,81,105,114,115] [1,19,21,42,77,78,88,103] [34,56,58,63,83,88,105,115] [3,33,49,75,82,100,106,112] [35,44,65,72,84,116,121,127] [0,9,10,80,110,111,122,125] [18,26,50,56,61,78,98,105] [23,24,28,49,54,61,96,125] [2,15,34,65,79,80,96,99] [15,26,28,42,58,104,106,118] [4,17,20,48,69,86,107,110] [0,16,40,59,70,75,79,120] [39,48,73,80,81,82,103,115] [1,21,72,75,77,83,93,103] [24,34,56,63,83,105,115,126] [3,33,49,75,94,100,109,112] [9,44,65,72,84,116,121,127] [0,9,13,65,80,110,122,125] [50,56,61,68,78,86,90,105] [3,23,24,49,54,82,92,125] [23,33,34,65,73,79,96,108] [20,42,52,68,92,104,112,124] [3,15,53,57,74,83,102,125] [11,17,32,40,48,58,75,120] [14,32,35,42,48,80,107,113] [1,13,34,59,78,83,88,105] [17,25,33,56,66,70,111,114] [18,30,72,74,80,82,83,99] [5,6,25,29,104,107,114,127] [3,29,41,73,77,110,114,117] [15,16,33,35,43,46,94,100] [4,53,61,72,84,102,107,113]
Token  69: [35,52,57,76,109,117,123,127] [25,27,44,47,52,63,109,122] [29,48,60,64,65,92,101,103] [20,25,29,64,71,74,93,101] [2,11,16,46,57,64,89,96] [20,55,71,93,103,109,110,112] [17,39,43,63,96,104,115,126] [31,33,36,44,82,94,100,106] [32,45,55,67,72,86,87,90] [11,14,17,26,34,68,80,85] [4,5,7,12,18,36,42,63] [45,53,54,60,76,90,95,110] [2,4,18,27,54,71,92,111] [43,47,85,91,93,106,110,117] [3,38,49,63,67,68,69,125] [15,17,19,26,34,40,45,50] [0,1,54,84,90,100,106,127] [1,7,50,77,82,114,122,124] [39,46,63,96,104,115,116,124] [33,44,82,88,94,100,106,123] [18,32,45,55,67,72,86,123] [14,17,51,62,68,80,85,111] [7,12,18,19,50,63,91,102] [13,31,45,58,72,90,94,110] [2,4,30,34,69,77,92,111] [43,47,85,95,106,110,117,126] [3,27,29,63,67,69,84,98] [11,17,34,40,45,50,120,125] [0,1,14,54,90,106,114,127] [5,7,37,50,77,82,99,114] [22,39,63,89,104,115,116,124] [33,36,40,44,82,94,100,106] [32,40,44,45,55,72,86,90] [13,17,68,76,80,85,102,115] [4,12,18,19,36,50,63,91] [45,53,60,72,85,95,102,110] [4,8,27,34,35,36,102,126] [13,31,47,91,93,103,106,117] [3,27,55,67,68,69,98,109] [16,26,29,40,45,63,125,127] [0,1,46,48,54,90,106,112] [5,7,50,55,57,77,80,82] [23,52,58,80,87,99,108,117] [5,38,53,58,66,98,100,115] [2,29,46,78,94,102,104,108] [18,50,64,71,91,98,99,117] [16,27,32,74,76,93,94,122] [3,53,61,76,80,87,102,107]
Token  70: [46,47,52,76,88,117,123,127] [25,27,44,47,52,63,109,122] [12,29,42,48,60,64,104,127] [18,19,25,68,73,74,86,100] [7,11,16,37,51,53,57,70] [18,51,55,74,93,110,112,119] [20,46,63,87,104,111,116,124] [19,32,33,44,82,94,100,106] [35,45,67,86,88,90,108,123] [0,7,17,67,68,76,80,102] [7,18,30,50,63,69,91,94] [21,53,60,72,90,96,99,100] [2,4,8,14,27,34,65,127] [40,58,91,92,104,106,112,117] [3,15,38,53,55,57,69,115] [3,6,17,32,40,89,120,121] [0,1,14,50,78,80,84,127] [1,9,35,77,82,103,112,121] [23,46,63,86,87,104,116,127] [32,33,45,73,82,94,100,106] [17,35,44,61,67,86,123,124] [7,49,68,71,76,80,102,111] [18,30,45,50,83,85,91,94] [53,60,64,67,69,78,99,115] [2,9,14,34,43,46,95,102] [42,82,92,93,99,104,106,112] [3,38,53,57,66,86,111,115] [17,32,37,40,58,75,120,121] [1,11,14,75,78,80,105,113] [1,9,72,82,90,93,103,112] [3,23,52,54,63,64,104,127] [31,32,33,44,73,82,100,106] [9,15,17,44,61,67,90,92] [65,66,71,80,99,102,111,123] [7,18,30,50,85,91,103,126] [4,28,60,78,85,94,99,121] [2,14,32,39,42,46,95,108] [20,27,29,92,93,104,106,112] [3,14,15,53,102,104,115,125] [0,11,16,32,40,75,121,125] [0,1,42,80,97,105,107,113] [1,34,50,59,73,77,88,105] [4,8,17,25,28,56,111,117] [7,56,66,68,75,83,115,120] [5,9,11,29,46,104,105,111] [29,50,64,73,77,88,99,117] [16,27,32,46,76,93,94,125] [3,4,8,53,72,87,102,107]
Token  71: [24,46,52,76,88,117,121,127] [13,25,27,38,52,63,97,122] [29,36,42,60,64,65,101,104] [19,25,29,60,74,91,93,100] [7,11,16,51,57,60,70,96] [9,20,43,55,71,103,110,112] [17,39,63,96,97,104,115,124] [31,33,40,44,82,89,94,100] [30,32,45,67,86,87,90,108] [17,62,68,76,80,85,100,102] [4,12,18,27,50,63,91,94] [1,45,46,53,54,56,95,100] [2,4,7,27,30,34,61,94] [8,31,47,67,91,106,112,118] [2,3,15,18,23,68,69,119] [16,17,30,32,40,45,89,120] [0,54,80,84,90,108,114,127] [1,11,36,50,57,77,82,108] [17,22,46,63,89,104,115,116] [33,36,44,48,82,94,100,106] [30,32,44,45,55,86,87,90] [17,62,68,76,80,85,100,102] [2,4,18,19,27,31,50,91] [1,45,53,54,56,85,94,95] [2,4,30,34,35,61,64,117] [8,31,38,47,67,106,112,115] [3,14,15,18,27,68,69,81] [2,16,17,26,32,40,120,122] [0,14,44,54,62,108,114,127] [0,11,50,57,63,65,77,108] [17,58,89,96,115,116,118,126] [33,36,40,44,48,94,100,123] [30,32,35,44,45,55,72,90] [17,41,62,76,80,85,100,102] [4,18,19,27,31,50,68,91] [1,45,53,54,56,60,85,95] [2,4,34,35,38,67,94,117] [8,31,47,63,95,106,109,112] [2,3,4,18,55,68,69,81] [2,17,30,31,40,61,107,120] [0,44,54,77,80,108,115,127] [0,11,50,57,63,65,77,103] [14,20,23,24,69,80,115,126] [46,47,53,56,100,120,121,122] [6,11,29,47,80,94,104,110] [5,22,45,47,83,87,95,99] [1,5,10,32,68,71,76,123] [4,14,31,44,74,92,107,127]
Token  72: [40,43,52,65,72,73,98,100] [18,38,63,70,94,100,122,127] [38,40,57,82,84,88,99,109] [6,31,71,85,86,93,101,116] [7,11,40,76,83,85,106,115] [59,61,64,66,73,97,109,125] [35,56,63,83,105,107,115,126] [5,18,33,49,75,100,109,112] [45,57,65,72,84,121,123,127] [0,9,17,62,80,102,110,122] [18,26,50,61,68,78,90,105] [1,24,49,53,54,61,95,125] [15,34,35,56,65,79,99,126] [6,15,26,28,33,58,106,118] [3,4,17,20,48,55,69,81] [16,17,19,31,40,85,99,101] [8,39,81,114,115,122,124,127] [1,19,42,77,78,99,105,123] [34,56,63,83,105,115,116,126] [5,33,36,49,82,94,100,112] [32,35,44,45,72,84,121,127] [9,17,62,68,76,98,110,125] [18,19,31,50,56,61,90,105] [1,23,24,45,49,54,61,92] [15,21,23,34,35,79,96,99] [15,26,28,33,58,78,106,118] [3,14,20,27,32,48,69,86] [2,16,40,59,70,85,101,127] [8,39,48,62,73,81,124,127] [1,19,21,42,55,80,103,118] [24,34,56,83,88,105,115,126] [5,33,48,49,75,100,112,123] [35,45,65,66,72,84,121,127] [9,13,16,51,85,98,110,125] [50,51,56,61,68,78,90,105] [1,3,23,24,54,61,85,125] [15,21,23,34,73,79,96,99] [15,23,28,33,58,68,106,118] [3,4,17,20,48,55,86,100] [17,40,52,70,85,101,103,127] [39,48,73,80,81,115,124,127] [1,9,19,21,42,48,69,103] [23,24,31,64,80,113,114,115] [31,37,46,77,88,100,104,120] [6,8,53,73,90,98,102,104] [2,22,27,32,45,87,101,114] [5,11,34,52,55,60,63,118] [20,57,73,74,77,86,105,109]
Token  73: [14,21,50,51,57,103,106,110] [3,6,9,28,33,62,95,122] [12,41,84,90,100,122,125,127] [4,23,39,67,71,87,95,117] [7,11,23,50,56,58,83,86] [18,31,47,51,68,105,110,119] [26,39,56,58,63,87,104,116] [5,33,36,44,82,94,100,106] [36,44,45,72,86,109,123,127] [0,8,32,65,68,80,102,122] [7,18,26,29,50,69,90,113] [3,48,53,54,60,63,69,109] [2,23,24,65,73,79,80,107] [23,26,31,33,68,82,83,118] [3,4,11,16,55,69,105,110] [16,17,23,40,50,72,99,103] [14,65,81,89,115,119,122,124] [1,18,55,78,82,90,99,123] [34,56,58,63,83,105,116,126] [3,33,49,59,75,100,112,123] [45,65,66,72,84,116,121,127] [0,9,16,49,98,110,122,125] [19,50,56,61,73,90,98,105] [23,24,26,49,54,61,109,125] [15,21,23,24,79,96,99,107] [15,26,28,31,58,82,91,118] [4,16,48,55,69,89,105,110] [0,6,16,40,70,72,99,120] [12,14,48,80,81,89,119,124] [1,4,18,66,78,83,90,103] [34,56,58,63,83,89,105,126] [3,33,49,59,75,100,106,112] [36,65,72,90,109,116,121,127] [9,32,65,80,84,96,98,125] [18,36,50,51,69,78,90,98] [3,23,53,54,59,63,85,109] [2,23,24,34,42,61,73,79] [10,23,66,82,98,106,113,118] [3,16,53,55,57,69,90,105] [9,16,17,31,40,72,89,120] [12,14,55,80,84,115,119,127] [2,9,35,66,78,82,90,103] [18,23,27,68,80,93,102,115] [6,29,36,46,87,100,104,120] [6,14,20,27,48,69,98,104] [22,27,32,45,58,70,80,114] [52,55,60,63,75,101,115,117] [36,47,66,86,88,120,123,124]
Token  74: [28,51,83,87,91,112,124,125] [9,16,28,29,45,48,68,122] [23,36,42,67,76,100,125,126] [3,12,70,73,100,101,112,114] [7,11,28,37,38,50,83,119] [4,10,63,74,87,93,103,119] [46,63,104,111,115,116,118,124] [2,32,33,44,82,94,100,106] [15,18,20,35,44,67,86,123] [0,32,35,66,67,68,80,102] [18,30,50,69,91,103,109,111] [8,22,42,48,53,60,69,96] [2,26,34,41,65,73,85,115] [13,33,68,78,82,83,91,106] [3,4,16,38,55,63,69,102] [2,16,17,31,38,40,50,72] [14,42,60,80,84,110,115,122] [13,46,52,77,78,82,90,94] [3,46,63,89,104,116,119,126] [2,33,44,75,82,94,100,106] [5,15,18,35,45,72,86,114] [0,32,51,65,66,68,80,111] [18,29,36,50,75,103,109,111] [8,11,14,31,48,53,54,60] [21,23,26,28,34,57,79,108] [23,50,68,82,98,110,118,119] [3,16,29,69,89,102,109,110] [6,40,50,58,72,79,99,120] [14,55,60,80,94,108,110,122] [4,13,15,46,78,82,94,103] [13,34,46,63,89,104,116,126] [2,33,36,44,82,94,100,106] [18,44,45,67,72,86,90,127] [32,57,65,66,68,80,102,111] [18,30,36,50,69,98,103,109] [8,22,53,60,64,69,85,115] [2,26,34,42,61,73,80,115] [13,41,68,76,82,91,106,118] [3,16,47,53,55,60,80,102] [9,16,17,40,51,60,61,120] [14,60,80,84,108,110,115,127] [15,36,46,52,64,78,103,122] [23,24,49,68,73,80,90,125] [12,19,49,80,100,104,121,125] [6,11,23,45,88,98,99,104] [17,22,26,45,46,76,112,114] [29,30,39,52,60,81,104,105] [15,35,52,71,95,111,121,127]
Token  75: [0,16,51,53,70,97,104,120] [20,24,34,62,76,86,107,122] [14,72,81,87,100,107,116,125] [12,13,23,25,32,76,105,117] [0,11,23,25,38,73,83,89] [31,35,68,80,97,107,110,119] [26,39,41,58,63,111,115,116] [24,33,36,82,87,94,100,106] [18,44,45,55,64,72,86,127] [0,32,62,68,80,85,94,102] [14,18,29,36,50,69,113,116] [3,28,30,48,54,60,63,69] [21,23,53,65,73,79,85,126] [13,26,33,44,68,82,83,118] [3,4,11,29,55,63,69,80] [5,16,17,31,40,50,60,79] [7,14,40,48,89,115,122,127] [1,15,18,52,77,78,90,99] [26,34,58,63,89,116,122,126] [24,33,59,82,87,100,112,123] [5,35,45,53,64,65,72,114] [0,49,51,65,80,94,98,122] [16,19,29,31,36,68,78,90] [30,31,54,60,63,65,103,120] [9,21,23,24,28,79,85,107] [26,68,78,82,83,91,98,118] [3,4,10,29,69,80,107,110] [2,5,6,17,38,40,50,120] [7,14,16,30,40,60,89,127] [13,52,53,77,78,90,99,103] [22,34,58,63,89,115,116,126] [5,33,44,82,87,94,100,106] [5,45,55,64,72,86,90,127] [17,51,68,76,80,94,98,102] [18,19,30,36,50,69,90,91] [8,54,60,63,65,69,85,115] [23,34,53,73,79,80,102,115] [13,44,75,82,83,91,106,118] [3,29,53,55,57,69,79,80] [9,16,17,31,40,60,61,120] [7,14,15,40,80,84,115,127] [9,15,52,53,78,80,90,103] [23,24,37,59,68,73,80,125] [43,46,49,81,96,100,104,120] [6,37,38,45,54,80,98,104] [22,45,46,63,80,104,112,114] [39,52,55,75,82,84,105,124] [27,32,35,52,71,90,95,108]
Token  76: [3,28,29,62,77,80,111,126] [11,24,45,62,76,78,86,122] [36,42,72,77,115,119,121,125] [1,11,20,25,76,101,105,119] [0,11,39,40,74,83,97,119] [1,8,30,55,60,80,97,122] [46,58,63,64,104,112,115,116] [33,36,44,82,87,94,100,106] [18,27,44,45,55,67,72,86] [0,17,44,62,68,80,94,102] [1,14,18,29,36,50,69,120] [22,48,60,68,69,86,93,120] [23,27,53,65,73,79,85,102] [24,33,44,49,68,83,106,118] [3,4,9,29,55,62,63,69] [2,17,26,31,40,50,79,99] [29,40,80,84,111,115,122,127] [1,53,77,78,82,84,90,103] [46,63,68,96,104,115,116,126] [9,33,36,44,82,87,94,100] [18,24,44,45,55,72,86,127] [0,17,51,62,68,76,80,94] [18,19,29,36,37,50,90,120] [20,31,48,54,60,68,85,120] [20,23,28,71,79,85,102,107] [24,33,49,68,82,83,91,118] [3,10,29,62,63,69,74,110] [2,17,26,38,40,84,99,120] [14,29,30,111,114,122,123,127] [53,65,77,78,84,90,99,103] [34,46,58,63,89,115,116,126] [5,33,36,44,82,87,94,100] [18,24,27,32,45,72,86,127] [17,68,76,80,94,98,102,105] [18,19,36,50,69,90,91,120] [48,54,60,68,69,71,85,120] [23,34,53,73,79,80,85,102] [24,44,49,68,83,91,106,118] [3,10,11,29,38,55,62,69] [2,16,17,31,40,46,58,120] [14,23,29,80,111,115,123,127] [53,65,77,78,84,90,103,121] [23,24,28,55,68,75,80,115] [5,8,46,96,100,104,120,121] [3,6,13,29,69,80,98,104] [5,22,27,45,47,83,114,117] [10,45,52,55,68,76,77,104] [15,27,31,54,84,86,90,127]
Token  77: [0,31,61,69,81,93,101,107] [26,45,60,62,83,86,91,122] [68,72,92,103,116,117,123,125] [1,20,25,99,100,106,117,119] [0,11,83,89,91,100,102,110] [30,31,35,55,80,97,111,119] [14,39,41,46,63,104,115,116] [5,33,44,72,82,94,100,106] [27,28,45,55,67,72,86,99] [0,17,21,68,76,80,85,105] [1,14,18,36,50,69,84,116] [13,15,22,48,54,58,69,120] [4,18,27,34,69,78,85,92] [13,31,44,55,68,83,106,121] [3,10,11,28,29,38,55,69] [3,17,23,34,40,50,84,100] [14,20,80,84,98,121,122,127] [1,14,30,45,78,90,97,124] [22,39,46,63,89,104,116,126] [5,33,36,44,72,82,94,100] [27,32,35,45,66,72,86,99] [17,50,68,76,80,98,102,105] [14,18,19,36,50,73,90,91] [13,26,46,48,54,58,85,90] [23,34,61,69,79,85,102,107] [30,33,68,80,83,106,118,121] [3,10,29,38,57,63,69,101] [3,6,17,26,34,40,100,121] [14,24,30,80,84,105,121,127] [1,9,30,77,78,82,90,114] [14,22,63,89,104,116,124,126] [5,33,36,44,61,82,88,94] [32,35,45,66,67,72,86,100] [13,17,68,76,80,98,102,105] [14,18,19,50,85,90,91,94] [13,26,54,58,60,69,85,90] [2,21,23,27,69,79,102,107] [13,33,68,79,83,106,118,121] [3,10,29,38,55,57,66,69] [3,16,26,34,40,89,100,120] [1,20,30,80,105,115,121,127] [1,9,14,30,45,78,90,97] [21,23,55,65,80,101,115,119] [4,5,20,36,46,100,104,120] [6,47,54,69,71,98,104,108] [22,27,30,45,54,114,117,127] [14,52,55,60,63,67,101,117] [32,34,55,58,73,86,112,117]
Token  78: [28,33,34,64,75,87,91,110] [28,60,63,71,73,90,93,122] [4,42,46,48,64,68,83,104] [21,24,68,71,73,74,106,125] [7,11,51,53,57,60,70,102] [18,23,55,63,71,93,110,119] [14,63,87,89,97,98,104,124] [5,32,33,36,40,44,82,94] [32,37,45,70,86,100,108,123] [0,7,17,68,76,80,82,105] [1,15,33,50,82,85,91,124] [18,48,54,62,90,94,97,100] [2,4,14,27,61,67,93,127] [68,74,83,87,92,106,112,120] [3,15,29,38,53,55,57,64] [3,32,40,54,89,100,119,125] [1,10,14,30,84,97,98,127] [1,3,30,61,78,82,92,121] [14,22,63,89,96,97,104,119] [5,33,40,44,82,88,89,94] [10,22,32,35,37,45,86,108] [0,7,17,68,69,76,80,82] [1,15,50,55,82,85,91,94] [1,18,48,50,54,62,85,100] [2,24,27,61,67,112,126,127] [45,61,68,83,87,106,120,127] [3,15,38,53,55,57,64,92] [0,25,32,40,87,89,100,119] [10,14,27,30,35,80,84,127] [3,61,73,78,82,92,100,114] [14,22,63,77,89,97,116,124] [5,33,40,44,61,82,88,89] [22,32,37,70,72,86,100,108] [0,7,17,23,76,80,82,105] [9,15,33,50,69,82,91,94] [18,25,30,48,54,69,94,100] [2,24,27,34,61,67,112,127] [40,45,83,89,93,106,120,127] [3,15,38,55,57,64,66,87] [16,25,32,40,51,77,89,100] [1,13,14,30,80,100,115,127] [1,30,61,81,82,92,100,122] [3,8,14,23,55,80,86,115] [5,16,18,26,46,80,100,120] [6,11,39,69,98,104,108,126] [2,12,22,37,45,65,114,117] [14,35,51,52,55,63,104,117] [10,21,26,30,58,94,110,114]
Token  79: [33,64,75,91,92,110,111,122] [16,25,34,38,46,60,63,103] [4,42,46,49,60,64,83,104] [17,24,68,70,73,80,100,106] [5,6,7,11,46,51,70,102] [23,31,43,55,75,93,115,123] [14,39,46,63,89,103,104,116] [5,19,33,40,44,82,94,100] [35,37,61,67,86,94,100,108] [0,7,17,35,68,76,80,102] [15,18,25,50,82,85,91,124] [43,48,54,60,94,97,99,100] [2,14,27,34,36,61,67,126] [2,40,62,68,87,91,106,112] [3,15,23,29,38,53,57,69] [6,17,32,40,54,89,100,125] [1,11,14,80,84,108,115,127] [1,9,26,36,62,78,82,100] [14,22,46,63,89,104,116,124] [5,21,33,36,44,82,88,94] [32,37,45,67,86,90,100,108] [7,17,35,68,76,79,80,102] [15,18,50,82,85,91,94,124] [1,43,54,73,85,92,97,100] [2,14,34,52,61,67,102,127] [2,57,62,87,106,109,112,120] [3,15,38,53,55,57,69,71] [6,17,32,40,54,89,125,126] [1,14,44,80,84,93,108,127] [9,26,36,77,78,81,82,100] [14,22,46,63,89,104,116,124] [5,33,36,40,44,82,89,94] [32,35,37,45,67,86,94,100] [0,7,8,17,76,80,102,111] [15,18,31,69,82,91,124,127] [1,54,55,73,94,99,100,115] [2,14,61,67,73,102,103,112] [57,62,63,68,87,106,112,127] [3,11,15,38,55,57,69,71] [2,17,31,32,40,107,125,126] [29,54,77,80,93,108,115,127] [0,9,26,49,63,65,77,103] [23,24,30,49,52,68,80,126] [46,47,56,68,75,100,120,121] [3,6,11,29,80,98,104,110] [2,5,22,45,47,83,87,117] [10,52,55,68,71,104,117,127] [15,21,31,44,82,86,112,127]
Token  80: [31,47,53,61,69,93,120,122] [2,13,25,45,63,83,91,122] [12,68,72,104,116,117,123,125] [1,20,25,71,89,93,101,106] [11,43,63,79,83,85,91,102] [30,55,71,97,103,111,119,125] [14,23,39,46,63,96,115,116] [5,33,36,44,72,82,84,94] [27,44,45,72,86,90,99,123] [0,14,17,43,68,76,80,105] [14,18,21,50,69,83,91,113] [1,13,54,58,60,69,115,122] [2,4,27,30,67,69,102,126] [32,33,44,68,79,87,106,121] [3,11,29,38,57,63,69,125] [3,17,32,40,45,50,63,100] [1,14,80,84,105,114,121,127] [1,7,45,53,61,77,122,124] [46,63,89,96,104,115,116,124] [21,33,36,44,72,82,94,100] [27,32,44,45,55,67,72,86] [17,51,68,76,80,97,102,111] [14,18,19,31,50,85,91,113] [1,20,54,58,69,72,85,99] [2,34,52,53,66,69,73,102] [26,32,33,44,47,95,106,117] [3,4,55,63,67,69,101,125] [2,17,34,38,40,45,100,120] [14,30,48,84,90,114,121,127] [5,7,45,61,77,80,82,114] [22,46,63,89,104,115,116,124] [5,33,36,44,72,82,94,100] [18,32,45,55,72,86,99,114] [17,50,62,68,76,80,102,111] [18,19,31,50,63,68,69,91] [1,54,58,60,72,85,90,115] [4,35,66,69,71,73,102,126] [13,32,33,68,79,93,106,117] [3,55,63,67,69,98,101,119] [16,30,34,40,45,50,100,127] [1,30,48,54,112,115,121,127] [7,14,45,61,77,80,82,103] [21,23,65,80,101,108,115,117] [4,5,46,65,66,100,115,120] [6,29,46,54,69,71,98,104] [20,22,30,45,50,54,71,117] [27,52,55,60,67,68,77,127] [20,32,34,55,58,73,112,117]
Token  81: [2,6,33,75,87,91,104,123] [28,45,60,63,65,72,103,122] [42,46,60,64,65,101,104,127] [5,20,25,60,68,93,103,106] [7,11,16,57,64,83,96,102] [23,30,43,55,71,97,103,112] [39,63,89,96,97,104,112,115] [31,33,36,44,82,84,94,100] [30,32,44,45,55,90,108,123] [0,17,23,62,76,80,85,100] [4,12,18,27,31,50,91,94] [45,56,60,62,72,90,110,120] [4,34,35,45,54,66,92,111] [0,8,13,43,63,85,91,106] [3,14,38,55,67,68,69,119] [17,30,40,45,54,84,100,106] [10,28,46,84,90,97,114,127] [1,7,11,49,57,77,82,124] [17,39,46,63,87,96,104,115] [21,33,58,82,88,94,100,123] [30,32,35,45,55,72,86,114] [0,17,47,50,62,76,85,100] [2,4,12,15,18,27,31,50] [1,45,54,56,60,72,85,95] [2,4,24,34,35,54,64,71] [8,35,38,43,47,67,106,117] [3,14,63,67,68,69,73,119] [11,17,29,30,40,45,87,106] [0,10,28,48,90,97,112,127] [7,11,57,73,77,80,88,114] [17,58,87,96,104,115,116,120] [5,33,48,58,61,82,94,100] [30,32,35,45,72,77,90,114] [17,23,50,51,62,76,85,100] [4,12,18,19,27,31,40,63] [1,45,54,56,60,72,95,100] [2,4,8,24,34,35,64,71] [8,13,38,47,92,106,112,117] [2,3,15,55,67,68,69,119] [2,17,29,32,45,50,100,106] [0,28,48,54,90,106,112,115] [7,49,57,73,77,81,82,93] [17,23,25,52,69,86,108,117] [24,53,66,99,100,115,120,124] [9,11,19,29,46,94,104,108] [18,20,31,45,50,71,87,110] [27,32,33,51,68,76,77,122] [23,28,44,57,58,82,107,112]
Token  82: [16,38,72,98,100,114,119,122] [25,44,52,63,77,78,106,122] [16,29,45,60,65,78,103,127] [5,19,20,25,68,93,103,106] [2,7,8,11,57,60,63,70] [18,20,23,31,55,71,110,112] [39,41,50,63,89,97,104,115] [1,33,40,44,52,82,89,94] [30,32,45,55,67,86,90,108] [0,7,17,68,76,80,85,100] [4,12,18,27,63,91,94,126] [36,45,52,56,60,72,90,95] [2,4,8,27,40,61,71,125] [8,29,35,87,92,93,106,117] [3,14,38,67,68,69,119,125] [17,29,32,40,45,58,99,106] [1,14,80,84,90,106,114,127] [1,5,7,57,62,77,82,121] [22,46,63,96,104,115,116,124] [21,33,36,44,82,88,94,106] [21,30,32,45,55,67,86,90] [17,62,68,76,80,85,100,102] [4,7,18,27,50,63,91,94] [45,53,56,60,72,84,90,95] [2,4,27,34,61,64,71,102] [8,29,67,92,93,103,106,117] [3,38,67,68,69,98,109,119] [17,29,40,45,50,75,89,120] [0,1,14,80,84,90,113,127] [5,7,22,57,77,82,88,114] [22,46,63,96,104,115,116,124] [21,33,36,44,78,82,94,106] [30,32,45,55,67,77,86,90] [17,68,76,80,85,100,102,111] [4,7,12,18,27,63,91,94] [45,53,56,60,72,84,90,95] [2,4,8,27,61,64,102,126] [0,8,38,67,93,103,106,117] [2,3,38,67,69,98,109,119] [29,40,45,50,63,75,106,127] [0,1,30,54,80,90,112,127] [5,7,50,55,57,77,105,114] [14,23,69,80,87,99,108,117] [7,20,58,66,100,108,115,120] [6,29,46,101,104,105,108,111] [50,54,65,71,91,99,114,117] [16,27,32,68,76,93,99,125] [3,8,53,76,87,102,104,112]
Token  83: [7,38,46,58,72,88,109,123] [1,24,25,27,52,63,65,122] [2,29,45,60,65,89,109,127] [18,19,25,28,30,68,93,94] [2,7,8,11,53,57,63,96] [18,23,55,71,91,93,103,110] [39,58,63,87,96,104,115,124] [33,44,58,82,88,94,100,106] [30,32,45,67,77,86,90,123] [0,7,17,53,68,80,85,100] [4,16,18,27,63,69,91,94] [28,48,53,56,60,72,95,99] [2,4,8,27,34,65,85,127] [8,35,67,91,92,93,106,112] [3,15,38,53,55,67,69,115] [17,32,40,45,89,117,120,125] [0,1,14,30,80,84,97,127] [1,7,57,73,75,77,82,88] [22,46,63,87,89,104,116,124] [32,33,44,82,88,94,100,106] [32,45,53,67,77,86,90,123] [7,17,68,76,80,85,102,111] [7,18,50,63,83,91,94,126] [4,31,53,60,72,95,99,100] [2,4,8,20,34,61,92,127] [52,67,92,93,99,106,112,117] [3,27,38,67,69,97,98,125] [0,29,32,40,45,50,75,117] [0,1,14,54,80,106,113,127] [7,44,57,73,77,82,88,99] [17,63,87,89,104,107,116,124] [32,33,44,56,82,94,100,119] [30,32,45,53,67,77,90,123] [17,38,51,53,80,85,100,115] [1,4,12,27,63,91,94,126] [45,52,53,56,72,84,95,120] [2,4,8,27,47,64,92,127] [8,35,52,67,92,93,106,117] [3,12,38,55,67,68,69,98] [16,29,40,45,63,106,110,125] [0,1,30,54,90,106,112,115] [5,7,11,44,50,57,77,80] [23,52,69,80,99,108,111,117] [0,5,58,66,96,100,115,120] [6,12,16,29,46,94,104,111] [50,54,65,82,87,91,95,99] [5,27,32,68,76,94,104,122] [4,44,53,74,87,92,102,107]
Token  84: [46,52,76,88,109,117,123,127] [25,27,52,57,63,65,77,97] [29,42,48,60,65,89,101,112] [19,20,25,28,68,93,94,108] [2,7,8,11,16,57,63,112] [20,23,41,43,55,91,93,112] [17,39,63,96,97,104,115,119] [1,33,36,40,44,76,82,89] [22,30,32,45,48,87,90,108] [0,17,51,62,76,80,85,100] [4,5,12,18,27,31,91,94] [31,45,53,54,56,72,84,95] [2,4,8,35,47,54,94,117] [8,29,35,63,67,92,106,112] [3,14,38,67,68,69,109,119] [17,29,32,38,40,45,50,63] [0,28,46,54,84,90,97,127] [1,11,50,57,77,82,122,123] [17,39,46,63,96,104,115,116] [21,33,44,58,82,88,94,100] [30,32,45,55,86,87,90,108] [0,17,51,68,76,80,85,100] [4,12,18,27,31,50,91,126] [1,36,45,54,56,60,85,95] [2,4,34,35,61,64,94,117] [8,35,38,47,67,95,106,110] [3,14,27,67,68,69,119,126] [2,17,28,29,40,45,63,75] [0,28,48,54,62,90,97,127] [5,11,50,57,73,77,80,88] [17,58,87,89,96,104,115,116] [33,36,48,58,94,100,120,123] [30,32,35,45,72,77,87,90] [17,38,50,51,62,85,100,115] [4,12,18,27,31,50,63,91] [1,28,45,54,56,72,95,124] [2,4,34,35,36,64,91,117] [0,8,35,38,47,67,103,106] [3,12,24,55,67,68,69,98] [2,11,16,17,30,31,40,106] [0,1,14,28,30,54,90,115] [7,11,44,50,57,77,80,81] [23,24,30,52,69,87,108,117] [46,53,58,66,100,115,120,122] [6,12,16,25,29,58,94,104] [2,50,87,93,95,99,117,121] [5,27,32,68,76,94,104,122] [4,14,44,58,74,92,107,112]
Token  85: [13,26,52,65,72,98,100,102] [18,50,63,70,94,100,124,127] [49,53,57,65,84,88,99,104] [19,25,37,68,71,86,93,94] [43,73,79,85,92,96,102,106] [20,42,55,59,64,71,103,112] [35,56,58,63,104,115,116,126] [5,31,33,36,58,84,94,100] [32,45,55,66,72,86,90,123] [0,14,17,26,76,80,96,100] [4,16,18,26,50,57,69,73] [26,45,52,53,54,60,90,95] [2,4,8,30,34,65,117,127] [0,28,47,58,78,91,106,112] [3,20,38,55,63,69,81,125] [16,17,32,40,50,63,120,127] [14,30,54,84,90,114,115,127] [1,19,26,72,77,78,99,124] [46,63,88,89,104,105,115,116] [33,36,44,49,82,94,100,112] [32,35,44,45,72,84,86,121] [9,17,68,76,79,80,110,125] [18,31,45,50,61,90,91,105] [1,24,25,49,52,54,61,92] [2,4,9,15,34,35,61,99] [15,28,35,36,78,106,112,126] [3,4,14,27,32,69,107,125] [2,5,6,26,32,34,59,63] [28,39,48,54,62,97,100,127] [13,72,75,77,93,99,100,118] [14,22,34,52,88,89,104,126] [5,33,40,49,89,94,112,123] [35,45,50,66,84,90,121,127] [9,13,23,76,98,105,110,125] [31,50,56,61,70,73,82,113] [1,23,49,54,85,92,99,120] [4,32,34,52,61,85,92,125] [13,15,20,34,47,106,117,125] [3,15,20,32,61,69,98,125] [11,16,26,32,34,63,75,100] [1,28,39,42,54,106,115,127] [1,49,59,61,72,73,77,88] [17,23,39,50,56,111,115,117] [18,30,46,53,80,96,115,120] [5,6,25,29,34,64,104,126] [2,29,38,61,71,116,117,127] [15,21,76,77,90,94,123,125] [3,18,58,76,84,87,107,109]
Token  86: [11,16,45,72,85,100,114,119] [8,22,63,72,106,119,122,127] [2,16,45,65,78,101,104,127] [19,25,29,60,74,81,86,93] [11,52,64,70,81,83,92,115] [8,25,37,59,64,73,103,109] [34,47,53,58,63,71,76,107] [9,18,24,59,100,106,109,112] [9,38,45,57,65,72,90,127] [0,17,19,49,80,96,122,125] [16,18,26,51,68,69,78,105] [3,24,28,49,54,60,61,125] [2,15,34,56,65,96,99,115] [15,19,23,26,28,58,78,106] [3,4,17,20,48,69,100,110] [16,17,31,40,49,85,101,120] [14,39,65,73,80,81,89,115] [18,19,21,42,55,77,78,83] [24,26,34,41,56,63,105,116] [3,24,33,49,59,100,106,112] [38,65,72,84,101,116,121,127] [0,9,10,49,80,110,122,125] [19,50,56,61,78,90,98,105] [23,24,49,54,61,82,96,125] [15,23,34,56,65,79,96,99] [15,26,28,49,58,91,110,118] [4,14,48,69,86,89,103,110] [0,16,26,40,59,70,75,120] [4,39,48,73,81,82,89,115] [1,21,55,75,77,83,93,118] [24,26,34,63,83,105,115,126] [3,18,33,49,75,100,109,112] [38,65,72,84,90,101,121,127] [0,9,13,65,96,110,122,125] [10,50,56,61,68,78,90,105] [3,23,24,49,54,61,94,125] [21,23,34,65,73,79,96,108] [20,31,49,85,92,112,118,124] [3,53,57,69,74,86,110,125] [11,17,32,40,48,58,75,120] [1,14,42,48,80,107,111,113] [1,13,34,59,77,78,88,105] [17,25,33,56,70,80,111,114] [18,69,72,74,80,82,98,99] [5,9,19,25,29,42,82,104] [29,41,73,77,110,114,117,121] [16,35,43,46,63,76,100,125] [3,58,61,67,76,87,102,104]
Token  87: [7,32,58,72,88,109,117,121] [1,8,25,27,63,65,87,122] [2,12,16,45,95,101,107,127] [19,29,60,72,74,81,103,126] [2,11,30,52,53,57,63,70] [18,59,64,74,93,103,110,119] [22,39,56,58,63,71,87,104] [24,31,33,44,59,82,100,106] [38,45,67,72,77,86,90,127] [0,7,17,71,76,80,111,122] [18,27,50,69,78,91,94,98] [21,28,48,53,54,60,90,124] [2,4,27,34,61,65,115,127] [40,42,82,91,92,106,112,124] [3,15,23,53,55,68,69,115] [6,16,17,32,40,80,89,120] [0,14,50,80,93,105,114,115] [1,30,57,77,82,88,92,103] [34,56,63,64,87,104,105,116] [24,33,75,82,94,100,106,112] [35,44,65,72,83,86,123,127] [7,10,17,39,80,84,102,111] [7,18,23,50,78,94,98,103] [21,22,28,53,67,96,99,125] [2,9,26,34,49,61,65,80] [12,42,78,91,99,104,106,112] [3,8,27,53,69,107,109,110] [6,11,40,58,61,75,102,120] [1,14,35,50,80,93,113,115] [72,77,82,83,88,93,100,103] [22,34,56,63,64,89,104,116] [24,33,44,59,82,94,100,106] [9,15,44,72,83,86,116,127] [7,10,66,80,102,104,111,123] [2,7,18,82,88,94,98,103] [4,14,21,28,53,96,99,116] [14,22,32,34,42,108,115,127] [20,27,91,92,104,106,112,124] [3,15,27,38,53,102,113,125] [11,32,40,49,75,79,89,120] [1,42,50,53,80,105,107,113] [34,50,59,77,82,88,100,105] [4,17,33,43,56,70,80,111] [24,30,41,46,72,74,75,82] [5,6,11,25,29,30,62,82] [29,48,64,73,88,99,114,121] [16,27,32,43,46,74,94,100] [4,17,53,72,84,102,107,110]
Token  88: [35,52,57,76,109,117,123,127] [8,25,27,52,63,97,103,122] [29,48,60,64,65,101,103,104] [20,25,29,64,71,74,93,101] [2,11,16,46,57,64,89,96] [20,23,55,71,103,109,110,112] [17,39,63,89,96,104,115,126] [33,36,44,82,84,94,100,106] [32,45,55,67,69,72,86,90] [11,14,17,26,34,68,80,85] [4,5,7,12,18,36,42,63] [13,45,53,54,60,90,95,110] [2,4,27,36,54,71,92,111] [35,43,47,85,91,93,106,117] [3,14,27,49,67,68,69,83] [15,17,19,34,40,45,50,100] [0,1,46,54,80,84,106,127] [1,7,50,77,82,114,122,124] [22,46,63,96,104,115,116,124] [33,36,44,82,88,94,100,106] [32,44,45,55,67,72,86,123] [17,51,62,68,80,85,102,111] [7,12,18,19,22,50,63,91] [13,31,58,60,72,85,90,110] [2,4,30,34,69,71,77,92] [30,43,47,85,95,106,117,126] [3,27,63,67,68,69,84,125] [17,29,34,40,45,50,75,120] [0,1,14,54,84,90,114,127] [5,7,77,82,89,99,114,124] [22,39,63,89,104,115,116,124] [33,36,44,56,82,94,100,106] [18,32,45,55,67,72,86,90] [17,43,62,68,76,80,85,102] [4,12,18,19,36,50,63,91] [45,53,54,60,72,84,85,95] [4,8,27,34,35,36,102,126] [13,38,47,67,93,103,106,117] [3,55,63,67,68,69,98,109] [26,29,30,40,45,63,125,127] [0,1,48,54,90,106,112,115] [5,7,50,55,57,77,80,82] [23,52,58,80,87,99,108,117] [5,7,53,58,66,98,100,115] [9,12,29,46,52,60,102,104] [18,50,64,71,91,99,113,117] [16,27,43,74,76,93,94,122] [3,53,61,76,80,87,102,107]
Token  89: [46,47,52,76,88,117,123,127] [25,27,44,47,52,63,109,122] [12,29,42,48,60,64,104,127] [19,25,68,73,74,86,100,114] [7,11,16,37,51,53,57,70] [18,51,55,74,93,110,112,119] [20,46,63,87,104,111,116,124] [1,19,33,44,82,94,100,106] [35,67,86,87,88,90,108,123] [0,7,17,67,68,76,80,102] [18,25,30,63,69,91,94,126] [21,53,60,72,90,96,99,100] [2,4,8,14,27,34,115,127] [40,91,92,93,104,106,112,117] [3,15,22,38,53,57,69,115] [3,17,32,40,75,89,91,125] [0,1,14,78,80,84,94,127] [1,9,77,82,100,103,112,121] [22,46,63,64,87,104,116,119] [32,33,44,73,82,94,100,106] [21,35,44,67,86,90,123,124] [7,66,67,68,76,80,102,111] [7,13,18,23,30,71,91,94] [0,21,22,53,60,67,99,100] [2,4,14,26,32,34,115,127] [82,92,93,99,104,106,112,117] [3,15,38,53,57,111,115,116] [3,6,11,32,40,61,75,91] [11,14,30,75,80,84,105,113] [1,6,66,72,77,82,100,103] [22,52,54,63,86,87,89,104] [32,33,44,73,82,100,106,110] [9,44,67,86,95,99,123,127] [7,49,68,76,80,102,105,111] [2,7,13,18,30,33,94,103] [4,53,78,79,96,99,100,107] [2,14,32,34,42,92,108,115] [10,20,25,85,92,104,106,112] [3,15,38,53,57,87,115,125] [11,32,40,75,89,91,120,125] [0,1,30,42,80,105,107,127] [1,6,13,34,59,77,82,88] [17,25,33,56,70,111,114,117] [38,46,61,75,80,82,83,115] [5,25,29,46,52,102,104,108] [29,50,64,73,77,88,99,114] [16,27,32,46,63,93,94,125] [3,4,53,72,76,87,102,107]
Token  90: [24,46,52,76,88,117,121,127] [13,25,27,38,52,63,97,122] [29,36,42,60,64,65,101,104] [19,25,60,74,91,93,100,126] [7,11,16,51,57,60,73,96] [9,20,43,55,71,103,110,112] [17,39,63,65,96,97,104,115] [33,36,44,82,89,94,100,106] [18,30,32,45,86,87,90,108] [6,17,68,76,80,85,100,102] [4,12,18,19,27,36,63,94] [22,53,54,56,60,94,95,100] [2,4,7,8,27,34,35,94] [8,31,43,85,91,106,110,112] [2,3,14,15,55,68,69,81] [2,16,17,31,32,40,50,126] [0,14,44,54,84,90,114,127] [1,50,57,63,77,90,99,108] [17,22,39,46,63,104,115,116] [5,33,44,82,89,94,100,123] [18,30,32,35,44,45,86,87] [17,62,68,76,80,85,100,102] [4,18,19,27,31,36,50,91] [1,45,53,54,56,85,94,95] [2,4,34,35,64,80,94,117] [8,31,38,43,47,63,67,106] [3,4,14,27,68,69,73,81] [2,17,29,40,45,99,107,122] [0,14,46,54,62,97,114,127] [0,11,57,63,65,77,108,122] [17,22,34,88,89,115,122,126] [5,33,40,48,89,94,100,123] [18,27,30,32,35,45,72,90] [13,17,23,41,62,76,85,100] [4,18,27,31,36,50,90,127] [1,45,53,54,56,85,92,95] [1,4,23,34,35,38,85,94] [8,31,47,63,67,106,109,112] [2,3,4,14,18,55,69,81] [2,16,17,31,40,48,83,107] [0,14,39,54,80,108,115,127] [11,50,57,63,65,77,78,103] [14,20,23,24,69,115,117,126] [46,47,53,56,100,120,121,122] [3,6,11,16,29,94,104,110] [5,22,45,83,87,95,99,117] [1,5,10,32,68,71,76,123] [4,14,31,44,74,92,107,127]
Token  91: [40,43,52,65,72,73,98,100] [18,38,63,70,94,100,122,127] [38,40,57,82,84,88,99,109] [6,37,71,85,86,93,101,116] [7,11,40,73,76,85,106,115] [59,61,64,66,73,97,109,125] [41,56,63,83,105,107,115,126] [5,18,24,49,75,100,109,112] [45,57,65,72,84,114,121,127] [0,9,76,80,96,102,110,122] [18,26,50,61,68,78,90,105] [1,24,28,49,54,61,92,125] [15,35,56,65,79,96,99,126] [6,15,26,28,33,80,106,118] [3,4,17,20,48,69,81,104] [16,17,31,40,50,85,101,120] [8,39,54,114,115,122,124,127] [1,19,33,42,78,99,103,105] [34,56,63,83,105,115,116,126] [5,33,44,49,82,94,100,112] [32,35,45,65,66,72,84,121] [9,17,51,68,76,98,110,125] [18,19,31,50,56,61,90,105] [1,23,24,49,54,61,92,103] [15,21,23,35,61,79,96,99] [15,26,28,33,58,80,106,118] [3,4,14,20,32,48,69,104] [2,6,16,40,59,85,99,127] [14,39,48,62,81,97,124,127] [1,19,21,42,55,78,80,118] [24,34,56,83,88,89,105,126] [5,33,49,59,75,100,112,123] [16,35,45,65,66,72,84,121] [13,16,50,51,76,98,110,125] [31,50,51,56,68,78,90,105] [1,3,23,24,54,61,85,125] [15,21,23,34,61,79,96,99] [15,23,28,33,47,58,106,118] [3,17,20,48,55,86,90,100] [17,40,49,52,70,85,101,127] [14,39,48,73,80,81,115,124] [1,9,19,21,42,48,69,103] [23,24,31,64,80,113,114,115] [31,37,46,71,77,88,100,104] [6,31,53,73,90,98,102,104] [2,22,27,32,45,87,101,114] [5,11,34,52,55,60,63,118] [20,57,73,74,77,86,105,109]
Token  92: [14,21,50,51,57,103,106,110] [3,6,9,28,33,62,95,122] [12,41,84,90,100,122,125,127] [4,39,67,71,87,95,117,127] [7,11,23,50,56,58,83,86] [18,31,47,51,68,105,110,119] [26,39,58,63,87,104,112,116] [5,33,36,44,82,94,100,106] [36,45,67,72,86,109,123,127] [0,8,32,65,68,80,96,122] [26,29,36,50,68,69,78,90] [3,48,53,54,60,63,69,109] [2,23,24,65,73,78,79,85] [23,26,31,33,68,82,83,118] [3,4,11,16,55,105,110,123] [16,17,23,40,70,72,99,103] [42,48,65,81,89,115,119,127] [1,18,55,78,82,90,99,123] [24,26,34,63,83,105,116,126] [3,24,49,59,75,100,106,112] [38,45,65,66,72,84,116,121] [0,9,49,96,98,110,122,125] [16,29,45,56,61,90,98,105] [23,24,26,49,54,61,109,125] [15,21,23,24,47,79,96,99] [15,28,31,36,82,91,118,119] [4,14,16,48,69,89,105,110] [5,16,19,59,64,72,103,120] [12,39,48,82,89,115,119,127] [1,13,18,66,77,78,93,99] [24,34,83,88,89,105,115,126] [33,49,60,75,100,109,112,123] [36,65,72,84,90,109,121,127] [9,32,44,49,65,96,110,125] [36,50,51,56,68,78,86,105] [3,23,24,61,63,85,109,125] [21,23,24,34,42,61,73,79] [23,61,66,82,91,106,118,125] [3,16,53,55,57,69,90,105] [9,16,17,40,50,64,72,120] [12,14,55,80,84,115,119,127] [2,9,35,66,78,82,90,103] [18,23,27,68,80,93,102,115] [6,29,36,46,87,100,104,120] [6,14,20,27,48,69,98,104] [22,27,32,45,58,70,80,114] [52,55,60,63,75,101,115,117] [36,47,66,86,88,120,123,124]
Token  93: [28,51,83,87,91,112,124,125] [9,16,28,29,45,48,68,122] [23,36,42,67,76,100,125,126] [3,12,70,73,100,101,112,114] [7,11,28,37,38,50,83,119] [4,10,63,74,87,93,103,119] [46,63,104,111,115,116,118,124] [2,19,33,44,82,94,100,106] [15,18,20,35,44,67,86,127] [0,32,35,66,67,68,80,102] [18,30,50,69,91,103,109,111] [22,36,42,48,53,60,69,96] [2,26,34,41,65,73,85,115] [13,33,68,82,83,91,106,110] [3,4,16,38,55,63,69,102] [2,16,17,31,40,50,72,120] [14,42,60,80,84,110,115,122] [1,13,46,52,77,82,90,94] [46,63,89,96,104,116,119,126] [2,33,44,75,82,94,100,106] [15,18,35,45,65,72,86,114] [0,32,51,65,66,68,80,111] [16,36,50,75,90,103,109,111] [3,11,14,31,32,53,54,60] [21,23,26,34,57,79,85,108] [23,50,68,78,82,110,118,119] [4,16,27,29,83,89,102,110] [5,16,40,50,72,79,99,120] [14,48,60,80,94,108,110,122] [4,13,37,46,52,78,94,99] [13,34,41,58,63,89,116,126] [2,33,36,44,82,94,100,106] [18,36,45,67,72,86,90,127] [32,65,68,80,87,96,102,111] [18,29,30,36,50,69,103,109] [8,22,53,60,64,69,85,115] [26,34,42,61,73,80,85,115] [13,41,68,76,82,91,106,118] [3,16,47,53,55,69,80,102] [9,16,17,40,51,60,72,120] [14,60,80,84,108,110,115,127] [15,36,46,52,64,78,103,122] [23,24,49,68,80,90,115,125] [12,19,49,80,100,104,121,125] [6,11,23,45,88,98,99,104] [17,22,26,45,46,76,112,114] [29,30,39,52,60,81,104,105] [15,35,52,71,95,111,121,127]
Token  94: [0,16,51,53,70,97,104,120] [20,24,34,62,76,86,107,122] [14,72,81,87,100,107,116,125] [12,23,25,32,71,76,105,117] [0,11,23,25,38,73,83,89] [31,35,80,93,97,107,110,119] [26,39,41,58,63,111,115,116] [24,33,36,82,87,94,100,106] [18,44,45,64,72,86,114,127] [0,32,62,68,80,85,94,102] [14,18,29,36,50,69,78,116] [3,28,30,48,54,60,63,69] [21,23,53,65,73,78,79,85] [26,33,44,68,82,83,110,118] [3,4,11,29,55,63,69,80] [5,16,17,31,40,50,60,79] [7,14,40,48,89,115,122,127] [1,18,52,55,77,78,90,99] [26,34,58,63,89,116,122,126] [5,24,59,75,87,100,112,123] [5,9,35,45,53,57,65,72] [0,16,38,49,51,94,98,122] [3,16,19,29,31,36,68,90] [4,30,31,53,54,60,65,103] [21,23,24,28,35,57,79,85] [26,33,73,78,82,83,91,118] [3,4,24,69,80,89,107,110] [2,5,16,26,40,50,99,120] [7,14,16,40,60,89,122,127] [13,18,52,77,78,90,99,123] [26,34,39,41,58,63,89,126] [5,29,33,59,84,87,94,100] [5,18,45,55,64,72,90,127] [0,38,43,51,80,94,96,98] [5,26,36,50,51,75,90,91] [8,39,54,60,64,65,85,120] [23,34,53,73,79,80,85,115] [13,44,68,75,82,91,106,118] [2,3,29,53,55,69,79,80] [9,16,17,31,40,50,60,120] [7,14,15,40,80,84,115,127] [15,52,53,62,78,80,90,103] [23,24,37,59,68,73,80,125] [20,43,46,81,96,100,104,120] [6,37,38,45,54,80,98,104] [22,45,46,63,84,104,112,114] [39,52,55,75,82,84,105,124] [10,27,32,35,52,90,95,108]
Token  95: [3,28,29,62,77,80,111,126] [11,24,45,62,76,78,86,122] [36,42,72,77,115,119,121,125] [1,11,20,25,76,101,105,119] [0,11,39,40,74,83,97,119] [1,8,30,55,60,80,97,122] [39,46,63,104,111,112,115,116] [33,36,44,82,87,94,100,106] [18,27,35,45,55,67,72,86] [0,44,62,68,80,85,94,102] [1,14,18,29,36,50,69,120] [22,28,48,54,60,68,69,120] [23,27,28,53,73,79,85,92] [24,31,33,44,49,68,106,118] [3,9,11,29,38,55,62,69] [2,17,26,31,40,50,79,99] [29,40,80,84,111,115,122,127] [1,53,77,78,82,84,90,121] [46,63,89,96,104,115,116,126] [9,33,36,44,82,87,94,100] [18,24,44,45,55,72,86,127] [0,17,51,62,68,76,80,94] [18,19,29,36,37,50,90,120] [4,20,31,54,60,68,85,120] [20,21,23,28,71,79,85,102] [24,31,33,49,68,83,91,118] [3,10,29,62,63,69,74,110] [2,17,38,40,50,84,99,120] [14,29,30,48,111,122,123,127] [37,53,77,78,84,99,114,120] [34,58,63,89,96,115,116,126] [5,33,44,82,87,94,100,106] [24,27,32,35,45,72,86,127] [0,17,68,76,80,94,102,105] [18,36,37,50,69,90,91,120] [31,48,54,60,68,71,85,120] [20,23,34,53,73,79,80,85] [24,44,49,68,83,91,106,118] [3,10,11,29,55,57,62,69] [5,6,16,17,31,40,46,120] [14,23,29,80,111,115,123,127] [53,65,77,78,84,90,103,121] [23,24,28,55,68,75,80,115] [2,5,46,96,100,104,120,121] [3,6,13,69,80,98,104,110] [5,22,27,45,47,83,114,117] [10,45,52,55,68,76,104,117] [15,27,31,54,84,86,90,127]
Token  96: [0,31,61,69,81,93,101,107] [26,45,60,62,83,86,91,122] [68,72,92,103,116,117,123,125] [1,20,99,100,106,108,117,119] [0,11,83,89,91,100,102,110] [30,31,35,55,80,97,111,119] [14,39,41,46,63,104,115,116] [5,33,44,72,82,94,100,106] [27,28,45,55,67,72,86,99] [0,17,21,68,76,80,85,105] [1,14,18,36,50,69,84,116] [13,15,22,48,54,58,69,120] [4,18,27,69,78,85,92,126] [13,31,35,68,83,85,106,121] [3,10,28,29,38,55,57,69] [3,23,34,40,50,84,100,112] [14,20,84,98,105,121,122,127] [1,14,30,45,78,90,97,124] [14,22,39,46,63,89,124,126] [5,33,36,44,72,82,94,100] [28,32,35,45,66,72,86,99] [17,50,68,76,80,98,102,105] [18,19,36,50,73,85,90,91] [13,26,46,48,54,58,85,90] [23,34,61,69,79,85,102,107] [30,33,68,80,83,106,118,121] [3,10,29,38,57,63,69,101] [3,6,17,23,34,40,100,121] [14,24,30,80,84,105,121,127] [1,9,30,77,78,82,90,100] [14,22,46,63,89,104,116,126] [5,33,36,40,44,82,88,94] [32,35,45,66,67,72,86,100] [13,17,68,76,80,98,102,105] [14,18,19,50,73,85,90,91] [13,26,48,54,58,60,85,90] [2,21,23,27,69,79,102,107] [33,68,80,83,93,106,118,121] [3,10,29,38,55,57,66,69] [3,5,16,17,34,40,89,100] [1,20,30,80,105,115,121,127] [1,9,14,30,45,78,90,97] [21,23,55,65,80,101,115,119] [4,5,36,37,46,100,104,120] [6,47,54,69,71,98,104,108] [22,27,40,45,54,114,117,127] [14,52,55,60,63,67,101,117] [20,32,34,55,58,73,86,117]
Token  97: [14,22,51,57,101,103,106,110] [25,39,44,46,48,57,60,62] [36,42,68,90,111,115,125,126] [5,20,21,26,46,93,100,106] [7,11,51,63,86,102,111,113] [18,51,55,93,97,105,111,119] [14,22,46,63,89,104,115,116] [5,33,44,72,82,94,100,106] [21,27,28,45,55,67,86,99] [0,17,32,68,76,80,102,105] [14,18,29,36,50,69,91,123] [13,48,54,58,59,69,94,109] [27,34,67,69,85,102,120,126] [29,55,61,66,68,83,106,113] [3,16,29,55,57,69,101,105] [3,6,17,34,40,50,100,120] [12,14,30,80,84,114,119,127] [2,30,45,66,77,82,90,121] [13,14,22,46,63,89,96,116] [5,33,44,72,82,88,94,100] [28,32,37,45,72,86,99,100] [0,17,32,68,76,80,102,105] [14,16,18,36,50,85,91,94] [4,20,48,54,58,69,94,109] [2,22,27,34,61,69,73,85] [29,61,66,68,83,87,106,113] [3,16,38,55,57,69,101,105] [3,17,34,40,50,89,100,120] [12,14,30,80,84,93,119,127] [2,30,66,77,78,82,99,100] [14,22,46,63,89,104,116,124] [5,33,36,44,56,82,88,94] [32,37,45,50,67,72,86,100] [0,17,32,57,68,76,80,105] [14,16,19,36,50,69,91,94] [1,13,48,54,69,90,94,109] [27,34,46,61,69,73,102,126] [33,66,68,83,106,107,113,118] [3,10,16,38,55,57,66,105] [3,16,17,31,34,40,89,100] [12,14,30,80,105,115,119,127] [2,9,30,35,45,66,78,90] [14,18,23,27,55,80,102,115] [5,29,36,46,65,100,104,120] [6,27,29,48,69,98,104,108] [12,20,22,27,45,54,114,117] [52,55,60,98,101,115,117,127] [36,47,86,88,112,120,123,124]
Token  98: [23,28,30,41,51,91,105,112] [16,29,48,60,63,71,116,122] [36,42,64,67,68,100,104,126] [5,21,68,70,73,100,106,125] [7,10,11,27,51,60,70,102] [10,18,31,55,63,93,119,122] [14,22,46,63,89,104,116,124] [5,32,33,36,44,82,94,106] [15,35,40,45,67,72,86,100] [17,24,32,35,41,68,76,80] [33,41,45,50,85,91,109,111] [39,48,54,69,85,94,120,126] [34,36,61,67,85,95,102,126] [41,62,68,82,87,106,112,120] [3,16,29,38,53,55,57,69] [32,34,40,50,84,87,100,106] [14,30,50,80,84,109,110,127] [9,30,62,78,81,82,92,120] [13,14,22,46,63,89,104,116] [5,33,36,44,82,94,118,123] [22,32,37,40,45,72,86,100] [17,24,32,35,68,76,80,82] [41,45,50,85,91,109,111,124] [18,20,48,59,69,79,85,94] [2,30,32,34,36,61,73,102] [41,45,68,82,83,106,120,127] [3,16,29,38,53,55,57,64] [6,25,32,34,40,89,100,106] [14,30,35,84,93,109,110,127] [9,30,36,62,77,82,92,121] [14,22,46,63,77,89,104,116] [5,36,40,44,61,82,94,118] [21,22,32,35,37,45,86,100] [17,32,35,41,68,76,80,82] [18,41,45,50,69,91,109,111] [42,48,59,69,73,79,90,94] [0,2,9,36,67,73,103,112] [41,45,57,62,68,91,106,127] [3,16,29,38,55,57,60,71] [20,31,40,61,89,100,106,107] [29,30,77,80,109,110,115,127] [0,9,36,63,64,65,82,115] [23,24,49,70,80,90,115,126] [5,46,56,75,100,120,121,125] [6,23,47,64,69,98,104,110] [5,22,45,47,76,83,87,117] [5,10,33,52,55,77,117,124] [15,21,31,74,86,114,124,127]
Token  99: [31,51,68,69,70,101,107,118] [60,63,75,83,85,103,116,122] [36,42,59,64,67,117,123,126] [5,10,21,26,64,73,106,125] [7,10,11,38,51,91,102,111] [18,55,71,93,99,108,111,119] [14,22,46,63,77,87,89,104] [5,32,33,36,44,82,94,100] [28,35,40,45,72,86,99,100] [17,24,43,45,48,68,76,80] [14,29,40,45,50,111,116,123] [13,69,85,90,94,102,115,120] [27,36,67,69,85,95,115,126] [0,29,55,68,79,106,121,122] [3,16,29,38,53,55,57,84] [3,17,34,40,50,61,100,106] [14,30,80,84,89,105,121,127] [1,9,30,45,53,78,82,115] [13,14,22,34,58,63,89,116] [5,21,33,44,72,82,94,95] [28,32,35,45,72,86,99,100] [0,17,32,43,76,80,105,106] [2,14,16,50,85,91,111,113] [20,54,59,69,79,90,94,102] [2,9,27,30,36,69,73,126] [45,47,55,68,79,83,106,121] [3,4,10,38,47,55,57,84] [3,16,17,34,40,89,100,106] [14,16,30,48,84,105,121,127] [1,9,16,45,73,82,114,115] [14,22,77,89,97,104,116,124] [5,36,40,44,61,82,94,118] [28,32,35,45,72,86,100,127] [17,43,68,76,80,82,105,111] [14,19,50,69,94,109,111,116] [13,54,59,69,79,90,94,102] [2,9,27,46,60,69,73,126] [32,33,79,91,93,106,107,121] [3,28,29,38,55,57,66,84] [5,31,34,40,61,89,100,106] [1,20,30,80,105,115,121,127] [1,9,14,45,80,82,90,97] [3,23,30,41,65,80,101,115] [4,5,20,26,46,100,104,120] [6,47,54,69,71,98,104,108] [22,27,40,45,54,114,117,127] [14,52,55,63,67,101,117,125] [32,34,55,58,74,86,99,117]
Token 100: [0,14,51,57,101,103,106,110] [13,25,44,48,63,75,103,116] [36,42,59,67,90,122,123,126] [5,10,21,71,73,78,106,127] [7,38,51,57,63,77,102,111] [5,18,51,55,71,105,108,111] [13,14,46,63,86,87,89,104] [5,26,32,33,44,73,82,100] [28,35,44,45,86,99,100,104] [0,24,43,48,68,76,80,105] [14,40,50,69,85,111,116,123] [13,47,58,59,79,94,102,109] [34,36,60,61,68,69,120,125] [55,66,68,79,92,106,107,113] [3,16,38,55,57,84,105,111] [3,6,17,34,40,89,120,121] [12,14,30,78,80,84,119,127] [2,9,45,77,82,107,112,121] [13,14,22,46,63,89,97,124] [5,33,44,72,82,89,95,100] [5,28,32,61,86,99,100,108] [24,32,43,48,68,76,80,105] [14,16,40,50,69,85,91,123] [13,20,54,59,69,79,94,102] [2,22,27,32,34,46,61,69] [29,55,59,66,79,83,106,107] [3,16,23,38,55,57,84,101] [3,6,17,34,40,89,100,121] [12,14,30,32,80,84,119,127] [6,9,45,61,82,100,114,121] [14,22,77,89,97,104,116,124] [5,40,44,61,82,89,94,118] [28,32,37,76,86,100,104,108] [17,32,43,48,76,80,82,91] [14,16,40,43,69,83,91,94] [13,20,48,59,79,90,102,109] [9,27,46,61,69,73,120,121] [29,55,59,66,79,99,106,107] [4,16,38,55,57,66,84,105] [3,4,31,34,40,50,89,94] [1,12,14,30,105,115,119,127] [2,9,35,45,61,66,82,121] [3,23,27,41,55,80,102,115] [5,26,29,46,65,68,100,120] [6,27,38,48,69,83,98,104] [12,20,22,27,45,70,114,117] [52,55,60,98,101,115,117,127] [36,47,66,86,88,120,123,124]
Token 101: [28,33,64,75,82,89,91,110] [8,13,16,28,48,63,90,122] [4,36,42,46,60,64,74,104] [21,24,70,71,73,74,106,127] [5,6,7,11,51,57,60,102] [18,55,63,71,79,87,93,115] [14,22,63,87,89,96,102,104] [1,5,33,40,44,47,82,88] [32,45,67,86,100,104,108,123] [0,7,17,35,41,68,76,80] [15,40,41,76,82,85,91,94] [18,33,40,59,94,97,100,124] [27,32,36,46,61,95,121,127] [1,29,40,45,87,92,112,120] [3,15,38,44,55,57,64,92] [6,32,40,77,89,106,119,125] [13,14,30,84,97,98,115,127] [9,36,78,82,100,102,112,121] [14,22,46,63,89,97,104,124] [5,33,40,44,61,82,88,94] [22,32,45,67,86,100,104,108] [7,17,68,76,80,82,91,97] [15,40,50,82,85,91,94,124] [18,20,30,48,54,59,69,100] [14,22,32,46,61,67,112,121] [45,83,87,92,106,112,120,127] [3,15,16,38,55,57,64,92] [3,17,32,40,89,106,121,125] [14,16,24,30,80,84,93,127] [9,36,78,81,82,92,100,121] [14,22,39,89,97,104,116,124] [5,44,61,82,88,89,94,116] [4,22,32,45,50,86,100,104] [0,7,17,41,76,80,82,91] [9,40,43,69,82,91,94,124] [25,30,59,73,97,100,102,124] [27,61,67,73,103,112,121,127] [40,45,57,62,87,92,106,112] [3,15,16,38,55,57,71,87] [31,32,40,89,100,106,107,125] [13,14,30,44,77,93,115,127] [0,9,36,63,65,82,92,100] [3,23,41,70,86,110,115,126] [5,26,36,46,68,75,80,120] [6,11,27,69,83,104,110,126] [4,5,12,20,22,27,32,117] [10,33,51,55,60,98,117,127] [10,15,21,44,58,82,86,127]
Token 102: [31,38,53,69,92,93,120,122] [2,13,25,63,83,91,103,122] [12,64,68,104,116,117,123,125] [3,20,34,71,89,93,106,127] [11,43,51,63,79,91,102,111] [30,55,71,79,97,111,119,125] [13,14,39,46,63,89,96,115] [5,33,36,44,72,82,94,106] [27,32,44,45,72,86,99,123] [0,17,43,62,68,76,80,105] [14,18,21,50,69,91,94,113] [13,58,59,60,99,115,120,122] [18,27,32,67,69,102,126,127] [6,44,68,79,91,92,95,106] [3,22,38,44,53,55,57,69] [32,40,77,89,100,106,121,125] [14,30,80,84,105,115,121,127] [9,18,26,45,61,82,112,121] [13,14,22,46,63,87,89,116] [5,33,44,50,72,82,88,94] [32,35,45,53,72,86,100,114] [7,17,24,68,76,80,97,106] [15,19,31,33,50,85,91,94] [1,20,54,58,59,85,94,99] [2,7,21,30,46,67,126,127] [33,45,47,59,61,78,106,112] [3,4,14,38,55,57,69,125] [2,6,16,17,32,40,45,100] [14,30,48,62,105,114,121,127] [1,5,61,77,80,82,118,122] [13,14,22,89,96,97,116,122] [5,33,44,61,72,89,94,116] [32,35,45,53,72,90,99,114] [0,7,17,50,62,76,102,111] [18,19,31,50,68,69,91,94] [1,13,54,58,72,85,90,99] [4,21,35,66,69,71,73,126] [32,33,68,78,79,106,117,121] [3,38,55,63,67,69,98,119] [16,17,30,34,40,45,50,100] [30,48,54,112,114,115,121,127] [7,14,45,55,61,77,80,82] [21,23,65,71,101,108,115,117] [4,5,26,46,65,66,115,120] [6,29,46,54,69,71,98,104] [2,12,20,22,45,50,71,117] [27,55,67,68,77,104,117,127] [20,32,34,55,58,73,112,117]
Token 103: [6,28,33,75,87,91,110,123] [24,60,63,65,72,75,103,122] [4,42,46,60,64,65,72,104] [5,23,25,60,64,93,103,106] [7,11,57,64,83,89,96,102] [30,43,55,71,97,103,112,114] [14,39,63,87,89,96,104,115] [5,31,33,36,44,82,94,100] [11,30,32,44,45,55,90,123] [0,17,62,68,76,80,85,100] [12,18,27,36,40,50,69,94] [45,48,56,59,60,75,76,90] [2,4,8,30,34,36,60,95] [0,8,43,47,68,91,103,106] [3,15,55,63,67,68,69,119] [17,32,40,45,50,54,100,106] [4,46,48,84,90,106,114,127] [1,5,7,57,77,99,122,124] [17,46,58,63,87,96,115,122] [5,33,45,48,58,94,100,123] [30,32,35,44,45,55,72,114] [0,17,47,50,62,76,85,100] [4,12,15,18,27,31,36,50] [30,45,48,54,56,60,72,85] [2,4,30,35,64,66,71,73] [8,33,38,43,47,63,67,106] [3,14,63,67,68,69,73,119] [17,26,29,30,45,71,100,106] [0,46,48,90,106,112,114,127] [7,11,57,77,80,88,114,122] [17,58,87,89,96,112,115,122] [33,40,48,58,61,89,94,100] [30,32,35,45,79,90,108,114] [17,23,50,62,76,85,97,100] [4,12,18,22,27,31,36,63] [1,45,48,54,56,72,94,95] [4,34,35,39,64,71,89,93] [0,8,38,47,67,92,106,117] [3,15,55,67,68,69,98,119] [17,29,45,50,63,100,106,125] [0,46,48,54,90,106,112,115] [7,11,57,73,77,81,82,93] [17,23,33,52,69,87,108,117] [7,24,53,66,83,91,115,120] [9,11,29,94,101,104,108,114] [18,20,31,41,50,63,71,91] [27,32,33,51,68,76,77,122] [28,44,57,58,82,83,107,112]
Token 104: [16,72,85,98,100,114,119,122] [24,25,52,63,78,89,106,122] [16,29,42,45,60,65,78,104] [5,19,25,37,68,93,103,106] [2,7,11,37,57,60,63,70] [18,23,55,71,93,103,110,112] [39,63,87,89,96,97,104,115] [1,31,33,36,40,44,82,94] [30,32,45,74,86,90,108,123] [7,17,68,76,80,85,92,100] [4,12,18,27,63,84,91,94] [31,52,53,56,72,75,90,95] [2,4,8,27,40,61,64,125] [8,35,87,92,93,106,112,117] [3,14,38,67,68,69,113,125] [17,32,40,45,50,58,63,84] [10,14,30,80,84,90,106,127] [1,5,7,57,62,77,82,121] [22,39,46,63,96,104,115,116] [32,33,44,58,82,88,94,100] [21,30,32,45,55,67,86,90] [17,62,68,76,80,85,97,100] [4,18,27,36,50,63,91,94] [36,45,56,60,72,85,90,120] [2,4,27,34,61,71,102,126] [33,83,92,93,103,106,110,117] [3,38,44,63,67,68,69,109] [17,29,40,45,75,82,120,125] [0,1,14,30,84,90,106,127] [5,7,9,44,57,77,82,88] [22,46,63,89,96,104,115,116] [21,33,36,44,61,82,88,94] [30,32,45,77,86,87,90,102] [17,50,68,76,80,85,100,102] [4,12,18,27,36,63,91,94] [45,48,53,56,60,72,90,95] [2,4,27,35,61,62,64,126] [8,31,38,83,93,106,110,117] [3,55,66,67,69,98,109,119] [29,40,45,50,63,106,125,127] [0,1,30,48,54,90,112,127] [7,50,55,57,77,80,82,105] [14,23,71,80,87,99,108,117] [0,5,58,66,70,100,115,120] [2,6,26,29,46,57,108,111] [18,29,45,50,54,71,91,117] [16,27,32,68,76,93,122,125] [3,8,53,76,87,102,104,112]
Token 105: [7,32,58,72,88,109,117,121] [1,25,27,52,63,65,97,122] [16,29,60,65,78,89,95,127] [19,25,46,68,93,111,119,126] [2,7,11,30,52,57,70,96] [17,18,64,74,93,103,110,114] [26,34,44,56,58,63,71,104] [9,24,31,33,59,82,100,109] [38,45,65,67,72,77,90,127] [0,17,49,76,80,96,111,122] [18,26,50,51,63,68,69,78] [3,24,28,46,48,54,60,124] [2,15,18,34,61,65,79,85] [8,15,28,42,67,68,91,106] [3,15,38,53,55,57,69,110] [16,17,29,32,40,89,101,120] [0,14,80,84,93,114,115,127] [1,7,19,57,77,82,90,103] [14,46,63,87,89,104,105,116] [5,33,36,44,82,94,100,112] [32,35,37,44,45,65,72,86] [17,24,68,76,80,98,102,125] [9,18,19,45,50,69,90,91] [23,46,54,60,72,85,92,99] [2,23,27,34,61,79,80,102] [78,80,83,92,99,106,112,118] [3,10,14,27,38,57,69,86] [0,3,17,32,40,58,75,120] [1,14,30,80,84,93,113,127] [9,62,72,75,77,82,90,103] [14,22,46,63,66,89,104,116] [19,33,36,44,82,88,94,106] [9,35,43,45,55,67,86,90] [17,59,66,68,76,80,102,105] [7,18,30,45,50,85,91,94] [4,52,60,69,78,85,99,120] [2,4,27,34,46,64,92,102] [20,52,61,67,92,93,106,117] [3,27,29,55,67,69,98,109] [26,29,40,45,50,63,106,110] [0,1,30,48,54,90,106,112] [7,11,44,50,55,57,73,77] [14,23,52,69,80,99,108,117] [0,5,46,58,66,100,115,122] [2,3,6,25,29,46,108,111] [29,50,54,65,82,91,95,99] [5,27,32,68,76,94,104,122] [3,4,44,53,87,102,107,112]
Token 106: [27,52,76,88,109,117,121,127] [25,27,52,57,63,66,97,122] [29,42,48,60,65,89,101,112] [19,20,25,51,60,93,111,119] [2,7,11,16,26,57,63,96] [18,43,55,71,83,93,110,112] [17,39,63,89,96,97,104,115] [1,33,36,40,44,82,89,106] [30,32,45,67,76,86,87,108] [0,17,62,68,76,80,85,100] [4,12,18,19,27,34,63,94] [31,45,48,53,54,56,95,121] [2,4,8,54,64,94,117,127] [8,35,47,67,91,92,106,112] [3,14,38,67,68,69,98,119] [17,29,32,40,45,58,63,84] [0,10,14,42,54,62,90,127] [1,11,50,57,77,82,88,114] [17,22,46,63,87,96,115,116] [5,33,44,58,82,94,100,123] [30,32,35,45,77,87,92,114] [0,17,50,51,62,76,85,100] [4,12,18,27,31,50,63,94] [45,52,54,56,60,72,85,95] [2,4,30,34,35,64,94,117] [8,38,45,47,67,92,106,110] [3,14,38,67,68,69,119,126] [17,26,29,40,45,58,75,83] [0,54,62,76,90,97,112,127] [11,13,50,57,73,77,114,122] [17,58,87,96,104,107,115,116] [33,48,58,88,94,100,119,123] [30,32,45,72,77,87,90,114] [0,13,17,38,51,80,85,100] [4,12,18,27,31,34,50,63] [1,31,45,54,56,72,95,121] [2,4,8,34,35,64,91,117] [8,38,47,63,67,103,106,117] [3,14,55,67,68,69,98,109] [2,16,17,29,30,45,63,125] [0,14,30,48,54,90,112,115] [7,11,50,57,73,77,80,81] [23,24,30,52,69,87,108,117] [5,46,58,66,96,115,120,122] [2,6,16,25,29,41,94,104] [2,50,65,86,87,95,99,121] [1,27,32,68,76,77,94,122] [4,14,44,53,58,107,112,113]
Token 107: [13,26,52,65,72,98,100,102] [18,50,63,70,94,100,124,127] [49,53,65,82,84,88,99,104] [19,25,37,51,86,93,111,116] [2,43,79,85,92,96,102,106] [42,55,59,64,71,103,109,112] [35,56,58,63,89,96,115,116] [5,31,33,36,58,82,94,100] [32,40,45,55,72,86,87,114] [0,17,51,62,68,76,80,100] [4,18,27,50,57,63,69,73] [26,28,45,52,54,56,60,95] [18,27,30,36,64,69,73,85] [6,28,33,47,78,91,106,110] [3,20,38,44,55,57,69,125] [17,32,40,50,66,85,89,120] [14,30,33,54,84,90,114,127] [19,61,62,72,77,80,103,113] [14,39,46,63,96,102,115,116] [33,36,44,82,88,94,100,106] [32,35,44,45,55,72,86,100] [17,62,68,76,80,97,102,125] [18,19,31,33,50,69,91,113] [1,45,46,54,69,85,94,99] [2,30,34,35,67,73,80,102] [26,33,45,59,78,92,106,112] [3,4,14,20,32,38,57,69] [2,6,16,32,34,40,45,127] [14,30,33,39,48,54,62,127] [1,61,72,75,77,80,99,118] [14,22,34,77,89,97,116,126] [5,33,40,56,61,89,94,123] [15,32,35,53,90,100,108,127] [0,13,17,23,50,76,105,111] [15,18,19,31,68,73,82,91] [1,13,54,72,85,94,95,99] [4,21,34,35,36,67,73,92] [15,20,47,78,80,106,112,117] [3,20,32,55,57,69,98,125] [16,17,26,34,40,50,63,75] [0,42,48,54,106,107,115,127] [34,50,59,61,72,77,80,88] [17,23,39,50,56,111,115,117] [5,30,46,72,96,98,115,120] [6,25,29,30,46,64,94,104] [2,29,71,88,98,116,117,127] [15,76,77,90,94,103,123,125] [48,58,65,76,84,107,109,112]
Token 108: [11,16,45,72,85,100,114,119] [8,22,63,72,106,119,122,127] [2,16,45,65,78,101,104,127] [19,25,29,60,74,81,86,93] [46,52,57,64,70,81,92,115] [8,9,25,37,59,64,73,91] [34,47,53,58,63,71,89,107] [9,18,24,59,100,106,109,112] [9,38,45,57,65,72,90,127] [0,17,19,49,80,96,122,125] [18,26,51,68,69,78,105,116] [24,28,49,54,59,60,61,125] [2,9,15,34,56,65,99,115] [15,23,26,28,58,78,91,106] [3,4,17,20,48,57,69,110] [16,17,31,40,49,85,101,120] [14,39,65,80,81,89,115,127] [1,18,21,55,77,78,82,83] [24,26,34,44,56,63,105,116] [9,24,33,44,59,100,106,112] [38,45,65,72,116,121,124,127] [0,10,49,80,96,111,122,125] [16,26,56,58,78,86,94,98] [7,21,23,28,64,65,96,125] [2,9,23,34,56,65,79,96] [42,49,58,82,92,99,104,112] [22,38,57,69,86,88,110,115] [6,11,16,40,44,61,75,120] [48,73,83,89,113,114,115,127] [18,72,75,77,82,83,93,103] [26,30,34,39,63,64,115,116] [27,33,44,82,94,100,103,106] [9,14,15,44,45,46,55,72] [10,23,49,62,80,96,102,114] [7,18,37,41,45,50,86,111] [4,28,29,39,53,64,85,114] [14,17,34,37,42,61,95,102] [20,27,29,36,42,59,91,104] [3,22,36,69,95,96,102,125] [11,17,33,40,75,104,106,120] [1,14,32,42,80,84,107,113] [6,34,59,62,72,77,78,88] [8,17,25,28,56,66,80,111] [5,18,68,69,72,74,80,96] [5,6,25,29,30,39,101,102] [29,41,88,98,110,113,114,117] [16,43,46,63,76,93,99,100] [3,76,83,84,87,102,103,104]
Token 109: [7,32,58,72,88,109,117,121] [1,8,25,27,52,63,65,122] [12,16,60,95,101,104,107,127] [19,20,68,72,74,81,100,126] [2,11,30,46,52,53,57,70] [18,64,74,93,103,110,114,119] [22,54,56,63,65,87,104,111] [24,31,32,33,44,82,100,106] [38,45,67,72,86,90,123,127] [0,7,17,71,76,80,96,111] [18,27,50,69,78,91,94,98] [21,28,48,53,54,60,99,124] [2,4,9,27,34,65,115,127] [40,68,82,91,92,106,112,120] [3,23,38,44,53,55,57,69] [3,17,32,40,80,89,120,125] [14,30,50,84,93,94,115,127] [1,6,9,26,82,92,100,105] [14,22,46,63,87,89,97,104] [5,33,44,82,88,89,94,106] [32,35,45,86,100,104,108,124] [7,17,24,66,68,76,80,97] [9,33,50,82,85,91,94,124] [9,48,54,67,85,92,99,100] [14,22,27,34,61,67,102,127] [45,59,89,92,99,106,112,120] [3,14,15,29,38,44,57,109] [0,3,32,40,89,106,120,125] [14,24,30,80,82,84,93,127] [9,26,39,72,82,90,93,100] [14,22,46,63,88,89,104,116] [5,40,44,61,82,88,89,94] [9,32,35,45,50,83,86,100] [7,17,23,68,76,80,91,105] [7,50,58,71,82,91,94,103] [4,21,54,81,92,96,99,100] [14,17,28,34,92,108,121,127] [20,27,40,68,87,89,92,112] [15,27,29,38,57,87,121,125] [11,16,32,40,63,75,89,106] [0,1,30,42,80,93,107,127] [1,34,39,59,88,93,100,105] [17,25,50,56,70,87,111,115] [5,18,46,68,72,74,80,82] [5,9,26,42,103,104,126,127] [29,51,64,73,91,99,110,117] [15,16,27,32,46,63,94,100] [3,4,53,72,87,102,107,113]
Token 110: [35,52,57,76,109,117,123,127] [17,25,27,47,52,63,115,122] [29,48,60,64,65,101,103,104] [25,29,67,74,86,93,101,106] [2,11,16,46,57,64,89,96] [4,20,55,71,103,109,110,112] [22,39,63,89,96,104,115,126] [31,33,36,44,82,94,100,106] [32,45,67,69,72,86,87,90] [0,14,17,26,34,68,80,85] [4,5,12,18,36,42,50,63] [45,53,54,60,76,90,95,110] [4,18,27,36,54,71,111,125] [35,43,47,85,91,106,110,117] [2,3,49,67,68,69,83,125] [15,17,34,40,45,50,63,100] [0,46,54,84,90,100,106,127] [1,7,77,82,90,114,122,124] [39,46,58,63,96,104,115,116] [33,36,44,82,88,94,100,123] [18,32,45,55,72,86,114,123] [0,14,17,62,68,80,85,111] [7,12,18,19,42,50,63,91] [13,45,58,60,72,85,90,94] [2,4,30,34,69,71,92,111] [33,43,47,67,95,106,110,117] [3,27,63,67,68,69,84,119] [17,29,34,40,45,50,99,120] [0,14,46,54,70,90,114,127] [5,7,50,61,77,99,114,124] [22,39,63,89,96,104,115,116] [33,36,44,61,82,89,94,100] [18,32,35,45,55,72,86,90] [13,17,62,68,76,80,85,102] [4,12,18,19,36,50,63,91] [45,53,60,72,85,90,95,110] [4,8,27,34,35,36,71,126] [13,31,38,47,93,103,106,117] [3,27,55,63,67,69,98,119] [26,29,30,40,45,63,125,127] [0,46,48,54,90,106,112,115] [5,7,50,55,57,73,77,80] [23,52,58,69,87,99,108,117] [0,5,53,58,66,98,100,115] [9,25,29,46,52,102,104,108] [8,18,50,64,71,91,99,113] [16,27,49,74,76,93,94,122] [3,53,61,76,87,102,107,118]
Token 111: [46,47,52,76,88,117,123,127] [25,27,44,47,52,63,109,122] [12,29,42,48,60,64,104,127] [18,19,25,68,74,86,100,114] [7,11,16,37,51,53,57,70] [18,55,74,93,103,110,112,119] [46,63,87,89,104,111,116,124] [1,32,33,44,82,94,100,106] [35,45,67,86,87,90,108,123] [0,7,17,67,68,76,80,102] [7,18,27,30,63,69,91,94] [21,48,53,60,90,96,99,124] [2,4,8,27,34,65,85,127] [0,40,91,92,104,106,112,117] [3,15,38,53,55,57,69,115] [3,6,17,32,40,89,120,125] [0,14,50,80,84,93,100,127] [1,9,62,77,78,82,100,103] [22,46,63,64,102,104,116,124] [33,44,63,82,88,94,100,106] [43,44,45,72,86,90,123,124] [5,7,17,59,66,68,80,102] [7,18,30,50,82,83,91,94] [22,53,60,67,85,94,99,100] [2,4,14,26,27,34,95,127] [27,51,92,99,104,106,112,125] [3,15,38,53,57,69,108,109] [6,26,32,40,58,75,89,125] [1,7,80,84,93,100,113,115] [26,34,62,72,77,82,93,100] [20,46,63,87,103,104,111,116] [19,33,44,63,82,94,100,106] [9,21,45,50,67,83,86,90] [7,8,17,23,68,80,102,105] [7,18,33,50,71,82,91,103] [4,33,53,60,94,99,100,120] [4,14,32,34,85,92,108,127] [20,27,68,85,92,104,106,112] [3,15,29,30,53,87,92,125] [11,32,40,50,58,75,89,125] [1,42,50,80,84,93,105,107] [26,34,39,59,77,82,88,100] [17,33,50,56,70,80,111,117] [5,18,46,69,75,82,99,115] [5,29,46,60,102,104,111,114] [29,41,50,51,64,99,113,114] [16,27,32,46,54,76,93,94] [3,4,53,72,76,87,102,107]
Token 112: [24,46,52,76,88,117,121,127] [13,25,27,38,52,63,97,122] [29,36,42,60,64,65,101,104] [19,25,60,74,91,93,100,114] [7,11,16,51,57,60,73,96] [9,20,43,55,71,103,110,112] [17,39,63,65,96,97,104,115] [33,36,44,82,89,94,100,106] [18,30,32,45,67,87,90,108] [17,68,76,80,85,92,100,102] [4,12,18,27,36,63,69,94] [22,45,53,54,56,94,95,100] [2,4,7,8,18,27,35,94] [8,31,43,63,91,106,110,112] [2,3,14,15,55,68,69,81] [2,17,31,32,40,50,120,126] [0,14,30,44,54,84,114,127] [1,50,57,63,77,90,99,108] [17,22,39,46,58,63,96,115] [33,44,59,82,88,94,100,123] [18,30,32,44,45,72,86,87] [17,47,62,68,76,80,85,100] [4,18,19,27,31,36,50,91] [1,45,53,54,56,85,94,95] [2,4,34,35,64,71,94,117] [8,31,38,47,63,67,106,110] [3,4,14,27,68,69,81,119] [2,16,45,87,99,100,107,122] [0,14,48,54,62,90,114,127] [0,11,30,50,57,77,108,122] [17,34,88,107,112,115,122,126] [5,19,33,40,48,82,100,123] [27,30,32,35,87,90,108,114] [13,17,41,50,62,76,85,100] [4,18,19,27,31,36,68,127] [1,45,53,54,56,85,94,95] [1,4,34,35,36,38,55,94] [8,31,38,47,63,67,106,109] [3,4,14,18,46,55,69,81] [2,16,17,30,40,61,100,107] [0,14,54,77,80,108,115,127] [0,11,50,57,63,65,77,103] [20,23,24,30,69,115,117,126] [46,47,53,94,100,120,121,122] [6,11,16,29,69,94,104,110] [5,22,45,83,87,95,99,114] [1,5,10,32,68,71,76,123] [4,14,31,44,74,92,107,127]
Token 113: [40,43,52,65,72,73,98,100] [18,38,63,70,94,100,122,127] [38,40,57,82,84,88,99,109] [6,31,71,85,86,93,101,116] [7,11,40,73,76,85,106,115] [59,61,64,66,73,97,109,125] [34,35,41,56,83,105,107,126] [5,18,24,49,75,100,109,112] [57,65,72,84,114,121,123,127] [0,9,51,76,85,98,110,122] [26,50,53,61,68,78,90,105] [1,24,32,49,54,61,95,125] [15,21,35,56,65,85,99,126] [6,15,26,28,33,58,110,118] [3,4,17,20,48,55,81,110] [8,10,16,31,40,49,85,101] [8,39,65,81,89,115,124,127] [1,18,19,42,55,78,99,105] [8,24,34,41,63,105,107,126] [18,24,45,49,59,75,109,112] [35,45,53,65,72,84,114,121] [0,9,49,76,98,110,122,125] [19,31,47,56,61,68,90,105] [1,23,24,49,54,61,92,103] [9,15,21,23,35,79,96,99] [15,26,28,33,58,78,110,118] [4,14,20,32,48,86,104,107] [2,5,16,59,70,85,106,127] [39,48,62,81,89,103,124,127] [1,19,21,42,55,75,108,118] [14,24,34,56,88,89,105,126] [3,5,18,33,49,75,112,123] [35,65,66,72,84,90,121,127] [0,9,13,16,50,98,110,125] [31,50,51,56,68,78,90,105] [1,3,23,24,49,54,103,125] [15,21,23,34,35,79,96,99] [15,23,28,58,68,78,106,118] [3,14,17,32,55,81,86,104] [16,17,40,52,70,85,101,127] [14,39,48,73,80,81,115,124] [1,21,42,48,55,69,78,105] [23,24,31,32,64,113,114,115] [31,37,46,71,77,88,100,104] [6,8,53,73,90,98,102,104] [2,22,27,45,82,87,101,114] [5,11,34,52,55,75,98,118] [20,57,73,74,77,86,105,109]
Token 114: [14,21,50,51,57,103,106,110] [3,6,9,28,33,62,95,122] [12,41,84,90,100,122,125,127] [4,39,68,71,87,95,117,127] [7,11,50,56,58,64,83,86] [18,31,47,51,68,105,110,119] [26,39,58,63,87,104,112,116] [5,33,36,44,82,94,100,106] [36,45,67,72,86,109,114,127] [0,8,32,65,68,80,96,122] [26,29,36,50,68,69,78,90] [48,53,54,60,63,69,103,109] [23,24,65,73,78,79,85,107] [23,26,31,33,68,82,83,118] [3,4,11,16,55,76,105,110] [8,16,17,40,50,70,72,103] [42,48,65,81,89,115,119,127] [1,18,55,75,78,90,99,123] [24,26,34,41,63,83,104,126] [24,49,59,62,100,106,109,112] [5,9,41,65,66,72,84,121] [0,9,49,96,98,110,122,125] [26,29,36,47,56,68,90,98] [7,23,26,28,54,103,109,125] [21,23,24,28,47,79,85,107] [31,36,61,66,82,91,118,119] [4,14,16,89,103,105,107,110] [2,12,16,50,59,72,103,120] [12,48,55,65,89,91,115,119] [1,4,13,18,78,83,90,99] [24,26,34,58,63,89,115,126] [24,33,59,60,62,75,100,123] [5,15,36,45,72,90,109,127] [0,32,49,51,65,84,96,98] [26,36,50,51,69,90,98,113] [3,21,54,59,60,63,85,109] [21,23,24,34,42,61,73,79] [23,66,82,91,98,106,118,125] [3,16,53,55,57,69,90,105] [9,16,17,31,40,72,103,120] [12,14,55,80,84,115,119,127] [2,9,35,66,78,82,90,103] [18,23,27,68,80,93,102,115] [6,20,29,36,46,87,100,104] [6,14,20,38,48,69,98,104] [22,27,32,45,58,70,80,114] [36,52,55,60,63,75,115,117] [36,47,66,86,88,120,123,124]
Token 115: [28,51,83,87,91,112,124,125] [9,16,28,29,45,48,68,122] [23,36,42,67,76,100,125,126] [3,12,70,73,100,101,112,114] [7,11,28,37,38,50,83,119] [4,10,63,74,87,93,103,114] [46,63,104,111,115,116,118,124] [2,19,33,44,82,94,100,106] [15,18,20,35,44,67,86,127] [0,32,35,66,67,68,80,102] [18,30,36,50,69,103,109,111] [22,36,42,48,53,54,60,69] [2,26,34,41,65,73,85,115] [13,33,35,68,82,83,91,106] [3,4,16,29,55,63,69,102] [2,16,17,31,38,40,50,72] [14,42,60,84,89,110,115,122] [13,46,52,77,78,82,90,94] [46,58,63,89,104,116,119,126] [2,24,33,44,82,94,100,106] [5,18,20,35,45,72,86,114] [0,2,32,51,65,66,80,111] [29,36,75,89,94,103,109,111] [11,14,31,48,52,54,60,64] [21,23,24,26,28,57,79,108] [23,35,50,68,82,110,118,119] [3,4,16,29,69,89,102,110] [5,16,40,50,61,72,79,99] [14,48,55,60,91,94,108,122] [4,13,37,46,52,78,94,99] [3,13,34,41,63,89,116,126] [2,33,44,56,82,94,100,106] [18,36,45,67,72,86,90,127] [0,32,60,65,68,80,102,111] [18,29,30,36,50,69,103,109] [11,22,53,60,64,69,85,115] [26,34,42,61,71,73,85,115] [13,41,68,76,82,83,91,106] [3,16,47,53,55,69,80,102] [9,16,17,40,51,60,72,120] [14,60,80,84,108,110,115,127] [15,36,46,52,64,78,103,122] [8,23,24,49,68,80,90,125] [12,19,49,80,100,104,121,125] [6,11,23,45,88,98,99,104] [17,22,26,45,46,76,112,114] [29,30,39,52,60,81,104,105] [15,35,52,71,95,111,121,127]
Token 116: [0,16,51,53,70,97,104,120] [20,24,34,62,76,86,107,122] [14,72,81,87,92,100,116,125] [12,13,23,25,32,76,105,117] [0,11,23,25,38,73,83,89] [31,35,80,93,97,107,110,119] [26,39,41,58,63,111,115,116] [24,33,36,82,87,94,100,106] [18,44,45,64,72,86,114,127] [0,21,32,68,80,85,94,102] [14,18,29,36,50,69,78,116] [22,28,30,48,54,60,63,69] [21,23,65,73,78,79,85,126] [13,26,33,44,68,83,91,110] [3,4,29,55,63,69,80,110] [5,16,17,31,40,50,60,117] [7,14,40,48,60,89,115,122] [1,18,52,55,77,78,90,99] [8,26,34,63,70,89,107,126] [24,45,56,59,87,100,112,123] [5,9,45,53,57,65,72,114] [0,32,49,50,51,94,98,122] [3,16,19,31,36,68,90,94] [4,11,30,54,60,63,65,103] [9,21,23,24,35,57,79,85] [26,33,73,78,82,83,91,118] [3,4,24,29,69,80,107,110] [2,5,16,26,40,50,63,99] [7,14,40,60,89,91,122,127] [13,52,53,77,78,90,99,123] [26,34,41,58,63,89,115,126] [5,33,36,59,60,87,94,100] [5,35,45,55,64,72,90,127] [0,13,21,43,51,76,80,94] [18,30,36,50,51,69,75,91] [8,21,48,54,60,65,85,120] [23,34,53,73,79,80,85,115] [13,44,75,82,83,91,106,118] [2,3,24,29,55,69,79,80] [9,16,17,31,40,50,60,120] [7,14,15,40,80,84,115,127] [9,15,52,53,78,80,90,103] [23,24,37,59,68,73,80,125] [20,43,46,81,96,100,104,120] [6,37,38,45,54,80,98,104] [22,45,46,63,84,104,112,114] [39,52,55,75,82,84,105,124] [27,32,35,52,71,90,95,108]
Token 117: [3,28,29,62,77,80,111,126] [11,24,45,62,76,78,86,122] [36,42,72,114,115,119,121,125] [1,11,20,25,76,101,105,119] [0,11,39,40,74,83,97,119] [1,8,30,55,60,80,97,122] [39,46,63,64,104,112,115,116] [33,36,44,82,87,94,100,106] [18,27,44,45,55,67,72,86] [0,44,62,68,76,80,94,102] [1,14,18,29,36,50,69,120] [22,28,48,60,68,69,93,120] [27,53,65,73,79,85,92,102] [24,33,44,49,68,83,106,118] [3,4,9,29,38,55,62,69] [2,17,26,31,40,50,79,84] [14,29,80,84,111,115,122,127] [1,53,77,78,82,84,90,121] [46,63,68,89,96,104,115,116] [9,33,36,44,82,87,94,100] [18,24,27,44,45,55,72,86] [0,17,51,62,68,76,80,94] [18,19,23,29,36,37,50,120] [4,20,48,54,60,68,85,120] [21,23,28,34,71,79,85,102] [24,33,49,68,82,83,91,118] [3,10,29,62,63,69,74,110] [2,17,26,38,40,84,99,120] [14,29,48,111,114,122,123,127] [53,65,77,78,82,84,90,103] [34,46,58,63,89,115,116,126] [5,33,36,44,82,87,94,100] [18,27,35,44,45,72,86,127] [0,17,62,68,76,80,94,102] [18,19,36,37,50,69,90,120] [48,54,60,68,69,71,85,120] [21,23,34,53,71,73,79,80] [24,33,49,68,83,91,106,118] [3,10,11,29,55,62,63,69] [2,5,16,17,31,40,46,120] [23,29,80,91,111,115,123,127] [53,65,77,78,84,90,103,121] [20,23,24,28,55,68,80,115] [2,5,8,46,100,104,120,121] [3,6,13,69,80,98,104,110] [5,22,45,47,83,87,114,117] [10,45,52,55,68,76,82,104] [11,27,31,54,84,86,90,127]
Token 118: [0,31,61,69,81,93,101,107] [26,45,60,62,76,83,91,122] [68,72,92,103,116,117,123,125] [1,20,25,99,100,106,117,119] [0,11,83,91,100,102,110,111] [5,30,35,55,80,97,111,119] [14,39,41,46,63,104,115,116] [5,33,44,72,82,94,100,106] [27,28,45,55,67,72,86,99] [0,17,21,68,76,80,85,105] [1,14,18,36,50,69,84,116] [13,15,22,48,54,58,69,120] [18,27,28,69,78,85,92,126] [13,31,35,44,68,83,85,121] [3,11,28,29,38,55,57,69] [3,23,34,40,50,84,100,112] [14,20,84,98,105,121,122,127] [1,14,30,78,82,90,97,124] [14,22,26,39,46,58,63,89] [5,33,36,44,72,82,94,100] [18,27,28,35,45,72,86,114] [0,17,50,68,76,80,98,105] [14,18,19,31,36,50,90,91] [13,20,26,48,54,58,60,90] [21,23,34,69,73,79,85,107] [33,68,78,80,83,106,118,121] [3,4,10,29,38,57,63,69] [3,6,17,23,34,40,89,100] [14,30,48,80,84,105,121,127] [1,9,30,78,82,90,97,121] [14,22,63,89,104,116,124,126] [5,33,36,44,61,82,88,94] [28,32,35,45,66,72,86,100] [0,13,17,68,76,80,98,105] [14,18,19,36,50,69,90,91] [3,13,48,54,58,63,85,90] [21,23,27,61,69,73,79,126] [13,33,40,68,83,106,118,121] [3,10,28,29,38,55,57,66] [3,5,16,23,34,40,89,100] [20,30,48,63,105,115,121,127] [1,9,14,30,45,78,90,97] [23,55,65,68,80,101,115,119] [4,5,36,37,46,100,104,120] [6,47,54,56,69,71,98,104] [22,27,40,45,54,114,117,127] [52,55,60,67,98,101,117,127] [20,32,34,55,58,73,86,117]
Token 119: [14,22,51,57,101,103,106,110] [25,39,44,46,48,57,60,62] [36,41,42,68,90,115,125,126] [5,20,21,26,46,93,100,106] [7,11,43,51,57,83,102,113] [18,51,55,84,97,105,111,119] [14,46,63,89,96,104,115,116] [5,33,44,72,82,94,100,106] [21,28,40,45,67,86,99,100] [0,17,23,68,76,80,102,105] [1,14,18,19,29,36,50,69] [4,13,22,48,54,58,69,109] [25,27,30,69,71,85,92,112] [31,55,61,66,68,83,92,113] [16,29,38,55,57,69,101,105] [15,23,31,34,40,50,89,100] [12,14,48,84,115,119,122,127] [2,30,45,77,78,82,90,121] [13,14,22,26,46,87,89,96] [5,24,33,44,72,89,100,108] [5,18,32,45,53,72,100,114] [0,17,32,33,76,82,91,105] [14,16,19,31,36,43,75,94] [20,30,48,54,58,60,94,109] [9,21,27,30,35,69,73,107] [31,33,35,45,66,78,83,118] [16,38,55,57,63,101,105,110] [2,6,34,38,40,61,89,100] [12,14,30,89,105,115,119,127] [2,30,35,78,82,90,99,124] [14,22,34,41,89,97,112,116] [5,36,40,44,61,82,89,94] [18,32,35,72,100,104,108,127] [0,17,23,32,68,76,80,105] [14,19,36,43,50,69,91,94] [13,48,54,59,69,90,94,109] [9,23,27,35,61,69,71,73] [33,66,68,83,91,106,113,118] [3,10,16,38,55,57,66,105] [3,16,17,31,34,40,89,100] [12,14,30,80,105,115,119,127] [2,9,30,35,66,78,82,90] [3,23,27,55,68,80,102,115] [5,26,29,36,46,100,104,120] [6,47,48,56,69,83,98,104] [12,20,22,27,45,70,114,117] [52,55,60,98,101,115,117,127] [36,47,66,86,88,120,123,124]
Token 120: [19,23,28,30,51,91,105,112] [16,29,48,60,63,71,116,122] [36,42,64,67,68,100,104,126] [5,21,68,70,73,100,106,125] [7,10,11,27,51,70,83,102] [18,55,63,71,93,108,119,122] [14,22,26,46,63,89,104,124] [5,32,33,36,40,44,82,94] [18,35,40,45,67,72,86,100] [0,17,24,32,41,68,76,105] [33,36,41,50,85,91,109,111] [48,54,60,62,69,85,94,120] [27,30,61,67,85,95,102,126] [33,41,45,62,68,87,106,120] [3,16,29,38,53,55,57,64] [31,34,40,50,77,89,100,106] [14,30,80,84,109,110,115,127] [9,30,37,62,78,82,90,121] [13,14,22,26,46,63,89,116] [5,33,36,44,82,88,94,123] [18,22,32,35,45,72,86,100] [0,17,68,76,80,82,89,105] [33,36,41,50,85,91,109,111] [20,30,42,48,79,85,94,120] [9,30,35,36,46,71,95,112] [13,33,41,45,78,91,106,120] [3,4,16,38,47,55,57,73] [2,25,38,40,89,100,106,126] [14,32,89,93,105,110,115,127] [30,36,64,81,82,90,99,122] [13,14,34,89,97,112,116,118] [5,36,40,44,61,89,94,118] [18,20,32,35,53,72,100,127] [0,17,23,32,41,50,76,111] [19,36,40,69,91,94,109,111] [1,28,30,48,54,79,90,94] [0,9,23,35,61,71,73,126] [33,41,57,68,83,91,106,125] [3,11,16,38,47,55,57,63] [2,15,17,31,40,90,100,106] [14,30,91,105,109,110,115,127] [9,36,64,65,82,90,115,121] [23,24,30,49,68,80,90,115] [5,26,46,75,100,120,121,125] [6,23,47,69,83,98,104,110] [2,12,22,45,76,87,114,117] [10,36,52,55,82,117,124,127] [15,21,31,74,86,114,124,127]
Token 121: [31,53,68,69,70,101,107,118] [60,63,75,83,85,103,116,122] [36,42,59,64,67,117,123,126] [5,10,21,26,71,73,100,106] [7,11,38,51,83,91,102,111] [18,55,71,93,99,108,111,119] [14,22,63,77,87,89,104,124] [5,32,33,36,44,82,94,100] [18,28,40,45,72,86,99,100] [17,24,43,48,68,76,80,105] [14,29,36,50,83,111,116,123] [1,13,28,54,69,90,102,120] [18,27,30,69,85,95,120,126] [33,45,55,68,79,91,106,121] [3,10,28,38,55,57,84,110] [3,23,31,34,40,89,100,106] [14,89,105,109,115,121,122,127] [1,18,37,45,82,90,97,115] [13,14,22,26,58,63,89,107] [5,24,36,44,59,72,75,82] [28,32,35,45,53,72,100,127] [0,17,43,50,76,82,98,105] [14,16,19,36,50,90,94,111] [20,26,30,54,79,90,94,102] [9,21,23,30,36,73,79,107] [33,45,59,78,83,91,92,118] [3,4,10,38,55,57,63,84] [2,3,6,23,38,40,89,106] [14,30,48,80,84,105,121,127] [1,9,13,45,82,90,99,100] [13,14,22,89,97,104,116,124] [5,36,44,56,61,82,88,94] [28,32,35,37,45,72,86,100] [0,13,17,43,68,76,80,98] [14,19,36,50,69,90,91,94] [13,30,48,54,69,79,90,102] [9,21,23,27,35,73,79,126] [33,68,79,83,93,106,118,121] [10,29,38,55,57,63,66,84] [3,5,23,31,34,40,89,106] [1,20,30,80,105,115,121,127] [1,9,14,45,78,82,90,97] [3,23,41,65,68,80,101,115] [4,5,20,26,46,100,104,120] [6,47,54,69,71,98,104,108] [22,27,45,54,104,114,117,127] [14,52,55,60,67,101,117,127] [32,34,55,58,73,74,86,117]
Token 122: [0,14,51,57,101,103,106,110] [13,25,37,44,48,63,75,103] [36,42,67,90,92,107,122,123] [5,10,21,71,73,78,106,127] [11,38,43,51,57,63,102,111] [5,18,49,51,55,71,105,111] [14,22,87,89,93,96,104,115] [5,32,33,40,44,73,82,100] [28,32,40,45,67,86,99,100] [0,17,24,43,48,68,76,105] [1,14,29,36,50,69,116,123] [3,13,48,54,59,79,102,109] [30,39,67,69,73,85,120,125] [33,45,55,66,68,91,92,106] [16,38,42,55,57,84,105,110] [3,17,23,31,34,40,89,106] [12,14,50,80,84,115,119,127] [2,18,45,61,75,82,90,121] [13,14,22,63,87,89,104,107] [5,24,26,33,44,45,47,82] [5,18,22,28,32,53,72,114] [0,17,32,43,76,82,91,105] [14,16,29,36,40,43,69,94] [4,13,20,30,48,79,90,102] [9,21,22,30,69,71,73,125] [29,33,59,61,66,78,83,91] [16,38,55,57,63,84,105,110] [2,3,6,34,40,89,100,106] [12,14,32,80,101,105,119,127] [2,6,45,82,90,99,121,124] [13,14,22,89,96,97,104,107] [5,40,44,56,61,82,88,89] [28,32,45,53,76,100,104,108] [0,17,32,43,76,80,91,105] [14,19,36,43,69,76,91,94] [13,48,59,69,79,90,102,109] [27,35,46,61,71,73,121,127] [33,40,66,79,83,93,106,118] [16,38,55,57,63,66,84,105] [3,5,17,31,34,40,89,100] [12,14,30,80,105,115,119,127] [2,9,35,66,82,90,100,121] [3,23,27,41,55,80,102,115] [5,26,29,46,65,100,104,120] [6,27,48,56,69,83,98,104] [12,20,22,27,45,70,114,117] [52,55,60,98,101,115,117,127] [36,47,58,86,88,120,123,124]
Token 123: [17,28,34,51,67,75,87,91] [13,16,28,48,63,67,90,122] [36,42,46,64,68,70,104,112] [24,68,71,73,74,78,93,100] [7,11,46,51,53,57,60,70] [5,18,31,55,63,71,93,122] [14,63,77,87,89,97,104,124] [5,32,33,40,44,47,61,82] [4,10,32,67,86,100,104,108] [0,7,17,35,76,80,82,105] [1,15,18,82,85,91,94,124] [4,18,48,54,60,94,97,100] [14,24,27,34,46,61,67,121] [74,83,91,92,106,112,120,127] [15,16,38,44,53,55,57,64] [3,6,31,32,33,40,54,89] [10,13,14,30,84,98,115,127] [1,3,61,82,92,93,100,121] [14,22,46,77,87,89,97,104] [5,33,44,61,82,88,89,94] [4,10,22,32,45,86,100,108] [0,7,17,68,76,82,105,124] [9,15,43,82,85,91,94,124] [1,18,20,25,48,54,97,100] [22,24,27,32,61,67,112,127] [29,45,74,83,91,106,120,127] [15,38,55,57,64,74,92,101] [0,6,25,32,33,40,54,89] [10,14,16,30,93,98,100,127] [6,81,82,89,92,100,114,121] [14,22,26,77,89,97,116,124] [5,36,40,44,61,82,88,116] [4,13,22,32,37,100,104,108] [0,7,17,51,70,76,82,91] [9,15,43,69,82,91,94,124] [1,18,25,30,48,54,100,124] [14,24,27,46,61,67,112,127] [29,40,45,83,89,112,120,127] [15,16,38,55,57,64,74,87] [32,33,40,54,77,89,100,106] [13,14,16,26,30,100,115,127] [6,9,61,81,82,92,100,121] [3,8,14,16,23,55,86,115] [5,16,24,26,36,68,80,100] [6,11,27,52,69,83,104,126] [12,16,20,24,32,45,113,117] [51,55,60,92,98,117,122,127] [15,21,26,57,58,94,110,114]
Token 124: [28,34,61,75,87,91,110,122] [13,25,38,63,67,103,109,122] [4,42,46,49,60,64,83,104] [21,24,70,71,73,80,100,106] [5,6,7,11,51,57,60,70] [18,31,55,63,73,93,106,115] [14,22,63,66,87,89,97,104] [1,5,32,33,44,82,88,106] [10,32,35,45,86,100,104,108] [0,17,35,41,68,76,80,102] [1,15,18,25,82,85,91,124] [25,31,48,54,62,73,97,100] [2,14,27,34,46,61,67,85] [29,40,62,68,74,87,106,112] [3,15,29,38,44,53,55,57] [6,17,32,40,50,54,84,89] [1,14,24,62,80,84,98,127] [1,36,68,78,81,82,93,100] [14,46,63,77,89,96,97,116] [5,21,33,44,61,82,88,94] [10,32,35,37,45,86,100,108] [0,7,17,24,35,68,76,80] [15,43,50,82,85,91,94,124] [1,25,48,54,73,85,97,100] [2,14,27,61,67,102,112,127] [62,68,87,89,92,106,112,120] [3,15,38,55,57,71,74,109] [17,32,40,54,89,120,121,126] [14,30,44,80,84,93,108,127] [9,16,26,36,78,81,82,100] [14,22,46,66,77,89,97,116] [5,33,36,44,61,82,88,94] [32,35,37,45,50,86,100,108] [0,7,17,41,68,76,80,102] [1,15,19,50,82,91,94,124] [1,25,48,54,73,99,100,124] [0,2,14,27,67,102,112,127] [29,57,62,63,68,87,106,112] [3,15,29,38,55,57,71,87] [2,16,17,32,40,54,106,126] [30,44,54,77,80,93,115,127] [0,9,26,63,65,93,100,121] [3,14,23,24,49,68,115,126] [5,26,46,47,68,100,120,121] [6,11,12,69,80,83,110,126] [2,5,12,22,45,83,87,117] [10,52,55,60,68,92,117,127] [15,21,31,44,82,86,124,127]
Token 125: [31,38,53,61,69,93,120,122] [2,25,46,63,83,91,103,122] [12,36,68,104,116,117,123,125] [1,3,20,71,89,93,101,106] [11,43,63,79,83,91,102,111] [2,30,55,71,97,111,119,125] [14,26,39,46,63,96,115,116] [5,33,36,44,72,82,94,106] [18,27,32,45,72,86,99,114] [0,14,17,43,68,76,105,111] [14,18,21,50,69,85,91,94] [1,28,48,54,58,69,120,122] [18,27,30,67,69,92,111,126] [26,32,33,44,63,68,91,106] [3,38,44,55,57,63,69,125] [17,34,40,45,84,100,121,125] [14,48,62,84,97,106,121,127] [1,7,61,78,82,99,122,124] [14,22,46,63,77,89,96,116] [5,21,33,36,44,50,72,94] [5,32,35,45,53,72,86,114] [0,7,14,17,50,68,76,122] [15,18,19,31,50,68,91,94] [1,3,20,54,58,85,99,120] [7,21,35,66,69,71,73,126] [26,32,33,44,47,78,106,117] [3,4,14,38,55,63,69,125] [2,16,17,38,40,45,100,120] [14,30,48,62,90,112,114,127] [1,5,7,61,68,77,80,82] [22,35,46,77,89,96,115,116] [5,21,33,36,44,61,82,94] [32,35,45,55,86,90,99,114] [17,50,62,68,76,80,102,111] [18,19,31,50,63,68,91,94] [1,13,48,54,58,72,85,90] [4,21,35,66,69,71,102,126] [25,32,33,68,78,106,110,117] [3,38,55,63,67,69,98,119] [17,29,30,31,40,45,100,127] [30,48,54,80,106,112,115,121] [7,45,55,61,77,78,80,82] [21,23,65,80,101,108,115,117] [4,46,58,65,66,100,115,120] [3,6,29,46,54,69,71,98] [2,20,22,45,50,54,71,117] [27,52,55,67,68,77,117,127] [20,32,34,55,58,73,112,117]
Token 126: [6,28,33,75,87,91,110,123] [24,60,63,65,72,75,103,122] [46,60,64,65,72,92,103,104] [5,23,25,60,93,101,103,106] [11,57,60,64,83,89,96,102] [30,55,71,97,103,109,112,114] [14,39,63,87,89,96,104,115] [5,31,33,36,44,82,94,100] [11,18,30,32,45,55,90,123] [0,7,17,62,76,80,85,100] [12,18,27,36,50,69,94,126] [22,48,56,60,62,75,76,90] [4,18,21,34,36,71,93,126] [0,8,43,68,85,91,92,106] [3,14,55,63,67,68,69,119] [17,32,40,45,50,54,100,106] [4,46,48,62,90,97,114,127] [1,5,7,57,77,82,90,124] [17,39,58,63,87,96,115,122] [33,45,48,58,82,94,100,123] [18,30,32,35,45,55,72,114] [0,17,47,50,62,76,85,100] [4,12,15,18,27,31,36,50] [30,45,48,56,60,72,85,94] [2,4,34,35,36,46,64,71] [8,38,45,47,63,106,110,125] [3,4,14,55,63,67,69,119] [2,17,26,29,45,71,100,106] [46,48,62,90,106,112,114,127] [7,11,57,77,80,88,99,122] [17,58,87,89,96,112,115,116] [21,33,58,61,82,89,94,100] [30,32,35,45,55,79,108,114] [0,17,47,50,62,76,85,100] [4,12,18,27,31,36,63,69] [45,48,54,56,72,85,95,100] [4,8,34,35,64,71,89,126] [8,33,47,67,91,106,110,117] [3,55,63,67,69,97,98,119] [17,26,29,45,50,63,106,125] [0,46,54,90,106,112,115,122] [7,11,55,57,77,81,82,88] [23,33,52,69,87,108,116,117] [53,61,66,83,91,96,100,115] [11,12,29,46,94,101,108,114] [18,20,31,41,50,71,76,81] [14,27,32,33,51,68,76,77] [28,44,53,57,58,82,107,112]
Token 127: [16,72,85,98,100,114,119,122] [25,52,63,72,78,96,106,122] [16,29,42,45,60,65,78,127] [5,19,25,37,68,93,103,106] [2,7,11,37,57,60,63,70] [18,23,55,71,103,106,110,112] [39,63,77,89,96,97,104,115] [1,11,33,44,47,61,82,94] [30,32,45,67,74,86,90,108] [0,17,68,76,80,85,92,100] [12,18,19,27,63,91,94,126] [22,31,53,56,72,75,90,95] [2,4,18,27,28,40,61,64] [8,35,87,92,93,106,112,117] [3,14,38,67,68,69,113,125] [17,32,40,45,50,58,106,125] [14,24,30,62,84,90,106,127] [1,5,7,57,77,82,88,93] [22,39,46,63,77,96,115,116] [21,33,44,58,61,82,88,94] [18,30,32,45,55,72,86,108] [17,50,68,76,80,85,89,100] [4,12,27,36,50,63,91,94] [45,52,56,60,72,85,90,121] [2,4,27,57,61,66,102,126] [8,33,51,83,92,93,106,117] [3,38,44,63,67,69,109,119] [17,29,40,45,82,106,120,125] [0,14,30,76,84,90,106,127] [5,7,22,57,62,77,82,88] [46,63,77,89,96,104,115,116] [21,33,36,44,61,82,88,94] [30,32,37,45,72,77,86,102] [17,68,76,80,85,97,100,102] [4,12,18,19,36,58,63,91] [43,45,48,53,60,72,90,95] [4,8,27,46,61,71,102,126] [0,33,83,93,103,106,110,117] [3,38,55,67,69,98,109,119] [29,32,40,45,58,63,106,127] [0,48,54,80,90,106,112,127] [7,44,50,55,57,77,80,93] [14,23,71,80,87,99,108,117] [5,7,58,66,96,100,115,120] [2,6,12,29,46,57,101,111] [18,29,45,50,54,66,71,117] [16,27,32,33,68,76,93,122] [3,8,53,76,87,102,104,112]
