MODEL: qwen3_30b
TOKEN_COUNT: 128
ACTIVE_EXPERTS: 8
================================================================================
PROMPT TEXT:
As with previous <unk> Chronicles games , Valkyria Chronicles III is a tactical role @-@ playing game where players take control of a military unit and take part in missions against enemy forces . Stories are told through comic book @-@ like panels with animated character portraits , with characters speaking partially through voiced speech bubbles and partially through unvoiced text . The player progresses through a series of linear missions , gradually unlocked as maps that can be freely scanned through and replayed as they are unlocked . The route to each story location on the map varies depending on an individual player 's approach : when one option is selected , the other is sealed off to the player . Outside missions , the player characters rest in a camp , where units can be customized and character growth occurs . Alongside the main story missions are character @-@ specific sub missions relating to different squad members . After the game 's completion , additional episodes are unlocked , some of them having a higher difficulty than those found in the rest of the game . There are also love simulation elements related to the game 's two main heroines , although they take a very minor role .
================================================================================
GENERATED TEXT:
 The game 's story is set in a fictional country called " Gallia " , which is in the midst of a war with its neighboring country " Escher " . The player takes on the role of a young man who is a member of the Gallian military , and is assigned to a unit called the " 3rd Squad " . The 3rd Squad is a unit of the Gallian military that is made up of a group of young soldiers who are trying to survive in the war . The game 's story is divided into three acts : the first act is the player 's initial training and the formation of the 3
================================================================================
EXPERT TRACE (Per token, list of layer expert IDs):
================================================================================
Token   0: [14,21,50,51,57,103,106,110] [3,6,9,37,48,62,95,122] [36,41,84,90,100,111,122,125] [4,5,39,71,87,117,118,123] [11,20,23,50,56,58,63,67] [18,47,51,68,105,107,110,119] [34,46,56,58,63,86,104,116] [3,33,44,45,73,82,94,106] [35,36,44,67,86,90,109,127] [0,2,9,32,65,68,80,102] [1,18,30,50,69,105,113,123] [24,54,61,67,69,96,109,115] [2,15,42,56,65,79,99,115] [6,23,26,28,66,82,91,98] [3,4,16,17,48,53,90,105] [16,40,50,72,85,91,101,103] [39,73,80,81,84,115,119,124] [1,2,18,19,69,83,99,103] [34,56,63,83,104,105,116,126] [3,9,33,49,82,100,106,112] [65,67,72,84,90,116,121,127] [0,9,65,80,98,110,122,125] [30,50,56,61,78,90,98,105] [23,24,49,54,61,96,109,125] [15,23,34,65,79,96,99,115] [15,23,26,58,66,82,83,118] [3,4,16,17,48,53,90,105] [16,23,40,70,72,82,103,120] [12,14,30,80,81,84,119,124] [1,2,35,66,82,83,90,103] [20,46,56,63,104,110,116,119] [3,32,44,73,75,82,94,106] [21,36,43,44,67,86,90,109] [32,57,65,68,80,102,111,113] [25,30,50,69,88,103,113,123] [3,59,63,69,89,96,109,115] [2,24,34,42,73,95,114,115] [10,23,66,68,82,91,98,113] [3,8,16,36,53,55,90,105] [4,16,40,56,61,72,103,120] [12,43,55,80,84,115,119,126] [2,9,35,66,78,80,103,112] [5,18,27,80,93,102,115,123] [6,29,36,46,65,87,100,104] [6,14,20,27,48,81,98,104] [12,37,45,58,70,80,114,123] [22,52,55,75,98,104,115,117] [36,47,66,71,86,88,120,123]
Token   1: [28,51,83,87,91,112,124,125] [9,16,29,48,67,68,90,122] [4,23,36,67,76,100,125,126] [12,37,70,73,92,101,112,114] [11,20,27,28,50,57,58,104] [10,18,63,74,87,93,103,115] [46,63,104,111,115,116,118,124] [2,32,33,44,73,82,100,106] [15,20,35,44,67,86,90,127] [32,35,59,65,66,68,80,102] [18,30,50,88,91,95,103,109] [8,22,36,42,53,60,69,115] [2,4,14,26,34,42,114,115] [40,41,57,76,82,91,106,112] [3,16,53,55,60,69,102,109] [6,16,17,31,32,40,72,89] [1,14,60,80,84,108,110,115] [15,46,64,77,82,94,100,103] [46,52,56,63,64,103,104,116] [19,32,33,44,82,94,100,106] [15,35,40,44,67,86,90,123] [7,17,32,35,68,80,102,111] [7,18,23,30,50,94,103,109] [8,22,42,53,60,96,99,115] [0,2,4,14,26,34,73,115] [18,41,57,82,91,98,106,112] [3,16,53,55,60,69,102,109] [6,16,32,40,61,72,120,126] [14,30,60,80,84,108,110,122] [15,46,52,78,82,94,103,117] [46,56,63,89,104,110,116,118] [2,3,33,44,82,94,100,106] [20,36,43,44,67,86,90,127] [32,35,57,65,68,80,102,111] [23,30,41,50,69,103,109,113] [0,22,42,48,69,85,89,115] [2,26,34,42,73,95,102,115] [10,18,41,57,76,82,91,106] [3,16,36,53,55,60,80,102] [6,16,31,40,56,60,61,120] [15,55,60,80,84,108,110,115] [15,36,46,52,64,78,103,122] [8,23,24,49,73,80,90,125] [12,19,49,80,100,104,121,125] [6,11,23,45,88,98,99,104] [17,22,45,46,58,76,112,114] [5,29,30,39,52,81,104,105] [15,35,71,74,95,111,121,127]
Token   2: [72,76,95,100,102,110,119,122] [12,62,64,70,94,100,106,122] [30,72,75,77,78,87,99,125] [25,61,73,82,101,103,105,116] [11,50,52,59,63,92,118,126] [2,17,25,33,37,59,64,103] [34,35,47,53,56,63,71,107] [18,24,45,59,62,82,106,109] [38,53,65,67,86,90,116,127] [0,17,19,49,80,96,102,125] [3,16,18,26,30,50,51,57] [3,20,21,24,28,52,60,125] [2,9,34,56,65,96,105,115] [10,23,28,78,81,82,91,106] [3,17,53,67,90,100,110,115] [16,31,40,49,52,70,101,120] [30,65,80,81,83,84,89,115] [1,18,21,42,55,78,82,83] [24,34,39,44,56,63,105,116] [3,9,24,59,62,88,100,112] [38,45,53,65,72,101,121,127] [0,49,80,96,110,111,122,125] [16,19,56,61,68,78,94,98] [7,21,23,52,54,96,99,125] [2,4,9,46,56,65,96,127] [58,78,81,92,103,104,106,112] [3,4,38,53,86,107,110,115] [6,16,32,40,49,59,91,120] [48,65,80,83,89,103,105,115] [1,18,21,55,72,82,93,99] [24,26,34,44,63,75,83,116] [24,30,51,56,73,100,106,123] [9,15,37,41,53,72,90,111] [0,7,10,49,65,80,96,111] [7,16,26,30,34,82,94,103] [4,21,39,52,94,96,99,121] [9,14,33,59,65,85,108,127] [20,27,78,81,91,92,104,112] [15,38,86,92,102,109,110,125] [11,25,32,41,51,52,75,125] [28,35,42,48,93,107,111,115] [12,34,49,59,72,80,88,105] [4,8,17,53,56,66,70,111] [2,18,31,55,75,80,96,113] [5,16,25,51,99,104,114,127] [29,38,40,73,77,90,95,117] [16,46,62,71,81,90,106,118] [8,46,48,65,76,93,109,110]
Token   3: [32,46,48,49,58,72,78,118] [2,12,22,33,34,62,93,122] [14,51,65,77,90,100,115,125] [13,15,50,73,84,101,116,125] [11,23,38,50,59,63,73,83] [18,31,55,74,88,105,107,119] [13,46,56,63,64,86,89,116] [2,33,44,73,82,94,100,106] [15,35,44,64,67,86,90,127] [32,51,59,65,66,68,80,102] [1,18,30,50,88,103,108,113] [20,22,69,79,85,86,109,115] [2,26,34,42,73,114,115,125] [2,66,68,82,91,98,110,113] [3,8,29,53,55,90,105,109] [16,31,38,40,50,72,91,120] [11,43,60,78,80,84,119,122] [2,20,66,90,94,99,103,107] [13,46,56,63,86,104,110,116] [2,3,33,44,45,73,82,106] [5,36,64,67,86,90,114,127] [0,32,65,68,80,102,111,113] [30,50,69,88,98,103,108,113] [8,20,59,69,89,96,109,115] [2,34,42,73,79,114,115,125] [2,66,82,83,91,98,110,113] [3,8,16,53,55,57,102,105] [6,16,40,56,61,72,91,120] [11,14,43,60,80,84,119,122] [2,20,35,66,83,94,103,117] [34,46,63,66,104,110,116,119] [2,3,44,73,82,94,100,106] [21,43,44,67,86,90,95,127] [49,57,65,68,80,84,102,113] [25,30,50,69,88,103,108,113] [0,20,59,69,85,89,109,115] [2,26,34,42,73,114,115,125] [2,10,66,76,82,99,106,113] [3,8,36,53,55,90,102,105] [3,4,31,40,56,61,72,120] [43,51,80,84,115,119,126,127] [2,9,20,35,66,78,103,112] [18,25,27,80,93,98,102,123] [6,29,36,65,87,91,100,104] [6,14,20,27,48,81,98,104] [12,22,32,45,70,80,114,123] [22,52,55,75,80,98,115,117] [36,47,66,71,88,120,123,124]
Token   4: [0,23,28,41,62,87,124,125] [29,38,45,62,67,73,77,122] [36,49,73,76,100,125,126,127] [9,12,14,24,40,62,70,114] [5,11,27,50,57,73,77,104] [10,18,48,74,87,115,117,119] [23,46,63,64,66,86,104,116] [32,44,69,73,82,100,106,110] [0,6,20,67,86,95,111,123] [25,35,62,68,80,99,109,113] [18,30,41,50,88,89,95,109] [16,22,39,42,64,85,89,96] [14,26,34,42,80,95,103,114] [10,41,50,76,82,106,109,123] [3,31,47,53,60,75,99,102] [6,17,40,56,72,77,91,120] [1,14,60,78,80,83,94,110] [6,36,46,64,66,68,103,107] [23,54,63,65,66,86,104,116] [32,33,45,73,82,100,106,110] [3,6,20,44,67,86,90,95] [22,35,40,49,71,80,99,113] [23,30,41,50,88,95,109,124] [16,18,42,64,69,96,97,115] [0,14,25,42,67,73,103,114] [18,41,57,76,82,91,106,109] [3,47,53,55,60,71,73,102] [16,17,40,56,72,77,91,120] [1,14,50,60,78,80,94,114] [6,36,46,66,83,92,103,117] [54,56,63,65,86,104,110,118] [3,32,33,73,82,100,106,110] [20,67,86,90,95,101,103,116] [22,35,40,65,80,106,113,127] [30,41,50,69,88,95,113,124] [18,42,55,64,69,85,89,115] [0,2,25,42,73,103,114,115] [10,18,41,57,62,76,82,91] [3,8,47,55,60,71,73,102] [20,31,40,51,56,60,72,120] [6,44,60,80,94,108,110,115] [15,36,46,52,64,78,80,103] [8,23,24,49,73,80,90,125] [12,19,49,74,80,104,121,125] [6,23,45,72,88,98,99,104] [5,17,22,26,46,76,112,114] [29,30,39,52,80,81,96,105] [15,21,35,95,111,114,121,127]
Token   5: [16,47,53,66,101,104,107,120] [34,62,67,77,86,107,122,126] [14,36,50,74,87,116,125,126] [12,13,25,56,71,76,89,114] [0,11,23,25,38,53,74,77] [18,80,93,107,110,119,122,125] [46,56,63,64,75,110,115,116] [33,50,60,69,73,82,87,106] [36,64,67,86,90,99,123,127] [22,45,65,68,80,84,94,113] [14,18,30,50,83,108,113,121] [64,67,69,86,89,98,115,120] [26,42,53,73,95,97,115,116] [10,16,21,44,68,75,82,98] [3,8,29,53,55,75,79,80] [16,40,50,56,60,91,95,120] [1,7,40,60,80,83,84,101] [1,15,52,53,99,103,117,122] [46,56,63,75,89,104,110,116] [3,33,44,73,82,87,106,110] [36,64,67,72,86,90,95,114] [0,22,65,69,80,94,113,127] [14,30,50,69,98,108,113,121] [0,54,64,69,86,89,107,115] [2,30,34,42,53,67,73,115] [44,75,76,82,83,98,106,110] [3,6,8,53,55,57,80,99] [1,6,16,40,56,60,91,120] [1,7,14,40,60,78,80,122] [6,15,52,53,103,106,112,117] [54,56,63,75,86,89,104,110] [32,33,45,73,82,87,100,106] [44,64,67,86,90,95,103,127] [22,49,76,80,94,111,113,127] [14,30,45,50,69,98,108,113] [20,64,67,69,86,89,98,115] [2,9,42,53,63,73,95,115] [10,21,44,75,76,82,91,106] [3,8,34,53,55,57,79,80] [6,31,40,56,60,61,91,120] [7,15,40,60,78,80,115,127] [15,52,53,80,85,103,106,117] [22,24,37,59,73,80,123,125] [8,36,43,49,81,100,104,112] [6,27,37,45,54,80,81,98] [12,22,37,46,63,80,112,114] [22,39,52,55,80,82,105,124] [27,32,34,35,52,71,90,95]
Token   6: [0,28,29,30,62,97,101,126] [11,54,62,67,78,86,116,122] [24,36,70,112,119,121,125,126] [1,2,9,10,25,26,76,100] [0,11,39,58,60,74,77,121] [5,60,74,78,80,83,95,111] [9,14,63,64,86,111,112,116] [26,45,56,73,82,87,100,106] [5,24,27,64,67,90,99,123] [22,38,44,45,65,80,94,105] [14,30,50,74,80,108,113,120] [58,67,68,69,86,89,115,120] [2,18,34,42,53,73,95,115] [10,21,24,44,68,75,82,106] [3,8,28,53,62,69,99,101] [6,16,31,40,56,77,91,98] [40,60,78,80,83,111,115,123] [12,45,53,68,84,103,106,120] [13,52,54,56,63,65,86,104] [3,5,32,45,82,87,100,106] [5,35,44,64,67,95,99,123] [0,65,76,80,94,99,105,111] [2,14,18,30,50,69,98,113] [20,48,68,69,86,89,96,115] [2,34,42,53,67,73,95,115] [24,44,68,75,82,91,104,106] [3,53,55,57,62,69,99,101] [6,16,17,34,40,91,98,121] [14,30,78,80,111,114,123,127] [6,12,45,53,77,84,103,121] [14,63,65,86,89,97,104,111] [1,5,32,45,73,82,100,106] [24,27,32,64,67,95,123,127] [17,49,76,80,94,99,105,111] [14,18,30,50,69,98,113,120] [59,60,68,86,89,96,104,115] [2,34,42,46,53,73,95,115] [10,24,44,68,75,91,95,106] [3,38,53,55,57,62,69,101] [6,17,31,40,61,71,87,91] [29,78,80,111,114,115,123,127] [53,54,65,77,80,84,103,121] [8,20,24,28,55,66,75,80] [2,8,16,18,58,80,104,121] [3,6,13,23,27,80,110,113] [5,12,47,76,83,86,87,114] [5,10,45,52,55,74,96,104] [11,27,31,54,74,90,114,127]
Token   7: [18,31,38,61,69,93,107,120] [60,76,83,85,86,91,105,122] [67,68,112,116,117,119,123,125] [1,11,25,26,33,76,106,111] [0,11,39,60,77,91,102,111] [2,5,18,60,80,93,111,122] [9,14,86,89,104,111,112,116] [5,32,45,72,73,82,100,106] [27,28,39,44,67,95,99,123] [45,48,49,76,80,81,99,105] [7,14,18,30,50,69,83,113] [5,13,47,58,67,86,89,115] [18,34,42,53,68,69,95,126] [10,24,44,55,68,85,106,121] [3,28,44,53,57,69,99,101] [3,6,17,34,40,50,91,100] [1,14,20,43,78,80,121,127] [14,30,45,53,77,97,103,121] [14,23,54,63,65,86,89,104] [1,5,32,45,72,82,100,106] [32,44,61,67,95,99,100,123] [17,76,80,81,97,99,105,111] [2,7,14,18,30,50,76,83] [13,47,58,60,67,89,90,115] [2,34,42,46,53,68,69,115] [10,24,44,55,79,82,106,121] [3,28,53,55,57,69,99,101] [3,6,17,34,40,91,100,121] [1,14,43,78,80,114,121,127] [1,6,30,45,77,82,97,121] [14,54,63,65,86,89,97,104] [1,5,32,45,82,100,106,108] [32,67,76,95,99,100,108,123] [17,48,76,80,81,99,105,111] [14,18,25,30,69,76,83,94] [13,20,47,58,60,67,90,115] [2,34,46,68,69,73,115,120] [10,44,55,79,93,99,106,121] [28,38,55,57,66,69,84,101] [3,6,17,34,40,89,91,100] [20,78,80,105,114,121,126,127] [1,14,30,45,77,82,97,121] [3,55,65,75,80,101,115,119] [4,36,46,58,65,68,81,104] [6,27,52,54,56,69,71,104] [2,12,27,32,45,114,117,127] [52,55,63,67,77,101,117,127] [32,34,55,58,74,86,112,117]
Token   8: [27,48,49,50,78,101,106,110] [44,46,60,62,75,91,99,122] [10,36,45,52,68,122,125,126] [12,26,61,87,94,106,109,114] [0,11,57,67,77,102,111,121] [5,18,51,74,93,105,110,111] [9,13,14,86,87,89,104,111] [1,5,32,45,72,73,82,106] [2,28,47,67,86,95,99,123] [45,48,76,80,81,99,102,105] [2,7,14,25,29,30,50,83] [13,15,47,58,67,86,97,115] [34,42,46,47,68,69,95,115] [10,12,44,55,66,106,113,126] [3,44,53,57,83,96,99,105] [3,6,17,34,40,50,68,91] [1,14,43,51,75,78,80,127] [2,27,35,37,66,82,112,121] [14,22,65,86,89,97,104,111] [1,5,32,45,53,82,91,100] [32,44,67,95,100,104,108,123] [7,24,76,80,81,97,99,111] [7,14,18,25,30,76,83,94] [12,36,60,67,94,99,100,115] [2,32,34,42,46,92,115,127] [12,29,66,71,92,99,106,112] [23,38,53,55,57,66,99,105] [3,6,17,32,40,91,100,121] [1,14,16,51,78,80,102,127] [6,66,77,79,82,102,112,121] [14,22,54,86,89,97,100,104] [1,5,32,45,82,100,108,115] [2,9,44,67,76,95,122,123] [60,76,80,81,99,102,103,111] [2,7,18,25,30,76,83,94] [4,20,60,67,79,94,96,115] [2,34,42,46,61,68,92,115] [10,12,20,40,66,99,106,113] [3,23,39,55,57,69,96,105] [3,6,17,31,34,40,91,100] [43,51,78,80,114,115,121,127] [2,6,30,35,45,66,77,121] [3,18,55,80,93,98,102,123] [6,26,36,58,65,81,87,104] [3,6,20,27,48,69,81,104] [12,20,37,45,70,80,114,117] [22,44,52,55,80,98,115,117] [36,47,66,71,86,88,120,123]
Token   9: [22,28,64,67,77,82,87,91] [13,45,48,67,68,99,114,122] [4,36,64,70,74,90,121,125] [16,53,62,73,77,106,110,117] [10,11,57,70,87,102,104,116] [18,58,83,103,105,108,115,122] [14,55,63,65,86,89,104,124] [5,32,33,45,73,82,100,106] [2,4,67,86,95,103,123,127] [23,25,35,49,51,76,80,127] [2,29,30,33,40,41,50,95] [5,15,16,50,62,94,97,115] [2,14,46,62,76,95,103,115] [10,12,68,85,91,102,106,113] [3,38,53,55,57,64,96,99] [3,6,16,31,40,50,91,100] [13,43,51,78,80,109,111,127] [2,30,35,66,103,107,120,121] [14,54,55,63,65,86,89,104] [5,32,44,45,73,82,100,106] [2,4,44,86,90,95,123,127] [0,33,35,49,76,80,81,102] [2,30,33,40,41,50,95,110] [5,16,20,50,60,94,97,115] [9,32,34,39,42,46,73,115] [10,12,82,91,102,106,113,127] [3,38,53,55,57,64,96,102] [6,31,40,46,61,77,91,100] [1,13,30,51,78,80,109,127] [2,6,30,66,82,92,103,121] [14,55,63,65,86,89,97,104] [1,5,32,45,73,82,100,106] [2,4,32,38,56,67,95,100] [33,35,49,76,80,81,99,111] [2,30,33,40,41,67,69,94] [16,18,21,50,60,94,97,115] [2,9,14,32,46,73,103,115] [10,12,99,102,106,113,120,127] [38,53,55,57,64,82,96,102] [3,6,40,46,61,77,91,100] [13,14,51,78,80,109,115,127] [2,6,30,35,66,92,121,126] [3,18,55,80,86,98,102,115] [6,16,26,36,58,65,68,104] [6,20,27,48,69,72,81,104] [12,20,32,45,70,80,114,117] [22,52,55,80,98,101,115,117] [26,36,47,71,86,88,120,123]
Token  10: [23,28,87,91,105,110,112,122] [13,29,63,67,68,97,114,122] [4,6,36,49,59,64,76,104] [37,50,70,73,74,78,106,123] [5,11,27,38,51,57,70,102] [10,18,55,75,93,110,115,122] [6,14,22,23,86,89,97,104] [1,5,32,40,45,76,82,100] [2,20,67,76,95,100,104,108] [17,35,41,76,80,87,99,102] [7,25,30,84,85,95,109,111] [16,42,55,60,62,90,94,97] [2,14,32,34,46,61,103,115] [12,40,41,57,87,106,109,123] [23,38,44,53,55,57,60,99] [3,6,17,40,50,75,91,121] [1,14,75,78,102,108,110,127] [0,6,9,36,64,82,112,121] [14,22,23,65,86,89,97,104] [1,5,32,45,82,89,100,108] [2,32,61,95,100,104,108,123] [17,24,35,71,76,80,99,111] [2,7,18,25,69,85,95,109] [18,20,42,55,60,94,97,115] [0,2,32,34,46,59,61,115] [12,29,41,57,91,106,109,123] [23,38,44,53,55,57,60,71] [6,16,17,32,40,61,89,121] [1,14,44,78,102,108,110,127] [0,6,9,36,64,65,82,121] [14,22,65,86,89,97,104,118] [1,5,32,45,82,89,100,108] [2,20,32,67,76,100,104,123] [35,40,41,76,80,99,106,111] [2,25,69,84,94,95,109,124] [16,42,55,60,90,94,97,115] [0,2,9,14,46,73,103,115] [10,12,41,57,91,106,109,123] [3,18,23,38,55,57,60,102] [6,17,20,31,40,61,89,107] [44,77,78,80,108,110,115,127] [0,1,63,64,65,103,121,122] [3,16,24,49,55,90,115,126] [8,26,47,56,80,104,121,125] [6,23,27,37,69,80,104,110] [2,5,12,47,76,87,114,117] [5,10,22,52,55,82,117,124] [10,15,31,44,74,86,90,127]
Token  11: [21,28,29,36,97,120,122,126] [2,11,53,63,83,103,106,122] [8,36,59,64,87,116,121,125] [1,10,50,64,78,89,94,123] [10,38,51,70,79,91,113,118] [18,55,75,82,93,111,122,123] [13,14,52,56,86,89,104,111] [5,32,40,45,60,62,82,100] [2,27,44,67,95,99,104,127] [43,45,49,76,80,81,99,111] [2,7,14,30,40,42,83,85] [58,60,65,76,79,90,94,115] [2,9,32,34,46,59,115,127] [10,12,24,32,79,91,106,121] [3,38,53,55,57,102,111,115] [3,6,40,50,61,75,89,91] [1,4,78,91,105,111,115,127] [1,53,75,82,93,99,120,121] [14,34,47,56,86,87,89,104] [5,32,45,60,62,82,100,106] [2,5,67,93,99,100,123,127] [0,43,49,76,80,99,102,111] [2,7,30,40,50,69,94,111] [20,25,60,79,89,90,94,115] [2,9,32,34,46,73,95,115] [12,24,29,44,79,91,104,106] [3,38,53,55,57,62,99,110] [6,16,40,61,75,87,89,91] [14,78,80,89,91,105,111,127] [1,18,53,68,82,99,120,121] [14,34,55,86,87,89,97,104] [1,5,32,45,47,56,62,82] [2,32,38,53,67,100,123,127] [0,7,43,49,76,80,99,111] [14,30,40,69,76,83,85,94] [5,21,60,79,90,94,110,115] [2,9,27,46,60,73,121,127] [12,24,32,79,81,91,93,106] [10,23,38,53,55,57,62,66] [3,17,31,36,40,61,87,89] [4,78,80,105,111,115,126,127] [1,6,14,18,45,53,82,121] [3,21,55,65,75,80,101,115] [4,36,46,58,65,68,88,104] [6,27,54,56,69,71,77,104] [2,12,27,32,37,45,114,117] [14,52,55,63,101,117,125,127] [6,20,32,34,58,73,86,117]
Token  12: [35,72,76,95,100,102,110,119] [12,61,63,64,70,94,106,122] [30,40,75,77,78,87,113,125] [10,37,76,78,82,94,103,124] [10,11,38,51,52,57,77,118] [2,5,18,22,33,37,55,103] [8,14,34,47,56,86,104,107] [5,8,40,45,60,62,82,109] [53,67,89,90,95,99,103,127] [0,45,49,76,80,81,117,125] [2,16,30,40,47,53,57,83] [5,40,67,79,90,102,106,115] [2,9,21,34,46,60,65,127] [10,32,47,78,79,81,91,106] [3,36,38,53,55,57,99,110] [3,16,40,50,52,61,89,91] [1,78,80,89,105,115,126,127] [1,18,53,75,82,99,103,120] [34,56,58,63,86,87,89,104] [8,32,45,62,73,82,100,106] [5,53,67,72,89,90,99,127] [0,49,69,76,80,96,102,111] [6,7,16,30,40,47,57,94] [5,20,30,52,60,79,90,115] [2,9,21,39,46,73,95,127] [32,47,78,81,91,92,104,106] [1,3,38,42,53,55,57,125] [16,40,52,61,75,89,93,119] [30,78,80,89,91,105,115,127] [1,18,42,53,68,80,82,99] [14,34,54,63,86,87,89,104] [5,8,32,45,47,56,62,82] [38,53,67,89,90,100,123,127] [0,7,17,49,76,80,99,111] [2,16,30,47,57,69,91,94] [5,21,30,52,59,60,90,96] [2,9,21,27,46,73,126,127] [32,33,45,47,78,81,93,106] [38,53,55,57,66,68,86,115] [17,31,36,40,52,61,89,91] [65,78,80,89,105,115,126,127] [1,6,18,42,72,82,100,121] [3,16,21,39,55,80,92,115] [36,46,58,65,68,75,88,104] [6,8,27,52,56,69,77,104] [2,12,27,32,37,45,114,117] [14,52,55,63,101,117,125,127] [20,58,65,73,86,99,109,117]
Token  13: [28,33,52,56,64,75,82,124] [6,9,24,28,47,61,90,122] [4,16,46,74,85,97,104,107] [9,24,72,74,78,87,109,116] [8,11,43,46,53,57,70,122] [18,32,52,55,79,81,93,110] [6,14,54,65,77,87,89,104] [1,5,32,40,45,61,74,82] [17,22,32,67,76,100,108,123] [7,17,35,55,76,80,81,82] [3,7,16,25,55,82,85,94] [18,30,59,90,94,97,99,100] [9,24,32,34,46,52,93,127] [1,45,61,71,78,87,91,92] [15,22,38,53,55,57,84,92] [0,31,32,40,77,89,119,125] [1,14,28,35,78,89,113,127] [1,18,37,68,82,112,118,121] [6,14,22,54,65,87,89,104] [1,5,26,32,45,74,82,100] [22,32,53,61,67,100,108,123] [0,7,17,76,80,81,82,99] [2,7,9,16,25,55,85,94] [25,30,48,52,60,90,96,99] [2,9,22,24,34,46,112,127] [29,51,61,78,91,92,106,120] [15,33,38,42,53,55,57,92] [0,17,25,32,40,51,89,125] [1,14,28,35,78,80,82,127] [1,18,68,73,79,82,118,121] [14,22,54,63,86,87,89,104] [1,5,32,44,45,47,74,82] [17,22,32,53,67,76,100,123] [0,7,17,76,80,81,82,99] [9,16,25,55,71,82,94,126] [18,25,30,52,59,90,96,99] [2,21,24,46,73,92,112,127] [1,45,52,61,91,92,93,120] [22,26,33,38,55,57,66,92] [0,25,32,51,89,106,110,125] [27,28,35,65,78,82,126,127] [18,49,81,82,92,99,118,121] [4,8,17,33,70,80,106,116] [24,41,61,69,75,80,83,111] [9,11,42,52,62,96,104,125] [41,45,48,67,88,114,116,117] [9,14,18,26,33,54,63,125] [0,6,17,18,23,53,58,96]
Token  14: [4,38,66,86,101,117,118,122] [24,31,33,40,47,57,66,85] [4,11,18,46,55,57,74,97] [9,29,45,67,80,94,114,117] [46,51,57,60,65,70,95,100] [0,18,32,55,79,93,110,115] [14,22,54,87,89,104,108,111] [5,32,44,45,74,81,82,108] [5,11,32,67,94,100,104,123] [7,17,35,76,80,82,91,99] [7,25,54,71,82,85,94,124] [18,25,43,73,97,99,100,107] [4,22,34,40,46,92,93,127] [62,71,87,89,92,97,106,112] [15,22,23,38,53,57,92,116] [17,32,40,89,110,119,121,125] [1,14,28,37,39,78,126,127] [9,27,36,37,75,82,112,118] [14,22,54,65,87,89,104,111] [1,5,7,32,44,45,82,100] [17,22,32,61,67,100,108,123] [7,17,35,71,76,80,82,99] [7,25,55,71,82,85,94,124] [18,25,30,60,73,97,99,100] [2,14,32,34,46,92,112,127] [2,45,62,71,92,106,112,120] [15,23,38,53,57,71,92,116] [17,32,40,75,89,121,125,126] [1,14,28,35,78,108,113,127] [9,18,36,68,75,82,89,121] [6,14,22,54,87,89,97,104] [1,5,32,45,74,82,89,108] [22,32,53,67,76,100,104,123] [7,17,35,76,80,82,99,111] [2,25,54,55,71,82,94,124] [20,25,30,60,73,99,100,124] [2,14,46,73,92,112,121,127] [29,52,57,62,89,92,106,112] [15,18,22,38,55,57,71,92] [17,31,32,40,61,107,125,126] [28,44,54,77,89,108,115,127] [0,18,49,63,65,82,100,121] [17,24,30,50,69,70,113,126] [8,47,56,61,75,80,121,122] [6,8,11,27,67,69,80,110] [2,5,12,32,76,77,87,95] [1,5,52,55,57,71,104,123] [14,25,44,46,58,74,82,92]
Token  15: [47,76,95,100,102,110,119,122] [12,64,70,84,94,100,117,122] [38,40,49,77,78,99,113,123] [20,31,34,68,89,94,111,116] [11,52,70,75,85,99,106,115] [18,33,42,55,59,64,66,93] [14,24,56,58,86,87,89,104] [5,8,32,45,62,82,100,112] [2,44,53,67,90,95,123,127] [7,17,49,76,80,99,111,117] [2,16,18,30,57,85,94,105] [30,49,60,61,94,99,105,122] [2,9,34,46,92,99,115,127] [10,28,47,71,78,81,91,106] [18,32,38,48,53,55,57,111] [6,31,32,40,61,85,89,91] [39,44,78,80,89,108,115,127] [0,1,18,68,72,82,99,121] [14,63,65,86,87,89,104,105] [5,32,45,47,49,82,100,106] [53,61,67,84,95,100,121,123] [7,9,17,76,80,99,110,111] [2,18,30,61,76,82,94,105] [24,42,49,60,61,94,99,115] [0,15,34,46,95,99,115,127] [15,28,57,78,91,106,109,112] [3,32,38,48,53,55,57,71] [6,16,17,32,40,91,121,126] [14,44,77,78,80,89,108,127] [0,63,65,68,80,99,118,121] [14,34,56,63,86,89,105,118] [5,32,45,47,49,56,82,100] [20,32,53,67,90,116,121,123] [0,7,41,76,80,99,111,125] [2,18,30,69,82,94,105,124] [23,24,42,52,60,94,97,99] [0,2,14,38,73,92,99,115] [47,57,78,91,106,109,112,123] [3,4,15,18,32,38,55,57] [16,17,20,31,32,40,61,107] [44,54,77,78,80,108,115,127] [0,11,63,64,65,77,103,121] [3,24,49,69,71,80,113,126] [8,47,49,56,75,104,121,125] [6,8,11,16,27,37,80,110] [5,12,22,47,83,87,95,114] [1,5,10,55,71,82,123,124] [15,31,44,74,90,92,109,127]
Token  16: [13,26,40,46,60,65,72,100] [18,50,84,94,100,122,124,127] [36,49,53,78,84,88,99,113] [6,31,34,89,94,108,116,124] [11,76,79,85,99,106,115,118] [18,33,37,42,59,61,66,125] [14,34,35,56,63,83,86,105] [5,8,45,49,82,100,106,112] [2,67,84,86,114,121,123,127] [0,9,49,76,80,110,111,125] [16,30,50,61,73,83,105,113] [24,26,49,60,61,89,115,125] [2,9,15,34,56,95,99,115] [6,10,15,28,78,80,91,106] [3,17,20,32,38,48,57,61] [6,16,26,31,38,40,85,91] [8,73,78,80,108,115,124,127] [1,19,42,69,72,99,103,121] [14,34,56,63,86,104,105,116] [3,49,60,73,82,100,106,112] [44,67,84,90,95,116,121,127] [0,9,49,80,102,110,111,125] [18,30,50,56,61,98,105,113] [23,24,49,54,61,69,89,96] [2,15,34,42,73,96,99,115] [6,15,26,28,58,82,91,106] [3,4,17,20,48,53,55,90] [16,40,50,70,85,91,101,127] [8,39,48,78,80,89,108,124] [1,19,42,72,80,83,99,103] [14,34,56,63,83,89,104,105] [3,32,49,73,75,82,106,112] [65,67,84,90,116,121,123,127] [0,9,26,49,80,110,111,125] [30,50,56,61,69,73,98,105] [23,24,26,49,60,61,65,89] [2,15,21,42,65,73,99,115] [6,10,15,28,78,79,80,106] [3,20,32,38,48,55,57,86] [6,16,17,40,52,61,85,101] [8,14,78,80,108,115,124,127] [9,19,42,53,69,72,103,121] [3,16,24,39,73,80,115,126] [8,19,44,49,56,77,88,104] [0,6,27,37,53,69,80,104] [12,22,37,46,63,112,114,117] [39,52,55,80,82,105,123,124] [32,35,73,74,86,90,95,109]
Token  17: [2,4,13,14,21,80,89,120] [3,6,49,58,77,81,83,122] [36,84,88,100,104,116,122,125] [34,37,64,66,68,71,89,127] [10,11,20,38,70,76,79,114] [18,47,55,82,93,107,111,125] [8,13,14,56,63,86,89,104] [2,5,32,45,50,60,82,100] [44,56,67,95,104,109,123,127] [26,43,49,76,80,99,111,117] [14,25,30,42,73,83,85,103] [26,60,62,67,75,79,99,115] [9,15,34,46,53,93,97,115] [2,6,10,21,79,87,91,98] [38,48,53,55,57,71,79,80] [6,16,31,40,60,61,85,91] [14,48,55,60,78,115,124,127] [1,15,37,45,52,69,72,103] [14,34,56,63,65,86,89,104] [2,5,32,45,56,82,100,106] [2,44,67,90,95,109,123,127] [0,26,43,49,76,80,81,111] [7,18,25,30,50,69,73,76] [20,26,60,75,79,89,99,115] [9,34,42,46,53,73,115,121] [2,6,21,29,79,91,98,106] [3,23,53,55,57,79,80,99] [6,16,17,40,60,61,91,121] [14,16,55,60,78,80,102,127] [6,9,15,46,52,79,103,121] [6,14,54,86,89,97,100,104] [1,5,32,45,82,89,100,108] [32,44,67,95,100,104,108,109] [26,43,76,80,99,102,103,111] [25,30,40,69,73,76,85,103] [20,26,60,62,79,89,99,115] [2,9,26,46,53,73,115,121] [2,6,10,21,79,91,98,106] [3,7,23,38,55,57,79,80] [6,17,31,40,60,61,90,94] [14,55,60,78,80,102,115,127] [9,15,17,46,52,69,103,121] [3,24,31,37,73,74,109,125] [8,12,19,26,44,49,56,77] [6,27,45,53,73,88,99,122] [5,12,17,46,58,112,114,117] [22,29,30,39,55,80,81,105] [35,52,71,74,86,95,108,111]
Token  18: [0,16,22,38,53,104,107,111] [3,23,34,49,86,107,122,124] [14,36,41,87,100,107,116,127] [46,51,64,68,71,87,114,123] [0,10,11,23,38,43,79,118] [5,18,47,55,80,82,93,107] [14,56,63,86,87,89,104,111] [5,32,45,56,60,82,87,100] [36,56,64,67,95,99,123,127] [26,45,49,76,80,94,99,111] [14,25,29,30,42,67,73,83] [8,26,62,67,75,79,99,115] [9,26,34,53,60,93,115,121] [13,21,44,75,79,85,91,98] [53,55,57,71,79,80,83,99] [3,6,31,40,50,60,61,91] [1,7,14,40,48,60,78,127] [15,37,52,53,75,80,103,121] [6,13,14,63,86,89,97,104] [1,5,32,45,56,82,87,100] [36,64,67,95,100,104,105,123] [49,76,80,81,94,97,99,111] [7,14,18,25,29,30,50,76] [20,60,62,65,75,79,86,115] [9,34,42,46,53,87,115,121] [10,44,75,79,82,91,98,106] [3,8,23,44,55,57,80,99] [1,6,17,40,60,61,91,121] [14,16,40,60,78,80,102,127] [6,9,15,53,103,106,112,121] [14,22,54,86,89,97,100,104] [1,5,32,45,82,89,100,108] [44,64,67,76,95,104,108,122] [24,76,80,94,97,99,103,111] [2,18,25,30,40,52,76,85] [8,60,62,67,79,86,105,115] [2,9,42,46,53,61,87,121] [10,13,21,40,44,75,98,106] [3,7,23,38,55,57,79,80] [1,6,17,31,40,60,61,94] [7,14,40,78,80,102,115,127] [9,15,17,52,53,103,106,121] [3,16,24,37,59,73,74,125] [8,26,43,44,49,56,81,104] [6,27,37,45,54,69,80,122] [12,24,46,63,80,112,114,117] [22,39,52,55,80,82,105,124] [27,32,34,35,52,71,90,95]
Token  19: [0,31,53,69,93,101,104,107] [3,23,60,74,76,83,86,122] [14,67,68,101,116,117,123,125] [1,25,61,64,71,76,78,106] [0,10,11,38,79,91,102,111] [2,5,18,47,55,80,93,111] [13,14,41,43,63,86,89,104] [5,40,45,47,60,72,82,100] [27,28,36,64,67,99,104,127] [43,51,76,80,94,99,105,111] [2,14,18,25,29,30,40,76] [8,13,40,58,60,79,86,115] [9,34,46,53,61,69,115,121] [10,13,44,71,75,79,98,121] [23,28,38,55,57,84,99,101] [3,6,17,34,40,61,91,100] [14,40,43,60,78,102,121,127] [14,30,45,53,77,103,106,121] [13,14,85,86,89,97,100,104] [1,5,26,32,45,48,82,100] [5,64,95,99,104,105,122,123] [0,33,60,76,80,94,99,105] [14,18,25,29,30,40,69,76] [20,58,59,60,79,86,105,115] [34,42,46,52,53,87,115,118] [10,13,44,71,75,79,91,106] [23,34,44,55,57,82,99,101] [1,6,17,34,40,91,100,121] [14,16,40,43,78,102,114,127] [6,9,30,77,102,106,112,121] [14,22,23,86,89,97,100,104] [1,5,32,45,48,82,89,108] [44,64,67,76,95,104,108,122] [17,60,76,80,94,99,103,105] [14,18,25,29,40,69,76,120] [20,58,59,60,79,86,105,115] [2,42,46,53,61,69,73,87] [10,13,40,44,75,79,106,121] [23,28,39,44,55,57,84,101] [1,3,17,31,34,69,94,100] [14,40,43,78,102,115,121,127] [6,14,30,45,80,97,106,121] [3,16,22,55,101,115,119,123] [4,6,26,36,44,68,81,104] [3,6,20,27,54,69,71,81] [12,20,24,80,93,114,117,127] [22,52,55,67,68,80,115,117] [32,34,47,55,71,74,86,117]
Token  20: [14,22,57,70,101,106,110,127] [39,44,46,48,57,60,62,126] [36,50,52,68,70,90,125,126] [21,26,37,61,76,78,106,127] [10,11,38,51,63,70,102,111] [2,5,18,51,55,86,93,105] [9,13,14,63,85,86,89,104] [5,32,44,45,47,82,100,106] [28,64,67,95,99,100,104,123] [7,17,48,76,80,81,99,105] [2,14,18,30,40,76,83,84] [13,47,58,60,79,94,109,115] [27,34,46,60,68,69,115,121] [10,44,55,66,71,79,106,113] [16,23,38,53,57,99,101,105] [3,6,17,34,40,68,91,100] [1,12,14,40,43,78,119,127] [2,6,30,45,66,77,107,121] [14,22,54,86,89,97,100,104] [1,5,26,32,44,45,82,100] [32,54,64,67,99,100,104,123] [17,33,76,80,81,99,103,105] [2,7,14,25,30,40,69,76] [20,58,59,60,79,94,109,115] [32,34,46,53,61,69,115,121] [10,29,40,44,66,79,106,113] [16,23,38,44,55,57,101,105] [3,6,17,34,40,61,100,121] [12,14,16,40,78,102,119,127] [2,6,30,77,79,102,106,121] [14,22,54,86,89,93,97,104] [1,5,32,45,48,82,89,100] [32,56,67,76,99,100,104,123] [17,32,76,80,86,99,105,111] [2,14,25,29,40,69,76,94] [13,58,59,60,79,94,109,115] [2,9,32,42,46,69,115,121] [10,13,40,44,66,79,106,113] [16,23,38,55,57,69,101,105] [1,3,6,17,34,40,94,100] [12,14,43,78,102,114,119,127] [2,30,35,45,66,77,106,121] [3,16,18,27,55,80,102,115] [6,26,29,36,44,58,87,104] [6,20,27,48,69,81,104,122] [12,20,32,70,80,114,117,123] [22,52,55,77,80,101,115,117] [36,47,66,86,88,112,120,123]
Token  21: [28,33,41,64,77,82,118,126] [16,23,48,60,63,76,103,122] [4,8,9,36,54,63,68,73] [1,16,25,26,62,64,76,93] [0,10,11,22,55,57,102,116] [18,49,55,71,78,80,111,126] [13,14,85,86,89,97,100,104] [1,5,26,40,45,48,82,100] [27,44,64,67,95,104,105,122] [22,33,44,51,65,76,99,105] [2,18,29,30,40,76,80,108] [58,60,71,79,86,94,107,115] [42,46,53,61,69,87,118,121] [10,24,44,71,75,79,98,102] [7,23,34,44,55,57,99,101] [1,6,15,17,34,50,68,100] [11,14,40,43,78,102,114,127] [14,30,45,61,77,106,112,121] [13,63,85,86,89,97,100,104] [1,5,26,32,45,48,82,100] [5,44,64,67,95,104,105,122] [0,33,60,76,80,94,97,99] [18,25,29,30,35,40,60,69] [20,52,58,60,79,86,105,115] [42,46,52,53,61,73,87,115] [24,44,52,71,75,91,102,106] [8,22,23,55,64,69,92,101] [1,6,16,17,34,50,98,100] [14,16,40,78,80,102,114,127] [6,30,61,68,77,106,120,121] [13,63,85,86,89,97,100,104] [1,26,45,48,56,82,89,100] [44,54,67,95,104,105,108,122] [0,1,60,62,76,80,99,105] [3,18,25,29,33,40,69,76] [52,60,79,86,94,104,105,115] [42,46,53,61,69,73,87,115] [10,24,40,44,52,91,102,106] [22,23,34,55,57,64,82,101] [17,31,33,34,51,77,94,100] [14,28,78,80,102,111,114,115] [30,53,61,80,85,103,106,115] [2,3,8,16,24,55,70,114] [16,26,74,80,99,111,121,125] [5,6,11,23,27,42,80,113] [5,12,47,48,76,86,87,119] [5,33,35,51,55,74,96,104] [0,31,54,82,94,110,114,127]
Token  22: [18,31,66,68,69,81,93,107] [23,39,46,60,63,75,83,98] [8,27,50,68,73,117,120,123] [1,21,25,26,76,80,105,106] [10,22,57,74,91,102,111,116] [18,30,49,55,78,80,86,111] [14,63,64,85,86,89,100,104] [1,5,45,48,72,82,91,100] [28,44,64,67,95,99,104,122] [43,48,62,76,80,81,99,105] [14,18,25,29,40,74,76,83] [13,47,58,79,86,102,105,115] [42,46,53,61,68,69,87,92] [13,24,44,71,75,79,85,121] [7,23,28,57,83,84,99,101] [1,3,6,17,34,40,50,98] [1,14,43,78,102,114,121,127] [6,14,15,20,61,77,97,102] [6,22,54,86,89,97,100,104] [1,5,32,45,48,82,100,108] [44,64,67,76,100,104,108,122] [1,24,76,80,94,97,99,103] [7,14,18,25,29,35,52,85] [20,47,60,79,86,102,105,115] [34,42,46,53,61,68,87,115] [2,10,13,40,44,75,106,121] [7,23,28,55,57,69,84,101] [1,3,6,17,34,40,98,121] [1,14,43,78,102,114,121,127] [6,9,14,20,77,102,106,121] [6,22,54,86,89,97,100,104] [1,5,32,45,82,89,100,108] [44,67,76,95,100,104,108,122] [17,48,60,76,80,99,103,111] [14,18,25,29,35,69,83,120] [13,20,47,60,86,102,105,115] [2,46,53,61,68,69,87,120] [13,24,40,44,65,99,106,121] [23,28,39,55,57,82,84,101] [1,3,6,17,31,34,69,94] [14,20,43,78,102,115,121,127] [6,9,14,20,45,61,97,106] [3,16,41,65,74,101,115,123] [4,6,26,36,43,44,68,104] [3,6,20,27,54,69,71,81] [12,24,37,70,80,114,117,127] [22,55,67,80,82,115,117,127] [32,34,47,55,71,86,117,123]
Token  23: [0,27,48,49,50,101,106,110] [25,30,46,62,63,75,99,122] [45,50,52,68,69,120,122,123] [10,12,21,25,26,93,94,106] [0,22,51,57,67,86,102,111] [18,30,51,55,93,105,108,111] [13,14,85,86,89,97,100,104] [1,5,33,45,48,82,91,100] [2,28,67,95,99,104,105,122] [48,60,62,76,80,99,102,105] [7,14,16,18,25,40,76,83] [13,47,65,79,86,102,105,115] [46,47,61,68,75,87,92,125] [12,44,65,66,106,113,119,126] [7,23,44,55,57,83,84,105] [1,3,6,17,34,40,69,75] [1,14,43,51,78,102,114,127] [2,9,20,35,66,79,112,121] [22,23,54,65,89,97,100,104] [1,4,5,32,45,48,82,100] [2,44,67,95,105,108,122,123] [24,60,71,76,81,97,99,103] [7,18,25,52,76,83,85,94] [47,53,60,67,78,99,105,115] [2,14,34,46,61,87,92,115] [12,40,66,99,106,112,113,119] [7,23,44,55,57,69,99,105] [1,3,6,17,40,69,75,121] [1,14,16,43,51,78,102,127] [2,6,66,77,79,107,112,121] [22,54,86,89,97,100,104,111] [1,5,32,45,82,89,100,108] [2,44,67,76,95,108,122,123] [60,76,80,81,97,99,103,111] [7,18,25,29,52,76,83,94] [4,47,60,78,94,102,107,115] [2,32,42,46,61,68,92,115] [12,40,65,66,99,106,113,119] [3,23,39,55,57,69,96,105] [3,6,17,31,40,69,94,98] [14,43,51,78,102,114,115,121] [2,6,9,35,61,66,106,121] [3,16,18,93,98,102,115,123] [6,26,36,44,68,81,87,104] [3,6,20,27,48,69,81,104] [12,20,24,37,70,80,114,117] [22,52,55,80,98,115,117,127] [36,47,66,71,85,88,120,123]
Token  24: [22,28,33,47,64,87,91,107] [7,29,48,63,67,68,90,122] [4,6,36,60,64,76,106,120] [12,41,62,70,78,93,97,125] [5,7,27,51,55,57,67,70] [16,18,48,55,87,97,108,115] [6,23,86,89,97,100,104,115] [1,32,45,48,82,89,100,108] [2,44,67,76,95,104,108,122] [25,35,41,62,76,80,99,103] [2,7,18,25,29,40,95,110] [16,46,53,65,78,94,97,105] [34,38,42,46,61,87,101,103] [12,40,41,43,101,106,109,123] [7,18,23,44,47,55,57,99] [1,6,17,20,40,69,77,121] [1,14,29,77,78,102,114,127] [0,9,64,65,77,106,112,121] [22,23,54,86,89,97,100,104] [1,5,32,45,48,82,100,108] [2,6,44,67,100,105,108,122] [24,35,60,71,76,80,97,99] [18,25,29,30,52,76,95,124] [16,20,42,53,60,97,105,115] [0,14,34,38,46,61,87,115] [12,57,71,91,101,106,109,123] [18,23,44,47,55,57,60,69] [1,6,16,17,20,40,77,121] [14,29,44,77,78,102,110,127] [0,9,36,64,65,84,112,121] [22,23,86,89,97,100,104,118] [1,5,32,45,48,82,89,100] [2,6,20,44,67,76,108,122] [35,40,41,60,76,99,103,104] [18,25,29,40,69,95,109,124] [16,25,42,60,94,97,105,115] [0,2,14,38,46,61,87,103] [12,40,41,57,91,106,109,123] [3,18,22,23,47,55,57,60] [17,20,31,40,51,77,94,107] [14,29,77,78,102,110,115,127] [0,9,49,63,64,65,121,122] [3,8,16,24,49,75,90,126] [26,44,47,74,80,104,111,121] [3,6,23,27,37,80,104,110] [5,12,26,47,76,83,87,123] [1,5,10,43,55,82,96,124] [15,21,31,44,74,114,121,127]
Token  25: [31,69,81,93,101,111,120,122] [25,46,62,63,74,83,107,122] [36,50,64,69,116,117,120,123] [10,12,25,41,62,78,89,93] [10,51,57,63,79,91,111,116] [5,16,18,55,78,108,111,116] [9,13,23,85,86,89,97,100] [1,5,45,48,72,82,89,100] [2,27,28,44,99,104,108,122] [43,48,51,76,81,99,103,104] [14,18,25,29,52,83,120,123] [13,17,47,58,79,94,105,115] [25,46,47,61,68,69,87,120] [12,13,55,71,79,95,106,121] [7,10,23,28,55,57,101,111] [1,3,6,17,40,50,98,112] [14,20,43,78,102,114,121,127] [1,14,20,45,75,97,106,112] [10,13,22,86,89,97,100,104] [1,5,32,45,48,72,82,89] [44,61,67,99,100,104,105,108] [43,48,60,76,97,99,103,104] [14,18,25,29,35,85,107,120] [13,17,20,58,60,79,105,115] [2,46,61,69,87,115,120,123] [12,13,31,55,79,91,106,121] [3,23,28,38,44,55,57,110] [3,6,17,40,50,94,98,121] [14,20,63,78,102,105,121,127] [1,6,9,14,45,97,112,121] [6,22,54,86,89,97,100,104] [1,5,32,45,72,82,89,108] [61,67,76,99,100,104,108,123] [24,43,48,76,99,103,104,111] [14,18,25,29,69,83,85,94] [13,26,47,58,60,79,90,115] [2,30,46,61,68,69,87,120] [13,40,55,79,99,106,107,121] [3,10,23,28,38,55,57,84] [3,4,6,17,40,89,94,121] [14,20,78,102,105,115,121,127] [1,6,9,14,45,80,97,112] [3,16,21,65,68,80,101,115] [4,7,26,36,44,46,87,104] [6,27,47,54,56,69,71,104] [2,12,27,32,80,114,117,127] [52,55,63,67,97,101,117,127] [27,32,34,55,71,85,86,117]
Token  26: [14,17,24,34,71,103,106,118] [3,9,44,46,62,75,77,122] [7,36,51,68,90,100,120,122] [10,26,41,64,73,78,106,127] [10,22,23,51,63,79,111,113] [5,18,47,55,105,107,111,116] [13,14,23,85,86,89,100,104] [1,2,5,26,45,48,72,82] [28,61,64,67,95,99,104,122] [22,24,43,48,71,76,81,99] [25,35,40,52,76,103,107,123] [8,13,58,78,79,105,109,115] [26,36,42,46,61,68,69,87] [2,10,25,55,66,71,79,113] [3,23,44,55,57,83,101,105] [3,17,34,40,50,69,94,121] [11,14,40,43,78,102,119,127] [2,9,20,35,45,66,106,112] [6,10,14,22,89,97,100,104] [1,2,5,26,32,45,82,89] [28,61,67,95,99,100,104,108] [24,43,44,48,76,81,99,103] [25,29,35,40,52,85,103,123] [8,20,58,60,79,105,109,115] [26,36,46,61,68,69,87,120] [2,10,12,55,66,71,79,113] [3,10,23,55,57,101,105,115] [3,6,17,34,40,50,94,121] [11,14,16,43,78,102,119,127] [2,6,9,35,66,79,112,121] [14,22,54,86,89,97,100,104] [1,2,5,32,45,82,89,108] [32,61,67,76,100,104,105,108] [1,48,76,81,99,103,105,111] [25,40,52,69,76,83,85,103] [20,29,47,60,79,105,109,115] [2,26,46,61,68,69,87,121] [2,40,66,73,99,106,107,113] [10,23,39,55,57,84,101,105] [3,6,17,31,34,40,94,121] [11,14,43,78,102,115,119,127] [2,6,9,35,66,106,112,121] [3,16,18,27,55,93,98,102] [5,6,26,29,36,44,91,104] [6,20,27,48,56,69,81,104] [12,20,24,32,70,80,114,117] [22,52,55,80,101,115,117,127] [36,47,66,71,85,88,120,123]
Token  27: [0,12,28,64,67,77,82,91] [11,16,22,63,75,77,114,122] [4,8,36,41,68,69,90,121] [41,50,73,77,78,122,123,124] [10,51,57,70,86,87,102,113] [5,18,55,71,75,93,105,122] [6,14,55,77,89,97,100,104] [1,5,32,45,47,48,82,89] [2,4,44,61,67,76,104,108] [24,35,48,51,76,99,104,105] [13,18,25,29,35,40,76,85] [8,16,31,50,71,79,105,116] [25,36,46,59,61,68,87,121] [2,10,55,71,74,102,106,113] [10,16,23,55,57,64,89,111] [3,6,17,31,38,40,50,121] [1,13,14,43,51,78,102,127] [1,2,35,37,66,75,112,121] [14,22,54,86,89,97,100,104] [1,2,5,32,45,48,82,89] [4,32,44,61,67,100,104,108] [0,17,35,48,76,99,104,105] [18,25,29,40,75,76,85,95] [20,31,50,60,79,97,115,116] [2,32,34,36,46,61,87,115] [10,29,71,74,91,102,106,113] [16,23,38,44,55,57,64,110] [3,6,17,40,50,89,94,121] [1,13,14,16,51,78,102,127] [2,6,9,35,66,112,121,126] [6,14,22,54,55,89,97,104] [1,5,32,45,47,56,82,89] [4,32,35,61,67,100,104,108] [17,35,48,76,81,99,104,111] [13,25,33,40,69,76,85,94] [1,16,50,60,79,90,115,116] [2,30,32,46,59,61,103,121] [40,74,91,99,102,106,113,127] [3,22,23,38,55,57,64,102] [3,7,17,31,40,46,77,94] [13,14,51,78,102,109,115,127] [2,6,9,35,61,66,92,121] [3,16,18,80,86,98,102,115] [6,16,26,36,44,68,91,104] [13,20,27,48,56,69,81,104] [2,12,24,32,70,80,114,117] [22,55,80,98,101,115,117,127] [26,47,71,85,86,88,120,123]
Token  28: [23,28,87,91,105,110,112,122] [16,20,29,59,63,77,103,122] [4,36,49,59,64,76,83,106] [50,70,73,78,80,94,122,123] [7,10,27,38,51,57,70,113] [10,18,55,75,87,93,115,122] [6,14,22,86,89,97,100,104] [1,2,5,32,45,48,82,89] [2,18,20,44,61,67,104,108] [17,35,41,51,76,99,103,104] [7,13,18,22,25,29,85,109] [1,16,29,31,42,46,60,90] [2,20,30,46,59,61,87,115] [2,40,41,57,74,106,109,123] [3,10,18,23,57,60,102,111] [3,6,17,21,31,40,50,94] [11,14,78,102,105,108,110,127] [0,1,9,37,64,65,112,121] [6,13,14,86,89,97,100,104] [1,2,5,32,45,48,82,100] [2,32,61,67,95,100,104,108] [17,35,41,76,80,99,103,104] [13,18,25,40,52,85,95,109] [1,20,42,55,60,90,115,116] [0,2,30,34,46,59,61,87] [2,41,57,71,91,106,109,123] [3,23,38,55,57,60,102,110] [16,17,32,40,50,77,89,121] [14,48,78,80,102,105,110,127] [1,9,36,64,68,82,112,121] [13,14,22,86,89,97,104,118] [1,2,5,32,45,48,82,89] [18,20,32,61,67,100,104,127] [32,35,41,76,80,99,104,111] [13,19,25,40,69,85,94,109] [1,42,55,60,79,90,97,115] [0,2,30,46,59,61,73,101] [32,40,41,57,91,106,109,123] [11,18,23,38,55,57,60,102] [17,20,31,40,61,89,94,107] [14,77,78,105,108,110,115,127] [0,1,9,63,64,65,90,121] [3,24,49,68,80,90,115,126] [7,8,36,46,56,104,121,125] [23,27,47,56,69,80,104,110] [2,5,27,32,76,87,114,117] [5,52,55,63,97,101,117,122] [15,31,44,73,74,86,114,127]
Token  29: [72,76,95,100,102,110,119,122] [12,64,70,94,106,117,122,127] [38,75,77,78,87,93,99,123] [10,13,73,82,89,94,103,124] [10,11,38,51,57,70,79,118] [18,22,33,55,64,75,93,103] [13,14,34,56,86,87,89,107] [5,8,32,40,45,62,82,100] [18,35,53,61,67,90,99,127] [0,17,45,49,76,80,99,111] [13,16,40,57,73,83,85,107] [1,5,26,59,79,90,115,122] [2,9,21,30,46,52,60,127] [2,32,47,78,79,81,91,106] [17,23,38,53,55,57,67,111] [3,17,31,40,52,61,87,89] [1,14,65,78,89,105,115,127] [1,18,42,53,82,90,99,120] [13,14,34,63,86,87,89,104] [3,5,8,32,45,62,82,100] [18,35,53,67,90,114,123,127] [0,8,49,76,80,99,104,111] [16,19,30,40,57,73,85,94] [1,20,26,52,54,79,90,103] [2,9,21,30,34,46,73,95] [2,33,47,78,81,91,92,106] [3,38,42,53,55,57,115,125] [17,40,52,59,61,87,89,119] [11,14,48,78,89,91,105,127] [1,6,18,42,68,80,82,99] [6,14,22,87,89,97,104,127] [1,2,5,8,32,45,62,82] [18,53,61,67,100,105,123,127] [7,17,49,76,80,81,99,111] [16,19,25,36,57,69,85,94] [1,5,26,52,59,60,90,99] [2,9,21,27,46,59,107,127] [32,33,47,78,81,83,93,106] [10,23,38,55,57,63,66,68] [17,36,40,52,61,87,89,94] [14,48,78,89,105,115,126,127] [1,6,9,18,42,82,90,121] [3,21,30,39,55,80,92,115] [36,44,46,58,65,75,88,104] [6,27,47,56,66,69,77,104] [2,12,27,32,45,92,114,117] [52,55,60,63,97,101,117,127] [6,20,58,65,73,86,99,109]
Token  30: [7,21,32,33,37,64,72,75] [6,9,15,28,61,74,122,127] [2,36,46,97,107,109,115,127] [4,14,20,24,68,74,103,108] [7,11,46,53,60,64,70,122] [5,18,32,55,63,81,86,93] [14,22,54,86,87,89,104,111] [1,5,32,33,44,45,47,82] [17,22,32,67,95,98,100,123] [0,7,35,76,80,81,82,99] [3,7,55,70,71,82,85,94] [1,18,25,30,33,59,90,99] [2,9,22,24,32,34,46,127] [29,36,45,47,52,61,71,92] [23,38,42,53,55,57,92,115] [0,11,32,40,75,87,89,119] [1,35,65,78,82,105,113,127] [1,18,27,37,49,68,82,121] [14,54,65,86,87,89,104,107] [2,5,26,32,45,47,82,100] [22,53,61,67,98,100,123,124] [0,7,17,76,80,82,99,111] [7,9,16,25,55,70,85,94] [1,20,25,48,54,60,90,99] [2,22,24,34,46,67,112,127] [29,47,52,61,78,92,106,120] [33,38,42,53,55,57,92,115] [0,11,17,25,32,40,75,89] [1,14,35,78,80,82,105,127] [1,6,18,49,68,73,82,121] [3,14,22,54,87,89,97,104] [1,5,32,44,45,47,56,82] [22,32,53,61,67,76,100,123] [0,7,17,76,80,82,99,111] [7,9,25,55,71,85,94,126] [1,18,25,30,48,59,90,99] [2,24,46,67,92,111,112,127] [45,52,61,92,93,112,120,127] [15,24,33,49,55,57,66,92] [0,25,32,40,80,89,106,110] [27,28,35,65,78,82,126,127] [1,6,18,49,82,92,93,99] [4,17,25,66,80,92,115,116] [18,24,41,61,72,75,98,104] [9,11,27,42,52,62,77,104] [48,51,67,77,88,98,114,117] [14,26,33,35,43,46,54,63] [6,17,18,23,42,53,80,96]
Token  31: [0,4,22,33,38,74,103,117] [2,5,28,39,44,49,73,76] [4,36,46,60,89,97,104,127] [4,19,23,24,37,74,87,108] [5,7,11,46,57,60,71,110] [0,1,45,81,86,110,115,123] [54,63,69,86,87,89,103,104] [7,32,44,45,52,82,106,115] [17,21,67,88,94,100,118,123] [7,35,68,76,80,82,92,99] [25,55,71,80,82,85,94,126] [18,25,33,59,73,90,97,99] [2,22,32,46,91,92,111,127] [20,29,52,61,62,71,92,120] [14,22,24,42,49,53,57,92] [0,11,25,32,40,89,109,119] [1,14,27,35,78,80,113,127] [6,13,36,49,81,82,93,121] [14,54,86,87,89,93,104,107] [5,7,26,32,45,82,106,115] [5,17,22,53,56,100,118,123] [0,7,17,76,80,82,91,99] [7,9,43,55,66,71,94,126] [18,20,25,48,59,73,99,124] [22,32,46,91,92,111,112,127] [20,29,52,61,92,97,112,120] [14,15,24,38,49,53,92,115] [0,11,25,32,40,75,89,125] [1,14,27,35,39,78,80,127] [6,18,36,49,73,81,82,121] [22,54,65,87,89,104,107,108] [1,5,7,32,44,45,74,82] [17,22,32,53,67,100,118,123] [7,17,76,80,81,82,92,99] [7,9,55,66,71,82,94,126] [1,25,30,36,54,59,73,99] [46,67,91,92,111,112,123,127] [20,45,52,62,73,92,97,112] [14,15,24,33,49,55,71,92] [0,25,32,89,106,110,125,126] [27,28,35,78,89,100,126,127] [0,18,49,75,81,82,92,118] [4,17,33,66,69,70,80,106] [18,24,47,56,61,69,75,111] [8,9,11,27,42,52,62,104] [12,27,48,77,87,88,114,117] [1,5,33,51,54,55,63,117] [15,17,23,44,58,74,82,127]
Token  32: [66,76,95,100,102,110,119,122] [12,64,70,84,94,100,117,122] [38,40,41,49,57,77,99,123] [31,34,68,74,94,108,111,123] [11,46,67,70,85,99,106,115] [18,33,42,55,59,66,75,93] [14,24,86,87,89,104,105,127] [2,5,8,32,45,82,100,106] [17,32,53,56,61,67,95,100] [7,35,41,76,80,99,111,125] [13,16,25,57,76,82,85,94] [1,20,29,59,60,99,100,122] [2,9,34,46,61,92,121,127] [2,10,40,47,71,81,92,106] [18,23,32,38,55,57,92,111] [6,17,25,32,40,75,89,125] [11,14,35,44,78,102,108,127] [1,18,49,72,80,82,112,121] [14,23,86,87,89,100,104,127] [1,2,5,32,45,48,56,82] [22,32,53,61,67,100,108,123] [0,7,17,41,76,80,99,111] [9,16,18,25,29,40,85,94] [1,25,42,46,54,60,94,99] [0,2,34,46,87,92,94,127] [2,47,57,61,78,92,106,112] [3,14,15,23,32,38,55,57] [16,17,25,32,40,69,121,126] [14,34,39,44,48,78,108,127] [0,1,63,65,80,112,121,122] [13,14,87,89,97,100,107,118] [1,2,5,32,45,48,56,82] [32,53,61,67,100,105,108,114] [7,17,35,41,76,99,111,125] [18,25,40,69,82,85,94,124] [1,25,42,52,60,73,97,99] [0,2,14,38,46,92,94,127] [57,62,78,92,106,109,112,123] [15,18,22,23,32,38,55,57] [17,31,32,40,51,52,107,125] [34,39,44,54,77,78,108,115] [0,49,54,63,65,82,100,121] [3,17,24,49,69,109,113,126] [8,44,47,56,75,104,121,122] [6,8,11,16,27,80,104,110] [5,12,32,47,83,87,95,114] [1,5,10,45,52,55,123,124] [15,31,44,74,82,92,109,127]
Token  33: [40,43,45,60,65,72,73,100] [12,18,38,84,94,100,122,127] [38,40,82,84,88,99,113,123] [6,31,34,73,89,116,124,127] [7,11,52,76,85,99,106,115] [8,22,37,59,61,64,66,125] [8,14,56,63,83,86,104,105] [5,45,48,49,82,100,109,112] [2,61,65,67,84,116,121,123] [0,9,76,80,99,110,111,125] [18,25,30,53,61,83,85,105] [24,49,60,61,89,99,115,125] [2,15,46,56,96,97,99,115] [6,10,15,23,28,58,78,106] [3,17,20,48,55,57,90,115] [6,10,16,31,40,85,91,101] [8,39,73,78,80,81,115,124] [1,17,18,19,42,69,99,105] [34,56,63,83,86,104,105,107] [3,32,49,75,82,100,106,112] [44,65,67,84,90,95,116,121] [0,9,76,80,110,111,122,125] [18,30,50,56,61,78,98,105] [3,23,24,49,54,60,61,125] [2,15,34,46,73,96,99,115] [6,15,23,26,28,58,91,106] [4,17,20,48,55,86,90,100] [10,16,40,70,85,91,101,127] [8,14,39,73,78,80,81,124] [1,19,21,33,42,48,80,105] [24,34,56,63,83,104,105,107] [3,32,45,49,75,82,106,112] [65,67,84,90,95,116,121,127] [9,49,76,80,99,110,111,125] [25,30,50,56,61,78,98,105] [3,23,24,49,60,61,65,125] [2,15,56,65,73,96,99,115] [6,10,15,23,28,58,78,106] [3,17,20,48,55,86,90,115] [10,17,40,52,70,85,101,103] [14,73,78,80,81,102,115,124] [1,9,19,21,42,48,69,112] [16,24,31,36,64,80,114,115] [8,26,31,36,46,77,88,104] [0,6,27,53,73,90,104,107] [2,12,22,27,32,37,101,114] [11,34,52,55,63,97,101,117] [20,57,73,74,85,86,105,109]
Token  34: [14,21,50,57,74,103,106,110] [3,6,9,15,28,47,48,122] [36,41,84,90,100,122,125,126] [4,39,61,71,78,87,123,127] [11,20,50,56,63,67,70,83] [5,18,47,51,68,105,107,110] [14,23,56,63,86,87,104,116] [5,32,45,48,69,73,82,106] [36,61,67,95,99,109,114,123] [0,9,32,65,76,80,81,99] [7,25,29,30,50,83,105,123] [22,24,67,69,89,109,115,125] [2,15,34,95,97,107,114,115] [21,23,28,66,82,91,98,106] [3,16,48,53,55,57,90,105] [6,16,17,40,72,91,103,121] [14,55,78,80,81,115,119,124] [1,2,17,35,66,69,103,112] [23,56,63,86,100,104,119,127] [1,5,32,45,48,82,100,106] [36,44,47,61,67,95,105,123] [65,71,76,80,81,97,99,111] [7,18,25,30,50,69,83,98] [32,60,67,89,96,99,109,115] [2,34,42,46,73,87,95,115] [23,66,82,98,99,104,106,112] [3,23,44,57,90,99,105,115] [16,17,32,40,72,91,103,121] [14,55,75,78,80,102,119,124] [1,2,9,17,72,103,112,121] [22,23,56,63,65,100,104,127] [1,4,5,32,45,48,82,100] [9,17,61,67,95,100,109,123] [32,65,71,76,80,97,99,111] [7,25,30,85,94,103,113,123] [4,60,67,69,89,96,109,115] [2,24,42,46,73,95,114,115] [10,20,23,66,82,98,106,113] [3,8,16,55,57,90,105,115] [6,16,17,40,61,72,103,121] [12,43,55,78,80,115,119,127] [2,6,9,35,66,103,112,121] [3,16,18,27,80,93,102,115] [6,26,29,36,46,65,87,104] [6,20,27,44,48,69,81,104] [12,27,32,37,58,70,80,114] [22,52,55,60,80,98,115,117] [36,47,66,85,86,88,120,123]
Token  35: [28,36,87,91,105,112,124,125] [2,9,16,48,68,74,116,122] [4,36,41,51,67,76,100,125] [20,50,70,73,101,112,114,123] [11,27,37,50,56,59,104,113] [10,18,63,74,75,95,103,115] [23,46,63,79,86,104,116,127] [2,33,69,73,82,100,106,110] [20,29,47,61,67,86,90,118] [24,32,35,57,65,68,70,80] [30,35,50,51,85,88,95,103] [16,20,22,39,42,43,46,97] [2,14,26,34,46,95,114,115] [2,10,29,41,82,91,98,106] [3,16,53,55,60,75,102,115] [16,17,40,50,60,82,91,121] [11,14,15,55,78,80,108,126] [15,37,46,66,94,103,112,121] [23,63,79,86,104,111,119,127] [2,32,44,45,73,82,106,110] [3,5,17,36,47,61,67,90] [32,35,65,66,71,80,97,99] [7,25,30,35,41,50,85,103] [18,20,22,42,43,89,96,115] [0,2,34,42,73,95,114,115] [2,18,57,68,82,91,98,106] [3,16,53,55,60,73,102,115] [16,17,40,72,77,82,91,121] [11,14,15,60,78,80,108,126] [9,15,17,46,94,103,106,112] [3,23,56,63,79,86,104,127] [1,2,32,45,73,82,106,110] [5,17,36,47,61,67,95,105] [1,32,35,57,65,71,80,99] [25,30,35,41,50,69,85,103] [9,18,22,42,46,69,89,115] [0,2,26,46,73,95,103,115] [2,10,16,18,41,57,68,82] [36,44,55,60,73,80,102,115] [1,17,31,40,60,61,82,121] [11,15,55,78,80,108,115,126] [9,15,17,36,46,52,106,112] [2,24,49,74,80,86,90,125] [12,19,43,56,97,100,104,121] [6,11,27,44,45,88,99,104] [5,17,22,37,46,76,112,114] [5,22,29,30,39,52,81,105] [15,35,52,71,74,95,111,127]
Token  36: [3,7,29,66,97,111,120,126] [2,62,74,76,78,86,107,122] [7,14,36,51,52,112,115,119] [7,13,25,50,59,71,105,123] [0,4,11,39,40,74,89,91] [18,30,74,75,79,80,102,119] [3,23,46,63,79,86,104,109] [1,27,69,73,82,87,106,110] [24,47,51,61,67,90,99,119] [48,52,65,71,80,94,99,105] [14,30,35,50,74,83,113,120] [17,36,67,69,77,87,105,115] [2,34,42,45,53,73,95,115] [2,16,21,24,44,68,75,98] [28,44,62,75,76,99,101,115] [1,16,17,60,82,91,98,121] [11,14,18,60,78,80,123,126] [14,17,20,99,106,112,121,122] [13,38,56,63,66,79,86,104] [3,26,32,45,73,82,87,106] [5,24,36,51,61,67,90,114] [0,49,65,71,80,94,97,99] [6,14,30,35,50,74,113,120] [3,20,48,60,87,89,96,115] [2,9,42,52,53,73,95,115] [2,24,44,75,82,91,98,106] [3,8,44,55,62,99,101,115] [1,16,17,40,82,91,98,121] [11,14,30,75,78,80,102,123] [9,12,14,17,103,106,112,121] [3,23,25,63,79,86,109,127] [1,5,32,45,73,82,87,106] [5,17,24,47,51,61,67,95] [37,52,57,71,80,94,99,111] [25,30,35,50,51,69,74,120] [6,71,77,86,87,89,96,115] [2,42,46,53,73,95,100,115] [10,24,44,49,68,75,91,106] [22,23,36,44,55,62,101,115] [1,17,31,40,82,91,98,121] [14,75,78,79,80,115,123,126] [9,14,20,58,80,97,103,106] [2,8,22,28,55,65,80,101] [2,4,6,81,87,97,100,104] [6,13,27,54,71,81,104,113] [20,22,37,45,63,114,123,127] [22,45,52,55,67,74,80,98] [27,32,34,54,71,72,85,117]
Token  37: [0,31,53,61,69,81,93,117] [45,54,76,78,83,86,91,122] [36,41,51,68,69,73,119,125] [7,9,11,25,59,105,120,123] [11,22,39,40,63,74,86,91] [18,67,75,78,79,80,111,116] [23,46,63,79,86,100,104,109] [1,32,48,73,82,87,106,110] [24,28,29,51,61,67,99,119] [48,52,57,68,71,80,94,105] [14,30,35,50,74,77,80,120] [15,36,58,71,77,87,105,115] [45,46,53,69,70,87,95,100] [2,24,37,44,45,68,71,75] [9,13,28,29,44,75,99,101] [1,40,50,82,91,98,115,121] [4,14,43,78,79,101,121,123] [9,14,17,20,61,106,112,113] [13,23,79,86,97,100,104,127] [1,26,32,45,73,82,87,106] [3,5,24,33,47,51,61,67] [48,52,71,77,80,94,97,99] [2,14,25,30,35,50,85,120] [20,58,59,71,77,78,87,115] [32,42,46,53,70,95,115,118] [10,24,44,45,71,75,82,91] [8,9,44,53,55,99,101,115] [17,40,50,82,91,98,100,121] [4,14,43,75,78,80,121,123] [9,14,17,20,61,106,112,121] [22,23,63,79,86,109,119,127] [1,4,32,33,45,73,82,106] [5,17,24,33,51,61,67,95] [45,48,52,57,71,80,94,99] [14,25,30,35,50,69,85,120] [52,58,60,71,86,87,89,115] [2,42,46,53,69,73,95,115] [10,24,44,68,75,91,106,121] [22,28,29,36,55,62,101,115] [1,31,40,50,91,98,100,121] [20,43,75,78,80,115,121,123] [9,14,20,61,80,97,106,112] [2,55,65,75,80,101,115,123] [4,6,46,65,87,100,104,112] [6,27,44,54,71,72,81,104] [20,22,32,37,45,114,123,127] [22,52,55,67,80,97,98,104] [27,32,34,55,71,83,86,117]
Token  38: [4,14,24,57,61,101,106,118] [9,37,44,48,54,91,116,126] [36,41,52,68,90,122,125,126] [7,11,12,21,26,59,65,105] [11,20,39,57,63,67,74,77] [18,51,78,93,105,108,116,119] [13,23,63,66,86,104,109,127] [1,32,45,48,69,73,82,106] [24,28,47,51,61,67,95,99] [32,48,52,71,76,80,81,99] [14,18,25,30,35,74,77,83] [47,67,72,87,105,109,110,115] [2,42,46,68,69,87,95,120] [10,44,55,66,101,106,112,113] [16,23,44,55,57,99,105,115] [1,3,17,32,40,75,91,121] [1,14,75,78,102,119,126,127] [9,17,27,35,66,75,112,121] [10,22,23,65,104,109,111,127] [1,4,5,13,32,45,48,82] [17,33,44,47,61,67,100,123] [24,66,71,76,80,97,99,111] [7,18,25,30,71,85,94,103] [60,67,96,99,100,105,109,115] [2,14,32,34,46,87,115,127] [20,66,92,99,101,104,106,112] [16,23,38,44,53,57,66,115] [1,3,17,32,40,75,89,121] [1,14,75,78,102,105,119,127] [1,9,66,72,77,82,112,121] [22,23,54,65,89,104,111,127] [1,4,5,32,44,45,82,108] [9,17,32,61,67,76,100,123] [7,17,66,71,76,97,99,111] [7,18,25,71,85,91,94,103] [4,20,60,96,99,100,109,115] [2,14,27,32,46,92,111,127] [20,44,66,92,104,106,112,113] [15,16,23,38,55,105,115,125] [16,17,31,32,40,98,100,121] [12,43,78,80,111,115,119,123] [2,9,35,61,66,80,106,112] [16,18,27,55,80,93,102,123] [6,29,36,44,65,87,104,112] [6,20,27,44,48,72,81,104] [20,37,58,63,70,80,114,123] [22,52,55,60,80,98,115,117] [36,47,66,71,85,88,120,123]
Token  39: [12,19,23,28,30,36,112,116] [7,16,29,48,54,60,74,122] [10,15,36,59,67,76,100,125] [0,21,26,40,41,59,62,92] [10,11,27,43,77,89,116,118] [10,18,48,60,74,78,87,116] [10,23,46,63,64,79,86,104] [1,45,48,60,73,82,106,110] [15,27,29,33,61,67,90,99] [32,35,48,71,80,87,91,99] [14,19,30,32,35,50,83,109] [16,58,71,81,105,109,110,115] [18,46,73,80,95,115,122,126] [29,41,44,68,71,85,91,106] [3,13,16,47,55,75,99,115] [16,31,40,50,77,91,98,121] [4,14,18,29,48,78,80,115] [1,9,27,53,99,106,112,120] [34,56,63,75,79,86,116,127] [3,24,32,45,60,73,82,106] [5,17,67,72,90,95,116,127] [0,22,32,49,71,80,87,94] [2,6,14,30,35,50,51,109] [9,16,20,48,60,71,89,115] [2,9,53,67,73,95,115,126] [24,41,44,68,71,82,91,106] [3,16,38,47,55,62,99,115] [16,17,40,77,91,98,100,121] [4,14,29,75,77,78,80,110] [6,9,53,65,68,106,112,120] [3,23,56,63,65,79,86,127] [1,3,32,45,60,73,82,106] [15,17,29,61,67,90,95,116] [32,45,52,71,80,87,99,111] [30,35,50,51,69,85,109,110] [16,60,71,86,89,96,105,115] [2,46,73,87,95,97,101,115] [10,24,41,44,68,91,95,106] [3,16,47,55,62,99,111,115] [16,17,31,40,50,77,91,121] [29,75,77,78,80,109,110,115] [1,9,64,65,80,103,112,115] [14,24,49,59,80,90,114,115] [46,56,74,75,83,104,121,125] [6,9,23,44,80,104,107,110] [2,5,47,76,77,86,87,114] [5,15,52,76,93,96,97,125] [28,31,51,82,83,94,110,127]
Token  40: [31,53,68,69,81,101,107,118] [7,29,34,67,75,83,91,122] [36,59,67,87,92,117,123,125] [0,1,10,21,26,59,62,105] [0,11,77,89,91,111,114,118] [18,49,74,78,80,111,116,119] [23,46,66,79,86,104,109,127] [32,44,45,60,69,73,82,106] [27,28,29,39,51,61,90,99] [24,38,45,48,57,71,80,87] [7,14,19,30,35,50,74,83] [13,47,58,67,90,102,105,115] [2,18,34,46,53,69,73,95] [2,44,55,68,85,86,106,121] [13,28,44,55,84,94,99,115] [3,17,40,50,91,98,115,121] [4,11,14,75,78,80,105,121] [1,9,14,27,45,53,97,112] [23,63,65,79,86,87,104,127] [1,4,32,45,48,73,82,106] [5,17,28,51,61,67,70,99] [48,71,76,80,87,97,99,111] [7,14,25,30,35,50,83,85] [13,20,47,60,89,90,102,115] [2,34,46,68,95,115,120,126] [2,44,55,68,71,101,106,121] [23,28,44,55,57,84,99,115] [3,17,40,50,89,91,98,121] [1,4,14,75,78,80,105,121] [1,9,14,45,82,97,112,121] [23,54,63,65,89,104,111,127] [1,4,5,32,45,48,73,82] [17,33,61,67,95,100,105,123] [48,71,76,80,87,97,99,111] [14,25,30,35,69,83,85,94] [13,47,58,60,67,90,96,102] [2,46,68,73,87,115,120,126] [10,32,44,55,79,93,106,121] [23,28,38,55,57,66,84,115] [3,16,17,31,40,61,89,121] [4,20,75,78,105,115,121,126] [1,9,14,18,45,53,97,112] [16,21,41,65,80,92,101,115] [4,36,46,56,68,75,83,104] [6,9,27,54,56,71,104,107] [2,27,32,37,45,77,92,114] [52,55,60,63,97,98,101,125] [6,32,34,58,71,85,86,117]
Token  41: [19,27,48,49,50,101,106,110] [57,62,67,75,91,99,115,122] [36,45,52,67,92,122,123,125] [3,5,10,26,61,76,94,123] [4,11,43,67,111,113,114,118] [7,18,51,74,93,105,111,116] [13,23,46,79,86,104,109,127] [1,32,45,48,73,82,106,110] [2,5,28,47,61,67,99,123] [24,44,48,71,80,87,99,124] [2,7,14,25,30,83,85,126] [13,20,43,46,47,67,102,110] [32,46,68,69,87,95,115,120] [12,25,55,66,106,113,119,126] [23,36,44,57,76,96,105,115] [3,17,40,50,68,75,91,121] [1,4,14,51,75,78,121,126] [2,9,27,35,45,66,75,112] [23,79,86,87,104,109,111,127] [1,4,5,32,44,45,48,82] [2,17,33,61,67,99,100,123] [24,48,66,71,76,80,97,99] [7,14,18,25,30,35,85,94] [20,50,60,79,90,99,102,115] [2,34,46,50,68,87,115,120] [2,10,12,55,66,71,106,113] [23,44,53,55,57,96,105,115] [1,3,17,40,75,89,91,121] [1,4,14,16,51,75,78,102] [2,9,22,35,82,112,121,126] [22,23,25,54,86,89,104,127] [1,4,5,32,45,48,82,108] [2,17,33,61,67,100,105,123] [24,66,71,76,80,97,99,111] [2,18,25,30,69,83,85,94] [47,60,67,79,96,102,105,115] [2,32,42,46,68,73,87,115] [10,12,44,66,99,101,106,113] [3,23,39,55,57,96,105,115] [1,3,4,17,31,40,91,121] [4,14,43,51,75,78,115,121] [2,9,35,39,66,80,112,126] [16,18,80,93,98,102,115,123] [6,36,44,46,68,81,87,104] [6,20,27,44,48,69,81,104] [4,12,37,70,80,114,117,123] [22,52,55,60,98,115,117,127] [36,47,66,85,86,88,120,123]
Token  42: [22,28,34,47,51,68,87,91] [2,48,61,67,75,99,116,122] [4,36,41,51,64,70,90,101] [10,16,35,50,73,76,77,123] [9,10,11,20,22,57,87,113] [18,74,75,105,115,116,122,123] [23,54,85,86,97,104,111,127] [1,4,20,32,45,48,82,100] [2,4,44,61,67,70,95,123] [24,35,62,71,76,80,81,99] [2,7,18,25,30,33,85,95] [16,50,79,90,97,102,107,116] [2,32,42,46,54,68,87,115] [2,10,12,29,43,102,106,113] [23,44,55,57,64,82,99,115] [3,17,33,40,50,75,91,121] [1,13,14,51,75,78,80,126] [2,3,35,37,66,75,77,112] [23,54,65,85,86,104,111,127] [1,4,20,32,45,48,53,82] [2,4,17,61,67,70,95,105] [24,33,35,71,80,81,97,99] [2,7,18,25,29,30,40,85] [20,30,50,60,79,97,115,116] [2,32,34,42,46,59,87,115] [10,12,29,71,91,102,106,113] [23,44,53,55,57,64,82,115] [3,7,17,33,40,50,91,121] [1,13,14,51,57,75,78,80] [2,9,22,35,66,77,112,121] [22,23,54,65,97,104,111,127] [1,4,5,32,33,45,48,82] [2,4,17,61,67,70,95,105] [24,33,71,76,80,97,99,111] [2,18,25,30,33,69,85,94] [16,20,50,60,79,96,97,115] [2,32,42,46,73,87,103,115] [10,12,73,101,102,106,113,127] [23,44,55,57,64,68,82,115] [3,17,31,33,40,50,77,121] [13,14,51,75,78,80,115,127] [1,2,9,35,66,92,112,126] [8,16,18,80,86,98,102,115] [6,16,36,46,68,80,87,104] [6,27,44,48,56,69,81,104] [12,32,37,70,80,114,117,123] [22,52,55,60,63,98,115,117] [26,47,71,85,86,88,120,123]
Token  43: [28,33,38,80,87,91,105,122] [2,9,30,46,52,62,63,122] [4,36,41,49,51,64,76,106] [35,50,70,73,76,109,123,124] [9,10,11,23,27,57,67,113] [18,48,75,79,83,110,115,116] [23,38,65,85,86,87,104,127] [1,2,20,32,45,48,69,82] [2,33,61,67,70,95,118,123] [7,35,51,71,80,81,87,99] [2,7,18,25,30,82,85,95] [16,42,43,60,90,97,100,107] [0,2,32,34,42,46,59,87] [2,10,12,29,41,101,106,123] [23,44,53,55,57,76,99,115] [1,16,17,40,50,75,91,121] [1,11,14,75,78,108,110,126] [1,9,27,36,37,64,75,112] [23,38,54,65,86,104,109,127] [1,2,4,20,32,45,53,82] [2,17,61,67,70,95,105,123] [24,35,71,76,80,97,99,111] [2,7,18,25,30,82,85,95] [16,20,42,55,60,79,97,115] [0,2,14,32,34,46,59,87] [2,12,41,57,101,106,109,123] [23,44,55,60,76,99,102,115] [16,17,32,51,75,89,91,121] [1,11,14,75,78,80,108,110] [0,9,17,36,64,106,112,121] [23,52,54,65,86,104,118,127] [1,2,4,32,45,48,73,82] [2,17,20,22,61,67,70,105] [1,35,71,80,81,97,99,111] [2,25,30,69,85,94,95,124] [25,42,55,60,73,79,97,115] [0,2,14,46,59,73,87,103] [2,10,12,41,57,101,106,123] [18,23,44,55,57,60,102,115] [16,17,20,31,40,50,51,121] [44,75,78,80,108,110,115,127] [0,9,17,36,49,63,64,65] [16,24,49,70,74,80,115,126] [8,47,56,75,83,99,104,121] [11,27,37,44,45,80,104,110] [5,32,46,76,87,92,112,114] [5,22,39,52,82,97,105,124] [15,31,44,74,86,90,95,127]
Token  44: [2,13,18,51,70,80,120,122] [2,30,52,58,62,74,83,122] [10,36,41,51,84,116,117,122] [9,10,16,50,64,89,123,124] [10,20,38,79,85,91,113,120] [18,23,75,86,107,111,116,125] [8,13,23,56,63,86,104,127] [2,20,32,45,48,82,95,110] [2,44,47,61,67,95,109,116] [10,24,43,65,71,80,87,99] [2,18,30,35,78,83,85,126] [28,43,47,79,90,105,107,115] [2,46,53,59,73,87,95,115] [2,6,10,12,21,79,106,121] [28,36,48,55,75,79,80,115] [16,17,50,60,85,90,91,121] [11,14,48,55,75,78,115,124] [1,15,17,45,72,99,112,122] [23,56,63,79,86,104,105,127] [3,32,45,49,73,82,106,110] [2,61,67,70,84,90,116,121] [0,9,43,71,80,99,110,111] [18,30,35,50,61,69,85,105] [23,24,49,60,61,89,96,115] [2,15,46,59,73,95,99,115] [2,6,12,15,28,82,91,106] [3,44,48,55,75,80,99,115] [1,16,17,59,60,90,91,121] [11,14,15,16,55,75,78,80] [9,15,17,52,104,106,112,125] [23,56,63,79,86,104,105,127] [1,2,4,5,32,45,48,82] [2,17,47,61,67,95,105,109] [43,51,71,80,81,97,99,111] [25,30,35,51,69,73,85,105] [26,49,60,61,79,89,105,115] [2,46,53,59,73,87,99,115] [2,6,10,21,29,79,95,101] [7,23,44,55,57,79,80,115] [1,16,17,31,40,60,90,121] [11,14,15,55,75,78,102,115] [9,15,17,46,52,69,103,106] [2,16,24,37,59,74,80,125] [8,12,19,43,44,56,97,104] [6,27,44,45,73,88,99,104] [17,22,37,46,63,112,114,123] [22,29,30,39,81,84,97,105] [6,35,52,71,85,95,108,111]
Token  45: [16,46,47,53,104,107,111,118] [2,34,62,74,76,107,116,122] [10,14,36,41,51,100,116,120] [10,25,50,51,64,76,87,123] [10,11,22,23,59,79,113,118] [18,34,47,75,80,107,111,116] [13,23,38,63,86,104,109,127] [1,20,32,45,48,60,82,87] [2,17,33,61,67,95,105,122] [1,14,43,71,80,81,94,99] [7,18,25,29,30,42,85,126] [6,60,62,65,79,105,107,115] [2,25,42,46,53,68,87,115] [2,10,12,21,44,75,79,106] [7,23,44,55,79,80,83,115] [1,17,31,50,60,68,111,121] [7,11,14,40,48,75,78,115] [15,17,37,52,53,99,106,112] [13,23,36,54,65,86,104,127] [1,20,26,32,45,48,82,87] [2,5,17,61,67,95,105,124] [1,43,71,80,81,94,99,111] [14,25,29,30,35,40,69,85] [20,33,52,60,62,79,105,115] [2,34,42,46,53,73,87,115] [10,12,44,75,79,91,101,106] [7,23,44,54,55,80,99,115] [1,16,17,50,60,91,111,121] [7,11,14,40,75,78,80,102] [9,15,17,52,53,106,112,121] [10,13,22,23,54,86,104,127] [1,4,5,26,32,45,48,82] [17,33,44,47,61,67,95,105] [1,43,71,80,94,97,99,111] [2,18,25,35,40,52,69,85] [59,60,67,79,86,105,107,115] [2,9,42,46,53,73,87,115] [2,10,21,44,75,79,101,106] [7,23,34,44,55,79,80,115] [1,17,40,60,61,90,95,121] [7,14,15,40,75,78,102,115] [9,15,17,52,53,103,106,112] [16,24,37,59,73,74,123,125] [8,43,44,52,56,81,97,104] [6,27,37,44,45,54,80,104] [12,37,46,63,80,92,112,114] [22,39,52,55,80,82,105,124] [27,32,35,52,71,85,90,95]
Token  46: [0,27,48,49,50,101,106,110] [62,76,77,86,99,116,122,126] [14,36,41,45,51,52,87,122] [25,50,67,76,87,94,114,123] [0,10,11,40,67,113,114,118] [18,47,49,51,75,80,105,116] [13,23,38,86,104,109,111,127] [1,32,45,48,60,73,82,110] [2,33,61,64,67,95,99,105] [24,43,45,71,80,81,94,99] [2,7,14,25,30,40,83,85] [21,47,60,67,79,105,107,115] [2,32,34,42,46,53,68,87] [10,12,29,44,66,75,79,119] [23,34,44,55,57,86,105,115] [3,17,40,50,60,68,91,121] [1,4,14,40,51,75,78,91] [1,2,9,45,53,66,106,112] [13,23,52,54,65,86,104,127] [1,4,5,20,32,45,48,82] [2,5,17,44,61,64,67,105] [24,43,71,80,94,97,99,111] [7,14,18,25,30,35,40,85] [20,59,60,79,86,96,105,115] [2,34,46,53,68,87,92,115] [10,12,44,66,75,79,101,106] [23,38,44,55,57,99,105,115] [1,3,17,40,75,91,98,121] [1,4,14,40,51,75,78,127] [2,9,22,35,53,106,112,121] [22,23,25,54,89,97,104,127] [1,4,5,32,45,82,108,125] [2,17,33,44,67,100,105,123] [66,71,76,80,94,97,99,111] [2,18,25,40,69,83,85,94] [47,59,60,67,79,86,105,115] [27,32,42,46,53,68,73,87] [12,44,66,75,79,99,101,106] [23,38,39,44,55,57,105,115] [1,3,6,17,31,40,89,121] [4,14,30,40,51,75,78,115] [2,9,35,66,80,103,106,112] [16,18,73,80,98,102,115,123] [6,36,44,46,68,81,87,104] [6,20,27,44,48,69,81,104] [4,12,37,70,80,114,117,123] [19,52,55,60,98,115,117,127] [36,47,71,85,86,88,120,123]
Token  47: [22,23,28,30,46,47,91,105] [2,9,48,67,74,85,116,122] [36,41,51,64,67,68,69,76] [9,34,35,50,76,78,87,123] [10,11,27,70,97,102,105,113] [5,18,75,79,80,99,110,116] [9,22,23,86,97,104,111,127] [1,4,5,32,33,45,48,82] [2,33,44,61,67,69,86,99] [24,35,71,80,94,97,99,105] [2,14,18,25,29,30,40,85] [13,16,60,79,97,102,105,115] [2,25,32,34,46,53,87,115] [12,24,29,41,44,79,101,126] [7,23,44,53,55,57,102,115] [3,17,20,31,34,38,40,121] [1,6,14,40,48,75,78,110] [1,9,27,37,53,64,65,112] [22,23,52,65,104,109,111,127] [1,4,20,32,45,48,73,82] [2,17,44,61,67,70,100,105] [35,43,66,71,80,94,97,99] [2,14,18,25,29,35,40,85] [9,20,42,60,79,97,105,115] [2,25,32,46,53,87,95,115] [12,24,29,41,101,106,123,126] [23,44,50,55,75,99,102,115] [1,8,17,37,40,91,98,121] [6,14,29,30,40,75,78,110] [9,27,64,65,84,112,120,121] [22,23,36,54,86,97,104,127] [1,4,5,32,45,48,73,82] [2,17,44,47,61,67,100,105] [35,66,71,76,80,97,99,111] [2,25,29,40,69,85,95,109] [16,21,42,60,79,97,105,115] [27,32,46,53,73,87,101,115] [12,24,29,41,44,91,101,106] [3,23,38,44,47,55,102,115] [16,17,20,31,40,77,90,121] [6,14,29,75,77,78,110,115] [0,9,36,64,65,80,93,103] [14,16,24,49,71,80,90,114] [33,56,75,99,104,120,121,125] [6,11,23,27,44,80,104,110] [4,5,47,76,86,87,114,117] [5,52,76,93,96,97,104,125] [28,31,74,82,83,94,118,127]
Token  48: [31,53,66,68,69,81,92,107] [2,24,25,62,75,76,83,85] [36,41,51,64,67,69,117,123] [10,25,50,76,78,87,109,123] [0,10,11,20,91,102,111,113] [5,18,75,80,86,99,111,116] [22,23,85,86,97,104,111,127] [1,4,5,32,45,48,72,82] [2,28,44,51,61,67,99,105] [24,43,48,71,76,80,99,105] [2,7,14,18,25,29,83,85] [13,47,58,60,79,102,105,115] [2,34,46,53,68,69,87,120] [13,24,29,44,55,79,121,126] [23,28,38,44,55,57,84,115] [3,17,34,40,50,75,89,121] [1,14,20,40,43,75,78,121] [1,9,14,27,37,45,97,112] [9,22,23,54,65,89,104,127] [1,4,5,32,45,48,72,82] [17,28,61,67,99,100,105,108] [43,48,71,76,80,97,99,105] [7,14,18,25,29,35,40,85] [13,20,60,79,86,102,105,115] [2,27,34,46,53,69,87,115] [24,44,55,79,101,106,121,126] [23,28,38,44,55,57,84,115] [1,3,17,34,40,98,100,121] [1,14,20,30,75,78,121,127] [9,14,45,79,82,97,112,121] [22,23,54,86,89,97,104,127] [1,4,5,13,32,44,45,82] [28,32,61,67,100,104,105,108] [48,66,71,76,97,99,105,111] [2,14,25,29,69,83,91,94] [13,47,60,79,90,102,105,115] [2,27,46,68,69,87,115,120] [24,29,55,79,99,101,106,121] [23,28,38,44,55,57,84,115] [3,6,17,31,34,40,89,121] [14,20,75,78,102,105,115,121] [1,9,14,45,80,82,97,112] [3,16,41,65,71,80,101,115] [4,36,44,46,58,68,75,104] [6,27,52,54,56,69,71,104] [2,4,12,27,32,37,114,117] [52,55,60,63,67,101,117,127] [32,34,58,71,85,86,117,124]
Token  49: [0,14,24,51,57,101,103,106] [2,20,24,25,44,48,62,75] [36,41,50,81,90,121,122,123] [10,32,35,50,76,78,109,123] [7,11,57,63,70,102,111,113] [5,18,51,75,99,105,110,114] [22,23,54,86,89,97,104,127] [1,4,32,40,44,45,48,82] [28,61,67,99,100,105,108,123] [32,48,71,76,80,91,99,105] [2,7,14,18,25,83,85,91] [13,47,60,79,90,102,109,110] [2,27,34,46,68,87,106,120] [29,31,55,66,101,106,113,126] [16,23,44,53,57,84,105,115] [3,17,34,40,75,88,89,121] [1,14,43,75,78,105,119,126] [2,9,27,35,37,82,112,121] [22,23,65,87,89,97,104,111] [1,4,5,32,44,45,48,82] [32,47,61,67,100,104,108,123] [24,66,71,76,80,97,99,111] [7,18,25,83,85,91,94,103] [13,60,79,90,94,99,109,115] [2,14,22,27,34,46,115,127] [29,59,66,92,99,106,112,113] [16,23,38,44,55,57,105,115] [3,17,32,34,40,75,89,121] [1,12,14,78,93,105,119,127] [2,6,9,35,66,82,112,121] [22,23,54,65,89,100,104,111] [1,4,5,32,44,45,82,108] [32,61,67,76,100,104,108,123] [17,32,71,76,80,97,99,111] [7,14,18,25,83,91,94,103] [13,20,47,60,90,102,109,115] [2,27,32,46,68,115,120,127] [29,31,40,55,66,99,106,113] [16,23,38,55,57,84,87,105] [3,4,6,17,34,40,89,121] [12,14,43,78,102,105,115,119] [2,6,9,35,66,82,100,112] [3,16,18,27,80,93,102,115] [6,29,36,44,46,65,68,104] [6,20,27,48,56,69,81,104] [12,27,32,37,70,80,114,117] [52,55,60,63,101,115,117,127] [36,47,58,85,86,88,120,123]
Token  50: [28,33,52,64,75,82,91,124] [9,24,28,33,47,48,74,122] [4,17,36,46,74,97,104,107] [9,24,68,74,78,103,109,123] [11,23,46,53,57,60,70,122] [18,32,52,55,75,81,93,110] [6,14,23,54,87,89,104,127] [1,5,32,44,45,47,76,82] [22,47,61,67,95,100,108,123] [7,17,32,35,71,76,80,99] [7,13,25,29,82,85,94,103] [18,60,90,94,99,100,116,122] [2,22,24,26,32,34,46,127] [2,29,63,71,92,106,112,127] [15,16,33,38,55,57,92,115] [17,32,40,75,89,119,121,125] [1,11,14,35,78,113,115,127] [1,9,36,37,82,92,112,118] [13,14,22,23,87,89,104,118] [1,2,5,32,45,48,82,100] [22,61,67,100,104,105,108,123] [7,17,32,47,71,76,82,99] [9,25,40,55,85,94,103,127] [22,25,60,75,79,94,99,100] [2,24,26,34,36,46,87,127] [2,18,61,63,78,92,106,127] [15,16,38,42,55,57,73,92] [0,11,17,25,32,40,89,121] [10,14,28,35,78,100,113,127] [80,82,92,93,105,112,118,122] [13,14,22,54,87,89,104,107] [1,2,5,32,45,48,82,89] [13,22,32,53,61,67,100,104] [7,17,32,47,70,76,82,99] [9,23,25,29,55,94,103,127] [9,18,20,22,25,30,60,99] [14,25,26,46,92,112,115,127] [18,52,61,63,87,92,112,127] [15,16,22,26,55,57,73,92] [0,25,32,51,89,106,110,125] [27,28,35,78,82,100,115,127] [9,18,25,82,92,93,99,118] [4,8,17,33,70,80,106,116] [7,24,41,61,75,80,83,104] [9,11,27,42,52,62,66,104] [41,48,67,76,88,114,116,117] [14,18,33,46,51,54,63,113] [0,6,17,23,39,53,80,96]
Token  51: [4,24,38,66,86,101,118,122] [24,31,47,57,85,89,122,126] [12,36,41,56,57,60,74,104] [18,29,45,49,66,68,72,118] [5,23,46,51,57,60,65,70] [0,18,20,21,31,55,81,93] [22,47,54,65,76,87,104,119] [1,4,7,32,45,74,82,108] [4,5,11,32,67,100,104,123] [7,17,24,35,76,80,92,99] [7,25,55,71,82,85,91,94] [18,25,38,50,73,99,100,107] [2,4,14,32,46,92,93,127] [20,52,62,71,87,92,112,127] [14,15,23,38,42,57,92,115] [17,32,40,75,89,119,121,125] [1,10,13,14,28,39,78,127] [9,36,66,75,82,92,112,118] [14,22,23,65,87,89,104,127] [1,2,5,7,32,45,82,100] [5,11,22,32,67,100,108,123] [7,17,35,71,76,80,82,99] [7,9,25,55,71,82,85,94] [18,25,36,59,60,73,99,100] [2,14,25,46,92,93,112,127] [18,29,62,87,92,106,112,127] [15,38,55,57,60,71,73,115] [17,32,40,75,89,121,125,126] [1,10,13,14,28,75,78,127] [9,36,66,75,92,112,121,122] [22,23,54,87,89,97,104,127] [1,4,5,32,45,82,89,108] [11,32,61,76,100,104,108,123] [7,32,35,47,71,76,82,99] [23,25,69,71,82,85,94,103] [18,22,25,30,60,73,99,115] [2,14,25,32,46,92,103,112] [18,62,87,92,106,112,120,127] [15,16,23,38,55,57,73,87] [17,32,40,89,94,121,125,126] [13,14,28,30,78,102,115,127] [2,9,35,49,66,92,100,112] [3,16,18,27,80,86,98,115] [5,16,29,36,44,68,75,104] [6,11,27,44,56,69,81,104] [4,12,24,27,37,114,117,123] [51,52,55,60,63,98,117,127] [10,15,21,26,58,82,85,86]
Token  52: [28,64,67,68,86,91,105,122] [13,24,30,52,63,68,74,122] [4,36,48,64,74,76,106,109] [13,34,35,68,70,73,78,123] [5,6,11,27,51,67,70,113] [5,18,55,63,75,87,99,115] [6,22,23,54,89,97,104,111] [1,4,5,32,45,46,82,108] [44,47,61,67,70,100,105,108] [32,35,66,67,71,76,99,106] [7,18,25,29,82,85,91,121] [16,55,60,94,97,99,100,105] [2,14,27,46,87,92,103,127] [1,29,40,57,73,106,109,123] [16,18,23,38,44,57,60,102] [17,31,32,40,50,75,89,121] [1,11,14,30,75,78,94,108] [0,9,27,36,66,82,107,112] [22,23,89,97,100,104,109,111] [1,4,5,13,32,45,82,108] [33,44,47,61,67,100,105,108] [35,41,66,67,71,76,97,99] [7,18,25,40,41,85,91,94] [20,42,43,55,60,94,97,99] [0,2,25,27,34,46,75,87] [1,2,29,57,62,101,106,123] [16,23,38,44,55,57,60,73] [17,32,40,75,77,89,121,126] [1,14,44,75,78,94,108,109] [6,9,36,65,82,92,112,121] [22,23,54,89,97,100,104,118] [1,4,5,32,45,48,82,108] [4,44,61,67,76,100,105,108] [35,41,67,71,76,97,99,106] [18,25,41,69,85,94,95,124] [18,25,42,55,60,97,99,115] [0,2,14,27,38,46,87,103] [1,41,57,62,106,109,112,123] [18,23,38,55,57,73,87,102] [17,31,32,40,77,107,121,126] [14,44,75,78,94,108,109,115] [0,6,9,63,65,92,100,122] [3,16,18,24,49,80,86,126] [33,36,44,47,56,68,104,121] [6,11,23,27,69,80,104,110] [5,12,26,32,47,87,114,117] [1,5,52,55,60,98,117,127] [15,21,31,44,74,121,124,127]
Token  53: [13,26,40,65,72,98,100,122] [18,50,70,94,100,122,124,127] [36,41,49,53,57,84,88,104] [37,68,71,78,89,94,116,123] [11,70,76,79,85,106,113,115] [5,18,42,59,61,66,75,125] [13,23,35,56,83,86,105,127] [1,4,32,45,48,49,82,112] [2,44,55,61,67,84,104,121] [9,24,71,76,80,99,110,111] [18,25,30,61,73,83,85,105] [24,49,60,61,65,79,105,115] [2,14,15,34,46,50,87,99] [2,6,12,15,28,80,101,106] [20,23,44,48,55,57,75,115] [1,16,17,40,82,85,91,121] [8,14,75,78,80,108,124,126] [1,9,17,19,69,72,112,121] [23,56,63,65,86,104,105,127] [1,4,5,32,45,49,82,100] [2,17,47,61,67,84,100,121] [0,9,71,76,80,99,110,125] [2,18,30,50,61,85,98,105] [20,23,24,31,49,60,61,96] [2,15,34,46,73,87,99,115] [2,6,12,15,28,58,91,106] [3,17,20,44,48,55,86,115] [16,17,40,50,59,85,101,121] [8,14,42,48,75,78,108,124] [1,13,17,19,72,80,112,118] [13,23,56,63,83,105,107,127] [1,5,32,45,48,49,82,112] [2,17,61,65,67,84,95,121] [9,71,76,80,99,110,111,125] [25,30,56,61,69,73,85,105] [23,24,26,46,49,60,61,105] [2,15,46,73,87,99,107,115] [6,10,15,28,78,79,101,106] [3,20,23,44,48,55,86,115] [1,17,31,40,61,85,101,121] [8,14,75,78,105,108,115,124] [1,9,17,19,42,53,69,72] [16,24,39,73,74,80,115,126] [8,19,43,46,56,77,88,104] [0,6,27,45,53,80,104,107] [4,12,27,32,46,112,114,117] [22,39,55,82,97,105,123,124] [35,73,74,85,86,90,95,109]
Token  54: [0,14,21,31,63,74,83,120] [8,23,26,34,41,42,122,126] [36,41,50,53,62,67,84,88] [6,16,50,64,78,89,123,124] [11,43,67,76,79,85,106,113] [18,42,47,61,75,84,96,125] [8,13,23,56,83,86,105,127] [32,45,48,49,69,73,82,106] [2,61,66,67,84,86,116,121] [9,24,71,76,80,98,99,110] [25,30,35,61,73,83,85,105] [24,26,49,61,90,105,115,117] [15,34,46,79,97,99,107,115] [6,12,21,28,43,80,98,118] [3,10,48,53,55,75,79,115] [16,40,50,85,91,103,111,121] [8,48,73,75,78,80,115,124] [1,4,15,17,19,69,99,122] [8,13,34,56,63,66,83,105] [3,24,49,60,82,106,110,112] [5,65,84,95,114,116,121,127] [0,9,49,80,84,110,111,125] [30,50,53,56,61,73,98,105] [7,23,24,26,49,61,89,125] [2,15,34,56,73,79,99,115] [6,15,23,28,80,82,91,106] [3,4,48,55,79,90,99,115] [10,16,40,50,85,91,103,121] [8,42,48,73,75,78,80,124] [1,13,17,19,69,99,103,112] [13,56,63,79,83,105,107,127] [3,32,45,49,56,73,82,106] [47,61,66,67,84,90,95,121] [9,26,51,71,80,98,99,110] [25,30,35,50,61,69,73,105] [23,24,26,46,49,60,61,105] [2,15,73,79,87,99,107,115] [6,10,21,28,80,101,106,118] [10,23,36,44,48,55,79,115] [1,17,31,40,50,85,103,121] [8,55,73,75,78,80,115,124] [9,15,17,19,48,69,106,112] [2,16,21,24,31,64,74,80] [8,12,19,43,56,77,88,104] [0,6,27,45,53,73,88,99] [12,17,22,27,37,46,112,114] [22,29,30,39,52,81,97,105] [32,35,52,73,85,86,95,111]
Token  55: [16,22,38,53,93,104,107,118] [8,23,34,58,86,107,116,122] [10,14,36,51,52,62,100,116] [25,29,37,64,71,76,87,123] [0,23,43,76,79,89,113,118] [18,47,75,80,93,96,107,116] [14,23,56,79,86,104,109,127] [1,32,45,48,60,73,82,87] [36,61,64,67,95,99,109,123] [26,65,71,80,81,94,97,99] [14,25,29,30,35,73,74,107] [8,26,67,69,79,90,105,115] [26,46,50,53,75,87,107,115] [2,6,10,21,44,75,79,98] [7,8,10,55,75,79,80,115] [16,17,40,50,60,91,95,121] [7,11,14,40,75,78,124,126] [9,15,17,52,53,103,106,112] [9,23,65,79,86,104,109,127] [1,4,20,32,45,48,82,87] [5,17,47,61,67,95,105,124] [1,26,65,71,80,94,97,99] [18,25,29,30,35,73,85,107] [20,26,43,60,79,105,115,120] [34,42,46,52,53,87,107,115] [2,10,75,79,91,98,101,106] [23,34,44,55,79,80,99,115] [1,8,17,40,60,61,91,121] [7,11,14,40,75,78,102,114] [9,15,17,53,103,106,112,121] [10,22,23,65,86,100,104,127] [1,4,5,32,45,48,82,87] [17,33,44,47,61,67,95,105] [1,26,71,80,94,97,99,111] [18,25,30,35,52,69,85,107] [8,59,60,69,79,86,105,115] [2,9,32,42,46,53,87,115] [2,10,21,44,75,98,101,106] [3,23,34,44,55,79,80,115] [1,17,31,40,60,61,95,121] [7,14,15,40,75,78,80,115] [9,15,17,52,53,80,103,106] [16,24,37,73,74,80,123,125] [8,43,44,52,56,81,97,104] [6,27,37,44,45,54,80,104] [22,37,46,63,80,92,112,114] [22,39,52,55,80,82,105,124] [27,32,35,52,71,85,90,95]
Token  56: [0,3,12,29,62,77,97,126] [8,11,67,74,78,86,116,122] [7,36,51,62,69,119,121,125] [1,11,25,29,35,76,78,123] [4,11,39,45,74,95,97,113] [5,18,47,74,80,96,99,116] [10,22,23,79,97,104,109,127] [1,4,32,45,48,82,87,106] [3,24,27,51,55,67,86,99] [52,57,71,76,80,94,97,99] [7,18,25,30,35,74,107,120] [43,46,60,68,69,79,105,115] [2,46,53,54,80,87,100,115] [2,24,37,44,75,79,98,101] [7,9,23,36,44,55,62,115] [1,17,31,40,50,82,98,121] [1,14,40,75,78,111,123,126] [9,14,17,27,37,53,84,112] [10,22,23,65,79,86,104,127] [1,4,5,32,45,48,82,87] [47,51,55,61,67,100,105,122] [1,24,52,71,80,94,97,99] [18,25,30,35,74,85,107,120] [20,43,46,60,68,79,105,115] [2,34,46,52,53,75,87,115] [10,24,44,71,75,98,101,106] [9,23,34,44,54,55,62,115] [1,8,16,17,40,50,98,121] [14,24,75,78,102,111,114,123] [9,14,17,53,84,106,112,121] [10,14,22,23,65,86,104,127] [1,4,5,32,45,48,82,87] [24,33,44,47,61,67,100,105] [1,52,66,71,80,94,97,99] [18,25,30,69,74,85,107,120] [43,46,60,68,71,77,105,115] [27,46,53,73,80,87,100,115] [10,24,44,49,75,95,101,106] [3,9,23,34,44,55,62,115] [1,8,17,31,40,82,98,121] [14,29,75,78,80,111,115,123] [9,14,53,65,80,84,112,121] [2,16,24,28,55,65,75,80] [2,4,8,44,56,87,104,121] [6,13,27,44,54,80,104,110] [4,5,12,47,83,87,114,123] [10,19,45,52,55,74,98,117] [32,54,71,74,85,90,117,127]
Token  57: [9,11,43,61,70,81,84,93] [19,41,83,86,91,115,122,123] [7,36,41,51,67,69,116,117] [1,11,29,35,78,91,105,123] [11,39,63,74,91,102,111,113] [5,18,34,47,80,96,111,116] [10,22,23,79,86,104,109,127] [1,4,5,32,45,48,72,82] [27,28,44,47,51,61,67,99] [43,48,52,71,76,97,99,105] [7,14,18,25,29,74,83,107] [13,46,47,58,60,79,105,115] [27,46,53,68,69,87,106,124] [13,24,44,55,75,98,101,121] [9,23,27,28,44,57,101,115] [1,3,17,34,40,98,100,121] [1,14,15,20,75,78,121,126] [9,14,15,45,52,97,112,121] [9,22,23,65,79,104,111,127] [1,4,5,32,45,48,72,82] [28,33,47,61,67,100,105,108] [24,48,71,76,80,97,99,105] [7,14,18,25,35,74,77,85] [13,20,47,58,60,79,96,115] [2,27,34,46,68,69,87,115] [13,24,44,55,75,101,106,121] [23,27,28,38,44,55,57,115] [3,17,34,40,50,98,100,121] [1,14,15,20,75,78,121,127] [9,14,15,45,82,97,112,121] [14,22,23,65,100,104,109,111] [1,4,5,13,32,45,82,108] [28,32,47,61,67,99,100,105] [48,66,71,76,97,99,105,111] [14,18,25,69,74,83,85,94] [13,47,58,60,71,90,105,115] [2,27,46,68,69,100,115,120] [13,44,55,75,79,99,106,121] [23,27,28,38,44,55,80,101] [1,3,17,34,40,89,100,121] [14,15,20,30,78,105,115,121] [1,9,14,15,17,45,97,121] [7,16,21,65,74,80,101,115] [4,19,36,43,46,65,68,104] [6,27,44,45,54,69,71,104] [2,4,12,27,46,112,114,117] [29,39,52,55,63,77,105,117] [32,34,35,86,95,111,117,124]
Token  58: [19,27,47,48,49,50,106,110] [25,75,91,99,105,115,122,123] [36,41,45,51,52,68,69,122] [12,26,35,59,61,91,94,123] [4,11,38,39,97,102,111,113] [5,18,51,75,79,105,111,119] [14,22,23,86,104,109,111,127] [1,4,5,32,45,48,72,82] [2,27,28,47,61,67,86,99] [24,30,48,71,76,97,99,105] [14,18,25,30,74,83,85,107] [13,46,47,50,58,71,94,115] [46,68,69,80,87,100,120,122] [12,44,55,66,101,106,113,126] [7,23,44,55,96,101,105,115] [1,3,17,40,82,98,100,121] [1,14,43,51,75,78,121,126] [2,9,35,45,66,84,112,121] [14,22,23,36,65,104,111,127] [1,4,5,32,45,48,72,82] [2,3,28,44,47,61,67,100] [24,48,66,71,80,97,99,105] [14,18,25,35,77,85,110,120] [13,46,58,60,71,94,105,115] [2,27,34,46,68,69,87,115] [12,44,55,66,101,106,113,126] [23,38,44,55,96,101,105,115] [3,17,34,40,82,98,100,121] [1,14,30,43,51,75,78,121] [2,9,30,35,66,82,112,121] [14,22,23,54,65,104,109,127] [1,4,5,13,32,45,82,108] [2,44,47,56,61,67,100,105] [48,66,71,76,97,99,105,111] [14,18,25,30,69,83,85,94] [13,47,58,60,69,79,94,115] [2,27,42,46,68,69,87,115] [10,12,66,79,99,101,106,113] [23,38,39,44,55,96,105,115] [1,3,17,34,40,98,100,121] [14,30,43,51,78,102,115,121] [2,9,35,66,80,112,121,126] [16,18,71,80,93,98,102,123] [36,44,46,65,68,81,87,104] [6,20,27,44,48,69,81,104] [4,12,37,70,80,114,117,123] [19,52,55,60,98,115,117,127] [36,47,66,85,86,88,120,123]
Token  59: [22,23,28,30,50,87,105,112] [29,48,67,68,74,85,90,122] [4,6,36,41,44,64,76,126] [35,70,77,78,91,92,94,109] [7,11,27,28,38,67,102,113] [5,10,18,54,75,79,87,99] [22,23,86,104,109,111,118,127] [1,4,13,32,45,53,67,82] [2,20,47,61,67,86,100,123] [35,41,66,71,76,80,97,99] [18,25,29,30,85,95,109,111] [16,42,43,46,60,94,105,116] [0,27,32,34,46,87,101,103] [12,41,57,86,101,106,109,123] [23,44,53,55,57,60,76,115] [15,17,20,40,77,82,100,121] [1,11,14,30,78,101,110,126] [0,9,36,37,64,65,112,121] [22,23,65,104,109,111,119,127] [1,4,5,13,32,45,67,82] [2,3,20,47,61,67,100,123] [24,30,35,66,71,80,97,99] [18,25,29,30,85,109,110,111] [9,16,42,43,46,60,94,97] [0,2,14,25,27,32,34,46] [12,18,41,45,57,86,106,123] [23,38,44,55,60,73,102,115] [17,20,40,50,77,82,100,121] [14,24,30,75,77,78,109,110] [0,9,36,64,65,82,112,121] [22,23,54,65,104,109,111,118] [1,4,5,32,45,48,82,108] [2,20,44,47,61,67,100,105] [35,40,41,66,71,97,99,111] [18,25,29,69,85,95,107,109] [16,42,46,60,79,94,97,115] [0,2,14,27,38,46,87,103] [10,12,41,57,101,106,109,123] [3,18,23,44,55,60,102,111] [17,20,31,40,51,61,107,121] [14,29,77,78,109,110,115,127] [0,9,63,64,65,80,103,121] [16,24,49,59,71,80,90,126] [8,44,47,49,56,104,121,125] [6,11,23,27,37,80,104,110] [4,5,46,47,76,87,112,114] [1,5,10,19,39,82,105,124] [11,15,31,35,74,90,95,127]
Token  60: [18,21,29,36,74,97,120,126] [2,11,31,53,83,85,106,122] [8,36,52,72,87,116,121,125] [1,10,35,50,64,78,89,123] [1,10,11,38,79,91,113,118] [5,18,75,79,82,99,111,123] [22,23,34,52,56,86,104,111] [1,4,13,32,45,48,62,82] [2,27,61,67,86,99,100,127] [43,45,66,71,80,97,99,117] [7,14,18,25,29,83,85,91] [26,64,79,90,94,110,115,116] [2,9,27,32,34,46,60,127] [2,10,12,24,29,79,106,121] [28,38,53,55,57,86,92,102] [3,25,40,50,61,75,100,121] [1,14,30,78,105,111,115,126] [1,9,27,53,75,82,99,112] [13,22,23,63,65,86,87,104] [1,4,5,32,44,45,62,82] [2,5,53,61,67,99,100,127] [0,43,66,71,80,99,106,111] [6,7,14,16,30,40,94,111] [20,59,64,69,79,90,94,115] [2,9,27,34,39,46,73,95] [12,24,29,44,79,81,91,106] [3,38,44,53,55,57,62,110] [16,17,40,61,75,87,89,121] [1,14,30,78,89,93,105,111] [1,9,18,53,68,82,112,121] [3,22,23,54,65,87,89,104] [1,4,5,32,44,45,62,82] [2,53,67,90,100,105,123,127] [43,49,66,71,76,97,99,111] [14,25,29,40,69,73,83,94] [26,60,67,79,90,102,110,115] [2,9,27,46,60,73,107,127] [12,24,32,79,81,91,93,106] [10,11,23,38,55,62,87,125] [17,23,31,40,61,87,89,121] [1,4,14,78,105,111,115,126] [1,9,18,53,58,80,82,84] [16,21,28,65,75,80,101,115] [4,36,44,46,56,68,75,104] [6,27,47,54,56,69,71,104] [4,12,27,32,37,45,114,117] [52,55,63,67,101,117,125,127] [32,34,58,73,74,86,104,117]
Token  61: [14,18,24,57,61,70,106,110] [9,24,47,48,56,116,122,126] [36,41,70,74,87,90,122,125] [10,23,29,37,50,87,94,109] [10,11,38,63,95,113,114,118] [5,18,31,51,75,99,105,111] [22,23,54,86,87,89,100,104] [1,4,13,32,44,45,48,82] [2,28,47,61,67,99,100,123] [32,45,48,66,71,76,97,99] [2,7,14,25,83,85,91,94] [46,47,67,79,90,94,109,110] [2,9,27,34,46,60,68,127] [12,55,66,79,81,92,106,113] [16,23,38,44,53,55,57,105] [3,17,36,40,75,88,89,121] [1,4,12,14,78,105,119,126] [1,2,9,53,75,82,112,121] [22,23,65,86,87,89,104,109] [1,4,5,13,32,44,45,82] [5,44,47,61,67,99,100,123] [66,67,71,76,80,97,99,111] [7,18,25,40,83,85,91,94] [20,30,43,60,79,90,109,115] [2,9,27,34,46,68,126,127] [29,32,59,66,71,81,92,106] [16,23,38,44,55,57,105,115] [3,17,32,36,40,75,89,121] [1,12,14,78,93,105,119,126] [1,2,9,18,82,100,112,121] [22,23,54,65,87,89,104,127] [1,4,5,32,44,45,82,108] [32,47,53,61,67,100,108,123] [7,17,32,76,80,97,99,111] [7,16,18,25,69,83,91,94] [20,30,60,67,90,96,99,109] [2,9,27,32,34,46,125,127] [32,66,79,81,93,99,106,113] [10,16,23,38,55,66,105,125] [3,17,31,34,40,61,89,121] [4,12,14,78,105,115,119,126] [2,9,35,66,82,100,112,121] [3,16,18,27,80,92,102,115] [29,36,44,46,58,65,68,104] [6,27,44,48,52,56,69,104] [4,12,27,32,71,114,117,123] [52,55,60,63,77,101,117,127] [20,36,47,58,73,74,86,120]
Token  62: [72,76,95,100,102,110,118,119] [12,48,64,70,75,94,106,122] [75,77,78,87,99,113,123,125] [37,68,76,82,94,103,108,124] [10,11,38,52,57,113,114,118] [5,18,22,33,51,75,79,105] [13,22,34,47,56,86,104,107] [4,8,32,40,45,62,82,109] [21,61,67,86,90,99,105,127] [0,32,45,76,80,81,99,117] [7,16,25,42,57,80,83,91] [5,46,50,60,67,79,90,115] [2,9,21,32,34,46,71,77] [32,47,58,73,78,81,91,106] [3,17,36,38,53,55,57,76] [3,16,40,52,61,89,91,121] [1,14,21,30,78,89,105,126] [18,42,53,75,82,99,112,120] [23,34,56,63,86,87,89,104] [8,32,45,62,73,82,100,106] [53,65,67,72,90,99,100,123] [0,8,32,49,76,80,99,111] [7,16,19,40,47,50,57,94] [5,52,54,59,60,79,90,92] [2,9,21,27,34,46,71,127] [32,33,47,73,78,81,91,106] [3,16,38,53,55,57,115,125] [17,40,52,61,75,89,91,121] [1,14,30,78,89,93,105,127] [1,9,18,42,68,82,99,112] [3,22,23,54,65,87,89,104] [1,4,5,8,32,45,62,82] [53,67,89,90,100,105,123,127] [0,7,32,76,80,99,111,124] [16,25,42,57,69,83,91,94] [30,33,52,59,60,90,96,99] [2,9,21,27,32,34,46,127] [32,33,45,47,78,81,93,106] [16,23,38,55,57,66,68,105] [8,17,31,40,52,61,89,121] [4,14,78,89,105,115,119,126] [2,9,18,42,66,82,100,112] [3,16,18,27,39,80,92,115] [29,36,44,46,58,68,75,104] [6,27,47,48,52,56,69,104] [4,12,27,32,37,114,117,123] [52,55,60,63,77,101,117,127] [20,36,58,65,73,85,86,120]
Token  63: [11,16,60,72,85,100,114,119] [48,61,64,70,106,119,122,127] [2,45,65,75,78,99,109,127] [14,33,37,72,81,94,108,116] [11,30,31,32,52,57,63,101] [18,33,37,59,64,77,79,91] [34,47,53,71,87,104,107,124] [8,18,24,45,59,62,82,109] [16,45,53,57,67,86,90,127] [0,2,17,49,55,80,82,125] [3,7,16,26,47,57,94,98] [18,20,30,50,52,59,90,99] [2,9,21,32,46,54,64,127] [29,32,47,66,78,81,92,106] [1,3,38,53,55,57,67,68] [17,31,40,41,52,89,121,127] [1,14,78,89,90,101,105,115] [5,18,33,42,55,77,82,88] [13,22,34,63,86,87,104,122] [8,24,32,45,56,58,82,123] [22,53,67,77,87,100,114,124] [0,7,17,49,55,80,82,108] [2,7,16,40,47,55,57,94] [20,30,52,59,72,79,90,96] [2,9,27,34,46,54,64,127] [29,45,47,78,81,92,106,117] [1,4,16,38,53,55,68,92] [17,40,52,58,61,89,93,121] [1,14,30,78,89,93,101,105] [5,9,77,82,88,99,112,121] [22,23,54,65,87,89,104,127] [1,4,8,32,44,45,82,108] [22,32,53,67,77,83,100,123] [7,17,67,76,80,82,91,99] [7,16,25,43,57,63,91,94] [30,36,52,59,60,72,90,99] [2,27,32,34,46,64,73,127] [45,47,78,81,92,93,106,117] [1,16,23,38,55,57,66,68] [17,29,40,45,52,83,89,121] [1,14,30,78,101,105,112,126] [5,7,9,42,77,82,88,121] [3,16,43,69,71,80,108,115] [5,33,44,46,58,66,68,104] [6,27,56,57,69,104,108,126] [4,12,27,45,50,71,114,117] [27,52,55,63,76,77,125,127] [2,3,20,53,58,73,87,101]
Token  64: [30,32,58,72,88,109,117,121] [1,28,48,61,65,87,89,122] [36,45,101,107,109,111,112,127] [14,28,33,37,69,72,81,103] [2,7,11,30,32,57,63,101] [5,18,54,77,79,84,91,112] [22,23,54,86,87,97,104,109] [1,4,13,32,44,45,82,108] [22,32,35,47,61,81,100,125] [7,17,32,71,76,82,91,99] [7,25,27,55,80,85,91,94] [18,30,50,59,72,90,97,99] [2,9,27,32,34,46,64,127] [29,47,61,66,67,92,106,126] [1,16,38,53,55,57,68,115] [17,28,37,40,68,75,89,121] [0,1,14,30,78,89,101,126] [9,57,77,82,88,112,114,121] [22,23,54,87,89,104,109,127] [1,4,5,32,44,45,81,82] [22,32,61,67,77,83,100,123] [7,17,71,76,80,82,99,100] [2,7,25,27,55,80,85,94] [30,33,45,50,60,79,90,99] [2,9,27,34,46,64,112,127] [29,47,61,67,92,106,120,127] [16,33,38,53,55,57,68,115] [17,28,32,40,68,75,89,121] [0,1,14,30,78,101,126,127] [5,9,57,77,82,88,112,121] [22,23,54,65,87,89,104,127] [1,4,5,32,44,45,82,108] [22,32,53,67,77,83,100,123] [7,17,67,76,80,82,99,100] [7,16,25,27,55,63,94,99] [18,30,45,50,59,60,72,99] [2,27,32,34,46,64,112,127] [8,45,47,67,92,93,106,120] [1,16,38,55,57,68,73,115] [17,28,32,40,83,89,106,121] [0,1,14,30,78,90,101,126] [5,9,34,44,57,77,82,88] [3,16,43,69,71,80,86,111] [33,36,46,58,66,68,104,123] [6,8,16,19,27,58,69,104] [0,4,45,91,95,99,114,117] [5,27,32,52,63,94,104,125] [4,44,53,74,92,107,113,124]
Token  65: [19,33,37,46,52,78,87,117] [16,48,61,63,65,85,116,122] [8,49,64,65,70,90,104,112] [14,35,69,74,77,81,93,124] [11,32,57,70,87,95,101,113] [5,18,71,79,110,112,122,123] [6,22,23,87,89,97,104,111] [1,4,5,32,40,45,82,108] [4,47,61,67,83,100,108,123] [17,53,71,76,80,97,99,100] [7,15,18,25,80,85,91,94] [18,30,45,50,60,95,97,99] [2,24,27,32,34,46,71,127] [8,29,47,71,73,92,106,126] [1,16,38,44,55,57,64,68] [17,32,33,40,75,89,119,121] [1,10,14,30,51,78,89,101] [9,34,77,82,88,112,114,121] [22,23,47,87,89,104,124,127] [1,4,5,32,44,45,82,100] [4,22,35,61,67,83,100,105] [7,17,71,76,80,82,99,100] [7,18,25,27,55,80,85,94] [20,30,33,45,50,60,95,99] [2,27,32,34,46,64,112,127] [8,29,45,47,92,106,120,127] [3,38,53,55,57,64,68,115] [3,17,32,33,40,75,89,121] [1,14,30,75,78,89,101,127] [9,11,77,82,88,100,112,121] [22,23,54,87,89,104,109,127] [1,4,5,32,44,45,82,108] [4,32,53,67,77,83,100,123] [7,17,66,67,76,82,99,100] [2,25,27,43,82,85,91,94] [18,30,45,50,73,95,96,99] [2,14,27,32,46,64,112,127] [8,45,92,93,106,112,120,127] [23,38,53,55,57,64,66,68] [17,32,33,40,75,89,106,121] [1,13,14,30,78,80,101,126] [9,11,81,82,92,100,112,121] [3,16,23,43,80,86,111,115] [16,36,44,46,58,68,104,120] [6,27,39,56,69,104,108,116] [4,12,32,37,91,99,114,117] [52,55,60,63,94,98,117,127] [15,21,26,57,58,74,82,107]
Token  66: [28,30,33,75,82,91,105,122] [31,33,52,63,65,85,89,122] [4,36,41,46,49,60,64,126] [45,81,86,93,104,109,114,126] [38,57,60,67,70,101,113,114] [0,5,18,75,79,87,93,110] [22,23,87,104,109,111,120,124] [1,4,7,13,32,45,46,82] [35,47,61,67,83,87,100,125] [17,35,66,67,80,97,99,106] [7,25,29,71,85,91,94,109] [45,55,60,73,94,95,97,99] [2,24,27,32,46,103,112,127] [29,41,62,71,84,92,106,120] [1,22,23,38,44,53,68,76] [17,40,51,75,77,89,119,121] [1,14,30,49,78,101,110,126] [9,36,54,81,100,112,114,121] [22,23,65,89,104,109,111,127] [1,4,5,32,44,45,81,82] [32,35,47,61,67,100,105,123] [17,66,67,71,82,97,99,100] [2,7,18,25,27,85,94,109] [30,42,45,55,60,73,95,99] [0,2,27,32,46,64,112,127] [8,29,57,62,92,106,112,120] [23,38,44,55,60,71,73,115] [17,32,40,61,75,89,121,126] [1,14,30,35,44,78,89,101] [9,36,54,81,82,100,112,121] [14,22,23,54,87,104,118,127] [1,4,5,13,32,44,45,82] [20,22,47,56,61,67,100,123] [7,35,66,67,82,99,106,111] [2,25,82,85,91,94,109,124] [25,30,42,55,73,95,97,99] [0,2,14,24,27,46,112,127] [29,57,62,84,89,106,112,123] [16,18,22,26,38,55,60,87] [17,25,32,40,51,89,107,126] [1,14,44,49,78,89,108,115] [0,9,11,54,63,64,82,100] [8,16,24,49,70,80,90,126] [8,18,47,56,75,104,121,125] [6,8,23,27,69,80,104,110] [5,27,32,37,76,87,95,114] [1,5,33,52,55,60,98,117] [15,44,57,74,82,86,92,114]
Token  67: [72,76,95,100,102,110,119,122] [12,64,70,84,94,100,117,122] [38,40,41,49,67,77,78,99] [31,34,50,68,89,94,123,124] [11,38,57,85,99,106,113,115] [5,18,33,42,66,75,79,123] [14,23,56,86,87,104,105,127] [1,2,4,8,32,45,62,82] [2,3,35,47,61,67,100,127] [17,32,66,71,80,97,99,117] [16,18,25,29,57,85,91,94] [33,49,60,61,90,94,99,122] [2,9,27,32,46,87,99,127] [10,28,47,78,81,92,101,106] [16,18,20,23,32,38,44,68] [16,17,32,40,82,89,121,126] [14,30,44,75,78,89,101,108] [0,9,18,42,72,82,99,112] [23,52,56,63,65,86,87,104] [1,4,5,32,45,48,49,82] [2,35,44,47,61,67,84,100] [7,9,71,80,97,99,110,111] [18,30,40,61,82,85,94,105] [24,42,49,60,61,94,96,99] [0,2,15,34,46,95,99,127] [15,28,57,71,101,106,109,123] [18,23,32,38,44,55,60,71] [16,17,20,32,40,61,121,126] [14,30,34,44,75,78,93,108] [0,9,63,65,82,99,112,118] [14,22,23,52,56,87,105,118] [1,4,5,32,45,48,49,82] [20,35,47,53,61,67,100,105] [7,35,41,71,97,99,111,125] [2,25,29,30,82,85,94,124] [23,42,52,60,73,96,97,99] [0,2,9,14,38,46,115,127] [15,47,57,78,106,109,112,123] [3,18,32,38,44,55,60,61] [17,20,31,40,52,61,107,121] [14,29,44,54,77,78,108,115] [0,9,11,63,64,65,80,121] [8,24,49,69,71,80,113,126] [8,47,56,75,104,120,121,125] [6,8,11,16,27,37,80,110] [4,5,47,52,83,87,95,114] [1,5,10,52,71,82,123,124] [15,31,44,74,90,92,109,127]
Token  68: [40,43,45,60,65,72,73,100] [12,18,84,94,100,117,122,127] [36,38,40,57,84,88,99,113] [6,28,31,89,94,116,123,124] [7,11,52,76,85,99,106,115] [37,59,61,64,66,75,114,125] [8,23,34,47,56,83,104,105] [4,45,48,49,59,82,109,112] [2,55,61,65,67,84,116,121] [0,9,71,80,99,110,111,125] [7,18,25,30,53,61,85,105] [24,49,60,61,94,99,115,125] [2,9,15,46,56,96,99,115] [6,10,15,23,28,58,101,106] [3,17,20,48,55,75,90,115] [10,16,31,40,70,85,101,121] [8,39,73,75,78,81,115,124] [1,18,19,21,42,69,99,105] [8,34,56,63,83,104,105,107] [3,32,45,49,75,82,100,112] [65,67,84,90,114,116,121,127] [0,9,71,80,110,111,122,125] [18,30,56,61,68,78,98,105] [3,23,24,49,54,61,96,125] [2,15,56,73,79,96,99,115] [6,15,23,26,28,33,58,106] [4,17,20,48,55,90,100,115] [10,16,40,70,85,101,121,127] [8,39,48,73,78,80,81,124] [1,19,21,42,48,55,105,118] [8,24,34,56,63,83,105,107] [3,32,49,59,75,82,109,112] [65,67,84,90,114,116,121,127] [9,49,51,80,110,111,122,125] [30,50,56,61,68,78,98,105] [3,23,24,49,54,60,61,125] [2,15,56,65,73,96,99,115] [6,10,15,23,28,58,78,91] [17,20,55,86,90,100,104,115] [10,17,52,70,101,103,121,127] [73,75,78,80,81,115,124,126] [1,9,19,21,42,48,69,112] [24,31,36,64,80,113,114,115] [8,31,37,46,56,77,88,104] [0,6,27,53,73,90,104,107] [2,12,22,27,32,87,101,114] [11,34,38,52,60,97,98,117] [20,57,73,74,85,86,105,109]
Token  69: [14,21,50,57,74,103,106,110] [3,6,9,15,28,47,95,122] [36,41,52,84,90,100,122,125] [4,32,39,71,87,117,123,127] [11,23,50,56,63,67,83,113] [5,18,47,51,68,105,107,110] [23,46,56,63,83,86,104,109] [1,32,45,48,69,73,82,106] [36,61,67,90,95,109,114,116] [0,9,32,65,71,80,99,125] [25,29,30,36,50,85,105,113] [24,49,61,67,69,109,115,125] [2,15,34,56,95,97,99,115] [6,10,23,26,28,66,98,106] [3,4,16,17,48,55,90,105] [16,17,40,70,72,85,91,103] [14,73,78,80,81,115,119,124] [1,18,19,55,69,78,83,99] [8,34,56,63,83,104,105,116] [3,24,49,75,82,100,106,112] [65,72,84,90,114,116,121,127] [0,9,49,80,96,110,122,125] [19,56,61,68,78,90,98,105] [3,23,24,49,54,61,96,125] [2,15,23,65,73,79,96,99] [15,23,26,28,58,66,82,118] [4,16,17,48,90,100,105,115] [16,40,59,70,72,101,120,127] [12,30,48,80,81,89,115,119] [1,21,55,66,78,83,99,103] [24,34,56,63,83,105,107,116] [3,49,56,75,82,106,109,112] [36,65,67,72,90,109,116,121] [0,9,32,65,80,96,122,125] [30,50,51,56,68,69,78,98] [3,23,54,60,61,63,109,125] [2,24,42,65,73,79,114,115] [10,23,66,82,91,98,106,113] [3,8,16,23,55,90,105,115] [16,17,40,50,61,72,103,121] [12,43,75,78,80,115,119,126] [2,9,35,66,78,80,103,112] [16,18,27,80,93,102,115,123] [6,29,36,41,46,65,87,104] [6,20,27,44,48,69,81,104] [12,27,32,37,58,70,80,114] [22,52,55,60,98,101,115,117] [36,47,66,85,86,88,120,123]
Token  70: [11,16,72,85,100,114,118,119] [15,16,21,48,63,64,106,122] [2,16,36,41,45,52,65,125] [25,37,61,78,81,93,112,123] [10,11,50,57,63,87,101,113] [5,18,51,54,59,71,79,105] [22,23,56,63,86,104,109,115] [1,4,5,32,45,73,82,106] [35,44,47,61,67,100,125,127] [17,24,32,65,71,76,97,99] [16,18,25,30,80,83,85,88] [18,50,72,89,90,99,115,122] [2,9,26,46,52,95,114,127] [10,47,66,78,82,92,98,106] [3,16,38,53,55,68,90,109] [16,17,40,72,89,91,120,121] [1,14,30,60,78,101,115,126] [1,9,46,66,77,82,99,112] [13,22,23,56,58,63,87,104] [4,5,8,32,45,82,100,106] [18,22,53,67,90,114,116,127] [0,7,17,32,65,71,80,111] [16,30,50,55,85,88,94,113] [20,30,52,59,60,79,89,96] [2,9,26,39,73,114,115,127] [23,47,78,82,91,92,98,106] [3,16,42,55,68,73,90,92] [0,16,17,32,40,61,72,121] [10,14,30,42,60,78,100,101] [66,77,82,88,99,112,122,124] [3,14,34,56,63,87,89,104] [2,8,32,33,45,56,82,100] [18,22,53,67,77,83,90,100] [0,7,32,47,65,80,82,99] [16,23,42,55,85,88,94,103] [9,22,30,52,59,76,85,99] [2,14,20,26,64,73,114,127] [13,45,47,78,82,91,92,106] [1,3,15,16,55,68,73,92] [16,17,32,40,52,72,89,125] [14,30,78,90,100,101,105,115] [5,34,44,57,77,80,82,88] [12,16,17,23,27,58,80,115] [29,33,41,46,58,68,91,104] [6,9,11,27,39,57,58,104] [4,12,20,45,58,71,114,117] [27,52,63,76,93,99,104,125] [3,20,53,58,73,76,87,102]
Token  71: [7,30,58,72,88,109,117,121] [1,16,28,48,64,65,89,122] [12,36,45,81,101,107,111,127] [9,28,37,69,81,103,112,123] [11,30,50,57,63,87,101,119] [5,18,54,63,75,79,110,112] [20,23,54,86,87,104,109,127] [1,4,13,32,45,46,53,82] [3,35,47,61,67,86,100,105] [7,24,32,71,80,97,99,111] [18,25,30,45,63,85,91,94] [18,43,60,67,89,96,99,100] [2,14,34,46,50,114,115,127] [10,40,66,67,92,101,106,112] [3,23,44,53,55,57,76,115] [3,17,32,40,75,89,91,121] [1,14,75,78,80,101,102,126] [9,27,36,47,100,107,112,121] [4,23,86,104,109,111,119,127] [1,20,32,45,46,73,82,106] [8,17,33,47,61,67,105,123] [5,7,24,37,71,80,86,99] [10,25,30,69,76,83,85,94] [33,53,67,78,96,99,100,115] [2,14,32,34,46,95,115,127] [51,71,89,92,99,104,106,112] [15,36,53,57,66,76,99,115] [3,7,17,40,82,89,91,121] [14,37,78,79,80,101,105,126] [47,62,68,72,79,82,112,121] [3,4,20,54,86,89,104,109] [1,13,17,32,45,53,73,82] [8,9,21,33,47,67,105,123] [5,7,24,37,68,80,86,99] [7,25,30,45,71,82,94,103] [4,20,33,78,96,99,100,117] [2,9,14,46,92,95,108,127] [20,27,52,61,67,92,104,112] [15,53,55,68,76,92,115,125] [11,17,32,72,75,89,110,125] [0,14,30,42,48,78,100,101] [13,34,57,59,77,80,88,126] [17,30,52,56,69,80,111,114] [7,29,31,46,58,68,72,96] [5,6,16,27,29,58,64,94] [4,29,45,91,92,95,99,114] [5,32,54,63,76,93,94,125] [4,39,42,44,53,74,107,110]
Token  72: [19,33,37,46,52,78,87,117] [16,38,48,63,65,85,116,122] [8,36,49,64,65,70,90,112] [35,69,74,77,81,93,123,124] [11,50,57,83,87,101,113,119] [5,18,71,75,79,105,110,122] [6,22,23,87,89,97,104,127] [1,4,13,32,40,45,46,82] [4,47,61,67,70,83,100,105] [7,17,32,71,80,97,99,100] [25,27,36,85,88,91,94,127] [18,22,25,45,50,95,99,100] [2,20,26,27,34,46,114,127] [8,18,63,71,73,82,101,106] [3,38,44,55,57,64,68,71] [17,32,33,40,58,72,89,121] [10,14,24,30,51,78,101,126] [9,11,34,36,88,112,114,121] [14,22,23,65,87,104,124,127] [1,4,5,32,45,48,82,100] [4,30,35,44,61,67,83,100] [7,17,47,71,97,99,100,111] [18,23,27,33,85,94,103,127] [22,25,30,60,79,95,96,99] [2,26,27,34,46,75,114,127] [2,8,18,82,91,92,106,112] [3,15,16,23,38,44,55,115] [17,32,33,40,75,89,121,126] [1,10,14,30,75,78,100,101] [9,59,82,88,93,100,112,122] [14,23,36,63,65,87,104,127] [1,2,4,32,45,48,82,100] [4,15,18,53,67,83,100,105] [7,17,47,65,80,82,99,111] [23,30,71,82,85,88,94,103] [22,25,30,50,60,73,96,99] [14,20,26,42,73,114,115,127] [18,82,89,91,92,112,120,127] [15,16,38,55,64,68,73,87] [17,32,33,40,72,80,89,106] [1,13,14,78,93,100,101,115] [9,11,34,80,81,92,100,124] [14,16,30,38,77,80,86,111] [16,36,41,58,68,100,104,120] [6,11,27,39,64,69,104,116] [4,20,37,45,99,114,117,123] [19,51,52,55,60,94,98,117] [15,21,26,57,58,71,82,107]
Token  73: [28,33,64,75,82,91,105,122] [31,33,52,63,65,85,89,122] [4,36,41,46,49,60,64,126] [45,81,86,93,104,109,114,126] [38,51,57,60,67,113,114,119] [0,5,18,75,79,87,93,110] [22,23,87,104,109,111,118,120] [1,2,4,7,13,32,45,82] [18,20,47,61,67,83,94,100] [17,32,35,66,80,97,99,106] [7,25,82,85,88,91,94,109] [42,55,60,73,95,99,100,122] [0,2,24,26,27,46,114,127] [18,29,57,62,71,82,92,106] [16,23,38,44,55,60,71,115] [17,32,40,51,89,119,121,126] [1,14,30,49,78,101,108,126] [9,36,46,54,82,88,112,121] [22,23,65,87,104,109,111,127] [1,2,4,5,32,45,48,82] [15,18,20,47,61,67,100,105] [24,35,66,71,80,97,99,111] [23,25,30,85,88,94,103,109] [22,38,42,55,60,73,89,99] [0,2,26,34,46,114,115,127] [2,18,57,82,91,98,101,106] [3,16,23,38,44,55,60,115] [16,17,32,40,61,79,121,126] [1,11,14,30,60,75,78,108] [4,9,15,46,103,112,121,122] [22,23,56,87,104,109,118,127] [1,2,4,32,45,48,82,100] [18,20,33,44,47,61,67,100] [7,35,65,71,80,97,99,111] [18,23,25,30,69,85,94,103] [22,42,55,60,73,89,99,115] [0,2,26,42,52,73,87,115] [10,16,18,41,57,62,82,112] [3,15,22,23,44,55,60,80] [17,32,40,51,60,61,121,126] [11,14,60,78,80,102,108,115] [9,15,17,36,46,52,54,103] [8,16,24,49,74,80,90,125] [8,12,19,43,44,56,104,121] [6,11,22,23,27,45,88,99] [5,17,22,27,46,76,112,114] [5,29,30,39,52,60,81,105] [15,35,52,74,82,95,111,127]
Token  74: [16,24,38,53,104,107,111,120] [2,33,34,66,86,96,107,122] [14,36,40,52,87,111,116,125] [13,25,34,35,66,89,93,123] [0,11,23,25,38,74,113,118] [5,18,71,75,79,80,107,123] [14,22,23,56,86,104,119,127] [1,4,5,45,50,60,82,87] [44,47,61,64,67,99,100,127] [32,66,80,94,97,99,111,117] [14,25,30,83,85,103,108,113] [60,67,89,98,99,104,105,115] [9,26,34,42,46,53,97,115] [2,13,16,21,44,75,92,98] [8,23,38,44,55,79,80,90] [16,17,40,50,60,61,79,121] [7,14,40,60,75,78,115,126] [1,9,15,52,53,99,103,112] [9,13,23,34,56,63,86,104] [1,4,5,32,45,48,82,87] [33,36,64,67,95,100,116,127] [51,65,71,80,94,97,99,111] [14,30,50,69,85,94,103,113] [20,46,60,79,89,96,99,115] [2,34,42,46,53,73,87,115] [21,44,75,82,91,98,101,106] [3,23,34,44,55,57,80,115] [1,16,17,40,60,61,91,121] [11,14,40,60,75,78,102,127] [9,15,17,53,103,106,112,121] [10,22,23,56,86,100,104,127] [1,4,5,32,45,48,82,100] [33,44,47,61,64,67,100,122] [66,71,76,80,94,97,99,111] [2,18,25,30,52,69,85,113] [20,60,69,86,89,99,105,115] [9,32,42,46,53,73,87,115] [2,10,21,44,75,82,101,106] [3,23,34,38,44,55,79,80] [1,6,17,31,40,60,61,121] [7,14,15,40,60,78,102,115] [9,15,17,52,53,103,106,121] [16,24,37,59,73,74,80,125] [8,36,43,44,49,56,81,104] [6,27,37,44,45,54,80,104] [4,12,37,46,63,80,112,114] [22,39,52,55,80,82,105,124] [27,32,34,35,52,71,90,95]
Token  75: [0,27,48,49,50,101,106,110] [2,76,86,99,106,116,122,126] [14,36,45,52,87,92,122,125] [34,66,69,71,76,94,117,123] [0,11,38,67,70,113,114,118] [5,18,51,75,79,80,93,105] [14,23,63,86,104,109,111,120] [1,4,5,32,45,60,73,82] [2,47,64,67,95,99,104,127] [66,71,76,80,94,99,111,117] [2,14,25,30,36,83,108,113] [60,67,86,89,96,98,99,115] [9,26,32,42,46,53,60,115] [12,21,44,66,91,98,113,126] [23,38,44,53,55,57,96,105] [3,6,17,40,50,61,91,121] [1,14,40,51,53,60,78,101] [2,9,53,66,103,107,112,121] [22,23,65,85,86,104,109,127] [1,4,5,32,45,48,82,100] [2,33,44,47,61,64,67,100] [66,71,76,80,94,97,99,111] [14,18,25,29,30,80,85,94] [20,60,67,79,86,89,99,115] [32,34,42,46,53,73,87,115] [10,12,44,66,82,91,98,106] [3,23,44,53,55,57,105,115] [1,3,6,17,40,61,91,121] [1,14,30,51,53,60,78,102] [2,9,53,66,103,106,112,121] [22,23,85,86,100,104,109,127] [1,4,5,13,32,45,82,108] [2,33,44,47,61,67,95,100] [24,66,71,76,97,99,111,127] [2,14,18,25,30,69,83,85] [29,60,67,79,85,86,89,115] [9,32,42,46,68,73,87,115] [10,12,29,44,66,99,106,113] [23,38,39,44,55,58,96,105] [1,3,4,6,17,40,61,121] [4,14,40,43,51,78,102,115] [2,9,35,66,103,112,117,126] [16,18,73,80,93,98,102,123] [6,36,44,68,81,87,100,104] [6,20,27,39,48,69,81,104] [4,12,20,37,70,80,114,117] [22,44,52,55,60,98,115,117] [36,47,66,85,86,88,120,123]
Token  76: [22,23,28,30,47,50,87,105] [3,29,48,68,85,90,116,122] [4,6,36,41,44,64,76,126] [35,70,76,77,78,92,94,109] [0,10,11,27,38,70,107,113] [5,10,18,54,75,79,93,116] [14,22,23,86,97,104,109,118] [1,4,13,32,45,53,67,82] [2,20,35,47,61,67,100,123] [24,35,66,71,76,80,97,99] [2,25,29,30,41,85,95,109] [0,16,18,42,60,96,99,105] [0,2,9,27,32,46,95,115] [12,29,41,45,57,91,109,123] [23,38,44,53,55,57,60,102] [17,40,50,61,75,77,89,121] [1,14,30,78,101,109,110,126] [9,37,62,64,82,107,112,121] [13,22,23,86,89,104,109,111] [1,4,5,32,44,45,67,82] [2,18,20,22,47,61,67,100] [35,66,71,80,91,97,99,124] [2,7,25,29,30,36,109,111] [20,22,42,43,60,79,115,117] [9,27,32,34,46,73,101,115] [12,13,18,29,41,57,91,106] [3,23,38,44,55,60,73,102] [6,17,40,50,61,77,82,121] [1,14,16,30,78,101,109,110] [9,36,64,65,82,103,112,121] [22,23,86,100,104,109,111,118] [1,4,5,13,45,48,67,82] [2,18,20,33,44,47,67,100] [24,35,40,66,71,97,99,111] [2,18,23,25,29,69,85,109] [22,42,59,60,79,85,89,115] [0,32,42,46,73,87,103,115] [10,12,18,41,44,57,91,106] [3,23,34,44,55,57,60,102] [6,17,20,31,40,61,77,121] [14,29,77,78,102,109,110,115] [0,9,36,63,64,65,80,103] [16,24,49,59,73,80,90,126] [8,44,49,56,74,75,121,125] [13,23,27,37,45,80,104,110] [4,5,12,46,47,63,76,112] [10,39,76,80,82,96,105,124] [11,15,31,35,90,95,114,127]
Token  77: [18,31,53,68,69,81,107,110] [3,29,31,75,83,85,89,122] [6,36,44,59,64,117,123,126] [10,35,50,76,77,78,109,123] [0,10,11,38,87,91,111,113] [5,18,54,79,99,102,111,116] [13,22,23,64,86,100,104,109] [1,4,5,13,45,53,67,82] [2,28,35,47,67,99,100,127] [24,43,48,66,71,76,97,99] [2,14,25,29,30,80,83,91] [13,47,50,60,79,86,102,115] [27,32,46,68,69,95,115,120] [12,29,44,55,79,113,121,126] [3,23,28,38,44,53,55,84] [3,17,31,40,50,61,77,121] [14,20,40,43,51,78,101,121] [5,9,14,45,53,97,112,126] [13,22,23,54,65,86,104,127] [1,4,26,32,45,48,72,82] [2,28,35,44,61,64,67,100] [24,43,48,71,80,97,99,111] [2,14,18,25,29,30,45,85] [20,50,59,60,79,89,102,115] [2,32,34,42,46,53,73,115] [10,12,13,44,91,106,121,126] [3,23,44,53,55,57,84,115] [3,17,40,50,61,82,91,121] [14,30,53,75,78,101,121,127] [5,9,45,82,106,112,121,126] [22,23,54,86,89,104,109,127] [1,4,5,13,32,45,82,108] [28,33,61,67,95,100,105,125] [24,66,71,76,80,97,99,111] [2,14,25,30,45,69,83,85] [13,20,59,60,79,85,102,115] [32,42,46,69,73,87,95,115] [10,12,44,55,79,99,106,121] [23,28,39,44,55,57,84,115] [1,3,4,17,40,61,71,121] [14,20,75,78,101,102,115,121] [5,9,14,45,97,106,112,126] [12,16,41,65,80,101,115,123] [4,36,44,46,68,81,87,104] [6,20,27,44,54,71,81,104] [4,12,37,70,80,114,117,123] [22,52,55,60,98,115,117,127] [27,32,34,47,85,86,99,117]
Token  78: [0,14,24,57,74,101,106,127] [20,31,39,48,65,75,85,104] [36,41,90,115,122,123,125,126] [5,10,35,50,76,78,109,123] [10,11,38,40,63,77,111,113] [5,18,51,75,99,105,111,119] [13,14,22,23,86,89,104,127] [1,4,5,13,45,72,73,82] [2,28,61,67,99,100,104,127] [43,48,66,71,76,80,97,99] [2,13,14,25,29,30,85,123] [13,47,60,79,102,105,109,115] [27,32,46,60,68,69,95,120] [10,12,29,55,66,79,91,92] [16,23,38,55,57,84,101,115] [3,17,34,40,61,89,98,121] [14,24,30,43,48,78,119,127] [2,9,45,66,82,89,107,112] [6,13,22,23,55,89,97,104] [1,4,5,26,32,45,72,82] [2,28,61,67,99,100,104,105] [43,48,66,71,76,97,99,106] [2,7,13,14,25,29,40,85] [13,20,59,60,79,89,102,115] [2,27,32,46,52,69,73,115] [12,44,55,66,73,79,82,106] [3,38,44,55,57,84,101,105] [3,6,17,34,40,50,61,121] [1,14,24,30,78,93,119,127] [1,2,9,35,45,82,112,121] [14,22,23,54,65,86,89,104] [1,4,5,32,44,45,82,108] [28,67,99,100,104,108,123,127] [17,43,48,66,76,97,99,111] [2,14,25,29,40,69,83,94] [13,59,60,79,90,102,109,115] [2,27,32,46,69,73,115,120] [12,29,55,66,79,99,106,113] [3,16,23,38,55,57,84,105] [3,4,6,17,34,40,89,121] [12,14,30,43,78,105,115,119] [2,6,9,35,45,66,82,112] [3,18,27,41,80,93,102,115] [5,29,36,44,46,65,68,104] [6,20,27,48,52,56,69,104] [4,12,27,32,70,80,114,117] [52,55,60,98,101,115,117,127] [36,47,66,85,86,88,120,123]
Token  79: [19,28,33,64,75,82,91,124] [9,24,28,33,48,85,90,122] [4,17,36,46,74,97,104,107] [9,24,68,74,78,103,109,123] [11,23,46,53,57,60,70,113] [5,18,52,55,75,79,93,110] [6,14,22,23,87,89,104,109] [1,2,4,5,32,40,45,82] [61,67,90,95,100,104,108,123] [7,17,32,35,76,80,81,99] [7,13,25,29,82,85,94,103] [18,60,90,94,99,100,105,116] [2,14,26,32,34,36,46,127] [2,10,40,71,101,106,112,127] [15,16,23,38,44,53,55,57] [6,17,32,40,75,89,91,121] [1,11,14,75,78,100,102,127] [9,27,36,37,82,92,112,121] [23,65,86,87,89,97,100,104] [1,5,32,45,48,82,100,106] [47,61,67,95,100,105,108,123] [7,71,76,80,97,99,103,111] [9,18,25,30,52,85,94,103] [22,25,60,67,96,99,100,115] [2,14,26,34,46,87,115,124] [2,40,92,99,101,104,106,112] [15,23,42,44,57,66,92,115] [0,1,6,17,32,40,75,121] [1,14,28,35,78,100,102,127] [6,9,72,82,99,100,112,121] [22,23,54,87,89,100,104,107] [1,5,32,45,56,82,89,100] [18,22,32,53,67,90,100,108] [7,17,32,47,76,80,82,99] [9,23,25,36,42,55,94,103] [9,18,22,25,38,60,99,102] [2,14,24,26,32,46,92,127] [45,52,61,87,92,112,120,127] [15,16,22,38,55,57,73,92] [0,25,32,51,89,106,110,125] [14,27,28,35,78,82,100,127] [9,18,49,82,92,99,112,118] [3,4,17,33,69,70,106,116] [24,41,61,68,75,80,83,111] [9,11,27,42,52,62,66,104] [12,48,67,77,88,114,116,117] [18,33,43,46,51,54,63,104] [0,6,17,23,39,53,58,80]
Token  80: [4,24,38,66,86,101,118,122] [24,31,47,57,85,89,122,126] [12,36,41,57,60,74,97,104] [18,29,45,49,66,67,68,118] [5,6,46,51,57,60,65,70] [0,18,20,21,32,45,55,93] [3,14,22,54,87,89,104,118] [1,4,7,32,45,74,82,108] [4,5,11,32,61,67,100,123] [7,17,21,24,35,76,80,99] [7,13,25,71,82,85,94,103] [25,38,43,50,73,94,99,100] [2,14,26,32,46,92,125,127] [2,29,62,71,73,92,106,112] [15,16,38,42,57,60,84,105] [17,32,40,75,89,119,121,125] [1,10,11,13,14,51,78,127] [9,37,66,75,82,92,112,121] [14,22,23,54,65,87,89,104] [1,2,4,5,32,45,82,89] [5,11,61,67,100,104,108,123] [7,17,35,47,71,76,82,99] [7,23,25,29,36,40,85,103] [18,20,22,25,60,94,99,102] [2,26,27,32,36,46,92,127] [2,18,63,92,106,112,120,127] [15,16,23,38,55,57,60,73] [17,32,40,61,89,121,125,126] [1,10,11,13,14,78,100,127] [9,66,82,92,100,112,121,122] [22,23,54,65,87,89,100,104] [1,2,4,5,32,45,82,108] [11,32,61,67,76,100,108,123] [7,17,32,35,47,76,82,99] [23,25,36,40,69,71,94,103] [9,18,22,25,60,99,100,102] [14,25,27,32,46,73,92,103] [18,45,87,92,106,112,120,127] [15,16,22,38,55,57,73,87] [17,32,40,51,89,94,106,125] [13,14,28,30,78,102,109,115] [2,6,9,35,49,66,92,100] [3,16,18,27,80,86,98,115] [5,16,29,36,44,68,75,104] [6,11,27,52,56,69,81,104] [4,12,27,32,37,114,117,123] [52,55,60,63,98,115,117,127] [15,21,26,58,82,85,86,120]
Token  81: [28,64,67,68,86,91,105,122] [13,24,52,63,68,74,77,122] [4,36,48,64,74,76,106,109] [9,13,34,35,68,70,73,78] [5,6,10,11,51,55,70,113] [5,10,18,55,63,75,87,115] [22,23,89,97,100,104,111,118] [1,2,4,5,13,32,45,82] [47,61,67,70,100,104,108,127] [32,35,41,66,67,76,97,99] [2,25,29,36,82,85,91,103] [55,60,94,96,99,102,105,116] [0,2,14,27,32,46,103,115] [1,2,29,41,57,106,109,123] [16,18,23,38,44,57,60,111] [17,31,32,40,50,75,89,121] [1,11,14,30,75,78,94,108] [6,9,65,82,107,112,121,122] [13,22,23,86,89,97,100,104] [1,4,5,13,32,45,48,82] [18,33,47,67,100,104,105,108] [35,41,66,71,76,80,97,99] [2,23,25,29,36,40,85,103] [20,22,42,55,60,94,99,102] [0,27,32,34,46,73,87,115] [1,18,29,57,78,82,91,106] [3,15,38,53,55,57,60,102] [2,17,32,40,50,61,121,126] [1,14,30,44,53,78,94,108] [0,9,36,65,82,112,121,122] [13,22,23,89,100,104,112,118] [1,4,5,32,45,82,89,100] [18,20,44,67,100,104,108,127] [35,41,51,66,76,99,106,111] [2,23,25,29,36,69,98,103] [9,18,22,42,55,60,99,115] [0,2,14,27,32,73,103,115] [1,18,41,57,106,109,112,123] [3,18,23,38,55,57,60,102] [6,17,31,32,40,61,107,126] [14,44,78,94,102,108,109,115] [0,6,9,63,64,65,103,122] [3,16,24,49,71,74,80,126] [8,36,44,47,56,68,80,121] [11,23,27,37,69,80,104,110] [4,5,12,26,32,87,114,117] [1,5,55,60,82,98,124,127] [15,21,31,44,74,90,121,127]
Token  82: [2,24,80,84,103,111,120,122] [2,3,13,14,58,66,83,122] [10,36,41,84,100,116,117,122] [9,10,64,76,78,89,109,123] [10,11,38,40,79,85,91,113] [5,7,18,75,107,111,114,125] [3,14,23,34,56,86,104,109] [1,4,5,45,48,50,82,95] [2,44,61,67,84,100,109,127] [43,66,71,76,97,99,111,117] [2,25,29,30,61,83,85,98] [26,49,60,61,79,104,105,115] [2,32,34,46,53,87,99,115] [6,10,12,21,44,79,91,121] [28,38,48,53,55,57,79,80] [6,16,17,31,40,61,90,121] [14,21,48,55,60,78,115,124] [1,9,15,37,45,82,99,112] [3,8,22,34,56,86,104,112] [3,4,24,32,45,75,82,100] [2,5,67,84,100,114,116,127] [0,9,43,49,80,110,111,117] [2,19,29,61,69,98,105,113] [20,24,49,60,61,79,89,115] [9,15,52,53,56,73,99,115] [6,12,15,28,44,82,91,106] [3,38,48,53,55,79,80,110] [2,6,16,17,40,61,90,121] [14,30,48,60,78,80,91,127] [1,9,15,45,52,82,103,112] [13,22,23,34,56,86,105,112] [1,4,5,32,45,49,82,100] [2,44,47,67,100,105,109,127] [9,43,66,71,80,97,99,111] [2,25,29,30,69,85,98,105] [20,24,26,60,61,79,86,115] [2,39,42,53,73,87,99,115] [6,10,12,21,29,79,91,106] [3,11,23,44,55,57,79,80] [1,6,17,40,60,61,90,121] [14,15,55,60,78,102,115,127] [9,15,17,46,52,69,103,106] [16,24,31,37,73,74,80,125] [8,12,19,43,44,49,56,77] [6,22,27,45,53,73,88,99] [12,17,46,58,63,112,114,123] [22,29,30,39,80,81,104,105] [35,52,71,74,86,95,108,111]
Token  83: [16,24,53,93,104,107,111,120] [3,34,40,56,76,107,116,122] [6,10,14,36,50,87,100,116] [10,25,50,64,76,78,87,123] [0,10,11,23,38,65,79,113] [5,18,47,79,80,107,111,114] [13,14,23,56,86,104,107,109] [1,4,5,45,48,60,82,87] [2,18,47,61,64,67,100,127] [24,43,66,71,76,94,97,99] [14,25,29,30,36,42,67,85] [6,9,60,62,79,104,115,117] [27,32,34,42,46,53,87,115] [12,13,21,44,75,79,97,98] [23,38,44,53,55,57,79,80] [6,17,31,40,50,60,61,121] [7,14,40,42,48,53,60,78] [9,15,52,53,99,103,112,121] [13,22,23,55,65,85,86,104] [1,4,5,26,32,45,82,87] [2,33,47,64,67,100,105,124] [43,66,71,80,94,97,99,111] [14,25,29,30,42,76,85,91] [6,20,43,60,79,96,107,115] [27,32,34,42,46,53,87,115] [10,12,13,21,44,79,91,106] [3,23,38,44,55,57,80,115] [1,6,17,40,60,61,91,121] [14,30,40,60,75,78,102,127] [9,15,53,103,106,112,117,121] [14,22,23,65,85,86,100,104] [1,4,5,13,32,45,48,82] [33,44,47,61,64,67,100,122] [66,71,76,94,97,99,111,127] [2,18,25,30,52,69,85,108] [20,59,60,69,79,86,107,115] [9,32,42,46,53,73,87,115] [10,21,44,75,76,79,101,106] [3,23,34,39,44,55,79,80] [1,6,17,40,60,61,69,121] [7,14,15,40,60,78,102,115] [9,15,17,52,53,103,106,117] [16,24,37,59,73,74,80,125] [8,36,43,44,49,56,81,104] [6,27,37,45,54,80,81,104] [4,12,37,46,63,80,112,114] [22,39,44,55,80,82,105,124] [27,32,34,35,52,85,90,95]
Token  84: [0,3,7,19,29,62,111,126] [3,11,67,76,78,86,115,122] [6,7,12,36,85,119,121,125] [1,10,11,25,37,61,76,85] [0,10,11,18,39,40,45,113] [5,18,47,74,80,99,111,116] [4,13,14,23,55,86,100,104] [1,4,32,45,82,87,100,122] [21,24,33,55,64,67,104,127] [22,43,45,71,94,97,99,102] [14,18,25,29,30,74,85,120] [8,43,48,60,68,79,115,124] [2,42,46,53,54,71,95,115] [24,37,44,75,79,91,95,98] [8,9,44,53,55,57,62,92] [6,17,40,56,61,90,98,121] [1,14,30,40,60,78,111,123] [9,12,37,45,53,103,107,112] [13,22,23,56,65,86,104,127] [1,4,26,32,45,73,82,87] [5,24,35,64,67,100,124,127] [0,33,43,71,80,94,99,111] [7,14,29,30,45,80,85,118] [4,20,48,60,68,79,89,115] [2,20,27,32,42,53,73,115] [10,13,24,29,44,78,79,91] [3,8,38,53,55,62,92,110] [6,16,17,40,59,61,87,121] [1,14,30,78,80,111,123,127] [9,12,53,68,103,112,120,121] [13,22,23,54,85,86,104,127] [1,4,5,32,45,73,82,87] [22,24,33,61,64,67,100,127] [24,66,71,80,94,97,99,111] [14,25,29,30,45,69,85,120] [36,59,60,68,79,85,86,115] [2,42,46,53,73,87,95,115] [10,24,44,45,75,91,95,106] [3,23,34,44,55,62,92,115] [1,6,17,31,40,56,61,121] [14,40,75,78,102,111,115,123] [9,53,80,84,103,106,117,121] [8,16,20,22,24,28,73,75] [2,8,44,49,56,81,99,121] [6,13,27,37,54,80,110,113] [5,24,37,47,63,83,86,92] [5,10,16,45,74,82,104,124] [27,31,54,71,85,90,114,127]
Token  85: [43,61,62,69,80,81,93,97] [11,25,26,46,78,86,107,116] [36,59,68,116,119,121,125,126] [1,9,11,25,26,35,76,117] [0,10,11,22,38,39,43,113] [5,18,47,54,78,80,93,111] [13,14,23,55,56,86,104,109] [1,4,5,45,67,73,82,87] [24,27,35,61,64,99,104,127] [24,43,45,66,71,94,97,99] [7,14,29,30,40,45,83,108] [8,15,58,68,79,86,115,120] [20,27,32,42,53,54,95,115] [13,21,24,44,75,79,91,98] [3,9,19,28,38,55,57,62] [3,38,40,50,56,61,91,121] [14,30,48,60,78,111,115,121] [1,9,20,45,53,61,99,126] [9,13,22,23,56,65,86,104] [1,4,5,32,45,67,82,87] [5,64,67,70,90,100,116,127] [0,43,71,80,94,99,111,124] [7,14,29,30,45,50,85,113] [20,60,79,86,89,96,115,120] [2,9,20,27,53,54,73,115] [13,24,29,44,78,79,91,106] [3,19,38,53,55,62,110,115] [6,16,17,40,50,61,88,121] [14,30,75,78,80,101,111,127] [5,9,53,61,103,112,121,126] [13,23,54,65,85,86,104,127] [1,4,5,32,45,67,82,87] [17,35,61,67,70,105,125,127] [24,45,71,80,83,94,99,111] [14,25,30,45,69,83,85,120] [15,20,60,68,79,85,86,115] [2,42,46,53,54,73,95,115] [10,13,24,44,75,79,91,106] [3,9,34,44,53,55,62,115] [17,31,40,56,61,71,87,121] [14,75,78,101,111,115,123,127] [5,9,53,61,80,84,103,112] [8,16,20,24,28,66,75,80] [2,8,16,44,56,100,104,121] [13,27,33,54,80,104,110,113] [5,37,47,63,83,86,87,119] [10,16,45,52,74,76,96,97] [11,27,31,51,54,71,90,127]
Token  86: [31,61,68,81,92,93,101,107] [25,26,46,75,83,86,91,116] [6,36,59,87,116,117,123,126] [1,10,26,35,50,76,78,123] [0,10,38,39,43,91,111,113] [5,18,47,54,79,80,93,111] [22,23,63,86,89,104,109,127] [1,4,13,45,48,53,67,82] [21,28,47,61,67,99,105,127] [24,43,45,48,71,76,97,99] [7,14,25,29,30,45,83,85] [13,15,67,79,102,105,115,120] [2,25,27,46,68,95,102,115] [13,44,55,79,92,101,106,121] [3,28,44,53,55,57,84,115] [3,17,40,50,61,82,88,121] [1,14,20,30,75,78,121,126] [9,14,20,45,53,97,112,126] [22,23,65,86,104,111,119,127] [1,4,5,32,45,48,73,82] [33,44,61,67,99,100,105,123] [24,48,66,71,76,80,97,99] [7,14,18,25,30,83,85,91] [43,60,67,79,85,102,105,115] [2,27,34,42,46,68,87,115] [10,13,36,44,79,101,106,121] [3,19,23,38,44,53,57,115] [3,17,40,61,75,82,91,121] [1,14,30,57,75,78,121,127] [9,14,22,82,106,112,121,126] [22,23,65,86,89,97,104,127] [1,4,5,32,45,48,82,108] [17,33,61,67,95,99,100,105] [24,48,71,76,97,99,104,111] [14,25,30,45,69,83,85,94] [13,20,47,60,67,85,102,115] [2,42,46,68,87,95,115,120] [10,13,29,44,79,99,106,121] [23,28,39,44,55,57,84,115] [1,3,7,17,23,40,56,121] [14,20,75,78,102,115,121,127] [5,9,14,45,80,97,106,112] [12,16,41,65,80,93,101,123] [4,6,36,44,52,81,87,104] [6,20,27,44,54,71,81,104] [4,12,37,70,80,114,117,123] [22,52,55,60,77,98,115,117] [27,32,34,47,85,86,117,123]
Token  87: [19,27,48,49,50,101,106,110] [25,26,44,46,75,91,99,105] [36,45,50,52,85,87,122,125] [10,26,35,41,48,69,94,123] [0,11,38,43,95,111,113,120] [5,7,18,51,54,79,105,111] [13,14,23,86,104,109,111,127] [1,4,13,32,45,48,73,82] [2,21,28,47,61,67,99,105] [5,24,45,48,66,71,97,99] [7,14,25,29,30,45,83,85] [13,67,78,79,85,102,115,120] [46,47,60,68,95,107,115,118] [12,25,44,66,91,113,119,126] [3,44,53,55,76,96,105,115] [3,7,17,23,40,56,61,121] [1,14,43,48,51,78,101,121] [1,2,3,9,39,66,107,112] [13,23,54,63,65,86,104,127] [4,32,45,46,58,67,73,82] [2,17,35,61,67,70,99,105] [33,45,48,66,71,80,97,99] [2,14,16,29,30,40,85,99] [20,33,59,60,78,79,85,115] [2,34,42,46,47,95,115,118] [12,29,44,66,91,106,113,119] [3,23,44,53,55,96,105,115] [17,23,40,56,61,82,91,121] [1,14,51,78,80,101,121,126] [2,3,9,39,66,112,121,126] [22,23,54,86,104,109,111,127] [1,4,32,45,46,56,73,82] [2,17,35,47,61,67,70,105] [24,66,71,76,80,97,99,111] [14,25,29,30,45,69,83,85] [13,47,59,60,67,78,85,115] [2,42,46,68,73,95,115,118] [10,12,44,66,99,106,113,119] [3,23,44,53,55,96,105,115] [3,6,17,40,56,61,71,121] [4,14,43,51,75,78,115,121] [2,9,20,35,39,66,106,112] [16,18,71,80,93,98,102,123] [6,36,44,65,81,87,104,112] [6,20,27,33,44,48,69,81] [4,12,20,37,70,80,114,123] [22,44,52,55,60,98,115,117] [36,47,66,71,85,88,120,123]
Token  88: [22,23,28,30,47,91,105,112] [29,48,67,68,74,85,90,122] [4,36,41,45,64,67,76,126] [35,37,41,69,70,77,78,123] [10,11,27,38,43,67,87,113] [5,10,18,54,74,75,79,116] [3,22,23,86,97,104,109,127] [1,4,13,32,45,48,67,82] [2,20,35,47,61,67,100,127] [24,35,66,71,76,80,97,99] [2,25,29,30,40,45,85,109] [16,50,78,79,96,102,115,120] [25,59,71,76,95,102,115,118] [12,25,29,44,83,91,113,126] [3,23,38,44,55,57,96,99] [31,38,40,50,56,61,91,121] [1,14,48,51,62,75,78,110] [1,9,37,93,99,107,112,126] [13,22,23,63,65,86,104,127] [4,5,32,45,48,67,82,121] [2,47,61,67,100,105,123,127] [0,24,33,66,71,80,97,99] [2,7,29,30,40,45,85,95] [16,20,50,52,79,83,115,117] [32,34,42,46,59,95,115,118] [12,13,29,44,52,91,102,126] [3,22,47,53,55,64,96,102] [16,19,40,50,56,61,77,121] [6,14,48,51,75,78,80,110] [9,64,68,103,112,120,121,126] [13,23,54,63,65,86,104,127] [1,4,32,45,56,67,73,82] [2,44,61,67,90,95,105,127] [0,24,33,35,71,80,97,99] [25,29,30,40,45,69,85,109] [16,50,52,60,79,85,102,115] [39,42,46,73,87,95,115,118] [10,12,41,45,52,91,102,126] [3,23,44,47,55,57,102,115] [16,17,31,37,40,77,91,121] [6,75,78,80,101,109,110,115] [9,36,64,65,80,103,112,126] [8,16,24,49,70,80,90,114] [8,18,36,56,75,80,121,125] [6,23,27,33,37,44,80,110] [4,5,37,76,86,87,92,114] [19,52,76,82,93,96,117,124] [28,31,51,83,94,113,114,127]
Token  89: [31,53,66,68,69,70,107,118] [20,29,45,75,83,85,89,122] [8,36,41,45,67,90,123,126] [10,41,50,69,77,78,117,123] [10,38,86,87,91,95,111,113] [5,18,54,75,105,106,111,114] [13,23,86,89,104,109,119,127] [1,4,5,13,32,45,48,82] [2,28,35,47,61,67,100,127] [24,43,48,51,71,80,97,99] [2,14,25,29,30,45,83,85] [13,47,50,78,79,102,115,120] [25,46,68,70,95,115,118,120] [12,29,44,55,79,113,121,126] [3,38,44,55,57,84,96,115] [3,17,19,37,40,50,61,121] [1,14,48,51,75,78,100,121] [2,9,37,45,107,112,121,126] [22,23,36,54,65,97,104,127] [1,4,20,32,45,48,82,121] [2,33,44,61,95,100,105,123] [24,33,48,71,80,97,99,124] [7,18,25,29,30,45,85,115] [20,47,50,79,96,102,107,115] [2,34,42,46,68,87,115,118] [10,12,29,44,79,106,113,126] [44,53,55,57,58,84,99,115] [3,17,19,40,50,75,91,121] [1,14,30,51,75,78,102,127] [9,22,35,104,106,112,121,126] [22,23,65,86,89,97,104,127] [1,4,32,45,48,73,82,108] [2,33,44,47,61,67,95,105] [24,71,76,80,97,99,111,113] [7,25,29,30,45,69,83,85] [20,47,50,60,79,96,102,115] [2,42,46,68,73,87,115,118] [10,12,29,66,99,101,113,126] [23,39,44,55,57,58,84,115] [1,3,17,37,40,56,91,121] [14,51,75,78,101,102,115,121] [2,9,14,35,45,106,112,126] [16,41,71,80,93,98,102,123] [4,6,36,44,68,81,87,104] [6,20,27,44,69,71,81,104] [4,12,37,70,80,103,114,123] [22,52,55,60,80,98,115,117] [34,47,85,86,88,99,117,123]
Token  90: [28,34,51,62,68,87,91,101] [2,60,68,75,85,90,99,122] [4,36,41,51,64,70,90,101] [10,35,50,73,77,78,104,123] [9,10,11,22,67,87,95,113] [18,23,74,75,106,115,122,123] [6,22,23,85,86,97,104,127] [1,4,13,20,32,45,48,82] [4,33,61,67,70,95,105,123] [24,35,62,71,80,97,99,113] [7,25,30,33,40,45,85,95] [16,50,78,79,96,97,102,107] [14,42,46,50,59,87,95,115] [10,18,29,71,102,113,123,127] [44,53,55,57,64,82,99,115] [1,3,17,33,40,75,91,121] [1,14,25,51,57,75,78,126] [2,9,22,27,37,77,104,112] [22,23,65,85,86,97,104,127] [1,4,20,32,45,48,53,82] [4,33,44,61,67,70,95,105] [24,33,35,71,80,97,99,113] [2,7,25,30,38,40,85,95] [16,18,20,50,79,97,107,115] [2,32,34,42,46,75,87,115] [10,18,29,101,102,106,113,127] [23,44,53,55,57,64,73,115] [3,17,33,37,40,75,77,121] [1,13,14,30,51,57,75,78] [9,22,35,77,106,112,121,126] [22,23,25,65,85,97,104,127] [1,4,20,32,45,48,82,116] [2,4,17,33,61,67,70,105] [24,33,35,71,76,80,97,99] [7,25,30,33,40,69,85,95] [16,20,33,50,85,97,107,115] [2,14,42,46,73,87,103,115] [10,29,45,99,102,113,120,127] [23,44,55,57,64,73,82,115] [3,17,33,37,40,51,77,121] [13,14,51,57,75,78,80,115] [2,6,9,35,66,92,112,126] [8,16,18,80,86,98,115,123] [16,36,44,52,68,80,87,104] [6,20,27,44,48,69,81,104] [12,37,70,80,103,114,117,123] [22,52,55,60,98,115,117,127] [26,47,66,71,85,86,88,123]
Token  91: [11,28,64,87,91,105,122,124] [2,46,52,62,68,74,97,122] [4,36,41,64,76,92,109,115] [50,56,70,73,78,121,123,124] [5,6,10,27,57,67,70,113] [5,18,63,75,87,106,110,115] [6,22,23,86,97,104,118,127] [1,2,4,13,32,45,48,82] [20,33,47,61,67,70,105,108] [24,35,51,66,71,76,97,99] [7,25,30,70,85,91,95,99] [16,42,55,60,78,96,97,105] [0,2,14,34,46,87,103,115] [2,29,36,73,101,106,109,123] [18,23,44,53,57,60,76,115] [17,19,37,40,51,75,89,121] [1,11,14,30,75,78,110,126] [0,9,27,36,64,65,104,112] [22,23,65,86,97,104,109,127] [1,4,13,20,32,45,48,82] [2,33,47,61,67,70,100,105] [24,35,66,71,76,80,97,99] [2,7,18,25,30,70,85,95] [16,42,55,60,79,97,107,117] [0,2,14,34,42,46,59,115] [29,36,57,91,101,106,109,123] [18,44,53,55,57,60,102,115] [17,21,37,40,51,68,75,121] [1,11,14,44,75,78,108,110] [0,9,36,64,65,104,112,121] [22,23,38,85,97,104,118,127] [1,2,4,32,45,48,82,108] [2,10,17,20,33,61,67,105] [24,35,51,71,80,97,99,106] [2,25,30,69,70,85,95,124] [16,42,55,60,73,79,97,115] [0,2,14,42,46,73,87,115] [2,29,36,41,57,101,109,123] [18,22,23,44,55,60,102,115] [1,17,20,31,40,51,107,121] [14,44,75,77,78,108,110,115] [0,9,17,63,64,65,106,122] [16,24,25,49,59,74,80,126] [8,19,43,44,47,56,104,121] [6,11,27,37,44,45,80,110] [5,12,37,46,47,87,112,114] [1,5,22,39,52,82,105,124] [31,35,44,74,85,90,95,127]
Token  92: [0,2,13,51,80,111,120,122] [2,57,58,62,74,83,92,122] [36,41,51,84,100,116,117,122] [10,50,64,85,87,89,104,123] [10,20,23,38,65,79,91,124] [5,18,54,75,107,111,114,125] [8,13,23,47,56,86,104,127] [1,2,4,45,48,50,82,95] [2,33,47,61,67,109,116,127] [8,24,43,66,71,80,97,99] [2,25,29,30,53,78,83,85] [26,47,49,61,78,79,105,115] [25,34,42,46,53,59,68,115] [2,6,21,28,36,79,91,121] [28,44,48,55,57,79,80,115] [16,31,40,60,61,85,91,121] [11,14,48,55,75,78,115,124] [1,9,15,45,72,112,121,122] [22,23,65,85,86,104,105,127] [1,4,20,32,45,48,49,82] [2,33,44,61,84,95,100,121] [9,24,43,71,80,97,99,110] [2,18,25,29,30,61,85,105] [20,24,49,61,79,96,105,115] [2,15,42,59,73,87,99,115] [6,10,15,28,36,79,91,101] [23,44,48,55,79,80,87,115] [1,16,17,40,61,90,91,121] [11,14,55,57,75,78,80,102] [9,15,17,52,103,106,112,121] [10,22,23,85,86,104,105,127] [1,4,20,26,32,45,48,82] [33,44,47,61,67,95,105,109] [1,24,43,71,97,99,111,127] [18,25,30,40,52,69,85,98] [20,26,60,61,79,105,107,115] [2,42,46,53,73,87,99,115] [2,6,10,21,29,36,79,101] [7,23,34,44,55,79,80,115] [1,17,40,56,60,69,90,121] [11,14,15,55,75,78,102,115] [9,15,17,46,52,69,103,106] [2,16,24,37,74,80,123,125] [8,12,19,43,44,56,97,104] [6,27,44,45,73,88,99,104] [17,37,46,63,112,114,119,123] [22,29,30,39,80,84,104,105] [6,35,52,71,85,95,108,111]
Token  93: [16,22,47,53,101,104,111,118] [2,34,40,62,76,107,116,122] [10,14,36,41,51,87,100,116] [10,25,50,64,76,87,111,123] [10,22,23,59,79,113,114,118] [18,34,47,75,80,107,111,114] [3,13,23,56,86,104,109,127] [1,4,45,48,56,60,82,87] [5,33,47,61,64,67,95,105] [24,43,51,71,80,94,97,99] [6,7,14,25,29,30,36,42] [6,9,47,62,79,105,107,115] [25,42,50,53,59,68,71,115] [21,29,36,43,44,75,79,91] [23,44,55,57,66,79,80,115] [31,38,40,50,60,61,75,121] [1,7,11,14,40,48,75,78] [1,9,15,52,53,106,112,122] [13,23,36,55,63,85,104,127] [1,4,20,32,45,48,82,87] [5,10,33,64,67,95,105,124] [24,43,71,80,94,97,99,113] [7,14,25,29,30,52,70,85] [4,20,33,52,79,105,107,115] [34,42,46,53,68,87,111,115] [10,29,36,44,71,79,91,101] [23,34,44,55,57,80,99,115] [1,17,40,60,61,68,91,121] [7,14,40,57,60,75,78,102] [9,15,22,53,103,106,112,121] [22,23,85,86,100,104,110,127] [1,4,5,26,32,45,48,82] [33,44,47,64,67,95,105,122] [1,24,71,76,94,97,99,127] [2,18,25,35,40,52,69,85] [59,60,69,79,86,105,107,115] [9,32,42,46,53,73,87,115] [2,10,21,36,44,75,79,101] [23,34,39,44,55,79,80,115] [1,17,40,56,60,61,95,121] [7,14,15,40,75,78,102,115] [9,15,17,52,53,103,106,117] [16,24,37,59,73,74,123,125] [8,36,43,44,56,81,104,112] [6,27,37,44,45,54,80,81] [12,37,46,63,80,92,112,114] [22,39,52,55,80,82,105,124] [27,32,35,52,71,85,90,95]
Token  94: [2,3,12,28,62,97,111,126] [2,62,76,78,86,107,116,122] [9,23,36,41,51,52,119,120] [7,10,25,37,59,76,78,123] [10,11,22,39,57,67,91,122] [5,18,34,47,75,78,80,116] [10,13,23,79,86,104,109,127] [1,4,20,45,48,82,87,110] [11,33,47,61,67,95,118,122] [24,43,44,71,80,94,97,99] [25,29,30,40,52,74,83,85] [71,77,79,96,105,107,115,117] [25,42,46,53,68,75,87,115] [2,24,29,44,75,79,91,98] [23,28,44,55,57,62,99,115] [1,17,31,40,60,75,91,121] [11,14,15,18,75,78,100,123] [9,12,15,17,52,104,106,112] [9,10,23,55,86,104,110,127] [1,4,26,32,45,48,82,87] [5,33,44,61,64,67,95,105] [1,22,24,43,71,94,97,99] [7,18,29,30,35,40,52,74] [20,33,52,79,96,105,107,115] [2,32,34,42,46,53,87,115] [10,24,44,71,75,79,91,101] [23,34,44,55,62,75,99,115] [1,8,16,17,40,91,98,121] [14,15,18,57,75,78,102,123] [9,17,22,103,104,106,112,121] [10,23,38,97,100,104,110,127] [1,4,20,26,32,45,48,82] [5,24,33,47,67,95,105,122] [1,24,52,71,80,94,97,99] [25,29,30,35,40,52,69,74] [20,71,77,79,87,105,107,115] [42,46,53,73,87,100,115,124] [10,21,24,29,44,75,91,101] [23,34,39,44,55,57,62,99] [1,8,17,31,35,40,98,121] [14,18,75,78,80,102,115,123] [9,17,49,58,80,85,103,106] [2,8,16,24,28,65,74,75] [2,4,16,43,44,100,112,121] [6,13,27,39,54,80,104,113] [12,47,63,86,87,114,119,127] [43,45,55,74,76,84,97,104] [0,23,54,71,83,84,90,110]
Token  95: [11,61,81,84,93,111,117,118] [19,62,76,83,86,107,116,123] [10,14,36,50,51,81,117,120] [7,25,59,76,78,105,109,117] [10,22,23,39,67,74,86,91] [5,18,34,75,80,93,111,116] [10,23,79,86,97,100,104,109] [1,4,20,32,45,48,82,87] [33,47,51,61,67,95,105,122] [24,43,48,52,71,94,97,99] [7,18,25,30,35,40,74,83] [43,47,71,79,96,105,107,115] [27,42,46,53,68,87,115,124] [13,44,65,75,79,86,101,121] [23,28,44,55,57,80,99,115] [1,17,40,60,75,91,98,121] [1,11,14,15,18,57,75,78] [9,15,17,22,104,106,107,112] [10,22,23,65,79,86,104,127] [1,4,5,20,32,45,48,82] [5,33,44,47,67,95,105,122] [1,22,24,52,71,80,97,99] [7,18,25,35,52,74,85,91] [43,47,60,79,86,96,105,115] [2,42,46,53,68,87,115,124] [10,29,44,75,79,101,106,121] [23,28,34,44,55,57,80,115] [1,3,17,40,60,75,98,121] [1,11,14,15,75,78,102,127] [9,15,17,22,52,106,112,121] [10,22,23,38,86,97,100,104] [1,4,5,26,32,45,82,108] [33,47,67,76,95,105,108,122] [1,22,24,52,71,76,97,99] [7,18,25,52,62,69,74,83] [20,33,47,60,67,71,105,115] [42,46,53,68,87,100,115,124] [21,29,40,44,65,75,101,121] [23,39,44,55,57,58,80,99] [1,8,17,35,40,60,94,121] [7,11,14,15,75,78,102,115] [9,15,17,45,52,103,106,121] [2,3,7,16,21,37,65,74] [8,12,19,26,43,44,104,112] [0,6,27,44,45,88,104,113] [12,17,37,46,63,112,114,117] [22,29,30,39,55,80,84,105] [6,35,52,71,85,95,108,111]
Token  96: [28,29,62,67,68,77,116,126] [7,56,62,76,78,107,122,123] [4,36,51,68,73,119,120,121] [7,37,50,78,91,105,111,120] [9,11,39,57,91,102,105,116] [5,18,31,48,74,78,80,116] [10,23,79,86,97,100,104,109] [1,4,20,32,45,48,82,87] [24,27,33,47,51,67,95,122] [24,52,71,80,94,97,99,105] [7,25,30,35,62,74,76,120] [16,33,47,71,79,97,105,107] [42,46,53,68,87,100,115,120] [24,29,71,75,92,101,121,123] [9,23,28,44,55,57,62,99] [1,17,35,50,75,91,98,121] [1,14,20,29,75,78,102,123] [14,17,84,97,104,106,107,112] [10,23,79,86,100,104,109,110] [1,4,20,26,32,45,48,82] [24,33,47,67,95,105,106,122] [1,22,24,52,60,71,97,99] [7,25,29,35,52,67,95,120] [16,20,33,71,79,97,105,115] [32,34,42,46,53,87,101,115] [10,24,71,75,91,95,101,123] [9,23,34,44,55,57,62,99] [1,17,31,34,77,91,98,121] [14,29,57,75,78,102,123,127] [9,14,61,65,84,106,112,121] [10,23,38,86,97,100,104,109] [1,4,5,26,32,45,48,82] [24,27,33,47,67,95,105,122] [1,48,52,71,76,97,99,105] [25,52,64,67,69,76,95,120] [16,33,47,71,97,105,110,115] [38,42,46,87,100,101,115,120] [10,24,55,95,101,109,121,123] [18,23,28,39,44,55,62,101] [1,3,17,31,34,91,98,121] [14,20,29,75,78,102,115,123] [0,14,61,63,65,84,97,106] [3,16,28,55,65,75,101,126] [4,8,26,36,44,47,104,121] [3,13,27,54,80,81,104,110] [5,12,37,47,80,83,87,127] [1,10,22,45,55,67,98,117] [31,32,44,74,86,90,117,127]
Token  97: [0,31,47,61,69,81,93,107] [26,39,60,62,83,98,122,126] [36,51,67,68,116,117,120,123] [1,7,21,50,78,97,106,120] [39,55,63,79,91,102,105,111] [5,18,45,78,80,110,111,116] [10,23,79,85,86,97,100,104] [1,4,5,34,45,48,72,82] [27,28,33,47,67,95,99,122] [24,43,48,52,71,76,99,105] [14,18,23,25,62,64,76,123] [13,47,58,71,75,79,96,105] [42,45,46,47,68,69,87,120] [24,29,55,71,79,92,101,121] [23,28,34,44,55,57,83,99] [1,3,17,34,50,102,117,121] [14,20,43,75,78,102,121,127] [14,30,45,79,97,104,106,121] [9,23,65,85,86,97,104,110] [1,4,5,32,45,48,72,82] [33,44,47,56,67,95,99,105] [22,43,48,52,71,97,99,105] [7,14,25,29,35,64,69,76] [13,20,47,58,71,79,105,115] [32,42,46,47,68,69,87,115] [10,29,55,71,79,91,101,121] [23,28,44,55,57,58,99,101] [1,3,17,34,91,98,100,121] [14,20,43,75,78,102,121,127] [9,30,45,97,102,106,112,121] [14,22,23,85,86,97,100,104] [1,4,5,26,32,45,72,82] [28,33,47,67,76,95,99,108] [43,48,71,76,80,97,99,105] [14,18,25,64,69,76,83,120] [13,20,33,47,58,71,105,115] [42,46,68,69,87,104,115,120] [10,29,40,55,79,99,101,121] [23,28,39,44,55,57,84,101] [1,3,4,17,34,91,100,121] [14,20,43,78,102,115,121,127] [1,6,14,30,45,97,106,121] [3,16,55,65,80,101,115,119] [4,6,26,36,44,68,81,104] [6,20,27,54,69,71,81,104] [2,12,27,37,80,114,117,127] [22,52,55,67,80,98,115,117] [32,34,47,55,71,85,86,117]
Token  98: [14,22,51,57,101,103,106,110] [39,46,48,56,57,60,62,126] [10,16,36,41,52,68,90,126] [10,21,39,61,78,106,114,127] [40,51,57,63,67,95,102,111] [5,18,49,51,55,79,105,111] [14,23,86,89,97,100,104,109] [1,4,5,32,45,48,72,82] [28,47,56,67,95,99,105,122] [32,48,71,76,80,97,99,105] [7,18,23,25,40,76,103,123] [13,22,23,46,47,58,94,109] [25,42,46,47,68,69,87,120] [55,65,66,71,92,101,106,113] [16,23,44,55,57,83,99,105] [3,15,17,34,40,68,100,121] [1,14,43,75,78,102,119,127] [2,27,30,35,66,79,112,121] [14,22,23,89,97,100,104,109] [1,5,13,32,45,48,82,91] [44,47,67,76,100,105,108,122] [37,60,71,76,80,97,99,105] [7,18,25,30,69,76,94,103] [58,60,94,96,99,105,109,115] [2,14,34,46,61,75,87,115] [27,66,92,99,104,106,112,117] [7,16,23,44,57,76,101,105] [6,15,17,32,34,69,100,121] [12,14,16,78,102,114,119,127] [2,9,30,66,82,102,112,121] [14,22,23,86,89,97,100,104] [1,5,32,45,48,82,100,108] [28,32,47,56,67,76,100,108] [17,32,48,76,80,97,99,105] [7,14,18,25,76,94,103,123] [4,13,20,33,47,58,94,109] [2,42,46,61,68,69,87,92] [10,29,40,55,66,99,106,113] [16,23,39,55,57,58,101,105] [1,3,4,6,17,34,100,121] [12,14,43,78,102,115,119,127] [2,6,9,30,35,45,66,121] [3,18,27,55,93,102,115,123] [6,26,29,36,44,65,68,104] [3,6,20,27,48,69,81,104] [12,20,32,70,80,114,117,123] [22,52,55,80,98,115,117,127] [36,47,66,85,86,88,120,123]
Token  99: [28,33,47,64,86,87,91,107] [16,48,60,63,67,68,90,122] [4,36,60,64,68,76,100,120] [12,21,30,70,78,93,106,125] [7,27,51,55,57,67,86,102] [5,16,18,48,55,87,108,115] [23,86,89,97,100,104,115,118] [1,4,13,32,45,48,82,100] [15,33,44,47,67,95,108,122] [25,32,35,71,76,97,99,103] [7,10,18,25,40,76,95,103] [8,16,46,53,94,105,111,116] [0,14,26,42,46,61,87,103] [29,40,43,57,71,101,109,123] [7,16,23,44,55,57,60,99] [1,15,17,31,75,77,100,121] [1,14,75,77,78,94,102,127] [0,9,30,64,65,77,93,121] [22,23,85,89,97,100,104,109] [1,4,13,32,45,48,82,100] [33,44,47,67,76,95,108,122] [35,41,60,71,76,80,97,99] [7,18,25,40,41,52,95,103] [16,20,22,33,42,53,94,116] [0,14,25,32,34,42,46,87] [18,29,43,57,91,101,109,123] [16,23,44,47,55,57,60,99] [1,17,31,32,68,77,100,121] [14,75,78,94,102,108,110,127] [0,9,30,64,65,77,106,121] [22,23,85,86,89,97,100,104] [1,5,26,32,45,48,82,100] [6,15,20,67,76,95,108,122] [25,32,35,41,60,76,97,99] [9,18,25,40,41,69,95,103] [16,25,42,94,97,105,115,116] [0,14,25,38,42,46,87,103] [10,18,40,41,57,91,109,123] [16,18,23,47,55,57,60,73] [17,20,31,51,77,90,100,107] [14,29,77,78,102,110,115,127] [0,30,49,63,64,65,121,122] [3,8,24,49,55,75,90,126] [8,26,47,74,80,104,121,125] [6,11,23,27,80,104,110,116] [5,12,26,47,76,83,87,123] [1,5,10,51,52,96,117,124] [15,21,31,44,74,114,121,127]
Token 100: [40,43,65,72,73,98,100,122] [18,38,52,62,94,100,122,127] [36,38,40,57,82,84,88,123] [6,31,71,84,89,100,116,127] [7,11,44,76,85,106,115,124] [8,37,59,61,64,66,103,125] [8,47,56,63,83,104,105,107] [24,45,48,49,59,82,109,112] [61,65,67,84,95,116,121,127] [9,19,24,71,80,99,110,125] [30,53,56,61,68,78,85,105] [7,23,24,49,61,96,115,125] [15,46,56,65,79,96,99,115] [6,15,23,28,33,58,78,91] [17,20,48,55,57,90,99,100] [10,16,31,40,70,85,91,101] [8,39,73,75,78,81,115,124] [18,19,21,33,42,55,69,99] [8,34,56,63,83,104,105,107] [3,24,45,49,59,75,82,112] [9,65,72,84,90,114,116,121] [0,9,49,80,110,122,123,125] [30,53,56,61,68,78,98,105] [3,7,23,24,49,54,61,125] [15,21,56,65,73,79,96,99] [6,15,23,26,28,58,78,91] [4,17,20,48,55,86,90,100] [2,10,16,31,70,85,101,127] [8,39,48,73,80,81,115,124] [1,19,21,42,48,55,78,105] [8,24,56,63,83,105,107,126] [3,24,49,59,75,82,109,112] [65,67,84,90,101,114,116,121] [0,2,9,80,110,111,122,125] [30,50,56,61,68,78,98,105] [3,23,24,49,54,61,96,125] [15,21,56,65,73,79,96,99] [15,23,26,28,33,58,78,91] [4,17,20,55,81,86,90,100] [10,17,40,52,70,85,101,127] [48,73,78,80,81,89,115,124] [1,19,21,42,48,69,80,112] [6,24,31,64,80,113,114,115] [8,31,37,46,71,77,88,104] [6,8,27,53,73,90,104,107] [2,22,27,32,37,87,101,114] [5,11,34,52,55,63,97,98] [20,57,73,74,77,86,105,109]
Token 101: [14,21,50,57,74,103,106,110] [3,6,9,28,62,92,95,122] [36,41,84,90,100,120,122,125] [4,32,39,71,78,87,123,127] [11,23,50,56,63,67,83,119] [5,18,47,51,68,75,105,110] [23,56,63,83,86,104,109,112] [24,32,45,48,69,75,82,106] [36,61,67,95,109,114,116,127] [0,9,32,65,71,80,99,125] [25,29,30,36,50,53,69,105] [24,48,61,67,69,96,109,125] [15,18,24,56,79,96,99,115] [6,23,26,28,66,91,98,118] [3,4,16,17,48,55,90,105] [10,16,31,40,72,85,91,103] [12,73,78,80,81,115,119,124] [1,18,21,55,69,78,83,99] [8,34,56,63,83,105,107,126] [3,24,49,59,75,82,109,112] [9,57,65,72,84,114,116,121] [0,9,49,80,98,110,122,125] [26,56,61,68,78,90,98,105] [3,23,24,49,54,61,103,125] [15,23,24,56,65,79,96,99] [15,23,26,28,33,58,82,118] [4,16,17,48,81,90,105,110] [2,16,49,59,70,72,120,127] [12,48,80,81,83,89,115,119] [1,6,18,21,55,83,99,120] [8,24,34,56,63,105,107,126] [3,24,59,75,82,106,109,112] [36,65,90,101,109,114,116,121] [0,32,49,65,80,96,122,125] [30,36,50,51,68,78,90,98] [3,23,54,60,63,96,109,125] [21,23,24,42,65,73,79,114] [10,23,66,82,91,98,106,118] [3,8,16,55,57,90,105,115] [16,17,40,50,61,72,103,121] [12,14,43,78,80,115,119,126] [2,9,35,66,80,90,103,112] [16,18,27,80,93,102,115,123] [6,29,36,41,46,65,87,104] [6,20,27,48,69,81,98,104] [12,27,32,37,58,70,80,114] [22,52,55,60,98,101,115,117] [36,47,66,85,86,88,120,123]
Token 102: [28,83,87,91,112,118,124,125] [9,16,29,48,67,68,74,122] [4,23,36,67,76,100,125,126] [4,12,37,70,73,92,101,112] [11,27,28,50,56,58,60,104] [10,18,63,68,74,87,103,115] [46,63,86,104,111,116,118,124] [2,32,33,44,73,82,106,110] [15,20,35,44,67,86,90,127] [32,35,65,66,68,80,96,102] [18,30,50,69,88,95,103,109] [8,22,36,42,53,69,96,115] [2,14,26,34,42,73,114,115] [2,23,41,82,91,98,106,112] [3,16,53,55,60,90,102,109] [16,17,31,32,40,72,82,91] [1,14,60,78,80,100,108,126] [4,15,27,46,77,94,103,112] [46,52,56,63,86,104,111,116] [2,32,44,45,73,82,100,106] [36,44,67,86,90,116,123,127] [32,35,65,68,71,80,102,111] [18,23,30,50,94,98,103,109] [20,22,42,53,89,96,99,115] [0,2,14,26,34,42,73,115] [23,41,57,82,91,98,106,112] [3,15,16,53,55,60,90,102] [6,16,17,32,40,50,61,72] [14,60,78,80,94,108,110,122] [4,13,15,46,78,83,94,103] [34,46,56,63,66,104,116,119] [3,32,44,56,73,82,100,106] [15,20,36,44,67,86,95,127] [32,35,49,57,65,68,80,111] [23,30,41,50,69,103,109,113] [0,22,38,42,69,89,96,115] [2,14,26,34,42,73,95,115] [10,18,41,57,76,82,91,106] [3,16,47,55,60,73,80,102] [6,16,31,40,56,60,61,120] [15,23,55,60,80,108,110,115] [15,36,46,52,64,80,103,122] [8,24,49,73,74,80,90,125] [12,19,43,49,80,104,121,125] [6,11,23,27,45,88,98,99] [17,22,26,46,58,76,112,114] [5,29,30,39,52,80,81,105] [15,21,35,74,95,111,121,127]
Token 103: [72,76,95,100,102,110,119,122] [12,62,64,70,94,100,106,122] [30,40,75,77,78,87,99,125] [10,25,61,73,82,101,103,116] [11,38,50,52,59,92,118,126] [17,25,33,37,59,64,74,103] [8,24,34,53,56,63,71,107] [2,18,24,59,62,82,106,109] [26,38,53,65,86,90,116,127] [0,17,19,49,55,80,96,125] [3,16,26,30,53,57,68,69] [3,20,21,24,28,52,60,125] [2,21,34,56,65,96,105,115] [0,23,28,58,78,81,91,106] [1,3,17,67,81,90,100,110] [16,31,40,52,59,70,101,120] [30,39,65,80,81,83,89,115] [18,21,42,55,78,82,83,99] [8,24,34,44,63,105,107,116] [9,24,49,59,62,106,109,112] [38,45,53,65,72,84,116,121] [0,9,19,49,96,110,122,125] [16,56,61,68,78,90,98,105] [7,23,24,49,54,61,96,125] [2,4,15,23,56,65,96,99] [15,26,28,58,78,81,103,104] [4,17,32,48,81,100,110,115] [16,31,32,49,59,70,120,127] [39,48,80,81,83,89,105,115] [1,18,21,42,55,82,99,120] [8,24,26,44,53,63,70,126] [18,24,59,62,75,106,109,112] [15,37,38,46,53,65,72,101] [0,10,49,55,87,96,122,125] [16,26,30,56,68,78,98,105] [3,21,23,52,54,94,121,125] [21,23,56,65,73,79,85,96] [0,20,26,78,91,103,104,112] [17,84,86,94,102,104,110,125] [11,32,48,49,59,72,75,120] [1,35,42,49,70,87,107,115] [21,34,49,59,72,88,105,118] [4,8,17,56,66,70,111,114] [18,30,69,80,96,98,99,113] [5,11,25,41,42,51,94,102] [16,29,54,58,73,77,90,107] [16,21,43,46,54,74,81,122] [46,48,53,65,83,93,109,110]
Token 104: [32,46,48,49,58,72,78,118] [2,12,33,34,62,93,107,122] [14,51,65,77,90,100,115,125] [13,37,60,73,84,101,116,125] [11,23,25,38,50,59,63,73] [18,31,55,74,103,105,107,119] [13,46,56,63,64,86,104,116] [2,33,44,69,73,82,94,106] [15,44,64,67,72,86,90,102] [32,51,65,66,80,99,102,125] [7,18,30,50,69,88,103,113] [9,20,36,69,86,89,109,115] [21,26,34,42,73,114,115,125] [2,66,68,73,82,91,98,113] [3,8,11,53,55,102,105,109] [16,31,38,40,72,91,99,120] [11,14,48,60,78,80,119,122] [2,20,35,66,94,99,103,107] [13,34,46,56,63,86,104,112] [2,3,45,60,73,75,82,106] [5,15,36,64,67,90,114,127] [0,32,49,65,80,81,99,123] [6,16,30,36,50,69,103,113] [3,20,48,59,69,89,96,109] [2,34,42,71,73,79,114,125] [2,33,78,82,83,91,98,118] [3,8,16,53,55,73,90,105] [16,17,23,26,40,61,72,91] [11,14,30,48,78,80,119,122] [2,35,66,78,83,90,99,103] [34,46,63,66,104,110,116,119] [2,3,32,33,56,73,82,106] [21,44,67,86,90,95,116,127] [32,49,65,68,80,99,102,111] [25,30,36,50,69,88,103,113] [20,52,59,63,69,89,109,115] [2,9,26,42,73,114,115,125] [2,10,66,76,82,91,106,113] [3,8,53,55,69,90,102,105] [3,6,31,40,56,61,72,91] [43,78,80,114,115,119,126,127] [2,9,20,35,66,78,103,112] [18,25,27,80,93,98,102,123] [6,29,36,46,65,87,91,104] [6,14,20,27,48,81,98,104] [12,22,37,45,70,80,114,123] [22,52,55,60,80,98,115,117] [36,47,66,85,86,88,120,123]
Token 105: [0,23,28,41,62,87,124,125] [29,38,45,62,67,73,77,122] [4,36,49,73,76,125,126,127] [9,12,24,33,40,62,70,92] [11,27,28,47,50,57,77,104] [10,18,48,74,83,87,115,117] [46,63,64,66,86,104,116,118] [33,44,69,73,82,100,106,110] [20,67,86,90,95,101,118,123] [35,49,62,65,77,80,96,99] [18,30,41,50,88,89,95,109] [16,22,39,55,64,82,96,115] [18,26,42,80,95,103,114,115] [10,18,41,50,82,106,109,123] [3,47,53,55,60,75,99,109] [16,17,31,40,56,72,91,120] [1,14,60,78,80,94,114,126] [4,46,64,83,103,106,107,122] [23,63,65,66,86,104,112,116] [3,32,45,73,82,100,106,110] [3,6,44,67,86,90,95,101] [22,35,62,65,71,80,97,99] [18,23,30,36,41,50,95,109] [16,18,22,42,55,89,96,115] [0,2,25,26,34,42,71,73] [18,41,50,57,82,91,98,106] [3,8,47,55,60,73,99,102] [16,17,31,40,56,72,77,91] [14,60,78,80,94,110,114,122] [4,36,46,64,78,83,103,122] [3,56,63,104,110,112,115,118] [3,32,33,45,73,82,100,106] [0,6,20,67,90,95,116,118] [22,35,49,62,65,80,106,123] [23,30,36,41,50,69,109,113] [9,18,42,55,64,69,89,115] [0,25,26,42,73,95,103,115] [10,16,18,41,57,76,82,91] [3,8,47,55,60,71,80,102] [20,31,40,51,56,60,77,91] [44,60,78,80,94,108,110,115] [15,36,46,52,64,80,103,106] [8,24,49,73,74,80,90,125] [12,19,49,74,80,104,121,125] [6,11,13,23,45,72,88,99] [5,17,22,26,46,76,112,114] [29,30,39,52,80,81,96,105] [15,35,52,95,111,114,121,127]
Token 106: [16,47,53,66,104,107,111,120] [34,62,67,69,77,86,107,122] [14,36,72,74,87,116,125,126] [12,13,25,56,71,76,89,114] [0,11,23,25,53,58,74,77] [18,23,68,80,93,107,110,125] [30,56,63,64,75,111,112,116] [45,50,60,69,73,82,87,106] [36,64,67,90,95,99,114,116] [0,22,45,49,65,80,84,94] [14,30,36,50,53,69,108,113] [9,36,48,67,69,86,89,115] [18,26,39,42,53,73,95,115] [11,16,21,44,75,82,91,98] [3,8,11,55,63,79,80,99] [16,31,38,40,56,60,91,95] [1,7,40,42,48,60,80,122] [1,15,52,53,55,99,103,122] [8,12,13,56,63,104,112,116] [3,24,59,60,75,82,87,106] [5,57,64,65,72,90,114,116] [0,22,47,65,80,84,94,122] [6,36,68,69,98,103,113,121] [3,7,8,14,30,48,54,63] [9,21,26,42,56,71,73,79] [26,33,45,78,82,83,91,98] [3,4,8,47,55,80,90,99] [10,16,31,40,56,61,91,120] [7,40,48,60,78,80,89,122] [15,52,53,78,99,103,106,117] [8,56,63,75,86,104,110,112] [32,33,60,73,82,87,100,106] [15,18,64,67,95,114,116,127] [22,49,65,80,84,94,111,127] [14,30,36,45,50,69,98,113] [8,20,59,64,69,86,89,115] [2,9,26,42,53,73,95,115] [10,21,44,75,76,82,91,98] [3,8,34,55,75,79,80,99] [31,40,56,60,61,91,95,120] [7,15,40,60,78,80,83,115] [15,52,53,80,85,103,106,117] [22,24,37,59,73,80,123,125] [8,36,43,49,81,104,112,124] [6,27,37,45,54,80,81,98] [22,37,46,63,80,112,114,123] [22,39,52,55,80,82,105,124] [27,32,34,35,52,71,90,95]
Token 107: [0,3,28,29,30,62,67,126] [11,67,74,78,86,99,114,122] [36,62,69,87,119,121,125,126] [1,11,25,26,43,76,78,101] [0,11,22,39,74,77,104,116] [11,16,18,54,56,78,80,110] [34,46,55,63,64,86,104,115] [3,33,69,73,82,87,103,106] [3,24,27,64,67,86,95,101] [22,45,49,62,65,80,94,104] [7,14,30,45,50,83,108,113] [39,48,68,69,86,89,106,115] [42,53,54,73,95,102,115,121] [10,21,24,29,44,49,75,98] [3,8,28,53,55,62,96,109] [26,31,40,56,61,91,98,120] [1,40,48,60,78,80,111,114] [37,53,84,93,103,107,121,122] [9,34,36,56,63,86,104,115] [3,24,32,45,73,82,87,106] [3,36,64,67,90,101,116,127] [45,62,68,80,94,99,106,114] [14,18,30,45,50,60,98,113] [20,48,68,69,86,89,96,115] [34,42,53,54,73,95,115,118] [24,29,44,49,82,91,98,106] [3,8,9,53,55,62,96,109] [16,17,40,56,61,91,98,120] [14,26,30,78,80,101,111,114] [37,53,68,77,78,84,103,121] [3,34,54,56,63,86,104,115] [3,32,33,45,73,82,100,106] [24,35,64,67,95,101,125,127] [49,62,68,80,81,94,99,114] [14,30,45,50,69,98,113,120] [36,48,68,69,85,86,89,115] [9,34,42,53,54,73,95,115] [10,24,44,49,75,91,95,106] [3,22,29,55,62,92,103,109] [17,31,40,56,61,91,106,120] [14,29,77,78,80,111,115,123] [0,53,63,65,80,84,103,121] [8,20,23,24,28,33,75,80] [2,16,47,72,96,100,104,121] [6,13,27,32,72,80,104,110] [5,22,45,47,63,83,87,114] [5,10,45,52,74,76,96,104] [11,27,31,54,71,74,90,127]
Token 108: [43,61,69,80,81,93,97,101] [41,47,57,83,85,86,115,116] [36,62,69,87,116,117,125,126] [1,5,11,19,26,71,85,114] [0,11,39,51,74,91,102,104] [2,18,54,56,74,80,93,111] [13,46,63,64,75,86,104,115] [3,33,69,72,73,82,103,106] [3,27,28,39,64,67,86,99] [45,48,49,57,62,80,99,104] [7,14,18,30,45,50,69,83] [15,47,58,67,86,89,110,115] [18,34,53,68,69,95,102,121] [10,21,24,44,85,106,121,126] [3,28,29,44,53,55,69,96] [3,26,40,56,61,82,91,120] [1,14,43,78,80,114,121,126] [14,27,37,53,77,97,107,121] [3,23,63,65,86,104,115,124] [4,32,44,45,73,82,100,106] [3,35,44,64,67,90,95,101] [17,45,62,71,80,97,99,114] [7,14,18,25,30,45,50,83] [58,64,85,86,89,90,96,115] [2,34,68,69,73,95,115,118] [10,29,44,82,106,107,121,126] [3,28,44,53,55,69,96,109] [3,17,26,40,61,89,91,120] [1,14,78,80,101,114,121,126] [5,14,45,77,82,97,121,126] [3,23,63,65,86,89,104,115] [1,32,33,45,79,82,100,106] [32,35,45,67,95,101,123,125] [17,49,62,76,80,99,111,114] [14,25,30,45,50,69,83,94] [13,15,58,67,85,86,89,96] [9,42,50,68,69,73,95,115] [10,24,44,85,99,106,121,126] [3,28,29,55,84,96,101,109] [3,31,40,61,83,91,100,120] [4,20,43,78,80,115,121,126] [5,14,20,30,45,80,83,97] [23,55,65,80,93,101,119,123] [4,6,36,58,81,87,100,104] [3,6,20,27,54,71,104,121] [20,22,45,70,71,80,103,114] [52,55,67,68,77,80,98,115] [32,34,47,66,71,88,117,123]
Token 109: [7,30,34,50,51,61,80,123] [22,60,65,75,85,89,99,116] [8,45,70,90,94,122,125,126] [5,45,69,77,81,91,117,126] [0,4,11,30,63,67,87,104] [18,30,45,54,76,77,93,105] [54,63,77,86,89,104,109,115] [3,32,33,45,69,73,82,106] [2,3,35,38,67,101,123,125] [62,68,80,99,100,104,114,124] [18,27,30,45,50,80,83,99] [15,22,45,50,78,86,89,115] [34,64,68,70,95,102,118,121] [8,44,66,67,91,106,113,126] [3,8,36,53,55,68,69,96] [3,17,31,37,40,56,91,120] [1,14,43,51,78,80,101,114] [2,11,35,57,68,107,121,126] [3,23,54,63,65,86,104,115] [3,32,33,45,73,82,100,106] [2,3,30,35,67,101,123,125] [17,62,68,71,80,99,100,114] [18,27,30,45,69,80,99,100] [9,45,50,56,59,89,96,115] [2,9,34,64,73,95,115,118] [8,44,45,67,91,106,113,126] [3,53,55,57,68,69,73,96] [6,17,37,40,61,89,91,120] [1,14,26,51,78,80,101,114] [2,11,35,57,68,77,103,126] [23,54,63,65,86,89,104,115] [32,33,44,45,73,82,100,106] [2,35,67,83,86,95,101,125] [49,62,68,80,99,100,104,114] [18,27,30,45,69,80,94,99] [45,50,78,85,86,94,96,115] [9,34,42,64,95,115,117,118] [8,10,66,67,91,99,102,113] [3,8,53,55,58,68,69,96] [17,31,37,40,61,91,100,120] [51,78,80,90,101,114,115,126] [2,11,35,57,66,80,103,126] [16,18,23,80,86,93,98,102] [6,36,46,58,81,87,100,104] [3,6,20,27,48,81,104,121] [20,22,32,45,70,80,103,114] [22,52,55,68,94,98,115,117] [26,36,47,66,88,103,107,123]
Token 110: [23,28,41,52,80,120,124,126] [16,22,29,65,67,85,89,122] [4,36,59,67,76,115,125,126] [45,51,77,81,86,93,104,106] [5,11,27,28,60,68,101,109] [0,18,30,39,48,56,74,83] [20,63,65,66,86,104,111,124] [27,41,44,69,73,82,106,113] [0,2,29,67,101,122,123,125] [35,41,62,68,80,100,104,109] [30,45,50,80,95,99,109,116] [16,33,36,45,64,73,95,97] [16,17,34,38,95,103,115,117] [10,29,36,41,89,106,109,123] [3,18,44,55,68,69,99,109] [17,31,40,50,77,91,106,119] [14,78,80,101,109,110,114,115] [0,11,36,37,54,65,68,107] [3,63,65,66,86,104,115,116] [3,32,33,45,73,82,100,106] [3,35,67,86,95,101,123,125] [17,35,62,68,71,80,97,100] [18,27,30,45,80,99,109,124] [16,42,45,64,73,85,95,97] [0,32,34,38,64,95,103,117] [36,41,57,62,89,106,109,123] [3,18,26,55,68,69,71,109] [17,20,37,40,77,89,106,120] [14,35,44,77,78,80,101,114] [0,11,36,54,63,65,68,77] [3,54,56,63,86,104,115,118] [3,32,33,45,73,79,82,106] [2,20,22,35,67,95,101,125] [35,40,41,62,80,100,104,114] [30,45,69,70,95,99,109,124] [16,25,42,45,73,85,95,97] [0,38,73,95,103,112,115,117] [4,36,41,57,62,91,109,123] [3,18,26,47,55,60,68,92] [20,25,31,37,40,61,106,107] [29,44,77,80,108,109,110,115] [0,11,54,63,65,80,115,118] [24,25,49,59,70,80,87,126] [8,47,49,61,100,104,121,125] [6,8,11,32,37,80,110,121] [5,22,47,76,83,87,98,114] [1,5,10,33,52,82,123,124] [15,31,44,74,82,90,92,127]
Token 111: [8,65,72,98,100,102,119,121] [18,70,79,94,100,108,122,127] [38,78,84,87,88,99,113,125] [12,37,45,47,71,89,93,104] [11,65,76,79,106,107,115,118] [33,42,54,59,61,64,66,125] [8,34,35,56,63,83,104,105] [3,24,49,73,82,103,106,112] [2,44,84,99,102,116,121,127] [0,9,45,62,80,104,110,114] [30,45,50,53,73,83,99,105] [24,26,49,61,67,89,115,125] [15,65,73,95,99,107,115,116] [6,15,28,32,33,58,79,106] [3,8,17,20,48,55,69,109] [10,16,23,26,31,40,85,101] [8,73,80,81,105,114,115,124] [1,33,42,53,69,72,99,103] [8,34,35,56,58,63,105,115] [3,24,32,45,49,82,106,112] [35,84,90,102,114,116,121,127] [0,9,45,80,110,114,122,125] [30,45,53,57,61,73,105,113] [3,23,24,49,61,89,96,125] [15,34,56,73,95,99,107,115] [6,15,26,28,32,58,91,106] [3,4,17,20,48,55,90,109] [10,16,26,31,61,70,85,101] [8,14,73,80,81,105,114,124] [1,42,53,68,69,77,80,97] [3,8,35,56,63,105,107,115] [3,32,33,45,49,75,82,106] [10,35,67,95,101,116,121,127] [9,45,51,62,80,110,114,122] [30,57,69,73,98,100,105,116] [24,26,49,61,67,89,90,95] [2,9,15,65,73,95,99,107] [6,10,15,28,32,58,91,106] [10,17,20,48,55,69,99,100] [17,23,40,85,89,91,101,127] [8,78,80,81,105,114,115,124] [19,42,48,53,69,72,77,83] [21,24,39,64,80,113,115,123] [31,36,46,58,77,88,100,104] [0,6,27,53,73,81,90,104] [12,22,27,32,87,101,114,123] [5,22,52,55,63,68,98,118] [20,57,73,74,85,86,109,117]
Token 112: [14,22,25,46,57,103,106,110] [3,6,9,23,48,65,111,122] [70,87,88,90,122,123,125,126] [2,5,37,47,56,64,94,99] [11,23,56,63,77,79,89,118] [5,18,30,31,47,51,105,110] [14,54,63,86,89,104,111,115] [1,32,45,48,73,82,95,106] [3,28,67,95,99,101,109,122] [32,45,48,62,80,81,97,99] [14,18,30,73,80,83,100,123] [26,67,79,90,109,115,120,122] [9,18,34,52,68,71,95,107] [10,32,66,79,85,98,106,113] [3,16,44,55,57,69,101,105] [17,23,26,40,50,61,72,91] [12,14,43,78,80,105,114,119] [2,35,37,53,66,77,107,121] [14,23,63,65,86,100,104,115] [1,27,32,45,48,82,100,106] [3,35,44,47,67,101,105,122] [1,17,62,71,76,80,97,99] [7,18,25,30,50,69,80,83] [67,82,85,89,90,109,115,122] [2,34,46,50,64,73,95,115] [10,32,66,71,91,101,106,107] [3,16,23,44,55,69,99,105] [1,3,17,23,40,89,91,121] [12,14,75,78,105,114,119,127] [2,9,35,66,77,103,106,121] [14,23,63,65,86,100,104,115] [1,4,5,32,45,82,100,106] [32,47,67,95,101,108,122,123] [32,62,71,76,80,97,99,111] [18,25,30,69,73,80,83,94] [30,33,67,89,96,109,120,122] [2,9,42,52,73,95,107,114] [10,32,66,82,91,98,106,113] [10,16,23,55,57,90,101,105] [17,31,34,40,72,83,89,91] [12,14,43,78,80,105,115,119] [2,9,35,66,80,83,90,103] [18,27,55,80,93,102,115,123] [6,29,36,44,65,68,87,104] [6,20,27,48,56,69,81,104] [12,20,22,27,32,70,80,114] [22,52,55,80,98,101,115,117] [36,47,66,71,86,88,120,123]
Token 113: [7,21,28,34,40,63,87,123] [16,23,48,59,65,75,116,122] [8,36,65,70,90,100,112,125] [12,37,47,64,77,93,94,112] [10,11,30,50,56,57,87,95] [18,30,47,68,71,81,83,105] [3,54,56,63,86,104,109,115] [32,33,45,48,73,82,95,106] [3,4,35,36,67,101,123,127] [17,26,32,45,62,65,80,99] [15,18,30,42,80,83,100,127] [36,50,75,106,109,115,120,122] [25,52,54,64,71,95,115,118] [8,63,66,85,91,98,102,113] [3,8,55,64,68,69,101,109] [17,31,33,40,50,54,61,72] [10,14,51,78,101,114,115,119] [2,3,4,46,66,77,88,126] [13,56,63,64,66,104,111,115] [3,32,33,45,82,95,100,106] [3,4,35,67,90,101,123,127] [0,17,32,62,65,68,80,114] [15,27,30,33,50,80,100,127] [20,31,50,56,75,85,89,122] [9,18,50,52,54,64,95,115] [8,47,66,91,98,102,106,113] [3,55,64,68,69,83,109,110] [16,17,33,40,54,61,72,120] [14,51,60,78,80,101,114,115] [2,3,46,53,77,88,103,126] [3,13,56,63,65,104,111,115] [3,32,33,45,79,82,100,106] [3,4,10,35,67,90,95,101] [17,32,33,62,65,80,99,111] [15,27,30,33,69,80,100,127] [30,33,50,56,85,89,115,122] [9,42,52,55,64,73,95,118] [8,10,63,66,91,98,102,106] [3,44,55,64,68,69,71,96] [17,31,33,37,40,54,72,120] [51,60,78,80,101,114,115,119] [2,15,36,46,66,80,103,126] [23,24,38,77,80,86,98,125] [12,16,19,49,58,87,104,121] [3,6,27,37,45,88,99,121] [5,17,20,22,32,46,112,114] [22,30,52,81,94,98,115,117] [15,21,26,31,66,111,120,127]
Token 114: [23,28,29,41,62,66,80,126] [16,29,59,63,85,89,113,122] [4,36,41,49,64,67,76,125] [9,45,51,70,86,92,93,104] [11,27,50,51,77,97,101,104] [10,18,30,31,48,71,74,83] [23,63,64,66,86,104,111,115] [3,33,44,69,73,82,93,106] [3,18,20,35,67,101,122,123] [13,17,32,35,62,68,80,100] [15,18,27,30,80,100,109,127] [16,33,42,64,73,89,95,122] [7,28,32,34,50,52,64,103] [8,10,18,41,62,71,91,106] [3,13,55,68,69,83,90,99] [17,40,50,77,79,91,106,111] [10,14,78,80,101,110,114,126] [0,4,46,54,64,77,88,93] [3,63,64,65,66,104,111,115] [1,3,32,33,45,79,82,106] [3,18,35,67,83,95,101,123] [17,35,62,80,97,99,100,124] [15,18,27,30,80,100,109,127] [20,42,56,73,89,95,97,122] [0,7,34,50,64,95,112,115] [8,41,51,57,62,91,106,109] [3,44,55,60,69,71,90,109] [16,17,40,79,82,91,111,126] [14,44,60,78,80,108,110,114] [15,46,52,64,77,81,88,103] [3,23,56,63,86,104,115,118] [1,3,32,33,45,82,106,110] [18,20,35,44,67,95,101,116] [35,45,62,80,97,99,106,111] [15,18,23,30,69,100,109,127] [42,55,73,85,89,95,115,122] [0,9,25,42,52,64,95,103] [8,10,16,18,21,41,57,62] [3,26,47,55,60,71,80,99] [1,17,20,31,40,60,91,120] [44,60,78,80,108,109,110,115] [11,15,36,46,52,54,64,103] [8,24,49,52,73,80,90,125] [12,19,43,49,74,104,121,125] [6,13,23,27,45,80,88,99] [5,17,22,46,58,63,112,114] [22,29,30,39,52,80,81,105] [31,35,52,71,74,95,111,127]
Token 115: [16,18,53,61,104,107,118,120] [33,34,56,86,107,113,115,122] [14,36,62,67,87,107,116,125] [5,12,19,25,29,51,89,93] [0,11,20,23,25,63,77,118] [30,47,68,71,74,80,82,107] [13,34,56,63,64,86,96,115] [50,60,69,73,82,87,95,106] [3,35,36,64,67,99,101,127] [13,45,57,62,80,94,99,117] [14,30,50,80,83,100,113,127] [36,64,67,86,89,115,120,122] [7,9,18,52,53,71,95,115] [10,16,21,44,64,75,91,98] [3,8,29,55,69,79,80,101] [23,26,31,50,60,61,79,88] [7,10,40,60,78,80,105,114] [4,15,52,53,77,88,103,122] [8,13,47,56,63,65,104,115] [3,32,45,73,82,87,95,106] [3,5,35,64,90,95,101,116] [45,62,80,92,94,99,114,124] [14,30,50,53,69,80,83,113] [20,67,86,89,95,115,120,122] [7,9,34,53,56,64,73,115] [13,16,21,29,44,64,75,91] [3,8,44,55,69,80,99,101] [1,16,17,23,40,60,82,91] [7,14,40,60,75,78,80,114] [15,52,53,77,97,103,106,121] [23,56,63,65,86,104,110,115] [1,3,5,32,45,82,100,106] [35,44,47,64,67,95,101,116] [45,62,71,80,94,97,99,111] [2,14,18,25,30,69,80,83] [59,64,67,85,86,89,115,122] [2,9,42,50,53,73,87,115] [10,21,32,44,75,76,98,106] [3,8,34,44,55,69,79,80] [1,17,23,31,40,60,61,91] [7,40,60,78,80,105,114,115] [1,15,52,53,80,103,106,117] [16,24,37,59,73,80,123,125] [4,8,36,43,49,81,104,112] [3,6,27,37,45,54,80,81] [22,27,37,46,63,80,112,114] [22,39,52,55,80,82,105,124] [27,32,34,35,74,86,90,95]
Token 116: [0,24,51,57,101,103,106,127] [3,9,33,48,86,116,122,126] [14,36,67,70,87,90,122,125] [5,9,12,19,26,76,93,94] [0,11,20,47,63,77,102,118] [2,18,30,45,51,71,80,105] [3,63,64,75,86,104,111,115] [3,45,60,69,73,82,100,106] [3,28,35,67,95,99,101,109] [22,32,45,48,62,80,97,99] [2,14,18,30,58,80,83,100] [31,47,67,86,89,109,115,122] [9,32,34,53,60,68,80,95] [10,30,32,44,66,79,107,113] [3,16,44,55,69,99,101,105] [3,17,23,26,40,50,61,91] [12,14,40,78,80,105,114,119] [2,35,53,66,77,103,107,121] [13,23,54,63,65,86,104,115] [1,32,45,48,82,95,100,106] [3,5,44,64,67,99,101,122] [32,45,48,62,71,80,97,99] [2,14,18,25,30,58,80,83] [33,59,67,89,90,109,120,122] [9,32,34,53,60,68,73,115] [10,13,44,66,71,79,91,106] [16,44,55,57,69,99,101,105] [1,17,23,26,40,89,91,121] [12,14,43,75,78,80,114,119] [2,9,53,66,77,103,106,121] [23,25,63,65,86,100,104,115] [1,4,5,32,45,82,100,106] [3,44,47,67,95,101,108,122] [32,62,71,76,80,97,99,111] [2,18,25,30,69,80,83,94] [33,47,59,67,85,96,109,122] [2,9,32,42,68,80,87,115] [10,32,44,66,99,106,107,113] [8,10,16,23,44,55,57,105] [1,3,4,17,23,40,91,120] [4,12,14,43,78,80,102,119] [2,9,35,66,103,106,112,117] [16,18,27,73,80,93,102,123] [6,29,36,44,46,81,87,104] [3,6,20,27,48,69,81,104] [12,22,27,32,70,80,114,123] [22,52,55,60,80,98,115,117] [36,47,66,85,86,88,120,123]
Token 117: [19,28,36,87,91,105,124,125] [2,9,16,48,68,74,116,122] [4,36,41,51,67,76,100,125] [24,37,50,70,73,76,112,114] [4,10,11,20,27,40,104,113] [10,18,63,74,75,89,110,115] [23,46,63,79,86,104,111,127] [2,32,33,69,73,82,106,110] [3,20,47,61,67,86,108,118] [24,32,35,52,57,80,97,124] [2,30,35,41,50,85,95,103] [16,20,46,79,105,111,122,126] [2,14,32,34,46,80,95,115] [2,10,29,57,91,106,112,120] [3,16,44,55,60,99,102,115] [1,17,31,40,50,82,91,121] [11,14,40,75,78,80,108,126] [15,17,27,66,103,106,107,112] [13,23,46,63,79,86,104,127] [2,32,45,48,73,82,106,110] [3,5,17,20,61,67,90,123] [32,35,52,57,71,80,97,99] [2,25,30,35,41,50,85,103] [18,20,22,42,79,96,115,120] [0,26,32,34,50,52,95,115] [2,10,18,57,71,91,101,106] [16,36,55,60,64,73,102,115] [1,17,50,61,82,91,98,121] [11,14,53,78,80,108,114,126] [15,17,66,92,103,106,112,121] [3,10,23,46,63,79,86,127] [1,2,32,45,48,82,106,110] [3,5,33,47,61,67,105,122] [1,32,52,62,71,80,97,99] [2,25,30,35,41,69,85,103] [9,18,25,30,59,105,120,122] [25,26,32,73,80,87,103,115] [2,10,18,41,45,57,91,115] [16,44,55,60,73,80,102,115] [1,17,31,60,77,78,91,121] [11,14,15,75,78,108,115,126] [9,15,17,36,52,103,106,112] [8,16,49,74,80,86,90,125] [8,19,43,56,97,100,104,121] [6,11,23,27,44,45,80,88] [5,17,22,37,46,76,112,114] [5,22,39,52,80,81,82,105] [15,31,35,52,71,74,95,127]
Token 118: [6,72,76,95,100,102,110,119] [2,12,62,70,94,100,106,122] [30,41,51,75,77,78,87,99] [50,73,82,84,105,112,116,123] [11,13,52,59,92,118,120,126] [17,25,33,37,59,64,75,103] [34,35,47,53,56,63,71,107] [18,24,45,59,62,82,106,109] [38,53,65,67,90,102,116,127] [0,2,19,49,55,80,96,125] [3,16,26,30,51,57,68,98] [5,21,24,28,52,60,96,125] [2,8,21,56,65,96,105,115] [0,28,58,78,81,91,103,106] [3,17,55,67,90,109,110,115] [16,31,40,49,52,70,101,120] [30,65,80,81,83,89,105,115] [1,18,21,42,55,77,82,83] [24,34,44,63,87,105,107,116] [8,9,24,59,62,82,106,112] [9,53,65,72,101,121,124,127] [0,9,49,80,96,110,122,125] [16,19,56,61,68,78,90,98] [3,7,23,24,52,54,96,125] [15,21,23,56,65,79,96,99] [15,26,28,33,58,78,81,118] [4,17,48,55,81,98,100,115] [16,31,49,59,70,101,120,127] [39,48,80,81,89,103,105,115] [1,18,21,42,55,99,118,120] [8,24,26,34,63,78,107,126] [8,18,24,59,62,75,109,112] [9,53,57,65,72,90,101,114] [0,2,13,49,55,96,122,125] [16,26,56,68,78,81,98,121] [3,5,15,23,52,54,94,125] [21,28,59,65,73,92,96,111] [20,47,52,58,78,81,85,91] [32,55,84,92,104,113,115,125] [0,16,25,26,41,51,52,87] [11,27,28,35,42,65,89,115] [18,25,53,58,72,80,82,118] [2,4,30,50,66,70,106,116] [2,18,56,74,75,80,82,91] [5,6,11,16,23,42,62,114] [26,29,48,52,76,77,90,95] [17,46,51,54,76,84,97,106] [8,39,53,65,74,92,109,110]
Token 119: [19,32,46,48,49,58,72,78] [2,12,28,34,56,62,77,122] [14,41,49,51,77,90,100,115] [13,42,50,60,73,76,116,123] [11,23,34,51,63,70,93,113] [18,74,75,83,89,105,107,116] [23,63,79,86,104,109,115,127] [2,20,45,69,73,82,106,110] [3,33,47,61,67,86,99,122] [24,32,48,57,62,80,97,99] [2,7,30,35,74,80,83,103] [20,47,86,105,109,111,122,126] [32,34,60,68,76,80,95,125] [2,10,29,66,71,91,107,113] [6,36,44,55,99,101,105,115] [1,17,26,31,50,82,91,120] [11,14,40,43,78,80,114,119] [2,20,35,66,83,106,107,112] [3,13,23,63,66,79,86,104] [2,26,32,45,69,82,106,110] [3,5,33,61,64,67,95,99] [1,22,48,62,71,80,97,99] [2,7,18,25,30,35,74,80] [20,33,59,79,89,109,115,122] [32,34,42,68,76,87,115,125] [2,10,44,45,66,71,91,113] [7,23,44,55,99,102,105,115] [1,17,40,82,91,95,98,121] [11,14,43,75,78,80,114,119] [2,9,66,77,106,107,112,121] [10,23,25,63,79,86,104,115] [1,2,4,32,45,48,82,110] [3,33,44,47,67,95,105,122] [1,22,48,62,71,80,97,99] [2,25,30,35,69,80,83,103] [33,47,59,105,107,109,115,122] [26,32,42,50,68,80,87,125] [2,10,44,65,66,99,101,113] [23,39,44,55,58,101,105,115] [1,3,17,34,40,91,98,121] [11,14,43,75,78,114,115,119] [2,9,20,35,66,106,112,121] [16,18,27,80,93,98,102,123] [6,29,36,44,87,91,104,112] [3,6,20,27,44,48,81,104] [12,20,22,37,70,80,114,123] [22,52,55,60,80,98,115,117] [36,47,66,71,85,88,120,123]
Token 120: [0,17,28,34,51,62,67,77] [16,67,73,77,99,114,116,122] [8,36,51,52,70,73,90,125] [13,28,62,73,76,77,93,123] [4,10,11,22,63,87,97,119] [18,30,31,71,79,105,116,117] [13,23,46,63,79,104,109,111] [1,20,45,69,73,82,106,110] [3,4,44,47,55,67,95,122] [22,33,57,62,71,80,97,99] [2,18,30,35,40,41,80,100] [16,50,79,86,104,105,115,122] [32,46,68,76,87,115,118,125] [2,10,29,71,97,102,113,115] [6,7,36,44,55,64,99,101] [1,17,26,31,33,38,91,98] [11,14,43,51,75,109,114,116] [2,22,35,66,77,104,106,107] [13,23,46,63,64,79,86,104] [4,20,32,45,48,82,106,110] [3,4,44,47,67,101,105,122] [22,33,52,62,71,80,97,99] [2,18,25,30,33,35,74,80] [20,50,59,79,89,104,115,122] [32,34,42,50,52,76,115,118] [10,44,71,91,101,102,106,113] [6,7,23,44,55,64,99,101] [1,17,33,50,82,91,98,121] [10,14,51,75,78,80,109,114] [2,9,17,35,66,77,106,121] [3,10,23,46,63,79,104,115] [1,4,5,32,45,48,82,110] [3,4,33,44,47,67,105,122] [1,33,62,71,76,80,97,99] [2,18,25,30,33,35,69,80] [47,50,59,85,105,107,115,122] [32,42,68,80,87,103,118,125] [10,65,66,99,101,102,113,127] [23,39,44,55,58,64,68,101] [1,3,17,33,46,77,91,121] [13,14,43,51,75,78,109,126] [2,9,20,35,66,92,106,121] [16,18,71,80,86,98,102,123] [6,16,36,52,87,91,104,112] [3,6,20,27,48,69,81,104] [12,20,22,37,70,80,114,123] [22,52,55,68,80,98,115,117] [26,36,47,66,71,88,120,123]
Token 121: [3,14,28,36,83,91,105,112] [7,29,45,59,74,77,113,122] [4,23,36,48,52,64,73,76] [11,12,35,40,61,62,93,120] [5,7,11,27,45,67,96,116] [5,18,48,74,79,87,115,117] [22,23,64,79,86,104,109,111] [1,4,13,32,45,48,82,110] [3,6,33,44,47,67,108,122] [35,52,62,71,80,97,99,118] [7,18,25,30,35,62,95,120] [16,46,55,68,71,82,97,105] [32,34,38,46,50,87,100,103] [10,41,71,101,106,109,115,123] [6,7,23,44,53,55,57,83] [1,17,40,50,77,82,91,121] [1,14,23,75,77,78,114,126] [0,9,22,36,65,84,106,112] [22,23,25,54,79,86,104,109] [1,4,32,45,48,82,110,125] [3,6,33,44,47,67,105,122] [13,35,52,62,71,80,97,99] [2,18,25,30,35,41,120,124] [16,18,42,55,68,71,73,97] [0,32,34,38,46,50,87,103] [57,62,71,101,106,109,120,123] [6,7,23,44,47,55,71,102] [1,17,40,51,77,82,98,121] [14,23,29,44,75,78,94,114] [0,9,22,36,65,84,106,121] [3,10,22,23,25,64,104,118] [1,4,5,32,45,48,82,125] [3,6,20,33,44,67,105,122] [35,40,62,71,80,97,99,106] [2,18,25,30,35,69,95,124] [16,18,46,55,68,73,97,105] [0,32,38,46,50,80,87,103] [10,41,57,62,101,109,123,127] [7,18,44,47,55,60,71,102] [17,20,31,51,54,77,107,121] [23,29,44,75,77,78,115,127] [0,9,63,64,65,80,84,121] [8,18,23,49,71,80,90,126] [8,47,52,74,87,104,121,125] [3,6,13,27,39,80,110,116] [4,5,26,47,83,87,114,123] [5,10,45,52,68,96,98,117] [15,21,26,31,44,74,121,127]
Token 122: [0,31,63,81,83,101,107,120] [2,8,14,34,41,52,122,124] [10,36,53,62,67,84,88,123] [6,11,35,59,61,65,93,119] [11,40,45,76,79,85,93,106] [5,18,30,42,49,74,117,125] [23,25,47,64,86,105,109,115] [4,20,45,48,49,69,82,110] [3,6,33,66,67,84,121,122] [57,62,71,80,97,98,99,110] [2,18,30,61,73,80,83,90] [26,31,49,61,71,82,115,122] [32,34,46,50,79,99,107,115] [6,10,28,29,64,80,101,115] [7,10,35,44,48,55,99,101] [1,17,23,31,50,85,91,98] [8,14,43,53,75,78,114,124] [1,19,20,83,93,97,106,107] [8,10,13,23,63,64,86,104] [3,4,32,45,48,82,106,110] [3,33,44,66,67,84,101,122] [9,62,71,80,97,98,99,110] [2,18,30,53,61,73,90,105] [20,24,26,49,61,82,89,115] [15,32,34,46,79,99,107,115] [6,15,28,64,71,80,91,106] [10,23,44,48,55,58,99,113] [1,17,23,26,82,85,91,121] [8,14,15,43,75,78,114,124] [9,15,17,19,20,83,106,121] [3,10,23,63,65,86,100,104] [1,4,5,32,45,48,49,82] [3,33,44,47,66,67,105,122] [22,62,71,76,80,97,98,99] [18,25,30,69,73,74,83,90] [20,24,26,46,47,49,61,105] [46,50,68,79,80,87,99,107] [6,10,28,42,65,80,83,101] [10,23,39,44,48,55,58,113] [1,3,17,23,31,40,85,121] [8,14,43,75,78,102,115,124] [9,19,20,69,80,83,106,121] [5,16,18,21,74,80,93,123] [6,36,43,44,87,88,104,112] [0,6,20,27,44,54,81,104] [4,12,22,37,70,80,114,123] [22,52,55,80,81,98,115,117] [32,34,47,66,73,88,117,123]
Token 123: [14,22,24,57,103,106,110,118] [3,8,9,34,44,48,56,116] [10,36,41,53,67,70,90,122] [5,29,64,71,87,93,94,118] [29,40,43,63,77,79,83,114] [5,18,30,42,47,51,96,105] [14,23,63,75,86,109,111,115] [20,45,48,60,69,73,82,95] [28,47,66,67,99,101,109,122] [32,44,62,79,80,97,98,99] [2,18,30,69,73,80,90,107] [9,26,31,46,59,61,109,122] [9,32,34,50,79,80,99,107] [6,10,28,29,66,80,91,118] [10,16,44,48,55,69,101,105] [17,23,26,31,38,50,85,91] [8,12,14,43,78,114,119,124] [2,19,20,66,75,93,99,122] [8,13,23,56,63,104,105,115] [3,26,32,45,48,49,82,95] [44,66,67,84,90,101,116,121] [9,32,62,80,98,99,110,125] [2,18,30,61,73,80,90,105] [23,24,26,33,49,61,109,125] [9,15,73,79,95,99,107,115] [6,15,28,66,80,91,106,118] [3,16,48,55,74,99,105,110] [16,17,26,50,61,82,85,91] [8,12,14,53,78,80,114,119] [2,13,66,77,83,99,106,121] [13,56,63,65,86,105,107,115] [1,3,32,45,48,49,82,100] [3,5,47,66,67,90,95,121] [9,32,62,79,80,98,99,111] [2,16,18,30,69,73,80,90] [24,26,46,49,59,61,92,109] [23,32,42,73,79,80,87,107] [6,10,13,42,66,80,113,118] [3,10,16,23,39,44,55,105] [1,3,17,23,31,40,91,121] [12,14,43,75,78,102,115,119] [2,9,20,35,66,80,103,106] [7,18,27,55,80,93,102,123] [6,29,36,43,65,87,104,112] [3,6,20,27,48,69,81,104] [12,22,32,37,70,80,114,123] [22,52,55,60,80,98,115,117] [36,47,66,85,86,88,120,123]
Token 124: [23,28,30,46,77,83,105,112] [8,16,24,29,48,67,114,122] [36,41,52,59,73,76,121,126] [29,35,40,61,70,78,92,120] [11,18,27,45,77,97,101,113] [5,18,45,74,79,81,96,117] [6,22,23,64,86,104,109,111] [1,4,13,45,48,73,82,106] [3,6,20,24,33,47,51,67] [32,35,37,71,79,97,99,118] [18,25,30,41,62,95,109,120] [16,18,46,59,68,69,82,92] [17,32,34,46,50,80,100,102] [29,41,42,45,49,71,101,120] [6,16,23,44,47,55,62,101] [1,17,31,40,77,82,98,121] [14,18,30,75,78,114,123,126] [9,64,66,77,84,107,112,121] [10,22,23,79,86,104,119,127] [4,26,32,45,48,73,82,100] [3,21,22,24,33,44,47,67] [13,32,33,71,79,80,97,99] [18,25,30,41,43,74,95,120] [18,20,43,46,59,68,82,92] [22,32,34,42,46,52,80,87] [10,29,37,45,49,91,101,120] [9,16,23,44,47,55,62,92] [1,17,25,40,77,82,98,121] [14,18,75,78,80,102,114,123] [9,22,36,84,106,107,112,121] [10,22,23,63,64,86,100,119] [1,4,5,32,45,73,82,100] [22,24,33,44,55,67,100,122] [32,35,62,71,76,79,97,99] [18,25,30,42,69,95,107,120] [16,25,68,69,82,92,97,105] [32,46,67,73,80,87,103,124] [10,41,45,49,52,57,89,91] [7,16,18,23,44,47,55,60] [1,17,20,31,40,77,106,121] [14,23,29,75,77,78,109,115] [0,9,36,64,65,80,84,121] [3,18,23,24,49,50,80,90] [18,74,75,87,100,104,121,125] [3,6,13,27,39,72,80,110] [5,22,26,47,83,86,87,114] [5,10,45,51,52,93,96,125] [15,21,31,48,82,83,121,127]
Token 125: [31,47,68,69,70,81,107,118] [39,46,62,67,75,83,91,122] [10,36,59,62,73,117,121,123] [10,11,29,35,62,65,78,120] [11,18,39,40,45,91,97,111] [5,18,74,83,96,99,111,117] [10,23,64,86,100,104,108,109] [1,4,45,48,73,82,93,106] [3,24,28,33,51,55,67,122] [13,43,48,62,71,79,97,99] [14,18,25,30,62,74,107,120] [13,46,47,69,82,92,102,105] [25,46,50,68,80,87,100,102] [13,24,42,45,49,79,101,121] [7,9,23,28,44,55,62,84] [1,17,50,77,82,91,98,121] [14,20,43,75,78,121,123,126] [9,14,20,84,97,106,107,112] [10,22,23,64,65,79,86,104] [1,4,32,45,48,67,82,100] [3,24,44,51,55,67,105,122] [13,52,62,71,79,80,97,99] [18,25,30,35,74,80,107,120] [20,46,68,82,92,102,105,115] [34,46,50,68,80,87,100,102] [10,24,45,49,91,101,106,121] [9,23,28,44,55,62,84,115] [1,17,40,50,82,91,98,121] [14,20,43,75,78,102,121,123] [9,14,20,84,97,106,112,121] [10,22,23,64,65,86,100,104] [1,4,5,32,45,67,82,100] [24,33,44,51,67,95,100,105] [48,66,71,76,79,97,99,111] [14,18,25,30,69,83,107,120] [13,20,47,71,87,92,102,105] [46,68,80,87,100,104,120,124] [10,24,49,55,99,101,106,121] [11,23,28,39,44,55,62,84] [1,3,4,17,31,40,98,121] [14,20,43,75,78,102,115,121] [1,9,14,20,45,80,97,106] [3,16,41,65,71,80,101,115] [4,36,44,46,65,68,87,104] [6,27,44,54,69,71,81,104] [2,4,12,27,32,37,114,127] [52,55,60,67,77,97,98,117] [28,32,34,71,83,86,117,124]
Token 126: [0,24,51,57,101,103,106,127] [14,20,24,39,44,48,75,91] [36,41,52,90,92,122,123,125] [10,11,32,61,78,97,119,127] [18,40,51,63,77,97,111,113] [5,18,31,51,96,99,105,117] [22,23,64,86,100,104,108,109] [1,4,32,45,48,73,82,100] [24,28,33,44,47,51,55,67] [13,32,48,62,71,76,97,99] [7,18,25,30,77,80,110,120] [13,46,47,87,92,102,109,110] [34,46,50,68,80,100,102,120] [29,37,55,66,71,101,106,113] [7,16,23,44,53,57,105,115] [1,3,17,40,75,82,89,121] [1,14,43,75,78,101,119,126] [9,22,27,35,36,66,112,121] [22,23,65,86,104,111,119,127] [1,4,5,27,32,45,48,82] [3,33,44,47,61,67,100,123] [24,66,71,80,97,99,111,124] [7,18,25,30,80,85,94,103] [22,43,46,60,96,99,105,109] [2,14,26,34,46,75,87,115] [2,27,92,99,101,104,106,112] [3,16,23,36,44,53,66,115] [17,32,40,64,75,89,91,121] [1,14,75,78,80,105,119,126] [1,9,72,82,93,100,112,121] [22,23,38,65,87,104,109,127] [1,2,4,32,45,48,73,82] [9,17,33,47,61,67,105,123] [7,24,39,71,80,97,99,111] [7,25,30,45,71,85,94,103] [4,33,85,96,99,100,102,109] [2,14,42,46,92,108,115,127] [20,35,66,92,101,104,106,112] [15,16,22,55,84,105,115,125] [17,32,33,34,40,89,98,121] [12,14,43,51,78,100,115,119] [2,9,35,66,80,82,112,121] [16,18,27,55,80,93,102,115] [6,29,36,41,46,65,87,104] [6,20,27,44,48,64,81,104] [4,12,20,27,37,70,114,123] [19,52,55,60,77,98,115,117] [36,47,66,86,88,120,123,124]
Token 127: [11,47,72,85,100,114,118,119] [16,21,48,63,70,75,106,122] [2,16,36,45,52,65,101,125] [10,25,37,78,81,93,103,123] [10,11,57,63,87,101,111,113] [5,18,51,54,59,79,99,105] [13,22,23,86,97,104,109,115] [1,4,13,32,45,73,82,100] [35,44,47,55,61,67,99,100] [17,24,32,66,71,76,97,99] [18,25,80,85,91,94,103,110] [18,43,46,50,90,102,105,116] [2,26,32,34,46,50,80,127] [2,10,18,47,66,101,106,113] [3,7,16,23,44,55,68,115] [8,17,32,40,50,82,89,121] [1,14,30,75,78,101,105,126] [1,9,18,27,66,77,99,112] [22,23,63,86,87,104,118,127] [4,5,8,32,45,48,82,100] [15,44,53,61,67,100,101,116] [47,62,66,71,80,97,99,111] [16,18,30,40,80,94,103,110] [9,22,46,52,92,96,99,116] [2,9,26,32,34,46,80,127] [18,47,63,71,78,91,106,126] [14,16,30,42,55,73,83,105] [0,11,16,26,32,40,64,88] [10,14,42,48,78,82,100,115] [59,68,82,88,93,99,120,122] [9,23,52,56,63,86,87,107] [2,4,5,8,45,48,82,100] [15,53,67,77,83,90,100,116] [7,32,47,51,66,79,99,111] [16,23,30,82,85,94,103,110] [9,22,28,52,92,96,99,116] [14,33,46,64,78,92,115,127] [47,52,89,91,92,106,112,127] [1,15,16,49,55,68,73,92] [17,32,40,52,64,88,89,125] [12,14,78,90,100,101,105,115] [5,34,44,57,77,80,88,92] [17,27,43,47,58,69,80,113] [5,29,33,41,46,58,68,104] [6,9,11,27,39,56,57,104] [2,4,20,45,71,92,114,117] [16,27,54,63,76,93,99,125] [3,53,58,76,87,102,104,118]
