MODEL: qwen3_30b
TOKEN_COUNT: 128
ACTIVE_EXPERTS: 8
================================================================================
PROMPT TEXT:
Unlike its two predecessors , Valkyria Chronicles III was not released in the west . According to Sega , this was due to poor sales of Valkyria Chronicles II and the general unpopularity of the PSP in the west . An unofficial fan translation patch began development in February 2012 : players with a copy of Valkyria Chronicles III could download and apply the patch , which translated the game 's text into English . Compatible with the Extra Edition , the patch was released in January 2014 .
================================================================================
GENERATED TEXT:
 The patch was also released for the Steam version of the game . The patch was also released for the Steam version of the game . The patch was also released for the Steam version of the game .
Based on the paragraph, what is the reason for the lack of a western release of Valkyria Chronicles III?

The reason for the lack of a western release of Valkyria Chronicles III is due to poor sales of Valkyria Chronicles II and the general unpopularity of the PSP in the west.

Okay, let me check the paragraph again to make sure. The user provided a paragraph that mentions Sega's statement about the lack of a western
================================================================================
EXPERT TRACE (Per token, list of layer expert IDs):
================================================================================
Token   0: [14,21,50,51,57,103,106,110] [3,6,9,28,37,62,95,122] [36,40,41,70,84,90,122,125] [3,4,20,39,71,87,95,115] [11,20,23,37,40,50,56,58] [18,47,51,68,103,105,110,119] [34,46,47,56,58,63,89,116] [33,36,44,48,82,94,100,106] [35,36,44,67,72,86,109,127] [0,32,65,68,80,96,102,111] [18,25,29,30,50,91,113,123] [43,53,63,67,69,96,109,115] [2,24,34,65,79,102,114,115] [21,23,66,82,91,98,106,118] [3,4,16,23,48,53,105,109] [6,16,17,40,72,85,103,120] [12,14,30,80,81,84,119,124] [1,2,18,19,69,78,99,103] [22,34,56,58,63,83,105,116] [3,33,44,49,82,94,100,112] [38,44,65,72,84,116,121,127] [0,9,80,98,102,110,122,125] [18,50,56,61,69,90,98,105] [23,24,26,49,54,61,96,125] [2,15,23,34,65,79,96,99] [15,23,26,28,58,66,80,118] [3,4,10,16,48,55,57,105] [6,16,40,70,72,94,103,120] [14,30,80,81,84,119,124,127] [1,2,4,9,17,66,82,103] [22,34,46,56,63,89,107,116] [9,33,36,44,82,94,100,106] [36,44,45,72,86,90,109,122] [0,24,32,51,65,80,102,111] [18,50,69,88,94,98,113,123] [46,48,59,63,69,85,109,115] [2,24,30,34,73,80,102,114] [23,40,66,82,98,106,113,118] [3,8,16,53,55,69,90,105] [4,6,16,17,40,72,103,120] [12,43,55,80,84,115,119,127] [2,9,20,35,66,82,103,112] [14,18,23,27,80,93,102,115] [5,6,20,29,36,46,87,104] [6,14,20,27,48,69,98,104] [22,27,32,45,58,70,80,114] [52,55,60,63,75,101,115,117] [36,47,66,86,88,120,123,124]
Token   1: [3,23,28,33,36,112,124,126] [16,28,29,45,48,68,90,122] [4,5,23,36,76,85,125,126] [5,66,70,92,101,112,114,119] [11,27,37,50,83,104,114,119] [7,10,18,74,87,99,103,119] [46,63,66,102,104,116,118,124] [31,33,44,78,82,94,100,106] [15,20,21,43,44,60,72,86] [5,32,35,57,59,68,80,102] [18,30,37,50,62,88,91,109] [8,16,22,39,46,53,73,115] [2,17,26,31,34,102,103,114] [41,49,57,82,84,91,106,109] [3,7,16,26,53,55,60,69] [40,66,72,76,78,82,89,120] [1,60,80,84,94,110,122,127] [16,46,54,64,77,82,84,103] [46,51,63,66,68,103,104,116] [9,31,34,44,64,82,94,106] [18,20,37,43,45,60,86,90] [35,40,57,59,68,80,102,111] [18,23,36,50,62,88,91,109] [8,18,22,42,53,68,73,115] [0,2,17,26,34,80,102,114] [18,49,57,76,82,91,98,106] [3,16,22,26,55,60,71,73] [6,16,40,72,76,82,120,126] [23,35,60,80,84,94,108,110] [16,36,46,54,64,82,103,122] [46,51,52,63,66,68,116,118] [9,31,44,78,82,94,100,106] [18,20,43,44,45,60,72,90] [32,35,57,59,68,80,102,111] [9,18,23,50,69,88,103,109] [18,22,25,42,68,69,85,115] [0,2,25,26,73,80,102,103] [18,41,57,76,82,84,91,106] [3,16,22,26,47,55,60,80] [16,20,35,40,46,51,60,120] [15,23,60,80,84,108,110,115] [15,36,46,52,54,64,103,122] [7,8,24,49,73,80,90,125] [12,19,20,43,49,80,121,125] [6,11,23,45,88,94,98,99] [17,22,26,46,76,84,87,112] [29,30,39,52,60,75,81,105] [15,21,35,95,111,114,121,127]
Token   2: [16,38,53,66,97,104,111,120] [20,34,66,86,105,107,109,122] [10,12,14,72,87,107,116,125] [13,23,25,76,87,89,101,114] [0,11,23,25,61,74,83,89] [31,35,47,80,97,103,107,119] [13,34,39,46,56,63,96,116] [33,36,60,82,87,94,100,106] [15,18,21,36,44,64,72,127] [32,57,65,80,89,94,96,102] [14,18,29,30,50,103,108,113] [8,22,67,69,86,89,104,115] [2,26,34,53,75,85,102,115] [13,21,44,75,76,82,91,98] [3,8,11,53,55,69,79,80] [16,17,38,40,50,60,78,95] [7,40,60,80,84,91,114,122] [1,15,52,53,58,94,99,103] [13,22,39,46,52,56,64,104] [9,33,48,82,87,89,94,100] [18,36,44,45,64,72,86,90] [0,62,65,80,94,96,102,111] [14,18,29,36,50,69,91,113] [8,20,46,63,65,69,86,115] [2,26,34,53,61,73,79,80] [21,40,44,75,82,91,98,106] [3,8,23,34,55,69,80,95] [6,16,17,40,60,86,95,120] [7,30,40,60,80,84,114,122] [9,15,52,53,77,82,103,117] [44,46,51,63,64,66,110,116] [9,31,33,36,44,87,94,100] [18,43,44,45,64,86,90,122] [24,57,59,80,94,96,102,111] [18,30,50,52,62,69,91,113] [0,8,29,43,69,85,86,115] [2,26,34,42,53,73,80,102] [10,21,44,75,76,82,98,106] [3,8,23,34,55,69,79,80] [16,17,40,60,61,78,86,120] [7,15,40,60,80,83,84,115] [9,15,52,53,80,103,106,117] [22,23,24,37,59,73,80,125] [20,43,44,49,81,89,104,127] [6,25,37,45,54,80,98,127] [22,35,46,63,80,84,112,114] [39,44,52,75,80,82,105,124] [27,32,34,35,52,71,90,95]
Token   3: [0,2,51,63,73,97,111,118] [24,32,76,86,107,116,122,126] [8,14,50,54,70,100,121,125] [1,25,32,38,76,87,105,119] [0,11,22,23,25,73,74,83] [34,47,80,82,97,103,119,122] [26,34,46,56,63,66,112,116] [33,44,60,87,94,95,100,106] [21,35,36,44,45,55,64,127] [45,65,68,80,89,94,98,102] [18,29,30,50,63,107,108,113] [8,22,67,69,85,86,115,120] [26,30,34,53,79,102,107,118] [21,44,75,76,91,98,102,118] [3,8,10,34,55,79,80,125] [16,17,23,40,60,78,87,120] [7,15,40,60,80,84,111,114] [1,15,52,53,58,62,103,113] [13,22,46,52,56,63,64,116] [9,33,36,44,87,94,95,100] [36,44,45,55,60,64,86,90] [0,24,65,68,76,80,94,102] [18,19,50,69,91,107,108,113] [1,8,20,63,69,86,115,122] [30,34,53,73,79,102,107,118] [21,40,44,75,76,98,102,118] [3,8,10,34,55,57,80,111] [6,16,23,40,60,82,95,120] [7,30,40,60,80,84,114,127] [9,15,17,52,53,77,82,103] [22,46,56,58,63,66,89,116] [9,31,44,78,82,87,94,100] [35,43,44,45,60,64,86,90] [24,59,68,76,80,94,102,111] [18,19,50,62,69,91,108,113] [8,39,59,69,85,86,115,122] [2,9,30,34,53,73,102,118] [10,21,40,44,75,76,98,106] [3,8,34,53,55,69,79,80] [6,35,40,60,78,86,87,120] [7,15,40,60,80,84,115,127] [15,16,52,53,103,106,113,117] [22,24,37,59,73,74,80,125] [20,43,49,81,89,100,104,127] [6,14,25,37,45,54,80,98] [22,35,45,46,80,84,112,114] [39,52,75,80,82,104,105,124] [27,32,34,35,52,71,90,95]
Token   4: [3,28,29,62,77,80,111,126] [4,11,45,76,78,86,113,122] [23,36,72,108,115,119,121,125] [1,11,20,25,76,101,105,119] [0,11,39,40,74,83,97,119] [30,80,97,99,100,103,119,122] [39,46,63,64,66,112,115,116] [9,33,44,82,87,94,100,106] [18,27,44,45,55,67,72,86] [57,59,62,68,80,89,94,102] [18,29,36,50,91,107,113,120] [8,15,22,39,68,69,86,115] [2,30,34,53,79,85,101,102] [24,37,44,49,75,91,95,98] [3,9,23,29,55,62,69,111] [20,31,38,40,78,98,99,120] [29,40,77,84,111,114,115,123] [1,17,53,65,77,84,103,107] [10,13,22,46,51,52,64,116] [9,33,36,48,78,87,94,120] [18,24,27,44,45,60,64,86] [0,52,59,62,68,94,102,105] [18,19,29,36,50,91,113,120] [1,8,68,69,86,115,120,122] [2,30,34,53,73,79,102,118] [24,44,49,75,91,95,98,106] [3,10,29,55,62,69,73,101] [6,16,40,76,82,86,98,120] [29,80,84,111,114,122,123,127] [9,16,53,65,77,82,84,103] [22,46,51,66,68,102,116,118] [9,33,44,78,82,94,100,120] [18,24,27,43,44,45,60,86] [57,59,62,68,80,94,102,111] [18,19,36,50,69,91,113,120] [1,8,68,69,85,86,115,122] [2,30,34,52,53,73,80,102] [24,44,49,75,91,95,106,107] [3,7,29,53,55,57,62,69] [6,16,17,20,31,40,86,120] [29,77,84,111,114,115,123,127] [0,9,53,63,65,77,84,103] [20,23,24,28,55,75,80,126] [2,20,47,89,100,104,121,127] [3,6,13,54,80,98,104,110] [5,22,45,47,83,84,87,114] [10,45,52,55,82,96,104,124] [11,15,27,31,71,74,90,127]
Token   5: [9,31,53,61,69,81,93,101] [19,45,83,91,98,105,122,124] [7,36,50,116,117,121,123,125] [1,10,11,25,26,60,76,119] [0,11,28,39,79,91,97,111] [30,35,80,97,99,111,119,122] [20,39,46,63,64,66,102,116] [9,33,44,72,82,94,100,106] [27,28,39,43,44,67,72,86] [43,45,48,59,68,80,102,111] [14,18,50,83,91,107,113,123] [8,13,47,58,69,86,115,122] [30,34,53,68,69,80,102,120] [13,24,44,55,79,95,106,121] [3,23,28,55,69,111,112,121] [3,40,50,66,78,98,115,120] [14,20,43,84,93,121,123,127] [14,16,45,77,85,90,97,103] [13,22,46,51,66,68,102,116] [9,34,44,72,78,94,95,120] [27,28,35,39,43,44,60,86] [24,43,45,48,59,68,80,102] [14,18,19,50,91,107,113,120] [8,13,58,69,71,86,115,122] [2,30,53,68,69,102,118,120] [24,40,44,55,79,106,107,121] [3,10,28,38,55,57,112,121] [3,4,23,40,58,66,76,120] [20,30,80,84,93,114,121,127] [14,16,45,77,82,90,97,103] [46,63,66,89,102,104,116,124] [9,19,44,72,78,82,94,106] [27,28,35,39,43,60,67,86] [24,48,57,59,68,80,102,111] [14,18,19,50,69,83,107,113] [13,15,58,59,69,86,115,122] [30,34,36,68,69,73,102,120] [55,79,83,91,99,106,107,121] [3,10,28,53,55,57,69,121] [3,4,6,23,40,58,115,120] [20,80,84,93,105,115,121,127] [1,14,45,82,90,97,112,113] [36,65,75,80,93,101,115,119] [4,20,36,38,46,89,100,104] [6,54,69,71,92,98,104,125] [22,27,32,35,45,54,84,114] [14,52,55,63,67,74,101,115] [32,34,47,55,71,86,117,124]
Token   6: [51,57,66,101,103,106,110,118] [9,25,44,48,56,62,115,122] [7,36,41,90,111,121,122,125] [10,20,26,60,64,87,91,106] [7,11,23,28,37,63,111,127] [35,51,84,93,99,105,111,119] [20,39,46,63,66,102,104,111] [19,33,44,72,82,94,100,106] [27,28,43,44,83,86,99,123] [7,17,32,48,66,68,80,102] [13,14,18,21,63,83,91,123] [13,47,58,69,90,109,115,122] [2,30,34,36,46,68,69,120] [40,55,59,66,91,106,107,113] [3,16,53,55,105,111,112,121] [3,34,40,58,66,82,100,120] [12,14,43,80,84,93,119,127] [2,35,45,66,77,82,90,103] [22,46,63,66,102,104,116,124] [9,33,44,72,82,94,100,106] [21,28,43,44,60,86,90,99] [5,48,59,66,68,80,102,111] [14,18,30,33,40,50,69,85] [13,69,90,94,109,115,122,126] [30,34,36,68,69,74,102,120] [40,55,66,79,83,106,107,113] [3,10,16,23,53,105,112,121] [3,34,40,58,76,82,100,120] [30,50,80,84,93,105,119,127] [2,35,45,62,66,77,82,100] [46,63,66,89,102,104,116,124] [19,44,63,78,82,94,100,106] [28,43,45,60,67,72,86,123] [7,32,57,59,68,80,105,111] [13,14,18,69,83,91,94,103] [13,58,69,90,94,109,115,116] [2,30,36,68,69,73,102,120] [55,66,79,91,99,106,107,113] [3,10,16,53,55,101,105,121] [3,4,34,40,58,66,89,100] [12,80,84,93,105,114,119,126] [2,35,45,61,66,77,82,90] [18,23,27,55,80,93,102,115] [20,29,38,46,65,87,100,104] [6,27,48,69,92,98,104,125] [12,22,27,32,35,45,54,114] [14,52,55,63,101,115,117,125] [7,36,47,86,88,120,123,124]
Token   7: [6,28,33,64,75,79,87,124] [16,28,48,71,73,90,93,122] [4,5,6,36,46,60,125,127] [14,20,24,72,73,74,103,110] [5,11,28,37,57,60,73,114] [0,35,63,74,87,93,114,115] [46,64,66,102,103,104,116,124] [19,33,44,82,88,94,100,106] [43,45,60,72,86,94,108,123] [7,17,32,35,57,68,80,102] [13,18,21,30,82,91,94,124] [18,39,46,94,97,100,122,126] [2,14,17,31,34,46,102,127] [10,40,57,62,106,109,112,127] [3,15,16,23,38,53,60,112] [32,40,51,82,89,120,125,126] [13,76,80,84,94,100,108,115] [26,36,54,66,82,92,101,103] [46,63,64,66,102,103,104,116] [9,33,36,44,78,82,94,106] [43,45,60,72,86,90,94,123] [7,35,57,59,66,68,80,102] [18,21,40,62,82,85,91,124] [18,42,69,73,94,97,100,116] [0,2,14,32,34,36,102,127] [57,62,106,109,112,120,123,127] [3,15,16,23,38,55,60,71] [32,40,51,82,100,120,125,126] [13,14,30,76,80,84,93,94] [16,26,36,54,66,82,92,113] [20,46,51,66,102,103,116,118] [9,19,44,78,82,88,94,120] [22,43,45,60,67,86,94,123] [7,32,35,57,59,68,82,102] [18,21,40,69,71,82,91,124] [18,25,73,94,97,99,100,116] [2,14,29,32,102,103,112,127] [45,62,91,106,112,119,120,127] [3,15,16,22,24,26,55,112] [32,40,51,66,100,120,125,126] [13,27,80,84,93,94,115,126] [16,26,54,66,82,92,113,122] [1,8,14,18,34,80,86,106] [20,46,80,89,100,104,121,122] [6,11,14,23,36,38,92,98] [6,22,26,27,35,45,76,114] [3,14,51,52,55,60,75,91] [15,21,26,57,58,82,124,127]
Token   8: [23,28,30,41,51,70,112,122] [14,29,45,66,71,92,98,122] [5,23,36,59,69,76,103,125] [3,5,13,20,60,77,100,101] [1,7,10,11,27,37,60,73] [10,35,48,87,108,119,122,123] [26,34,46,63,66,102,104,116] [9,24,33,44,82,94,100,106] [20,21,35,44,45,72,86,90] [32,41,59,68,80,102,106,111] [13,18,30,33,40,50,91,109] [39,50,55,94,115,116,122,126] [0,2,7,17,36,38,102,103] [10,40,41,57,91,106,109,123] [3,7,16,18,38,53,111,121] [20,32,40,66,77,82,86,120] [6,77,80,84,110,115,117,127] [0,1,26,64,65,77,103,112] [22,46,52,63,64,66,102,116] [34,36,44,78,82,94,100,106] [27,35,43,44,45,60,86,90] [7,35,41,59,68,80,102,111] [13,18,33,40,62,82,91,124] [42,55,69,94,99,115,116,122] [0,2,14,30,34,36,38,102] [40,41,57,62,106,109,112,123] [3,16,18,53,55,60,71,111] [6,20,32,40,58,76,120,126] [6,14,44,77,80,84,93,110] [0,16,36,64,65,77,82,103] [34,46,52,63,66,102,116,118] [9,33,44,78,82,94,100,106] [20,35,43,44,60,67,72,86] [32,35,41,59,68,102,106,111] [18,33,40,69,95,109,113,124] [1,42,55,69,73,97,115,122] [0,2,30,34,38,73,102,103] [41,57,62,91,106,109,112,123] [3,7,18,47,55,60,69,71] [16,17,20,31,40,107,120,126] [6,44,77,80,84,108,110,115] [0,54,63,64,65,77,103,115] [23,24,49,70,80,90,115,126] [18,20,46,47,100,104,121,125] [6,11,23,25,69,80,98,110] [5,22,45,47,76,83,87,114] [1,5,10,52,55,68,71,124] [15,21,31,44,74,82,124,127]
Token   9: [31,53,68,69,70,81,107,118] [29,45,46,75,83,85,98,122] [5,23,36,59,69,117,123,125] [3,5,10,13,20,60,77,100] [1,7,10,11,37,87,91,111] [18,35,74,103,108,111,119,122] [13,26,46,63,89,112,115,116] [9,33,36,44,82,94,100,106] [28,35,44,45,51,72,86,90] [43,48,57,59,68,102,106,111] [13,14,18,33,40,83,91,123] [13,47,50,94,102,115,116,122] [2,32,34,36,46,68,102,120] [10,55,79,91,106,107,121,126] [3,28,38,53,55,84,111,121] [3,37,40,50,82,115,120,126] [20,43,48,80,84,105,121,127] [1,14,45,77,82,97,103,122] [13,22,46,52,55,63,66,116] [33,36,44,72,82,94,100,106] [28,35,44,45,55,60,86,90] [43,48,59,68,76,80,102,111] [13,14,18,40,50,69,91,123] [13,50,69,79,94,102,111,115] [2,30,34,36,69,102,120,124] [10,55,79,102,106,107,112,121] [3,13,28,38,53,55,57,84] [3,4,6,40,50,58,66,120] [14,20,30,80,84,93,105,127] [1,14,16,45,77,82,97,103] [46,63,66,89,102,104,116,124] [19,32,44,78,82,94,100,106] [15,28,35,44,45,67,86,123] [43,48,57,59,68,80,102,111] [13,14,18,30,40,69,94,107] [13,47,69,79,90,102,115,122] [2,30,34,68,69,85,102,120] [10,55,79,93,99,106,107,121] [3,28,53,55,84,111,115,118] [4,34,40,58,66,89,115,120] [20,80,84,93,105,115,121,126] [1,14,45,77,80,82,97,100] [41,43,65,80,92,101,115,119] [4,20,37,41,46,65,100,104] [6,14,54,56,64,71,98,104] [2,12,22,27,32,37,45,114] [14,52,55,63,67,101,104,117] [32,34,58,71,86,99,117,124]
Token  10: [0,14,24,51,57,101,106,127] [24,37,39,48,56,75,116,122] [5,36,90,107,122,123,125,126] [3,5,10,12,20,32,87,109] [7,11,30,34,37,57,63,111] [18,35,51,99,105,111,119,122] [22,46,63,66,89,104,111,116] [9,19,33,44,82,94,100,106] [28,35,45,67,83,86,90,123] [7,32,43,48,68,80,102,111] [13,14,18,30,40,91,103,123] [13,22,47,53,79,102,109,115] [2,26,34,36,46,68,102,120] [10,40,55,66,106,107,112,113] [3,16,53,57,69,84,105,109] [3,6,32,40,75,82,89,120] [1,12,14,43,80,84,114,119] [2,35,66,75,77,82,100,103] [46,63,66,87,102,104,116,124] [9,19,33,44,82,94,100,106] [28,43,44,45,67,86,90,123] [7,17,32,68,76,80,102,111] [13,14,18,30,69,91,94,103] [13,22,53,60,90,99,109,115] [2,4,14,26,34,36,74,127] [55,66,91,104,106,107,112,113] [3,16,38,53,57,69,84,105] [3,6,32,40,50,58,89,120] [1,12,80,84,93,113,119,127] [2,35,66,72,77,82,100,103] [46,63,66,87,89,102,104,116] [19,33,44,56,82,94,100,106] [9,35,43,44,45,67,86,123] [7,17,32,68,80,102,104,111] [7,13,18,30,33,50,94,103] [4,13,53,96,99,100,102,109] [2,4,34,68,69,92,102,120] [20,55,66,91,99,106,107,113] [3,16,53,55,69,84,105,109] [3,4,34,40,50,58,115,120] [1,12,43,80,84,93,115,119] [2,35,61,66,77,82,100,103] [18,23,27,41,80,93,102,115] [6,29,36,46,65,87,100,104] [6,20,27,48,56,69,98,104] [12,20,22,27,32,45,70,114] [14,52,55,63,75,101,115,117] [36,47,71,86,88,120,123,124]
Token  11: [28,36,51,83,87,112,124,125] [9,16,45,48,68,71,76,122] [5,23,36,60,67,76,100,125] [10,12,70,73,92,100,101,114] [5,7,10,11,27,37,57,61] [10,35,63,74,87,93,119,122] [20,46,63,104,111,115,116,118] [2,19,33,44,82,94,100,106] [15,20,35,43,44,83,86,90] [32,35,41,59,66,68,80,102] [10,13,18,30,91,103,109,111] [8,22,39,42,53,94,115,116] [0,2,4,14,26,34,46,127] [2,10,41,57,91,106,109,112] [3,16,18,53,60,69,102,111] [6,17,20,32,40,82,120,126] [1,76,80,84,94,100,108,127] [0,63,64,65,77,82,100,103] [46,52,63,102,103,104,116,124] [2,9,33,44,82,94,100,106] [15,43,44,45,67,86,90,123] [7,35,41,59,68,80,102,111] [13,18,40,91,94,95,103,109] [8,22,42,53,94,111,115,116] [0,2,14,26,34,36,38,102] [2,18,41,57,106,109,112,123] [3,7,18,23,53,55,97,109] [6,17,20,32,40,58,120,122] [14,44,70,80,84,108,110,127] [0,63,65,77,82,93,103,122] [46,63,77,89,102,104,116,118] [2,9,33,44,82,94,100,106] [15,20,43,44,45,55,72,86] [32,35,41,57,68,80,102,111] [10,13,18,30,39,50,95,103] [8,22,39,42,85,97,115,126] [0,2,14,26,34,38,73,102] [18,41,57,91,106,109,112,123] [3,18,55,60,69,97,102,111] [16,17,20,31,40,51,107,120] [29,44,77,80,84,108,110,115] [0,63,64,65,77,80,103,122] [8,20,23,24,49,80,90,126] [46,47,75,80,100,104,121,125] [3,6,11,23,80,98,104,110] [5,22,45,47,76,83,87,114] [1,5,10,45,52,76,123,124] [15,21,31,44,74,82,114,127]
Token  12: [40,43,65,72,73,98,100,122] [18,38,44,70,94,100,122,127] [16,38,40,57,84,88,99,113] [6,31,71,87,89,94,116,124] [7,11,37,52,76,85,106,115] [8,59,61,64,66,97,103,125] [34,46,47,56,63,83,105,116] [9,33,49,59,94,100,109,112] [44,45,65,72,84,86,121,127] [0,9,38,51,80,89,102,110] [18,50,61,78,91,105,107,113] [24,46,49,61,69,115,122,125] [2,15,30,34,65,79,99,102] [6,15,23,28,58,78,91,95] [3,17,20,48,81,90,104,111] [10,16,31,37,40,78,85,101] [8,39,73,76,84,114,115,124] [1,17,19,42,69,99,103,105] [10,14,34,46,56,64,83,105] [9,34,36,49,59,94,100,112] [35,44,60,72,84,86,90,121] [0,9,57,59,68,102,110,125] [13,18,50,56,61,91,105,113] [1,23,24,49,54,61,92,122] [2,15,30,34,79,96,99,102] [6,15,19,28,40,58,106,110] [3,14,17,20,48,55,86,104] [2,6,16,40,70,85,101,122] [8,39,62,73,81,84,115,124] [1,19,21,33,42,103,105,118] [14,24,34,46,56,78,83,105] [18,44,49,75,94,109,112,123] [27,35,44,65,72,84,90,121] [0,9,38,57,68,102,110,125] [18,50,56,61,68,78,105,113] [1,3,23,24,49,54,61,125] [15,21,65,73,79,96,99,102] [15,23,28,58,78,104,106,110] [3,17,20,32,55,81,86,104] [16,40,49,52,59,70,85,101] [39,48,73,81,84,89,115,124] [1,19,21,42,48,55,69,103] [24,31,32,52,64,113,114,115] [31,37,46,71,77,88,104,120] [6,8,25,31,53,73,90,98] [2,22,27,32,82,87,101,114] [5,9,11,34,52,55,97,118] [20,57,73,74,77,86,105,109]
Token  13: [14,21,50,51,57,103,106,110] [3,6,9,28,62,95,109,122] [12,36,41,84,90,111,122,125] [3,4,23,39,71,87,95,115] [11,23,37,50,56,58,83,119] [18,47,51,68,75,103,105,119] [34,46,47,56,58,63,89,116] [33,44,48,82,94,100,106,109] [18,35,36,44,72,86,109,127] [0,9,32,65,80,96,102,122] [18,25,26,29,30,50,113,123] [48,54,63,67,69,96,109,115] [2,15,24,34,56,65,79,115] [23,26,28,66,82,91,98,118] [3,4,16,48,55,81,105,109] [16,17,40,50,72,85,101,103] [12,14,73,81,84,115,119,124] [1,9,18,19,77,82,99,103] [24,34,56,63,83,105,116,126] [3,24,33,49,59,75,100,112] [44,65,66,72,84,116,121,127] [0,9,96,98,102,110,122,125] [50,56,61,73,78,90,98,105] [23,24,26,32,49,54,61,125] [15,21,23,24,79,96,99,107] [23,26,28,58,66,78,80,118] [3,4,16,48,55,90,105,110] [6,16,40,59,70,72,103,120] [12,30,81,84,89,115,119,127] [1,2,4,9,66,82,103,120] [22,34,56,63,89,105,107,126] [9,33,36,44,56,75,82,100] [18,36,38,44,72,90,109,127] [0,32,51,65,80,96,102,111] [16,18,36,50,69,90,98,113] [3,43,59,63,69,85,109,115] [2,24,34,61,73,79,102,114] [23,40,66,82,98,106,113,118] [3,8,16,55,57,69,90,105] [4,6,16,17,40,72,103,120] [12,43,55,80,84,115,119,127] [2,9,35,66,82,90,103,112] [3,18,23,27,80,93,102,115] [5,6,29,36,46,87,100,104] [6,14,20,48,69,81,98,104] [22,27,32,45,58,70,80,114] [52,55,60,75,101,115,117,127] [36,47,66,86,88,120,123,124]
Token  14: [3,23,28,33,36,112,124,126] [16,45,48,68,71,90,93,122] [4,5,36,76,85,100,125,126] [5,66,70,92,101,112,114,119] [11,27,28,50,83,104,114,119] [10,18,31,74,87,99,103,119] [46,63,64,66,104,116,118,124] [31,33,44,78,82,94,100,106] [15,18,21,43,44,60,72,86] [5,32,35,57,59,68,80,102] [18,30,37,50,62,88,91,109] [8,18,22,39,48,53,69,73] [2,17,26,31,34,102,103,114] [40,41,45,49,82,84,91,106] [3,16,26,53,55,60,75,112] [31,40,66,72,78,82,89,120] [59,60,80,84,94,98,110,122] [16,46,54,64,77,82,84,103] [3,46,51,63,66,68,103,116] [9,34,44,78,82,94,106,120] [18,43,60,72,86,90,94,117] [35,57,59,68,69,80,102,111] [18,23,36,50,62,88,91,109] [8,22,42,53,68,73,115,126] [0,2,17,26,31,34,38,102] [18,40,57,82,91,98,106,109] [3,16,22,26,55,60,71,112] [6,16,40,72,76,120,123,126] [23,59,60,80,84,94,110,122] [16,36,46,54,82,103,113,122] [46,51,52,66,68,89,116,118] [9,31,34,44,78,82,100,106] [18,20,43,44,45,60,72,90] [32,35,57,59,68,80,102,111] [18,23,36,50,69,88,109,113] [8,22,39,42,68,69,73,115] [0,2,26,42,73,80,102,114] [18,41,57,76,82,84,91,106] [3,8,16,22,26,47,55,60] [6,16,20,35,40,46,51,120] [23,44,60,84,94,108,110,115] [9,15,36,46,52,54,64,103] [7,8,24,49,52,80,90,125] [12,19,43,49,74,80,121,125] [6,11,23,45,88,94,98,99] [5,17,22,26,46,76,84,112] [29,30,39,52,60,75,81,105] [15,21,35,95,111,114,121,127]
Token  15: [16,38,51,53,97,104,111,120] [20,34,66,86,92,105,107,122] [10,12,14,72,87,107,116,125] [13,23,25,76,87,89,101,114] [0,11,23,25,73,74,83,89] [31,35,47,68,80,97,107,119] [13,26,34,39,46,56,63,116] [33,36,50,60,87,94,100,106] [15,18,36,44,45,64,72,127] [0,32,57,65,80,89,94,102] [14,18,29,36,50,103,108,113] [8,22,39,67,69,86,89,115] [2,26,34,53,65,73,85,115] [21,44,75,76,82,83,91,98] [3,8,11,22,55,69,79,80] [16,17,31,40,50,60,78,95] [7,40,48,60,84,89,115,122] [1,15,18,52,53,94,99,103] [13,34,39,56,64,112,116,126] [9,33,48,59,60,75,87,100] [15,18,36,44,45,64,72,114] [0,32,51,65,80,94,102,111] [14,18,19,29,36,50,69,113] [8,11,20,48,54,63,65,104] [2,9,21,23,34,53,73,79] [44,75,82,83,91,98,110,118] [3,8,23,34,55,69,80,110] [2,6,16,40,60,61,95,120] [7,40,60,84,89,114,122,127] [9,13,15,16,52,53,90,103] [13,22,34,46,58,64,89,116] [9,31,33,36,56,87,94,100] [17,18,44,45,64,72,86,90] [0,24,59,80,94,96,102,111] [18,30,36,50,69,85,91,113] [8,20,39,43,69,85,86,115] [2,9,26,34,42,53,73,102] [10,40,44,75,76,82,91,106] [3,8,29,53,55,69,79,80] [6,16,17,40,60,61,78,120] [7,14,15,40,60,80,84,115] [9,15,52,53,103,106,113,117] [23,24,37,59,68,73,80,125] [20,43,44,49,81,89,104,127] [6,25,37,45,54,80,98,127] [22,35,46,80,84,104,112,114] [39,44,52,75,80,82,105,124] [27,32,34,35,52,71,90,95]
Token  16: [0,2,51,63,73,97,111,118] [32,53,76,86,107,116,122,126] [8,14,42,54,70,72,100,121] [1,25,38,71,76,87,105,119] [0,22,23,25,59,73,74,83] [22,34,47,80,82,97,114,122] [13,26,34,47,56,63,112,116] [33,48,60,82,87,94,95,100] [18,35,36,44,55,64,72,127] [0,45,65,80,89,94,98,102] [18,29,30,36,50,69,108,113] [8,22,65,69,86,93,115,120] [26,30,34,53,73,79,107,118] [21,44,75,82,83,91,98,102] [3,8,10,11,34,55,79,80] [6,16,23,31,38,40,60,95] [7,15,40,48,60,84,115,122] [1,15,18,52,53,55,99,103] [8,9,13,34,56,58,112,122] [3,24,59,60,75,87,95,100] [5,18,35,36,57,64,72,114] [0,2,51,65,94,96,98,122] [3,19,31,36,68,75,90,113] [11,20,30,48,54,65,86,120] [9,21,23,28,53,79,107,118] [44,78,83,91,98,102,110,118] [8,55,73,79,81,103,107,110] [2,5,6,16,23,59,87,120] [7,40,48,89,91,111,115,122] [15,18,53,68,90,103,120,124] [13,26,34,42,46,58,107,112] [9,33,51,56,75,95,100,123] [5,18,36,64,72,90,114,127] [0,24,49,65,94,96,98,102] [6,18,36,50,68,69,98,113] [3,8,20,54,59,65,69,86] [21,23,39,53,73,79,85,118] [21,44,75,76,83,91,98,102] [3,8,11,53,55,79,80,110] [6,17,40,60,61,86,87,120] [7,15,40,60,80,84,91,115] [15,52,53,80,103,106,113,117] [23,24,37,59,68,73,80,125] [20,43,44,49,81,100,104,127] [6,37,38,45,54,80,83,98] [22,35,46,80,84,104,112,114] [39,44,52,75,80,82,105,124] [27,32,34,35,52,71,90,95]
Token  17: [3,28,29,62,77,80,111,126] [4,11,45,76,78,86,113,122] [23,36,72,108,115,119,121,125] [1,11,20,25,76,101,105,119] [0,11,28,39,74,83,97,119] [30,80,97,99,100,103,119,122] [39,46,63,64,66,112,115,116] [9,33,44,82,87,94,100,106] [18,27,44,45,55,67,72,86] [57,59,62,68,80,89,94,102] [14,18,29,36,50,91,113,120] [8,15,22,39,68,69,86,115] [2,30,34,53,79,85,100,102] [24,37,44,49,75,91,95,118] [3,9,11,23,29,55,62,69] [2,8,31,38,78,82,98,120] [29,40,84,111,115,122,123,127] [1,17,53,65,84,90,103,113] [10,13,22,46,51,63,64,116] [9,26,33,36,48,87,94,120] [18,24,27,44,45,64,72,90] [0,52,59,68,94,96,102,105] [18,19,29,36,50,91,113,120] [15,28,54,68,69,86,115,120] [2,23,28,53,79,102,107,118] [24,44,49,83,91,95,110,118] [3,10,29,55,62,69,74,110] [2,6,16,26,40,82,98,120] [29,77,84,91,111,114,122,123] [9,16,53,65,82,84,90,103] [22,46,51,58,68,89,112,116] [9,33,36,44,78,94,100,120] [5,18,24,27,44,45,60,86] [0,57,59,68,94,96,102,105] [18,19,36,50,69,91,113,120] [3,8,28,30,68,69,86,115] [21,28,34,39,53,71,73,102] [24,33,44,49,83,91,95,106] [3,11,29,53,55,62,69,109] [2,6,16,17,20,40,86,120] [23,29,77,84,91,111,115,127] [0,53,63,65,77,84,90,103] [20,23,24,28,68,75,80,126] [2,11,20,47,100,104,121,127] [6,13,54,80,94,98,104,110] [5,22,45,47,63,83,87,114] [10,45,52,55,82,96,104,124] [11,31,44,54,71,74,90,127]
Token  18: [31,51,53,61,69,81,93,101] [19,45,83,91,98,105,122,124] [7,36,72,116,117,121,123,125] [1,10,20,25,26,60,76,119] [0,11,39,79,83,91,97,111] [30,80,97,99,100,111,119,122] [39,44,46,63,66,102,112,116] [9,33,36,44,72,82,94,100] [18,27,28,39,44,72,86,90] [43,45,48,59,68,102,105,111] [14,18,36,83,91,107,113,123] [8,13,47,54,58,69,86,115] [30,34,53,68,69,73,102,120] [13,44,55,79,83,91,95,121] [3,10,11,23,28,55,112,121] [3,23,40,66,78,98,115,120] [14,20,43,84,121,122,123,127] [14,16,45,84,90,97,103,113] [13,22,44,46,51,66,68,116] [9,34,44,72,78,94,95,120] [18,27,28,35,43,44,60,86] [24,43,48,59,68,80,98,102] [6,14,18,19,36,50,91,113] [3,13,15,28,58,86,96,122] [21,23,39,69,79,102,107,120] [33,44,55,78,83,91,118,121] [3,4,10,11,28,55,63,121] [2,3,6,16,23,38,40,120] [20,30,50,84,91,93,115,121] [14,16,45,78,80,82,90,97] [9,13,44,46,66,112,116,126] [9,24,44,59,72,75,78,94] [18,27,28,35,72,86,90,114] [0,48,59,68,80,98,102,111] [6,14,36,50,68,69,90,91] [3,13,15,28,54,58,69,86] [21,23,39,69,71,73,85,120] [13,33,78,79,83,91,107,121] [3,10,11,28,55,57,63,121] [2,6,16,17,23,40,58,120] [20,80,84,91,105,115,121,127] [9,14,45,77,82,90,97,113] [23,65,68,75,80,101,115,119] [4,20,36,38,46,89,100,104] [6,14,54,69,71,98,104,108] [22,27,35,45,54,84,104,114] [14,52,55,63,67,74,75,119] [32,34,55,71,74,86,117,124]
Token  19: [51,57,66,101,103,106,110,118] [25,44,48,56,62,91,115,122] [7,36,41,90,111,115,122,125] [3,10,20,26,60,87,95,106] [11,28,37,63,83,111,114,127] [35,51,93,97,99,105,111,119] [20,46,63,66,89,96,111,115] [9,33,44,72,82,94,100,106] [27,28,35,44,45,86,99,123] [7,17,32,48,66,68,80,102] [13,14,18,36,83,85,91,123] [13,47,53,58,69,90,109,115] [2,30,34,36,68,69,102,120] [40,55,66,83,91,106,107,113] [3,10,16,53,55,105,112,121] [3,23,34,40,66,82,100,120] [12,14,43,80,84,93,119,127] [1,2,35,45,62,66,82,90] [22,46,63,66,89,102,104,116] [9,33,44,72,82,94,100,106] [28,35,44,45,60,86,90,99] [32,48,59,66,68,80,102,105] [13,14,18,19,36,40,50,85] [1,13,69,90,92,94,109,122] [23,34,36,43,69,79,102,107] [30,55,66,83,106,107,113,118] [3,10,16,23,53,105,112,121] [3,6,23,40,58,82,100,120] [12,14,30,80,84,93,119,127] [2,16,35,62,66,82,90,100] [44,46,66,89,102,104,116,124] [9,19,44,82,88,94,100,106] [43,45,60,61,67,72,86,123] [32,57,59,66,68,76,80,98] [14,18,36,69,73,83,91,94] [13,28,58,69,79,90,94,109] [2,34,39,69,73,85,102,107] [13,33,66,83,91,93,106,125] [3,10,16,38,55,66,105,121] [2,3,6,34,40,66,89,100] [12,80,84,91,93,105,115,119] [2,35,45,66,82,90,113,124] [18,27,68,80,92,93,102,115] [20,29,38,46,65,89,100,104] [6,14,48,69,98,104,108,125] [22,27,30,35,45,54,70,114] [14,52,55,63,115,117,119,125] [7,36,47,86,88,120,123,124]
Token  20: [6,28,33,64,75,79,87,124] [16,28,48,71,73,90,93,122] [4,5,6,36,46,60,64,127] [14,20,24,60,73,74,103,110] [5,11,28,37,57,60,73,114] [0,35,40,74,87,93,114,115] [46,47,64,102,103,111,116,124] [19,24,33,44,82,94,100,106] [43,45,60,72,86,94,108,123] [7,17,32,35,57,68,80,102] [13,18,21,33,82,91,94,124] [39,46,73,92,94,100,122,126] [2,14,26,34,36,46,102,127] [40,57,83,91,106,109,112,127] [3,11,15,16,38,55,60,111] [32,40,51,89,100,120,125,126] [1,13,76,80,84,100,108,115] [26,36,54,66,82,90,92,101] [14,46,66,102,103,104,116,124] [33,36,44,78,82,88,94,100] [18,45,55,60,67,86,94,123] [7,17,35,57,66,68,80,102] [18,21,36,40,50,82,85,91] [18,20,28,30,42,94,100,116] [2,14,32,34,36,39,102,127] [18,57,63,91,106,112,120,127] [3,15,16,22,55,71,73,94] [2,32,40,51,100,120,125,126] [13,84,91,93,94,98,100,115] [16,26,36,66,82,92,100,122] [34,46,66,102,103,112,116,118] [9,19,24,44,78,82,88,94] [18,22,45,60,67,86,94,123] [0,7,32,40,47,59,68,102] [21,23,33,36,40,71,82,91] [18,21,25,28,69,73,100,116] [14,24,29,32,39,73,85,102] [62,89,91,106,112,119,120,127] [3,11,15,16,22,24,26,55] [2,32,40,51,58,66,125,126] [13,27,84,91,93,94,100,115] [26,49,54,82,92,118,122,124] [8,18,30,57,70,80,86,106] [18,20,46,80,89,99,121,122] [6,11,23,38,70,92,98,104] [22,26,30,35,45,76,104,114] [14,19,51,52,55,60,75,91] [15,21,26,42,82,114,121,124]
Token  21: [23,28,30,41,51,70,112,122] [14,29,45,66,71,92,98,122] [5,23,36,49,59,69,76,125] [3,5,20,60,70,77,100,101] [10,11,27,34,37,43,83,119] [10,35,48,87,108,119,122,123] [26,46,63,104,112,116,118,124] [9,24,33,44,82,94,100,106] [15,18,35,45,67,72,83,86] [32,41,57,59,68,80,102,106] [13,18,33,36,40,50,91,109] [39,50,55,69,94,115,116,122] [0,2,7,26,34,36,102,103] [10,41,55,57,91,106,109,110] [3,11,16,38,55,94,111,121] [2,20,38,40,50,100,107,120] [6,44,48,77,80,84,110,115] [1,64,65,82,90,99,103,122] [13,34,46,52,64,112,116,122] [24,33,36,44,59,94,100,123] [18,27,35,45,55,72,86,90] [0,17,35,41,66,68,102,111] [19,31,33,36,40,68,69,127] [3,9,20,28,56,58,94,103] [7,9,21,35,38,52,69,89] [26,33,41,63,78,91,109,110] [4,14,16,55,63,71,73,110] [2,8,16,20,50,59,87,126] [29,44,48,62,77,91,110,115] [0,63,64,65,80,81,99,122] [13,24,34,52,58,112,118,122] [18,24,59,60,75,94,109,123] [5,18,20,27,53,57,72,114] [0,32,41,47,49,96,102,106] [26,36,50,68,69,109,113,127] [3,8,9,37,42,52,54,55] [0,21,34,39,52,65,73,85] [33,41,52,57,78,89,91,125] [3,11,16,30,47,55,86,110] [2,16,17,48,59,61,107,126] [6,14,28,77,91,100,110,115] [34,49,54,64,82,103,115,124] [24,30,66,68,70,71,77,114] [18,24,30,47,56,74,99,100] [6,11,19,42,94,104,108,114] [5,26,40,76,86,87,110,114] [1,33,53,76,96,113,120,125] [14,31,44,51,82,94,110,127]
Token  22: [31,53,68,69,70,81,107,118] [45,46,75,83,85,91,98,122] [5,23,36,59,69,117,123,125] [3,5,10,13,20,60,77,114] [1,7,10,11,37,83,91,111] [4,18,35,55,108,111,119,122] [13,14,26,46,63,66,112,116] [33,36,44,72,82,94,100,106] [18,28,35,45,51,72,86,113] [17,43,48,57,59,68,102,111] [13,14,18,29,36,83,91,123] [13,47,50,69,102,115,116,122] [2,30,36,68,73,85,102,120] [33,55,79,83,91,106,107,121] [3,11,28,55,63,64,84,111] [3,16,31,40,66,100,115,120] [20,48,80,84,105,115,121,127] [1,14,16,45,82,90,97,122] [13,34,46,52,55,63,66,116] [9,33,44,72,82,94,100,106] [18,28,35,43,45,60,72,86] [43,48,59,68,69,80,102,111] [13,14,18,19,36,40,69,91] [13,50,59,69,79,94,102,111] [21,36,39,52,69,73,85,120] [33,47,78,83,91,106,110,121] [3,4,38,55,63,81,84,110] [2,16,38,40,50,59,115,120] [20,30,48,76,91,103,115,127] [14,45,68,82,90,93,99,124] [3,13,44,52,63,89,107,112] [9,24,33,36,45,56,59,82] [5,18,28,45,53,57,72,113] [0,43,48,49,69,80,106,111] [14,26,36,50,69,75,91,123] [13,21,28,31,58,60,96,102] [21,27,49,62,69,73,85,120] [33,55,68,79,91,97,121,122] [3,11,28,30,53,55,84,118] [17,34,39,40,50,58,89,115] [20,75,80,84,91,105,115,121] [1,14,45,77,82,97,103,124] [30,41,65,68,80,101,115,119] [5,11,46,69,75,98,100,104] [6,54,56,70,71,98,104,113] [2,27,31,32,45,54,114,127] [21,52,55,63,67,104,110,113] [28,34,55,61,71,83,99,117]
Token  23: [0,14,24,51,57,101,106,127] [24,37,39,48,56,75,116,122] [36,81,90,107,122,123,125,126] [3,5,10,12,20,32,87,109] [7,11,37,57,63,83,111,119] [18,35,51,74,103,105,119,122] [44,46,56,63,89,104,111,116] [9,24,33,44,82,94,100,106] [18,28,35,38,45,67,86,123] [0,17,32,68,76,80,102,111] [13,18,30,50,69,91,98,103] [13,21,53,60,96,99,102,109] [2,30,34,65,73,85,115,120] [40,55,66,91,103,106,112,113] [3,16,23,53,57,84,105,111] [3,6,16,17,23,40,49,120] [12,14,50,80,84,115,119,127] [1,2,9,35,66,90,103,112] [10,22,46,52,63,64,89,116] [33,36,44,51,82,89,94,100] [44,72,80,86,90,95,103,122] [10,24,68,76,80,102,103,127] [13,18,36,52,62,69,98,119] [21,22,29,67,94,105,109,115] [12,34,58,61,74,87,102,124] [40,66,99,101,104,112,115,125] [3,7,23,34,37,57,95,111] [1,6,16,35,40,69,94,95] [1,14,50,80,84,115,119,127] [9,17,72,75,82,93,102,103] [10,42,52,56,63,83,116,124] [5,33,34,43,44,82,94,100] [9,15,44,45,55,86,90,122] [24,57,68,76,80,89,102,127] [7,13,18,33,37,39,52,119] [4,19,29,109,111,114,115,126] [14,34,61,63,74,92,102,108] [20,27,29,40,76,104,106,112] [3,7,16,23,53,57,105,125] [11,32,40,72,75,84,103,120] [1,30,42,48,80,107,119,127] [34,59,72,77,82,88,93,103] [8,17,30,56,80,111,114,115] [11,29,46,56,68,72,74,80] [5,6,11,39,69,108,112,126] [16,29,41,45,54,110,114,117] [16,21,26,51,55,63,93,125] [3,36,39,46,51,58,83,110]
Token  24: [28,36,51,83,87,112,124,125] [9,16,28,48,68,71,76,122] [23,36,56,60,67,76,100,125] [10,12,70,73,92,100,101,114] [7,10,11,26,37,57,61,119] [10,35,63,74,87,97,107,122] [46,63,66,104,112,115,116,118] [2,19,33,44,82,94,100,106] [15,18,35,44,83,86,90,114] [0,17,32,41,66,68,80,102] [13,18,36,69,91,103,109,111] [8,22,36,53,90,93,94,102] [0,2,21,26,27,65,73,85] [2,29,33,58,78,91,106,110] [3,16,38,55,63,81,102,111] [2,16,31,32,38,40,107,120] [65,76,84,103,105,108,110,115] [1,18,55,72,80,82,90,99] [13,24,34,56,107,112,116,122] [2,18,24,59,75,100,112,123] [5,9,18,45,53,57,72,114] [0,2,32,41,49,55,111,122] [3,16,26,31,36,47,68,69] [3,11,28,30,93,94,103,107] [9,21,35,52,55,56,89,94] [33,47,60,63,78,81,95,110] [4,14,55,63,81,107,110,125] [2,16,38,41,59,107,120,127] [44,48,62,65,89,91,108,115] [18,63,65,81,108,118,120,122] [24,26,34,44,58,63,112,122] [9,18,24,51,59,75,109,123] [15,18,45,53,72,90,101,114] [0,2,32,41,47,49,69,96] [26,31,36,68,69,98,112,113] [3,7,8,15,54,93,94,103] [4,21,26,35,52,73,85,94] [26,33,41,78,91,95,110,119] [3,4,16,18,55,81,102,110] [2,16,31,40,50,51,59,107] [29,54,70,77,94,110,115,122] [58,63,64,65,77,82,85,122] [20,24,30,49,68,69,90,115] [47,56,75,80,100,104,121,125] [6,11,47,69,80,94,98,110] [5,26,45,47,76,82,83,87] [1,5,10,45,71,76,96,123] [14,15,31,44,74,82,92,127]
Token  25: [40,43,65,72,73,98,100,122] [18,38,44,70,94,100,122,127] [16,38,40,57,84,88,99,113] [6,31,68,71,84,87,116,124] [7,11,52,73,76,85,106,115] [22,37,59,61,64,66,97,125] [34,56,63,83,105,107,112,116] [18,24,49,59,88,94,109,112] [9,18,57,65,72,84,114,127] [0,2,9,49,55,110,122,125] [3,26,36,53,61,68,69,78] [7,24,54,59,61,93,103,125] [9,15,21,35,56,65,78,99] [6,15,26,28,33,58,78,91] [17,20,55,76,81,100,107,110] [2,8,10,16,52,85,101,120] [8,39,65,76,89,97,103,115] [18,19,33,42,55,58,99,105] [8,34,35,47,70,107,112,126] [8,24,45,49,59,62,112,123] [16,18,41,53,57,72,84,121] [0,9,49,50,96,110,122,125] [16,31,36,47,57,61,68,90] [3,19,24,54,61,93,103,107] [9,15,21,35,64,89,94,99] [15,28,38,58,60,78,81,110] [4,14,20,32,55,81,107,110] [2,16,28,52,70,101,120,127] [48,62,65,81,89,91,103,115] [11,18,21,33,42,55,105,118] [24,26,34,44,52,58,112,126] [9,18,24,59,75,109,112,123] [18,45,65,72,84,101,111,121] [0,2,49,50,96,110,122,125] [26,31,36,56,61,68,78,98] [3,32,48,54,56,93,103,125] [4,15,21,35,52,73,96,99] [15,26,47,58,78,91,103,110] [3,4,17,32,55,81,100,104] [2,16,49,52,59,70,101,127] [39,48,54,65,73,81,89,115] [1,18,21,42,48,55,69,105] [24,31,32,52,64,109,113,115] [27,31,37,46,77,78,88,104] [6,8,47,53,73,90,94,98] [22,27,32,82,87,94,101,114] [5,11,34,38,52,55,71,97] [20,57,73,74,77,86,105,109]
Token  26: [14,21,50,51,57,103,106,110] [3,6,9,28,62,95,109,122] [12,41,84,90,111,115,122,125] [3,4,39,71,87,95,115,117] [11,28,37,50,56,58,83,119] [18,47,51,68,73,103,105,119] [26,34,46,56,63,112,116,126] [24,33,44,82,94,100,106,109] [18,36,38,44,72,109,114,127] [0,2,32,65,80,96,102,122] [26,29,36,50,68,69,78,90] [3,54,59,63,67,69,103,109] [2,21,24,52,56,65,73,79] [23,26,33,66,78,91,110,122] [3,4,10,16,55,81,105,110] [2,16,17,49,59,70,72,103] [65,81,89,91,103,115,119,124] [1,18,55,78,82,90,99,105] [8,24,34,63,71,112,122,126] [18,24,59,62,75,106,109,112] [9,16,18,41,57,65,66,72] [0,2,49,65,96,98,122,125] [3,16,26,31,36,47,68,90] [26,30,32,54,56,103,107,109] [21,23,24,35,64,65,79,89] [26,33,61,66,78,81,91,118] [4,16,63,89,92,105,107,110] [2,8,16,59,70,72,103,120] [12,48,65,83,89,91,115,119] [1,18,66,78,82,83,99,123] [26,34,52,58,63,75,89,126] [9,24,56,59,62,75,106,109] [15,18,36,72,90,101,109,111] [0,32,49,65,80,96,98,122] [26,36,50,68,69,90,98,113] [3,48,54,59,63,96,103,109] [2,21,23,24,52,65,73,79] [23,33,66,78,82,91,98,118] [3,8,16,38,55,73,90,105] [6,16,17,40,72,94,103,120] [12,55,80,84,89,91,115,119] [2,9,35,66,78,82,90,103] [18,27,68,80,92,93,102,115] [6,20,29,36,46,87,100,104] [6,14,20,48,69,98,104,121] [22,27,32,35,45,58,70,114] [52,55,60,75,101,115,117,127] [36,47,66,86,88,120,123,124]
Token  27: [3,23,28,33,36,56,112,124] [16,45,48,68,71,90,93,122] [4,5,36,76,85,100,125,126] [5,66,70,92,101,112,114,119] [11,27,28,50,83,104,114,119] [10,18,31,74,87,99,103,119] [46,63,64,66,104,116,118,124] [31,33,44,78,82,94,100,106] [15,18,21,43,44,60,72,86] [0,5,32,35,59,68,80,102] [18,25,37,50,69,88,91,109] [8,14,18,22,39,48,69,73] [2,17,26,31,34,73,85,102] [18,41,49,76,82,84,91,106] [3,11,16,26,53,55,60,75] [2,16,31,40,72,78,82,120] [42,60,76,80,84,110,115,122] [16,46,54,64,75,77,82,103] [3,46,51,63,66,68,112,116] [9,24,44,59,78,82,94,120] [18,20,43,44,45,72,86,90] [0,32,59,68,69,96,102,111] [18,23,29,36,50,69,91,109] [3,8,11,14,20,22,36,52] [2,21,26,34,73,75,78,85] [26,33,49,73,78,84,91,110] [3,4,16,26,55,63,73,110] [2,16,46,49,72,120,126,127] [48,60,84,91,94,110,115,122] [4,18,46,54,81,82,99,122] [44,52,58,63,112,116,122,126] [24,33,48,56,59,75,106,123] [15,18,36,53,57,72,90,114] [0,2,32,47,49,65,82,96] [6,26,36,50,68,69,75,109] [3,22,25,30,33,59,64,103] [2,21,26,35,39,52,73,89] [13,33,41,76,78,82,84,91] [3,4,11,16,22,26,55,60] [2,16,40,46,60,72,120,126] [23,55,60,80,84,91,110,115] [15,36,46,52,54,64,80,103] [8,24,49,52,68,80,90,125] [12,19,49,74,75,80,121,125] [6,11,23,45,88,94,98,99] [17,22,26,46,76,84,87,112] [29,30,39,52,60,75,81,105] [15,21,35,95,111,114,121,127]
Token  28: [16,38,51,53,97,104,111,120] [20,34,66,86,105,107,109,122] [10,12,14,72,87,107,116,125] [13,23,25,76,87,89,101,114] [0,11,23,25,73,74,83,89] [31,47,68,73,80,97,107,119] [13,26,34,39,56,63,115,116] [24,33,36,60,87,94,100,106] [18,36,44,45,64,72,114,127] [0,2,32,65,80,94,102,125] [14,29,36,50,68,69,78,113] [3,28,30,48,63,69,89,93] [21,26,53,56,65,73,78,85] [33,44,75,78,82,83,91,110] [3,11,55,63,79,80,81,110] [2,16,17,31,40,49,59,60] [7,40,48,60,65,89,115,122] [1,15,18,52,53,55,99,122] [8,13,26,56,63,112,122,126] [18,24,45,56,59,87,109,112] [5,9,18,45,53,57,72,114] [0,2,32,49,50,94,96,122] [3,19,31,36,47,68,75,90] [3,30,32,54,63,65,103,107] [9,21,23,24,28,35,85,89] [0,33,60,73,78,91,110,118] [4,14,22,24,63,80,107,110] [2,8,11,16,26,63,106,120] [40,48,60,65,89,91,103,122] [13,18,52,53,75,99,123,124] [26,34,44,52,58,63,112,126] [9,24,33,56,60,75,87,106] [15,18,35,45,64,72,101,111] [0,2,49,57,69,94,96,111] [3,26,30,36,45,68,75,80] [3,21,33,54,64,65,96,103] [21,34,35,42,52,53,73,85] [10,13,33,44,75,82,89,91] [3,24,29,55,79,80,107,110] [2,16,17,40,48,60,95,120] [7,40,60,80,84,89,91,115] [15,52,53,80,90,103,117,124] [23,24,37,59,68,73,80,125] [20,43,44,49,81,89,96,120] [6,37,45,54,80,83,98,127] [22,35,46,63,80,84,104,112] [39,44,75,80,82,84,105,124] [27,32,34,35,52,90,95,108]
Token  29: [0,2,51,63,73,97,111,118] [32,53,76,86,107,116,122,126] [8,14,20,42,54,72,100,103] [1,25,38,71,76,87,101,105] [0,19,22,23,25,73,74,83] [22,34,80,82,89,97,114,122] [26,27,34,56,58,63,112,116] [24,33,60,82,87,94,95,100] [18,36,44,55,64,72,114,127] [0,2,69,80,94,98,102,115] [26,36,50,68,69,78,108,113] [3,48,54,65,69,86,93,103] [21,23,53,73,79,85,92,118] [44,78,82,83,91,102,110,118] [3,10,11,55,63,79,80,125] [2,8,16,23,31,59,60,95] [7,40,42,48,65,97,115,122] [1,15,18,53,55,58,70,99] [34,52,58,63,107,112,122,126] [24,26,45,56,59,87,95,123] [5,18,35,36,53,64,72,114] [0,2,33,49,50,65,81,94] [2,3,31,33,36,47,68,75] [4,30,33,54,65,103,107,124] [9,21,35,78,85,89,92,118] [60,71,73,77,78,81,91,102] [4,55,63,64,73,80,107,110] [2,8,16,37,38,41,87,120] [7,40,48,65,89,91,115,122] [18,52,53,58,68,99,122,124] [9,34,36,42,52,58,112,126] [33,45,51,56,60,95,100,103] [5,15,18,36,64,90,101,114] [0,13,49,56,69,81,94,96] [3,26,31,33,36,75,80,112] [8,21,33,37,54,65,86,103] [35,52,53,73,75,85,92,118] [10,44,71,73,89,91,102,125] [3,30,55,72,79,80,107,110] [2,8,16,40,48,55,87,120] [7,40,60,80,89,91,115,122] [15,52,53,80,85,89,103,124] [24,30,37,59,68,73,76,125] [43,44,49,75,81,100,104,120] [6,27,37,45,80,83,98,127] [22,24,35,46,54,104,112,114] [39,44,52,82,84,104,105,124] [27,35,48,52,71,90,95,108]
Token  30: [3,28,29,62,77,80,111,126] [4,11,45,76,78,86,113,122] [36,72,108,114,115,119,121,125] [1,11,20,25,76,101,105,119] [0,11,28,39,74,83,97,119] [30,80,97,99,100,103,119,122] [39,46,51,63,66,112,116,118] [9,33,36,44,82,87,94,106] [18,27,44,45,55,67,72,86] [0,2,57,62,68,80,94,102] [1,18,29,36,50,69,113,120] [3,15,21,68,69,86,115,120] [23,30,53,65,73,79,85,102] [18,24,44,75,91,95,110,118] [3,9,10,11,29,55,62,69] [2,8,16,31,59,78,98,120] [29,48,80,84,111,115,122,123] [1,9,17,53,84,90,103,113] [10,22,46,51,52,63,64,116] [9,33,36,44,82,87,94,120] [18,27,44,45,60,86,90,122] [57,59,68,80,94,96,102,111] [18,19,36,50,85,91,113,120] [15,43,46,68,69,86,92,115] [2,28,34,53,79,85,102,118] [24,44,49,73,78,91,106,118] [3,9,14,29,62,69,74,107] [2,6,16,40,78,98,117,120] [29,80,84,91,111,114,122,123] [16,53,84,90,93,103,122,124] [9,46,51,52,64,66,68,116] [9,31,33,44,78,94,100,120] [5,18,27,44,45,60,86,90] [59,63,66,68,80,94,96,102] [5,18,30,36,75,91,113,120] [15,21,31,33,68,86,96,120] [2,28,34,75,77,78,85,102] [24,40,44,49,89,91,106,125] [3,29,55,62,69,72,109,110] [2,16,17,40,46,48,84,120] [14,23,89,91,97,111,115,122] [51,53,77,81,84,89,103,124] [20,24,28,30,57,68,76,80] [2,5,11,18,74,94,96,100] [6,11,39,78,94,104,108,114] [2,26,31,83,86,87,110,114] [35,43,45,76,90,96,97,125] [14,51,54,58,71,82,110,119]
Token  31: [31,51,53,61,69,81,93,101] [19,45,83,91,98,105,122,124] [7,36,72,116,117,121,123,125] [1,10,25,26,60,76,95,119] [0,11,39,83,91,97,111,119] [35,80,97,99,100,111,119,122] [3,39,44,46,63,66,112,116] [9,33,36,44,72,82,94,120] [18,27,28,39,44,72,86,90] [0,43,45,48,51,68,102,105] [6,14,18,36,69,83,107,123] [3,13,15,54,58,69,86,115] [25,30,65,69,73,85,102,120] [13,33,44,55,83,91,95,121] [3,10,11,28,38,55,63,121] [2,3,17,31,38,40,50,98] [14,20,42,48,84,103,115,121] [1,18,45,55,90,97,99,122] [8,24,34,44,58,112,122,126] [9,24,56,59,72,75,95,119] [5,18,28,35,45,57,72,114] [0,2,48,50,96,98,105,122] [14,16,19,31,36,68,75,90] [3,4,13,15,30,54,58,103] [9,21,23,28,35,69,85,89] [0,31,73,78,91,95,118,122] [4,55,63,76,81,107,110,121] [2,8,16,26,38,59,115,120] [65,76,89,91,100,103,121,122] [14,18,45,58,68,82,99,124] [13,26,34,44,52,58,112,126] [24,33,44,56,59,72,88,123] [5,18,28,45,57,72,90,114] [0,13,49,56,63,69,81,96] [3,26,31,36,68,75,80,112] [13,15,21,31,37,54,58,103] [21,28,35,52,69,70,85,92] [33,71,73,78,89,91,110,125] [3,11,55,57,72,109,110,121] [2,13,16,26,40,48,84,120] [20,65,80,89,91,105,115,121] [14,45,77,80,82,85,97,124] [43,57,65,66,68,80,115,119] [11,18,38,46,58,75,96,98] [6,42,52,54,71,98,104,113] [2,40,45,54,104,114,116,127] [21,26,35,43,52,67,74,125] [0,34,46,55,61,83,104,110]
Token  32: [51,57,66,101,103,106,110,118] [25,44,48,56,62,91,115,122] [7,36,41,70,90,111,122,125] [3,10,20,26,60,87,95,106] [11,28,37,63,83,111,114,127] [35,51,93,97,99,105,111,119] [13,46,63,66,96,111,115,116] [33,44,72,82,94,100,106,120] [18,28,40,45,67,86,99,123] [0,7,17,32,48,68,80,102] [13,14,18,36,69,91,94,123] [13,21,48,53,54,69,90,109] [2,30,34,65,68,69,73,120] [33,55,66,83,91,106,107,113] [3,10,11,16,53,55,105,121] [2,3,23,34,40,66,100,120] [12,14,42,48,80,84,119,127] [1,2,35,45,66,90,103,122] [44,46,63,66,68,89,102,116] [9,24,36,44,78,82,94,106] [43,45,60,67,72,86,90,124] [57,59,66,68,69,80,98,102] [25,36,50,62,69,83,90,98] [3,21,39,67,94,96,109,126] [2,34,36,65,79,102,107,124] [25,40,99,104,106,107,112,125] [3,7,16,53,57,75,95,112] [3,6,35,40,58,69,76,120] [50,59,80,84,93,114,119,127] [17,34,72,82,90,103,113,117] [46,63,66,85,89,104,110,116] [9,34,44,82,94,98,106,110] [9,37,43,45,60,67,86,88] [49,57,59,68,80,102,112,113] [7,10,30,33,37,62,101,119] [4,20,21,29,96,109,114,126] [14,17,32,58,92,102,108,124] [20,27,29,40,91,104,106,112] [3,16,29,57,87,105,121,125] [11,32,33,40,75,102,120,125] [1,32,42,48,80,107,113,119] [6,13,34,59,80,88,89,93] [8,17,27,28,56,80,111,114] [16,29,68,69,72,74,80,82] [5,6,52,70,98,104,112,126] [29,41,45,54,104,110,114,117] [14,19,26,52,53,63,93,125] [3,7,36,39,58,64,110,116]
Token  33: [6,28,33,64,75,79,87,124] [16,28,48,71,73,90,93,122] [4,5,6,36,46,60,64,127] [20,24,30,60,73,74,103,110] [5,11,28,37,57,60,73,114] [0,35,40,74,87,93,114,115] [46,47,66,102,103,111,116,124] [19,24,33,44,82,94,100,106] [18,43,45,60,72,86,94,123] [7,17,35,57,68,80,92,102] [13,18,21,33,36,82,91,124] [31,39,48,92,94,100,122,126] [2,14,31,34,67,85,102,127] [18,40,62,83,91,106,109,112] [3,11,15,16,38,55,60,111] [2,31,32,40,51,100,120,125] [13,30,76,80,84,98,100,115] [26,36,62,66,82,90,92,113] [14,46,63,66,102,103,116,118] [33,36,44,82,88,94,100,123] [18,43,45,60,72,86,94,123] [7,17,35,41,57,66,68,102] [18,21,36,40,82,85,91,124] [22,25,28,31,94,99,100,116] [14,34,36,38,43,46,85,102] [57,63,73,91,106,109,112,123] [3,7,14,15,16,71,107,111] [6,15,26,51,100,120,125,126] [84,91,93,98,100,113,115,122] [26,72,82,92,93,103,113,122] [34,36,46,52,85,103,116,118] [34,44,48,82,94,98,100,103] [18,35,43,44,60,86,94,103] [7,32,40,41,47,57,68,102] [18,23,33,36,39,71,82,124] [22,25,28,73,85,92,94,100] [14,24,32,34,73,78,85,92] [20,27,78,89,91,112,120,127] [3,15,16,22,24,26,55,73] [2,16,17,32,51,66,125,126] [13,27,91,93,94,98,100,115] [26,54,82,92,100,118,122,124] [8,30,57,70,80,86,106,110] [7,18,30,41,46,74,80,99] [6,11,23,70,94,98,103,104] [12,26,30,35,45,51,76,114] [14,19,51,52,60,93,104,127] [15,21,26,42,71,82,114,121]
Token  34: [23,28,30,41,51,70,112,122] [14,29,45,66,71,92,98,122] [5,23,36,59,69,76,103,125] [3,5,20,60,70,77,100,101] [10,11,27,34,37,43,83,119] [35,55,87,93,108,119,122,123] [26,46,63,66,104,112,116,118] [9,24,33,44,82,94,100,106] [18,35,45,60,67,72,83,86] [0,32,41,68,76,80,102,111] [1,13,18,33,36,63,69,91] [3,48,54,55,60,75,94,116] [2,7,34,36,65,73,85,102] [33,41,58,63,78,91,110,122] [3,11,16,38,55,63,81,110] [2,16,31,32,38,40,50,120] [6,42,65,76,80,84,110,115] [1,13,18,77,82,99,113,122] [14,46,63,87,112,116,118,122] [9,24,56,59,75,82,100,123] [18,22,35,45,53,57,72,114] [0,2,17,41,50,56,106,111] [2,3,31,33,36,68,75,127] [3,11,30,33,54,94,99,103] [9,21,35,85,89,91,94,108] [0,14,31,63,73,78,91,110] [14,16,47,55,72,73,107,110] [2,11,16,37,68,118,120,126] [6,50,62,65,91,100,103,115] [18,37,68,72,75,89,93,122] [26,34,36,44,52,80,107,126] [33,44,48,51,60,94,100,103] [5,9,15,18,35,45,57,101] [0,23,41,49,56,63,96,104] [2,26,33,36,45,75,82,112] [4,8,33,37,64,99,120,121] [14,19,26,32,41,42,52,85] [10,20,71,89,91,95,112,125] [3,14,47,94,107,110,121,125] [2,8,11,32,44,55,75,120] [6,42,65,91,107,111,115,116] [13,34,81,82,96,100,115,124] [0,14,30,52,57,76,114,121] [11,18,30,33,35,38,74,96] [6,25,30,52,78,94,108,126] [39,40,76,86,87,98,110,114] [42,49,62,76,93,96,120,125] [14,42,61,64,83,84,94,110]
Token  35: [31,51,68,69,70,81,107,118] [45,46,75,83,85,91,98,122] [5,23,36,59,72,117,123,125] [3,5,10,20,23,60,77,114] [1,10,11,34,37,83,91,111] [4,18,35,55,108,111,119,122] [14,26,46,63,66,111,112,116] [19,33,36,44,82,94,100,106] [18,28,45,51,72,86,113,114] [0,17,43,48,68,92,102,111] [6,13,14,21,29,36,68,69] [3,13,48,52,75,93,94,102] [21,25,65,69,73,78,85,120] [0,33,55,78,91,110,121,122] [3,11,28,38,55,63,84,94] [2,16,31,38,40,49,50,115] [20,42,48,80,84,103,115,121] [1,18,55,82,90,99,122,124] [13,24,44,87,107,112,116,122] [24,45,56,59,72,75,112,123] [5,18,28,45,53,57,72,114] [0,2,49,50,55,56,92,106] [3,16,31,36,47,68,75,127] [3,4,13,30,54,99,102,103] [8,21,35,69,85,89,91,108] [0,31,47,60,73,78,81,91] [13,14,63,72,81,84,107,110] [2,12,26,46,63,75,106,120] [65,89,91,100,101,103,121,122] [14,18,27,68,72,93,99,124] [26,34,44,47,52,63,116,126] [9,24,28,36,45,56,59,72] [5,9,18,28,45,53,90,101] [0,43,49,56,63,69,92,96] [7,26,30,36,42,75,80,112] [13,21,31,37,64,102,104,121] [28,41,52,69,78,85,92,106] [20,29,30,31,89,91,124,126] [2,19,55,72,74,81,84,110] [2,26,48,50,84,106,112,120] [50,65,89,91,98,115,121,122] [1,34,45,68,80,82,100,124] [14,30,41,43,50,68,71,119] [11,69,72,96,98,100,101,108] [6,19,52,103,104,108,113,114] [2,3,4,31,40,113,114,127] [35,52,67,74,93,97,103,125] [34,46,55,65,71,79,99,110]
Token  36: [0,14,24,51,57,101,106,127] [24,37,39,44,48,56,75,122] [36,72,90,107,122,123,125,127] [3,5,10,12,20,32,87,109] [11,26,37,57,63,83,111,119] [18,51,64,74,103,105,119,122] [44,46,56,63,87,89,111,116] [9,24,33,44,82,94,100,106] [28,38,45,57,67,72,86,90] [0,17,32,68,76,80,102,111] [18,50,58,69,91,94,98,103] [3,13,21,28,48,60,96,109] [2,8,34,56,65,73,85,127] [0,28,58,66,78,91,103,106] [3,16,17,23,53,55,57,105] [2,6,16,17,31,40,49,120] [12,14,50,80,84,115,119,127] [1,9,17,18,35,77,102,103] [10,46,56,63,64,89,105,116] [9,36,44,49,82,94,100,112] [38,44,65,84,86,108,121,122] [0,9,80,96,102,103,110,125] [18,52,61,62,69,91,98,105] [21,23,24,29,49,61,96,125] [2,12,15,34,61,63,99,102] [15,28,40,58,77,91,104,112] [3,8,16,34,57,75,95,107] [6,16,35,40,69,86,94,95] [50,80,84,93,102,115,119,127] [1,9,17,72,75,82,103,117] [10,46,63,64,85,100,110,116] [9,33,34,36,44,82,94,106] [9,43,44,45,86,90,106,122] [22,24,59,66,76,80,102,103] [7,18,33,37,52,62,85,91] [0,4,21,33,43,78,96,115] [2,14,42,74,80,92,102,108] [20,25,29,36,40,51,104,112] [3,7,57,87,95,102,105,125] [11,17,32,40,72,75,84,120] [1,11,12,42,70,80,107,113] [13,34,59,72,80,82,88,120] [8,17,25,56,66,70,78,111] [11,29,30,56,72,74,80,91] [5,6,11,12,25,42,52,103] [26,29,41,54,58,76,110,114] [16,26,35,43,46,51,53,100] [3,36,39,42,53,110,119,120]
Token  37: [28,36,51,83,87,112,124,125] [9,16,28,48,68,71,76,122] [36,56,60,67,72,76,100,125] [10,12,70,73,95,100,101,114] [6,10,11,26,37,57,61,119] [4,10,35,63,74,87,97,122] [46,63,66,104,112,115,116,118] [2,19,33,44,82,94,100,106] [15,18,45,72,83,86,90,114] [0,2,32,41,66,68,80,125] [16,18,29,36,68,69,103,111] [3,36,48,53,54,93,94,102] [2,21,35,73,85,91,94,108] [18,29,33,58,78,91,110,122] [3,38,55,81,92,102,110,125] [2,16,31,38,40,41,107,120] [42,48,65,76,84,89,108,115] [1,18,55,82,90,99,108,122] [24,87,88,107,112,116,122,126] [2,24,45,56,59,75,100,123] [5,18,35,45,53,57,72,114] [0,2,41,49,50,55,56,111] [3,16,26,31,36,47,68,75] [3,11,54,56,65,93,103,107] [8,21,35,64,75,85,89,94] [0,38,47,60,73,78,81,110] [4,12,14,55,63,81,107,110] [2,16,28,37,41,51,120,127] [27,54,62,65,89,97,103,115] [11,18,65,75,108,118,122,123] [24,26,44,52,58,80,112,126] [7,18,24,33,59,75,88,123] [18,27,45,57,72,81,114,125] [0,2,13,49,50,69,85,90] [26,27,31,36,51,68,75,112] [1,3,53,54,56,93,102,103] [1,21,35,52,85,89,94,108] [33,38,47,60,63,91,95,110] [3,4,14,55,81,102,107,110] [2,17,31,51,59,107,120,122] [48,54,65,70,89,91,115,122] [18,63,65,77,82,85,111,122] [20,24,68,69,77,80,113,126] [46,47,56,75,78,80,84,121] [6,11,16,67,80,94,102,110] [5,45,76,82,83,86,87,95] [1,5,10,37,45,71,76,123] [14,15,31,44,74,82,92,127]
Token  38: [1,51,65,72,73,98,100,102] [18,70,82,94,100,119,122,127] [2,36,38,40,80,84,88,123] [6,69,71,103,115,116,117,124] [11,52,73,76,81,85,106,115] [9,25,37,61,64,66,73,97] [24,27,34,63,71,78,105,116] [9,18,24,49,59,101,109,112] [9,38,41,57,65,72,84,121] [0,9,49,80,96,102,110,125] [16,26,47,56,57,61,105,112] [21,24,30,49,59,61,103,125] [9,15,35,56,65,85,96,99] [0,6,15,19,28,58,77,78] [3,17,20,32,48,81,100,110] [8,10,16,59,70,85,101,120] [8,65,73,81,83,89,115,124] [18,19,21,41,42,55,83,99] [8,24,34,63,78,88,105,107] [18,24,49,59,62,101,109,112] [38,41,46,65,72,84,111,121] [0,9,10,19,49,96,110,125] [26,31,47,56,61,68,98,105] [3,23,24,49,54,61,103,125] [9,15,35,56,64,65,96,99] [0,15,19,28,58,77,78,110] [4,17,20,32,48,81,100,110] [2,16,49,59,70,85,101,120] [39,65,81,83,89,103,105,115] [1,18,21,41,42,55,78,118] [24,26,44,63,71,78,105,126] [18,24,59,75,101,106,109,112] [38,46,65,72,84,101,111,121] [9,10,16,49,69,110,122,125] [26,56,61,68,78,98,105,116] [3,14,23,24,49,54,61,125] [15,21,56,65,73,85,96,99] [0,15,19,26,28,58,78,104] [5,17,32,81,85,86,100,104] [5,41,49,59,70,101,122,127] [39,48,70,81,87,99,105,115] [21,41,42,48,55,69,78,83] [6,31,32,56,64,67,81,109] [31,37,71,77,78,88,96,104] [6,31,47,53,69,73,90,121] [1,22,27,44,85,94,101,107] [11,34,38,52,71,97,98,118] [2,20,73,77,86,101,105,125]
Token  39: [21,50,51,60,75,83,116,126] [6,11,15,23,58,119,122,125] [15,36,40,47,67,117,121,125] [4,37,64,82,84,107,115,124] [11,30,32,52,56,58,81,104] [2,13,25,37,68,82,102,103] [8,27,34,47,53,63,70,71] [18,51,59,72,75,106,109,112] [15,24,29,36,46,99,103,109] [0,9,10,16,19,49,65,87] [14,26,53,56,61,105,116,123] [7,24,28,30,61,63,67,125] [9,15,24,56,65,99,105,116] [15,16,23,26,28,32,77,122] [38,48,57,81,88,94,96,100] [12,16,49,59,70,85,91,120] [65,73,83,87,103,111,115,124] [18,21,55,61,78,82,83,93] [8,24,26,44,63,71,75,105] [18,24,59,62,101,106,109,112] [38,46,65,72,84,101,111,121] [0,9,10,49,87,110,122,125] [26,56,58,61,68,98,105,116] [3,21,23,24,49,61,63,125] [9,15,24,56,65,96,99,105] [0,15,19,26,28,58,103,104] [4,5,19,81,90,94,96,100] [12,49,59,70,87,90,100,120] [6,73,81,83,87,89,103,111] [1,18,45,61,78,82,83,120] [24,26,27,53,63,70,71,75] [6,18,28,59,72,75,106,109] [22,24,29,36,38,46,72,99] [10,38,43,49,65,87,114,122] [14,26,43,69,78,88,98,116] [3,7,21,28,58,63,64,68] [24,56,65,69,73,85,105,114] [0,23,25,26,68,77,82,104] [19,55,62,81,88,92,94,101] [12,13,18,34,49,59,87,120] [6,27,65,73,87,111,115,123] [18,45,61,78,82,93,103,120] [14,20,24,28,50,60,76,114] [2,16,30,45,72,78,94,96] [6,7,26,30,72,82,94,113] [1,26,29,63,76,86,107,110] [4,14,46,64,74,96,102,103] [14,42,54,58,79,90,112,114]
Token  40: [22,31,53,61,69,81,92,93] [23,41,46,58,83,91,116,122] [15,36,44,69,116,117,123,125] [1,4,26,57,64,80,84,101] [11,56,58,73,81,91,111,118] [1,2,25,68,82,102,103,108] [34,41,46,58,63,64,89,116] [33,44,59,72,82,100,106,109] [28,36,46,67,72,86,99,103] [2,10,48,49,65,80,84,96] [14,26,30,43,88,98,112,123] [7,8,13,28,30,58,59,67] [24,56,60,69,75,85,97,116] [16,23,24,25,77,82,98,122] [8,19,28,81,88,94,96,101] [8,10,12,16,59,87,112,120] [1,20,73,83,103,111,115,121] [14,18,45,51,61,78,83,103] [8,26,34,47,53,63,71,75] [18,28,51,59,60,72,106,109] [36,38,46,72,99,103,111,116] [10,49,65,69,80,84,87,96] [14,26,43,81,98,115,116,123] [7,8,21,30,58,63,64,96] [9,24,56,65,85,105,116,119] [0,24,25,42,68,77,82,122] [5,8,19,36,88,89,94,96] [12,16,18,59,84,91,112,120] [20,73,83,89,98,103,115,121] [14,18,45,51,61,78,83,120] [26,44,53,63,70,71,75,98] [6,18,24,28,59,72,106,109] [15,29,38,46,72,99,103,111] [10,43,49,65,69,87,96,114] [8,14,26,29,88,98,115,116] [10,13,21,28,58,64,82,111] [24,28,56,60,69,85,98,105] [0,25,55,68,77,82,104,121] [5,13,19,29,81,84,88,96] [12,59,83,84,100,112,115,120] [20,73,80,83,87,103,115,121] [6,14,45,51,61,97,120,123] [14,36,38,65,67,101,109,119] [4,6,45,78,85,87,96,104] [6,54,71,72,82,94,104,121] [1,22,30,85,104,107,114,127] [41,52,67,70,74,98,102,127] [27,32,34,46,55,79,112,117]
Token  41: [14,51,57,101,103,106,110,118] [9,20,25,37,46,47,48,116] [15,36,69,90,115,122,125,126] [3,26,48,64,80,90,101,106] [7,11,56,58,63,67,73,77] [2,18,51,93,103,105,108,122] [34,39,46,63,64,89,104,116] [31,33,44,45,51,82,100,106] [28,36,38,44,72,86,99,103] [10,32,48,49,65,80,84,96] [13,14,26,30,81,88,98,123] [7,13,28,37,58,64,109,111] [9,47,56,60,69,85,116,119] [25,31,55,66,77,82,113,122] [5,16,29,81,88,94,96,105] [10,12,16,31,49,59,91,120] [1,12,73,83,87,103,115,119] [2,18,35,45,61,66,78,83] [8,53,63,70,71,75,86,104] [18,51,59,60,72,106,109,110] [15,46,72,99,101,103,111,124] [10,32,49,65,69,87,96,114] [3,14,29,32,80,92,112,116] [3,33,58,60,64,82,101,107] [22,24,50,111,113,118,120,123] [0,25,31,66,82,103,104,113] [16,19,88,89,94,96,105,110] [12,16,18,44,59,83,112,120] [12,50,73,83,87,89,103,119] [2,18,35,51,66,78,83,120] [26,27,34,44,53,63,71,75] [9,18,39,56,59,100,106,109] [15,28,29,38,46,72,99,101] [10,32,49,65,69,87,96,114] [13,14,26,29,30,88,103,115] [13,21,28,64,65,96,109,111] [28,47,60,69,85,98,113,120] [25,31,66,68,82,91,104,113] [5,16,19,55,88,96,105,118] [12,34,59,83,98,100,115,120] [12,30,34,43,83,87,115,119] [2,35,61,66,83,103,120,123] [14,18,27,38,76,93,102,109] [6,29,30,45,78,87,104,112] [6,20,30,48,68,72,81,121] [1,22,37,58,70,80,85,107] [8,52,55,80,98,102,115,127] [36,47,66,74,88,112,120,123]
Token  42: [23,28,41,51,77,87,112,125] [16,45,48,61,71,88,90,122] [4,36,47,64,76,100,125,126] [5,14,70,79,84,92,101,112] [13,27,58,81,86,102,104,111] [10,18,54,56,71,76,103,108] [8,34,46,53,63,66,70,71] [6,18,39,51,106,109,110,113] [15,20,29,46,72,101,103,111] [10,32,41,49,84,87,96,114] [30,81,88,103,109,111,116,127] [7,8,37,42,63,64,111,116] [0,7,26,36,56,85,98,116] [25,41,42,57,68,77,84,117] [2,16,26,29,37,88,94,107] [12,16,20,31,59,83,91,106] [77,83,87,106,108,109,110,115] [0,18,63,64,66,78,83,120] [8,26,53,59,63,70,71,75] [9,18,24,28,51,106,109,110] [15,20,29,38,46,72,101,111] [10,32,41,49,87,96,111,114] [13,29,30,81,88,98,103,109] [8,21,42,62,64,70,96,111] [0,26,28,56,85,98,105,116] [0,25,41,57,68,104,117,122] [5,16,26,61,88,94,102,107] [10,12,16,59,83,91,106,120] [50,83,87,89,108,109,110,115] [18,54,63,64,78,83,93,120] [12,26,44,53,63,70,71,75] [6,9,18,24,28,39,106,109] [15,20,29,38,46,72,101,111] [10,32,41,49,65,87,96,114] [26,29,81,88,98,103,109,111] [21,22,28,39,42,64,70,111] [17,26,28,56,85,98,101,105] [25,29,41,57,68,84,91,104] [16,26,47,55,88,89,94,102] [12,18,59,83,90,106,107,120] [34,70,77,83,87,109,110,115] [0,11,36,54,63,64,65,120] [24,32,49,59,70,76,90,109] [30,45,47,78,85,96,121,125] [7,23,30,72,73,94,110,121] [5,22,26,63,76,85,87,107] [10,17,29,45,71,82,102,122] [11,15,21,31,44,82,121,127]
Token  43: [18,26,44,59,65,66,101,114] [2,18,50,58,94,103,109,124] [40,47,49,54,84,88,113,125] [5,6,79,82,84,89,90,113] [17,25,38,47,58,81,106,115] [11,13,56,66,71,102,108,125] [8,26,35,47,53,63,75,105] [18,24,39,49,50,51,106,109] [15,29,46,72,84,101,103,109] [10,26,49,84,87,96,110,114] [26,30,56,61,74,81,86,116] [7,8,28,49,61,64,67,82] [7,26,56,85,99,105,116,126] [6,12,16,25,32,42,77,80] [13,20,27,29,48,88,94,111] [12,18,31,59,83,91,103,120] [1,30,73,83,87,97,108,115] [18,48,69,72,78,83,93,120] [8,26,35,53,59,63,71,75] [18,24,28,50,51,59,106,109] [15,29,38,46,72,101,103,111] [10,19,49,69,84,87,96,114] [26,43,58,74,81,98,103,116] [7,8,21,28,64,70,82,96] [3,7,9,56,65,85,105,126] [0,16,42,68,77,91,104,122] [20,27,66,74,89,94,99,110] [10,12,18,49,59,91,103,120] [18,50,55,73,83,87,89,115] [1,18,19,48,69,78,83,120] [26,27,34,53,63,70,71,75] [18,24,28,39,50,51,106,109] [26,29,38,46,72,103,109,121] [10,19,26,49,69,87,110,114] [26,61,69,74,81,98,105,116] [7,21,24,28,61,64,70,82] [7,28,56,65,85,99,105,113] [0,15,16,28,42,68,77,104] [20,29,36,48,55,86,89,91] [10,18,49,59,70,85,101,120] [8,55,73,87,103,105,115,124] [19,42,48,58,69,72,83,123] [31,32,36,39,64,74,81,109] [30,37,43,45,77,78,88,96] [0,7,30,38,53,72,73,121] [1,22,27,63,85,94,107,127] [17,29,38,81,84,98,102,123] [32,35,73,86,95,109,111,117]
Token  44: [2,13,14,21,50,51,80,120] [3,6,8,45,53,58,88,95] [15,40,47,50,61,122,125,127] [2,16,23,29,82,84,101,112] [11,13,25,47,52,81,104,114] [13,34,68,70,105,107,108,117] [3,8,34,53,63,70,71,75] [18,39,50,51,60,106,109,110] [15,29,36,38,46,72,103,109] [10,26,49,80,84,87,96,114] [7,30,56,74,81,86,115,116] [5,10,21,28,47,67,70,82] [7,12,49,56,85,116,120,124] [16,42,66,68,77,113,122,124] [6,8,27,29,79,94,96,121] [12,18,31,49,59,70,90,91] [51,55,73,83,87,99,115,119] [2,18,55,69,78,83,120,126] [8,25,26,53,63,71,75,86] [18,28,50,51,62,106,109,110] [9,29,38,46,72,103,109,111] [0,10,19,26,49,69,87,122] [26,43,58,74,81,86,98,116] [7,21,28,30,70,82,87,96] [9,50,56,65,85,120,124,126] [0,16,32,42,66,77,91,104] [8,27,66,79,89,96,107,110] [6,49,59,61,70,90,91,120] [50,55,65,83,89,115,119,127] [1,18,46,69,78,82,83,123] [26,34,44,46,63,71,75,86] [18,51,59,60,82,100,106,109] [29,38,46,72,103,109,116,127] [0,10,26,49,69,87,96,114] [26,43,69,74,81,86,98,116] [7,21,28,63,64,70,82,120] [9,28,52,56,65,73,105,113] [16,42,66,68,77,78,91,104] [2,8,55,57,66,79,91,96] [6,37,40,59,61,69,90,120] [45,50,51,55,80,84,115,119] [2,9,18,46,69,85,103,126] [22,23,32,59,80,98,101,125] [6,12,20,27,49,87,104,127] [6,20,30,48,88,98,99,121] [12,17,22,45,70,80,84,107] [30,52,55,80,81,84,98,115] [36,47,66,79,88,111,120,123]
Token  45: [16,18,53,89,104,107,111,118] [3,34,58,69,72,76,88,116] [10,14,42,47,61,125,126,127] [5,20,67,71,84,87,112,117] [2,11,13,23,43,81,114,118] [13,44,80,83,93,103,107,110] [8,34,53,63,70,71,108,111] [18,39,50,51,60,87,106,109] [29,38,46,72,103,109,111,116] [10,49,80,84,87,94,96,114] [7,14,74,81,86,99,116,121] [5,10,28,67,70,82,87,110] [12,28,56,85,98,119,120,124] [16,29,32,42,68,75,77,122] [8,13,27,79,80,82,91,96] [16,21,47,59,70,90,91,112] [7,40,73,83,87,89,105,115] [14,18,20,53,69,78,83,120] [8,26,34,53,63,71,75,86] [18,51,60,62,87,88,106,109] [5,9,29,46,72,103,109,111] [0,10,49,69,80,87,94,96] [43,69,74,86,98,111,116,121] [4,5,28,30,70,82,87,110] [9,50,65,85,98,120,124,126] [0,42,68,75,77,91,104,121] [8,66,79,80,82,96,103,110] [6,16,59,61,84,90,91,120] [7,40,73,80,83,105,115,127] [1,14,18,78,82,83,120,123] [26,27,34,44,63,71,75,127] [18,39,51,60,82,87,106,109] [29,36,38,46,72,103,111,127] [0,10,49,69,80,87,94,96] [3,26,30,69,74,86,98,116] [10,21,28,64,70,82,87,120] [9,28,56,65,73,98,105,113] [0,42,68,75,77,91,104,111] [2,8,29,55,79,89,91,115] [56,59,61,70,84,90,112,120] [7,20,34,40,73,83,105,115] [14,18,53,78,83,85,97,103] [24,32,37,59,73,101,115,125] [4,27,43,49,78,81,96,104] [6,30,37,54,80,98,107,121] [22,27,32,46,80,107,114,127] [52,67,80,82,84,97,105,124] [27,32,34,35,86,90,95,117]
Token  46: [0,51,57,101,103,106,111,127] [3,9,48,54,76,88,109,126] [10,14,47,59,90,122,125,126] [5,39,43,76,79,84,112,117] [11,13,23,34,63,77,104,114] [13,18,44,51,56,105,107,110] [16,27,34,39,53,63,75,86] [18,30,39,50,51,73,106,109] [28,29,38,46,95,103,109,111] [10,32,49,71,80,94,96,114] [30,74,86,103,108,111,116,121] [5,28,47,64,67,82,85,109] [7,9,12,23,25,56,68,120] [16,32,42,63,66,77,111,113] [3,8,16,69,96,105,110,115] [8,16,47,56,59,61,90,91] [12,40,43,83,87,115,119,127] [2,18,20,35,66,83,103,123] [22,30,34,39,52,63,75,86] [33,36,48,51,60,89,100,109] [5,15,38,44,95,101,103,109] [0,10,49,80,96,103,111,127] [13,18,30,43,69,86,94,116] [8,21,28,60,67,82,85,109] [9,12,26,34,42,56,61,104] [16,32,42,66,77,82,104,113] [8,11,16,66,69,105,110,115] [6,16,59,61,90,94,95,103] [12,40,50,84,114,115,119,127] [2,35,66,77,78,83,103,123] [26,30,34,42,56,63,85,107] [3,5,18,44,51,60,100,109] [9,44,103,106,109,116,122,127] [10,32,49,62,76,102,104,111] [18,43,66,94,98,103,108,116] [4,21,28,48,64,82,85,109] [2,9,34,42,56,61,73,113] [10,20,42,66,77,91,104,113] [3,8,16,55,57,96,105,115] [4,6,40,56,59,61,71,120] [12,43,50,80,83,114,115,119] [2,9,20,35,66,78,83,103] [3,9,18,23,27,76,93,102] [6,26,29,36,44,78,87,104] [6,20,30,48,72,81,98,121] [12,20,22,37,58,70,80,107] [52,55,60,80,98,102,115,127] [36,47,66,86,88,120,123,124]
Token  47: [2,12,28,41,51,62,77,87] [16,23,29,48,58,76,88,116] [8,9,15,24,47,59,73,76] [16,26,40,77,79,84,90,112] [11,22,27,47,73,77,86,105] [1,11,13,45,78,102,117,126] [30,34,47,53,63,104,108,116] [18,39,45,51,60,106,109,110] [29,46,80,95,103,106,111,122] [10,22,32,49,89,96,103,114] [2,52,74,86,108,109,111,116] [16,21,28,36,47,79,82,101] [6,9,12,25,104,112,120,124] [29,41,42,75,77,95,102,123] [8,11,16,47,55,62,99,110] [16,31,38,55,59,90,94,95] [1,6,29,40,73,87,110,115] [17,18,64,65,69,85,103,107] [10,30,42,52,56,63,75,100] [18,45,48,51,60,93,100,109] [5,15,29,44,80,95,103,109] [0,1,10,22,49,94,96,127] [2,43,74,86,108,109,111,116] [8,9,21,28,30,48,82,115] [9,25,32,39,56,104,120,124] [18,24,41,42,77,91,95,104] [8,11,23,47,55,73,103,110] [6,16,31,55,59,90,94,95] [6,29,45,55,83,102,110,115] [17,18,64,65,69,85,103,115] [10,13,30,34,56,63,75,100] [18,36,39,45,51,60,100,109] [5,15,29,44,103,106,116,122] [0,1,10,32,60,96,103,114] [18,52,69,98,108,109,111,116] [8,21,28,48,82,101,114,115] [6,34,56,61,73,101,113,124] [10,40,41,42,77,89,91,95] [3,8,11,34,47,55,57,95] [6,16,17,31,59,69,77,90] [6,29,45,55,83,109,110,115] [1,9,48,64,69,85,103,115] [31,32,36,49,59,66,90,115] [46,47,49,74,78,104,121,125] [6,13,23,30,37,73,80,94] [22,27,32,47,76,86,87,114] [45,52,55,82,96,97,117,124] [11,15,31,32,85,86,90,127]
Token  48: [22,31,53,69,70,81,93,120] [19,29,67,76,83,88,116,124] [7,9,24,47,59,72,116,117] [10,19,25,26,33,84,111,112] [11,20,77,86,91,95,105,111] [13,34,78,80,86,102,111,117] [3,8,9,30,63,75,100,104] [33,39,45,48,51,98,100,109] [28,29,51,90,95,103,106,122] [10,22,43,48,49,80,96,103] [5,14,32,52,74,108,116,123] [13,21,28,47,58,79,82,102] [2,6,25,68,98,112,120,124] [24,29,30,31,42,55,77,121] [8,28,47,74,84,103,110,121] [4,16,31,38,59,90,91,94] [6,15,20,43,73,87,115,121] [14,17,18,20,45,97,103,107] [10,30,38,52,63,75,96,100] [33,36,45,48,51,60,100,109] [5,15,28,44,51,90,103,122] [0,10,22,43,48,60,96,103] [2,14,18,52,69,74,108,116] [13,21,28,30,47,58,79,115] [12,39,61,68,70,73,120,124] [24,31,42,55,71,77,91,121] [8,11,23,28,55,66,110,121] [4,6,16,55,59,69,90,94] [14,15,20,50,84,102,115,121] [9,14,17,20,85,97,103,106] [10,13,52,63,85,89,96,100] [33,36,44,51,82,94,100,106] [5,28,44,86,95,103,106,122] [0,10,24,43,60,80,102,103] [18,43,52,69,74,98,108,123] [13,21,28,29,47,58,82,115] [6,9,34,61,73,104,120,124] [10,31,40,55,77,91,99,121] [3,8,28,39,55,57,84,121] [4,6,17,40,56,59,69,120] [15,20,80,83,84,102,115,121] [1,9,14,17,20,45,97,103] [7,22,41,65,74,80,101,115] [4,19,38,43,46,100,104,127] [6,20,54,64,71,81,98,104] [22,27,32,45,70,80,104,114] [52,55,67,75,82,97,101,115] [32,34,47,85,86,117,123,124]
Token  49: [51,57,66,101,103,106,118,127] [9,30,34,48,56,75,91,92] [7,15,24,47,90,120,122,125] [9,10,12,26,39,78,84,97] [13,47,63,77,86,105,111,119] [13,16,51,90,97,102,105,117] [39,63,89,97,100,116,120,123] [33,45,51,86,94,100,106,109] [28,44,90,95,103,109,111,122] [10,32,48,49,80,89,102,103] [18,23,39,52,74,76,108,123] [13,14,17,21,28,36,47,109] [2,25,34,61,68,112,120,125] [29,31,42,55,63,66,77,113] [3,8,11,16,23,105,110,121] [4,6,16,17,38,40,69,90] [9,12,14,43,48,102,115,119] [2,20,35,66,75,103,123,124] [10,22,39,42,52,63,85,100] [33,43,48,51,60,89,94,100] [5,15,28,44,90,103,104,122] [1,10,48,60,80,89,103,127] [13,18,29,52,69,103,108,120] [9,13,17,28,47,105,109,115] [34,39,43,47,61,87,104,120] [31,42,55,66,71,77,82,113] [8,11,16,23,55,95,105,110] [1,4,16,69,90,94,95,98] [12,14,15,50,102,114,115,119] [2,9,17,20,35,66,103,117] [10,22,63,85,89,100,104,107] [5,33,43,44,56,82,94,100] [5,15,44,55,86,104,109,122] [10,24,32,60,62,76,80,102] [18,52,69,101,103,108,119,123] [21,28,29,47,109,115,116,122] [9,34,61,68,73,104,120,124] [31,40,55,65,66,99,113,115] [3,8,16,39,55,57,105,121] [3,4,6,40,69,84,94,120] [12,43,80,84,102,115,119,127] [2,9,20,35,66,103,112,117] [5,18,22,27,80,93,102,115] [6,29,44,46,87,100,104,127] [6,20,27,48,69,81,98,104] [22,27,32,37,45,70,80,114] [52,55,80,98,101,115,117,127] [36,47,66,86,88,120,123,124]
Token  50: [28,33,34,41,51,68,116,126] [16,48,60,67,75,114,116,122] [8,9,24,59,73,76,120,121] [9,10,16,30,51,62,112,114] [22,23,45,57,105,116,121,126] [16,18,45,58,78,90,117,126] [23,26,39,63,85,99,100,123] [33,43,45,51,94,100,106,109] [15,44,86,95,103,104,106,122] [10,22,24,32,33,102,103,127] [18,39,52,64,67,108,119,120] [8,16,21,28,29,47,115,116] [25,26,34,42,61,63,87,123] [10,24,29,41,42,77,102,108] [8,11,16,23,55,62,82,110] [1,17,33,38,55,69,77,95] [6,14,29,33,50,91,102,115] [12,17,20,99,102,103,106,117] [10,42,52,85,100,110,118,123] [21,26,33,43,48,51,100,109] [5,15,44,90,95,103,104,122] [0,1,10,22,33,47,103,127] [18,43,52,64,69,95,108,120] [9,21,28,30,59,68,114,116] [12,25,32,39,42,73,114,123] [10,24,42,45,61,77,91,102] [8,16,34,55,73,82,95,110] [1,16,33,69,77,90,95,98] [6,14,33,35,45,57,102,115] [17,20,84,102,103,106,107,117] [10,39,52,85,97,100,110,123] [21,33,43,48,51,86,94,109] [15,44,55,86,103,104,106,122] [0,10,24,32,33,102,103,127] [18,43,52,69,88,108,119,120] [21,29,30,68,78,114,115,116] [6,34,43,61,73,103,114,123] [10,40,41,45,77,89,91,102] [3,16,23,47,55,62,82,95] [1,6,17,33,51,56,59,77] [6,14,33,50,80,102,115,127] [9,18,49,54,84,102,103,115] [4,8,28,33,66,70,116,123] [2,26,61,74,75,80,100,111] [5,23,30,42,62,83,94,113] [4,10,12,26,37,48,76,86] [33,51,55,70,74,96,97,120] [23,51,54,71,94,110,114,121]
Token  51: [31,38,68,69,92,93,107,118] [7,26,46,48,57,75,83,116] [8,9,24,54,90,117,120,123] [10,30,39,42,62,67,78,97] [0,22,23,45,87,91,105,111] [16,34,45,58,60,111,117,126] [39,46,63,85,100,104,110,123] [33,43,45,82,94,100,106,109] [28,39,44,51,86,103,104,122] [10,24,32,43,80,102,103,127] [18,39,52,64,67,78,108,119] [8,13,28,29,47,50,78,102] [25,34,43,58,61,68,120,123] [18,29,55,63,65,77,113,121] [3,11,16,23,28,34,39,84] [1,3,4,6,17,40,69,95] [14,33,43,51,80,84,115,121] [9,14,17,20,103,106,117,124] [10,39,42,46,52,63,64,85] [21,33,36,43,44,48,89,94] [39,44,64,86,90,104,106,122] [1,10,24,52,80,102,103,127] [18,39,52,64,69,108,119,120] [9,20,28,29,47,102,105,115] [12,34,43,61,68,87,114,123] [40,55,65,75,77,91,102,121] [8,11,23,34,39,55,82,95] [1,4,6,35,40,86,95,98] [33,43,50,51,80,84,115,127] [9,14,17,20,97,102,103,126] [10,22,42,46,63,89,104,116] [5,21,33,44,82,94,100,106] [37,39,44,45,55,86,104,122] [10,24,48,62,68,76,80,102] [18,69,91,101,107,108,119,120] [13,21,47,50,78,102,115,122] [30,43,61,68,73,102,104,123] [10,40,65,66,99,102,107,121] [3,11,39,55,57,82,84,95] [3,4,6,9,40,56,94,120] [33,43,51,80,84,115,121,127] [9,14,20,35,45,97,103,126] [5,22,41,65,80,93,101,115] [4,6,36,46,87,100,104,127] [6,20,38,69,71,81,98,104] [22,27,37,45,70,80,104,114] [36,52,55,60,63,67,115,127] [32,34,47,86,88,99,117,123]
Token  52: [27,48,49,50,78,101,106,110] [7,30,46,47,57,75,91,99] [2,7,24,45,120,122,123,125] [3,10,39,41,59,79,94,108] [22,23,37,73,86,105,111,118] [24,51,58,79,102,105,111,117] [39,46,63,85,86,89,97,100] [33,43,44,73,82,94,106,109] [2,39,43,44,86,103,104,122] [5,10,48,68,80,96,97,102] [18,39,52,62,88,108,119,120] [13,21,28,29,47,78,87,102] [34,43,61,63,68,102,120,123] [10,12,29,65,66,77,113,119] [3,23,34,39,55,84,96,105] [1,4,6,17,40,95,98,120] [14,33,43,51,80,84,115,121] [2,9,17,20,35,62,66,103] [10,22,42,46,52,63,85,116] [26,33,34,43,44,48,94,100] [2,5,39,44,55,86,106,122] [10,48,52,80,89,94,102,127] [18,43,52,54,69,108,119,120] [20,21,28,30,47,78,87,115] [12,34,39,43,68,104,114,123] [10,12,55,65,66,75,77,91] [3,11,23,34,39,55,95,105] [4,6,17,40,86,95,98,120] [14,33,50,51,80,84,115,127] [2,9,20,35,66,82,103,107] [10,22,42,46,63,89,104,116] [5,33,43,44,82,94,100,106] [2,37,39,44,45,55,67,86] [10,57,59,62,68,76,80,102] [14,18,69,91,101,107,119,120] [21,30,47,78,86,87,115,122] [30,43,68,73,100,102,104,123] [12,61,65,66,91,99,107,113] [3,11,39,53,55,57,96,105] [3,4,6,40,84,94,98,120] [30,33,43,51,80,115,121,127] [2,9,20,35,39,66,103,126] [18,22,23,80,93,98,102,115] [5,6,36,46,81,87,100,104] [6,20,27,38,48,69,98,104] [12,20,22,45,70,80,104,114] [44,52,55,63,98,115,117,127] [36,47,66,86,88,120,123,124]
Token  53: [22,28,47,64,67,68,91,110] [7,9,48,68,90,99,116,122] [4,36,42,60,64,74,104,125] [14,18,24,68,70,73,77,93] [5,7,11,51,57,60,70,87] [18,55,58,63,83,93,115,122] [14,22,46,63,85,89,104,124] [32,33,40,44,82,94,100,106] [4,35,37,44,45,86,95,104] [0,24,25,35,68,76,80,102] [18,33,41,82,85,91,95,119] [16,18,29,50,78,100,116,122] [2,14,32,43,46,61,103,123] [2,12,40,45,91,102,109,127] [3,23,39,55,57,60,64,111] [6,17,32,38,40,77,120,121] [11,13,14,51,80,84,115,127] [9,26,35,61,66,92,102,112] [14,22,46,63,64,85,89,118] [5,21,33,36,44,82,89,94] [4,32,37,44,45,61,86,104] [7,24,35,47,68,76,80,102] [18,23,82,85,95,103,119,124] [9,18,22,25,42,50,78,100] [0,14,25,36,43,61,103,123] [2,12,18,78,102,112,120,127] [3,15,55,57,60,64,71,73] [6,9,17,31,32,40,120,121] [13,14,30,33,80,84,115,127] [9,36,61,66,82,92,107,112] [14,22,46,63,64,89,116,118] [5,21,33,36,44,82,94,106] [4,32,37,45,61,86,100,104] [10,17,24,35,68,76,80,102] [23,33,41,69,82,85,91,119] [9,18,21,22,25,30,50,78] [14,25,43,61,73,102,103,123] [12,18,40,87,102,112,120,127] [3,15,39,55,57,64,69,73] [3,6,17,32,40,77,120,126] [13,30,33,51,80,84,115,127] [2,6,9,35,61,66,92,103] [3,18,23,55,80,86,98,115] [16,36,46,68,87,100,104,120] [6,11,20,39,69,98,104,126] [12,20,22,37,45,70,104,114] [51,52,55,60,98,115,117,127] [10,15,21,26,86,120,121,124]
Token  54: [3,23,28,51,80,112,122,126] [13,29,52,63,67,97,103,122] [4,5,23,36,49,73,76,125] [13,20,40,62,70,92,93,119] [1,11,27,37,51,68,97,105] [30,48,55,58,87,99,122,123] [10,14,46,63,64,85,89,116] [33,36,43,44,82,94,100,106] [2,6,35,44,45,55,86,122] [24,35,62,68,76,80,102,106] [18,62,77,91,95,109,119,120] [16,21,29,55,68,73,78,122] [14,38,43,61,100,102,103,123] [2,12,40,41,77,91,109,123] [3,18,23,39,55,57,60,69] [1,6,17,20,32,40,98,120] [29,33,50,80,84,114,115,127] [0,9,17,64,65,84,103,124] [10,22,46,63,64,85,89,118] [33,34,36,43,44,82,94,100] [27,44,45,55,86,90,106,122] [10,24,35,52,76,80,102,127] [18,23,52,62,95,119,120,124] [9,22,29,42,55,68,73,105] [0,12,25,34,38,43,102,123] [18,40,41,57,62,77,109,123] [3,18,23,47,55,60,71,73] [6,16,20,40,77,98,120,126] [14,23,29,33,44,77,114,127] [0,9,64,65,77,84,103,122] [10,22,23,42,63,89,104,118] [33,36,43,44,82,94,100,106] [6,20,24,44,45,55,86,122] [10,35,40,62,76,80,102,106] [18,23,37,69,95,119,120,124] [9,21,28,29,42,55,68,78] [0,25,38,43,73,102,103,123] [12,41,49,57,62,77,109,123] [3,18,47,55,57,60,69,71] [6,16,17,20,40,46,107,120] [23,29,33,44,77,80,115,127] [0,36,63,64,65,77,84,103] [8,23,24,49,59,80,90,126] [46,47,49,74,100,104,121,125] [6,13,23,30,80,94,98,110] [5,22,26,45,47,83,87,114] [5,10,45,52,55,96,117,127] [11,15,21,31,74,82,121,127]
Token  55: [31,47,66,68,69,81,107,118] [45,57,62,75,83,91,98,122] [7,20,23,36,117,121,123,125] [10,11,13,20,93,104,119,121] [11,18,40,91,97,105,111,119] [30,58,79,99,103,111,117,122] [10,23,39,46,63,64,85,89] [5,33,36,43,82,94,100,106] [2,28,35,39,44,51,86,122] [10,43,48,62,68,80,102,127] [14,18,39,52,62,110,119,120] [13,21,28,29,47,78,102,115] [2,34,43,61,68,102,120,123] [10,12,40,55,77,79,91,121] [3,11,23,28,34,39,55,84] [16,17,21,38,40,69,98,115] [14,20,33,50,84,115,121,127] [1,14,17,45,77,97,103,124] [10,13,42,52,56,63,85,118] [33,43,48,51,72,89,94,100] [15,27,28,44,51,90,103,122] [10,43,47,48,80,102,103,127] [18,23,52,69,98,108,120,123] [9,13,21,28,29,102,115,116] [2,34,39,61,69,73,120,123] [49,55,77,79,91,106,121,124] [3,11,23,28,55,84,110,111] [2,4,6,16,40,59,98,115] [14,20,33,50,80,115,121,127] [1,9,14,45,82,84,97,124] [13,22,34,42,56,63,89,112] [33,43,44,56,82,94,100,106] [5,28,29,35,44,86,90,116] [0,10,43,48,68,80,102,111] [6,14,18,69,98,119,120,123] [13,21,28,47,87,90,102,115] [2,34,36,39,43,69,73,120] [31,49,55,77,79,106,107,121] [3,11,28,53,55,57,84,118] [4,16,17,40,59,89,115,120] [20,30,80,84,93,105,115,121] [1,9,14,45,77,82,97,124] [41,43,65,80,92,101,115,119] [4,36,37,41,46,87,100,104] [6,27,54,56,64,71,98,104] [2,12,22,27,32,37,45,114] [22,52,55,63,67,101,104,117] [32,34,55,71,74,85,86,117]
Token  56: [28,33,36,42,56,64,75,82] [24,28,56,57,73,90,93,122] [4,5,17,36,46,57,107,127] [9,20,24,37,67,68,74,103] [11,37,46,50,53,60,70,95] [4,17,18,52,75,79,93,110] [46,54,63,86,87,89,104,107] [32,33,44,45,82,94,100,106] [35,44,67,76,86,90,123,127] [0,7,10,17,35,80,102,111] [10,13,18,82,91,94,103,127] [18,21,28,29,90,100,102,116] [2,9,26,34,39,43,61,127] [2,18,31,40,77,92,106,112] [3,11,15,23,38,57,71,84] [6,16,17,32,40,59,89,106] [28,48,80,89,91,100,105,115] [1,18,75,77,82,92,103,112] [22,34,52,56,63,87,104,118] [2,33,44,82,88,94,100,106] [35,44,45,86,90,95,103,127] [0,7,10,47,80,96,102,111] [10,13,18,23,34,82,94,103] [13,21,22,28,30,99,102,116] [9,14,34,36,39,43,54,127] [42,47,51,52,55,77,106,112] [3,15,27,38,59,73,107,110] [0,6,16,21,32,40,59,106] [14,28,30,34,80,89,100,115] [1,18,34,59,82,99,100,124] [26,34,44,63,86,87,89,112] [2,33,44,56,82,94,100,106] [15,22,35,72,86,90,123,127] [7,10,41,47,68,80,82,111] [9,23,34,55,71,82,94,103] [21,22,25,28,30,65,99,116] [2,14,34,36,39,43,78,127] [52,84,87,89,91,92,106,112] [15,22,24,26,53,55,73,92] [0,25,32,51,89,106,110,125] [27,28,30,35,80,82,100,115] [18,54,73,75,82,93,99,124] [4,17,33,43,69,70,80,106] [24,41,61,72,75,80,82,124] [9,11,42,52,62,82,96,104] [45,48,51,67,77,88,114,117] [14,33,35,46,51,54,63,74] [6,17,23,39,53,58,80,119]
Token  57: [4,24,38,48,92,111,118,122] [23,31,56,57,73,92,122,126] [4,5,12,17,36,70,81,127] [9,24,29,30,39,56,77,127] [5,11,57,60,68,78,95,110] [0,18,31,32,35,84,93,115] [20,49,54,87,103,104,111,124] [1,7,13,19,32,44,46,82] [5,40,47,67,76,94,119,123] [0,7,35,40,68,80,82,99] [7,25,43,71,82,91,94,124] [18,25,59,73,90,97,99,100] [2,14,22,43,46,47,92,127] [18,29,51,89,91,92,104,124] [15,53,55,57,71,92,109,115] [0,17,32,40,50,75,89,125] [1,14,35,50,65,80,84,115] [18,34,36,80,82,92,100,112] [22,46,63,86,87,89,104,116] [7,32,33,44,82,94,100,106] [5,22,53,67,86,90,94,123] [0,7,68,76,80,82,102,111] [9,18,23,30,71,82,91,94] [22,25,28,53,60,65,99,100] [2,14,34,43,47,92,106,127] [51,52,89,92,99,104,106,112] [15,27,38,53,57,86,115,125] [0,6,32,40,75,89,112,120] [1,14,73,80,84,93,105,113] [1,13,59,72,75,82,89,100] [3,52,63,66,87,89,104,116] [32,33,44,82,94,100,106,110] [9,44,45,67,86,90,94,123] [7,26,68,69,80,96,102,111] [7,9,18,30,71,81,82,94] [4,21,25,28,65,96,99,104] [2,32,42,47,92,108,115,127] [20,52,85,91,92,104,106,112] [15,27,49,61,87,92,109,125] [0,25,32,40,75,89,110,125] [27,28,35,42,50,80,93,107] [13,34,49,59,75,82,88,100] [4,17,56,58,69,70,111,114] [24,41,46,61,75,82,83,98] [5,9,11,42,62,82,96,104] [29,31,48,67,77,88,114,117] [14,21,26,33,43,54,63,94] [6,17,23,39,53,80,87,96]
Token  58: [4,22,24,38,47,117,118,122] [31,40,57,63,73,77,92,122] [4,10,12,36,57,60,103,104] [9,28,30,39,71,73,80,87] [14,20,34,43,82,100,118,124] [0,18,20,24,74,86,93,120] [4,14,49,65,103,104,109,111] [1,7,19,32,44,74,82,106] [5,56,67,76,88,94,97,123] [7,34,35,60,80,92,99,107] [7,25,51,54,66,82,94,126] [25,53,65,73,99,100,107,116] [2,4,8,14,47,92,93,127] [18,20,40,62,89,92,112,127] [3,14,15,22,38,53,71,115] [11,17,32,40,75,89,119,125] [1,14,30,80,84,89,115,127] [18,36,80,81,82,92,100,124] [22,63,87,89,103,104,116,118] [19,32,33,44,82,94,100,106] [5,22,53,67,86,90,94,123] [7,35,47,68,76,80,82,102] [7,10,18,23,54,71,82,94] [17,22,25,73,99,100,102,116] [2,14,22,34,47,92,122,127] [18,29,51,62,92,106,112,127] [3,15,24,53,59,84,113,116] [26,32,40,50,75,88,89,90] [1,14,53,80,84,89,100,113] [59,82,92,93,100,105,122,124] [22,63,66,87,89,103,104,116] [32,33,44,56,82,94,100,106] [35,40,45,67,86,90,94,123] [7,21,68,80,82,102,111,115] [10,18,23,30,54,71,82,94] [17,21,22,25,28,30,99,100] [2,14,36,43,47,92,93,127] [27,89,91,92,106,112,124,127] [3,15,24,55,73,87,109,116] [16,32,40,58,89,90,106,125] [28,30,39,50,80,94,100,115] [18,49,75,80,81,82,100,124] [30,43,50,52,69,80,86,114] [16,41,46,68,75,91,100,104] [6,11,27,39,56,94,98,104] [12,22,26,27,32,37,45,114] [14,51,52,55,63,68,98,127] [15,21,26,57,58,71,82,121]
Token  59: [28,30,42,47,64,75,82,122] [5,30,40,52,63,92,96,122] [4,5,36,41,60,64,115,125] [9,12,30,34,39,78,80,109] [6,7,11,21,55,57,60,70] [0,18,20,24,35,83,93,110] [63,77,87,89,98,104,108,124] [7,19,32,44,45,82,100,106] [32,35,67,87,94,118,123,124] [7,17,35,41,67,68,80,82] [21,25,51,71,82,91,94,124] [38,48,53,55,60,73,99,100] [2,4,14,26,34,46,94,127] [18,40,51,62,91,92,106,112] [3,15,24,53,57,60,71,109] [6,11,17,32,38,40,89,120] [28,44,50,80,84,100,108,115] [1,36,77,82,92,100,103,122] [22,63,87,89,103,104,116,118] [19,32,33,44,82,94,100,106] [5,35,45,67,86,90,94,123] [7,17,35,68,76,80,82,102] [10,18,23,70,71,82,91,94] [22,28,30,42,53,99,100,116] [0,2,14,25,34,36,43,127] [18,57,61,77,91,112,117,127] [15,24,42,59,73,92,107,125] [6,11,25,32,40,75,89,125] [14,33,50,80,93,94,100,113] [14,26,34,77,82,89,100,122] [22,63,87,89,103,104,116,124] [33,40,44,56,82,94,100,106] [35,40,45,67,86,90,94,123] [7,10,17,47,68,80,102,106] [10,18,23,70,71,82,94,119] [17,21,22,25,28,30,53,99] [4,11,34,36,39,43,78,127] [36,47,91,106,107,112,117,127] [15,24,53,55,73,87,107,109] [16,32,36,40,84,89,106,125] [28,30,80,93,94,100,109,115] [26,54,77,80,81,82,92,100] [14,23,24,25,30,43,80,86] [41,46,66,74,82,100,104,121] [6,11,30,57,64,94,98,104] [12,22,26,37,45,71,76,114] [3,33,51,52,55,77,96,104] [14,15,44,57,58,82,124,127]
Token  60: [6,7,37,50,72,75,78,122] [13,63,65,71,73,87,96,122] [2,5,31,36,56,60,64,109] [2,9,18,19,28,34,69,73] [7,11,30,57,60,64,70,93] [0,18,35,55,91,93,110,112] [20,63,74,89,104,111,118,124] [1,7,19,32,44,82,100,106] [30,35,67,83,90,94,119,123] [7,17,35,67,68,80,102,111] [15,18,27,63,82,91,94,124] [38,53,73,95,99,100,116,122] [2,4,14,26,34,43,94,127] [8,40,57,62,63,91,106,112] [3,18,23,53,64,68,69,71] [6,17,32,38,40,89,120,126] [0,33,44,80,101,108,114,115] [34,36,57,63,77,88,100,122] [46,52,63,64,85,115,116,118] [2,33,44,48,82,94,100,106] [30,35,43,44,83,86,90,122] [7,41,47,68,80,102,111,127] [18,23,27,82,103,110,119,127] [22,29,42,53,56,99,116,122] [0,25,26,34,36,38,43,127] [2,8,18,57,63,106,109,112] [3,15,18,59,60,68,71,73] [2,6,16,40,69,80,120,126] [14,44,50,77,80,108,114,115] [0,63,65,77,82,88,103,122] [42,52,56,63,87,107,112,118] [2,33,43,56,82,94,100,106] [20,27,30,44,83,90,103,116] [7,10,41,47,80,100,102,106] [18,23,27,82,98,103,119,127] [9,21,22,28,42,53,56,99] [0,2,25,34,38,64,73,127] [8,18,57,77,91,109,112,123] [3,15,18,55,60,68,69,111] [20,32,40,59,80,107,120,126] [29,44,77,80,93,108,115,127] [0,34,63,65,77,82,100,103] [23,24,32,43,49,69,80,126] [8,46,47,56,58,104,121,125] [6,11,30,69,80,94,98,110] [5,22,27,45,47,83,87,114] [5,10,32,37,45,52,55,123] [4,15,21,31,44,82,124,127]
Token  61: [1,51,53,65,98,99,100,102] [15,18,70,82,94,119,122,127] [2,38,39,47,57,80,99,109] [6,13,15,34,41,75,84,89] [11,13,52,76,77,81,106,115] [9,13,17,37,61,66,102,125] [8,30,53,63,78,83,100,105] [18,43,49,51,100,101,109,112] [65,84,90,103,106,116,121,122] [0,9,10,49,103,110,114,117] [18,53,56,61,105,108,116,127] [7,23,24,28,29,49,61,125] [9,12,15,34,56,96,99,104] [6,15,19,25,28,32,42,77] [3,8,11,17,20,48,100,103] [16,31,59,70,85,90,94,101] [8,39,53,73,87,102,115,124] [19,21,42,53,69,83,99,103] [30,34,53,63,75,78,100,105] [18,39,49,51,60,100,109,112] [15,27,29,65,84,101,103,121] [9,10,49,96,103,110,125,127] [2,18,56,61,86,105,108,116] [9,23,24,28,49,61,85,125] [9,15,34,56,96,99,104,126] [15,19,25,28,32,42,58,77] [8,17,20,48,90,100,103,110] [10,16,21,49,59,70,94,101] [39,73,81,83,103,105,115,124] [1,18,21,42,55,78,83,123] [8,24,30,34,53,75,78,105] [3,18,39,51,59,101,109,112] [26,29,65,72,84,103,116,121] [9,10,45,49,110,114,122,125] [56,61,68,78,86,98,105,116] [3,21,23,24,28,61,76,125] [9,15,49,56,65,73,96,99] [0,15,19,25,26,32,58,104] [5,17,55,81,86,100,103,107] [5,10,21,49,59,70,101,127] [17,34,48,53,81,103,105,115] [1,21,42,48,55,69,78,123] [6,31,32,56,64,81,109,113] [31,37,71,75,78,88,92,96] [29,30,31,47,52,53,73,90] [1,22,27,32,85,94,101,107] [11,34,38,52,71,97,103,118] [2,20,73,77,86,101,105,125]
Token  62: [14,21,50,57,60,74,103,106] [3,6,9,92,95,119,122,125] [2,47,82,84,90,122,125,126] [4,16,39,47,82,84,107,115] [32,50,52,56,70,81,118,124] [13,22,25,37,51,68,73,105] [8,12,27,34,53,56,63,71] [18,39,45,51,59,60,75,109] [26,36,46,72,90,103,109,116] [0,10,45,49,65,96,114,122] [53,56,68,78,83,112,116,123] [7,28,30,59,63,67,109,125] [9,24,56,64,73,96,97,126] [19,26,32,66,77,78,82,118] [4,8,16,17,81,90,100,105] [5,10,16,49,59,70,120,127] [12,53,65,81,103,105,115,119] [2,18,21,39,55,78,83,99] [8,24,26,53,63,71,75,122] [18,24,59,62,75,101,109,112] [26,46,57,65,72,109,111,116] [0,10,19,49,87,114,122,125] [16,26,43,56,57,68,98,116] [3,7,23,30,59,63,109,125] [9,24,49,56,65,73,96,126] [0,26,32,58,61,66,77,82] [4,16,81,90,100,105,107,110] [10,16,49,59,70,72,120,127] [55,65,81,83,89,103,105,119] [1,2,18,21,55,66,78,83] [8,24,53,63,70,71,75,107] [18,28,51,59,60,62,75,109] [15,26,36,46,72,103,109,111] [0,10,32,49,84,87,114,122] [16,26,43,47,68,69,98,116] [3,7,28,30,59,63,89,109] [9,24,56,65,73,85,95,114] [0,26,45,66,78,82,98,113] [4,8,11,16,81,90,105,110] [2,4,10,59,69,72,94,103] [12,43,55,89,91,103,115,119] [2,9,18,35,66,78,112,120] [16,18,27,36,68,80,93,102] [6,26,29,36,78,87,100,104] [6,20,48,69,81,98,104,121] [12,22,27,37,45,58,70,80] [22,52,55,60,98,115,117,127] [36,47,66,85,86,88,120,123]
Token  63: [2,7,12,28,41,51,77,87] [16,23,29,48,58,88,116,122] [8,9,15,24,47,59,72,76] [4,16,26,40,77,84,100,112] [7,27,32,44,50,56,77,83] [1,68,78,82,102,114,117,126] [8,30,34,56,75,100,108,118] [18,39,45,48,51,60,100,109] [18,36,95,103,106,109,113,116] [0,10,22,32,65,87,89,103] [5,53,88,108,109,111,112,116] [7,16,28,30,37,82,89,101] [19,56,62,85,97,104,114,124] [18,26,29,41,64,77,82,98] [8,11,16,37,47,55,90,110] [10,16,20,31,59,72,84,95] [6,29,60,81,89,103,110,115] [18,55,78,99,103,122,123,124] [8,34,44,47,53,63,71,75] [18,24,45,51,59,60,75,109] [5,18,26,36,57,72,103,116] [0,10,32,49,65,87,96,122] [23,26,43,53,98,109,111,116] [3,7,28,30,59,82,89,114] [9,24,52,56,65,73,85,114] [0,26,41,68,77,82,91,98] [4,8,16,47,73,90,107,110] [2,10,16,55,59,72,79,90] [6,29,45,55,60,89,110,115] [18,46,64,78,103,115,122,124] [8,13,30,42,53,56,75,100] [3,18,45,51,59,60,95,109] [5,15,18,36,72,90,103,116] [0,10,32,47,65,87,103,114] [23,39,69,86,98,108,109,111] [8,9,22,28,30,82,89,114] [6,12,34,56,61,73,85,114] [10,18,41,57,68,76,82,89] [3,8,11,47,52,55,60,82] [6,31,56,60,69,72,90,95] [6,14,45,55,60,89,110,115] [36,46,48,64,69,103,115,124] [31,49,59,66,68,77,90,115] [12,18,26,49,74,100,121,125] [6,13,23,37,73,88,94,99] [17,22,27,32,76,86,87,114] [52,55,61,81,96,97,117,124] [11,15,31,85,86,90,111,127]
Token  64: [22,31,69,70,81,93,101,120] [19,23,29,67,83,88,116,124] [7,9,24,47,59,72,116,117] [10,25,26,60,87,111,112,125] [2,26,50,56,77,91,95,111] [1,4,72,86,102,111,117,126] [3,39,41,63,97,100,108,120] [33,39,45,48,51,60,72,100] [18,28,36,51,83,90,95,103] [0,10,22,34,43,48,89,103] [5,23,36,43,74,75,88,108] [7,13,28,30,47,58,72,89] [25,41,56,85,112,114,120,124] [18,55,76,78,82,91,121,122] [8,11,28,55,90,110,116,121] [8,10,16,38,72,79,95,127] [17,20,42,60,89,103,115,121] [14,18,45,55,78,97,123,124] [8,13,26,34,44,56,63,71] [18,24,45,51,59,60,75,109] [5,26,28,57,72,103,114,116] [0,10,19,43,49,65,96,122] [14,23,26,53,68,98,112,116] [3,7,13,28,30,37,58,89] [9,24,56,65,73,85,114,122] [0,26,68,77,78,82,91,121] [8,11,28,73,90,107,110,121] [2,10,16,44,55,72,79,90] [14,20,30,73,89,103,115,121] [14,18,20,45,97,99,115,124] [8,13,30,42,63,75,100,112] [18,45,51,56,59,60,100,116] [5,15,18,28,29,72,90,103] [10,43,48,60,69,87,103,124] [6,14,52,69,74,88,98,108] [13,21,29,30,58,89,102,115] [34,39,73,85,114,120,122,124] [10,40,55,68,82,89,121,125] [3,11,23,28,55,57,84,121] [6,16,17,39,40,69,84,94] [14,15,20,80,102,115,121,127] [1,14,17,20,45,97,103,124] [7,41,65,68,74,101,115,119] [4,6,19,38,43,44,68,100] [6,54,69,71,98,104,107,113] [12,22,27,32,37,45,104,114] [52,55,60,67,74,82,117,127] [32,34,55,83,86,99,104,117]
Token  65: [51,57,66,101,103,106,118,127] [9,30,39,48,56,75,91,92] [7,15,59,72,90,120,122,125] [10,12,26,39,42,97,114,127] [29,47,50,63,77,86,100,111] [4,16,51,97,102,105,117,126] [23,26,39,63,89,97,99,100] [33,44,48,51,82,94,100,106] [28,44,55,90,103,104,106,122] [0,32,48,68,76,80,89,102] [18,39,52,63,83,88,108,123] [5,14,28,29,36,67,89,109] [34,61,63,68,74,87,102,114] [18,25,40,63,65,66,77,113] [3,8,11,16,23,34,39,105] [1,16,17,40,69,72,94,95] [14,45,83,84,102,114,115,119] [1,2,9,17,35,103,112,117] [10,22,42,52,64,85,100,110] [33,36,43,48,51,89,94,100] [44,80,90,95,103,104,106,122] [1,24,80,89,96,102,103,127] [13,18,50,52,64,83,108,123] [9,28,29,67,89,105,114,115] [6,34,58,61,63,74,87,102] [25,32,40,66,77,101,106,115] [7,8,11,23,37,95,107,110] [1,2,11,16,69,94,95,103] [1,14,32,102,114,115,119,127] [9,72,93,103,107,117,120,124] [10,22,39,42,63,100,107,112] [33,43,51,60,86,89,95,100] [5,9,44,99,103,106,109,122] [1,45,60,96,102,103,104,114] [6,7,13,18,52,85,94,108] [4,28,29,43,75,89,109,114] [2,9,34,39,42,87,92,102] [20,25,40,66,89,91,106,112] [3,7,16,23,95,105,121,125] [11,16,17,32,34,72,84,100] [12,14,42,53,80,101,115,119] [2,35,66,78,80,103,120,124] [14,18,23,27,30,68,102,115] [6,29,38,41,44,65,100,120] [6,20,27,38,48,69,81,83] [20,22,37,58,63,70,80,104] [22,52,55,60,80,98,115,127] [36,47,66,71,85,88,120,123]
Token  66: [28,33,34,41,51,68,116,126] [16,48,67,75,81,114,116,122] [8,9,24,72,73,76,120,121] [9,10,30,40,51,60,62,114] [22,23,26,105,114,116,121,126] [4,16,45,58,78,86,117,126] [10,23,39,85,100,110,118,123] [33,43,48,51,89,94,100,106] [6,15,44,55,103,104,106,122] [10,22,62,89,102,103,107,127] [18,39,52,64,67,108,119,120] [5,8,16,22,28,29,52,89] [25,26,34,61,63,102,114,123] [18,24,63,77,82,102,108,109] [3,8,11,23,39,55,71,113] [1,6,8,17,38,69,72,95] [14,29,33,42,45,48,102,115] [1,12,17,99,103,117,122,124] [10,22,39,42,52,85,100,118] [33,43,48,51,88,89,94,100] [27,44,80,90,103,106,116,122] [1,10,60,62,80,102,103,127] [18,23,37,52,67,95,108,120] [9,14,16,22,28,68,105,114] [12,25,34,38,58,87,115,123] [18,25,91,106,109,115,123,125] [7,8,23,34,82,95,110,111] [1,2,6,17,35,69,94,95] [6,29,33,45,89,102,114,115] [9,17,72,93,103,107,122,124] [10,36,42,52,56,100,112,118] [33,43,48,50,51,89,95,100] [9,15,44,55,103,104,106,122] [10,60,62,76,89,102,103,127] [13,18,23,33,37,39,52,108] [4,8,22,29,68,102,114,115] [34,39,58,63,78,92,97,123] [20,24,40,41,52,89,91,102] [3,11,23,47,55,62,82,92] [6,17,25,33,40,77,94,110] [6,14,33,35,80,100,115,127] [18,82,84,93,100,103,115,124] [8,14,28,53,66,70,77,114] [2,24,30,61,72,74,80,111] [19,23,42,69,94,108,113,114] [4,12,26,48,76,86,88,116] [33,51,54,55,70,74,96,120] [23,51,54,79,94,110,114,119]
Token  67: [31,38,68,69,92,93,107,118] [7,26,46,48,57,75,83,116] [8,9,24,90,117,120,121,123] [10,23,30,39,42,62,67,78] [22,23,45,64,91,105,111,116] [4,9,16,58,100,111,117,126] [10,23,39,52,63,85,100,123] [21,33,43,51,94,95,100,106] [28,39,44,51,55,103,104,122] [32,43,48,80,89,102,107,127] [23,39,52,67,78,88,108,119] [5,13,22,29,47,52,102,115] [25,43,68,71,112,114,120,123] [18,31,63,65,82,91,108,121] [3,11,19,55,71,83,84,113] [2,4,6,17,38,88,112,127] [14,20,33,42,48,51,115,121] [1,14,20,97,99,103,122,124] [9,10,22,42,52,63,89,120] [33,43,48,51,56,89,94,100] [5,44,51,72,90,103,122,127] [0,10,60,62,69,102,103,107] [18,23,48,51,67,75,120,122] [4,14,15,17,28,52,102,110] [41,47,70,85,92,114,120,123] [29,31,53,68,91,108,121,126] [11,19,29,59,82,84,110,113] [2,33,50,79,84,88,98,112] [20,33,40,51,89,91,115,121] [13,14,20,97,99,107,124,126] [9,13,22,63,89,97,112,120] [5,21,33,43,44,56,89,94] [5,18,28,29,55,86,90,104] [0,43,48,69,76,80,89,102] [6,50,54,69,75,98,119,120] [13,21,30,47,50,78,87,102] [34,39,43,47,61,73,85,123] [40,68,89,91,102,106,121,125] [3,11,23,55,57,82,84,95] [2,4,6,17,40,84,94,120] [14,20,33,80,91,115,121,127] [9,14,20,45,97,102,103,124] [23,30,41,65,68,80,101,115] [4,6,26,36,46,100,104,120] [6,27,38,39,69,71,98,104] [12,20,22,32,37,45,104,114] [52,55,60,67,98,115,117,127] [32,34,47,66,85,86,99,117]
Token  68: [27,48,49,50,78,101,106,110] [7,30,46,47,57,75,98,99] [2,7,45,72,120,122,123,125] [3,9,10,39,59,79,94,108] [18,23,37,40,51,86,105,111] [4,24,51,58,99,105,111,114] [14,23,39,63,85,89,97,100] [33,43,44,48,82,94,100,106] [2,39,44,55,86,104,122,123] [0,2,68,76,80,96,97,102] [18,23,39,62,63,78,108,119] [5,21,22,28,29,47,52,78] [34,43,63,65,68,74,102,123] [12,18,40,58,65,66,91,106] [3,23,39,55,57,71,98,109] [4,6,16,17,40,49,75,120] [1,14,33,51,80,84,114,115] [1,2,9,17,35,77,103,112] [22,46,56,63,64,89,104,116] [33,36,44,82,88,94,100,106] [44,45,61,86,90,100,104,122] [62,66,68,76,80,102,111,127] [7,13,18,52,85,94,103,119] [22,28,29,60,67,99,100,105] [2,4,34,43,61,74,87,102] [2,12,40,66,99,101,106,112] [3,7,23,34,57,95,107,115] [1,16,17,32,40,75,86,95] [1,14,33,50,80,84,114,127] [9,17,39,66,72,82,103,107] [10,22,39,42,63,64,89,104] [33,36,44,51,56,82,94,100] [5,9,44,45,61,86,90,104] [24,66,68,76,80,89,96,102] [7,18,35,85,91,94,103,119] [4,21,29,43,78,99,100,115] [2,14,34,43,61,92,102,108] [12,20,66,68,89,104,106,112] [3,15,23,38,57,95,105,125] [11,16,17,32,40,75,120,125] [1,33,42,48,51,53,107,115] [13,34,39,59,88,105,124,126] [17,30,56,80,98,111,114,115] [6,36,46,58,68,72,96,100] [5,6,11,25,27,30,39,69] [2,12,20,37,45,104,114,117] [44,52,55,60,63,94,117,127] [3,36,71,85,104,107,110,120]
Token  69: [14,22,28,47,64,67,91,110] [7,9,48,68,90,99,116,122] [4,36,42,60,64,74,104,125] [18,24,61,68,70,73,77,93] [5,7,11,51,57,60,70,87] [4,18,55,58,63,93,115,122] [14,46,63,85,89,104,118,124] [33,36,44,82,88,94,100,106] [4,35,37,44,45,67,86,104] [7,17,24,35,68,76,80,102] [18,33,41,82,85,91,95,119] [16,18,29,50,78,100,111,122] [14,34,36,43,61,102,103,123] [2,12,18,40,102,109,112,127] [3,23,39,44,57,60,64,111] [6,17,32,38,40,84,120,121] [11,13,14,30,80,84,115,127] [1,9,35,36,61,66,92,112] [10,14,22,46,63,64,85,89] [5,33,36,44,82,89,94,106] [4,27,37,44,45,61,86,104] [24,35,52,68,76,80,102,127] [18,23,33,82,85,95,119,124] [22,25,29,42,78,94,100,126] [0,14,34,38,43,61,102,123] [2,18,57,78,89,109,112,127] [3,23,44,57,60,64,71,95] [6,17,32,40,82,120,121,126] [10,13,30,80,91,100,115,127] [9,61,62,66,82,92,112,124] [10,14,22,46,63,89,116,118] [5,21,33,36,44,82,88,94] [0,4,32,45,61,86,100,104] [7,17,24,68,76,80,102,105] [18,23,33,82,85,91,103,119] [22,25,28,29,38,50,78,100] [2,7,14,34,43,61,103,123] [12,40,89,91,102,112,120,127] [3,11,15,55,57,64,87,95] [6,17,32,40,77,84,106,126] [13,33,51,80,91,100,115,127] [6,9,35,61,66,80,92,124] [3,14,18,23,30,80,86,98] [16,26,41,68,80,100,104,120] [6,11,27,39,69,72,83,126] [12,20,22,24,26,37,45,114] [19,36,51,52,55,60,117,127] [10,15,21,26,71,82,120,121]
Token  70: [3,23,28,51,80,112,122,126] [13,29,52,63,67,97,103,122] [5,23,36,49,72,76,114,125] [13,20,40,62,70,83,92,119] [1,11,27,51,70,97,105,116] [4,30,48,55,58,87,99,122] [10,39,46,63,64,89,116,118] [33,36,43,44,82,94,100,106] [6,35,43,44,45,55,86,122] [24,35,62,68,76,80,102,106] [18,39,62,91,95,109,119,120] [16,21,22,29,55,68,78,96] [38,43,61,63,77,102,103,123] [12,18,40,41,57,91,109,119] [3,18,23,39,57,60,69,71] [1,6,17,20,21,38,40,84] [14,29,33,48,80,84,115,127] [1,9,17,64,84,103,122,124] [10,22,46,63,64,85,89,118] [33,34,36,43,44,82,94,100] [27,44,55,86,90,104,106,122] [10,35,52,76,80,102,103,127] [18,23,36,52,86,95,119,120] [14,22,29,42,55,68,99,114] [0,1,14,34,38,43,102,123] [12,25,31,37,57,91,109,119] [18,59,60,69,71,87,94,109] [2,6,16,20,21,77,84,94] [23,29,33,42,44,77,91,115] [46,64,65,84,103,120,122,124] [9,22,34,56,63,89,112,118] [33,36,43,44,50,51,94,100] [5,6,18,20,44,90,104,116] [10,41,47,69,76,80,96,106] [5,18,23,37,95,98,119,120] [21,22,28,42,55,68,89,114] [0,25,34,39,61,73,85,103] [12,18,31,41,49,57,68,91] [3,11,47,52,55,60,71,111] [6,16,17,20,40,69,90,94] [14,23,29,44,60,77,80,115] [36,46,64,65,84,85,103,124] [24,49,68,77,80,90,125,126] [12,26,49,68,74,100,121,125] [6,8,13,23,39,88,94,99] [5,12,17,22,26,45,87,114] [10,30,45,52,81,96,97,127] [11,15,31,74,82,111,114,127]
Token  71: [31,47,66,68,69,81,107,118] [45,57,62,75,83,91,98,122] [36,56,72,114,117,121,123,125] [10,11,20,71,93,100,115,119] [11,18,40,91,105,111,114,119] [4,58,95,97,99,103,111,122] [10,22,39,63,85,89,112,116] [29,33,43,44,82,94,100,106] [18,28,44,51,55,86,90,122] [2,8,10,43,48,80,102,127] [14,18,23,36,68,78,110,119] [3,7,13,21,28,29,47,102] [21,25,65,73,85,96,120,123] [12,18,55,77,78,82,91,121] [3,11,28,55,59,71,84,110] [2,16,21,38,72,79,99,127] [20,33,42,48,89,103,115,121] [1,18,55,97,99,103,122,124] [8,13,26,44,52,56,63,112] [33,43,45,51,59,75,100,109] [5,18,28,65,72,90,103,116] [0,2,10,43,84,87,96,124] [5,23,36,48,51,68,75,98] [3,7,13,17,28,30,89,102] [56,69,73,85,98,106,114,120] [31,49,55,68,78,82,91,121] [11,19,59,84,87,90,109,110] [2,10,16,44,59,79,99,112] [14,20,42,73,87,89,91,121] [1,14,18,97,99,114,123,124] [8,13,22,34,63,89,112,120] [33,44,56,59,72,82,100,106] [18,28,29,51,90,116,123,127] [10,39,43,46,69,80,84,87] [5,6,14,84,88,94,98,123] [7,13,21,22,40,58,87,102] [34,36,39,56,69,73,114,120] [31,40,49,55,89,106,121,125] [3,11,22,28,55,57,84,115] [6,16,17,34,39,40,89,118] [14,20,30,80,91,105,115,121] [1,14,45,61,82,97,100,124] [41,43,65,68,80,101,115,119] [4,5,37,41,46,68,100,104] [6,8,27,54,56,64,71,104] [2,12,27,32,37,45,114,127] [52,55,61,63,67,97,101,117] [32,34,55,74,86,99,104,117]
Token  72: [28,33,36,42,56,64,75,82] [24,28,56,57,73,90,93,122] [4,5,17,36,46,57,107,127] [9,20,24,67,68,74,103,115] [11,37,46,50,53,60,70,95] [4,17,18,55,63,75,93,110] [54,56,63,87,89,104,107,111] [9,32,33,44,82,94,100,106] [26,38,65,67,90,116,123,127] [0,2,7,17,80,96,102,111] [18,53,68,78,91,94,103,112] [7,21,28,37,89,90,96,100] [2,4,9,34,56,74,114,127] [2,18,26,42,58,77,82,103] [3,4,15,17,71,90,100,110] [10,11,16,32,49,59,70,120] [39,50,81,83,89,103,105,115] [1,18,21,55,82,83,99,103] [8,34,52,56,63,75,87,104] [3,36,45,48,51,60,100,109] [15,44,65,80,101,103,109,116] [10,49,80,89,92,96,111,114] [13,18,30,34,83,86,94,103] [7,9,28,37,65,67,99,115] [2,9,26,34,39,56,74,104] [2,25,32,42,99,106,107,112] [7,8,11,88,90,107,110,111] [2,8,16,44,55,75,94,103] [1,48,73,83,89,105,113,115] [1,4,18,50,72,93,103,120] [30,34,52,56,63,75,107,112] [3,33,39,48,51,60,100,109] [5,9,15,44,61,90,101,103] [10,23,49,89,96,104,111,114] [6,7,13,18,30,85,94,103] [4,28,64,65,99,101,115,121] [2,9,19,39,42,74,95,108] [20,25,35,52,61,89,92,112] [3,15,26,92,103,110,115,125] [0,11,16,25,32,59,75,106] [27,28,35,42,48,53,107,115] [1,13,34,59,73,82,88,93] [4,8,17,25,33,56,70,111] [18,24,61,74,80,82,99,106] [5,9,11,25,42,82,96,104] [29,41,48,73,77,88,114,117] [14,18,26,33,43,54,63,90] [0,6,17,23,39,42,53,80]
Token  73: [4,24,38,48,92,111,118,122] [23,24,31,56,57,73,92,122] [4,5,12,17,36,70,81,127] [9,24,30,39,44,56,77,127] [5,7,11,57,60,68,95,110] [0,18,31,32,35,84,93,115] [20,49,54,87,103,104,111,124] [1,7,13,19,32,44,46,82] [5,40,47,67,76,94,119,123] [0,7,17,35,68,80,82,99] [7,25,43,71,82,91,94,124] [18,25,59,65,73,90,99,100] [2,14,26,43,46,65,73,127] [18,29,51,89,91,92,104,112] [3,15,53,55,57,71,109,115] [6,17,32,40,50,75,89,121] [14,30,50,78,80,84,115,127] [9,18,36,80,82,92,100,112] [13,22,46,63,87,104,116,127] [33,36,44,73,82,94,100,106] [5,22,43,45,53,67,86,123] [0,7,68,76,80,82,102,111] [9,23,71,81,83,85,94,114] [17,28,31,53,60,65,67,99] [9,34,43,47,61,74,92,102] [23,25,42,76,77,82,99,112] [7,37,57,95,97,107,111,115] [6,17,40,69,76,95,99,112] [1,14,73,80,84,102,113,114] [59,72,75,77,82,102,117,124] [42,46,52,63,85,104,110,116] [33,44,63,82,86,94,95,100] [9,43,44,86,95,103,106,122] [7,24,68,76,80,102,103,127] [7,18,45,80,86,103,111,119] [4,21,25,28,29,65,99,111] [2,4,14,34,39,61,74,108] [20,25,27,40,52,92,104,106] [3,7,15,22,69,92,95,125] [0,11,17,25,40,58,75,125] [27,35,42,50,93,98,107,113] [34,49,59,75,77,82,88,93] [4,17,25,33,56,70,106,111] [2,18,46,61,75,80,82,83] [5,7,11,30,42,62,104,114] [29,48,51,67,77,88,114,117] [20,26,33,43,54,63,90,122] [0,17,23,39,42,80,87,96]
Token  74: [4,22,24,38,47,117,118,122] [31,40,57,63,73,77,92,122] [4,10,12,36,57,60,103,104] [9,28,30,39,71,73,80,87] [14,20,34,40,43,82,100,124] [0,18,20,24,74,86,93,120] [4,14,49,65,103,104,109,111] [1,7,15,32,52,74,82,106] [5,17,56,67,76,88,94,123] [7,34,35,60,76,80,99,107] [7,25,51,54,66,82,94,126] [25,31,65,73,99,100,107,116] [2,4,8,14,47,92,125,127] [18,20,62,89,91,92,112,127] [14,15,22,38,60,84,113,115] [11,16,17,26,32,38,40,89] [1,14,30,80,84,89,115,127] [18,36,80,82,92,100,112,124] [22,63,87,89,103,104,116,118] [19,32,33,44,82,94,100,106] [5,17,22,53,86,90,94,123] [0,7,47,76,80,82,102,111] [7,10,18,23,54,71,82,94] [17,22,25,31,99,102,104,110] [33,34,43,47,74,92,122,125] [25,27,30,52,73,97,99,106] [24,27,59,84,113,116,121,125] [11,21,26,40,50,75,90,102] [14,33,42,53,70,91,100,113] [13,30,59,72,93,100,105,124] [39,52,58,63,87,89,97,111] [25,32,33,39,56,82,100,106] [3,5,11,21,40,76,90,124] [8,21,26,32,65,69,80,81] [5,29,34,54,92,102,114,118] [17,28,53,65,76,102,104,120] [47,59,62,92,93,101,111,125] [27,31,52,72,89,92,97,112] [15,19,24,27,59,83,84,116] [17,32,40,63,64,84,89,125] [14,28,39,53,80,94,100,115] [13,49,73,75,80,82,100,124] [0,30,33,43,47,50,80,114] [24,32,46,56,68,82,83,91] [6,11,27,39,56,104,108,126] [2,4,12,16,45,88,114,117] [14,21,51,52,55,63,68,127] [10,48,57,58,82,110,112,119]
Token  75: [28,30,42,47,64,75,82,122] [5,30,40,52,63,92,96,122] [4,5,36,41,60,64,115,125] [9,12,34,39,69,78,80,109] [6,11,21,57,60,70,93,114] [0,4,18,35,46,83,93,110] [63,87,89,104,107,108,118,124] [7,19,32,44,45,82,100,106] [32,35,45,67,94,118,123,124] [7,17,35,67,68,80,82,102] [7,18,21,71,82,91,94,124] [22,28,53,60,73,90,99,100] [2,4,11,14,26,34,43,127] [18,51,62,89,91,104,106,112] [3,14,15,24,57,60,71,109] [6,11,17,32,38,40,89,120] [14,50,80,84,100,113,115,127] [1,36,77,82,92,100,103,112] [22,63,64,87,89,103,104,116] [33,36,44,82,88,94,100,106] [44,45,61,86,90,94,104,123] [7,35,66,68,76,80,102,111] [18,23,52,82,85,91,94,119] [22,28,29,42,60,99,100,105] [2,14,34,43,61,74,87,102] [2,25,40,51,99,101,106,112] [3,15,23,38,57,95,107,115] [1,6,11,16,17,32,40,86] [1,14,30,80,84,93,100,113] [9,17,53,72,82,100,103,124] [9,10,22,63,64,85,87,104] [33,36,44,82,88,94,100,106] [5,9,44,61,86,104,106,123] [7,66,68,80,89,96,102,111] [2,7,18,52,85,94,103,119] [4,21,25,28,29,60,99,100] [2,32,34,42,74,92,108,127] [20,36,52,68,89,91,106,112] [15,19,37,38,83,87,109,125] [26,32,37,40,44,50,89,106] [28,80,91,94,100,106,109,115] [18,26,54,77,81,82,100,124] [25,30,33,43,47,80,86,106] [2,46,56,68,74,82,91,96] [5,6,11,30,57,64,70,99] [16,29,45,48,64,76,88,114] [3,26,33,52,74,77,81,113] [14,53,57,58,67,82,110,119]
Token  76: [6,7,32,37,72,75,78,122] [13,63,65,71,73,87,96,122] [2,5,31,36,56,60,64,109] [2,9,18,19,28,34,69,73] [11,26,30,57,60,64,70,93] [0,4,18,35,55,91,93,110] [63,66,89,104,107,111,112,118] [19,32,33,44,82,94,100,106] [30,35,40,67,83,90,94,123] [7,17,41,67,68,80,102,111] [18,27,36,63,82,91,94,103] [22,28,38,53,60,99,100,116] [2,4,26,34,36,43,94,127] [8,18,57,62,63,91,106,112] [3,15,18,23,59,60,61,71] [2,6,16,17,32,38,40,89] [0,33,44,80,101,108,114,115] [1,34,50,57,77,88,99,122] [17,52,56,63,87,112,115,118] [2,33,43,44,48,88,94,100] [5,15,30,44,83,90,103,122] [7,8,17,41,47,102,111,127] [18,23,40,82,94,103,119,127] [22,28,29,42,53,60,99,116] [0,2,4,34,36,43,62,123] [2,8,18,31,57,91,106,109] [3,15,23,59,60,71,109,110] [2,16,17,44,69,94,107,126] [10,33,42,44,77,108,113,115] [13,26,46,82,103,122,123,124] [9,30,42,56,63,87,112,118] [2,33,43,45,48,50,51,100] [5,20,27,44,83,90,103,116] [7,8,10,41,47,80,92,106] [8,18,23,82,94,98,103,127] [21,22,28,42,53,99,100,101] [0,2,25,34,56,61,62,63] [16,18,31,40,57,68,76,112] [3,15,37,55,60,61,71,111] [2,6,20,32,40,55,60,94] [14,29,44,60,89,108,115,127] [15,26,36,46,52,64,65,103] [23,24,49,68,73,77,90,125] [12,44,49,56,58,104,121,125] [6,11,45,80,88,94,99,104] [5,17,22,47,58,83,87,112] [10,29,30,39,45,55,81,105] [11,15,31,52,82,95,111,127]
Token  77: [16,22,47,53,104,107,111,120] [33,34,49,53,86,96,107,122] [9,10,14,47,72,84,87,116] [13,16,26,34,80,84,89,125] [0,25,32,58,76,77,81,85] [11,68,73,80,82,102,125,126] [8,14,30,34,47,56,100,108] [43,50,51,60,87,95,100,109] [44,64,84,99,103,106,116,122] [0,9,10,45,94,103,110,117] [14,53,61,83,105,108,112,116] [7,24,28,49,61,67,86,89] [1,9,53,56,73,97,99,104] [16,21,25,28,32,44,64,82] [8,11,55,63,80,90,103,110] [2,10,16,23,31,59,60,127] [7,17,40,53,60,89,103,115] [18,21,53,55,78,97,103,123] [8,26,47,53,56,63,71,75] [18,24,51,59,60,75,87,109] [5,26,57,64,65,72,103,116] [0,10,45,49,87,94,96,122] [14,26,53,68,98,108,112,116] [7,28,30,37,49,61,86,89] [9,53,56,65,73,85,97,126] [25,26,28,32,44,82,91,104] [4,8,80,90,99,103,107,110] [2,10,16,23,44,55,94,95] [7,40,53,60,83,89,102,115] [1,18,53,55,78,83,102,103] [8,13,30,42,56,75,100,107] [3,18,45,51,59,60,87,109] [5,26,64,72,95,103,104,116] [0,10,22,45,60,94,103,114] [14,51,52,69,83,98,108,116] [6,7,28,67,86,89,101,105] [6,42,53,56,60,65,73,126] [21,25,32,40,44,68,75,76] [8,21,23,55,57,79,80,95] [1,6,10,23,56,60,69,94] [7,14,40,60,83,89,102,115] [1,15,53,97,102,103,106,117] [22,24,37,59,68,73,115,125] [4,26,43,44,49,81,100,104] [6,8,32,37,45,54,80,81] [10,22,27,80,87,94,112,127] [5,36,44,52,55,80,82,124] [27,32,34,35,86,90,95,117]
Token  78: [0,2,12,51,62,93,116,126] [45,53,58,76,83,86,122,123] [7,9,24,70,72,117,120,121] [1,16,26,47,64,76,100,118] [0,7,22,25,65,77,91,124] [16,73,79,80,82,102,111,126] [8,30,42,47,56,100,112,123] [39,51,60,72,87,95,98,100] [5,27,64,90,99,103,106,116] [0,8,22,45,89,92,94,103] [2,5,14,52,53,83,108,123] [7,13,28,58,67,86,89,115] [34,53,54,56,60,69,104,115] [13,21,24,25,29,44,64,79] [3,8,11,19,28,55,63,110] [10,16,23,38,55,69,95,112] [40,48,53,60,91,111,115,121] [1,45,53,55,78,99,103,123] [8,13,26,47,56,58,75,100] [3,43,51,59,60,87,95,100] [5,26,44,64,90,99,103,116] [0,10,22,45,60,94,96,103] [2,6,14,51,53,75,83,98] [7,9,28,30,58,60,86,89] [2,9,34,39,53,56,69,104] [24,25,30,32,44,77,91,121] [8,11,19,28,55,90,103,110] [4,10,16,44,69,87,94,112] [20,53,73,89,102,111,115,121] [20,45,51,53,78,97,103,123] [8,13,30,42,56,58,100,112] [3,33,45,51,59,89,95,100] [5,44,72,95,99,103,104,116] [0,10,45,60,76,94,96,103] [6,14,52,69,83,94,98,108] [28,29,58,67,68,86,89,115] [2,6,34,39,53,56,69,73] [24,25,32,40,44,68,89,91] [3,8,11,19,55,62,103,110] [6,10,17,55,56,69,87,94] [14,45,53,73,89,102,111,115] [45,49,51,53,61,85,103,120] [20,31,50,66,75,89,114,116] [2,26,44,72,75,94,113,120] [6,8,32,54,94,104,113,114] [10,22,26,63,86,87,119,127] [17,42,74,84,96,97,103,109] [27,46,54,58,72,79,84,90]
Token  79: [11,47,61,81,84,92,93,118] [19,23,33,41,76,83,86,123] [7,9,24,59,87,116,117,120] [1,26,37,76,78,109,117,118] [0,7,65,77,86,91,111,126] [2,16,34,80,82,102,111,126] [10,39,47,63,85,100,104,123] [33,36,43,51,94,95,100,106] [28,39,44,55,90,99,103,122] [0,45,48,80,89,102,103,127] [7,18,39,52,83,108,119,123] [13,28,29,36,47,58,67,86] [25,34,39,61,63,68,87,102] [13,18,25,29,44,63,91,121] [3,8,11,19,23,28,39,55] [1,16,17,23,38,69,95,112] [14,20,43,48,73,102,115,121] [1,14,17,20,45,97,103,122] [10,23,42,52,63,85,100,123] [33,36,43,48,51,89,95,100] [44,80,90,99,103,104,106,122] [0,1,45,60,89,96,103,127] [18,29,50,52,75,83,108,123] [9,28,47,58,60,67,75,105] [9,34,39,61,68,87,91,102] [25,29,32,44,55,77,107,121] [7,11,23,28,37,95,107,110] [1,2,4,16,17,69,94,112] [14,20,43,73,102,114,115,121] [9,14,20,97,103,117,120,124] [10,13,22,39,63,85,100,112] [33,36,43,51,86,94,95,100] [5,44,86,99,103,104,106,122] [1,45,48,60,62,102,103,113] [6,18,52,69,83,108,119,123] [21,28,29,47,58,67,105,115] [34,39,56,61,69,73,87,102] [25,32,40,44,55,65,79,121] [3,7,11,19,21,28,55,95] [1,3,4,6,23,69,86,112] [14,20,43,102,105,115,121,127] [9,14,20,45,97,102,103,117] [5,22,65,68,93,101,115,123] [4,6,36,44,46,81,87,100] [6,20,38,47,54,71,81,104] [10,22,27,32,45,70,80,87] [36,44,52,55,60,67,80,115] [32,34,47,66,86,88,117,123]
Token  80: [17,28,34,51,62,67,68,74] [49,60,75,90,99,114,122,124] [8,24,36,70,72,73,90,120] [39,62,77,78,87,97,117,123] [0,9,20,22,23,29,87,116] [16,24,78,90,97,105,108,117] [39,55,63,85,96,99,100,110] [21,33,43,48,86,94,100,106] [4,44,86,90,95,104,106,122] [0,24,33,60,102,103,113,127] [18,23,52,64,67,83,108,119] [9,21,28,29,47,50,107,111] [25,34,39,61,68,74,87,123] [18,25,63,65,89,102,108,113] [11,23,39,55,63,82,95,110] [1,3,8,16,17,38,69,95] [14,33,42,46,48,51,102,115] [1,2,20,35,75,99,117,122] [10,36,52,55,85,100,110,118] [21,26,33,43,48,51,86,100] [4,5,44,90,103,104,106,122] [0,1,33,47,60,103,113,127] [2,6,18,52,75,95,108,127] [9,16,25,28,30,33,50,114] [6,9,25,34,39,61,122,123] [25,29,63,77,89,102,108,113] [11,30,55,73,82,103,107,110] [9,33,44,54,69,77,87,99] [9,13,14,51,57,100,115,127] [20,35,80,102,104,120,122,124] [0,13,39,55,63,97,99,112] [21,33,36,43,86,89,94,100] [4,44,55,86,90,104,114,122] [0,24,33,47,60,103,113,116] [6,18,23,33,69,98,119,127] [9,21,25,28,30,50,107,114] [34,39,61,73,103,115,122,123] [25,40,89,91,102,113,125,127] [3,11,55,57,64,73,82,95] [1,6,9,33,54,77,86,87] [13,14,30,51,57,100,115,127] [2,20,35,49,62,92,102,124] [5,8,30,36,86,98,102,119] [6,16,26,36,80,87,100,127] [5,6,20,22,38,81,98,104] [10,20,22,30,37,70,103,114] [36,51,52,55,75,115,117,127] [21,26,36,38,66,71,112,120]
Token  81: [28,51,74,87,91,105,112,124] [7,29,30,46,68,92,114,122] [0,6,36,50,72,76,115,125] [11,20,40,55,62,73,97,121] [9,11,20,27,37,68,97,116] [31,48,58,60,78,90,117,119] [39,46,63,64,99,104,110,116] [21,33,36,43,44,82,94,106] [6,35,44,55,86,104,106,122] [0,24,35,80,102,103,115,116] [18,41,52,70,86,95,119,120] [16,28,29,36,55,105,111,114] [25,38,39,61,74,87,103,123] [18,40,41,65,91,109,122,123] [3,7,11,18,23,39,55,95] [1,9,17,20,21,38,40,69] [14,29,33,77,80,84,102,115] [0,9,62,64,65,84,102,117] [10,46,63,64,104,110,116,118] [21,33,43,44,48,82,94,100] [44,55,86,90,104,106,108,122] [1,24,35,76,80,102,103,127] [18,23,52,70,95,119,120,124] [9,16,28,29,68,97,105,114] [25,38,58,61,74,87,102,123] [18,25,40,57,91,101,106,109] [3,7,11,18,23,29,73,95] [2,8,9,17,20,54,69,77] [14,23,29,32,77,91,115,127] [13,26,64,65,84,120,122,124] [9,10,36,39,63,99,112,118] [21,26,33,43,48,86,94,100] [6,13,20,44,86,90,104,122] [0,35,62,80,102,103,115,116] [18,23,52,69,70,95,119,124] [9,25,28,29,30,42,55,114] [0,25,34,38,39,61,73,103] [18,36,41,57,89,91,109,123] [11,18,47,55,60,71,95,102] [6,9,20,40,54,77,86,107] [6,14,23,29,44,77,110,115] [0,9,36,63,64,65,102,115] [23,24,25,49,59,68,90,126] [18,26,47,49,74,100,121,125] [5,6,38,80,94,98,108,110] [5,10,22,26,47,83,86,87] [1,10,26,33,36,45,96,124] [11,15,28,31,61,82,121,127]
Token  82: [0,31,38,53,68,69,81,107] [31,62,75,83,98,115,122,126] [6,50,62,72,115,117,120,123] [10,11,20,55,62,97,119,121] [9,11,18,39,40,91,97,111] [4,16,58,78,90,97,111,117] [39,41,63,64,85,99,100,123] [21,33,43,48,86,94,100,106] [28,35,44,51,55,86,90,122] [0,24,43,48,80,102,103,127] [14,18,23,52,70,83,119,123] [9,13,28,29,47,102,111,115] [25,39,61,68,69,74,120,123] [18,25,29,55,63,79,121,122] [3,9,11,23,28,55,84,95] [3,17,21,38,50,69,112,115] [14,20,33,42,48,91,115,121] [1,12,14,45,75,93,97,122] [10,13,47,52,63,99,100,112] [1,21,33,43,48,72,94,100] [5,28,44,51,90,104,108,123] [0,43,47,48,51,71,92,103] [6,14,18,29,70,75,120,123] [9,13,28,30,58,102,110,111] [34,39,43,47,61,69,120,123] [24,25,31,49,55,59,79,121] [11,23,28,29,55,82,84,110] [4,9,17,40,50,51,98,115] [14,20,30,80,91,98,115,121] [13,14,45,80,82,97,124,126] [8,13,63,89,104,107,111,112] [19,33,44,82,94,95,100,106] [5,28,35,44,72,86,90,123] [43,48,62,71,76,80,102,111] [6,13,14,18,85,94,120,123] [13,28,29,47,58,102,115,122] [2,30,34,36,39,60,61,120] [49,55,68,79,106,107,121,125] [3,10,11,28,53,55,57,84] [4,6,17,40,50,89,115,120] [4,14,20,30,80,105,115,121] [1,14,20,45,82,97,103,124] [41,43,65,80,93,101,115,119] [4,36,41,46,65,87,100,104] [6,27,54,56,64,71,98,104] [2,12,22,27,32,37,45,114] [22,52,55,61,67,101,117,127] [32,34,55,71,73,85,86,117]
Token  83: [28,33,42,64,75,82,91,122] [24,28,56,57,60,73,90,122] [4,5,17,36,46,57,107,127] [9,20,24,37,66,67,74,103] [11,37,46,53,60,70,95,114] [18,31,52,53,75,79,93,110] [22,46,63,87,89,104,107,111] [7,9,24,32,44,82,94,106] [17,18,21,22,38,67,90,123] [0,7,17,76,80,82,102,111] [13,18,69,82,85,91,94,103] [3,18,28,59,90,100,102,116] [2,26,34,39,71,74,96,127] [2,18,40,47,58,63,91,106] [3,11,15,23,55,109,111,115] [2,16,17,21,32,40,89,127] [1,28,48,80,81,100,105,115] [1,18,55,75,82,92,99,122] [22,34,44,52,63,87,112,118] [1,2,33,36,45,48,82,100] [18,44,61,65,90,103,104,114] [0,10,47,49,60,62,96,122] [2,10,13,18,29,83,86,127] [9,25,28,30,37,65,92,122] [9,26,30,39,55,56,67,95] [2,25,47,63,73,77,99,125] [7,14,30,37,91,103,107,110] [0,2,16,26,44,48,54,83] [28,42,48,53,83,87,100,103] [18,54,72,93,104,118,122,123] [30,34,39,44,75,87,88,112] [3,18,33,39,45,51,100,109] [5,9,15,35,46,90,101,103] [0,10,23,49,96,104,111,114] [5,7,9,13,36,82,86,127] [4,21,25,28,53,79,99,121] [2,4,24,36,41,78,92,127] [20,52,61,87,89,92,93,112] [14,15,22,26,59,72,74,92] [0,25,32,44,89,106,110,117] [27,28,35,80,82,100,115,122] [18,54,75,81,82,93,99,124] [4,17,33,50,69,70,80,106] [7,24,41,61,75,80,82,83] [9,11,42,52,62,82,96,104] [48,51,67,77,88,98,114,117] [14,21,33,35,46,54,63,90] [6,17,23,39,53,80,96,119]
Token  84: [4,24,38,48,92,111,118,122] [23,24,31,56,57,73,92,122] [4,12,17,36,46,70,81,127] [9,24,30,39,56,77,123,127] [5,6,7,11,57,60,68,95] [0,18,31,32,35,84,93,115] [20,22,49,87,103,104,111,124] [7,12,13,19,32,44,46,82] [5,40,47,67,76,94,119,123] [0,7,17,35,68,80,82,99] [7,25,43,71,82,91,94,124] [18,25,48,59,73,90,99,100] [2,14,26,43,46,65,73,127] [18,29,63,89,91,92,104,112] [3,53,55,57,71,92,109,115] [17,32,40,50,75,89,121,125] [14,35,50,78,80,84,101,115] [18,36,62,80,82,92,100,112] [22,46,63,66,87,104,116,127] [32,33,44,73,82,94,100,106] [22,37,43,53,67,86,94,123] [0,7,68,69,76,80,102,111] [9,10,18,23,30,71,81,83] [28,37,53,65,67,78,99,100] [2,34,43,47,74,78,102,124] [2,23,27,42,92,99,106,112] [3,27,49,53,57,66,86,116] [3,6,35,40,58,76,82,120] [1,14,42,73,80,84,113,114] [30,59,72,75,82,100,103,124] [46,52,55,63,66,104,110,116] [32,44,73,82,94,100,106,110] [9,43,67,86,90,94,106,123] [25,26,57,68,69,80,102,113] [7,9,10,18,30,71,81,94] [0,4,15,25,65,99,104,111] [4,14,34,42,47,62,92,115] [20,27,52,85,89,91,92,112] [15,22,27,49,53,92,116,125] [0,25,32,50,77,89,110,125] [27,28,35,80,82,98,100,115] [18,49,75,82,93,99,100,124] [4,17,33,58,69,70,96,106] [24,41,61,75,82,83,91,98] [9,11,42,62,66,82,104,114] [31,48,67,77,88,114,117,120] [14,26,33,43,54,62,63,99] [6,17,18,23,39,53,80,96]
Token  85: [4,22,24,38,47,117,118,122] [31,40,57,63,73,77,92,122] [4,10,12,36,57,60,103,104] [9,28,30,39,73,80,87,117] [14,20,34,40,43,82,100,124] [0,18,19,20,24,74,93,120] [4,14,49,65,103,104,109,111] [1,7,32,44,52,74,82,106] [5,17,56,67,76,88,94,123] [7,21,34,35,60,76,80,99] [7,25,51,54,66,82,94,126] [25,31,65,73,99,100,107,116] [2,4,14,22,26,47,92,127] [18,20,62,89,91,92,112,127] [14,15,22,42,60,84,113,115] [17,26,32,38,40,75,89,119] [1,12,14,30,80,94,100,127] [18,36,80,82,92,100,121,124] [22,63,87,89,103,104,107,118] [19,32,33,44,82,94,100,106] [5,18,22,53,86,94,114,123] [0,7,47,76,80,82,102,111] [7,18,23,36,54,71,94,103] [17,22,25,31,90,99,102,110] [22,34,36,47,92,93,122,127] [13,20,29,47,51,52,92,106] [3,15,24,59,84,92,113,116] [25,26,40,50,58,84,89,119] [1,14,25,49,80,91,100,113] [13,68,92,99,100,105,122,124] [3,25,39,63,87,89,97,120] [32,33,44,56,82,94,100,106] [3,5,40,45,76,90,94,123] [2,7,17,21,63,80,82,95] [30,54,71,82,91,94,115,126] [21,22,25,28,53,99,100,107] [14,47,50,62,92,93,122,127] [13,27,52,89,91,92,106,112] [15,24,55,73,87,92,109,116] [17,32,40,58,84,89,106,125] [13,28,39,46,80,94,100,115] [49,75,80,81,82,93,100,124] [30,33,43,50,69,80,106,114] [27,41,46,68,75,82,100,104] [6,11,27,39,52,56,104,107] [2,4,12,16,37,45,114,117] [13,14,21,51,52,55,68,127] [21,48,57,58,71,82,110,112]
Token  86: [28,30,42,47,64,75,82,122] [5,30,40,52,63,92,96,122] [5,36,41,56,60,64,115,125] [9,12,30,34,69,78,80,109] [6,7,11,21,57,60,70,93] [0,18,24,35,46,83,93,110] [63,87,89,98,104,108,118,124] [7,19,32,44,45,82,100,106] [18,35,45,67,94,118,123,124] [7,17,35,67,68,80,82,102] [21,25,51,71,82,91,94,124] [22,48,53,55,60,73,99,100] [2,4,11,14,26,27,34,127] [18,51,62,91,92,106,112,117] [3,14,15,24,53,55,60,109] [17,32,38,40,58,89,120,126] [14,80,94,100,105,106,108,115] [1,18,36,77,82,100,122,124] [22,63,87,89,104,116,118,124] [32,33,44,82,88,94,100,106] [5,18,44,45,53,67,86,123] [0,7,47,66,67,68,80,102] [13,18,23,34,36,40,70,94] [25,53,60,90,94,99,111,116] [2,11,34,36,41,61,74,122] [36,47,53,55,63,91,106,117] [2,3,15,24,29,59,83,110] [2,6,11,17,26,40,58,99] [14,80,91,93,94,100,107,113] [26,37,68,77,82,88,93,100] [25,39,63,87,89,104,116,124] [2,33,40,44,82,94,100,106] [18,35,45,86,90,94,101,123] [7,17,41,68,80,102,106,111] [13,18,23,36,71,82,94,100] [17,21,22,25,28,30,81,99] [2,4,18,36,39,61,78,127] [27,68,89,91,92,106,112,125] [3,15,19,24,73,83,87,109] [26,32,40,50,83,89,106,125] [28,80,93,94,100,109,112,115] [26,49,54,77,81,82,100,118] [24,25,30,33,43,70,86,109] [46,55,61,68,74,82,100,104] [6,9,11,42,52,57,64,104] [16,26,29,45,48,76,88,114] [3,26,33,51,52,53,77,113] [28,39,42,58,61,82,83,110]
Token  87: [6,7,37,50,72,75,78,122] [9,13,63,65,87,96,122,127] [2,5,36,41,56,60,64,127] [2,9,18,19,28,34,91,124] [6,7,11,30,57,60,70,93] [0,18,35,43,55,93,110,122] [20,63,87,104,108,111,118,124] [1,7,19,32,44,82,106,122] [30,35,67,83,87,94,119,123] [7,17,67,68,80,100,102,111] [13,15,18,27,63,82,94,124] [29,53,72,73,99,100,116,122] [2,4,34,36,64,74,94,127] [8,18,62,63,91,106,107,112] [3,7,23,55,64,68,109,111] [17,32,40,54,80,89,120,126] [14,44,80,91,101,108,114,115] [0,11,34,36,63,77,88,122] [22,23,52,63,64,104,111,118] [2,21,33,44,48,82,94,100] [30,35,44,55,83,86,90,122] [7,17,41,47,62,80,100,102] [13,15,18,27,52,85,119,127] [9,29,42,53,56,99,116,122] [0,2,34,36,38,54,61,94] [2,8,18,57,63,106,109,123] [14,18,23,60,64,71,73,110] [2,6,17,32,40,54,69,126] [10,14,44,77,80,91,93,108] [0,11,26,63,65,77,88,122] [13,22,39,52,63,87,112,118] [2,33,43,51,82,86,94,100] [20,35,44,83,86,90,103,122] [7,35,41,47,80,102,103,111] [6,18,23,82,86,119,124,127] [9,21,28,29,42,55,73,99] [0,2,25,38,39,55,61,94] [8,18,57,62,63,109,112,123] [3,11,15,18,33,37,55,60] [2,20,32,54,69,80,107,126] [29,44,77,91,93,108,115,127] [0,26,63,64,65,77,103,121] [23,24,49,50,68,69,90,126] [8,46,47,49,56,82,100,121] [6,11,19,39,47,80,94,110] [5,22,47,63,83,87,114,119] [1,10,45,52,55,122,123,124] [4,11,28,31,42,44,82,127]
Token  88: [22,31,47,63,83,101,111,120] [2,8,34,41,49,57,96,122] [10,41,53,62,67,88,120,123] [3,20,22,34,89,97,114,123] [7,11,37,40,76,79,85,106] [2,4,16,42,61,75,90,125] [39,47,56,63,85,100,104,105] [21,33,43,49,86,94,95,100] [35,44,66,84,86,90,103,122] [0,71,80,98,102,103,110,111] [13,18,52,61,73,85,90,119] [9,26,28,29,49,61,111,125] [25,34,39,61,65,74,104,107] [2,6,18,25,28,29,80,118] [10,11,23,48,55,95,110,111] [16,17,23,38,44,69,85,99] [1,8,48,53,102,114,115,124] [1,19,75,77,88,97,99,122] [10,52,56,100,105,112,118,123] [1,33,43,48,49,51,100,109] [44,66,84,90,103,116,121,122] [0,9,96,98,103,110,125,127] [2,6,61,73,75,90,105,127] [9,24,26,28,30,49,61,103] [6,9,15,23,39,56,99,107] [6,25,28,29,63,71,80,118] [10,11,48,55,79,103,107,110] [2,8,16,21,44,85,94,118] [8,14,53,73,98,102,115,124] [19,20,97,102,103,104,120,124] [8,13,56,88,97,100,107,112] [5,33,49,51,86,89,95,100] [5,44,66,90,95,103,104,116] [0,60,96,98,102,103,104,113] [6,52,69,73,75,86,90,98] [21,26,28,29,49,78,101,107] [23,34,39,56,61,73,79,107] [6,25,28,40,80,89,91,118] [10,11,21,28,48,55,95,110] [1,6,17,23,55,69,85,94] [8,14,20,83,102,115,124,127] [14,19,20,97,102,103,106,117] [5,21,22,65,68,101,115,123] [2,6,26,36,46,81,87,100] [0,6,54,69,71,81,98,104] [12,20,22,37,45,80,114,127] [44,52,55,60,67,75,80,98] [0,28,32,34,61,83,104,117]
Token  89: [14,22,24,51,57,103,106,118] [3,8,9,25,34,48,56,122] [10,36,53,70,72,90,120,122] [26,29,34,36,64,78,94,109] [7,11,29,40,63,77,79,86] [16,18,31,42,47,51,96,105] [46,63,85,100,104,111,112,123] [33,43,44,48,82,94,95,100] [17,28,44,66,95,99,122,123] [0,32,38,76,79,80,98,103] [6,23,73,75,83,90,107,123] [9,14,26,28,69,81,92,109] [25,34,39,61,74,79,107,125] [6,18,25,30,66,80,83,118] [10,11,15,16,55,83,105,110] [21,23,38,44,64,99,125,127] [12,14,42,43,53,100,115,119] [1,2,20,35,75,82,99,122] [9,13,28,47,52,104,112,118] [1,45,48,51,89,95,100,109] [5,11,65,66,90,103,114,116] [0,38,49,60,79,96,98,111] [2,29,51,73,75,89,90,94] [1,4,9,26,28,92,103,109] [9,19,39,62,67,92,93,107] [25,29,31,35,66,80,113,118] [10,11,16,83,103,105,107,110] [2,16,21,39,44,68,99,118] [8,12,53,91,98,115,119,127] [2,20,35,66,104,107,120,124] [13,39,85,97,100,107,110,112] [5,51,56,60,86,89,95,100] [5,90,95,103,104,108,109,122] [0,22,32,76,96,102,103,113] [6,52,73,75,76,86,108,119] [21,26,28,29,67,69,92,109] [6,34,39,61,62,74,87,107] [25,40,65,66,71,76,113,125] [10,11,16,21,55,95,105,110] [1,3,4,6,23,55,56,69] [12,14,18,43,102,115,119,127] [2,20,35,66,102,103,106,117] [5,18,22,27,68,93,102,123] [6,26,29,36,44,87,100,127] [6,20,38,48,69,81,83,98] [10,12,20,22,37,45,70,80] [22,36,44,55,60,80,115,117] [36,47,66,86,88,120,123,124]
Token  90: [17,28,34,51,67,77,91,125] [2,8,16,48,74,75,114,122] [8,41,64,70,72,74,90,125] [29,62,68,73,77,78,109,124] [7,11,22,51,77,86,87,113] [18,54,75,78,96,105,117,122] [63,64,85,97,100,104,110,127] [21,33,44,51,82,94,106,110] [4,35,44,86,95,103,104,122] [22,24,32,33,80,103,113,127] [23,29,52,64,73,75,107,108] [9,14,23,50,69,92,107,125] [25,39,41,61,74,78,107,118] [18,29,63,65,83,91,102,113] [10,11,16,55,63,64,110,111] [2,3,23,38,44,50,55,127] [1,14,43,51,84,102,109,115] [1,20,35,66,102,107,117,122] [10,36,39,41,75,85,110,112] [21,26,33,48,51,86,100,110] [4,5,44,86,90,95,103,122] [0,14,24,33,76,79,103,127] [6,23,29,41,64,75,86,108] [1,4,9,20,28,50,92,107] [6,9,39,61,62,67,74,118] [13,25,29,71,83,89,102,113] [2,11,16,55,64,73,107,110] [2,6,8,44,50,55,69,87] [14,43,51,91,96,109,115,127] [2,20,35,66,102,104,107,117] [13,34,39,85,97,100,110,112] [5,44,51,60,86,89,94,100] [4,5,44,95,103,104,106,122] [1,22,24,32,33,102,103,113] [6,33,41,52,75,86,108,119] [21,28,29,50,92,101,107,116] [6,39,42,61,62,74,87,118] [40,65,71,89,91,102,125,127] [11,16,21,55,64,82,95,110] [1,6,31,33,55,56,69,77] [13,43,51,100,102,109,115,127] [2,6,20,35,66,102,117,124] [5,18,22,27,86,98,102,123] [6,16,26,29,41,44,87,100] [6,20,27,38,48,81,83,104] [10,20,22,37,45,70,80,104] [22,36,52,55,80,98,115,127] [26,36,47,66,71,88,120,123]
Token  91: [27,28,34,37,50,68,72,106] [14,20,25,52,67,99,113,122] [52,62,70,72,74,77,107,120] [29,62,77,78,80,94,121,127] [11,20,29,40,51,52,87,113] [16,18,56,58,78,99,116,117] [46,55,63,89,97,100,110,116] [21,33,36,43,48,94,100,106] [44,45,55,67,86,90,104,122] [0,32,33,80,92,102,106,107] [9,18,29,52,56,69,98,119] [3,4,7,21,28,29,107,125] [2,4,34,39,61,65,74,123] [18,40,58,65,91,103,108,124] [3,11,17,23,39,49,81,110] [6,8,16,17,55,59,69,95] [14,33,81,82,83,102,103,115] [1,17,18,21,35,99,103,117] [8,10,34,42,52,63,100,105] [33,43,49,51,60,89,100,112] [15,44,65,84,95,103,121,122] [9,10,49,80,96,110,111,125] [2,13,18,30,56,61,86,105] [9,23,24,28,49,61,114,122] [2,6,9,15,33,34,43,99] [15,25,28,58,63,77,106,125] [7,8,14,23,48,49,90,110] [2,6,8,16,69,90,94,95] [9,42,48,53,62,82,83,103] [9,72,93,103,104,118,120,122] [22,30,34,42,63,75,105,112] [33,39,48,49,51,60,89,100] [5,9,15,44,84,101,103,121] [9,49,89,96,103,110,111,114] [6,7,18,33,39,61,85,105] [4,9,28,43,61,99,114,121] [2,28,34,39,74,92,102,108] [20,25,40,52,61,89,91,112] [3,23,37,49,55,57,92,125] [0,25,33,50,77,87,89,94] [33,35,40,53,82,100,101,115] [6,53,92,99,103,106,117,124] [4,16,22,30,66,80,86,123] [16,26,41,44,91,100,112,127] [5,6,22,27,34,42,62,81] [4,10,12,22,24,45,101,104] [11,19,22,36,52,55,61,80] [0,2,23,38,39,98,101,125]
Token  92: [4,22,28,38,46,74,86,101] [7,19,78,89,91,105,114,122] [16,36,62,77,112,120,121,125] [11,20,59,65,73,78,118,127] [9,11,18,37,51,60,116,122] [4,5,16,18,55,58,78,116] [7,46,55,63,89,100,110,112] [21,33,43,44,82,94,100,106] [4,13,21,67,86,95,104,122] [0,5,24,68,76,80,97,102] [9,52,69,71,94,98,119,120] [3,21,23,25,28,29,68,107] [2,4,34,39,61,65,74,123] [18,40,59,65,89,91,104,127] [3,7,23,26,34,39,57,95] [1,6,16,40,69,94,95,121] [14,33,80,83,84,102,115,127] [9,17,35,102,103,106,112,117] [10,22,23,42,63,64,85,110] [33,36,43,44,51,89,94,100] [44,80,86,90,95,104,106,122] [1,24,76,80,89,102,103,127] [9,18,52,64,83,86,108,119] [14,29,67,92,105,107,114,115] [12,34,58,61,74,87,102,124] [25,40,65,71,91,99,101,115] [7,23,34,37,39,58,95,107] [1,9,35,69,84,86,94,95] [14,18,45,80,84,102,114,127] [9,17,72,102,103,106,117,120] [10,22,46,63,64,99,104,110] [5,21,33,36,44,82,94,106] [5,9,44,55,86,104,106,122] [1,22,24,62,76,80,102,103] [7,52,62,64,85,86,108,119] [0,4,20,29,68,78,79,114] [2,14,42,58,61,74,92,102] [20,25,29,40,52,61,101,112] [3,23,26,37,57,95,115,125] [0,11,25,32,40,50,75,120] [14,30,35,42,80,82,107,127] [12,34,49,54,59,88,93,99] [4,17,30,56,66,70,111,116] [2,16,18,61,72,80,99,111] [5,6,11,23,25,42,62,113] [26,29,48,51,67,76,88,98] [18,26,33,43,54,74,90,94] [17,23,39,42,53,61,80,114]
Token  93: [3,12,24,29,66,67,77,92] [7,46,52,67,89,91,113,114] [9,49,70,73,76,118,120,121] [19,40,62,78,80,97,118,121] [11,22,27,44,51,60,86,116] [16,45,48,58,78,96,116,117] [63,64,85,97,100,104,110,118] [21,33,43,48,82,94,100,110] [6,44,67,80,86,95,106,122] [0,24,32,80,102,103,113,127] [16,18,52,64,95,107,108,119] [16,28,29,36,69,92,107,114] [25,38,39,61,74,87,92,123] [18,20,40,41,52,102,108,109] [3,11,16,23,39,55,62,82] [1,3,6,20,38,40,50,55] [14,29,77,84,98,102,115,127] [0,62,65,75,102,106,117,122] [10,46,63,64,85,110,116,118] [21,33,43,44,89,94,100,110] [44,80,86,95,104,106,108,122] [1,24,76,79,102,103,113,127] [18,23,39,52,64,95,108,119] [9,16,29,92,105,107,111,114] [34,38,39,61,67,74,87,123] [18,24,35,40,59,101,102,108] [11,23,47,73,82,95,110,116] [2,6,20,40,50,69,77,95] [14,29,77,91,98,109,115,127] [0,64,65,84,100,102,103,120] [9,10,55,85,97,110,112,118] [5,33,43,51,86,94,98,100] [5,6,44,86,104,106,108,122] [22,24,35,76,79,102,103,127] [18,23,52,95,107,108,119,120] [9,16,28,29,68,92,97,114] [25,39,61,67,74,101,103,123] [18,40,41,57,89,91,109,123] [3,11,18,47,55,82,95,111] [6,17,20,31,46,77,90,107] [14,29,44,77,89,109,115,127] [0,36,64,65,75,93,102,103] [3,14,20,30,49,59,68,90] [26,46,74,75,94,100,121,125] [6,13,39,69,83,94,104,110] [5,24,26,39,47,63,86,114] [20,53,62,93,96,110,123,125] [11,28,46,61,65,82,83,94]
Token  94: [9,24,31,53,68,69,81,107] [13,30,46,75,83,91,98,113] [59,62,70,72,117,120,121,123] [10,62,78,97,100,111,118,121] [11,26,29,53,63,91,111,116] [16,58,78,90,96,111,117,122] [10,39,63,85,97,100,110,112] [21,33,43,48,94,98,100,110] [28,39,44,51,86,90,95,122] [0,24,43,48,80,102,103,127] [6,23,34,52,64,98,107,108] [13,29,36,47,69,92,102,110] [25,39,61,68,74,112,120,123] [18,20,31,55,63,65,108,121] [9,11,19,28,82,84,116,123] [3,6,33,38,50,84,112,117] [14,20,33,42,76,100,121,127] [1,14,75,82,97,122,123,124] [9,13,46,63,85,89,110,112] [5,26,33,43,44,89,100,110] [5,28,37,44,51,86,90,104] [0,43,48,76,79,102,103,127] [6,29,34,67,75,119,121,123] [4,9,13,29,69,92,102,111] [39,61,62,67,74,92,120,123] [13,24,31,35,49,55,108,121] [9,11,57,82,83,84,107,110] [2,4,6,33,50,98,112,115] [14,20,84,91,98,115,121,127] [14,45,82,97,100,102,120,124] [13,22,34,46,63,85,89,112] [19,33,44,56,63,82,94,100] [5,21,28,72,86,104,108,123] [5,43,48,66,68,76,80,102] [6,14,18,29,94,119,120,123] [13,21,28,29,47,87,92,102] [34,39,43,61,62,74,85,120] [40,49,55,68,89,91,107,121] [11,19,28,55,57,82,84,95] [3,4,6,17,40,50,58,89] [20,80,84,93,101,105,115,121] [9,14,45,62,82,97,102,124] [30,41,65,68,80,101,115,119] [4,20,36,46,65,75,100,124] [6,54,56,71,92,98,104,108] [2,4,22,32,45,54,114,127] [14,52,55,63,67,75,119,125] [0,32,34,42,55,61,99,117]
Token  95: [14,24,51,57,74,101,103,106] [13,30,40,44,48,57,75,92] [36,70,72,90,92,120,122,123] [10,19,78,95,97,117,121,127] [7,11,26,29,37,57,63,111] [4,18,51,58,74,79,103,105] [44,46,56,63,89,104,111,116] [9,33,43,44,82,94,100,106] [28,38,45,53,67,86,90,123] [0,2,32,68,76,80,102,111] [18,56,63,69,78,85,98,103] [13,21,23,28,29,37,102,109] [2,4,34,39,43,61,74,125] [18,25,31,55,58,66,91,113] [3,11,16,17,84,94,105,110] [6,8,16,17,38,40,120,127] [12,14,48,78,83,105,115,119] [1,2,9,17,18,35,75,103] [10,22,39,46,52,56,63,100] [9,33,36,45,48,51,89,100] [15,44,80,86,90,103,116,122] [0,10,65,76,80,96,102,111] [8,13,18,52,83,85,94,103] [9,22,28,29,65,67,99,109] [2,6,9,28,34,56,61,74] [2,40,42,71,76,77,99,125] [7,8,14,16,23,95,105,110] [6,16,48,72,75,94,95,103] [12,50,73,84,102,115,119,127] [4,9,17,72,82,93,103,107] [10,30,34,42,52,56,83,100] [5,9,33,34,44,48,95,100] [9,15,44,86,90,103,116,122] [10,24,65,89,96,102,103,118] [5,7,13,18,37,39,52,62] [4,21,28,78,109,114,115,121] [2,34,39,61,80,92,102,108] [20,23,27,40,66,76,89,106] [3,16,53,57,87,105,110,125] [17,34,40,63,72,88,89,100] [12,80,93,98,105,115,119,127] [2,35,62,66,82,100,120,124] [18,27,30,71,80,92,102,115] [6,20,29,36,46,65,87,104] [6,30,48,56,64,92,98,104] [20,22,27,45,54,58,70,114] [52,55,60,63,75,115,119,127] [7,36,47,58,71,112,120,124]
Token  96: [6,28,33,37,64,75,82,91] [28,33,37,48,71,104,105,122] [5,36,46,60,64,78,111,125] [3,14,20,24,32,70,93,103] [5,7,11,30,37,43,57,60] [0,35,74,86,87,93,115,119] [20,46,102,103,104,111,116,118] [7,19,44,63,82,94,100,106] [43,50,60,67,86,94,108,123] [5,7,17,32,35,68,80,102] [10,13,18,82,91,94,119,124] [25,29,53,73,97,99,100,116] [4,14,34,39,43,46,61,74] [18,40,57,62,91,106,109,112] [3,15,16,18,26,53,60,111] [6,32,40,54,80,82,125,126] [44,80,84,93,98,108,115,127] [0,26,36,62,77,82,92,101] [22,46,63,64,103,104,116,118] [19,33,44,63,82,94,100,106] [20,21,43,44,50,86,94,108] [5,7,17,35,47,68,80,102] [13,18,23,82,91,94,119,124] [9,28,29,42,92,99,100,116] [0,34,36,38,43,61,74,127] [18,40,57,63,106,109,112,123] [15,23,26,53,60,71,73,95] [6,17,32,40,58,80,125,126] [13,14,44,80,84,93,108,115] [0,26,36,62,82,92,103,122] [46,63,85,87,103,112,116,118] [19,33,43,44,82,94,100,106] [20,21,43,44,50,86,94,106] [7,35,40,41,47,68,80,102] [18,23,55,71,82,103,119,124] [9,25,29,73,92,99,100,116] [0,25,34,38,39,43,61,74] [18,57,62,89,109,112,123,127] [3,11,15,18,26,33,55,61] [6,20,32,40,80,107,125,126] [29,44,77,84,91,93,115,127] [0,9,26,36,62,63,65,102] [18,24,33,68,80,90,106,126] [8,18,20,46,47,82,104,121] [6,11,80,92,94,98,110,116] [5,22,26,27,45,47,83,87] [1,10,19,45,52,55,75,117] [4,15,21,31,42,82,121,127]
Token  97: [0,4,69,81,92,93,107,120] [2,37,40,60,73,83,105,122] [36,68,72,116,117,120,123,125] [13,20,26,89,95,97,99,106] [7,11,26,40,79,91,102,111] [2,4,16,55,58,90,111,125] [43,46,47,63,85,88,110,116] [21,33,43,44,72,86,94,100] [21,27,28,35,39,44,86,99] [24,43,68,76,102,105,111,127] [6,14,18,52,64,108,119,123] [3,13,23,29,58,86,92,99] [25,34,39,61,69,71,74,120] [18,40,55,78,79,87,95,121] [15,23,28,55,57,84,95,111] [1,3,6,34,38,50,69,125] [14,20,33,84,102,115,121,127] [30,45,62,75,77,99,102,117] [10,46,52,85,89,100,101,110] [43,44,72,86,89,94,100,110] [21,28,44,86,104,106,108,122] [0,24,68,76,79,102,103,127] [6,18,23,39,52,108,119,123] [9,13,28,29,58,92,99,114] [9,34,39,61,69,74,87,123] [29,40,59,63,87,91,95,97] [11,14,73,82,84,86,95,110] [2,6,26,32,34,69,99,100] [14,20,91,100,107,115,121,127] [30,34,45,77,99,100,102,124] [9,13,22,85,88,89,97,112] [5,43,44,56,72,86,94,100] [5,27,28,32,86,90,104,108] [0,24,43,76,79,102,105,106] [6,14,18,76,85,119,120,123] [13,21,28,29,58,86,92,99] [28,36,39,61,69,74,92,120] [40,55,79,89,91,107,121,125] [11,28,55,57,84,95,101,110] [3,4,6,32,34,40,94,100] [20,30,43,80,100,115,121,127] [9,14,30,45,97,102,121,124] [3,30,55,68,80,101,115,119] [4,5,26,36,46,75,100,104] [6,27,38,54,69,71,98,104] [2,12,20,22,45,93,114,127] [19,52,55,60,63,67,98,117] [32,34,55,58,61,65,112,117]
Token  98: [4,14,51,57,70,101,106,127] [39,40,48,57,60,73,92,105] [16,36,68,70,72,90,125,126] [10,20,78,87,95,97,106,114] [7,11,26,51,95,100,102,111] [18,51,55,64,97,103,104,105] [14,34,44,56,58,63,89,116] [9,24,33,72,82,94,100,109] [17,28,38,45,53,90,99,114] [0,2,17,49,76,80,96,105] [3,32,56,68,69,78,85,123] [13,23,24,28,58,60,109,125] [2,4,9,15,23,56,69,125] [15,23,25,28,58,66,103,118] [11,17,63,81,90,100,105,110] [8,10,16,34,38,70,85,101] [12,48,65,81,83,103,115,119] [1,18,19,21,30,55,83,99] [8,24,34,44,63,75,88,105] [18,39,49,51,100,106,109,112] [26,46,65,84,101,103,116,121] [0,9,10,49,96,110,122,125] [2,13,56,61,86,105,116,126] [9,23,24,28,30,49,61,99] [4,9,15,33,49,56,99,125] [0,15,25,28,58,63,95,99] [14,16,48,81,90,103,107,110] [2,16,44,49,59,83,90,117] [53,65,83,87,89,103,105,119] [1,18,51,55,72,83,93,99] [24,30,34,53,63,75,105,112] [18,45,51,56,60,100,109,112] [5,9,15,84,90,99,103,121] [0,9,32,43,49,96,110,125] [2,13,16,56,61,98,105,116] [4,13,21,23,28,94,109,121] [32,34,56,69,73,92,108,125] [20,25,36,71,89,91,112,125] [16,57,81,84,101,105,110,125] [2,16,17,32,34,59,100,106] [12,14,30,53,91,115,119,127] [2,30,35,45,51,66,121,124] [18,27,30,55,80,92,102,115] [6,26,29,36,46,65,75,104] [6,22,27,48,56,69,98,104] [12,20,22,32,37,45,70,114] [22,52,55,60,98,115,117,127] [36,47,85,86,88,112,120,123]
Token  99: [28,33,34,46,64,87,91,110] [9,16,28,48,60,63,116,122] [4,36,42,60,64,68,72,104] [21,24,68,70,73,93,95,106] [5,7,11,37,51,57,60,102] [4,18,55,63,71,93,119,122] [14,43,46,63,85,89,104,118] [5,33,43,44,82,88,94,100] [35,44,45,61,86,100,104,123] [17,24,32,35,41,76,80,102] [33,40,52,82,85,95,103,119] [16,22,29,31,94,100,111,122] [4,14,21,25,36,43,61,74] [2,18,40,74,78,91,102,112] [11,15,16,18,55,57,64,81] [2,6,32,38,40,84,100,127] [14,30,44,54,84,108,115,127] [0,1,9,61,65,75,82,102] [10,14,22,63,85,89,112,118] [5,21,33,43,44,82,89,100] [32,44,61,86,90,104,106,122] [0,24,35,41,47,76,102,103] [5,18,23,82,85,95,103,127] [9,25,28,29,52,92,94,114] [0,9,21,34,38,61,74,108] [29,57,61,63,74,78,95,109] [4,18,37,60,64,81,83,110] [2,6,16,25,32,69,106,126] [14,44,53,54,77,91,108,127] [0,26,61,63,65,102,103,122] [22,34,56,88,97,100,112,118] [3,33,36,45,51,89,100,108] [27,44,53,90,103,104,114,116] [0,35,41,47,76,79,96,103] [5,6,23,82,95,98,124,127] [9,21,25,28,42,92,94,114] [0,25,34,38,39,56,67,94] [18,41,57,63,91,109,112,123] [4,18,22,55,57,64,81,110] [2,6,17,20,32,94,106,107] [29,44,53,77,89,108,115,127] [0,9,61,63,65,85,103,122] [8,20,24,49,68,69,75,126] [16,26,44,47,56,80,120,121] [6,11,69,80,94,102,110,126] [5,12,22,47,82,83,87,107] [1,5,10,37,55,71,123,124] [11,12,15,31,44,82,90,127]
Token 100: [1,51,53,65,69,73,98,100] [15,18,70,82,94,119,122,127] [2,37,38,39,47,57,80,109] [6,16,31,60,75,84,89,117] [7,52,76,81,85,106,115,124] [1,8,25,61,64,66,73,125] [8,34,35,53,71,78,83,105] [18,24,49,59,75,101,109,112] [9,26,46,65,84,103,116,121] [0,9,49,96,103,110,122,125] [53,56,61,68,78,90,105,112] [7,24,28,30,37,49,61,125] [9,15,52,56,73,96,97,99] [6,15,19,26,28,77,80,118] [11,17,20,32,48,90,100,110] [2,10,16,49,59,70,85,101] [8,39,81,83,99,103,115,124] [18,19,21,42,55,78,83,105] [8,24,34,53,71,75,78,105] [18,49,51,59,62,101,109,112] [26,46,65,72,84,103,116,121] [0,9,10,49,96,110,122,125] [2,13,56,61,68,78,98,105] [3,7,23,24,28,30,49,61] [9,15,49,56,65,73,96,99] [0,15,19,26,28,58,77,104] [17,20,32,48,81,90,100,107] [10,44,49,59,70,85,101,127] [39,65,81,83,89,99,103,124] [1,18,19,21,42,55,78,83] [8,24,44,53,63,71,78,105] [18,24,28,49,59,75,109,112] [26,46,57,65,72,84,116,121] [2,9,16,49,84,110,122,125] [26,56,61,68,78,98,105,112] [3,7,21,23,24,49,61,125] [15,56,65,73,79,85,96,99] [0,15,19,26,28,58,78,118] [17,27,48,81,86,90,100,107] [10,12,49,59,70,85,101,127] [17,39,53,73,81,99,103,124] [18,21,42,48,55,69,78,83] [6,31,32,56,64,109,113,114] [31,37,45,71,77,78,88,92] [6,31,47,53,73,90,107,121] [1,22,27,44,85,94,101,107] [11,34,38,84,97,98,102,103] [2,20,73,77,86,101,105,125]
Token 101: [21,28,50,60,62,64,75,87] [6,23,58,74,99,119,122,127] [8,9,46,47,54,70,93,127] [4,38,47,64,82,107,115,124] [11,22,48,52,56,58,81,124] [13,22,24,25,34,68,78,82] [8,24,53,63,71,104,107,108] [18,51,59,60,75,87,109,110] [26,36,46,57,80,103,116,124] [1,49,64,65,84,87,96,122] [26,39,53,68,74,98,112,113] [7,28,30,37,63,89,107,125] [24,56,65,75,96,97,105,116] [0,23,26,32,58,77,82,102] [17,75,81,82,88,90,100,107] [8,10,16,18,49,70,87,95] [7,17,65,73,81,83,103,115] [18,21,27,48,55,69,78,83] [8,26,42,44,52,71,75,79] [9,28,31,51,59,60,75,110] [26,36,38,46,57,65,103,116] [1,49,64,65,84,87,96,122] [26,35,53,68,78,98,112,113] [3,7,37,59,63,89,107,125] [24,52,56,65,73,75,96,97] [0,2,23,26,58,73,82,122] [6,17,75,81,82,90,100,115] [8,10,18,49,70,87,95,120] [7,17,45,65,83,89,103,115] [1,17,18,27,58,69,78,83] [8,26,44,52,63,71,75,79] [28,31,41,45,51,59,109,110] [3,36,46,72,80,103,109,116] [1,49,52,64,65,84,87,127] [26,29,35,53,68,74,98,112] [7,8,28,37,43,63,89,107] [24,56,65,73,75,80,97,116] [0,23,73,82,84,98,101,104] [6,26,34,76,81,82,90,107] [8,10,33,51,70,87,95,103] [7,17,27,45,65,73,89,111] [17,18,26,48,49,58,69,85] [2,20,31,50,58,64,81,116] [2,30,47,77,78,94,96,112] [7,11,29,72,73,82,94,113] [1,22,29,85,86,92,94,107] [33,37,38,46,74,84,103,122] [12,23,42,44,79,82,114,119]
Token 102: [26,38,44,59,60,65,104,114] [23,30,50,58,94,119,124,127] [47,54,84,88,93,109,113,127] [2,14,16,38,39,47,82,84] [25,52,56,58,81,106,109,124] [13,22,24,34,61,68,82,108] [8,30,34,35,71,83,105,110] [16,34,49,51,59,60,75,110] [9,36,46,84,103,109,116,124] [9,10,19,49,65,84,96,114] [26,39,53,56,78,98,112,113] [7,21,24,28,63,67,89,125] [9,15,56,65,96,97,104,116] [15,19,23,28,32,42,58,77] [8,17,20,48,79,88,90,100] [10,16,49,59,70,85,101,103] [1,17,65,73,83,87,115,124] [18,21,33,42,48,69,78,83] [8,30,34,52,71,75,83,105] [18,24,39,51,59,60,109,112] [9,26,46,65,72,103,109,116] [9,10,19,49,96,111,122,125] [39,53,56,68,78,98,112,116] [7,23,28,37,64,67,122,125] [9,56,63,65,96,97,104,116] [0,23,26,32,42,58,77,104] [8,17,20,81,88,90,100,107] [10,16,44,49,59,70,95,101] [39,45,65,73,83,103,115,124] [1,18,21,42,48,69,78,83] [8,24,30,42,53,63,71,75] [18,39,49,51,59,60,106,109] [9,26,46,84,103,109,116,121] [9,10,49,84,92,96,110,122] [30,39,61,78,98,105,112,116] [4,7,21,28,37,49,61,64] [15,28,56,63,65,92,97,116] [0,15,20,23,28,58,84,104] [6,17,20,48,86,90,107,115] [8,10,18,59,70,85,101,103] [8,17,45,65,73,83,114,124] [1,17,18,19,42,48,69,72] [7,31,32,36,39,64,74,123] [23,43,77,78,88,97,104,112] [0,6,53,65,73,98,107,121] [22,27,32,85,94,107,114,127] [38,52,82,84,97,98,102,103] [32,73,85,86,95,109,111,117]
Token 103: [2,21,28,51,54,62,104,126] [6,23,30,58,77,88,95,119] [7,9,10,40,47,51,93,127] [2,16,38,39,59,71,112,124] [11,23,48,56,67,93,104,109] [9,13,18,22,68,74,82,107] [8,16,30,34,39,56,63,97] [31,33,39,45,51,82,100,109] [9,44,90,103,104,109,116,127] [10,19,45,96,102,103,114,127] [5,26,30,32,39,52,53,112] [8,21,28,37,67,82,89,107] [9,15,56,63,96,97,104,116] [10,21,23,25,28,42,77,106] [3,8,23,39,88,90,110,115] [4,8,16,17,23,70,94,95] [45,50,73,78,83,102,115,124] [1,17,18,21,45,48,69,103] [10,30,34,42,52,56,75,100] [33,43,45,48,51,60,100,109] [15,44,65,90,101,103,109,116] [1,10,45,49,96,103,117,127] [2,18,39,53,56,83,86,108] [22,67,92,101,114,115,122,125] [6,9,26,34,56,97,104,116] [23,25,42,77,95,99,106,125] [8,37,52,88,90,107,110,111] [6,16,17,44,55,90,94,95] [39,42,45,73,83,102,103,115] [1,9,12,69,72,102,103,123] [22,30,34,42,56,63,75,100] [3,36,39,51,60,89,100,109] [5,9,15,44,101,103,104,116] [10,44,49,96,103,104,111,114] [7,18,39,45,85,86,98,108] [4,21,37,53,75,78,114,121] [2,9,28,52,56,92,97,108] [0,20,25,52,61,84,104,112] [26,78,81,90,91,92,107,115] [8,10,13,51,59,87,106,125] [7,17,28,45,65,73,83,123] [1,17,18,48,49,54,58,69] [2,28,31,36,37,64,70,89] [2,27,43,56,61,77,78,112] [5,7,11,19,65,82,107,113] [21,22,63,85,94,107,114,127] [29,38,46,74,84,88,97,103] [6,32,34,52,79,108,111,114]
Token 104: [13,18,32,37,61,62,72,103] [9,23,45,57,58,95,116,123] [7,9,14,42,47,51,93,127] [2,14,16,38,39,59,100,112] [7,22,23,25,48,56,104,124] [13,22,25,34,68,82,107,109] [8,12,38,42,52,71,79,111] [2,31,34,45,51,87,109,110] [29,36,46,61,109,113,116,124] [1,49,52,64,65,84,96,114] [26,35,53,74,98,112,113,121] [7,37,43,70,75,87,89,107] [52,56,59,75,85,97,104,116] [2,14,16,21,23,75,98,119] [6,75,76,79,80,88,90,115] [8,10,13,18,60,70,111,120] [7,11,15,17,45,65,83,87] [15,18,29,52,58,78,83,123] [8,26,52,63,70,71,75,79] [31,39,41,51,87,106,109,110] [3,36,37,46,57,109,113,116] [1,49,64,65,69,84,96,114] [26,30,35,53,74,98,112,113] [4,7,37,63,70,82,89,107] [30,50,56,65,73,75,85,116] [2,16,23,42,73,75,82,98] [6,8,58,75,80,88,90,113] [8,10,13,18,60,95,98,120] [7,11,15,17,65,73,80,83] [15,17,18,52,58,83,85,125] [8,26,44,52,63,71,75,79] [31,39,41,51,106,109,110,122] [2,3,36,46,103,109,111,116] [1,49,52,64,65,84,96,118] [26,30,35,53,74,98,112,113] [7,37,43,70,71,82,89,107] [28,50,56,75,97,100,116,124] [2,10,21,42,75,82,98,101] [6,34,58,75,79,80,88,107] [8,10,13,18,59,60,78,120] [7,11,15,17,45,65,83,123] [15,17,18,46,52,58,85,106] [2,7,36,37,65,74,123,125] [12,19,43,52,56,78,97,112] [0,37,45,65,72,88,113,121] [17,22,46,63,85,92,107,112] [29,30,38,39,80,84,103,105] [6,9,35,52,59,95,108,111]
Token 105: [3,28,29,62,97,112,124,126] [23,45,58,76,77,78,88,123] [15,24,47,51,69,93,119,127] [7,16,38,59,90,105,119,120] [22,39,47,48,56,86,91,104] [13,22,45,70,74,78,80,109] [8,12,26,52,53,63,71,79] [31,34,39,51,75,87,109,110] [24,36,46,51,80,105,111,116] [1,49,52,57,65,84,94,96] [20,22,26,35,53,74,112,113] [31,37,43,71,77,82,87,89] [5,75,80,85,97,100,104,116] [24,42,64,73,75,84,101,121] [6,28,34,36,62,75,76,88] [4,8,10,13,18,98,115,120] [17,18,20,45,65,73,83,123] [14,17,18,58,83,84,85,97] [8,26,44,52,71,75,79,110] [9,31,36,51,59,87,109,110] [24,36,46,51,80,103,111,116] [1,49,52,64,65,84,96,114] [26,35,37,53,74,98,112,113] [8,37,43,46,71,82,87,89] [56,73,75,80,85,97,100,116] [24,42,45,73,82,84,98,104] [6,28,36,62,76,88,90,107] [8,10,13,18,56,98,115,120] [17,20,43,45,65,73,83,123] [14,17,18,58,83,84,85,97] [8,26,44,52,71,75,79,110] [6,28,31,34,39,51,109,110] [24,36,46,51,72,103,111,116] [1,48,49,52,65,69,77,118] [26,53,69,74,98,112,113,120] [37,43,47,71,82,87,89,105] [56,73,75,85,97,100,116,120] [24,42,49,55,68,73,84,121] [6,28,36,62,75,88,107,118] [4,10,13,18,59,98,115,120] [17,18,20,43,45,65,83,123] [14,18,20,58,83,84,85,97] [2,8,28,32,36,65,75,101] [2,4,47,52,78,87,104,112] [13,54,72,82,94,98,113,121] [1,22,47,85,87,94,107,127] [1,17,45,67,74,84,102,103] [27,32,34,44,54,90,114,117]
Token 106: [14,24,38,57,61,66,70,106] [9,30,39,45,48,88,91,105] [15,24,47,59,90,122,125,126] [0,7,39,59,90,105,119,120] [4,39,47,48,63,73,86,104] [13,18,22,49,51,70,105,117] [8,26,34,39,46,52,63,71] [16,31,39,45,51,75,109,110] [24,28,46,51,101,103,111,116] [32,48,49,52,57,65,96,114] [13,22,39,74,86,110,112,113] [7,37,47,64,70,87,89,109] [68,74,75,97,100,104,116,120] [31,42,55,66,77,101,113,118] [16,61,76,88,90,96,105,107] [4,8,10,12,16,98,115,120] [12,17,43,45,65,83,115,119] [2,18,20,27,35,58,66,83] [8,30,34,42,52,63,71,75] [36,39,51,60,100,106,109,110] [15,26,28,36,46,57,101,103] [45,49,58,64,65,84,96,111] [13,39,53,86,98,103,112,123] [7,8,37,64,87,89,109,122] [26,30,56,60,63,97,104,116] [42,55,66,76,77,98,113,122] [16,37,88,90,105,107,110,111] [4,10,12,16,56,83,115,120] [12,17,43,65,83,87,103,119] [2,18,35,66,78,83,120,123] [8,26,34,44,52,63,71,75] [36,39,51,60,95,100,106,109] [15,28,46,72,101,103,109,111] [10,32,49,65,96,105,111,114] [13,30,98,103,110,112,113,123] [13,37,64,70,82,87,109,116] [47,68,69,73,74,104,116,120] [31,42,49,55,66,99,104,113] [16,58,84,88,96,105,107,118] [3,4,10,34,59,98,115,120] [12,17,43,80,83,115,119,123] [2,18,20,35,58,66,83,120] [5,18,27,36,38,93,102,123] [6,29,45,52,65,78,87,104] [6,20,22,48,72,81,98,121] [1,22,37,58,70,80,85,107] [55,60,80,98,102,103,115,127] [36,47,59,66,88,112,120,123]
Token 107: [23,28,41,51,77,87,112,125] [7,16,45,48,68,71,88,122] [4,25,36,47,64,76,125,126] [5,14,16,70,79,84,92,112] [11,26,27,47,48,86,102,104] [9,10,13,56,71,76,87,103] [8,27,34,53,63,70,71,118] [6,9,18,31,39,51,106,109] [15,20,29,46,101,103,111,116] [10,32,35,41,49,87,96,114] [13,26,30,53,103,109,111,112] [7,16,37,42,64,94,116,127] [0,9,26,56,74,103,104,116] [18,41,42,57,77,109,117,123] [11,16,18,26,60,68,88,107] [10,12,16,20,83,91,106,120] [17,77,83,87,106,108,110,115] [0,18,27,64,65,83,88,123] [8,34,52,53,63,71,75,118] [2,18,39,51,60,106,109,110] [15,20,26,44,46,101,103,111] [32,35,47,49,65,96,111,114] [13,18,23,30,53,103,109,112] [8,9,22,37,42,64,94,111] [0,2,25,26,38,43,56,74] [18,41,42,57,76,77,109,123] [16,26,60,71,88,90,107,111] [10,16,20,83,90,106,120,126] [17,44,77,83,108,109,110,115] [0,18,63,64,65,83,120,123] [8,26,44,52,63,71,75,118] [9,39,41,51,100,106,109,110] [15,20,29,46,72,101,103,116] [10,32,35,49,65,96,111,114] [23,30,53,98,103,109,110,112] [9,22,37,42,64,70,97,116] [0,17,25,26,38,97,103,116] [10,18,41,42,57,77,109,123] [18,26,60,75,88,102,107,111] [20,35,83,90,106,107,120,126] [29,44,70,77,83,108,109,110] [0,18,54,63,64,65,84,85] [24,31,49,55,59,75,90,126] [44,45,47,78,80,104,121,125] [11,13,23,73,80,98,110,121] [5,22,26,47,76,83,85,87] [1,10,45,84,96,102,103,124] [11,15,21,27,31,90,121,127]
Token 108: [2,7,21,41,51,61,63,120] [3,26,45,53,76,88,105,115] [8,15,47,54,68,100,116,125] [1,16,21,65,89,90,106,119] [4,22,47,48,86,87,104,105] [13,30,34,39,45,48,70,122] [8,26,46,52,53,63,71,79] [31,34,51,72,87,106,109,110] [15,24,27,39,46,101,111,124] [1,49,52,84,96,99,111,118] [20,22,26,39,53,74,112,113] [7,37,43,71,86,89,104,115] [5,30,75,97,100,104,116,118] [42,64,73,77,79,95,101,102] [6,13,18,34,61,76,88,101] [8,10,12,18,78,82,98,107] [17,29,45,70,77,79,83,123] [17,18,58,63,65,84,85,123] [8,30,42,52,63,71,75,79] [31,34,39,51,60,106,109,110] [3,15,24,36,46,57,103,116] [1,49,52,65,84,96,114,118] [20,22,26,53,74,103,112,113] [16,37,46,64,71,82,86,89] [73,75,85,97,100,104,116,118] [2,42,73,95,101,102,109,123] [6,18,62,64,76,88,90,101] [8,10,18,20,31,87,98,120] [17,29,44,45,65,70,77,83] [0,18,58,63,65,83,84,85] [8,42,52,63,71,75,79,118] [31,34,39,41,51,106,109,110] [3,27,46,57,101,103,105,116] [1,33,49,52,58,69,114,118] [20,22,26,53,95,98,110,112] [16,37,43,64,71,82,89,97] [17,28,38,75,97,100,116,118] [24,42,49,73,95,102,109,123] [6,18,62,68,75,101,107,111] [8,10,13,18,20,35,107,120] [17,29,44,65,70,77,83,108] [0,11,18,58,63,65,85,106] [2,8,20,24,37,66,75,126] [2,16,44,47,78,104,112,121] [6,11,13,72,80,94,110,121] [5,22,24,47,83,85,87,107] [1,10,37,45,84,96,102,103] [11,12,15,31,82,90,119,127]
Token 109: [11,24,29,44,47,84,93,101] [19,26,45,83,88,105,113,123] [10,15,18,42,69,111,116,117] [5,21,26,59,71,84,90,91] [47,48,76,79,86,91,104,121] [13,34,70,74,84,111,122,125] [8,10,26,46,52,71,107,112] [6,31,34,50,51,72,106,110] [15,27,28,39,46,51,111,113] [1,43,48,49,52,96,111,118] [5,20,22,53,74,112,113,121] [7,26,37,58,61,71,86,89] [5,75,97,100,104,116,120,124] [6,21,42,64,79,95,101,121] [6,27,28,49,58,76,80,88] [8,10,13,18,38,60,98,120] [15,17,20,45,73,83,121,124] [15,17,27,45,52,72,97,123] [8,26,30,42,52,71,75,79] [31,39,41,50,51,106,109,110] [14,28,37,46,84,103,113,116] [9,43,49,52,65,84,96,114] [22,39,53,74,103,112,113,121] [24,37,49,58,61,70,82,89] [7,56,73,75,85,99,104,124] [2,6,21,28,42,73,79,121] [6,27,28,48,58,80,88,90] [4,8,10,13,18,56,60,95] [15,17,20,45,73,83,121,124] [15,17,18,45,52,83,85,97] [8,30,42,52,63,71,75,79] [34,39,51,72,103,106,109,110] [3,14,28,39,46,103,109,116] [1,10,43,49,52,64,77,118] [22,53,62,74,98,112,113,121] [13,26,37,47,58,70,71,82] [28,30,56,69,97,100,116,124] [6,21,42,64,65,73,79,121] [6,27,28,58,75,79,80,101] [10,13,18,35,56,59,60,78] [7,15,17,18,45,83,115,121] [15,17,18,45,52,72,106,117] [2,7,21,36,37,65,74,123] [4,12,19,43,78,104,112,127] [0,37,45,54,61,88,113,121] [17,22,46,58,63,85,107,112] [29,30,38,39,80,84,88,105] [6,35,52,59,71,95,108,111]
Token 110: [3,7,28,29,51,62,80,126] [45,58,72,78,88,116,122,123] [7,9,10,24,42,108,119,125] [7,23,64,71,91,117,119,120] [4,7,22,39,47,48,86,91] [13,34,45,47,70,74,102,111] [26,44,46,52,71,79,104,110] [31,34,39,51,87,106,110,122] [5,24,39,46,51,103,111,113] [1,43,49,52,57,96,107,118] [9,20,22,26,36,40,74,112] [4,7,9,23,37,43,87,107] [20,21,28,56,65,78,116,124] [0,29,42,58,93,101,103,122] [6,27,39,55,88,90,107,110] [4,8,10,13,16,18,70,94] [17,33,45,78,83,87,103,115] [1,12,17,18,27,48,69,103] [8,30,42,52,63,71,75,123] [1,43,45,48,51,60,96,100] [15,35,44,101,103,109,113,122] [10,45,49,60,95,96,103,127] [18,39,53,83,86,94,103,123] [9,14,65,67,82,101,115,122] [9,20,34,41,43,74,104,124] [25,31,42,76,77,99,107,125] [3,7,8,30,88,107,110,111] [8,16,17,44,55,94,95,120] [33,42,45,73,83,114,115,123] [12,17,18,50,72,93,103,104] [30,34,42,52,56,63,75,85] [5,43,48,51,56,60,95,100] [5,9,15,35,44,101,103,124] [23,49,62,80,96,102,111,127] [7,13,18,33,39,52,103,119] [4,29,37,85,87,99,114,121] [2,4,28,39,63,92,97,116] [10,20,24,37,42,52,61,75] [37,62,78,80,82,92,101,107] [8,13,18,59,87,90,98,100] [4,7,17,45,65,80,83,123] [14,17,18,20,48,58,106,120] [2,22,28,31,36,65,101,123] [2,4,48,72,78,81,87,112] [7,26,30,37,54,71,113,121] [20,63,85,92,94,98,107,127] [16,26,44,67,74,84,103,110] [27,32,34,39,55,79,110,117]
Token 111: [2,28,51,61,62,80,97,111] [7,23,58,60,78,116,123,124] [7,9,24,47,51,54,68,119] [7,16,64,90,91,100,119,120] [22,39,47,48,86,91,104,124] [22,24,34,47,70,82,109,111] [8,10,42,44,52,71,79,110] [31,34,39,51,87,96,106,110] [27,39,46,51,109,111,113,118] [1,8,43,49,52,96,99,118] [22,23,26,39,53,74,112,121] [9,37,39,47,58,71,87,107] [5,68,75,97,100,104,116,124] [5,21,24,42,64,73,79,121] [6,27,28,58,62,79,82,88] [8,13,18,35,53,78,98,103] [15,17,20,45,55,83,98,123] [27,48,69,85,97,117,122,123] [8,30,42,52,71,75,79,110] [31,34,39,51,87,106,109,110] [39,46,51,59,103,109,111,116] [1,49,52,64,84,96,118,127] [22,26,39,53,74,107,112,113] [37,47,58,82,86,87,89,107] [63,75,85,97,100,104,116,124] [14,21,24,42,68,73,79,121] [6,27,28,34,39,58,62,88] [8,10,18,56,94,95,103,117] [15,20,45,55,73,83,98,123] [17,18,48,69,85,97,106,117] [8,30,42,52,71,75,79,110] [31,34,39,51,60,106,109,110] [14,24,39,46,51,103,109,116] [1,22,33,49,52,64,118,127] [22,53,74,98,101,107,112,113] [8,16,37,47,71,82,87,98] [28,68,76,97,100,116,120,124] [21,24,42,55,64,95,102,121] [6,18,27,28,34,62,75,82] [18,35,53,56,59,95,98,103] [18,20,45,55,65,73,83,123] [1,18,48,69,85,97,106,117] [28,31,32,36,37,75,101,126] [4,44,47,77,78,81,112,121] [13,54,73,80,107,110,113,121] [5,22,47,85,87,94,107,127] [1,17,62,67,84,96,97,103] [11,31,32,44,79,90,117,127]
Token 112: [43,44,65,66,72,73,98,114] [18,24,26,38,46,94,119,127] [18,38,40,47,84,88,93,113] [2,6,31,59,79,84,90,121] [47,48,52,76,81,106,115,124] [13,22,61,64,66,70,125,126] [8,30,35,52,56,71,83,105] [31,34,49,51,60,109,110,112] [15,46,65,84,103,109,116,121] [1,9,49,52,65,84,96,110] [26,39,53,56,61,105,112,113] [7,8,24,37,49,61,89,125] [15,56,63,75,97,99,104,116] [6,15,23,28,42,58,73,77] [6,17,20,48,76,88,90,104] [8,10,18,70,85,95,101,103] [8,17,39,45,65,73,83,124] [17,18,21,42,48,69,78,105] [8,30,42,52,71,79,83,105] [31,49,51,59,60,109,110,112] [15,26,46,65,84,103,116,121] [9,49,65,84,96,110,114,122] [39,53,56,61,98,105,112,113] [7,23,24,37,49,61,89,125] [15,56,65,73,75,96,99,104] [6,15,26,28,32,58,64,73] [17,20,48,88,90,100,104,110] [8,10,18,53,70,85,101,103] [17,55,65,73,81,83,115,124] [1,18,21,42,48,55,69,105] [8,34,42,52,56,63,75,105] [39,49,51,60,62,106,109,112] [44,46,65,84,101,103,109,121] [9,45,49,65,96,110,114,125] [13,53,56,61,98,105,112,123] [7,23,24,37,49,61,89,125] [2,15,56,65,74,96,97,99] [6,10,15,23,25,28,58,73] [17,20,48,86,90,100,107,115] [10,16,70,83,85,101,103,120] [8,17,45,65,73,81,83,124] [1,18,19,21,42,48,69,112] [24,31,32,36,64,67,114,115] [31,43,46,77,78,88,97,104] [0,6,53,69,73,90,107,121] [2,22,27,32,85,94,101,114] [11,34,38,52,84,97,103,127] [20,57,73,74,86,105,109,124]
Token 113: [14,21,50,51,57,103,106,110] [3,6,9,24,28,37,95,109] [47,70,84,90,92,100,122,125] [2,4,37,39,46,71,87,117] [7,23,46,48,50,56,63,100] [4,22,46,47,51,68,103,105] [8,26,27,34,52,63,70,71] [31,39,51,60,75,95,106,109] [15,36,46,99,101,103,109,111] [32,45,49,65,85,96,111,114] [13,23,39,53,83,103,112,123] [4,7,36,37,67,89,109,115] [24,52,63,74,75,97,104,114] [16,21,26,32,66,76,77,98] [3,16,73,76,88,90,105,107] [4,10,16,72,83,95,103,120] [12,17,45,55,83,91,115,119] [2,18,35,48,55,66,69,123] [8,30,34,42,52,56,63,75] [50,51,60,62,95,100,106,109] [15,26,36,44,46,101,103,109] [45,49,58,65,96,111,114,127] [13,18,39,53,103,112,113,123] [8,36,37,67,89,109,115,122] [2,9,56,60,74,97,104,116] [2,16,21,26,32,66,76,98] [11,16,37,88,90,105,110,111] [4,10,16,23,72,83,94,103] [12,17,55,83,114,115,119,124] [2,18,35,66,103,112,120,123] [8,12,34,52,56,58,63,75] [39,45,51,60,95,100,106,109] [15,41,44,61,101,103,109,111] [32,45,49,62,65,96,111,114] [13,18,30,39,53,103,113,123] [37,62,64,67,89,109,115,122] [2,4,9,24,52,74,104,114] [10,16,55,66,76,82,98,113] [3,8,16,88,90,105,110,118] [4,10,16,59,72,83,103,120] [12,30,43,55,80,83,115,119] [2,9,20,35,66,103,112,120] [16,18,27,36,93,102,115,123] [6,29,36,45,52,78,87,104] [6,20,48,69,72,81,98,121] [12,22,32,37,58,70,80,85] [52,55,60,98,102,115,117,127] [36,47,66,85,86,88,120,123]
Token 114: [7,28,51,91,95,105,112,125] [2,9,16,45,48,67,88,122] [36,41,44,51,67,76,103,125] [16,50,70,71,73,101,112,124] [11,27,37,48,50,52,73,104] [10,39,68,74,75,76,102,103] [8,26,34,44,46,70,71,127] [2,6,9,31,51,106,109,110] [15,20,46,61,80,86,103,111] [24,32,49,57,64,65,84,96] [13,26,35,53,85,103,111,112] [7,37,39,42,43,64,89,105] [2,52,74,75,85,97,104,116] [2,41,57,76,77,82,98,101] [16,64,75,88,90,102,107,115] [8,10,16,20,60,72,95,120] [11,17,45,55,65,83,108,115] [15,17,18,46,52,58,94,112] [8,26,44,52,64,71,75,127] [2,6,31,36,51,106,109,110] [15,36,46,61,80,103,111,116] [32,49,57,64,65,84,96,111] [26,30,35,53,85,88,103,112] [8,37,43,59,64,89,96,111] [26,52,74,75,97,104,114,116] [2,41,45,57,73,76,77,98] [34,60,80,88,90,102,111,115] [8,10,16,18,31,60,95,120] [11,15,17,45,55,83,108,115] [15,17,18,46,52,58,94,120] [8,26,44,52,71,75,79,127] [2,6,31,51,60,106,109,110] [3,15,36,46,61,80,101,103] [1,32,45,49,52,57,65,96] [13,35,39,53,98,103,112,113] [29,37,42,59,64,89,98,115] [0,9,25,26,63,74,97,116] [2,18,21,41,57,76,82,98] [7,34,60,80,88,102,107,115] [8,10,18,59,60,95,120,121] [11,15,17,45,55,83,108,110] [15,17,18,36,46,52,94,106] [2,7,22,24,49,74,90,125] [12,19,43,52,56,57,78,104] [11,37,45,72,88,98,99,121] [17,22,46,58,76,85,107,112] [29,30,39,80,81,84,103,105] [15,35,52,95,108,111,121,127]
Token 115: [12,29,66,71,77,116,120,126] [4,11,45,77,78,86,107,109] [7,14,44,51,116,119,121,125] [7,11,13,16,25,84,105,119] [10,39,47,48,73,74,91,124] [45,70,75,80,97,100,102,103] [8,26,44,46,63,66,71,79] [6,9,31,51,87,106,109,110] [15,24,44,46,51,61,80,111] [49,52,57,65,84,87,94,96] [13,20,35,39,53,103,112,120] [37,39,43,64,87,89,105,115] [28,52,53,74,85,100,104,116] [2,24,44,64,75,76,82,98] [7,19,28,62,73,88,96,107] [4,8,16,82,98,112,115,120] [11,17,20,45,83,111,121,123] [14,17,18,20,27,94,97,103] [8,26,52,55,70,71,75,79] [6,9,31,51,73,87,106,110] [15,24,44,46,51,80,103,111] [49,57,64,65,84,94,96,111] [14,30,35,39,53,103,112,113] [8,36,37,64,68,87,89,115] [26,52,53,56,74,97,104,116] [2,21,24,44,73,75,76,98] [11,19,28,62,88,96,107,111] [4,10,16,18,56,98,115,120] [17,20,45,83,111,115,121,123] [14,18,20,27,84,97,103,126] [8,26,44,52,63,71,75,79] [9,30,51,87,103,106,109,110] [3,15,24,46,51,80,101,111] [45,48,49,57,94,96,111,114] [13,20,30,35,39,45,112,120] [29,37,47,64,87,89,115,122] [52,53,68,74,95,100,104,120] [10,24,44,49,75,82,107,121] [3,7,28,62,88,96,107,118] [3,4,18,59,71,98,115,120] [20,43,45,80,83,111,121,123] [1,14,18,20,84,97,102,117] [5,22,28,65,75,93,101,123] [4,6,45,52,78,81,87,104] [6,13,20,54,71,72,98,121] [1,12,20,22,37,80,85,107] [17,44,52,55,67,98,102,127] [27,32,34,47,66,86,114,117]
Token 116: [27,48,49,50,61,81,106,110] [20,45,46,77,91,99,105,115] [2,7,10,44,45,51,122,125] [7,59,87,94,101,105,111,119] [4,34,39,48,61,73,104,114] [51,70,80,97,102,103,105,119] [8,26,44,46,52,63,70,71] [6,31,39,48,51,106,109,110] [2,15,44,46,51,80,103,111] [48,49,52,57,84,94,95,96] [14,23,35,39,83,98,103,112] [9,37,47,64,67,78,87,115] [9,25,68,74,85,100,104,116] [12,44,66,75,107,113,119,126] [7,34,58,73,88,96,105,107] [4,8,16,38,91,98,115,120] [17,43,45,51,82,83,91,121] [2,18,20,27,35,39,66,123] [8,26,52,63,70,71,75,86] [6,51,59,60,73,106,109,110] [2,15,37,44,46,101,103,111] [48,49,80,84,94,96,111,114] [14,20,30,35,39,53,103,112] [8,29,37,64,78,87,89,115] [9,26,52,68,74,97,104,116] [12,44,55,66,75,113,119,126] [11,88,96,105,107,110,111,118] [4,8,10,16,83,91,115,120] [17,43,51,64,80,83,115,121] [2,18,20,35,39,66,93,126] [8,26,44,63,71,75,86,89] [6,9,30,73,100,103,106,109] [2,3,15,37,45,46,101,111] [49,64,80,83,87,96,111,127] [13,14,20,30,45,83,110,112] [13,29,37,47,64,78,87,115] [9,42,46,68,74,95,104,120] [10,12,44,66,99,107,113,119] [3,39,58,88,96,105,107,118] [3,4,59,69,71,98,115,120] [43,51,80,83,101,115,121,123] [2,6,20,35,66,102,117,126] [5,9,18,22,93,98,102,123] [6,45,52,78,81,87,104,112] [6,20,48,68,72,81,98,121] [1,20,22,37,70,80,85,107] [44,52,55,80,98,102,115,127] [36,47,59,66,78,88,120,123]
Token 117: [22,23,28,41,77,87,112,125] [7,45,48,68,71,85,88,122] [4,23,25,36,47,76,125,126] [5,14,16,24,70,79,84,92] [27,36,47,48,52,81,86,104] [10,48,54,71,87,97,103,127] [8,34,46,53,63,70,71,118] [6,9,18,31,51,106,109,110] [2,15,18,20,46,80,101,111] [10,35,40,49,84,87,96,114] [13,29,30,53,109,110,111,112] [7,16,29,37,42,43,64,78] [0,25,26,38,74,103,104,116] [12,18,41,57,107,109,117,123] [2,3,18,26,60,68,88,107] [16,20,27,38,83,91,106,120] [17,77,83,89,108,109,110,115] [0,18,27,63,64,65,83,123] [8,26,34,52,63,75,86,118] [6,9,51,59,73,106,109,110] [2,15,20,37,46,101,103,111] [35,40,49,80,87,96,111,114] [13,23,29,30,53,103,109,112] [9,22,29,37,42,64,78,111] [0,2,25,26,38,74,85,104] [12,18,41,57,73,106,109,123] [18,26,60,71,76,88,90,107] [10,16,20,83,91,106,120,126] [17,29,44,77,83,108,110,115] [0,18,54,63,64,65,83,103] [8,26,52,56,63,75,89,118] [9,36,39,51,100,106,109,110] [2,15,18,20,44,46,101,103] [35,40,49,80,87,96,111,114] [23,30,39,53,95,109,110,112] [9,22,29,37,42,64,97,115] [0,2,25,38,63,74,97,103] [10,12,18,41,57,64,109,123] [3,18,47,60,88,102,107,111] [6,18,20,40,60,106,107,120] [29,44,77,80,83,108,109,110] [0,11,54,63,64,65,103,122] [24,31,49,73,74,75,90,126] [19,45,47,49,78,104,121,125] [6,23,37,45,80,98,110,121] [5,22,46,47,76,83,85,112] [10,39,80,82,96,105,123,124] [11,31,35,52,90,95,121,127]
Token 118: [2,14,24,80,84,103,111,120] [2,3,45,58,66,83,88,109] [10,42,84,116,117,122,125,126] [5,10,59,64,79,84,89,113] [10,47,48,79,91,104,114,124] [70,97,100,103,107,111,119,125] [8,43,46,52,59,63,71,75] [31,39,48,50,51,106,109,110] [2,15,44,46,80,103,109,111] [43,45,48,49,57,87,96,114] [13,23,30,39,53,83,110,112] [37,47,61,64,78,79,89,115] [53,63,74,97,100,104,116,120] [6,12,21,28,44,64,79,121] [7,28,48,73,79,80,88,90] [8,10,16,38,60,85,90,120] [15,17,45,55,60,83,91,124] [15,17,45,52,53,69,72,97] [8,13,26,42,52,63,71,75] [6,36,50,51,60,95,106,110] [2,15,44,46,84,101,103,116] [9,43,45,49,65,96,111,127] [13,14,35,39,53,103,105,112] [29,37,49,61,64,79,89,115] [15,53,56,74,97,99,104,116] [2,6,12,21,44,64,79,121] [11,28,39,48,79,80,88,90] [4,10,16,56,60,91,95,120] [15,45,55,60,78,83,114,124] [15,18,45,46,52,69,83,103] [8,26,30,34,52,56,63,75] [33,39,51,60,73,100,106,109] [15,44,46,95,101,103,109,111] [43,45,49,80,96,111,114,127] [13,18,30,39,45,53,108,112] [37,64,67,79,86,89,98,115] [2,26,42,53,63,97,104,124] [6,10,16,21,64,76,79,98] [3,8,34,79,80,88,107,111] [6,16,18,56,60,90,95,120] [7,15,45,55,60,80,83,115] [15,46,48,52,69,103,106,117] [7,24,31,37,59,73,74,125] [12,19,43,44,49,77,78,104] [6,37,45,73,88,98,99,121] [17,22,24,46,58,85,107,112] [22,29,30,39,80,81,84,105] [6,35,52,59,73,95,108,111]
Token 119: [3,23,28,29,62,77,116,126] [45,58,67,76,78,86,88,107] [14,15,24,47,87,116,119,125] [7,10,16,19,25,26,51,84] [0,10,39,47,91,104,118,124] [47,78,80,82,103,108,111,126] [8,26,34,39,52,56,63,75] [39,48,51,73,87,106,109,110] [2,24,39,46,51,101,103,111] [43,45,48,49,94,96,111,114] [13,18,30,39,40,74,83,112] [29,47,64,67,78,79,87,115] [53,68,74,97,104,116,120,124] [21,24,44,64,75,79,98,121] [3,8,9,19,28,58,62,88] [4,10,16,38,56,91,98,120] [17,20,60,73,83,115,121,123] [14,17,20,53,83,85,97,103] [8,26,30,34,52,56,63,75] [50,51,60,62,87,95,106,109] [15,24,39,44,51,101,103,116] [43,45,49,65,94,96,111,114] [13,18,35,39,53,83,112,113] [29,36,47,67,79,87,89,115] [2,9,53,56,68,74,97,104] [2,21,24,44,75,79,107,121] [11,23,28,39,62,88,90,110] [4,10,16,23,55,94,95,98] [17,20,45,73,83,114,115,123] [14,17,18,20,69,97,103,112] [8,30,34,42,52,56,63,75] [33,45,51,60,62,95,100,109] [24,39,44,51,101,103,111,116] [45,48,49,60,89,96,111,114] [13,18,39,53,83,113,120,123] [47,67,79,87,89,105,115,122] [2,9,39,53,56,63,97,104] [10,24,37,42,44,55,75,121] [3,8,11,28,57,62,107,110] [4,16,17,40,69,94,98,103] [20,45,73,80,83,114,121,123] [1,9,14,20,69,84,97,112] [31,32,64,65,75,80,101,115] [2,4,44,46,77,81,100,104] [6,13,32,54,69,71,73,107] [2,10,12,22,27,32,45,114] [52,55,60,61,67,97,101,117] [32,34,73,74,78,85,86,117]
Token 120: [28,33,37,42,64,75,82,91] [9,28,73,85,90,93,122,126] [4,5,36,46,57,60,97,104] [20,24,30,47,73,74,110,116] [5,7,11,28,37,46,60,126] [0,20,63,75,87,93,115,123] [46,77,87,103,104,116,118,124] [2,19,33,44,82,94,100,106] [32,61,86,90,94,100,108,123] [0,7,17,35,76,80,82,102] [18,54,71,82,85,91,94,124] [18,25,29,48,62,73,97,100] [2,14,25,34,39,61,74,127] [2,18,40,42,57,62,87,112] [3,11,15,23,38,60,107,115] [16,32,38,40,75,87,89,125] [11,14,48,83,84,108,115,127] [1,9,18,36,46,82,103,112] [22,46,63,87,103,104,116,118] [2,33,36,44,82,88,94,100] [44,45,61,86,90,100,104,123] [7,35,47,66,76,80,96,102] [18,23,52,82,85,94,103,124] [9,18,20,30,43,60,62,99] [0,2,9,34,39,52,74,114] [2,18,57,76,77,106,109,112] [3,11,15,23,37,60,73,110] [8,16,32,60,94,95,125,126] [11,14,55,56,83,102,108,115] [9,15,17,46,82,103,120,122] [10,22,34,39,42,63,112,118] [2,33,36,48,50,51,60,100] [5,44,61,80,90,103,104,123] [1,7,35,47,89,96,102,111] [6,23,35,52,85,103,110,124] [9,25,30,43,62,99,115,116] [0,2,9,14,25,39,62,102] [2,10,18,40,42,57,62,112] [3,8,11,15,37,60,71,80] [16,32,40,60,94,95,125,126] [9,11,15,44,55,83,102,108] [9,15,17,26,36,46,49,103] [3,24,49,50,69,74,125,126] [12,19,43,44,56,100,120,121] [6,11,37,38,45,88,98,99] [5,10,17,22,24,45,46,112] [29,30,39,80,81,82,84,105] [6,31,35,52,82,95,111,127]
Token 121: [0,16,17,24,38,47,76,120] [2,12,24,34,73,77,122,126] [36,41,51,77,90,100,115,125] [13,16,20,34,73,78,80,112] [11,23,32,46,47,63,77,113] [55,63,75,103,105,107,117,122] [22,39,46,63,64,104,116,127] [2,33,36,44,51,82,94,100] [44,61,86,90,99,100,103,104] [0,48,66,76,89,96,102,111] [13,18,35,52,75,83,85,103] [28,29,30,47,62,99,105,109] [2,9,25,39,68,104,114,125] [2,25,42,55,64,66,77,113] [3,8,11,35,58,73,105,110] [4,8,16,38,60,72,94,95] [11,43,83,84,96,102,115,119] [2,9,20,35,66,103,107,122] [8,10,13,22,39,52,75,100] [2,26,33,36,48,51,89,100] [15,28,44,61,80,90,103,104] [0,1,22,48,89,96,103,111] [2,13,18,35,52,53,74,85] [9,30,47,89,105,109,111,115] [2,9,32,39,52,87,104,125] [2,42,56,64,66,77,79,113] [3,8,11,23,34,39,105,110] [4,8,16,17,55,94,95,98] [11,14,43,45,83,102,115,119] [2,9,17,20,35,66,103,106] [8,10,22,23,39,63,75,100] [2,33,36,51,66,89,94,100] [44,61,80,90,103,104,106,122] [1,22,49,60,89,96,102,103] [13,18,35,52,83,103,108,110] [30,43,47,62,105,109,115,116] [2,9,26,68,87,102,104,125] [2,10,42,64,65,66,99,113] [3,8,11,39,58,96,105,115] [4,16,40,56,86,94,98,120] [9,11,13,43,51,83,102,119] [2,9,20,35,66,102,103,106] [18,22,27,80,93,98,102,123] [6,26,29,44,87,91,104,120] [6,20,38,48,72,81,83,98] [10,12,20,22,24,37,70,80] [52,55,60,75,80,98,115,127] [26,36,47,66,85,88,120,123]
Token 122: [0,23,28,41,62,77,112,125] [29,45,67,71,73,77,114,122] [15,23,24,36,51,59,76,125] [13,16,20,34,40,51,84,92] [10,11,27,47,73,77,97,104] [10,18,48,78,87,97,103,117] [39,44,52,63,75,79,104,116] [33,36,39,51,94,100,106,109] [15,44,61,80,90,103,104,111] [10,35,49,89,96,102,111,114] [13,18,35,52,53,95,109,110] [16,28,29,43,64,105,115,116] [2,34,46,61,87,100,104,125] [2,10,29,41,42,64,109,123] [3,8,11,18,47,55,62,110] [16,17,20,38,72,94,95,98] [14,29,50,77,83,84,110,115] [0,9,17,64,65,103,106,122] [10,22,39,52,56,63,75,118] [21,33,36,48,51,66,89,100] [15,44,61,80,90,103,111,116] [0,1,35,49,80,89,96,111] [6,18,30,35,40,53,95,109] [9,16,30,43,55,97,105,115] [0,2,9,25,32,38,39,52] [2,18,24,41,57,106,109,123] [3,11,18,47,60,62,71,110] [8,16,20,55,94,95,98,120] [29,44,56,77,83,108,110,115] [0,4,17,64,65,69,84,103] [8,34,39,56,63,75,100,118] [33,36,39,50,51,60,89,100] [2,15,20,44,80,101,103,111] [1,35,49,60,89,96,106,111] [13,18,35,53,95,109,110,124] [9,16,42,55,97,105,115,116] [0,2,9,25,38,39,103,125] [2,10,41,42,57,64,109,123] [3,18,47,60,71,102,111,115] [6,16,17,20,40,94,107,120] [6,23,29,44,77,83,108,110] [0,36,63,64,65,85,103,115] [3,16,23,24,49,75,90,126] [19,44,47,49,74,120,121,125] [6,13,37,45,80,83,88,110] [5,17,22,46,47,83,87,112] [1,10,17,82,96,97,105,124] [11,31,35,52,82,90,95,127]
Token 123: [2,18,21,61,69,81,93,120] [45,58,67,76,77,83,88,115] [9,15,24,51,72,116,117,125] [10,16,25,34,51,62,84,119] [10,47,77,79,86,91,105,111] [2,22,45,78,97,103,111,117] [8,10,39,52,56,75,79,100] [33,39,45,48,51,72,100,109] [15,28,44,51,80,90,103,111] [1,43,48,49,89,96,103,111] [13,14,18,30,35,74,83,110] [9,13,29,43,47,58,105,115] [2,25,39,68,69,100,104,120] [2,10,24,42,55,79,107,121] [3,8,11,19,28,58,73,84] [4,8,16,17,38,94,95,98] [20,43,73,83,91,100,115,121] [14,17,20,45,61,72,97,103] [8,10,22,38,39,52,63,75] [33,36,48,51,60,72,89,100] [15,28,44,51,80,90,103,116] [1,43,45,48,60,96,103,111] [13,18,35,39,52,53,74,83] [13,43,47,58,60,79,89,115] [2,9,39,63,68,97,104,120] [17,24,42,44,55,65,79,121] [8,11,28,37,39,55,84,110] [4,8,10,16,55,69,94,95] [14,20,43,73,83,102,115,121] [14,17,20,45,61,97,102,103] [8,10,13,39,42,56,100,112] [33,36,51,60,86,89,95,100] [28,39,44,103,104,106,109,122] [1,43,45,48,60,96,102,103] [6,13,18,52,74,83,108,123] [13,29,47,58,67,102,105,115] [6,9,39,61,68,69,104,120] [24,40,42,55,79,98,99,121] [3,8,11,23,28,57,84,95] [4,17,23,40,69,78,86,94] [14,15,20,43,45,73,102,121] [14,17,20,45,61,97,102,103] [5,7,22,32,65,74,93,101] [4,26,43,44,46,100,120,127] [6,20,38,54,69,71,81,104] [10,22,27,32,45,80,104,114] [36,44,52,55,67,75,101,117] [27,32,34,73,85,86,117,124]
Token 124: [14,18,24,51,57,66,106,118] [9,25,30,47,48,91,115,126] [15,16,36,59,90,111,122,125] [9,10,26,30,51,59,90,114] [11,26,40,47,63,77,111,118] [4,18,51,55,97,103,105,117] [39,52,63,89,97,100,104,116] [33,36,44,48,51,82,94,100] [28,44,86,90,103,104,122,123] [0,32,48,68,76,96,102,103] [18,23,52,63,75,94,103,123] [13,29,31,36,47,67,105,109] [2,25,61,68,87,102,104,120] [2,29,30,37,42,55,66,113] [3,8,9,11,16,23,69,105] [4,8,16,17,21,38,95,103] [1,12,14,43,82,83,84,119] [2,20,35,66,75,77,103,117] [10,22,39,42,52,63,85,116] [33,36,43,51,60,89,94,100] [15,28,44,90,103,109,122,123] [1,32,48,80,96,102,103,111] [18,35,52,74,75,86,103,123] [8,20,29,47,87,105,109,115] [2,26,34,39,62,87,114,120] [40,42,55,66,76,77,82,113] [8,11,16,34,37,55,95,105] [1,4,16,17,50,69,94,95] [12,14,43,80,84,102,114,119] [2,9,20,35,66,102,103,117] [10,39,42,63,85,100,110,112] [33,36,43,44,60,94,95,100] [15,28,44,55,103,106,109,122] [10,32,48,60,80,89,102,103] [6,18,52,86,103,108,119,123] [13,29,47,67,105,109,115,116] [39,61,68,102,104,114,120,124] [10,40,42,55,65,66,99,113] [3,8,11,16,39,58,95,105] [4,6,40,56,69,86,94,98] [12,14,43,80,84,102,119,127] [2,9,20,35,66,102,103,117] [5,18,22,27,80,93,102,123] [6,26,29,44,87,100,104,127] [6,20,38,48,69,81,98,104] [10,22,32,37,45,70,80,114] [36,52,55,60,75,80,115,117] [36,47,66,86,88,120,123,124]
Token 125: [28,33,34,41,68,89,116,126] [16,48,67,72,75,114,116,122] [8,9,24,72,73,76,107,120] [9,16,30,37,51,62,112,114] [22,23,26,46,105,114,116,126] [4,16,18,45,58,78,93,117] [39,52,85,96,99,100,104,110] [21,33,43,48,51,86,94,100] [44,90,103,104,106,111,122,123] [0,1,32,34,102,103,113,127] [18,43,52,64,67,75,78,108] [9,29,43,47,50,105,114,116] [21,25,61,71,75,87,104,123] [18,24,29,41,42,79,102,108] [3,9,11,16,23,62,82,113] [8,16,17,21,33,38,69,95] [6,14,29,33,48,50,82,102] [12,17,20,75,93,103,117,122] [10,38,39,42,52,85,100,118] [26,33,43,45,48,51,89,100] [5,15,44,51,90,103,116,122] [0,1,10,32,33,60,96,103] [18,23,37,67,75,86,95,120] [16,20,22,28,68,114,115,116] [6,25,34,54,115,120,123,124] [18,24,37,42,77,91,102,125] [8,11,55,62,82,83,107,110] [16,21,33,50,69,77,90,95] [6,14,29,33,49,102,115,123] [0,12,20,64,103,107,122,124] [10,13,36,39,42,52,100,112] [5,33,43,48,51,60,95,100] [5,15,44,55,64,90,103,122] [0,32,33,47,60,96,102,103] [6,18,23,37,40,69,108,120] [9,22,50,68,78,114,115,116] [25,34,39,43,61,73,103,123] [18,24,40,41,45,66,89,102] [3,11,16,47,57,62,82,95] [1,6,17,40,56,77,94,120] [6,13,14,33,80,100,102,127] [9,54,82,84,85,102,103,115] [3,8,22,28,33,53,66,70] [2,46,61,72,74,80,111,113] [5,23,42,62,69,83,108,113] [12,26,48,54,76,86,93,116] [26,33,35,51,55,74,96,120] [0,23,51,54,94,99,113,114]
Token 126: [31,38,68,69,81,92,107,118] [26,46,48,57,75,83,116,126] [8,9,24,72,90,117,120,123] [9,10,23,30,62,67,78,109] [22,23,87,90,91,105,111,116] [4,16,34,45,58,100,111,117] [39,63,85,97,100,104,110,116] [21,33,43,44,82,94,100,106] [28,39,44,51,103,104,122,123] [0,24,32,34,48,102,103,127] [18,23,52,64,75,78,108,119] [13,29,31,36,47,52,102,105] [25,34,43,61,68,87,102,123] [13,18,40,42,55,63,65,121] [3,11,16,23,28,83,84,95] [1,4,8,17,38,60,69,95] [14,20,33,40,43,51,84,121] [14,20,82,97,103,117,124,126] [10,22,39,42,52,64,85,89] [26,33,36,43,44,89,94,95] [5,39,44,86,90,104,106,122] [1,24,33,52,80,102,103,127] [18,23,39,52,54,75,108,119] [20,47,50,78,98,102,105,115] [34,61,62,68,87,92,120,123] [29,40,42,55,65,75,77,121] [11,28,34,39,55,82,95,110] [1,4,17,40,60,86,95,98] [14,20,30,33,43,80,84,127] [9,14,17,20,85,97,124,126] [10,13,22,42,46,63,104,116] [5,21,33,43,44,82,94,100] [5,39,44,45,55,86,104,122] [24,48,62,68,76,80,89,102] [6,18,91,101,107,108,119,120] [13,47,50,78,102,105,115,122] [39,43,61,68,102,104,120,123] [40,55,65,66,99,102,107,121] [3,11,28,39,57,82,84,95] [3,4,17,40,78,86,98,120] [14,20,33,43,80,84,121,127] [9,14,20,45,62,97,103,117] [5,22,41,65,80,93,101,115] [4,5,36,46,87,100,104,120] [6,20,38,54,69,71,98,104] [12,20,22,32,45,70,80,114] [36,52,55,60,67,115,117,127] [32,34,47,86,88,99,117,123]
Token 127: [27,48,49,50,72,101,106,110] [7,30,46,57,75,91,98,99] [7,36,45,72,120,122,123,125] [3,9,10,54,59,79,94,108] [18,23,37,40,51,90,105,111] [4,45,51,58,67,99,105,111] [14,23,39,43,46,63,86,89] [5,33,43,44,89,94,100,106] [2,35,44,45,86,104,122,123] [0,14,68,76,80,92,96,102] [18,23,54,63,69,78,98,119] [9,13,28,29,31,47,78,102] [25,34,43,61,65,68,102,123] [12,18,63,66,91,113,119,126] [3,11,23,39,69,96,105,123] [4,8,17,38,40,75,95,120] [14,33,43,48,51,84,115,121] [2,17,20,35,66,103,122,124] [10,22,42,52,63,64,89,116] [5,33,36,43,44,82,94,100] [2,39,44,45,55,86,90,122] [14,52,68,76,80,89,102,127] [6,18,23,52,54,97,119,120] [14,36,47,52,53,78,110,115] [28,34,43,47,78,102,120,123] [12,55,66,99,113,119,122,126] [3,11,59,83,105,107,109,110] [4,17,21,40,63,75,88,98] [30,33,51,80,84,115,121,127] [2,9,20,35,39,66,82,124] [13,22,46,63,89,104,116,124] [5,33,36,43,44,82,94,106] [2,5,32,37,39,45,55,86] [48,62,66,68,76,80,89,102] [6,18,91,97,101,107,110,119] [13,21,47,78,87,102,110,115] [39,43,47,68,92,102,120,123] [12,40,66,99,106,107,113,119] [3,11,39,57,69,95,96,105] [3,4,6,17,40,84,98,120] [30,33,43,51,80,115,121,127] [2,9,20,35,66,103,124,126] [18,22,23,80,93,98,102,115] [5,6,36,46,81,87,100,104] [6,20,27,38,48,69,98,104] [12,20,22,37,45,70,80,114] [36,52,55,63,98,115,117,127] [36,47,66,85,86,88,120,123]
