MODEL: qwen3_30b
TOKEN_COUNT: 128
ACTIVE_EXPERTS: 8
================================================================================
PROMPT TEXT:
Senjō no Valkyria 3 : <unk> Chronicles ( Japanese : 戦場のヴァルキュリア3 , lit . Valkyria of the Battlefield 3 ) , commonly referred to as Valkyria Chronicles III outside Japan , is a tactical role @-@ playing video game developed by Sega and Media.Vision for the PlayStation Portable . Released in January 2011 in Japan , it is the third game in the Valkyria series . Employing the same fusion of tactical and real @-@ time gameplay as its predecessors , the story runs parallel to the first game and follows the " Nameless " , a penal military unit serving the nation of Gallia during the Second Europan War who perform secret black operations and are pitted against the Imperial unit " <unk> Raven " .
================================================================================
GENERATED TEXT:
 The game was released in North America and Europe in 2012 . The game was also released on the PlayStation 3 and PlayStation 4 via the PlayStation Store in 2015 . The game is the first in the series to be released on a home console and the first to be released on a non- Sega platform . The game received generally positive reviews from critics , with many praising the story and characters , but some criticized the gameplay and the lack of a story mode . The game was a commercial success , selling over 1.5 million copies worldwide . The game was followed by a sequel , Valkyria Chronicles IV
================================================================================
EXPERT TRACE (Per token, list of layer expert IDs):
================================================================================
Token   0: [14,21,50,57,74,103,106,110] [3,6,9,28,37,47,48,122] [36,40,41,50,84,90,122,125] [3,4,32,37,39,71,87,123] [7,11,20,23,37,50,56,63] [18,31,47,51,68,103,105,110] [23,54,56,58,63,86,87,104] [32,33,45,48,73,82,100,106] [36,44,67,86,99,109,114,127] [0,32,65,68,80,99,102,111] [18,25,29,30,50,69,105,113] [24,60,67,69,96,99,109,115] [2,15,24,34,56,65,114,115] [21,23,26,28,66,78,98,106] [3,16,48,53,55,90,105,109] [16,17,40,72,85,91,103,120] [1,12,14,80,81,84,119,124] [1,2,18,19,69,78,99,103] [8,34,56,63,83,104,105,116] [3,33,49,59,82,100,106,112] [44,65,72,84,90,116,121,127] [0,9,80,92,102,110,111,125] [18,30,50,56,61,78,98,105] [23,24,49,54,60,61,96,125] [2,15,34,65,79,96,99,115] [6,15,23,28,58,82,104,106] [3,16,17,38,48,53,90,105] [6,16,40,61,70,72,85,101] [12,14,30,39,80,81,119,124] [1,2,19,21,66,77,82,103] [34,56,63,83,104,105,107,116] [33,44,56,75,82,94,106,112] [36,44,65,67,86,90,109,127] [32,51,65,68,80,96,102,111] [18,30,50,51,69,88,98,113] [53,60,69,85,89,99,109,115] [2,24,34,42,65,73,114,115] [10,23,66,68,82,98,106,113] [3,8,16,53,55,90,105,115] [4,16,17,40,50,61,72,103] [12,43,55,78,80,115,119,127] [2,9,35,66,78,80,103,112] [16,18,24,27,80,93,102,115] [6,29,36,46,65,87,100,104] [6,14,20,27,48,81,98,104] [12,22,27,37,45,58,70,114] [22,52,55,60,75,98,115,117] [36,47,66,71,86,88,120,123]
Token   1: [28,51,83,87,91,112,124,125] [9,16,29,33,48,67,68,122] [4,23,36,64,67,76,100,125] [3,12,20,70,73,92,101,112] [7,11,27,28,37,38,50,60] [10,18,63,74,87,93,103,115] [23,46,63,86,104,111,116,118] [2,19,32,33,44,82,100,106] [15,20,35,44,67,83,86,127] [32,35,59,65,66,68,80,102] [18,25,30,50,88,91,103,109] [8,22,36,42,53,60,69,115] [2,4,14,26,34,73,114,115] [23,41,57,82,91,98,106,112] [3,16,53,55,60,69,102,109] [16,17,32,40,72,82,99,120] [1,14,60,78,80,84,108,110] [4,15,46,52,64,77,94,103] [23,46,56,63,104,115,116,119] [32,33,44,73,82,94,100,106] [15,20,35,44,67,86,90,123] [35,65,66,68,80,97,102,111] [18,23,30,50,94,98,103,109] [8,20,22,42,53,60,96,99] [0,2,14,26,34,73,102,115] [18,41,57,68,82,98,106,112] [3,16,38,53,55,60,69,102] [6,16,17,32,40,60,61,72] [1,30,60,80,84,108,110,114] [4,15,46,52,78,83,94,103] [34,46,56,63,64,104,116,119] [2,33,44,56,82,94,100,106] [20,21,35,44,67,86,90,127] [22,32,35,65,68,80,102,111] [18,30,50,69,98,103,108,113] [22,42,53,60,69,85,89,115] [2,14,26,34,42,73,102,115] [10,16,18,41,68,76,82,106] [3,16,53,55,60,69,80,102] [16,17,31,40,56,60,61,120] [15,55,60,80,84,108,110,115] [15,36,46,52,64,78,103,122] [23,24,49,73,74,80,90,125] [12,19,43,49,80,100,104,121] [6,11,23,45,88,98,99,104] [17,22,45,46,58,76,112,114] [5,29,30,39,52,80,81,105] [15,35,52,71,74,95,111,127]
Token   2: [0,16,51,53,70,97,104,120] [20,24,34,62,76,86,107,122] [14,65,87,100,107,116,120,125] [3,12,13,23,25,32,76,89] [0,11,23,25,38,74,89,124] [18,31,47,80,97,103,107,119] [13,23,56,63,64,89,116,120] [33,44,60,82,87,94,100,106] [15,36,44,45,64,67,86,127] [8,32,45,65,68,80,94,102] [14,18,30,50,69,103,108,113] [8,60,67,69,86,89,99,115] [2,26,34,42,53,65,73,115] [16,21,44,68,75,82,98,106] [3,29,53,55,69,79,80,102] [6,16,17,40,50,60,61,79] [7,14,15,40,60,80,84,111] [1,15,52,53,77,78,94,103] [22,39,46,56,63,64,104,116] [33,44,82,87,88,94,100,106] [36,44,45,64,67,72,86,127] [0,65,68,76,80,94,102,111] [14,18,30,50,69,91,98,113] [8,20,60,63,69,86,89,115] [2,27,34,42,53,61,73,115] [21,44,68,75,82,83,98,106] [3,8,38,53,55,57,69,80] [6,16,17,40,50,60,61,120] [7,14,30,40,60,80,84,114] [9,15,52,53,77,82,103,117] [22,39,46,56,63,89,104,116] [33,44,82,87,88,94,100,106] [44,45,55,64,67,72,86,90] [17,24,68,80,94,96,102,111] [18,30,50,69,91,98,108,113] [8,20,60,69,85,86,89,115] [2,34,42,53,61,73,102,115] [10,21,44,68,75,76,82,106] [3,8,23,53,55,69,79,80] [16,17,31,40,50,60,61,120] [7,14,15,40,60,80,84,115] [9,15,52,53,78,103,106,117] [23,24,37,59,73,74,80,125] [43,44,46,49,81,100,104,120] [6,37,39,45,54,80,98,104] [20,22,45,46,63,80,112,114] [39,52,55,80,82,84,105,124] [10,27,32,35,52,71,90,95]
Token   3: [3,28,29,62,77,80,111,126] [11,45,62,76,78,81,86,122] [23,36,46,72,115,119,121,125] [1,11,20,25,76,101,105,119] [0,11,34,37,39,40,74,97] [30,55,74,80,97,103,119,122] [46,63,64,89,104,115,116,119] [1,33,44,82,87,94,100,106] [27,44,45,55,67,72,86,127] [17,32,62,68,76,80,94,102] [14,18,29,30,50,91,113,120] [8,60,68,69,86,89,115,120] [2,34,53,73,80,95,102,115] [24,29,44,49,68,75,82,106] [3,9,23,29,55,62,69,101] [17,31,40,50,79,98,99,120] [14,29,60,80,84,111,114,123] [9,53,62,65,77,82,84,103] [22,34,46,63,64,104,115,116] [33,36,44,82,87,94,100,106] [24,44,45,55,64,67,86,90] [17,68,80,94,97,102,105,111] [14,18,30,36,50,91,113,120] [8,20,59,60,68,69,86,115] [2,27,30,34,53,73,102,115] [24,44,45,49,75,82,98,106] [3,38,53,55,57,62,69,101] [6,16,17,40,61,82,98,120] [14,30,80,84,111,114,123,127] [9,53,62,65,77,82,84,103] [22,46,63,89,102,104,115,116] [21,33,36,44,82,94,100,106] [24,27,35,44,45,55,67,86] [17,62,68,76,80,94,102,111] [18,30,36,45,50,69,113,120] [59,68,69,85,86,89,115,122] [2,30,34,53,73,80,102,115] [10,24,44,49,68,75,95,106] [3,7,29,53,55,62,69,111] [16,17,20,31,40,61,71,120] [14,29,77,80,84,111,115,127] [0,53,63,65,77,78,84,103] [20,23,24,28,75,80,117,126] [8,20,46,47,100,104,120,121] [3,6,13,80,98,104,108,110] [5,22,27,45,47,83,87,114] [5,10,45,52,55,68,82,104] [11,27,31,54,74,90,112,127]
Token   4: [0,31,61,69,81,93,101,107] [26,45,60,83,86,91,115,122] [68,92,103,116,117,121,123,125] [1,20,25,93,99,101,106,119] [0,7,11,39,89,91,102,111] [30,55,80,97,99,100,111,119] [22,46,63,64,89,104,115,116] [5,33,44,72,82,94,100,106] [27,28,44,45,67,72,86,99] [17,62,68,76,80,85,102,105] [14,18,29,36,50,83,84,116] [13,15,22,36,58,86,115,120] [4,27,30,69,73,85,95,115] [13,24,31,44,49,68,106,121] [3,28,29,55,57,69,84,101] [6,17,34,40,50,98,100,120] [14,20,80,84,114,121,123,127] [9,14,30,45,62,77,97,103] [22,46,63,64,89,104,116,124] [5,33,44,72,82,94,100,106] [27,32,37,44,45,86,90,99] [17,24,68,76,80,94,102,105] [14,18,19,50,69,91,113,120] [13,58,69,85,86,90,115,122] [2,27,30,34,61,69,73,102] [40,44,82,83,85,106,107,121] [3,10,38,55,57,69,101,109] [3,6,17,34,40,98,100,120] [1,14,30,80,84,114,121,127] [1,14,30,45,77,82,97,103] [22,46,58,63,89,104,116,124] [5,33,44,82,88,94,100,106] [27,32,35,37,44,45,67,86] [17,68,76,80,102,104,105,111] [14,18,50,63,69,83,91,123] [13,58,69,85,86,90,115,122] [2,4,27,30,36,39,69,73] [55,68,79,99,106,107,117,121] [3,28,38,55,57,69,84,101] [3,16,17,34,40,50,100,120] [20,30,80,84,105,114,121,127] [1,14,30,45,77,90,97,121] [3,23,55,80,101,115,117,119] [4,5,20,36,46,100,104,120] [3,6,29,54,69,71,98,104] [12,20,22,27,45,114,117,127] [52,55,63,67,68,77,98,117] [32,34,55,58,86,112,117,124]
Token   5: [28,33,34,75,87,91,101,110] [28,37,60,63,71,77,90,122] [36,42,46,48,60,64,68,104] [21,24,68,71,73,74,93,106] [7,11,46,51,53,57,60,70] [18,35,55,71,93,110,119,122] [14,22,63,87,89,97,104,124] [5,32,33,40,44,82,94,106] [32,37,45,86,100,104,108,123] [7,17,41,68,76,80,102,105] [18,30,33,40,50,82,85,91] [18,48,50,62,94,97,100,122] [2,4,14,24,34,36,61,67] [2,34,40,68,106,112,120,127] [3,15,38,53,55,57,64,109] [17,32,40,54,89,100,106,120] [1,10,13,14,30,80,84,127] [1,3,9,30,36,61,82,92] [14,22,46,63,89,104,116,119] [5,33,44,82,88,94,100,106] [4,21,32,37,45,86,100,108] [7,17,35,68,76,80,82,105] [9,15,33,50,82,85,91,124] [1,18,30,48,85,94,97,100] [2,14,25,27,34,36,67,114] [2,68,82,87,106,112,120,127] [3,15,38,55,57,64,69,109] [0,32,40,54,89,100,106,120] [1,10,14,30,80,84,93,127] [3,36,61,78,81,82,92,100] [14,22,63,89,97,104,116,124] [5,19,33,44,82,88,89,94] [4,32,35,37,45,86,100,108] [7,17,41,68,76,80,82,105] [9,15,18,40,50,82,91,124] [18,25,30,48,85,94,100,115] [2,14,24,27,29,34,36,112] [63,68,87,89,106,112,120,127] [3,15,38,55,57,64,69,87] [15,17,25,32,40,54,100,106] [13,14,28,30,80,100,115,127] [1,9,30,61,82,92,100,121] [8,14,23,55,58,80,86,115] [5,26,46,68,80,100,104,124] [6,11,27,39,69,104,108,126] [2,12,22,32,45,92,114,117] [35,51,52,55,68,104,117,122] [21,26,30,57,58,94,110,114]
Token   6: [41,75,87,91,105,110,111,122] [13,16,37,38,46,60,63,103] [36,42,49,57,60,64,72,104] [20,24,70,71,73,80,100,106] [5,7,11,51,57,60,70,102] [18,55,63,93,103,115,119,122] [14,22,46,58,63,89,104,116] [5,33,44,82,88,94,100,106] [10,37,45,67,86,90,108,123] [8,17,35,41,68,76,80,102] [7,18,30,50,82,85,91,124] [46,60,62,73,94,97,100,122] [2,4,7,14,34,36,103,115] [2,40,62,68,106,109,112,123] [3,15,18,38,55,57,69,109] [16,17,32,40,54,100,120,125] [1,11,14,30,80,84,108,127] [1,9,26,36,62,65,77,100] [14,22,46,63,89,104,116,119] [5,33,44,82,88,94,100,106] [32,35,37,45,61,67,86,100] [7,17,24,35,68,76,80,102] [15,18,33,50,82,85,91,124] [1,42,73,85,94,97,100,122] [0,2,4,34,38,61,67,102] [2,57,62,82,106,109,112,123] [3,15,38,55,57,60,69,71] [17,32,40,54,63,120,125,126] [14,30,44,80,84,93,108,127] [9,26,36,65,77,81,82,103] [14,22,46,63,89,104,116,118] [5,33,44,82,88,94,100,106] [27,32,35,44,45,50,86,100] [7,17,35,41,68,76,80,102] [15,18,40,50,82,91,124,127] [1,54,73,85,94,97,100,115] [0,2,4,14,30,73,102,103] [41,57,62,63,68,106,112,123] [3,15,38,55,57,60,69,71] [17,20,32,40,54,107,125,126] [29,30,44,77,80,108,115,127] [0,26,36,63,65,77,80,103] [23,24,49,75,80,115,117,126] [8,46,56,68,100,104,120,121] [3,6,11,29,69,80,98,110] [5,22,27,45,47,83,87,114] [5,10,45,52,55,68,104,122] [11,15,31,44,74,82,112,127]
Token   7: [31,47,63,83,92,107,120,122] [2,8,13,34,41,63,103,122] [53,62,67,74,81,84,88,104] [3,6,20,21,71,73,87,127] [7,11,51,76,79,85,102,106] [42,55,61,97,114,119,122,125] [14,46,56,63,83,89,105,116] [5,33,44,49,82,94,100,106] [35,44,45,55,66,84,86,127] [9,24,68,76,80,98,104,110] [18,30,33,45,50,73,91,113] [26,36,49,61,62,90,115,122] [30,34,36,61,95,102,107,115] [2,6,28,80,83,91,95,106] [3,10,38,55,57,69,109,111] [6,17,23,32,40,85,100,120] [8,80,84,91,114,123,124,127] [1,9,17,19,30,53,77,103] [13,14,22,39,46,63,89,116] [5,33,44,48,82,94,95,100] [27,32,35,44,45,55,66,86] [17,24,68,76,80,98,102,104] [18,40,50,73,85,90,91,113] [1,20,26,85,90,94,115,122] [2,30,34,36,73,102,107,114] [6,40,56,80,82,83,106,118] [3,10,23,38,55,57,69,109] [3,17,32,40,58,85,100,120] [1,8,14,30,50,80,84,127] [1,9,19,73,77,82,90,100] [13,14,22,46,63,89,104,116] [5,33,36,44,82,88,94,106] [32,35,37,45,66,67,86,100] [17,68,76,80,98,102,104,105] [18,50,69,73,83,85,90,91] [26,46,54,60,85,90,94,115] [2,23,27,34,36,79,102,107] [6,40,80,83,93,106,107,118] [3,10,38,53,55,57,66,69] [3,17,23,40,58,85,89,100] [8,14,30,80,84,105,124,127] [1,9,19,77,78,90,103,121] [14,21,23,24,55,80,115,119] [5,20,36,46,88,100,104,120] [0,6,29,54,69,98,104,108] [2,20,22,27,45,114,117,127] [52,55,60,63,67,68,117,127] [20,32,34,58,73,86,112,117]
Token   8: [28,64,75,87,91,105,110,124] [8,9,13,16,46,63,90,122] [4,36,42,46,60,64,74,104] [24,29,70,71,73,80,98,106] [5,11,37,51,57,60,70,102] [18,43,55,63,93,96,115,122] [14,20,46,63,88,89,104,116] [5,19,32,33,44,82,94,100] [10,21,32,35,37,45,86,104] [7,8,17,68,76,79,80,102] [15,18,33,50,82,85,91,124] [1,48,62,92,94,97,100,122] [2,14,27,34,36,61,67,115] [40,68,91,106,109,112,119,123] [3,15,18,38,53,57,69,109] [6,17,32,40,54,75,100,120] [1,14,30,80,84,98,108,127] [1,9,26,36,49,65,77,82] [14,22,46,63,88,89,97,116] [5,21,33,44,82,88,94,106] [32,35,37,45,67,86,100,108] [7,17,24,35,68,76,79,80] [15,18,33,50,82,85,91,124] [1,25,54,73,85,92,97,100] [2,4,14,27,34,61,67,102] [2,36,57,62,106,109,112,123] [3,15,18,38,57,60,69,71] [0,6,17,32,40,54,120,126] [14,30,44,56,80,84,108,127] [9,36,49,63,65,77,82,103] [14,22,46,63,88,89,116,118] [5,33,44,82,88,94,100,106] [27,32,35,37,44,45,86,100] [17,35,68,76,79,80,102,104] [15,18,50,69,82,91,95,124] [1,25,54,85,92,94,100,115] [0,2,14,34,38,67,102,103] [36,41,57,62,106,109,112,123] [3,15,18,55,57,60,69,71] [17,20,31,32,40,71,107,126] [29,44,77,80,108,114,115,127] [0,36,49,63,65,77,103,121] [20,23,24,49,55,75,80,126] [8,46,47,56,100,104,120,121] [3,6,11,29,69,80,98,110] [5,12,22,45,47,83,87,117] [1,5,10,45,52,55,68,104] [11,15,31,44,74,82,90,127]
Token   9: [31,47,69,93,107,118,120,122] [2,13,39,60,63,83,103,122] [64,65,68,104,116,117,123,125] [1,25,29,71,89,93,100,106] [7,11,19,43,79,85,91,111] [30,55,97,103,111,114,119,125] [14,46,63,88,89,104,115,116] [5,33,44,72,82,94,100,106] [10,27,28,44,45,67,86,99] [17,43,68,76,80,102,104,105] [14,18,29,45,50,83,91,123] [13,46,58,86,94,102,115,122] [4,27,30,34,36,69,102,115] [2,44,68,79,85,95,106,121] [3,23,28,55,57,69,84,101] [3,6,17,34,40,64,98,100] [4,14,20,80,84,114,121,127] [1,5,30,45,53,77,97,103] [22,39,46,63,64,88,115,116] [21,33,44,72,82,94,100,106] [27,32,35,44,45,55,86,99] [17,43,68,76,80,97,102,105] [14,18,19,50,60,91,113,120] [1,20,58,85,86,90,115,122] [2,4,30,34,53,69,73,102] [36,44,79,82,95,106,117,121] [3,23,55,57,69,84,101,109] [3,17,32,34,40,45,100,120] [14,30,80,84,90,114,121,127] [1,5,9,30,45,77,82,103] [22,46,63,88,89,104,115,116] [33,36,44,82,88,94,100,106] [27,32,35,44,45,67,86,90] [17,68,76,80,102,104,105,111] [14,18,19,40,50,63,69,91] [1,13,58,60,85,86,90,115] [2,4,30,34,36,69,73,102] [32,44,47,79,93,106,117,121] [3,28,38,55,69,84,101,119] [3,17,30,34,40,45,100,120] [20,30,80,84,112,115,121,127] [1,7,14,30,45,77,97,103] [23,55,80,101,108,115,117,119] [4,20,46,58,66,100,104,120] [6,29,46,54,69,71,98,104] [12,20,22,27,45,71,114,127] [27,52,55,63,67,68,77,117] [32,34,55,58,71,86,112,117]
Token  10: [16,72,85,98,100,101,114,119] [21,60,63,75,89,106,119,122] [16,45,60,65,78,101,103,111] [1,20,25,67,87,93,101,106] [11,37,43,57,63,64,70,89] [18,31,55,79,93,97,110,119] [14,46,63,87,104,111,115,116] [1,32,33,44,82,94,100,106] [35,44,67,83,86,90,99,123] [0,7,17,68,76,80,102,111] [7,18,30,50,63,69,91,94] [43,53,60,67,72,90,99,115] [2,4,27,34,46,102,115,127] [10,40,59,66,101,106,112,117] [3,15,23,53,57,69,109,115] [6,17,32,40,75,82,89,120] [0,1,14,50,78,80,101,114] [7,34,77,82,88,100,103,112] [46,52,56,63,64,87,104,116] [19,32,33,44,82,94,100,106] [35,45,65,67,83,86,90,123] [7,17,67,68,80,102,111,125] [7,18,23,30,58,91,94,98] [21,22,53,72,96,99,100,122] [2,4,14,26,34,92,115,127] [2,8,92,99,104,106,112,117] [3,14,15,53,66,69,86,109] [6,16,17,32,40,75,89,120] [1,14,50,80,100,101,105,114] [1,72,75,77,88,93,100,103] [52,56,63,83,86,87,104,115] [32,33,44,73,82,94,100,106] [9,35,44,67,83,86,90,123] [7,17,68,80,102,104,111,123] [2,7,18,30,33,82,94,103] [4,21,53,72,79,96,99,100] [2,4,14,26,36,108,115,127] [20,47,85,91,104,106,112,117] [3,15,53,68,69,87,109,125] [11,32,40,49,75,83,89,106] [1,42,50,53,80,105,107,113] [1,30,34,59,77,88,93,105] [17,25,50,56,66,70,111,117] [18,46,53,58,66,74,82,91] [3,5,6,11,25,29,46,104] [29,41,50,64,71,110,114,117] [16,17,27,46,63,76,93,125] [3,55,58,76,87,102,104,112]
Token  11: [7,32,58,72,88,109,117,121] [1,27,44,60,63,65,89,122] [12,16,40,45,81,95,104,127] [20,71,75,81,84,91,106,115] [11,30,51,52,53,57,70,81] [8,9,17,25,37,59,64,103] [34,53,56,58,63,70,71,76] [24,59,75,82,100,106,109,112] [38,45,57,65,72,86,90,127] [0,2,17,19,49,55,80,125] [3,16,18,26,51,68,98,105] [20,24,28,49,52,60,61,125] [2,8,15,56,65,96,99,115] [0,15,26,28,58,78,103,106] [3,17,20,48,55,57,67,110] [16,31,40,49,61,70,85,101] [14,39,80,81,84,89,105,115] [1,18,19,21,42,55,77,78] [8,24,26,34,56,58,63,105] [3,24,33,49,59,62,100,112] [38,45,65,72,84,101,121,127] [0,9,10,49,87,110,122,125] [26,56,61,69,78,90,98,105] [7,23,24,28,49,54,61,125] [9,15,23,56,65,79,96,99] [0,15,26,28,58,78,103,104] [4,17,55,81,86,98,100,110] [31,32,41,49,59,70,120,127] [30,39,48,81,89,103,105,115] [1,18,21,55,78,82,83,88] [13,24,26,34,63,76,107,126] [18,24,56,59,62,75,109,112] [38,53,57,65,72,101,121,127] [0,2,10,19,49,55,122,125] [16,26,56,68,78,90,98,116] [3,4,5,7,14,23,52,125] [21,23,56,65,79,85,96,105] [0,20,26,47,58,78,103,104] [17,49,55,64,81,86,100,125] [11,40,49,59,70,75,83,120] [0,1,35,39,42,48,70,107] [1,21,34,59,77,83,88,123] [17,52,56,70,81,109,111,114] [11,31,58,62,68,71,72,96] [5,6,12,25,29,30,94,102] [3,29,50,54,73,90,99,114] [15,16,17,27,32,37,46,94] [4,53,55,72,102,107,112,113]
Token  12: [35,52,57,76,109,117,123,127] [24,27,60,63,89,103,109,122] [29,48,60,64,65,101,103,104] [25,56,67,71,93,101,106,117] [11,16,43,57,63,89,102,127] [18,55,71,97,103,110,112,119] [39,43,63,89,96,104,115,116] [32,33,36,44,82,94,100,106] [32,35,44,45,67,72,86,123] [8,17,62,68,76,80,102,105] [4,7,18,36,40,50,63,91] [45,53,58,60,90,94,102,115] [2,4,27,34,36,54,92,95] [18,29,43,47,79,85,106,117] [3,15,55,67,68,69,109,111] [3,16,17,34,40,45,64,84] [0,10,80,84,90,106,114,127] [1,5,7,62,77,82,103,122] [22,46,63,88,96,104,115,116] [33,44,48,82,88,94,100,106] [32,44,45,55,67,86,90,122] [17,43,62,68,76,80,85,102] [2,18,19,40,50,60,63,113] [53,58,59,72,85,90,94,115] [2,4,30,34,36,69,71,102] [32,44,47,56,79,106,107,117] [3,55,57,67,68,69,98,109] [17,29,32,34,40,45,120,125] [0,30,80,84,90,106,114,127] [1,5,7,30,50,77,82,103] [22,46,63,66,89,104,115,116] [33,36,44,82,88,94,100,106] [32,44,45,55,67,77,86,90] [17,62,68,76,80,85,102,111] [18,19,30,36,40,50,63,91] [1,45,53,72,85,90,94,115] [2,4,27,30,34,36,64,102] [13,32,47,67,85,93,106,117] [3,55,67,68,69,98,109,119] [16,17,29,30,40,45,63,127] [0,30,48,80,90,106,112,115] [5,7,50,55,57,77,80,82] [14,23,43,58,80,99,108,117] [46,58,66,68,98,100,104,115] [6,29,46,58,60,102,104,108] [45,50,64,71,91,95,99,114] [16,27,32,68,76,94,104,122] [3,53,76,87,102,107,112,113]
Token  13: [24,46,52,76,88,117,123,127] [25,27,44,52,63,65,109,122] [12,29,36,60,64,81,101,104] [19,25,28,60,73,74,78,86] [7,11,30,37,51,53,57,70] [18,55,63,74,93,110,112,119] [20,22,46,87,104,109,111,116] [1,32,33,44,45,82,100,106] [35,47,67,86,87,88,90,123] [0,7,17,68,76,80,102,111] [7,18,25,30,63,82,91,94] [18,21,53,60,72,90,99,100] [2,4,8,14,34,46,115,127] [10,40,91,92,104,106,112,117] [3,15,23,36,53,55,57,115] [17,32,40,75,89,91,121,125] [0,1,14,75,78,80,94,126] [9,18,27,77,82,100,112,121] [46,63,86,87,104,111,116,119] [7,32,33,44,45,82,100,106] [44,67,86,88,90,94,123,124] [7,68,76,80,82,99,102,111] [7,18,30,50,71,82,94,98] [21,22,53,60,67,99,100,115] [2,4,14,22,34,46,115,127] [20,92,93,99,104,106,112,117] [3,15,38,53,57,66,86,115] [6,16,17,32,40,75,89,91] [1,14,30,78,80,83,105,126] [1,9,72,82,93,103,112,121] [20,46,63,86,87,89,104,127] [32,33,44,73,82,100,106,110] [9,17,37,44,67,86,95,123] [7,49,68,80,99,102,111,113] [7,13,18,30,45,82,94,103] [4,33,53,78,94,96,99,107] [2,4,14,42,92,108,115,127] [10,20,25,85,92,104,106,112] [3,15,23,53,87,109,115,125] [11,32,40,50,75,89,110,125] [0,1,28,30,42,80,107,113] [13,34,50,59,77,82,88,105] [17,25,33,43,56,70,111,117] [46,61,72,74,80,82,91,115] [5,6,9,11,25,46,96,102] [29,50,64,65,88,90,99,114] [16,27,32,46,76,93,94,125] [3,4,53,72,76,87,102,107]
Token  14: [24,46,52,76,88,117,121,127] [13,25,27,52,60,63,89,122] [27,29,36,60,64,65,101,104] [19,25,46,60,74,86,91,93] [7,11,16,46,51,57,60,70] [9,18,71,97,103,110,112,122] [17,22,63,96,97,104,115,116] [32,33,44,82,89,94,100,106] [30,32,40,45,67,86,87,108] [7,17,62,68,76,80,100,102] [4,12,18,27,50,63,91,94] [45,53,54,56,60,94,95,100] [2,4,7,27,30,34,36,127] [8,31,43,67,85,91,106,112] [2,3,15,18,23,68,69,109] [16,17,32,40,45,54,84,120] [0,30,54,80,84,90,108,114] [1,30,36,50,57,63,77,82] [17,22,23,46,58,63,115,116] [33,44,48,82,88,94,100,106] [30,32,44,45,67,86,87,90] [17,62,68,76,80,85,100,102] [2,4,18,19,27,40,50,91] [1,45,53,56,60,85,94,95] [2,4,30,34,35,36,38,64] [8,31,67,95,106,109,112,123] [3,14,15,18,55,68,69,109] [16,17,29,32,40,64,87,106] [0,30,44,54,77,80,108,114] [0,11,50,57,63,65,77,122] [17,56,58,63,88,115,116,118] [33,36,44,82,94,100,106,123] [27,30,32,44,45,55,86,87] [17,41,62,68,76,80,100,102] [4,18,19,27,40,50,82,95] [1,45,53,56,85,94,97,115] [2,4,7,38,61,64,94,102] [8,31,47,95,106,109,112,123] [3,15,18,38,55,68,69,111] [17,20,31,32,40,61,107,120] [0,29,54,77,80,108,115,127] [0,50,57,63,65,77,80,103] [20,23,24,49,69,80,117,126] [8,46,47,53,100,104,121,122] [3,6,11,29,80,98,104,110] [5,22,45,47,83,87,99,114] [1,5,10,32,45,52,68,123] [4,15,31,44,74,82,107,127]
Token  15: [40,43,52,65,72,73,98,100] [18,38,63,70,94,100,122,127] [38,40,57,82,84,88,99,104] [6,25,31,71,86,93,111,116] [7,11,76,81,85,99,106,115] [37,59,61,64,66,97,103,125] [8,34,56,58,63,83,104,105] [5,33,49,59,82,100,109,112] [44,45,65,84,86,114,121,127] [0,9,17,76,80,102,110,125] [5,18,30,50,61,69,98,105] [24,28,49,53,60,61,115,125] [2,15,30,34,56,65,99,115] [6,15,28,33,58,78,106,118] [3,4,17,20,48,55,69,109] [16,17,31,40,49,85,101,122] [8,39,73,81,114,115,124,127] [1,19,42,69,77,99,103,105] [34,56,58,63,83,105,115,116] [3,5,33,49,82,94,100,112] [35,44,45,65,72,84,121,127] [0,9,17,76,80,102,110,125] [18,19,50,56,61,68,105,113] [1,3,23,24,45,49,54,61] [2,15,30,73,79,80,96,99] [6,15,28,58,78,106,110,118] [3,14,17,20,48,69,86,100] [16,32,40,49,70,85,101,127] [39,48,73,80,81,115,124,127] [1,19,21,42,55,80,103,105] [22,24,34,56,58,63,83,105] [33,44,49,75,82,94,100,112] [44,45,65,72,84,90,121,127] [0,9,51,76,80,102,110,125] [18,50,56,61,68,78,98,105] [3,23,24,49,54,60,61,125] [2,15,21,65,79,96,99,115] [15,23,28,58,68,78,106,118] [3,17,20,55,81,86,100,104] [40,49,52,70,85,101,103,127] [14,39,73,80,81,115,124,127] [1,19,21,42,48,55,69,103] [24,31,32,64,80,113,114,115] [31,37,46,77,88,100,104,120] [6,53,73,90,94,98,102,104] [2,22,27,32,45,87,101,114] [11,34,38,52,55,60,97,98] [20,57,73,77,85,86,105,109]
Token  16: [14,21,50,57,74,103,106,110] [3,6,9,28,37,62,95,122] [36,41,50,84,90,100,122,125] [3,4,23,39,67,71,87,95] [7,11,23,37,50,56,83,86] [18,47,51,68,103,105,110,119] [34,56,58,63,89,104,112,116] [5,32,33,44,82,94,100,106] [36,44,67,72,86,99,109,127] [0,32,65,68,76,80,96,102] [18,26,29,30,50,91,113,123] [39,53,60,67,69,96,109,115] [2,24,27,34,65,79,114,115] [21,23,31,66,82,98,106,118] [3,4,16,53,55,69,90,105] [6,16,17,40,50,72,103,120] [12,14,80,81,84,119,124,127] [1,2,77,78,82,90,99,103] [34,56,58,63,83,104,105,116] [3,33,75,82,94,100,106,112] [36,44,45,65,72,86,116,127] [0,9,51,65,80,92,98,125] [18,29,50,69,73,78,90,98] [3,20,23,26,54,60,109,125] [2,23,24,34,73,79,107,115] [23,66,80,82,83,98,106,118] [3,10,16,53,69,90,105,109] [6,16,17,40,61,72,103,120] [12,14,30,55,80,84,114,119] [2,9,35,66,77,82,90,103] [22,34,46,56,63,89,104,116] [32,33,44,75,82,94,100,106] [36,44,55,67,86,90,109,127] [32,51,65,68,80,96,102,111] [18,30,50,51,69,88,98,113] [20,53,59,60,69,85,109,115] [2,24,30,34,73,102,114,115] [10,23,66,82,98,106,113,118] [3,8,16,53,55,69,90,105] [4,16,17,40,61,72,103,120] [12,30,43,55,80,115,119,127] [2,9,35,66,77,78,103,112] [14,18,23,27,80,93,102,115] [6,29,36,46,65,87,100,104] [6,14,20,48,69,81,98,104] [22,27,37,45,58,70,80,114] [22,52,55,60,75,98,115,117] [36,47,66,86,88,120,123,124]
Token  17: [28,51,83,87,91,112,124,125] [9,16,29,45,48,67,68,122] [23,36,64,67,76,100,125,126] [3,12,20,70,73,92,112,114] [7,11,28,37,38,50,83,119] [10,47,63,74,87,93,103,115] [22,23,46,63,104,111,116,118] [2,19,32,33,44,82,100,106] [15,18,20,44,67,86,123,127] [32,35,65,66,67,68,80,102] [18,30,50,69,88,91,103,109] [8,22,42,53,60,69,96,115] [2,26,34,41,65,73,114,115] [13,23,41,76,82,91,98,106] [3,16,47,53,55,60,69,102] [6,16,17,31,40,50,72,120] [1,14,60,80,84,108,110,122] [1,15,46,77,82,94,99,103] [13,34,46,56,63,104,116,119] [2,33,44,59,82,94,100,106] [15,18,36,65,67,72,86,127] [0,32,65,68,80,92,102,111] [18,30,36,50,88,98,103,109] [8,14,20,22,48,53,60,96] [2,26,34,73,79,85,114,115] [2,23,41,82,83,91,98,106] [3,16,38,53,55,69,102,109] [6,16,17,40,50,61,72,120] [14,60,80,84,94,108,110,122] [15,46,52,64,78,82,94,103] [13,34,46,56,63,104,116,119] [2,33,44,56,82,94,100,106] [18,21,44,67,72,86,90,127] [0,32,35,65,68,80,102,111] [18,30,36,50,69,103,109,113] [22,42,53,60,69,85,89,115] [2,14,26,34,42,73,101,115] [10,18,41,68,76,82,91,106] [3,16,47,53,55,60,80,102] [16,17,31,40,56,60,61,120] [15,55,60,80,84,108,110,115] [15,36,46,52,64,78,103,122] [8,23,24,49,73,80,90,125] [12,19,49,80,100,104,121,125] [6,11,23,45,88,98,99,104] [17,22,45,46,58,76,112,114] [5,29,30,39,52,80,81,105] [15,35,52,71,74,95,111,127]
Token  18: [0,16,51,53,70,97,104,120] [20,24,34,62,76,86,107,122] [10,14,72,87,100,107,116,125] [12,13,23,25,32,76,87,105] [0,11,23,25,38,74,83,89] [18,31,47,80,97,107,110,119] [13,34,56,58,63,107,111,116] [33,44,60,82,87,94,100,106] [18,44,45,64,67,72,86,127] [0,2,32,65,68,80,94,102] [14,18,29,30,36,50,113,116] [8,60,67,69,86,89,104,115] [2,26,27,34,53,73,85,115] [13,21,44,68,75,82,83,98] [3,11,53,55,69,79,80,102] [6,16,17,31,40,50,60,120] [7,14,15,40,60,80,84,122] [1,15,52,53,77,90,99,103] [13,22,39,56,63,89,104,116] [33,44,59,82,87,94,100,106] [18,36,44,45,64,72,86,127] [0,2,51,65,80,94,102,111] [14,18,19,36,50,69,98,113] [8,20,59,60,63,65,69,115] [2,27,34,42,53,73,79,115] [44,75,78,82,83,98,106,118] [3,8,38,53,55,57,69,80] [6,16,17,40,50,60,61,120] [7,14,30,40,60,80,84,122] [9,15,52,53,77,82,90,103] [22,39,46,63,64,89,104,116] [33,44,82,87,88,94,100,106] [18,44,45,55,64,67,72,86] [17,51,68,80,94,96,102,111] [18,30,36,50,69,91,98,113] [8,20,60,69,85,86,89,115] [2,34,42,53,61,73,102,115] [10,21,44,75,76,82,98,106] [3,23,34,53,55,69,79,80] [6,16,17,40,50,60,61,120] [7,14,15,30,40,60,80,84] [9,15,52,53,78,103,106,117] [23,24,37,59,73,74,80,125] [43,46,49,81,100,104,120,124] [6,37,39,45,54,80,98,104] [22,27,45,46,63,80,112,114] [39,52,55,63,80,82,105,124] [10,27,32,34,35,52,90,95]
Token  19: [0,2,51,63,73,97,111,118] [24,32,76,86,107,116,122,126] [8,14,42,50,54,70,100,125] [1,3,25,30,71,76,87,105] [0,7,11,22,23,25,74,83] [34,47,80,82,89,97,119,122] [25,34,41,56,58,63,89,116] [33,44,82,87,94,95,100,106] [35,36,44,45,55,64,67,127] [45,65,68,71,80,94,98,102] [18,29,30,50,69,107,108,113] [8,60,65,69,86,104,115,120] [26,27,30,34,53,79,107,118] [21,44,75,76,82,98,102,118] [3,10,55,69,74,79,80,113] [6,17,23,31,40,50,60,87] [7,14,15,40,60,80,84,127] [1,15,52,53,78,90,93,103] [9,13,22,46,63,89,104,116] [33,44,82,87,94,95,100,106] [35,36,44,45,55,64,72,86] [0,65,68,76,80,94,98,102] [18,19,50,69,91,107,108,113] [8,20,54,60,69,86,115,122] [23,30,34,53,73,79,107,118] [21,44,75,82,83,98,106,118] [3,10,38,53,55,57,69,80] [3,6,17,23,40,58,60,120] [7,14,30,40,80,84,114,127] [9,15,52,53,77,82,90,103] [22,46,63,89,102,104,116,124] [21,33,36,44,82,94,100,106] [35,44,45,55,64,67,72,86] [59,66,68,76,80,94,102,111] [18,19,30,50,69,91,107,113] [8,60,67,69,86,115,120,122] [2,30,34,53,73,79,102,118] [10,21,44,68,75,98,102,106] [3,23,29,53,55,69,79,80] [6,17,40,60,61,78,87,120] [7,14,15,40,60,80,84,115] [15,17,52,53,80,103,106,117] [23,24,37,59,73,74,80,125] [20,43,46,49,81,100,104,120] [6,37,39,45,54,80,98,104] [22,45,46,63,80,104,112,114] [39,52,55,75,80,82,105,124] [27,32,35,52,71,90,95,108]
Token  20: [3,28,29,62,77,80,111,126] [11,45,76,78,86,113,114,122] [23,36,42,72,115,119,121,125] [1,11,20,25,76,101,105,119] [0,11,39,40,74,83,97,119] [30,55,80,97,99,100,103,122] [22,41,46,63,64,104,116,119] [9,33,44,82,87,94,100,106] [18,27,44,45,55,67,72,86] [57,59,62,68,76,80,94,102] [14,18,30,36,50,91,113,120] [8,15,39,68,69,86,115,120] [27,30,34,53,79,85,102,115] [13,24,44,49,68,75,95,106] [3,9,10,29,55,62,69,101] [3,6,17,31,40,82,98,120] [1,29,80,84,111,122,123,127] [1,53,62,65,77,84,90,103] [13,22,46,63,64,89,104,116] [33,36,44,82,87,94,100,106] [18,27,35,44,45,55,86,90] [0,5,68,80,94,97,102,105] [18,19,30,36,50,91,113,120] [8,20,53,60,68,69,86,115] [2,30,34,53,73,79,102,118] [24,44,49,75,83,91,106,118] [3,9,10,55,62,69,101,109] [3,6,17,23,40,82,98,120] [1,30,80,84,114,122,123,127] [9,53,65,77,82,84,90,103] [22,46,58,63,89,102,104,116] [33,44,78,82,87,94,100,106] [18,27,35,44,45,55,72,86] [59,66,68,80,94,102,105,111] [18,19,36,50,69,91,113,120] [39,68,69,85,86,115,120,122] [2,27,30,34,53,73,102,115] [24,44,49,68,75,91,95,106] [3,11,29,53,55,62,69,109] [6,16,17,20,31,40,58,120] [29,77,80,84,111,115,123,127] [0,53,63,65,77,80,84,103] [14,20,23,24,28,75,80,126] [8,20,46,47,100,104,121,127] [3,6,13,80,98,104,108,110] [5,22,27,45,47,83,87,114] [5,10,45,52,55,68,82,104] [11,15,27,31,54,74,90,127]
Token  21: [31,53,61,66,69,81,93,101] [4,25,45,83,91,98,115,122] [36,68,103,116,117,121,123,125] [1,3,5,20,25,101,106,119] [11,39,43,63,83,91,102,111] [30,31,74,80,97,100,111,119] [39,46,63,64,104,115,116,119] [9,33,44,72,82,94,100,106] [27,28,44,45,72,86,99,123] [17,43,48,59,68,80,102,105] [14,18,30,50,83,91,107,113] [8,13,15,58,69,100,115,122] [2,4,27,30,34,68,69,102] [13,24,44,55,68,85,106,121] [3,10,28,53,55,69,101,125] [3,6,17,34,40,98,100,120] [1,14,20,80,84,114,121,127] [14,45,61,77,82,90,97,103] [22,34,46,63,64,102,104,116] [9,33,44,72,82,94,100,106] [27,35,44,45,67,72,86,99] [17,48,68,80,97,102,105,111] [14,18,30,50,83,91,107,113] [13,20,58,69,86,90,115,122] [2,4,27,30,34,69,73,102] [24,44,55,83,85,106,107,121] [3,10,28,38,53,55,69,101] [3,6,17,34,40,82,100,120] [1,14,30,80,84,93,121,127] [14,45,61,62,77,82,97,103] [22,46,63,66,102,104,116,124] [33,44,72,82,88,94,100,106] [27,35,43,45,67,72,86,99] [17,48,66,68,80,102,105,111] [14,18,30,50,69,83,91,94] [13,47,58,60,69,86,90,115] [2,4,27,30,69,73,102,120] [55,68,79,93,99,106,107,121] [3,10,28,38,55,66,69,101] [3,16,17,34,40,89,100,120] [20,30,80,84,93,105,114,121] [14,45,61,62,77,80,82,97] [23,55,65,75,80,101,115,119] [4,20,36,46,65,89,100,104] [6,54,69,71,92,98,104,108] [22,27,30,35,45,54,114,127] [14,52,55,63,67,117,119,125] [32,34,55,58,86,99,112,117]
Token  22: [4,14,51,57,101,106,110,118] [25,37,44,48,57,60,91,122] [16,36,68,81,90,111,125,126] [3,5,20,21,26,32,37,106] [7,11,37,43,51,63,102,111] [18,35,51,55,93,99,105,119] [20,22,46,63,66,89,104,116] [33,44,63,72,82,94,100,106] [21,27,28,44,45,86,99,123] [5,7,32,66,68,80,102,105] [14,18,30,50,83,91,94,123] [13,58,69,90,94,100,109,115] [4,30,34,36,68,69,102,120] [55,61,66,85,106,107,112,113] [3,15,16,53,55,69,105,125] [3,6,17,34,40,100,120,125] [12,14,43,76,80,84,119,127] [2,35,45,62,66,77,82,103] [22,46,63,64,102,104,116,124] [33,44,63,72,82,88,94,100] [21,28,44,45,67,86,99,123] [17,32,48,66,68,80,102,105] [14,18,19,30,40,50,83,91] [13,58,69,90,94,100,109,115] [2,4,27,30,32,34,68,69] [30,40,55,66,83,106,107,113] [3,10,16,38,53,55,69,105] [3,6,15,17,34,40,58,100] [12,14,30,80,84,93,105,119] [2,35,61,62,66,77,82,100] [20,22,46,63,66,102,104,116] [19,44,63,78,82,94,100,106] [43,45,50,60,67,86,99,123] [7,17,32,59,68,80,105,111] [14,18,21,50,69,83,91,94] [13,69,90,94,99,100,109,115] [2,4,27,30,34,69,126,127] [55,66,68,79,93,99,106,113] [3,10,16,38,55,66,101,105] [3,6,17,34,40,89,100,120] [12,14,30,80,84,93,105,119] [2,35,45,61,66,77,82,90] [18,23,27,55,80,93,102,115] [20,29,46,65,89,100,104,120] [6,48,69,92,98,104,108,125] [22,27,30,35,45,54,84,114] [14,52,60,63,115,117,119,125] [36,47,58,86,88,112,120,123]
Token  23: [6,28,33,64,75,82,91,95] [28,47,48,62,93,104,105,122] [4,5,36,46,60,72,78,127] [20,24,70,72,73,93,103,106] [5,7,11,28,43,46,57,60] [0,8,35,63,74,87,93,115] [20,46,63,66,102,103,104,111] [19,33,44,82,88,94,100,106] [10,43,45,67,86,90,94,123] [0,7,17,32,35,68,80,102] [13,18,21,30,50,82,91,124] [18,48,62,90,94,97,100,122] [2,4,14,27,34,36,46,127] [40,83,85,91,106,112,120,127] [3,15,16,38,53,55,60,102] [32,40,54,89,100,120,125,126] [1,13,80,84,93,94,100,106] [1,26,36,58,62,77,82,101] [22,46,63,87,102,103,104,116] [19,33,44,82,88,94,100,106] [35,45,67,72,86,90,94,123] [7,17,35,66,68,80,82,102] [18,21,36,50,82,85,91,124] [9,18,25,60,90,94,97,100] [2,4,14,25,27,34,102,127] [2,18,83,106,112,117,120,127] [3,15,16,38,53,55,69,102] [3,32,40,54,89,100,120,125] [13,14,30,80,84,93,94,100] [7,26,36,62,77,82,92,100] [20,22,46,63,102,103,104,116] [19,33,44,63,82,88,94,100] [45,50,60,67,72,86,94,123] [7,17,59,66,68,80,82,102] [18,21,36,55,71,82,91,94] [18,48,62,69,90,94,99,100] [2,4,14,27,34,36,126,127] [83,85,92,93,106,112,120,127] [3,15,16,38,53,55,66,87] [32,40,58,66,80,89,100,125] [13,30,80,84,93,94,100,101] [26,77,80,81,82,90,92,100] [14,23,25,58,80,86,106,117] [18,20,46,66,82,89,100,122] [6,11,57,64,92,98,104,125] [22,26,27,30,35,45,71,114] [14,27,32,33,51,52,60,77] [15,21,26,44,57,58,82,86]
Token  24: [11,72,85,98,100,114,119,122] [14,38,62,63,103,106,119,122] [5,16,40,45,60,78,111,127] [3,20,25,28,73,85,103,116] [11,30,37,52,57,63,81,92] [18,31,59,64,79,93,103,119] [34,46,56,58,63,104,111,116] [24,33,44,59,82,94,100,106] [35,45,67,72,86,90,123,127] [0,2,7,17,55,68,80,111] [16,18,50,58,63,69,91,94] [20,21,28,53,60,90,99,100] [2,4,34,56,65,105,115,127] [0,40,78,91,103,104,106,112] [3,17,53,55,57,69,100,115] [16,17,31,32,40,49,89,120] [14,39,50,65,80,84,93,115] [1,18,26,55,77,78,82,103] [26,27,34,46,63,70,86,104] [6,28,30,33,56,73,100,106] [9,37,38,46,53,72,86,124] [0,10,49,76,80,96,111,122] [16,26,47,68,71,78,94,98] [3,4,7,21,64,96,99,125] [9,26,43,46,56,65,119,127] [42,58,73,77,92,103,104,112] [1,4,57,86,88,107,110,115] [16,32,49,59,61,89,93,120] [48,65,80,83,89,93,105,115] [1,18,50,55,72,82,88,93] [24,26,34,47,63,70,89,104] [6,18,28,30,105,106,109,123] [9,15,31,37,41,46,53,57] [0,2,10,23,49,65,85,96] [7,26,30,47,65,71,98,112] [4,21,37,64,81,96,99,121] [2,17,49,65,85,92,108,119] [0,20,29,93,104,112,117,122] [1,49,67,69,92,98,109,125] [29,32,45,58,63,89,106,125] [0,28,84,93,94,101,106,112] [7,26,34,57,75,77,82,100] [57,58,71,80,99,106,108,117] [20,38,46,58,66,80,82,100] [6,11,39,57,92,98,104,125] [26,30,45,50,71,76,114,121] [14,16,27,32,33,74,76,77] [3,53,58,76,87,102,104,110]
Token  25: [7,30,32,58,88,109,118,121] [1,14,62,65,66,93,104,122] [5,31,49,60,78,111,112,127] [3,20,24,28,69,70,81,103] [5,6,11,30,37,46,57,60] [0,35,55,74,87,93,110,115] [20,46,63,102,103,104,111,116] [19,33,44,63,82,94,100,106] [10,40,45,83,86,87,94,108] [7,17,35,41,68,80,100,102] [15,18,50,63,82,91,94,124] [53,60,73,94,97,99,100,122] [2,4,14,34,36,46,94,127] [8,40,62,67,89,91,106,112] [3,15,16,18,53,55,69,112] [17,32,40,54,100,120,125,126] [0,1,14,44,80,84,93,108] [0,26,34,36,57,62,63,77] [20,22,46,63,102,103,104,116] [33,44,63,82,88,94,100,106] [43,45,50,83,86,87,90,94] [7,17,35,41,68,80,100,102] [15,18,27,31,63,82,91,124] [1,53,56,73,92,94,97,100] [4,14,30,34,36,38,94,127] [8,57,62,106,109,112,123,127] [3,15,16,38,53,60,69,71] [17,32,40,54,58,89,125,126] [0,13,14,44,80,84,93,108] [0,26,34,36,77,82,92,100] [22,46,63,102,103,104,116,118] [19,33,44,63,82,94,100,106] [35,43,45,50,60,83,86,94] [7,17,32,41,59,68,80,102] [15,18,21,40,69,71,82,124] [1,48,53,56,73,94,99,100] [0,2,4,30,94,102,103,127] [8,57,62,106,109,112,123,127] [3,15,16,18,38,55,71,87] [32,40,54,58,100,107,125,126] [13,29,44,77,80,84,93,108] [0,26,34,62,63,65,77,113] [18,23,24,49,58,80,86,126] [20,46,47,65,100,104,121,122] [6,11,38,80,92,98,108,110] [5,22,27,45,83,84,87,114] [5,10,32,36,52,60,75,119] [4,15,21,31,44,74,107,127]
Token  26: [22,31,41,52,63,83,92,120] [2,8,34,41,104,105,122,124] [5,40,53,60,67,84,88,125] [3,6,20,23,73,86,89,93] [7,11,37,43,76,79,85,106] [31,35,42,61,97,119,122,125] [34,46,56,63,83,105,115,116] [33,44,49,63,82,94,100,106] [35,44,66,72,83,84,86,127] [17,59,68,80,98,102,110,111] [18,30,50,73,83,90,91,113] [26,49,53,60,61,69,115,122] [27,30,34,61,79,102,107,115] [6,28,40,80,83,85,91,106] [3,10,15,16,48,55,79,111] [3,6,17,23,40,50,85,100] [8,14,80,84,93,114,124,127] [1,19,26,53,62,77,103,113] [13,22,46,56,63,102,104,116] [33,44,49,82,94,95,100,106] [27,35,44,45,55,66,86,90] [7,17,66,68,80,97,98,102] [13,18,45,50,73,90,91,113] [1,20,26,69,85,92,115,122] [2,30,34,61,73,79,102,107] [6,28,40,80,83,106,118,125] [3,10,30,38,48,53,55,79] [3,6,23,40,58,76,82,85] [8,14,30,80,84,93,123,124] [1,19,53,77,82,90,100,103] [22,34,46,63,102,104,116,124] [33,44,49,78,82,94,100,106] [35,43,44,45,60,66,67,86] [7,17,59,68,80,98,102,104] [18,19,30,50,69,73,90,91] [1,26,54,69,90,94,100,115] [2,4,23,34,73,79,102,107] [6,28,30,80,83,93,106,118] [3,10,38,48,53,55,66,69] [3,17,40,58,85,89,100,120] [8,14,30,63,80,84,105,124] [19,53,62,69,77,82,90,103] [14,21,23,24,58,80,92,115] [20,46,65,88,89,100,104,120] [0,6,47,92,98,104,108,125] [6,22,27,30,35,45,84,114] [19,52,55,60,67,75,117,119] [20,32,34,58,73,74,86,117]
Token  27: [33,42,64,75,82,87,91,95] [8,28,62,90,93,105,109,122] [4,5,23,36,46,60,78,103] [3,20,24,29,72,73,86,103] [5,11,43,50,57,60,83,119] [31,35,63,74,93,96,110,115] [46,63,66,102,103,104,108,111] [19,33,44,82,88,94,100,106] [10,18,43,45,86,90,94,123] [7,17,35,68,79,80,82,98] [18,21,36,50,82,85,91,94] [48,53,62,90,92,94,100,110] [2,4,14,18,27,34,107,127] [47,83,85,91,103,106,112,127] [3,10,15,30,38,53,55,97] [3,32,40,50,89,100,125,126] [14,28,80,84,93,94,98,100] [1,7,26,34,77,82,90,100] [22,46,63,87,102,103,104,116] [19,33,44,82,88,94,100,106] [10,18,35,45,72,86,90,123] [7,17,59,66,68,79,80,98] [21,36,40,50,73,82,91,94] [26,62,90,92,94,99,100,110] [4,23,27,34,36,79,107,127] [47,83,85,106,117,118,120,127] [3,10,15,38,53,55,69,125] [3,32,40,58,66,89,100,125] [14,28,30,80,84,93,94,100] [7,26,62,77,82,90,92,100] [20,46,50,63,102,103,104,116] [19,33,44,56,63,82,94,100] [10,18,35,50,67,86,94,123] [7,17,68,79,80,82,98,102] [21,36,71,73,82,90,91,94] [18,26,48,62,90,92,99,100] [4,21,23,27,34,79,107,127] [33,80,83,92,93,106,112,127] [10,15,38,53,55,66,87,102] [32,40,58,66,80,89,106,125] [13,30,80,84,93,94,100,112] [26,62,77,80,81,82,92,122] [33,58,80,86,92,106,108,117] [10,18,20,46,66,82,100,122] [6,11,57,64,92,98,108,125] [22,26,27,35,45,50,71,114] [3,27,32,51,52,74,77,119] [15,21,26,44,57,58,82,86]
Token  28: [11,85,98,100,114,118,119,122] [38,62,63,93,103,106,119,122] [5,16,27,38,40,60,111,127] [3,20,25,28,73,85,103,116] [11,30,37,52,57,63,81,92] [18,37,59,64,74,79,103,119] [34,56,58,63,70,71,89,116] [24,33,44,59,82,94,100,106] [9,45,65,67,72,86,90,127] [0,2,17,49,68,80,111,125] [18,50,51,58,69,91,94,98] [3,24,28,60,90,96,99,125] [2,8,15,34,56,65,115,127] [0,15,23,28,58,78,103,106] [3,17,20,53,55,57,100,115] [16,17,31,40,49,70,101,120] [14,39,80,81,84,89,103,115] [1,18,21,42,55,77,78,82] [8,24,26,34,56,58,63,105] [3,9,24,33,59,82,100,112] [9,38,45,53,65,72,116,127] [0,49,55,80,87,111,122,125] [16,26,51,56,58,78,94,98] [7,21,23,28,64,96,124,125] [2,8,9,22,56,65,79,96] [0,29,58,78,92,103,104,112] [4,17,38,55,66,86,98,110] [31,32,40,49,61,70,101,120] [30,39,48,80,89,103,105,115] [1,18,21,55,72,82,83,99] [13,24,26,34,44,63,107,116] [18,24,33,56,59,75,100,109] [9,38,53,72,86,90,101,127] [0,2,49,55,69,80,87,96] [16,26,50,67,68,71,78,98] [3,4,7,14,52,64,100,110] [17,37,56,65,73,77,92,105] [1,20,78,91,103,104,112,117] [31,49,53,57,69,86,102,125] [11,40,51,59,75,79,120,125] [1,14,28,42,70,80,107,127] [34,59,75,77,82,88,100,118] [8,17,25,56,66,70,106,114] [10,18,61,75,80,96,99,111] [5,6,11,12,25,46,104,111] [29,50,71,76,88,110,114,117] [14,16,27,46,49,76,93,125] [3,8,53,58,76,87,102,104]
Token  29: [7,27,30,32,58,88,109,121] [1,14,38,62,65,87,93,122] [5,27,31,49,60,111,112,127] [3,20,23,24,28,60,86,103] [5,11,30,37,57,60,61,101] [0,35,43,46,74,87,93,96] [46,63,88,102,103,104,111,116] [19,33,44,63,82,94,100,106] [40,43,83,86,87,90,94,123] [7,17,35,68,79,80,102,125] [18,21,27,50,63,82,91,124] [1,53,73,92,94,97,100,122] [2,4,14,18,27,67,94,127] [8,35,47,62,85,91,106,112] [3,15,18,38,53,68,69,83] [6,17,31,32,40,54,125,126] [0,14,44,80,84,93,100,108] [0,1,26,34,36,62,77,82] [22,46,63,88,102,103,104,116] [33,44,63,82,88,94,100,106] [35,40,43,44,83,86,90,94] [7,17,35,68,79,80,100,102] [15,18,27,31,63,82,91,124] [1,53,56,73,92,94,97,100] [2,4,34,35,38,67,94,127] [8,62,89,106,109,112,123,127] [3,15,18,38,53,69,71,83] [6,17,32,40,54,58,125,126] [13,14,30,44,80,84,93,108] [0,26,34,36,63,77,82,101] [20,46,63,88,102,103,104,116] [33,44,63,78,82,94,100,106] [35,40,43,44,60,83,86,94] [7,17,41,68,79,80,102,104] [15,18,21,27,69,82,91,124] [1,53,54,73,92,94,100,115] [0,4,34,38,67,94,102,103] [8,57,62,106,109,112,123,127] [3,15,16,18,55,60,69,71] [6,20,32,40,100,107,125,126] [13,44,77,80,84,93,108,115] [0,26,34,62,63,65,77,113] [18,23,24,49,58,80,86,126] [20,46,47,100,104,121,122,127] [6,11,39,80,92,98,108,110] [5,22,27,45,83,84,87,114] [1,5,10,32,52,60,75,119] [4,15,21,31,44,74,107,127]
Token  30: [21,46,51,52,71,93,120,126] [45,47,53,63,83,91,96,122] [5,68,69,86,103,116,117,125] [1,3,20,64,67,89,101,106] [11,34,37,40,43,79,91,111] [2,30,31,35,47,103,111,119] [14,39,46,63,64,88,102,116] [33,44,72,82,94,100,106,123] [27,44,45,55,72,86,90,99] [43,45,59,68,80,102,105,111] [14,18,30,50,73,83,91,123] [13,26,58,60,69,92,115,122] [2,27,30,34,69,102,115,120] [24,25,47,55,68,79,106,121] [3,10,19,28,38,55,69,101] [3,6,34,40,64,86,87,120] [14,20,30,80,84,114,121,127] [9,14,45,61,62,82,97,103] [13,22,46,63,88,102,104,116] [33,44,72,82,88,94,100,106] [27,43,44,45,55,86,90,99] [5,43,59,66,68,80,97,102] [14,18,40,50,69,73,91,123] [13,20,26,58,69,86,115,122] [2,27,30,34,52,60,69,102] [6,21,25,40,79,106,107,121] [3,23,28,38,53,55,69,101] [3,6,34,40,76,82,86,120] [14,20,30,80,84,93,114,121] [16,45,61,77,82,97,103,113] [22,46,63,66,68,102,104,116] [33,36,44,78,82,94,100,106] [43,45,55,60,67,72,86,99] [43,57,59,66,68,80,102,111] [14,18,30,40,50,69,83,91] [13,26,39,58,67,86,90,115] [2,4,27,34,60,68,69,102] [25,55,68,79,99,106,107,121] [3,10,19,28,29,55,69,101] [3,6,9,34,40,50,89,120] [20,30,80,84,93,105,115,121] [14,45,61,77,82,97,103,113] [14,21,58,65,80,101,115,119] [4,20,46,65,87,89,100,104] [6,39,54,69,71,92,98,104] [22,27,30,35,45,54,84,114] [14,26,47,52,60,67,75,119] [32,34,55,58,86,87,117,124]
Token  31: [9,14,47,57,74,103,106,117] [9,39,47,48,60,116,122,126] [36,41,69,81,90,111,122,125] [3,20,21,26,37,48,64,106] [7,11,34,37,43,51,63,111] [18,31,35,51,79,93,105,119] [13,20,39,46,63,102,104,116] [21,33,44,63,72,82,94,100] [27,28,44,45,55,86,99,108] [5,32,59,68,80,97,102,105] [14,18,29,30,40,50,91,123] [5,13,39,58,94,109,111,115] [27,34,36,60,68,69,95,102] [25,40,55,66,79,106,107,113] [3,16,38,53,55,101,105,112] [3,6,9,34,40,82,86,120] [1,12,14,43,80,84,93,119] [2,9,16,35,45,66,82,103] [22,46,63,66,102,104,116,124] [21,33,44,72,82,88,94,106] [43,44,45,55,72,86,90,99] [32,59,66,68,69,80,102,105] [14,18,40,50,69,91,94,120] [13,58,79,90,94,109,111,115] [4,34,52,60,68,69,100,102] [25,40,55,66,79,106,107,113] [3,16,38,53,55,69,95,105] [3,6,34,40,66,76,86,89] [12,14,30,80,84,93,105,119] [2,16,35,62,66,82,100,113] [20,46,63,66,68,102,104,116] [33,44,78,82,88,94,100,106] [43,45,50,55,60,67,86,99] [7,32,57,59,68,69,80,102] [14,21,29,40,69,83,91,94] [5,26,39,67,90,99,109,115] [2,4,27,32,60,69,102,127] [25,32,55,66,93,99,106,113] [3,16,38,55,66,69,101,105] [3,4,6,16,34,40,89,120] [12,30,43,80,84,93,105,119] [2,9,35,45,66,82,113,120] [14,18,27,55,80,93,102,115] [20,29,46,65,87,89,100,104] [6,14,38,39,48,92,98,104] [22,27,30,35,45,54,84,114] [14,47,52,60,75,91,115,119] [7,36,47,58,86,120,123,124]
Token  32: [28,33,47,64,75,82,91,95] [28,48,62,68,90,93,105,122] [4,5,36,46,60,72,78,127] [20,24,37,68,70,72,73,103] [5,7,11,28,43,57,60,119] [0,35,46,63,74,87,93,115] [20,46,63,66,102,103,104,111] [19,33,44,82,88,94,100,106] [10,18,43,45,86,90,94,123] [7,17,32,35,57,68,80,82] [13,18,21,36,40,82,91,124] [18,39,48,62,90,94,100,111] [2,14,18,27,34,36,60,127] [25,85,92,106,107,112,120,127] [3,15,16,38,53,55,60,94] [32,40,54,89,100,120,125,126] [1,13,14,80,84,93,94,100] [1,26,34,58,70,77,82,100] [22,46,63,87,102,103,104,116] [21,33,44,82,88,94,100,106] [18,45,60,72,86,90,94,123] [7,17,59,66,68,80,82,102] [21,36,40,71,82,85,91,94] [18,22,59,62,94,99,100,111] [14,25,27,34,60,92,102,127] [2,18,25,92,106,112,120,127] [3,15,16,38,53,55,69,102] [3,6,32,40,66,89,120,125] [13,14,30,80,84,93,94,100] [26,36,58,62,77,82,92,100] [20,22,46,63,102,103,104,116] [19,33,36,44,82,88,94,100] [45,55,60,67,72,86,94,123] [7,17,57,68,69,80,82,102] [21,29,36,43,71,82,91,94] [18,22,25,30,62,90,99,100] [4,14,17,29,85,102,112,127] [25,68,92,93,106,112,120,127] [3,15,16,24,38,55,66,87] [32,40,66,89,106,120,125,126] [13,28,30,80,84,93,94,100] [26,77,81,82,92,100,113,122] [1,14,23,58,69,80,86,106] [20,46,66,82,100,120,121,122] [6,11,39,57,64,92,98,125] [22,26,27,30,35,45,71,114] [14,32,51,52,60,75,77,122] [10,15,21,26,57,58,82,121]
Token  33: [3,75,91,105,112,122,124,126] [14,45,62,71,93,103,104,122] [4,5,6,49,60,64,103,127] [13,20,24,46,66,70,95,114] [5,7,11,30,37,60,61,68] [0,35,63,87,93,100,115,119] [46,63,102,103,104,111,116,120] [7,19,33,44,82,88,94,113] [45,50,55,72,86,94,108,123] [7,35,41,57,68,80,102,106] [21,29,50,51,82,91,94,124] [39,43,55,73,94,97,99,100] [2,14,17,27,34,46,102,127] [25,40,62,68,85,106,109,112] [3,15,16,18,24,38,69,94] [9,32,40,54,82,120,125,126] [1,44,46,80,84,93,94,108] [0,9,26,36,49,82,100,101] [46,63,96,102,103,104,116,124] [21,33,44,82,88,94,106,124] [43,45,50,55,72,86,90,94] [5,7,35,57,66,68,80,102] [7,18,40,50,82,91,94,124] [39,55,73,85,94,97,99,100] [0,2,4,27,34,38,102,127] [40,57,62,106,109,112,123,127] [3,15,18,38,55,60,71,102] [32,40,51,54,82,120,125,126] [1,44,46,80,84,93,94,108] [0,26,36,58,65,82,100,103] [46,63,66,102,103,104,116,118] [21,33,36,44,82,88,94,124] [27,44,45,50,55,72,86,94] [7,35,41,57,66,68,80,102] [18,21,29,40,82,91,94,124] [42,55,73,94,97,99,100,115] [0,2,4,14,38,102,103,127] [25,41,57,62,106,109,112,123] [3,15,18,38,55,60,69,102] [16,20,32,40,51,107,125,126] [29,44,77,80,84,93,108,127] [0,9,63,65,77,82,100,103] [8,14,23,24,49,80,90,126] [20,46,47,56,75,80,100,121] [6,11,23,25,80,92,98,110] [5,22,27,45,47,76,83,87] [1,5,10,14,52,55,75,117] [15,21,31,44,74,82,124,127]
Token  34: [31,47,61,66,69,107,120,122] [2,60,62,63,66,83,103,122] [64,68,103,104,116,117,123,125] [3,10,20,89,94,97,106,109] [7,11,37,79,85,91,102,111] [5,35,55,97,103,111,119,125] [14,43,46,56,63,88,104,116] [5,21,33,44,72,82,94,100] [27,28,44,55,72,86,90,99] [17,43,68,76,80,102,105,111] [14,18,21,50,73,83,91,123] [13,26,58,60,69,92,115,122] [27,30,34,36,69,102,115,120] [6,25,55,68,79,85,106,121] [3,15,28,38,55,69,84,101] [3,9,17,32,34,40,100,120] [1,14,20,80,84,114,121,127] [1,5,30,45,72,77,97,103] [13,14,22,46,63,88,104,116] [5,21,33,44,72,82,94,100] [27,28,32,44,45,55,86,99] [17,43,68,76,80,102,105,111] [14,18,19,50,69,91,113,120] [13,20,58,69,85,86,115,122] [2,4,27,30,34,61,69,102] [6,21,44,79,95,106,107,121] [3,23,28,38,55,69,84,101] [3,6,16,17,34,40,100,120] [14,20,30,80,84,114,121,127] [1,9,30,45,77,82,97,103] [22,46,63,66,88,102,104,116] [33,36,44,72,82,94,100,106] [27,32,44,45,55,72,86,99] [17,57,68,76,80,102,105,111] [14,18,19,45,50,69,91,94] [13,58,59,69,85,86,92,115] [2,4,27,30,36,69,73,102] [10,44,55,68,79,106,107,121] [3,28,38,55,57,69,84,101] [3,9,16,17,34,40,100,120] [20,30,80,84,114,115,121,127] [1,9,14,30,45,77,82,97] [14,23,55,80,101,115,117,119] [4,5,20,36,46,100,104,120] [6,29,38,54,69,71,98,104] [20,22,27,30,45,93,114,127] [36,52,55,67,68,77,117,119] [32,34,55,58,86,112,117,124]
Token  35: [11,72,85,98,100,101,114,119] [21,28,60,63,75,106,119,122] [16,45,60,65,78,101,104,111] [1,19,20,25,67,87,93,106] [7,11,19,37,43,57,63,102] [18,59,71,77,97,103,112,119] [43,46,56,63,104,111,115,116] [31,33,44,72,82,94,100,106] [35,44,45,67,86,90,99,123] [2,7,17,57,68,80,102,111] [13,18,30,50,63,69,91,105] [46,49,53,60,72,90,102,115] [2,4,15,30,65,99,102,115] [6,15,28,40,59,66,91,106] [3,15,20,23,48,57,68,69] [16,17,32,40,82,85,89,120] [8,14,80,84,90,114,124,127] [17,19,26,50,72,77,100,103] [34,46,56,63,88,104,105,116] [9,33,44,49,82,94,100,106] [27,35,44,45,84,86,90,121] [5,9,68,80,102,110,111,125] [13,18,30,50,61,91,105,113] [1,24,49,61,69,92,115,122] [2,4,15,27,30,34,99,102] [6,15,28,36,95,106,112,115] [3,14,20,48,53,69,102,109] [6,37,40,63,82,85,120,125] [39,56,62,80,82,84,93,114] [16,72,77,82,100,103,113,118] [46,51,63,88,102,104,105,116] [33,44,78,82,94,100,106,112] [9,35,43,44,45,60,86,121] [9,57,68,80,102,104,110,125] [18,33,50,56,61,82,105,113] [1,4,23,24,48,54,92,100] [1,2,4,14,34,73,102,108] [20,36,47,68,93,103,106,112] [3,15,53,55,69,74,102,125] [11,17,32,40,75,106,120,125] [1,42,48,80,84,93,107,113] [30,34,59,72,77,80,88,103] [17,23,25,56,58,80,111,117] [11,18,46,68,74,80,82,115] [5,6,25,52,60,70,103,127] [26,29,41,45,64,110,113,114] [16,17,27,76,93,100,122,125] [3,58,83,87,102,104,110,112]
Token  36: [7,32,58,72,88,109,117,121] [1,25,27,60,62,65,87,122] [12,16,40,45,60,95,104,127] [3,20,75,81,84,91,103,106] [11,30,37,52,57,70,73,81] [9,17,18,25,37,59,64,103] [24,34,47,56,58,63,71,76] [24,33,59,75,82,100,106,112] [9,45,57,65,72,86,90,127] [0,2,17,19,49,80,111,125] [18,26,50,51,68,69,98,105] [3,20,24,28,49,59,60,125] [2,9,15,34,56,65,99,115] [15,23,26,28,58,78,103,106] [3,17,20,48,55,69,81,100] [16,31,40,49,70,85,101,120] [14,39,80,81,84,89,103,115] [1,18,19,21,55,77,78,99] [24,26,34,56,58,63,105,116] [3,24,33,49,59,100,112,123] [38,45,65,72,84,116,121,127] [0,9,49,87,92,110,122,125] [16,26,56,61,78,90,98,105] [7,23,24,49,52,54,61,125] [15,21,23,56,65,79,96,99] [15,26,28,29,58,78,103,118] [4,17,48,81,86,98,100,110] [16,49,59,70,101,120,122,127] [39,48,81,82,89,103,105,115] [1,21,55,75,83,88,99,118] [24,26,34,56,63,83,105,126] [3,18,24,59,75,100,109,112] [53,57,65,72,90,101,121,127] [0,49,96,98,110,122,123,125] [16,26,56,68,78,90,98,105] [3,7,23,24,52,54,94,125] [21,23,56,65,73,79,108,115] [20,31,68,78,91,103,104,112] [3,49,57,69,81,86,103,125] [11,16,25,32,49,59,72,75] [0,1,34,35,42,70,107,113] [1,30,34,50,59,77,88,105] [17,50,56,66,109,111,114,115] [30,58,72,80,96,98,99,106] [2,5,6,12,25,29,30,114] [29,41,65,73,91,99,110,117] [16,17,27,32,46,93,94,100] [4,42,53,72,87,102,107,113]
Token  37: [35,52,57,76,109,117,123,127] [24,25,27,60,62,63,109,122] [12,29,48,64,65,101,103,104] [20,25,67,93,100,106,108,117] [7,11,37,43,57,63,102,127] [30,35,55,71,97,103,112,119] [39,43,46,63,96,104,115,116] [31,33,36,44,82,94,100,123] [18,32,44,45,55,72,83,86] [8,17,62,63,68,80,102,105] [4,7,18,36,40,50,63,91] [45,53,58,76,90,94,102,115] [2,4,27,30,34,36,54,92] [18,43,47,79,85,91,106,117] [3,15,36,55,67,68,69,125] [3,17,34,40,45,50,120,125] [0,46,80,84,90,100,106,114] [1,7,30,45,50,77,99,103] [13,22,46,63,88,104,115,116] [33,36,44,82,88,94,100,106] [18,27,32,44,45,55,86,90] [17,43,62,68,80,85,102,111] [18,19,40,50,60,63,91,113] [13,58,72,76,85,90,94,115] [2,4,30,34,36,69,71,102] [32,43,47,55,79,106,107,117] [3,7,23,55,68,69,98,125] [6,17,34,40,45,100,120,125] [0,46,80,84,90,106,112,114] [1,7,30,50,62,77,82,103] [46,58,63,66,102,104,115,116] [33,36,44,82,94,100,106,123] [32,44,45,55,67,72,86,90] [17,62,68,76,80,96,102,111] [18,19,36,40,50,63,91,94] [45,53,72,76,85,90,94,115] [2,4,27,36,64,71,102,127] [32,47,67,91,93,103,106,117] [3,55,66,67,68,69,98,119] [17,29,30,31,40,45,63,127] [0,30,80,84,90,101,106,112] [5,7,44,50,55,57,77,80] [12,14,23,58,80,99,108,117] [20,46,58,66,68,98,100,115] [6,29,39,46,58,98,104,111] [41,45,50,64,71,91,99,114] [14,16,27,32,74,76,94,104] [3,53,72,76,87,102,107,112]
Token  38: [46,47,52,76,88,117,123,127] [25,27,44,52,63,65,109,122] [5,12,29,60,64,81,104,127] [3,19,20,25,73,74,86,95] [7,11,37,46,51,53,57,70] [18,35,55,74,93,110,112,119] [20,46,63,87,104,109,111,116] [1,19,32,33,44,82,100,106] [35,67,86,87,88,90,108,123] [0,7,17,68,76,80,102,111] [7,18,25,27,30,63,91,94] [21,53,60,72,90,96,99,100] [2,4,8,14,34,65,115,127] [40,91,92,104,106,112,117,124] [3,15,23,53,55,57,69,115] [6,17,32,40,75,89,91,121] [0,1,14,75,78,80,84,126] [1,9,77,82,100,103,112,121] [23,46,63,86,87,104,116,127] [32,33,45,73,82,100,106,110] [17,35,44,67,86,90,95,123] [7,68,76,80,96,99,102,111] [7,18,30,50,91,94,98,103] [21,22,53,60,67,94,99,100] [2,4,14,26,34,46,115,127] [2,82,92,93,99,104,106,112] [3,15,38,53,57,66,99,115] [6,17,32,40,75,89,91,120] [1,14,30,78,80,83,84,105] [1,9,72,77,82,93,103,112] [63,75,86,87,89,104,110,116] [32,33,44,73,82,100,106,110] [9,44,67,86,95,103,123,127] [49,68,80,96,102,104,111,113] [2,7,13,18,30,33,45,103] [4,53,78,94,96,99,107,111] [2,14,32,42,74,92,108,115] [10,20,29,85,92,104,106,112] [3,53,69,87,102,109,115,125] [11,15,32,40,50,72,75,117] [0,1,42,48,50,80,107,113] [13,34,50,59,77,88,93,105] [8,17,25,33,56,70,111,117] [18,46,72,74,80,82,83,115] [5,6,9,25,52,103,104,107] [29,64,65,73,77,99,114,117] [16,27,32,46,93,94,100,125] [3,4,8,53,72,87,102,107]
Token  39: [24,27,76,88,109,117,121,127] [13,25,27,52,57,60,63,122] [5,12,29,60,64,65,101,104] [19,25,28,60,74,80,93,108] [7,11,16,37,46,51,57,60] [9,18,20,55,71,103,110,112] [17,46,63,97,104,111,115,116] [32,33,44,82,89,94,100,106] [30,32,44,45,67,86,87,108] [7,17,62,68,76,80,100,102] [4,12,18,27,50,63,91,94] [1,45,53,54,56,94,95,100] [2,4,7,27,30,34,35,36] [8,31,43,47,89,91,106,112] [3,15,18,23,55,68,69,81] [6,16,17,32,40,54,120,125] [0,14,54,80,84,90,108,114] [1,11,36,50,57,63,77,103] [17,22,46,63,104,115,116,124] [33,36,44,82,88,94,100,106] [30,32,44,45,55,86,87,90] [17,62,68,80,96,100,102,111] [4,18,19,27,40,50,91,94] [1,45,53,54,56,94,95,100] [2,4,30,34,36,64,102,117] [8,31,67,95,106,109,112,123] [3,14,15,18,23,55,68,69] [6,16,17,32,40,54,75,120] [0,44,46,80,84,90,108,114] [0,11,50,57,63,65,77,103] [17,22,56,63,104,115,116,118] [9,33,44,48,82,89,94,100] [27,30,32,44,45,55,86,87] [17,41,68,76,80,100,102,111] [4,18,27,40,50,82,91,94] [45,53,56,85,94,97,100,115] [2,4,7,36,38,64,94,102] [8,31,47,91,106,109,112,123] [3,11,15,18,46,55,68,69] [16,17,30,31,32,40,54,107] [0,29,54,77,80,90,108,115] [0,50,57,63,65,77,80,103] [14,20,23,24,69,80,117,126] [46,47,53,75,100,120,121,122] [6,11,25,29,80,98,104,110] [5,22,45,47,83,87,95,99] [1,5,10,32,45,68,71,123] [4,15,31,44,74,92,107,127]
Token  40: [40,43,52,65,72,73,98,100] [18,38,63,70,94,100,122,127] [38,40,57,82,84,88,99,113] [6,25,31,71,86,93,111,116] [7,11,76,81,85,99,106,115] [37,59,61,64,66,97,103,125] [34,35,56,63,83,105,107,116] [33,49,59,82,94,100,109,112] [44,45,65,72,84,86,121,127] [0,9,17,68,80,102,110,125] [5,18,30,50,61,78,91,105] [24,49,53,60,61,69,115,125] [2,15,30,34,56,65,99,115] [6,15,28,31,58,78,106,118] [3,4,17,20,48,55,69,81] [16,17,31,32,40,49,85,101] [8,39,73,81,84,115,124,127] [1,19,42,69,77,99,103,105] [8,34,56,63,83,88,105,116] [33,44,49,59,82,94,100,112] [35,44,45,65,72,84,121,127] [0,9,68,76,80,102,110,125] [18,19,50,56,61,78,91,105] [1,23,24,49,54,61,92,125] [2,4,15,23,34,79,96,99] [6,15,28,31,58,106,110,118] [3,14,17,20,48,55,86,100] [6,16,40,70,85,101,120,127] [14,30,39,48,73,80,81,124] [1,19,21,42,55,77,103,105] [22,24,34,56,63,83,105,126] [33,44,49,59,75,82,100,112] [44,45,65,72,84,90,121,127] [0,9,51,80,98,102,110,125] [18,50,56,61,68,78,98,105] [3,23,24,49,54,60,61,125] [2,15,23,65,79,96,99,115] [15,23,28,58,68,78,106,118] [3,17,20,48,55,86,100,104] [17,40,52,70,85,101,103,127] [8,39,73,80,81,84,115,124] [1,19,21,42,48,69,77,103] [24,31,32,64,80,113,114,115] [31,37,46,77,88,100,104,120] [0,6,53,73,90,98,102,104] [22,27,32,45,82,87,101,114] [5,11,34,38,52,55,60,98] [20,57,73,74,77,86,105,109]
Token  41: [14,21,50,51,57,74,103,106] [3,6,9,28,37,62,95,122] [12,41,84,90,100,115,122,125] [3,4,20,23,39,67,71,87] [7,11,23,37,50,56,83,86] [18,47,51,68,103,105,110,119] [26,34,56,58,63,104,112,116] [5,32,33,44,82,94,100,106] [36,44,67,72,86,109,123,127] [0,17,32,65,68,80,96,102] [18,26,29,30,50,91,113,123] [53,54,60,67,69,96,109,115] [2,24,27,34,65,79,114,115] [21,23,31,66,68,82,98,106] [3,4,16,53,55,69,105,109] [6,16,17,40,50,72,103,120] [12,14,55,80,81,84,119,124] [1,2,77,78,82,90,99,103] [22,34,56,63,83,104,116,126] [33,44,75,82,94,100,106,112] [36,45,65,72,86,109,116,127] [0,51,65,68,80,92,98,102] [18,29,30,50,69,78,90,98] [3,20,26,32,53,54,109,125] [2,23,24,34,73,79,107,115] [23,31,66,82,83,98,106,118] [3,10,16,53,57,69,105,109] [6,16,17,40,61,72,103,120] [1,12,14,30,55,80,84,119] [2,9,35,66,77,82,90,103] [22,34,46,56,63,89,104,116] [32,33,44,73,82,94,100,106] [35,36,55,67,86,90,109,127] [17,32,51,65,68,80,102,111] [18,30,50,51,69,88,98,113] [20,53,59,60,69,85,109,115] [2,24,30,34,73,102,114,115] [10,23,66,82,98,106,113,118] [3,16,53,55,69,90,105,115] [3,4,16,17,40,61,72,120] [12,30,43,55,80,84,115,119] [2,9,35,66,77,82,103,112] [14,18,23,27,80,93,102,115] [6,29,36,46,65,87,100,104] [6,14,20,48,69,81,98,104] [22,27,37,45,58,70,80,114] [22,52,55,60,75,98,115,117] [36,47,66,86,88,120,123,124]
Token  42: [28,51,83,87,91,112,124,125] [9,16,29,33,45,48,68,122] [5,23,36,64,67,76,100,125] [3,12,20,70,73,92,112,114] [7,11,28,37,38,50,83,119] [10,35,63,74,87,93,103,115] [23,46,63,87,104,111,116,118] [2,19,32,33,44,82,100,106] [15,18,35,44,67,86,123,127] [32,35,59,65,66,68,80,102] [18,30,50,69,91,103,109,111] [8,14,22,36,42,53,60,69] [2,26,27,34,41,73,85,115] [13,23,68,82,91,98,106,110] [3,16,47,53,55,60,69,102] [16,17,31,40,50,72,75,99] [14,42,60,80,84,108,110,122] [15,46,52,77,82,94,99,103] [22,34,46,56,63,104,116,119] [2,33,44,82,88,94,100,106] [15,18,20,35,44,67,86,127] [0,32,51,65,68,80,102,111] [18,23,30,36,50,98,103,109] [8,14,20,22,42,48,53,96] [2,26,34,57,73,79,85,115] [23,41,82,83,91,98,106,110] [3,16,53,55,60,69,102,109] [6,16,17,40,50,60,61,120] [14,60,80,84,94,108,110,122] [4,15,46,52,77,82,94,103] [34,46,56,63,66,89,104,116] [2,32,33,44,82,94,100,106] [18,43,44,67,72,86,90,127] [32,35,57,65,68,80,102,111] [18,30,36,50,69,98,103,109] [8,20,22,42,53,69,85,115] [2,26,34,42,73,80,102,115] [10,18,41,57,76,82,91,106] [3,16,47,53,55,60,80,102] [6,16,17,31,40,60,61,120] [15,55,60,80,84,108,110,115] [15,36,46,52,64,78,103,122] [8,23,24,49,73,80,90,125] [12,19,49,80,100,104,121,125] [6,11,23,45,88,98,99,104] [17,22,45,46,58,76,112,114] [5,29,30,39,52,80,81,105] [15,35,52,71,74,95,111,127]
Token  43: [0,16,53,66,70,104,107,120] [33,34,62,66,76,86,107,122] [10,12,14,36,87,100,116,125] [12,13,20,25,32,76,87,105] [0,7,11,23,25,38,89,118] [35,74,80,93,103,107,110,119] [13,14,34,56,63,104,111,116] [33,44,60,82,87,94,100,106] [35,36,45,64,67,72,86,127] [0,32,65,68,80,94,102,111] [14,18,29,30,50,103,108,113] [6,8,22,53,60,67,69,115] [2,26,27,34,53,73,78,115] [21,44,68,75,82,83,98,106] [3,29,53,55,69,80,102,109] [6,31,40,50,60,61,84,120] [1,7,14,40,60,80,84,122] [15,52,53,77,78,94,103,120] [34,46,56,58,63,104,116,119] [33,44,60,82,87,94,100,106] [5,36,45,64,67,72,86,127] [0,51,65,68,80,94,102,111] [14,18,30,50,69,98,108,113] [8,20,48,59,60,69,89,115] [2,27,34,42,53,73,79,115] [21,44,68,75,82,83,98,106] [3,8,38,53,55,57,69,80] [6,16,17,40,50,60,61,120] [1,7,14,40,60,80,84,122] [9,15,52,53,77,78,103,117] [34,46,56,63,89,104,110,116] [32,33,44,82,87,94,100,106] [21,35,64,67,72,86,90,127] [51,68,76,80,94,102,111,127] [2,18,30,50,69,98,108,113] [8,20,60,69,85,86,89,115] [2,9,32,42,53,73,102,115] [10,21,44,75,76,82,98,106] [3,8,53,55,69,75,79,80] [6,9,17,40,56,60,61,120] [7,15,40,60,80,84,115,127] [9,15,52,53,78,103,106,117] [22,23,24,37,59,73,80,125] [8,43,46,49,81,100,104,124] [6,14,37,45,54,80,98,104] [22,27,45,46,80,104,112,114] [39,52,55,77,80,82,105,124] [27,32,34,35,52,86,90,95]
Token  44: [0,51,57,101,103,106,111,127] [3,9,48,62,76,86,116,122] [10,14,70,87,90,107,122,125] [3,25,26,37,39,46,76,105] [0,7,11,53,57,63,86,118] [18,31,51,80,103,105,110,119] [22,46,63,86,89,104,116,119] [33,44,60,73,82,94,100,106] [35,44,45,64,67,86,99,127] [22,32,45,68,80,94,102,111] [2,14,18,30,50,80,108,113] [8,59,60,67,69,86,109,115] [2,9,32,34,42,53,60,115] [21,44,66,68,75,82,98,106] [3,8,16,53,55,64,105,109] [3,6,17,40,61,95,99,121] [4,12,14,40,60,80,114,119] [2,13,53,66,77,103,107,112] [13,22,46,63,64,104,116,119] [33,44,60,82,88,94,100,106] [5,35,44,45,64,67,86,127] [0,17,32,68,80,94,102,111] [2,6,14,18,30,50,69,80] [20,59,60,69,86,89,109,115] [2,27,32,34,53,71,73,115] [44,66,75,82,83,98,106,117] [3,8,16,38,53,55,69,105] [6,17,40,61,83,95,120,121] [4,12,14,30,40,80,114,119] [2,9,53,66,77,78,103,107] [22,25,39,46,63,64,104,116] [33,44,60,82,94,100,106,110] [35,44,45,55,64,67,86,127] [17,32,68,71,80,94,102,111] [2,18,30,50,69,80,98,108] [59,60,69,85,86,96,109,115] [2,9,32,34,42,53,73,115] [10,44,66,68,91,106,113,117] [3,8,16,23,53,55,69,105] [3,6,17,31,40,61,95,120] [4,12,14,53,80,84,115,119] [2,5,35,66,77,103,106,117] [18,23,27,73,80,93,102,123] [6,29,36,46,81,87,100,104] [6,20,27,39,48,81,98,104] [20,22,27,45,58,70,80,114] [22,44,52,55,60,77,80,115] [36,47,66,71,86,88,120,123]
Token  45: [7,21,34,40,51,63,87,123] [16,48,65,75,99,113,116,122] [8,36,45,65,70,90,112,125] [1,19,25,33,76,77,93,94] [0,11,22,57,86,87,95,100] [18,24,30,55,71,80,95,105] [22,63,64,85,89,104,111,119] [33,44,45,60,82,94,100,106] [4,35,44,64,86,90,123,127] [17,22,32,62,68,80,94,102] [2,18,30,33,50,80,100,108] [8,50,60,69,85,86,115,122] [2,27,32,34,42,115,118,123] [10,44,66,68,82,102,106,113] [3,8,53,55,64,68,69,101] [3,6,17,33,37,40,95,99] [1,14,40,51,80,84,96,114] [2,53,66,77,103,107,112,126] [22,52,63,64,85,89,104,115] [5,33,44,82,94,95,100,106] [4,5,35,44,55,64,86,90] [0,17,33,68,71,80,94,102] [2,15,18,27,30,50,80,91] [50,56,59,60,69,86,115,122] [2,32,34,42,53,61,64,115] [8,10,44,66,67,82,102,106] [3,8,34,55,64,68,69,101] [1,6,17,33,37,40,95,120] [14,30,51,80,84,101,114,127] [2,53,66,77,85,102,103,126] [22,46,63,64,68,85,89,104] [33,36,44,82,94,100,106,110] [4,35,43,44,67,86,90,122] [17,33,68,80,100,102,111,127] [2,18,27,30,50,69,80,108] [8,20,50,59,85,86,115,122] [2,32,42,61,64,73,102,115] [10,44,66,68,99,102,106,113] [3,39,53,55,64,68,82,96] [3,4,6,31,33,37,40,54] [13,30,51,80,84,101,115,119] [2,9,11,35,36,66,103,126] [18,24,59,80,98,102,115,126] [16,36,46,58,87,104,121,125] [6,20,27,48,80,98,104,110] [5,22,27,32,45,70,80,114] [10,52,55,75,94,98,115,127] [15,26,31,66,86,94,120,127]
Token  46: [31,53,66,69,93,107,110,111] [2,48,60,83,85,89,113,122] [41,42,68,100,116,117,123,125] [1,10,37,76,93,94,106,123] [0,11,91,95,102,111,113,114] [20,30,71,80,103,111,119,123] [43,63,64,85,104,116,119,127] [32,33,44,72,82,94,100,106] [27,28,35,44,64,86,99,123] [43,48,62,68,80,102,105,124] [2,14,18,30,50,80,100,108] [8,13,36,48,58,95,115,122] [32,34,47,60,69,85,115,120] [13,44,55,68,85,95,106,121] [3,28,29,64,68,69,84,101] [3,17,33,34,37,40,99,120] [14,20,40,43,80,101,114,121] [11,14,30,45,77,97,103,126] [9,22,58,63,64,111,115,116] [32,33,72,82,88,94,100,106] [21,28,35,64,67,72,86,127] [17,33,43,62,80,94,100,105] [2,15,18,27,33,50,80,100] [13,20,45,56,58,59,85,95] [2,27,32,53,64,69,73,80] [8,24,44,45,95,106,110,121] [3,55,64,68,69,73,84,101] [6,17,33,34,37,40,98,100] [14,20,30,80,84,101,114,121] [9,14,30,45,51,77,78,103] [22,46,58,63,64,68,111,115] [5,33,44,72,82,94,100,106] [21,28,35,44,55,67,86,95] [17,43,62,68,80,102,105,111] [2,14,18,30,69,80,91,100] [13,20,58,59,79,85,86,115] [2,32,34,42,69,73,115,120] [10,55,68,79,91,99,106,121] [3,28,53,55,69,84,101,111] [3,6,17,34,37,40,100,120] [14,20,30,80,84,101,115,121] [1,14,30,45,77,82,97,103] [23,24,55,65,80,101,115,119] [4,36,46,58,87,100,104,120] [3,6,27,54,69,71,98,104] [12,22,27,32,45,93,114,127] [22,52,55,67,97,101,104,117] [32,34,55,61,71,83,86,117]
Token  47: [22,51,57,101,103,106,110,127] [39,46,48,56,60,62,113,122] [41,68,70,81,90,123,125,126] [10,20,37,76,93,94,97,106] [7,10,11,63,95,102,111,113] [18,31,51,71,103,105,111,119] [13,22,46,63,64,89,104,116] [32,33,44,72,82,94,100,106] [28,35,44,83,86,90,99,102] [17,32,43,48,68,80,102,105] [2,14,18,30,45,80,91,103] [5,13,47,58,79,109,110,115] [27,32,34,36,68,69,115,120] [10,31,55,59,66,106,113,126] [3,16,53,55,57,84,101,105] [3,6,17,34,37,40,75,100] [1,12,14,43,80,105,114,119] [2,30,35,45,66,77,103,107] [9,22,46,63,64,66,104,116] [32,33,44,72,82,94,100,106] [28,35,44,45,67,86,99,123] [32,43,48,68,71,80,102,105] [2,13,14,18,30,80,91,99] [13,20,53,58,79,94,109,115] [2,27,32,34,68,71,73,120] [10,31,55,66,79,82,106,107] [3,16,38,55,57,84,101,105] [3,4,6,34,37,40,100,120] [12,14,30,43,80,105,114,119] [2,30,35,66,77,82,103,107] [34,46,63,64,66,104,115,116] [32,33,44,56,82,94,100,106] [28,35,44,67,86,95,123,127] [17,32,48,68,80,102,105,111] [2,14,18,30,69,80,91,103] [13,20,58,59,79,94,109,115] [2,9,27,32,68,69,73,120] [10,31,55,66,79,99,106,113] [3,16,38,55,57,84,101,105] [3,4,6,34,37,40,89,100] [12,14,43,80,84,105,115,119] [2,30,35,66,77,80,82,103] [18,23,27,55,80,93,102,115] [6,29,36,46,65,87,100,104] [6,20,27,48,56,81,98,104] [12,20,22,27,32,45,70,114] [22,52,55,60,101,115,117,127] [36,47,66,71,86,88,120,123]
Token  48: [23,28,30,51,87,91,112,125] [9,16,39,45,48,59,60,122] [36,48,60,64,76,100,125,126] [3,12,21,70,93,100,101,106] [7,10,11,19,27,37,57,86] [10,20,30,35,54,71,87,122] [46,58,63,64,104,115,116,118] [2,19,31,33,44,82,100,106] [15,20,35,44,45,86,123,127] [17,32,35,41,68,71,80,102] [18,30,45,80,91,95,103,109] [8,16,53,60,94,102,115,116] [2,26,32,34,38,43,61,115] [10,41,57,68,106,109,119,123] [3,16,18,35,53,55,60,111] [6,17,20,32,37,38,40,120] [1,14,32,80,101,108,110,114] [30,63,64,65,66,77,103,126] [22,52,63,64,85,104,116,118] [2,19,32,33,44,82,100,106] [15,35,44,45,67,83,86,90] [17,32,35,41,68,71,80,102] [2,7,13,18,30,80,103,109] [9,22,42,53,85,94,102,115] [0,2,14,25,26,32,34,38] [2,10,18,29,41,57,106,109] [3,16,34,53,55,60,69,111] [6,17,20,32,37,40,50,75] [1,6,14,33,80,84,108,110] [60,63,64,65,77,103,122,126] [34,52,63,64,66,85,104,116] [9,33,44,82,94,100,106,110] [21,35,44,67,86,90,95,123] [32,35,41,68,80,102,111,127] [2,13,18,30,69,80,103,109] [8,22,42,53,79,85,94,115] [0,7,14,32,34,42,73,101] [10,18,31,41,57,68,91,106] [3,18,53,55,60,69,102,111] [6,17,20,31,32,37,40,90] [6,29,77,80,84,108,110,115] [0,36,63,64,65,77,80,103] [23,24,25,49,59,80,90,126] [18,46,49,56,80,104,121,125] [6,11,13,37,80,98,104,110] [5,22,27,45,47,76,87,114] [10,39,52,82,97,104,105,124] [15,31,44,71,74,82,90,127]
Token  49: [0,11,66,81,84,93,118,120] [19,41,73,77,83,113,122,123] [10,41,65,69,111,116,117,125] [10,25,60,76,89,91,93,123] [0,10,11,19,22,38,91,97] [30,34,71,75,80,103,111,126] [46,56,63,64,85,104,116,127] [33,44,50,72,82,94,100,106] [28,35,39,40,44,64,83,123] [22,43,48,62,68,80,94,102] [2,14,18,30,50,63,100,108] [8,13,47,53,58,79,86,115] [32,34,42,53,68,69,115,120] [10,21,44,75,79,95,106,121] [3,28,64,68,80,82,101,111] [1,6,17,37,40,60,90,95] [11,14,15,80,84,101,114,121] [15,20,45,52,77,85,88,103] [42,52,63,64,85,110,115,116] [33,44,48,82,94,95,100,106] [5,21,35,39,44,64,86,90] [43,45,68,71,80,94,102,127] [2,18,30,50,80,107,108,113] [8,20,53,69,85,86,89,115] [2,32,34,42,53,61,73,115] [10,17,21,44,65,75,106,121] [3,34,39,53,55,57,80,101] [3,6,23,37,40,56,60,95] [14,15,30,80,84,114,121,127] [15,17,45,52,77,85,103,117] [22,46,63,85,89,104,111,116] [33,36,44,73,82,94,100,106] [35,43,44,64,67,86,88,90] [43,45,68,76,80,102,111,127] [2,18,30,50,69,80,83,108] [53,58,67,79,85,86,115,122] [32,34,42,53,61,73,102,115] [10,21,31,44,75,79,91,106] [3,36,39,53,55,79,80,101] [6,9,31,37,40,60,90,120] [7,15,60,80,84,115,121,127] [15,17,45,46,52,80,103,106] [21,23,24,37,65,74,80,125] [4,12,19,20,43,49,100,104] [6,14,45,54,88,98,104,113] [17,22,45,46,63,84,112,114] [29,30,39,52,80,84,104,105] [6,35,52,71,86,95,108,111]
Token  50: [16,47,51,53,97,111,118,126] [34,37,60,83,113,116,122,123] [7,9,14,41,42,116,117,125] [1,10,25,76,91,93,117,123] [0,7,10,11,22,23,40,105] [31,34,80,97,107,111,119,126] [46,63,64,85,104,111,116,119] [33,44,73,82,87,94,100,106] [35,39,44,45,55,64,67,86] [22,43,68,71,80,94,102,124] [14,18,30,50,74,80,100,108] [13,47,53,58,68,79,86,115] [27,32,34,42,53,68,69,115] [10,24,65,75,79,95,106,121] [3,28,53,55,69,79,80,101] [3,6,17,37,40,60,90,121] [7,14,15,40,60,80,84,114] [15,45,52,53,77,85,103,112] [22,46,52,63,64,85,89,104] [33,40,44,82,87,94,100,106] [35,39,44,45,64,86,90,104] [43,68,71,76,80,94,102,127] [14,18,30,50,69,80,91,107] [53,69,79,85,86,98,115,122] [2,32,34,42,53,61,68,73] [10,17,40,44,65,75,79,106] [3,34,39,53,55,80,101,109] [3,6,37,40,60,76,90,120] [14,15,30,40,80,84,114,127] [9,15,52,53,77,85,103,117] [22,46,63,89,102,104,111,116] [5,33,36,44,82,94,100,106] [35,37,43,44,45,64,67,86] [43,66,68,76,80,94,97,102] [2,14,18,30,50,69,91,119] [53,69,79,85,86,105,115,122] [32,34,43,53,61,73,102,104] [10,44,65,75,79,95,106,107] [3,27,39,53,55,57,79,80] [6,9,40,60,61,71,78,120] [7,14,15,40,60,80,84,127] [9,15,52,53,85,103,106,117] [23,24,37,59,73,74,80,125] [43,46,49,56,81,100,104,120] [6,14,37,45,54,80,98,104] [22,45,46,63,80,104,112,114] [39,52,55,75,82,84,105,124] [27,32,34,35,52,71,90,95]
Token  51: [3,28,29,62,66,77,80,126] [11,45,76,78,86,116,122,123] [0,36,49,72,115,119,121,125] [1,10,11,25,76,91,93,119] [7,10,11,39,40,74,97,105] [30,48,55,71,80,97,100,119] [46,63,64,66,104,111,115,116] [1,33,44,82,87,94,100,106] [24,27,35,44,45,55,67,86] [43,59,62,68,76,80,94,102] [14,18,30,40,50,91,100,120] [59,68,71,79,85,86,115,120] [27,32,34,36,53,101,102,115] [10,24,75,79,95,106,107,123] [3,7,53,55,62,69,101,111] [3,6,17,37,40,50,90,98] [14,29,40,80,84,111,114,123] [9,53,65,77,84,85,103,107] [46,55,63,64,85,104,115,116] [5,33,44,82,87,94,100,106] [24,27,35,44,45,55,64,86] [43,62,68,76,80,97,102,105] [2,14,18,30,50,80,91,120] [53,59,68,69,79,85,86,115] [2,32,42,53,61,68,73,102] [10,24,31,49,65,75,95,106] [3,9,39,53,55,62,69,101] [3,6,17,37,40,98,120,121] [14,29,30,80,84,114,123,127] [9,53,62,65,77,84,85,103] [22,46,63,85,89,102,104,116] [33,36,44,63,82,94,100,106] [27,35,40,43,44,45,67,86] [62,66,68,76,80,94,102,105] [2,14,18,30,69,91,119,120] [68,69,71,79,85,86,115,122] [32,34,36,43,53,61,73,102] [10,24,31,44,49,95,106,107] [3,53,55,57,62,69,101,111] [6,17,20,31,40,50,71,120] [29,77,80,84,111,114,123,127] [0,36,53,63,65,77,84,103] [20,23,24,28,55,75,80,126] [8,20,46,47,100,104,120,121] [3,6,13,80,92,98,104,110] [5,22,45,47,63,83,87,114] [10,45,52,55,68,82,96,104] [11,27,31,54,71,74,90,127]
Token  52: [31,53,61,66,69,81,93,101] [25,45,76,83,91,98,115,122] [52,68,72,103,116,117,123,125] [1,3,10,20,25,93,106,119] [11,37,39,43,63,91,102,111] [30,31,35,41,53,100,111,119] [46,63,64,66,102,104,115,116] [33,44,72,78,82,94,100,106] [27,28,35,45,55,67,86,99] [43,48,59,62,68,80,102,105] [14,18,30,50,83,91,120,123] [13,47,58,71,79,86,115,122] [32,34,43,53,68,69,102,120] [10,24,44,55,79,106,107,121] [3,28,55,69,84,101,111,125] [3,6,34,37,40,98,100,120] [14,20,80,84,114,121,123,127] [14,45,61,62,77,82,97,103] [14,22,46,63,64,85,104,116] [5,33,44,72,82,94,100,106] [27,28,35,39,44,45,86,99] [17,43,48,68,71,80,102,105] [2,14,18,30,50,91,108,120] [13,47,58,69,85,86,115,122] [32,42,53,61,68,69,73,120] [10,24,55,65,75,106,107,121] [3,28,39,53,55,69,84,101] [3,4,6,34,40,98,100,120] [14,20,30,80,84,114,121,127] [14,45,61,62,77,82,97,124] [22,46,63,66,85,102,104,116] [33,44,63,72,82,94,100,106] [21,27,28,35,43,67,86,99] [17,43,48,66,68,80,102,105] [14,18,30,69,83,91,119,120] [13,47,58,79,85,86,115,122] [32,36,43,61,68,69,104,120] [10,55,79,91,99,106,107,121] [3,28,53,55,57,69,84,101] [3,4,6,34,40,71,100,120] [14,20,30,80,84,101,121,127] [9,14,45,61,62,90,97,103] [55,65,75,80,93,101,115,119] [4,20,36,46,58,65,100,104] [6,14,54,69,71,92,98,104] [22,27,45,84,103,104,114,127] [52,55,60,67,75,115,117,119] [27,32,34,55,86,99,117,124]
Token  53: [27,49,50,61,101,106,110,118] [37,44,46,60,75,91,99,122] [36,45,52,61,68,122,125,126] [3,5,20,26,71,94,106,119] [7,11,37,63,97,101,102,111] [7,18,30,35,51,105,111,119] [20,46,63,64,66,86,111,116] [33,44,63,72,73,82,94,106] [2,27,35,40,55,67,86,99] [43,48,59,66,68,80,102,105] [14,18,30,40,45,80,91,123] [13,47,52,58,79,94,102,115] [25,32,34,43,68,69,118,120] [10,12,55,61,66,106,107,113] [3,55,57,69,96,101,105,111] [3,6,34,37,40,98,100,120] [14,43,51,80,84,114,121,127] [2,45,61,62,66,77,103,126] [14,22,46,63,64,85,104,116] [26,33,44,72,82,94,100,106] [2,35,39,44,64,86,90,99] [48,66,68,71,76,80,102,105] [2,14,18,30,40,91,107,108] [0,13,47,58,86,94,115,122] [32,34,42,43,53,61,68,69] [10,12,40,65,66,107,113,119] [3,39,53,55,57,69,101,105] [3,6,34,37,40,98,100,120] [14,43,51,80,84,114,121,127] [2,35,39,45,62,66,77,82] [20,22,46,63,85,102,104,116] [19,33,44,63,82,94,100,106] [2,21,35,43,45,60,67,86] [5,48,66,68,76,80,102,105] [14,18,30,40,45,69,83,91] [0,13,47,79,85,86,94,122] [32,34,43,61,68,69,104,120] [10,12,65,66,79,99,107,113] [3,39,53,55,57,96,101,105] [3,4,6,34,40,71,100,120] [43,51,80,84,101,114,121,127] [2,35,45,62,66,90,103,126] [18,34,80,93,98,102,115,119] [6,20,36,46,65,81,87,104] [6,14,20,48,92,98,104,108] [20,22,27,35,45,80,84,114] [44,47,52,55,60,75,115,119] [7,36,47,66,86,88,120,123]
Token  54: [11,22,28,47,51,61,87,91] [26,29,48,60,68,71,90,122] [4,5,6,36,51,68,70,76] [3,21,24,37,61,73,77,117] [7,9,11,34,37,51,87,102] [18,35,63,74,115,119,122,123] [14,20,46,63,64,102,104,116] [19,33,44,63,78,82,94,106] [2,4,43,45,60,67,86,123] [5,24,35,66,68,80,97,102] [30,33,38,40,41,82,85,91] [0,16,18,50,79,94,97,122] [14,27,32,34,36,46,61,103] [12,40,45,102,107,113,120,127] [3,44,53,57,64,102,108,111] [3,6,40,58,77,82,89,100] [13,14,30,51,80,84,94,127] [9,61,62,66,82,92,102,103] [7,14,22,46,63,101,104,116] [33,44,63,82,88,94,100,106] [4,21,22,45,86,90,108,123] [5,35,59,66,68,80,82,102] [9,18,33,40,41,82,91,95] [0,18,20,50,53,79,94,97] [14,25,32,36,43,61,73,103] [10,12,40,61,102,113,120,127] [3,49,53,55,64,97,102,108] [3,6,40,58,77,82,89,100] [1,13,14,30,80,84,94,117] [35,36,62,66,82,92,100,102] [20,22,46,63,66,102,104,116] [19,33,44,63,82,94,100,106] [4,21,35,43,67,86,94,123] [5,25,35,40,66,68,80,102] [33,40,41,69,82,91,95,124] [18,20,30,50,73,85,94,97] [14,25,29,32,34,36,103,112] [12,45,61,89,91,102,120,127] [3,49,53,55,64,87,102,108] [6,25,40,46,51,77,100,125] [13,51,80,84,94,100,101,115] [35,49,61,62,66,92,116,122] [8,18,66,70,80,86,98,106] [16,20,36,46,65,80,111,121] [6,11,23,39,92,98,108,116] [20,22,26,45,51,76,114,123] [19,51,52,60,75,104,117,119] [15,21,26,71,74,82,114,121]
Token  55: [28,36,51,62,91,112,122,124] [14,29,45,46,62,103,109,122] [4,5,23,36,44,48,49,85] [2,3,20,32,61,70,73,106] [5,7,11,27,37,60,96,101] [0,8,35,63,74,87,93,115] [7,20,46,63,102,103,104,111] [7,19,44,63,82,94,100,106] [10,43,45,67,86,94,108,123] [5,25,35,41,66,68,80,102] [18,30,33,38,82,91,95,124] [0,16,55,73,94,97,100,122] [14,27,32,34,36,38,103,115] [12,40,57,106,109,112,123,127] [3,15,44,53,60,102,108,111] [3,6,40,50,89,100,125,126] [13,14,80,84,94,101,108,110] [36,62,64,65,66,77,92,113] [14,20,22,46,63,103,104,116] [19,33,44,63,82,94,100,106] [10,35,43,45,67,86,90,94] [5,25,35,66,68,80,97,102] [18,30,33,82,85,91,95,124] [16,18,42,55,73,94,97,122] [0,14,25,32,34,38,43,103] [12,40,57,62,106,109,123,127] [3,18,44,53,55,60,71,102] [6,37,40,54,76,100,125,126] [13,14,44,77,80,84,94,110] [0,36,62,63,65,82,92,100] [14,22,46,63,102,103,116,118] [19,33,44,63,82,94,100,106] [10,20,35,43,44,67,86,94] [35,40,41,66,68,80,102,106] [18,40,69,82,91,95,119,124] [42,55,73,85,94,97,115,122] [0,14,25,32,38,43,61,103] [12,41,57,62,91,106,109,123] [3,18,55,60,69,102,108,111] [6,20,37,40,100,107,125,126] [6,13,77,80,84,94,109,114] [0,62,63,64,65,80,92,122] [18,23,24,49,75,80,90,126] [20,46,47,65,104,121,125,127] [3,6,11,23,80,92,98,110] [5,22,26,45,47,76,83,87] [1,5,10,19,52,75,119,123] [15,21,31,44,74,98,121,127]
Token  56: [24,31,63,66,83,92,118,120] [2,8,25,34,41,66,103,122] [36,40,41,52,53,67,84,88] [3,6,20,21,61,67,89,119] [7,11,37,38,76,79,85,106] [31,42,58,61,64,119,122,125] [46,56,63,83,85,105,115,116] [33,44,49,82,94,95,100,106] [35,44,55,66,84,86,121,127] [9,62,68,71,80,98,102,110] [2,18,30,33,50,61,73,108] [26,49,61,71,79,94,115,122] [27,32,34,36,73,99,107,115] [6,10,12,28,80,91,95,106] [3,10,48,55,57,79,101,111] [6,31,37,40,50,85,87,100] [8,14,80,84,88,114,115,124] [19,30,69,77,85,99,103,117] [13,14,55,56,63,85,105,115] [5,33,44,49,82,95,100,106] [27,35,44,66,84,86,90,121] [9,68,71,80,97,102,110,127] [2,18,30,61,73,80,105,108] [24,26,49,61,69,85,115,122] [15,32,34,42,61,73,99,107] [6,10,15,28,40,80,95,106] [3,23,34,44,48,53,55,111] [1,6,16,23,37,40,85,95] [4,8,14,30,45,80,84,124] [1,15,19,53,69,77,103,117] [42,46,56,63,83,85,104,105] [33,44,49,82,94,100,106,112] [35,44,65,66,84,86,90,121] [9,68,80,98,102,110,125,127] [2,18,30,61,69,73,90,105] [23,24,26,49,60,61,85,115] [15,23,32,73,79,99,107,115] [6,10,28,80,83,91,106,118] [3,10,38,48,53,55,57,79] [6,9,17,23,31,40,85,120] [8,14,30,80,84,115,124,127] [9,15,19,53,69,80,90,103] [21,23,24,64,68,73,80,115] [12,19,20,46,49,77,88,104] [0,6,45,69,88,92,98,99] [17,22,27,45,46,84,112,114] [29,30,39,52,55,75,81,105] [32,35,73,86,95,111,117,124]
Token  57: [14,22,24,51,57,71,103,106] [8,9,24,25,34,44,48,122] [36,41,53,65,67,90,122,125] [3,5,29,64,76,93,94,118] [11,38,40,63,79,83,89,113] [42,47,51,79,90,96,105,114] [14,63,66,85,104,115,116,119] [33,44,60,82,94,95,100,106] [35,36,44,66,72,86,90,99] [32,48,68,79,80,98,102,105] [2,18,28,50,73,80,107,108] [1,22,26,62,69,90,109,115] [27,32,34,39,73,79,107,115] [6,21,66,80,91,98,106,113] [3,10,16,38,48,55,101,105] [6,17,23,37,40,85,87,99] [8,12,14,40,80,114,119,124] [1,2,19,53,69,77,99,103] [9,13,34,52,56,63,85,105] [33,48,49,60,82,95,100,106] [35,44,66,72,84,90,121,127] [9,17,80,98,102,110,125,127] [2,18,50,61,73,80,105,108] [23,24,26,49,60,61,69,109] [32,34,42,73,79,99,107,115] [6,15,28,66,80,82,91,106] [3,8,10,16,34,48,55,105] [6,16,23,40,61,85,95,99] [4,8,12,14,30,80,119,124] [1,2,19,53,66,77,103,117] [13,34,56,63,85,104,105,107] [33,44,49,56,60,82,100,106] [35,44,66,84,86,90,121,127] [9,17,32,68,80,98,102,111] [2,18,30,69,73,80,90,108] [26,53,60,61,69,85,109,115] [23,32,42,61,73,79,107,115] [6,10,31,66,80,83,106,118] [3,8,10,16,53,55,69,105] [3,6,17,31,40,71,72,103] [4,12,14,80,84,115,119,127] [2,35,66,77,90,103,112,117] [18,23,27,68,73,80,102,115] [6,20,29,36,46,65,87,104] [6,14,20,48,64,69,98,104] [20,22,27,45,58,70,80,114] [44,52,55,60,75,98,115,117] [36,47,66,86,88,120,123,124]
Token  58: [7,21,34,40,51,63,87,123] [8,16,48,65,75,99,116,122] [8,36,52,65,70,90,112,125] [19,25,29,76,77,93,94,114] [0,11,22,57,83,87,95,100] [30,34,47,58,71,90,96,105] [39,52,63,85,89,104,115,127] [33,44,60,82,94,95,100,106] [4,18,35,40,44,64,86,127] [17,32,62,68,80,94,98,102] [2,18,36,50,80,100,107,108] [8,26,50,69,79,85,115,122] [27,32,34,79,107,115,118,123] [13,44,66,83,91,102,106,113] [3,10,55,64,68,69,82,101] [3,6,23,33,37,38,40,87] [1,14,40,51,80,84,114,127] [2,53,66,77,90,103,120,126] [39,41,52,63,64,85,89,115] [26,33,44,82,94,95,100,106] [4,5,18,35,39,44,86,90] [17,33,68,71,76,80,98,102] [18,30,36,50,73,80,107,108] [26,50,60,69,79,85,92,115] [32,34,42,61,79,107,115,118] [44,66,83,91,98,102,106,118] [3,10,34,55,57,64,68,69] [6,17,23,33,37,40,99,121] [14,51,80,84,101,114,122,127] [2,53,77,90,103,112,124,126] [22,46,63,64,85,89,104,115] [33,44,82,94,95,100,106,110] [4,18,35,44,67,86,90,122] [24,33,68,71,79,80,102,127] [2,18,30,33,36,69,80,107] [0,26,50,69,79,85,92,115] [32,34,61,73,101,102,107,118] [10,13,66,68,83,91,102,106] [3,10,53,55,57,64,68,82] [3,6,17,31,33,37,40,120] [14,51,80,84,101,115,119,127] [2,9,36,65,66,85,103,126] [18,24,68,80,98,102,115,126] [16,36,46,58,87,104,121,125] [6,14,20,48,80,98,104,110] [5,22,27,37,45,70,80,114] [10,22,52,55,75,98,115,117] [26,31,66,86,94,120,124,127]
Token  59: [11,66,84,93,107,110,111,120] [2,19,23,83,89,113,122,123] [9,41,51,53,69,100,116,117] [10,25,29,64,76,91,93,123] [0,10,11,22,38,57,83,91] [30,34,58,71,75,90,96,111] [46,63,82,85,104,115,116,127] [33,44,72,82,94,95,100,106] [18,27,28,35,39,44,64,86] [43,48,62,68,80,98,102,105] [2,14,18,36,80,107,108,123] [8,13,47,58,69,79,115,122] [32,34,42,53,68,69,79,107] [13,44,55,79,83,95,106,121] [3,10,28,64,68,69,80,101] [6,17,23,33,37,40,60,90] [11,14,15,80,84,114,121,127] [15,45,52,77,90,99,103,126] [13,52,63,64,85,104,110,115] [5,33,44,82,94,95,100,106] [5,18,35,39,44,64,86,90] [43,45,68,71,79,80,102,127] [2,18,30,36,73,80,107,108] [8,26,58,69,79,86,92,115] [2,32,34,42,53,61,79,107] [10,44,65,75,83,91,106,121] [3,10,34,39,53,55,80,101] [1,6,17,23,37,40,60,99] [14,15,30,80,84,101,114,127] [15,17,52,77,85,90,103,117] [46,63,66,85,89,102,104,116] [21,33,44,73,82,94,100,106] [18,43,44,64,67,86,88,90] [24,43,45,59,68,80,102,111] [2,18,30,36,69,80,107,108] [26,53,58,69,79,85,86,115] [32,34,42,53,61,102,107,115] [10,44,75,79,83,91,95,106] [3,10,39,53,55,79,80,101] [6,17,23,37,40,60,90,120] [7,15,60,80,84,101,115,127] [15,17,45,46,52,80,103,113] [21,24,37,65,68,74,80,125] [4,12,19,20,43,49,100,104] [6,14,39,45,54,88,98,113] [17,22,45,46,63,84,112,114] [29,30,39,52,80,84,105,119] [6,32,35,52,71,95,108,111]
Token  60: [16,47,51,53,97,111,118,126] [23,34,83,89,113,116,122,123] [7,9,14,41,49,111,116,117] [1,10,25,46,91,93,114,123] [11,20,22,23,40,83,105,113] [34,80,96,97,107,111,119,123] [23,46,63,85,104,111,116,127] [33,44,82,87,94,100,106,110] [18,35,39,44,45,55,64,86] [43,51,62,68,80,94,102,124] [14,18,30,36,80,100,107,108] [8,13,47,53,68,69,79,115] [32,34,53,68,69,79,107,120] [13,65,66,75,79,83,95,106] [3,10,55,64,79,80,101,111] [3,6,17,37,38,40,60,90] [1,7,14,15,40,80,82,84] [15,52,53,77,85,90,99,103] [22,46,52,63,64,85,104,116] [33,44,82,87,94,95,100,106] [5,18,35,44,45,55,64,86] [5,43,68,71,76,80,94,102] [14,18,19,30,36,80,91,107] [0,53,69,78,79,86,115,122] [26,32,34,42,53,61,68,107] [10,40,44,65,75,83,106,107] [3,10,27,34,39,53,55,80] [3,6,17,40,60,76,90,120] [14,15,30,40,80,84,114,127] [9,15,52,53,62,90,103,117] [22,46,63,89,102,104,116,124] [33,36,44,63,82,94,100,106] [18,37,43,44,45,64,67,86] [24,43,66,68,76,80,94,102] [2,18,30,36,50,69,91,107] [53,69,71,79,85,86,115,122] [2,32,34,42,43,53,61,102] [10,44,65,75,83,91,95,106] [3,10,27,39,53,55,79,80] [6,9,40,60,61,71,78,120] [7,14,15,40,60,80,84,127] [9,15,52,53,85,103,106,117] [23,24,37,59,68,73,80,125] [20,43,49,56,81,100,104,120] [6,14,37,45,54,80,98,104] [22,45,46,80,84,104,112,114] [39,52,55,75,82,105,119,124] [27,32,34,35,52,71,90,95]
Token  61: [28,29,51,62,66,77,80,126] [11,45,76,78,113,116,122,123] [0,23,36,49,72,119,121,125] [1,10,11,25,76,91,93,119] [7,10,11,39,83,97,105,119] [5,30,48,80,90,97,119,123] [23,46,55,63,64,104,111,116] [9,33,44,82,87,94,100,106] [18,24,27,35,45,55,67,86] [51,62,68,76,80,94,97,102] [18,30,36,50,91,100,107,120] [59,68,69,79,85,86,115,122] [27,30,32,34,53,61,65,115] [24,31,75,78,79,95,102,106] [3,7,10,62,64,69,101,111] [6,17,37,38,40,87,90,98] [14,29,40,80,84,111,114,123] [53,77,84,90,99,103,124,126] [13,46,55,63,64,85,104,115] [5,26,33,82,87,94,100,106] [5,18,24,27,35,44,55,86] [0,43,51,62,68,80,102,105] [6,14,16,18,30,36,80,120] [20,48,59,68,69,79,85,92] [21,32,34,42,53,61,101,107] [24,33,49,75,83,91,95,106] [3,9,10,55,57,62,69,101] [6,17,37,38,40,98,120,121] [14,29,30,80,84,111,114,127] [9,53,65,77,84,85,90,103] [22,46,55,63,85,89,104,115] [21,33,36,44,82,94,100,106] [18,21,27,35,44,45,67,86] [62,68,71,76,80,94,102,105] [2,14,18,30,36,69,80,120] [68,69,71,79,85,86,115,122] [2,32,34,43,53,61,101,102] [10,24,44,49,91,95,106,107] [3,10,53,55,57,62,69,111] [6,9,17,20,40,71,107,120] [29,77,80,84,111,114,123,127] [0,9,53,63,65,77,84,103] [20,24,28,55,68,75,80,126] [8,16,20,46,47,100,104,121] [3,6,13,80,92,98,104,110] [5,22,45,47,63,83,84,114] [10,45,52,55,68,82,96,119] [11,15,27,31,54,82,90,127]
Token  62: [31,53,61,66,69,81,93,101] [25,45,76,83,91,98,115,122] [36,52,68,72,116,117,123,125] [1,3,5,20,29,71,93,106] [11,37,63,83,89,91,102,111] [30,35,41,53,79,96,111,119] [46,63,64,66,102,104,115,116] [33,44,72,78,82,94,100,106] [18,27,28,35,55,72,86,99] [14,43,48,62,68,80,102,105] [14,18,36,83,91,107,120,123] [1,13,47,58,69,79,115,122] [30,32,34,53,68,69,107,120] [24,31,55,79,83,106,107,121] [3,10,28,69,84,101,111,125] [3,6,17,23,34,37,40,100] [14,20,80,84,114,121,123,127] [14,45,61,77,85,90,97,103] [13,14,22,46,63,85,104,116] [33,44,72,82,94,95,100,106] [18,27,28,35,39,44,86,99] [43,48,68,79,80,98,102,105] [14,18,19,30,36,107,108,120] [13,58,69,85,86,92,115,122] [32,34,61,68,69,79,107,120] [24,40,55,65,75,83,107,121] [3,10,28,39,53,55,69,101] [3,4,6,23,34,40,98,100] [14,20,30,80,84,114,121,127] [45,61,62,77,82,90,97,124] [22,46,63,66,85,102,104,116] [19,33,44,63,72,82,94,100] [18,27,28,35,43,67,86,99] [43,48,66,68,80,98,102,105] [14,18,30,36,69,83,107,120] [13,47,58,69,79,85,115,122] [23,32,34,68,69,79,107,120] [33,55,79,83,91,106,107,121] [3,10,28,53,55,57,84,101] [3,4,6,34,40,71,100,120] [20,30,80,84,101,114,121,127] [14,45,61,62,77,82,90,97] [23,55,65,75,80,101,115,119] [4,20,36,46,65,81,100,104] [6,14,54,69,71,92,98,104] [22,27,35,45,84,103,114,127] [19,52,55,67,75,115,117,119] [27,32,34,55,86,99,117,124]
Token  63: [27,49,50,61,101,106,110,118] [37,44,46,60,75,91,99,122] [36,45,52,61,68,122,125,126] [3,5,20,29,93,94,106,119] [11,37,38,63,83,102,111,119] [7,30,41,51,53,105,111,119] [20,46,63,66,104,111,115,116] [33,44,63,72,78,82,94,106] [2,21,28,35,55,67,86,99] [5,43,48,66,68,80,102,105] [14,18,19,30,36,63,107,123] [1,13,47,58,69,79,94,122] [30,32,34,36,68,69,107,120] [12,55,66,83,106,107,113,126] [3,10,53,55,69,96,101,105] [3,6,15,23,34,37,40,100] [14,43,51,80,84,114,121,127] [2,45,62,66,77,90,103,126] [9,14,22,46,63,85,104,116] [33,44,72,82,94,95,100,106] [2,18,28,35,44,67,86,90] [24,48,66,68,79,80,102,105] [14,18,30,36,85,91,107,108] [0,47,58,69,92,94,115,122] [32,34,61,68,69,79,107,120] [12,40,65,66,83,91,113,119] [3,10,39,53,55,57,105,111] [3,6,23,34,37,40,100,121] [14,30,51,80,84,114,121,127] [2,35,62,66,77,90,112,126] [20,22,46,63,85,102,104,116] [19,33,44,63,82,94,100,106] [2,18,21,35,43,45,67,86] [48,66,68,76,80,102,105,127] [2,14,18,30,36,69,83,91] [0,13,58,69,79,85,115,122] [32,34,43,61,68,69,104,120] [10,12,33,66,83,91,99,107] [3,10,39,53,55,96,101,105] [3,4,6,23,34,40,71,100] [43,51,80,84,101,114,121,127] [2,9,35,45,62,66,90,126] [18,23,55,80,93,98,102,115] [20,36,46,65,81,87,104,127] [6,14,20,48,92,98,104,108] [22,27,35,45,70,80,84,114] [19,44,52,55,60,75,115,119] [36,47,66,86,88,120,123,124]
Token  64: [22,27,28,34,51,63,68,72] [37,48,60,75,90,92,99,122] [8,36,70,77,81,90,107,125] [3,37,77,78,79,106,117,123] [7,10,11,34,37,43,70,87] [18,58,79,96,105,108,119,122] [14,26,46,55,63,89,104,116] [33,36,43,44,63,82,94,106] [2,4,35,37,45,55,67,86] [5,24,33,68,76,80,102,105] [18,30,33,40,41,85,107,119] [1,48,50,69,79,92,94,122] [32,34,36,43,51,68,69,123] [10,12,65,79,83,102,107,113] [3,10,39,49,53,55,57,64] [3,6,34,37,40,87,100,121] [14,33,43,51,80,84,114,127] [2,45,53,62,66,103,112,126] [14,22,46,55,63,85,86,89] [5,21,33,43,44,82,94,95] [4,14,27,35,39,64,86,104] [33,48,68,76,80,102,105,127] [18,64,73,85,107,108,110,119] [48,50,69,79,86,92,115,122] [32,43,53,61,68,107,118,123] [10,12,40,44,65,79,102,107] [3,10,39,49,53,55,57,111] [3,6,23,37,40,87,100,121] [14,30,33,43,51,80,84,127] [2,9,53,62,66,77,82,92] [22,46,55,63,89,102,104,116] [19,33,44,63,82,94,100,106] [21,35,39,43,44,64,67,86] [5,33,45,66,68,80,102,105] [9,16,30,40,45,69,83,119] [26,50,59,69,79,86,90,122] [32,34,43,60,68,107,118,123] [10,12,45,61,65,99,102,107] [10,39,49,53,55,57,64,92] [3,4,6,25,40,87,100,120] [33,35,40,51,80,84,101,127] [9,53,62,92,103,113,117,126] [5,22,23,73,80,86,98,115] [16,20,36,46,65,104,120,127] [5,6,14,69,92,98,104,116] [4,22,45,84,95,101,104,114] [5,11,19,52,55,75,104,119] [5,15,16,21,26,44,74,98]
Token  65: [6,53,72,98,100,101,102,119] [7,13,32,37,70,89,113,122] [2,16,40,70,77,78,99,107] [37,56,71,73,78,79,94,118] [11,29,37,52,63,70,92,120] [17,18,33,58,59,64,79,122] [13,26,34,55,63,66,104,116] [24,33,44,59,82,94,100,106] [35,38,53,67,72,86,102,127] [0,7,17,49,55,68,76,80] [16,18,30,50,69,91,94,98] [20,21,28,48,50,60,96,124] [2,9,34,43,65,115,123,127] [10,40,42,65,78,91,101,106] [3,23,49,53,55,57,111,115] [3,6,17,40,82,91,120,121] [14,33,78,80,83,84,115,126] [9,35,62,66,77,92,103,112] [46,52,63,86,104,116,119,127] [32,44,45,73,82,94,100,106] [3,35,44,67,86,88,123,124] [24,49,57,68,80,102,111,113] [18,30,45,50,69,83,94,98] [0,21,67,69,78,99,115,122] [2,30,34,42,43,95,102,115] [10,82,92,99,104,106,112,115] [3,6,36,42,49,53,66,109] [3,6,40,56,75,76,82,120] [1,14,78,80,82,84,114,126] [66,72,82,90,103,112,113,121] [46,63,66,104,109,110,115,119] [27,44,56,73,82,100,106,110] [3,9,43,44,67,86,90,102] [8,33,57,68,80,97,102,113] [9,16,18,25,30,33,94,119] [4,50,78,79,81,96,104,107] [14,32,42,43,92,95,111,123] [10,20,45,52,61,93,112,120] [33,49,53,55,57,64,73,92] [3,6,7,25,40,52,87,125] [33,35,51,80,84,101,115,127] [9,53,62,80,92,103,112,126] [22,23,55,73,80,86,98,115] [16,20,36,46,65,87,104,114] [5,6,14,69,92,98,104,116] [22,27,32,45,84,101,104,114] [11,19,52,55,60,75,98,119] [2,3,73,86,101,109,124,125]
Token  66: [28,33,42,46,64,75,82,91] [28,32,73,85,89,113,122,126] [4,5,36,46,57,60,78,104] [17,20,24,30,47,72,116,118] [5,6,7,11,43,46,60,126] [0,20,40,58,59,93,115,123] [13,46,77,87,103,104,116,124] [7,19,43,44,82,94,100,106] [21,35,69,86,94,100,108,123] [7,35,55,68,80,82,95,102] [7,16,54,82,85,91,94,119] [18,59,73,81,94,99,100,122] [2,14,21,27,34,43,92,123] [2,40,78,87,91,107,112,127] [3,15,38,53,55,60,85,111] [6,17,31,32,40,54,89,125] [11,13,14,33,80,84,101,105] [1,9,36,49,62,66,82,92] [13,22,46,63,87,103,104,122] [19,33,44,63,82,88,94,100] [21,61,86,94,100,104,108,123] [7,35,59,66,68,76,80,102] [2,13,82,85,91,94,119,124] [18,25,79,81,97,99,100,122] [2,14,25,32,34,43,123,127] [2,10,18,78,106,112,120,127] [3,15,38,53,60,73,95,111] [3,6,32,40,89,121,125,126] [13,14,30,33,80,84,93,100] [9,36,62,66,80,82,92,112] [20,22,46,63,102,103,104,116] [19,33,44,63,82,94,100,106] [21,35,43,61,67,86,94,123] [7,35,59,66,68,80,82,102] [69,82,85,91,94,103,119,124] [18,25,59,81,90,99,100,122] [14,29,32,34,43,112,123,127] [12,45,62,78,92,112,120,127] [3,15,24,26,38,49,53,55] [6,31,32,37,40,100,125,126] [11,13,33,80,84,93,101,115] [9,26,35,49,62,66,82,92] [5,18,23,24,80,86,98,115] [16,20,46,65,87,120,121,122] [6,11,14,38,39,92,98,108] [22,27,45,76,84,101,104,114] [5,14,32,51,52,60,75,104] [15,21,26,44,74,82,121,127]
Token  67: [23,28,47,91,95,105,112,122] [24,29,45,69,73,105,122,126] [5,23,36,44,60,76,125,126] [3,13,20,34,77,95,106,118] [1,11,18,27,28,37,38,101] [10,35,58,63,87,93,119,122] [14,20,46,63,102,103,111,116] [19,33,43,44,82,94,100,106] [2,20,35,40,60,67,86,108] [35,41,59,66,68,80,102,106] [18,30,33,41,91,95,109,119] [0,16,19,29,55,81,94,122] [34,36,38,43,61,76,103,123] [10,12,40,41,57,107,109,123] [3,18,53,55,57,95,102,111] [3,6,9,37,40,86,100,121] [4,14,33,80,84,94,102,110] [9,61,65,77,82,92,102,103] [14,22,46,63,64,85,102,116] [21,33,43,44,82,88,94,100] [14,27,35,44,45,55,86,90] [35,41,66,68,79,80,102,127] [2,18,33,62,85,91,95,119] [1,16,55,69,92,97,105,122] [14,32,34,38,42,61,87,123] [10,40,57,101,102,109,123,127] [3,18,47,55,64,95,102,111] [6,20,37,40,77,86,87,126] [14,30,33,44,56,84,110,127] [0,9,36,62,65,80,82,92] [10,14,22,42,46,63,102,118] [21,33,43,44,82,88,94,95] [20,27,35,39,43,44,60,86] [35,41,66,68,79,102,106,127] [33,40,69,95,107,109,119,124] [1,42,55,69,92,94,97,115] [0,32,38,43,61,67,103,123] [12,41,57,62,91,106,109,123] [3,4,18,55,59,60,102,111] [6,20,31,37,40,86,100,107] [29,44,77,80,84,109,110,115] [0,9,63,64,65,80,85,103] [23,24,49,75,77,80,90,126] [47,65,75,80,104,121,125,127] [6,11,23,38,80,92,98,110] [5,22,45,47,76,83,84,87] [1,5,10,52,71,96,123,124] [15,31,44,74,82,92,98,127]
Token  68: [40,43,65,72,73,98,100,122] [18,38,70,94,100,106,122,127] [38,40,78,82,84,88,99,113] [6,67,71,73,87,89,94,116] [7,11,52,76,81,85,106,115] [37,59,61,64,66,97,103,125] [34,43,56,63,83,88,105,107] [33,43,49,75,82,94,100,112] [35,44,65,72,84,86,121,127] [0,9,68,71,80,102,110,125] [2,18,30,50,61,78,98,105] [24,28,49,52,61,85,115,125] [2,15,32,34,56,65,99,115] [6,10,15,23,28,58,78,106] [3,4,17,20,48,55,57,81] [6,16,31,37,40,70,85,101] [8,14,39,73,84,114,115,124] [1,19,42,69,78,99,103,105] [8,41,56,63,85,88,105,107] [24,33,49,59,75,82,100,112] [35,44,65,72,84,114,116,121] [0,9,80,92,102,110,125,127] [2,18,56,61,68,78,98,105] [7,23,24,28,49,54,61,125] [15,21,32,42,56,65,96,99] [6,15,19,23,28,58,78,110] [4,17,20,48,55,86,90,100] [10,16,31,40,70,85,101,127] [14,30,39,48,73,81,115,124] [1,19,21,42,55,69,78,103] [8,24,34,56,83,88,105,107] [18,49,59,75,100,109,112,123] [53,65,72,84,114,116,121,127] [0,2,9,51,79,110,122,125] [18,50,56,61,68,78,98,105] [3,23,24,49,54,61,92,125] [15,21,56,65,73,79,96,99] [15,23,28,58,68,78,91,106] [3,4,17,20,55,81,86,100] [40,49,52,59,70,85,101,127] [14,39,48,73,80,81,115,124] [1,19,21,42,48,55,69,103] [24,31,32,64,80,113,114,115] [31,37,46,71,77,88,100,104] [6,16,53,73,90,98,102,104] [22,27,32,45,82,87,101,114] [5,11,34,38,52,97,98,118] [20,57,73,74,77,86,105,109]
Token  69: [14,21,50,51,57,103,106,110] [3,6,9,28,37,62,95,122] [12,41,84,90,100,111,122,125] [4,32,39,67,71,87,117,118] [7,11,23,37,50,56,58,64] [18,47,51,68,103,105,110,119] [26,34,56,58,63,104,112,116] [5,32,33,44,82,94,100,106] [35,36,44,67,72,86,109,127] [0,32,65,68,80,96,102,122] [18,29,30,36,50,69,113,123] [22,53,60,67,69,85,109,115] [2,15,34,56,65,79,114,115] [21,23,26,66,68,82,98,106] [3,4,16,48,55,90,105,109] [16,17,40,50,70,72,85,103] [14,39,73,80,81,115,119,124] [1,2,18,19,55,78,99,103] [8,34,56,58,63,83,105,116] [3,33,49,59,75,82,100,112] [44,65,72,84,114,116,121,127] [0,9,65,80,92,110,122,125] [19,50,56,61,68,78,90,105] [3,23,24,49,54,61,109,125] [15,21,23,34,79,96,99,115] [15,23,26,28,58,66,82,110] [3,4,16,48,55,90,100,105] [6,16,40,50,61,70,72,120] [12,14,30,48,80,81,84,119] [1,2,66,78,82,83,103,120] [34,56,63,83,104,105,107,126] [33,44,59,75,82,100,106,112] [36,45,65,72,90,109,121,127] [0,32,51,65,80,96,102,122] [18,29,30,36,50,51,69,98] [3,7,59,60,63,69,85,109] [2,24,34,42,73,79,114,115] [10,23,66,82,91,106,113,118] [3,8,16,53,55,90,105,115] [16,17,31,40,61,72,103,120] [12,14,30,43,80,84,115,119] [2,9,35,66,78,82,103,112] [14,18,23,27,80,93,102,115] [6,29,36,46,65,87,100,104] [6,14,20,27,48,69,98,104] [22,27,37,45,58,70,80,114] [22,52,55,60,75,98,115,117] [36,47,66,86,88,120,123,124]
Token  70: [28,51,83,87,91,112,124,125] [9,16,29,45,48,68,71,122] [5,23,36,64,67,76,100,125] [3,12,20,70,73,92,112,114] [7,11,27,28,37,38,50,57] [10,63,74,87,93,103,110,115] [20,46,63,87,104,111,116,118] [2,19,32,33,44,82,100,106] [15,18,20,35,44,67,86,127] [32,35,65,66,68,80,96,102] [18,30,50,69,91,103,109,111] [8,22,36,42,53,60,69,115] [2,14,26,27,34,41,73,115] [13,18,23,76,82,91,98,106] [3,53,55,60,69,71,102,109] [6,16,17,31,40,50,72,99] [14,60,80,84,108,110,115,122] [1,46,77,82,93,94,99,103] [34,46,52,56,63,104,116,119] [2,24,33,44,82,94,100,106] [15,18,20,35,44,65,86,90] [0,17,35,65,68,80,102,111] [18,23,30,36,50,94,98,103] [8,14,20,22,48,53,96,99] [2,14,26,34,73,79,115,127] [23,41,78,82,83,91,98,106] [3,38,53,55,60,69,102,109] [6,16,17,31,40,61,99,120] [14,60,80,84,94,108,110,122] [15,46,77,78,82,93,94,103] [34,46,56,63,87,104,107,116] [2,33,44,56,82,94,100,106] [18,36,44,67,72,86,90,127] [0,32,35,65,68,80,102,111] [18,30,36,50,69,98,103,109] [8,22,48,53,60,69,85,115] [2,14,26,34,42,57,73,115] [10,18,41,68,76,82,91,106] [3,16,47,53,55,60,80,102] [16,17,31,40,51,56,60,61] [14,55,60,80,84,108,110,115] [15,36,46,52,64,78,103,122] [23,24,49,52,73,80,90,125] [12,19,49,80,100,104,121,125] [6,11,23,45,88,98,99,104] [17,22,26,46,58,76,112,114] [5,29,30,39,52,81,104,105] [15,35,52,74,82,95,111,127]
Token  71: [11,28,29,51,71,111,120,126] [11,45,62,76,78,86,107,122] [7,14,44,50,116,119,121,125] [1,3,7,13,25,55,97,105] [0,7,11,25,39,74,91,97] [30,60,75,78,80,97,103,119] [22,39,46,63,64,66,104,116] [31,33,44,82,87,94,100,106] [24,44,51,55,64,67,86,99] [22,62,68,80,94,96,102,111] [14,18,30,50,91,108,113,120] [8,60,68,69,85,86,87,115] [2,26,34,42,53,61,73,115] [2,21,24,44,68,75,98,106] [3,23,28,53,55,62,69,101] [3,6,17,31,40,50,98,120] [14,20,43,60,80,84,121,123] [5,14,20,77,78,82,103,120] [22,46,56,63,64,104,110,116] [33,44,82,87,88,94,100,106] [5,44,45,64,72,86,111,127] [0,17,68,80,94,96,102,111] [18,30,50,69,91,98,108,113] [20,60,69,85,86,87,89,115] [2,27,34,42,53,61,73,115] [24,44,75,78,82,83,98,106] [3,8,38,53,55,57,62,69] [6,9,16,17,40,61,98,120] [1,14,30,80,84,114,121,123] [5,9,14,20,77,82,103,117] [22,38,39,46,63,104,110,116] [33,44,51,82,87,88,94,106] [24,44,45,64,67,72,86,111] [24,51,68,80,94,96,102,111] [14,18,30,50,69,91,108,120] [20,60,78,85,86,87,89,115] [2,27,42,53,61,63,73,115] [10,24,44,68,75,76,91,106] [3,8,21,28,29,53,55,62] [16,31,40,50,61,71,98,120] [14,30,43,80,84,115,121,123] [9,14,20,78,84,97,103,117] [12,14,23,24,65,80,101,123] [2,4,6,46,87,100,104,120] [6,13,33,39,54,71,98,104] [20,22,45,63,80,103,104,114] [44,52,55,60,67,75,80,98] [27,32,34,54,66,71,85,117]
Token  72: [17,51,63,67,77,97,116,120] [7,53,75,86,99,107,114,122] [8,9,14,54,70,90,116,121] [1,21,37,55,62,77,97,106] [0,7,10,11,20,22,51,87] [34,54,67,78,90,97,119,122] [13,55,63,85,99,104,110,116] [33,36,44,51,73,82,94,106] [4,35,44,64,72,86,95,111] [23,24,33,69,80,96,113,127] [18,30,33,41,45,50,108,110] [50,78,79,85,86,107,115,120] [12,42,61,62,66,85,115,118] [44,68,76,102,106,108,113,127] [3,8,21,29,34,55,64,82] [16,31,40,50,84,87,98,120] [7,40,43,51,80,83,84,109] [2,9,20,53,66,78,103,117] [22,39,41,55,63,85,110,116] [33,44,51,82,88,94,100,106] [4,35,44,64,72,86,111,127] [0,24,33,69,80,96,113,127] [18,33,39,45,50,80,91,108] [20,28,50,85,86,107,115,120] [2,42,61,66,85,115,118,126] [0,40,44,68,76,102,106,108] [3,21,29,55,57,64,82,109] [16,17,33,40,50,71,87,120] [7,14,30,40,51,80,109,127] [6,9,20,53,78,103,117,120] [22,25,39,41,55,63,110,116] [33,44,51,82,86,88,94,106] [4,64,67,72,79,86,90,111] [24,33,68,69,80,96,113,116] [30,33,50,51,69,91,108,110] [28,50,78,79,85,107,115,120] [42,61,66,73,85,95,118,126] [10,44,68,76,89,102,106,108] [3,21,29,53,55,64,82,87] [40,50,56,71,77,87,98,120] [7,30,40,51,80,109,115,123] [20,53,78,102,103,106,117,120] [5,12,14,23,37,80,86,123] [6,16,81,87,100,104,112,120] [6,33,37,38,39,54,72,98] [20,22,37,63,80,103,104,114] [44,51,67,75,80,82,122,124] [26,27,32,35,71,94,95,99]
Token  73: [17,28,34,51,62,67,68,77] [7,20,52,67,99,113,114,122] [9,24,70,73,90,120,121,125] [55,59,62,71,77,97,100,121] [0,11,22,29,51,63,87,116] [18,24,78,97,99,116,119,122] [38,39,55,63,64,66,110,116] [33,44,82,88,94,106,110,113] [4,44,67,72,80,90,95,111] [24,33,35,80,96,113,126,127] [18,30,33,50,51,52,108,110] [16,28,50,73,85,107,114,115] [2,4,6,34,42,61,85,115] [40,68,89,102,106,108,112,113] [3,21,29,55,64,82,87,116] [1,7,16,17,40,50,54,77] [13,14,51,80,83,84,102,115] [20,44,58,66,78,103,117,120] [38,39,41,55,63,85,110,116] [33,44,48,51,82,88,94,100] [4,35,44,45,67,72,95,111] [22,33,69,80,96,103,113,127] [18,33,39,50,52,91,95,108] [16,20,28,50,85,97,114,115] [2,6,34,42,61,85,103,115] [68,89,102,106,109,113,123,127] [3,21,29,55,64,82,87,109] [16,17,27,40,50,77,87,120] [13,14,30,51,80,83,84,98] [6,13,35,66,78,92,103,120] [25,38,39,41,55,63,110,116] [33,44,51,82,88,94,106,113] [4,44,45,67,72,86,90,111] [23,24,33,35,68,69,80,96] [30,33,50,69,91,95,108,110] [16,28,50,73,85,97,114,115] [2,27,42,61,73,85,103,115] [10,62,68,89,102,106,113,127] [3,29,53,55,57,64,82,87] [27,31,40,46,50,77,98,120] [13,14,30,51,80,83,109,115] [2,9,35,66,78,92,103,120] [5,14,18,23,36,80,86,98] [6,16,87,96,100,104,112,120] [6,20,39,72,81,98,104,121] [20,22,26,37,63,103,104,114] [51,52,55,60,80,98,122,127] [15,21,26,30,38,71,82,103]
Token  74: [3,23,28,51,77,112,124,125] [7,29,30,36,45,59,114,122] [15,23,24,36,73,76,115,125] [40,41,62,67,95,97,119,121] [0,11,20,27,28,68,97,116] [1,48,78,87,97,99,103,119] [39,46,56,63,66,104,110,116] [33,44,82,88,94,100,110,113] [6,27,35,44,72,86,111,127] [23,24,35,41,51,80,89,96] [18,33,34,50,51,70,91,108] [16,43,78,85,97,113,114,115] [2,18,34,38,42,61,103,115] [36,40,41,68,85,91,106,109] [3,18,29,47,55,82,97,102] [16,17,20,40,49,50,99,120] [14,29,46,77,80,83,84,98] [0,1,63,64,65,78,103,120] [39,41,63,98,104,110,116,119] [33,44,51,82,88,94,100,110] [35,44,45,67,72,86,111,127] [0,24,35,51,69,80,96,102] [18,34,50,51,70,91,95,124] [16,42,55,60,85,97,114,115] [0,2,14,27,38,61,103,115] [36,41,57,62,68,85,106,109] [3,18,47,55,60,69,82,102] [16,20,32,40,50,54,77,120] [14,29,30,44,77,80,84,110] [0,58,63,64,65,77,103,120] [22,39,41,56,63,110,116,118] [33,44,51,82,88,94,100,106] [20,27,35,44,67,72,86,111] [24,35,51,69,80,96,106,116] [18,34,50,69,70,95,108,110] [16,42,55,64,85,97,114,115] [0,2,27,38,42,61,73,103] [10,36,41,57,68,106,109,123] [3,18,47,55,60,69,102,111] [16,20,31,40,50,77,107,120] [14,29,30,44,77,110,115,127] [0,9,63,64,65,77,80,103] [14,20,23,24,25,49,80,126] [46,47,74,100,104,120,121,125] [6,13,33,37,39,80,98,110] [5,22,26,45,47,83,86,87] [1,5,10,52,82,96,123,124] [11,15,31,44,74,82,90,127]
Token  75: [0,21,51,53,61,69,81,120] [19,39,45,46,83,91,115,122] [15,50,69,116,117,120,123,125] [1,10,26,48,62,97,119,121] [0,11,79,91,95,97,111,127] [51,58,78,80,97,100,103,111] [22,23,39,56,63,104,116,127] [33,44,48,72,82,88,94,100] [27,28,44,61,72,80,99,111] [23,24,43,48,80,89,92,96] [6,14,18,30,50,83,108,123] [13,47,58,78,85,90,107,115] [2,27,34,39,42,69,85,120] [31,55,68,79,85,91,106,121] [3,19,28,55,74,82,84,101] [3,16,17,34,40,48,50,112] [1,20,43,73,80,84,98,121] [9,14,45,82,97,103,112,117] [13,22,39,41,63,104,110,116] [33,44,51,72,82,88,94,100] [28,44,45,72,86,95,99,111] [23,24,43,48,51,80,89,96] [14,18,30,50,85,91,108,123] [13,20,58,60,85,86,107,115] [2,27,34,42,61,69,115,120] [29,31,55,68,79,106,121,125] [3,19,28,38,55,84,109,115] [3,16,17,34,40,50,99,120] [14,24,30,80,83,84,121,127] [9,14,45,82,102,103,112,126] [22,39,46,58,63,104,116,127] [33,44,59,72,82,88,94,113] [28,35,45,61,67,72,86,99] [24,43,48,66,68,69,80,96] [14,40,50,69,83,85,91,123] [13,43,47,58,59,85,96,115] [2,27,36,61,68,69,115,120] [10,55,68,79,85,99,106,121] [3,19,28,38,55,57,58,84] [3,16,34,40,50,63,120,121] [14,20,24,30,43,80,84,121] [9,14,45,61,78,82,97,112] [5,14,21,36,65,80,101,115] [4,6,36,46,65,100,104,120] [6,39,54,69,71,81,98,104] [20,22,27,37,54,103,114,127] [52,55,60,63,67,80,98,127] [27,32,34,55,58,71,85,117]
Token  76: [28,33,51,64,77,82,91,105] [2,4,9,45,61,68,90,122] [4,15,41,64,76,115,120,125] [20,24,48,57,60,70,73,124] [10,11,27,37,47,73,113,116] [1,8,48,75,87,103,109,115] [39,41,56,63,103,116,124,127] [3,7,33,44,59,82,88,113] [35,44,61,67,72,94,111,123] [24,35,41,51,69,80,96,104] [29,30,34,50,51,70,85,91] [16,43,60,62,73,76,85,97] [2,36,78,85,103,105,115,126] [2,36,41,68,89,91,106,112] [3,15,18,29,55,102,115,125] [16,20,31,32,40,50,54,77] [11,30,46,84,94,108,109,110] [0,9,64,65,78,102,103,112] [22,39,41,63,98,103,104,116] [33,44,59,82,88,94,106,123] [45,67,72,86,90,94,111,127] [0,24,35,41,51,66,80,96] [34,40,41,50,51,70,85,91] [16,20,62,73,85,94,97,114] [2,6,32,36,61,101,103,115] [2,36,41,57,62,68,91,106] [3,18,37,38,55,60,102,115] [16,25,32,40,50,54,77,120] [11,30,44,46,94,108,109,110] [0,9,36,63,65,82,103,112] [22,26,39,41,63,103,116,127] [2,33,44,51,82,88,94,106] [35,45,61,67,72,86,90,111] [23,24,35,41,66,69,80,96] [34,40,41,50,69,70,85,91] [16,25,42,43,62,85,97,115] [0,2,14,38,61,101,103,115] [2,36,41,57,68,106,109,123] [3,18,55,60,87,102,111,115] [16,20,31,40,50,77,107,120] [30,46,77,108,109,110,115,127] [0,9,63,64,65,80,82,103] [14,23,24,25,49,70,80,126] [2,47,56,75,100,104,120,121] [6,11,23,25,39,80,98,110] [5,22,26,47,54,76,83,87] [1,5,10,26,33,71,96,123] [11,15,31,44,74,82,114,127]
Token  77: [0,13,26,40,65,72,98,100] [2,18,50,70,94,100,122,124] [40,53,78,84,88,99,104,113] [6,25,37,71,85,89,116,124] [7,11,76,79,85,92,106,115] [42,59,61,64,66,97,103,125] [34,35,39,41,56,63,83,105] [8,33,48,49,51,100,112,123] [44,66,72,84,111,114,121,127] [0,9,24,26,80,96,102,110] [16,18,30,50,61,73,105,108] [24,26,49,52,60,61,85,115] [2,15,34,42,61,65,99,115] [6,15,28,58,68,78,80,106] [3,4,10,20,32,48,55,86] [16,17,23,40,50,85,99,121] [8,14,30,39,80,84,108,124] [1,19,69,72,78,99,103,112] [34,39,41,56,63,105,110,116] [33,48,49,51,59,82,100,112] [44,65,72,84,111,116,121,127] [0,9,80,84,96,110,125,127] [18,50,61,91,98,105,108,113] [23,24,48,49,54,60,61,85] [2,15,42,61,73,99,115,126] [6,15,26,28,58,78,91,106] [3,4,17,20,48,55,86,110] [6,10,16,40,50,85,101,120] [8,14,30,39,73,80,108,124] [1,4,19,72,80,103,117,120] [26,39,41,56,63,83,105,116] [33,49,51,82,86,88,94,112] [44,65,72,84,86,111,121,127] [9,26,69,80,96,110,125,127] [18,50,56,61,73,98,105,108] [23,24,26,49,60,61,85,115] [15,42,61,63,73,99,105,107] [6,15,28,68,78,79,80,106] [3,17,20,21,29,48,55,86] [16,23,31,40,50,71,85,101] [8,14,30,80,83,108,115,124] [15,19,42,53,69,72,78,103] [12,14,23,24,39,74,80,126] [19,49,56,77,88,100,104,120] [0,6,33,39,45,53,88,98] [17,20,22,46,63,104,112,114] [30,39,52,80,82,105,123,124] [27,32,35,52,73,90,95,109]
Token  78: [0,21,31,51,54,69,93,120] [6,8,23,41,83,107,111,122] [40,53,69,84,88,116,117,125] [26,29,37,41,64,66,71,97] [7,11,25,63,76,79,91,95] [31,47,75,82,97,103,111,125] [8,39,41,56,63,85,108,110] [33,48,51,72,82,95,100,106] [35,44,72,80,84,99,111,123] [9,23,24,26,43,45,80,96] [14,18,28,50,73,83,108,123] [17,21,26,58,62,67,85,115] [2,15,34,42,61,69,107,115] [6,13,21,23,68,79,85,98] [3,8,10,19,28,48,55,79] [16,17,23,40,50,85,103,112] [14,40,73,80,83,98,121,124] [14,20,45,54,69,72,97,103] [38,39,41,56,63,75,110,116] [33,51,82,88,94,95,100,106] [35,44,45,72,90,99,111,127] [24,26,45,51,80,96,113,127] [18,28,30,34,50,73,108,123] [20,26,58,61,67,85,89,115] [2,27,34,42,52,61,107,115] [6,21,23,68,79,85,98,106] [3,21,28,37,48,55,79,115] [16,23,40,85,95,99,103,112] [14,30,73,80,83,84,121,124] [14,20,45,69,83,103,112,117] [41,56,63,75,104,110,116,119] [3,33,44,51,82,88,94,106] [35,40,67,72,86,90,99,111] [9,22,24,26,69,80,96,116] [30,40,50,69,73,85,91,108] [17,26,58,67,78,85,89,115] [2,15,42,61,99,107,114,115] [6,10,23,28,68,79,98,106] [3,8,10,28,48,55,90,115] [16,23,40,50,56,71,103,112] [18,30,73,80,83,84,121,124] [1,9,14,20,45,97,103,112] [12,14,36,65,80,101,115,123] [4,46,81,87,100,104,112,120] [6,20,39,54,71,81,98,107] [20,22,27,37,45,54,80,114] [52,55,60,67,80,98,115,127] [27,32,34,47,66,85,86,117]
Token  79: [7,21,30,34,41,50,51,63] [2,9,16,75,85,99,116,122] [7,8,9,45,51,54,90,122] [20,29,41,56,64,77,100,123] [0,11,22,23,50,56,87,95] [31,47,54,75,82,90,105,114] [13,39,41,52,63,66,85,127] [33,44,48,51,82,94,106,110] [14,35,44,61,86,90,109,111] [0,24,26,45,80,96,99,127] [18,28,45,50,83,85,108,123] [9,50,62,67,85,102,107,115] [2,25,42,61,63,78,115,118] [21,66,68,76,85,91,98,102] [3,8,10,34,55,79,82,84] [16,19,31,37,38,40,50,120] [11,14,40,46,51,80,83,98] [1,9,15,20,82,103,112,126] [38,39,41,56,63,104,110,116] [33,44,51,82,88,94,100,110] [14,35,44,45,72,86,90,111] [24,26,45,65,80,96,102,127] [18,30,50,70,73,85,107,108] [20,50,62,78,85,107,115,120] [2,34,42,52,61,115,116,118] [2,66,68,76,79,98,102,106] [3,8,34,55,75,82,84,115] [1,16,19,37,40,81,95,120] [11,14,30,51,55,80,83,84] [9,15,17,46,103,106,112,126] [38,41,56,63,75,110,116,127] [33,44,51,82,88,94,106,110] [14,44,45,61,67,86,90,111] [22,24,33,49,80,96,102,127] [30,50,52,69,70,85,107,108] [43,50,69,78,85,98,107,115] [2,12,42,52,63,73,114,118] [10,16,21,66,68,98,102,113] [3,8,34,39,55,80,82,84] [1,16,31,37,40,60,120,121] [15,30,40,51,80,83,101,115] [9,15,17,36,52,103,106,126] [14,22,24,74,80,98,123,125] [12,19,43,56,100,104,112,120] [6,25,37,39,45,80,88,98] [17,20,22,37,46,80,103,112] [21,22,30,39,52,80,82,105] [35,52,85,95,99,103,108,127]
Token  80: [3,28,33,51,62,77,82,126] [67,78,83,86,89,107,114,122] [9,15,24,51,73,116,119,125] [7,10,11,25,33,41,105,120] [22,39,47,63,74,91,116,118] [75,78,79,80,97,103,111,119] [38,39,56,63,79,110,116,127] [31,33,48,51,82,87,94,110] [24,28,39,44,51,61,67,111] [24,45,48,51,80,94,96,127] [18,30,34,40,50,83,107,108] [15,47,71,85,87,105,107,115] [2,18,34,42,53,63,68,115] [2,24,44,68,79,85,91,98] [3,8,19,22,28,55,62,82] [3,16,31,38,40,50,95,98] [14,20,30,73,80,83,115,123] [1,14,84,97,99,103,106,112] [38,41,52,56,63,75,110,116] [3,33,51,82,87,88,100,106] [35,44,45,51,72,90,95,111] [45,51,80,94,96,102,113,127] [18,30,34,35,50,83,107,108] [20,28,43,85,87,89,107,115] [2,6,34,42,53,61,68,115] [24,44,65,68,75,102,106,121] [3,19,28,34,53,55,62,82] [16,23,40,50,91,95,98,120] [14,20,30,43,73,80,84,123] [1,14,20,84,97,103,106,117] [9,46,52,56,63,110,116,119] [3,33,44,51,82,94,106,110] [24,43,44,67,86,90,95,116] [22,48,68,80,96,102,113,127] [30,34,50,51,69,83,108,120] [20,47,67,71,85,87,89,115] [2,42,52,53,68,73,100,120] [10,24,44,49,55,68,85,121] [3,19,22,28,53,55,62,82] [1,16,23,31,40,50,56,98] [18,20,80,83,84,115,121,123] [1,14,20,80,84,97,103,106] [5,28,65,75,80,101,115,123] [4,6,46,74,87,100,104,112] [6,13,54,71,81,98,107,121] [2,22,27,32,37,45,114,127] [22,52,55,67,75,80,97,98] [32,34,71,74,83,85,86,117]
Token  81: [24,47,57,61,81,92,106,118] [9,30,46,47,48,67,91,115] [15,24,41,90,120,121,122,125] [7,9,23,25,26,30,59,105] [7,11,39,43,47,63,77,111] [18,20,51,75,78,105,110,119] [13,38,63,86,87,104,110,116] [32,33,44,48,82,94,106,110] [28,44,67,86,90,95,111,123] [22,32,48,68,80,102,113,127] [7,18,30,83,94,103,108,123] [9,13,22,47,53,67,109,115] [2,4,25,34,42,68,106,120] [10,30,55,65,66,85,106,113] [3,16,19,34,53,55,105,113] [1,3,17,23,40,50,75,91] [1,12,14,43,80,83,84,119] [2,20,35,66,103,104,107,117] [46,52,63,85,104,110,116,119] [33,44,73,82,94,100,106,110] [21,28,44,67,86,88,90,95] [22,48,68,80,102,111,113,127] [7,18,30,50,69,83,94,108] [0,47,48,67,89,99,109,115] [2,32,34,42,58,61,68,115] [10,65,66,76,83,106,112,113] [3,16,34,39,53,55,58,105] [1,3,6,23,35,40,50,56] [12,14,43,50,78,80,84,119] [2,20,35,66,103,106,117,121] [20,46,63,74,104,109,110,119] [1,32,44,73,82,100,106,110] [33,43,44,67,86,88,90,95] [22,32,68,80,102,111,113,127] [18,30,69,83,94,103,108,123] [0,20,47,48,67,96,109,115] [2,42,61,68,104,107,115,120] [10,55,65,66,91,99,106,113] [3,10,16,39,53,55,58,105] [1,3,4,6,31,35,40,56] [12,18,43,80,84,114,115,119] [2,20,35,66,103,106,112,117] [5,18,22,27,80,93,102,123] [6,29,36,46,87,100,104,112] [6,14,20,27,48,81,98,104] [12,20,22,45,70,80,114,123] [22,52,55,75,80,98,115,117] [36,47,66,71,86,88,120,123]
Token  82: [23,28,41,51,87,118,124,125] [16,29,30,45,48,67,68,122] [36,59,73,76,100,125,126,127] [9,12,40,62,70,87,90,92] [7,11,27,47,50,57,77,93] [10,18,48,72,78,87,103,117] [46,63,86,104,110,111,116,118] [32,33,44,73,82,100,106,110] [20,44,67,86,90,95,118,123] [32,35,68,80,102,109,113,127] [10,18,30,41,50,89,95,109] [0,16,53,82,97,107,111,116] [2,14,18,34,42,58,77,103] [41,65,68,85,91,106,109,123] [3,16,47,53,55,60,99,102] [1,17,31,40,54,77,91,120] [1,6,14,78,80,83,94,110] [0,1,64,66,103,104,106,107] [52,63,64,66,104,110,116,119] [32,33,48,73,82,100,106,110] [3,6,20,44,67,86,90,95] [22,35,40,68,80,102,113,127] [7,10,30,41,50,95,109,124] [16,18,42,48,64,97,107,116] [0,14,25,34,38,42,58,103] [18,57,62,91,106,109,123,127] [3,6,47,53,55,60,73,102] [1,35,40,54,56,77,91,120] [1,13,44,78,80,83,94,110] [0,36,64,65,83,92,106,117] [52,63,66,75,104,110,116,118] [32,33,51,73,82,100,106,110] [20,29,44,67,86,90,95,116] [22,32,35,51,80,102,113,127] [9,10,30,41,50,69,95,124] [16,18,42,85,97,107,115,116] [0,19,25,38,42,73,101,103] [10,41,57,62,68,85,109,123] [3,16,18,47,55,60,71,102] [20,31,40,51,54,77,90,126] [13,44,77,80,94,108,110,115] [0,36,63,64,65,80,103,106] [8,18,24,49,75,80,90,126] [18,47,74,80,104,112,121,125] [6,11,23,72,80,98,110,121] [5,22,26,45,47,76,87,114] [5,10,22,51,52,80,96,122] [15,21,31,44,74,114,121,127]
Token  83: [31,51,63,66,83,101,107,120] [2,8,34,41,67,122,124,126] [10,41,53,62,67,88,120,125] [6,9,30,62,66,68,87,89] [11,29,43,47,76,79,106,124] [18,24,42,49,84,97,103,125] [10,13,56,63,66,105,110,116] [33,48,49,51,82,95,106,110] [14,44,66,67,84,90,95,111] [9,32,80,96,98,110,113,127] [30,34,50,61,73,83,90,108] [11,22,26,49,61,72,75,115] [2,25,34,42,61,79,107,115] [6,10,28,63,68,80,85,91] [3,10,16,48,53,55,82,113] [1,16,23,38,40,50,85,98] [8,18,43,48,80,83,84,124] [1,19,20,99,103,104,106,117] [9,13,41,56,63,104,110,116] [3,33,51,82,88,95,106,110] [44,66,67,72,84,90,95,116] [0,22,80,96,98,102,113,127] [30,50,61,73,83,90,105,108] [20,26,49,61,85,90,115,122] [2,15,34,42,79,99,107,115] [6,28,30,65,80,83,85,106] [3,10,34,39,48,53,55,58] [3,16,23,40,50,85,91,120] [8,14,32,43,78,80,84,124] [19,20,66,83,97,103,106,117] [46,52,63,75,104,110,116,119] [32,33,44,73,82,94,106,110] [21,33,44,66,67,86,90,95] [48,51,68,80,91,98,102,113] [18,30,50,69,73,83,90,94] [20,26,47,48,85,107,115,124] [2,22,23,42,68,79,107,115] [6,10,65,68,80,83,85,118] [3,10,39,48,53,55,58,66] [1,3,23,35,40,56,85,91] [8,18,43,80,84,115,124,126] [19,20,83,90,97,103,106,112] [5,18,21,22,27,80,93,123] [6,29,36,46,87,88,104,112] [0,6,14,20,27,81,98,104] [12,22,37,45,70,80,114,123] [22,52,55,75,80,98,104,115] [32,34,47,66,73,88,117,123]
Token  84: [23,28,62,77,91,105,112,125] [2,8,9,29,67,68,88,122] [4,36,41,59,67,76,115,125] [20,29,41,50,70,73,92,123] [5,11,27,37,38,73,77,113] [10,18,54,75,87,96,110,117] [23,46,63,86,88,104,110,127] [2,32,33,45,73,82,106,110] [14,20,33,35,61,67,86,95] [23,24,32,35,79,80,99,113] [25,30,41,70,85,91,95,109] [16,31,81,82,92,96,107,116] [2,14,18,19,42,62,101,103] [36,40,41,85,91,106,109,123] [3,16,31,53,55,99,113,115] [1,7,20,31,40,50,91,121] [11,14,78,80,109,110,115,126] [0,64,65,92,103,104,107,112] [23,63,65,86,104,110,119,127] [32,33,45,73,82,100,106,110] [14,20,61,67,72,86,90,95] [35,49,71,79,80,97,99,113] [30,41,50,70,85,95,109,124] [16,18,48,64,81,92,97,116] [0,2,14,34,38,42,67,103] [36,41,57,85,91,106,109,123] [3,6,18,53,55,99,113,115] [1,20,40,44,56,77,91,121] [14,44,78,80,94,108,109,110] [0,36,64,65,83,103,104,112] [38,63,66,88,104,110,118,127] [2,32,33,73,82,100,106,110] [14,20,33,44,67,86,90,95] [22,24,35,40,79,80,113,127] [30,41,50,69,70,85,95,124] [16,42,64,73,81,92,97,116] [0,14,38,42,67,73,103,112] [10,36,41,57,62,91,109,123] [18,34,55,60,71,102,111,115] [16,20,31,40,54,90,91,107] [29,44,77,80,108,109,110,115] [0,63,64,65,80,85,103,106] [24,25,49,59,75,80,90,126] [47,49,56,75,104,112,121,125] [6,11,13,37,72,80,107,110] [5,22,26,47,76,83,87,114] [1,5,10,22,52,96,123,124] [15,21,31,44,74,82,98,127]
Token  85: [0,13,26,40,65,72,98,100] [18,50,70,94,100,122,124,127] [40,49,53,78,84,88,99,113] [6,37,71,89,94,100,116,117] [7,11,52,76,79,85,106,115] [8,37,42,59,61,64,66,125] [35,56,63,83,88,105,107,116] [8,33,48,49,51,100,110,112] [44,67,84,90,95,113,114,121] [0,9,26,80,96,110,125,127] [5,16,18,30,50,61,73,105] [24,26,49,52,61,85,115,125] [2,15,34,42,61,99,107,115] [6,15,28,58,78,80,85,91] [3,19,20,48,55,57,82,86] [1,16,17,23,38,40,50,85] [8,14,80,83,84,98,108,124] [1,19,72,75,99,103,112,117] [38,41,56,63,64,105,110,116] [3,33,49,51,82,100,110,112] [35,44,72,84,90,95,116,121] [0,9,80,96,98,110,125,127] [18,30,50,61,69,73,105,108] [23,24,26,28,49,61,85,92] [2,15,34,42,79,99,107,115] [6,15,28,58,80,91,106,118] [3,17,20,48,55,86,90,116] [10,16,23,40,85,99,101,117] [8,30,39,48,80,108,115,124] [1,13,19,42,72,75,80,103] [8,13,41,56,63,105,107,110] [3,33,49,51,82,88,112,123] [35,44,65,66,72,84,90,121] [9,26,51,80,96,98,110,125] [34,50,56,61,69,73,90,105] [23,24,26,39,49,61,65,85] [15,23,42,63,65,79,99,107] [6,15,28,68,78,80,106,118] [3,8,10,19,20,48,55,86] [10,16,23,40,61,85,101,120] [8,73,80,83,105,108,115,124] [1,19,53,69,72,80,83,103] [5,21,24,39,74,80,123,126] [43,49,56,77,88,100,104,112] [0,6,14,37,45,53,81,98] [22,27,37,45,80,87,94,114] [22,52,55,75,80,82,98,123] [32,35,71,73,86,90,95,109]
Token  86: [2,14,21,51,63,97,103,120] [6,8,23,41,53,58,122,126] [8,10,53,54,84,88,120,125] [2,6,37,46,64,80,109,117] [11,25,29,40,76,79,85,106] [8,42,47,61,82,93,103,125] [13,42,56,63,83,85,105,110] [33,48,49,51,95,100,106,110] [14,44,80,84,90,95,111,121] [1,9,24,26,80,96,110,127] [18,28,50,52,61,73,105,108] [9,11,26,49,61,75,115,125] [15,25,42,52,61,63,79,107] [6,21,28,34,76,91,98,118] [3,8,10,48,49,55,79,123] [16,17,23,50,51,85,87,103] [7,8,14,46,73,83,98,124] [1,4,19,37,69,99,103,117] [13,41,56,63,83,85,105,110] [33,48,49,51,86,88,95,100] [35,44,72,84,90,95,111,121] [0,9,80,96,98,102,110,127] [28,39,50,52,61,73,105,108] [24,26,28,49,61,85,115,122] [15,34,42,61,63,99,107,115] [6,28,68,76,80,91,106,118] [3,10,21,34,37,48,55,79] [16,23,40,69,85,95,99,103] [8,14,30,55,80,83,84,124] [17,19,69,102,103,106,112,117] [41,56,63,100,105,110,116,119] [33,43,44,49,51,82,94,95] [44,67,72,84,90,95,111,121] [9,24,80,96,102,110,113,127] [30,50,52,61,69,73,105,108] [24,26,49,61,85,107,115,122] [15,30,42,61,63,73,99,107] [6,10,21,23,28,68,76,98] [3,8,10,21,34,48,55,79] [1,16,23,40,56,69,85,103] [8,40,73,80,83,84,102,124] [15,17,19,53,69,103,106,117] [21,22,24,37,64,74,80,123] [19,43,56,77,81,88,100,104] [0,6,37,45,53,81,88,98] [17,22,37,46,63,80,112,114] [22,30,39,44,52,80,82,105] [27,32,35,52,73,95,111,117]
Token  87: [18,21,30,34,41,50,63,106] [3,8,9,23,85,99,113,122] [8,9,45,54,70,90,94,122] [2,29,64,77,87,94,117,123] [22,23,25,50,56,79,83,87] [47,54,75,82,96,105,107,114] [42,52,56,63,85,100,110,127] [2,33,44,48,51,95,106,110] [2,14,35,36,44,61,95,109] [1,24,65,79,80,96,99,127] [39,50,52,73,85,107,108,123] [9,21,26,50,62,69,107,115] [2,30,34,52,63,78,107,118] [66,76,83,91,98,102,113,126] [3,8,10,55,64,79,82,84] [16,23,31,37,51,69,72,87] [7,11,14,51,83,98,102,115] [1,9,15,70,103,112,122,126] [10,13,41,63,100,110,116,127] [33,43,48,51,88,94,95,110] [35,44,72,80,90,95,106,111] [1,24,45,51,80,96,102,127] [39,50,73,107,108,113,115,119] [1,20,26,50,78,107,115,122] [2,30,34,42,63,107,115,118] [40,66,68,76,91,102,106,113] [3,8,10,34,55,75,84,110] [16,23,37,40,55,69,87,95] [14,30,51,55,80,83,102,115] [9,17,102,103,106,112,117,126] [13,41,56,63,100,110,116,127] [33,43,51,82,94,95,106,110] [14,35,36,44,61,90,106,111] [1,24,80,96,102,103,113,127] [39,50,52,69,70,85,107,108] [1,20,29,50,69,85,107,115] [2,30,42,52,63,67,87,118] [2,10,16,66,76,98,102,126] [3,8,10,23,34,39,55,84] [1,16,37,40,60,69,87,120] [12,15,51,80,83,102,108,115] [9,15,17,36,103,106,112,126] [22,36,68,74,80,98,123,125] [12,19,43,56,81,87,100,104] [6,37,45,80,81,88,98,99] [17,22,37,46,63,80,103,112] [22,30,39,52,80,82,105,124] [35,52,85,90,94,95,111,127]
Token  88: [28,29,62,67,77,82,116,126] [11,45,67,78,86,107,114,122] [9,15,24,51,119,120,121,125] [1,7,11,25,29,71,105,119] [7,11,39,47,74,83,91,116] [16,47,75,78,80,96,97,103] [39,55,56,63,79,104,110,116] [33,43,44,51,82,87,94,106] [24,35,44,51,80,90,95,111] [24,45,48,49,80,94,96,127] [30,34,35,50,52,107,108,120] [1,15,16,68,69,87,107,115] [2,6,18,30,34,53,63,107] [2,16,24,44,68,76,91,98] [3,8,10,19,28,55,62,82] [16,17,31,37,50,69,84,87] [14,20,80,83,84,98,102,115] [9,14,17,84,102,103,106,112] [10,41,56,63,100,104,110,116] [33,43,44,51,87,88,94,100] [35,44,45,51,72,90,95,111] [1,24,51,80,94,96,102,127] [18,30,35,39,50,52,107,108] [1,15,16,20,87,92,107,115] [2,30,34,42,53,61,63,123] [24,40,44,75,76,91,106,121] [3,10,19,28,34,55,62,82] [16,23,40,50,55,69,95,98] [14,20,30,43,80,83,84,123] [14,20,84,97,102,103,106,117] [56,63,75,85,100,110,116,119] [33,43,44,51,82,94,106,110] [24,40,44,67,90,95,106,111] [48,80,94,96,102,103,113,127] [19,30,50,69,83,107,108,120] [1,15,29,68,87,105,107,115] [30,42,53,63,67,100,101,123] [10,24,44,49,55,68,91,121] [3,19,28,39,53,55,62,82] [6,16,23,31,40,56,69,98] [20,80,83,84,109,115,121,123] [14,20,80,84,97,103,106,117] [5,22,28,65,75,80,101,123] [2,4,6,46,87,100,104,112] [6,13,14,20,54,71,81,98] [22,37,45,80,84,87,114,127] [22,52,55,67,75,80,97,98] [32,34,44,71,74,85,86,117]
Token  89: [0,24,57,61,70,81,92,106] [9,13,30,48,67,91,105,115] [15,24,41,62,90,120,122,125] [7,11,25,26,73,78,105,119] [7,11,39,43,47,63,73,77] [16,18,51,58,78,97,105,110] [39,46,63,66,87,100,104,110] [33,43,48,51,73,82,94,106] [28,39,44,67,86,90,95,111] [22,32,48,80,96,102,113,127] [7,30,50,52,83,107,108,123] [13,29,47,67,69,87,107,109] [2,34,41,42,63,68,120,123] [30,55,65,66,68,76,106,113] [3,10,16,39,55,82,105,113] [1,3,23,40,44,50,69,91] [1,12,14,33,43,80,84,119] [2,20,35,66,103,104,106,117] [46,52,63,85,104,110,116,119] [33,43,44,73,82,94,106,110] [39,44,67,86,90,95,106,122] [22,48,68,80,102,111,113,127] [18,30,39,50,83,107,108,119] [29,47,67,69,98,107,109,115] [2,34,42,43,63,68,107,123] [10,40,65,66,76,83,106,113] [3,10,16,34,39,53,55,105] [1,3,7,23,40,44,56,69] [12,14,30,43,50,80,84,119] [2,20,35,66,83,103,106,117] [20,46,63,85,104,109,110,119] [1,44,73,82,94,100,106,110] [28,43,44,67,88,90,95,106] [22,32,68,80,102,111,113,127] [18,25,30,69,83,108,119,123] [20,29,47,48,69,107,109,115] [30,34,42,68,74,107,120,125] [10,55,65,66,83,91,99,113] [10,16,39,53,55,58,82,105] [1,3,4,6,23,40,56,69] [12,43,80,84,114,115,119,126] [2,20,35,66,103,106,112,117] [5,18,22,27,80,93,102,123] [6,29,36,46,81,87,100,104] [6,14,20,27,48,81,98,104] [20,22,37,45,70,80,114,123] [22,44,52,55,75,80,98,115] [36,47,66,71,86,88,120,123]
Token  90: [28,33,64,77,82,91,95,112] [16,29,48,62,67,68,114,122] [4,5,36,67,76,78,106,125] [12,20,30,40,62,70,73,112] [5,7,11,20,27,37,68,77] [1,35,48,67,74,87,93,117] [7,46,63,98,104,109,110,111] [32,44,45,73,82,106,110,113] [6,20,43,44,67,86,90,123] [32,35,51,68,80,102,113,127] [10,30,41,50,89,95,109,119] [0,16,25,29,38,48,97,116] [14,17,34,38,42,43,67,103] [10,41,65,68,91,106,109,123] [3,16,31,47,53,55,60,102] [20,31,35,40,56,77,82,91] [13,14,18,30,77,80,84,94] [0,26,64,65,66,103,107,117] [20,46,63,85,104,110,116,119] [9,44,73,82,94,100,106,110] [6,20,43,44,67,86,90,106] [22,32,35,68,80,102,113,127] [10,18,30,41,50,95,119,124] [9,16,29,42,48,97,115,116] [0,14,25,34,42,43,67,103] [18,57,62,76,91,106,109,123] [3,16,18,47,53,55,60,102] [6,20,40,44,54,56,69,77] [13,14,23,32,44,80,84,94] [0,26,36,64,65,92,103,117] [46,63,66,85,110,116,118,119] [43,44,73,82,98,100,106,110] [6,20,43,44,67,90,95,106] [22,32,35,68,80,102,113,127] [10,30,41,69,95,108,119,124] [18,20,25,29,42,97,115,116] [0,14,38,42,63,67,103,112] [10,41,57,62,91,109,123,127] [16,18,47,55,60,71,102,111] [20,31,54,56,69,77,107,126] [23,29,44,77,80,94,108,115] [0,63,64,65,84,103,106,122] [18,24,49,75,80,90,123,126] [47,49,74,75,87,100,104,121] [6,20,23,72,80,81,98,110] [5,22,26,45,47,83,87,114] [1,5,10,52,75,80,96,98] [15,21,31,44,74,82,121,127]
Token  91: [31,63,70,81,83,92,107,120] [8,26,33,34,41,62,122,126] [10,53,62,67,72,88,120,123] [6,20,62,67,78,87,89,119] [11,29,40,47,76,79,95,106] [16,31,42,84,97,110,117,125] [41,56,63,66,100,105,110,119] [33,43,48,49,51,82,106,110] [14,44,66,67,80,84,95,111] [32,80,96,98,103,110,113,127] [30,50,61,73,83,86,107,108] [26,29,49,61,72,115,116,122] [6,30,34,42,61,63,79,107] [6,28,40,65,68,80,91,106] [3,10,16,39,48,55,82,123] [1,16,23,37,55,69,85,98] [8,14,80,83,84,98,102,124] [1,19,20,58,103,106,117,122] [41,56,63,64,85,100,110,116] [33,43,44,49,51,94,100,110] [35,44,66,72,84,90,95,122] [1,9,80,96,98,102,113,127] [30,39,50,61,73,90,108,119] [1,26,29,49,61,107,115,122] [6,15,30,34,63,79,107,123] [6,28,40,80,83,91,106,118] [3,10,16,34,48,53,55,58] [1,3,16,17,23,40,69,85] [8,14,30,43,80,83,84,124] [19,20,66,83,90,103,106,117] [20,46,63,66,104,110,116,119] [43,44,51,73,82,94,106,110] [43,44,66,67,88,90,95,106] [49,68,80,96,98,102,113,127] [18,30,50,69,73,83,90,119] [20,26,29,47,54,69,115,116] [2,23,34,42,43,68,79,107] [6,10,42,65,80,83,91,118] [3,10,39,48,53,55,58,66] [1,3,6,23,40,69,85,120] [8,43,80,84,101,115,124,126] [19,20,69,83,90,103,106,117] [5,18,21,22,27,80,93,123] [6,29,36,46,87,88,100,104] [0,6,14,20,27,81,98,104] [12,22,37,45,70,80,114,123] [22,52,55,75,80,98,115,117] [34,47,66,71,73,88,117,123]
Token  92: [22,38,51,57,103,106,118,127] [8,9,24,33,34,48,122,126] [10,41,53,59,67,90,100,122] [20,26,29,30,64,71,87,94] [11,20,29,40,63,77,79,95] [18,42,47,51,96,105,110,117] [13,63,66,75,100,110,119,120] [43,45,48,51,73,82,95,106] [21,28,44,66,67,95,111,113] [32,48,79,80,98,102,113,127] [23,30,73,83,86,107,119,123] [22,26,29,47,69,92,109,115] [2,23,34,42,68,79,107,125] [6,42,55,65,66,80,83,91] [3,10,16,39,55,86,105,113] [3,17,23,40,44,50,69,75] [1,8,12,43,80,83,84,119] [2,20,35,66,90,103,107,117] [46,52,63,64,85,104,110,116] [33,44,51,73,82,94,106,110] [44,66,67,86,90,95,106,122] [22,32,79,80,98,102,113,127] [30,50,69,73,83,90,108,119] [26,29,47,69,92,107,109,115] [2,34,42,43,68,79,107,115] [6,40,65,66,80,83,106,113] [3,10,16,34,39,53,55,105] [1,3,6,7,23,40,56,69] [8,12,14,43,80,84,102,119] [2,20,35,66,90,103,106,117] [20,46,63,85,104,110,116,119] [32,44,73,82,94,100,106,110] [43,44,66,67,88,95,106,122] [32,68,79,80,98,102,113,127] [18,25,30,69,73,83,108,119] [26,29,59,69,92,107,109,115] [2,34,42,68,73,74,79,107] [6,10,65,66,80,83,99,113] [3,10,16,39,53,55,66,105] [1,3,6,23,40,56,69,120] [8,12,43,80,84,114,115,119] [2,20,35,66,103,106,112,117] [5,18,22,27,80,93,102,123] [6,29,36,46,81,87,100,104] [6,14,20,27,48,81,98,104] [12,22,37,45,70,80,114,123] [22,44,52,55,75,80,98,115] [36,47,66,71,88,120,123,124]
Token  93: [28,29,33,34,51,68,116,126] [3,8,16,48,67,114,116,122] [8,9,24,59,73,76,92,120] [29,30,37,40,51,62,112,114] [7,11,22,23,29,77,79,86] [16,18,45,47,58,78,96,117] [13,52,63,66,85,100,104,110] [33,43,48,73,82,94,95,106] [39,44,90,95,108,111,122,123] [1,22,32,79,80,102,113,127] [30,52,64,73,83,107,108,119] [22,26,29,47,69,92,102,116] [2,18,34,42,68,87,107,123] [10,40,63,65,79,83,91,106] [3,10,16,34,39,55,82,113] [1,6,31,38,40,50,69,95] [6,33,45,80,82,83,84,102] [20,82,93,99,103,106,117,126] [39,52,63,64,85,104,110,116] [33,43,51,73,82,94,95,106] [39,44,86,90,95,106,111,122] [0,1,33,79,80,102,113,127] [30,39,50,52,64,107,108,119] [20,26,29,48,69,92,107,115] [6,34,42,43,63,67,107,123] [10,24,40,45,65,83,91,102] [3,6,16,34,39,53,55,82] [1,6,40,55,56,69,95,120] [6,33,45,57,80,83,84,102] [20,22,83,102,103,106,117,126] [46,52,63,64,85,100,110,116] [33,43,44,51,82,94,106,110] [43,44,67,86,90,95,106,122] [0,32,68,79,80,102,113,127] [30,43,52,69,83,107,108,119] [29,48,50,59,69,92,115,116] [42,43,61,67,73,87,102,123] [10,24,41,45,66,83,91,102] [3,16,34,47,55,62,82,92] [1,6,33,51,56,77,86,120] [6,33,35,80,83,84,110,115] [49,54,80,84,85,103,106,115] [4,8,28,53,66,70,80,123] [2,61,74,75,80,100,111,125] [5,6,23,42,62,108,113,114] [4,26,37,45,48,76,86,114] [5,33,51,74,96,97,104,120] [23,51,54,71,74,94,110,114]
Token  94: [31,38,68,69,92,93,107,118] [7,8,26,46,48,75,83,116] [8,9,24,59,90,117,120,123] [10,23,29,30,62,67,78,97] [7,11,22,23,87,91,111,116] [16,18,45,58,78,96,111,117] [52,63,66,85,100,104,110,116] [33,43,44,73,82,94,95,106] [28,39,44,51,67,95,122,123] [22,32,48,68,80,102,113,127] [30,39,50,52,83,107,108,119] [13,29,47,50,69,92,102,107] [18,34,42,43,63,68,87,123] [10,40,55,65,76,83,113,121] [10,19,28,39,53,55,83,84] [1,3,6,17,35,40,50,91] [14,33,40,43,51,80,84,121] [14,20,85,97,103,106,117,126] [46,52,63,85,104,110,116,119] [33,44,73,82,94,100,106,110] [39,44,67,86,90,95,106,122] [22,45,48,57,68,80,102,127] [18,30,39,50,64,107,108,119] [47,48,69,78,98,102,107,115] [34,42,43,63,68,102,118,123] [10,40,65,75,76,83,91,121] [3,6,34,39,53,55,75,84] [3,6,35,40,56,76,82,120] [14,33,43,45,50,51,80,84] [17,20,83,103,106,112,113,117] [20,46,63,66,104,110,116,119] [33,44,63,73,82,94,106,110] [14,33,43,44,67,86,88,106] [22,24,57,68,80,97,102,113] [18,30,62,69,83,107,108,119] [47,48,50,69,78,86,102,115] [34,42,43,68,73,100,102,123] [10,65,66,83,91,99,102,121] [36,39,53,55,58,75,82,84] [1,3,6,23,35,40,56,120] [33,43,51,80,84,115,121,126] [14,20,97,103,106,113,117,126] [5,22,41,65,80,93,101,123] [4,6,36,81,87,100,104,112] [6,14,20,54,71,81,98,104] [22,35,45,70,80,103,114,123] [19,52,55,61,75,80,98,115] [32,34,47,66,88,99,117,123]
Token  95: [27,48,49,50,72,101,106,110] [7,30,46,47,57,75,91,99] [2,7,36,45,120,122,123,125] [3,10,41,59,79,94,100,108] [7,11,22,23,40,77,111,118] [18,51,58,78,96,102,105,111] [39,46,63,64,86,100,104,110] [33,43,44,73,82,94,106,110] [2,39,67,86,95,111,122,123] [22,48,57,68,80,96,102,127] [7,18,30,39,62,107,108,119] [13,29,47,69,78,92,102,107] [34,42,43,63,68,87,102,123] [10,12,65,66,83,91,106,113] [3,23,34,39,53,55,96,105] [1,3,17,35,40,56,82,120] [14,33,43,51,80,84,121,126] [2,20,35,66,103,106,107,117] [46,52,63,64,85,104,110,116] [33,34,44,73,82,94,106,110] [2,39,64,67,86,90,106,122] [22,45,57,68,80,97,102,127] [30,39,50,62,107,108,110,119] [29,47,69,78,92,98,107,115] [34,42,43,68,100,102,118,123] [10,12,65,66,75,83,91,107] [3,34,36,39,44,53,75,105] [1,3,40,56,76,82,98,120] [14,33,43,50,51,80,84,126] [2,9,20,66,103,106,112,113] [20,46,63,66,104,110,116,119] [33,44,58,73,82,94,106,110] [2,37,40,43,47,67,86,88] [49,57,59,68,76,80,97,102] [25,30,43,50,62,69,83,119] [47,48,59,67,69,78,115,122] [30,42,43,68,73,100,102,123] [10,12,65,66,91,99,107,113] [36,39,53,55,58,66,96,105] [1,3,9,35,40,56,82,120] [33,43,51,80,84,115,121,126] [2,20,35,66,106,113,117,126] [5,18,22,80,93,98,102,123] [6,36,46,81,87,100,104,112] [6,14,20,27,48,81,98,104] [12,22,35,45,70,80,114,123] [44,52,55,63,98,115,117,119] [36,47,66,71,86,88,120,123]
Token  96: [22,23,28,41,47,87,124,125] [7,29,45,48,67,68,90,122] [4,36,59,73,76,125,126,127] [12,14,24,40,41,62,70,92] [5,7,11,27,47,73,77,93] [11,18,48,58,78,87,96,117] [23,63,64,86,104,110,116,118] [33,43,44,69,73,82,106,110] [3,18,20,46,67,86,103,111] [25,35,68,80,102,109,113,127] [30,41,50,62,95,107,109,119] [16,29,33,64,78,85,92,122] [14,34,38,42,43,95,103,123] [10,12,29,65,91,109,120,123] [6,34,39,47,53,55,60,99] [1,17,31,40,56,77,91,120] [1,13,14,33,78,80,83,110] [36,64,65,66,92,103,106,107] [46,63,66,86,104,110,116,119] [26,32,33,44,73,82,106,110] [3,18,20,33,67,86,95,122] [22,35,40,57,62,68,80,127] [7,30,36,41,95,110,119,124] [18,29,42,59,69,78,97,122] [14,22,25,32,42,43,103,123] [12,18,57,76,77,91,120,127] [6,34,47,53,55,60,75,102] [1,40,56,77,82,89,120,126] [13,33,50,78,80,83,94,114] [6,36,58,66,92,103,106,117] [3,46,63,66,104,110,116,118] [32,43,69,73,82,94,106,110] [3,20,22,67,86,111,117,120] [35,40,57,62,68,80,82,127] [30,36,41,62,69,107,119,124] [9,18,25,59,69,73,78,126] [17,25,29,43,73,103,112,123] [10,12,18,45,62,115,120,127] [22,36,39,47,55,60,73,102] [40,51,54,56,77,89,120,126] [6,13,33,80,84,94,110,126] [6,36,58,64,66,81,92,113] [8,18,23,80,86,90,123,126] [18,74,80,87,100,104,121,125] [6,14,20,23,72,98,104,121] [12,22,26,35,45,76,114,123] [14,51,52,63,75,96,98,104] [15,21,26,71,74,114,121,127]
Token  97: [23,28,30,41,83,112,122,124] [29,30,45,62,67,88,104,122] [5,36,49,59,76,125,126,127] [2,5,12,28,70,71,77,92] [1,5,11,27,28,34,60,68] [0,24,48,58,74,87,93,119] [20,46,63,64,74,104,110,111] [32,33,43,44,69,73,82,106] [0,20,35,67,86,94,108,123] [35,40,57,68,80,102,106,109] [30,33,41,50,62,95,109,119] [16,42,55,73,78,85,97,122] [14,32,38,43,95,102,103,123] [10,12,41,62,91,106,109,123] [3,6,18,36,39,44,47,53] [17,20,40,77,82,89,91,120] [6,14,30,33,80,84,101,110] [0,36,54,64,65,66,103,113] [46,63,64,66,103,104,116,119] [27,33,44,58,73,82,106,110] [3,20,21,35,46,67,86,94] [35,40,57,62,68,80,97,106] [30,33,62,95,109,110,119,124] [16,20,42,55,73,78,97,122] [0,17,38,43,102,103,112,123] [10,45,57,62,77,91,109,123] [18,36,47,53,55,64,71,75] [40,46,76,77,82,89,120,126] [33,44,50,77,80,84,101,110] [0,36,64,65,81,92,103,113] [20,42,46,63,66,104,116,118] [33,34,43,44,82,94,106,110] [2,3,20,35,43,67,86,117] [35,40,57,68,80,102,106,127] [30,62,69,95,107,109,119,124] [18,29,42,55,73,78,92,97] [0,38,43,67,102,103,112,123] [12,41,57,62,91,109,123,127] [3,18,36,47,55,60,71,111] [20,31,40,46,82,107,120,126] [6,29,33,44,77,80,84,110] [0,54,63,64,65,103,113,115] [18,23,24,49,80,86,90,126] [47,74,87,99,100,104,121,125] [6,14,23,39,80,98,110,121] [5,22,35,45,76,83,87,114] [1,5,10,52,75,96,98,117] [15,21,31,44,74,121,124,127]
Token  98: [40,43,47,65,72,73,98,100] [18,38,70,94,100,106,122,127] [38,40,78,82,84,88,99,113] [6,28,31,73,84,89,116,124] [7,11,52,76,81,85,106,115] [37,58,59,61,64,66,97,125] [8,34,56,63,83,88,105,107] [33,43,48,49,75,100,109,112] [9,44,65,72,84,116,121,127] [0,2,9,19,80,96,110,125] [18,30,50,53,56,61,78,105] [7,24,28,29,49,61,115,125] [15,56,63,65,79,96,99,115] [6,15,23,26,28,58,78,91] [3,4,17,20,48,55,75,90] [10,16,31,40,69,70,85,101] [8,39,48,73,81,84,115,124] [1,19,21,42,69,99,103,105] [8,56,83,88,105,107,110,116] [24,33,43,49,51,59,100,112] [35,44,65,72,84,90,116,121] [0,9,51,79,80,110,125,127] [39,50,56,61,78,98,105,119] [7,23,24,28,49,61,92,125] [15,21,34,56,63,65,96,99] [6,15,23,28,58,78,91,110] [17,20,48,55,86,90,100,104] [10,16,31,40,70,85,101,127] [8,39,48,73,81,103,115,124] [1,19,21,42,55,78,80,103] [8,24,34,56,63,83,105,107] [18,43,49,59,75,82,109,112] [53,65,72,84,114,116,121,127] [0,9,51,80,84,96,110,125] [26,50,56,61,68,78,98,105] [3,15,23,24,28,49,61,125] [2,15,21,56,65,73,96,99] [15,23,26,28,58,68,78,118] [3,4,17,55,81,86,100,104] [10,40,49,52,70,85,101,127] [39,73,80,81,89,105,115,124] [1,19,21,42,48,69,78,103] [24,31,32,64,80,113,114,115] [31,37,46,71,77,88,100,104] [6,16,53,73,90,98,102,104] [2,22,27,32,54,87,101,114] [5,11,34,38,52,60,98,118] [20,57,73,74,77,86,105,109]
Token  99: [14,21,50,51,57,103,106,110] [3,6,9,37,62,95,109,122] [12,41,84,90,115,120,122,125] [4,39,67,71,78,87,117,118] [7,11,23,37,50,56,58,64] [8,18,47,51,68,103,105,110] [8,34,39,41,56,58,63,116] [32,33,44,48,82,94,100,106] [36,44,67,72,86,109,111,127] [0,32,51,65,80,96,102,122] [18,29,30,50,53,78,113,123] [3,54,67,69,85,109,115,125] [2,24,42,61,65,79,114,115] [23,66,68,78,82,91,98,118] [3,4,16,17,48,55,90,105] [16,17,40,50,70,72,85,103] [14,30,39,80,81,84,119,124] [1,2,19,69,77,78,99,103] [8,34,41,56,63,83,105,116] [3,33,49,59,75,82,100,112] [44,65,66,72,84,116,121,127] [0,9,80,92,98,110,122,125] [18,50,56,61,78,90,98,105] [3,23,24,49,54,61,109,125] [15,23,56,65,79,96,99,115] [6,15,23,26,28,58,80,118] [3,16,17,20,48,55,90,105] [10,16,23,40,70,72,85,120] [14,30,73,80,81,84,119,124] [1,21,66,78,82,83,103,120] [34,56,63,83,104,105,107,116] [33,44,49,75,82,94,106,112] [45,65,67,72,86,116,121,127] [9,32,80,84,96,102,110,125] [18,50,56,69,78,90,98,105] [3,23,24,49,61,85,109,125] [2,24,34,61,73,79,114,115] [23,66,68,82,98,106,113,118] [3,8,16,53,55,90,105,115] [6,9,16,17,40,72,103,120] [12,14,30,43,80,84,115,119] [2,9,35,66,78,82,103,112] [14,18,23,27,80,93,102,115] [6,29,36,46,65,87,100,104] [6,20,27,48,69,81,98,104] [22,27,37,45,58,70,80,114] [22,52,55,60,75,104,115,127] [36,47,66,71,86,88,120,123]
Token 100: [28,51,83,87,91,112,124,125] [9,16,29,45,48,67,68,122] [5,23,36,64,67,76,100,125] [3,12,20,70,73,92,112,114] [7,11,27,28,37,38,50,57] [10,63,74,87,93,103,110,115] [23,46,63,87,104,111,116,118] [2,19,32,33,44,82,100,106] [15,18,20,35,44,67,86,123] [32,35,65,68,80,96,99,102] [18,30,50,69,88,103,109,111] [8,22,36,42,53,60,69,115] [2,14,26,34,41,73,85,115] [23,68,76,82,83,91,98,106] [3,16,53,55,60,69,102,109] [6,16,17,31,40,50,60,72] [14,30,60,80,84,108,110,115] [1,15,46,52,77,82,94,103] [22,46,52,56,63,104,116,119] [2,33,44,82,88,94,100,106] [15,18,20,35,44,67,86,90] [0,32,65,68,80,84,102,111] [18,23,30,36,50,94,98,103] [8,20,22,48,53,85,96,99] [2,14,26,34,42,79,85,115] [2,23,76,82,83,91,98,106] [3,38,53,55,69,90,102,109] [6,16,17,40,60,79,99,120] [14,30,60,80,84,108,110,122] [15,46,52,78,82,94,103,117] [22,34,46,63,66,104,110,116] [2,27,33,44,82,94,100,106] [18,35,44,55,67,72,86,127] [32,35,65,68,80,84,102,111] [18,30,36,50,69,98,103,108] [8,22,53,69,85,89,99,115] [2,26,34,42,61,63,73,115] [10,18,41,68,76,82,91,106] [3,8,16,53,55,60,80,102] [9,16,17,31,40,60,71,120] [14,30,60,80,84,108,110,115] [15,36,46,52,64,78,103,122] [12,23,24,49,73,80,90,125] [12,19,49,80,100,104,121,125] [6,11,23,39,45,88,98,99] [17,22,26,45,46,76,112,114] [5,29,30,39,52,81,104,105] [15,35,74,82,95,111,121,127]
Token 101: [0,16,51,53,70,97,104,120] [20,24,34,62,76,86,107,122] [14,72,81,87,107,116,120,125] [3,13,23,25,67,76,105,117] [0,11,23,25,38,74,89,124] [31,47,68,80,97,107,110,119] [13,39,41,56,63,64,111,116] [33,44,60,82,87,94,100,106] [36,44,45,64,67,72,86,127] [0,8,32,65,68,80,94,102] [14,18,30,50,69,103,108,113] [8,22,48,63,67,69,86,115] [2,26,34,42,53,78,85,115] [21,44,68,75,76,82,98,106] [3,11,29,55,69,79,80,102] [6,16,17,31,40,50,51,60] [7,14,15,40,60,80,84,122] [1,15,52,53,77,78,94,103] [22,39,41,46,63,89,104,116] [33,44,82,87,88,94,100,106] [5,36,44,45,55,64,72,86] [0,51,65,68,76,80,94,102] [6,14,18,30,50,69,108,113] [20,48,60,65,69,85,89,115] [2,27,42,53,61,71,73,79] [44,68,75,82,83,91,98,106] [3,23,38,53,55,57,69,80] [6,16,17,23,40,60,95,120] [7,14,30,40,60,80,84,122] [9,15,52,53,77,78,82,103] [22,39,46,63,64,89,104,116] [33,44,82,87,88,94,100,106] [35,44,45,55,64,67,72,86] [17,51,68,80,94,96,102,111] [2,18,30,50,69,91,108,113] [8,20,60,69,85,86,89,115] [2,32,34,42,53,61,73,102] [10,21,44,75,76,82,98,106] [3,23,53,55,69,79,80,95] [9,16,17,40,60,61,71,120] [7,14,15,30,40,80,84,115] [9,15,52,53,78,103,106,117] [23,24,37,59,73,74,80,125] [43,44,46,49,81,100,104,120] [6,37,39,45,54,80,98,104] [20,22,27,45,46,80,112,114] [39,44,52,55,80,82,105,124] [10,27,32,34,35,52,90,95]
Token 102: [0,27,48,49,50,106,110,111] [24,62,76,86,99,116,122,126] [2,14,45,70,74,87,122,125] [3,25,26,67,76,80,94,114] [0,7,11,22,38,74,114,118] [18,51,74,80,97,105,110,119] [13,39,63,64,86,96,110,111] [33,44,48,60,82,94,100,106] [2,35,44,64,67,86,99,127] [22,23,45,68,80,94,102,127] [2,14,18,30,50,69,108,113] [8,67,69,85,86,99,102,115] [2,26,32,34,42,53,73,115] [12,44,61,66,75,76,106,119] [3,8,23,34,53,55,69,105] [3,6,17,31,40,50,60,95] [4,14,40,51,60,80,84,91] [2,39,53,66,82,103,107,117] [39,41,46,63,64,104,110,116] [21,33,44,48,82,94,100,106] [2,5,44,64,67,86,90,104] [0,33,68,76,80,94,102,111] [7,18,30,50,69,91,94,108] [20,48,59,60,69,85,86,115] [2,27,32,34,42,53,61,73] [12,44,75,76,82,83,91,106] [3,8,34,38,53,55,95,105] [1,6,9,16,17,40,95,120] [1,4,14,30,40,51,80,84] [9,35,53,66,82,103,107,117] [22,39,46,63,99,104,110,116] [21,27,33,44,82,86,94,100] [2,44,45,64,67,86,104,122] [22,24,68,76,80,94,102,111] [2,18,30,50,69,83,91,108] [20,60,69,85,86,107,115,124] [2,27,32,42,53,61,63,73] [10,12,44,65,66,75,76,106] [3,8,21,39,53,55,95,105] [1,3,6,9,31,40,71,86] [4,14,30,40,51,80,84,115] [2,9,35,66,102,103,106,117] [18,22,23,73,80,98,102,123] [6,36,46,81,87,100,104,120] [6,20,38,39,48,81,98,104] [20,22,45,63,70,80,114,123] [22,36,44,52,55,60,80,115] [36,47,66,71,88,104,120,123]
Token 103: [22,28,51,67,77,86,91,105] [13,45,48,67,99,114,116,122] [4,6,23,64,70,74,90,125] [20,24,55,61,70,73,76,77] [5,7,11,20,37,87,97,116] [18,31,78,97,103,115,119,122] [46,55,63,64,66,104,110,116] [21,33,36,44,82,94,100,106] [2,4,35,44,86,104,122,127] [24,33,35,68,80,96,97,102] [2,18,33,41,50,86,91,95] [3,16,20,50,69,85,114,115] [22,32,34,42,61,67,103,115] [12,40,68,76,102,106,123,127] [3,23,55,64,69,82,95,102] [1,9,17,31,40,50,77,87] [13,14,30,51,80,84,94,109] [5,62,66,77,92,103,107,117] [39,41,46,63,89,99,104,110] [21,27,33,44,82,94,100,106] [4,44,55,64,67,72,86,104] [24,33,35,68,69,76,80,102] [7,18,41,50,52,95,108,124] [16,20,69,85,97,111,114,115] [2,14,32,34,42,61,67,103] [12,40,68,76,89,102,106,127] [3,8,21,55,60,64,95,102] [1,9,16,17,31,40,71,77] [4,13,14,30,80,94,109,115] [9,35,66,92,100,103,107,117] [22,39,41,55,63,99,104,110] [21,27,33,44,82,86,94,100] [4,44,64,72,86,90,122,127] [22,33,35,51,76,80,102,127] [2,18,33,41,50,95,108,124] [16,18,20,85,86,97,114,115] [14,32,42,61,63,67,73,103] [12,44,68,91,102,106,120,127] [3,8,21,34,55,64,95,102] [1,6,31,40,46,50,71,77] [4,13,14,51,80,94,109,115] [2,6,35,66,92,102,103,106] [3,5,18,73,80,86,98,123] [6,16,44,87,100,104,120,127] [6,20,38,39,72,81,83,98] [10,20,22,26,63,70,80,123] [22,36,51,52,55,60,80,115] [15,21,26,30,38,71,120,121]
Token 104: [12,28,41,77,92,101,112,122] [13,14,29,67,93,115,116,122] [4,9,24,49,73,76,121,125] [1,20,55,62,76,77,97,121] [0,11,22,27,74,97,105,116] [18,30,48,78,80,95,97,119] [46,63,64,66,85,104,110,116] [21,33,44,82,94,100,106,113] [2,27,35,44,72,86,95,122] [23,24,68,80,102,103,106,127] [18,29,33,50,51,52,84,108] [16,53,55,85,86,113,114,115] [32,38,42,53,61,78,80,115] [12,41,44,68,102,106,109,123] [3,18,29,47,55,69,82,95] [1,9,17,20,31,33,40,50] [1,14,29,30,77,80,84,102] [0,65,77,78,93,103,107,117] [39,41,63,64,85,99,104,110] [21,27,33,44,48,82,94,100] [6,40,44,64,67,72,86,104] [0,22,33,35,80,94,102,127] [2,18,29,50,52,84,95,108] [16,20,55,69,85,86,97,115] [2,32,34,38,42,53,61,67] [40,68,95,102,106,108,109,123] [3,18,23,55,69,82,95,116] [9,16,17,20,33,40,50,77] [14,29,30,44,77,80,84,127] [0,9,63,65,77,102,103,120] [22,39,41,63,99,104,110,118] [21,27,33,44,82,86,94,100] [27,44,55,64,72,86,104,122] [33,35,51,76,80,102,106,127] [2,18,33,50,84,95,108,124] [16,20,55,85,86,97,114,115] [2,32,38,42,61,73,103,115] [12,41,68,91,95,106,109,123] [3,18,47,55,57,82,95,111] [9,17,20,31,33,40,50,77] [14,29,44,77,80,110,115,127] [0,9,63,64,65,80,85,103] [8,20,23,24,49,75,80,126] [16,47,49,74,100,104,120,121] [6,13,23,38,80,98,104,110] [5,22,26,47,76,83,87,114] [1,5,10,52,82,96,122,123] [15,31,44,74,82,90,92,127]
Token 105: [13,26,40,65,72,98,100,118] [18,50,70,94,100,122,124,127] [40,49,53,78,84,88,99,113] [6,37,67,71,76,97,100,116] [7,11,25,76,79,85,106,115] [37,42,59,61,64,66,97,125] [22,35,41,56,63,83,105,116] [21,33,48,49,82,94,100,112] [2,35,44,84,86,121,123,127] [0,9,76,80,102,103,110,127] [16,18,50,61,73,105,108,113] [24,26,49,52,61,69,85,115] [2,15,34,42,61,63,99,115] [6,15,28,68,78,91,95,106] [3,20,29,48,55,69,82,116] [1,9,16,17,31,40,50,85] [8,14,30,91,108,115,122,124] [1,19,69,72,77,99,103,117] [39,41,52,56,63,85,105,110] [3,33,48,49,82,94,100,112] [35,44,65,72,84,116,121,127] [0,9,80,102,103,110,125,127] [18,19,50,52,61,105,108,113] [1,23,24,49,54,61,69,115] [2,15,30,42,61,67,73,99] [6,15,28,58,68,78,91,106] [3,17,20,48,55,95,109,116] [9,10,16,17,23,40,85,101] [8,14,30,80,84,108,124,127] [9,19,42,69,72,80,103,117] [22,39,41,56,63,99,104,105] [21,27,33,44,49,82,86,94] [35,44,45,55,79,84,86,121] [9,51,76,80,102,110,111,116] [18,50,61,69,73,84,105,108] [23,24,26,49,61,85,104,115] [2,15,34,61,63,73,99,115] [6,15,21,28,68,78,79,106] [3,20,21,48,55,80,86,95] [9,17,31,40,50,71,85,101] [8,14,15,30,108,115,124,127] [15,19,42,52,53,69,72,103] [12,23,24,39,73,74,80,126] [19,43,49,77,88,100,104,120] [0,6,38,45,53,73,88,98] [10,17,22,45,46,63,112,114] [30,36,39,52,82,105,123,124] [32,35,52,71,73,90,95,109]
Token 106: [3,21,28,51,62,80,124,126] [6,8,78,83,86,107,114,122] [4,6,27,36,50,116,119,125] [7,20,25,26,37,55,64,120] [0,9,11,39,40,79,91,97] [18,31,47,78,90,97,111,119] [23,46,63,64,99,104,110,116] [21,33,44,48,82,87,94,106] [24,35,44,51,55,67,86,104] [24,26,43,68,80,94,102,116] [14,18,40,50,83,91,108,120] [47,62,71,85,87,97,115,120] [34,42,52,53,61,66,71,115] [24,44,68,75,79,91,98,106] [3,23,28,55,62,95,102,109] [9,17,30,31,40,50,71,87] [14,20,23,30,84,90,121,123] [5,14,20,77,82,84,97,103] [22,39,46,63,99,104,116,124] [21,27,33,44,82,87,94,100] [24,44,45,55,67,72,86,90] [24,26,68,76,80,83,94,102] [7,18,50,87,91,99,107,120] [20,68,71,85,86,87,97,115] [2,34,52,53,61,66,115,126] [24,44,49,68,75,91,98,106] [3,21,38,55,62,69,95,102] [9,16,17,30,40,51,71,98] [14,30,80,84,90,114,123,127] [5,9,14,62,77,82,84,103] [22,39,46,63,66,99,104,116] [27,33,44,82,86,88,94,100] [24,44,45,55,67,79,86,90] [24,51,62,68,80,83,102,116] [18,37,50,69,87,91,99,120] [20,68,71,85,86,87,114,115] [2,34,52,53,61,66,73,115] [4,24,44,49,68,75,106,121] [3,21,22,28,29,55,62,95] [9,17,30,31,40,51,71,98] [14,23,30,80,84,115,123,127] [5,9,14,20,53,84,97,103] [8,12,23,28,65,80,101,112] [2,4,26,66,81,100,104,121] [6,13,33,54,71,80,104,105] [5,20,22,45,47,71,83,87] [10,36,45,52,67,74,77,104] [27,32,34,54,71,90,92,117]
Token 107: [21,61,69,80,81,93,97,120] [31,57,68,73,75,83,90,122] [8,45,54,62,68,69,116,117] [1,16,55,81,87,97,101,119] [0,11,22,39,40,87,102,103] [2,31,54,58,77,90,97,111] [39,46,63,66,99,104,111,116] [21,27,33,72,82,94,100,106] [35,44,55,67,79,86,99,123] [24,48,68,80,83,102,105,116] [18,50,83,87,99,107,108,110] [15,50,58,71,72,85,87,115] [4,34,61,66,68,69,118,123] [44,68,75,79,91,102,106,121] [3,29,49,55,68,82,101,119] [3,30,31,40,45,50,71,87] [4,7,14,30,84,90,121,123] [1,5,7,20,61,75,77,126] [39,41,46,56,63,99,104,116] [21,27,33,44,82,88,94,100] [35,44,45,67,72,79,86,90] [33,51,76,80,83,94,102,116] [18,50,83,87,91,99,107,108] [20,50,58,85,86,90,115,120] [2,27,34,53,61,66,115,118] [4,44,68,75,91,102,106,117] [3,23,29,55,68,82,95,119] [16,17,29,30,40,45,71,87] [1,14,30,80,84,90,115,127] [5,7,9,13,44,61,77,82] [22,39,46,63,99,104,116,124] [21,27,33,44,82,86,94,100] [19,44,45,55,67,79,86,90] [17,24,68,76,80,83,102,116] [18,33,50,63,69,87,91,99] [45,58,72,85,86,90,115,120] [2,4,27,61,66,115,118,123] [4,32,38,44,91,102,106,117] [3,21,49,55,68,95,101,119] [9,29,30,31,40,45,71,87] [4,14,30,80,84,90,115,127] [5,7,44,45,57,61,77,80] [12,37,58,65,66,80,108,117] [0,4,26,58,66,100,104,120] [6,16,33,46,58,71,104,105] [20,34,45,50,71,87,91,95] [27,36,52,63,67,77,104,125] [27,32,34,44,71,87,92,117]
Token 108: [11,16,66,72,85,100,114,119] [46,63,75,85,89,98,106,122] [6,8,16,45,52,54,65,87] [1,7,20,25,55,81,97,104] [0,11,39,40,57,63,87,97] [30,51,54,77,90,97,112,119] [39,46,63,64,99,104,111,116] [1,27,33,44,82,94,106,124] [35,44,55,67,86,87,90,123] [24,39,48,68,80,83,105,124] [7,18,50,83,91,94,99,110] [15,50,71,72,85,87,99,115] [2,4,27,34,61,66,68,115] [55,66,68,106,112,113,117,126] [3,29,55,68,69,95,109,119] [3,17,29,30,40,45,71,120] [1,14,30,51,80,84,90,127] [5,7,20,75,77,82,103,126] [39,46,63,64,99,104,116,124] [21,27,33,44,82,94,100,106] [35,40,44,45,55,67,86,90] [17,24,68,76,80,83,102,111] [7,18,50,63,83,87,91,99] [50,60,72,78,85,86,90,115] [2,4,27,34,46,61,66,126] [4,32,44,68,91,103,106,117] [3,38,55,68,69,95,109,119] [3,17,29,30,40,45,71,75] [1,14,30,80,84,90,112,127] [5,7,9,44,57,62,77,82] [22,39,46,63,89,99,104,116] [21,27,33,44,82,94,100,106] [21,35,44,45,55,67,86,87] [17,24,68,76,80,83,102,111] [16,18,50,63,87,91,94,99] [45,50,72,78,85,90,96,115] [2,4,8,27,34,61,64,66] [4,32,38,47,93,103,106,117] [3,21,53,55,68,95,109,119] [9,29,30,31,40,45,52,71] [1,14,30,80,84,90,101,112] [5,7,44,50,57,77,78,80] [3,12,23,58,80,99,108,117] [0,5,26,58,66,100,104,115] [3,6,16,46,58,104,105,111] [20,45,50,71,82,91,95,101] [16,27,57,76,77,93,104,125] [3,20,53,76,87,92,102,107]
Token 109: [7,58,66,72,85,88,109,123] [1,46,60,65,85,89,98,122] [2,16,27,40,45,81,107,127] [18,20,28,37,81,94,103,108] [11,30,37,51,52,53,57,63] [18,35,74,93,103,110,112,119] [20,41,46,63,87,104,111,116] [1,19,32,33,44,82,100,106] [35,44,47,67,77,86,90,123] [0,7,17,68,76,80,102,111] [18,25,30,50,63,69,91,94] [21,28,53,60,72,90,99,100] [2,4,14,34,46,65,115,127] [10,40,66,67,91,101,106,112] [3,15,23,53,55,57,69,115] [6,17,32,40,82,89,91,121] [0,1,14,75,78,80,84,101] [1,77,82,100,102,103,112,121] [46,52,56,63,64,87,104,116] [32,33,44,48,82,94,100,106] [35,43,44,45,67,86,90,123] [7,17,68,76,80,97,102,111] [18,30,50,69,91,94,98,103] [21,53,60,67,96,99,100,122] [2,4,14,32,34,43,46,102] [40,82,91,92,99,104,106,112] [3,14,38,44,53,57,69,111] [3,6,17,32,40,76,89,125] [1,11,14,50,80,84,93,113] [34,66,72,77,82,93,100,103] [14,22,46,63,85,102,104,116] [19,33,44,63,82,94,100,106] [9,35,43,44,45,67,86,90] [7,66,68,80,102,105,111,127] [2,7,13,18,30,33,82,103] [4,60,78,85,94,99,100,122] [2,14,32,34,42,74,92,108] [20,27,52,61,67,104,106,112] [3,15,53,55,92,102,109,125] [0,11,32,37,40,58,75,125] [0,1,42,48,93,101,107,115] [5,7,34,44,57,59,80,88] [12,17,56,80,98,108,111,117] [0,31,46,58,66,100,115,122] [5,6,16,25,46,58,105,111] [0,20,29,45,50,90,95,99] [1,5,27,32,76,94,122,126] [4,44,53,72,74,87,92,107]
Token 110: [43,45,46,52,60,65,98,100] [18,31,38,63,80,89,94,122] [3,27,38,40,65,78,99,109] [14,19,55,60,81,82,94,104] [11,37,51,52,57,64,73,92] [18,37,54,62,64,77,112,119] [13,46,63,97,99,104,107,116] [27,33,44,82,86,94,106,112] [21,35,67,77,79,86,87,90] [17,24,60,68,80,83,116,125] [4,16,18,27,50,63,94,99] [20,32,45,50,53,72,85,95] [20,27,39,61,64,65,85,115] [0,4,8,47,67,78,91,106] [3,4,55,67,68,95,109,119] [9,17,29,30,31,40,45,71] [1,14,30,74,84,90,101,127] [5,7,44,57,77,80,82,105] [39,46,58,63,99,104,116,124] [27,33,44,82,86,88,94,100] [45,67,72,77,79,86,87,124] [0,17,51,68,76,80,83,100] [4,16,18,27,80,91,94,99] [20,25,45,50,52,72,85,90] [2,20,27,46,61,64,66,117] [8,47,51,67,78,91,106,117] [3,55,59,68,83,97,119,126] [17,29,30,40,45,71,84,99] [0,14,30,74,84,90,112,127] [5,7,44,57,80,82,99,105] [22,39,46,63,99,104,111,116] [27,33,44,56,82,86,88,94] [45,53,67,77,79,86,87,90] [17,51,68,76,80,83,100,116] [4,16,18,27,50,63,91,99] [45,52,56,59,72,85,95,96] [4,27,34,61,64,66,117,127] [4,38,47,67,78,93,106,117] [3,53,55,67,68,109,119,126] [28,29,30,40,45,50,52,120] [0,1,14,30,74,90,101,127] [5,7,44,50,57,77,80,105] [12,14,58,80,99,108,111,117] [0,5,26,58,66,100,104,115] [6,16,46,58,90,104,105,111] [0,20,50,64,87,91,95,99] [16,27,32,38,76,94,104,125] [3,4,20,53,76,87,102,107]
Token 111: [27,58,76,88,109,117,121,127] [27,31,52,63,65,89,97,122] [3,5,27,29,45,48,60,81] [3,19,55,69,81,87,94,104] [9,11,30,37,51,57,101,103] [18,31,54,62,77,110,112,119] [46,63,65,97,99,104,116,119] [27,32,33,44,58,82,94,106] [21,35,67,77,79,86,87,125] [24,60,68,76,80,83,99,100] [4,9,18,27,63,91,94,99] [21,28,45,50,52,72,85,95] [2,20,25,39,61,71,115,117] [4,8,18,47,67,91,92,106] [3,55,68,94,95,119,123,126] [16,17,29,30,31,40,71,99] [14,30,51,84,90,101,112,115] [1,5,11,34,44,50,57,82] [22,39,41,58,63,99,104,116] [27,33,45,82,86,88,94,100] [30,35,44,72,77,79,87,90] [0,17,51,80,83,100,107,116] [4,5,18,27,50,54,87,99] [28,45,50,52,56,85,95,115] [2,34,46,61,64,95,115,117] [4,8,38,47,67,89,91,106] [3,55,68,97,109,110,119,126] [16,28,29,30,40,63,84,99] [0,14,30,90,98,101,115,127] [5,11,13,44,50,57,80,123] [17,26,39,58,63,99,104,116] [27,33,58,82,86,88,94,100] [19,45,53,72,77,79,87,90] [17,51,76,80,83,100,107,116] [4,18,27,50,69,87,91,99] [45,50,52,56,78,85,95,104] [2,27,34,46,61,64,115,117] [4,8,38,47,67,78,89,106] [3,12,38,53,55,68,119,126] [28,29,30,33,40,54,71,106] [0,14,30,74,80,90,101,115] [5,9,11,44,50,57,80,126] [12,30,52,58,80,86,98,108] [0,5,26,58,66,100,120,122] [1,6,16,58,67,104,105,111] [0,20,45,50,91,95,99,103] [27,32,36,51,94,104,117,125] [4,15,26,44,53,71,92,107]
Token 112: [14,30,34,52,57,87,91,105] [31,63,85,89,98,99,116,122] [6,8,45,49,50,54,60,90] [19,25,45,55,81,86,104,123] [11,37,51,57,73,87,97,103] [54,55,77,90,97,105,112,119] [46,63,64,65,97,99,104,116] [21,27,33,44,82,94,106,124] [21,35,44,55,67,86,87,90] [24,68,76,80,83,99,100,102] [4,18,50,63,91,94,99,110] [45,50,53,85,95,97,110,115] [2,4,20,25,27,34,61,117] [4,8,67,102,106,112,113,126] [3,23,55,68,95,109,119,126] [3,17,29,30,32,40,71,125] [1,14,30,51,74,84,90,127] [5,11,50,57,62,77,82,126] [22,39,46,63,99,104,116,124] [21,27,33,44,82,94,100,106] [35,44,45,55,67,86,87,90] [17,24,68,76,80,83,100,102] [4,7,18,27,50,87,91,99] [45,50,53,56,85,95,97,115] [2,4,27,34,61,64,102,117] [4,8,38,40,67,91,106,113] [3,18,23,55,68,95,119,126] [9,17,29,30,32,37,40,75] [1,14,30,51,80,84,90,127] [5,11,35,50,57,62,82,126] [22,39,46,63,66,99,104,116] [27,33,36,44,82,88,94,106] [21,35,45,55,67,86,87,90] [24,66,68,76,80,83,100,102] [4,18,27,50,87,91,99,110] [20,45,50,53,78,85,95,115] [2,22,34,61,68,102,115,117] [4,59,66,67,102,106,113,126] [3,29,36,53,55,68,87,95] [3,9,19,30,37,40,54,58] [14,51,74,80,84,90,101,127] [0,5,11,35,50,57,62,126] [12,23,80,86,98,102,115,126] [20,36,46,58,87,100,104,121] [1,6,38,58,98,104,110,116] [5,10,20,22,30,45,103,114] [19,36,51,52,55,60,75,117] [4,15,21,26,71,103,107,127]
Token 113: [3,23,28,30,52,112,124,126] [7,29,31,45,63,85,89,122] [36,42,44,69,76,103,115,125] [20,45,70,81,86,95,104,118] [7,11,27,34,37,43,60,97] [48,54,77,87,97,112,119,123] [23,39,46,63,64,99,104,116] [33,36,44,82,94,106,113,124] [35,44,55,67,86,87,90,119] [24,35,41,51,68,80,102,124] [4,18,34,50,91,99,109,110] [14,45,53,60,85,95,97,115] [2,4,27,38,61,102,115,117] [4,40,41,68,106,109,112,123] [3,12,18,23,29,47,53,68] [17,20,30,37,40,50,120,125] [6,14,29,74,77,80,84,101] [0,5,11,62,64,65,77,122] [39,41,46,63,99,102,104,116] [27,33,44,82,88,94,100,106] [21,27,35,44,45,86,87,90] [5,24,35,66,68,80,83,102] [7,18,50,70,87,91,99,109] [20,42,45,53,78,85,95,97] [2,27,34,38,61,102,115,117] [4,36,41,57,91,106,109,123] [3,18,29,47,55,60,68,95] [9,17,19,20,30,37,40,50] [6,14,29,30,44,77,84,127] [0,11,62,63,65,77,82,103] [39,46,63,66,99,104,116,118] [27,33,44,82,86,88,94,100] [20,27,35,44,55,86,87,90] [24,35,51,66,68,80,83,102] [18,50,70,91,95,99,109,110] [42,45,55,85,95,97,114,115] [0,2,34,38,52,61,115,117] [4,36,41,57,95,106,109,123] [3,18,47,55,60,68,69,95] [9,17,20,30,31,37,40,107] [6,14,29,44,77,84,115,127] [0,9,11,63,64,65,77,80] [12,20,24,25,49,75,80,126] [8,26,46,47,100,104,121,125] [1,3,6,13,80,98,104,110] [5,10,22,45,47,83,87,114] [1,5,10,36,45,68,104,123] [11,15,31,44,74,90,107,127]
Token 114: [14,51,61,67,77,82,91,120] [2,4,31,53,63,83,99,122] [8,36,49,54,64,68,70,116] [1,10,71,73,89,97,104,106] [11,34,37,43,51,57,87,102] [24,31,54,55,77,90,119,122] [14,41,46,63,89,99,104,116] [5,33,36,44,82,94,100,113] [27,35,44,45,55,67,86,104] [8,17,24,68,76,80,102,105] [18,33,40,45,50,85,91,99] [13,16,45,58,76,85,100,115] [2,7,14,27,34,36,61,115] [4,79,91,95,102,106,112,123] [2,3,18,55,57,64,95,109] [9,17,30,32,40,50,84,120] [1,14,30,54,74,80,84,127] [1,5,26,61,63,65,82,120] [22,39,41,46,63,89,104,116] [5,27,33,44,82,86,88,94] [4,32,35,44,45,86,90,104] [0,17,24,35,68,76,80,102] [18,40,45,50,85,91,95,99] [16,20,25,45,48,85,94,97] [2,14,25,27,34,36,61,115] [4,91,95,102,106,109,112,123] [2,3,18,55,57,64,95,102] [16,17,30,32,40,75,87,99] [14,30,44,54,77,108,111,127] [0,9,61,63,65,77,82,103] [39,41,58,63,99,104,116,118] [27,33,44,82,86,88,94,100] [4,27,35,44,45,79,86,90] [17,24,41,76,80,83,102,116] [18,33,40,45,50,91,95,99] [16,20,45,76,85,97,114,115] [2,7,14,36,38,61,103,115] [4,68,91,95,102,106,109,123] [3,18,55,57,64,69,95,111] [9,20,30,31,40,50,87,107] [14,29,54,77,84,114,115,127] [0,9,11,61,63,65,77,103] [12,20,23,24,49,75,80,126] [16,26,47,56,75,100,104,121] [1,3,6,11,25,80,98,110] [5,10,22,45,47,82,83,87] [1,5,10,36,45,52,68,123] [11,15,31,44,74,82,92,127]
Token 115: [40,43,47,65,72,73,98,100] [18,38,63,70,94,100,122,127] [38,40,57,82,84,88,99,113] [6,31,71,89,94,116,117,124] [7,11,64,76,85,89,106,115] [37,59,61,64,66,97,103,125] [8,34,56,63,83,105,107,122] [33,48,49,75,94,100,109,112] [9,44,65,72,84,86,121,127] [0,2,9,76,80,102,110,125] [18,50,53,56,61,78,99,105] [24,45,49,54,61,85,115,125] [15,34,56,61,65,96,99,115] [6,15,23,26,28,58,78,106] [3,4,17,20,48,55,81,90] [10,16,17,31,40,70,85,101] [8,14,30,39,73,81,115,124] [19,21,33,42,69,78,99,105] [8,34,56,58,63,83,105,107] [3,33,49,59,75,82,100,112] [44,65,72,84,114,116,121,127] [0,9,51,76,80,84,110,125] [18,50,56,61,68,78,98,105] [23,24,45,49,54,61,92,125] [2,15,21,34,56,79,96,99] [15,23,28,58,78,91,106,110] [3,17,20,48,55,86,100,104] [10,16,40,49,70,85,101,127] [14,39,48,73,81,103,115,124] [1,19,21,42,48,55,103,105] [8,24,34,56,63,83,105,107] [18,33,49,59,75,100,109,112] [44,65,72,84,114,116,121,127] [0,9,51,80,84,110,122,125] [18,50,56,61,68,78,98,105] [3,23,24,49,54,61,85,125] [15,21,23,56,65,79,96,99] [15,23,26,28,58,78,106,118] [3,17,20,55,81,86,100,104] [40,49,52,59,70,85,101,127] [14,39,58,73,80,81,115,124] [1,19,21,42,48,55,69,103] [24,31,32,64,80,113,114,115] [31,37,46,77,78,88,100,104] [6,16,53,73,90,98,102,104] [2,22,27,32,82,87,101,114] [5,11,34,38,52,60,98,118] [20,57,73,74,77,86,105,109]
Token 116: [14,21,50,51,57,103,106,110] [3,6,9,28,37,62,95,122] [12,41,84,90,111,115,122,125] [3,4,32,39,67,71,87,117] [11,23,37,50,56,58,63,83] [18,47,51,68,103,105,110,119] [39,56,58,63,87,112,116,126] [32,33,44,48,82,94,100,106] [35,36,44,67,72,86,109,127] [0,32,65,68,80,96,102,122] [1,18,29,30,36,50,69,123] [3,53,62,67,69,85,109,115] [2,24,34,56,61,79,114,115] [23,26,31,66,68,82,98,118] [3,4,16,55,69,90,105,109] [6,16,17,40,50,70,72,103] [14,55,80,81,115,119,122,124] [1,18,77,78,83,90,99,103] [8,34,56,58,63,83,105,126] [3,24,33,59,75,82,100,112] [9,45,65,66,72,114,116,127] [0,9,51,80,98,110,122,125] [29,56,61,68,78,84,90,105] [3,23,24,26,49,54,61,125] [15,21,23,79,96,99,107,115] [23,31,58,66,80,82,83,118] [3,4,16,48,53,57,90,105] [6,16,17,40,61,70,72,120] [12,14,30,55,80,81,119,124] [1,2,66,78,82,83,90,103] [34,56,63,89,104,107,116,126] [3,33,44,59,75,82,100,106] [36,67,72,86,90,109,116,127] [32,51,65,68,80,84,102,111] [18,30,50,51,69,88,98,113] [3,20,59,60,63,69,109,115] [2,24,34,73,79,102,114,115] [10,23,66,82,98,106,113,118] [3,8,16,53,55,69,90,105] [9,17,31,40,61,72,103,120] [12,14,30,43,55,80,115,119] [2,9,35,66,77,82,103,112] [18,23,24,27,80,93,102,115] [6,29,36,46,65,87,100,104] [6,20,27,48,69,81,98,104] [22,27,32,45,58,70,80,114] [22,52,55,60,75,101,115,117] [36,47,66,86,88,120,123,124]
Token 117: [28,51,83,87,91,112,124,125] [9,16,29,45,48,67,68,122] [5,23,36,64,67,76,100,125] [3,12,20,70,73,101,112,114] [7,11,27,28,37,50,83,119] [10,63,74,87,93,103,110,115] [23,46,63,87,104,111,116,118] [2,19,33,44,82,94,100,106] [15,18,20,35,44,67,86,123] [32,35,65,66,68,80,99,102] [18,30,50,69,88,91,103,109] [8,22,36,42,48,53,60,69] [2,26,27,34,41,73,85,115] [13,23,68,76,82,91,98,106] [3,16,47,53,55,60,69,102] [6,16,17,31,40,50,72,99] [14,60,80,84,108,110,115,122] [1,46,77,82,90,94,99,103] [22,34,46,56,63,104,116,119] [2,24,33,44,82,94,100,106] [18,35,44,65,67,72,86,127] [0,32,51,65,80,84,102,111] [18,23,29,36,50,98,103,109] [14,20,22,48,53,60,96,99] [2,26,34,61,73,79,85,115] [23,78,82,83,91,98,106,110] [3,16,38,53,55,69,102,109] [6,16,17,40,61,79,99,120] [14,30,60,80,84,108,110,122] [15,46,52,77,78,82,94,103] [13,34,46,56,63,66,104,116] [2,3,33,44,82,94,100,106] [18,35,36,44,67,72,86,127] [32,35,65,68,80,84,102,111] [18,23,30,36,50,69,98,103] [22,42,53,69,85,89,99,115] [2,14,26,34,42,61,73,115] [10,18,41,57,76,82,91,106] [3,8,16,53,55,60,80,102] [6,16,17,31,40,60,61,120] [14,15,60,80,84,108,110,115] [15,36,46,52,64,78,103,122] [23,24,49,52,73,80,90,125] [12,19,49,80,100,104,121,125] [6,11,23,39,45,88,98,99] [5,17,22,26,46,76,112,114] [5,29,30,39,52,81,104,105] [15,35,52,74,82,95,111,127]
Token 118: [0,16,51,53,70,97,104,120] [20,24,34,62,76,86,107,122] [10,14,72,81,87,107,116,125] [3,12,13,23,25,32,76,105] [0,11,23,25,38,83,89,124] [31,47,68,80,97,107,110,119] [13,39,41,56,63,64,111,116] [33,44,60,82,87,94,100,106] [18,36,44,45,64,72,86,127] [0,32,51,65,68,80,94,102] [14,18,29,30,36,50,108,113] [22,48,67,69,85,86,104,115] [2,26,34,53,73,79,85,115] [21,44,68,75,76,82,91,98] [3,4,11,29,55,69,79,80] [6,16,17,31,40,50,60,99] [7,14,40,60,80,84,115,122] [1,15,52,53,77,90,99,103] [8,13,22,46,56,63,89,116] [33,36,44,75,82,87,94,100] [5,18,36,44,45,64,72,86] [0,2,51,65,80,84,94,102] [6,18,19,29,36,50,69,113] [20,48,54,63,65,69,85,115] [27,34,42,53,61,71,73,79] [33,44,75,82,83,91,98,106] [3,8,10,38,55,57,69,80] [6,9,16,17,23,40,60,120] [7,14,30,40,60,80,84,122] [9,15,52,53,77,78,90,103] [13,22,46,63,64,89,104,116] [21,33,44,82,87,94,100,106] [35,44,55,64,67,72,86,127] [0,51,68,80,84,94,102,111] [18,30,36,50,69,91,98,113] [8,20,60,69,85,86,89,115] [2,34,42,53,73,80,102,115] [10,21,44,75,76,82,98,106] [3,23,34,53,55,69,79,80] [9,16,17,40,60,61,78,120] [7,14,15,40,60,80,84,115] [15,17,52,53,78,103,106,117] [23,24,37,59,73,74,80,125] [43,44,46,49,81,100,104,120] [6,37,39,45,54,80,98,104] [22,27,45,46,63,80,112,114] [39,52,55,63,80,82,105,124] [10,27,32,35,52,71,90,95]
Token 119: [0,3,29,62,69,111,116,126] [11,23,53,76,78,86,122,126] [14,15,53,65,69,119,121,125] [1,11,12,25,26,59,76,93] [0,11,39,57,73,74,97,113] [18,30,31,71,80,97,110,122] [23,39,46,63,64,85,119,127] [33,48,82,87,94,95,100,106] [24,27,35,44,64,67,86,122] [22,62,65,68,71,80,94,102] [7,14,18,30,50,108,113,120] [8,58,68,69,86,87,115,122] [2,34,42,53,73,80,115,116] [21,24,44,68,75,82,95,98] [3,23,34,55,62,69,101,111] [6,16,17,31,40,50,87,120] [1,14,40,80,84,111,114,123] [9,17,53,58,61,77,84,103] [13,22,34,63,64,104,115,116] [33,44,82,87,94,95,100,106] [24,35,36,44,64,72,122,127] [0,62,65,71,80,84,94,102] [13,15,18,50,69,107,113,120] [8,20,48,68,69,86,89,115] [2,34,53,61,67,73,80,85] [21,24,44,68,82,91,98,106] [3,23,55,62,64,69,101,109] [6,16,17,40,61,87,98,120] [14,29,30,80,111,114,115,123] [53,61,65,77,78,84,103,120] [22,34,58,63,64,89,115,116] [32,33,44,82,94,95,100,106] [24,27,35,44,72,86,116,127] [0,17,62,68,80,94,102,111] [13,14,18,30,50,69,113,120] [15,46,60,68,85,86,89,115] [2,30,34,53,73,80,101,102] [13,24,44,52,68,91,95,106] [3,23,29,53,55,62,69,101] [17,31,40,50,61,87,98,120] [14,29,40,77,80,111,115,123] [53,61,65,77,78,80,84,103] [8,20,23,24,28,50,55,80] [2,46,56,96,100,104,111,121] [3,6,11,13,54,80,110,113] [5,22,45,47,83,86,87,114] [5,10,45,52,74,96,97,104] [11,31,44,54,71,74,90,127]
Token 120: [53,61,69,70,81,93,111,117] [23,41,53,76,83,86,116,122] [8,53,54,65,69,116,117,125] [1,25,26,41,46,76,93,101] [0,11,25,39,73,74,91,97] [30,31,49,71,80,97,111,122] [23,34,39,46,63,64,85,127] [33,44,50,82,94,95,100,106] [27,28,35,44,67,86,99,122] [45,48,62,68,80,94,98,102] [14,18,30,50,83,107,108,113] [13,36,58,67,69,86,115,122] [2,30,34,53,61,68,69,80] [16,21,24,44,55,68,106,121] [3,10,23,28,29,55,69,101] [3,17,23,31,40,50,112,120] [1,14,20,43,80,84,114,121] [14,20,45,53,61,77,97,103] [22,34,46,63,64,104,115,116] [32,33,44,82,94,95,100,106] [35,44,45,55,86,99,122,127] [17,45,48,62,68,80,102,111] [13,14,18,30,50,91,107,113] [1,46,58,67,86,90,115,122] [2,4,30,34,68,69,80,107] [24,44,55,91,106,107,117,121] [3,10,23,28,53,55,69,101] [3,4,6,17,23,40,89,120] [14,20,30,80,93,105,114,121] [1,14,61,77,82,90,97,103] [34,46,63,89,104,111,115,116] [32,33,44,82,94,95,100,106] [35,44,67,86,99,101,123,127] [0,17,48,51,68,80,102,111] [13,14,18,30,50,69,83,94] [15,46,58,67,78,90,115,122] [2,4,9,30,34,69,80,107] [32,44,68,91,93,106,107,121] [3,10,28,53,55,69,101,109] [3,6,17,31,40,83,89,120] [14,20,30,80,84,105,115,121] [1,14,45,77,80,82,97,103] [21,23,43,65,80,92,101,115] [4,37,41,46,58,87,100,104] [6,27,54,56,64,71,98,104] [2,12,22,27,32,37,45,114] [52,55,63,67,77,97,101,117] [32,34,58,71,73,85,86,117]
Token 121: [27,47,48,49,50,78,106,110] [44,46,56,62,75,91,99,122] [7,10,41,45,52,120,122,125] [5,12,26,29,41,94,101,114] [0,11,22,65,67,86,95,97] [18,30,31,51,71,105,110,119] [39,46,63,64,86,111,115,116] [32,33,44,69,82,94,100,106] [2,35,44,67,86,99,122,123] [48,62,68,80,89,97,99,102] [14,18,25,29,30,50,107,121] [13,46,47,50,58,67,78,115] [2,30,34,68,69,70,80,102] [12,44,66,91,106,113,119,126] [3,10,23,53,55,69,101,105] [3,17,31,40,50,98,120,125] [1,14,43,51,80,84,114,121] [2,20,35,62,66,77,90,103] [22,46,63,64,65,104,111,116] [32,33,44,82,94,95,100,106] [2,21,35,44,67,86,99,123] [17,45,48,68,80,97,102,111] [13,14,18,30,50,91,107,113] [20,36,53,67,69,78,115,122] [2,4,22,30,34,68,80,102] [12,44,61,66,83,91,106,113] [3,10,23,53,55,69,96,105] [3,6,17,23,40,82,89,120] [1,14,30,43,51,80,84,114] [2,9,20,35,66,77,82,103] [22,46,63,66,104,111,115,116] [19,32,33,44,82,94,100,106] [2,21,35,44,45,67,86,123] [17,62,68,71,80,97,102,111] [14,18,30,69,83,94,107,110] [47,59,60,67,69,78,115,122] [2,9,30,34,68,73,102,115] [10,12,66,99,106,107,113,126] [3,10,53,55,69,96,105,109] [3,4,17,31,40,61,98,120] [14,30,43,51,80,84,115,121] [2,9,20,35,66,77,103,126] [18,23,80,93,98,102,115,123] [6,36,46,58,81,87,100,104] [3,6,20,27,48,81,98,104] [20,22,27,32,45,70,80,114] [22,44,52,55,63,77,101,115] [36,47,66,71,86,88,120,123]
Token 122: [22,28,33,62,64,77,82,91] [3,25,29,45,48,85,89,122] [4,5,10,23,60,62,76,125] [24,28,41,59,70,77,93,108] [5,11,27,37,57,86,107,116] [30,48,71,87,93,96,115,122] [22,23,46,63,64,104,111,116] [19,32,33,44,82,94,100,106] [2,20,35,44,83,86,122,123] [35,41,62,68,79,80,91,102] [15,18,29,30,34,95,107,109] [16,42,46,78,92,97,115,122] [2,4,30,32,34,38,80,103] [10,12,41,57,91,106,109,123] [3,18,53,55,60,64,68,69] [3,6,17,20,31,37,40,54] [1,6,14,30,77,80,110,114] [0,1,36,64,65,77,88,103] [22,52,63,64,104,111,115,116] [19,32,33,44,82,94,100,106] [2,35,44,67,83,86,101,123] [17,35,62,68,80,100,102,111] [13,15,18,27,30,91,109,110] [1,9,42,46,56,97,115,122] [0,2,4,25,38,64,80,103] [8,12,41,57,91,102,106,109] [3,18,23,53,55,64,69,73] [6,17,20,40,46,77,89,120] [1,6,14,35,80,109,110,114] [0,64,65,77,81,82,92,103] [34,46,63,104,111,115,116,118] [19,32,33,44,82,94,100,106] [2,20,35,44,72,86,123,127] [0,35,40,62,68,80,102,111] [15,18,30,50,69,95,107,124] [39,42,46,60,73,78,97,115] [0,2,30,34,38,101,103,115] [12,41,57,62,68,106,109,123] [3,18,47,55,60,64,69,111] [17,20,31,40,46,61,107,120] [6,44,77,80,108,109,110,115] [0,36,63,64,65,77,80,103] [14,23,24,49,80,90,115,126] [46,47,56,58,100,104,121,125] [3,6,23,37,80,98,104,110] [5,22,27,32,45,76,87,114] [10,52,55,82,97,101,122,124] [15,31,44,74,82,86,90,127]
Token 123: [13,24,26,40,65,72,98,100] [2,18,50,70,94,100,122,127] [40,49,53,78,84,88,99,125] [6,71,82,89,93,94,116,124] [7,11,76,79,85,106,115,118] [42,59,61,64,66,97,122,125] [23,34,35,56,63,83,105,115] [33,48,49,82,94,100,106,112] [2,35,44,66,84,86,121,127] [0,9,26,62,68,80,102,110] [18,30,50,61,73,105,107,113] [26,46,49,61,78,90,115,122] [2,15,30,34,73,80,99,116] [6,12,28,34,78,80,91,106] [3,11,20,23,48,55,69,101] [3,16,17,23,37,40,50,85] [8,14,39,105,108,114,115,124] [1,19,42,53,72,77,89,103] [8,22,34,35,52,56,58,63] [8,33,44,49,82,95,100,106] [2,35,44,55,72,84,121,127] [0,9,17,71,80,102,110,111] [13,18,19,50,61,73,105,113] [1,20,24,39,49,61,90,115] [2,15,30,34,61,73,80,99] [6,12,15,28,32,47,91,106] [3,20,38,48,55,69,109,115] [16,17,27,40,75,85,89,120] [1,8,14,30,80,105,108,124] [1,19,42,53,72,77,80,82] [34,35,56,58,63,87,104,111] [32,33,44,56,62,82,100,106] [2,35,67,72,86,90,123,127] [0,17,26,51,68,80,102,111] [13,18,30,50,69,73,94,98] [1,26,46,60,61,79,90,115] [2,9,30,52,60,99,107,126] [6,15,28,32,78,79,93,106] [3,20,38,48,53,55,86,109] [16,17,40,61,85,89,101,120] [8,14,30,80,105,108,115,124] [1,19,53,72,77,80,82,103] [21,23,24,39,43,80,92,115] [37,41,46,58,77,88,100,104] [0,6,27,53,56,64,98,104] [2,12,22,27,32,37,45,114] [5,52,55,63,97,101,117,125] [20,32,73,74,85,86,109,117]
Token 124: [25,28,33,42,56,64,75,82] [6,8,24,28,56,57,90,122] [4,17,36,42,46,57,107,127] [9,20,24,67,68,74,103,109] [11,37,46,53,57,60,95,114] [18,31,52,79,93,110,119,122] [22,54,86,87,104,107,111,119] [1,7,24,32,44,82,100,106] [17,22,40,61,67,70,76,123] [7,17,26,76,80,82,102,111] [18,40,43,58,82,91,92,94] [18,30,53,59,65,90,99,100] [2,4,24,30,34,52,80,127] [47,61,87,91,92,93,106,112] [3,15,33,53,55,92,109,115] [0,17,31,32,36,40,89,106] [1,14,28,35,78,80,100,105] [1,18,34,59,77,80,82,99] [13,22,34,63,87,104,116,118] [9,24,33,44,59,82,100,106] [18,35,45,53,67,72,86,114] [0,7,26,68,80,82,102,111] [6,16,18,34,40,55,67,94] [20,25,30,39,60,65,79,90] [2,9,34,52,71,80,85,127] [32,47,61,78,79,91,92,106] [3,15,38,55,73,92,109,125] [0,25,38,40,58,61,89,106] [1,14,28,70,80,89,100,105] [1,18,59,80,82,99,100,122] [13,34,63,87,89,104,107,112] [24,32,33,44,56,82,100,106] [13,18,22,53,72,90,123,127] [0,7,17,26,47,80,82,111] [6,9,23,36,55,67,71,94] [20,22,25,30,39,65,90,99] [2,9,24,52,71,92,112,127] [1,52,61,87,91,92,93,106] [15,22,24,26,53,55,73,92] [0,25,32,77,89,106,110,125] [27,28,35,80,82,100,115,126] [18,54,73,75,81,82,93,99] [4,17,33,50,69,70,80,106] [24,41,55,61,75,80,82,83] [9,11,42,52,62,82,96,104] [45,48,67,77,88,114,116,117] [14,21,33,35,54,63,113,125] [6,17,23,39,53,80,96,119]
Token 125: [4,24,38,48,92,111,118,122] [23,31,56,57,73,92,122,126] [4,5,12,17,36,70,81,127] [9,24,30,39,56,77,100,127] [5,7,11,57,60,68,95,110] [0,18,31,35,84,93,110,115] [20,22,54,87,103,104,111,119] [1,7,13,19,32,44,74,82] [5,40,47,67,76,94,119,123] [7,35,37,44,68,80,82,99] [7,25,43,71,82,91,94,124] [18,25,33,65,73,97,99,100] [14,22,32,34,46,47,92,127] [29,52,71,89,92,112,120,124] [15,22,42,53,61,92,99,115] [0,17,32,40,75,77,89,125] [1,11,14,27,35,78,100,126] [36,75,81,82,92,100,112,121] [22,65,86,87,103,104,109,127] [1,4,7,13,32,44,45,82] [17,22,47,53,61,67,94,123] [7,47,71,76,80,82,97,99] [7,9,23,25,43,71,85,94] [17,18,22,25,65,73,99,100] [2,14,22,46,47,92,112,127] [18,52,92,99,112,120,124,127] [15,22,27,53,66,73,92,115] [0,25,26,40,75,77,89,125] [1,14,27,28,35,50,80,100] [18,34,75,81,82,92,100,124] [3,22,54,63,87,103,104,107] [1,7,24,32,44,45,56,82] [22,53,67,76,90,119,123,124] [7,33,68,69,80,81,82,91] [5,9,35,71,92,94,114,118] [17,25,28,52,65,70,96,120] [4,22,24,47,54,92,111,127] [52,89,91,92,93,112,120,124] [15,22,27,49,55,73,92,115] [0,25,32,77,89,106,110,125] [27,28,35,39,65,82,100,115] [18,49,75,82,92,93,99,100] [4,17,33,43,58,69,70,106] [24,41,61,75,82,83,91,98] [9,11,42,52,62,96,104,114] [8,16,41,48,67,88,114,117] [14,26,33,43,46,54,63,109] [6,17,23,39,53,58,80,96]
Token 126: [4,22,24,38,47,117,118,122] [31,40,57,63,73,77,92,122] [4,10,12,36,57,60,103,104] [9,30,39,67,73,80,87,117] [14,20,34,43,82,100,118,124] [0,18,20,24,32,74,93,120] [4,14,49,65,103,104,109,111] [1,7,19,32,52,74,82,113] [5,47,56,67,76,88,94,123] [7,21,34,35,60,80,99,107] [7,25,51,54,66,82,94,126] [2,25,53,65,73,99,100,107] [2,4,8,47,92,93,111,127] [20,27,62,89,92,93,106,112] [3,14,15,22,38,53,109,115] [17,32,40,75,89,106,110,125] [1,14,28,39,78,80,100,126] [18,36,75,81,82,92,100,118] [65,87,98,103,104,107,108,111] [1,7,32,44,82,100,106,113] [5,11,17,32,67,94,123,124] [7,17,34,39,44,67,80,82] [7,21,23,54,66,71,82,94] [18,22,25,53,65,73,99,100] [4,14,47,92,93,111,112,127] [18,20,29,52,62,92,112,127] [15,22,24,38,42,66,92,116] [32,40,75,89,106,110,119,125] [1,14,28,50,80,94,100,113] [73,75,77,81,82,100,118,124] [43,63,65,87,103,104,108,111] [7,19,32,44,56,82,106,113] [5,11,67,76,94,118,119,123] [7,8,34,39,44,68,80,82] [7,23,36,54,66,71,82,94] [17,22,30,65,73,99,100,102] [4,14,47,92,93,111,112,127] [20,62,91,92,93,97,106,112] [14,15,22,24,55,73,109,116] [11,32,40,75,89,106,110,125] [1,28,39,50,80,94,100,115] [75,80,81,82,90,93,100,124] [43,50,52,69,80,86,106,114] [20,41,46,68,75,100,104,121] [6,11,14,27,70,98,104,108] [12,22,27,32,37,45,114,123] [14,51,52,55,63,68,98,125] [15,21,26,57,58,71,82,86]
Token 127: [28,30,33,42,64,75,82,122] [5,30,40,52,63,96,122,126] [4,5,36,41,60,64,115,125] [9,12,30,34,69,78,80,109] [6,7,11,21,55,57,60,114] [0,18,35,46,83,93,110,123] [20,63,87,89,98,104,108,124] [1,7,19,32,45,82,106,113] [40,67,87,94,101,118,123,124] [7,17,35,41,67,68,80,106] [21,25,51,71,82,91,94,124] [53,55,60,73,75,99,100,107] [2,4,11,14,27,34,94,127] [20,62,89,91,92,106,112,124] [3,14,15,24,53,69,109,115] [17,32,40,58,89,106,110,125] [1,14,28,50,80,91,100,108] [1,34,36,77,81,82,100,118] [63,87,89,98,103,104,116,124] [7,19,32,33,44,82,100,106] [5,18,45,67,86,90,94,123] [7,17,35,67,68,80,82,102] [7,18,23,36,71,82,91,94] [18,22,25,53,55,73,99,100] [2,4,14,25,27,92,112,127] [18,62,92,106,112,117,120,127] [3,15,24,38,53,55,73,109] [11,32,40,75,89,106,125,126] [1,50,80,93,94,100,106,113] [7,13,34,77,81,82,100,122] [3,63,66,87,103,104,116,124] [7,19,32,33,44,82,100,106] [5,13,35,45,67,94,119,123] [7,17,47,67,68,80,82,111] [7,18,21,23,36,71,82,94] [21,25,30,53,73,90,96,99] [2,4,35,52,92,111,112,127] [33,62,83,91,93,106,112,117] [10,15,24,55,63,66,87,109] [16,17,32,40,45,89,106,125] [50,80,93,100,106,109,112,115] [7,26,34,77,80,81,82,100] [23,25,43,80,86,92,108,117] [10,46,58,66,74,75,104,121] [6,11,27,57,94,98,104,108] [12,22,27,37,45,50,71,114] [5,27,32,52,55,63,77,125] [15,20,44,57,58,74,82,124]
