MODEL: qwen3_30b
TOKEN_COUNT: 128
ACTIVE_EXPERTS: 8
================================================================================
PROMPT TEXT:
PlayStation Official Magazine - UK praised the story 's blurring of Gallia 's moral standing , art style , and most points about its gameplay , positively noting the latter for both its continued quality and the tweaks to balance and content . Its one major criticism were multiple difficulty spikes , something that had affected the previous games . Heath Hindman of gaming website PlayStation Lifestyle praised the addition of non @-@ linear elements and improvements or removal of mechanics from Valkyria Chronicles II in addition to praising the returning gameplay style of previous games . He also positively noted the story 's serious tone . Points criticized in the review were recycled elements , awkward cutscenes that seemed to include all characters in a scene for no good reason , pacing issues , and occasional problems with the game 's AI .
================================================================================
GENERATED TEXT:
 The review concluded that the game is a worthy successor to the series . The review also noted that the game 's story is more complex and mature than the previous games . The review also noted that the game 's story is more complex and mature than the previous games . The review also noted that the game 's story is more complex and mature than the previous games . The review also noted that the game 's story is more complex and mature than the previous games . The review also noted that the game 's story is more complex and mature than the previous games . The review also noted that the game 's story is more complex and mature
================================================================================
EXPERT TRACE (Per token, list of layer expert IDs):
================================================================================
Token   0: [14,21,50,51,57,103,106,110] [3,6,9,28,37,48,62,122] [36,40,84,90,95,122,125,127] [3,4,39,66,71,87,115,124] [11,23,50,52,56,58,63,67] [18,47,51,68,75,103,105,107] [26,39,46,56,58,63,100,116] [33,44,48,73,82,100,106,109] [36,44,72,80,90,109,111,127] [0,9,32,49,65,80,96,102] [18,26,30,50,61,85,105,123] [24,63,67,69,85,109,115,125] [2,15,24,42,56,65,79,115] [6,23,26,28,82,91,98,118] [3,4,16,17,48,55,90,105] [16,40,70,72,85,101,103,120] [14,30,81,83,89,115,119,124] [1,18,19,69,82,99,103,112] [26,34,41,56,63,83,105,116] [3,33,49,51,59,75,100,112] [35,44,65,72,84,90,111,121] [0,9,80,96,98,110,122,125] [19,56,61,69,78,90,98,105] [3,23,24,26,49,54,61,125] [2,15,23,65,73,79,96,99] [15,26,28,58,78,82,106,118] [3,4,16,17,48,55,105,115] [0,16,40,70,72,85,120,127] [12,14,30,81,83,89,119,124] [1,2,9,66,80,82,103,112] [22,41,56,63,87,105,107,116] [33,44,59,75,82,88,106,112] [36,45,61,65,72,86,90,111] [9,32,65,80,96,111,122,125] [19,50,69,78,85,91,94,113] [3,48,54,59,85,90,99,109] [2,23,24,65,73,79,114,127] [66,82,92,93,98,106,113,118] [3,16,38,55,66,90,105,115] [3,16,31,40,72,89,103,120] [12,30,43,80,84,105,115,119] [2,9,35,66,78,82,103,112] [14,18,27,43,80,93,102,115] [6,29,37,46,87,100,104,120] [6,15,20,48,69,81,98,121] [22,27,45,54,58,70,80,114] [52,55,60,68,80,98,115,127] [36,47,58,66,71,86,112,120]
Token   1: [3,23,28,51,77,112,118,125] [16,29,45,48,68,88,90,122] [15,23,36,50,64,76,95,125] [24,37,70,90,92,101,112,119] [5,11,27,48,50,58,97,104] [10,18,39,75,87,88,99,103] [39,44,46,56,63,64,116,118] [9,31,33,44,51,82,88,94] [6,15,20,35,44,80,90,111] [23,32,35,49,65,80,89,96] [18,26,30,50,88,91,103,109] [8,16,22,43,64,69,89,115] [2,26,34,61,75,85,102,114] [2,41,57,76,82,91,98,106] [3,16,47,55,60,69,90,102] [16,17,20,40,72,83,94,120] [14,23,30,60,80,83,110,115] [9,36,46,64,82,94,103,112] [22,26,39,41,52,56,63,116] [9,31,33,51,82,88,106,110] [36,44,45,72,80,86,90,111] [32,35,65,66,80,89,96,111] [18,23,36,50,88,91,103,109] [8,22,42,43,60,64,105,115] [0,2,26,34,42,71,73,114] [18,41,57,76,82,91,98,106] [3,16,47,60,69,73,102,115] [16,17,40,72,77,95,120,126] [23,30,60,80,83,94,108,110] [36,46,64,82,103,112,117,120] [41,44,56,58,63,110,116,118] [9,31,33,51,88,94,106,123] [6,20,44,45,72,86,90,111] [32,35,49,65,80,96,111,127] [18,30,50,69,88,103,109,113] [22,42,60,64,69,85,89,115] [0,2,26,42,63,73,75,102] [10,16,18,41,57,76,82,106] [3,8,16,47,55,60,80,102] [16,20,31,40,60,71,95,120] [15,23,60,80,83,108,110,115] [15,17,36,46,52,64,80,103] [14,23,24,49,74,80,90,125] [12,19,43,49,74,80,121,125] [6,11,23,39,45,88,98,99] [5,17,22,26,46,58,76,112] [29,30,39,80,81,96,104,105] [15,35,71,95,111,114,121,127]
Token   2: [28,29,51,67,77,116,120,126] [11,45,58,78,86,88,107,122] [14,24,50,62,112,119,121,125] [1,7,13,25,91,93,101,111] [0,22,25,39,47,74,102,104] [18,30,71,78,80,82,97,103] [8,39,41,44,56,63,100,116] [9,31,33,39,50,51,87,109] [24,44,51,64,72,80,90,111] [0,22,32,49,65,80,94,96] [18,30,50,52,74,108,113,120] [6,8,43,69,86,87,105,115] [2,26,34,42,53,80,87,101] [2,16,21,24,44,75,98,106] [3,8,9,28,55,62,64,101] [16,17,31,40,87,95,98,120] [6,14,30,60,80,83,114,123] [14,17,53,61,83,84,99,103] [39,41,52,56,58,63,75,116] [3,33,39,50,51,87,88,106] [24,36,44,64,72,90,101,111] [49,65,80,89,94,96,106,111] [18,19,26,30,35,50,69,113] [8,43,54,68,69,86,87,115] [2,30,34,42,53,67,73,80] [2,16,21,24,44,91,98,106] [3,8,47,55,62,64,101,110] [16,34,40,91,95,98,99,120] [6,14,18,30,80,83,97,123] [4,18,68,83,84,103,120,123] [38,39,41,56,58,63,75,116] [3,31,33,39,51,56,88,106] [24,35,72,90,95,101,111,116] [49,65,80,89,94,96,106,111] [18,26,30,50,52,69,113,120] [43,68,69,71,86,87,89,115] [2,12,42,53,63,67,73,75] [24,44,49,68,75,91,95,106] [3,23,29,34,55,62,101,110] [16,17,31,40,48,55,98,120] [6,23,29,30,80,83,115,123] [36,53,65,80,84,85,103,106] [14,20,23,24,28,65,74,75] [2,4,47,75,100,104,112,121] [6,13,32,39,54,73,80,110] [5,22,24,27,47,83,87,94] [5,10,45,52,80,82,97,104] [15,31,44,54,74,86,90,127]
Token   3: [2,22,61,80,81,84,103,118] [3,20,26,44,57,58,83,86] [9,24,50,84,117,120,122,125] [7,25,59,80,82,90,101,105] [0,11,25,39,40,47,77,91] [34,78,80,82,99,103,107,111] [39,56,63,75,79,100,110,116] [24,33,39,48,50,51,60,88] [44,51,80,90,95,109,111,122] [0,1,45,49,65,80,96,127] [18,30,50,52,74,83,108,113] [28,43,47,67,69,105,107,115] [2,18,42,68,80,97,124,126] [16,21,42,44,68,98,106,121] [3,27,28,29,34,55,75,79] [16,40,50,55,95,103,112,120] [18,20,55,73,80,83,98,105] [1,17,48,69,83,103,106,123] [39,41,52,56,58,63,110,116] [33,44,50,51,62,88,94,110] [35,45,72,90,101,109,111,122] [1,22,45,65,80,96,111,127] [18,26,30,39,50,52,69,108] [11,28,67,69,90,98,107,115] [2,42,63,68,73,80,97,126] [16,21,32,76,91,106,110,121] [3,6,27,28,53,55,75,79] [1,16,23,35,40,95,103,120] [14,18,30,45,55,73,80,105] [1,48,69,82,103,106,117,120] [42,44,56,63,85,110,116,119] [33,51,60,62,82,88,106,110] [33,67,86,90,95,106,109,116] [22,69,80,84,102,111,113,127] [26,30,50,52,64,69,108,123] [28,48,61,67,85,96,98,115] [2,42,61,63,73,85,97,99] [10,16,68,76,79,91,106,121] [3,27,28,48,55,75,79,86] [1,16,31,40,50,56,95,103] [20,45,55,73,80,105,115,124] [1,48,69,72,80,82,97,103] [31,36,37,64,80,92,101,115] [4,37,41,46,77,88,100,104] [6,53,56,64,69,73,98,104] [2,22,27,32,37,45,87,114] [5,22,52,55,63,67,101,104] [32,34,44,71,73,74,86,117]
Token   4: [18,51,57,71,103,106,110,111] [3,9,33,48,72,92,116,122] [10,36,50,90,111,120,122,125] [37,39,66,67,80,97,112,114] [11,23,37,47,50,63,77,119] [18,31,51,93,105,110,114,119] [13,46,63,66,100,104,110,116] [33,44,51,73,82,94,106,110] [28,44,67,86,90,109,122,123] [22,32,68,80,96,102,113,127] [18,23,30,39,72,103,108,123] [22,28,47,53,67,75,109,120] [2,34,42,63,68,73,97,114] [10,66,76,91,101,106,112,113] [3,16,34,39,53,55,105,109] [1,16,17,32,40,72,89,95] [1,14,55,80,84,101,114,119] [2,34,35,37,66,75,77,103] [46,52,56,63,64,104,110,116] [33,44,82,88,94,100,106,110] [35,44,45,65,67,86,90,123] [7,17,68,76,80,102,111,127] [18,30,58,69,91,94,98,103] [21,29,53,60,96,99,115,122] [2,4,14,26,34,42,65,127] [2,49,66,91,92,104,106,112] [3,16,53,57,66,69,105,109] [3,6,16,17,32,40,59,89] [1,12,14,80,89,105,114,119] [1,2,13,35,66,72,77,82] [3,52,56,63,87,104,107,111] [24,32,33,44,82,94,100,106] [9,15,35,44,45,67,86,123] [7,17,32,68,80,102,111,127] [7,18,30,58,88,94,98,103] [4,21,28,53,96,99,109,115] [2,4,32,42,80,92,111,114] [10,20,31,66,76,91,106,113] [3,8,16,34,53,55,105,109] [1,3,4,16,31,40,56,72] [12,30,43,55,80,84,115,119] [2,9,20,35,66,77,80,103] [18,23,27,80,93,102,115,123] [6,29,36,46,87,100,104,112] [6,20,27,48,69,81,98,104] [22,37,45,58,70,80,114,123] [22,52,55,80,98,104,115,117] [36,47,66,71,86,88,120,123]
Token   5: [28,51,83,87,91,112,124,125] [9,16,29,48,67,68,90,122] [4,5,23,36,67,76,100,125] [12,20,70,73,92,101,112,114] [10,11,27,37,48,50,57,119] [10,63,74,75,87,93,103,115] [46,63,103,104,110,111,116,118] [2,33,44,82,94,100,106,110] [15,18,20,35,44,67,86,90] [32,35,59,66,68,80,102,111] [10,18,30,63,88,95,103,109] [8,22,29,36,42,53,96,120] [0,2,4,14,26,34,41,42] [2,10,40,57,76,91,106,112] [3,34,53,60,69,75,102,109] [6,16,17,32,40,89,99,126] [14,30,60,80,84,89,108,110] [1,13,37,46,64,77,82,103] [46,52,56,63,64,104,110,116] [2,33,44,82,88,94,100,106] [15,18,35,44,45,67,86,90] [17,32,35,68,80,102,111,127] [18,30,69,80,91,94,103,109] [8,11,22,28,42,53,96,99] [0,2,14,26,34,42,57,111] [13,41,57,76,91,106,110,119] [3,16,27,53,55,60,102,109] [16,40,44,50,63,99,117,120] [14,30,60,80,89,108,110,122] [13,15,37,46,82,94,103,117] [9,52,63,64,85,110,116,118] [2,33,44,56,82,94,106,110] [20,33,45,67,86,90,95,106] [22,32,35,80,102,111,113,127] [23,30,64,69,80,103,108,109] [0,22,28,42,85,96,98,115] [0,14,26,42,63,73,101,115] [10,18,41,57,68,76,91,106] [3,34,53,55,60,75,80,102] [1,31,35,40,55,56,60,95] [15,18,55,60,80,108,110,115] [15,36,46,52,80,103,106,122] [22,24,49,73,80,90,123,125] [12,19,43,49,80,100,121,125] [6,11,13,23,45,88,98,99] [5,17,22,45,46,58,76,112] [29,30,39,52,80,81,84,105] [15,35,52,71,74,95,111,127]
Token   6: [16,31,51,53,70,104,107,120] [20,25,34,62,76,86,107,122] [10,14,36,50,87,111,116,125] [13,20,25,32,38,76,89,105] [0,11,23,25,29,74,105,118] [34,80,95,103,107,110,119,126] [13,42,56,58,63,100,110,116] [33,44,60,82,87,94,106,110] [15,64,85,86,90,95,103,116] [0,22,32,80,94,102,113,127] [14,30,52,64,72,83,103,108] [8,9,22,47,67,75,115,120] [2,25,26,42,53,62,97,115] [2,16,43,44,75,76,91,106] [3,29,34,55,79,80,102,109] [16,38,40,50,60,63,95,127] [7,40,53,60,80,89,98,115] [1,15,52,53,75,99,103,106] [13,38,39,56,58,63,110,116] [33,44,51,60,87,88,106,110] [5,45,64,67,90,95,114,116] [0,22,80,94,96,111,113,127] [30,50,52,75,80,94,103,108] [20,36,69,85,86,107,115,120] [2,9,39,42,53,63,73,97] [44,71,75,76,78,91,106,110] [3,34,55,75,80,99,109,110] [16,40,50,55,56,60,91,95] [7,14,18,30,40,60,80,89] [6,13,52,53,102,103,106,117] [13,38,56,63,75,85,110,116] [26,33,60,82,87,94,106,110] [33,45,64,67,86,90,95,106] [0,22,69,80,94,113,124,127] [2,30,39,64,69,80,83,108] [33,85,86,96,98,107,115,120] [32,42,53,63,73,76,85,115] [10,21,44,65,68,75,76,91] [34,39,53,55,75,79,80,109] [1,31,35,40,56,60,95,120] [4,7,18,40,45,60,80,115] [15,52,53,80,85,103,106,117] [22,24,37,59,73,80,123,125] [43,49,56,75,81,100,104,112] [6,37,45,54,80,81,98,104] [22,37,45,46,80,87,112,114] [5,44,52,80,82,84,105,124] [27,32,34,35,71,74,90,95]
Token   7: [0,27,48,50,51,101,106,110] [3,62,76,86,99,116,122,126] [2,10,14,45,50,87,122,125] [25,26,30,51,67,76,94,105] [0,11,22,53,74,77,114,118] [18,51,74,80,105,110,114,126] [13,38,63,86,110,111,116,119] [26,33,44,60,82,94,106,110] [2,64,86,90,95,99,102,103] [0,22,68,80,94,102,113,127] [2,14,30,52,64,72,80,108] [9,31,47,67,86,98,107,115] [12,25,32,42,53,63,68,97] [12,44,48,66,75,76,91,119] [3,22,29,34,53,55,105,109] [1,3,16,19,38,40,88,95] [4,14,40,51,53,80,84,89] [2,53,62,66,103,106,107,117] [52,56,63,64,104,110,116,119] [26,33,44,82,88,94,106,110] [2,44,45,64,67,86,90,95] [2,22,68,80,102,111,124,127] [2,18,30,52,64,69,80,108] [20,28,33,48,86,96,107,115] [2,32,42,53,63,73,97,115] [10,12,44,66,76,91,106,119] [6,8,34,53,55,58,75,105] [1,3,16,35,40,56,91,95] [4,14,43,51,53,80,84,114] [2,53,66,77,82,103,106,117] [63,85,86,104,110,111,116,120] [26,33,44,82,94,100,106,110] [2,33,64,67,86,90,95,122] [22,62,68,80,94,102,113,127] [2,18,30,64,69,80,83,108] [33,47,67,85,86,96,107,115] [32,42,53,63,68,73,115,118] [10,12,44,65,66,75,99,113] [8,34,39,53,55,58,75,105] [1,3,31,35,40,56,95,120] [4,18,40,43,51,80,84,115] [2,35,66,80,103,106,117,126] [18,22,23,73,80,98,102,123] [6,36,46,81,87,100,104,112] [6,20,27,39,48,81,98,104] [20,22,37,45,70,80,114,123] [22,44,52,55,80,104,115,117] [36,47,66,71,85,88,120,123]
Token   8: [12,22,28,62,67,77,82,105] [2,48,67,86,99,114,116,122] [4,9,36,50,70,73,90,121] [16,37,50,53,62,76,77,114] [0,11,22,55,86,87,107,116] [18,24,31,67,78,80,105,126] [25,38,55,63,64,104,110,116] [26,33,51,82,88,94,106,110] [2,4,33,64,67,86,95,106] [0,1,22,33,80,102,113,127] [2,30,52,64,67,72,80,108] [9,16,28,50,65,86,107,115] [12,25,32,42,53,62,63,87] [12,44,65,71,91,102,108,113] [3,34,39,55,75,82,110,116] [1,16,38,40,50,77,95,99] [4,14,45,51,80,102,111,115] [2,35,66,85,103,106,112,117] [38,42,55,63,85,110,116,119] [26,33,44,82,88,94,106,110] [4,33,64,67,90,95,106,122] [0,1,22,33,80,94,102,127] [2,18,30,52,64,67,80,108] [16,33,50,65,86,98,107,115] [2,32,42,53,63,73,87,97] [10,12,44,71,91,102,108,113] [3,6,8,34,55,75,82,99] [1,9,40,50,55,77,91,95] [4,14,18,51,75,80,84,111] [2,35,66,85,102,103,106,112] [10,38,55,63,99,110,116,119] [26,33,44,82,94,100,106,110] [2,4,64,67,86,90,95,122] [22,24,33,68,71,80,102,127] [2,30,64,67,69,80,95,108] [16,25,33,50,65,86,96,98] [32,42,68,73,76,87,103,124] [10,12,44,65,99,102,106,113] [22,34,39,53,55,64,75,82] [1,3,31,40,50,77,87,120] [4,13,43,51,80,84,111,115] [2,9,35,49,66,103,106,112] [8,18,73,80,86,98,102,123] [6,16,36,46,87,100,104,112] [6,13,20,27,44,48,81,98] [20,22,37,45,70,80,114,123] [22,52,55,60,80,98,115,117] [26,47,66,71,74,88,120,123]
Token   9: [12,14,28,64,67,77,82,91] [2,7,29,30,34,62,67,122] [4,36,41,69,73,76,94,125] [50,59,62,70,76,77,93,121] [0,11,27,37,57,105,113,116] [18,30,48,71,75,78,122,126] [10,38,63,64,85,86,110,116] [33,34,44,82,94,100,106,110] [35,44,61,64,67,86,95,122] [22,35,62,68,71,80,102,127] [2,18,30,34,64,80,97,108] [8,16,17,21,33,53,86,105] [32,38,42,54,61,62,87,124] [10,41,49,71,91,106,110,123] [23,34,53,64,82,101,111,115] [1,6,17,20,40,77,95,121] [4,10,14,29,43,77,80,114] [61,65,68,77,84,103,106,112] [38,52,63,64,85,110,116,127] [26,33,44,82,88,94,100,106] [21,35,44,64,67,86,90,95] [0,22,33,62,71,80,102,127] [2,9,18,30,34,80,95,120] [16,33,53,68,96,97,105,115] [2,25,28,32,38,42,61,87] [10,49,71,91,102,106,109,123] [18,34,55,64,75,82,101,111] [1,11,16,20,40,77,95,98] [4,14,29,30,77,80,89,110] [0,36,61,64,65,84,106,112] [63,86,104,110,115,116,118,127] [26,32,33,44,82,100,106,110] [20,27,33,35,86,90,95,122] [0,22,35,40,71,80,102,127] [2,9,18,30,69,95,108,124] [16,25,33,55,73,86,97,115] [0,2,32,38,42,73,103,112] [10,41,57,62,91,106,109,123] [3,18,34,47,55,75,111,115] [6,20,25,31,40,46,77,107] [6,23,29,77,80,109,110,115] [0,63,64,65,77,80,85,103] [14,20,23,24,49,80,90,126] [46,47,56,75,100,104,121,125] [6,8,11,13,23,80,98,110] [5,22,45,47,76,83,87,114] [1,5,10,45,52,96,123,124] [15,31,44,74,82,90,114,127]
Token  10: [11,24,61,66,81,84,93,120] [2,19,34,41,57,83,122,123] [36,41,69,86,116,117,123,125] [10,26,59,62,76,91,121,123] [0,11,57,77,91,105,111,116] [18,71,75,78,80,111,122,126] [10,38,63,64,85,86,110,127] [26,33,34,72,82,95,100,106] [27,28,35,39,51,90,95,122] [22,43,48,68,71,80,102,127] [2,14,18,30,64,80,108,123] [6,13,47,58,86,102,105,115] [32,42,60,62,68,69,120,124] [10,31,49,55,65,91,106,121] [19,27,28,34,101,109,111,115] [1,3,6,34,40,50,63,98] [4,14,20,43,80,89,114,121] [14,34,45,61,97,106,112,122] [38,52,63,85,104,110,116,127] [26,33,44,82,94,100,106,110] [5,28,35,44,45,86,90,95] [22,43,48,68,71,80,102,127] [13,14,18,30,52,64,80,108] [13,20,33,47,58,86,102,115] [2,32,42,60,68,69,87,120] [10,31,49,55,79,91,106,121] [3,19,28,55,101,109,111,115] [3,4,6,34,40,50,98,121] [14,20,30,43,75,80,114,121] [1,14,45,77,82,97,103,112] [63,66,85,86,104,110,115,116] [26,32,33,44,72,82,100,106] [28,35,44,67,86,90,95,123] [22,43,48,68,80,102,111,127] [13,14,18,30,64,69,120,123] [13,47,58,86,90,96,102,115] [2,32,42,60,68,69,104,120] [10,49,55,79,91,99,106,121] [3,28,39,53,55,84,101,111] [1,3,4,6,31,34,40,100] [4,20,43,80,84,105,115,121] [1,9,14,45,61,80,82,97] [21,23,55,65,80,93,101,115] [4,37,41,46,65,87,100,104] [6,27,54,56,71,98,104,113] [2,22,27,32,45,54,87,114] [22,52,55,63,67,101,104,117] [32,34,71,74,85,86,117,124]
Token  11: [22,24,47,51,57,103,106,118] [9,33,37,48,56,57,122,123] [36,41,50,68,69,90,122,125] [5,10,12,26,59,87,91,97] [11,43,57,63,77,111,113,114] [18,31,51,105,110,119,122,126] [63,66,85,86,104,108,110,111] [26,33,44,73,82,94,100,106] [28,35,44,86,90,95,99,123] [17,22,32,48,68,80,102,127] [13,14,18,30,63,64,80,123] [13,31,33,47,53,79,109,115] [2,32,42,60,65,68,69,120] [10,31,55,66,91,106,113,126] [3,16,53,55,101,105,111,115] [1,3,6,17,34,40,100,121] [12,14,43,78,80,93,114,119] [2,13,35,66,77,82,103,112] [52,63,64,87,104,110,111,116] [32,33,44,82,94,100,106,110] [28,35,44,67,86,90,95,123] [7,32,48,68,76,80,102,111] [13,18,30,69,80,91,94,103] [13,22,31,60,99,100,109,115] [2,14,26,32,36,42,115,127] [10,66,91,99,104,106,112,113] [3,16,53,55,101,105,111,115] [6,16,17,32,34,40,91,100] [12,14,43,80,84,105,114,119] [2,35,61,66,77,82,103,106] [52,63,66,86,104,110,111,116] [33,44,73,82,94,100,106,110] [15,28,35,44,67,86,95,123] [22,32,48,68,80,102,105,111] [13,14,18,25,30,80,94,103] [13,47,53,79,96,109,115,116] [2,32,42,61,68,69,115,120] [10,31,55,65,66,99,106,113] [3,16,55,69,84,101,105,111] [3,4,6,34,40,98,100,120] [4,12,30,43,80,84,115,119] [2,9,35,61,66,77,82,103] [18,27,55,80,93,102,115,123] [6,29,36,46,65,87,100,104] [6,20,27,48,56,81,98,104] [22,27,32,45,70,80,114,123] [22,52,55,60,80,101,115,117] [36,47,66,71,86,88,120,123]
Token  12: [23,28,30,51,87,91,112,125] [9,16,29,45,48,67,68,122] [36,48,60,64,76,100,125,126] [3,12,20,24,70,91,92,93] [10,11,27,30,37,43,57,60] [10,30,35,54,71,87,93,122] [46,63,64,104,108,111,115,118] [2,19,32,33,44,82,100,106] [15,20,35,44,83,86,90,123] [17,32,35,41,68,80,91,102] [13,18,30,45,91,95,103,109] [8,16,42,53,60,94,99,116] [2,14,26,32,34,42,61,103] [2,10,40,41,57,91,106,123] [3,16,18,53,60,102,109,111] [3,6,20,32,40,77,89,107] [6,11,14,34,80,101,108,110] [0,1,64,65,66,77,82,103] [13,52,63,64,85,104,111,116] [2,19,32,33,44,82,100,106] [35,44,67,83,86,90,95,123] [32,35,41,68,71,80,102,111] [13,18,30,45,91,95,103,109] [8,16,22,42,53,96,115,116] [0,2,14,25,26,32,38,42] [2,29,41,57,91,106,109,123] [3,16,18,53,55,86,109,111] [6,11,20,32,40,75,77,107] [6,14,34,44,80,89,108,110] [0,13,65,66,82,103,107,120] [9,52,63,66,85,104,116,118] [2,33,44,73,82,100,106,110] [20,35,44,83,86,90,95,122] [0,22,32,35,41,80,102,111] [13,18,30,41,80,95,103,109] [16,42,85,94,96,97,115,116] [0,2,14,32,38,42,73,103] [10,41,57,91,106,109,123,127] [3,16,18,34,55,60,102,111] [6,20,31,40,77,90,107,126] [6,13,44,77,80,108,110,115] [0,63,64,65,77,80,85,103] [18,23,24,25,49,80,90,126] [18,47,49,56,75,104,121,125] [6,8,11,80,94,98,110,121] [5,12,20,22,47,76,87,114] [1,5,10,22,52,98,117,122] [15,21,31,44,74,82,92,127]
Token  13: [0,40,43,65,72,73,98,100] [18,38,70,94,100,116,122,127] [16,38,40,57,82,84,88,99] [6,31,71,84,87,89,116,124] [7,11,52,76,81,85,106,115] [37,59,61,64,66,103,114,125] [8,34,38,56,63,83,105,116] [18,33,49,51,59,88,109,112] [44,65,84,90,111,116,121,127] [0,9,49,80,96,110,125,127] [18,30,52,53,56,61,78,105] [23,24,28,36,49,61,115,125] [2,15,42,56,65,79,96,99] [6,15,23,26,28,58,78,106] [3,4,17,20,48,81,90,100] [8,10,16,31,40,85,99,101] [8,39,73,81,83,89,115,124] [1,18,19,42,69,99,105,112] [13,38,56,63,83,105,110,116] [3,33,49,51,88,100,109,112] [44,45,65,72,84,90,101,121] [0,9,49,80,96,110,125,127] [2,18,50,56,61,78,94,105] [3,23,24,49,54,61,99,125] [2,15,56,71,73,79,96,99] [15,19,26,28,33,58,78,110] [4,14,17,20,48,55,86,100] [2,16,40,70,85,101,122,127] [30,39,48,62,81,83,115,124] [1,19,21,42,55,75,80,82] [24,34,56,58,63,83,105,116] [18,33,49,51,75,109,112,123] [65,72,84,90,101,111,114,121] [0,2,9,49,96,111,122,125] [26,50,56,61,68,78,98,105] [3,23,24,49,54,61,121,125] [2,21,23,65,73,79,96,99] [15,26,28,58,78,91,110,118] [3,17,20,48,55,81,86,100] [16,40,52,70,85,101,103,127] [30,48,73,80,81,105,115,124] [1,9,19,21,42,48,69,82] [14,31,32,52,64,80,113,115] [31,37,46,77,88,100,104,120] [6,16,53,69,73,90,98,107] [22,27,32,54,82,87,101,114] [5,34,38,52,60,97,98,118] [20,44,73,74,77,86,105,109]
Token  14: [14,21,50,51,57,103,106,110] [3,6,9,28,37,62,95,122] [12,41,84,90,111,122,125,127] [4,39,56,71,87,108,115,118] [11,50,52,56,58,67,83,119] [37,47,51,59,68,75,103,105] [8,26,27,34,39,56,63,116] [18,24,33,44,88,100,106,109] [36,44,72,80,90,103,109,127] [0,9,10,32,49,65,80,96] [18,26,30,53,68,78,85,123] [3,7,24,63,67,69,109,125] [2,15,24,56,65,79,96,105] [23,26,28,66,82,91,98,118] [3,4,16,38,55,81,100,105] [16,49,59,70,72,85,103,120] [30,73,81,83,89,115,119,124] [1,18,21,55,78,82,99,103] [24,26,34,41,44,56,63,105] [3,24,59,62,75,88,100,112] [38,45,65,72,84,90,116,121] [0,9,49,96,98,110,122,125] [26,56,61,68,69,78,90,98] [3,7,23,26,54,63,103,125] [23,24,56,65,73,79,96,99] [23,26,28,58,61,78,82,118] [3,4,16,48,55,105,110,115] [0,16,17,31,40,72,120,127] [14,30,48,81,83,89,115,119] [1,2,9,66,82,90,103,112] [22,39,44,56,58,63,87,116] [33,44,59,75,82,88,94,106] [36,45,61,72,86,90,111,114] [32,65,80,82,96,98,111,122] [16,19,69,85,90,91,94,98] [3,48,54,59,63,90,99,109] [2,23,24,27,73,79,114,127] [66,78,82,83,92,93,106,118] [3,16,38,55,66,90,105,115] [16,31,40,49,72,89,103,120] [12,30,76,80,84,105,115,119] [2,9,35,66,78,82,103,112] [14,18,27,43,80,93,102,115] [6,29,37,46,87,100,104,120] [6,15,20,39,48,69,98,121] [22,27,37,45,54,58,70,114] [14,52,55,60,68,98,115,127] [36,47,58,66,71,86,112,120]
Token  15: [3,23,28,51,77,112,118,125] [16,28,29,45,48,68,90,122] [15,23,36,50,64,76,95,125] [24,37,70,92,101,112,114,119] [11,27,50,58,83,97,104,119] [10,17,23,75,87,88,99,103] [22,41,44,56,63,64,116,118] [9,31,33,44,51,88,94,123] [6,15,18,20,72,80,90,111] [23,32,35,49,65,80,89,96] [18,26,50,88,91,103,109,111] [8,22,43,52,64,69,89,115] [2,26,34,73,75,85,114,116] [41,57,68,76,82,91,98,106] [3,16,38,47,55,60,69,102] [12,16,17,20,40,72,83,120] [14,23,30,60,80,83,110,115] [9,18,46,64,78,82,94,103] [26,41,44,56,58,63,112,116] [31,33,51,59,82,88,100,106] [6,15,18,36,45,72,80,111] [32,35,65,69,80,84,96,111] [18,26,36,50,69,88,103,109] [8,42,60,64,68,69,96,115] [0,2,26,52,71,73,79,114] [33,41,57,82,91,98,106,118] [3,4,16,47,55,60,73,102] [16,17,31,40,72,77,120,126] [23,30,60,80,83,108,110,122] [9,36,46,64,82,103,112,122] [13,41,44,56,58,63,116,118] [9,31,33,50,51,88,106,123] [18,20,44,45,72,86,90,111] [32,35,47,49,65,80,96,111] [18,19,30,36,69,103,109,113] [18,42,59,60,69,85,89,115] [0,2,26,30,42,73,75,114] [10,18,41,57,76,82,91,106] [3,8,16,47,55,60,80,102] [16,20,31,40,60,71,95,120] [23,60,80,83,94,108,110,115] [15,17,36,46,52,64,82,103] [14,23,24,49,74,80,90,125] [12,19,49,74,80,120,121,125] [6,11,23,39,45,88,98,99] [5,17,22,26,46,58,76,112] [29,30,39,60,80,81,96,105] [15,35,71,95,111,114,121,127]
Token  16: [2,51,63,73,81,97,111,120] [32,45,53,86,105,107,115,122] [8,10,14,54,62,104,112,125] [13,20,25,57,101,105,111,119] [0,23,25,58,74,83,95,104] [34,47,68,76,80,82,103,122] [8,13,26,34,39,56,63,116] [3,33,39,48,51,87,95,109] [15,18,36,44,64,80,90,111] [0,32,49,65,89,94,96,98] [18,30,36,50,53,103,108,113] [8,21,43,67,69,86,115,120] [2,26,53,73,75,79,107,118] [2,16,21,44,76,82,91,98] [3,8,10,34,55,76,79,80] [16,17,23,31,60,87,95,120] [7,11,15,60,83,91,115,122] [1,4,15,18,46,90,99,103] [13,26,41,52,56,58,63,75] [3,33,39,48,50,51,87,95] [5,15,36,44,72,90,111,114] [0,45,49,65,80,94,96,98] [19,30,35,50,69,73,90,113] [8,20,26,54,59,63,69,115] [2,23,53,71,73,79,107,118] [2,33,44,83,91,98,106,118] [3,8,10,55,80,103,110,115] [16,17,23,40,60,79,94,120] [7,11,14,30,60,80,83,122] [15,17,46,52,78,83,103,120] [39,41,56,58,63,64,75,116] [3,31,33,39,51,56,95,106] [5,36,44,72,90,95,111,116] [45,49,65,80,94,96,98,111] [18,19,30,50,52,69,108,113] [8,15,43,59,65,69,86,115] [2,26,42,53,73,79,107,118] [10,16,21,44,75,76,91,106] [3,8,34,55,79,80,110,115] [16,31,40,56,60,87,94,120] [7,11,14,15,60,80,83,115] [15,17,46,52,58,80,103,106] [14,23,24,37,73,74,80,125] [12,19,43,49,56,100,104,120] [6,25,37,39,45,88,98,99] [5,17,22,24,46,58,63,112] [22,29,30,39,80,81,84,105] [6,35,52,71,74,95,108,111]
Token  17: [28,29,51,62,77,111,116,126] [11,45,58,78,86,107,113,122] [9,15,24,36,72,119,121,125] [7,19,25,29,51,101,109,111] [0,11,25,39,47,74,91,104] [18,78,80,82,97,100,103,126] [26,39,41,56,63,75,79,116] [31,33,39,48,51,87,88,106] [18,24,44,51,80,90,101,111] [0,32,45,49,65,80,94,96] [18,30,34,50,52,74,108,113] [15,28,43,67,69,87,105,115] [2,18,30,42,53,73,100,101] [2,16,21,24,44,82,91,98] [3,8,10,19,28,34,55,62] [16,17,23,40,56,95,98,120] [20,45,73,80,83,115,122,123] [1,14,17,20,84,90,99,103] [10,39,41,52,56,63,75,79] [3,33,39,48,51,87,88,110] [36,44,51,72,80,90,95,111] [0,45,49,65,80,94,96,111] [18,19,30,35,50,69,74,113] [8,15,28,43,69,87,105,115] [2,30,34,53,71,73,79,97] [21,24,44,75,83,91,98,106] [3,8,10,28,34,55,62,110] [16,23,40,56,91,95,98,120] [14,26,30,73,80,83,122,123] [1,14,83,84,102,103,112,120] [39,52,56,58,63,75,116,119] [3,33,39,51,87,94,106,110] [24,44,51,72,90,95,103,111] [45,49,65,80,94,96,111,127] [30,34,50,52,69,74,113,120] [15,28,43,67,69,87,89,115] [2,42,53,61,73,100,101,106] [10,24,42,44,68,75,91,106] [3,8,28,29,34,55,62,115] [6,16,17,31,40,56,98,120] [14,20,73,80,83,111,115,123] [1,14,20,58,80,84,97,103] [28,31,32,65,75,80,101,115] [2,4,6,46,87,100,104,112] [6,13,20,54,71,81,98,107] [2,22,27,32,45,87,94,114] [5,52,55,67,80,97,98,104] [32,34,44,54,71,74,86,117]
Token  18: [2,18,22,61,80,84,103,118] [3,37,45,58,72,83,86,113] [24,72,82,84,117,118,122,125] [7,25,51,67,80,82,105,109] [11,19,25,43,47,58,83,91] [23,80,82,97,100,103,107,111] [26,38,39,52,56,63,75,116] [31,33,36,39,48,50,51,60] [18,36,44,80,90,95,109,111] [0,1,45,49,65,80,96,127] [34,36,50,52,74,83,107,113] [28,43,47,67,69,105,107,115] [2,34,42,63,68,73,79,97] [10,16,21,42,76,91,98,121] [3,10,19,28,29,34,55,79] [1,8,16,23,40,95,103,120] [14,20,30,55,73,80,83,98] [1,17,69,89,90,97,99,103] [39,41,52,56,58,63,110,116] [33,44,51,88,94,95,106,110] [36,44,45,86,90,95,109,116] [0,45,65,80,84,96,111,127] [19,30,34,39,50,69,108,113] [28,48,67,69,96,98,107,115] [2,34,42,63,73,79,97,107] [10,42,76,83,91,98,106,118] [3,6,10,34,66,75,79,109] [1,16,23,40,56,95,103,120] [14,30,45,55,73,80,84,117] [1,48,69,90,103,106,112,117] [46,52,56,63,85,104,110,116] [44,51,56,73,82,94,106,110] [33,67,86,90,95,106,109,122] [1,24,65,80,96,102,113,127] [30,50,52,64,69,108,113,123] [28,48,67,69,85,96,107,115] [2,42,63,73,85,97,99,114] [10,16,68,76,91,98,106,121] [3,28,48,53,55,75,79,115] [16,23,31,40,56,95,103,120] [20,45,55,73,80,84,115,124] [1,9,48,69,80,97,103,112] [24,31,36,37,64,80,101,115] [4,37,43,46,77,88,100,104] [6,53,71,73,81,98,104,107] [2,22,27,32,37,45,87,114] [22,52,55,63,67,97,98,101] [32,34,44,71,73,85,86,117]
Token  19: [18,51,57,92,103,106,110,111] [3,9,24,33,48,72,92,116] [10,36,41,50,90,111,122,125] [3,5,37,39,66,97,112,114] [11,23,37,47,50,56,63,119] [18,51,93,97,105,107,110,119] [46,52,63,87,101,104,110,116] [33,36,44,63,73,82,94,106] [21,35,44,67,86,90,109,123] [0,32,65,68,80,102,113,127] [18,30,39,50,103,107,108,123] [29,53,67,69,107,109,115,120] [2,34,42,63,68,73,97,114] [10,65,66,76,83,91,106,113] [3,10,16,34,53,55,105,109] [16,17,23,40,72,95,103,120] [14,55,78,80,83,84,119,126] [2,9,35,77,102,103,112,121] [22,46,63,87,89,104,111,119] [32,33,44,73,82,100,106,110] [35,38,44,67,86,90,123,124] [7,57,68,76,80,99,102,111] [18,25,30,50,69,83,94,98] [21,31,53,67,96,99,100,115] [2,14,17,34,46,65,115,127] [27,66,91,92,99,104,106,112] [3,16,36,53,55,66,105,115] [3,17,32,40,56,82,89,91] [1,14,78,80,105,114,119,126] [1,66,72,82,90,103,112,121] [20,23,63,104,109,110,111,119] [1,13,27,32,45,73,82,106] [9,33,44,47,67,88,95,123] [24,32,37,68,80,102,111,113] [7,18,25,30,71,82,94,103] [0,4,53,96,99,100,109,120] [2,4,14,17,42,92,125,127] [10,20,66,91,104,106,112,113] [3,10,15,16,53,55,105,125] [3,16,17,40,56,72,89,120] [12,14,30,43,55,80,115,119] [2,9,20,35,66,80,103,112] [18,23,27,80,93,102,115,123] [6,29,36,46,87,100,104,112] [6,20,27,48,69,81,98,104] [22,27,37,45,70,80,114,123] [22,52,55,60,80,98,115,117] [36,47,66,71,86,88,120,123]
Token  20: [28,51,83,87,91,112,124,125] [9,16,29,48,67,68,90,122] [4,5,23,36,67,76,100,125] [12,20,37,70,73,92,112,114] [10,11,27,37,38,48,50,119] [10,63,74,87,93,103,110,115] [46,63,64,104,110,111,116,118] [2,19,33,44,82,94,100,106] [15,18,20,35,43,44,86,90] [32,35,59,66,68,80,96,102] [18,30,36,69,88,103,109,111] [8,22,36,37,42,53,69,115] [0,2,14,26,34,41,42,73] [2,10,13,41,57,76,91,106] [3,53,55,60,63,69,102,109] [16,17,32,38,40,60,120,126] [14,30,42,48,60,80,84,108] [1,15,46,52,77,90,99,103] [46,52,56,63,64,110,116,119] [2,3,33,44,82,94,100,106] [15,18,20,44,65,67,86,90] [0,14,32,68,80,96,102,111] [18,30,36,50,69,98,103,109] [8,11,42,48,53,69,96,120] [2,26,34,42,54,57,73,91] [2,13,41,76,83,91,106,119] [3,16,47,53,55,69,102,110] [16,40,44,50,56,58,60,120] [14,30,55,60,80,108,110,122] [15,46,78,82,94,103,106,117] [46,52,63,64,85,104,110,116] [2,33,44,82,94,100,106,110] [18,44,45,67,72,86,90,95] [32,35,68,80,102,111,113,127] [18,23,30,36,50,69,103,108] [0,22,48,69,85,96,98,115] [2,14,26,42,63,73,101,115] [10,18,41,57,68,76,91,106] [3,16,34,53,55,60,80,102] [1,16,31,35,40,56,60,120] [15,55,60,80,84,108,110,115] [15,36,46,52,64,103,106,122] [8,23,24,49,73,80,90,125] [12,19,43,49,80,100,121,125] [6,11,13,23,45,88,98,99] [17,22,45,46,58,76,112,114] [5,29,30,39,80,81,104,105] [15,35,52,71,74,95,111,127]
Token  21: [72,76,95,100,102,110,119,122] [12,62,64,70,94,100,106,122] [16,40,75,77,78,87,99,125] [13,25,73,82,94,103,105,116] [11,12,50,52,73,92,118,126] [8,17,25,33,37,59,64,103] [34,35,44,53,56,63,71,107] [2,18,24,59,62,88,106,109] [38,53,57,61,72,90,102,127] [0,17,19,49,80,87,96,111] [3,16,18,30,47,57,85,103] [3,20,21,28,48,59,60,125] [2,9,21,56,65,73,96,105] [23,26,58,78,81,82,91,103] [1,3,17,55,67,81,100,110] [16,40,49,52,59,70,101,120] [30,80,81,83,89,103,105,115] [1,18,21,42,55,78,82,99] [24,26,34,39,44,56,63,116] [3,24,59,62,100,106,109,112] [38,45,46,53,57,65,72,90] [0,2,49,87,96,110,122,125] [16,19,26,56,68,78,94,98] [3,7,23,54,92,96,103,125] [2,8,9,21,56,65,85,96] [0,26,58,78,81,92,103,104] [4,17,32,38,81,100,110,115] [16,41,49,52,59,70,120,127] [48,65,81,83,89,103,105,115] [1,18,21,55,72,80,83,99] [13,24,26,44,63,75,83,107] [8,24,56,59,62,75,106,109] [3,5,21,53,90,99,101,102] [2,33,38,49,69,80,91,96] [3,5,9,16,75,92,98,118] [3,5,25,52,70,96,102,120] [4,26,28,59,65,92,111,127] [47,52,78,81,91,104,112,119] [1,3,49,81,92,102,115,125] [0,16,25,41,51,52,72,87] [34,35,40,42,65,94,111,115] [18,49,53,59,72,80,99,118] [4,24,47,50,66,70,77,114] [2,12,18,69,74,75,80,91] [11,16,42,62,70,88,99,114] [0,26,29,48,52,76,88,95] [5,9,54,76,81,84,104,126] [8,44,48,65,74,92,109,110]
Token  22: [32,46,48,49,58,72,78,118] [2,12,28,34,62,93,107,122] [2,14,51,77,90,100,115,125] [13,15,42,50,72,73,116,125] [11,23,38,46,50,51,63,113] [18,31,55,74,105,107,110,119] [13,14,46,52,63,64,104,116] [2,33,44,73,82,94,100,106] [44,64,67,86,90,95,102,111] [32,38,51,65,80,102,113,127] [16,18,30,50,83,88,103,108] [8,29,47,69,79,86,109,115] [2,25,26,42,68,97,114,125] [2,10,16,66,76,78,91,113] [3,8,11,34,53,55,105,110] [16,38,40,50,56,72,95,120] [43,48,55,80,84,89,119,122] [2,20,35,66,90,99,103,117] [13,46,52,63,104,110,116,119] [2,33,44,73,82,94,95,106] [5,21,36,64,67,86,90,95] [0,22,45,65,80,102,113,127] [6,16,30,50,64,108,113,123] [8,20,48,65,69,107,109,115] [2,42,71,73,79,97,114,125] [10,66,76,78,83,91,110,113] [3,8,34,53,55,66,105,110] [3,16,23,40,56,72,91,120] [11,14,30,43,80,84,119,122] [2,20,35,66,83,103,106,117] [3,46,63,66,85,104,110,116] [2,32,33,44,73,82,94,106] [21,43,44,45,67,86,90,95] [22,49,68,80,102,111,113,127] [18,30,50,69,83,88,103,108] [0,47,48,59,69,85,109,115] [2,26,42,68,73,104,114,125] [2,10,66,76,91,99,106,113] [3,8,39,53,55,58,102,105] [1,3,4,31,40,56,72,120] [11,43,51,80,84,115,119,126] [2,9,20,35,66,80,103,112] [18,25,27,80,93,98,102,123] [6,29,36,46,87,91,100,104] [6,14,20,27,48,81,98,104] [12,22,37,45,70,80,114,123] [22,52,55,60,75,80,98,115] [36,47,66,71,88,120,123,124]
Token  23: [0,23,28,41,62,87,124,125] [29,38,45,62,67,73,77,122] [4,36,73,76,100,125,126,127] [12,13,14,15,24,40,62,70] [5,11,27,28,50,57,60,77] [10,48,87,96,110,115,117,119] [46,63,64,86,104,110,116,118] [33,44,69,73,82,100,106,110] [20,44,67,86,95,111,118,123] [25,35,68,80,96,102,113,127] [10,18,30,41,50,88,95,124] [0,16,18,29,85,96,97,107] [0,2,14,26,38,42,103,114] [10,40,41,57,76,106,109,123] [3,6,34,47,53,60,75,99] [6,17,40,72,77,91,120,126] [6,14,60,78,80,83,94,110] [6,36,46,64,100,103,106,107] [52,63,65,66,104,110,116,118] [32,33,44,73,82,100,106,110] [3,6,20,67,86,90,95,123] [35,40,47,68,71,80,102,113] [10,23,30,41,50,88,95,124] [9,16,18,42,48,69,85,97] [0,2,14,17,25,42,73,103] [18,57,62,76,82,91,106,120] [3,47,53,55,60,71,73,75] [16,40,51,54,77,91,120,126] [14,30,44,60,78,80,94,110] [6,36,46,82,83,103,117,122] [3,63,66,75,110,112,116,118] [3,32,33,51,73,82,106,110] [3,20,67,86,90,95,101,116] [0,22,35,40,80,102,113,127] [6,10,23,30,41,69,88,124] [9,18,25,42,48,69,85,115] [0,2,14,25,39,42,73,103] [10,16,18,41,57,62,76,91] [3,8,34,47,55,60,71,102] [20,31,40,51,56,60,77,126] [6,44,60,80,94,108,110,115] [15,36,46,64,80,103,106,117] [8,24,49,73,80,90,123,125] [12,19,49,74,80,104,121,125] [6,11,23,45,72,88,98,99] [5,17,22,26,46,76,112,114] [22,30,39,52,80,81,96,105] [15,21,74,95,111,114,121,127]
Token  24: [16,47,53,66,104,107,111,120] [34,62,67,77,86,107,122,126] [10,14,40,74,87,111,116,125] [12,13,25,37,76,89,105,114] [0,11,23,25,26,43,74,77] [18,80,93,107,110,119,122,125] [13,52,56,63,75,85,110,116] [33,50,51,60,73,82,87,106] [64,67,86,90,95,103,111,123] [0,22,80,84,94,102,113,127] [14,30,39,50,64,83,103,108] [48,69,75,86,98,115,120,122] [2,18,26,42,53,63,73,97] [10,16,21,42,44,75,76,91] [3,11,19,34,55,79,80,110] [8,16,38,40,60,91,95,120] [7,40,48,60,80,83,89,115] [1,15,18,53,99,103,106,117] [13,52,56,58,63,75,110,116] [3,33,51,62,75,87,106,110] [18,57,64,72,90,95,114,116] [0,47,80,94,96,106,113,127] [10,19,30,50,75,108,113,127] [1,9,30,48,54,69,107,115] [2,9,42,53,71,73,97,126] [10,44,75,76,83,91,106,110] [3,6,8,11,34,55,80,110] [16,40,55,56,60,91,95,120] [7,14,30,40,60,80,83,89] [1,6,52,53,68,103,106,117] [52,56,63,75,85,104,110,116] [26,51,60,73,82,87,106,110] [35,44,64,67,86,90,95,116] [22,49,80,94,102,111,113,127] [2,30,39,50,64,69,80,108] [67,69,85,86,98,107,115,120] [2,32,39,42,53,63,73,97] [10,21,44,65,75,76,91,106] [3,8,21,34,55,75,79,80] [1,31,40,56,60,91,95,120] [7,15,18,40,60,80,83,115] [15,52,53,80,85,103,106,117] [22,24,37,59,73,80,123,125] [36,43,49,56,81,100,104,112] [6,27,37,45,54,80,81,122] [20,22,37,46,80,112,114,123] [22,39,44,52,80,82,105,124] [27,32,34,35,71,74,90,95]
Token  25: [0,7,34,62,63,101,116,125] [24,34,67,76,86,99,107,122] [8,9,14,50,54,70,81,125] [1,62,71,76,87,97,108,117] [0,11,22,29,74,87,110,114] [18,24,34,54,80,90,122,126] [13,42,52,63,75,85,110,116] [33,60,73,82,87,95,106,110] [33,39,64,67,86,90,95,118] [22,33,68,80,94,102,113,127] [30,39,64,69,83,107,108,121] [37,50,69,85,86,98,107,115] [12,30,42,53,63,73,97,118] [10,44,65,75,76,91,98,102] [3,8,34,39,55,75,82,111] [1,35,40,60,87,91,95,120] [7,18,40,45,51,60,80,89] [37,53,85,89,103,104,106,117] [42,52,63,75,85,89,104,110] [26,33,73,82,95,100,106,110] [33,39,64,67,86,90,95,106] [22,33,68,80,94,102,113,127] [6,18,30,39,64,69,107,108] [59,69,85,86,98,107,115,122] [39,42,53,61,63,73,97,118] [10,44,65,75,76,91,102,106] [3,11,34,39,53,55,82,111] [1,6,40,56,87,91,95,120] [7,14,40,45,60,78,80,114] [6,37,53,68,85,103,106,117] [3,52,63,75,85,89,104,110] [26,32,33,73,82,100,106,110] [33,44,64,67,86,90,95,122] [22,33,80,94,99,102,113,127] [2,18,30,52,62,64,69,108] [50,59,85,86,98,107,115,122] [32,42,53,63,70,73,76,118] [10,44,65,75,76,91,102,108] [8,21,34,39,55,58,82,99] [1,31,35,40,56,87,91,95] [7,40,51,60,78,80,83,115] [6,53,80,85,103,106,117,126] [22,24,37,73,80,98,123,125] [6,36,49,81,87,100,104,112] [6,27,37,44,54,80,81,104] [12,20,22,37,80,112,114,123] [22,44,52,55,80,82,98,124] [27,32,35,71,85,90,95,99]
Token  26: [28,30,51,62,66,67,68,77] [7,23,67,99,113,114,116,122] [8,9,23,36,50,70,73,90] [1,39,51,62,76,77,117,121] [0,1,11,22,43,77,87,116] [18,48,56,78,80,90,122,126] [63,75,85,86,104,110,116,119] [33,39,51,73,82,87,106,110] [4,27,44,64,67,86,90,95] [22,33,68,80,94,102,113,127] [30,39,62,64,95,108,121,122] [0,16,52,69,86,104,107,115] [30,38,42,53,57,58,63,85] [10,44,65,75,91,102,108,123] [3,19,34,39,53,55,82,99] [6,40,56,77,87,91,95,120] [18,40,77,78,80,83,115,126] [0,6,65,103,104,106,107,117] [52,63,75,85,86,104,110,119] [26,32,33,73,82,100,106,110] [4,14,33,64,67,86,90,95] [1,22,33,35,49,80,113,127] [30,41,64,69,95,107,108,121] [0,16,28,85,86,97,98,115] [32,38,42,53,58,73,103,118] [10,45,91,95,102,108,109,123] [6,18,19,34,53,55,82,99] [1,33,40,56,77,87,91,120] [18,29,40,77,78,80,83,109] [0,6,36,65,103,104,106,117] [52,55,63,75,85,86,110,118] [26,32,45,51,73,82,106,110] [4,33,44,46,64,67,90,95] [22,33,35,49,80,94,113,127] [2,30,64,69,95,108,122,124] [16,33,85,86,97,98,114,115] [16,32,38,42,53,73,101,103] [10,89,91,95,102,108,109,123] [3,18,34,55,82,99,109,111] [20,31,33,54,56,77,87,91] [13,29,44,77,80,109,111,115] [0,6,63,65,80,85,103,106] [20,24,70,73,75,80,98,126] [16,47,74,75,100,104,112,121] [6,8,13,23,72,80,81,110] [5,12,22,37,47,83,87,114] [5,10,22,52,96,104,122,123] [15,21,31,44,74,90,114,127]
Token  27: [31,63,70,81,83,107,118,120] [8,20,34,39,41,46,113,116] [10,53,67,70,72,81,84,88] [6,62,67,76,85,87,111,121] [11,29,76,79,85,95,106,124] [18,24,42,61,90,114,122,125] [8,13,55,56,83,85,105,110] [33,39,49,51,73,98,100,106] [44,64,66,84,90,95,118,121] [9,68,80,98,102,110,113,127] [30,39,61,64,73,105,108,122] [26,29,49,61,69,98,115,122] [34,42,63,73,79,97,107,109] [6,10,28,65,76,80,91,102] [3,8,10,34,39,48,82,111] [1,6,16,40,85,91,95,99] [8,18,40,45,60,80,89,124] [1,19,37,53,103,106,117,122] [9,52,56,63,64,75,85,110] [33,48,73,82,95,100,106,110] [44,64,66,67,84,90,95,106] [0,9,22,33,80,102,113,127] [18,30,61,64,69,73,105,108] [20,26,28,49,61,69,98,115] [18,42,53,63,73,97,99,107] [6,10,28,76,80,91,106,108] [3,10,34,48,55,82,110,111] [1,16,23,40,56,85,87,91] [8,14,30,40,78,80,111,124] [6,19,30,53,68,103,106,117] [52,55,63,75,85,110,116,119] [26,32,33,45,73,82,106,110] [33,44,64,66,67,86,90,95] [22,33,80,98,99,102,113,127] [2,30,64,69,73,83,90,108] [0,20,26,69,78,96,107,115] [42,50,73,76,79,99,107,115] [6,10,65,80,83,91,108,118] [6,10,39,48,55,58,79,99] [1,23,31,35,40,56,85,91] [8,18,40,60,80,83,115,124] [15,19,53,69,80,103,106,117] [21,22,24,68,73,80,123,125] [6,19,36,49,81,88,104,112] [0,6,27,37,44,45,81,88] [17,20,22,37,80,112,114,123] [22,44,52,55,80,81,82,124] [27,32,35,73,85,90,95,111]
Token  28: [28,33,51,62,64,67,70,77] [8,22,25,67,78,99,114,122] [4,36,62,70,73,90,119,121] [1,19,29,37,62,76,77,121] [0,11,18,22,37,87,116,119] [18,24,48,78,90,96,119,122] [55,63,64,66,85,104,110,116] [33,36,44,73,82,100,106,110] [4,33,67,70,79,86,95,123] [22,35,68,79,80,102,113,127] [30,52,64,67,95,107,108,119] [0,16,29,53,81,92,97,107] [14,32,38,42,67,87,95,103] [10,40,65,91,102,108,109,123] [3,6,18,34,39,53,82,99] [1,6,33,40,50,77,91,120] [1,13,18,40,75,78,80,109] [0,6,65,77,104,106,112,117] [63,64,65,85,97,104,110,119] [20,32,33,44,73,82,106,110] [4,10,33,67,70,86,90,95] [1,22,35,68,79,80,113,127] [2,18,30,64,67,95,108,124] [9,16,20,33,85,92,97,107] [14,25,32,38,39,42,61,103] [10,40,62,91,102,108,109,123] [6,18,55,64,82,99,111,116] [1,25,31,33,40,77,87,91] [29,30,35,44,77,78,80,109] [0,6,36,65,92,102,104,106] [55,63,75,85,88,110,116,118] [20,26,33,73,82,93,106,110] [4,22,33,64,67,70,86,95] [22,24,33,35,79,80,113,127] [2,30,33,64,69,95,108,124] [16,25,73,78,81,86,92,97] [14,16,32,38,42,67,73,103] [10,62,91,95,102,108,109,123] [3,18,22,34,55,64,82,111] [20,31,33,40,51,77,87,91] [13,29,44,77,80,109,114,115] [0,6,49,63,65,80,85,106] [8,16,18,20,24,75,80,126] [2,16,47,75,99,104,112,121] [6,11,23,44,72,80,81,110] [5,22,26,37,47,83,87,114] [1,5,10,22,45,52,98,123] [15,21,31,44,74,90,114,127]
Token  29: [2,21,51,63,93,97,118,120] [23,41,46,53,83,116,123,126] [8,9,53,69,70,92,116,117] [1,26,76,85,101,117,121,123] [0,11,22,29,76,79,91,105] [18,23,80,90,96,111,125,126] [13,42,52,63,85,88,110,116] [26,43,72,73,82,95,100,106] [27,39,64,79,90,95,103,123] [22,48,68,80,92,102,113,127] [1,30,39,64,108,119,122,123] [29,37,58,75,86,98,107,115] [25,42,53,60,63,69,97,123] [10,44,55,76,79,91,95,121] [3,19,28,34,39,79,82,111] [1,6,16,55,71,91,95,112] [4,18,20,40,45,75,80,89] [1,45,53,61,85,97,106,117] [42,50,52,56,63,75,85,110] [26,33,51,82,95,100,106,110] [33,39,40,44,64,67,90,95] [0,1,22,48,80,102,113,127] [18,30,39,52,64,108,122,123] [37,58,69,75,86,98,107,115] [2,42,53,63,69,73,97,123] [10,40,55,71,79,91,95,121] [3,19,28,34,55,82,109,111] [3,16,40,55,87,91,95,112] [4,14,20,30,45,78,80,89] [45,61,77,97,103,106,112,120] [42,52,56,63,85,110,116,127] [32,33,51,82,95,100,106,110] [27,35,44,64,67,86,90,95] [22,43,48,68,80,102,113,127] [13,18,30,64,69,108,119,123] [13,26,29,58,86,107,115,122] [2,30,42,43,60,68,120,123] [10,55,79,91,95,99,107,121] [3,10,19,28,39,55,79,111] [3,4,31,40,87,90,112,120] [4,7,20,45,80,114,115,121] [1,45,61,80,82,85,97,103] [14,23,37,59,68,80,101,115] [4,36,46,65,81,100,104,112] [6,54,56,69,71,81,98,104] [22,27,32,37,45,80,114,127] [22,52,55,67,68,97,101,104] [32,34,71,85,86,104,117,124]
Token  30: [4,14,22,51,57,103,106,111] [9,24,44,46,48,56,116,126] [36,53,69,70,90,92,122,125] [1,19,26,29,87,94,114,121] [11,23,29,43,63,64,77,105] [18,24,51,58,90,105,122,126] [39,52,63,85,86,108,110,111] [33,44,73,82,95,100,106,110] [28,35,44,67,86,90,95,123] [22,32,48,68,80,102,113,127] [13,18,30,63,64,103,119,123] [29,47,90,106,107,109,115,122] [41,42,43,60,65,68,69,123] [10,30,55,66,79,91,107,113] [3,10,16,34,39,53,105,111] [3,4,23,38,40,50,91,120] [4,12,43,80,83,101,114,119] [2,35,45,66,77,103,106,117] [42,52,63,64,75,85,104,110] [26,33,73,82,95,100,106,110] [28,35,39,44,86,90,95,99] [22,32,48,68,80,102,113,127] [13,18,30,64,103,108,119,123] [47,58,79,85,107,109,115,122] [2,34,36,42,43,60,68,123] [10,55,66,79,91,106,107,113] [3,16,34,55,57,82,105,111] [3,6,17,34,40,91,120,121] [4,12,14,43,78,80,114,119] [2,35,45,66,77,82,106,112] [22,52,63,85,104,110,111,116] [32,33,44,82,95,100,106,110] [21,35,44,67,86,90,95,123] [17,32,48,68,80,102,111,127] [13,14,18,30,69,94,103,123] [13,20,79,96,109,111,115,122] [2,30,36,42,43,68,120,123] [10,55,66,91,99,106,107,113] [3,10,11,16,55,69,105,111] [3,4,6,31,34,40,100,120] [4,12,30,43,80,114,115,119] [2,9,35,45,61,66,77,103] [18,23,27,80,93,102,115,123] [6,29,36,46,65,87,100,104] [6,20,27,48,56,81,98,104] [20,22,27,37,45,70,80,114] [22,52,55,80,98,101,104,115] [36,47,66,71,86,88,120,123]
Token  31: [7,17,21,28,34,51,67,77] [16,45,48,63,75,114,116,122] [8,36,41,65,90,92,100,125] [10,25,29,73,77,93,94,114] [10,11,22,34,57,77,87,105] [23,31,58,71,97,105,114,122] [39,52,56,63,85,104,115,116] [33,44,82,94,95,100,106,110] [4,15,35,44,83,86,122,123] [17,32,62,68,80,102,124,127] [9,13,18,30,64,100,119,123] [1,8,29,50,79,85,115,122] [2,25,36,42,43,54,60,123] [2,10,55,91,102,106,107,113] [3,16,34,55,64,101,111,123] [3,12,17,38,40,50,95,120] [4,10,14,43,51,80,114,119] [1,2,34,35,66,75,103,126] [39,52,63,64,85,110,115,116] [2,33,44,82,95,100,106,110] [4,35,44,45,67,86,90,95] [32,48,68,69,71,80,102,127] [6,13,18,30,64,103,119,123] [9,20,29,50,85,107,115,122] [2,36,39,42,43,54,71,123] [2,10,18,55,91,102,106,113] [3,16,55,59,64,73,101,111] [3,4,6,16,34,37,40,120] [10,14,30,43,51,80,114,119] [2,13,35,61,66,77,112,126] [22,52,63,85,104,111,115,116] [32,33,44,82,95,100,106,110] [4,15,35,44,67,86,90,101] [0,17,32,33,68,80,102,111] [13,18,30,33,40,69,103,119] [20,21,28,50,85,96,115,122] [2,25,30,32,36,42,43,103] [10,66,91,102,106,107,113,127] [3,11,16,55,64,73,96,111] [3,4,31,33,37,40,77,120] [4,13,30,43,51,80,115,119] [0,2,35,61,66,77,80,126] [18,23,38,80,86,98,102,126] [16,29,36,46,47,87,100,104] [3,6,20,27,44,48,98,121] [20,22,27,37,45,70,87,114] [22,52,55,68,98,104,115,117] [26,47,66,71,86,120,123,127]
Token  32: [28,83,87,91,95,112,124,125] [16,29,45,67,68,77,113,122] [5,36,56,67,72,76,115,125] [3,12,20,70,73,84,93,114] [10,11,27,37,38,57,60,101] [10,58,74,93,97,110,114,122] [52,63,65,85,103,104,115,118] [2,19,32,33,44,82,100,106] [14,15,20,35,44,83,86,123] [32,35,41,62,68,80,102,127] [13,18,30,63,70,95,109,119] [15,16,29,42,53,96,115,122] [0,2,4,34,42,43,57,65] [10,36,40,41,57,91,106,123] [3,16,18,53,60,68,109,111] [2,6,20,32,37,38,40,120] [4,33,44,46,80,108,110,114] [0,1,65,75,77,88,103,122] [52,56,63,64,85,104,110,118] [2,33,44,73,82,100,106,110] [14,35,44,83,86,90,95,103] [32,35,41,47,80,102,113,127] [13,18,30,64,70,95,103,119] [9,16,29,42,53,85,115,122] [2,14,38,39,42,43,61,123] [2,18,36,57,91,106,109,123] [3,16,18,34,55,59,102,111] [6,16,20,32,40,44,95,99] [14,33,44,77,80,108,110,114] [0,63,64,65,77,103,120,122] [52,56,63,85,104,110,112,118] [2,33,43,51,82,100,106,123] [18,20,27,35,44,86,90,95] [32,35,41,80,102,111,113,127] [6,13,30,69,70,95,121,124] [1,9,16,42,53,85,97,115] [0,14,25,38,42,57,73,103] [10,18,36,41,57,91,109,123] [3,18,47,55,60,102,109,111] [6,20,31,37,40,51,90,107] [23,29,44,77,80,108,110,115] [0,63,64,65,80,85,103,122] [23,24,25,47,49,59,80,126] [46,47,49,56,75,104,121,125] [6,8,11,13,37,80,94,110] [5,22,47,76,83,87,95,114] [1,5,10,45,52,122,123,124] [15,21,31,44,74,82,92,127]
Token  33: [0,40,43,65,72,73,98,100] [18,38,70,94,100,119,122,127] [16,38,40,57,84,88,99,123] [2,6,31,71,84,89,116,124] [11,52,73,76,81,85,106,115] [8,37,59,61,64,66,103,125] [8,56,63,76,83,105,112,116] [24,49,51,59,75,88,109,112] [65,72,84,90,95,103,116,121] [0,9,49,96,110,113,125,127] [18,30,52,53,56,61,78,105] [23,24,49,54,61,69,115,125] [15,42,56,65,79,96,97,99] [6,15,23,28,42,58,78,91] [3,11,17,20,48,90,110,111] [8,10,16,38,55,85,95,101] [8,18,39,73,80,83,115,124] [1,18,19,42,69,99,105,117] [8,56,75,85,105,107,110,112] [3,24,49,51,59,60,109,112] [65,84,90,95,103,114,116,121] [0,9,49,96,110,113,125,127] [18,19,31,56,61,68,78,105] [1,3,23,24,49,54,61,69] [2,15,56,71,73,79,96,99] [6,15,26,28,58,78,106,110] [3,4,14,17,20,48,86,110] [2,10,16,59,70,85,101,127] [8,39,48,62,73,81,115,124] [1,19,21,33,42,55,105,118] [24,56,63,83,105,107,122,126] [3,18,49,51,59,75,109,112] [65,72,84,90,103,114,116,121] [0,2,9,96,110,122,123,125] [19,50,56,61,68,78,90,105] [3,23,24,49,54,61,121,125] [2,21,23,65,73,79,96,99] [15,23,26,28,58,78,110,118] [3,17,20,32,55,86,100,104] [16,31,40,52,70,85,101,127] [30,39,48,73,81,105,115,124] [1,19,21,42,48,69,80,82] [14,24,31,32,64,80,113,115] [31,37,46,77,88,100,104,120] [6,25,53,69,73,90,98,107] [22,27,32,45,54,87,101,114] [11,34,38,52,60,97,98,127] [20,57,58,73,74,86,105,109]
Token  34: [21,50,51,57,75,103,106,110] [3,6,9,28,48,62,95,122] [12,41,84,90,111,115,122,125] [4,23,39,56,71,87,115,118] [11,23,50,52,56,58,83,119] [37,47,51,59,68,73,103,105] [8,26,27,34,56,63,112,116] [3,18,24,33,44,51,106,109] [18,36,38,72,90,103,109,116] [0,9,32,49,65,80,96,122] [30,47,53,68,78,90,105,123] [24,48,54,61,63,69,109,125] [2,15,24,56,65,79,96,97] [6,23,26,28,66,91,98,118] [3,4,16,17,48,81,90,110] [10,16,17,70,72,85,101,103] [73,81,83,89,103,115,119,124] [1,18,19,55,78,83,99,122] [8,24,26,41,56,105,122,126] [3,18,24,49,59,62,75,112] [57,65,66,72,84,114,116,121] [0,9,49,96,98,110,122,125] [19,31,56,61,68,78,90,105] [3,23,24,26,49,54,61,103] [15,21,23,24,73,79,99,107] [15,26,28,33,58,78,80,118] [3,4,14,16,48,105,110,115] [0,2,16,59,70,72,120,127] [12,48,81,82,83,89,115,119] [1,18,66,75,78,90,99,120] [24,56,63,75,83,105,107,126] [3,33,49,59,62,75,109,112] [18,36,65,66,72,90,114,121] [32,49,65,96,98,111,122,125] [16,36,50,56,69,78,90,98] [3,23,54,59,63,109,121,125] [2,21,23,24,56,73,79,114] [23,66,82,91,98,106,110,118] [3,8,16,38,55,66,90,105] [16,31,40,59,72,89,103,120] [12,30,43,80,105,115,119,122] [2,9,35,66,78,82,90,103] [14,18,23,27,80,93,102,115] [6,29,37,46,87,100,104,120] [6,20,48,69,81,98,104,121] [22,27,45,54,58,70,80,114] [52,55,60,68,80,98,115,127] [36,47,66,86,88,112,120,123]
Token  35: [3,23,28,51,77,112,118,125] [16,28,29,45,48,68,90,122] [15,23,36,56,64,76,95,125] [24,37,70,92,101,112,114,119] [11,27,28,50,58,83,97,104] [10,17,39,75,87,88,99,103] [22,41,44,56,58,63,116,118] [9,24,31,33,51,88,94,123] [6,15,18,20,72,80,90,111] [23,32,35,49,65,80,89,96] [18,50,53,85,88,103,109,111] [8,9,14,21,22,43,52,69] [2,25,26,56,65,73,75,79] [2,23,41,76,82,83,91,98] [3,16,47,55,60,90,102,115] [16,17,31,38,40,72,83,120] [23,30,60,81,83,110,115,122] [9,46,52,64,90,99,103,112] [13,22,41,56,58,63,112,116] [31,33,48,51,59,75,88,100] [6,18,36,44,45,72,90,111] [0,32,49,65,80,96,111,122] [26,35,36,50,69,85,103,109] [8,22,42,60,64,68,96,105] [0,2,23,26,34,57,73,79] [2,41,57,83,91,106,110,118] [3,47,55,60,69,102,110,115] [16,17,32,40,72,99,120,126] [23,30,60,80,83,108,110,122] [15,46,52,78,94,103,120,122] [39,56,58,63,75,112,116,118] [3,31,33,51,59,75,106,123] [6,18,20,44,72,90,111,114] [32,35,47,49,65,80,96,111] [18,30,36,50,69,103,109,113] [8,42,43,48,54,69,85,115] [0,2,26,42,57,73,75,79] [10,18,41,57,76,82,91,106] [3,8,34,47,55,60,80,102] [16,17,20,31,40,60,95,120] [23,60,80,83,108,110,115,122] [15,17,36,46,52,64,80,103] [14,24,49,68,74,80,90,125] [12,19,43,49,74,100,121,125] [6,11,13,23,45,88,98,99] [5,17,22,26,46,58,76,112] [29,30,39,80,81,96,104,105] [15,35,52,71,74,95,111,127]
Token  36: [2,51,63,73,81,97,111,120] [32,45,53,86,105,107,109,122] [8,10,14,54,62,72,112,125] [13,20,25,57,87,105,111,119] [0,23,25,58,74,83,95,104] [22,34,68,80,82,97,114,122] [8,13,34,39,56,63,111,112] [3,24,33,51,59,87,95,109] [15,18,36,64,80,90,111,116] [0,32,49,65,89,94,96,98] [18,30,36,50,53,90,108,113] [8,48,67,69,86,93,115,125] [26,53,56,65,73,79,107,118] [21,44,82,83,91,98,102,118] [3,8,10,55,63,79,80,110] [2,16,23,31,38,60,95,127] [7,15,48,60,83,91,115,122] [1,15,18,25,52,55,99,103] [8,13,52,56,75,107,112,126] [3,24,48,50,51,59,87,95] [5,18,36,57,72,90,114,116] [0,32,49,65,94,96,98,122] [16,19,36,69,73,75,90,113] [4,11,15,26,48,54,65,107] [23,56,57,73,79,92,107,118] [33,44,78,83,91,102,110,118] [3,4,10,55,79,80,103,110] [2,16,23,44,50,59,91,120] [7,26,48,83,89,91,115,122] [15,18,52,78,90,99,103,120] [13,39,56,58,63,75,107,112] [3,33,51,56,75,95,106,109] [5,18,36,72,90,101,111,114] [0,49,51,65,80,94,96,98] [6,19,30,36,50,69,90,113] [8,15,43,48,54,65,69,115] [2,23,42,53,73,79,107,118] [21,44,75,76,83,91,98,118] [3,8,11,34,55,79,80,110] [16,31,40,60,86,87,94,120] [7,11,15,60,80,83,115,122] [15,17,46,52,80,90,103,106] [14,24,37,68,74,76,80,125] [12,19,43,49,56,104,112,120] [6,25,37,39,45,83,88,99] [5,17,22,24,46,58,63,112] [22,29,30,39,80,81,84,105] [6,35,52,71,74,95,108,111]
Token  37: [28,29,51,62,77,111,116,126] [11,45,58,78,86,107,113,122] [9,15,24,36,72,119,121,125] [7,19,25,29,51,101,109,111] [11,25,39,47,74,83,91,95] [18,31,78,80,82,97,100,103] [26,39,41,56,63,79,112,116] [3,31,33,39,51,84,87,106] [18,24,44,51,72,80,90,111] [0,45,49,51,65,80,94,96] [30,34,36,50,52,74,83,113] [15,28,67,69,87,93,105,115] [2,18,25,42,53,73,79,97] [21,24,44,68,75,83,91,98] [3,10,11,19,28,34,55,62] [8,16,23,31,38,50,95,98] [20,73,80,83,111,115,122,123] [1,14,17,84,90,99,103,122] [10,13,41,52,56,63,75,112] [3,33,39,48,51,62,87,100] [5,18,36,51,72,90,111,114] [0,45,49,51,65,80,94,96] [6,19,34,35,36,50,69,113] [8,20,28,54,65,69,87,115] [2,9,23,71,73,79,107,118] [24,33,37,44,83,91,106,118] [3,9,10,19,28,55,62,110] [2,8,12,16,23,44,50,98] [26,73,80,83,91,115,122,123] [6,14,18,68,83,90,103,120] [3,39,52,56,58,63,75,112] [3,33,39,51,62,87,106,109] [5,18,24,51,90,95,114,116] [0,45,49,51,65,80,94,96] [6,19,30,34,36,50,69,113] [15,21,28,43,67,69,87,115] [6,39,53,61,71,73,101,106] [24,37,42,44,83,91,106,110] [3,8,11,28,29,55,62,110] [6,16,17,31,40,48,56,98] [14,20,73,80,83,115,122,123] [1,14,20,58,80,84,97,103] [28,65,68,75,76,80,101,115] [2,4,6,46,87,100,104,112] [6,13,32,54,71,81,98,107] [2,22,27,37,45,87,94,114] [17,22,52,55,67,80,97,98] [32,34,44,54,71,74,86,117]
Token  38: [2,18,22,61,80,84,103,118] [3,37,45,58,72,83,86,113] [12,24,72,82,84,117,122,125] [7,25,51,67,80,82,105,109] [11,19,25,43,47,58,83,91] [23,80,82,97,100,103,107,111] [26,38,39,41,56,63,75,116] [31,33,39,50,51,60,62,109] [18,36,44,80,90,95,109,111] [0,1,45,49,65,80,96,127] [34,36,52,69,83,90,108,113] [28,47,48,67,69,106,107,115] [18,25,42,65,68,73,79,97] [16,21,42,83,91,98,118,121] [3,10,11,19,28,34,55,79] [8,16,23,26,40,95,99,103] [48,55,73,80,83,89,115,122] [1,17,69,89,90,99,103,122] [41,52,56,58,63,75,104,110] [3,33,48,51,62,88,106,110] [36,44,65,72,90,95,109,116] [0,65,80,96,98,111,122,127] [19,30,34,36,50,69,90,113] [28,48,54,65,67,69,107,115] [2,23,42,65,73,79,97,107] [33,42,83,91,104,106,110,118] [3,10,19,55,66,79,109,110] [16,23,40,44,50,99,103,112] [14,30,55,73,80,98,115,122] [1,48,69,83,90,103,106,120] [3,52,56,63,85,107,110,116] [3,51,56,73,75,82,106,110] [18,44,67,90,95,106,109,116] [0,65,69,80,96,102,113,127] [30,36,50,51,69,98,108,123] [28,48,61,63,65,67,69,96] [2,23,42,61,73,79,97,114] [10,13,16,76,91,110,118,121] [3,11,28,29,48,53,55,79] [16,23,31,40,50,56,103,112] [20,45,55,73,80,115,122,124] [1,9,48,69,80,97,103,112] [31,36,37,64,68,80,101,115] [4,37,46,77,83,88,100,104] [6,14,53,73,81,98,104,107] [2,22,27,32,37,45,87,114] [22,52,55,63,67,97,98,101] [32,34,44,71,73,85,86,117]
Token  39: [18,51,57,92,103,106,110,111] [3,9,24,33,48,72,92,116] [10,36,41,90,107,111,122,125] [5,37,39,51,66,71,97,112] [11,23,37,47,50,56,63,119] [18,51,93,97,105,107,110,119] [46,63,66,87,101,108,110,116] [33,36,44,73,82,94,106,110] [28,35,44,67,86,90,109,123] [0,32,68,80,96,102,113,127] [18,30,36,50,63,103,108,123] [28,29,48,53,67,69,107,109] [2,34,42,65,68,79,97,114] [10,58,65,66,76,83,91,106] [3,10,34,39,53,55,90,109] [6,16,17,23,32,40,72,89] [1,14,55,78,80,114,119,126] [2,34,35,77,100,103,112,121] [56,63,65,87,89,104,111,119] [32,33,44,45,48,82,100,106] [35,40,44,67,86,90,95,123] [7,68,76,80,81,99,102,111] [18,23,30,69,71,83,94,98] [21,22,53,67,99,100,115,122] [2,4,14,34,42,46,115,127] [2,66,91,92,99,104,106,112] [3,53,57,66,69,86,105,115] [6,16,17,32,40,56,75,91] [1,14,55,78,80,114,119,127] [1,66,72,82,93,103,112,121] [14,63,75,86,87,89,104,111] [1,5,32,45,73,82,100,106] [9,32,35,44,67,95,109,123] [7,32,49,76,80,99,102,111] [2,7,18,30,82,85,94,103] [4,53,78,96,99,100,109,120] [2,4,14,42,92,108,114,127] [10,20,66,89,91,104,106,112] [3,15,16,53,55,105,109,125] [11,16,26,32,40,72,75,84] [1,12,42,48,80,115,119,122] [2,18,35,66,80,88,103,124] [18,27,43,68,80,102,115,123] [6,29,36,46,65,87,100,104] [6,20,27,48,69,81,98,104] [22,32,37,45,58,70,80,114] [22,52,55,80,98,104,115,117] [36,47,66,71,86,88,120,123]
Token  40: [28,51,83,87,91,112,124,125] [9,16,29,48,67,68,90,122] [4,5,23,36,67,76,100,125] [12,20,37,70,73,101,112,114] [11,27,37,38,48,50,57,119] [10,63,74,87,93,103,110,115] [46,63,104,110,111,115,116,118] [2,19,33,44,82,94,100,106] [15,18,20,35,44,67,86,90] [0,32,35,59,66,68,80,102] [18,30,36,63,69,88,103,109] [8,22,36,37,42,48,53,69] [2,14,25,26,34,41,42,73] [2,13,18,57,76,83,91,106] [3,53,55,60,63,66,102,109] [16,17,31,32,38,40,99,126] [14,42,48,80,84,108,115,122] [1,13,46,77,90,99,103,122] [3,46,52,56,63,65,112,119] [2,24,32,33,75,82,100,106] [5,18,20,65,67,86,90,123] [0,14,32,47,69,80,102,111] [6,18,36,41,94,102,103,109] [4,20,22,48,52,53,64,96] [2,26,28,57,78,85,91,111] [2,13,43,83,91,106,110,119] [3,24,27,29,73,91,102,110] [16,26,40,44,50,51,59,99] [48,60,80,87,91,94,100,122] [13,46,68,78,94,99,122,124] [3,13,52,63,107,111,112,119] [2,24,33,41,44,56,82,106] [5,15,18,67,72,90,114,118] [0,23,32,47,80,96,111,123] [6,23,30,36,41,50,69,103] [21,22,25,28,31,48,52,99] [14,26,28,42,57,61,71,73] [13,18,41,45,76,91,106,125] [3,11,16,53,55,73,91,102] [16,31,40,50,60,84,120,126] [60,80,91,94,108,110,115,122] [15,36,46,52,64,80,103,122] [8,23,24,49,68,80,90,125] [12,19,49,75,80,100,121,125] [6,11,23,39,45,88,98,99] [5,17,22,26,45,46,76,112] [5,29,30,39,52,81,96,105] [15,44,71,74,92,95,111,127]
Token  41: [72,76,95,100,102,110,119,122] [12,62,64,70,94,100,106,122] [40,75,77,78,87,99,113,125] [20,25,73,82,103,105,112,116] [11,12,50,52,73,92,118,126] [8,17,25,33,37,59,64,103] [24,34,44,53,56,63,71,107] [18,24,45,59,62,88,106,109] [38,53,57,65,72,90,116,127] [0,10,17,19,49,80,87,96] [3,16,18,30,47,57,85,103] [3,21,24,28,59,60,90,125] [2,9,15,56,65,96,105,115] [0,15,23,26,28,58,78,91] [3,4,17,67,81,100,110,115] [16,40,49,52,59,70,101,120] [30,65,80,81,83,89,105,115] [1,18,19,21,42,55,82,83] [24,26,34,44,63,75,105,116] [3,24,49,59,62,100,106,112] [38,45,53,65,72,84,111,121] [0,9,49,87,96,110,122,125] [26,56,58,61,68,78,90,98] [3,7,23,24,49,54,61,125] [9,15,23,56,65,85,96,99] [0,15,26,28,58,78,103,104] [4,17,32,48,55,81,100,110] [16,49,52,59,70,101,120,127] [39,48,81,83,89,103,105,115] [1,18,21,55,78,82,83,99] [8,24,26,44,53,63,105,126] [18,24,59,62,75,106,109,112] [38,53,57,65,72,90,116,121] [10,49,69,87,96,110,122,125] [16,26,56,68,78,90,98,105] [3,4,7,21,23,96,121,125] [21,23,56,65,73,79,85,96] [0,20,26,47,78,103,104,112] [17,29,81,86,92,100,102,125] [0,11,25,32,49,59,75,120] [35,42,70,82,107,111,115,122] [21,34,49,54,59,72,88,118] [4,8,17,56,66,70,111,114] [2,18,74,75,80,82,91,96] [5,6,11,25,42,62,94,114] [29,48,76,77,88,90,95,121] [16,33,43,46,54,62,81,99] [39,46,48,53,65,93,109,110]
Token  42: [32,46,48,49,58,72,78,118] [2,12,28,34,62,93,107,122] [2,14,51,77,90,100,115,125] [3,13,15,42,50,73,116,125] [11,23,38,50,63,70,83,113] [18,31,55,74,105,107,110,119] [13,14,39,52,63,85,110,116] [2,33,44,73,82,94,100,106] [18,44,56,64,67,86,90,111] [0,32,38,51,80,102,113,127] [18,30,50,69,83,88,103,108] [20,22,29,47,69,86,109,115] [2,25,26,42,68,71,114,125] [2,18,66,76,78,83,91,113] [3,10,11,34,53,55,105,110] [16,31,38,40,72,95,120,127] [11,43,48,55,80,89,119,122] [1,2,20,35,66,90,99,103] [13,52,63,75,104,110,112,116] [2,3,26,56,73,82,95,106] [5,18,53,67,72,90,95,114] [0,22,45,65,69,80,92,113] [6,16,19,30,36,50,69,113] [3,20,48,54,62,69,107,109] [21,23,42,71,73,79,107,125] [33,66,78,83,91,110,113,118] [3,10,53,55,63,66,105,110] [3,16,23,26,40,44,72,91] [11,14,48,80,91,115,119,122] [2,35,66,78,83,90,103,124] [3,54,63,85,104,110,112,116] [2,3,32,33,56,73,82,106] [18,21,29,33,67,90,95,114] [0,22,68,69,80,98,102,113] [6,30,36,50,69,88,90,103] [0,21,28,48,69,85,90,109] [23,26,39,42,73,79,114,125] [2,10,33,66,76,83,91,118] [3,8,11,53,55,66,102,105] [3,6,16,31,40,56,72,91] [11,43,80,91,115,119,122,126] [2,20,35,66,80,83,90,103] [18,25,27,68,80,93,98,102] [6,29,36,87,91,100,104,112] [6,14,20,27,48,81,98,104] [12,22,32,37,45,70,80,114] [22,52,55,60,80,98,115,117] [36,47,66,71,88,120,123,124]
Token  43: [0,23,28,41,62,87,124,125] [29,38,45,62,67,73,77,122] [4,36,49,73,76,125,126,127] [12,13,15,24,40,62,70,114] [11,27,28,50,57,73,77,119] [10,18,48,87,96,115,117,119] [46,63,64,86,104,110,116,118] [33,44,69,73,82,100,106,110] [18,20,67,86,95,111,118,123] [25,35,68,80,96,102,113,127] [10,18,30,41,50,88,95,124] [16,22,29,31,64,85,96,107] [0,2,14,18,26,42,103,114] [18,41,57,76,91,106,109,123] [3,6,47,53,55,60,99,102] [6,17,31,40,72,77,91,120] [6,60,78,80,83,94,115,122] [1,6,36,46,64,99,103,106] [63,64,65,66,75,104,110,118] [32,33,45,73,82,100,106,110] [18,20,33,67,86,90,95,124] [0,22,35,40,47,80,102,113] [10,23,30,36,41,88,95,124] [16,18,22,42,48,64,69,96] [0,2,14,18,26,42,57,73] [13,18,41,57,63,91,106,110] [3,47,53,55,71,73,102,110] [2,16,44,54,77,91,120,126] [48,60,80,89,91,94,110,122] [6,36,46,68,83,104,122,124] [3,52,54,63,75,110,112,118] [3,32,33,51,73,82,106,110] [3,18,20,67,90,95,101,114] [0,35,47,49,80,102,113,127] [6,10,23,30,36,41,69,124] [9,18,21,42,48,55,69,115] [0,25,26,39,42,71,73,103] [10,18,33,41,57,62,76,91] [3,11,47,55,60,71,102,110] [2,31,40,51,56,60,77,126] [6,60,80,91,108,110,115,122] [15,36,46,49,64,80,103,124] [8,24,49,68,73,80,90,125] [12,18,19,49,74,80,104,121] [6,11,13,23,45,72,88,99] [5,17,22,26,46,76,87,112] [5,29,30,39,52,81,96,105] [15,21,74,95,111,114,121,127]
Token  44: [16,47,53,66,104,107,111,120] [34,62,67,77,86,107,122,126] [10,14,72,74,87,111,116,125] [12,13,25,71,76,89,105,114] [0,11,23,26,74,77,83,119] [18,24,80,93,107,110,119,125] [13,56,63,75,85,110,112,116] [33,50,51,60,73,82,87,106] [18,64,67,86,90,95,111,123] [0,22,80,94,96,102,113,127] [14,16,30,36,69,83,107,108] [30,48,69,75,86,93,106,115] [9,18,26,42,53,73,79,97] [42,43,44,75,76,78,91,98] [3,10,11,34,55,79,80,113] [2,16,25,31,38,60,95,127] [7,40,48,60,80,89,105,115] [1,15,18,53,55,68,90,99] [8,13,56,63,75,112,116,122] [3,24,56,59,62,75,87,112] [5,18,53,57,64,72,90,114] [0,2,14,47,49,94,96,122] [6,16,19,31,36,68,69,113] [3,7,30,48,93,103,107,120] [9,21,23,35,73,79,97,107] [13,33,60,73,78,83,91,118] [4,14,55,63,80,99,107,110] [2,16,23,38,44,59,91,120] [40,48,80,83,89,91,115,122] [6,18,53,68,90,99,122,124] [3,13,52,58,63,75,107,112] [24,33,56,59,62,75,87,106] [18,53,64,72,90,95,103,114] [0,2,49,80,94,96,111,113] [6,19,30,31,36,68,69,98] [3,8,21,48,69,86,107,120] [6,21,35,39,42,53,65,73] [13,33,44,75,76,78,83,91] [3,11,21,55,79,80,99,110] [2,16,31,40,55,60,91,120] [7,40,60,80,83,91,115,122] [15,52,53,80,103,106,117,124] [24,37,59,68,73,80,123,125] [36,43,49,56,81,100,104,112] [6,19,27,37,45,54,80,81] [22,37,46,80,87,112,114,123] [22,39,44,52,80,82,105,124] [27,32,34,35,71,74,90,95]
Token  45: [0,7,34,62,63,101,116,125] [24,34,67,76,86,99,107,122] [8,9,14,54,70,72,81,125] [1,62,71,76,87,97,114,117] [0,11,22,29,74,83,87,114] [18,24,34,54,80,90,122,126] [13,42,63,66,75,85,110,116] [33,60,73,82,87,95,100,106] [18,39,64,67,90,95,118,123] [0,22,33,68,80,94,113,127] [30,36,39,64,69,107,108,122] [3,9,28,48,50,69,86,115] [18,25,39,42,53,73,97,118] [18,44,65,75,76,91,102,108] [10,11,19,34,55,82,110,113] [2,16,31,38,41,87,95,127] [7,40,48,51,80,89,103,115] [1,18,53,55,90,99,117,122] [13,44,63,75,85,110,112,122] [3,24,26,56,59,75,95,112] [5,18,57,64,72,90,114,118] [0,2,33,47,49,94,106,122] [16,19,31,36,68,69,75,122] [3,28,30,50,52,86,103,107] [9,21,35,39,53,65,73,118] [33,44,60,63,78,91,102,119] [4,19,55,63,64,82,107,110] [2,16,33,38,59,87,91,120] [7,40,48,89,91,100,115,122] [6,53,68,80,99,117,122,124] [3,44,58,63,75,107,110,112] [24,33,51,56,59,82,95,106] [5,18,22,64,79,90,95,114] [0,33,49,80,94,96,113,127] [2,30,33,36,43,69,108,118] [21,28,48,50,52,69,85,86] [21,39,42,53,61,70,73,118] [33,44,83,89,91,102,107,125] [6,11,19,21,55,63,82,99] [1,2,31,40,55,56,87,91] [7,40,51,80,89,91,100,115] [53,80,85,90,103,106,117,124] [22,24,37,66,68,73,80,123] [6,36,42,49,81,100,104,112] [5,6,19,27,37,54,72,81] [20,22,37,63,80,112,114,123] [22,44,52,80,82,98,104,124] [27,32,35,71,85,90,95,99]
Token  46: [17,28,30,62,66,67,68,77] [7,23,67,99,113,114,116,122] [8,9,23,36,70,72,73,90] [1,51,62,71,76,77,85,121] [0,1,11,22,43,77,116,119] [18,24,48,78,80,90,122,126] [63,64,85,104,110,116,118,119] [33,39,51,73,82,100,106,110] [18,27,44,64,67,90,95,123] [22,33,68,80,94,102,113,127] [9,30,36,62,64,108,121,122] [16,48,52,69,85,86,104,107] [18,25,30,38,42,53,73,85] [18,44,65,85,91,102,108,109] [3,11,19,34,39,55,82,99] [2,31,33,38,54,56,77,91] [18,29,40,48,77,80,83,115] [6,65,90,104,106,117,122,124] [52,63,64,65,75,85,110,112] [26,56,73,82,93,100,106,110] [4,18,22,33,64,90,95,114] [0,22,33,47,49,80,113,127] [23,30,36,64,75,95,108,122] [16,20,28,30,48,52,85,114] [9,32,38,39,42,53,85,103] [63,71,78,91,95,102,108,109] [2,14,19,55,73,82,99,110] [2,25,33,54,56,77,87,91] [18,29,80,89,91,109,115,122] [6,36,53,65,100,104,122,124] [3,55,63,75,85,110,112,118] [3,24,26,45,73,82,93,106] [4,18,22,33,64,90,95,116] [0,33,35,40,47,80,113,127] [2,9,23,30,36,95,108,124] [9,21,25,28,30,73,86,114] [16,25,28,39,42,73,101,103] [18,52,89,91,95,102,108,125] [11,19,55,73,82,109,110,111] [2,25,31,33,46,54,77,87] [13,29,46,80,91,100,109,115] [6,65,80,81,92,103,121,124] [4,20,24,30,68,70,77,80] [16,18,47,74,75,96,104,121] [5,6,9,23,72,94,110,114] [5,12,37,47,67,86,87,88] [33,51,52,62,76,93,96,123] [15,23,44,51,82,110,114,127]
Token  47: [31,63,70,81,83,107,118,120] [8,20,34,39,41,46,113,116] [10,53,67,70,72,81,84,88] [62,67,76,85,87,109,117,121] [11,29,76,79,83,95,106,124] [18,24,42,72,90,114,122,125] [8,47,56,85,105,110,112,116] [3,24,49,56,59,82,92,106] [18,38,66,72,84,90,103,123] [0,2,23,84,110,113,124,127] [36,61,68,69,73,78,108,112] [3,26,30,48,61,75,93,125] [9,30,39,42,65,73,79,107] [6,28,77,78,80,91,102,119] [3,10,11,48,63,81,82,110] [2,16,31,33,38,49,85,127] [8,48,65,80,89,103,109,115] [1,18,19,49,55,72,80,99] [8,13,24,56,105,112,116,122] [3,18,24,49,59,62,75,112] [18,41,53,57,66,72,84,114] [0,2,47,49,96,98,122,125] [16,31,36,68,69,73,90,122] [3,7,19,26,30,93,103,107] [9,21,35,56,65,73,85,107] [33,38,60,63,73,78,81,91] [4,14,55,63,82,107,110,125] [2,8,16,33,38,59,85,120] [6,8,48,65,83,89,91,100] [18,19,68,80,99,118,122,124] [3,13,26,52,58,63,75,112] [24,39,51,56,59,106,109,123] [18,45,57,66,72,90,101,114] [0,2,33,49,80,96,98,104] [26,30,31,36,68,69,73,75] [3,26,52,54,70,103,107,121] [21,35,42,73,85,92,107,118] [10,33,80,83,89,91,108,125] [3,10,11,19,55,99,110,113] [2,16,31,44,55,56,91,120] [8,40,48,80,91,98,100,115] [6,19,49,53,80,103,118,124] [21,24,30,66,68,73,80,123] [6,27,41,88,104,111,112,113] [0,5,6,19,27,37,81,104] [12,16,20,22,37,80,114,119] [22,44,52,55,80,82,98,124] [27,48,51,71,73,85,90,111]
Token  48: [28,33,51,62,64,67,70,77] [8,28,67,78,90,99,114,122] [36,62,70,72,73,90,119,121] [1,19,29,37,62,76,77,121] [11,18,22,29,37,87,116,119] [18,24,48,72,78,90,96,122] [55,63,64,66,85,88,110,116] [33,36,44,73,82,100,106,110] [4,18,33,67,70,79,86,95] [22,35,68,79,80,102,113,127] [30,36,52,64,67,95,107,108] [1,3,16,21,31,81,92,107] [25,38,39,42,67,71,85,103] [10,18,40,91,102,108,109,119] [3,11,19,34,55,82,99,111] [1,2,6,38,40,50,77,91] [18,29,40,48,80,98,109,115] [1,6,65,99,104,106,117,122] [38,52,63,75,85,88,110,112] [20,26,33,45,73,82,100,106] [4,18,33,70,90,95,110,114] [0,22,35,47,79,80,113,127] [2,23,30,36,64,67,95,108] [3,16,33,81,92,103,107,114] [9,21,32,38,42,57,85,103] [18,63,78,91,102,108,109,119] [19,73,75,82,92,99,110,116] [0,2,21,25,33,68,77,87] [29,35,80,91,98,100,109,115] [6,13,65,92,100,104,122,124] [36,55,63,75,85,88,110,118] [20,26,33,45,73,82,93,106] [4,22,27,33,48,64,90,95] [0,33,35,79,80,102,113,127] [2,9,23,30,36,95,108,124] [9,16,21,25,81,92,107,114] [32,38,42,57,67,73,85,103] [18,52,91,95,102,108,109,123] [3,11,18,19,55,82,92,111] [0,2,25,33,40,77,87,91] [13,29,35,77,80,91,109,115] [6,49,63,65,80,93,103,124] [4,8,20,30,66,68,70,77] [2,16,47,75,99,104,121,124] [5,6,11,23,72,94,110,114] [2,5,26,37,47,48,83,87] [1,10,45,52,96,97,104,123] [15,23,31,44,71,110,114,127]
Token  49: [2,21,51,63,93,97,118,120] [23,41,46,53,83,116,123,126] [8,9,53,69,72,92,116,117] [1,26,76,85,101,117,121,123] [0,11,22,29,76,83,91,105] [23,24,80,90,96,111,125,126] [42,63,85,88,110,112,116,126] [26,33,60,73,82,95,100,106] [18,27,39,64,79,90,95,123] [0,22,48,84,92,113,124,127] [30,36,64,69,107,108,112,123] [3,28,30,37,58,86,93,107] [21,39,42,65,69,73,97,123] [33,44,55,73,77,78,91,121] [10,19,28,63,79,82,110,111] [2,8,16,23,38,49,95,112] [4,20,42,48,65,89,103,115] [18,45,49,55,61,90,99,122] [13,63,75,107,110,112,116,122] [24,26,45,56,59,75,95,100] [5,18,53,57,64,72,90,114] [0,2,47,48,49,80,96,106] [16,23,26,31,36,68,69,73] [3,7,20,25,30,58,103,107] [9,21,35,69,85,92,120,123] [31,33,60,61,63,78,91,95] [4,14,19,55,63,82,99,110] [2,8,16,33,38,83,87,112] [4,20,33,48,65,89,91,100] [14,49,61,68,77,80,99,124] [3,13,36,63,75,85,107,112] [24,26,33,51,56,59,95,100] [5,18,27,35,64,90,95,114] [0,43,48,80,96,99,102,127] [6,13,14,36,69,75,80,123] [13,21,31,33,37,58,85,86] [39,42,43,60,61,73,120,123] [33,55,73,79,91,107,121,125] [3,11,19,28,30,55,110,111] [2,6,31,40,87,90,91,112] [4,14,20,33,78,80,91,115] [45,49,51,61,80,82,97,124] [30,37,50,59,68,71,80,101] [4,6,46,65,69,100,104,113] [6,47,54,71,104,107,113,114] [20,22,37,45,53,114,119,127] [35,43,44,52,67,97,99,104] [0,32,34,55,71,104,110,117]
Token  50: [4,22,51,57,103,106,111,127] [9,24,44,46,48,56,116,126] [36,53,69,70,90,92,107,122] [1,26,29,51,87,94,101,114] [11,23,29,43,63,77,105,110] [18,24,51,58,90,105,114,122] [39,63,66,85,108,110,111,116] [33,44,45,73,82,95,100,106] [18,28,35,38,67,86,90,123] [0,32,48,68,80,92,102,127] [13,18,30,63,69,98,103,123] [3,21,28,48,75,107,109,125] [2,4,42,43,65,73,96,123] [10,55,58,66,91,103,106,113] [3,11,16,17,34,81,110,111] [2,3,6,16,23,40,49,120] [14,80,81,83,89,103,115,119] [1,17,18,35,55,75,82,103] [34,52,56,63,75,105,110,116] [3,24,33,51,59,75,100,112] [35,38,44,65,72,95,103,111] [0,10,49,80,96,111,122,125] [30,56,58,69,78,86,94,98] [11,21,23,67,85,96,99,125] [2,9,34,42,56,61,65,74] [42,82,91,99,104,106,112,125] [3,6,8,14,53,82,110,115] [16,32,40,44,75,91,95,120] [18,30,42,50,80,83,84,115] [66,72,75,82,93,103,104,117] [52,56,63,75,83,104,110,116] [3,33,51,82,88,94,106,110] [9,44,67,90,95,106,111,116] [22,24,80,96,102,111,113,127] [7,30,39,52,80,85,103,108] [4,43,78,85,96,109,114,121] [2,14,32,39,42,108,114,118] [2,10,20,66,76,104,106,112] [3,38,53,57,87,109,115,125] [11,16,32,33,40,50,75,120] [12,30,42,50,80,93,107,119] [1,34,49,59,72,82,88,105] [8,14,17,25,30,56,70,111] [16,18,29,30,46,68,74,82] [5,6,9,34,39,69,112,113] [2,29,45,53,58,65,114,117] [26,35,43,46,51,52,100,127] [36,42,61,71,83,110,112,120]
Token  51: [7,17,21,28,34,51,67,77] [16,23,48,63,75,114,116,122] [8,36,65,72,90,92,100,125] [10,25,29,73,77,93,94,114] [10,11,34,57,77,83,87,105] [31,58,71,97,103,105,114,122] [39,44,63,85,112,115,116,118] [24,33,44,82,94,95,100,106] [4,15,35,44,83,86,90,123] [0,32,62,68,80,102,125,127] [13,18,30,36,69,98,100,119] [1,3,21,28,50,85,106,122] [2,25,36,39,43,54,65,123] [18,20,63,89,91,102,106,113] [3,11,16,64,101,109,111,123] [2,3,6,16,17,38,40,120] [4,10,14,33,51,80,114,115] [1,34,35,61,66,75,77,124] [44,52,63,64,85,110,116,118] [2,26,33,82,95,100,106,110] [4,18,35,44,45,90,95,124] [0,32,41,69,71,80,102,127] [13,18,23,36,75,80,103,119] [16,20,22,50,65,85,94,107] [36,39,43,54,59,78,85,123] [2,31,63,78,89,91,106,125] [16,19,30,59,64,101,110,111] [2,6,12,21,37,40,63,120] [4,10,14,34,42,80,91,100] [66,77,99,100,120,122,124,126] [9,13,36,52,58,63,85,116] [2,33,56,82,94,95,100,106] [4,10,35,44,45,86,90,101] [0,23,32,41,68,80,102,111] [13,18,23,30,33,42,103,121] [1,17,21,22,28,50,85,96] [2,14,42,43,54,59,78,123] [10,68,89,91,102,106,125,127] [3,16,19,55,64,73,109,111] [2,31,33,37,40,50,100,120] [13,51,80,91,100,111,115,119] [2,61,66,80,92,103,124,126] [18,23,30,38,68,80,86,98] [6,16,29,46,91,100,104,111] [6,27,39,44,72,98,104,121] [12,20,22,45,53,87,103,114] [21,51,52,55,98,104,117,127] [15,21,26,71,94,103,110,127]
Token  52: [28,83,87,91,95,112,124,125] [16,29,45,67,68,77,113,122] [5,36,56,67,72,76,115,125] [3,12,20,70,73,92,93,114] [10,11,27,37,38,43,57,60] [4,10,58,93,97,110,114,122] [63,65,85,104,112,115,116,118] [2,19,24,33,44,82,100,106] [14,18,35,44,83,86,90,123] [0,32,41,68,80,102,125,127] [13,18,30,36,70,109,119,121] [1,3,15,29,42,52,53,122] [2,25,42,43,57,65,73,96] [18,36,41,43,73,78,91,110] [3,11,16,55,81,109,110,111] [2,16,20,37,38,40,75,127] [44,46,80,89,108,110,114,115] [1,18,55,65,72,75,99,122] [13,52,63,85,112,116,118,122] [24,33,45,59,75,82,100,112] [5,18,35,53,57,90,114,116] [0,2,41,47,80,96,125,127] [13,16,23,31,36,68,70,75] [3,4,7,14,25,30,93,103] [9,21,26,35,38,56,75,94] [33,61,63,73,78,91,109,110] [4,14,16,18,55,71,81,110] [2,16,20,31,83,89,126,127] [44,48,62,65,89,91,108,115] [0,18,65,68,80,108,120,122] [24,52,63,75,107,112,118,122] [18,24,51,59,75,100,109,123] [18,27,53,57,72,90,101,114] [0,2,23,41,47,49,96,111] [23,26,31,36,68,69,70,127] [1,3,8,42,54,55,103,121] [0,21,26,35,38,73,94,108] [33,36,41,63,78,91,109,110] [3,4,14,18,55,81,102,111] [2,16,17,20,31,40,83,107] [29,48,54,77,91,108,110,115] [26,63,64,65,82,85,122,124] [20,23,24,25,30,49,68,126] [46,47,56,75,100,104,121,125] [6,11,16,47,80,94,107,110] [5,22,26,45,76,83,87,95] [1,5,10,52,71,76,96,123] [14,15,31,44,74,82,92,127]
Token  53: [0,40,43,65,72,73,98,100] [18,38,44,70,94,100,122,127] [16,38,40,57,84,88,109,123] [2,6,31,71,84,89,116,124] [11,52,58,76,81,85,106,115] [25,37,59,61,64,66,73,125] [8,35,53,76,83,105,107,112] [18,24,49,59,75,88,109,112] [9,16,18,57,65,72,84,121] [0,2,9,19,49,96,110,125] [26,31,36,47,53,61,68,78] [24,30,49,59,61,93,103,125] [9,15,21,56,65,85,96,99] [15,26,28,33,58,78,91,110] [4,11,20,32,48,55,81,110] [2,8,16,31,41,52,85,101] [8,65,81,83,89,103,115,124] [18,19,33,42,55,80,99,105] [8,24,34,35,70,105,107,112] [18,24,49,59,62,75,112,123] [18,41,53,57,65,72,84,121] [0,9,49,50,96,110,122,125] [16,31,36,47,56,57,61,68] [3,19,24,30,61,93,103,107] [15,21,35,85,89,94,96,99] [0,15,28,38,58,60,78,110] [4,12,14,20,32,55,81,110] [2,16,28,52,85,101,120,127] [39,48,62,65,81,89,103,115] [11,18,19,21,42,55,105,118] [24,26,44,58,63,107,112,126] [24,49,59,75,106,109,112,123] [18,53,65,72,101,111,114,121] [0,2,16,49,50,96,122,125] [26,31,36,56,61,68,78,98] [1,3,48,54,65,103,121,125] [21,35,54,56,65,73,96,99] [15,26,28,33,58,78,91,110] [4,17,20,32,55,81,100,104] [16,40,49,52,59,70,101,127] [48,73,80,81,89,105,115,124] [1,9,21,42,48,69,82,105] [14,24,31,32,64,80,113,115] [31,37,46,77,88,100,104,120] [6,8,53,69,73,90,98,107] [22,27,45,54,82,87,101,114] [17,34,38,52,60,97,98,127] [20,57,58,73,74,86,105,109]
Token  54: [21,50,51,57,75,103,106,110] [3,6,9,28,48,62,95,122] [12,82,84,90,111,115,122,125] [4,23,39,56,71,87,115,118] [11,23,50,52,56,58,83,119] [37,47,51,59,68,73,103,105] [26,27,34,56,63,112,116,126] [18,24,33,44,59,82,88,109] [18,36,38,72,90,103,109,111] [0,9,32,49,65,96,122,125] [31,36,47,53,68,69,78,90] [30,54,59,63,93,103,109,125] [9,24,35,56,65,73,79,105] [23,26,33,66,80,82,91,110] [4,10,16,55,76,81,105,110] [2,8,10,16,31,49,70,72] [65,81,89,91,103,115,119,124] [18,21,55,78,80,83,90,99] [8,24,26,70,107,116,122,126] [18,24,56,59,62,75,106,112] [9,41,57,65,66,72,114,116] [0,49,50,65,96,98,122,125] [16,31,36,47,56,68,73,90] [23,26,32,54,56,103,107,109] [21,23,24,35,64,79,89,125] [33,61,66,73,78,81,91,110] [4,14,16,63,81,105,107,110] [2,8,16,59,72,103,120,127] [12,48,65,83,89,91,103,119] [2,18,55,66,78,99,120,123] [24,26,52,58,63,75,107,126] [6,24,33,59,75,106,109,123] [15,18,36,45,72,90,101,111] [0,2,32,49,50,65,96,98] [26,30,31,36,68,90,98,113] [3,48,54,59,63,103,109,121] [21,23,24,35,52,65,73,79] [26,33,66,82,91,98,110,118] [3,16,38,55,66,81,90,105] [16,31,40,49,72,89,103,120] [12,30,80,91,105,115,119,122] [2,9,35,66,78,82,90,103] [14,18,27,43,68,80,102,115] [6,29,37,46,87,100,104,120] [6,15,20,48,69,81,98,121] [22,27,45,54,58,70,80,114] [52,55,60,68,80,98,115,127] [36,47,66,86,88,112,120,123]
Token  55: [3,23,28,51,77,112,118,125] [16,28,45,48,68,88,90,122] [15,23,36,56,64,76,95,125] [24,37,70,90,92,101,114,119] [11,28,50,58,83,97,104,119] [10,17,39,75,87,88,99,103] [22,41,44,58,63,112,116,118] [9,24,31,33,59,88,94,123] [6,15,18,61,72,80,90,111] [0,23,32,35,49,65,89,96] [18,26,36,69,85,103,109,111] [8,14,22,28,43,63,69,89] [2,25,26,56,65,73,75,85] [18,33,41,76,82,83,91,110] [3,11,16,47,55,63,102,115] [2,16,17,31,38,40,72,120] [23,30,60,83,91,110,115,122] [9,18,46,82,90,99,103,112] [13,22,41,56,63,112,116,118] [33,45,51,56,59,75,88,100] [6,18,36,45,72,101,111,114] [0,32,47,49,65,96,111,122] [36,48,68,69,75,85,103,109] [3,8,11,22,30,54,63,103] [2,21,26,52,73,75,79,85] [2,33,50,73,78,91,106,110] [3,4,16,47,72,76,102,110] [2,5,8,16,38,72,99,120] [23,48,60,83,89,91,115,122] [4,18,46,52,68,99,103,122] [3,26,52,58,63,75,112,126] [2,33,48,51,56,59,75,106] [6,15,18,72,90,101,111,114] [0,32,47,49,65,80,96,111] [26,30,36,68,75,103,109,111] [3,11,22,30,31,64,115,121] [2,14,21,26,39,52,73,75] [13,33,41,76,82,91,106,110] [3,11,47,55,63,72,102,110] [2,16,17,40,48,60,94,120] [23,60,80,83,91,110,115,122] [15,17,36,46,64,80,81,103] [14,24,49,68,74,76,90,125] [12,19,43,49,74,120,121,125] [6,11,23,39,45,88,99,121] [5,17,22,26,46,58,76,112] [29,30,39,60,80,81,96,105] [15,35,52,71,74,95,111,127]
Token  56: [2,51,63,73,81,97,111,120] [32,45,53,86,105,107,109,122] [8,10,14,54,62,72,112,125] [20,25,57,87,101,105,111,119] [0,23,25,43,58,73,83,95] [22,34,68,80,82,97,114,122] [8,27,34,39,56,63,111,112] [3,24,33,51,59,87,95,109] [11,18,36,64,72,80,90,111] [0,32,49,65,85,94,96,98] [26,36,53,68,69,78,90,113] [30,48,54,63,69,86,93,103] [21,23,56,73,79,85,107,118] [0,44,82,83,91,102,110,118] [10,55,63,76,79,80,81,110] [2,8,10,16,23,31,38,60] [7,48,65,83,89,91,115,122] [15,18,46,49,52,58,90,99] [8,13,52,63,75,107,112,126] [3,24,45,51,59,87,95,123] [5,18,36,53,57,72,101,114] [0,2,49,65,94,96,98,122] [16,31,36,47,68,75,90,113] [30,48,54,56,65,93,103,107] [21,23,35,79,85,89,92,118] [60,73,78,81,83,91,110,118] [4,55,63,76,79,80,109,110] [2,8,12,16,38,87,112,120] [7,48,65,83,89,91,115,122] [18,49,52,68,99,120,122,124] [3,26,52,58,63,75,112,126] [33,36,48,51,95,103,106,123] [5,18,35,36,72,101,111,114] [0,2,13,49,63,94,96,98] [3,26,30,31,36,68,75,112] [8,15,21,37,54,65,93,103] [23,35,52,53,73,85,92,118] [44,73,75,89,91,98,102,110] [3,55,72,79,80,81,109,110] [2,16,40,48,60,84,87,120] [7,60,70,80,83,91,115,122] [15,17,46,52,80,90,103,124] [14,23,24,37,68,74,76,125] [12,19,43,44,49,56,104,120] [6,7,19,37,45,88,99,121] [17,22,24,46,58,63,104,112] [29,30,39,80,81,84,104,105] [6,35,52,71,74,95,108,111]
Token  57: [28,29,62,77,111,116,120,126] [11,45,58,78,86,107,113,122] [9,15,24,36,72,119,121,125] [7,19,25,29,51,101,105,109] [11,25,39,43,47,74,83,91] [18,31,78,80,82,97,100,103] [26,39,41,56,63,75,112,116] [3,24,31,33,51,84,87,88] [18,24,51,72,80,90,101,111] [0,2,45,49,51,65,94,96] [1,6,26,34,36,69,74,113] [15,28,48,54,60,69,87,93] [2,18,21,23,53,73,79,85] [24,33,37,44,75,78,91,110] [3,10,11,28,55,62,63,110] [2,8,16,23,31,38,95,98] [42,48,78,83,89,115,122,123] [1,14,18,84,90,99,103,122] [13,38,52,63,75,87,112,122] [3,33,45,51,62,87,100,123] [5,18,24,51,53,72,90,114] [0,47,49,65,80,94,96,99] [6,18,19,31,34,36,75,113] [3,4,30,52,54,65,87,107] [9,21,23,35,52,79,85,107] [24,33,37,73,78,91,110,118] [3,4,19,62,63,72,76,110] [2,8,12,16,38,44,50,120] [48,65,73,83,89,91,122,123] [14,18,27,58,84,99,120,124] [3,36,39,52,58,63,75,112] [3,33,36,39,51,60,62,106] [5,18,24,51,72,90,101,111] [0,49,56,63,69,94,96,111] [6,19,30,34,36,68,75,112] [21,28,31,33,37,54,87,121] [21,52,53,73,75,85,101,106] [24,33,42,44,73,89,91,125] [3,11,30,55,62,72,103,110] [2,8,12,16,17,40,48,99] [65,80,89,91,111,115,122,123] [14,54,58,68,80,84,85,103] [2,14,28,65,68,75,76,80] [2,44,75,83,94,96,100,104] [6,13,32,39,54,71,94,107] [2,22,45,86,87,94,119,127] [17,52,67,71,74,76,97,104] [32,34,44,54,71,74,83,117]
Token  58: [2,18,22,61,80,84,103,118] [3,37,58,72,83,86,113,124] [12,24,72,82,84,117,122,125] [7,25,51,71,80,82,105,109] [19,25,43,47,58,83,91,119] [23,82,93,97,100,103,107,111] [26,38,39,41,56,63,112,116] [3,24,31,33,39,51,60,62] [18,38,72,80,90,109,111,114] [0,45,49,65,69,96,98,122] [1,36,68,69,78,81,83,90] [3,28,48,54,67,69,93,106] [8,18,21,23,65,73,79,85] [16,33,44,83,91,110,118,121] [5,10,28,29,55,63,79,110] [2,8,16,23,31,38,103,112] [42,48,55,73,83,89,115,122] [1,18,48,55,69,90,99,122] [8,24,58,63,75,107,112,126] [3,24,45,51,56,59,62,75] [5,9,18,53,57,72,109,114] [0,2,21,49,65,96,98,122] [3,16,19,31,36,68,90,122] [3,4,28,54,65,90,103,107] [9,21,23,28,35,79,85,89] [33,73,78,81,83,91,110,118] [4,10,29,63,79,81,91,110] [2,8,12,26,44,103,112,120] [48,55,65,73,89,91,98,122] [13,18,48,68,69,90,99,124] [3,26,52,58,63,75,107,126] [24,33,36,51,59,60,62,106] [18,45,57,72,90,109,111,114] [0,21,49,56,63,69,80,96] [3,26,30,31,36,68,75,112] [3,5,28,31,33,37,70,104] [20,21,33,62,73,78,85,92] [13,33,71,73,81,91,110,125] [3,19,29,55,72,79,91,110] [2,8,16,40,48,50,103,112] [55,65,73,80,89,91,115,122] [1,18,48,69,80,82,103,124] [24,31,37,43,64,68,80,115] [11,30,37,69,77,83,100,104] [6,8,53,73,98,104,107,113] [2,22,27,45,87,94,114,127] [5,52,55,67,76,97,99,104] [28,34,44,71,73,74,83,117]
Token  59: [18,51,57,92,103,106,110,111] [3,9,24,33,48,72,92,95] [10,36,41,90,107,111,122,125] [5,37,39,51,71,97,112,114] [11,23,47,50,56,63,114,119] [18,31,51,93,97,105,110,119] [46,58,63,87,101,110,112,116] [24,33,44,73,82,88,94,106] [35,38,45,67,86,90,109,123] [0,32,38,68,80,96,102,113] [30,36,63,69,78,98,103,123] [21,28,48,53,67,69,107,109] [2,34,42,65,73,79,97,114] [10,18,58,66,76,83,91,106] [3,11,16,55,66,90,105,110] [2,16,23,40,72,95,103,120] [42,48,80,83,89,103,115,119] [1,17,18,21,55,90,99,103] [8,34,52,56,63,75,105,116] [3,24,51,59,75,106,110,112] [9,44,57,65,72,109,116,121] [0,9,49,96,110,111,122,125] [36,56,61,68,78,90,98,105] [23,24,49,54,61,75,96,125] [2,9,15,33,65,79,96,99] [28,42,99,104,106,112,118,125] [3,8,14,29,53,107,110,115] [16,44,56,75,79,91,103,120] [1,18,42,48,80,83,115,119] [1,66,72,75,90,93,103,104] [30,52,56,63,75,83,110,116] [3,31,33,48,51,95,100,123] [9,15,35,44,61,84,90,101] [0,24,65,80,96,102,111,123] [7,13,18,30,82,85,98,103] [4,7,28,43,96,109,120,121] [2,14,33,39,42,108,114,127] [10,20,29,73,76,104,106,112] [3,15,38,53,105,109,115,125] [11,16,32,40,48,63,72,75] [12,30,42,50,93,105,107,119] [1,34,49,59,82,88,100,105] [14,17,25,30,56,58,70,111] [18,29,30,68,74,80,82,98] [5,6,9,11,25,94,108,112] [26,29,31,45,58,110,114,121] [16,35,46,51,52,53,81,100] [3,36,42,58,65,71,83,110]
Token  60: [28,51,83,87,91,112,124,125] [9,16,29,48,67,68,90,122] [4,5,23,36,67,76,100,125] [12,20,37,70,73,101,112,114] [11,27,28,37,38,50,57,119] [4,10,63,74,75,87,93,110] [46,63,87,104,110,111,116,118] [2,19,33,44,82,94,100,106] [15,18,20,35,44,86,90,118] [0,32,35,66,68,80,102,124] [18,30,36,69,88,98,103,109] [22,36,37,48,53,69,96,120] [2,25,26,39,41,42,65,73] [13,18,76,78,83,91,106,119] [3,5,11,60,63,102,109,110] [2,16,17,31,38,40,72,99] [42,48,55,60,80,110,115,122] [1,13,46,68,90,94,99,122] [3,46,58,63,112,116,118,119] [2,24,33,45,75,82,100,106] [18,45,65,67,86,90,118,124] [0,2,32,69,80,84,96,111] [18,23,36,54,75,80,94,103] [4,22,48,52,53,65,96,107] [26,28,33,57,78,85,91,111] [13,31,43,52,91,99,106,119] [16,24,29,72,83,102,110,125] [11,16,44,50,51,59,99,111] [1,42,60,87,91,94,100,122] [13,37,46,68,93,94,99,124] [3,39,52,63,104,107,116,119] [2,24,33,44,56,82,94,106] [0,15,18,67,85,90,118,124] [0,23,32,63,69,80,96,123] [5,29,30,36,41,75,92,103] [21,28,31,38,52,53,65,120] [19,26,28,33,57,78,85,91] [13,27,31,50,71,91,106,125] [3,53,55,72,91,102,109,110] [2,16,17,31,40,44,50,84] [14,80,91,94,98,100,115,122] [46,80,81,94,100,103,122,124] [0,24,30,43,57,70,77,80] [12,56,75,80,94,96,99,100] [6,9,11,23,39,88,94,99] [5,17,26,45,76,77,95,114] [5,29,30,52,81,90,96,97] [14,44,46,58,74,82,92,111]
Token  61: [72,76,95,100,102,110,119,122] [12,62,64,70,94,100,106,122] [40,75,77,78,87,99,113,125] [20,25,73,82,94,103,105,116] [11,12,50,52,73,92,118,126] [9,17,25,33,37,59,64,103] [24,34,44,53,56,63,71,107] [18,24,45,59,62,88,106,109] [38,53,57,65,72,90,116,127] [0,10,19,49,80,85,96,125] [3,16,31,47,57,85,98,103] [3,21,28,48,59,90,103,125] [2,9,21,56,65,73,96,105] [0,26,33,58,78,81,82,91] [3,4,17,67,81,90,100,110] [2,8,16,49,52,59,70,120] [30,65,81,83,89,103,105,115] [1,18,21,33,42,55,78,82] [8,24,26,34,44,63,105,116] [3,24,59,62,100,106,109,112] [9,38,45,53,57,65,72,116] [0,10,38,49,96,110,122,125] [16,26,47,56,68,78,90,98] [3,7,21,23,54,96,103,125] [9,21,23,56,65,79,85,96] [0,26,58,78,81,99,103,104] [1,4,22,38,81,107,110,115] [16,19,49,52,59,70,75,120] [35,48,65,80,83,89,105,115] [1,18,21,55,72,82,93,99] [26,46,63,64,70,74,75,83] [6,9,33,36,94,100,103,106] [9,15,45,72,80,82,86,111] [0,23,33,49,65,80,96,104] [7,13,30,37,45,82,88,103] [4,21,29,37,64,78,114,121] [9,14,17,74,85,92,95,108] [20,27,52,61,77,91,104,124] [3,7,19,36,92,109,110,125] [0,11,25,32,51,75,87,120] [35,42,48,82,98,107,111,113] [13,34,49,59,72,80,88,118] [4,17,56,66,70,77,78,111] [2,18,61,80,91,96,98,100] [5,6,11,39,42,50,62,114] [29,38,48,76,77,88,90,95] [41,43,54,64,76,93,99,100] [8,46,48,53,65,93,109,110]
Token  62: [32,46,48,49,58,72,78,118] [2,12,28,34,62,93,107,122] [2,14,51,77,90,100,115,125] [13,15,42,50,73,101,116,125] [11,23,38,50,63,70,83,113] [18,22,31,55,105,107,110,119] [13,14,39,63,85,89,110,116] [2,33,44,73,82,94,100,106] [18,44,56,64,67,72,86,90] [0,32,38,51,80,92,102,127] [16,18,30,36,69,75,88,103] [3,20,21,48,54,69,109,115] [21,25,26,42,68,73,114,125] [2,18,33,66,76,78,91,113] [3,4,11,55,63,92,105,110] [2,16,25,31,38,40,72,127] [11,48,80,89,91,115,119,122] [18,55,68,75,80,90,99,122] [13,26,58,63,87,107,112,122] [2,24,45,56,59,62,75,82] [5,18,45,53,57,72,90,114] [0,2,32,38,47,49,56,69] [6,16,19,23,31,36,75,122] [3,25,30,48,52,65,103,109] [9,21,23,35,85,91,92,125] [0,33,73,78,91,92,110,118] [4,24,29,63,73,105,109,110] [2,5,26,38,44,72,118,120] [11,48,87,89,91,100,119,122] [18,66,68,80,99,122,123,124] [3,26,34,58,63,75,112,116] [2,3,24,33,36,56,62,106] [5,18,48,53,72,90,101,114] [0,23,47,49,69,80,81,96] [3,10,36,50,68,75,80,103] [21,28,31,48,52,62,109,117] [6,14,21,26,33,78,114,125] [2,33,71,78,83,91,110,125] [3,29,53,63,72,99,105,110] [2,16,26,40,44,48,72,91] [11,80,89,91,98,115,119,122] [6,66,80,83,90,103,122,124] [18,25,27,30,43,71,80,98] [6,18,29,37,75,91,100,104] [6,14,27,48,72,81,98,104] [12,20,22,26,37,45,70,114] [22,52,55,60,80,98,115,127] [26,28,36,66,71,83,85,120]
Token  63: [0,23,28,41,62,87,124,125] [29,33,38,45,67,73,77,122] [36,49,73,76,92,125,126,127] [12,13,15,24,40,62,70,114] [11,27,50,57,73,77,93,119] [10,18,48,87,96,115,117,119] [46,63,64,86,104,110,116,118] [33,44,69,73,82,100,106,110] [18,20,67,86,95,111,118,123] [25,35,68,80,96,102,113,127] [10,18,30,41,50,88,95,124] [16,22,28,29,31,48,96,107] [2,14,18,26,42,67,73,114] [10,18,41,76,85,91,106,109] [3,5,47,53,55,60,99,109] [2,31,38,40,54,72,91,120] [6,48,60,78,80,83,94,115] [1,6,36,46,68,99,104,122] [63,64,75,85,110,112,116,118] [32,33,45,73,82,100,106,110] [18,20,33,67,90,95,123,124] [0,35,47,69,80,102,113,123] [10,23,30,36,41,43,124,127] [4,9,22,31,42,48,107,116] [14,18,19,28,42,57,77,85] [13,63,73,78,91,106,110,125] [30,47,53,71,72,99,109,110] [2,11,16,44,77,99,120,126] [48,60,80,89,91,94,115,122] [46,68,93,100,103,104,122,124] [3,36,52,63,75,110,112,118] [3,33,51,60,73,82,106,110] [0,18,20,67,90,95,116,124] [0,35,47,80,102,106,113,123] [10,23,30,36,41,82,124,127] [9,21,22,25,37,42,48,55] [14,19,26,28,42,57,73,78] [41,51,52,71,76,89,91,125] [3,11,47,55,72,102,109,110] [2,16,40,44,51,55,77,126] [6,60,80,91,108,110,115,122] [36,46,54,68,89,96,103,124] [8,24,30,53,66,68,70,80] [12,18,74,80,94,96,100,111] [6,11,23,72,88,99,104,114] [16,17,26,58,76,87,110,114] [15,29,30,49,81,93,96,104] [48,71,82,83,110,111,114,127]
Token  64: [16,47,53,66,104,107,111,120] [34,62,67,77,86,107,122,126] [10,14,72,74,87,111,116,125] [12,13,25,71,76,89,105,114] [0,11,23,26,43,74,77,119] [4,18,24,73,80,93,107,110] [13,41,56,58,63,110,112,116] [24,33,50,60,73,82,87,106] [18,45,64,67,72,90,114,123] [0,2,80,94,96,113,125,127] [6,16,31,36,68,69,78,98] [3,28,30,48,69,75,93,106] [18,21,23,25,26,39,53,73] [18,33,42,43,44,63,78,91] [11,55,63,80,92,102,110,113] [2,16,31,38,44,60,81,127] [7,40,42,48,60,80,89,115] [1,18,53,55,75,90,99,122] [12,63,75,87,89,112,116,122] [24,45,56,59,62,75,87,123] [5,18,53,57,64,65,72,114] [0,2,47,49,84,94,96,106] [3,19,31,36,68,75,94,127] [3,30,54,65,93,103,107,120] [9,21,23,33,35,75,85,89] [0,13,60,73,78,91,92,110] [4,14,24,55,63,80,107,110] [2,8,16,28,38,44,63,120] [40,65,83,89,91,103,115,122] [18,53,68,75,80,99,123,124] [26,44,52,58,63,75,107,126] [24,39,51,59,60,87,103,106] [5,18,35,57,64,72,101,111] [0,2,23,49,69,80,94,96] [3,26,30,31,36,68,75,112] [3,21,33,37,54,64,99,103] [21,33,35,52,53,73,85,92] [33,44,71,75,76,78,89,91] [21,55,72,80,81,99,107,110] [2,16,26,55,84,89,91,120] [7,40,60,65,89,91,115,122] [18,52,53,80,82,85,103,124] [24,30,37,59,68,73,123,125] [18,32,49,81,96,100,104,112] [6,8,19,37,54,72,80,104] [2,20,22,37,92,94,104,114] [22,43,44,52,82,84,104,124] [19,27,32,34,46,71,74,90]
Token  65: [0,7,34,62,63,101,116,125] [34,67,72,76,86,99,107,122] [8,9,14,54,72,81,92,125] [1,62,71,76,87,97,114,117] [0,11,22,29,74,83,87,114] [18,24,34,73,80,90,122,126] [13,26,63,85,107,110,112,116] [24,33,60,73,82,87,100,106] [18,39,64,67,90,95,118,123] [0,33,38,80,94,113,125,127] [1,36,43,68,69,78,98,108] [3,28,48,54,69,75,86,93] [21,25,39,53,65,73,85,118] [18,44,75,78,91,102,108,119] [4,11,19,63,66,82,110,113] [2,16,33,38,41,81,87,127] [7,40,42,48,68,80,89,115] [1,3,18,55,82,90,99,122] [58,63,75,85,87,112,118,122] [24,26,33,51,59,75,100,119] [18,35,44,57,65,90,118,124] [0,2,23,33,47,58,80,123] [36,58,68,80,92,94,98,122] [3,15,48,52,78,85,96,125] [21,28,39,57,79,91,107,111] [42,78,91,99,104,108,118,119] [3,14,19,78,82,109,110,113] [2,11,16,19,44,48,87,120] [7,40,48,80,83,91,103,115] [72,83,90,93,99,104,120,124] [30,36,52,63,75,83,110,112] [3,48,51,56,60,95,106,110] [5,9,14,33,64,90,95,116] [22,33,49,80,96,102,103,113] [7,30,33,34,45,80,86,108] [0,4,28,33,78,107,120,121] [9,14,39,42,57,61,108,118] [10,20,27,71,91,102,104,108] [3,53,55,82,99,109,110,125] [11,16,32,44,75,87,91,102] [1,4,7,42,48,80,107,113] [13,34,49,59,88,89,124,126] [8,17,30,33,53,56,111,114] [10,16,30,61,80,101,106,113] [5,6,34,42,94,99,103,112] [13,16,19,29,65,77,114,116] [15,17,29,43,44,51,81,120] [6,51,65,71,83,99,110,113]
Token  66: [17,28,30,62,66,67,68,77] [7,54,67,99,113,114,116,122] [9,23,36,70,72,73,90,92] [1,62,71,76,77,85,114,121] [0,1,11,22,43,77,116,119] [18,24,48,78,80,90,122,126] [63,85,104,108,110,116,118,119] [32,33,39,73,82,100,106,110] [18,44,64,67,86,90,95,123] [0,22,68,80,94,113,124,127] [1,9,30,36,69,108,121,122] [15,28,31,48,52,75,86,107] [18,25,38,42,53,62,73,85] [18,44,85,91,95,102,104,108] [3,19,29,55,82,99,109,113] [2,33,38,40,54,56,77,91] [18,26,40,48,50,78,80,115] [3,6,37,90,103,104,117,122] [3,52,63,65,75,85,104,110] [26,32,45,73,82,100,106,110] [4,18,33,44,64,90,95,114] [0,22,33,69,80,102,113,127] [23,30,36,64,75,108,121,122] [6,16,28,31,48,52,104,107] [18,28,32,38,42,47,78,85] [78,85,91,95,99,102,108,109] [14,19,29,73,82,83,109,110] [2,11,25,50,54,77,87,99] [29,70,80,91,98,100,109,122] [34,37,93,100,104,120,122,124] [3,9,36,52,55,63,75,112] [3,24,33,39,45,59,60,82] [10,18,48,64,72,90,114,116] [0,23,33,47,69,96,113,127] [9,23,30,36,75,108,122,127] [21,28,31,33,78,85,104,114] [1,16,32,42,61,73,78,85] [52,71,73,89,91,102,108,125] [11,14,53,55,82,99,109,110] [2,25,31,33,46,54,77,87] [46,48,80,91,100,109,111,115] [6,75,79,80,81,103,104,124] [4,14,20,24,30,70,77,121] [2,16,18,74,75,94,96,106] [6,9,23,42,72,94,104,114] [2,16,51,67,86,87,88,110] [33,51,62,76,90,93,96,122] [14,23,44,51,54,82,110,114]
Token  67: [31,63,70,81,83,107,118,120] [8,20,34,39,41,46,113,116] [10,53,67,70,72,81,84,88] [62,67,76,85,87,109,117,121] [11,29,76,79,83,95,106,119] [18,24,35,42,72,90,114,125] [8,26,47,56,87,105,112,116] [24,49,56,59,75,82,92,106] [11,18,38,66,72,84,90,123] [0,2,23,98,110,113,124,125] [31,36,68,69,73,78,90,94] [3,26,28,30,48,75,93,103] [21,65,73,85,91,92,107,127] [6,18,20,78,80,91,104,119] [10,11,14,15,63,66,82,110] [2,16,32,38,49,59,89,125] [8,48,50,65,89,97,103,115] [1,18,19,55,75,82,99,122] [8,24,27,70,87,105,112,122] [18,24,49,56,59,75,112,123] [18,41,53,57,65,72,84,124] [0,9,47,49,98,104,110,125] [2,16,31,36,47,61,68,73] [19,26,30,53,54,99,103,107] [9,35,55,64,82,85,89,94] [38,60,61,63,73,81,92,99] [12,14,74,76,88,107,110,125] [0,2,19,28,37,44,63,120] [62,65,83,89,97,100,101,115] [11,18,68,72,75,93,122,123] [26,30,34,63,70,75,80,110] [6,30,39,51,60,73,103,106] [9,14,15,35,46,84,111,121] [23,33,49,54,63,73,80,96] [7,30,37,73,82,101,112,119] [4,29,37,64,78,99,114,126] [9,17,32,42,74,82,92,108] [10,20,27,29,52,61,91,104] [19,55,74,87,107,109,110,125] [11,33,44,46,75,87,117,120] [40,42,48,80,107,111,113,115] [13,34,49,59,72,80,88,105] [8,17,21,30,52,56,67,111] [16,18,30,56,72,74,82,99] [0,5,34,72,94,99,112,119] [2,3,13,16,29,53,104,109] [29,42,44,46,62,102,111,120] [26,27,51,58,71,73,83,110]
Token  68: [28,33,51,62,64,67,70,77] [8,28,67,78,90,99,114,122] [4,36,70,72,73,90,119,121] [1,19,29,37,62,76,77,121] [11,18,22,29,37,87,116,119] [4,18,24,48,78,90,96,122] [55,63,64,66,85,88,110,116] [33,36,44,73,82,100,106,110] [4,18,67,70,72,79,86,95] [0,35,68,79,80,102,113,127] [3,30,36,52,67,78,94,122] [1,3,28,31,48,81,92,107] [21,25,38,39,42,62,71,85] [0,18,40,91,102,108,109,119] [3,5,11,19,34,55,82,99] [1,2,38,40,50,77,84,91] [18,40,42,48,78,80,109,115] [1,13,65,77,99,104,117,122] [38,44,63,85,87,88,110,116] [26,33,36,45,56,82,100,106] [18,33,53,70,90,95,110,124] [0,35,47,69,79,80,113,127] [3,23,30,36,67,75,94,122] [4,25,48,81,92,103,107,114] [9,28,32,38,42,57,85,122] [63,73,78,91,95,108,109,119] [14,19,73,82,91,92,110,116] [0,2,21,25,33,77,87,99] [29,35,48,89,91,98,100,109] [13,65,68,93,100,104,122,124] [36,38,52,55,63,85,88,110] [12,24,33,45,60,93,106,121] [10,18,27,33,48,64,90,95] [0,69,79,80,96,102,113,123] [2,9,23,30,36,80,108,112] [21,25,31,33,37,81,92,114] [1,32,33,42,57,61,78,85] [52,89,91,97,102,108,119,125] [3,19,72,81,82,92,110,116] [2,16,25,33,48,55,77,87] [35,65,80,89,91,98,109,115] [6,11,49,80,81,93,103,124] [4,8,20,30,53,66,68,70] [2,16,47,61,75,94,96,99] [5,9,11,72,94,104,110,114] [2,26,47,48,86,87,88,119] [1,10,17,33,90,96,104,123] [14,31,51,54,71,110,114,127]
Token  69: [2,21,51,63,93,97,118,120] [19,23,41,53,83,116,123,126] [8,9,53,69,72,92,116,117] [1,26,76,85,101,117,121,123] [0,11,22,29,76,83,91,105] [18,22,24,80,90,96,111,126] [42,63,85,88,110,112,116,126] [24,26,33,73,82,95,100,106] [18,27,39,64,79,90,95,123] [0,2,48,69,92,113,125,127] [31,36,68,69,78,90,122,123] [3,4,28,58,86,93,103,107] [21,23,35,65,69,73,85,123] [33,55,73,78,91,110,121,122] [4,11,19,28,63,79,110,111] [2,8,16,23,38,49,90,112] [4,20,42,48,65,78,89,115] [18,45,49,53,55,61,90,122] [13,27,38,58,75,112,122,126] [24,45,56,59,72,75,95,123] [5,18,27,53,57,64,72,114] [0,2,43,47,48,49,84,106] [3,23,31,36,68,75,94,122] [3,4,25,30,58,65,103,107] [21,35,69,85,89,92,108,123] [60,61,78,81,91,92,95,110] [4,14,19,63,72,82,109,110] [2,8,38,50,83,87,112,120] [4,20,65,89,91,98,100,122] [14,18,49,61,68,99,124,126] [13,36,44,52,58,63,75,107] [24,33,39,45,59,86,95,100] [5,18,27,28,48,90,101,114] [0,2,43,48,49,53,81,96] [3,13,26,36,42,75,80,112] [13,21,31,33,37,58,65,101] [18,28,43,60,61,69,85,123] [71,73,89,91,121,122,124,125] [19,30,55,72,81,107,110,111] [2,8,48,84,87,88,112,118] [4,14,33,65,80,89,91,115] [37,49,51,61,73,80,82,124] [14,30,43,50,53,66,68,71] [11,61,69,96,98,100,106,113] [6,42,71,103,104,107,113,114] [4,31,67,94,98,114,119,127] [35,43,67,93,97,99,120,125] [0,34,46,51,65,79,104,110]
Token  70: [4,22,51,57,103,106,111,127] [9,24,44,46,48,56,116,126] [36,69,70,72,90,92,107,122] [1,26,29,51,87,94,101,114] [11,23,29,43,52,63,77,105] [24,51,58,90,93,105,114,122] [63,66,87,108,110,111,112,116] [24,33,44,45,82,94,95,106] [18,28,38,57,67,86,90,123] [0,2,32,68,80,84,96,125] [3,26,36,68,69,78,94,98] [3,21,28,48,54,60,109,125] [2,8,21,56,65,73,85,96] [0,55,58,66,91,103,106,110] [3,4,16,17,66,81,100,110] [2,10,16,17,23,40,49,120] [50,80,81,83,89,103,115,119] [1,18,75,82,83,99,103,112] [8,34,52,56,63,88,105,116] [3,33,39,49,51,100,110,112] [35,44,65,84,103,111,116,121] [0,9,49,80,96,110,122,125] [50,56,61,69,78,86,98,105] [4,23,65,67,75,85,96,125] [2,9,26,34,56,65,79,96] [42,82,91,99,104,106,112,125] [3,8,29,53,82,102,110,115] [16,32,37,44,75,91,102,120] [1,18,42,80,83,103,115,119] [66,72,75,82,83,93,103,112] [38,52,56,63,75,83,110,116] [3,31,33,39,51,88,94,110] [9,14,44,61,80,90,95,111] [24,33,49,80,96,103,114,123] [7,30,33,45,85,86,103,108] [0,4,33,78,85,96,109,121] [2,14,17,32,34,42,95,114] [10,20,27,29,36,76,104,112] [3,6,16,82,102,105,115,125] [11,33,40,48,55,72,75,120] [1,30,42,48,80,84,107,119] [9,34,59,61,72,88,102,126] [8,14,17,25,56,58,80,111] [2,56,72,74,80,91,98,111] [5,6,25,34,42,108,112,114] [29,51,53,65,77,98,110,114] [26,35,41,43,46,93,106,125] [3,51,80,83,94,102,110,113]
Token  71: [7,17,21,28,34,51,67,77] [16,45,48,63,75,114,116,122] [8,36,65,72,90,92,100,125] [20,25,29,73,77,93,94,114] [10,11,34,57,83,87,104,105] [31,58,71,97,103,105,114,122] [39,44,63,85,112,115,116,118] [24,33,44,82,94,95,100,106] [4,15,35,44,83,86,90,123] [0,2,32,62,68,80,102,125] [1,6,13,18,31,36,69,98] [1,3,5,21,28,48,50,106] [2,25,36,39,43,54,65,85] [0,18,63,91,102,103,106,113] [3,11,16,64,81,109,110,111] [2,16,17,31,38,40,120,127] [10,42,48,51,80,89,114,115] [1,35,61,75,99,122,124,126] [44,58,63,87,112,115,116,118] [2,24,33,45,56,75,82,100] [4,18,35,44,45,72,90,124] [0,23,32,41,47,69,95,105] [13,18,23,31,36,75,103,127] [4,14,36,48,52,53,65,94] [26,28,36,54,59,85,92,108] [0,20,63,73,78,91,110,125] [16,19,59,64,72,81,107,110] [2,12,21,48,63,83,88,120] [4,10,34,42,48,91,98,100] [13,22,72,75,93,99,120,126] [0,3,9,36,39,44,58,104] [2,12,39,45,56,86,100,123] [4,5,10,13,18,54,90,101] [32,33,41,63,69,80,81,91] [5,29,42,75,80,92,102,115] [17,28,33,53,62,65,76,120] [4,54,59,62,78,92,101,111] [27,52,68,89,91,97,102,125] [2,19,59,64,72,81,109,110] [2,16,26,33,37,48,63,84] [4,10,51,80,91,100,111,115] [61,75,80,81,92,100,124,126] [23,30,38,47,52,80,86,98] [6,16,46,55,58,91,100,106] [6,39,44,56,94,104,108,114] [12,20,37,45,53,91,103,114] [1,15,35,51,52,98,104,127] [21,26,28,51,71,83,103,110]
Token  72: [28,83,87,91,95,112,124,125] [16,29,45,67,68,77,113,122] [5,36,56,67,72,76,115,125] [3,12,20,70,73,92,93,114] [10,11,27,37,38,57,60,64] [4,10,58,93,97,110,114,122] [44,63,65,85,104,112,116,118] [2,19,24,33,44,82,100,106] [10,18,35,44,83,86,90,123] [0,2,32,68,80,102,125,127] [1,13,18,31,36,69,70,121] [1,3,25,28,48,52,53,62] [21,25,35,62,65,73,96,108] [18,33,36,43,73,78,91,110] [4,14,16,63,81,109,110,111] [2,16,32,38,40,84,89,127] [42,44,46,48,81,89,108,115] [18,55,65,75,82,99,108,122] [13,63,85,87,112,116,118,122] [24,45,56,59,75,82,100,112] [5,18,35,53,57,65,90,114] [0,2,32,41,47,49,96,125] [16,23,31,36,68,70,94,127] [3,4,14,30,54,56,103,107] [9,21,35,64,75,89,94,108] [36,47,60,73,78,81,91,110] [4,14,16,18,55,81,107,110] [2,8,16,28,37,41,120,126] [44,48,62,65,89,97,103,115] [11,18,68,75,89,108,122,123] [24,26,52,58,63,75,122,126] [24,33,48,59,75,103,106,123] [18,27,53,57,72,81,101,114] [0,2,13,23,49,50,69,96] [26,27,31,36,68,70,75,112] [1,3,7,37,53,54,103,121] [18,21,35,52,55,89,94,108] [33,36,47,63,78,91,109,110] [4,12,14,18,55,81,102,110] [2,8,31,51,59,83,107,122] [54,65,80,89,91,108,115,122] [11,18,63,65,82,85,100,122] [20,23,24,25,69,113,115,126] [46,47,56,75,83,84,94,121] [6,8,11,16,67,94,102,110] [5,22,45,54,77,86,87,95] [1,5,37,45,71,76,97,123] [14,15,31,44,74,82,92,127]
Token  73: [0,40,43,65,72,73,98,100] [18,38,70,94,100,106,122,127] [16,38,40,57,84,88,109,123] [2,6,31,68,71,84,116,124] [11,13,52,76,81,85,106,115] [37,59,61,64,66,73,97,125] [24,27,35,53,63,105,107,112] [18,24,59,75,82,88,109,112] [9,16,18,57,65,72,84,121] [0,2,9,19,49,85,110,125] [3,31,36,47,61,68,78,90] [3,7,24,54,61,93,103,125] [21,35,56,65,78,85,89,99] [15,26,28,33,58,80,91,110] [4,20,32,76,81,100,104,110] [2,8,16,31,49,52,101,120] [62,65,76,81,89,97,103,115] [11,18,19,41,42,55,99,105] [8,24,35,70,81,105,112,126] [24,49,59,62,101,112,119,123] [16,41,53,57,72,81,84,121] [0,2,49,50,79,98,110,125] [31,36,47,56,57,61,68,90] [24,30,54,56,61,93,103,107] [15,21,35,64,85,89,94,99] [8,15,28,38,47,60,73,110] [1,4,12,14,32,55,76,81] [2,8,16,28,31,41,52,120] [39,48,62,65,89,101,103,115] [11,18,21,42,50,55,80,108] [24,26,44,52,58,70,107,126] [18,24,49,59,106,109,112,123] [18,57,65,72,101,111,114,121] [0,2,13,16,49,50,69,125] [26,31,36,56,68,78,90,112] [3,23,37,53,54,56,103,125] [21,23,35,56,65,85,96,99] [15,28,33,47,58,78,91,110] [4,17,19,32,55,81,100,104] [2,16,49,52,59,70,85,101] [17,48,54,81,89,105,115,124] [1,21,42,48,55,69,82,105] [14,24,31,32,52,64,80,115] [31,37,46,77,78,88,104,120] [6,8,53,73,90,98,102,107] [22,27,54,82,87,94,101,114] [5,34,38,52,71,97,98,118] [20,44,57,73,74,77,86,109]
Token  74: [21,50,51,57,75,103,106,110] [3,6,9,28,48,62,95,122] [12,82,84,90,111,115,122,125] [4,39,56,71,87,95,115,118] [11,23,50,52,56,58,83,119] [17,37,47,51,59,68,73,105] [26,27,34,63,107,112,116,126] [18,24,33,44,59,82,88,109] [18,36,38,45,57,72,109,111] [0,32,49,65,96,98,122,125] [31,36,43,47,68,69,78,90] [3,48,54,63,93,103,109,125] [23,24,35,56,65,73,79,105] [23,26,33,80,83,91,110,118] [4,55,63,76,81,105,110,125] [2,8,16,17,31,49,70,72] [42,48,65,81,89,103,115,119] [1,18,55,78,82,90,99,105] [8,24,26,44,70,116,122,126] [6,24,59,62,106,112,119,123] [16,41,57,66,72,81,111,114] [0,49,50,84,85,98,122,125] [3,26,31,36,47,68,90,98] [3,23,26,32,54,103,107,109] [21,23,24,35,64,65,79,89] [31,61,66,73,80,81,91,110] [4,16,63,76,81,105,110,125] [0,2,8,16,59,63,72,120] [12,48,65,89,91,98,103,119] [18,49,66,78,80,99,120,123] [24,26,52,58,63,75,107,126] [24,33,56,59,75,106,109,123] [15,18,57,72,90,101,111,114] [0,2,32,49,50,96,98,122] [3,26,30,31,36,68,90,112] [3,48,54,63,64,103,107,109] [20,21,23,24,35,65,73,79] [23,26,33,66,82,91,110,118] [3,16,38,55,81,90,105,110] [2,16,31,40,59,72,89,120] [12,30,80,91,105,115,119,122] [2,9,66,78,80,82,90,103] [14,18,27,43,68,80,102,115] [6,29,37,46,87,100,104,120] [6,20,30,48,69,81,98,121] [22,27,45,54,58,70,80,114] [52,55,60,68,98,104,115,127] [36,47,66,86,88,112,120,123]
Token  75: [3,23,28,51,77,112,118,125] [16,28,45,48,68,88,90,122] [15,23,36,56,64,76,95,125] [24,37,70,92,101,112,114,119] [11,28,50,58,83,97,104,119] [4,10,17,39,75,87,99,103] [22,26,41,44,58,63,116,118] [9,24,31,33,59,88,94,123] [6,15,18,61,72,80,90,111] [0,14,23,32,35,49,65,96] [18,26,36,69,85,103,109,111] [14,22,28,43,48,54,63,69] [2,20,23,26,65,73,75,85] [18,33,41,76,82,83,91,110] [3,5,16,47,55,63,102,115] [2,16,17,31,40,72,83,120] [23,30,42,48,83,97,115,122] [1,9,18,46,82,90,99,122] [41,44,56,58,63,112,118,122] [24,33,45,56,59,75,100,123] [6,18,45,57,72,101,111,114] [0,32,47,49,65,96,111,122] [31,36,48,68,71,75,103,109] [3,30,31,36,48,54,63,103] [21,23,26,28,52,75,85,108] [2,26,33,50,73,78,91,110] [4,16,47,63,72,76,89,110] [2,8,16,38,41,83,99,120] [23,48,60,65,89,91,100,122] [18,37,46,68,94,99,120,122] [3,26,39,52,58,63,75,126] [24,33,39,48,56,59,75,106] [6,15,18,72,90,101,111,114] [0,14,32,49,63,65,80,96] [26,30,36,48,68,75,103,109] [11,21,31,33,38,48,64,121] [14,21,26,52,57,73,75,85] [13,33,76,82,91,106,110,125] [3,11,47,55,72,81,102,110] [2,16,17,40,48,55,60,120] [23,60,83,91,94,110,115,122] [17,36,46,64,80,81,94,103] [14,24,49,68,74,76,90,125] [12,19,43,44,49,74,120,125] [6,11,23,39,45,88,99,121] [5,17,22,26,46,58,76,112] [29,30,39,60,80,81,96,105] [15,35,52,71,74,95,111,127]
Token  76: [2,51,63,73,81,97,111,120] [32,45,53,86,105,107,109,122] [8,10,14,54,62,72,112,125] [20,25,57,87,101,105,111,119] [0,23,25,43,52,58,83,95] [34,64,68,80,82,97,114,122] [27,34,39,41,63,111,112,126] [3,24,33,59,75,88,95,109] [5,11,18,36,72,80,90,111] [0,2,49,65,85,94,96,98] [3,26,31,36,43,68,90,113] [30,48,54,63,69,93,103,120] [21,23,28,75,79,85,92,118] [0,33,44,82,83,91,102,110] [5,10,63,76,79,80,81,110] [2,8,16,31,60,87,112,120] [7,48,65,83,89,91,115,122] [18,46,49,52,58,90,99,122] [13,24,52,58,63,75,112,126] [24,45,56,59,62,87,95,123] [5,18,36,53,57,72,101,114] [0,2,32,49,65,94,96,98] [16,19,31,36,47,68,75,90] [11,30,48,52,54,65,103,107] [21,23,28,35,85,89,92,118] [0,60,71,73,78,81,91,110] [14,63,72,76,80,109,110,113] [2,8,16,38,59,87,112,118] [7,48,65,89,91,97,98,122] [18,37,49,52,68,99,120,124] [3,26,52,58,63,75,79,126] [33,39,45,48,56,82,106,123] [5,11,18,41,72,90,101,111] [0,13,49,53,63,81,94,96] [3,26,30,31,35,36,68,75] [11,15,21,31,37,54,65,103] [28,35,52,53,73,85,92,118] [2,44,71,73,89,91,102,125] [30,55,72,76,80,81,107,110] [2,8,16,48,55,84,87,120] [7,11,60,80,89,91,115,122] [17,46,52,58,80,103,123,124] [23,24,30,37,68,74,76,125] [12,19,43,44,56,94,104,112] [6,7,19,37,45,88,94,99] [16,17,22,46,58,63,104,112] [29,30,39,80,81,84,104,105] [6,35,52,71,74,95,108,111]
Token  77: [28,29,62,77,111,116,120,126] [11,45,58,78,86,107,113,122] [9,15,24,36,72,119,121,125] [7,19,25,29,51,101,105,109] [11,25,39,43,47,74,83,95] [18,31,78,80,82,97,100,103] [26,39,41,56,58,63,112,116] [24,31,33,36,51,84,87,88] [18,24,51,72,80,90,101,111] [0,2,13,45,49,65,94,96] [1,6,31,34,36,43,59,69] [15,28,48,54,60,81,87,93] [18,21,23,53,73,85,92,112] [24,33,37,44,68,91,110,119] [3,11,19,29,62,63,76,110] [2,8,16,17,31,38,50,98] [42,48,78,83,89,115,122,123] [1,14,18,84,90,99,103,122] [38,52,58,63,75,87,112,122] [33,45,51,56,62,87,100,123] [5,18,51,53,57,72,90,114] [0,47,49,50,56,65,94,96] [18,19,31,34,36,68,75,94] [4,11,30,52,54,65,87,107] [20,21,23,28,35,79,85,106] [24,33,37,73,78,91,110,118] [9,29,62,63,72,76,89,110] [2,8,12,16,38,44,99,118] [48,65,73,83,89,91,122,123] [14,18,37,58,99,114,120,124] [3,36,39,52,58,63,75,79] [3,33,39,45,51,60,87,123] [5,18,24,51,72,90,101,111] [0,49,56,63,65,94,96,123] [26,30,34,35,36,50,75,112] [15,21,28,31,37,52,87,121] [18,28,34,52,75,85,101,106] [24,37,42,73,89,91,106,125] [3,19,29,30,62,72,103,110] [2,8,12,16,48,55,99,112] [80,89,91,107,111,115,122,123] [49,54,58,80,84,100,103,124] [2,14,28,30,43,65,68,76] [2,11,24,72,83,94,96,100] [6,13,32,39,94,107,108,113] [2,65,86,87,94,110,119,127] [17,62,67,74,90,97,104,125] [34,44,54,71,79,83,110,117]
Token  78: [2,18,22,61,80,84,103,118] [3,37,58,72,83,86,113,124] [24,72,82,84,92,117,122,125] [7,25,51,67,71,80,82,109] [19,25,43,47,58,83,91,119] [23,82,93,97,100,103,107,111] [26,38,39,41,63,112,116,126] [3,24,31,33,39,51,56,62] [18,38,72,80,90,109,111,114] [0,21,49,65,69,96,98,122] [1,36,59,68,69,78,81,90] [3,28,48,54,67,69,93,106] [8,18,23,65,73,79,85,92] [33,73,78,83,91,110,118,121] [5,10,28,29,55,63,79,110] [2,8,16,31,38,50,103,112] [42,48,55,65,83,89,115,122] [18,48,55,78,90,99,122,123] [8,26,38,63,75,107,112,126] [24,45,51,56,59,62,75,123] [5,9,18,53,57,72,109,114] [0,21,49,56,84,96,98,122] [3,19,31,36,47,68,90,122] [5,11,28,54,65,90,103,107] [9,21,23,35,75,85,89,92] [0,60,73,78,81,91,110,118] [4,14,27,63,76,79,81,110] [2,8,12,38,63,103,112,120] [48,55,65,73,89,91,98,122] [18,58,68,69,99,120,123,124] [3,26,44,52,58,75,107,126] [24,36,45,59,60,62,106,123] [5,18,72,74,90,109,111,114] [0,13,43,49,69,81,96,98] [3,26,31,36,51,68,75,90] [5,21,28,31,37,54,70,103] [21,28,35,47,49,85,92,106] [30,43,71,73,81,91,110,125] [19,29,30,55,72,99,105,110] [2,8,12,16,48,55,103,112] [65,73,80,87,89,91,115,122] [1,18,48,68,80,82,103,124] [14,37,43,50,64,68,80,115] [11,30,37,69,77,82,96,100] [6,53,73,94,104,107,108,113] [2,31,45,87,88,94,114,127] [52,67,76,93,97,99,104,125] [28,34,65,71,79,83,110,117]
Token  79: [18,51,57,92,103,106,110,111] [3,9,24,33,48,72,92,95] [10,36,41,90,107,111,122,125] [5,37,39,51,71,112,114,117] [11,23,47,50,56,63,114,119] [4,18,31,51,97,105,110,119] [26,46,58,63,87,110,112,116] [24,33,36,44,82,88,94,106] [38,45,67,72,86,90,109,123] [0,2,32,38,68,80,96,124] [6,30,36,63,68,69,78,98] [3,21,28,48,53,54,69,109] [2,8,21,42,65,73,79,114] [18,33,42,58,66,76,83,91] [3,11,16,42,63,66,105,110] [2,8,16,38,49,72,120,127] [42,48,65,80,89,103,115,119] [1,18,55,75,82,90,99,122] [24,34,44,52,56,63,112,116] [3,9,24,31,33,51,59,75] [9,45,57,65,72,109,111,116] [0,2,49,84,96,111,122,125] [26,36,47,68,69,78,94,98] [4,21,37,54,65,67,96,125] [2,9,26,33,43,46,65,79] [73,82,91,92,99,104,106,112] [38,72,88,105,107,109,110,115] [16,19,32,44,75,90,91,120] [48,65,83,89,103,113,115,119] [1,18,72,73,75,82,93,123] [26,34,52,63,70,75,89,107] [24,30,33,60,100,103,106,123] [9,15,41,46,57,72,90,101] [0,10,39,49,65,96,104,111] [7,26,30,45,75,98,103,112] [4,21,29,37,64,96,109,121] [2,17,34,36,74,85,108,114] [10,20,73,92,103,104,106,112] [3,7,38,74,105,109,110,125] [11,32,33,40,49,75,117,120] [1,12,30,42,48,98,107,119] [13,34,49,59,82,88,93,105] [17,25,27,47,56,70,78,111] [18,29,30,46,68,74,80,82] [5,6,11,25,39,42,108,112] [26,29,41,53,58,110,114,117] [35,46,52,53,63,70,100,102] [0,3,36,42,46,65,83,110]
Token  80: [28,51,83,87,91,112,124,125] [9,16,29,48,67,68,90,122] [4,5,23,36,67,76,100,125] [12,20,37,70,73,101,112,114] [11,27,28,37,38,50,57,119] [4,10,63,74,75,87,93,110] [46,63,104,110,111,112,116,118] [2,19,33,44,82,94,100,106] [15,18,20,35,86,90,118,123] [0,32,35,63,66,68,80,102] [6,18,30,36,69,98,103,109] [21,22,28,36,48,53,96,120] [2,25,26,28,39,41,65,73] [13,18,76,78,83,91,106,119] [3,5,11,63,66,102,109,110] [2,16,17,31,38,40,72,99] [42,48,78,80,84,110,115,122] [1,13,18,82,90,94,99,122] [44,56,58,63,87,112,116,118] [2,24,33,45,82,88,100,106] [18,35,45,65,72,86,90,118] [0,32,66,69,80,84,96,111] [18,23,36,54,71,75,94,103] [4,5,22,48,52,53,65,96] [19,26,28,34,57,85,91,111] [13,43,91,92,104,106,112,119] [24,29,38,66,72,83,102,110] [11,16,40,44,58,59,111,120] [42,80,87,89,91,113,115,122] [13,46,72,82,93,94,99,124] [9,52,63,87,104,107,116,124] [2,24,33,44,59,82,94,100] [9,15,35,45,67,72,86,90] [7,23,25,66,68,69,80,111] [7,30,82,94,98,103,109,111] [4,7,21,28,37,64,96,99] [2,14,17,26,28,42,108,127] [20,27,51,91,92,104,106,112] [3,27,53,87,102,104,109,125] [11,32,40,49,75,79,89,120] [1,42,48,80,94,105,107,115] [13,34,59,82,88,100,105,124] [17,30,33,56,70,80,111,114] [12,24,30,46,56,75,82,96] [5,6,11,25,41,88,94,99] [17,29,45,77,82,86,95,114] [5,29,30,57,71,81,90,99] [14,44,46,58,74,92,110,111]
Token  81: [72,76,95,100,102,110,119,122] [12,62,64,70,94,100,106,122] [40,75,77,78,87,99,113,125] [20,25,73,82,94,103,105,116] [11,12,32,50,52,92,118,126] [9,17,25,33,37,59,64,103] [24,34,44,53,63,71,107,112] [18,24,45,59,62,82,88,109] [38,53,57,65,72,90,102,127] [0,17,19,49,80,85,96,125] [3,16,31,36,47,57,85,103] [3,21,28,48,52,93,103,125] [2,21,56,65,73,85,96,105] [0,26,33,58,78,81,82,91] [1,4,17,67,81,100,110,115] [2,8,16,49,52,59,70,120] [65,80,81,83,89,103,105,115] [1,18,21,42,55,78,82,99] [24,26,34,44,63,88,105,122] [18,24,59,62,73,106,109,112] [38,41,53,57,65,72,81,121] [0,38,49,50,85,110,122,125] [16,26,31,36,47,56,90,98] [3,7,23,24,54,103,107,125] [9,15,35,56,65,85,96,99] [0,15,28,58,77,78,81,104] [4,22,48,76,81,88,92,107] [0,8,16,19,51,52,59,120] [35,39,65,67,82,83,89,115] [18,50,72,86,93,99,118,120] [26,46,52,63,70,75,80,86] [6,30,36,73,103,106,109,117] [5,9,15,46,72,84,121,125] [10,23,33,49,54,69,79,80] [30,33,37,39,45,101,119,120] [4,8,29,37,53,68,78,114] [9,17,32,42,92,95,108,109] [20,49,52,61,85,91,104,115] [19,22,36,92,102,107,110,125] [11,25,46,51,59,69,75,120] [35,42,48,50,80,89,107,111] [13,18,34,59,72,80,88,118] [4,8,17,28,56,66,67,111] [2,18,72,74,80,82,98,113] [5,6,30,42,62,99,113,127] [3,16,29,41,48,51,88,98] [21,43,46,54,62,74,81,120] [23,48,54,65,83,109,110,114]
Token  82: [32,46,48,49,58,72,78,118] [2,12,28,34,62,93,107,122] [2,14,51,77,90,100,115,125] [13,15,42,50,73,101,116,125] [11,23,38,50,63,70,83,119] [18,22,31,55,105,107,110,119] [13,14,39,63,89,104,112,116] [2,33,36,73,82,94,100,106] [18,44,64,67,72,86,90,102] [0,32,38,51,66,80,92,102] [1,16,30,36,69,75,88,103] [3,14,28,36,48,54,69,109] [21,25,26,62,71,73,114,125] [2,18,33,66,73,76,78,91] [4,11,29,55,63,86,105,110] [2,16,25,38,40,72,99,127] [11,48,62,80,89,115,119,122] [18,55,68,75,80,90,99,122] [13,26,58,63,87,107,112,122] [2,24,36,45,56,59,62,75] [5,9,18,45,53,57,72,114] [0,2,32,38,47,56,58,69] [3,16,31,36,48,75,103,122] [3,4,30,52,65,103,109,117] [9,18,21,33,62,85,92,125] [0,2,73,78,87,91,99,110] [4,24,29,63,72,105,109,110] [2,5,11,26,44,72,99,118] [11,48,87,89,91,98,103,122] [13,37,68,95,99,104,123,124] [3,13,34,36,48,58,63,75] [2,12,24,25,36,39,56,82] [5,18,48,53,72,75,90,118] [0,38,53,56,63,70,80,81] [3,5,10,36,50,75,80,116] [21,28,31,52,62,81,109,117] [18,28,33,49,62,78,85,125] [2,13,27,71,73,78,91,125] [2,29,53,72,105,109,110,113] [16,26,44,48,55,72,91,118] [80,89,91,94,98,115,119,122] [6,13,75,80,83,94,118,124] [25,27,30,43,47,71,80,115] [5,6,18,29,37,91,100,104] [6,11,27,56,72,104,108,127] [12,20,22,26,37,45,58,114] [15,52,60,68,98,102,103,127] [3,26,28,36,71,83,110,120]
Token  83: [0,23,28,41,62,87,124,125] [29,38,45,67,73,77,93,122] [36,49,73,76,92,125,126,127] [9,12,13,24,40,62,70,114] [11,27,50,57,73,77,93,119] [10,18,48,87,96,115,117,119] [46,63,64,66,104,110,116,118] [33,44,69,73,82,100,106,110] [18,20,67,86,90,95,118,123] [0,35,68,80,96,102,113,127] [10,18,30,41,43,50,88,95] [16,21,22,28,31,48,81,96] [2,14,18,26,42,67,73,114] [18,41,68,76,83,85,91,106] [3,5,29,53,55,60,71,109] [2,31,38,40,44,72,91,120] [42,48,60,78,80,89,94,115] [1,46,68,80,82,99,104,122] [3,63,65,75,104,110,116,118] [24,32,45,73,75,82,100,106] [18,20,67,90,95,114,118,124] [0,8,35,47,69,80,113,123] [10,23,30,36,41,75,124,127] [4,22,31,33,48,52,81,107] [18,19,28,42,57,62,78,85] [0,63,73,85,91,99,110,125] [2,14,30,47,72,109,110,113] [2,11,16,44,75,99,118,120] [48,60,89,91,94,98,100,122] [37,46,68,93,100,104,122,124] [3,9,36,52,58,63,75,110] [3,24,33,39,51,60,82,106] [0,18,20,48,90,95,101,124] [0,47,69,80,96,106,113,123] [5,10,23,30,36,75,82,127] [21,25,28,31,33,37,48,55] [11,14,19,26,28,42,61,78] [13,27,41,71,76,89,91,125] [2,3,47,72,99,102,109,110] [2,16,40,44,51,55,84,99] [6,60,80,89,91,107,115,122] [36,46,49,54,81,96,103,124] [8,24,30,53,66,68,70,80] [12,18,74,80,94,96,100,111] [5,6,11,23,88,99,103,114] [17,26,58,65,67,76,110,114] [15,29,30,81,84,96,104,106] [14,48,51,71,82,83,110,111]
Token  84: [16,47,53,66,104,107,111,120] [34,62,67,77,86,107,122,126] [10,14,72,74,87,111,116,125] [12,13,25,71,76,89,105,114] [0,11,23,26,29,43,74,119] [4,18,22,73,80,93,107,110] [13,26,41,58,63,110,112,116] [24,33,50,60,75,82,87,106] [18,45,58,64,72,90,114,123] [0,2,69,80,92,94,113,125] [3,6,16,31,36,68,69,78] [3,28,48,69,75,81,93,120] [18,21,25,35,53,62,67,73] [18,33,42,44,63,78,83,91] [4,19,29,63,80,92,110,113] [2,16,38,44,60,81,125,127] [7,40,42,48,65,89,115,122] [1,18,53,75,82,90,99,122] [26,38,63,70,75,87,112,122] [24,45,56,59,62,75,87,123] [5,9,18,53,57,64,72,114] [0,2,47,49,50,56,84,106] [3,10,31,36,47,75,94,127] [30,48,54,65,99,103,107,120] [19,26,33,35,78,85,89,92] [13,60,73,78,91,92,99,110] [14,24,29,63,76,80,110,113] [2,8,11,38,44,63,88,120] [7,40,65,89,91,97,98,122] [13,18,52,53,68,99,123,124] [3,13,44,52,58,63,75,107] [12,24,39,56,59,60,87,106] [5,11,18,48,53,64,72,90] [0,14,49,53,56,81,94,96] [3,10,26,36,68,75,80,92] [5,21,28,31,33,101,107,120] [11,28,33,53,62,78,85,122] [13,44,71,73,75,91,124,125] [2,21,24,29,55,72,99,110] [2,44,48,55,84,88,91,118] [4,7,40,46,80,89,91,115] [6,52,53,68,79,80,103,124] [24,30,37,59,68,73,80,123] [2,18,94,96,100,104,112,124] [6,12,19,34,37,54,103,104] [16,20,37,87,92,94,98,127] [17,43,44,67,82,84,104,124] [19,27,34,46,61,71,83,110]
Token  85: [0,7,34,62,63,101,116,125] [34,67,72,76,86,99,107,122] [8,9,14,54,72,81,92,125] [1,62,71,76,87,97,114,117] [0,11,22,29,74,83,87,114] [4,24,34,73,80,90,122,126] [26,58,63,85,107,110,112,116] [9,24,33,60,73,82,106,119] [18,45,64,72,83,90,118,123] [0,2,33,38,69,94,113,125] [9,36,43,68,69,78,98,126] [3,4,28,48,52,54,75,125] [21,25,41,65,73,85,91,118] [18,33,44,78,91,102,108,119] [4,11,19,63,66,82,110,113] [2,16,38,41,49,81,89,120] [7,40,48,50,78,80,97,115] [1,18,34,82,90,99,100,122] [24,44,56,58,63,87,116,118] [9,31,33,51,59,75,88,100] [35,44,45,57,65,90,116,118] [0,10,49,80,96,111,122,125] [18,19,36,68,69,78,94,98] [3,4,21,23,54,96,99,125] [2,9,26,34,65,79,96,127] [73,91,104,106,108,112,119,125] [3,14,29,38,72,82,110,115] [16,32,40,48,75,87,102,120] [7,30,48,62,80,97,103,115] [1,18,72,75,82,90,93,103] [52,56,58,63,75,83,87,116] [31,33,44,51,82,88,100,123] [9,15,35,44,45,61,86,100] [0,7,23,49,66,80,96,111] [7,13,18,82,85,91,94,103] [4,43,60,85,94,99,100,121] [2,14,27,36,39,108,118,127] [20,27,73,89,104,106,112,125] [3,15,30,38,82,109,110,125] [11,16,32,33,40,63,75,87] [30,42,48,89,105,107,111,113] [1,34,49,59,61,82,88,105] [8,14,17,25,30,56,111,115] [16,18,46,56,68,74,80,82] [5,6,9,11,19,94,103,112] [16,26,29,77,86,90,110,114] [41,44,46,51,53,62,74,76] [42,51,58,65,71,83,99,110]
Token  86: [17,28,30,62,66,67,68,77] [7,54,67,99,113,114,116,122] [9,23,36,70,72,73,90,92] [1,62,71,76,77,85,114,121] [0,1,11,22,43,77,116,119] [18,24,48,78,80,90,122,126] [63,85,104,108,110,116,118,119] [32,33,39,73,82,100,106,110] [18,64,67,86,90,95,103,123] [0,22,68,80,94,113,124,127] [1,9,30,36,69,108,121,122] [4,15,28,31,48,52,75,107] [18,25,42,53,62,71,73,85] [18,33,85,91,95,102,104,108] [2,3,19,29,63,82,109,113] [2,31,33,38,40,54,56,91] [26,40,42,48,50,78,80,115] [1,6,75,82,90,104,117,122] [3,52,63,65,75,85,87,110] [32,45,56,73,82,100,106,110] [18,33,44,64,90,95,114,124] [0,22,33,69,80,102,113,127] [1,23,36,68,75,108,121,122] [6,15,28,31,48,52,104,107] [18,28,42,47,57,78,85,108] [78,85,91,95,99,108,122,124] [14,19,29,72,82,83,109,110] [2,11,19,33,50,54,87,118] [4,29,70,91,98,100,109,122] [34,37,75,89,93,104,120,124] [3,9,36,52,55,63,75,87] [24,33,39,45,59,60,121,123] [5,18,23,48,64,72,90,101] [0,23,33,39,94,96,113,124] [2,9,30,36,75,80,121,122] [6,15,21,28,31,33,104,114] [1,28,42,57,61,75,78,85] [52,71,73,89,91,102,108,125] [2,19,72,81,82,83,99,110] [2,33,48,54,77,87,99,118] [46,89,91,107,109,111,115,122] [6,75,79,80,81,100,103,124] [4,14,30,47,70,76,116,121] [2,16,18,30,75,94,96,106] [5,6,9,42,49,94,104,114] [2,13,51,67,86,87,88,110] [33,35,62,76,90,97,122,123] [14,44,46,51,54,65,82,110]
Token  87: [31,63,70,81,83,107,118,120] [8,20,34,39,41,46,113,116] [10,53,56,67,70,72,81,88] [62,71,76,85,87,109,117,121] [11,29,52,76,79,83,95,106] [18,24,42,72,90,110,114,125] [8,26,47,56,87,108,112,116] [24,49,56,59,75,82,92,106] [11,18,38,66,72,90,114,123] [0,2,23,69,98,110,124,125] [31,36,68,69,73,78,90,122] [3,26,28,48,75,93,103,125] [8,21,65,73,85,91,92,107] [0,18,20,78,80,91,104,119] [2,10,11,14,15,63,66,110] [2,16,38,49,59,89,110,125] [48,50,65,80,89,97,103,115] [1,13,18,19,55,75,82,99] [24,56,63,71,87,89,105,112] [3,24,49,56,59,75,106,112] [38,57,65,72,84,114,121,124] [0,9,49,96,110,111,122,125] [36,56,58,61,78,94,98,105] [3,23,24,49,54,61,92,125] [9,15,33,35,65,79,96,99] [0,15,26,28,104,110,119,125] [14,48,72,74,86,107,110,113] [2,11,16,19,44,75,85,120] [48,83,97,98,103,113,115,122] [13,72,75,78,83,89,93,124] [34,52,63,67,75,83,108,116] [3,33,39,48,49,51,106,110] [9,14,15,35,84,90,111,121] [9,23,49,60,69,96,104,114] [7,30,39,45,73,80,102,113] [4,17,29,33,78,85,114,121] [9,14,33,42,74,95,108,122] [20,27,35,42,71,89,104,125] [6,74,82,99,104,110,113,125] [11,32,33,44,48,55,75,111] [1,42,48,50,98,107,111,113] [13,34,49,59,61,88,93,105] [8,17,21,25,30,56,78,111] [27,30,35,56,74,82,98,99] [5,6,25,34,99,103,108,112] [3,13,16,37,53,110,114,117] [42,46,51,62,64,95,102,120] [42,45,51,71,83,84,99,110]
Token  88: [28,33,62,64,67,68,70,77] [8,28,67,78,90,99,114,122] [36,56,70,72,73,90,119,121] [1,19,29,37,62,76,77,121] [11,18,19,29,37,87,116,119] [4,18,24,43,48,78,90,96] [55,63,66,85,88,110,112,116] [9,33,36,44,73,82,100,106] [4,10,18,67,72,79,86,95] [0,68,79,80,102,113,124,127] [1,3,30,36,67,78,94,122] [3,15,28,31,48,81,92,107] [21,25,38,42,62,71,85,96] [0,18,85,91,102,104,108,119] [3,5,11,19,55,81,82,109] [2,31,38,40,50,77,84,120] [40,42,48,78,80,103,109,115] [1,18,68,73,77,82,99,122] [38,44,63,85,87,88,112,116] [26,33,36,45,56,59,82,100] [5,18,53,57,90,95,118,124] [0,2,47,56,69,79,80,113] [3,9,23,31,36,75,94,122] [4,25,52,75,81,92,103,107] [1,16,28,41,57,85,92,122] [0,14,52,78,91,95,108,119] [14,19,29,72,82,91,92,110] [2,21,25,68,84,87,99,118] [29,35,40,89,91,98,100,109] [13,89,93,99,100,104,122,124] [36,38,39,48,52,55,63,88] [12,24,39,45,59,60,102,121] [4,5,18,27,45,48,75,90] [0,2,33,63,79,80,96,123] [2,5,26,30,36,67,80,102] [11,17,31,33,81,92,107,114] [1,11,18,33,57,61,85,91] [73,89,91,97,108,119,124,125] [3,19,29,72,81,82,110,116] [2,33,48,55,77,87,99,118] [25,65,80,89,91,98,109,115] [6,11,13,49,80,93,100,124] [4,14,20,30,53,66,70,110] [2,11,16,47,61,75,96,99] [5,6,42,94,103,104,114,119] [2,26,48,53,86,87,88,119] [1,17,43,90,93,97,104,123] [14,44,51,54,71,99,110,114]
Token  89: [2,21,51,63,93,97,118,120] [19,23,41,53,83,116,123,126] [8,9,53,69,72,92,116,117] [1,26,76,85,101,117,121,123] [0,11,22,29,76,83,91,105] [4,24,80,90,96,110,111,126] [13,63,85,88,110,112,116,126] [24,33,73,75,82,95,100,106] [18,27,39,64,72,79,90,123] [0,2,48,69,92,113,125,127] [31,36,68,69,78,90,122,123] [3,4,28,58,86,93,103,106] [21,23,35,69,73,85,92,123] [33,55,73,78,91,110,121,122] [4,19,28,63,82,92,110,123] [2,8,16,34,38,49,90,112] [4,20,42,48,78,89,115,122] [18,49,61,70,73,90,122,123] [27,38,44,58,75,112,122,126] [24,45,56,59,75,95,119,123] [5,18,27,53,57,64,72,114] [0,2,47,48,49,56,84,106] [3,23,31,36,68,75,94,122] [4,11,25,30,58,65,103,107] [21,35,69,85,89,92,108,123] [14,52,60,78,91,95,108,110] [4,19,63,72,82,91,109,110] [2,8,38,68,84,87,99,112] [4,27,65,89,91,98,100,122] [13,14,49,61,99,123,124,126] [3,13,36,39,44,58,75,107] [12,24,39,59,72,86,95,100] [5,11,18,28,48,75,90,118] [0,43,53,56,63,81,96,123] [3,36,42,48,75,80,84,92] [13,21,28,31,58,65,76,101] [11,18,28,54,78,85,106,123] [14,27,30,71,73,89,91,122] [2,19,72,76,81,91,99,110] [2,8,26,48,84,88,112,118] [4,14,33,65,89,91,107,115] [1,49,51,61,73,80,82,124] [14,21,30,50,53,63,66,68] [11,46,61,69,96,100,106,113] [6,71,103,104,107,108,113,114] [4,31,94,104,114,119,121,127] [35,43,67,74,97,110,120,125] [0,34,46,65,71,79,104,110]
Token  90: [4,22,51,57,103,106,111,127] [9,24,44,46,48,56,116,126] [36,69,70,72,90,92,107,122] [1,26,29,51,87,94,101,114] [11,23,29,43,52,63,77,119] [4,24,51,58,90,93,105,110] [25,44,58,63,87,108,112,116] [9,24,32,44,45,82,94,106] [18,38,57,67,72,86,90,114] [0,2,32,49,68,80,92,96] [3,26,36,43,68,69,78,98] [3,21,28,48,54,60,96,125] [2,8,28,56,65,73,85,96] [0,58,66,78,91,103,106,110] [3,4,17,67,81,100,105,110] [2,8,10,16,49,70,120,127] [65,81,83,89,103,105,115,119] [1,18,21,55,75,78,82,83] [8,24,26,34,63,88,105,116] [18,24,49,51,59,100,106,112] [38,46,65,72,84,111,116,121] [0,9,10,49,96,110,122,125] [26,47,56,58,61,68,78,98] [3,21,23,24,64,75,96,125] [9,15,23,56,65,85,96,99] [0,15,26,58,78,99,104,112] [4,22,76,81,88,94,107,110] [2,16,19,44,49,59,75,120] [4,48,65,83,89,103,115,119] [1,18,55,72,75,82,83,93] [9,26,34,38,39,44,63,75] [9,24,33,48,51,60,100,106] [9,15,44,45,61,72,80,101] [10,23,24,49,80,96,104,111] [7,26,30,45,88,98,103,112] [4,21,37,78,94,109,111,121] [2,14,17,32,34,42,74,108] [10,20,27,36,91,104,124,125] [3,7,16,19,53,94,102,125] [11,15,33,37,40,72,75,120] [1,12,30,42,48,50,80,107] [6,34,39,59,61,72,88,105] [8,17,25,47,56,70,80,111] [2,18,29,72,74,80,96,98] [5,6,25,34,39,42,72,112] [26,29,45,53,77,104,110,114] [26,35,41,43,46,70,102,110] [36,42,51,83,94,110,112,116]
Token  91: [7,17,21,28,34,51,67,77] [16,23,48,63,75,114,116,122] [8,36,56,65,72,90,92,100] [20,25,29,73,77,93,94,114] [10,11,34,43,57,87,104,105] [4,31,58,71,97,105,114,122] [39,44,63,85,112,115,116,118] [9,24,33,44,82,94,100,106] [4,15,35,44,83,86,90,123] [0,2,32,68,69,80,95,125] [1,6,13,18,31,36,69,98] [3,5,21,28,48,50,65,106] [21,25,28,36,54,65,85,123] [0,18,91,97,102,103,106,113] [11,16,19,64,81,109,110,111] [2,31,38,40,48,84,120,127] [10,42,48,51,80,89,114,115] [1,18,61,75,99,122,124,126] [44,58,63,87,112,115,116,118] [24,31,33,45,56,75,100,123] [4,5,18,35,45,57,72,124] [0,23,32,41,47,56,69,96] [13,23,31,36,75,103,122,127] [4,14,31,36,48,52,65,94] [20,28,33,54,59,78,85,108] [0,20,73,78,91,97,99,110] [16,19,35,64,72,81,83,110] [2,11,12,21,34,44,84,88] [4,10,34,42,91,98,100,103] [13,22,72,75,99,120,124,126] [9,39,44,48,55,77,93,104] [25,38,39,40,56,100,104,121] [3,4,10,11,54,74,83,90] [32,38,39,69,77,81,91,124] [5,29,42,80,92,114,115,122] [17,62,65,66,76,84,104,120] [20,41,54,59,62,101,111,125] [31,43,68,74,85,89,91,126] [2,13,19,59,64,81,109,110] [12,16,21,26,33,37,63,84] [4,10,51,91,98,111,115,119] [34,61,75,78,80,100,124,126] [30,33,38,43,47,71,95,98] [11,16,29,30,75,91,96,106] [6,30,39,44,94,104,108,114] [12,20,45,53,88,91,103,114] [15,35,51,52,98,102,104,127] [21,26,28,51,71,83,103,110]
Token  92: [28,83,87,91,95,112,124,125] [16,29,63,67,68,77,113,122] [5,36,56,67,72,76,115,125] [3,12,20,70,73,93,104,114] [10,11,27,57,60,64,101,126] [4,58,76,93,97,110,114,122] [39,44,58,63,65,112,116,118] [2,19,24,33,82,88,100,106] [10,18,35,44,45,90,114,123] [0,2,32,41,68,69,80,125] [1,13,31,36,68,70,94,121] [1,3,25,48,53,54,62,103] [21,25,35,62,65,73,94,108] [33,36,43,73,91,92,110,122] [4,14,16,63,81,109,110,111] [2,16,31,38,84,89,118,127] [42,44,48,65,81,89,108,115] [18,55,63,75,90,99,108,122] [24,38,63,87,88,112,118,122] [24,45,56,59,75,100,112,123] [5,18,45,53,57,65,72,114] [0,2,32,41,47,49,50,56] [31,36,47,68,70,75,94,127] [3,14,30,48,54,56,103,107] [21,35,57,64,75,89,94,108] [38,47,52,60,73,78,81,110] [4,12,14,16,76,81,107,110] [2,8,28,37,41,63,120,122] [27,34,48,54,62,65,89,97] [11,18,26,68,75,108,122,123] [24,26,52,58,63,70,75,126] [7,24,45,48,59,75,106,123] [18,27,53,57,72,81,114,125] [0,2,13,49,50,85,92,100] [26,27,31,36,68,70,90,99] [1,3,5,53,54,56,103,107] [21,35,52,85,89,94,108,125] [26,33,36,47,63,73,91,110] [4,12,14,55,81,102,107,110] [2,8,17,28,49,51,59,122] [42,48,54,65,89,91,115,122] [11,18,73,100,108,111,120,122] [2,17,20,24,25,69,77,115] [37,46,47,56,75,84,91,94] [6,8,9,11,67,70,94,102] [2,5,29,77,86,87,95,114] [1,5,37,71,76,81,97,123] [14,23,25,44,74,82,92,127]
Token  93: [0,40,43,65,72,73,98,100] [18,38,61,70,94,100,122,127] [16,38,40,57,84,88,109,123] [6,31,67,68,71,84,116,124] [11,13,52,76,81,85,106,115] [37,59,61,64,66,73,97,125] [24,27,35,53,70,105,107,112] [18,24,59,75,82,88,109,112] [9,16,18,57,65,72,81,121] [0,2,9,19,49,85,110,125] [3,26,31,36,61,68,78,90] [1,3,24,54,61,93,103,125] [21,23,35,56,85,89,99,108] [15,26,28,33,58,80,91,110] [4,12,20,76,81,100,104,110] [2,8,16,31,49,52,101,120] [42,62,65,76,81,89,97,115] [11,18,19,33,42,55,99,105] [8,24,44,70,71,81,105,126] [24,49,59,62,101,112,119,123] [16,41,53,57,72,81,84,114] [0,2,49,50,85,98,110,125] [31,36,47,56,57,61,68,90] [3,24,32,54,56,65,103,107] [21,23,28,35,64,85,89,99] [15,28,38,47,60,73,91,110] [4,12,14,32,55,76,81,104] [2,8,28,31,41,52,120,125] [39,48,62,65,89,97,101,115] [11,18,21,26,42,80,108,123] [24,26,52,58,63,70,107,126] [18,24,59,75,92,106,112,123] [16,57,65,66,72,111,114,121] [0,2,13,16,49,50,98,125] [26,27,31,36,51,68,78,90] [3,23,53,54,56,65,103,125] [18,21,35,41,56,65,85,96] [15,26,33,47,58,78,91,110] [4,12,32,55,81,100,104,107] [2,16,49,52,59,70,122,127] [17,48,54,65,81,89,105,115] [1,18,21,48,55,73,82,105] [14,31,32,52,64,68,80,115] [31,37,46,77,78,83,88,104] [6,8,16,53,73,90,98,107] [2,22,27,54,87,94,101,114] [5,34,38,52,71,97,98,118] [20,57,73,74,77,86,105,109]
Token  94: [21,50,51,57,75,103,106,110] [3,6,9,28,48,62,95,122] [12,82,84,90,111,115,122,125] [4,39,56,71,87,115,117,118] [11,50,52,56,58,73,83,119] [17,37,47,51,59,68,73,105] [26,27,63,71,107,112,116,126] [6,18,24,33,59,82,88,109] [18,36,38,45,57,72,97,109] [0,16,49,80,96,98,122,125] [31,36,47,59,68,69,78,90] [3,7,48,54,63,93,103,109] [8,23,24,35,56,65,73,105] [26,33,58,80,83,91,110,118] [4,15,63,76,81,105,109,110] [2,8,16,31,49,70,72,103] [42,65,81,89,97,103,115,119] [1,18,55,78,82,83,90,99] [8,24,26,44,70,71,122,126] [6,24,59,62,106,112,119,123] [16,41,57,65,66,72,81,114] [0,2,49,50,85,98,122,125] [26,31,36,47,51,68,90,98] [23,26,32,53,54,103,109,125] [23,24,28,35,41,79,89,108] [31,61,66,73,81,91,110,119] [4,12,16,63,76,81,105,110] [2,8,16,28,59,63,72,120] [12,48,65,89,91,98,100,119] [18,66,68,75,80,99,120,123] [24,26,52,58,63,75,107,126] [24,33,48,59,75,82,106,123] [18,45,57,72,90,101,111,114] [0,2,13,32,49,50,96,98] [26,30,31,36,51,68,90,112] [3,21,53,54,64,103,107,109] [20,21,23,24,35,65,73,85] [26,31,33,66,82,91,110,118] [3,4,16,38,55,81,105,110] [2,16,31,40,59,72,89,120] [12,89,91,98,105,115,119,122] [2,9,18,66,78,80,82,103] [14,18,27,43,68,80,102,115] [6,29,37,46,87,100,104,120] [6,20,30,48,69,81,98,121] [22,27,37,45,54,58,70,114] [52,55,60,68,98,104,115,127] [36,47,66,71,88,112,120,123]
Token  95: [3,23,28,51,77,112,118,125] [16,28,45,48,68,88,90,122] [15,23,36,56,64,76,95,125] [24,37,70,90,92,101,114,119] [11,28,50,58,83,97,104,119] [4,10,17,39,75,76,99,103] [22,26,41,44,58,63,116,118] [9,24,31,33,59,88,94,123] [6,15,18,61,72,80,90,111] [0,14,23,32,35,49,65,96] [18,26,36,69,85,103,109,111] [14,21,22,28,48,54,63,69] [2,23,26,41,65,73,75,85] [18,33,41,50,82,83,91,110] [3,4,5,16,47,63,102,115] [2,16,17,31,49,72,83,120] [23,30,42,48,65,97,115,122] [1,9,18,46,82,90,99,122] [13,44,58,63,112,118,122,126] [24,33,45,56,59,75,100,123] [5,18,45,57,72,101,111,114] [0,14,32,47,50,65,96,111] [36,48,68,71,75,94,103,109] [4,11,31,36,48,54,65,103] [18,20,21,24,28,75,85,108] [2,33,50,73,91,110,118,119] [4,16,47,63,72,76,89,110] [2,8,12,16,72,83,118,120] [23,48,60,65,89,91,94,122] [4,18,37,46,52,94,99,120] [3,26,39,52,58,63,75,126] [24,33,39,45,48,59,106,123] [6,15,18,48,72,90,101,111] [0,14,32,49,53,65,80,96] [26,30,36,48,50,75,103,109] [11,21,28,31,48,64,65,121] [20,21,26,52,57,73,75,85] [13,73,76,82,91,106,110,125] [3,47,55,72,76,81,102,110] [2,8,16,17,40,48,55,120] [23,60,69,80,91,110,115,122] [17,36,46,52,80,81,94,103] [14,24,49,68,74,76,90,125] [12,19,43,44,56,74,120,125] [6,11,23,39,45,83,88,99] [5,17,22,26,46,58,76,112] [29,30,39,80,81,96,105,127] [15,35,52,71,82,95,111,127]
Token  96: [2,51,63,73,81,97,111,120] [32,45,53,86,105,107,109,122] [8,10,14,54,62,72,104,125] [20,25,57,71,101,105,111,119] [23,25,43,52,58,73,83,95] [34,64,68,80,82,97,114,122] [27,34,39,41,63,111,112,126] [3,24,33,56,59,75,88,109] [5,11,17,18,72,80,90,111] [0,2,21,49,65,85,92,96] [3,9,26,31,36,43,68,90] [3,48,54,63,72,81,93,120] [21,23,28,75,79,85,92,118] [0,33,82,83,91,97,102,110] [4,5,63,76,79,80,81,110] [2,8,16,31,79,112,120,125] [7,11,48,65,83,89,97,115] [18,46,49,52,58,68,90,93] [13,24,26,44,58,63,112,126] [24,33,45,56,59,87,95,123] [5,18,53,57,72,101,111,114] [0,2,32,49,50,65,94,98] [3,19,26,31,36,48,68,75] [4,11,30,48,52,54,65,107] [18,21,28,33,35,85,92,118] [0,71,73,78,81,91,97,110] [14,16,63,72,76,80,109,110] [2,8,19,38,59,87,112,118] [7,34,48,65,89,91,98,122] [13,18,37,49,52,68,99,120] [3,9,52,58,75,79,112,126] [24,33,39,45,56,87,106,123] [5,11,18,48,72,90,101,111] [0,49,53,56,63,81,94,96] [3,26,31,35,36,50,68,75] [11,15,21,31,37,52,65,103] [28,33,52,75,78,85,92,118] [2,44,68,71,73,89,91,125] [29,30,72,76,80,81,110,113] [2,8,12,16,48,84,87,118] [7,69,70,89,91,98,115,122] [17,46,52,58,80,103,123,124] [14,23,24,30,37,68,74,76] [12,19,43,44,56,94,112,120] [6,7,8,19,45,88,94,99] [16,17,22,46,58,63,104,112] [21,29,30,39,81,84,104,105] [6,35,52,71,74,95,108,111]
Token  97: [28,29,62,77,111,116,120,126] [11,45,58,78,86,107,113,122] [9,15,24,36,72,119,121,125] [7,19,25,51,101,105,109,111] [11,25,39,43,47,74,83,95] [18,31,78,80,82,97,100,103] [26,39,41,56,58,63,112,116] [24,31,33,36,51,84,87,88] [18,24,51,72,90,101,111,114] [0,2,13,23,49,80,94,96] [1,6,31,34,36,43,59,69] [15,28,48,54,60,81,87,93] [20,21,23,53,73,85,106,112] [24,33,37,44,68,91,110,119] [3,19,29,62,63,72,76,110] [2,8,16,17,31,38,50,112] [42,48,78,83,89,115,122,123] [1,14,18,70,84,90,99,122] [38,44,52,58,63,75,87,112] [33,45,51,56,62,87,100,123] [5,24,51,53,57,72,111,114] [0,47,49,56,65,94,96,99] [19,23,31,34,36,48,71,75] [4,11,15,30,52,65,87,107] [18,20,23,28,75,79,85,106] [24,33,37,73,91,92,110,118] [9,29,62,63,72,76,89,110] [2,8,12,16,38,44,50,59] [48,73,83,89,91,98,122,123] [14,18,37,51,58,99,120,124] [3,9,36,39,52,58,75,79] [3,33,36,39,45,51,60,87] [5,18,24,51,72,90,101,111] [0,56,63,69,94,96,123,124] [5,26,34,35,36,50,75,77] [15,21,28,31,87,104,110,121] [11,18,28,34,75,85,101,106] [13,24,27,73,89,91,106,125] [3,19,29,30,62,72,97,110] [2,8,12,16,17,48,99,106] [65,89,91,107,111,115,122,123] [49,51,58,80,95,100,103,124] [2,14,28,30,43,67,68,76] [2,11,24,72,80,94,96,100] [6,32,39,82,94,107,108,113] [2,31,65,86,87,94,110,127] [17,67,74,76,90,93,97,125] [14,34,54,61,71,79,83,110]
Token  98: [2,18,22,61,80,84,103,118] [3,37,58,72,83,86,113,124] [24,72,82,84,92,117,122,125] [7,25,51,67,71,80,82,109] [19,25,43,47,64,83,91,119] [23,82,93,97,100,103,107,111] [26,38,39,41,58,112,116,126] [24,31,33,39,51,56,62,75] [18,38,72,80,90,109,111,114] [0,2,21,49,65,69,85,96] [1,6,36,68,69,78,81,90] [3,15,28,48,54,70,93,106] [8,18,23,73,79,85,92,126] [0,33,73,83,91,110,118,121] [5,10,19,28,29,63,79,110] [2,8,16,31,38,50,103,112] [42,48,55,78,89,98,115,122] [1,18,55,78,90,99,122,123] [8,26,38,44,75,107,112,126] [24,45,51,56,59,62,75,123] [5,9,18,53,57,72,109,114] [0,21,49,56,81,96,98,122] [3,19,31,36,47,68,75,90] [5,11,28,32,54,65,103,107] [21,23,28,35,75,85,89,92] [0,60,73,81,83,91,110,118] [4,14,27,63,76,81,109,110] [2,8,12,19,44,63,112,120] [48,65,73,89,91,98,103,122] [13,18,58,68,99,120,123,124] [3,26,44,52,58,75,107,126] [24,36,45,59,62,106,119,123] [5,18,48,51,72,74,90,114] [0,13,21,49,50,53,81,96] [26,36,51,68,75,90,115,116] [5,17,28,31,53,70,103,107] [18,35,47,77,78,85,92,106] [30,31,71,73,81,91,110,125] [19,29,30,72,76,81,105,110] [2,8,12,16,48,72,106,112] [65,70,87,89,91,105,115,119] [1,18,48,73,80,82,103,124] [30,37,43,50,64,68,76,80] [11,30,61,69,82,96,98,100] [6,53,73,94,104,107,108,113] [31,45,87,88,94,114,116,127] [43,52,67,76,93,97,104,125] [34,61,65,71,79,83,110,117]
Token  99: [18,51,57,92,103,106,110,111] [3,9,24,33,48,72,92,95] [10,36,72,90,107,111,122,125] [5,37,39,51,71,112,114,117] [11,23,47,50,63,64,114,119] [4,18,31,51,93,97,105,110] [26,44,46,58,63,87,112,116] [24,33,36,44,82,88,94,106] [38,45,67,72,86,90,109,123] [0,2,32,38,63,68,80,96] [6,9,36,63,68,69,78,98] [3,21,28,48,53,54,72,109] [2,8,21,28,65,73,78,85] [31,33,42,58,66,83,91,110] [16,42,63,66,86,92,105,110] [2,8,16,38,49,72,103,127] [12,42,48,65,89,103,115,119] [1,18,55,75,82,90,99,122] [24,25,26,44,63,87,112,116] [3,9,24,31,56,59,75,112] [9,53,57,65,72,109,111,114] [0,2,10,49,50,84,96,122] [19,31,36,47,68,78,94,98] [3,4,37,54,65,107,109,125] [9,21,23,28,65,79,85,89] [23,42,82,91,92,99,104,118] [16,22,29,72,105,107,110,113] [11,19,44,63,72,75,103,120] [12,48,65,83,98,113,115,119] [18,68,72,90,93,120,123,124] [9,26,30,34,52,63,75,107] [3,43,51,60,73,82,103,106] [5,9,14,15,35,90,101,111] [23,49,56,69,73,77,96,113] [7,10,45,50,80,82,102,119] [4,28,29,33,78,85,109,121] [14,22,33,39,42,95,108,127] [20,27,31,35,89,92,112,125] [6,15,16,19,30,74,105,125] [11,33,44,69,75,84,102,117] [1,12,42,48,80,107,113,119] [13,34,49,59,80,88,100,105] [8,17,25,33,56,66,70,111] [18,29,30,35,61,69,82,98] [5,6,25,30,42,103,112,114] [29,31,41,58,88,110,113,114] [15,26,46,54,100,110,120,125] [17,36,39,46,51,53,61,110]
Token 100: [28,51,83,87,91,112,124,125] [9,16,29,48,67,68,90,122] [4,5,23,36,67,76,100,125] [12,20,37,70,73,101,112,114] [11,28,32,37,38,50,57,119] [4,10,63,74,75,87,93,110] [46,63,87,104,111,112,116,118] [2,19,33,44,82,94,100,106] [15,18,20,35,86,90,118,123] [0,32,35,63,66,68,80,102] [6,18,30,36,69,98,103,109] [22,28,31,36,48,53,96,120] [2,25,26,28,41,65,73,85] [13,18,33,76,83,91,106,119] [5,16,29,63,66,102,109,110] [2,16,17,31,38,40,99,127] [42,48,80,89,97,110,115,122] [1,13,46,82,90,94,99,122] [3,44,58,63,87,112,116,118] [2,24,33,45,75,82,88,100] [5,45,72,86,90,118,123,124] [0,32,56,69,80,92,111,115] [23,36,54,75,89,94,102,103] [4,11,17,31,48,52,53,65] [19,28,33,54,57,85,91,111] [13,31,50,52,91,99,110,119] [27,29,72,83,89,91,102,110] [2,11,44,50,51,99,111,118] [11,42,53,87,91,94,107,122] [13,30,37,46,89,94,99,124] [3,36,39,63,77,104,107,111] [2,12,24,33,44,76,82,106] [0,5,18,48,67,72,90,118] [0,21,32,53,56,63,80,115] [1,5,10,29,36,50,75,92] [5,21,28,31,52,53,65,120] [19,26,28,59,62,78,85,91] [13,27,50,68,71,91,119,125] [16,53,72,83,91,102,103,110] [16,40,44,50,58,84,99,118] [14,69,80,91,94,98,115,122] [13,37,80,81,94,100,122,124] [0,14,24,30,43,47,57,80] [12,46,56,75,80,96,99,100] [6,9,11,39,70,94,99,108] [26,29,45,76,77,90,95,114] [5,29,52,81,90,96,97,106] [10,14,44,46,58,74,82,92]
Token 101: [72,76,95,100,102,110,119,122] [12,62,64,70,94,100,106,122] [40,75,77,78,87,99,113,125] [20,25,73,82,94,103,105,116] [11,12,32,50,52,92,118,126] [9,17,25,33,37,59,64,103] [24,34,44,53,63,71,107,112] [18,24,45,59,62,82,88,109] [38,53,57,65,72,90,102,127] [0,17,19,49,80,85,96,125] [3,16,31,36,47,57,68,103] [3,21,28,48,52,54,93,125] [2,8,21,56,65,73,96,105] [0,26,33,58,78,81,91,103] [1,4,17,67,81,100,110,115] [2,8,49,52,59,70,120,127] [65,80,81,83,89,103,105,115] [1,18,21,42,55,78,82,99] [24,26,34,44,63,70,88,105] [18,24,59,62,73,106,109,112] [38,41,46,53,57,65,72,81] [0,38,49,50,85,110,122,125] [16,26,36,47,56,68,90,98] [3,7,23,24,54,103,107,125] [9,15,28,35,56,65,96,99] [15,28,58,77,81,99,104,110] [4,22,48,76,81,88,107,110] [8,16,19,26,51,53,59,120] [35,65,67,82,83,89,98,115] [18,21,59,71,72,86,118,120] [26,46,63,70,75,80,86,110] [6,14,36,73,103,106,110,117] [5,9,15,43,46,84,103,111] [10,33,49,54,57,79,80,112] [9,30,33,37,45,101,119,120] [4,8,29,37,68,78,114,126] [9,14,17,32,42,92,108,109] [10,20,27,49,52,61,104,115] [19,22,36,92,102,107,109,125] [11,25,46,51,53,69,75,120] [12,35,42,48,80,107,111,115] [6,34,59,72,80,86,88,123] [4,8,17,28,56,66,67,111] [2,18,72,74,80,82,98,111] [5,6,30,42,62,72,99,113] [3,16,29,41,48,51,88,98] [41,43,46,54,62,74,106,120] [23,48,54,65,83,94,109,110]
Token 102: [32,46,48,49,58,72,78,118] [2,12,28,34,62,93,107,122] [2,14,51,77,90,100,115,125] [13,15,42,50,73,101,116,125] [11,23,38,50,63,70,83,119] [18,22,31,55,105,107,110,119] [13,14,39,63,89,104,112,116] [2,33,36,73,82,94,100,106] [5,18,44,64,72,86,90,114] [0,2,32,38,51,66,80,92] [3,6,16,31,36,69,75,103] [3,14,22,25,48,62,69,109] [21,25,26,62,71,73,114,125] [2,18,29,33,73,78,87,91] [4,11,29,63,92,105,109,110] [2,16,25,26,38,72,99,127] [11,48,62,80,89,115,119,122] [18,68,75,80,90,94,99,122] [13,26,58,63,87,107,112,122] [2,24,36,45,56,62,75,123] [0,5,18,45,53,57,72,114] [0,2,32,38,47,56,58,69] [3,6,16,31,36,48,75,103] [4,36,48,52,62,65,109,117] [21,33,37,59,85,92,111,125] [31,73,78,87,91,92,99,110] [24,29,63,72,105,109,110,113] [2,5,26,44,50,72,99,118] [11,87,89,91,98,107,119,122] [13,37,68,95,99,120,123,124] [3,9,39,48,58,61,63,120] [2,12,15,24,25,36,106,114] [0,5,18,48,72,74,75,90] [0,38,53,56,58,69,80,81] [1,3,5,36,50,75,80,92] [21,28,31,52,62,81,109,117] [11,28,33,59,62,78,85,125] [2,13,27,71,73,91,106,125] [2,29,53,72,103,105,110,113] [5,16,26,44,48,72,91,99] [69,80,89,91,98,115,119,122] [6,75,80,83,94,100,118,124] [25,27,30,43,47,57,71,80] [6,18,29,37,91,98,100,104] [6,11,27,56,72,104,108,114] [12,20,22,26,37,45,58,114] [15,22,52,68,98,102,103,127] [3,26,28,36,71,83,110,120]
Token 103: [0,23,28,41,62,87,124,125] [29,38,45,67,73,77,93,122] [36,49,73,76,92,125,126,127] [9,12,13,40,62,70,101,114] [11,27,50,57,73,77,93,119] [4,10,48,83,87,110,117,119] [46,63,64,66,104,110,116,118] [33,44,69,73,82,100,106,110] [18,20,67,86,90,95,118,123] [0,35,68,80,96,102,113,127] [6,10,30,36,41,43,50,88] [4,15,22,28,31,48,81,96] [2,14,18,19,42,62,67,73] [18,33,68,76,85,91,106,110] [3,5,29,53,55,71,109,113] [2,17,31,38,40,44,72,120] [35,42,48,60,78,80,94,115] [1,46,68,80,82,99,104,122] [3,44,63,65,104,112,116,118] [24,32,45,56,75,82,100,106] [0,5,18,90,114,118,123,124] [0,2,8,47,56,69,80,106] [10,23,36,41,75,89,94,122] [4,22,31,48,52,65,81,107] [18,19,28,62,77,78,85,111] [0,31,50,52,85,91,110,124] [2,27,29,72,91,109,110,113] [2,11,44,51,72,79,111,118] [6,60,89,91,94,98,100,122] [37,46,68,89,104,120,122,124] [3,36,44,48,52,58,63,75] [24,33,39,59,60,62,82,106] [0,15,18,48,72,90,101,124] [0,8,63,69,80,81,96,115] [5,10,36,50,75,89,109,111] [21,22,28,31,48,64,104,117] [11,18,19,28,62,77,78,85] [27,68,71,73,76,89,91,125] [2,3,24,47,72,94,102,110] [2,12,16,44,48,51,55,84] [6,60,80,89,91,94,115,122] [46,54,58,68,81,96,103,124] [8,24,30,53,57,66,77,80] [12,18,74,80,94,96,100,111] [6,11,39,88,94,99,103,114] [16,17,26,58,67,76,110,114] [29,30,49,62,81,96,104,106] [14,28,51,71,80,83,110,111]
Token 104: [16,47,53,66,104,107,111,120] [34,62,67,77,86,107,122,126] [10,14,72,74,87,111,116,125] [12,13,25,71,76,89,105,114] [0,11,23,26,29,43,74,119] [4,18,72,73,80,93,107,110] [13,26,41,58,63,107,112,116] [24,33,45,50,60,82,87,106] [18,45,58,64,72,90,114,123] [0,2,53,69,80,92,94,125] [3,6,16,31,36,48,68,69] [3,28,48,54,75,81,93,120] [18,21,25,35,53,62,67,73] [13,18,33,44,63,78,83,91] [2,19,29,63,80,92,110,113] [2,38,44,50,60,81,84,127] [7,40,42,48,89,98,115,122] [1,18,53,75,82,90,99,122] [26,38,58,63,87,107,112,122] [24,45,56,59,62,75,87,123] [5,9,18,53,57,64,72,114] [0,2,14,47,49,50,94,106] [3,19,31,36,48,75,94,127] [25,30,48,54,99,103,107,120] [19,21,33,35,85,89,92,127] [13,60,61,73,78,83,91,110] [4,24,29,63,76,80,81,110] [2,5,8,38,44,63,68,88] [7,40,48,65,89,91,98,122] [13,52,53,68,99,104,123,124] [3,9,38,44,58,63,75,120] [12,24,36,38,39,59,87,106] [5,11,18,48,64,72,74,90] [0,14,49,53,56,81,94,124] [3,26,36,42,75,80,92,116] [5,15,21,28,31,101,107,120] [11,20,28,53,62,78,85,111] [13,44,71,73,91,122,124,125] [2,24,29,55,72,99,110,113] [2,44,48,55,84,88,91,118] [7,40,46,80,89,91,115,122] [6,53,68,78,79,80,103,124] [14,24,30,37,68,73,80,123] [2,11,18,94,96,100,104,124] [5,6,12,19,34,37,103,104] [16,20,37,92,94,98,104,127] [17,43,44,67,82,84,104,124] [19,27,34,46,61,71,83,110]
Token 105: [0,7,34,62,63,101,116,125] [34,67,72,76,86,99,107,122] [8,9,14,54,72,81,92,125] [1,66,71,76,87,97,114,117] [0,11,22,29,74,83,87,114] [4,18,24,34,73,80,90,122] [26,44,58,63,107,110,112,116] [9,24,33,59,82,88,106,119] [18,45,57,64,72,90,118,123] [0,2,33,38,69,94,113,125] [3,9,16,36,68,69,78,98] [3,4,28,48,54,72,81,125] [8,20,21,41,65,73,85,118] [0,18,33,91,92,102,108,119] [4,11,63,66,71,81,82,110] [2,16,38,40,41,49,89,120] [7,30,50,78,80,84,87,115] [1,18,22,34,55,82,99,100] [25,44,46,56,58,63,87,116] [33,44,59,82,88,94,100,106] [9,35,38,45,65,67,86,90] [0,2,7,66,80,96,111,122] [18,26,58,68,69,78,94,98] [3,5,21,48,96,99,100,125] [2,4,9,26,34,46,65,127] [51,91,92,104,106,112,119,125] [3,38,53,66,69,82,109,115] [16,32,40,49,58,59,89,120] [7,14,30,53,80,89,105,115] [1,18,72,77,82,93,100,103] [34,52,56,63,87,104,111,116] [24,32,33,44,59,82,100,106] [9,35,45,67,72,86,101,123] [0,7,8,17,23,68,80,111] [2,7,18,30,82,94,98,103] [4,21,28,37,96,99,100,121] [2,4,9,14,36,92,118,127] [20,27,91,92,104,106,112,119] [3,15,53,74,82,86,109,125] [11,32,33,40,58,75,87,89] [7,40,42,48,51,80,105,107] [13,34,49,53,59,80,88,126] [4,17,30,33,56,96,111,114] [16,27,55,56,61,82,98,113] [5,6,11,25,30,34,112,113] [16,19,29,45,86,88,114,127] [15,21,44,51,53,62,74,120] [27,45,51,71,83,99,110,113]
Token 106: [17,28,30,62,66,67,68,77] [7,54,67,99,113,114,116,122] [9,36,56,70,72,73,90,92] [1,62,71,76,77,85,114,121] [0,1,11,22,43,77,116,119] [18,24,48,78,80,90,122,126] [3,63,85,104,108,110,116,118] [32,33,39,56,73,82,100,106] [18,64,67,86,90,95,103,123] [0,22,68,80,94,113,124,127] [1,9,30,36,69,108,121,122] [4,15,28,31,48,52,75,107] [18,20,25,42,62,71,73,85] [18,33,85,91,95,102,104,108] [2,3,19,29,63,82,109,113] [2,25,33,38,54,84,89,91] [40,42,48,50,62,78,80,115] [1,70,75,80,82,90,104,122] [3,44,58,63,65,85,87,116] [24,45,56,59,75,82,100,106] [5,45,53,57,72,85,90,114] [0,2,14,33,47,56,80,113] [23,31,36,75,80,94,121,122] [4,6,25,31,48,52,104,107] [1,18,28,47,78,85,91,108] [52,78,85,91,95,108,110,119] [2,19,29,35,72,82,83,109] [2,19,21,33,50,84,87,118] [4,89,91,98,100,109,111,122] [3,34,37,89,95,99,120,124] [3,9,36,48,52,55,58,87] [12,24,39,59,87,115,121,123] [5,18,48,69,72,74,75,90] [0,2,15,39,53,56,81,124] [3,5,36,48,75,80,121,122] [11,15,21,31,101,104,114,120] [11,18,28,33,78,85,91,101] [27,73,89,91,102,108,124,125] [2,19,72,81,82,83,109,110] [33,48,55,77,84,87,99,118] [4,78,91,98,109,111,115,122] [68,79,80,81,96,100,111,124] [4,14,30,43,70,88,112,121] [2,11,16,18,75,94,96,106] [6,9,42,49,94,103,104,114] [2,13,48,51,67,86,87,88] [33,35,76,90,97,104,122,123] [0,14,44,51,54,82,110,113]
Token 107: [31,63,70,81,83,107,118,120] [8,20,34,39,41,46,113,116] [10,53,56,67,70,72,81,88] [62,71,76,85,87,109,117,121] [11,29,52,76,79,95,106,119] [4,18,24,42,72,90,114,125] [25,26,47,58,71,87,112,116] [9,24,56,59,75,82,92,106] [11,18,26,38,66,72,90,123] [0,2,23,69,91,98,124,125] [9,31,36,68,69,73,78,90] [3,26,28,48,53,75,81,103] [21,28,65,73,85,91,92,107] [0,18,42,78,80,91,104,112] [2,11,15,66,71,107,109,110] [2,16,17,32,40,49,89,120] [14,30,50,78,80,84,94,115] [1,9,13,18,19,22,75,82] [3,44,56,63,87,104,105,116] [24,33,44,59,75,82,88,112] [35,38,45,57,65,72,90,121] [0,80,92,96,98,111,122,125] [58,68,69,78,83,90,94,98] [3,4,21,60,96,99,100,125] [2,4,9,34,46,65,79,127] [73,91,92,93,99,104,106,112] [14,15,29,38,109,110,115,125] [11,16,19,32,40,75,120,125] [30,48,80,93,94,103,105,115] [1,9,19,72,75,82,93,124] [22,34,44,52,63,83,87,116] [31,33,59,82,88,100,106,123] [9,44,45,61,86,90,100,111] [7,23,66,67,70,80,96,111] [7,18,73,82,85,91,94,103] [4,17,60,85,94,99,100,121] [2,14,27,36,42,46,108,127] [20,27,80,89,92,104,106,112] [3,15,38,53,87,102,109,125] [11,16,32,40,63,75,89,120] [1,42,48,93,105,107,111,113] [34,49,59,80,82,88,100,105] [8,17,21,25,30,56,58,111] [16,30,31,56,68,74,80,82] [5,6,11,19,25,34,99,112] [2,16,26,29,77,110,114,127] [29,42,46,52,62,95,97,120] [39,42,48,51,58,71,83,110]
Token 108: [28,33,62,64,67,68,70,77] [8,28,67,78,90,99,114,122] [36,56,70,72,73,90,119,121] [1,19,29,62,76,77,108,121] [11,18,19,29,37,107,116,119] [4,18,24,43,48,78,90,96] [55,63,66,85,88,110,112,116] [9,24,33,36,44,73,82,106] [4,18,67,70,72,79,86,95] [0,68,69,79,80,113,124,127] [1,3,30,36,67,78,94,122] [3,15,28,31,48,81,92,107] [21,25,62,65,71,85,92,96] [0,18,85,91,104,108,112,119] [5,14,15,19,55,81,82,109] [2,13,31,38,40,50,84,120] [40,42,48,80,97,103,109,115] [1,18,70,73,77,78,82,122] [44,58,63,87,88,112,116,118] [24,33,36,45,56,59,75,100] [5,18,53,57,72,114,118,124] [0,2,47,49,56,80,92,96] [9,23,31,36,71,75,94,122] [4,11,31,52,75,81,103,107] [1,21,28,41,57,85,92,122] [0,52,78,91,95,97,108,119] [14,19,35,72,82,91,92,110] [2,21,25,33,50,84,87,118] [29,40,48,91,98,100,109,122] [13,50,89,93,95,99,104,124] [3,36,39,48,52,55,63,88] [12,24,39,40,41,45,87,121] [2,5,18,48,74,75,90,118] [0,56,63,79,81,96,123,124] [3,5,29,36,67,75,80,102] [11,17,21,31,81,92,110,114] [1,11,18,28,57,85,91,122] [12,27,89,91,97,108,119,124] [2,19,72,81,82,91,110,116] [27,33,48,77,84,87,99,118] [4,89,91,98,107,109,115,122] [11,13,49,73,80,96,100,124] [4,14,20,30,43,53,66,70] [2,11,16,61,75,94,96,99] [5,6,42,94,103,104,114,119] [2,16,26,48,86,87,119,127] [17,43,90,97,103,104,123,125] [14,42,51,54,71,99,110,114]
Token 109: [2,21,51,63,93,97,118,120] [19,23,41,53,83,116,123,126] [8,9,53,69,72,92,116,117] [1,26,76,85,101,117,121,123] [0,11,22,29,76,83,91,105] [4,43,80,90,96,110,111,126] [13,63,85,88,110,112,116,126] [24,33,75,82,94,95,100,106] [18,27,39,72,79,90,103,123] [0,2,48,69,92,113,125,127] [31,36,43,68,69,90,122,123] [3,4,28,58,75,81,93,103] [21,23,35,47,69,73,92,123] [33,55,73,78,91,110,121,122] [4,19,63,82,92,109,110,123] [2,8,34,38,49,68,90,112] [4,20,42,48,78,89,115,122] [18,49,61,70,90,122,123,124] [38,44,58,63,75,112,122,126] [24,45,56,59,75,95,100,119] [5,18,27,53,57,64,72,114] [0,2,49,56,81,92,99,106] [3,31,36,68,75,80,94,122] [4,11,25,48,58,65,103,107] [20,28,35,69,85,92,108,123] [0,14,31,60,91,95,108,110] [4,19,63,72,82,91,109,110] [2,8,68,84,87,88,99,112] [4,27,65,89,91,98,100,122] [13,14,22,49,61,99,120,124] [3,9,36,39,44,75,77,111] [12,24,36,39,72,84,95,100] [5,11,18,48,74,75,90,118] [0,21,43,44,53,56,63,123] [29,36,42,75,80,84,92,118] [13,21,31,58,65,76,81,101] [11,18,28,54,78,85,106,123] [14,27,30,73,91,122,124,125] [2,19,72,76,81,91,97,110] [16,26,48,84,87,88,112,118] [4,14,33,65,89,91,107,115] [1,49,51,61,73,80,100,124] [14,21,30,43,53,63,68,110] [11,61,69,96,98,100,106,113] [6,50,71,103,104,108,113,114] [4,13,31,53,94,114,119,127] [35,43,67,74,90,97,120,125] [0,34,42,46,65,79,104,110]
Token 110: [4,22,51,57,103,106,111,127] [9,24,44,46,48,56,116,126] [36,69,70,72,90,92,107,122] [1,26,29,51,87,94,101,114] [11,23,29,43,52,63,77,119] [4,24,51,58,90,93,105,110] [25,44,58,63,87,108,112,116] [9,24,44,45,79,82,94,106] [18,38,45,57,67,72,90,114] [0,2,32,49,64,80,96,125] [3,26,36,43,68,69,78,98] [3,21,28,48,54,60,109,125] [2,8,28,56,65,73,85,105] [0,58,66,78,91,104,110,122] [3,4,17,67,81,100,105,110] [2,8,10,16,49,70,120,127] [12,65,81,83,89,105,115,119] [1,18,21,55,75,78,82,83] [24,26,34,44,63,70,105,116] [6,9,24,59,73,82,106,112] [38,45,57,65,72,111,123,124] [10,49,80,85,87,96,111,122] [26,47,56,58,69,78,94,98] [3,7,21,64,96,107,109,125] [8,9,28,56,65,85,96,119] [0,26,42,58,99,103,104,112] [4,5,16,22,81,86,107,110] [8,12,19,49,59,70,91,120] [48,50,65,80,83,89,103,115] [1,18,72,73,82,83,116,120] [26,27,44,46,59,63,70,75] [6,9,24,28,30,33,106,109] [7,9,29,37,38,46,72,90] [2,10,32,39,49,80,87,96] [7,10,29,30,98,103,111,115] [4,14,21,28,64,96,109,121] [17,28,49,65,85,92,108,119] [0,20,27,85,91,103,104,112] [0,16,19,86,89,102,109,125] [11,27,33,49,59,75,84,120] [1,12,42,48,87,98,107,119] [34,51,59,61,88,94,105,120] [8,17,56,67,80,109,111,114] [18,29,69,72,74,80,96,99] [5,7,12,25,82,96,112,114] [1,29,53,58,98,107,110,114] [4,26,43,46,70,100,102,125] [0,36,42,51,80,83,110,112]
Token 111: [7,17,21,28,34,51,67,77] [16,23,48,63,75,114,116,122] [8,36,56,65,72,90,92,100] [20,25,29,73,77,93,94,114] [10,11,34,43,57,87,104,105] [4,31,58,71,97,105,114,122] [39,44,63,85,112,115,116,118] [9,24,33,44,82,94,100,106] [4,15,35,44,83,86,90,123] [0,2,32,68,69,80,95,125] [1,6,9,18,31,36,69,98] [3,5,28,48,50,54,62,65] [21,25,28,36,54,65,85,123] [18,63,91,97,102,106,110,113] [16,19,63,64,81,109,110,111] [2,34,38,48,83,84,120,127] [4,10,42,48,51,89,114,115] [1,61,75,77,90,122,124,126] [44,58,63,87,112,115,116,118] [24,31,33,45,56,75,100,123] [4,5,18,45,57,72,114,124] [0,2,23,32,47,56,69,92] [13,23,31,36,42,66,75,122] [4,14,31,36,48,52,62,65] [20,28,54,59,85,91,108,125] [0,73,78,91,97,110,122,126] [16,19,35,64,72,81,83,110] [2,11,12,21,34,44,84,88] [4,10,34,42,53,91,98,100] [13,22,61,72,75,99,120,126] [9,39,44,55,77,93,104,111] [12,38,39,56,86,100,121,125] [0,4,10,48,54,74,90,101] [32,41,56,63,69,81,96,124] [1,5,7,29,36,42,75,115] [17,21,31,62,65,76,94,120] [7,28,33,54,59,78,108,125] [27,73,74,89,91,102,125,126] [2,16,19,59,64,72,81,110] [12,16,17,33,37,48,63,84] [4,10,14,91,98,107,111,115] [61,75,80,81,100,123,124,126] [23,30,38,43,47,63,71,98] [11,16,29,30,32,46,91,106] [6,39,44,50,70,104,108,114] [12,20,26,34,45,53,91,114] [15,35,42,51,52,53,102,127] [26,46,51,65,71,83,103,110]
Token 112: [28,83,87,91,95,112,124,125] [16,29,45,63,68,77,113,122] [5,36,56,67,72,76,115,125] [3,12,20,68,70,73,93,114] [10,11,26,27,57,60,64,126] [4,58,76,93,97,110,114,122] [22,44,58,63,65,112,116,118] [2,19,24,82,88,94,100,106] [10,18,35,44,45,90,114,123] [0,2,32,41,68,69,80,125] [1,31,36,48,68,70,94,121] [1,3,48,53,54,62,103,121] [8,21,35,62,73,94,108,125] [33,36,43,73,91,92,110,122] [4,14,16,63,81,109,110,111] [0,2,16,31,38,84,118,127] [44,48,54,65,81,89,108,115] [18,55,63,75,90,99,108,122] [24,27,63,87,88,112,118,122] [2,24,45,59,75,100,112,123] [5,18,45,53,57,65,72,114] [0,2,32,47,49,50,56,125] [3,31,36,47,68,70,75,94] [3,11,30,48,54,56,103,107] [21,23,28,35,64,75,89,94] [38,47,52,60,73,78,81,110] [4,12,14,16,76,81,107,110] [2,8,28,37,63,110,120,122] [34,48,62,65,89,97,98,101] [11,18,68,75,108,118,122,123] [24,26,52,58,63,70,75,126] [7,24,45,48,59,75,106,123] [18,53,57,72,81,111,114,125] [0,2,13,49,50,85,90,100] [26,27,31,36,51,68,70,90] [3,5,7,53,54,56,95,103] [21,23,33,35,89,94,108,125] [26,31,33,36,47,60,91,110] [4,12,14,55,81,102,105,110] [2,8,17,49,51,59,110,122] [27,34,54,65,76,89,91,115] [11,18,72,73,100,108,120,122] [2,20,24,25,47,52,69,113] [37,46,47,56,75,84,91,94] [6,8,9,11,16,67,94,102] [2,29,54,77,86,87,95,114] [1,5,37,71,76,81,97,123] [14,23,25,44,58,74,82,92]
Token 113: [0,40,43,65,72,73,98,100] [18,38,61,70,94,100,122,127] [16,38,40,57,82,84,88,123] [6,31,56,67,71,84,116,124] [11,13,52,76,81,85,106,115] [37,59,61,64,66,73,97,125] [24,27,53,63,70,105,107,112] [18,24,45,59,75,82,88,112] [9,16,18,57,65,72,81,121] [0,2,9,19,49,85,110,125] [3,31,36,56,61,68,78,90] [1,3,24,54,61,93,103,125] [21,23,35,56,75,89,99,108] [0,15,26,28,33,58,91,110] [4,12,20,76,81,100,104,110] [16,31,41,49,52,70,101,120] [42,62,65,76,81,89,97,115] [18,33,42,55,68,99,105,123] [24,44,63,71,81,105,112,126] [24,59,62,75,101,112,119,123] [16,35,41,53,57,72,81,114] [0,2,13,49,50,85,98,125] [3,31,36,47,51,56,68,90] [3,6,32,54,56,65,103,107] [21,23,28,35,54,64,85,89] [8,31,38,47,60,73,91,110] [4,14,32,55,76,81,100,104] [2,8,28,31,41,52,120,127] [48,62,65,89,97,98,101,103] [11,18,21,42,55,80,108,123] [24,26,44,52,58,63,78,126] [24,45,59,75,79,106,112,123] [16,18,53,57,65,72,81,114] [0,2,13,49,50,85,100,125] [26,27,31,36,51,68,78,90] [3,23,53,54,56,65,103,125] [18,21,23,35,65,75,85,96] [15,26,31,33,47,58,91,110] [3,4,32,55,81,100,104,107] [10,16,49,52,59,70,85,127] [17,48,54,65,81,89,105,115] [1,21,42,48,55,69,82,105] [14,31,32,52,64,80,113,115] [31,37,46,77,83,88,104,120] [6,8,53,73,90,98,102,107] [2,22,27,54,82,87,101,114] [5,11,34,38,52,71,97,118] [20,57,73,74,77,86,105,109]
Token 114: [21,50,51,57,75,103,106,110] [3,6,9,28,62,72,95,122] [12,82,84,90,111,115,122,125] [4,39,56,71,87,115,117,118] [11,32,50,52,56,58,83,119] [17,37,47,51,59,68,73,105] [26,27,63,71,107,112,116,126] [24,33,36,59,82,88,106,109] [9,18,22,38,57,67,72,109] [0,2,16,49,96,98,122,125] [31,36,47,59,68,69,78,90] [3,48,54,63,93,103,109,125] [8,23,24,35,56,65,73,108] [26,33,58,80,83,91,110,118] [4,15,42,63,81,105,109,110] [2,8,16,17,31,49,59,72] [42,48,65,81,89,97,115,119] [1,18,55,75,82,83,90,99] [8,24,26,44,63,70,122,126] [24,59,62,75,106,112,119,123] [9,16,53,57,65,66,72,114] [0,2,13,49,50,98,122,125] [3,31,36,47,51,68,90,98] [23,26,32,53,54,103,109,125] [23,24,28,41,47,65,89,108] [31,61,66,73,91,92,110,119] [4,14,16,76,81,105,107,110] [2,8,16,59,63,72,120,122] [12,48,65,89,91,98,100,119] [1,18,49,68,75,99,120,123] [24,26,52,63,70,75,107,126] [24,33,48,59,75,106,112,123] [18,36,57,65,72,90,101,111] [0,2,13,32,49,50,96,125] [26,30,31,36,51,68,90,112] [3,21,48,53,54,64,103,109] [20,21,23,24,35,41,65,73] [26,31,33,66,82,91,110,118] [3,16,38,55,72,81,105,110] [2,16,31,40,59,72,89,120] [12,30,91,98,105,115,119,122] [2,18,66,78,80,82,90,103] [14,18,27,43,68,80,102,115] [6,29,37,46,87,100,104,120] [6,20,30,48,69,81,98,121] [22,27,37,45,54,58,70,114] [52,55,60,68,98,104,115,127] [36,47,66,71,88,112,120,123]
Token 115: [3,23,28,51,77,112,118,125] [16,28,45,48,68,88,90,122] [15,23,36,56,64,76,95,125] [24,37,70,90,92,101,114,119] [11,26,28,50,58,83,104,119] [4,10,17,39,75,76,99,103] [22,41,44,58,63,112,116,126] [2,9,24,31,33,88,94,123] [6,15,18,61,72,80,101,111] [0,2,14,23,32,35,49,96] [19,36,43,69,103,106,109,111] [14,22,28,43,48,54,60,63] [2,20,23,41,65,73,75,85] [18,33,82,83,91,103,106,110] [3,4,16,47,63,102,109,115] [2,16,17,31,72,79,83,120] [23,30,42,48,81,97,115,122] [1,18,46,82,90,94,99,122] [13,41,44,58,63,112,116,126] [24,33,56,59,75,88,100,123] [5,18,45,57,72,101,111,114] [0,14,32,47,56,65,92,96] [34,36,48,68,71,75,94,103] [4,11,31,36,48,54,63,103] [18,20,21,28,85,92,108,122] [2,33,50,73,91,110,118,119] [4,16,63,72,76,89,109,110] [2,8,12,72,79,111,118,120] [11,23,48,60,65,89,91,122] [4,18,37,46,52,94,99,120] [3,26,39,52,58,63,75,126] [24,33,39,45,48,56,59,106] [6,15,18,48,72,90,101,111] [0,14,32,49,53,65,80,96] [26,36,42,48,50,68,75,109] [11,17,21,28,31,48,64,121] [20,21,26,34,57,73,75,85] [2,33,50,73,76,82,91,110] [3,16,47,55,72,81,102,110] [2,16,17,40,48,55,60,120] [23,60,80,83,91,110,115,122] [17,36,46,52,64,81,94,103] [14,24,49,68,74,76,90,125] [12,19,43,44,49,74,120,125] [6,11,23,39,45,83,88,99] [5,17,22,26,46,58,76,112] [29,30,39,80,81,84,96,105] [15,35,52,71,82,95,111,127]
Token 116: [2,51,63,73,81,97,111,120] [32,45,53,86,105,107,109,122] [8,10,14,54,56,72,82,125] [20,25,57,71,87,101,105,111] [23,25,43,52,58,73,83,95] [34,68,73,80,82,97,114,122] [27,34,39,41,63,111,112,126] [3,24,33,56,59,75,88,109] [5,11,17,18,72,90,101,111] [0,2,21,49,69,85,92,96] [0,3,9,26,31,36,68,90] [3,15,48,54,72,81,93,120] [8,21,28,75,79,85,92,118] [0,33,82,83,91,97,102,110] [5,63,76,80,92,102,110,113] [2,16,31,33,79,112,120,125] [7,11,42,48,65,91,97,115] [18,46,49,52,58,82,90,123] [12,26,39,44,58,63,112,126] [33,45,56,59,75,87,95,123] [5,45,53,57,72,101,111,114] [0,2,21,32,49,65,94,96] [3,19,26,31,36,48,68,75] [4,11,30,31,48,52,54,65] [18,28,33,75,78,85,92,118] [0,73,81,83,91,97,110,118] [16,72,76,80,89,109,110,113] [2,8,38,59,87,111,112,118] [7,11,34,48,89,91,98,122] [37,46,49,52,58,99,120,124] [3,9,39,52,58,75,112,126] [24,33,36,39,45,56,87,100] [5,11,18,48,72,90,101,111] [0,2,21,49,53,63,94,96] [3,26,35,36,50,68,75,102] [11,15,17,31,37,52,65,104] [28,33,73,75,78,85,92,118] [2,44,68,71,73,89,91,125] [3,29,30,72,76,80,110,113] [2,12,16,48,55,84,87,118] [7,11,60,69,70,91,115,122] [17,46,52,58,68,80,103,124] [14,23,24,30,37,68,74,76] [2,12,19,43,44,56,94,120] [6,7,19,45,79,88,94,99] [16,17,22,46,58,63,104,112] [21,29,30,39,81,84,104,105] [6,35,52,71,74,95,108,111]
Token 117: [28,29,62,77,111,116,120,126] [11,45,58,78,86,107,113,122] [9,15,24,36,72,119,121,125] [7,19,25,51,101,105,109,111] [11,25,39,43,47,74,83,95] [31,78,80,82,97,99,100,103] [26,39,41,58,63,112,116,126] [24,31,33,36,51,84,87,88] [18,24,51,72,90,101,111,114] [0,2,13,23,49,69,94,96] [1,6,9,31,34,36,59,69] [15,28,48,54,60,81,87,93] [18,20,21,23,73,85,92,106] [24,33,37,44,68,91,110,119] [3,19,29,62,63,72,76,110] [2,8,16,17,38,50,79,112] [42,48,78,83,111,115,122,123] [1,14,18,70,90,99,122,123] [38,44,58,63,75,87,104,112] [45,51,56,62,75,87,100,123] [5,24,51,57,72,90,111,114] [0,47,49,56,65,94,96,99] [6,19,31,34,36,48,71,75] [4,11,15,48,52,65,87,107] [18,20,23,28,75,79,85,106] [20,24,33,37,73,91,110,118] [9,29,59,62,63,72,89,110] [2,8,12,16,38,50,99,112] [48,73,89,91,98,111,122,123] [14,37,51,89,95,99,120,124] [3,9,36,39,52,58,75,79] [33,36,39,51,56,60,84,87] [5,18,24,48,51,72,90,111] [0,56,63,69,94,96,123,124] [3,5,34,35,36,50,75,77] [15,21,28,31,65,87,104,110] [11,18,28,34,75,85,101,106] [24,27,37,73,89,91,106,125] [3,19,29,30,72,97,103,110] [2,8,12,16,17,48,99,106] [14,70,89,91,111,115,122,123] [51,58,73,80,95,100,103,124] [2,3,14,28,30,67,68,76] [2,11,24,72,80,94,96,100] [6,32,39,82,94,107,108,114] [2,65,86,87,94,110,119,127] [17,67,74,76,90,93,97,125] [14,34,54,61,71,79,83,110]
Token 118: [2,18,22,61,80,84,103,118] [3,37,58,72,83,86,113,124] [24,72,82,84,92,117,122,125] [7,25,51,67,71,80,82,109] [19,43,47,58,64,83,91,119] [4,23,82,93,97,100,103,107] [26,39,41,58,89,112,116,126] [24,33,36,51,56,62,75,88] [18,72,90,101,102,109,111,114] [0,2,21,49,65,69,85,96] [1,6,36,68,69,78,81,90] [3,15,28,48,54,70,93,106] [8,18,23,28,73,79,85,92] [0,13,33,83,91,110,118,121] [10,19,29,63,79,91,92,110] [2,8,16,31,50,99,103,112] [42,48,55,89,91,98,115,122] [1,18,55,78,90,99,122,123] [8,26,38,44,75,107,112,126] [24,45,51,56,59,62,75,123] [5,9,18,53,57,72,109,114] [0,13,21,49,56,81,96,98] [3,19,31,36,68,75,90,122] [5,11,28,54,65,70,103,107] [21,23,28,35,47,85,89,92] [0,31,60,73,83,91,110,118] [4,27,29,63,76,91,109,110] [2,8,12,19,44,63,106,112] [48,55,65,73,89,91,98,122] [13,18,48,58,99,120,123,124] [3,26,38,52,58,75,107,126] [24,36,39,56,59,62,106,119] [5,18,48,72,74,90,108,111] [0,13,14,21,53,56,63,81] [3,26,36,51,75,81,115,116] [5,11,17,28,31,66,70,107] [28,47,62,75,77,78,85,106] [13,30,31,71,73,91,110,125] [13,19,29,72,83,91,105,110] [2,8,12,16,26,48,106,112] [65,70,87,89,91,98,115,119] [1,18,48,68,73,80,82,124] [14,30,43,50,64,68,76,80] [11,30,61,69,82,96,98,100] [6,53,94,104,107,108,113,114] [31,45,64,87,94,114,116,127] [35,43,67,74,76,97,99,125] [34,46,65,71,79,83,110,117]
Token 119: [18,51,57,92,103,106,110,111] [3,9,24,33,48,72,92,95] [10,36,72,90,107,111,122,125] [5,37,39,51,71,112,114,117] [11,23,47,50,63,64,114,119] [4,18,31,51,93,97,105,110] [26,44,58,63,87,101,112,116] [24,33,36,44,82,88,94,106] [38,45,67,72,90,109,114,123] [0,2,13,32,38,63,68,80] [6,9,36,63,68,69,78,98] [3,21,28,48,53,54,72,109] [8,20,21,28,65,73,78,85] [31,33,42,58,66,83,91,110] [15,16,42,63,66,92,105,110] [2,16,38,49,59,72,84,127] [12,42,48,65,89,103,115,119] [1,18,55,75,82,90,99,122] [24,25,26,44,63,87,112,116] [3,24,31,51,56,59,75,112] [45,53,57,65,72,109,111,114] [0,2,10,49,84,96,122,125] [19,31,36,56,68,78,94,98] [3,4,23,54,65,107,109,125] [21,23,33,65,73,79,85,96] [31,73,91,99,104,110,118,119] [14,16,22,29,72,105,107,110] [19,44,72,75,79,90,103,120] [12,48,65,83,98,113,115,119] [18,68,72,75,90,93,104,120] [30,34,36,52,63,75,83,107] [3,31,33,48,51,75,100,109] [5,9,15,35,72,90,101,111] [23,32,49,60,65,69,77,96] [7,30,39,45,80,86,102,113] [4,28,33,78,85,109,120,121] [14,32,33,39,42,95,108,114] [20,27,31,42,71,82,92,104] [3,6,16,74,105,110,115,125] [11,32,33,44,48,72,75,117] [1,12,42,48,50,107,113,119] [1,13,34,59,88,93,100,105] [8,17,25,30,56,70,111,116] [29,41,69,74,80,82,83,94] [5,6,9,11,12,34,39,112] [3,29,31,58,77,88,110,114] [46,51,54,63,90,100,102,120] [36,39,46,51,53,65,83,110]
Token 120: [28,51,83,87,91,112,124,125] [9,16,29,48,67,68,90,122] [4,5,23,36,67,76,100,125] [12,20,37,70,73,101,112,114] [11,32,37,38,50,57,60,119] [4,10,35,63,74,75,93,110] [46,63,87,104,111,112,116,118] [2,19,33,44,82,94,100,106] [15,18,35,85,86,90,118,123] [0,32,63,66,68,80,102,124] [6,18,30,36,69,98,103,109] [22,28,31,36,48,53,96,120] [2,18,25,26,28,41,73,85] [13,18,33,83,91,106,110,119] [5,16,29,63,66,102,109,110] [2,17,31,38,40,72,99,126] [42,48,80,89,97,110,115,122] [1,13,46,75,82,90,94,122] [44,58,63,87,104,112,116,119] [2,24,33,45,75,82,88,100] [5,45,72,90,114,118,123,124] [0,32,56,69,80,92,115,124] [23,36,54,75,80,89,102,103] [4,17,31,48,52,53,65,120] [18,19,28,33,54,85,91,111] [13,31,43,50,52,91,110,119] [2,16,27,29,72,83,91,110] [2,44,50,51,84,99,111,118] [11,27,53,87,91,98,107,122] [13,30,37,46,89,94,99,124] [3,36,39,63,77,104,107,111] [2,12,24,33,41,56,82,106] [5,18,48,72,74,75,90,118] [8,21,32,53,63,80,115,124] [1,5,29,36,42,50,75,92] [21,28,31,52,53,65,110,120] [19,28,59,62,78,85,91,101] [13,50,68,71,72,91,119,125] [2,16,72,83,91,102,103,110] [16,40,44,50,51,84,99,118] [14,27,69,70,80,91,98,115] [13,37,81,93,94,100,122,124] [0,14,24,30,43,47,57,80] [12,46,56,75,80,96,99,100] [6,9,11,39,70,99,108,114] [26,29,45,76,77,95,113,114] [5,29,52,81,90,96,97,106] [10,14,42,44,46,58,74,92]
Token 121: [72,76,95,100,102,110,119,122] [12,62,64,70,94,100,106,122] [40,72,75,77,78,87,99,125] [20,25,73,82,94,103,105,116] [11,12,32,50,52,92,118,126] [9,17,25,33,37,59,64,103] [24,34,44,53,63,71,107,112] [18,24,45,59,62,88,106,109] [38,53,57,65,72,90,102,127] [0,2,19,49,80,85,96,125] [3,16,31,36,47,57,68,103] [3,21,28,48,52,54,93,103] [2,8,21,28,56,65,73,105] [0,26,33,58,78,81,91,110] [1,4,17,67,81,100,110,115] [2,8,49,52,59,70,120,127] [65,80,81,83,89,103,105,115] [1,18,21,42,55,78,82,83] [24,26,34,44,63,70,88,105] [18,24,59,62,73,100,106,112] [38,45,46,53,57,65,72,124] [0,10,38,49,50,85,122,125] [16,26,36,47,56,58,78,98] [7,52,54,65,96,103,107,125] [9,23,28,33,59,65,85,96] [42,81,91,92,99,104,112,119] [22,29,76,92,94,107,110,113] [8,11,19,44,51,63,75,120] [35,48,65,83,85,89,97,115] [18,68,72,83,93,99,104,120] [26,30,34,52,63,75,107,110] [3,39,51,60,95,103,106,110] [3,5,9,15,35,53,101,111] [0,23,49,56,69,73,80,96] [7,10,30,45,80,82,86,119] [4,29,33,37,78,94,99,121] [9,14,33,39,42,92,95,108] [20,27,42,71,73,85,104,119] [6,30,92,102,109,110,113,125] [11,14,25,37,44,75,91,120] [1,35,42,50,80,98,107,113] [13,34,49,59,80,88,105,118] [4,8,17,56,66,70,80,111] [2,18,55,74,80,82,94,96] [5,6,11,42,50,94,99,114] [16,26,29,77,90,95,110,114] [49,53,54,62,81,93,96,99] [46,48,53,54,65,93,109,110]
Token 122: [32,46,48,49,58,72,78,118] [2,12,28,34,62,93,107,122] [2,14,49,51,77,90,100,115] [13,15,42,50,73,101,116,125] [11,23,38,50,63,70,83,119] [18,31,55,83,105,107,110,119] [13,26,39,63,89,107,112,116] [2,24,33,36,82,94,100,106] [5,18,64,72,86,90,102,114] [0,2,32,38,51,66,80,92] [3,6,16,31,36,68,69,103] [3,14,25,48,52,54,62,109] [21,25,26,62,71,73,114,125] [2,18,33,73,78,87,91,110] [4,11,29,63,92,105,109,110] [2,11,25,26,38,72,99,127] [11,48,62,80,89,115,119,122] [18,68,75,80,90,99,122,123] [13,26,58,63,87,107,112,122] [2,24,36,45,56,62,75,123] [0,5,18,45,53,72,114,118] [0,2,32,38,47,56,58,69] [3,6,16,31,36,48,75,103] [4,25,36,48,52,62,65,109] [21,37,59,62,85,92,111,125] [31,73,78,87,91,92,99,110] [2,24,29,72,105,109,110,113] [2,5,26,44,50,72,99,118] [11,48,87,89,91,98,119,122] [13,22,37,95,99,120,123,124] [3,9,39,48,54,58,63,120] [2,12,15,24,36,62,106,114] [0,5,18,48,72,74,75,90] [0,38,53,56,58,69,80,81] [1,3,5,10,36,50,75,80] [21,28,31,52,62,81,109,117] [28,33,59,62,75,78,85,125] [2,13,71,83,91,106,110,125] [2,29,53,72,103,105,110,113] [5,16,26,44,48,72,91,118] [11,80,89,91,98,115,119,122] [6,75,78,80,83,94,118,124] [25,27,30,43,47,71,80,115] [6,18,29,37,91,98,100,104] [6,11,27,56,72,81,104,108] [12,20,22,26,37,45,58,114] [15,22,52,60,68,98,103,127] [3,26,28,36,71,83,110,120]
Token 123: [0,23,28,41,62,87,124,125] [29,33,45,62,67,73,77,122] [36,49,73,76,92,125,126,127] [9,12,13,40,62,70,101,114] [11,27,28,50,57,73,77,119] [4,10,48,83,87,110,117,119] [46,63,64,66,104,110,116,118] [33,44,69,73,82,100,106,110] [18,20,67,86,90,111,118,123] [0,23,35,68,80,96,102,113] [6,10,30,36,41,43,69,88] [4,15,22,28,31,48,81,96] [2,18,19,42,62,67,73,85] [18,33,68,76,78,91,106,110] [3,5,29,53,55,71,109,113] [2,17,31,38,40,44,72,127] [35,42,48,60,78,80,94,115] [1,46,68,80,82,99,104,122] [38,44,63,65,87,104,112,116] [24,32,33,45,56,75,82,106] [0,5,45,90,114,118,123,124] [0,8,47,51,56,69,80,106] [10,23,36,41,75,80,89,122] [4,14,31,48,52,65,81,107] [18,19,20,28,62,77,78,85] [0,50,52,85,91,110,116,124] [2,29,72,91,94,109,110,113] [2,12,44,51,72,99,111,118] [6,60,89,91,94,98,100,122] [4,37,46,68,104,120,122,124] [3,36,44,48,52,58,63,75] [24,33,39,59,60,62,82,106] [0,18,48,72,90,101,118,124] [0,2,8,63,80,96,115,124] [5,10,36,50,75,89,109,111] [15,21,28,31,38,48,104,117] [11,19,26,28,78,85,101,125] [13,27,50,68,76,89,91,125] [2,24,72,94,99,102,103,110] [2,12,16,44,48,51,55,84] [6,60,80,89,91,107,115,122] [46,54,58,68,81,96,103,124] [8,24,30,53,57,66,77,80] [12,18,74,80,94,96,100,111] [6,11,88,94,99,103,104,114] [16,17,26,58,67,76,110,114] [15,29,30,76,81,96,104,106] [14,28,51,71,80,83,110,111]
Token 124: [16,47,53,66,104,107,111,120] [34,62,67,77,86,107,122,126] [10,14,72,74,87,111,116,125] [12,13,23,71,76,89,105,114] [0,11,23,26,29,43,74,119] [4,18,72,73,80,93,107,110] [13,26,41,58,63,87,112,116] [19,24,33,45,50,82,87,106] [18,45,58,64,72,90,114,123] [0,2,53,56,69,80,94,125] [3,6,16,31,36,48,68,69] [3,28,48,54,75,81,93,120] [18,21,35,53,62,67,73,92] [13,18,33,44,63,83,91,110] [2,19,24,63,80,92,110,113] [0,2,38,44,50,63,84,127] [7,40,42,48,89,97,115,122] [18,75,80,82,90,99,122,123] [26,38,58,63,87,107,112,122] [24,45,56,59,75,87,119,123] [5,18,45,53,57,64,72,114] [0,2,14,47,49,50,56,106] [3,19,31,36,48,75,94,127] [25,30,48,54,99,103,107,120] [19,20,21,35,78,85,89,92] [2,13,61,73,78,83,91,110] [2,4,24,29,63,72,80,110] [2,5,8,38,44,63,84,88] [7,40,48,65,89,91,98,122] [13,52,53,68,80,99,123,124] [3,13,36,38,58,63,75,120] [12,24,36,39,56,59,87,119] [5,18,48,53,64,72,74,90] [0,2,14,38,56,81,94,124] [3,26,36,50,68,75,92,116] [15,21,28,31,33,101,104,120] [11,20,28,62,73,85,111,122] [13,40,44,71,73,91,122,125] [2,3,24,29,72,81,99,110] [2,44,48,55,84,88,91,118] [7,40,46,80,89,91,115,122] [6,53,68,79,80,103,118,124] [24,30,37,68,71,73,80,123] [2,18,56,94,96,100,104,124] [6,12,19,34,37,39,103,104] [16,20,37,92,94,98,104,127] [15,17,43,44,67,82,84,124] [19,27,46,51,61,71,83,110]
Token 125: [0,7,34,62,63,101,116,125] [34,67,72,76,86,99,107,122] [8,9,14,54,72,81,92,125] [1,71,76,87,97,108,114,117] [0,11,22,29,74,83,87,114] [4,18,24,34,73,80,90,122] [26,44,58,63,107,110,112,116] [9,24,33,59,82,88,106,119] [18,45,57,64,72,90,118,123] [0,2,33,38,69,80,113,125] [9,16,36,59,68,69,78,98] [3,4,28,48,54,72,120,125] [8,20,21,41,65,73,78,85] [18,33,91,92,102,104,108,119] [4,15,66,71,81,82,109,110] [2,17,33,40,49,59,89,120] [7,14,30,50,78,80,84,115] [1,18,21,22,34,55,82,121] [44,46,56,63,66,87,104,116] [33,44,59,82,88,94,100,106] [9,35,45,65,67,86,90,116] [0,2,66,69,80,92,96,111] [18,66,78,83,94,98,103,121] [3,4,7,21,65,67,96,99] [2,8,14,20,28,54,65,85] [42,91,92,93,99,104,112,119] [19,29,38,53,66,78,83,109] [19,32,40,44,87,88,111,120] [4,7,14,30,40,53,80,84] [72,78,82,83,99,100,103,124] [20,46,63,66,104,109,110,116] [3,24,44,56,82,100,106,110] [9,14,67,83,86,90,94,118] [8,25,66,68,69,80,92,123] [7,30,67,71,82,98,103,121] [0,4,21,51,76,96,100,120] [14,17,32,42,85,92,111,115] [20,27,85,91,92,104,112,119] [15,29,53,78,82,87,102,125] [16,32,33,75,87,110,111,125] [4,7,40,42,51,53,80,100] [3,59,61,78,88,94,124,126] [17,30,53,58,66,80,81,114] [16,46,91,96,99,100,101,106] [5,6,19,34,103,104,112,114] [29,39,45,65,86,91,110,114] [15,17,21,41,43,44,51,53] [28,51,65,71,83,99,110,113]
Token 126: [17,28,30,62,66,67,68,77] [7,54,67,99,113,114,116,122] [9,36,56,70,72,73,90,92] [1,62,71,76,77,85,114,121] [0,1,11,22,43,77,116,119] [18,24,48,78,80,90,110,126] [63,85,104,108,110,112,116,118] [32,33,39,56,73,82,100,106] [18,64,67,72,90,95,103,123] [0,22,68,80,94,113,124,127] [1,9,30,36,69,94,121,122] [4,15,28,31,48,52,75,107] [18,20,25,41,42,62,71,85] [18,33,85,91,92,102,104,108] [2,19,29,63,82,92,109,113] [2,25,33,38,54,84,89,99] [40,42,48,50,78,80,97,115] [1,70,75,80,82,90,104,122] [44,58,63,65,87,89,112,116] [24,45,56,59,75,82,100,106] [5,45,53,72,85,90,114,124] [0,2,14,33,47,56,80,113] [23,31,36,75,80,94,121,122] [4,6,25,31,48,52,104,107] [18,20,28,47,78,85,91,108] [0,52,85,91,95,108,110,119] [2,19,29,35,72,82,83,97] [2,21,33,50,84,87,99,118] [4,89,91,98,100,109,111,122] [34,37,89,95,99,120,123,124] [3,9,36,48,52,55,58,87] [12,24,39,45,59,87,100,121] [4,5,18,48,72,75,90,101] [0,2,39,53,56,63,81,124] [3,5,36,48,75,80,92,122] [6,11,15,21,31,101,104,114] [11,18,28,54,78,85,91,101] [27,71,89,91,102,108,124,125] [2,19,72,82,83,103,109,110] [21,33,48,77,84,87,99,118] [4,46,91,107,109,111,115,122] [13,79,80,81,96,100,111,124] [4,14,30,43,47,68,70,112] [2,11,14,16,18,94,96,106] [5,6,42,49,70,103,104,114] [2,13,48,51,67,86,88,114] [33,35,62,76,90,97,122,123] [14,17,44,46,54,65,80,110]
Token 127: [31,63,70,81,83,107,118,120] [8,20,34,39,41,46,113,116] [10,53,56,67,70,72,81,88] [62,71,76,85,87,109,117,121] [11,29,43,52,76,79,95,119] [4,9,18,24,42,72,90,114] [26,47,63,71,87,107,112,116] [9,24,45,56,59,75,92,106] [9,18,26,38,57,66,72,123] [0,2,23,49,69,98,124,125] [9,31,36,68,69,73,78,90] [3,21,26,28,48,53,75,125] [8,21,28,65,73,85,105,107] [0,18,42,58,80,91,104,112] [3,10,15,66,71,107,109,110] [16,17,32,40,49,59,89,120] [14,30,50,78,80,84,94,115] [1,9,18,55,75,77,78,82] [34,44,46,56,63,87,104,116] [24,33,44,59,75,82,88,100] [9,45,57,65,67,72,86,124] [0,2,66,69,80,84,96,111] [10,58,71,78,83,94,98,126] [4,7,21,31,60,96,99,100] [2,9,26,28,46,65,91,127] [0,23,42,91,92,99,104,112] [29,38,81,109,110,115,116,125] [11,19,44,49,59,75,111,120] [7,50,80,89,91,94,103,115] [13,22,30,72,75,82,93,124] [9,26,39,52,63,75,87,107] [24,31,33,39,45,59,100,106] [5,9,15,45,50,61,72,90] [7,23,49,66,70,80,96,111] [7,30,75,82,85,91,94,103] [4,17,21,96,99,100,104,121] [2,14,32,34,42,59,108,111] [20,27,71,73,92,104,112,125] [3,15,30,74,94,102,110,125] [11,32,33,40,63,75,117,120] [1,11,42,48,50,107,111,113] [13,34,39,49,59,88,93,105] [8,17,21,30,47,56,70,111] [30,56,74,80,82,83,98,99] [5,6,9,19,25,34,99,112] [2,16,29,31,77,110,114,117] [26,42,46,62,95,97,102,120] [39,42,51,58,71,83,110,116]
