MODEL: qwen3_30b
TOKEN_COUNT: 128
ACTIVE_EXPERTS: 8
================================================================================
PROMPT TEXT:
The game 's battle system , the <unk> system , is carried over directly from <unk> Chronicles . During missions , players select each unit using a top @-@ down perspective of the battlefield map : once a character is selected , the player moves the character around the battlefield in third @-@ person . A character can only act once per @-@ turn , but characters can be granted multiple turns at the expense of other characters ' turns . Each character has a field and distance of movement limited by their Action Gauge . Up to nine characters can be assigned to a single mission . During gameplay , characters will call out if something happens to them , such as their health points ( HP ) getting low or being knocked out by enemy attacks . Each character has specific " Potentials " , skills unique to each character . They are divided into " Personal Potential " , which are innate skills that remain unaltered unless otherwise dictated by the story and can either help or impede a character , and " Battle Potentials " , which are grown throughout the game and always grant boons to a character . To learn Battle Potentials , each character has a unique " Masters Table " , a grid @-@ based skill table that can be used to acquire and link different skills . Characters also have Special Abilities that grant them temporary boosts on the battlefield : Kurt can activate " Direct Command " and move around the battlefield without depleting his Action Point gauge , the character <unk> can shift into her " Valkyria Form " and become invincible , while Imca can target multiple enemy units with her heavy weapon .
================================================================================
GENERATED TEXT:
 The game also has a " <unk> " system , which is a special ability that can be used in battle to change the weather and affect the battlefield . The game 's story is divided into chapters and missions . Each mission has a time limit and a set of objectives . The game has a " <unk> " system , which is a special ability that can be used in battle to change the weather and affect the battlefield . The game 's story is divided into chapters and missions . Each mission has a time limit and a set of objectives . The game has a " <unk> " system , which is a special ability that can
================================================================================
EXPERT TRACE (Per token, list of layer expert IDs):
================================================================================
Token   0: [14,21,50,51,57,103,106,110] [3,6,9,33,62,92,111,122] [36,41,84,90,100,111,120,122] [3,4,32,39,61,71,123,127] [11,23,37,50,56,58,67,120] [18,47,51,68,95,103,105,110] [3,46,47,56,63,66,104,109] [3,27,45,46,69,82,106,109] [36,43,67,90,109,114,116,127] [0,9,32,57,65,80,110,117] [25,26,30,50,53,61,69,105] [24,49,61,67,69,96,109,125] [15,24,34,56,65,79,99,115] [6,15,23,26,28,33,58,78] [3,16,17,48,53,57,90,109] [6,16,31,40,59,85,91,103] [14,73,80,81,89,115,119,124] [1,18,19,69,78,83,99,103] [34,56,58,63,83,104,105,116] [3,33,44,49,59,82,106,112] [65,67,72,84,90,116,121,127] [0,9,49,80,98,110,122,125] [30,50,56,61,78,90,98,105] [3,23,24,49,54,61,96,125] [2,15,23,34,65,79,96,99] [15,26,28,58,82,91,104,118] [3,4,17,20,48,55,86,100] [16,31,59,70,72,85,101,127] [30,39,48,80,81,115,119,124] [1,21,55,75,83,88,103,120] [24,34,56,63,83,105,107,126] [3,49,75,82,106,109,112,123] [36,65,67,84,90,101,109,121] [0,9,32,65,80,110,122,125] [30,50,56,68,78,90,98,105] [23,24,49,54,61,63,109,125] [2,23,24,65,73,79,99,114] [23,66,78,82,91,98,104,118] [3,8,16,36,55,66,90,105] [16,31,40,59,61,72,89,103] [12,43,78,80,105,115,119,126] [2,9,35,66,80,90,103,112] [18,27,76,80,93,102,115,123] [6,29,36,46,65,87,100,104] [6,14,20,27,48,81,98,104] [27,32,45,58,70,80,114,123] [19,22,52,55,60,98,115,117] [36,47,66,74,86,88,120,123]
Token   1: [28,36,51,83,87,112,124,125] [9,16,29,48,67,68,74,122] [5,23,36,67,76,100,125,126] [4,12,37,70,73,84,101,112] [7,11,27,28,50,58,104,122] [10,18,63,68,74,87,103,115] [3,46,66,86,104,109,111,118] [32,33,44,45,69,73,82,106] [15,20,36,43,44,86,90,127] [32,35,59,65,68,80,96,102] [18,30,50,58,88,91,103,109] [8,16,39,42,53,69,96,115] [2,4,14,26,34,114,115,127] [2,10,41,57,82,91,106,112] [3,16,36,47,53,60,75,102] [6,16,17,31,32,40,82,91] [1,14,60,80,84,108,110,115] [46,64,77,82,94,102,103,116] [3,46,52,56,63,66,86,104] [2,32,33,44,82,94,100,106] [15,20,35,44,67,86,90,123] [17,32,35,65,68,80,102,111] [18,23,30,50,69,98,103,109] [8,18,20,22,42,48,53,96] [0,2,14,26,34,42,73,115] [2,18,41,57,82,91,98,106] [3,8,16,53,55,60,73,102] [6,16,31,32,40,61,72,126] [14,60,80,84,94,108,110,122] [4,15,46,82,83,94,103,116] [34,46,56,63,66,110,112,116] [2,3,44,73,82,94,100,106] [38,43,44,67,72,86,90,127] [32,35,57,65,68,80,84,102] [23,30,36,41,50,69,98,103] [0,18,22,25,48,69,89,115] [2,9,14,26,39,42,73,115] [10,18,41,45,76,82,91,106] [3,11,16,36,55,60,73,102] [16,31,40,56,60,61,72,126] [60,80,84,94,108,110,115,122] [15,36,46,52,64,80,103,122] [8,23,24,49,74,80,90,125] [12,19,49,80,100,104,121,125] [6,11,14,23,45,88,98,99] [17,22,26,45,46,58,76,114] [5,29,30,39,52,81,104,105] [15,21,35,74,95,111,121,127]
Token   2: [2,51,63,70,73,97,120,122] [32,42,53,62,76,86,107,122] [8,10,14,36,54,100,112,116] [3,13,16,20,25,32,105,119] [0,11,23,25,58,74,83,124] [18,34,47,68,80,82,103,122] [8,34,46,56,63,91,111,112] [3,33,82,87,92,94,95,106] [35,36,43,64,67,86,101,127] [0,32,45,65,80,94,98,102] [5,30,35,50,53,103,108,113] [39,48,54,67,69,86,87,115] [30,53,56,73,79,107,115,118] [2,16,21,44,75,82,91,98] [3,8,53,55,63,79,80,110] [10,16,23,31,59,60,79,127] [7,11,42,60,80,84,100,115] [1,4,15,46,82,83,99,103] [8,13,34,47,56,58,63,104] [3,33,59,75,82,87,95,106] [5,36,67,72,90,114,116,127] [0,32,65,80,94,98,102,123] [19,30,50,60,69,73,90,113] [8,20,26,48,54,63,69,115] [2,23,34,53,73,79,107,118] [2,44,82,83,91,98,110,118] [3,8,10,53,55,80,103,110] [16,23,40,56,59,60,82,87] [7,11,48,60,78,80,115,122] [15,17,46,52,83,103,116,120] [3,13,34,46,56,63,116,119] [3,44,45,56,73,82,87,106] [5,36,38,43,67,90,114,116] [0,45,57,65,68,80,94,102] [19,25,30,35,50,62,69,113] [6,15,20,52,69,78,89,115] [2,42,53,73,79,107,115,118] [2,10,16,21,44,75,91,98] [3,29,36,53,55,79,80,110] [16,31,40,56,60,61,87,120] [7,15,60,80,84,102,115,126] [15,17,46,52,80,103,106,113] [7,24,37,73,74,80,123,125] [12,19,43,49,56,100,104,127] [6,14,39,45,88,98,99,104] [17,22,45,46,58,63,112,114] [29,30,39,52,80,81,104,105] [6,35,52,71,74,95,108,111]
Token   3: [0,16,29,51,97,104,111,120] [20,44,86,107,113,116,122,126] [7,10,14,36,112,116,119,125] [5,7,12,25,41,46,85,105] [0,11,25,38,59,74,89,91] [5,18,74,80,95,107,119,122] [14,46,63,66,86,111,116,119] [3,69,73,82,87,92,94,106] [43,64,67,86,99,101,123,127] [0,45,65,68,80,94,102,117] [14,30,35,50,103,107,108,113] [15,39,67,69,78,86,87,115] [30,34,42,53,68,79,115,118] [2,10,21,24,44,75,91,126] [3,8,28,29,53,55,96,109] [3,23,38,40,56,60,91,98] [7,40,43,48,80,84,115,126] [14,20,83,90,99,103,107,113] [13,34,46,56,63,64,104,116] [3,33,44,45,73,82,87,106] [5,64,67,86,90,114,116,127] [0,45,65,68,80,94,102,117] [14,19,30,35,50,69,91,113] [15,20,48,69,78,86,89,115] [2,34,42,53,73,79,115,118] [44,75,82,83,91,106,118,126] [3,8,10,28,36,53,55,96] [3,7,16,23,40,56,61,82] [14,40,43,78,80,84,122,126] [14,20,83,90,97,103,107,113] [3,20,46,56,66,104,109,119] [3,45,56,69,73,82,87,106] [35,38,67,72,90,116,123,127] [45,57,68,80,94,99,102,117] [19,25,30,45,50,69,83,113] [6,15,67,69,78,89,90,115] [9,30,42,53,73,79,85,115] [10,24,29,44,75,83,91,121] [10,28,29,36,53,55,62,96] [3,23,31,40,56,61,82,98] [7,20,40,80,115,121,123,126] [14,20,80,83,90,97,103,113] [5,16,65,80,93,101,123,125] [2,4,36,42,81,87,100,104] [6,14,20,27,54,71,104,116] [19,35,45,70,80,103,114,123] [19,52,61,63,67,98,115,117] [32,34,47,71,74,86,117,124]
Token   4: [0,27,50,61,106,110,111,118] [44,46,62,86,99,113,116,122] [7,10,14,36,45,52,122,126] [3,7,25,41,61,94,105,114] [0,11,28,38,74,77,101,114] [5,18,31,51,74,80,105,119] [3,46,63,66,86,104,109,119] [27,33,44,69,73,82,94,106] [2,43,67,86,88,99,120,127] [0,37,45,57,68,80,94,117] [14,25,30,50,83,107,108,113] [48,67,69,78,86,104,115,126] [30,34,42,53,68,79,95,102] [10,12,44,66,91,113,119,126] [3,8,36,44,53,55,96,105] [3,23,26,40,56,61,82,91] [1,14,43,51,78,80,84,126] [2,20,66,90,103,107,112,113] [3,46,63,86,104,109,110,119] [3,27,69,73,82,94,106,110] [2,43,67,86,106,117,120,123] [37,45,57,68,80,102,113,117] [19,25,30,50,62,69,83,113] [0,54,67,69,78,90,96,115] [2,17,34,42,73,79,95,100] [12,44,66,82,83,91,104,106] [3,8,10,36,44,53,55,105] [3,9,23,40,56,82,89,121] [14,43,51,78,79,80,105,126] [2,20,35,66,83,90,113,121] [3,20,23,46,66,104,109,119] [1,3,27,44,69,73,82,106] [2,38,47,67,82,86,88,123] [37,49,57,68,80,97,99,102] [7,25,30,50,69,83,94,113] [47,48,67,69,78,89,90,115] [9,34,42,68,73,92,95,115] [12,44,66,83,99,113,119,126] [10,29,36,53,55,66,96,105] [3,4,23,31,56,61,82,89] [43,51,80,101,105,115,121,126] [2,20,35,66,80,90,113,126] [5,16,18,80,93,98,102,123] [6,36,46,81,87,97,100,104] [6,14,20,27,48,81,98,104] [12,22,35,45,70,80,114,123] [19,44,52,61,63,98,115,117] [36,47,66,71,74,88,120,123]
Token   5: [22,47,72,76,95,100,102,119] [12,48,70,75,94,106,117,122] [30,75,77,78,82,87,99,125] [23,37,41,61,82,94,103,108] [11,20,52,73,77,114,118,120] [2,7,18,22,33,51,105,119] [13,20,34,46,56,63,86,116] [8,45,62,69,73,82,106,109] [2,3,21,34,67,72,99,127] [0,13,45,49,57,68,80,117] [16,25,42,50,57,80,83,113] [50,67,69,78,90,96,106,115] [2,9,30,32,34,68,85,127] [10,12,44,47,66,78,81,113] [3,36,42,53,55,96,110,125] [3,16,40,52,61,82,89,91] [1,43,51,78,80,89,105,126] [2,20,66,82,99,103,107,113] [34,46,56,63,66,86,104,119] [3,8,44,45,62,69,82,106] [2,53,67,89,90,99,117,127] [0,45,57,68,80,102,111,117] [16,19,30,50,57,69,110,113] [20,41,48,59,69,78,90,115] [2,9,30,32,34,71,73,127] [12,44,47,78,81,82,91,106] [3,16,36,38,53,55,66,76] [3,16,23,26,52,61,82,89] [1,14,78,80,89,93,105,126] [20,66,68,80,82,90,99,113] [3,20,46,54,66,86,104,119] [8,32,45,62,69,73,82,106] [2,8,38,53,67,117,120,123] [0,37,45,57,68,80,81,99] [16,19,25,30,57,69,83,94] [30,33,59,67,69,78,90,96] [9,21,32,46,71,73,95,127] [12,32,33,45,47,81,83,91] [10,36,53,55,66,68,99,105] [1,23,31,52,61,82,89,91] [1,48,78,80,89,105,115,126] [2,42,66,72,80,83,90,113] [5,18,21,39,80,92,98,123] [29,36,46,87,88,97,100,104] [6,8,14,20,27,47,48,104] [22,35,45,70,80,101,114,123] [11,19,52,61,63,98,115,117] [20,36,57,73,74,86,109,120]
Token   6: [46,72,100,102,108,113,119,127] [15,48,61,64,70,71,106,122] [2,30,75,78,85,93,99,124] [14,33,37,63,72,82,103,110] [11,31,32,52,71,73,78,92] [18,26,31,33,79,91,123,127] [34,47,66,70,71,86,87,104] [8,24,30,45,46,62,82,106] [41,45,53,57,67,89,99,114] [0,2,49,55,57,78,80,82] [3,16,26,47,57,68,81,94] [5,18,28,30,39,48,59,90] [9,21,32,56,64,85,89,127] [26,32,33,45,47,78,81,91] [1,38,53,55,81,93,110,125] [16,31,40,41,52,61,89,93] [48,65,80,84,89,105,115,126] [18,33,55,58,68,80,82,99] [13,24,34,47,58,63,70,107] [8,18,24,59,62,109,112,123] [16,41,53,65,72,89,114,127] [0,10,47,49,55,82,111,122] [16,19,31,47,55,57,68,98] [1,5,30,52,54,59,79,103] [9,21,30,60,64,71,73,127] [29,33,47,61,78,81,91,110] [1,4,33,38,53,55,73,110] [16,26,40,41,52,61,89,93] [30,48,65,80,89,100,105,115] [1,18,55,58,80,82,99,122] [34,47,63,87,107,116,122,124] [8,18,24,56,59,62,82,123] [41,53,57,72,89,90,114,127] [0,2,31,49,55,80,82,111] [16,47,55,57,68,69,81,94] [3,5,14,28,39,52,56,59] [9,18,21,60,71,73,85,127] [0,45,47,78,81,91,92,103] [1,4,53,55,73,81,98,107] [16,26,31,41,52,89,93,127] [5,34,48,68,89,105,115,126] [23,58,59,78,80,86,98,123] [1,9,14,47,80,109,113,115] [25,31,37,45,86,90,100,104] [6,8,16,36,51,98,121,127] [1,18,32,38,45,95,114,125] [4,5,9,11,52,104,106,117] [2,39,46,48,60,65,101,125]
Token   7: [25,28,32,33,37,72,78,124] [28,46,61,73,89,105,122,124] [4,30,34,36,67,89,91,127] [14,17,47,79,88,94,100,110] [11,28,30,32,34,38,60,114] [0,12,18,35,79,84,119,127] [20,59,66,70,94,104,107,111] [7,28,30,32,46,82,106,123] [22,31,37,41,45,53,67,117] [0,2,33,49,78,80,82,108] [15,16,26,47,55,57,68,71] [5,18,25,56,59,65,73,88] [9,21,64,85,89,94,123,126] [33,39,45,47,62,78,81,91] [1,22,26,33,49,64,110,125] [16,31,41,46,51,52,66,93] [1,5,35,65,81,89,105,115] [18,33,54,55,82,86,99,114] [24,26,47,55,70,81,104,122] [7,8,28,30,43,56,62,109] [16,31,41,53,57,81,89,114] [0,2,7,31,47,49,55,82] [16,23,31,36,47,55,68,71] [25,30,52,54,56,59,65,103] [21,35,64,71,89,94,105,123] [33,45,47,61,63,78,81,91] [1,4,15,26,33,73,106,110] [0,2,41,46,51,52,93,127] [5,33,35,48,65,89,105,115] [18,54,75,80,82,88,99,122] [24,26,47,70,107,111,122,124] [7,30,33,43,56,62,109,123] [16,41,53,57,89,90,113,114] [0,2,31,47,49,55,82,90] [16,31,36,47,55,68,71,122] [25,30,52,56,59,65,103,104] [21,29,55,64,73,94,123,127] [12,45,47,63,78,81,91,112] [1,4,22,26,30,55,81,124] [2,26,31,41,46,51,93,110] [5,68,76,80,89,93,115,126] [10,18,26,54,81,82,86,108] [8,9,30,47,52,69,109,113] [15,25,31,75,80,99,104,122] [6,8,16,25,51,59,67,70] [0,23,29,38,52,76,95,114] [3,5,9,52,71,76,90,106] [23,25,44,46,74,93,98,122]
Token   8: [40,51,84,92,98,99,100,119] [30,61,73,84,89,97,105,122] [30,41,49,77,89,93,99,127] [14,33,79,82,88,94,110,123] [11,28,32,69,78,92,99,118] [12,16,18,22,33,42,58,127] [13,24,34,63,66,70,87,107] [8,24,28,30,45,62,82,106] [5,16,22,31,41,53,67,114] [0,33,49,55,57,80,81,82] [3,16,26,47,57,68,71,127] [5,18,20,28,30,50,56,59] [9,21,26,35,64,94,123,126] [29,33,45,47,63,78,81,91] [1,4,32,33,38,55,92,110] [8,16,31,40,41,52,89,93] [50,65,80,84,89,101,105,115] [18,36,42,55,77,80,82,88] [24,34,63,87,104,107,122,124] [8,24,33,59,62,82,100,123] [5,16,18,30,41,53,72,114] [0,47,49,55,80,82,111,122] [16,27,31,36,47,55,57,68] [1,9,20,30,52,54,56,59] [2,9,21,35,55,64,71,94] [33,45,47,61,63,78,81,91] [1,4,32,33,38,53,73,110] [16,31,40,41,52,89,93,120] [35,48,65,80,89,101,105,115] [1,18,80,82,88,92,99,122] [24,34,63,86,87,104,107,122] [32,33,56,62,75,82,100,123] [16,22,53,67,72,90,98,114] [0,7,31,33,47,49,80,82] [16,36,43,55,68,69,71,94] [3,18,20,30,52,59,65,99] [9,21,29,46,73,94,112,127] [45,63,78,81,91,92,120,127] [22,32,33,53,55,64,73,92] [31,32,41,46,52,77,89,126] [1,13,80,89,94,101,115,126] [11,18,80,81,82,90,92,113] [8,28,52,66,80,86,92,106] [16,58,74,75,80,82,121,122] [6,8,11,14,16,23,47,104] [26,35,45,76,87,95,114,123] [3,5,19,51,52,63,98,117] [15,21,44,46,57,74,92,109]
Token   9: [35,72,76,95,100,102,110,119] [12,70,84,94,100,117,122,125] [38,40,41,49,77,99,109,113] [3,20,31,79,94,116,123,124] [11,19,29,32,73,85,92,99] [7,18,33,42,59,77,84,127] [13,24,34,46,63,70,86,107] [8,30,45,58,62,73,82,106] [2,31,34,41,53,67,117,120] [0,49,54,57,80,81,108,117] [16,33,47,50,57,69,80,104] [18,20,39,50,56,59,64,78] [9,21,30,32,34,46,64,125] [12,33,45,47,61,78,81,91] [4,11,32,33,42,53,55,110] [16,31,40,41,52,61,93,120] [30,65,80,84,89,101,105,115] [18,55,66,68,80,82,99,114] [13,24,34,47,63,104,107,122] [8,24,33,45,62,82,109,123] [5,16,41,53,72,90,114,116] [0,10,49,55,80,108,111,117] [16,19,26,31,47,57,68,80] [1,20,30,54,56,59,99,103] [2,9,21,46,64,71,73,94] [12,33,45,47,78,81,91,106] [3,4,16,32,53,55,73,110] [16,26,31,40,61,89,93,126] [13,48,65,78,80,89,101,115] [3,18,80,82,92,99,118,122] [24,34,63,70,86,87,107,122] [3,33,56,62,73,82,106,123] [2,41,53,67,72,90,114,127] [0,7,49,57,80,102,111,117] [16,19,25,47,69,82,94,124] [1,42,52,54,56,59,78,99] [0,2,9,14,21,29,73,94] [12,45,47,78,81,91,120,127] [3,4,32,36,46,53,55,71] [27,31,32,52,54,61,77,126] [13,48,80,94,101,110,115,126] [0,36,63,64,65,66,92,113] [8,18,24,80,86,90,98,126] [47,74,80,87,100,104,121,125] [6,11,14,27,98,104,110,116] [26,32,35,45,76,87,114,123] [5,19,51,52,63,75,98,117] [15,21,26,31,44,74,109,127]
Token  10: [14,23,28,30,54,90,105,112] [6,15,29,73,90,111,122,125] [23,36,44,49,59,74,76,126] [2,13,32,36,41,70,92,124] [1,11,27,28,59,73,77,120] [14,18,31,48,56,74,116,119] [3,20,46,64,66,86,104,109] [27,44,46,69,73,82,94,117] [2,20,34,43,67,86,88,127] [35,38,40,57,102,106,111,117] [16,30,42,50,89,95,109,121] [16,20,30,55,59,78,97,99] [2,9,21,30,32,34,73,127] [10,41,47,78,81,109,110,123] [3,4,36,47,53,55,71,102] [3,31,40,61,77,87,89,91] [1,14,80,84,89,110,115,126] [18,64,68,80,82,102,103,107] [3,13,46,47,63,86,104,119] [3,27,32,44,45,58,82,94] [22,43,53,67,90,114,123,127] [0,35,57,80,81,82,106,117] [16,19,25,43,55,69,94,109] [9,20,25,30,54,69,99,103] [9,21,32,39,46,71,73,127] [41,45,47,57,78,81,91,106] [3,4,36,47,53,55,73,102] [9,16,20,31,61,77,89,126] [44,48,78,80,89,110,115,126] [0,36,64,80,103,113,116,122] [3,13,34,46,56,112,118,122] [3,44,45,56,82,106,117,123] [2,15,20,53,67,90,114,116] [0,35,57,102,106,111,114,117] [19,30,42,50,69,109,113,124] [25,42,55,59,73,78,99,115] [0,2,9,21,38,73,103,112] [12,41,57,62,78,91,109,123] [3,4,18,36,47,55,60,111] [6,16,20,31,51,61,107,126] [6,29,44,77,109,110,115,126] [0,63,64,65,80,103,113,115] [24,49,59,70,73,80,90,126] [18,47,49,75,100,104,121,125] [6,23,37,47,80,94,104,110] [5,26,45,47,63,76,87,114] [1,5,52,76,82,96,123,124] [15,21,31,44,74,82,92,127]
Token  11: [13,26,40,65,70,72,98,100] [18,50,64,94,100,122,124,127] [36,49,53,57,81,82,84,88] [32,37,41,51,71,89,94,116] [11,65,76,79,85,92,106,115] [18,22,42,59,61,64,66,125] [8,34,46,47,56,66,83,105] [3,24,28,45,49,82,94,109] [2,43,67,84,114,116,121,127] [0,9,102,104,110,111,117,125] [16,30,50,53,61,73,105,113] [24,49,54,61,69,78,115,125] [9,15,21,30,56,64,99,127] [6,12,15,28,47,58,78,91] [3,8,11,16,20,48,53,110] [10,16,31,40,61,85,89,91] [8,65,73,84,89,108,115,124] [18,42,55,72,83,99,103,122] [8,24,34,47,56,105,107,122] [3,18,24,45,59,62,109,112] [35,53,72,84,90,114,116,121] [0,9,49,106,110,117,122,125] [16,19,31,47,57,61,68,105] [1,3,9,24,54,61,69,103] [9,15,21,39,56,71,73,99] [12,15,26,28,33,47,58,78] [4,14,20,32,48,55,103,110] [2,16,31,59,61,85,99,127] [42,48,73,89,108,115,122,124] [1,19,53,72,80,99,103,118] [13,24,34,56,105,107,112,122] [3,18,49,56,82,100,112,123] [2,35,53,65,84,90,114,121] [0,9,38,102,110,111,117,125] [19,50,56,61,69,73,105,113] [1,23,24,49,52,54,61,78] [2,9,15,21,71,73,99,115] [6,15,28,78,79,80,91,106] [3,20,32,48,55,86,103,111] [9,16,31,48,52,61,85,101] [8,48,80,105,108,115,124,126] [19,42,53,59,69,72,80,103] [24,39,59,68,73,80,109,126] [19,43,46,49,77,88,100,104] [0,6,14,16,37,45,53,104] [22,27,45,46,63,87,112,114] [5,39,52,82,104,105,123,124] [32,35,73,74,86,90,95,109]
Token  12: [2,13,14,21,25,51,80,120] [2,3,6,58,77,83,111,122] [12,36,84,88,100,116,122,126] [3,5,32,41,64,71,109,117] [10,11,37,65,76,79,89,114] [2,18,47,82,93,107,111,125] [34,43,46,66,86,108,111,112] [45,50,60,69,73,82,94,117] [43,47,67,88,90,109,116,127] [0,26,43,45,57,102,111,117] [6,29,42,50,73,81,83,108] [14,26,62,67,78,79,106,115] [9,20,34,52,53,68,115,124] [1,6,12,21,31,79,91,98] [3,8,11,28,36,53,79,80] [3,51,60,61,80,91,99,111] [1,14,60,80,84,93,115,126] [4,15,46,52,72,80,82,103] [3,13,34,47,56,86,104,119] [1,3,32,44,45,50,73,82] [43,53,67,82,90,109,114,127] [37,43,45,57,81,106,111,117] [19,25,30,50,69,73,94,113] [20,54,67,69,79,89,99,115] [2,9,30,34,46,53,73,127] [21,44,78,79,82,91,98,106] [8,36,53,55,57,66,95,110] [9,16,23,56,61,82,86,91] [14,15,60,78,80,84,102,126] [15,46,52,68,69,80,103,113] [3,46,54,56,86,99,104,109] [1,3,20,27,69,73,82,106] [43,47,67,106,109,114,123,127] [37,43,57,80,102,111,113,117] [19,25,30,62,69,73,86,113] [3,26,61,67,79,89,99,115] [9,15,53,58,73,99,115,124] [6,10,16,21,79,91,98,115] [8,11,36,53,55,79,80,111] [9,31,35,56,60,61,78,90] [15,55,60,78,80,84,115,126] [15,46,52,69,80,103,113,115] [7,24,31,37,73,80,109,125] [12,19,43,49,77,100,104,127] [6,14,45,53,73,88,99,122] [17,22,45,46,58,63,112,114] [29,30,39,52,80,81,104,105] [32,35,52,71,74,95,108,111]
Token  13: [0,16,29,38,53,104,107,111] [3,23,34,73,86,107,111,122] [10,14,36,41,87,100,107,116] [32,51,64,68,76,87,109,114] [0,10,11,23,53,59,79,118] [7,18,47,80,82,93,107,119] [3,34,46,66,108,109,111,119] [44,45,56,60,73,82,87,106] [36,43,53,64,67,90,99,127] [26,43,45,57,80,94,111,117] [14,29,42,50,67,73,83,108] [14,26,62,67,79,104,115,117] [9,18,33,53,54,60,71,115] [21,44,75,79,91,96,98,119] [8,42,53,79,80,83,110,125] [6,26,50,60,61,84,99,111] [1,7,40,48,60,78,80,98] [4,15,52,53,75,99,103,107] [13,34,36,47,56,63,86,104] [3,45,60,73,82,87,109,123] [5,53,64,67,90,114,116,127] [0,80,94,102,111,115,117,123] [6,14,19,30,50,69,73,113] [11,20,60,65,79,89,99,115] [9,39,42,53,60,71,73,115] [21,29,44,78,79,87,91,98] [8,11,53,55,79,80,110,111] [6,16,40,50,56,60,61,91] [1,7,40,53,60,78,80,126] [15,52,53,62,103,107,113,117] [3,34,46,56,86,99,104,110] [3,45,56,60,73,82,87,106] [15,36,43,64,67,90,116,127] [22,45,57,80,94,102,111,117] [2,14,25,30,50,69,108,113] [0,8,39,59,64,79,86,115] [9,32,42,53,73,95,102,115] [10,21,44,75,76,79,91,98] [8,36,53,55,79,80,88,111] [6,9,31,56,60,61,76,95] [7,15,40,60,80,102,115,126] [15,52,53,80,103,106,113,117] [24,37,59,68,73,80,109,125] [4,8,43,49,81,100,104,127] [6,14,37,45,54,80,98,104] [22,35,45,46,63,80,112,114] [39,44,52,80,82,104,105,124] [27,32,34,35,52,71,90,95]
Token  14: [0,27,48,49,50,101,106,110] [3,23,76,86,99,116,122,126] [14,36,45,52,85,87,120,122] [17,26,64,67,76,94,114,117] [0,10,11,38,79,114,118,124] [7,18,47,51,80,102,105,119] [13,34,46,86,109,111,119,120] [30,45,60,69,73,82,106,117] [2,43,64,67,86,95,99,127] [45,49,57,80,94,102,111,117] [2,14,29,30,73,80,83,108] [8,62,67,78,79,99,106,115] [9,32,33,52,53,60,68,115] [12,21,44,66,79,91,98,113] [8,36,42,53,55,96,105,125] [3,23,40,50,56,61,82,91] [1,14,40,51,60,78,80,126] [2,20,53,62,66,103,107,121] [3,46,54,63,86,104,109,119] [1,27,32,44,45,58,73,82] [2,40,64,67,90,99,123,127] [37,57,68,80,81,94,106,111] [7,14,19,25,30,50,69,94] [0,47,67,69,79,89,99,115] [9,17,32,34,46,53,115,127] [10,12,29,44,45,66,106,113] [8,22,36,53,55,96,99,105] [3,7,50,56,61,82,89,91] [14,51,53,78,79,80,114,126] [2,20,53,66,103,107,113,121] [3,46,63,86,100,104,109,115] [1,27,32,44,69,73,82,106] [2,43,47,64,67,88,123,127] [37,49,57,68,80,102,113,117] [2,14,25,30,45,69,80,83] [0,47,59,64,67,86,115,126] [9,30,32,34,42,68,73,115] [10,12,44,65,66,98,99,113] [8,36,39,53,55,58,96,105] [3,4,6,31,35,56,61,82] [4,43,51,53,80,101,115,126] [2,35,39,66,80,103,113,126] [18,71,73,80,93,98,102,123] [6,36,42,81,87,97,100,104] [6,14,20,27,48,81,98,104] [12,20,22,45,70,80,114,123] [19,44,52,55,75,98,115,117] [36,47,66,71,88,120,123,124]
Token  15: [17,22,28,34,62,67,68,77] [48,67,74,75,99,114,116,122] [4,8,36,64,70,73,90,125] [24,37,61,67,76,77,100,114] [0,7,10,11,22,77,87,97] [18,31,78,79,99,102,105,119] [3,4,20,55,63,66,104,109] [45,46,60,69,73,82,94,106] [2,4,34,37,40,67,86,127] [22,33,37,49,57,68,80,117] [2,25,30,38,41,62,80,108] [8,16,18,50,78,79,115,126] [9,32,42,46,102,115,118,124] [10,12,44,45,102,108,113,120] [8,36,53,55,64,82,96,99] [3,33,50,56,61,77,82,91] [1,14,43,51,78,96,109,126] [2,20,27,37,62,66,107,113] [3,20,36,47,55,86,104,119] [26,32,45,58,60,73,82,94] [2,4,22,67,68,117,123,127] [20,33,37,57,68,80,81,117] [2,7,25,30,41,43,69,110] [16,18,20,50,59,69,79,115] [9,32,34,52,73,102,115,118] [10,12,29,44,102,113,120,127] [8,23,36,53,55,64,82,96] [3,7,33,50,61,75,77,82] [1,14,43,78,80,96,109,126] [2,20,35,66,68,92,107,113] [3,20,23,66,86,104,109,119] [1,27,32,45,69,73,82,106] [2,4,22,43,47,67,106,127] [33,37,57,68,80,81,99,117] [2,7,25,30,33,41,69,95] [16,18,47,50,59,79,115,126] [9,32,68,73,102,103,115,118] [12,45,91,99,102,113,120,127] [36,55,58,64,73,82,87,96] [3,9,31,33,46,61,77,82] [1,13,51,80,109,111,115,126] [2,35,62,66,80,92,113,126] [5,18,71,80,86,98,102,123] [6,16,75,80,87,97,100,104] [6,14,20,27,48,81,104,116] [22,32,45,63,70,80,114,123] [8,19,52,61,75,98,104,115] [26,47,66,71,88,120,123,124]
Token  16: [12,28,41,46,66,77,83,112] [11,29,67,85,97,113,114,122] [36,49,59,67,73,76,106,121] [9,50,70,76,77,85,92,100] [1,10,11,27,45,68,77,116] [10,18,23,24,31,48,87,102] [3,20,46,66,104,109,118,119] [3,27,32,45,46,69,73,82] [2,6,8,20,33,63,67,127] [15,35,37,40,51,57,71,87] [2,25,30,41,50,62,95,109] [16,42,55,59,64,78,117,126] [9,17,32,46,76,102,103,115] [7,12,41,45,71,109,120,123] [36,47,53,55,76,82,87,99] [20,35,50,61,77,82,89,91] [1,14,18,75,77,78,110,126] [0,24,27,36,64,65,68,107] [3,20,47,54,66,104,109,119] [27,32,45,46,58,69,73,82] [6,8,14,20,33,50,67,117] [35,37,39,40,57,68,82,113] [2,25,41,43,62,95,109,124] [9,16,18,42,55,59,69,97] [0,17,32,46,73,102,103,115] [7,12,18,41,45,57,109,123] [36,47,53,55,60,71,73,92] [20,40,50,61,77,82,89,98] [14,29,77,78,80,94,110,126] [0,36,64,65,68,92,107,113] [3,20,34,86,104,109,118,119] [3,27,32,45,46,69,73,82] [2,20,33,35,43,67,90,127] [35,37,40,57,99,106,111,117] [2,25,30,69,95,109,113,124] [16,42,55,73,79,97,115,126] [0,30,32,38,73,102,103,115] [12,41,45,57,62,91,109,123] [3,18,36,47,55,60,73,111] [6,20,31,35,46,61,77,90] [29,44,77,80,109,110,115,126] [0,36,63,64,65,80,113,115] [8,24,31,49,59,80,90,126] [42,47,49,74,100,104,121,125] [14,23,37,47,73,80,104,110] [5,26,45,47,76,87,112,114] [5,39,52,82,96,104,105,124] [15,21,31,44,74,90,121,127]
Token  17: [2,47,80,81,84,92,103,120] [3,14,30,33,58,67,83,122] [10,36,67,84,116,117,122,123] [9,10,16,23,76,89,109,121] [0,10,11,38,79,89,91,124] [18,74,93,102,107,111,119,125] [3,8,13,34,47,56,86,119] [45,46,50,60,69,73,82,117] [2,8,67,84,109,114,116,127] [9,37,43,57,87,110,111,117] [2,25,30,50,53,61,83,105] [8,47,61,64,67,79,115,126] [9,32,46,53,68,102,115,124] [6,10,12,21,44,79,91,121] [8,28,36,47,53,55,79,80] [3,50,60,61,77,89,90,91] [14,15,55,60,78,102,115,126] [15,45,68,69,72,99,103,107] [3,8,13,34,56,100,104,119] [3,24,32,45,46,73,82,109] [2,35,67,84,90,114,116,127] [0,9,10,37,43,106,111,117] [2,19,25,43,61,69,105,113] [1,24,49,54,61,69,89,115] [2,9,15,34,53,56,73,99] [12,15,28,44,45,82,91,106] [4,22,36,47,48,53,55,110] [16,37,51,59,61,77,89,90] [48,60,78,80,89,101,124,126] [15,52,68,69,80,103,113,118] [3,13,34,56,104,105,107,119] [3,32,45,46,49,69,73,82] [2,38,67,90,109,114,121,127] [9,37,43,57,62,102,111,117] [2,19,25,30,50,69,86,105] [23,24,49,61,64,79,89,126] [9,15,53,73,99,102,115,124] [6,10,12,21,79,91,95,115] [27,36,52,55,79,80,103,111] [31,35,50,56,60,61,78,90] [15,55,60,78,80,102,115,126] [15,46,52,69,80,112,113,115] [7,24,31,36,37,59,80,125] [8,12,19,43,49,77,100,104] [6,14,27,45,73,88,99,122] [17,27,45,46,112,114,123,127] [5,29,30,39,52,81,104,105] [32,35,52,71,74,85,95,111]
Token  18: [2,24,29,51,92,97,101,104] [3,33,76,107,116,122,123,126] [9,10,14,36,72,74,92,116] [10,23,25,39,67,69,85,114] [0,10,11,23,26,43,59,89] [18,34,47,79,80,107,111,119] [3,20,46,47,86,108,109,119] [22,45,46,63,69,82,87,124] [2,8,39,55,64,67,90,127] [22,37,43,45,57,94,111,117] [2,25,42,50,83,97,101,108] [47,67,78,79,86,104,115,126] [9,32,53,68,102,115,118,124] [12,21,44,75,79,91,104,121] [8,27,36,53,55,75,79,80] [35,50,56,60,61,68,90,126] [1,7,14,15,60,78,102,126] [15,27,37,52,68,75,99,107] [3,13,36,47,86,100,104,119] [26,32,45,46,69,73,82,87] [2,5,8,14,64,67,90,117] [20,37,43,57,62,68,94,111] [7,19,25,30,50,62,69,97] [20,48,59,69,78,79,86,126] [30,53,73,100,102,115,118,124] [12,29,44,75,79,82,91,115] [27,28,36,53,54,55,80,94] [35,44,50,56,60,61,68,82] [1,7,14,15,60,78,114,126] [15,17,27,52,68,107,113,125] [3,13,20,86,100,104,109,119] [1,27,32,46,69,73,82,87] [5,14,43,47,64,67,106,122] [37,43,57,62,68,81,94,99] [25,30,45,62,69,83,97,101] [8,59,69,79,85,86,124,126] [53,58,73,95,102,115,118,124] [21,29,44,75,79,91,95,115] [23,27,36,52,53,55,79,80] [31,35,56,60,61,71,78,90] [1,7,15,60,78,102,115,126] [15,46,49,52,80,85,106,113] [7,24,37,59,74,80,109,125] [8,12,19,42,43,49,97,100] [6,14,27,45,88,104,113,122] [17,35,45,46,63,87,112,114] [5,29,30,39,52,84,104,105] [6,35,52,71,74,95,108,111]
Token  19: [16,51,53,97,101,111,118,126] [3,33,34,107,116,122,123,126] [7,10,12,14,36,74,81,92] [1,46,69,71,87,109,114,117] [0,10,11,23,45,65,89,110] [18,31,34,47,74,80,107,119] [7,20,46,66,104,109,111,119] [32,34,69,73,82,87,94,124] [8,34,39,55,64,67,120,127] [5,37,43,45,57,81,94,126] [14,17,25,42,83,97,101,108] [8,15,47,67,79,86,106,126] [17,32,34,53,68,109,115,118] [12,44,75,79,86,91,95,117] [8,22,36,53,55,76,79,80] [35,50,60,61,68,82,90,91] [1,7,14,15,40,60,78,126] [15,17,37,45,52,53,62,68] [3,13,36,54,79,86,104,109] [20,32,45,46,73,82,87,94] [2,5,8,14,55,64,67,123] [37,43,52,57,62,71,80,94] [7,14,25,30,45,62,69,97] [0,20,47,59,79,86,115,126] [32,53,68,73,100,102,115,118] [12,29,44,75,79,91,95,115] [7,8,36,53,54,55,58,80] [3,50,56,60,61,82,98,121] [7,14,15,78,79,80,114,126] [15,17,52,53,62,68,112,113] [3,20,46,66,86,104,109,119] [1,27,32,69,73,82,87,124] [5,8,43,47,55,64,67,122] [37,43,52,57,62,68,94,99] [14,25,30,45,62,69,97,101] [8,36,39,69,79,86,105,126] [30,53,73,95,100,102,115,118] [21,29,44,65,75,91,95,115] [27,36,39,53,55,58,79,80] [9,31,35,60,61,78,82,90] [1,7,15,40,60,78,115,126] [15,52,53,80,85,106,113,117] [7,37,59,73,74,80,109,125] [8,42,43,49,81,97,100,114] [6,14,27,37,45,54,104,116] [35,45,46,63,80,112,114,123] [19,22,39,52,82,84,105,124] [27,32,35,52,71,90,95,108]
Token  20: [7,29,47,62,66,97,116,126] [11,40,42,76,78,116,122,123] [15,36,52,67,72,115,119,121] [1,10,19,23,71,76,80,114] [0,10,11,39,45,61,95,107] [18,31,47,74,80,102,111,119] [3,20,46,47,104,109,111,119] [1,27,34,46,69,73,82,87] [2,8,27,55,67,99,113,127] [37,43,51,52,57,62,94,117] [14,25,50,62,83,97,101,120] [8,36,39,65,68,79,86,126] [9,32,46,53,101,102,115,124] [7,12,24,44,75,79,85,95] [9,27,28,36,53,55,62,76] [20,35,50,61,82,90,98,111] [14,29,77,78,102,111,123,126] [27,45,53,65,68,84,107,113] [3,13,19,54,86,104,109,119] [27,32,45,46,69,73,82,87] [5,8,14,24,27,64,67,117] [20,37,43,52,57,62,68,94] [10,14,25,50,62,69,97,120] [20,48,68,69,71,79,86,126] [17,30,53,71,95,102,115,124] [12,24,29,44,79,91,95,115] [27,28,36,53,55,62,76,94] [20,35,50,61,78,82,90,98] [14,29,77,78,111,114,123,126] [0,17,45,53,65,68,84,113] [3,19,20,104,109,115,118,119] [1,27,45,46,69,73,82,87] [14,24,27,43,47,67,99,122] [37,43,52,57,62,81,94,99] [14,25,45,62,69,97,101,120] [68,71,79,85,86,97,122,126] [30,53,73,95,101,102,115,124] [24,29,44,91,95,109,115,123] [18,36,44,50,52,55,62,111] [20,31,35,61,71,82,107,121] [29,44,77,111,114,115,123,126] [0,53,63,65,80,84,113,121] [8,20,28,66,71,75,80,126] [2,8,47,81,97,100,104,121] [3,6,13,14,27,80,104,110] [5,45,47,63,83,87,114,123] [10,19,45,52,82,96,104,124] [11,15,27,31,54,71,90,127]
Token  21: [22,31,61,69,81,93,107,118] [39,60,62,76,83,91,111,122] [10,15,36,67,68,116,117,123] [1,10,26,30,46,80,106,114] [0,10,11,39,91,95,102,111] [18,23,31,74,80,102,111,119] [3,20,46,86,100,104,109,119] [1,27,34,46,69,72,73,82] [8,27,28,39,47,67,99,127] [37,43,45,48,52,57,105,117] [14,25,45,50,83,97,101,123] [8,13,47,58,71,79,86,126] [9,53,68,69,95,115,120,124] [13,44,55,79,85,91,95,121] [8,27,28,36,55,76,84,101] [3,34,35,50,61,82,98,100] [1,14,20,78,102,121,123,126] [14,17,30,45,97,107,113,121] [3,13,66,86,100,104,109,119] [1,27,32,46,69,72,73,82] [8,14,27,28,35,47,67,122] [37,43,52,57,62,68,80,105] [14,25,30,50,62,97,120,123] [13,47,58,69,79,86,115,126] [36,68,69,73,102,115,120,124] [7,44,55,79,85,95,115,121] [7,28,36,53,55,76,84,101] [3,34,35,50,82,91,98,100] [14,20,78,79,80,114,121,126] [14,30,45,51,68,97,113,121] [3,23,63,66,100,104,109,119] [1,13,27,69,72,73,82,106] [14,27,28,47,67,99,105,122] [37,57,62,68,80,97,99,105] [14,25,30,40,45,69,83,123] [13,47,58,71,79,86,122,126] [36,42,68,69,73,115,120,124] [29,55,79,85,99,107,115,121] [23,28,36,44,55,84,101,118] [3,4,31,34,35,82,91,100] [14,20,43,80,114,115,121,126] [14,30,45,51,80,97,113,121] [5,55,65,75,80,93,101,119] [4,36,46,81,87,97,100,104] [3,6,14,27,54,71,98,104] [12,45,70,80,93,114,123,127] [19,52,55,61,63,67,115,117] [32,34,47,55,71,88,117,123]
Token  22: [28,62,64,87,91,101,112,124] [22,47,60,68,71,81,90,122] [4,5,36,52,68,76,106,120] [12,21,24,70,72,106,116,120] [5,7,11,27,55,60,102,105] [5,18,71,74,79,87,108,115] [3,14,20,23,66,100,104,109] [1,27,32,45,46,69,73,82] [6,20,27,47,67,97,122,123] [25,35,37,41,52,57,62,97] [10,13,25,30,40,41,62,95] [16,18,39,46,94,97,122,126] [7,14,17,26,36,46,103,115] [57,62,91,101,106,109,115,123] [7,13,23,36,44,55,60,76] [15,17,35,51,77,82,91,100] [1,14,30,78,80,94,114,126] [0,30,36,64,65,75,107,121] [3,23,66,100,103,104,109,119] [1,27,45,58,69,73,82,106] [6,8,20,47,67,94,122,123] [25,35,37,41,57,66,68,97] [23,25,30,40,41,95,103,124] [18,20,22,42,46,94,116,126] [0,7,14,17,22,25,36,102] [18,57,59,62,91,109,120,123] [18,36,53,55,60,71,73,76] [0,17,51,77,82,89,100,126] [14,35,44,78,79,94,114,126] [0,30,36,65,92,113,121,122] [3,23,66,100,104,109,118,119] [1,27,32,45,48,69,73,82] [0,6,13,20,22,27,47,67] [35,37,40,41,57,62,97,99] [9,10,23,25,40,41,103,124] [9,20,22,25,42,58,94,126] [7,14,17,25,38,73,103,115] [29,41,57,62,91,95,109,123] [18,22,36,47,55,60,73,102] [20,31,35,51,61,77,100,107] [14,29,44,77,80,108,115,126] [0,30,49,63,64,65,80,122] [8,20,24,49,75,80,90,126] [8,47,74,75,80,100,121,125] [3,6,14,23,27,80,104,110] [5,26,45,47,76,83,87,114] [1,5,10,19,52,76,96,124] [15,21,31,44,74,114,121,127]
Token  23: [11,61,66,81,84,93,120,122] [19,41,47,60,63,83,122,123] [10,15,36,52,67,116,117,120] [9,12,19,26,71,89,91,114] [0,4,11,26,39,40,91,110] [18,30,34,84,102,111,119,125] [3,10,19,46,56,100,109,119] [34,45,46,50,69,72,73,82] [27,28,39,47,51,67,80,127] [37,43,45,48,52,57,110,117] [25,50,62,74,83,97,101,108] [47,58,61,67,79,86,115,126] [7,46,68,69,100,102,115,124] [6,21,44,49,79,101,115,121] [27,28,36,53,55,76,80,112] [3,35,60,61,82,91,98,121] [14,15,78,79,102,115,121,126] [15,17,27,45,72,112,121,122] [3,23,54,79,100,104,109,119] [1,27,32,46,50,69,73,82] [8,28,47,67,105,114,117,122] [37,43,52,57,62,68,99,106] [19,25,35,62,69,74,83,120] [20,46,58,69,79,86,115,126] [7,17,46,53,100,102,115,124] [6,44,45,79,91,106,115,121] [22,27,28,36,53,55,76,80] [3,7,50,60,61,82,89,91] [14,15,78,79,80,114,121,126] [15,45,52,62,68,80,113,121] [3,13,20,66,100,104,109,119] [1,27,32,45,46,69,73,82] [5,8,28,47,67,109,117,122] [37,43,48,57,62,81,99,113] [14,25,30,62,69,74,83,101] [13,47,58,59,67,71,86,126] [46,58,68,69,73,100,115,124] [6,21,65,79,91,99,115,121] [23,27,28,36,55,58,76,80] [1,23,31,35,60,61,78,100] [7,14,15,78,102,115,121,126] [15,17,45,52,72,80,106,113] [7,21,37,65,71,74,80,123] [4,8,12,19,43,97,100,104] [0,6,14,27,45,54,88,113] [17,35,45,46,63,112,114,123] [19,22,29,30,39,52,80,105] [6,32,35,52,71,95,108,111]
Token  24: [3,7,28,29,62,80,112,126] [8,67,76,78,114,116,122,123] [15,24,36,52,62,69,73,119] [7,11,26,65,91,97,114,120] [11,39,40,55,86,91,100,116] [18,30,31,79,116,117,119,122] [3,10,47,86,100,104,109,119] [1,27,45,46,69,73,82,103] [24,39,47,51,55,67,120,122] [37,51,52,57,72,77,81,93] [7,25,37,62,74,83,101,120] [43,46,47,71,87,97,105,126] [46,68,76,100,102,115,120,124] [24,29,49,65,75,79,115,121] [23,28,36,53,55,62,76,99] [35,56,78,82,91,98,115,121] [1,14,20,43,78,102,123,126] [14,17,20,27,84,97,107,112] [3,10,54,86,100,104,109,119] [1,32,45,46,53,69,73,82] [8,14,24,47,51,67,117,122] [20,33,37,48,52,57,62,99] [7,25,37,43,62,69,107,120] [20,59,69,71,79,87,116,126] [32,46,52,68,100,102,115,124] [24,29,37,45,49,71,75,115] [23,27,28,36,53,55,62,76] [7,17,56,78,82,91,98,115] [14,20,78,79,102,114,123,126] [14,20,68,84,106,112,113,121] [3,20,23,86,100,104,109,119] [1,26,27,32,45,69,73,82] [14,22,24,47,51,67,105,122] [37,48,57,62,81,99,103,113] [7,25,37,62,69,83,101,120] [20,47,59,71,87,105,110,126] [68,73,76,100,106,115,120,124] [24,29,45,49,55,91,99,121] [23,27,28,36,55,62,76,96] [1,17,31,56,91,98,115,121] [14,20,43,78,102,115,123,126] [14,20,80,84,97,106,112,113] [5,8,28,32,65,71,80,101] [2,4,6,42,87,97,100,104] [6,13,14,27,54,71,72,104] [32,37,45,80,103,114,123,127] [5,19,45,52,67,104,115,117] [32,34,66,71,74,85,114,117]
Token  25: [14,24,57,61,66,71,106,118] [9,48,62,76,91,98,109,111] [10,15,24,36,62,90,120,122] [7,11,23,26,65,97,119,120] [4,11,23,39,40,63,77,100] [16,18,31,51,105,117,119,122] [3,13,20,86,100,104,109,119] [27,45,46,69,73,82,103,106] [24,28,47,51,55,67,120,122] [22,32,37,48,57,62,72,99] [7,25,62,77,85,86,101,120] [46,47,71,79,87,91,109,126] [58,68,76,100,102,115,123,124] [37,49,55,65,66,71,113,115] [9,16,23,36,53,76,96,105] [1,35,56,78,82,91,98,115] [1,14,43,78,80,102,119,126] [2,20,27,35,84,107,112,121] [3,10,20,86,100,104,109,119] [1,30,46,53,67,69,73,82] [8,14,47,51,67,105,117,122] [33,37,48,52,57,62,99,113] [7,25,43,62,69,74,83,120] [43,47,59,69,71,87,109,126] [32,58,68,100,102,115,123,124] [29,37,49,55,65,66,113,115] [9,16,23,36,53,76,95,105] [1,3,7,17,50,78,82,98] [12,14,43,78,79,114,119,126] [2,20,35,68,107,112,113,121] [3,20,66,86,100,104,109,119] [1,27,45,46,69,73,82,91] [8,28,47,67,88,105,117,122] [32,37,48,57,68,81,99,113] [7,25,69,76,83,86,103,110] [33,36,47,71,87,109,116,126] [46,68,80,102,115,120,123,124] [29,49,55,65,66,99,113,115] [16,23,36,55,58,76,96,105] [3,7,17,57,98,104,115,116] [12,14,43,78,114,115,119,126] [2,9,20,35,66,112,113,121] [5,18,27,55,71,80,93,102] [6,29,36,65,87,97,100,104] [6,14,20,27,48,72,81,104] [12,42,45,63,70,80,114,123] [8,19,52,55,68,104,115,117] [36,47,66,71,85,88,120,123]
Token  26: [28,51,64,86,87,91,124,125] [7,16,48,58,63,68,90,97] [4,6,36,50,52,59,76,94] [14,23,24,40,62,70,112,127] [5,7,9,11,27,40,57,116] [18,19,31,48,87,115,117,122] [3,4,20,86,96,104,109,119] [27,32,45,46,69,73,82,91] [6,8,20,47,67,105,122,123] [35,37,40,81,86,99,109,113] [10,25,62,76,95,110,124,125] [12,46,48,73,97,114,116,126] [0,14,17,29,38,46,90,103] [29,43,57,62,71,109,115,123] [16,23,40,44,47,53,76,99] [7,20,51,69,75,77,82,91] [1,14,77,78,79,80,117,126] [0,36,49,64,79,84,107,121] [3,4,86,93,96,103,104,119] [32,45,46,58,69,73,82,91] [8,14,47,67,94,105,117,122] [35,36,37,40,68,86,99,113] [7,10,25,76,109,110,111,124] [12,16,18,42,73,97,114,116] [0,14,17,38,46,90,103,112] [29,45,57,62,109,120,123,127] [18,36,47,53,55,60,71,76] [7,20,75,77,82,89,91,126] [1,16,29,44,78,79,80,126] [0,36,62,64,65,68,79,121] [3,86,93,96,100,104,118,119] [26,45,53,58,73,82,91,106] [8,14,20,54,67,94,105,122] [32,35,37,40,57,81,99,113] [10,25,69,76,86,95,110,124] [16,25,42,71,73,97,114,116] [0,14,38,73,80,103,112,115] [41,43,57,62,89,91,109,123] [16,18,22,47,53,55,60,76] [7,20,31,51,54,77,90,107] [16,29,44,77,80,110,115,126] [0,63,64,65,80,84,121,122] [23,49,59,71,80,90,106,126] [8,47,49,74,80,100,121,125] [3,6,11,23,72,80,104,110] [5,26,42,47,76,83,87,114] [1,5,10,45,52,68,76,96] [15,21,31,44,74,114,121,127]
Token  27: [31,63,66,83,107,110,111,120] [8,30,34,41,44,92,98,111] [10,36,53,62,67,88,120,123] [6,23,61,65,66,89,97,127] [11,40,43,76,79,85,106,124] [16,18,19,42,49,61,119,125] [4,86,96,100,105,109,119,123] [38,45,46,49,69,73,82,91] [8,47,66,67,84,105,121,122] [9,37,57,98,99,103,110,113] [25,61,62,73,76,83,101,120] [26,49,61,71,79,94,116,126] [46,58,99,100,102,107,115,124] [6,21,28,40,71,80,101,115] [10,23,36,48,53,55,76,79] [7,35,56,82,85,91,96,98] [8,14,15,78,80,102,124,126] [15,17,19,72,80,84,113,121] [3,13,86,96,100,104,105,119] [32,45,49,69,73,82,91,106] [8,14,66,67,84,90,121,122] [9,37,52,57,62,80,98,110] [10,25,30,61,69,73,105,120] [20,24,26,49,61,71,79,126] [15,46,73,99,102,107,115,124] [6,10,15,28,71,80,106,115] [10,23,36,48,53,55,76,99] [7,23,35,56,82,85,91,96] [8,14,34,78,79,80,124,126] [15,19,62,68,79,107,113,121] [3,86,93,100,104,105,109,119] [1,32,45,49,69,73,82,91] [8,14,47,66,67,105,121,122] [22,37,81,98,99,103,110,113] [25,62,69,73,76,86,90,105] [20,24,26,47,49,61,71,126] [15,58,73,79,99,107,115,124] [6,28,29,80,83,85,115,118] [10,36,48,53,55,76,79,80] [1,7,23,31,35,78,85,91] [8,15,78,80,102,115,124,126] [15,19,52,69,79,80,83,121] [5,7,21,68,71,74,80,123] [19,36,43,49,88,97,100,104] [0,6,14,27,45,81,88,104] [17,42,45,46,63,112,114,123] [22,29,30,39,52,68,105,117] [32,35,52,71,73,95,111,117]
Token  28: [12,29,51,62,77,116,120,126] [8,67,76,78,107,111,114,122] [10,15,36,62,73,94,119,120] [7,24,26,29,37,97,116,120] [11,22,39,79,82,86,91,116] [16,18,47,78,96,102,116,117] [3,47,86,100,104,109,119,123] [27,45,46,69,73,82,87,91] [8,14,24,39,47,51,67,122] [22,37,48,57,77,79,103,113] [25,76,83,86,95,101,107,120] [16,47,69,71,79,87,92,126] [58,68,70,80,100,107,115,124] [24,65,75,79,83,85,98,121] [10,28,36,40,53,55,62,76] [3,7,35,56,61,91,98,115] [1,14,20,43,78,102,123,126] [14,20,27,59,84,97,107,117] [3,86,96,100,104,109,119,123] [26,45,58,73,82,87,91,98] [8,14,24,47,51,64,67,106] [22,37,43,48,79,103,112,113] [7,25,50,76,101,107,108,120] [20,31,47,71,79,86,92,126] [52,53,58,68,100,115,120,124] [24,35,75,79,85,91,98,121] [27,28,36,53,55,58,62,76] [3,7,35,56,69,91,98,115] [14,20,34,43,78,79,123,126] [14,20,79,84,97,107,117,121] [3,20,96,100,104,109,119,123] [1,27,45,46,82,91,98,113] [8,14,24,39,47,51,67,122] [24,37,48,68,79,99,103,113] [25,69,76,83,86,101,107,120] [47,69,71,79,86,87,92,126] [58,68,73,76,106,115,120,124] [24,49,55,65,85,91,99,121] [27,28,36,39,55,58,62,82] [3,4,31,35,56,98,115,116] [20,43,78,102,115,121,123,126] [14,20,79,80,84,97,112,121] [5,28,36,65,71,80,93,101] [2,4,6,36,42,87,100,104] [13,14,23,27,54,71,81,104] [12,42,45,70,103,114,123,127] [8,19,52,55,61,67,115,117] [32,34,47,71,88,117,123,124]
Token  29: [18,24,51,57,61,81,106,118] [9,30,33,39,48,91,98,111] [10,15,36,62,90,111,120,122] [7,23,26,30,32,73,80,97] [11,20,23,39,43,63,77,100] [16,18,51,96,102,105,117,119] [3,13,66,96,100,104,109,123] [1,27,45,46,69,73,82,91] [8,28,47,51,67,88,105,122] [32,37,48,57,79,99,103,113] [7,17,25,76,86,97,98,101] [3,13,47,69,92,109,116,126] [29,46,58,68,69,115,120,124] [49,55,65,66,89,91,113,115] [16,23,40,53,55,58,76,105] [1,3,4,7,17,35,68,91] [1,14,37,43,78,102,119,126] [2,20,35,62,66,107,117,121] [3,4,86,93,100,104,109,119] [17,45,46,53,58,73,82,91] [8,14,28,47,67,106,110,122] [37,48,68,81,86,99,103,113] [7,25,30,69,76,83,86,123] [12,31,47,67,109,114,116,126] [12,14,46,58,68,100,102,124] [55,65,66,71,92,99,113,115] [16,23,36,53,58,66,76,108] [3,7,17,35,56,69,82,89] [1,14,43,78,79,102,119,126] [2,20,35,68,72,79,117,121] [3,20,41,100,104,109,119,123] [1,27,45,46,58,70,82,91] [5,8,9,14,28,47,67,88] [24,32,37,68,69,99,113,116] [7,25,76,83,86,94,103,123] [4,13,47,79,109,114,116,126] [58,61,68,74,85,92,120,124] [20,29,55,66,91,99,113,125] [16,36,55,58,82,84,96,105] [3,4,31,34,56,98,104,115] [1,12,14,43,102,115,119,126] [2,20,35,66,80,112,117,121] [5,18,27,55,71,80,93,102] [6,29,36,42,65,87,100,104] [6,14,20,27,48,72,81,104] [4,12,42,45,70,80,114,123] [8,19,52,55,60,61,115,117] [36,47,66,71,88,120,123,124]
Token  30: [28,33,36,64,82,91,105,122] [8,9,16,30,47,48,68,122] [4,36,64,76,92,106,120,126] [12,21,24,33,58,70,73,116] [5,7,11,20,27,38,86,102] [5,16,18,31,87,93,115,119] [3,14,20,66,100,104,109,119] [1,27,32,45,46,69,73,82] [0,20,47,56,67,82,122,123] [32,35,37,66,81,99,109,113] [7,10,25,41,76,86,95,103] [16,18,25,42,92,99,116,126] [14,17,26,58,76,102,103,115] [2,29,45,57,109,115,120,123] [16,23,40,44,53,55,60,76] [7,17,35,68,77,82,89,91] [1,13,14,78,102,108,126,127] [0,27,36,64,65,66,107,121] [3,14,66,86,100,104,109,119] [1,5,46,53,58,73,82,91] [8,14,20,47,56,67,122,123] [32,35,37,40,41,97,99,113] [7,25,30,41,76,95,109,111] [18,20,22,25,42,48,97,116] [0,14,17,22,25,52,103,124] [2,18,29,57,74,109,120,127] [16,36,53,55,60,73,76,108] [7,44,51,75,77,82,91,116] [13,14,34,78,79,80,94,126] [0,36,62,68,79,92,107,121] [3,14,20,86,100,104,109,119] [1,17,27,46,53,73,82,91] [8,14,20,22,47,56,67,88] [32,35,37,40,57,79,86,113] [23,25,41,69,76,86,95,103] [9,18,25,42,92,97,116,126] [14,25,38,58,61,73,103,121] [18,45,57,91,109,120,123,127] [16,18,22,36,55,60,73,102] [7,20,31,35,51,77,107,126] [13,29,34,44,77,108,115,126] [0,63,64,65,80,92,121,122] [8,18,49,75,80,86,90,126] [47,74,75,80,100,104,121,125] [11,14,23,27,39,72,80,110] [5,12,45,47,76,83,87,114] [1,5,10,19,52,75,104,117] [15,21,31,44,74,121,124,127]
Token  31: [40,43,65,72,73,98,100,122] [18,38,70,94,100,106,122,127] [36,38,40,57,78,82,84,88] [6,16,31,53,73,84,89,116] [11,44,52,76,85,106,115,124] [8,37,59,61,64,66,103,125] [8,47,53,56,63,71,83,105] [18,24,45,49,69,73,109,112] [2,65,67,72,84,116,121,127] [0,9,57,80,102,110,117,125] [16,30,50,53,61,78,105,113] [0,23,24,28,49,54,61,125] [9,15,21,56,65,73,96,99] [6,15,23,28,58,78,91,110] [11,17,20,36,48,53,90,110] [10,16,31,61,70,85,91,101] [8,39,73,78,81,115,124,126] [1,19,21,33,42,69,99,105] [8,24,34,56,71,83,105,107] [3,24,49,59,75,82,109,112] [65,67,72,84,90,114,116,121] [0,9,80,102,110,117,122,125] [19,30,53,56,61,68,78,105] [1,3,23,24,49,54,61,125] [2,15,21,30,34,56,96,99] [6,15,26,28,58,78,106,110] [4,14,17,20,48,53,55,100] [10,16,59,61,70,85,101,127] [8,39,48,73,80,81,115,124] [1,19,21,33,42,55,80,118] [24,34,56,78,83,105,107,122] [3,18,49,75,82,109,112,123] [35,53,65,67,84,90,114,121] [0,9,13,38,110,111,122,125] [50,56,61,68,69,76,78,105] [3,23,24,28,49,54,61,125] [15,21,23,65,73,79,96,99] [15,23,28,58,78,91,110,118] [4,17,20,55,81,86,100,104] [31,52,59,70,85,101,103,127] [34,39,48,73,81,115,124,126] [1,19,21,42,48,55,69,105] [24,31,47,64,80,113,114,115] [31,37,46,75,77,88,100,104] [6,8,14,53,73,90,102,104] [2,27,42,45,82,87,101,114] [5,11,34,52,60,97,98,117] [20,44,57,73,74,86,105,109]
Token  32: [14,21,50,51,57,103,106,110] [3,6,9,15,62,95,111,122] [12,36,41,84,90,111,122,127] [3,4,12,32,39,71,123,127] [11,23,28,37,50,56,58,83] [18,47,51,68,95,103,105,107] [3,8,47,56,63,66,109,112] [24,28,45,69,73,82,106,109] [18,36,38,43,67,109,116,127] [0,9,32,49,57,65,80,117] [25,29,30,50,53,105,113,123] [24,48,54,67,69,96,109,125] [2,15,34,56,65,79,107,115] [23,26,28,58,78,91,98,118] [3,16,17,48,53,57,90,110] [6,10,16,31,40,85,91,103] [73,80,81,84,89,115,119,124] [18,19,21,55,69,82,83,99] [8,24,34,56,63,104,105,116] [3,24,49,59,82,100,109,112] [9,65,66,72,84,114,116,121] [0,9,49,80,98,110,122,125] [26,47,56,61,84,90,98,105] [3,23,24,26,49,54,61,125] [15,21,23,56,65,79,96,99] [15,23,26,28,58,66,78,118] [3,4,16,48,53,55,105,110] [16,40,49,59,70,72,103,120] [14,30,48,80,81,89,115,119] [1,2,21,66,78,83,103,120] [34,56,58,63,83,105,107,116] [3,33,44,56,75,82,106,112] [36,65,67,72,90,101,109,116] [0,9,32,65,68,80,84,122] [30,50,51,68,69,78,90,98] [3,20,48,54,59,63,109,125] [2,23,24,65,73,79,114,115] [23,66,82,91,98,106,113,118] [3,8,16,36,53,55,90,105] [4,16,31,40,61,72,89,103] [12,43,78,80,105,115,119,126] [2,9,35,66,80,90,103,112] [18,27,71,80,93,102,115,123] [6,29,36,46,65,87,100,104] [6,14,20,27,48,81,98,104] [12,27,32,45,70,80,114,123] [19,52,55,61,63,68,115,117] [36,47,66,74,86,88,120,123]
Token  33: [28,51,83,87,91,112,124,125] [9,16,29,48,67,68,90,122] [5,23,36,67,76,100,125,126] [12,37,70,73,85,101,112,114] [7,11,28,38,50,58,59,104] [10,18,26,63,68,74,87,103] [3,46,54,66,104,109,111,118] [2,32,33,44,45,69,82,106] [18,20,36,43,67,86,123,127] [32,35,57,59,65,68,80,102] [13,18,30,50,69,88,103,109] [8,22,39,42,48,53,69,115] [2,14,26,34,73,115,119,127] [23,41,82,83,91,98,106,112] [3,16,36,47,53,60,90,102] [6,16,17,31,32,40,82,91] [1,14,30,60,78,80,108,115] [4,15,46,77,82,100,103,112] [22,46,56,63,65,104,111,119] [32,33,44,45,82,94,100,106] [15,18,35,44,67,86,101,123] [7,17,35,65,68,80,102,111] [18,23,30,36,50,69,94,103] [8,20,22,42,48,53,96,99] [2,4,14,26,34,73,79,114] [41,57,82,91,98,104,106,112] [3,16,53,55,69,73,102,109] [6,16,32,40,58,61,72,126] [30,60,80,84,94,108,110,122] [4,46,77,80,82,94,103,122] [34,46,56,63,104,116,119,122] [2,3,44,56,82,94,100,106] [18,36,44,67,86,90,114,127] [32,35,65,68,80,84,102,111] [23,30,36,41,50,69,103,113] [22,38,42,48,53,69,85,115] [2,14,26,34,42,57,73,115] [10,18,41,57,76,82,91,106] [3,36,47,53,55,60,90,102] [16,31,40,56,60,61,120,126] [60,80,84,94,108,110,115,122] [15,36,46,52,64,80,103,122] [8,23,24,49,68,80,90,125] [12,19,49,80,100,104,121,125] [6,11,14,23,45,88,98,99] [17,22,26,45,46,76,112,114] [5,29,30,39,52,81,104,105] [15,21,35,74,95,111,121,127]
Token  34: [72,76,95,100,102,110,119,122] [12,62,64,70,100,106,111,122] [30,75,77,78,87,94,99,125] [25,61,73,82,101,105,112,116] [11,50,52,59,63,92,118,126] [8,17,25,33,37,59,64,103] [34,35,47,53,56,63,71,107] [18,24,45,59,62,82,106,109] [53,65,67,86,90,102,116,127] [0,2,19,49,55,80,111,125] [3,16,26,30,47,57,68,103] [3,5,21,28,48,52,60,125] [2,21,49,56,65,96,105,126] [0,33,58,78,81,91,103,122] [1,3,53,67,81,100,109,110] [16,31,40,52,59,70,93,120] [24,65,80,81,84,89,105,115] [18,21,33,42,55,78,82,99] [24,26,34,44,47,63,70,116] [8,18,24,30,62,106,109,112] [5,38,41,46,53,65,72,101] [0,49,55,87,96,111,122,125] [16,19,56,57,68,78,98,103] [3,7,23,52,54,63,103,125] [2,9,21,56,65,79,96,108] [0,26,47,58,78,81,103,104] [1,4,32,38,55,81,100,110] [16,31,41,52,59,70,120,127] [39,48,65,81,89,103,105,115] [1,18,21,55,80,82,83,99] [13,24,26,44,53,63,107,122] [18,24,56,59,62,75,109,112] [15,38,53,57,65,72,101,114] [0,2,49,55,87,96,122,125] [7,16,26,56,57,68,78,98] [3,5,14,23,52,64,121,125] [2,21,56,59,65,73,85,96] [0,26,47,78,81,91,103,104] [1,4,17,32,55,81,92,125] [16,25,31,41,49,52,59,72] [28,34,35,42,65,70,89,115] [18,21,46,72,78,80,88,103] [4,24,50,58,66,70,77,109] [2,12,18,74,75,80,96,98] [5,6,11,16,23,42,62,99] [0,26,29,48,52,76,95,114] [5,9,54,76,81,84,104,106] [8,44,46,65,74,92,109,110]
Token  35: [32,46,48,49,58,72,78,118] [2,12,33,34,62,93,107,122] [14,48,51,65,77,90,100,115] [13,37,60,73,75,84,116,125] [11,23,38,50,51,59,63,100] [18,31,35,55,74,105,107,119] [13,46,56,63,64,66,86,104] [2,33,44,69,73,82,100,106] [36,43,44,64,67,86,90,127] [0,32,57,59,65,68,80,102] [13,18,30,50,88,103,108,113] [20,22,48,69,79,86,109,115] [2,26,34,42,73,114,115,125] [2,10,29,66,73,82,91,113] [3,8,11,53,55,102,105,110] [6,16,38,40,61,72,91,99] [1,11,48,78,80,84,115,119] [2,20,35,66,99,103,107,113] [13,36,46,56,63,86,104,112] [2,3,44,45,60,73,82,106] [5,36,64,67,86,90,114,127] [0,22,32,65,68,80,102,106] [6,30,41,50,69,88,103,113] [20,48,50,54,59,69,89,109] [2,34,39,42,73,79,114,125] [2,33,66,82,83,91,98,113] [3,4,8,53,55,73,105,110] [16,23,32,40,50,61,72,82] [11,14,48,78,80,119,122,126] [2,35,66,83,90,99,103,124] [3,20,34,46,63,66,104,119] [2,3,44,56,73,82,94,106] [18,38,44,67,90,101,114,127] [0,49,65,68,80,84,102,113] [25,30,36,50,69,88,103,113] [20,48,50,59,69,89,109,115] [2,26,39,42,71,73,114,125] [2,33,66,82,83,91,106,113] [3,8,11,53,55,66,90,105] [3,4,6,16,31,40,61,72] [43,51,78,80,115,119,122,126] [2,35,66,80,83,90,103,112] [5,18,25,27,80,93,98,102] [6,29,36,46,87,91,100,104] [6,14,20,27,48,81,98,104] [12,22,32,45,70,80,114,123] [19,52,55,61,63,104,115,117] [36,47,66,71,86,88,120,123]
Token  36: [0,23,28,41,62,87,124,125] [29,38,45,67,68,73,77,122] [4,36,59,73,76,125,126,127] [9,12,14,24,40,62,70,114] [11,27,50,57,60,73,77,104] [10,48,74,83,87,115,117,119] [3,46,63,64,66,86,104,124] [32,44,69,73,82,100,106,110] [0,6,20,67,86,111,118,123] [25,35,49,57,68,80,96,113] [13,18,30,41,50,88,89,95] [16,39,48,55,64,78,97,115] [34,38,42,67,80,95,103,114] [10,41,50,82,85,106,109,123] [3,31,36,47,53,60,75,99] [16,17,31,40,56,72,77,91] [1,14,30,60,78,80,110,126] [4,36,46,64,66,68,103,107] [3,23,63,65,86,104,116,124] [3,32,45,73,82,100,106,110] [6,44,67,86,90,95,101,123] [35,49,62,80,96,99,102,111] [18,25,30,41,50,95,109,124] [16,18,42,64,69,96,97,115] [0,2,25,34,42,67,73,114] [18,57,62,82,91,104,106,120] [3,47,53,55,60,71,73,102] [16,17,40,56,72,77,91,120] [1,14,30,60,78,80,94,114] [4,6,36,46,81,83,92,103] [46,56,63,66,104,110,116,118] [3,32,33,45,73,82,100,106] [20,67,86,90,95,116,118,127] [35,40,49,57,65,68,80,111] [30,41,50,69,88,95,98,124] [18,42,48,64,69,73,89,115] [0,2,42,67,73,103,114,115] [10,41,45,57,62,76,82,91] [3,8,47,55,60,71,73,102] [20,31,40,51,56,61,72,126] [44,60,80,94,108,110,115,126] [15,36,46,54,64,80,92,103] [8,24,49,52,80,86,90,125] [12,19,49,74,80,104,121,125] [6,23,45,72,88,98,99,104] [5,17,22,26,63,76,112,114] [29,30,39,52,81,96,98,105] [15,21,74,95,111,114,121,127]
Token  37: [16,47,53,66,101,104,107,120] [34,62,67,77,86,107,111,122] [14,36,74,84,87,116,125,126] [12,13,25,71,76,89,111,114] [0,11,23,25,58,74,77,104] [11,18,56,68,80,107,119,125] [8,46,56,63,64,86,110,116] [45,50,60,73,82,87,100,106] [64,67,86,95,99,116,123,127] [0,45,49,65,80,84,94,102] [5,14,30,50,53,83,108,113] [0,48,64,67,69,86,89,115] [18,34,42,53,56,73,95,115] [16,21,44,68,75,82,91,98] [3,8,53,55,57,79,80,109] [16,31,40,50,56,60,91,120] [1,7,40,48,60,80,91,115] [1,15,52,53,99,103,107,122] [13,34,46,56,63,86,104,116] [3,33,59,75,82,87,100,106] [36,64,65,67,90,114,116,127] [0,22,65,80,84,94,111,123] [14,19,30,50,51,69,98,113] [48,54,60,63,64,69,89,115] [2,34,42,53,56,65,73,115] [26,44,75,82,91,98,104,106] [3,4,8,38,53,55,57,80] [10,16,40,56,59,61,91,120] [1,7,30,40,60,78,80,89] [1,15,52,53,78,83,103,117] [34,54,56,63,89,104,110,116] [3,32,45,73,82,87,100,106] [17,35,64,67,86,95,123,127] [22,49,68,80,94,99,111,114] [14,30,50,51,69,98,108,113] [59,64,67,69,85,86,89,115] [2,9,42,53,73,95,115,126] [10,21,44,75,76,82,91,106] [3,8,29,53,55,57,79,80] [6,31,40,56,60,61,91,120] [7,15,40,60,78,80,115,127] [6,15,52,53,80,103,106,117] [22,24,37,59,73,80,123,125] [8,36,43,49,81,100,104,112] [6,27,37,45,54,80,81,98] [12,22,37,46,63,80,112,114] [22,39,52,55,80,82,105,124] [27,32,34,35,52,71,90,95]
Token  38: [0,3,28,29,30,62,67,126] [11,62,67,78,86,99,114,122] [36,62,69,72,87,119,121,126] [1,5,11,25,26,76,78,101] [0,11,22,39,74,77,104,116] [16,18,45,54,56,60,78,80] [34,46,55,56,63,64,86,115] [3,58,69,73,82,87,103,106] [3,24,27,64,67,86,125,127] [45,65,80,94,96,102,104,117] [14,30,45,50,83,108,113,120] [58,67,68,69,86,89,106,115] [42,53,73,95,102,115,118,121] [10,16,21,24,44,49,75,98] [8,9,19,28,29,53,62,96] [6,31,40,56,61,91,98,120] [40,48,60,78,80,111,114,115] [6,53,68,84,103,107,121,122] [3,34,47,56,63,86,104,115] [3,24,32,73,82,87,103,106] [3,36,64,67,86,90,116,127] [0,45,62,68,80,94,106,114] [14,30,45,50,60,69,98,113] [20,48,59,68,69,86,89,115] [34,42,53,73,95,102,115,118] [24,29,44,49,82,91,104,106] [3,8,36,44,53,55,62,96] [16,40,56,59,61,82,91,120] [14,26,30,78,80,111,114,115] [6,53,68,77,84,103,107,121] [3,34,46,56,63,86,104,115] [3,32,33,45,73,82,103,106] [3,24,35,64,67,101,125,127] [0,45,49,62,68,80,94,114] [14,30,45,50,69,98,113,120] [15,48,59,68,69,86,89,115] [9,34,50,53,54,73,95,115] [10,24,44,49,75,91,95,106] [3,22,29,55,62,103,109,111] [2,31,40,56,61,91,106,120] [1,29,48,77,80,111,115,123] [0,53,63,65,80,84,103,121] [8,20,23,24,28,30,75,80] [2,16,47,72,96,100,104,121] [6,13,32,72,80,94,104,110] [5,22,47,63,83,87,114,119] [5,10,45,52,74,76,96,104] [11,31,44,54,71,74,90,127]
Token  39: [43,61,69,80,81,93,97,101] [41,47,57,83,85,86,115,116] [36,69,72,87,92,116,117,126] [1,5,11,19,26,71,85,114] [0,7,11,39,51,74,91,104] [18,54,56,74,80,93,111,119] [3,13,46,63,64,86,104,115] [27,58,69,72,73,82,103,106] [3,27,28,64,67,99,125,127] [45,48,57,62,77,80,104,114] [7,14,25,30,45,50,83,86] [15,47,58,67,86,110,115,126] [34,50,53,68,69,95,102,121] [21,24,44,68,106,115,121,126] [3,28,29,36,44,53,69,96] [3,40,56,75,82,88,91,120] [1,14,43,78,80,114,121,126] [14,27,45,53,68,97,107,121] [3,63,66,86,104,115,119,124] [27,32,45,58,73,82,100,106] [3,14,47,64,67,86,90,101] [57,62,71,77,80,97,106,114] [7,14,25,30,45,50,80,83] [33,58,64,67,85,86,96,115] [2,9,17,34,95,102,115,118] [10,29,44,45,82,85,106,121] [3,29,36,44,53,55,69,96] [3,17,40,61,82,88,89,120] [1,14,78,80,101,114,121,126] [9,45,77,82,83,97,121,126] [3,23,46,63,66,86,104,115] [1,32,45,73,79,82,100,106] [3,28,35,67,86,101,123,125] [49,57,62,68,80,97,99,114] [7,14,30,45,50,69,83,94] [13,15,47,58,67,85,86,90] [9,34,68,69,73,95,115,118] [24,29,44,85,91,99,121,126] [3,19,28,29,55,84,96,101] [3,31,34,40,61,91,100,120] [1,4,20,80,105,115,121,126] [5,14,30,45,80,83,97,126] [21,23,65,80,93,101,119,123] [4,6,36,46,58,81,87,104] [3,6,20,27,54,71,104,121] [12,22,45,70,71,80,103,114] [5,52,55,63,67,68,98,115] [34,47,66,71,74,88,117,123]
Token  40: [23,28,30,57,77,87,91,125] [22,29,45,60,67,85,90,122] [4,25,36,64,76,115,125,126] [5,9,16,24,70,91,92,104] [8,11,27,32,60,61,86,104] [10,18,26,48,54,71,87,123] [3,46,54,63,66,86,104,111] [3,27,32,69,73,82,106,113] [3,20,35,67,86,101,123,127] [35,40,41,57,62,68,70,80] [30,45,50,70,80,95,109,111] [16,33,42,64,73,78,97,126] [9,34,38,46,76,95,102,103] [36,85,89,106,109,115,120,123] [3,29,36,44,53,68,69,109] [17,20,40,82,89,91,106,120] [1,14,77,78,80,110,114,126] [0,9,36,64,65,68,93,121] [3,46,63,66,86,104,115,119] [27,32,33,44,73,82,100,106] [3,14,20,35,67,86,101,123] [17,35,40,57,62,68,80,99] [25,30,45,50,70,109,111,124] [18,33,42,64,73,78,94,97] [0,17,34,38,95,102,103,112] [36,57,62,89,91,109,120,123] [3,18,36,53,55,60,69,71] [37,40,61,82,89,106,120,126] [1,14,44,78,80,110,114,126] [0,11,36,64,65,81,82,83] [3,34,46,63,66,104,115,118] [3,32,45,79,82,100,103,106] [3,13,20,22,35,67,72,101] [35,40,41,49,57,62,68,80] [2,30,45,50,69,70,111,124] [20,25,42,64,73,78,94,97] [0,9,38,73,95,103,112,115] [36,41,57,62,89,91,109,123] [18,36,46,55,60,71,109,111] [20,31,40,54,61,106,107,120] [29,44,53,77,80,110,115,126] [0,11,63,64,65,80,103,121] [23,24,25,49,59,80,90,126] [8,47,49,78,100,104,121,125] [6,8,11,37,80,104,110,121] [5,22,47,63,76,83,87,114] [1,5,10,52,82,104,123,124] [15,31,44,74,82,90,92,127]
Token  41: [0,24,31,63,83,107,111,120] [2,8,25,34,41,111,124,126] [12,53,62,67,84,85,88,126] [5,6,12,30,61,89,104,122] [11,43,76,79,85,104,106,124] [18,30,42,54,61,76,119,125] [13,46,47,56,63,64,86,105] [49,58,69,73,82,95,103,106] [3,10,66,67,84,121,125,127] [9,57,62,80,98,104,110,117] [30,45,50,61,73,83,90,105] [26,49,61,64,71,89,115,126] [9,34,79,95,99,102,107,115] [6,28,36,80,85,91,95,115] [10,11,22,48,53,55,79,110] [23,47,56,61,82,85,106,120] [8,48,73,80,84,114,115,124] [1,4,15,19,53,93,99,122] [13,34,36,46,56,63,86,115] [3,45,49,58,73,82,103,106] [66,67,84,86,90,116,121,127] [0,9,49,62,68,80,98,110] [30,45,50,60,61,73,90,105] [20,24,26,49,61,69,89,115] [15,42,73,79,95,99,107,115] [6,15,28,36,80,82,91,118] [3,10,36,48,53,55,79,109] [16,23,40,56,61,82,85,120] [8,14,73,78,80,114,124,126] [15,19,53,69,80,83,90,103] [3,34,46,63,66,86,105,115] [32,45,49,69,79,82,103,106] [3,64,66,67,86,101,121,127] [9,49,57,62,68,80,98,110] [30,45,50,61,69,73,90,105] [23,24,26,49,61,64,78,126] [15,23,73,79,95,99,107,115] [6,28,29,80,83,85,91,118] [3,10,36,48,55,66,79,96] [3,23,31,40,61,85,89,120] [8,60,80,101,105,115,124,126] [15,19,48,53,69,80,83,90] [5,21,23,24,64,68,71,80] [12,19,36,49,58,78,88,104] [0,6,14,27,88,99,104,121] [12,17,22,45,63,103,112,114] [52,55,63,81,98,115,117,124] [32,34,66,71,73,95,111,117]
Token  42: [23,28,46,87,91,105,112,124] [8,25,29,67,68,88,90,122] [4,23,25,36,64,76,106,115] [9,12,24,29,70,92,104,109] [5,7,11,27,38,57,97,104] [10,18,39,48,74,76,87,96] [3,23,63,64,66,88,104,118] [3,27,32,44,45,69,82,106] [3,6,14,20,35,67,101,122] [35,57,62,68,77,79,80,97] [30,45,50,62,70,95,109,124] [16,33,42,64,78,92,122,126] [9,17,34,67,76,95,102,103] [36,57,85,89,91,106,109,123] [10,18,44,47,55,60,69,109] [17,40,61,77,82,83,91,120] [1,14,30,78,80,110,114,126] [0,36,64,65,68,107,118,121] [3,23,46,63,65,66,103,104] [4,5,27,32,58,82,100,106] [3,6,14,20,35,47,67,123] [35,40,57,62,66,79,80,97] [23,25,30,45,70,109,111,124] [1,9,18,42,64,73,78,92] [0,17,25,34,38,67,95,102] [18,36,57,62,85,89,91,109] [18,36,47,53,55,69,71,73] [17,37,40,77,82,89,120,126] [14,44,78,80,101,110,114,126] [0,11,36,64,65,82,121,122] [3,46,63,66,88,104,115,118] [1,3,27,45,79,82,103,106] [3,14,20,35,47,67,101,125] [35,40,49,57,62,79,80,97] [23,30,45,50,69,70,111,124] [1,9,25,54,64,73,81,92] [0,9,17,38,67,73,103,112] [36,41,57,62,85,91,109,123] [4,18,36,47,55,60,71,102] [20,31,51,61,100,107,120,126] [23,29,44,77,80,109,110,115] [0,11,63,64,65,80,115,121] [24,25,49,59,71,80,90,126] [8,47,74,99,100,104,121,125] [6,8,37,80,94,104,110,121] [5,22,26,47,63,83,87,114] [1,5,10,52,76,82,96,124] [15,21,31,44,74,82,92,127]
Token  43: [0,40,43,65,72,73,98,100] [18,38,61,70,94,100,122,127] [3,38,40,82,84,88,99,123] [6,31,53,61,71,84,89,116] [11,52,58,76,85,104,106,115] [8,37,54,59,61,64,66,125] [8,34,47,56,63,71,83,105] [3,18,45,49,82,103,109,112] [43,65,67,84,86,116,121,127] [0,9,77,80,102,104,110,117] [30,45,50,53,61,78,105,113] [23,24,48,49,54,61,69,125] [9,15,56,65,73,96,99,115] [6,15,23,26,28,58,78,91] [3,4,11,17,20,48,53,90] [10,16,31,40,56,61,85,101] [8,48,73,80,81,84,115,124] [19,33,42,69,80,83,99,105] [8,34,46,56,63,86,104,105] [3,9,45,49,59,75,82,112] [65,67,84,90,114,116,121,127] [0,9,13,80,110,117,122,125] [19,30,45,50,56,61,78,105] [3,23,24,49,54,61,69,125] [9,15,34,56,73,79,96,99] [6,15,23,26,28,33,58,82] [3,4,17,20,48,55,90,104] [10,16,40,61,70,85,101,127] [8,39,48,73,80,81,89,124] [1,19,21,42,48,69,80,105] [12,34,46,56,63,83,105,107] [3,33,49,59,75,82,106,112] [35,65,67,72,84,114,121,127] [0,9,57,80,110,122,123,125] [50,56,61,68,69,78,98,105] [3,23,24,49,54,61,85,125] [9,15,21,65,73,96,99,102] [6,15,23,26,28,58,78,91] [17,20,48,55,86,90,100,104] [10,52,61,70,85,101,103,127] [39,48,73,80,81,115,124,126] [19,21,42,48,69,80,105,113] [24,31,36,52,64,80,113,114] [31,37,46,71,77,88,100,104] [6,8,16,53,73,90,98,104] [2,22,27,32,82,87,101,114] [5,11,34,38,52,60,98,118] [20,57,73,74,77,86,105,109]
Token  44: [7,21,34,50,51,63,75,106] [6,9,22,23,85,95,111,122] [8,36,46,54,65,90,100,122] [2,4,12,23,64,71,94,127] [11,25,50,56,87,100,114,120] [2,18,47,54,68,105,110,119] [3,13,46,47,63,66,86,115] [27,33,45,69,73,82,103,106] [3,14,36,67,86,109,125,127] [0,24,45,57,62,65,77,80] [29,30,45,50,83,108,113,123] [9,14,48,50,62,67,69,115] [9,24,71,95,109,114,115,118] [21,23,66,85,91,98,113,126] [11,36,53,55,79,84,96,109] [19,31,56,59,61,72,82,127] [48,51,55,60,80,98,119,126] [2,3,4,13,80,99,122,126] [3,9,46,63,66,86,104,115] [3,27,45,58,73,82,103,106] [3,36,67,93,109,114,120,127] [0,45,57,62,65,68,80,83] [30,45,50,60,69,86,113,123] [0,20,33,48,50,89,115,126] [9,24,34,71,73,95,115,118] [21,23,66,82,85,91,98,113] [8,36,44,53,55,84,90,96] [37,56,59,61,72,82,86,120] [14,51,55,78,80,114,119,126] [2,3,4,22,35,46,113,126] [3,34,46,63,66,86,104,115] [3,27,45,56,58,82,103,106] [3,14,36,47,67,93,109,127] [24,48,57,62,65,77,80,97] [25,30,45,50,69,86,88,123] [20,50,62,64,69,85,89,126] [9,24,54,73,95,102,114,118] [23,66,82,85,91,98,102,113] [36,44,55,68,84,90,96,118] [4,31,37,56,61,72,87,120] [51,55,80,101,114,115,119,126] [2,9,35,46,66,80,121,126] [18,30,38,77,80,93,98,102] [6,12,36,58,65,81,87,104] [3,6,14,20,27,48,99,104] [12,20,22,32,45,70,114,123] [52,55,60,68,81,98,115,117] [36,47,66,71,88,94,120,123]
Token  45: [23,28,36,87,91,105,112,124] [16,29,59,68,81,85,89,122] [4,23,25,36,41,52,64,76] [9,12,35,70,92,101,104,109] [5,11,27,28,38,50,97,119] [5,10,18,74,87,93,110,119] [3,23,63,66,104,108,109,118] [1,27,32,33,45,69,82,106] [3,6,18,20,35,47,67,101] [35,40,57,62,68,77,80,97] [25,30,45,50,88,95,109,111] [22,42,46,64,96,106,122,126] [17,26,34,50,101,102,114,115] [18,41,57,63,85,89,91,109] [13,36,44,47,53,55,60,71] [17,37,40,61,77,82,91,120] [1,14,60,78,80,110,114,126] [36,37,46,64,68,83,93,121] [3,23,54,63,65,66,104,119] [1,4,5,32,45,58,82,106] [3,14,18,20,47,67,101,123] [35,40,57,66,77,80,97,99] [23,25,30,45,50,88,109,111] [20,22,42,46,64,73,97,126] [0,7,17,25,95,102,114,115] [18,36,41,57,62,85,91,115] [36,44,47,53,55,60,69,71] [17,37,40,56,61,82,120,126] [14,60,78,80,108,110,114,126] [15,36,46,52,64,94,121,122] [3,23,46,63,66,104,115,118] [1,3,27,45,69,82,103,106] [3,14,18,20,47,67,101,127] [35,40,47,57,62,77,80,97] [23,25,30,45,50,69,109,111] [9,22,25,42,64,73,85,126] [0,9,25,26,73,95,103,115] [16,18,41,57,82,85,91,115] [36,47,52,55,60,71,80,102] [20,31,37,56,60,61,71,120] [23,60,80,108,109,110,115,126] [15,36,46,52,64,80,103,121] [7,24,49,71,73,80,90,125] [12,19,43,49,74,99,121,125] [6,11,13,14,23,45,88,99] [5,17,22,26,46,76,112,114] [29,30,39,52,81,96,104,105] [15,35,52,71,95,111,121,127]
Token  46: [16,29,70,81,97,101,104,120] [2,20,63,76,86,107,122,124] [7,10,14,36,100,107,116,119] [12,13,19,25,41,85,89,94] [0,11,23,25,38,59,74,91] [5,47,54,74,80,93,107,119] [3,14,19,46,63,66,86,115] [27,50,69,73,82,87,103,106] [3,14,34,35,64,67,99,101] [30,45,51,57,66,77,80,94] [14,17,30,45,50,83,108,113] [9,15,64,67,69,86,87,115] [7,18,26,53,95,102,115,118] [16,21,44,75,85,91,98,126] [28,29,36,53,55,79,80,96] [37,47,56,60,61,82,88,112] [7,40,48,60,80,98,121,126] [14,20,83,97,99,107,121,122] [3,9,13,14,34,46,63,104] [3,45,50,73,82,87,94,106] [3,14,64,67,90,99,120,127] [30,45,49,57,62,77,80,94] [14,30,45,50,60,69,86,113] [15,20,33,69,78,86,89,126] [7,34,52,53,73,95,115,118] [16,21,44,75,85,91,98,126] [28,36,44,53,55,80,96,110] [40,56,60,61,82,86,88,120] [7,14,40,78,80,114,121,126] [5,14,20,68,83,107,113,121] [3,14,46,63,66,104,115,119] [3,27,45,69,82,87,103,106] [3,14,47,56,64,67,120,125] [57,62,68,77,80,83,94,97] [14,25,30,45,50,69,83,86] [15,33,69,78,85,86,89,126] [42,53,73,76,85,95,102,115] [24,44,68,75,85,91,121,126] [28,29,36,44,53,55,62,96] [9,31,56,61,71,82,86,120] [7,20,40,80,115,121,123,126] [5,14,20,80,83,97,103,121] [5,12,22,65,80,93,101,125] [2,4,12,36,81,87,100,104] [3,6,14,20,27,54,71,81] [19,22,45,70,80,103,114,123] [19,44,52,67,75,98,115,117] [27,32,34,47,66,71,74,117]
Token  47: [0,27,50,61,106,110,111,118] [44,46,62,76,86,99,116,126] [7,10,14,36,45,52,72,122] [7,9,41,67,71,94,97,119] [0,11,38,43,45,74,77,95] [5,7,18,51,54,80,105,119] [3,13,46,63,66,86,109,111] [27,32,33,45,69,73,82,106] [2,3,34,64,67,93,99,111] [45,49,57,77,80,89,94,97] [14,25,30,45,50,80,83,101] [15,47,50,67,78,86,104,126] [53,68,70,71,76,95,102,118] [12,44,65,66,85,113,119,126] [36,44,53,55,69,96,105,115] [3,40,47,56,61,82,91,120] [1,14,43,51,78,80,96,126] [2,20,35,66,68,83,107,121] [3,23,54,63,66,86,104,119] [1,4,27,32,45,82,106,110] [2,3,14,47,64,67,99,122] [48,49,57,77,80,94,97,99] [7,14,25,30,50,83,86,111] [33,47,64,67,69,78,86,111] [17,34,46,68,92,95,102,115] [12,44,45,66,85,106,113,119] [23,36,44,53,69,76,96,105] [7,17,56,75,82,89,91,121] [1,14,51,78,80,102,114,126] [2,20,35,66,83,107,112,121] [3,14,23,63,100,104,109,115] [1,5,27,45,58,69,82,106] [2,3,19,47,67,88,106,122] [37,49,57,62,77,83,97,99] [7,25,30,50,69,80,83,86] [33,47,64,67,78,85,109,126] [9,42,47,68,73,92,95,102] [12,29,44,66,99,113,119,126] [29,36,44,55,58,69,96,105] [3,4,31,47,56,71,98,120] [40,43,51,80,114,115,121,126] [2,20,35,66,83,117,121,126] [12,18,71,80,93,98,102,123] [6,36,40,65,81,87,100,104] [3,6,14,20,27,48,81,104] [20,22,45,63,70,80,114,123] [19,44,52,68,75,98,115,117] [36,47,66,86,88,120,123,124]
Token  48: [22,28,41,47,73,83,87,95] [7,29,48,63,67,85,122,126] [8,36,41,50,54,59,65,76] [12,33,37,40,41,58,104,117] [11,22,27,28,65,73,87,97] [11,18,27,30,74,79,90,117] [3,19,46,86,96,104,109,115] [21,27,45,58,69,73,82,106] [2,3,19,47,67,86,106,122] [33,37,42,57,62,77,80,83] [25,30,41,49,50,86,95,111] [16,48,50,78,85,86,97,126] [42,46,74,76,95,102,103,126] [4,12,43,65,85,115,120,127] [36,39,44,47,53,55,68,69] [1,17,30,56,71,77,82,120] [1,13,14,78,80,114,117,126] [5,11,36,64,66,92,115,121] [3,7,23,46,63,104,109,115] [21,27,45,58,69,73,82,106] [3,8,19,22,47,67,79,122] [33,37,40,57,62,68,83,113] [7,25,30,41,50,86,110,124] [18,33,48,78,85,97,114,126] [17,34,46,90,95,102,103,112] [4,12,45,62,71,115,120,127] [7,36,44,47,53,55,69,76] [7,17,30,54,71,77,82,89] [1,13,14,78,79,80,114,126] [11,36,62,66,92,113,115,121] [3,20,46,96,104,109,115,119] [1,27,45,58,69,82,91,106] [2,3,19,20,22,47,67,79] [35,40,57,62,68,83,85,116] [7,25,41,50,69,86,110,124] [18,20,59,78,85,97,114,126] [17,25,29,73,95,102,103,112] [12,45,85,89,91,115,120,127] [21,29,36,47,55,60,69,87] [31,54,56,71,75,77,104,126] [1,6,13,40,94,100,115,126] [11,49,54,66,80,92,115,122] [8,18,23,71,80,86,90,123] [52,74,80,87,100,104,121,125] [1,3,6,14,23,39,72,104] [4,26,42,45,63,76,114,123] [5,19,51,52,63,68,96,104] [15,21,26,71,74,114,121,127]
Token  49: [3,12,23,28,62,70,112,116] [4,29,38,52,63,98,104,122] [7,25,36,42,49,65,76,106] [5,12,40,41,43,62,100,104] [1,7,11,27,73,77,89,116] [18,23,30,48,77,78,90,126] [19,23,46,63,66,104,109,115] [27,32,33,45,58,69,82,106] [3,19,29,47,67,79,106,122] [38,57,62,77,80,83,87,99] [7,25,30,50,62,87,95,109] [16,39,73,78,86,97,114,126] [20,38,76,95,102,103,115,126] [4,12,41,68,85,109,115,123] [13,18,29,36,44,47,55,69] [1,17,20,30,50,71,82,111] [1,14,29,77,78,80,114,126] [0,24,27,36,64,65,115,121] [3,46,63,66,104,109,115,119] [4,21,27,45,58,69,82,106] [3,19,27,47,67,79,117,122] [37,38,40,57,62,68,83,113] [7,25,30,33,50,87,110,124] [16,55,68,73,78,97,114,126] [0,38,46,90,95,102,103,112] [45,57,62,91,109,115,120,123] [18,29,36,47,55,64,69,82] [17,20,30,33,71,75,77,82] [14,29,44,70,77,110,114,126] [0,24,27,36,64,65,84,115] [3,46,104,109,115,116,118,119] [1,27,34,45,48,58,69,82] [3,19,20,27,47,67,79,106] [35,38,40,57,83,106,109,116] [37,50,69,87,95,109,110,124] [42,55,68,73,78,85,97,114] [0,1,25,38,73,95,102,103] [4,12,41,57,62,91,109,123] [18,29,36,46,47,55,60,111] [20,30,31,46,54,71,90,107] [23,29,44,77,109,110,114,115] [0,54,63,64,65,80,115,121] [8,12,24,49,59,80,90,126] [8,47,49,74,75,100,121,125] [3,6,23,33,37,47,80,110] [5,45,47,76,83,86,87,114] [1,5,10,52,68,82,96,124] [15,21,31,44,74,92,114,127]
Token  50: [18,31,63,81,83,101,107,120] [8,34,41,42,57,98,111,124] [10,36,53,62,67,84,88,126] [6,12,41,67,68,89,109,114] [11,73,76,79,85,106,114,120] [7,18,30,42,61,90,119,125] [43,47,56,63,66,83,105,115] [27,45,49,58,69,73,82,103] [2,3,19,66,67,84,106,121] [9,57,62,83,89,98,104,110] [49,50,61,73,83,86,90,105] [15,26,48,49,61,78,115,126] [15,79,95,99,102,107,115,122] [6,12,28,64,80,85,91,115] [10,11,36,48,53,55,79,110] [23,31,38,50,56,61,82,85] [1,8,48,91,114,115,124,126] [4,19,20,37,99,115,121,122] [7,34,46,56,63,86,105,115] [3,27,34,45,49,58,82,106] [3,66,67,84,90,106,121,127] [0,9,57,80,98,110,118,125] [30,50,61,62,73,86,90,105] [24,26,48,49,61,78,89,126] [15,73,79,95,99,102,107,115] [6,15,28,71,80,82,85,91] [6,36,48,53,55,79,109,110] [16,23,56,59,61,82,85,120] [1,8,14,48,78,80,124,126] [4,15,19,22,69,80,104,121] [46,56,71,104,105,109,115,119] [1,3,27,45,49,69,82,106] [3,47,66,67,84,90,106,121] [9,37,57,62,77,98,99,110] [25,30,50,61,69,73,90,105] [23,24,26,36,49,61,78,126] [15,23,73,79,95,99,107,115] [6,28,80,83,85,91,115,118] [10,23,29,36,48,55,79,96] [23,31,56,59,61,78,85,86] [8,14,60,80,102,115,124,126] [15,19,20,48,69,80,83,121] [5,21,24,36,64,68,74,80] [12,19,43,49,77,87,88,100] [0,14,27,45,73,81,88,99] [17,22,45,46,80,112,114,123] [19,30,39,52,81,98,105,117] [32,35,71,73,86,95,111,117]
Token  51: [27,48,49,50,78,106,110,118] [2,8,25,34,56,99,122,126] [7,10,36,45,52,53,67,122] [5,12,29,41,51,67,94,114] [11,23,59,77,79,83,95,114] [7,18,42,47,51,96,105,119] [43,46,63,66,86,109,111,115] [27,33,45,58,66,69,73,82] [2,3,34,47,66,67,99,111] [57,62,79,80,89,97,98,116] [25,49,50,73,83,86,90,107] [26,47,62,69,78,92,106,126] [18,68,79,95,102,107,115,122] [6,12,66,80,83,85,118,119] [10,13,36,53,55,76,96,105] [19,23,47,50,56,61,82,88] [1,8,14,43,51,78,98,126] [2,20,35,66,75,90,107,121] [3,9,13,46,63,66,104,109] [1,27,45,58,73,82,95,106] [2,3,47,64,66,67,99,111] [20,48,49,57,77,79,98,113] [7,25,30,50,73,83,86,90] [20,26,47,69,75,78,92,126] [68,79,95,100,102,107,115,122] [6,12,66,80,83,85,118,119] [10,13,36,53,55,76,96,105] [3,17,23,56,71,75,82,88] [14,43,51,78,80,96,114,126] [2,20,35,66,83,90,107,121] [3,23,46,100,104,109,115,119] [1,5,27,45,53,69,82,106] [2,3,47,66,67,79,88,122] [37,57,62,77,79,98,99,116] [7,25,50,69,73,83,86,90] [26,47,64,69,78,85,109,126] [23,46,68,79,95,100,102,107] [12,29,66,80,83,113,115,118] [10,23,36,55,58,66,96,105] [1,3,17,23,56,71,82,104] [14,43,51,101,102,115,121,126] [2,20,35,66,83,90,121,126] [5,12,18,80,93,98,102,123] [6,36,40,65,81,87,100,104] [3,6,14,20,27,48,81,104] [20,22,45,63,70,80,114,123] [19,44,52,55,63,68,115,117] [36,47,66,71,88,120,123,124]
Token  52: [22,28,30,47,62,97,112,126] [8,11,29,48,85,99,116,122] [10,24,36,70,76,90,112,126] [29,37,41,61,77,92,100,101] [7,11,22,28,38,45,87,119] [18,30,54,74,96,99,105,119] [3,46,55,63,66,104,109,115] [23,27,58,69,73,82,103,106] [2,3,4,21,34,47,67,113] [33,44,57,62,79,83,89,116] [41,45,50,86,101,107,109,111] [50,68,69,75,78,79,92,126] [25,68,76,79,95,107,115,118] [12,65,83,85,91,102,113,119] [2,10,36,47,53,55,62,96] [19,50,56,71,77,82,87,98] [1,6,14,40,51,80,111,126] [2,12,20,37,54,115,121,126] [3,55,63,66,99,104,109,119] [1,27,30,58,73,82,103,106] [2,3,4,14,24,47,64,67] [33,44,57,62,68,77,79,83] [25,29,30,41,50,86,101,110] [20,50,64,69,75,78,86,92] [74,76,77,95,102,107,115,118] [12,29,44,83,85,91,102,113] [10,13,36,55,64,95,96,110] [9,17,50,56,59,71,82,98] [6,14,51,78,80,111,114,126] [2,20,54,83,99,113,121,126] [3,46,55,100,104,109,115,119] [1,5,27,45,73,82,106,124] [2,3,4,14,22,47,67,88] [33,57,62,77,79,83,99,116] [25,33,41,45,50,69,86,107] [20,50,59,68,69,78,92,126] [67,73,77,95,102,103,115,118] [12,45,66,83,85,91,102,113] [10,22,23,36,47,55,64,96] [25,31,37,46,51,77,98,104] [6,13,23,51,101,111,115,126] [2,35,54,66,80,83,121,126] [8,12,18,28,80,86,98,102] [6,16,18,80,87,100,104,125] [3,6,14,20,22,23,27,104] [20,22,45,63,70,76,114,123] [8,19,45,51,52,115,117,127] [15,21,26,74,94,114,120,121]
Token  53: [18,31,38,61,68,69,107,110] [29,45,75,83,85,89,99,122] [8,36,45,59,86,90,123,126] [9,10,29,41,61,62,77,104] [0,11,22,77,86,87,91,111] [5,7,18,27,54,96,105,111] [9,47,63,66,86,109,115,119] [27,30,45,69,73,82,103,106] [2,3,14,28,34,39,47,67] [30,48,57,77,79,80,89,97] [14,45,49,50,83,86,101,107] [13,47,50,64,69,78,92,102] [25,68,76,95,102,107,115,118] [12,64,83,85,104,113,121,126] [10,13,36,44,55,84,94,96] [19,31,47,50,56,61,75,82] [1,43,48,51,78,80,96,126] [2,20,27,68,83,107,121,126] [3,9,63,66,71,104,109,119] [1,27,30,45,73,82,94,106] [2,3,14,47,67,111,120,124] [33,37,48,49,51,57,77,79] [25,30,45,50,74,86,101,107] [20,50,64,69,78,92,102,126] [46,68,95,100,102,107,115,118] [66,83,85,102,104,107,113,126] [13,36,44,53,55,76,84,96] [7,9,17,19,37,50,56,82] [14,43,51,78,80,101,114,126] [2,20,35,83,112,113,121,126] [3,23,46,66,100,104,109,119] [1,3,27,45,53,69,82,106] [3,14,47,67,101,106,111,122] [24,37,57,62,77,79,97,99] [7,25,30,45,50,69,83,107] [20,47,50,64,69,78,92,102] [68,70,95,100,102,115,118,120] [29,65,66,85,99,102,113,126] [10,23,36,55,58,68,84,96] [1,3,4,17,31,37,56,98] [14,18,43,51,101,115,121,126] [2,20,35,66,80,83,112,126] [5,18,41,71,80,93,98,102] [4,6,16,36,81,87,100,104] [6,14,20,27,48,71,81,104] [22,45,63,70,80,103,114,123] [19,52,55,63,75,98,115,117] [26,36,47,66,71,88,117,123]
Token  54: [12,23,28,51,62,77,112,116] [7,29,54,60,67,85,114,122] [23,25,36,73,76,92,106,115] [12,40,59,77,84,85,92,104] [11,20,27,68,77,86,97,104] [18,31,48,56,74,87,96,102] [3,20,63,66,71,104,109,111] [1,3,27,32,69,73,82,106] [3,14,20,46,47,67,106,122] [35,40,41,51,57,77,79,114] [25,30,50,70,89,95,107,109] [6,16,48,64,78,82,92,126] [17,18,38,76,95,102,103,115] [36,41,42,85,89,91,109,123] [6,13,18,23,36,47,55,123] [17,19,20,31,50,56,77,82] [6,14,30,77,78,109,110,126] [0,36,64,65,78,83,93,121] [3,23,46,66,104,109,116,119] [1,3,27,32,45,69,82,106] [3,6,14,20,47,67,101,122] [35,40,49,57,77,79,99,114] [25,30,50,70,95,109,111,124] [16,42,48,64,73,78,92,97] [0,17,38,67,95,101,102,103] [36,41,57,62,89,91,109,123] [13,18,36,47,55,60,71,74] [17,19,20,50,56,77,82,88] [6,14,44,78,109,110,115,126] [0,36,63,64,65,83,120,121] [3,46,63,66,100,109,118,119] [1,3,27,45,69,82,96,106] [3,14,20,47,67,106,111,122] [35,40,51,57,77,79,109,114] [25,45,50,69,70,95,109,124] [16,25,42,64,73,78,92,97] [0,17,25,38,67,95,101,103] [29,36,41,57,62,91,109,123] [18,36,47,55,60,71,87,111] [20,31,35,46,56,86,90,107] [6,29,44,77,109,110,115,126] [0,63,64,65,80,85,115,121] [24,25,36,49,59,80,90,126] [8,47,49,74,100,104,121,125] [6,8,27,37,39,73,80,110] [5,22,45,47,63,83,87,114] [1,5,10,52,71,82,96,124] [11,15,31,44,74,90,92,127]
Token  55: [0,40,43,65,72,73,98,100] [18,38,70,94,100,106,122,127] [3,38,40,78,82,84,88,99] [6,31,37,71,84,85,89,116] [11,52,76,81,85,106,115,124] [8,37,59,61,64,66,103,125] [8,47,53,56,63,71,83,105] [3,24,45,49,75,103,109,112] [2,3,65,67,84,116,121,127] [0,9,51,77,80,110,117,125] [16,30,45,50,53,61,78,105] [0,23,24,49,54,61,92,125] [15,23,56,65,79,96,99,115] [6,15,23,28,58,83,85,91] [17,20,36,48,53,75,90,104] [10,16,31,56,59,82,85,101] [8,39,48,73,98,115,124,126] [19,33,42,69,83,99,120,122] [8,34,56,63,71,83,105,107] [3,33,45,49,59,75,82,112] [38,65,67,84,90,114,116,121] [0,9,13,80,84,110,122,125] [30,53,56,61,68,78,98,105] [3,23,24,49,54,61,96,125] [15,56,65,73,79,96,99,115] [6,15,23,26,28,58,78,91] [4,17,20,48,55,86,90,104] [10,16,31,59,70,85,101,127] [8,39,48,73,80,81,115,124] [1,19,21,42,48,55,69,105] [8,34,56,63,83,105,107,126] [3,18,24,49,75,82,109,112] [65,67,72,84,90,114,121,127] [0,9,51,57,80,98,110,125] [30,50,56,61,78,90,98,105] [3,23,24,49,54,61,65,125] [15,21,23,65,73,79,96,99] [15,23,28,58,78,85,91,118] [17,20,36,55,86,90,100,104] [10,31,59,70,85,101,103,127] [34,39,48,73,81,115,124,126] [19,21,42,48,69,80,83,112] [24,31,36,52,64,80,113,114] [31,36,43,77,87,88,100,104] [0,6,8,14,27,53,73,90] [2,22,27,45,87,101,114,123] [5,11,34,52,60,98,117,118] [20,57,73,74,77,86,105,109]
Token  56: [14,21,50,51,57,103,106,110] [3,6,9,42,62,95,111,122] [36,41,84,90,100,111,122,126] [4,32,39,71,85,117,118,126] [11,23,28,50,56,63,64,120] [18,31,47,51,68,105,107,110] [3,46,47,56,63,66,104,112] [3,27,44,45,69,73,82,106] [3,36,47,67,86,109,114,127] [0,32,57,65,77,80,89,99] [1,25,29,30,50,83,113,123] [3,22,36,48,67,69,109,125] [34,65,73,79,95,102,114,115] [21,23,66,83,91,98,106,118] [3,16,36,44,53,55,90,105] [3,16,17,40,72,82,91,103] [1,14,55,78,80,115,119,126] [2,9,35,82,100,103,112,121] [23,46,63,65,66,104,111,116] [1,4,7,32,44,45,82,106] [5,44,47,67,86,90,114,123] [57,62,68,76,80,97,99,111] [7,18,25,30,50,69,78,94] [54,67,69,96,99,100,109,115] [2,4,14,34,46,65,79,115] [20,23,82,92,99,104,106,112] [3,16,36,44,53,66,75,115] [16,17,32,40,72,82,89,121] [1,14,78,80,105,114,119,126] [1,46,72,82,83,90,103,112] [20,46,56,63,83,86,104,109] [1,32,44,45,73,82,100,106] [9,38,47,67,90,109,118,123] [32,37,57,65,68,80,102,111] [7,25,30,45,50,94,98,103] [4,48,53,69,96,99,100,109] [2,14,24,73,92,114,115,127] [20,23,66,82,91,98,104,112] [3,8,16,36,53,55,90,105] [4,40,56,59,61,72,89,103] [12,34,43,55,80,115,119,126] [2,9,20,35,66,78,103,112] [18,27,36,60,80,93,102,115] [6,29,36,46,65,87,100,104] [6,14,20,27,48,81,98,104] [22,27,45,58,70,80,114,123] [22,52,55,60,68,98,115,117] [36,47,66,85,86,88,120,123]
Token  57: [28,51,83,87,91,112,124,125] [9,16,29,48,67,68,90,122] [4,23,36,67,76,100,125,126] [12,37,70,73,85,101,112,114] [7,11,28,38,50,59,73,104] [10,39,63,68,74,87,93,103] [3,46,63,66,104,111,115,118] [2,32,33,44,45,69,82,106] [18,20,43,67,83,86,123,127] [32,35,59,65,66,68,80,102] [18,30,42,50,69,88,103,109] [9,22,36,42,48,53,69,115] [2,14,26,34,73,79,114,115] [2,23,41,76,82,83,91,98] [3,16,36,47,53,60,90,102] [16,17,31,40,60,72,82,126] [14,48,55,60,80,84,115,122] [15,46,52,77,82,94,103,113] [34,46,52,56,63,104,111,116] [2,3,33,44,82,94,106,110] [36,44,65,67,86,90,116,127] [0,32,57,65,68,80,102,111] [23,30,36,41,50,69,103,109] [8,18,20,22,48,53,96,115] [2,26,34,57,73,79,114,115] [2,23,41,82,91,98,106,118] [3,8,16,36,53,55,90,102] [6,16,40,50,56,61,72,82] [55,60,80,84,94,108,114,122] [4,15,17,46,94,99,103,113] [34,46,56,63,66,104,110,116] [2,3,27,44,56,69,82,106] [18,36,43,44,67,72,86,127] [32,35,57,62,65,68,80,102] [23,30,36,41,50,69,103,113] [0,18,22,48,69,85,89,115] [26,42,57,73,80,95,102,115] [10,18,41,45,76,82,91,115] [3,16,36,55,60,73,80,102] [6,31,40,51,56,60,61,120] [55,60,80,108,110,115,122,126] [15,36,46,52,64,80,103,122] [8,23,24,49,74,80,90,125] [12,19,49,74,80,100,121,125] [6,11,14,23,45,88,98,99] [17,22,26,45,46,76,112,114] [5,29,30,39,52,81,104,105] [15,21,35,74,95,111,121,127]
Token  58: [0,16,29,51,70,97,104,120] [20,33,62,66,76,86,107,122] [7,10,12,14,36,100,107,116] [12,13,25,41,61,71,85,105] [0,11,23,25,38,58,83,124] [18,47,68,74,80,97,107,119] [8,14,46,47,56,63,66,116] [24,33,69,73,82,87,94,106] [18,43,64,67,72,86,99,127] [0,45,65,68,80,84,94,102] [14,30,50,53,83,103,108,113] [9,28,48,54,67,69,87,115] [26,42,53,73,79,85,95,115] [2,21,24,44,75,82,83,98] [3,8,11,29,55,79,80,96] [3,6,10,31,40,50,56,60] [7,40,48,80,84,115,121,122] [14,20,78,83,99,103,107,122] [8,13,34,46,56,63,112,116] [3,9,24,44,59,75,82,87] [5,36,65,67,72,90,114,116] [0,13,65,80,84,94,102,122] [16,19,30,50,69,78,98,113] [3,20,48,54,59,63,78,125] [23,52,53,56,71,73,79,107] [44,75,78,82,83,91,98,118] [3,8,36,53,55,80,96,110] [10,16,23,31,40,56,82,120] [7,14,40,48,80,84,121,122] [14,20,78,83,90,99,103,116] [34,46,63,64,66,104,116,119] [3,33,44,82,87,94,100,106] [35,43,44,64,67,72,86,123] [0,57,68,80,83,94,102,111] [30,45,50,69,83,98,99,113] [6,15,59,69,78,85,89,115] [2,34,42,53,73,85,95,115] [10,24,44,68,75,82,91,106] [3,29,36,53,55,62,80,103] [6,31,40,56,61,71,82,120] [7,40,80,84,115,121,123,126] [5,14,20,78,83,97,103,113] [5,12,22,24,65,80,101,125] [2,4,12,49,81,87,100,104] [6,14,27,33,54,71,88,98] [19,22,35,45,71,80,114,123] [19,30,52,55,67,77,98,117] [27,32,34,71,74,86,111,117]
Token  59: [0,27,50,61,106,110,111,118] [44,46,62,76,86,99,116,122] [7,10,14,36,45,52,122,125] [7,25,32,41,61,94,105,114] [0,11,38,73,74,83,101,114] [5,18,31,51,74,80,105,119] [3,13,46,63,66,86,109,116] [27,33,44,69,73,82,94,106] [2,43,64,67,72,86,88,99] [0,45,57,65,68,80,94,113] [14,30,35,50,69,83,108,113] [9,48,67,69,78,86,87,115] [34,42,53,68,70,85,95,102] [12,44,66,75,83,113,119,126] [8,11,29,36,53,55,96,105] [3,7,40,50,56,82,91,120] [14,40,43,51,80,84,122,126] [2,20,66,83,90,103,107,113] [3,46,63,66,86,104,110,116] [3,44,69,73,82,94,106,110] [2,36,43,64,67,86,120,124] [45,57,65,68,80,94,102,113] [14,19,30,36,50,60,108,113] [0,20,48,69,78,86,89,115] [34,42,53,73,79,95,102,115] [12,44,66,75,82,83,106,119] [3,8,36,44,53,55,96,105] [3,16,23,40,56,82,91,120] [14,43,51,78,80,84,114,126] [2,20,35,66,83,90,103,113] [3,20,46,63,66,104,110,115] [27,32,44,69,73,82,94,106] [2,38,43,67,86,88,120,127] [57,62,68,80,94,97,102,113] [14,25,30,45,50,69,83,113] [48,67,69,78,85,89,90,115] [34,42,46,68,73,95,102,115] [10,12,44,66,99,113,119,126] [3,29,36,53,55,66,96,105] [3,9,23,31,40,56,61,91] [43,51,80,84,101,115,121,126] [2,20,35,66,83,103,113,117] [5,18,71,80,93,98,102,123] [6,36,40,46,81,87,100,104] [3,6,14,20,27,48,98,104] [20,22,35,45,70,80,114,123] [19,44,52,55,63,68,115,117] [36,47,66,71,74,88,120,123]
Token  60: [22,47,72,76,95,100,102,119] [12,48,64,70,75,94,106,122] [30,75,77,78,82,87,99,125] [12,37,41,61,82,94,103,108] [11,38,52,73,77,114,118,120] [2,5,7,18,33,51,105,119] [34,46,47,56,63,71,86,116] [8,24,45,62,69,73,82,106] [2,3,21,34,67,90,99,127] [0,13,45,49,57,68,80,117] [3,16,30,50,57,80,83,113] [39,48,50,67,69,78,90,115] [9,32,34,68,71,73,85,95] [10,12,33,44,47,66,81,113] [3,35,36,53,55,76,96,110] [3,16,31,40,52,61,77,91] [43,51,80,89,96,101,105,115] [2,20,42,66,99,103,107,113] [20,34,46,56,63,66,86,104] [3,6,8,33,44,62,82,92] [2,53,67,89,90,99,114,127] [0,8,45,57,65,80,96,117] [6,16,19,30,36,50,57,113] [20,48,54,59,69,78,90,115] [2,9,21,34,71,73,95,100] [12,33,44,47,78,81,82,91] [3,4,8,36,42,53,55,110] [3,23,26,40,52,61,82,89] [14,48,78,80,89,105,115,126] [20,66,82,83,90,99,113,116] [3,20,46,66,86,104,115,119] [8,27,45,62,69,73,82,106] [2,3,47,53,67,89,111,120] [0,37,45,57,62,68,69,80] [6,16,25,30,57,69,80,83] [30,33,48,59,69,78,90,96] [9,21,32,46,71,73,85,127] [12,29,32,33,45,81,83,91] [10,36,53,55,66,68,73,105] [1,23,31,41,52,61,89,93] [1,48,51,80,89,105,115,126] [2,42,66,80,83,90,106,113] [5,18,21,39,80,92,98,123] [29,31,40,87,88,97,100,104] [3,6,8,14,47,48,98,104] [22,35,45,70,80,101,114,123] [5,11,19,52,63,98,115,117] [20,36,46,57,73,74,109,120]
Token  61: [46,72,100,102,108,113,119,127] [15,48,61,64,70,71,106,122] [2,30,75,77,78,85,99,124] [14,33,37,72,82,103,110,116] [11,31,32,52,71,73,78,92] [18,26,31,33,37,59,91,127] [34,46,47,63,66,70,71,112] [8,18,24,30,45,62,82,109] [31,38,41,57,67,89,116,127] [0,10,19,49,54,57,78,80] [3,16,26,47,50,53,57,68] [5,18,28,30,59,78,90,125] [9,21,34,56,64,85,89,127] [12,26,32,33,45,47,78,81] [1,4,11,53,55,67,110,125] [31,40,41,47,52,59,61,93] [5,48,65,80,81,89,105,115] [18,33,55,58,80,82,86,99] [8,24,26,34,47,70,107,122] [8,18,24,62,100,109,112,123] [16,41,53,65,72,89,114,124] [0,10,31,47,49,50,55,122] [16,31,36,47,55,57,68,81] [1,30,39,48,54,56,59,103] [9,21,35,60,64,71,73,89] [33,45,47,61,63,78,81,110] [1,4,14,63,73,91,93,110] [2,16,26,41,52,59,61,93] [5,34,48,65,89,100,105,115] [18,59,80,82,93,99,122,124] [26,34,52,58,70,107,112,122] [8,9,18,62,82,100,109,123] [18,41,53,57,89,90,114,127] [0,10,31,47,49,55,78,96] [16,31,36,47,55,57,68,127] [3,5,14,30,39,52,59,66] [9,21,39,46,71,73,75,127] [12,33,45,47,78,81,91,92] [1,38,53,55,73,81,107,124] [2,31,38,41,50,52,89,93] [5,34,48,68,89,98,115,126] [23,38,59,80,86,90,98,109] [1,9,14,47,56,80,109,113] [25,37,45,78,86,90,100,104] [6,8,16,36,51,72,121,127] [1,18,38,45,52,95,114,125] [4,9,11,52,61,104,106,119] [2,39,46,48,60,65,101,125]
Token  62: [25,28,32,33,37,72,78,124] [4,28,46,61,73,105,122,124] [30,34,36,67,85,89,91,127] [14,17,47,79,88,94,100,110] [11,28,30,34,38,60,69,114] [0,12,18,79,84,93,119,127] [20,59,63,70,87,104,107,111] [7,30,32,46,78,82,106,123] [22,31,37,41,45,53,67,89] [0,7,49,57,78,80,82,108] [15,16,26,47,57,68,94,127] [5,18,25,28,48,73,88,99] [9,21,64,85,89,94,123,126] [33,39,45,47,61,78,81,91] [1,22,26,33,64,92,110,125] [16,25,31,41,46,51,52,93] [5,35,48,65,81,89,105,115] [18,33,54,55,75,80,82,99] [24,26,34,47,55,70,107,122] [8,18,28,30,62,109,112,123] [16,41,53,57,72,81,102,114] [0,10,31,47,49,50,55,122] [16,23,31,36,47,55,57,68] [1,3,25,54,56,59,88,103] [9,21,35,64,71,89,94,123] [26,33,45,47,60,78,81,110] [1,4,14,33,63,73,106,110] [2,26,41,46,52,59,93,127] [5,35,42,48,62,65,89,115] [11,18,55,75,88,99,108,122] [24,26,34,55,70,107,112,122] [18,30,56,62,75,92,109,123] [2,16,41,53,57,89,90,114] [0,2,31,47,49,55,78,90] [16,26,31,36,47,55,68,122] [3,14,21,25,52,54,56,65] [9,21,47,49,55,73,94,123] [12,45,47,63,78,88,91,92] [1,4,16,22,26,30,53,55] [2,31,41,46,51,77,93,110] [5,48,68,80,89,91,115,126] [10,18,54,75,81,82,86,109] [8,9,30,33,47,69,80,113] [15,24,31,75,80,84,100,122] [6,8,9,16,42,59,67,104] [0,23,29,38,48,52,76,95] [5,9,33,43,74,76,90,106] [25,44,46,48,74,93,114,122]
Token  63: [51,84,92,98,99,100,102,119] [30,61,73,84,89,97,105,122] [30,41,49,77,89,93,99,127] [14,33,79,82,88,94,110,123] [11,29,34,69,78,92,99,118] [16,18,22,31,33,42,58,127] [24,34,63,66,70,87,104,107] [8,14,24,45,62,82,106,109] [16,41,53,57,67,90,93,120] [0,10,33,49,55,57,78,80] [3,16,26,47,57,68,116,127] [5,20,28,30,35,56,59,93] [9,21,26,55,64,94,123,126] [29,33,45,47,63,78,81,91] [1,22,32,33,38,42,106,110] [8,26,31,40,41,52,61,93] [48,65,80,84,89,101,105,115] [18,33,42,58,80,82,88,99] [24,34,53,55,63,71,107,122] [8,18,24,62,92,109,112,123] [5,16,30,41,53,57,72,114] [0,10,31,47,49,50,100,122] [16,27,31,36,47,57,68,127] [1,3,48,54,56,59,66,103] [9,21,35,56,60,64,71,94] [8,33,45,47,63,78,81,91] [1,4,14,32,33,55,73,110] [2,16,31,41,52,59,61,93] [5,42,48,65,80,89,101,115] [1,18,55,82,88,99,111,122] [11,24,34,70,107,111,112,122] [8,18,56,62,92,100,109,123] [16,35,41,53,57,90,114,127] [0,10,31,47,49,50,55,114] [16,19,31,36,47,57,68,127] [1,3,30,35,37,52,54,103] [9,21,29,35,47,55,73,94] [45,47,63,78,81,88,91,92] [1,16,22,32,49,53,55,64] [2,31,41,46,52,77,89,110] [5,13,80,89,91,101,115,126] [11,18,80,81,82,86,90,92] [8,9,28,58,71,80,86,113] [16,47,58,74,75,80,121,122] [6,8,14,16,47,98,104,116] [22,26,35,45,76,95,114,123] [5,19,52,63,68,76,98,117] [15,21,44,46,57,74,92,109]
Token  64: [35,72,76,95,100,102,110,119] [12,15,64,70,84,117,122,125] [38,41,49,77,78,99,109,113] [20,31,69,79,94,116,123,124] [11,29,30,73,85,99,101,122] [7,18,33,42,59,106,123,127] [34,46,63,70,86,87,107,119] [8,30,45,58,62,69,73,82] [2,21,34,41,67,117,120,127] [0,7,33,49,57,80,81,117] [3,16,47,50,57,69,80,127] [18,20,28,50,56,59,78,99] [9,21,26,32,46,64,73,95] [12,33,45,47,61,78,81,91] [22,32,33,42,53,55,92,110] [16,26,31,40,52,61,93,119] [48,51,65,78,89,101,105,115] [18,42,58,66,68,80,82,107] [24,34,46,47,104,107,122,124] [8,24,45,62,82,92,109,123] [2,5,16,53,72,90,114,127] [0,10,47,49,80,111,117,122] [16,19,31,36,47,57,68,80] [20,39,48,54,56,59,78,103] [2,9,21,56,64,71,73,94] [12,33,45,47,63,78,81,91] [3,4,14,22,32,55,73,110] [16,26,40,52,59,61,93,127] [13,30,48,80,89,94,101,115] [3,18,80,82,92,99,118,122] [24,34,46,63,70,107,112,122] [3,33,56,62,82,92,100,109] [2,18,35,41,53,90,114,127] [0,31,47,49,57,96,102,117] [16,19,31,36,47,68,69,127] [1,3,50,52,54,56,78,99] [9,21,29,35,46,71,73,75] [12,45,47,78,81,91,120,127] [3,11,22,32,36,53,55,73] [27,31,32,52,61,77,110,126] [13,80,84,94,101,115,122,126] [0,11,36,63,64,65,92,113] [8,18,24,71,80,86,98,126] [16,74,80,87,100,104,121,125] [6,11,14,23,72,98,110,116] [22,26,35,45,76,87,114,123] [5,19,51,52,68,75,98,117] [15,21,26,31,44,109,121,127]
Token  65: [23,28,30,54,86,90,105,112] [6,15,29,33,73,111,122,125] [23,36,44,49,59,76,106,126] [13,32,33,36,41,86,114,124] [1,11,26,27,28,37,59,73] [18,26,31,48,74,95,116,119] [3,46,64,66,86,104,109,118] [27,32,44,69,73,82,94,106] [2,20,43,67,86,88,117,127] [35,38,40,57,102,106,111,117] [30,42,50,69,89,95,109,121] [0,16,54,55,59,69,78,99] [9,21,32,34,62,64,73,127] [12,41,45,47,68,81,91,110] [3,11,36,47,53,55,102,112] [26,31,40,50,77,84,89,91] [14,80,84,89,101,110,115,126] [62,64,80,82,102,103,107,113] [3,13,46,63,66,86,104,119] [3,27,32,44,45,58,73,82] [18,22,43,53,67,90,114,117] [0,57,68,80,82,102,106,117] [6,16,19,31,36,50,69,109] [20,30,48,54,59,69,78,103] [9,21,34,46,64,71,73,95] [12,33,41,45,47,78,81,91] [3,4,8,36,47,53,55,102] [9,16,20,56,61,77,82,89] [14,44,48,78,80,110,122,126] [0,64,65,80,103,113,116,122] [3,34,46,56,66,112,118,119] [3,6,44,45,58,82,106,117] [2,18,20,43,53,67,114,116] [0,35,57,68,102,106,111,117] [19,30,36,42,50,69,109,113] [3,25,42,54,55,73,78,115] [0,2,9,21,38,71,73,103] [12,41,57,62,78,91,109,123] [3,4,11,18,36,55,60,71] [2,6,16,20,31,61,76,107] [29,44,77,108,109,110,115,122] [0,36,63,64,65,80,103,115] [24,49,52,59,68,80,90,126] [18,47,49,75,100,121,125,127] [6,23,37,47,80,94,98,110] [5,45,47,63,76,86,87,114] [1,5,52,82,96,122,123,124] [15,21,31,44,74,82,92,127]
Token  66: [13,26,40,65,70,72,98,100] [18,50,61,64,94,100,124,127] [36,49,53,57,81,82,84,88] [30,32,37,41,51,71,94,116] [11,59,65,76,79,85,89,106] [18,37,42,59,61,64,66,125] [8,34,35,47,56,83,105,107] [3,24,45,49,69,82,94,109] [2,43,67,84,114,116,121,127] [0,9,49,80,102,110,117,125] [16,30,53,61,69,73,105,113] [24,54,61,69,78,93,115,125] [9,21,56,64,65,73,95,99] [6,12,28,33,47,58,78,91] [3,4,11,20,32,48,53,110] [2,8,10,16,31,38,85,93] [65,84,89,101,108,115,122,124] [18,19,29,53,72,83,99,122] [8,24,34,86,105,107,112,122] [3,18,24,45,62,100,109,112] [2,18,41,53,72,84,114,121] [0,9,10,47,106,110,122,125] [16,19,31,36,47,61,68,113] [1,3,48,54,56,61,78,103] [9,21,56,64,71,73,89,99] [12,15,28,33,47,58,82,91] [4,14,20,32,48,55,63,110] [2,10,16,31,38,59,61,85] [42,48,65,89,91,108,115,122] [18,19,53,80,99,103,118,122] [24,34,35,56,105,107,112,122] [3,18,49,75,92,100,109,112] [2,18,35,53,90,114,121,127] [0,9,102,110,111,117,122,125] [6,19,31,36,68,69,73,105] [1,3,23,24,54,61,65,78] [9,15,21,52,56,71,73,99] [6,12,15,28,78,79,80,91] [3,11,20,32,48,55,86,103] [2,16,31,50,52,61,85,101] [8,48,80,108,115,122,124,126] [19,53,59,69,72,80,103,113] [24,39,59,68,73,80,109,126] [46,49,75,77,88,100,104,127] [0,6,14,37,45,53,98,104] [22,32,45,46,63,84,112,114] [5,39,52,82,104,105,123,124] [32,35,71,73,74,90,95,109]
Token  67: [2,9,13,14,21,25,80,120] [3,6,42,58,77,83,111,122] [12,36,72,84,88,100,116,122] [32,41,51,64,71,87,109,117] [10,11,37,59,65,79,89,114] [18,47,82,93,95,107,111,125] [8,34,46,47,86,108,111,112] [3,24,45,50,60,73,82,94] [43,67,84,88,97,109,116,127] [0,9,26,43,45,57,111,117] [6,36,42,69,73,81,83,108] [9,14,26,67,69,78,79,115] [5,9,21,25,53,71,73,124] [6,12,21,33,79,91,98,119] [3,11,36,53,79,80,92,110] [3,16,31,60,61,85,99,111] [48,60,84,89,101,115,124,126] [15,18,52,70,72,75,80,82] [8,13,34,47,56,86,104,112] [3,44,45,50,56,60,82,109] [2,35,53,67,90,109,114,127] [0,10,43,45,47,106,111,117] [6,16,19,36,68,69,73,113] [1,20,54,69,79,89,99,103] [7,9,21,34,53,56,71,73] [6,13,33,47,78,79,106,119] [3,11,36,53,55,79,80,110] [10,16,23,31,60,61,90,111] [15,48,60,89,115,122,124,126] [15,37,46,52,80,99,103,120] [34,46,56,66,99,107,112,119] [3,27,45,56,60,66,69,82] [38,53,67,90,109,114,116,127] [0,26,37,43,45,57,111,117] [19,25,36,50,69,73,86,113] [8,61,67,79,89,99,115,126] [9,52,53,71,73,99,102,115] [6,10,16,21,79,91,98,115] [8,11,36,55,79,80,111,112] [9,31,35,56,60,61,78,90] [15,55,60,78,80,115,119,126] [15,46,52,69,80,103,113,115] [7,24,31,37,68,73,80,125] [12,19,43,49,77,100,114,127] [6,14,45,53,73,88,99,122] [17,22,45,46,58,63,112,114] [29,30,39,52,80,81,104,105] [35,52,71,74,95,108,111,127]
Token  68: [0,16,22,29,53,104,107,111] [3,23,34,42,86,107,111,122] [10,14,36,72,87,100,107,116] [22,51,64,68,76,87,109,114] [0,10,11,23,65,79,100,118] [18,35,47,80,82,93,107,119] [3,34,46,47,66,108,111,112] [24,45,56,60,73,82,87,106] [36,43,53,64,67,86,97,127] [26,43,45,49,57,94,111,117] [6,14,29,42,67,73,83,108] [9,14,26,62,67,79,104,106] [9,18,25,33,39,53,60,71] [18,21,44,61,79,91,92,98] [8,11,42,53,79,80,92,125] [23,25,31,50,60,61,99,111] [1,7,40,48,53,60,80,126] [37,53,75,80,82,88,99,124] [13,34,47,56,63,104,107,112] [24,45,56,60,75,87,92,109] [2,5,53,64,72,114,123,127] [0,47,92,94,106,111,117,123] [6,14,16,36,68,69,73,80] [14,20,30,62,65,79,81,103] [9,20,21,33,39,53,71,73] [1,13,33,44,47,79,91,119] [4,8,11,55,63,80,110,125] [2,16,26,38,50,59,61,99] [7,40,48,53,60,78,89,122] [37,53,75,99,103,116,120,124] [3,13,34,56,66,104,107,112] [3,45,56,60,82,85,87,115] [15,18,64,67,90,114,116,127] [0,26,94,96,102,111,117,123] [2,6,14,19,25,30,36,69] [8,41,62,64,67,79,86,115] [9,32,39,42,53,71,73,115] [10,13,21,44,75,76,91,98] [3,8,11,36,53,55,79,80] [9,16,23,31,56,60,61,86] [1,7,40,60,80,84,115,126] [15,52,53,80,90,103,113,117] [24,37,59,68,73,80,109,125] [4,43,49,81,100,104,124,127] [6,14,37,45,54,80,98,104] [22,35,45,46,63,80,112,114] [19,39,44,52,75,82,105,124] [27,32,34,35,71,86,90,95]
Token  69: [0,19,27,49,50,101,106,110] [3,23,76,86,99,116,122,126] [14,36,45,72,74,85,87,122] [26,51,64,67,76,94,114,117] [0,10,11,38,65,79,114,118] [7,18,47,51,80,105,114,119] [13,34,46,66,86,108,111,112] [45,56,60,69,73,82,94,106] [2,21,43,53,64,67,99,127] [38,45,49,57,80,94,111,117] [2,14,23,29,30,80,83,108] [9,62,67,78,79,99,106,115] [9,32,39,52,53,68,71,115] [12,44,66,79,91,98,113,119] [8,11,22,36,53,92,96,105] [3,23,31,40,61,82,89,125] [1,40,51,60,78,80,96,126] [2,39,53,66,82,88,103,107] [3,34,46,54,63,86,104,119] [27,32,44,45,60,73,82,106] [2,53,64,67,90,114,123,127] [37,57,80,81,94,106,111,117] [6,19,30,36,43,69,94,113] [48,54,59,67,69,79,99,115] [9,34,46,53,71,73,79,115] [12,33,44,66,82,83,91,119] [3,8,36,53,55,66,96,105] [3,23,56,61,82,88,89,91] [14,51,53,78,80,96,114,126] [2,53,66,83,90,107,113,121] [3,46,63,66,86,99,104,110] [1,27,32,45,69,73,82,106] [2,18,47,67,82,88,123,127] [37,57,68,80,97,102,113,117] [2,19,25,30,36,69,83,86] [0,59,64,67,69,79,115,126] [9,30,32,42,71,73,102,115] [12,33,44,66,91,113,119,126] [8,11,36,53,55,58,96,105] [3,4,23,31,35,56,61,91] [4,43,51,53,80,115,121,126] [2,35,39,66,80,103,113,126] [18,68,73,80,93,98,102,123] [6,36,42,81,87,100,104,112] [6,14,20,27,48,81,98,104] [20,22,35,45,70,80,114,123] [19,44,52,55,75,98,115,117] [36,47,66,71,88,120,123,124]
Token  70: [17,22,28,34,62,67,68,77] [48,67,75,99,111,114,116,122] [4,8,36,70,72,73,90,125] [23,61,67,76,77,87,100,114] [0,7,10,11,22,77,87,97] [18,31,56,78,79,99,105,119] [3,13,20,46,55,63,66,104] [45,46,60,69,73,82,94,106] [2,4,34,40,43,67,86,127] [22,33,49,51,57,80,81,117] [2,25,29,30,41,80,104,108] [9,14,16,18,21,50,79,115] [9,25,32,39,46,102,115,118] [7,12,45,91,102,108,113,120] [8,11,36,53,55,64,82,96] [3,31,33,50,61,77,82,91] [1,14,43,51,78,96,109,126] [2,20,35,37,62,66,107,113] [3,47,55,63,86,104,116,119] [26,32,33,45,73,82,94,121] [2,4,18,22,67,114,123,127] [33,37,47,57,68,80,81,117] [2,6,7,23,25,36,41,69] [11,16,20,30,48,50,79,126] [9,32,34,39,71,73,102,115] [12,33,44,45,91,102,113,120] [8,36,53,55,64,73,96,110] [2,3,33,50,61,77,82,89] [14,51,53,78,80,96,109,126] [2,35,62,66,68,92,113,122] [3,20,66,86,104,112,116,119] [1,3,32,45,69,82,94,113] [2,4,18,38,67,90,114,127] [0,33,37,57,68,80,81,117] [2,6,23,25,33,36,41,69] [8,9,11,18,30,50,79,126] [32,39,71,73,102,103,115,118] [12,33,89,91,102,113,120,127] [11,36,53,55,64,73,82,96] [7,33,37,46,61,77,82,91] [1,13,51,80,109,111,115,126] [2,35,66,80,90,92,113,126] [5,8,18,68,80,86,98,102] [6,16,36,80,87,97,100,104] [6,14,20,27,48,81,104,116] [12,22,32,45,70,80,114,123] [8,19,22,52,75,98,115,117] [26,36,47,66,71,88,120,123]
Token  71: [12,28,41,46,66,77,83,112] [11,29,38,67,85,97,113,122] [4,36,49,59,67,73,76,121] [9,50,70,76,77,85,92,100] [1,5,10,11,27,45,68,77] [10,18,23,24,48,74,87,102] [3,20,46,66,104,109,118,119] [3,27,32,45,46,69,73,82] [2,6,20,33,43,63,67,127] [15,35,37,40,51,57,68,87] [2,25,29,30,50,62,95,109] [0,16,21,42,55,64,78,126] [17,32,38,46,76,102,103,115] [7,12,41,45,57,106,109,123] [11,36,47,53,55,76,87,99] [20,31,35,50,61,77,82,91] [14,18,77,78,79,110,115,126] [0,27,36,64,65,68,107,113] [3,20,54,66,86,104,116,119] [3,13,32,45,46,58,73,82] [2,6,8,14,20,67,90,117] [35,37,40,47,57,68,99,113] [2,25,30,36,43,69,95,109] [9,16,30,42,48,78,79,126] [0,17,32,38,71,102,103,115] [12,18,41,45,57,91,109,123] [3,8,11,36,47,53,55,73] [2,20,31,50,61,77,82,89] [14,29,77,78,80,94,110,126] [0,36,37,64,65,68,113,122] [3,13,34,66,104,112,118,119] [3,32,33,45,46,82,113,115] [2,18,20,43,67,90,114,127] [35,40,47,57,81,102,111,117] [2,6,23,25,36,69,95,109] [8,9,16,28,31,42,55,115] [0,32,39,71,73,101,103,115] [12,27,41,57,91,106,109,123] [3,11,18,36,47,55,60,111] [2,20,31,46,50,61,77,90] [14,44,77,91,109,110,115,126] [0,49,63,64,65,80,103,115] [24,49,59,68,71,80,90,126] [47,49,74,75,100,104,121,125] [6,14,23,37,39,80,104,110] [5,26,45,47,76,87,112,114] [1,5,39,52,82,96,105,124] [15,21,31,44,74,90,121,127]
Token  72: [2,47,80,81,84,92,103,120] [3,14,30,33,58,67,83,122] [10,36,67,72,84,116,122,123] [9,10,23,32,76,89,109,114] [0,10,11,38,43,89,91,124] [18,72,93,102,107,111,119,125] [8,34,46,47,56,86,108,119] [45,50,60,69,73,82,85,117] [2,43,67,84,109,114,116,127] [0,37,43,57,87,110,117,126] [2,29,30,36,53,69,78,83] [9,21,28,47,61,79,115,125] [9,39,53,68,73,115,120,124] [6,12,21,44,58,79,91,121] [11,28,36,48,53,55,80,110] [10,16,31,50,59,60,61,90] [15,48,55,60,78,101,115,126] [1,15,18,72,80,82,99,122] [8,12,34,47,56,71,105,112] [3,18,24,45,49,59,109,112] [2,35,65,72,84,114,116,121] [0,9,10,43,47,110,122,125] [19,31,36,47,61,68,69,105] [1,3,24,49,54,61,90,103] [9,15,21,35,56,71,73,99] [12,15,26,28,33,82,83,91] [4,14,48,53,55,63,66,110] [2,10,16,23,38,59,61,90] [42,48,60,73,89,91,101,115] [37,52,75,90,99,118,122,124] [3,13,24,34,44,56,107,112] [3,18,24,59,75,82,92,109] [2,18,35,57,72,90,114,127] [0,43,49,96,102,111,117,122] [6,19,25,31,36,68,69,98] [1,3,28,54,60,64,65,79] [35,39,52,53,71,73,75,115] [12,73,76,79,91,95,106,125] [3,11,36,55,79,80,103,110] [2,50,51,59,60,61,82,90] [15,55,60,78,91,115,122,126] [15,46,52,69,80,103,113,115] [7,24,31,37,59,68,80,125] [12,19,42,43,49,97,100,127] [6,14,19,27,45,73,88,99] [17,22,45,46,58,112,114,119] [7,29,30,39,52,81,104,105] [35,52,71,74,86,95,108,111]
Token  73: [2,11,29,51,92,97,101,104] [3,33,76,107,116,122,123,126] [9,10,14,36,72,74,92,116] [10,23,25,39,67,69,85,114] [0,10,11,23,43,45,59,89] [18,34,35,47,80,107,111,119] [3,20,46,47,66,108,109,119] [32,34,45,63,69,82,87,124] [2,8,39,64,67,83,97,127] [37,43,45,57,69,94,111,117] [25,29,36,42,83,97,101,108] [9,14,15,21,47,67,79,104] [39,53,68,71,73,115,118,124] [12,21,44,75,79,91,95,121] [11,36,53,55,71,78,79,80] [31,35,60,61,82,90,125,127] [7,15,42,48,60,91,115,126] [1,15,52,75,90,99,113,124] [3,13,34,46,56,71,112,119] [3,24,32,45,69,75,82,87] [2,5,64,65,67,90,114,124] [0,8,37,43,57,69,94,111] [6,19,25,30,36,42,69,126] [3,4,15,20,31,48,78,79] [21,39,53,71,73,111,118,124] [12,33,78,82,91,95,122,124] [4,11,19,27,55,63,80,110] [2,16,38,50,59,61,88,125] [7,15,34,42,46,48,91,122] [15,37,52,75,80,99,122,124] [3,9,13,34,36,58,107,112] [3,9,24,56,63,82,87,92] [5,18,53,64,67,68,90,114] [0,8,37,43,51,69,81,94] [3,6,25,36,42,69,75,97] [11,15,28,31,41,52,65,79] [39,53,71,73,102,115,118,124] [12,29,44,68,71,75,91,125] [11,19,27,36,55,79,80,103] [31,50,60,61,82,90,94,125] [7,14,15,78,91,115,122,126] [15,46,49,52,80,103,113,124] [7,24,37,59,68,71,80,125] [2,12,19,42,43,49,75,100] [14,19,39,45,88,104,113,122] [17,35,45,46,63,112,114,119] [7,29,30,39,52,84,104,105] [6,35,52,71,74,95,108,111]
Token  74: [16,51,53,97,101,111,118,126] [3,33,34,76,107,116,123,126] [7,10,12,14,36,74,81,92] [1,46,69,71,87,109,114,117] [0,10,11,23,45,61,65,89] [18,31,34,74,80,107,110,119] [3,13,46,66,104,109,111,119] [32,34,69,73,82,87,94,106] [2,8,64,67,86,97,120,123] [5,37,43,57,68,81,94,126] [17,25,29,42,50,69,97,101] [3,9,15,21,22,36,67,79] [39,53,65,68,73,78,115,118] [12,44,58,75,79,91,95,106] [11,36,53,55,58,66,75,80] [17,31,35,40,61,82,91,121] [14,15,30,78,80,84,115,126] [1,9,17,18,62,82,103,112] [3,46,63,66,86,104,116,124] [9,24,32,44,82,94,100,106] [9,65,67,72,86,90,123,124] [0,49,57,59,68,80,102,111] [18,26,30,50,69,78,94,98] [21,28,60,67,96,99,100,125] [2,4,9,14,26,34,46,127] [51,82,91,92,103,104,106,112] [3,38,53,57,66,80,86,115] [3,6,16,40,59,61,89,125] [14,30,40,78,80,93,105,115] [1,18,52,53,72,82,93,103] [34,46,56,63,86,87,89,104] [24,32,44,82,94,100,106,123] [9,35,44,67,72,86,90,123] [7,49,59,68,80,96,102,111] [7,30,58,71,82,94,98,103] [4,21,37,78,94,96,99,100] [2,4,14,36,108,111,118,127] [20,73,77,92,93,103,104,112] [7,15,24,53,80,87,109,125] [11,32,40,49,75,89,90,125] [4,7,40,42,48,80,105,107] [13,34,49,53,59,82,88,100] [17,30,43,56,59,111,114,115] [2,10,56,80,82,96,99,124] [5,6,7,25,37,102,104,113] [29,45,46,92,104,110,114,127] [29,39,46,63,74,82,105,124] [3,19,35,52,90,95,108,110]
Token  75: [7,29,47,62,66,97,116,126] [11,40,42,76,78,116,122,123] [15,36,52,67,72,115,119,121] [1,10,19,23,71,76,80,114] [0,10,11,39,45,61,89,95] [18,31,74,80,102,106,111,119] [3,34,46,47,104,109,111,119] [1,27,34,46,69,73,82,87] [2,27,67,99,113,114,120,127] [37,43,51,52,57,85,94,117] [14,25,29,42,83,97,101,120] [9,15,36,39,65,68,79,126] [25,39,53,71,73,102,115,124] [12,20,24,44,58,79,91,95] [9,11,27,36,53,55,62,86] [31,35,38,50,61,82,98,111] [29,42,77,78,111,115,123,126] [1,53,65,68,82,99,113,122] [3,46,63,66,104,112,116,119] [3,32,34,45,56,69,82,87] [2,5,8,24,27,64,67,114] [20,37,43,52,57,62,94,99] [6,14,25,36,50,69,97,120] [4,31,65,68,71,79,86,126] [39,53,71,73,95,102,115,124] [12,24,33,86,91,95,115,122] [11,27,36,53,55,62,76,110] [2,31,35,38,50,61,82,98] [29,34,78,91,111,114,115,126] [17,62,65,68,84,113,122,124] [3,19,34,109,112,115,118,119] [1,3,27,34,45,69,82,87] [18,27,47,67,99,114,120,127] [0,37,43,57,62,81,94,105] [6,14,25,36,69,77,101,120] [28,31,48,65,68,71,79,126] [39,53,71,73,95,102,115,124] [24,27,29,33,44,91,95,115] [11,27,36,44,55,62,110,111] [20,31,35,50,61,71,82,91] [14,29,77,91,111,114,115,126] [0,53,63,65,80,84,113,121] [20,28,66,68,71,75,80,126] [2,8,47,75,97,100,104,121] [3,6,13,14,27,80,104,110] [5,45,47,83,86,87,114,123] [5,10,19,45,52,76,96,104] [11,15,27,31,54,74,90,127]
Token  76: [22,31,61,69,81,93,107,118] [39,60,62,76,83,91,111,122] [15,36,67,68,72,116,117,123] [1,26,30,46,67,80,106,114] [0,10,11,39,91,95,102,111] [2,18,23,74,80,102,111,119] [3,13,46,63,100,104,109,119] [1,27,34,45,69,72,73,82] [8,27,28,39,67,99,114,127] [37,43,48,51,57,81,105,117] [14,25,36,50,83,97,101,123] [13,15,36,47,58,79,86,126] [39,53,68,69,71,115,120,124] [13,44,55,79,85,91,95,121] [11,28,36,44,53,55,84,101] [3,26,34,38,50,61,82,100] [14,20,78,80,91,121,123,126] [14,30,97,99,113,121,122,124] [3,13,14,46,66,104,112,119] [32,44,45,56,69,72,73,82] [5,18,28,47,67,114,123,127] [0,37,43,57,66,68,99,105] [6,14,19,36,40,50,69,123] [4,13,15,20,30,48,58,79] [21,39,47,69,71,115,120,124] [13,31,33,78,85,91,95,122] [19,24,27,29,55,89,101,110] [2,26,34,38,50,59,61,100] [14,20,48,53,91,100,121,122] [14,30,45,51,80,99,122,124] [3,13,14,34,63,107,112,119] [1,24,38,45,72,82,92,106] [18,27,28,47,67,72,99,127] [0,25,43,51,68,80,81,105] [6,14,25,33,36,69,75,76] [11,13,21,28,31,58,71,79] [36,39,69,71,73,115,120,124] [29,33,68,79,89,91,107,121] [28,29,36,44,55,63,84,101] [26,34,50,61,82,91,100,115] [14,20,78,91,114,115,121,126] [14,30,45,51,90,97,121,124] [5,55,65,68,80,93,101,119] [4,6,36,42,46,87,100,104] [3,6,14,27,54,71,98,104] [12,45,70,80,93,114,123,127] [19,52,55,67,68,98,115,117] [32,34,47,55,66,71,117,123]
Token  77: [28,62,64,87,91,105,112,124] [22,47,60,68,71,81,90,122] [4,5,36,52,68,76,106,120] [12,21,24,70,72,106,116,120] [5,7,11,55,60,86,102,105] [5,18,48,74,79,87,108,115] [3,23,66,100,104,109,111,118] [1,27,32,45,46,69,73,82] [3,6,20,47,67,97,122,123] [25,35,37,41,52,57,62,97] [10,13,25,30,40,41,62,95] [16,18,42,46,94,97,122,126] [7,14,17,26,36,46,73,103] [57,62,91,101,106,109,115,123] [7,23,36,44,55,60,69,76] [17,31,35,51,77,82,91,100] [14,30,78,80,94,108,114,126] [0,27,30,36,37,65,75,121] [3,23,66,103,104,109,118,119] [1,27,32,44,69,73,82,106] [3,6,20,47,67,94,122,123] [35,37,40,41,47,57,68,97] [10,23,25,36,40,41,103,124] [9,18,22,42,46,48,94,116] [0,7,14,17,36,71,102,124] [2,18,45,57,63,91,106,109] [13,29,36,53,55,71,73,76] [2,17,50,51,59,75,82,126] [14,34,42,78,91,94,122,126] [0,65,75,93,113,120,121,122] [3,66,100,109,112,115,118,119] [1,13,27,32,45,48,69,82] [0,6,20,27,38,47,67,72] [0,35,37,41,47,57,68,99] [10,23,25,36,41,69,102,103] [9,21,22,28,31,42,48,94] [7,14,17,39,73,101,115,124] [13,41,57,68,73,91,95,102] [11,18,22,23,36,55,103,110] [2,17,20,51,61,77,106,107] [14,46,77,91,108,115,122,126] [0,30,49,63,65,80,121,122] [8,20,24,49,75,80,90,126] [10,30,47,74,75,80,100,121] [3,6,14,23,27,80,104,110] [26,47,76,83,86,87,114,116] [1,5,10,19,52,93,96,104] [15,21,31,44,74,114,121,127]
Token  78: [11,61,66,81,84,93,120,122] [19,41,47,60,63,83,122,123] [10,15,36,52,67,116,117,120] [12,26,71,80,89,91,109,114] [0,4,11,26,39,40,91,110] [18,34,35,84,102,111,119,125] [3,10,46,56,100,109,111,119] [34,45,46,50,69,72,73,82] [8,28,39,47,51,67,123,127] [37,43,45,48,52,57,111,117] [25,36,53,69,74,83,97,101] [47,58,67,86,115,120,125,126] [7,21,39,68,73,115,120,124] [6,21,33,44,49,79,91,121] [11,28,36,53,55,76,80,110] [3,31,35,60,61,82,96,98] [14,15,48,78,79,115,121,126] [15,45,68,72,80,99,113,122] [3,13,34,54,104,109,112,119] [3,32,45,46,50,69,73,82] [5,8,18,53,67,90,114,127] [0,37,43,47,57,81,106,111] [6,16,19,25,31,36,69,94] [3,20,30,48,58,79,90,103] [7,9,21,46,53,71,73,124] [2,33,44,78,79,91,106,121] [4,11,27,53,55,63,66,80] [2,3,23,38,61,82,89,91] [14,15,34,78,79,115,121,126] [15,45,52,62,68,83,90,113] [3,13,20,66,86,109,112,119] [1,3,32,45,69,73,82,91] [5,8,18,47,67,90,114,127] [0,37,43,45,57,81,99,113] [6,19,25,36,68,69,74,83] [3,28,48,58,67,71,79,90] [21,39,46,71,73,100,115,124] [33,44,71,75,79,83,91,115] [11,23,27,36,55,63,66,80] [7,23,31,35,60,61,78,91] [7,14,15,78,91,115,121,126] [15,17,45,52,72,80,90,113] [7,21,37,65,68,71,74,80] [4,8,12,19,43,97,100,104] [0,6,14,27,45,104,113,122] [17,35,45,46,63,112,114,123] [19,22,29,30,39,52,84,105] [35,52,71,73,74,95,108,111]
Token  79: [3,7,28,29,62,80,112,126] [8,33,67,78,114,116,122,123] [15,24,36,62,69,72,73,119] [7,11,26,65,91,97,114,120] [7,11,39,40,55,86,91,100] [18,30,31,79,116,117,119,122] [3,10,46,86,100,104,109,119] [27,34,45,46,69,73,82,103] [8,24,39,47,51,67,120,122] [0,37,52,57,68,72,77,81] [25,37,62,74,83,98,101,120] [36,46,47,48,71,87,110,126] [25,39,46,68,73,100,115,124] [7,24,37,49,63,91,115,121] [11,28,36,53,55,62,76,99] [31,35,56,78,82,89,98,115] [14,20,43,78,80,115,123,126] [14,20,27,84,90,97,113,122] [3,54,86,96,100,104,112,119] [26,32,45,69,73,82,87,91] [8,14,24,51,67,114,117,122] [0,37,47,52,57,62,68,99] [6,23,25,36,37,43,69,120] [20,30,33,48,71,79,87,126] [32,39,46,71,100,102,115,124] [24,33,37,45,49,71,82,91] [11,27,36,53,55,63,73,99] [2,21,38,61,91,96,98,115] [14,34,78,79,91,115,123,126] [14,68,79,80,84,113,122,124] [3,13,20,86,93,96,112,119] [3,45,69,73,82,91,103,115] [8,22,24,48,51,54,67,114] [0,37,47,48,57,81,103,113] [6,23,25,36,37,69,86,120] [9,21,28,30,48,71,87,110] [39,46,73,100,106,115,120,124] [24,33,49,71,83,89,91,107] [11,27,53,55,62,63,76,99] [2,7,17,31,38,91,98,115] [14,78,79,91,115,122,123,126] [14,79,80,84,90,97,121,124] [5,8,28,65,68,71,80,101] [2,4,6,36,42,74,87,100] [13,14,27,54,71,72,81,104] [12,42,45,76,103,114,123,127] [19,45,52,61,67,68,74,117] [32,34,54,71,74,83,114,117]
Token  80: [24,57,61,66,71,106,110,118] [9,48,62,76,91,98,109,111] [10,15,24,36,62,90,120,122] [7,11,23,26,65,97,119,120] [11,23,39,40,61,63,86,100] [16,18,31,51,105,117,119,122] [3,46,66,86,100,104,109,119] [27,32,45,46,69,73,82,106] [28,34,51,67,88,120,122,123] [32,37,48,57,62,68,80,99] [7,17,25,30,76,86,98,101] [3,36,47,48,87,99,109,126] [29,46,65,68,73,102,115,124] [49,55,65,66,71,101,113,115] [16,23,36,53,55,76,99,105] [1,3,17,35,82,89,98,115] [1,14,78,79,80,102,119,126] [2,20,27,35,100,107,112,121] [3,54,66,86,100,104,109,119] [32,45,46,53,69,73,82,91] [8,47,67,105,117,122,123,124] [37,52,57,62,68,97,99,113] [7,19,25,30,43,62,69,83] [46,48,54,67,69,96,99,126] [17,34,46,73,79,100,102,124] [42,82,83,92,99,104,106,115] [3,7,14,36,44,53,66,76] [3,7,17,35,75,82,89,91] [1,14,78,79,80,105,114,126] [27,68,72,82,90,112,113,121] [3,20,54,86,100,104,109,115] [27,32,45,69,73,82,91,106] [8,9,47,67,105,117,122,123] [7,13,37,57,80,81,99,113] [7,10,25,30,71,76,86,94] [4,28,33,48,78,99,109,117] [14,17,46,92,108,118,125,127] [20,27,29,35,66,92,104,112] [22,53,69,76,84,99,105,125] [7,11,44,75,89,91,110,125] [1,12,42,48,105,107,115,119] [34,49,59,79,80,88,105,124] [8,17,30,56,70,80,111,114] [6,29,61,74,80,82,98,111] [5,6,27,39,72,104,112,116] [12,16,29,42,45,58,114,123] [19,46,51,52,61,68,76,117] [28,36,51,71,83,110,112,120]
Token  81: [28,51,64,86,87,91,124,125] [7,16,48,58,63,68,90,97] [4,6,36,52,59,72,76,94] [23,24,30,40,62,97,112,127] [5,7,9,11,27,57,67,116] [18,19,31,48,87,115,117,122] [3,20,66,86,96,100,104,119] [1,32,45,46,69,73,82,91] [8,20,47,67,95,105,122,123] [32,35,37,40,81,99,103,113] [10,25,62,76,95,110,124,125] [12,46,48,71,73,97,114,116] [0,14,29,38,46,86,90,103] [43,57,62,71,89,109,115,123] [16,18,22,40,47,53,55,76] [7,20,31,51,54,77,82,91] [1,14,29,52,78,79,117,126] [0,36,49,64,65,79,110,121] [66,86,93,96,103,104,109,119] [32,45,46,58,69,73,82,91] [8,20,47,67,94,105,117,122] [0,35,37,40,47,68,99,113] [10,23,25,36,43,82,110,124] [9,16,18,42,71,73,114,116] [0,17,29,38,39,46,103,112] [45,57,62,63,71,82,91,109] [14,16,36,53,55,71,73,76] [2,20,21,31,77,89,96,126] [29,34,44,78,80,91,94,126] [0,36,62,68,79,80,113,122] [3,20,86,93,96,104,112,118] [32,45,46,55,63,73,82,91] [8,20,22,38,47,67,94,114] [0,32,35,37,40,41,47,81] [10,23,25,36,69,76,86,124] [3,9,25,28,42,71,73,114] [0,14,17,21,39,73,112,115] [41,43,57,73,89,91,104,109] [11,16,18,22,47,55,81,110] [2,7,31,46,51,77,107,110] [16,23,78,80,91,109,115,126] [0,49,63,79,80,121,122,124] [8,30,68,71,80,90,106,110] [47,74,80,83,98,111,121,125] [6,9,11,23,39,72,104,110] [5,26,42,47,76,83,87,114] [1,5,10,45,76,93,96,125] [15,31,44,74,82,110,121,127]
Token  82: [31,63,66,83,107,110,111,120] [8,30,34,41,44,92,98,111] [10,16,36,53,62,67,88,123] [6,23,65,71,78,89,97,127] [11,20,40,43,76,79,106,124] [16,18,38,42,49,61,72,125] [47,56,66,96,100,105,112,119] [24,32,45,49,69,73,82,91] [8,66,67,84,97,105,114,121] [0,9,37,57,81,98,99,110] [25,36,53,61,69,73,78,83] [3,26,39,49,61,71,79,125] [15,39,65,73,99,107,115,124] [6,18,28,35,63,73,80,91] [10,11,36,48,53,55,76,110] [2,16,31,38,61,78,85,127] [8,48,73,78,89,115,124,126] [1,18,19,52,72,80,99,113] [13,34,56,87,105,112,118,122] [3,24,45,49,59,109,112,123] [18,66,67,72,84,114,121,127] [0,9,47,49,110,111,117,125] [2,10,31,36,61,73,105,127] [3,9,24,28,30,61,79,103] [9,21,34,35,39,46,99,113] [28,47,63,73,78,82,91,95] [4,14,27,48,55,107,110,125] [2,16,49,59,61,85,87,93] [8,34,48,53,62,65,89,91] [19,68,75,80,99,118,122,124] [13,24,34,52,58,107,112,122] [3,18,24,45,49,100,109,123] [18,35,57,72,84,90,114,121] [0,2,9,47,49,96,104,110] [6,10,31,36,61,68,73,127] [3,26,37,52,71,79,103,114] [9,21,35,39,73,107,108,124] [33,42,63,71,80,89,91,125] [3,10,11,55,81,99,103,110] [2,16,31,44,61,87,91,96] [8,34,78,80,89,91,115,126] [19,49,52,54,72,79,80,83] [21,30,33,50,53,68,71,80] [12,18,19,69,88,98,100,111] [0,6,19,27,42,45,88,104] [17,42,45,46,63,112,114,119] [7,29,30,39,52,80,84,105] [35,48,52,71,73,95,110,111]
Token  83: [12,29,51,62,77,116,120,126] [8,67,76,78,107,111,114,122] [10,15,36,62,72,73,119,120] [7,9,24,26,29,37,116,120] [11,20,22,39,83,86,91,116] [16,18,47,60,78,96,102,117] [3,47,66,96,100,109,119,123] [1,45,46,69,73,82,87,91] [8,24,39,47,51,67,105,122] [0,37,48,57,77,79,103,113] [17,23,25,77,83,101,107,120] [25,47,69,71,87,92,110,126] [25,39,68,100,107,112,115,124] [18,24,63,83,85,89,91,121] [10,11,28,36,55,62,71,76] [31,35,56,61,68,78,98,115] [14,18,20,78,102,115,123,126] [14,20,37,75,84,99,107,113] [3,9,36,66,86,100,119,123] [1,26,45,73,82,87,91,98] [8,14,24,47,51,64,67,124] [0,22,37,57,69,79,103,113] [6,23,25,36,40,50,62,120] [9,16,20,31,71,79,92,126] [39,52,58,78,102,106,115,124] [24,29,30,37,79,85,91,124] [5,9,27,37,55,62,73,89] [2,8,21,56,61,68,96,98] [18,34,78,91,96,98,123,126] [13,14,37,80,84,104,107,122] [3,9,13,36,86,100,112,123] [3,26,38,45,82,91,98,115] [5,14,24,51,67,90,106,114] [22,37,48,79,81,103,112,113] [23,25,36,76,86,101,107,120] [9,21,25,31,71,87,92,126] [39,58,70,73,85,106,115,124] [24,49,52,85,89,91,102,125] [11,55,62,73,82,92,99,110] [2,7,16,25,77,87,91,98] [14,35,78,91,109,115,123,126] [51,79,80,81,84,93,121,124] [4,28,30,65,70,71,80,116] [2,4,6,65,69,74,75,111] [13,23,27,42,54,94,104,113] [4,12,42,45,48,114,119,127] [19,33,52,67,74,104,117,125] [34,48,51,54,71,83,110,114]
Token  84: [18,24,57,61,81,101,106,118] [9,30,39,48,91,98,105,111] [10,15,36,62,90,111,120,122] [7,23,26,30,32,80,97,120] [11,20,23,39,40,43,63,110] [16,18,51,96,102,105,117,119] [3,13,66,100,104,108,109,119] [27,32,45,46,69,73,82,91] [28,38,47,53,67,105,122,123] [0,32,37,44,48,57,80,99] [7,17,25,68,69,78,86,98] [3,21,36,47,48,96,99,109] [2,4,34,65,68,73,78,127] [28,58,66,83,91,101,106,112] [3,17,38,53,55,109,110,115] [6,10,16,31,40,75,89,91] [1,14,30,78,80,81,115,126] [1,18,19,21,27,55,78,82] [8,34,46,56,63,86,104,105] [9,24,45,49,82,100,109,112] [9,38,65,72,84,116,121,127] [0,9,10,49,80,110,111,125] [13,47,56,61,78,94,98,105] [23,24,49,54,61,64,96,125] [2,9,15,34,56,65,96,99] [15,26,28,58,92,104,106,112] [4,17,48,53,86,107,110,115] [6,16,40,49,59,61,101,120] [39,48,80,81,89,105,115,119] [1,18,21,55,72,75,82,93] [24,34,52,56,63,80,83,105] [24,30,32,82,103,106,109,123] [9,14,15,35,84,90,103,121] [0,10,49,80,96,104,110,111] [2,7,26,30,47,61,112,113] [4,15,37,39,64,66,109,111] [9,36,42,46,74,95,108,114] [10,20,23,27,29,31,91,104] [7,13,37,104,105,107,110,125] [11,26,59,75,91,102,117,120] [1,12,42,48,98,107,113,119] [13,34,59,80,88,89,105,123] [8,17,25,56,66,70,111,114] [11,29,30,55,65,69,80,98] [5,6,25,39,42,51,104,112] [4,16,29,73,110,114,116,117] [15,26,43,46,52,106,117,120] [3,36,46,51,58,83,110,118]
Token  85: [28,33,36,64,82,91,105,122] [8,9,16,30,47,48,68,122] [4,36,64,76,92,106,120,126] [24,33,56,70,73,78,80,116] [5,7,11,20,27,38,86,102] [4,5,16,18,36,72,87,93] [3,14,66,100,104,109,118,119] [1,27,45,46,69,73,82,91] [20,47,56,67,82,88,122,123] [32,35,37,41,57,66,81,99] [10,25,41,76,86,95,103,111] [16,22,42,92,99,106,116,126] [14,17,25,39,58,71,78,96] [18,57,58,63,74,91,109,115] [16,18,44,53,55,60,76,81] [2,7,17,31,38,68,77,89] [14,16,78,80,102,108,115,126] [0,65,75,80,82,99,100,121] [3,14,66,100,104,112,118,119] [1,13,45,73,82,91,106,112] [8,20,47,65,67,90,123,124] [0,13,41,47,69,79,99,113] [10,23,25,30,36,41,50,78] [3,4,25,31,42,48,92,125] [0,17,21,34,38,39,78,124] [23,29,33,57,63,78,91,109] [14,16,18,53,55,73,81,110] [2,16,31,61,75,88,122,126] [34,44,48,62,94,103,108,115] [0,37,63,65,99,108,116,122] [3,24,34,83,104,107,112,118] [2,3,24,63,82,100,109,123] [15,18,20,53,67,90,114,127] [0,32,41,47,49,79,80,117] [10,23,31,36,41,68,76,127] [3,9,11,17,25,42,92,103] [0,1,14,21,38,73,94,108] [26,57,63,91,103,109,110,123] [3,4,18,22,55,81,102,110] [2,16,31,51,61,77,107,122] [34,53,80,91,108,115,122,126] [0,63,65,81,82,100,121,122] [8,20,24,69,80,90,113,126] [47,56,74,75,80,84,104,121] [6,8,11,23,72,80,94,110] [5,26,45,47,76,83,87,114] [1,5,10,52,71,76,97,123] [14,15,21,31,44,74,92,127]
Token  86: [40,43,65,72,73,98,100,122] [18,38,70,94,100,106,122,127] [36,38,40,57,78,82,84,88] [6,31,37,71,84,89,116,127] [11,52,76,81,85,106,115,124] [8,9,37,59,61,64,66,125] [8,47,53,71,83,105,107,112] [24,45,49,69,75,82,109,112] [9,18,65,67,84,116,121,127] [0,9,27,49,80,110,117,125] [26,36,47,53,61,68,69,78] [7,24,30,49,61,93,103,125] [9,15,21,56,65,73,96,99] [6,15,28,33,58,91,110,122] [4,11,17,20,48,55,81,110] [2,10,31,41,70,85,93,101] [8,65,73,81,89,115,122,124] [18,19,21,33,42,55,99,105] [8,24,70,81,105,107,112,126] [18,24,45,49,59,62,109,112] [18,41,65,72,81,84,114,121] [0,9,49,50,98,110,122,125] [31,36,47,56,61,68,90,105] [1,3,23,24,54,61,93,103] [9,15,21,35,64,82,89,99] [15,28,33,38,58,60,78,110] [4,14,17,32,48,63,107,110] [2,16,31,38,41,70,85,101] [39,48,62,65,73,89,91,115] [18,19,21,55,68,105,108,118] [24,34,58,83,105,107,112,126] [18,24,45,49,92,106,109,112] [18,41,65,72,84,101,114,121] [0,9,16,49,96,104,110,125] [6,31,36,56,61,68,78,90] [3,23,24,49,54,61,103,125] [15,21,23,35,73,96,99,108] [15,23,26,28,33,58,91,110] [4,17,32,55,81,85,100,104] [2,10,16,31,41,52,59,70] [5,34,48,65,81,89,115,126] [21,48,55,59,69,80,88,105] [9,24,31,64,80,113,114,115] [31,37,46,77,78,88,104,111] [6,8,16,47,53,73,90,102] [22,27,52,82,87,94,101,114] [5,9,11,34,38,52,97,98] [20,44,57,73,74,86,105,109]
Token  87: [14,21,50,51,57,103,106,110] [3,6,9,15,62,95,111,122] [12,36,41,84,90,100,111,122] [4,12,32,39,71,85,87,117] [11,23,28,37,50,56,83,114] [18,47,51,68,95,103,105,110] [8,46,47,56,66,111,112,126] [3,24,45,69,75,82,106,109] [3,36,38,67,72,109,116,127] [0,9,32,49,65,80,98,122] [29,30,36,53,68,69,78,90] [3,48,54,63,81,103,109,125] [21,24,56,65,73,79,96,105] [23,26,33,66,83,91,110,122] [4,11,16,55,81,90,105,110] [2,10,16,31,59,70,72,103] [42,65,81,89,91,115,119,124] [18,21,33,55,78,83,90,99] [8,24,27,63,70,83,107,126] [24,30,45,59,62,106,109,112] [9,41,65,66,72,81,114,116] [0,9,16,49,84,98,122,125] [19,31,36,47,56,68,90,98] [1,3,23,26,32,54,103,125] [21,23,24,35,79,89,96,99] [15,23,26,28,33,82,91,118] [4,14,16,48,89,105,107,110] [2,16,41,59,70,72,120,127] [12,48,65,81,89,91,115,119] [1,18,55,68,75,83,90,99] [24,34,56,58,63,107,112,126] [3,24,59,75,82,106,109,112] [15,18,65,72,90,101,114,121] [0,32,65,84,96,98,122,125] [6,19,26,31,36,68,78,90] [3,23,54,59,63,103,109,125] [21,23,24,39,65,71,73,79] [23,26,33,66,82,91,110,118] [3,11,16,53,55,57,90,105] [2,31,40,50,59,72,103,120] [12,34,80,91,115,119,122,126] [2,9,35,66,78,80,90,103] [18,27,60,68,80,93,102,115] [6,29,36,46,65,87,100,104] [6,14,20,27,48,81,98,104] [12,22,27,45,58,70,114,123] [22,52,55,60,68,98,115,117] [36,47,66,86,88,120,123,124]
Token  88: [28,51,83,87,91,112,124,125] [9,16,29,48,67,68,74,122] [5,23,36,67,76,100,125,126] [12,37,70,73,85,101,112,114] [7,11,28,38,50,59,73,104] [10,18,63,68,74,87,93,103] [3,46,63,66,104,111,115,118] [2,24,32,33,45,69,82,106] [18,20,43,67,83,86,123,127] [0,32,59,65,66,68,80,102] [18,30,36,50,53,69,103,109] [9,22,36,42,48,53,69,99] [23,25,26,39,41,71,73,79] [2,23,33,41,82,83,91,110] [5,11,16,53,60,63,102,109] [2,16,31,32,38,40,72,126] [42,48,80,84,89,91,115,122] [4,37,46,82,90,94,103,122] [46,52,63,86,104,112,116,119] [2,33,44,45,82,94,100,106] [5,18,20,67,86,90,114,127] [0,32,47,65,66,80,102,111] [6,36,42,50,69,75,103,109] [4,14,28,48,52,53,54,63] [23,26,39,57,71,73,79,114] [2,13,23,33,82,91,98,118] [3,16,53,73,102,103,109,110] [2,6,16,40,50,61,72,99] [48,60,80,91,94,100,115,122] [4,46,68,90,99,103,122,124] [3,34,56,63,107,112,116,122] [2,3,33,44,56,82,100,106] [15,18,36,67,72,90,114,127] [0,13,32,47,65,80,102,123] [6,31,36,50,68,69,90,103] [3,38,48,52,54,63,69,103] [21,23,26,35,39,57,73,79] [13,33,41,76,82,91,110,118] [3,11,16,53,55,63,102,110] [2,16,31,40,59,72,77,126] [60,80,91,94,108,110,115,122] [36,46,64,81,90,94,103,122] [8,23,24,49,68,80,90,125] [12,19,49,74,80,100,121,125] [6,11,23,45,88,94,98,99] [5,17,22,26,45,46,76,114] [5,29,30,39,52,81,96,105] [15,21,44,74,92,111,121,127]
Token  89: [72,76,95,100,102,110,119,122] [12,62,64,70,94,100,106,122] [30,75,77,78,87,94,99,125] [25,61,73,82,101,105,112,116] [11,12,50,52,59,92,118,126] [8,17,25,33,37,59,64,103] [24,34,47,53,56,63,71,107] [18,24,45,59,62,82,106,109] [38,57,65,67,86,90,116,127] [0,19,49,80,87,96,111,125] [16,26,30,47,51,53,57,68] [3,7,21,24,28,54,60,125] [2,9,15,50,56,65,96,105] [0,15,23,26,28,58,78,91] [3,17,55,67,81,90,100,110] [10,16,31,40,59,85,101,120] [65,80,81,83,84,89,105,115] [1,18,21,42,55,78,83,99] [8,24,26,34,63,70,105,116] [18,24,30,49,62,106,109,112] [37,38,46,53,65,72,84,121] [0,9,49,80,96,110,122,125] [47,56,61,68,78,90,98,105] [3,7,23,24,49,61,64,125] [9,15,23,56,65,96,99,113] [0,15,19,26,28,58,81,104] [4,17,32,48,55,100,107,110] [16,31,49,59,70,101,120,127] [39,80,81,83,89,103,105,115] [1,18,21,55,78,82,83,99] [24,26,53,63,70,78,105,126] [18,24,28,59,62,106,109,112] [37,38,46,53,57,65,72,101] [16,49,55,69,87,96,122,125] [26,56,58,68,78,98,105,115] [3,7,21,23,52,64,121,125] [8,21,23,56,65,73,85,96] [0,20,26,47,78,103,104,112] [17,81,86,102,104,107,109,125] [11,25,48,49,59,72,75,120] [35,42,49,70,87,89,107,115] [21,34,49,59,72,88,105,118] [4,17,53,56,66,77,111,114] [2,18,69,80,96,98,99,113] [5,6,12,25,41,62,99,114] [29,48,52,77,88,90,95,107] [37,43,46,53,54,71,81,106] [23,46,48,53,65,83,109,110]
Token  90: [32,46,48,49,58,72,78,118] [2,12,33,34,62,93,107,122] [14,48,51,65,77,90,100,115] [13,37,60,73,75,84,116,125] [11,23,38,50,59,63,73,83] [18,31,35,55,74,105,107,119] [13,46,63,64,66,86,104,115] [2,32,33,69,73,82,94,106] [35,36,43,67,72,86,90,97] [0,32,51,57,65,80,102,125] [16,30,36,50,68,69,88,103] [3,9,14,22,48,54,69,109] [21,23,25,71,73,79,114,125] [18,33,78,82,83,91,110,113] [5,11,55,63,102,105,109,110] [16,31,38,40,47,72,120,127] [11,42,48,80,84,89,115,119] [2,18,66,75,80,90,99,122] [13,46,63,87,104,107,112,122] [2,3,45,56,62,75,82,92] [0,5,18,45,53,67,72,114] [0,13,32,47,50,65,106,122] [6,16,19,31,36,68,75,103] [3,20,30,48,54,63,103,109] [21,23,39,71,73,79,89,125] [26,33,66,73,78,82,91,118] [4,24,55,63,73,89,105,110] [2,5,16,26,38,59,61,72] [11,34,42,48,89,91,115,119] [66,78,83,90,99,120,122,124] [3,34,58,63,98,107,112,116] [2,3,24,33,45,56,82,106] [18,36,53,67,90,101,114,127] [0,47,49,65,80,81,96,122] [3,6,31,36,50,68,69,113] [1,3,52,54,63,69,103,109] [21,26,35,39,71,73,114,125] [2,33,66,78,82,83,91,113] [3,11,53,55,63,102,105,110] [2,16,31,40,61,72,91,120] [11,48,80,91,115,119,122,126] [2,9,35,66,80,83,90,103] [18,25,27,68,80,93,98,102] [6,29,36,46,87,91,100,104] [6,14,20,27,48,81,98,104] [12,22,37,45,70,80,114,123] [22,52,55,60,68,80,98,115] [36,47,66,71,88,120,123,124]
Token  91: [0,23,28,41,62,87,124,125] [29,38,45,67,68,73,77,122] [36,49,73,76,106,125,126,127] [9,12,14,24,40,62,70,114] [11,27,28,50,57,73,77,104] [10,48,72,83,87,115,117,119] [3,46,63,64,66,86,104,118] [32,33,69,73,82,100,106,110] [20,67,86,97,101,111,118,123] [0,35,57,62,68,77,80,109] [30,41,43,50,88,89,95,124] [0,16,33,39,48,64,81,96] [0,42,67,73,95,102,103,114] [10,18,41,82,83,91,106,109] [3,5,11,47,53,60,75,99] [31,40,56,72,77,82,91,120] [14,48,60,78,80,114,115,126] [36,46,64,68,99,103,113,122] [46,63,65,66,86,104,116,118] [3,32,33,45,73,82,106,110] [3,6,20,22,67,86,101,114] [0,35,40,47,57,62,68,80] [10,30,36,41,43,88,95,124] [1,9,18,42,48,55,64,69] [0,17,34,42,67,71,73,114] [33,45,57,63,82,91,110,120] [3,4,47,53,55,73,75,110] [2,16,31,40,72,77,120,126] [42,48,60,80,91,94,100,115] [46,68,83,93,103,116,122,124] [3,34,46,63,66,112,116,118] [3,33,44,45,82,100,106,115] [18,20,67,90,101,114,116,118] [0,13,40,47,65,68,80,106] [10,23,30,36,41,50,109,127] [9,18,25,42,48,54,55,64] [0,14,16,39,73,95,103,114] [16,41,50,57,76,82,89,91] [11,22,47,55,71,73,102,110] [2,31,40,51,56,72,77,91] [60,80,91,94,108,110,115,122] [6,36,46,64,80,81,103,124] [8,24,49,68,77,80,90,125] [12,18,49,74,80,104,111,121] [6,23,27,72,88,94,99,104] [5,17,22,26,58,76,87,114] [5,29,30,52,81,96,98,104] [15,21,31,74,111,114,121,127]
Token  92: [16,47,53,66,70,104,107,120] [34,62,67,77,86,107,111,122] [10,14,36,74,87,116,125,126] [12,13,56,71,76,87,89,114] [0,11,23,25,43,58,73,77] [18,35,68,73,80,93,107,119] [13,34,56,63,111,112,115,116] [3,24,45,50,60,82,87,106] [18,36,64,67,86,97,114,127] [0,13,49,65,80,84,94,125] [26,36,43,68,69,78,121,127] [3,9,28,30,48,69,93,125] [9,21,23,25,39,53,73,78] [26,33,44,63,78,82,91,122] [4,11,42,55,63,80,81,110] [2,16,31,38,49,60,99,127] [7,40,48,65,80,89,91,115] [18,52,53,55,80,82,99,122] [12,13,47,63,87,112,116,122] [3,18,24,45,59,62,75,87] [5,18,41,53,57,72,101,114] [0,47,49,50,78,79,106,122] [3,19,31,36,47,68,75,127] [3,30,54,56,63,93,103,107] [9,21,35,39,52,64,73,89] [26,33,60,63,73,78,81,91] [1,4,14,63,67,80,89,110] [2,8,16,38,41,68,83,93] [7,40,48,62,65,89,91,103] [18,52,68,75,93,118,122,123] [24,26,34,58,63,88,112,126] [18,24,45,75,87,100,106,109] [15,18,57,72,81,90,101,114] [0,2,13,47,49,65,94,96] [3,6,26,31,36,68,75,127] [1,3,48,54,63,93,101,103] [21,35,39,42,53,73,75,89] [26,44,71,75,76,82,91,125] [11,24,29,55,79,80,99,110] [2,16,48,55,59,60,84,91] [7,40,60,80,89,91,115,122] [6,15,52,53,68,80,103,124] [24,37,59,68,73,76,80,125] [8,43,49,81,100,104,112,124] [6,19,27,32,37,45,54,80] [20,22,45,46,63,112,114,119] [39,44,52,80,82,84,105,124] [19,27,32,35,52,71,90,95]
Token  93: [0,3,28,29,30,62,67,126] [11,62,67,78,86,99,114,122] [36,62,69,72,87,119,121,126] [1,5,11,26,43,76,78,101] [0,11,39,51,59,74,83,104] [18,26,45,54,56,78,80,103] [34,46,55,63,64,71,112,115] [3,24,69,73,82,87,103,106] [3,24,27,38,64,67,101,127] [0,23,49,65,69,80,94,104] [14,36,43,45,50,53,68,69] [48,68,69,86,89,93,115,125] [9,21,25,39,53,71,73,95] [18,20,24,33,44,58,63,91] [9,11,19,55,62,63,96,110] [2,26,31,38,56,68,106,127] [25,40,42,48,89,91,111,115] [18,37,53,68,75,84,99,122] [12,34,50,58,63,104,112,115] [3,24,45,56,59,82,87,100] [5,18,24,56,64,93,114,127] [0,2,13,47,49,81,94,106] [31,36,43,45,60,68,75,94] [3,4,9,25,30,48,68,103] [9,21,52,54,67,73,89,95] [26,29,33,49,63,73,82,91] [4,14,62,63,89,96,103,110] [2,16,38,59,63,68,87,127] [42,48,89,91,100,111,115,123] [37,80,84,93,99,120,122,124] [12,34,36,55,58,62,112,122] [3,40,45,47,56,59,87,115] [5,18,24,48,90,101,114,127] [0,21,47,53,65,81,94,123] [36,37,50,68,75,77,80,116] [9,28,31,33,68,101,104,120] [20,34,39,53,54,61,73,95] [13,24,44,49,68,71,89,91] [2,3,29,55,62,103,109,110] [2,16,48,55,84,87,91,106] [26,48,78,80,91,107,111,115] [37,53,80,84,93,100,103,124] [8,20,24,28,30,33,68,110] [2,16,33,68,72,94,96,104] [6,32,42,84,94,104,108,114] [39,47,67,83,86,87,114,119] [10,35,45,74,76,96,104,120] [0,46,51,54,71,83,90,110]
Token  94: [43,61,69,80,81,93,97,101] [41,47,57,83,85,86,115,116] [36,69,72,87,92,116,117,126] [1,5,11,19,26,71,85,114] [0,11,39,65,73,74,91,104] [18,54,56,74,80,93,111,119] [3,13,46,63,64,86,104,115] [3,58,69,72,73,82,103,106] [3,27,28,64,67,86,99,101] [0,45,48,57,62,69,77,80] [14,17,30,36,45,50,69,83] [15,48,58,67,86,110,115,120] [18,25,39,68,69,71,73,95] [13,18,24,44,63,91,121,126] [9,11,19,28,29,63,66,96] [2,3,26,31,38,61,79,88] [4,48,62,80,98,105,115,121] [5,14,30,80,97,122,124,126] [3,25,46,63,104,112,115,116] [3,24,45,56,79,82,100,106] [5,10,67,93,114,123,124,127] [0,21,47,62,68,69,80,106] [14,36,45,48,50,75,80,94] [4,15,20,28,48,58,110,121] [39,45,47,69,70,91,95,122] [13,24,29,44,78,91,121,126] [9,19,22,29,96,103,109,110] [2,26,59,61,63,68,88,120] [4,10,42,48,91,100,107,121] [13,14,30,37,51,116,124,126] [3,9,34,58,63,77,89,104] [12,41,47,56,72,74,79,115] [5,10,18,48,90,101,108,123] [4,43,44,53,69,77,80,81] [29,50,51,75,77,80,116,118] [13,15,28,31,58,104,110,120] [11,18,28,34,54,69,78,122] [13,24,27,68,71,89,91,126] [19,29,55,84,101,103,109,110] [2,26,40,48,84,88,91,100] [4,26,80,91,105,107,115,122] [30,45,49,51,80,83,124,126] [21,30,50,65,71,80,115,119] [36,46,58,61,68,72,104,111] [3,6,8,27,71,104,114,121] [12,20,22,45,103,114,117,127] [17,52,60,67,98,117,125,127] [51,55,71,74,103,104,110,117]
Token  95: [23,28,30,57,77,87,91,125] [22,45,60,67,68,85,90,122] [25,36,64,74,76,115,125,126] [5,9,24,35,70,91,92,104] [8,11,27,32,60,61,86,104] [10,18,23,48,54,76,87,123] [3,46,63,66,98,104,111,118] [3,27,32,45,69,82,103,106] [3,14,20,35,67,86,101,123] [35,40,41,57,62,68,70,80] [30,45,50,70,95,109,111,124] [16,33,42,48,64,73,97,126] [9,34,38,73,76,85,95,102] [18,36,62,89,91,106,109,120] [3,42,53,55,60,68,69,109] [31,40,54,83,89,106,117,120] [1,30,78,80,110,114,115,126] [0,36,64,65,88,93,121,122] [3,46,63,66,71,86,104,115] [9,32,33,45,79,82,100,106] [3,14,20,35,67,86,101,123] [17,35,40,47,57,62,68,80] [23,30,36,45,70,109,111,124] [1,9,28,42,48,64,73,97] [0,17,18,34,38,95,102,112] [29,36,62,63,91,106,109,120] [3,14,19,36,55,69,71,109] [2,37,54,61,68,106,120,126] [10,14,35,42,91,110,115,126] [11,68,80,83,88,93,100,122] [3,5,36,46,63,66,104,115] [3,32,33,45,55,79,82,106] [3,10,22,35,67,93,97,101] [0,30,40,41,57,69,80,109] [2,7,23,30,45,70,71,111] [9,25,28,33,42,48,64,73] [17,29,50,85,95,103,112,115] [29,36,41,62,63,85,89,91] [11,46,55,73,94,103,109,110] [0,2,21,25,31,54,61,106] [27,53,70,91,100,107,115,126] [11,68,80,81,92,93,100,124] [4,8,24,25,30,70,80,116] [24,47,74,75,80,82,94,96] [5,6,11,23,42,94,104,126] [12,26,48,67,76,86,87,114] [1,15,33,51,76,96,122,123] [14,44,46,61,74,82,83,110]
Token  96: [0,24,31,63,83,107,111,120] [2,8,25,34,41,111,124,126] [12,53,62,67,74,85,88,126] [5,6,89,104,109,114,117,122] [11,38,43,76,79,85,106,120] [5,18,35,42,54,72,76,125] [27,32,34,46,47,63,112,115] [3,49,58,69,73,82,103,106] [10,66,67,84,93,101,114,121] [0,2,23,78,84,98,104,110] [36,43,45,68,69,73,78,90] [3,7,26,28,48,81,93,125] [9,21,39,73,78,85,96,107] [6,18,33,43,58,63,80,91] [10,11,19,35,63,72,81,110] [2,21,23,31,38,64,85,117] [8,42,48,62,89,91,115,124] [3,13,19,72,80,99,122,124] [13,47,63,88,104,112,115,122] [3,24,45,56,58,79,82,92] [5,10,53,66,93,114,123,124] [0,2,47,49,69,98,104,115] [23,31,36,45,48,73,75,90] [3,4,9,20,26,62,81,94] [18,37,45,85,92,93,95,107] [13,29,36,63,78,80,81,91] [14,19,89,91,96,103,109,110] [2,21,59,63,64,75,87,99] [4,28,42,46,53,91,98,100] [13,19,30,89,93,120,124,126] [9,13,34,36,58,87,88,107] [10,12,25,36,41,56,115,121] [5,10,18,48,66,90,123,127] [4,34,53,63,77,81,98,115] [8,36,50,70,73,75,90,118] [17,26,28,31,33,62,81,120] [18,33,37,45,93,109,111,122] [27,30,71,80,85,89,91,97] [2,6,19,29,55,103,110,113] [2,26,48,63,84,88,106,118] [1,4,48,78,91,98,107,115] [19,30,49,59,80,83,124,126] [21,30,43,47,50,71,80,119] [33,55,58,68,91,98,104,106] [0,6,19,27,104,112,114,115] [4,12,16,45,103,114,117,119] [15,52,60,98,102,117,125,127] [28,46,48,51,71,73,83,110]
Token  97: [23,28,52,87,91,105,112,124] [8,25,67,68,81,88,90,122] [4,23,25,36,64,76,114,115] [9,12,24,29,70,92,104,109] [5,11,27,38,57,73,97,104] [4,18,74,76,87,96,110,119] [3,20,63,66,88,104,111,118] [3,27,32,45,69,73,82,106] [3,6,20,35,47,67,86,101] [0,35,57,62,68,77,79,80] [30,45,50,58,70,109,111,124] [1,3,33,42,64,78,81,92] [25,34,67,71,73,85,95,102] [18,29,36,43,85,89,91,112] [4,5,18,55,71,81,109,110] [2,19,31,38,64,75,89,127] [14,42,48,78,80,114,115,126] [63,68,80,90,99,108,118,122] [3,13,63,88,104,112,116,118] [3,9,24,32,33,45,79,82] [3,10,20,45,53,67,114,124] [0,40,41,47,79,80,95,104] [23,36,45,48,70,75,109,111] [1,28,42,78,81,92,94,103] [0,9,17,21,34,37,85,95] [29,33,36,63,73,78,81,91] [14,31,35,47,81,89,109,110] [2,13,59,61,64,99,120,126] [28,34,42,46,48,88,91,110] [4,13,37,68,80,118,120,122] [3,63,87,88,107,112,122,126] [1,3,29,39,41,45,47,82] [2,6,10,18,27,90,114,127] [0,41,47,56,79,81,95,123] [6,10,36,50,68,70,75,82] [1,3,25,28,31,64,81,92] [18,21,33,37,39,62,75,108] [12,27,33,36,71,73,89,91] [3,14,31,47,55,81,103,110] [2,16,31,48,51,64,77,110] [23,28,48,54,91,109,115,122] [11,63,68,81,83,103,120,124] [14,20,24,25,76,77,80,115] [46,47,56,74,94,96,99,121] [6,8,11,12,94,104,107,110] [2,5,18,26,76,86,87,114] [1,5,71,76,93,96,97,123] [14,23,31,44,74,82,92,127]
Token  98: [0,40,43,65,72,73,98,100] [18,38,61,70,94,100,122,127] [3,38,40,57,82,84,88,123] [6,31,53,71,84,89,116,117] [13,52,58,76,81,85,106,115] [22,37,59,61,64,66,73,125] [8,47,53,71,83,105,107,112] [18,24,45,49,59,82,109,112] [9,18,57,65,72,84,114,121] [0,9,19,49,80,110,122,125] [3,26,31,36,53,61,68,78] [7,24,30,61,63,93,103,125] [9,15,21,56,65,73,96,99] [15,26,28,33,58,78,80,110] [4,11,20,48,63,81,104,110] [2,10,31,41,52,59,85,101] [8,65,73,76,81,89,115,124] [18,19,33,42,55,80,99,105] [24,35,70,81,112,116,122,126] [3,18,24,45,49,59,62,112] [18,41,53,57,72,84,114,121] [0,2,9,49,50,110,122,125] [31,36,47,56,57,61,68,90] [3,24,30,56,61,93,103,107] [21,35,52,64,73,89,94,99] [26,33,58,60,63,78,80,81] [4,14,32,63,67,81,104,110] [2,16,31,38,41,52,85,127] [39,48,62,65,73,89,91,115] [18,19,33,48,50,68,105,118] [24,26,34,35,58,63,112,126] [18,24,49,56,59,106,112,123] [45,53,65,72,90,101,114,121] [0,2,16,49,96,98,110,125] [3,6,26,31,36,57,68,90] [3,21,23,24,32,49,54,103] [15,21,23,39,71,73,89,99] [15,26,28,33,58,78,91,110] [3,4,17,32,55,81,104,110] [2,16,48,52,59,70,84,101] [34,48,65,73,81,89,91,115] [21,42,48,55,69,80,105,124] [24,31,64,68,80,113,114,115] [31,46,77,78,88,96,100,104] [6,8,16,53,73,90,104,107] [2,22,27,45,87,94,101,114] [5,11,34,38,52,97,98,118] [20,44,57,73,74,86,105,109]
Token  99: [7,21,34,50,51,63,75,106] [6,9,15,22,23,95,111,122] [8,36,46,54,65,90,100,122] [4,12,64,67,71,85,94,127] [11,26,50,56,87,100,114,120] [18,47,54,68,73,105,110,119] [3,13,46,47,63,66,112,115] [27,32,45,69,73,82,103,106] [14,18,36,38,67,109,114,123] [0,26,49,65,77,80,122,125] [0,1,6,36,45,68,69,123] [3,48,50,62,63,81,93,103] [8,21,24,25,52,73,92,118] [18,23,26,66,82,83,91,98] [4,11,55,63,84,96,109,110] [2,31,47,56,61,72,87,127] [42,48,51,55,91,99,115,119] [3,4,18,80,94,99,122,126] [12,13,58,63,87,112,116,122] [3,24,45,59,75,79,82,92] [5,36,53,57,67,72,109,114] [0,2,47,49,50,65,78,122] [6,19,31,36,68,69,73,75] [3,30,48,50,62,63,81,103] [21,24,39,52,71,73,89,118] [23,26,33,63,66,73,78,91] [4,63,81,84,89,96,103,110] [2,13,16,38,59,72,84,99] [42,48,55,89,91,98,100,119] [3,4,68,80,94,99,124,126] [3,9,34,36,58,88,107,112] [3,24,39,56,59,75,82,92] [5,10,36,48,90,101,114,127] [0,13,56,65,73,77,81,123] [6,31,36,50,68,75,86,115] [3,11,31,33,48,50,62,101] [21,24,39,52,54,62,73,118] [66,71,82,89,91,102,125,126] [37,44,55,68,84,96,103,110] [2,37,50,63,72,84,87,91] [34,51,91,98,100,101,115,119] [3,49,68,80,81,121,124,126] [30,33,36,38,71,77,80,98] [33,36,58,61,72,96,100,104] [3,6,9,19,27,44,99,104] [2,4,12,20,45,91,114,119] [15,19,21,52,60,81,117,127] [26,36,51,71,94,110,113,120]
Token 100: [23,28,36,87,91,105,112,124] [16,29,59,68,81,85,89,122] [4,23,25,36,41,52,64,76] [9,12,35,70,92,101,104,114] [11,27,28,38,50,97,101,119] [4,5,10,18,74,76,87,119] [3,23,63,66,104,108,111,118] [1,27,32,33,45,69,82,106] [3,18,20,35,47,67,101,123] [35,57,62,66,68,77,80,97] [25,30,45,58,69,88,109,111] [3,22,42,48,64,95,96,106] [26,34,39,50,71,73,85,114] [18,41,43,57,63,82,85,91] [5,36,47,55,60,66,71,110] [2,31,37,54,61,72,111,126] [14,48,60,78,108,110,115,126] [37,46,68,80,88,99,121,122] [3,13,63,65,66,104,112,118] [2,4,27,32,45,56,82,106] [3,18,20,47,67,113,114,124] [13,40,47,51,62,66,77,80] [25,30,36,45,88,109,111,127] [9,22,25,42,48,64,94,96] [0,17,26,34,50,95,102,115] [36,43,63,82,85,91,104,106] [36,47,53,71,73,83,109,110] [2,37,44,61,72,82,120,126] [14,42,60,78,80,91,122,126] [4,46,64,83,93,94,100,122] [36,46,52,63,66,71,109,115] [1,3,27,45,48,69,82,106] [3,10,18,20,67,90,101,113] [0,40,47,57,65,77,80,123] [23,25,30,36,41,50,109,111] [22,25,28,33,38,48,64,117] [7,14,17,18,26,33,57,92] [16,27,29,41,82,85,89,91] [11,29,36,47,55,102,103,110] [2,37,46,50,51,59,77,84] [23,28,60,70,91,109,110,115] [11,36,46,80,81,103,121,124] [8,24,30,68,70,71,80,90] [12,19,74,80,96,99,100,125] [3,6,11,23,88,94,99,104] [4,17,26,45,76,114,116,119] [15,29,30,33,76,81,96,104] [52,71,74,83,110,111,119,121]
Token 101: [16,29,70,81,97,101,104,120] [2,20,63,76,86,107,122,124] [7,10,14,36,72,100,107,116] [13,19,25,41,71,85,89,94] [0,23,25,38,43,59,74,83] [5,47,54,79,80,107,110,119] [3,13,14,46,63,66,112,115] [24,45,50,69,82,87,90,103] [14,34,56,64,67,99,101,123] [0,30,45,51,57,66,77,94] [6,14,36,45,48,50,69,83] [3,4,9,15,48,69,72,86] [25,39,41,53,73,92,95,118] [18,43,44,75,85,91,117,126] [5,11,55,63,80,92,96,110] [2,19,31,37,56,88,126,127] [7,11,40,42,48,78,115,121] [14,20,54,75,80,99,121,122] [9,12,13,47,63,66,112,115] [3,45,50,56,82,87,92,121] [2,5,64,67,72,114,123,127] [0,8,47,51,66,77,94,117] [6,14,31,36,45,50,68,75] [3,4,9,15,20,33,48,78] [11,18,21,52,73,85,92,95] [29,33,44,63,78,85,91,126] [4,63,81,89,96,109,110,113] [2,5,13,38,56,59,84,88] [7,40,48,91,98,103,107,121] [13,14,51,83,99,120,123,124] [3,9,13,34,58,107,112,124] [3,24,59,82,87,88,92,115] [10,18,48,64,72,90,114,127] [0,4,13,21,77,81,94,123] [6,14,36,50,68,75,80,116] [3,15,17,31,78,86,101,104] [11,21,39,49,53,70,73,95] [24,44,68,75,85,91,125,126] [29,37,53,55,62,103,110,113] [2,37,56,59,84,88,94,112] [7,14,16,40,80,91,115,122] [14,49,51,79,80,93,121,124] [24,30,50,65,68,71,76,80] [2,7,10,65,69,96,100,111] [3,6,33,39,54,71,104,113] [4,19,45,94,114,116,119,127] [15,19,52,63,67,76,90,125] [0,27,34,71,79,83,110,117]
Token 102: [0,27,50,61,106,110,111,118] [44,46,62,76,86,99,116,126] [7,10,14,36,45,52,72,122] [7,9,41,67,71,80,94,114] [0,11,38,43,45,73,95,114] [5,18,51,54,76,80,105,119] [3,13,20,46,63,66,109,111] [27,32,33,45,69,73,82,106] [2,3,34,38,67,93,99,111] [0,23,49,57,77,80,94,97] [9,14,25,30,45,50,69,83] [3,9,15,67,72,78,86,106] [41,47,65,68,71,73,95,102] [12,44,58,66,91,104,113,119] [11,36,53,55,66,96,105,109] [19,40,56,59,61,82,91,120] [1,14,21,78,80,84,115,126] [18,62,83,103,107,112,113,121] [3,34,46,63,66,86,104,119] [3,9,27,44,45,73,82,106] [43,65,67,90,116,120,123,127] [13,57,68,80,84,102,113,118] [30,45,50,54,69,78,83,98] [48,54,67,69,78,96,115,125] [2,17,34,42,73,79,95,115] [12,82,83,91,99,104,106,119] [3,8,36,53,66,96,115,125] [16,40,44,56,59,75,89,125] [14,50,53,80,93,105,115,126] [1,66,72,82,83,93,103,116] [3,46,56,66,104,109,110,119] [32,44,67,73,82,98,103,106] [9,43,44,67,94,106,116,123] [57,68,80,102,111,112,113,117] [7,10,25,30,33,41,45,82] [0,4,21,78,96,99,109,115] [14,17,32,42,92,95,108,118] [10,12,20,27,51,104,112,126] [3,15,29,36,53,87,105,125] [11,40,44,50,75,89,120,125] [1,42,48,51,69,105,107,113] [13,34,39,49,59,80,88,105] [17,30,56,70,78,80,111,114] [46,55,65,72,74,80,82,91] [3,5,6,9,11,64,112,113] [4,29,45,77,88,92,110,114] [15,44,46,51,62,77,90,125] [3,7,36,42,51,83,110,120]
Token 103: [22,28,41,47,73,83,87,95] [7,29,48,63,67,85,122,126] [8,36,50,54,59,65,72,76] [12,33,37,40,41,58,104,117] [11,27,28,65,73,87,97,120] [18,27,30,31,74,79,90,117] [3,20,66,104,109,111,115,118] [1,27,32,45,69,73,82,106] [2,3,8,19,47,67,106,122] [0,37,57,62,68,77,80,83] [9,25,30,41,43,49,50,124] [3,4,21,48,78,97,114,126] [39,65,67,73,92,95,102,115] [12,43,58,89,91,106,115,127] [3,5,11,36,55,66,69,110] [2,17,31,32,40,82,89,120] [14,30,78,80,81,114,115,126] [1,17,18,36,82,92,99,121] [3,46,63,66,71,86,104,115] [3,9,27,44,45,82,106,112] [3,47,65,67,86,116,123,124] [0,68,69,80,111,113,122,125] [10,30,36,50,68,69,78,98] [48,54,78,92,96,99,120,125] [2,14,17,34,46,79,95,102] [23,27,82,91,99,104,106,112] [14,36,38,53,66,76,86,109] [16,40,48,58,75,82,89,125] [14,78,79,80,93,114,115,126] [66,72,75,82,93,100,115,121] [46,54,86,100,104,109,115,119] [1,27,32,45,48,69,82,97] [9,47,67,88,94,106,123,124] [7,25,37,62,68,80,113,117] [7,25,30,33,41,45,71,82] [0,4,51,78,94,96,99,100] [4,14,17,42,92,95,108,127] [20,27,61,89,92,104,112,115] [14,15,29,36,68,87,92,125] [11,25,26,33,75,77,87,89] [30,35,42,48,80,100,107,115] [11,34,59,88,92,100,115,124] [4,8,30,47,70,80,109,114] [16,18,74,80,94,96,99,100] [1,3,6,11,23,26,39,72] [4,16,26,45,76,104,107,114] [15,51,52,76,90,96,104,116] [21,26,51,71,83,110,114,121]
Token 104: [12,23,28,36,62,70,112,116] [4,13,29,38,63,98,104,122] [7,25,36,42,49,65,76,106] [5,12,40,41,43,62,100,119] [1,11,27,73,77,89,103,116] [18,23,30,48,50,74,78,90] [63,66,104,108,109,111,115,118] [27,32,33,45,58,69,82,106] [3,19,67,79,106,122,123,125] [38,57,62,80,83,99,106,124] [25,30,36,50,62,87,94,95] [4,15,39,75,104,114,120,126] [20,38,78,85,95,102,115,126] [4,12,18,20,35,41,85,91] [11,18,29,36,47,55,69,125] [2,20,31,38,50,71,82,111] [14,42,77,78,98,114,115,126] [0,37,65,68,75,115,121,122] [3,63,66,104,109,115,116,119] [1,21,27,33,45,58,82,106] [3,19,47,67,72,79,106,117] [37,38,40,47,57,62,83,113] [23,25,30,36,50,87,109,124] [16,48,55,73,78,97,114,126] [17,33,38,39,46,85,95,103] [12,63,73,78,85,89,91,109] [14,36,47,69,82,109,110,116] [0,2,26,33,54,75,77,88] [35,42,48,56,70,91,98,110] [30,80,93,100,104,115,120,122] [3,36,55,107,109,115,116,119] [1,3,24,27,45,48,58,82] [2,3,13,19,22,67,90,113] [21,38,40,44,57,77,106,109] [9,33,36,37,50,84,89,109] [9,15,55,68,73,78,114,120] [1,20,39,73,85,92,103,122] [4,12,27,29,41,85,89,91] [11,26,29,36,47,55,91,110] [2,21,33,46,50,54,77,110] [23,48,49,70,91,109,115,116] [13,54,75,80,93,96,115,124] [8,30,53,70,77,81,89,114] [46,47,69,74,94,96,99,100] [3,9,12,23,39,94,104,113] [4,67,76,86,87,90,114,126] [15,76,90,93,96,122,123,125] [0,14,44,48,82,110,114,119]
Token 105: [18,31,63,81,83,101,107,120] [8,34,41,42,57,98,111,124] [10,36,53,67,72,84,88,123] [6,12,41,56,85,89,109,114] [11,73,79,85,89,106,114,120] [4,7,20,27,42,72,119,125] [41,43,47,66,105,112,115,119] [24,27,45,49,58,69,73,82] [3,19,66,67,72,84,113,114] [0,2,23,69,80,98,110,125] [6,36,48,68,69,73,78,90] [3,4,15,26,48,72,121,125] [25,39,71,73,92,95,107,122] [6,12,18,20,80,83,85,91] [10,11,14,48,63,66,109,110] [2,23,31,38,47,56,79,85] [8,42,48,62,91,98,107,115] [13,19,30,59,75,80,99,122] [3,13,63,87,112,115,116,122] [3,24,45,49,56,59,82,92] [2,5,66,67,84,90,114,121] [0,2,9,47,81,92,98,110] [8,31,36,61,68,73,75,90] [3,4,9,15,26,48,78,92] [11,18,21,47,85,92,93,122] [12,29,33,35,63,78,80,91] [4,29,81,89,96,110,113,116] [2,21,27,50,59,75,84,88] [25,40,42,48,53,91,98,107] [3,19,80,83,93,99,120,124] [3,9,13,36,58,88,107,126] [3,24,25,39,56,59,82,115] [2,5,18,48,64,66,90,127] [0,4,21,34,53,77,81,98] [3,36,50,73,75,84,90,118] [15,26,31,52,78,82,104,120] [20,33,39,49,73,93,107,122] [12,34,35,80,85,89,91,125] [2,11,29,55,91,103,110,113] [2,33,48,50,59,84,88,94] [14,40,48,62,78,80,91,115] [19,37,49,59,80,83,93,124] [3,21,24,30,50,57,68,80] [6,7,65,68,96,98,100,111] [0,6,27,39,42,99,104,114] [4,19,45,94,114,119,126,127] [15,35,52,63,67,81,97,125] [34,48,51,54,79,83,110,117]
Token 106: [27,48,49,50,78,106,110,118] [2,8,24,25,34,56,99,126] [7,10,36,45,53,67,72,122] [29,41,51,71,87,94,109,114] [11,23,79,83,95,107,110,114] [18,20,42,51,96,105,110,119] [43,46,63,66,86,96,111,115] [27,32,45,56,58,69,73,82] [2,3,21,38,66,67,72,123] [0,23,57,69,79,80,85,98] [25,50,68,69,73,78,98,126] [3,7,21,26,28,48,78,125] [8,18,65,73,78,79,85,107] [0,12,58,66,80,83,91,104] [3,10,36,53,55,66,96,115] [23,40,61,82,89,91,120,121] [1,14,30,50,78,84,115,126] [1,9,18,82,83,103,112,116] [3,34,46,56,63,64,86,104] [3,9,32,44,73,82,100,106] [44,65,67,72,86,90,123,127] [10,49,68,80,96,98,102,111] [10,18,30,50,78,90,94,98] [3,21,54,67,78,92,96,99] [2,9,21,26,34,46,79,95] [12,42,82,92,103,104,106,112] [8,14,36,53,86,110,111,115] [2,6,16,37,44,59,61,75] [14,48,50,80,89,93,105,115] [72,82,88,93,103,113,116,124] [30,34,56,66,83,86,104,119] [3,32,44,60,73,82,103,121] [9,15,43,44,67,90,116,127] [10,57,68,102,111,114,117,123] [2,7,13,25,30,33,50,103] [4,21,37,78,99,109,117,121] [9,14,32,39,42,95,108,118] [10,20,27,29,77,91,104,112] [15,29,53,74,78,96,105,125] [11,32,37,40,75,84,89,125] [1,42,48,51,80,105,107,113] [3,34,39,59,88,93,105,126] [8,17,25,30,56,80,96,111] [29,30,46,74,80,82,101,108] [5,6,9,11,34,42,112,113] [29,77,86,88,91,92,110,114] [15,43,46,51,54,67,120,125] [36,42,51,53,58,80,110,120]
Token 107: [22,28,30,47,62,97,112,126] [8,11,29,48,85,90,99,122] [24,36,45,72,76,90,112,126] [29,37,41,43,77,100,101,114] [7,11,27,28,38,73,87,104] [5,18,27,54,74,96,99,119] [3,55,63,66,104,109,111,115] [23,27,45,69,73,82,103,106] [2,3,21,34,47,67,72,113] [0,30,33,44,57,69,79,83] [29,36,45,69,78,107,109,111] [3,4,21,28,48,50,68,75] [18,39,41,65,73,78,96,105] [0,12,18,20,58,83,91,104] [11,53,55,66,90,96,109,110] [16,31,40,49,59,61,82,120] [14,50,78,80,84,101,115,126] [1,18,62,82,83,99,103,126] [8,34,46,56,63,86,104,116] [3,9,24,44,73,82,106,112] [9,65,67,72,101,116,124,127] [0,10,49,79,96,102,114,122] [10,30,36,68,78,90,94,111] [54,64,65,67,75,78,92,125] [9,26,34,46,56,79,95,104] [23,42,82,91,99,104,106,112] [8,14,36,53,64,96,108,110] [6,16,44,46,56,61,75,91] [6,42,48,80,105,111,115,126] [54,72,83,93,103,113,116,124] [3,30,34,46,56,86,109,119] [3,44,45,60,73,82,103,110] [9,15,43,44,67,90,116,127] [32,33,44,102,111,113,114,117] [7,13,25,30,33,41,50,109] [4,14,21,37,68,78,82,120] [17,32,42,92,95,108,111,118] [10,12,20,61,77,89,91,104] [36,37,64,78,83,92,103,125] [12,13,16,41,59,77,84,87] [6,42,91,98,101,111,115,123] [12,34,37,54,100,120,124,126] [8,28,30,53,70,89,109,114] [2,16,18,72,80,94,96,113] [6,23,34,39,42,108,113,114] [4,26,73,76,86,110,114,119] [14,45,51,53,74,96,102,120] [46,51,54,61,71,94,110,114]
Token 108: [18,31,38,61,68,69,107,110] [29,45,75,83,85,89,99,116] [8,36,45,59,86,90,123,126] [10,29,41,61,62,77,85,104] [11,20,22,38,86,87,91,111] [5,7,18,27,54,96,105,111] [13,47,63,66,86,109,115,119] [27,30,45,58,69,73,82,106] [2,3,14,28,34,47,67,101] [30,44,48,57,69,77,79,89] [23,29,36,45,49,78,106,107] [3,4,13,21,50,72,78,102] [18,25,65,68,71,78,95,118] [12,18,58,83,91,104,113,126] [5,10,11,55,63,66,84,96] [2,19,31,38,47,50,56,127] [42,48,51,62,78,98,115,126] [1,13,75,80,83,99,122,126] [3,25,48,58,63,66,71,116] [3,9,24,45,79,82,106,121] [2,3,5,67,93,111,114,124] [0,33,51,57,69,77,78,79] [3,32,50,60,75,80,92,115] [3,33,60,78,83,101,102,107] [22,32,40,46,50,70,111,118] [12,29,31,35,78,91,99,126] [2,72,84,94,96,103,109,110] [19,59,61,68,84,88,99,120] [25,42,48,51,87,91,96,115] [13,22,73,80,83,99,124,126] [3,9,13,36,48,58,107,116] [24,25,56,82,89,92,94,115] [2,5,18,28,67,68,90,124] [0,33,51,69,77,79,81,91] [5,9,29,75,80,92,114,115] [28,52,65,66,75,78,102,120] [22,47,49,62,92,111,118,125] [12,35,68,85,89,91,102,126] [19,55,81,82,84,103,110,113] [2,16,19,31,37,50,88,91] [14,51,53,80,91,100,101,115] [6,49,79,80,83,93,124,126] [3,30,33,41,50,71,80,98] [6,18,58,61,65,91,100,111] [6,22,27,39,72,103,104,115] [4,12,24,37,45,103,114,119] [51,52,67,75,98,102,117,127] [26,36,48,61,71,99,103,110]
Token 109: [12,23,28,51,62,77,112,116] [7,29,54,60,68,81,85,122] [23,36,56,72,73,76,92,115] [9,40,57,59,77,84,85,92] [11,27,28,73,77,97,104,107] [4,18,43,48,87,88,96,102] [3,66,71,88,104,108,109,118] [1,3,27,32,45,69,73,82] [3,14,20,47,67,72,101,106] [0,35,40,51,69,77,79,114] [0,25,30,50,69,70,89,95] [3,6,16,48,64,78,82,92] [17,18,25,67,95,101,102,115] [18,36,85,89,91,104,109,117] [11,13,18,36,47,55,81,123] [2,19,21,31,38,47,50,56] [6,14,42,48,62,109,115,126] [0,1,63,65,80,83,99,122] [3,63,66,71,88,109,116,118] [3,25,27,45,79,82,93,106] [2,3,14,20,67,101,114,124] [0,35,40,47,51,57,77,79] [23,25,30,36,50,70,86,109] [3,16,42,48,64,78,92,114] [17,18,33,39,67,85,102,108] [29,33,35,63,73,78,91,110] [4,14,18,29,74,81,109,110] [2,19,48,50,59,88,120,122] [39,42,44,48,62,87,89,91] [0,63,65,83,104,108,111,122] [3,24,56,88,112,118,122,126] [3,24,50,59,75,82,109,112] [18,20,57,65,67,90,114,116] [0,16,35,47,77,79,123,125] [6,23,36,50,68,70,98,109] [1,3,42,54,64,78,92,120] [0,21,38,39,73,85,94,108] [26,33,36,41,63,78,91,109] [4,14,18,29,47,55,81,110] [2,31,46,49,59,77,107,122] [6,39,48,89,91,109,110,115] [63,64,65,85,100,115,120,124] [20,24,25,30,59,68,80,113] [47,74,75,84,96,100,121,125] [1,6,8,67,94,102,107,110] [5,26,45,76,77,86,87,114] [1,5,37,71,76,96,123,124] [14,15,31,44,74,82,92,127]
Token 110: [0,40,43,65,72,73,98,100] [18,38,70,94,100,106,122,127] [3,38,40,78,82,84,88,99] [6,31,37,71,84,85,101,116] [11,52,59,76,81,85,106,115] [8,37,59,61,64,66,73,125] [8,53,71,83,105,107,112,126] [18,24,49,59,75,82,109,112] [9,18,57,65,72,84,114,121] [0,9,49,80,84,110,122,125] [26,31,36,53,61,68,78,90] [7,24,32,49,61,93,103,125] [15,21,23,56,65,73,96,99] [6,15,26,28,33,58,78,110] [4,12,20,48,63,81,104,110] [2,31,41,49,59,85,101,123] [8,48,65,73,78,81,89,115] [18,19,33,41,42,55,99,105] [24,63,81,88,105,112,122,126] [3,24,45,49,59,75,82,112] [5,18,53,57,65,84,114,121] [0,2,9,50,98,110,122,125] [3,31,36,56,61,68,78,90] [3,23,24,30,32,56,61,103] [15,21,35,39,73,89,96,99] [15,26,33,58,60,78,81,110] [4,12,14,55,63,67,81,110] [2,16,38,70,85,101,122,127] [39,48,62,65,81,91,97,103] [18,19,21,33,42,50,55,105] [24,34,58,63,105,112,122,126] [18,24,45,59,75,82,112,123] [18,53,57,65,72,90,101,114] [0,2,49,50,96,98,122,125] [6,26,31,36,56,68,78,90] [1,3,23,24,54,65,103,125] [21,23,35,71,73,89,96,99] [15,26,33,58,78,91,110,118] [4,17,20,32,55,81,100,104] [2,16,31,52,59,70,101,127] [34,39,48,73,81,89,115,124] [19,21,42,48,55,69,80,105] [24,31,32,64,68,80,113,114] [31,37,77,78,88,96,100,104] [6,8,16,47,53,73,90,102] [22,27,45,82,87,94,101,114] [5,11,34,38,52,60,98,118] [20,44,57,73,74,77,86,109]
Token 111: [14,21,50,51,57,103,106,110] [3,6,9,15,42,62,95,111] [36,41,74,84,90,111,115,122] [4,32,39,71,85,117,118,126] [11,23,28,50,56,63,114,120] [17,18,47,51,68,95,105,110] [3,27,47,63,66,107,112,126] [3,24,32,44,45,82,106,109] [36,38,67,72,97,109,114,127] [0,2,32,63,65,80,122,125] [0,6,31,36,68,69,78,90] [3,48,54,63,67,81,103,109] [21,24,56,65,73,78,79,105] [23,26,33,66,82,83,91,110] [4,11,16,42,55,81,105,110] [2,16,23,31,40,59,72,103] [42,48,65,81,89,91,115,119] [4,18,75,80,83,90,99,122] [3,63,87,107,112,116,122,126] [3,24,45,56,59,75,82,112] [5,9,53,57,65,72,109,114] [0,11,13,14,16,65,98,122] [12,16,31,36,48,68,78,90] [3,26,32,48,54,63,103,109] [21,23,24,73,79,89,108,125] [26,31,33,78,82,91,110,118] [4,16,55,63,73,81,105,110] [2,16,26,38,59,72,103,120] [12,34,48,80,89,91,115,119] [4,66,78,83,90,99,120,124] [34,63,107,112,116,119,122,126] [3,18,56,62,75,82,106,109] [5,15,36,53,67,72,109,114] [0,32,49,57,65,80,96,122] [6,30,31,36,50,68,69,75] [3,32,48,54,59,63,103,109] [21,23,24,35,39,71,73,114] [23,26,33,66,82,91,110,118] [3,11,16,36,53,55,90,105] [2,16,31,40,50,59,72,120] [12,34,80,91,115,119,122,126] [2,18,35,66,78,80,90,103] [18,27,60,68,80,93,102,115] [6,29,36,46,65,87,100,104] [6,14,20,27,48,81,98,104] [32,35,45,58,70,80,114,123] [22,52,55,60,75,98,115,117] [36,47,66,86,88,120,123,124]
Token 112: [28,51,83,87,91,112,124,125] [9,16,29,48,67,68,88,122] [4,23,36,64,67,76,100,125] [12,37,70,73,85,101,112,114] [7,11,28,38,50,59,73,83] [10,35,39,63,68,74,93,103] [46,63,66,104,111,112,115,118] [2,24,32,44,45,69,82,106] [18,20,43,67,86,97,114,123] [0,32,59,65,66,68,80,125] [6,9,31,36,68,69,78,103] [3,9,22,36,48,53,54,69] [21,23,25,39,41,57,73,79] [18,23,26,33,82,83,91,110] [4,5,16,63,84,102,109,110] [2,31,32,38,40,72,125,127] [42,48,78,84,91,110,115,122] [4,18,46,80,82,90,94,122] [3,46,63,87,104,112,116,122] [2,24,33,44,45,56,82,106] [5,18,45,53,67,86,90,114] [0,2,32,47,65,66,80,102] [6,36,42,48,68,75,103,109] [3,4,38,48,52,53,54,63] [21,23,39,41,57,73,79,85] [31,33,73,78,82,91,110,118] [4,16,63,73,81,91,102,110] [2,16,38,50,59,72,99,120] [48,60,89,91,94,100,115,122] [4,46,64,94,99,116,122,124] [9,34,52,63,107,112,122,126] [2,3,33,44,56,75,82,106] [5,15,18,36,53,67,90,114] [0,32,47,49,65,80,96,102] [6,30,31,36,41,50,68,103] [3,25,48,52,54,63,69,103] [14,21,26,35,39,57,71,73] [16,33,41,50,76,82,91,110] [3,11,16,53,55,63,102,110] [2,16,31,40,59,60,77,120] [48,60,80,91,108,110,115,122] [15,36,46,64,80,94,103,122] [8,23,24,49,68,80,90,125] [12,19,49,74,80,100,121,125] [6,8,11,23,45,88,98,99] [17,22,26,45,46,76,112,114] [5,29,30,39,52,81,96,105] [15,35,74,92,95,111,121,127]
Token 113: [0,16,29,51,70,97,104,120] [20,33,62,66,76,86,107,122] [7,10,12,14,36,72,107,116] [13,20,25,41,61,71,85,105] [0,11,23,25,38,58,83,124] [18,68,74,80,95,97,107,119] [14,27,41,46,63,66,112,116] [24,33,69,82,87,92,94,106] [18,36,43,64,67,72,86,99] [0,65,68,80,84,85,94,102] [14,31,36,53,68,69,78,116] [3,9,15,48,54,63,69,93] [21,23,25,39,41,53,73,79] [26,33,44,75,82,83,91,126] [4,5,11,29,55,63,80,110] [2,8,16,31,38,56,60,112] [7,40,42,48,91,115,121,122] [14,18,20,55,68,82,99,122] [8,12,13,107,112,116,122,126] [3,24,45,56,59,75,82,87] [5,18,45,53,57,64,72,114] [0,2,47,50,65,81,94,122] [6,16,19,31,36,48,68,75] [3,30,33,48,54,63,78,103] [21,24,35,39,41,57,73,89] [26,33,73,78,91,110,118,126] [4,24,63,73,80,81,103,110] [2,5,13,16,38,41,93,127] [7,40,48,62,89,91,100,121] [14,18,68,80,99,120,122,124] [12,34,52,58,107,112,122,126] [3,18,24,45,51,62,75,87] [5,18,35,41,53,57,101,114] [0,13,47,49,50,94,96,111] [3,14,19,31,36,47,68,69] [1,3,37,54,63,78,93,103] [21,35,39,53,71,73,80,89] [24,26,33,44,60,75,91,110] [3,4,29,55,62,63,81,110] [2,31,38,40,56,59,98,112] [7,40,80,91,115,121,122,126] [14,20,80,85,97,103,106,113] [24,65,68,71,80,101,123,125] [2,4,12,81,87,96,100,104] [6,14,54,71,88,98,104,116] [19,22,35,45,71,87,114,123] [5,19,52,67,68,77,98,117] [27,32,34,44,71,74,86,117]
Token 114: [0,27,50,61,106,110,111,118] [44,46,62,76,86,99,116,122] [7,10,14,36,45,52,72,122] [7,25,41,61,71,94,105,114] [0,11,34,38,73,74,83,114] [5,18,31,51,74,80,105,119] [3,13,46,63,66,86,109,116] [27,33,44,69,73,82,94,106] [2,18,38,67,72,86,99,114] [0,2,49,57,68,69,80,94] [14,31,36,43,50,68,69,78] [3,9,15,21,48,54,69,78] [18,21,23,65,70,73,85,95] [12,18,33,44,83,91,119,126] [11,29,36,55,66,96,105,110] [2,3,23,31,38,40,120,125] [42,48,51,78,80,84,101,115] [2,20,39,62,66,90,99,122] [3,46,52,56,63,112,116,126] [3,24,45,56,59,75,82,92] [2,5,18,53,65,67,114,124] [0,10,13,47,80,94,111,122] [2,14,16,19,31,36,68,80] [3,15,37,48,54,65,78,90] [9,21,23,39,47,73,79,91] [12,33,73,82,91,118,119,126] [4,30,53,63,105,107,109,110] [2,16,26,38,59,61,84,120] [48,51,65,89,91,101,115,121] [2,18,39,66,68,99,120,124] [3,26,34,52,58,86,112,122] [9,18,24,45,56,62,82,109] [2,18,35,53,67,72,103,114] [0,49,57,69,80,96,99,111] [3,6,14,19,31,36,47,68] [3,15,21,37,54,78,90,103] [9,21,35,47,73,75,85,92] [12,33,44,66,78,91,119,126] [4,29,53,55,63,96,105,110] [2,31,38,56,59,91,93,127] [51,80,89,91,105,115,121,126] [2,35,66,78,80,90,113,126] [18,68,71,80,93,98,102,123] [15,36,40,75,81,87,100,104] [6,8,14,27,48,98,104,116] [22,35,45,70,80,87,114,123] [5,19,44,52,63,68,115,117] [36,44,47,66,74,86,120,123]
Token 115: [22,47,72,76,95,100,102,119] [12,48,64,70,75,94,106,122] [72,75,77,78,87,99,113,125] [12,37,41,61,82,94,103,108] [11,26,52,73,101,114,118,120] [2,5,7,18,33,51,105,119] [34,46,47,63,71,86,112,116] [8,24,45,62,69,73,82,109] [2,21,34,67,72,99,114,127] [0,2,45,49,57,69,80,117] [3,6,16,47,53,57,68,69] [3,5,28,48,54,78,90,93] [9,21,23,25,71,73,85,95] [12,18,32,33,47,78,81,91] [1,11,35,36,53,55,76,110] [2,26,31,38,40,52,84,93] [48,51,78,89,91,101,105,115] [18,62,66,80,82,90,99,113] [34,46,63,66,91,107,112,116] [8,24,33,45,56,62,82,123] [2,5,53,57,72,89,99,114] [0,10,47,49,50,51,55,68] [6,16,31,36,47,49,57,110] [3,30,48,52,74,78,90,103] [9,21,64,70,71,73,89,95] [12,33,47,63,73,78,81,91] [1,4,55,63,73,103,107,110] [2,26,36,38,41,52,61,93] [48,51,65,89,91,98,105,115] [18,55,80,82,99,120,122,124] [3,24,26,34,58,112,116,122] [8,9,18,30,33,62,82,109] [2,18,41,53,57,89,90,114] [0,23,47,49,50,57,78,96] [6,16,19,31,36,47,57,68] [3,5,21,52,78,90,103,117] [9,21,35,46,73,75,125,126] [12,32,33,60,78,81,91,110] [1,4,53,55,63,81,107,110] [2,31,38,41,52,89,93,127] [48,51,65,89,91,105,115,126] [18,42,58,80,83,86,90,113] [18,21,39,71,80,98,113,123] [29,31,36,40,87,97,100,104] [6,8,14,16,27,47,98,104] [32,35,42,45,87,101,114,123] [5,11,52,63,68,98,117,118] [20,44,57,73,74,86,92,109]
Token 116: [40,46,72,100,102,113,119,127] [12,15,48,61,64,70,106,122] [2,30,75,77,78,85,99,124] [14,33,37,72,82,103,110,116] [11,31,32,52,71,73,78,92] [17,18,26,33,37,59,91,127] [34,47,53,63,70,71,107,112] [8,18,24,30,45,62,82,109] [31,38,41,57,67,89,116,127] [0,2,10,19,49,64,80,122] [16,26,47,53,57,68,69,98] [3,28,30,48,59,90,103,125] [9,21,50,56,65,85,96,105] [12,26,33,47,58,78,81,91] [1,4,17,53,55,66,81,110] [31,40,41,49,52,59,93,120] [24,65,80,81,84,89,115,126] [18,33,58,82,83,86,99,116] [8,24,26,34,46,63,70,71] [6,24,30,62,73,106,109,112] [31,37,41,46,53,57,65,72] [0,10,16,49,50,54,122,125] [16,36,47,56,57,68,81,98] [30,46,59,64,78,92,103,125] [9,21,35,64,65,80,82,119] [47,58,60,61,70,81,99,104] [1,7,30,73,88,107,110,112] [41,53,59,61,76,93,113,120] [48,59,65,67,80,85,89,100] [18,23,71,72,86,99,113,122] [26,34,52,59,70,75,80,113] [8,30,36,43,103,106,109,117] [9,15,31,35,41,46,89,111] [10,23,49,54,57,78,80,104] [7,16,37,47,65,81,112,119] [4,15,29,37,52,64,78,107] [9,18,78,85,92,108,123,127] [20,27,47,78,81,91,92,117] [1,19,55,72,73,76,81,125] [2,8,38,41,52,89,93,112] [5,48,65,89,98,100,115,126] [59,80,82,86,90,99,123,126] [1,9,47,58,67,80,109,113] [25,37,41,45,80,90,100,104] [6,8,16,25,36,51,72,127] [1,18,32,38,45,52,104,114] [4,9,52,61,102,104,106,119] [2,39,46,48,60,65,101,125]
Token 117: [25,28,32,33,37,72,78,124] [4,28,46,61,73,105,122,124] [30,34,36,40,67,89,91,127] [14,17,47,79,94,100,110,123] [11,28,30,34,38,60,69,114] [0,7,12,18,79,84,119,127] [20,59,63,70,87,104,107,111] [7,24,30,32,45,82,106,123] [22,31,41,45,53,67,89,93] [0,2,7,49,57,78,80,82] [16,26,31,47,55,68,71,127] [5,18,25,28,30,48,74,88] [9,21,64,85,89,94,123,126] [33,39,45,47,61,63,81,91] [1,22,26,33,49,64,92,110] [2,25,31,41,46,51,52,93] [5,33,35,48,65,89,105,115] [18,33,54,55,58,75,82,99] [24,26,34,47,55,70,107,122] [8,18,28,30,56,62,109,123] [16,31,41,53,57,72,81,114] [0,10,31,47,49,50,55,122] [16,23,31,36,47,55,68,71] [3,25,30,54,56,65,88,103] [21,35,64,71,75,89,94,123] [33,45,47,60,63,73,81,110] [1,4,14,33,63,106,107,110] [2,26,41,59,63,93,109,127] [5,35,48,62,65,89,91,122] [11,18,55,75,99,108,111,122] [24,26,34,52,70,112,122,126] [7,18,30,43,62,92,109,123] [16,35,41,46,53,57,81,114] [0,31,47,49,50,78,90,104] [15,31,36,47,55,68,122,127] [3,15,21,25,35,52,54,103] [21,35,55,73,75,89,94,123] [27,47,60,63,78,88,91,110] [1,14,22,26,33,53,55,110] [2,19,26,41,46,51,93,110] [5,65,68,89,91,115,122,126] [10,18,26,54,75,82,93,109] [8,9,33,66,69,106,113,121] [15,18,35,75,80,82,84,122] [6,8,9,16,42,59,67,104] [0,23,38,48,52,77,95,114] [5,9,33,74,76,90,106,113] [18,23,25,44,46,58,74,93]
Token 118: [51,84,92,98,99,100,102,119] [30,61,73,84,89,97,105,122] [30,41,49,77,89,93,99,127] [33,79,82,88,94,95,110,123] [11,29,32,34,69,78,92,99] [12,16,18,22,31,33,58,127] [24,25,27,34,63,70,107,112] [8,14,24,45,62,82,106,109] [16,37,41,53,57,67,90,93] [0,10,49,50,56,57,78,80] [3,16,26,31,47,57,68,127] [3,28,30,35,56,63,93,99] [9,35,64,65,73,85,94,123] [18,33,45,47,63,78,81,91] [1,22,32,33,42,49,64,110] [2,26,31,41,52,59,61,93] [4,48,65,87,89,101,105,115] [18,33,55,75,80,82,88,99] [24,34,53,70,71,107,118,122] [8,18,24,45,62,109,112,123] [5,16,41,53,57,65,72,81] [0,10,31,47,49,50,114,122] [16,23,31,36,47,57,68,127] [1,28,30,35,48,54,56,103] [9,21,35,55,56,64,71,94] [33,45,47,63,78,81,91,110] [4,14,32,33,63,73,107,110] [2,26,37,41,52,59,93,127] [48,62,65,89,91,101,115,122] [11,18,75,82,93,99,111,122] [24,34,70,80,107,112,122,126] [18,30,33,55,62,100,103,109] [15,35,41,53,81,90,98,114] [0,10,31,47,49,78,102,104] [16,31,36,47,68,104,116,127] [1,3,35,37,54,64,66,103] [21,35,47,55,73,75,92,94] [20,47,63,78,81,88,89,91] [22,32,53,55,72,81,106,110] [2,19,31,41,52,77,89,110] [5,65,80,89,91,101,115,126] [11,18,75,79,80,82,92,100] [9,30,69,71,80,86,106,113] [47,58,75,80,84,104,121,122] [6,8,11,14,16,67,104,116] [2,12,26,45,76,77,95,114] [5,19,52,63,76,90,98,117] [15,21,44,46,57,74,92,109]
Token 119: [35,72,76,95,100,102,110,119] [12,15,64,70,84,117,122,125] [38,41,49,77,78,85,99,109] [20,68,69,79,94,116,123,124] [11,29,30,73,92,99,120,122] [7,18,33,42,93,106,123,127] [34,47,63,70,86,87,107,112] [24,30,45,58,62,69,73,82] [2,34,38,41,67,114,117,127] [0,2,7,49,57,80,81,125] [9,16,25,36,47,68,69,127] [3,18,21,28,48,63,78,99] [9,21,27,39,64,65,73,85] [12,18,33,47,63,78,81,91] [1,4,11,22,32,33,42,110] [2,26,31,38,52,80,89,119] [42,48,65,89,91,101,105,115] [18,55,68,80,82,88,92,99] [24,26,34,70,91,107,118,122] [8,45,56,62,100,109,112,123] [2,5,16,41,53,57,72,114] [0,7,10,31,47,49,50,111] [16,23,31,36,47,57,68,127] [1,3,30,48,54,56,78,103] [9,21,35,55,64,75,89,94] [12,47,60,63,73,78,81,91] [4,14,30,32,73,106,107,110] [2,16,26,37,41,59,61,109] [24,48,62,65,89,91,97,122] [18,37,68,93,99,111,118,122] [24,26,34,52,70,75,88,112] [18,30,48,55,100,103,106,109] [2,15,18,41,46,53,90,114] [0,23,31,47,49,78,99,104] [3,31,36,47,68,75,112,127] [21,35,37,52,54,66,78,103] [35,46,55,73,75,92,94,125] [12,63,78,81,89,91,105,125] [22,30,32,53,55,76,108,110] [2,16,27,41,52,77,100,110] [13,48,80,91,100,115,122,126] [11,79,80,90,92,100,124,126] [9,24,30,71,80,86,98,106] [18,58,74,80,100,104,121,122] [6,11,14,16,72,94,98,116] [4,22,26,35,45,76,87,114] [5,19,51,52,75,98,104,117] [15,21,26,44,71,74,109,127]
Token 120: [23,28,30,54,86,90,105,112] [6,15,29,33,73,111,122,125] [23,36,44,56,59,76,106,126] [13,32,33,36,41,86,114,124] [1,11,26,27,28,32,37,73] [18,26,31,35,48,74,95,119] [3,46,63,66,86,104,109,118] [27,32,44,69,73,82,94,106] [2,20,43,67,97,117,123,127] [0,35,38,53,57,102,106,117] [16,30,31,36,48,50,68,69] [3,30,54,55,59,60,78,99] [9,21,41,62,64,73,85,127] [12,18,41,47,78,81,91,110] [4,11,36,47,53,71,102,110] [2,19,25,27,31,41,77,84] [42,48,65,78,89,101,110,115] [18,62,79,80,82,108,113,122] [3,24,46,63,70,87,107,116] [3,44,45,56,62,73,82,123] [2,5,22,41,53,67,97,114] [0,31,38,47,49,68,81,106] [16,31,36,42,47,68,109,122] [3,20,30,48,54,74,78,103] [9,20,21,46,64,71,73,108] [12,33,41,45,47,78,81,91] [4,24,47,53,73,91,102,110] [2,16,25,26,41,46,61,99] [6,42,48,89,91,93,110,122] [37,62,68,82,93,113,116,122] [3,20,24,27,34,64,66,107] [3,33,44,60,63,82,92,115] [2,15,20,43,53,67,114,127] [0,10,47,49,102,106,111,117] [2,23,36,42,71,109,111,127] [21,22,25,42,55,73,78,99] [0,2,9,17,21,73,75,112] [12,27,41,52,73,89,91,110] [3,30,47,53,55,102,108,110] [2,17,26,31,48,61,77,107] [40,80,89,91,109,110,115,122] [63,80,81,93,100,103,116,124] [4,24,47,52,68,70,80,114] [18,47,74,75,80,100,121,125] [6,8,11,12,67,94,104,110] [5,26,45,76,86,87,95,114] [1,5,71,76,93,96,122,123] [14,15,31,44,74,82,92,127]
Token 121: [13,26,40,65,70,72,98,100] [18,50,61,64,94,100,124,127] [36,49,53,57,81,82,84,88] [30,32,37,41,51,71,94,95] [11,59,65,76,79,85,89,106] [9,18,42,59,61,64,66,125] [8,34,35,47,83,105,107,112] [9,24,45,49,75,82,94,109] [2,38,67,84,114,116,121,127] [0,2,9,26,49,87,110,125] [16,26,31,36,61,68,69,73] [3,26,54,61,63,93,103,125] [21,35,56,64,65,73,89,105] [26,33,47,58,78,80,91,110] [4,11,12,20,32,63,81,110] [2,31,38,41,52,59,85,93] [48,65,68,89,91,101,115,122] [18,19,55,72,75,82,99,122] [24,26,35,70,81,91,105,112] [18,24,45,49,56,62,112,123] [2,18,35,41,53,81,84,114] [0,9,47,49,50,98,110,125] [16,19,31,36,47,57,61,68] [1,3,48,54,56,65,93,103] [21,35,39,64,73,75,89,92] [26,33,47,60,63,73,81,110] [4,14,49,63,91,103,107,110] [2,12,28,37,38,41,63,122] [1,34,48,62,65,89,91,122] [18,68,75,99,111,118,122,124] [24,26,34,52,63,70,112,126] [18,24,45,59,75,106,109,123] [18,35,41,53,57,81,101,114] [0,13,16,47,49,78,104,122] [3,6,26,31,36,47,68,75] [1,3,21,37,54,66,93,103] [21,35,39,52,73,75,89,92] [33,47,73,78,80,81,91,110] [4,14,20,32,55,81,107,110] [2,16,17,26,41,52,59,84] [48,65,80,89,91,115,122,126] [53,59,72,82,83,103,111,124] [24,30,39,57,66,68,80,115] [18,23,30,46,77,82,96,100] [6,8,37,39,53,94,104,108] [2,22,45,65,86,87,94,114] [5,38,63,67,104,123,124,125] [44,71,73,74,83,90,109,110]
Token 122: [2,9,13,14,21,51,80,120] [3,6,42,58,77,83,111,122] [12,36,72,84,88,100,116,122] [32,41,64,71,87,109,114,117] [10,11,37,59,65,79,89,114] [4,18,47,82,93,107,111,125] [8,34,43,47,66,108,111,112] [21,24,32,45,50,60,82,94] [56,67,83,97,109,114,123,127] [0,26,38,43,85,111,117,125] [6,28,31,36,59,69,73,81] [4,9,14,26,48,54,60,81] [9,21,25,62,71,73,85,92] [12,18,33,63,79,91,92,119] [11,22,42,63,79,80,92,110] [0,2,16,25,31,63,99,111] [42,48,60,65,89,91,115,122] [18,70,72,75,80,82,99,122] [12,24,58,87,91,107,112,122] [24,45,50,56,60,82,109,123] [2,5,41,53,109,113,114,123] [0,26,43,47,49,92,106,111] [6,19,31,36,47,73,75,127] [3,4,14,30,48,54,75,103] [9,20,21,35,54,73,75,89] [12,26,33,47,73,78,91,122] [4,63,72,80,89,94,103,110] [2,12,19,38,75,90,99,106] [1,48,60,65,89,91,97,122] [4,37,52,75,80,95,99,124] [13,34,47,58,104,112,122,124] [24,33,39,45,59,60,92,123] [5,11,18,53,90,109,113,114] [0,26,39,43,49,53,56,87] [6,31,36,42,51,68,75,115] [3,11,21,31,52,66,79,103] [20,21,35,39,53,54,73,75] [27,71,73,79,91,106,110,125] [3,30,53,55,79,80,103,110] [2,16,17,48,55,61,84,90] [14,55,60,78,80,91,115,122] [46,52,68,69,79,80,103,124] [24,32,37,68,71,80,109,125] [12,19,49,77,94,96,100,104] [6,8,19,45,73,88,99,104] [17,45,46,58,87,112,114,127] [5,29,30,39,81,84,104,105] [35,44,52,64,71,74,95,111]
Token 123: [0,16,22,29,53,104,107,111] [3,23,34,42,86,107,111,116] [10,14,36,72,87,100,107,116] [22,51,64,68,87,109,114,117] [0,11,23,65,79,89,100,118] [18,35,47,80,82,93,107,119] [34,46,47,66,87,108,111,112] [24,32,45,56,60,73,82,87] [22,53,64,67,97,99,123,127] [0,26,38,45,69,94,117,125] [6,14,28,29,36,42,69,73] [14,28,48,62,67,79,104,106] [21,25,39,53,71,73,78,85] [18,20,33,44,63,91,92,103] [11,42,53,55,80,92,110,125] [0,2,16,25,31,40,50,61] [7,40,42,48,60,78,91,115] [13,18,53,75,80,82,99,124] [34,56,58,63,86,87,112,118] [24,33,45,56,60,82,87,109] [5,9,53,65,114,123,124,127] [0,10,38,49,67,92,111,115] [10,36,42,66,71,75,80,94] [4,14,25,52,65,78,79,81] [9,20,21,33,37,41,108,111] [20,78,91,92,99,104,119,122] [19,29,72,80,96,110,113,125] [2,14,26,44,50,61,84,88] [7,34,40,42,53,89,91,107] [37,53,72,75,93,99,120,124] [3,9,34,39,48,63,77,104] [24,39,56,60,82,87,115,123] [5,11,64,90,113,123,124,127] [15,26,38,56,69,80,81,94] [5,28,29,42,75,80,92,116] [28,52,53,62,65,66,76,120] [20,33,49,54,62,91,92,111] [13,27,29,30,44,71,89,91] [2,19,24,29,53,99,103,110] [16,48,55,61,75,84,88,91] [1,4,7,40,53,80,91,115] [13,52,53,75,79,80,103,124] [24,30,59,68,71,73,80,109] [7,11,18,96,98,99,100,124] [6,12,19,32,37,39,42,104] [45,63,88,94,98,104,114,127] [44,52,54,67,76,82,124,125] [0,28,34,48,51,71,83,110]
Token 124: [0,19,27,49,50,101,106,110] [3,23,76,86,99,116,122,126] [14,36,45,72,74,85,87,122] [26,51,64,67,76,94,114,117] [0,10,11,38,65,107,114,118] [18,47,51,80,93,105,114,119] [34,46,66,86,108,111,112,120] [24,32,56,60,69,73,82,94] [2,21,22,53,64,67,114,127] [0,26,38,47,49,69,94,117] [2,6,14,29,36,68,69,78] [3,7,14,15,28,62,67,99] [9,21,65,71,73,78,85,115] [12,18,33,44,66,91,119,122] [3,11,53,55,66,96,105,110] [3,16,23,40,61,82,89,91] [14,51,78,80,84,93,115,126] [1,2,18,27,62,82,88,103] [3,34,46,63,66,86,87,104] [24,32,44,45,73,82,100,106] [9,35,65,67,86,114,123,124] [0,7,8,49,68,80,102,111] [18,19,23,30,36,69,71,94] [21,53,60,67,96,99,100,115] [2,4,9,14,26,34,46,127] [12,51,91,92,93,104,106,112] [3,38,53,57,66,86,109,115] [6,16,32,40,58,75,89,125] [1,14,53,78,80,105,115,126] [1,18,72,75,82,93,100,121] [54,63,86,87,89,104,111,127] [19,32,44,45,82,100,106,123] [2,5,9,67,90,101,123,124] [7,38,39,68,76,80,102,111] [2,7,30,71,82,94,98,103] [4,53,78,96,99,100,104,120] [2,4,14,32,42,92,108,127] [12,20,91,92,93,104,106,112] [15,22,24,53,105,109,115,125] [11,32,40,51,75,89,91,125] [1,4,40,42,51,80,105,107] [1,13,34,39,59,88,100,105] [17,25,33,43,56,70,111,114] [46,56,61,80,82,98,101,113] [5,6,11,42,52,62,112,114] [29,41,51,77,86,88,110,114] [1,21,35,44,46,77,93,125] [7,36,42,46,58,83,110,120]
Token 125: [17,22,28,34,62,67,68,77] [48,67,75,99,111,114,116,122] [8,36,56,70,72,73,90,125] [23,37,61,67,76,77,87,114] [0,7,11,19,28,87,89,97] [5,18,31,56,79,99,105,119] [3,20,46,55,63,66,104,112] [45,46,60,69,73,82,94,106] [2,4,34,38,40,67,86,127] [0,33,49,57,73,77,87,117] [2,6,25,29,41,69,78,98] [3,9,14,21,28,48,50,60] [21,23,25,32,39,65,73,115] [12,18,20,91,102,104,106,113] [11,36,53,55,64,82,96,110] [3,31,33,40,50,61,77,89] [42,48,51,78,84,109,115,126] [1,75,80,82,99,113,122,124] [3,55,63,104,112,116,118,119] [24,32,33,45,75,82,115,123] [2,4,53,67,114,123,124,127] [0,10,33,47,68,69,81,117] [2,6,10,23,31,36,75,94] [4,15,25,31,36,75,79,117] [9,28,32,33,41,57,70,78] [12,27,35,78,91,108,124,126] [35,64,83,96,103,109,110,116] [2,27,33,44,50,61,84,88] [4,42,51,53,91,109,111,116] [13,37,66,89,99,100,122,124] [3,9,34,36,48,55,58,107] [15,36,39,60,82,115,121,123] [2,4,18,48,68,90,108,127] [0,15,63,70,80,81,87,96] [2,5,25,30,33,36,41,75] [11,15,21,31,41,101,104,117] [32,33,34,49,57,78,115,125] [12,27,71,89,91,102,108,125] [2,64,72,82,83,87,110,116] [33,46,48,50,77,84,91,118] [13,51,53,91,109,111,115,122] [13,80,89,92,100,103,116,124] [3,8,30,71,80,86,98,114] [6,16,18,41,80,94,100,104] [6,14,27,39,72,104,114,116] [4,12,20,26,42,45,114,119] [19,21,51,52,98,104,125,127] [15,21,26,71,83,94,110,120]
Token 126: [12,28,41,46,66,77,83,112] [11,29,38,67,85,97,113,122] [4,36,49,59,67,73,76,121] [9,50,70,76,77,85,92,100] [1,5,10,11,27,45,68,77] [10,18,23,24,48,74,88,102] [3,20,46,66,104,109,118,119] [27,32,45,46,69,73,82,106] [2,6,8,15,20,63,67,127] [15,35,37,51,57,68,77,87] [2,25,29,30,36,69,95,109] [3,16,21,28,55,60,78,96] [17,23,32,39,46,50,73,115] [7,12,18,41,63,91,104,106] [11,36,47,53,55,71,76,110] [31,40,50,61,77,82,89,125] [14,30,78,80,101,110,115,126] [36,37,62,68,82,86,113,122] [3,20,63,66,86,104,116,119] [13,32,44,45,46,69,73,82] [2,8,20,34,43,67,120,123] [35,37,40,57,68,80,99,111] [10,23,25,30,36,62,109,124] [16,22,42,48,55,78,99,126] [0,17,32,34,38,46,102,127] [12,18,45,57,63,91,99,109] [3,14,36,47,53,73,83,115] [2,6,20,37,61,77,82,126] [34,78,80,91,93,98,110,126] [37,64,68,79,93,103,113,122] [3,34,86,93,104,112,118,119] [3,32,45,69,73,76,82,91] [2,8,9,20,35,67,90,127] [37,57,81,99,102,106,111,117] [2,10,25,36,71,76,94,109] [4,8,11,28,31,42,55,78] [9,14,17,32,34,57,92,108] [12,20,27,71,73,91,104,125] [36,53,55,74,83,99,103,125] [11,44,50,61,75,77,89,91] [42,78,80,91,107,110,115,126] [13,49,68,79,80,96,103,124] [24,30,52,53,70,71,80,114] [10,74,75,94,96,100,113,125] [5,9,23,39,47,94,99,104] [5,26,42,76,86,87,110,114] [43,76,93,96,97,104,124,125] [14,31,51,71,83,110,114,127]
Token 127: [2,22,80,81,84,92,103,120] [3,14,30,33,58,67,83,122] [10,36,56,67,72,84,116,122] [9,10,23,76,87,89,109,114] [0,10,11,38,43,89,91,124] [4,18,72,93,102,107,111,119] [3,8,13,20,34,47,108,119] [24,45,69,73,75,82,94,117] [2,26,67,105,109,114,116,127] [0,2,37,43,57,85,87,117] [2,6,29,36,68,69,78,83] [3,7,9,14,21,28,79,125] [18,21,23,25,39,65,73,96] [12,20,33,58,79,91,121,122] [11,53,55,63,66,80,92,110] [2,16,25,31,59,61,90,127] [42,48,55,60,89,91,103,115] [1,18,55,75,80,82,99,122] [8,12,24,44,87,105,112,118] [3,18,24,45,59,75,109,112] [5,9,35,57,65,72,101,114] [0,10,47,49,79,110,122,125] [3,31,36,47,56,61,68,127] [3,23,30,48,54,61,65,103] [9,15,21,26,35,64,89,99] [15,26,28,60,63,91,99,104] [14,48,63,66,76,99,107,110] [2,19,44,53,75,90,91,120] [34,48,62,65,80,83,89,91] [18,27,68,72,75,86,93,123] [26,34,52,63,70,75,80,86] [6,30,36,73,103,106,109,117] [9,15,41,43,46,72,103,111] [10,49,54,57,78,80,96,104] [7,30,39,45,101,112,113,119] [4,8,21,29,37,64,78,111] [9,42,58,74,92,95,108,124] [10,20,27,77,91,95,104,115] [7,13,19,55,87,107,110,125] [11,33,69,75,84,90,91,120] [1,42,48,50,80,107,113,119] [13,18,34,46,59,80,88,105] [8,17,21,56,59,67,109,111] [27,30,56,69,72,74,80,82] [5,7,34,88,94,99,112,113] [3,16,17,29,58,104,110,114] [29,30,43,46,62,74,81,84] [42,51,52,64,65,108,109,110]
