MODEL: qwen3_30b
TOKEN_COUNT: 128
ACTIVE_EXPERTS: 8
================================================================================
PROMPT TEXT:
As the Nameless officially do not exist , the upper echelons of the Gallian Army exploit the concept of plausible deniability in order to send them on missions that would otherwise make Gallia lose face in the war . While at times this works to their advantage , such as a successful incursion into Imperial territory , other orders cause certain members of the 422nd great distress . One such member , <unk> , becomes so enraged that he abandons his post and defects into the ranks of Calamity Raven , attached to the ideal of Darcsen independence proposed by their leader , Dahau . At the same time , elements within Gallian Army Command move to erase the Nameless in order to protect their own interests . Hounded by both allies and enemies , and combined with the presence of a traitor within their ranks , the 422nd desperately move to keep themselves alive while at the same time fight to help the Gallian war effort . This continues until the Nameless 's commanding officer , Ramsey Crowe , who had been kept under house arrest , is escorted to the capital city of <unk> in order to present evidence exonerating the weary soldiers and expose the real traitor , the Gallian General that had accused Kurt of Treason .
================================================================================
GENERATED TEXT:
 The story ends with the 422nd being exonerated and the traitor being executed , but the Nameless are still not officially recognized as a unit . 

Based on the given text, what is the name of the unit that is not officially recognized as a unit? 

A. Gallian Army
B. 422nd
C. Calamity Raven
D. Nameless

The answer is D. Nameless

Okay, let's try to figure out the answer here. The question is asking for the name of the unit that is not officially recognized as a unit according to the given text. The
================================================================================
EXPERT TRACE (Per token, list of layer expert IDs):
================================================================================
Token   0: [14,21,50,57,74,103,106,110] [3,6,9,62,74,95,111,122] [36,41,55,84,90,120,122,125] [2,4,39,71,78,115,123,127] [11,40,50,56,58,67,70,113] [18,22,47,51,68,75,105,110] [23,38,54,56,63,83,86,100] [1,18,32,45,48,82,100,109] [3,36,67,72,95,109,116,122] [0,2,9,32,65,80,110,122] [18,25,26,30,52,61,69,105] [24,46,49,54,61,96,109,125] [15,24,34,56,79,80,99,115] [6,10,15,23,26,28,77,78] [3,16,17,23,48,57,90,105] [10,16,17,40,72,85,91,101] [14,78,80,81,114,115,119,124] [1,17,18,19,69,99,103,112] [23,34,56,58,63,83,105,116] [3,24,45,48,49,82,100,112] [38,44,65,72,84,90,116,121] [0,9,80,99,110,111,122,125] [18,30,56,61,69,78,98,105] [23,24,46,49,54,61,96,125] [2,15,46,65,79,80,96,99] [6,15,23,26,28,58,104,106] [4,17,23,48,86,100,105,115] [16,17,32,40,59,70,85,101] [14,39,48,78,81,89,119,124] [1,19,21,66,75,82,93,120] [23,24,56,63,83,87,105,107] [32,45,48,49,75,82,109,112] [38,65,84,90,101,105,116,121] [0,9,32,65,80,99,110,125] [18,25,30,56,68,78,98,105] [23,24,46,49,61,96,109,125] [2,21,24,65,73,75,80,125] [10,23,66,73,78,82,91,104] [3,16,23,55,76,90,105,115] [8,10,16,17,59,72,94,103] [12,14,55,78,80,102,115,119] [2,9,18,35,66,103,112,121] [16,18,23,27,93,102,115,123] [6,29,36,44,65,68,87,104] [6,20,27,44,48,69,81,104] [22,27,32,58,70,80,114,123] [22,52,55,60,80,115,117,127] [36,47,66,85,86,88,120,123]
Token   1: [23,28,41,46,87,118,124,125] [16,29,45,48,67,68,74,122] [4,36,73,76,100,120,125,126] [4,9,12,40,62,70,92,112] [11,27,47,50,57,67,77,104] [10,18,78,83,87,103,117,126] [3,23,54,56,63,75,86,100] [1,32,45,48,51,82,100,106] [15,20,36,67,72,95,116,127] [10,32,35,49,65,80,84,96] [30,41,50,53,88,95,103,109] [8,16,39,64,69,89,96,97] [26,42,56,80,85,114,115,116] [10,16,41,45,76,82,98,106] [8,16,23,47,57,90,99,102] [10,16,17,40,72,91,95,120] [14,30,60,75,78,80,110,126] [18,46,64,78,82,94,103,106] [23,56,63,65,66,87,104,116] [3,24,31,32,45,59,82,106] [36,38,72,86,101,116,123,127] [32,35,62,65,80,96,99,111] [18,30,41,50,69,98,103,109] [8,18,42,59,64,89,96,115] [2,26,34,65,73,80,114,115] [41,45,57,82,91,98,104,106] [3,8,16,47,55,90,99,102] [16,17,40,51,72,77,91,120] [14,30,60,78,80,94,110,114] [18,36,46,64,82,94,103,106] [23,52,56,63,65,86,104,118] [3,32,33,45,73,82,100,106] [15,20,36,67,72,95,101,116] [22,32,35,62,65,80,99,111] [30,41,50,69,98,103,109,113] [8,42,46,64,69,89,96,115] [0,2,26,42,73,80,85,115] [10,41,57,68,76,82,104,106] [3,8,16,47,55,60,80,102] [17,20,40,56,60,72,91,120] [6,15,60,78,80,108,110,115] [15,36,46,52,64,94,103,106] [8,24,49,73,74,90,123,125] [12,19,49,74,80,104,121,125] [6,11,13,23,45,88,99,122] [5,17,22,26,46,58,76,112] [29,30,39,52,80,81,96,105] [15,35,52,74,95,111,121,127]
Token   2: [28,46,80,116,120,122,124,126] [58,67,74,76,78,86,107,122] [14,62,65,100,112,115,119,125] [1,7,9,25,33,57,89,93] [0,25,39,57,58,67,74,104] [16,22,30,68,71,80,83,103] [23,38,52,54,56,63,86,100] [32,45,48,82,87,100,106,109] [15,24,36,64,72,95,116,122] [22,32,62,65,80,94,96,99] [14,18,26,30,50,80,113,120] [8,39,46,69,86,87,96,115] [42,53,56,75,80,115,116,123] [10,21,24,44,75,82,98,106] [3,23,29,62,64,69,101,109] [1,16,17,40,79,91,95,98] [14,29,30,60,78,80,114,123] [53,61,68,77,84,99,103,106] [13,34,38,56,58,63,86,115] [3,32,45,48,50,82,87,106] [36,38,64,95,101,105,116,122] [0,2,62,65,80,94,96,99] [18,26,30,50,69,98,113,120] [8,20,46,63,86,89,96,115] [2,34,53,56,65,73,80,115] [21,24,44,82,91,98,104,106] [3,23,55,62,64,69,99,101] [16,17,40,59,79,91,98,120] [14,30,78,80,83,114,115,123] [53,68,77,83,84,103,106,120] [3,54,56,63,65,75,86,115] [3,32,45,48,73,82,106,109] [24,27,64,95,101,105,116,122] [1,22,49,62,65,80,94,99] [18,30,50,69,80,98,113,120] [16,46,68,69,71,86,89,115] [2,42,46,53,73,80,87,115] [10,24,44,73,82,91,95,106] [3,23,29,34,55,62,99,101] [1,17,31,40,56,91,95,98] [6,29,77,78,80,114,115,123] [53,65,77,80,84,85,106,121] [8,20,23,25,28,55,75,123] [2,8,47,49,81,97,104,121] [3,6,13,27,54,80,110,122] [5,22,47,80,83,87,114,123] [10,22,45,52,68,80,82,97] [11,31,44,54,74,90,114,127]
Token   3: [0,31,53,61,69,81,93,120] [23,41,63,74,76,83,86,107] [14,25,65,87,112,116,117,125] [1,7,25,26,29,41,86,93] [0,25,39,57,58,77,91,104] [18,30,68,71,80,82,103,111] [23,46,52,56,63,86,100,115] [1,45,48,50,69,72,82,106] [36,67,95,99,101,111,116,122] [13,45,48,62,65,80,94,99] [14,18,25,30,50,80,83,113] [39,46,58,67,69,86,104,115] [7,34,53,69,75,79,80,116] [10,16,21,24,43,44,98,121] [7,8,23,28,29,69,99,101] [1,16,17,23,50,91,98,112] [14,20,73,78,80,83,114,121] [14,20,45,69,97,99,103,106] [3,23,38,54,56,63,65,104] [1,32,45,48,50,82,95,106] [36,47,95,99,101,105,116,122] [1,45,62,65,80,94,96,99] [18,25,30,50,60,69,98,113] [43,46,58,67,69,89,96,115] [2,7,34,46,73,80,87,115] [16,21,44,91,98,104,106,121] [3,23,28,55,76,99,101,115] [1,16,17,23,68,91,94,121] [14,73,75,78,80,83,102,121] [1,9,14,17,45,106,112,121] [10,23,38,56,63,65,100,127] [1,5,32,33,45,48,82,106] [17,33,47,67,80,95,105,122] [1,65,71,80,89,97,99,103] [18,25,30,52,69,83,85,113] [17,43,46,58,67,89,105,115] [2,42,46,69,73,75,80,87] [10,24,44,73,79,101,106,121] [3,23,28,44,55,62,101,115] [1,4,17,23,40,56,94,121] [14,20,78,80,102,105,115,121] [1,9,14,20,45,80,97,112] [16,22,31,65,75,101,115,123] [4,44,46,81,83,87,97,104] [6,20,27,54,71,81,104,107] [2,22,24,27,32,114,117,127] [22,52,55,60,68,97,101,127] [32,34,47,71,74,85,86,117]
Token   4: [0,24,51,57,103,106,111,118] [9,20,33,39,44,46,48,62] [7,36,52,62,90,115,122,125] [7,9,26,39,41,64,78,93] [11,40,47,57,63,67,77,114] [18,30,49,51,71,75,105,110] [23,38,63,86,89,97,100,127] [1,32,45,48,69,73,82,100] [28,47,61,95,99,105,109,122] [32,45,48,62,76,80,81,99] [18,25,30,52,80,83,85,123] [43,46,47,58,67,69,109,115] [2,34,42,46,68,75,80,87] [10,21,40,65,66,98,101,106] [3,7,16,23,44,57,105,115] [1,17,32,34,40,89,94,121] [12,14,24,75,78,102,119,127] [1,9,17,75,82,103,112,121] [22,23,63,65,87,89,104,127] [1,4,5,32,45,48,82,100] [38,44,47,95,100,105,108,123] [1,71,76,80,89,97,99,111] [18,25,30,69,85,94,98,103] [21,43,46,60,96,99,115,125] [2,14,26,34,46,75,80,87] [2,27,73,92,101,104,106,112] [14,16,23,38,44,86,109,115] [8,16,17,32,40,89,94,121] [11,14,34,75,78,80,102,119] [1,9,72,75,82,93,112,121] [22,23,63,65,87,100,104,127] [1,2,4,5,32,45,48,82] [9,17,44,47,61,99,105,123] [7,32,71,76,80,97,99,111] [7,18,25,30,85,94,98,103] [4,21,46,75,96,99,100,109] [2,14,42,46,80,92,115,127] [2,10,20,66,104,106,112,113] [7,16,22,23,55,101,105,115] [1,3,17,34,40,72,98,121] [12,14,43,78,80,102,115,119] [2,9,20,35,66,103,112,121] [3,16,18,27,93,102,115,123] [6,29,36,44,65,68,87,104] [6,20,27,44,48,56,69,81] [22,24,27,32,70,80,114,123] [22,52,55,60,80,115,117,127] [36,47,66,85,86,88,120,123]
Token   5: [11,16,72,85,100,114,118,119] [16,21,48,63,74,75,106,122] [2,16,33,45,52,65,101,125] [25,37,41,78,81,93,112,123] [10,11,40,50,57,63,67,70] [5,18,51,59,71,75,79,105] [13,22,23,86,97,104,115,127] [1,4,32,45,48,82,100,108] [35,44,47,61,67,99,122,123] [17,24,32,71,80,97,99,124] [16,18,25,30,80,85,94,103] [18,43,46,50,90,105,109,111] [2,25,26,46,75,80,87,114] [2,10,55,66,71,73,101,106] [3,7,16,23,55,57,68,115] [1,16,17,32,40,72,89,121] [11,14,24,30,75,78,100,101] [1,7,9,36,77,82,92,112] [22,23,52,63,86,87,118,127] [1,2,4,5,32,45,48,82] [15,44,47,61,83,100,105,108] [7,47,66,71,80,97,99,111] [18,25,30,70,82,85,94,103] [9,22,42,43,46,60,96,99] [2,14,26,34,46,80,87,127] [2,18,27,63,101,104,106,112] [3,16,23,38,44,73,109,115] [8,16,17,32,40,89,121,126] [11,14,30,42,78,93,100,101] [9,82,88,99,100,112,122,124] [22,23,63,65,87,104,111,127] [2,4,32,44,45,48,82,100] [13,15,61,77,83,100,105,123] [7,32,47,80,82,99,111,124] [16,23,25,63,82,85,94,103] [9,21,22,30,72,96,99,116] [2,14,25,26,46,64,73,127] [18,45,91,92,106,112,117,127] [1,3,16,23,38,55,68,73] [17,32,40,52,89,106,121,125] [0,14,30,78,90,100,101,105] [5,34,57,77,80,82,88,100] [12,17,27,43,69,71,108,115] [5,7,29,46,58,66,68,104] [5,6,11,27,39,56,57,69] [2,4,33,41,71,92,114,117] [16,21,27,76,93,97,104,125] [3,20,53,58,76,87,102,104]
Token   6: [7,30,46,58,72,88,109,121] [1,24,28,48,64,65,89,122] [33,45,55,85,94,101,107,112] [9,23,37,54,81,84,103,123] [11,50,52,53,57,63,67,70] [5,17,18,74,75,79,103,110] [34,53,54,56,63,71,76,89] [9,18,24,32,45,59,82,109] [3,38,57,65,67,72,116,127] [0,2,10,19,49,64,80,96] [26,30,53,58,68,69,78,105] [7,21,24,28,37,60,96,125] [2,8,9,15,56,65,96,105] [0,15,19,26,28,58,78,106] [1,3,17,57,81,100,109,110] [8,16,40,49,89,91,101,120] [65,78,80,81,83,89,105,115] [1,18,19,21,42,55,82,83] [24,26,34,44,56,63,105,116] [9,24,32,45,49,59,82,112] [38,65,72,84,101,116,121,127] [0,9,49,80,110,111,122,125] [26,30,56,61,69,78,98,105] [7,21,23,24,49,61,96,125] [2,9,15,46,56,65,96,99] [15,19,26,28,58,78,104,112] [17,48,81,86,100,107,110,115] [16,40,49,59,70,91,101,120] [39,65,80,81,89,103,105,115] [1,18,21,55,72,75,93,118] [24,34,44,56,63,75,83,105] [18,24,45,82,100,106,109,112] [9,15,38,65,72,101,103,121] [9,10,49,80,96,110,111,125] [26,30,56,61,78,98,105,112] [4,21,23,37,64,96,102,125] [2,17,34,42,56,65,85,108] [10,20,77,78,82,92,104,112] [7,57,86,104,107,109,115,125] [11,40,49,59,75,83,91,120] [0,1,42,48,50,80,107,113] [13,21,34,50,59,77,88,105] [8,17,33,56,66,70,111,114] [18,58,61,80,96,98,99,111] [5,6,12,25,29,52,102,105] [29,41,64,65,88,91,99,114] [16,27,32,43,46,54,94,100] [4,42,53,61,72,87,102,107]
Token   7: [46,52,76,88,109,117,121,127] [27,48,52,63,89,92,97,122] [27,29,45,48,60,65,101,112] [9,74,78,81,91,103,114,123] [2,16,51,57,63,67,70,113] [5,18,79,93,99,110,112,114] [22,23,54,65,87,89,97,104] [1,4,9,32,45,82,100,108] [35,47,53,61,87,90,95,105] [0,7,17,71,76,80,81,99] [4,18,25,69,85,91,94,98] [18,20,43,46,90,94,96,100] [2,14,34,46,65,75,87,127] [10,40,71,73,92,101,106,112] [3,23,38,44,57,99,107,115] [8,16,17,32,40,89,94,121] [0,14,24,30,75,78,102,127] [1,9,18,36,77,82,92,112] [22,23,65,86,87,89,104,127] [1,4,5,32,44,45,48,82] [17,38,44,47,61,67,105,123] [7,71,76,80,92,97,99,111] [7,18,25,69,71,85,94,98] [7,21,60,67,96,99,100,125] [2,4,14,34,46,65,75,127] [51,73,92,93,99,104,106,112] [3,38,53,57,66,99,109,115] [16,17,32,40,75,89,121,125] [1,14,75,78,80,93,105,127] [1,18,50,72,73,75,82,100] [22,46,63,66,87,104,111,127] [1,7,32,44,45,82,100,106] [5,9,67,83,101,118,123,124] [7,17,38,39,67,76,80,111] [2,7,21,71,82,94,98,126] [4,21,33,53,94,96,99,100] [2,4,14,32,42,46,108,127] [20,51,73,92,93,104,106,112] [1,15,53,57,87,102,115,125] [11,25,32,40,75,89,110,125] [0,1,35,42,48,80,105,107] [1,30,34,50,59,82,88,100] [8,17,43,56,80,111,114,115] [46,58,74,80,82,91,96,111] [5,11,29,42,62,104,113,114] [29,33,41,88,91,99,110,114] [27,32,43,54,63,94,100,125] [3,4,39,53,87,102,107,113]
Token   8: [46,52,66,76,88,117,121,127] [25,27,31,47,52,63,97,122] [27,29,45,48,60,64,101,104] [25,51,74,78,86,91,93,111] [2,8,11,30,51,57,67,70] [0,5,18,79,81,93,110,112] [22,23,54,63,65,87,89,111] [1,4,13,32,45,47,82,108] [32,47,61,76,87,100,108,123] [7,17,24,32,76,81,99,100] [4,18,25,27,71,85,94,103] [22,43,45,46,50,53,73,100] [2,26,34,46,75,94,117,127] [45,57,62,67,71,91,92,112] [14,16,23,33,57,60,68,115] [17,32,37,40,58,80,89,121] [0,14,24,30,78,93,101,108] [9,36,50,57,82,92,100,112] [17,22,23,54,65,86,87,89] [1,4,13,32,44,45,82,108] [22,47,61,77,83,87,100,105] [7,17,47,71,82,99,100,111] [4,23,25,27,55,85,94,103] [22,25,53,60,73,95,96,99] [2,26,27,34,46,112,117,127] [8,18,67,92,106,112,126,127] [3,15,16,23,38,68,73,115] [17,32,40,80,88,89,121,126] [0,14,30,35,78,93,100,101] [9,50,57,80,82,88,112,122] [17,22,23,38,87,107,109,127] [1,2,4,13,44,45,82,108] [22,53,61,67,77,83,87,100] [7,17,32,47,80,82,99,100] [4,23,25,27,71,82,85,94] [9,22,30,33,53,73,95,99] [2,14,46,64,111,112,117,127] [8,18,47,52,67,92,112,127] [15,16,38,55,68,73,87,109] [17,32,40,58,83,89,110,121] [0,14,30,78,93,100,101,115] [9,34,50,57,80,82,92,100] [12,14,23,43,69,71,80,86] [46,58,68,75,104,120,121,122] [6,11,16,27,39,58,64,69] [0,4,48,90,91,95,99,114] [5,32,52,68,76,94,104,125] [4,23,39,44,53,74,92,107]
Token   9: [19,37,46,52,78,117,118,127] [31,38,52,63,65,76,85,122] [4,49,64,65,90,101,104,112] [25,45,78,81,85,86,91,93] [6,10,57,60,61,67,87,113] [0,5,55,75,79,99,105,110] [22,23,54,63,100,104,118,127] [1,2,4,32,45,48,74,82] [4,5,47,61,87,100,108,123] [7,17,35,71,80,92,97,99] [18,25,71,80,82,85,94,103] [20,25,33,43,46,73,105,107] [0,2,26,46,75,80,87,117] [2,57,61,62,66,71,92,112] [16,23,42,55,57,64,68,115] [17,25,32,33,40,80,89,121] [11,14,24,30,35,78,108,119] [9,36,46,50,75,82,112,126] [22,23,54,63,65,87,104,118] [1,2,4,32,45,48,56,82] [5,15,47,61,100,105,108,122] [1,7,35,71,80,97,99,124] [18,25,52,80,82,85,94,103] [22,25,42,43,46,99,105,107] [0,2,26,42,46,75,80,87] [2,18,57,59,71,73,101,106] [3,15,23,34,44,60,76,115] [1,8,17,32,33,68,94,121] [1,11,14,30,75,78,102,108] [9,15,17,68,106,112,121,122] [10,22,23,38,100,104,109,127] [1,2,4,5,32,45,48,82] [33,47,55,61,80,95,105,122] [1,35,52,71,76,89,97,99] [18,23,25,35,52,69,85,103] [22,42,43,46,99,105,107,115] [0,25,26,46,73,75,80,87] [2,10,18,41,57,73,101,112] [15,23,34,44,55,60,64,80] [1,8,17,20,32,33,60,78] [11,14,15,44,78,102,108,115] [9,15,17,36,52,53,106,121] [16,23,49,71,74,86,123,125] [8,19,43,44,56,97,104,121] [6,11,27,37,45,80,81,88] [5,17,24,27,46,87,112,114] [22,39,52,55,60,82,105,124] [15,35,52,74,86,90,95,127]
Token  10: [2,13,22,51,80,97,120,126] [53,63,67,74,83,107,116,122] [7,14,41,59,87,116,117,125] [9,13,25,45,78,86,93,123] [22,38,40,57,70,74,113,118] [18,34,49,75,80,107,111,116] [13,23,79,86,100,109,115,127] [1,32,45,48,50,60,82,87] [39,44,47,55,61,64,105,122] [1,24,43,81,94,97,99,111] [18,25,30,35,52,74,83,103] [46,47,67,71,86,105,107,115] [34,46,53,63,68,75,80,87] [2,10,21,44,71,75,79,101] [23,34,44,55,76,80,99,101] [1,8,16,17,60,68,95,121] [11,14,15,40,48,60,78,102] [15,17,45,52,53,85,106,112] [10,13,23,38,52,65,79,100] [1,26,32,45,48,50,82,87] [5,44,47,64,80,105,108,122] [1,52,60,94,97,99,103,127] [18,25,35,52,64,69,107,113] [43,46,69,71,86,105,107,115] [42,46,53,63,73,75,80,87] [2,10,40,44,71,73,75,101] [23,34,39,44,55,76,80,99] [1,8,17,60,94,95,98,121] [9,11,14,40,75,78,83,102] [9,15,17,52,53,106,112,121] [10,22,23,28,38,100,104,127] [1,4,32,33,45,48,66,82] [47,55,61,64,80,105,108,122] [1,52,71,76,89,94,97,99] [18,25,35,52,69,74,83,107] [43,46,59,69,71,86,105,115] [46,53,73,75,80,87,100,102] [2,10,44,65,73,75,101,106] [23,34,39,44,55,79,80,115] [1,8,17,60,78,94,95,121] [7,14,15,40,75,78,102,115] [9,15,17,52,53,103,106,117] [3,16,22,37,73,74,123,125] [8,43,44,56,81,97,104,120] [6,27,37,39,45,54,80,104] [4,24,46,80,92,112,114,117] [22,39,52,55,80,82,105,124] [27,32,35,52,85,90,95,108]
Token  11: [19,21,28,33,46,62,64,72] [19,22,62,74,76,78,90,122] [4,41,55,62,77,81,101,125] [1,13,76,78,93,120,123,124] [20,22,40,55,57,67,74,113] [5,18,36,49,83,99,116,122] [9,10,23,86,97,100,104,127] [1,13,26,32,45,48,66,73] [5,24,44,55,80,95,105,122] [1,33,37,81,89,94,97,99] [3,16,18,25,37,44,52,120] [36,43,46,86,97,105,111,115] [25,34,41,46,75,80,87,100] [10,40,52,65,71,101,106,127] [3,7,23,34,39,49,78,92] [0,8,16,17,32,68,78,94] [14,35,40,78,82,83,102,115] [1,9,17,37,84,99,106,112] [10,22,23,28,52,65,100,118] [1,26,32,45,48,51,82,100] [22,24,44,67,80,95,105,122] [0,1,47,52,89,94,99,103] [9,18,25,37,52,112,120,127] [9,43,46,68,71,105,115,120] [2,26,42,46,53,75,80,87] [18,49,52,63,71,73,101,106] [3,7,14,23,34,49,73,92] [0,1,8,17,25,68,94,98] [4,14,35,40,78,82,83,100] [9,17,68,84,93,106,112,122] [10,22,23,38,52,55,63,100] [1,33,45,48,51,56,66,82] [22,44,55,80,95,105,122,124] [1,33,71,89,94,96,99,103] [9,18,23,25,37,52,69,120] [9,33,46,59,68,71,86,105] [42,46,53,75,80,87,102,123] [45,49,52,61,71,73,101,120] [23,26,33,49,55,64,73,92] [0,1,8,17,25,77,87,94] [9,35,40,75,78,82,100,102] [6,9,53,92,99,103,106,117] [4,16,22,23,73,74,116,123] [2,16,41,43,44,56,72,97] [6,22,27,38,42,62,81,122] [12,16,24,48,51,67,101,114] [11,26,33,43,51,54,55,104] [17,23,39,42,53,55,80,98]
Token  12: [3,12,22,29,67,77,79,86] [2,39,74,78,91,99,115,122] [4,36,55,62,77,118,119,120] [11,69,71,78,94,108,119,120] [40,55,57,67,70,74,107,116] [0,16,18,36,78,94,99,116] [3,10,23,38,86,100,104,127] [1,4,32,45,48,66,82,96] [24,55,67,80,95,105,108,122] [1,35,71,81,89,97,99,103] [18,25,37,52,77,95,119,120] [16,19,43,53,68,71,73,105] [38,46,75,80,87,100,102,123] [40,52,71,89,101,106,109,123] [3,23,34,37,39,49,55,99] [17,77,78,87,89,94,98,121] [9,14,26,29,30,40,75,78] [9,36,49,84,92,106,112,124] [10,22,23,28,97,100,104,125] [1,4,43,45,48,66,82,108] [55,80,91,95,105,108,115,122] [1,35,52,60,71,89,99,103] [9,18,23,25,52,95,120,124] [16,43,46,68,71,73,97,105] [25,38,46,75,80,87,102,123] [18,40,49,71,101,106,109,123] [18,23,34,49,55,73,82,92] [8,17,25,50,77,94,98,121] [9,14,26,35,75,78,83,102] [9,36,37,68,84,106,107,112] [10,22,23,28,38,55,100,118] [1,4,26,43,45,48,51,66] [24,44,55,80,105,108,115,122] [1,33,35,40,71,89,99,103] [9,18,23,37,77,95,120,124] [16,25,33,68,71,73,86,97] [25,46,80,87,92,111,112,123] [18,49,52,71,73,89,91,106] [3,22,23,49,55,73,82,92] [0,17,25,54,77,87,94,121] [9,28,35,78,82,100,109,115] [25,49,68,75,84,92,99,118] [4,16,17,66,70,97,106,116] [2,18,24,44,61,72,75,99] [9,11,23,27,42,62,96,104] [16,24,34,48,51,88,98,117] [26,33,43,46,54,74,104,116] [0,17,23,30,39,53,80,119]
Token  13: [3,24,29,46,66,83,103,118] [11,25,39,78,91,114,115,122] [4,36,50,62,118,119,120,121] [1,11,25,76,78,93,105,120] [39,40,47,55,57,67,74,116] [16,18,48,78,80,94,99,116] [10,23,38,86,97,100,118,127] [1,4,43,45,48,66,87,96] [24,27,44,80,95,105,108,122] [1,52,71,81,89,94,99,103] [18,25,35,52,67,95,107,120] [16,19,29,46,71,86,105,115] [38,46,53,75,80,87,100,101] [2,24,40,71,75,101,109,123] [3,18,23,34,39,57,62,97] [1,8,17,20,87,94,98,121] [9,14,26,29,75,77,78,111] [0,9,17,65,84,103,106,112] [10,22,23,28,42,65,100,127] [1,4,32,43,45,48,51,82] [27,44,61,80,95,105,108,122] [1,52,60,71,89,99,103,127] [18,25,35,52,67,95,107,120] [16,43,46,71,86,97,105,115] [34,38,53,63,75,80,87,101] [24,40,49,71,95,101,109,123] [3,18,23,34,55,62,82,97] [1,8,17,20,77,94,95,98] [9,14,29,44,75,77,78,111] [0,9,63,65,68,84,106,112] [10,23,28,38,55,100,118,127] [1,4,26,45,48,51,66,82] [24,27,44,55,80,105,108,122] [1,35,71,89,94,99,103,127] [18,25,52,69,77,95,120,124] [16,46,68,71,86,97,105,115] [25,38,53,73,75,80,87,103] [24,49,73,95,101,106,109,123] [3,18,22,23,34,55,62,82] [8,17,20,31,54,94,107,121] [29,44,77,78,102,111,114,115] [0,9,49,63,65,80,84,85] [2,16,20,24,28,55,75,126] [8,16,44,47,56,75,104,121] [3,6,11,13,27,54,80,110] [5,16,24,47,83,87,114,119] [1,5,10,22,45,97,122,123] [15,31,44,74,82,85,90,127]
Token  14: [22,24,31,61,63,81,83,120] [2,8,26,34,41,74,111,122] [12,36,53,62,67,84,88,120] [6,11,21,65,76,78,93,119] [11,40,47,57,67,76,79,106] [16,18,30,42,49,61,116,125] [10,13,23,56,83,86,100,105] [1,32,45,48,49,66,82,100] [44,66,80,84,95,105,121,122] [1,9,62,89,98,99,103,110] [18,25,30,52,61,73,83,105] [19,26,46,49,61,71,105,115] [46,63,75,79,80,87,107,122] [6,10,28,71,80,95,101,106] [3,7,10,23,34,48,79,109] [1,17,23,38,68,79,85,94] [8,14,40,48,75,78,102,124] [1,9,17,19,37,103,106,112] [10,23,38,52,56,63,100,105] [1,5,33,45,48,49,82,100] [44,66,67,80,84,105,121,122] [1,9,89,98,99,110,125,127] [18,25,30,52,61,73,105,120] [23,24,26,43,46,49,61,115] [15,34,46,75,80,87,99,107] [6,15,28,71,73,80,101,106] [3,23,34,44,48,55,76,99] [1,8,16,17,68,85,94,121] [8,9,14,40,75,78,102,124] [9,15,17,19,69,106,112,121] [10,23,38,63,97,100,105,127] [1,4,32,33,45,48,49,82] [47,55,66,95,105,108,121,122] [1,9,71,89,97,98,99,110] [18,25,52,61,69,73,90,105] [21,24,26,43,46,49,61,105] [15,46,73,79,80,87,99,107] [6,10,28,40,73,80,101,118] [10,23,39,44,48,55,79,115] [1,8,17,23,78,85,94,121] [8,14,40,75,78,102,115,124] [1,9,15,17,19,69,103,106] [3,16,21,31,64,73,74,123] [8,19,43,44,56,77,88,104] [0,6,27,37,45,54,88,107] [17,22,24,27,46,80,112,114] [22,39,52,80,82,97,105,124] [32,35,52,73,85,86,90,95]
Token  15: [14,22,24,51,57,103,106,118] [8,9,23,34,44,48,111,116] [29,36,41,50,53,88,90,122] [9,29,64,71,78,93,94,127] [40,47,57,63,67,79,83,113] [18,42,47,49,51,75,96,105] [10,14,23,38,86,100,115,127] [1,26,32,45,48,82,95,100] [5,61,66,67,95,105,109,122] [32,48,76,79,80,98,99,103] [18,25,30,52,73,85,103,107] [9,26,43,46,47,69,105,109] [23,25,46,68,79,80,87,107] [6,13,21,66,71,80,98,118] [3,10,16,23,34,55,76,105] [1,17,23,38,72,87,94,103] [8,12,14,40,78,102,119,124] [1,2,9,20,90,103,106,112] [9,10,23,38,52,97,100,127] [1,26,32,33,45,48,82,89] [44,61,66,80,95,105,108,122] [1,48,60,76,89,98,99,103] [18,25,52,60,73,85,90,107] [26,43,47,75,92,105,109,115] [42,58,75,79,80,87,100,107] [6,66,71,73,80,101,106,118] [10,16,23,34,39,55,105,115] [1,8,16,17,68,94,98,121] [8,9,12,14,43,78,102,119] [2,9,17,20,35,68,106,112] [10,22,23,38,86,97,100,127] [1,26,32,45,48,66,82,89] [17,55,61,80,95,105,108,122] [1,32,48,60,71,89,99,103] [18,25,52,69,73,85,103,107] [26,46,47,69,92,105,109,115] [46,68,75,80,87,104,107,120] [6,40,55,66,73,80,99,113] [3,10,16,23,39,55,105,115] [1,3,4,17,72,94,98,121] [12,14,43,75,78,102,115,119] [2,9,20,35,66,103,106,112] [3,16,18,22,27,93,102,123] [6,29,36,44,65,68,87,104] [6,20,27,48,56,69,81,104] [12,24,27,32,70,80,114,117] [22,52,55,60,101,115,117,127] [36,47,66,85,86,88,120,123]
Token  16: [19,23,28,46,64,72,109,112] [3,16,29,48,67,74,115,122] [4,36,59,67,73,76,77,101] [0,9,24,50,51,78,95,123] [40,46,50,57,67,70,77,113] [16,18,75,78,79,81,99,116] [6,23,32,38,55,100,110,127] [1,4,26,32,45,48,82,108] [15,18,61,80,95,103,115,122] [32,35,71,76,79,99,103,127] [25,52,85,94,95,103,107,124] [16,18,29,69,79,92,105,116] [22,26,32,46,75,87,103,114] [40,52,71,73,76,109,123,127] [3,16,23,34,39,55,60,115] [8,17,26,69,72,77,94,121] [9,14,24,40,75,78,102,109] [9,36,37,46,66,92,106,112] [10,22,23,52,55,100,119,127] [1,4,32,43,45,48,82,108] [17,44,61,94,95,103,105,108] [1,35,60,71,76,89,99,103] [9,18,23,25,52,85,95,110] [8,16,22,29,42,68,105,116] [0,25,34,46,75,87,103,123] [18,40,71,73,101,102,106,127] [16,23,34,60,71,73,82,115] [0,8,17,69,72,77,94,121] [14,35,42,78,83,100,102,109] [9,36,92,93,106,112,122,124] [22,23,36,55,65,100,118,127] [1,2,26,32,33,45,48,121] [15,17,20,61,80,95,105,108] [32,33,35,40,47,71,99,103] [9,23,25,33,85,95,103,124] [9,18,22,25,29,50,68,116] [2,14,16,25,32,46,87,103] [18,52,61,73,102,106,120,127] [16,22,23,26,55,73,92,115] [0,17,25,51,72,77,94,121] [14,28,35,78,82,100,102,109] [6,9,49,54,92,99,112,118] [4,8,16,27,33,66,70,123] [18,24,41,44,61,69,74,111] [5,9,11,23,27,39,42,62] [26,48,51,58,67,76,88,114] [33,43,46,51,54,63,74,96] [0,6,17,23,39,53,80,114]
Token  17: [18,21,38,47,63,86,101,118] [2,29,34,67,74,91,115,122] [4,36,41,56,62,64,76,120] [42,62,70,78,112,114,123,124] [10,27,50,57,67,70,83,113] [16,18,48,75,96,110,116,122] [23,32,66,86,100,118,125,127] [1,2,32,45,48,82,100,108] [18,20,61,80,103,105,115,118] [24,32,35,60,71,79,99,103] [18,25,52,85,95,103,107,110] [16,29,33,42,46,69,92,105] [0,32,38,46,75,80,87,103] [41,57,71,76,91,101,109,123] [10,16,23,34,55,60,99,115] [8,17,20,69,72,77,94,121] [9,11,14,40,75,78,102,109] [1,9,36,46,64,68,106,112] [10,23,52,55,100,118,119,127] [1,2,26,32,45,48,82,100] [15,17,61,95,103,105,108,122] [1,35,47,60,79,89,99,103] [18,25,52,85,95,107,109,110] [1,9,16,42,43,55,92,105] [0,25,26,38,67,75,80,87] [18,57,71,73,76,101,109,123] [3,23,34,55,60,71,76,115] [1,8,17,60,68,77,94,121] [9,11,14,78,102,108,109,110] [9,15,46,64,68,106,112,122] [10,22,23,54,86,100,118,127] [1,2,26,32,33,45,48,82] [17,20,61,80,95,105,108,122] [1,32,35,60,79,89,99,103] [23,25,52,69,85,95,103,107] [9,33,42,46,69,92,97,115] [0,2,26,46,75,80,87,103] [2,16,18,41,57,73,76,101] [22,23,34,39,55,60,80,115] [8,17,20,51,60,78,94,121] [14,40,78,102,108,109,110,115] [9,15,17,36,52,53,64,106] [3,16,49,68,74,90,123,125] [8,19,43,44,56,97,104,121] [11,23,27,37,45,80,88,122] [5,17,24,46,47,76,112,123] [22,30,39,80,82,97,105,124] [35,52,74,85,86,90,95,127]
Token  18: [2,13,51,80,97,101,120,126] [34,53,67,74,83,107,116,122] [7,14,41,59,87,116,117,120] [1,13,25,29,50,78,120,123] [20,22,40,57,67,74,83,118] [18,34,49,75,80,96,107,111] [6,10,13,23,86,100,121,127] [1,32,45,48,50,82,87,95] [18,24,39,61,64,99,105,122] [24,32,43,81,89,94,99,103] [3,14,18,25,52,85,103,107] [19,46,69,71,86,92,105,115] [28,37,46,53,75,80,87,111] [2,21,24,44,71,75,79,91] [10,23,34,55,76,79,80,115] [8,17,23,38,50,60,88,94] [9,11,14,15,40,78,83,102] [1,9,15,17,52,53,99,112] [9,10,23,28,52,65,100,127] [1,32,45,48,51,66,82,87] [44,55,61,64,80,95,105,122] [1,60,79,81,89,94,99,103] [18,25,35,52,85,103,107,120] [1,43,46,69,86,92,105,115] [28,46,53,63,75,80,87,100] [2,10,44,71,73,75,101,106] [3,23,34,39,55,76,80,115] [1,8,17,60,78,94,98,121] [9,14,15,26,40,75,78,102] [9,15,17,52,53,68,106,112] [10,22,23,28,54,100,104,127] [1,4,26,32,45,48,66,82] [17,61,64,80,105,108,115,122] [1,52,60,71,89,94,97,99] [18,25,52,62,69,83,85,107] [43,46,69,71,86,92,105,115] [46,53,75,80,87,100,102,118] [2,21,44,65,73,75,91,101] [10,23,39,55,58,79,80,115] [1,8,17,60,78,94,95,121] [7,14,15,40,75,78,102,115] [9,15,17,52,53,85,103,106] [3,16,22,37,73,74,123,125] [8,19,43,44,56,81,97,104] [0,27,37,45,54,80,81,122] [24,37,46,80,92,112,117,123] [22,39,55,80,82,84,105,124] [27,32,35,52,85,90,95,108]
Token  19: [3,9,28,29,62,67,77,126] [11,67,74,76,78,114,115,122] [4,36,55,73,86,118,119,120] [1,11,13,76,78,120,123,124] [1,20,39,40,57,67,74,116] [16,18,36,48,75,80,94,96] [10,23,32,86,89,100,104,127] [1,32,45,48,82,87,96,108] [24,27,70,76,105,108,115,122] [35,37,52,79,89,94,97,99] [18,25,52,62,77,95,107,120] [16,43,46,68,69,71,86,105] [38,46,53,75,80,87,100,102] [24,71,73,75,95,101,109,123] [9,18,23,34,57,62,76,115] [8,17,20,78,94,98,121,122] [9,14,26,29,30,77,78,102] [0,9,17,65,68,84,106,112] [3,10,23,52,65,97,100,127] [1,32,45,48,61,82,89,108] [17,27,44,70,95,105,108,122] [35,52,60,79,89,97,99,103] [18,25,52,85,95,112,120,124] [16,43,46,71,92,97,105,115] [2,38,46,53,75,80,87,102] [49,71,73,95,101,106,109,123] [3,18,23,55,62,76,97,115] [8,16,17,20,77,94,98,121] [9,14,26,29,44,77,78,102] [0,9,36,63,65,68,84,112] [10,23,28,54,89,100,118,127] [1,26,32,45,48,66,89,108] [24,27,70,76,105,108,115,122] [35,60,71,89,94,97,99,103] [18,25,52,69,85,95,120,124] [16,46,68,71,86,92,97,115] [2,38,46,53,67,75,87,102] [24,49,73,95,101,106,109,123] [3,18,22,23,55,57,62,115] [8,17,20,31,51,94,107,121] [14,23,29,44,77,78,102,115] [0,9,63,65,68,80,84,121] [3,16,20,24,28,55,75,126] [8,16,44,47,56,97,104,121] [3,6,8,13,27,80,110,122] [5,16,24,26,47,83,87,117] [1,5,10,22,45,71,97,123] [15,31,44,74,82,90,114,127]
Token  20: [13,26,40,65,72,98,100,102] [18,50,70,74,94,100,122,127] [16,40,49,53,84,88,99,113] [2,6,76,78,93,100,119,124] [25,40,67,76,79,85,106,115] [16,42,59,61,64,66,108,125] [10,23,56,63,83,88,100,105] [1,34,45,48,49,82,100,112] [2,44,70,84,95,105,121,122] [9,52,80,81,89,99,103,110] [18,25,30,52,61,62,73,105] [19,24,46,49,61,92,105,115] [15,34,46,75,80,87,99,100] [6,10,15,28,71,78,101,106] [3,7,20,23,34,36,48,69] [1,16,17,38,68,78,85,94] [8,14,78,102,108,114,115,124] [1,9,17,19,68,72,103,112] [10,23,56,63,83,88,100,105] [1,32,45,48,49,82,100,112] [44,80,84,90,95,105,121,122] [1,9,80,99,103,110,125,127] [18,25,30,52,56,61,73,105] [23,24,46,49,61,96,105,125] [2,15,34,46,75,80,87,99] [6,15,28,58,71,101,104,106] [17,20,23,48,55,86,99,115] [1,16,17,59,68,85,94,101] [8,14,39,75,78,102,108,124] [1,19,42,72,75,80,103,118] [23,38,56,63,83,88,100,105] [1,32,45,48,49,82,109,112] [65,66,84,95,101,105,121,122] [9,80,99,103,110,123,125,127] [18,25,52,56,61,69,73,105] [23,24,26,28,46,49,61,92] [15,42,58,73,80,87,99,107] [6,10,15,28,78,79,80,101] [3,17,20,23,34,48,55,86] [1,16,17,23,31,85,94,101] [8,14,78,80,102,108,115,124] [1,15,19,42,53,69,72,80] [7,24,31,39,73,74,123,126] [8,19,43,44,49,77,88,104] [0,6,27,45,53,80,81,88] [2,17,22,27,46,87,112,114] [22,39,80,82,97,105,123,124] [32,35,73,74,86,90,95,109]
Token  21: [2,14,21,46,51,63,103,120] [6,8,23,41,53,58,74,122] [8,53,54,62,84,88,93,120] [6,9,64,78,80,93,109,124] [11,25,40,67,76,79,85,106] [16,18,42,47,61,82,96,125] [10,13,42,56,83,86,100,105] [1,34,45,48,49,51,95,106] [44,67,84,95,103,106,121,122] [1,9,62,80,99,103,110,127] [18,30,52,61,64,73,105,113] [26,29,46,49,61,75,98,115] [15,34,63,75,80,87,97,107] [6,10,21,23,28,76,83,98] [7,8,10,23,34,48,79,99] [1,17,23,85,87,94,95,103] [8,14,45,73,78,102,114,124] [1,15,17,19,59,69,103,106] [10,13,52,56,63,83,100,105] [1,45,48,49,51,82,95,100] [44,80,84,95,105,116,121,122] [1,9,80,99,103,110,125,127] [18,30,39,52,61,64,73,105] [24,26,46,49,61,98,107,115] [15,34,42,63,75,80,99,107] [6,28,71,76,80,91,101,104] [10,23,34,48,55,76,79,99] [1,16,17,23,85,91,94,95] [8,14,45,73,75,78,102,124] [17,19,59,68,69,103,106,112] [10,23,56,63,65,86,100,105] [1,26,32,45,48,49,82,95] [33,36,67,84,95,105,121,122] [1,9,71,80,99,103,110,127] [18,25,52,61,69,73,105,113] [24,26,46,49,61,105,107,115] [15,42,63,75,80,87,99,107] [6,10,21,23,28,73,76,98] [10,23,34,48,55,79,99,115] [1,16,17,69,85,94,95,103] [8,55,73,78,80,102,115,124] [1,19,48,53,69,80,106,112] [21,24,31,37,64,74,115,123] [8,19,43,44,49,77,88,104] [0,6,27,45,53,73,88,107] [2,17,22,27,32,46,112,114] [22,30,52,81,82,97,101,105] [32,73,85,86,90,95,111,117]
Token  22: [14,18,46,57,101,103,106,118] [3,8,9,23,47,48,72,92] [36,41,53,90,101,120,122,125] [2,29,56,64,78,85,87,112] [25,40,50,56,57,63,67,79] [18,47,51,82,93,96,105,110] [13,23,42,54,63,75,86,100] [1,26,32,45,48,82,95,100] [36,61,67,95,99,105,109,122] [1,32,65,80,81,99,103,127] [18,25,28,30,52,80,107,123] [9,43,67,69,98,107,109,115] [34,42,63,75,80,87,107,114] [10,16,21,66,73,76,83,98] [7,10,16,23,34,76,99,105] [1,17,69,72,87,94,95,103] [12,14,33,45,55,78,102,119] [2,17,20,35,66,103,106,112] [10,23,38,42,52,63,86,100] [1,26,32,45,48,82,95,100] [36,39,44,95,105,108,109,122] [1,22,65,71,80,99,103,127] [18,25,30,52,60,64,107,113] [43,67,69,98,105,107,109,115] [34,42,46,63,75,80,87,107] [10,40,66,71,73,76,98,101] [10,16,23,34,39,55,99,105] [1,17,68,69,72,94,95,121] [12,14,30,55,75,78,102,119] [2,6,9,17,35,66,106,112] [10,22,23,63,86,97,100,127] [1,26,32,45,48,82,89,95] [55,61,67,95,104,105,109,122] [1,22,32,71,89,99,103,127] [18,25,52,85,103,107,113,123] [29,46,67,69,105,107,109,115] [2,42,61,63,80,87,104,114] [10,40,55,66,73,76,98,113] [8,16,23,34,55,57,105,115] [1,3,4,17,72,94,95,121] [12,14,43,78,80,102,115,119] [2,9,20,35,66,80,106,112] [3,16,18,22,27,93,102,123] [6,29,36,44,65,68,87,104] [6,20,27,48,56,69,81,104] [22,27,32,70,80,114,117,123] [22,52,55,60,98,115,117,127] [36,47,66,85,86,88,120,123]
Token  23: [6,7,19,23,28,73,75,125] [16,28,48,67,74,90,117,122] [4,33,36,46,55,59,87,101] [9,24,37,50,70,74,78,112] [46,50,57,60,67,70,113,118] [17,18,75,83,87,93,110,116] [23,38,86,87,89,104,118,127] [1,4,32,45,48,62,82,100] [17,61,67,80,95,100,105,123] [24,32,35,49,71,76,81,99] [25,52,80,82,85,88,94,103] [18,29,33,43,48,99,101,105] [2,24,26,34,46,87,114,127] [2,10,40,45,63,71,76,106] [3,16,23,34,38,57,99,115] [17,32,40,72,77,89,94,121] [11,14,24,30,78,83,93,102] [9,36,46,66,82,92,103,112] [22,23,52,86,87,89,100,118] [1,2,4,32,45,48,82,100] [22,44,61,95,100,105,108,122] [1,7,35,47,71,89,99,103] [18,25,52,55,82,85,94,103] [1,9,18,22,29,42,96,99] [2,34,43,46,75,80,87,102] [2,18,45,63,71,76,101,106] [15,23,38,47,73,92,99,115] [6,32,40,61,77,89,94,121] [14,24,30,35,78,93,100,102] [9,36,68,82,92,100,112,122] [3,22,23,38,65,86,87,127] [1,4,32,45,82,88,100,108] [20,22,53,61,67,100,123,127] [7,32,35,40,47,76,82,99] [9,23,25,71,82,85,94,103] [9,18,22,25,30,69,92,99] [2,14,24,80,112,114,123,127] [18,45,52,91,92,112,120,127] [15,16,23,55,73,87,92,115] [0,25,32,40,46,72,77,89] [6,13,27,35,78,93,94,100] [9,54,58,82,92,99,100,115] [4,8,14,30,43,66,71,86] [24,41,56,74,75,80,99,104] [9,11,23,27,42,62,104,113] [12,16,26,48,76,88,92,114] [33,46,51,54,61,74,96,104] [17,23,39,53,58,82,114,121]
Token  24: [34,47,63,67,70,86,101,118] [11,46,48,74,89,109,114,117] [4,46,49,55,56,57,60,90] [1,2,24,50,70,74,77,123] [46,50,55,57,60,67,113,118] [0,18,58,75,79,99,110,116] [23,65,86,87,104,111,118,127] [1,2,7,32,45,48,82,100] [4,44,61,70,95,115,118,123] [7,32,35,71,80,81,92,99] [25,52,71,80,82,85,94,103] [25,29,33,73,99,101,107,122] [0,2,26,32,46,87,123,127] [2,40,57,62,71,76,92,109] [3,16,23,38,57,60,99,115] [17,32,40,72,77,89,119,121] [14,24,30,33,78,93,108,127] [9,36,46,66,75,82,100,112] [22,23,54,55,87,89,100,125] [1,2,4,5,26,32,45,82] [4,15,22,33,95,100,105,123] [7,35,47,71,76,82,97,99] [23,25,52,55,82,85,94,103] [18,22,25,29,33,73,99,107] [0,25,32,34,43,46,87,127] [18,40,45,57,71,76,92,127] [16,23,34,55,60,71,73,115] [17,32,40,72,89,94,121,126] [11,13,14,30,78,100,102,108] [9,36,46,80,82,106,112,122] [10,22,23,38,86,87,100,127] [1,2,4,26,45,48,82,100] [20,55,61,67,95,100,122,123] [7,32,35,47,71,97,99,127] [23,25,52,69,85,94,103,107] [9,18,25,29,69,73,99,115] [25,26,63,73,75,80,87,103] [2,18,57,62,73,76,112,127] [15,16,23,34,55,60,71,73] [8,17,20,32,60,94,121,126] [14,15,44,55,78,102,108,115] [9,15,17,26,36,46,52,106] [8,16,18,25,49,74,86,125] [8,12,19,43,44,56,75,121] [6,11,27,45,80,88,99,104] [5,17,24,26,27,46,112,114] [22,30,39,52,55,60,98,105] [15,21,35,82,85,95,111,127]
Token  25: [0,16,24,38,53,104,120,122] [2,34,53,74,86,107,111,122] [14,36,41,51,87,100,104,116] [9,13,25,34,76,89,105,123] [0,23,25,40,57,67,74,118] [18,31,75,80,93,107,110,116] [10,23,42,54,86,87,100,127] [1,2,32,45,48,50,82,87] [36,55,61,64,95,105,122,123] [24,32,80,81,94,99,111,127] [18,25,35,52,70,85,103,107] [29,33,69,86,98,99,101,105] [26,42,46,53,63,75,80,87] [2,16,36,44,71,75,76,98] [10,16,23,34,39,79,80,99] [1,17,40,60,68,94,95,121] [7,11,14,33,40,60,78,102] [9,15,52,53,82,103,106,112] [13,22,23,38,42,52,97,100] [1,4,26,45,48,50,82,87] [36,44,61,64,95,100,105,122] [1,65,71,80,94,99,103,127] [18,25,35,52,70,85,103,107] [43,69,98,99,105,107,115,122] [26,34,42,46,53,63,75,87] [2,16,40,44,71,75,76,101] [23,34,44,55,57,80,99,115] [1,8,17,60,68,94,95,121] [7,11,14,30,40,75,78,102] [9,15,17,52,53,68,106,112] [10,22,23,38,65,86,100,127] [1,2,4,26,45,48,66,82] [55,61,64,67,80,95,105,122] [1,71,89,94,97,99,103,127] [18,25,35,52,69,70,103,107] [29,43,46,69,86,98,105,115] [30,53,63,73,75,80,87,102] [2,21,36,44,73,75,76,101] [11,23,34,39,55,79,80,115] [1,8,17,60,78,94,95,121] [7,14,15,40,78,83,102,115] [9,15,17,52,53,80,103,106] [3,16,22,24,37,73,74,125] [8,43,44,49,56,81,97,104] [6,27,37,45,54,80,83,104] [4,24,46,80,92,112,114,117] [22,39,55,80,82,84,105,124] [27,32,35,52,71,85,90,95]
Token  26: [2,17,21,62,63,66,97,111] [53,74,76,86,99,107,116,122] [8,9,14,51,52,54,65,70] [1,13,25,29,34,38,76,105] [0,22,25,40,57,67,74,87] [30,34,36,47,80,96,122,126] [10,13,23,38,42,79,86,100] [1,26,32,45,48,82,87,95] [5,36,39,61,64,95,105,122] [1,22,24,81,94,99,103,127] [18,25,35,39,52,64,107,108] [9,29,69,86,98,105,107,115] [34,42,53,63,75,80,87,118] [2,16,21,44,75,76,98,102] [23,34,39,55,79,80,99,101] [1,8,17,60,68,87,94,95] [7,11,14,40,45,60,78,102] [9,15,17,52,53,85,106,112] [10,13,23,38,42,52,79,100] [1,26,45,48,82,87,95,100] [36,39,44,64,95,105,108,122] [1,22,33,71,94,99,103,127] [18,25,35,39,52,64,107,108] [29,69,86,98,105,107,115,122] [42,53,61,63,75,80,87,118] [10,17,44,71,75,76,101,102] [23,34,39,44,54,55,99,101] [1,17,60,69,94,95,98,121] [7,11,14,40,45,75,78,102] [9,15,17,53,85,106,112,121] [10,22,23,42,52,86,100,127] [1,4,26,32,45,48,66,82] [47,55,64,67,80,95,105,122] [1,33,71,89,94,97,99,127] [18,25,35,39,52,69,107,119] [29,33,46,86,98,105,107,115] [32,46,53,63,87,102,104,118] [2,10,44,73,75,76,101,102] [11,23,34,39,55,79,80,101] [1,8,17,60,87,94,95,121] [7,14,15,40,78,83,102,115] [9,15,17,52,53,85,103,106] [3,16,22,37,73,74,123,125] [8,36,43,44,49,56,81,104] [6,27,37,45,54,80,81,104] [12,24,37,46,80,92,112,114] [22,39,55,80,82,84,105,124] [27,32,35,52,71,85,90,95]
Token  27: [13,62,63,83,97,101,111,118] [3,34,74,86,107,113,116,123] [8,9,14,51,54,65,77,120] [1,25,29,38,76,93,94,105] [0,22,23,40,44,67,74,86] [30,34,36,58,80,96,116,126] [10,13,23,42,52,54,86,100] [1,26,43,45,48,82,87,95] [5,36,39,61,64,95,105,122] [1,22,80,81,94,99,103,127] [18,25,35,39,52,64,107,119] [29,33,69,86,98,105,107,115] [43,53,63,75,80,87,118,123] [2,10,44,71,75,76,98,102] [23,34,39,55,79,80,99,101] [1,8,17,60,68,87,94,95] [7,11,14,33,40,45,78,102] [9,15,17,52,53,85,106,112] [10,23,38,42,52,63,79,100] [1,26,43,45,48,82,87,95] [5,36,39,44,64,95,105,122] [1,22,52,65,94,99,103,127] [18,35,39,52,60,107,108,113] [8,33,69,86,98,105,107,115] [42,43,53,63,75,80,87,123] [10,44,71,73,75,76,101,102] [8,23,34,39,55,61,99,101] [1,8,17,68,94,95,98,121] [7,11,14,33,40,75,78,102] [9,15,17,53,85,106,112,117] [10,22,23,38,42,86,97,100] [1,4,26,32,43,45,48,82] [33,47,55,64,95,103,105,122] [1,52,71,89,94,97,99,127] [25,35,39,52,64,69,107,119] [8,29,33,86,98,105,107,115] [43,53,73,75,87,102,118,123] [2,10,44,65,73,75,76,101] [11,23,34,39,44,55,79,80] [1,17,60,78,87,94,95,121] [7,14,15,33,40,78,102,115] [9,15,17,52,53,85,103,106] [3,16,22,24,37,73,74,125] [8,43,44,49,56,81,97,104] [27,34,37,45,54,80,81,104] [12,22,24,46,80,92,112,114] [22,39,55,80,82,84,105,124] [27,32,35,52,71,85,90,95]
Token  28: [17,29,62,63,67,77,91,105] [7,67,74,99,107,113,114,123] [8,41,54,64,70,118,121,125] [1,25,62,73,76,77,93,105] [11,22,51,67,74,87,105,116] [5,18,34,58,80,99,116,126] [10,23,28,55,86,89,97,100] [1,4,43,45,48,82,87,89] [4,39,44,64,80,95,103,122] [1,33,80,89,94,96,99,127] [18,25,35,41,52,64,107,119] [16,29,50,86,98,105,111,115] [34,43,53,63,80,87,102,123] [10,40,65,71,75,76,101,102] [23,34,39,55,57,64,80,102] [8,17,31,60,87,94,95,121] [9,14,33,40,78,83,102,109] [9,15,17,22,85,103,106,112] [10,22,23,52,86,89,97,100] [1,4,26,45,48,51,82,89] [4,44,64,80,91,95,105,122] [1,33,52,76,89,94,99,127] [18,25,41,52,64,95,107,119] [9,16,29,86,98,105,107,115] [43,53,63,75,87,100,102,123] [10,18,40,71,75,76,101,102] [23,34,39,55,57,64,73,102] [1,8,17,87,94,95,98,121] [9,14,33,40,78,83,102,109] [6,9,15,17,53,85,106,112] [10,22,23,28,55,86,100,104] [1,4,33,36,43,45,66,82] [4,39,55,64,80,91,95,103] [1,33,52,89,94,99,102,127] [33,35,41,52,64,69,107,119] [9,16,29,33,86,98,105,115] [32,39,43,53,87,100,102,123] [40,44,45,65,73,75,76,102] [23,39,55,57,64,80,82,102] [6,8,17,46,60,87,94,121] [7,14,15,33,40,78,102,109] [6,9,15,52,53,85,103,106] [3,16,22,24,37,73,74,125] [8,16,43,44,49,56,81,104] [13,27,34,37,45,54,80,83] [12,22,24,46,80,104,112,114] [22,39,55,80,82,84,105,124] [27,32,35,52,71,85,90,95]
Token  29: [3,12,28,29,62,67,77,126] [11,58,67,74,78,113,115,122] [9,15,24,73,118,119,121,125] [1,11,25,76,78,105,119,121] [39,47,51,67,74,105,113,116] [18,36,48,58,80,99,116,126] [10,22,23,86,89,97,100,125] [1,4,43,45,73,82,87,100] [24,27,55,80,91,95,105,108] [1,24,71,76,89,94,99,127] [18,25,52,91,95,107,119,120] [16,29,68,86,98,105,107,115] [27,38,43,53,63,80,87,123] [24,40,71,75,76,95,101,123] [3,23,34,36,39,57,62,99] [1,6,8,17,40,94,95,121] [14,29,33,40,78,83,111,123] [9,65,82,84,85,103,106,112] [10,22,23,38,75,89,97,104] [1,4,32,36,45,82,89,116] [44,64,80,95,100,104,105,108] [1,71,76,80,89,99,102,127] [18,25,52,64,95,107,119,120] [16,29,69,86,98,99,105,115] [34,38,43,53,63,87,102,123] [10,24,40,71,76,101,109,123] [9,18,23,34,39,55,57,62] [1,8,17,77,94,95,98,121] [14,26,33,75,78,83,102,111] [0,6,9,65,84,85,106,112] [10,22,23,42,55,97,104,118] [1,4,36,43,45,51,89,116] [24,27,44,55,91,95,103,122] [1,22,35,89,94,99,102,127] [52,64,69,95,107,119,120,124] [16,29,68,86,97,98,105,115] [38,43,53,73,87,102,103,123] [24,40,73,78,91,95,109,123] [18,23,34,55,57,62,82,111] [17,20,31,46,50,94,107,121] [14,29,33,44,77,78,111,115] [0,9,63,65,80,84,85,112] [3,16,20,24,28,55,75,126] [8,16,44,47,56,75,104,121] [6,8,13,27,54,80,83,110] [5,12,24,37,47,82,83,87] [1,5,10,45,52,55,98,123] [15,21,31,44,74,90,98,127]
Token  30: [22,61,63,71,81,93,107,118] [20,67,74,83,91,106,113,116] [24,87,116,117,118,121,122,125] [1,11,67,76,78,105,119,121] [39,47,67,74,91,105,111,118] [18,58,80,94,99,111,116,126] [10,23,28,42,75,86,97,100] [1,43,45,51,60,89,95,100] [27,39,55,64,91,95,103,122] [1,24,43,48,76,89,99,127] [14,18,25,35,52,107,119,120] [29,47,58,69,86,98,105,115] [25,43,53,63,68,80,87,123] [2,24,40,44,65,75,76,121] [23,28,34,36,39,57,59,79] [1,8,17,60,94,95,98,121] [4,11,14,33,40,75,78,83] [9,17,45,53,85,103,106,112] [10,22,23,38,42,75,89,100] [1,4,26,32,45,51,89,116] [39,55,61,64,80,95,103,108] [1,52,71,76,81,89,99,127] [25,35,39,52,64,74,107,119] [29,47,58,69,86,98,105,115] [27,43,53,63,68,87,100,123] [10,40,44,65,71,75,101,107] [23,28,34,39,55,57,99,115] [4,8,17,40,94,95,98,121] [4,9,14,30,33,75,78,102] [6,9,45,53,85,106,107,112] [10,22,23,38,86,100,104,127] [1,4,26,32,45,66,82,116] [33,55,61,64,95,100,103,104] [1,66,71,76,81,89,99,127] [2,25,52,64,69,85,107,119] [33,47,58,86,98,101,105,115] [27,32,43,53,68,87,104,123] [40,44,65,73,75,79,99,121] [23,28,34,37,39,55,57,79] [1,3,4,6,8,40,94,121] [4,14,20,33,40,78,102,121] [6,9,45,53,85,97,106,112] [3,16,22,37,59,71,73,101] [4,36,43,44,49,56,81,104] [27,37,45,54,69,71,81,104] [12,24,32,37,80,114,117,127] [22,52,55,60,82,98,124,127] [32,34,71,85,86,90,104,117]
Token  31: [0,27,48,49,50,70,106,110] [39,46,74,91,99,113,116,126] [7,36,45,50,51,92,122,125] [26,34,67,76,78,94,114,123] [38,43,47,70,105,111,113,118] [18,51,58,75,94,105,111,116] [13,22,23,86,89,97,100,127] [1,4,26,32,45,60,82,89] [2,55,64,91,95,100,103,104] [15,22,24,48,76,89,99,127] [2,14,25,35,52,80,91,119] [13,29,47,58,60,86,99,105] [9,27,32,43,68,69,87,102] [12,40,44,65,66,73,79,113] [23,34,38,39,57,96,105,115] [3,6,8,17,40,73,94,121] [4,14,24,26,30,33,51,78] [2,9,35,53,66,82,103,112] [10,22,23,54,87,89,100,104] [1,4,5,32,45,48,82,100] [2,44,61,64,95,100,105,108] [66,71,76,89,97,99,102,127] [2,18,25,52,64,85,103,119] [8,29,58,86,99,105,115,122] [26,32,43,46,53,87,102,123] [12,40,66,71,73,101,104,106] [23,34,38,39,44,57,105,115] [1,6,8,17,40,88,94,121] [4,14,24,30,33,51,78,102] [2,6,9,35,66,106,107,112] [10,22,23,54,86,100,104,127] [1,4,5,13,32,45,82,108] [2,33,44,55,67,95,100,103] [66,71,76,89,97,99,102,127] [2,14,25,52,69,91,103,119] [29,33,47,60,86,98,105,115] [27,32,34,43,68,87,102,123] [12,44,65,66,73,99,113,126] [23,37,39,55,57,58,96,105] [3,4,6,17,40,61,94,121] [4,14,30,33,43,51,78,102] [2,6,9,35,66,106,112,126] [3,16,18,71,73,93,98,102] [5,6,36,44,68,81,87,104] [6,20,27,48,69,81,83,104] [4,12,20,24,70,80,114,117] [22,52,55,60,80,98,115,127] [36,47,66,85,86,88,120,123]
Token  32: [22,23,28,30,50,87,105,112] [29,48,67,74,85,114,116,122] [4,6,36,64,76,118,125,126] [37,70,76,77,78,94,106,109] [11,27,38,60,70,105,113,116] [5,18,48,54,56,58,99,116] [22,23,86,89,100,104,111,125] [1,4,13,32,45,67,82,108] [2,20,33,35,55,100,103,104] [35,41,66,71,76,89,97,99] [2,25,45,52,91,95,109,119] [8,16,29,33,42,43,101,105] [27,32,34,43,46,87,102,103] [12,40,41,45,57,71,109,123] [3,23,34,39,44,57,99,102] [6,17,20,40,61,77,94,121] [1,14,30,33,78,109,110,126] [0,9,36,64,65,82,103,112] [3,22,23,54,77,86,89,104] [1,4,5,32,45,48,82,100] [2,44,61,67,76,100,105,108] [24,35,66,71,76,89,97,99] [2,25,52,85,95,103,109,119] [8,16,20,22,42,97,105,116] [0,14,32,38,43,87,102,123] [12,41,57,71,73,101,109,123] [18,23,44,55,59,60,92,102] [8,17,20,40,61,77,94,121] [4,14,24,30,33,78,109,110] [0,9,36,64,65,106,107,112] [10,22,23,86,100,104,111,118] [1,4,5,26,45,67,82,100] [2,20,22,44,55,100,103,127] [35,40,41,66,71,89,99,127] [2,25,41,95,109,111,119,124] [16,25,42,73,86,97,98,115] [32,34,38,43,87,102,103,123] [12,41,57,62,73,91,109,123] [18,23,34,55,57,60,102,111] [6,8,17,20,31,40,94,107] [14,29,33,44,77,109,110,115] [0,9,54,63,64,65,80,85] [3,24,49,59,70,75,90,126] [44,47,49,56,68,75,121,125] [8,23,27,34,37,80,104,110] [4,5,24,47,76,82,83,87] [1,5,10,45,82,96,123,124] [15,31,44,74,90,92,114,127]
Token  33: [6,40,43,65,72,73,98,100] [18,38,70,74,94,100,122,127] [38,40,57,84,88,99,113,123] [2,6,31,84,89,93,116,124] [11,40,52,67,76,85,106,115] [37,58,59,61,64,66,103,125] [8,10,47,56,63,83,86,105] [18,43,45,48,49,100,109,112] [44,65,84,95,103,121,122,127] [0,1,9,80,89,110,125,127] [18,30,52,61,64,105,107,119] [24,29,46,49,61,105,115,125] [15,56,63,65,80,87,99,123] [6,10,15,28,71,76,78,101] [17,20,23,34,39,48,57,99] [1,6,8,17,85,94,95,101] [8,14,33,45,78,83,115,124] [9,17,19,69,103,105,106,112] [10,22,23,42,52,64,100,105] [1,43,45,48,49,82,89,100] [44,55,80,84,95,105,121,122] [1,9,89,99,103,110,125,127] [18,25,39,52,61,64,105,107] [24,29,43,46,49,61,105,115] [15,34,63,75,80,87,99,102] [6,15,28,40,58,71,73,101] [17,20,23,32,34,48,55,86] [8,10,16,17,70,85,94,101] [8,14,39,62,78,81,102,124] [1,9,17,19,21,42,69,118] [10,23,42,56,58,63,83,105] [43,45,48,49,75,82,100,112] [55,65,84,95,105,114,121,122] [1,9,89,99,103,110,125,127] [18,52,56,61,68,78,98,105] [3,21,23,24,43,49,61,125] [15,21,63,65,73,75,96,99] [6,15,23,26,28,58,78,104] [4,17,20,48,55,81,86,100] [16,17,49,59,70,85,101,127] [39,65,73,78,80,81,115,124] [1,18,19,21,42,48,55,69] [24,31,32,52,64,113,114,115] [8,31,37,71,77,78,88,104] [0,6,27,53,73,90,102,107] [2,22,27,32,82,87,101,114] [5,11,34,38,52,97,98,118] [20,44,57,73,74,77,86,109]
Token  34: [1,5,20,53,85,98,99,100] [5,15,18,64,82,94,119,127] [2,38,57,78,80,84,113,123] [6,14,16,72,84,103,116,124] [11,13,17,81,85,106,115,124] [9,25,33,37,44,59,61,66] [8,34,35,47,63,78,83,105] [18,24,45,82,101,106,109,112] [9,16,38,65,72,84,116,121] [0,9,10,19,49,80,96,110] [26,30,47,53,56,57,61,105] [7,21,24,28,49,61,63,125] [9,15,56,65,80,96,99,105] [6,15,19,23,28,58,77,122] [17,20,32,48,81,90,100,117] [10,16,59,70,85,91,101,120] [8,65,73,78,81,99,115,124] [18,19,21,41,42,55,83,99] [24,25,34,56,63,71,78,105] [24,45,49,59,82,101,109,112] [16,38,65,72,84,101,116,121] [0,9,49,80,96,110,122,125] [26,30,56,61,68,78,98,105] [3,23,24,49,54,61,96,125] [2,9,15,56,65,79,96,99] [15,19,23,26,28,58,78,104] [4,17,20,32,48,86,100,107] [16,49,59,70,85,101,120,127] [39,80,81,99,103,105,115,124] [1,18,21,42,55,75,78,83] [24,34,44,53,63,78,83,105] [18,24,59,75,82,106,109,112] [16,38,46,57,65,72,101,121] [9,10,16,49,80,110,122,125] [26,56,57,61,68,78,98,105] [3,7,14,21,23,24,49,125] [15,21,56,65,73,79,96,99] [0,15,19,26,28,58,78,104] [17,32,48,81,86,100,107,117] [12,41,49,59,70,85,101,127] [17,73,81,87,99,103,115,124] [18,21,41,42,48,55,69,78] [6,31,32,56,64,67,113,114] [31,37,71,77,78,88,96,104] [6,31,47,53,73,90,107,121] [22,27,44,85,94,101,107,114] [11,34,38,52,71,97,98,118] [2,20,73,77,86,101,105,125]
Token  35: [21,50,60,75,83,93,116,126] [6,11,23,58,74,119,122,125] [15,36,46,47,67,117,121,125] [4,37,64,82,84,85,107,115] [11,13,50,52,56,58,81,104] [2,13,25,44,61,68,74,102] [8,34,47,53,63,70,71,83] [18,28,30,39,51,82,106,109] [24,29,36,46,99,103,109,111] [0,9,10,16,49,65,80,96] [26,30,53,56,61,105,116,123] [7,24,28,30,61,63,67,125] [2,9,15,24,56,65,99,116] [16,23,26,28,32,42,77,122] [48,57,81,88,90,96,100,110] [10,16,49,59,70,85,91,120] [65,73,81,83,87,89,111,115] [18,21,27,33,55,78,82,83] [8,24,44,47,63,71,75,86] [24,28,59,62,82,106,109,112] [38,46,57,65,72,101,116,124] [0,10,16,49,80,87,122,125] [26,56,58,68,78,94,98,116] [3,7,21,23,63,64,96,125] [9,24,56,65,85,96,99,119] [0,19,26,42,58,77,103,104] [4,19,62,88,94,96,100,107] [12,49,59,70,87,91,112,120] [6,73,80,83,87,89,103,111] [1,14,18,45,61,78,83,120] [24,26,53,59,63,70,71,75] [6,18,28,59,72,75,106,109] [22,24,29,36,38,46,72,99] [10,38,43,49,65,87,114,122] [14,26,43,69,88,98,111,116] [7,13,21,28,58,63,64,68] [24,56,65,69,73,85,105,119] [0,23,25,26,68,77,82,104] [19,55,62,81,88,92,101,107] [12,13,18,49,59,87,112,120] [6,17,27,73,87,111,115,123] [18,45,58,61,82,93,99,103] [14,20,24,28,50,70,76,114] [2,16,18,30,72,78,94,96] [6,13,19,26,54,82,94,113] [26,47,63,76,86,98,107,114] [37,45,46,74,96,102,103,122] [11,42,54,57,61,79,90,114]
Token  36: [22,31,53,61,69,81,92,93] [23,41,46,58,83,91,116,122] [15,36,47,69,116,117,120,125] [4,16,26,30,64,80,84,106] [11,13,56,58,67,91,104,111] [2,18,25,68,82,102,103,108] [8,53,58,63,64,71,75,89] [18,45,51,72,73,82,106,109] [28,29,36,46,72,86,99,103] [10,48,49,65,80,84,87,96] [14,26,30,53,58,88,112,123] [8,13,30,37,58,63,67,96] [9,24,52,56,60,69,85,116] [24,25,26,77,82,98,121,122] [8,19,28,62,81,88,94,96] [8,12,16,59,87,91,112,120] [1,20,73,81,83,103,115,121] [6,14,18,27,45,61,78,83] [8,25,34,53,63,71,75,86] [18,28,59,72,82,106,109,110] [36,38,46,57,72,99,103,116] [10,49,65,69,80,84,87,114] [14,26,58,74,81,98,116,123] [8,13,21,30,58,63,82,96] [24,50,56,65,85,105,116,119] [0,24,25,42,68,77,82,104] [5,19,36,75,88,89,94,96] [12,18,59,87,91,112,115,120] [20,73,80,83,89,103,111,121] [14,18,45,51,61,78,83,120] [26,44,53,63,70,75,98,104] [18,24,28,59,72,82,106,109] [15,29,36,38,46,72,99,103] [10,48,49,65,69,80,87,114] [8,14,26,29,88,98,115,123] [13,21,28,39,58,63,82,111] [24,56,60,69,73,85,98,105] [0,24,25,55,68,82,104,121] [5,13,19,29,81,88,96,107] [12,18,59,83,84,112,115,120] [4,20,73,80,87,89,115,121] [1,6,14,45,51,58,61,97] [14,36,38,65,67,71,101,119] [4,6,45,65,78,87,96,104] [6,8,54,71,72,104,107,121] [1,22,27,37,85,107,114,127] [52,55,67,80,97,98,102,127] [32,34,55,57,74,79,86,117]
Token  37: [14,57,70,101,103,106,110,118] [9,20,39,46,47,48,92,116] [15,36,47,69,90,104,122,125] [26,64,78,80,84,90,101,106] [11,56,58,63,67,77,104,111] [2,18,51,56,102,103,105,108] [8,16,52,53,63,71,75,89] [18,39,45,51,73,82,106,109] [15,28,29,36,46,67,99,103] [10,32,48,49,65,80,84,96] [14,26,30,81,86,88,112,123] [7,10,21,28,37,58,109,111] [20,47,56,60,62,85,116,120] [25,31,55,66,77,82,113,122] [5,16,71,88,94,96,105,110] [10,12,16,31,44,59,83,91] [12,78,80,83,87,93,115,119] [2,6,18,26,35,61,66,83] [8,30,44,63,75,86,87,89] [32,45,51,60,82,100,106,109] [15,38,46,72,95,101,103,124] [10,49,76,80,87,96,111,114] [13,18,26,30,58,94,98,103] [7,21,64,75,96,99,109,111] [2,9,26,46,47,74,85,116] [25,42,66,82,104,106,112,113] [16,57,88,94,99,105,107,115] [12,16,32,59,61,83,91,120] [12,78,80,83,103,115,119,127] [2,18,66,75,82,83,93,94] [34,44,52,54,63,75,86,89] [9,24,45,60,73,82,106,109] [15,29,38,72,95,99,101,116] [10,32,49,65,80,87,96,111] [13,26,30,81,88,98,103,112] [4,7,21,64,65,96,109,111] [2,26,42,47,73,85,98,116] [10,25,31,66,82,91,104,113] [5,16,19,55,88,96,105,107] [10,12,16,34,59,98,115,120] [12,30,43,80,87,103,115,119] [2,20,35,61,66,83,103,120] [14,18,27,38,76,93,102,123] [6,29,36,45,78,87,104,112] [6,20,27,48,69,72,81,121] [12,22,37,70,80,85,107,114] [52,55,60,80,98,102,115,127] [36,47,66,86,88,112,120,123]
Token  38: [2,7,21,28,29,97,119,126] [10,11,16,45,48,75,88,122] [7,8,47,65,70,90,121,125] [11,16,37,62,77,84,90,119] [10,11,47,58,77,87,100,104] [56,70,74,97,100,102,105,108] [8,16,53,55,63,71,75,98] [6,18,30,45,51,73,106,109] [4,14,15,29,46,80,103,111] [10,32,49,65,80,87,96,114] [13,30,53,81,88,103,112,115] [7,8,21,37,50,64,109,111] [20,26,36,54,56,60,85,116] [25,31,42,64,77,82,102,113] [16,62,75,86,88,94,96,107] [10,12,16,31,50,59,91,120] [51,65,80,83,89,111,115,119] [2,18,35,55,66,78,83,120] [8,13,25,53,55,63,71,75] [18,28,30,59,82,106,109,110] [4,15,29,38,46,57,72,116] [10,32,49,65,80,84,87,96] [13,26,81,88,98,103,112,115] [8,21,50,64,70,96,109,111] [20,26,54,56,65,85,116,125] [0,25,31,68,82,102,104,113] [16,62,64,88,91,94,96,107] [12,16,50,59,83,91,115,120] [50,51,80,83,89,91,111,119] [2,18,35,66,78,83,94,120] [26,44,53,55,63,70,71,75] [6,9,18,28,73,82,106,109] [3,4,15,29,38,46,72,101] [10,32,49,80,87,96,111,114] [13,26,30,81,88,98,103,115] [8,21,50,64,68,70,109,111] [26,28,85,98,113,116,119,125] [25,31,66,68,91,102,104,113] [16,55,62,64,88,96,107,118] [3,4,10,12,59,91,98,120] [13,43,50,51,80,111,115,119] [2,6,35,36,66,81,83,126] [16,18,38,76,77,80,98,102] [6,16,29,30,45,78,87,104] [6,13,20,48,68,72,81,121] [12,20,22,37,70,80,107,114] [22,52,55,80,98,102,115,127] [26,36,47,66,86,88,120,123]
Token  39: [19,28,62,87,95,112,125,127] [16,29,45,59,77,88,117,122] [25,44,47,64,76,106,109,125] [16,40,46,70,79,84,92,93] [10,13,27,58,81,104,114,118] [10,39,56,71,87,103,108,122] [8,27,34,53,63,71,75,98] [18,45,51,73,82,88,106,109] [15,20,29,37,46,72,101,111] [32,35,41,49,80,87,96,114] [13,26,30,53,81,88,103,109] [7,8,16,21,37,42,64,111] [0,2,26,28,56,62,85,116] [25,41,42,57,91,106,109,123] [7,18,88,94,102,107,110,111] [10,12,16,20,31,59,91,120] [26,30,77,80,83,108,110,115] [0,6,18,63,64,78,83,99] [8,25,26,34,52,63,75,86] [45,51,60,73,82,106,109,110] [15,20,38,46,72,101,103,116] [41,49,80,84,87,96,111,114] [13,26,30,81,98,103,109,112] [8,21,22,28,42,64,96,111] [0,2,9,26,56,75,85,116] [25,31,41,57,68,91,104,106] [5,47,60,88,91,94,102,107] [12,16,31,49,59,83,91,120] [6,44,50,73,80,83,108,110] [18,54,63,64,65,78,93,120] [26,27,52,53,63,70,75,98] [18,28,30,50,73,106,109,110] [15,20,29,37,38,46,72,101] [10,41,49,80,87,96,111,114] [26,30,81,98,103,109,111,115] [7,21,22,28,42,64,70,111] [0,7,17,19,26,56,73,85] [1,16,25,31,41,57,68,104] [5,19,47,55,60,88,94,102] [12,20,46,49,59,83,107,120] [6,44,70,77,108,109,110,115] [6,36,54,58,63,64,65,122] [24,32,49,52,67,77,90,126] [30,45,47,78,80,104,121,125] [6,11,23,72,73,94,110,121] [1,5,22,26,76,85,87,107] [38,52,71,96,98,102,106,122] [15,21,31,44,82,114,121,127]
Token  40: [18,22,26,44,59,65,66,114] [2,18,26,50,58,94,124,127] [40,47,49,54,84,88,113,125] [6,16,23,46,84,89,90,101] [25,38,47,58,81,86,106,124] [11,44,61,66,82,108,122,125] [8,35,47,53,63,75,105,108] [18,24,39,49,50,51,106,109] [15,29,46,84,103,109,116,121] [10,49,65,80,84,87,96,110] [26,30,53,56,61,74,81,116] [7,21,28,61,63,64,67,125] [7,8,56,65,85,99,116,119] [16,25,28,42,77,82,103,122] [5,8,20,48,88,94,100,111] [12,18,31,59,84,91,103,120] [18,73,80,83,87,103,108,115] [6,18,48,61,69,78,83,93] [8,25,26,47,53,63,71,75] [18,24,28,50,59,106,109,110] [15,26,29,38,46,72,103,111] [10,49,65,69,84,87,96,114] [26,32,43,58,74,81,98,116] [7,21,30,61,63,64,70,96] [7,24,50,56,65,85,105,119] [0,16,28,32,42,68,104,122] [20,36,48,66,86,94,107,110] [10,12,18,49,59,91,103,120] [55,73,80,83,84,87,89,103] [1,18,19,48,69,78,83,120] [8,26,53,63,70,71,75,105] [18,24,28,50,59,82,106,109] [29,38,46,72,84,103,109,121] [10,26,49,69,87,96,110,114] [26,58,61,74,81,98,105,116] [7,21,24,28,49,61,64,82] [7,28,56,65,73,85,99,105] [15,16,28,42,58,68,77,104] [20,36,48,55,86,91,94,107] [10,18,49,59,70,85,101,120] [8,17,55,73,83,87,115,124] [18,19,42,48,58,69,72,83] [7,31,32,36,39,64,74,76] [30,37,43,45,77,78,88,96] [0,6,45,47,53,72,73,121] [1,22,27,46,63,85,94,107] [29,38,39,80,84,97,102,105] [32,35,52,73,95,109,111,117]
Token  41: [2,13,21,50,61,80,92,120] [3,6,8,45,50,53,58,88] [15,27,36,47,50,122,125,127] [2,16,23,29,46,56,84,112] [11,13,25,47,58,81,104,114] [13,47,68,70,82,105,107,125] [3,8,53,63,66,71,75,98] [6,18,39,50,51,60,106,109] [14,15,29,36,46,103,109,116] [10,26,49,80,84,87,96,114] [7,30,74,81,86,98,115,116] [21,28,47,64,67,70,82,96] [7,12,49,56,85,116,120,124] [16,42,66,68,77,82,122,124] [6,8,79,88,94,96,100,110] [12,44,59,70,84,90,91,120] [55,73,80,83,87,99,115,119] [6,18,22,55,69,78,83,120] [8,25,26,53,63,71,75,86] [18,24,50,62,82,106,109,110] [29,38,46,57,72,103,109,116] [10,19,49,80,84,87,96,122] [26,43,58,74,81,86,98,116] [7,21,28,30,63,70,82,96] [7,9,24,56,65,85,116,124] [16,26,32,42,66,77,91,104] [8,66,79,94,96,99,107,110] [44,49,59,61,70,90,91,120] [50,55,73,80,83,89,115,119] [1,6,18,46,69,78,83,123] [8,26,34,53,63,75,86,127] [18,45,51,60,82,100,106,109] [29,38,57,72,95,103,109,116] [0,10,26,45,49,69,80,114] [26,43,69,74,81,86,98,116] [21,28,30,59,63,67,70,82] [9,28,52,56,65,73,98,105] [16,42,66,68,77,91,98,104] [8,23,55,79,91,96,107,115] [17,37,59,61,70,90,91,121] [45,50,51,55,78,80,115,119] [2,9,18,46,69,85,112,126] [16,22,32,36,59,98,101,125] [6,12,27,44,49,78,87,104] [6,20,27,30,48,81,88,99] [12,17,22,24,70,80,107,114] [22,30,52,55,81,84,98,115] [47,66,71,85,88,111,120,123]
Token  42: [16,18,53,89,104,107,111,118] [3,34,58,69,76,88,111,124] [10,14,47,62,100,123,125,127] [19,67,68,71,84,87,109,112] [2,11,13,23,43,81,89,114] [13,18,25,44,80,83,107,110] [8,34,47,53,63,71,108,111] [18,45,50,60,82,87,106,109] [46,67,72,86,95,103,109,116] [10,26,49,80,87,94,96,114] [30,53,74,80,81,86,116,121] [10,28,47,70,82,87,110,117] [12,25,28,56,85,98,119,120] [16,32,42,68,75,77,121,122] [5,8,29,79,80,91,96,99] [10,21,47,59,70,88,90,91] [7,18,40,73,78,83,105,115] [6,14,18,20,69,78,83,97] [8,26,34,54,63,71,75,86] [18,59,60,62,82,87,106,109] [5,29,38,46,67,72,103,109] [0,10,49,69,80,87,94,96] [43,74,81,86,98,111,116,121] [4,21,28,30,82,87,96,110] [9,12,24,50,56,65,98,120] [32,42,68,75,77,91,92,104] [8,66,79,80,82,91,96,110] [8,16,44,59,61,90,91,120] [7,14,40,73,78,80,83,127] [1,14,18,69,78,83,120,123] [26,34,44,63,71,75,86,127] [18,45,51,60,82,87,106,109] [29,36,38,67,72,103,116,127] [0,10,49,80,84,87,94,99] [3,25,26,30,69,74,98,116] [10,21,28,48,64,82,87,120] [9,28,56,65,73,85,98,105] [10,42,44,68,75,77,91,104] [2,5,8,55,79,91,110,115] [56,59,61,90,91,112,120,121] [7,34,40,73,78,80,105,115] [1,14,18,53,85,97,103,112] [31,32,37,59,73,101,115,125] [2,4,8,27,49,78,81,104] [6,27,30,37,54,71,80,107] [2,22,27,32,80,107,114,127] [5,22,52,82,84,97,101,124] [32,34,74,85,86,90,95,117]
Token  43: [0,57,89,101,103,106,111,127] [3,9,48,54,73,76,109,126] [10,14,47,90,122,125,126,127] [19,39,67,76,84,87,112,117] [11,13,23,34,63,77,104,114] [13,18,44,51,105,107,110,117] [16,27,63,75,86,100,104,108] [1,18,30,45,73,82,106,109] [28,29,45,46,86,95,103,109] [10,32,46,49,80,89,96,103] [25,30,74,80,86,94,103,108] [28,47,67,82,85,101,107,109] [2,9,12,25,34,56,68,120] [10,16,42,66,77,106,111,113] [3,8,16,57,96,99,105,110] [17,40,44,56,59,61,90,91] [12,14,78,80,83,102,115,119] [2,6,18,35,66,83,112,123] [34,52,56,63,75,86,87,89] [32,45,48,51,60,82,100,109] [5,15,44,95,101,103,109,116] [0,10,49,76,80,84,96,111] [18,25,30,69,94,98,103,116] [21,28,60,67,85,96,109,115] [9,34,42,56,74,104,113,116] [32,42,66,77,82,104,111,113] [8,57,66,99,105,107,110,115] [16,17,40,59,61,90,91,121] [12,14,78,80,102,115,119,127] [2,9,18,35,66,78,82,112] [22,23,34,63,86,100,107,127] [1,5,32,45,60,82,100,109] [9,17,44,72,95,103,109,127] [10,32,49,76,80,84,99,111] [25,30,85,94,98,103,108,116] [4,21,28,48,60,64,85,109] [2,9,42,56,73,85,87,113] [10,20,42,66,68,77,104,113] [8,16,23,55,57,96,105,115] [4,17,40,56,59,61,94,121] [12,14,43,78,80,102,115,119] [2,9,20,35,66,78,103,112] [16,18,22,27,93,102,109,123] [6,29,36,44,68,78,87,104] [6,20,27,30,48,72,81,121] [12,22,32,37,58,70,80,114] [22,52,55,60,80,98,115,117] [36,47,66,85,86,88,120,123]
Token  44: [7,23,28,62,73,87,112,125] [16,29,48,67,74,76,88,117] [4,36,47,59,76,87,106,125] [19,40,50,78,79,84,92,112] [27,57,67,70,81,86,105,118] [13,18,44,48,83,105,117,123] [3,34,63,75,86,89,104,127] [1,18,32,45,62,82,100,109] [35,70,86,93,95,103,116,127] [10,32,35,49,71,76,80,99] [25,26,30,47,85,109,111,116] [5,21,28,40,48,50,60,64] [2,9,12,34,46,56,120,127] [10,41,42,45,77,91,106,111] [16,38,47,53,57,96,99,115] [17,31,40,59,61,90,91,121] [26,29,30,40,75,78,115,127] [1,9,18,64,68,78,82,112] [22,34,54,63,86,89,118,127] [32,45,60,62,73,82,100,109] [15,17,22,93,95,100,103,127] [0,10,32,47,49,76,80,108] [2,23,30,41,47,109,111,116] [9,18,28,30,42,59,64,68] [0,9,12,25,43,46,95,98] [18,41,42,45,61,77,91,102] [16,47,53,57,73,96,110,115] [6,16,40,59,61,90,91,121] [14,26,29,78,80,110,115,127] [18,36,64,78,82,99,112,115] [22,34,52,63,86,89,104,127] [5,18,32,44,45,60,62,82] [17,22,38,67,72,93,103,127] [10,32,47,49,76,80,99,111] [9,41,47,69,98,109,111,116] [21,28,42,48,59,64,68,114] [9,28,39,56,73,98,101,103] [10,41,42,45,77,91,95,104] [8,16,47,53,55,73,91,115] [20,31,40,59,61,77,90,121] [6,14,29,75,78,80,110,115] [18,36,54,58,64,65,103,115] [8,24,32,49,59,70,71,90] [18,41,74,75,99,104,121,125] [6,11,23,27,30,37,104,107] [12,22,26,48,76,86,92,114] [33,51,52,71,82,96,97,124] [15,21,23,31,94,114,121,127]
Token  45: [22,31,68,69,70,81,101,107] [29,46,74,75,76,83,88,117] [47,75,87,100,115,117,123,125] [10,19,29,50,76,79,84,112] [11,23,58,81,91,105,111,118] [13,44,45,70,111,117,123,127] [8,26,34,58,63,75,98,104] [18,24,30,32,33,45,82,109] [28,29,35,51,86,95,103,116] [10,26,43,48,49,71,80,87] [5,14,30,47,74,83,97,116] [5,10,13,21,23,28,47,102] [9,12,23,25,56,68,85,120] [16,42,55,77,83,91,111,121] [28,55,57,74,84,93,96,115] [31,40,47,59,61,90,91,115] [20,40,73,78,105,115,121,127] [14,18,68,78,93,97,112,126] [34,54,63,71,75,86,89,127] [18,32,45,60,62,82,106,109] [15,17,28,29,38,72,93,103] [0,10,43,48,49,80,87,94] [14,30,47,69,74,111,116,123] [10,13,20,21,28,50,64,102] [9,12,46,68,98,116,120,124] [42,55,77,91,111,113,121,122] [57,84,91,96,99,103,110,115] [4,31,40,59,61,90,91,115] [14,20,30,50,78,80,115,127] [14,18,78,97,112,120,123,126] [26,34,41,63,86,89,104,127] [5,18,24,32,45,60,82,109] [17,28,29,38,72,93,103,127] [10,43,48,49,71,76,80,99] [14,43,69,74,98,111,116,123] [10,13,21,28,47,48,50,102] [9,28,56,73,85,98,104,120] [10,42,55,77,91,99,107,121] [11,28,55,84,96,107,115,118] [3,4,17,40,59,61,115,121] [14,20,75,78,80,115,121,127] [9,14,18,45,97,112,121,126] [16,32,41,65,71,80,101,115] [4,29,36,78,83,87,104,120] [6,27,30,54,69,71,104,107] [2,4,12,22,27,32,114,117] [22,52,55,60,67,97,98,117] [32,34,58,85,86,99,117,118]
Token  46: [0,24,57,101,103,106,110,127] [24,40,46,48,75,92,109,117] [41,47,59,90,115,122,123,125] [10,34,50,76,79,84,109,112] [23,38,57,63,105,111,113,118] [13,18,32,51,97,105,107,111] [14,23,34,63,65,86,89,104] [1,18,32,33,45,82,100,109] [17,28,29,38,61,86,95,127] [10,32,48,49,71,76,80,99] [14,23,25,30,83,85,108,116] [13,28,47,60,67,79,102,109] [2,9,34,46,56,68,104,120] [10,42,55,66,77,106,111,113] [3,16,57,84,96,105,110,115] [4,17,40,59,61,90,91,121] [12,14,51,75,78,115,119,127] [2,9,18,35,66,112,122,126] [22,23,34,63,86,87,89,127] [1,32,45,48,60,82,100,109] [15,17,28,44,101,103,123,127] [0,10,45,49,80,84,99,111] [2,14,30,69,85,111,116,123] [9,28,50,60,67,102,109,115] [9,34,46,68,95,98,104,120] [42,55,66,77,82,83,113,126] [16,57,66,96,103,105,110,115] [4,16,17,40,59,61,90,121] [14,48,51,75,78,115,119,127] [2,9,35,66,82,90,112,126] [14,22,34,63,86,89,107,127] [1,5,32,33,45,82,100,109] [15,17,28,32,67,100,123,127] [0,10,32,49,71,76,99,111] [14,25,69,85,94,103,116,123] [13,21,28,48,50,60,102,109] [9,39,46,47,68,73,104,120] [10,55,66,77,99,106,107,113] [11,16,55,57,84,96,105,115] [3,4,17,40,59,61,115,121] [12,14,43,51,78,115,119,127] [2,9,35,66,103,112,121,126] [16,18,27,41,71,80,93,102] [6,29,36,44,68,87,104,120] [6,20,27,30,48,69,81,104] [12,22,27,32,70,80,114,117] [22,52,55,60,98,115,117,127] [36,47,66,85,86,88,120,123]
Token  47: [19,23,28,30,50,87,105,112] [29,48,67,68,74,88,90,122] [4,6,36,44,64,76,125,126] [16,35,70,78,84,92,109,112] [10,11,13,27,38,51,57,113] [5,10,18,21,48,75,87,99] [22,23,54,63,86,89,104,118] [1,4,5,13,32,45,82,108] [20,35,47,61,67,76,100,127] [10,32,35,49,66,71,80,97] [2,25,80,85,91,95,109,111] [16,18,28,40,42,48,60,97] [0,2,9,27,32,34,46,87] [41,42,45,57,77,106,109,123] [3,16,23,38,53,57,60,99] [6,17,20,40,61,89,90,121] [14,24,30,78,93,110,115,126] [9,18,36,64,82,103,112,121] [22,23,34,54,65,86,104,118] [1,4,5,32,44,45,82,100] [15,18,20,32,44,67,100,127] [0,10,35,47,49,66,71,80] [2,25,69,85,95,109,111,124] [8,9,18,28,42,59,60,79] [0,2,9,14,25,32,34,46] [10,18,41,42,45,57,77,109] [16,23,55,60,71,73,102,115] [16,17,40,59,61,90,121,126] [14,24,30,78,93,109,110,115] [9,18,36,64,82,103,112,122] [22,23,34,86,104,111,112,118] [1,4,5,18,32,45,60,82] [20,44,61,100,103,105,116,127] [0,10,35,40,47,49,99,111] [2,23,25,69,85,109,111,124] [9,21,28,42,48,73,79,115] [0,2,9,25,56,73,103,112] [10,18,41,57,62,77,109,123] [3,16,18,23,55,60,71,102] [6,17,20,40,59,61,90,121] [14,44,77,78,108,109,110,115] [0,9,36,63,64,65,103,115] [16,24,31,49,59,70,90,126] [8,44,47,49,56,104,121,125] [6,23,27,30,37,73,80,110] [4,5,22,27,46,76,87,112] [10,39,52,60,82,97,105,124] [15,21,31,86,90,95,121,127]
Token  48: [2,18,80,84,89,92,103,120] [2,3,31,58,66,76,83,85] [10,36,47,67,100,116,117,122] [10,16,32,64,84,89,112,123] [10,11,19,38,43,91,105,113] [5,13,18,27,75,97,107,111] [8,23,34,63,86,89,100,104] [1,4,32,45,82,95,100,109] [28,35,61,95,103,109,116,127] [10,43,48,49,66,71,80,117] [2,14,18,25,80,85,108,123] [10,13,21,28,40,47,79,101] [9,23,34,46,53,56,68,120] [2,42,55,77,79,95,111,121] [3,16,23,28,57,79,80,110] [16,17,31,40,59,61,90,121] [11,14,15,48,55,60,78,115] [9,15,18,45,69,82,107,112] [8,22,23,34,52,63,86,89] [32,45,48,51,60,82,100,109] [5,15,35,44,100,103,109,127] [0,10,43,49,71,80,99,111] [2,14,69,85,109,111,116,123] [9,13,21,28,30,47,48,79] [9,53,56,68,98,104,120,124] [2,42,55,77,91,95,104,121] [11,23,28,57,79,80,99,110] [4,16,59,60,61,90,91,121] [11,14,15,55,60,78,102,115] [9,15,17,18,52,69,103,112] [8,22,23,34,63,86,107,112] [1,18,33,45,48,82,100,109] [44,61,95,103,105,109,116,127] [0,10,43,49,71,80,99,111] [18,25,52,69,85,98,108,123] [21,28,29,59,60,79,86,105] [2,9,53,56,73,87,98,104] [2,10,21,68,77,79,91,95] [3,8,11,23,55,79,80,115] [1,17,40,60,61,90,94,121] [11,14,15,45,55,60,78,102] [9,15,17,46,52,69,103,112] [16,24,31,32,37,59,74,125] [8,12,19,43,44,49,56,104] [6,27,30,45,73,88,99,107] [17,22,24,27,46,112,114,117] [22,29,30,39,81,84,97,105] [32,35,52,85,86,95,111,117]
Token  49: [16,53,92,93,104,107,111,118] [3,34,74,76,104,107,116,124] [10,14,36,47,67,87,100,116] [10,16,19,25,64,76,84,112] [10,13,23,38,65,105,113,118] [5,13,18,45,75,80,107,111] [14,16,23,63,86,100,108,127] [1,32,45,60,73,82,87,109] [35,55,61,64,67,95,103,122] [10,24,43,49,71,94,97,99] [14,18,23,25,80,85,108,123] [9,10,21,28,40,47,62,79] [9,25,34,53,56,68,104,120] [2,42,63,75,77,79,95,97] [8,16,23,29,79,80,99,110] [16,17,31,59,60,61,90,121] [7,11,14,40,60,78,102,115] [9,15,18,52,53,112,121,123] [8,52,63,75,86,100,112,127] [1,26,45,48,60,82,87,109] [5,15,61,64,95,103,105,127] [0,10,43,49,80,81,94,99] [2,14,25,69,85,103,111,116] [9,20,28,48,79,101,107,115] [9,34,39,42,53,87,104,120] [2,10,71,75,77,79,95,104] [8,11,23,57,79,80,99,110] [4,16,17,59,60,61,90,91] [7,11,14,40,60,78,102,115] [9,15,17,52,53,103,106,112] [10,23,34,63,85,86,100,112] [1,45,48,51,60,82,87,109] [44,64,80,95,103,105,122,127] [0,1,10,43,49,94,99,127] [6,18,25,30,52,69,103,108] [21,28,29,60,79,86,105,115] [9,39,42,53,63,73,87,104] [2,10,21,44,75,77,79,95] [8,11,23,34,39,55,79,80] [1,17,60,61,90,94,95,121] [7,14,15,40,78,83,102,115] [9,15,17,52,53,103,106,117] [16,22,24,37,59,73,74,125] [8,19,43,44,49,56,81,104] [6,27,30,37,45,54,80,81] [22,24,37,46,80,92,112,114] [22,39,52,80,82,84,105,124] [27,32,34,35,52,85,90,95]
Token  50: [0,13,63,83,97,101,111,118] [3,34,76,107,116,123,124,126] [8,9,14,36,47,54,72,120] [1,10,16,25,37,76,84,123] [0,10,13,23,52,81,86,105] [16,34,44,58,80,100,107,111] [14,34,53,55,63,71,86,127] [18,43,45,60,82,87,95,109] [2,14,27,35,39,64,95,103] [10,24,43,49,71,80,94,127] [2,30,40,85,100,108,119,123] [19,28,33,40,50,59,79,86] [9,32,46,53,56,76,118,123] [42,45,71,75,77,79,95,102] [8,11,23,49,79,80,99,110] [31,59,60,61,87,90,91,94] [7,33,40,60,65,78,89,115] [9,15,18,52,53,68,103,112] [13,34,52,55,63,75,86,118] [26,32,43,45,51,87,95,109] [5,15,35,44,64,95,103,105] [0,10,33,43,47,49,94,99] [2,6,18,25,33,40,69,108] [9,30,33,48,59,79,86,115] [9,34,39,42,53,87,104,123] [44,71,75,77,79,91,95,102] [11,23,55,73,79,80,99,110] [17,55,59,60,61,90,94,95] [7,14,33,40,60,78,102,115] [9,15,17,52,53,103,106,112] [3,10,22,36,42,85,86,112] [1,36,43,45,51,82,89,116] [5,44,64,80,95,103,104,105] [0,1,10,24,49,89,94,127] [6,23,25,40,52,69,108,119] [9,21,28,29,30,79,86,115] [9,39,43,53,73,87,104,123] [10,40,44,45,75,89,91,95] [11,23,34,39,55,57,79,80] [1,6,55,60,61,87,94,95] [7,15,33,40,50,60,102,115] [9,15,17,52,53,85,103,106] [22,24,37,59,68,73,74,125] [8,43,44,49,52,56,81,104] [6,27,34,37,45,54,80,83] [12,22,24,37,46,80,104,112] [22,39,44,55,80,82,105,124] [27,32,34,35,52,85,90,95]
Token  51: [17,29,62,63,67,77,91,105] [7,67,74,99,107,113,114,123] [8,36,54,70,72,118,121,125] [1,25,73,76,77,105,119,125] [10,11,22,51,74,87,105,116] [5,11,18,34,56,58,80,99] [23,34,55,63,86,89,97,100] [1,4,33,43,45,73,82,87] [4,44,55,64,80,95,103,127] [10,33,71,80,89,94,96,127] [18,25,40,52,95,101,108,119] [16,29,36,50,79,86,115,122] [9,25,43,53,63,87,102,123] [18,40,44,71,75,77,95,102] [3,11,23,39,57,64,99,111] [6,17,38,60,61,87,94,121] [9,14,33,40,78,83,109,115] [9,15,17,22,103,105,122,124] [10,22,23,52,55,64,86,118] [1,4,36,43,45,48,66,89] [4,44,55,64,80,91,95,104] [0,1,10,33,47,89,94,127] [18,23,25,40,52,95,108,119] [9,16,20,33,50,79,86,115] [25,32,38,39,43,53,76,123] [18,71,75,77,89,95,102,109] [11,23,55,57,59,64,73,110] [6,17,55,60,61,87,91,94] [9,14,33,40,78,83,109,115] [9,15,17,53,106,112,122,124] [10,22,23,34,55,86,112,118] [1,4,33,36,43,45,89,116] [4,44,55,64,80,91,103,127] [0,33,47,49,89,94,102,127] [6,23,25,33,52,69,95,119] [9,21,28,29,86,97,105,115] [9,25,32,39,43,53,87,123] [10,18,40,44,65,75,89,102] [11,23,39,55,64,73,80,82] [6,40,46,60,61,87,94,121] [7,14,15,33,40,50,109,115] [9,15,52,53,85,103,106,124] [3,22,24,30,37,68,73,125] [8,16,43,44,56,81,104,120] [27,34,37,38,45,54,80,83] [12,22,24,46,63,80,104,112] [22,39,55,80,82,84,105,124] [27,32,34,35,52,71,90,95]
Token  52: [3,12,29,62,67,71,77,126] [11,25,67,76,78,113,115,122] [15,24,36,72,73,118,119,121] [1,11,76,78,90,105,119,121] [10,39,47,51,70,74,105,116] [18,36,48,55,58,80,99,116] [22,23,34,55,89,97,100,118] [1,4,43,45,73,87,89,100] [24,27,35,44,55,91,103,127] [1,24,71,76,89,94,102,127] [2,25,52,64,95,108,119,120] [16,29,68,79,86,101,105,115] [9,25,27,38,43,53,63,123] [24,40,75,77,95,102,109,123] [3,11,18,23,39,57,62,111] [6,8,17,38,40,61,90,94] [14,29,33,77,78,83,111,115] [9,17,65,103,106,112,122,124] [10,22,23,52,55,86,97,118] [1,43,45,48,51,82,89,116] [18,27,44,95,103,105,108,122] [0,1,10,35,47,89,99,127] [2,18,23,25,52,120,124,127] [9,16,29,33,68,73,79,114] [0,9,25,32,34,38,39,123] [18,63,71,77,95,102,109,123] [11,18,23,60,62,71,73,110] [2,16,17,20,77,87,90,126] [14,29,33,44,77,78,111,115] [0,9,65,84,92,112,122,124] [10,22,42,55,56,85,112,118] [1,43,45,48,51,89,109,116] [5,27,44,95,103,105,108,122] [0,10,35,40,47,89,94,99] [23,33,52,95,108,119,120,124] [9,21,28,29,68,73,86,115] [25,32,38,39,53,87,103,123] [18,24,49,89,95,102,109,123] [11,18,23,55,57,62,82,111] [17,20,40,46,61,94,107,121] [14,29,33,44,77,78,102,111] [0,9,63,65,84,85,112,121] [3,20,24,32,55,68,75,126] [2,8,16,44,47,56,104,121] [6,8,13,27,30,80,94,110] [5,12,22,24,47,82,83,87] [5,10,45,52,55,96,124,127] [11,15,31,44,74,82,90,127]
Token  53: [22,24,61,63,71,81,93,107] [20,76,83,91,106,113,115,116] [14,24,72,87,116,117,118,121] [1,11,26,67,76,78,119,121] [10,39,47,91,105,111,118,127] [4,58,75,80,94,99,111,116] [10,28,75,85,86,89,97,100] [1,43,45,51,60,89,100,116] [27,39,55,64,91,95,103,127] [1,24,43,48,71,76,89,127] [14,18,40,52,64,101,108,119] [13,21,29,47,58,79,105,115] [9,25,43,53,69,87,120,123] [24,55,63,75,77,79,95,121] [3,11,23,28,34,86,110,111] [38,55,60,61,87,90,98,102] [4,14,20,33,40,78,115,121] [13,45,53,85,97,103,122,124] [10,13,42,55,75,89,104,112] [26,43,45,48,51,72,95,109] [5,18,27,64,90,95,103,127] [0,1,10,43,48,81,89,127] [6,14,23,35,40,69,119,120] [9,13,20,33,58,71,79,86] [9,39,43,53,69,70,115,123] [24,65,71,77,79,91,95,121] [11,28,37,39,55,59,73,110] [2,4,6,50,55,59,61,94] [4,9,14,33,40,78,91,115] [6,9,45,53,68,85,97,124] [3,13,22,23,34,97,112,125] [1,4,33,43,45,60,89,116] [18,27,64,91,100,103,104,108] [0,15,43,48,71,76,81,89] [2,6,14,25,69,107,119,120] [21,29,47,58,71,86,101,105] [9,27,32,39,43,53,68,123] [40,44,75,79,95,99,107,121] [11,23,28,37,39,55,57,118] [3,4,6,8,40,61,94,121] [4,14,20,33,40,102,115,121] [6,9,45,53,85,97,106,117] [3,16,24,59,68,71,73,101] [4,36,44,49,56,68,81,104] [6,27,37,54,69,71,81,83] [4,12,24,37,80,114,117,127] [44,52,55,60,67,82,124,127] [32,34,85,86,90,95,104,117]
Token  54: [0,27,48,49,50,70,106,110] [39,46,91,99,113,115,116,126] [7,36,41,45,72,74,87,122] [23,26,67,69,76,78,94,114] [11,38,43,70,95,105,113,118] [4,5,18,51,58,75,105,111] [14,22,23,54,86,89,97,127] [1,4,45,60,67,82,89,100] [2,55,64,91,100,103,104,127] [24,48,66,71,76,89,102,127] [2,14,25,40,45,91,98,119] [21,28,29,47,65,67,79,101] [9,27,32,34,43,68,102,123] [12,18,40,55,65,66,77,113] [3,23,34,39,44,57,99,111] [3,6,17,40,61,89,94,121] [4,14,24,26,30,33,78,127] [9,18,35,82,103,112,114,121] [22,23,54,65,86,87,89,104] [1,4,5,32,45,48,82,100] [44,61,95,100,103,105,108,123] [1,71,76,97,99,103,111,127] [18,25,52,64,69,85,94,103] [22,29,60,67,79,99,105,115] [9,32,34,42,43,46,63,87] [2,27,40,71,73,101,104,106] [23,34,39,44,57,95,99,115] [1,6,17,32,40,61,94,121] [1,4,14,30,78,96,100,102] [9,53,72,100,106,107,112,124] [10,22,23,36,86,100,104,110] [1,4,26,32,45,48,82,108] [9,33,44,47,67,95,100,103] [22,66,71,97,99,102,111,127] [2,7,25,52,80,85,94,103] [0,4,21,29,33,78,79,99] [9,14,32,42,87,92,108,115] [2,10,12,20,27,66,104,112] [23,38,57,87,96,105,115,125] [11,17,32,40,61,75,89,121] [4,14,30,33,42,51,101,107] [2,9,35,39,66,88,100,126] [3,30,43,50,71,73,98,102] [6,36,44,58,68,81,87,104] [6,20,27,48,69,72,81,83] [4,12,20,24,70,80,114,117] [22,52,55,60,98,115,117,127] [36,47,66,85,86,88,120,123]
Token  55: [22,23,28,30,50,87,105,112] [29,48,67,74,85,90,116,122] [4,6,36,64,72,76,118,126] [35,37,47,76,78,94,109,125] [11,38,70,105,107,113,116,119] [5,10,18,48,56,58,99,116] [22,23,86,89,97,104,118,125] [1,4,13,33,58,67,73,82] [2,18,20,33,35,100,103,127] [35,41,66,71,76,89,97,127] [2,40,41,45,95,109,111,119] [16,22,33,42,60,79,101,126] [9,27,32,38,39,43,102,123] [12,18,40,41,71,95,109,123] [3,18,23,34,39,57,60,99] [1,6,8,17,40,61,77,94] [4,14,26,33,77,78,109,110] [6,9,64,65,82,106,112,122] [22,23,64,86,89,104,112,118] [1,4,26,32,45,48,82,100] [2,18,44,91,95,100,103,104] [0,1,35,66,71,89,102,127] [2,6,23,36,52,95,109,119] [16,20,25,29,33,42,101,114] [0,9,32,38,39,43,102,123] [12,18,57,71,91,95,109,123] [3,18,23,59,60,73,81,110] [2,8,20,61,73,94,121,126] [4,14,29,33,44,77,78,110] [0,6,9,63,65,68,112,122] [3,10,22,23,42,104,112,118] [1,4,43,45,82,89,100,116] [18,20,27,44,95,103,105,122] [0,10,35,40,41,47,89,99] [2,18,23,52,95,109,119,124] [9,21,28,29,42,73,97,115] [0,25,32,38,39,43,87,103] [12,18,41,62,77,95,109,123] [3,11,18,23,55,57,60,111] [6,17,20,40,90,94,107,121] [14,29,33,44,77,109,110,114] [0,9,54,63,64,65,85,112] [3,20,24,32,49,75,90,126] [8,44,47,56,78,104,121,125] [6,13,23,27,30,80,94,110] [5,22,24,47,76,82,83,87] [5,10,45,96,98,123,124,127] [11,15,21,31,44,74,90,127]
Token  56: [45,65,72,96,98,99,100,102] [18,26,70,94,116,119,126,127] [2,38,47,57,84,88,109,127] [15,36,41,67,76,84,89,123] [13,38,76,81,85,106,115,118] [13,17,45,58,61,66,122,125] [8,34,35,53,56,63,83,105] [18,43,45,49,82,100,109,112] [35,65,84,93,95,103,121,127] [9,10,27,49,110,114,117,127] [2,25,56,61,85,100,105,116] [19,24,28,49,61,79,101,125] [9,12,15,32,56,63,99,123] [6,15,28,32,42,77,95,111] [3,8,11,20,23,48,99,110] [31,37,61,69,85,90,91,101] [8,33,73,78,102,105,115,124] [17,18,19,42,53,69,99,112] [24,34,52,55,75,86,100,105] [18,43,45,48,49,51,60,109] [15,27,35,44,61,84,103,121] [9,10,49,80,99,110,125,127] [2,56,61,85,105,111,116,127] [9,23,24,28,49,61,79,85] [9,15,34,56,95,99,104,126] [6,15,19,28,32,58,77,91] [17,20,23,32,48,100,103,110] [10,16,59,70,85,91,101,121] [48,65,78,81,105,115,124,127] [1,18,21,42,53,55,118,123] [12,24,34,53,63,71,105,127] [18,24,45,49,59,62,109,112] [26,29,65,72,84,103,121,127] [0,9,10,49,110,114,122,125] [56,61,68,78,98,105,111,116] [3,21,23,24,28,49,66,125] [9,15,56,65,96,98,99,126] [0,15,19,26,28,32,58,104] [5,17,20,55,81,86,100,104] [5,10,21,49,59,61,70,101] [17,34,48,53,58,81,105,115] [1,21,42,48,53,55,69,72] [32,39,52,64,67,81,109,113] [31,37,46,77,78,88,92,96] [6,30,47,53,73,90,94,102] [1,27,38,63,82,87,94,107] [19,34,38,52,71,76,97,118] [20,44,57,73,77,86,105,109]
Token  57: [1,20,46,53,85,98,99,100] [5,15,18,70,82,94,119,127] [2,10,37,38,47,57,80,109] [16,32,51,72,84,87,94,115] [52,58,81,106,111,115,123,124] [13,25,33,37,44,59,61,66] [8,35,53,63,71,78,83,105] [18,45,49,59,75,101,109,112] [9,16,46,65,84,103,116,121] [9,10,49,80,84,110,114,122] [53,56,57,58,61,86,105,116] [5,21,23,24,28,49,61,125] [9,15,23,49,56,96,99,126] [6,15,19,28,32,42,58,77] [5,17,20,36,48,81,100,115] [5,47,49,59,70,85,91,101] [53,65,73,83,99,103,105,115] [18,19,21,42,55,78,83,99] [8,24,53,63,71,75,78,105] [18,30,49,82,101,106,109,112] [16,38,46,65,72,84,103,121] [0,9,10,49,106,110,122,125] [56,57,58,61,86,98,105,116] [21,23,24,49,61,64,96,125] [9,15,49,56,65,96,99,126] [15,19,26,28,32,58,104,122] [17,20,32,48,81,86,100,104] [21,49,52,59,70,101,120,127] [34,65,80,81,99,103,105,124] [1,18,21,42,55,58,78,118] [24,26,44,53,63,71,78,105] [18,28,49,59,75,101,109,112] [16,37,46,57,65,72,84,121] [2,9,10,49,87,110,122,125] [26,56,57,61,78,98,105,116] [7,21,23,24,28,64,66,125] [15,28,33,49,56,65,96,99] [0,15,19,26,32,58,78,104] [17,32,55,81,86,100,107,117] [5,10,49,59,61,70,101,127] [34,39,53,70,81,103,105,115] [1,21,42,48,55,58,69,78] [6,9,31,32,56,64,80,113] [31,37,71,77,78,88,92,100] [6,31,39,47,53,73,90,121] [1,22,27,44,85,94,101,107] [11,34,38,52,97,98,102,118] [2,20,73,77,101,105,125,126]
Token  58: [32,49,50,60,72,75,78,106] [6,28,87,99,119,122,125,127] [2,45,46,47,57,87,109,122] [4,47,71,82,84,87,94,107] [13,30,50,52,56,72,81,118] [1,13,25,44,51,68,91,105] [3,8,24,34,53,63,71,104] [18,30,32,45,62,82,106,109] [2,16,26,46,53,57,98,103] [10,45,49,64,80,87,114,122] [26,53,55,58,83,112,116,127] [23,28,30,59,63,67,96,108] [8,9,23,24,56,64,85,126] [0,8,12,26,32,58,103,119] [5,17,33,81,85,100,105,117] [2,10,49,59,70,80,84,120] [30,34,51,53,87,103,105,115] [18,39,55,78,83,88,120,123] [8,24,27,34,53,63,71,104] [18,24,59,62,82,88,106,109] [2,16,38,46,57,72,98,111] [0,10,49,64,80,87,114,122] [7,26,55,57,58,68,98,116] [3,21,28,30,63,64,90,96] [24,33,49,56,64,65,85,126] [0,8,26,32,58,68,103,122] [1,4,5,33,81,98,100,107] [5,10,49,59,70,80,93,127] [30,53,81,87,89,103,105,115] [1,18,39,55,78,83,88,123] [8,24,26,34,53,63,71,91] [18,24,30,59,62,75,106,109] [2,16,26,38,57,67,72,98] [0,49,55,64,87,92,114,122] [26,27,29,55,57,68,98,116] [3,7,21,28,30,56,63,64] [24,33,56,64,65,73,105,126] [0,8,26,32,47,61,104,110] [4,5,17,33,55,81,100,107] [2,5,10,49,59,70,80,127] [48,50,51,53,81,103,105,115] [1,18,21,39,55,81,88,99] [32,43,50,52,98,111,113,116] [15,31,37,41,78,82,96,98] [6,11,32,47,62,90,94,121] [1,22,27,29,82,92,95,107] [1,9,26,37,44,52,98,118] [17,20,39,42,44,61,92,107]
Token  59: [4,22,43,45,47,60,65,84] [22,25,38,80,120,125,126,127] [2,38,39,41,47,82,87,109] [4,16,36,37,47,82,84,107] [11,13,30,32,38,52,81,118] [13,18,33,42,51,64,68,75] [8,24,34,35,63,86,104,127] [18,30,32,33,45,62,82,109] [16,35,61,93,95,99,103,127] [10,30,45,49,80,114,117,122] [2,47,53,57,73,83,85,116] [19,26,28,30,63,67,90,122] [9,23,43,56,64,107,123,126] [8,25,26,32,33,77,107,118] [3,17,20,23,57,63,100,110] [23,36,40,59,91,93,101,121] [8,14,53,65,78,89,105,115] [1,18,42,53,82,88,105,112] [14,24,34,35,52,63,71,86] [18,32,45,51,60,62,82,109] [5,15,16,17,35,93,99,103] [0,10,45,48,49,80,117,122] [2,47,57,83,85,111,116,123] [10,28,30,59,67,79,86,90] [9,46,56,60,64,107,113,126] [25,26,32,55,58,81,107,111] [4,38,57,99,103,107,110,115] [5,36,40,59,61,91,93,121] [14,53,65,78,89,105,115,127] [1,9,18,42,53,55,82,88] [22,24,34,35,53,63,86,127] [4,18,24,32,45,62,82,109] [16,29,53,61,99,100,103,127] [0,10,45,49,80,99,111,122] [2,16,47,57,83,85,94,116] [3,28,30,63,67,90,95,122] [9,21,46,56,64,107,113,126] [8,25,26,32,33,58,107,110] [4,10,17,38,55,63,66,100] [23,40,59,61,70,89,101,121] [8,48,53,78,81,105,115,126] [9,18,42,53,55,82,90,112] [16,21,39,52,64,80,92,115] [5,31,36,44,46,77,88,104] [0,6,27,47,53,56,69,90] [2,12,27,32,101,114,117,123] [52,55,60,61,98,101,117,127] [20,47,57,73,85,86,105,109]
Token  60: [21,28,33,42,46,64,75,124] [6,9,24,28,47,49,74,90] [4,17,46,55,74,97,104,107] [4,9,24,37,47,74,78,109] [11,32,46,53,60,70,113,122] [5,18,32,52,75,79,93,110] [3,14,23,54,87,89,104,127] [1,4,5,32,45,47,82,100] [32,61,67,95,100,104,108,127] [0,7,17,24,34,35,76,82] [2,13,25,43,55,82,85,94] [18,28,30,33,48,90,100,122] [9,24,32,34,43,46,52,127] [2,45,61,71,83,92,107,120] [14,15,23,38,57,92,99,110] [32,40,61,87,89,93,121,125] [11,14,28,78,89,100,105,115] [1,9,18,36,82,92,112,118] [22,23,34,86,87,89,104,118] [1,2,4,5,32,45,62,82] [5,22,61,95,100,104,123,127] [0,7,34,47,49,71,76,82] [2,9,13,43,55,85,94,103] [9,18,25,28,30,48,59,79] [9,24,32,39,43,46,67,107] [2,61,63,71,83,91,120,127] [15,38,57,59,73,92,99,110] [0,26,32,40,61,89,106,121] [14,28,35,53,89,100,115,127] [9,18,68,82,92,112,118,122] [14,22,34,86,87,89,107,112] [1,2,4,5,32,45,82,109] [11,22,61,95,100,104,114,127] [0,7,34,47,76,82,92,122] [2,9,23,43,55,82,94,127] [9,18,25,28,30,48,75,99] [14,24,29,32,39,46,112,127] [45,52,61,63,89,92,120,127] [15,22,26,55,57,73,92,110] [0,25,32,40,51,89,106,125] [27,28,35,78,82,100,115,127] [9,18,81,82,92,99,112,118] [4,8,17,33,70,80,106,116] [24,41,61,69,75,80,83,104] [9,11,27,42,62,69,96,104] [4,48,67,77,88,114,116,117] [18,33,46,51,54,61,63,90] [0,6,17,23,39,53,80,96]
Token  61: [4,24,38,66,86,101,118,122] [31,40,47,57,74,85,89,126] [12,41,55,60,70,74,97,104] [18,24,29,37,66,68,72,118] [6,45,46,51,57,60,65,70] [0,20,21,32,45,55,93,106] [22,76,77,87,89,103,104,119] [1,4,13,32,45,74,82,108] [11,17,32,61,67,100,108,123] [0,7,17,35,58,76,82,92] [25,66,71,82,85,91,94,103] [18,25,30,48,50,73,99,100] [2,24,27,32,34,46,92,127] [45,61,62,71,91,92,112,120] [14,15,22,38,42,57,92,115] [0,17,25,32,40,89,121,125] [11,13,14,26,28,35,78,127] [6,9,36,81,82,92,112,118] [22,23,54,65,87,89,104,118] [1,2,5,32,45,48,82,89] [11,22,53,61,100,104,108,123] [0,7,17,35,47,76,82,99] [23,25,55,71,82,85,94,103] [9,18,25,28,30,48,99,100] [9,24,25,32,43,92,112,127] [2,18,61,63,83,92,120,127] [15,38,57,71,73,92,110,115] [0,17,32,40,89,121,125,126] [13,14,28,30,89,100,115,127] [9,66,81,82,92,100,105,122] [13,22,54,87,89,104,107,112] [1,2,5,32,45,56,82,89] [4,11,53,61,76,100,108,123] [0,7,35,47,76,82,92,99] [2,6,23,25,43,71,82,94] [9,18,25,28,30,48,73,99] [9,14,24,39,46,92,112,127] [62,63,89,91,92,112,120,127] [4,15,22,55,57,73,92,110] [17,32,40,51,89,121,125,126] [13,14,28,30,78,100,109,115] [6,9,49,81,90,92,100,112] [3,16,18,52,69,70,86,115] [16,36,41,44,56,68,91,104] [11,27,56,69,81,94,104,116] [12,24,27,32,37,114,117,123] [22,51,52,55,60,98,117,127] [15,21,26,44,58,82,85,86]
Token  62: [28,64,75,86,87,91,105,122] [25,30,31,47,49,57,63,126] [4,36,46,49,55,60,64,76] [13,34,54,68,70,73,78,85] [6,46,51,57,60,64,70,113] [5,18,55,75,87,93,99,110] [22,23,54,86,89,103,104,111] [1,4,13,32,45,82,100,108] [20,32,61,67,70,100,104,108] [0,17,35,66,67,76,97,106] [2,10,25,82,85,91,94,124] [28,30,33,55,60,73,99,101] [0,9,14,27,34,46,92,127] [29,57,62,71,87,92,112,120] [3,23,38,44,57,60,71,87] [17,32,40,51,61,89,121,125] [1,11,14,26,30,78,91,94] [9,36,81,82,93,100,114,121] [22,23,86,87,89,97,104,118] [1,4,5,32,45,82,89,108] [20,22,61,100,104,108,123,127] [0,35,47,66,67,76,82,99] [2,23,25,55,82,85,91,94] [9,18,28,30,48,55,60,99] [0,9,24,25,27,43,46,127] [18,29,51,57,71,87,91,127] [23,38,57,71,73,87,102,110] [2,16,32,40,51,61,89,126] [13,14,30,53,93,94,100,115] [9,36,68,81,82,92,100,122] [22,23,87,103,111,112,118,125] [1,4,5,32,45,82,89,108] [0,20,54,61,76,100,108,127] [0,7,35,47,67,76,82,106] [2,23,25,43,82,85,94,124] [9,25,28,30,48,55,73,99] [9,14,24,32,39,46,112,127] [18,62,63,89,91,112,120,127] [4,15,38,55,57,73,87,102] [17,32,40,51,61,89,121,126] [13,14,30,78,89,93,94,115] [9,49,81,82,92,100,112,122] [3,16,24,52,68,80,86,92] [31,36,41,44,56,68,80,121] [11,23,27,33,47,69,94,104] [4,5,12,24,26,27,76,82] [5,52,55,60,98,117,118,127] [15,21,44,57,77,82,121,127]
Token  63: [1,16,72,84,98,100,114,122] [15,18,22,70,119,121,122,127] [2,41,47,80,109,113,123,126] [28,31,34,68,84,89,115,117] [32,52,61,75,81,85,106,115] [1,18,37,61,66,68,73,125] [14,27,34,63,65,78,89,105] [5,18,30,45,49,67,82,100] [35,66,84,100,103,104,121,127] [0,49,66,71,76,110,111,117] [2,13,61,85,90,105,119,127] [26,28,30,36,49,61,99,122] [9,23,33,34,43,52,123,127] [2,26,28,70,77,80,107,118] [20,32,38,48,57,99,110,111] [6,32,40,61,85,94,121,126] [8,11,14,44,53,65,78,115] [9,18,19,42,68,82,99,123] [14,22,34,36,75,86,87,118] [2,4,5,26,45,49,60,109] [5,35,61,66,84,100,103,104] [0,9,10,49,66,76,106,110] [2,10,13,85,90,111,119,127] [9,28,29,30,61,99,101,122] [9,23,33,39,43,55,67,94] [2,15,28,63,71,80,83,110] [32,38,57,73,99,103,105,110] [2,5,6,26,40,54,61,121] [14,24,48,53,65,78,115,127] [9,18,33,42,82,108,118,122] [22,24,34,42,78,86,105,122] [1,5,18,43,45,49,60,101] [61,66,100,103,104,114,121,127] [0,7,66,76,98,106,122,125] [2,68,73,82,85,90,111,119] [3,23,26,28,30,62,99,125] [23,33,43,49,79,96,107,126] [19,26,68,78,89,110,112,118] [4,5,32,55,81,85,100,104] [5,16,26,32,49,59,70,127] [39,53,70,81,99,103,105,115] [1,18,21,55,78,82,100,124] [6,41,50,56,81,106,111,113] [11,31,37,65,68,71,91,96] [6,7,31,47,90,94,103,127] [1,29,31,38,44,107,113,114] [0,15,26,34,38,70,99,118] [2,20,39,77,101,105,118,125]
Token  64: [32,49,50,58,60,72,75,78] [6,15,22,25,49,87,122,125] [2,25,36,41,104,107,109,127] [56,67,80,84,87,107,115,117] [30,52,61,64,75,81,83,95] [1,25,37,68,73,76,97,104] [8,24,26,53,63,71,78,111] [18,45,59,62,82,88,101,109] [16,26,30,35,66,81,98,124] [10,27,49,80,92,98,111,122] [2,27,47,53,56,73,90,116] [23,26,28,62,94,96,99,125] [9,23,33,43,56,64,107,126] [8,19,25,26,32,47,80,118] [5,10,19,30,36,67,81,100] [5,23,47,49,53,59,70,80] [26,30,53,65,91,105,113,115] [18,39,42,82,83,88,90,123] [8,24,34,53,63,71,87,89] [18,30,32,45,49,62,101,109] [16,35,66,84,93,98,103,121] [0,9,10,49,98,110,122,125] [2,13,47,61,90,105,116,119] [19,23,24,26,28,30,49,61] [9,23,33,43,56,64,107,126] [8,15,19,26,28,47,80,118] [4,5,81,91,98,100,103,107] [5,36,49,59,70,80,93,127] [42,46,48,53,65,81,87,105] [1,18,33,39,42,55,88,123] [24,27,34,53,63,71,78,87] [18,43,59,62,75,101,109,119] [16,26,30,57,66,72,98,114] [0,2,49,64,80,98,100,122] [27,68,73,84,90,98,116,121] [3,21,26,28,56,62,95,103] [23,33,56,64,65,73,79,107] [8,26,31,83,91,110,118,124] [4,5,33,55,81,100,103,107] [2,5,49,59,70,79,80,127] [34,50,53,54,70,81,105,115] [18,21,39,80,81,82,88,100] [14,43,50,52,69,77,113,115] [10,29,30,31,37,94,96,104] [6,9,47,62,69,90,94,107] [2,16,53,67,77,92,107,114] [1,15,20,26,37,43,49,97] [7,18,42,44,58,107,116,119]
Token  65: [43,45,60,65,84,89,92,93] [22,33,38,47,80,87,120,125] [2,39,41,47,53,82,87,109] [29,32,39,67,82,84,87,119] [11,13,30,38,70,83,113,121] [5,17,18,42,73,75,104,110] [14,24,27,34,35,63,104,127] [5,18,30,45,82,89,100,109] [35,61,66,99,100,103,104,127] [49,66,71,76,98,111,117,122] [2,73,80,83,85,90,119,121] [26,28,40,62,90,94,101,122] [9,23,27,33,34,43,107,123] [26,33,65,77,80,83,107,118] [10,20,23,57,63,99,110,111] [5,23,40,61,89,90,94,121] [8,14,53,65,78,102,105,115] [9,18,42,53,82,88,90,112] [22,24,34,35,63,75,86,87] [1,26,32,45,60,62,82,109] [5,61,66,95,99,100,103,104] [0,10,48,49,66,98,111,122] [2,13,73,83,85,90,116,119] [26,28,30,54,62,90,94,99] [9,23,33,43,46,79,107,126] [33,55,80,81,83,107,110,118] [4,10,38,57,63,66,99,110] [5,23,36,40,61,89,91,121] [8,14,48,53,78,89,105,115] [9,33,42,68,80,82,90,112] [22,23,24,34,35,86,87,89] [1,4,5,32,45,62,82,109] [16,35,53,61,66,99,100,127] [0,49,66,76,98,99,111,122] [2,16,57,73,83,90,94,116] [26,28,48,54,60,62,67,90] [9,21,23,39,46,79,107,126] [26,33,58,78,80,81,83,118] [10,17,38,55,57,63,66,110] [8,17,23,40,61,89,101,121] [8,14,48,53,78,89,105,115] [9,19,42,55,72,82,90,112] [16,21,27,39,71,80,92,115] [5,29,36,44,65,88,104,120] [0,6,27,47,53,56,69,81] [2,12,24,27,32,101,114,123] [52,55,60,61,98,101,117,127] [20,36,47,57,73,85,86,123]
Token  66: [11,45,46,72,85,100,114,119] [22,43,47,49,78,80,122,127] [2,33,45,65,87,107,109,111] [4,14,36,37,72,82,84,116] [30,32,53,63,70,75,113,118] [1,18,33,59,68,73,77,91] [8,11,35,47,53,58,63,71] [8,18,30,45,56,58,82,109] [16,22,35,45,53,81,90,114] [0,17,49,76,80,81,83,122] [2,3,16,47,57,85,94,99] [18,28,30,48,50,59,90,92] [9,23,46,60,64,67,107,127] [29,45,47,66,78,81,83,126] [1,3,38,53,57,68,110,115] [17,23,40,61,89,91,93,121] [14,30,65,78,99,101,105,115] [5,9,18,42,77,82,88,99] [13,22,26,34,63,86,87,118] [2,8,45,56,62,82,100,109] [5,22,53,72,93,100,114,127] [0,7,10,47,49,79,80,82] [2,16,47,55,85,94,103,127] [1,9,28,30,48,90,92,99] [9,33,34,43,46,55,67,127] [47,63,78,81,83,89,117,126] [1,33,42,53,68,73,92,110] [0,5,16,52,59,61,89,93] [53,65,76,89,93,100,105,115] [5,18,34,77,82,88,99,122] [3,22,34,52,63,87,89,112] [4,8,18,44,45,62,82,109] [35,41,53,77,83,93,100,105] [0,7,17,47,49,66,79,82] [16,33,43,47,55,82,94,127] [1,9,28,30,48,52,62,92] [20,33,39,46,55,64,67,127] [45,47,78,83,89,92,117,126] [1,3,38,55,57,68,73,103] [26,28,40,45,49,58,89,125] [30,78,90,100,101,105,112,115] [5,7,44,55,77,82,88,100] [12,14,16,35,43,71,80,108] [5,7,44,46,58,66,68,104] [6,9,27,56,57,69,104,105] [4,12,18,20,45,71,114,117] [0,3,27,52,76,93,99,127] [3,20,53,58,73,76,87,104]
Token  67: [30,32,46,58,72,88,109,121] [1,24,33,47,49,65,87,122] [33,45,94,101,107,109,111,112] [4,14,23,28,37,72,81,103] [2,11,30,53,57,63,70,113] [5,18,63,73,79,93,99,110] [14,22,54,63,87,89,97,104] [1,4,5,32,45,56,82,108] [35,53,54,61,67,81,83,100] [0,7,17,66,71,76,80,81] [2,25,55,80,82,85,91,94] [18,28,30,48,50,90,92,101] [9,23,25,34,43,46,67,127] [2,47,67,71,83,92,120,126] [1,15,38,57,68,71,110,115] [17,32,38,40,61,83,89,121] [11,14,53,78,93,101,105,115] [9,18,36,68,82,88,99,112] [14,22,23,34,63,86,87,118] [1,2,4,5,45,82,100,109] [15,35,44,61,83,93,100,127] [0,7,47,49,66,79,80,111] [2,10,55,82,85,103,124,127] [1,9,28,30,48,54,92,99] [9,33,34,43,55,67,94,127] [2,63,67,81,89,110,117,126] [14,15,33,68,71,73,103,110] [0,5,17,44,54,61,89,121] [0,48,53,78,82,89,100,115] [3,34,57,80,82,88,114,122] [14,22,34,65,87,107,112,127] [2,4,18,32,45,55,82,100] [15,48,53,61,77,83,100,127] [0,7,17,31,47,49,58,99] [23,27,43,55,82,85,94,127] [1,9,28,30,40,48,52,99] [33,55,64,67,78,112,117,127] [8,47,61,63,67,89,92,120] [1,2,68,73,91,103,110,121] [16,26,28,40,58,59,63,89] [0,30,53,78,90,100,101,112] [5,7,34,44,57,82,88,100] [14,35,43,52,71,80,108,111] [7,11,46,58,66,68,104,123] [6,19,27,58,69,104,105,111] [4,8,65,91,95,99,114,117] [21,27,32,74,76,94,109,125] [4,53,58,72,87,102,107,113]
Token  68: [46,52,76,88,109,117,121,127] [1,27,33,47,52,63,97,122] [27,29,45,48,60,65,101,112] [28,74,78,87,103,114,123,125] [2,8,30,51,57,63,70,113] [5,18,55,73,79,93,110,112] [22,23,54,87,89,104,119,125] [1,4,13,32,45,82,100,108] [11,32,53,76,83,87,90,100] [0,7,17,71,76,80,81,89] [2,4,9,25,82,85,91,94] [18,28,30,50,52,90,100,101] [9,14,27,32,34,64,117,127] [45,67,71,89,92,112,120,127] [1,15,22,23,49,57,68,115] [17,28,29,32,40,83,89,121] [14,26,30,65,78,90,101,115] [9,36,50,57,77,82,88,92] [22,23,54,63,65,86,87,89] [1,4,13,32,44,45,82,108] [22,44,77,83,87,100,105,108] [0,7,17,71,80,82,99,100] [2,4,23,25,55,80,94,99] [9,25,28,30,48,60,95,99] [9,27,34,46,64,112,117,127] [47,67,73,92,106,120,126,127] [1,38,59,68,73,103,107,110] [12,25,26,59,61,75,83,89] [0,14,35,53,78,90,100,101] [50,51,57,68,77,82,88,114] [3,17,22,38,54,87,89,104] [1,4,32,44,45,58,82,108] [22,32,53,76,77,83,87,100] [0,7,17,76,80,82,92,100] [2,4,23,42,43,55,71,94] [9,28,30,45,48,53,95,99] [4,33,46,64,78,115,117,127] [27,34,52,67,89,91,92,93] [1,15,53,55,57,68,73,103] [17,26,28,29,40,63,89,125] [0,14,26,30,78,90,100,112] [5,7,34,50,57,77,82,100] [14,43,69,71,80,108,116,117] [7,33,46,58,66,68,104,120] [2,6,9,19,27,58,69,104] [4,8,41,50,91,99,114,117] [27,32,49,66,93,94,113,125] [3,4,53,58,87,102,107,113]
Token  69: [52,66,76,88,109,117,121,127] [25,27,31,47,52,63,97,122] [27,29,36,48,60,64,89,104] [25,37,51,78,85,86,91,111] [2,8,30,51,57,60,65,70] [5,18,55,79,91,93,110,112] [22,23,54,63,65,84,89,104] [1,4,13,29,32,45,74,82] [30,32,47,76,81,87,100,108] [7,17,46,76,80,81,97,99] [4,9,25,27,71,85,91,94] [25,28,30,45,50,53,73,99] [9,26,27,34,64,94,117,127] [8,45,62,67,71,92,112,120] [1,3,23,38,57,68,71,115] [17,28,32,40,61,83,89,121] [0,14,30,65,78,93,101,115] [9,18,36,50,57,77,82,88] [17,22,23,63,65,86,87,118] [1,4,13,32,44,45,82,108] [22,32,53,77,83,87,100,108] [0,7,17,47,76,80,82,99] [2,4,23,25,55,82,85,94] [9,28,30,36,45,53,95,99] [9,27,46,64,94,112,117,127] [8,18,63,67,78,92,120,127] [1,4,38,59,68,71,73,110] [2,17,25,32,40,61,89,126] [0,14,30,53,89,100,101,115] [9,11,50,57,68,82,92,122] [17,22,23,87,89,104,107,125] [1,4,10,13,44,45,82,108] [5,32,53,76,77,83,87,100] [0,7,17,47,76,82,99,100] [2,4,23,27,43,71,82,94] [9,28,30,45,48,53,95,99] [9,14,46,64,67,112,117,127] [8,52,63,67,89,92,120,127] [1,4,15,38,53,55,68,73] [2,17,28,32,40,58,89,121] [0,14,26,30,78,100,101,115] [9,50,57,81,82,92,100,124] [14,30,43,52,69,71,80,86] [7,41,46,58,68,75,104,122] [6,16,27,39,58,69,94,104] [0,4,82,91,95,99,114,117] [5,32,52,55,93,94,104,125] [4,44,53,58,74,82,92,107]
Token  70: [19,33,37,46,52,78,117,127] [31,38,52,63,65,76,85,122] [4,49,64,65,90,101,104,112] [45,78,81,85,86,91,93,104] [6,57,60,61,70,87,113,121] [0,5,21,55,73,79,99,110] [22,23,54,89,100,103,104,118] [1,2,4,5,45,74,82,108] [4,32,47,61,76,87,94,100] [0,4,7,17,35,66,71,76] [4,71,82,85,94,103,118,124] [25,28,30,33,50,73,95,99] [9,27,32,43,46,94,117,127] [62,71,81,89,92,112,113,126] [3,23,38,42,57,64,68,84] [17,32,33,40,66,73,89,121] [14,26,30,51,78,90,101,115] [9,18,50,77,82,100,114,126] [3,22,23,65,87,89,118,125] [1,4,5,13,32,45,82,108] [4,32,35,76,87,100,105,108] [0,7,17,47,49,76,82,99] [2,4,23,43,55,82,85,94] [9,25,28,30,45,50,95,99] [9,25,27,39,46,94,117,127] [18,63,71,89,91,92,106,126] [4,23,38,55,68,71,73,110] [2,16,17,32,33,89,121,126] [14,30,44,53,78,93,101,115] [9,11,50,81,82,100,122,126] [22,23,34,65,87,107,112,118] [1,4,10,13,32,45,82,108] [4,5,53,76,87,100,114,127] [0,4,7,35,47,66,76,82] [2,4,23,71,82,94,124,127] [9,25,28,30,48,50,73,99] [9,27,55,67,94,112,117,127] [4,62,63,89,92,112,120,127] [4,15,55,64,66,68,73,86] [2,17,32,33,40,54,89,126] [13,14,30,50,78,101,115,126] [9,11,26,50,81,82,92,100] [3,43,52,71,80,86,92,115] [7,16,36,46,58,68,104,121] [6,11,27,39,56,69,94,104] [4,12,20,27,82,99,114,117] [19,51,52,55,60,98,117,127] [15,21,44,58,82,86,107,127]
Token  71: [1,16,22,84,98,100,102,114] [15,22,70,82,119,121,122,127] [2,41,47,78,109,123,126,127] [28,31,34,79,84,86,93,102] [8,13,52,70,85,106,113,115] [1,4,17,18,61,66,73,96] [14,22,23,63,89,105,115,127] [1,4,5,33,45,82,88,100] [35,45,61,66,84,100,123,127] [0,46,66,71,79,80,111,117] [2,56,61,78,85,90,94,103] [28,30,40,49,61,92,99,122] [9,23,34,43,52,67,99,127] [2,28,47,70,80,83,107,118] [20,32,37,38,48,99,110,111] [23,32,38,61,85,89,121,126] [8,11,33,44,53,65,78,115] [11,18,19,42,82,88,99,112] [22,23,34,75,78,87,118,127] [2,4,32,45,49,60,82,100] [15,35,61,84,93,100,103,127] [0,7,9,10,49,71,79,110] [2,10,61,82,85,90,103,119] [1,9,28,29,30,49,61,99] [9,23,33,55,67,94,99,127] [2,15,19,28,63,80,89,110] [4,14,23,32,71,73,103,110] [5,6,17,32,54,61,69,121] [14,48,53,62,65,78,93,115] [18,33,42,55,88,108,118,122] [24,34,78,87,105,118,122,126] [2,18,43,45,49,60,109,112] [35,61,65,66,84,103,121,127] [0,7,47,49,98,110,122,125] [2,56,61,82,85,90,94,127] [1,3,19,23,28,54,99,125] [23,33,37,43,79,94,96,127] [0,19,26,89,91,110,112,118] [4,5,27,32,81,100,103,104] [2,5,17,26,32,49,59,127] [39,49,53,78,81,99,103,115] [18,21,26,33,34,55,78,120] [6,14,17,50,56,81,111,113] [10,11,31,37,71,92,96,100] [6,7,31,39,47,70,90,94] [4,29,38,44,53,98,107,114] [15,34,38,70,76,99,104,109] [2,20,39,46,48,101,105,125]
Token  72: [6,32,49,58,60,72,75,78] [4,6,28,33,38,87,122,125] [2,12,36,74,104,109,115,127] [32,56,67,84,86,91,107,117] [30,43,52,57,61,64,81,83] [1,9,17,18,25,43,68,73] [3,24,53,63,70,71,104,126] [18,30,45,47,82,88,106,109] [16,30,35,53,66,81,90,98] [49,80,81,92,98,111,115,122] [2,5,27,47,56,73,90,116] [23,26,28,54,92,96,99,103] [9,23,33,43,64,67,79,107] [1,8,26,73,80,83,110,118] [5,30,49,63,73,76,103,110] [5,23,26,38,44,59,61,88] [14,26,33,53,65,78,105,115] [1,18,39,42,68,82,88,99] [24,34,53,63,71,87,105,126] [18,30,45,49,60,62,103,109] [16,27,35,66,84,93,103,121] [9,10,49,79,98,110,122,125] [2,47,61,73,90,105,116,119] [1,19,26,28,49,54,61,92] [9,23,33,35,56,64,99,107] [8,15,26,28,80,83,110,118] [4,5,49,81,100,103,107,110] [2,5,23,26,44,53,59,127] [48,53,65,81,87,89,103,105] [1,18,39,55,78,88,118,123] [24,34,53,63,71,78,105,126] [18,45,49,59,62,75,101,109] [16,26,30,66,72,84,103,127] [0,49,79,98,100,110,122,125] [2,27,34,68,78,90,116,121] [3,21,23,26,28,54,56,120] [11,18,23,33,56,64,79,107] [0,8,26,83,91,110,118,122] [2,4,5,49,81,100,103,107] [2,5,26,49,59,70,80,127] [34,48,50,53,70,81,105,115] [6,21,39,72,78,82,88,100] [14,33,43,50,52,66,115,116] [5,11,18,29,31,69,82,96] [6,9,42,47,62,82,90,94] [2,29,48,58,67,77,107,114] [1,15,20,26,35,37,43,97] [42,44,53,58,80,116,118,119]
Token  73: [22,43,45,60,65,84,89,92] [22,33,38,80,87,104,120,125] [2,33,39,41,53,82,87,109] [23,29,32,39,67,82,84,100] [11,13,30,43,64,70,83,118] [5,20,42,73,79,93,104,110] [14,22,24,35,63,89,126,127] [1,5,18,32,45,82,100,109] [17,35,45,53,61,66,99,100] [0,49,66,71,80,81,98,122] [2,73,80,83,85,90,94,116] [26,28,40,75,90,92,99,122] [9,23,27,33,34,43,107,122] [33,59,73,80,83,107,110,118] [10,20,38,49,57,63,99,110] [5,23,26,38,61,90,93,121] [8,9,48,53,65,78,105,115] [9,18,42,53,82,88,90,112] [3,22,24,34,35,63,86,126] [32,45,60,62,73,82,100,109] [5,15,61,66,93,99,100,103] [0,10,48,49,79,80,98,122] [2,47,67,73,83,85,90,116] [1,4,26,28,30,54,90,92] [9,20,23,33,43,46,79,107] [33,55,80,81,83,107,110,118] [4,10,49,57,63,99,103,110] [5,23,36,40,59,61,93,121] [8,14,48,53,78,89,105,115] [9,18,42,55,80,82,90,112] [22,23,34,35,86,87,126,127] [1,4,5,32,45,62,82,109] [5,15,53,61,66,100,105,127] [0,48,66,76,98,99,111,122] [2,16,57,67,73,90,94,116] [26,28,48,54,60,67,90,99] [9,21,23,33,39,46,79,107] [33,40,58,80,81,83,110,118] [10,17,38,55,57,63,66,110] [17,23,40,52,61,89,101,121] [8,14,48,50,78,89,105,115] [9,19,42,55,72,82,90,112] [16,21,27,39,71,80,92,115] [29,36,37,44,46,88,104,120] [0,6,27,53,56,69,81,104] [2,12,24,27,32,114,117,123] [22,52,55,60,61,101,117,127] [20,36,47,57,73,85,86,123]
Token  74: [28,32,33,37,64,72,75,122] [6,19,28,49,63,74,90,122] [4,46,64,74,81,97,104,107] [4,9,24,66,67,68,74,78] [11,46,53,57,60,70,113,122] [5,18,32,55,75,79,93,110] [14,22,23,54,87,89,97,104] [1,5,32,45,82,89,100,108] [11,17,32,61,95,100,108,123] [0,7,17,35,71,76,80,81] [2,13,25,43,55,82,85,94] [18,28,30,48,90,92,99,122] [9,23,34,43,46,67,87,127] [2,61,63,71,73,83,92,120] [11,15,23,33,38,57,92,110] [17,32,38,54,61,89,121,125] [11,14,53,78,82,105,115,127] [1,18,36,68,82,92,99,112] [14,22,23,65,87,89,97,118] [1,2,5,32,33,45,48,100] [5,11,22,44,61,100,104,105] [0,7,47,71,76,79,82,99] [2,6,18,55,82,85,94,127] [1,9,18,25,28,30,48,54] [6,9,33,43,46,67,112,127] [2,61,63,78,83,91,110,127] [14,15,38,55,73,92,107,110] [0,5,25,32,61,89,121,125] [27,35,48,78,82,89,100,115] [18,80,82,89,92,93,114,122] [13,22,34,87,89,107,112,127] [1,5,24,32,33,45,82,89] [5,11,22,53,61,100,114,127] [0,7,47,76,79,82,99,111] [2,9,23,43,55,82,94,127] [1,9,25,28,30,48,54,99] [24,29,39,46,55,67,112,127] [45,52,61,63,89,91,92,127] [15,26,33,38,55,73,92,110] [0,8,25,40,77,89,106,125] [26,27,34,35,78,82,100,115] [18,49,54,68,81,82,92,99] [4,17,33,70,71,80,92,116] [2,24,41,46,61,72,83,104] [9,11,27,42,62,82,96,104] [33,48,51,67,88,98,114,116] [14,26,33,35,43,54,63,79] [0,6,17,23,39,42,53,80]
Token  75: [4,12,28,29,38,66,117,122] [5,24,52,57,74,78,92,126] [4,17,46,55,57,77,81,107] [4,19,24,59,62,66,74,78] [46,53,55,60,70,89,116,118] [0,16,18,32,45,72,93,110] [54,66,87,89,97,100,104,111] [1,32,45,47,61,76,82,108] [5,11,17,32,67,108,115,123] [7,17,35,76,80,81,82,99] [9,25,43,63,71,82,94,124] [18,25,28,48,73,99,107,117] [9,32,34,46,65,92,122,127] [18,40,45,52,71,92,120,127] [23,38,57,71,92,99,110,115] [6,17,32,40,68,77,89,121] [14,27,30,35,78,102,115,127] [1,18,27,36,68,82,92,112] [22,23,52,65,87,100,104,118] [1,5,32,45,48,61,82,100] [11,22,32,44,95,100,108,123] [0,7,47,76,80,82,99,111] [9,13,18,23,25,55,69,94] [9,21,28,48,96,99,117,125] [2,9,34,46,65,67,92,127] [23,52,83,92,99,104,106,112] [3,38,57,86,107,109,110,115] [16,17,32,40,59,61,89,91] [14,27,35,78,100,105,115,127] [1,18,72,75,82,93,99,112] [12,34,52,56,63,86,89,104] [32,45,48,56,60,82,100,109] [9,11,15,44,72,101,123,127] [10,49,76,80,96,99,111,117] [7,9,30,67,71,94,98,112] [4,6,21,25,28,96,99,117] [2,9,24,42,74,92,122,127] [20,52,61,89,91,92,112,124] [26,53,57,73,91,92,115,116] [0,25,32,51,77,87,89,110] [26,27,35,78,82,100,109,115] [18,75,80,82,92,99,118,124] [4,17,33,66,70,80,106,114] [16,18,24,41,61,74,75,99] [9,11,23,42,62,82,104,114] [16,48,51,67,88,98,114,117] [14,33,43,46,54,63,74,104] [6,17,23,39,53,58,80,119]
Token  76: [4,24,38,41,70,86,105,122] [3,5,20,57,74,92,114,126] [1,4,36,46,55,77,95,120] [4,19,24,62,66,74,78,116] [32,52,55,57,60,75,116,118] [0,16,18,45,72,73,93,110] [3,54,66,87,89,97,100,104] [1,7,13,32,45,61,82,108] [5,11,17,67,95,108,115,123] [0,7,35,76,80,81,82,99] [2,25,43,71,82,85,94,124] [18,25,28,30,48,73,90,99] [9,24,32,34,46,87,92,127] [40,45,62,71,83,92,112,120] [14,23,42,57,92,99,110,115] [17,25,32,40,77,89,119,121] [1,14,30,65,78,102,115,127] [9,18,36,68,75,82,92,112] [22,23,38,54,87,100,104,118] [1,26,32,33,40,45,48,82] [5,11,17,22,53,61,100,123] [0,7,47,71,76,80,82,99] [2,23,25,43,55,82,94,124] [9,18,25,28,30,33,48,99] [9,24,32,46,67,92,112,127] [18,45,63,71,92,106,120,127] [1,38,47,53,57,73,92,110] [2,5,25,32,40,61,77,89] [1,13,14,25,30,35,78,100] [9,18,36,68,75,82,92,122] [3,6,22,23,54,87,89,104] [1,4,32,33,44,47,82,108] [5,11,22,67,100,108,123,127] [0,7,47,67,76,80,81,82] [2,23,25,43,71,82,94,127] [9,18,25,28,30,48,73,99] [24,29,39,46,67,92,112,127] [62,63,89,91,92,93,120,127] [4,22,38,53,55,73,87,110] [2,7,40,51,77,89,106,118] [13,14,78,80,100,109,115,126] [6,18,75,81,82,92,100,124] [30,52,70,71,80,86,92,106] [16,24,36,41,74,75,104,121] [6,11,27,39,56,104,116,122] [4,12,26,32,42,76,114,123] [19,51,52,61,63,96,101,117] [15,21,26,57,58,82,86,121]
Token  77: [28,33,44,64,75,82,91,122] [28,30,46,47,49,74,96,122] [4,12,46,56,60,97,104,127] [2,20,66,67,68,70,121,123] [43,55,57,60,67,95,112,122] [0,4,16,18,73,87,93,110] [22,23,54,86,87,89,100,118] [1,13,32,45,47,82,100,108] [17,32,61,76,95,100,108,123] [0,7,17,35,67,71,76,99] [2,25,71,82,85,91,94,124] [25,28,33,48,55,73,92,99] [9,24,27,32,34,46,67,127] [57,62,63,71,87,92,106,112] [14,22,23,38,44,57,99,115] [17,32,40,77,89,121,125,126] [4,14,26,30,78,108,115,127] [9,18,36,37,68,82,112,121] [22,23,54,65,87,89,104,118] [1,4,5,32,33,45,48,82] [5,22,47,61,100,105,108,123] [0,7,35,47,76,82,99,111] [2,25,55,82,85,91,94,124] [1,9,25,28,30,55,73,99] [0,9,38,43,46,67,94,127] [2,18,57,63,71,89,109,110] [4,14,15,23,38,71,73,110] [2,17,40,61,89,121,125,126] [14,44,53,65,78,93,108,115] [3,9,81,82,112,114,121,122] [22,23,87,97,104,107,112,118] [1,4,5,32,45,82,89,108] [5,20,61,94,100,104,108,127] [0,7,35,47,76,79,106,111] [2,23,25,71,82,85,94,124] [1,9,25,28,30,54,73,99] [14,32,43,67,94,111,112,127] [62,63,89,91,92,110,112,127] [4,15,22,38,57,81,87,110] [2,17,25,32,40,106,125,126] [14,27,28,30,35,78,94,115] [9,26,49,81,82,93,100,122] [3,8,52,63,66,69,70,106] [24,41,56,68,75,80,121,124] [9,11,23,27,47,56,94,104] [4,12,26,32,76,82,114,117] [33,37,52,55,60,117,118,127] [21,23,44,57,58,77,82,114]
Token  78: [1,16,24,84,98,100,114,122] [15,18,22,49,70,119,122,127] [2,41,47,78,80,109,123,127] [6,9,31,34,69,84,89,123] [11,43,46,65,70,85,106,115] [1,4,18,61,66,73,104,125] [14,43,63,78,104,105,126,127] [1,5,18,33,45,49,82,100] [17,45,61,66,84,100,123,127] [0,49,71,80,81,110,111,117] [2,56,61,78,85,90,94,105] [26,28,49,54,61,92,99,122] [9,23,33,34,43,67,99,127] [2,28,63,73,80,83,110,118] [20,32,37,38,48,99,110,115] [5,17,32,38,61,85,121,126] [8,11,14,33,53,65,78,115] [18,19,42,68,82,99,112,123] [14,22,34,63,78,86,87,118] [1,45,48,49,60,82,100,109] [35,61,66,84,93,100,103,121] [0,7,9,10,49,79,98,110] [2,10,61,82,85,90,105,119] [1,9,24,28,49,54,61,99] [9,23,33,35,43,46,67,94] [2,15,28,63,83,110,118,125] [14,32,37,49,81,99,103,110] [2,5,17,26,59,61,69,121] [48,53,62,65,78,87,102,115] [30,33,42,68,108,118,122,123] [14,22,24,34,78,105,126,127] [1,18,43,45,49,60,67,109] [35,61,66,84,103,104,121,127] [0,49,66,79,98,110,122,125] [2,10,31,68,82,85,90,119] [1,3,23,28,54,62,99,100] [23,33,49,57,59,67,79,125] [19,26,73,89,91,110,112,118] [5,32,49,81,85,100,104,107] [5,16,17,26,32,49,59,127] [34,48,53,81,87,99,103,115] [18,21,34,49,55,78,105,120] [6,14,32,33,50,56,81,111] [11,31,51,71,78,82,92,108] [6,7,30,31,47,90,102,127] [16,29,41,44,98,107,114,121] [34,38,46,49,70,76,99,109] [2,20,39,65,101,105,118,125]
Token  79: [32,49,50,58,60,72,75,78] [6,8,11,38,49,87,122,125] [2,36,41,57,92,109,115,127] [5,23,46,56,84,91,107,117] [8,30,52,61,64,81,83,96] [1,25,68,73,74,76,79,91] [8,24,53,63,70,71,104,126] [18,32,45,59,82,106,109,125] [16,26,30,37,53,66,90,98] [26,49,64,80,87,92,98,122] [1,26,27,34,53,58,90,116] [21,26,28,54,56,96,120,125] [23,24,33,56,64,67,79,107] [8,26,31,47,83,103,110,118] [5,19,33,78,81,100,117,125] [5,51,59,70,79,80,83,117] [26,30,34,53,78,87,105,115] [18,22,39,55,78,83,88,90] [24,27,34,53,63,71,89,126] [18,30,32,45,79,82,106,109] [16,26,30,35,46,66,67,98] [10,49,64,80,87,98,100,122] [27,32,58,68,73,84,90,116] [1,26,28,54,56,92,103,120] [23,24,33,35,64,79,107,126] [8,26,47,80,103,110,118,122] [4,49,81,98,100,103,107,116] [5,44,49,59,80,83,87,127] [34,53,54,65,81,82,87,105] [13,18,39,54,55,59,78,88] [24,34,53,63,71,87,91,126] [18,45,59,75,82,106,109,125] [16,26,30,37,46,66,72,98] [26,49,64,87,92,98,100,122] [26,27,34,58,68,73,90,116] [3,21,28,54,56,102,104,120] [23,24,33,56,64,73,79,126] [8,26,83,91,104,110,118,124] [4,5,27,33,81,100,103,107] [2,5,26,49,59,70,80,127] [34,50,53,54,58,81,87,115] [18,21,39,55,81,82,88,100] [14,30,43,52,77,111,113,115] [5,11,30,31,46,72,91,96] [6,47,62,69,90,94,102,104] [2,29,53,77,92,107,114,121] [1,15,20,26,35,37,43,79] [0,7,17,42,44,58,80,116]
Token  80: [22,43,45,60,65,84,89,92] [8,22,33,38,49,80,87,120] [2,33,41,53,56,82,87,109] [29,32,36,39,46,82,84,114] [11,13,30,46,64,83,113,118] [18,42,73,75,83,99,104,110] [14,24,34,35,63,89,126,127] [1,5,18,32,45,82,100,109] [17,35,45,53,61,66,100,105] [34,49,71,80,81,98,111,122] [2,34,83,85,90,94,116,121] [26,28,40,54,90,92,94,99] [9,23,33,43,67,79,107,123] [26,33,73,80,83,92,110,118] [10,49,57,63,67,92,110,125] [5,23,26,36,38,59,61,89] [8,48,53,65,78,105,115,126] [1,13,18,42,53,82,88,90] [14,24,34,35,63,86,87,126] [18,30,32,45,62,82,100,109] [5,16,35,66,72,93,99,100] [0,10,13,49,79,80,98,122] [2,13,67,73,85,90,116,119] [1,26,28,40,54,64,90,92] [9,23,33,43,49,79,107,126] [26,33,47,80,81,83,110,118] [4,10,37,49,63,99,103,110] [5,23,36,40,59,61,93,121] [8,48,53,65,87,89,105,115] [1,18,19,42,55,80,82,90] [14,34,35,63,86,89,126,127] [5,18,32,45,62,82,100,109] [53,61,66,72,100,104,123,127] [0,10,34,49,80,98,99,122] [2,51,67,73,85,90,94,116] [5,14,21,26,28,48,54,90] [9,21,23,33,46,79,107,126] [26,33,40,58,80,83,110,118] [10,17,38,49,57,63,66,110] [5,36,40,59,61,89,101,121] [8,14,48,50,78,89,105,115] [9,18,21,42,55,72,82,90] [3,16,21,27,39,80,92,115] [29,31,36,44,65,88,104,120] [0,6,27,47,53,56,69,81] [2,12,24,27,32,101,114,117] [52,55,60,61,98,101,117,127] [20,36,47,57,73,85,86,105]
Token  81: [7,21,23,28,42,73,75,125] [6,22,49,74,80,90,117,122] [4,33,36,46,59,76,87,119] [4,24,36,37,40,50,74,78] [11,32,46,57,60,70,113,118] [17,18,73,93,96,99,110,123] [23,77,86,87,89,104,118,127] [1,4,32,40,45,61,82,100] [17,32,35,61,76,95,100,127] [0,7,35,49,76,81,82,89] [2,43,80,82,85,94,111,124] [18,28,30,33,48,92,99,101] [9,24,32,34,43,46,67,127] [2,40,45,63,71,83,92,120] [15,23,38,57,99,110,111,115] [6,32,40,61,77,87,89,121] [14,26,33,53,78,93,105,115] [1,9,18,36,82,92,99,112] [22,34,55,75,86,87,89,118] [1,2,26,32,45,62,82,100] [18,22,61,95,100,103,123,127] [0,7,47,49,79,81,82,99] [2,13,55,82,85,94,124,127] [1,9,18,28,30,48,54,99] [9,24,32,33,43,55,67,127] [2,18,63,71,83,89,110,127] [14,23,57,73,99,103,110,115] [0,5,6,55,61,89,91,121] [6,53,65,78,89,93,100,115] [18,68,82,92,94,112,122,123] [3,22,34,63,86,87,112,127] [18,32,36,45,60,62,82,109] [5,15,22,61,100,103,105,127] [0,7,40,47,49,79,80,82] [2,9,23,55,82,85,94,127] [1,9,25,28,30,48,54,99] [9,24,29,39,43,67,112,127] [45,52,61,63,71,89,92,127] [26,38,47,73,81,87,92,99] [0,25,32,46,77,87,89,100] [6,26,30,35,65,78,100,115] [54,58,81,82,92,99,115,124] [4,8,14,28,52,66,70,106] [18,24,41,56,74,80,99,104] [6,9,11,23,27,72,104,113] [4,26,48,76,86,88,92,114] [14,33,46,51,54,74,96,104] [17,23,39,53,58,94,114,121]
Token  82: [34,47,63,67,70,86,101,118] [11,46,74,88,89,99,114,117] [4,26,46,49,55,56,60,90] [1,4,24,50,62,77,86,123] [23,32,55,57,60,113,114,118] [0,18,58,75,79,96,99,110] [22,23,54,86,87,104,111,127] [1,7,32,40,45,82,100,108] [4,17,61,70,95,100,115,123] [0,7,35,71,76,80,81,99] [2,25,43,71,82,85,94,124] [28,33,48,50,73,99,101,107] [9,16,32,43,46,67,123,127] [45,51,62,71,83,92,102,120] [3,23,38,57,71,99,110,115] [32,40,61,68,77,87,89,121] [13,14,25,33,51,78,111,115] [9,36,37,66,68,75,82,112] [22,23,55,65,86,87,89,118] [1,4,5,26,32,45,82,100] [4,5,22,95,100,105,123,127] [0,7,35,47,71,76,82,99] [2,23,25,55,71,82,94,124] [1,9,25,28,30,48,73,99] [0,9,25,32,38,67,112,127] [18,57,62,63,71,109,110,127] [23,53,57,71,73,99,110,115] [17,40,61,77,89,91,121,126] [13,14,44,65,78,89,93,115] [9,36,75,81,82,108,112,122] [22,23,34,55,87,107,112,118] [1,4,32,33,45,60,62,82] [4,20,53,94,100,114,123,127] [0,7,35,40,47,49,79,99] [2,23,43,71,82,85,94,124] [1,9,25,28,30,54,73,99] [9,33,43,67,94,112,123,127] [62,63,89,91,92,110,112,127] [4,15,23,46,55,64,81,87] [2,32,46,61,89,110,121,126] [13,14,48,65,78,109,111,115] [6,9,18,75,81,82,92,100] [3,8,16,25,52,69,71,113] [16,18,31,37,56,68,75,104] [6,11,27,39,47,70,72,94] [4,26,29,77,82,87,92,114] [19,37,38,60,71,103,118,127] [14,15,20,44,57,77,82,92]
Token  83: [1,16,53,72,84,98,100,114] [5,15,18,22,70,82,119,127] [2,37,38,47,48,57,109,127] [6,16,31,34,87,108,117,120] [52,81,85,93,106,115,124,126] [1,13,25,44,51,61,66,73] [8,53,63,71,78,83,88,105] [18,45,49,59,75,101,109,112] [26,57,65,84,103,113,116,121] [9,10,27,49,57,80,110,125] [2,47,56,61,68,100,105,116] [19,28,49,54,61,99,122,125] [9,23,33,43,56,67,96,99] [8,15,19,26,28,83,110,118] [17,20,32,48,81,90,100,110] [5,44,53,61,85,91,101,126] [8,33,53,65,78,81,115,124] [11,18,19,42,68,82,88,99] [24,34,63,75,78,87,105,127] [18,32,45,49,60,101,109,112] [35,61,84,93,95,103,121,127] [0,9,10,49,79,110,122,125] [2,10,31,61,85,94,105,119] [1,24,28,49,54,61,92,99] [9,15,33,35,43,67,94,99] [2,15,19,26,28,58,63,110] [17,32,37,48,52,81,100,103] [5,49,53,59,70,83,101,127] [39,53,62,65,73,81,87,103] [18,21,33,42,55,78,118,123] [24,34,53,63,71,78,105,126] [18,43,49,59,75,101,109,112] [26,35,37,65,72,84,103,121] [9,10,49,64,79,110,122,125] [31,56,61,68,78,98,105,116] [1,3,19,23,24,28,54,125] [23,33,49,56,65,85,96,99] [0,19,26,58,104,110,118,122] [17,32,55,81,86,98,100,107] [5,10,16,49,59,70,101,127] [17,39,53,54,81,87,103,115] [1,21,39,42,48,55,78,88] [6,32,39,56,64,81,111,113] [31,37,71,77,78,88,92,96] [6,26,31,39,47,53,73,90] [1,27,29,44,85,94,101,107] [11,34,38,52,71,98,103,118] [2,3,20,73,77,101,105,125]
Token  84: [14,21,50,57,60,75,103,106] [3,6,15,42,72,119,122,125] [2,36,47,84,90,109,122,125] [4,16,47,82,84,87,107,115] [50,52,56,58,81,93,118,124] [13,22,25,44,51,68,73,105] [8,12,34,53,56,63,71,108] [18,45,51,59,60,75,106,109] [26,36,46,57,90,103,109,116] [10,32,49,65,84,87,96,122] [26,39,53,56,68,78,112,123] [7,23,28,30,37,63,109,125] [24,56,65,85,96,97,116,126] [0,26,32,66,77,82,118,122] [16,17,81,90,93,100,105,117] [5,8,10,16,49,59,70,120] [12,65,81,89,103,105,115,119] [18,21,39,41,55,58,78,83] [8,12,24,44,53,63,71,78] [18,51,59,75,79,101,109,112] [3,26,46,57,65,72,111,116] [2,9,10,49,64,96,122,125] [16,26,56,58,68,78,98,116] [3,7,23,28,59,63,109,125] [8,24,56,65,75,85,96,126] [0,26,58,61,66,82,104,122] [4,16,81,90,92,100,105,107] [5,10,49,59,70,72,103,127] [12,55,81,83,89,103,105,119] [1,2,18,55,66,78,83,120] [8,27,44,53,63,70,71,75] [18,30,51,59,60,75,106,109] [26,36,46,72,103,109,111,116] [10,32,49,65,84,87,114,122] [26,39,68,69,98,112,113,116] [3,7,28,59,63,89,109,127] [24,56,65,73,74,85,114,125] [0,23,26,66,68,82,98,104] [16,55,81,88,90,93,105,107] [10,12,56,59,61,72,103,120] [12,17,55,87,89,91,115,119] [2,18,35,66,78,94,112,120] [18,27,60,71,76,93,102,109] [6,29,36,45,68,78,87,104] [6,20,27,48,72,81,104,121] [12,22,27,58,70,80,107,114] [52,55,60,61,98,102,115,117] [36,47,66,86,88,120,123,124]
Token  85: [7,23,28,57,62,87,97,125] [16,23,29,45,48,74,88,122] [15,24,25,47,76,109,125,127] [4,16,40,84,92,101,108,112] [27,50,52,56,58,81,104,118] [10,13,25,68,74,83,99,103] [8,34,47,53,54,63,71,98] [18,32,45,51,59,82,106,109] [20,26,36,46,103,111,116,124] [21,32,49,57,64,65,84,96] [26,50,53,109,111,112,113,116] [7,19,28,37,39,63,64,65] [56,62,75,85,114,116,125,126] [0,26,41,50,68,77,82,122] [13,16,36,47,81,93,100,107] [2,5,12,59,64,72,83,120] [6,17,30,60,65,103,110,115] [18,46,55,58,64,78,94,120] [8,12,25,26,44,53,63,71] [9,18,28,59,79,88,109,125] [15,36,38,46,57,67,72,111] [10,32,49,57,64,65,87,96] [5,26,68,97,98,109,111,116] [3,7,30,39,63,64,65,120] [3,24,56,62,65,73,85,126] [0,26,41,50,68,82,98,111] [4,13,16,36,47,81,90,107] [5,10,12,59,72,79,83,111] [6,17,34,60,65,89,103,110] [18,46,58,78,81,94,96,120] [8,26,44,53,63,70,71,98] [18,28,30,51,59,60,75,109] [15,26,36,46,57,72,111,124] [32,49,57,64,65,84,87,114] [26,47,50,98,109,111,112,116] [28,30,37,39,63,64,65,70] [28,56,62,73,85,95,105,126] [0,14,26,41,50,68,82,122] [13,36,47,52,55,81,88,107] [10,20,22,53,59,72,79,120] [6,17,23,60,70,89,110,115] [36,46,58,64,78,94,96,120] [28,49,59,60,67,77,90,125] [12,49,74,78,96,115,121,125] [23,33,65,82,88,94,99,121] [5,17,26,58,76,82,86,107] [14,29,30,71,81,84,96,103] [14,15,21,31,111,114,121,127]
Token  86: [16,22,53,81,104,107,111,120] [4,34,42,58,74,86,88,107] [9,14,24,47,87,109,116,127] [16,57,76,84,97,101,111,114] [0,23,52,61,81,100,104,118] [1,13,25,68,80,82,88,107] [8,18,47,53,63,71,98,104] [9,18,45,51,60,82,87,109] [15,26,29,36,46,103,116,124] [21,32,45,49,64,84,87,94] [14,26,39,53,72,112,116,121] [8,19,28,37,39,64,67,120] [33,53,56,62,66,85,116,126] [0,32,44,68,75,82,103,122] [13,29,36,79,80,81,100,109] [2,5,8,10,49,53,59,83] [7,30,40,65,89,103,105,115] [18,29,53,55,58,78,94,123] [8,25,44,47,53,63,71,98] [7,18,24,59,79,87,109,119] [26,38,45,46,57,72,103,111] [2,10,32,49,69,84,87,94] [14,26,58,68,72,98,112,116] [7,19,30,37,39,63,90,120] [52,56,65,66,73,75,85,126] [0,26,32,68,77,95,104,122] [4,5,13,80,81,98,103,107] [2,5,8,49,53,59,83,93] [6,7,40,63,65,89,103,105] [1,18,53,55,58,78,96,123] [26,44,52,53,63,70,71,98] [18,30,59,62,87,96,109,113] [26,29,36,46,57,64,72,111] [49,55,57,64,69,84,87,94] [14,26,42,68,72,98,100,116] [3,7,19,28,64,66,90,120] [33,56,65,66,73,85,98,126] [0,26,32,44,68,104,110,122] [21,29,55,81,98,103,107,110] [2,5,10,36,59,83,88,112] [40,53,63,70,76,89,106,115] [18,29,53,55,78,96,111,123] [37,43,59,91,92,109,117,125] [23,37,46,77,78,96,115,118] [16,30,32,37,47,54,94,102] [29,52,63,82,87,94,95,107] [3,37,67,71,82,118,124,126] [8,14,19,20,34,37,44,92]
Token  87: [0,6,49,50,72,75,78,85] [4,7,28,59,74,87,88,122] [2,25,31,33,46,78,109,127] [2,16,47,49,76,82,84,103] [11,30,52,64,81,95,96,104] [18,43,68,72,73,76,91,110] [3,24,34,53,54,63,71,104] [2,18,32,43,45,82,106,109] [18,26,30,35,81,90,98,103] [7,49,80,84,92,96,100,114] [2,15,27,53,100,112,116,127] [7,19,28,37,56,90,100,122] [9,20,24,26,56,64,94,123] [8,32,47,63,73,106,112,122] [1,14,33,81,92,98,103,125] [2,5,11,32,53,59,80,83] [44,53,65,78,82,87,105,115] [1,18,33,39,63,82,88,99] [12,24,34,52,53,56,58,71] [18,43,45,51,60,100,109,123] [15,26,30,35,57,98,101,103] [0,10,41,49,100,111,117,122] [2,15,27,55,68,94,116,127] [7,19,28,30,56,99,100,122] [9,24,36,38,55,56,64,94] [0,8,26,47,63,73,109,125] [14,18,33,61,81,98,103,107] [2,5,16,44,49,59,80,83] [53,65,87,89,100,103,105,115] [0,13,18,39,55,80,88,122] [12,24,34,53,58,63,71,122] [18,43,59,60,62,75,109,123] [15,26,30,35,57,72,98,114] [41,47,49,64,69,84,100,122] [2,15,27,29,55,68,116,127] [3,7,9,19,28,30,56,120] [24,33,55,56,64,73,85,94] [0,8,47,63,68,91,103,110] [4,18,33,46,81,98,103,107] [2,5,10,49,54,59,80,83] [48,53,54,70,87,89,105,115] [0,39,55,63,65,81,88,108] [20,24,32,50,52,67,81,111] [15,31,47,55,72,78,96,122] [6,26,47,62,67,94,102,121] [1,29,53,82,85,87,95,107] [1,3,26,37,38,71,102,123] [14,31,42,44,80,92,98,107]
Token  88: [22,43,45,65,84,89,92,98] [18,33,38,49,80,87,94,127] [2,38,47,84,87,88,93,109] [2,6,16,31,36,76,82,84] [64,81,85,106,114,115,118,124] [1,13,38,45,61,64,66,125] [8,34,35,53,56,71,83,105] [18,24,45,49,51,82,109,112] [26,57,84,102,103,116,121,124] [9,45,49,84,87,96,110,122] [53,57,61,72,98,112,116,127] [7,8,19,24,37,61,90,127] [9,15,56,64,75,85,97,99] [6,8,15,25,26,28,32,58] [11,17,20,32,36,48,81,104] [2,10,16,53,59,70,85,101] [39,53,65,73,87,105,115,124] [1,18,34,42,55,88,99,105] [8,24,25,26,53,63,71,105] [18,24,45,49,59,75,109,112] [26,46,57,72,84,103,116,121] [9,49,64,84,87,110,122,125] [2,26,57,61,68,98,105,116] [7,19,24,28,30,49,61,95] [15,56,64,65,73,85,99,126] [0,8,15,26,28,47,58,77] [4,5,48,81,100,103,104,107] [10,49,59,70,83,101,120,127] [53,65,73,81,89,103,105,124] [1,18,42,55,69,80,88,105] [26,42,44,53,63,71,105,122] [18,24,49,51,60,75,109,112] [16,26,57,65,72,84,103,114] [9,49,50,64,69,110,122,125] [39,56,57,61,68,98,112,116] [3,19,21,28,37,56,59,90] [15,21,56,64,65,73,85,126] [8,15,26,28,32,58,78,93] [4,17,32,63,81,86,104,107] [2,10,49,59,61,70,89,101] [48,53,65,81,87,89,105,115] [21,42,55,80,88,90,105,124] [9,32,50,52,64,68,114,115] [31,36,44,77,78,82,88,104] [6,16,27,47,53,90,94,121] [2,12,22,24,32,64,82,104] [34,38,52,55,60,101,117,127] [20,57,73,74,86,105,109,126]
Token  89: [7,21,23,42,73,75,122,125] [6,28,33,49,74,80,90,117] [4,33,36,46,59,87,119,125] [4,19,24,36,37,50,74,84] [8,32,46,50,52,60,70,118] [4,17,18,63,73,83,116,123] [23,54,77,86,87,89,118,127] [1,4,32,45,59,76,100,109] [18,35,45,70,90,95,103,127] [0,7,46,49,76,80,81,89] [2,82,85,94,111,112,124,127] [18,28,30,37,40,90,99,122] [9,24,34,43,52,56,114,127] [18,26,63,82,89,103,106,107] [4,14,15,57,71,99,110,115] [6,23,32,61,69,87,89,121] [11,33,65,78,83,102,105,115] [1,17,18,36,68,82,92,112] [30,42,52,75,86,87,100,118] [1,2,43,45,48,51,60,100] [15,44,55,61,95,103,105,122] [0,1,24,47,49,71,99,127] [2,18,25,52,64,85,119,127] [9,22,28,29,30,99,105,122] [9,24,34,36,42,55,74,87] [2,18,32,63,71,89,101,110] [14,23,34,37,73,81,99,110] [2,6,17,55,61,69,94,95] [14,33,53,62,78,100,102,115] [6,9,69,82,106,112,122,123] [22,34,42,75,85,107,112,118] [1,2,26,43,45,60,62,95] [5,9,18,55,91,95,103,104] [0,1,24,49,89,99,111,127] [2,9,23,52,82,85,103,119] [9,25,28,29,30,60,99,107] [9,24,28,43,52,78,123,127] [20,52,61,71,89,91,92,112] [23,73,81,87,91,92,99,125] [8,25,32,46,75,77,87,89] [4,6,35,46,53,65,100,115] [49,54,58,81,99,100,115,124] [4,8,28,30,52,66,70,106] [18,24,41,68,74,80,96,99] [9,11,23,42,62,82,94,104] [26,41,48,76,86,88,114,117] [14,46,51,54,74,93,96,125] [23,39,48,53,58,94,110,114]
Token  90: [34,47,63,67,70,86,101,118] [11,46,74,88,89,99,114,117] [4,26,46,49,56,57,60,90] [1,2,4,24,50,62,77,123] [23,26,32,55,57,60,114,118] [0,4,18,58,75,96,99,110] [22,23,54,86,87,104,118,127] [1,4,7,32,43,45,82,100] [4,17,61,70,95,103,123,127] [0,7,35,49,71,81,82,92] [2,43,51,71,82,85,94,124] [25,28,30,33,73,99,101,107] [9,32,34,46,52,94,123,127] [18,45,62,71,82,89,92,102] [4,15,23,38,71,99,110,115] [2,32,40,61,77,87,89,121] [14,33,44,53,65,78,108,115] [9,18,36,68,75,82,112,122] [22,23,55,65,86,87,118,127] [1,2,5,26,32,43,45,82] [5,18,20,61,100,103,123,127] [0,7,35,41,47,49,71,99] [2,25,55,82,85,94,119,127] [9,25,28,30,42,99,101,122] [0,9,24,34,37,38,94,127] [18,57,63,73,95,109,110,123] [18,23,60,71,73,81,99,110] [2,8,16,55,61,87,91,126] [13,33,44,50,53,65,78,89] [18,68,81,82,92,94,122,123] [34,42,55,75,87,107,118,122] [2,18,43,45,51,60,82,109] [4,18,53,72,95,103,118,127] [0,7,40,41,47,49,84,99] [2,23,33,71,82,85,94,127] [3,9,21,25,28,30,73,99] [24,38,55,56,73,85,94,112] [0,26,62,63,89,103,109,110] [4,14,15,18,46,55,81,107] [2,8,10,32,46,49,59,126] [48,53,54,65,76,103,111,115] [18,26,55,78,81,100,111,122] [8,20,24,52,69,81,113,114] [16,31,47,56,75,78,94,96] [6,11,30,39,47,67,94,102] [5,26,54,77,82,87,94,107] [1,37,38,71,97,103,118,123] [4,14,15,20,44,57,77,82]
Token  91: [1,16,53,72,84,98,100,114] [15,18,49,70,82,94,119,127] [2,37,38,47,57,93,109,127] [6,16,31,34,84,115,117,120] [52,81,85,93,106,115,118,124] [1,13,25,51,61,66,73,125] [8,34,53,63,71,78,83,105] [18,45,49,59,75,101,109,112] [26,46,65,84,103,111,116,121] [2,9,49,84,110,111,122,125] [2,39,47,53,56,61,105,112] [7,19,24,30,49,61,99,125] [9,15,52,56,75,78,96,99] [6,15,19,26,28,58,103,122] [17,20,32,36,48,90,100,107] [8,10,16,49,59,70,85,101] [17,39,65,73,81,103,115,124] [18,19,21,22,41,42,55,78] [8,24,47,53,63,71,78,105] [18,24,49,59,75,101,109,112] [26,46,57,65,84,103,116,121] [2,9,49,64,96,110,122,125] [2,26,53,56,61,68,98,105] [3,7,19,23,24,30,49,61] [15,49,56,65,73,75,96,99] [0,15,19,26,28,58,78,104] [4,20,32,48,90,100,103,107] [10,12,49,59,70,101,120,127] [39,65,73,81,83,99,103,124] [1,18,21,41,42,55,58,78] [8,44,53,63,71,78,83,105] [18,28,49,59,75,101,109,112] [26,46,57,65,72,84,103,121] [2,9,49,64,84,110,122,125] [26,56,61,68,78,98,105,112] [3,7,14,23,24,37,61,125] [8,15,56,65,73,85,96,99] [0,15,19,26,28,58,78,118] [5,17,27,85,86,100,107,117] [5,10,11,49,59,70,101,127] [17,65,73,81,87,99,103,115] [18,21,41,42,48,55,69,78] [6,31,32,41,56,64,113,127] [31,37,71,77,78,88,92,107] [6,8,31,47,53,73,90,121] [1,22,27,44,85,94,101,107] [11,34,38,71,84,98,103,118] [2,20,73,77,86,101,105,125]
Token  92: [21,28,50,60,62,64,75,87] [6,23,58,74,119,122,125,127] [8,9,46,47,54,70,93,127] [4,16,38,47,64,82,107,115] [22,48,52,56,58,81,86,124] [13,21,22,24,25,34,68,82] [8,52,63,71,104,107,108,110] [31,32,45,51,59,75,109,110] [26,36,46,67,103,105,116,124] [1,49,52,64,65,84,96,122] [26,30,53,68,74,78,98,112] [7,28,37,63,65,89,107,125] [8,24,56,65,75,97,105,116] [0,23,26,58,73,82,102,122] [17,75,81,82,88,90,100,107] [8,10,16,18,49,70,87,95] [7,17,45,65,73,83,103,115] [17,18,21,27,48,55,69,78] [8,44,52,56,63,71,75,79] [9,31,51,59,60,75,109,110] [3,26,36,46,57,65,103,116] [1,49,64,65,84,96,111,122] [26,29,35,53,68,74,98,112] [3,7,37,43,63,89,107,125] [24,50,56,65,73,75,96,97] [0,2,20,23,26,73,103,122] [6,34,75,81,82,90,100,115] [8,10,18,49,70,87,95,120] [17,45,65,80,83,89,103,115] [1,17,18,27,58,69,78,83] [8,44,46,52,56,63,71,79] [31,41,45,48,51,59,109,110] [3,36,46,57,72,103,105,116] [1,49,52,64,65,69,99,127] [26,29,53,64,68,74,98,112] [3,7,28,37,63,89,96,107] [24,42,50,56,65,73,75,97] [0,23,73,82,98,101,102,104] [6,34,36,75,76,82,90,107] [8,10,33,51,59,70,87,95] [7,17,45,65,73,89,109,111] [17,18,26,48,49,58,69,85] [2,20,31,50,58,64,114,116] [2,23,30,47,77,94,96,112] [6,11,29,65,73,82,94,113] [22,29,85,86,87,92,94,107] [33,37,38,46,62,84,103,122] [12,23,44,65,79,82,114,119]
Token  93: [22,26,38,44,59,65,83,114] [23,30,50,58,94,119,124,127] [47,54,84,88,93,109,113,127] [2,14,16,18,39,47,82,84] [25,56,58,81,86,104,106,124] [11,13,22,24,34,68,82,108] [8,30,34,35,52,56,63,83] [16,45,51,59,60,82,106,110] [26,36,46,67,103,109,116,124] [9,10,49,65,80,84,96,114] [26,30,39,53,56,68,78,112] [7,21,24,28,67,89,125,127] [9,15,56,65,96,97,104,116] [19,23,25,28,32,42,58,77] [8,17,20,48,88,90,100,115] [5,10,16,18,49,70,101,103] [17,39,65,73,83,87,115,124] [18,21,27,42,48,55,69,78] [8,30,34,42,53,71,75,105] [18,34,49,51,60,82,109,112] [26,46,65,84,103,109,116,121] [9,10,45,49,110,122,125,127] [39,53,56,61,78,98,112,116] [7,23,24,49,61,67,122,125] [9,15,56,63,96,97,99,116] [15,23,25,26,28,32,58,122] [17,20,48,52,79,88,90,107] [5,10,59,70,83,95,101,103] [39,45,55,65,73,83,115,124] [1,18,21,42,48,69,78,123] [8,24,30,34,42,56,63,105] [18,45,49,51,60,95,109,112] [9,15,26,84,101,103,109,121] [9,10,45,49,64,96,110,122] [39,56,61,78,98,105,112,116] [4,7,21,24,49,61,64,125] [15,28,56,65,74,97,99,116] [0,15,20,23,25,28,58,104] [17,20,48,86,90,91,100,107] [5,10,18,59,70,85,101,120] [8,17,45,65,73,83,114,124] [17,18,19,42,48,58,69,72] [31,32,36,39,64,74,114,123] [43,52,77,78,88,97,104,112] [0,6,45,53,65,73,107,121] [21,22,27,46,85,94,107,127] [38,39,84,88,97,98,103,105] [32,35,52,73,95,109,111,117]
Token  94: [2,21,28,54,62,97,104,126] [6,23,30,58,77,88,95,123] [7,10,25,40,47,51,93,127] [2,16,38,39,59,71,112,124] [11,23,48,56,67,93,104,109] [9,13,18,22,74,82,107,110] [34,63,65,71,86,100,111,127] [1,4,32,45,51,82,100,109] [35,55,67,95,103,109,116,127] [10,44,45,49,80,114,117,127] [30,39,53,56,94,112,116,123] [19,21,28,37,40,67,79,98] [9,43,56,63,74,97,104,116] [10,21,25,42,73,77,107,111] [3,8,23,39,52,88,90,99] [4,17,23,61,90,91,94,95] [14,33,45,73,78,83,102,115] [6,17,18,48,69,103,106,112] [10,30,34,42,52,75,86,100] [1,43,45,51,60,95,100,109] [15,35,44,55,61,95,103,127] [1,10,45,49,89,99,117,127] [2,18,25,39,85,108,119,123] [60,67,79,101,107,115,122,125] [9,12,56,60,74,87,97,104] [32,42,58,71,76,95,99,122] [8,11,88,90,99,107,110,111] [16,55,61,69,90,91,94,95] [42,45,48,55,78,83,102,115] [1,9,17,69,72,103,112,123] [10,12,30,34,42,56,75,107] [43,45,48,51,60,89,95,109] [5,9,44,95,101,103,105,122] [9,49,62,89,96,99,111,127] [7,13,18,30,39,52,98,113] [4,7,21,29,62,78,115,121] [4,9,28,39,74,92,97,111] [0,10,20,23,31,52,61,104] [26,62,81,87,91,92,98,115] [10,13,25,50,59,87,90,98] [7,11,17,45,55,65,73,123] [17,18,48,49,58,69,106,112] [2,28,31,36,37,64,89,123] [2,7,27,56,77,78,94,112] [5,11,19,65,82,101,107,113] [63,77,85,92,94,107,114,127] [29,38,46,74,84,88,97,103] [0,6,32,52,79,108,111,114]
Token  95: [16,17,18,38,76,89,111,118] [9,12,23,34,58,74,86,123] [9,14,47,51,77,93,115,127] [2,38,46,59,66,73,112,114] [22,23,25,56,86,89,104,124] [13,21,22,34,47,74,82,107] [8,38,42,52,63,71,79,110] [2,34,45,51,82,87,109,110] [3,29,36,46,67,109,116,124] [1,49,52,64,65,84,96,114] [26,34,53,59,74,98,112,113] [7,37,70,77,87,89,107,120] [37,56,59,80,85,97,104,116] [14,16,21,23,73,75,84,98] [6,75,76,79,80,88,90,113] [8,10,13,18,70,95,111,120] [7,15,17,65,73,83,87,91] [15,18,29,52,58,69,78,83] [8,34,52,56,63,71,75,79] [31,39,41,51,60,106,109,110] [15,36,46,57,65,103,109,116] [1,49,64,65,84,96,111,114] [26,30,39,53,74,98,112,123] [4,7,37,70,82,89,96,125] [56,65,73,75,85,97,104,116] [2,16,21,23,42,73,82,84] [6,8,58,79,80,88,90,113] [10,13,18,60,91,95,111,120] [7,15,17,45,65,73,83,87] [15,18,27,52,58,78,83,85] [8,52,63,71,75,79,86,120] [34,41,51,82,106,109,110,122] [3,29,36,46,103,109,116,124] [1,49,52,64,65,69,114,118] [26,30,35,53,59,74,98,112] [7,8,37,64,70,82,89,96] [28,50,56,75,80,97,100,116] [2,10,21,23,42,75,82,98] [6,36,75,79,80,88,90,107] [10,13,18,59,60,78,82,120] [7,11,15,17,18,45,65,83] [15,17,18,46,52,58,85,106] [2,7,36,37,73,74,123,125] [12,19,43,52,56,77,78,112] [0,7,37,45,65,88,113,121] [17,22,46,58,63,85,107,112] [29,30,38,39,80,84,88,105] [6,9,35,52,59,95,108,111]
Token  96: [0,2,21,28,62,97,111,126] [23,45,58,76,78,88,122,123] [9,23,25,47,51,73,119,127] [7,38,59,87,90,105,119,120] [4,22,39,48,60,89,91,104] [13,22,34,74,78,80,82,109] [8,38,52,53,63,71,79,110] [9,31,34,45,51,82,87,110] [3,24,29,36,46,51,116,118] [1,44,49,52,64,65,84,96] [9,19,26,53,67,74,98,112] [37,70,77,87,89,96,107,120] [5,50,56,80,85,97,111,116] [14,24,37,64,73,75,84,86] [6,28,34,62,75,76,88,91] [8,10,13,18,95,98,111,112] [15,17,45,65,73,83,115,123] [12,14,15,17,18,27,52,58] [8,38,52,63,71,75,79,110] [31,34,51,59,87,106,110,125] [3,24,36,46,51,113,116,118] [44,52,64,65,84,95,96,114] [26,30,35,53,58,74,98,112] [43,70,71,77,82,87,89,107] [37,41,50,73,75,85,111,116] [2,24,31,37,73,82,84,86] [6,8,28,62,75,90,91,113] [8,10,13,18,98,111,112,120] [6,17,45,65,73,83,87,123] [12,14,18,22,54,58,83,85] [8,28,44,52,63,71,79,110] [31,34,41,51,87,106,109,110] [3,24,36,46,51,116,118,124] [1,44,52,64,65,75,94,118] [18,26,30,35,74,97,98,112] [7,37,70,71,77,87,89,96] [28,42,50,75,97,100,116,124] [10,24,37,42,75,84,86,101] [6,34,36,62,75,88,91,107] [8,10,13,18,59,82,98,120] [17,20,45,65,73,80,83,123] [14,17,18,22,49,58,85,106] [2,8,28,33,65,74,75,101] [2,4,43,52,61,78,91,112] [26,39,54,65,82,94,113,121] [48,53,85,86,94,98,107,127] [17,35,62,67,74,84,103,110] [0,42,54,61,79,80,114,119]
Token  97: [11,47,61,66,81,84,93,118] [7,19,62,76,77,83,86,123] [9,10,14,47,51,72,81,117] [0,7,16,59,91,105,109,120] [4,22,23,48,86,91,93,104] [13,22,34,70,74,80,107,111] [8,38,52,71,79,80,109,110] [16,34,39,45,51,87,109,110] [3,29,36,46,51,67,105,116] [1,49,52,64,65,96,99,114] [23,26,53,67,74,81,112,121] [9,37,47,70,71,89,107,120] [5,68,85,97,100,104,116,120] [14,21,23,42,73,75,86,121] [6,27,28,49,75,80,88,90] [4,8,10,13,16,18,60,111] [11,15,17,18,45,73,83,87] [15,18,27,29,34,52,83,104] [8,30,52,63,71,75,79,110] [34,45,51,56,60,106,109,110] [36,37,46,57,67,95,103,116] [22,49,64,65,80,84,96,114] [30,39,42,53,74,86,98,112] [4,8,37,70,71,82,89,107] [20,28,47,63,97,104,116,124] [2,21,42,75,82,84,86,122] [8,27,49,58,80,88,90,91] [10,13,18,60,95,98,111,120] [7,11,15,17,45,65,73,83] [15,18,27,52,78,83,85,125] [8,52,63,71,75,79,86,110] [34,41,51,73,82,106,109,110] [3,36,37,46,103,109,116,124] [1,49,52,64,65,77,80,118] [30,35,59,74,97,98,112,121] [7,21,37,70,71,82,89,96] [28,47,50,97,100,104,116,124] [2,10,21,31,42,65,75,121] [6,27,36,58,75,80,88,107] [10,13,18,35,56,59,60,120] [7,11,15,17,18,45,80,83] [15,17,18,45,52,83,85,106] [2,7,21,36,37,65,74,123] [12,19,43,52,56,78,104,112] [0,6,45,65,72,88,113,121] [17,22,46,58,63,85,107,112] [29,30,38,39,80,84,88,105] [6,35,52,59,71,95,108,111]
Token  98: [23,28,30,62,111,124,125,126] [56,58,76,78,88,114,122,123] [9,15,47,62,73,119,126,127] [7,11,32,90,105,114,119,120] [22,34,39,47,86,91,104,121] [13,18,21,70,74,76,78,109] [8,52,63,71,79,86,110,111] [39,45,51,82,87,109,110,122] [3,24,26,29,46,51,116,118] [1,47,49,52,64,65,96,114] [0,9,26,42,53,74,112,122] [7,16,37,65,70,71,82,87] [5,41,77,85,100,104,116,120] [14,24,37,42,52,75,84,121] [6,24,28,62,75,76,88,91] [8,10,13,18,21,38,98,111] [17,20,45,73,83,87,100,123] [14,18,27,34,54,83,84,104] [8,52,56,63,71,75,79,110] [31,39,41,51,87,109,110,118] [24,26,46,51,103,116,118,124] [1,11,49,64,65,95,99,114] [26,35,42,53,74,77,98,112] [4,16,65,70,71,82,87,89] [37,41,50,75,77,85,116,120] [24,37,42,52,73,82,84,121] [8,22,24,27,28,62,75,91] [4,10,13,18,21,59,98,115] [6,17,20,45,73,83,87,123] [14,18,54,83,84,85,97,120] [8,52,56,63,71,75,79,110] [18,41,51,82,87,106,109,110] [3,15,24,46,51,103,116,118] [10,43,49,52,64,77,80,95] [0,59,74,77,97,98,112,120] [16,65,70,71,82,87,89,110] [28,50,56,97,100,116,120,124] [10,24,31,42,55,75,84,121] [22,27,28,36,62,88,91,107] [4,18,53,56,59,98,115,120] [17,20,45,65,80,83,87,123] [14,18,54,58,84,85,97,106] [2,8,28,32,36,65,75,101] [2,4,52,72,78,80,104,112] [13,26,54,71,72,82,113,121] [47,76,85,94,107,114,119,127] [17,45,52,67,74,84,102,103] [27,32,34,54,79,90,114,117]
Token  99: [61,66,69,73,80,97,101,120] [3,22,58,78,88,116,123,124] [9,15,24,25,47,68,73,119] [7,16,21,87,90,105,119,120] [22,39,43,47,48,91,104,124] [13,22,70,74,78,80,109,117] [8,30,52,56,71,79,98,110] [16,34,39,45,51,87,109,110] [24,29,39,46,51,83,116,118] [1,21,38,47,49,52,64,96] [9,23,42,53,59,74,112,121] [7,37,47,70,71,82,87,89] [5,56,68,77,85,104,116,120] [14,24,37,42,75,84,99,121] [9,13,28,36,58,62,88,96] [4,8,10,13,18,95,98,115] [17,20,43,45,73,78,83,123] [14,20,27,61,75,83,85,97] [8,30,52,56,63,71,75,79] [39,45,51,60,82,106,109,110] [15,28,46,51,57,103,116,118] [10,49,64,65,80,96,99,114] [30,42,53,74,86,98,112,114] [4,47,65,70,71,82,87,110] [28,47,56,77,85,104,116,120] [24,31,37,42,82,84,121,122] [8,9,11,13,28,62,88,90] [4,10,18,21,56,59,95,115] [17,20,43,45,73,83,87,123] [14,18,27,61,69,83,85,97] [8,30,34,42,52,63,71,79] [18,30,51,60,82,106,109,110] [36,39,46,51,67,103,116,118] [10,45,46,49,64,80,95,117] [30,53,59,74,77,86,98,112] [21,28,47,70,71,82,87,110] [28,56,68,97,104,116,120,124] [10,24,31,42,55,75,77,121] [11,28,36,62,88,96,107,118] [3,4,18,56,59,98,115,120] [17,20,36,43,80,87,121,123] [14,18,20,61,84,85,97,112] [2,28,32,36,65,66,75,101] [2,4,52,78,81,87,104,112] [6,13,44,54,71,72,82,121] [12,22,24,85,93,94,107,127] [17,44,52,67,68,84,98,103] [27,32,34,54,55,79,90,117]
Token 100: [14,18,22,29,57,61,66,106] [9,22,26,30,48,56,88,124] [15,47,59,68,72,90,92,122] [7,21,32,39,90,111,119,120] [43,47,48,63,67,89,104,121] [9,13,18,38,51,70,105,117] [27,63,86,87,96,100,109,127] [1,30,32,45,51,73,82,106] [28,46,67,93,101,103,109,116] [10,32,47,49,80,96,99,114] [23,30,56,74,86,103,110,112] [14,47,64,65,70,87,109,127] [9,25,56,68,104,116,120,125] [31,42,55,66,99,111,113,126] [8,16,36,52,88,96,105,115] [4,11,17,22,61,83,90,91] [12,43,45,78,83,113,115,119] [2,6,18,35,66,68,103,123] [8,30,34,52,63,75,86,89] [18,30,45,51,60,82,106,109] [15,35,44,46,93,101,103,105] [10,49,80,96,99,111,114,127] [13,18,30,39,86,94,103,112] [21,37,60,64,67,99,109,115] [9,26,34,56,60,74,104,116] [2,31,42,66,76,99,112,113] [8,88,90,99,105,107,110,115] [16,44,55,61,75,83,91,120] [1,12,45,65,78,83,115,119] [2,18,27,35,66,72,93,123] [12,30,34,52,63,75,104,127] [18,45,51,60,73,82,106,109] [9,15,37,46,61,101,103,109] [10,32,49,62,80,96,111,114] [7,13,18,30,98,103,110,112] [4,7,21,64,70,82,109,116] [2,9,32,42,47,74,92,125] [10,20,31,42,49,66,91,113] [11,16,36,88,96,105,107,118] [3,4,14,56,59,98,115,120] [12,17,43,80,87,115,119,123] [2,18,20,35,61,66,112,120] [5,16,18,27,36,93,102,123] [6,29,36,52,78,87,104,112] [6,20,48,68,72,81,82,121] [12,20,22,58,70,80,85,107] [8,52,60,98,102,115,117,127] [36,47,59,66,85,88,120,123]
Token 101: [7,23,28,57,87,89,97,125] [16,29,45,48,54,59,88,122] [15,24,25,47,72,76,109,127] [16,40,84,90,92,111,112,119] [27,47,48,81,95,104,105,119] [10,13,45,48,70,87,106,117] [8,30,53,63,71,98,104,118] [16,18,34,39,51,109,110,113] [15,18,20,26,46,103,111,116] [10,32,49,52,64,84,107,114] [22,36,53,74,109,110,111,112] [16,22,37,42,64,70,116,127] [5,25,26,38,56,85,104,116] [14,41,42,50,57,64,109,123] [13,16,18,36,47,73,88,107] [18,20,53,59,64,83,90,107] [6,17,29,77,83,87,91,110] [0,18,63,64,65,78,83,93] [8,30,34,52,53,63,71,75] [18,30,34,51,60,82,109,110] [15,26,27,35,46,103,116,124] [10,32,49,64,84,96,111,114] [22,37,53,86,97,109,110,112] [8,22,42,64,65,68,70,116] [0,1,26,38,78,85,101,116] [14,31,41,42,50,57,109,122] [13,16,18,47,60,61,88,90] [10,20,21,59,64,83,107,111] [6,17,23,29,44,77,87,110] [0,18,63,64,65,85,93,120] [12,30,52,53,63,71,75,118] [18,34,51,79,82,106,109,110] [15,20,27,46,67,101,116,124] [10,32,35,41,49,52,64,80] [23,95,97,98,109,110,111,112] [16,22,37,42,64,70,82,116] [0,17,25,26,38,85,103,116] [10,18,41,42,50,57,109,123] [18,36,47,60,75,88,107,111] [10,18,20,35,59,90,107,120] [6,17,23,29,44,77,108,110] [0,18,58,63,64,65,85,115] [8,20,36,49,59,75,90,126] [45,47,52,74,78,104,121,125] [6,13,23,26,80,82,110,121] [5,26,47,76,83,85,87,107] [1,10,45,84,96,102,103,124] [11,12,27,31,90,114,121,127]
Token 102: [2,21,22,51,61,103,120,125] [4,9,30,45,53,76,83,88] [47,54,68,100,103,116,125,127] [1,2,10,16,84,89,101,106] [47,48,86,102,104,105,109,111] [11,13,30,70,78,107,111,126] [8,30,42,44,52,71,98,110] [9,16,31,34,51,72,110,113] [15,26,27,46,99,111,116,124] [1,22,43,49,52,64,105,114] [0,26,53,74,103,112,115,123] [8,37,58,64,70,71,76,79] [26,36,56,69,85,97,104,116] [10,14,42,64,77,79,95,119] [24,34,75,81,88,99,101,115] [15,18,34,87,90,95,100,122] [17,34,45,58,65,83,103,108] [0,18,27,49,63,65,85,89] [44,52,53,63,71,75,79,110] [9,26,31,51,59,60,109,110] [9,15,26,46,57,116,118,124] [38,43,49,64,80,96,105,111] [0,22,26,30,53,98,103,112] [7,8,64,70,76,94,104,116] [26,56,78,97,104,108,111,116] [42,73,74,91,95,109,119,123] [8,18,24,81,88,90,91,101] [10,15,18,87,91,107,120,122] [7,17,34,45,65,77,83,108] [0,3,18,27,49,63,65,85] [12,27,44,52,56,63,71,75] [39,51,56,59,106,109,110,115] [3,15,38,46,101,116,118,124] [43,49,58,64,96,105,107,111] [0,22,26,30,98,103,112,115] [8,16,21,37,64,76,94,104] [7,26,38,50,77,97,111,116] [10,73,74,95,102,104,109,123] [6,18,81,88,90,101,107,111] [10,13,20,59,83,87,107,120] [17,27,34,65,70,77,87,108] [0,18,49,58,63,65,85,93] [20,24,37,66,69,75,80,126] [8,47,48,56,78,94,121,124] [6,11,25,26,80,82,110,121] [5,41,47,76,83,85,87,107] [1,10,20,37,62,84,102,103] [11,31,44,55,65,79,82,127]
Token 103: [43,44,45,65,66,72,73,98] [18,26,38,46,79,94,119,127] [38,47,84,88,93,109,113,127] [2,6,16,30,31,59,84,90] [7,47,76,81,104,106,115,124] [8,13,22,61,66,74,125,126] [8,30,52,56,71,83,105,107] [16,34,39,49,51,109,110,112] [15,26,46,65,84,103,116,121] [9,19,49,52,64,84,110,114] [39,53,56,61,98,105,112,122] [7,8,24,37,49,61,89,125] [15,56,65,78,96,99,104,116] [6,15,23,25,28,58,64,122] [17,20,48,88,90,100,104,115] [8,10,16,18,70,85,101,103] [8,17,30,39,45,73,83,124] [18,21,33,42,48,55,69,105] [8,52,53,63,71,78,83,105] [31,49,51,59,60,75,110,112] [3,9,46,65,84,103,116,121] [2,9,49,64,84,96,110,114] [53,56,61,78,81,98,105,112] [7,23,24,49,61,89,96,125] [15,50,56,65,73,96,97,99] [6,15,23,25,26,28,32,58] [17,20,48,86,90,100,104,115] [10,14,18,70,85,101,103,120] [8,17,39,45,65,73,81,124] [18,19,21,42,48,69,83,105] [8,12,34,52,63,71,83,105] [45,49,51,75,106,109,110,112] [3,46,65,84,101,103,116,121] [9,49,64,96,110,111,114,125] [30,53,56,61,78,98,105,112] [7,23,24,37,49,61,89,125] [15,50,56,65,74,96,97,99] [6,10,15,23,25,28,58,73] [17,20,48,86,90,100,104,107] [10,59,61,70,85,101,103,120] [8,17,45,65,73,81,83,124] [1,17,18,19,21,42,48,69] [31,32,36,64,74,80,114,115] [31,43,77,78,88,100,104,112] [0,6,39,53,73,90,107,121] [21,22,27,85,94,101,107,114] [11,34,38,52,84,97,102,103] [20,57,73,86,101,105,109,125]
Token 104: [14,21,50,57,74,103,106,110] [3,6,9,28,33,62,95,109] [41,47,74,84,90,100,122,125] [2,4,39,46,71,84,87,109] [7,23,43,50,56,63,89,100] [4,18,22,47,51,68,103,105] [8,52,63,86,87,89,108,112] [16,30,45,51,60,82,106,109] [36,46,67,99,101,103,109,116] [32,45,49,65,80,96,111,114] [23,30,39,53,83,103,112,123] [7,9,37,64,67,89,109,127] [9,24,56,74,97,104,114,116] [21,23,31,32,66,82,98,113] [8,16,71,73,88,90,105,115] [4,10,16,61,72,83,91,103] [12,17,55,73,78,83,115,119] [2,18,35,48,66,69,83,94] [8,30,34,52,63,71,75,86] [18,45,51,60,82,106,109,110] [15,35,36,44,46,101,103,109] [45,49,62,65,80,96,111,114] [13,18,30,39,53,103,112,123] [4,7,36,37,60,67,89,109] [9,20,56,60,74,97,104,116] [16,21,23,25,31,66,82,98] [8,16,88,90,105,107,110,115] [10,16,34,61,72,83,91,103] [12,17,45,55,78,83,115,119] [2,18,35,66,68,78,83,120] [8,30,34,52,63,75,86,127] [45,51,60,73,82,95,106,109] [15,36,44,46,95,101,103,109] [32,45,49,64,65,80,96,111] [13,30,39,66,98,103,112,123] [7,37,62,64,67,89,109,115] [2,9,24,42,74,104,114,116] [10,23,31,66,76,82,98,113] [7,8,16,36,88,90,105,107] [4,10,56,59,61,72,103,120] [12,17,43,55,83,87,115,119] [2,6,18,20,35,66,112,120] [16,18,27,36,71,80,93,102] [6,29,45,52,78,87,104,112] [6,20,48,68,72,81,82,121] [1,12,22,37,58,70,85,107] [52,60,80,98,102,103,115,127] [36,47,59,66,88,112,120,123]
Token 105: [23,28,41,62,77,87,100,125] [16,23,29,45,48,58,88,122] [15,23,25,47,76,109,125,127] [12,16,59,70,84,92,109,112] [27,47,48,50,56,77,81,104] [10,39,68,74,76,87,99,103] [8,34,52,53,56,63,71,89] [18,30,45,51,60,82,109,125] [15,20,26,36,46,101,103,116] [32,35,49,64,65,87,96,114] [13,26,30,53,103,109,111,112] [7,9,37,42,52,64,89,127] [18,26,56,74,97,104,114,116] [2,16,41,50,57,76,82,98] [8,13,16,36,47,88,90,107] [10,16,18,20,60,72,83,111] [17,55,60,83,87,91,110,115] [0,18,22,46,52,64,83,94] [8,27,34,52,53,63,71,75] [18,51,60,79,106,109,110,125] [3,15,29,36,37,46,101,116] [32,49,64,65,80,87,96,111] [30,32,53,74,103,109,111,112] [8,22,37,38,42,64,89,111] [0,9,26,52,74,97,104,116] [2,41,50,57,73,82,98,106] [8,11,16,47,60,88,90,107] [10,16,18,20,31,59,72,83] [17,45,55,60,83,108,110,115] [13,15,18,46,52,64,85,94] [8,30,34,52,53,63,71,75] [18,45,51,60,62,106,109,110] [3,15,20,29,36,46,101,103] [32,45,49,64,65,87,96,111] [30,39,53,98,103,109,111,112] [8,29,37,42,64,89,115,122] [0,9,19,25,26,74,97,116] [16,21,41,50,57,76,82,98] [8,36,47,60,80,88,90,102] [18,20,55,59,60,72,95,120] [15,17,44,45,55,60,83,110] [15,36,46,52,64,85,94,106] [7,24,32,49,73,77,90,125] [12,19,43,49,74,78,121,125] [6,13,23,45,72,88,99,121] [5,17,46,58,76,85,107,112] [29,30,39,81,84,96,103,105] [35,52,59,95,108,111,121,127]
Token 106: [16,53,70,101,104,107,118,120] [3,4,34,45,58,86,88,107] [9,14,15,47,87,103,116,127] [0,12,16,46,59,76,84,111] [23,25,47,48,56,100,104,118] [22,34,74,80,82,107,109,126] [8,30,42,52,56,63,71,98] [31,39,45,51,60,87,109,110] [15,26,36,46,64,99,103,116] [32,45,49,64,65,94,96,114] [14,26,29,53,74,83,112,116] [8,9,37,62,64,67,70,89] [9,33,52,53,56,97,104,116] [14,16,21,24,44,64,75,98] [8,13,36,47,73,79,80,88] [4,10,18,60,83,95,111,120] [7,17,40,45,48,60,83,91] [15,18,22,27,52,53,94,97] [8,30,42,52,63,71,75,112] [39,51,60,62,87,109,110,125] [3,15,36,37,46,101,103,116] [45,49,64,65,87,92,94,111] [14,29,30,53,74,98,112,116] [4,8,36,37,64,67,70,89] [9,50,53,56,74,97,104,116] [16,17,21,44,55,73,75,98] [8,11,28,79,80,88,90,110] [4,10,14,18,59,60,83,91] [7,17,40,60,73,83,87,115] [15,18,27,52,53,83,85,97] [8,25,34,53,63,71,75,86] [18,51,60,62,82,87,106,109] [3,15,29,37,46,64,101,103] [10,45,49,64,80,87,94,96] [2,29,30,74,86,98,112,116] [8,21,37,64,67,70,86,89] [9,50,53,56,74,97,104,116] [10,21,42,44,64,75,76,98] [8,11,34,36,79,80,88,107] [10,18,23,59,60,61,83,120] [7,15,17,40,45,60,83,87] [15,17,52,53,85,103,106,117] [7,24,32,37,59,73,123,125] [19,43,49,77,78,81,104,112] [6,32,37,45,54,72,80,121] [22,46,80,85,92,94,107,112] [17,38,39,80,82,84,105,124] [27,32,34,35,52,90,95,117]
Token 107: [0,2,3,28,62,97,111,126] [4,45,58,76,78,86,88,107] [14,15,24,47,87,103,119,125] [7,12,16,20,25,59,76,84] [39,47,48,74,81,91,118,124] [38,68,76,80,82,102,103,109] [8,34,52,56,63,71,98,108] [30,50,51,60,62,69,87,109] [15,24,26,29,46,51,103,116] [45,49,51,64,65,87,94,96] [14,19,29,39,53,74,83,112] [7,9,67,71,87,89,115,127] [9,53,56,74,77,97,104,116] [2,21,24,37,44,68,75,121] [13,28,36,62,73,86,88,104] [4,16,21,59,83,103,115,117] [17,20,40,48,73,83,115,123] [12,14,52,53,85,93,97,99] [8,30,34,52,53,63,71,75] [18,45,51,60,62,87,109,110] [15,24,29,37,46,51,103,116] [10,45,49,64,87,94,96,111] [14,25,29,35,53,74,98,112] [4,15,67,70,71,77,87,89] [9,39,53,56,77,97,104,120] [21,24,32,37,42,44,75,121] [9,11,28,62,88,107,110,118] [4,10,16,18,59,84,91,115] [17,20,73,83,87,104,115,123] [14,18,58,68,69,83,85,97] [8,34,42,53,63,71,75,79] [18,45,51,60,62,87,100,109] [15,24,29,39,46,51,101,103] [10,45,49,80,87,94,96,117] [53,74,86,98,101,112,116,120] [10,21,47,67,71,87,89,122] [9,39,53,56,77,97,104,124] [21,24,37,42,44,64,75,121] [9,11,28,62,88,107,110,118] [4,18,23,40,59,61,98,121] [17,20,45,73,80,83,115,123] [9,14,48,58,84,85,97,112] [28,31,32,36,65,68,75,101] [2,4,44,52,77,78,81,104] [6,13,27,32,54,80,113,121] [12,24,47,83,86,94,107,127] [10,17,44,45,52,67,74,84] [27,32,34,54,73,79,90,117]
Token 108: [9,31,61,69,70,81,92,93] [45,58,76,83,86,88,116,124] [7,9,14,24,32,47,117,119] [7,16,25,76,82,84,105,117] [0,11,39,47,91,100,111,118] [31,70,80,99,102,103,111,126] [3,34,63,71,86,89,104,121] [34,45,51,60,72,106,109,125] [5,28,39,46,51,67,101,103] [10,45,47,48,49,57,87,96] [14,23,29,39,74,83,112,118] [9,47,58,67,70,71,87,120] [9,25,68,70,71,74,104,120] [24,30,42,44,75,99,121,126] [11,28,36,73,96,104,118,121] [4,22,56,59,61,90,112,115] [20,42,73,83,87,115,121,123] [12,14,20,83,93,97,105,126] [8,9,34,63,71,75,79,89] [18,30,45,51,60,72,109,110] [5,15,28,29,37,46,51,103] [10,45,48,49,69,87,96,107] [7,14,29,53,74,86,116,118] [4,10,20,47,64,70,87,89] [9,39,56,68,70,104,115,120] [24,29,31,42,113,121,122,126] [8,9,11,28,62,96,110,121] [4,21,33,59,61,90,91,115] [20,51,73,87,104,115,121,123] [2,14,20,68,83,97,123,126] [8,13,14,34,42,63,75,86] [18,30,36,45,51,60,62,109] [5,28,29,39,51,61,103,127] [10,45,48,49,80,81,87,117] [2,14,32,74,86,101,116,118] [10,21,47,58,64,67,70,87] [9,39,56,68,70,104,120,124] [24,31,42,44,66,75,107,121] [11,28,57,62,96,110,118,121] [4,6,59,61,84,98,115,120] [14,20,78,80,83,115,121,123] [9,14,20,45,58,97,103,112] [2,3,22,32,65,75,101,123] [4,7,38,78,87,104,113,124] [6,27,54,71,72,81,104,121] [12,20,24,31,85,107,114,127] [18,52,67,74,92,100,103,110] [28,34,55,61,79,83,96,118]
Token 109: [4,57,66,89,101,103,106,110] [9,30,46,48,54,56,62,77] [7,15,41,47,72,90,122,125] [39,59,60,79,84,87,90,111] [11,26,47,63,77,86,105,118] [4,9,13,18,38,51,70,105] [3,58,63,65,89,104,120,127] [1,18,30,33,45,82,106,109] [28,35,51,53,83,93,103,109] [10,11,44,47,48,49,80,99] [14,19,23,25,56,74,83,100] [9,10,36,40,47,64,67,109] [9,25,41,54,68,104,120,125] [18,31,42,55,66,99,106,113] [11,16,36,52,96,105,115,121] [4,21,23,37,44,53,61,90] [12,14,33,78,83,105,115,119] [2,17,18,35,68,75,112,126] [14,30,34,42,52,63,75,123] [18,43,45,48,51,60,100,109] [5,15,28,35,61,93,103,109] [10,30,45,48,49,99,117,127] [2,14,85,103,111,116,123,127] [28,40,47,64,67,101,109,122] [9,26,56,63,70,104,120,124] [31,42,55,66,77,113,122,125] [16,23,35,57,99,103,105,110] [4,37,44,61,90,91,94,121] [11,12,53,78,87,115,119,127] [2,35,68,78,93,112,123,126] [22,34,42,52,63,75,86,127] [36,43,45,51,60,82,95,109] [5,15,61,95,103,104,109,127] [10,24,32,49,80,89,99,117] [2,25,76,80,85,86,110,116] [21,40,50,64,79,101,109,114] [9,32,39,62,68,115,120,125] [10,31,40,42,66,99,107,113] [11,16,57,96,105,110,118,121] [3,4,59,61,91,98,115,121] [12,14,43,51,53,115,119,127] [2,9,20,35,66,103,112,126] [3,16,18,27,93,102,109,123] [6,29,36,44,52,85,87,104] [6,20,27,30,48,72,81,121] [12,20,24,32,37,58,70,114] [52,55,60,61,98,115,117,127] [36,47,66,85,88,112,120,123]
Token 110: [7,23,28,73,87,112,118,125] [16,29,45,48,67,74,88,117] [4,36,47,59,72,76,87,125] [40,50,59,78,79,84,92,112] [8,27,32,38,47,70,105,118] [10,13,18,44,48,83,99,117] [3,23,34,86,89,104,118,127] [1,4,33,45,62,82,100,109] [20,35,55,70,93,95,103,127] [10,32,35,49,71,76,80,108] [2,25,47,109,111,112,116,118] [5,16,23,28,37,40,50,64] [9,25,32,38,39,43,114,123] [18,41,42,45,77,109,120,123] [11,16,47,53,57,96,99,110] [6,20,40,47,61,90,91,121] [14,26,29,53,77,78,110,115] [0,9,64,65,68,82,103,112] [22,34,54,65,75,86,89,118] [4,5,32,45,60,62,73,82] [15,20,44,93,95,100,103,127] [10,49,76,80,81,99,111,117] [2,23,25,41,47,109,110,111] [9,22,28,42,60,64,79,122] [0,9,25,32,38,43,74,78] [18,41,42,57,61,77,109,123] [16,18,47,53,57,73,99,110] [20,37,40,59,61,90,91,121] [14,26,29,78,80,83,110,115] [18,53,64,68,82,99,112,115] [3,22,34,75,86,89,112,118] [18,30,32,60,62,73,82,109] [15,20,22,41,93,95,103,127] [10,32,35,40,47,49,81,117] [2,6,23,47,95,109,111,116] [9,21,22,42,64,79,101,114] [0,9,25,32,39,101,103,115] [18,41,42,57,89,91,109,123] [3,11,16,47,60,73,91,110] [20,37,40,59,61,77,90,94] [6,14,29,44,77,78,80,110] [0,36,49,64,65,103,115,122] [8,49,59,66,68,71,80,90] [18,44,68,74,75,104,124,125] [6,23,27,39,42,82,104,107] [4,48,76,86,92,107,114,119] [17,33,43,54,96,97,110,120] [17,23,61,80,94,114,119,121]
Token 111: [22,31,53,68,69,70,81,107] [2,7,29,46,67,75,83,117] [47,59,87,100,114,117,123,125] [10,19,50,59,60,79,84,112] [11,38,47,91,105,111,114,118] [13,18,44,45,70,83,111,117] [34,58,63,75,86,89,104,127] [1,18,30,33,45,82,100,109] [26,28,29,35,51,56,103,105] [10,43,48,49,57,80,87,99] [14,19,23,47,56,74,83,116] [9,10,13,22,47,64,70,102] [9,25,39,68,71,78,104,120] [18,24,42,55,63,107,121,126] [11,13,28,73,84,86,96,123] [4,21,38,47,61,75,90,115] [1,20,42,51,53,78,115,121] [3,14,68,75,93,97,115,126] [9,34,63,71,75,86,118,127] [18,30,32,45,51,60,62,109] [5,15,27,28,51,67,93,103] [10,30,32,43,48,49,106,117] [2,6,14,23,74,109,111,116] [10,13,40,47,50,64,70,102] [9,39,70,76,78,92,115,120] [24,31,42,55,77,113,121,126] [11,28,84,91,96,103,110,118] [4,21,59,61,64,90,91,115] [14,20,53,87,91,115,121,127] [14,27,68,97,115,123,124,126] [3,13,22,34,63,86,104,112] [5,18,32,45,60,82,95,109] [18,28,29,48,100,103,104,127] [10,43,46,48,49,66,80,81] [2,6,14,25,75,85,115,116] [10,13,21,40,47,50,79,102] [6,9,28,39,62,68,115,120] [10,24,40,42,55,107,121,125] [3,11,28,57,84,96,110,118] [3,4,37,40,59,61,94,115] [14,20,57,78,80,101,115,121] [6,9,14,45,68,97,112,126] [3,16,41,65,68,71,101,109] [4,6,26,36,44,68,69,104] [27,54,71,72,83,101,104,119] [4,12,20,24,31,107,114,127] [18,35,52,67,92,102,110,127] [0,28,34,55,61,79,83,117]
Token 112: [0,57,89,101,103,106,110,127] [24,40,46,48,75,92,109,117] [41,47,59,90,114,122,123,125] [10,50,56,79,80,84,109,127] [7,38,61,63,105,111,113,118] [13,18,32,45,51,79,97,105] [23,54,63,65,86,89,104,127] [1,4,5,32,33,45,82,100] [28,35,83,100,103,107,108,127] [10,32,48,49,66,76,80,81] [2,14,19,23,25,80,83,85] [11,13,40,47,52,65,67,109] [9,25,34,41,43,68,104,120] [18,42,55,66,106,107,113,127] [3,11,16,23,96,99,105,110] [4,6,17,38,40,61,90,121] [1,9,14,33,78,102,115,119] [2,9,17,35,66,103,112,121] [10,14,22,23,52,85,86,100] [1,32,43,45,48,51,60,89] [15,44,61,95,100,103,105,127] [1,10,49,71,89,99,103,127] [2,18,25,52,64,85,119,123] [9,29,60,67,79,105,109,122] [9,32,34,63,74,76,87,104] [2,40,55,66,71,101,106,113] [8,23,34,57,95,99,110,115] [1,16,17,61,69,90,94,121] [14,30,53,75,78,102,115,119] [2,9,35,53,72,93,112,126] [22,23,34,36,65,85,86,127] [1,4,5,32,45,60,82,121] [9,15,44,61,95,100,103,127] [10,49,66,71,80,99,111,117] [2,13,18,25,29,85,94,103] [4,21,29,50,60,79,109,115] [2,9,32,42,47,74,78,92] [10,20,66,71,89,106,113,125] [11,16,57,83,87,96,105,110] [4,37,40,50,59,61,94,115] [4,12,14,51,53,98,115,119] [2,6,9,35,66,103,124,126] [3,16,18,27,71,80,93,102] [6,29,36,44,55,68,104,120] [6,27,48,68,72,81,83,104] [4,12,20,24,37,114,117,119] [19,52,55,60,98,100,117,127] [7,26,28,36,61,66,83,120]
Token 113: [23,28,30,50,87,91,105,112] [16,29,48,68,74,88,90,122] [4,6,36,44,64,76,125,126] [35,70,78,84,92,95,109,112] [10,11,27,38,51,57,113,118] [4,5,10,18,21,48,75,99] [22,23,86,89,97,100,104,118] [1,4,5,13,32,45,82,108] [20,35,47,67,76,100,108,127] [10,32,35,49,66,71,76,97] [2,25,80,85,91,95,109,111] [16,22,28,40,42,60,65,116] [0,9,25,27,32,34,46,103] [18,41,42,45,57,91,109,123] [16,23,38,44,57,60,99,102] [20,38,40,61,77,90,91,121] [14,24,26,30,77,78,110,115] [0,9,36,64,65,68,82,112] [22,23,34,65,77,86,89,118] [1,2,4,5,32,45,61,82] [20,44,61,95,100,103,108,127] [0,10,35,40,49,66,71,81] [2,23,25,85,95,109,111,124] [9,16,22,28,42,60,79,101] [0,9,25,32,34,38,43,103] [18,41,45,57,71,77,109,123] [16,23,57,60,73,83,102,110] [20,37,40,61,90,91,121,126] [14,26,53,77,78,91,110,115] [0,9,64,65,68,69,112,122] [3,22,23,34,42,86,112,118] [1,2,4,33,45,60,67,82] [15,20,61,95,100,103,104,127] [10,24,32,35,40,47,49,71] [6,23,25,85,95,109,111,119] [9,21,22,29,42,79,97,101] [0,6,9,25,38,39,62,103] [10,18,41,57,77,109,123,125] [3,11,18,23,52,60,102,110] [20,53,55,60,61,90,94,107] [44,45,55,83,108,109,110,115] [0,17,36,54,64,85,103,115] [24,31,49,59,68,74,90,126] [19,43,44,49,56,104,121,125] [11,13,23,27,37,45,73,110] [4,5,16,24,76,92,107,119] [33,35,82,84,96,97,105,124] [11,31,52,61,83,90,121,127]
Token 114: [2,18,80,84,89,92,103,120] [2,3,31,58,66,83,85,122] [10,36,47,67,72,100,116,122] [10,23,50,64,67,84,89,123] [10,11,19,38,43,91,105,113] [4,13,18,21,70,75,107,111] [8,14,34,43,63,65,86,89] [1,33,45,60,82,95,100,109] [28,35,55,61,93,103,109,127] [10,30,43,48,49,66,99,117] [6,19,23,56,85,100,123,127] [10,28,40,47,52,70,79,122] [9,23,25,39,53,68,104,120] [18,42,55,77,79,95,111,121] [11,16,28,73,79,80,83,118] [4,37,38,47,51,60,61,90] [11,15,20,42,55,60,78,115] [15,45,52,68,69,97,112,122] [14,34,52,55,65,75,86,112] [18,43,45,51,60,95,100,109] [5,15,35,61,64,93,103,109] [10,30,32,43,49,99,106,127] [2,6,14,23,25,85,100,111] [4,10,47,70,79,86,101,122] [9,39,53,56,68,76,104,120] [42,55,77,79,91,95,121,125] [11,28,79,80,83,99,103,110] [2,4,44,55,59,60,90,94] [9,11,15,55,60,87,91,115] [15,46,52,69,97,123,124,125] [3,13,22,34,42,75,100,127] [43,45,51,60,89,95,100,109] [5,29,39,44,61,64,103,109] [0,10,43,49,81,89,103,124] [6,25,52,85,107,108,119,123] [21,29,67,79,86,101,115,122] [6,9,34,39,53,61,63,115] [2,10,21,40,71,77,79,95] [11,23,37,52,57,79,80,110] [6,55,59,60,61,90,94,95] [9,14,15,45,55,60,78,102] [9,15,17,46,52,69,106,112] [22,24,31,37,59,68,73,125] [12,19,43,44,49,56,77,104] [27,37,45,73,83,88,99,104] [17,24,36,46,58,112,119,127] [29,30,39,46,81,84,97,105] [0,6,35,52,79,95,108,111]
Token 115: [16,53,89,92,93,104,107,111] [3,34,56,76,104,107,116,124] [10,14,36,62,72,87,100,116] [10,25,50,64,76,84,87,123] [10,22,23,38,65,105,113,118] [4,18,21,22,45,80,107,111] [14,43,63,86,89,97,100,127] [1,5,45,56,60,87,95,100] [35,55,64,67,83,95,100,103] [10,14,43,49,76,80,89,94] [6,14,23,42,56,67,108,121] [9,11,40,47,52,62,79,106] [9,25,34,53,68,71,104,120] [2,18,75,77,79,87,95,97] [11,29,71,73,79,80,83,110] [4,6,17,37,38,60,61,90] [7,14,26,40,78,83,102,115] [15,17,53,68,75,103,112,123] [34,52,55,63,75,86,100,118] [1,45,48,51,82,87,100,109] [5,15,44,95,101,103,105,122] [0,10,49,62,80,94,96,103] [2,13,18,23,30,83,103,108] [4,9,21,29,36,79,101,115] [9,28,34,39,53,74,87,104] [2,42,71,75,95,99,106,112] [3,7,8,11,23,80,99,110] [16,17,55,69,83,91,94,95] [7,14,40,78,83,102,114,115] [15,17,53,68,72,103,104,123] [10,42,52,56,63,85,112,123] [43,45,48,51,60,87,95,109] [9,15,44,64,95,101,103,122] [10,49,62,94,96,99,103,127] [6,7,13,18,30,39,52,108] [4,8,21,29,79,101,114,115] [4,9,39,42,53,63,74,92] [10,20,44,75,76,89,91,95] [7,11,23,37,79,80,83,110] [16,17,50,59,60,61,90,94] [7,14,15,40,60,80,83,102] [15,52,53,85,103,106,117,124] [22,24,30,37,59,68,73,125] [7,43,44,49,56,81,104,124] [19,27,37,45,54,72,80,104] [16,21,46,85,92,112,121,127] [22,39,46,82,84,102,105,124] [19,27,35,52,61,90,95,108]
Token 116: [0,13,63,83,97,101,111,118] [3,34,76,107,116,123,124,126] [8,9,14,47,54,62,72,120] [1,10,16,46,51,76,84,123] [10,13,22,23,52,70,81,105] [4,16,18,34,58,80,107,111] [14,34,85,86,89,97,100,127] [43,45,60,87,89,95,100,109] [27,35,39,55,64,95,103,127] [10,24,43,49,71,89,94,127] [2,33,40,67,85,100,108,119] [19,28,40,47,75,79,86,122] [9,25,32,53,63,76,104,123] [18,75,77,89,91,95,102,111] [8,11,23,39,52,79,80,99] [37,38,53,55,61,69,87,90] [7,33,40,45,78,102,115,127] [15,17,18,53,85,106,112,117] [34,42,55,75,85,86,118,123] [18,26,43,45,51,95,100,109] [5,35,39,44,64,95,103,127] [0,10,33,47,49,94,103,127] [2,18,23,33,40,43,108,120] [9,22,50,79,86,101,114,122] [9,28,34,39,53,76,104,123] [18,63,71,77,89,91,95,102] [11,23,37,52,73,99,110,111] [6,55,60,61,69,87,91,94] [7,9,33,40,91,100,115,127] [6,52,53,68,103,117,122,124] [3,34,42,55,75,85,89,112] [36,43,45,51,89,95,109,116] [5,18,44,48,64,91,103,104] [0,10,15,33,47,81,89,94] [6,18,23,33,39,52,108,119] [9,21,29,79,86,101,114,115] [9,25,39,43,49,53,115,123] [40,44,71,75,89,95,102,125] [11,23,37,50,57,80,99,110] [16,50,55,59,60,87,94,118] [7,14,15,33,40,60,78,115] [9,15,52,53,85,103,106,124] [24,30,37,59,68,73,109,125] [41,44,45,46,56,104,112,120] [6,12,26,27,34,37,83,104] [4,24,36,37,53,92,104,117] [39,44,82,84,105,116,124,127] [0,19,27,35,52,90,95,99]
Token 117: [17,18,62,63,67,77,91,105] [7,13,22,99,107,113,114,123] [8,54,56,70,72,118,121,125] [1,16,46,73,76,77,105,119] [10,11,22,51,74,87,105,116] [4,18,34,56,58,80,99,103] [23,28,55,86,89,97,100,118] [1,4,33,43,45,73,82,89] [4,55,64,80,91,95,103,127] [33,71,76,80,89,94,102,127] [18,40,41,52,95,101,108,119] [11,16,21,29,50,62,79,86] [9,25,34,43,71,96,102,123] [18,40,65,71,75,77,95,102] [3,11,23,39,57,64,77,111] [6,17,38,55,60,61,87,94] [14,33,40,48,78,83,109,115] [1,9,15,17,92,103,105,122] [10,22,23,34,55,64,86,118] [1,4,33,36,45,82,89,100] [4,44,55,80,91,95,103,104] [0,10,33,35,47,49,89,127] [2,18,23,33,52,95,108,119] [9,16,22,50,79,97,101,114] [9,25,32,34,38,43,76,123] [18,71,77,89,95,102,109,123] [57,59,64,71,73,102,110,111] [6,55,61,77,87,91,94,121] [14,33,40,78,83,91,109,115] [9,17,53,68,106,112,122,124] [10,22,23,34,55,104,112,118] [1,4,33,36,43,45,51,89] [4,44,64,80,91,100,103,127] [0,15,33,49,76,89,94,96] [6,23,25,33,41,52,95,119] [9,21,22,29,71,86,101,114] [9,25,39,43,53,87,103,123] [18,40,44,75,89,91,95,102] [11,23,37,64,73,80,82,87] [6,17,46,50,60,77,87,94] [14,15,33,40,46,100,109,115] [6,15,52,53,85,103,106,124] [3,24,30,37,59,68,73,86] [16,41,44,52,56,94,112,120] [5,13,27,34,37,45,83,104] [4,12,24,46,92,104,112,119] [39,80,82,84,102,105,122,124] [19,27,35,52,90,95,99,108]
Token 118: [3,12,29,51,62,67,77,126] [11,25,52,67,78,113,115,122] [15,24,36,72,73,118,119,121] [1,11,67,76,78,79,119,121] [10,39,47,51,74,105,113,116] [4,18,48,55,58,80,99,116] [22,23,55,86,89,97,100,118] [1,4,43,45,73,87,89,100] [24,27,44,55,91,95,103,127] [15,24,71,76,89,94,102,127] [25,29,52,91,95,108,119,120] [16,29,52,68,79,86,101,105] [9,25,27,38,43,53,76,123] [18,24,40,75,77,95,109,123] [3,11,23,39,57,62,99,111] [6,38,40,55,61,90,94,121] [14,29,33,40,78,83,111,115] [0,1,9,17,84,106,112,122] [10,22,34,42,55,75,86,118] [4,33,43,45,48,51,89,100] [27,44,55,80,95,103,105,122] [1,10,35,47,89,94,99,127] [18,23,25,52,95,119,120,124] [9,16,22,68,79,101,105,114] [0,9,25,34,38,39,87,123] [18,24,57,71,77,89,95,109] [11,37,59,60,62,71,73,110] [6,16,17,21,55,61,77,94] [9,14,29,33,77,78,111,115] [0,9,17,65,84,85,122,124] [10,22,34,42,55,75,112,118] [43,45,48,51,60,66,89,116] [5,24,27,44,64,103,104,108] [0,10,15,40,47,76,89,94] [6,23,33,95,108,119,120,124] [9,21,28,29,68,86,97,114] [9,25,38,39,43,53,103,123] [18,24,40,89,95,102,109,123] [11,18,23,37,57,59,62,111] [20,40,46,61,87,94,107,121] [14,29,33,44,77,102,111,127] [0,9,53,63,65,84,85,124] [3,20,24,30,55,68,75,126] [2,8,16,44,47,56,104,121] [6,13,27,34,80,83,84,110] [5,12,24,47,83,107,117,119] [1,10,45,55,74,96,102,123] [11,27,31,54,82,90,119,127]
Token 119: [22,24,61,63,71,81,93,107] [20,39,83,91,106,113,115,116] [14,24,56,72,87,116,117,121] [1,11,26,67,76,109,119,121] [10,39,47,91,105,111,118,127] [4,58,80,94,99,106,111,116] [10,28,75,85,86,89,97,100] [1,43,45,51,60,89,95,100] [27,39,50,55,64,91,103,127] [0,15,24,43,48,71,89,127] [6,14,23,52,101,108,119,122] [11,13,21,29,47,58,79,86] [9,25,27,43,53,69,120,123] [18,24,55,75,77,79,95,121] [3,11,23,28,63,83,110,111] [4,6,38,55,60,61,90,98] [4,20,33,40,42,48,115,121] [1,45,53,68,97,99,122,124] [10,34,42,55,75,86,112,118] [26,43,45,56,60,72,95,100] [5,27,44,53,64,103,104,127] [0,10,43,48,49,89,94,127] [2,6,14,23,29,40,119,120] [4,11,36,58,79,92,101,110] [9,39,43,53,69,70,120,123] [24,55,71,77,89,91,95,121] [11,28,37,59,77,83,99,110] [21,50,61,73,88,94,98,118] [4,14,26,33,40,91,100,115] [13,22,37,53,97,99,124,126] [3,13,22,25,36,75,89,125] [4,43,56,60,67,89,115,125] [5,18,27,64,76,91,100,104] [0,15,21,43,66,81,89,115] [2,14,29,32,40,91,119,120] [11,13,21,58,71,86,101,110] [27,32,39,43,70,78,115,122] [79,89,91,95,106,107,121,125] [3,11,28,37,49,57,59,118] [4,40,50,61,73,87,94,115] [4,14,20,24,33,40,91,121] [6,9,45,53,85,97,103,124] [3,16,30,59,68,71,73,101] [4,7,36,44,68,81,104,120] [27,37,39,54,69,71,83,104] [4,12,20,24,114,117,119,127] [18,19,44,55,60,67,102,127] [0,27,32,34,55,61,104,117]
Token 120: [0,27,48,49,50,70,106,110] [39,46,91,99,113,115,116,126] [7,36,45,72,74,92,114,122] [23,26,67,76,78,79,94,114] [38,43,70,100,105,110,113,118] [4,5,18,51,55,58,93,105] [14,22,54,63,86,89,97,127] [1,4,43,45,56,67,82,100] [2,76,91,100,103,104,113,127] [14,49,66,71,76,80,81,89] [2,14,25,78,91,94,98,119] [21,28,29,40,60,65,101,125] [2,9,27,32,34,43,115,123] [10,12,18,40,65,66,89,106] [3,23,38,39,57,99,111,115] [3,4,6,17,40,61,94,121] [9,14,26,30,78,83,102,115] [1,9,18,35,77,82,103,112] [22,23,63,65,86,87,89,104] [1,4,32,45,48,51,82,100] [44,61,67,95,101,103,105,123] [0,49,76,80,81,92,96,111] [13,18,25,30,52,83,94,103] [9,21,22,65,67,96,99,115] [2,9,34,42,46,74,87,104] [20,42,71,92,99,101,106,112] [8,23,57,86,99,107,110,115] [16,17,32,55,61,75,91,94] [1,4,14,53,78,102,103,115] [9,18,27,66,72,93,104,112] [10,23,30,34,52,56,63,100] [1,3,45,48,51,60,82,95] [9,15,44,95,101,103,116,123] [49,65,80,96,99,103,117,123] [7,18,25,30,35,39,52,103] [4,7,29,78,94,96,115,121] [2,9,39,42,74,87,92,108] [10,12,20,40,71,101,104,112] [15,23,49,57,87,105,115,125] [11,17,32,50,61,75,89,125] [1,4,14,33,42,51,78,107] [13,34,39,59,88,105,124,126] [17,30,43,56,69,98,111,114] [5,6,36,46,68,80,96,120] [5,6,11,25,27,48,69,83] [4,12,20,24,37,53,114,117] [44,52,55,60,98,102,117,127] [3,26,36,42,66,83,104,120]
Token 121: [22,23,28,30,50,87,105,112] [29,48,67,68,85,90,116,122] [6,36,56,64,72,76,118,126] [35,37,76,78,79,94,95,109] [11,38,51,70,105,107,113,119] [4,5,18,48,56,58,99,116] [22,23,86,89,97,104,118,125] [1,4,13,45,58,67,73,82] [2,18,20,33,97,100,103,127] [0,35,41,66,71,89,97,127] [2,25,41,45,80,109,111,119] [0,16,22,33,42,75,101,126] [9,25,27,32,38,43,103,123] [12,18,40,41,57,71,109,123] [18,23,37,39,57,60,77,99] [6,40,61,73,77,91,94,121] [14,26,33,77,78,101,109,115] [0,6,9,65,68,82,112,122] [22,23,34,63,86,89,104,118] [1,4,26,32,45,67,73,100] [2,18,20,44,95,100,103,127] [0,1,35,49,66,89,102,127] [2,23,25,52,64,95,109,119] [16,22,29,33,42,78,101,114] [0,9,32,34,38,43,102,123] [12,18,40,57,71,91,109,123] [18,23,59,60,81,99,110,111] [2,20,55,61,77,94,121,126] [14,26,29,33,44,77,78,102] [0,6,9,63,64,65,68,122] [3,22,34,42,85,104,112,118] [33,43,45,51,60,89,100,109] [2,18,20,27,44,48,101,103] [10,35,40,41,47,49,89,96] [2,6,23,33,95,119,124,127] [9,21,22,29,42,97,101,114] [0,2,9,25,38,39,56,123] [10,12,18,41,57,95,109,123] [3,11,18,37,57,60,110,111] [20,59,61,90,94,107,120,121] [29,33,44,77,80,108,114,127] [0,9,11,63,64,65,85,122] [16,20,24,49,59,68,75,126] [8,44,47,56,78,104,121,125] [6,13,23,27,80,104,110,121] [5,12,24,47,76,83,87,107] [1,10,45,82,96,102,123,124] [11,12,27,31,44,82,90,127]
Token 122: [12,21,41,61,77,93,116,120] [22,26,53,76,83,89,115,116] [8,15,47,65,69,116,117,121] [16,64,67,76,87,89,94,106] [7,70,76,79,96,111,113,118] [2,4,8,13,58,103,111,125] [8,28,55,56,75,86,105,125] [43,45,49,72,82,89,95,100] [27,35,84,95,99,103,121,127] [9,10,14,43,89,110,117,127] [2,14,56,61,105,108,119,123] [13,19,21,29,49,58,61,79] [9,15,25,32,56,69,104,123] [18,28,40,55,77,95,111,125] [3,11,23,28,48,57,90,111] [6,10,37,38,55,69,85,90] [33,39,73,78,111,115,121,124] [19,45,61,69,72,103,112,117] [8,34,52,55,65,75,100,105] [1,32,43,45,49,51,100,109] [15,27,35,84,95,99,103,121] [9,10,49,99,103,110,125,127] [2,18,23,25,61,105,122,123] [9,13,22,24,49,58,61,114] [9,15,34,39,56,69,99,104] [15,28,55,58,91,95,122,125] [11,19,23,48,90,92,110,111] [2,16,17,21,69,83,87,90] [29,73,78,82,111,115,121,124] [1,53,61,65,68,72,93,118] [30,34,42,55,63,75,105,123] [18,45,49,51,60,72,95,109] [15,27,48,84,99,101,103,121] [9,10,43,49,80,96,105,110] [14,30,33,40,61,86,105,123] [13,24,49,58,61,76,79,114] [9,15,36,39,56,69,99,123] [24,25,52,61,79,89,95,102] [3,62,82,84,88,92,101,111] [25,32,34,59,83,87,100,120] [4,17,33,35,73,78,111,115] [45,51,53,61,85,93,103,120] [28,30,32,63,66,75,114,116] [2,7,16,30,75,92,94,96] [9,29,30,35,42,82,104,113] [16,29,41,86,94,107,117,127] [33,37,46,74,96,97,103,122] [0,39,42,54,61,79,114,119]
Token 123: [5,11,24,81,84,93,101,118] [19,23,41,45,53,58,83,116] [15,24,47,69,116,117,118,125] [1,9,16,26,56,64,84,106] [47,76,79,91,105,111,118,119] [2,47,56,58,82,99,103,111] [8,10,28,34,47,75,89,125] [39,43,45,51,72,82,95,100] [27,44,91,95,99,101,103,127] [10,14,43,48,49,89,96,117] [14,23,25,39,40,108,119,123] [5,9,13,21,47,52,58,79] [25,36,43,60,69,104,120,123] [24,25,55,64,77,79,95,121] [3,11,28,57,73,96,101,111] [4,6,16,34,38,55,90,94] [20,33,43,78,83,91,93,121] [14,45,61,68,72,85,97,103] [3,8,34,42,52,63,75,86] [39,45,51,60,72,95,100,109] [5,15,27,95,99,101,103,116] [10,14,43,48,49,80,96,99] [14,30,40,53,86,103,108,123] [13,21,36,47,58,75,79,101] [9,36,39,56,68,69,104,120] [25,29,31,55,77,79,95,121] [11,19,28,88,91,101,107,110] [4,10,12,16,34,59,83,100] [17,20,26,43,73,83,115,121] [6,14,45,61,68,85,97,120] [8,13,34,52,63,71,75,89] [18,39,45,51,72,82,106,109] [15,28,29,46,95,99,101,103] [10,43,48,49,80,96,105,114] [6,13,14,29,30,40,112,123] [13,21,37,47,58,64,79,111] [36,39,60,68,69,104,116,120] [10,25,55,64,77,79,107,121] [11,28,62,84,88,107,115,118] [3,4,18,34,59,100,115,120] [17,20,43,73,80,83,115,121] [1,14,45,51,61,83,97,120] [5,36,38,65,71,101,115,119] [4,6,45,68,78,87,104,108] [6,71,72,82,104,107,113,121] [12,20,24,85,107,114,117,127] [18,67,70,92,97,102,103,110] [0,28,34,55,61,79,83,119]
Token 124: [22,47,51,57,103,106,110,118] [9,20,25,37,39,44,48,115] [15,36,41,59,69,90,122,125] [9,20,26,51,78,90,106,109] [11,43,51,63,77,111,113,127] [4,18,51,56,99,103,105,108] [3,22,28,63,89,104,112,121] [1,30,32,45,73,82,100,106] [28,67,95,97,99,101,103,124] [10,32,48,49,76,80,89,96] [13,19,23,30,40,56,103,123] [9,13,31,58,64,65,109,111] [20,25,36,60,68,92,104,120] [18,25,31,55,66,79,106,113] [11,16,71,73,88,96,105,115] [4,16,34,38,44,83,91,120] [12,43,78,80,83,87,115,119] [1,2,18,35,66,75,83,123] [8,34,52,63,71,75,86,104] [18,32,45,51,60,82,106,109] [15,44,45,46,67,101,103,123] [10,49,58,80,87,96,111,114] [13,18,29,30,32,84,94,103] [22,28,36,64,75,94,99,100] [2,9,26,36,74,104,113,120] [20,31,55,66,89,106,112,113] [16,19,88,90,105,107,110,115] [12,16,34,59,75,83,91,120] [1,12,17,80,83,103,115,119] [2,18,27,35,66,83,93,120] [3,34,44,52,63,71,75,104] [18,45,56,73,82,106,109,110] [3,15,28,37,46,99,101,116] [32,43,49,64,80,96,105,111] [13,14,29,30,40,103,112,123] [13,21,37,64,79,94,96,109] [2,36,50,62,68,69,74,120] [10,25,31,55,66,99,107,113] [11,16,84,88,96,101,105,118] [3,4,34,59,98,100,115,120] [12,17,43,80,83,87,115,119] [2,6,20,35,61,66,83,120] [5,18,27,38,93,102,115,123] [6,29,36,45,78,87,104,112] [6,20,48,61,68,72,81,121] [12,20,22,37,70,80,85,107] [52,55,60,61,98,102,115,127] [36,47,59,66,88,112,120,123]
Token 125: [2,7,21,28,29,97,119,126] [11,16,45,48,74,75,88,122] [7,8,47,65,72,90,121,125] [9,16,20,37,77,84,90,119] [10,11,47,61,65,87,100,104] [46,56,70,76,103,105,108,114] [3,26,39,43,46,55,63,75] [18,30,39,51,73,106,109,125] [4,15,46,67,80,101,103,111] [14,32,49,57,59,80,89,96] [9,13,19,30,40,103,112,115] [21,31,50,64,79,94,109,111] [20,25,36,54,60,71,104,125] [18,25,49,55,64,79,102,113] [11,16,62,73,88,96,107,125] [4,12,16,38,59,83,91,120] [17,43,51,80,83,100,111,119] [2,27,35,66,75,83,122,123] [8,34,53,55,63,71,75,112] [18,39,51,60,82,106,109,110] [3,4,15,26,37,46,101,103] [10,32,43,49,64,80,96,111] [6,23,30,40,53,103,112,115] [13,36,50,64,79,94,109,111] [20,26,36,39,54,74,104,125] [18,25,31,55,79,102,113,126] [11,16,19,62,88,91,96,107] [4,12,16,59,83,91,115,120] [17,51,80,83,87,111,115,119] [2,18,22,24,35,66,83,120] [3,13,53,55,63,71,75,104] [18,24,79,82,100,106,109,115] [3,4,15,29,37,46,101,111] [32,49,64,80,87,96,111,114] [30,32,33,40,58,103,112,115] [8,21,37,50,64,68,94,109] [26,28,36,50,54,74,113,125] [10,31,64,66,91,102,113,127] [11,62,64,84,88,96,110,118] [3,4,37,46,59,98,100,120] [13,43,51,80,83,111,115,119] [2,6,30,35,66,83,120,126] [5,18,27,38,86,98,102,115] [6,16,29,36,45,78,87,104] [6,13,20,27,48,68,72,121] [12,20,22,37,70,80,85,107] [52,55,80,98,102,115,117,127] [26,36,47,59,66,88,120,123]
Token 126: [19,28,62,87,95,112,125,127] [16,29,45,59,77,88,117,122] [44,47,56,76,92,106,109,125] [16,20,46,70,79,84,92,111] [10,11,26,27,47,81,93,114] [4,10,56,76,87,103,108,122] [3,8,34,63,75,86,104,118] [39,45,51,73,82,88,106,109] [15,20,46,67,95,101,103,111] [10,25,35,41,49,80,96,114] [13,26,30,40,56,103,109,112] [16,21,29,37,42,64,94,111] [2,7,36,43,56,74,104,116] [1,10,18,25,41,57,106,123] [3,11,18,47,81,88,102,107] [16,20,38,59,83,91,107,120] [42,77,78,80,83,87,108,115] [0,1,18,64,83,99,103,123] [8,34,52,63,71,75,86,118] [18,51,60,62,73,106,109,110] [15,20,26,44,46,101,103,116] [10,41,49,58,80,96,111,114] [13,23,30,40,53,103,109,112] [16,22,37,42,64,79,94,111] [0,2,7,26,36,56,74,97] [2,18,25,41,57,106,109,123] [18,47,60,81,88,102,107,110] [10,12,16,20,44,83,107,120] [17,26,34,44,77,83,108,110] [0,18,54,64,65,68,120,123] [8,34,52,56,63,71,75,118] [39,51,60,73,82,106,109,110] [15,20,37,44,46,101,103,116] [10,35,41,49,80,96,111,114] [23,30,34,40,95,103,109,112] [9,21,22,37,42,55,64,97] [0,7,18,19,25,38,56,116] [1,18,25,41,57,91,109,123] [3,18,19,47,60,81,102,107] [16,20,21,40,59,83,107,120] [6,29,34,44,77,80,108,110] [0,54,63,64,65,89,120,122] [20,24,30,49,67,70,90,126] [7,47,78,80,94,108,121,125] [6,11,23,72,82,110,114,121] [5,26,47,76,83,87,107,110] [1,20,37,48,62,96,103,123] [11,12,14,31,44,82,121,127]
Token 127: [18,43,44,45,65,72,73,98] [18,26,33,38,94,116,119,127] [18,38,47,57,84,88,103,113] [6,16,23,31,71,84,89,109] [7,76,81,85,86,106,115,124] [8,22,58,61,64,66,103,125] [8,34,52,56,83,105,107,112] [43,45,49,51,60,75,109,112] [9,26,35,65,84,103,116,121] [9,10,19,49,64,110,117,125] [2,53,56,61,78,98,105,112] [7,21,24,49,61,96,125,127] [9,15,56,74,96,97,99,104] [6,15,18,23,28,42,58,64] [11,17,19,20,48,88,90,104] [10,21,38,53,70,85,101,103] [8,17,33,39,73,83,87,124] [19,21,33,42,48,69,99,105] [8,34,53,56,71,75,83,105] [18,39,43,49,51,60,109,112] [26,35,46,65,84,103,116,121] [9,10,49,64,96,110,117,125] [23,30,53,56,61,86,98,105] [7,11,21,23,24,49,61,125] [9,15,49,56,65,96,99,104] [6,15,19,23,28,58,64,122] [11,17,20,48,90,100,104,110] [10,18,21,59,70,85,101,103] [8,17,26,73,81,83,87,124] [19,21,33,42,48,69,78,105] [8,34,53,63,71,75,83,105] [18,30,49,51,106,109,110,112] [26,46,65,84,101,103,116,121] [9,10,49,64,96,110,114,125] [39,53,56,61,78,98,105,112] [7,23,24,37,49,61,76,125] [9,15,56,65,96,97,99,116] [6,10,15,23,25,28,58,111] [17,20,36,48,86,90,100,107] [10,18,59,70,85,101,103,120] [8,17,36,45,65,73,81,124] [17,18,19,21,42,48,55,69] [24,31,32,36,64,68,74,114] [31,43,52,77,78,88,100,117] [0,39,47,53,73,90,107,121] [2,21,22,27,85,94,101,107] [11,34,38,84,97,98,102,103] [20,57,73,86,101,105,109,125]
